0.05900001525878906, -1e+100, 274195.41676687164
0.06999993324279785, -1e+100, 274195.41676687164
0.11400008201599121, -1e+100, 97138.59474042493
0.20600008964538574, -1e+100, 76684.5845839607
0.818000078201294, -1e+100, 65040.20540652963
1.3919999599456787, -1e+100, 61155.988193186466
1.5, -1e+100, 61155.988193186466
1.562000036239624, -1e+100, 61074.07069155814
1.6170001029968262, -1e+100, 61074.07069155814
1.625, -1e+100, 61074.07069155814
1.749000072479248, -1e+100, 61074.07069155814
1.8840000629425049, -1e+100, 61059.14824535009
1.8870000839233398, -1e+100, 61059.14824535009
1.933000087738037, -1e+100, 61059.14824535009
2.1510000228881836, -1e+100, 60876.14146481497
2.2179999351501465, -1e+100, 60876.14146481497
2.2799999713897705, -1e+100, 60876.14146481497
2.3399999141693115, -1e+100, 60876.14146481497
2.3420000076293945, -1e+100, 60876.14146481497
2.3440001010894775, -1e+100, 60876.14146481497
2.4720001220703125, -1e+100, 60876.14146481497
2.808000087738037, -1e+100, 60831.702814025375
2.997999906539917, -1e+100, 60831.702814025375
6.500999927520752, -1e+100, 56858.617805892565
6.677000045776367, -1e+100, 56830.79277077347
6.783999919891357, 41418.531009299244, 56729.49385317826
6.783999919891357, 41418.531009299244, 56729.49385317826
6.940999984741211, 41418.531009299244, 56687.28676999908
7.003999948501587, 43184.93563573567, 56687.28676999908
7.00600004196167, 43184.93563573567, 56687.28676999908
7.066999912261963, 43184.93563573567, 56687.28676999908
7.2190001010894775, 43184.93563573567, 56687.28676999908
7.394999980926514, 43184.93563573567, 56687.28676999908
7.551000118255615, 43185.79893455868, 56687.28676999908
7.755000114440918, 43185.79893455868, 56687.28676999908
7.878999948501587, 43185.79893455868, 56686.74002504887
7.88100004196167, 43185.79893455868, 56686.74002504887
7.884999990463257, 43185.79893455868, 56686.74002504887
7.950999975204468, 43185.79893455868, 56686.74002504887
7.95199990272522, 43185.79893455868, 56686.74002504887
8.026999950408936, 43185.79893455868, 56686.74002504887
8.035000085830688, 43185.79893455868, 56686.74002504887
8.085000038146973, 43185.79893455868, 56686.74002504887
8.1010000705719, 43185.79893455868, 56686.74002504887
8.161999940872192, 43185.79893455868, 56686.74002504887
8.233999967575073, 43185.79893455868, 56686.74002504887
8.233999967575073, 43185.79893455868, 56686.74002504887
8.30299997329712, 43185.79893455868, 56686.74002504887
8.30299997329712, 43185.79893455868, 56686.74002504887
8.384999990463257, 43185.79893455868, 56686.74002504887
8.398000001907349, 43185.93563573566, 56686.74002504887
8.729000091552734, 43185.93563573566, 56580.94380123047
8.729000091552734, 43185.93563573566, 56580.94380123047
8.729000091552734, 43185.93563573566, 56580.94380123047
8.729000091552734, 43185.93563573566, 56580.94380123047
8.729000091552734, 43185.93563573566, 56580.94380123047
8.911999940872192, 43185.93563573566, 56580.94380123047
8.914000034332275, 43185.93563573566, 56580.94380123047
9.039999961853027, 43185.93563573566, 56580.94380123047
9.039999961853027, 43185.93563573566, 56580.94380123047
9.25, 43185.93563573566, 56580.94380123047
9.25, 43185.93563573566, 56580.94380123047
9.375, 43185.93563573566, 56580.94380123047
9.377000093460083, 43185.93563573566, 56580.94380123047
9.378999948501587, 43185.93563573566, 56580.94380123047
9.38100004196167, 43185.93563573566, 56580.94380123047
9.384000062942505, 43185.93563573566, 56580.94380123047
9.608000040054321, 43185.93563573566, 56547.74192191664
9.740000009536743, 43185.93563573566, 56547.74192191664
9.740000009536743, 43185.93563573566, 56547.74192191664
9.882999897003174, 43185.93563573566, 56547.74192191664
10.035000085830688, 43185.93563573566, 56513.40480329068
10.039000034332275, 43185.93563573566, 56482.525721614984
10.207000017166138, 43185.93563573566, 56482.525721614984
10.329999923706055, 43185.93563573566, 56482.525721614984
10.345999956130981, 43185.93563573566, 56482.525721614984
10.48200011253357, 43185.93563573566, 56482.525721614984
10.601999998092651, 43185.93563573566, 56473.12294790406
10.601999998092651, 43185.93563573566, 56473.12294790406
10.900000095367432, 43185.93563573566, 56464.32458444507
10.900000095367432, 43185.93563573566, 56464.32458444507
11.210999965667725, 43185.93563573566, 56438.565067890835
11.214999914169312, 43185.93563573566, 56438.565067890835
11.217000007629395, 43185.93563573566, 56438.565067890835
11.574000120162964, 43185.93563573566, 56430.16801390865
11.730999946594238, 43185.93563573566, 56430.16801390865
11.730999946594238, 43185.93563573566, 56430.16801390865
11.875, 43185.93563573566, 56430.16801390865
11.875, 43185.93563573566, 56430.16801390865
11.875, 43185.93563573566, 56430.16801390865
12.056999921798706, 43185.93563573566, 56430.16801390865
12.059999942779541, 43185.93563573566, 56430.16801390865
12.062000036239624, 43185.93563573566, 56430.16801390865
12.063999891281128, 43185.93563573566, 56430.16801390865
12.065999984741211, 43185.93563573566, 56430.16801390865
12.069000005722046, 43185.93563573566, 56430.16801390865
12.299000024795532, 43185.93563573566, 56430.16801390865
12.54099988937378, 43185.93563573566, 56430.16801390865
12.542999982833862, 43185.93563573566, 56430.16801390865
12.54699993133545, 43185.93563573566, 56430.16801390865
12.549000024795532, 43185.93563573566, 56430.16801390865
12.55299997329712, 43185.93563573566, 56430.16801390865
12.785000085830688, 43185.93563573566, 56362.334883987
12.785000085830688, 43185.93563573566, 56300.86175138311
12.785000085830688, 43185.93563573566, 56300.86175138311
13.039999961853027, 43185.93563573566, 56300.86175138311
13.039999961853027, 43185.93563573566, 56300.86175138311
13.04699993133545, 43185.93563573566, 56300.86175138311
13.253999948501587, 43185.93563573566, 56300.86175138311
13.259000062942505, 43185.93563573566, 56300.86175138311
13.259000062942505, 43185.93563573566, 56300.86175138311
13.528000116348267, 43185.93563573566, 56300.86175138311
13.52999997138977, 43185.93563573566, 56300.86175138311
13.535000085830688, 43185.93563573566, 56293.868578293856
13.772000074386597, 43185.93563573566, 56293.868578293856
13.776000022888184, 43185.93563573566, 56293.868578293856
13.980000019073486, 43185.93563573566, 56293.868578293856
13.986000061035156, 43185.93563573566, 56293.868578293856
13.989000082015991, 43185.93563573566, 56293.868578293856
14.200999975204468, 43185.93563573566, 56293.868578293856
14.216000080108643, 43185.93563573566, 56293.868578293856
14.220999956130981, 43185.93563573566, 56293.868578293856
14.224999904632568, 43185.93563573566, 56276.202615676324
14.467000007629395, 43185.93563573566, 56276.202615676324
14.467000007629395, 43185.93563573566, 56276.202615676324
14.467000007629395, 43185.93563573566, 56276.202615676324
14.733999967575073, 43185.93563573566, 56225.7391439148
14.736999988555908, 43185.93563573566, 56225.7391439148
14.739000082015991, 43185.93563573566, 56225.7391439148
14.740999937057495, 43185.93563573566, 56225.7391439148
14.74399995803833, 43185.93563573566, 56225.7391439148
15.074000120162964, 43185.93563573566, 56225.7391439148
15.07800006866455, 43185.93563573566, 56225.7391439148
15.082000017166138, 43185.93563573566, 56225.7391439148
15.417999982833862, 43185.93563573566, 56207.06963148311
15.42199993133545, 43185.93563573566, 56207.06963148311
15.42199993133545, 43185.93563573566, 56207.06963148311
15.76799988746643, 43185.93563573566, 56207.06963148311
15.76799988746643, 43185.93563573566, 56135.488107948564
15.76799988746643, 43185.93563573566, 56135.488107948564
15.785000085830688, 43185.93563573566, 56135.488107948564
16.068000078201294, 43185.93563573566, 56135.488107948564
16.068000078201294, 43185.93563573566, 56110.4066865118
16.40499997138977, 43185.93563573566, 56093.490255641336
16.40499997138977, 43185.93563573566, 56090.651618760814
16.717000007629395, 43185.93563573566, 56070.7639621323
17.117000102996826, 43185.93563573566, 56070.7639621323
17.117000102996826, 43185.93563573566, 56070.7639621323
17.117000102996826, 43185.93563573566, 56070.7639621323
17.117000102996826, 43185.93563573566, 56070.7639621323
17.117000102996826, 43185.93563573566, 56070.7639621323
17.546000003814697, 43185.93563573566, 56070.7639621323
17.54800009727478, 43185.93563573566, 56070.7639621323
17.55399990081787, 43185.93563573566, 56070.7639621323
17.95199990272522, 43185.93563573566, 56070.7639621323
17.967000007629395, 43185.93563573566, 56070.7639621323
17.97000002861023, 43185.93563573566, 56054.75629148728
18.42300009727478, 43185.93563573566, 56054.75629148728
18.42799997329712, 43185.93563573566, 56054.75629148728
18.431999921798706, 43185.93563573566, 56054.75629148728
18.43499994277954, 43185.93563573566, 56054.75629148728
18.44000005722046, 43185.93563573566, 56054.75629148728
18.444999933242798, 43185.93563573566, 56054.75629148728
18.83400011062622, 43185.93563573566, 56054.75629148728
18.83400011062622, 43185.93563573566, 56054.75629148728
18.848000049591064, 43185.93563573566, 56054.75629148728
18.848000049591064, 43185.93563573566, 56004.45144727081
18.848000049591064, 43185.93563573566, 55960.59602110653
19.344000101089478, 43185.93563573566, 55959.74904764694
19.347000122070312, 43185.93563573566, 55959.74904764694
19.3510000705719, 43185.93563573566, 55959.74904764694
19.352999925613403, 43185.93563573566, 55959.74904764694
19.35700011253357, 43185.93563573566, 55959.74904764694
19.81599998474121, 43185.93563573566, 55959.74904764694
19.832000017166138, 43185.93563573566, 55959.74904764694
19.832000017166138, 43185.93563573566, 55959.74904764694
19.832000017166138, 43185.93563573566, 55959.74904764694
19.832000017166138, 43185.93563573566, 55959.74904764694
19.848000049591064, 43185.93563573566, 55959.74904764694
20.328999996185303, 43185.93563573566, 55910.26663271256
20.328999996185303, 43185.93563573566, 55910.26663271256
20.328999996185303, 43185.93563573566, 55910.26663271256
20.328999996185303, 43185.93563573566, 55910.26663271256
20.354000091552734, 43185.93563573566, 55884.0535408859
20.35599994659424, 43185.93563573566, 55884.0535408859
20.367000102996826, 43185.93563573566, 55884.0535408859
20.805999994277954, 43185.93563573566, 55884.0535408859
20.822999954223633, 43185.93563573566, 55884.0535408859
20.822999954223633, 43185.93563573566, 55884.0535408859
20.822999954223633, 43185.93563573566, 55884.0535408859
20.838000059127808, 43185.93563573566, 55884.0535408859
20.838000059127808, 43185.93563573566, 55849.269313369696
21.466000080108643, 43185.93563573566, 55849.269313369696
21.467000007629395, 43185.93563573566, 55849.269313369696
21.48200011253357, 43185.93563573566, 55849.269313369696
21.484999895095825, 43185.93563573566, 55849.269313369696
21.969000101089478, 43185.93563573566, 55849.269313369696
21.969000101089478, 43185.93563573566, 55849.269313369696
21.969000101089478, 43185.93563573566, 55849.269313369696
21.969000101089478, 43185.93563573566, 55849.269313369696
21.98799991607666, 43185.93563573566, 55849.269313369696
22.52500009536743, 43185.93563573566, 55849.269313369696
22.52500009536743, 43185.93563573566, 55849.269313369696
22.52500009536743, 43185.93563573566, 55849.269313369696
22.53600001335144, 43185.93563573566, 55801.38134669052
22.53600001335144, 43185.93563573566, 55801.38134669052
22.53600001335144, 43185.93563573566, 55782.364357115315
23.04800009727478, 43185.93563573566, 55774.6805325499
23.062999963760376, 43185.93563573566, 55758.078632214616
23.062999963760376, 43185.93563573566, 55758.078632214616
23.062999963760376, 43185.93563573566, 55758.078632214616
23.549999952316284, 43185.93563573566, 55758.078632214616
23.55399990081787, 43185.93563573566, 55758.078632214616
23.558000087738037, 43185.93563573566, 55758.078632214616
23.562999963760376, 43185.93563573566, 55758.078632214616
23.566999912261963, 43185.93563573566, 55692.441734083965
24.08899998664856, 43185.93563573566, 55692.441734083965
24.105000019073486, 43185.93563573566, 55692.441734083965
24.105000019073486, 43185.93563573566, 55669.42056578109
24.105000019073486, 43185.93563573566, 55669.42056578109
24.121000051498413, 43185.93563573566, 55669.42056578109
24.121000051498413, 43185.93563573566, 55669.42056578109
24.67799997329712, 43185.93563573566, 55669.42056578109
24.67799997329712, 43185.93563573566, 55669.42056578109
24.693000078201294, 43185.93563573566, 55669.42056578109
24.694000005722046, 43185.93563573566, 55669.42056578109
24.694000005722046, 43185.93563573566, 55669.42056578109
24.70799994468689, 43185.93563573566, 55669.42056578109
25.408999919891357, 43185.93563573566, 55669.42056578109
25.408999919891357, 43185.93563573566, 55582.67848151273
25.417999982833862, 43185.93563573566, 55582.67848151273
25.42300009727478, 43185.93563573566, 55582.67848151273
25.436000108718872, 43185.93563573566, 55582.67848151273
26.117000102996826, 43185.93563573566, 55582.67848151273
26.117000102996826, 43185.93563573566, 55582.67848151273
26.117000102996826, 43185.93563573566, 55582.67848151273
26.132999897003174, 43185.93563573566, 55582.67848151273
26.132999897003174, 43185.93563573566, 55526.87802665275
26.132999897003174, 43185.93563573566, 55526.87802665275
26.15000009536743, 43185.93563573566, 55526.87802665275
26.901000022888184, 43185.93563573566, 55502.68690928535
26.905999898910522, 43185.93563573566, 55502.68690928535
26.91000008583069, 43185.93563573566, 55502.68690928535
26.913000106811523, 43185.93563573566, 55502.68690928535
26.92199993133545, 43185.93563573566, 55502.68690928535
26.930999994277954, 43185.93563573566, 55473.41081821165
27.58299994468689, 43185.93563573566, 55473.41081821165
27.58299994468689, 43185.93563573566, 55473.41081821165
27.598999977111816, 43185.93563573566, 55473.41081821165
27.611000061035156, 43185.93563573566, 55391.88829227954
28.61899995803833, 43185.93563573566, 55384.72595130123
28.622999906539917, 43185.93563573566, 55384.72595130123
28.627000093460083, 43185.93563573566, 55384.72595130123
28.628000020980835, 43185.93563573566, 55384.72595130123
28.628000020980835, 43185.93563573566, 55384.72595130123
28.628000020980835, 43185.93563573566, 55384.72595130123
28.653000116348267, 43185.93563573566, 55347.897510501774
29.247999906539917, 43185.93563573566, 55336.39232937412
29.247999906539917, 43185.93563573566, 55280.36503155389
29.247999906539917, 43185.93563573566, 55280.36503155389
29.247999906539917, 43185.93563573566, 55280.36503155389
29.247999906539917, 43185.93563573566, 55280.36503155389
29.265000104904175, 43185.93563573566, 55280.36503155389
29.265000104904175, 43185.93563573566, 55280.36503155389
29.265000104904175, 43185.93563573566, 55280.36503155389
29.265000104904175, 43185.93563573566, 55280.36503155389
29.27900004386902, 43185.93563573566, 55280.36503155389
29.27900004386902, 43185.93563573566, 55280.36503155389
29.969000101089478, 43185.93563573566, 55280.36503155389
29.969000101089478, 43185.93563573566, 55280.36503155389
29.969000101089478, 43185.93563573566, 55280.36503155389
29.969000101089478, 43185.93563573566, 55280.36503155389
29.984999895095825, 43185.93563573566, 55280.36503155389
29.984999895095825, 43185.93563573566, 55280.30510590845
29.984999895095825, 43185.93563573566, 55280.30510590845
30.000999927520752, 43185.93563573566, 55280.30510590845
30.783999919891357, 43185.93563573566, 55280.30510590845
30.79200005531311, 43185.93563573566, 55268.47910893881
30.80299997329712, 43185.93563573566, 55268.47910893881
30.80299997329712, 43185.93563573566, 55268.47910893881
30.825000047683716, 43185.93563573566, 55189.62591037106
30.83299994468689, 43185.93563573566, 55189.62591037106
31.888000011444092, 43185.93563573566, 55189.62591037106
31.89199995994568, 43185.93563573566, 55189.62591037106
31.8989999294281, 43185.93563573566, 55189.62591037106
31.91100001335144, 43185.93563573566, 55189.62591037106
31.918999910354614, 43185.93563573566, 55189.62591037106
31.92199993133545, 43185.93563573566, 55189.62591037106
32.83500003814697, 43185.93563573566, 55189.62591037106
32.84299993515015, 43185.93563573566, 55189.62591037106
32.85800004005432, 43185.93563573566, 55104.63330644485
33.71499991416931, 43185.93563573566, 55104.63330644485
33.72699999809265, 43185.93563573566, 55072.33471266773
33.73399996757507, 43185.93563573566, 55072.33471266773
33.73799991607666, 43185.93563573566, 55072.33471266773
33.74399995803833, 43185.93563573566, 55072.33471266773
33.75, 43185.93563573566, 55072.33471266773
34.704999923706055, 43185.93563573566, 55072.33471266773
34.704999923706055, 43185.93563573566, 55072.33471266773
34.704999923706055, 43185.93563573566, 55072.33471266773
34.72099995613098, 43185.93563573566, 55072.33471266773
34.72099995613098, 43185.93563573566, 55072.33471266773
34.736000061035156, 43185.93563573566, 54943.104657060314
35.676000118255615, 43185.93563573566, 54943.104657060314
35.68499994277954, 43185.93563573566, 54943.104657060314
35.687999963760376, 43185.93563573566, 54943.104657060314
35.69099998474121, 43185.93563573566, 54943.104657060314
35.6949999332428, 43185.93563573566, 54943.104657060314
35.699000120162964, 43185.93563573566, 54914.28790459546
35.71199989318848, 43185.93563573566, 54907.38634800956
35.723000049591064, 43185.93563573566, 54907.38634800956
35.729000091552734, 43185.93563573566, 54907.38634800956
36.770999908447266, 43185.93563573566, 54907.38634800956
36.770999908447266, 43185.93563573566, 54907.38634800956
36.78699994087219, 43185.93563573566, 54907.38634800956
36.79200005531311, 43185.93563573566, 54907.38634800956
36.80200004577637, 43185.93563573566, 54907.38634800956
36.80200004577637, 43185.93563573566, 54907.38634800956
37.59100008010864, 43185.93563573566, 54907.38634800956
37.59500002861023, 43185.93563573566, 54884.89873820054
39.06100010871887, 43185.93563573566, 54884.89873820054
39.07100009918213, 43185.93563573566, 54884.89873820054
39.07699990272522, 43185.93563573566, 54884.89873820054
39.081000089645386, 43185.93563573566, 54864.3156202665
39.08899998664856, 43185.93563573566, 54864.3156202665
39.09400010108948, 43185.93563573566, 54864.3156202665
39.098000049591064, 43185.93563573566, 54864.3156202665
39.104000091552734, 43185.93563573566, 54833.213668822704
39.11199998855591, 43185.93563573566, 54833.213668822704
40.41499996185303, 43185.93563573566, 54833.213668822704
40.41499996185303, 43185.93563573566, 54833.213668822704
40.44000005722046, 43185.93563573566, 54820.35596136756
40.44000005722046, 43185.93563573566, 54820.35596136756
40.45099997520447, 43185.93563573566, 54820.35596136756
40.45199990272522, 43185.93563573566, 54820.35596136756
40.45199990272522, 43185.93563573566, 54820.35596136756
40.467000007629395, 43185.93563573566, 54820.35596136756
40.467000007629395, 43185.93563573566, 54820.35596136756
40.484999895095825, 43185.93563573566, 54759.85553715888
40.484999895095825, 43185.93563573566, 54759.85553715888
41.68600010871887, 43185.93563573566, 54759.85553715888
41.687999963760376, 43185.93563573566, 54759.85553715888
41.69199991226196, 43185.93563573566, 54759.85553715888
41.69600009918213, 43185.93563573566, 54759.85553715888
41.70300006866455, 43185.93563573566, 54759.85553715888
41.71300005912781, 43185.93563573566, 54699.84348748538
41.71900010108948, 43185.93563573566, 54694.965924667
41.71900010108948, 43185.93563573566, 54687.93059909956
43.31699991226196, 43185.93563573566, 54687.93059909956
43.3199999332428, 43185.93563573566, 54687.93059909956
43.32299995422363, 43185.93563573566, 54687.93059909956
43.324000120162964, 43185.93563573566, 54687.93059909956
43.33299994468689, 43185.93563573566, 54687.93059909956
43.34400010108948, 43185.93563573566, 54687.93059909956
43.355000019073486, 43185.93563573566, 54687.93059909956
44.700000047683716, 43185.93563573566, 54649.170228796
44.700000047683716, 43185.93563573566, 54618.310287575725
44.717000007629395, 43185.93563573566, 54618.310287575725
44.717000007629395, 43185.93563573566, 54618.310287575725
44.73300004005432, 43185.93563573566, 54618.310287575725
44.73900008201599, 43185.93563573566, 54618.310287575725
44.73900008201599, 43185.93563573566, 54618.310287575725
45.92700004577637, 43185.93563573566, 54565.579794395024
45.930999994277954, 43185.93563573566, 54565.579794395024
45.93400001525879, 43185.93563573566, 54565.579794395024
45.937000036239624, 43185.93563573566, 54565.579794395024
45.93899989128113, 43185.93563573566, 54565.579794395024
45.93899989128113, 43185.93563573566, 54565.579794395024
45.950000047683716, 43185.93563573566, 54565.579794395024
45.950000047683716, 43185.93563573566, 54565.579794395024
45.950000047683716, 43185.93563573566, 54565.579794395024
45.950000047683716, 43185.93563573566, 54565.579794395024
45.967000007629395, 43185.93563573566, 54539.80987071426
45.967000007629395, 43185.93563573566, 54538.90431159678
45.984999895095825, 43185.93563573566, 54538.90431159678
45.984999895095825, 43185.93563573566, 54536.30731973095
47.27900004386902, 43185.93563573566, 54521.44035444354
47.28699994087219, 43185.93563573566, 54521.44035444354
47.30399990081787, 43185.93563573566, 54511.29389224908
47.312999963760376, 43185.93563573566, 54511.29389224908
47.32200002670288, 43185.93563573566, 54511.29389224908
48.617000102996826, 43185.93563573566, 54497.989852467224
48.62100005149841, 43185.93563573566, 54497.989852467224
48.62100005149841, 43185.93563573566, 54497.989852467224
48.63199996948242, 43185.93563573566, 54490.760427554946
48.63700008392334, 43185.93563573566, 54490.760427554946
48.63700008392334, 43185.93563573566, 54490.760427554946
48.6489999294281, 43185.93563573566, 54490.760427554946
48.651999950408936, 43185.93563573566, 54490.760427554946
48.65300011634827, 43185.93563573566, 54490.760427554946
48.65300011634827, 43185.93563573566, 54490.760427554946
48.6710000038147, 43185.93563573566, 54490.760427554946
50.168999910354614, 43185.93563573566, 54475.2956995962
50.17799997329712, 43185.93563573566, 54472.761107862476
50.181999921798706, 43185.93563573566, 54472.761107862476
50.193000078201294, 43185.93563573566, 54463.88722050462
50.20900011062622, 43185.93563573566, 54463.88722050462
51.480000019073486, 43185.93563573566, 54463.88722050462
51.48799991607666, 43185.93563573566, 54463.88722050462
51.49300003051758, 43185.93563573566, 54455.89878200632
51.50399994850159, 43185.93563573566, 54455.89878200632
51.51099991798401, 43185.93563573566, 54455.89878200632
51.5239999294281, 43185.93563573566, 54455.89878200632
51.52900004386902, 43185.93563573566, 54455.89878200632
51.54099988937378, 43185.93563573566, 54455.89878200632
51.556999921798706, 43185.93563573566, 54433.4538478508
51.56500005722046, 43185.93563573566, 54420.95293042113
52.93899989128113, 43185.93563573566, 54420.95293042113
52.93899989128113, 43185.93563573566, 54420.95293042113
52.93899989128113, 43185.93563573566, 54420.95293042113
52.950000047683716, 43185.93563573566, 54418.93397539852
52.95700001716614, 43185.93563573566, 54418.93397539852
52.96199989318848, 43185.93563573566, 54418.93397539852
52.96900010108948, 43185.93563573566, 54418.93397539852
52.973999977111816, 43185.93563573566, 54418.93397539852
52.98399996757507, 43185.93563573566, 54418.93397539852
52.992000102996826, 43185.93563573566, 54418.93397539852
53.00200009346008, 43185.93563573566, 54418.93397539852
54.40000009536743, 43185.93563573566, 54418.93397539852
54.40599989891052, 43185.93563573566, 54418.93397539852
54.41000008583069, 43185.93563573566, 54402.51947092241
54.41499996185303, 43185.93563573566, 54402.51947092241
54.418999910354614, 43185.93563573566, 54402.51947092241
54.424999952316284, 43185.93563573566, 54402.51947092241
54.4300000667572, 43185.93563573566, 54402.51947092241
54.443000078201294, 43185.93563573566, 54402.51947092241
54.44799995422363, 43185.93563573566, 54402.51947092241
55.67300009727478, 43185.93563573566, 54370.986745546536
55.67899990081787, 43185.93563573566, 54370.986745546536
55.68300008773804, 43185.93563573566, 54370.986745546536
55.687000036239624, 43185.93563573566, 54370.986745546536
55.69199991226196, 43185.93563573566, 54370.986745546536
55.70300006866455, 43185.93563573566, 54370.986745546536
55.710999965667725, 43185.93563573566, 54370.986745546536
55.71600008010864, 43185.93563573566, 54370.986745546536
55.72099995613098, 43185.93563573566, 54370.986745546536
57.0, 43185.93563573566, 54361.35528022725
57.00200009346008, 43185.93563573566, 54361.35528022725
57.00200009346008, 43185.93563573566, 54361.35528022725
57.01099991798401, 43185.93563573566, 54361.35528022725
57.01900005340576, 43185.93563573566, 54361.35528022725
57.02500009536743, 43185.93563573566, 54361.35528022725
57.03699994087219, 43185.93563573566, 54361.35528022725
57.04099988937378, 43185.93563573566, 54361.35528022725
57.05200004577637, 43185.93563573566, 54361.35528022725
58.7279999256134, 43185.93563573566, 54361.35528022725
58.73200011253357, 43185.93563573566, 54361.35528022725
58.73399996757507, 43185.93563573566, 54361.35528022725
58.73799991607666, 43185.93563573566, 54310.457226264036
58.74399995803833, 43185.93563573566, 54310.457226264036
58.74799990653992, 43185.93563573566, 54310.457226264036
58.75399994850159, 43185.93563573566, 54310.457226264036
59.960999965667725, 43185.93563573566, 54310.457226264036
59.96399998664856, 43185.93563573566, 54310.457226264036
59.96799993515015, 43185.93563573566, 54310.457226264036
59.973000049591064, 43185.93563573566, 54310.457226264036
59.98300004005432, 43185.93563573566, 54272.173303225296
59.98300004005432, 43185.93563573566, 54272.173303225296
61.16100001335144, 43185.93563573566, 54272.173303225296
61.16100001335144, 43185.93563573566, 54272.173303225296
61.16100001335144, 43185.93563573566, 54272.173303225296
61.17799997329712, 43185.93563573566, 54272.173303225296
61.181999921798706, 43185.93563573566, 54272.173303225296
61.18899989128113, 43185.93563573566, 54272.173303225296
61.20099997520447, 43185.93563573566, 54272.173303225296
61.20700001716614, 43185.93563573566, 54272.173303225296
62.26799988746643, 43185.93563573566, 54255.70059016797
62.2720000743866, 43185.93563573566, 54255.70059016797
62.276000022888184, 43185.93563573566, 54255.70059016797
62.28399991989136, 43185.93563573566, 54246.70984348448
62.28999996185303, 43185.93563573566, 54246.70984348448
62.29200005531311, 43185.93563573566, 54246.70984348448
63.47200012207031, 43185.93563573566, 54246.70984348448
63.4760000705719, 43185.93563573566, 54246.70984348448
63.479000091552734, 43185.93563573566, 54246.70984348448
63.48200011253357, 43185.93563573566, 54246.70984348448
63.486000061035156, 43185.93563573566, 54246.70984348448
63.492000102996826, 43185.93563573566, 54246.70984348448
63.49600005149841, 43185.93563573566, 54246.70984348448
63.5, 43185.93563573566, 54246.70984348448
63.50600004196167, 43185.93563573566, 54246.70984348448
63.51300001144409, 43185.93563573566, 54226.23086764187
63.51799988746643, 43185.93563573566, 54225.13360520429
63.51799988746643, 43185.93563573566, 54216.2768332053
63.53399991989136, 43185.93563573566, 54195.649974178166
63.53399991989136, 43185.93563573566, 54195.649974178166
64.69799995422363, 43185.93563573566, 54195.02553951326
64.7170000076294, 43185.93563573566, 54190.8764596706
64.72099995613098, 43185.93563573566, 54190.8764596706
64.72499990463257, 43185.93563573566, 54190.8764596706
64.72699999809265, 43185.93563573566, 54190.01395992186
64.72900009155273, 43185.93563573566, 54190.01395992186
64.73600006103516, 43185.93563573566, 54190.01395992186
64.74000000953674, 43185.93563573566, 54190.01395992186
64.74600005149841, 43185.93563573566, 54190.01395992186
64.74600005149841, 43185.93563573566, 54190.01395992186
64.76200008392334, 43185.93563573566, 54190.01395992186
64.76200008392334, 43185.93563573566, 54178.032744606804
66.2170000076294, 43185.93563573566, 54178.032744606804
66.23200011253357, 43185.93563573566, 54178.032744606804
66.23600006103516, 43185.93563573566, 54178.032744606804
66.24300003051758, 43185.93563573566, 54178.032744606804
66.26099991798401, 43185.93563573566, 54173.22407615645
66.28099989891052, 43185.93563573566, 54173.22407615645
66.29699993133545, 43185.93563573566, 54172.65235405618
66.31100010871887, 43185.93563573566, 54172.36485890856
67.70700001716614, 43185.93563573566, 54172.36485890856
67.70700001716614, 43185.93563573566, 54167.780579782004
67.72499990463257, 43185.93563573566, 54167.780579782004
67.72499990463257, 43185.93563573566, 54167.780579782004
67.72499990463257, 43185.93563573566, 54167.780579782004
67.73900008201599, 43185.93563573566, 54167.780579782004
68.99000000953674, 43185.93563573566, 54167.780579782004
68.99499988555908, 43185.93563573566, 54167.780579782004
68.99900007247925, 43185.93563573566, 54150.97429607559
69.0, 43185.93563573566, 54150.97429607559
69.0, 43185.93563573566, 54149.31487282537
69.01699995994568, 43185.93563573566, 54148.2230733262
69.01699995994568, 43185.93563573566, 54146.1144385119
69.01699995994568, 43185.93563573566, 54146.1144385119
70.27999997138977, 43185.93563573566, 54146.1144385119
70.29900002479553, 43185.93563573566, 54146.1144385119
70.30200004577637, 43185.93563573566, 54146.1144385119
70.31299996376038, 43185.93563573566, 54146.1144385119
70.31599998474121, 43185.93563573566, 54146.1144385119
70.32100009918213, 43185.93563573566, 54146.1144385119
70.32500004768372, 43185.93563573566, 54146.1144385119
70.33200001716614, 43185.93563573566, 54146.1144385119
70.33699989318848, 43185.93563573566, 54146.1144385119
70.34500002861023, 43185.93563573566, 54146.1144385119
72.06699991226196, 43185.93563573566, 54146.1144385119
72.07299995422363, 43185.93563573566, 54146.1144385119
72.07800006866455, 43185.93563573566, 54146.1144385119
72.08299994468689, 43185.93563573566, 54146.1144385119
72.10400009155273, 43185.93563573566, 54146.1144385119
72.11100006103516, 43185.93563573566, 54146.1144385119
72.12400007247925, 43185.93563573566, 54146.1144385119
72.13100004196167, 43185.93563573566, 54146.1144385119
72.14400005340576, 43185.93563573566, 54146.1144385119
72.15100002288818, 43185.93563573566, 54146.1144385119
72.15599989891052, 43185.93563573566, 54146.1144385119
72.16799998283386, 43185.93563573566, 54146.1144385119
74.07400012016296, 43185.93563573566, 54146.1144385119
74.08100008964539, 43185.93563573566, 54146.1144385119
74.08800005912781, 43185.93563573566, 54146.1144385119
74.09500002861023, 43185.93563573566, 54146.1144385119
74.11100006103516, 43185.93563573566, 54122.28391193721
74.11899995803833, 43185.93563573566, 54122.28391193721
75.7039999961853, 43185.93563573566, 54107.116879219524
75.7039999961853, 43185.93563573566, 54107.116879219524
75.7170000076294, 43185.93563573566, 54107.116879219524
75.72399997711182, 43185.93563573566, 54107.116879219524
75.74499988555908, 43185.93563573566, 54107.116879219524
75.75, 43185.93563573566, 54107.116879219524
75.75399994850159, 43185.93563573566, 54107.116879219524
75.7720000743866, 43185.93563573566, 54107.116879219524
75.77900004386902, 43185.93563573566, 54107.116879219524
75.79099988937378, 43185.93563573566, 54107.116879219524
75.79699993133545, 43185.93563573566, 54107.116879219524
75.80299997329712, 43185.93563573566, 54107.116879219524
77.40499997138977, 43185.93563573566, 54107.116879219524
77.42000007629395, 43185.93563573566, 54107.116879219524
77.42600011825562, 43185.93563573566, 54075.1025551612
77.43600010871887, 43185.93563573566, 54075.1025551612
77.44400000572205, 43185.93563573566, 54057.493636704785
77.4539999961853, 43185.93563573566, 54057.493636704785
77.46799993515015, 43185.93563573566, 54050.60191542588
77.48499989509583, 43185.93563573566, 54050.60191542588
79.54999995231628, 43185.93563573566, 54050.60191542588
79.54999995231628, 43185.93563573566, 54050.60191542588
79.56699991226196, 43185.93563573566, 54040.4978756765
79.56699991226196, 43185.93563573566, 54039.301402474804
79.58299994468689, 43185.93563573566, 54038.80358210185
79.59400010108948, 43185.93563573566, 54038.80358210185
80.95199990272522, 43185.93563573566, 54038.80358210185
80.96799993515015, 43185.93563573566, 54038.80358210185
80.96799993515015, 43185.93563573566, 54038.80358210185
80.98300004005432, 43185.93563573566, 54038.80358210185
81.0, 43185.93563573566, 54038.80358210185
81.01600003242493, 43185.93563573566, 54033.3585736068
81.02900004386902, 43185.93563573566, 54033.017124527774
82.45099997520447, 43185.93563573566, 54020.3338227124
82.45099997520447, 43185.93563573566, 54020.3338227124
82.46799993515015, 43185.93563573566, 54020.3338227124
82.48300004005432, 43185.93563573566, 54020.3338227124
82.50799989700317, 43185.93563573566, 54020.3338227124
82.51799988746643, 43185.93563573566, 54020.3338227124
83.96300005912781, 43185.93563573566, 54001.14541758198
83.97200012207031, 43185.93563573566, 54001.14541758198
83.97699999809265, 43185.93563573566, 54001.14541758198
83.98499989509583, 43185.93563573566, 54001.14541758198
83.99499988555908, 43185.93563573566, 53999.7238854008
84.01099991798401, 43185.93563573566, 53999.7238854008
84.01999998092651, 43185.93563573566, 53999.7238854008
84.04099988937378, 43185.93563573566, 53997.65743146858
85.41499996185303, 43185.93563573566, 53997.65743146858
85.42300009727478, 43185.93563573566, 53997.65743146858
85.42799997329712, 43185.93563573566, 53997.65743146858
85.43300008773804, 43185.93563573566, 53997.65743146858
85.43400001525879, 43185.93563573566, 53997.65743146858
85.43400001525879, 43185.93563573566, 53997.65743146858
85.45099997520447, 43185.93563573566, 53997.65743146858
85.45600008964539, 43185.93563573566, 53997.65743146858
85.46799993515015, 43185.93563573566, 53997.65743146858
85.48000001907349, 43185.93563573566, 53997.65743146858
85.48399996757507, 43185.93563573566, 53997.65743146858
85.48399996757507, 43185.93563573566, 53997.65743146858
85.50099992752075, 43185.93563573566, 53986.313176191616
85.50099992752075, 43185.93563573566, 53986.313176191616
85.51399993896484, 43185.93563573566, 53986.313176191616
85.51799988746643, 43185.93563573566, 53977.45358648526
87.02600002288818, 43185.93563573566, 53977.45358648526
87.02999997138977, 43185.93563573566, 53976.78104212455
87.03399991989136, 43185.93563573566, 53976.78104212455
87.04099988937378, 43185.93563573566, 53973.32976537884
87.04999995231628, 43185.93563573566, 53973.32976537884
87.0680000782013, 43185.93563573566, 53973.32976537884
87.07999992370605, 43185.93563573566, 53965.39940992028
87.08400011062622, 43185.93563573566, 53965.39940992028
88.41700005531311, 43185.93563573566, 53965.39940992028
88.43700003623962, 43185.93563573566, 53965.39940992028
88.4430000782013, 43185.93563573566, 53965.39940992028
88.44799995422363, 43185.93563573566, 53965.39940992028
88.45300006866455, 43185.93563573566, 53965.39940992028
88.46099996566772, 43185.93563573566, 53965.39940992028
88.46799993515015, 43185.93563573566, 53965.39940992028
88.48900008201599, 43185.93563573566, 53965.39940992028
89.90199995040894, 43185.93563573566, 53940.98550230682
89.90199995040894, 43185.93563573566, 53940.98550230682
89.91700005531311, 43185.93563573566, 53940.98550230682
89.9300000667572, 43185.93563573566, 53940.12684412146
89.93499994277954, 43185.93563573566, 53940.12684412146
89.95099997520447, 43185.93563573566, 53939.2387644119
89.95900011062622, 43185.93563573566, 53939.2387644119
89.96499991416931, 43185.93563573566, 53939.2387644119
89.97399997711182, 43185.93563573566, 53939.2387644119
91.36800003051758, 43185.93563573566, 53939.2387644119
91.38299989700317, 43185.93563573566, 53929.912343426695
91.38700008392334, 43185.93563573566, 53929.912343426695
91.40000009536743, 43185.93563573566, 53929.912343426695
91.40599989891052, 43185.93563573566, 53923.05937727911
91.41799998283386, 43185.93563573566, 53922.186401317515
91.43400001525879, 43185.93563573566, 53922.186401317515
91.44099998474121, 43185.93563573566, 53922.186401317515
91.46099996566772, 43185.93563573566, 53920.60826885251
92.81699991226196, 43185.93563573566, 53912.98860217293
92.81699991226196, 43185.93563573566, 53912.98860217293
92.81699991226196, 43185.93563573566, 53912.98860217293
92.83299994468689, 43185.93563573566, 53912.98860217293
92.85199999809265, 43185.93563573566, 53912.05711654378
92.85700011253357, 43185.93563573566, 53912.05711654378
92.86800003051758, 43185.93563573566, 53909.33321105124
94.25, 43185.93563573566, 53909.33321105124
94.25, 43185.93563573566, 53909.33321105124
94.25, 43185.93563573566, 53909.33321105124
94.26999998092651, 43185.93563573566, 53909.33321105124
94.2829999923706, 43185.93563573566, 53909.33321105124
94.29399991035461, 43185.93563573566, 53909.33321105124
94.3050000667572, 43185.93563573566, 53909.33321105124
94.30900001525879, 43185.93563573566, 53909.33321105124
94.31500005722046, 43185.93563573566, 53909.33321105124
94.3180000782013, 43185.93563573566, 53909.33321105124
94.33500003814697, 43185.93563573566, 53909.33321105124
94.3420000076294, 43185.93563573566, 53909.33321105124
94.34800004959106, 43185.93563573566, 53909.33321105124
94.3510000705719, 43185.93563573566, 53895.89014439488
95.85800004005432, 43185.93563573566, 53889.57673894268
95.86500000953674, 43185.93563573566, 53889.57673894268
95.87599992752075, 43185.93563573566, 53889.57673894268
95.88199996948242, 43185.93563573566, 53889.57673894268
95.88800001144409, 43185.93563573566, 53889.57673894268
95.89400005340576, 43185.93563573566, 53889.26320715367
95.90000009536743, 43185.93563573566, 53888.04229999038
95.90100002288818, 43185.93563573566, 53888.04229999038
95.92000007629395, 43185.93563573566, 53888.04229999038
97.35199999809265, 43185.93563573566, 53882.34476514374
97.36700010299683, 43185.93563573566, 53882.34476514374
97.36800003051758, 43185.93563573566, 53882.34476514374
97.36800003051758, 43185.93563573566, 53882.34476514374
97.38499999046326, 43185.93563573566, 53882.34476514374
97.39400005340576, 43185.93563573566, 53882.13215145011
97.40100002288818, 43185.93563573566, 53882.13215145011
97.40100002288818, 43185.93563573566, 53882.13215145011
97.42199993133545, 43185.93563573566, 53882.13215145011
97.43300008773804, 43185.93563573566, 53882.13215145011
98.95099997520447, 43185.93563573566, 53882.13215145011
98.96600008010864, 43185.93563573566, 53882.13215145011
98.96600008010864, 43185.93563573566, 53882.13215145011
98.97900009155273, 43185.93563573566, 53882.13215145011
99.0, 43185.93563573566, 53882.13215145011
99.0, 43185.93563573566, 53882.13215145011
99.0, 43185.93563573566, 53882.13215145011
99.0220000743866, 43185.93563573566, 53880.43033848391
99.03200006484985, 43185.93563573566, 53878.36024826662
99.04099988937378, 43185.93563573566, 53878.36024826662
99.0460000038147, 43185.93563573566, 53878.36024826662
99.05299997329712, 43185.93563573566, 53878.36024826662
99.06200003623962, 43185.93563573566, 53878.36024826662
99.06699991226196, 43185.93563573566, 53878.36024826662
99.06699991226196, 43185.93563573566, 53878.36024826662
99.06699991226196, 43185.93563573566, 53878.36024826662
100.47399997711182, 43185.93563573566, 53878.36024826662
100.48200011253357, 43185.93563573566, 53870.65234556484
100.49000000953674, 43185.93563573566, 53870.65234556484
100.49499988555908, 43185.93563573566, 53870.65234556484
100.50200009346008, 43185.93563573566, 53870.65234556484
100.50399994850159, 43185.93563573566, 53870.65234556484
100.51699995994568, 43185.93563573566, 53870.65234556484
100.51699995994568, 43185.93563573566, 53870.65234556484
100.53699994087219, 43185.93563573566, 53870.65234556484
100.54699993133545, 43185.93563573566, 53865.6930580083
101.95099997520447, 43185.93563573566, 53865.6930580083
101.95099997520447, 43185.93563573566, 53864.691847128706
101.9670000076294, 43185.93563573566, 53864.691847128706
101.98300004005432, 43185.93563573566, 53864.24510137462
101.98300004005432, 43185.93563573566, 53861.02582885719
102.00200009346008, 43185.93563573566, 53861.02582885719
102.00200009346008, 43185.93563573566, 53860.85256665262
102.01900005340576, 43185.93563573566, 53860.85256665262
103.43499994277954, 43185.93563573566, 53860.85256665262
103.45099997520447, 43185.93563573566, 53859.39579548116
103.45099997520447, 43185.93563573566, 53859.39579548116
103.45099997520447, 43185.93563573566, 53859.39579548116
103.46799993515015, 43185.93563573566, 53859.39579548116
103.46799993515015, 43185.93563573566, 53859.39579548116
103.46799993515015, 43185.93563573566, 53859.39579548116
103.48300004005432, 43185.93563573566, 53859.39579548116
103.48499989509583, 43185.93563573566, 53859.39579548116
103.48499989509583, 43185.93563573566, 53859.39579548116
103.48499989509583, 43185.93563573566, 53859.39579548116
103.50099992752075, 43185.93563573566, 53859.39579548116
103.50099992752075, 43185.93563573566, 53858.78623626307
103.51799988746643, 43185.93563573566, 53858.78623626307
103.53200006484985, 43185.93563573566, 53858.78623626307
103.54099988937378, 43185.93563573566, 53858.78623626307
103.55100011825562, 43185.93563573566, 53858.78623626307
103.5550000667572, 43185.93563573566, 53858.78623626307
104.95000004768372, 43185.93563573566, 53854.24918826463
104.95000004768372, 43185.93563573566, 53854.24918826463
104.9670000076294, 43185.93563573566, 53854.24918826463
104.9760000705719, 43185.93563573566, 53854.24918826463
104.98699998855591, 43185.93563573566, 53853.531035462984
104.9909999370575, 43185.93563573566, 53853.531035462984
104.99900007247925, 43185.93563573566, 53853.531035462984
105.00099992752075, 43185.93563573566, 53853.531035462984
105.01200008392334, 43185.93563573566, 53853.531035462984
105.01799988746643, 43185.93563573566, 53853.531035462984
105.01799988746643, 43185.93563573566, 53853.531035462984
106.48399996757507, 43185.93563573566, 53853.531035462984
106.4909999370575, 43185.93563573566, 53851.2054964905
106.49499988555908, 43185.93563573566, 53849.720514735876
106.50300002098083, 43185.93563573566, 53849.720514735876
106.50999999046326, 43185.93563573566, 53849.720514735876
106.51999998092651, 43185.93563573566, 53849.720514735876
106.53800010681152, 43185.93563573566, 53849.720514735876
106.55299997329712, 43185.93563573566, 53849.720514735876
106.56299996376038, 43185.93563573566, 53849.720514735876
108.03800010681152, 43185.93563573566, 53849.720514735876
108.03800010681152, 43185.93563573566, 53849.720514735876
108.05100011825562, 43185.93563573566, 53849.720514735876
108.05599999427795, 43185.93563573566, 53846.39866060926
108.05999994277954, 43185.93563573566, 53846.39866060926
108.06599998474121, 43185.93563573566, 53846.39866060926
108.07100009918213, 43185.93563573566, 53846.39866060926
108.07800006866455, 43185.93563573566, 53846.39866060926
108.08500003814697, 43185.93563573566, 53846.39866060926
108.08500003814697, 43185.93563573566, 53846.39866060926
108.08500003814697, 43185.93563573566, 53846.39866060926
108.10400009155273, 43185.93563573566, 53846.39866060926
108.10800004005432, 43185.93563573566, 53846.39866060926
108.11199998855591, 43185.93563573566, 53846.39866060926
109.66000008583069, 43185.93563573566, 53846.39866060926
109.66700005531311, 43185.93563573566, 53842.315450526534
109.66799998283386, 43185.93563573566, 53842.315450526534
109.66799998283386, 43185.93563573566, 53842.315450526534
109.68300008773804, 43185.93563573566, 53838.15177932978
109.68300008773804, 43185.93563573566, 53837.58297704844
109.70099997520447, 43185.93563573566, 53837.58297704844
111.1010000705719, 43185.93563573566, 53837.58297704844
111.11800003051758, 43185.93563573566, 53837.58297704844
111.11800003051758, 43185.93563573566, 53837.58297704844
111.11800003051758, 43185.93563573566, 53837.58297704844
111.1340000629425, 43185.93563573566, 53837.58297704844
111.15599989891052, 43185.93563573566, 53837.58297704844
111.15599989891052, 43185.93563573566, 53837.58297704844
111.15599989891052, 43185.93563573566, 53837.58297704844
111.16799998283386, 43185.93563573566, 53825.87806931919
112.80299997329712, 43185.93563573566, 53825.87806931919
112.80900001525879, 43185.93563573566, 53825.87806931919
112.81299996376038, 43185.93563573566, 53825.87806931919
112.8199999332428, 43185.93563573566, 53825.205744820814
112.82500004768372, 43185.93563573566, 53825.205744820814
112.8289999961853, 43185.93563573566, 53825.205744820814
112.83299994468689, 43185.93563573566, 53825.205744820814
112.83800005912781, 43185.93563573566, 53825.205744820814
112.84500002861023, 43185.93563573566, 53825.205744820814
112.86700010299683, 43185.93563573566, 53818.54138548946
112.86800003051758, 43185.93563573566, 53817.67560152179
112.88499999046326, 43185.93563573566, 53817.67560152179
112.88899993896484, 43185.93563573566, 53817.67560152179
112.89499998092651, 43185.93563573566, 53817.67560152179
112.8989999294281, 43185.93563573566, 53817.67560152179
114.31699991226196, 43185.93563573566, 53815.262072357924
114.33500003814697, 43185.93563573566, 53815.262072357924
114.33500003814697, 43185.93563573566, 53815.262072357924
114.3510000705719, 43185.93563573566, 53815.262072357924
114.3510000705719, 43185.93563573566, 53815.262072357924
114.36800003051758, 43185.93563573566, 53815.262072357924
114.37800002098083, 43185.93563573566, 53815.262072357924
114.3840000629425, 43185.93563573566, 53815.262072357924
114.39000010490417, 43185.93563573566, 53815.262072357924
115.83299994468689, 43185.93563573566, 53815.262072357924
115.84400010108948, 43185.93563573566, 53815.262072357924
115.84899997711182, 43185.93563573566, 53815.262072357924
115.8510000705719, 43185.93563573566, 53815.262072357924
115.8510000705719, 43185.93563573566, 53815.262072357924
115.8510000705719, 43185.93563573566, 53810.50224313071
115.86700010299683, 43185.93563573566, 53810.50224313071
115.87400007247925, 43185.93563573566, 53810.50224313071
115.87800002098083, 43185.93563573566, 53810.50224313071
115.88899993896484, 43185.93563573566, 53804.36844435327
115.8970000743866, 43185.93563573566, 53804.36844435327
115.90499997138977, 43185.93563573566, 53803.52552847575
115.91799998283386, 43185.93563573566, 53796.176524991
117.38299989700317, 43185.93563573566, 53796.176524991
117.38299989700317, 43185.93563573566, 53796.176524991
117.39599990844727, 43185.93563573566, 53796.176524991
117.40000009536743, 43185.93563573566, 53796.176524991
117.41100001335144, 43185.93563573566, 53796.176524991
117.41899991035461, 43185.93563573566, 53796.176524991
117.43099999427795, 43185.93563573566, 53796.176524991
117.44700002670288, 43185.93563573566, 53792.35847050492
117.45799994468689, 43185.93563573566, 53792.35847050492
117.46799993515015, 43185.93563573566, 53792.35847050492
117.46799993515015, 43185.93563573566, 53785.91357723462
117.48600006103516, 43185.93563573566, 53785.91357723462
119.30100011825562, 43185.93563573566, 53785.91357723462
119.30100011825562, 43185.93563573566, 53785.91357723462
119.30100011825562, 43185.93563573566, 53785.91357723462
119.31699991226196, 43185.93563573566, 53785.91357723462
119.32299995422363, 43185.93563573566, 53785.91357723462
119.32299995422363, 43185.93563573566, 53785.91357723462
119.33299994468689, 43185.93563573566, 53785.7117151799
119.33299994468689, 43185.93563573566, 53785.7117151799
119.33299994468689, 43185.93563573566, 53785.7117151799
119.3510000705719, 43185.93563573566, 53785.7117151799
119.36700010299683, 43185.93563573566, 53785.7117151799
120.86800003051758, 43185.93563573566, 53785.7117151799
120.86800003051758, 43185.93563573566, 53785.7117151799
120.88499999046326, 43185.93563573566, 53785.7117151799
120.88499999046326, 43185.93563573566, 53785.7117151799
120.88499999046326, 43185.93563573566, 53785.7117151799
120.90100002288818, 43185.93563573566, 53785.7117151799
120.91000008583069, 43185.93563573566, 53785.7117151799
120.92799997329712, 43185.93563573566, 53785.7117151799
120.94000005722046, 43185.93563573566, 53785.7117151799
120.95199990272522, 43185.93563573566, 53785.7117151799
120.9539999961853, 43185.93563573566, 53785.7117151799
122.37299990653992, 43185.93563573566, 53785.7117151799
122.37800002098083, 43185.93563573566, 53785.7117151799
122.38199996948242, 43185.93563573566, 53785.7117151799
122.38599991798401, 43185.93563573566, 53785.7117151799
122.38599991798401, 43185.93563573566, 53785.7117151799
122.38599991798401, 43185.93563573566, 53780.51229165104
122.41300010681152, 43185.93563573566, 53780.51229165104
122.42199993133545, 43185.93563573566, 53777.643344772776
122.43300008773804, 43185.93563573566, 53777.643344772776
123.99300003051758, 43185.93563573566, 53773.36187046635
123.99900007247925, 43185.93563573566, 53773.36187046635
124.00099992752075, 43185.93563573566, 53773.36187046635
124.00099992752075, 43185.93563573566, 53773.36187046635
124.01699995994568, 43185.93563573566, 53773.36187046635
124.01799988746643, 43185.93563573566, 53773.36187046635
124.03500008583069, 43185.93563573566, 53773.36187046635
124.04500007629395, 43185.93563573566, 53773.36187046635
125.58500003814697, 43185.93563573566, 53767.59881970388
125.58500003814697, 43185.93563573566, 53764.7851573506
125.58500003814697, 43185.93563573566, 53764.7851573506
125.60199999809265, 43185.93563573566, 53764.7851573506
125.60199999809265, 43185.93563573566, 53764.7851573506
125.61299991607666, 43185.93563573566, 53764.7851573506
125.61700010299683, 43185.93563573566, 53764.7851573506
125.62400007247925, 43185.93563573566, 53764.7851573506
125.6340000629425, 43185.93563573566, 53764.7851573506
125.64199995994568, 43185.93563573566, 53764.7851573506
125.65100002288818, 43185.93563573566, 53764.7851573506
127.3510000705719, 43185.93563573566, 53764.7851573506
127.3510000705719, 43185.93563573566, 53764.7851573506
127.36700010299683, 43185.93563573566, 53764.7851573506
127.36700010299683, 43185.93563573566, 53764.7851573506
127.36700010299683, 43185.93563573566, 53764.7851573506
127.38499999046326, 43185.93563573566, 53764.7851573506
127.38499999046326, 43185.93563573566, 53764.7851573506
127.38499999046326, 43185.93563573566, 53764.7851573506
127.3989999294281, 43185.93563573566, 53764.7851573506
127.40100002288818, 43185.93563573566, 53764.7851573506
127.41799998283386, 43185.93563573566, 53764.7851573506
127.42700004577637, 43185.93563573566, 53764.7851573506
127.43499994277954, 43185.93563573566, 53764.7851573506
128.90000009536743, 43185.93563573566, 53764.7851573506
128.90599989891052, 43185.93563573566, 53764.7851573506
128.9119999408722, 43185.93563573566, 53764.7851573506
128.91599988937378, 43185.93563573566, 53764.7851573506
128.92199993133545, 43185.93563573566, 53754.30415379827
128.92600011825562, 43185.93563573566, 53754.30415379827
128.93300008773804, 43185.93563573566, 53754.30415379827
128.94199991226196, 43185.93563573566, 53754.30415379827
128.95000004768372, 43185.93563573566, 53754.30415379827
130.46799993515015, 43185.93563573566, 53754.30415379827
130.47900009155273, 43185.93563573566, 53754.30415379827
130.48300004005432, 43185.93563573566, 53754.30415379827
130.4909999370575, 43185.93563573566, 53754.30415379827
130.49499988555908, 43185.93563573566, 53754.30415379827
130.5, 43185.93563573566, 53754.30415379827
130.50300002098083, 43185.93563573566, 53754.30415379827
130.50300002098083, 43185.93563573566, 53754.30415379827
130.51799988746643, 43185.93563573566, 53754.30415379827
130.52500009536743, 43185.93563573566, 53754.30415379827
130.5369999408722, 43185.93563573566, 53754.30415379827
130.54099988937378, 43185.93563573566, 53754.30415379827
130.55399990081787, 43185.93563573566, 53754.30415379827
132.1010000705719, 43185.93563573566, 53754.30415379827
132.1010000705719, 43185.93563573566, 53754.30415379827
132.11700010299683, 43185.93563573566, 53754.30415379827
132.11800003051758, 43185.93563573566, 53741.53589149632
132.11800003051758, 43185.93563573566, 53737.98216986878
132.13299989700317, 43185.93563573566, 53737.98216986878
132.13499999046326, 43185.93563573566, 53737.98216986878
132.13499999046326, 43185.93563573566, 53737.98216986878
132.15000009536743, 43185.93563573566, 53737.98216986878
133.60400009155273, 43185.93563573566, 53736.446285524165
133.60899996757507, 43185.93563573566, 53736.446285524165
133.61299991607666, 43185.93563573566, 53736.446285524165
133.61899995803833, 43185.93563573566, 53736.446285524165
133.62400007247925, 43185.93563573566, 53735.15206735335
133.63000011444092, 43185.93563573566, 53735.017047597656
133.63499999046326, 43185.93563573566, 53735.017047597656
133.63899993896484, 43185.93563573566, 53735.017047597656
133.64299988746643, 43185.93563573566, 53735.017047597656
133.64800000190735, 43185.93563573566, 53735.017047597656
133.6600000858307, 43185.93563573566, 53735.017047597656
133.67000007629395, 43185.93563573566, 53735.017047597656
133.67600011825562, 43185.93563573566, 53735.017047597656
135.50099992752075, 43185.93563573566, 53735.017047597656
135.51500010490417, 43185.93563573566, 53735.017047597656
135.51799988746643, 43185.93563573566, 53735.017047597656
135.51799988746643, 43185.93563573566, 53735.017047597656
135.5329999923706, 43185.93563573566, 53735.017047597656
135.53399991989136, 43185.93563573566, 53735.017047597656
135.53399991989136, 43185.93563573566, 53735.017047597656
135.54800009727478, 43185.93563573566, 53735.017047597656
135.55800008773804, 43185.93563573566, 53735.017047597656
135.5659999847412, 43185.93563573566, 53735.017047597656
135.57400012016296, 43185.93563573566, 53735.017047597656
135.58599996566772, 43185.93563573566, 53735.017047597656
137.11800003051758, 43185.93563573566, 53735.017047597656
137.13100004196167, 43185.93563573566, 53735.017047597656
137.13499999046326, 43185.93563573566, 53735.017047597656
137.13499999046326, 43185.93563573566, 53732.08399470121
137.14400005340576, 43185.93563573566, 53732.08399470121
137.15000009536743, 43185.93563573566, 53732.08399470121
137.15199995040894, 43185.93563573566, 53732.08399470121
137.15199995040894, 43185.93563573566, 53732.08399470121
137.16799998283386, 43185.93563573566, 53732.08399470121
137.17400002479553, 43185.93563573566, 53732.08399470121
137.17799997329712, 43185.93563573566, 53732.08399470121
137.1840000152588, 43185.93563573566, 53732.08399470121
138.84999990463257, 43185.93563573566, 53732.08399470121
138.84999990463257, 43185.93563573566, 53723.06715313153
138.8659999370575, 43185.93563573566, 53723.06715313153
138.86800003051758, 43185.93563573566, 53723.06715313153
138.86800003051758, 43185.93563573566, 53719.434768537794
138.88299989700317, 43185.93563573566, 53719.434768537794
138.90000009536743, 43185.93563573566, 53719.434768537794
138.90199995040894, 43185.93563573566, 53719.434768537794
138.91599988937378, 43185.93563573566, 53719.434768537794
140.59299993515015, 43185.93563573566, 53719.434768537794
140.6010000705719, 43185.93563573566, 53719.434768537794
140.6010000705719, 43185.93563573566, 53719.434768537794
140.614000082016, 43185.93563573566, 53719.434768537794
140.61700010299683, 43185.93563573566, 53719.434768537794
140.61700010299683, 43185.93563573566, 53719.434768537794
140.63299989700317, 43185.93563573566, 53719.434768537794
140.63299989700317, 43185.93563573566, 53719.434768537794
140.65100002288818, 43185.93563573566, 53719.434768537794
140.67600011825562, 43185.93563573566, 53719.434768537794
142.2850000858307, 43185.93563573566, 53719.434768537794
142.2850000858307, 43185.93563573566, 53715.09753146568
142.30299997329712, 43185.93563573566, 53715.09753146568
142.30299997329712, 43185.93563573566, 53711.36572465371
142.30299997329712, 43185.93563573566, 53711.36572465371
142.3199999332428, 43185.93563573566, 53711.36572465371
143.8510000705719, 43185.93563573566, 53705.057687690496
143.8510000705719, 43185.93563573566, 53705.057687690496
143.8510000705719, 43185.93563573566, 53705.057687690496
143.86700010299683, 43185.93563573566, 53705.057687690496
143.86700010299683, 43185.93563573566, 53704.03859987393
143.86700010299683, 43185.93563573566, 53702.916759871216
143.8880000114441, 43185.93563573566, 53702.916759871216
143.89199995994568, 43185.93563573566, 53702.916759871216
143.90000009536743, 43185.93563573566, 53702.916759871216
143.90700006484985, 43185.93563573566, 53702.397081056726
143.92400002479553, 43185.93563573566, 53701.88071373035
145.57400012016296, 43185.93563573566, 53699.93782560968
145.5829999446869, 43185.93563573566, 53696.221376390095
145.58599996566772, 43185.93563573566, 53696.221376390095
145.59599995613098, 43185.93563573566, 53693.96264950047
145.6010000705719, 43185.93563573566, 53692.29985479029
145.6050000190735, 43185.93563573566, 53692.29985479029
145.6050000190735, 43185.93563573566, 53692.29985479029
145.61800003051758, 43185.93563573566, 53691.37693827067
145.63000011444092, 43185.93563573566, 53685.50429133313
147.34999990463257, 43185.93563573566, 53685.50429133313
147.3550000190735, 43185.93563573566, 53685.50429133313
147.3659999370575, 43185.93563573566, 53685.50429133313
147.36800003051758, 43185.93563573566, 53685.50429133313
147.38700008392334, 43185.93563573566, 53684.13189560996
147.39199995994568, 43185.93563573566, 53684.13189560996
147.40300011634827, 43185.93563573566, 53684.13189560996
147.41599988937378, 43185.93563573566, 53682.59660398387
149.0680000782013, 43185.93563573566, 53682.59660398387
149.0829999446869, 43185.93563573566, 53682.59660398387
149.08500003814697, 43185.93563573566, 53682.59660398387
149.08500003814697, 43185.93563573566, 53682.59660398387
149.08500003814697, 43185.93563573566, 53682.59660398387
149.1010000705719, 43185.93563573566, 53682.59660398387
149.1010000705719, 43185.93563573566, 53682.59660398387
149.1010000705719, 43185.93563573566, 53682.59660398387
149.11700010299683, 43185.93563573566, 53681.88686274261
149.11800003051758, 43185.93563573566, 53681.43815493554
149.1340000629425, 43185.93563573566, 53681.43815493554
149.14199995994568, 43185.93563573566, 53681.43815493554
149.15100002288818, 43185.93563573566, 53681.43815493554
150.80100011825562, 43185.93563573566, 53677.58264838999
150.81900000572205, 43185.93563573566, 53677.58264838999
150.82599997520447, 43185.93563573566, 53677.58264838999
150.82999992370605, 43185.93563573566, 53677.58264838999
150.83699989318848, 43185.93563573566, 53677.58264838999
150.83699989318848, 43185.93563573566, 53677.58264838999
150.83699989318848, 43185.93563573566, 53677.58264838999
150.84899997711182, 43185.93563573566, 53677.58264838999
150.84999990463257, 43185.93563573566, 53677.58264838999
150.84999990463257, 43185.93563573566, 53672.95421675782
150.86800003051758, 43185.93563573566, 53671.05714731948
150.86800003051758, 43185.93563573566, 53671.05714731948
152.45000004768372, 43185.93563573566, 53671.05714731948
152.4579999446869, 43185.93563573566, 53666.88154539111
152.46199989318848, 43185.93563573566, 53666.88154539111
152.46799993515015, 43185.93563573566, 53666.88154539111
152.46799993515015, 43185.93563573566, 53666.88154539111
152.46799993515015, 43185.93563573566, 53666.88154539111
152.48499989509583, 43185.93563573566, 53666.88154539111
152.49200010299683, 43185.93563573566, 53666.88154539111
152.4960000514984, 43185.93563573566, 53666.88154539111
152.50099992752075, 43185.93563573566, 53666.88154539111
152.51699995994568, 43185.93563573566, 53666.51781932437
152.51799988746643, 43185.93563573566, 53666.51781932437
152.51799988746643, 43185.93563573566, 53663.93827072159
152.5329999923706, 43185.93563573566, 53663.93827072159
154.18499994277954, 43185.93563573566, 53663.93827072159
154.18499994277954, 43185.93563573566, 53662.98623029173
154.20000004768372, 43185.93563573566, 53662.98623029173
154.20600008964539, 43185.93563573566, 53662.98623029173
154.21799993515015, 43185.93563573566, 53662.98623029173
154.21799993515015, 43185.93563573566, 53662.98623029173
154.21799993515015, 43185.93563573566, 53662.98623029173
155.91799998283386, 43185.93563573566, 53662.98623029173
155.91799998283386, 43185.93563573566, 53662.98623029173
155.91799998283386, 43185.93563573566, 53662.98623029173
155.93499994277954, 43185.93563573566, 53662.98623029173
155.94000005722046, 43185.93563573566, 53660.90281824089
155.94600009918213, 43185.93563573566, 53660.90281824089
155.95199990272522, 43185.93563573566, 53657.97155982571
155.9579999446869, 43185.93563573566, 53657.97155982571
155.9579999446869, 43185.93563573566, 53657.97155982571
155.96900010108948, 43185.93563573566, 53657.97155982571
155.96900010108948, 43185.93563573566, 53657.97155982571
155.9869999885559, 43185.93563573566, 53657.97155982571
157.58899998664856, 43185.93563573566, 53657.97155982571
157.59500002861023, 43185.93563573566, 53657.97155982571
157.6010000705719, 43185.93563573566, 53657.97155982571
157.6010000705719, 43185.93563573566, 53657.97155982571
157.6010000705719, 43185.93563573566, 53657.97155982571
157.61800003051758, 43185.93563573566, 53657.97155982571
157.63499999046326, 43185.93563573566, 53657.97155982571
159.2850000858307, 43185.93563573566, 53655.1700390844
159.30100011825562, 43185.93563573566, 53655.1700390844
159.30100011825562, 43185.93563573566, 53655.1700390844
159.30100011825562, 43185.93563573566, 53655.1700390844
159.31699991226196, 43185.93563573566, 53655.1700390844
159.31699991226196, 43185.93563573566, 53655.1700390844
161.03399991989136, 43185.93563573566, 53648.559161882105
161.03399991989136, 43185.93563573566, 53648.559161882105
161.0550000667572, 43185.93563573566, 53648.559161882105
161.06100010871887, 43185.93563573566, 53648.559161882105
161.06699991226196, 43185.93563573566, 53648.559161882105
161.07200002670288, 43185.93563573566, 53648.559161882105
161.07699990272522, 43185.93563573566, 53648.559161882105
161.08699989318848, 43185.93563573566, 53638.980216439275
162.7170000076294, 43185.93563573566, 53638.980216439275
162.72300004959106, 43185.93563573566, 53638.980216439275
162.72900009155273, 43185.93563573566, 53638.980216439275
162.7409999370575, 43185.93563573566, 53638.980216439275
162.74900007247925, 43185.93563573566, 53638.980216439275
162.75, 43185.93563573566, 53635.68182931927
162.7630000114441, 43185.93563573566, 53635.68182931927
162.7829999923706, 43185.93563573566, 53633.8686700877
162.78999996185303, 43185.93563573566, 53630.08509460394
164.58400011062622, 43185.93563573566, 53630.08509460394
164.58400011062622, 43185.93563573566, 53630.08509460394
164.59999990463257, 43185.93563573566, 53630.08509460394
164.6010000705719, 43185.93563573566, 53630.08509460394
164.61999988555908, 43185.93563573566, 53626.048256472546
166.2039999961853, 43185.93563573566, 53623.34454283346
166.2170000076294, 43185.93563573566, 53623.34454283346
166.21799993515015, 43185.93563573566, 53623.34454283346
166.21799993515015, 43185.93563573566, 53623.34454283346
166.23399996757507, 43185.93563573566, 53622.91668615874
166.23399996757507, 43185.93563573566, 53621.47892773774
167.8159999847412, 43185.93563573566, 53621.47892773774
167.81699991226196, 43185.93563573566, 53621.47892773774
167.81699991226196, 43185.93563573566, 53621.47892773774
167.8329999446869, 43185.93563573566, 53621.47892773774
167.83500003814697, 43185.93563573566, 53621.47892773774
167.83500003814697, 43185.93563573566, 53621.16365806023
167.84999990463257, 43185.93563573566, 53621.16365806023
167.85199999809265, 43185.93563573566, 53621.16365806023
167.86700010299683, 43185.93563573566, 53621.16365806023
167.86800003051758, 43185.93563573566, 53621.16365806023
167.86800003051758, 43185.93563573566, 53621.16365806023
167.86800003051758, 43185.93563573566, 53621.16365806023
167.88499999046326, 43185.93563573566, 53621.16365806023
167.88499999046326, 43185.93563573566, 53618.80021491003
167.90599989891052, 43185.93563573566, 53618.80021491003
167.91400003433228, 43185.93563573566, 53613.2990949647
169.63499999046326, 43185.93563573566, 53613.00687769446
169.65000009536743, 43185.93563573566, 53613.00687769446
169.65100002288818, 43185.93563573566, 53613.00687769446
169.65100002288818, 43185.93563573566, 53612.91404556617
169.6670000553131, 43185.93563573566, 53612.91404556617
169.6670000553131, 43185.93563573566, 53612.87139304606
169.68300008773804, 43185.93563573566, 53612.87139304606
169.69400000572205, 43185.93563573566, 53612.87139304606
171.46399998664856, 43185.93563573566, 53612.27670760902
171.47399997711182, 43185.93563573566, 53612.27670760902
171.48099994659424, 43185.93563573566, 53612.27670760902
171.48799991607666, 43185.93563573566, 53612.27670760902
171.4960000514984, 43185.93563573566, 53612.27670760902
171.5039999485016, 43185.93563573566, 53612.27670760902
171.51799988746643, 43185.93563573566, 53610.27147686812
171.52800011634827, 43185.93563573566, 53610.27147686812
171.5329999923706, 43185.93563573566, 53610.27147686812
171.5420000553131, 43185.93563573566, 53606.12363139244
173.05100011825562, 43185.93563573566, 53606.12363139244
173.05100011825562, 43185.93563573566, 53606.12363139244
173.05100011825562, 43185.93563573566, 53606.12363139244
173.06699991226196, 43185.93563573566, 53606.12363139244
173.06699991226196, 43185.93563573566, 53606.12363139244
173.06699991226196, 43185.93563573566, 53606.12363139244
173.06699991226196, 43185.93563573566, 53606.12363139244
173.08400011062622, 43185.93563573566, 53603.583345388746
173.0899999141693, 43185.93563573566, 53603.583345388746
173.09599995613098, 43185.93563573566, 53603.583345388746
173.1010000705719, 43185.93563573566, 53603.583345388746
173.10899996757507, 43185.93563573566, 53603.583345388746
173.11800003051758, 43185.93563573566, 53603.583345388746
173.13499999046326, 43185.93563573566, 53603.583345388746
174.93499994277954, 43185.93563573566, 53600.3931570952
174.95300006866455, 43185.93563573566, 53600.3931570952
174.95300006866455, 43185.93563573566, 53600.3931570952
174.95300006866455, 43185.93563573566, 53600.3931570952
174.96799993515015, 43185.93563573566, 53600.3931570952
174.96799993515015, 43185.93563573566, 53600.3931570952
174.98799991607666, 43185.93563573566, 53600.3931570952
176.6010000705719, 43185.93563573566, 53595.94127240419
176.61700010299683, 43185.93563573566, 53595.94127240419
176.62299990653992, 43185.93563573566, 53595.94127240419
176.6289999485016, 43185.93563573566, 53595.797858190235
176.63299989700317, 43185.93563573566, 53595.797858190235
176.6380000114441, 43185.93563573566, 53592.55818887734
176.65100002288818, 43185.93563573566, 53590.40552986119
178.33500003814697, 43185.93563573566, 53590.40552986119
178.33500003814697, 43185.93563573566, 53590.40552986119
178.33500003814697, 43185.93563573566, 53588.399652772416
178.3510000705719, 43185.93563573566, 53588.399652772416
178.35999989509583, 43185.93563573566, 53588.399652772416
178.36700010299683, 43185.93563573566, 53584.2681490408
178.3789999485016, 43185.93563573566, 53584.2681490408
178.38499999046326, 43185.93563573566, 53581.4270980996
180.1010000705719, 43185.93563573566, 53581.4270980996
180.11700010299683, 43185.93563573566, 53581.4270980996
180.11700010299683, 43185.93563573566, 53581.4270980996
180.11700010299683, 43185.93563573566, 53581.4270980996
180.1340000629425, 43185.93563573566, 53581.4270980996
180.13899993896484, 43185.93563573566, 53581.4270980996
180.1449999809265, 43185.93563573566, 53581.4270980996
180.15100002288818, 43185.93563573566, 53581.4270980996
180.15700006484985, 43185.93563573566, 53581.4270980996
180.16100001335144, 43185.93563573566, 53581.4270980996
180.1670000553131, 43185.93563573566, 53581.41719515863
180.16799998283386, 43185.93563573566, 53581.41719515863
180.16799998283386, 43185.93563573566, 53581.41719515863
181.94900012016296, 43185.93563573566, 53579.681781792366
181.95000004768372, 43185.93563573566, 53579.681781792366
181.95000004768372, 43185.93563573566, 53579.681781792366
181.96799993515015, 43185.93563573566, 53579.681781792366
183.58899998664856, 43185.93563573566, 53579.681781792366
183.6010000705719, 43185.93563573566, 53579.681781792366
183.6010000705719, 43185.93563573566, 53576.69510020716
183.6010000705719, 43185.93563573566, 53576.69510020716
183.61800003051758, 43185.93563573566, 53576.69510020716
183.6340000629425, 43185.93563573566, 53576.69510020716
183.64199995994568, 43185.93563573566, 53576.69510020716
183.6489999294281, 43185.93563573566, 53576.69510020716
185.45900011062622, 43185.93563573566, 53576.69510020716
185.46600008010864, 43185.93563573566, 53573.545422273935
185.46799993515015, 43185.93563573566, 53573.545422273935
185.48300004005432, 43185.93563573566, 53573.545422273935
185.50099992752075, 43185.93563573566, 53569.07405714145
185.50099992752075, 43185.93563573566, 53569.07405714145
185.50099992752075, 43185.93563573566, 53569.07405714145
187.26799988746643, 43185.93563573566, 53569.07405714145
187.2829999923706, 43185.93563573566, 53569.07405714145
187.2829999923706, 43185.93563573566, 53569.07405714145
187.2829999923706, 43185.93563573566, 53564.715356379376
187.2829999923706, 43185.93563573566, 53564.715356379376
187.29999995231628, 43185.93563573566, 53564.715356379376
187.29999995231628, 43185.93563573566, 53564.715356379376
187.29999995231628, 43185.93563573566, 53564.715356379376
187.31699991226196, 43185.93563573566, 53564.715356379376
187.31699991226196, 43185.93563573566, 53563.75854546122
187.31699991226196, 43185.93563573566, 53563.75854546122
189.01799988746643, 43185.93563573566, 53563.75854546122
189.01799988746643, 43185.93563573566, 53560.30954951851
189.0369999408722, 43185.93563573566, 53560.30954951851
189.04299998283386, 43185.93563573566, 53558.61468850442
189.04699993133545, 43185.93563573566, 53558.61468850442
189.05100011825562, 43185.93563573566, 53558.61468850442
189.05100011825562, 43185.93563573566, 53554.792235975445
189.05100011825562, 43185.93563573566, 53554.792235975445
189.06900000572205, 43185.93563573566, 53554.792235975445
189.0699999332428, 43185.93563573566, 53551.32956702494
190.8840000629425, 43185.93563573566, 53548.83678667916
190.89000010490417, 43185.93563573566, 53547.59961447152
190.89599990844727, 43185.93563573566, 53547.59961447152
190.91599988937378, 43185.93563573566, 53547.59961447152
192.67799997329712, 43185.93563573566, 53547.59961447152
192.68499994277954, 43185.93563573566, 53547.59961447152
192.68499994277954, 43185.93563573566, 53547.59961447152
192.68499994277954, 43185.93563573566, 53547.59961447152
192.70000004768372, 43185.93563573566, 53547.59961447152
192.70099997520447, 43185.93563573566, 53547.59961447152
192.70099997520447, 43185.93563573566, 53547.59961447152
192.70099997520447, 43185.93563573566, 53547.59961447152
192.72000002861023, 43185.93563573566, 53547.59961447152
192.73499989509583, 43185.93563573566, 53547.13929807559
195.01699995994568, 43185.93563573566, 53547.13929807559
195.01799988746643, 43185.93563573566, 53547.13929807559
195.01799988746643, 43185.93563573566, 53541.82258671176
195.0329999923706, 43185.93563573566, 53541.82258671176
195.03900003433228, 43185.93563573566, 53541.82258671176
195.03900003433228, 43185.93563573566, 53541.82258671176
195.05399990081787, 43185.93563573566, 53541.82258671176
195.06200003623962, 43185.93563573566, 53541.82258671176
195.0680000782013, 43185.93563573566, 53541.82258671176
195.07400012016296, 43185.93563573566, 53541.82258671176
195.07800006866455, 43185.93563573566, 53541.82258671176
195.08200001716614, 43185.93563573566, 53541.82258671176
195.08500003814697, 43185.93563573566, 53541.82258671176
195.08500003814697, 43185.93563573566, 53541.82258671176
196.59500002861023, 43185.93563573566, 53541.82258671176
196.6010000705719, 43185.93563573566, 53541.82258671176
196.60800004005432, 43185.93563573566, 53541.82258671176
196.61800003051758, 43185.93563573566, 53541.82258671176
196.61999988555908, 43185.93563573566, 53541.82258671176
196.61999988555908, 43185.93563573566, 53541.82258671176
196.635999917984, 43185.93563573566, 53541.82258671176
196.65000009536743, 43185.93563573566, 53541.82258671176
196.65100002288818, 43185.93563573566, 53541.82258671176
198.51699995994568, 43185.93563573566, 53541.82258671176
198.52099990844727, 43185.93563573566, 53541.82258671176
198.52099990844727, 43185.93563573566, 53541.82258671176
198.5329999923706, 43185.93563573566, 53541.82258671176
200.30200004577637, 43185.93563573566, 53533.16628650187
200.31699991226196, 43185.93563573566, 53533.16628650187
200.32400012016296, 43185.93563573566, 53533.16628650187
200.3329999446869, 43185.93563573566, 53533.16628650187
200.33500003814697, 43185.93563573566, 53529.58381386076
200.34299993515015, 43185.93563573566, 53529.58381386076
200.34999990463257, 43185.93563573566, 53529.58381386076
200.3510000705719, 43185.93563573566, 53529.58381386076
200.3510000705719, 43185.93563573566, 53529.58381386076
200.3510000705719, 43185.93563573566, 53529.58381386076
200.36800003051758, 43185.93563573566, 53529.58381386076
200.37199997901917, 43185.93563573566, 53529.58381386076
200.37800002098083, 43185.93563573566, 53529.58381386076
200.38199996948242, 43185.93563573566, 53529.58381386076
200.38700008392334, 43185.93563573566, 53529.58381386076
200.39299988746643, 43185.93563573566, 53528.34768206511
200.40100002288818, 43185.93563573566, 53523.35689472413
202.2850000858307, 43185.93563573566, 53523.35689472413
202.29999995231628, 43185.93563573566, 53523.35689472413
202.29999995231628, 43185.93563573566, 53522.54026064773
202.3180000782013, 43185.93563573566, 53522.54026064773
202.32699990272522, 43185.93563573566, 53522.46037549935
202.33400011062622, 43185.93563573566, 53521.92664576191
202.33500003814697, 43185.93563573566, 53520.05985806228
204.0329999923706, 43185.93563573566, 53519.22832529214
204.0350000858307, 43185.93563573566, 53519.22832529214
204.0350000858307, 43185.93563573566, 53519.22832529214
204.05100011825562, 43185.93563573566, 53518.06640724549
204.05100011825562, 43185.93563573566, 53518.06640724549
204.07800006866455, 43185.93563573566, 53518.06640724549
204.08500003814697, 43185.93563573566, 53515.80201964989
205.84899997711182, 43185.93563573566, 53515.80201964989
205.85199999809265, 43185.93563573566, 53515.80201964989
205.85199999809265, 43185.93563573566, 53515.80201964989
205.8710000514984, 43185.93563573566, 53513.65106934366
205.88000011444092, 43185.93563573566, 53512.0221965719
205.88499999046326, 43185.93563573566, 53511.299607810106
205.90000009536743, 43185.93563573566, 53511.299607810106
205.91400003433228, 43185.93563573566, 53509.18746403448
207.93300008773804, 43185.93563573566, 53509.18746403448
207.95300006866455, 43185.93563573566, 53509.18746403448
207.95300006866455, 43185.93563573566, 53509.18746403448
207.96799993515015, 43185.93563573566, 53509.18746403448
207.96799993515015, 43185.93563573566, 53509.18746403448
207.96799993515015, 43185.93563573566, 53508.07441038523
207.98499989509583, 43185.93563573566, 53508.07441038523
207.99300003051758, 43185.93563573566, 53508.07441038523
207.99900007247925, 43185.93563573566, 53508.07441038523
208.00699996948242, 43185.93563573566, 53508.07441038523
209.93300008773804, 43185.93563573566, 53508.07441038523
209.93499994277954, 43185.93563573566, 53508.07441038523
209.93499994277954, 43185.93563573566, 53508.07441038523
209.95000004768372, 43185.93563573566, 53508.07441038523
209.95099997520447, 43185.93563573566, 53507.03431383422
209.95099997520447, 43185.93563573566, 53507.03431383422
209.9670000076294, 43185.93563573566, 53505.393963290764
209.96900010108948, 43185.93563573566, 53501.65832318878
209.96900010108948, 43185.93563573566, 53499.79929528327
211.71799993515015, 43185.93563573566, 53499.597736379284
211.71799993515015, 43185.93563573566, 53499.597736379284
211.71799993515015, 43185.93563573566, 53499.597736379284
211.73499989509583, 43185.93563573566, 53499.597736379284
211.73499989509583, 43185.93563573566, 53499.597736379284
211.74300003051758, 43185.93563573566, 53499.597736379284
211.75, 43185.93563573566, 53499.597736379284
211.75, 43185.93563573566, 53499.597736379284
211.75, 43185.93563573566, 53497.8384375042
211.7720000743866, 43185.93563573566, 53497.8384375042
211.77800011634827, 43185.93563573566, 53492.38093419378
213.74900007247925, 43185.93563573566, 53492.38093419378
213.75200009346008, 43185.93563573566, 53492.38093419378
213.75200009346008, 43185.93563573566, 53492.38093419378
213.75200009346008, 43185.93563573566, 53491.54472928553
213.76799988746643, 43185.93563573566, 53491.54472928553
215.75600004196167, 43185.93563573566, 53490.96560477362
215.76200008392334, 43185.93563573566, 53490.6937037487
215.76699995994568, 43185.93563573566, 53490.6937037487
215.76699995994568, 43185.93563573566, 53490.6937037487
215.77800011634827, 43185.93563573566, 53490.6937037487
215.7829999923706, 43185.93563573566, 53490.6937037487
215.78999996185303, 43185.93563573566, 53489.34286690239
215.79399991035461, 43185.93563573566, 53489.34286690239
215.79999995231628, 43185.93563573566, 53489.34286690239
215.80200004577637, 43185.93563573566, 53489.147733728474
215.80200004577637, 43185.93563573566, 53489.147733728474
215.82100009918213, 43185.93563573566, 53489.147733728474
215.8289999961853, 43185.93563573566, 53489.147733728474
217.68499994277954, 43185.93563573566, 53489.147733728474
217.68499994277954, 43185.93563573566, 53489.147733728474
217.68499994277954, 43185.93563573566, 53489.147733728474
217.70000004768372, 43185.93563573566, 53486.57571283525
217.70099997520447, 43185.93563573566, 53486.2419127177
217.70099997520447, 43185.93563573566, 53486.2419127177
217.71799993515015, 43185.93563573566, 53486.2419127177
217.73499989509583, 43185.93563573566, 53483.52943680424
217.74300003051758, 43185.93563573566, 53483.52943680424
219.8789999485016, 43185.93563573566, 53479.577279230056
219.88700008392334, 43185.93563573566, 53479.577279230056
219.89199995994568, 43185.93563573566, 53479.577279230056
219.90000009536743, 43185.93563573566, 53478.36149579637
219.90100002288818, 43185.93563573566, 53478.36149579637
219.91799998283386, 43185.93563573566, 53473.206565868044
219.91799998283386, 43185.93563573566, 53473.206565868044
221.93300008773804, 43185.93563573566, 53473.206565868044
221.93300008773804, 43185.93563573566, 53473.206565868044
221.95199990272522, 43185.93563573566, 53472.121476902816
221.95199990272522, 43185.93563573566, 53472.1089948764
221.96199989318848, 43185.93563573566, 53472.1089948764
221.96799993515015, 43185.93563573566, 53472.1089948764
221.96799993515015, 43185.93563573566, 53472.1089948764
221.98300004005432, 43185.93563573566, 53472.1089948764
221.99699997901917, 43185.93563573566, 53471.59055417439
222.00699996948242, 43185.93563573566, 53471.59055417439
222.01200008392334, 43185.93563573566, 53471.59055417439
222.01799988746643, 43185.93563573566, 53471.59055417439
222.02300000190735, 43185.93563573566, 53471.59055417439
223.8180000782013, 43185.93563573566, 53471.59055417439
223.8180000782013, 43185.93563573566, 53471.59055417439
223.83500003814697, 43185.93563573566, 53471.59055417439
223.8380000591278, 43185.93563573566, 53471.59055417439
223.84100008010864, 43185.93563573566, 53471.59055417439
223.84999990463257, 43185.93563573566, 53468.279557747715
223.8510000705719, 43185.93563573566, 53468.279557747715
223.864000082016, 43185.93563573566, 53468.279557747715
223.87400007247925, 43185.93563573566, 53468.279557747715
225.96799993515015, 43185.93563573566, 53468.279557747715
225.98600006103516, 43185.93563573566, 53468.279557747715
225.98600006103516, 43185.93563573566, 53468.279557747715
226.0, 43185.93563573566, 53468.279557747715
226.00099992752075, 43185.93563573566, 53468.279557747715
226.00099992752075, 43185.93563573566, 53465.138007515015
226.01699995994568, 43185.93563573566, 53462.68686146033
226.01799988746643, 43185.93563573566, 53462.68686146033
227.9340000152588, 43185.93563573566, 53462.68686146033
227.9340000152588, 43185.93563573566, 53462.68686146033
227.9340000152588, 43185.93563573566, 53459.1602409167
227.95099997520447, 43185.93563573566, 53459.1602409167
227.95099997520447, 43185.93563573566, 53456.336610504804
227.96600008010864, 43185.93563573566, 53456.336610504804
227.9760000705719, 43185.93563573566, 53456.336610504804
227.98499989509583, 43185.93563573566, 53456.336610504804
229.88499999046326, 43185.93563573566, 53455.13179797079
229.90000009536743, 43185.93563573566, 53455.13179797079
229.90499997138977, 43185.93563573566, 53455.13179797079
229.90499997138977, 43185.93563573566, 53455.13179797079
229.9170000553131, 43185.93563573566, 53455.13179797079
229.91799998283386, 43185.93563573566, 53455.13179797079
229.91799998283386, 43185.93563573566, 53451.310544521526
229.91799998283386, 43185.93563573566, 53451.310544521526
229.9340000152588, 43185.93563573566, 53451.310544521526
229.9340000152588, 43185.93563573566, 53451.310544521526
229.95199990272522, 43185.93563573566, 53449.80458231568
229.95700001716614, 43185.93563573566, 53449.80458231568
229.9630000591278, 43185.93563573566, 53449.80458231568
229.96900010108948, 43185.93563573566, 53449.80458231568
229.97699999809265, 43185.93563573566, 53449.80458231568
229.98200011253357, 43185.93563573566, 53449.80458231568
229.98399996757507, 43185.93563573566, 53449.80458231568
232.16799998283386, 43185.93563573566, 53449.80458231568
232.16799998283386, 43185.93563573566, 53449.80458231568
232.18499994277954, 43185.93563573566, 53449.80458231568
232.18499994277954, 43185.93563573566, 53449.80458231568
234.0680000782013, 43185.93563573566, 53449.80458231568
234.08200001716614, 43185.93563573566, 53449.80458231568
234.08500003814697, 43185.93563573566, 53449.80458231568
234.08500003814697, 43185.93563573566, 53449.80458231568
234.08500003814697, 43185.93563573566, 53449.80458231568
234.09999990463257, 43185.93563573566, 53449.80458231568
234.1010000705719, 43185.93563573566, 53447.57320862024
234.1010000705719, 43185.93563573566, 53447.57320862024
234.1010000705719, 43185.93563573566, 53447.57320862024
236.15000009536743, 43185.93563573566, 53445.22362637351
236.15199995040894, 43185.93563573566, 53445.22362637351
236.15199995040894, 43185.93563573566, 53445.22362637351
236.16799998283386, 43185.93563573566, 53442.59249347163
238.32800006866455, 43185.93563573566, 53442.59249347163
238.33500003814697, 43185.93563573566, 53442.59249347163
238.33699989318848, 43185.93563573566, 53442.59249347163
238.34100008010864, 43185.93563573566, 53442.59249347163
238.34500002861023, 43185.93563573566, 53442.59249347163
238.35199999809265, 43185.93563573566, 53442.59249347163
238.35199999809265, 43185.93563573566, 53442.59249347163
238.35199999809265, 43185.93563573566, 53441.322059564336
238.36800003051758, 43185.93563573566, 53441.322059564336
238.36800003051758, 43185.93563573566, 53441.322059564336
240.20099997520447, 43185.93563573566, 53441.322059564336
240.21799993515015, 43185.93563573566, 53441.322059564336
240.2260000705719, 43185.93563573566, 53441.322059564336
240.23300004005432, 43185.93563573566, 53439.757043659665
240.24200010299683, 43185.93563573566, 53436.157545181275
240.25, 43185.93563573566, 53436.157545181275
240.25699996948242, 43185.93563573566, 53436.157545181275
240.260999917984, 43185.93563573566, 53436.157545181275
240.26500010490417, 43185.93563573566, 53436.157545181275
240.2699999809265, 43185.93563573566, 53436.157545181275
240.27600002288818, 43185.93563573566, 53436.157545181275
240.2850000858307, 43185.93563573566, 53436.157545181275
242.30200004577637, 43185.93563573566, 53436.157545181275
242.31699991226196, 43185.93563573566, 53436.157545181275
242.31699991226196, 43185.93563573566, 53436.157545181275
242.33500003814697, 43185.93563573566, 53429.930816205306
242.33500003814697, 43185.93563573566, 53429.930816205306
242.3470001220703, 43185.93563573566, 53429.930816205306
242.3510000705719, 43185.93563573566, 53429.930816205306
242.3510000705719, 43185.93563573566, 53429.930816205306
242.364000082016, 43185.93563573566, 53428.339987732004
242.375, 43185.93563573566, 53428.339987732004
242.38199996948242, 43185.93563573566, 53428.339987732004
244.260999917984, 43185.93563573566, 53428.339987732004
244.26699995994568, 43185.93563573566, 53428.339987732004
244.2739999294281, 43185.93563573566, 53424.53447312632
244.27800011634827, 43185.93563573566, 53424.53447312632
244.2829999923706, 43185.93563573566, 53424.53447312632
244.2850000858307, 43185.93563573566, 53424.53447312632
244.2850000858307, 43185.93563573566, 53424.53447312632
244.2850000858307, 43185.93563573566, 53420.96886360189
244.29999995231628, 43185.93563573566, 53420.96886360189
244.29999995231628, 43185.93563573566, 53420.96886360189
244.29999995231628, 43185.93563573566, 53420.96886360189
244.32599997520447, 43185.93563573566, 53420.96886360189
246.33500003814697, 43185.93563573566, 53420.96886360189
246.3510000705719, 43185.93563573566, 53420.96886360189
246.3510000705719, 43185.93563573566, 53420.96886360189
246.3510000705719, 43185.93563573566, 53420.96886360189
246.37199997901917, 43185.93563573566, 53420.96886360189
246.37700009346008, 43185.93563573566, 53420.96886360189
246.385999917984, 43185.93563573566, 53420.96886360189
246.3989999294281, 43185.93563573566, 53414.49669277853
246.4119999408722, 43185.93563573566, 53411.15635912826
246.4170000553131, 43185.93563573566, 53411.15635912826
248.54999995231628, 43185.93563573566, 53411.15635912826
248.54999995231628, 43185.93563573566, 53411.15635912826
248.56699991226196, 43185.93563573566, 53410.92457671659
248.56699991226196, 43185.93563573566, 53410.92457671659
248.56699991226196, 43185.93563573566, 53410.14585308272
248.58400011062622, 43185.93563573566, 53410.14585308272
248.58400011062622, 43185.93563573566, 53410.14585308272
248.58400011062622, 43185.93563573566, 53410.14585308272
250.56699991226196, 43185.93563573566, 53410.14585308272
250.5680000782013, 43185.93563573566, 53410.14585308272
250.57699990272522, 43185.93563573566, 53410.14585308272
250.5829999446869, 43185.93563573566, 53410.14585308272
250.59400010108948, 43185.93563573566, 53410.14585308272
250.6010000705719, 43185.93563573566, 53408.41993327426
250.60599994659424, 43185.93563573566, 53408.41993327426
250.61700010299683, 43185.93563573566, 53408.41993327426
250.62299990653992, 43185.93563573566, 53407.79050990965
250.6289999485016, 43185.93563573566, 53407.79050990965
252.58400011062622, 43185.93563573566, 53407.79050990965
252.58400011062622, 43185.93563573566, 53407.79050990965
252.60199999809265, 43185.93563573566, 53407.79050990965
252.60199999809265, 43185.93563573566, 53407.79050990965
252.60199999809265, 43185.93563573566, 53407.79050990965
252.61800003051758, 43185.93563573566, 53407.79050990965
252.61800003051758, 43185.93563573566, 53407.79050990965
254.65000009536743, 43185.93563573566, 53405.19368896241
254.66799998283386, 43185.93563573566, 53405.19368896241
254.66799998283386, 43185.93563573566, 53405.19368896241
254.66799998283386, 43185.93563573566, 53405.19368896241
254.68300008773804, 43185.93563573566, 53405.19368896241
254.6909999847412, 43185.93563573566, 53405.19368896241
254.70099997520447, 43185.93563573566, 53405.19368896241
254.7079999446869, 43185.93563573566, 53405.19368896241
254.71399998664856, 43185.93563573566, 53405.19368896241
254.71799993515015, 43185.93563573566, 53405.19368896241
256.6670000553131, 43185.93563573566, 53405.19368896241
256.6670000553131, 43185.93563573566, 53403.98413968563
256.6840000152588, 43185.93563573566, 53403.15475094882
256.6930000782013, 43185.93563573566, 53402.62692645912
256.70099997520447, 43185.93563573566, 53402.41577127741
256.70300006866455, 43185.93563573566, 53401.80079516061
256.7170000076294, 43185.93563573566, 53401.80079516061
258.885999917984, 43185.93563573566, 53399.769028737304
258.885999917984, 43185.93563573566, 53399.769028737304
258.885999917984, 43185.93563573566, 53399.769028737304
258.90199995040894, 43185.93563573566, 53399.769028737304
258.90199995040894, 43185.93563573566, 53399.769028737304
258.90199995040894, 43185.93563573566, 53399.769028737304
258.91799998283386, 43185.93563573566, 53399.769028737304
258.91799998283386, 43185.93563573566, 53399.769028737304
258.91799998283386, 43185.93563573566, 53399.769028737304
258.9340000152588, 43185.93563573566, 53399.769028737304
258.93499994277954, 43185.93563573566, 53399.769028737304
258.93499994277954, 43185.93563573566, 53399.769028737304
260.88499999046326, 43185.93563573566, 53398.00638605575
260.9010000228882, 43185.93563573566, 53398.00638605575
260.9010000228882, 43185.93563573566, 53398.00638605575
260.9010000228882, 43185.93563573566, 53398.00638605575
260.9170000553131, 43185.93563573566, 53398.00638605575
260.9170000553131, 43185.93563573566, 53398.00638605575
260.9170000553131, 43185.93563573566, 53398.00638605575
260.93300008773804, 43185.93563573566, 53398.00638605575
260.9379999637604, 43185.93563573566, 53398.00638605575
260.9379999637604, 43185.93563573566, 53398.00638605575
260.9379999637604, 43185.93563573566, 53398.00638605575
260.9539999961853, 43185.93563573566, 53398.00638605575
260.9539999961853, 43185.93563573566, 53398.00638605575
263.1010000705719, 43185.93563573566, 53398.00638605575
263.1170001029968, 43185.93563573566, 53398.00638605575
263.1180000305176, 43185.93563573566, 53396.38514011498
263.1180000305176, 43185.93563573566, 53396.38514011498
263.1180000305176, 43185.93563573566, 53396.38514011498
263.13499999046326, 43185.93563573566, 53396.38514011498
263.13499999046326, 43185.93563573566, 53396.38514011498
263.1510000228882, 43185.93563573566, 53394.98501965925
265.3180000782013, 43185.93563573566, 53391.97544019771
265.335000038147, 43185.93563573566, 53391.97544019771
265.335000038147, 43185.93563573566, 53391.97544019771
265.335000038147, 43185.93563573566, 53390.355146533635
265.34999990463257, 43185.93563573566, 53390.355146533635
267.3180000782013, 43185.93563573566, 53388.595088456095
267.3180000782013, 43185.93563573566, 53388.595088456095
267.3180000782013, 43185.93563573566, 53388.595088456095
267.335000038147, 43185.93563573566, 53388.595088456095
267.335000038147, 43185.93563573566, 53388.595088456095
267.34999990463257, 43185.93563573566, 53387.023611743585
267.3510000705719, 43185.93563573566, 53387.023611743585
267.3510000705719, 43185.93563573566, 53387.023611743585
267.3510000705719, 43185.93563573566, 53387.023611743585
267.3680000305176, 43185.93563573566, 53387.023611743585
267.3680000305176, 43185.93563573566, 53387.023611743585
267.3680000305176, 43185.93563573566, 53387.023611743585
267.39400005340576, 43185.93563573566, 53387.023611743585
267.4010000228882, 43185.93563573566, 53387.023611743585
267.4059998989105, 43185.93563573566, 53387.023611743585
269.6329998970032, 43185.93563573566, 53385.0963128344
269.64400005340576, 43185.93563573566, 53383.81410315264
269.65000009536743, 43185.93563573566, 53383.81410315264
269.6710000038147, 43185.93563573566, 53380.200579494616
271.9619998931885, 43185.93563573566, 53379.78223097367
271.9720001220703, 43185.93563573566, 53379.78223097367
271.98200011253357, 43185.93563573566, 53379.78223097367
271.9909999370575, 43185.93563573566, 53379.78223097367
271.99900007247925, 43185.93563573566, 53379.78223097367
272.0079998970032, 43185.93563573566, 53379.78223097367
272.01799988746643, 43185.93563573566, 53379.78223097367
272.0239999294281, 43185.93563573566, 53379.78223097367
272.02999997138977, 43185.93563573566, 53379.78223097367
272.03600001335144, 43185.93563573566, 53379.78223097367
272.04500007629395, 43185.93563573566, 53379.78223097367
272.0529999732971, 43185.93563573566, 53379.04673227756
272.05999994277954, 43185.93563573566, 53379.04673227756
274.26799988746643, 43185.93563573566, 53376.74292089891
274.26799988746643, 43185.93563573566, 53376.74292089891
274.26799988746643, 43185.93563573566, 53376.74292089891
274.28200006484985, 43185.93563573566, 53376.74292089891
274.2850000858307, 43185.93563573566, 53375.82375293961
274.2850000858307, 43185.93563573566, 53375.82375293961
274.2850000858307, 43185.93563573566, 53375.82375293961
274.3010001182556, 43185.93563573566, 53375.82375293961
274.3010001182556, 43185.93563573566, 53375.82375293961
277.0220000743866, 43185.93563573566, 53375.82375293961
277.02800011634827, 43185.93563573566, 53375.82375293961
277.0380001068115, 43185.93563573566, 53374.48071012588
277.04699993133545, 43185.93563573566, 53374.48071012588
277.0569999217987, 43185.93563573566, 53374.48071012588
277.06500005722046, 43185.93563573566, 53374.48071012588
277.07299995422363, 43185.93563573566, 53374.48071012588
279.84800004959106, 43185.93563573566, 53372.791070839005
279.8550000190735, 43185.93563573566, 53372.791070839005
279.8599998950958, 43185.93563573566, 53372.791070839005
279.8670001029968, 43185.93563573566, 53372.791070839005
279.8699998855591, 43185.93563573566, 53372.791070839005
279.8770000934601, 43185.93563573566, 53372.791070839005
279.8829998970032, 43185.93563573566, 53372.791070839005
279.885999917984, 43185.93563573566, 53372.791070839005
279.89599990844727, 43185.93563573566, 53372.791070839005
279.90199995040894, 43185.93563573566, 53372.791070839005
279.90300011634827, 43185.93563573566, 53371.52515055923
279.9119999408722, 43185.93563573566, 53371.52515055923
279.9189999103546, 43185.93563573566, 53371.52515055923
279.9260001182556, 43185.93563573566, 53371.52515055923
279.9319999217987, 43185.93563573566, 53371.52515055923
279.9370000362396, 43185.93563573566, 53371.52515055923
279.9370000362396, 43185.93563573566, 53371.52515055923
282.7149999141693, 43185.93563573566, 53371.52515055923
282.720999956131, 43185.93563573566, 53371.52515055923
282.7279999256134, 43185.93563573566, 53366.294664844674
282.7339999675751, 43185.93563573566, 53364.07263255532
282.7339999675751, 43185.93563573566, 53364.07263255532
284.82100009918213, 43185.93563573566, 53364.07263255532
284.82100009918213, 43185.93563573566, 53364.07263255532
284.8329999446869, 43185.93563573566, 53360.228894910164
284.8369998931885, 43185.93563573566, 53360.08319538088
284.8510000705719, 43185.93563573566, 53359.60588573426
284.8529999256134, 43185.93563573566, 53359.60588573426
286.8010001182556, 43185.93563573566, 53359.60588573426
286.8010001182556, 43185.93563573566, 53359.60588573426
286.8010001182556, 43185.93563573566, 53359.60588573426
286.81699991226196, 43185.93563573566, 53356.71630888736
286.81699991226196, 43185.93563573566, 53355.48198081018
286.81699991226196, 43185.93563573566, 53355.48198081018
286.81699991226196, 43185.93563573566, 53355.48198081018
288.7339999675751, 43185.93563573566, 53350.45478742206
288.7339999675751, 43185.93563573566, 53350.45478742206
288.75, 43185.93563573566, 53350.45478742206
288.75, 43185.93563573566, 53350.45478742206
288.75, 43185.93563573566, 53350.45478742206
288.76399993896484, 43185.93563573566, 53350.45478742206
288.7669999599457, 43185.93563573566, 53350.45478742206
288.76799988746643, 43185.93563573566, 53350.45478742206
288.76799988746643, 43185.93563573566, 53350.45478742206
288.76799988746643, 43185.93563573566, 53350.45478742206
288.76799988746643, 43185.93563573566, 53350.45478742206
288.78399991989136, 43185.93563573566, 53350.45478742206
288.78399991989136, 43185.93563573566, 53347.80118040902
288.78399991989136, 43185.93563573566, 53347.80118040902
288.7999999523163, 43185.93563573566, 53344.517076033655
288.8010001182556, 43185.93563573566, 53344.517076033655
290.8010001182556, 43185.93563573566, 53344.517076033655
290.8010001182556, 43185.93563573566, 53344.517076033655
290.8199999332428, 43185.93563573566, 53344.517076033655
290.8310000896454, 43185.93563573566, 53344.517076033655
290.83899998664856, 43185.93563573566, 53343.70170430216
290.84299993515015, 43185.93563573566, 53343.70170430216
290.84999990463257, 43185.93563573566, 53343.16949175943
292.3840000629425, 43185.93563573566, 53342.760996816134
292.40000009536743, 43185.93563573566, 53342.760996816134
292.40000009536743, 43185.93563573566, 53342.760996816134
292.40000009536743, 43185.93563573566, 53342.760996816134
292.40000009536743, 43185.93563573566, 53342.760996816134
292.4170000553131, 43185.93563573566, 53340.29871460164
294.1010000705719, 43185.93563573566, 53340.29871460164
294.1010000705719, 43185.93563573566, 53340.29871460164
294.1010000705719, 43185.93563573566, 53340.29871460164
294.1010000705719, 43185.93563573566, 53340.29871460164
294.1010000705719, 43185.93563573566, 53340.29871460164
296.135999917984, 43185.93563573566, 53338.797959187206
296.135999917984, 43185.93563573566, 53338.02041983403
296.15000009536743, 43185.93563573566, 53337.28190983937
296.1559998989105, 43185.93563573566, 53337.28190983937
296.1619999408722, 43185.93563573566, 53337.28190983937
296.1670000553131, 43185.93563573566, 53337.28190983937
296.17000007629395, 43185.93563573566, 53337.28190983937
296.17000007629395, 43185.93563573566, 53337.28190983937
296.17000007629395, 43185.93563573566, 53337.28190983937
296.17000007629395, 43185.93563573566, 53337.28190983937
298.5680000782013, 43185.93563573566, 53337.28190983937
298.57400012016296, 43185.93563573566, 53337.28190983937
298.57800006866455, 43185.93563573566, 53337.28190983937
298.5829999446869, 43185.93563573566, 53337.28190983937
298.5880000591278, 43185.93563573566, 53337.28190983937
298.5920000076294, 43185.93563573566, 53337.28190983937
298.5970001220703, 43185.93563573566, 53337.28190983937
298.6010000705719, 43185.93563573566, 53337.28190983937
298.60400009155273, 43185.93563573566, 53337.28190983937
298.6089999675751, 43185.93563573566, 53337.28190983937
298.6180000305176, 43185.93563573566, 53337.28190983937
300.9739999771118, 43185.93563573566, 53337.28190983937
300.9800000190735, 43185.93563573566, 53337.28190983937
300.98600006103516, 43185.93563573566, 53337.28190983937
300.99399995803833, 43185.93563573566, 53337.28190983937
301.00300002098083, 43185.93563573566, 53337.28190983937
301.0069999694824, 43185.93563573566, 53337.28190983937
301.010999917984, 43185.93563573566, 53337.28190983937
301.0150001049042, 43185.93563573566, 53337.28190983937
301.0199999809265, 43185.93563573566, 53337.28190983937
301.0199999809265, 43185.93563573566, 53337.28190983937
301.0199999809265, 43185.93563573566, 53331.31784915764
301.0390000343323, 43185.93563573566, 53331.31784915764
301.0439999103546, 43185.93563573566, 53331.31784915764
303.0840001106262, 43185.93563573566, 53331.31784915764
303.0840001106262, 43185.93563573566, 53331.31784915764
303.0840001106262, 43185.93563573566, 53331.31784915764
303.09999990463257, 43185.93563573566, 53331.31784915764
303.1010000705719, 43185.93563573566, 53331.31784915764
303.1010000705719, 43185.93563573566, 53327.150771806555
303.1010000705719, 43185.93563573566, 53327.150771806555
303.1010000705719, 43185.93563573566, 53327.150771806555
303.1159999370575, 43185.93563573566, 53327.150771806555
303.1180000305176, 43185.93563573566, 53327.150771806555
303.1180000305176, 43185.93563573566, 53327.150771806555
303.1180000305176, 43185.93563573566, 53327.150771806555
305.2850000858307, 43185.93563573566, 53327.150771806555
305.2850000858307, 43185.93563573566, 53327.150771806555
305.2850000858307, 43185.93563573566, 53327.150771806555
305.3029999732971, 43185.93563573566, 53324.15942591203
305.30599999427795, 43185.93563573566, 53324.15942591203
305.3090000152588, 43185.93563573566, 53324.15942591203
305.3199999332428, 43185.93563573566, 53323.660433105535
307.4010000228882, 43185.93563573566, 53323.660433105535
307.4010000228882, 43185.93563573566, 53322.19249416189
307.41799998283386, 43185.93563573566, 53322.19249416189
307.41799998283386, 43185.93563573566, 53318.59218756778
307.41799998283386, 43185.93563573566, 53318.59218756778
307.41799998283386, 43185.93563573566, 53318.59218756778
307.41799998283386, 43185.93563573566, 53318.59218756778
307.43499994277954, 43185.93563573566, 53318.59218756778
307.4379999637604, 43185.93563573566, 53318.59218756778
307.4409999847412, 43185.93563573566, 53318.59218756778
307.44400000572205, 43185.93563573566, 53318.59218756778
307.44799995422363, 43185.93563573566, 53318.59218756778
307.45499992370605, 43185.93563573566, 53318.59218756778
307.4579999446869, 43185.93563573566, 53318.59218756778
307.4619998931885, 43185.93563573566, 53313.79319547948
309.585000038147, 43185.93563573566, 53313.30252173797
309.585000038147, 43185.93563573566, 53313.30252173797
309.585000038147, 43185.93563573566, 53313.30252173797
309.585000038147, 43185.93563573566, 53313.30252173797
309.6010000705719, 43185.93563573566, 53313.30252173797
309.60400009155273, 43185.93563573566, 53313.30252173797
309.60400009155273, 43185.93563573566, 53313.30252173797
309.60400009155273, 43185.93563573566, 53313.15315140669
309.60400009155273, 43185.93563573566, 53313.15315140669
311.65199995040894, 43185.93563573566, 53313.15315140669
311.66799998283386, 43185.93563573566, 53310.92627168898
311.6710000038147, 43185.93563573566, 53310.92627168898
311.67400002479553, 43185.93563573566, 53310.92627168898
311.6779999732971, 43185.93563573566, 53310.92627168898
311.68499994277954, 43185.93563573566, 53310.17487115573
311.6870000362396, 43185.93563573566, 53310.17487115573
311.6870000362396, 43185.93563573566, 53308.30656188011
313.95099997520447, 43185.93563573566, 53304.9031716629
313.9670000076294, 43185.93563573566, 53302.547204300114
313.96799993515015, 43185.93563573566, 53302.547204300114
313.96799993515015, 43185.93563573566, 53302.547204300114
313.96799993515015, 43185.93563573566, 53301.384204408874
313.9849998950958, 43185.93563573566, 53299.1863067879
316.03399991989136, 43185.93563573566, 53298.59093135232
316.04900002479553, 43185.93563573566, 53298.59093135232
316.0510001182556, 43185.93563573566, 53298.59093135232
316.0510001182556, 43185.93563573566, 53298.59093135232
316.0510001182556, 43185.93563573566, 53298.59093135232
316.06900000572205, 43185.93563573566, 53297.44718761756
316.0720000267029, 43185.93563573566, 53297.44718761756
318.18499994277954, 43185.93563573566, 53297.44718761756
318.20099997520447, 43185.93563573566, 53297.44718761756
318.20099997520447, 43185.93563573566, 53296.5002036987
318.2079999446869, 43185.93563573566, 53296.5002036987
318.2079999446869, 43185.93563573566, 53296.5002036987
318.21799993515015, 43185.93563573566, 53296.5002036987
318.21799993515015, 43185.93563573566, 53296.5002036987
318.21799993515015, 43185.93563573566, 53296.5002036987
318.2330000400543, 43185.93563573566, 53296.5002036987
320.25, 43185.93563573566, 53296.5002036987
320.25099992752075, 43185.93563573566, 53296.5002036987
320.25099992752075, 43185.93563573566, 53296.5002036987
320.25099992752075, 43185.93563573566, 53296.5002036987
320.2660000324249, 43185.93563573566, 53296.5002036987
320.2699999809265, 43185.93563573566, 53296.5002036987
320.2720000743866, 43185.93563573566, 53296.5002036987
320.27300000190735, 43185.93563573566, 53293.44382715281
320.27300000190735, 43185.93563573566, 53293.44382715281
320.27300000190735, 43185.93563573566, 53293.44382715281
322.35599994659424, 43185.93563573566, 53291.301132390196
322.35599994659424, 43185.93563573566, 53291.301132390196
322.35599994659424, 43185.93563573566, 53291.301132390196
322.3680000305176, 43185.93563573566, 53291.301132390196
322.37599992752075, 43185.93563573566, 53291.301132390196
322.37599992752075, 43185.93563573566, 53291.301132390196
322.3900001049042, 43185.93563573566, 53288.76298616294
325.1180000305176, 43185.93563573566, 53288.76298616294
325.1180000305176, 43185.93563573566, 53288.76298616294
325.1180000305176, 43185.93563573566, 53288.76298616294
325.1329998970032, 43185.93563573566, 53286.02089275672
325.135999917984, 43185.93563573566, 53286.02089275672
325.1380000114441, 43185.93563573566, 53283.81873974068
325.1380000114441, 43185.93563573566, 53283.81873974068
325.1380000114441, 43185.93563573566, 53283.81873974068
325.15000009536743, 43185.93563573566, 53282.871442462536
325.1559998989105, 43185.93563573566, 53281.99484544374
327.6229999065399, 43185.93563573566, 53276.25180415147
327.63100004196167, 43185.93563573566, 53275.01846054858
327.63499999046326, 43185.93563573566, 53275.01846054858
327.64299988746643, 43185.93563573566, 53275.01846054858
327.6489999294281, 43185.93563573566, 53275.01846054858
327.654000043869, 43185.93563573566, 53275.01846054858
327.65700006484985, 43185.93563573566, 53275.01846054858
327.6640000343323, 43185.93563573566, 53275.01846054858
327.66799998283386, 43185.93563573566, 53275.01846054858
327.6730000972748, 43185.93563573566, 53275.01846054858
327.6800000667572, 43185.93563573566, 53275.01846054858
327.6909999847412, 43185.93563573566, 53273.178012775374
327.70099997520447, 43185.93563573566, 53273.178012775374
330.59500002861023, 43185.93563573566, 53272.959514807255
330.6029999256134, 43185.93563573566, 53272.959514807255
330.6099998950958, 43185.93563573566, 53272.959514807255
330.6159999370575, 43185.93563573566, 53272.959514807255
330.62800002098083, 43185.93563573566, 53272.959514807255
330.6380000114441, 43185.93563573566, 53272.959514807255
330.64400005340576, 43185.93563573566, 53272.959514807255
333.67400002479553, 43185.93563573566, 53272.959514807255
333.68300008773804, 43185.93563573566, 53272.959514807255
333.6879999637604, 43185.93563573566, 53272.959514807255
333.6930000782013, 43185.93563573566, 53272.959514807255
333.69600009918213, 43185.93563573566, 53272.959514807255
333.69900012016296, 43185.93563573566, 53271.081757043125
333.70300006866455, 43185.93563573566, 53271.081757043125
333.7060000896454, 43185.93563573566, 53271.081757043125
333.7090001106262, 43185.93563573566, 53271.081757043125
333.7130000591278, 43185.93563573566, 53265.43504306387
336.15300011634827, 43185.93563573566, 53265.43504306387
336.1619999408722, 43185.93563573566, 53264.81303738136
336.1670000553131, 43185.93563573566, 53264.81303738136
336.1730000972748, 43185.93563573566, 53264.81303738136
336.17700004577637, 43185.93563573566, 53264.81303738136
336.18300008773804, 43185.93563573566, 53263.30180295197
336.1889998912811, 43185.93563573566, 53263.30180295197
336.19799995422363, 43185.93563573566, 53261.39815528688
336.20700001716614, 43185.93563573566, 53257.43277917871
339.04900002479553, 43185.93563573566, 53257.43277917871
339.0569999217987, 43185.93563573566, 53257.43277917871
339.0620000362396, 43185.93563573566, 53257.43277917871
339.06500005722046, 43185.93563573566, 53257.43277917871
339.0699999332428, 43185.93563573566, 53256.715207490095
339.0769999027252, 43185.93563573566, 53255.614790589476
339.0810000896454, 43185.93563573566, 53255.614790589476
339.0840001106262, 43185.93563573566, 53255.614790589476
339.0869998931885, 43185.93563573566, 53255.614790589476
339.08899998664856, 43185.93563573566, 53255.614790589476
339.0920000076294, 43185.93563573566, 53254.780598390054
339.09500002861023, 43185.93563573566, 53254.780598390054
339.0970001220703, 43185.93563573566, 53254.780598390054
339.09999990463257, 43185.93563573566, 53254.780598390054
341.25099992752075, 43185.93563573566, 53252.51873067602
341.26799988746643, 43185.93563573566, 53252.51873067602
341.27099990844727, 43185.93563573566, 53252.51873067602
341.2739999294281, 43185.93563573566, 53252.51873067602
341.27699995040894, 43185.93563573566, 53252.51873067602
341.2809998989105, 43185.93563573566, 53252.51873067602
341.28399991989136, 43185.93563573566, 53252.51873067602
341.2850000858307, 43185.93563573566, 53252.51873067602
341.2850000858307, 43185.93563573566, 53252.51873067602
341.2850000858307, 43185.93563573566, 53252.51873067602
341.2850000858307, 43185.93563573566, 53252.51873067602
341.2850000858307, 43185.93563573566, 53252.51873067602
341.3010001182556, 43185.93563573566, 53252.51873067602
341.3010001182556, 43185.93563573566, 53251.01319277588
341.31699991226196, 43185.93563573566, 53251.01319277588
343.30999994277954, 43185.93563573566, 53245.4570846378
343.3139998912811, 43185.93563573566, 53245.26894949325
343.31699991226196, 43185.93563573566, 53245.15201444417
343.3199999332428, 43185.93563573566, 53245.15201444417
343.32299995422363, 43185.93563573566, 53245.15201444417
343.32599997520447, 43185.93563573566, 53245.15201444417
343.32999992370605, 43185.93563573566, 53245.15201444417
343.3329999446869, 43185.93563573566, 53245.15201444417
345.3840000629425, 43185.93563573566, 53243.694840044394
345.3840000629425, 43185.93563573566, 53242.86692414726
345.3989999294281, 43185.93563573566, 53241.69569904384
345.40199995040894, 43185.93563573566, 53241.69569904384
345.4059998989105, 43185.93563573566, 53241.69569904384
345.414999961853, 43185.93563573566, 53241.69569904384
345.4189999103546, 43185.93563573566, 53241.69569904384
345.42199993133545, 43185.93563573566, 53241.69569904384
345.4249999523163, 43185.93563573566, 53241.69569904384
347.76799988746643, 43185.93563573566, 53241.69569904384
347.77099990844727, 43185.93563573566, 53241.69569904384
347.77099990844727, 43185.93563573566, 53239.9475878856
347.77099990844727, 43185.93563573566, 53239.9475878856
347.7829999923706, 43185.93563573566, 53239.9475878856
347.7850000858307, 43185.93563573566, 53239.9475878856
347.7850000858307, 43185.93563573566, 53239.9475878856
347.7939999103546, 43185.93563573566, 53239.9475878856
347.7980000972748, 43185.93563573566, 53239.9475878856
347.7999999523163, 43185.93563573566, 53239.9475878856
347.8010001182556, 43185.93563573566, 53239.9475878856
349.66799998283386, 43185.93563573566, 53239.9475878856
349.67199993133545, 43185.93563573566, 53239.9475878856
349.6760001182556, 43185.93563573566, 53239.9475878856
349.67899990081787, 43185.93563573566, 53239.9475878856
349.68300008773804, 43185.93563573566, 53239.9475878856
349.68499994277954, 43185.93563573566, 53239.9475878856
349.6949999332428, 43185.93563573566, 53239.9475878856
349.7000000476837, 43185.93563573566, 53239.9475878856
349.70099997520447, 43185.93563573566, 53239.9475878856
349.70099997520447, 43185.93563573566, 53239.9475878856
349.70099997520447, 43185.93563573566, 53239.9475878856
349.71600008010864, 43185.93563573566, 53239.9475878856
349.71799993515015, 43185.93563573566, 53239.9475878856
349.71799993515015, 43185.93563573566, 53239.9475878856
349.71799993515015, 43185.93563573566, 53239.9475878856
351.93499994277954, 43185.93563573566, 53231.60977632157
351.95099997520447, 43185.93563573566, 53231.60977632157
351.95700001716614, 43185.93563573566, 53231.60977632157
351.960000038147, 43185.93563573566, 53231.60977632157
351.96799993515015, 43185.93563573566, 53230.67915900617
351.96799993515015, 43185.93563573566, 53230.269609328185
351.96799993515015, 43185.93563573566, 53228.69993785722
354.42700004577637, 43185.93563573566, 53228.69993785722
354.43099999427795, 43185.93563573566, 53228.69993785722
354.4340000152588, 43185.93563573566, 53228.69993785722
354.4389998912811, 43185.93563573566, 53227.0043744458
354.44199991226196, 43185.93563573566, 53227.0043744458
354.4449999332428, 43185.93563573566, 53227.0043744458
354.4470000267029, 43185.93563573566, 53227.0043744458
356.78200006484985, 43185.93563573566, 53227.0043744458
356.7850000858307, 43185.93563573566, 53227.0043744458
356.7850000858307, 43185.93563573566, 53227.0043744458
356.7850000858307, 43185.93563573566, 53227.0043744458
356.79900002479553, 43185.93563573566, 53227.0043744458
356.8010001182556, 43185.93563573566, 53227.0043744458
356.8010001182556, 43185.93563573566, 53227.0043744458
356.8010001182556, 43185.93563573566, 53222.458405132464
356.81900000572205, 43185.93563573566, 53222.458405132464
356.81900000572205, 43185.93563573566, 53221.954914596325
359.13499999046326, 43185.93563573566, 53219.71865507819
359.13499999046326, 43185.93563573566, 53219.71865507819
359.15000009536743, 43185.93563573566, 53219.71865507819
359.15300011634827, 43185.93563573566, 53219.71865507819
359.15899991989136, 43185.93563573566, 53219.71865507819
359.1659998893738, 43185.93563573566, 53219.71865507819
359.16799998283386, 43185.93563573566, 53219.71865507819
359.16799998283386, 43185.93563573566, 53219.71865507819
359.16799998283386, 43185.93563573566, 53219.71865507819
359.16799998283386, 43185.93563573566, 53219.71865507819
359.18499994277954, 43185.93563573566, 53219.71865507819
359.18499994277954, 43185.93563573566, 53219.71865507819
359.18499994277954, 43185.93563573566, 53218.680022028064
361.18300008773804, 43185.93563573566, 53217.83135648898
361.18499994277954, 43185.93563573566, 53217.83135648898
361.18499994277954, 43185.93563573566, 53217.83135648898
361.18499994277954, 43185.93563573566, 53217.83135648898
361.18499994277954, 43185.93563573566, 53217.83135648898
361.20099997520447, 43185.93563573566, 53217.83135648898
361.20300006866455, 43185.93563573566, 53217.83135648898
361.20499992370605, 43185.93563573566, 53217.83135648898
361.20499992370605, 43185.93563573566, 53217.83135648898
361.20499992370605, 43185.93563573566, 53217.8110343377
361.21799993515015, 43185.93563573566, 53216.131171115594
361.22300004959106, 43185.93563573566, 53215.68726749003
361.2260000705719, 43185.93563573566, 53215.68726749003
361.2349998950958, 43185.93563573566, 53215.68726749003
361.2349998950958, 43185.93563573566, 53215.68726749003
361.2349998950958, 43185.93563573566, 53215.68726749003
363.50099992752075, 43185.93563573566, 53211.12340512622
363.50099992752075, 43185.93563573566, 53211.12340512622
363.51799988746643, 43185.93563573566, 53211.12340512622
363.51799988746643, 43185.93563573566, 53210.78751557441
363.51799988746643, 43185.93563573566, 53210.78751557441
363.51799988746643, 43185.93563573566, 53210.78751557441
363.51799988746643, 43185.93563573566, 53210.691173228646
363.5329999923706, 43185.93563573566, 53210.691173228646
363.53399991989136, 43185.93563573566, 53210.691173228646
363.53399991989136, 43185.93563573566, 53210.18255765346
363.53399991989136, 43185.93563573566, 53209.84910659463
363.53399991989136, 43185.93563573566, 53209.84910659463
363.53399991989136, 43185.93563573566, 53207.072631914656
365.6510000228882, 43185.93563573566, 53207.072631914656
365.6510000228882, 43185.93563573566, 53207.072631914656
365.6510000228882, 43185.93563573566, 53207.072631914656
365.66799998283386, 43185.93563573566, 53207.072631914656
365.67700004577637, 43185.93563573566, 53207.072631914656
365.68300008773804, 43185.93563573566, 53207.072631914656
365.6860001087189, 43185.93563573566, 53207.072631914656
365.6860001087189, 43185.93563573566, 53207.072631914656
365.6860001087189, 43185.93563573566, 53207.072631914656
365.7000000476837, 43185.93563573566, 53207.072631914656
365.7000000476837, 43185.93563573566, 53206.92101585568
365.7000000476837, 43185.93563573566, 53206.563143549574
365.7149999141693, 43185.93563573566, 53206.563143549574
365.7170000076294, 43185.93563573566, 53206.563143549574
365.7260000705719, 43185.93563573566, 53206.563143549574
365.73600006103516, 43185.93563573566, 53206.563143549574
365.73600006103516, 43185.93563573566, 53206.563143549574
368.0840001106262, 43185.93563573566, 53205.70282109793
368.0989999771118, 43185.93563573566, 53205.70282109793
368.1010000705719, 43185.93563573566, 53205.70282109793
368.1010000705719, 43185.93563573566, 53205.70282109793
368.1010000705719, 43185.93563573566, 53205.70282109793
368.1010000705719, 43185.93563573566, 53205.70282109793
368.1010000705719, 43185.93563573566, 53205.70282109793
368.1159999370575, 43185.93563573566, 53205.70282109793
368.1180000305176, 43185.93563573566, 53205.70282109793
368.1180000305176, 43185.93563573566, 53205.70282109793
370.21799993515015, 43185.93563573566, 53204.96409888632
370.21799993515015, 43185.93563573566, 53204.96409888632
370.21799993515015, 43185.93563573566, 53204.96409888632
370.2330000400543, 43185.93563573566, 53204.96409888632
370.24000000953674, 43185.93563573566, 53204.96409888632
372.4849998950958, 43185.93563573566, 53201.1315743612
372.4849998950958, 43185.93563573566, 53199.522718866756
372.4849998950958, 43185.93563573566, 53199.522718866756
372.5, 43185.93563573566, 53199.522718866756
372.50099992752075, 43185.93563573566, 53198.600930535074
372.50099992752075, 43185.93563573566, 53198.600930535074
372.50099992752075, 43185.93563573566, 53198.600930535074
372.50099992752075, 43185.93563573566, 53198.600930535074
372.50099992752075, 43185.93563573566, 53198.600930535074
372.5169999599457, 43185.93563573566, 53198.600930535074
372.51799988746643, 43185.93563573566, 53198.600930535074
372.51799988746643, 43185.93563573566, 53198.600930535074
374.5510001182556, 43185.93563573566, 53198.600930535074
374.5510001182556, 43185.93563573566, 53196.578250732084
374.56900000572205, 43185.93563573566, 53196.578250732084
374.5720000267029, 43185.93563573566, 53196.578250732084
374.5750000476837, 43185.93563573566, 53196.578250732084
374.57800006866455, 43185.93563573566, 53196.578250732084
374.5840001106262, 43185.93563573566, 53196.578250732084
374.5899999141693, 43185.93563573566, 53196.578250732084
374.59299993515015, 43185.93563573566, 53196.578250732084
376.51799988746643, 43185.93563573566, 53196.578250732084
376.53399991989136, 43185.93563573566, 53196.578250732084
376.53600001335144, 43185.93563573566, 53196.578250732084
376.53600001335144, 43185.93563573566, 53196.578250732084
376.53600001335144, 43185.93563573566, 53196.578250732084
376.53600001335144, 43185.93563573566, 53196.578250732084
376.53600001335144, 43185.93563573566, 53196.578250732084
376.55200004577637, 43185.93563573566, 53192.89807604027
376.55599999427795, 43185.93563573566, 53192.89807604027
376.55599999427795, 43185.93563573566, 53192.89807604027
376.55599999427795, 43185.93563573566, 53192.89807604027
376.56699991226196, 43185.93563573566, 53191.27982427456
376.56699991226196, 43185.93563573566, 53191.27982427456
376.5829999446869, 43185.93563573566, 53191.27982427456
376.5840001106262, 43185.93563573566, 53191.27982427456
376.5840001106262, 43185.93563573566, 53191.27982427456
376.5840001106262, 43185.93563573566, 53191.27982427456
376.59999990463257, 43185.93563573566, 53191.27982427456
376.6010000705719, 43185.93563573566, 53187.728278274866
376.6010000705719, 43185.93563573566, 53187.728278274866
378.91799998283386, 43185.93563573566, 53187.30333624255
378.91799998283386, 43185.93563573566, 53187.30333624255
378.9319999217987, 43185.93563573566, 53187.30333624255
378.9360001087189, 43185.93563573566, 53185.97006057101
378.9360001087189, 43185.93563573566, 53185.97006057101
381.13499999046326, 43185.93563573566, 53185.97006057101
381.13499999046326, 43185.93563573566, 53185.97006057101
381.13499999046326, 43185.93563573566, 53185.97006057101
381.13499999046326, 43185.93563573566, 53185.97006057101
381.1489999294281, 43185.93563573566, 53185.97006057101
381.15199995040894, 43185.93563573566, 53185.97006057101
381.15499997138977, 43185.93563573566, 53185.97006057101
381.15700006484985, 43185.93563573566, 53185.97006057101
381.15700006484985, 43185.93563573566, 53185.97006057101
381.15700006484985, 43185.93563573566, 53185.97006057101
381.15700006484985, 43185.93563573566, 53185.97006057101
381.16799998283386, 43185.93563573566, 53185.01228304238
381.17199993133545, 43185.93563573566, 53185.01228304238
381.1760001182556, 43185.93563573566, 53185.01228304238
381.18300008773804, 43185.93563573566, 53185.01228304238
383.2669999599457, 43185.93563573566, 53185.01228304238
383.2669999599457, 43185.93563573566, 53185.01228304238
383.2669999599457, 43185.93563573566, 53185.01228304238
383.2669999599457, 43185.93563573566, 53185.01228304238
383.2850000858307, 43185.93563573566, 53185.01228304238
383.2850000858307, 43185.93563573566, 53185.01228304238
383.2850000858307, 43185.93563573566, 53185.01228304238
383.29900002479553, 43185.93563573566, 53185.01228304238
383.2999999523163, 43185.93563573566, 53185.01228304238
383.2999999523163, 43185.93563573566, 53183.139860175244
385.5329999923706, 43185.93563573566, 53182.642118027215
385.5350000858307, 43185.93563573566, 53182.642118027215
385.5350000858307, 43185.93563573566, 53182.642118027215
385.5350000858307, 43185.93563573566, 53182.642118027215
385.5350000858307, 43185.93563573566, 53182.642118027215
385.5499999523163, 43185.93563573566, 53182.642118027215
385.5510001182556, 43185.93563573566, 53180.562167227225
385.5510001182556, 43185.93563573566, 53180.562167227225
385.5510001182556, 43185.93563573566, 53180.562167227225
385.56699991226196, 43185.93563573566, 53180.562167227225
385.56699991226196, 43185.93563573566, 53180.562167227225
387.9010000228882, 43185.93563573566, 53180.562167227225
387.9010000228882, 43185.93563573566, 53180.562167227225
387.91799998283386, 43185.93563573566, 53180.562167227225
387.9210000038147, 43185.93563573566, 53180.562167227225
387.9210000038147, 43185.93563573566, 53177.816795677754
387.9210000038147, 43185.93563573566, 53177.816795677754
387.9210000038147, 43185.93563573566, 53177.816795677754
387.9340000152588, 43185.93563573566, 53177.816795677754
387.9370000362396, 43185.93563573566, 53177.816795677754
387.94000005722046, 43185.93563573566, 53177.816795677754
390.2850000858307, 43185.93563573566, 53175.321454758225
390.2850000858307, 43185.93563573566, 53175.321454758225
390.2999999523163, 43185.93563573566, 53175.321454758225
390.30399990081787, 43185.93563573566, 53175.321454758225
390.3069999217987, 43185.93563573566, 53175.321454758225
390.3069999217987, 43185.93563573566, 53175.321454758225
390.31900000572205, 43185.93563573566, 53174.112206382815
390.32299995422363, 43185.93563573566, 53174.112206382815
390.3250000476837, 43185.93563573566, 53174.112206382815
390.3289999961853, 43185.93563573566, 53174.112206382815
390.3310000896454, 43185.93563573566, 53174.112206382815
390.335000038147, 43185.93563573566, 53174.112206382815
390.335000038147, 43185.93563573566, 53174.112206382815
390.335000038147, 43185.93563573566, 53174.112206382815
392.7869999408722, 43185.93563573566, 53174.112206382815
392.7869999408722, 43185.93563573566, 53174.112206382815
392.7869999408722, 43185.93563573566, 53174.112206382815
392.8010001182556, 43185.93563573566, 53174.112206382815
392.8010001182556, 43185.93563573566, 53174.112206382815
392.8010001182556, 43185.93563573566, 53174.112206382815
392.8010001182556, 43185.93563573566, 53174.112206382815
392.8010001182556, 43185.93563573566, 53174.112206382815
392.81900000572205, 43185.93563573566, 53170.330179043805
392.81900000572205, 43185.93563573566, 53170.330179043805
394.8010001182556, 43185.93563573566, 53170.330179043805
394.8010001182556, 43185.93563573566, 53170.330179043805
394.8159999847412, 43185.93563573566, 53170.330179043805
394.8180000782013, 43185.93563573566, 53170.330179043805
394.8180000782013, 43185.93563573566, 53170.330179043805
394.8180000782013, 43185.93563573566, 53170.330179043805
394.835000038147, 43185.93563573566, 53167.55177724876
394.835000038147, 43185.93563573566, 53167.55177724876
394.8510000705719, 43185.93563573566, 53167.55177724876
394.8589999675751, 43185.93563573566, 53167.55177724876
394.8619999885559, 43185.93563573566, 53167.55177724876
394.8670001029968, 43185.93563573566, 53167.55177724876
397.2850000858307, 43185.93563573566, 53164.205545694655
397.2850000858307, 43185.93563573566, 53164.205545694655
397.2999999523163, 43185.93563573566, 53164.205545694655
397.3050000667572, 43185.93563573566, 53164.205545694655
397.30999994277954, 43185.93563573566, 53164.205545694655
397.3110001087189, 43185.93563573566, 53164.205545694655
397.31900000572205, 43185.93563573566, 53164.205545694655
399.16799998283386, 43185.93563573566, 53164.205545694655
399.16799998283386, 43185.93563573566, 53164.205545694655
399.16799998283386, 43185.93563573566, 53164.205545694655
399.18499994277954, 43185.93563573566, 53164.205545694655
399.18499994277954, 43185.93563573566, 53164.205545694655
399.18499994277954, 43185.93563573566, 53164.205545694655
401.3659999370575, 43185.93563573566, 53164.205545694655
401.36899995803833, 43185.93563573566, 53164.205545694655
401.36899995803833, 43185.93563573566, 53164.205545694655
401.36899995803833, 43185.93563573566, 53164.205545694655
403.45099997520447, 43185.93563573566, 53164.205545694655
403.45099997520447, 43185.93563573566, 53164.205545694655
403.45099997520447, 43185.93563573566, 53160.56031901878
403.4670000076294, 43185.93563573566, 53160.56031901878
403.46799993515015, 43185.93563573566, 53160.56031901878
403.46799993515015, 43185.93563573566, 53160.56031901878
403.46799993515015, 43185.93563573566, 53160.56031901878
403.4830000400543, 43185.93563573566, 53158.007188593314
403.4830000400543, 43185.93563573566, 53154.26425341817
403.4830000400543, 43185.93563573566, 53154.26425341817
403.4830000400543, 43185.93563573566, 53154.26425341817
405.68099999427795, 43185.93563573566, 53153.049724929144
405.68499994277954, 43185.93563573566, 53153.049724929144
405.68499994277954, 43185.93563573566, 53153.049724929144
405.68499994277954, 43185.93563573566, 53153.049724929144
405.68499994277954, 43185.93563573566, 53153.049724929144
405.70099997520447, 43185.93563573566, 53153.049724929144
405.70700001716614, 43185.93563573566, 53153.049724929144
407.88499999046326, 43185.93563573566, 53153.049724929144
407.9010000228882, 43185.93563573566, 53151.9570778155
407.9010000228882, 43185.93563573566, 53151.9570778155
407.9010000228882, 43185.93563573566, 53150.72521758344
407.9010000228882, 43185.93563573566, 53150.72521758344
407.9010000228882, 43185.93563573566, 53149.652412631796
407.91799998283386, 43185.93563573566, 53149.652412631796
407.91799998283386, 43185.93563573566, 53149.652412631796
407.91799998283386, 43185.93563573566, 53149.652412631796
407.91799998283386, 43185.93563573566, 53149.652412631796
410.21399998664856, 43185.93563573566, 53147.296791298664
410.2190001010895, 43185.93563573566, 53146.34993664018
410.2190001010895, 43185.93563573566, 53146.34993664018
410.2190001010895, 43185.93563573566, 53146.34993664018
410.2190001010895, 43185.93563573566, 53146.34993664018
410.2349998950958, 43185.93563573566, 53146.34993664018
410.239000082016, 43185.93563573566, 53145.39733427438
410.2420001029968, 43185.93563573566, 53142.25141577511
412.7039999961853, 43185.93563573566, 53142.134880281716
412.71600008010864, 43185.93563573566, 53142.134880281716
412.72000002861023, 43185.93563573566, 53142.134880281716
412.72300004959106, 43185.93563573566, 53142.134880281716
412.72699999809265, 43185.93563573566, 53141.35577899371
412.73099994659424, 43185.93563573566, 53141.35577899371
412.7339999675751, 43185.93563573566, 53141.04362487733
412.74000000953674, 43185.93563573566, 53140.52094044138
412.7449998855591, 43185.93563573566, 53140.37387823651
412.75, 43185.93563573566, 53140.16328077938
412.75099992752075, 43185.93563573566, 53140.16328077938
414.8010001182556, 43185.93563573566, 53138.331318088756
414.8010001182556, 43185.93563573566, 53138.331318088756
414.8010001182556, 43185.93563573566, 53138.331318088756
414.8159999847412, 43185.93563573566, 53138.331318088756
414.8180000782013, 43185.93563573566, 53137.1244527154
414.8180000782013, 43185.93563573566, 53137.1244527154
414.8250000476837, 43185.93563573566, 53137.1244527154
414.8250000476837, 43185.93563573566, 53137.1244527154
417.18499994277954, 43185.93563573566, 53137.1244527154
417.20300006866455, 43185.93563573566, 53137.1244527154
417.20700001716614, 43185.93563573566, 53137.1244527154
417.210000038147, 43185.93563573566, 53137.1244527154
417.2109999656677, 43185.93563573566, 53137.1244527154
417.21799993515015, 43185.93563573566, 53137.1244527154
417.220999956131, 43185.93563573566, 53137.1244527154
417.220999956131, 43185.93563573566, 53136.96503702969
417.220999956131, 43185.93563573566, 53135.29802951301
417.220999956131, 43185.93563573566, 53135.04731972538
417.2339999675751, 43185.93563573566, 53135.04731972538
417.2339999675751, 43185.93563573566, 53135.04731972538
417.2339999675751, 43185.93563573566, 53135.04731972538
417.2339999675751, 43185.93563573566, 53135.04731972538
419.71799993515015, 43185.93563573566, 53134.444164232234
419.71799993515015, 43185.93563573566, 53134.444164232234
419.71799993515015, 43185.93563573566, 53134.444164232234
419.71799993515015, 43185.93563573566, 53134.444164232234
419.71799993515015, 43185.93563573566, 53134.444164232234
419.7349998950958, 43185.93563573566, 53134.444164232234
419.7349998950958, 43185.93563573566, 53134.444164232234
419.7349998950958, 43185.93563573566, 53134.444164232234
419.7349998950958, 43185.93563573566, 53134.444164232234
419.74399995803833, 43185.93563573566, 53134.444164232234
419.74399995803833, 43185.93563573566, 53132.9668620953
419.75, 43185.93563573566, 53132.9668620953
419.75099992752075, 43185.93563573566, 53132.9668620953
419.75099992752075, 43185.93563573566, 53132.9668620953
421.7699999809265, 43185.93563573566, 53132.9668620953
421.7699999809265, 43185.93563573566, 53132.9668620953
421.7699999809265, 43185.93563573566, 53132.9668620953
421.78399991989136, 43185.93563573566, 53132.9668620953
421.789999961853, 43185.93563573566, 53132.9668620953
421.79299998283386, 43185.93563573566, 53132.9668620953
421.79500007629395, 43185.93563573566, 53132.9668620953
421.8029999732971, 43185.93563573566, 53132.9668620953
421.8029999732971, 43185.93563573566, 53132.9668620953
421.8029999732971, 43185.93563573566, 53131.319153789
421.81699991226196, 43185.93563573566, 53131.319153789
421.81699991226196, 43185.93563573566, 53129.57769721083
424.1180000305176, 43185.93563573566, 53122.96723305627
424.1180000305176, 43185.93563573566, 53122.68897894824
424.1329998970032, 43185.93563573566, 53122.68897894824
424.13499999046326, 43185.93563573566, 53122.68897894824
424.13499999046326, 43185.93563573566, 53122.68897894824
424.1510000228882, 43185.93563573566, 53122.68897894824
424.1510000228882, 43185.93563573566, 53122.68897894824
424.16799998283386, 43185.93563573566, 53122.68897894824
424.16799998283386, 43185.93563573566, 53122.68897894824
426.7909998893738, 43185.93563573566, 53122.68897894824
426.79900002479553, 43185.93563573566, 53122.68897894824
426.80399990081787, 43185.93563573566, 53122.68897894824
426.80999994277954, 43185.93563573566, 53122.68897894824
426.81699991226196, 43185.93563573566, 53122.68897894824
426.8199999332428, 43185.93563573566, 53120.58820480365
426.8199999332428, 43185.93563573566, 53120.58820480365
426.8199999332428, 43185.93563573566, 53120.58820480365
426.8359999656677, 43185.93563573566, 53117.54822545779
428.96799993515015, 43185.93563573566, 53117.54822545779
428.9849998950958, 43185.93563573566, 53117.54822545779
428.9849998950958, 43185.93563573566, 53117.54822545779
428.9849998950958, 43185.93563573566, 53116.95204806857
428.9849998950958, 43185.93563573566, 53116.95204806857
429.0, 43185.93563573566, 53116.95204806857
429.00099992752075, 43185.93563573566, 53110.841105572734
431.43499994277954, 43185.93563573566, 53110.841105572734
431.44000005722046, 43185.93563573566, 53110.64582217654
431.44600009918213, 43185.93563573566, 53110.64582217654
431.4519999027252, 43185.93563573566, 53110.64582217654
431.4560000896454, 43185.93563573566, 53110.64582217654
431.4590001106262, 43185.93563573566, 53110.64582217654
431.4590001106262, 43185.93563573566, 53110.64582217654
431.46799993515015, 43185.93563573566, 53110.64582217654
431.47000002861023, 43185.93563573566, 53110.64582217654
431.47000002861023, 43185.93563573566, 53110.64582217654
433.88499999046326, 43185.93563573566, 53109.09948241996
433.88499999046326, 43185.93563573566, 53109.09948241996
433.9010000228882, 43185.93563573566, 53109.09948241996
433.9010000228882, 43185.93563573566, 53109.02328812974
433.9010000228882, 43185.93563573566, 53109.02328812974
433.91799998283386, 43185.93563573566, 53107.62469510518
433.92700004577637, 43185.93563573566, 53107.62469510518
433.93099999427795, 43185.93563573566, 53107.62469510518
433.9360001087189, 43185.93563573566, 53107.62469510518
433.94000005722046, 43185.93563573566, 53107.62469510518
436.20099997520447, 43185.93563573566, 53107.62469510518
436.20099997520447, 43185.93563573566, 53107.62469510518
436.20099997520447, 43185.93563573566, 53107.62469510518
436.21799993515015, 43185.93563573566, 53107.62469510518
436.22499990463257, 43185.93563573566, 53105.29926328551
436.2279999256134, 43185.93563573566, 53105.29926328551
436.2349998950958, 43185.93563573566, 53104.6878088741
436.2349998950958, 43185.93563573566, 53104.317106175215
436.2349998950958, 43185.93563573566, 53104.317106175215
436.2349998950958, 43185.93563573566, 53104.317106175215
436.25099992752075, 43185.93563573566, 53104.317106175215
436.25099992752075, 43185.93563573566, 53104.317106175215
436.25099992752075, 43185.93563573566, 53103.98750407467
436.25099992752075, 43185.93563573566, 53103.638575763536
436.2660000324249, 43185.93563573566, 53103.638575763536
436.26900005340576, 43185.93563573566, 53101.38798045965
438.7890000343323, 43185.93563573566, 53101.38798045965
438.7890000343323, 43185.93563573566, 53101.38798045965
438.7890000343323, 43185.93563573566, 53101.38798045965
438.8010001182556, 43185.93563573566, 53101.38798045965
438.8010001182556, 43185.93563573566, 53101.38798045965
438.8010001182556, 43185.93563573566, 53101.38798045965
438.8010001182556, 43185.93563573566, 53100.42465499821
438.8010001182556, 43185.93563573566, 53100.42465499821
438.8180000782013, 43185.93563573566, 53100.42465499821
438.8180000782013, 43185.93563573566, 53100.42465499821
438.8180000782013, 43185.93563573566, 53100.42465499821
438.8180000782013, 43185.93563573566, 53100.42465499821
438.835000038147, 43185.93563573566, 53100.42465499821
438.8359999656677, 43185.93563573566, 53100.42465499821
438.8359999656677, 43185.93563573566, 53100.42465499821
438.8359999656677, 43185.93563573566, 53100.42465499821
438.84999990463257, 43185.93563573566, 53100.42465499821
441.2850000858307, 43185.93563573566, 53100.42465499821
441.3029999732971, 43185.93563573566, 53100.42465499821
441.3029999732971, 43185.93563573566, 53100.42465499821
441.3029999732971, 43185.93563573566, 53097.56181142348
441.31699991226196, 43185.93563573566, 53097.56181142348
441.32100009918213, 43185.93563573566, 53097.56181142348
441.3250000476837, 43185.93563573566, 53097.56181142348
441.3310000896454, 43185.93563573566, 53096.13505574069
441.335000038147, 43185.93563573566, 53096.13505574069
441.335000038147, 43185.93563573566, 53094.38826670559
443.6510000228882, 43185.93563573566, 53094.38826670559
443.6510000228882, 43185.93563573566, 53094.38826670559
443.6510000228882, 43185.93563573566, 53094.38826670559
443.6670000553131, 43185.93563573566, 53094.38826670559
443.67000007629395, 43185.93563573566, 53093.50341155566
443.67400002479553, 43185.93563573566, 53093.50341155566
443.6779999732971, 43185.93563573566, 53093.50341155566
443.6800000667572, 43185.93563573566, 53093.50341155566
443.68499994277954, 43185.93563573566, 53093.50341155566
443.68499994277954, 43185.93563573566, 53093.50341155566
443.68499994277954, 43185.93563573566, 53093.50341155566
443.68499994277954, 43185.93563573566, 53093.50341155566
443.69900012016296, 43185.93563573566, 53092.88864721642
443.70099997520447, 43185.93563573566, 53092.88864721642
446.1419999599457, 43185.93563573566, 53092.88864721642
446.1470000743866, 43185.93563573566, 53092.88864721642
446.15199995040894, 43185.93563573566, 53092.88864721642
446.15700006484985, 43185.93563573566, 53092.88864721642
446.1600000858307, 43185.93563573566, 53092.88864721642
446.1670000553131, 43185.93563573566, 53092.88864721642
446.16799998283386, 43185.93563573566, 53092.88864721642
446.16799998283386, 43185.93563573566, 53092.88864721642
446.16799998283386, 43185.93563573566, 53091.35891296046
446.1840000152588, 43185.93563573566, 53091.35891296046
446.19199991226196, 43185.93563573566, 53091.35891296046
446.19400000572205, 43185.93563573566, 53090.423064713345
446.19900012016296, 43185.93563573566, 53090.423064713345
446.20099997520447, 43185.93563573566, 53090.423064713345
448.80200004577637, 43185.93563573566, 53090.423064713345
448.80200004577637, 43185.93563573566, 53088.63777562794
448.80999994277954, 43185.93563573566, 53088.63777562794
448.8180000782013, 43185.93563573566, 53087.56268393963
448.8180000782013, 43185.93563573566, 53087.56268393963
448.8180000782013, 43185.93563573566, 53087.56268393963
448.8180000782013, 43185.93563573566, 53087.56268393963
448.8180000782013, 43185.93563573566, 53087.56268393963
448.835000038147, 43185.93563573566, 53087.56268393963
448.835000038147, 43185.93563573566, 53087.56268393963
451.15199995040894, 43185.93563573566, 53085.56861057631
451.1670000553131, 43185.93563573566, 53085.56861057631
451.17000007629395, 43185.93563573566, 53085.56861057631
451.1760001182556, 43185.93563573566, 53085.56861057631
451.17899990081787, 43185.93563573566, 53085.56861057631
451.1860001087189, 43185.93563573566, 53085.56861057631
451.1860001087189, 43185.93563573566, 53085.56861057631
451.19600009918213, 43185.93563573566, 53085.56861057631
451.20099997520447, 43185.93563573566, 53085.56861057631
451.20099997520447, 43185.93563573566, 53085.56861057631
453.6180000305176, 43185.93563573566, 53085.56861057631
453.6329998970032, 43185.93563573566, 53085.56861057631
453.63499999046326, 43185.93563573566, 53085.56861057631
453.63499999046326, 43185.93563573566, 53085.56861057631
453.63499999046326, 43185.93563573566, 53085.56861057631
453.63499999046326, 43185.93563573566, 53085.56861057631
453.6510000228882, 43185.93563573566, 53085.56861057631
456.1510000228882, 43185.93563573566, 53085.56861057631
456.1689999103546, 43185.93563573566, 53085.56861057631
456.1730000972748, 43185.93563573566, 53085.56861057631
456.1800000667572, 43185.93563573566, 53085.56861057631
456.1860001087189, 43185.93563573566, 53085.56861057631
456.1930000782013, 43185.93563573566, 53085.56861057631
456.1970000267029, 43185.93563573566, 53085.56861057631
456.20099997520447, 43185.93563573566, 53085.56861057631
456.20099997520447, 43185.93563573566, 53085.56861057631
456.20099997520447, 43185.93563573566, 53085.56861057631
458.43499994277954, 43185.93563573566, 53085.56861057631
458.43499994277954, 43185.93563573566, 53085.56861057631
458.43499994277954, 43185.93563573566, 53085.56861057631
458.44900012016296, 43185.93563573566, 53085.56861057631
458.45099997520447, 43185.93563573566, 53085.56861057631
458.45099997520447, 43185.93563573566, 53085.56861057631
458.45099997520447, 43185.93563573566, 53085.56861057631
458.45099997520447, 43185.93563573566, 53085.56861057631
458.46799993515015, 43185.93563573566, 53085.56861057631
458.46799993515015, 43185.93563573566, 53079.43298309486
458.46799993515015, 43185.93563573566, 53079.43298309486
458.4830000400543, 43185.93563573566, 53078.114940131425
460.50099992752075, 43185.93563573566, 53078.114940131425
460.5160000324249, 43185.93563573566, 53078.114940131425
460.5199999809265, 43185.93563573566, 53078.114940131425
460.5239999294281, 43185.93563573566, 53078.114940131425
460.529000043869, 43185.93563573566, 53078.114940131425
460.53399991989136, 43185.93563573566, 53078.114940131425
460.53600001335144, 43185.93563573566, 53078.114940131425
460.53600001335144, 43185.93563573566, 53078.114940131425
460.5499999523163, 43185.93563573566, 53078.114940131425
460.5510001182556, 43185.93563573566, 53078.114940131425
460.5620000362396, 43185.93563573566, 53078.114940131425
460.5659999847412, 43185.93563573566, 53078.114940131425
460.56699991226196, 43185.93563573566, 53078.114940131425
460.56699991226196, 43185.93563573566, 53078.114940131425
460.56699991226196, 43185.93563573566, 53078.114940131425
460.5840001106262, 43185.93563573566, 53078.114940131425
460.5970001220703, 43185.93563573566, 53078.114940131425
460.6029999256134, 43185.93563573566, 53075.26117382346
463.01799988746643, 43185.93563573566, 53075.26117382346
463.01799988746643, 43185.93563573566, 53075.26117382346
463.0329999923706, 43185.93563573566, 53074.34781853178
463.0329999923706, 43185.93563573566, 53074.34781853178
463.0329999923706, 43185.93563573566, 53074.34781853178
463.0329999923706, 43185.93563573566, 53074.34781853178
463.0499999523163, 43185.93563573566, 53074.34781853178
463.0510001182556, 43185.93563573566, 53073.44811841212
463.0510001182556, 43185.93563573566, 53073.44811841212
463.0510001182556, 43185.93563573566, 53073.44811841212
463.0510001182556, 43185.93563573566, 53073.44811841212
463.07100009918213, 43185.93563573566, 53073.44811841212
463.07400012016296, 43185.93563573566, 53073.44811841212
463.07800006866455, 43185.93563573566, 53073.44811841212
463.0810000896454, 43185.93563573566, 53073.44811841212
463.0859999656677, 43185.93563573566, 53073.44811841212
463.09100008010864, 43185.93563573566, 53073.44811841212
463.1010000705719, 43185.93563573566, 53071.35024890989
465.5989999771118, 43185.93563573566, 53071.35024890989
465.6010000705719, 43185.93563573566, 53071.35024890989
465.6010000705719, 43185.93563573566, 53071.35024890989
465.6010000705719, 43185.93563573566, 53071.35024890989
465.6010000705719, 43185.93563573566, 53071.306943143354
465.61899995803833, 43185.93563573566, 53071.306943143354
465.62199997901917, 43185.93563573566, 53071.306943143354
465.6270000934601, 43185.93563573566, 53071.306943143354
465.6270000934601, 43185.93563573566, 53071.306943143354
465.63499999046326, 43185.93563573566, 53071.306943143354
465.63499999046326, 43185.93563573566, 53071.306943143354
465.63499999046326, 43185.93563573566, 53069.10325849492
465.6510000228882, 43185.93563573566, 53069.10325849492
468.00099992752075, 43185.93563573566, 53069.10325849492
468.0160000324249, 43185.93563573566, 53068.264642848866
468.01799988746643, 43185.93563573566, 53068.264642848866
468.01799988746643, 43185.93563573566, 53068.264642848866
468.01799988746643, 43185.93563573566, 53068.264642848866
468.01799988746643, 43185.93563573566, 53068.264642848866
468.03200006484985, 43185.93563573566, 53067.30867560786
468.03399991989136, 43185.93563573566, 53067.30867560786
468.03399991989136, 43185.93563573566, 53067.30867560786
468.03399991989136, 43185.93563573566, 53064.181603220655
470.5829999446869, 43185.93563573566, 53063.52337757793
470.595999956131, 43185.93563573566, 53063.52337757793
470.60400009155273, 43185.93563573566, 53063.52337757793
470.6089999675751, 43185.93563573566, 53063.52337757793
470.6089999675751, 43185.93563573566, 53063.52337757793
470.61899995803833, 43185.93563573566, 53063.52337757793
470.6199998855591, 43185.93563573566, 53063.52337757793
470.6199998855591, 43185.93563573566, 53063.52337757793
470.6199998855591, 43185.93563573566, 53063.52337757793
470.6329998970032, 43185.93563573566, 53063.41341305436
470.6380000114441, 43185.93563573566, 53063.41341305436
470.6380000114441, 43185.93563573566, 53063.41341305436
470.6380000114441, 43185.93563573566, 53063.41341305436
470.65199995040894, 43185.93563573566, 53063.41341305436
470.6579999923706, 43185.93563573566, 53058.08098223223
472.91799998283386, 43185.93563573566, 53058.08098223223
472.91799998283386, 43185.93563573566, 53058.08098223223
472.9249999523163, 43185.93563573566, 53058.08098223223
472.92899990081787, 43185.93563573566, 53058.08098223223
472.92899990081787, 43185.93563573566, 53058.08098223223
472.93499994277954, 43185.93563573566, 53058.08098223223
472.93499994277954, 43185.93563573566, 53058.08098223223
472.94000005722046, 43185.93563573566, 53058.08098223223
472.94000005722046, 43185.93563573566, 53058.08098223223
472.9470000267029, 43185.93563573566, 53058.08098223223
472.9500000476837, 43185.93563573566, 53057.55156873868
472.9500000476837, 43185.93563573566, 53057.55156873868
472.9500000476837, 43185.93563573566, 53057.55156873868
472.9500000476837, 43185.93563573566, 53057.269447557235
472.9670000076294, 43185.93563573566, 53057.269447557235
475.5350000858307, 43185.93563573566, 53056.74183238607
475.55200004577637, 43185.93563573566, 53056.74183238607
475.55800008773804, 43185.93563573566, 53056.74183238607
475.5590000152588, 43185.93563573566, 53056.74183238607
475.5680000782013, 43185.93563573566, 53056.74183238607
475.5680000782013, 43185.93563573566, 53056.74183238607
475.5680000782013, 43185.93563573566, 53056.74183238607
475.5840001106262, 43185.93563573566, 53056.74183238607
475.5840001106262, 43185.93563573566, 53056.74183238607
475.5840001106262, 43185.93563573566, 53056.74183238607
475.5840001106262, 43185.93563573566, 53056.74183238607
475.5840001106262, 43185.93563573566, 53056.74183238607
475.6010000705719, 43185.93563573566, 53052.55245872461
475.6010000705719, 43185.93563573566, 53052.55245872461
475.6010000705719, 43185.93563573566, 53052.55245872461
475.6010000705719, 43185.93563573566, 53052.55245872461
475.6010000705719, 43185.93563573566, 53052.55245872461
475.6170001029968, 43185.93563573566, 53052.55245872461
475.6180000305176, 43185.93563573566, 53052.55245872461
475.6210000514984, 43185.93563573566, 53052.55245872461
475.6210000514984, 43185.93563573566, 53052.55245872461
478.25099992752075, 43185.93563573566, 53052.31135864406
478.25099992752075, 43185.93563573566, 53052.31135864406
478.26799988746643, 43185.93563573566, 53052.31135864406
478.26799988746643, 43185.93563573566, 53052.31135864406
478.26799988746643, 43185.93563573566, 53052.31135864406
478.26799988746643, 43185.93563573566, 53052.31135864406
478.2829999923706, 43185.93563573566, 53052.182963802006
478.2869999408722, 43185.93563573566, 53052.182963802006
478.2869999408722, 43185.93563573566, 53052.182963802006
478.2869999408722, 43185.93563573566, 53052.182963802006
478.2869999408722, 43185.93563573566, 53052.182963802006
478.29900002479553, 43185.93563573566, 53052.182963802006
478.3010001182556, 43185.93563573566, 53052.182963802006
478.3010001182556, 43185.93563573566, 53052.182963802006
478.3010001182556, 43185.93563573566, 53052.182963802006
478.3010001182556, 43185.93563573566, 53052.182963802006
478.3180000782013, 43185.93563573566, 53051.173385088056
480.67199993133545, 43185.93563573566, 53050.50272156688
480.67400002479553, 43185.93563573566, 53050.50272156688
480.6840000152588, 43185.93563573566, 53050.50272156688
480.69000005722046, 43185.93563573566, 53050.39835945274
483.3180000782013, 43185.93563573566, 53049.557513057975
483.3180000782013, 43185.93563573566, 53049.557513057975
483.3329999446869, 43185.93563573566, 53049.557513057975
483.335000038147, 43185.93563573566, 53049.557513057975
483.335000038147, 43185.93563573566, 53049.557513057975
483.335000038147, 43185.93563573566, 53049.557513057975
483.335000038147, 43185.93563573566, 53049.557513057975
483.3510000705719, 43185.93563573566, 53049.557513057975
483.3510000705719, 43185.93563573566, 53049.557513057975
483.3510000705719, 43185.93563573566, 53049.557513057975
483.3510000705719, 43185.93563573566, 53049.557513057975
483.3510000705719, 43185.93563573566, 53049.557513057975
483.3659999370575, 43185.93563573566, 53049.557513057975
483.3670001029968, 43185.93563573566, 53049.557513057975
483.3670001029968, 43185.93563573566, 53049.557513057975
483.3670001029968, 43185.93563573566, 53049.557513057975
483.3829998970032, 43185.93563573566, 53049.557513057975
483.38499999046326, 43185.93563573566, 53049.557513057975
485.96799993515015, 43185.93563573566, 53049.557513057975
485.9849998950958, 43185.93563573566, 53049.557513057975
485.9920001029968, 43185.93563573566, 53049.557513057975
485.9930000305176, 43185.93563573566, 53049.557513057975
486.0039999485016, 43185.93563573566, 53049.557513057975
486.0039999485016, 43185.93563573566, 53049.557513057975
486.0039999485016, 43185.93563573566, 53049.557513057975
486.0169999599457, 43185.93563573566, 53049.557513057975
486.0169999599457, 43185.93563573566, 53049.557513057975
486.0169999599457, 43185.93563573566, 53049.557513057975
486.0169999599457, 43185.93563573566, 53049.557513057975
488.2520000934601, 43185.93563573566, 53049.557513057975
488.2669999599457, 43185.93563573566, 53049.557513057975
488.26799988746643, 43185.93563573566, 53049.557513057975
488.26799988746643, 43185.93563573566, 53049.557513057975
488.26799988746643, 43185.93563573566, 53049.557513057975
488.2829999923706, 43185.93563573566, 53049.557513057975
488.2850000858307, 43185.93563573566, 53049.557513057975
488.2850000858307, 43185.93563573566, 53049.557513057975
488.2850000858307, 43185.93563573566, 53049.557513057975
488.2850000858307, 43185.93563573566, 53049.557513057975
488.2999999523163, 43185.93563573566, 53049.557513057975
488.3010001182556, 43185.93563573566, 53049.557513057975
488.3010001182556, 43185.93563573566, 53049.557513057975
490.96799993515015, 43185.93563573566, 53042.92156257797
490.97900009155273, 43185.93563573566, 53042.92156257797
490.9869999885559, 43185.93563573566, 53042.92156257797
490.99399995803833, 43185.93563573566, 53042.92156257797
491.00099992752075, 43185.93563573566, 53041.75397991433
491.00300002098083, 43185.93563573566, 53041.75397991433
491.00300002098083, 43185.93563573566, 53041.75397991433
493.66799998283386, 43185.93563573566, 53040.761928597814
493.66799998283386, 43185.93563573566, 53040.761928597814
493.66799998283386, 43185.93563573566, 53040.761928597814
493.66799998283386, 43185.93563573566, 53040.761928597814
493.68300008773804, 43185.93563573566, 53040.761928597814
493.68499994277954, 43185.93563573566, 53040.761928597814
493.68499994277954, 43185.93563573566, 53040.761928597814
493.68499994277954, 43185.93563573566, 53040.45507021077
493.68499994277954, 43185.93563573566, 53040.45507021077
493.70099997520447, 43185.93563573566, 53040.45507021077
493.70099997520447, 43185.93563573566, 53040.45507021077
493.70099997520447, 43185.93563573566, 53040.45507021077
493.70099997520447, 43185.93563573566, 53040.45507021077
493.70099997520447, 43185.93563573566, 53040.45507021077
496.0499999523163, 43185.93563573566, 53037.65932774155
496.0510001182556, 43185.93563573566, 53037.65932774155
496.0510001182556, 43185.93563573566, 53037.65932774155
496.0510001182556, 43185.93563573566, 53037.65932774155
496.07100009918213, 43185.93563573566, 53037.65932774155
496.0750000476837, 43185.93563573566, 53037.65932774155
496.085000038147, 43185.93563573566, 53037.65932774155
496.085000038147, 43185.93563573566, 53037.65932774155
496.085000038147, 43185.93563573566, 53036.3119649652
496.1029999256134, 43185.93563573566, 53035.19830591019
498.75, 43185.93563573566, 53035.19830591019
498.7669999599457, 43185.93563573566, 53035.19830591019
498.76900005340576, 43185.93563573566, 53035.19830591019
498.76900005340576, 43185.93563573566, 53033.755403600175
498.76900005340576, 43185.93563573566, 53033.755403600175
498.76900005340576, 43185.93563573566, 53033.755403600175
498.7829999923706, 43185.93563573566, 53033.755403600175
498.7850000858307, 43185.93563573566, 53033.755403600175
498.7880001068115, 43185.93563573566, 53033.755403600175
498.7880001068115, 43185.93563573566, 53033.755403600175
498.7880001068115, 43185.93563573566, 53033.755403600175
498.8010001182556, 43185.93563573566, 53033.755403600175
498.8010001182556, 43185.93563573566, 53033.755403600175
500.90000009536743, 43185.93563573566, 53029.685857703356
500.9010000228882, 43185.93563573566, 53029.685857703356
500.9010000228882, 43185.93563573566, 53029.685857703356
500.91799998283386, 43185.93563573566, 53029.685857703356
500.92400002479553, 43185.93563573566, 53029.685857703356
500.9260001182556, 43185.93563573566, 53029.47733529293
500.93499994277954, 43185.93563573566, 53029.47733529293
500.93499994277954, 43185.93563573566, 53029.47733529293
500.93499994277954, 43185.93563573566, 53029.47733529293
500.95099997520447, 43185.93563573566, 53028.650979862505
503.65000009536743, 43185.93563573566, 53028.60913733262
503.6510000228882, 43185.93563573566, 53028.60913733262
503.6510000228882, 43185.93563573566, 53028.60913733262
503.66799998283386, 43185.93563573566, 53028.60913733262
503.66799998283386, 43185.93563573566, 53028.60913733262
503.66799998283386, 43185.93563573566, 53028.60913733262
503.68499994277954, 43185.93563573566, 53027.35878908774
503.68499994277954, 43185.93563573566, 53027.35878908774
503.68499994277954, 43185.93563573566, 53027.35878908774
503.69900012016296, 43185.93563573566, 53027.35878908774
503.70099997520447, 43185.93563573566, 53027.35878908774
503.70099997520447, 43185.93563573566, 53027.35878908774
503.7170000076294, 43185.93563573566, 53027.35878908774
506.0529999732971, 43185.93563573566, 53027.35878908774
506.0529999732971, 43185.93563573566, 53027.35878908774
506.0699999332428, 43185.93563573566, 53027.35878908774
506.0750000476837, 43185.93563573566, 53026.1341886718
506.0840001106262, 43185.93563573566, 53026.1341886718
506.085000038147, 43185.93563573566, 53025.35678685517
508.7369999885559, 43185.93563573566, 53024.99101049852
508.7430000305176, 43185.93563573566, 53024.99101049852
508.7479999065399, 43185.93563573566, 53024.99101049852
508.7539999485016, 43185.93563573566, 53024.99101049852
508.7539999485016, 43185.93563573566, 53024.99101049852
508.7660000324249, 43185.93563573566, 53024.99101049852
508.76799988746643, 43185.93563573566, 53024.21079933738
511.335000038147, 43185.93563573566, 53024.12453661551
511.335000038147, 43185.93563573566, 53024.12453661551
511.335000038147, 43185.93563573566, 53024.12453661551
511.35199999809265, 43185.93563573566, 53024.04518997778
511.3550000190735, 43185.93563573566, 53024.04518997778
511.35700011253357, 43185.93563573566, 53024.04518997778
511.35700011253357, 43185.93563573566, 53024.04518997778
511.35700011253357, 43185.93563573566, 53024.04518997778
511.37599992752075, 43185.93563573566, 53024.04518997778
514.0999999046326, 43185.93563573566, 53024.04518997778
514.1010000705719, 43185.93563573566, 53024.04518997778
514.1010000705719, 43185.93563573566, 53021.83290741951
514.1010000705719, 43185.93563573566, 53021.83290741951
514.1010000705719, 43185.93563573566, 53021.67360169812
514.1170001029968, 43185.93563573566, 53021.67360169812
514.1180000305176, 43185.93563573566, 53020.01785827912
514.1180000305176, 43185.93563573566, 53020.01785827912
514.1180000305176, 43185.93563573566, 53020.01785827912
514.1180000305176, 43185.93563573566, 53020.01785827912
514.1349999904633, 43185.93563573566, 53017.38873206969
514.1349999904633, 43185.93563573566, 53017.38873206969
516.3680000305176, 43185.93563573566, 53017.38873206969
516.3840000629425, 43185.93563573566, 53017.38873206969
516.3849999904633, 43185.93563573566, 53016.96322609151
516.3849999904633, 43185.93563573566, 53016.96322609151
516.4010000228882, 43185.93563573566, 53016.96322609151
516.4049999713898, 43185.93563573566, 53016.96322609151
516.4089999198914, 43185.93563573566, 53016.96322609151
516.420000076294, 43185.93563573566, 53016.96322609151
516.420000076294, 43185.93563573566, 53016.96322609151
516.4340000152588, 43185.93563573566, 53016.96322609151
516.4340000152588, 43185.93563573566, 53016.96322609151
516.4340000152588, 43185.93563573566, 53016.96322609151
516.4509999752045, 43185.93563573566, 53016.96322609151
516.4519999027252, 43185.93563573566, 53016.96322609151
516.4519999027252, 43185.93563573566, 53016.96322609151
516.4519999027252, 43185.93563573566, 53016.96322609151
519.1679999828339, 43185.93563573566, 53016.96322609151
519.183000087738, 43185.93563573566, 53016.96322609151
519.1849999427795, 43185.93563573566, 53016.96322609151
519.1849999427795, 43185.93563573566, 53016.96322609151
519.1849999427795, 43185.93563573566, 53016.96322609151
519.1849999427795, 43185.93563573566, 53016.96322609151
519.2009999752045, 43185.93563573566, 53016.96322609151
519.2009999752045, 43185.93563573566, 53016.887209600325
519.2009999752045, 43185.93563573566, 53016.887209600325
519.2009999752045, 43185.93563573566, 53015.920848218506
519.2160000801086, 43185.93563573566, 53015.920848218506
521.5680000782013, 43185.93563573566, 53015.79004370827
521.5680000782013, 43185.93563573566, 53015.79004370827
521.5880000591278, 43185.93563573566, 53015.79004370827
521.5889999866486, 43185.93563573566, 53015.79004370827
521.5889999866486, 43185.93563573566, 53015.79004370827
521.6040000915527, 43185.93563573566, 53014.61364911769
521.6080000400543, 43185.93563573566, 53014.61364911769
521.6199998855591, 43185.93563573566, 53014.61364911769
521.6199998855591, 43185.93563573566, 53014.61364911769
521.6199998855591, 43185.93563573566, 53014.61364911769
521.635999917984, 43185.93563573566, 53014.61364911769
521.635999917984, 43185.93563573566, 53014.61364911769
521.6489999294281, 43185.93563573566, 53014.48543254417
521.6519999504089, 43185.93563573566, 53014.48543254417
524.1349999904633, 43185.93563573566, 53014.48543254417
524.1349999904633, 43185.93563573566, 53014.48543254417
524.1349999904633, 43185.93563573566, 53013.122892906285
524.1349999904633, 43185.93563573566, 53013.122892906285
524.1510000228882, 43185.93563573566, 53012.22600630639
524.1510000228882, 43185.93563573566, 53012.22600630639
524.1510000228882, 43185.93563573566, 53012.22600630639
524.1510000228882, 43185.93563573566, 53012.22600630639
524.1510000228882, 43185.93563573566, 53012.22600630639
524.1670000553131, 43185.93563573566, 53012.22600630639
524.1679999828339, 43185.93563573566, 53012.22600630639
524.1679999828339, 43185.93563573566, 53012.22600630639
524.1679999828339, 43185.93563573566, 53012.22600630639
524.1819999217987, 43185.93563573566, 53011.93182661017
524.1849999427795, 43185.93563573566, 53011.6537759137
524.1849999427795, 43185.93563573566, 53011.6537759137
524.1849999427795, 43185.93563573566, 53010.64374267327
524.1849999427795, 43185.93563573566, 53010.64374267327
524.2009999752045, 43185.93563573566, 53010.64374267327
524.2009999752045, 43185.93563573566, 53010.64374267327
524.2009999752045, 43185.93563573566, 53010.64374267327
524.2009999752045, 43185.93563573566, 53010.64374267327
526.9649999141693, 43185.93563573566, 53010.11891740923
526.9670000076294, 43185.93563573566, 53009.651877161756
526.9670000076294, 43185.93563573566, 53009.651877161756
526.9849998950958, 43185.93563573566, 53009.651877161756
526.9920001029968, 43185.93563573566, 53009.37746991734
527.0, 43185.93563573566, 53009.37746991734
527.0050001144409, 43185.93563573566, 53009.07050085141
527.0050001144409, 43185.93563573566, 53007.79267716525
527.0169999599457, 43185.93563573566, 53007.79267716525
529.4509999752045, 43185.93563573566, 53007.79267716525
529.4670000076294, 43185.93563573566, 53007.79267716525
529.4679999351501, 43185.93563573566, 53007.79267716525
529.4679999351501, 43185.93563573566, 53007.79267716525
529.4679999351501, 43185.93563573566, 53007.79267716525
529.4679999351501, 43185.93563573566, 53007.79267716525
529.4830000400543, 43185.93563573566, 53007.79267716525
529.4830000400543, 43185.93563573566, 53007.79267716525
529.4830000400543, 43185.93563573566, 53007.79267716525
529.4830000400543, 43185.93563573566, 53007.79267716525
529.4830000400543, 43185.93563573566, 53007.79267716525
529.5009999275208, 43185.93563573566, 53007.79267716525
529.5009999275208, 43185.93563573566, 53007.79267716525
529.5009999275208, 43185.93563573566, 53007.79267716525
529.5009999275208, 43185.93563573566, 53007.750816726584
529.5209999084473, 43185.93563573566, 53007.750816726584
529.5250000953674, 43185.93563573566, 53007.750816726584
532.1849999427795, 43185.93563573566, 53006.174865056855
532.2000000476837, 43185.93563573566, 53006.174865056855
532.2009999752045, 43185.93563573566, 53004.99322270278
532.2009999752045, 43185.93563573566, 53004.62760040722
532.2009999752045, 43185.93563573566, 53004.62760040722
532.2220001220703, 43185.93563573566, 53004.62760040722
532.2260000705719, 43185.93563573566, 53004.62760040722
532.2339999675751, 43185.93563573566, 53004.62760040722
532.2349998950958, 43185.93563573566, 53004.62760040722
534.8849999904633, 43185.93563573566, 53003.84342091433
534.8970000743866, 43185.93563573566, 53003.84342091433
534.9010000228882, 43185.93563573566, 53003.84342091433
534.9010000228882, 43185.93563573566, 53003.84342091433
534.9010000228882, 43185.93563573566, 53003.84342091433
534.9010000228882, 43185.93563573566, 53003.84342091433
537.5179998874664, 43185.93563573566, 53003.84342091433
537.5329999923706, 43185.93563573566, 53003.84342091433
537.5350000858307, 43185.93563573566, 53003.84342091433
537.5350000858307, 43185.93563573566, 53003.84342091433
537.5499999523163, 43185.93563573566, 53003.84342091433
537.5569999217987, 43185.93563573566, 53003.84342091433
537.5629999637604, 43185.93563573566, 53003.84342091433
537.5680000782013, 43185.93563573566, 53003.84342091433
537.5680000782013, 43185.93563573566, 53003.84342091433
540.1849999427795, 43185.93563573566, 53003.84342091433
540.1849999427795, 43185.93563573566, 53003.84342091433
540.2009999752045, 43185.93563573566, 53003.84342091433
540.2070000171661, 43185.93563573566, 53001.99726709856
540.2090001106262, 43185.93563573566, 53001.99726709856
540.2200000286102, 43185.93563573566, 53001.99726709856
542.5659999847412, 43185.93563573566, 52998.857818579054
542.5710000991821, 43185.93563573566, 52998.857818579054
542.574000120163, 43185.93563573566, 52998.857818579054
542.5769999027252, 43185.93563573566, 52998.857818579054
542.5810000896454, 43185.93563573566, 52998.857818579054
542.5840001106262, 43185.93563573566, 52998.857818579054
542.5880000591278, 43185.93563573566, 52998.857818579054
542.5910000801086, 43185.93563573566, 52998.857818579054
542.5940001010895, 43185.93563573566, 52998.857818579054
542.5980000495911, 43185.93563573566, 52998.857818579054
542.6010000705719, 43185.93563573566, 52998.857818579054
542.6010000705719, 43185.93563573566, 52998.857818579054
544.9519999027252, 43185.93563573566, 52998.857818579054
544.9519999027252, 43185.93563573566, 52998.62106200881
544.9670000076294, 43185.93563573566, 52998.62106200881
544.9679999351501, 43185.93563573566, 52998.62106200881
544.9679999351501, 43185.93563573566, 52998.62106200881
544.9769999980927, 43185.93563573566, 52998.62106200881
544.9809999465942, 43185.93563573566, 52998.62106200881
544.9849998950958, 43185.93563573566, 52998.62106200881
544.9849998950958, 43185.93563573566, 52996.46421576147
544.9969999790192, 43185.93563573566, 52996.343762328885
547.6719999313354, 43185.93563573566, 52995.45508452071
547.6719999313354, 43185.93563573566, 52995.45508452071
547.6719999313354, 43185.93563573566, 52995.45508452071
547.6870000362396, 43185.93563573566, 52995.45508452071
547.694000005722, 43185.93563573566, 52995.45508452071
547.7009999752045, 43185.93563573566, 52995.45508452071
547.7019999027252, 43185.93563573566, 52995.45508452071
547.7019999027252, 43185.93563573566, 52995.45508452071
547.7170000076294, 43185.93563573566, 52995.45508452071
547.7200000286102, 43185.93563573566, 52995.45508452071
547.7200000286102, 43185.93563573566, 52995.45508452071
547.7349998950958, 43185.93563573566, 52993.8255319999
550.3180000782013, 43185.93563573566, 52993.8255319999
550.3180000782013, 43185.93563573566, 52993.8255319999
550.3329999446869, 43185.93563573566, 52993.8255319999
550.3399999141693, 43185.93563573566, 52993.8255319999
550.3429999351501, 43185.93563573566, 52993.8255319999
550.3510000705719, 43185.93563573566, 52993.8255319999
550.3529999256134, 43185.93563573566, 52993.8255319999
550.3529999256134, 43185.93563573566, 52993.8255319999
550.3529999256134, 43185.93563573566, 52993.8255319999
550.3680000305176, 43185.93563573566, 52993.8255319999
550.3680000305176, 43185.93563573566, 52993.5453277382
550.3680000305176, 43185.93563573566, 52993.5453277382
553.2679998874664, 43185.93563573566, 52992.94970496377
553.2679998874664, 43185.93563573566, 52991.792281116264
553.2850000858307, 43185.93563573566, 52991.770386182405
553.2850000858307, 43185.93563573566, 52991.770386182405
553.2850000858307, 43185.93563573566, 52991.45253797277
553.2850000858307, 43185.93563573566, 52991.45253797277
555.7349998950958, 43185.93563573566, 52991.45253797277
555.7349998950958, 43185.93563573566, 52990.31347820141
555.7509999275208, 43185.93563573566, 52990.31347820141
555.7560000419617, 43185.93563573566, 52990.31347820141
555.760999917984, 43185.93563573566, 52990.31347820141
555.7699999809265, 43185.93563573566, 52989.26044029036
555.7699999809265, 43185.93563573566, 52988.77340774267
555.7829999923706, 43185.93563573566, 52988.77340774267
558.6679999828339, 43185.93563573566, 52988.77340774267
558.6849999427795, 43185.93563573566, 52988.77340774267
558.6849999427795, 43185.93563573566, 52988.77340774267
561.4830000400543, 43185.93563573566, 52988.77340774267
561.4849998950958, 43185.93563573566, 52987.65084346145
561.4849998950958, 43185.93563573566, 52987.65084346145
561.5, 43185.93563573566, 52987.65084346145
561.5039999485016, 43185.93563573566, 52987.65084346145
561.5099999904633, 43185.93563573566, 52987.65084346145
564.2850000858307, 43185.93563573566, 52984.63071348611
564.2929999828339, 43185.93563573566, 52984.63071348611
564.295000076294, 43185.93563573566, 52984.63071348611
564.2999999523163, 43185.93563573566, 52984.63071348611
564.3039999008179, 43185.93563573566, 52984.63071348611
564.308000087738, 43185.93563573566, 52984.63071348611
564.3120000362396, 43185.93563573566, 52984.63071348611
564.3159999847412, 43185.93563573566, 52984.63071348611
564.3199999332428, 43185.93563573566, 52984.63071348611
566.8039999008179, 43185.93563573566, 52984.63071348611
566.8159999847412, 43185.93563573566, 52984.63071348611
566.8199999332428, 43185.93563573566, 52984.63071348611
566.824000120163, 43185.93563573566, 52984.63071348611
566.8280000686646, 43185.93563573566, 52983.948079134956
566.835000038147, 43185.93563573566, 52983.948079134956
566.835000038147, 43185.93563573566, 52983.948079134956
566.835000038147, 43185.93563573566, 52983.948079134956
566.8519999980927, 43185.93563573566, 52983.948079134956
566.8540000915527, 43185.93563573566, 52983.948079134956
566.8540000915527, 43185.93563573566, 52983.948079134956
566.8719999790192, 43185.93563573566, 52983.948079134956
566.875, 43185.93563573566, 52983.948079134956
566.875, 43185.93563573566, 52983.948079134956
566.8849999904633, 43185.93563573566, 52983.948079134956
566.8880000114441, 43185.93563573566, 52979.54740242925
566.8880000114441, 43185.93563573566, 52979.54740242925
566.8880000114441, 43185.93563573566, 52979.54740242925
566.9010000228882, 43185.93563573566, 52977.69539179921
569.835000038147, 43185.93563573566, 52977.69539179921
569.835000038147, 43185.93563573566, 52977.69539179921
569.8510000705719, 43185.93563573566, 52977.32907116028
569.8510000705719, 43185.93563573566, 52977.32907116028
569.8510000705719, 43185.93563573566, 52977.29785217752
569.8510000705719, 43185.93563573566, 52977.29785217752
569.8680000305176, 43185.93563573566, 52977.29785217752
569.8680000305176, 43185.93563573566, 52976.70384630032
569.8680000305176, 43185.93563573566, 52976.70384630032
572.5569999217987, 43185.93563573566, 52976.70384630032
572.558000087738, 43185.93563573566, 52976.70384630032
572.566999912262, 43185.93563573566, 52976.70384630032
572.5729999542236, 43185.93563573566, 52976.70384630032
572.5829999446869, 43185.93563573566, 52975.96629309452
572.5910000801086, 43185.93563573566, 52975.96629309452
572.5910000801086, 43185.93563573566, 52975.96629309452
572.6010000705719, 43185.93563573566, 52975.96629309452
572.6010000705719, 43185.93563573566, 52975.96629309452
572.6170001029968, 43185.93563573566, 52975.96629309452
575.5680000782013, 43185.93563573566, 52974.25959725519
575.5880000591278, 43185.93563573566, 52974.224504228216
575.5950000286102, 43185.93563573566, 52974.224504228216
575.6029999256134, 43185.93563573566, 52974.224504228216
575.6029999256134, 43185.93563573566, 52974.224504228216
575.6029999256134, 43185.93563573566, 52973.20774726596
575.6180000305176, 43185.93563573566, 52973.20774726596
575.6180000305176, 43185.93563573566, 52973.20774726596
575.6180000305176, 43185.93563573566, 52973.17874359592
575.6340000629425, 43185.93563573566, 52973.17874359592
578.433000087738, 43185.93563573566, 52972.40498320236
578.4360001087189, 43185.93563573566, 52971.420248754876
578.4360001087189, 43185.93563573566, 52971.420248754876
578.4360001087189, 43185.93563573566, 52971.420248754876
578.4360001087189, 43185.93563573566, 52971.420248754876
578.4530000686646, 43185.93563573566, 52969.28948494242
578.4530000686646, 43185.93563573566, 52968.78532928124
581.2179999351501, 43185.93563573566, 52963.446815330884
581.2349998950958, 43185.93563573566, 52963.446815330884
581.2379999160767, 43185.93563573566, 52963.227072705995
581.2379999160767, 43185.93563573566, 52963.227072705995
581.2379999160767, 43185.93563573566, 52963.227072705995
581.2550001144409, 43185.93563573566, 52963.227072705995
581.2599999904633, 43185.93563573566, 52963.08291850272
581.2669999599457, 43185.93563573566, 52963.08291850272
581.2720000743866, 43185.93563573566, 52963.08291850272
581.2780001163483, 43185.93563573566, 52963.08291850272
581.2829999923706, 43185.93563573566, 52962.517766136174
583.6849999427795, 43185.93563573566, 52962.517766136174
583.6849999427795, 43185.93563573566, 52962.517766136174
583.6849999427795, 43185.93563573566, 52962.517766136174
583.6849999427795, 43185.93563573566, 52962.517766136174
583.7009999752045, 43185.93563573566, 52961.56525076742
583.7009999752045, 43185.93563573566, 52961.56525076742
583.7009999752045, 43185.93563573566, 52961.56525076742
583.7009999752045, 43185.93563573566, 52961.56525076742
583.7170000076294, 43185.93563573566, 52961.56525076742
583.7179999351501, 43185.93563573566, 52961.379152847665
583.7179999351501, 43185.93563573566, 52961.379152847665
583.7360000610352, 43185.93563573566, 52959.82264686643
586.4070000648499, 43185.93563573566, 52959.82264686643
586.4170000553131, 43185.93563573566, 52959.82264686643
586.4179999828339, 43185.93563573566, 52959.512455437965
586.4179999828339, 43185.93563573566, 52959.512455437965
586.4179999828339, 43185.93563573566, 52959.512455437965
586.4379999637604, 43185.93563573566, 52959.512455437965
586.4460000991821, 43185.93563573566, 52959.512455437965
586.4539999961853, 43185.93563573566, 52959.512455437965
586.4539999961853, 43185.93563573566, 52959.512455437965
588.9319999217987, 43185.93563573566, 52959.512455437965
588.9349999427795, 43185.93563573566, 52959.512455437965
588.9349999427795, 43185.93563573566, 52959.512455437965
588.9349999427795, 43185.93563573566, 52959.512455437965
588.9349999427795, 43185.93563573566, 52959.512455437965
588.9509999752045, 43185.93563573566, 52958.459413442244
588.9509999752045, 43185.93563573566, 52958.459413442244
588.9509999752045, 43185.93563573566, 52958.459413442244
588.9509999752045, 43185.93563573566, 52958.459413442244
588.9660000801086, 43185.93563573566, 52958.459413442244
588.9670000076294, 43185.93563573566, 52956.87532749201
588.9670000076294, 43185.93563573566, 52956.87532749201
591.7569999694824, 43185.93563573566, 52956.58254128214
591.7569999694824, 43185.93563573566, 52956.58254128214
591.7709999084473, 43185.93563573566, 52955.20026121266
591.7750000953674, 43185.93563573566, 52955.20026121266
591.7750000953674, 43185.93563573566, 52955.20026121266
591.7869999408722, 43185.93563573566, 52955.20026121266
591.7869999408722, 43185.93563573566, 52955.20026121266
594.3849999904633, 43185.93563573566, 52955.20026121266
594.4000000953674, 43185.93563573566, 52955.20026121266
594.4010000228882, 43185.93563573566, 52955.20026121266
594.4010000228882, 43185.93563573566, 52955.20026121266
594.4010000228882, 43185.93563573566, 52955.20026121266
594.4170000553131, 43185.93563573566, 52955.20026121266
594.4189999103546, 43185.93563573566, 52955.20026121266
597.25, 43185.93563573566, 52955.20026121266
597.25, 43185.93563573566, 52955.20026121266
597.2639999389648, 43185.93563573566, 52955.20026121266
597.2699999809265, 43185.93563573566, 52955.20026121266
597.2739999294281, 43185.93563573566, 52955.20026121266
597.2750000953674, 43185.93563573566, 52955.20026121266
597.2839999198914, 43185.93563573566, 52955.20026121266
597.2860000133514, 43185.93563573566, 52955.20026121266
597.2860000133514, 43185.93563573566, 52955.20026121266
600.4839999675751, 43185.93563573566, 52955.20026121266
600.4920001029968, 43185.93563573566, 52955.20026121266
600.4990000724792, 43185.93563573566, 52947.40370998353
600.5039999485016, 43185.93563573566, 52947.40370998353
600.5090000629425, 43185.93563573566, 52947.40370998353
600.5130000114441, 43185.93563573566, 52947.40370998353
600.5179998874664, 43185.93563573566, 52947.235621440406
600.5250000953674, 43185.93563573566, 52947.235621440406
600.5250000953674, 43185.93563573566, 52947.235621440406
600.5250000953674, 43185.93563573566, 52947.235621440406
600.5339999198914, 43185.93563573566, 52947.235621440406
600.539999961853, 43185.93563573566, 52947.235621440406
600.5429999828339, 43185.93563573566, 52947.235621440406
600.5480000972748, 43185.93563573566, 52947.235621440406
600.5510001182556, 43185.93563573566, 52947.235621440406
600.5539999008179, 43185.93563573566, 52947.235621440406
604.0009999275208, 43185.93563573566, 52946.498056423654
604.0090000629425, 43185.93563573566, 52946.498056423654
604.0169999599457, 43185.93563573566, 52946.31123017398
604.0179998874664, 43185.93563573566, 52946.31123017398
604.0280001163483, 43185.93563573566, 52946.31123017398
604.0320000648499, 43185.93563573566, 52946.31123017398
604.0350000858307, 43185.93563573566, 52946.31123017398
604.0380001068115, 43185.93563573566, 52946.31123017398
604.039999961853, 43185.93563573566, 52946.31123017398
604.039999961853, 43185.93563573566, 52946.31123017398
604.0480000972748, 43185.93563573566, 52946.31123017398
604.0510001182556, 43185.93563573566, 52946.31123017398
604.0510001182556, 43185.93563573566, 52945.80253302249
604.0599999427795, 43185.93563573566, 52945.80253302249
604.0639998912811, 43185.93563573566, 52945.51880646073
604.0680000782013, 43185.93563573566, 52944.71965805774
607.2360000610352, 43185.93563573566, 52944.71965805774
607.2360000610352, 43185.93563573566, 52944.71965805774
607.2509999275208, 43185.93563573566, 52944.71965805774
607.2560000419617, 43185.93563573566, 52943.30397432264
607.2599999904633, 43185.93563573566, 52943.30397432264
607.2620000839233, 43185.93563573566, 52943.30397432264
607.2669999599457, 43185.93563573566, 52943.30397432264
607.2730000019073, 43185.93563573566, 52943.30397432264
607.2769999504089, 43185.93563573566, 52943.30397432264
607.2880001068115, 43185.93563573566, 52943.30397432264
607.289999961853, 43185.93563573566, 52943.30397432264
607.289999961853, 43185.93563573566, 52943.30397432264
607.3020000457764, 43185.93563573566, 52943.30397432264
610.3269999027252, 43185.93563573566, 52943.30397432264
610.335000038147, 43185.93563573566, 52943.30397432264
610.3410000801086, 43185.93563573566, 52943.30397432264
610.345999956131, 43185.93563573566, 52943.30397432264
610.3510000705719, 43185.93563573566, 52943.30397432264
610.3529999256134, 43185.93563573566, 52943.30397432264
610.3529999256134, 43185.93563573566, 52942.49751250002
610.3670001029968, 43185.93563573566, 52942.49751250002
610.3689999580383, 43185.93563573566, 52942.49751250002
610.3689999580383, 43185.93563573566, 52942.49751250002
610.3689999580383, 43185.93563573566, 52942.49751250002
610.3689999580383, 43185.93563573566, 52942.49751250002
610.385999917984, 43185.93563573566, 52942.49751250002
610.385999917984, 43185.93563573566, 52942.49751250002
610.385999917984, 43185.93563573566, 52942.49751250002
610.4030001163483, 43185.93563573566, 52941.74831254872
613.3129999637604, 43185.93563573566, 52939.71278671061
613.3129999637604, 43185.93563573566, 52939.71278671061
613.3269999027252, 43185.93563573566, 52939.71278671061
613.3269999027252, 43185.93563573566, 52938.5998605487
613.3269999027252, 43185.93563573566, 52938.297423783704
613.3429999351501, 43185.93563573566, 52937.760482726575
613.3429999351501, 43185.93563573566, 52937.760482726575
613.3510000705719, 43185.93563573566, 52937.760482726575
613.3510000705719, 43185.93563573566, 52937.760482726575
613.3510000705719, 43185.93563573566, 52937.760482726575
616.808000087738, 43185.93563573566, 52937.760482726575
616.8129999637604, 43185.93563573566, 52937.760482726575
616.8199999332428, 43185.93563573566, 52937.760482726575
616.8199999332428, 43185.93563573566, 52937.760482726575
616.829999923706, 43185.93563573566, 52937.760482726575
616.8380000591278, 43185.93563573566, 52936.296399842584
616.8470001220703, 43185.93563573566, 52936.296399842584
616.8519999980927, 43185.93563573566, 52936.296399842584
616.8570001125336, 43185.93563573566, 52936.296399842584
616.8670001029968, 43185.93563573566, 52936.296399842584
616.8689999580383, 43185.93563573566, 52936.296399842584
616.8789999485016, 43185.93563573566, 52936.296399842584
616.8840000629425, 43185.93563573566, 52936.296399842584
616.8889999389648, 43185.93563573566, 52936.296399842584
616.8910000324249, 43185.93563573566, 52936.296399842584
620.1070001125336, 43185.93563573566, 52936.296399842584
620.1129999160767, 43185.93563573566, 52933.79879128835
620.1210000514984, 43185.93563573566, 52932.95618157668
620.1270000934601, 43185.93563573566, 52932.95618157668
620.1370000839233, 43185.93563573566, 52932.95618157668
623.9049999713898, 43185.93563573566, 52932.95618157668
623.9170000553131, 43185.93563573566, 52932.95618157668
623.9170000553131, 43185.93563573566, 52929.08193631702
623.9340000152588, 43185.93563573566, 52928.85183299148
623.9340000152588, 43185.93563573566, 52928.85183299148
623.944000005722, 43185.93563573566, 52928.85183299148
623.9509999752045, 43185.93563573566, 52928.85183299148
623.9509999752045, 43185.93563573566, 52928.85183299148
623.9509999752045, 43185.93563573566, 52928.85183299148
627.5350000858307, 43185.93563573566, 52928.85183299148
627.5360000133514, 43185.93563573566, 52928.041914355745
627.5499999523163, 43185.93563573566, 52927.51257943494
630.6389999389648, 43185.93563573566, 52925.578801654505
630.6440000534058, 43185.93563573566, 52925.578801654505
630.6489999294281, 43185.93563573566, 52925.084043065865
630.654000043869, 43185.93563573566, 52925.084043065865
630.6610000133514, 43185.93563573566, 52924.94319281929
630.664999961853, 43185.93563573566, 52924.94319281929
630.6670000553131, 43185.93563573566, 52924.94319281929
630.6670000553131, 43185.93563573566, 52924.94319281929
630.6670000553131, 43185.93563573566, 52924.94319281929
630.6840000152588, 43185.93563573566, 52924.94319281929
633.9809999465942, 43185.93563573566, 52924.31709878708
633.9979999065399, 43185.93563573566, 52923.589740237774
633.9979999065399, 43185.93563573566, 52923.589740237774
634.0130000114441, 43185.93563573566, 52923.589740237774
634.0220000743866, 43185.93563573566, 52923.589740237774
634.029000043869, 43185.93563573566, 52922.8025176454
634.0350000858307, 43185.93563573566, 52922.74819994472
634.0409998893738, 43185.93563573566, 52922.4946555324
634.045000076294, 43185.93563573566, 52921.90212808486
637.5120000839233, 43185.93563573566, 52921.90212808486
637.5230000019073, 43185.93563573566, 52921.90212808486
637.5369999408722, 43185.93563573566, 52921.90212808486
637.5460000038147, 43185.93563573566, 52921.90212808486
637.5590000152588, 43185.93563573566, 52921.83760477304
637.5639998912811, 43185.93563573566, 52920.17672932888
637.5750000476837, 43185.93563573566, 52918.90769288526
641.1530001163483, 43185.93563573566, 52918.90769288526
641.1689999103546, 43185.93563573566, 52918.90769288526
641.1689999103546, 43185.93563573566, 52918.90769288526
641.1879999637604, 43185.93563573566, 52918.90769288526
641.1949999332428, 43185.93563573566, 52918.90769288526
641.199000120163, 43185.93563573566, 52918.90769288526
641.2030000686646, 43185.93563573566, 52918.90769288526
641.2079999446869, 43185.93563573566, 52918.90769288526
641.2130000591278, 43185.93563573566, 52917.74982388027
645.3180000782013, 43185.93563573566, 52916.035966476935
645.3259999752045, 43185.93563573566, 52914.27251971355
645.3329999446869, 43185.93563573566, 52914.27251971355
648.1770000457764, 43185.93563573566, 52913.91662040314
648.1770000457764, 43185.93563573566, 52913.91662040314
648.1930000782013, 43185.93563573566, 52913.91662040314
648.1960000991821, 43185.93563573566, 52913.91662040314
648.2000000476837, 43185.93563573566, 52911.87753208552
648.2030000686646, 43185.93563573566, 52910.3479959897
648.2060000896454, 43185.93563573566, 52910.33884015305
648.210000038147, 43185.93563573566, 52910.33884015305
648.2139999866486, 43185.93563573566, 52910.33884015305
648.2179999351501, 43185.93563573566, 52910.33884015305
648.2179999351501, 43185.93563573566, 52910.33884015305
651.1059999465942, 43185.93563573566, 52910.33884015305
651.1119999885559, 43185.93563573566, 52907.573343359494
651.1189999580383, 43185.93563573566, 52907.573343359494
651.125, 43185.93563573566, 52907.573343359494
651.125, 43185.93563573566, 52907.573343359494
651.1340000629425, 43185.93563573566, 52906.83705720364
651.1340000629425, 43185.93563573566, 52906.83705720364
651.1340000629425, 43185.93563573566, 52906.72792520686
651.1340000629425, 43185.93563573566, 52906.72792520686
651.1510000228882, 43185.93563573566, 52906.72792520686
653.7139999866486, 43185.93563573566, 52905.89438393865
653.7179999351501, 43185.93563573566, 52905.89438393865
653.7179999351501, 43185.93563573566, 52905.89438393865
653.7320001125336, 43185.93563573566, 52905.89438393865
653.7320001125336, 43185.93563573566, 52905.89438393865
653.7320001125336, 43185.93563573566, 52905.89438393865
653.7320001125336, 43185.93563573566, 52905.89438393865
653.7320001125336, 43185.93563573566, 52905.89438393865
653.7490000724792, 43185.93563573566, 52905.89438393865
653.7490000724792, 43185.93563573566, 52905.89438393865
653.7490000724792, 43185.93563573566, 52905.89438393865
653.7490000724792, 43185.93563573566, 52905.89438393865
653.7639999389648, 43185.93563573566, 52905.89438393865
653.7639999389648, 43185.93563573566, 52905.89438393865
656.816999912262, 43185.93563573566, 52905.89438393865
656.816999912262, 43185.93563573566, 52905.89438393865
656.8320000171661, 43185.93563573566, 52905.89438393865
656.8380000591278, 43185.93563573566, 52905.89438393865
656.8429999351501, 43185.93563573566, 52905.89438393865
659.7320001125336, 43185.93563573566, 52905.89438393865
659.7479999065399, 43185.93563573566, 52905.89438393865
659.7479999065399, 43185.93563573566, 52905.89438393865
659.7479999065399, 43185.93563573566, 52905.89438393865
659.7630000114441, 43185.93563573566, 52905.89438393865
659.7630000114441, 43185.93563573566, 52905.89438393865
659.7630000114441, 43185.93563573566, 52904.248204350675
659.779000043869, 43185.93563573566, 52900.76637646311
662.7750000953674, 43185.93563573566, 52899.907344871026
662.7799999713898, 43185.93563573566, 52899.907344871026
662.7839999198914, 43185.93563573566, 52899.87174310899
662.7880001068115, 43185.93563573566, 52899.87174310899
662.7880001068115, 43185.93563573566, 52899.85853569031
662.8010001182556, 43185.93563573566, 52899.85853569031
662.8010001182556, 43185.93563573566, 52899.565234132344
662.819000005722, 43185.93563573566, 52897.66484276728
665.6480000019073, 43185.93563573566, 52897.66484276728
665.6480000019073, 43185.93563573566, 52897.66484276728
665.6480000019073, 43185.93563573566, 52897.66484276728
665.6640000343323, 43185.93563573566, 52897.66484276728
665.670000076294, 43185.93563573566, 52897.66484276728
665.6719999313354, 43185.93563573566, 52897.66484276728
665.6719999313354, 43185.93563573566, 52897.66484276728
665.6840000152588, 43185.93563573566, 52897.66484276728
665.6860001087189, 43185.93563573566, 52897.66484276728
668.694000005722, 43185.93563573566, 52897.11773498258
668.7000000476837, 43185.93563573566, 52897.11773498258
668.7019999027252, 43185.93563573566, 52897.11773498258
668.7019999027252, 43185.93563573566, 52897.11773498258
668.7149999141693, 43185.93563573566, 52897.098250306866
668.7149999141693, 43185.93563573566, 52896.08023517469
668.7149999141693, 43185.93563573566, 52896.08023517469
668.7309999465942, 43185.93563573566, 52895.98899669448
671.3599998950958, 43185.93563573566, 52895.98899669448
671.3599998950958, 43185.93563573566, 52895.98899669448
671.375, 43185.93563573566, 52894.733844667055
671.3810000419617, 43185.93563573566, 52894.121938049124
671.385999917984, 43185.93563573566, 52894.121938049124
671.385999917984, 43185.93563573566, 52894.121938049124
671.385999917984, 43185.93563573566, 52894.121938049124
674.3629999160767, 43185.93563573566, 52893.49449405723
674.3629999160767, 43185.93563573566, 52893.49449405723
674.3629999160767, 43185.93563573566, 52893.49449405723
674.3629999160767, 43185.93563573566, 52893.49449405723
674.3800001144409, 43185.93563573566, 52893.49449405723
674.3800001144409, 43185.93563573566, 52893.49449405723
674.3800001144409, 43185.93563573566, 52893.49449405723
677.3929998874664, 43185.93563573566, 52893.49449405723
677.3929998874664, 43185.93563573566, 52893.49449405723
677.4110000133514, 43185.93563573566, 52893.49449405723
677.414999961853, 43185.93563573566, 52893.49449405723
677.4219999313354, 43185.93563573566, 52893.49449405723
677.4219999313354, 43185.93563573566, 52893.49449405723
677.4340000152588, 43185.93563573566, 52892.51111368483
677.4340000152588, 43185.93563573566, 52892.51111368483
677.4340000152588, 43185.93563573566, 52892.51111368483
677.4340000152588, 43185.93563573566, 52892.51111368483
677.4500000476837, 43185.93563573566, 52892.51111368483
677.4509999752045, 43185.93563573566, 52892.51111368483
677.4509999752045, 43185.93563573566, 52892.51111368483
677.4509999752045, 43185.93563573566, 52892.51111368483
680.0020000934601, 43185.93563573566, 52892.51111368483
680.0020000934601, 43185.93563573566, 52891.674388204636
680.0169999599457, 43185.93563573566, 52891.674388204636
680.0239999294281, 43185.93563573566, 52891.674388204636
680.0280001163483, 43185.93563573566, 52891.674388204636
680.0369999408722, 43185.93563573566, 52891.674388204636
680.0420000553131, 43185.93563573566, 52891.674388204636
680.0529999732971, 43185.93563573566, 52891.674388204636
680.0529999732971, 43185.93563573566, 52891.674388204636
680.0529999732971, 43185.93563573566, 52891.674388204636
680.0680000782013, 43185.93563573566, 52891.674388204636
680.0699999332428, 43185.93563573566, 52891.674388204636
680.0699999332428, 43185.93563573566, 52891.674388204636
680.0699999332428, 43185.93563573566, 52891.674388204636
680.0699999332428, 43185.93563573566, 52891.674388204636
680.0840001106262, 43185.93563573566, 52891.674388204636
680.0840001106262, 43185.93563573566, 52891.674388204636
680.0840001106262, 43185.93563573566, 52891.674388204636
680.0840001106262, 43185.93563573566, 52891.674388204636
680.0989999771118, 43185.93563573566, 52891.674388204636
683.1159999370575, 43185.93563573566, 52891.674388204636
683.1319999694824, 43185.93563573566, 52891.674388204636
683.1319999694824, 43185.93563573566, 52891.674388204636
683.1319999694824, 43185.93563573566, 52891.674388204636
683.1480000019073, 43185.93563573566, 52891.674388204636
683.1489999294281, 43185.93563573566, 52891.674388204636
683.1489999294281, 43185.93563573566, 52891.674388204636
683.1489999294281, 43185.93563573566, 52891.674388204636
683.1489999294281, 43185.93563573566, 52891.674388204636
683.1640000343323, 43185.93563573566, 52891.674388204636
683.1640000343323, 43185.93563573566, 52891.674388204636
683.1640000343323, 43185.93563573566, 52891.674388204636
683.1640000343323, 43185.93563573566, 52891.674388204636
683.180999994278, 43185.93563573566, 52891.674388204636
683.1840000152588, 43185.93563573566, 52891.674388204636
683.1840000152588, 43185.93563573566, 52890.27708291591
683.1840000152588, 43185.93563573566, 52888.48750784205
683.1979999542236, 43185.93563573566, 52887.65412951896
683.2009999752045, 43185.93563573566, 52887.65412951896
683.2039999961853, 43185.93563573566, 52887.65412951896
683.2070000171661, 43185.93563573566, 52887.65412951896
683.2109999656677, 43185.93563573566, 52887.65412951896
685.7079999446869, 43185.93563573566, 52887.65412951896
685.7130000591278, 43185.93563573566, 52887.244479817266
685.7179999351501, 43185.93563573566, 52887.244479817266
685.7179999351501, 43185.93563573566, 52887.244479817266
685.7179999351501, 43185.93563573566, 52887.244479817266
685.7179999351501, 43185.93563573566, 52887.244479817266
685.7369999885559, 43185.93563573566, 52887.244479817266
685.7409999370575, 43185.93563573566, 52887.244479817266
685.7430000305176, 43185.93563573566, 52887.244479817266
685.7530000209808, 43185.93563573566, 52887.244479817266
685.7539999485016, 43185.93563573566, 52887.244479817266
685.7539999485016, 43185.93563573566, 52887.244479817266
685.7669999599457, 43185.93563573566, 52887.244479817266
685.7679998874664, 43185.93563573566, 52887.244479817266
685.7679998874664, 43185.93563573566, 52887.244479817266
685.7679998874664, 43185.93563573566, 52887.244479817266
685.7679998874664, 43185.93563573566, 52887.244479817266
685.7679998874664, 43185.93563573566, 52887.244479817266
685.7839999198914, 43185.93563573566, 52887.244479817266
685.7839999198914, 43185.93563573566, 52887.244479817266
685.7839999198914, 43185.93563573566, 52886.74089197457
685.8020000457764, 43185.93563573566, 52886.74089197457
685.8020000457764, 43185.93563573566, 52886.74089197457
685.8020000457764, 43185.93563573566, 52886.74089197457
685.8159999847412, 43185.93563573566, 52886.74089197457
685.819000005722, 43185.93563573566, 52886.74089197457
685.819000005722, 43185.93563573566, 52886.74089197457
685.819000005722, 43185.93563573566, 52886.74089197457
685.835000038147, 43185.93563573566, 52886.74089197457
688.8919999599457, 43185.93563573566, 52886.74089197457
688.8919999599457, 43185.93563573566, 52885.91779614617
688.8919999599457, 43185.93563573566, 52884.667595914434
688.9119999408722, 43185.93563573566, 52884.667595914434
688.9179999828339, 43185.93563573566, 52884.667595914434
688.920000076294, 43185.93563573566, 52884.667595914434
688.9240000247955, 43185.93563573566, 52884.667595914434
688.9279999732971, 43185.93563573566, 52884.667595914434
688.9319999217987, 43185.93563573566, 52882.66617765026
691.6159999370575, 43185.93563573566, 52882.66617765026
691.6319999694824, 43185.93563573566, 52882.66617765026
691.6319999694824, 43185.93563573566, 52882.66617765026
691.6319999694824, 43185.93563573566, 52882.66617765026
691.6489999294281, 43185.93563573566, 52882.66617765026
691.6519999504089, 43185.93563573566, 52882.66617765026
691.6559998989105, 43185.93563573566, 52882.66617765026
691.6610000133514, 43185.93563573566, 52882.66617765026
691.6610000133514, 43185.93563573566, 52882.66617765026
691.6679999828339, 43185.93563573566, 52881.60369686772
691.6679999828339, 43185.93563573566, 52881.60369686772
691.6679999828339, 43185.93563573566, 52881.60369686772
691.6679999828339, 43185.93563573566, 52881.60369686772
691.6840000152588, 43185.93563573566, 52881.60369686772
691.6860001087189, 43185.93563573566, 52881.60369686772
695.1779999732971, 43185.93563573566, 52881.60369686772
695.1849999427795, 43185.93563573566, 52881.60369686772
695.1900000572205, 43185.93563573566, 52881.60369686772
695.1960000991821, 43185.93563573566, 52881.60369686772
695.2000000476837, 43185.93563573566, 52881.60369686772
695.2030000686646, 43185.93563573566, 52881.60369686772
695.2030000686646, 43185.93563573566, 52881.60369686772
695.2179999351501, 43185.93563573566, 52881.219596752075
695.2230000495911, 43185.93563573566, 52881.219596752075
695.2290000915527, 43185.93563573566, 52881.219596752075
695.2349998950958, 43185.93563573566, 52875.27247943643
695.239000082016, 43185.93563573566, 52875.27247943643
695.2430000305176, 43185.93563573566, 52875.27247943643
695.2469999790192, 43185.93563573566, 52875.27247943643
698.4400000572205, 43185.93563573566, 52874.35527276276
698.4400000572205, 43185.93563573566, 52873.67368871356
698.4400000572205, 43185.93563573566, 52873.67368871356
698.4560000896454, 43185.93563573566, 52873.67368871356
698.4560000896454, 43185.93563573566, 52873.67368871356
698.4560000896454, 43185.93563573566, 52873.67368871356
701.0950000286102, 43185.93563573566, 52872.87870996381
701.0999999046326, 43185.93563573566, 52872.87870996381
701.1059999465942, 43185.93563573566, 52872.87870996381
701.1159999370575, 43185.93563573566, 52872.87870996381
701.1210000514984, 43185.93563573566, 52872.87870996381
701.1210000514984, 43185.93563573566, 52872.87870996381
701.1210000514984, 43185.93563573566, 52872.72889778071
701.1340000629425, 43185.93563573566, 52872.72889778071
701.1340000629425, 43185.93563573566, 52871.630774573765
701.1340000629425, 43185.93563573566, 52871.630774573765
701.1500000953674, 43185.93563573566, 52871.630774573765
701.1510000228882, 43185.93563573566, 52870.32467918752
701.1510000228882, 43185.93563573566, 52870.32467918752
704.2639999389648, 43185.93563573566, 52870.32467918752
704.2679998874664, 43185.93563573566, 52870.32467918752
704.2739999294281, 43185.93563573566, 52870.32467918752
704.2780001163483, 43185.93563573566, 52870.32467918752
704.2809998989105, 43185.93563573566, 52869.77127583469
707.0269999504089, 43185.93563573566, 52869.77127583469
707.0390000343323, 43185.93563573566, 52869.77127583469
707.045000076294, 43185.93563573566, 52869.77127583469
707.0510001182556, 43185.93563573566, 52869.77127583469
707.0550000667572, 43185.93563573566, 52869.77127583469
707.0599999427795, 43185.93563573566, 52869.77127583469
707.066999912262, 43185.93563573566, 52869.77127583469
707.066999912262, 43185.93563573566, 52869.77127583469
710.2639999389648, 43185.93563573566, 52869.77127583469
710.2639999389648, 43185.93563573566, 52869.77127583469
710.2639999389648, 43185.93563573566, 52867.30895601204
710.2809998989105, 43185.93563573566, 52866.70751415265
710.2860000133514, 43185.93563573566, 52864.56299234266
715.0, 43185.93563573566, 52864.56299234266
715.0090000629425, 43185.93563573566, 52864.56299234266
715.0179998874664, 43185.93563573566, 52864.56299234266
715.0269999504089, 43185.93563573566, 52864.56299234266
715.0350000858307, 43185.93563573566, 52864.56299234266
715.0429999828339, 43185.93563573566, 52861.845791711334
715.0499999523163, 43185.93563573566, 52861.845791711334
715.0610001087189, 43185.93563573566, 52861.845791711334
715.0699999332428, 43185.93563573566, 52861.845791711334
718.0309998989105, 43185.93563573566, 52858.08217098624
718.0309998989105, 43185.93563573566, 52858.08217098624
718.0469999313354, 43185.93563573566, 52858.08217098624
718.0469999313354, 43185.93563573566, 52856.806464802
718.0469999313354, 43185.93563573566, 52856.65408515694
718.0469999313354, 43185.93563573566, 52856.65408515694
718.0629999637604, 43185.93563573566, 52856.65408515694
718.0680000782013, 43185.93563573566, 52856.65408515694
718.0720000267029, 43185.93563573566, 52856.65408515694
721.239000082016, 43185.93563573566, 52854.54871368257
721.2449998855591, 43185.93563573566, 52853.85075705624
721.25, 43185.93563573566, 52853.85075705624
721.2579998970032, 43185.93563573566, 52853.81878387188
721.2599999904633, 43185.93563573566, 52853.81878387188
721.2599999904633, 43185.93563573566, 52853.81878387188
721.2720000743866, 43185.93563573566, 52853.81878387188
724.3110001087189, 43185.93563573566, 52853.81878387188
724.3220000267029, 43185.93563573566, 52853.81878387188
724.3259999752045, 43185.93563573566, 52853.81878387188
724.3259999752045, 43185.93563573566, 52853.81878387188
724.3259999752045, 43185.93563573566, 52852.86299090444
724.3389999866486, 43185.93563573566, 52852.86299090444
724.3429999351501, 43185.93563573566, 52852.86299090444
724.3429999351501, 43185.93563573566, 52851.948403000475
727.1410000324249, 43185.93563573566, 52851.49323801118
727.1440000534058, 43185.93563573566, 52851.49323801118
727.1480000019073, 43185.93563573566, 52851.49323801118
727.154000043869, 43185.93563573566, 52851.46666320718
727.1579999923706, 43185.93563573566, 52851.46666320718
727.1630001068115, 43185.93563573566, 52851.46666320718
727.170000076294, 43185.93563573566, 52850.63643342678
727.1749999523163, 43185.93563573566, 52850.63643342678
727.1840000152588, 43185.93563573566, 52850.63643342678
727.1889998912811, 43185.93563573566, 52850.63643342678
727.1930000782013, 43185.93563573566, 52850.63643342678
727.1949999332428, 43185.93563573566, 52850.63643342678
727.2019999027252, 43185.93563573566, 52850.63643342678
727.2079999446869, 43185.93563573566, 52850.63643342678
727.2119998931885, 43185.93563573566, 52850.63643342678
730.3429999351501, 43185.93563573566, 52849.192646480886
730.3499999046326, 43185.93563573566, 52849.192646480886
730.3559999465942, 43185.93563573566, 52849.192646480886
730.3619999885559, 43185.93563573566, 52849.192646480886
730.3680000305176, 43185.93563573566, 52849.192646480886
730.3719999790192, 43185.93563573566, 52849.192646480886
733.0060000419617, 43185.93563573566, 52849.192646480886
733.0060000419617, 43185.93563573566, 52849.192646480886
733.0060000419617, 43185.93563573566, 52849.192646480886
733.0190000534058, 43185.93563573566, 52849.192646480886
733.0250000953674, 43185.93563573566, 52848.34874794384
733.029000043869, 43185.93563573566, 52848.34874794384
733.0329999923706, 43185.93563573566, 52848.34874794384
733.0369999408722, 43185.93563573566, 52848.34874794384
736.239000082016, 43185.93563573566, 52847.04203567252
736.2439999580383, 43185.93563573566, 52845.49601192112
736.2469999790192, 43185.93563573566, 52845.49601192112
736.2469999790192, 43185.93563573566, 52845.49601192112
736.2469999790192, 43185.93563573566, 52844.33687953233
736.2469999790192, 43185.93563573566, 52844.33687953233
736.2690000534058, 43185.93563573566, 52844.33687953233
736.2750000953674, 43185.93563573566, 52844.33687953233
736.2820000648499, 43185.93563573566, 52844.33687953233
739.1600000858307, 43185.93563573566, 52842.07498113947
739.1640000343323, 43185.93563573566, 52840.74840212671
739.1679999828339, 43185.93563573566, 52840.738322732686
739.1719999313354, 43185.93563573566, 52840.24521088439
739.1770000457764, 43185.93563573566, 52840.24521088439
739.180999994278, 43185.93563573566, 52839.85408398923
741.9939999580383, 43185.93563573566, 52839.85408398923
741.9969999790192, 43185.93563573566, 52839.85408398923
741.9969999790192, 43185.93563573566, 52839.85408398923
741.9969999790192, 43185.93563573566, 52839.85408398923
742.010999917984, 43185.93563573566, 52839.85408398923
742.0150001049042, 43185.93563573566, 52839.85408398923
742.0190000534058, 43185.93563573566, 52839.85408398923
742.0190000534058, 43185.93563573566, 52837.44404140913
742.0280001163483, 43185.93563573566, 52837.44404140913
742.0309998989105, 43185.93563573566, 52837.44404140913
745.1300001144409, 43185.93563573566, 52837.44404140913
745.1300001144409, 43185.93563573566, 52837.44404140913
745.1429998874664, 43185.93563573566, 52837.44404140913
745.1470000743866, 43185.93563573566, 52836.199012626515
745.1470000743866, 43185.93563573566, 52836.199012626515
745.1600000858307, 43185.93563573566, 52835.65806495356
745.1600000858307, 43185.93563573566, 52835.65806495356
745.1600000858307, 43185.93563573566, 52835.65806495356
745.1600000858307, 43185.93563573566, 52835.65806495356
745.1779999732971, 43185.93563573566, 52835.65806495356
745.1840000152588, 43185.93563573566, 52835.65806495356
748.0750000476837, 43185.93563573566, 52834.4637277431
748.0789999961853, 43185.93563573566, 52834.4637277431
748.0820000171661, 43185.93563573566, 52834.4637277431
748.0859999656677, 43185.93563573566, 52834.4637277431
748.0910000801086, 43185.93563573566, 52834.4637277431
748.0980000495911, 43185.93563573566, 52834.42756394477
748.1029999256134, 43185.93563573566, 52834.42756394477
748.1089999675751, 43185.93563573566, 52834.42756394477
748.1119999885559, 43185.93563573566, 52834.42756394477
748.1119999885559, 43185.93563573566, 52834.42756394477
748.1119999885559, 43185.93563573566, 52830.93428067607
748.1119999885559, 43185.93563573566, 52830.93428067607
748.1280000209808, 43185.93563573566, 52830.93428067607
751.204999923706, 43185.93563573566, 52830.93428067607
751.204999923706, 43185.93563573566, 52830.45375439711
751.2170000076294, 43185.93563573566, 52830.45375439711
751.2230000495911, 43185.93563573566, 52830.45375439711
751.2279999256134, 43185.93563573566, 52830.45375439711
751.2330000400543, 43185.93563573566, 52830.45375439711
751.2379999160767, 43185.93563573566, 52830.45375439711
751.2409999370575, 43185.93563573566, 52829.139665645744
751.2439999580383, 43185.93563573566, 52829.139665645744
751.2479999065399, 43185.93563573566, 52829.139665645744
751.2530000209808, 43185.93563573566, 52829.139665645744
751.2579998970032, 43185.93563573566, 52829.139665645744
753.9230000972748, 43185.93563573566, 52829.139665645744
753.9230000972748, 43185.93563573566, 52829.139665645744
753.9230000972748, 43185.93563573566, 52829.139665645744
753.9379999637604, 43185.93563573566, 52829.139665645744
753.9400000572205, 43185.93563573566, 52828.06801482508
753.9400000572205, 43185.93563573566, 52826.90471523975
753.9530000686646, 43185.93563573566, 52826.90471523975
753.9530000686646, 43185.93563573566, 52826.90471523975
753.9570000171661, 43185.93563573566, 52826.90471523975
753.9570000171661, 43185.93563573566, 52826.90471523975
757.0529999732971, 43185.93563573566, 52825.310686927434
757.0539999008179, 43185.93563573566, 52825.310686927434
757.0539999008179, 43185.93563573566, 52825.310686927434
757.0539999008179, 43185.93563573566, 52825.310686927434
757.0729999542236, 43185.93563573566, 52825.310686927434
757.0789999961853, 43185.93563573566, 52825.310686927434
757.0829999446869, 43185.93563573566, 52825.310686927434
757.0880000591278, 43185.93563573566, 52825.310686927434
759.8010001182556, 43185.93563573566, 52825.310686927434
759.8069999217987, 43185.93563573566, 52823.63048859827
759.8120000362396, 43185.93563573566, 52823.63048859827
759.8180000782013, 43185.93563573566, 52823.63048859827
759.8220000267029, 43185.93563573566, 52823.63048859827
759.8259999752045, 43185.93563573566, 52823.250443961944
759.8310000896454, 43185.93563573566, 52823.250443961944
762.8789999485016, 43185.93563573566, 52823.250443961944
762.8840000629425, 43185.93563573566, 52823.250443961944
762.8880000114441, 43185.93563573566, 52823.250443961944
762.8910000324249, 43185.93563573566, 52822.08343984668
762.8910000324249, 43185.93563573566, 52822.08343984668
762.8910000324249, 43185.93563573566, 52822.08343984668
762.8910000324249, 43185.93563573566, 52822.08343984668
762.9089999198914, 43185.93563573566, 52822.08343984668
762.9140000343323, 43185.93563573566, 52822.08343984668
762.9179999828339, 43185.93563573566, 52822.08343984668
762.9219999313354, 43185.93563573566, 52822.08343984668
762.9260001182556, 43185.93563573566, 52822.08343984668
762.9270000457764, 43185.93563573566, 52822.08343984668
765.5260000228882, 43185.93563573566, 52822.08343984668
765.5309998989105, 43185.93563573566, 52822.08343984668
765.5369999408722, 43185.93563573566, 52821.000286111026
765.5409998893738, 43185.93563573566, 52821.000286111026
765.5460000038147, 43185.93563573566, 52819.981065295644
765.5490000247955, 43185.93563573566, 52819.981065295644
765.5490000247955, 43185.93563573566, 52819.981065295644
765.5590000152588, 43185.93563573566, 52819.981065295644
765.5590000152588, 43185.93563573566, 52819.981065295644
765.5590000152588, 43185.93563573566, 52819.981065295644
765.5590000152588, 43185.93563573566, 52819.76368982339
765.574000120163, 43185.93563573566, 52819.42504292484
765.5780000686646, 43185.93563573566, 52819.42504292484
765.5829999446869, 43185.93563573566, 52819.42504292484
768.6180000305176, 43185.93563573566, 52818.91360854854
768.6349999904633, 43185.93563573566, 52818.91360854854
768.6410000324249, 43185.93563573566, 52818.91360854854
768.6449999809265, 43185.93563573566, 52818.91360854854
768.6500000953674, 43185.93563573566, 52818.91360854854
768.654000043869, 43185.93563573566, 52817.74271077795
768.6600000858307, 43185.93563573566, 52817.74271077795
768.6640000343323, 43185.93563573566, 52817.74271077795
768.6689999103546, 43185.93563573566, 52817.74271077795
768.6689999103546, 43185.93563573566, 52817.74271077795
771.5209999084473, 43185.93563573566, 52817.74271077795
771.529000043869, 43185.93563573566, 52816.92132503057
774.3399999141693, 43185.93563573566, 52816.48607160486
774.3470001220703, 43185.93563573566, 52816.48607160486
774.3529999256134, 43185.93563573566, 52816.48607160486
774.3580000400543, 43185.93563573566, 52816.48607160486
774.3619999885559, 43185.93563573566, 52814.549474797495
777.4260001182556, 43185.93563573566, 52814.549474797495
777.430999994278, 43185.93563573566, 52814.549474797495
777.4360001087189, 43185.93563573566, 52814.30132189456
777.441999912262, 43185.93563573566, 52813.415128611014
777.441999912262, 43185.93563573566, 52812.561523381904
780.1619999408722, 43185.93563573566, 52812.561523381904
780.1679999828339, 43185.93563573566, 52812.561523381904
780.1749999523163, 43185.93563573566, 52812.561523381904
780.180999994278, 43185.93563573566, 52812.561523381904
780.1849999427795, 43185.93563573566, 52812.561523381904
780.1849999427795, 43185.93563573566, 52812.561523381904
780.1849999427795, 43185.93563573566, 52812.561523381904
780.1979999542236, 43185.93563573566, 52812.561523381904
780.2019999027252, 43185.93563573566, 52812.561523381904
780.2060000896454, 43185.93563573566, 52812.561523381904
780.2079999446869, 43185.93563573566, 52812.561523381904
780.210000038147, 43185.93563573566, 52812.561523381904
780.2130000591278, 43185.93563573566, 52812.561523381904
783.4170000553131, 43185.93563573566, 52808.74848993981
783.4170000553131, 43185.93563573566, 52808.444447785485
783.4279999732971, 43185.93563573566, 52808.444447785485
783.4340000152588, 43185.93563573566, 52808.444447785485
783.4340000152588, 43185.93563573566, 52808.444447785485
783.4340000152588, 43185.93563573566, 52807.959996265905
783.4449999332428, 43185.93563573566, 52807.74150520144
783.449000120163, 43185.93563573566, 52807.74150520144
783.449000120163, 43185.93563573566, 52807.36370283092
786.2019999027252, 43185.93563573566, 52806.98547162206
786.2070000171661, 43185.93563573566, 52806.51211632342
786.2070000171661, 43185.93563573566, 52806.51211632342
786.2070000171661, 43185.93563573566, 52806.359027499915
786.2070000171661, 43185.93563573566, 52806.359027499915
786.2230000495911, 43185.93563573566, 52806.359027499915
786.2290000915527, 43185.93563573566, 52806.359027499915
786.2330000400543, 43185.93563573566, 52806.34649197363
786.239000082016, 43185.93563573566, 52806.34649197363
786.2449998855591, 43185.93563573566, 52806.34649197363
786.2490000724792, 43185.93563573566, 52806.34649197363
786.2539999485016, 43185.93563573566, 52806.34649197363
789.3199999332428, 43185.93563573566, 52806.34649197363
789.3229999542236, 43185.93563573566, 52806.34649197363
789.3229999542236, 43185.93563573566, 52805.81989998132
789.3329999446869, 43185.93563573566, 52805.81989998132
789.3380000591278, 43185.93563573566, 52805.81989998132
789.3420000076294, 43185.93563573566, 52805.81989998132
789.3470001220703, 43185.93563573566, 52805.81989998132
789.3510000705719, 43185.93563573566, 52805.81989998132
792.2809998989105, 43185.93563573566, 52805.81989998132
792.2890000343323, 43185.93563573566, 52805.81989998132
792.2969999313354, 43185.93563573566, 52805.81989998132
792.3050000667572, 43185.93563573566, 52804.79592399208
792.3139998912811, 43185.93563573566, 52804.79592399208
792.319000005722, 43185.93563573566, 52804.79592399208
792.319000005722, 43185.93563573566, 52803.50477128965
792.3310000896454, 43185.93563573566, 52803.50477128965
792.3340001106262, 43185.93563573566, 52803.50477128965
795.7379999160767, 43185.93563573566, 52802.53971312471
795.7409999370575, 43185.93563573566, 52802.53971312471
795.7509999275208, 43185.93563573566, 52802.341690650195
795.7590000629425, 43185.93563573566, 52802.341690650195
795.7660000324249, 43185.93563573566, 52801.96185370592
795.7739999294281, 43185.93563573566, 52801.78394417952
795.7799999713898, 43185.93563573566, 52801.78394417952
795.7820000648499, 43185.93563573566, 52801.78394417952
795.7820000648499, 43185.93563573566, 52801.78394417952
795.7820000648499, 43185.93563573566, 52801.78394417952
795.7820000648499, 43185.93563573566, 52801.78394417952
795.7820000648499, 43185.93563573566, 52801.171093918856
798.7060000896454, 43185.93563573566, 52800.49987120523
798.7060000896454, 43185.93563573566, 52800.49987120523
798.7170000076294, 43185.93563573566, 52800.49987120523
798.7170000076294, 43185.93563573566, 52800.49987120523
798.7230000495911, 43185.93563573566, 52800.49987120523
798.7230000495911, 43185.93563573566, 52800.49987120523
798.7330000400543, 43185.93563573566, 52800.49987120523
798.7360000610352, 43185.93563573566, 52800.49987120523
798.7400000095367, 43185.93563573566, 52800.49987120523
798.7430000305176, 43185.93563573566, 52800.49987120523
798.7490000724792, 43185.93563573566, 52800.49987120523
801.8889999389648, 43185.93563573566, 52799.573859248005
801.8989999294281, 43185.93563573566, 52799.573859248005
801.904000043869, 43185.93563573566, 52799.573859248005
801.9079999923706, 43185.93563573566, 52799.573859248005
801.9130001068115, 43185.93563573566, 52799.573859248005
801.9130001068115, 43185.93563573566, 52799.573859248005
801.9130001068115, 43185.93563573566, 52798.62503662472
801.9240000247955, 43185.93563573566, 52798.62503662472
801.9289999008179, 43185.93563573566, 52798.62503662472
801.9289999008179, 43185.93563573566, 52798.62503662472
805.1779999732971, 43185.93563573566, 52798.62503662472
805.1819999217987, 43185.93563573566, 52798.62503662472
805.1849999427795, 43185.93563573566, 52798.62503662472
805.1900000572205, 43185.93563573566, 52798.62503662472
805.194000005722, 43185.93563573566, 52798.62503662472
805.1979999542236, 43185.93563573566, 52797.806277979944
805.2039999961853, 43185.93563573566, 52797.411457937604
805.2109999656677, 43185.93563573566, 52797.411457937604
805.2170000076294, 43185.93563573566, 52797.411457937604
805.220999956131, 43185.93563573566, 52797.411457937604
805.2230000495911, 43185.93563573566, 52797.411457937604
805.2279999256134, 43185.93563573566, 52797.411457937604
805.2320001125336, 43185.93563573566, 52796.46404775654
807.9660000801086, 43185.93563573566, 52796.46404775654
807.9660000801086, 43185.93563573566, 52795.985183435485
807.9660000801086, 43185.93563573566, 52795.985183435485
807.9660000801086, 43185.93563573566, 52795.985183435485
807.9830000400543, 43185.93563573566, 52795.655818209285
807.9849998950958, 43185.93563573566, 52795.300043122574
807.989000082016, 43185.93563573566, 52795.300043122574
807.9909999370575, 43185.93563573566, 52795.300043122574
807.9930000305176, 43185.93563573566, 52795.300043122574
807.9969999790192, 43185.93563573566, 52794.97413262055
808.0020000934601, 43185.93563573566, 52794.97413262055
808.0079998970032, 43185.93563573566, 52793.217629824314
811.2439999580383, 43185.93563573566, 52793.217629824314
811.2490000724792, 43185.93563573566, 52792.8569206856
811.25, 43185.93563573566, 52792.8569206856
811.25, 43185.93563573566, 52792.8569206856
811.25, 43185.93563573566, 52792.8569206856
811.2679998874664, 43185.93563573566, 52792.54486673628
811.2720000743866, 43185.93563573566, 52792.54486673628
811.2780001163483, 43185.93563573566, 52792.54486673628
811.2850000858307, 43185.93563573566, 52792.54486673628
811.2850000858307, 43185.93563573566, 52791.807029615404
811.2850000858307, 43185.93563573566, 52791.807029615404
814.0269999504089, 43185.93563573566, 52791.807029615404
814.0329999923706, 43185.93563573566, 52791.807029615404
814.0380001068115, 43185.93563573566, 52791.807029615404
814.0429999828339, 43185.93563573566, 52791.807029615404
814.0469999313354, 43185.93563573566, 52791.807029615404
814.0510001182556, 43185.93563573566, 52791.807029615404
814.0550000667572, 43185.93563573566, 52791.807029615404
814.0590000152588, 43185.93563573566, 52791.807029615404
814.0629999637604, 43185.93563573566, 52790.13044033421
814.066999912262, 43185.93563573566, 52790.13044033421
814.0729999542236, 43185.93563573566, 52789.97159342514
814.0780000686646, 43185.93563573566, 52789.97159342514
814.0840001106262, 43185.93563573566, 52789.97159342514
814.0889999866486, 43185.93563573566, 52789.97159342514
814.0940001010895, 43185.93563573566, 52789.97159342514
814.0989999771118, 43185.93563573566, 52789.97159342514
814.1050000190735, 43185.93563573566, 52789.97159342514
817.3540000915527, 43185.93563573566, 52788.14171425776
817.3570001125336, 43185.93563573566, 52788.02302170244
817.3680000305176, 43185.93563573566, 52788.02302170244
817.3759999275208, 43185.93563573566, 52788.02302170244
817.3819999694824, 43185.93563573566, 52788.02302170244
817.3819999694824, 43185.93563573566, 52788.02302170244
817.3929998874664, 43185.93563573566, 52788.02302170244
817.3980000019073, 43185.93563573566, 52788.02302170244
817.3980000019073, 43185.93563573566, 52788.02302170244
820.3129999637604, 43185.93563573566, 52788.02302170244
820.316999912262, 43185.93563573566, 52788.02302170244
820.3199999332428, 43185.93563573566, 52786.78301174804
820.3280000686646, 43185.93563573566, 52786.78301174804
820.3320000171661, 43185.93563573566, 52786.78301174804
820.335000038147, 43185.93563573566, 52786.78301174804
820.335000038147, 43185.93563573566, 52786.78301174804
820.345999956131, 43185.93563573566, 52786.78301174804
820.3480000495911, 43185.93563573566, 52786.78301174804
820.3510000705719, 43185.93563573566, 52786.78301174804
820.3550000190735, 43185.93563573566, 52786.78301174804
820.3570001125336, 43185.93563573566, 52786.78301174804
820.3610000610352, 43185.93563573566, 52786.78301174804
820.3670001029968, 43185.93563573566, 52786.78301174804
820.3670001029968, 43185.93563573566, 52786.78301174804
820.3670001029968, 43185.93563573566, 52786.78301174804
823.6019999980927, 43185.93563573566, 52783.70218509982
823.6019999980927, 43185.93563573566, 52783.70218509982
823.6199998855591, 43185.93563573566, 52783.70218509982
823.6240000724792, 43185.93563573566, 52782.86610372814
823.6280000209808, 43185.93563573566, 52782.86610372814
823.6319999694824, 43185.93563573566, 52782.86610372814
823.6370000839233, 43185.93563573566, 52782.86610372814
823.6410000324249, 43185.93563573566, 52782.67058231323
823.6449999809265, 43185.93563573566, 52782.67058231323
826.4779999256134, 43185.93563573566, 52782.39344410489
826.4779999256134, 43185.93563573566, 52782.39344410489
826.4779999256134, 43185.93563573566, 52782.39344410489
826.4939999580383, 43185.93563573566, 52781.80303340477
826.5009999275208, 43185.93563573566, 52781.80303340477
826.5060000419617, 43185.93563573566, 52781.80303340477
826.5139999389648, 43185.93563573566, 52781.80303340477
826.5179998874664, 43185.93563573566, 52781.80303340477
826.5239999294281, 43185.93563573566, 52781.80303340477
826.529000043869, 43185.93563573566, 52781.615576146156
829.9470000267029, 43185.93563573566, 52781.615576146156
829.9470000267029, 43185.93563573566, 52781.615576146156
829.9639999866486, 43185.93563573566, 52781.615576146156
829.9639999866486, 43185.93563573566, 52781.615576146156
829.9639999866486, 43185.93563573566, 52781.615576146156
829.9639999866486, 43185.93563573566, 52781.615576146156
829.9639999866486, 43185.93563573566, 52781.615576146156
829.9800000190735, 43185.93563573566, 52781.615576146156
829.9800000190735, 43185.93563573566, 52781.615576146156
829.9800000190735, 43185.93563573566, 52781.615576146156
829.9800000190735, 43185.93563573566, 52781.615576146156
829.9800000190735, 43185.93563573566, 52781.615576146156
829.9949998855591, 43185.93563573566, 52781.615576146156
832.9170000553131, 43185.93563573566, 52780.31732920816
832.920000076294, 43185.93563573566, 52780.31732920816
832.920000076294, 43185.93563573566, 52780.31732920816
832.9349999427795, 43185.93563573566, 52780.31732920816
832.9400000572205, 43185.93563573566, 52780.31732920816
832.941999912262, 43185.93563573566, 52780.31732920816
832.941999912262, 43185.93563573566, 52780.31732920816
832.941999912262, 43185.93563573566, 52780.31732920816
832.9560000896454, 43185.93563573566, 52779.88679808054
836.1770000457764, 43185.93563573566, 52779.88679808054
836.180999994278, 43185.93563573566, 52779.88679808054
836.1849999427795, 43185.93563573566, 52779.88679808054
836.1930000782013, 43185.93563573566, 52779.88679808054
836.1979999542236, 43185.93563573566, 52778.68465506062
836.2009999752045, 43185.93563573566, 52778.68465506062
836.2009999752045, 43185.93563573566, 52778.68465506062
836.2009999752045, 43185.93563573566, 52777.809721658305
836.2160000801086, 43185.93563573566, 52777.326471137356
836.2160000801086, 43185.93563573566, 52776.863869423796
839.6010000705719, 43185.93563573566, 52776.62035687265
839.6180000305176, 43185.93563573566, 52775.88839229856
839.6180000305176, 43185.93563573566, 52775.88839229856
839.6180000305176, 43185.93563573566, 52775.88839229856
839.6319999694824, 43185.93563573566, 52775.88839229856
839.6340000629425, 43185.93563573566, 52775.88839229856
839.6340000629425, 43185.93563573566, 52775.88839229856
839.6340000629425, 43185.93563573566, 52775.88839229856
839.6340000629425, 43185.93563573566, 52775.80543909046
842.691999912262, 43185.93563573566, 52775.527360830296
842.691999912262, 43185.93563573566, 52774.554100271394
842.7030000686646, 43185.93563573566, 52774.554100271394
842.7109999656677, 43185.93563573566, 52774.554100271394
842.7149999141693, 43185.93563573566, 52774.554100271394
842.7190001010895, 43185.93563573566, 52774.554100271394
842.7230000495911, 43185.93563573566, 52774.554100271394
842.7279999256134, 43185.93563573566, 52774.554100271394
842.7279999256134, 43185.93563573566, 52774.554100271394
842.7279999256134, 43185.93563573566, 52774.554100271394
842.7409999370575, 43185.93563573566, 52774.554100271394
842.7479999065399, 43185.93563573566, 52774.54238488547
842.7560000419617, 43185.93563573566, 52774.54238488547
842.7599999904633, 43185.93563573566, 52774.54238488547
846.1370000839233, 43185.93563573566, 52772.600885619475
846.1389999389648, 43185.93563573566, 52772.600885619475
846.1389999389648, 43185.93563573566, 52772.600885619475
846.1519999504089, 43185.93563573566, 52772.600885619475
846.1570000648499, 43185.93563573566, 52772.600885619475
846.1610000133514, 43185.93563573566, 52772.600885619475
846.1610000133514, 43185.93563573566, 52772.600885619475
846.1749999523163, 43185.93563573566, 52772.600885619475
846.1789999008179, 43185.93563573566, 52772.600885619475
846.183000087738, 43185.93563573566, 52772.600885619475
849.194000005722, 43185.93563573566, 52772.600885619475
849.1979999542236, 43185.93563573566, 52772.600885619475
849.2019999027252, 43185.93563573566, 52772.600885619475
849.2070000171661, 43185.93563573566, 52772.600885619475
849.2109999656677, 43185.93563573566, 52772.600885619475
849.2160000801086, 43185.93563573566, 52772.600885619475
849.2200000286102, 43185.93563573566, 52772.600885619475
849.2239999771118, 43185.93563573566, 52772.600885619475
849.2260000705719, 43185.93563573566, 52772.600885619475
849.2320001125336, 43185.93563573566, 52772.600885619475
849.2360000610352, 43185.93563573566, 52772.600885619475
849.239000082016, 43185.93563573566, 52772.600885619475
849.2439999580383, 43185.93563573566, 52772.600885619475
849.2469999790192, 43185.93563573566, 52772.600885619475
849.2509999275208, 43185.93563573566, 52772.600885619475
852.6170001029968, 43185.93563573566, 52772.600885619475
852.6240000724792, 43185.93563573566, 52772.600885619475
852.6280000209808, 43185.93563573566, 52772.600885619475
852.6349999904633, 43185.93563573566, 52772.600885619475
852.6410000324249, 43185.93563573566, 52772.600885619475
852.6459999084473, 43185.93563573566, 52772.600885619475
852.6480000019073, 43185.93563573566, 52772.600885619475
852.6530001163483, 43185.93563573566, 52772.600885619475
852.6530001163483, 43185.93563573566, 52772.600885619475
855.5980000495911, 43185.93563573566, 52772.600885619475
855.6159999370575, 43185.93563573566, 52772.600885619475
855.6170001029968, 43185.93563573566, 52772.600885619475
855.6170001029968, 43185.93563573566, 52772.600885619475
855.6170001029968, 43185.93563573566, 52772.600885619475
855.6170001029968, 43185.93563573566, 52772.600885619475
855.6329998970032, 43185.93563573566, 52772.600885619475
855.6370000839233, 43185.93563573566, 52772.600885619475
855.6419999599457, 43185.93563573566, 52770.730628823636
855.6459999084473, 43185.93563573566, 52770.730628823636
855.6489999294281, 43185.93563573566, 52770.730628823636
855.6489999294281, 43185.93563573566, 52770.730628823636
855.6489999294281, 43185.93563573566, 52770.730628823636
855.6489999294281, 43185.93563573566, 52770.730628823636
855.6489999294281, 43185.93563573566, 52770.730628823636
855.6670000553131, 43185.93563573566, 52770.730628823636
855.6689999103546, 43185.93563573566, 52770.730628823636
855.6689999103546, 43185.93563573566, 52770.730628823636
855.6689999103546, 43185.93563573566, 52770.730628823636
855.6840000152588, 43185.93563573566, 52770.195736011534
855.6860001087189, 43185.93563573566, 52770.195736011534
855.6860001087189, 43185.93563573566, 52770.195736011534
855.6860001087189, 43185.93563573566, 52770.195736011534
855.6860001087189, 43185.93563573566, 52770.195736011534
855.699000120163, 43185.93563573566, 52770.195736011534
855.7000000476837, 43185.93563573566, 52770.195736011534
855.7000000476837, 43185.93563573566, 52770.195736011534
855.7000000476837, 43185.93563573566, 52770.195736011534
855.7000000476837, 43185.93563573566, 52770.195736011534
855.7000000476837, 43185.93563573566, 52770.195736011534
855.7190001010895, 43185.93563573566, 52767.889688985364
855.7239999771118, 43185.93563573566, 52767.889688985364
859.0550000667572, 43185.93563573566, 52767.889688985364
859.0590000152588, 43185.93563573566, 52767.889688985364
859.0629999637604, 43185.93563573566, 52767.889688985364
859.0659999847412, 43185.93563573566, 52767.889688985364
859.0699999332428, 43185.93563573566, 52767.889688985364
859.0729999542236, 43185.93563573566, 52767.889688985364
859.0759999752045, 43185.93563573566, 52767.889688985364
859.0789999961853, 43185.93563573566, 52767.889688985364
859.0829999446869, 43185.93563573566, 52767.889688985364
859.0859999656677, 43185.93563573566, 52767.889688985364
859.0889999866486, 43185.93563573566, 52767.889688985364
859.0920000076294, 43185.93563573566, 52767.889688985364
859.0940001010895, 43185.93563573566, 52767.889688985364
859.0980000495911, 43185.93563573566, 52767.889688985364
859.1010000705719, 43185.93563573566, 52767.889688985364
859.1040000915527, 43185.93563573566, 52767.889688985364
859.1070001125336, 43185.93563573566, 52767.889688985364
859.1110000610352, 43185.93563573566, 52767.889688985364
859.1150000095367, 43185.93563573566, 52767.889688985364
859.1180000305176, 43185.93563573566, 52767.889688985364
859.1180000305176, 43185.93563573566, 52767.889688985364
859.1180000305176, 43185.93563573566, 52767.889688985364
859.1329998970032, 43185.93563573566, 52767.889688985364
859.1389999389648, 43185.93563573566, 52767.889688985364
862.1889998912811, 43185.93563573566, 52767.36124127038
862.191999912262, 43185.93563573566, 52767.36124127038
862.191999912262, 43185.93563573566, 52767.36124127038
862.2070000171661, 43185.93563573566, 52767.36124127038
862.2160000801086, 43185.93563573566, 52767.36124127038
862.2170000076294, 43185.93563573566, 52767.36124127038
862.2300000190735, 43185.93563573566, 52767.36124127038
862.2360000610352, 43185.93563573566, 52767.36124127038
862.2400000095367, 43185.93563573566, 52767.36124127038
862.2469999790192, 43185.93563573566, 52764.4101225547
865.5869998931885, 43185.93563573566, 52763.26392351946
865.5929999351501, 43185.93563573566, 52763.26392351946
865.5980000495911, 43185.93563573566, 52763.26392351946
865.6029999256134, 43185.93563573566, 52763.26392351946
865.6110000610352, 43185.93563573566, 52763.26392351946
865.6180000305176, 43185.93563573566, 52763.26392351946
865.6180000305176, 43185.93563573566, 52763.09557493965
865.6180000305176, 43185.93563573566, 52763.09557493965
865.6329998970032, 43185.93563573566, 52763.09557493965
865.6329998970032, 43185.93563573566, 52763.09557493965
865.6329998970032, 43185.93563573566, 52762.801726259495
865.6329998970032, 43185.93563573566, 52762.801726259495
868.795000076294, 43185.93563573566, 52762.801726259495
868.8029999732971, 43185.93563573566, 52762.801726259495
868.8069999217987, 43185.93563573566, 52760.30106426885
868.8110001087189, 43185.93563573566, 52760.30106426885
868.8150000572205, 43185.93563573566, 52760.30106426885
868.8199999332428, 43185.93563573566, 52760.30106426885
868.824000120163, 43185.93563573566, 52759.98897574118
868.8280000686646, 43185.93563573566, 52759.98897574118
868.8320000171661, 43185.93563573566, 52759.98897574118
868.8359999656677, 43185.93563573566, 52759.98897574118
868.8410000801086, 43185.93563573566, 52759.98897574118
868.8450000286102, 43185.93563573566, 52759.98897574118
868.8470001220703, 43185.93563573566, 52759.98897574118
868.8519999980927, 43185.93563573566, 52759.150928963994
868.8519999980927, 43185.93563573566, 52759.150928963994
868.8580000400543, 43185.93563573566, 52759.150928963994
868.8580000400543, 43185.93563573566, 52759.150928963994
872.4010000228882, 43185.93563573566, 52759.150928963994
872.4070000648499, 43185.93563573566, 52759.150928963994
872.4110000133514, 43185.93563573566, 52759.150928963994
872.4159998893738, 43185.93563573566, 52759.150928963994
872.420000076294, 43185.93563573566, 52759.150928963994
872.4270000457764, 43185.93563573566, 52758.34570916912
872.4340000152588, 43185.93563573566, 52757.35472160379
872.4379999637604, 43185.93563573566, 52757.35472160379
872.444000005722, 43185.93563573566, 52754.0702581968
875.3420000076294, 43185.93563573566, 52753.527990163595
875.3540000915527, 43185.93563573566, 52753.527990163595
875.3599998950958, 43185.93563573566, 52753.527990163595
875.3629999160767, 43185.93563573566, 52753.527990163595
875.3629999160767, 43185.93563573566, 52753.527990163595
875.3759999275208, 43185.93563573566, 52753.527990163595
875.3759999275208, 43185.93563573566, 52753.527990163595
875.3759999275208, 43185.93563573566, 52753.527990163595
875.3759999275208, 43185.93563573566, 52753.527990163595
875.3959999084473, 43185.93563573566, 52753.26520623735
875.4019999504089, 43185.93563573566, 52752.91836651867
875.4059998989105, 43185.93563573566, 52752.91836651867
875.4079999923706, 43185.93563573566, 52752.91836651867
875.4119999408722, 43185.93563573566, 52752.91836651867
875.4119999408722, 43185.93563573566, 52752.91836651867
875.4119999408722, 43185.93563573566, 52752.91836651867
875.4119999408722, 43185.93563573566, 52752.91836651867
875.4119999408722, 43185.93563573566, 52752.91836651867
875.4270000457764, 43185.93563573566, 52752.91836651867
875.430999994278, 43185.93563573566, 52752.91836651867
875.430999994278, 43185.93563573566, 52752.91836651867
875.444000005722, 43185.93563573566, 52752.54995121564
878.9279999732971, 43185.93563573566, 52752.018189009366
878.9319999217987, 43185.93563573566, 52752.018189009366
878.9360001087189, 43185.93563573566, 52751.89404435435
878.9400000572205, 43185.93563573566, 52751.89404435435
878.941999912262, 43185.93563573566, 52751.89404435435
878.9460000991821, 43185.93563573566, 52751.32309433285
878.9479999542236, 43185.93563573566, 52751.32309433285
878.9479999542236, 43185.93563573566, 52751.32309433285
878.9479999542236, 43185.93563573566, 52751.32309433285
878.9479999542236, 43185.93563573566, 52751.32309433285
878.9630000591278, 43185.93563573566, 52751.20021548551
878.9690001010895, 43185.93563573566, 52751.20021548551
881.7920000553131, 43185.93563573566, 52751.20021548551
881.7980000972748, 43185.93563573566, 52751.20021548551
881.8029999732971, 43185.93563573566, 52751.20021548551
881.808000087738, 43185.93563573566, 52751.20021548551
881.8139998912811, 43185.93563573566, 52751.20021548551
881.8220000267029, 43185.93563573566, 52751.20021548551
881.8220000267029, 43185.93563573566, 52751.20021548551
881.835000038147, 43185.93563573566, 52751.20021548551
881.8359999656677, 43185.93563573566, 52751.20021548551
881.8359999656677, 43185.93563573566, 52749.9058049718
881.8529999256134, 43185.93563573566, 52747.39591747851
881.8540000915527, 43185.93563573566, 52747.39591747851
885.3039999008179, 43185.93563573566, 52746.89907126997
885.3099999427795, 43185.93563573566, 52746.89907126997
885.3139998912811, 43185.93563573566, 52746.89907126997
885.3180000782013, 43185.93563573566, 52746.89907126997
885.3250000476837, 43185.93563573566, 52746.89907126997
885.3269999027252, 43185.93563573566, 52746.713705369264
885.3380000591278, 43185.93563573566, 52746.268406329495
888.3180000782013, 43185.93563573566, 52746.268406329495
888.3269999027252, 43185.93563573566, 52746.268406329495
888.3310000896454, 43185.93563573566, 52746.268406329495
888.3359999656677, 43185.93563573566, 52746.268406329495
888.3359999656677, 43185.93563573566, 52746.268406329495
888.3429999351501, 43185.93563573566, 52746.268406329495
888.3429999351501, 43185.93563573566, 52746.268406329495
888.3480000495911, 43185.93563573566, 52746.268406329495
888.3480000495911, 43185.93563573566, 52746.268406329495
888.3480000495911, 43185.93563573566, 52745.55611281017
888.3580000400543, 43185.93563573566, 52745.55611281017
888.3650000095367, 43185.93563573566, 52743.36129814053
888.3650000095367, 43185.93563573566, 52743.36129814053
891.9730000495911, 43185.93563573566, 52743.267487100806
891.9809999465942, 43185.93563573566, 52742.91209822086
891.9849998950958, 43185.93563573566, 52742.91209822086
891.9900000095367, 43185.93563573566, 52742.91209822086
891.9949998855591, 43185.93563573566, 52742.91209822086
892.0039999485016, 43185.93563573566, 52741.9707819587
895.1340000629425, 43185.93563573566, 52740.93351776252
895.1410000324249, 43185.93563573566, 52740.93351776252
895.1519999504089, 43185.93563573566, 52740.73911324306
895.1579999923706, 43185.93563573566, 52740.46352899564
895.1640000343323, 43185.93563573566, 52740.46352899564
895.1679999828339, 43185.93563573566, 52740.46352899564
895.1710000038147, 43185.93563573566, 52740.46352899564
895.1710000038147, 43185.93563573566, 52740.46352899564
895.1710000038147, 43185.93563573566, 52740.46352899564
895.1849999427795, 43185.93563573566, 52740.46352899564
895.1849999427795, 43185.93563573566, 52740.2655273094
895.1849999427795, 43185.93563573566, 52738.883256407185
898.5789999961853, 43185.93563573566, 52738.883256407185
898.585000038147, 43185.93563573566, 52738.3650306183
898.5880000591278, 43185.93563573566, 52737.27927432332
898.5920000076294, 43185.93563573566, 52737.27927432332
898.595999956131, 43185.93563573566, 52736.774469746546
898.5989999771118, 43185.93563573566, 52736.774469746546
901.6219999790192, 43185.93563573566, 52735.39450086584
901.6280000209808, 43185.93563573566, 52735.39450086584
901.6319999694824, 43185.93563573566, 52735.39450086584
901.6370000839233, 43185.93563573566, 52735.39450086584
901.6429998874664, 43185.93563573566, 52735.39450086584
901.6489999294281, 43185.93563573566, 52735.39450086584
901.654000043869, 43185.93563573566, 52735.39450086584
901.6589999198914, 43185.93563573566, 52735.39450086584
901.6589999198914, 43185.93563573566, 52734.07275940366
901.6719999313354, 43185.93563573566, 52734.07275940366
905.1489999294281, 43185.93563573566, 52734.07275940366
905.1570000648499, 43185.93563573566, 52734.07275940366
905.1630001068115, 43185.93563573566, 52734.07275940366
905.1679999828339, 43185.93563573566, 52734.07275940366
905.1679999828339, 43185.93563573566, 52734.07275940366
905.183000087738, 43185.93563573566, 52734.07275940366
908.6010000705719, 43185.93563573566, 52732.80680497602
908.6089999675751, 43185.93563573566, 52732.80680497602
908.6119999885559, 43185.93563573566, 52732.80680497602
908.6119999885559, 43185.93563573566, 52732.80680497602
908.6119999885559, 43185.93563573566, 52732.80680497602
908.6300001144409, 43185.93563573566, 52731.08917783969
908.6300001144409, 43185.93563573566, 52731.08917783969
908.6300001144409, 43185.93563573566, 52731.08917783969
908.6459999084473, 43185.93563573566, 52730.11190991551
911.6510000228882, 43185.93563573566, 52730.11190991551
911.6510000228882, 43185.93563573566, 52730.11190991551
911.664999961853, 43185.93563573566, 52730.11190991551
911.670000076294, 43185.93563573566, 52728.720863225186
911.6760001182556, 43185.93563573566, 52728.720863225186
911.6770000457764, 43185.93563573566, 52728.720863225186
911.6879999637604, 43185.93563573566, 52728.720863225186
911.6879999637604, 43185.93563573566, 52727.54653145906
911.6879999637604, 43185.93563573566, 52727.54653145906
911.6879999637604, 43185.93563573566, 52727.325168015464
911.7030000686646, 43185.93563573566, 52727.325168015464
914.7109999656677, 43185.93563573566, 52725.774800004234
914.7109999656677, 43185.93563573566, 52725.774800004234
914.7179999351501, 43185.93563573566, 52725.774800004234
914.7179999351501, 43185.93563573566, 52725.774800004234
914.7309999465942, 43185.93563573566, 52725.774800004234
914.7360000610352, 43185.93563573566, 52725.774800004234
914.7400000095367, 43185.93563573566, 52725.774800004234
918.0320000648499, 43185.93563573566, 52725.774800004234
918.0320000648499, 43185.93563573566, 52725.774800004234
918.0320000648499, 43185.93563573566, 52725.774800004234
918.0460000038147, 43185.93563573566, 52725.774800004234
918.0520000457764, 43185.93563573566, 52725.774800004234
918.0539999008179, 43185.93563573566, 52725.774800004234
918.0639998912811, 43185.93563573566, 52725.774800004234
921.2239999771118, 43185.93563573566, 52725.774800004234
921.2239999771118, 43185.93563573566, 52725.774800004234
921.2369999885559, 43185.93563573566, 52725.774800004234
921.2409999370575, 43185.93563573566, 52725.774800004234
921.2479999065399, 43185.93563573566, 52725.774800004234
921.2530000209808, 43185.93563573566, 52725.774800004234
921.2569999694824, 43185.93563573566, 52725.774800004234
921.2590000629425, 43185.93563573566, 52725.774800004234
921.2590000629425, 43185.93563573566, 52725.774800004234
924.7590000629425, 43185.93563573566, 52722.935367782935
924.7639999389648, 43185.93563573566, 52722.935367782935
924.7650001049042, 43185.93563573566, 52722.935367782935
924.7650001049042, 43185.93563573566, 52722.246675095856
924.7650001049042, 43185.93563573566, 52722.246675095856
924.7809998989105, 43185.93563573566, 52722.246675095856
924.7820000648499, 43185.93563573566, 52722.246675095856
927.7119998931885, 43185.93563573566, 52722.246675095856
927.7170000076294, 43185.93563573566, 52722.246675095856
927.7220001220703, 43185.93563573566, 52719.14582135308
927.7260000705719, 43185.93563573566, 52719.14582135308
927.7330000400543, 43185.93563573566, 52719.14582135308
927.7349998950958, 43185.93563573566, 52719.14582135308
927.7409999370575, 43185.93563573566, 52719.14582135308
927.7449998855591, 43185.93563573566, 52719.14582135308
927.7490000724792, 43185.93563573566, 52719.14582135308
927.7530000209808, 43185.93563573566, 52719.14582135308
927.7569999694824, 43185.93563573566, 52719.14582135308
927.7620000839233, 43185.93563573566, 52719.14582135308
927.7660000324249, 43185.93563573566, 52719.14582135308
927.7699999809265, 43185.93563573566, 52719.14582135308
927.7739999294281, 43185.93563573566, 52719.14582135308
931.2109999656677, 43185.93563573566, 52716.312516186044
931.2149999141693, 43185.93563573566, 52716.312516186044
931.2220001220703, 43185.93563573566, 52716.312516186044
931.2309999465942, 43185.93563573566, 52716.312516186044
931.2369999885559, 43185.93563573566, 52716.312516186044
931.2409999370575, 43185.93563573566, 52716.312516186044
931.2430000305176, 43185.93563573566, 52716.312516186044
931.2430000305176, 43185.93563573566, 52716.312516186044
931.2579998970032, 43185.93563573566, 52716.312516186044
931.2579998970032, 43185.93563573566, 52716.17673295297
934.7720000743866, 43185.93563573566, 52716.17673295297
934.7720000743866, 43185.93563573566, 52716.17673295297
934.7890000343323, 43185.93563573566, 52716.17673295297
934.7890000343323, 43185.93563573566, 52716.17673295297
934.7890000343323, 43185.93563573566, 52716.17673295297
934.7890000343323, 43185.93563573566, 52716.17673295297
934.805999994278, 43185.93563573566, 52716.17673295297
934.805999994278, 43185.93563573566, 52716.17673295297
934.805999994278, 43185.93563573566, 52716.17673295297
937.8880000114441, 43185.93563573566, 52715.7690514562
937.8919999599457, 43185.93563573566, 52715.7690514562
937.8989999294281, 43185.93563573566, 52715.7690514562
937.9030001163483, 43185.93563573566, 52715.7690514562
937.9079999923706, 43185.93563573566, 52715.7690514562
937.9110000133514, 43185.93563573566, 52715.7690514562
937.9159998893738, 43185.93563573566, 52715.7690514562
937.9219999313354, 43185.93563573566, 52715.7690514562
937.9249999523163, 43185.93563573566, 52715.7690514562
937.9249999523163, 43185.93563573566, 52715.7690514562
937.933000087738, 43185.93563573566, 52715.7690514562
937.9349999427795, 43185.93563573566, 52715.7690514562
937.9349999427795, 43185.93563573566, 52715.7690514562
937.9349999427795, 43185.93563573566, 52715.7690514562
937.9349999427795, 43185.93563573566, 52715.7690514562
937.949000120163, 43185.93563573566, 52715.7690514562
937.9509999752045, 43185.93563573566, 52715.7690514562
937.9539999961853, 43185.93563573566, 52715.7690514562
937.9539999961853, 43185.93563573566, 52715.7690514562
937.9539999961853, 43185.93563573566, 52715.7690514562
937.9670000076294, 43185.93563573566, 52715.7690514562
937.9670000076294, 43185.93563573566, 52715.7690514562
937.9670000076294, 43185.93563573566, 52715.7690514562
937.9670000076294, 43185.93563573566, 52715.7690514562
937.9670000076294, 43185.93563573566, 52715.7690514562
941.3759999275208, 43185.93563573566, 52715.7690514562
941.3840000629425, 43185.93563573566, 52715.7690514562
941.3889999389648, 43185.93563573566, 52715.7690514562
941.3970000743866, 43185.93563573566, 52713.82199008376
941.404000043869, 43185.93563573566, 52713.82199008376
941.404000043869, 43185.93563573566, 52713.82199008376
941.4189999103546, 43185.93563573566, 52713.82199008376
941.4210000038147, 43185.93563573566, 52713.82199008376
944.5869998931885, 43185.93563573566, 52713.82199008376
944.5920000076294, 43185.93563573566, 52713.36504206809
944.5970001220703, 43185.93563573566, 52713.36504206809
944.5999999046326, 43185.93563573566, 52713.36504206809
944.5999999046326, 43185.93563573566, 52713.36504206809
944.5999999046326, 43185.93563573566, 52713.36504206809
944.5999999046326, 43185.93563573566, 52713.36504206809
944.6170001029968, 43185.93563573566, 52713.36504206809
944.6170001029968, 43185.93563573566, 52713.36504206809
944.6170001029968, 43185.93563573566, 52713.36504206809
944.6170001029968, 43185.93563573566, 52713.36504206809
944.6170001029968, 43185.93563573566, 52713.36504206809
944.6340000629425, 43185.93563573566, 52713.36504206809
948.0920000076294, 43185.93563573566, 52711.018603564575
948.0999999046326, 43185.93563573566, 52711.018603564575
948.1070001125336, 43185.93563573566, 52711.018603564575
948.1119999885559, 43185.93563573566, 52711.018603564575
948.1210000514984, 43185.93563573566, 52711.018603564575
948.1229999065399, 43185.93563573566, 52711.018603564575
948.1300001144409, 43185.93563573566, 52711.018603564575
948.1319999694824, 43185.93563573566, 52711.018603564575
948.135999917984, 43185.93563573566, 52711.018603564575
948.1419999599457, 43185.93563573566, 52710.02440261671
948.1459999084473, 43185.93563573566, 52710.02440261671
951.2669999599457, 43185.93563573566, 52710.02440261671
951.2860000133514, 43185.93563573566, 52710.02440261671
951.289999961853, 43185.93563573566, 52710.02440261671
951.2920000553131, 43185.93563573566, 52710.02440261671
951.2960000038147, 43185.93563573566, 52710.02440261671
951.3020000457764, 43185.93563573566, 52710.02440261671
951.305999994278, 43185.93563573566, 52708.40422921438
951.319000005722, 43185.93563573566, 52708.02830332726
951.3199999332428, 43185.93563573566, 52707.93151311688
951.3199999332428, 43185.93563573566, 52707.93151311688
951.3199999332428, 43185.93563573566, 52707.93151311688
951.335000038147, 43185.93563573566, 52707.93151311688
951.3369998931885, 43185.93563573566, 52707.93151311688
951.3369998931885, 43185.93563573566, 52707.93151311688
955.1259999275208, 43185.93563573566, 52706.5637258932
955.1259999275208, 43185.93563573566, 52705.92713655664
955.1419999599457, 43185.93563573566, 52705.544047215364
955.1459999084473, 43185.93563573566, 52705.51613790876
958.3069999217987, 43185.93563573566, 52705.51613790876
958.3069999217987, 43185.93563573566, 52705.51613790876
958.3199999332428, 43185.93563573566, 52705.51613790876
958.324000120163, 43185.93563573566, 52705.06219616411
958.324000120163, 43185.93563573566, 52705.06219616411
958.324000120163, 43185.93563573566, 52705.06219616411
958.3369998931885, 43185.93563573566, 52705.06219616411
958.3410000801086, 43185.93563573566, 52705.06219616411
958.3410000801086, 43185.93563573566, 52705.06219616411
958.3410000801086, 43185.93563573566, 52703.283373270235
962.1019999980927, 43185.93563573566, 52703.283373270235
962.1080000400543, 43185.93563573566, 52702.73625441923
962.1129999160767, 43185.93563573566, 52702.73625441923
962.1180000305176, 43185.93563573566, 52702.73625441923
962.1259999275208, 43185.93563573566, 52702.73625441923
962.1329998970032, 43185.93563573566, 52702.73625441923
962.1440000534058, 43185.93563573566, 52702.73625441923
962.1500000953674, 43185.93563573566, 52702.73625441923
962.1570000648499, 43185.93563573566, 52702.73625441923
965.3310000896454, 43185.93563573566, 52700.576328962525
965.3369998931885, 43185.93563573566, 52700.5548928025
965.3429999351501, 43185.93563573566, 52700.30735501129
965.3499999046326, 43185.93563573566, 52700.30735501129
969.1159999370575, 43185.93563573566, 52700.30735501129
969.1210000514984, 43185.93563573566, 52700.30735501129
969.1229999065399, 43185.93563573566, 52699.64044690169
969.1229999065399, 43185.93563573566, 52699.64044690169
969.1229999065399, 43185.93563573566, 52699.64044690169
972.2070000171661, 43185.93563573566, 52698.5006119506
972.2149999141693, 43185.93563573566, 52698.5006119506
972.2230000495911, 43185.93563573566, 52698.5006119506
972.2290000915527, 43185.93563573566, 52698.5006119506
972.2349998950958, 43185.93563573566, 52698.5006119506
972.2400000095367, 43185.93563573566, 52698.5006119506
972.2460000514984, 43185.93563573566, 52695.987770219544
972.25, 43185.93563573566, 52695.987770219544
976.0309998989105, 43185.93563573566, 52695.987770219544
976.0390000343323, 43185.93563573566, 52695.987770219544
976.0390000343323, 43185.93563573566, 52695.472084898356
976.0510001182556, 43185.93563573566, 52695.472084898356
976.0569999217987, 43185.93563573566, 52695.472084898356
976.0590000152588, 43185.93563573566, 52695.472084898356
976.0590000152588, 43185.93563573566, 52695.472084898356
976.0729999542236, 43185.93563573566, 52695.472084898356
979.2669999599457, 43185.93563573566, 52694.39671206754
979.2820000648499, 43185.93563573566, 52694.39671206754
979.2880001068115, 43185.93563573566, 52694.39671206754
979.2920000553131, 43185.93563573566, 52694.39671206754
979.2990000247955, 43185.93563573566, 52694.13873371865
979.3050000667572, 43185.93563573566, 52694.13873371865
979.3090000152588, 43185.93563573566, 52694.13873371865
979.3139998912811, 43185.93563573566, 52693.24918158726
979.3180000782013, 43185.93563573566, 52690.519354484284
982.8699998855591, 43185.93563573566, 52690.519354484284
982.8699998855591, 43185.93563573566, 52690.519354484284
982.8840000629425, 43185.93563573566, 52690.519354484284
982.8900001049042, 43185.93563573566, 52690.519354484284
982.8949999809265, 43185.93563573566, 52690.519354484284
982.9030001163483, 43185.93563573566, 52690.519354484284
982.9110000133514, 43185.93563573566, 52690.519354484284
982.9170000553131, 43185.93563573566, 52690.519354484284
982.9219999313354, 43185.93563573566, 52690.519354484284
982.9219999313354, 43185.93563573566, 52690.519354484284
982.9219999313354, 43185.93563573566, 52690.519354484284
986.1180000305176, 43185.93563573566, 52689.455744400104
986.1349999904633, 43185.93563573566, 52689.06104495383
986.1349999904633, 43185.93563573566, 52689.06104495383
986.1500000953674, 43185.93563573566, 52688.70027527201
986.1589999198914, 43185.93563573566, 52688.70027527201
986.1670000553131, 43185.93563573566, 52688.70027527201
989.7309999465942, 43185.93563573566, 52688.70027527201
989.7369999885559, 43185.93563573566, 52688.31383039595
989.7409999370575, 43185.93563573566, 52688.31383039595
989.7449998855591, 43185.93563573566, 52688.31383039595
989.7490000724792, 43185.93563573566, 52688.31383039595
989.7530000209808, 43185.93563573566, 52688.31383039595
989.7569999694824, 43185.93563573566, 52688.31383039595
989.7599999904633, 43185.93563573566, 52687.209335405634
989.7599999904633, 43185.93563573566, 52687.209335405634
989.7599999904633, 43185.93563573566, 52686.0186165409
989.7599999904633, 43185.93563573566, 52686.0186165409
993.2279999256134, 43185.93563573566, 52684.60741455505
993.2339999675751, 43185.93563573566, 52684.60741455505
993.2409999370575, 43185.93563573566, 52684.60741455505
993.2460000514984, 43185.93563573566, 52684.60741455505
993.2490000724792, 43185.93563573566, 52684.60741455505
993.2590000629425, 43185.93563573566, 52684.60741455505
996.4690001010895, 43185.93563573566, 52684.60741455505
996.4690001010895, 43185.93563573566, 52684.60741455505
996.4690001010895, 43185.93563573566, 52684.60741455505
996.4830000400543, 43185.93563573566, 52684.60741455505
996.4879999160767, 43185.93563573566, 52684.60741455505
996.4949998855591, 43185.93563573566, 52684.60741455505
996.5020000934601, 43185.93563573566, 52683.71157975636
996.5020000934601, 43185.93563573566, 52683.71157975636
996.5020000934601, 43185.93563573566, 52681.28199844792
1000.0320000648499, 43185.93563573566, 52681.28199844792
1000.0380001068115, 43185.93563573566, 52681.28199844792
1000.0420000553131, 43185.93563573566, 52681.28199844792
1000.0460000038147, 43185.93563573566, 52681.28199844792
1000.0499999523163, 43185.93563573566, 52680.76792454138
1000.0520000457764, 43185.93563573566, 52680.76792454138
1000.055999994278, 43185.93563573566, 52680.76792454138
1000.0610001087189, 43185.93563573566, 52680.76792454138
1000.066999912262, 43185.93563573566, 52680.76792454138
1000.0710000991821, 43185.93563573566, 52680.76792454138
1000.0769999027252, 43185.93563573566, 52679.33860784219
1000.0820000171661, 43185.93563573566, 52679.33860784219
1000.0889999866486, 43185.93563573566, 52678.74789632063
1003.6089999675751, 43185.93563573566, 52678.74789632063
1003.6099998950958, 43185.93563573566, 52678.74789632063
1003.6099998950958, 43185.93563573566, 52678.69710424623
1003.6099998950958, 43185.93563573566, 52678.69710424623
1003.6259999275208, 43185.93563573566, 52678.69710424623
1003.6300001144409, 43185.93563573566, 52678.69710424623
1003.6340000629425, 43185.93563573566, 52678.028406428304
1003.6380000114441, 43185.93563573566, 52676.82858211475
1003.6429998874664, 43185.93563573566, 52676.82858211475
1007.1960000991821, 43185.93563573566, 52676.82858211475
1007.2079999446869, 43185.93563573566, 52676.82858211475
1007.2149999141693, 43185.93563573566, 52676.82858211475
1007.2230000495911, 43185.93563573566, 52676.82858211475
1007.2249999046326, 43185.93563573566, 52676.82858211475
1010.6710000038147, 43185.93563573566, 52676.33719254774
1010.6840000152588, 43185.93563573566, 52676.33719254774
1010.6870000362396, 43185.93563573566, 52674.40966879518
1010.6870000362396, 43185.93563573566, 52674.40966879518
1010.6870000362396, 43185.93563573566, 52674.40966879518
1010.7030000686646, 43185.93563573566, 52674.40966879518
1010.710000038147, 43185.93563573566, 52674.40966879518
1010.710000038147, 43185.93563573566, 52674.08014211037
1010.7260000705719, 43185.93563573566, 52673.89251001589
1010.7300000190735, 43185.93563573566, 52673.89251001589
1010.7320001125336, 43185.93563573566, 52673.328770070024
1014.2030000686646, 43185.93563573566, 52673.328770070024
1014.210000038147, 43185.93563573566, 52673.328770070024
1014.210000038147, 43185.93563573566, 52673.328770070024
1014.2190001010895, 43185.93563573566, 52673.328770070024
1014.2249999046326, 43185.93563573566, 52673.328770070024
1014.2269999980927, 43185.93563573566, 52673.328770070024
1014.2269999980927, 43185.93563573566, 52673.328770070024
1014.239000082016, 43185.93563573566, 52673.328770070024
1014.2430000305176, 43185.93563573566, 52673.328770070024
1014.2479999065399, 43185.93563573566, 52673.328770070024
1014.2539999485016, 43185.93563573566, 52671.98136263617
1014.2590000629425, 43185.93563573566, 52671.40048948983
1018.0840001106262, 43185.93563573566, 52671.40048948983
1018.0910000801086, 43185.93563573566, 52670.418840440165
1018.0950000286102, 43185.93563573566, 52670.418840440165
1018.0999999046326, 43185.93563573566, 52670.418840440165
1018.1040000915527, 43185.93563573566, 52670.418840440165
1018.1089999675751, 43185.93563573566, 52670.418840440165
1018.114000082016, 43185.93563573566, 52670.418840440165
1021.2290000915527, 43185.93563573566, 52670.418840440165
1021.2349998950958, 43185.93563573566, 52670.418840440165
1021.2420001029968, 43185.93563573566, 52670.418840440165
1021.2490000724792, 43185.93563573566, 52670.418840440165
1021.2539999485016, 43185.93563573566, 52668.01868570554
1021.2539999485016, 43185.93563573566, 52668.01868570554
1021.2539999485016, 43185.93563573566, 52668.01868570554
1021.2720000743866, 43185.93563573566, 52668.01868570554
1021.2730000019073, 43185.93563573566, 52668.01868570554
1021.2730000019073, 43185.93563573566, 52668.01868570554
1021.2730000019073, 43185.93563573566, 52668.01868570554
1021.2890000343323, 43185.93563573566, 52668.01868570554
1021.2890000343323, 43185.93563573566, 52668.01868570554
1021.2890000343323, 43185.93563573566, 52668.01868570554
1024.9349999427795, 43185.93563573566, 52667.71249616953
1024.9400000572205, 43185.93563573566, 52667.71249616953
1024.9400000572205, 43185.93563573566, 52667.71249616953
1024.9500000476837, 43185.93563573566, 52667.71249616953
1024.9539999961853, 43185.93563573566, 52665.08271087019
1024.9539999961853, 43185.93563573566, 52665.08271087019
1024.9539999961853, 43185.93563573566, 52665.08271087019
1024.9670000076294, 43185.93563573566, 52665.08271087019
1024.9700000286102, 43185.93563573566, 52665.08271087019
1024.9700000286102, 43185.93563573566, 52665.08271087019
1024.9700000286102, 43185.93563573566, 52665.08271087019
1024.9700000286102, 43185.93563573566, 52665.08271087019
1024.9700000286102, 43185.93563573566, 52665.08271087019
1024.9860000610352, 43185.93563573566, 52665.08271087019
1024.986999988556, 43185.93563573566, 52665.08271087019
1028.5169999599457, 43185.93563573566, 52665.08271087019
1028.5250000953674, 43185.93563573566, 52665.08271087019
1028.5320000648499, 43185.93563573566, 52665.08271087019
1028.539999961853, 43185.93563573566, 52665.08271087019
1028.545000076294, 43185.93563573566, 52665.08271087019
1028.545000076294, 43185.93563573566, 52665.08271087019
1028.5590000152588, 43185.93563573566, 52665.08271087019
1028.5650000572205, 43185.93563573566, 52665.08271087019
1028.569000005722, 43185.93563573566, 52665.08271087019
1028.5750000476837, 43185.93563573566, 52665.08271087019
1028.5810000896454, 43185.93563573566, 52665.08271087019
1028.5880000591278, 43185.93563573566, 52665.08271087019
1028.5929999351501, 43185.93563573566, 52665.08271087019
1031.694000005722, 43185.93563573566, 52662.74710310523
1031.6979999542236, 43185.93563573566, 52661.54252926238
1031.6979999542236, 43185.93563573566, 52661.54252926238
1031.6979999542236, 43185.93563573566, 52661.54252926238
1031.7119998931885, 43185.93563573566, 52661.15004211042
1031.7160000801086, 43185.93563573566, 52661.15004211042
1031.7200000286102, 43185.93563573566, 52661.15004211042
1031.7200000286102, 43185.93563573566, 52661.15004211042
1031.7200000286102, 43185.93563573566, 52661.15004211042
1031.7200000286102, 43185.93563573566, 52661.15004211042
1031.736999988556, 43185.93563573566, 52661.15004211042
1035.625, 43185.93563573566, 52660.70253370431
1035.625, 43185.93563573566, 52659.613388433645
1035.6400001049042, 43185.93563573566, 52659.438079758846
1035.6429998874664, 43185.93563573566, 52659.438079758846
1035.6459999084473, 43185.93563573566, 52659.438079758846
1035.6500000953674, 43185.93563573566, 52659.438079758846
1035.6530001163483, 43185.93563573566, 52659.438079758846
1035.6559998989105, 43185.93563573566, 52659.438079758846
1035.6589999198914, 43185.93563573566, 52659.438079758846
1035.6619999408722, 43185.93563573566, 52659.438079758846
1035.6619999408722, 43185.93563573566, 52659.438079758846
1035.6619999408722, 43185.93563573566, 52659.438079758846
1035.6619999408722, 43185.93563573566, 52659.438079758846
1035.6779999732971, 43185.93563573566, 52659.438079758846
1035.6779999732971, 43185.93563573566, 52659.438079758846
1035.6779999732971, 43185.93563573566, 52659.438079758846
1035.6779999732971, 43185.93563573566, 52659.438079758846
1035.6930000782013, 43185.93563573566, 52658.64492720871
1035.6930000782013, 43185.93563573566, 52658.64492720871
1035.6930000782013, 43185.93563573566, 52656.936736430376
1038.8359999656677, 43185.93563573566, 52656.936736430376
1038.8359999656677, 43185.93563573566, 52656.936736430376
1038.8359999656677, 43185.93563573566, 52656.936736430376
1038.8470001220703, 43185.93563573566, 52656.936736430376
1038.848000049591, 43185.93563573566, 52656.936736430376
1038.8529999256134, 43185.93563573566, 52656.936736430376
1038.8529999256134, 43185.93563573566, 52656.936736430376
1038.8629999160767, 43185.93563573566, 52656.936736430376
1038.8629999160767, 43185.93563573566, 52656.936736430376
1038.869999885559, 43185.93563573566, 52656.936736430376
1038.869999885559, 43185.93563573566, 52656.936736430376
1038.8789999485016, 43185.93563573566, 52656.936736430376
1038.8789999485016, 43185.93563573566, 52656.936736430376
1038.8789999485016, 43185.93563573566, 52656.936736430376
1038.8870000839233, 43185.93563573566, 52656.936736430376
1042.6600000858307, 43185.93563573566, 52656.3849373474
1042.6619999408722, 43185.93563573566, 52656.3849373474
1042.6619999408722, 43185.93563573566, 52656.3849373474
1042.6619999408722, 43185.93563573566, 52656.3849373474
1042.6749999523163, 43185.93563573566, 52656.3849373474
1042.6789999008179, 43185.93563573566, 52655.75795591488
1042.6819999217987, 43185.93563573566, 52655.75795591488
1042.6879999637604, 43185.93563573566, 52655.75795591488
1042.6879999637604, 43185.93563573566, 52654.946949486606
1042.6970000267029, 43185.93563573566, 52654.68244605291
1042.704999923706, 43185.93563573566, 52653.7476618887
1045.9119999408722, 43185.93563573566, 52653.7476618887
1045.9119999408722, 43185.93563573566, 52653.7476618887
1045.9119999408722, 43185.93563573566, 52653.7476618887
1045.9289999008179, 43185.93563573566, 52653.7476618887
1045.9349999427795, 43185.93563573566, 52653.7476618887
1045.9360001087189, 43185.93563573566, 52652.87115573419
1045.9460000991821, 43185.93563573566, 52652.87115573419
1045.9519999027252, 43185.93563573566, 52650.25852958471
1045.9530000686646, 43185.93563573566, 52650.25852958471
1045.9609999656677, 43185.93563573566, 52650.25852958471
1049.4920001029968, 43185.93563573566, 52649.98008087518
1049.4939999580383, 43185.93563573566, 52649.98008087518
1049.4939999580383, 43185.93563573566, 52649.98008087518
1049.4939999580383, 43185.93563573566, 52649.98008087518
1049.5099999904633, 43185.93563573566, 52649.98008087518
1049.5120000839233, 43185.93563573566, 52649.98008087518
1049.5120000839233, 43185.93563573566, 52649.98008087518
1049.5120000839233, 43185.93563573566, 52649.98008087518
1049.5260000228882, 43185.93563573566, 52649.98008087518
1052.7139999866486, 43185.93563573566, 52649.98008087518
1052.723000049591, 43185.93563573566, 52649.98008087518
1052.7300000190735, 43185.93563573566, 52649.98008087518
1052.7360000610352, 43185.93563573566, 52649.98008087518
1052.7469999790192, 43185.93563573566, 52649.98008087518
1052.75200009346, 43185.93563573566, 52649.98008087518
1052.7579998970032, 43185.93563573566, 52649.98008087518
1052.7579998970032, 43185.93563573566, 52648.46533229945
1052.7709999084473, 43185.93563573566, 52648.46533229945
1056.449000120163, 43185.93563573566, 52648.46533229945
1056.4560000896454, 43185.93563573566, 52647.73436860542
1056.4619998931885, 43185.93563573566, 52647.73436860542
1056.4690001010895, 43185.93563573566, 52647.73436860542
1056.4739999771118, 43185.93563573566, 52647.73436860542
1056.4809999465942, 43185.93563573566, 52647.73436860542
1060.324000120163, 43185.93563573566, 52646.44005132486
1060.324000120163, 43185.93563573566, 52646.44005132486
1060.3389999866486, 43185.93563573566, 52646.44005132486
1060.348000049591, 43185.93563573566, 52646.44005132486
1060.3529999256134, 43185.93563573566, 52646.44005132486
1060.3610000610352, 43185.93563573566, 52646.44005132486
1060.3610000610352, 43185.93563573566, 52644.61252003349
1060.3610000610352, 43185.93563573566, 52644.61252003349
1060.37700009346, 43185.93563573566, 52644.61252003349
1060.37700009346, 43185.93563573566, 52644.61252003349
1060.37700009346, 43185.93563573566, 52643.21169761862
1063.5699999332428, 43185.93563573566, 52643.21169761862
1063.5780000686646, 43185.93563573566, 52643.21169761862
1063.582999944687, 43185.93563573566, 52642.54137555925
1063.5859999656677, 43185.93563573566, 52642.54137555925
1063.5910000801086, 43185.93563573566, 52642.14654702113
1063.595999956131, 43185.93563573566, 52642.14654702113
1063.601000070572, 43185.93563573566, 52642.14654702113
1063.6040000915527, 43185.93563573566, 52642.14654702113
1067.3900001049042, 43185.93563573566, 52642.14654702113
1067.3900001049042, 43185.93563573566, 52642.14654702113
1067.3959999084473, 43185.93563573566, 52642.14654702113
1067.4049999713898, 43185.93563573566, 52642.14654702113
1067.4089999198914, 43185.93563573566, 52642.14654702113
1067.4159998893738, 43185.93563573566, 52642.14654702113
1067.417000055313, 43185.93563573566, 52642.14654702113
1067.417000055313, 43185.93563573566, 52642.14654702113
1067.430999994278, 43185.93563573566, 52642.14654702113
1067.430999994278, 43185.93563573566, 52641.13001273122
1070.7699999809265, 43185.93563573566, 52639.65236142348
1070.7820000648499, 43185.93563573566, 52639.65236142348
1070.7890000343323, 43185.93563573566, 52639.65236142348
1070.795000076294, 43185.93563573566, 52639.65236142348
1070.8020000457764, 43185.93563573566, 52639.65236142348
1070.808000087738, 43185.93563573566, 52639.41506094895
1070.8129999637604, 43185.93563573566, 52639.41506094895
1070.819000005722, 43185.93563573566, 52639.41506094895
1070.819000005722, 43185.93563573566, 52639.41506094895
1070.819000005722, 43185.93563573566, 52639.41506094895
1070.835000038147, 43185.93563573566, 52639.36414000047
1070.8369998931885, 43185.93563573566, 52639.36414000047
1070.8440001010895, 43185.93563573566, 52639.36414000047
1070.8529999256134, 43185.93563573566, 52639.36414000047
1070.8559999465942, 43185.93563573566, 52639.36414000047
1070.8559999465942, 43185.93563573566, 52639.36414000047
1070.8559999465942, 43185.93563573566, 52639.36414000047
1070.8710000514984, 43185.93563573566, 52638.951723023776
1070.8710000514984, 43185.93563573566, 52638.6471673086
1074.763000011444, 43185.93563573566, 52637.95587962277
1074.776999950409, 43185.93563573566, 52637.95587962277
1074.776999950409, 43185.93563573566, 52637.95587962277
1074.776999950409, 43185.93563573566, 52637.95587962277
1074.776999950409, 43185.93563573566, 52637.95587962277
1074.7939999103546, 43185.93563573566, 52637.95587962277
1074.7939999103546, 43185.93563573566, 52637.95587962277
1074.7939999103546, 43185.93563573566, 52637.95587962277
1078.630000114441, 43185.93563573566, 52636.80446429279
1078.6470000743866, 43185.93563573566, 52636.80446429279
1078.6470000743866, 43185.93563573566, 52636.80446429279
1078.6470000743866, 43185.93563573566, 52636.80446429279
1078.6640000343323, 43185.93563573566, 52636.80446429279
1078.6689999103546, 43185.93563573566, 52636.80446429279
1078.6740000247955, 43185.93563573566, 52636.80446429279
1078.6779999732971, 43185.93563573566, 52636.80446429279
1078.6819999217987, 43185.93563573566, 52636.80446429279
1078.6819999217987, 43185.93563573566, 52636.80446429279
1078.6819999217987, 43185.93563573566, 52636.80446429279
1078.6819999217987, 43185.93563573566, 52636.80446429279
1078.6930000782013, 43185.93563573566, 52636.80446429279
1078.6979999542236, 43185.93563573566, 52635.4090964601
1082.0490000247955, 43185.93563573566, 52635.4090964601
1082.0490000247955, 43185.93563573566, 52635.4090964601
1082.0599999427795, 43185.93563573566, 52635.19842006865
1082.0650000572205, 43185.93563573566, 52635.19842006865
1082.0729999542236, 43185.93563573566, 52635.19842006865
1082.0789999961853, 43185.93563573566, 52634.56339783118
1082.082999944687, 43185.93563573566, 52634.56339783118
1082.0880000591278, 43185.93563573566, 52634.56339783118
1082.0910000801086, 43185.93563573566, 52634.56339783118
1082.0940001010895, 43185.93563573566, 52634.56339783118
1082.098000049591, 43185.93563573566, 52634.35041290325
1082.1019999980927, 43185.93563573566, 52634.31885334849
1082.1019999980927, 43185.93563573566, 52634.28985673197
1082.1019999980927, 43185.93563573566, 52634.28985673197
1082.1019999980927, 43185.93563573566, 52634.28985673197
1085.9409999847412, 43185.93563573566, 52632.283941197464
1085.9470000267029, 43185.93563573566, 52632.283941197464
1085.9530000686646, 43185.93563573566, 52632.283941197464
1085.9590001106262, 43185.93563573566, 52632.283941197464
1085.9639999866486, 43185.93563573566, 52632.283941197464
1085.970999956131, 43185.93563573566, 52629.99086306716
1085.970999956131, 43185.93563573566, 52629.99086306716
1089.2679998874664, 43185.93563573566, 52629.99086306716
1089.273999929428, 43185.93563573566, 52629.99086306716
1089.2799999713898, 43185.93563573566, 52629.03141256513
1089.2850000858307, 43185.93563573566, 52629.03141256513
1089.2890000343323, 43185.93563573566, 52628.68557035483
1089.295000076294, 43185.93563573566, 52628.68557035483
1089.3020000457764, 43185.93563573566, 52628.68557035483
1093.0339999198914, 43185.93563573566, 52627.72879398288
1093.0409998893738, 43185.93563573566, 52627.72879398288
1093.0460000038147, 43185.93563573566, 52627.72879398288
1093.0490000247955, 43185.93563573566, 52626.79978718471
1093.0569999217987, 43185.93563573566, 52626.79978718471
1096.489000082016, 43185.93563573566, 52626.79978718471
1096.489000082016, 43185.93563573566, 52626.79978718471
1096.489000082016, 43185.93563573566, 52626.79978718471
1096.5099999904633, 43185.93563573566, 52626.79978718471
1096.513000011444, 43185.93563573566, 52626.79978718471
1096.5260000228882, 43185.93563573566, 52626.742686791215
1096.5260000228882, 43185.93563573566, 52626.742686791215
1096.5260000228882, 43185.93563573566, 52626.742686791215
1096.5409998893738, 43185.93563573566, 52626.742686791215
1096.5409998893738, 43185.93563573566, 52626.742686791215
1096.5569999217987, 43185.93563573566, 52625.37880190182
1096.558000087738, 43185.93563573566, 52622.556355878376
1096.558000087738, 43185.93563573566, 52622.556355878376
1099.9779999256134, 43185.93563573566, 52622.556355878376
1099.9779999256134, 43185.93563573566, 52622.47536623609
1099.9779999256134, 43185.93563573566, 52622.47536623609
1099.9779999256134, 43185.93563573566, 52622.47536623609
1099.9920001029968, 43185.93563573566, 52622.47536623609
1099.9969999790192, 43185.93563573566, 52621.82859651953
1100.0009999275208, 43185.93563573566, 52621.706307235036
1100.005000114441, 43185.93563573566, 52621.706307235036
1100.0079998970032, 43185.93563573566, 52621.706307235036
1100.0120000839233, 43185.93563573566, 52621.5308968601
1100.0199999809265, 43185.93563573566, 52620.945187255864
1104.016000032425, 43185.93563573566, 52620.066168638004
1104.0199999809265, 43185.93563573566, 52620.066168638004
1104.023999929428, 43185.93563573566, 52620.066168638004
1104.0280001163483, 43185.93563573566, 52620.066168638004
1104.0320000648499, 43185.93563573566, 52620.066168638004
1104.0360000133514, 43185.93563573566, 52620.066168638004
1104.0380001068115, 43185.93563573566, 52620.066168638004
1104.0429999828339, 43185.93563573566, 52619.67624972137
1104.0469999313354, 43185.93563573566, 52619.67624972137
1104.0510001182556, 43185.93563573566, 52619.280174339794
1104.0550000667572, 43185.93563573566, 52619.280174339794
1108.2279999256134, 43185.93563573566, 52618.95540442621
1108.2379999160767, 43185.93563573566, 52618.95540442621
1108.244999885559, 43185.93563573566, 52618.95540442621
1108.2579998970032, 43185.93563573566, 52618.95540442621
1108.273999929428, 43185.93563573566, 52618.41313314981
1108.2860000133514, 43185.93563573566, 52618.05401139106
1108.2960000038147, 43185.93563573566, 52618.05401139106
1108.3020000457764, 43185.93563573566, 52618.05401139106
1108.3069999217987, 43185.93563573566, 52618.05401139106
1108.3129999637604, 43185.93563573566, 52618.0138821701
1108.3210000991821, 43185.93563573566, 52618.0138821701
1112.6889998912811, 43185.93563573566, 52618.0138821701
1112.6889998912811, 43185.93563573566, 52618.0138821701
1112.707999944687, 43185.93563573566, 52618.0138821701
1112.7149999141693, 43185.93563573566, 52618.0138821701
1112.7149999141693, 43185.93563573566, 52618.0138821701
1112.723000049591, 43185.93563573566, 52618.0138821701
1112.733999967575, 43185.93563573566, 52618.0138821701
1112.7379999160767, 43185.93563573566, 52618.0138821701
1116.5230000019073, 43185.93563573566, 52618.0138821701
1116.5309998989105, 43185.93563573566, 52618.0138821701
1116.539999961853, 43185.93563573566, 52618.0138821701
1116.545000076294, 43185.93563573566, 52618.0138821701
1116.5490000247955, 43185.93563573566, 52618.0138821701
1116.5490000247955, 43185.93563573566, 52615.257754462975
1116.5490000247955, 43185.93563573566, 52615.257754462975
1120.5780000686646, 43185.93563573566, 52613.64329970132
1120.5869998931885, 43185.93563573566, 52613.64329970132
1120.5940001010895, 43185.93563573566, 52613.64329970132
1120.5999999046326, 43185.93563573566, 52613.64329970132
1120.6029999256134, 43185.93563573566, 52613.64329970132
1120.6029999256134, 43185.93563573566, 52613.64329970132
1120.6170001029968, 43185.93563573566, 52613.64329970132
1120.6189999580383, 43185.93563573566, 52613.64329970132
1120.6310000419617, 43185.93563573566, 52613.64329970132
1124.3250000476837, 43185.93563573566, 52613.64329970132
1124.3310000896454, 43185.93563573566, 52613.64329970132
1124.3380000591278, 43185.93563573566, 52612.94325943381
1124.3429999351501, 43185.93563573566, 52612.94325943381
1124.345999956131, 43185.93563573566, 52612.94325943381
1124.3489999771118, 43185.93563573566, 52612.94325943381
1124.3519999980927, 43185.93563573566, 52612.94325943381
1124.3540000915527, 43185.93563573566, 52612.94325943381
1124.3540000915527, 43185.93563573566, 52611.896890398486
1124.3540000915527, 43185.93563573566, 52611.896890398486
1124.3540000915527, 43185.93563573566, 52611.4528968949
1124.3719999790192, 43185.93563573566, 52611.4528968949
1124.3759999275208, 43185.93563573566, 52611.4528968949
1124.3780000209808, 43185.93563573566, 52608.2219214586
1124.3819999694824, 43185.93563573566, 52608.2219214586
1128.233999967575, 43185.93563573566, 52608.2219214586
1128.2409999370575, 43185.93563573566, 52608.180792985775
1128.2460000514984, 43185.93563573566, 52608.180792985775
1128.2509999275208, 43185.93563573566, 52607.48736432618
1128.255000114441, 43185.93563573566, 52606.99105326437
1128.255000114441, 43185.93563573566, 52606.99105326437
1128.255000114441, 43185.93563573566, 52606.99105326437
1128.2699999809265, 43185.93563573566, 52606.99105326437
1128.2720000743866, 43185.93563573566, 52606.99105326437
1131.8949999809265, 43185.93563573566, 52606.99105326437
1131.9059998989105, 43185.93563573566, 52606.99105326437
1131.9130001068115, 43185.93563573566, 52606.99105326437
1131.9130001068115, 43185.93563573566, 52606.99105326437
1131.9279999732971, 43185.93563573566, 52606.99105326437
1131.933000087738, 43185.93563573566, 52606.99105326437
1131.9370000362396, 43185.93563573566, 52606.99105326437
1131.9409999847412, 43185.93563573566, 52606.99105326437
1131.9470000267029, 43185.93563573566, 52606.99105326437
1131.9509999752045, 43185.93563573566, 52606.99105326437
1136.4470000267029, 43185.93563573566, 52606.36136891224
1136.4639999866486, 43185.93563573566, 52606.36136891224
1136.4720001220703, 43185.93563573566, 52606.36136891224
1136.4720001220703, 43185.93563573566, 52605.84750383511
1139.8759999275208, 43185.93563573566, 52605.408655196035
1139.8849999904633, 43185.93563573566, 52604.83465776538
1139.8870000839233, 43185.93563573566, 52604.83465776538
1139.8919999599457, 43185.93563573566, 52604.83465776538
1139.898999929428, 43185.93563573566, 52604.83465776538
1139.898999929428, 43185.93563573566, 52604.83465776538
1139.9089999198914, 43185.93563573566, 52604.83465776538
1139.9089999198914, 43185.93563573566, 52604.83465776538
1139.9159998893738, 43185.93563573566, 52604.83465776538
1139.9159998893738, 43185.93563573566, 52604.83465776538
1143.7090001106262, 43185.93563573566, 52604.83465776538
1143.7149999141693, 43185.93563573566, 52604.83465776538
1143.7149999141693, 43185.93563573566, 52604.83465776538
1143.7149999141693, 43185.93563573566, 52604.83465776538
1143.7320001125336, 43185.93563573566, 52604.83465776538
1143.739000082016, 43185.93563573566, 52604.83465776538
1143.744999885559, 43185.93563573566, 52604.83465776538
1143.7509999275208, 43185.93563573566, 52604.83465776538
1143.7509999275208, 43185.93563573566, 52604.83465776538
1143.7509999275208, 43185.93563573566, 52601.26799952748
1143.7669999599457, 43185.93563573566, 52601.26799952748
1147.1219999790192, 43185.93563573566, 52601.26799952748
1147.1219999790192, 43185.93563573566, 52601.26799952748
1147.1219999790192, 43185.93563573566, 52601.26799952748
1147.1389999389648, 43185.93563573566, 52600.25725168043
1147.1449999809265, 43185.93563573566, 52600.25725168043
1147.1480000019073, 43185.93563573566, 52600.25725168043
1147.151999950409, 43185.93563573566, 52600.25725168043
1147.1549999713898, 43185.93563573566, 52600.25725168043
1147.1589999198914, 43185.93563573566, 52600.25725168043
1147.1589999198914, 43185.93563573566, 52600.25725168043
1147.1589999198914, 43185.93563573566, 52600.25725168043
1147.1710000038147, 43185.93563573566, 52599.962482578645
1147.1710000038147, 43185.93563573566, 52599.65874528435
1147.1710000038147, 43185.93563573566, 52598.72600204812
1147.1879999637604, 43185.93563573566, 52598.72600204812
1150.8670001029968, 43185.93563573566, 52598.72600204812
1150.87700009346, 43185.93563573566, 52598.400109856826
1150.885999917984, 43185.93563573566, 52598.400109856826
1150.8919999599457, 43185.93563573566, 52598.400109856826
1150.898999929428, 43185.93563573566, 52598.400109856826
1150.904000043869, 43185.93563573566, 52598.400109856826
1150.904000043869, 43185.93563573566, 52598.400109856826
1150.917000055313, 43185.93563573566, 52598.400109856826
1154.2929999828339, 43185.93563573566, 52598.400109856826
1154.2990000247955, 43185.93563573566, 52598.400109856826
1154.3029999732971, 43185.93563573566, 52598.400109856826
1154.3069999217987, 43185.93563573566, 52598.400109856826
1154.3129999637604, 43185.93563573566, 52598.22798179808
1154.3139998912811, 43185.93563573566, 52598.22798179808
1154.3180000782013, 43185.93563573566, 52598.22798179808
1154.3199999332428, 43185.93563573566, 52598.22798179808
1154.3259999752045, 43185.93563573566, 52597.8643507667
1154.329999923706, 43185.93563573566, 52597.8643507667
1154.332999944687, 43185.93563573566, 52597.8643507667
1158.1579999923706, 43185.93563573566, 52597.8643507667
1158.1710000038147, 43185.93563573566, 52597.8643507667
1158.1749999523163, 43185.93563573566, 52597.8643507667
1158.1749999523163, 43185.93563573566, 52597.8643507667
1158.1870000362396, 43185.93563573566, 52597.8643507667
1158.1900000572205, 43185.93563573566, 52597.8643507667
1158.1960000991821, 43185.93563573566, 52597.8643507667
1158.1960000991821, 43185.93563573566, 52597.8643507667
1161.574000120163, 43185.93563573566, 52596.34526712587
1161.5820000171661, 43185.93563573566, 52596.34526712587
1161.5889999866486, 43185.93563573566, 52595.78833169087
1161.5989999771118, 43185.93563573566, 52595.78833169087
1161.6029999256134, 43185.93563573566, 52595.78833169087
1161.6059999465942, 43185.93563573566, 52595.78833169087
1165.4010000228882, 43185.93563573566, 52593.52997399812
1165.4010000228882, 43185.93563573566, 52593.52997399812
1165.4119999408722, 43185.93563573566, 52593.52997399812
1165.4210000038147, 43185.93563573566, 52593.435011623675
1165.4210000038147, 43185.93563573566, 52593.435011623675
1165.4210000038147, 43185.93563573566, 52593.08541721011
1165.4379999637604, 43185.93563573566, 52593.08541721011
1169.1080000400543, 43185.93563573566, 52593.08541721011
1169.1099998950958, 43185.93563573566, 52593.08541721011
1169.1099998950958, 43185.93563573566, 52593.079610605026
1169.1099998950958, 43185.93563573566, 52593.079610605026
1169.12700009346, 43185.93563573566, 52593.079610605026
1169.12700009346, 43185.93563573566, 52593.079610605026
1169.12700009346, 43185.93563573566, 52593.079610605026
1169.12700009346, 43185.93563573566, 52593.079610605026
1169.12700009346, 43185.93563573566, 52593.079610605026
1169.1419999599457, 43185.93563573566, 52593.079610605026
1169.1440000534058, 43185.93563573566, 52593.079610605026
1169.1440000534058, 43185.93563573566, 52593.079610605026
1169.1440000534058, 43185.93563573566, 52593.079610605026
1169.1440000534058, 43185.93563573566, 52593.079610605026
1169.1610000133514, 43185.93563573566, 52592.39560523906
1169.1610000133514, 43185.93563573566, 52592.39560523906
1172.8429999351501, 43185.93563573566, 52590.9954031503
1172.8489999771118, 43185.93563573566, 52590.9954031503
1172.8529999256134, 43185.93563573566, 52589.99724433808
1172.8610000610352, 43185.93563573566, 52589.4111612433
1172.8670001029968, 43185.93563573566, 52589.4111612433
1172.8710000514984, 43185.93563573566, 52589.4111612433
1172.8710000514984, 43185.93563573566, 52589.4111612433
1172.8710000514984, 43185.93563573566, 52589.4111612433
1172.8710000514984, 43185.93563573566, 52589.4111612433
1176.3340001106262, 43185.93563573566, 52589.4111612433
1176.351000070572, 43185.93563573566, 52589.4111612433
1176.351000070572, 43185.93563573566, 52588.98948073712
1176.364000082016, 43185.93563573566, 52588.98948073712
1176.3680000305176, 43185.93563573566, 52588.98948073712
1176.3740000724792, 43185.93563573566, 52588.442066513744
1176.37700009346, 43185.93563573566, 52588.442066513744
1176.3849999904633, 43185.93563573566, 52588.442066513744
1176.3849999904633, 43185.93563573566, 52588.442066513744
1176.3849999904633, 43185.93563573566, 52588.442066513744
1176.3849999904633, 43185.93563573566, 52588.442066513744
1176.3849999904633, 43185.93563573566, 52588.442066513744
1176.404000043869, 43185.93563573566, 52588.442066513744
1176.4079999923706, 43185.93563573566, 52587.722827265476
1176.4119999408722, 43185.93563573566, 52587.722827265476
1176.417000055313, 43185.93563573566, 52587.722827265476
1176.420000076294, 43185.93563573566, 52587.722827265476
1176.420000076294, 43185.93563573566, 52587.722827265476
1180.6070001125336, 43185.93563573566, 52586.75606913831
1180.6110000610352, 43185.93563573566, 52586.75606913831
1180.6159999370575, 43185.93563573566, 52586.74410820916
1180.6210000514984, 43185.93563573566, 52586.74410820916
1180.6259999275208, 43185.93563573566, 52586.74410820916
1180.6259999275208, 43185.93563573566, 52586.65815960887
1180.641000032425, 43185.93563573566, 52586.65815960887
1180.6470000743866, 43185.93563573566, 52586.65815960887
1180.648999929428, 43185.93563573566, 52586.65815960887
1180.6549999713898, 43185.93563573566, 52585.51830355277
1184.2430000305176, 43185.93563573566, 52585.487362173284
1184.2469999790192, 43185.93563573566, 52585.487362173284
1184.2509999275208, 43185.93563573566, 52585.487362173284
1184.255000114441, 43185.93563573566, 52585.487362173284
1184.2599999904633, 43185.93563573566, 52585.487362173284
1184.260999917984, 43185.93563573566, 52585.487362173284
1184.260999917984, 43185.93563573566, 52585.12906271898
1184.260999917984, 43185.93563573566, 52585.12906271898
1184.2760000228882, 43185.93563573566, 52585.12906271898
1188.0369999408722, 43185.93563573566, 52581.38535353694
1188.0369999408722, 43185.93563573566, 52581.38535353694
1188.0490000247955, 43185.93563573566, 52581.38535353694
1188.0539999008179, 43185.93563573566, 52581.38535353694
1188.0650000572205, 43185.93563573566, 52581.38535353694
1188.074000120163, 43185.93563573566, 52581.35695428768
1188.0780000686646, 43185.93563573566, 52581.35695428768
1188.082999944687, 43185.93563573566, 52581.35695428768
1188.0889999866486, 43185.93563573566, 52581.35695428768
1188.0950000286102, 43185.93563573566, 52581.35695428768
1191.930999994278, 43185.93563573566, 52580.99214533038
1191.954999923706, 43185.93563573566, 52580.99214533038
1191.9609999656677, 43185.93563573566, 52580.99214533038
1191.9649999141693, 43185.93563573566, 52580.99214533038
1191.9679999351501, 43185.93563573566, 52580.99214533038
1191.970999956131, 43185.93563573566, 52580.99214533038
1191.9749999046326, 43185.93563573566, 52580.99214533038
1191.9749999046326, 43185.93563573566, 52580.728516914554
1191.9849998950958, 43185.93563573566, 52580.728516914554
1191.9879999160767, 43185.93563573566, 52580.728516914554
1191.9879999160767, 43185.93563573566, 52577.32434782093
1195.542000055313, 43185.93563573566, 52577.277604315444
1195.5550000667572, 43185.93563573566, 52577.277604315444
1195.5599999427795, 43185.93563573566, 52577.26583030267
1195.5659999847412, 43185.93563573566, 52577.08905322753
1195.5699999332428, 43185.93563573566, 52577.08905322753
1195.5750000476837, 43185.93563573566, 52577.08905322753
1195.579999923706, 43185.93563573566, 52577.08905322753
1195.585000038147, 43185.93563573566, 52577.08905322753
1195.5920000076294, 43185.93563573566, 52577.08905322753
1195.598000049591, 43185.93563573566, 52577.08905322753
1199.2780001163483, 43185.93563573566, 52577.08905322753
1199.2780001163483, 43185.93563573566, 52577.08905322753
1199.295000076294, 43185.93563573566, 52577.08905322753
1199.295000076294, 43185.93563573566, 52577.08905322753
1199.295000076294, 43185.93563573566, 52576.83730120438
1199.295000076294, 43185.93563573566, 52576.83730120438
1202.9690001010895, 43185.93563573566, 52576.70321818143
1202.9849998950958, 43185.93563573566, 52576.70321818143
1202.9920001029968, 43185.93563573566, 52576.70321818143
1203.0009999275208, 43185.93563573566, 52576.70321818143
1203.0009999275208, 43185.93563573566, 52576.70321818143
1203.0009999275208, 43185.93563573566, 52576.70321818143
1203.0139999389648, 43185.93563573566, 52576.70321818143
1203.0139999389648, 43185.93563573566, 52576.70321818143
1203.0139999389648, 43185.93563573566, 52576.70321818143
1203.0139999389648, 43185.93563573566, 52576.70321818143
1203.0309998989105, 43185.93563573566, 52575.07975003429
1203.0309998989105, 43185.93563573566, 52575.07975003429
1206.7560000419617, 43185.93563573566, 52573.46191584985
1206.7560000419617, 43185.93563573566, 52573.46191584985
1206.7709999084473, 43185.93563573566, 52573.46191584985
1206.7730000019073, 43185.93563573566, 52573.46191584985
1206.7760000228882, 43185.93563573566, 52573.46191584985
1206.779000043869, 43185.93563573566, 52573.46191584985
1210.933000087738, 43185.93563573566, 52572.680543688475
1210.9409999847412, 43185.93563573566, 52572.648684240325
1210.949000120163, 43185.93563573566, 52572.20479592025
1210.954999923706, 43185.93563573566, 52572.20479592025
1210.960000038147, 43185.93563573566, 52572.20479592025
1210.9630000591278, 43185.93563573566, 52572.093784084194
1210.9630000591278, 43185.93563573566, 52571.72578109288
1210.9779999256134, 43185.93563573566, 52571.72578109288
1214.454999923706, 43185.93563573566, 52571.72578109288
1214.470999956131, 43185.93563573566, 52571.082706801004
1214.4720001220703, 43185.93563573566, 52570.8311001783
1214.4720001220703, 43185.93563573566, 52570.8311001783
1214.4860000610352, 43185.93563573566, 52570.8311001783
1214.489000082016, 43185.93563573566, 52570.618834456254
1214.489000082016, 43185.93563573566, 52570.618834456254
1214.489000082016, 43185.93563573566, 52570.618834456254
1214.50200009346, 43185.93563573566, 52570.618834456254
1218.4140000343323, 43185.93563573566, 52570.618834456254
1218.4210000038147, 43185.93563573566, 52570.618834456254
1218.4270000457764, 43185.93563573566, 52570.618834456254
1218.430999994278, 43185.93563573566, 52570.618834456254
1222.1210000514984, 43185.93563573566, 52569.79931099226
1222.1370000839233, 43185.93563573566, 52569.79931099226
1222.1370000839233, 43185.93563573566, 52568.31204060602
1222.1370000839233, 43185.93563573566, 52568.31204060602
1222.1370000839233, 43185.93563573566, 52568.31204060602
1222.1570000648499, 43185.93563573566, 52567.75869822219
1222.1640000343323, 43185.93563573566, 52567.75869822219
1226.4059998989105, 43185.93563573566, 52567.35064833892
1226.4100000858307, 43185.93563573566, 52567.35064833892
1226.4179999828339, 43185.93563573566, 52565.6685743273
1226.4249999523163, 43185.93563573566, 52565.6685743273
1229.7539999485016, 43185.93563573566, 52565.6685743273
1229.7579998970032, 43185.93563573566, 52565.6685743273
1229.7579998970032, 43185.93563573566, 52565.39357487789
1229.7579998970032, 43185.93563573566, 52565.19951992898
1229.7579998970032, 43185.93563573566, 52565.19951992898
1229.7750000953674, 43185.93563573566, 52565.09894183713
1229.7750000953674, 43185.93563573566, 52564.73060477613
1233.5320000648499, 43185.93563573566, 52564.73060477613
1233.5469999313354, 43185.93563573566, 52564.73060477613
1233.5469999313354, 43185.93563573566, 52564.05130715595
1233.5469999313354, 43185.93563573566, 52564.05130715595
1233.5469999313354, 43185.93563573566, 52564.05130715595
1233.5659999847412, 43185.93563573566, 52564.05130715595
1233.569000005722, 43185.93563573566, 52564.05130715595
1233.5729999542236, 43185.93563573566, 52564.05130715595
1233.5780000686646, 43185.93563573566, 52563.114132641866
1237.141000032425, 43185.93563573566, 52562.4424165886
1237.1449999809265, 43185.93563573566, 52562.4424165886
1237.1500000953674, 43185.93563573566, 52562.4424165886
1237.1579999923706, 43185.93563573566, 52562.4424165886
1237.1600000858307, 43185.93563573566, 52562.4424165886
1237.1679999828339, 43185.93563573566, 52562.4424165886
1237.1740000247955, 43185.93563573566, 52562.4424165886
1237.1740000247955, 43185.93563573566, 52562.4424165886
1237.1849999427795, 43185.93563573566, 52562.4424165886
1237.1900000572205, 43185.93563573566, 52562.4424165886
1237.1900000572205, 43185.93563573566, 52562.4424165886
1237.2019999027252, 43185.93563573566, 52562.4424165886
1237.2070000171661, 43185.93563573566, 52562.4424165886
1237.2070000171661, 43185.93563573566, 52562.4424165886
1241.0989999771118, 43185.93563573566, 52560.934860369525
1241.1050000190735, 43185.93563573566, 52560.39127380278
1241.1099998950958, 43185.93563573566, 52560.39127380278
1241.1180000305176, 43185.93563573566, 52560.39127380278
1241.1240000724792, 43185.93563573566, 52560.39127380278
1241.1280000209808, 43185.93563573566, 52560.39127380278
1245.0899999141693, 43185.93563573566, 52560.39127380278
1245.0940001010895, 43185.93563573566, 52560.39127380278
1245.098000049591, 43185.93563573566, 52560.39127380278
1245.1070001125336, 43185.93563573566, 52560.11913900632
1245.1070001125336, 43185.93563573566, 52560.11913900632
1245.1070001125336, 43185.93563573566, 52560.11913900632
1245.1219999790192, 43185.93563573566, 52560.11913900632
1245.1219999790192, 43185.93563573566, 52560.11913900632
1245.1219999790192, 43185.93563573566, 52560.11913900632
1248.8039999008179, 43185.93563573566, 52557.23617968388
1248.8039999008179, 43185.93563573566, 52557.23617968388
1248.8039999008179, 43185.93563573566, 52557.23617968388
1248.8159999847412, 43185.93563573566, 52557.23617968388
1248.8210000991821, 43185.93563573566, 52557.23617968388
1248.8210000991821, 43185.93563573566, 52557.23617968388
1248.8210000991821, 43185.93563573566, 52557.23617968388
1248.832999944687, 43185.93563573566, 52556.451242805364
1248.8369998931885, 43185.93563573566, 52556.451242805364
1248.8369998931885, 43185.93563573566, 52556.198554618444
1248.848000049591, 43185.93563573566, 52556.08614853963
1248.8550000190735, 43185.93563573566, 52556.08614853963
1248.8550000190735, 43185.93563573566, 52554.81629296506
1248.864000082016, 43185.93563573566, 52554.81629296506
1248.864000082016, 43185.93563573566, 52554.81629296506
1252.7909998893738, 43185.93563573566, 52554.4772863002
1252.7999999523163, 43185.93563573566, 52554.02768181975
1252.8039999008179, 43185.93563573566, 52554.02768181975
1252.808000087738, 43185.93563573566, 52554.02768181975
1252.8129999637604, 43185.93563573566, 52554.02768181975
1252.816999912262, 43185.93563573566, 52554.02768181975
1252.8220000267029, 43185.93563573566, 52554.02768181975
1252.824000120163, 43185.93563573566, 52554.02768181975
1256.4370000362396, 43185.93563573566, 52553.74799346967
1256.4370000362396, 43185.93563573566, 52553.46592227321
1256.4500000476837, 43185.93563573566, 52553.46592227321
1256.454999923706, 43185.93563573566, 52553.46592227321
1256.460000038147, 43185.93563573566, 52553.46592227321
1256.460000038147, 43185.93563573566, 52552.62388445728
1256.470999956131, 43185.93563573566, 52552.62388445728
1256.4739999771118, 43185.93563573566, 52552.02942837085
1256.4809999465942, 43185.93563573566, 52550.97039143435
1260.1640000343323, 43185.93563573566, 52550.53564767754
1260.1749999523163, 43185.93563573566, 52550.53564767754
1260.1770000457764, 43185.93563573566, 52550.53564767754
1260.1770000457764, 43185.93563573566, 52550.53564767754
1260.194000005722, 43185.93563573566, 52550.53564767754
1260.199000120163, 43185.93563573566, 52550.53564767754
1263.9249999523163, 43185.93563573566, 52550.53564767754
1263.9349999427795, 43185.93563573566, 52550.53564767754
1263.9400000572205, 43185.93563573566, 52550.53564767754
1263.9400000572205, 43185.93563573566, 52550.53564767754
1263.9519999027252, 43185.93563573566, 52550.53564767754
1263.9560000896454, 43185.93563573566, 52550.0197320299
1268.0320000648499, 43185.93563573566, 52549.71603349247
1268.0320000648499, 43185.93563573566, 52549.71603349247
1268.0320000648499, 43185.93563573566, 52549.71603349247
1268.0490000247955, 43185.93563573566, 52549.71603349247
1268.0539999008179, 43185.93563573566, 52549.71603349247
1268.058000087738, 43185.93563573566, 52549.71603349247
1268.0680000782013, 43185.93563573566, 52549.71603349247
1268.0769999027252, 43185.93563573566, 52549.71603349247
1268.0820000171661, 43185.93563573566, 52549.71603349247
1268.0889999866486, 43185.93563573566, 52548.92552953607
1271.5769999027252, 43185.93563573566, 52547.9622266205
1271.5840001106262, 43185.93563573566, 52547.9622266205
1271.5880000591278, 43185.93563573566, 52547.9622266205
1271.5929999351501, 43185.93563573566, 52547.9622266205
1271.598000049591, 43185.93563573566, 52547.9622266205
1271.6019999980927, 43185.93563573566, 52547.9622266205
1271.6050000190735, 43185.93563573566, 52547.9622266205
1271.6050000190735, 43185.93563573566, 52547.39625322607
1271.6189999580383, 43185.93563573566, 52547.39625322607
1271.6189999580383, 43185.93563573566, 52547.39625322607
1275.7000000476837, 43185.93563573566, 52547.39625322607
1275.7160000801086, 43185.93563573566, 52547.39625322607
1275.723000049591, 43185.93563573566, 52547.39625322607
1275.723000049591, 43185.93563573566, 52547.10520932748
1275.7349998950958, 43185.93563573566, 52547.10520932748
1275.7379999160767, 43185.93563573566, 52546.67524742954
1275.7430000305176, 43185.93563573566, 52546.67524742954
1275.7469999790192, 43185.93563573566, 52546.67524742954
1275.75200009346, 43185.93563573566, 52546.67524742954
1279.1979999542236, 43185.93563573566, 52546.67524742954
1279.2030000686646, 43185.93563573566, 52546.67524742954
1279.204999923706, 43185.93563573566, 52546.67524742954
1279.2090001106262, 43185.93563573566, 52546.67524742954
1279.2139999866486, 43185.93563573566, 52546.67524742954
1279.2200000286102, 43185.93563573566, 52546.67524742954
1279.2239999771118, 43185.93563573566, 52546.51624760652
1279.2269999980927, 43185.93563573566, 52546.01663096856
1279.2300000190735, 43185.93563573566, 52546.01663096856
1279.2330000400543, 43185.93563573566, 52546.01663096856
1279.2360000610352, 43185.93563573566, 52546.01663096856
1279.239000082016, 43185.93563573566, 52546.01663096856
1279.2420001029968, 43185.93563573566, 52546.01663096856
1279.2460000514984, 43185.93563573566, 52546.01663096856
1279.2490000724792, 43185.93563573566, 52546.01663096856
1279.25200009346, 43185.93563573566, 52546.01663096856
1279.25200009346, 43185.93563573566, 52544.395189928786
1283.2960000038147, 43185.93563573566, 52544.395189928786
1283.3129999637604, 43185.93563573566, 52544.395189928786
1283.3129999637604, 43185.93563573566, 52544.395189928786
1283.3129999637604, 43185.93563573566, 52543.448901588476
1283.329999923706, 43185.93563573566, 52543.448901588476
1283.3399999141693, 43185.93563573566, 52543.13233324578
1283.3470001220703, 43185.93563573566, 52543.13233324578
1283.348000049591, 43185.93563573566, 52543.13233324578
1283.348000049591, 43185.93563573566, 52542.1689899445
1283.3629999160767, 43185.93563573566, 52542.1689899445
1283.3659999370575, 43185.93563573566, 52541.48400667565
1283.3659999370575, 43185.93563573566, 52541.48400667565
1287.0030000209808, 43185.93563573566, 52541.48400667565
1287.0179998874664, 43185.93563573566, 52540.53232594984
1287.0179998874664, 43185.93563573566, 52540.27665923288
1287.0409998893738, 43185.93563573566, 52540.27665923288
1287.0490000247955, 43185.93563573566, 52540.27665923288
1287.0529999732971, 43185.93563573566, 52540.27665923288
1287.0529999732971, 43185.93563573566, 52540.27665923288
1287.0680000782013, 43185.93563573566, 52539.92770884836
1291.266000032425, 43185.93563573566, 52539.33114595853
1291.2750000953674, 43185.93563573566, 52539.18067751921
1291.2799999713898, 43185.93563573566, 52539.18067751921
1291.2880001068115, 43185.93563573566, 52538.7261658416
1291.2880001068115, 43185.93563573566, 52538.7261658416
1291.2880001068115, 43185.93563573566, 52538.7261658416
1294.9530000686646, 43185.93563573566, 52537.79490864586
1294.9590001106262, 43185.93563573566, 52537.79490864586
1294.9630000591278, 43185.93563573566, 52537.79490864586
1294.9670000076294, 43185.93563573566, 52537.79490864586
1294.9690001010895, 43185.93563573566, 52537.79490864586
1294.973000049591, 43185.93563573566, 52537.79490864586
1294.976000070572, 43185.93563573566, 52537.79490864586
1294.976000070572, 43185.93563573566, 52537.79490864586
1294.976000070572, 43185.93563573566, 52537.79490864586
1294.9909999370575, 43185.93563573566, 52537.64646490573
1294.9909999370575, 43185.93563573566, 52537.64646490573
1294.9909999370575, 43185.93563573566, 52535.57733128091
1298.779000043869, 43185.93563573566, 52535.57733128091
1298.7960000038147, 43185.93563573566, 52535.57733128091
1298.7960000038147, 43185.93563573566, 52535.57733128091
1298.8150000572205, 43185.93563573566, 52535.2672969569
1302.4270000457764, 43185.93563573566, 52534.267320623636
1302.433000087738, 43185.93563573566, 52534.267320623636
1302.433000087738, 43185.93563573566, 52534.267320623636
1302.433000087738, 43185.93563573566, 52534.267320623636
1302.433000087738, 43185.93563573566, 52534.267320623636
1302.4500000476837, 43185.93563573566, 52534.267320623636
1302.454999923706, 43185.93563573566, 52534.267320623636
1302.457999944687, 43185.93563573566, 52534.267320623636
1302.4670000076294, 43185.93563573566, 52534.267320623636
1302.4739999771118, 43185.93563573566, 52534.267320623636
1302.4779999256134, 43185.93563573566, 52534.267320623636
1302.483999967575, 43185.93563573566, 52534.267320623636
1306.7000000476837, 43185.93563573566, 52534.267320623636
1306.7000000476837, 43185.93563573566, 52534.267320623636
1306.7149999141693, 43185.93563573566, 52534.267320623636
1306.720999956131, 43185.93563573566, 52534.267320623636
1306.7290000915527, 43185.93563573566, 52534.267320623636
1306.7320001125336, 43185.93563573566, 52534.267320623636
1306.7360000610352, 43185.93563573566, 52534.267320623636
1306.7409999370575, 43185.93563573566, 52534.267320623636
1306.744999885559, 43185.93563573566, 52534.267320623636
1306.7509999275208, 43185.93563573566, 52534.267320623636
1310.5710000991821, 43185.93563573566, 52534.267320623636
1310.574000120163, 43185.93563573566, 52534.267320623636
1310.579999923706, 43185.93563573566, 52531.32496255965
1310.585000038147, 43185.93563573566, 52531.32496255965
1310.5899999141693, 43185.93563573566, 52531.32496255965
1310.5940001010895, 43185.93563573566, 52531.32496255965
1310.6019999980927, 43185.93563573566, 52530.809470167915
1310.6070001125336, 43185.93563573566, 52530.809470167915
1310.6099998950958, 43185.93563573566, 52530.809470167915
1314.305999994278, 43185.93563573566, 52530.809470167915
1314.319000005722, 43185.93563573566, 52530.809470167915
1314.3229999542236, 43185.93563573566, 52530.809470167915
1314.3229999542236, 43185.93563573566, 52530.809470167915
1314.3229999542236, 43185.93563573566, 52530.809470167915
1314.335000038147, 43185.93563573566, 52530.809470167915
1314.335000038147, 43185.93563573566, 52529.32547593482
1314.3399999141693, 43185.93563573566, 52529.32547593482
1314.3399999141693, 43185.93563573566, 52529.32547593482
1314.351000070572, 43185.93563573566, 52529.32547593482
1314.3559999465942, 43185.93563573566, 52529.32547593482
1314.3559999465942, 43185.93563573566, 52529.32547593482
1314.3559999465942, 43185.93563573566, 52529.20046933901
1314.3689999580383, 43185.93563573566, 52529.20046933901
1314.37299990654, 43185.93563573566, 52527.02225230941
1318.9670000076294, 43185.93563573566, 52527.02225230941
1318.9769999980927, 43185.93563573566, 52526.56641043125
1318.983999967575, 43185.93563573566, 52526.56641043125
1318.994999885559, 43185.93563573566, 52526.56641043125
1318.9990000724792, 43185.93563573566, 52526.56641043125
1319.00200009346, 43185.93563573566, 52525.966374274525
1319.0090000629425, 43185.93563573566, 52525.966374274525
1319.0090000629425, 43185.93563573566, 52525.966374274525
1322.7709999084473, 43185.93563573566, 52525.966374274525
1322.7780001163483, 43185.93563573566, 52525.966374274525
1322.7839999198914, 43185.93563573566, 52525.966374274525
1322.7890000343323, 43185.93563573566, 52525.966374274525
1322.7939999103546, 43185.93563573566, 52525.966374274525
1322.8020000457764, 43185.93563573566, 52525.966374274525
1322.805999994278, 43185.93563573566, 52525.966374274525
1322.8099999427795, 43185.93563573566, 52525.525768027845
1322.8120000362396, 43185.93563573566, 52525.525768027845
1322.8120000362396, 43185.93563573566, 52525.525768027845
1322.824000120163, 43185.93563573566, 52525.525768027845
1322.8269999027252, 43185.93563573566, 52525.23799626329
1322.8269999027252, 43185.93563573566, 52525.23799626329
1322.8269999027252, 43185.93563573566, 52525.23799626329
1326.473000049591, 43185.93563573566, 52524.53809259735
1326.4769999980927, 43185.93563573566, 52524.53809259735
1326.4809999465942, 43185.93563573566, 52524.53809259735
1326.4860000610352, 43185.93563573566, 52524.53809259735
1326.4900000095367, 43185.93563573566, 52524.53809259735
1326.4900000095367, 43185.93563573566, 52524.53809259735
1326.49799990654, 43185.93563573566, 52524.53809259735
1326.5, 43185.93563573566, 52524.53809259735
1326.5039999485016, 43185.93563573566, 52524.53809259735
1326.5039999485016, 43185.93563573566, 52524.53809259735
1326.5039999485016, 43185.93563573566, 52524.53809259735
1326.5150001049042, 43185.93563573566, 52524.53809259735
1326.516000032425, 43185.93563573566, 52524.53809259735
1326.5250000953674, 43185.93563573566, 52524.53809259735
1330.861999988556, 43185.93563573566, 52524.53809259735
1330.8689999580383, 43185.93563573566, 52523.61295043583
1330.875, 43185.93563573566, 52523.61295043583
1330.8819999694824, 43185.93563573566, 52522.22710446075
1330.8900001049042, 43185.93563573566, 52522.22710446075
1330.8929998874664, 43185.93563573566, 52522.22710446075
1334.6949999332428, 43185.93563573566, 52522.22710446075
1334.6949999332428, 43185.93563573566, 52522.22710446075
1334.6949999332428, 43185.93563573566, 52522.22710446075
1334.7060000896454, 43185.93563573566, 52522.22710446075
1334.7060000896454, 43185.93563573566, 52522.22710446075
1334.7119998931885, 43185.93563573566, 52522.22710446075
1334.7119998931885, 43185.93563573566, 52521.2877940977
1334.723000049591, 43185.93563573566, 52521.2877940977
1334.723000049591, 43185.93563573566, 52521.2877940977
1334.7290000915527, 43185.93563573566, 52521.2877940977
1334.7290000915527, 43185.93563573566, 52521.2877940977
1334.7379999160767, 43185.93563573566, 52521.2877940977
1334.7400000095367, 43185.93563573566, 52520.75310894906
1334.7469999790192, 43185.93563573566, 52520.75310894906
1334.7509999275208, 43185.93563573566, 52520.75310894906
1334.7539999485016, 43185.93563573566, 52520.75310894906
1334.7590000629425, 43185.93563573566, 52520.568448735
1334.763000011444, 43185.93563573566, 52520.568448735
1338.9349999427795, 43185.93563573566, 52519.86438518144
1338.9430000782013, 43185.93563573566, 52519.07524066969
1338.9519999027252, 43185.93563573566, 52519.07524066969
1338.9639999866486, 43185.93563573566, 52519.07524066969
1338.9639999866486, 43185.93563573566, 52515.739767121035
1338.9639999866486, 43185.93563573566, 52515.739767121035
1343.2000000476837, 43185.93563573566, 52515.720275781496
1343.2119998931885, 43185.93563573566, 52515.720275781496
1343.2170000076294, 43185.93563573566, 52515.720275781496
1343.223000049591, 43185.93563573566, 52515.720275781496
1343.2269999980927, 43185.93563573566, 52515.720275781496
1343.2309999465942, 43185.93563573566, 52515.6472653655
1343.2379999160767, 43185.93563573566, 52515.6472653655
1343.2460000514984, 43185.93563573566, 52515.6472653655
1343.2509999275208, 43185.93563573566, 52515.6472653655
1347.0499999523163, 43185.93563573566, 52513.856440099284
1347.058000087738, 43185.93563573566, 52513.856440099284
1347.0610001087189, 43185.93563573566, 52513.856440099284
1347.066999912262, 43185.93563573566, 52513.856440099284
1347.0699999332428, 43185.93563573566, 52513.856440099284
1347.074000120163, 43185.93563573566, 52513.490188335505
1347.079999923706, 43185.93563573566, 52513.490188335505
1347.0840001106262, 43185.93563573566, 52513.490188335505
1347.0899999141693, 43185.93563573566, 52513.490188335505
1347.0970001220703, 43185.93563573566, 52513.490188335505
1347.1040000915527, 43185.93563573566, 52513.490188335505
1347.108999967575, 43185.93563573566, 52513.490188335505
1347.114000082016, 43185.93563573566, 52513.490188335505
1351.079999923706, 43185.93563573566, 52513.490188335505
1351.0880000591278, 43185.93563573566, 52513.490188335505
1351.0940001010895, 43185.93563573566, 52513.490188335505
1351.0999999046326, 43185.93563573566, 52513.490188335505
1351.1059999465942, 43185.93563573566, 52513.490188335505
1351.1059999465942, 43185.93563573566, 52513.490188335505
1351.1059999465942, 43185.93563573566, 52512.795982530464
1351.12299990654, 43185.93563573566, 52512.795982530464
1351.12299990654, 43185.93563573566, 52512.795982530464
1351.12299990654, 43185.93563573566, 52512.795982530464
1351.135999917984, 43185.93563573566, 52512.795982530464
1351.1370000839233, 43185.93563573566, 52512.795982530464
1351.1370000839233, 43185.93563573566, 52512.19717479131
1351.1370000839233, 43185.93563573566, 52512.19717479131
1351.1370000839233, 43185.93563573566, 52512.19717479131
1351.154000043869, 43185.93563573566, 52511.42794837222
1355.5650000572205, 43185.93563573566, 52509.13741701917
1355.5710000991821, 43185.93563573566, 52509.13741701917
1355.5780000686646, 43185.93563573566, 52509.13741701917
1355.5840001106262, 43185.93563573566, 52509.12133125914
1355.5880000591278, 43185.93563573566, 52509.12133125914
1355.5929999351501, 43185.93563573566, 52509.12133125914
1355.5989999771118, 43185.93563573566, 52508.87120286548
1355.6040000915527, 43185.93563573566, 52508.87120286548
1355.608999967575, 43185.93563573566, 52508.19872495227
1355.608999967575, 43185.93563573566, 52508.19872495227
1359.6150000095367, 43185.93563573566, 52508.19872495227
1359.6150000095367, 43185.93563573566, 52507.4138127165
1359.6310000419617, 43185.93563573566, 52507.4138127165
1359.635999917984, 43185.93563573566, 52507.4138127165
1359.6400001049042, 43185.93563573566, 52507.4138127165
1359.6440000534058, 43185.93563573566, 52506.831524217
1359.6510000228882, 43185.93563573566, 52506.831524217
1359.6549999713898, 43185.93563573566, 52506.831524217
1359.6570000648499, 43185.93563573566, 52506.61945436603
1359.6619999408722, 43185.93563573566, 52505.77243831568
1363.875, 43185.93563573566, 52504.99360820526
1363.8819999694824, 43185.93563573566, 52504.99360820526
1363.8870000839233, 43185.93563573566, 52504.524164506576
1367.6689999103546, 43185.93563573566, 52503.05694439633
1367.6689999103546, 43185.93563573566, 52503.05694439633
1367.680999994278, 43185.93563573566, 52503.05694439633
1367.6889998912811, 43185.93563573566, 52503.05694439633
1367.6889998912811, 43185.93563573566, 52503.05694439633
1367.7000000476837, 43185.93563573566, 52502.660098742876
1367.7000000476837, 43185.93563573566, 52502.660098742876
1367.7000000476837, 43185.93563573566, 52502.660098742876
1367.7170000076294, 43185.93563573566, 52502.660098742876
1367.7190001010895, 43185.93563573566, 52501.90088004233
1367.7190001010895, 43185.93563573566, 52500.63083969968
1367.7190001010895, 43185.93563573566, 52500.63083969968
1371.726000070572, 43185.93563573566, 52500.63083969968
1371.7379999160767, 43185.93563573566, 52500.63083969968
1371.744999885559, 43185.93563573566, 52500.63083969968
1371.7509999275208, 43185.93563573566, 52500.63083969968
1371.755000114441, 43185.93563573566, 52500.63083969968
1371.7579998970032, 43185.93563573566, 52500.63083969968
1371.7599999904633, 43185.93563573566, 52500.63083969968
1371.7599999904633, 43185.93563573566, 52500.63083969968
1371.7599999904633, 43185.93563573566, 52500.63083969968
1371.7599999904633, 43185.93563573566, 52500.63083969968
1371.7799999713898, 43185.93563573566, 52500.205559198075
1371.7839999198914, 43185.93563573566, 52500.205559198075
1371.7880001068115, 43185.93563573566, 52500.205559198075
1371.7909998893738, 43185.93563573566, 52500.205559198075
1371.7939999103546, 43185.93563573566, 52500.205559198075
1371.7960000038147, 43185.93563573566, 52500.205559198075
1371.7960000038147, 43185.93563573566, 52500.205559198075
1371.7960000038147, 43185.93563573566, 52500.205559198075
1371.8120000362396, 43185.93563573566, 52499.92598378566
1371.8120000362396, 43185.93563573566, 52499.92598378566
1371.8120000362396, 43185.93563573566, 52499.92598378566
1371.8120000362396, 43185.93563573566, 52499.92598378566
1371.8280000686646, 43185.93563573566, 52499.92598378566
1371.8280000686646, 43185.93563573566, 52499.92598378566
1371.8280000686646, 43185.93563573566, 52499.92598378566
1376.2309999465942, 43185.93563573566, 52499.92598378566
1376.2439999580383, 43185.93563573566, 52499.92598378566
1376.2509999275208, 43185.93563573566, 52499.92598378566
1376.2579998970032, 43185.93563573566, 52499.92598378566
1376.2679998874664, 43185.93563573566, 52499.92598378566
1376.2679998874664, 43185.93563573566, 52499.92598378566
1376.2679998874664, 43185.93563573566, 52499.92598378566
1376.2679998874664, 43185.93563573566, 52499.92598378566
1376.2829999923706, 43185.93563573566, 52499.92598378566
1376.2829999923706, 43185.93563573566, 52499.92598378566
1376.2829999923706, 43185.93563573566, 52499.92598378566
1376.3029999732971, 43185.93563573566, 52499.92598378566
1376.3069999217987, 43185.93563573566, 52499.92598378566
1376.3129999637604, 43185.93563573566, 52499.92598378566
1376.319000005722, 43185.93563573566, 52499.92598378566
1380.1979999542236, 43185.93563573566, 52497.06918624363
1380.1979999542236, 43185.93563573566, 52495.8696056522
1380.2109999656677, 43185.93563573566, 52495.8696056522
1380.2160000801086, 43185.93563573566, 52495.8696056522
1380.2160000801086, 43185.93563573566, 52495.8696056522
1380.2160000801086, 43185.93563573566, 52495.8696056522
1380.2160000801086, 43185.93563573566, 52495.8696056522
1380.233999967575, 43185.93563573566, 52495.8696056522
1380.2379999160767, 43185.93563573566, 52495.8696056522
1380.2430000305176, 43185.93563573566, 52495.8696056522
1380.2469999790192, 43185.93563573566, 52495.8696056522
1380.25200009346, 43185.93563573566, 52495.8696056522
1380.2599999904633, 43185.93563573566, 52495.8696056522
1380.266000032425, 43185.93563573566, 52495.8696056522
1380.2699999809265, 43185.93563573566, 52495.850956315415
1380.2720000743866, 43185.93563573566, 52494.884413375534
1380.2839999198914, 43185.93563573566, 52494.879005079696
1380.2860000133514, 43185.93563573566, 52494.879005079696
1380.2860000133514, 43185.93563573566, 52494.879005079696
1380.2860000133514, 43185.93563573566, 52494.879005079696
1380.2990000247955, 43185.93563573566, 52494.879005079696
1380.3020000457764, 43185.93563573566, 52494.879005079696
1384.5360000133514, 43185.93563573566, 52494.879005079696
1384.5499999523163, 43185.93563573566, 52494.45283625153
1384.5569999217987, 43185.93563573566, 52494.45283625153
1384.5610001087189, 43185.93563573566, 52494.45283625153
1384.5680000782013, 43185.93563573566, 52493.44915909445
1384.5729999542236, 43185.93563573566, 52493.28916429585
1384.5759999752045, 43185.93563573566, 52493.28916429585
1384.579999923706, 43185.93563573566, 52493.28916429585
1388.3929998874664, 43185.93563573566, 52493.08550870917
1388.4070000648499, 43185.93563573566, 52493.08550870917
1388.4119999408722, 43185.93563573566, 52493.08550870917
1388.4159998893738, 43185.93563573566, 52493.08550870917
1388.4189999103546, 43185.93563573566, 52492.86108733102
1388.4189999103546, 43185.93563573566, 52492.86108733102
1388.4270000457764, 43185.93563573566, 52492.86108733102
1388.4270000457764, 43185.93563573566, 52492.86108733102
1388.4270000457764, 43185.93563573566, 52492.86108733102
1388.4430000782013, 43185.93563573566, 52492.86108733102
1392.8740000724792, 43185.93563573566, 52492.28343673149
1392.8780000209808, 43185.93563573566, 52492.28343673149
1392.8780000209808, 43185.93563573566, 52492.28343673149
1392.8780000209808, 43185.93563573566, 52492.28343673149
1392.8900001049042, 43185.93563573566, 52492.28343673149
1392.8959999084473, 43185.93563573566, 52491.50241633195
1392.904000043869, 43185.93563573566, 52491.50241633195
1392.904000043869, 43185.93563573566, 52491.50241633195
1392.9179999828339, 43185.93563573566, 52491.50241633195
1392.9179999828339, 43185.93563573566, 52491.50241633195
1396.526999950409, 43185.93563573566, 52491.50241633195
1396.5329999923706, 43185.93563573566, 52491.50241633195
1396.5380001068115, 43185.93563573566, 52491.50241633195
1396.545000076294, 43185.93563573566, 52491.50241633195
1396.5510001182556, 43185.93563573566, 52491.50241633195
1396.5539999008179, 43185.93563573566, 52491.50241633195
1396.5569999217987, 43185.93563573566, 52491.50241633195
1396.5610001087189, 43185.93563573566, 52491.50241633195
1396.5639998912811, 43185.93563573566, 52490.816800493434
1396.5639998912811, 43185.93563573566, 52490.300514904804
1400.9130001068115, 43185.93563573566, 52488.75645524794
1400.9219999313354, 43185.93563573566, 52488.75645524794
1400.9260001182556, 43185.93563573566, 52488.75645524794
1400.9260001182556, 43185.93563573566, 52488.75645524794
1400.9300000667572, 43185.93563573566, 52488.75645524794
1400.9300000667572, 43185.93563573566, 52488.75645524794
1400.9379999637604, 43185.93563573566, 52488.75645524794
1400.9379999637604, 43185.93563573566, 52488.75645524794
1400.9379999637604, 43185.93563573566, 52488.75645524794
1400.9479999542236, 43185.93563573566, 52488.75645524794
1400.9479999542236, 43185.93563573566, 52488.75645524794
1400.9479999542236, 43185.93563573566, 52488.75645524794
1400.9479999542236, 43185.93563573566, 52488.75645524794
1400.9670000076294, 43185.93563573566, 52488.19341761804
1400.9670000076294, 43185.93563573566, 52488.19341761804
1400.9670000076294, 43185.93563573566, 52486.276851342394
1404.8159999847412, 43185.93563573566, 52486.276851342394
1404.819000005722, 43185.93563573566, 52486.276851342394
1404.819000005722, 43185.93563573566, 52486.276851342394
1404.819000005722, 43185.93563573566, 52486.276851342394
1404.8359999656677, 43185.93563573566, 52486.276851342394
1404.8359999656677, 43185.93563573566, 52486.276851342394
1404.8359999656677, 43185.93563573566, 52486.276851342394
1409.1310000419617, 43185.93563573566, 52484.48757186578
1409.138000011444, 43185.93563573566, 52484.48757186578
1409.1440000534058, 43185.93563573566, 52484.48757186578
1409.1480000019073, 43185.93563573566, 52484.48757186578
1409.151999950409, 43185.93563573566, 52484.48757186578
1409.1549999713898, 43185.93563573566, 52484.48757186578
1409.1589999198914, 43185.93563573566, 52484.48757186578
1409.1610000133514, 43185.93563573566, 52484.48757186578
1409.1610000133514, 43185.93563573566, 52483.91597232547
1409.1749999523163, 43185.93563573566, 52483.91597232547
1409.1749999523163, 43185.93563573566, 52483.46903950118
1409.1749999523163, 43185.93563573566, 52483.26005727277
1412.920000076294, 43185.93563573566, 52483.26005727277
1412.9270000457764, 43185.93563573566, 52483.26005727277
1412.9270000457764, 43185.93563573566, 52483.26005727277
1412.9370000362396, 43185.93563573566, 52483.26005727277
1412.9370000362396, 43185.93563573566, 52483.26005727277
1412.944000005722, 43185.93563573566, 52483.26005727277
1412.9509999752045, 43185.93563573566, 52483.26005727277
1412.9570000171661, 43185.93563573566, 52483.26005727277
1412.9630000591278, 43185.93563573566, 52483.26005727277
1412.9630000591278, 43185.93563573566, 52482.97926482867
1412.970999956131, 43185.93563573566, 52482.97926482867
1417.324000120163, 43185.93563573566, 52479.799241743916
1417.3289999961853, 43185.93563573566, 52479.66323177963
1417.3440001010895, 43185.93563573566, 52479.4682166119
1417.3529999256134, 43185.93563573566, 52478.403847248424
1421.2179999351501, 43185.93563573566, 52478.403847248424
1421.2320001125336, 43185.93563573566, 52478.403847248424
1421.2420001029968, 43185.93563573566, 52478.403847248424
1421.25, 43185.93563573566, 52478.38175683967
1421.2560000419617, 43185.93563573566, 52478.08442791884
1421.2560000419617, 43185.93563573566, 52478.08442791884
1421.2679998874664, 43185.93563573566, 52478.08442791884
1421.2730000019073, 43185.93563573566, 52478.08442791884
1421.2730000019073, 43185.93563573566, 52478.08442791884
1421.2730000019073, 43185.93563573566, 52478.08442791884
1421.2860000133514, 43185.93563573566, 52478.08442791884
1421.2860000133514, 43185.93563573566, 52478.08442791884
1421.2860000133514, 43185.93563573566, 52477.51933115958
1421.3039999008179, 43185.93563573566, 52477.51933115958
1425.7430000305176, 43185.93563573566, 52477.51933115958
1425.7490000724792, 43185.93563573566, 52477.51933115958
1425.755000114441, 43185.93563573566, 52477.51933115958
1425.7639999389648, 43185.93563573566, 52477.51933115958
1425.7730000019073, 43185.93563573566, 52477.51933115958
1425.7730000019073, 43185.93563573566, 52477.51933115958
1425.7730000019073, 43185.93563573566, 52477.51933115958
1425.7890000343323, 43185.93563573566, 52477.51933115958
1425.7890000343323, 43185.93563573566, 52477.51933115958
1425.7890000343323, 43185.93563573566, 52477.51933115958
1425.7890000343323, 43185.93563573566, 52477.51933115958
1429.683000087738, 43185.93563573566, 52477.51933115958
1429.683000087738, 43185.93563573566, 52477.51933115958
1429.683000087738, 43185.93563573566, 52477.51933115958
1429.6960000991821, 43185.93563573566, 52476.251915186986
1429.7000000476837, 43185.93563573566, 52475.5983870723
1429.7000000476837, 43185.93563573566, 52475.5983870723
1429.7119998931885, 43185.93563573566, 52475.5983870723
1429.7130000591278, 43185.93563573566, 52475.5983870723
1429.7179999351501, 43185.93563573566, 52475.5983870723
1429.7179999351501, 43185.93563573566, 52475.5983870723
1429.733999967575, 43185.93563573566, 52474.22065268408
1434.1170001029968, 43185.93563573566, 52474.22065268408
1434.12299990654, 43185.93563573566, 52474.22065268408
1434.12299990654, 43185.93563573566, 52473.761539030376
1434.141000032425, 43185.93563573566, 52473.761539030376
1434.1470000743866, 43185.93563573566, 52473.761539030376
1434.1470000743866, 43185.93563573566, 52473.761539030376
1434.1570000648499, 43185.93563573566, 52473.761539030376
1434.1570000648499, 43185.93563573566, 52473.761539030376
1434.1570000648499, 43185.93563573566, 52473.761539030376
1434.1570000648499, 43185.93563573566, 52473.761539030376
1434.1730000972748, 43185.93563573566, 52473.761539030376
1434.1730000972748, 43185.93563573566, 52473.761539030376
1434.1730000972748, 43185.93563573566, 52473.761539030376
1434.1730000972748, 43185.93563573566, 52473.761539030376
1434.1889998912811, 43185.93563573566, 52473.761539030376
1434.1889998912811, 43185.93563573566, 52473.761539030376
1434.1889998912811, 43185.93563573566, 52473.761539030376
1437.885999917984, 43185.93563573566, 52473.761539030376
1437.8980000019073, 43185.93563573566, 52473.6938086683
1437.9089999198914, 43185.93563573566, 52473.6938086683
1437.9130001068115, 43185.93563573566, 52472.66627328837
1441.2130000591278, 43185.93563573566, 52472.66627328837
1441.2179999351501, 43185.93563573566, 52472.66627328837
1441.2269999980927, 43185.93563573566, 52472.66627328837
1441.2320001125336, 43185.93563573566, 52472.66627328837
1441.2360000610352, 43185.93563573566, 52472.66627328837
1441.2439999580383, 43185.93563573566, 52472.66627328837
1441.2509999275208, 43185.93563573566, 52472.66627328837
1441.255000114441, 43185.93563573566, 52472.66627328837
1441.255000114441, 43185.93563573566, 52472.66627328837
1441.255000114441, 43185.93563573566, 52472.6535339848
1445.6400001049042, 43185.93563573566, 52472.6535339848
1445.6459999084473, 43185.93563573566, 52472.6535339848
1445.651999950409, 43185.93563573566, 52472.6535339848
1445.6570000648499, 43185.93563573566, 52472.6535339848
1445.6630001068115, 43185.93563573566, 52472.6535339848
1445.667000055313, 43185.93563573566, 52472.6535339848
1445.6710000038147, 43185.93563573566, 52472.6535339848
1445.6770000457764, 43185.93563573566, 52472.6535339848
1445.683000087738, 43185.93563573566, 52472.20957842512
1445.683000087738, 43185.93563573566, 52472.20957842512
1445.6930000782013, 43185.93563573566, 52472.20957842512
1445.6949999332428, 43185.93563573566, 52472.20957842512
1445.699000120163, 43185.93563573566, 52472.20957842512
1445.699000120163, 43185.93563573566, 52472.20957842512
1445.699000120163, 43185.93563573566, 52472.20957842512
1445.7109999656677, 43185.93563573566, 52472.20957842512
1445.7139999866486, 43185.93563573566, 52472.20957842512
1445.7139999866486, 43185.93563573566, 52472.20957842512
1445.7139999866486, 43185.93563573566, 52472.20957842512
1445.7290000915527, 43185.93563573566, 52472.20957842512
1445.7330000400543, 43185.93563573566, 52472.20957842512
1445.7360000610352, 43185.93563573566, 52472.20957842512
1449.6110000610352, 43185.93563573566, 52472.20957842512
1449.6110000610352, 43185.93563573566, 52471.52273530635
1449.6110000610352, 43185.93563573566, 52471.52273530635
1449.6110000610352, 43185.93563573566, 52471.52273530635
1449.62700009346, 43185.93563573566, 52471.52273530635
1449.62700009346, 43185.93563573566, 52471.52273530635
1449.62700009346, 43185.93563573566, 52471.52273530635
1449.62700009346, 43185.93563573566, 52471.52273530635
1449.6440000534058, 43185.93563573566, 52470.47878991658
1449.6440000534058, 43185.93563573566, 52470.47878991658
1449.6440000534058, 43185.93563573566, 52470.47878991658
1449.6440000534058, 43185.93563573566, 52470.47878991658
1449.6610000133514, 43185.93563573566, 52470.37865668741
1449.6610000133514, 43185.93563573566, 52470.37865668741
1454.111999988556, 43185.93563573566, 52470.37865668741
1454.114000082016, 43185.93563573566, 52468.69755433278
1454.114000082016, 43185.93563573566, 52468.69755433278
1454.1319999694824, 43185.93563573566, 52468.69755433278
1454.1370000839233, 43185.93563573566, 52468.69755433278
1454.1510000228882, 43185.93563573566, 52468.69755433278
1454.1559998989105, 43185.93563573566, 52468.69755433278
1454.1659998893738, 43185.93563573566, 52468.69755433278
1454.1760001182556, 43185.93563573566, 52468.69755433278
1454.180999994278, 43185.93563573566, 52468.69755433278
1454.1889998912811, 43185.93563573566, 52467.627913900826
1458.1070001125336, 43185.93563573566, 52467.627913900826
1458.1099998950958, 43185.93563573566, 52467.627913900826
1458.1099998950958, 43185.93563573566, 52467.627913900826
1458.1099998950958, 43185.93563573566, 52467.627913900826
1458.1310000419617, 43185.93563573566, 52467.627913900826
1458.1389999389648, 43185.93563573566, 52467.627913900826
1458.1459999084473, 43185.93563573566, 52467.627913900826
1458.1459999084473, 43185.93563573566, 52467.627913900826
1458.1610000133514, 43185.93563573566, 52466.771045919355
1458.1610000133514, 43185.93563573566, 52466.771045919355
1458.1610000133514, 43185.93563573566, 52466.771045919355
1462.0390000343323, 43185.93563573566, 52466.771045919355
1462.0390000343323, 43185.93563573566, 52466.771045919355
1462.0529999732971, 43185.93563573566, 52466.771045919355
1462.0599999427795, 43185.93563573566, 52466.33270877524
1462.066999912262, 43185.93563573566, 52466.33270877524
1462.0750000476837, 43185.93563573566, 52465.05300780615
1466.6480000019073, 43185.93563573566, 52465.05300780615
1466.6659998893738, 43185.93563573566, 52465.05300780615
1466.670000076294, 43185.93563573566, 52465.05300780615
1466.670000076294, 43185.93563573566, 52465.05300780615
1466.670000076294, 43185.93563573566, 52464.66692177375
1466.683000087738, 43185.93563573566, 52463.93501495959
1466.683000087738, 43185.93563573566, 52463.93501495959
1466.7009999752045, 43185.93563573566, 52463.93501495959
1466.7009999752045, 43185.93563573566, 52463.93501495959
1466.7009999752045, 43185.93563573566, 52463.93501495959
1466.7009999752045, 43185.93563573566, 52463.78619031564
1470.7430000305176, 43185.93563573566, 52462.57959225989
1470.7430000305176, 43185.93563573566, 52462.57959225989
1470.7579998970032, 43185.93563573566, 52462.57959225989
1470.7620000839233, 43185.93563573566, 52462.57959225989
1470.7639999389648, 43185.93563573566, 52462.57959225989
1470.7639999389648, 43185.93563573566, 52462.57959225989
1470.7639999389648, 43185.93563573566, 52462.57959225989
1470.7750000953674, 43185.93563573566, 52462.57959225989
1470.7780001163483, 43185.93563573566, 52462.57959225989
1470.7780001163483, 43185.93563573566, 52462.57959225989
1470.7780001163483, 43185.93563573566, 52462.57959225989
1470.795000076294, 43185.93563573566, 52462.57959225989
1470.7969999313354, 43185.93563573566, 52462.57959225989
1470.7969999313354, 43185.93563573566, 52462.57959225989
1470.8120000362396, 43185.93563573566, 52462.57959225989
1470.819000005722, 43185.93563573566, 52462.57959225989
1470.8250000476837, 43185.93563573566, 52461.50752325453
1470.8289999961853, 43185.93563573566, 52460.97877818986
1470.8289999961853, 43185.93563573566, 52460.97877818986
1475.1050000190735, 43185.93563573566, 52460.97877818986
1475.108999967575, 43185.93563573566, 52460.97877818986
1475.1150000095367, 43185.93563573566, 52460.97877818986
1475.119999885559, 43185.93563573566, 52460.67435283884
1479.1129999160767, 43185.93563573566, 52460.55073178869
1479.1180000305176, 43185.93563573566, 52460.55073178869
1479.1180000305176, 43185.93563573566, 52459.92239786416
1479.1180000305176, 43185.93563573566, 52459.92239786416
1479.1180000305176, 43185.93563573566, 52459.92239786416
1479.1349999904633, 43185.93563573566, 52459.92239786416
1479.1389999389648, 43185.93563573566, 52459.92239786416
1479.1419999599457, 43185.93563573566, 52459.92239786416
1479.1419999599457, 43185.93563573566, 52459.92239786416
1479.1500000953674, 43185.93563573566, 52459.92239786416
1479.151999950409, 43185.93563573566, 52459.92239786416
1479.151999950409, 43185.93563573566, 52459.92239786416
1479.151999950409, 43185.93563573566, 52459.92239786416
1479.1689999103546, 43185.93563573566, 52459.8384449876
1479.1740000247955, 43185.93563573566, 52459.8384449876
1483.611999988556, 43185.93563573566, 52458.70540289291
1483.625, 43185.93563573566, 52458.70540289291
1483.6319999694824, 43185.93563573566, 52458.70540289291
1483.6400001049042, 43185.93563573566, 52458.70540289291
1483.6440000534058, 43185.93563573566, 52458.70540289291
1483.6440000534058, 43185.93563573566, 52458.70540289291
1483.6510000228882, 43185.93563573566, 52458.70540289291
1483.6510000228882, 43185.93563573566, 52458.70540289291
1483.6589999198914, 43185.93563573566, 52458.70540289291
1483.6589999198914, 43185.93563573566, 52458.70540289291
1483.6589999198914, 43185.93563573566, 52458.70540289291
1483.6770000457764, 43185.93563573566, 52458.70540289291
1483.6840000152588, 43185.93563573566, 52458.70540289291
1483.691999912262, 43185.93563573566, 52458.70540289291
1483.694000005722, 43185.93563573566, 52458.70540289291
1487.5720000267029, 43185.93563573566, 52458.70540289291
1487.5810000896454, 43185.93563573566, 52458.70540289291
1487.5869998931885, 43185.93563573566, 52458.70540289291
1487.5910000801086, 43185.93563573566, 52458.70540289291
1487.5970001220703, 43185.93563573566, 52458.70540289291
1487.6040000915527, 43185.93563573566, 52457.76784724958
1487.6110000610352, 43185.93563573566, 52457.76784724958
1487.6110000610352, 43185.93563573566, 52456.767512152044
1487.6259999275208, 43185.93563573566, 52456.767512152044
1487.6259999275208, 43185.93563573566, 52456.767512152044
1487.6259999275208, 43185.93563573566, 52456.767512152044
1487.6259999275208, 43185.93563573566, 52456.767512152044
1487.6419999599457, 43185.93563573566, 52456.767512152044
1487.6419999599457, 43185.93563573566, 52456.767512152044
1491.5, 43185.93563573566, 52456.767512152044
1491.5060000419617, 43185.93563573566, 52456.767512152044
1491.5120000839233, 43185.93563573566, 52456.767512152044
1491.5209999084473, 43185.93563573566, 52456.767512152044
1491.5250000953674, 43185.93563573566, 52456.767512152044
1491.5320000648499, 43185.93563573566, 52456.767512152044
1491.5360000133514, 43185.93563573566, 52456.001110668345
1491.5360000133514, 43185.93563573566, 52456.001110668345
1491.5360000133514, 43185.93563573566, 52456.001110668345
1491.5490000247955, 43185.93563573566, 52456.001110668345
1491.5510001182556, 43185.93563573566, 52456.001110668345
1491.5510001182556, 43185.93563573566, 52456.001110668345
1491.5639998912811, 43185.93563573566, 52456.001110668345
1491.5710000991821, 43185.93563573566, 52456.001110668345
1491.5750000476837, 43185.93563573566, 52454.98029859688
1491.5780000686646, 43185.93563573566, 52454.838720480715
1496.0039999485016, 43185.93563573566, 52454.838720480715
1496.0039999485016, 43185.93563573566, 52454.838720480715
1496.016000032425, 43185.93563573566, 52454.838720480715
1496.0250000953674, 43185.93563573566, 52454.838720480715
1496.0250000953674, 43185.93563573566, 52454.838720480715
1499.8280000686646, 43185.93563573566, 52454.838720480715
1499.8280000686646, 43185.93563573566, 52454.838720480715
1499.8410000801086, 43185.93563573566, 52454.838720480715
1499.845999956131, 43185.93563573566, 52454.838720480715
1499.845999956131, 43185.93563573566, 52454.838720480715
1499.845999956131, 43185.93563573566, 52454.838720480715
1499.8559999465942, 43185.93563573566, 52454.838720480715
1499.8629999160767, 43185.93563573566, 52454.838720480715
1499.8629999160767, 43185.93563573566, 52454.838720480715
1499.8629999160767, 43185.93563573566, 52454.838720480715
1499.8719999790192, 43185.93563573566, 52454.838720480715
1499.8740000724792, 43185.93563573566, 52454.838720480715
1499.8780000209808, 43185.93563573566, 52454.838720480715
1499.8810000419617, 43185.93563573566, 52454.838720480715
1499.8870000839233, 43185.93563573566, 52454.838720480715
1504.2829999923706, 43185.93563573566, 52452.17210223961
1504.2909998893738, 43185.93563573566, 52452.17210223961
1504.2960000038147, 43185.93563573566, 52452.17210223961
1504.2999999523163, 43185.93563573566, 52452.17210223961
1504.3039999008179, 43185.93563573566, 52452.17210223961
1504.3039999008179, 43185.93563573566, 52452.17210223961
1504.3039999008179, 43185.93563573566, 52452.17210223961
1504.3039999008179, 43185.93563573566, 52452.17210223961
1504.319000005722, 43185.93563573566, 52451.992327317355
1504.319000005722, 43185.93563573566, 52451.992327317355
1504.319000005722, 43185.93563573566, 52451.992327317355
1504.3340001106262, 43185.93563573566, 52451.992327317355
1504.3380000591278, 43185.93563573566, 52451.992327317355
1504.3420000076294, 43185.93563573566, 52451.992327317355
1504.3450000286102, 43185.93563573566, 52451.992327317355
1504.348000049591, 43185.93563573566, 52451.992327317355
1504.351000070572, 43185.93563573566, 52451.992327317355
1508.335000038147, 43185.93563573566, 52451.38196076716
1508.3489999771118, 43185.93563573566, 52451.38196076716
1508.3489999771118, 43185.93563573566, 52451.38196076716
1508.364000082016, 43185.93563573566, 52451.38196076716
1508.3689999580383, 43185.93563573566, 52451.38196076716
1508.3689999580383, 43185.93563573566, 52451.38196076716
1508.3840000629425, 43185.93563573566, 52451.38196076716
1508.3840000629425, 43185.93563573566, 52451.38196076716
1512.555999994278, 43185.93563573566, 52451.38196076716
1512.558000087738, 43185.93563573566, 52451.38196076716
1512.558000087738, 43185.93563573566, 52451.38196076716
1512.5729999542236, 43185.93563573566, 52451.38196076716
1512.5759999752045, 43185.93563573566, 52451.38196076716
1512.5820000171661, 43185.93563573566, 52451.38196076716
1512.5859999656677, 43185.93563573566, 52451.38196076716
1512.5940001010895, 43185.93563573566, 52451.38196076716
1516.776999950409, 43185.93563573566, 52448.64049681853
1516.776999950409, 43185.93563573566, 52448.64049681853
1516.776999950409, 43185.93563573566, 52448.64049681853
1516.792000055313, 43185.93563573566, 52448.37218421502
1516.7960000038147, 43185.93563573566, 52448.37218421502
1516.7990000247955, 43185.93563573566, 52448.37218421502
1516.8029999732971, 43185.93563573566, 52448.37218421502
1516.808000087738, 43185.93563573566, 52448.13307052302
1516.8129999637604, 43185.93563573566, 52448.13307052302
1516.8129999637604, 43185.93563573566, 52448.13307052302
1516.8129999637604, 43185.93563573566, 52447.88803180453
1516.829999923706, 43185.93563573566, 52447.82337329894
1516.829999923706, 43185.93563573566, 52446.20235497034
1516.829999923706, 43185.93563573566, 52446.20235497034
1516.829999923706, 43185.93563573566, 52446.20235497034
1521.2539999485016, 43185.93563573566, 52446.004649526854
1521.2620000839233, 43185.93563573566, 52446.004649526854
1521.2679998874664, 43185.93563573566, 52446.004649526854
1521.273999929428, 43185.93563573566, 52446.004649526854
1521.273999929428, 43185.93563573566, 52446.004649526854
1521.273999929428, 43185.93563573566, 52446.004649526854
1521.2890000343323, 43185.93563573566, 52446.004649526854
1521.2890000343323, 43185.93563573566, 52446.004649526854
1521.2890000343323, 43185.93563573566, 52446.004649526854
1525.1459999084473, 43185.93563573566, 52445.06193602758
1525.1510000228882, 43185.93563573566, 52445.06193602758
1525.1549999713898, 43185.93563573566, 52445.06193602758
1525.1589999198914, 43185.93563573566, 52445.06193602758
1525.1640000343323, 43185.93563573566, 52445.06193602758
1525.1689999103546, 43185.93563573566, 52445.06193602758
1525.1719999313354, 43185.93563573566, 52445.06193602758
1525.1760001182556, 43185.93563573566, 52445.06193602758
1525.1849999427795, 43185.93563573566, 52444.885899009765
1525.1900000572205, 43185.93563573566, 52444.885899009765
1525.1960000991821, 43185.93563573566, 52444.885899009765
1529.6760001182556, 43185.93563573566, 52444.885899009765
1529.6879999637604, 43185.93563573566, 52444.885899009765
1529.6930000782013, 43185.93563573566, 52444.885899009765
1529.6930000782013, 43185.93563573566, 52444.885899009765
1529.7030000686646, 43185.93563573566, 52444.885899009765
1529.7030000686646, 43185.93563573566, 52444.885899009765
1529.710000038147, 43185.93563573566, 52444.885899009765
1529.710000038147, 43185.93563573566, 52444.885899009765
1529.7190001010895, 43185.93563573566, 52444.885899009765
1529.7190001010895, 43185.93563573566, 52444.885899009765
1529.7190001010895, 43185.93563573566, 52444.885899009765
1533.7669999599457, 43185.93563573566, 52442.888067180655
1533.7750000953674, 43185.93563573566, 52442.888067180655
1533.7809998989105, 43185.93563573566, 52442.01576171495
1533.7839999198914, 43185.93563573566, 52442.01576171495
1533.7839999198914, 43185.93563573566, 52442.01576171495
1533.7839999198914, 43185.93563573566, 52442.01576171495
1533.7960000038147, 43185.93563573566, 52442.01576171495
1533.7960000038147, 43185.93563573566, 52438.8445289969
1533.7960000038147, 43185.93563573566, 52438.8445289969
1538.3929998874664, 43185.93563573566, 52438.8445289969
1538.401999950409, 43185.93563573566, 52438.8445289969
1538.4130001068115, 43185.93563573566, 52438.8445289969
1538.414999961853, 43185.93563573566, 52438.8445289969
1538.4230000972748, 43185.93563573566, 52438.8445289969
1538.4300000667572, 43185.93563573566, 52438.8445289969
1538.4300000667572, 43185.93563573566, 52438.8445289969
1538.4379999637604, 43185.93563573566, 52438.8445289969
1538.444000005722, 43185.93563573566, 52438.8445289969
1542.4619998931885, 43185.93563573566, 52438.45093984932
1542.473000049591, 43185.93563573566, 52438.188720367456
1542.4800000190735, 43185.93563573566, 52438.188720367456
1542.489000082016, 43185.93563573566, 52438.188720367456
1542.489000082016, 43185.93563573566, 52438.188720367456
1542.5060000419617, 43185.93563573566, 52438.188720367456
1542.5060000419617, 43185.93563573566, 52438.188720367456
1542.5060000419617, 43185.93563573566, 52438.188720367456
1542.5190000534058, 43185.93563573566, 52438.188720367456
1547.0620000362396, 43185.93563573566, 52438.188720367456
1547.0759999752045, 43185.93563573566, 52438.188720367456
1547.0789999961853, 43185.93563573566, 52438.188720367456
1547.0880000591278, 43185.93563573566, 52438.188720367456
1547.0970001220703, 43185.93563573566, 52437.568927510314
1547.1059999465942, 43185.93563573566, 52437.568927510314
1547.1129999160767, 43185.93563573566, 52437.568927510314
1547.1150000095367, 43185.93563573566, 52437.568927510314
1547.1150000095367, 43185.93563573566, 52437.568927510314
1547.1310000419617, 43185.93563573566, 52437.568927510314
1547.1310000419617, 43185.93563573566, 52437.568927510314
1547.1310000419617, 43185.93563573566, 52437.568927510314
1547.1310000419617, 43185.93563573566, 52437.568927510314
1551.401999950409, 43185.93563573566, 52436.51964853694
1551.4070000648499, 43185.93563573566, 52436.51964853694
1551.4110000133514, 43185.93563573566, 52435.89742014005
1551.4159998893738, 43185.93563573566, 52435.89742014005
1551.420000076294, 43185.93563573566, 52435.89742014005
1551.4240000247955, 43185.93563573566, 52435.89742014005
1551.4279999732971, 43185.93563573566, 52435.89742014005
1551.433000087738, 43185.93563573566, 52435.89742014005
1551.4349999427795, 43185.93563573566, 52435.89742014005
1551.4349999427795, 43185.93563573566, 52435.89742014005
1551.4349999427795, 43185.93563573566, 52435.89742014005
1551.4509999752045, 43185.93563573566, 52435.89742014005
1551.4519999027252, 43185.93563573566, 52435.65455543361
1551.4519999027252, 43185.93563573566, 52434.43266387103
1556.1280000209808, 43185.93563573566, 52434.43266387103
1556.1280000209808, 43185.93563573566, 52434.43266387103
1556.1280000209808, 43185.93563573566, 52434.43266387103
1556.1449999809265, 43185.93563573566, 52434.43266387103
1556.1530001163483, 43185.93563573566, 52434.43266387103
1556.1619999408722, 43185.93563573566, 52434.43266387103
1556.164999961853, 43185.93563573566, 52433.30599182763
1556.164999961853, 43185.93563573566, 52433.30599182763
1556.1800000667572, 43185.93563573566, 52433.04498075945
1556.1800000667572, 43185.93563573566, 52433.04498075945
1556.1979999542236, 43185.93563573566, 52433.04498075945
1556.1979999542236, 43185.93563573566, 52432.89355131613
1556.2139999866486, 43185.93563573566, 52432.03770842169
1556.2139999866486, 43185.93563573566, 52432.03770842169
1556.2249999046326, 43185.93563573566, 52432.03770842169
1556.2300000190735, 43185.93563573566, 52432.03770842169
1560.763000011444, 43185.93563573566, 52432.03770842169
1560.763000011444, 43185.93563573566, 52432.03770842169
1560.779000043869, 43185.93563573566, 52431.807322624634
1560.7850000858307, 43185.93563573566, 52431.807322624634
1560.7869999408722, 43185.93563573566, 52431.807322624634
1560.7890000343323, 43185.93563573566, 52431.807322624634
1560.7990000247955, 43185.93563573566, 52431.807322624634
1560.8029999732971, 43185.93563573566, 52431.807322624634
1560.8050000667572, 43185.93563573566, 52431.807322624634
1560.8050000667572, 43185.93563573566, 52431.41428206768
1560.8159999847412, 43185.93563573566, 52431.41428206768
1560.8159999847412, 43185.93563573566, 52431.41428206768
1564.441999912262, 43185.93563573566, 52431.41428206768
1564.4479999542236, 43185.93563573566, 52431.027714759875
1564.4539999961853, 43185.93563573566, 52431.027714759875
1564.4590001106262, 43185.93563573566, 52431.027714759875
1564.4649999141693, 43185.93563573566, 52431.027714759875
1564.4690001010895, 43185.93563573566, 52431.027714759875
1564.476000070572, 43185.93563573566, 52431.027714759875
1564.4800000190735, 43185.93563573566, 52431.027714759875
1564.483999967575, 43185.93563573566, 52431.027714759875
1564.4900000095367, 43185.93563573566, 52431.027714759875
1568.8259999752045, 43185.93563573566, 52430.73419699813
1568.8259999752045, 43185.93563573566, 52430.73419699813
1568.8429999351501, 43185.93563573566, 52430.73419699813
1568.8450000286102, 43185.93563573566, 52430.73419699813
1568.8450000286102, 43185.93563573566, 52430.73419699813
1568.8450000286102, 43185.93563573566, 52430.73419699813
1568.861999988556, 43185.93563573566, 52430.73419699813
1568.861999988556, 43185.93563573566, 52430.73419699813
1568.861999988556, 43185.93563573566, 52430.73419699813
1568.87700009346, 43185.93563573566, 52430.73419699813
1568.87700009346, 43185.93563573566, 52430.73419699813
1568.87700009346, 43185.93563573566, 52430.35001640853
1572.9679999351501, 43185.93563573566, 52430.0302524931
1572.9679999351501, 43185.93563573566, 52430.0302524931
1572.9800000190735, 43185.93563573566, 52430.0302524931
1572.986999988556, 43185.93563573566, 52430.0302524931
1572.9879999160767, 43185.93563573566, 52430.0302524931
1572.9960000514984, 43185.93563573566, 52429.89221122029
1572.9960000514984, 43185.93563573566, 52429.89221122029
1573.010999917984, 43185.93563573566, 52429.84689209543
1573.013000011444, 43185.93563573566, 52429.84689209543
1573.013000011444, 43185.93563573566, 52429.84689209543
1573.013000011444, 43185.93563573566, 52429.84689209543
1573.0299999713898, 43185.93563573566, 52429.84689209543
1573.0299999713898, 43185.93563573566, 52429.84689209543
1573.0299999713898, 43185.93563573566, 52429.572000554545
1573.0480000972748, 43185.93563573566, 52428.92778226417
1577.7980000972748, 43185.93563573566, 52428.92778226417
1577.7980000972748, 43185.93563573566, 52428.92778226417
1577.8129999637604, 43185.93563573566, 52428.92778226417
1577.819000005722, 43185.93563573566, 52428.92778226417
1577.8229999542236, 43185.93563573566, 52428.92778226417
1577.8269999027252, 43185.93563573566, 52428.92778226417
1577.8320000171661, 43185.93563573566, 52428.92778226417
1577.8340001106262, 43185.93563573566, 52428.92778226417
1577.8340001106262, 43185.93563573566, 52428.92778226417
1577.8410000801086, 43185.93563573566, 52428.92778226417
1577.8410000801086, 43185.93563573566, 52428.92778226417
1577.8410000801086, 43185.93563573566, 52428.92778226417
1577.8499999046326, 43185.93563573566, 52428.92778226417
1581.667000055313, 43185.93563573566, 52428.92778226417
1581.6719999313354, 43185.93563573566, 52428.92778226417
1581.6719999313354, 43185.93563573566, 52428.56560724036
1581.6870000362396, 43185.93563573566, 52428.56560724036
1581.691999912262, 43185.93563573566, 52428.56560724036
1581.691999912262, 43185.93563573566, 52428.56560724036
1581.7070000171661, 43185.93563573566, 52428.56560724036
1581.7070000171661, 43185.93563573566, 52428.56560724036
1581.7070000171661, 43185.93563573566, 52427.45821904134
1581.7070000171661, 43185.93563573566, 52427.45821904134
1581.7220001220703, 43185.93563573566, 52427.45821904134
1581.7239999771118, 43185.93563573566, 52427.45821904134
1581.7290000915527, 43185.93563573566, 52427.45821904134
1581.7320001125336, 43185.93563573566, 52427.45821904134
1581.7349998950958, 43185.93563573566, 52427.45821904134
1586.0280001163483, 43185.93563573566, 52427.44103013434
1586.045000076294, 43185.93563573566, 52427.44103013434
1586.0510001182556, 43185.93563573566, 52427.44103013434
1586.0599999427795, 43185.93563573566, 52427.44103013434
1586.069000005722, 43185.93563573566, 52427.44103013434
1586.0759999752045, 43185.93563573566, 52426.28006105399
1590.138000011444, 43185.93563573566, 52425.412263293474
1590.1549999713898, 43185.93563573566, 52425.412263293474
1590.1610000133514, 43185.93563573566, 52425.412263293474
1590.1610000133514, 43185.93563573566, 52425.412263293474
1590.1719999313354, 43185.93563573566, 52425.412263293474
1594.8340001106262, 43185.93563573566, 52424.83733021148
1594.8399999141693, 43185.93563573566, 52424.72403817567
1594.8450000286102, 43185.93563573566, 52424.72403817567
1594.8499999046326, 43185.93563573566, 52424.72403817567
1594.8540000915527, 43185.93563573566, 52424.58703172996
1594.8580000400543, 43185.93563573566, 52424.58703172996
1594.8610000610352, 43185.93563573566, 52424.58703172996
1594.8629999160767, 43185.93563573566, 52424.58703172996
1594.8670001029968, 43185.93563573566, 52424.58703172996
1594.8710000514984, 43185.93563573566, 52424.58703172996
1599.0260000228882, 43185.93563573566, 52424.58703172996
1599.0260000228882, 43185.93563573566, 52424.58703172996
1599.0490000247955, 43185.93563573566, 52424.232573993744
1599.0499999523163, 43185.93563573566, 52424.232573993744
1599.0680000782013, 43185.93563573566, 52424.232573993744
1599.0750000476837, 43185.93563573566, 52424.232573993744
1599.0840001106262, 43185.93563573566, 52424.232573993744
1603.5429999828339, 43185.93563573566, 52423.5519820243
1603.5520000457764, 43185.93563573566, 52423.5519820243
1603.5599999427795, 43185.93563573566, 52423.5519820243
1603.566999912262, 43185.93563573566, 52423.5519820243
1603.5769999027252, 43185.93563573566, 52423.5519820243
1603.5820000171661, 43185.93563573566, 52423.5519820243
1607.6659998893738, 43185.93563573566, 52423.03293202822
1607.6659998893738, 43185.93563573566, 52423.03293202822
1607.6779999732971, 43185.93563573566, 52422.09208507601
1607.6849999427795, 43185.93563573566, 52422.09208507601
1607.6900000572205, 43185.93563573566, 52422.09208507601
1607.6900000572205, 43185.93563573566, 52422.09208507601
1607.6900000572205, 43185.93563573566, 52422.09208507601
1607.7009999752045, 43185.93563573566, 52422.09208507601
1607.704999923706, 43185.93563573566, 52422.09208507601
1607.7090001106262, 43185.93563573566, 52422.09208507601
1607.7119998931885, 43185.93563573566, 52422.09208507601
1607.7149999141693, 43185.93563573566, 52422.09208507601
1607.7170000076294, 43185.93563573566, 52422.09208507601
1612.5460000038147, 43185.93563573566, 52422.09208507601
1612.5480000972748, 43185.93563573566, 52422.09208507601
1612.5620000362396, 43185.93563573566, 52421.40944757272
1612.569000005722, 43185.93563573566, 52420.64848219943
1616.7869999408722, 43185.93563573566, 52420.50441254408
1616.7960000038147, 43185.93563573566, 52418.99958994855
1616.8020000457764, 43185.93563573566, 52418.99958994855
1616.8099999427795, 43185.93563573566, 52418.99958994855
1616.8180000782013, 43185.93563573566, 52418.99958994855
1616.8199999332428, 43185.93563573566, 52418.99958994855
1616.8310000896454, 43185.93563573566, 52418.99958994855
1621.345999956131, 43185.93563573566, 52417.720037229716
1621.351000070572, 43185.93563573566, 52417.720037229716
1621.361999988556, 43185.93563573566, 52417.720037229716
1621.369999885559, 43185.93563573566, 52417.40926320978
1621.3789999485016, 43185.93563573566, 52416.41947704556
1625.433000087738, 43185.93563573566, 52416.41947704556
1625.4430000782013, 43185.93563573566, 52416.41947704556
1625.449000120163, 43185.93563573566, 52416.41947704556
1625.4539999961853, 43185.93563573566, 52416.41947704556
1625.4570000171661, 43185.93563573566, 52416.17311694845
1625.4630000591278, 43185.93563573566, 52416.17311694845
1625.4649999141693, 43185.93563573566, 52416.17311694845
1625.4649999141693, 43185.93563573566, 52415.8644301151
1625.4779999256134, 43185.93563573566, 52415.8644301151
1625.4779999256134, 43185.93563573566, 52415.324759725445
1625.494999885559, 43185.93563573566, 52415.324759725445
1625.494999885559, 43185.93563573566, 52414.59106136859
1625.494999885559, 43185.93563573566, 52414.59106136859
1625.494999885559, 43185.93563573566, 52414.59106136859
1629.983999967575, 43185.93563573566, 52414.484770113195
1629.983999967575, 43185.93563573566, 52414.484770113195
1629.983999967575, 43185.93563573566, 52414.484770113195
1630.0009999275208, 43185.93563573566, 52414.484770113195
1630.0009999275208, 43185.93563573566, 52414.484770113195
1630.0009999275208, 43185.93563573566, 52414.484770113195
1630.0009999275208, 43185.93563573566, 52414.484770113195
1630.016000032425, 43185.93563573566, 52414.484770113195
1630.0179998874664, 43185.93563573566, 52414.484770113195
1630.0179998874664, 43185.93563573566, 52414.484770113195
1630.0329999923706, 43185.93563573566, 52414.484770113195
1630.0380001068115, 43185.93563573566, 52414.484770113195
1630.045000076294, 43185.93563573566, 52414.484770113195
1630.0529999732971, 43185.93563573566, 52414.484770113195
1630.0550000667572, 43185.93563573566, 52414.484770113195
1630.0550000667572, 43185.93563573566, 52414.20951523916
1630.0550000667572, 43185.93563573566, 52414.20951523916
1630.0680000782013, 43185.93563573566, 52414.02387679046
1630.0750000476837, 43185.93563573566, 52414.02387679046
1630.0789999961853, 43185.93563573566, 52414.02387679046
1630.0840001106262, 43185.93563573566, 52414.02387679046
1630.0869998931885, 43185.93563573566, 52413.89333084315
1630.0950000286102, 43185.93563573566, 52413.89333084315
1630.0999999046326, 43185.93563573566, 52413.89333084315
1634.2000000476837, 43185.93563573566, 52413.61394715132
1634.2060000896454, 43185.93563573566, 52413.61394715132
1634.210000038147, 43185.93563573566, 52413.61394715132
1634.2130000591278, 43185.93563573566, 52413.61394715132
1634.2170000076294, 43185.93563573566, 52413.61394715132
1634.2170000076294, 43185.93563573566, 52413.61394715132
1634.2170000076294, 43185.93563573566, 52413.61394715132
1634.2170000076294, 43185.93563573566, 52413.61394715132
1634.2330000400543, 43185.93563573566, 52413.61394715132
1634.239000082016, 43185.93563573566, 52413.61394715132
1634.2430000305176, 43185.93563573566, 52413.61394715132
1634.2460000514984, 43185.93563573566, 52413.61394715132
1634.2490000724792, 43185.93563573566, 52413.61394715132
1634.2539999485016, 43185.93563573566, 52413.61394715132
1634.2590000629425, 43185.93563573566, 52413.61394715132
1634.2639999389648, 43185.93563573566, 52413.61394715132
1634.266000032425, 43185.93563573566, 52413.61394715132
1634.266000032425, 43185.93563573566, 52413.61394715132
1634.266000032425, 43185.93563573566, 52413.61394715132
1634.2829999923706, 43185.93563573566, 52411.89188993919
1638.6570000648499, 43185.93563573566, 52411.89188993919
1638.6600000858307, 43185.93563573566, 52411.89188993919
1638.6600000858307, 43185.93563573566, 52411.89188993919
1638.6770000457764, 43185.93563573566, 52411.89188993919
1638.6819999217987, 43185.93563573566, 52411.89188993919
1638.6819999217987, 43185.93563573566, 52411.89188993919
1638.694000005722, 43185.93563573566, 52411.89188993919
1638.6960000991821, 43185.93563573566, 52411.89188993919
1638.6960000991821, 43185.93563573566, 52411.89188993919
1643.2019999027252, 43185.93563573566, 52411.89188993919
1643.2090001106262, 43185.93563573566, 52411.89188993919
1643.2130000591278, 43185.93563573566, 52411.89188993919
1643.2160000801086, 43185.93563573566, 52411.89188993919
1643.2190001010895, 43185.93563573566, 52411.89188993919
1643.2220001220703, 43185.93563573566, 52411.89188993919
1643.2269999980927, 43185.93563573566, 52411.89188993919
1643.239000082016, 43185.93563573566, 52411.89188993919
1643.24799990654, 43185.93563573566, 52411.89188993919
1643.2560000419617, 43185.93563573566, 52411.89188993919
1647.6170001029968, 43185.93563573566, 52411.43772217406
1647.6170001029968, 43185.93563573566, 52410.87070328223
1647.6349999904633, 43185.93563573566, 52410.87070328223
1647.6449999809265, 43185.93563573566, 52410.87070328223
1647.6530001163483, 43185.93563573566, 52410.49486845524
1647.6559998989105, 43185.93563573566, 52410.49486845524
1647.6679999828339, 43185.93563573566, 52408.13220173847
1652.3050000667572, 43185.93563573566, 52408.13220173847
1652.3050000667572, 43185.93563573566, 52407.96348571904
1652.324000120163, 43185.93563573566, 52407.96348571904
1652.3280000686646, 43185.93563573566, 52407.96348571904
1652.3280000686646, 43185.93563573566, 52407.96348571904
1652.3399999141693, 43185.93563573566, 52407.96348571904
1652.3399999141693, 43185.93563573566, 52407.96348571904
1652.3399999141693, 43185.93563573566, 52407.96348571904
1652.3570001125336, 43185.93563573566, 52407.96348571904
1652.3570001125336, 43185.93563573566, 52407.96348571904
1652.3570001125336, 43185.93563573566, 52407.96348571904
1652.37299990654, 43185.93563573566, 52407.96348571904
1652.3740000724792, 43185.93563573566, 52407.96348571904
1652.3740000724792, 43185.93563573566, 52407.96348571904
1652.3740000724792, 43185.93563573566, 52407.96348571904
1652.3740000724792, 43185.93563573566, 52407.96348571904
1652.3740000724792, 43185.93563573566, 52407.96348571904
1652.3889999389648, 43185.93563573566, 52407.96348571904
1652.391000032425, 43185.93563573566, 52407.96348571904
1652.3940000534058, 43185.93563573566, 52407.96348571904
1652.3940000534058, 43185.93563573566, 52407.96348571904
1656.4590001106262, 43185.93563573566, 52407.96348571904
1656.4720001220703, 43185.93563573566, 52407.96348571904
1656.4800000190735, 43185.93563573566, 52406.28505352241
1656.486999988556, 43185.93563573566, 52406.28505352241
1656.4909999370575, 43185.93563573566, 52406.28505352241
1656.4909999370575, 43185.93563573566, 52406.28505352241
1656.4909999370575, 43185.93563573566, 52406.28505352241
1656.5069999694824, 43185.93563573566, 52406.05238197736
1656.5069999694824, 43185.93563573566, 52406.05238197736
1661.2569999694824, 43185.93563573566, 52406.05238197736
1661.263000011444, 43185.93563573566, 52406.05238197736
1661.2679998874664, 43185.93563573566, 52406.05238197736
1661.2709999084473, 43185.93563573566, 52406.05238197736
1661.2709999084473, 43185.93563573566, 52406.05238197736
1661.2839999198914, 43185.93563573566, 52406.05238197736
1661.2850000858307, 43185.93563573566, 52405.59913405055
1661.2850000858307, 43185.93563573566, 52404.076771278924
1665.601000070572, 43185.93563573566, 52404.076771278924
1665.6159999370575, 43185.93563573566, 52403.546220853656
1665.625, 43185.93563573566, 52403.546220853656
1665.6319999694824, 43185.93563573566, 52403.546220853656
1665.6370000839233, 43185.93563573566, 52403.546220853656
1665.6370000839233, 43185.93563573566, 52403.546220853656
1665.6370000839233, 43185.93563573566, 52403.39154591356
1665.6530001163483, 43185.93563573566, 52403.245766876484
1665.6530001163483, 43185.93563573566, 52402.480806615065
1665.6530001163483, 43185.93563573566, 52402.480806615065
1670.1589999198914, 43185.93563573566, 52402.480806615065
1670.1760001182556, 43185.93563573566, 52402.480806615065
1670.1760001182556, 43185.93563573566, 52402.480806615065
1670.1760001182556, 43185.93563573566, 52402.437687260615
1670.1760001182556, 43185.93563573566, 52402.437687260615
1670.1909999847412, 43185.93563573566, 52402.437687260615
1670.1930000782013, 43185.93563573566, 52402.437687260615
1670.1970000267029, 43185.93563573566, 52402.437687260615
1670.2019999027252, 43185.93563573566, 52402.437687260615
1670.204999923706, 43185.93563573566, 52402.437687260615
1670.2119998931885, 43185.93563573566, 52402.437687260615
1670.2119998931885, 43185.93563573566, 52402.437687260615
1670.2119998931885, 43185.93563573566, 52402.437687260615
1670.2309999465942, 43185.93563573566, 52401.85963758562
1670.2379999160767, 43185.93563573566, 52401.85963758562
1670.2430000305176, 43185.93563573566, 52401.85963758562
1674.5, 43185.93563573566, 52401.318920778125
1674.5, 43185.93563573566, 52401.318920778125
1674.5, 43185.93563573566, 52401.318920778125
1674.5150001049042, 43185.93563573566, 52401.318920778125
1674.5150001049042, 43185.93563573566, 52401.318920778125
1674.5150001049042, 43185.93563573566, 52401.318920778125
1674.5150001049042, 43185.93563573566, 52401.318920778125
1674.5150001049042, 43185.93563573566, 52401.318920778125
1674.5320000648499, 43185.93563573566, 52400.812425808326
1674.5320000648499, 43185.93563573566, 52400.812425808326
1674.5320000648499, 43185.93563573566, 52400.812425808326
1674.5490000247955, 43185.93563573566, 52400.812425808326
1674.5490000247955, 43185.93563573566, 52400.812425808326
1674.5490000247955, 43185.93563573566, 52400.80204222166
1674.5629999637604, 43185.93563573566, 52400.80204222166
1674.5659999847412, 43185.93563573566, 52400.80204222166
1674.569000005722, 43185.93563573566, 52400.80204222166
1674.5729999542236, 43185.93563573566, 52400.452476507024
1674.5759999752045, 43185.93563573566, 52400.452476507024
1674.5780000686646, 43185.93563573566, 52400.452476507024
1674.5810000896454, 43185.93563573566, 52400.452476507024
1674.585000038147, 43185.93563573566, 52398.735009719196
1674.5899999141693, 43185.93563573566, 52398.735009719196
1679.244999885559, 43185.93563573566, 52398.735009719196
1679.2509999275208, 43185.93563573566, 52398.735009719196
1679.2530000209808, 43185.93563573566, 52398.735009719196
1679.2569999694824, 43185.93563573566, 52398.735009719196
1679.260999917984, 43185.93563573566, 52398.735009719196
1679.2679998874664, 43185.93563573566, 52398.735009719196
1679.273999929428, 43185.93563573566, 52398.735009719196
1679.279000043869, 43185.93563573566, 52398.735009719196
1679.2799999713898, 43185.93563573566, 52398.735009719196
1679.2799999713898, 43185.93563573566, 52398.735009719196
1679.2799999713898, 43185.93563573566, 52398.735009719196
1679.292000055313, 43185.93563573566, 52398.735009719196
1679.2939999103546, 43185.93563573566, 52398.735009719196
1679.2939999103546, 43185.93563573566, 52398.16223126394
1679.3069999217987, 43185.93563573566, 52398.16223126394
1683.4030001163483, 43185.93563573566, 52398.16223126394
1683.417000055313, 43185.93563573566, 52398.16223126394
1683.4210000038147, 43185.93563573566, 52397.531919604575
1683.4300000667572, 43185.93563573566, 52397.183735293685
1683.4370000362396, 43185.93563573566, 52397.183735293685
1683.4409999847412, 43185.93563573566, 52397.183735293685
1683.4470000267029, 43185.93563573566, 52397.183735293685
1683.4470000267029, 43185.93563573566, 52397.183735293685
1683.460000038147, 43185.93563573566, 52397.07513930959
1683.4619998931885, 43185.93563573566, 52397.07513930959
1683.4790000915527, 43185.93563573566, 52396.73419013422
1683.4860000610352, 43185.93563573566, 52396.73419013422
1683.4900000095367, 43185.93563573566, 52396.73419013422
1683.4939999580383, 43185.93563573566, 52396.73419013422
1683.4969999790192, 43185.93563573566, 52396.73419013422
1683.4969999790192, 43185.93563573566, 52396.73419013422
1683.4969999790192, 43185.93563573566, 52396.73419013422
1683.4969999790192, 43185.93563573566, 52396.73419013422
1683.5120000839233, 43185.93563573566, 52396.73419013422
1683.5139999389648, 43185.93563573566, 52396.73419013422
1683.5139999389648, 43185.93563573566, 52396.73419013422
1688.266000032425, 43185.93563573566, 52395.428721265904
1688.2720000743866, 43185.93563573566, 52395.428721265904
1688.2760000228882, 43185.93563573566, 52395.428721265904
1688.2880001068115, 43185.93563573566, 52395.428721265904
1688.292000055313, 43185.93563573566, 52395.428721265904
1688.2969999313354, 43185.93563573566, 52394.75702966069
1688.2990000247955, 43185.93563573566, 52394.75702966069
1688.2990000247955, 43185.93563573566, 52394.75702966069
1692.4739999771118, 43185.93563573566, 52394.0175810728
1692.4800000190735, 43185.93563573566, 52394.0175810728
1692.4820001125336, 43185.93563573566, 52394.0175810728
1692.4879999160767, 43185.93563573566, 52394.0175810728
1692.4930000305176, 43185.93563573566, 52394.0175810728
1692.5060000419617, 43185.93563573566, 52394.00302120996
1692.5120000839233, 43185.93563573566, 52394.00302120996
1692.5190000534058, 43185.93563573566, 52394.00302120996
1692.5199999809265, 43185.93563573566, 52394.00302120996
1692.5339999198914, 43185.93563573566, 52393.72783734065
1692.5369999408722, 43185.93563573566, 52393.72783734065
1692.5369999408722, 43185.93563573566, 52393.630591095665
1692.5369999408722, 43185.93563573566, 52393.630591095665
1692.5529999732971, 43185.93563573566, 52393.630591095665
1692.5539999008179, 43185.93563573566, 52393.630591095665
1692.5539999008179, 43185.93563573566, 52393.630591095665
1692.5539999008179, 43185.93563573566, 52393.630591095665
1692.5710000991821, 43185.93563573566, 52393.630591095665
1692.5759999752045, 43185.93563573566, 52393.60221679826
1692.579999923706, 43185.93563573566, 52393.60221679826
1697.1860001087189, 43185.93563573566, 52393.60221679826
1697.191999912262, 43185.93563573566, 52393.60221679826
1697.1979999542236, 43185.93563573566, 52393.60221679826
1697.2109999656677, 43185.93563573566, 52393.60221679826
1697.2119998931885, 43185.93563573566, 52393.60221679826
1697.2269999980927, 43185.93563573566, 52393.60221679826
1697.2320001125336, 43185.93563573566, 52393.60221679826
1701.3010001182556, 43185.93563573566, 52393.60221679826
1701.3099999427795, 43185.93563573566, 52392.65964692477
1701.3139998912811, 43185.93563573566, 52392.65964692477
1701.3199999332428, 43185.93563573566, 52392.65964692477
1701.3289999961853, 43185.93563573566, 52392.65964692477
1701.3359999656677, 43185.93563573566, 52392.65964692477
1701.3359999656677, 43185.93563573566, 52392.65964692477
1701.3440001010895, 43185.93563573566, 52392.37073081472
1701.3440001010895, 43185.93563573566, 52392.37073081472
1701.3519999980927, 43185.93563573566, 52392.37073081472
1706.1619999408722, 43185.93563573566, 52392.37073081472
1706.1749999523163, 43185.93563573566, 52392.37073081472
1706.1840000152588, 43185.93563573566, 52392.37073081472
1706.194000005722, 43185.93563573566, 52392.37073081472
1706.1970000267029, 43185.93563573566, 52392.37073081472
1706.1970000267029, 43185.93563573566, 52392.37073081472
1706.2149999141693, 43185.93563573566, 52392.37073081472
1706.2190001010895, 43185.93563573566, 52392.37073081472
1706.223000049591, 43185.93563573566, 52392.37073081472
1706.2279999256134, 43185.93563573566, 52392.37073081472
1706.2300000190735, 43185.93563573566, 52392.37073081472
1706.2330000400543, 43185.93563573566, 52392.37073081472
1710.766000032425, 43185.93563573566, 52392.37073081472
1710.776999950409, 43185.93563573566, 52392.37073081472
1710.7820000648499, 43185.93563573566, 52392.37073081472
1710.7869999408722, 43185.93563573566, 52389.4372028248
1710.7869999408722, 43185.93563573566, 52389.4372028248
1710.7869999408722, 43185.93563573566, 52389.4372028248
1710.7869999408722, 43185.93563573566, 52389.4372028248
1710.8010001182556, 43185.93563573566, 52389.4372028248
1710.8029999732971, 43185.93563573566, 52389.4372028248
1710.8029999732971, 43185.93563573566, 52389.4372028248
1710.8029999732971, 43185.93563573566, 52389.4372028248
1710.8029999732971, 43185.93563573566, 52389.4372028248
1710.8159999847412, 43185.93563573566, 52389.4372028248
1710.8180000782013, 43185.93563573566, 52389.4372028248
1710.8180000782013, 43185.93563573566, 52387.98365622116
1715.7890000343323, 43185.93563573566, 52387.98365622116
1715.7960000038147, 43185.93563573566, 52387.481543125396
1715.7999999523163, 43185.93563573566, 52387.481543125396
1715.8020000457764, 43185.93563573566, 52387.481543125396
1715.805999994278, 43185.93563573566, 52387.481543125396
1715.8099999427795, 43185.93563573566, 52387.481543125396
1715.8129999637604, 43185.93563573566, 52387.481543125396
1715.816999912262, 43185.93563573566, 52387.481543125396
1715.8220000267029, 43185.93563573566, 52387.088737416234
1715.8280000686646, 43185.93563573566, 52387.088737416234
1715.832999944687, 43185.93563573566, 52387.088737416234
1715.832999944687, 43185.93563573566, 52386.95047915409
1720.388000011444, 43185.93563573566, 52386.95047915409
1720.4030001163483, 43185.93563573566, 52386.34919032848
1720.4049999713898, 43185.93563573566, 52386.34919032848
1720.414999961853, 43185.93563573566, 52386.05653691085
1720.414999961853, 43185.93563573566, 52385.593927917886
1720.4260001182556, 43185.93563573566, 52385.26603256649
1720.4289999008179, 43185.93563573566, 52385.26603256649
1725.4909999370575, 43185.93563573566, 52385.26603256649
1725.4930000305176, 43185.93563573566, 52385.26603256649
1725.5, 43185.93563573566, 52384.234527675704
1725.5, 43185.93563573566, 52384.1014516217
1725.5120000839233, 43185.93563573566, 52384.1014516217
1729.6760001182556, 43185.93563573566, 52383.98215388436
1729.6800000667572, 43185.93563573566, 52383.98215388436
1729.6800000667572, 43185.93563573566, 52383.98215388436
1729.691999912262, 43185.93563573566, 52383.98215388436
1729.6970000267029, 43185.93563573566, 52383.98215388436
1729.6970000267029, 43185.93563573566, 52383.98215388436
1729.6970000267029, 43185.93563573566, 52383.98215388436
1729.707999944687, 43185.93563573566, 52383.98215388436
1729.7139999866486, 43185.93563573566, 52383.98215388436
1734.332999944687, 43185.93563573566, 52383.98215388436
1734.348000049591, 43185.93563573566, 52383.98215388436
1734.3570001125336, 43185.93563573566, 52383.98215388436
1734.3570001125336, 43185.93563573566, 52383.98215388436
1734.375, 43185.93563573566, 52383.91449056735
1734.380000114441, 43185.93563573566, 52383.91449056735
1734.385999917984, 43185.93563573566, 52383.91449056735
1734.385999917984, 43185.93563573566, 52383.91449056735
1734.385999917984, 43185.93563573566, 52383.91449056735
1734.385999917984, 43185.93563573566, 52383.91449056735
1734.4049999713898, 43185.93563573566, 52383.91449056735
1738.7750000953674, 43185.93563573566, 52383.91449056735
1738.779000043869, 43185.93563573566, 52383.91449056735
1738.7829999923706, 43185.93563573566, 52383.91449056735
1738.7860000133514, 43185.93563573566, 52383.91449056735
1738.7929999828339, 43185.93563573566, 52383.91449056735
1738.8029999732971, 43185.93563573566, 52383.12417208564
1738.8069999217987, 43185.93563573566, 52382.583769224184
1738.8069999217987, 43185.93563573566, 52382.583769224184
1738.816999912262, 43185.93563573566, 52382.583769224184
1738.8220000267029, 43185.93563573566, 52382.583769224184
1738.8220000267029, 43185.93563573566, 52382.583769224184
1738.832999944687, 43185.93563573566, 52382.583769224184
1743.5469999313354, 43185.93563573566, 52381.351433462725
1743.555999994278, 43185.93563573566, 52381.351433462725
1743.5620000362396, 43185.93563573566, 52381.351433462725
1743.566999912262, 43185.93563573566, 52381.351433462725
1743.5720000267029, 43185.93563573566, 52381.351433462725
1743.5780000686646, 43185.93563573566, 52381.351433462725
1743.585000038147, 43185.93563573566, 52381.351433462725
1743.5910000801086, 43185.93563573566, 52381.351433462725
1743.6019999980927, 43185.93563573566, 52381.351433462725
1747.914999961853, 43185.93563573566, 52381.351433462725
1747.9249999523163, 43185.93563573566, 52381.351433462725
1747.9340000152588, 43185.93563573566, 52381.351433462725
1747.941999912262, 43185.93563573566, 52381.351433462725
1747.949000120163, 43185.93563573566, 52381.351433462725
1747.9509999752045, 43185.93563573566, 52381.351433462725
1747.9590001106262, 43185.93563573566, 52381.351433462725
1747.9590001106262, 43185.93563573566, 52381.351433462725
1747.9679999351501, 43185.93563573566, 52381.351433462725
1747.9769999980927, 43185.93563573566, 52381.351433462725
1752.9189999103546, 43185.93563573566, 52381.351433462725
1752.9349999427795, 43185.93563573566, 52378.24421912038
1752.9449999332428, 43185.93563573566, 52378.04914970248
1752.9509999752045, 43185.93563573566, 52378.04914970248
1752.9509999752045, 43185.93563573566, 52378.04914970248
1757.0869998931885, 43185.93563573566, 52377.037605985446
1757.0940001010895, 43185.93563573566, 52376.778911483336
1757.098000049591, 43185.93563573566, 52376.778911483336
1757.101000070572, 43185.93563573566, 52376.778911483336
1757.1050000190735, 43185.93563573566, 52376.778911483336
1757.1110000610352, 43185.93563573566, 52376.778911483336
1757.1189999580383, 43185.93563573566, 52376.778911483336
1757.125, 43185.93563573566, 52376.778911483336
1757.1289999485016, 43185.93563573566, 52376.778911483336
1757.1289999485016, 43185.93563573566, 52375.71075109546
1757.1429998874664, 43185.93563573566, 52375.71075109546
1757.1449999809265, 43185.93563573566, 52375.71075109546
1761.8710000514984, 43185.93563573566, 52375.71075109546
1761.8780000209808, 43185.93563573566, 52375.532808752854
1761.8780000209808, 43185.93563573566, 52375.532808752854
1761.888000011444, 43185.93563573566, 52375.532808752854
1761.888000011444, 43185.93563573566, 52375.532808752854
1761.8970000743866, 43185.93563573566, 52375.532808752854
1761.9010000228882, 43185.93563573566, 52375.532808752854
1761.9089999198914, 43185.93563573566, 52375.532808752854
1761.9130001068115, 43185.93563573566, 52375.532808752854
1761.9130001068115, 43185.93563573566, 52375.532808752854
1766.2650001049042, 43185.93563573566, 52375.532808752854
1766.2699999809265, 43185.93563573566, 52375.532808752854
1766.2760000228882, 43185.93563573566, 52375.532808752854
1766.2799999713898, 43185.93563573566, 52375.532808752854
1766.2820000648499, 43185.93563573566, 52375.532808752854
1766.2890000343323, 43185.93563573566, 52375.532808752854
1766.3039999008179, 43185.93563573566, 52375.532808752854
1766.308000087738, 43185.93563573566, 52375.532808752854
1766.308000087738, 43185.93563573566, 52375.532808752854
1766.308000087738, 43185.93563573566, 52375.532808752854
1771.138000011444, 43185.93563573566, 52372.61771653586
1771.1400001049042, 43185.93563573566, 52372.61771653586
1771.1510000228882, 43185.93563573566, 52372.61771653586
1771.1589999198914, 43185.93563573566, 52372.61771653586
1771.1630001068115, 43185.93563573566, 52372.61771653586
1771.1689999103546, 43185.93563573566, 52372.61771653586
1771.1760001182556, 43185.93563573566, 52372.61771653586
1771.1760001182556, 43185.93563573566, 52372.61771653586
1771.1930000782013, 43185.93563573566, 52372.61771653586
1771.199000120163, 43185.93563573566, 52372.61771653586
1775.2160000801086, 43185.93563573566, 52371.83642244049
1775.2249999046326, 43185.93563573566, 52371.40708908369
1775.2309999465942, 43185.93563573566, 52371.40708908369
1775.2360000610352, 43185.93563573566, 52371.40708908369
1775.2469999790192, 43185.93563573566, 52371.40708908369
1775.2509999275208, 43185.93563573566, 52371.40708908369
1775.2569999694824, 43185.93563573566, 52371.40708908369
1775.2569999694824, 43185.93563573566, 52371.40708908369
1775.2569999694824, 43185.93563573566, 52370.993086455186
1775.2720000743866, 43185.93563573566, 52370.993086455186
1775.273999929428, 43185.93563573566, 52370.993086455186
1775.273999929428, 43185.93563573566, 52370.993086455186
1775.2880001068115, 43185.93563573566, 52370.993086455186
1775.289999961853, 43185.93563573566, 52370.993086455186
1775.289999961853, 43185.93563573566, 52370.993086455186
1775.3069999217987, 43185.93563573566, 52370.993086455186
1775.308000087738, 43185.93563573566, 52370.993086455186
1780.0490000247955, 43185.93563573566, 52370.236119556146
1780.0569999217987, 43185.93563573566, 52370.236119556146
1780.0620000362396, 43185.93563573566, 52369.15582390129
1780.0710000991821, 43185.93563573566, 52369.15582390129
1780.0789999961853, 43185.93563573566, 52369.15582390129
1780.0869998931885, 43185.93563573566, 52369.15582390129
1780.0929999351501, 43185.93563573566, 52369.03941371528
1780.0989999771118, 43185.93563573566, 52369.03941371528
1780.1050000190735, 43185.93563573566, 52368.63954599216
1780.1099998950958, 43185.93563573566, 52368.40758211905
1784.5659999847412, 43185.93563573566, 52368.40758211905
1784.5729999542236, 43185.93563573566, 52368.40758211905
1784.579999923706, 43185.93563573566, 52367.79871613309
1784.5869998931885, 43185.93563573566, 52367.79871613309
1784.5950000286102, 43185.93563573566, 52367.66975670691
1784.598000049591, 43185.93563573566, 52367.66975670691
1789.5769999027252, 43185.93563573566, 52366.19488797333
1789.5810000896454, 43185.93563573566, 52366.19488797333
1789.5869998931885, 43185.93563573566, 52365.86658459961
1789.5920000076294, 43185.93563573566, 52365.86658459961
1789.595999956131, 43185.93563573566, 52365.86658459961
1789.598000049591, 43185.93563573566, 52365.86658459961
1789.6050000190735, 43185.93563573566, 52365.86658459961
1789.6050000190735, 43185.93563573566, 52365.86658459961
1789.6210000514984, 43185.93563573566, 52365.43284749762
1789.6210000514984, 43185.93563573566, 52365.43284749762
1789.6349999904633, 43185.93563573566, 52365.43284749762
1789.638000011444, 43185.93563573566, 52365.43284749762
1789.638000011444, 43185.93563573566, 52365.186820518495
1789.638000011444, 43185.93563573566, 52365.186820518495
1789.654000043869, 43185.93563573566, 52365.186820518495
1789.6579999923706, 43185.93563573566, 52364.7226837067
1794.255000114441, 43185.93563573566, 52364.46495479679
1794.2620000839233, 43185.93563573566, 52364.46495479679
1794.2679998874664, 43185.93563573566, 52364.46148655203
1794.2730000019073, 43185.93563573566, 52364.46148655203
1794.2780001163483, 43185.93563573566, 52364.29205227821
1794.2820000648499, 43185.93563573566, 52364.29205227821
1794.2880001068115, 43185.93563573566, 52364.29205227821
1794.289999961853, 43185.93563573566, 52364.29205227821
1794.2939999103546, 43185.93563573566, 52364.29205227821
1794.2969999313354, 43185.93563573566, 52364.29205227821
1794.2990000247955, 43185.93563573566, 52364.29205227821
1794.2990000247955, 43185.93563573566, 52364.29205227821
1794.2990000247955, 43185.93563573566, 52364.29205227821
1794.2990000247955, 43185.93563573566, 52364.29205227821
1794.3139998912811, 43185.93563573566, 52364.29205227821
1794.3150000572205, 43185.93563573566, 52364.29205227821
1794.3150000572205, 43185.93563573566, 52364.29205227821
1794.3150000572205, 43185.93563573566, 52364.29205227821
1794.3150000572205, 43185.93563573566, 52364.29205227821
1794.329999923706, 43185.93563573566, 52364.29205227821
1794.3310000896454, 43185.93563573566, 52364.29205227821
1794.3310000896454, 43185.93563573566, 52364.29205227821
1794.3310000896454, 43185.93563573566, 52364.29205227821
1794.3470001220703, 43185.93563573566, 52364.29205227821
1794.348000049591, 43185.93563573566, 52364.29205227821
1794.348000049591, 43185.93563573566, 52364.29205227821
1794.348000049591, 43185.93563573566, 52364.29205227821
1794.348000049591, 43185.93563573566, 52364.29205227821
1794.3650000095367, 43185.93563573566, 52364.28877548544
1794.3650000095367, 43185.93563573566, 52363.922480686735
1794.3650000095367, 43185.93563573566, 52363.922480686735
1794.3810000419617, 43185.93563573566, 52363.922480686735
1794.3870000839233, 43185.93563573566, 52363.922480686735
1794.3870000839233, 43185.93563573566, 52363.922480686735
1799.1400001049042, 43185.93563573566, 52362.24727291671
1799.1480000019073, 43185.93563573566, 52362.24727291671
1799.1619999408722, 43185.93563573566, 52362.24727291671
1799.170000076294, 43185.93563573566, 52362.24727291671
1799.1789999008179, 43185.93563573566, 52362.24727291671
1799.1889998912811, 43185.93563573566, 52361.35888304259
1800.0069999694824, 43185.93563573566, 52361.35888304259
1800.0490000247955, 43185.93563573566, 52361.35888304259
