0.06400012969970703, -1e+100, 274195.41676687164
0.07800006866455078, -1e+100, 274195.41676687164
0.2890000343322754, -1e+100, 129400.52409837388
1.2750000953674316, -1e+100, 120025.81332259328
1.4769999980926514, -1e+100, 120025.81332259328
1.6140000820159912, -1e+100, 119234.23343366978
1.6820001602172852, -1e+100, 119234.23343366978
1.8849999904632568, -1e+100, 118886.09774211691
2.0860002040863037, -1e+100, 118886.09774211691
2.2900002002716064, -1e+100, 118886.09774211691
2.4050002098083496, -1e+100, 118886.09774211691
2.7970001697540283, -1e+100, 118741.9999377385
2.8030002117156982, -1e+100, 118741.9999377385
3.2780001163482666, -1e+100, 118326.12608496395
6.634000062942505, -1e+100, 105404.48831955504
6.851000070571899, -1e+100, 105381.52875427666
7.425000190734863, -1e+100, 105374.80779621082
9.656000137329102, -1e+100, 105310.89798338417
9.705000162124634, -1e+100, 105310.89798338417
9.98800015449524, -1e+100, 104970.39019308584
9.98800015449524, -1e+100, 104966.26281343427
10.022000074386597, -1e+100, 104966.26281343427
10.10700011253357, -1e+100, 104966.26281343427
10.16100001335144, -1e+100, 104966.26281343427
10.22100019454956, -1e+100, 104966.26281343427
10.229000091552734, -1e+100, 104966.26281343427
10.330000162124634, -1e+100, 104966.26281343427
10.475000143051147, -1e+100, 104966.26281343427
10.583000183105469, -1e+100, 104966.26281343427
10.680999994277954, -1e+100, 104966.26281343427
10.753000020980835, -1e+100, 104966.26281343427
10.815000057220459, -1e+100, 104966.26281343427
10.871000051498413, -1e+100, 104966.26281343427
10.877000093460083, -1e+100, 104966.26281343427
11.02400016784668, -1e+100, 104966.26281343427
11.213000059127808, -1e+100, 104966.26281343427
11.218000173568726, -1e+100, 104966.26281343427
11.384999990463257, -1e+100, 104966.26281343427
11.451000213623047, -1e+100, 104966.26281343427
11.457000017166138, -1e+100, 104966.26281343427
11.462000131607056, -1e+100, 104966.26281343427
11.535000085830688, -1e+100, 104966.26281343427
11.601999998092651, -1e+100, 104966.26281343427
11.606000185012817, -1e+100, 104966.26281343427
11.670000076293945, -1e+100, 104961.23878048894
11.73800015449524, -1e+100, 104961.23878048894
11.890000104904175, -1e+100, 104961.23878048894
11.890000104904175, -1e+100, 104961.23878048894
11.981000185012817, -1e+100, 104961.23878048894
12.055000066757202, -1e+100, 104896.75682209362
12.061000108718872, -1e+100, 104896.75682209362
12.147000074386597, -1e+100, 104896.75682209362
12.15500020980835, -1e+100, 104896.75682209362
12.242000102996826, -1e+100, 104896.75682209362
12.246999979019165, -1e+100, 104896.75682209362
12.347000122070312, -1e+100, 104896.75682209362
12.53600001335144, -1e+100, 104896.75682209362
12.549000024795532, -1e+100, 104896.75682209362
12.552000045776367, -1e+100, 104896.75682209362
12.77400016784668, -1e+100, 104896.75682209362
12.78000020980835, -1e+100, 104896.75682209362
13.01200008392334, -1e+100, 104870.66297295316
13.026000022888184, -1e+100, 104870.66297295316
13.147000074386597, -1e+100, 104870.66297295316
13.164000034332275, -1e+100, 104870.66297295316
13.164000034332275, -1e+100, 104870.66297295316
13.436000108718872, -1e+100, 104870.66297295316
13.451000213623047, -1e+100, 104870.66297295316
13.581000089645386, -1e+100, 104870.66297295316
13.58899998664856, -1e+100, 104870.66297295316
13.736999988555908, -1e+100, 104870.66297295316
13.745000123977661, -1e+100, 104870.66297295316
13.752000093460083, -1e+100, 104870.66297295316
13.758000135421753, -1e+100, 104870.66297295316
13.758000135421753, -1e+100, 104870.66297295316
13.769000053405762, -1e+100, 104870.66297295316
14.029000043869019, -1e+100, 104850.82991309061
14.029000043869019, -1e+100, 104850.82991309061
14.202000141143799, -1e+100, 104850.82991309061
14.210000038146973, -1e+100, 104850.82991309061
14.3510000705719, -1e+100, 104850.82991309061
14.516000032424927, -1e+100, 104799.4905197547
14.523000001907349, -1e+100, 104799.4905197547
14.53000020980835, -1e+100, 104799.4905197547
14.726999998092651, -1e+100, 104799.4905197547
14.907999992370605, -1e+100, 104799.4905197547
14.912000179290771, -1e+100, 104799.4905197547
15.082000017166138, -1e+100, 104799.4905197547
15.094000101089478, -1e+100, 104799.4905197547
15.490000009536743, -1e+100, 104799.4905197547
15.713000059127808, -1e+100, 104799.4905197547
15.728000164031982, -1e+100, 104799.4905197547
15.730000019073486, -1e+100, 104799.4905197547
15.966000080108643, -1e+100, 104799.4905197547
15.981000185012817, -1e+100, 104799.4905197547
15.990000009536743, -1e+100, 104799.4905197547
15.996000051498413, -1e+100, 104799.4905197547
16.229000091552734, -1e+100, 104799.4905197547
16.23800015449524, -1e+100, 104799.4905197547
16.241000175476074, -1e+100, 104720.68159454504
16.255000114440918, -1e+100, 104720.68159454504
16.255000114440918, -1e+100, 104720.68159454504
16.272000074386597, -1e+100, 104720.68159454504
16.491000175476074, -1e+100, 104720.68159454504
16.492000102996826, -1e+100, 104720.68159454504
16.511000156402588, -1e+100, 104720.68159454504
16.51900005340576, -1e+100, 104720.68159454504
16.526000022888184, -1e+100, 104720.68159454504
16.538000106811523, -1e+100, 104720.68159454504
16.752000093460083, -1e+100, 104720.68159454504
16.758000135421753, -1e+100, 104720.68159454504
16.765000104904175, -1e+100, 104720.68159454504
16.771000146865845, -1e+100, 104717.46388864191
16.78000020980835, -1e+100, 104717.46388864191
17.002000093460083, -1e+100, 104717.46388864191
17.01800012588501, -1e+100, 104716.32913269967
17.019999980926514, -1e+100, 104716.32913269967
17.24500012397766, -1e+100, 104660.29899775394
17.253000020980835, -1e+100, 104660.29899775394
17.257000207901, -1e+100, 104660.29899775394
17.26900005340576, -1e+100, 104660.29899775394
17.27300000190735, -1e+100, 104660.29899775394
17.28500008583069, -1e+100, 104660.29899775394
17.493000030517578, -1e+100, 104660.29899775394
17.748000144958496, -1e+100, 104660.29899775394
17.754000186920166, -1e+100, 104660.29899775394
17.763000011444092, -1e+100, 104660.29899775394
18.009000062942505, -1e+100, 104660.29899775394
18.015000104904175, -1e+100, 104660.29899775394
18.022000074386597, -1e+100, 104660.29899775394
18.33400011062622, -1e+100, 104660.29899775394
18.34000015258789, -1e+100, 104660.29899775394
18.342000007629395, -1e+100, 104660.29899775394
18.597000122070312, -1e+100, 104660.29899775394
18.609000205993652, -1e+100, 104660.29899775394
18.61400008201599, -1e+100, 104660.29899775394
18.903000116348267, -1e+100, 104660.29899775394
18.903000116348267, -1e+100, 104660.29899775394
18.919000148773193, -1e+100, 104660.29899775394
18.919000148773193, -1e+100, 104660.29899775394
18.936000108718872, -1e+100, 104660.29899775394
19.242000102996826, -1e+100, 104660.29899775394
19.259000062942505, -1e+100, 104660.29899775394
19.259000062942505, -1e+100, 104660.29899775394
19.276000022888184, -1e+100, 104660.29899775394
19.576000213623047, -1e+100, 104660.29899775394
19.580000162124634, -1e+100, 104653.11792068262
19.580000162124634, -1e+100, 104653.11792068262
19.597000122070312, -1e+100, 104653.11792068262
19.930000066757202, -1e+100, 104653.11792068262
19.937000036239624, -1e+100, 104653.11792068262
19.937000036239624, -1e+100, 104653.11792068262
19.94700002670288, -1e+100, 104653.11792068262
19.95300006866455, -1e+100, 104653.11792068262
20.26200008392334, -1e+100, 104653.11792068262
20.2810001373291, -1e+100, 104653.11792068262
20.28700017929077, -1e+100, 104653.11792068262
20.301000118255615, -1e+100, 104653.11792068262
20.305000066757202, -1e+100, 104653.11792068262
20.31500005722046, -1e+100, 104653.11792068262
20.647000074386597, -1e+100, 104653.11792068262
20.657999992370605, -1e+100, 104642.48222773438
20.665000200271606, -1e+100, 104642.48222773438
21.00600004196167, -1e+100, 104642.48222773438
21.00600004196167, -1e+100, 104642.48222773438
21.02500009536743, -1e+100, 104642.48222773438
21.02500009536743, -1e+100, 104642.48222773438
21.04200005531311, -1e+100, 104642.48222773438
21.04200005531311, -1e+100, 104642.48222773438
21.499000072479248, -1e+100, 104642.48222773438
21.499000072479248, -1e+100, 104642.48222773438
21.514000177383423, -1e+100, 104642.48222773438
21.51900005340576, -1e+100, 104642.48222773438
21.51900005340576, -1e+100, 104642.48222773438
21.888000011444092, -1e+100, 104642.48222773438
21.897000074386597, -1e+100, 104642.48222773438
21.9060001373291, -1e+100, 104642.48222773438
21.91200017929077, -1e+100, 104642.48222773438
21.919000148773193, -1e+100, 104642.48222773438
22.29700016975403, -1e+100, 104642.48222773438
22.30900001525879, -1e+100, 104642.48222773438
22.317000150680542, -1e+100, 104642.48222773438
22.326000213623047, -1e+100, 104642.48222773438
22.338000059127808, -1e+100, 104596.86933322148
22.735000133514404, -1e+100, 104596.86933322148
22.73800015449524, -1e+100, 104596.86933322148
22.75100016593933, -1e+100, 104596.86933322148
23.198000192642212, -1e+100, 104596.86933322148
23.207000017166138, -1e+100, 104596.86933322148
23.213000059127808, -1e+100, 104596.86933322148
23.230000019073486, -1e+100, 104596.86933322148
23.230000019073486, -1e+100, 104596.86933322148
23.594000101089478, -1e+100, 104596.86933322148
23.6010000705719, -1e+100, 104596.86933322148
23.615000009536743, -1e+100, 104588.80633641002
23.624000072479248, -1e+100, 104588.80633641002
23.634999990463257, -1e+100, 104588.80633641002
24.07800006866455, -1e+100, 104547.24321107597
24.08899998664856, -1e+100, 104547.24321107597
24.09500002861023, -1e+100, 104547.24321107597
24.111999988555908, -1e+100, 104547.24321107597
24.121000051498413, -1e+100, 104547.24321107597
24.121000051498413, -1e+100, 104547.24321107597
24.588000059127808, -1e+100, 104547.24321107597
24.597000122070312, -1e+100, 104527.49558014533
24.605000019073486, -1e+100, 104527.49558014533
24.616000175476074, -1e+100, 104527.49558014533
24.62600016593933, -1e+100, 104527.49558014533
25.157999992370605, -1e+100, 104493.82545685323
25.167999982833862, -1e+100, 104493.82545685323
25.177000045776367, -1e+100, 104493.82545685323
25.186000108718872, -1e+100, 104493.82545685323
25.186000108718872, -1e+100, 104493.82545685323
25.199000120162964, -1e+100, 104493.82545685323
25.21399998664856, -1e+100, 104493.82545685323
25.759999990463257, -1e+100, 104493.82545685323
25.759999990463257, -1e+100, 104493.82545685323
25.78000020980835, -1e+100, 104493.82545685323
25.799000024795532, -1e+100, 104493.82545685323
25.808000087738037, -1e+100, 104493.82545685323
26.461000204086304, -1e+100, 104493.82545685323
26.469000101089478, -1e+100, 104493.82545685323
26.4760000705719, -1e+100, 104493.82545685323
26.486999988555908, -1e+100, 104493.82545685323
26.491000175476074, -1e+100, 104493.82545685323
26.509999990463257, -1e+100, 104493.82545685323
27.17200016975403, -1e+100, 104493.82545685323
27.17200016975403, -1e+100, 104493.82545685323
27.19000005722046, -1e+100, 104493.82545685323
27.19600009918213, -1e+100, 104493.82545685323
27.203999996185303, -1e+100, 104493.82545685323
27.21399998664856, -1e+100, 104493.82545685323
27.223999977111816, -1e+100, 104493.82545685323
27.236000061035156, -1e+100, 104493.82545685323
27.842000007629395, -1e+100, 104493.82545685323
27.84600019454956, -1e+100, 104462.21348896291
27.84600019454956, -1e+100, 104462.21348896291
27.867000102996826, -1e+100, 104462.21348896291
27.880000114440918, -1e+100, 104462.21348896291
28.58899998664856, -1e+100, 104462.21348896291
28.600000143051147, -1e+100, 104462.21348896291
28.611000061035156, -1e+100, 104462.21348896291
28.61900019645691, -1e+100, 104462.21348896291
28.62600016593933, -1e+100, 104462.21348896291
29.25600004196167, -1e+100, 104462.21348896291
29.288000106811523, -1e+100, 104462.21348896291
29.288000106811523, -1e+100, 104462.21348896291
30.016000032424927, -1e+100, 104462.21348896291
30.016000032424927, -1e+100, 104462.21348896291
30.032000064849854, -1e+100, 104462.21348896291
30.04200005531311, -1e+100, 104462.21348896291
30.052000045776367, -1e+100, 104462.21348896291
30.062000036239624, -1e+100, 104462.21348896291
30.070000171661377, -1e+100, 104462.21348896291
30.086000204086304, -1e+100, 104462.21348896291
30.094000101089478, -1e+100, 104452.52774242363
30.10199999809265, -1e+100, 104452.52774242363
30.848000049591064, -1e+100, 104452.52774242363
30.848000049591064, -1e+100, 104452.52774242363
30.867000102996826, -1e+100, 104452.52774242363
30.867000102996826, -1e+100, 104451.38520354482
30.888000011444092, -1e+100, 104451.38520354482
30.894999980926514, -1e+100, 104451.38520354482
31.611999988555908, -1e+100, 104451.38520354482
31.62000012397766, -1e+100, 104451.38520354482
31.62600016593933, -1e+100, 104451.38520354482
31.63100004196167, -1e+100, 104451.38520354482
31.64400005340576, -1e+100, 104451.38520354482
31.65500020980835, -1e+100, 104451.38520354482
31.66700005531311, -1e+100, 104451.38520354482
32.438000202178955, -1e+100, 104451.38520354482
32.44700002670288, -1e+100, 104439.58830308425
32.46000003814697, -1e+100, 104439.58830308425
32.47500014305115, -1e+100, 104439.58830308425
32.49000000953674, -1e+100, 104439.58830308425
32.49400019645691, -1e+100, 104439.58830308425
32.51200008392334, -1e+100, 104439.58830308425
32.52800011634827, -1e+100, 104439.58830308425
33.29100012779236, -1e+100, 104439.58830308425
33.29400014877319, -1e+100, 104425.12955559616
33.29400014877319, -1e+100, 104425.12955559616
33.31400012969971, -1e+100, 104425.12955559616
33.32200002670288, -1e+100, 104425.12955559616
33.33200001716614, -1e+100, 104425.12955559616
33.34100008010864, -1e+100, 104425.12955559616
34.13300013542175, -1e+100, 104425.12955559616
34.14800000190735, -1e+100, 104421.84308454771
34.14800000190735, -1e+100, 104421.84308454771
34.16000008583069, -1e+100, 104421.84308454771
34.165000200271606, -1e+100, 104421.84308454771
34.1800000667572, -1e+100, 104421.84308454771
34.1800000667572, -1e+100, 104421.84308454771
34.94200015068054, -1e+100, 104419.37560625507
34.955000162124634, -1e+100, 104419.37560625507
34.961000204086304, -1e+100, 104419.37560625507
34.973999977111816, -1e+100, 104419.37560625507
34.97699999809265, -1e+100, 104419.37560625507
34.99600005149841, -1e+100, 104419.37560625507
35.80900001525879, -1e+100, 104419.37560625507
35.818000078201294, -1e+100, 104419.37560625507
35.830000162124634, -1e+100, 104413.00258660424
35.84400010108948, -1e+100, 104413.00258660424
35.86300015449524, -1e+100, 104413.00258660424
35.86300015449524, -1e+100, 104413.00258660424
35.878000020980835, -1e+100, 104413.00258660424
36.81700015068054, -1e+100, 104401.7107571236
36.825000047683716, -1e+100, 104401.7107571236
36.83200001716614, -1e+100, 104401.7107571236
36.83200001716614, -1e+100, 104401.7107571236
36.84700012207031, -1e+100, 104401.7107571236
36.84700012207031, -1e+100, 104401.7107571236
36.86300015449524, -1e+100, 104397.1337052506
36.88000011444092, -1e+100, 104397.1337052506
36.88100004196167, -1e+100, 104397.1337052506
36.89800000190735, -1e+100, 104397.1337052506
37.77500009536743, -1e+100, 104397.1337052506
37.78400015830994, -1e+100, 104397.1337052506
37.790000200271606, -1e+100, 104397.1337052506
37.79900002479553, -1e+100, 104397.1337052506
37.805999994277954, -1e+100, 104397.1337052506
37.81599998474121, -1e+100, 104390.56517244832
37.8289999961853, -1e+100, 104390.56517244832
38.736000061035156, -1e+100, 104390.56517244832
38.75100016593933, -1e+100, 104390.56517244832
38.75100016593933, -1e+100, 104390.56517244832
38.76700019836426, -1e+100, 104390.56517244832
38.78000020980835, -1e+100, 104389.79508803836
38.782999992370605, -1e+100, 104389.79508803836
38.80200004577637, -1e+100, 104387.0637398157
38.81700015068054, -1e+100, 104387.0637398157
39.72500014305115, -1e+100, 104387.0637398157
39.73200011253357, -1e+100, 104384.92127766799
39.74000000953674, 85141.50812997014, 104384.92127766799
39.753000020980835, 85141.50812997014, 104384.92127766799
39.76900005340576, 85141.50812997014, 104384.92127766799
39.78500008583069, 88153.67300112756, 104381.39043141478
40.73300004005432, 88153.67300112756, 104381.39043141478
40.73300004005432, 88153.67300112756, 104381.39043141478
40.753000020980835, 88153.67300112756, 104381.39043141478
40.76900005340576, 88153.67300112756, 104381.04612412483
40.78600001335144, 88153.67300112756, 104362.84983266336
41.771000146865845, 88153.67300112756, 104357.51206727457
41.771000146865845, 88153.67300112756, 104355.94244034917
41.78800010681152, 88153.67300112756, 104349.71303963776
42.76200008392334, 88153.67300112756, 104345.02376699874
42.76800012588501, 88153.67300112756, 104344.9805362605
42.77900004386902, 88153.67300112756, 104344.68349227081
42.78700017929077, 88153.67300112756, 104344.68349227081
42.79200005531311, 88153.67300112756, 104344.68349227081
42.81500005722046, 91219.08827610649, 104337.04372286577
43.980000019073486, 91219.08827610649, 104335.62224498042
43.986000061035156, 91219.08827610649, 104335.62224498042
44.004000186920166, 91219.08827610649, 104333.46375464287
44.004000186920166, 91219.08827610649, 104333.46375464287
44.019999980926514, 91219.08827610649, 104333.46375464287
44.03500008583069, 91219.08827610649, 104333.46375464287
45.051000118255615, 91219.08827610649, 104319.14299013055
45.07100009918213, 91219.08827610649, 104314.11305865619
46.02400016784668, 91219.08827610649, 104314.11305865619
46.04200005531311, 91219.08827610649, 104314.11305865619
46.04200005531311, 91219.08827610649, 104314.11305865619
46.05800008773804, 91219.08827610649, 104314.11305865619
46.05800008773804, 91219.08827610649, 104314.11305865619
46.05800008773804, 91219.08827610649, 104314.11305865619
46.075000047683716, 91219.08827610649, 104314.11305865619
46.075000047683716, 91219.08827610649, 104314.11305865619
46.075000047683716, 91219.08827610649, 104314.11305865619
46.09400010108948, 91219.08827610649, 104314.11305865619
46.10700011253357, 91219.08827610649, 104314.11305865619
46.10900020599365, 91484.86515071352, 104314.11305865619
46.125, 91484.86515071352, 104314.11305865619
47.16200017929077, 91484.86515071352, 104314.11305865619
47.16200017929077, 91484.86515071352, 104314.11305865619
47.17900013923645, 91484.86515071352, 104314.11305865619
47.17900013923645, 91484.86515071352, 104314.11305865619
47.19800019264221, 91484.86515071352, 104314.11305865619
47.19800019264221, 91484.86515071352, 104314.11305865619
47.21300005912781, 91484.86515071352, 104295.24115901592
48.21399998664856, 91484.86515071352, 104295.24115901592
48.21399998664856, 91484.86515071352, 104295.24115901592
48.22500014305115, 91484.86515071352, 104295.24115901592
48.23100018501282, 91484.86515071352, 104295.24115901592
48.23100018501282, 91484.86515071352, 104295.24115901592
48.242000102996826, 91484.86515071352, 104295.24115901592
48.248000144958496, 91484.86515071352, 104295.24115901592
48.257000207901, 91484.86515071352, 104295.24115901592
48.265000104904175, 91484.86515071352, 104295.24115901592
48.28200006484985, 91484.86515071352, 104295.24115901592
49.29100012779236, 91484.86515071352, 104279.83045534974
49.30400013923645, 91484.86515071352, 104270.81168039558
49.32800006866455, 91484.86515071352, 104269.3618437765
49.33500003814697, 91484.86515071352, 104269.3618437765
49.33500003814697, 91484.86515071352, 104268.59685711579
49.3510000705719, 91484.86515071352, 104268.59685711579
50.43900012969971, 91484.86515071352, 104268.59685711579
50.45800018310547, 91484.86515071352, 104261.0893717888
50.47200012207031, 91484.86515071352, 104259.00592298461
50.48900008201599, 91484.86515071352, 104253.95463660527
51.610000133514404, 91484.86515071352, 104253.95463660527
51.610000133514404, 91484.86515071352, 104253.95463660527
51.62700009346008, 91484.86515071352, 104253.95463660527
51.64400005340576, 91484.86515071352, 104253.95463660527
51.66100001335144, 91484.86515071352, 104253.95463660527
52.687000036239624, 91484.86515071352, 104253.95463660527
52.693000078201294, 91484.86515071352, 104253.95463660527
52.700000047683716, 91484.86515071352, 104253.95463660527
52.711000204086304, 91484.86515071352, 104253.95463660527
52.723999977111816, 91484.86515071352, 104253.95463660527
52.729000091552734, 91484.86515071352, 104253.95463660527
52.736000061035156, 91484.86515071352, 104253.95463660527
52.74500012397766, 91484.86515071352, 104241.35030710665
52.76200008392334, 91484.86515071352, 104241.35030710665
52.77800011634827, 91484.86515071352, 104228.37706772327
53.85199999809265, 91484.86515071352, 104228.37706772327
53.85199999809265, 91484.86515071352, 104228.37706772327
53.866000175476074, 91484.86515071352, 104228.37706772327
53.867000102996826, 91484.86515071352, 104226.50637952943
53.884000062942505, 91484.86515071352, 104226.50637952943
54.94700002670288, 91484.86515071352, 104217.97973518218
54.955000162124634, 91484.86515071352, 104217.97973518218
54.967000007629395, 91484.86515071352, 104217.97973518218
54.979000091552734, 91484.86515071352, 104217.97973518218
56.039000034332275, 91484.86515071352, 104195.02218543667
56.04200005531311, 91484.86515071352, 104193.09885221919
56.05800008773804, 91484.86515071352, 104193.09885221919
56.069000005722046, 91484.86515071352, 104193.09885221919
56.07600021362305, 91484.86515071352, 104193.09885221919
56.07600021362305, 91484.86515071352, 104193.09885221919
56.093000173568726, 91484.86515071352, 104186.98930179235
57.18400001525879, 91484.86515071352, 104186.98930179235
57.2020001411438, 91484.86515071352, 104186.62310393943
57.22000002861023, 91484.86515071352, 104186.62310393943
57.23400020599365, 91484.86515071352, 104186.62310393943
57.235000133514404, 91484.86515071352, 104186.62310393943
57.25200009346008, 91484.86515071352, 104186.62310393943
57.25200009346008, 91484.86515071352, 104186.62310393943
58.37000012397766, 91484.86515071352, 104186.62310393943
58.390000104904175, 91484.86515071352, 104169.24302685572
58.39900016784668, 91484.86515071352, 104169.24302685572
58.40400004386902, 91484.86515071352, 104169.24302685572
58.41600012779236, 91484.86515071352, 104169.24302685572
59.50600004196167, 91484.86515071352, 104169.24302685572
59.521000146865845, 91484.86515071352, 104154.0782603251
59.527000188827515, 91484.86515071352, 104154.0782603251
59.53500008583069, 91484.86515071352, 104154.0782603251
59.55000019073486, 91484.86515071352, 104151.37906258505
59.555999994277954, 91484.86515071352, 104151.37906258505
59.555999994277954, 91484.86515071352, 104151.37906258505
60.69700002670288, 91484.86515071352, 104151.37906258505
60.71300005912781, 91484.86515071352, 104151.37906258505
60.71300005912781, 91484.86515071352, 104151.37906258505
60.74500012397766, 91484.86515071352, 104151.37906258505
61.92200016975403, 91484.86515071352, 104140.20951700286
61.92200016975403, 91484.86515071352, 104140.20951700286
61.92200016975403, 91484.86515071352, 104140.20951700286
61.94000005722046, 91484.86515071352, 104140.20951700286
61.956000089645386, 91484.86515071352, 104140.20951700286
61.95800018310547, 91484.86515071352, 104140.20951700286
63.14400005340576, 91484.86515071352, 104137.8373261529
63.152000188827515, 91484.86515071352, 104137.8373261529
63.157999992370605, 91484.86515071352, 104129.31772889062
63.16600012779236, 91484.86515071352, 104129.31772889062
63.16600012779236, 91484.86515071352, 104129.31772889062
63.176000118255615, 91484.86515071352, 104129.31772889062
63.1800000667572, 91484.86515071352, 104129.31772889062
63.19600009918213, 91484.86515071352, 104129.31772889062
63.19600009918213, 92565.49226359173, 104129.31772889062
63.21500015258789, 92565.49226359173, 104129.31772889062
64.43500018119812, 92565.49226359173, 104127.13736315092
64.45300006866455, 92565.49226359173, 104127.0313728424
64.46900010108948, 92565.49226359173, 104127.0313728424
64.48400020599365, 92565.49226359173, 104127.0313728424
65.625, 92565.49226359173, 104127.0313728424
65.63900017738342, 92565.49226359173, 104127.0313728424
65.64200019836426, 92565.49226359173, 104127.0313728424
65.66000008583069, 92565.49226359173, 104127.0313728424
65.67000007629395, 92565.49226359173, 104127.0313728424
65.67900013923645, 92565.49226359173, 104127.0313728424
65.67900013923645, 92565.49226359173, 104127.0313728424
65.6930000782013, 92565.49226359173, 104127.0313728424
65.69500017166138, 92565.49226359173, 104127.0313728424
65.69500017166138, 92802.36604213485, 104127.0313728424
65.70900011062622, 92830.7469275835, 104127.0313728424
65.73300004005432, 92853.17872878374, 104127.0313728424
67.07300019264221, 92853.17872878374, 104109.98953802728
67.08200001716614, 92853.17872878374, 104109.98331204378
67.08700013160706, 92853.17872878374, 104109.98331204378
67.09400010108948, 92853.17872878374, 104109.98331204378
67.10500001907349, 92853.17872878374, 104109.98331204378
67.12100005149841, 92853.17872878374, 104106.61646584091
67.13300013542175, 92853.17872878374, 104106.26287539136
68.34600019454956, 92853.17872878374, 104106.26287539136
68.34600019454956, 92853.17872878374, 104106.26287539136
68.36199998855591, 92853.17872878374, 104097.10059983749
68.37800002098083, 92853.17872878374, 104096.36758304999
68.37800002098083, 92853.17872878374, 104096.36758304999
68.3970000743866, 92853.17872878374, 104096.36758304999
68.4079999923706, 92853.17872878374, 104096.36758304999
68.41400003433228, 92853.17872878374, 104096.36758304999
68.42000007629395, 92853.17872878374, 104096.36758304999
68.42500019073486, 92853.17872878374, 104096.36758304999
69.6100001335144, 92853.17872878374, 104092.2012298122
70.78900003433228, 92853.17872878374, 104089.35580897215
70.80000019073486, 92853.17872878374, 104089.35580897215
70.80900001525879, 92853.17872878374, 104089.35580897215
70.8180000782013, 92853.17872878374, 104089.35580897215
70.82500004768372, 92853.17872878374, 104089.35580897215
70.83400011062622, 92853.17872878374, 104089.35580897215
70.84100008010864, 92853.17872878374, 104080.61604752298
72.22000002861023, 92853.17872878374, 104070.8855622952
72.2480001449585, 92853.17872878374, 104066.97536615246
72.25300002098083, 92853.17872878374, 104066.97536615246
72.26999998092651, 92853.17872878374, 104065.97843208128
72.2810001373291, 92853.17872878374, 104065.97843208128
72.29700016975403, 92853.17872878374, 104065.97843208128
72.30599999427795, 92853.17872878374, 104065.97843208128
73.4760000705719, 92853.17872878374, 104058.66825207122
73.49200010299683, 92853.17872878374, 104058.66825207122
73.49200010299683, 92853.17872878374, 104058.66825207122
73.5090000629425, 92853.17872878374, 104056.09825325951
74.64800000190735, 92853.17872878374, 104052.70725813789
74.66200017929077, 92853.17872878374, 104051.92983295959
74.6650002002716, 92853.17872878374, 104051.92983295959
74.6650002002716, 92856.3154299607, 104051.92983295959
74.68200016021729, 92856.3154299607, 104051.92983295959
74.69400000572205, 92856.3154299607, 104051.92983295959
74.7020001411438, 92856.3154299607, 104051.92983295959
74.70500016212463, 92856.3154299607, 104051.61623519099
74.7170000076294, 92856.3154299607, 104051.61623519099
76.00999999046326, 92857.17872878374, 104048.58299770574
76.01500010490417, 92857.17872878374, 104048.58299770574
76.0329999923706, 92857.17872878374, 104048.58299770574
76.04200005531311, 92857.17872878374, 104048.58299770574
76.05200004577637, 92857.17872878374, 104048.58299770574
76.06900000572205, 92857.17872878374, 104048.58299770574
76.07600021362305, 92857.17872878374, 104042.90110654305
76.07600021362305, 92857.17872878374, 104038.38357196827
77.28200006484985, 92857.17872878374, 104034.86165007156
77.28200006484985, 92857.17872878374, 104034.86165007156
77.3050000667572, 92857.17872878374, 104034.86165007156
77.31700015068054, 92857.17872878374, 104034.86165007156
77.3270001411438, 92857.17872878374, 104034.86165007156
77.3360002040863, 92857.17872878374, 104031.96544069645
77.35500001907349, 92857.17872878374, 104031.96544069645
77.36600017547607, 92857.17872878374, 104031.96544069645
77.375, 92857.17872878374, 104031.96544069645
77.38900017738342, 92857.17872878374, 104030.53616184823
77.40000009536743, 92857.17872878374, 104030.53616184823
78.60500001907349, 92857.17872878374, 104030.53616184823
78.61400008201599, 92857.17872878374, 104030.53616184823
78.62199997901917, 92857.17872878374, 104030.53616184823
78.63800001144409, 92857.17872878374, 104030.53616184823
78.65100002288818, 92857.17872878374, 104030.53616184823
78.6579999923706, 92857.17872878374, 104030.53616184823
78.6690001487732, 92857.17872878374, 104030.53616184823
79.98100018501282, 92857.17872878374, 104026.09028195377
79.98100018501282, 92857.17872878374, 104026.09028195377
79.99699997901917, 92857.17872878374, 104026.09028195377
80.00800013542175, 92857.17872878374, 104026.09028195377
80.01200008392334, 92857.17872878374, 104026.09028195377
80.0310001373291, 92857.17872878374, 104017.43842145966
81.31200003623962, 92857.17872878374, 104013.63024447681
81.3180000782013, 92857.17872878374, 104013.63024447681
81.32800006866455, 92857.17872878374, 104009.28986125033
81.33899998664856, 92857.17872878374, 104009.28986125033
81.34500002861023, 92857.17872878374, 104009.28986125033
81.35900020599365, 92857.17872878374, 104009.28986125033
81.37000012397766, 92857.17872878374, 104002.52164003788
81.37800002098083, 92857.17872878374, 104002.52164003788
82.64400005340576, 92857.17872878374, 104002.52164003788
82.6470000743866, 92857.17872878374, 104002.52164003788
82.66400003433228, 92857.17872878374, 104002.52164003788
82.66400003433228, 92857.17872878374, 104002.52164003788
82.67600011825562, 92857.17872878374, 104002.52164003788
82.68099999427795, 92857.17872878374, 104002.52164003788
82.69000005722046, 92857.17872878374, 104002.52164003788
82.69800019264221, 92857.17872878374, 104002.52164003788
82.70600008964539, 92857.17872878374, 104002.52164003788
82.72200012207031, 92857.17872878374, 104001.27658499872
82.73200011253357, 92857.17872878374, 104001.27658499872
84.12800002098083, 92857.17872878374, 103991.9734693621
84.13499999046326, 92857.17872878374, 103991.9734693621
84.14600014686584, 92857.17872878374, 103991.9734693621
84.15400004386902, 92857.17872878374, 103991.9734693621
85.51800012588501, 92857.17872878374, 103989.36904515115
85.51999998092651, 92857.17872878374, 103989.36904515115
85.53500008583069, 92857.17872878374, 103984.0187753568
85.54100012779236, 92857.17872878374, 103984.0187753568
85.54800009727478, 92857.17872878374, 103984.0187753568
85.55599999427795, 92857.17872878374, 103984.0187753568
85.55599999427795, 92857.17872878374, 103984.0187753568
85.57500004768372, 92857.17872878374, 103984.0187753568
85.5770001411438, 92857.17872878374, 103984.0187753568
85.58800005912781, 92857.17872878374, 103984.0187753568
85.60800004005432, 92857.17872878374, 103984.0187753568
85.6230001449585, 92857.17872878374, 103984.0187753568
85.625, 92857.17872878374, 103974.94045018563
86.93300008773804, 92857.17872878374, 103970.33873742093
86.94600009918213, 92857.17872878374, 103970.0759004372
86.94900012016296, 92857.17872878374, 103970.0759004372
86.96399998664856, 92857.17872878374, 103970.0759004372
86.97300004959106, 92857.17872878374, 103970.0759004372
86.98600006103516, 92857.17872878374, 103969.37502119268
86.99200010299683, 92857.17872878374, 103968.2303093568
87.0, 92857.17872878374, 103968.2303093568
87.00800013542175, 92857.17872878374, 103968.2303093568
87.01400017738342, 92857.17872878374, 103968.2303093568
88.2720000743866, 92857.17872878374, 103968.2303093568
88.2720000743866, 92857.17872878374, 103968.2303093568
88.28800010681152, 92857.17872878374, 103968.2303093568
88.28900003433228, 92857.17872878374, 103968.2303093568
88.28900003433228, 92857.17872878374, 103968.2303093568
88.30900001525879, 92857.17872878374, 103968.2303093568
88.31900000572205, 92857.17872878374, 103968.2303093568
88.33200001716614, 92857.17872878374, 103968.2303093568
88.34000015258789, 92857.17872878374, 103968.2303093568
88.34800004959106, 92857.17872878374, 103953.60973938505
88.35600018501282, 92857.17872878374, 103953.60973938505
89.6890001296997, 92857.17872878374, 103953.60973938505
89.69600009918213, 92857.17872878374, 103953.60973938505
89.70300006866455, 92857.17872878374, 103953.60973938505
89.71900010108948, 92857.17872878374, 103944.19360973436
90.98800015449524, 92857.17872878374, 103944.19360973436
90.98800015449524, 92857.17872878374, 103944.19360973436
91.0090000629425, 92857.17872878374, 103944.19360973436
91.02300000190735, 92857.17872878374, 103940.42235058316
91.02400016784668, 92857.17872878374, 103940.42235058316
91.03900003433228, 92857.17872878374, 103940.42235058316
91.06599998474121, 92857.17872878374, 103930.92232275906
91.07300019264221, 92857.17872878374, 103930.92232275906
92.41600012779236, 92857.17872878374, 103930.92232275906
92.42500019073486, 92857.17872878374, 103930.92232275906
92.43300008773804, 92857.17872878374, 103930.92232275906
92.4390001296997, 92857.17872878374, 103930.92232275906
92.44700002670288, 92857.17872878374, 103930.92232275906
92.4610002040863, 92857.17872878374, 103925.52153847976
92.47699999809265, 92857.17872878374, 103925.22693896967
92.48600006103516, 92857.17872878374, 103921.19971698169
93.7260000705719, 92857.17872878374, 103921.19971698169
93.7260000705719, 92857.17872878374, 103921.19971698169
93.74000000953674, 92857.17872878374, 103921.19971698169
93.74300003051758, 92857.17872878374, 103917.74996020617
93.74300003051758, 92857.17872878374, 103917.63054084405
93.75999999046326, 92857.17872878374, 103917.63054084405
93.75999999046326, 92857.17872878374, 103917.1484173996
93.77700018882751, 92857.17872878374, 103917.1484173996
93.78700017929077, 92857.17872878374, 103917.1484173996
95.12000012397766, 92857.17872878374, 103917.1484173996
95.13300013542175, 92857.17872878374, 103912.2895127008
95.14100003242493, 92857.17872878374, 103912.2895127008
95.15000009536743, 92857.17872878374, 103912.2895127008
95.16300010681152, 92857.17872878374, 103912.2895127008
95.17300009727478, 92857.17872878374, 103912.2895127008
95.18800020217896, 92857.17872878374, 103912.2895127008
95.19099998474121, 92857.17872878374, 103912.2895127008
95.20600008964539, 92857.17872878374, 103912.2895127008
95.22699999809265, 92857.17872878374, 103911.18610424481
95.23300004005432, 92857.17872878374, 103911.18610424481
95.24100017547607, 92857.17872878374, 103911.18610424481
95.24100017547607, 92857.17872878374, 103911.18610424481
96.60400009155273, 92857.17872878374, 103904.44543799141
96.61400008201599, 92857.17872878374, 103903.79287150648
96.63000011444092, 92857.17872878374, 103903.79287150648
97.92700004577637, 92857.17872878374, 103903.79287150648
97.93800020217896, 92857.17872878374, 103898.95782539735
97.94500017166138, 92857.17872878374, 103898.95782539735
97.94900012016296, 92857.17872878374, 103898.95782539735
97.96600008010864, 92857.17872878374, 103894.19630718396
97.97399997711182, 92857.17872878374, 103894.19630718396
97.98600006103516, 92857.17872878374, 103894.19630718396
97.99500012397766, 92857.17872878374, 103893.23937049531
98.0, 92857.17872878374, 103893.23937049531
98.0, 92857.17872878374, 103893.23937049531
99.31599998474121, 92857.17872878374, 103893.23937049531
99.32400012016296, 92857.17872878374, 103893.23937049531
99.3289999961853, 92857.17872878374, 103893.23937049531
99.3360002040863, 92857.17872878374, 103893.23937049531
99.33899998664856, 92857.17872878374, 103893.23937049531
99.35600018501282, 92857.17872878374, 103893.23937049531
99.35600018501282, 92857.17872878374, 103893.23937049531
99.37400007247925, 92857.17872878374, 103893.23937049531
99.37400007247925, 92857.17872878374, 103893.23937049531
99.38800001144409, 92857.17872878374, 103893.23937049531
99.39000010490417, 92857.17872878374, 103893.23937049531
100.83700013160706, 92857.17872878374, 103886.70348954112
100.85800004005432, 92857.17872878374, 103879.8802970477
102.33200001716614, 92857.17872878374, 103879.8802970477
102.33200001716614, 92857.17872878374, 103876.47642705639
102.34700012207031, 92857.17872878374, 103876.47642705639
102.34700012207031, 92857.17872878374, 103876.47642705639
102.36400008201599, 92857.17872878374, 103876.47642705639
102.38100004196167, 92857.17872878374, 103876.47642705639
103.85900020599365, 92857.17872878374, 103871.86455002683
103.85900020599365, 92857.17872878374, 103871.86455002683
103.87700009346008, 92857.17872878374, 103871.86455002683
103.89000010490417, 92857.17872878374, 103871.86455002683
103.89400005340576, 92857.17872878374, 103871.86455002683
105.48800015449524, 92857.17872878374, 103867.60397138871
105.50400018692017, 92857.17872878374, 103867.60397138871
105.50400018692017, 92857.17872878374, 103867.60397138871
105.52400016784668, 92857.17872878374, 103867.60397138871
107.05900001525879, 92857.17872878374, 103867.60397138871
107.06500005722046, 92857.17872878374, 103867.60397138871
107.0789999961853, 92857.17872878374, 103867.60397138871
107.08800005912781, 92857.17872878374, 103867.60397138871
107.1100001335144, 92857.17872878374, 103867.60397138871
107.11800003051758, 92857.17872878374, 103867.60397138871
107.12800002098083, 92857.17872878374, 103867.60397138871
108.49100017547607, 92857.17872878374, 103860.4288436954
108.507000207901, 92857.17872878374, 103860.4288436954
108.507000207901, 92857.17872878374, 103860.4288436954
108.5220000743866, 92857.17872878374, 103860.4288436954
108.52900004386902, 92857.17872878374, 103860.4288436954
108.53500008583069, 92857.17872878374, 103860.4288436954
108.54100012779236, 92857.17872878374, 103860.4288436954
108.54100012779236, 92857.17872878374, 103859.4212694776
108.55700016021729, 92857.17872878374, 103859.4212694776
108.55800008773804, 92857.17872878374, 103858.97008847512
108.57500004768372, 92857.17872878374, 103858.96508366978
108.5920000076294, 92857.17872878374, 103858.05217858974
110.0400002002716, 92857.17872878374, 103858.05217858974
110.05599999427795, 92857.17872878374, 103858.05217858974
110.0680000782013, 92857.17872878374, 103858.05217858974
110.07500004768372, 92857.17872878374, 103858.05217858974
110.08000016212463, 92857.17872878374, 103858.05217858974
110.08000016212463, 92857.17872878374, 103858.05217858974
110.09100008010864, 92857.17872878374, 103858.05217858974
110.11500000953674, 92857.17872878374, 103858.05217858974
110.12199997901917, 92857.17872878374, 103858.05217858974
110.12700009346008, 92857.17872878374, 103858.05217858974
110.14200019836426, 92857.17872878374, 103850.91199820813
111.72900009155273, 92857.17872878374, 103850.91199820813
111.72900009155273, 92857.17872878374, 103850.91199820813
111.74400019645691, 92857.17872878374, 103850.91199820813
111.74500012397766, 92857.17872878374, 103849.02248360208
111.76100015640259, 92857.17872878374, 103849.02248360208
111.76800012588501, 92857.17872878374, 103849.02248360208
111.77800011634827, 92857.17872878374, 103848.92325556926
113.4150002002716, 92857.17872878374, 103846.4591447143
113.42200016975403, 92857.17872878374, 103846.4591447143
113.43200016021729, 92857.17872878374, 103845.12061895759
113.44200015068054, 92857.17872878374, 103843.75167897322
113.44900012016296, 92857.17872878374, 103843.75167897322
113.45800018310547, 92857.17872878374, 103843.75167897322
113.46600008010864, 92857.17872878374, 103842.41609521655
113.47399997711182, 92857.17872878374, 103842.41609521655
113.48800015449524, 92857.17872878374, 103842.41609521655
114.88700008392334, 92857.17872878374, 103839.49051853479
114.89499998092651, 92857.17872878374, 103839.49051853479
114.90100002288818, 92857.17872878374, 103839.49051853479
114.90500020980835, 92857.17872878374, 103839.49051853479
114.90500020980835, 92857.17872878374, 103839.49051853479
114.92000007629395, 92857.17872878374, 103839.49051853479
114.92000007629395, 92857.17872878374, 103839.49051853479
114.92000007629395, 92857.17872878374, 103837.89865977694
114.93700003623962, 92857.17872878374, 103837.89865977694
114.9539999961853, 92857.17872878374, 103837.62350895857
116.4300000667572, 92857.17872878374, 103836.30300612948
116.44000005722046, 92857.17872878374, 103836.30300612948
116.44700002670288, 92857.17872878374, 103836.30300612948
116.44700002670288, 92857.17872878374, 103836.30300612948
116.46200013160706, 92857.17872878374, 103836.30300612948
116.47000002861023, 92857.17872878374, 103836.30300612948
116.47000002861023, 92857.17872878374, 103836.30300612948
116.48900008201599, 92857.17872878374, 103836.30300612948
116.4980001449585, 92857.17872878374, 103836.30300612948
116.4980001449585, 92857.17872878374, 103836.30300612948
116.51600003242493, 92857.17872878374, 103836.30300612948
116.51600003242493, 92857.17872878374, 103836.30300612948
116.5329999923706, 92857.17872878374, 103836.30300612948
116.55200004577637, 92857.17872878374, 103836.30300612948
118.16600012779236, 92857.17872878374, 103836.30300612948
118.18300008773804, 92857.17872878374, 103836.30300612948
118.1930000782013, 92857.17872878374, 103836.30300612948
118.2020001411438, 92857.17872878374, 103836.30300612948
118.21500015258789, 92857.17872878374, 103836.30300612948
118.22699999809265, 92857.17872878374, 103824.85808470895
118.23400020599365, 92857.17872878374, 103824.85808470895
118.24200010299683, 92857.17872878374, 103822.13746008692
119.68099999427795, 92857.17872878374, 103822.13746008692
119.69800019264221, 92857.17872878374, 103822.13746008692
119.69800019264221, 92857.17872878374, 103822.13746008692
119.71500015258789, 92857.17872878374, 103822.13746008692
119.73200011253357, 92857.17872878374, 103821.82913316508
119.74500012397766, 92857.17872878374, 103821.82913316508
121.20300006866455, 92857.17872878374, 103816.76654771777
121.21200013160706, 92857.17872878374, 103816.76654771777
121.21600008010864, 92857.17872878374, 103816.76654771777
121.22300004959106, 92857.17872878374, 103815.98413975979
121.22900009155273, 92857.17872878374, 103815.98413975979
121.2350001335144, 92857.17872878374, 103815.98413975979
121.24100017547607, 92857.17872878374, 103815.98413975979
121.24900007247925, 92857.17872878374, 103815.57652282482
121.257000207901, 92857.17872878374, 103815.57652282482
121.26200008392334, 92857.17872878374, 103815.57652282482
121.27800011634827, 92857.17872878374, 103815.57652282482
122.87400007247925, 92857.17872878374, 103815.57652282482
122.88900017738342, 92857.17872878374, 103815.57652282482
122.89100003242493, 92857.17872878374, 103815.57652282482
122.89100003242493, 92857.17872878374, 103815.57652282482
122.90700006484985, 92857.17872878374, 103814.92185820205
122.92600011825562, 92857.17872878374, 103806.36586662289
124.43500018119812, 92857.17872878374, 103798.84478691439
124.45600008964539, 92857.17872878374, 103798.84478691439
124.46399998664856, 92857.17872878374, 103798.84478691439
124.46900010108948, 92857.17872878374, 103798.84478691439
124.48100018501282, 92857.17872878374, 103798.84478691439
124.48600006103516, 92857.17872878374, 103798.84478691439
126.30700016021729, 92857.17872878374, 103798.84478691439
126.31500005722046, 92857.17872878374, 103798.84478691439
126.32400012016296, 92857.17872878374, 103798.84478691439
126.33300018310547, 92857.17872878374, 103798.84478691439
126.34100008010864, 92857.17872878374, 103798.84478691439
126.34899997711182, 92857.17872878374, 103798.84478691439
126.35600018501282, 92857.17872878374, 103798.84478691439
126.36600017547607, 92857.17872878374, 103798.84478691439
126.37100005149841, 92857.17872878374, 103798.84478691439
126.38900017738342, 92857.17872878374, 103798.84478691439
126.38900017738342, 92857.17872878374, 103798.84478691439
127.81500005722046, 92857.17872878374, 103798.84478691439
127.82100009918213, 92857.17872878374, 103798.84478691439
127.8289999961853, 92857.17872878374, 103798.84478691439
127.83200001716614, 92857.17872878374, 103798.84478691439
127.83200001716614, 92857.17872878374, 103798.84478691439
127.84899997711182, 92857.17872878374, 103798.84478691439
127.86400008201599, 92857.17872878374, 103798.84478691439
127.86600017547607, 92857.17872878374, 103798.84478691439
129.3600001335144, 92857.17872878374, 103798.84478691439
129.3710000514984, 92857.17872878374, 103798.84478691439
129.38100004196167, 92857.17872878374, 103789.27821730843
129.38900017738342, 92857.17872878374, 103789.27821730843
130.97699999809265, 92857.17872878374, 103789.27821730843
130.99200010299683, 92857.17872878374, 103789.27821730843
130.9940001964569, 92857.17872878374, 103789.27821730843
131.01200008392334, 92857.17872878374, 103787.88922334096
131.02300000190735, 92857.17872878374, 103787.88922334096
131.03200006484985, 92857.17872878374, 103787.88922334096
131.04700016975403, 92857.17872878374, 103784.15507282052
131.06100010871887, 92857.17872878374, 103784.15507282052
132.7900002002716, 92857.17872878374, 103784.15507282052
132.79299998283386, 92857.17872878374, 103784.15507282052
132.80800008773804, 92857.17872878374, 103784.15507282052
132.8159999847412, 92857.17872878374, 103784.15507282052
132.82500004768372, 92857.17872878374, 103784.15507282052
132.83400011062622, 92857.17872878374, 103784.15507282052
132.84400010108948, 92857.17872878374, 103779.80567269189
132.84400010108948, 92857.17872878374, 103779.80567269189
132.8619999885559, 92857.17872878374, 103779.80567269189
134.45800018310547, 92857.17872878374, 103769.51071881843
134.46800017356873, 92857.17872878374, 103769.51071881843
134.4760000705719, 92857.17872878374, 103769.51071881843
134.48200011253357, 92857.17872878374, 103769.51071881843
134.4869999885559, 92857.17872878374, 103769.51071881843
134.49699997901917, 92857.17872878374, 103769.51071881843
134.507000207901, 92857.17872878374, 103769.48263960239
134.5090000629425, 92857.17872878374, 103769.48263960239
134.52600002288818, 92857.17872878374, 103769.48263960239
136.18800020217896, 92857.17872878374, 103769.48263960239
136.19900012016296, 92857.17872878374, 103769.48263960239
136.20700001716614, 92857.17872878374, 103759.10832759779
136.20900011062622, 92857.17872878374, 103758.06466928948
136.22900009155273, 92857.17872878374, 103757.21687542973
136.24000000953674, 92857.17872878374, 103755.500746761
137.88300013542175, 92857.17872878374, 103755.500746761
137.89100003242493, 92857.17872878374, 103755.500746761
137.8970000743866, 92857.17872878374, 103755.500746761
137.90400004386902, 92857.17872878374, 103755.500746761
137.9100000858307, 92857.17872878374, 103755.500746761
137.91799998283386, 92857.17872878374, 103755.500746761
137.92500019073486, 92857.17872878374, 103755.500746761
137.93600010871887, 92857.17872878374, 103748.62150502167
137.94600009918213, 92857.17872878374, 103744.02271863991
139.58500003814697, 92857.17872878374, 103743.62104696424
139.59600019454956, 92857.17872878374, 103743.62104696424
139.60199999809265, 92857.17872878374, 103743.62104696424
139.61100006103516, 92857.17872878374, 103743.62104696424
141.25800013542175, 92857.17872878374, 103742.15224172534
141.26600003242493, 92857.17872878374, 103742.15224172534
141.27400016784668, 92857.17872878374, 103742.15224172534
141.2829999923706, 92857.17872878374, 103740.750130647
141.2960000038147, 92857.17872878374, 103740.03000530307
141.30200004577637, 92857.17872878374, 103740.03000530307
141.31100010871887, 92857.17872878374, 103740.03000530307
141.32100009918213, 92857.17872878374, 103740.03000530307
141.33700013160706, 92857.17872878374, 103739.40897983742
142.95100021362305, 92857.17872878374, 103739.40897983742
142.9630000591278, 92857.17872878374, 103739.40897983742
142.96900010108948, 92857.17872878374, 103739.40897983742
142.96900010108948, 92857.17872878374, 103739.40897983742
142.989000082016, 92857.17872878374, 103737.18996840126
142.99699997901917, 92857.17872878374, 103737.18996840126
143.00300002098083, 92857.17872878374, 103737.18996840126
143.00300002098083, 92857.17872878374, 103737.18996840126
143.01900005340576, 92857.17872878374, 103730.85739630851
143.01900005340576, 92857.17872878374, 103730.85739630851
143.0350000858307, 92857.17872878374, 103730.85739630851
143.04900002479553, 92857.17872878374, 103727.24648820152
143.05200004577637, 92857.17872878374, 103727.24648820152
144.58000016212463, 92857.17872878374, 103726.43870781784
144.59600019454956, 92857.17872878374, 103726.43870781784
144.59600019454956, 92857.17872878374, 103726.43870781784
144.59600019454956, 92857.17872878374, 103726.43870781784
144.61300015449524, 92857.17872878374, 103726.43870781784
144.61300015449524, 92857.17872878374, 103726.43870781784
144.63000011444092, 92857.17872878374, 103726.43870781784
144.63000011444092, 92857.17872878374, 103726.43870781784
144.64600014686584, 92857.17872878374, 103725.37563811391
144.64600014686584, 92857.17872878374, 103725.37563811391
144.66400003433228, 92857.17872878374, 103725.37563811391
144.67400002479553, 92857.17872878374, 103724.53516152404
144.6800000667572, 92857.17872878374, 103724.53516152404
144.6800000667572, 92857.17872878374, 103721.29892995679
146.31500005722046, 92857.17872878374, 103721.29892995679
146.32600021362305, 92857.17872878374, 103721.29892995679
146.33700013160706, 92857.17872878374, 103721.29892995679
146.3470001220703, 92857.17872878374, 103721.29892995679
146.34899997711182, 92857.17872878374, 103721.29892995679
146.36700010299683, 92857.17872878374, 103721.29892995679
148.18700003623962, 92857.17872878374, 103721.29892995679
148.18700003623962, 92857.17872878374, 103721.29892995679
148.2020001411438, 92857.17872878374, 103721.29892995679
148.2020001411438, 92857.17872878374, 103721.29892995679
148.21800017356873, 92857.17872878374, 103721.29892995679
148.22699999809265, 92857.17872878374, 103718.1796031973
148.2350001335144, 92857.17872878374, 103713.87039220204
148.2440001964569, 92857.17872878374, 103713.87039220204
148.25200009346008, 92857.17872878374, 103713.87039220204
148.25999999046326, 92857.17872878374, 103713.87039220204
149.81500005722046, 92857.17872878374, 103713.87039220204
149.82400012016296, 92857.17872878374, 103713.87039220204
149.83000016212463, 92857.17872878374, 103713.87039220204
149.83000016212463, 92857.17872878374, 103713.87039220204
149.84600019454956, 92857.17872878374, 103713.87039220204
149.86300015449524, 92857.17872878374, 103713.87039220204
149.87400007247925, 92857.17872878374, 103711.27342997557
149.88100004196167, 92857.17872878374, 103711.27342997557
149.88100004196167, 92857.17872878374, 103711.27342997557
149.90100002288818, 92857.17872878374, 103711.27342997557
149.91200017929077, 92857.17872878374, 103711.27342997557
151.73800015449524, 92857.17872878374, 103711.27342997557
151.74699997901917, 92857.17872878374, 103711.27342997557
151.75300002098083, 92857.17872878374, 103711.27342997557
151.76400017738342, 92857.17872878374, 103711.27342997557
151.76400017738342, 92857.17872878374, 103711.27342997557
151.77900004386902, 92857.17872878374, 103711.27342997557
151.7810001373291, 92857.17872878374, 103711.27342997557
151.80100011825562, 92857.17872878374, 103711.27342997557
151.81200003623962, 92857.17872878374, 103711.27342997557
151.82000017166138, 92857.17872878374, 103711.27342997557
153.53400015830994, 92857.17872878374, 103711.27342997557
153.5440001487732, 92857.17872878374, 103711.27342997557
153.54800009727478, 92857.17872878374, 103711.27342997557
153.56000018119812, 92857.17872878374, 103711.27342997557
153.56900000572205, 92857.17872878374, 103711.27342997557
153.58200001716614, 92857.17872878374, 103711.27342997557
153.59600019454956, 92857.17872878374, 103711.27342997557
155.18200016021729, 92857.17872878374, 103711.27342997557
155.1890001296997, 92857.17872878374, 103711.27342997557
155.19500017166138, 92857.17872878374, 103704.05604569035
155.19700002670288, 92857.17872878374, 103704.05604569035
155.19700002670288, 92857.17872878374, 103704.05604569035
155.2170000076294, 92857.17872878374, 103704.05604569035
155.2300000190735, 92857.17872878374, 103694.70040957532
155.23100018501282, 92857.17872878374, 103694.35671410596
155.24699997901917, 92857.17872878374, 103689.12018764566
155.24699997901917, 92857.17872878374, 103689.12018764566
157.03200006484985, 92857.17872878374, 103689.12018764566
157.03200006484985, 92857.17872878374, 103689.12018764566
157.04900002479553, 92857.17872878374, 103689.12018764566
157.04900002479553, 92857.17872878374, 103689.12018764566
157.0659999847412, 92857.17872878374, 103689.12018764566
158.68300008773804, 92857.17872878374, 103689.12018764566
158.6909999847412, 92857.17872878374, 103689.12018764566
158.69600009918213, 92857.17872878374, 103689.12018764566
158.70500016212463, 92857.17872878374, 103687.8360285546
158.7130000591278, 92857.17872878374, 103687.8360285546
158.72100019454956, 92857.17872878374, 103687.78910067491
158.7300000190735, 92857.17872878374, 103687.78910067491
160.58100008964539, 92857.17872878374, 103687.78910067491
160.59100008010864, 92857.17872878374, 103687.78910067491
160.59800004959106, 92857.17872878374, 103685.6483456335
160.6100001335144, 92857.17872878374, 103685.6483456335
160.6190001964569, 92857.17872878374, 103685.6483456335
162.44700002670288, 92857.17872878374, 103672.5406129097
162.45300006866455, 92857.17872878374, 103672.5406129097
162.4720001220703, 92857.17872878374, 103672.5406129097
162.48100018501282, 92857.17872878374, 103672.5406129097
162.4869999885559, 92857.17872878374, 103662.79014970479
164.25200009346008, 92857.17872878374, 103662.79014970479
164.25400018692017, 92857.17872878374, 103662.79014970479
164.26700019836426, 92857.17872878374, 103662.79014970479
164.2720000743866, 92857.17872878374, 103662.79014970479
164.28900003433228, 92857.17872878374, 103662.79014970479
166.00200009346008, 92857.17872878374, 103655.48584256592
166.0130000114441, 92857.17872878374, 103655.48584256592
166.02100014686584, 92857.17872878374, 103653.71947316633
166.02800011634827, 92857.17872878374, 103653.71947316633
167.8550000190735, 92857.17872878374, 103651.50682516117
167.8550000190735, 92857.17872878374, 103651.50682516117
167.87199997901917, 92857.17872878374, 103651.50682516117
167.87199997901917, 92857.17872878374, 103651.50682516117
167.8860001564026, 92857.17872878374, 103650.59367908558
167.89000010490417, 92857.17872878374, 103644.77117128069
167.91100001335144, 92857.17872878374, 103644.77117128069
167.92200016975403, 92857.17872878374, 103644.77117128069
167.93500018119812, 92857.17872878374, 103642.05352860203
169.73300004005432, 92857.17872878374, 103642.05352860203
169.74200010299683, 92857.17872878374, 103642.05352860203
169.75300002098083, 92857.17872878374, 103642.05352860203
169.7610001564026, 92857.17872878374, 103642.05352860203
169.76700019836426, 92857.17872878374, 103642.05352860203
169.77400016784668, 92857.17872878374, 103642.05352860203
169.78000020980835, 92857.17872878374, 103642.05352860203
169.78600001335144, 92857.17872878374, 103642.05352860203
169.79299998283386, 92857.17872878374, 103642.05352860203
169.80100011825562, 92857.17872878374, 103642.05352860203
169.81200003623962, 92857.17872878374, 103642.05352860203
169.82500004768372, 92857.17872878374, 103641.43879474618
171.6560001373291, 92857.17872878374, 103641.43879474618
171.6600000858307, 92857.17872878374, 103638.8314066797
171.6600000858307, 92857.17872878374, 103638.674217387
171.67900013923645, 92857.17872878374, 103634.3570268747
171.69500017166138, 92857.17872878374, 103634.10796674888
173.52100014686584, 92857.17872878374, 103633.48389021194
173.52700018882751, 92857.17872878374, 103631.61839441536
173.53600001335144, 92857.17872878374, 103629.13156992411
173.5420000553131, 92857.17872878374, 103629.13156992411
173.55000019073486, 92857.17872878374, 103629.13156992411
173.55700016021729, 92857.17872878374, 103629.13156992411
173.5640001296997, 92857.17872878374, 103627.24442404161
173.57200002670288, 92857.17872878374, 103627.0172628234
173.58200001716614, 92857.17872878374, 103626.82710744432
175.45000004768372, 92857.17872878374, 103626.82710744432
175.45800018310547, 92857.17872878374, 103626.82710744432
175.4720001220703, 92857.17872878374, 103626.82710744432
175.48400020599365, 92857.17872878374, 103626.82710744432
177.41400003433228, 92857.17872878374, 103615.79996314248
177.42600011825562, 92857.17872878374, 103614.64982104815
177.43600010871887, 92857.17872878374, 103614.64982104815
177.44200015068054, 92857.17872878374, 103613.7941645193
179.16400003433228, 92857.17872878374, 103607.08463506882
179.17400002479553, 92857.17872878374, 103607.08463506882
179.18099999427795, 92857.17872878374, 103607.08463506882
179.19000005722046, 92857.17872878374, 103607.08463506882
180.97800016403198, 92857.17872878374, 103604.90349523394
180.98100018501282, 92857.17872878374, 103604.90349523394
180.9980001449585, 92857.17872878374, 103604.90349523394
181.00600004196167, 92857.17872878374, 103604.90349523394
181.01700019836426, 92857.17872878374, 103604.90349523394
181.01700019836426, 92857.17872878374, 103604.90349523394
181.03400015830994, 92857.17872878374, 103604.90349523394
182.96800017356873, 92857.17872878374, 103600.7094528018
182.97699999809265, 92857.17872878374, 103600.7094528018
182.98400020599365, 92857.17872878374, 103600.7094528018
182.98400020599365, 92857.17872878374, 103599.84292982281
183.00100016593933, 92857.17872878374, 103599.84292982281
183.00100016593933, 92857.17872878374, 103599.84292982281
183.00100016593933, 92857.17872878374, 103599.84292982281
183.01700019836426, 92857.17872878374, 103599.84292982281
183.01700019836426, 92857.17872878374, 103599.84292982281
183.03400015830994, 92857.17872878374, 103599.84292982281
183.03400015830994, 92857.17872878374, 103599.84292982281
184.87400007247925, 92857.17872878374, 103593.40700854817
184.88100004196167, 92857.17872878374, 103593.40700854817
184.8880000114441, 92857.17872878374, 103593.40700854817
184.8880000114441, 92857.17872878374, 103593.40700854817
184.90300011634827, 92857.17872878374, 103593.40700854817
184.91600012779236, 92857.17872878374, 103593.40700854817
184.92300009727478, 92857.17872878374, 103593.40700854817
186.69200015068054, 92857.17872878374, 103593.40700854817
186.7110002040863, 92857.17872878374, 103593.40700854817
186.72300004959106, 92857.17872878374, 103593.40700854817
186.72500014305115, 92857.17872878374, 103593.40700854817
186.74200010299683, 92857.17872878374, 103593.40700854817
186.7480001449585, 92857.17872878374, 103593.40700854817
186.757000207901, 92857.17872878374, 103593.40700854817
186.75800013542175, 92857.17872878374, 103593.40700854817
186.77400016784668, 92857.17872878374, 103593.40700854817
186.7850000858307, 92857.17872878374, 103593.40700854817
186.79800009727478, 92857.17872878374, 103593.40700854817
186.81200003623962, 92857.17872878374, 103589.54747698398
186.82100009918213, 92857.17872878374, 103589.54747698398
186.83100008964539, 92857.17872878374, 103589.54747698398
188.71200013160706, 92857.17872878374, 103589.54747698398
188.71900010108948, 92857.17872878374, 103589.54747698398
188.72399997711182, 92857.17872878374, 103589.54747698398
188.73200011253357, 92857.17872878374, 103589.54747698398
188.74000000953674, 92857.17872878374, 103589.54747698398
188.74900007247925, 92857.17872878374, 103589.54747698398
188.75400018692017, 92857.17872878374, 103589.54747698398
188.76600003242493, 92857.17872878374, 103589.54747698398
188.7829999923706, 92857.17872878374, 103575.78906497601
188.79100012779236, 92857.17872878374, 103575.78906497601
188.79100012779236, 92857.17872878374, 103575.78906497601
188.80599999427795, 92857.17872878374, 103575.78906497601
188.81500005722046, 92857.17872878374, 103575.78906497601
188.83000016212463, 92857.17872878374, 103575.78906497601
190.63300013542175, 92857.17872878374, 103575.78906497601
190.64400005340576, 92857.17872878374, 103567.2690189688
190.65200018882751, 92857.17872878374, 103567.2690189688
190.6650002002716, 92857.17872878374, 103567.2690189688
190.6710000038147, 92857.17872878374, 103567.2690189688
190.68500018119812, 92857.17872878374, 103565.21240380732
190.6980001926422, 92857.17872878374, 103559.20236880066
192.59100008010864, 92857.17872878374, 103558.45413862141
192.60199999809265, 92857.17872878374, 103558.45413862141
192.60800004005432, 92857.17872878374, 103558.45413862141
192.61800003051758, 92857.17872878374, 103558.45413862141
192.61800003051758, 92857.17872878374, 103558.45413862141
194.44200015068054, 92857.17872878374, 103555.51349362021
194.44200015068054, 92857.17872878374, 103555.51349362021
194.46000003814697, 92857.17872878374, 103555.51349362021
194.46800017356873, 92857.17872878374, 103555.51349362021
194.4760000705719, 92857.17872878374, 103555.51349362021
194.47699999809265, 92857.17872878374, 103552.38555611752
196.28800010681152, 92857.17872878374, 103552.38555611752
196.30599999427795, 92857.17872878374, 103552.38555611752
196.31700015068054, 92857.17872878374, 103552.38555611752
196.3289999961853, 92857.17872878374, 103552.38555611752
196.33899998664856, 92857.17872878374, 103552.38555611752
196.33899998664856, 92857.17872878374, 103552.38555611752
196.35800004005432, 92857.17872878374, 103552.38555611752
196.36800003051758, 92857.17872878374, 103552.38555611752
196.37400007247925, 92857.17872878374, 103552.38555611752
196.37400007247925, 92857.17872878374, 103552.38555611752
196.39100003242493, 92857.17872878374, 103552.38555611752
196.39100003242493, 92857.17872878374, 103552.38555611752
198.3619999885559, 92857.17872878374, 103552.38555611752
198.37800002098083, 92857.17872878374, 103552.38555611752
198.37800002098083, 92857.17872878374, 103552.38555611752
198.39200019836426, 92857.17872878374, 103548.69386485634
198.3949999809265, 92857.17872878374, 103548.69386485634
198.3949999809265, 92857.17872878374, 103546.36660003284
198.41200017929077, 92857.17872878374, 103546.36660003284
200.4430000782013, 92857.17872878374, 103546.36660003284
200.45000004768372, 92857.17872878374, 103546.36660003284
200.46200013160706, 92857.17872878374, 103546.36660003284
200.47100019454956, 92857.17872878374, 103543.78385876502
200.47900009155273, 92857.17872878374, 103543.78385876502
200.4869999885559, 92857.17872878374, 103543.78385876502
200.49300003051758, 92857.17872878374, 103543.78385876502
200.50100016593933, 92857.17872878374, 103540.38191003833
200.507000207901, 92857.17872878374, 103540.38191003833
200.51600003242493, 92857.17872878374, 103539.73430021775
200.52100014686584, 92857.17872878374, 103539.73430021775
202.39800000190735, 92857.17872878374, 103539.73430021775
202.41100001335144, 92857.17872878374, 103539.73430021775
202.4170000553131, 92857.17872878374, 103539.73430021775
202.4280002117157, 92857.17872878374, 103539.73430021775
202.43200016021729, 92857.17872878374, 103539.73430021775
202.4430000782013, 92857.17872878374, 103539.73430021775
202.44900012016296, 92857.17872878374, 103539.73430021775
204.2590000629425, 92857.17872878374, 103535.65193291716
204.26500010490417, 92857.17872878374, 103535.65193291716
204.2699999809265, 92857.17872878374, 103535.65193291716
204.2699999809265, 92857.17872878374, 103535.65193291716
204.2850000858307, 92857.17872878374, 103535.65193291716
204.2850000858307, 92857.17872878374, 103535.65193291716
204.30200004577637, 92857.17872878374, 103535.65193291716
204.31900000572205, 92857.17872878374, 103535.65193291716
206.34300017356873, 92857.17872878374, 103535.65193291716
206.34400010108948, 92857.17872878374, 103535.65193291716
206.34400010108948, 92857.17872878374, 103535.65193291716
206.36700010299683, 92857.17872878374, 103535.65193291716
206.37900018692017, 92857.17872878374, 103535.65193291716
206.382000207901, 92857.17872878374, 103535.65193291716
206.39600014686584, 92857.17872878374, 103535.65193291716
206.39800000190735, 92857.17872878374, 103535.65193291716
206.39800000190735, 92857.17872878374, 103535.65193291716
208.35199999809265, 92857.17872878374, 103535.65193291716
208.35199999809265, 92857.17872878374, 103535.65193291716
208.3690001964569, 92857.17872878374, 103535.65193291716
208.3690001964569, 92857.17872878374, 103525.27969804955
208.38300013542175, 92857.17872878374, 103525.27969804955
208.3860001564026, 92857.17872878374, 103525.27969804955
208.3860001564026, 92857.17872878374, 103525.27969804955
208.40300011634827, 92857.17872878374, 103525.27969804955
208.40300011634827, 92857.17872878374, 103525.27969804955
208.42000007629395, 92857.17872878374, 103525.27969804955
210.37199997901917, 92857.17872878374, 103525.27969804955
210.38900017738342, 92857.17872878374, 103525.27969804955
210.38900017738342, 92857.17872878374, 103523.00123676893
210.40400004386902, 92857.17872878374, 103523.00123676893
210.4100000858307, 92857.17872878374, 103523.00123676893
210.4100000858307, 92857.17872878374, 103523.00123676893
210.42300009727478, 92857.17872878374, 103523.00123676893
210.42300009727478, 92857.17872878374, 103523.00123676893
210.44000005722046, 92857.17872878374, 103523.00123676893
212.46399998664856, 92857.17872878374, 103517.74502834033
212.47100019454956, 92857.17872878374, 103517.74502834033
212.4760000705719, 92857.17872878374, 103517.74502834033
212.4760000705719, 92857.17872878374, 103517.74502834033
212.4760000705719, 92857.17872878374, 103517.28055773693
212.4940001964569, 92857.17872878374, 103511.14367109713
212.4940001964569, 92857.17872878374, 103511.14367109713
212.50999999046326, 92857.17872878374, 103511.14367109713
212.50999999046326, 92857.17872878374, 103511.14367109713
212.52700018882751, 92857.17872878374, 103511.14367109713
212.52700018882751, 92857.17872878374, 103511.14367109713
212.5440001487732, 92857.17872878374, 103511.14367109713
214.4650001525879, 92857.17872878374, 103509.57015891201
214.47399997711182, 92857.17872878374, 103504.40868782866
214.47900009155273, 92857.17872878374, 103504.40868782866
214.48100018501282, 92857.17872878374, 103504.40868782866
214.48100018501282, 92857.17872878374, 103499.77456234077
216.42400002479553, 92857.17872878374, 103499.77456234077
216.43300008773804, 92857.17872878374, 103499.77456234077
216.4409999847412, 92857.17872878374, 103499.77456234077
216.45100021362305, 92857.17872878374, 103499.77456234077
216.45600008964539, 92857.17872878374, 103499.0191203062
216.46800017356873, 92857.17872878374, 103499.0191203062
216.47500014305115, 92857.17872878374, 103499.0191203062
216.48200011253357, 92857.17872878374, 103499.0191203062
216.48400020599365, 92857.17872878374, 103499.0191203062
216.48400020599365, 92857.17872878374, 103499.0191203062
216.50100016593933, 92857.17872878374, 103499.0191203062
216.50100016593933, 92857.17872878374, 103490.07093193513
218.63700008392334, 92857.17872878374, 103490.07093193513
218.64600014686584, 92857.17872878374, 103490.07093193513
218.65500020980835, 92857.17872878374, 103490.07093193513
218.6650002002716, 92857.17872878374, 103490.07093193513
218.67500019073486, 92857.17872878374, 103490.07093193513
218.68500018119812, 92857.17872878374, 103482.25478445979
218.6930000782013, 92857.17872878374, 103482.25478445979
220.6470000743866, 92857.17872878374, 103476.96380060486
220.65900015830994, 92857.17872878374, 103476.96380060486
220.67300009727478, 92857.17872878374, 103476.96380060486
220.67900013923645, 92857.17872878374, 103474.87996843051
220.68800020217896, 92857.17872878374, 103467.84365661342
220.70000004768372, 92857.17872878374, 103467.84365661342
222.69900012016296, 92857.17872878374, 103467.84365661342
222.70700001716614, 92857.17872878374, 103467.84365661342
222.7150001525879, 92857.17872878374, 103467.84365661342
222.72300004959106, 92857.17872878374, 103467.80863827515
222.739000082016, 92857.17872878374, 103464.47574373726
224.88300013542175, 92857.17872878374, 103464.47574373726
224.90000009536743, 92857.17872878374, 103464.47574373726
224.9079999923706, 92857.17872878374, 103464.47574373726
224.9150002002716, 92857.17872878374, 103464.47574373726
224.92300009727478, 92857.17872878374, 103464.47574373726
224.92900013923645, 92857.17872878374, 103464.47574373726
224.9340000152588, 92857.17872878374, 103462.32710688903
224.9340000152588, 92857.17872878374, 103462.32710688903
224.95100021362305, 92857.17872878374, 103462.32710688903
224.9650001525879, 92857.17872878374, 103455.88773618321
226.989000082016, 92857.17872878374, 103455.88773618321
227.00600004196167, 92857.17872878374, 103455.88773618321
227.00600004196167, 92857.17872878374, 103455.88773618321
227.02400016784668, 92857.17872878374, 103455.88773618321
227.0329999923706, 92857.17872878374, 103455.88773618321
227.04100012779236, 92857.17872878374, 103455.88773618321
227.04500007629395, 92857.17872878374, 103455.88773618321
227.0590000152588, 92857.17872878374, 103455.88773618321
227.0590000152588, 92857.17872878374, 103455.88773618321
227.07600021362305, 92857.17872878374, 103444.34087128141
229.13000011444092, 92857.17872878374, 103444.34087128141
229.13700008392334, 92857.17872878374, 103444.34087128141
229.14600014686584, 92857.17872878374, 103444.34087128141
229.15300011634827, 92857.17872878374, 103442.2946841101
229.15300011634827, 92857.17872878374, 103442.2946841101
229.16300010681152, 92857.17872878374, 103442.2946841101
229.1690001487732, 92857.17872878374, 103441.84487052445
229.18500018119812, 92857.17872878374, 103441.78761071358
229.18500018119812, 92857.17872878374, 103441.78761071358
231.4060001373291, 92857.17872878374, 103441.78761071358
231.41400003433228, 92857.17872878374, 103441.78761071358
231.42300009727478, 92857.17872878374, 103441.78761071358
231.43300008773804, 92857.17872878374, 103441.78761071358
231.44200015068054, 92857.17872878374, 103441.78761071358
233.56500005722046, 92857.17872878374, 103441.78761071358
233.58200001716614, 92857.17872878374, 103438.30759886449
233.58200001716614, 92857.17872878374, 103427.36584364825
235.53400015830994, 92857.17872878374, 103427.36584364825
235.55400013923645, 92857.17872878374, 103427.36584364825
235.5640001296997, 92857.17872878374, 103427.36584364825
237.6909999847412, 92857.17872878374, 103427.36584364825
237.70000004768372, 92857.17872878374, 103427.36584364825
237.70000004768372, 92857.17872878374, 103427.36584364825
237.7130000591278, 92857.17872878374, 103427.36584364825
237.7150001525879, 92857.17872878374, 103427.36584364825
237.7150001525879, 92857.17872878374, 103427.36584364825
237.73100018501282, 92857.17872878374, 103412.97922216664
237.73100018501282, 92857.17872878374, 103410.46723198394
239.82400012016296, 92857.17872878374, 103410.46723198394
239.83200001716614, 92857.17872878374, 103410.46723198394
239.83700013160706, 92857.17872878374, 103410.46723198394
239.83700013160706, 92857.17872878374, 103410.46723198394
239.85600018501282, 92857.17872878374, 103410.46723198394
239.864000082016, 92857.17872878374, 103410.46723198394
239.8710000514984, 92857.17872878374, 103410.46723198394
239.87900018692017, 92857.17872878374, 103410.46723198394
242.05400013923645, 92857.17872878374, 103410.46723198394
242.05800008773804, 92857.17872878374, 103403.79347771525
242.07800006866455, 92857.17872878374, 103403.79347771525
242.08300018310547, 92857.17872878374, 103403.79347771525
242.10300016403198, 92857.17872878374, 103403.79347771525
242.11100006103516, 92857.17872878374, 103403.79347771525
242.12800002098083, 92857.17872878374, 103403.79347771525
242.12800002098083, 92857.17872878374, 103397.638298712
244.42300009727478, 92857.17872878374, 103397.638298712
244.4340000152588, 92857.17872878374, 103397.638298712
244.44000005722046, 92857.17872878374, 103397.638298712
244.44000005722046, 92857.17872878374, 103397.638298712
244.45000004768372, 92857.17872878374, 103397.638298712
244.45700001716614, 92857.17872878374, 103397.638298712
244.47500014305115, 92857.17872878374, 103391.01297175087
246.51600003242493, 92857.17872878374, 103391.01297175087
246.53200006484985, 92857.17872878374, 103391.01297175087
246.5420000553131, 92857.17872878374, 103391.01297175087
246.5530002117157, 92857.17872878374, 103391.01297175087
246.5530002117157, 92857.17872878374, 103391.01297175087
248.7720000743866, 92857.17872878374, 103391.01297175087
248.77700018882751, 92857.17872878374, 103391.01297175087
248.78800010681152, 92857.17872878374, 103391.01297175087
248.7940001487732, 92857.17872878374, 103391.01297175087
248.80400013923645, 92857.17872878374, 103391.01297175087
248.80599999427795, 92857.17872878374, 103391.01297175087
248.81900000572205, 92857.17872878374, 103391.01297175087
248.82800006866455, 92857.17872878374, 103391.01297175087
248.83700013160706, 92857.17872878374, 103391.01297175087
250.83300018310547, 92857.17872878374, 103378.64389784193
250.8420000076294, 92857.17872878374, 103378.64389784193
250.8510000705719, 92857.17872878374, 103378.64389784193
250.85800004005432, 92857.17872878374, 103378.64389784193
250.86600017547607, 92857.17872878374, 103378.64389784193
250.8710000514984, 92857.17872878374, 103378.64389784193
250.88700008392334, 92857.17872878374, 103378.64389784193
250.89000010490417, 92857.17872878374, 103378.64389784193
250.89000010490417, 92857.17872878374, 103378.64389784193
250.90500020980835, 92857.17872878374, 103376.3927523876
250.90500020980835, 92857.17872878374, 103376.3927523876
253.02700018882751, 92857.17872878374, 103376.3927523876
253.02700018882751, 92857.17872878374, 103376.3927523876
253.0440001487732, 92857.17872878374, 103376.3927523876
253.05599999427795, 92857.17872878374, 103376.3927523876
253.06100010871887, 92857.17872878374, 103366.25571726507
253.0730001926422, 92857.17872878374, 103366.25571726507
253.0880000591278, 92857.17872878374, 103358.53081754937
255.09899997711182, 92857.17872878374, 103357.53630510825
255.11300015449524, 92857.17872878374, 103357.53630510825
255.1190001964569, 92857.17872878374, 103357.53630510825
255.1190001964569, 92857.17872878374, 103357.53630510825
255.1360001564026, 92857.17872878374, 103357.53630510825
255.1360001564026, 92857.17872878374, 103357.53630510825
255.15200018882751, 92857.17872878374, 103357.53630510825
255.15200018882751, 92857.17872878374, 103357.53630510825
255.1670000553131, 92857.17872878374, 103357.53630510825
255.1670000553131, 92857.17872878374, 103355.93918197473
255.1840000152588, 92857.17872878374, 103354.0498302831
257.375, 92857.17872878374, 103354.0498302831
257.38300013542175, 92857.17872878374, 103354.0498302831
257.3890001773834, 92857.17872878374, 103354.0498302831
257.39600014686584, 92857.17872878374, 103351.82832483039
257.4020001888275, 92857.17872878374, 103351.82832483039
257.41100001335144, 92857.17872878374, 103348.84544164999
259.5640001296997, 92857.17872878374, 103348.84544164999
259.5640001296997, 92857.17872878374, 103348.84544164999
259.5770001411438, 92857.17872878374, 103348.84544164999
259.58700013160706, 92857.17872878374, 103348.84544164999
259.5930001735687, 92857.17872878374, 103348.84544164999
259.60000014305115, 92857.17872878374, 103348.84544164999
259.60000014305115, 92857.17872878374, 103348.84544164999
259.6160001754761, 92857.17872878374, 103348.84544164999
261.75600004196167, 92857.17872878374, 103348.84544164999
261.768000125885, 92857.17872878374, 103348.84544164999
261.779000043869, 92857.17872878374, 103344.44950945902
261.7900002002716, 92857.17872878374, 103344.44950945902
261.80200004577637, 92857.17872878374, 103341.83768071716
261.8100001811981, 92857.17872878374, 103341.83768071716
261.8200001716614, 92857.17872878374, 103341.83768071716
261.8310000896454, 92857.17872878374, 103339.35212386578
261.8380000591278, 92857.17872878374, 103339.35212386578
261.8440001010895, 92857.17872878374, 103339.35212386578
264.0020000934601, 92857.17872878374, 103338.10028628341
264.00999999046326, 92857.17872878374, 103338.10028628341
264.0140001773834, 92857.17872878374, 103338.10028628341
264.02100014686584, 92857.17872878374, 103338.10028628341
264.0270001888275, 92857.17872878374, 103338.10028628341
264.03400015830994, 92857.17872878374, 103333.70120305414
264.0440001487732, 92857.17872878374, 103333.70120305414
264.05200004577637, 92857.17872878374, 103333.70120305414
266.2170000076294, 92857.17872878374, 103333.70120305414
266.22500014305115, 92857.17872878374, 103333.70120305414
266.23400020599365, 92857.17872878374, 103333.70120305414
266.2369999885559, 92857.17872878374, 103326.10282926359
266.2480001449585, 92857.17872878374, 103326.10282926359
266.25300002098083, 92857.17872878374, 103326.10282926359
266.2650001049042, 92857.17872878374, 103321.7043764141
266.26700019836426, 92857.17872878374, 103318.91868421166
268.3890001773834, 92857.17872878374, 103318.91868421166
268.3890001773834, 92857.17872878374, 103318.91868421166
268.404000043869, 92857.17872878374, 103318.91868421166
268.4140000343323, 92857.17872878374, 103318.67061148812
268.42700004577637, 92857.17872878374, 103318.67061148812
270.5130000114441, 92857.17872878374, 103318.67061148812
270.52500009536743, 92857.17872878374, 103318.67061148812
270.5350000858307, 92857.17872878374, 103318.67061148812
270.54500007629395, 92857.17872878374, 103318.67061148812
270.55200004577637, 92857.17872878374, 103318.67061148812
270.56500005722046, 92857.17872878374, 103318.67061148812
270.5789999961853, 92857.17872878374, 103318.67061148812
270.58700013160706, 92857.17872878374, 103318.67061148812
270.59500002861023, 92857.17872878374, 103318.67061148812
270.603000164032, 92857.17872878374, 103318.67061148812
270.603000164032, 92857.17872878374, 103318.67061148812
270.603000164032, 92857.17872878374, 103318.67061148812
270.62000012397766, 92857.17872878374, 103318.67061148812
270.6360001564026, 92857.17872878374, 103318.67061148812
270.64200019836426, 92857.17872878374, 103312.83333002521
270.6560001373291, 92857.17872878374, 103312.83333002521
272.83300018310547, 92857.17872878374, 103309.63631915905
272.8360002040863, 92857.17872878374, 103309.63631915905
272.85000014305115, 92857.17872878374, 103309.63631915905
272.85700011253357, 92857.17872878374, 103309.63631915905
272.864000082016, 92857.17872878374, 103309.63631915905
272.8660001754761, 92857.17872878374, 103307.12033203045
272.8660001754761, 92857.17872878374, 103307.12033203045
272.882000207901, 92857.17872878374, 103307.12033203045
272.882000207901, 92857.17872878374, 103304.283201231
274.835000038147, 92857.17872878374, 103297.93668337761
274.8510000705719, 92857.17872878374, 103297.93668337761
274.8510000705719, 92857.17872878374, 103297.93668337761
274.8680000305176, 92857.17872878374, 103293.14003024553
277.02300000190735, 92857.17872878374, 103289.34773287053
277.04100012779236, 92857.17872878374, 103289.08558279346
277.04100012779236, 92857.17872878374, 103289.08558279346
277.0570001602173, 92857.17872878374, 103289.08558279346
279.364000082016, 92857.17872878374, 103283.704223461
279.3660001754761, 92857.17872878374, 103283.62462453991
279.3660001754761, 92857.17872878374, 103283.62462453991
279.38300013542175, 92857.17872878374, 103282.45690183004
279.3949999809265, 92857.17872878374, 103281.07718493794
279.40000009536743, 92857.17872878374, 103281.07718493794
281.48800015449524, 92857.17872878374, 103281.07718493794
281.50800013542175, 92857.17872878374, 103281.07718493794
281.5140001773834, 92857.17872878374, 103278.36222816777
281.52500009536743, 92857.17872878374, 103276.05315375332
281.52500009536743, 92857.17872878374, 103276.05315375332
281.54100012779236, 92857.17872878374, 103275.74318714994
281.5420000553131, 92857.17872878374, 103275.74318714994
283.7420001029968, 92857.17872878374, 103271.90806074577
283.7550001144409, 92857.17872878374, 103271.90806074577
283.7550001144409, 92857.17872878374, 103270.3697013585
283.7699999809265, 92857.17872878374, 103270.3697013585
283.78000020980835, 92857.17872878374, 103266.6377129222
285.8949999809265, 92857.17872878374, 103266.6377129222
285.90900015830994, 92857.17872878374, 103264.24850629998
285.9140000343323, 92857.17872878374, 103264.24850629998
285.92900013923645, 92857.17872878374, 103263.49447472791
288.33300018310547, 92857.17872878374, 103262.53956624246
288.3489999771118, 92857.17872878374, 103262.10942592744
288.3489999771118, 92857.17872878374, 103262.10942592744
288.36300015449524, 92857.17872878374, 103262.10942592744
290.63700008392334, 92857.17872878374, 103257.9272688635
290.65700006484985, 92857.17872878374, 103254.02974391452
290.67000007629395, 92857.17872878374, 103253.71137032559
290.68099999427795, 92857.17872878374, 103252.92793497504
290.6840000152588, 92857.17872878374, 103252.92793497504
290.69900012016296, 92857.17872878374, 103252.92793497504
290.7180001735687, 92857.17872878374, 103250.44308262
292.9260001182556, 92857.17872878374, 103249.52046259245
292.9360001087189, 92857.17872878374, 103249.52046259245
292.9430000782013, 92857.17872878374, 103246.8229583204
295.17000007629395, 92857.17872878374, 103240.80034092785
295.1780002117157, 92857.17872878374, 103240.80034092785
295.18800020217896, 92857.17872878374, 103240.80034092785
295.19600009918213, 92857.17872878374, 103240.12503854588
295.19600009918213, 92857.17872878374, 103240.12503854588
295.2090001106262, 92857.17872878374, 103240.12503854588
295.2090001106262, 92857.17872878374, 103240.12503854588
295.2239999771118, 92857.17872878374, 103240.12503854588
295.2260000705719, 92857.17872878374, 103240.12503854588
295.2410001754761, 92857.17872878374, 103240.12503854588
295.2410001754761, 92857.17872878374, 103240.12503854588
295.25999999046326, 92857.17872878374, 103236.54429253854
297.4650001525879, 92857.17872878374, 103234.54672341279
297.4720001220703, 92857.17872878374, 103234.54672341279
297.47900009155273, 92857.17872878374, 103234.54672341279
297.4869999885559, 92857.17872878374, 103234.54672341279
297.4869999885559, 92857.17872878374, 103234.54672341279
297.50100016593933, 92857.17872878374, 103228.81651877407
297.50300002098083, 92857.17872878374, 103228.81651877407
297.518000125885, 92857.17872878374, 103228.81651877407
297.51900005340576, 92857.17872878374, 103227.62451665991
297.53700017929077, 92857.17872878374, 103227.62451665991
299.71399998664856, 92857.17872878374, 103227.62451665991
299.7239999771118, 92857.17872878374, 103225.14919151533
299.73200011253357, 92857.17872878374, 103225.14919151533
299.7369999885559, 92857.17872878374, 103225.14919151533
299.7369999885559, 92857.17872878374, 103225.14919151533
299.75100016593933, 92857.17872878374, 103225.14919151533
299.757000207901, 92857.17872878374, 103225.14919151533
301.8860001564026, 92857.17872878374, 103225.14919151533
301.90300011634827, 92857.17872878374, 103225.14919151533
301.90300011634827, 92857.17872878374, 103225.14919151533
301.9210000038147, 92857.17872878374, 103225.14919151533
304.1060001850128, 92857.17872878374, 103217.63818868183
304.11300015449524, 92857.17872878374, 103217.63818868183
304.11300015449524, 92857.17872878374, 103217.63818868183
304.12800002098083, 92857.17872878374, 103212.27679548811
304.12900018692017, 92857.17872878374, 103212.08709447442
304.12900018692017, 92857.17872878374, 103212.08709447442
304.14600014686584, 92857.17872878374, 103212.08709447442
304.14600014686584, 92857.17872878374, 103212.08709447442
304.14600014686584, 92857.17872878374, 103209.9563052289
306.4340000152588, 92857.17872878374, 103207.89327892827
306.44400000572205, 92857.17872878374, 103207.89327892827
306.45100021362305, 92857.17872878374, 103207.89327892827
306.46399998664856, 92857.17872878374, 103207.89327892827
306.4760000705719, 92857.17872878374, 103207.89327892827
306.48600006103516, 92857.17872878374, 103206.589201292
306.4960000514984, 92857.17872878374, 103206.589201292
306.49900007247925, 92857.17872878374, 103206.589201292
306.5150001049042, 92857.17872878374, 103206.589201292
306.5150001049042, 92857.17872878374, 103206.589201292
308.74000000953674, 92857.17872878374, 103201.30993220398
308.7610001564026, 92857.17872878374, 103199.6783373129
308.76900005340576, 92857.17872878374, 103199.6783373129
308.77800011634827, 92857.17872878374, 103197.84672834208
310.96399998664856, 92857.17872878374, 103196.94360339995
310.9739999771118, 92857.17872878374, 103196.94360339995
310.9830000400543, 92857.17872878374, 103196.94360339995
311.00100016593933, 92857.17872878374, 103196.94360339995
311.007000207901, 92857.17872878374, 103196.82267228287
313.4300000667572, 92857.17872878374, 103196.82267228287
313.44200015068054, 92857.17872878374, 103191.06539313565
313.4470000267029, 92857.17872878374, 103189.07410590218
315.6650002002716, 92857.17872878374, 103189.07410590218
315.68300008773804, 92857.17872878374, 103189.07410590218
315.69400000572205, 92857.17872878374, 103189.07410590218
315.69400000572205, 92857.17872878374, 103189.07410590218
315.7090001106262, 92857.17872878374, 103188.7236688553
315.7090001106262, 92857.17872878374, 103188.7236688553
315.7260000705719, 92857.17872878374, 103188.7236688553
315.7260000705719, 92857.17872878374, 103188.7236688553
315.7550001144409, 92857.17872878374, 103186.8545295394
315.7610001564026, 92857.17872878374, 103186.8545295394
318.0590000152588, 92857.17872878374, 103186.8545295394
318.06700015068054, 92857.17872878374, 103186.8545295394
318.07400012016296, 92857.17872878374, 103179.69407822199
318.08200001716614, 92857.17872878374, 103179.69407822199
318.0930001735687, 92857.17872878374, 103179.69407822199
318.10400009155273, 92857.17872878374, 103179.69407822199
318.1119999885559, 92857.17872878374, 103176.3418242839
318.12000012397766, 92857.17872878374, 103176.3418242839
320.31500005722046, 92857.17872878374, 103175.92959922049
320.3270001411438, 92857.17872878374, 103173.62522909715
320.3340001106262, 92857.17872878374, 103170.4128662548
320.3420000076294, 92857.17872878374, 103169.15387718892
320.3489999771118, 92857.17872878374, 103169.15387718892
322.7020001411438, 92857.17872878374, 103169.15387718892
322.7039999961853, 92857.17872878374, 103169.15387718892
322.7039999961853, 92857.17872878374, 103169.15387718892
322.72100019454956, 92857.17872878374, 103169.15387718892
322.72100019454956, 92857.17872878374, 103169.15387718892
322.7350001335144, 92857.17872878374, 103169.15387718892
322.73800015449524, 92857.17872878374, 103169.15387718892
322.75, 92857.17872878374, 103169.15387718892
322.7550001144409, 92857.17872878374, 103169.15387718892
322.7650001049042, 92857.17872878374, 103169.15387718892
322.7720000743866, 92857.17872878374, 103169.15387718892
325.1340000629425, 92857.17872878374, 103169.15387718892
325.14400005340576, 92857.17872878374, 103163.83108428212
325.15500020980835, 92857.17872878374, 103163.83108428212
325.1650002002716, 92857.17872878374, 103160.42466705648
325.172000169754, 92857.17872878374, 103160.42466705648
327.58300018310547, 92857.17872878374, 103158.64322135286
327.5930001735687, 92857.17872878374, 103158.64322135286
327.6010000705719, 92857.17872878374, 103158.64322135286
327.61100006103516, 92857.17872878374, 103157.2268022214
327.62000012397766, 92857.17872878374, 103154.43697272014
327.63100004196167, 92857.17872878374, 103153.51245716207
327.63700008392334, 92857.17872878374, 103153.51245716207
329.85900020599365, 92857.17872878374, 103153.51245716207
329.85900020599365, 92857.17872878374, 103153.51245716207
329.87600016593933, 92857.17872878374, 103148.07046964056
329.87600016593933, 92857.17872878374, 103148.07046964056
329.8900001049042, 92857.17872878374, 103148.07046964056
332.11300015449524, 92857.17872878374, 103148.07046964056
332.1210000514984, 92857.17872878374, 103148.07046964056
332.1340000629425, 92857.17872878374, 103140.92687391757
332.143000125885, 92857.17872878374, 103140.35755105995
332.15000009536743, 92857.17872878374, 103140.35755105995
332.15900015830994, 92857.17872878374, 103140.35755105995
334.4830000400543, 92857.17872878374, 103138.95096215566
334.48800015449524, 92857.17872878374, 103138.95096215566
334.48800015449524, 92857.17872878374, 103138.95096215566
334.50300002098083, 92857.17872878374, 103135.50609519042
334.50300002098083, 92857.17872878374, 103135.50609519042
334.5199999809265, 92857.17872878374, 103135.50609519042
334.5199999809265, 92857.17872878374, 103135.50609519042
334.5199999809265, 92857.17872878374, 103135.50609519042
334.53700017929077, 92857.17872878374, 103135.50609519042
336.9470000267029, 92857.17872878374, 103135.50609519042
336.95700001716614, 92857.17872878374, 103135.50609519042
336.9650001525879, 92857.17872878374, 103135.50609519042
336.97500014305115, 92857.17872878374, 103135.50609519042
336.98600006103516, 92857.17872878374, 103135.50609519042
336.98600006103516, 92857.17872878374, 103135.50609519042
337.0020000934601, 92857.17872878374, 103126.22910522281
339.25, 92857.17872878374, 103124.86653974878
339.2660000324249, 92857.17872878374, 103124.86653974878
339.2660000324249, 92857.17872878374, 103124.86653974878
339.2770001888275, 92857.17872878374, 103124.86653974878
339.28200006484985, 92857.17872878374, 103123.47381778782
341.53400015830994, 92857.17872878374, 103123.47381778782
341.547000169754, 92857.17872878374, 103121.76633955014
341.5550000667572, 92857.17872878374, 103121.76633955014
341.5680000782013, 92857.17872878374, 103121.17615978941
341.5789999961853, 92857.17872878374, 103121.17615978941
341.58700013160706, 92857.17872878374, 103121.17615978941
343.9800000190735, 92857.17872878374, 103121.17615978941
343.99500012397766, 92857.17872878374, 103121.17615978941
344.0, 92857.17872878374, 103121.17615978941
344.00800013542175, 92857.17872878374, 103121.17615978941
344.0150001049042, 92857.17872878374, 103118.51661094058
344.02300000190735, 92857.17872878374, 103118.51661094058
344.03000020980835, 92865.29738280218, 103118.51661094058
346.4390001296997, 92865.29738280218, 103114.59451649955
346.45100021362305, 92865.29738280218, 103114.59451649955
348.83200001716614, 92865.29738280218, 103114.59451649955
348.83899998664856, 92865.29738280218, 103114.59451649955
348.84600019454956, 92865.29738280218, 103114.59451649955
348.84600019454956, 92865.29738280218, 103114.59451649955
348.84600019454956, 92865.29738280218, 103114.59451649955
348.86300015449524, 92865.29738280218, 103114.59451649955
348.86300015449524, 92865.29738280218, 103114.59451649955
348.8800001144409, 92865.29738280218, 103114.59451649955
351.3159999847412, 92865.29738280218, 103114.59451649955
351.3250000476837, 92865.29738280218, 103114.59451649955
351.33700013160706, 92865.29738280218, 103114.59451649955
351.34600019454956, 92865.29738280218, 103114.59451649955
351.353000164032, 92865.29738280218, 103114.59451649955
351.36100006103516, 92865.29738280218, 103107.11143235536
351.36100006103516, 92865.29738280218, 103107.11143235536
351.37800002098083, 92887.71972191992, 103105.37982156947
353.92900013923645, 92887.71972191992, 103105.37982156947
353.92900013923645, 92887.71972191992, 103105.37982156947
353.94600009918213, 92887.71972191992, 103105.37982156947
353.94600009918213, 92887.71972191992, 103105.37982156947
353.9610002040863, 92887.71972191992, 103105.37982156947
353.9670000076294, 92887.71972191992, 103105.37982156947
353.9739999771118, 92887.71972191992, 103105.37982156947
353.9810001850128, 92887.71972191992, 103105.37982156947
353.9810001850128, 92887.71972191992, 103105.37982156947
353.99699997901917, 92887.71972191992, 103098.82010245475
356.7110002040863, 92887.71972191992, 103098.82010245475
356.7220001220703, 92887.71972191992, 103098.82010245475
356.728000164032, 92887.71972191992, 103098.82010245475
356.739000082016, 92887.71972191992, 103098.82010245475
356.75300002098083, 92887.71972191992, 103098.82010245475
356.75999999046326, 92887.71972191992, 103098.82010245475
359.40900015830994, 92887.71972191992, 103098.82010245475
359.422000169754, 92887.71972191992, 103098.82010245475
359.4260001182556, 92887.71972191992, 103098.82010245475
359.44200015068054, 92887.71972191992, 103098.82010245475
359.4539999961853, 92887.71972191992, 103098.82010245475
361.8910000324249, 92887.71972191992, 103098.82010245475
361.9079999923706, 92887.71972191992, 103098.82010245475
364.6060001850128, 92887.71972191992, 103093.81384426456
364.6060001850128, 92887.71972191992, 103091.73517986013
364.6230001449585, 92887.71972191992, 103091.73517986013
364.6360001564026, 92887.71972191992, 103091.73517986013
364.6510000228882, 92887.71972191992, 103091.02894602872
364.6560001373291, 92887.71972191992, 103091.02894602872
367.0460000038147, 92887.71972191992, 103091.02894602872
367.05599999427795, 92887.71972191992, 103091.02894602872
367.0659999847412, 92887.71972191992, 103091.02894602872
367.0720000267029, 92887.71972191992, 103091.02894602872
367.08200001716614, 92887.71972191992, 103091.02894602872
367.0940001010895, 92887.71972191992, 103091.02894602872
367.10000014305115, 92887.71972191992, 103091.02894602872
369.5, 92887.71972191992, 103091.02894602872
369.52100014686584, 92887.71972191992, 103091.02894602872
369.52100014686584, 92887.71972191992, 103091.02894602872
369.53600001335144, 92887.71972191992, 103091.02894602872
369.5420000553131, 92887.71972191992, 103091.02894602872
369.55000019073486, 92887.71972191992, 103091.02894602872
369.5570001602173, 92887.71972191992, 103091.02894602872
369.56300020217896, 92887.71972191992, 103091.02894602872
369.5680000782013, 92887.71972191992, 103083.85723779815
372.1360001564026, 92887.71972191992, 103083.85723779815
372.14800000190735, 92887.71972191992, 103083.85723779815
372.15700006484985, 92887.71972191992, 103075.15465565474
372.16600012779236, 92887.71972191992, 103075.15465565474
372.1710000038147, 92887.71972191992, 103073.85990169155
372.1870000362396, 92887.71972191992, 103073.85990169155
372.18800020217896, 92887.71972191992, 103073.85990169155
374.6400001049042, 92887.71972191992, 103072.73024979694
374.6400001049042, 92887.71972191992, 103072.73024979694
374.6560001373291, 92887.71972191992, 103071.23323822982
374.6560001373291, 92887.71972191992, 103071.23323822982
374.67000007629395, 92887.71972191992, 103071.23323822982
374.67500019073486, 92887.71972191992, 103071.23323822982
374.68300008773804, 92887.71972191992, 103071.23323822982
374.69000005722046, 92887.71972191992, 103071.23323822982
374.69600009918213, 92887.71972191992, 103071.23323822982
374.70300006866455, 92887.71972191992, 103071.23323822982
374.7110002040863, 92887.71972191992, 103071.23323822982
374.7190001010895, 92887.71972191992, 103071.23323822982
374.7260000705719, 92887.71972191992, 103071.23323822982
374.7350001335144, 92887.71972191992, 103071.23323822982
377.31500005722046, 92887.71972191992, 103071.23323822982
377.3230001926422, 92887.71972191992, 103071.23323822982
377.33000016212463, 92887.71972191992, 103071.23323822982
377.3380000591278, 92887.71972191992, 103071.23323822982
377.34800004959106, 92887.71972191992, 103067.32556317859
377.35199999809265, 92887.71972191992, 103067.32556317859
379.9360001087189, 92887.71972191992, 103067.32556317859
379.94400000572205, 92887.71972191992, 103067.32556317859
379.9500000476837, 92887.71972191992, 103067.32556317859
379.9560000896454, 92887.71972191992, 103067.32556317859
379.96200013160706, 92887.71972191992, 103067.32556317859
379.97000002861023, 92887.71972191992, 103067.32556317859
379.97300004959106, 92887.71972191992, 103067.32556317859
379.989000082016, 92887.71972191992, 103067.32556317859
379.989000082016, 92887.71972191992, 103067.32556317859
380.00600004196167, 92887.71972191992, 103067.32556317859
380.00600004196167, 92887.71972191992, 103067.32556317859
382.4739999771118, 92887.71972191992, 103061.02829085033
382.48600006103516, 92887.71972191992, 103061.02829085033
382.4930000305176, 92887.71972191992, 103061.02829085033
382.4930000305176, 92887.71972191992, 103061.02829085033
382.50600004196167, 92887.71972191992, 103061.02829085033
382.52300000190735, 92887.71972191992, 103057.97690081934
382.52500009536743, 92887.71972191992, 103057.97690081934
382.5440001487732, 92887.71972191992, 103057.97690081934
382.55400013923645, 92887.71972191992, 103057.97690081934
382.56700015068054, 92887.71972191992, 103055.53441156783
382.57400012016296, 92887.71972191992, 103055.10659167405
382.58899998664856, 92887.71972191992, 103055.10659167405
382.59800004959106, 92887.71972191992, 103055.10659167405
385.1640000343323, 92887.71972191992, 103052.6523003108
385.16600012779236, 92887.71972191992, 103052.6523003108
388.0270001888275, 92887.71972191992, 103051.45805023205
388.0400002002716, 92887.71972191992, 103051.45805023205
388.0510001182556, 92887.71972191992, 103051.45805023205
388.0610001087189, 92887.71972191992, 103051.45805023205
388.07100009918213, 92887.71972191992, 103051.45805023205
388.08000016212463, 92887.71972191992, 103051.45805023205
388.09100008010864, 92887.71972191992, 103051.45805023205
388.09800004959106, 92887.71972191992, 103051.45805023205
388.1050000190735, 92887.71972191992, 103051.45805023205
388.11100006103516, 92887.71972191992, 103051.45805023205
388.1180000305176, 92887.71972191992, 103051.45805023205
388.12800002098083, 92887.71972191992, 103051.45805023205
390.6470000743866, 92887.71972191992, 103043.078354557
390.6640000343323, 92887.71972191992, 103043.078354557
390.6760001182556, 92887.71972191992, 103043.078354557
390.6760001182556, 92887.71972191992, 103043.078354557
390.6930000782013, 92887.71972191992, 103043.078354557
390.6930000782013, 92887.71972191992, 103043.078354557
390.70800018310547, 92887.71972191992, 103043.078354557
390.70800018310547, 92887.71972191992, 103043.078354557
390.7260000705719, 92887.71972191992, 103043.078354557
390.7420001029968, 92887.71972191992, 103043.078354557
393.53200006484985, 92887.71972191992, 103043.078354557
393.53200006484985, 92887.71972191992, 103043.078354557
393.54900002479553, 92887.71972191992, 103043.078354557
393.5600001811981, 92887.71972191992, 103043.078354557
393.56500005722046, 92887.71972191992, 103043.078354557
393.56500005722046, 92887.71972191992, 103043.078354557
393.58200001716614, 92887.71972191992, 103043.078354557
396.2130000591278, 92887.71972191992, 103028.75046460459
396.22100019454956, 92887.71972191992, 103027.78426099225
396.23400020599365, 92887.71972191992, 103027.78426099225
396.23600006103516, 92887.71972191992, 103026.51478369959
396.2520000934601, 92887.71972191992, 103026.51478369959
396.26700019836426, 92887.71972191992, 103026.51478369959
396.26700019836426, 92887.71972191992, 103022.41491679312
399.0310001373291, 92887.71972191992, 103022.41491679312
399.0310001373291, 92887.71972191992, 103022.41491679312
399.047000169754, 92887.71972191992, 103022.41491679312
399.047000169754, 92887.71972191992, 103022.41491679312
399.047000169754, 92887.71972191992, 103022.41491679312
399.0640001296997, 92887.71972191992, 103022.41491679312
399.0640001296997, 92887.71972191992, 103022.41491679312
401.4260001182556, 92887.71972191992, 103016.46393257694
401.44000005722046, 92887.71972191992, 103016.46393257694
401.44400000572205, 92887.71972191992, 103016.46393257694
401.4630000591278, 92887.71972191992, 103010.36167342584
404.0140001773834, 92887.71972191992, 103010.36167342584
404.0260000228882, 92887.71972191992, 103009.62071714517
404.0329999923706, 92887.71972191992, 103009.62071714517
404.0420000553131, 92887.71972191992, 103009.62071714517
404.05000019073486, 92887.71972191992, 103009.62071714517
404.06300020217896, 92887.71972191992, 103009.62071714517
406.65300011634827, 92887.71972191992, 103009.62071714517
406.6630001068115, 92887.71972191992, 103009.62071714517
406.6730000972748, 92887.71972191992, 103009.62071714517
406.6820001602173, 92887.71972191992, 103009.62071714517
406.6890001296997, 92887.71972191992, 103009.62071714517
406.69900012016296, 92887.71972191992, 103009.62071714517
409.28000020980835, 92887.71972191992, 103004.223552375
409.2880001068115, 92887.71972191992, 103004.223552375
409.2960000038147, 92887.71972191992, 103004.223552375
409.30200004577637, 92887.71972191992, 103004.223552375
409.3100001811981, 92887.71972191992, 103004.223552375
409.31700015068054, 92887.71972191992, 103004.223552375
409.3270001411438, 92887.71972191992, 103004.223552375
409.3340001106262, 92887.71972191992, 103004.223552375
411.8030002117157, 92887.71972191992, 102999.88859775789
411.81500005722046, 92887.71972191992, 102999.88859775789
411.8310000896454, 92887.71972191992, 102999.88859775789
411.8340001106262, 92887.71972191992, 102999.88859775789
414.52100014686584, 92887.71972191992, 102999.88859775789
414.53400015830994, 92887.71972191992, 102999.88859775789
414.5380001068115, 92887.71972191992, 102999.88859775789
414.55000019073486, 92887.71972191992, 102999.88859775789
414.5550000667572, 92887.71972191992, 102999.88859775789
414.5550000667572, 92887.71972191992, 102999.88859775789
414.5659999847412, 92887.71972191992, 102999.88859775789
414.5720000267029, 92887.71972191992, 102999.88859775789
414.58300018310547, 92887.71972191992, 102999.88859775789
414.58899998664856, 92887.71972191992, 102999.88859775789
414.59800004959106, 92887.71972191992, 102999.88859775789
414.6050000190735, 92887.71972191992, 102999.88859775789
414.6050000190735, 92887.71972191992, 102999.88859775789
414.614000082016, 92887.71972191992, 102999.88859775789
414.62199997901917, 92887.71972191992, 102999.88859775789
414.63100004196167, 92887.71972191992, 102999.88859775789
414.6390001773834, 92887.71972191992, 102999.88859775789
417.17500019073486, 92887.71972191992, 102993.27159137368
417.1860001087189, 92887.71972191992, 102993.27159137368
417.19600009918213, 92887.71972191992, 102993.27159137368
417.20500016212463, 92887.71972191992, 102985.78100277009
417.21600008010864, 92887.71972191992, 102985.78100277009
417.22100019454956, 92887.71972191992, 102985.78100277009
417.22100019454956, 92887.71972191992, 102985.78100277009
417.23800015449524, 92887.71972191992, 102985.78100277009
417.23800015449524, 92887.71972191992, 102985.78100277009
417.23800015449524, 92887.71972191992, 102985.78100277009
417.25400018692017, 92887.71972191992, 102985.78100277009
417.25400018692017, 92887.71972191992, 102985.78100277009
417.26900005340576, 92887.71972191992, 102985.78100277009
417.2720000743866, 92887.71972191992, 102985.78100277009
417.2720000743866, 92887.71972191992, 102985.78100277009
419.6510000228882, 92887.71972191992, 102985.78100277009
419.6670000553131, 92887.71972191992, 102981.81363626652
419.6670000553131, 92887.71972191992, 102981.81363626652
419.6670000553131, 92887.71972191992, 102981.81363626652
419.6840000152588, 92887.71972191992, 102981.81363626652
419.6840000152588, 92887.71972191992, 102981.81363626652
419.70100021362305, 92887.71972191992, 102981.81363626652
422.3670001029968, 92887.71972191992, 102981.81363626652
422.382000207901, 92887.71972191992, 102981.81363626652
422.3840000629425, 92887.71972191992, 102981.81363626652
422.4060001373291, 92887.71972191992, 102981.81363626652
422.4170000553131, 92887.71972191992, 102981.81363626652
422.4170000553131, 92887.71972191992, 102981.81363626652
422.4360001087189, 92887.71972191992, 102977.72502549474
424.8800001144409, 92887.71972191992, 102977.72502549474
424.882000207901, 92887.71972191992, 102975.39803996493
424.882000207901, 92887.71972191992, 102975.39803996493
424.8970000743866, 92887.71972191992, 102975.39803996493
427.5659999847412, 92887.71972191992, 102975.39803996493
427.5789999961853, 92887.71972191992, 102975.39803996493
427.5940001010895, 92887.71972191992, 102975.39803996493
427.6050000190735, 92887.71972191992, 102975.39803996493
427.61500000953674, 92887.71972191992, 102972.79996822264
427.62000012397766, 92887.71972191992, 102972.79996822264
430.42400002479553, 92887.71972191992, 102972.79996822264
430.4350001811981, 92887.71972191992, 102967.48240089077
430.44400000572205, 92887.71972191992, 102966.56788592652
430.4480001926422, 92887.71972191992, 102966.56788592652
430.46399998664856, 92887.71972191992, 102966.56788592652
430.4690001010895, 92887.71972191992, 102965.95600055631
430.47500014305115, 92887.71972191992, 102965.95600055631
430.48200011253357, 92887.71972191992, 102963.9608926681
430.49000000953674, 92887.71972191992, 102963.93673643273
430.4920001029968, 92887.71972191992, 102963.93673643273
433.00400018692017, 92887.71972191992, 102963.72642381921
433.0130000114441, 92887.71972191992, 102963.33665465191
433.01900005340576, 92887.71972191992, 102963.33665465191
433.02800011634827, 92887.71972191992, 102963.33665465191
433.02800011634827, 92887.71972191992, 102963.33665465191
433.02800011634827, 92887.71972191992, 102963.33665465191
433.04500007629395, 92887.71972191992, 102963.33665465191
433.04500007629395, 92887.71972191992, 102963.33665465191
433.0610001087189, 92887.71972191992, 102963.33665465191
433.0730001926422, 92887.71972191992, 102960.38978487696
433.0810000896454, 92887.71972191992, 102960.24791714916
435.625, 92887.71972191992, 102958.31943129555
435.62900018692017, 92887.71972191992, 102958.31943129555
435.6510000228882, 92887.71972191992, 102958.31943129555
435.6510000228882, 92887.71972191992, 102958.31943129555
435.66600012779236, 92887.71972191992, 102958.31943129555
435.68300008773804, 92887.71972191992, 102958.31943129555
438.34800004959106, 92887.71972191992, 102958.31943129555
438.36500000953674, 92887.71972191992, 102958.31943129555
438.36500000953674, 92887.71972191992, 102955.91797827644
438.36500000953674, 92887.71972191992, 102955.91797827644
438.382000207901, 92887.71972191992, 102955.91797827644
438.382000207901, 92887.71972191992, 102955.75526911012
438.3990001678467, 92887.71972191992, 102950.16656560953
438.41100001335144, 92887.71972191992, 102950.16656560953
441.0840001106262, 92887.71972191992, 102950.16656560953
441.09500002861023, 92887.71972191992, 102950.16656560953
441.10900020599365, 92887.71972191992, 102950.16656560953
441.11100006103516, 92887.71972191992, 102950.16656560953
441.12000012397766, 92887.71972191992, 102950.16656560953
441.12000012397766, 92887.71972191992, 102950.16656560953
441.13499999046326, 92887.71972191992, 102950.16656560953
441.13499999046326, 92887.71972191992, 102950.16656560953
441.1510000228882, 92887.71972191992, 102950.16656560953
441.1520001888275, 92887.71972191992, 102950.16656560953
441.1690001487732, 92887.71972191992, 102950.16656560953
443.80200004577637, 92887.71972191992, 102942.09465781943
443.8110001087189, 92887.71972191992, 102942.09465781943
443.82100009918213, 92887.71972191992, 102942.09465781943
443.83000016212463, 92887.71972191992, 102942.09465781943
443.8380000591278, 92887.71972191992, 102942.09465781943
443.8380000591278, 92887.71972191992, 102942.09465781943
443.8380000591278, 92887.71972191992, 102942.09465781943
443.8550000190735, 92887.71972191992, 102942.09465781943
443.8550000190735, 92887.71972191992, 102942.09465781943
443.87199997901917, 92887.71972191992, 102942.09465781943
446.5260000228882, 92887.71972191992, 102942.09465781943
446.53700017929077, 92887.71972191992, 102942.09465781943
446.54500007629395, 92887.71972191992, 102942.09465781943
446.55599999427795, 92887.71972191992, 102934.49924700998
446.55599999427795, 92887.71972191992, 102934.49924700998
449.27300000190735, 92887.71972191992, 102930.01670482608
449.28200006484985, 92887.71972191992, 102930.01670482608
449.28200006484985, 92887.71972191992, 102930.01670482608
449.2980000972748, 92887.71972191992, 102928.3386038958
452.0510001182556, 92887.71972191992, 102928.3386038958
452.0680000782013, 92887.71972191992, 102928.3386038958
452.0680000782013, 92887.71972191992, 102928.3386038958
452.0840001106262, 92887.71972191992, 102928.3386038958
452.0920000076294, 92887.71972191992, 102928.3386038958
455.03700017929077, 92887.71972191992, 102928.3386038958
455.0460000038147, 92887.71972191992, 102928.3386038958
455.0590000152588, 92887.71972191992, 102922.07195466012
455.07400012016296, 92887.71972191992, 102922.07195466012
457.98600006103516, 92887.71972191992, 102922.07195466012
457.98600006103516, 92887.71972191992, 102922.07195466012
458.00400018692017, 92887.71972191992, 102922.07195466012
458.00400018692017, 92887.71972191992, 102922.07195466012
458.018000125885, 92887.71972191992, 102922.07195466012
458.0199999809265, 92887.71972191992, 102922.07195466012
458.0199999809265, 92887.71972191992, 102922.07195466012
458.03700017929077, 92887.71972191992, 102921.08258072744
458.03700017929077, 92887.71972191992, 102921.08258072744
458.05000019073486, 92887.71972191992, 102918.96413102595
458.05400013923645, 92887.71972191992, 102916.16396880643
460.81900000572205, 92887.71972191992, 102916.1443710358
460.83000016212463, 92887.71972191992, 102913.18895986193
460.8380000591278, 92887.71972191992, 102913.18895986193
460.8420000076294, 92887.71972191992, 102910.9316411344
460.8580000400543, 92887.71972191992, 102910.9316411344
460.8580000400543, 92887.71972191992, 102910.03744586442
463.57800006866455, 92887.71972191992, 102907.5252861281
463.5880000591278, 92887.71972191992, 102907.5252861281
463.5940001010895, 92887.71972191992, 102907.5252861281
463.603000164032, 92887.71972191992, 102907.5252861281
463.603000164032, 92887.71972191992, 102907.5252861281
463.61100006103516, 92887.71972191992, 102907.5252861281
463.62000012397766, 92887.71972191992, 102907.5252861281
463.63499999046326, 92887.71972191992, 102905.57453388309
463.6449999809265, 92887.71972191992, 102905.57453388309
463.64600014686584, 92887.71972191992, 102905.57453388309
466.4150002002716, 92887.71972191992, 102905.57453388309
466.4280002117157, 92887.71972191992, 102904.12598745318
466.4370000362396, 92887.71972191992, 102904.12598745318
466.44000005722046, 92887.71972191992, 102904.12598745318
466.45100021362305, 92887.71972191992, 102904.12598745318
466.45100021362305, 92887.71972191992, 102904.12598745318
466.4680001735687, 92887.71972191992, 102896.3684685189
469.2810001373291, 92887.71972191992, 102894.64197095636
469.2900002002716, 92887.71972191992, 102894.64197095636
469.2980000972748, 92887.71972191992, 102893.02714610624
469.30800008773804, 92887.71972191992, 102892.98823012292
469.3200001716614, 92887.71972191992, 102892.40443316895
469.33300018310547, 92887.71972191992, 102886.85054658727
472.125, 92887.71972191992, 102884.6643068715
472.14400005340576, 92887.71972191992, 102884.6643068715
472.1490001678467, 92887.71972191992, 102884.6643068715
472.16100001335144, 92887.71972191992, 102884.6643068715
472.16100001335144, 92887.71972191992, 102884.6643068715
472.17700004577637, 92887.71972191992, 102884.60898278965
472.17700004577637, 92887.71972191992, 102884.60898278965
472.1930000782013, 92887.71972191992, 102884.60898278965
472.1930000782013, 92887.71972191992, 102884.60898278965
472.210000038147, 92887.71972191992, 102884.60898278965
472.2260000705719, 92887.71972191992, 102878.02903437403
472.22900009155273, 92887.71972191992, 102878.02903437403
475.2060000896454, 92887.71972191992, 102877.7936825957
475.22300004959106, 92887.71972191992, 102877.7936825957
475.22900009155273, 92887.71972191992, 102877.7936825957
475.24000000953674, 92887.71972191992, 102877.7936825957
475.25400018692017, 92887.71972191992, 102876.14074177455
475.25600004196167, 92887.71972191992, 102876.14074177455
475.25600004196167, 92887.71972191992, 102876.14074177455
475.2740001678467, 92887.71972191992, 102876.14074177455
475.2890000343323, 92887.71972191992, 102873.37577723325
475.2960000038147, 92887.71972191992, 102873.37577723325
475.3030002117157, 92887.71972191992, 102873.37577723325
475.3090000152588, 92887.71972191992, 102873.37577723325
475.31500005722046, 92887.71972191992, 102873.37577723325
475.3220000267029, 92887.71972191992, 102873.37577723325
475.33000016212463, 92887.71972191992, 102867.9183193137
475.3420000076294, 92887.71972191992, 102867.9183193137
478.114000082016, 92887.71972191992, 102867.9183193137
478.12199997901917, 92887.71972191992, 102867.9183193137
478.12900018692017, 92887.71972191992, 102867.9183193137
478.1360001564026, 92887.71972191992, 102867.9183193137
480.88100004196167, 92887.71972191992, 102861.61081507179
480.88100004196167, 92887.71972191992, 102861.61081507179
480.9020001888275, 92887.71972191992, 102860.37189002486
480.90900015830994, 92887.71972191992, 102858.42708559443
483.84100008010864, 92887.71972191992, 102858.42708559443
483.8420000076294, 92887.71972191992, 102858.12470044084
483.8420000076294, 92887.71972191992, 102856.94131901214
483.8580000400543, 92887.71972191992, 102856.94131901214
483.8580000400543, 92887.71972191992, 102856.94131901214
483.875, 92887.71972191992, 102856.94131901214
483.875, 92887.71972191992, 102856.94131901214
483.8890001773834, 92887.71972191992, 102856.94131901214
483.89200019836426, 92887.71972191992, 102856.94131901214
483.89200019836426, 92887.71972191992, 102856.94131901214
483.90900015830994, 92887.71972191992, 102856.94131901214
486.83200001716614, 92887.71972191992, 102856.94131901214
486.8340001106262, 92887.71972191992, 102856.94131901214
486.8340001106262, 92887.71972191992, 102856.94131901214
486.8550000190735, 92887.71972191992, 102848.97497590975
489.68300008773804, 92887.71972191992, 102848.97497590975
489.69000005722046, 92887.71972191992, 102848.97497590975
489.69900012016296, 92887.71972191992, 102848.97497590975
489.70800018310547, 92887.71972191992, 102846.7897940847
489.71600008010864, 92887.71972191992, 102846.7897940847
489.7220001220703, 92887.71972191992, 102846.6523617416
492.5020000934601, 92887.71972191992, 102846.6523617416
492.5020000934601, 92887.71972191992, 102846.6523617416
492.5260000228882, 92887.71972191992, 102846.6523617416
492.53600001335144, 92887.71972191992, 102846.6523617416
492.5390000343323, 92887.71972191992, 102846.6523617416
492.5390000343323, 92887.71972191992, 102846.6523617416
492.55200004577637, 92887.71972191992, 102846.6523617416
492.55200004577637, 92887.71972191992, 102846.6523617416
492.56700015068054, 92887.71972191992, 102846.6523617416
492.5700001716614, 92887.71972191992, 102846.6523617416
492.5700001716614, 92887.71972191992, 102846.03448523101
492.58700013160706, 92887.71972191992, 102846.03448523101
492.5880000591278, 92887.71972191992, 102841.23056194773
492.60199999809265, 92887.71972191992, 102841.23056194773
492.6060001850128, 92887.71972191992, 102841.23056194773
492.6060001850128, 92887.71972191992, 102841.23056194773
495.36100006103516, 92887.71972191992, 102840.78688279436
495.37800002098083, 92887.71972191992, 102838.94855150451
495.3970000743866, 92887.71972191992, 102837.90226124889
495.404000043869, 92887.71972191992, 102837.90226124889
498.2180001735687, 92887.71972191992, 102837.90226124889
498.2260000705719, 92887.71972191992, 102837.90226124889
498.2330000400543, 92887.71972191992, 102837.90226124889
498.2420001029968, 92887.71972191992, 102837.90226124889
498.25, 92887.71972191992, 102837.90226124889
498.25800013542175, 92887.71972191992, 102837.90226124889
498.2640001773834, 92887.71972191992, 102837.90226124889
498.27300000190735, 92887.71972191992, 102833.26472259061
498.27800011634827, 92887.71972191992, 102833.26472259061
498.28400015830994, 92887.71972191992, 102833.26472259061
498.29299998283386, 92887.71972191992, 102833.26472259061
501.0730001926422, 92887.71972191992, 102831.15876725253
501.0900001525879, 92887.71972191992, 102831.15876725253
501.0900001525879, 92887.71972191992, 102830.98022074832
501.1160001754761, 92887.71972191992, 102827.27688348688
503.978000164032, 92887.71972191992, 102827.27688348688
503.978000164032, 92887.71972191992, 102825.35096764944
503.99500012397766, 92887.71972191992, 102825.35096764944
503.99500012397766, 92887.71972191992, 102825.35096764944
504.01200008392334, 92887.71972191992, 102824.17203462849
504.01200008392334, 92887.71972191992, 102824.17203462849
504.0260000228882, 92887.71972191992, 102824.17203462849
504.029000043869, 92887.71972191992, 102824.17203462849
506.9850001335144, 92887.71972191992, 102823.91758338636
507.0110001564026, 92887.71972191992, 102823.7756768027
507.0199999809265, 92887.71972191992, 102823.7756768027
507.03000020980835, 92887.71972191992, 102821.67466630525
507.03700017929077, 92887.71972191992, 102821.67466630525
509.95300006866455, 92887.71972191992, 102821.67466630525
509.9590001106262, 92887.71972191992, 102821.67466630525
509.97500014305115, 92887.71972191992, 102821.67466630525
509.9830000400543, 92887.71972191992, 102820.25422602888
509.9910001754761, 92887.71972191992, 102820.07870297051
509.9940001964569, 92887.71972191992, 102820.07870297051
512.808000087738, 92887.71972191992, 102820.07870297051
512.8159999847412, 92887.71972191992, 102820.07870297051
512.826000213623, 92887.71972191992, 102820.07870297051
512.8330001831055, 92887.71972191992, 102820.07870297051
512.8380000591278, 92887.71972191992, 102820.07870297051
512.8489999771118, 92887.71972191992, 102820.07870297051
512.853000164032, 92887.71972191992, 102820.07870297051
512.8680000305176, 92887.71972191992, 102820.07870297051
515.728000164032, 92887.71972191992, 102820.07870297051
515.7290000915527, 92887.71972191992, 102820.07870297051
515.7469999790192, 92887.71972191992, 102815.61033238418
515.7580001354218, 92887.71972191992, 102815.61033238418
515.7580001354218, 92887.71972191992, 102815.61033238418
515.7720000743866, 92887.71972191992, 102815.61033238418
515.7740001678467, 92887.71972191992, 102815.61033238418
515.7900002002716, 92887.71972191992, 102815.61033238418
518.3660001754761, 92887.71972191992, 102815.61033238418
518.3830001354218, 92887.71972191992, 102812.5994366913
518.3830001354218, 92887.71972191992, 102812.5994366913
518.3960001468658, 92887.71972191992, 102812.5994366913
518.4000000953674, 92887.71972191992, 102812.5994366913
518.4000000953674, 92887.71972191992, 102812.5994366913
518.4170000553131, 92887.71972191992, 102812.5994366913
518.4170000553131, 92887.71972191992, 102812.5994366913
518.4280002117157, 92887.71972191992, 102812.5994366913
518.4340000152588, 92887.71972191992, 102812.5994366913
518.444000005722, 92887.71972191992, 102812.5994366913
521.143000125885, 92887.71972191992, 102806.07151711584
521.143000125885, 92887.71972191992, 102805.21201090857
521.1640000343323, 92887.71972191992, 102805.21201090857
521.1750001907349, 92887.71972191992, 102805.21201090857
521.1790001392365, 92887.71972191992, 102805.21201090857
521.194000005722, 92887.71972191992, 102805.21201090857
521.194000005722, 92887.71972191992, 102805.21201090857
521.2130000591278, 92887.71972191992, 102805.21201090857
521.2210001945496, 92887.71972191992, 102805.21201090857
521.2250001430511, 92887.71972191992, 102805.21201090857
521.2410001754761, 92887.71972191992, 102805.21201090857
521.2420001029968, 92887.71972191992, 102805.21201090857
521.2599999904633, 92887.71972191992, 102805.21201090857
521.2599999904633, 92887.71972191992, 102805.21201090857
521.2810001373291, 92887.71972191992, 102805.21201090857
523.9760000705719, 92887.71972191992, 102805.21201090857
523.9810001850128, 92887.71972191992, 102805.21201090857
523.9810001850128, 92887.71972191992, 102805.21201090857
523.9969999790192, 92887.71972191992, 102805.21201090857
523.9969999790192, 92887.71972191992, 102802.96831635629
524.0120000839233, 92887.71972191992, 102802.96831635629
524.0140001773834, 92887.71972191992, 102802.96831635629
524.0310001373291, 92887.71972191992, 102802.96831635629
527.2020001411438, 92887.71972191992, 102801.28286999268
527.210000038147, 92887.71972191992, 102801.28286999268
527.2210001945496, 92887.71972191992, 102801.22817062397
527.2350001335144, 92887.71972191992, 102801.22817062397
527.2450001239777, 92887.71972191992, 102801.22817062397
527.2450001239777, 92887.71972191992, 102801.22817062397
527.2620000839233, 92887.71972191992, 102801.22817062397
527.2650001049042, 92887.71972191992, 102799.64175914449
527.279000043869, 92887.71972191992, 102799.64175914449
530.4750001430511, 92887.71972191992, 102796.38272184643
530.4950001239777, 92887.71972191992, 102796.38272184643
530.5, 92887.71972191992, 102796.38272184643
530.5090000629425, 92887.71972191992, 102796.38272184643
530.5099999904633, 92887.71972191992, 102796.38272184643
530.5260000228882, 92887.71972191992, 102796.38272184643
530.5260000228882, 92887.71972191992, 102794.29081662932
530.5440001487732, 92887.71972191992, 102794.29081662932
533.8120000362396, 92887.71972191992, 102792.69536690469
533.8220000267029, 92887.71972191992, 102792.69536690469
533.8320000171661, 92887.71972191992, 102792.69536690469
533.8400001525879, 92887.71972191992, 102790.944955667
533.8420000076294, 92887.71972191992, 102790.76334600305
533.8420000076294, 92887.71972191992, 102790.76334600305
533.8580000400543, 92887.71972191992, 102790.76334600305
533.8660001754761, 92887.71972191992, 102790.76334600305
533.875, 92887.71972191992, 102790.67542047249
533.875, 92887.71972191992, 102790.67542047249
536.7980000972748, 92887.71972191992, 102786.88982497453
536.8100001811981, 92887.71972191992, 102786.88982497453
536.8210000991821, 92887.71972191992, 102786.88982497453
536.8340001106262, 92887.71972191992, 102786.88982497453
536.8440001010895, 92887.71972191992, 102783.08997755163
536.8519999980927, 92887.71972191992, 102783.08997755163
536.8690001964569, 92887.71972191992, 102781.36671499012
539.9030001163483, 92887.71972191992, 102781.36671499012
539.9130001068115, 92887.71972191992, 102781.36671499012
539.9210000038147, 92887.71972191992, 102781.36671499012
539.9240000247955, 92887.71972191992, 102781.36671499012
539.938000202179, 92887.71972191992, 102780.68256725318
539.9450001716614, 92887.71972191992, 102780.68256725318
539.9520001411438, 92887.71972191992, 102780.68256725318
539.9590001106262, 92887.71972191992, 102780.68256725318
539.9590001106262, 92887.71972191992, 102780.28641423903
539.9739999771118, 92887.71972191992, 102780.28641423903
539.9830000400543, 92887.71972191992, 102780.28641423903
539.9920001029968, 92887.71972191992, 102780.28641423903
540.0, 92887.71972191992, 102777.46777370361
542.9480001926422, 92887.71972191992, 102777.46777370361
542.9590001106262, 92887.71972191992, 102777.46777370361
542.9670000076294, 92887.71972191992, 102777.46777370361
542.9750001430511, 92887.71972191992, 102777.46777370361
542.9820001125336, 92887.71972191992, 102777.46777370361
542.9869999885559, 92887.71972191992, 102777.46777370361
543.0, 92887.71972191992, 102777.46777370361
543.0099999904633, 92887.71972191992, 102777.46777370361
543.0190000534058, 92887.71972191992, 102777.46777370361
543.029000043869, 92887.71972191992, 102777.46777370361
543.0360000133514, 92887.71972191992, 102777.46777370361
543.0360000133514, 92887.71972191992, 102777.46777370361
543.0520000457764, 92887.71972191992, 102768.58063206794
543.0700001716614, 92887.71972191992, 102768.58063206794
546.1380000114441, 92887.71972191992, 102768.58063206794
546.1470000743866, 92887.71972191992, 102768.58063206794
546.154000043869, 92887.71972191992, 102768.58063206794
546.1600000858307, 92887.71972191992, 102768.58063206794
546.1670000553131, 92887.71972191992, 102768.58063206794
546.1670000553131, 92887.71972191992, 102768.58063206794
546.1820001602173, 92887.71972191992, 102768.58063206794
546.199000120163, 92887.71972191992, 102768.58063206794
546.199000120163, 92887.71972191992, 102768.58063206794
546.2139999866486, 92887.71972191992, 102764.29145226766
549.3330001831055, 92887.71972191992, 102762.3645402586
549.3480000495911, 92887.71972191992, 102762.3645402586
549.3480000495911, 92887.71972191992, 102761.62152310522
549.3650000095367, 92887.71972191992, 102761.62152310522
549.3650000095367, 92887.71972191992, 102761.62152310522
549.3780000209808, 92887.71972191992, 102761.62152310522
552.4940001964569, 92887.71972191992, 102761.58424388558
552.4940001964569, 92887.71972191992, 102761.58424388558
552.5099999904633, 92887.71972191992, 102761.58424388558
552.518000125885, 92887.71972191992, 102756.989033343
552.5310001373291, 92887.71972191992, 102756.59948073253
552.5310001373291, 92887.71972191992, 102756.59948073253
552.5460000038147, 92887.71972191992, 102756.59948073253
555.6590001583099, 92887.71972191992, 102753.91748636733
555.6690001487732, 92887.71972191992, 102753.91748636733
555.6770000457764, 92887.71972191992, 102753.91748636733
555.6770000457764, 92887.71972191992, 102753.87194262331
555.6920001506805, 92887.71972191992, 102753.87194262331
555.6920001506805, 92887.71972191992, 102751.421051851
555.710000038147, 92887.71972191992, 102751.421051851
555.710000038147, 92887.71972191992, 102751.421051851
555.7269999980927, 92887.71972191992, 102751.421051851
558.8840000629425, 92887.71972191992, 102748.82697226178
558.8860001564026, 92887.71972191992, 102748.82697226178
558.9000000953674, 92887.71972191992, 102748.82697226178
558.9030001163483, 92887.71972191992, 102748.82697226178
558.9030001163483, 92887.71972191992, 102748.82697226178
558.920000076294, 92887.71972191992, 102748.82697226178
558.920000076294, 92887.71972191992, 102748.82697226178
558.9370000362396, 92887.71972191992, 102748.82697226178
558.949000120163, 92887.71972191992, 102748.82697226178
561.949000120163, 92887.71972191992, 102748.82697226178
561.9580001831055, 92887.71972191992, 102748.82697226178
561.9680001735687, 92887.71972191992, 102748.82697226178
561.9790000915527, 92887.71972191992, 102748.82697226178
561.9820001125336, 92887.71972191992, 102748.82697226178
561.9980001449585, 92887.71972191992, 102746.41418783736
561.9990000724792, 92887.71972191992, 102746.28152377655
561.9990000724792, 92887.71972191992, 102746.28152377655
562.0160000324249, 92887.71972191992, 102746.28152377655
562.0160000324249, 92887.71972191992, 102745.97740503907
562.0280001163483, 92887.71972191992, 102745.97740503907
562.0340001583099, 92887.71972191992, 102745.97740503907
562.0490000247955, 92887.71972191992, 102745.97740503907
562.0510001182556, 92887.71972191992, 102745.97740503907
562.0710000991821, 92887.71972191992, 102743.57376457514
562.0710000991821, 92887.71972191992, 102742.7928733981
565.2650001049042, 92887.71972191992, 102742.7928733981
565.2650001049042, 92887.71972191992, 102742.7928733981
565.2870001792908, 92887.71972191992, 102742.7928733981
565.2870001792908, 92887.71972191992, 102742.7928733981
565.3070001602173, 92887.71972191992, 102742.7928733981
565.3110001087189, 92887.71972191992, 102742.7928733981
565.326000213623, 92887.71972191992, 102742.772301683
565.3340001106262, 92887.71972191992, 102742.772301683
565.3440001010895, 92887.71972191992, 102742.772301683
565.3510000705719, 92887.71972191992, 102742.772301683
568.5440001487732, 92887.71972191992, 102738.68993579454
568.5480000972748, 92887.71972191992, 102738.68993579454
568.5610001087189, 92887.71972191992, 102738.68993579454
568.5700001716614, 92887.71972191992, 102738.44997170648
568.576000213623, 92887.71972191992, 102738.44997170648
568.5830001831055, 92887.71972191992, 102734.3315375262
568.5830001831055, 92887.71972191992, 102734.3315375262
571.6579999923706, 92887.71972191992, 102734.3315375262
571.670000076294, 92887.71972191992, 102731.87281165503
571.6790001392365, 92887.71972191992, 102731.87281165503
571.6790001392365, 92887.71972191992, 102731.87281165503
571.6950001716614, 92887.71972191992, 102731.87281165503
571.710000038147, 92887.71972191992, 102731.87281165503
571.710000038147, 92887.71972191992, 102729.14797940293
571.7269999980927, 92887.71972191992, 102729.14797940293
574.7760000228882, 92887.71972191992, 102728.86926716506
574.7900002002716, 92887.71972191992, 102728.86926716506
574.797000169754, 92887.71972191992, 102726.91894512258
574.8050000667572, 92887.71972191992, 102726.77942054596
574.813000202179, 92887.71972191992, 102725.35623025888
574.8220000267029, 92887.71972191992, 102725.27263200015
577.9190001487732, 92887.71972191992, 102725.27263200015
577.9190001487732, 92887.71972191992, 102723.2189839426
577.9450001716614, 92887.71972191992, 102723.2189839426
577.9550001621246, 92887.71972191992, 102723.2189839426
577.9550001621246, 92887.71972191992, 102723.2189839426
577.978000164032, 92887.71972191992, 102723.2189839426
577.9850001335144, 92887.71972191992, 102723.2189839426
577.9900000095367, 92887.71972191992, 102723.2189839426
577.9900000095367, 92887.71972191992, 102723.2189839426
578.0060000419617, 92887.71972191992, 102723.2189839426
578.0060000419617, 92887.71972191992, 102723.2189839426
581.1490001678467, 92887.71972191992, 102721.0206237213
581.1560001373291, 92887.71972191992, 102719.10385137076
581.1730000972748, 92887.71972191992, 102719.10385137076
581.1780002117157, 92887.71972191992, 102719.10385137076
581.1860001087189, 92887.71972191992, 102719.10385137076
581.1860001087189, 92887.71972191992, 102717.0970186856
584.3660001754761, 92887.71972191992, 102716.3986284875
584.3810000419617, 92887.71972191992, 102716.3986284875
584.3810000419617, 92887.71972191992, 102714.31625681322
584.3980000019073, 92887.71972191992, 102714.31625681322
584.3980000019073, 92887.71972191992, 102714.26152943152
584.4150002002716, 92887.71972191992, 102714.26152943152
584.4150002002716, 92887.71972191992, 102713.14648463858
584.4320001602173, 92887.71972191992, 102713.14648463858
584.4320001602173, 92887.71972191992, 102713.14648463858
584.4430000782013, 92887.71972191992, 102713.14648463858
584.449000120163, 92887.71972191992, 102713.14648463858
584.4610002040863, 92887.71972191992, 102713.14648463858
584.4700000286102, 92887.71972191992, 102712.18443656027
584.4790000915527, 92887.71972191992, 102712.18443656027
584.4840002059937, 92887.71972191992, 102712.18443656027
587.569000005722, 92887.71972191992, 102712.18443656027
587.5810000896454, 92887.71972191992, 102712.18443656027
587.5930001735687, 92887.71972191992, 102712.18443656027
587.6000001430511, 92887.71972191992, 102712.18443656027
587.6119999885559, 92887.71972191992, 102707.58116691091
590.6050000190735, 92887.71972191992, 102707.48168588492
590.6130001544952, 92887.71972191992, 102707.48168588492
590.6180000305176, 92887.71972191992, 102707.48168588492
590.6260001659393, 92887.71972191992, 102707.16562513555
590.6360001564026, 92887.71972191992, 102707.16562513555
590.6390001773834, 92887.71972191992, 102706.91385271001
590.6520001888275, 92887.71972191992, 102706.91385271001
590.6520001888275, 92887.71972191992, 102706.91385271001
593.8320000171661, 92887.71972191992, 102706.91385271001
593.8489999771118, 92887.71972191992, 102706.91385271001
593.8489999771118, 92887.71972191992, 102706.91385271001
593.8660001754761, 92887.71972191992, 102706.91385271001
593.8660001754761, 92887.71972191992, 102706.91385271001
593.8800001144409, 92887.71972191992, 102706.91385271001
593.8830001354218, 92887.71972191992, 102706.91385271001
593.8960001468658, 92887.71972191992, 102705.78474304973
593.9000000953674, 92887.71972191992, 102705.78474304973
593.9000000953674, 92887.71972191992, 102705.78474304973
596.9590001106262, 92887.71972191992, 102705.78474304973
596.9690001010895, 92887.71972191992, 102705.78474304973
596.9810001850128, 92887.71972191992, 102705.78474304973
596.9900000095367, 92887.71972191992, 102705.78474304973
596.9940001964569, 92887.71972191992, 102705.78474304973
596.9940001964569, 92887.71972191992, 102705.78474304973
597.0140001773834, 92887.71972191992, 102705.78474304973
597.0240001678467, 92887.71972191992, 102705.78474304973
600.2220001220703, 92887.71972191992, 102705.78474304973
600.2220001220703, 92887.71972191992, 102705.78474304973
600.2430000305176, 92887.71972191992, 102705.78474304973
600.2530000209808, 92887.71972191992, 102705.78474304973
600.2599999904633, 92887.71972191992, 102705.78474304973
600.2740001678467, 92887.71972191992, 102705.78474304973
600.2770001888275, 92887.71972191992, 102705.78474304973
600.2920000553131, 92887.71972191992, 102705.78474304973
600.3000001907349, 92887.71972191992, 102705.78474304973
600.3100001811981, 92887.71972191992, 102705.78474304973
600.3170001506805, 92887.71972191992, 102705.78474304973
600.3220000267029, 92887.71972191992, 102694.59838413358
600.3320000171661, 92887.71972191992, 102694.59838413358
603.3710000514984, 92887.71972191992, 102694.59838413358
603.3710000514984, 92887.71972191992, 102694.59838413358
603.3710000514984, 92887.71972191992, 102691.93590432912
603.3880000114441, 92887.71972191992, 102691.93590432912
603.3880000114441, 92887.71972191992, 102691.93590432912
603.4050002098083, 92887.71972191992, 102691.93590432912
603.4179999828339, 92887.71972191992, 102691.93590432912
603.422000169754, 92887.71972191992, 102691.93590432912
606.6090002059937, 92887.71972191992, 102691.93590432912
606.6180000305176, 92887.71972191992, 102691.93590432912
606.6310000419617, 92887.71972191992, 102691.93590432912
606.6390001773834, 92887.71972191992, 102691.93590432912
606.6390001773834, 92887.71972191992, 102691.93590432912
606.6530001163483, 92887.71972191992, 102684.97732274873
609.5800001621246, 92887.71972191992, 102684.97732274873
609.5860002040863, 92887.71972191992, 102684.97732274873
609.5930001735687, 92887.71972191992, 102684.97732274873
609.6019999980927, 92887.71972191992, 102684.97732274873
609.6090002059937, 92887.71972191992, 102684.97732274873
612.8010001182556, 92887.71972191992, 102684.97732274873
612.8090000152588, 92887.71972191992, 102681.68947581008
612.8210000991821, 92887.71972191992, 102681.68947581008
612.8289999961853, 92887.71972191992, 102678.37217536061
612.8389999866486, 92887.71972191992, 102678.37217536061
612.8480000495911, 92887.71972191992, 102678.37217536061
612.8480000495911, 92887.71972191992, 102678.37217536061
616.0360000133514, 92887.71972191992, 102678.37217536061
616.0550000667572, 92887.71972191992, 102678.37217536061
616.0600001811981, 92887.71972191992, 102678.37217536061
616.0710000991821, 92887.71972191992, 102678.37217536061
616.0730001926422, 92887.71972191992, 102674.94093998882
616.087000131607, 92887.71972191992, 102674.94093998882
619.0460000038147, 92887.71972191992, 102674.94093998882
619.058000087738, 92887.71972191992, 102674.94093998882
619.063000202179, 92887.71972191992, 102674.94093998882
619.074000120163, 92887.71972191992, 102674.94093998882
619.0800001621246, 92887.71972191992, 102674.94093998882
619.0910000801086, 92887.71972191992, 102674.94093998882
619.0970001220703, 92887.71972191992, 102674.94093998882
622.2740001678467, 92887.71972191992, 102674.94093998882
622.2840001583099, 92887.71972191992, 102674.94093998882
622.2929999828339, 92887.71972191992, 102674.94093998882
622.3050000667572, 92887.71972191992, 102674.94093998882
622.3170001506805, 92887.71972191992, 102674.94093998882
622.3250000476837, 92887.71972191992, 102674.94093998882
622.3320000171661, 92887.71972191992, 102674.94093998882
622.3320000171661, 92887.71972191992, 102674.94093998882
622.3489999771118, 92887.71972191992, 102674.94093998882
622.3489999771118, 92887.71972191992, 102674.94093998882
622.3489999771118, 92887.71972191992, 102667.92956289364
625.7450001239777, 92887.71972191992, 102667.92956289364
625.7550001144409, 92887.71972191992, 102667.92956289364
625.7630000114441, 92887.71972191992, 102667.92956289364
625.7730000019073, 92887.71972191992, 102667.92956289364
625.7820000648499, 92887.71972191992, 102667.92956289364
625.7840001583099, 92887.71972191992, 102667.92956289364
629.1070001125336, 92887.71972191992, 102667.92956289364
629.114000082016, 92887.71972191992, 102662.39441367387
632.2590000629425, 92887.71972191992, 102659.73818324468
632.2590000629425, 92887.71972191992, 102659.73818324468
632.2740001678467, 92887.71972191992, 102659.73818324468
632.2810001373291, 92887.71972191992, 102659.73818324468
632.2810001373291, 92887.71972191992, 102658.28460431402
632.3040001392365, 92887.71972191992, 102658.28460431402
632.3170001506805, 92887.71972191992, 102658.28460431402
635.462000131607, 92887.71972191992, 102658.28460431402
635.4739999771118, 92887.71972191992, 102658.28460431402
635.4760000705719, 92887.71972191992, 102654.86423169526
635.4910001754761, 92887.71972191992, 102654.86423169526
635.507000207901, 92887.71972191992, 102654.86423169526
635.5080001354218, 92887.71972191992, 102654.86423169526
635.5080001354218, 92887.71972191992, 102654.86423169526
638.8300001621246, 92887.71972191992, 102654.64514881141
638.8380000591278, 92887.71972191992, 102654.64514881141
638.8440001010895, 92887.71972191992, 102654.64514881141
638.8470001220703, 92887.71972191992, 102654.64514881141
638.8470001220703, 92887.71972191992, 102650.27801712161
642.0390000343323, 92887.71972191992, 102648.70195381461
642.0540001392365, 92887.71972191992, 102648.70195381461
642.0640001296997, 92887.71972191992, 102648.70195381461
642.076000213623, 92887.71972191992, 102648.70195381461
642.085000038147, 92887.71972191992, 102646.87176291914
642.0980000495911, 92887.71972191992, 102646.28874201918
642.0989999771118, 92887.71972191992, 102646.28874201918
645.3600001335144, 92887.71972191992, 102646.28874201918
645.3770000934601, 92887.71972191992, 102646.28874201918
645.3770000934601, 92887.71972191992, 102646.28874201918
645.3980000019073, 92887.71972191992, 102646.28874201918
645.4020001888275, 92887.71972191992, 102646.28874201918
645.4170000553131, 92887.71972191992, 102646.28874201918
645.4270000457764, 92887.71972191992, 102643.25353427547
645.4300000667572, 92887.71972191992, 102643.25353427547
645.4470000267029, 92887.71972191992, 102643.25353427547
645.4470000267029, 92887.71972191992, 102643.25353427547
645.4650001525879, 92887.71972191992, 102643.25353427547
645.4730000495911, 92887.71972191992, 102643.25353427547
645.4800000190735, 92887.71972191992, 102643.25353427547
645.4800000190735, 92887.71972191992, 102643.25353427547
645.5020000934601, 92887.71972191992, 102638.85300579852
648.7400000095367, 92887.71972191992, 102638.85300579852
648.7480001449585, 92887.71972191992, 102638.85300579852
648.757000207901, 92887.71972191992, 102637.23835605422
648.7670001983643, 92887.71972191992, 102636.22325636879
648.7740001678467, 92887.71972191992, 102636.22325636879
648.7800002098083, 92887.71972191992, 102636.22325636879
648.7800002098083, 92887.71972191992, 102636.22325636879
648.7960000038147, 92887.71972191992, 102634.26353726661
651.4940001964569, 92887.71972191992, 102634.26353726661
651.4940001964569, 92887.71972191992, 102634.14974567472
651.5170001983643, 92887.71972191992, 102634.14974567472
656.2820000648499, 92887.71972191992, 102634.14974567472
656.297000169754, 92887.71972191992, 102634.14974567472
659.920000076294, 92887.71972191992, 102634.14974567472
663.313000202179, 92887.71972191992, 102634.14974567472
663.3230001926422, 92887.71972191992, 102632.40186272144
663.3340001106262, 92887.71972191992, 102632.40186272144
666.7860000133514, 92887.71972191992, 102632.40186272144
666.8020000457764, 92887.71972191992, 102632.40186272144
666.819000005722, 92887.71972191992, 102632.40186272144
666.8300001621246, 92887.71972191992, 102632.22748586306
670.1770000457764, 92887.71972191992, 102632.22748586306
670.1800000667572, 92887.71972191992, 102632.22748586306
670.1980001926422, 92887.71972191992, 102632.22748586306
670.2039999961853, 92887.71972191992, 102632.22748586306
670.212000131607, 92887.71972191992, 102632.22748586306
670.212000131607, 92887.71972191992, 102631.83704821127
670.228000164032, 92887.71972191992, 102631.83704821127
670.2440001964569, 92887.71972191992, 102628.19090331848
673.8470001220703, 92887.71972191992, 102628.19090331848
673.8470001220703, 92887.71972191992, 102628.19090331848
673.8630001544952, 92887.71972191992, 102628.19090331848
673.8630001544952, 92887.71972191992, 102628.19090331848
673.8630001544952, 92887.71972191992, 102628.19090331848
673.8800001144409, 92887.71972191992, 102626.74344262556
673.8800001144409, 92887.71972191992, 102625.04034473369
677.1690001487732, 92887.71972191992, 102625.04034473369
677.1800000667572, 92887.71972191992, 102625.04034473369
677.1870000362396, 92887.71972191992, 102625.04034473369
677.194000005722, 92887.71972191992, 102625.04034473369
677.2050001621246, 92887.71972191992, 102625.04034473369
677.2200000286102, 92887.71972191992, 102622.9310003498
677.2260000705719, 92887.71972191992, 102622.9310003498
677.2320001125336, 92887.71972191992, 102622.40215388124
677.2320001125336, 92887.71972191992, 102622.40215388124
677.2480001449585, 92887.71972191992, 102621.66683400072
677.2480001449585, 92887.71972191992, 102621.66683400072
680.4820001125336, 92887.71972191992, 102618.96942788528
680.4850001335144, 92887.71972191992, 102618.96942788528
680.4850001335144, 92887.71972191992, 102618.96942788528
680.5040001869202, 92887.71972191992, 102618.96942788528
680.5140001773834, 92887.71972191992, 102613.76798783644
680.5220000743866, 92887.71972191992, 102613.76798783644
680.5310001373291, 92887.71972191992, 102613.76798783644
680.5360000133514, 92887.71972191992, 102613.76798783644
680.5360000133514, 92887.71972191992, 102613.15771384706
680.5500001907349, 92887.71972191992, 102613.15771384706
683.8760001659393, 92887.71972191992, 102613.15771384706
683.8840000629425, 92887.71972191992, 102613.15771384706
683.8910000324249, 92887.71972191992, 102613.15771384706
683.9030001163483, 92887.71972191992, 102609.40316515791
687.2310001850128, 92887.71972191992, 102608.96779489685
687.2440001964569, 92887.71972191992, 102608.96779489685
687.2469999790192, 92887.71972191992, 102608.96779489685
687.2610001564026, 92887.71972191992, 102608.96779489685
687.2610001564026, 92887.71972191992, 102608.96779489685
687.2760000228882, 92887.71972191992, 102608.96779489685
687.2760000228882, 92887.71972191992, 102608.96779489685
690.672000169754, 92887.71972191992, 102605.93440720714
690.6820001602173, 92887.71972191992, 102604.61901055917
690.6890001296997, 92887.71972191992, 102604.56911333848
690.7039999961853, 92887.71972191992, 102604.56911333848
690.7130000591278, 92887.71972191992, 102604.56911333848
694.212000131607, 92887.71972191992, 102604.56911333848
694.2130000591278, 92887.71972191992, 102604.56911333848
694.2300000190735, 92887.71972191992, 102604.56911333848
694.2440001964569, 92887.71972191992, 102603.66341749685
694.2469999790192, 92887.71972191992, 102603.66341749685
694.2590000629425, 92887.71972191992, 102599.3115910525
697.6820001602173, 92887.71972191992, 102599.3115910525
697.6980001926422, 92887.71972191992, 102599.3115910525
697.6980001926422, 92887.71972191992, 102599.3115910525
697.7180001735687, 92887.71972191992, 102596.90606716137
697.7250001430511, 92887.71972191992, 102596.90606716137
697.7300000190735, 92887.71972191992, 102596.90606716137
697.7480001449585, 92887.71972191992, 102596.90606716137
697.7480001449585, 92887.71972191992, 102596.90606716137
697.7660000324249, 92887.71972191992, 102596.63203492611
697.7660000324249, 92887.71972191992, 102596.63203492611
697.7850000858307, 92887.71972191992, 102594.13260935435
701.210000038147, 92887.71972191992, 102594.13260935435
701.2210001945496, 92887.71972191992, 102594.13260935435
701.2290000915527, 92887.71972191992, 102594.13260935435
701.2440001964569, 92887.71972191992, 102594.13260935435
701.2520000934601, 92887.71972191992, 102594.13260935435
701.2520000934601, 92887.71972191992, 102594.13260935435
701.2760000228882, 92887.71972191992, 102594.13260935435
701.2820000648499, 92887.71972191992, 102594.13260935435
704.7699999809265, 92887.71972191992, 102593.65481818779
704.779000043869, 92887.71972191992, 102592.05970109667
704.7870001792908, 92887.71972191992, 102592.05970109667
704.795000076294, 92887.71972191992, 102592.05970109667
704.8030002117157, 92887.71972191992, 102590.99235933881
704.8110001087189, 92887.71972191992, 102590.99235933881
704.8180000782013, 92887.71972191992, 102590.99235933881
704.826000213623, 92887.71972191992, 102590.99235933881
708.2250001430511, 92887.71972191992, 102590.99235933881
708.2340002059937, 92887.71972191992, 102590.99235933881
708.2440001964569, 92887.71972191992, 102590.99235933881
708.2490000724792, 92887.71972191992, 102590.99235933881
708.2490000724792, 92887.71972191992, 102590.99235933881
708.2660000324249, 92887.71972191992, 102588.05828655617
708.2740001678467, 92887.71972191992, 102588.05828655617
708.2820000648499, 92887.71972191992, 102588.05828655617
708.2940001487732, 92887.71972191992, 102588.05828655617
708.305999994278, 92887.71972191992, 102588.05828655617
708.3140001296997, 92887.71972191992, 102588.05828655617
708.3230001926422, 92887.71972191992, 102588.05828655617
711.4090001583099, 92887.71972191992, 102586.47678329458
711.4179999828339, 92887.71972191992, 102586.47678329458
711.4250001907349, 92887.71972191992, 102586.47678329458
711.4360001087189, 92887.71972191992, 102584.18779412033
711.4360001087189, 92887.71972191992, 102584.18779412033
711.4480001926422, 92887.71972191992, 102584.18779412033
711.4660000801086, 92887.71972191992, 102584.18779412033
711.4739999771118, 92887.71972191992, 102584.18779412033
711.4820001125336, 92887.71972191992, 102584.18779412033
711.4820001125336, 92887.71972191992, 102584.18779412033
711.4969999790192, 92887.71972191992, 102583.59820853068
711.5, 92887.71972191992, 102582.40523095481
711.5, 92887.71972191992, 102582.40523095481
714.9739999771118, 92887.71972191992, 102582.40523095481
714.9810001850128, 92887.71972191992, 102582.40523095481
714.9869999885559, 92887.71972191992, 102582.40523095481
714.9950001239777, 92887.71972191992, 102582.40523095481
714.9969999790192, 92887.71972191992, 102582.40523095481
714.9969999790192, 92887.71972191992, 102582.40523095481
715.0170001983643, 92887.71972191992, 102582.40523095481
715.0250000953674, 92887.71972191992, 102582.40523095481
715.0360000133514, 92887.71972191992, 102582.40523095481
715.045000076294, 92887.71972191992, 102580.00659249263
718.4480001926422, 92887.71972191992, 102580.00659249263
718.4570000171661, 92887.71972191992, 102580.00659249263
718.4630000591278, 92887.71972191992, 102580.00659249263
718.4710001945496, 92887.71972191992, 102580.00659249263
718.4790000915527, 92887.71972191992, 102580.00659249263
718.4840002059937, 92887.71972191992, 102575.47382684328
718.4840002059937, 92887.71972191992, 102575.47382684328
718.4990000724792, 92887.71972191992, 102575.47382684328
718.4990000724792, 92887.71972191992, 102575.47382684328
718.5199999809265, 92887.71972191992, 102575.47382684328
718.5260000228882, 92887.71972191992, 102575.47382684328
721.8670001029968, 92887.71972191992, 102575.47382684328
721.8840000629425, 92887.71972191992, 102575.47382684328
721.8920001983643, 92887.71972191992, 102575.47382684328
721.9010000228882, 92887.71972191992, 102575.47382684328
721.9020001888275, 92887.71972191992, 102575.47382684328
721.9130001068115, 92887.71972191992, 102572.73246157992
721.920000076294, 92887.71972191992, 102572.73246157992
721.9300000667572, 92887.71972191992, 102572.73246157992
721.9350001811981, 92887.71972191992, 102572.73246157992
721.9470000267029, 92887.71972191992, 102572.73246157992
721.9530000686646, 92887.71972191992, 102572.73246157992
721.960000038147, 92887.71972191992, 102572.73246157992
721.9690001010895, 92887.71972191992, 102571.6096771427
721.978000164032, 92887.71972191992, 102571.6096771427
721.9869999885559, 92887.71972191992, 102571.6096771427
725.4210000038147, 92887.71972191992, 102571.6096771427
725.4340000152588, 92887.71972191992, 102571.54799600366
725.4520001411438, 92887.71972191992, 102571.54799600366
725.4630000591278, 92887.71972191992, 102571.54799600366
725.4630000591278, 92887.71972191992, 102571.54799600366
725.4860000610352, 92887.71972191992, 102571.54799600366
725.4990000724792, 92887.71972191992, 102571.54799600366
728.9580001831055, 92887.71972191992, 102571.54799600366
728.9670000076294, 92887.71972191992, 102571.54799600366
728.9739999771118, 92887.71972191992, 102571.54799600366
728.9800000190735, 92887.71972191992, 102571.54799600366
728.9800000190735, 92887.71972191992, 102571.54799600366
728.9960000514984, 92887.71972191992, 102571.54799600366
728.9969999790192, 92887.71972191992, 102571.54799600366
728.9969999790192, 92887.71972191992, 102571.54799600366
729.0140001773834, 92887.71972191992, 102571.54799600366
729.0140001773834, 92887.71972191992, 102571.54799600366
729.0310001373291, 92887.71972191992, 102571.54799600366
729.0310001373291, 92887.71972191992, 102566.07820840616
732.5300002098083, 92887.71972191992, 102563.56575937476
732.5300002098083, 92887.71972191992, 102562.51478278778
732.5490000247955, 92887.71972191992, 102562.51478278778
732.5590000152588, 92887.71972191992, 102562.51478278778
732.5659999847412, 92887.71972191992, 102562.51478278778
732.5750000476837, 92887.71972191992, 102562.51478278778
736.0520000457764, 92887.71972191992, 102559.5027974489
736.063000202179, 92887.71972191992, 102559.5027974489
736.074000120163, 92887.71972191992, 102559.5027974489
736.076000213623, 92887.71972191992, 102559.5027974489
736.0889999866486, 92887.71972191992, 102559.5027974489
736.1019999980927, 92887.71972191992, 102559.5027974489
736.103000164032, 92887.71972191992, 102557.03971756123
736.103000164032, 92887.71972191992, 102557.03971756123
736.1230001449585, 92887.71972191992, 102557.03971756123
739.6460001468658, 92887.71972191992, 102557.03971756123
739.6520001888275, 92887.71972191992, 102557.03971756123
739.6600000858307, 92887.71972191992, 102557.03971756123
739.6679999828339, 92887.71972191992, 102557.03971756123
739.6740000247955, 92887.71972191992, 102553.06679649877
739.6800000667572, 92887.71972191992, 102553.06679649877
739.688000202179, 92887.71972191992, 102552.67177448807
739.6960000991821, 92887.71972191992, 102552.67177448807
739.7039999961853, 92887.71972191992, 102549.57101214323
739.710000038147, 92887.71972191992, 102549.57101214323
739.7180001735687, 92887.71972191992, 102549.57101214323
743.0820000171661, 92887.71972191992, 102549.57101214323
743.0920000076294, 92887.71972191992, 102549.57101214323
743.1040000915527, 92887.71972191992, 102549.57101214323
743.1119999885559, 92887.71972191992, 102549.57101214323
743.1280000209808, 92887.71972191992, 102549.57101214323
743.1349999904633, 92887.71972191992, 102549.57101214323
743.1370000839233, 92887.71972191992, 102549.57101214323
743.1530001163483, 92887.71972191992, 102549.57101214323
743.1590001583099, 92887.71972191992, 102549.57101214323
743.1670000553131, 92887.71972191992, 102549.57101214323
746.9530000686646, 92887.71972191992, 102549.57101214323
746.9610002040863, 92887.71972191992, 102549.32437980875
746.9720001220703, 92887.71972191992, 102549.32437980875
746.9850001335144, 92887.71972191992, 102546.80239025527
746.9940001964569, 92887.71972191992, 102546.80239025527
746.9940001964569, 92887.71972191992, 102546.80239025527
750.6370000839233, 92887.71972191992, 102546.80239025527
750.643000125885, 92887.71972191992, 102546.80239025527
750.654000043869, 92887.71972191992, 102546.80239025527
750.6640000343323, 92887.71972191992, 102541.86396972644
750.6740000247955, 92887.71972191992, 102541.86396972644
750.6740000247955, 92887.71972191992, 102541.86396972644
750.688000202179, 92887.71972191992, 102541.86396972644
750.688000202179, 92887.71972191992, 102539.8441415439
750.688000202179, 92887.71972191992, 102539.53610205415
750.7070000171661, 92887.71972191992, 102539.53610205415
754.3159999847412, 92887.71972191992, 102538.40484645992
754.3270001411438, 92887.71972191992, 102535.78917236306
754.3360002040863, 92887.71972191992, 102535.64772363557
754.3410000801086, 92887.71972191992, 102533.86576605523
757.8450000286102, 92887.71972191992, 102533.86576605523
757.8619999885559, 92887.71972191992, 102533.86576605523
757.8619999885559, 92887.71972191992, 102533.86576605523
757.882000207901, 92887.71972191992, 102533.86576605523
757.8830001354218, 92887.71972191992, 102533.5735885456
757.8970000743866, 92887.71972191992, 102533.5735885456
757.9120001792908, 92887.71972191992, 102530.84368792931
761.5670001506805, 92887.71972191992, 102530.22376938497
761.5830001831055, 92887.71972191992, 102530.22376938497
761.5920000076294, 92887.71972191992, 102526.75595167342
761.6040000915527, 92887.71972191992, 102524.9941289478
765.1960000991821, 92887.71972191992, 102524.9941289478
765.2130000591278, 92887.71972191992, 102524.9941289478
765.2210001945496, 92887.71972191992, 102524.9941289478
765.2269999980927, 92887.71972191992, 102524.9941289478
765.2420001029968, 92887.71972191992, 102524.28212128204
765.2520000934601, 92887.71972191992, 102524.28212128204
765.2610001564026, 92887.71972191992, 102524.28212128204
768.8680000305176, 92887.71972191992, 102523.8952275192
768.8810000419617, 92887.71972191992, 102523.8952275192
768.8830001354218, 92887.71972191992, 102523.8952275192
768.8830001354218, 92887.71972191992, 102523.8952275192
768.9000000953674, 92887.71972191992, 102523.8952275192
768.9079999923706, 92887.71972191992, 102523.8952275192
768.9160001277924, 92887.71972191992, 102521.21227477615
768.9160001277924, 92887.71972191992, 102520.89176055435
768.9340000152588, 92887.71972191992, 102520.89176055435
768.9340000152588, 92887.71972191992, 102520.89176055435
768.9539999961853, 92887.71972191992, 102520.89176055435
768.960000038147, 92887.71972191992, 102520.89176055435
768.9660000801086, 92887.71972191992, 102520.89176055435
768.9690001010895, 92887.71972191992, 102518.2509198724
768.9869999885559, 92887.71972191992, 102517.68616285422
772.4700000286102, 92887.71972191992, 102516.09367774351
772.478000164032, 92887.71972191992, 102516.09367774351
772.4869999885559, 92887.71972191992, 102516.09367774351
776.2750000953674, 92887.71972191992, 102511.89594863345
776.2860000133514, 92887.71972191992, 102511.89594863345
776.2980000972748, 92887.71972191992, 102511.89594863345
776.3090000152588, 92887.71972191992, 102511.89594863345
776.313000202179, 92887.71972191992, 102511.89594863345
776.3320000171661, 92887.71972191992, 102507.8054382081
776.3400001525879, 92887.71972191992, 102507.8054382081
776.3460001945496, 92887.71972191992, 102507.8054382081
780.0120000839233, 92887.71972191992, 102506.3785797539
780.0210001468658, 92887.71972191992, 102506.3785797539
780.029000043869, 92887.71972191992, 102506.3785797539
780.0400002002716, 92887.71972191992, 102506.3785797539
780.0510001182556, 92887.71972191992, 102506.3785797539
780.0520000457764, 92887.71972191992, 102505.6620731858
780.0710000991821, 92887.71972191992, 102505.6620731858
783.8600001335144, 92887.71972191992, 102499.69148491573
783.8770000934601, 92887.71972191992, 102499.69148491573
783.8770000934601, 92887.71972191992, 102499.69148491573
787.5440001487732, 92887.71972191992, 102494.75233105524
787.5460000038147, 92887.71972191992, 102494.75233105524
787.5600001811981, 92887.71972191992, 102494.75233105524
787.5659999847412, 92887.71972191992, 102494.75233105524
787.569000005722, 92887.71972191992, 102494.75233105524
787.5820000171661, 92887.71972191992, 102494.75233105524
787.5820000171661, 92887.71972191992, 102494.30175206134
787.5970001220703, 92887.71972191992, 102493.1467122036
787.5970001220703, 92887.71972191992, 102493.1467122036
787.6160001754761, 92887.71972191992, 102491.26948527609
787.6160001754761, 92887.71972191992, 102491.26948527609
787.6310000419617, 92887.71972191992, 102491.26948527609
787.6310000419617, 92887.71972191992, 102491.26948527609
791.188000202179, 92887.71972191992, 102490.87480842053
791.1900000572205, 92887.71972191992, 102488.95239860563
791.210000038147, 92887.71972191992, 102488.89802272289
791.2150001525879, 92887.71972191992, 102488.89802272289
791.2239999771118, 92887.71972191992, 102488.89802272289
791.239000082016, 92887.71972191992, 102488.89802272289
791.2430000305176, 92887.71972191992, 102488.89802272289
791.2430000305176, 92887.71972191992, 102488.89802272289
791.2599999904633, 92887.71972191992, 102488.89802272289
791.2599999904633, 92887.71972191992, 102488.8185835941
791.2760000228882, 92887.71972191992, 102488.8185835941
791.2770001888275, 92887.71972191992, 102487.50347484558
794.9320001602173, 92887.71972191992, 102485.77146629836
794.9320001602173, 92887.71972191992, 102483.21740515922
794.9480001926422, 92887.71972191992, 102483.21740515922
794.9480001926422, 92887.71972191992, 102482.70046393794
794.9670000076294, 92887.71972191992, 102482.70046393794
794.9760000705719, 92887.71972191992, 102482.70046393794
794.9840002059937, 92887.71972191992, 102482.70046393794
794.9840002059937, 92887.71972191992, 102482.70046393794
794.9990000724792, 92887.71972191992, 102482.70046393794
798.5, 92887.71972191992, 102481.49372931576
798.5110001564026, 92887.71972191992, 102481.49372931576
798.5250000953674, 92887.71972191992, 102481.49372931576
798.5370001792908, 92887.71972191992, 102481.49372931576
802.1550002098083, 92887.71972191992, 102478.42963953121
802.1650002002716, 92887.71972191992, 102478.42963953121
802.1750001907349, 92887.71972191992, 102478.23495260488
802.1750001907349, 92887.71972191992, 102478.20736501968
802.1890001296997, 92887.71972191992, 102478.20736501968
802.1890001296997, 92887.71972191992, 102477.99436491609
802.2060000896454, 92887.71972191992, 102477.99436491609
802.2060000896454, 92887.71972191992, 102477.99436491609
802.2239999771118, 92887.71972191992, 102476.91912552537
802.2239999771118, 92887.71972191992, 102476.91912552537
805.8489999771118, 92887.71972191992, 102476.60636372761
805.8489999771118, 92887.71972191992, 102475.46311430742
805.8770000934601, 92887.71972191992, 102475.46311430742
805.8910000324249, 92887.71972191992, 102474.57080167315
809.5230000019073, 92887.71972191992, 102474.57080167315
809.5400002002716, 92887.71972191992, 102474.57080167315
809.5400002002716, 92887.71972191992, 102473.92608060954
809.5530002117157, 92887.71972191992, 102473.92608060954
809.5570001602173, 92887.71972191992, 102473.92608060954
809.5700001716614, 92887.71972191992, 102473.92608060954
809.576000213623, 92887.71972191992, 102473.92608060954
809.5800001621246, 92887.71972191992, 102473.92608060954
809.5960001945496, 92887.71972191992, 102473.92608060954
809.6070001125336, 92887.71972191992, 102473.92608060954
809.6170001029968, 92887.71972191992, 102473.92608060954
813.2780001163483, 92887.71972191992, 102470.01950092612
813.2780001163483, 92887.71972191992, 102470.01950092612
813.2780001163483, 92887.71972191992, 102470.01950092612
813.2980000972748, 92887.71972191992, 102470.01950092612
813.308000087738, 92887.71972191992, 102470.01950092612
813.3180000782013, 92887.71972191992, 102470.01950092612
813.3270001411438, 92887.71972191992, 102470.01950092612
813.3310000896454, 92887.71972191992, 102470.01950092612
817.1160001754761, 92887.71972191992, 102467.0401418503
817.1270000934601, 92887.71972191992, 102467.0401418503
820.6340000629425, 92887.71972191992, 102463.65538197423
820.6440000534058, 92887.71972191992, 102463.65538197423
820.6510000228882, 92887.71972191992, 102463.5477025758
820.6610000133514, 92887.71972191992, 102463.5477025758
820.6670000553131, 92887.71972191992, 102463.5477025758
820.6710000038147, 92887.71972191992, 102461.59292711166
820.6710000038147, 92887.71972191992, 102461.43652036869
824.4370000362396, 92887.71972191992, 102461.43652036869
824.4460000991821, 92887.71972191992, 102461.43652036869
824.4550001621246, 92887.71972191992, 102461.43652036869
824.4630000591278, 92887.71972191992, 102461.43652036869
824.4720001220703, 92887.71972191992, 102461.43652036869
824.478000164032, 92887.71972191992, 102461.43652036869
824.4800000190735, 92887.71972191992, 102461.43652036869
824.4960000514984, 92887.71972191992, 102461.43652036869
824.4960000514984, 92887.71972191992, 102461.43652036869
824.5130000114441, 92887.71972191992, 102461.43652036869
824.5130000114441, 92887.71972191992, 102461.43652036869
828.045000076294, 92887.71972191992, 102461.43652036869
828.0490000247955, 92887.71972191992, 102461.43652036869
828.0640001296997, 92887.71972191992, 102461.43652036869
828.069000005722, 92887.71972191992, 102453.90792762942
828.0840001106262, 92887.71972191992, 102453.90792762942
831.7340002059937, 92887.71972191992, 102453.18924352736
831.7460000514984, 92887.71972191992, 102450.68452287154
831.75, 92887.71972191992, 102450.68452287154
831.7630000114441, 92887.71972191992, 102450.68452287154
831.7690000534058, 92887.71972191992, 102450.68452287154
831.7760000228882, 92887.71972191992, 102450.68452287154
831.779000043869, 92887.71972191992, 102450.68452287154
831.7960000038147, 92887.71972191992, 102450.68452287154
831.8030002117157, 92887.71972191992, 102447.85748035934
835.4150002002716, 92887.71972191992, 102447.13699753539
835.4320001602173, 92887.71972191992, 102445.09063014886
835.438000202179, 92887.71972191992, 102445.09063014886
835.451000213623, 92887.71972191992, 102445.09063014886
835.451000213623, 92887.71972191992, 102445.09063014886
839.0400002002716, 92887.71972191992, 102445.0573097
839.0570001602173, 92887.71972191992, 102445.0573097
839.0710000991821, 92887.71972191992, 102445.0573097
839.0730001926422, 92887.71972191992, 102445.0573097
839.0840001106262, 92887.71972191992, 102445.0573097
839.0900001525879, 92887.71972191992, 102445.0573097
839.1019999980927, 92887.71972191992, 102442.45545327279
842.7020001411438, 92887.71972191992, 102442.45545327279
842.7180001735687, 92887.71972191992, 102442.45545327279
842.7269999980927, 92887.71972191992, 102442.45545327279
842.7350001335144, 92887.71972191992, 102442.45545327279
842.7440001964569, 92887.71972191992, 102442.45545327279
842.7590000629425, 92887.71972191992, 102442.45545327279
842.7599999904633, 92887.71972191992, 102442.45545327279
842.7760000228882, 92887.71972191992, 102442.45545327279
842.7760000228882, 92887.71972191992, 102442.45545327279
842.7760000228882, 92887.71972191992, 102442.45545327279
842.795000076294, 92887.71972191992, 102442.45545327279
842.8010001182556, 92887.71972191992, 102442.45545327279
842.8090000152588, 92887.71972191992, 102442.45545327279
842.8180000782013, 92887.71972191992, 102442.45545327279
846.4120001792908, 92887.71972191992, 102440.9836137154
846.4170000553131, 92887.71972191992, 102440.9836137154
846.4300000667572, 92887.71972191992, 102440.9836137154
846.438000202179, 92887.71972191992, 102440.9836137154
846.438000202179, 92887.71972191992, 102440.9836137154
846.4590001106262, 92887.71972191992, 102440.9836137154
846.4650001525879, 92887.71972191992, 102440.9836137154
846.4730000495911, 92887.71972191992, 102440.9836137154
846.4830000400543, 92887.71972191992, 102440.9836137154
846.4860000610352, 92887.71972191992, 102440.9836137154
846.5050001144409, 92887.71972191992, 102440.9836137154
846.5160000324249, 92887.71972191992, 102440.9836137154
849.893000125885, 92887.71972191992, 102440.9836137154
849.9020001888275, 92887.71972191992, 102440.9836137154
849.9100000858307, 92887.71972191992, 102440.9836137154
849.9170000553131, 92887.71972191992, 102440.9836137154
849.9170000553131, 92887.71972191992, 102440.9836137154
849.9280002117157, 92887.71972191992, 102440.9836137154
853.5880000591278, 92887.71972191992, 102440.9836137154
853.6019999980927, 92887.71972191992, 102440.9836137154
853.6100001335144, 92887.71972191992, 102440.9836137154
853.6219999790192, 92887.71972191992, 102440.9836137154
853.625, 92887.71972191992, 102440.9836137154
853.625, 92887.71972191992, 102433.25574632961
853.6410000324249, 92887.71972191992, 102433.25574632961
853.6410000324249, 92887.71972191992, 102433.25574632961
853.6579999923706, 92887.71972191992, 102433.25574632961
853.6579999923706, 92887.71972191992, 102433.25574632961
853.6740000247955, 92887.71972191992, 102433.20605047062
853.6740000247955, 92887.71972191992, 102433.08739473755
853.6909999847412, 92887.71972191992, 102433.08739473755
853.6909999847412, 92887.71972191992, 102433.08739473755
853.7070000171661, 92887.71972191992, 102433.08739473755
853.7160000801086, 92887.71972191992, 102433.08739473755
857.4690001010895, 92887.71972191992, 102431.00104852446
857.4810001850128, 92887.71972191992, 102430.90622477773
857.4880001544952, 92887.71972191992, 102430.90622477773
861.422000169754, 92887.71972191992, 102430.90622477773
861.4270000457764, 92887.71972191992, 102430.90622477773
861.4460000991821, 92887.71972191992, 102425.360782317
865.2350001335144, 92887.71972191992, 102425.360782317
865.2450001239777, 92887.71972191992, 102423.60345077538
865.2580001354218, 92887.71972191992, 102423.60345077538
865.2620000839233, 92887.71972191992, 102422.35758777101
865.2750000953674, 92887.71972191992, 102422.35758777101
869.3389999866486, 92887.71972191992, 102421.65058480354
869.3480000495911, 92887.71972191992, 102421.65058480354
869.3480000495911, 92887.71972191992, 102421.65058480354
869.3480000495911, 92887.71972191992, 102421.2718793772
869.364000082016, 92887.71972191992, 102421.2718793772
869.364000082016, 92887.71972191992, 102421.2718793772
869.3810000419617, 92887.71972191992, 102421.2718793772
869.3900001049042, 92887.71972191992, 102421.2718793772
869.3980000019073, 92887.71972191992, 102421.2718793772
869.3980000019073, 92887.71972191992, 102420.80199996346
873.0620000362396, 92887.71972191992, 102415.47146859356
873.0710000991821, 92887.71972191992, 102415.47146859356
873.0789999961853, 92887.71972191992, 102415.47146859356
873.0900001525879, 92887.71972191992, 102415.47146859356
873.0960001945496, 92887.71972191992, 102414.83337424134
873.103000164032, 92887.71972191992, 102414.83337424134
873.103000164032, 92887.71972191992, 102414.83337424134
873.1190001964569, 92887.71972191992, 102414.83337424134
877.1410000324249, 92887.71972191992, 102412.53085768633
877.1640000343323, 92887.71972191992, 102412.47548161466
877.1750001907349, 92887.71972191992, 102412.41577621037
877.1850001811981, 92887.71972191992, 102412.41577621037
877.1920001506805, 92887.71972191992, 102412.41577621037
877.2000000476837, 92887.71972191992, 102410.24924046057
877.2080001831055, 92887.71972191992, 102410.24924046057
877.2160000801086, 92887.71972191992, 102406.39760416525
881.0810000896454, 92887.71972191992, 102406.39760416525
881.0900001525879, 92887.71972191992, 102406.39760416525
881.0980000495911, 92887.71972191992, 102406.39760416525
881.1150000095367, 92887.71972191992, 102406.39760416525
881.1170001029968, 92887.71972191992, 102406.39760416525
881.1170001029968, 92887.71972191992, 102406.39760416525
881.1340000629425, 92887.71972191992, 102406.39760416525
885.0720000267029, 93231.40566943004, 102405.2491736398
885.076000213623, 93231.40566943004, 102405.2491736398
885.0910000801086, 93231.40566943004, 102405.2491736398
885.0989999771118, 93231.40566943004, 102405.2491736398
885.0989999771118, 93231.40566943004, 102405.2491736398
885.1119999885559, 93231.40566943004, 102405.2491736398
885.1119999885559, 93231.40566943004, 102405.2491736398
885.1280000209808, 93231.40566943004, 102403.24315353448
885.1280000209808, 93231.40566943004, 102402.38559971417
889.1640000343323, 93231.40566943004, 102402.31320834524
889.1640000343323, 93231.40566943004, 102397.84292363013
892.8480000495911, 93231.40566943004, 102397.3997746494
892.8510000705719, 93231.40566943004, 102395.87683708445
892.8660001754761, 93231.40566943004, 102395.87683708445
892.8719999790192, 93231.40566943004, 102395.87683708445
892.8800001144409, 93231.40566943004, 102395.87683708445
892.882000207901, 93231.40566943004, 102395.87683708445
892.8949999809265, 93231.40566943004, 102395.87683708445
892.9000000953674, 93231.40566943004, 102395.87683708445
892.9150002002716, 93231.40566943004, 102395.87683708445
892.922000169754, 93231.40566943004, 102395.87683708445
896.6620001792908, 93231.40566943004, 102393.19958730487
896.6660001277924, 93231.40566943004, 102393.19958730487
896.6840000152588, 93231.40566943004, 102393.19958730487
896.6960000991821, 93231.40566943004, 102393.19958730487
896.710000038147, 93231.40566943004, 102393.19958730487
896.712000131607, 93231.40566943004, 102393.19958730487
896.7290000915527, 93231.40566943004, 102393.19958730487
900.5360000133514, 93231.40566943004, 102389.00186881819
900.5530002117157, 93231.40566943004, 102389.00186881819
900.5570001602173, 93231.40566943004, 102388.94497449663
900.5720000267029, 93231.40566943004, 102388.94497449663
900.5720000267029, 93231.40566943004, 102388.94497449663
900.587000131607, 93231.40566943004, 102388.94497449663
900.587000131607, 93231.40566943004, 102388.94497449663
900.6040000915527, 93231.40566943004, 102388.94497449663
900.6070001125336, 93231.40566943004, 102388.94497449663
900.6200001239777, 93231.40566943004, 102388.94497449663
900.6219999790192, 93231.40566943004, 102388.8867996535
900.6219999790192, 93231.40566943004, 102388.8867996535
900.6380000114441, 93231.40566943004, 102388.8867996535
900.6380000114441, 93231.40566943004, 102388.8867996535
900.6560001373291, 93231.40566943004, 102388.8867996535
900.6610000133514, 93231.40566943004, 102388.8867996535
900.6740000247955, 93231.40566943004, 102387.58090508568
904.558000087738, 93231.40566943004, 102387.08350272974
904.5680000782013, 93231.40566943004, 102386.82168708704
904.5750000476837, 93231.40566943004, 102386.82168708704
904.587000131607, 93231.40566943004, 102386.82168708704
908.5030000209808, 93231.40566943004, 102384.88783093546
908.5199999809265, 93231.40566943004, 102384.88783093546
908.5199999809265, 93231.40566943004, 102384.54141671924
911.9010000228882, 93231.40566943004, 102378.38920745107
911.9140000343323, 93231.40566943004, 102378.38920745107
911.9240000247955, 93231.40566943004, 102378.38920745107
911.9340000152588, 93231.40566943004, 102377.57301063671
911.9460000991821, 93231.40566943004, 102377.57301063671
911.9570000171661, 93231.40566943004, 102377.57301063671
915.7720000743866, 93231.40566943004, 102377.57301063671
915.7800002098083, 93231.40566943004, 102377.57301063671
915.7920000553131, 93231.40566943004, 102377.57301063671
915.8020000457764, 93231.40566943004, 102377.57301063671
915.8110001087189, 93231.40566943004, 102377.57301063671
915.819000005722, 93231.40566943004, 102375.12439608079
915.8289999961853, 93231.40566943004, 102375.12439608079
919.7250001430511, 93231.40566943004, 102375.12439608079
919.7369999885559, 93231.40566943004, 102375.12439608079
919.7460000514984, 93231.40566943004, 102375.12439608079
919.7540001869202, 93231.40566943004, 102375.12439608079
919.7610001564026, 93231.40566943004, 102375.12439608079
919.7690000534058, 93231.40566943004, 102375.12439608079
919.7780001163483, 93231.40566943004, 102375.12439608079
919.7880001068115, 93231.40566943004, 102371.32217379565
923.4680001735687, 93231.40566943004, 102370.89507799628
923.4769999980927, 93231.40566943004, 102370.89507799628
923.4830000400543, 93231.40566943004, 102370.89507799628
923.4880001544952, 93231.40566943004, 102370.89507799628
923.4980001449585, 93231.40566943004, 102370.89507799628
923.5030000209808, 93231.40566943004, 102370.89507799628
923.5170001983643, 93231.40566943004, 102370.89507799628
923.5199999809265, 93231.40566943004, 102370.89507799628
923.5350000858307, 93231.40566943004, 102368.53428242469
923.5370001792908, 93231.40566943004, 102368.53428242469
923.5520000457764, 93231.40566943004, 102368.53428242469
923.5520000457764, 93231.40566943004, 102368.53428242469
923.5670001506805, 93231.40566943004, 102368.53428242469
927.7469999790192, 93231.40566943004, 102365.806162582
927.7610001564026, 93231.40566943004, 102365.806162582
927.7750000953674, 93231.40566943004, 102365.72107676731
927.7840001583099, 93231.40566943004, 102365.72107676731
927.7840001583099, 93231.40566943004, 102365.72107676731
927.8030002117157, 93231.40566943004, 102365.72107676731
927.8100001811981, 93231.40566943004, 102365.72107676731
927.8210000991821, 93231.40566943004, 102365.72107676731
927.8320000171661, 93231.40566943004, 102365.72107676731
927.8430001735687, 93231.40566943004, 102364.07631405171
931.9980001449585, 93231.40566943004, 102364.07631405171
932.0060000419617, 93231.40566943004, 102364.07631405171
932.0160000324249, 93231.40566943004, 102364.07631405171
932.0280001163483, 93231.40566943004, 102364.07631405171
932.0390000343323, 93231.40566943004, 102364.07631405171
936.1890001296997, 93231.40566943004, 102364.07631405171
936.201000213623, 93231.40566943004, 102364.07631405171
936.2110002040863, 93231.40566943004, 102364.07631405171
936.2190001010895, 93231.40566943004, 102364.07631405171
936.2210001945496, 93231.40566943004, 102364.07631405171
936.2350001335144, 93231.40566943004, 102364.07631405171
940.337000131607, 93231.40566943004, 102357.34501711011
940.3470001220703, 93231.40566943004, 102357.34501711011
940.3570001125336, 93231.40566943004, 102357.34501711011
940.3700001239777, 93231.40566943004, 102351.49620709449
944.2620000839233, 93231.40566943004, 102351.49620709449
944.2620000839233, 93231.40566943004, 102351.49620709449
944.279000043869, 93231.40566943004, 102351.49620709449
944.279000043869, 93231.40566943004, 102351.49620709449
944.2990000247955, 93231.40566943004, 102351.49620709449
944.3050000667572, 93231.40566943004, 102351.49620709449
944.3140001296997, 93231.40566943004, 102351.49620709449
944.3220000267029, 93231.40566943004, 102351.49620709449
944.324000120163, 93231.40566943004, 102351.49620709449
944.3340001106262, 93231.40566943004, 102351.49620709449
944.3430001735687, 93231.40566943004, 102349.7556988746
944.3470001220703, 93231.40566943004, 102349.7556988746
948.1000001430511, 93231.40566943004, 102349.7556988746
948.1000001430511, 93231.40566943004, 102349.7556988746
948.1190001964569, 93231.40566943004, 102349.7556988746
948.1230001449585, 93231.40566943004, 102349.7556988746
948.1360001564026, 93231.40566943004, 102349.7556988746
948.1360001564026, 93231.40566943004, 102349.7556988746
948.1510000228882, 93231.40566943004, 102349.7556988746
948.1510000228882, 93231.40566943004, 102349.7556988746
952.3050000667572, 93231.40566943004, 102347.24752437173
952.3110001087189, 93231.40566943004, 102347.24752437173
952.319000005722, 93231.40566943004, 102347.24752437173
952.3300001621246, 93231.40566943004, 102347.24752437173
952.3389999866486, 93231.40566943004, 102347.24752437173
952.3450000286102, 93231.40566943004, 102347.24752437173
952.3450000286102, 93231.40566943004, 102347.24752437173
956.4390001296997, 93231.40566943004, 102345.18148250646
956.4520001411438, 93231.40566943004, 102345.18148250646
956.4650001525879, 93231.40566943004, 102344.62373938659
956.4790000915527, 93231.40566943004, 102343.60011124365
956.4869999885559, 93231.40566943004, 102343.60011124365
956.4900000095367, 93231.40566943004, 102343.60011124365
956.5060000419617, 93231.40566943004, 102343.60011124365
956.507000207901, 93231.40566943004, 102342.79493141829
956.5260000228882, 93231.40566943004, 102342.79493141829
960.6909999847412, 93231.40566943004, 102342.79493141829
960.7039999961853, 93231.40566943004, 102342.79493141829
960.7170000076294, 93231.40566943004, 102342.79493141829
960.7230000495911, 93231.40566943004, 102342.79493141829
964.9150002002716, 93231.40566943004, 102336.36328040356
964.930999994278, 93231.40566943004, 102334.92139575497
969.0420000553131, 93231.40566943004, 102334.92139575497
969.055999994278, 93231.40566943004, 102334.92139575497
969.0670001506805, 93231.40566943004, 102334.92139575497
969.076000213623, 93231.40566943004, 102334.92139575497
969.0830001831055, 93231.40566943004, 102334.92139575497
972.8170001506805, 93231.40566943004, 102328.9580616435
972.826000213623, 93231.40566943004, 102328.9580616435
972.8330001831055, 93231.40566943004, 102328.9580616435
972.8450000286102, 93231.40566943004, 102328.9580616435
972.8570001125336, 93231.40566943004, 102328.9580616435
972.8580000400543, 93231.40566943004, 102328.9580616435
972.8580000400543, 93231.40566943004, 102328.9580616435
972.8740000724792, 93231.40566943004, 102328.9580616435
972.8740000724792, 93231.40566943004, 102328.9580616435
972.8880000114441, 93231.40566943004, 102328.9580616435
972.8880000114441, 93231.40566943004, 102328.9580616435
972.9070000648499, 93231.40566943004, 102324.8277095234
972.922000169754, 93231.40566943004, 102324.8277095234
976.9750001430511, 93231.40566943004, 102324.1131840108
976.9820001125336, 93231.40566943004, 102324.1131840108
976.9900000095367, 93231.40566943004, 102324.1131840108
980.9130001068115, 93231.40566943004, 102320.25393651576
980.9160001277924, 93231.40566943004, 102320.25393651576
980.933000087738, 93231.40566943004, 102320.25393651576
980.9409999847412, 93231.40566943004, 102320.25393651576
980.9409999847412, 93231.40566943004, 102320.25393651576
980.9560000896454, 93231.40566943004, 102320.25393651576
980.9630000591278, 93231.40566943004, 102320.25393651576
980.9720001220703, 93231.40566943004, 102319.41842340743
980.9810001850128, 93231.40566943004, 102317.05780437507
980.9840002059937, 93231.40566943004, 102317.05780437507
980.9840002059937, 93231.40566943004, 102317.05780437507
981.0040001869202, 93231.40566943004, 102317.057280476
984.9920001029968, 93231.40566943004, 102317.057280476
985.0, 93231.40566943004, 102317.057280476
985.0090000629425, 93231.40566943004, 102317.057280476
985.0170001983643, 93231.40566943004, 102317.057280476
985.0230000019073, 93231.40566943004, 102317.057280476
985.029000043869, 93231.40566943004, 102317.057280476
985.0320000648499, 93231.40566943004, 102311.72034698153
989.1930000782013, 93231.40566943004, 102311.28086231397
989.1930000782013, 93231.40566943004, 102311.28086231397
989.2090001106262, 93231.40566943004, 102311.28086231397
989.2150001525879, 93231.40566943004, 102311.28086231397
989.2210001945496, 93231.40566943004, 102311.28086231397
989.228000164032, 93231.40566943004, 102311.28086231397
989.2360000610352, 93231.40566943004, 102310.5985894374
989.2430000305176, 93231.40566943004, 102310.5985894374
989.2469999790192, 93231.40566943004, 102310.5985894374
989.2530000209808, 93231.40566943004, 102310.5985894374
989.2599999904633, 93231.40566943004, 102310.5985894374
989.268000125885, 93231.40566943004, 102306.60754760983
989.2750000953674, 93231.40566943004, 102306.60754760983
993.4500000476837, 93231.40566943004, 102303.69415256336
993.4610002040863, 93231.40566943004, 102303.69415256336
993.4760000705719, 93231.40566943004, 102303.69415256336
993.4760000705719, 93231.40566943004, 102303.55498364528
993.4910001754761, 93231.40566943004, 102303.55498364528
997.5199999809265, 93231.40566943004, 102301.03446341598
997.5220000743866, 93231.40566943004, 102301.03446341598
997.5429999828339, 93231.40566943004, 102301.03446341598
997.555999994278, 93231.40566943004, 102301.03446341598
997.5570001602173, 93231.40566943004, 102301.03446341598
997.5730001926422, 93231.40566943004, 102301.03446341598
997.5730001926422, 93231.40566943004, 102301.03446341598
997.5930001735687, 93231.40566943004, 102301.03446341598
997.5930001735687, 93231.40566943004, 102301.03446341598
997.6090002059937, 93231.40566943004, 102295.77323196032
997.6090002059937, 93231.40566943004, 102295.77323196032
1001.9900000095367, 93231.40566943004, 102294.3369219928
1001.9990000724792, 93231.40566943004, 102293.0362575718
1002.0050001144409, 93231.40566943004, 102293.0362575718
1002.0140001773834, 93231.40566943004, 102293.0362575718
1002.0240001678467, 93231.40566943004, 102291.77977553698
1002.029000043869, 93231.40566943004, 102291.77977553698
1002.0460000038147, 93231.40566943004, 102291.77977553698
1006.103000164032, 93231.40566943004, 102291.77977553698
1006.1080000400543, 93231.40566943004, 102291.77977553698
1006.1210000514984, 93231.40566943004, 102291.77977553698
1006.1290001869202, 93231.40566943004, 102289.88305913979
1006.143000125885, 93231.40566943004, 102289.88305913979
1010.324000120163, 93231.40566943004, 102289.3055940454
1010.3360002040863, 93231.40566943004, 102289.3055940454
1010.3460001945496, 93231.40566943004, 102289.3055940454
1010.3550000190735, 93231.40566943004, 102289.3055940454
1010.3650000095367, 93231.40566943004, 102286.37509572635
1014.6620001792908, 93231.40566943004, 102286.37509572635
1014.672000169754, 93231.40566943004, 102286.37509572635
1014.6800000667572, 93231.40566943004, 102286.37509572635
1014.6860001087189, 93231.40566943004, 102286.37509572635
1014.694000005722, 93231.40566943004, 102286.37509572635
1014.7020001411438, 93231.40566943004, 102286.37509572635
1014.7060000896454, 93231.40566943004, 102286.37509572635
1014.7139999866486, 93231.40566943004, 102286.37509572635
1018.9079999923706, 93231.40566943004, 102283.35528314927
1018.9230000972748, 93231.40566943004, 102283.35528314927
1018.9280002117157, 93231.40566943004, 102279.82903210516
1018.9470000267029, 93231.40566943004, 102279.82903210516
1018.9550001621246, 93231.40566943004, 102279.82903210516
1018.9650001525879, 93231.40566943004, 102278.71878733521
1018.9760000705719, 93231.40566943004, 102278.71878733521
1018.9769999980927, 93231.40566943004, 102278.71878733521
1018.9950001239777, 93231.40566943004, 102278.71878733521
1023.1790001392365, 93231.40566943004, 102278.71878733521
1023.201000213623, 93231.40566943004, 102278.71878733521
1023.212000131607, 93231.40566943004, 102278.71878733521
1023.2250001430511, 93231.40566943004, 102277.72108047376
1023.2430000305176, 93231.40566943004, 102274.17043280479
1023.2430000305176, 93231.40566943004, 102274.01004860841
1023.2620000839233, 93231.40566943004, 102274.01004860841
1023.2620000839233, 93231.40566943004, 102274.01004860841
1023.2770001888275, 93231.40566943004, 102274.01004860841
1023.279000043869, 93231.40566943004, 102274.01004860841
1023.279000043869, 93231.40566943004, 102274.01004860841
1023.3010001182556, 93231.40566943004, 102274.01004860841
1027.3740000724792, 93231.40566943004, 102274.01004860841
1027.391000032425, 93231.40566943004, 102274.01004860841
1027.404000043869, 93231.40566943004, 102274.01004860841
1027.4190001487732, 93231.40566943004, 102274.01004860841
1027.4270000457764, 93231.40566943004, 102274.01004860841
1027.4270000457764, 93231.40566943004, 102274.01004860841
1031.4990000724792, 93231.40566943004, 102274.01004860841
1031.4990000724792, 93231.40566943004, 102274.01004860841
1031.518000125885, 93231.40566943004, 102274.01004860841
1031.5250000953674, 93231.40566943004, 102274.01004860841
1031.5350000858307, 93231.40566943004, 102274.01004860841
1031.5350000858307, 93231.40566943004, 102270.66271625926
1031.5510001182556, 93231.40566943004, 102270.46547734794
1031.5680000782013, 93231.40566943004, 102270.46547734794
1031.5680000782013, 93231.40566943004, 102270.46547734794
1031.5860002040863, 93231.40566943004, 102270.46547734794
1031.5860002040863, 93231.40566943004, 102268.75570509511
1031.601000070572, 93231.40566943004, 102268.38711447461
1031.603000164032, 93231.40566943004, 102266.94699322051
1031.603000164032, 93231.40566943004, 102266.94699322051
1031.619000196457, 93231.40566943004, 102266.94699322051
1035.8300001621246, 93231.40566943004, 102266.94699322051
1035.840000152588, 93231.40566943004, 102266.94699322051
1035.8519999980927, 93231.40566943004, 102266.94699322051
1035.8580000400543, 93231.40566943004, 102264.46640986209
1035.8580000400543, 93231.40566943004, 102264.46640986209
1035.8740000724792, 93231.40566943004, 102264.46640986209
1035.8920001983643, 93231.40566943004, 102261.13869595899
1039.9150002002716, 93231.40566943004, 102261.13869595899
1039.9270000457764, 93231.40566943004, 102261.13869595899
1039.9320001602173, 93231.40566943004, 102261.13869595899
1039.9420001506805, 93231.40566943004, 102261.13869595899
1039.949000120163, 93231.40566943004, 102261.13869595899
1039.949000120163, 93231.40566943004, 102261.13869595899
1039.9639999866486, 93231.40566943004, 102261.13869595899
1039.9710001945496, 93231.40566943004, 102261.13869595899
1039.9820001125336, 93231.40566943004, 102261.13869595899
1039.9830000400543, 93231.40566943004, 102261.13869595899
1039.9830000400543, 93231.40566943004, 102261.13869595899
1040.0, 93231.40566943004, 102261.13869595899
1040.018000125885, 93231.40566943004, 102261.13869595899
1040.018000125885, 93231.40566943004, 102261.13869595899
1040.03400015831, 93231.40566943004, 102261.13869595899
1040.047000169754, 93231.40566943004, 102261.13869595899
1044.3050000667572, 93231.40566943004, 102260.10991220636
1044.3159999847412, 93231.40566943004, 102260.10991220636
1044.3310000896454, 93231.40566943004, 102260.10991220636
1044.3360002040863, 93231.40566943004, 102255.9977648062
1044.3540000915527, 93231.40566943004, 102253.44093194975
1044.369000196457, 93231.40566943004, 102253.44093194975
1048.6920001506805, 93231.40566943004, 102253.44093194975
1048.7080001831055, 93231.40566943004, 102253.44093194975
1048.7160000801086, 93231.40566943004, 102253.44093194975
1048.7250001430511, 93231.40566943004, 102253.44093194975
1048.7310001850128, 93231.40566943004, 102253.44093194975
1048.741000175476, 93231.40566943004, 102253.44093194975
1048.741000175476, 93231.40566943004, 102253.44093194975
1048.7610001564026, 93231.40566943004, 102253.44093194975
1048.7670001983643, 93231.40566943004, 102252.28227854821
1048.7740001678467, 93231.40566943004, 102252.28227854821
1048.7750000953674, 93231.40566943004, 102252.28227854821
1052.715000152588, 93231.40566943004, 102249.19696964788
1052.7290000915527, 93231.40566943004, 102248.79237973555
1052.7420001029968, 93231.40566943004, 102248.79237973555
1052.7420001029968, 93231.40566943004, 102248.79237973555
1052.7580001354218, 93231.40566943004, 102248.79237973555
1052.7710001468658, 93231.40566943004, 102248.79237973555
1052.7740001678467, 93231.40566943004, 102248.79237973555
1052.7740001678467, 93231.40566943004, 102248.79237973555
1056.9300000667572, 93231.40566943004, 102248.79237973555
1056.938000202179, 93231.40566943004, 102248.79237973555
1056.9450001716614, 93231.40566943004, 102248.79237973555
1056.9530000686646, 93231.40566943004, 102248.79237973555
1056.9660000801086, 93231.40566943004, 102248.79237973555
1056.9769999980927, 93231.40566943004, 102243.29369669395
1061.2050001621246, 93231.40566943004, 102242.66515684706
1061.2160000801086, 93231.40566943004, 102242.66515684706
1061.2239999771118, 93231.40566943004, 102242.66515684706
1061.236999988556, 93231.40566943004, 102242.66515684706
1061.2460000514984, 93231.40566943004, 102242.66515684706
1061.2480001449585, 93231.40566943004, 102242.66515684706
1061.2480001449585, 93231.40566943004, 102242.66515684706
1065.3610000610352, 93231.40566943004, 102242.66515684706
1065.3780000209808, 93231.40566943004, 102242.66515684706
1065.3890001773834, 93231.40566943004, 102242.66515684706
1065.3960001468658, 93231.40566943004, 102242.66515684706
1065.3960001468658, 93231.40566943004, 102242.66515684706
1065.4140000343323, 93231.40566943004, 102242.66515684706
1065.4140000343323, 93231.40566943004, 102242.66515684706
1065.430999994278, 93231.40566943004, 102242.66515684706
1065.430999994278, 93231.40566943004, 102242.66515684706
1065.4460000991821, 93231.40566943004, 102242.66515684706
1065.4480001926422, 93231.40566943004, 102242.66515684706
1065.4630000591278, 93231.40566943004, 102238.61746082883
1065.4720001220703, 93231.40566943004, 102238.61746082883
1065.4800000190735, 93231.40566943004, 102238.61746082883
1065.4800000190735, 93231.40566943004, 102238.61746082883
1065.4960000514984, 93231.40566943004, 102238.61746082883
1065.5040001869202, 93231.40566943004, 102238.61746082883
1069.8550000190735, 93231.40566943004, 102236.90444606508
1069.8740000724792, 93231.40566943004, 102236.90444606508
1069.87700009346, 93231.40566943004, 102236.90444606508
1069.888000011444, 93231.40566943004, 102236.90444606508
1069.888000011444, 93231.40566943004, 102236.6314605474
1069.9010000228882, 93231.40566943004, 102236.6314605474
1069.9050002098083, 93231.40566943004, 102236.6314605474
1069.9190001487732, 93231.40566943004, 102236.6314605474
1069.9230000972748, 93231.40566943004, 102236.35720271055
1069.9340000152588, 93231.40566943004, 102236.35720271055
1069.944000005722, 93231.40566943004, 102236.35720271055
1074.1890001296997, 93231.40566943004, 102234.58624103393
1074.2060000896454, 93231.40566943004, 102234.58624103393
1074.215000152588, 93231.40566943004, 102234.58624103393
1074.215000152588, 93231.40566943004, 102234.58624103393
1074.2380001544952, 93231.40566943004, 102234.58624103393
1074.2460000514984, 93231.40566943004, 102234.58624103393
1074.25200009346, 93231.40566943004, 102234.58624103393
1074.25200009346, 93231.40566943004, 102233.24765546223
1074.266000032425, 93231.40566943004, 102233.24765546223
1074.266000032425, 93231.40566943004, 102230.0130943307
1074.2820000648499, 93231.40566943004, 102228.90650452614
1078.7690000534058, 93231.40566943004, 102228.90650452614
1078.7890000343323, 93231.40566943004, 102228.90650452614
1078.8040001392365, 93231.40566943004, 102228.90650452614
1078.813000202179, 93231.40566943004, 102228.90650452614
1078.8220000267029, 93231.40566943004, 102228.90650452614
1078.8320000171661, 93231.40566943004, 102228.90650452614
1078.837000131607, 93231.40566943004, 102228.90650452614
1078.837000131607, 93231.40566943004, 102228.90650452614
1078.8560001850128, 93231.40566943004, 102224.70430781387
1078.8560001850128, 93231.40566943004, 102224.70430781387
1082.848000049591, 93231.40566943004, 102224.70430781387
1082.8680000305176, 93231.40566943004, 102224.68102635905
1082.880000114441, 93231.40566943004, 102222.27581718328
1082.8870000839233, 93231.40566943004, 102222.27581718328
1082.8870000839233, 93231.40566943004, 102222.27581718328
1082.9010000228882, 93231.40566943004, 102222.27581718328
1082.9010000228882, 93231.40566943004, 102222.27581718328
1082.9179999828339, 93231.40566943004, 102219.84914838734
1087.0600001811981, 93231.40566943004, 102219.84914838734
1087.0680000782013, 93231.40566943004, 102219.84914838734
1087.0800001621246, 93231.40566943004, 102219.84914838734
1087.0880000591278, 93231.40566943004, 102219.84914838734
1087.0960001945496, 93231.40566943004, 102219.84914838734
1087.1019999980927, 93231.40566943004, 102219.84914838734
1087.1110000610352, 93231.40566943004, 102219.84914838734
1087.1210000514984, 93231.40566943004, 102219.84914838734
1087.1210000514984, 93231.40566943004, 102219.84914838734
1087.138000011444, 93231.40566943004, 102219.84914838734
1087.1530001163483, 93231.40566943004, 102219.84914838734
1087.156000137329, 93231.40566943004, 102219.84914838734
1087.156000137329, 93231.40566943004, 102216.68851842005
1091.337000131607, 93231.40566943004, 102216.68851842005
1091.3590002059937, 93231.40566943004, 102216.68851842005
1091.3700001239777, 93231.40566943004, 102216.68851842005
1091.3740000724792, 93231.40566943004, 102216.68851842005
1091.3870000839233, 93231.40566943004, 102216.68851842005
1091.3870000839233, 93231.40566943004, 102216.68851842005
1091.4050002098083, 93231.40566943004, 102216.68851842005
1091.4050002098083, 93231.40566943004, 102216.68851842005
1091.4190001487732, 93231.40566943004, 102216.68851842005
1091.4210000038147, 93231.40566943004, 102216.68851842005
1091.4360001087189, 93231.40566943004, 102216.101055201
1091.438000202179, 93231.40566943004, 102216.101055201
1091.438000202179, 93231.40566943004, 102216.101055201
1091.4570000171661, 93231.40566943004, 102216.101055201
1095.680999994278, 93231.40566943004, 102216.101055201
1095.6920001506805, 93231.40566943004, 102216.101055201
1095.7000000476837, 93231.40566943004, 102216.101055201
1095.7070000171661, 93231.40566943004, 102214.13456751061
1095.7070000171661, 93231.40566943004, 102214.13456751061
1095.723000049591, 93231.40566943004, 102214.13456751061
1100.0240001678467, 93231.40566943004, 102214.13456751061
1100.0370001792908, 93231.40566943004, 102214.13456751061
1100.045000076294, 93231.40566943004, 102214.13456751061
1100.0530002117157, 93231.40566943004, 102214.13456751061
1100.0590000152588, 93231.40566943004, 102214.13456751061
1100.069000005722, 93231.40566943004, 102214.13456751061
1100.0750000476837, 93231.40566943004, 102214.13456751061
1100.0750000476837, 93231.40566943004, 102214.13456751061
1100.0930001735687, 93231.40566943004, 102214.13456751061
1100.0930001735687, 93231.40566943004, 102214.13456751061
1100.1100001335144, 93231.40566943004, 102214.13456751061
1100.111999988556, 93231.40566943004, 102214.13456751061
1100.111999988556, 93231.40566943004, 102211.58678138652
1100.1280000209808, 93231.40566943004, 102211.58678138652
1100.1280000209808, 93231.40566943004, 102207.52296096653
1104.5120000839233, 93231.40566943004, 102207.52296096653
1104.5199999809265, 93231.40566943004, 102207.52296096653
1104.5270001888275, 93231.40566943004, 102207.52296096653
1104.5370001792908, 93231.40566943004, 102206.20932819162
1104.5440001487732, 93231.40566943004, 102206.20932819162
1104.5520000457764, 93231.40566943004, 102206.20932819162
1104.5590000152588, 93231.40566943004, 102206.20932819162
1108.8000001907349, 93231.40566943004, 102204.76317570856
1108.8120000362396, 93231.40566943004, 102204.52236386893
1113.0650000572205, 93231.40566943004, 102204.52236386893
1113.069000005722, 93231.40566943004, 102204.52236386893
1113.0889999866486, 93231.40566943004, 102204.52236386893
1113.0910000801086, 93231.40566943004, 102204.52236386893
1113.1050000190735, 93231.40566943004, 102204.52236386893
1113.119000196457, 93231.40566943004, 102202.21894953647
1113.1230001449585, 93231.40566943004, 102202.21894953647
1113.1230001449585, 93231.40566943004, 102202.21894953647
1113.1370000839233, 93231.40566943004, 102202.21894953647
1113.1370000839233, 93231.40566943004, 102202.21894953647
1113.1550002098083, 93231.40566943004, 102199.8458268015
1117.5780000686646, 93231.40566943004, 102196.33201162775
1117.5970001220703, 93231.40566943004, 102196.33201162775
1117.6060001850128, 93231.40566943004, 102195.4394717562
1117.614000082016, 93231.40566943004, 102195.4394717562
1117.6280000209808, 93231.40566943004, 102195.4394717562
1117.6290001869202, 93231.40566943004, 102195.4394717562
1117.6449999809265, 93231.40566943004, 102195.2662043914
1117.6570000648499, 93231.40566943004, 102195.2662043914
1122.0390000343323, 93231.40566943004, 102195.2662043914
1122.042000055313, 93231.40566943004, 102195.2662043914
1122.0620000362396, 93231.40566943004, 102195.2662043914
1122.0650000572205, 93231.40566943004, 102195.2662043914
1122.0770001411438, 93231.40566943004, 102195.2662043914
1122.0770001411438, 93231.40566943004, 102195.2662043914
1122.0930001735687, 93231.40566943004, 102195.2662043914
1122.0930001735687, 93231.40566943004, 102195.2662043914
1122.1100001335144, 93231.40566943004, 102195.2662043914
1122.1100001335144, 93231.40566943004, 102195.2662043914
1126.5140001773834, 93231.40566943004, 102195.2662043914
1126.5329999923706, 93231.40566943004, 102195.2662043914
1126.5429999828339, 93231.40566943004, 102195.2662043914
1126.5550000667572, 93231.40566943004, 102195.2662043914
1126.563000202179, 93231.40566943004, 102195.2662043914
1126.5710000991821, 93231.40566943004, 102195.2662043914
1126.5789999961853, 93231.40566943004, 102195.2662043914
1126.5880000591278, 93231.40566943004, 102195.2662043914
1126.5950000286102, 93231.40566943004, 102195.2662043914
1131.1660001277924, 93231.40566943004, 102187.16434958832
1131.1790001392365, 93231.40566943004, 102187.16434958832
1131.1900000572205, 93231.40566943004, 102184.65992142349
1131.1900000572205, 93231.40566943004, 102184.65992142349
1131.2060000896454, 93231.40566943004, 102184.21862227816
1131.223000049591, 93231.40566943004, 102183.92366769254
1131.2400000095367, 93231.40566943004, 102182.37733769412
1135.4370000362396, 93231.40566943004, 102182.37733769412
1135.4500000476837, 93231.40566943004, 102182.37733769412
1135.4580001831055, 93231.40566943004, 102181.51417831313
1135.473000049591, 93231.40566943004, 102180.87007097775
1139.7740001678467, 93231.40566943004, 102180.87007097775
1139.7820000648499, 93231.40566943004, 102180.87007097775
1139.7910001277924, 93231.40566943004, 102180.87007097775
1139.7990000247955, 93231.40566943004, 102180.87007097775
1139.8090000152588, 93231.40566943004, 102180.87007097775
1139.8159999847412, 93231.40566943004, 102180.87007097775
1139.826000213623, 93231.40566943004, 102180.87007097775
1139.835000038147, 93231.40566943004, 102180.87007097775
1139.8430001735687, 93231.40566943004, 102180.87007097775
1144.090000152588, 93231.40566943004, 102177.90572493567
1144.0989999771118, 93231.40566943004, 102177.90572493567
1144.1070001125336, 93231.40566943004, 102177.90572493567
1144.12700009346, 93231.40566943004, 102177.90572493567
1144.1360001564026, 93231.40566943004, 102177.69565820991
1144.1490001678467, 93231.40566943004, 102177.69565820991
1144.156000137329, 93231.40566943004, 102177.69565820991
1144.15900015831, 93231.40566943004, 102177.69565820991
1144.1740000247955, 93231.40566943004, 102177.30707959791
1148.6930000782013, 93231.40566943004, 102177.30707959791
1148.7070000171661, 93231.40566943004, 102177.30707959791
1148.7250001430511, 93231.40566943004, 102177.2622824417
1148.739000082016, 93231.40566943004, 102176.33546207266
1148.7460000514984, 93231.40566943004, 102176.33546207266
1148.7560000419617, 93231.40566943004, 102176.33546207266
1148.7699999809265, 93231.40566943004, 102176.22678588903
1148.781000137329, 93231.40566943004, 102176.22678588903
1148.7850000858307, 93231.40566943004, 102176.22678588903
1153.0260000228882, 93231.40566943004, 102175.96663066525
1153.0390000343323, 93231.40566943004, 102175.96663066525
1153.0480000972748, 93231.40566943004, 102175.96663066525
1157.366000175476, 93231.40566943004, 102171.4002088377
1157.3719999790192, 93231.40566943004, 102171.4002088377
1157.3860001564026, 93231.40566943004, 102171.4002088377
1157.3970000743866, 93231.40566943004, 102171.4002088377
1157.4050002098083, 93231.40566943004, 102171.2565237295
1157.4210000038147, 93231.40566943004, 102171.2565237295
1157.4260001182556, 93231.40566943004, 102169.20358085228
1157.4400000572205, 93231.40566943004, 102169.20358085228
1157.4550001621246, 93231.40566943004, 102169.20358085228
1161.9230000972748, 93231.40566943004, 102168.02258804458
1161.9390001296997, 93231.40566943004, 102168.02258804458
1161.9470000267029, 93231.40566943004, 102167.55572309156
1166.6480000019073, 93231.40566943004, 102164.88485313053
1166.6660001277924, 93231.40566943004, 102164.88485313053
1166.667000055313, 93231.40566943004, 102164.88485313053
1166.6840000152588, 93231.40566943004, 102162.64101442459
1166.699000120163, 93231.40566943004, 102162.64101442459
1166.699000120163, 93231.40566943004, 102162.64101442459
1166.7160000801086, 93231.40566943004, 102162.64101442459
1171.2300000190735, 93231.40566943004, 102160.92718503611
1171.2340002059937, 93231.40566943004, 102160.92718503611
1171.2490000724792, 93231.40566943004, 102160.92718503611
1171.257000207901, 93231.40566943004, 102160.92718503611
1171.2640001773834, 93231.40566943004, 102160.92718503611
1171.2690000534058, 93231.40566943004, 102160.92718503611
1171.2860000133514, 93231.40566943004, 102160.92718503611
1175.8120000362396, 93231.40566943004, 102160.92718503611
1175.8250000476837, 93231.40566943004, 102155.75217211945
1175.8389999866486, 93231.40566943004, 102155.75217211945
1175.8430001735687, 93231.40566943004, 102155.75217211945
1175.8430001735687, 93231.40566943004, 102154.76668173728
1175.8580000400543, 93231.40566943004, 102154.37856804694
1180.170000076294, 93231.40566943004, 102154.37856804694
1180.1870000362396, 93231.40566943004, 102154.37856804694
1180.2000000476837, 93231.40566943004, 102153.54858621051
1180.2130000591278, 93231.40566943004, 102153.44993550485
1180.2200000286102, 93231.40566943004, 102153.44993550485
1180.2200000286102, 93231.40566943004, 102153.44993550485
1180.2340002059937, 93231.40566943004, 102153.44993550485
1180.2340002059937, 93231.40566943004, 102153.44993550485
1180.2510001659393, 93231.40566943004, 102153.44993550485
1180.2530000209808, 93231.40566943004, 102153.44993550485
1180.2650001049042, 93231.40566943004, 102153.44993550485
1180.2690000534058, 93231.40566943004, 102153.44993550485
1180.2690000534058, 93231.40566943004, 102153.44993550485
1180.28400015831, 93231.40566943004, 102153.44993550485
1180.28400015831, 93231.40566943004, 102153.44993550485
1184.5700001716614, 93231.40566943004, 102153.44993550485
1184.587000131607, 93231.40566943004, 102153.44993550485
1184.587000131607, 93231.40566943004, 102153.44993550485
1184.5950000286102, 93231.40566943004, 102153.44993550485
1184.6040000915527, 93231.40566943004, 102153.44993550485
1184.6110000610352, 93231.40566943004, 102153.44993550485
1184.6110000610352, 93231.40566943004, 102149.82642243031
1188.7699999809265, 93231.40566943004, 102149.77787097052
1188.7870001792908, 93231.40566943004, 102148.72169628563
1188.797000169754, 93231.40566943004, 102148.72169628563
1188.8090000152588, 93231.40566943004, 102148.72169628563
1188.819000005722, 93231.40566943004, 102147.825843189
1193.2650001049042, 93231.40566943004, 102147.04178104755
1193.2650001049042, 93231.40566943004, 102147.04178104755
1193.28400015831, 93231.40566943004, 102147.04178104755
1193.3030002117157, 93231.40566943004, 102144.94158825993
1197.8310000896454, 93231.40566943004, 102144.70492618406
1197.8310000896454, 93231.40566943004, 102144.70492618406
1197.8550000190735, 93231.40566943004, 102144.70492618406
1197.8700001239777, 93231.40566943004, 102144.70492618406
1197.882000207901, 93231.40566943004, 102144.70492618406
1197.8830001354218, 93231.40566943004, 102144.70492618406
1202.4450001716614, 93231.40566943004, 102141.27264369608
1202.4539999961853, 93231.40566943004, 102141.27264369608
1202.4630000591278, 93231.40566943004, 102141.27264369608
1202.473000049591, 93231.40566943004, 102141.27264369608
1202.478000164032, 93231.40566943004, 102141.27264369608
1202.4969999790192, 93231.40566943004, 102139.60643653918
1202.4969999790192, 93231.40566943004, 102139.60643653918
1206.797000169754, 93231.40566943004, 102139.60643653918
1206.808000087738, 93231.40566943004, 102139.60643653918
1206.8170001506805, 93231.40566943004, 102139.60643653918
1206.8270001411438, 93231.40566943004, 102136.49709638885
1206.8310000896454, 93231.40566943004, 102136.49709638885
1206.848000049591, 93231.40566943004, 102136.49709638885
1206.848000049591, 93231.40566943004, 102136.49709638885
1206.8630001544952, 93231.40566943004, 102133.24707891417
1206.8650000095367, 93231.40566943004, 102133.24707891417
1211.3360002040863, 93231.40566943004, 102131.18324949442
1211.353000164032, 93231.40566943004, 102131.18324949442
1211.366000175476, 93231.40566943004, 102129.04487803146
1211.369000196457, 93231.40566943004, 102128.41488590845
1215.906000137329, 93231.40566943004, 102127.5647678561
1215.9210000038147, 93231.40566943004, 102127.5647678561
1215.9270000457764, 93231.40566943004, 102124.93929985611
1220.1650002002716, 93231.40566943004, 102124.93929985611
1220.1750001907349, 93231.40566943004, 102123.44743128485
1220.188000202179, 93231.40566943004, 102123.44743128485
1220.1920001506805, 93231.40566943004, 102123.44743128485
1220.210000038147, 93231.40566943004, 102123.29156591276
1220.2130000591278, 93231.40566943004, 102123.29156591276
1220.226000070572, 93231.40566943004, 102123.29156591276
1220.2290000915527, 93231.40566943004, 102123.29156591276
1220.2290000915527, 93231.40566943004, 102123.29156591276
1220.244000196457, 93231.40566943004, 102123.29156591276
1220.244000196457, 93231.40566943004, 102123.29156591276
1224.6449999809265, 93231.40566943004, 102123.29156591276
1224.6579999923706, 93231.40566943004, 102123.29156591276
1224.6690001487732, 93231.40566943004, 102123.13517104561
1224.680999994278, 93231.40566943004, 102123.13517104561
1224.6909999847412, 93231.40566943004, 102123.13517104561
1224.7020001411438, 93231.40566943004, 102123.13517104561
1224.7180001735687, 93231.40566943004, 102123.13517104561
1224.7300000190735, 93231.40566943004, 102123.13517104561
1224.739000082016, 93231.40566943004, 102123.13517104561
1224.7469999790192, 93231.40566943004, 102123.13517104561
1224.7560000419617, 93231.40566943004, 102123.13517104561
1228.960000038147, 93231.40566943004, 102123.13517104561
1228.9769999980927, 93231.40566943004, 102123.13517104561
1228.9840002059937, 93231.40566943004, 102123.13517104561
1228.9920001029968, 93231.40566943004, 102123.13517104561
1229.0, 93231.40566943004, 102123.13517104561
1229.0060000419617, 93231.40566943004, 102123.13517104561
1229.0170001983643, 93231.40566943004, 102123.13517104561
1229.0270001888275, 93231.40566943004, 102123.13517104561
1233.353000164032, 93231.40566943004, 102123.13517104561
1233.37700009346, 93231.40566943004, 102123.13517104561
1233.388000011444, 93231.40566943004, 102123.13517104561
1233.393000125885, 93231.40566943004, 102123.13517104561
1233.4079999923706, 93231.40566943004, 102123.13517104561
1233.4079999923706, 93231.40566943004, 102123.13517104561
1233.4210000038147, 93231.40566943004, 102123.13517104561
1233.4210000038147, 93231.40566943004, 102123.13517104561
1233.438000202179, 93231.40566943004, 102123.13517104561
1237.7360000610352, 93231.40566943004, 102118.66196772804
1237.7480001449585, 93231.40566943004, 102118.66196772804
1237.7599999904633, 93231.40566943004, 102118.01634426501
1237.7699999809265, 93231.40566943004, 102116.85516610257
1237.7770001888275, 93231.40566943004, 102116.85516610257
1241.8949999809265, 93231.40566943004, 102116.85516610257
1241.8949999809265, 93231.40566943004, 102116.85516610257
1241.9150002002716, 93231.40566943004, 102116.85516610257
1241.9179999828339, 93231.40566943004, 102116.85516610257
1241.9300000667572, 93231.40566943004, 102116.85516610257
1241.9320001602173, 93231.40566943004, 102116.85516610257
1241.9320001602173, 93231.40566943004, 102116.85516610257
1241.9500000476837, 93231.40566943004, 102116.85516610257
1241.9500000476837, 93231.40566943004, 102116.85516610257
1241.9690001010895, 93231.40566943004, 102116.85516610257
1241.976000070572, 93231.40566943004, 102116.85516610257
1241.9810001850128, 93231.40566943004, 102116.85516610257
1241.9810001850128, 93231.40566943004, 102116.85516610257
1241.9960000514984, 93231.40566943004, 102116.85516610257
1246.614000082016, 93231.40566943004, 102116.85516610257
1246.632000207901, 93231.40566943004, 102116.85516610257
1246.6440000534058, 93231.40566943004, 102115.59614415473
1246.6460001468658, 93231.40566943004, 102115.59614415473
1246.65900015831, 93231.40566943004, 102115.59614415473
1251.0199999809265, 93231.40566943004, 102114.50525113114
1251.0300002098083, 93231.40566943004, 102114.50525113114
1251.0429999828339, 93231.40566943004, 102114.50525113114
1251.0480000972748, 93231.40566943004, 102114.50525113114
1251.055999994278, 93231.40566943004, 102114.50525113114
1251.0730001926422, 93231.40566943004, 102114.38128594142
1251.0730001926422, 93231.40566943004, 102114.38128594142
1251.0910000801086, 93231.40566943004, 102114.38128594142
1251.0910000801086, 93231.40566943004, 102114.38128594142
1251.1070001125336, 93231.40566943004, 102114.38128594142
1251.1090002059937, 93231.40566943004, 102112.53072355267
1251.1260001659393, 93231.40566943004, 102112.53072355267
1251.1260001659393, 93231.40566943004, 102112.27231343792
1255.9810001850128, 93231.40566943004, 102111.662401614
1255.9930000305176, 93231.40566943004, 102110.83366376006
1256.0110001564026, 93231.40566943004, 102110.80908038594
1256.0199999809265, 93231.40566943004, 102110.80908038594
1260.4930000305176, 93231.40566943004, 102106.60261787674
1260.4930000305176, 93231.40566943004, 102106.31747922226
1260.5150001049042, 93231.40566943004, 102106.31747922226
1260.5190000534058, 93231.40566943004, 102106.31747922226
1260.531000137329, 93231.40566943004, 102106.31747922226
1260.5440001487732, 93231.40566943004, 102106.31747922226
1260.545000076294, 93231.40566943004, 102106.31747922226
1265.0199999809265, 93231.40566943004, 102106.2222883962
1265.0380001068115, 93231.40566943004, 102106.2222883962
1265.0500001907349, 93231.40566943004, 102106.2222883962
1265.0590000152588, 93231.40566943004, 102104.06307423397
1265.0710000991821, 93231.40566943004, 102103.66907499291
1265.0710000991821, 93231.40566943004, 102103.66907499291
1265.0880000591278, 93231.40566943004, 102102.37102820868
1265.0880000591278, 93231.40566943004, 102102.37102820868
1265.1040000915527, 93231.40566943004, 102102.37102820868
1265.1040000915527, 93231.40566943004, 102102.37102820868
1265.1210000514984, 93231.40566943004, 102102.37102820868
1265.138000011444, 93231.40566943004, 102101.57052256411
1265.138000011444, 93231.40566943004, 102101.57052256411
1265.156000137329, 93231.40566943004, 102101.57052256411
1269.824000120163, 93231.40566943004, 102101.57052256411
1269.8380000591278, 93231.40566943004, 102101.57052256411
1269.8460001945496, 93231.40566943004, 102101.22455349164
1269.861999988556, 93231.40566943004, 102099.77207848414
1269.861999988556, 93231.40566943004, 102099.77207848414
1269.8780000209808, 93231.40566943004, 102099.77207848414
1269.8940000534058, 93231.40566943004, 102096.0649471165
1269.9030001163483, 93231.40566943004, 102096.0649471165
1274.529000043869, 93231.40566943004, 102096.0649471165
1274.5410001277924, 93231.40566943004, 102096.0649471165
1274.545000076294, 93231.40566943004, 102096.0649471165
1274.5530002117157, 93231.40566943004, 102096.0649471165
1274.5670001506805, 93231.40566943004, 102096.0649471165
1274.5770001411438, 93231.40566943004, 102096.0649471165
1274.5889999866486, 93231.40566943004, 102096.0649471165
1274.5889999866486, 93231.40566943004, 102096.0649471165
1278.8560001850128, 93231.40566943004, 102096.0649471165
1278.8560001850128, 93231.40566943004, 102096.0649471165
1278.8790001869202, 93231.40566943004, 102096.0649471165
1278.8860001564026, 93231.40566943004, 102096.0649471165
1278.893000125885, 93231.40566943004, 102096.0649471165
1278.9010000228882, 93231.40566943004, 102096.0649471165
1278.90900015831, 93231.40566943004, 102094.12520722477
1278.9250001907349, 93231.40566943004, 102094.12520722477
1278.9340000152588, 93231.40566943004, 102093.5248873186
1278.9409999847412, 93231.40566943004, 102092.55411565954
1278.9409999847412, 93231.40566943004, 102092.55411565954
1278.9560000896454, 93231.40566943004, 102092.55411565954
1278.9660000801086, 93231.40566943004, 102092.55411565954
1278.9769999980927, 93231.40566943004, 102092.38435029113
1283.5329999923706, 93231.40566943004, 102090.38407365751
1283.542000055313, 93231.40566943004, 102090.38407365751
1283.5510001182556, 93231.40566943004, 102090.38407365751
1283.5610001087189, 93231.40566943004, 102090.34154023163
1283.5700001716614, 93231.40566943004, 102090.34154023163
1283.5889999866486, 93231.40566943004, 102089.76133515392
1288.364000082016, 93231.40566943004, 102089.76133515392
1288.3810000419617, 93231.40566943004, 102089.76133515392
1288.391000032425, 93231.40566943004, 102087.43818596829
1288.3990001678467, 93231.40566943004, 102086.76238419178
1288.3990001678467, 93231.40566943004, 102086.76238419178
1288.4160001277924, 93231.40566943004, 102086.76238419178
1288.4160001277924, 93231.40566943004, 102086.76238419178
1288.433000087738, 93231.40566943004, 102086.76238419178
1292.8940000534058, 93231.40566943004, 102086.76238419178
1292.9070000648499, 93231.40566943004, 102086.76238419178
1292.9190001487732, 93231.40566943004, 102086.76238419178
1292.9300000667572, 93231.40566943004, 102086.76238419178
1292.9360001087189, 93231.40566943004, 102086.76238419178
1292.9470000267029, 93231.40566943004, 102086.76238419178
1292.9550001621246, 93231.40566943004, 102086.76238419178
1292.962000131607, 93231.40566943004, 102086.76238419178
1292.9690001010895, 93231.40566943004, 102086.76238419178
1292.9750001430511, 93231.40566943004, 102086.76238419178
1292.9769999980927, 93231.40566943004, 102086.76238419178
1297.5800001621246, 93231.40566943004, 102086.76238419178
1297.5860002040863, 93231.40566943004, 102086.76238419178
1297.601000070572, 93231.40566943004, 102086.76238419178
1297.611999988556, 93231.40566943004, 102085.6121298865
1297.6219999790192, 93231.40566943004, 102085.6121298865
1297.6349999904633, 93231.40566943004, 102085.6121298865
1297.6360001564026, 93231.40566943004, 102084.73958246877
1297.6570000648499, 93231.40566943004, 102084.73958246877
1297.6650002002716, 93231.40566943004, 102084.73958246877
1297.6710000038147, 93231.40566943004, 102082.20580691965
1297.6710000038147, 93231.40566943004, 102082.20580691965
1297.688000202179, 93231.40566943004, 102082.20580691965
1302.366000175476, 93231.40566943004, 102082.20580691965
1302.3870000839233, 93231.40566943004, 102082.20580691965
1302.3970000743866, 93231.40566943004, 102080.2301156503
1302.4020001888275, 93231.40566943004, 102080.2301156503
1302.4190001487732, 93231.40566943004, 102079.77509581043
1302.4190001487732, 93231.40566943004, 102079.77509581043
1302.4360001087189, 93231.40566943004, 102079.77509581043
1302.4360001087189, 93231.40566943004, 102078.8828359971
1302.4530000686646, 93231.40566943004, 102078.8828359971
1306.9750001430511, 93231.40566943004, 102078.8828359971
1306.9750001430511, 93231.40566943004, 102078.8415599975
1306.9930000305176, 93231.40566943004, 102078.8415599975
1306.9969999790192, 93231.40566943004, 102078.16255473162
1311.547000169754, 93231.40566943004, 102077.98285938385
1311.555999994278, 93231.40566943004, 102077.98285938385
1311.5590000152588, 93231.40566943004, 102077.98285938385
1311.5720000267029, 93231.40566943004, 102077.98285938385
1311.5720000267029, 93231.40566943004, 102077.98285938385
1311.5889999866486, 93231.40566943004, 102077.69551820979
1311.5889999866486, 93231.40566943004, 102077.69551820979
1311.6050000190735, 93231.40566943004, 102077.69551820979
1311.6050000190735, 93231.40566943004, 102077.69551820979
1311.6630001068115, 93231.40566943004, 102077.69551820979
1311.6740000247955, 93231.40566943004, 102077.69551820979
1311.683000087738, 93231.40566943004, 102076.49359568482
1316.2160000801086, 93231.40566943004, 102076.49359568482
1316.228000164032, 93231.40566943004, 102076.49359568482
1316.239000082016, 93231.40566943004, 102076.49359568482
1316.2599999904633, 93231.40566943004, 102073.75846901961
1316.2690000534058, 93231.40566943004, 102073.75846901961
1320.8150000572205, 93231.40566943004, 102073.75846901961
1320.8230001926422, 93231.40566943004, 102073.75846901961
1320.8310000896454, 93231.40566943004, 102073.75846901961
1320.8380000591278, 93231.40566943004, 102073.75846901961
1320.8519999980927, 93231.40566943004, 102073.75846901961
1320.8540000915527, 93231.40566943004, 102073.75846901961
1320.8719999790192, 93231.40566943004, 102073.53276759924
1320.8719999790192, 93231.40566943004, 102073.53276759924
1325.576000213623, 93231.40566943004, 102073.4887245463
1325.585000038147, 93231.40566943004, 102073.4887245463
1325.5970001220703, 93231.40566943004, 102069.3915467237
1325.6070001125336, 93231.40566943004, 102069.3915467237
1325.6210000514984, 93231.40566943004, 102069.3915467237
1330.263000011444, 93231.40566943004, 102069.3915467237
1330.279000043869, 93231.40566943004, 102069.3915467237
1330.281000137329, 93231.40566943004, 102069.3915467237
1330.3010001182556, 93231.40566943004, 102069.1970808335
1330.3120000362396, 93231.40566943004, 102069.1970808335
1330.324000120163, 93231.40566943004, 102069.1970808335
1330.3320000171661, 93231.40566943004, 102069.1970808335
1330.3460001945496, 93231.40566943004, 102068.63432507406
1334.7170000076294, 93231.40566943004, 102065.71019693893
1334.7310001850128, 93231.40566943004, 102065.71019693893
1334.739000082016, 93231.40566943004, 102065.71019693893
1334.7540001869202, 93231.40566943004, 102065.71019693893
1339.2560000419617, 93231.40566943004, 102065.71019693893
1339.2690000534058, 93231.40566943004, 102061.11893424633
1339.281000137329, 93231.40566943004, 102061.06164481484
1339.2870001792908, 93231.40566943004, 102060.35173942486
1339.3020000457764, 93231.40566943004, 102060.35173942486
1339.3140001296997, 93231.40566943004, 102060.35173942486
1339.3270001411438, 93231.40566943004, 102060.35173942486
1339.3380000591278, 93231.40566943004, 102059.81543409295
1339.3380000591278, 93231.40566943004, 102059.81543409295
1339.353000164032, 93231.40566943004, 102059.81543409295
1343.9500000476837, 93231.40566943004, 102059.81543409295
1343.960000038147, 93231.40566943004, 102059.81543409295
1343.976000070572, 93231.40566943004, 102059.81543409295
1343.9880001544952, 93231.40566943004, 102059.81543409295
1348.6760001182556, 93231.40566943004, 102059.81543409295
1348.6890001296997, 93231.40566943004, 102059.81543409295
1348.6980001926422, 93231.40566943004, 102059.81543409295
1348.710000038147, 93231.40566943004, 102059.81543409295
1353.4030001163483, 93231.40566943004, 102058.18279996506
1353.4290001392365, 93231.40566943004, 102058.0295510609
1353.4290001392365, 93231.40566943004, 102058.0295510609
1353.4400000572205, 93231.40566943004, 102058.0295510609
1353.4570000171661, 93231.40566943004, 102058.0295510609
1353.4660000801086, 93231.40566943004, 102056.05717329611
1353.4720001220703, 93231.40566943004, 102056.05717329611
1353.4720001220703, 93231.40566943004, 102056.05717329611
1353.4900000095367, 93231.40566943004, 102056.05717329611
1353.4900000095367, 93231.40566943004, 102056.05717329611
1353.5110001564026, 93231.40566943004, 102056.05717329611
1358.076000213623, 93231.40566943004, 102056.05717329611
1358.0860002040863, 93231.40566943004, 102056.05717329611
1358.0930001735687, 93231.40566943004, 102056.05717329611
1358.0930001735687, 93231.40566943004, 102056.05717329611
1358.1060001850128, 93231.40566943004, 102056.05717329611
1358.1180000305176, 93231.40566943004, 102056.05717329611
1358.1180000305176, 93231.40566943004, 102056.05717329611
1358.12700009346, 93231.40566943004, 102056.05717329611
1358.1440000534058, 93231.40566943004, 102056.05717329611
1358.154000043869, 93231.40566943004, 102056.05717329611
1358.1650002002716, 93231.40566943004, 102056.05717329611
1358.1770000457764, 93231.40566943004, 102056.05717329611
1362.8719999790192, 93231.40566943004, 102056.05717329611
1362.888000011444, 93231.40566943004, 102056.05717329611
1362.8980000019073, 93231.40566943004, 102056.05717329611
1362.9070000648499, 93231.40566943004, 102056.05717329611
1362.9110000133514, 93231.40566943004, 102054.63861291534
1362.9250001907349, 93231.40566943004, 102054.63861291534
1362.9250001907349, 93231.40566943004, 102054.63861291534
1362.9400000572205, 93231.40566943004, 102054.63861291534
1362.9400000572205, 93231.40566943004, 102054.63861291534
1362.9630000591278, 93231.40566943004, 102050.6840775479
1367.8790001869202, 93231.40566943004, 102050.6840775479
1367.8900001049042, 93231.40566943004, 102050.6840775479
1372.643000125885, 93231.40566943004, 102046.46570104422
1372.6579999923706, 93231.40566943004, 102046.25809066583
1372.6660001277924, 93231.40566943004, 102046.25809066583
1372.6770000457764, 93231.40566943004, 102045.65099711885
1372.6770000457764, 93231.40566943004, 102045.65099711885
1372.6950001716614, 93231.40566943004, 102045.65099711885
1377.2170000076294, 93231.40566943004, 102045.65099711885
1377.2269999980927, 93231.40566943004, 102045.65099711885
1377.2400000095367, 93231.40566943004, 102045.65099711885
1377.25200009346, 93231.40566943004, 102045.65099711885
1377.257000207901, 93231.40566943004, 102045.65099711885
1377.2720000743866, 93231.40566943004, 102045.65099711885
1377.2850000858307, 93231.40566943004, 102045.65099711885
1377.3000001907349, 93231.40566943004, 102041.93953450074
1377.3090000152588, 93231.40566943004, 102041.93953450074
1381.9050002098083, 93231.40566943004, 102041.93953450074
1381.90900015831, 93231.40566943004, 102041.93953450074
1381.920000076294, 93231.40566943004, 102041.93953450074
1381.9270000457764, 93231.40566943004, 102041.93953450074
1381.930999994278, 93231.40566943004, 102041.93953450074
1381.944000005722, 93231.40566943004, 102041.75265520178
1381.944000005722, 93231.40566943004, 102041.75265520178
1381.965000152588, 93231.40566943004, 102041.75265520178
1381.9710001945496, 93231.40566943004, 102041.75265520178
1381.978000164032, 93231.40566943004, 102041.75265520178
1381.978000164032, 93231.40566943004, 102041.75265520178
1381.994000196457, 93231.40566943004, 102040.57758092358
1381.9950001239777, 93231.40566943004, 102040.57758092358
1382.0120000839233, 93231.40566943004, 102039.52288827747
1382.0120000839233, 93231.40566943004, 102039.52288827747
1386.9560000896454, 93231.40566943004, 102039.52288827747
1386.9660000801086, 93231.40566943004, 102039.52288827747
1386.973000049591, 93231.40566943004, 102039.52288827747
1386.9769999980927, 93231.40566943004, 102039.52288827747
1386.9930000305176, 93231.40566943004, 102039.52288827747
1386.9930000305176, 93231.40566943004, 102039.52288827747
1387.0110001564026, 93231.40566943004, 102038.24817709306
1387.0280001163483, 93231.40566943004, 102038.24817709306
1387.0280001163483, 93231.40566943004, 102038.24817709306
1387.045000076294, 93231.40566943004, 102036.816279605
1391.4969999790192, 93231.40566943004, 102035.62779002218
1391.516000032425, 93231.40566943004, 102035.62779002218
1391.5260000228882, 93231.40566943004, 102035.62779002218
1391.5329999923706, 93231.40566943004, 102035.62779002218
1391.5360000133514, 93231.40566943004, 102035.62779002218
1391.5500001907349, 93231.40566943004, 102035.62779002218
1396.364000082016, 93231.40566943004, 102035.62779002218
1396.37700009346, 93231.40566943004, 102035.62779002218
1396.3860001564026, 93231.40566943004, 102035.62779002218
1396.4010000228882, 93231.40566943004, 102035.62779002218
1396.4140000343323, 93231.40566943004, 102035.62779002218
1396.4230000972748, 93231.40566943004, 102035.62779002218
1400.9580001831055, 93231.40566943004, 102033.18399918439
1400.9690001010895, 93231.40566943004, 102033.18399918439
1400.9790000915527, 93231.40566943004, 102033.18399918439
1400.994000196457, 93231.40566943004, 102031.60096415978
1405.5280001163483, 93231.40566943004, 102031.60096415978
1405.545000076294, 93231.40566943004, 102031.60096415978
1405.545000076294, 93231.40566943004, 102031.60096415978
1405.5610001087189, 93231.40566943004, 102031.60096415978
1405.5700001716614, 93231.40566943004, 102031.60096415978
1405.5800001621246, 93231.40566943004, 102031.60096415978
1405.5800001621246, 93231.40566943004, 102031.60096415978
1405.5960001945496, 93231.40566943004, 102031.60096415978
1405.5960001945496, 93231.40566943004, 102031.60096415978
1405.614000082016, 93231.40566943004, 102031.60096415978
1405.6219999790192, 93231.40566943004, 102031.60096415978
1405.632000207901, 93231.40566943004, 102031.60096415978
1405.632000207901, 93231.40566943004, 102031.60096415978
1405.6470000743866, 93231.40566943004, 102031.60096415978
1405.6470000743866, 93231.40566943004, 102031.60096415978
1405.6650002002716, 93231.40566943004, 102031.60096415978
1410.2870001792908, 93231.40566943004, 102031.60096415978
1410.2900002002716, 93231.40566943004, 102031.60096415978
1410.3070001602173, 93231.40566943004, 102031.60096415978
1410.3200001716614, 93231.40566943004, 102031.60096415978
1410.3320000171661, 93231.40566943004, 102031.60096415978
1410.340000152588, 93231.40566943004, 102031.60096415978
1410.3430001735687, 93231.40566943004, 102031.60096415978
1410.3430001735687, 93231.40566943004, 102031.60096415978
1410.3600001335144, 93231.40566943004, 102026.78776600995
1415.0480000972748, 93231.40566943004, 102026.78776600995
1415.0570001602173, 93231.40566943004, 102026.78776600995
1415.0680000782013, 93231.40566943004, 102026.78776600995
1415.0700001716614, 93231.40566943004, 102026.78776600995
1415.0860002040863, 93231.40566943004, 102026.78776600995
1415.0860002040863, 93231.40566943004, 102026.78776600995
1415.1019999980927, 93231.40566943004, 102026.78776600995
1415.119000196457, 93231.40566943004, 102026.78776600995
1415.1200001239777, 93231.40566943004, 102025.66116985024
1415.1360001564026, 93231.40566943004, 102025.66116985024
1415.1360001564026, 93231.40566943004, 102025.66116985024
1415.1360001564026, 93231.40566943004, 102025.66116985024
1415.1520001888275, 93231.40566943004, 102025.66116985024
1415.1520001888275, 93231.40566943004, 102025.66116985024
1415.1750001907349, 93231.40566943004, 102025.66116985024
1415.1750001907349, 93231.40566943004, 102025.66116985024
1415.1890001296997, 93231.40566943004, 102025.66116985024
1415.1970000267029, 93231.40566943004, 102025.66116985024
1419.7290000915527, 93231.40566943004, 102025.66116985024
1419.7290000915527, 93231.40566943004, 102025.66116985024
1419.7460000514984, 93231.40566943004, 102025.66116985024
1419.7540001869202, 93231.40566943004, 102025.66116985024
1419.7620000839233, 93231.40566943004, 102024.71280802267
1419.7620000839233, 93231.40566943004, 102024.71280802267
1419.7620000839233, 93231.40566943004, 102024.71280802267
1419.779000043869, 93231.40566943004, 102024.71280802267
1419.779000043869, 93231.40566943004, 102024.71280802267
1419.7990000247955, 93231.40566943004, 102021.80481455413
1424.5520000457764, 93231.40566943004, 102021.80481455413
1424.5520000457764, 93231.40566943004, 102021.80481455413
1424.5710000991821, 93231.40566943004, 102021.80481455413
1424.5780000686646, 93231.40566943004, 102021.80481455413
1424.587000131607, 93231.40566943004, 102021.80481455413
1424.6000001430511, 93231.40566943004, 102021.80481455413
1424.603000164032, 93231.40566943004, 102021.80481455413
1424.619000196457, 93231.40566943004, 102021.80481455413
1424.619000196457, 93231.40566943004, 102021.80481455413
1429.2020001411438, 93231.40566943004, 102020.27836200327
1429.223000049591, 93231.40566943004, 102020.27836200327
1429.2310001850128, 93231.40566943004, 102020.27836200327
1429.2400000095367, 93231.40566943004, 102020.27836200327
1429.241000175476, 93231.40566943004, 102020.27836200327
1429.255000114441, 93231.40566943004, 102020.10732460511
1429.255000114441, 93231.40566943004, 102020.10732460511
1429.268000125885, 93231.40566943004, 102020.10732460511
1433.7760000228882, 93231.40566943004, 102020.10732460511
1433.797000169754, 93231.40566943004, 102018.53198823378
1433.8100001811981, 93231.40566943004, 102018.53198823378
1433.8210000991821, 93231.40566943004, 102018.53198823378
1433.8300001621246, 93231.40566943004, 102018.53198823378
1433.8420000076294, 93231.40566943004, 102018.53198823378
1433.8420000076294, 93231.40566943004, 102018.53198823378
1438.8010001182556, 93231.40566943004, 102018.53198823378
1438.8100001811981, 93231.40566943004, 102018.53198823378
1438.8210000991821, 93231.40566943004, 102018.53198823378
1438.824000120163, 93231.40566943004, 102018.53198823378
1438.8420000076294, 93231.40566943004, 102018.53198823378
1438.8540000915527, 93231.40566943004, 102018.53198823378
1438.8540000915527, 93231.40566943004, 102018.53198823378
1438.8710000514984, 93231.40566943004, 102018.53198823378
1438.8710000514984, 93231.40566943004, 102018.53198823378
1438.888000011444, 93231.40566943004, 102015.66077719869
1438.888000011444, 93231.40566943004, 102015.66077719869
1438.9050002098083, 93231.40566943004, 102015.66077719869
1438.9130001068115, 93231.40566943004, 102015.66077719869
1438.9280002117157, 93231.40566943004, 102015.66077719869
1443.563000202179, 93231.40566943004, 102015.66077719869
1443.5770001411438, 93231.40566943004, 102015.66077719869
1443.5840001106262, 93231.40566943004, 102015.66077719869
1443.6040000915527, 93231.40566943004, 102015.66077719869
1443.611999988556, 93231.40566943004, 102015.66077719869
1443.62700009346, 93231.40566943004, 102015.66077719869
1443.638000011444, 93231.40566943004, 102012.10317066798
1448.5040001869202, 93231.40566943004, 102012.10317066798
1448.5150001049042, 93231.40566943004, 102012.10317066798
1448.5220000743866, 93231.40566943004, 102012.10317066798
1448.5320000648499, 93231.40566943004, 102012.10317066798
1448.53400015831, 93231.40566943004, 102012.10317066798
1448.53400015831, 93231.40566943004, 102012.10317066798
1448.5600001811981, 93231.40566943004, 102012.10317066798
1448.5720000267029, 93231.40566943004, 102011.68245503747
1448.5820000171661, 93231.40566943004, 102011.68245503747
1448.5920000076294, 93231.40566943004, 102011.68245503747
1448.6000001430511, 93231.40566943004, 102011.68245503747
1448.6000001430511, 93231.40566943004, 102011.68245503747
1448.6230001449585, 93231.40566943004, 102007.75715104127
1448.6230001449585, 93231.40566943004, 102007.75715104127
1448.643000125885, 93231.40566943004, 102007.51506862427
1448.6530001163483, 93231.40566943004, 102007.51506862427
1453.0800001621246, 93231.40566943004, 102007.51506862427
1453.0970001220703, 93231.40566943004, 102007.51506862427
1453.1110000610352, 93231.40566943004, 102007.51506862427
1453.1110000610352, 93231.40566943004, 102007.51506862427
1453.1340000629425, 93231.40566943004, 102007.51506862427
1453.1449999809265, 93231.40566943004, 102007.51506862427
1457.4280002117157, 93231.40566943004, 102007.51506862427
1457.4420001506805, 93231.40566943004, 102007.51506862427
1457.4530000686646, 93231.40566943004, 102007.43809983577
1457.4670000076294, 93231.40566943004, 102007.43809983577
1457.476000070572, 93231.40566943004, 102007.43809983577
1457.4850001335144, 93231.40566943004, 102007.43809983577
1457.4930000305176, 93231.40566943004, 102007.43809983577
1457.4980001449585, 93231.40566943004, 102007.43809983577
1457.513000011444, 93231.40566943004, 102006.34472492168
1457.513000011444, 93231.40566943004, 102006.34472492168
1462.167000055313, 93231.40566943004, 102006.34472492168
1462.1750001907349, 93231.40566943004, 102006.34472492168
1462.1750001907349, 93231.40566943004, 102006.34472492168
1462.2020001411438, 93231.40566943004, 102005.75029747178
1462.2180001735687, 93231.40566943004, 102005.13343235018
1462.2250001430511, 93231.40566943004, 102005.13343235018
1462.2250001430511, 93231.40566943004, 102005.13343235018
1462.2420001029968, 93231.40566943004, 102005.13343235018
1462.2420001029968, 93231.40566943004, 102005.13343235018
1467.114000082016, 93231.40566943004, 102005.13343235018
1467.1230001449585, 93231.40566943004, 102005.13343235018
1467.1360001564026, 93231.40566943004, 102002.74912137198
1467.1449999809265, 93231.40566943004, 102002.74912137198
1467.1570000648499, 93231.40566943004, 102002.74912137198
1467.1570000648499, 93231.40566943004, 102002.74912137198
1467.1740000247955, 93231.40566943004, 102002.74912137198
1467.1900000572205, 93231.40566943004, 102002.74912137198
1467.1970000267029, 93231.40566943004, 102002.74912137198
1467.2080001831055, 93231.40566943004, 102002.74912137198
1471.976000070572, 93231.40566943004, 102002.74912137198
1471.9860000610352, 93231.40566943004, 102002.74912137198
1471.994000196457, 93231.40566943004, 102002.74912137198
1472.0, 93231.40566943004, 102002.74912137198
1472.013000011444, 93231.40566943004, 102002.74912137198
1472.0190000534058, 93231.40566943004, 102002.74912137198
1472.0190000534058, 93231.40566943004, 102002.74912137198
1472.0360000133514, 93231.40566943004, 102002.74912137198
1472.0490000247955, 93231.40566943004, 102002.74912137198
1472.0510001182556, 93231.40566943004, 102002.05748637566
1472.0659999847412, 93231.40566943004, 102002.05748637566
1472.0680000782013, 93231.40566943004, 102002.05748637566
1472.0680000782013, 93231.40566943004, 102002.05748637566
1472.0860002040863, 93231.40566943004, 102002.05748637566
1472.0860002040863, 93231.40566943004, 102002.05748637566
1472.101000070572, 93231.40566943004, 102002.05748637566
1472.101000070572, 93231.40566943004, 102000.55982949985
1477.0440001487732, 93231.40566943004, 102000.55982949985
1477.0460000038147, 93231.40566943004, 102000.02290407587
1477.0670001506805, 93231.40566943004, 102000.02290407587
1477.0770001411438, 93231.40566943004, 102000.02290407587
1477.0820000171661, 93231.40566943004, 102000.02290407587
1477.0970001220703, 93231.40566943004, 101998.41501204163
1477.0970001220703, 93231.40566943004, 101998.41501204163
1477.111999988556, 93231.40566943004, 101998.41501204163
1482.3030002117157, 93231.40566943004, 101998.41501204163
1482.313000202179, 93231.40566943004, 101998.41501204163
1482.3220000267029, 93231.40566943004, 101998.41501204163
1482.3320000171661, 93231.40566943004, 101998.41501204163
1482.3340001106262, 93231.40566943004, 101998.41501204163
1482.351000070572, 93231.40566943004, 101998.41501204163
1482.351000070572, 93231.40566943004, 101998.41501204163
1482.369000196457, 93231.40566943004, 101998.41501204163
1482.369000196457, 93231.40566943004, 101998.41501204163
1482.3849999904633, 93231.40566943004, 101995.1987357645
1487.2380001544952, 93231.40566943004, 101994.79794431553
1487.2599999904633, 93231.40566943004, 101994.79794431553
1487.2690000534058, 93231.40566943004, 101994.79794431553
1487.2690000534058, 93231.40566943004, 101994.79794431553
1487.28400015831, 93231.40566943004, 101994.79794431553
1487.3000001907349, 93231.40566943004, 101994.79794431553
1487.3100001811981, 93231.40566943004, 101994.00381485869
1487.319000005722, 93231.40566943004, 101994.00381485869
1487.3280000686646, 93231.40566943004, 101993.63026893581
1487.3360002040863, 93231.40566943004, 101993.63026893581
1487.3389999866486, 93231.40566943004, 101993.63026893581
1492.3220000267029, 93231.40566943004, 101993.63026893581
1492.3360002040863, 93231.40566943004, 101993.63026893581
1492.3430001735687, 93231.40566943004, 101993.63026893581
1492.353000164032, 93231.40566943004, 101993.63026893581
1492.3740000724792, 93231.40566943004, 101993.63026893581
1492.3849999904633, 93231.40566943004, 101993.63026893581
1492.388000011444, 93231.40566943004, 101993.63026893581
1492.388000011444, 93231.40566943004, 101993.63026893581
1492.406000137329, 93231.40566943004, 101993.63026893581
1492.406000137329, 93231.40566943004, 101993.63026893581
1492.4210000038147, 93231.40566943004, 101993.63026893581
1497.1470000743866, 93231.40566943004, 101993.63026893581
1497.170000076294, 93231.40566943004, 101993.63026893581
1497.1950001716614, 93231.40566943004, 101990.26064877665
1497.2060000896454, 93231.40566943004, 101990.26064877665
1497.2210001945496, 93231.40566943004, 101990.26064877665
1497.236999988556, 93231.40566943004, 101990.26064877665
1502.3020000457764, 93231.40566943004, 101989.61157565811
1502.3120000362396, 93231.40566943004, 101989.61157565811
1502.319000005722, 93231.40566943004, 101989.61157565811
1502.3289999961853, 93231.40566943004, 101989.61157565811
1502.3300001621246, 93231.40566943004, 101988.27177135691
1502.3470001220703, 93231.40566943004, 101988.27177135691
1502.3489999771118, 93231.40566943004, 101988.16291013417
1502.3680000305176, 93231.40566943004, 101988.16291013417
1502.3790001869202, 93231.40566943004, 101988.16291013417
1507.393000125885, 93231.40566943004, 101986.76181402382
1507.393000125885, 93231.40566943004, 101986.76181402382
1507.4130001068115, 93231.40566943004, 101985.59905356339
1507.4240000247955, 93231.40566943004, 101985.59905356339
1512.3010001182556, 93231.40566943004, 101983.38218279075
1512.3070001602173, 93231.40566943004, 101983.38218279075
1512.3140001296997, 93231.40566943004, 101983.38218279075
1512.3200001716614, 93231.40566943004, 101983.38218279075
1512.3270001411438, 93231.40566943004, 101983.38218279075
1512.3360002040863, 93231.40566943004, 101983.38218279075
1512.3420000076294, 93231.40566943004, 101983.38218279075
1512.3420000076294, 93231.40566943004, 101983.38218279075
1512.3570001125336, 93231.40566943004, 101983.38218279075
1512.3570001125336, 93231.40566943004, 101981.46742755863
1517.3590002059937, 93231.40566943004, 101981.46742755863
1517.375, 93231.40566943004, 101981.46742755863
1517.3870000839233, 93231.40566943004, 101981.46742755863
1517.393000125885, 93231.40566943004, 101981.39763899166
1517.4030001163483, 93231.40566943004, 101981.39763899166
1517.4100000858307, 93231.40566943004, 101981.11907445655
1517.4190001487732, 93231.40566943004, 101981.11907445655
1517.4290001392365, 93231.40566943004, 101981.11907445655
1517.4350001811981, 93231.40566943004, 101980.45506763327
1517.4539999961853, 93231.40566943004, 101980.45506763327
1517.4639999866486, 93231.40566943004, 101980.45506763327
1522.2490000724792, 93231.40566943004, 101980.45506763327
1522.2720000743866, 93231.40566943004, 101980.45506763327
1522.281000137329, 93231.40566943004, 101980.45506763327
1522.2850000858307, 93231.40566943004, 101980.2693252454
1522.3020000457764, 93231.40566943004, 101980.2693252454
1522.3100001811981, 93231.40566943004, 101980.2693252454
1522.324000120163, 93231.40566943004, 101980.2693252454
1522.335000038147, 93231.40566943004, 101979.97378153725
1522.3440001010895, 93231.40566943004, 101979.97378153725
1522.3489999771118, 93231.40566943004, 101979.97378153725
1522.3680000305176, 93231.40566943004, 101979.97378153725
1527.188000202179, 93231.40566943004, 101978.53520505302
1527.2050001621246, 93231.40566943004, 101978.0457394253
1527.210000038147, 93231.40566943004, 101978.0457394253
1527.2190001010895, 93231.40566943004, 101978.0457394253
1527.2360000610352, 93231.40566943004, 101977.32635565128
1527.25, 93231.40566943004, 101977.32635565128
1527.2590000629425, 93231.40566943004, 101977.32635565128
1527.268000125885, 93231.40566943004, 101977.32635565128
1527.2699999809265, 93231.40566943004, 101977.32635565128
1532.0940001010895, 93231.40566943004, 101977.32635565128
1532.103000164032, 93231.40566943004, 101977.32635565128
1532.1130001544952, 93231.40566943004, 101977.32635565128
1532.1240000724792, 93231.40566943004, 101977.32635565128
1532.1330001354218, 93231.40566943004, 101977.32635565128
1532.1340000629425, 93231.40566943004, 101977.32635565128
1532.1530001163483, 93231.40566943004, 101977.32635565128
1532.1640000343323, 93231.40566943004, 101977.32635565128
1532.167000055313, 93231.40566943004, 101977.32635565128
1532.1800000667572, 93231.40566943004, 101977.32635565128
1532.1860001087189, 93231.40566943004, 101977.32635565128
1532.199000120163, 93231.40566943004, 101977.32635565128
1532.215000152588, 93231.40566943004, 101977.32635565128
1536.9639999866486, 93231.40566943004, 101977.32635565128
1536.9739999771118, 93231.40566943004, 101977.32635565128
1536.9840002059937, 93231.40566943004, 101977.32635565128
1536.9960000514984, 93231.40566943004, 101977.32635565128
1537.0099999904633, 93231.40566943004, 101977.32635565128
1537.0140001773834, 93231.40566943004, 101977.32635565128
1537.0270001888275, 93231.40566943004, 101977.32635565128
1537.0300002098083, 93231.40566943004, 101977.32635565128
1537.0300002098083, 93231.40566943004, 101977.32635565128
1537.0460000038147, 93231.40566943004, 101977.32635565128
1537.0490000247955, 93231.40566943004, 101977.32635565128
1537.063000202179, 93231.40566943004, 101977.32635565128
1541.933000087738, 93231.40566943004, 101975.70119381379
1541.9400000572205, 93231.40566943004, 101975.70119381379
1541.9520001411438, 93231.40566943004, 101975.70119381379
1541.9639999866486, 93231.40566943004, 101975.70119381379
1541.9750001430511, 93231.40566943004, 101975.70119381379
1541.9750001430511, 93231.40566943004, 101975.70119381379
1541.9930000305176, 93231.40566943004, 101975.70119381379
1541.9930000305176, 93231.40566943004, 101974.41203838681
1542.0090000629425, 93231.40566943004, 101974.41203838681
1542.0090000629425, 93231.40566943004, 101974.41203838681
1546.766000032425, 93231.40566943004, 101974.41203838681
1546.7890000343323, 93231.40566943004, 101974.41203838681
1546.8040001392365, 93231.40566943004, 101974.41203838681
1546.8110001087189, 93231.40566943004, 101974.41203838681
1546.8289999961853, 93231.40566943004, 101974.41203838681
1546.8410000801086, 93231.40566943004, 101969.5073218489
1551.5230000019073, 93231.40566943004, 101969.5073218489
1551.5350000858307, 93231.40566943004, 101969.5073218489
1551.5429999828339, 93231.40566943004, 101969.5073218489
1551.5480000972748, 93231.40566943004, 101969.5073218489
1551.5590000152588, 93231.40566943004, 101969.5073218489
1551.5590000152588, 93231.40566943004, 101969.5073218489
1551.576000213623, 93231.40566943004, 101969.5073218489
1551.576000213623, 93231.40566943004, 101969.5073218489
1551.5940001010895, 93231.40566943004, 101969.5073218489
1551.6090002059937, 93231.40566943004, 101969.06209139757
1551.611999988556, 93231.40566943004, 101969.06209139757
1551.611999988556, 93231.40566943004, 101969.06209139757
1551.6280000209808, 93231.40566943004, 101969.06209139757
1551.643000125885, 93231.40566943004, 101969.06209139757
1556.6490001678467, 93231.40566943004, 101969.06209139757
1556.65900015831, 93231.40566943004, 101969.06209139757
1556.6679999828339, 93231.40566943004, 101969.06209139757
1556.6840000152588, 93231.40566943004, 101967.33707175285
1556.6960000991821, 93231.40566943004, 101967.33707175285
1556.710000038147, 93231.40566943004, 101967.33707175285
1556.7110002040863, 93231.40566943004, 101967.33707175285
1556.7110002040863, 93231.40566943004, 101967.33707175285
1556.7269999980927, 93231.40566943004, 101967.33707175285
1556.7269999980927, 93231.40566943004, 101966.56318145394
1556.7460000514984, 93231.40566943004, 101966.56318145394
1556.7460000514984, 93231.40566943004, 101966.56318145394
1556.7590000629425, 93231.40566943004, 101966.56318145394
1556.763000011444, 93231.40566943004, 101966.56318145394
1556.763000011444, 93231.40566943004, 101966.56318145394
1556.7770001888275, 93231.40566943004, 101964.85055592835
1556.7829999923706, 93231.40566943004, 101964.85055592835
1561.6920001506805, 93231.40566943004, 101964.85055592835
1561.7050001621246, 93231.40566943004, 101963.63605303124
1561.7210001945496, 93231.40566943004, 101963.63605303124
1561.7220001220703, 93231.40566943004, 101963.63605303124
1561.736999988556, 93231.40566943004, 101963.02006213927
1561.7540001869202, 93231.40566943004, 101963.02006213927
1561.7599999904633, 93231.40566943004, 101963.02006213927
1561.7730000019073, 93231.40566943004, 101963.02006213927
1561.7940001487732, 93231.40566943004, 101963.02006213927
1566.9560000896454, 93231.40566943004, 101963.02006213927
1566.9680001735687, 93231.40566943004, 101963.02006213927
1566.9750001430511, 93231.40566943004, 101963.02006213927
1566.9840002059937, 93231.40566943004, 101963.02006213927
1566.9840002059937, 93231.40566943004, 101963.02006213927
1566.9969999790192, 93231.40566943004, 101963.02006213927
1566.9969999790192, 93231.40566943004, 101963.02006213927
1567.0110001564026, 93231.40566943004, 101960.28853444583
1567.0280001163483, 93231.40566943004, 101960.28853444583
1567.0280001163483, 93231.40566943004, 101960.28853444583
1567.0460000038147, 93231.40566943004, 101959.2851530797
1567.0480000972748, 93231.40566943004, 101959.2851530797
1572.1610000133514, 93231.40566943004, 101958.43589895123
1572.1730000972748, 93231.40566943004, 101958.43589895123
1572.1800000667572, 93231.40566943004, 101958.43589895123
1572.1900000572205, 93231.40566943004, 101958.43589895123
1572.1960000991821, 93231.40566943004, 101958.43589895123
1572.1960000991821, 93231.40566943004, 101958.43589895123
1572.2110002040863, 93231.40566943004, 101958.43589895123
1572.2250001430511, 93231.40566943004, 101958.43589895123
1572.2400000095367, 93231.40566943004, 101957.74487470502
1572.2420001029968, 93231.40566943004, 101957.74487470502
1577.2730000019073, 93231.40566943004, 101957.10196309746
1577.279000043869, 93231.40566943004, 101957.10196309746
1577.2940001487732, 93231.40566943004, 101957.10196309746
1577.3040001392365, 93231.40566943004, 101957.10196309746
1577.313000202179, 93231.40566943004, 101957.10196309746
1577.3210000991821, 93231.40566943004, 101957.10196309746
1577.3310000896454, 93231.40566943004, 101956.19264017798
1581.9360001087189, 93231.40566943004, 101956.19264017798
1581.9530000686646, 93231.40566943004, 101956.19264017798
1581.9639999866486, 93231.40566943004, 101956.19264017798
1581.9750001430511, 93231.40566943004, 101956.19264017798
1581.9840002059937, 93231.40566943004, 101956.19264017798
1587.0240001678467, 93231.40566943004, 101955.14320124712
1587.0320000648499, 93231.40566943004, 101955.14320124712
1587.0390000343323, 93231.40566943004, 101955.14320124712
1587.0390000343323, 93231.40566943004, 101955.14320124712
1587.0540001392365, 93231.40566943004, 101955.14320124712
1587.0650000572205, 93231.40566943004, 101955.14320124712
1587.0750000476837, 93231.40566943004, 101955.14320124712
1587.0789999961853, 93231.40566943004, 101955.14320124712
1587.0920000076294, 93231.40566943004, 101955.14320124712
1592.069000005722, 93231.40566943004, 101953.6101335976
1592.0830001831055, 93231.40566943004, 101953.41864893441
1592.0930001735687, 93231.40566943004, 101953.41864893441
1592.103000164032, 93231.40566943004, 101953.41864893441
1592.103000164032, 93231.40566943004, 101953.41864893441
1592.1200001239777, 93231.40566943004, 101953.41864893441
1592.138000011444, 93231.40566943004, 101953.41864893441
1592.1480000019073, 93231.40566943004, 101953.41864893441
1592.156000137329, 93231.40566943004, 101952.7229581948
1592.156000137329, 93231.40566943004, 101952.7229581948
1597.069000005722, 93231.40566943004, 101951.8858427122
1597.0800001621246, 93231.40566943004, 101951.8858427122
1597.0920000076294, 93231.40566943004, 101951.8858427122
1597.1050000190735, 93231.40566943004, 101951.8858427122
1597.1150000095367, 93231.40566943004, 101951.8858427122
1597.1260001659393, 93231.40566943004, 101951.8858427122
1597.1330001354218, 93231.40566943004, 101951.8858427122
1597.1390001773834, 93231.40566943004, 101951.8858427122
1597.1449999809265, 93231.40566943004, 101951.8858427122
1597.1530001163483, 93231.40566943004, 101951.8858427122
1597.15900015831, 93231.40566943004, 101951.8858427122
1597.1610000133514, 93231.40566943004, 101951.8858427122
1597.1760001182556, 93231.40566943004, 101951.8858427122
1602.1180000305176, 93231.40566943004, 101951.8858427122
1602.1290001869202, 93231.40566943004, 101951.8858427122
1602.1420001983643, 93231.40566943004, 101951.8858427122
1602.1490001678467, 93231.40566943004, 101951.8858427122
1602.1630001068115, 93231.40566943004, 101951.8858427122
1602.1760001182556, 93231.40566943004, 101951.8858427122
1602.1760001182556, 93231.40566943004, 101950.60426670095
1602.1930000782013, 93231.40566943004, 101948.9481910727
1602.1930000782013, 93231.40566943004, 101948.9481910727
1602.210000038147, 93231.40566943004, 101948.9481910727
1607.3420000076294, 93231.40566943004, 101948.9481910727
1607.3440001010895, 93231.40566943004, 101948.9481910727
1607.3600001335144, 93231.40566943004, 101948.9481910727
1607.3700001239777, 93231.40566943004, 101948.9481910727
1607.37700009346, 93231.40566943004, 101948.9481910727
1607.3900001049042, 93231.40566943004, 101948.9481910727
1607.3980000019073, 93231.40566943004, 101948.9481910727
1607.4140000343323, 93231.40566943004, 101947.35750288071
1607.4250001907349, 93231.40566943004, 101946.9028320032
1607.430999994278, 93231.40566943004, 101946.42220892601
1607.430999994278, 93231.40566943004, 101945.8658708164
1612.170000076294, 93231.40566943004, 101945.54293745421
1612.170000076294, 93231.40566943004, 101945.54293745421
1612.1870000362396, 93231.40566943004, 101945.54293745421
1612.1950001716614, 93231.40566943004, 101945.54293745421
1612.2039999961853, 93231.40566943004, 101945.54293745421
1612.2090001106262, 93231.40566943004, 101945.54293745421
1612.2090001106262, 93231.40566943004, 101945.54293745421
1617.4520001411438, 93231.40566943004, 101944.15672977128
1617.4590001106262, 93231.40566943004, 101943.43324652716
1617.4680001735687, 93231.40566943004, 101943.43324652716
1617.4800000190735, 93231.40566943004, 101943.43324652716
1617.4830000400543, 93231.40566943004, 101943.43324652716
1617.4900000095367, 93231.40566943004, 101942.72474050247
1617.5090000629425, 93231.40566943004, 101942.11836410765
1617.5170001983643, 93231.40566943004, 101942.07154822184
1617.5220000743866, 93231.40566943004, 101942.07154822184
1617.5240001678467, 93231.40566943004, 101941.70207134495
1617.5410001277924, 93231.40566943004, 101941.70207134495
1622.8330001831055, 93231.40566943004, 101941.70207134495
1622.851000070572, 93231.40566943004, 101941.70207134495
1622.864000082016, 93231.40566943004, 101941.70207134495
1622.8680000305176, 93231.40566943004, 101941.70207134495
1622.8810000419617, 93231.40566943004, 101941.70207134495
1622.8840000629425, 93231.40566943004, 101941.70207134495
1622.8840000629425, 93231.40566943004, 101941.70207134495
1622.904000043869, 93231.40566943004, 101941.70207134495
1622.9130001068115, 93231.40566943004, 101941.70207134495
1622.9240000247955, 93231.40566943004, 101941.70207134495
1622.930999994278, 93231.40566943004, 101941.70207134495
1622.9360001087189, 93231.40566943004, 101940.43029410501
1622.9539999961853, 93231.40566943004, 101940.43029410501
1622.9630000591278, 93231.40566943004, 101940.43029410501
1622.9700000286102, 93231.40566943004, 101940.43029410501
1622.976000070572, 93231.40566943004, 101940.43029410501
1622.9830000400543, 93231.40566943004, 101940.43029410501
1627.9030001163483, 93231.40566943004, 101940.43029410501
1627.9210000038147, 93231.40566943004, 101940.43029410501
1627.933000087738, 93231.40566943004, 101940.43029410501
1627.9430000782013, 93231.40566943004, 101940.43029410501
1627.9520001411438, 93231.40566943004, 101940.43029410501
1627.9630000591278, 93231.40566943004, 101940.43029410501
1627.9700000286102, 93231.40566943004, 101940.43029410501
1627.9769999980927, 93231.40566943004, 101940.43029410501
1627.9840002059937, 93231.40566943004, 101940.43029410501
1627.9840002059937, 93231.40566943004, 101940.43029410501
1628.0, 93231.40566943004, 101940.43029410501
1628.0, 93231.40566943004, 101940.43029410501
1628.0199999809265, 93231.40566943004, 101940.43029410501
1633.0380001068115, 93231.40566943004, 101937.46498081218
1633.0500001907349, 93231.40566943004, 101937.46498081218
1633.0620000362396, 93231.40566943004, 101936.55797424255
1633.0700001716614, 93231.40566943004, 101936.55797424255
1633.0840001106262, 93231.40566943004, 101936.55797424255
1633.098000049591, 93231.40566943004, 101936.55797424255
1633.1050000190735, 93231.40566943004, 101936.55797424255
1633.1210000514984, 93231.40566943004, 101936.55797424255
1633.1230001449585, 93231.40566943004, 101936.55797424255
1633.1370000839233, 93231.40566943004, 101936.55797424255
1633.1390001773834, 93231.40566943004, 101936.55797424255
1638.6150000095367, 93231.40566943004, 101936.55797424255
1638.6260001659393, 93231.40566943004, 101935.2313984335
1638.632000207901, 93231.40566943004, 101934.29308049337
1638.641000032425, 93231.40566943004, 101934.29308049337
1638.6480000019073, 93231.40566943004, 101934.29308049337
1638.6550002098083, 93231.40566943004, 101933.7960008219
1643.614000082016, 93231.40566943004, 101933.50011341325
1643.625, 93231.40566943004, 101933.50011341325
1643.6349999904633, 93231.40566943004, 101933.50011341325
1643.6500000953674, 93231.40566943004, 101933.50011341325
1643.6579999923706, 93231.40566943004, 101933.50011341325
1643.6690001487732, 93231.40566943004, 101933.50011341325
1643.6770000457764, 93231.40566943004, 101933.50011341325
1643.688000202179, 93231.40566943004, 101933.50011341325
1643.6980001926422, 93231.40566943004, 101933.50011341325
1643.7039999961853, 93231.40566943004, 101933.50011341325
1648.7490000724792, 93231.40566943004, 101933.50011341325
1648.7699999809265, 93231.40566943004, 101933.50011341325
1648.7829999923706, 93231.40566943004, 101933.50011341325
1648.7870001792908, 93231.40566943004, 101933.50011341325
1654.1960000991821, 93231.40566943004, 101933.50011341325
1654.212000131607, 93231.40566943004, 101931.02330260267
1654.2130000591278, 93231.40566943004, 101931.02330260267
1654.223000049591, 93231.40566943004, 101931.02330260267
1654.2320001125336, 93231.40566943004, 101930.7477654802
1654.2400000095367, 93231.40566943004, 101930.7477654802
1654.2480001449585, 93231.40566943004, 101930.37045263211
1654.2599999904633, 93231.40566943004, 101930.08684089259
1654.2599999904633, 93231.40566943004, 101930.08684089259
1659.6730000972748, 93231.40566943004, 101929.37588683523
1659.6870000362396, 93231.40566943004, 101929.37588683523
1659.6930000782013, 93231.40566943004, 101929.37588683523
1659.7080001831055, 93231.40566943004, 101929.37588683523
1659.7080001831055, 93231.40566943004, 101929.37588683523
1659.7250001430511, 93231.40566943004, 101929.37588683523
1659.7250001430511, 93231.40566943004, 101929.37588683523
1659.741000175476, 93231.40566943004, 101929.37588683523
1659.7530000209808, 93231.40566943004, 101929.37588683523
1659.7590000629425, 93231.40566943004, 101929.37588683523
1659.7590000629425, 93231.40566943004, 101929.37588683523
1659.779000043869, 93231.40566943004, 101929.37588683523
1664.7829999923706, 93231.40566943004, 101929.37588683523
1664.7960000038147, 93231.40566943004, 101929.37588683523
1664.808000087738, 93231.40566943004, 101929.37588683523
1664.8250000476837, 93231.40566943004, 101928.9600796179
1664.835000038147, 93231.40566943004, 101927.40697898666
1664.8410000801086, 93231.40566943004, 101927.40697898666
1664.8420000076294, 93231.40566943004, 101927.40697898666
1664.8600001335144, 93231.40566943004, 101927.40697898666
1664.8600001335144, 93231.40566943004, 101927.40697898666
1664.8780000209808, 93231.40566943004, 101927.40697898666
1664.8780000209808, 93231.40566943004, 101927.21860813213
1664.8940000534058, 93231.40566943004, 101927.21860813213
1664.8949999809265, 93231.40566943004, 101927.21860813213
1670.170000076294, 93231.40566943004, 101927.21860813213
1670.1860001087189, 93231.40566943004, 101927.21860813213
1670.1950001716614, 93231.40566943004, 101927.21860813213
1670.2110002040863, 93231.40566943004, 101926.1491607307
1670.223000049591, 93231.40566943004, 101926.1491607307
1670.2290000915527, 93231.40566943004, 101926.1491607307
1670.2469999790192, 93231.40566943004, 101926.1491607307
1670.2620000839233, 93231.40566943004, 101925.4126366769
1676.25200009346, 93231.40566943004, 101924.6778955561
1676.2690000534058, 93231.40566943004, 101924.6778955561
1676.2820000648499, 93231.40566943004, 101924.6778955561
1676.2940001487732, 93231.40566943004, 101924.6778955561
1676.297000169754, 93231.40566943004, 101924.6778955561
1676.3120000362396, 93231.40566943004, 101924.6778955561
1676.3210000991821, 93231.40566943004, 101924.6778955561
1676.3280000686646, 93231.40566943004, 101924.6778955561
1676.340000152588, 93231.40566943004, 101924.6778955561
1676.3519999980927, 93231.40566943004, 101924.6778955561
1681.6850001811981, 93231.40566943004, 101923.64018343306
1681.7020001411438, 93231.40566943004, 101923.64018343306
1681.7060000896454, 93231.40566943004, 101923.64018343306
1681.7269999980927, 93231.40566943004, 101923.15917614683
1681.7350001335144, 93231.40566943004, 101923.15917614683
1681.7430000305176, 93231.40566943004, 101922.96075384333
1681.75200009346, 93231.40566943004, 101922.96075384333
1681.75200009346, 93231.40566943004, 101922.96075384333
1687.101000070572, 93231.40566943004, 101922.96075384333
1687.1080000400543, 93231.40566943004, 101922.96075384333
1687.12700009346, 93231.40566943004, 101922.96075384333
1687.1310000419617, 93231.40566943004, 101922.96075384333
1687.1449999809265, 93231.40566943004, 101922.96075384333
1687.1620001792908, 93231.40566943004, 101922.96075384333
1687.1620001792908, 93231.40566943004, 101922.96075384333
1687.1750001907349, 93231.40566943004, 101922.96075384333
1687.1790001392365, 93231.40566943004, 101922.96075384333
1687.1790001392365, 93231.40566943004, 101922.96075384333
1692.5680000782013, 93231.40566943004, 101922.96075384333
1692.585000038147, 93231.40566943004, 101922.96075384333
1692.5970001220703, 93231.40566943004, 101922.96075384333
1692.6090002059937, 93231.40566943004, 101922.96075384333
1692.6200001239777, 93231.40566943004, 101922.96075384333
1692.6200001239777, 93231.40566943004, 101922.96075384333
1697.9400000572205, 93231.40566943004, 101922.96075384333
1697.9590001106262, 93231.40566943004, 101922.96075384333
1697.9769999980927, 93231.40566943004, 101918.44927021868
1697.9810001850128, 93231.40566943004, 101918.44927021868
1703.085000038147, 93231.40566943004, 101918.44927021868
1703.0960001945496, 93231.40566943004, 101918.44927021868
1703.1050000190735, 93231.40566943004, 101918.44927021868
1703.1070001125336, 93231.40566943004, 101918.44927021868
1703.1230001449585, 93231.40566943004, 101918.44927021868
1703.1230001449585, 93231.40566943004, 101918.44927021868
1703.1390001773834, 93231.40566943004, 101918.44927021868
1703.1390001773834, 93231.40566943004, 101918.44927021868
1703.1610000133514, 93231.40566943004, 101918.44927021868
1703.1730000972748, 93231.40566943004, 101918.44927021868
1703.183000087738, 93231.40566943004, 101918.44927021868
1703.1870000362396, 93231.40566943004, 101918.44927021868
1703.2090001106262, 93231.40566943004, 101918.44927021868
1703.2250001430511, 93231.40566943004, 101918.44927021868
1703.2350001335144, 93231.40566943004, 101918.44927021868
1703.2430000305176, 93231.40566943004, 101915.3580912693
1703.2510001659393, 93231.40566943004, 101915.3580912693
1703.2590000629425, 93231.40566943004, 101915.3580912693
1708.6630001068115, 93231.40566943004, 101915.3580912693
1708.6770000457764, 93231.40566943004, 101915.3580912693
1708.6850001811981, 93231.40566943004, 101915.3580912693
1708.6930000782013, 93231.40566943004, 101915.3580912693
1708.710000038147, 93231.40566943004, 101915.3580912693
1708.7160000801086, 93231.40566943004, 101915.3580912693
1708.7320001125336, 93231.40566943004, 101915.3580912693
1713.9120001792908, 93231.40566943004, 101915.3580912693
1713.933000087738, 93231.40566943004, 101915.3580912693
1713.9480001926422, 93231.40566943004, 101915.3580912693
1713.9630000591278, 93231.40566943004, 101915.3580912693
1713.973000049591, 93231.40566943004, 101915.3580912693
1713.9800000190735, 93231.40566943004, 101910.94516593804
1719.28400015831, 93231.40566943004, 101909.4448719704
1719.2960000038147, 93231.40566943004, 101909.4448719704
1719.308000087738, 93231.40566943004, 101909.4448719704
1719.3220000267029, 93231.40566943004, 101909.4448719704
1719.3300001621246, 93231.40566943004, 101909.4448719704
1719.337000131607, 93231.40566943004, 101908.2127291914
1719.337000131607, 93231.40566943004, 101908.14473642322
1719.353000164032, 93231.40566943004, 101908.14473642322
1719.353000164032, 93231.40566943004, 101908.14473642322
1719.3710000514984, 93231.40566943004, 101908.14473642322
1719.3710000514984, 93231.40566943004, 101908.14473642322
1719.3890001773834, 93231.40566943004, 101907.56222427069
1724.388000011444, 93231.40566943004, 101907.56222427069
1724.4020001888275, 93231.40566943004, 101907.56222427069
1724.4110000133514, 93231.40566943004, 101907.56222427069
1724.4160001277924, 93231.40566943004, 101907.56222427069
1724.4230000972748, 93231.40566943004, 101907.56222427069
1724.4300000667572, 93231.40566943004, 101907.56222427069
1724.444000005722, 93231.40566943004, 101905.42990679
1729.5710000991821, 93231.40566943004, 101905.42990679
1729.590000152588, 93231.40566943004, 101905.42990679
1729.6040000915527, 93231.40566943004, 101905.42990679
1729.611999988556, 93231.40566943004, 101905.42990679
1729.6219999790192, 93231.40566943004, 101903.45859105868
1729.6240000724792, 93231.40566943004, 101903.39852711752
1729.6240000724792, 93231.40566943004, 101903.39852711752
1735.1330001354218, 93231.40566943004, 101902.4078713585
1735.1530001163483, 93231.40566943004, 101902.4078713585
1735.167000055313, 93231.40566943004, 101902.4078713585
1735.1690001487732, 93231.40566943004, 101902.4078713585
1735.1850001811981, 93231.40566943004, 101902.4078713585
1735.2000000476837, 93231.40566943004, 101902.4078713585
1735.2000000476837, 93231.40566943004, 101902.4078713585
1735.2170000076294, 93231.40566943004, 101902.4078713585
1735.2170000076294, 93231.40566943004, 101902.4078713585
1735.2350001335144, 93231.40566943004, 101901.20795551562
1740.6650002002716, 93231.40566943004, 101901.20795551562
1740.6870000362396, 93231.40566943004, 101901.20795551562
1740.6980001926422, 93231.40566943004, 101901.20795551562
1740.6980001926422, 93231.40566943004, 101901.20795551562
1740.715000152588, 93231.40566943004, 101901.20795551562
1740.715000152588, 93231.40566943004, 101901.20795551562
1740.7300000190735, 93231.40566943004, 101899.86639039576
1740.7469999790192, 93231.40566943004, 101899.86639039576
1740.7469999790192, 93231.40566943004, 101899.86639039576
1746.0150001049042, 93231.40566943004, 101899.86639039576
1746.0360000133514, 93231.40566943004, 101899.86639039576
1746.0490000247955, 93231.40566943004, 101899.86639039576
1751.3580000400543, 93231.40566943004, 101899.86639039576
1751.380000114441, 93231.40566943004, 101899.86639039576
1751.3949999809265, 93231.40566943004, 101899.86639039576
1751.3970000743866, 93231.40566943004, 101899.86639039576
1751.40900015831, 93231.40566943004, 101899.86639039576
1751.4250001907349, 93231.40566943004, 101899.86639039576
1751.4280002117157, 93231.40566943004, 101899.86639039576
1751.4409999847412, 93231.40566943004, 101899.86639039576
1756.5970001220703, 93231.40566943004, 101899.86639039576
1756.6080000400543, 93231.40566943004, 101899.86639039576
1756.614000082016, 93231.40566943004, 101899.86639039576
1756.632000207901, 93231.40566943004, 101899.86639039576
1756.6470000743866, 93231.40566943004, 101899.86639039576
1756.6490001678467, 93231.40566943004, 101899.86639039576
1756.6640000343323, 93231.40566943004, 101899.86639039576
1756.6640000343323, 93231.40566943004, 101899.86639039576
1756.683000087738, 93231.40566943004, 101899.86639039576
1756.683000087738, 93231.40566943004, 101899.86639039576
1756.7000000476837, 93231.40566943004, 101899.86639039576
1761.9400000572205, 93231.40566943004, 101899.86639039576
1761.9580001831055, 93231.40566943004, 101899.86639039576
1761.9710001945496, 93231.40566943004, 101899.86639039576
1761.9810001850128, 93231.40566943004, 101894.65702339944
1761.9840002059937, 93231.40566943004, 101894.65702339944
1762.0010001659393, 93231.40566943004, 101894.65702339944
1762.0060000419617, 93231.40566943004, 101894.65702339944
1762.0170001983643, 93231.40566943004, 101894.65702339944
1762.0170001983643, 93231.40566943004, 101894.65702339944
1762.03400015831, 93231.40566943004, 101894.65702339944
1762.03400015831, 93231.40566943004, 101894.65702339944
1762.0500001907349, 93231.40566943004, 101894.65702339944
1762.058000087738, 93231.40566943004, 101894.65702339944
1762.0730001926422, 93231.40566943004, 101894.65702339944
1762.0800001621246, 93231.40566943004, 101894.65702339944
1762.087000131607, 93231.40566943004, 101894.65702339944
1762.0950000286102, 93231.40566943004, 101894.65702339944
1767.4950001239777, 93231.40566943004, 101894.48547493409
1767.4950001239777, 93231.40566943004, 101894.48547493409
1767.518000125885, 93231.40566943004, 101894.48547493409
1767.531000137329, 93231.40566943004, 101894.48547493409
1767.5440001487732, 93231.40566943004, 101894.48547493409
1767.5460000038147, 93231.40566943004, 101894.48547493409
1767.563000202179, 93231.40566943004, 101894.48547493409
1767.563000202179, 93231.40566943004, 101894.48547493409
1767.5789999961853, 93231.40566943004, 101892.72959036328
1767.5789999961853, 93231.40566943004, 101892.72959036328
1767.598000049591, 93231.40566943004, 101892.72959036328
1767.598000049591, 93231.40566943004, 101892.72959036328
1767.611999988556, 93231.40566943004, 101892.72959036328
1767.6180000305176, 93231.40566943004, 101892.72959036328
1767.6180000305176, 93231.40566943004, 101891.65505577525
1772.991000175476, 93231.40566943004, 101890.30174308292
1773.0060000419617, 93231.40566943004, 101890.30174308292
1773.0120000839233, 93231.40566943004, 101890.10828282835
1773.0280001163483, 93231.40566943004, 101889.97417438639
1773.0360000133514, 93231.40566943004, 101889.97417438639
1773.0460000038147, 93231.40566943004, 101889.51819461638
1773.058000087738, 93231.40566943004, 101889.42350484246
1773.0600001811981, 93231.40566943004, 101889.42350484246
1773.0600001811981, 93231.40566943004, 101889.42350484246
1773.0789999961853, 93231.40566943004, 101889.1623249558
1778.3030002117157, 93231.40566943004, 101889.1623249558
1778.3100001811981, 93231.40566943004, 101889.1623249558
1778.3210000991821, 93231.40566943004, 101889.1623249558
1778.3300001621246, 93231.40566943004, 101889.1623249558
1778.337000131607, 93231.40566943004, 101889.1623249558
1778.3460001945496, 93231.40566943004, 101889.1623249558
1778.3489999771118, 93231.40566943004, 101889.1623249558
1778.3670001029968, 93231.40566943004, 101888.15023619519
1778.382000207901, 93231.40566943004, 101888.07504238469
1783.7210001945496, 93231.40566943004, 101887.45007593193
1783.7330000400543, 93231.40566943004, 101886.34880750414
1783.7450001239777, 93231.40566943004, 101886.34880750414
1783.7599999904633, 93231.40566943004, 101885.95824379608
1783.7599999904633, 93231.40566943004, 101885.95824379608
1783.7760000228882, 93231.40566943004, 101885.95824379608
1783.7780001163483, 93231.40566943004, 101885.95824379608
1783.7780001163483, 93231.40566943004, 101885.95824379608
1783.795000076294, 93231.40566943004, 101885.95824379608
1788.9769999980927, 93231.40566943004, 101885.68933301228
1788.9930000305176, 93231.40566943004, 101885.68933301228
1789.013000011444, 93231.40566943004, 101884.04822785287
1789.0260000228882, 93231.40566943004, 101884.04822785287
1789.0300002098083, 93231.40566943004, 101884.04822785287
1789.045000076294, 93231.40566943004, 101884.04822785287
1789.0530002117157, 93231.40566943004, 101884.04822785287
1789.063000202179, 93231.40566943004, 101884.04822785287
1789.0710000991821, 93231.40566943004, 101884.04822785287
1789.0780000686646, 93231.40566943004, 101884.04822785287
1789.0789999961853, 93231.40566943004, 101884.04822785287
1789.0940001010895, 93231.40566943004, 101884.04822785287
1789.0960001945496, 93231.40566943004, 101884.04822785287
1794.2860000133514, 93231.40566943004, 101884.04822785287
1794.2980000972748, 93231.40566943004, 101884.04822785287
1794.3120000362396, 93231.40566943004, 101884.04822785287
1794.3270001411438, 93231.40566943004, 101884.04822785287
1794.3389999866486, 93231.40566943004, 101884.04822785287
1794.3470001220703, 93231.40566943004, 101884.04822785287
1799.5270001888275, 93231.40566943004, 101884.04822785287
1799.5270001888275, 93231.40566943004, 101884.04822785287
1799.5530002117157, 93231.40566943004, 101884.04822785287
1799.5640001296997, 93231.40566943004, 101884.04822785287
1799.5789999961853, 93231.40566943004, 101884.04822785287
1800.0120000839233, 93231.40566943004, 101884.04822785287
1800.0720000267029, 93231.40566943002, 101884.04822785287
