0.1549999713897705, -1e+100, 274245.4051029361
0.3249998092651367, -1e+100, 124973.2305896541
1.1639997959136963, -1e+100, 90712.40154963658
6.658999919891357, -1e+100, 83722.93161056642
7.197999954223633, -1e+100, 82764.70171117916
17.971999883651733, -1e+100, 71744.6678508702
38.48699998855591, -1e+100, 65998.10634466611
40.09599995613098, -1e+100, 65573.68421520096
41.329999923706055, -1e+100, 65569.75191275383
42.025999784469604, -1e+100, 65569.75191275383
42.47599983215332, -1e+100, 65569.75191275383
45.584999799728394, -1e+100, 65569.75191275383
47.99399995803833, -1e+100, 65569.75191275383
50.69099998474121, -1e+100, 65376.93320979889
51.180999994277954, 36196.27141242081, 65376.93320979889
51.68599987030029, 36196.27141242081, 65376.93320979889
54.394999980926514, 36196.27141242081, 65285.59901181477
56.59099984169006, 36196.27141242081, 64617.032833382145
58.89099979400635, 36196.27141242081, 64459.330254919005
59.78399991989136, 36196.27141242081, 64459.330254919005
60.870999813079834, 36196.27141242081, 64459.330254919005
64.67499995231628, 36196.27141242081, 64459.330254919005
65.61499977111816, 36196.27141242081, 64459.330254919005
66.56299996376038, 36196.27141242081, 64459.330254919005
67.61099982261658, 36196.27141242081, 64408.01046471608
69.85399985313416, 36196.27141242081, 64408.01046471608
69.8659999370575, 36196.27141242081, 64408.01046471608
71.04899978637695, 36196.27141242081, 64408.01046471608
71.06799983978271, 36196.27141242081, 64408.01046471608
73.29499983787537, 36196.27141242081, 63880.84753674008
73.30999994277954, 36196.27141242081, 63880.84753674008
74.64299988746643, 36196.27141242081, 63880.84753674008
74.64399981498718, 36196.27141242081, 63880.84753674008
76.04399991035461, 36196.27141242081, 63880.84753674008
77.41299986839294, 36196.27141242081, 63880.84753674008
77.43299984931946, 36196.27141242081, 63880.84753674008
78.86899995803833, 36196.27141242081, 61612.27850744826
78.86999988555908, 36196.27141242081, 61612.27850744826
80.50399994850159, 36196.27141242081, 61315.20583210575
83.63699984550476, 36196.27141242081, 61081.14946058687
85.32499980926514, 36196.27141242081, 61081.14946058687
87.17199993133545, 36196.27141242081, 61081.14946058687
87.1859998703003, 36196.27141242081, 61081.14946058687
88.91799998283386, 36196.27141242081, 60954.89401562388
88.93499994277954, 36196.27141242081, 60954.89401562388
88.9469997882843, 36196.27141242081, 60954.89401562388
88.95799994468689, 36196.27141242081, 60954.89401562388
88.96599984169006, 36196.27141242081, 60954.89401562388
90.77999997138977, 36196.27141242081, 60748.6415653188
94.70899987220764, 36196.27141242081, 60555.45594114094
96.50799989700317, 36196.27141242081, 60502.69291562416
96.52999997138977, 36196.27141242081, 60502.69291562416
98.64299988746643, 36196.27141242081, 60377.75820813365
100.75599980354309, 36196.27141242081, 60377.75820813365
100.77799987792969, 36196.27141242081, 60377.75820813365
105.59599995613098, 36196.27141242081, 59866.34730921925
105.60699987411499, 36196.27141242081, 59866.34730921925
105.62099981307983, 36196.27141242081, 59548.83578018762
105.6269998550415, 36196.27141242081, 59548.83578018762
110.43699979782104, 36196.27141242081, 58975.494277585894
113.5719997882843, 36196.27141242081, 58859.38122989725
116.25099992752075, 36196.27141242081, 58587.80771821636
119.46599984169006, 36196.27141242081, 58587.80771821636
119.48799991607666, 36196.27141242081, 58362.81780773545
126.27099990844727, 36196.27141242081, 58041.6571833696
126.31299996376038, 36196.27141242081, 57646.115668312465
126.33799982070923, 36196.27141242081, 57646.115668312465
129.78399991989136, 36196.27141242081, 57629.92417837306
129.81499981880188, 36196.27141242081, 57629.92417837306
129.83599996566772, 36196.27141242081, 57629.92417837306
129.86999988555908, 36196.27141242081, 57482.17771758277
133.28999996185303, 36196.27141242081, 57468.52036887018
136.6599998474121, 36196.27141242081, 57407.15933027433
136.6710000038147, 36196.27141242081, 57407.15933027433
140.4689998626709, 36196.27141242081, 57407.15933027433
140.47499990463257, 36196.27141242081, 57407.15933027433
140.52699995040894, 36196.27141242081, 57407.15933027433
140.5589997768402, 36196.27141242081, 57384.38135854005
145.01599979400635, 36196.27141242081, 57324.56049027472
145.03399991989136, 36196.27141242081, 57324.56049027472
145.0479998588562, 39654.847320517845, 57324.56049027472
145.05999994277954, 39654.847320517845, 57324.56049027472
145.0899999141693, 39654.847320517845, 57324.56049027472
149.43899989128113, 39654.847320517845, 57324.56049027472
149.47399997711182, 39654.847320517845, 57324.56049027472
149.48999977111816, 39654.847320517845, 57324.56049027472
149.52300000190735, 39654.847320517845, 57259.42587676346
149.53999996185303, 39654.847320517845, 57259.42587676346
157.59799981117249, 39654.847320517845, 57170.837451500374
157.62399983406067, 39654.847320517845, 57170.837451500374
157.6509997844696, 39654.847320517845, 57170.837451500374
161.86299991607666, 39654.847320517845, 57170.837451500374
161.89399981498718, 39654.847320517845, 57151.53676873449
166.481999874115, 39654.847320517845, 57133.40778260474
166.51699995994568, 39654.847320517845, 57133.40778260474
171.00799989700317, 39654.847320517845, 57133.40778260474
171.00999999046326, 39654.847320517845, 57133.40778260474
171.04399991035461, 39654.847320517845, 57133.40778260474
171.08899998664856, 39654.847320517845, 57133.40778260474
171.09599995613098, 39654.847320517845, 57133.40778260474
171.1449999809265, 39654.847320517845, 57115.63667646993
176.35199999809265, 39654.847320517845, 57115.63667646993
176.3809998035431, 39654.847320517845, 57115.63667646993
176.43299984931946, 39654.847320517845, 57077.25159354291
181.57699990272522, 39654.847320517845, 57077.25159354291
181.58599996566772, 39654.847320517845, 57077.25159354291
181.61999988555908, 39654.847320517845, 57060.27976367124
181.6769998073578, 39654.847320517845, 56961.965124392926
186.89099979400635, 39654.847320517845, 56961.965124392926
186.9139997959137, 39654.847320517845, 56961.965124392926
186.9599997997284, 39654.984021694814, 56961.965124392926
187.01399993896484, 39654.984021694814, 56932.36925402187
192.0589997768402, 39654.984021694814, 56911.92885766186
192.07499980926514, 39654.984021694814, 56911.92885766186
192.1029999256134, 39654.984021694814, 56911.92885766186
192.1269998550415, 39654.984021694814, 56911.92885766186
192.14399981498718, 39654.984021694814, 56911.92885766186
192.17599987983704, 39654.984021694814, 56884.03720235554
192.2099997997284, 39654.984021694814, 56875.2831269667
197.43099999427795, 39654.984021694814, 56875.19663519053
197.4909999370575, 39654.984021694814, 56875.19663519053
197.5149998664856, 39654.984021694814, 56875.19663519053
197.53999996185303, 39654.984021694814, 56875.19663519053
202.2849998474121, 39654.984021694814, 56875.19663519053
202.30399990081787, 39654.984021694814, 56875.19663519053
202.34099984169006, 39654.984021694814, 56852.68442463312
202.37999987602234, 39654.984021694814, 56852.68442463312
207.1599998474121, 39654.984021694814, 56852.68442463312
207.1769998073578, 39654.984021694814, 56852.68442463312
207.20899987220764, 39654.984021694814, 56852.68442463312
207.25, 39654.984021694814, 56852.68442463312
211.28599977493286, 39654.984021694814, 56852.68442463312
211.30299997329712, 39654.984021694814, 56852.68442463312
211.32299995422363, 39654.984021694814, 56813.22952945176
211.35399985313416, 39654.984021694814, 56804.33527450426
211.3879997730255, 39654.984021694814, 56804.33527450426
211.41799998283386, 39654.984021694814, 56804.33527450426
215.83799982070923, 39654.984021694814, 56804.33527450426
215.85899996757507, 39654.984021694814, 56804.33527450426
220.7869999408722, 39654.984021694814, 56737.1788194528
220.8159999847412, 39654.984021694814, 56737.1788194528
224.68099999427795, 39654.984021694814, 56737.1788194528
224.70199990272522, 39654.984021694814, 56737.1788194528
224.72699999809265, 39654.984021694814, 56737.1788194528
224.75999999046326, 39654.984021694814, 56734.96992202537
224.77499985694885, 39654.984021694814, 56734.96992202537
224.80099987983704, 39654.984021694814, 56734.96992202537
228.3309998512268, 39654.984021694814, 56720.698867630425
228.36899995803833, 39654.984021694814, 56720.698867630425
228.38899993896484, 39654.984021694814, 56720.698867630425
232.85899996757507, 39654.984021694814, 56720.698867630425
232.87799978256226, 39654.984021694814, 56720.698867630425
232.89599990844727, 39654.984021694814, 56720.698867630425
232.9269998073578, 39654.984021694814, 56720.698867630425
232.9909999370575, 39654.984021694814, 56720.698867630425
238.3659999370575, 39654.984021694814, 56720.698867630425
238.38199996948242, 39654.984021694814, 56720.698867630425
238.3989999294281, 39654.984021694814, 56720.698867630425
238.44899988174438, 39654.984021694814, 56665.469211287455
238.4779999256134, 39654.984021694814, 56665.469211287455
243.55399990081787, 39654.984021694814, 56665.469211287455
243.5719997882843, 39654.984021694814, 56665.469211287455
243.6029999256134, 39654.984021694814, 56665.469211287455
243.6399998664856, 39654.984021694814, 56665.469211287455
243.6399998664856, 39654.984021694814, 56643.620673043624
243.65699982643127, 39654.984021694814, 56643.620673043624
248.8019998073578, 39654.984021694814, 56643.620673043624
248.83899998664856, 39654.984021694814, 56643.620673043624
248.87099981307983, 39654.984021694814, 56610.81598808659
248.88699984550476, 39654.984021694814, 56607.22895390728
253.59199976921082, 39654.984021694814, 56586.493949982825
253.6119999885559, 39654.984021694814, 56586.493949982825
253.6639997959137, 39654.984021694814, 56564.42042701529
253.6769998073578, 39654.984021694814, 56564.42042701529
253.72099995613098, 39654.984021694814, 56562.495641855
258.58899998664856, 39654.984021694814, 56562.495641855
258.6109998226166, 39654.984021694814, 56562.495641855
258.6319999694824, 39654.984021694814, 56556.45360154764
258.67399978637695, 39654.984021694814, 56547.990723176474
258.69799995422363, 39654.984021694814, 56547.990723176474
258.7149999141693, 39654.984021694814, 56547.990723176474
258.731999874115, 39654.984021694814, 56547.990723176474
264.1989998817444, 39654.984021694814, 56537.540545085154
264.27499985694885, 39654.984021694814, 56521.132747943746
268.9299998283386, 39654.984021694814, 56504.23965428622
268.9519999027252, 39654.984021694814, 56504.23965428622
273.73299980163574, 39654.984021694814, 56459.882324295635
273.77099990844727, 39654.984021694814, 56459.882324295635
273.8109998703003, 39654.984021694814, 56459.882324295635
273.8359999656677, 39654.984021694814, 56459.882324295635
278.3839998245239, 39654.984021694814, 56440.886866351684
278.4009997844696, 39654.984021694814, 56438.4362281311
278.42599987983704, 39654.984021694814, 56438.4362281311
278.4619998931885, 39654.984021694814, 56438.4362281311
278.4869999885559, 39654.984021694814, 56438.4362281311
278.5039999485016, 39654.984021694814, 56438.4362281311
278.5199999809265, 39654.984021694814, 56438.4362281311
278.55399990081787, 39654.984021694814, 56438.4362281311
283.3129999637604, 39654.984021694814, 56438.4362281311
283.32599997520447, 39654.984021694814, 56438.4362281311
283.3439998626709, 39654.984021694814, 56438.4362281311
283.36299991607666, 39654.984021694814, 56438.4362281311
283.39099979400635, 39654.984021694814, 56438.4362281311
283.41099977493286, 39654.984021694814, 56412.93467193339
283.45699977874756, 39654.984021694814, 56412.93467193339
283.481999874115, 39654.984021694814, 56412.93467193339
288.57499980926514, 39654.984021694814, 56387.59491278803
288.60199999809265, 39654.984021694814, 56387.59491278803
288.6289999485016, 39654.984021694814, 56387.59491278803
288.6689999103546, 39654.984021694814, 56387.59491278803
293.85799980163574, 39654.984021694814, 56373.81086147269
293.8789999485016, 39654.984021694814, 56373.81086147269
293.89599990844727, 39654.984021694814, 56373.81086147269
293.91999983787537, 39654.984021694814, 56365.9327238355
293.93299984931946, 39654.984021694814, 56365.9327238355
293.9579999446869, 39654.984021694814, 56365.9327238355
298.68699979782104, 39654.984021694814, 56365.9327238355
298.7369999885559, 39654.984021694814, 56365.9327238355
298.77099990844727, 39654.984021694814, 56365.9327238355
298.789999961853, 39654.984021694814, 56365.9327238355
298.827999830246, 39654.984021694814, 56346.48000343675
298.8399999141693, 39654.984021694814, 56346.48000343675
298.856999874115, 39654.984021694814, 56346.48000343675
303.06699991226196, 39654.984021694814, 56346.48000343675
303.0869998931885, 39654.984021694814, 56346.48000343675
303.1159999370575, 39654.984021694814, 56308.38619217773
303.1309998035431, 39654.984021694814, 56295.34795990014
307.91799998283386, 39654.984021694814, 56295.34795990014
307.9339997768402, 39654.984021694814, 56295.34795990014
307.96999979019165, 39654.984021694814, 56295.34795990014
307.9889998435974, 39654.984021694814, 56295.34795990014
308.00999999046326, 39654.984021694814, 56295.34795990014
308.02499985694885, 39654.984021694814, 56295.34795990014
312.89299988746643, 39654.984021694814, 56295.34795990014
312.9119999408722, 39654.984021694814, 56295.34795990014
312.9319999217987, 39654.984021694814, 56295.34795990014
312.95899987220764, 39654.984021694814, 56295.34795990014
312.9839999675751, 39654.984021694814, 56295.34795990014
317.5149998664856, 39654.984021694814, 56277.66972879481
317.53599977493286, 39654.984021694814, 56276.85538316302
317.55399990081787, 39654.984021694814, 56276.85538316302
317.57299995422363, 39654.984021694814, 56276.85538316302
317.5849997997284, 39654.984021694814, 56276.85538316302
322.2479999065399, 39654.984021694814, 56242.80457889904
322.2909998893738, 39654.984021694814, 56242.80457889904
322.31900000572205, 39654.984021694814, 56242.80457889904
322.385999917984, 39654.984021694814, 56242.80457889904
326.9139997959137, 39654.984021694814, 56242.80457889904
326.9469997882843, 39654.984021694814, 56242.80457889904
326.9649999141693, 39654.984021694814, 56222.929254774084
326.99899983406067, 39654.984021694814, 56222.929254774084
327.0649998188019, 39654.984021694814, 56218.60453933347
327.0989999771118, 39654.984021694814, 56218.60453933347
327.1339998245239, 39654.984021694814, 56217.76801817342
331.7759997844696, 39654.984021694814, 56216.37407778475
336.73099994659424, 39654.984021694814, 56216.16721029688
336.75099992752075, 39654.984021694814, 56216.16721029688
336.78599977493286, 39654.984021694814, 56216.16721029688
336.82999992370605, 39654.984021694814, 56216.16721029688
336.845999956131, 39654.984021694814, 56216.16721029688
336.86299991607666, 39654.984021694814, 56216.16721029688
336.87999987602234, 39654.984021694814, 56216.16721029688
336.896999835968, 39654.984021694814, 56216.16721029688
336.91699981689453, 39654.984021694814, 56216.16721029688
336.9319999217987, 39654.984021694814, 56210.37289344874
341.70499992370605, 39654.984021694814, 56205.670879976235
341.7259998321533, 39654.984021694814, 56205.670879976235
341.7649998664856, 39654.984021694814, 56205.670879976235
341.8219997882843, 39654.984021694814, 56152.41137840148
346.3179998397827, 39654.984021694814, 56149.54263453383
346.32599997520447, 39654.984021694814, 56149.54263453383
346.3489999771118, 39654.984021694814, 56149.54263453383
350.5589997768402, 39654.984021694814, 56149.54263453383
350.57599997520447, 39654.984021694814, 56149.54263453383
350.59099984169006, 39654.984021694814, 56149.54263453383
350.6159999370575, 39654.984021694814, 56149.54263453383
350.63899993896484, 39654.984021694814, 56124.00850058192
350.6710000038147, 39654.984021694814, 56124.00850058192
355.20899987220764, 39654.984021694814, 56113.275405607405
355.231999874115, 39654.984021694814, 56113.275405607405
355.24599981307983, 39654.984021694814, 56113.275405607405
355.27699995040894, 39654.984021694814, 56113.275405607405
355.2939999103546, 39654.984021694814, 56113.275405607405
355.31199979782104, 39654.984021694814, 56113.275405607405
355.3239998817444, 39654.984021694814, 56113.275405607405
355.35599994659424, 39654.984021694814, 56113.275405607405
355.38899993896484, 39654.984021694814, 56113.275405607405
359.7409999370575, 39654.984021694814, 56104.83690910861
359.7699999809265, 39654.984021694814, 56104.83690910861
359.8269999027252, 39654.984021694814, 56091.603267871775
359.8479998111725, 39654.984021694814, 56091.603267871775
359.8699998855591, 39654.984021694814, 56091.603267871775
364.2259998321533, 39654.984021694814, 56091.603267871775
364.26399993896484, 39654.984021694814, 56091.603267871775
364.3069999217987, 39654.984021694814, 56066.907428495775
364.33899998664856, 39654.984021694814, 56062.28294218899
369.14999985694885, 39654.984021694814, 56062.28294218899
373.0069999694824, 39654.984021694814, 56060.07354443515
373.0460000038147, 39654.984021694814, 56060.07354443515
373.0699999332428, 39654.984021694814, 56060.07354443515
373.0919997692108, 39654.984021694814, 56053.85829256002
377.70899987220764, 39654.984021694814, 56050.95675316432
377.73299980163574, 39654.984021694814, 56050.95675316432
377.7569999694824, 39654.984021694814, 56050.95675316432
377.7819998264313, 39654.984021694814, 56050.95675316432
377.8089997768402, 39654.984021694814, 56050.95675316432
377.8329999446869, 39654.984021694814, 56050.95675316432
377.8509998321533, 39654.984021694814, 56050.95675316432
377.86699986457825, 39654.984021694814, 56050.95675316432
377.90199995040894, 39654.984021694814, 56021.60939861895
382.2099997997284, 39654.984021694814, 56021.60939861895
382.2279999256134, 39654.984021694814, 56021.60939861895
382.24199986457825, 39654.984021694814, 56021.60939861895
382.25999999046326, 39654.984021694814, 56021.60939861895
382.2779998779297, 39654.984021694814, 56019.135966534115
382.3139998912811, 39654.984021694814, 56019.135966534115
382.32299995422363, 39654.984021694814, 56019.135966534115
382.3549997806549, 39654.984021694814, 56019.135966534115
386.84999990463257, 39654.984021694814, 56011.957348448545
386.87199997901917, 39654.984021694814, 56011.957348448545
386.9069998264313, 39654.984021694814, 56011.957348448545
386.9319999217987, 39654.984021694814, 56011.957348448545
386.9849998950958, 39654.984021694814, 56007.58789344249
387.0019998550415, 39654.984021694814, 56007.58789344249
395.65499997138977, 39654.984021694814, 56007.58789344249
395.66999983787537, 39654.984021694814, 56007.58789344249
395.68299984931946, 39654.984021694814, 56007.58789344249
395.69799995422363, 39654.984021694814, 56007.58789344249
395.71299982070923, 39654.984021694814, 56007.58789344249
395.7449998855591, 39654.984021694814, 56007.58789344249
395.7569999694824, 39654.984021694814, 56007.58789344249
395.79499983787537, 39654.984021694814, 56007.58789344249
395.82099986076355, 39654.984021694814, 56007.58789344249
395.8439998626709, 39654.984021694814, 56007.58789344249
395.856999874115, 39654.984021694814, 56007.58789344249
395.875, 39654.984021694814, 56007.58789344249
400.1799998283386, 39654.984021694814, 55993.79229661579
400.1969997882843, 39654.984021694814, 55993.79229661579
400.22699999809265, 39654.984021694814, 55993.79229661579
400.24599981307983, 39654.984021694814, 55993.79229661579
400.26599979400635, 39654.984021694814, 55993.79229661579
400.3019998073578, 39654.984021694814, 55989.19145782904
400.32499980926514, 39654.984021694814, 55989.19145782904
404.91099977493286, 39654.984021694814, 55989.19145782904
404.93299984931946, 39654.984021694814, 55984.02033653082
404.97199988365173, 39654.984021694814, 55980.388401041164
404.9859998226166, 39654.984021694814, 55980.388401041164
405.00099992752075, 39654.984021694814, 55980.388401041164
405.0519998073578, 39654.984021694814, 55969.17600755551
409.62099981307983, 39654.984021694814, 55962.35025508656
409.6379997730255, 39654.984021694814, 55962.35025508656
409.67199993133545, 39654.984021694814, 55962.35025508656
409.7059998512268, 39654.984021694814, 55962.35025508656
409.7229998111725, 39654.984021694814, 55962.35025508656
414.2099997997284, 39654.984021694814, 55958.681455607904
414.25, 39654.984021694814, 55955.480426467795
418.87399983406067, 39654.984021694814, 55912.09805976101
418.8989999294281, 39654.984021694814, 55912.09805976101
418.94199991226196, 39654.984021694814, 55912.09805976101
423.34999990463257, 39654.984021694814, 55912.09805976101
423.37199997901917, 39654.984021694814, 55912.09805976101
423.3949999809265, 39654.984021694814, 55912.09805976101
423.43099999427795, 39654.984021694814, 55905.0228480423
423.45499992370605, 39654.984021694814, 55905.0228480423
423.46999979019165, 39654.984021694814, 55905.0228480423
428.0319998264313, 39654.984021694814, 55905.0228480423
428.05099987983704, 39654.984021694814, 55905.0228480423
428.0589997768402, 39654.984021694814, 55892.34102352671
428.1229999065399, 39654.984021694814, 55889.277745321466
428.1399998664856, 39654.984021694814, 55889.277745321466
432.37199997901917, 39654.984021694814, 55886.23757385504
432.385999917984, 39654.984021694814, 55886.23757385504
432.3989999294281, 39654.984021694814, 55886.23757385504
436.6319999694824, 39654.984021694814, 55879.6927203952
436.6489999294281, 39654.984021694814, 55879.6927203952
436.67899990081787, 39654.984021694814, 55875.384074413334
436.69799995422363, 39654.984021694814, 55875.384074413334
441.5649998188019, 39654.984021694814, 55875.384074413334
441.6009998321533, 39654.984021694814, 55875.384074413334
441.6329998970032, 39654.984021694814, 55874.897789384544
441.6399998664856, 39654.984021694814, 55874.897789384544
441.6729998588562, 39654.984021694814, 55874.897789384544
441.7079999446869, 39654.984021694814, 55874.897789384544
446.13899993896484, 39654.984021694814, 55874.897789384544
446.16299986839294, 39654.984021694814, 55865.33986307615
446.1769998073578, 39654.984021694814, 55865.33986307615
446.20899987220764, 39654.984021694814, 55865.33986307615
446.22699999809265, 39654.984021694814, 55865.33986307615
446.2519998550415, 39654.984021694814, 55865.33986307615
446.2829999923706, 39654.984021694814, 55865.33986307615
450.7849998474121, 39654.984021694814, 55865.33986307615
450.8159999847412, 39654.984021694814, 55865.33986307615
450.8359999656677, 39654.984021694814, 55865.33986307615
455.66799998283386, 39654.984021694814, 55833.390491547085
455.6889998912811, 39654.984021694814, 55833.390491547085
455.69999980926514, 39654.984021694814, 55833.390491547085
455.7229998111725, 39654.984021694814, 55833.390491547085
455.7579998970032, 39654.984021694814, 55833.390491547085
455.7809998989105, 39654.984021694814, 55833.390491547085
455.80599999427795, 39654.984021694814, 55833.390491547085
455.82099986076355, 39654.984021694814, 55833.390491547085
455.8549997806549, 39654.984021694814, 55833.390491547085
460.1109998226166, 39654.984021694814, 55826.29607348938
460.14999985694885, 39654.984021694814, 55826.29607348938
460.18099999427795, 39654.984021694814, 55826.29607348938
464.4059998989105, 39654.984021694814, 55813.94363003756
464.41999983787537, 39654.984021694814, 55813.94363003756
464.4339997768402, 39654.984021694814, 55813.94363003756
464.4609999656677, 39654.984021694814, 55813.94363003756
464.492999792099, 39654.984021694814, 55805.54658581513
469.010999917984, 39654.984021694814, 55784.061797503535
469.0279998779297, 39654.984021694814, 55784.061797503535
469.0460000038147, 39654.984021694814, 55784.061797503535
469.09299993515015, 39654.984021694814, 55781.82210890116
469.1139998435974, 39654.984021694814, 55781.82210890116
469.146999835968, 39654.984021694814, 55781.82210890116
473.83199977874756, 39654.984021694814, 55781.82210890116
473.83799982070923, 39654.984021694814, 55781.82210890116
473.86499977111816, 39654.984021694814, 55781.82210890116
473.87799978256226, 39654.984021694814, 55781.142182865384
473.8879997730255, 39654.984021694814, 55781.142182865384
473.9059998989105, 39654.984021694814, 55781.142182865384
473.9229998588562, 39654.984021694814, 55781.142182865384
473.9359998703003, 39654.984021694814, 55781.142182865384
473.9359998703003, 39654.984021694814, 55781.142182865384
473.96999979019165, 39654.984021694814, 55781.142182865384
473.98799991607666, 39654.984021694814, 55781.142182865384
474.0039999485016, 39654.984021694814, 55781.142182865384
474.02099990844727, 39654.984021694814, 55781.142182865384
474.04199981689453, 39654.984021694814, 55781.142182865384
478.7369999885559, 39654.984021694814, 55774.567630447316
483.0, 39654.984021694814, 55764.85992861923
483.0169999599457, 39654.984021694814, 55764.85992861923
483.02899980545044, 39654.984021694814, 55764.85992861923
487.56199979782104, 39654.984021694814, 55760.24742398183
487.58899998664856, 39654.984021694814, 55753.4967866518
487.6099998950958, 39654.984021694814, 55753.4967866518
487.6439998149872, 39654.984021694814, 55752.93819629478
487.6639997959137, 39654.984021694814, 55752.93819629478
492.11899995803833, 39654.984021694814, 55752.93819629478
492.1559998989105, 39654.984021694814, 55750.18041192306
492.18699979782104, 39654.984021694814, 55750.18041192306
492.21399998664856, 39654.984021694814, 55747.82730381389
492.2299997806549, 39654.984021694814, 55747.82730381389
492.2579998970032, 39654.984021694814, 55745.87464742733
492.27300000190735, 39654.984021694814, 55745.87464742733
492.3129999637604, 39654.984021694814, 55745.87464742733
497.0569999217987, 39654.984021694814, 55745.87464742733
497.07999992370605, 39654.984021694814, 55745.87464742733
497.11699986457825, 39654.984021694814, 55745.87464742733
497.14299988746643, 39654.984021694814, 55745.87464742733
497.1749999523163, 39654.984021694814, 55735.131621103654
497.1769998073578, 39654.984021694814, 55735.131621103654
497.1949999332428, 39654.984021694814, 55735.131621103654
497.2149999141693, 39654.984021694814, 55735.131621103654
501.54499983787537, 39654.984021694814, 55724.328642349865
501.5829999446869, 39654.984021694814, 55722.31112370297
501.6029999256134, 39654.984021694814, 55722.31112370297
506.0169999599457, 39654.984021694814, 55720.65282875787
506.0389997959137, 39654.984021694814, 55720.65282875787
506.07099986076355, 39654.984021694814, 55720.65282875787
506.106999874115, 39654.984021694814, 55711.56040615663
506.1399998664856, 39654.984021694814, 55705.38566394327
510.42899990081787, 39654.984021694814, 55705.38566394327
510.452999830246, 39654.984021694814, 55705.38566394327
510.47499990463257, 39654.984021694814, 55705.38566394327
510.4909999370575, 39654.984021694814, 55705.38566394327
510.52099990844727, 39654.984021694814, 55704.76833821898
510.5389997959137, 39654.984021694814, 55704.76833821898
510.5549998283386, 39654.984021694814, 55704.76833821898
510.5719997882843, 39654.984021694814, 55704.76833821898
515.2589998245239, 39654.984021694814, 55704.34198495238
515.2939999103546, 39654.984021694814, 55704.34198495238
519.0049998760223, 39654.984021694814, 55704.34198495238
519.021999835968, 39654.984021694814, 55704.34198495238
519.0389997959137, 39654.984021694814, 55704.34198495238
519.055999994278, 39654.984021694814, 55704.34198495238
519.0719997882843, 39654.984021694814, 55704.34198495238
519.095999956131, 39654.984021694814, 55699.91184027035
522.8980000019073, 39654.984021694814, 55699.50223276248
522.9179999828339, 39654.984021694814, 55699.50223276248
522.9269998073578, 39654.984021694814, 55699.50223276248
522.9499998092651, 39654.984021694814, 55699.50223276248
522.9689998626709, 39654.984021694814, 55697.66502818067
527.7289998531342, 39654.984021694814, 55697.66502818067
527.7559998035431, 39654.984021694814, 55697.66502818067
527.7889997959137, 39654.984021694814, 55697.21680844407
527.811999797821, 39654.984021694814, 55696.352036347664
531.8839998245239, 39654.984021694814, 55696.352036347664
531.9029998779297, 39654.984021694814, 55696.352036347664
531.9179999828339, 39654.984021694814, 55696.352036347664
531.936999797821, 39654.984021694814, 55696.352036347664
531.9619998931885, 39654.984021694814, 55696.352036347664
531.9839999675751, 39654.984021694814, 55696.352036347664
532.0129997730255, 39654.984021694814, 55696.352036347664
532.0199999809265, 39654.984021694814, 55696.352036347664
532.0349998474121, 39654.984021694814, 55696.352036347664
532.0519998073578, 39654.984021694814, 55694.4739513981
536.6229999065399, 39654.984021694814, 55693.71656628745
536.6419999599457, 39654.984021694814, 55693.71656628745
536.6639997959137, 39654.984021694814, 55693.71656628745
536.6879999637604, 39654.984021694814, 55693.71656628745
536.691999912262, 39654.984021694814, 55693.71656628745
536.7079999446869, 39654.984021694814, 55693.71656628745
536.7239999771118, 39654.984021694814, 55693.71656628745
536.7409999370575, 39654.984021694814, 55693.71656628745
536.7730000019073, 39654.984021694814, 55683.335797511565
536.8019998073578, 39654.984021694814, 55683.335797511565
536.829999923706, 39654.984021694814, 55683.335797511565
536.8429999351501, 39654.984021694814, 55683.335797511565
541.4109997749329, 39654.984021694814, 55683.335797511565
541.430999994278, 39654.984021694814, 55680.25737453035
541.4609999656677, 39654.984021694814, 55680.25737453035
541.4959998130798, 39654.984021694814, 55676.91000474985
545.9909999370575, 39654.984021694814, 55674.00772028471
546.010999917984, 39654.984021694814, 55674.00772028471
546.0279998779297, 39654.984021694814, 55674.00772028471
546.048999786377, 39654.984021694814, 55674.00772028471
546.0719997882843, 39654.984021694814, 55670.17826155079
546.1039998531342, 39654.984021694814, 55670.17826155079
550.6379997730255, 39654.984021694814, 55666.186903383124
550.6599998474121, 39654.984021694814, 55666.186903383124
550.6789999008179, 39654.984021694814, 55666.186903383124
550.7239999771118, 39654.984021694814, 55658.87590485003
550.7459998130798, 39654.984021694814, 55651.43952521139
555.5449998378754, 39654.984021694814, 55647.89230997123
555.5659999847412, 39654.984021694814, 55647.89230997123
555.595999956131, 39654.984021694814, 55647.67673521586
555.6229999065399, 39654.984021694814, 55647.67673521586
555.646999835968, 39654.984021694814, 55647.67673521586
555.662999868393, 39654.984021694814, 55647.67673521586
555.6899998188019, 39654.984021694814, 55647.67673521586
555.704999923706, 39654.984021694814, 55647.67673521586
560.1489999294281, 39654.984021694814, 55647.67673521586
560.1779999732971, 39654.984021694814, 55647.67673521586
560.1989998817444, 39654.984021694814, 55647.67673521586
560.2189998626709, 39654.984021694814, 55647.67673521586
560.2389998435974, 39654.984021694814, 55647.67673521586
560.2599999904633, 39654.984021694814, 55647.67673521586
560.2679998874664, 39654.984021694814, 55647.67673521586
560.3349997997284, 39654.984021694814, 55647.67673521586
564.8759999275208, 39654.984021694814, 55647.67673521586
564.8929998874664, 39654.984021694814, 55647.67673521586
564.914999961853, 39654.984021694814, 55647.67673521586
564.9509999752045, 39654.984021694814, 55639.59391810473
564.9769999980927, 39654.984021694814, 55639.59391810473
565.0059998035431, 39654.984021694814, 55639.59391810473
565.050999879837, 39654.984021694814, 55635.51627119533
565.0759999752045, 39654.984021694814, 55635.51627119533
569.6209998130798, 39654.984021694814, 55635.51627119533
569.6639997959137, 39654.984021694814, 55627.03289706613
569.6829998493195, 39654.984021694814, 55627.03289706613
569.6969997882843, 39654.984021694814, 55627.03289706613
569.7259998321533, 39654.984021694814, 55627.03289706613
574.4210000038147, 39654.984021694814, 55627.03289706613
574.4489998817444, 39654.984021694814, 55627.03289706613
574.4639999866486, 39654.984021694814, 55623.802884616125
574.4779999256134, 39654.984021694814, 55623.802884616125
574.5049998760223, 39654.984021694814, 55620.00497508383
574.5249998569489, 39654.984021694814, 55620.00497508383
574.5569999217987, 39654.984021694814, 55614.98698027569
579.2709999084473, 39654.984021694814, 55614.98698027569
579.2949998378754, 39654.984021694814, 55614.98698027569
579.3089997768402, 39654.984021694814, 55614.98698027569
579.3249998092651, 39654.984021694814, 55614.98698027569
579.356999874115, 39654.984021694814, 55614.98698027569
579.3889999389648, 39654.984021694814, 55614.98698027569
584.2129998207092, 39654.984021694814, 55594.9087905062
584.2519998550415, 39654.984021694814, 55594.9087905062
584.2739999294281, 39654.984021694814, 55594.9087905062
589.7699999809265, 39654.984021694814, 55574.95482495021
589.7909998893738, 39654.984021694814, 55574.95482495021
594.298999786377, 39654.984021694814, 55570.086814223025
594.3139998912811, 39654.984021694814, 55570.086814223025
594.3319997787476, 39654.984021694814, 55570.086814223025
594.3549997806549, 39654.984021694814, 55570.086814223025
594.3689999580383, 39654.984021694814, 55570.086814223025
594.3889999389648, 39654.984021694814, 55570.086814223025
594.4039998054504, 39654.984021694814, 55570.086814223025
594.4329998493195, 39654.984021694814, 55570.086814223025
594.4539999961853, 39654.984021694814, 55570.086814223025
594.4729998111725, 39654.984021694814, 55570.086814223025
599.0879998207092, 39654.984021694814, 55567.21670929148
599.1109998226166, 39654.984021694814, 55567.21670929148
599.1279997825623, 39654.984021694814, 55567.21670929148
599.164999961853, 39654.984021694814, 55567.21670929148
599.1779999732971, 39654.984021694814, 55567.21670929148
599.2329998016357, 39654.984021694814, 55563.69271456675
599.2459998130798, 39654.984021694814, 55563.69271456675
604.1729998588562, 39654.984021694814, 55561.97713614841
604.194000005722, 39654.984021694814, 55561.97713614841
604.2139999866486, 39654.984021694814, 55561.97713614841
604.2409999370575, 39654.984021694814, 55559.74608578694
604.2589998245239, 39654.984021694814, 55559.74608578694
604.3049998283386, 39654.984021694814, 55556.781960597655
609.0039999485016, 39654.984021694814, 55551.83549309835
609.0289998054504, 39654.984021694814, 55549.15301596598
609.0469999313354, 39654.984021694814, 55549.15301596598
609.0639998912811, 39654.984021694814, 55548.69124587557
609.0839998722076, 39654.984021694814, 55548.29831390764
609.0969998836517, 39654.984021694814, 55548.29831390764
609.1229999065399, 39654.984021694814, 55548.29831390764
609.146999835968, 39654.984021694814, 55547.57378146849
609.1639997959137, 39654.984021694814, 55546.70912329988
609.2109999656677, 39654.984021694814, 55542.248757387744
614.2769999504089, 39654.984021694814, 55542.248757387744
614.3079998493195, 39654.984021694814, 55542.248757387744
614.3389999866486, 39654.984021694814, 55542.248757387744
614.3689999580383, 39654.984021694814, 55542.248757387744
619.0769999027252, 39654.984021694814, 55541.028854175514
619.0989999771118, 39654.984021694814, 55541.028854175514
619.1189999580383, 39654.984021694814, 55541.028854175514
619.1379997730255, 39654.984021694814, 55541.028854175514
619.1799998283386, 39654.984021694814, 55530.637891414866
619.2309999465942, 39654.984021694814, 55519.51167158612
624.3489999771118, 39654.984021694814, 55519.51167158612
624.3659999370575, 39654.984021694814, 55519.51167158612
624.3939998149872, 39654.984021694814, 55519.00903951074
624.4179999828339, 39654.984021694814, 55519.00903951074
624.4669997692108, 39654.984021694814, 55517.60484845936
624.5169999599457, 39654.984021694814, 55515.488541569255
628.8069999217987, 39654.984021694814, 55515.488541569255
628.8219997882843, 39654.984021694814, 55515.488541569255
628.8359999656677, 39654.984021694814, 55515.488541569255
628.8589999675751, 39654.984021694814, 55515.488541569255
628.8709998130798, 39654.984021694814, 55515.488541569255
628.8919999599457, 39654.984021694814, 55515.488541569255
628.9069998264313, 39654.984021694814, 55515.488541569255
628.9210000038147, 39654.984021694814, 55515.488541569255
628.936999797821, 39654.984021694814, 55515.488541569255
628.9609999656677, 39654.984021694814, 55515.488541569255
628.9849998950958, 39654.984021694814, 55515.488541569255
628.9879999160767, 39654.984021694814, 55515.488541569255
629.0049998760223, 39654.984021694814, 55515.488541569255
629.0249998569489, 39654.984021694814, 55515.488541569255
629.061999797821, 39654.984021694814, 55515.488541569255
629.0809998512268, 39654.984021694814, 55515.488541569255
633.9809999465942, 39654.984021694814, 55510.19733554956
633.9839999675751, 39654.984021694814, 55510.19733554956
634.0059998035431, 39654.984021694814, 55510.19733554956
634.0179998874664, 39654.984021694814, 55510.19733554956
634.0499999523163, 39654.984021694814, 55508.37759197353
634.0679998397827, 39654.984021694814, 55502.93897812893
634.0829999446869, 39654.984021694814, 55502.93897812893
634.0999999046326, 39654.984021694814, 55502.93897812893
634.1169998645782, 39654.984021694814, 55502.93897812893
634.1319999694824, 39654.984021694814, 55502.93897812893
634.146999835968, 39654.984021694814, 55502.93897812893
634.164999961853, 39654.984021694814, 55502.93897812893
634.1799998283386, 39654.984021694814, 55502.93897812893
634.2019999027252, 39654.984021694814, 55502.93897812893
634.2189998626709, 39654.984021694814, 55502.93897812893
634.2359998226166, 39654.984021694814, 55502.93897812893
639.0809998512268, 39654.984021694814, 55502.93897812893
639.106999874115, 39654.984021694814, 55497.59655832907
639.1429998874664, 39654.984021694814, 55493.80350534497
639.1729998588562, 39654.984021694814, 55493.80350534497
639.1879999637604, 39654.984021694814, 55493.80350534497
639.2069997787476, 39654.984021694814, 55493.80350534497
639.2249999046326, 39654.984021694814, 55493.80350534497
639.260999917984, 39654.984021694814, 55493.80350534497
639.2769999504089, 39654.984021694814, 55493.80350534497
643.7199997901917, 39654.984021694814, 55493.80350534497
643.7439999580383, 39654.984021694814, 55492.83709017483
643.7679998874664, 39654.984021694814, 55492.83709017483
643.789999961853, 39654.984021694814, 55492.83709017483
643.8079998493195, 39654.984021694814, 55492.83709017483
643.8239998817444, 39654.984021694814, 55492.83709017483
643.8379998207092, 39654.984021694814, 55492.83709017483
643.8549997806549, 39654.984021694814, 55492.83709017483
643.8549997806549, 39654.984021694814, 55492.83709017483
643.8889999389648, 39654.984021694814, 55492.83709017483
643.9059998989105, 39654.984021694814, 55492.83709017483
643.9269998073578, 39654.984021694814, 55492.83709017483
648.3669998645782, 39654.984021694814, 55492.83709017483
648.4039998054504, 39654.984021694814, 55492.83709017483
648.4279999732971, 39654.984021694814, 55492.83709017483
648.4509999752045, 39654.984021694814, 55492.83709017483
648.4699997901917, 39654.984021694814, 55492.83709017483
648.5019998550415, 39654.984021694814, 55492.83709017483
648.5249998569489, 39654.984021694814, 55492.83709017483
648.5439999103546, 39654.984021694814, 55492.83709017483
653.0929999351501, 39654.984021694814, 55481.80725118941
653.1089999675751, 39654.984021694814, 55481.80725118941
653.1239998340607, 39654.984021694814, 55481.80725118941
653.146999835968, 39654.984021694814, 55481.80725118941
653.1729998588562, 39654.984021694814, 55481.80725118941
653.1909999847412, 39654.984021694814, 55481.80725118941
653.2059998512268, 39654.984021694814, 55481.80725118941
653.2229998111725, 39654.984021694814, 55481.80725118941
653.2399997711182, 39654.984021694814, 55481.80725118941
653.2529997825623, 39654.984021694814, 55481.80725118941
653.2689998149872, 39654.984021694814, 55481.80725118941
657.9339997768402, 39654.984021694814, 55481.80725118941
657.9609999656677, 39654.984021694814, 55481.80725118941
657.9779999256134, 39654.984021694814, 55481.80725118941
657.9969999790192, 39654.984021694814, 55473.559967327325
658.0239999294281, 39654.984021694814, 55473.559967327325
662.7529997825623, 39654.984021694814, 55457.78644815051
662.7819998264313, 39654.984021694814, 55453.904987030444
662.798999786377, 39654.984021694814, 55453.904987030444
662.8369998931885, 39654.984021694814, 55451.02658686565
667.4739999771118, 39654.984021694814, 55443.62610541172
667.4909999370575, 39654.984021694814, 55443.62610541172
667.5149998664856, 39654.984021694814, 55443.62610541172
667.5309998989105, 39654.984021694814, 55443.62610541172
667.5439999103546, 39654.984021694814, 55443.62610541172
667.5569999217987, 39654.984021694814, 55443.62610541172
667.5739998817444, 39654.984021694814, 55443.62610541172
667.6039998531342, 39654.984021694814, 55443.62610541172
667.6089999675751, 39654.984021694814, 55443.62610541172
667.6429998874664, 39654.984021694814, 55443.62610541172
672.3199999332428, 39654.984021694814, 55442.73022168727
672.3349997997284, 39654.984021694814, 55442.73022168727
672.3709998130798, 39654.984021694814, 55442.73022168727
672.3879997730255, 39654.984021694814, 55442.73022168727
672.4049999713898, 39654.984021694814, 55442.73022168727
677.2709999084473, 39654.984021694814, 55442.73022168727
677.2909998893738, 39654.984021694814, 55442.73022168727
677.3049998283386, 39654.984021694814, 55442.73022168727
677.3239998817444, 39654.984021694814, 55442.73022168727
677.3469998836517, 39654.984021694814, 55442.73022168727
681.5649998188019, 39654.984021694814, 55442.73022168727
681.5719997882843, 39654.984021694814, 55442.73022168727
681.6289999485016, 39654.984021694814, 55442.73022168727
681.6429998874664, 39654.984021694814, 55442.73022168727
681.6579999923706, 39654.984021694814, 55442.73022168727
681.6719999313354, 39654.984021694814, 55442.73022168727
681.673999786377, 39654.984021694814, 55442.73022168727
681.7059998512268, 39654.984021694814, 55442.73022168727
686.6169998645782, 39654.984021694814, 55442.73022168727
686.6369998455048, 39654.984021694814, 55442.73022168727
686.6569998264313, 39654.984021694814, 55442.73022168727
686.6749999523163, 39654.984021694814, 55442.73022168727
686.6949999332428, 39654.984021694814, 55442.73022168727
686.704999923706, 39654.984021694814, 55442.73022168727
686.720999956131, 39654.984021694814, 55442.73022168727
686.7559998035431, 39654.984021694814, 55442.73022168727
686.771999835968, 39654.984021694814, 55442.73022168727
686.7889997959137, 39654.984021694814, 55442.73022168727
686.8079998493195, 39654.984021694814, 55442.73022168727
686.8259999752045, 39654.984021694814, 55442.73022168727
691.444000005722, 39654.984021694814, 55435.73029404397
691.4699997901917, 39654.984021694814, 55435.73029404397
691.4779999256134, 39654.984021694814, 55435.73029404397
691.5209999084473, 39654.984021694814, 55425.46982464708
696.3239998817444, 39654.984021694814, 55421.55091520182
696.3609998226166, 39654.984021694814, 55417.90490861287
696.3849999904633, 39654.984021694814, 55417.90490861287
696.4049999713898, 39654.984021694814, 55417.90490861287
701.3849999904633, 39654.984021694814, 55417.90490861287
701.4089999198914, 39654.984021694814, 55411.40510025589
701.4279999732971, 39654.984021694814, 55409.26202429139
701.4809999465942, 39654.984021694814, 55409.26202429139
701.4939999580383, 39654.984021694814, 55409.26202429139
706.0039999485016, 39654.984021694814, 55403.70816498365
706.0189998149872, 39654.984021694814, 55403.70816498365
706.0299999713898, 39654.984021694814, 55403.70816498365
706.0739998817444, 39654.984021694814, 55403.70816498365
706.0969998836517, 39654.984021694814, 55403.70816498365
706.1299998760223, 39654.984021694814, 55403.70816498365
711.4559998512268, 39654.984021694814, 55403.70816498365
711.4629998207092, 39654.984021694814, 55403.618055076986
711.5069999694824, 39654.984021694814, 55403.618055076986
711.5149998664856, 39654.984021694814, 55403.618055076986
711.5449998378754, 39654.984021694814, 55403.618055076986
711.5699999332428, 39654.984021694814, 55395.00890091997
716.2689998149872, 39654.984021694814, 55387.09411237497
716.2909998893738, 39654.984021694814, 55387.09411237497
716.316999912262, 39654.984021694814, 55386.26844782736
720.8739998340607, 39654.984021694814, 55386.26844782736
720.9069998264313, 39654.984021694814, 55386.26844782736
720.9319999217987, 39654.984021694814, 55382.55407784057
720.9489998817444, 39654.984021694814, 55382.55407784057
720.9699997901917, 39654.984021694814, 55382.55407784057
720.9889998435974, 39654.984021694814, 55382.55407784057
726.1539998054504, 39654.984021694814, 55380.30599010781
726.1729998588562, 39654.984021694814, 55378.47421022091
726.186999797821, 39654.984021694814, 55378.47421022091
726.2009999752045, 39654.984021694814, 55378.47421022091
726.2159998416901, 39654.984021694814, 55378.47421022091
730.8239998817444, 39654.984021694814, 55377.86981324581
730.8309998512268, 39654.984021694814, 55377.86981324581
730.8539998531342, 39654.984021694814, 55377.86981324581
730.8729999065399, 39654.984021694814, 55375.26080351381
730.9059998989105, 39654.984021694814, 55375.26080351381
730.914999961853, 39654.984021694814, 55375.26080351381
730.9539999961853, 39654.984021694814, 55373.234574285045
730.9749999046326, 39654.984021694814, 55373.234574285045
736.220999956131, 39654.984021694814, 55373.234574285045
736.2409999370575, 39654.984021694814, 55373.234574285045
736.25, 39654.984021694814, 55373.234574285045
736.2779998779297, 39654.984021694814, 55373.234574285045
736.300999879837, 39654.984021694814, 55373.234574285045
736.3549997806549, 39654.984021694814, 55371.50930445273
741.4079999923706, 39654.984021694814, 55371.50930445273
746.4699997901917, 39654.984021694814, 55349.78384298575
746.5049998760223, 39654.984021694814, 55348.327979178044
751.0659999847412, 39654.984021694814, 55348.327979178044
751.0909998416901, 39654.984021694814, 55348.327979178044
751.1169998645782, 39654.984021694814, 55348.327979178044
751.1419999599457, 39654.984021694814, 55344.60499102973
751.173999786377, 39654.984021694814, 55344.60499102973
751.1889998912811, 39654.984021694814, 55344.60499102973
751.2099997997284, 39654.984021694814, 55344.60499102973
751.2309999465942, 39654.984021694814, 55344.43786652528
751.2489998340607, 39654.984021694814, 55344.43786652528
751.2669999599457, 39654.984021694814, 55344.43786652528
756.2019999027252, 39654.984021694814, 55344.43786652528
756.2369999885559, 39654.984021694814, 55341.03678290733
756.2659997940063, 39654.984021694814, 55341.03678290733
756.2859997749329, 39654.984021694814, 55338.74172029877
761.1839997768402, 39654.984021694814, 55338.74172029877
761.2069997787476, 39654.984021694814, 55338.74172029877
761.2249999046326, 39654.984021694814, 55338.74172029877
761.2339999675751, 39654.984021694814, 55338.74172029877
761.2639999389648, 39654.984021694814, 55338.74172029877
761.2799999713898, 39654.984021694814, 55338.74172029877
761.319000005722, 39654.984021694814, 55338.74172029877
761.3479998111725, 39654.984021694814, 55338.74172029877
766.3259999752045, 39654.984021694814, 55338.74172029877
766.3419997692108, 39654.984021694814, 55338.74172029877
766.3539998531342, 39654.984021694814, 55338.74172029877
766.3899998664856, 39654.984021694814, 55338.74172029877
766.4089999198914, 39654.984021694814, 55338.74172029877
766.4249999523163, 39654.984021694814, 55338.74172029877
766.441999912262, 39654.984021694814, 55338.74172029877
766.4719998836517, 39654.984021694814, 55338.74172029877
766.5069999694824, 39654.984021694814, 55331.93849281404
771.356999874115, 39654.984021694814, 55331.93849281404
771.3779997825623, 39654.984021694814, 55326.49906217713
771.3909997940063, 39654.984021694814, 55326.49906217713
771.4109997749329, 39654.984021694814, 55326.49906217713
771.4249999523163, 39654.984021694814, 55326.49906217713
771.4409999847412, 39654.984021694814, 55326.49906217713
771.4649999141693, 39654.984021694814, 55326.49906217713
771.4769999980927, 39654.984021694814, 55326.49906217713
775.992999792099, 39654.984021694814, 55326.49906217713
776.0329999923706, 39654.984021694814, 55326.49906217713
776.0529999732971, 39654.984021694814, 55326.49906217713
776.079999923706, 39654.984021694814, 55326.49906217713
776.0929999351501, 39654.984021694814, 55326.49906217713
780.9429998397827, 39654.984021694814, 55326.49906217713
780.9609999656677, 39654.984021694814, 55325.258072278055
780.9849998950958, 39654.984021694814, 55325.258072278055
786.0469999313354, 39654.984021694814, 55320.644266558775
786.0679998397827, 39654.984021694814, 55320.644266558775
786.0859999656677, 39654.984021694814, 55320.644266558775
786.0999999046326, 39654.984021694814, 55320.644266558775
786.1169998645782, 39654.984021694814, 55320.644266558775
786.1269998550415, 39654.984021694814, 55320.644266558775
786.1439998149872, 39654.984021694814, 55320.644266558775
786.175999879837, 39654.984021694814, 55320.644266558775
786.1889998912811, 39654.984021694814, 55320.644266558775
786.2019999027252, 39654.984021694814, 55320.644266558775
786.2259998321533, 39654.984021694814, 55320.644266558775
786.2439999580383, 39654.984021694814, 55320.644266558775
786.2789998054504, 39654.984021694814, 55320.644266558775
791.0929999351501, 39654.984021694814, 55313.35310878972
791.1099998950958, 39654.984021694814, 55313.35310878972
791.1339998245239, 39654.984021694814, 55308.180204566925
796.1129999160767, 39654.984021694814, 55305.52290414413
796.1389999389648, 39654.984021694814, 55305.52290414413
796.1609997749329, 39654.984021694814, 55305.52290414413
796.1819999217987, 39654.984021694814, 55305.52290414413
796.2149999141693, 39654.984021694814, 55302.34448207005
796.2309999465942, 39654.984021694814, 55302.34448207005
796.2589998245239, 39654.984021694814, 55299.18459820484
801.4789998531342, 39654.984021694814, 55299.18459820484
801.5019998550415, 39654.984021694814, 55299.18459820484
801.5139999389648, 39654.984021694814, 55299.18459820484
801.5369999408722, 39654.984021694814, 55299.18459820484
801.5639998912811, 39654.984021694814, 55293.31840564529
806.3899998664856, 39654.984021694814, 55293.093659395316
806.4279999732971, 39654.984021694814, 55293.093659395316
806.4449999332428, 39654.984021694814, 55293.093659395316
806.4799997806549, 39654.984021694814, 55290.83362482262
806.4919998645782, 39654.984021694814, 55285.54875209207
811.135999917984, 39654.984021694814, 55282.25405138365
811.1569998264313, 39654.984021694814, 55282.25405138365
811.1639997959137, 39654.984021694814, 55282.25405138365
811.186999797821, 39654.984021694814, 55282.25405138365
811.1959998607635, 39654.984021694814, 55282.25405138365
811.2129998207092, 39654.984021694814, 55282.25405138365
811.2299997806549, 39654.984021694814, 55282.25405138365
811.2529997825623, 39654.984021694814, 55282.25405138365
811.2679998874664, 39654.984021694814, 55282.24104463437
811.2809998989105, 39654.984021694814, 55282.24104463437
820.75, 39654.984021694814, 55282.24104463437
820.7679998874664, 39654.984021694814, 55282.24104463437
820.787999868393, 39654.984021694814, 55282.24104463437
820.8049998283386, 39654.984021694814, 55282.24104463437
820.8219997882843, 39654.984021694814, 55282.24104463437
820.8359999656677, 39654.984021694814, 55280.77554811092
820.8469998836517, 39654.984021694814, 55280.77554811092
820.8789999485016, 39654.984021694814, 55278.666106213495
825.680999994278, 39654.984021694814, 55274.71511367676
825.6999998092651, 39654.984021694814, 55274.71511367676
825.7109999656677, 39654.984021694814, 55274.71511367676
825.7309999465942, 39654.984021694814, 55274.71511367676
825.7459998130798, 39654.984021694814, 55274.71511367676
825.7659997940063, 39654.984021694814, 55274.71511367676
825.7749998569489, 39654.984021694814, 55274.71511367676
825.8049998283386, 39654.984021694814, 55274.71511367676
825.8199999332428, 39654.984021694814, 55274.71511367676
825.8349997997284, 39654.984021694814, 55274.71511367676
825.8409998416901, 39654.984021694814, 55274.71511367676
825.8939998149872, 39654.984021694814, 55260.92465143546
825.9189999103546, 39654.984021694814, 55260.57669546765
830.9649999141693, 39654.984021694814, 55256.82372642295
830.9899997711182, 39654.984021694814, 55255.65551590016
831.0189998149872, 39654.984021694814, 55255.65551590016
831.0349998474121, 39654.984021694814, 55255.65551590016
831.0479998588562, 39654.984021694814, 55255.65551590016
831.0639998912811, 39654.984021694814, 55255.54845137834
836.0679998397827, 39654.984021694814, 55250.41314789302
836.0889999866486, 39654.984021694814, 55250.41314789302
836.1029999256134, 39654.984021694814, 55250.41314789302
836.1319999694824, 39654.984021694814, 55250.41314789302
836.1499998569489, 39654.984021694814, 55250.41314789302
836.164999961853, 39654.984021694814, 55250.41314789302
836.2019999027252, 39654.984021694814, 55249.20435560212
836.2299997806549, 39654.984021694814, 55248.357482941414
836.2529997825623, 39654.984021694814, 55243.87528887517
836.2699999809265, 39654.984021694814, 55243.87528887517
841.7159998416901, 39654.984021694814, 55242.400474240145
841.7389998435974, 39654.984021694814, 55241.76817071525
841.7629997730255, 39654.984021694814, 55241.76817071525
846.7189998626709, 39654.984021694814, 55241.76817071525
846.7399997711182, 39654.984021694814, 55241.76817071525
846.7569999694824, 39654.984021694814, 55241.76817071525
846.7779998779297, 39654.984021694814, 55241.76817071525
846.7960000038147, 39654.984021694814, 55241.76817071525
846.8099999427795, 39654.984021694814, 55241.76817071525
846.8339998722076, 39654.984021694814, 55241.76817071525
846.8409998416901, 39654.984021694814, 55241.76817071525
846.8739998340607, 39654.984021694814, 55241.76817071525
851.5389997959137, 39654.984021694814, 55241.76817071525
851.577999830246, 39654.984021694814, 55237.082705205095
851.5949997901917, 39654.984021694814, 55231.71843778778
856.4499998092651, 39654.984021694814, 55231.71843778778
856.4679999351501, 39654.984021694814, 55231.71843778778
856.481999874115, 39654.984021694814, 55231.71843778778
856.5169999599457, 39654.984021694814, 55231.71843778778
856.5319998264313, 39654.984021694814, 55231.71843778778
856.5499999523163, 39654.984021694814, 55225.1638963182
861.8389999866486, 39654.984021694814, 55222.08313397074
861.8539998531342, 39654.984021694814, 55222.08313397074
861.8709998130798, 39654.984021694814, 55221.10829918122
861.8849999904633, 39654.984021694814, 55221.10829918122
861.8989999294281, 39654.984021694814, 55221.10829918122
861.9139997959137, 39654.984021694814, 55221.10829918122
861.914999961853, 39654.984021694814, 55219.79414155554
861.9469997882843, 39654.984021694814, 55219.79414155554
861.9589998722076, 39654.984021694814, 55219.79414155554
861.9639999866486, 39654.984021694814, 55219.79414155554
870.548999786377, 39654.984021694814, 55217.39915991563
870.5739998817444, 39654.984021694814, 55217.39915991563
870.5909998416901, 39654.984021694814, 55217.39915991563
870.6139998435974, 39654.984021694814, 55217.39915991563
870.6299998760223, 39654.984021694814, 55217.39915991563
874.9489998817444, 39654.984021694814, 55217.39915991563
874.9609999656677, 39654.984021694814, 55217.39915991563
874.9639999866486, 39654.984021694814, 55216.782396553084
874.9919998645782, 39654.984021694814, 55216.782396553084
875.0139999389648, 39654.984021694814, 55216.782396553084
875.0319998264313, 39654.984021694814, 55216.782396553084
875.050999879837, 39654.984021694814, 55216.782396553084
875.0759999752045, 39654.984021694814, 55216.782396553084
875.0909998416901, 39654.984021694814, 55216.782396553084
880.194000005722, 39654.984021694814, 55216.63112835321
880.2139999866486, 39654.984021694814, 55216.63112835321
880.2249999046326, 39654.984021694814, 55215.26677783268
880.2619998455048, 39654.984021694814, 55214.02206197614
880.2730000019073, 39654.984021694814, 55214.02206197614
880.2730000019073, 39654.984021694814, 55214.02206197614
880.2999999523163, 39654.984021694814, 55214.02206197614
880.311999797821, 39654.984021694814, 55214.02206197614
880.3409998416901, 39654.984021694814, 55214.02206197614
885.6699998378754, 39654.984021694814, 55214.02206197614
885.6839997768402, 39654.984021694814, 55214.02206197614
885.7139999866486, 39654.984021694814, 55214.02206197614
885.7389998435974, 39654.984021694814, 55214.02206197614
890.4829998016357, 39654.984021694814, 55214.02206197614
890.5069999694824, 39654.984021694814, 55214.02206197614
890.5309998989105, 39654.984021694814, 55214.02206197614
890.548999786377, 39654.984021694814, 55214.02206197614
890.561999797821, 39654.984021694814, 55214.02206197614
890.566999912262, 39654.984021694814, 55214.02206197614
890.5939998626709, 39654.984021694814, 55214.02206197614
890.6139998435974, 39654.984021694814, 55204.03329985654
890.6519999504089, 39654.984021694814, 55204.03329985654
890.6689999103546, 39654.984021694814, 55204.03329985654
890.7009999752045, 39654.984021694814, 55196.51532732376
890.7239999771118, 39654.984021694814, 55196.51532732376
895.5549998283386, 39654.984021694814, 55192.237854953615
895.5829999446869, 39654.984021694814, 55191.17000250975
895.5999999046326, 39654.984021694814, 55191.17000250975
895.6199998855591, 39654.984021694814, 55191.17000250975
895.6439998149872, 39654.984021694814, 55191.17000250975
900.3589999675751, 39654.984021694814, 55189.43812624175
900.3789999485016, 39654.984021694814, 55187.70241542754
900.3989999294281, 39654.984021694814, 55187.70241542754
900.4169998168945, 39654.984021694814, 55187.70241542754
900.4319999217987, 39654.984021694814, 55187.70241542754
900.4359998703003, 39654.984021694814, 55186.83805055637
900.4719998836517, 39654.984021694814, 55186.83805055637
900.4869999885559, 39654.984021694814, 55186.83805055637
900.5029997825623, 39654.984021694814, 55186.83805055637
900.5039999485016, 39654.984021694814, 55186.83805055637
900.5339999198914, 39654.984021694814, 55183.026307792294
900.555999994278, 39654.984021694814, 55182.00542313445
900.5709998607635, 39654.984021694814, 55182.00542313445
900.5869998931885, 39654.984021694814, 55182.00542313445
900.6009998321533, 39654.984021694814, 55182.00542313445
900.6039998531342, 39654.984021694814, 55182.00542313445
905.6259999275208, 39654.984021694814, 55182.00542313445
905.6429998874664, 39654.984021694814, 55182.00542313445
905.6559998989105, 39654.984021694814, 55182.00542313445
905.7269999980927, 39654.984021694814, 55178.87455833463
910.6829998493195, 39654.984021694814, 55178.87455833463
910.6999998092651, 39654.984021694814, 55178.87455833463
910.7159998416901, 39654.984021694814, 55178.87455833463
910.7469999790192, 39654.984021694814, 55178.87455833463
910.7639999389648, 39654.984021694814, 55178.87455833463
910.7809998989105, 39654.984021694814, 55178.87455833463
916.0439999103546, 39654.984021694814, 55177.99597456157
916.069000005722, 39654.984021694814, 55177.99597456157
916.0889999866486, 39654.984021694814, 55177.99597456157
916.1099998950958, 39654.984021694814, 55171.435210317504
916.1259999275208, 39654.984021694814, 55171.435210317504
916.1319999694824, 39654.984021694814, 55171.435210317504
916.1519999504089, 39654.984021694814, 55171.435210317504
916.1689999103546, 39654.984021694814, 55168.74222995002
916.1889998912811, 39654.984021694814, 55168.74222995002
916.2119998931885, 39654.984021694814, 55168.74222995002
921.2539999485016, 39654.984021694814, 55168.74222995002
921.2909998893738, 39654.984021694814, 55168.74222995002
921.3199999332428, 39654.984021694814, 55168.74222995002
921.3369998931885, 39654.984021694814, 55168.74222995002
921.3539998531342, 39654.984021694814, 55168.74222995002
921.3839998245239, 39654.984021694814, 55168.74222995002
921.4049999713898, 39654.984021694814, 55168.74222995002
926.4719998836517, 39654.984021694814, 55168.74222995002
926.4769999980927, 39654.984021694814, 55168.74222995002
926.510999917984, 39654.984021694814, 55168.74222995002
926.5299999713898, 39654.984021694814, 55168.74222995002
926.5679998397827, 39654.984021694814, 55168.74222995002
926.5809998512268, 39654.984021694814, 55168.74222995002
931.5929999351501, 39654.984021694814, 55168.74222995002
931.6139998435974, 39654.984021694814, 55168.74222995002
931.6439998149872, 39654.984021694814, 55153.40038691803
931.6569998264313, 39654.984021694814, 55153.40038691803
931.6789999008179, 39654.984021694814, 55153.40038691803
931.7059998512268, 39654.984021694814, 55153.40038691803
936.7219998836517, 39654.984021694814, 55153.40038691803
936.7419998645782, 39654.984021694814, 55153.40038691803
936.7589998245239, 39654.984021694814, 55153.40038691803
936.7730000019073, 39654.984021694814, 55153.40038691803
936.7960000038147, 39654.984021694814, 55153.40038691803
941.8349997997284, 39654.984021694814, 55143.80535186139
941.8709998130798, 39654.984021694814, 55138.48860814594
946.8209998607635, 39654.984021694814, 55138.48860814594
946.8469998836517, 39654.984021694814, 55137.03612977599
946.8689999580383, 39654.984021694814, 55137.03612977599
946.8849999904633, 39654.984021694814, 55137.03612977599
946.8980000019073, 39654.984021694814, 55137.03612977599
951.7979998588562, 39654.984021694814, 55127.65368564961
951.8259999752045, 39654.984021694814, 55127.65368564961
951.8589999675751, 39654.984021694814, 55126.93918869708
951.8799998760223, 39654.984021694814, 55126.93918869708
951.8799998760223, 39654.984021694814, 55126.93918869708
951.896999835968, 39654.984021694814, 55126.93918869708
951.912999868393, 39654.984021694814, 55126.93918869708
951.9299998283386, 39654.984021694814, 55126.93918869708
956.9859998226166, 39654.984021694814, 55126.93918869708
957.0089998245239, 39654.984021694814, 55124.63515831755
957.050999879837, 39654.984021694814, 55118.50329003331
962.3399999141693, 39654.984021694814, 55118.50329003331
962.3629999160767, 39654.984021694814, 55115.49084321528
967.4659998416901, 39654.984021694814, 55114.107859670556
967.4919998645782, 39654.984021694814, 55114.107859670556
967.5029997825623, 39654.984021694814, 55114.107859670556
967.5179998874664, 39654.984021694814, 55114.107859670556
967.5309998989105, 39654.984021694814, 55114.107859670556
967.5439999103546, 39654.984021694814, 55114.107859670556
967.5679998397827, 39654.984021694814, 55113.226646034695
967.5989999771118, 39654.984021694814, 55113.226646034695
967.6119999885559, 39654.984021694814, 55113.226646034695
967.6189999580383, 39654.984021694814, 55113.226646034695
967.635999917984, 39654.984021694814, 55113.226646034695
972.345999956131, 39654.984021694814, 55113.226646034695
972.3739998340607, 39654.984021694814, 55113.226646034695
972.3999998569489, 39654.984021694814, 55113.226646034695
972.414999961853, 39654.984021694814, 55113.226646034695
972.4319999217987, 39654.984021694814, 55113.226646034695
972.4539999961853, 39654.984021694814, 55109.02559598443
972.4699997901917, 39654.984021694814, 55109.02559598443
972.4939999580383, 39654.984021694814, 55109.02559598443
972.5279998779297, 39654.984021694814, 55109.02559598443
972.5419998168945, 39654.984021694814, 55109.02559598443
977.2689998149872, 39654.984021694814, 55109.02559598443
977.2909998893738, 39654.984021694814, 55109.02559598443
977.3099999427795, 39654.984021694814, 55107.15468091698
977.3289999961853, 39654.984021694814, 55107.15468091698
977.3469998836517, 39654.984021694814, 55107.15468091698
977.367999792099, 39654.984021694814, 55107.15468091698
977.3949999809265, 39654.984021694814, 55107.15468091698
977.4249999523163, 39654.984021694814, 55106.38780647568
977.4379999637604, 39654.984021694814, 55106.38780647568
982.2399997711182, 39654.984021694814, 55095.69304989895
982.2579998970032, 39654.984021694814, 55095.69304989895
982.271999835968, 39654.984021694814, 55095.69304989895
982.287999868393, 39654.984021694814, 55095.69304989895
982.2969999313354, 39654.984021694814, 55095.69304989895
982.3149998188019, 39654.984021694814, 55095.69304989895
982.3539998531342, 39654.984021694814, 55095.434594479375
982.3869998455048, 39654.984021694814, 55093.04938703641
982.4039998054504, 39654.984021694814, 55093.04938703641
987.4069998264313, 39654.984021694814, 55090.766471584146
987.4399998188019, 39654.984021694814, 55090.766471584146
992.7559998035431, 39654.984021694814, 55089.70238945942
992.771999835968, 39654.984021694814, 55089.70238945942
992.7819998264313, 39654.984021694814, 55089.70238945942
992.8019998073578, 39654.984021694814, 55089.70238945942
992.8199999332428, 39654.984021694814, 55089.70238945942
992.845999956131, 39654.984021694814, 55089.70238945942
992.8579998016357, 39654.984021694814, 55087.71188803919
992.8729999065399, 39654.984021694814, 55081.17818780802
998.5289998054504, 39654.984021694814, 55079.2138373306
998.5639998912811, 39654.984021694814, 55078.38810139317
998.579999923706, 39654.984021694814, 55078.38810139317
1003.7189998626709, 39654.984021694814, 55078.38810139317
1003.7469999790192, 39654.984021694814, 55075.05856168288
1008.7189998626709, 39654.984021694814, 55071.45740740131
1008.7369999885559, 39654.984021694814, 55071.45740740131
1008.7519998550415, 39654.984021694814, 55071.45740740131
1008.7789998054504, 39654.984021694814, 55071.45740740131
1008.7999999523163, 39654.984021694814, 55071.45740740131
1014.0639998912811, 39654.984021694814, 55066.866346261304
1014.0859999656677, 39654.984021694814, 55065.45311213264
1019.329999923706, 39654.984021694814, 55061.47520846419
1019.3439998626709, 39654.984021694814, 55061.47520846419
1019.3649997711182, 39654.984021694814, 55061.47520846419
1019.3829998970032, 39654.984021694814, 55059.56502047859
1024.4729998111725, 39654.984021694814, 55059.56502047859
1024.4969999790192, 39654.984021694814, 55059.56502047859
1024.505999803543, 39654.984021694814, 55059.56502047859
1024.5309998989105, 39654.984021694814, 55059.56502047859
1024.550999879837, 39654.984021694814, 55059.56502047859
1024.5889999866486, 39654.984021694814, 55059.56502047859
1024.6029999256134, 39654.984021694814, 55059.56502047859
1029.4739999771118, 39654.984021694814, 55059.56502047859
1029.4899997711182, 39654.984021694814, 55059.56502047859
1029.5199999809265, 39654.984021694814, 55059.56502047859
1029.5359997749329, 39654.984021694814, 55059.56502047859
1029.5709998607635, 39654.984021694814, 55059.56502047859
1034.6219999790192, 39654.984021694814, 55047.88779355796
1034.6399998664856, 39654.984021694814, 55047.88779355796
1034.6589999198914, 39654.984021694814, 55047.88779355796
1034.673999786377, 39654.984021694814, 55047.88779355796
1034.6899998188019, 39654.984021694814, 55047.88779355796
1034.7069997787476, 39654.984021694814, 55047.88779355796
1034.7139999866486, 39654.984021694814, 55047.88779355796
1034.7459998130798, 39654.984021694814, 55047.88779355796
1034.776999950409, 39654.984021694814, 55047.88779355796
1039.8019998073578, 39654.984021694814, 55047.88779355796
1039.8209998607635, 39654.984021694814, 55047.88779355796
1039.8389999866486, 39654.984021694814, 55047.88779355796
1044.8999998569489, 39654.984021694814, 55044.61284500593
1044.9249999523163, 39654.984021694814, 55040.896671526636
1044.9489998817444, 39654.984021694814, 55040.896671526636
1044.9779999256134, 39654.984021694814, 55040.896671526636
1050.1219999790192, 39654.984021694814, 55040.6887395259
1050.1419999599457, 39654.984021694814, 55040.6887395259
1050.164999961853, 39654.984021694814, 55040.6887395259
1050.186999797821, 39654.984021694814, 55040.6887395259
1050.202999830246, 39654.984021694814, 55040.6887395259
1050.2199997901917, 39654.984021694814, 55040.6887395259
1050.2519998550415, 39654.984021694814, 55040.6887395259
1050.2859997749329, 39654.984021694814, 55038.16290708271
1050.3079998493195, 39654.984021694814, 55038.16290708271
1055.6059999465942, 39654.984021694814, 55038.16290708271
1055.6239998340607, 39654.984021694814, 55034.5034375874
1055.6399998664856, 39654.984021694814, 55034.5034375874
1055.6529998779297, 39654.984021694814, 55034.5034375874
1055.6659998893738, 39654.984021694814, 55034.5034375874
1055.6799998283386, 39654.984021694814, 55034.5034375874
1055.686999797821, 39654.984021694814, 55034.5034375874
1055.686999797821, 39654.984021694814, 55034.5034375874
1055.7019999027252, 39654.984021694814, 55034.5034375874
1055.7199997901917, 39654.984021694814, 55034.5034375874
1055.736999988556, 39654.984021694814, 55034.5034375874
1055.7509999275208, 39654.984021694814, 55034.5034375874
1060.6699998378754, 39654.984021694814, 55032.81830172328
1060.691999912262, 39654.984021694814, 55032.81830172328
1060.71599984169, 39654.984021694814, 55032.81830172328
1060.7409999370575, 39654.984021694814, 55032.81830172328
1060.758999824524, 39654.984021694814, 55032.81830172328
1060.7669999599457, 39654.984021694814, 55032.81830172328
1065.9859998226166, 39654.984021694814, 55022.768472120115
1066.0039999485016, 39654.984021694814, 55022.768472120115
1066.0209999084473, 39654.984021694814, 55022.768472120115
1066.037999868393, 39654.984021694814, 55022.768472120115
1066.0549998283386, 39654.984021694814, 55022.768472120115
1070.6669998168945, 39654.984021694814, 55021.01404501618
1070.6889998912811, 39654.984021694814, 55021.01404501618
1070.6989998817444, 39654.984021694814, 55021.01404501618
1070.7279999256134, 39654.984021694814, 55019.86492341946
1070.7289998531342, 39654.984021694814, 55019.86492341946
1070.7629997730255, 39654.984021694814, 55016.4026023794
1070.7939999103546, 39654.984021694814, 55016.4026023794
1070.8249998092651, 39654.984021694814, 55016.4026023794
1070.84099984169, 39654.984021694814, 55016.4026023794
1070.8649997711182, 39654.984021694814, 55016.4026023794
1076.0449998378754, 39654.984021694814, 55014.91695203266
1076.0699999332428, 39654.984021694814, 55012.14538634845
1076.0979998111725, 39654.984021694814, 55012.14538634845
1076.1139998435974, 39654.984021694814, 55012.14538634845
1076.130999803543, 39654.984021694814, 55011.10256567364
1076.1480000019073, 39654.984021694814, 55011.10256567364
1076.180999994278, 39654.984021694814, 55011.10256567364
1081.4159998893738, 39654.984021694814, 55011.10256567364
1081.4399998188019, 39654.984021694814, 55011.10256567364
1081.457999944687, 39654.984021694814, 55011.10256567364
1081.4759998321533, 39654.984021694814, 55011.10256567364
1081.492999792099, 39654.984021694814, 55011.10256567364
1081.510999917984, 39654.984021694814, 55010.77758510135
1081.526999950409, 39654.984021694814, 55010.77758510135
1081.561999797821, 39654.984021694814, 55010.77758510135
1081.5819997787476, 39654.984021694814, 55010.77758510135
1081.5999999046326, 39654.984021694814, 55010.77758510135
1087.0639998912811, 39654.984021694814, 55004.083994760615
1087.0809998512268, 39654.984021694814, 55004.083994760615
1087.0949997901917, 39654.984021694814, 55004.083994760615
1087.1149997711182, 39654.984021694814, 55004.083994760615
1087.1289999485016, 39654.984021694814, 55004.083994760615
1087.1459999084473, 39654.984021694814, 55004.083994760615
1087.1619999408722, 39654.984021694814, 55004.083994760615
1087.1789999008179, 39654.984021694814, 55004.083994760615
1087.1959998607635, 39654.984021694814, 54999.14015703146
1092.4769999980927, 39654.984021694814, 54996.76972185859
1092.5019998550415, 39654.984021694814, 54996.710480686095
1092.534999847412, 39654.984021694814, 54996.683627396604
1092.5649998188019, 39654.984021694814, 54996.683627396604
1097.8319997787476, 39654.984021694814, 54993.639554274625
1097.8499999046326, 39654.984021694814, 54993.639554274625
1097.8629999160767, 39654.984021694814, 54993.639554274625
1097.8919999599457, 39654.984021694814, 54993.639554274625
1103.1459999084473, 39654.984021694814, 54993.639554274625
1103.1619999408722, 39654.984021694814, 54993.639554274625
1103.1679999828339, 39654.984021694814, 54993.639554274625
1103.191999912262, 39654.984021694814, 54993.639554274625
1103.2099997997284, 39654.984021694814, 54993.639554274625
1103.2169997692108, 39654.984021694814, 54993.639554274625
1103.231999874115, 39654.984021694814, 54993.639554274625
1103.25, 39654.984021694814, 54993.639554274625
1103.2669999599457, 39654.984021694814, 54993.639554274625
1103.2839999198914, 39654.984021694814, 54993.639554274625
1103.305999994278, 39654.984021694814, 54993.639554274625
1108.4379999637604, 39654.984021694814, 54986.440464531835
1108.454999923706, 39654.984021694814, 54986.440464531835
1108.4749999046326, 39654.984021694814, 54985.846571542366
1108.4989998340607, 39654.984021694814, 54985.846571542366
1108.5119998455048, 39654.984021694814, 54985.846571542366
1113.7179999351501, 39654.984021694814, 54981.528218443316
1113.733999967575, 39654.984021694814, 54981.420383503835
1113.758999824524, 39654.984021694814, 54981.420383503835
1113.7629997730255, 39654.984021694814, 54981.420383503835
1113.787999868393, 39654.984021694814, 54981.420383503835
1113.8029999732971, 39654.984021694814, 54981.420383503835
1113.8159999847412, 39654.984021694814, 54981.420383503835
1113.827999830246, 39654.984021694814, 54981.420383503835
1113.827999830246, 39654.984021694814, 54981.420383503835
1119.151999950409, 39654.984021694814, 54977.91856140566
1119.1710000038147, 39654.984021694814, 54976.575791208794
1119.1829998493195, 39654.984021694814, 54976.575791208794
1119.233999967575, 39654.984021694814, 54975.86534381462
1119.2509999275208, 39654.984021694814, 54975.86534381462
1124.7949998378754, 39654.984021694814, 54973.726791696485
1124.8079998493195, 39654.984021694814, 54973.726791696485
1124.8229999542236, 39654.984021694814, 54973.726791696485
1124.8359999656677, 39654.984021694814, 54973.726791696485
1124.8499999046326, 39654.984021694814, 54973.726791696485
1124.8669998645782, 39654.984021694814, 54972.41154141111
1130.1949999332428, 39654.984021694814, 54969.8850949533
1135.7249999046326, 39654.984021694814, 54968.83913426007
1135.742999792099, 39654.984021694814, 54968.83913426007
1135.7629997730255, 39654.984021694814, 54968.83913426007
1135.7779998779297, 39654.984021694814, 54968.83913426007
1135.7919998168945, 39654.984021694814, 54968.83913426007
1135.8089997768402, 39654.984021694814, 54968.83913426007
1135.8249998092651, 39654.984021694814, 54968.83913426007
1141.4879999160767, 39654.984021694814, 54968.83913426007
1141.5079998970032, 39654.984021694814, 54968.83913426007
1141.5259997844696, 39654.984021694814, 54962.46931916706
1141.537999868393, 39654.984021694814, 54962.46931916706
1141.5499999523163, 39654.984021694814, 54962.46931916706
1141.5699999332428, 39654.984021694814, 54961.77237326083
1141.5859999656677, 39654.984021694814, 54957.34154382629
1141.6029999256134, 39654.984021694814, 54957.34154382629
1147.2259998321533, 39654.984021694814, 54956.212858251914
1147.24799990654, 39654.984021694814, 54956.212858251914
1152.9789998531342, 39654.984021694814, 54954.25129921868
1153.0019998550415, 39654.984021694814, 54950.066493991115
1153.0309998989105, 39654.984021694814, 54948.20186560265
1158.5409998893738, 39654.984021694814, 54947.529093190766
1164.1329998970032, 39654.984021694814, 54946.39108703968
1164.1449999809265, 39654.984021694814, 54945.08923216998
1174.9109997749329, 39654.984021694814, 54941.06738692369
1174.936999797821, 39654.984021694814, 54938.534694962706
1174.9599997997284, 39654.984021694814, 54938.534694962706
1174.9639999866486, 39654.984021694814, 54938.534694962706
1180.3269999027252, 39654.984021694814, 54938.534694962706
1180.345999956131, 39654.984021694814, 54938.534694962706
1180.3639998435974, 39654.984021694814, 54938.45817517588
1180.3799998760223, 39654.984021694814, 54936.707279177725
1180.3959999084473, 39654.984021694814, 54936.707279177725
1180.3980000019073, 39654.984021694814, 54936.707279177725
1180.4249999523163, 39654.984021694814, 54936.707279177725
1180.4559998512268, 39654.984021694814, 54931.898780227515
1180.46599984169, 39654.984021694814, 54931.898780227515
1186.0469999313354, 39654.984021694814, 54930.353565577934
1186.0729999542236, 39654.984021694814, 54930.353565577934
1191.452999830246, 39654.984021694814, 54928.04815968763
1191.46599984169, 39654.984021694814, 54928.04815968763
1191.4789998531342, 39654.984021694814, 54924.699639148144
1191.4939999580383, 39654.984021694814, 54924.42740195796
1191.5179998874664, 39654.984021694814, 54924.42740195796
1191.5439999103546, 39654.984021694814, 54924.42740195796
1191.5609998703003, 39654.984021694814, 54924.42740195796
1191.593999862671, 39654.984021694814, 54924.42740195796
1191.6109998226166, 39654.984021694814, 54924.42740195796
1197.0389997959137, 39654.984021694814, 54924.42740195796
1197.0609998703003, 39654.984021694814, 54924.42740195796
1197.0819997787476, 39654.984021694814, 54923.49913530973
1197.1029999256134, 39654.984021694814, 54923.49913530973
1197.12299990654, 39654.984021694814, 54923.49913530973
1197.1409997940063, 39654.984021694814, 54923.49913530973
1197.1579999923706, 39654.984021694814, 54919.03110900704
1197.1749999523163, 39654.984021694814, 54919.03110900704
1202.7979998588562, 39654.984021694814, 54914.454544333246
1202.816999912262, 39654.984021694814, 54914.454544333246
1202.8379998207092, 39654.984021694814, 54913.39331047828
1208.1959998607635, 39654.984021694814, 54910.53271053165
1208.2119998931885, 39654.984021694814, 54910.53271053165
1208.2279999256134, 39654.984021694814, 54910.53271053165
1208.2469999790192, 39654.984021694814, 54910.53271053165
1208.25, 39654.984021694814, 54907.89344625519
1208.2799999713898, 39654.984021694814, 54906.94216245011
1208.2949998378754, 39654.984021694814, 54906.94216245011
1208.3249998092651, 39654.984021694814, 54905.590548451575
1213.6059999465942, 39654.984021694814, 54905.590548451575
1213.6389999389648, 39654.984021694814, 54904.97237365411
1219.1079998016357, 39654.984021694814, 54903.49011948017
1219.1389999389648, 39654.984021694814, 54900.57944278651
1224.4289999008179, 39654.984021694814, 54900.57944278651
1224.444000005722, 39654.984021694814, 54900.57944278651
1224.479999780655, 39654.984021694814, 54900.57944278651
1224.5, 39654.984021694814, 54900.57944278651
1224.5209999084473, 39654.984021694814, 54900.57944278651
1224.539999961853, 39654.984021694814, 54900.57944278651
1224.5589997768402, 39654.984021694814, 54900.57944278651
1224.5739998817444, 39654.984021694814, 54900.57944278651
1224.59099984169, 39654.984021694814, 54900.57944278651
1230.0839998722076, 39654.984021694814, 54900.533304867415
1230.0869998931885, 39654.984021694814, 54900.533304867415
1230.1099998950958, 39654.984021694814, 54900.533304867415
1230.1269998550415, 39654.984021694814, 54900.533304867415
1230.1409997940063, 39654.984021694814, 54900.533304867415
1230.1579999923706, 39654.984021694814, 54900.533304867415
1230.1879999637604, 39654.984021694814, 54900.533304867415
1235.7199997901917, 39654.984021694814, 54900.533304867415
1235.7379999160767, 39654.984021694814, 54900.533304867415
1235.7549998760223, 39654.984021694814, 54900.533304867415
1235.758999824524, 39654.984021694814, 54900.533304867415
1235.7869999408722, 39654.984021694814, 54900.533304867415
1235.8029999732971, 39654.984021694814, 54900.533304867415
1235.8159999847412, 39654.984021694814, 54900.533304867415
1235.8309998512268, 39654.984021694814, 54900.533304867415
1235.8389999866486, 39654.984021694814, 54897.3090655414
1235.861999988556, 39654.984021694814, 54897.3090655414
1235.8769998550415, 39654.984021694814, 54897.3090655414
1241.4449999332428, 39654.984021694814, 54895.33902544886
1241.4589998722076, 39654.984021694814, 54891.60501526089
1241.4739999771118, 39654.984021694814, 54889.58495363951
1246.9829998016357, 39654.984021694814, 54887.46403345388
1252.555999994278, 39654.984021694814, 54886.59733157339
1252.5769999027252, 39654.984021694814, 54883.66190255606
1252.59099984169, 39654.984021694814, 54883.66190255606
1258.1029999256134, 39654.984021694814, 54883.66190255606
1258.1239998340607, 39654.984021694814, 54883.66190255606
1258.151999950409, 39654.984021694814, 54882.35086741789
1263.7069997787476, 39654.984021694814, 54882.35086741789
1263.7349998950958, 39654.984021694814, 54882.35086741789
1263.744999885559, 39654.984021694814, 54882.35086741789
1263.7669999599457, 39654.984021694814, 54882.35086741789
1263.789999961853, 39654.984021694814, 54878.51098879491
1263.8149998188019, 39654.984021694814, 54878.51098879491
1263.8339998722076, 39654.984021694814, 54878.51098879491
1269.436999797821, 39654.984021694814, 54878.51098879491
1269.4539999961853, 39654.984021694814, 54878.51098879491
1269.4769999980927, 39654.984021694814, 54878.51098879491
1269.4939999580383, 39654.984021694814, 54878.51098879491
1275.3449997901917, 39654.984021694814, 54871.50270284773
1275.3539998531342, 39654.984021694814, 54871.50270284773
1275.3849999904633, 39654.984021694814, 54871.50270284773
1281.8799998760223, 39654.984021694814, 54869.92994752219
1281.8929998874664, 39654.984021694814, 54869.92994752219
1281.9049999713898, 39654.984021694814, 54869.92994752219
1287.5169999599457, 39654.984021694814, 54868.29145178448
1293.236999988556, 39654.984021694814, 54864.43215884027
1298.7509999275208, 39654.984021694814, 54863.40009010746
1298.7689998149872, 39654.984021694814, 54863.40009010746
1298.787999868393, 39654.984021694814, 54863.40009010746
1298.805999994278, 39654.984021694814, 54863.40009010746
1298.8219997882843, 39654.984021694814, 54863.40009010746
1298.8349997997284, 39654.984021694814, 54863.40009010746
1298.8579998016357, 39654.984021694814, 54863.40009010746
1298.8929998874664, 39654.984021694814, 54863.40009010746
1298.9159998893738, 39654.984021694814, 54863.40009010746
1304.3239998817444, 39654.984021694814, 54860.71029619381
1304.3289999961853, 39654.984021694814, 54860.71029619381
1304.354999780655, 39654.984021694814, 54860.71029619381
1304.3649997711182, 39654.984021694814, 54860.71029619381
1304.383999824524, 39654.984021694814, 54860.71029619381
1304.398999929428, 39654.984021694814, 54860.5522926357
1304.4139997959137, 39654.984021694814, 54860.5522926357
1304.430999994278, 39654.984021694814, 54854.567973861536
1304.4479999542236, 39654.984021694814, 54854.567973861536
1304.4639999866486, 39654.984021694814, 54854.567973861536
1310.566999912262, 39654.984021694814, 54852.95376360281
1310.5839998722076, 39654.984021694814, 54852.95376360281
1316.3769998550415, 39654.984021694814, 54852.95376360281
1316.398999929428, 39654.984021694814, 54852.95376360281
1322.358999967575, 39654.984021694814, 54847.63130190349
1322.3769998550415, 39654.984021694814, 54847.63130190349
1322.3939998149872, 39654.984021694814, 54847.63130190349
1322.4109997749329, 39654.984021694814, 54847.63130190349
1322.425999879837, 39654.984021694814, 54847.63130190349
1322.4459998607635, 39654.984021694814, 54847.63130190349
1322.4559998512268, 39654.984021694814, 54847.63130190349
1322.4889998435974, 39654.984021694814, 54843.29562393224
1328.3449997901917, 39654.984021694814, 54840.26949128584
1328.367999792099, 39654.984021694814, 54840.26949128584
1328.4049999713898, 39654.984021694814, 54838.74986465931
1333.914999961853, 39654.984021694814, 54838.74986465931
1333.9299998283386, 39654.984021694814, 54838.74986465931
1333.952999830246, 39654.984021694814, 54835.238853871284
1339.3799998760223, 39654.984021694814, 54835.238853871284
1339.398999929428, 39654.984021694814, 54835.238853871284
1339.4179999828339, 39654.984021694814, 54835.238853871284
1339.4429998397827, 39654.984021694814, 54834.40280229571
1345.1389999389648, 39654.984021694814, 54831.19395923503
1345.1579999923706, 39654.984021694814, 54829.57899085164
1345.1819999217987, 39654.984021694814, 54829.57899085164
1345.1999998092651, 39654.984021694814, 54829.086718010956
1345.2129998207092, 39654.984021694814, 54829.086718010956
1350.9519999027252, 39654.984021694814, 54828.31307171337
1350.9879999160767, 39654.984021694814, 54826.064954001136
1351.0079998970032, 39654.984021694814, 54826.064954001136
1351.0279998779297, 39654.984021694814, 54826.064954001136
1351.0529999732971, 39654.984021694814, 54826.064954001136
1351.0769999027252, 39654.984021694814, 54826.064954001136
1351.0919997692108, 39654.984021694814, 54825.32569497831
1356.7239999771118, 39654.984021694814, 54825.32569497831
1356.74799990654, 39654.984021694814, 54825.32569497831
1356.758999824524, 39654.984021694814, 54825.32569497831
1356.7829999923706, 39654.984021694814, 54825.32569497831
1356.800999879837, 39654.984021694814, 54825.32569497831
1356.8219997882843, 39654.984021694814, 54825.32569497831
1356.8429999351501, 39654.984021694814, 54825.32569497831
1362.5949997901917, 39654.984021694814, 54820.59884731473
1362.6159999370575, 39654.984021694814, 54820.59884731473
1362.633999824524, 39654.984021694814, 54820.59884731473
1362.6509997844696, 39654.984021694814, 54820.59884731473
1362.6699998378754, 39654.984021694814, 54820.59884731473
1362.6829998493195, 39654.984021694814, 54820.59884731473
1362.702999830246, 39654.984021694814, 54817.60838980302
1362.7139999866486, 39654.984021694814, 54817.60838980302
1362.7309999465942, 39654.984021694814, 54817.60838980302
1362.74799990654, 39654.984021694814, 54817.60838980302
1362.7659997940063, 39654.984021694814, 54817.60838980302
1362.7789998054504, 39654.984021694814, 54817.60838980302
1362.7819998264313, 39654.984021694814, 54817.60838980302
1362.8089997768402, 39654.984021694814, 54817.60838980302
1362.8269999027252, 39654.984021694814, 54817.60838980302
1362.8339998722076, 39654.984021694814, 54817.60838980302
1362.8489999771118, 39654.984021694814, 54817.60838980302
1368.4669997692108, 39654.984021694814, 54817.60838980302
1368.4829998016357, 39654.984021694814, 54817.60838980302
1368.5009999275208, 39654.984021694814, 54816.17768091987
1368.5029997825623, 39654.984021694814, 54814.21465126211
1368.5189998149872, 39654.984021694814, 54814.21465126211
1374.2179999351501, 39654.984021694814, 54814.21465126211
1374.2379999160767, 39654.984021694814, 54814.21465126211
1374.2599999904633, 39654.984021694814, 54810.35398612173
1374.273999929428, 39654.984021694814, 54808.90177637672
1374.298999786377, 39654.984021694814, 54806.81149441491
1374.3139998912811, 39654.984021694814, 54806.81149441491
1379.729999780655, 39654.984021694814, 54806.81149441491
1379.7509999275208, 39654.984021694814, 54806.81149441491
1379.7839999198914, 39654.984021694814, 54806.81149441491
1379.8079998493195, 39654.984021694814, 54806.81149441491
1379.8269999027252, 39654.984021694814, 54806.81149441491
1379.8479998111725, 39654.984021694814, 54806.81149441491
1379.8649997711182, 39654.984021694814, 54805.794091540265
1379.8819999694824, 39654.984021694814, 54805.794091540265
1386.055999994278, 39654.984021694814, 54805.67599070616
1386.0739998817444, 39654.984021694814, 54805.67599070616
1386.09099984169, 39654.984021694814, 54805.67599070616
1386.1099998950958, 39654.984021694814, 54805.67599070616
1386.125, 39654.984021694814, 54805.384718956426
1386.1329998970032, 39654.984021694814, 54804.85525055317
1391.494999885559, 39654.984021694814, 54804.85525055317
1391.5179998874664, 39654.984021694814, 54804.85525055317
1397.1329998970032, 39654.984021694814, 54804.85525055317
1397.151999950409, 39654.984021694814, 54804.85525055317
1397.162999868393, 39654.984021694814, 54804.85525055317
1397.1889998912811, 39654.984021694814, 54802.62908711961
1397.207999944687, 39654.984021694814, 54802.62908711961
1397.2229998111725, 39654.984021694814, 54802.62908711961
1397.236999988556, 39654.984021694814, 54802.62908711961
1397.2539999485016, 39654.984021694814, 54802.62908711961
1403.0179998874664, 39654.984021694814, 54802.62908711961
1403.037999868393, 39654.984021694814, 54802.62908711961
1403.0569999217987, 39654.984021694814, 54800.68832047827
1408.4339997768402, 39654.984021694814, 54799.28011587171
1408.454999923706, 39654.984021694814, 54799.28011587171
1408.4719998836517, 39654.984021694814, 54799.28011587171
1408.4879999160767, 39654.984021694814, 54799.28011587171
1408.5019998550415, 39654.984021694814, 54799.28011587171
1408.5209999084473, 39654.984021694814, 54799.28011587171
1408.539999961853, 39654.984021694814, 54799.28011587171
1408.5639998912811, 39654.984021694814, 54799.28011587171
1414.5819997787476, 39654.984021694814, 54799.28011587171
1414.6079998016357, 39654.984021694814, 54793.79715565953
1414.6269998550415, 39654.984021694814, 54793.79715565953
1414.646999835968, 39654.984021694814, 54789.222641618624
1420.425999879837, 39654.984021694814, 54788.16271864228
1420.4489998817444, 39654.984021694814, 54788.16271864228
1426.3199999332428, 39654.984021694814, 54783.14550726397
1426.3449997901917, 39654.984021694814, 54782.12079975995
1426.37299990654, 39654.984021694814, 54782.12079975995
1432.0659999847412, 39654.984021694814, 54781.01603374076
1432.079999923706, 39654.984021694814, 54781.01603374076
1432.093999862671, 39654.984021694814, 54780.473386791215
1432.1189999580383, 39654.984021694814, 54780.473386791215
1432.1349999904633, 39654.984021694814, 54780.473386791215
1432.1439998149872, 39654.984021694814, 54780.473386791215
1432.1699998378754, 39654.984021694814, 54780.473386791215
1432.1929998397827, 39654.984021694814, 54780.473386791215
1437.8349997997284, 39654.984021694814, 54780.473386791215
1437.8649997711182, 39654.984021694814, 54778.29329975928
1437.8869998455048, 39654.984021694814, 54778.29329975928
1437.909999847412, 39654.984021694814, 54778.29329975928
1437.9289999008179, 39654.984021694814, 54778.29329975928
1437.9459998607635, 39654.984021694814, 54778.29329975928
1437.952999830246, 39654.984021694814, 54778.29329975928
1437.9729998111725, 39654.984021694814, 54778.29329975928
1437.986999988556, 39654.984021694814, 54778.29329975928
1438.0029997825623, 39654.984021694814, 54778.29329975928
1444.130999803543, 39654.984021694814, 54775.35160084095
1444.1509997844696, 39654.984021694814, 54774.24828547246
1444.1719999313354, 39654.984021694814, 54773.93985358945
1450.2749998569489, 39654.984021694814, 54773.93985358945
1450.2939999103546, 39654.984021694814, 54773.07158575178
1450.3199999332428, 39654.984021694814, 54773.07158575178
1450.3349997997284, 39654.984021694814, 54773.07158575178
1450.3519999980927, 39654.984021694814, 54771.891078782624
1450.3739998340607, 39654.984021694814, 54771.891078782624
1456.1689999103546, 39654.984021694814, 54771.891078782624
1456.1909999847412, 39654.984021694814, 54771.891078782624
1456.2219998836517, 39654.984021694814, 54771.891078782624
1461.9769999980927, 39654.984021694814, 54770.05260577087
1461.994999885559, 39654.984021694814, 54770.05260577087
1462.0119998455048, 39654.984021694814, 54770.05260577087
1462.0339999198914, 39654.984021694814, 54770.05260577087
1462.0569999217987, 39654.984021694814, 54770.05260577087
1462.079999923706, 39654.984021694814, 54770.05260577087
1468.0419998168945, 39654.984021694814, 54770.05260577087
1468.0659999847412, 39654.984021694814, 54770.05260577087
1468.082999944687, 39654.984021694814, 54770.05260577087
1468.1009998321533, 39654.984021694814, 54770.05260577087
1468.1169998645782, 39654.984021694814, 54770.05260577087
1468.1279997825623, 39654.984021694814, 54770.05260577087
1468.1439998149872, 39654.984021694814, 54770.05260577087
1468.1609997749329, 39654.984021694814, 54770.05260577087
1468.1839997768402, 39654.984021694814, 54770.05260577087
1468.1989998817444, 39654.984021694814, 54770.05260577087
1473.8599998950958, 39654.984021694814, 54762.850514844904
1473.883999824524, 39654.984021694814, 54762.850514844904
1473.9059998989105, 39654.984021694814, 54762.850514844904
1473.925999879837, 39654.984021694814, 54761.70913381309
1473.9389998912811, 39654.984021694814, 54761.70913381309
1473.9519999027252, 39654.984021694814, 54761.70913381309
1473.9619998931885, 39654.984021694814, 54761.70913381309
1473.9789998531342, 39654.984021694814, 54761.70913381309
1474.0019998550415, 39654.984021694814, 54761.70913381309
1474.0169999599457, 39654.984021694814, 54761.70913381309
1480.470999956131, 39654.984021694814, 54755.79360479133
1480.4859998226166, 39654.984021694814, 54755.79360479133
1480.5, 39654.984021694814, 54755.79360479133
1480.5149998664856, 39654.984021694814, 54755.79360479133
1480.5279998779297, 39654.984021694814, 54755.79360479133
1480.5429999828339, 39654.984021694814, 54755.79360479133
1480.5429999828339, 39654.984021694814, 54755.79360479133
1480.5749998092651, 39654.984021694814, 54755.79360479133
1480.59099984169, 39654.984021694814, 54755.79360479133
1480.593999862671, 39654.984021694814, 54755.79360479133
1480.6109998226166, 39654.984021694814, 54755.79360479133
1486.7169997692108, 39654.984021694814, 54755.79360479133
1486.744999885559, 39654.984021694814, 54755.79360479133
1486.7629997730255, 39654.984021694814, 54746.93214661511
1486.7869999408722, 39654.984021694814, 54746.93214661511
1486.8019998073578, 39654.984021694814, 54746.93214661511
1486.827999830246, 39654.984021694814, 54746.93214661511
1492.539999961853, 39654.984021694814, 54746.93214661511
1492.5579998493195, 39654.984021694814, 54746.93214661511
1492.5869998931885, 39654.984021694814, 54746.93214661511
1498.430999994278, 39654.984021694814, 54746.93214661511
1498.4589998722076, 39654.984021694814, 54746.93214661511
1498.4759998321533, 39654.984021694814, 54746.93214661511
1498.4859998226166, 39654.984021694814, 54746.93214661511
1498.5019998550415, 39654.984021694814, 54746.93214661511
1498.5179998874664, 39654.984021694814, 54746.93214661511
1498.5329999923706, 39654.984021694814, 54746.93214661511
1498.548999786377, 39654.984021694814, 54746.93214661511
1498.548999786377, 39654.984021694814, 54746.93214661511
1498.5659999847412, 39654.984021694814, 54746.93214661511
1504.7679998874664, 39654.984021694814, 54746.93214661511
1510.8709998130798, 39654.984021694814, 54746.93214661511
1510.9009997844696, 39654.984021694814, 54746.93214661511
1510.9199998378754, 39654.984021694814, 54746.93214661511
1510.9459998607635, 39654.984021694814, 54746.93214661511
1510.9699997901917, 39654.984021694814, 54746.93214661511
1516.7919998168945, 39654.984021694814, 54735.251915821456
1516.8209998607635, 39654.984021694814, 54735.251915821456
1516.84099984169, 39654.984021694814, 54735.251915821456
1516.856999874115, 39654.984021694814, 54735.251915821456
1516.8769998550415, 39654.984021694814, 54735.251915821456
1516.8949999809265, 39654.984021694814, 54735.251915821456
1516.9139997959137, 39654.984021694814, 54735.251915821456
1516.9449999332428, 39654.984021694814, 54735.251915821456
1516.9789998531342, 39654.984021694814, 54733.546205874205
1523.2569999694824, 39654.984021694814, 54733.546205874205
1523.273999929428, 39654.984021694814, 54733.546205874205
1523.2979998588562, 39654.984021694814, 54733.546205874205
1523.311999797821, 39654.984021694814, 54733.546205874205
1523.327999830246, 39654.984021694814, 54733.546205874205
1523.343999862671, 39654.984021694814, 54733.546205874205
1523.358999967575, 39654.984021694814, 54732.26311945842
1523.369999885559, 39654.984021694814, 54732.09639183216
1530.0599999427795, 39654.984021694814, 54732.09639183216
1535.8789999485016, 39654.984021694814, 54732.09639183216
1535.9029998779297, 39654.984021694814, 54732.09639183216
1535.9229998588562, 39654.984021694814, 54732.09639183216
1535.9399998188019, 39654.984021694814, 54732.09639183216
1541.6279997825623, 39654.984021694814, 54727.19113322991
1541.648999929428, 39654.984021694814, 54727.19113322991
1541.6539998054504, 39654.984021694814, 54727.19113322991
1541.6779999732971, 39654.984021694814, 54726.76502459125
1541.6909999847412, 39654.984021694814, 54726.76502459125
1541.704999923706, 39654.984021694814, 54726.76502459125
1541.7199997901917, 39654.984021694814, 54726.76502459125
1541.7389998435974, 39654.984021694814, 54725.80665198204
1547.582999944687, 39654.984021694814, 54725.80665198204
1547.604999780655, 39654.984021694814, 54725.80665198204
1547.6109998226166, 39654.984021694814, 54725.80665198204
1547.6399998664856, 39654.984021694814, 54724.167474216054
1547.6569998264313, 39654.984021694814, 54724.167474216054
1547.673999786377, 39654.984021694814, 54724.167474216054
1547.6899998188019, 39654.984021694814, 54724.167474216054
1554.1799998283386, 39654.984021694814, 54724.167474216054
1554.1989998817444, 39654.984021694814, 54724.167474216054
1554.2219998836517, 39654.984021694814, 54724.167474216054
1560.4449999332428, 39654.984021694814, 54721.06423130521
1560.4679999351501, 39654.984021694814, 54717.84556799243
1560.4889998435974, 39654.984021694814, 54717.719300355944
1560.508999824524, 39654.984021694814, 54714.772301154764
1560.5129997730255, 39654.984021694814, 54714.35066844301
1560.5299999713898, 39654.984021694814, 54714.35066844301
1560.5449998378754, 39654.984021694814, 54714.35066844301
1560.5609998703003, 39654.984021694814, 54712.82283390153
1566.8529999256134, 39654.984021694814, 54711.357963459566
1566.875, 39654.984021694814, 54711.357963459566
1566.9029998779297, 39654.984021694814, 54709.60655708536
1573.037999868393, 39654.984021694814, 54708.27982146295
1579.273999929428, 39654.984021694814, 54708.27982146295
1579.2929999828339, 39654.984021694814, 54708.27982146295
1579.3089997768402, 39654.984021694814, 54708.27982146295
1579.329999923706, 39654.984021694814, 54707.54019562167
1579.3449997901917, 39654.984021694814, 54707.54019562167
1579.367999792099, 39654.984021694814, 54707.54019562167
1579.3869998455048, 39654.984021694814, 54707.54019562167
1585.755999803543, 39654.984021694814, 54705.092945949014
1585.7749998569489, 39654.984021694814, 54705.092945949014
1585.7960000038147, 39654.984021694814, 54705.092945949014
1585.8109998703003, 39654.984021694814, 54705.092945949014
1585.8309998512268, 39654.984021694814, 54705.092945949014
1591.9269998073578, 39654.984021694814, 54701.70779426556
1591.9569997787476, 39654.984021694814, 54701.70779426556
1591.970999956131, 39654.984021694814, 54701.70779426556
1591.9909999370575, 39654.984021694814, 54701.70779426556
1592.0079998970032, 39654.984021694814, 54701.70779426556
1592.023999929428, 39654.984021694814, 54701.70779426556
1592.0429999828339, 39654.984021694814, 54701.70779426556
1592.0589997768402, 39654.984021694814, 54701.70779426556
1592.0749998092651, 39654.984021694814, 54701.70779426556
1592.0969998836517, 39654.984021694814, 54701.70779426556
1598.611999988556, 39654.984021694814, 54701.70779426556
1598.6319999694824, 39654.984021694814, 54701.70779426556
1598.6639997959137, 39654.984021694814, 54699.44152178839
1598.680999994278, 39654.984021694814, 54699.44152178839
1598.680999994278, 39654.984021694814, 54699.44152178839
1598.6959998607635, 39654.984021694814, 54699.44152178839
1598.7139999866486, 39654.984021694814, 54699.44152178839
1598.7329998016357, 39654.984021694814, 54699.44152178839
1598.7539999485016, 39654.984021694814, 54699.44152178839
1598.771999835968, 39654.984021694814, 54699.44152178839
1598.7889997959137, 39654.984021694814, 54699.44152178839
1598.805999994278, 39654.984021694814, 54699.44152178839
1605.0149998664856, 39654.984021694814, 54699.44152178839
1605.0389997959137, 39654.984021694814, 54699.44152178839
1605.0569999217987, 39654.984021694814, 54699.44152178839
1605.0859999656677, 39654.984021694814, 54699.44152178839
1605.111999988556, 39654.984021694814, 54699.44152178839
1611.175999879837, 39654.984021694814, 54696.67945040776
1611.1969997882843, 39654.984021694814, 54696.67945040776
1611.2099997997284, 39654.984021694814, 54696.67945040776
1611.2269999980927, 39654.984021694814, 54696.67945040776
1611.2409999370575, 39654.984021694814, 54696.67945040776
1611.2569999694824, 39654.984021694814, 54696.67945040776
1611.260999917984, 39654.984021694814, 54696.67945040776
1611.276999950409, 39654.984021694814, 54696.67945040776
1611.2939999103546, 39654.984021694814, 54696.67945040776
1611.3049998283386, 39654.984021694814, 54696.67945040776
1611.316999912262, 39654.984021694814, 54696.67945040776
1611.329999923706, 39654.984021694814, 54696.67945040776
1611.3469998836517, 39654.984021694814, 54696.67945040776
1611.3629999160767, 39654.984021694814, 54696.67945040776
1617.6129999160767, 39654.984021694814, 54696.67945040776
1617.6349999904633, 39654.984021694814, 54696.67945040776
1617.6409997940063, 39654.984021694814, 54696.67945040776
1617.6719999313354, 39654.984021694814, 54696.67945040776
1617.6849999427795, 39654.984021694814, 54696.67945040776
1617.7059998512268, 39654.984021694814, 54696.67945040776
1617.7199997901917, 39654.984021694814, 54696.67945040776
1617.7329998016357, 39654.984021694814, 54696.67945040776
1617.7459998130798, 39654.984021694814, 54696.67945040776
1617.7569999694824, 39654.984021694814, 54696.67945040776
1617.7689998149872, 39654.984021694814, 54696.67945040776
1617.784999847412, 39654.984021694814, 54683.11247063789
1617.800999879837, 39654.984021694814, 54683.11247063789
1624.1589999198914, 39654.984021694814, 54683.11247063789
1624.1819999217987, 39654.984021694814, 54683.11247063789
1624.2039999961853, 39654.984021694814, 54683.11247063789
1624.2239999771118, 39654.984021694814, 54683.11247063789
1624.231999874115, 39654.984021694814, 54682.56779366633
1624.2469999790192, 39654.984021694814, 54682.56779366633
1624.2639999389648, 39654.984021694814, 54682.56779366633
1624.2809998989105, 39654.984021694814, 54682.56779366633
1624.3019998073578, 39654.984021694814, 54682.56779366633
1624.3179998397827, 39654.984021694814, 54682.403728459416
1624.3449997901917, 39654.984021694814, 54681.45086679975
1630.854999780655, 39654.984021694814, 54681.00154916718
1630.880999803543, 39654.984021694814, 54681.00154916718
1630.8929998874664, 39654.984021694814, 54681.00154916718
1630.9139997959137, 39654.984021694814, 54681.00154916718
1630.9279999732971, 39654.984021694814, 54681.00154916718
1630.9399998188019, 39654.984021694814, 54680.89229400377
1630.9829998016357, 39654.984021694814, 54680.89229400377
1637.5649998188019, 39654.984021694814, 54680.89229400377
1637.5879998207092, 39654.984021694814, 54680.89229400377
1637.606999874115, 39654.984021694814, 54679.98069408075
1637.62299990654, 39654.984021694814, 54679.98069408075
1637.6459999084473, 39654.984021694814, 54679.98069408075
1637.662999868393, 39654.984021694814, 54679.98069408075
1644.0659999847412, 39654.984021694814, 54678.248924229025
1644.0839998722076, 39654.984021694814, 54678.248924229025
1644.0979998111725, 39654.984021694814, 54678.248924229025
1644.111999988556, 39654.984021694814, 54678.248924229025
1644.1279997825623, 39654.984021694814, 54678.248924229025
1644.1419999599457, 39654.984021694814, 54678.248924229025
1644.1539998054504, 39654.984021694814, 54678.248924229025
1644.1710000038147, 39654.984021694814, 54678.248924229025
1644.1929998397827, 39654.984021694814, 54678.248924229025
1644.207999944687, 39654.984021694814, 54676.47372295344
1644.2269999980927, 39654.984021694814, 54675.45455433853
1650.1569998264313, 39654.984021694814, 54675.45455433853
1650.173999786377, 39654.984021694814, 54675.45455433853
1650.1929998397827, 39654.984021694814, 54675.45455433853
1650.1959998607635, 39654.984021694814, 54675.45455433853
1650.2259998321533, 39654.984021694814, 54671.621398264964
1650.2399997711182, 39654.984021694814, 54671.621398264964
1650.2469999790192, 39654.984021694814, 54671.621398264964
1650.2689998149872, 39654.984021694814, 54671.621398264964
1656.8099999427795, 39654.984021694814, 54669.01655189036
1656.8309998512268, 39654.984021694814, 54669.01655189036
1656.8389999866486, 39654.984021694814, 54668.86920208374
1656.861999988556, 39654.984021694814, 54668.86920208374
1656.880999803543, 39654.984021694814, 54668.86920208374
1656.898999929428, 39654.984021694814, 54667.84397475547
1656.9059998989105, 39654.984021694814, 54666.7738651187
1662.8879997730255, 39654.984021694814, 54665.06049314996
1662.9039998054504, 39654.984021694814, 54665.06049314996
1662.925999879837, 39654.984021694814, 54665.06049314996
1662.9459998607635, 39654.984021694814, 54665.06049314996
1662.9589998722076, 39654.984021694814, 54665.06049314996
1662.9699997901917, 39654.984021694814, 54665.06049314996
1662.9899997711182, 39654.984021694814, 54663.03182804507
1669.1789999008179, 39654.984021694814, 54663.03182804507
1669.1949999332428, 39654.984021694814, 54663.03182804507
1669.21599984169, 39654.984021694814, 54663.03182804507
1669.2269999980927, 39654.984021694814, 54660.363889886394
1669.2459998130798, 39654.984021694814, 54660.363889886394
1669.258999824524, 39654.984021694814, 54660.363889886394
1669.276999950409, 39654.984021694814, 54660.363889886394
1669.2949998378754, 39654.984021694814, 54658.71043175225
1675.981999874115, 39654.984021694814, 54658.71043175225
1676.0049998760223, 39654.984021694814, 54655.400985972854
1676.0169999599457, 39654.984021694814, 54655.400985972854
1676.0529999732971, 39654.984021694814, 54653.73926270391
1676.0649998188019, 39654.984021694814, 54653.73926270391
1682.5209999084473, 39654.984021694814, 54652.0272077552
1682.548999786377, 39654.984021694814, 54652.0272077552
1682.566999912262, 39654.984021694814, 54652.0272077552
1682.5839998722076, 39654.984021694814, 54652.0272077552
1682.6059999465942, 39654.984021694814, 54648.559182338395
1689.0529999732971, 39654.984021694814, 54645.8266709124
1689.0759999752045, 39654.984021694814, 54645.8266709124
1689.0969998836517, 39654.984021694814, 54645.8266709124
1689.1129999160767, 39654.984021694814, 54645.8266709124
1689.1349999904633, 39654.984021694814, 54645.8266709124
1689.1499998569489, 39654.984021694814, 54645.8266709124
1695.8709998130798, 39654.984021694814, 54641.53282614433
1695.8889999389648, 39654.984021694814, 54641.53282614433
1695.909999847412, 39654.984021694814, 54641.02366845032
1702.7759997844696, 39654.984021694814, 54637.46337019193
1702.8049998283386, 39654.984021694814, 54637.46337019193
1702.8259999752045, 39654.984021694814, 54637.46337019193
1702.8399999141693, 39654.984021694814, 54637.46337019193
1702.8419997692108, 39654.984021694814, 54637.46337019193
1702.8599998950958, 39654.984021694814, 54637.46337019193
1709.8789999485016, 39654.984021694814, 54635.64623657355
1709.9079999923706, 39654.984021694814, 54635.31799000838
1709.9289999008179, 39654.984021694814, 54635.31799000838
1709.9409999847412, 39654.984021694814, 54635.31799000838
1709.954999923706, 39654.984021694814, 54635.31799000838
1709.9669997692108, 39654.984021694814, 54635.31799000838
1709.968999862671, 39654.984021694814, 54635.31799000838
1716.3479998111725, 39654.984021694814, 54635.31799000838
1716.3689999580383, 39654.984021694814, 54635.31799000838
1716.3869998455048, 39654.984021694814, 54635.31799000838
1716.4039998054504, 39654.984021694814, 54635.31799000838
1716.4189999103546, 39654.984021694814, 54635.31799000838
1723.1019999980927, 39654.984021694814, 54631.512479592326
1723.1369998455048, 39654.984021694814, 54631.14517485055
1723.1559998989105, 39654.984021694814, 54631.14517485055
1723.1789999008179, 39654.984021694814, 54630.58895328665
1723.2009999752045, 39654.984021694814, 54628.51582371279
1730.0649998188019, 39654.984021694814, 54628.51582371279
1730.0849997997284, 39654.984021694814, 54628.51582371279
1730.104999780655, 39654.984021694814, 54628.51582371279
1730.1209998130798, 39654.984021694814, 54628.51582371279
1730.1379997730255, 39654.984021694814, 54628.51582371279
1730.180999994278, 39654.984021694814, 54628.51582371279
1736.776999950409, 39654.984021694814, 54628.51582371279
1736.7960000038147, 39654.984021694814, 54628.51582371279
1736.8129999637604, 39654.984021694814, 54628.51582371279
1736.8259999752045, 39654.984021694814, 54628.51582371279
1742.954999923706, 39654.984021694814, 54628.51582371279
1742.968999862671, 39654.984021694814, 54628.51582371279
1742.9759998321533, 39654.984021694814, 54627.15109666387
1742.994999885559, 39654.984021694814, 54627.15109666387
1742.994999885559, 39654.984021694814, 54627.15109666387
1743.0099999904633, 39654.984021694814, 54627.15109666387
1743.0319998264313, 39654.984021694814, 54627.15109666387
1743.048999786377, 39654.984021694814, 54627.15109666387
1743.0599999427795, 39654.984021694814, 54627.15109666387
1743.0599999427795, 39654.984021694814, 54627.15109666387
1743.0759999752045, 39654.984021694814, 54627.15109666387
1743.093999862671, 39654.984021694814, 54627.15109666387
1749.5999999046326, 39654.984021694814, 54627.15109666387
1749.625, 39654.984021694814, 54627.15109666387
1749.6269998550415, 39654.984021694814, 54627.15109666387
1749.6559998989105, 39654.984021694814, 54622.217189091025
1749.6719999313354, 39654.984021694814, 54622.217189091025
1749.6769998073578, 39654.984021694814, 54622.217189091025
1749.6929998397827, 39654.984021694814, 54622.217189091025
1757.3389999866486, 39654.984021694814, 54620.60755603374
1757.3519999980927, 39654.984021694814, 54620.60755603374
1757.3599998950958, 39654.984021694814, 54620.60755603374
1757.3739998340607, 39654.984021694814, 54614.44946327682
1763.6379997730255, 39654.984021694814, 54614.44946327682
1763.6549999713898, 39654.984021694814, 54614.44946327682
1763.673999786377, 39654.984021694814, 54614.44946327682
1763.6999998092651, 39654.984021694814, 54614.44946327682
1763.7139999866486, 39654.984021694814, 54614.44946327682
1763.733999967575, 39654.984021694814, 54614.44946327682
1763.7489998340607, 39654.984021694814, 54614.44946327682
1763.7619998455048, 39654.984021694814, 54614.44946327682
1770.789999961853, 39654.984021694814, 54608.68329313589
1770.8049998283386, 39654.984021694814, 54608.68329313589
1770.8199999332428, 39654.984021694814, 54607.33085828989
1770.8359999656677, 39654.984021694814, 54607.33085828989
1777.7069997787476, 39654.984021694814, 54607.33085828989
1777.7269999980927, 39654.984021694814, 54605.89404785235
1777.736999988556, 39654.984021694814, 54605.89404785235
1777.760999917984, 39654.984021694814, 54605.89404785235
1777.7759997844696, 39654.984021694814, 54605.89404785235
1784.486999988556, 39654.984021694814, 54603.56594462166
1784.5009999275208, 39654.984021694814, 54603.56594462166
1784.5149998664856, 39654.984021694814, 54603.56594462166
1784.526999950409, 39654.984021694814, 54603.56594462166
1784.539999961853, 39654.984021694814, 54603.56594462166
1784.555999994278, 39654.984021694814, 54602.50960529975
1784.566999912262, 39654.984021694814, 54602.50960529975
1784.582999944687, 39654.984021694814, 54602.50960529975
1784.582999944687, 39654.984021694814, 54602.50960529975
1784.5979998111725, 39654.984021694814, 54602.50960529975
1784.630999803543, 39654.984021694814, 54602.1708171433
1791.1189999580383, 39654.984021694814, 54602.1708171433
1791.135999917984, 39654.984021694814, 54602.1708171433
1791.1549999713898, 39654.984021694814, 54602.1708171433
1791.175999879837, 39654.984021694814, 54602.1708171433
1791.1909999847412, 39654.984021694814, 54602.1708171433
1791.204999923706, 39654.984021694814, 54602.1708171433
1797.8519999980927, 39654.984021694814, 54601.65131979849
1797.8719999790192, 39654.984021694814, 54601.65131979849
1797.883999824524, 39654.984021694814, 54601.65131979849
1797.8889999389648, 39654.984021694814, 54598.82117283456
1797.9169998168945, 39654.984021694814, 54598.82117283456
1797.9319999217987, 39654.984021694814, 54598.82117283456
1797.9379999637604, 39654.984021694814, 54598.82117283456
1797.9619998931885, 39654.984021694814, 54598.82117283456
1797.9779999256134, 39654.984021694814, 54598.82117283456
1797.9889998435974, 39654.984021694814, 54598.82117283456
1798.0039999485016, 39654.984021694814, 54598.82117283456
1800.0289998054504, 39654.984021694814, 54598.82117283456
1800.0639998912811, 39654.984021694814, 54598.82117283456
1800.0699999332428, 39654.984021694814, 54598.82117283456
1800.1419999599457, 39654.98402169481, 54598.82117283456
