0.4960000514984131, -1e+100, 274283.41853125993
0.6690001487731934, -1e+100, 50042.90544546042
0.7250001430511475, -1e+100, 50042.90544546042
0.7560000419616699, -1e+100, 50042.90544546042
0.7860000133514404, -1e+100, 50042.90544546042
0.8040001392364502, -1e+100, 50042.90544546042
0.8289999961853027, -1e+100, 50042.90544546042
0.9679999351501465, -1e+100, 39225.420154110296
1.0460000038146973, -1e+100, 39225.420154110296
1.062000036239624, -1e+100, 39225.420154110296
1.0759999752044678, -1e+100, 39225.420154110296
1.0900001525878906, -1e+100, 39225.420154110296
1.2269999980926514, -1e+100, 33850.51455262567
1.2620000839233398, -1e+100, 33850.51455262567
1.2750000953674316, -1e+100, 33850.51455262567
1.2850000858306885, -1e+100, 33850.51455262567
1.2950000762939453, -1e+100, 33850.51455262567
1.502000093460083, -1e+100, 31257.907724309825
1.5120000839233398, -1e+100, 31257.907724309825
1.5220000743865967, -1e+100, 31257.907724309825
1.5299999713897705, -1e+100, 31257.907724309825
1.5410001277923584, -1e+100, 31257.907724309825
1.7720000743865967, -1e+100, 30228.40690561563
1.7850000858306885, -1e+100, 30228.40690561563
1.7950000762939453, -1e+100, 30228.40690561563
1.8050000667572021, -1e+100, 30228.40690561563
1.814000129699707, -1e+100, 30228.40690561563
1.818000078201294, 533.0093298918348, 30228.40690561563
1.8229999542236328, 615.5002674752379, 30228.40690561563
1.8310000896453857, 615.5002674752379, 30228.40690561563
1.86899995803833, 615.5002674752379, 30228.40690561563
1.9830000400543213, 615.5002674752379, 30228.40690561563
2.065000057220459, 615.5002674752379, 30228.40690561563
2.1570000648498535, 615.5002674752379, 30228.40690561563
2.3359999656677246, 615.5002674752379, 30228.40690561563
2.5820000171661377, 615.5002674752379, 29568.07531053617
2.5920000076293945, 615.5002674752379, 29568.07531053617
2.6040000915527344, 615.5002674752379, 29568.07531053617
2.617000102996826, 615.5002674752379, 29568.07531053617
2.63100004196167, 615.5002674752379, 29568.07531053617
2.6690001487731934, 615.5002674752379, 29568.07531053617
2.7680001258850098, 615.5002674752379, 29568.07531053617
2.8610000610351562, 615.5002674752379, 29568.07531053617
2.9210000038146973, 615.5002674752379, 29568.07531053617
2.9809999465942383, 615.5002674752379, 29568.07531053617
3.327000141143799, 615.5002674752379, 28912.632232008636
3.3359999656677246, 615.5002674752379, 28912.632232008636
3.3480000495910645, 615.5002674752379, 28912.632232008636
3.5380001068115234, 615.5002674752379, 28507.44748995904
3.5480000972747803, 615.5002674752379, 28507.44748995904
3.557000160217285, 615.5002674752379, 28507.44748995904
3.7760000228881836, 615.5002674752379, 28140.19468076648
3.7860000133514404, 615.5002674752379, 28140.19468076648
3.7990000247955322, 615.5002674752379, 28140.19468076648
3.814000129699707, 615.5002674752379, 28140.19468076648
3.989000082015991, 615.5002674752379, 27916.862740341676
4.002000093460083, 615.5002674752379, 27916.862740341676
4.013000011444092, 615.5002674752379, 27916.862740341676
4.184000015258789, 615.5002674752379, 27733.270079770133
4.200000047683716, 615.5002674752379, 27733.270079770133
4.21399998664856, 615.5002674752379, 27733.270079770133
4.273000001907349, 615.5002674752379, 27733.270079770133
4.2829999923706055, 3237.1173255486183, 27733.270079770133
4.427999973297119, 3237.1173255486183, 27538.358970760186
4.439000129699707, 3237.1173255486183, 27538.358970760186
4.646000146865845, 3237.1173255486183, 27286.052694803275
4.835999965667725, 3237.1173255486183, 27140.967328188606
4.8470001220703125, 3237.1173255486183, 27140.967328188606
4.860000133514404, 3237.1173255486183, 27140.967328188606
4.873000144958496, 3237.1173255486183, 27140.967328188606
5.084000110626221, 3237.1173255486183, 27000.641327906207
5.108000040054321, 3237.1173255486183, 27000.641327906207
5.312999963760376, 3237.1173255486183, 26761.80190394026
5.322999954223633, 3237.1173255486183, 26761.80190394026
5.334000110626221, 3237.1173255486183, 26761.80190394026
5.575999975204468, 3237.1173255486183, 26629.983055298413
5.615000009536743, 3237.1173255486183, 26629.983055298413
5.64300012588501, 3237.1173255486183, 26629.983055298413
5.664999961853027, 3237.1173255486183, 26629.983055298413
5.686000108718872, 3237.1173255486183, 26629.983055298413
5.709000110626221, 3237.1173255486183, 26629.983055298413
6.049000024795532, 3237.1173255486183, 26510.141478230526
6.6540000438690186, 3237.1173255486183, 26458.09154941451
8.51200008392334, 3237.1173255486183, 26385.48779249709
14.403000116348267, 3237.1173255486183, 25920.658080258178
19.914000034332275, 3237.1173255486183, 25916.185902056088
19.92199993133545, 3237.1173255486183, 25916.185902056088
19.960000038146973, 3237.1173255486183, 25916.185902056088
19.967000007629395, 3237.1173255486183, 25916.185902056088
20.14900016784668, 3237.1173255486183, 25916.185902056088
20.263000011444092, 3237.1173255486183, 25916.185902056088
20.330000162124634, 3237.1173255486183, 25916.185902056088
20.40000009536743, 3237.1173255486183, 25916.185902056088
20.89400005340576, 3237.1173255486183, 25916.185902056088
20.969000101089478, 3237.1173255486183, 25916.185902056088
21.134000062942505, 3237.1173255486183, 25916.185902056088
21.219000101089478, 3237.1173255486183, 25916.185902056088
21.29200005531311, 3237.1173255486183, 25916.185902056088
22.022000074386597, 3237.1173255486183, 25916.185902056088
22.032000064849854, 3237.1173255486183, 25916.185902056088
22.04200005531311, 3237.1173255486183, 25916.185902056088
22.580000162124634, 3237.1173255486183, 25916.185902056088
23.038000106811523, 3237.1173255486183, 25916.185902056088
23.049000024795532, 3237.1173255486183, 25916.185902056088
23.483999967575073, 3237.1173255486183, 25916.185902056088
24.138000011444092, 3237.1173255486183, 25916.185902056088
24.667999982833862, 3237.1173255486183, 25835.30525998966
24.682000160217285, 3237.1173255486183, 25835.30525998966
24.694000005722046, 3237.1173255486183, 25835.30525998966
24.706000089645386, 3237.1173255486183, 25835.30525998966
25.25600004196167, 3237.1173255486183, 25808.3481645979
25.83400011062622, 3237.1173255486183, 25746.5161173105
25.848999977111816, 3237.1173255486183, 25746.5161173105
25.86300015449524, 3237.1173255486183, 25746.5161173105
25.875, 3237.1173255486183, 25746.5161173105
25.967000007629395, 3237.1173255486183, 25746.5161173105
26.05900001525879, 3237.1173255486183, 25746.5161173105
26.210000038146973, 3237.1173255486183, 25746.5161173105
26.417999982833862, 3237.1173255486183, 25746.5161173105
26.542999982833862, 3237.1173255486183, 25746.5161173105
26.705000162124634, 3237.1173255486183, 25746.5161173105
26.930999994277954, 3237.1173255486183, 25746.5161173105
27.026000022888184, 3237.1173255486183, 25746.5161173105
27.677000045776367, 3237.1173255486183, 25720.355372821035
29.432000160217285, 3237.1173255486183, 25552.519912941454
29.467999935150146, 3237.1173255486183, 25552.519912941454
29.486999988555908, 3237.1173260829614, 25552.519912941454
30.124000072479248, 3237.1173260829614, 25510.98470006465
30.146000146865845, 3237.1173260829614, 25510.98470006465
30.193000078201294, 3237.1173260829614, 25510.98470006465
30.2020001411438, 3237.1173260829614, 25510.98470006465
30.210999965667725, 3237.1173260829614, 25510.98470006465
30.22000002861023, 3237.1173260829614, 25510.98470006465
30.228000164031982, 3237.1173260829614, 25510.98470006465
31.3510000705719, 3237.1173260829614, 25469.61834767673
34.07299995422363, 3237.1173260829614, 25360.072439685686
34.09400010108948, 3237.1173260829614, 25360.072439685686
34.23099994659424, 3237.1173260829614, 25360.072439685686
34.384000062942505, 3237.1173260829614, 25360.072439685686
34.41199994087219, 3237.1173260829614, 25360.072439685686
34.4449999332428, 3237.1173260829614, 25360.072439685686
34.58899998664856, 3237.1173260829614, 25360.072439685686
34.76600003242493, 3237.1173260829614, 25360.072439685686
34.973999977111816, 3237.1173260829614, 25360.072439685686
35.15000009536743, 3237.1173260829614, 25360.072439685686
35.18600010871887, 3237.1173260829614, 25360.072439685686
35.394999980926514, 3237.1173260829614, 25290.042665960802
36.35899996757507, 3237.1173260829614, 25290.042665960802
38.29900002479553, 3237.1173260829614, 25269.46457804543
38.30400013923645, 3237.1173260829614, 25269.46457804543
38.30800008773804, 3237.1173260829614, 25269.46457804543
39.07200002670288, 3237.1173260829614, 25269.46457804543
39.0770001411438, 3237.1173260829614, 25269.46457804543
39.08200001716614, 3237.1173260829614, 25269.46457804543
39.32200002670288, 3237.1173260829614, 25269.46457804543
39.3270001411438, 3237.1173260829614, 25269.46457804543
39.331000089645386, 3237.1173260829614, 25269.46457804543
39.33500003814697, 3237.1173260829614, 25269.46457804543
39.34100008010864, 3237.1173260829614, 25269.46457804543
39.76600003242493, 3237.1173260829614, 25269.46457804543
40.21500015258789, 3237.1173260829614, 25269.46457804543
41.21399998664856, 3237.1173260829614, 25269.46457804543
45.81599998474121, 3237.1173260829614, 18648.18709504038
46.206000089645386, 3237.1173260829614, 18648.18709504038
47.3289999961853, 3237.1173260829614, 17860.745331241014
48.53999996185303, 3237.1173260829614, 17666.04235147875
48.545000076293945, 3237.1173260829614, 17666.04235147875
48.54900002479553, 3237.1173260829614, 17666.04235147875
48.55299997329712, 3237.1173260829614, 17666.04235147875
48.557000160217285, 3237.1173260829614, 17666.04235147875
48.56100010871887, 3237.1173260829614, 17666.04235147875
48.56599998474121, 3237.1173260829614, 17666.04235147875
49.581000089645386, 3237.1173260829614, 17581.98332666392
49.585999965667725, 3237.1173260829614, 17581.98332666392
52.34700012207031, 3237.1173260829614, 17581.98332666392
52.90400004386902, 3237.1173260829614, 17581.98332666392
52.90900015830994, 3237.1173260829614, 17581.98332666392
52.91300010681152, 3237.1173260829614, 17581.98332666392
52.91900014877319, 3237.1173260829614, 17581.98332666392
52.92300009727478, 3237.1173260829614, 17581.98332666392
54.776999950408936, 3237.1173260829614, 17341.72097642074
55.65000009536743, 3237.1173260829614, 17101.927575097903
56.29900002479553, 3237.1173260829614, 17053.368641948236
57.02999997138977, 3237.1173260829614, 17053.368641948236
57.812000036239624, 3237.1173260829614, 17053.368641948236
57.8199999332428, 3237.1173260829614, 17053.368641948236
57.8289999961853, 3237.1173260829614, 17053.368641948236
60.360000133514404, 3237.1173260829614, 16766.452002162812
61.19099998474121, 3237.1173260829614, 16766.452002162812
62.045000076293945, 3237.1173260829614, 16716.00085124467
62.049999952316284, 3237.1173260829614, 16716.00085124467
62.05400013923645, 3237.1173260829614, 16716.00085124467
62.05999994277954, 3237.1173260829614, 16716.00085124467
64.87899994850159, 3237.1173260829614, 16684.340131333134
68.02699995040894, 3237.1173260829614, 16413.55616331074
69.0310001373291, 3237.1173260829614, 16190.696290530537
70.2020001411438, 3237.1173260829614, 16042.865737156484
72.63700008392334, 3237.1173260829614, 15734.956682563865
75.18099999427795, 3237.1173260829614, 15734.956682563865
75.18600010871887, 3237.1173260829614, 15727.496957164163
75.19200015068054, 3237.1173260829614, 15727.496957164163
75.19799995422363, 3237.1173260829614, 15727.496957164163
75.20700001716614, 3237.1173260829614, 15727.496957164163
77.87700009346008, 3237.1173260829614, 15646.476856180629
77.88300013542175, 3237.1173260829614, 15646.476856180629
77.89300012588501, 3237.1173260829614, 15646.476856180629
77.91199994087219, 3237.1173260829614, 15646.476856180629
77.92000007629395, 3237.1173260829614, 15646.476856180629
77.93300008773804, 3237.1173260829614, 15646.476856180629
80.97399997711182, 3237.1173260829614, 15474.43904628565
82.5220000743866, 3237.1173260829614, 15474.43904628565
82.53200006484985, 3237.1173260829614, 15436.381270191763
82.53900003433228, 3237.1173260829614, 15436.381270191763
82.54800009727478, 3237.1173260829614, 15436.381270191763
84.1949999332428, 3237.1173260829614, 15436.381270191763
84.20700001716614, 3237.1173260829614, 15396.150330404425
85.85000014305115, 3237.1173260829614, 15341.205781925957
85.85400009155273, 3237.1173260829614, 15341.205781925957
87.72300004959106, 3237.1173260829614, 15341.205781925957
87.76699995994568, 3237.1173260829614, 15278.561116580575
87.77800011634827, 3237.1173260829614, 15278.561116580575
89.59700012207031, 3237.1173260829614, 15255.39027563603
91.63800001144409, 3237.1173260829614, 15179.13066126707
91.65100002288818, 3237.1173260829614, 15179.13066126707
93.7350001335144, 3237.1173260829614, 15138.285692385607
95.71200013160706, 3237.1173260829614, 15085.068079842871
98.125, 3237.1173260829614, 15070.289161368908
98.14900016784668, 3237.1173260829614, 15070.289161368908
103.58599996566772, 3237.1173260829614, 15024.212959974968
103.60500001907349, 3237.1173260829614, 15024.212959974968
103.6100001335144, 3237.1173260829614, 15024.212959974968
103.61400008201599, 3237.1173260829614, 15024.212959974968
106.19200015068054, 3237.1173260829614, 14993.943066747712
106.19900012016296, 3237.1173260829614, 14993.943066747712
106.21799993515015, 3237.1173260829614, 14993.943066747712
108.88199996948242, 3237.1173260829614, 14993.943066747712
108.91000008583069, 3237.1173260829614, 14946.141575547685
111.70500016212463, 3237.1173260829614, 14941.647993307015
111.76600003242493, 3237.1173260829614, 14910.588295324624
114.41700005531311, 3237.1173260829614, 14878.906244157406
117.49300003051758, 3237.1173260829614, 14831.675342857709
120.93099999427795, 3237.1173260829614, 14831.675342857709
120.9449999332428, 3237.1173260829614, 14831.675342857709
124.14300012588501, 3237.1173260829614, 14831.675342857709
127.44200015068054, 3237.1173260829614, 14638.166221998155
130.73399996757507, 3237.1173260829614, 14620.21048667845
134.28900003433228, 3237.1173260829614, 14581.029550660656
134.30599999427795, 3237.1173260829614, 14581.029550660656
140.87400007247925, 3237.1173260829614, 14470.18670996335
144.13300013542175, 3237.1173260829614, 14410.8517972615
147.57500004768372, 3237.1173260829614, 14370.899956392897
147.5970001220703, 3237.1173260829614, 14366.425640238474
150.8420000076294, 3237.1173260829614, 14338.692807580297
154.19400000572205, 3237.1173260829614, 14248.917983406665
154.21399998664856, 3237.1173260829614, 14233.169970726347
157.65300011634827, 3237.1173260829614, 14226.979791462849
160.94000005722046, 3237.1173260829614, 14183.208673579122
164.42600011825562, 3237.1173260829614, 14161.860876353312
164.45000004768372, 3237.1173260829614, 14161.860876353312
167.7409999370575, 3237.1173260829614, 14081.455403072876
186.96099996566772, 3237.1173260829614, 13857.860065435718
190.15700006484985, 3237.1173260829614, 13821.112556980723
190.1690001487732, 3237.1173260829614, 13821.112556980723
190.17700004577637, 3237.1173260829614, 13821.112556980723
190.18799996376038, 3237.1173260829614, 13805.69634753237
190.22500014305115, 3237.1173260829614, 13791.324614240586
200.26900005340576, 3237.1173260829614, 13708.217221019288
200.27900004386902, 3237.1173260829614, 13704.525298493969
200.28600001335144, 3237.1173260829614, 13704.525298493969
200.2960000038147, 3237.1173260829614, 13704.525298493969
200.31200003623962, 3237.1173260829614, 13702.90168212935
206.97099995613098, 3237.1173260829614, 13686.382081735654
216.57200002670288, 3237.1173260829614, 13583.271459803962
243.94600009918213, 3237.1173260829614, 13323.818117078084
249.30400013923645, 3237.1173260829614, 13319.994306123725
249.3380000591278, 3237.1173260829614, 13315.144295275984
252.8420000076294, 3237.1173260829614, 13282.855074857309
256.6080000400543, 3237.1173260829614, 13218.746372071175
267.55599999427795, 3237.1173260829614, 13162.703346479886
280.6159999370575, 3237.1173260829614, 13026.488067892207
280.62199997901917, 3237.1173260829614, 13026.488067892207
280.6289999485016, 3237.1173260829614, 13026.488067892207
280.64400005340576, 3237.1173260829614, 13026.488067892207
280.6560001373291, 3237.1173260829614, 13026.488067892207
280.6800000667572, 3237.1173260829614, 13019.131516276222
285.07100009918213, 3237.1173260829614, 13019.131516276222
285.0970001220703, 3237.1173260829614, 12993.811206699154
293.73099994659424, 3237.1173260829614, 12894.908395700877
293.74000000953674, 3237.1173260829614, 12894.908395700877
293.7480001449585, 3237.1173260829614, 12894.908395700877
293.7569999694824, 3237.1173260829614, 12894.908395700877
293.77999997138977, 3237.1173260829614, 12892.890128408808
301.3289999961853, 3237.1173260829614, 12853.516859712667
305.1300001144409, 3237.1173260829614, 12811.77511433338
305.19600009918213, 3237.1173260829614, 12809.267380997673
308.9520001411438, 3237.1173260829614, 12774.451991174083
321.7569999694824, 3237.1173260829614, 12663.809748236272
321.7660000324249, 3237.1173260829614, 12663.809748236272
321.7760000228882, 3237.1173260829614, 12663.19896421636
321.80400013923645, 3237.1173260829614, 12661.48697589514
321.8180000782013, 3237.1173260829614, 12661.48697589514
321.835000038147, 3237.1173260829614, 12661.48697589514
321.8470001220703, 3237.1173260829614, 12661.48697589514
321.8589999675751, 3237.1173260829614, 12657.189497368008
329.4930000305176, 3237.1173260829614, 12633.091557415868
329.5240001678467, 3237.1173260829614, 12616.972000591952
333.4500000476837, 3237.1173260829614, 12616.972000591952
337.460000038147, 3237.1173260829614, 12583.808919674939
337.4830000400543, 3237.1173260829614, 12581.350937823241
341.0989999771118, 3237.1173260829614, 12578.99751781515
341.1100001335144, 3237.1173260829614, 12578.99751781515
341.1180000305176, 3237.1173260829614, 12578.99751781515
341.13899993896484, 3237.1173260829614, 12569.72485420619
341.14800000190735, 3237.1173260829614, 12569.72485420619
341.164999961853, 3237.1173260829614, 12569.72485420619
345.0620000362396, 3237.1173260829614, 12518.846571270074
345.0680000782013, 3237.1173260829614, 12518.846571270074
345.0750000476837, 3237.1173260829614, 12518.846571270074
345.0810000896454, 3237.1173260829614, 12514.820863288218
345.0900001525879, 3237.1173260829614, 12514.820863288218
345.10199999809265, 3237.1173260829614, 12514.820863288218
345.114000082016, 3237.1173260829614, 12514.820863288218
352.9590001106262, 3237.1173260829614, 12469.691011933095
352.96600008010864, 3237.1173260829614, 12469.691011933095
352.978000164032, 3237.1173260829614, 12469.691011933095
352.9850001335144, 3237.1173260829614, 12469.691011933095
353.00100016593933, 3237.1173260829614, 12469.691011933095
353.01399993896484, 3237.1173260829614, 12469.691011933095
356.94000005722046, 3237.1173260829614, 12439.259773007017
356.9630000591278, 3237.1173260829614, 12439.259773007017
360.70500016212463, 3237.1173260829614, 12437.119228598112
360.71200013160706, 3237.1173260829614, 12437.119228598112
360.7190001010895, 3237.1173260829614, 12437.119228598112
360.74000000953674, 3237.1173260829614, 12429.612126797145
360.7610001564026, 3237.1173260829614, 12421.722045076998
360.7720000743866, 3237.1173260829614, 12421.722045076998
368.5610001087189, 3237.1173260829614, 12385.318134390382
368.5750000476837, 3237.1173260829614, 12368.456589539031
368.58899998664856, 3237.1173260829614, 12368.456589539031
368.6080000400543, 3237.1173260829614, 12368.456589539031
368.62800002098083, 3237.1173260829614, 12365.020825117028
368.6400001049042, 3237.1173260829614, 12354.441060302659
372.5420000553131, 3237.1173260829614, 12339.886437060379
372.57400012016296, 3237.1173260829614, 12325.657912354183
376.2569999694824, 3237.1173260829614, 12299.854567998933
379.9379999637604, 3237.1173260829614, 12299.854567998933
387.97300004959106, 3237.1173260829614, 12221.752288526082
395.9590001106262, 3237.1173260829614, 12190.82012455589
400.3329999446869, 3237.1173260829614, 12181.472101191515
404.5310001373291, 3237.1173260829614, 12172.57053109512
404.54500007629395, 3237.1173260829614, 12172.57053109512
404.5829999446869, 3237.1173260829614, 12172.57053109512
408.46200013160706, 3237.1173260829614, 12172.57053109512
408.50600004196167, 3237.1173260829614, 12172.57053109512
417.029000043869, 3237.1173260829614, 12125.165033631478
417.0460000038147, 3237.1173260829614, 12125.165033631478
432.978000164032, 3237.1173260829614, 12013.620990517564
433.0199999809265, 3237.1173260829614, 11984.74600631865
441.27500009536743, 3237.1173260829614, 11930.636458108198
441.2829999923706, 3237.1173260829614, 11930.636458108198
460.51900005340576, 3237.1173260829614, 11783.339334616809
464.51200008392334, 3237.1173260829614, 11782.378664635313
464.52500009536743, 3237.1173260829614, 11781.354395341225
464.5420000553131, 3237.1173260829614, 11781.354395341225
464.57100009918213, 3237.1173260829614, 11776.736359763396
468.595999956131, 3237.1173260829614, 11775.921747372995
481.2460000514984, 3237.1173260829614, 11628.24038704006
490.63899993896484, 3237.1173260829614, 11596.320947474982
490.664999961853, 3237.1173260829614, 11590.508775498243
503.73200011253357, 3237.1173260829614, 11561.659415278893
503.75999999046326, 3237.1173260829614, 11545.934915737138
503.78400015830994, 3237.1173260829614, 11545.934915737138
503.7940001487732, 3237.1173260829614, 11545.934915737138
507.7880001068115, 3237.1173260829614, 11545.934915737138
521.4520001411438, 3237.1173260829614, 11424.673665261245
521.4639999866486, 3237.1173260829614, 11424.673665261245
521.4720001220703, 3237.1173260829614, 11418.90562233262
521.4839999675751, 3237.1173260829614, 11415.832430902208
521.4930000305176, 3237.1173260829614, 11415.832430902208
521.5, 3237.1173260829614, 11412.914020425758
521.5080001354218, 3237.1173260829614, 11408.897941019304
540.1470000743866, 3237.1173260829614, 11303.566409851206
540.1530001163483, 3237.1173260829614, 11303.566409851206
540.1719999313354, 3237.1173260829614, 11303.566409851206
544.3400001525879, 3237.1173260829614, 11292.349449724807
548.4500000476837, 3237.1173260829614, 11258.823309057732
548.4609999656677, 3237.1173260829614, 11258.823309057732
556.7400000095367, 3237.1173260829614, 11209.395162342362
556.7490000724792, 3237.1173260829614, 11208.059882489804
556.7590000629425, 3237.1173260829614, 11205.515271499422
556.7669999599457, 3237.1173260829614, 11205.515271499422
556.7850000858307, 3237.1173260829614, 11205.515271499422
556.7980000972748, 3237.1173260829614, 11205.515271499422
556.8110001087189, 3237.1173260829614, 11205.515271499422
556.8229999542236, 3237.1173260829614, 11205.515271499422
560.7669999599457, 3237.1173260829614, 11196.836406968514
568.7980000972748, 3237.1173260829614, 11145.537184866671
577.3810000419617, 3237.1173260829614, 11086.585908329342
581.4030001163483, 3237.1173260829614, 11071.553205223177
602.0240001678467, 3237.1173260829614, 10985.117318290246
602.0329999923706, 3237.1173260829614, 10985.117318290246
602.0369999408722, 3237.1173260829614, 10985.117318290246
602.0420000553131, 3237.1173260829614, 10985.117318290246
602.0460000038147, 3237.1173260829614, 10985.117318290246
602.0729999542236, 3237.1173260829614, 10979.518339536102
610.154000043869, 3237.1173260829614, 10916.62684802347
618.2730000019073, 3237.1173260829614, 10893.90301361298
618.2810001373291, 3237.1173260829614, 10893.90301361298
618.2869999408722, 3237.1173260829614, 10893.90301361298
618.2940001487732, 3237.1173260829614, 10893.90301361298
618.305999994278, 3237.1173260829614, 10890.772865775756
618.319000005722, 3237.1173260829614, 10890.772865775756
618.3359999656677, 3237.1173260829614, 10890.772865775756
618.3420000076294, 3237.1173260829614, 10890.772865775756
618.3519999980927, 3237.1173260829614, 10886.911291562326
632.430999994278, 3237.1173260829614, 10823.244727851203
642.0859999656677, 3237.1173260829614, 10784.698701846359
646.6089999675751, 3237.1173260829614, 10721.488500060088
646.6389999389648, 3237.1173260829614, 10718.967481244701
654.9049999713898, 3237.1173260829614, 10711.879666594876
654.9270000457764, 3237.1173260829614, 10696.615488561096
660.1130001544952, 3237.1173260829614, 10689.41805212417
660.1210000514984, 3237.1173260829614, 10689.41805212417
660.1280000209808, 3237.1173260829614, 10689.41805212417
660.1449999809265, 3237.1173260829614, 10683.439239692238
660.1610000133514, 3237.1173260829614, 10677.436743485743
660.1740000247955, 3237.1173260829614, 10677.436743485743
660.1860001087189, 3237.1173260829614, 10672.674443697782
660.1930000782013, 3237.1173260829614, 10672.674443697782
660.2090001106262, 3237.1173260829614, 10658.419398509408
665.0840001106262, 3237.1173260829614, 10638.124280667736
665.1480000019073, 3237.1173260829614, 10631.806054329116
669.3380000591278, 3237.1173260829614, 10598.974271551328
673.0490000247955, 3237.1173260829614, 10590.192276452664
681.8819999694824, 3237.1173260829614, 10571.250514529253
681.8889999389648, 3237.1173260829614, 10558.311606886078
681.8949999809265, 3237.1173260829614, 10558.311606886078
681.9170000553131, 3237.1173260829614, 10546.063040676425
681.9400000572205, 3237.1173260829614, 10527.825781326263
707.3170001506805, 3237.1173260829614, 10423.929550599052
721.0629999637604, 3237.1173260829614, 10334.614054931058
724.978000164032, 3237.1173260829614, 10307.05130109354
724.9990000724792, 3237.1173260829614, 10305.264991803364
725.0139999389648, 3237.1173260829614, 10302.19786984697
732.949000120163, 3237.1173260829614, 10245.75719581001
742.2720000743866, 3237.1173260829614, 10220.366658055093
759.1909999847412, 3237.1173260829614, 10107.85917250264
763.4820001125336, 3237.1173260829614, 10097.6389804374
763.4909999370575, 3237.1173260829614, 10088.877072535586
763.539999961853, 3237.1173260829614, 10088.877072535586
776.8830001354218, 3237.1173260829614, 9991.017787856203
781.3229999542236, 3237.1173260829614, 9980.33102797425
781.335000038147, 3237.1173260829614, 9979.457833126145
781.3900001049042, 3237.1173260829614, 9979.457833126145
790.2910001277924, 3237.1173260829614, 9925.919455943453
790.2960000038147, 3237.1173260829614, 9925.919455943453
790.3029999732971, 3237.1173260829614, 9925.919455943453
790.3210000991821, 3237.1173260829614, 9923.588221218346
804.9830000400543, 3237.1173260829614, 9830.426642678834
805.0, 3237.1173260829614, 9829.331804805877
805.0060000419617, 3237.1173260829614, 9829.331804805877
805.0110001564026, 3237.1173260829614, 9829.331804805877
826.460000038147, 3237.1173260829614, 9729.094283081293
826.478000164032, 3237.1173260829614, 9729.094283081293
826.489000082016, 3237.1173260829614, 9729.094283081293
831.8889999389648, 3237.1173260829614, 9729.094283081293
842.5950000286102, 3237.1173260829614, 9647.191265087069
842.6210000514984, 3237.1173260829614, 9627.76420819591
847.7369999885559, 3237.1173260829614, 9569.665431182735
852.1480000019073, 3237.1173260829614, 9562.92534981567
852.1740000247955, 3237.1173260829614, 9562.92534981567
856.4190001487732, 3237.1173260829614, 9545.92972664139
860.3420000076294, 3237.1173260829614, 9532.198994249253
864.8719999790192, 3237.1173260829614, 9447.70098216985
864.8760001659393, 3237.1173260829614, 9447.70098216985
864.8800001144409, 3237.1173260829614, 9447.70098216985
869.305999994278, 3237.1173260829614, 9443.063593412826
869.3170001506805, 3237.1173260829614, 9443.063593412826
869.3570001125336, 3237.1173260829614, 9434.88506223303
873.4880001544952, 3237.1173260829614, 9412.82485963461
873.4969999790192, 3237.1173260829614, 9412.82485963461
878.4290001392365, 3237.1173260829614, 9382.723293144321
887.0160000324249, 3237.1173260829614, 9313.000062445939
887.0240001678467, 3237.1173260829614, 9313.000062445939
887.0340001583099, 3237.1173260829614, 9305.575237093086
891.295000076294, 3237.1173260829614, 9304.819101463056
900.2179999351501, 3237.1173260829614, 9187.289450882163
904.4920001029968, 3237.1173260829614, 9178.756522198202
908.7940001487732, 3237.1173260829614, 9169.269004606875
908.8050000667572, 3237.1173260829614, 9169.269004606875
912.8919999599457, 3237.1173260829614, 9137.659645988968
912.9090001583099, 3237.1173260829614, 9125.762914569726
912.9470000267029, 3237.1173260829614, 9125.762914569726
917.3259999752045, 3237.1173260829614, 9101.950626581762
917.3540000915527, 3237.1173260829614, 9096.784843023905
917.3860001564026, 3237.1173260829614, 9050.592590177166
921.3340001106262, 3237.1173260829614, 9050.592590177166
921.3420000076294, 3237.1173260829614, 9049.34853893218
921.3600001335144, 3237.1173260829614, 9049.34570471981
921.3719999790192, 3237.1173260829614, 9049.34570471981
921.3880000114441, 3237.1173260829614, 9049.34570471981
921.4079999923706, 3237.1173260829614, 9047.128239437683
925.7339999675751, 3237.1173260829614, 9042.948660128857
925.7469999790192, 3237.1173260829614, 9042.948660128857
925.7639999389648, 3237.1173260829614, 9040.212751235209
929.9470000267029, 3237.1173260829614, 8996.911203422893
929.9530000686646, 3237.1173260829614, 8996.911203422893
929.9590001106262, 3237.1173260829614, 8996.911203422893
929.970999956131, 3237.1173260829614, 8995.001436319106
929.9809999465942, 3237.1173260829614, 8995.001436319106
929.9980001449585, 3237.1173260829614, 8991.279949265047
930.0150001049042, 3237.1173260829614, 8967.382732631913
934.2380001544952, 3237.1173260829614, 8965.067692152936
934.2460000514984, 3237.1173260829614, 8965.067692152936
934.2869999408722, 3237.1173260829614, 8964.584674942633
938.2469999790192, 3237.1173260829614, 8942.1110966717
947.7620000839233, 3237.1173260829614, 8923.681052257734
947.7750000953674, 3237.1173260829614, 8923.681052257734
947.8110001087189, 3237.1173260829614, 8895.993011127015
947.8280000686646, 3237.1173260829614, 8895.993011127015
951.835000038147, 3237.1173260829614, 8892.668095683925
951.8580000400543, 3237.1173260829614, 8892.668095683925
951.8780000209808, 3237.1173260829614, 8888.268394258768
951.8889999389648, 3237.1173260829614, 8888.268394258768
956.3099999427795, 3237.1173260829614, 8888.268394258768
956.3159999847412, 3237.1173260829614, 8888.268394258768
956.3280000686646, 3237.1173260829614, 8888.268394258768
956.3400001525879, 3237.1173260829614, 8888.268394258768
960.962000131607, 3237.1173260829614, 8850.223144321139
960.9860000610352, 3237.1173260829614, 8839.549122355167
961.0039999485016, 3237.1173260829614, 8836.573889238474
961.0190000534058, 3237.1173260829614, 8836.573889238474
965.1130001544952, 3237.1173260829614, 8836.573889238474
969.2910001277924, 3237.1173260829614, 8822.307270444737
969.3029999732971, 3237.1173260829614, 8813.424084263524
969.3180000782013, 3237.1173260829614, 8810.399567345868
969.3289999961853, 3237.1173260829614, 8805.474514061169
973.5710000991821, 3237.1173260829614, 8804.669030646077
973.5789999961853, 3237.1173260829614, 8803.22197333274
973.587000131607, 3237.1173260829614, 8803.22197333274
973.595999956131, 3237.1173260829614, 8803.22197333274
973.6059999465942, 3237.1173260829614, 8803.22197333274
973.6180000305176, 3237.1173260829614, 8803.22197333274
973.6230001449585, 3237.1173260829614, 8803.22197333274
973.6280000209808, 3237.1173260829614, 8803.22197333274
973.6330001354218, 3237.1173260829614, 8803.22197333274
973.6510000228882, 3237.1173260829614, 8803.22197333274
973.6630001068115, 3237.1173260829614, 8803.22197333274
978.9420001506805, 3237.1173260829614, 8803.22197333274
978.9479999542236, 3237.1173260829614, 8803.22197333274
978.9550001621246, 3237.1173260829614, 8803.22197333274
978.9660000801086, 3237.1173260829614, 8803.22197333274
978.9869999885559, 3237.1173260829614, 8789.709096308343
979.0020000934601, 3237.1173260829614, 8789.709096308343
979.0120000839233, 3237.1173260829614, 8789.709096308343
979.0269999504089, 3237.1173260829614, 8784.23447674678
983.2079999446869, 3237.1173260829614, 8745.406037324276
987.2330000400543, 3237.1173260829614, 8726.235270815483
987.2469999790192, 3237.1173260829614, 8726.235270815483
987.2650001049042, 3237.1173260829614, 8726.235270815483
987.2880001068115, 3237.1173260829614, 8725.078822470176
991.3450000286102, 3237.1173260829614, 8703.861895439468
991.3600001335144, 3237.1173260829614, 8703.861895439468
991.3730001449585, 3237.1173260829614, 8703.861895439468
991.3780000209808, 3237.1173260829614, 8702.702837069897
995.289999961853, 3237.1173260829614, 8692.804329771416
995.2969999313354, 3237.1173260829614, 8686.316436836885
995.3329999446869, 3237.1173260829614, 8660.024010244773
999.7000000476837, 3237.1173260829614, 8654.851321543085
999.7050001621246, 3237.1173260829614, 8654.851321543085
999.710000038147, 3237.1173260829614, 8654.851321543085
999.7239999771118, 3237.1173260829614, 8654.851321543085
999.739000082016, 3237.1173260829614, 8654.851321543085
999.7580001354218, 3237.1173260829614, 8654.851321543085
999.7769999504089, 3237.1173260829614, 8654.851321543085
1003.5380001068115, 3237.1173260829614, 8654.851321543085
1003.5469999313354, 3237.1173260829614, 8654.851321543085
1003.5920000076294, 3237.1173260829614, 8648.45436131145
1007.4650001525879, 3237.1173260829614, 8646.924231818632
1007.4760000705719, 3237.1173260829614, 8646.924231818632
1007.4930000305176, 3237.1173260829614, 8646.924231818632
1007.5199999809265, 3237.1173260829614, 8646.924231818632
1011.9460000991821, 3237.1173260829614, 8628.907882513387
1011.9530000686646, 3237.1173260829614, 8628.907882513387
1011.978000164032, 3237.1173260829614, 8615.339733501736
1012.0039999485016, 3237.1173260829614, 8615.339733501736
1012.0110001564026, 3237.1173260829614, 8615.339733501736
1012.0210001468658, 3237.1173260829614, 8615.339733501736
1016.2190001010895, 3237.1173260829614, 8612.869435385863
1016.2350001335144, 3237.1173260829614, 8609.035227182183
1024.4920001029968, 3237.1173260829614, 8545.085081674964
1024.5, 3237.1173260829614, 8543.436907159186
1024.5390000343323, 3237.1173260829614, 8542.642697517855
1024.5520000457764, 3237.1173260829614, 8542.642697517855
1028.9390001296997, 3237.1173260829614, 8534.887816963465
1033.489000082016, 3237.1173260829614, 8524.886744480378
1033.4969999790192, 3237.1173260829614, 8524.886744480378
1033.5099999904633, 3237.1173260829614, 8512.913241723045
1033.5280001163483, 3237.1173260829614, 8512.913241723045
1038.348000049591, 3237.1173260829614, 8491.305860237102
1038.3519999980927, 3237.1173260829614, 8491.305860237102
1038.3559999465942, 3237.1173260829614, 8491.305860237102
1038.3830001354218, 3237.1173260829614, 8480.15672970717
1042.795000076294, 3237.1173260829614, 8452.756784130113
1042.8050000667572, 3237.1173260829614, 8451.254932161288
1042.8220000267029, 3237.1173260829614, 8432.030672653045
1047.5090000629425, 3237.1173260829614, 8419.585515143925
1047.5410001277924, 3237.1173260829614, 8418.111361357578
1051.40900015831, 3237.1173260829614, 8418.111361357578
1051.4270000457764, 3237.1173260829614, 8418.111361357578
1056.2309999465942, 3237.1173260829614, 8370.677799408451
1056.236999988556, 3237.1173260829614, 8370.677799408451
1060.8949999809265, 3237.1173260829614, 8325.47358966025
1060.9270000457764, 3237.1173260829614, 8322.86434416601
1065.5090000629425, 3237.1173260829614, 8293.389110819353
1065.5150001049042, 3237.1173260829614, 8293.389110819353
1065.5210001468658, 3237.1173260829614, 8293.389110819353
1065.529000043869, 3237.1173260829614, 8293.389110819353
1065.53400015831, 3237.1173260829614, 8293.389110819353
1065.5510001182556, 3237.1173260829614, 8292.45229510429
1065.574000120163, 3237.1173260829614, 8292.45229510429
1070.5440001487732, 3237.1173260829614, 8283.710203056531
1075.4320001602173, 3237.1173260829614, 8283.710203056531
1079.8380000591278, 3237.1173260829614, 8271.201538466254
1079.8429999351501, 3237.1173260829614, 8271.201538466254
1079.8500001430511, 3237.1173260829614, 8271.201538466254
1079.8610000610352, 3237.1173260829614, 8271.201538466254
1084.268000125885, 3237.1173260829614, 8249.71554320307
1088.7990000247955, 3237.1173260829614, 8162.2267975564955
1093.4630000591278, 3237.1173260829614, 8116.927807119935
1093.4830000400543, 3237.1173260829614, 8116.927807119935
1093.4990000724792, 3237.1173260829614, 8112.678907493169
1098.4939999580383, 3237.1173260829614, 8112.678907493169
1098.5069999694824, 3237.1173260829614, 8094.627584499525
1102.9639999866486, 3237.1173260829614, 8048.778253147266
1102.970999956131, 3237.1173260829614, 8048.778253147266
1102.9790000915527, 3237.1173260829614, 8048.778253147266
1103.0350000858307, 3237.1173260829614, 8037.8166409682
1107.5670001506805, 3237.1173260829614, 7984.930678998224
1111.9290001392365, 3237.1173260829614, 7972.939510532823
1111.9370000362396, 3237.1173260829614, 7972.939510532823
1111.9449999332428, 3237.1173260829614, 7972.939510532823
1111.9750001430511, 3237.1173260829614, 7968.450926538095
1111.9820001125336, 3237.1173260829614, 7968.450926538095
1111.9939999580383, 3237.1173260829614, 7968.450926538095
1112.0169999599457, 3237.1173260829614, 7968.450926538095
1116.295000076294, 3237.1173260829614, 7956.080249189605
1116.3129999637604, 3237.1173260829614, 7956.080249189605
1116.364000082016, 3237.1173260829614, 7940.09771138899
1120.3099999427795, 3237.1173260829614, 7917.028955739718
1120.324000120163, 3237.1173260829614, 7917.028955739718
1120.358999967575, 3237.1173260829614, 7906.571534486549
1124.026999950409, 3237.1173260829614, 7824.154538143986
1124.0350000858307, 3237.1173260829614, 7824.154538143986
1124.0429999828339, 3237.1173260829614, 7824.154538143986
1124.0490000247955, 3237.1173260829614, 7824.154538143986
1124.058000087738, 3237.1173260829614, 7824.154538143986
1124.0659999847412, 3237.1173260829614, 7822.456487401173
1124.0720000267029, 3237.1173260829614, 7822.456487401173
1124.085000038147, 3237.1173260829614, 7820.962302727947
1124.0950000286102, 3237.1173260829614, 7816.712446611781
1124.1000001430511, 3237.1173260829614, 7816.712446611781
1128.4639999866486, 3237.1173260829614, 7796.855773266109
1128.4739999771118, 3237.1173260829614, 7794.574922823539
1128.4920001029968, 3237.1173260829614, 7793.902594338126
1133.199000120163, 3237.1173260829614, 7787.9182503825
1137.5800001621246, 3237.1173260829614, 7780.600916128506
1137.5950000286102, 3237.1173260829614, 7780.600916128506
1137.6040000915527, 3237.1173260829614, 7780.600916128506
1137.6080000400543, 3237.1173260829614, 7780.600916128506
1137.6419999599457, 3237.1173260829614, 7780.600916128506
1146.483999967575, 3237.1173260829614, 7650.628653427995
1146.518000125885, 3237.1173260829614, 7647.991977204277
1146.5250000953674, 3237.1173260829614, 7647.991977204277
1150.832999944687, 3237.1173260829614, 7605.011552636724
1150.845999956131, 3237.1173260829614, 7602.016325339242
1150.8580000400543, 3237.1173260829614, 7602.016325339242
1150.880000114441, 3237.1173260829614, 7602.016325339242
1150.8960001468658, 3237.1173260829614, 7602.016325339242
1155.4240000247955, 3237.1173260829614, 7579.742893522907
1155.4320001602173, 3237.1173260829614, 7575.618720378728
1155.4739999771118, 3237.1173260829614, 7573.825342494976
1155.5120000839233, 3237.1173260829614, 7569.463729908743
1159.6200001239777, 3237.1173260829614, 7569.463729908743
1159.6280000209808, 3237.1173260829614, 7569.463729908743
1159.6349999904633, 3237.1173260829614, 7569.463729908743
1159.6480000019073, 3237.1173260829614, 7559.585095781707
1168.156000137329, 3237.1173260829614, 7470.132959768024
1168.1640000343323, 3237.1173260829614, 7470.132959768024
1168.1730000972748, 3237.1173260829614, 7470.132959768024
1168.1800000667572, 3237.1173260829614, 7470.132959768024
1168.1979999542236, 3237.1173260829614, 7442.7494297309995
1173.016000032425, 3237.1173260829614, 7442.7494297309995
1177.263000011444, 3237.1173260829614, 7430.591012256034
1177.2929999828339, 3237.1173260829614, 7424.855869775967
1181.1909999847412, 3237.1173260829614, 7399.133295124847
1185.215000152588, 3237.1173260829614, 7344.558561543905
1185.263000011444, 3237.1173260829614, 7322.739414906277
1189.6909999847412, 3237.1173260829614, 7322.739414906277
1189.7239999771118, 3237.1173260829614, 7307.607040433218
1193.824000120163, 3237.1173260829614, 7279.076776210389
1193.845999956131, 3237.1173260829614, 7274.764216377527
1198.1260001659393, 3237.1173260829614, 7211.732471213696
1202.614000082016, 3237.1173260829614, 7118.636786495648
1207.0039999485016, 3237.1173260829614, 7085.7303622469335
1207.0390000343323, 3237.1173260829614, 7076.766200876185
1207.0620000362396, 3237.1173260829614, 7074.824900890227
1211.1570000648499, 3237.1173260829614, 7051.427987240405
1211.1860001087189, 3237.1173260829614, 7021.887169234181
1215.3889999389648, 3237.1173260829614, 7017.099912643168
1215.3970000743866, 3237.1173260829614, 7017.099912643168
1215.4409999847412, 3237.1173260829614, 6959.091923301938
1219.6180000305176, 3237.1173260829614, 6959.091923301938
1219.62700009346, 3237.1173260829614, 6959.091923301938
1219.6310000419617, 3237.1173260829614, 6959.091923301938
1219.6449999809265, 3237.1173260829614, 6959.091923301938
1219.6660001277924, 3237.1173260829614, 6959.091923301938
1219.680999994278, 3237.1173260829614, 6956.201644196715
1223.5599999427795, 3237.1173260829614, 6956.201644196715
1223.587000131607, 3237.1173260829614, 6956.201644196715
1223.6419999599457, 3237.1173260829614, 6955.338345373687
1231.7000000476837, 3237.1173260829614, 6789.3529178528315
1235.8300001621246, 3237.1173260829614, 6762.384774963796
1235.845999956131, 3237.1173260829614, 6754.739939071774
1240.1460001468658, 3237.1173260829614, 6731.35735605379
1240.1619999408722, 3237.1173260829614, 6731.35735605379
1244.5950000286102, 3237.1173260829614, 6699.452968372626
1244.601000070572, 3237.1173260829614, 6699.452968372626
1248.558000087738, 3237.1173260829614, 6662.5139292177355
1253.0680000782013, 3237.1173260829614, 6658.419996898321
1253.0780000686646, 3237.1173260829614, 6658.419996898321
1253.085000038147, 3237.1173260829614, 6658.419996898321
1257.7290000915527, 3237.1173260829614, 6639.580104292665
1257.7350001335144, 3237.1173260829614, 6639.580104292665
1257.7420001029968, 3237.1173260829614, 6639.580104292665
1261.4000000953674, 3237.1173260829614, 6607.201350770669
1261.4279999732971, 3237.1173260829614, 6595.757840187315
1264.9140000343323, 3237.1173260829614, 6585.873346167116
1264.9210000038147, 3237.1173260829614, 6569.12132215166
1264.9270000457764, 3237.1173260829614, 6569.12132215166
1264.933000087738, 3237.1173260829614, 6569.12132215166
1264.9430000782013, 3237.1173260829614, 6569.12132215166
1264.9530000686646, 3237.1173260829614, 6569.12132215166
1264.9660000801086, 3237.1173260829614, 6569.12132215166
1264.976000070572, 3237.1173260829614, 6553.093621676649
1268.9000000953674, 3237.1173260829614, 6553.093621676649
1268.90900015831, 3237.1173260829614, 6553.093621676649
1268.9279999732971, 3237.1173260829614, 6540.527105751304
1268.9509999752045, 3237.1173260829614, 6527.902888632466
1272.8559999465942, 3237.1173260829614, 6494.520314871084
1272.893000125885, 3237.1173260829614, 6485.465360349234
1277.5950000286102, 3237.1173260829614, 6485.465360349234
1277.6019999980927, 3237.1173260829614, 6485.465360349234
1281.9630000591278, 3237.1173260829614, 6441.557123480384
1281.973000049591, 3237.1173260829614, 6433.6879920757965
1281.9790000915527, 3237.1173260829614, 6433.6879920757965
1282.0110001564026, 3237.1173260829614, 6429.963944507206
1282.0280001163483, 3237.1173260829614, 6426.572107421751
1286.1449999809265, 3237.1173260829614, 6426.572107421751
1286.170000076294, 3237.1173260829614, 6422.363680755435
1286.2000000476837, 3237.1173260829614, 6418.088964954593
1290.2480001449585, 3237.1173260829614, 6411.294929470029
1290.279000043869, 3237.1173260829614, 6411.294929470029
1290.2890000343323, 3237.1173260829614, 6411.294929470029
1290.3040001392365, 3237.1173260829614, 6411.294929470029
1290.3090000152588, 3237.1173260829614, 6411.294929470029
1294.7090001106262, 3237.1173260829614, 6408.457479802483
1294.7220001220703, 3237.1173260829614, 6408.457479802483
1298.8310000896454, 3237.1173260829614, 6388.553847430225
1298.8440001010895, 3237.1173260829614, 6385.427786957047
1298.8819999694824, 3237.1173260829614, 6385.427786957047
1303.3960001468658, 3237.1173260829614, 6374.060995360937
1303.4249999523163, 3237.1173260829614, 6369.451819794926
1307.3140001296997, 3237.1173260829614, 6355.131571525829
1307.3429999351501, 3237.1173260829614, 6354.300698414572
1311.75, 3237.1173260829614, 6348.847557601217
1311.7580001354218, 3237.1173260829614, 6348.847557601217
1311.7690000534058, 3237.1173260829614, 6348.847557601217
1311.781000137329, 3237.1173260829614, 6346.0471627788165
1311.789999961853, 3237.1173260829614, 6346.0471627788165
1315.9160001277924, 3237.1173260829614, 6332.7861812058245
1315.9270000457764, 3237.1173260829614, 6332.7861812058245
1315.9340000152588, 3237.1173260829614, 6332.7861812058245
1315.9570000171661, 3237.1173260829614, 6332.7861812058245
1315.9800000190735, 3237.1173260829614, 6332.7861812058245
1315.9880001544952, 3237.1173260829614, 6332.7861812058245
1316.0060000419617, 3237.1173260829614, 6332.7861812058245
1320.1500000953674, 3237.1173260829614, 6317.277018903671
1320.1619999408722, 3237.1173260829614, 6317.277018903671
1320.1900000572205, 3237.1173260829614, 6304.401785587002
1328.4049999713898, 3237.1173260829614, 6230.460236229119
1328.4370000362396, 3237.1173260829614, 6230.460236229119
1332.513000011444, 3237.1173260829614, 6206.862870809327
1332.5220000743866, 3237.1173260829614, 6206.862870809327
1332.5610001087189, 3237.1173260829614, 6203.774357498111
1332.5800001621246, 3237.1173260829614, 6188.8521659823
1336.3700001239777, 3237.1173260829614, 6181.772289297513
1336.3870000839233, 3237.1173260829614, 6172.232198164468
1336.4140000343323, 3237.1173260829614, 6167.7897919420475
1340.236999988556, 3237.1173260829614, 6108.308636095513
1340.2439999580383, 3237.1173260829614, 6107.03181833798
1340.266000032425, 3237.1173260829614, 6106.144350194868
1340.2960000038147, 3237.1173260829614, 6103.955489835172
1344.0240001678467, 3237.1173260829614, 6084.404563887537
1347.7239999771118, 3237.1173260829614, 6065.615466517133
1351.5320000648499, 3237.1173260829614, 6065.098462159266
1351.5520000457764, 3237.1173260829614, 6063.290458847711
1351.582999944687, 3237.1173260829614, 6063.290458847711
1355.5759999752045, 3237.1173260829614, 6045.14640768125
1359.3289999961853, 3237.1173260829614, 6031.406480974017
1359.3500001430511, 3237.1173260829614, 6031.406480974017
1359.3810000419617, 3237.1173260829614, 6017.231824439941
1363.6310000419617, 3237.1173260829614, 6010.736060113775
1371.345999956131, 3237.1173260829614, 5970.151671737793
1371.3860001564026, 3237.1173260829614, 5965.244626285201
1375.351000070572, 3237.1173260829614, 5951.424969858563
1379.1280000209808, 3237.1173260829614, 5939.937641136178
1382.8420000076294, 3237.1173260829614, 5913.961663819593
1382.8500001430511, 3237.1173260829614, 5913.961663819593
1382.8559999465942, 3237.1173260829614, 5913.961663819593
1382.861999988556, 3237.1173260829614, 5913.961663819593
1382.87700009346, 3237.1173260829614, 5913.961663819593
1386.7730000019073, 3237.1173260829614, 5913.961663819593
1386.7780001163483, 3237.1173260829614, 5913.961663819593
1386.7860000133514, 3237.1173260829614, 5873.930934841363
1386.7999999523163, 3237.1173260829614, 5868.936902144869
1386.8140001296997, 3237.1173260829614, 5868.936902144869
1386.8270001411438, 3237.1173260829614, 5868.936902144869
1386.832999944687, 3237.1173260829614, 5866.504832460106
1386.8440001010895, 3237.1173260829614, 5866.504832460106
1386.8580000400543, 3237.1173260829614, 5863.063618396176
1394.858999967575, 3237.1173260829614, 5816.968929321156
1394.864000082016, 3237.1173260829614, 5816.968929321156
1394.8949999809265, 3237.1173260829614, 5807.35801119936
1398.9279999732971, 3237.1173260829614, 5766.3111013183625
1398.9340000152588, 3237.1173260829614, 5766.3111013183625
1398.9400000572205, 3237.1173260829614, 5766.3111013183625
1398.944000005722, 3237.1173260829614, 5766.3111013183625
1398.9520001411438, 3237.1173260829614, 5766.3111013183625
1398.9820001125336, 3237.1173260829614, 5760.184153592299
1403.3659999370575, 3237.1173260829614, 5750.826242008993
1403.3719999790192, 3237.1173260829614, 5750.826242008993
1403.3840000629425, 3237.1173260829614, 5750.826242008993
1403.404000043869, 3237.1173260829614, 5750.826242008993
1403.40900015831, 3237.1173260829614, 5750.826242008993
1403.4140000343323, 3237.1173260829614, 5750.826242008993
1407.8960001468658, 3237.1173260829614, 5750.826242008993
1407.906000137329, 3237.1173260829614, 5750.826242008993
1410.6200001239777, 3237.1173260829614, 5745.690448009368
1410.6400001049042, 3237.1173260829614, 5745.690448009368
1413.457999944687, 3237.1173260829614, 5728.987170655194
1413.465000152588, 3237.1173260829614, 5726.759407397084
1413.470999956131, 3237.1173260829614, 5726.759407397084
1413.5, 3237.1173260829614, 5710.029704944918
1416.6790001392365, 3237.1173260829614, 5685.91835934802
1419.8689999580383, 3237.1173260829614, 5657.906083848616
1419.8870000839233, 3237.1173260829614, 5636.247425949926
1419.9010000228882, 3237.1173260829614, 5628.298196218293
1419.9320001602173, 3237.1173260829614, 5628.298196218293
1423.0030000209808, 3237.1173260829614, 5555.116299865847
1423.0150001049042, 3237.1173260829614, 5554.577435052337
1423.039999961853, 3237.1173260829614, 5553.910329729823
1423.0650000572205, 3237.1173260829614, 5552.8745450334045
1423.0750000476837, 3237.1173260829614, 5541.4406257662295
1426.3389999866486, 3237.1173260829614, 5535.9494118677485
1426.3470001220703, 3237.1173260829614, 5535.9494118677485
1429.861999988556, 3237.1173260829614, 5530.44113075482
1429.8870000839233, 3237.1173260829614, 5530.44113075482
1429.9140000343323, 3237.1173260829614, 5530.44113075482
1434.2740001678467, 3237.1173260829614, 5505.96468508604
1434.28400015831, 3237.1173260829614, 5505.96468508604
1438.5250000953674, 3237.1173260829614, 5502.408642565977
1438.5929999351501, 3237.1173260829614, 5466.924751621757
1438.6170001029968, 3237.1173260829614, 5466.924751621757
1441.8300001621246, 3237.1173260829614, 5466.924751621757
1441.8580000400543, 3237.1173260829614, 5450.5614325414845
1441.8810000419617, 3237.1173260829614, 5450.5614325414845
1441.8900001049042, 3237.1173260829614, 5450.5614325414845
1441.8970000743866, 3237.1173260829614, 5450.5614325414845
1441.906000137329, 3237.1173260829614, 5432.517940221523
1441.9110000133514, 3237.1173260829614, 5432.517940221523
1445.2190001010895, 3237.1173260829614, 5427.387516858169
1445.2330000400543, 3237.1173260829614, 5427.387516858169
1445.2420001029968, 3237.1173260829614, 5427.387516858169
1445.25, 3237.1173260829614, 5427.387516858169
1445.2599999904633, 3237.1173260829614, 5417.038354998296
1445.2699999809265, 3237.1173260829614, 5417.038354998296
1445.2910001277924, 3237.1173260829614, 5413.327251192974
1445.308000087738, 3237.1173260829614, 5412.8342574716435
1449.0320000648499, 3237.1173260829614, 5393.674987040062
1449.042000055313, 3237.1173260829614, 5393.674987040062
1449.0820000171661, 3237.1173260829614, 5381.4510376985745
1453.2539999485016, 3237.1173260829614, 5334.308495859854
1453.3010001182556, 3237.1173260829614, 5323.650314258976
1453.3310000896454, 3237.1173260829614, 5323.650314258976
1457.6419999599457, 3237.1173260829614, 5294.139037667808
1457.6740000247955, 3237.1173260829614, 5244.3277363051875
1457.6800000667572, 3237.1173260829614, 5244.3277363051875
1460.9739999771118, 3237.1173260829614, 5244.3277363051875
1460.9909999370575, 3237.1173260829614, 5240.104115566548
1461.00200009346, 3237.1173260829614, 5237.618721311523
1461.018000125885, 3237.1173260829614, 5237.618721311523
1461.0230000019073, 3237.1173260829614, 5237.618721311523
1465.3429999351501, 3237.1173260829614, 5235.499439937526
1465.351000070572, 3237.1173260829614, 5226.00644557161
1465.3570001125336, 3237.1173260829614, 5226.00644557161
1465.364000082016, 3237.1173260829614, 5226.00644557161
1465.3710000514984, 3237.1173260829614, 5226.00644557161
1465.388000011444, 3237.1173260829614, 5226.00644557161
1465.40900015831, 3237.1173260829614, 5199.5916717238015
1465.4230000972748, 3237.1173260829614, 5199.5916717238015
1465.430999994278, 3237.1173260829614, 5199.5916717238015
1465.4390001296997, 3237.1173260829614, 5199.5916717238015
1465.457999944687, 3237.1173260829614, 5189.374432955552
1469.6849999427795, 3237.1173260829614, 5183.10444132214
1472.9460000991821, 3237.1173260829614, 5151.870278137451
1472.978000164032, 3237.1173260829614, 5151.870278137451
1473.0120000839233, 3237.1173260829614, 5151.870278137451
1476.0759999752045, 3237.1173260829614, 5106.364726265379
1476.090000152588, 3237.1173260829614, 5106.364726265379
1476.101000070572, 3237.1173260829614, 5106.364726265379
1476.108999967575, 3237.1173260829614, 5106.364726265379
1476.138000011444, 3237.1173260829614, 4975.20001685065
1479.50200009346, 3237.1173260829614, 4972.925722643938
1479.545000076294, 3237.1173260829614, 4962.063915434006
1479.5520000457764, 3237.1173260829614, 4962.063915434006
1479.5570001602173, 3237.1173260829614, 4962.063915434006
1482.569000005722, 3237.1173260829614, 4962.063915434006
1482.611999988556, 3237.1173260829614, 4947.570669088695
1482.6180000305176, 3237.1173260829614, 4947.570669088695
1482.6230001449585, 3237.1173260829614, 4947.570669088695
1482.638000011444, 3237.1173260829614, 4938.358775644204
1485.9079999923706, 3237.1173260829614, 4938.358775644204
1485.9290001392365, 3237.1173260829614, 4938.358775644204
1485.9430000782013, 3237.1173260829614, 4938.358775644204
1485.960000038147, 3237.1173260829614, 4909.020573030204
1489.0090000629425, 3237.1173260829614, 4901.967789065204
1489.0139999389648, 3237.1173260829614, 4901.967789065204
1489.018000125885, 3237.1173260829614, 4867.100881874334
1489.0230000019073, 3237.1173260829614, 4867.100881874334
1489.029000043869, 3237.1173260829614, 4867.100881874334
1489.03400015831, 3237.1173260829614, 4867.100881874334
1489.0510001182556, 3237.1173260829614, 4867.100881874334
1489.0659999847412, 3237.1173260829614, 4867.100881874334
1489.0880000591278, 3237.1173260829614, 4865.273563713452
1492.1579999923706, 3237.1173260829614, 4865.273563713452
1492.1640000343323, 3237.1173260829614, 4855.3982555245975
1492.1719999313354, 3237.1173260829614, 4855.3982555245975
1492.1949999332428, 3237.1173260829614, 4850.182628741817
1492.223000049591, 3237.1173260829614, 4836.597991769333
1492.2290000915527, 3237.1173260829614, 4836.597991769333
1492.2360000610352, 3237.1173260829614, 4836.597991769333
1492.2409999370575, 3237.1173260829614, 4836.597991769333
1492.25, 3237.1173260829614, 4830.939150441388
1492.2560000419617, 3237.1173260829614, 4830.939150441388
1492.2610001564026, 3237.1173260829614, 4830.939150441388
1495.2269999980927, 3237.1173260829614, 4808.929434917604
1495.2590000629425, 3237.1173260829614, 4808.929434917604
1495.2740001678467, 3237.1173260829614, 4800.220163793484
1495.2799999713898, 3237.1173260829614, 4800.220163793484
1495.2850000858307, 3237.1173260829614, 4800.220163793484
1498.0810000896454, 3237.1173260829614, 4784.9839062138635
1498.0880000591278, 3237.1173260829614, 4768.593616093841
1498.0970001220703, 3237.1173260829614, 4768.593616093841
1498.1050000190735, 3237.1173260829614, 4760.028425745099
1498.111999988556, 3237.1173260829614, 4760.028425745099
1498.1180000305176, 3237.1173260829614, 4749.724462780195
1498.1260001659393, 3237.1173260829614, 4749.724462780195
1498.1500000953674, 3237.1173260829614, 4743.659898306497
1501.0800001621246, 3237.1173260829614, 4735.604733754814
1501.0859999656677, 3237.1173260829614, 4735.604733754814
1501.0920000076294, 3237.1173260829614, 4735.604733754814
1501.0989999771118, 3237.1173260829614, 4735.604733754814
1501.114000082016, 3237.1173260829614, 4728.578011843827
1501.1310000419617, 3237.1173260829614, 4728.578011843827
1501.1440000534058, 3237.1173260829614, 4728.578011843827
1501.1630001068115, 3237.1173260829614, 4728.578011843827
1501.1690001487732, 3237.1173260829614, 4728.578011843827
1504.9930000305176, 3237.1173260829614, 4691.148973584805
1504.9990000724792, 3237.1173260829614, 4680.039323011138
1507.478000164032, 3237.1173260829614, 4555.687761649806
1507.483999967575, 3237.1173260829614, 4555.687761649806
1507.489000082016, 3237.1173260829614, 4554.10490225368
1507.4939999580383, 3237.1173260829614, 4554.10490225368
1507.5099999904633, 3237.1173260829614, 4552.8171605030575
1510.239000082016, 3237.1173260829614, 4550.1168560986425
1510.2469999790192, 3237.1173260829614, 4550.1168560986425
1510.2669999599457, 3237.1173260829614, 4549.34937595918
1510.2780001163483, 3237.1173260829614, 4549.34937595918
1510.28400015831, 3237.1173260829614, 4549.34937595918
1510.2960000038147, 3237.1173260829614, 4549.34937595918
1510.308000087738, 3237.1173260829614, 4549.34937595918
1512.8259999752045, 3237.1173260829614, 4514.191823071498
1512.8320000171661, 3237.1173260829614, 4514.191823071498
1512.845999956131, 3237.1173260829614, 4514.191823071498
1512.8710000514984, 3237.1173260829614, 4396.2521313616235
1512.87700009346, 3237.1173260829614, 4396.2521313616235
1515.4660000801086, 3237.1173260829614, 4396.2521313616235
1515.473000049591, 3237.1173260829614, 4396.2521313616235
1515.4920001029968, 3237.1173260829614, 4394.386858730276
1515.4990000724792, 3237.1173260829614, 4394.386858730276
1518.098000049591, 3237.1173260829614, 4388.995402098866
1518.1059999465942, 3237.1173260829614, 4382.960191242797
1518.1130001544952, 3237.1173260829614, 4382.960191242797
1518.138000011444, 3237.1173260829614, 4373.822480408258
1518.156000137329, 3237.1173260829614, 4348.915150832342
1520.792000055313, 3237.1173260829614, 4314.379356382927
1520.8150000572205, 3237.1173260829614, 4311.819089205721
1520.8259999752045, 3237.1173260829614, 4311.819089205721
1520.8320000171661, 3237.1173260829614, 4311.819089205721
1520.8489999771118, 3237.1173260829614, 4311.819089205721
1520.858999967575, 3237.1173260829614, 4302.731699085823
1523.319000005722, 3237.1173260829614, 4199.097869117419
1523.3270001411438, 3237.1173260829614, 4199.097869117419
1523.340000152588, 3237.1173260829614, 4197.442632922276
1523.3710000514984, 3237.1173260829614, 4195.2980011349
1523.380000114441, 3237.1173260829614, 4195.2980011349
1523.391000032425, 3237.1173260829614, 4192.784542836734
1525.651999950409, 3237.1173260829614, 4151.895426856551
1525.6730000972748, 3237.1173260829614, 4144.203095833739
1528.016000032425, 3237.1173260829614, 4134.481064111243
1528.0240001678467, 3237.1173260829614, 4088.9397661372127
1528.0320000648499, 3237.1173260829614, 4088.9397661372127
1528.0410001277924, 3237.1173260829614, 4088.9397661372127
1528.0460000038147, 3237.1173260829614, 4088.9397661372127
1528.0550000667572, 3237.1173260829614, 4088.9397661372127
1528.0670001506805, 3237.1173260829614, 4088.9397661372127
1530.4769999980927, 3237.1173260829614, 4007.1169561148427
1530.483999967575, 3237.1173260829614, 4007.1169561148427
1530.4950001239777, 3237.1173260829614, 3979.281852134089
1530.5030000209808, 3237.1173260829614, 3979.281852134089
1530.516000032425, 3237.1173260829614, 3948.2001133286776
1530.529000043869, 3237.1173260829614, 3928.659775435874
1541.7269999980927, 3237.1173260829614, 3894.2505449677697
1541.739000082016, 3237.1173260829614, 3894.2480138798574
1549.319000005722, 3237.1173260829614, 3893.9276127402413
1551.710000038147, 3237.1173260829614, 3893.8032546276536
1551.7160000801086, 3237.1173260829614, 3893.795909901047
1551.7200000286102, 3237.1173260829614, 3893.795909901047
1554.6579999923706, 3237.1173260829614, 3893.1563156192947
1559.7880001068115, 3237.1173260829614, 3892.074012460026
1559.7940001487732, 3237.1173260829614, 3892.074012460026
1559.8040001392365, 3237.1173260829614, 3892.0161101257613
1559.8150000572205, 3237.1173260829614, 3892.0161101257613
1559.8229999542236, 3237.1173260829614, 3892.00713694233
1559.8289999961853, 3237.1173260829614, 3892.00713694233
1563.1260001659393, 3237.1173260829614, 3890.3136637303214
1563.1389999389648, 3237.1173260829614, 3890.2967084841443
1565.9449999332428, 3237.1173260829614, 3889.589451673592
1568.4630000591278, 3237.1173260829614, 3889.2826143996576
1571.0320000648499, 3237.1173260829614, 3889.1344826377144
1574.2000000476837, 3237.1173260829614, 3889.0064416689333
1574.212000131607, 3237.1173260829614, 3888.9873492450647
1577.5350000858307, 3237.1173260829614, 3888.809859635345
1577.539999961853, 3237.1173260829614, 3888.809859635345
1580.7290000915527, 3237.1173260829614, 3887.491406399884
1580.7409999370575, 3237.1173260829614, 3887.491406399884
1580.7480001449585, 3237.1173260829614, 3887.491406399884
1580.7560000419617, 3237.1173260829614, 3887.4857266471263
1580.763000011444, 3237.1173260829614, 3887.485099904292
1580.7740001678467, 3237.1173260829614, 3887.483546725544
1580.789999961853, 3237.1173260829614, 3887.4660021123923
1585.0650000572205, 3237.1173260829614, 3886.7728730033064
1585.0710000991821, 3237.1173260829614, 3886.7728730033064
1585.0780000686646, 3237.1173260829614, 3886.7728730033064
1585.0880000591278, 3237.1173260829614, 3886.7728730033064
1589.2409999370575, 3237.1173260829614, 3886.5870075653556
1589.2490000724792, 3237.1173260829614, 3886.5870075653556
1589.2699999809265, 3237.1173260829614, 3886.509535161976
1589.289999961853, 3237.1173260829614, 3886.459631023958
1589.305999994278, 3237.1173260829614, 3886.4595316328146
1589.3120000362396, 3237.1173260829614, 3886.4595316328146
1593.9379999637604, 3237.1173260829614, 3886.4595316328146
1593.9809999465942, 3237.1173260829614, 3886.378675149409
1593.989000082016, 3237.1173260829614, 3886.378675149409
1593.9950001239777, 3237.1173260829614, 3886.378675149409
1598.8050000667572, 3237.1173260829614, 3886.287671738313
1598.8129999637604, 3237.1173260829614, 3886.287671738313
1598.8250000476837, 3237.1173260829614, 3886.287671738313
1598.848000049591, 3237.1173260829614, 3886.287671738313
1598.8700001239777, 3237.1173260829614, 3886.287671738313
1598.920000076294, 3237.1173260829614, 3881.2837857648888
1603.3210000991821, 3237.1173260829614, 3881.2837857648888
1603.3280000686646, 3237.1173260829614, 3881.2837857648888
1603.337000131607, 3237.1173260829614, 3879.517387237942
1603.3489999771118, 3237.1173260829614, 3879.517387237942
1603.3849999904633, 3237.1173260829614, 3877.323689674768
1608.2639999389648, 3237.1173260829614, 3870.0911340796497
1608.2760000228882, 3237.1173260829614, 3870.0911340796497
1608.28400015831, 3237.1173260829614, 3870.0911340796497
1608.289999961853, 3237.1173260829614, 3870.0911340796497
1608.319000005722, 3237.1173260829614, 3870.0911340796497
1608.3259999752045, 3237.1173260829614, 3870.0911340796497
1608.3420000076294, 3237.1173260829614, 3863.79304850067
1611.9939999580383, 3237.1173260829614, 3855.199526791537
1612.0010001659393, 3237.1173260829614, 3855.199526791537
1612.0120000839233, 3237.1173260829614, 3855.199526791537
1612.0369999408722, 3237.1173260829614, 3854.521125241891
1627.263000011444, 3237.1173260829614, 3851.0458771548106
1627.2850000858307, 3237.1173260829614, 3851.0258109724814
1634.976000070572, 3237.1173260829614, 3846.8551272675495
1635.0139999389648, 3237.1173260829614, 3846.8551272675495
1635.0380001068115, 3237.1173260829614, 3846.8551272675495
1641.4850001335144, 3237.1173260829614, 3843.711991728267
1641.53400015831, 3237.1173260829614, 3838.532198790094
1641.5410001277924, 3237.1173260829614, 3838.532198790094
1646.5529999732971, 3237.1173260829614, 3813.138597510721
1646.5640001296997, 3237.1173260829614, 3813.138597510721
1646.582999944687, 3237.1173260829614, 3813.138597510721
1646.5889999866486, 3237.1173260829614, 3812.9472680052527
1646.6070001125336, 3237.1173260829614, 3812.887736596378
1646.6130001544952, 3237.1173260829614, 3812.887736596378
1651.0659999847412, 3237.1173260829614, 3812.887736596378
1651.0780000686646, 3237.1173260829614, 3810.6139519440576
1651.0950000286102, 3237.1173260829614, 3810.6139519440576
1651.101000070572, 3237.1173260829614, 3810.6139519440576
1651.1100001335144, 3237.1173260829614, 3810.6139519440576
1651.1170001029968, 3237.1173260829614, 3810.6139519440576
1655.5369999408722, 3237.1173260829614, 3805.969270022163
1655.545000076294, 3237.1173260829614, 3805.969270022163
1655.5520000457764, 3237.1173260829614, 3805.969270022163
1655.5640001296997, 3237.1173260829614, 3805.969270022163
1655.5710000991821, 3237.1173260829614, 3805.969270022163
1655.5770001411438, 3237.1173260829614, 3805.969270022163
1655.5929999351501, 3237.1173260829614, 3805.969270022163
1655.6330001354218, 3237.1173260829614, 3805.969270022163
1655.6500000953674, 3237.1173260829614, 3805.969270022163
1655.6610000133514, 3237.1173260829614, 3805.969270022163
1660.2710001468658, 3237.1173260829614, 3805.969270022163
1660.2799999713898, 3237.1173260829614, 3805.969270022163
1660.3110001087189, 3237.1173260829614, 3805.969270022163
1660.3220000267029, 3237.1173260829614, 3805.969270022163
1660.3280000686646, 3237.1173260829614, 3805.969270022163
1660.3410000801086, 3237.1173260829614, 3805.969270022163
1660.3730001449585, 3237.1173260829614, 3805.969270022163
1660.380000114441, 3237.1173260829614, 3805.969270022163
1660.3870000839233, 3237.1173260829614, 3805.969270022163
1665.4240000247955, 3237.1173260829614, 3805.969270022163
1665.4300000667572, 3237.1173260829614, 3805.969270022163
1665.4360001087189, 3237.1173260829614, 3792.829726181471
1665.4420001506805, 3237.1173260829614, 3792.829726181471
1665.449000120163, 3237.1173260829614, 3792.829726181471
1665.4560000896454, 3237.1173260829614, 3792.829726181471
1665.4639999866486, 3237.1173260829614, 3752.6765457560123
1665.473000049591, 3237.1173260829614, 3752.6765457560123
1665.4820001125336, 3237.1173260829614, 3752.6765457560123
1665.5010001659393, 3237.1173260829614, 3752.6765457560123
1665.513000011444, 3237.1173260829614, 3752.6765457560123
1665.5169999599457, 3237.1173260829614, 3752.6765457560123
1665.5260000228882, 3237.1173260829614, 3752.6765457560123
1665.5320000648499, 3237.1173260829614, 3752.6765457560123
1670.0720000267029, 3237.1173260829614, 3646.845476655451
1670.0789999961853, 3237.1173260829614, 3646.845476655451
1670.0859999656677, 3237.1173260829614, 3545.12233335348
1670.0950000286102, 3237.1173260829614, 3472.3798441150534
1670.1050000190735, 3237.1173260829614, 3472.3798441150534
1670.1110000610352, 3237.1173260829614, 3472.3798441150534
1670.1210000514984, 3237.1173260829614, 3472.3798441150534
1670.1330001354218, 3237.1173260829614, 3472.3798441150534
1674.1710000038147, 3237.1173260829614, 3471.414126443175
1678.2050001621246, 3237.1173260829614, 3471.319773529626
1678.215000152588, 3237.1173260829614, 3471.319773529626
1678.223000049591, 3237.1173260829614, 3471.2883430752017
1678.2290000915527, 3237.1173260829614, 3471.2883430752017
1678.2360000610352, 3237.1173260829614, 3471.264749016116
1678.2469999790192, 3237.1173260829614, 3471.245109031147
1678.2539999485016, 3237.1173260829614, 3471.245109031147
1678.2580001354218, 3237.1173260829614, 3471.245109031147
1678.263000011444, 3237.1173260829614, 3471.245109031147
1678.268000125885, 3237.1173260829614, 3471.245109031147
1678.28400015831, 3237.1173260829614, 3471.245109031147
1678.2990000247955, 3237.1173260829614, 3471.2157254412477
1678.3140001296997, 3237.1173260829614, 3471.2157254412477
1682.5620000362396, 3237.1173260829614, 3471.2157254412477
1682.5950000286102, 3237.1173260829614, 3469.951334234287
1682.6080000400543, 3237.1173260829614, 3469.8769405158364
1687.404000043869, 3237.1173260829614, 3469.361479887005
1687.414999961853, 3237.1173260829614, 3469.361479887005
1687.4260001182556, 3237.1173260829614, 3469.361479887005
1687.4340000152588, 3237.1173260829614, 3469.361479887005
1687.4460000991821, 3237.1173260829614, 3469.361479887005
1687.4509999752045, 3237.1173260829614, 3469.361479887005
1687.460000038147, 3237.1173260829614, 3469.2139368093726
1687.4739999771118, 3237.1173260829614, 3469.2139368093726
1687.4800000190735, 3237.1173260829614, 3469.1368382153946
1687.4939999580383, 3237.1173260829614, 3469.1368382153946
1692.1230001449585, 3237.1173260829614, 3469.02646578447
1692.1319999694824, 3237.1173260829614, 3469.02646578447
1692.1470000743866, 3237.1173260829614, 3469.02646578447
1692.1570000648499, 3237.1173260829614, 3468.5519776478127
1692.1870000362396, 3237.1173260829614, 3468.4814101203638
1696.6330001354218, 3237.1173260829614, 3467.9346054124794
1696.6400001049042, 3237.1173260829614, 3467.9346054124794
1696.6449999809265, 3237.1173260829614, 3467.9346054124794
1696.6510000228882, 3237.1173260829614, 3467.9346054124794
1696.65900015831, 3237.1173260829614, 3467.9346054124794
1696.670000076294, 3237.1173260829614, 3467.9346054124794
1701.5139999389648, 3237.1173260829614, 3467.828791389717
1701.542000055313, 3237.1173260829614, 3467.8233779211796
1701.5510001182556, 3237.1173260829614, 3467.8233779211796
1701.555999994278, 3237.1173260829614, 3467.8233779211796
1701.5780000686646, 3237.1173260829614, 3467.8069795970896
1701.5840001106262, 3237.1173260829614, 3467.8069795970896
1705.6949999332428, 3237.1173260829614, 3467.8069795970896
1705.7039999961853, 3237.1173260829614, 3467.8069795970896
1705.7130000591278, 3237.1173260829614, 3467.8069795970896
1705.733999967575, 3237.1173260829614, 3467.8069795970896
1705.7469999790192, 3237.1173260829614, 3467.8069795970896
1705.7539999485016, 3237.1173260829614, 3467.7303928148094
1705.7590000629425, 3237.1173260829614, 3467.7303928148094
1705.7639999389648, 3237.1173260829614, 3467.7303928148094
1710.4390001296997, 3237.1173260829614, 3467.693876543615
1710.4530000686646, 3237.1173260829614, 3467.654344357969
1710.4639999866486, 3237.1173260829614, 3467.654344357969
1710.4800000190735, 3237.1173260829614, 3467.475593422349
1714.6280000209808, 3237.1173260829614, 3467.475593422349
1714.6340000629425, 3237.1173260829614, 3467.475593422349
1714.651999950409, 3237.1173260829614, 3467.4521747151134
1714.6660001277924, 3237.1173260829614, 3467.4521747151134
1714.6840000152588, 3237.1173260829614, 3467.4394742705144
1714.6920001506805, 3237.1173260829614, 3467.4394742705144
1719.3380000591278, 3237.1173260829614, 3467.1797780051693
1719.3450000286102, 3237.1173260829614, 3467.1357874213754
1719.3650000095367, 3237.1173260829614, 3467.1357874213754
1719.37700009346, 3237.1173260829614, 3467.1357874213754
1719.3949999809265, 3237.1173260829614, 3467.1357874213754
1719.417000055313, 3237.1173260829614, 3467.1357874213754
1719.4249999523163, 3237.1173260829614, 3466.968397925309
1719.433000087738, 3237.1173260829614, 3466.968397925309
1719.4449999332428, 3237.1173260829614, 3466.968397925309
1723.7710001468658, 3237.1173260829614, 3466.689469504534
1723.7940001487732, 3237.1173260829614, 3466.689469504534
1723.8070001602173, 3237.1173260829614, 3466.689469504534
1728.4279999732971, 3237.1173260829614, 3466.5726094024703
1728.4370000362396, 3237.1173260829614, 3466.5726094024703
1728.4430000782013, 3237.1173260829614, 3466.5251671802557
1728.4500000476837, 3237.1173260829614, 3466.5251671802557
1728.4550001621246, 3237.1173260829614, 3466.5251671802557
1728.462000131607, 3237.1173260829614, 3466.5251671802557
1733.7829999923706, 3237.1173260829614, 3466.4974704409938
1733.7910001277924, 3237.1173260829614, 3466.4875563883775
1733.7969999313354, 3237.1173260829614, 3466.4875563883775
1733.8129999637604, 3237.1173260829614, 3466.4830102222704
1733.8289999961853, 3237.1173260829614, 3466.4830102222704
1733.840000152588, 3237.1173260829614, 3466.4830102222704
1738.880000114441, 3237.1173260829614, 3466.422747004903
1738.8860001564026, 3237.1173260829614, 3466.422747004903
1738.8919999599457, 3237.1173260829614, 3466.422747004903
1738.8970000743866, 3237.1173260829614, 3466.422747004903
1738.9049999713898, 3237.1173260829614, 3466.422747004903
1738.90900015831, 3237.1173260829614, 3466.422747004903
1738.914999961853, 3237.1173260829614, 3466.422747004903
1738.9219999313354, 3237.1173260829614, 3466.420269039935
1738.9279999732971, 3237.1173260829614, 3466.420269039935
1738.9340000152588, 3237.1173260829614, 3466.420269039935
1738.9560000896454, 3237.1173260829614, 3466.420269039935
1738.9690001010895, 3237.1173260829614, 3466.420269039935
1738.9809999465942, 3237.1173260829614, 3466.420269039935
1744.0650000572205, 3237.1173260829614, 3466.2837164371863
1744.0840001106262, 3237.1173260829614, 3466.2837164371863
1744.0940001010895, 3237.1173260829614, 3466.2837164371863
1744.1289999485016, 3237.1173260829614, 3466.254172620176
1748.9379999637604, 3237.1173260829614, 3466.254172620176
1748.9460000991821, 3237.1173260829614, 3466.254172620176
1748.9560000896454, 3237.1173260829614, 3466.2339491281505
1748.9670000076294, 3237.1173260829614, 3466.2339491281505
1748.9909999370575, 3237.1173260829614, 3466.198944110262
1754.069000005722, 3237.1173260829614, 3466.198944110262
1754.0759999752045, 3237.1173260829614, 3466.198944110262
1754.090000152588, 3237.1173260829614, 3466.198944110262
1754.0989999771118, 3237.1173260829614, 3466.198944110262
1754.1100001335144, 3237.1173260829614, 3466.198944110262
1758.78400015831, 3237.1173260829614, 3466.198944110262
1758.808000087738, 3237.1173260829614, 3466.198944110262
1763.5610001087189, 3237.1173260829614, 3465.860668245047
1763.569000005722, 3237.1173260829614, 3465.860668245047
1763.585000038147, 3237.1173260829614, 3465.629508734956
1763.603000164032, 3237.1173260829614, 3465.629508734956
1763.6240000724792, 3237.1173260829614, 3465.629508734956
1763.6340000629425, 3237.1173260829614, 3465.629508734956
1763.6419999599457, 3237.1173260829614, 3465.629508734956
1767.9530000686646, 3237.1173260829614, 3465.629508734956
1767.957999944687, 3237.1173260829614, 3465.629508734956
1767.9670000076294, 3237.1173260829614, 3465.629508734956
1767.9850001335144, 3237.1173260829614, 3465.629508734956
1768.005000114441, 3237.1173260829614, 3465.629508734956
1768.0299999713898, 3237.1173260829614, 3465.629508734956
1773.4279999732971, 3237.1173260829614, 3465.157490111855
1773.4449999332428, 3237.1173260829614, 3465.157490111855
1773.4530000686646, 3237.1173260829614, 3465.157490111855
1773.4690001010895, 3237.1173260829614, 3465.157490111855
1773.483999967575, 3237.1173260829614, 3465.157490111855
1773.5080001354218, 3237.1173260829614, 3464.8843521680706
1778.7799999713898, 3237.1173260829614, 3464.8843521680706
1778.8020000457764, 3237.1173260829614, 3464.8843521680706
1778.8320000171661, 3237.1173260829614, 3464.8837187625572
1778.8429999351501, 3237.1173260829614, 3464.882889910764
1778.8540000915527, 3237.1173260829614, 3464.882889910764
1778.8949999809265, 3237.1173260829614, 3464.882215397887
1783.7780001163483, 3237.1173260829614, 3464.882215397887
1783.7860000133514, 3237.1173260829614, 3464.882215397887
1783.7929999828339, 3237.1173260829614, 3464.882215397887
1783.8440001010895, 3237.1173260829614, 3464.8722658561132
1788.7569999694824, 3237.1173260829614, 3464.8722658561132
1788.7620000839233, 3237.1173260829614, 3464.8722658561132
1788.7860000133514, 3237.1173260829614, 3464.870803304763
1788.8040001392365, 3237.1173260829614, 3464.870513460664
1793.6860001087189, 3237.1173260829614, 3464.8637708079345
1793.694000005722, 3237.1173260829614, 3464.8637708079345
1793.7020001411438, 3237.1173260829614, 3464.8637708079345
1793.7220001220703, 3237.1173260829614, 3464.861949414532
1798.2869999408722, 3237.1173260829614, 3464.8609757922404
1798.2910001277924, 3237.1173260829614, 3464.8609757922404
1798.2990000247955, 3237.1173260829614, 3464.8609757922404
1798.3050000667572, 3237.1173260829614, 3464.8609757922404
1798.3140001296997, 3237.1173260829614, 3464.860233530652
1798.3320000171661, 3237.1173260829614, 3464.860233530652
1798.3559999465942, 3237.1173260829614, 3464.860233530652
1798.3819999694824, 3237.1173260829614, 3464.860233530652
1798.3970000743866, 3237.1173260829614, 3464.857497631563
1803.904000043869, 3237.1173260829614, 3464.857497631563
1803.917000055313, 3237.1173260829614, 3464.857497631563
1803.989000082016, 3237.1173260829614, 3464.854964305181
1803.9980001449585, 3237.1173260829614, 3464.854964305181
1804.0039999485016, 3237.1173260829614, 3464.854964305181
1808.3129999637604, 3237.1173260829614, 3464.854964305181
1808.3220000267029, 3237.1173260829614, 3464.854964305181
1808.3289999961853, 3237.1173260829614, 3464.854964305181
1808.3550000190735, 3237.1173260829614, 3464.854641369849
1808.3630001544952, 3237.1173260829614, 3464.854641369849
1812.7860000133514, 3237.1173260829614, 3464.8474513374035
1812.795000076294, 3237.1173260829614, 3464.847098750655
1812.8090000152588, 3237.1173260829614, 3464.847098750655
1812.8259999752045, 3237.1173260829614, 3464.84466577223
1812.8550000190735, 3237.1173260829614, 3464.84466577223
1817.9460000991821, 3237.1173260829614, 3464.831397562356
1817.9530000686646, 3237.1173260829614, 3464.831397562356
1817.957999944687, 3237.1173260829614, 3464.831397562356
1817.9850001335144, 3237.1173260829614, 3464.831397562356
1818.0, 3237.1173260829614, 3464.831397562356
1822.3900001049042, 3237.1173260829614, 3464.831397562356
1822.3970000743866, 3237.1173260829614, 3464.831397562356
1822.420000076294, 3237.1173260829614, 3464.8267289808464
1822.4279999732971, 3237.1173260829614, 3464.826091226213
1822.4550001621246, 3237.1173260829614, 3464.826091226213
1822.465000152588, 3237.1173260829614, 3464.826091226213
1826.8429999351501, 3237.1173260829614, 3464.780411928395
1826.8540000915527, 3237.1173260829614, 3464.780411928395
1826.8670001029968, 3237.1173260829614, 3464.7601762580616
1826.880000114441, 3237.1173260829614, 3464.7601762580616
1826.904000043869, 3237.1173260829614, 3464.7601762580616
1826.9179999828339, 3237.1173260829614, 3464.7601762580616
1826.9320001602173, 3237.1173260829614, 3464.7601762580616
1826.944000005722, 3237.1173260829614, 3464.7601762580616
1826.9570000171661, 3237.1173260829614, 3464.751057537279
1831.276999950409, 3237.1173260829614, 3464.751057537279
1831.332999944687, 3237.1173260829614, 3464.731443149722
1831.3700001239777, 3237.1173260829614, 3464.731443149722
1831.3780000209808, 3237.1173260829614, 3464.731443149722
1835.3440001010895, 3237.1173260829614, 3464.730445245324
1835.3580000400543, 3237.1173260829614, 3464.730445245324
1835.3730001449585, 3237.1173260829614, 3464.730445245324
1835.406000137329, 3237.1173260829614, 3464.706601763509
1839.9360001087189, 3237.1173260829614, 3464.697655259797
1839.9420001506805, 3237.1173260829614, 3464.697655259797
1839.9590001106262, 3237.1173260829614, 3464.697655259797
1839.9750001430511, 3237.1173260829614, 3464.689937453604
1840.0, 3237.1173260829614, 3464.6495850630945
1844.4420001506805, 3237.1173260829614, 3464.6356516748874
1844.4539999961853, 3237.1173260829614, 3464.6356516748874
1844.4830000400543, 3237.1173260829614, 3464.5526142694257
1844.5069999694824, 3237.1173260829614, 3464.5526142694257
1848.8440001010895, 3237.1173260829614, 3464.5465347303502
1848.853000164032, 3237.1173260829614, 3464.5465347303502
1848.864000082016, 3237.1173260829614, 3464.5465347303502
1848.8940000534058, 3237.1173260829614, 3464.4733402208426
1853.1110000610352, 3237.1173260829614, 3464.356130793341
1853.1790001392365, 3237.1173260829614, 3464.0284367473114
1857.183000087738, 3237.1173260829614, 3464.0092854074746
1857.2060000896454, 3237.1173260829614, 3463.9452359649376
1861.5380001068115, 3237.1173260829614, 3463.9452359649376
1861.5590000152588, 3237.1173260829614, 3463.9317129121764
1861.585000038147, 3237.1173260829614, 3463.927344353719
1861.5970001220703, 3237.1173260829614, 3463.927344353719
1861.6110000610352, 3237.1173260829614, 3463.927344353719
1866.0800001621246, 3237.1173260829614, 3463.9133134302538
1866.1200001239777, 3237.1173260829614, 3463.891513651277
1870.3020000457764, 3237.1173260829614, 3463.815845825671
1870.3129999637604, 3237.1173260829614, 3463.795458457526
1870.3320000171661, 3237.1173260829614, 3463.795458457526
1874.4990000724792, 3237.1173260829614, 3463.738451925794
1878.2409999370575, 3237.1173260829614, 3463.7155046773246
1878.25200009346, 3237.1173260829614, 3463.7155046773246
1882.4830000400543, 3237.1173260829614, 3463.652716712176
1882.531000137329, 3237.1173260829614, 3463.652716712176
1886.5640001296997, 3237.1173260829614, 3463.617728912282
1890.733999967575, 3237.1173260829614, 3463.609535207513
1890.763000011444, 3237.1173260829614, 3463.609535207513
1890.7750000953674, 3237.1173260829614, 3463.593931138674
1894.779000043869, 3237.1173260829614, 3463.569458487194
1894.8099999427795, 3237.1173260829614, 3463.5671038863243
1898.9409999847412, 3237.1173260829614, 3463.561624071931
1898.9500000476837, 3237.1173260829614, 3463.5611878348336
1898.9939999580383, 3237.1173260829614, 3463.5455387519814
1903.430999994278, 3237.1173260829614, 3463.5401585649633
1903.4360001087189, 3237.1173260829614, 3463.5401585649633
1903.4400000572205, 3237.1173260829614, 3463.5401585649633
1903.4500000476837, 3237.1173260829614, 3463.5401585649633
1907.5910000801086, 3237.1173260829614, 3463.526036387236
1907.5989999771118, 3237.1173260829614, 3463.526036387236
1907.630000114441, 3237.1173260829614, 3463.520273285205
1911.8040001392365, 3237.1173260829614, 3463.5018977726572
1911.8140001296997, 3237.1173260829614, 3463.5018977726572
1911.819000005722, 3237.1173260829614, 3463.50125847816
1911.8250000476837, 3237.1173260829614, 3463.50125847816
1911.8450000286102, 3237.1173260829614, 3463.5004294313167
1911.8559999465942, 3237.1173260829614, 3463.5004294313167
1911.87700009346, 3237.1173260829614, 3463.471011841216
1916.460000038147, 3237.1173260829614, 3463.471011841216
1916.4700000286102, 3237.1173260829614, 3463.460338416531
1916.4939999580383, 3237.1173260829614, 3463.460338416531
1916.5069999694824, 3237.1173260829614, 3463.460338416531
1916.5169999599457, 3237.1173260829614, 3463.460338416531
1916.5260000228882, 3237.1173260829614, 3463.460338416531
1916.5460000038147, 3237.1173260829614, 3463.444099084803
1916.5629999637604, 3237.1173260829614, 3463.444099084803
1916.5699999332428, 3237.1173260829614, 3463.3946236253582
1920.5230000019073, 3237.1173260829614, 3463.390210440332
1920.5590000152588, 3237.1173260829614, 3463.3682687599
1920.5810000896454, 3237.1173260829614, 3463.298858049365
1920.5970001220703, 3237.1173260829614, 3463.298858049365
1924.7020001411438, 3237.1173260829614, 3463.228299752502
1924.7070000171661, 3237.1173260829614, 3463.228299752502
1924.7409999370575, 3237.1173260829614, 3462.8980728045813
1924.7469999790192, 3237.1173260829614, 3462.8980728045813
1924.75200009346, 3237.1173260829614, 3462.8980728045813
1924.7610001564026, 3237.1173260829614, 3462.8980728045813
1924.7650001049042, 3237.1173260829614, 3462.8980728045813
1924.7699999809265, 3237.1173260829614, 3462.8980728045813
1924.7740001678467, 3237.1173260829614, 3462.8980728045813
1928.78400015831, 3237.1173260829614, 3462.8980728045813
1928.7929999828339, 3237.1173260829614, 3462.8980728045813
1928.8199999332428, 3237.1173260829614, 3462.8117339938162
1933.2109999656677, 3237.1173260829614, 3462.7896121753242
1933.2220001220703, 3237.1173260829614, 3462.7589269638224
1933.239000082016, 3237.1173260829614, 3462.7548124743057
1933.266000032425, 3237.1173260829614, 3462.7548124743057
1937.4560000896454, 3237.1173260829614, 3462.5949790634995
1937.4750001430511, 3237.1173260829614, 3462.504513039915
1941.9500000476837, 3237.1173260829614, 3462.4964305268954
1941.9639999866486, 3237.1173260829614, 3462.4964305268954
1941.9850001335144, 3237.1173260829614, 3462.4920151035985
1941.9960000514984, 3237.1173260829614, 3462.4920151035985
1942.0110001564026, 3237.1173260829614, 3462.4920151035985
1946.2910001277924, 3237.1173260829614, 3462.4920151035985
1946.3170001506805, 3237.1173260829614, 3462.4920151035985
1946.3410000801086, 3237.1173260829614, 3462.4685055270957
1950.1860001087189, 3237.1173260829614, 3462.346847251112
1954.1200001239777, 3237.1173260829614, 3462.3273719136323
1954.1280000209808, 3237.1173260829614, 3462.3273719136323
1954.1330001354218, 3237.1173260829614, 3462.3172271320973
1954.1389999389648, 3237.1173260829614, 3462.3172271320973
1954.1490001678467, 3237.1173260829614, 3462.2999871875018
1954.1660001277924, 3237.1173260829614, 3462.2999871875018
1954.1779999732971, 3237.1173260829614, 3462.2892983013735
1954.1849999427795, 3237.1173260829614, 3462.2892983013735
1958.710000038147, 3237.1173260829614, 3462.2464415163786
1958.7170000076294, 3237.1173260829614, 3462.2464415163786
1958.7580001354218, 3237.1173260829614, 3462.2398942428636
1958.7639999389648, 3237.1173260829614, 3462.2398942428636
1962.430999994278, 3237.1173260829614, 3462.2398942428636
1962.4390001296997, 3237.1173260829614, 3462.2398942428636
1962.4470000267029, 3237.1173260829614, 3462.2398942428636
1962.4530000686646, 3237.1173260829614, 3462.2398942428636
1962.457999944687, 3237.1173260829614, 3462.2398942428636
1962.4639999866486, 3237.1173260829614, 3462.2398942428636
1966.3110001087189, 3237.1173260829614, 3462.191639234257
1966.3210000991821, 3237.1173260829614, 3462.191639234257
1966.3470001220703, 3237.1173260829614, 3462.164206501268
1970.2460000514984, 3237.1173260829614, 3462.162590265091
1970.2569999694824, 3237.1173260829614, 3462.162590265091
1970.2690000534058, 3237.1173260829614, 3462.162590265091
1970.281000137329, 3237.1173260829614, 3462.162590265091
1974.3970000743866, 3237.1173260829614, 3462.1028063780086
1974.406000137329, 3237.1173260829614, 3462.1028063780086
1974.4110000133514, 3237.1173260829614, 3462.1028063780086
1974.4179999828339, 3237.1173260829614, 3462.1028063780086
1974.444000005722, 3237.1173260829614, 3461.887824100507
1974.4720001220703, 3237.1173260829614, 3461.862319502793
1978.4449999332428, 3237.1173260829614, 3461.817531427681
1982.4520001411438, 3237.1173260829614, 3461.817531427681
1982.4630000591278, 3237.1173260829614, 3461.817531427681
1982.4739999771118, 3237.1173260829614, 3461.817531427681
1982.5280001163483, 3237.1173260829614, 3461.759713911217
1987.0710000991821, 3237.1173260829614, 3461.7152371899374
1987.082999944687, 3237.1173260829614, 3461.6619925625305
1987.0910000801086, 3237.1173260829614, 3461.6619925625305
1987.1110000610352, 3237.1173260829614, 3461.6196218718496
1987.1219999790192, 3237.1173260829614, 3461.6170135830275
1987.1330001354218, 3237.1173260829614, 3461.6170135830275
1987.141000032425, 3237.1173260829614, 3461.6170135830275
1987.1600000858307, 3237.1173260829614, 3461.6082517931186
1991.3359999656677, 3237.1173260829614, 3461.317614984167
1991.3470001220703, 3237.1173260829614, 3461.317614984167
1991.3559999465942, 3237.1173260829614, 3461.317614984167
1991.3760001659393, 3237.1173260829614, 3461.307531079571
1991.388000011444, 3237.1173260829614, 3461.307531079571
1991.404000043869, 3237.1173260829614, 3461.3016171821905
1991.4230000972748, 3237.1173260829614, 3461.273565962961
1991.4320001602173, 3237.1173260829614, 3461.273565962961
1995.8570001125336, 3237.1173260829614, 3461.197351672666
1995.861999988556, 3237.1173260829614, 3461.197351672666
1995.8659999370575, 3237.1173260829614, 3461.197351672666
1995.875, 3237.1173260829614, 3461.1875937667196
1995.8889999389648, 3237.1173260829614, 3461.1875937667196
1995.9010000228882, 3237.1173260829614, 3461.179125885853
1995.9130001068115, 3237.1173260829614, 3461.179125885853
1995.9290001392365, 3237.1173260829614, 3461.177022063433
2000.6790001392365, 3237.1173260829614, 3461.1634693177916
2000.6890001296997, 3237.1173260829614, 3461.1634693177916
2000.6949999332428, 3237.1173260829614, 3461.157258240637
2005.3760001659393, 3237.1173260829614, 3461.157258240637
2005.3849999904633, 3237.1173260829614, 3461.157258240637
2005.40900015831, 3237.1173260829614, 3461.157258240637
2010.3180000782013, 3237.1173260829614, 3461.157258240637
2010.3300001621246, 3237.1173260829614, 3461.1250008332945
2010.3470001220703, 3237.1173260829614, 3461.097019271562
2010.3710000514984, 3237.1173260829614, 3461.094487183046
2010.3819999694824, 3237.1173260829614, 3461.093651705034
2010.391000032425, 3237.1173260829614, 3461.093651705034
2014.529000043869, 3237.1173260829614, 3461.0548940138783
2014.5410001277924, 3237.1173260829614, 3461.0548940138783
2014.5629999637604, 3237.1173260829614, 3460.976310851533
2014.5699999332428, 3237.1173260829614, 3460.976310851533
2014.5770001411438, 3237.1173260829614, 3460.976310851533
2014.5820000171661, 3237.1173260829614, 3460.976310851533
2019.0380001068115, 3237.1173260829614, 3460.90777095187
2019.0550000667572, 3237.1173260829614, 3460.854858319862
2019.090000152588, 3237.1173260829614, 3460.8053528406163
2023.420000076294, 3237.1173260829614, 3460.6437519905676
2023.4500000476837, 3237.1173260829614, 3460.6437519905676
2023.4930000305176, 3237.1173260829614, 3460.621904035885
2027.6370000839233, 3237.1173260829614, 3460.621904035885
2027.6490001678467, 3237.1173260829614, 3460.621904035885
2027.699000120163, 3237.1173260829614, 3460.6126588754464
2027.707999944687, 3237.1173260829614, 3460.5849056095994
2031.9739999771118, 3237.1173260829614, 3460.5835576133163
2032.0080001354218, 3237.1173260829614, 3460.5778638948887
2036.1979999542236, 3237.1173260829614, 3460.5778638948887
2036.2090001106262, 3237.1173260829614, 3460.5457824745067
2036.2539999485016, 3237.1173260829614, 3460.5457824745067
2036.2650001049042, 3237.1173260829614, 3460.5457824745067
2040.2929999828339, 3237.1173260829614, 3460.4134834176734
2040.305999994278, 3237.1173260829614, 3460.4134834176734
2040.3180000782013, 3237.1173260829614, 3460.4134834176734
2040.3289999961853, 3237.1173260829614, 3460.3068518005352
2044.664999961853, 3237.1173260829614, 3460.225518805631
2044.6979999542236, 3237.1173260829614, 3460.225518805631
2049.3020000457764, 3237.1173260829614, 3460.0347191062974
2049.319999933243, 3237.1173260829614, 3460.0207805659657
2049.327000141144, 3237.1173260829614, 3460.0207805659657
2049.3410000801086, 3237.1173260829614, 3460.0207805659657
2053.8659999370575, 3237.1173260829614, 3460.0184247383095
2058.2139999866486, 3237.1173260829614, 3460.016621430041
2058.2220001220703, 3237.1173260829614, 3460.016621430041
2058.2269999980927, 3237.1173260829614, 3460.016621430041
2058.236999988556, 3237.1173260829614, 3460.016621430041
2058.271000146866, 3237.1173260829614, 3460.016621430041
2058.2969999313354, 3237.1173260829614, 3459.8628348778516
2062.5599999427795, 3237.1173260829614, 3459.848421890075
2062.588000059128, 3237.1173260829614, 3459.8435848946588
2062.611000061035, 3237.1173260829614, 3459.8306279708313
2062.6180000305176, 3237.1173260829614, 3459.8306279708313
2062.621999979019, 3237.1173260829614, 3459.8306279708313
2062.62700009346, 3237.1173260829614, 3459.8306279708313
2062.6360001564026, 3237.1173260829614, 3459.8306279708313
2066.75, 3237.1173260829614, 3459.8068169743924
2066.7560000419617, 3237.1173260829614, 3459.8068169743924
2066.771000146866, 3237.1173260829614, 3459.802153259321
2066.7850000858307, 3237.1173260829614, 3459.7877535992866
2070.771000146866, 3237.1173260829614, 3459.753292132981
2070.7890000343323, 3237.1173260829614, 3459.7523417303173
2070.8010001182556, 3237.1173260829614, 3459.7523417303173
2070.838000059128, 3237.1173260829614, 3459.7229495945853
2075.042999982834, 3237.1173260829614, 3459.7078380472294
2075.0499999523163, 3237.1173260829614, 3459.7078380472294
2075.065999984741, 3237.1173260829614, 3459.702213384421
2075.0859999656677, 3237.1173260829614, 3459.702213384421
2079.335000038147, 3237.1173260829614, 3459.6529234819072
2079.3389999866486, 3237.1173260829614, 3459.6529234819072
2079.3559999465942, 3237.1173260829614, 3459.6460496529594
2079.3810000419617, 3237.1173260829614, 3459.6460496529594
2083.5299999713898, 3237.1173260829614, 3459.5756229050353
2083.5360000133514, 3237.1173260829614, 3459.5756229050353
2083.544000148773, 3237.1173260829614, 3459.5756229050353
2083.5520000457764, 3237.1173260829614, 3459.5756229050353
2083.5599999427795, 3237.1173260829614, 3459.5756229050353
2083.5780000686646, 3237.1173260829614, 3459.5756229050353
2083.598999977112, 3237.1173260829614, 3459.5756229050353
2083.6070001125336, 3237.1173260829614, 3459.5756229050353
2083.611999988556, 3237.1173260829614, 3459.5756229050353
2083.6159999370575, 3237.1173260829614, 3459.5756229050353
2083.6200001239777, 3237.1173260829614, 3459.5756229050353
2083.625, 3237.1173260829614, 3459.5756229050353
2087.8140001296997, 3237.1173260829614, 3459.550542355466
2087.837000131607, 3237.1173260829614, 3459.52360136891
2087.84299993515, 3237.1173260829614, 3459.52360136891
2092.295000076294, 3237.1173260829614, 3459.52360136891
2092.348999977112, 3237.1173260829614, 3459.52360136891
2096.9390001296997, 3237.1173260829614, 3459.5082692892584
2096.944999933243, 3237.1173260829614, 3459.5082692892584
2096.957000017166, 3237.1173260829614, 3459.5081465997105
2096.973000049591, 3237.1173260829614, 3459.5081465997105
2097.018000125885, 3237.1173260829614, 3459.46531946389
2097.044000148773, 3237.1173260829614, 3459.464912459577
2097.0629999637604, 3237.1173260829614, 3459.453165501378
2097.0750000476837, 3237.1173260829614, 3459.453165501378
2101.677999973297, 3237.1173260829614, 3459.436578604113
2101.683000087738, 3237.1173260829614, 3459.436578604113
2101.7220001220703, 3237.1173260829614, 3459.436578604113
2101.7309999465942, 3237.1173260829614, 3459.4245465075737
2101.7380001544952, 3237.1173260829614, 3459.4245465075737
2106.065999984741, 3237.1173260829614, 3459.413924527798
2106.0780000686646, 3237.1173260829614, 3459.410742954906
2110.3120000362396, 3237.1173260829614, 3459.404637158716
2114.7969999313354, 3237.1173260829614, 3459.3838033587363
2114.8020000457764, 3237.1173260829614, 3459.3838033587363
2114.8070001602173, 3237.1173260829614, 3459.3838033587363
2114.8129999637604, 3237.1173260829614, 3459.3838033587363
2114.832999944687, 3237.1173260829614, 3459.3816883152176
2114.8600001335144, 3237.1173260829614, 3459.366794038055
2119.196000099182, 3237.1173260829614, 3459.366794038055
2119.207000017166, 3237.1173260829614, 3459.366794038055
2119.2190001010895, 3237.1173260829614, 3459.344160376317
2119.2309999465942, 3237.1173260829614, 3459.322203520954
2119.236999988556, 3237.1173260829614, 3459.322203520954
2119.266000032425, 3237.1173260829614, 3459.1714934540632
2123.6640000343323, 3237.1173260829614, 3459.1714934540632
2123.6760001182556, 3237.1173260829614, 3459.1714934540632
2123.684000015259, 3237.1173260829614, 3459.1714934540632
2123.6930000782013, 3237.1173260829614, 3459.1687503916082
2123.723000049591, 3237.1173260829614, 3459.1196700589935
2128.3830001354218, 3237.1173260829614, 3459.114055910176
2128.3970000743866, 3237.1173260829614, 3459.09741720544
2128.406000137329, 3237.1173260829614, 3459.09741720544
2133.031000137329, 3237.1173260829614, 3459.0690446168965
2133.0620000362396, 3237.1173260829614, 3459.030221930931
2133.071000099182, 3237.1173260829614, 3459.030221930931
2137.571000099182, 3237.1173260829614, 3458.9851230670456
2137.577000141144, 3237.1173260829614, 3458.9851230670456
2137.584000110626, 3237.1173260829614, 3458.9851230670456
2141.946000099182, 3237.1173260829614, 3458.9151895355367
2141.959000110626, 3237.1173260829614, 3458.9151895355367
2141.992000102997, 3237.1173260829614, 3458.911588493628
2142.00200009346, 3237.1173260829614, 3458.911588493628
2142.015000104904, 3237.1173260829614, 3458.907646096789
2146.776999950409, 3237.1173260829614, 3458.8962234463684
2146.78400015831, 3237.1173260829614, 3458.8962234463684
2146.7910001277924, 3237.1173260829614, 3458.8962234463684
2146.821000099182, 3237.1173260829614, 3458.8761294926862
2146.834000110626, 3237.1173260829614, 3458.8761294926862
2146.8410000801086, 3237.1173260829614, 3458.8761294926862
2146.8600001335144, 3237.1173260829614, 3458.8761294926862
2146.880000114441, 3237.1173260829614, 3458.7652461044345
2150.9850001335144, 3237.1173260829614, 3458.7652461044345
2150.9900000095367, 3237.1173260829614, 3458.7652461044345
2155.558000087738, 3237.1173260829614, 3458.7360135536906
2155.565999984741, 3237.1173260829614, 3458.7360135536906
2155.5750000476837, 3237.1173260829614, 3458.7360135536906
2155.6080000400543, 3237.1173260829614, 3458.7360135536906
2155.638000011444, 3237.1173260829614, 3458.7360135536906
2159.8359999656677, 3237.1173260829614, 3458.7158631515554
2164.348000049591, 3237.1173260829614, 3458.6483183373853
2164.3559999465942, 3237.1173260829614, 3458.6483183373853
2164.361999988556, 3237.1173260829614, 3458.6483183373853
2164.3700001239777, 3237.1173260829614, 3458.6483183373853
2164.404000043869, 3237.1173260829614, 3458.6483183373853
2164.417000055313, 3237.1173260829614, 3458.6483183373853
2168.7050001621246, 3237.1173260829614, 3458.62496709448
2173.1490001678467, 3237.1173260829614, 3458.6191580028335
2173.1579999923706, 3237.1173260829614, 3458.6191580028335
2173.1879999637604, 3237.1173260829614, 3458.616878139235
2173.215000152588, 3237.1173260829614, 3458.5929082018733
2177.545000076294, 3237.1173260829614, 3458.5929082018733
2177.5570001602173, 3237.1173260829614, 3458.587510825177
2177.6210000514984, 3237.1173260829614, 3458.572086139053
2182.210000038147, 3237.1173260829614, 3458.5410219611636
2182.220999956131, 3237.1173260829614, 3458.5410219611636
2186.901000022888, 3237.1173260829614, 3458.5410219611636
2200.7320001125336, 3237.1173260829614, 3458.489190066186
2204.8519999980927, 3237.1173260829614, 3458.4699911316407
2204.858999967575, 3237.1173260829614, 3458.4699911316407
2204.867000102997, 3237.1173260829614, 3458.4699911316407
2204.888999938965, 3237.1173260829614, 3458.4699911316407
2209.0910000801086, 3237.1173260829614, 3458.3888145909377
2209.1230001449585, 3237.1173260829614, 3458.3888145909377
2213.2999999523163, 3237.1173260829614, 3458.3345397061225
2213.3229999542236, 3237.1173260829614, 3458.3345397061225
2218.215000152588, 3237.1173260829614, 3458.3153762310258
2218.225000143051, 3237.1173260829614, 3458.3153762310258
2218.2539999485016, 3237.1173260829614, 3458.30477582343
2231.794000148773, 3237.1173260829614, 3458.2443777616386
2231.815999984741, 3237.1173260829614, 3458.2443777616386
2236.4030001163483, 3237.1173260829614, 3458.199682477683
2236.4349999427795, 3237.1173260829614, 3458.192180355346
2236.447000026703, 3237.1173260829614, 3458.192180355346
2236.452000141144, 3237.1173260829614, 3458.192180355346
2236.457000017166, 3237.1173260829614, 3458.192180355346
2236.462000131607, 3237.1173260829614, 3458.192180355346
2236.4660000801086, 3237.1173260829614, 3458.192180355346
2236.4830000400543, 3237.1173260829614, 3458.192180355346
2236.5090000629425, 3237.1173260829614, 3458.182596249197
2240.959000110626, 3237.1173260829614, 3458.1719915208146
2240.9690001010895, 3237.1173260829614, 3458.1676700955018
2240.983999967575, 3237.1173260829614, 3458.162563457506
2241.00200009346, 3237.1173260829614, 3458.1586649609867
2241.0120000839233, 3237.1173260829614, 3458.1563428063278
2245.577000141144, 3237.1173260829614, 3458.1563428063278
2245.588000059128, 3237.1173260829614, 3458.1563428063278
2245.5950000286102, 3237.1173260829614, 3458.1563428063278
2245.608999967575, 3237.1173260829614, 3458.1249720203546
2245.6180000305176, 3237.1173260829614, 3458.1249720203546
2245.6319999694824, 3237.1173260829614, 3458.121824244017
2245.643000125885, 3237.1173260829614, 3458.121824244017
2245.670000076294, 3237.1173260829614, 3458.121824244017
2249.478000164032, 3237.1173260829614, 3458.121824244017
2249.4939999580383, 3237.1173260829614, 3458.121824244017
2249.513000011444, 3237.1173260829614, 3458.121824244017
2249.53400015831, 3237.1173260829614, 3458.121824244017
2249.544000148773, 3237.1173260829614, 3458.105587423404
2253.263999938965, 3237.1173260829614, 3458.105587423404
2253.276000022888, 3237.1173260829614, 3458.1047810071213
2253.2829999923706, 3237.1173260829614, 3458.1047810071213
2253.2910001277924, 3237.1173260829614, 3458.1047810071213
2253.305000066757, 3237.1173260829614, 3458.1047740390786
2253.3180000782013, 3237.1173260829614, 3458.1047740390786
2253.3580000400543, 3237.1173260829614, 3458.1047740390786
2253.375, 3237.1173260829614, 3458.1036607643773
2257.276999950409, 3237.1173260829614, 3458.103131381895
2257.289999961853, 3237.1173260829614, 3458.1028361143794
2257.302999973297, 3237.1173260829614, 3458.1028361143794
2257.322000026703, 3237.1173260829614, 3458.1028361143794
2257.340000152588, 3237.1173260829614, 3458.1020548953934
2261.8840000629425, 3237.1173260829614, 3458.1006374423246
2261.893000125885, 3237.1173260829614, 3458.1006374423246
2261.9000000953674, 3237.1173260829614, 3458.1005063147977
2261.944000005722, 3237.1173260829614, 3458.1000738745984
2266.130000114441, 3237.1173260829614, 3458.0601180237227
2266.1370000839233, 3237.1173260829614, 3458.0601180237227
2266.1440000534058, 3237.1173260829614, 3458.0601180237227
2270.5280001163483, 3237.1173260829614, 3457.9963932549567
2270.536999940872, 3237.1173260829614, 3457.9963932549567
2270.571000099182, 3237.1173260829614, 3457.9908614781743
2274.996999979019, 3237.1173260829614, 3457.9872030468314
2279.7910001277924, 3237.1173260829614, 3457.981287510596
2279.8010001182556, 3237.1173260829614, 3457.981287510596
2279.8140001296997, 3237.1173260829614, 3457.9768845131503
2279.837000131607, 3237.1173260829614, 3457.9768845131503
2279.853000164032, 3237.1173260829614, 3457.9768845131503
2279.861000061035, 3237.1173260829614, 3457.9757816325364
2279.867000102997, 3237.1173260829614, 3457.9757816325364
2279.871999979019, 3237.1173260829614, 3457.9757816325364
2279.8789999485016, 3237.1173260829614, 3457.9757816325364
2284.3229999542236, 3237.1173260829614, 3457.9691356031685
2284.3310000896454, 3237.1173260829614, 3457.9691356031685
2284.338000059128, 3237.1173260829614, 3457.9691356031685
2284.3420000076294, 3237.1173260829614, 3457.9691356031685
2284.3550000190735, 3237.1173260829614, 3457.9639618706733
2288.684000015259, 3237.1173260829614, 3457.9639618706733
2288.694000005722, 3237.1173260829614, 3457.9639618706733
2288.707999944687, 3237.1173260829614, 3457.9639618706733
2288.7620000839233, 3237.1173260829614, 3457.954268413711
2288.7799999713898, 3237.1173260829614, 3457.954268413711
2293.0329999923706, 3237.1173260829614, 3457.8626775031535
2293.077000141144, 3237.1173260829614, 3457.772332925327
2297.827000141144, 3237.1173260829614, 3457.768300886466
2297.8420000076294, 3237.1173260829614, 3457.759931978345
2297.8659999370575, 3237.1173260829614, 3457.759931978345
2297.871999979019, 3237.1173260829614, 3457.759931978345
2297.878000020981, 3237.1173260829614, 3457.759931978345
2297.8830001354218, 3237.1173260829614, 3457.759931978345
2297.890000104904, 3237.1173260829614, 3457.759931978345
2297.9140000343323, 3237.1173260829614, 3457.739242780643
2302.496999979019, 3237.1173260829614, 3457.698841361126
2302.503000020981, 3237.1173260829614, 3457.6778101343534
2302.5080001354218, 3237.1173260829614, 3457.6778101343534
2302.5120000839233, 3237.1173260829614, 3457.6778101343534
2302.5169999599457, 3237.1173260829614, 3457.6778101343534
2302.5220000743866, 3237.1173260829614, 3457.6778101343534
2311.7030000686646, 3237.1173260829614, 3457.649111415409
2311.7109999656677, 3237.1173260829614, 3457.649111415409
2311.71799993515, 3237.1173260829614, 3457.649111415409
2311.736000061035, 3237.1173260829614, 3457.649111415409
2311.7460000514984, 3237.1173260829614, 3457.649111415409
2311.7560000419617, 3237.1173260829614, 3457.649111415409
2311.765000104904, 3237.1173260829614, 3457.649111415409
2311.781000137329, 3237.1173260829614, 3457.649111415409
2311.7880001068115, 3237.1173260829614, 3457.649111415409
2311.8099999427795, 3237.1173260829614, 3457.6245671832608
2316.558000087738, 3237.1173260829614, 3457.6245671832608
2316.621999979019, 3237.1173260829614, 3457.6096570813042
2321.5920000076294, 3237.1173260829614, 3457.6055656320596
2321.5970001220703, 3237.1173260829614, 3457.6055656320596
2321.6019999980927, 3237.1173260829614, 3457.6055656320596
2321.611000061035, 3237.1173260829614, 3457.6055656320596
2321.638999938965, 3237.1173260829614, 3457.6055656320596
2325.9079999923706, 3237.1173260829614, 3457.56855865249
2325.957999944687, 3237.1173260829614, 3457.5589848480704
2330.5069999694824, 3237.1173260829614, 3457.5589848480704
2330.5169999599457, 3237.1173260829614, 3457.5589848480704
2342.334000110626, 3237.1173260829614, 3457.454233633707
2342.3410000801086, 3237.1173260829614, 3457.454233633707
2342.361000061035, 3237.1173260829614, 3457.4427721819175
2342.433000087738, 3237.1173260829614, 3457.4333534537877
2348.792000055313, 3237.1173260829614, 3457.4333534537877
2348.808000087738, 3237.1173260829614, 3457.4333534537877
2348.8289999961853, 3237.1173260829614, 3457.4214980396564
2348.848999977112, 3237.1173260829614, 3457.4214980396564
2348.8760001659393, 3237.1173260829614, 3457.4214980396564
2354.548000097275, 3237.1173260829614, 3457.4122196635253
2354.565999984741, 3237.1173260829614, 3457.3962992520524
2354.5950000286102, 3237.1173260829614, 3457.3962992520524
2354.6230001449585, 3237.1173260829614, 3457.3962992520524
2354.628000020981, 3237.1173260829614, 3457.3962992520524
2360.319999933243, 3237.1173260829614, 3457.3962992520524
2360.3280000686646, 3237.1173260829614, 3457.3962992520524
2360.364000082016, 3237.1173260829614, 3457.379454929809
2360.401000022888, 3237.1173260829614, 3457.325715632123
2366.401999950409, 3237.1173260829614, 3457.2706155441906
2373.3559999465942, 3237.1173260829614, 3457.2358169980057
2373.3630001544952, 3237.1173260829614, 3457.2358169980057
2373.371999979019, 3237.1173260829614, 3457.2338394162034
2373.378000020981, 3237.1173260829614, 3457.2338394162034
2373.3819999694824, 3237.1173260829614, 3457.2338394162034
2373.3849999904633, 3237.1173260829614, 3457.2338394162034
2373.4219999313354, 3237.1173260829614, 3457.2301517958936
2380.8559999465942, 3237.1173260829614, 3457.1991293879564
2380.867000102997, 3237.1173260829614, 3457.1991293879564
2380.8740000724792, 3237.1173260829614, 3457.1991293879564
2380.8830001354218, 3237.1173260829614, 3457.1991293879564
2380.8970000743866, 3237.1173260829614, 3457.1991293879564
2380.914999961853, 3237.1173260829614, 3457.1991293879564
2380.930000066757, 3237.1173260829614, 3457.1991293879564
2380.9500000476837, 3237.1173260829614, 3457.198132322559
2380.970999956131, 3237.1173260829614, 3457.198132322559
2380.9790000915527, 3237.1173260829614, 3457.198132322559
2380.9880001544952, 3237.1173260829614, 3457.1908274560974
2380.996999979019, 3237.1173260829614, 3457.1908274560974
2385.7480001449585, 3237.1173260829614, 3457.188219764817
2385.7599999904633, 3237.1173260829614, 3457.1844713157234
2390.029000043869, 3237.1173260829614, 3457.1714509137005
2390.045000076294, 3237.1173260829614, 3457.1433216946316
2394.7880001068115, 3237.1173260829614, 3457.1140509401034
2394.7969999313354, 3237.1173260829614, 3457.1140509401034
2394.8129999637604, 3237.1173260829614, 3457.1139643349484
2394.834000110626, 3237.1173260829614, 3457.1139643349484
2394.8450000286102, 3237.1173260829614, 3457.1138427234678
2394.8630001544952, 3237.1173260829614, 3457.1041254123747
2394.875, 3237.1173260829614, 3457.0587367053836
2400.1080000400543, 3237.1173260829614, 3457.0547221405604
2400.164999961853, 3237.1173260829614, 3457.024914875876
2405.1200001239777, 3237.1173260829614, 3457.0221803123563
2405.1340000629425, 3237.1173260829614, 3457.0221803123563
2405.1419999599457, 3237.1173260829614, 3457.0221803123563
2405.1500000953674, 3237.1173260829614, 3457.0221803123563
2415.733999967575, 3237.1173260829614, 3456.9329250063524
2415.75, 3237.1173260829614, 3456.930407637545
2415.7910001277924, 3237.1173260829614, 3456.923971388263
2415.7960000038147, 3237.1173260829614, 3456.923971388263
2415.8010001182556, 3237.1173260829614, 3456.923971388263
2415.8070001602173, 3237.1173260829614, 3456.923971388263
2420.949000120163, 3237.1173260829614, 3456.9233894457357
2420.9769999980927, 3237.1173260829614, 3456.921106027482
2426.013999938965, 3237.1173260829614, 3456.9112682138425
2430.617000102997, 3237.1173260829614, 3456.905409467317
2430.6449999809265, 3237.1173260829614, 3456.9051262687426
2430.65900015831, 3237.1173260829614, 3456.8653675017495
2435.1849999427795, 3237.1173260829614, 3456.8653675017495
2435.1979999542236, 3237.1173260829614, 3456.8653675017495
2439.5680000782013, 3237.1173260829614, 3456.7818158612604
2439.5750000476837, 3237.1173260829614, 3456.7818158612604
2439.582000017166, 3237.1173260829614, 3456.7818158612604
2439.590000152588, 3237.1173260829614, 3456.7818158612604
2439.598999977112, 3237.1173260829614, 3456.7622290281197
2439.6100001335144, 3237.1173260829614, 3456.7622290281197
2443.878000020981, 3237.1173260829614, 3456.7622290281197
2443.8970000743866, 3237.1173260829614, 3456.7398460757327
2443.9049999713898, 3237.1173260829614, 3456.7398460757327
2443.9140000343323, 3237.1173260829614, 3456.7398460757327
2443.946000099182, 3237.1173260829614, 3456.705537309439
2449.542999982834, 3237.1173260829614, 3456.705537309439
2449.555999994278, 3237.1173260829614, 3456.705537309439
2449.5780000686646, 3237.1173260829614, 3456.69647796081
2449.595999956131, 3237.1173260829614, 3456.6908876659822
2449.6370000839233, 3237.1173260829614, 3456.6825448836144
2449.6600000858307, 3237.1173260829614, 3456.6781344267397
2455.46799993515, 3237.1173260829614, 3456.6781344267397
2455.4800000190735, 3237.1173260829614, 3456.6781344267397
2455.4950001239777, 3237.1173260829614, 3456.6781344267397
2455.531000137329, 3237.1173260829614, 3456.673446625112
2462.199000120163, 3237.1173260829614, 3456.593518143976
2462.209000110626, 3237.1173260829614, 3456.593518143976
2462.2269999980927, 3237.1173260829614, 3456.593518143976
2469.611000061035, 3237.1173260829614, 3456.571812939891
2469.6449999809265, 3237.1173260829614, 3456.5643891606965
2476.3020000457764, 3237.1173260829614, 3456.5466646826235
2476.315999984741, 3237.1173260829614, 3456.5466646826235
2476.3259999752045, 3237.1173260829614, 3456.5466646826235
2476.3819999694824, 3237.1173260829614, 3456.522685518225
2497.6600000858307, 3237.1173260829614, 3456.4078012995806
2497.6740000247955, 3237.1173260829614, 3456.4025081216337
2497.694000005722, 3237.1173260829614, 3456.395226597959
2497.723000049591, 3237.1173260829614, 3456.395226597959
2504.6449999809265, 3237.1173260829614, 3456.395226597959
2504.680999994278, 3237.1173260829614, 3456.3889218108893
2504.6870000362396, 3237.1173260829614, 3456.3889218108893
2504.702000141144, 3237.1173260829614, 3456.3889218108893
2512.169000148773, 3237.1173260829614, 3456.386689357834
2512.186000108719, 3237.1173260829614, 3456.386689357834
2512.215000152588, 3237.1173260829614, 3456.3798779425465
2518.9850001335144, 3237.1173260829614, 3456.3798779425465
2518.9960000514984, 3237.1173260829614, 3456.3798779425465
2519.026999950409, 3237.1173260829614, 3456.3728487327026
2519.0650000572205, 3237.1173260829614, 3456.3644571598647
2526.4030001163483, 3237.1173260829614, 3456.3644571598647
2526.4140000343323, 3237.1173260829614, 3456.3644571598647
2526.4420001506805, 3237.1173260829614, 3456.3644571598647
2533.332999944687, 3237.1173260829614, 3456.339321431395
2533.34299993515, 3237.1173260829614, 3456.339321431395
2533.350000143051, 3237.1173260829614, 3456.339321431395
2533.3650000095367, 3237.1173260829614, 3456.339321431395
2533.3730001449585, 3237.1173260829614, 3456.339321431395
2540.3180000782013, 3237.1173260829614, 3456.3195964099223
2540.337000131607, 3237.1173260829614, 3456.3152607136244
2540.3830001354218, 3237.1173260829614, 3456.312724910012
2549.161999940872, 3237.1173260829614, 3456.2972410880907
2549.180999994278, 3237.1173260829614, 3456.295719321452
2557.8310000896454, 3237.1173260829614, 3456.2637942813544
2557.878000020981, 3237.1173260829614, 3456.2635140249017
2557.901000022888, 3237.1173260829614, 3456.22830291535
2565.478000164032, 3237.1173260829614, 3456.2275590197623
2565.4880001544952, 3237.1173260829614, 3456.2275590197623
2565.516000032425, 3237.1173260829614, 3456.2275590197623
2565.531000137329, 3237.1173260829614, 3456.224338149612
2571.8730001449585, 3237.1173260829614, 3456.200939276219
2571.8789999485016, 3237.1173260829614, 3456.200939276219
2571.891000032425, 3237.1173260829614, 3456.200939276219
2571.9000000953674, 3237.1173260829614, 3456.200939276219
2579.021000146866, 3237.1173260829614, 3456.1996152499937
2579.026999950409, 3237.1173260829614, 3456.1996152499937
2579.055999994278, 3237.1173260829614, 3456.1996152499937
2586.0280001163483, 3237.1173260829614, 3456.199312363416
2586.03400015831, 3237.1173260829614, 3456.199312363416
2586.048000097275, 3237.1173260829614, 3456.1958297292754
2586.0729999542236, 3237.1173260829614, 3456.1950178209427
2586.085000038147, 3237.1173260829614, 3456.1950178209427
2586.0950000286102, 3237.1173260829614, 3456.1950178209427
2586.1240000724792, 3237.1173260829614, 3456.1950178209427
2591.9290001392365, 3237.1173260829614, 3456.1950178209427
2591.936000108719, 3237.1173260829614, 3456.1950178209427
2597.880000114441, 3237.1173260829614, 3456.184155179504
2597.888999938965, 3237.1173260829614, 3456.1720071948853
2597.8970000743866, 3237.1173260829614, 3456.1720071948853
2597.9390001296997, 3237.1173260829614, 3456.1572413349004
2603.1070001125336, 3237.1173260829614, 3456.1572413349004
2603.117000102997, 3237.1173260829614, 3456.1572413349004
2607.906000137329, 3237.1173260829614, 3456.1430309409316
2607.962000131607, 3237.1173260829614, 3456.106878234752
2612.6200001239777, 3237.1173260829614, 3456.106878234752
2612.62700009346, 3237.1173260829614, 3456.106878234752
2612.6340000629425, 3237.1173260829614, 3456.106878234752
2612.640000104904, 3237.1173260829614, 3456.106878234752
2612.6480000019073, 3237.1173260829614, 3456.106878234752
2612.6579999923706, 3237.1173260829614, 3456.106878234752
2617.5729999542236, 3237.1173260829614, 3456.106878234752
2617.6050000190735, 3237.1173260829614, 3456.0604204842884
2623.154000043869, 3237.1173260829614, 3456.016421634395
2628.526999950409, 3237.1173260829614, 3456.011673925389
2628.536999940872, 3237.1173260829614, 3456.00647136201
2628.5670001506805, 3237.1173260829614, 3456.00647136201
2628.584000110626, 3237.1173260829614, 3456.00647136201
2638.457000017166, 3237.1173260829614, 3455.9780323948085
2638.465000152588, 3237.1173260829614, 3455.960254600257
2638.492000102997, 3237.1173260829614, 3455.9407854778674
2654.457000017166, 3237.1173260829614, 3455.9046889604297
2654.4690001010895, 3237.1173260829614, 3455.9046889604297
2660.4160001277924, 3237.1173260829614, 3455.8942365892603
2660.444000005722, 3237.1173260829614, 3455.8827215693254
2672.00200009346, 3237.1173260829614, 3455.8646383448618
2678.5599999427795, 3237.1173260829614, 3455.8140369138655
2684.8250000476837, 3237.1173260829614, 3455.8067141498614
2684.858999967575, 3237.1173260829614, 3455.8033961283527
2684.890000104904, 3237.1173260829614, 3455.799379573816
2691.792000055313, 3237.1173260829614, 3455.7526724962454
2691.8280000686646, 3237.1173260829614, 3455.7526724962454
2691.834000110626, 3237.1173260829614, 3455.7526724962454
2691.8680000305176, 3237.1173260829614, 3455.7433412661685
2698.8860001564026, 3237.1173260829614, 3455.7433412661685
2698.893000125885, 3237.1173260829614, 3455.7433412661685
2698.904000043869, 3237.1173260829614, 3455.7433412661685
2698.9110000133514, 3237.1173260829614, 3455.7433412661685
2698.934000015259, 3237.1173260829614, 3455.7433412661685
2698.946000099182, 3237.1173260829614, 3455.7433412661685
2705.901000022888, 3237.1173260829614, 3455.72290389036
2705.9079999923706, 3237.1173260829614, 3455.72290389036
2705.9249999523163, 3237.1173260829614, 3455.7204321149306
2713.444999933243, 3237.1173260829614, 3455.707924456696
2713.5120000839233, 3237.1173260829614, 3455.707924456696
2721.190999984741, 3237.1173260829614, 3455.7042857169317
2721.2380001544952, 3237.1173260829614, 3455.698703551589
2721.2450001239777, 3237.1173260829614, 3455.698703551589
2728.962000131607, 3237.1173260829614, 3455.698703551589
2728.970999956131, 3237.1173260829614, 3455.698703551589
2728.9790000915527, 3237.1173260829614, 3455.698703551589
2728.986999988556, 3237.1173260829614, 3455.698703551589
2729.03200006485, 3237.1173260829614, 3455.6926906558906
2729.0640001296997, 3237.1173260829614, 3455.6926906558906
2729.0750000476837, 3237.1173260829614, 3455.6926906558906
2735.9990000724792, 3237.1173260829614, 3455.6882104610286
2736.018000125885, 3237.1173260829614, 3455.6882104610286
2736.042999982834, 3237.1173260829614, 3455.6882104610286
2736.0520000457764, 3237.1173260829614, 3455.6882104610286
2743.71799993515, 3237.1173260829614, 3455.6882104610286
2750.996999979019, 3237.1173260829614, 3455.621219375051
2751.0080001354218, 3237.1173260829614, 3455.621219375051
2751.045000076294, 3237.1173260829614, 3455.616944865825
2758.766000032425, 3237.1173260829614, 3455.5998535468298
2758.792999982834, 3237.1173260829614, 3455.5998535468298
2758.8010001182556, 3237.1173260829614, 3455.5998535468298
2758.809000015259, 3237.1173260829614, 3455.5998535468298
2758.8289999961853, 3237.1173260829614, 3455.5998535468298
2758.8659999370575, 3237.1173260829614, 3455.58879423747
2766.5460000038147, 3237.1173260829614, 3455.587530661064
2766.558000087738, 3237.1173260829614, 3455.587530661064
2766.5729999542236, 3237.1173260829614, 3455.5653698709666
2766.5789999961853, 3237.1173260829614, 3455.5653698709666
2766.5920000076294, 3237.1173260829614, 3455.5653698709666
2766.6240000724792, 3237.1173260829614, 3455.5653698709666
2766.630000114441, 3237.1173260829614, 3455.5653698709666
2766.640000104904, 3237.1173260829614, 3455.5653698709666
2766.6760001182556, 3237.1173260829614, 3455.5575321939978
2774.3870000839233, 3237.1173260829614, 3455.5575321939978
2774.3980000019073, 3237.1173260829614, 3455.5575321939978
2774.4079999923706, 3237.1173260829614, 3455.5575321939978
2774.433000087738, 3237.1173260829614, 3455.5575321939978
2774.4390001296997, 3237.1173260829614, 3455.5575321939978
2774.444000005722, 3237.1173260829614, 3455.5575321939978
2774.449000120163, 3237.1173260829614, 3455.5575321939978
2774.475000143051, 3237.1173260829614, 3455.5575321939978
2774.4850001335144, 3237.1173260829614, 3455.5575321939978
2774.496999979019, 3237.1173260829614, 3455.5575321939978
2774.5299999713898, 3237.1173260829614, 3455.549439224509
2781.7139999866486, 3237.1173260829614, 3455.549439224509
2781.7290000915527, 3237.1173260829614, 3455.5364385451817
2781.733999967575, 3237.1173260829614, 3455.5364385451817
2781.739000082016, 3237.1173260829614, 3455.5364385451817
2781.7439999580383, 3237.1173260829614, 3455.5364385451817
2781.7510001659393, 3237.1173260829614, 3455.5364385451817
2781.7690000534058, 3237.1173260829614, 3455.53192777493
2781.776000022888, 3237.1173260829614, 3455.53192777493
2788.4790000915527, 3237.1173260829614, 3455.53192777493
2788.4880001544952, 3237.1173260829614, 3455.53192777493
2788.552999973297, 3237.1173260829614, 3455.5161039236305
2788.5670001506805, 3237.1173260829614, 3455.5161039236305
2788.572000026703, 3237.1173260829614, 3455.5161039236305
2796.215000152588, 3237.1173260829614, 3455.5150003470276
2796.2200000286102, 3237.1173260829614, 3455.5014926822587
2796.228000164032, 3237.1173260829614, 3455.5014926822587
2796.246999979019, 3237.1173260829614, 3455.487787298275
2796.295000076294, 3237.1173260829614, 3455.487787298275
2796.3180000782013, 3237.1173260829614, 3455.487282832857
2803.9479999542236, 3237.1173260829614, 3455.487282832857
2803.976000070572, 3237.1173260829614, 3455.487282832857
2804.0169999599457, 3237.1173260829614, 3455.481476985319
2804.0360000133514, 3237.1173260829614, 3455.481476985319
2811.1230001449585, 3237.1173260829614, 3455.477864071396
2811.1330001354218, 3237.1173260829614, 3455.477864071396
2811.138000011444, 3237.1173260829614, 3455.477864071396
2818.1930000782013, 3237.1173260829614, 3455.4642717735105
2825.8819999694824, 3237.1173260829614, 3455.4642717735105
2839.78400015831, 3237.1173260829614, 3455.380667461815
2839.7960000038147, 3237.1173260829614, 3455.379470664548
2846.3170001506805, 3237.1173260829614, 3455.3634957762533
2846.324000120163, 3237.1173260829614, 3455.3634957762533
2846.332000017166, 3237.1173260829614, 3455.3634957762533
2846.3450000286102, 3237.1173260829614, 3455.3634957762533
2852.9539999961853, 3237.1173260829614, 3455.3618187860006
2859.518000125885, 3237.1173260829614, 3455.3534722744484
2859.526999950409, 3237.1173260829614, 3455.3534722744484
2859.53200006485, 3237.1173260829614, 3455.3534722744484
2859.5390000343323, 3237.1173260829614, 3455.3534722744484
2859.5750000476837, 3237.1173260829614, 3455.3534722744484
2859.5859999656677, 3237.1173260829614, 3455.3534722744484
2859.5910000801086, 3237.1173260829614, 3455.3534722744484
2874.15900015831, 3237.1173260829614, 3455.3097605071503
2881.108999967575, 3237.1173260829614, 3455.2821433241056
2887.723000049591, 3237.1173260829614, 3455.279933109022
2887.7320001125336, 3237.1173260829614, 3455.279933109022
2887.7590000629425, 3237.1173260829614, 3455.2721677205514
2894.6340000629425, 3237.1173260829614, 3455.2721677205514
2894.6530001163483, 3237.1173260829614, 3455.2618925393585
2894.6770000457764, 3237.1173260829614, 3455.258525420988
2894.690999984741, 3237.1173260829614, 3455.258525420988
2901.8420000076294, 3237.1173260829614, 3455.251098878512
2909.2450001239777, 3237.1173260829614, 3455.248474562777
2909.255000114441, 3237.1173260829614, 3455.248474562777
2909.3099999427795, 3237.1173260829614, 3455.2457083346476
2924.1500000953674, 3237.1173260829614, 3455.2380149486607
2931.28200006485, 3237.1173260829614, 3455.2380149486607
2931.295000076294, 3237.1173260829614, 3455.2380149486607
2938.2450001239777, 3237.1173260829614, 3455.2307903739647
2938.2580001354218, 3237.1173260829614, 3455.2307903739647
2938.3070001602173, 3237.1173260829614, 3455.229799715405
2945.483999967575, 3237.1173260829614, 3455.229799715405
2945.518000125885, 3237.1173260829614, 3455.229799715405
2945.5800001621246, 3237.1173260829614, 3455.2229469630925
2960.138999938965, 3237.1173260829614, 3455.2064218935952
2960.1900000572205, 3237.1173260829614, 3455.201217027824
2966.963000059128, 3237.1173260829614, 3455.186650929758
2967.015000104904, 3237.1173260829614, 3455.1791234309467
2967.0250000953674, 3237.1173260829614, 3455.1791234309467
2973.542000055313, 3237.1173260829614, 3455.1724071036224
2973.5520000457764, 3237.1173260829614, 3455.1724071036224
2973.558000087738, 3237.1173260829614, 3455.1700551469603
2980.2160000801086, 3237.1173260829614, 3455.153850027944
2986.5940001010895, 3237.1173260829614, 3455.153850027944
2986.6050000190735, 3237.1173260829614, 3455.153850027944
2993.5410001277924, 3237.1173260829614, 3455.143459872643
2993.5599999427795, 3237.1173260829614, 3455.1425149770803
2993.600000143051, 3237.1173260829614, 3455.1425149770803
3000.305000066757, 3237.1173260829614, 3455.1320913698405
3006.617000102997, 3237.1173260829614, 3455.1263105127705
3019.9130001068115, 3237.1173260829614, 3455.116276736422
3026.3710000514984, 3237.1173260829614, 3455.1022176842703
3026.3819999694824, 3237.1173260829614, 3455.1022176842703
3026.3919999599457, 3237.1173260829614, 3455.1022176842703
3026.4000000953674, 3237.1173260829614, 3455.1022176842703
3037.914999961853, 3237.1173260829614, 3455.07259404461
3037.9290001392365, 3237.1173260829614, 3455.070239676472
3037.933000087738, 3237.1173260829614, 3455.070239676472
3037.9690001010895, 3237.1173260829614, 3455.066262577873
3044.5390000343323, 3237.1173260829614, 3455.0562826890196
3058.5670001506805, 3237.1173260829614, 3455.0225060428515
3058.572000026703, 3237.1173260829614, 3455.0225060428515
3072.309000015259, 3237.1173260829614, 3454.9705419086677
3079.463000059128, 3237.1173260829614, 3454.9705419086677
3086.4079999923706, 3237.1173260829614, 3454.95454465228
3086.4210000038147, 3237.1173260829614, 3454.9489858214156
3086.4370000362396, 3237.1173260829614, 3454.9475091327463
3086.446000099182, 3237.1173260829614, 3454.9475091327463
3093.265000104904, 3237.1173260829614, 3454.9421404301106
3099.9260001182556, 3237.1173260829614, 3454.9210132327344
3113.4290001392365, 3237.1173260829614, 3454.87909370929
3120.146000146866, 3237.1173260829614, 3454.87909370929
3120.1600000858307, 3237.1173260829614, 3454.87909370929
3133.1240000724792, 3237.1173260829614, 3454.837978601423
3133.140000104904, 3237.1173260829614, 3454.819788172634
3133.1790001392365, 3237.1173260829614, 3454.8133131116833
3140.061000108719, 3237.1173260829614, 3454.8133131116833
3146.9790000915527, 3237.1173260829614, 3454.8006329455275
3147.0060000419617, 3237.1173260829614, 3454.791038034082
3154.1080000400543, 3237.1173260829614, 3454.7873955618998
3154.114000082016, 3237.1173260829614, 3454.7873955618998
3154.1200001239777, 3237.1173260829614, 3454.7873955618998
3154.1530001163483, 3237.1173260829614, 3454.7810374771348
3161.3229999542236, 3237.1173260829614, 3454.7808841647
3161.3310000896454, 3237.1173260829614, 3454.7808841647
3161.378000020981, 3237.1173260829614, 3454.775048328438
3168.1979999542236, 3237.1173260829614, 3454.7735507166685
3168.2109999656677, 3237.1173260829614, 3454.7735507166685
3168.21799993515, 3237.1173260829614, 3454.7735507166685
3168.223000049591, 3237.1173260829614, 3454.7735507166685
3168.2300000190735, 3237.1173260829614, 3454.7735507166685
3168.2400000095367, 3237.1173260829614, 3454.7735507166685
3174.044000148773, 3237.1173260829614, 3454.765574087575
3174.0520000457764, 3237.1173260829614, 3454.765574087575
3174.0570001602173, 3237.1173260829614, 3454.765574087575
3174.0620000362396, 3237.1173260829614, 3454.765574087575
3174.069000005722, 3237.1173260829614, 3454.762695235526
3174.082000017166, 3237.1173260829614, 3454.762695235526
3181.164999961853, 3237.1173260829614, 3454.762695235526
3181.1749999523163, 3237.1173260829614, 3454.762695235526
3181.184000015259, 3237.1173260829614, 3454.762695235526
3201.364000082016, 3237.1173260829614, 3454.7329184394443
3201.3849999904633, 3237.1173260829614, 3454.7287407888216
3201.3919999599457, 3237.1173260829614, 3454.7287407888216
3214.8540000915527, 3237.1173260829614, 3454.7190489392488
3214.8650000095367, 3237.1173260829614, 3454.7190489392488
3214.8700001239777, 3237.1173260829614, 3454.7190489392488
3214.9079999923706, 3237.1173260829614, 3454.7190489392488
3214.9210000038147, 3237.1173260829614, 3454.712487447172
3222.058000087738, 3237.1173260829614, 3454.712487447172
3222.0650000572205, 3237.1173260829614, 3454.712487447172
3222.087000131607, 3237.1173260829614, 3454.709276690122
3222.098000049591, 3237.1173260829614, 3454.709276690122
3222.1070001125336, 3237.1173260829614, 3454.709276690122
3222.140000104904, 3237.1173260829614, 3454.707120465158
3222.146000146866, 3237.1173260829614, 3454.705536142396
3237.375, 3237.1173260829614, 3454.700630997147
3237.3849999904633, 3237.1173260829614, 3454.700630997147
3237.40900015831, 3237.1173260829614, 3454.700630997147
3237.433000087738, 3237.1173260829614, 3454.6997680140094
3244.125, 3237.1173260829614, 3454.693966319033
3244.1360001564026, 3237.1173260829614, 3454.693966319033
3244.1419999599457, 3237.1173260829614, 3454.693966319033
3244.146000146866, 3237.1173260829614, 3454.693966319033
3244.177999973297, 3237.1173260829614, 3454.683589969656
3251.209000110626, 3237.1173260829614, 3454.683589969656
3251.215000152588, 3237.1173260829614, 3454.683589969656
3251.236000061035, 3237.1173260829614, 3454.683589969656
3251.2409999370575, 3237.1173260829614, 3454.683589969656
3251.263999938965, 3237.1173260829614, 3454.680483454017
3257.7910001277924, 3237.1173260829614, 3454.680483454017
3257.8020000457764, 3237.1173260829614, 3454.680483454017
3257.809000015259, 3237.1173260829614, 3454.680483454017
3257.827000141144, 3237.1173260829614, 3454.6723947110036
3265.4900000095367, 3237.1173260829614, 3454.6723947110036
3265.505000114441, 3237.1173260829614, 3454.668628951901
3265.5169999599457, 3237.1173260829614, 3454.668628951901
3265.542000055313, 3237.1173260829614, 3454.668628951901
3265.5620000362396, 3237.1173260829614, 3454.668628951901
3265.5729999542236, 3237.1173260829614, 3454.668628951901
3273.055000066757, 3237.1173260829614, 3454.668628951901
3273.0800001621246, 3237.1173260829614, 3454.668628951901
3280.2350001335144, 3237.1173260829614, 3454.6597857619977
3288.1070001125336, 3237.1173260829614, 3454.6474138027734
3288.1240000724792, 3237.1173260829614, 3454.6474138027734
3295.8860001564026, 3237.1173260829614, 3454.6410558297853
3295.9000000953674, 3237.1173260829614, 3454.6410558297853
3295.933000087738, 3237.1173260829614, 3454.6410558297853
3295.9560000896454, 3237.1173260829614, 3454.6410558297853
3302.8970000743866, 3237.1173260829614, 3454.6336757829567
3309.975000143051, 3237.1173260829614, 3454.626393790191
3309.9960000514984, 3237.1173260829614, 3454.626393790191
3310.0099999904633, 3237.1173260829614, 3454.6260702472086
3317.209000110626, 3237.1173260829614, 3454.6229380811606
3317.2269999980927, 3237.1173260829614, 3454.6229380811606
3330.411999940872, 3237.1173260829614, 3454.605089547585
3330.4349999427795, 3237.1173260829614, 3454.595520478011
3337.555999994278, 3237.1173260829614, 3454.595520478011
3344.9769999980927, 3237.1173260829614, 3454.579394288161
3352.542000055313, 3237.1173260829614, 3454.5750195361325
3352.552999973297, 3237.1173260829614, 3454.5750195361325
3359.8650000095367, 3237.1173260829614, 3454.5672082116744
3359.8810000419617, 3237.1173260829614, 3454.5672082116744
3359.8949999809265, 3237.1173260829614, 3454.5672082116744
3367.111999988556, 3237.1173260829614, 3454.5667793398648
3367.1349999904633, 3237.1173260829614, 3454.5667793398648
3374.0060000419617, 3237.1173260829614, 3454.5545281197783
3374.0190000534058, 3237.1173260829614, 3454.546308525017
3387.7350001335144, 3237.1173260829614, 3454.5293480475507
3394.9160001277924, 3237.1173260829614, 3454.5131496387266
3394.946000099182, 3237.1173260829614, 3454.5054872876035
3401.492000102997, 3237.1173260829614, 3454.5023161678237
3409.0510001182556, 3237.1173260829614, 3454.4952287048654
3416.646000146866, 3237.1173260829614, 3454.4934479495237
3416.6640000343323, 3237.1173260829614, 3454.4862025939387
3424.375, 3237.1173260829614, 3454.4792060370073
3424.3919999599457, 3237.1173260829614, 3454.4792060370073
3424.420000076294, 3237.1173260829614, 3454.47370891405
3424.4270000457764, 3237.1173260829614, 3454.47370891405
3432.0490000247955, 3237.1173260829614, 3454.47370891405
3432.065999984741, 3237.1173260829614, 3454.473571383951
3432.125, 3237.1173260829614, 3454.473571383951
3432.1360001564026, 3237.1173260829614, 3454.470520044242
3439.406000137329, 3237.1173260829614, 3454.470520044242
3439.4110000133514, 3237.1173260829614, 3454.470520044242
3439.4210000038147, 3237.1173260829614, 3454.4661526687646
3439.4270000457764, 3237.1173260829614, 3454.4661526687646
3446.50200009346, 3237.1173260829614, 3454.466139354393
3446.5099999904633, 3237.1173260829614, 3454.466139354393
3453.3420000076294, 3237.1173260829614, 3454.4616808348756
3453.3580000400543, 3237.1173260829614, 3454.4616808348756
3453.3650000095367, 3237.1173260829614, 3454.4616808348756
3453.3740000724792, 3237.1173260829614, 3454.4616808348756
3453.3819999694824, 3237.1173260829614, 3454.4616808348756
3453.401999950409, 3237.1173260829614, 3454.4582350825476
3453.4210000038147, 3237.1173260829614, 3454.4582350825476
3453.4349999427795, 3237.1173260829614, 3454.4558769186365
3460.305999994278, 3237.1173260829614, 3454.4534472968307
3460.3229999542236, 3237.1173260829614, 3454.4504061114008
3460.332000017166, 3237.1173260829614, 3454.4504061114008
3460.338000059128, 3237.1173260829614, 3454.4504061114008
3460.345999956131, 3237.1173260829614, 3454.4504061114008
3466.7960000038147, 3237.1173260829614, 3454.4431537341497
3473.4809999465942, 3237.1173260829614, 3454.4387311912856
3473.5250000953674, 3237.1173260829614, 3454.4379263376386
3480.46799993515, 3237.1173260829614, 3454.4355560382223
3480.496999979019, 3237.1173260829614, 3454.4343486964553
3493.5499999523163, 3237.1173260829614, 3454.4181408378317
3493.571000099182, 3237.1173260829614, 3454.417876772782
3500.031000137329, 3237.1173260829614, 3454.4173881062575
3500.048000097275, 3237.1173260829614, 3454.4136962458733
3506.4550001621246, 3237.1173260829614, 3454.410997833927
3506.4769999980927, 3237.1173260829614, 3454.4094518477773
3506.4960000514984, 3237.1173260829614, 3454.4094518477773
3512.9000000953674, 3237.1173260829614, 3454.406094770066
3512.9079999923706, 3237.1173260829614, 3454.4055670259436
3512.934000015259, 3237.1173260829614, 3454.402997917227
3512.9479999542236, 3237.1173260829614, 3454.402997917227
3512.9560000896454, 3237.1173260829614, 3454.402997917227
3512.965000152588, 3237.1173260829614, 3454.402997917227
3512.978000164032, 3237.1173260829614, 3454.402997917227
3512.9909999370575, 3237.1173260829614, 3454.402997917227
3519.871999979019, 3237.1173260829614, 3454.397994919089
3527.353000164032, 3237.1173260829614, 3454.3965406215634
3527.3659999370575, 3237.1173260829614, 3454.395226597959
3527.3870000839233, 3237.1173260829614, 3454.395226597959
3527.4110000133514, 3237.1173260829614, 3454.39286541624
3534.6490001678467, 3237.1173260829614, 3454.387784817111
3534.6660001277924, 3237.1173260829614, 3454.38564009384
3534.6879999637604, 3237.1173260829614, 3454.38564009384
3534.7060000896454, 3237.1173260829614, 3454.38564009384
3541.0640001296997, 3237.1173260829614, 3454.3783302750094
3541.072000026703, 3237.1173260829614, 3454.3783302750094
3541.090000152588, 3237.1173260829614, 3454.376757629367
3548.1490001678467, 3237.1173260829614, 3454.3667806453354
3548.1790001392365, 3237.1173260829614, 3454.365680358194
3548.199000120163, 3237.1173260829614, 3454.365680358194
3555.5099999904633, 3237.1173260829614, 3454.3631410020516
3555.5510001182556, 3237.1173260829614, 3454.3631410020516
3562.311000108719, 3237.1173260829614, 3454.357530276936
3562.319999933243, 3237.1173260829614, 3454.357530276936
3569.279000043869, 3237.1173260829614, 3454.3543150039172
3569.319000005722, 3237.1173260829614, 3454.3495922215448
3576.401999950409, 3237.1173260829614, 3454.3495922215448
3576.444000005722, 3237.1173260829614, 3454.3423436391186
3583.286999940872, 3237.1173260829614, 3454.3423436391186
3583.3289999961853, 3237.1173260829614, 3454.3241075191245
3590.1040000915527, 3237.1173260829614, 3454.317226637149
3590.1230001449585, 3237.1173260829614, 3454.3065288241432
3597.503000020981, 3237.1173260829614, 3454.3065288241432
3597.513999938965, 3237.1173260829614, 3454.3052801227536
3597.526000022888, 3237.1173260829614, 3454.29930598843
3600.0199999809265, 3237.1173260829614, 3454.284501526607
3600.029000043869, 3237.1173260829614, 3454.2785561272112
3600.1040000915527, 3237.117326082961, 3454.2785561272112
