0.010999917984008789, -1e+100, 1e+100
0.3840000629425049, -1e+100, 274225.40842419385
0.5179998874664307, -1e+100, 33894.442322067734
0.5809998512268066, -1e+100, 33894.442322067734
0.6010000705718994, -1e+100, 33894.442322067734
0.6189999580383301, -1e+100, 33894.442322067734
0.6340000629425049, -1e+100, 33894.442322067734
0.6429998874664307, -1e+100, 33894.442322067734
0.7699999809265137, -1e+100, 25975.93455537144
0.7829999923706055, -1e+100, 25975.93455537144
0.7929999828338623, -1e+100, 25975.93455537144
0.8139998912811279, -1e+100, 25975.93455537144
0.8239998817443848, -1e+100, 25975.93455537144
1.0179998874664307, -1e+100, 23933.05755985579
1.0279998779296875, -1e+100, 23933.05755985579
1.0399999618530273, -1e+100, 23933.05755985579
1.0469999313354492, -1e+100, 23933.05755985579
1.053999900817871, -1e+100, 23933.05755985579
1.244999885559082, -1e+100, 21725.27219798651
1.2899999618530273, -1e+100, 21725.27219798651
1.3250000476837158, -1e+100, 21725.27219798651
1.3339998722076416, -1e+100, 21725.27219798651
1.3410000801086426, -1e+100, 21725.27219798651
1.555999994277954, -1e+100, 20528.95208040822
1.568000078201294, -1e+100, 20528.95208040822
1.5769999027252197, -1e+100, 20528.95208040822
1.5850000381469727, -1e+100, 20528.95208040822
1.5929999351501465, -1e+100, 20528.95208040822
1.7590000629425049, -1e+100, 20219.23328792445
1.7679998874664307, -1e+100, 20219.23328792445
1.7769999504089355, -1e+100, 20219.23328792445
1.7849998474121094, -1e+100, 20219.23328792445
1.7890000343322754, 1136.644557007446, 20219.23328792445
1.7960000038146973, 1138.9243350640336, 20219.23328792445
2.055999994277954, 1138.9243350640336, 20052.04889024921
2.069999933242798, 1138.9243350640336, 20052.04889024921
2.078000068664551, 1138.9243350640336, 20052.04889024921
2.0850000381469727, 1138.9243350640336, 20052.04889024921
2.0929999351501465, 1138.9243350640336, 20052.04889024921
2.129999876022339, 1138.9243350640336, 20052.04889024921
2.250999927520752, 1138.9243350640336, 20052.04889024921
2.3369998931884766, 1138.9243350640336, 20052.04889024921
2.4179999828338623, 1138.9243350640336, 20052.04889024921
2.5290000438690186, 1138.9243350640336, 20052.04889024921
2.5369999408721924, 1138.9243350640336, 20052.04889024921
3.0309998989105225, 1138.9243350640336, 19785.03994216555
3.0420000553131104, 1138.9243350640336, 19785.03994216555
3.052000045776367, 1138.9243350640336, 19785.03994216555
3.060999870300293, 1138.9243350640336, 19785.03994216555
3.069999933242798, 1138.9243350640336, 19785.03994216555
3.2820000648498535, 1177.6469638011172, 19665.889827922158
3.2920000553131104, 1177.6469638011172, 19665.889827922158
3.302999973297119, 1177.6469638011172, 19665.889827922158
3.3569998741149902, 3327.482005082991, 19665.889827922158
3.4860000610351562, 3327.482005082991, 19665.889827922158
3.5999999046325684, 3327.482005082991, 19665.889827922158
3.7039999961853027, 3327.482005082991, 19665.889827922158
3.7690000534057617, 3327.482005082991, 19665.889827922158
3.7809998989105225, 3364.8855513568956, 19665.889827922158
3.990000009536743, 3364.8855513568956, 19417.695628805428
4.361000061035156, 3364.8855513568956, 19314.667757369498
4.513000011444092, 3364.8855513568956, 19314.388738378257
4.533999919891357, 3364.8855513568956, 19314.388738378257
5.828000068664551, 3364.8855513568956, 18645.56072106391
5.8420000076293945, 3364.8855513568956, 18645.56072106391
5.855000019073486, 3364.8855513568956, 18645.56072106391
5.865999937057495, 3364.8855513568956, 18645.56072106391
6.24399995803833, 3364.8855513568956, 11872.580896480082
6.323999881744385, 3364.8855513568956, 11872.580896480082
6.388000011444092, 3364.8855513568956, 11872.580896480082
6.519999980926514, 3364.8855513568956, 11872.580896480082
6.565999984741211, 3364.8855513568956, 11872.580896480082
6.687999963760376, 3364.8855513568956, 11872.580896480082
6.822000026702881, 3364.8855513568956, 11872.580896480082
9.628000020980835, 3364.8855513568956, 11378.530737250569
9.634000062942505, 3364.8855513568956, 11378.530737250569
10.569999933242798, 3364.8855513568956, 11142.47649579491
14.611999988555908, 3364.8855513568956, 11142.47649579491
14.704999923706055, 3364.8855513568956, 11142.47649579491
14.730000019073486, 3364.8855513568956, 11142.47649579491
14.753999948501587, 3364.8855513568956, 11142.47649579491
14.77999997138977, 3364.8855513568956, 11142.47649579491
14.805000066757202, 3364.8855513568956, 11142.47649579491
15.749000072479248, 3364.8855513568956, 11142.47649579491
15.776000022888184, 3364.8855513568956, 11142.47649579491
15.799999952316284, 3364.8855513568956, 11142.47649579491
15.843999862670898, 3364.8855513568956, 11142.47649579491
15.86899995803833, 3364.8855513568956, 11142.47649579491
16.859999895095825, 3364.8855513568956, 11142.47649579491
16.89400005340576, 3364.8855513568956, 11142.47649579491
16.901000022888184, 3364.8855513568956, 11142.47649579491
16.907999992370605, 3364.8855513568956, 11142.47649579491
16.914999961853027, 3364.8855513568956, 11142.47649579491
16.92199993133545, 3364.8855513568956, 11142.47649579491
17.194999933242798, 3364.8855513568956, 11142.47649579491
17.250999927520752, 3364.8855513568956, 11142.47649579491
17.274999856948853, 3364.8855513568956, 11142.47649579491
17.29699993133545, 3364.8855513568956, 11142.47649579491
17.32200002670288, 3364.8855513568956, 11142.47649579491
17.37999987602234, 3364.8855513568956, 11142.47649579491
17.95799994468689, 3364.8855513568956, 11142.47649579491
17.977999925613403, 3364.8855513568956, 11142.47649579491
17.993000030517578, 3364.8855513568956, 11142.47649579491
17.996999979019165, 3364.8855513568956, 11142.47649579491
18.013999938964844, 3364.8855513568956, 11142.47649579491
18.039000034332275, 3364.8855513568956, 11142.47649579491
18.050999879837036, 3364.8855513568956, 11142.47649579491
18.091000080108643, 3364.8855513568956, 11142.47649579491
18.1010000705719, 3364.8855513568956, 11142.47649579491
18.109999895095825, 3364.8855513568956, 11142.47649579491
18.11899995803833, 3364.8855513568956, 11142.47649579491
18.126999855041504, 3364.8855513568956, 11142.47649579491
18.424999952316284, 3364.8855513568956, 11142.47649579491
18.473999977111816, 3364.8855513568956, 11142.47649579491
18.51199984550476, 3364.8855513568956, 11142.47649579491
18.53600001335144, 3364.8855513568956, 11142.47649579491
18.560999870300293, 3364.8855513568956, 11142.47649579491
18.582000017166138, 3364.8855513568956, 11142.47649579491
19.026000022888184, 3364.8855513568956, 11111.720933543218
19.115999937057495, 3364.8855513568956, 11111.720933543218
19.15499997138977, 3364.8855513568956, 11111.720933543218
19.238999843597412, 3364.8855513568956, 11111.720933543218
19.274999856948853, 3364.8855513568956, 11111.720933543218
19.307999849319458, 3364.8855513568956, 11111.720933543218
19.31599998474121, 3364.8855513568956, 11111.720933543218
19.733999967575073, 3364.8855513568956, 10902.367144857335
19.74399995803833, 3364.8855513568956, 10902.367144857335
19.776999950408936, 3364.8855513568956, 10902.367144857335
19.800999879837036, 3364.8855513568956, 10902.367144857335
19.832000017166138, 3364.8855513568956, 10902.367144857335
19.853999853134155, 3364.8855513568956, 10902.367144857335
19.878999948501587, 3364.8855513568956, 10902.367144857335
19.88599991798401, 3364.8855513568956, 10902.367144857335
21.082000017166138, 3364.8855513568956, 10821.36096529932
21.092999935150146, 3364.8855513568956, 10821.36096529932
21.1489999294281, 3364.8855513568956, 10821.36096529932
21.177000045776367, 3364.8855513568956, 10821.36096529932
21.19599986076355, 3364.8855513568956, 10821.36096529932
21.217000007629395, 3364.8855513568956, 10821.36096529932
21.233999967575073, 3364.8855513568956, 10821.36096529932
21.280999898910522, 3364.8855513568956, 10821.36096529932
21.305999994277954, 3364.8855513568956, 10821.36096529932
21.330999851226807, 3364.8855513568956, 10821.36096529932
21.36899995803833, 3364.8855513568956, 10821.36096529932
21.391000032424927, 3364.8855513568956, 10821.36096529932
21.795000076293945, 3364.8855513568956, 10747.638817707988
21.80399990081787, 3364.8855513568956, 10747.638817707988
21.835000038146973, 3364.8855513568956, 10747.638817707988
21.853999853134155, 3364.8855513568956, 10747.638817707988
21.871000051498413, 3364.8855513568956, 10747.638817707988
21.888999938964844, 3364.8855513568956, 10747.638817707988
21.89400005340576, 3364.8855513568956, 10747.638817707988
21.911999940872192, 3364.8855513568956, 10747.638817707988
22.532000064849854, 3364.8855513568956, 10721.236047165257
22.549000024795532, 3364.8855513568956, 10721.236047165257
22.57200002670288, 3364.8855513568956, 10721.236047165257
22.60199999809265, 3364.8855513568956, 10721.236047165257
22.619999885559082, 3364.8855513568956, 10721.236047165257
22.638000011444092, 3364.8855513568956, 10721.236047165257
22.652999877929688, 3364.8855513568956, 10721.236047165257
22.668999910354614, 3364.8855513568956, 10721.236047165257
22.700999975204468, 3364.8855513568956, 10721.236047165257
22.727999925613403, 3364.8855513568956, 10721.236047165257
22.76699995994568, 3364.8855513568956, 10721.236047165257
22.79200005531311, 3364.8855513568956, 10721.236047165257
22.85699987411499, 3364.8855513568956, 10721.236047165257
23.453999996185303, 3364.8855513568956, 10682.55893971527
24.812000036239624, 3364.8855513568956, 10564.816014559363
24.816999912261963, 3364.8855513568956, 10564.816014559363
24.830999851226807, 3364.8855513568956, 10564.816014559363
24.861999988555908, 3364.8855513568956, 10564.816014559363
24.878999948501587, 3364.8855513568956, 10564.816014559363
24.891000032424927, 3364.8855513568956, 10564.816014559363
24.902999877929688, 3364.8855513568956, 10564.816014559363
24.914000034332275, 3364.8855513568956, 10564.816014559363
24.927000045776367, 3364.8855513568956, 10564.816014559363
24.95300006866455, 3364.8855513568956, 10564.816014559363
24.967999935150146, 3364.8855513568956, 10564.816014559363
24.984999895095825, 3364.8855513568956, 10564.816014559363
25.00499987602234, 3364.8855513568956, 10564.816014559363
25.02300000190735, 3364.8855513568956, 10564.816014559363
25.039999961853027, 3364.8855513568956, 10564.816014559363
25.049000024795532, 3364.8855513568956, 10564.816014559363
25.05999994277954, 3364.8855513568956, 10564.816014559363
25.073999881744385, 3364.8855513568956, 10564.816014559363
25.08399987220764, 3364.8855513568956, 10564.816014559363
25.948999881744385, 3364.8855513568956, 10526.694355491394
25.991999864578247, 3364.8855513568956, 10526.694355491394
26.63699984550476, 3364.8855513568956, 10485.802591838186
27.26099991798401, 3364.8855513568956, 10448.576874218348
27.730000019073486, 3364.8855513568956, 10448.576874218348
27.746000051498413, 3364.8855513568956, 10448.576874218348
27.776000022888184, 3364.8855513568956, 10448.576874218348
27.782000064849854, 3364.8855513568956, 10448.576874218348
27.80999994277954, 3364.8855513568956, 10448.576874218348
27.81599998474121, 3364.8855513568956, 10448.576874218348
27.828999996185303, 3364.8855513568956, 10448.576874218348
27.83399987220764, 3364.8855513568956, 10448.576874218348
27.846999883651733, 3364.8855513568956, 10448.576874218348
27.85199999809265, 3364.8855513568956, 10448.576874218348
27.876999855041504, 3364.8855513568956, 10448.576874218348
27.90499997138977, 3364.8855513568956, 10448.576874218348
27.921000003814697, 3364.8855513568956, 10448.576874218348
27.937999963760376, 3364.8855513568956, 10448.576874218348
27.953999996185303, 3364.8855513568956, 10448.576874218348
28.006999969482422, 3364.8855513568956, 10448.576874218348
28.073999881744385, 3364.8855513568956, 10448.576874218348
28.121999979019165, 3364.8855513568956, 10448.576874218348
28.180000066757202, 3364.8855513568956, 10448.576874218348
28.22499990463257, 3364.8855513568956, 10448.576874218348
28.23099994659424, 3364.8855513568956, 10448.576874218348
28.58999991416931, 3364.8855513568956, 10448.576874218348
28.605000019073486, 3364.8855513568956, 10448.576874218348
28.619999885559082, 3364.8855513568956, 10448.576874218348
28.634999990463257, 3364.8855513568956, 10448.576874218348
28.655999898910522, 3364.8855513568956, 10448.576874218348
28.693000078201294, 3364.8855513568956, 10448.576874218348
28.70899987220764, 3364.8855513568956, 10448.576874218348
28.7260000705719, 3364.8855513568956, 10448.576874218348
28.740999937057495, 3364.8855513568956, 10448.576874218348
28.757999897003174, 3364.8855513568956, 10448.576874218348
28.799999952316284, 3364.8855513568956, 10448.576874218348
28.825999975204468, 3364.8855513568956, 10448.576874218348
28.853999853134155, 3364.8855513568956, 10448.576874218348
28.89299988746643, 3364.8855513568956, 10448.576874218348
28.950999975204468, 3364.8855513568956, 10448.576874218348
30.57800006866455, 3364.8855513568956, 10448.576874218348
31.562999963760376, 3364.8855513568956, 10065.71118684523
32.75399994850159, 3364.8855513568956, 9640.080748600882
32.85899996757507, 3364.8855513568956, 9640.080748600882
34.251999855041504, 3364.8855513568956, 9479.305966986967
34.700000047683716, 3364.8855513568956, 9479.305966986967
36.09999990463257, 3364.8855513568956, 9287.219644976605
36.10599994659424, 3364.8855513568956, 9287.219644976605
36.11199998855591, 3364.8855513568956, 9287.219644976605
36.11699986457825, 3364.8855513568956, 9287.219644976605
36.11999988555908, 3364.8855513568956, 9287.219644976605
36.12400007247925, 3364.8855513568956, 9287.219644976605
36.35599994659424, 3364.8855513568956, 9287.219644976605
37.03099989891052, 3364.8855513568956, 9251.575495063991
37.300999879837036, 3364.8855513568956, 9132.163200337605
37.305999994277954, 3364.8855513568956, 9132.163200337605
37.30900001525879, 3364.8855513568956, 9132.163200337605
39.098999977111816, 3364.8855513568956, 9066.29375856391
39.1029999256134, 3364.8855513568956, 9066.29375856391
39.10599994659424, 3364.8855513568956, 9066.29375856391
39.10899996757507, 3364.8855513568956, 9066.29375856391
39.11299991607666, 3364.8855513568956, 9066.29375856391
39.115999937057495, 3364.8855513568956, 9066.29375856391
39.11899995803833, 3364.8855513568956, 9066.29375856391
41.02999997138977, 3364.8855513568956, 9016.065608528557
41.03499984741211, 3364.8855513568956, 9016.065608528557
42.269999980926514, 3364.8855513568956, 8928.581799264275
43.145999908447266, 3364.8855513568956, 8928.581799264275
43.14999985694885, 3364.8855513568956, 8928.581799264275
43.15400004386902, 3364.8855513568956, 8881.564061703508
44.746999979019165, 3364.8855513568956, 8881.564061703508
44.75099992752075, 3364.8855513568956, 8881.564061703508
47.75699996948242, 3364.8855513568956, 8804.832432341613
48.355000019073486, 3364.8855513568956, 8718.883035257806
48.361000061035156, 3364.8855513568956, 8718.883035257806
48.365999937057495, 3364.8855513568956, 8718.883035257806
48.37100005149841, 3364.8855513568956, 8685.62823993599
48.375, 3364.8855513568956, 8685.62823993599
48.38100004196167, 3364.8855513568956, 8677.350860336608
52.9210000038147, 3364.8855513568956, 8518.503723637485
53.8199999332428, 3364.8855513568956, 8518.503723637485
55.501999855041504, 3364.8855513568956, 8518.503723637485
55.51300001144409, 3364.8855513568956, 8518.503723637485
57.33800005912781, 3364.8855513568956, 8518.503723637485
58.3989999294281, 3364.8855513568956, 8518.503723637485
59.323999881744385, 3364.8855513568956, 8518.503723637485
60.39800000190735, 3364.8855513568956, 8289.840566878122
60.40599989891052, 3364.8855513568956, 8289.840566878122
60.43499994277954, 3364.8855513568956, 8189.717936327946
66.39800000190735, 3364.8855513568956, 7965.843988009322
66.41700005531311, 3364.8855513568956, 7954.85028101824
66.4359998703003, 3364.8855513568956, 7954.85028101824
70.59599995613098, 3364.8855513568956, 7744.1004105138145
72.3769998550415, 3364.8855513568956, 7724.380839729754
73.8050000667572, 3364.8855513568956, 7671.725655874956
75.33200001716614, 3364.8855513568956, 7608.26350640726
77.02900004386902, 3364.8855513568956, 7550.961437465168
77.04399991035461, 3364.8855513568956, 7550.961437465168
82.98399996757507, 3364.8855513568956, 7388.5469431685515
85.14999985694885, 3364.8855513568956, 7358.050322129087
90.38599991798401, 3364.8855513568956, 7147.476035429624
92.96099996566772, 3364.8855513568956, 7130.107947018347
95.42599987983704, 3364.8855513568956, 7014.928861171021
98.18400001525879, 3364.8855513568956, 6924.425816206368
100.4539999961853, 3364.8855513568956, 6924.425816206368
100.48899984359741, 3364.8855513568956, 6924.425816206368
103.36199998855591, 3364.8855513568956, 6825.252272861655
109.94899988174438, 3364.8855513568956, 6415.126279057891
112.11699986457825, 3364.8855513568956, 6263.195909532836
112.12400007247925, 3364.8855513568956, 6263.195909532836
112.13800001144409, 3364.8855513568956, 6228.831642191392
114.38299989700317, 3364.8855513568956, 6164.393434941119
114.41299986839294, 3364.8855513568956, 6152.022194215859
114.42799997329712, 3364.8855513568956, 6058.012513547272
116.62599992752075, 3364.8855513568956, 6056.280399178018
116.63499999046326, 3364.8855513568956, 6005.789520636786
116.65400004386902, 3364.8855513568956, 6005.789520636786
116.6819999217987, 3364.8855513568956, 5945.595181153307
118.95199990272522, 3364.8855513568956, 5945.595181153307
118.96000003814697, 3364.8855513568956, 5945.595181153307
118.99199986457825, 3364.8855513568956, 5879.246843699025
119.00999999046326, 3364.8855513568956, 5879.246843699025
121.53799986839294, 3364.8855513568956, 5879.246843699025
121.54699993133545, 3364.8855513568956, 5879.246843699025
121.56399989128113, 3364.8855513568956, 5879.246843699025
124.07299995422363, 3364.8855513568956, 5879.246843699025
124.09599995613098, 3364.8855513568956, 5879.246843699025
124.10199999809265, 3364.8855513568956, 5879.246843699025
124.1159999370575, 3364.8855513568956, 5879.246843699025
126.15400004386902, 3364.8855513568956, 5797.927941508676
126.16400003433228, 3364.8855513568956, 5797.927941508676
126.1930000782013, 3364.8855513568956, 5797.927941508676
128.2300000190735, 3364.8855513568956, 5587.867600093197
130.25600004196167, 3364.8855513568956, 5453.774487544935
130.2699999809265, 3364.8855513568956, 5453.774487544935
130.27499985694885, 3364.8855513568956, 5453.774487544935
130.28999996185303, 3364.8855513568956, 5453.774487544935
130.3050000667572, 3364.8855513568956, 5453.774487544935
132.59599995613098, 3364.8855513568956, 5373.8946720701515
132.62400007247925, 3364.8855513568956, 5373.8946720701515
132.63100004196167, 3364.8855513568956, 5373.8946720701515
134.5699999332428, 3364.8855513568956, 5257.194421069841
134.59599995613098, 3364.8855513568956, 5257.194421069841
136.29900002479553, 3364.8855513568956, 5178.534436656721
136.3439998626709, 3364.8855513568956, 5081.944360841644
136.35599994659424, 3364.8855513568956, 5081.944360841644
136.37299990653992, 3364.8855513568956, 5081.944360841644
138.07200002670288, 3364.8855513568956, 4703.154907174527
139.51600003242493, 3364.8855513568956, 4703.154907174527
139.52900004386902, 3364.8855513568956, 4698.23843062745
139.53999996185303, 3364.8855513568956, 4698.23843062745
139.5590000152588, 3364.8855513568956, 4691.400555661793
141.03999996185303, 3364.8855513568956, 4637.468625426746
142.29099988937378, 3364.8855513568956, 4592.741468765351
142.30599999427795, 3364.8855513568956, 4536.907441642745
143.43099999427795, 3364.8855513568956, 4384.100514569307
144.5039999485016, 3364.8855513568956, 4323.539435559749
144.50999999046326, 3364.8855513568956, 4279.129349157766
144.51399993896484, 3364.8855513568956, 4279.129349157766
144.51799988746643, 3364.8855513568956, 4279.129349157766
144.5220000743866, 3364.8855513568956, 4279.129349157766
144.52699995040894, 3364.8855513568956, 4224.2776448526965
145.60399985313416, 3364.8855513568956, 3769.9580128265916
145.63299989700317, 3364.8855513568956, 3769.3295350729063
147.90899991989136, 3364.8855513568956, 3697.4407970735165
147.91599988937378, 3364.8855513568956, 3697.4407970735165
147.9319999217987, 3364.8855513568956, 3697.4407970735165
147.94899988174438, 3364.8855513568956, 3697.4407970735165
149.6729998588562, 3364.8855513568956, 3473.540380362764
149.6930000782013, 3364.8855513568956, 3473.540380362764
151.61100006103516, 3364.8855513568956, 3473.540380362764
151.6159999370575, 3364.8855513568956, 3473.540380362764
151.61999988555908, 3364.8855513568956, 3473.5050071856263
151.6269998550415, 3364.8855513568956, 3473.486273413717
151.63899993896484, 3364.8855513568956, 3473.479761554106
153.54399991035461, 3364.8855513568956, 3473.465456403024
153.54900002479553, 3364.8855513568956, 3473.465456403024
153.5550000667572, 3364.8855513568956, 3473.450965702644
153.56299996376038, 3364.8855513568956, 3473.450965702644
153.57299995422363, 3364.8855513568956, 3473.450965702644
153.58200001716614, 3364.8855513568956, 3473.450965702644
155.44199991226196, 3364.8855513568956, 3473.357547745879
155.4559998512268, 3364.8855513568956, 3473.357547745879
155.46199989318848, 3364.8855513568956, 3473.3557359960664
155.47699999809265, 3364.8855513568956, 3473.3328178886263
157.75999999046326, 3364.8855513568956, 3473.3328178886263
157.7649998664856, 3364.8855513568956, 3473.3328178886263
157.76900005340576, 3364.8855513568956, 3473.3328178886263
157.77499985694885, 3364.8855513568956, 3473.3328178886263
157.78799986839294, 3364.8855513568956, 3473.3313180882083
157.79999995231628, 3364.8855513568956, 3473.3313180882083
157.8109998703003, 3364.8855513568956, 3473.3313180882083
157.82299995422363, 3364.8855513568956, 3473.3129207559095
157.83500003814697, 3364.8855513568956, 3473.307726653671
160.04699993133545, 3364.8855513568956, 3473.307726653671
160.05399990081787, 3364.8855513568956, 3473.307726653671
160.06500005722046, 3364.8855513568956, 3473.307726653671
160.07699990272522, 3364.8855513568956, 3473.307302006808
160.08899998664856, 3364.8855513568956, 3473.307302006808
160.09800004959106, 3364.8855513568956, 3473.307302006808
160.11100006103516, 3364.8855513568956, 3473.307302006808
160.11999988555908, 3364.8855513568956, 3473.279879438352
160.13100004196167, 3364.8855513568956, 3473.2736290936596
162.2920000553131, 3364.8855513568956, 3473.2736290936596
162.29999995231628, 3364.8855513568956, 3473.2580714366572
162.3050000667572, 3364.8855513568956, 3473.2580714366572
162.31699991226196, 3364.8855513568956, 3473.2548700302164
162.34100008010864, 3364.8855513568956, 3473.2548700302164
162.34800004959106, 3364.8855513568956, 3473.2548700302164
164.51600003242493, 3364.8855513568956, 3473.2548700302164
164.5239999294281, 3364.8855513568956, 3473.2548700302164
164.5329999923706, 3364.8855513568956, 3473.2548700302164
164.5569999217987, 3364.8855513568956, 3473.2548700302164
166.5220000743866, 3364.8855513568956, 3473.2548700302164
166.54900002479553, 3364.8855513568956, 3473.238713950831
166.5659999847412, 3364.8855513568956, 3473.238713950831
166.57200002670288, 3364.8855513568956, 3473.2253551454
166.57699990272522, 3364.8855513568956, 3473.2253551454
168.7149999141693, 3364.8855513568956, 3473.2253551454
168.72399997711182, 3364.8855513568956, 3473.2253551454
168.74000000953674, 3364.8855513568956, 3473.2253551454
168.75300002098083, 3364.8855513568956, 3473.2253551454
168.76900005340576, 3364.8855513568956, 3473.2170739693765
170.93499994277954, 3364.8855513568956, 3473.2170739693765
170.9449999332428, 3364.8855513568956, 3473.2170739693765
170.95300006866455, 3364.8855513568956, 3473.2170739693765
170.96099996566772, 3364.8855513568956, 3473.2170739693765
170.981999874115, 3364.8855513568956, 3473.210437800691
173.14400005340576, 3364.8855513568956, 3473.2043504235317
173.1529998779297, 3364.8855513568956, 3473.2043504235317
173.16100001335144, 3364.8855513568956, 3473.191546974543
173.1819999217987, 3364.8855513568956, 3473.191546974543
173.19000005722046, 3364.8855513568956, 3473.191546974543
173.20700001716614, 3364.8855513568956, 3473.191546974543
175.2649998664856, 3364.8855513568956, 3473.191546974543
175.2739999294281, 3364.8855513568956, 3473.191546974543
175.29500007629395, 3364.8855513568956, 3473.191546974543
175.33200001716614, 3364.8855513568956, 3473.17019182809
177.67899990081787, 3364.8855513568956, 3473.17019182809
177.68700003623962, 3364.8855513568956, 3473.17019182809
177.69599986076355, 3364.8855513568956, 3473.167535791658
177.70199990272522, 3364.8855513568956, 3473.167535791658
177.7059998512268, 3364.8855513568956, 3473.167535791658
177.71099996566772, 3364.8855513568956, 3473.167535791658
177.72000002861023, 3364.8855513568956, 3473.167535791658
177.72699999809265, 3364.8855513568956, 3473.167535791658
177.73499989509583, 3364.8855513568956, 3473.1661918979125
177.75499987602234, 3364.8855513568956, 3473.152098229878
177.76699995994568, 3364.8855513568956, 3473.152098229878
179.8639998435974, 3364.8855513568956, 3473.152098229878
179.87400007247925, 3364.8855513568956, 3473.152098229878
179.88899993896484, 3364.8855513568956, 3473.141976714761
179.89800000190735, 3364.8855513568956, 3473.141976714761
179.91499996185303, 3364.8855513568956, 3473.141976714761
179.92199993133545, 3364.8855513568956, 3473.141976714761
181.72000002861023, 3364.8855513568956, 3473.1218971990024
181.74399995803833, 3364.8855513568956, 3473.0770765066013
183.35899996757507, 3364.8855513568956, 3473.0097356128067
183.3659999370575, 3364.8855513568956, 3473.0097356128067
183.36999988555908, 3364.8855513568956, 3473.0097356128067
183.375, 3364.8855513568956, 3473.0097356128067
183.37999987602234, 3364.8855513568956, 3473.0097356128067
183.38699984550476, 3364.8855513568956, 3473.0097356128067
183.3949999809265, 3364.8855513568956, 3473.0097356128067
185.19599986076355, 3364.8855513568956, 3472.717488193195
188.3550000190735, 3364.8855513568956, 3471.7429501516976
188.37199997901917, 3364.8855513568956, 3471.740597375122
189.86999988555908, 3364.8855513568956, 3471.722226455345
189.88199996948242, 3364.8855513568956, 3471.6944830963234
191.5420000553131, 3364.8855513568956, 3471.6780605891217
191.5479998588562, 3364.8855513568956, 3471.64397035939
191.55299997329712, 3364.8855513568956, 3471.64397035939
191.57800006866455, 3364.8855513568956, 3471.64397035939
191.5899999141693, 3364.8855513568956, 3471.612510611955
193.4409999847412, 3364.8855513568956, 3471.0586685451976
195.41799998283386, 3364.8855513568956, 3470.8227616323843
197.7389998435974, 3364.8855513568956, 3470.801258110652
197.75, 3364.8855513568956, 3470.801258110652
197.760999917984, 3364.8855513568956, 3470.801258110652
197.7829999923706, 3364.8855513568956, 3470.801258110652
200.14199995994568, 3364.8855513568956, 3470.801258110652
200.14800000190735, 3364.8855513568956, 3470.801258110652
200.15400004386902, 3364.8855513568956, 3470.801258110652
200.16100001335144, 3364.8855513568956, 3470.801258110652
200.16899991035461, 3364.8855513568956, 3470.801258110652
200.17799997329712, 3364.8855513568956, 3470.801258110652
200.19799995422363, 3364.8855513568956, 3470.801258110652
202.40499997138977, 3364.8855513568956, 3470.801258110652
202.42499995231628, 3364.8855513568956, 3470.801258110652
202.4340000152588, 3364.8855513568956, 3470.801258110652
202.4409999847412, 3364.8855513568956, 3470.801258110652
202.45000004768372, 3364.8855513568956, 3470.801258110652
202.4670000076294, 3364.8855513568956, 3470.7979042355078
202.481999874115, 3364.8855513568956, 3470.7979042355078
204.78999996185303, 3364.8855513568956, 3470.7979042355078
204.80799984931946, 3364.8855513568956, 3470.7979042355078
204.81399989128113, 3364.8855513568956, 3470.7979042355078
204.83200001716614, 3364.8855513568956, 3470.7979042355078
204.8420000076294, 3364.8855513568956, 3470.7979042355078
206.98399996757507, 3364.8855513568956, 3470.676875368963
206.99000000953674, 3364.8855513568956, 3470.676875368963
206.99499988555908, 3364.8855513568956, 3470.676875368963
207.00699996948242, 3364.8855513568956, 3470.643237698031
207.02300000190735, 3364.8855513568956, 3470.643237698031
209.51600003242493, 3364.8855513568956, 3470.6397786289363
209.5239999294281, 3364.8855513568956, 3470.6397786289363
209.53099989891052, 3364.8855513568956, 3470.6397786289363
209.5369999408722, 3364.8855513568956, 3470.6397786289363
209.56900000572205, 3364.8855513568956, 3470.6397786289363
209.58699989318848, 3364.8855513568956, 3470.6295902427764
211.7739999294281, 3364.8855513568956, 3470.6287100998857
211.7869999408722, 3364.8855513568956, 3470.6040277087245
211.81299996376038, 3364.8855513568956, 3470.6040277087245
211.83200001716614, 3364.8855513568956, 3470.587700395501
213.98099994659424, 3364.8855513568956, 3470.587700395501
213.98499989509583, 3364.8855513568956, 3470.587700395501
213.99000000953674, 3364.8855513568956, 3470.587700395501
213.99499988555908, 3364.8855513568956, 3470.587700395501
213.99900007247925, 3364.8855513568956, 3470.587700395501
214.00499987602234, 3364.8855513568956, 3470.587700395501
214.0199999809265, 3364.8855513568956, 3470.587700395501
216.4300000667572, 3364.8855513568956, 3470.587700395501
216.4340000152588, 3364.8855513568956, 3470.587700395501
216.44400000572205, 3364.8855513568956, 3470.540653762241
216.46600008010864, 3364.8855513568956, 3470.5263831438624
216.47899985313416, 3364.8855513568956, 3470.5263831438624
218.8550000190735, 3364.8855513568956, 3470.5263831438624
218.86100006103516, 3364.8855513568956, 3470.516440844861
218.88499999046326, 3364.8855513568956, 3470.4924880405465
218.8970000743866, 3364.8855513568956, 3470.4924880405465
221.3309998512268, 3364.8855513568956, 3470.4924880405465
221.3399999141693, 3364.8855513568956, 3470.4924880405465
221.34899997711182, 3364.8855513568956, 3470.4924880405465
221.35800004005432, 3364.8855513568956, 3470.4924880405465
221.3710000514984, 3364.8855513568956, 3470.4924880405465
221.37599992752075, 3364.8855513568956, 3470.4924880405465
223.7460000514984, 3364.8855513568956, 3470.4924880405465
223.76199984550476, 3364.8855513568956, 3470.4924880405465
225.9340000152588, 3364.8855513568956, 3470.4678855601715
225.93899989128113, 3364.8855513568956, 3470.4678855601715
225.95099997520447, 3364.8855513568956, 3470.4678855601715
228.29699993133545, 3364.8855513568956, 3470.4272081171925
228.3069999217987, 3364.8855513568956, 3470.4272081171925
230.625, 3364.8855513568956, 3470.4272081171925
230.65499997138977, 3364.8855513568956, 3470.4254412944797
230.66799998283386, 3364.8855513568956, 3470.4179575487938
233.13299989700317, 3364.8855513568956, 3470.4179575487938
233.1380000114441, 3364.8855513568956, 3470.4179575487938
233.14199995994568, 3364.8855513568956, 3470.412118654913
233.1470000743866, 3364.8855513568956, 3470.412118654913
233.15899991989136, 3364.8855513568956, 3470.412118654913
233.16799998283386, 3364.8855513568956, 3470.412118654913
233.17899990081787, 3364.8855513568956, 3470.405934043315
233.18700003623962, 3364.8855513568956, 3470.405934043315
235.59899997711182, 3364.8855513568956, 3470.405934043315
235.635999917984, 3364.8855513568956, 3470.37465318098
238.14800000190735, 3364.8855513568956, 3470.37465318098
238.1529998779297, 3364.8855513568956, 3470.37465318098
238.15700006484985, 3364.8855513568956, 3470.37465318098
238.16299986839294, 3364.8855513568956, 3470.37465318098
238.17000007629395, 3364.8855513568956, 3470.37465318098
238.18299984931946, 3364.8855513568956, 3470.351549635365
238.1909999847412, 3364.8855513568956, 3470.351549635365
240.57500004768372, 3364.8855513568956, 3470.3368526598733
240.5809998512268, 3364.8855513568956, 3470.3368526598733
240.58599996566772, 3364.8855513568956, 3470.3368526598733
240.59999990463257, 3364.8855513568956, 3470.3368526598733
240.62599992752075, 3364.8855513568956, 3470.3166581071027
240.6399998664856, 3364.8855513568956, 3470.3166581071027
240.64800000190735, 3364.8855513568956, 3470.3166581071027
242.88299989700317, 3364.8855513568956, 3470.3118379899015
242.88899993896484, 3364.8855513568956, 3470.3118379899015
242.89199995994568, 3364.8855513568956, 3470.3118379899015
242.8970000743866, 3364.8855513568956, 3470.3118379899015
242.91100001335144, 3364.8855513568956, 3470.3118379899015
242.92599987983704, 3364.8855513568956, 3470.3020942705457
242.94199991226196, 3364.8855513568956, 3470.29433013758
245.40700006484985, 3364.8855513568956, 3470.29433013758
245.41400003433228, 3364.8855513568956, 3470.29433013758
245.42700004577637, 3364.8855513568956, 3470.29433013758
245.4340000152588, 3364.8855513568956, 3470.29433013758
245.44400000572205, 3364.8855513568956, 3470.29433013758
245.45199990272522, 3364.8855513568956, 3470.29433013758
245.4689998626709, 3364.8855513568956, 3470.29433013758
248.0149998664856, 3364.8855513568956, 3470.271315465963
248.0220000743866, 3364.8855513568956, 3470.2676039383464
248.0279998779297, 3364.8855513568956, 3470.2676039383464
248.0369999408722, 3364.8855513568956, 3470.2676039383464
248.04299998283386, 3364.8855513568956, 3470.2676039383464
248.05099987983704, 3364.8855513568956, 3470.2676039383464
250.52499985694885, 3364.8855513568956, 3470.236326557178
250.53099989891052, 3364.8855513568956, 3470.236326557178
250.53600001335144, 3364.8855513568956, 3470.236326557178
250.5420000553131, 3364.8855513568956, 3470.236326557178
250.5550000667572, 3364.8855513568956, 3470.232954671362
250.5609998703003, 3364.8855513568956, 3470.232954671362
250.58899998664856, 3364.8855513568956, 3470.232954671362
250.6029999256134, 3364.8855513568956, 3470.232954671362
252.91499996185303, 3364.8855513568956, 3470.232954671362
252.9229998588562, 3364.8855513568956, 3470.232954671362
252.9319999217987, 3364.8855513568956, 3470.232954671362
255.27999997138977, 3364.8855513568956, 3470.2080077664214
255.2869999408722, 3364.8855513568956, 3470.2080077664214
255.29299998283386, 3364.8855513568956, 3470.2080077664214
255.29900002479553, 3364.8855513568956, 3470.2080077664214
255.30599999427795, 3364.8855513568956, 3470.2080077664214
255.31399989128113, 3364.8855513568956, 3470.2080077664214
255.32299995422363, 3364.8855513568956, 3470.2080077664214
255.3399999141693, 3364.8855513568956, 3470.1902675535803
257.49000000953674, 3364.8855513568956, 3470.1902675535803
257.49699997901917, 3364.8855513568956, 3470.179109597546
257.50099992752075, 3364.8855513568956, 3470.179109597546
257.5220000743866, 3364.8855513568956, 3470.076183955349
257.52999997138977, 3364.8855513568956, 3470.076183955349
259.5529999732971, 3364.8855513568956, 3470.0627921472815
259.55799984931946, 3364.8855513568956, 3470.0627921472815
259.56500005722046, 3364.8855513568956, 3470.0627921472815
259.57299995422363, 3364.8855513568956, 3470.0627921472815
259.57800006866455, 3364.8855513568956, 3470.0627921472815
261.7920000553131, 3364.8855513568956, 3469.913022547053
263.91799998283386, 3364.8855513568956, 3469.638293563841
263.9249999523163, 3364.8855513568956, 3469.638293563841
263.9300000667572, 3364.8855513568956, 3469.638293563841
263.94000005722046, 3364.8855513568956, 3469.638293563841
263.9539999961853, 3364.8855513568956, 3469.609201486355
263.95899987220764, 3364.8855513568956, 3469.609201486355
266.0369999408722, 3364.8855513568956, 3469.609201486355
266.0439999103546, 3364.8855513568956, 3469.609201486355
266.0659999847412, 3364.8855513568956, 3469.609201486355
266.0869998931885, 3364.8855513568956, 3469.609201486355
268.33899998664856, 3364.8855513568956, 3469.609201486355
268.356999874115, 3364.8855513568956, 3469.474192136847
268.3699998855591, 3364.8855513568956, 3469.4706482740235
268.38100004196167, 3364.8855513568956, 3469.4706482740235
270.52099990844727, 3364.8855513568956, 3469.4706482740235
270.5420000553131, 3364.8855513568956, 3469.435488457667
272.98099994659424, 3364.8855513568956, 3469.412797115735
272.9869999885559, 3364.8855513568956, 3469.412797115735
272.9930000305176, 3364.8855513568956, 3469.412797115735
273.00099992752075, 3364.8855513568956, 3469.412797115735
273.01399993896484, 3364.8855513568956, 3469.3994577592507
275.24900007247925, 3364.8855513568956, 3469.3994577592507
275.2579998970032, 3364.8855513568956, 3469.3994577592507
277.7170000076294, 3364.8855513568956, 3469.3994577592507
277.720999956131, 3364.8855513568956, 3469.3994577592507
277.7300000190735, 3364.8855513568956, 3469.3994577592507
279.93099999427795, 3364.8855513568956, 3469.3994577592507
279.9559998512268, 3364.8855513568956, 3469.341455485795
279.9649999141693, 3364.8855513568956, 3469.320288358771
282.30099987983704, 3364.8855513568956, 3469.320288358771
282.30799984931946, 3364.8855513568956, 3469.320288358771
282.33899998664856, 3364.8855513568956, 3469.320288358771
285.50099992752075, 3364.8855513568956, 3469.2890773075333
285.50999999046326, 3364.8855513568956, 3469.2890773075333
285.5239999294281, 3364.8855513568956, 3469.271668359342
285.5390000343323, 3364.8855513568956, 3469.271668359342
285.5529999732971, 3364.8855513568956, 3469.269484547697
285.5609998703003, 3364.8855513568956, 3469.269484547697
285.57599997520447, 3364.8855513568956, 3469.2659390469325
288.0309998989105, 3364.8855513568956, 3469.2659390469325
288.03600001335144, 3364.8855513568956, 3469.2659390469325
288.05999994277954, 3364.8855513568956, 3469.2551011788196
290.5629999637604, 3364.8855513568956, 3469.2551011788196
290.5899999141693, 3364.8855513568956, 3469.2390426379993
292.72899985313416, 3364.8855513568956, 3469.2170595812045
294.88699984550476, 3364.8855513568956, 3469.0814711634157
294.90899991989136, 3364.8855513568956, 3469.0740194290015
298.45499992370605, 3364.8855513568956, 3469.06332932226
298.4609999656677, 3364.8855513568956, 3469.0286303198313
298.4689998626709, 3364.8855513568956, 3469.0286303198313
298.4839999675751, 3364.8855513568956, 3469.0286303198313
305.5789999961853, 3364.8855513568956, 3468.8711666884637
307.7669999599457, 3364.8855513568956, 3468.826022795309
307.789999961853, 3364.8855513568956, 3468.813953871335
307.8029999732971, 3364.8855513568956, 3468.798212062532
310.7909998893738, 3364.8855513568956, 3468.798212062532
310.7999999523163, 3364.8855513568956, 3468.798212062532
310.81699991226196, 3364.8855513568956, 3468.7805511664665
310.8380000591278, 3364.8855513568956, 3468.7805511664665
310.8510000705719, 3364.8855513568956, 3468.7770298096584
310.8699998855591, 3364.8855513568956, 3468.726528980687
310.87599992752075, 3364.8855513568956, 3468.726528980687
313.8329999446869, 3364.8855513568956, 3468.7136976023357
316.8899998664856, 3364.8855513568956, 3468.6855267857277
325.45899987220764, 3364.8855513568956, 3468.6192541995206
325.4670000076294, 3364.8855513568956, 3468.612619820223
325.5160000324249, 3364.8855513568956, 3468.612619820223
325.5239999294281, 3364.8855513568956, 3468.612619820223
325.5609998703003, 3364.8855513568956, 3468.612619820223
325.5769999027252, 3364.8855513568956, 3468.612619820223
325.6159999370575, 3364.8855513568956, 3468.612619820223
329.0920000076294, 3364.8855513568956, 3468.586898966078
329.1099998950958, 3364.8855513568956, 3468.583076941937
329.1159999370575, 3364.8855513568956, 3468.583076941937
329.1289999485016, 3364.8855513568956, 3468.5787429080174
329.15700006484985, 3364.8855513568956, 3468.5787429080174
331.5829999446869, 3364.8855513568956, 3468.5670976428464
331.61100006103516, 3364.8855513568956, 3468.537720826891
331.62800002098083, 3364.8855513568956, 3468.524711550968
334.0769999027252, 3364.8855513568956, 3468.503605481004
334.085000038147, 3364.8855513568956, 3468.503605481004
334.09500002861023, 3364.8855513568956, 3468.503605481004
334.1050000190735, 3364.8855513568956, 3468.503605481004
334.1159999370575, 3364.8855513568956, 3468.503605481004
334.12199997901917, 3364.8855513568956, 3468.4814101203633
336.36299991607666, 3364.8855513568956, 3468.475403227371
336.37199997901917, 3364.8855513568956, 3468.475403227371
336.38100004196167, 3364.8855513568956, 3468.475403227371
336.39599990844727, 3364.8855513568956, 3468.473452979176
336.41299986839294, 3364.8855513568956, 3468.473452979176
338.8619999885559, 3364.8855513568956, 3468.441837658856
338.8680000305176, 3364.8855513568956, 3468.441837658856
338.87800002098083, 3364.8855513568956, 3468.4107142392145
338.88899993896484, 3364.8855513568956, 3468.401090529045
341.1159999370575, 3364.8855513568956, 3468.393750806947
341.1289999485016, 3364.8855513568956, 3468.2648055297786
341.16100001335144, 3364.8855513568956, 3468.2648055297786
343.3050000667572, 3364.8855513568956, 3468.1297712468013
343.3129999637604, 3364.8855513568956, 3468.105934419862
345.7539999485016, 3364.8855513568956, 3467.759922180575
345.7649998664856, 3364.8855513568956, 3467.759922180575
349.7739999294281, 3364.8855513568956, 3467.6181112973345
349.78200006484985, 3364.8855513568956, 3467.6181112973345
349.7869999408722, 3364.8855513568956, 3467.6181112973345
349.7939999103546, 3364.8855513568956, 3467.6064567131543
349.8239998817444, 3364.8855513568956, 3467.604440662373
349.8329999446869, 3364.8855513568956, 3467.604440662373
349.8659999370575, 3364.8855513568956, 3467.604440662373
353.1010000705719, 3364.8855513568956, 3467.594123148088
353.106999874115, 3364.8855513568956, 3467.594123148088
353.1180000305176, 3364.8855513568956, 3467.593511681173
355.4470000267029, 3364.8855513568956, 3467.5917351021653
355.4609999656677, 3364.8855513568956, 3467.5917351021653
355.48600006103516, 3364.8855513568956, 3467.5917351021653
355.4949998855591, 3364.8855513568956, 3467.5917351021653
357.89299988746643, 3364.8855513568956, 3467.5908875019563
357.89800000190735, 3364.8855513568956, 3467.590409016209
357.9249999523163, 3364.8855513568956, 3467.590409016209
357.94199991226196, 3364.8855513568956, 3467.590409016209
357.95700001716614, 3364.8855513568956, 3467.5462761860686
360.18499994277954, 3364.8855513568956, 3467.5462761860686
360.19400000572205, 3364.8855513568956, 3467.542641614631
360.2019999027252, 3364.8855513568956, 3467.534582213155
362.7869999408722, 3364.8855513568956, 3467.0077521432268
362.7909998893738, 3364.8855513568956, 3467.0077521432268
362.7960000038147, 3364.8855513568956, 3467.0077521432268
362.8120000362396, 3364.8855513568956, 3467.0077521432268
362.84699988365173, 3364.8855513568956, 3467.0077521432268
365.4029998779297, 3364.8855513568956, 3467.0077521432268
365.41100001335144, 3364.8855513568956, 3467.0077521432268
365.4189999103546, 3364.8855513568956, 3467.0077521432268
365.4379999637604, 3364.8855513568956, 3467.0077521432268
365.45099997520447, 3364.8855513568956, 3467.0077521432268
367.85199999809265, 3364.8855513568956, 3467.0077521432268
367.86500000953674, 3364.8855513568956, 3467.0077521432268
367.8729999065399, 3364.8855513568956, 3467.0077521432268
367.8819999694824, 3364.8855513568956, 3467.0077521432268
367.8989999294281, 3364.8855513568956, 3467.0077521432268
367.90899991989136, 3364.8855513568956, 3467.0077521432268
370.2539999485016, 3364.8855513568956, 3467.0077521432268
370.260999917984, 3364.8855513568956, 3467.0077521432268
370.2739999294281, 3364.8855513568956, 3466.897643222187
370.2890000343323, 3364.8855513568956, 3466.897643222187
370.3050000667572, 3364.8855513568956, 3466.897643222187
373.625, 3364.8855513568956, 3466.897643222187
377.21600008010864, 3364.8855513568956, 3466.897643222187
377.22199988365173, 3364.8855513568956, 3466.897643222187
377.2300000190735, 3364.8855513568956, 3466.897643222187
377.27699995040894, 3364.8855513568956, 3466.897643222187
380.30099987983704, 3364.8855513568956, 3466.897643222187
380.30799984931946, 3364.8855513568956, 3466.897643222187
380.3309998512268, 3364.8855513568956, 3466.845603207061
387.1449999809265, 3364.8855513568956, 3466.810343915268
387.154000043869, 3364.8855513568956, 3466.8022598900566
387.1710000038147, 3364.8855513568956, 3466.7947163841854
387.19599986076355, 3364.8855513568956, 3466.7947163841854
387.2149999141693, 3364.8855513568956, 3466.7947163841854
391.57800006866455, 3364.8855513568956, 3466.7503862615904
395.26399993896484, 3364.8855513568956, 3466.7466205328483
398.1099998950958, 3364.8855513568956, 3466.524994209948
400.98799991607666, 3364.8855513568956, 3466.4607120731384
400.9960000514984, 3364.8855513568956, 3466.4607120731384
401.00099992752075, 3364.8855513568956, 3466.4607120731384
401.02300000190735, 3364.8855513568956, 3466.4597022770304
401.04900002479553, 3364.8855513568956, 3466.4597022770304
403.82299995422363, 3364.8855513568956, 3466.4564477884646
403.84699988365173, 3364.8855513568956, 3466.4564477884646
403.85599994659424, 3364.8855513568956, 3466.4564477884646
403.8729999065399, 3364.8855513568956, 3466.4564477884646
403.88100004196167, 3364.8855513568956, 3466.4564477884646
403.8970000743866, 3364.8855513568956, 3466.4564477884646
403.90499997138977, 3364.8855513568956, 3466.4564477884646
406.856999874115, 3364.8855513568956, 3466.4564477884646
406.8619999885559, 3364.8855513568956, 3466.4564477884646
406.8769998550415, 3364.8855513568956, 3466.4333281424792
406.9319999217987, 3364.8855513568956, 3466.4333281424792
406.9430000782013, 3364.8855513568956, 3466.4329900399866
409.65700006484985, 3364.8855513568956, 3466.4329900399866
409.66299986839294, 3364.8855513568956, 3466.4329900399866
409.6689999103546, 3364.8855513568956, 3466.4329900399866
409.6729998588562, 3364.8855513568956, 3466.4329900399866
409.68099999427795, 3364.8855513568956, 3466.3680975252446
409.69000005722046, 3364.8855513568956, 3466.3680975252446
412.2170000076294, 3364.8855513568956, 3466.3428837935735
412.2239999771118, 3364.8855513568956, 3466.3428837935735
412.2300000190735, 3364.8855513568956, 3466.3428837935735
412.2409999370575, 3364.8855513568956, 3466.328975953779
412.2660000324249, 3364.8855513568956, 3466.328975953779
412.2829999923706, 3364.8855513568956, 3466.328975953779
415.03399991989136, 3364.8855513568956, 3466.328975953779
415.0420000553131, 3364.8855513568956, 3466.28784960611
415.05399990081787, 3364.8855513568956, 3466.28784960611
415.0609998703003, 3364.8855513568956, 3466.28784960611
415.0859999656677, 3364.8855513568956, 3466.28784960611
415.09299993515015, 3364.8855513568956, 3466.28784960611
417.6779999732971, 3364.8855513568956, 3466.28784960611
417.6930000782013, 3364.8855513568956, 3466.28784960611
417.7039999961853, 3364.8855513568956, 3466.28784960611
417.7189998626709, 3364.8855513568956, 3466.28784960611
417.731999874115, 3364.8855513568956, 3466.28784960611
420.26900005340576, 3364.8855513568956, 3466.28784960611
420.2739999294281, 3364.8855513568956, 3466.28784960611
420.27999997138977, 3364.8855513568956, 3466.28784960611
420.28799986839294, 3364.8855513568956, 3466.28784960611
420.29699993133545, 3364.8855513568956, 3466.28784960611
420.30999994277954, 3364.8855513568956, 3466.28784960611
420.31699991226196, 3364.8855513568956, 3466.28784960611
420.32599997520447, 3364.8855513568956, 3466.28784960611
420.33399987220764, 3364.8855513568956, 3466.28784960611
422.8529999256134, 3364.8855513568956, 3466.28784960611
422.8580000400543, 3364.8855513568956, 3466.28784960611
422.86299991607666, 3364.8855513568956, 3466.2773035952187
422.86699986457825, 3364.8855513568956, 3466.2773035952187
422.87199997901917, 3364.8855513568956, 3466.265921200835
422.8840000629425, 3364.8855513568956, 3466.265921200835
422.89599990844727, 3364.8855513568956, 3466.265921200835
422.9119999408722, 3364.8855513568956, 3466.2601869921405
425.66100001335144, 3364.8855513568956, 3466.2601869921405
425.6659998893738, 3364.8855513568956, 3466.2601869921405
425.67599987983704, 3364.8855513568956, 3466.2502268073854
425.69000005722046, 3364.8855513568956, 3466.2502268073854
425.7130000591278, 3364.8855513568956, 3466.2502268073854
425.7330000400543, 3364.8855513568956, 3466.2502268073854
428.78399991989136, 3364.8855513568956, 3466.2502268073854
428.7960000038147, 3364.8855513568956, 3466.2502268073854
428.8120000362396, 3364.8855513568956, 3466.2502268073854
428.8269999027252, 3364.8855513568956, 3466.2502268073854
428.8369998931885, 3364.8855513568956, 3466.216020833995
428.84500002861023, 3364.8855513568956, 3466.203841335419
428.86699986457825, 3364.8855513568956, 3466.203841335419
431.55599999427795, 3364.8855513568956, 3466.2022437951937
431.5629999637604, 3364.8855513568956, 3466.2022437951937
431.57099986076355, 3364.8855513568956, 3466.2022437951937
431.57800006866455, 3364.8855513568956, 3466.2022437951937
431.5880000591278, 3364.8855513568956, 3466.2022437951937
431.59800004959106, 3364.8855513568956, 3466.2022437951937
431.6269998550415, 3364.8855513568956, 3466.188323414483
431.635999917984, 3364.8855513568956, 3466.188323414483
434.45499992370605, 3364.8855513568956, 3466.1709685335263
434.4960000514984, 3364.8855513568956, 3466.168644748535
437.0149998664856, 3364.8855513568956, 3466.168644748535
437.0199999809265, 3364.8855513568956, 3466.168644748535
437.0309998989105, 3364.8855513568956, 3466.163082722229
439.76799988746643, 3364.8855513568956, 3466.155710190747
439.77699995040894, 3364.8855513568956, 3466.155710190747
442.5659999847412, 3364.8855513568956, 3466.0978861357326
442.57800006866455, 3364.8855513568956, 3466.0978861357326
445.24199986457825, 3364.8855513568956, 3465.984925079018
445.25300002098083, 3364.8855513568956, 3465.94582467039
445.2630000114441, 3364.8855513568956, 3465.94582467039
445.2739999294281, 3364.8855513568956, 3465.9400073257248
445.28200006484985, 3364.8855513568956, 3465.9400073257248
448.1529998779297, 3364.8855513568956, 3465.9400073257248
448.1949999332428, 3364.8855513568956, 3465.9011454246306
451.5659999847412, 3364.8855513568956, 3465.891513651277
451.585000038147, 3364.8855513568956, 3465.891513651277
451.6029999256134, 3364.8855513568956, 3465.891513651277
451.625, 3364.8855513568956, 3465.878396063399
455.00300002098083, 3364.8855513568956, 3465.878396063399
455.010999917984, 3364.8855513568956, 3465.878396063399
455.0550000667572, 3364.8855513568956, 3465.8625819456042
455.06699991226196, 3364.8855513568956, 3465.8616641951194
457.78799986839294, 3364.8855513568956, 3465.8585537021468
457.79500007629395, 3364.8855513568956, 3465.8585537021468
457.8129999637604, 3364.8855513568956, 3465.8493647984037
457.8239998817444, 3364.8855513568956, 3465.8302443252887
462.4539999961853, 3364.8855513568956, 3465.7397834158933
462.45899987220764, 3364.8855513568956, 3465.7397834158933
462.47300004959106, 3364.8855513568956, 3465.7397834158933
462.4909999370575, 3364.8855513568956, 3465.7397834158933
462.5160000324249, 3364.8855513568956, 3465.7397834158933
462.59999990463257, 3364.8855513568956, 3465.6799047602585
466.1800000667572, 3364.8855513568956, 3465.6799047602585
466.1889998912811, 3364.8855513568956, 3465.6799047602585
466.2239999771118, 3364.8855513568956, 3465.6786873366727
469.0699999332428, 3364.8855513568956, 3465.677891796536
469.0809998512268, 3364.8855513568956, 3465.677891796536
469.09100008010864, 3364.8855513568956, 3465.677891796536
469.09699988365173, 3364.8855513568956, 3465.672447839254
469.11299991607666, 3364.8855513568956, 3465.672447839254
469.1210000514984, 3364.8855513568956, 3465.672447839254
469.12999987602234, 3364.8855513568956, 3465.672447839254
469.1489999294281, 3364.8855513568956, 3465.5678099160295
472.06699991226196, 3364.8855513568956, 3465.5678099160295
472.0789999961853, 3364.8855513568956, 3465.5678099160295
472.08399987220764, 3364.8855513568956, 3465.5678099160295
472.0899999141693, 3364.8855513568956, 3465.5517532055137
472.1010000705719, 3364.8855513568956, 3465.5517532055137
475.22899985313416, 3364.8855513568956, 3465.5223568265887
478.3129999637604, 3364.8855513568956, 3465.506690567992
478.3180000782013, 3364.8855513568956, 3465.506690567992
478.32299995422363, 3364.8855513568956, 3465.506690567992
478.3269999027252, 3364.8855513568956, 3465.506690567992
478.33399987220764, 3364.8855513568956, 3465.506690567992
478.37999987602234, 3364.8855513568956, 3465.506690567992
478.4010000228882, 3364.8855513568956, 3465.470703242146
481.5529999732971, 3364.8855513568956, 3465.470703242146
481.5609998703003, 3364.8855513568956, 3465.470703242146
484.42199993133545, 3364.8855513568956, 3465.457043213108
484.4359998703003, 3364.8855513568956, 3465.447256324612
484.44799995422363, 3364.8855513568956, 3465.447256324612
484.45899987220764, 3364.8855513568956, 3465.447256324612
484.46799993515015, 3364.8855513568956, 3465.447256324612
487.17599987983704, 3364.8855513568956, 3465.433886718539
487.22199988365173, 3364.8855513568956, 3465.4230512934255
487.2430000305176, 3364.8855513568956, 3465.4091408040154
494.05099987983704, 3364.8855513568956, 3465.3806777085256
494.07299995422363, 3364.8855513568956, 3465.373995331932
501.14999985694885, 3364.8855513568956, 3465.1941447849094
501.20300006866455, 3364.8855513568956, 3465.188080442045
501.22899985313416, 3364.8855513568956, 3465.188080442045
501.25999999046326, 3364.8855513568956, 3465.079864575687
508.9059998989105, 3364.8855513568956, 3464.983234812136
508.95499992370605, 3364.8855513568956, 3464.983234812136
508.99699997901917, 3364.8855513568956, 3464.9821291934845
509.0260000228882, 3364.8855513568956, 3464.9821291934845
509.0329999923706, 3364.8855513568956, 3464.9821291934845
514.430999994278, 3364.8855513568956, 3464.8974736518676
514.4400000572205, 3364.8855513568956, 3464.895142944605
514.4559998512268, 3364.8855513568956, 3464.8928862265457
514.4760000705719, 3364.8855513568956, 3464.892037862232
514.4839999675751, 3364.8855513568956, 3464.892037862232
514.4909999370575, 3364.8855513568956, 3464.892037862232
514.5030000209808, 3364.8855513568956, 3464.892037862232
514.5139999389648, 3364.8855513568956, 3464.892037862232
514.5230000019073, 3364.8855513568956, 3464.890908377457
514.545000076294, 3364.8855513568956, 3464.890908377457
514.5590000152588, 3364.8855513568956, 3464.848773301624
518.3499999046326, 3364.8855513568956, 3464.848773301624
518.3689999580383, 3364.8855513568956, 3464.848773301624
518.3959999084473, 3364.8855513568956, 3464.835583007187
518.4099998474121, 3364.8855513568956, 3464.8318630346357
518.4210000038147, 3364.8855513568956, 3464.788149043237
522.4869999885559, 3364.8855513568956, 3464.784961108959
522.4939999580383, 3364.8855513568956, 3464.784961108959
522.5009999275208, 3364.8855513568956, 3464.784961108959
522.5119998455048, 3364.8855513568956, 3464.784961108959
522.5239999294281, 3364.8855513568956, 3464.781481296974
522.5360000133514, 3364.8855513568956, 3464.7798680819055
522.5420000553131, 3364.8855513568956, 3464.7798680819055
522.5499999523163, 3364.8855513568956, 3464.7798680819055
522.5659999847412, 3364.8855513568956, 3464.7798680819055
522.5839998722076, 3364.8855513568956, 3464.778558382944
526.1199998855591, 3364.8855513568956, 3464.778558382944
526.1289999485016, 3364.8855513568956, 3464.778558382944
526.135999917984, 3364.8855513568956, 3464.778558382944
526.1440000534058, 3364.8855513568956, 3464.778558382944
526.1670000553131, 3364.8855513568956, 3464.778558382944
526.1779999732971, 3364.8855513568956, 3464.778558382944
526.2130000591278, 3364.8855513568956, 3464.7568965311393
529.9719998836517, 3364.8855513568956, 3464.7568965311393
529.9789998531342, 3364.8855513568956, 3464.7568965311393
529.9839999675751, 3364.8855513568956, 3464.7525373549597
529.9909999370575, 3364.8855513568956, 3464.7525373549597
530.0030000209808, 3364.8855513568956, 3464.7525373549597
530.0169999599457, 3364.8855513568956, 3464.7499193830286
530.0349998474121, 3364.8855513568956, 3464.7499193830286
530.050999879837, 3364.8855513568956, 3464.7499193830286
530.0769999027252, 3364.8855513568956, 3464.7486332800695
530.0920000076294, 3364.8855513568956, 3464.739082477358
534.2660000324249, 3364.8855513568956, 3464.7297308588422
534.2739999294281, 3364.8855513568956, 3464.7297308588422
534.279000043869, 3364.8855513568956, 3464.7297308588422
534.295000076294, 3364.8855513568956, 3464.7292029747264
534.3150000572205, 3364.8855513568956, 3464.7292029747264
534.3429999351501, 3364.8855513568956, 3464.7238645956495
534.3689999580383, 3364.8855513568956, 3464.721961907975
538.5079998970032, 3364.8855513568956, 3464.7216443707957
538.5169999599457, 3364.8855513568956, 3464.720907085049
538.5299999713898, 3364.8855513568956, 3464.720907085049
538.5479998588562, 3364.8855513568956, 3464.720907085049
538.555999994278, 3364.8855513568956, 3464.720907085049
538.5750000476837, 3364.8855513568956, 3464.720907085049
538.5829999446869, 3364.8855513568956, 3464.719537172986
538.6029999256134, 3364.8855513568956, 3464.719537172986
538.6310000419617, 3364.8855513568956, 3464.719537172986
543.0369999408722, 3364.8855513568956, 3464.719537172986
543.0439999103546, 3364.8855513568956, 3464.719537172986
543.0539999008179, 3364.8855513568956, 3464.719537172986
543.0599999427795, 3364.8855513568956, 3464.719537172986
543.0889999866486, 3364.8855513568956, 3464.719537172986
543.0989999771118, 3364.8855513568956, 3464.719537172986
543.1199998855591, 3364.8855513568956, 3464.719537172986
543.1480000019073, 3364.8855513568956, 3464.719537172986
543.1670000553131, 3364.8855513568956, 3464.719537172986
543.1740000247955, 3364.8855513568956, 3464.719537172986
543.191999912262, 3364.8855513568956, 3464.719537172986
546.9500000476837, 3364.8855513568956, 3464.719537172986
546.9579999446869, 3364.8855513568956, 3464.719537172986
546.9809999465942, 3364.8855513568956, 3464.7124246027283
546.9909999370575, 3364.8855513568956, 3464.7124246027283
547.0069999694824, 3364.8855513568956, 3464.7124246027283
547.0269999504089, 3364.8855513568956, 3464.7124246027283
547.0479998588562, 3364.8855513568956, 3464.709949327619
547.0699999332428, 3364.8855513568956, 3464.7096633179785
551.0680000782013, 3364.8855513568956, 3464.7096633179785
551.0769999027252, 3364.8855513568956, 3464.7096633179785
551.0839998722076, 3364.8855513568956, 3464.7096633179785
551.0889999866486, 3364.8855513568956, 3464.7096633179785
551.0989999771118, 3364.8855513568956, 3464.7096633179785
551.1259999275208, 3364.8855513568956, 3464.707784626079
551.135999917984, 3364.8855513568956, 3464.707784626079
551.1429998874664, 3364.8855513568956, 3464.7067528757184
551.1510000228882, 3364.8855513568956, 3464.7067528757184
554.930999994278, 3364.8855513568956, 3464.7067528757184
554.9359998703003, 3364.8855513568956, 3464.7067528757184
554.9579999446869, 3364.8855513568956, 3464.7067528757184
554.9719998836517, 3364.8855513568956, 3464.7067528757184
554.9809999465942, 3364.8855513568956, 3464.7067528757184
555.0149998664856, 3364.8855513568956, 3464.7038492858574
555.0239999294281, 3364.8855513568956, 3464.701848648307
558.5269999504089, 3364.8855513568956, 3464.701848648307
558.5360000133514, 3364.8855513568956, 3464.701848648307
558.5439999103546, 3364.8855513568956, 3464.701848648307
558.5529999732971, 3364.8855513568956, 3464.701848648307
558.579999923706, 3364.8855513568956, 3464.69937210342
558.5950000286102, 3364.8855513568956, 3464.69937210342
558.6110000610352, 3364.8855513568956, 3464.69937210342
558.6199998855591, 3364.8855513568956, 3464.69937210342
562.460000038147, 3364.8855513568956, 3464.69937210342
562.470999956131, 3364.8855513568956, 3464.69937210342
562.481999874115, 3364.8855513568956, 3464.69937210342
562.5049998760223, 3364.8855513568956, 3464.69937210342
562.5269999504089, 3364.8855513568956, 3464.69937210342
562.5539999008179, 3364.8855513568956, 3464.69937210342
562.5750000476837, 3364.8855513568956, 3464.6931437354456
562.5859999656677, 3364.8855513568956, 3464.6931437354456
562.6099998950958, 3364.8855513568956, 3464.688325750613
566.0569999217987, 3364.8855513568956, 3464.688325750613
566.0650000572205, 3364.8855513568956, 3464.688325750613
566.0729999542236, 3364.8855513568956, 3464.688325750613
566.079999923706, 3364.8855513568956, 3464.688325750613
566.1019999980927, 3364.8855513568956, 3464.688325750613
566.1210000514984, 3364.8855513568956, 3464.688325750613
566.1499998569489, 3364.8855513568956, 3464.688325750613
566.1640000343323, 3364.8855513568956, 3464.682208237794
569.4449999332428, 3364.8855513568956, 3464.682208237794
569.460000038147, 3364.8855513568956, 3464.682208237794
569.510999917984, 3364.8855513568956, 3464.675800564978
572.8539998531342, 3364.8855513568956, 3464.675800564978
572.8610000610352, 3364.8855513568956, 3464.675800564978
572.8669998645782, 3364.8855513568956, 3464.675800564978
572.875, 3364.8855513568956, 3464.675800564978
572.8999998569489, 3364.8855513568956, 3464.675800564978
572.914999961853, 3364.8855513568956, 3464.675800564978
576.1959998607635, 3364.8855513568956, 3464.675382433978
576.2030000686646, 3364.8855513568956, 3464.675382433978
576.2179999351501, 3364.8855513568956, 3464.6646525966976
576.2300000190735, 3364.8855513568956, 3464.6646525966976
576.2469999790192, 3364.8855513568956, 3464.6646525966976
576.2679998874664, 3364.8855513568956, 3464.6646525966976
576.2820000648499, 3364.8855513568956, 3464.6646525966976
576.2990000247955, 3364.8855513568956, 3464.657961274046
579.4800000190735, 3364.8855513568956, 3464.657961274046
579.4869999885559, 3364.8855513568956, 3464.657183161827
579.5199999809265, 3364.8855513568956, 3464.657183161827
579.5269999504089, 3364.8855513568956, 3464.657183161827
579.5429999828339, 3364.8855513568956, 3464.657183161827
579.550999879837, 3364.8855513568956, 3464.657183161827
579.5579998493195, 3364.8855513568956, 3464.657183161827
579.5650000572205, 3364.8855513568956, 3464.657183161827
579.5699999332428, 3364.8855513568956, 3464.6297264193126
582.3759999275208, 3364.8855513568956, 3464.6297264193126
582.3819999694824, 3364.8855513568956, 3464.6297264193126
582.3869998455048, 3364.8855513568956, 3464.6297264193126
582.3919999599457, 3364.8855513568956, 3464.6297264193126
582.4229998588562, 3364.8855513568956, 3464.62760273073
582.4409999847412, 3364.8855513568956, 3464.62760273073
585.4179999828339, 3364.8855513568956, 3464.62760273073
585.4240000247955, 3364.8855513568956, 3464.62760273073
585.4509999752045, 3364.8855513568956, 3464.6163185692744
585.4660000801086, 3364.8855513568956, 3464.6163185692744
585.4960000514984, 3364.8855513568956, 3464.5979951159366
588.1219999790192, 3364.8855513568956, 3464.5979951159366
588.1280000209808, 3364.8855513568956, 3464.5979951159366
588.1489999294281, 3364.8855513568956, 3464.5761192357354
592.1679999828339, 3364.8855513568956, 3464.453103414307
592.1740000247955, 3364.8855513568956, 3464.4348201686653
592.1840000152588, 3364.8855513568956, 3464.4348201686653
592.1889998912811, 3364.8855513568956, 3464.4348201686653
592.1959998607635, 3364.8855513568956, 3464.4348201686653
592.2109999656677, 3364.8855513568956, 3464.4348201686653
592.2189998626709, 3364.8855513568956, 3464.4348201686653
592.2249999046326, 3364.8855513568956, 3464.4348201686653
592.2360000610352, 3364.8855513568956, 3464.41986662992
597.8810000419617, 3364.8855513568956, 3464.41986662992
597.9649999141693, 3364.8855513568956, 3464.3905979220362
597.9719998836517, 3364.8855513568956, 3464.3905979220362
597.9849998950958, 3364.8855513568956, 3464.3905979220362
598.0039999485016, 3364.8855513568956, 3464.3905979220362
598.0119998455048, 3364.8855513568956, 3464.3682284916663
602.6859998703003, 3364.8855513568956, 3464.353488977288
602.7109999656677, 3364.8855513568956, 3464.339027833937
602.7539999485016, 3364.8855513568956, 3464.336530276191
608.1740000247955, 3364.8855513568956, 3464.164916005219
608.180999994278, 3364.8855513568956, 3464.164916005219
608.2179999351501, 3364.8855513568956, 3464.164916005219
608.2439999580383, 3364.8855513568956, 3464.164916005219
608.2660000324249, 3364.8855513568956, 3464.164916005219
608.2769999504089, 3364.8855513568956, 3464.1526478566384
612.1099998950958, 3364.8855513568956, 3464.1526478566384
612.1150000095367, 3364.8855513568956, 3464.1526478566384
612.1210000514984, 3364.8855513568956, 3464.1526478566384
612.1510000228882, 3364.8855513568956, 3464.1461459864972
612.1710000038147, 3364.8855513568956, 3464.1362210413827
612.2109999656677, 3364.8855513568956, 3464.1160323018694
615.8829998970032, 3364.8855513568956, 3464.0987249729606
615.8899998664856, 3364.8855513568956, 3464.0987249729606
621.2749998569489, 3364.8855513568956, 3463.944176926237
621.2849998474121, 3364.8855513568956, 3463.944176926237
621.3029999732971, 3364.8855513568956, 3463.944176926237
621.3099999427795, 3364.8855513568956, 3463.944176926237
621.3740000724792, 3364.8855513568956, 3463.9429146220186
621.3949999809265, 3364.8855513568956, 3463.908412090748
625.3359999656677, 3364.8855513568956, 3463.9067147792725
625.3469998836517, 3364.8855513568956, 3463.9054381173837
625.3919999599457, 3364.8855513568956, 3463.9014422042724
630.9019999504089, 3364.8855513568956, 3463.7684857491095
630.9679999351501, 3364.8855513568956, 3463.760237517994
630.9789998531342, 3364.8855513568956, 3463.760237517994
630.9909999370575, 3364.8855513568956, 3463.760237517994
635.8510000705719, 3364.8855513568956, 3463.6563658032496
635.8599998950958, 3364.8855513568956, 3463.6563658032496
635.8710000514984, 3364.8855513568956, 3463.6563658032496
635.9179999828339, 3364.8855513568956, 3463.6500227116953
635.9289999008179, 3364.8855513568956, 3463.6500227116953
635.9500000476837, 3364.8855513568956, 3463.6500227116953
638.9879999160767, 3364.8855513568956, 3463.6450474224816
638.9960000514984, 3364.8855513568956, 3463.6450474224816
639.0009999275208, 3364.8855513568956, 3463.6421076343545
639.029000043869, 3364.8855513568956, 3463.628004205548
639.0420000553131, 3364.8855513568956, 3463.628004205548
642.7059998512268, 3364.8855513568956, 3463.609634499983
644.6859998703003, 3364.8855513568956, 3463.582995956054
650.3929998874664, 3364.8855513568956, 3463.30161718219
650.3989999294281, 3364.8855513568956, 3463.30161718219
650.404000043869, 3364.8855513568956, 3463.30161718219
650.4719998836517, 3364.8855513568956, 3463.30106337447
655.7669999599457, 3364.8855513568956, 3463.2994721628093
655.8199999332428, 3364.8855513568956, 3463.282728683056
655.8399999141693, 3364.8855513568956, 3463.2815431183894
655.8489999771118, 3364.8855513568956, 3463.280618874486
661.6289999485016, 3364.8855513568956, 3463.280618874486
661.6599998474121, 3364.8855513568956, 3463.275212364378
668.4979999065399, 3364.8855513568956, 3463.211544012174
668.5039999485016, 3364.8855513568956, 3463.211544012174
668.5149998664856, 3364.8855513568956, 3463.211544012174
668.5550000667572, 3364.8855513568956, 3463.1610574318133
675.5880000591278, 3364.8855513568956, 3463.1610574318133
675.595999956131, 3364.8855513568956, 3463.159613590095
675.6029999256134, 3364.8855513568956, 3463.159613590095
675.6169998645782, 3364.8855513568956, 3463.14924395169
675.6280000209808, 3364.8855513568956, 3463.14924395169
675.6529998779297, 3364.8855513568956, 3463.14924395169
675.6740000247955, 3364.8855513568956, 3463.1443375469016
675.6840000152588, 3364.8855513568956, 3463.1443375469016
682.9089999198914, 3364.8855513568956, 3463.1443375469016
682.9700000286102, 3364.8855513568956, 3463.1314908854183
689.8829998970032, 3364.8855513568956, 3463.117968758555
689.8880000114441, 3364.8855513568956, 3463.117968758555
689.9479999542236, 3364.8855513568956, 3463.1136695096593
689.9539999961853, 3364.8855513568956, 3463.1136695096593
700.2449998855591, 3364.8855513568956, 3463.0230652979
700.2720000743866, 3364.8855513568956, 3463.021781720506
700.3199999332428, 3364.8855513568956, 3463.0175063266715
703.8220000267029, 3364.8855513568956, 3463.005833539554
703.8359999656677, 3364.8855513568956, 3463.005833539554
707.1299998760223, 3364.8855513568956, 3462.986204608531
711.1219999790192, 3364.8855513568956, 3462.8028243883823
714.8659999370575, 3364.8855513568956, 3462.7463170496167
714.8729999065399, 3364.8855513568956, 3462.7463170496167
717.9359998703003, 3364.8855513568956, 3462.717409810467
717.9459998607635, 3364.8855513568956, 3462.717409810467
717.9630000591278, 3364.8855513568956, 3462.6691209188866
717.9679999351501, 3364.8855513568956, 3462.6691209188866
717.9739999771118, 3364.8855513568956, 3462.6691209188866
720.9170000553131, 3364.8855513568956, 3462.5803264493275
720.9219999313354, 3364.8855513568956, 3462.5803264493275
723.664999961853, 3364.8855513568956, 3462.57739411449
723.6719999313354, 3364.8855513568956, 3462.57739411449
723.6770000457764, 3364.8855513568956, 3462.57739411449
723.6840000152588, 3364.8855513568956, 3462.57739411449
723.691999912262, 3364.8855513568956, 3462.57739411449
723.7009999752045, 3364.8855513568956, 3462.57739411449
723.7230000495911, 3364.8855513568956, 3462.57739411449
726.7019999027252, 3364.8855513568956, 3462.57739411449
726.7139999866486, 3364.8855513568956, 3462.57259417114
726.7239999771118, 3364.8855513568956, 3462.57259417114
726.75, 3364.8855513568956, 3462.5547609064156
730.1570000648499, 3364.8855513568956, 3462.5547609064156
730.162999868393, 3364.8855513568956, 3462.5547609064156
730.1949999332428, 3364.8855513568956, 3462.5235084668084
734.1319999694824, 3364.8855513568956, 3462.5165000399425
734.1710000038147, 3364.8855513568956, 3462.4995311135904
742.2179999351501, 3364.8855513568956, 3462.445200434558
745.6949999332428, 3364.8855513568956, 3462.4383183591613
745.7039999961853, 3364.8855513568956, 3462.4383183591613
745.7130000591278, 3364.8855513568956, 3462.4383183591613
749.4449999332428, 3364.8855513568956, 3462.4004013290196
749.4509999752045, 3364.8855513568956, 3462.4004013290196
749.4570000171661, 3364.8855513568956, 3462.4004013290196
753.3710000514984, 3364.8855513568956, 3462.309802736142
778.0729999542236, 3364.8855513568956, 3462.3078692124927
778.0780000686646, 3364.8855513568956, 3462.3078692124927
778.1189999580383, 3364.8855513568956, 3462.305134106498
778.1259999275208, 3364.8855513568956, 3462.305134106498
778.2149999141693, 3364.8855513568956, 3462.305134106498
778.2200000286102, 3364.8855513568956, 3462.305134106498
778.2279999256134, 3364.8855513568956, 3462.305134106498
778.2419998645782, 3364.8855513568956, 3462.305134106498
781.3669998645782, 3364.8855513568956, 3462.286725811107
784.0620000362396, 3364.8855513568956, 3462.2297478020623
789.0539999008179, 3364.8855513568956, 3462.1337331625946
797.9479999542236, 3364.8855513568956, 3462.064894452372
797.954999923706, 3364.8855513568956, 3462.064894452372
801.6159999370575, 3364.8855513568956, 3461.9990557365604
801.6380000114441, 3364.8855513568956, 3461.986023301813
805.9670000076294, 3364.8855513568956, 3461.9627739348407
805.9739999771118, 3364.8855513568956, 3461.9627739348407
805.9789998531342, 3364.8855513568956, 3461.9627739348407
805.9919998645782, 3364.8855513568956, 3461.954764990281
810.7170000076294, 3364.8855513568956, 3461.914245020332
816.5939998626709, 3364.8855513568956, 3461.912269294855
816.6010000705719, 3364.8855513568956, 3461.912269294855
816.6150000095367, 3364.8855513568956, 3461.9100581018156
816.6229999065399, 3364.8855513568956, 3461.9100581018156
816.6319999694824, 3364.8855513568956, 3461.9100581018156
816.6399998664856, 3364.8855513568956, 3461.9100581018156
816.6470000743866, 3364.8855513568956, 3461.9100581018156
816.6529998779297, 3364.8855513568956, 3461.9100581018156
816.6579999923706, 3364.8855513568956, 3461.9100581018156
816.6949999332428, 3364.8855513568956, 3461.893740236132
816.710000038147, 3364.8855513568956, 3461.893740236132
823.7929999828339, 3364.8855513568956, 3461.8678423622837
823.7979998588562, 3364.8855513568956, 3461.8678423622837
830.6019999980927, 3364.8855513568956, 3461.79357215219
830.6119999885559, 3364.8855513568956, 3461.79357215219
830.6199998855591, 3364.8855513568956, 3461.79357215219
830.6549999713898, 3364.8855513568956, 3461.775973057721
836.8989999294281, 3364.8855513568956, 3461.7548124743057
836.904000043869, 3364.8855513568956, 3461.7548124743057
836.9079999923706, 3364.8855513568956, 3461.7548124743057
836.912999868393, 3364.8855513568956, 3461.7548124743057
836.920000076294, 3364.8855513568956, 3461.7548124743057
836.9249999523163, 3364.8855513568956, 3461.7548124743057
836.960000038147, 3364.8855513568956, 3461.7394436206864
836.9649999141693, 3364.8855513568956, 3461.7394436206864
837.0160000324249, 3364.8855513568956, 3461.712811272925
841.6210000514984, 3364.8855513568956, 3461.689086759111
846.4389998912811, 3364.8855513568956, 3461.639236210447
846.4459998607635, 3364.8855513568956, 3461.639236210447
846.4649999141693, 3364.8855513568956, 3461.631494167904
846.4719998836517, 3364.8855513568956, 3461.631494167904
846.4869999885559, 3364.8855513568956, 3461.631494167904
846.5209999084473, 3364.8855513568956, 3461.631494167904
850.9800000190735, 3364.8855513568956, 3461.6026815720898
857.8090000152588, 3364.8855513568956, 3461.5786852621986
857.8150000572205, 3364.8855513568956, 3461.5750195361325
857.8410000801086, 3364.8855513568956, 3461.5750195361325
857.8450000286102, 3364.8855513568956, 3461.5750195361325
857.8799998760223, 3364.8855513568956, 3461.5750195361325
857.8980000019073, 3364.8855513568956, 3461.569272453351
857.9089999198914, 3364.8855513568956, 3461.5656073160358
857.9170000553131, 3364.8855513568956, 3461.5656073160358
864.1689999103546, 3364.8855513568956, 3461.5502579954073
864.2179999351501, 3364.8855513568956, 3461.482307954695
872.7760000228882, 3364.8855513568956, 3461.482307954695
872.7829999923706, 3364.8855513568956, 3461.482307954695
872.7939999103546, 3364.8855513568956, 3461.482307954695
872.8109998703003, 3364.8855513568956, 3461.482307954695
872.8539998531342, 3364.8855513568956, 3461.482307954695
872.8639998435974, 3364.8855513568956, 3461.482307954695
872.8699998855591, 3364.8855513568956, 3461.482307954695
872.8759999275208, 3364.8855513568956, 3461.482307954695
872.8829998970032, 3364.8855513568956, 3461.482307954695
872.9229998588562, 3364.8855513568956, 3461.4514489925004
886.9400000572205, 3364.8855513568956, 3461.4447356891606
886.9479999542236, 3364.8855513568956, 3461.4270157680767
886.9519999027252, 3364.8855513568956, 3461.4270157680767
887.0009999275208, 3364.8855513568956, 3461.4270157680767
887.0490000247955, 3364.8855513568956, 3461.4270157680767
887.0569999217987, 3364.8855513568956, 3461.4270157680767
887.0989999771118, 3364.8855513568956, 3461.410143110574
887.1050000190735, 3364.8855513568956, 3461.410143110574
887.1099998950958, 3364.8855513568956, 3461.410143110574
887.1129999160767, 3364.8855513568956, 3461.410143110574
887.1169998645782, 3364.8855513568956, 3461.410143110574
887.135999917984, 3364.8855513568956, 3461.391012696455
895.9340000152588, 3364.8855513568956, 3461.379152419105
895.9430000782013, 3364.8855513568956, 3461.379152419105
895.9519999027252, 3364.8855513568956, 3461.379152419105
895.9589998722076, 3364.8855513568956, 3461.379152419105
895.9670000076294, 3364.8855513568956, 3461.379152419105
895.9719998836517, 3364.8855513568956, 3461.379152419105
895.9769999980927, 3364.8855513568956, 3461.379152419105
896.0299999713898, 3364.8855513568956, 3461.3566431912336
905.0090000629425, 3364.8855513568956, 3461.2903143559615
913.0039999485016, 3364.8855513568956, 3461.2646295571863
913.0199999809265, 3364.8855513568956, 3461.2646295571863
913.045000076294, 3364.8855513568956, 3461.2145563086847
923.2690000534058, 3364.8855513568956, 3461.1765961182523
923.2739999294281, 3364.8855513568956, 3461.168966256934
923.3050000667572, 3364.8855513568956, 3461.162693429281
923.316999912262, 3364.8855513568956, 3461.162693429281
923.3250000476837, 3364.8855513568956, 3461.162693429281
923.3329999446869, 3364.8855513568956, 3461.162693429281
923.3499999046326, 3364.8855513568956, 3461.162693429281
923.3840000629425, 3364.8855513568956, 3461.162693429281
923.3970000743866, 3364.8855513568956, 3461.162693429281
930.4630000591278, 3364.8855513568956, 3461.149421342003
930.4969999790192, 3364.8855513568956, 3461.146532051545
930.537999868393, 3364.8855513568956, 3461.128702274239
930.5680000782013, 3364.8855513568956, 3461.108039886666
937.6749999523163, 3364.8855513568956, 3461.108039886666
937.6859998703003, 3364.8855513568956, 3461.108039886666
937.6970000267029, 3364.8855513568956, 3461.0961001861924
937.7649998664856, 3364.8855513568956, 3461.0924511476946
937.7739999294281, 3364.8855513568956, 3461.0924511476946
943.9119999408722, 3364.8855513568956, 3461.0667051165565
943.9459998607635, 3364.8855513568956, 3461.0523970374566
943.9670000076294, 3364.8855513568956, 3461.0523970374566
952.7779998779297, 3364.8855513568956, 3461.0050856190433
952.7929999828339, 3364.8855513568956, 3461.0050856190433
952.805999994278, 3364.8855513568956, 3461.0050856190433
952.8209998607635, 3364.8855513568956, 3461.0050856190433
961.055999994278, 3364.8855513568956, 3460.9956897804905
961.0729999542236, 3364.8855513568956, 3460.9956897804905
968.6659998893738, 3364.8855513568956, 3460.964052395755
975.4900000095367, 3364.8855513568956, 3460.939273592581
975.5320000648499, 3364.8855513568956, 3460.927103982411
975.5390000343323, 3364.8855513568956, 3460.927103982411
975.5460000038147, 3364.8855513568956, 3460.927103982411
975.5529999732971, 3364.8855513568956, 3460.927103982411
975.5659999847412, 3364.8855513568956, 3460.927103982411
990.1029999256134, 3364.8855513568956, 3460.883917736611
990.1089999675751, 3364.8855513568956, 3460.8814720306955
990.125, 3364.8855513568956, 3460.8814720306955
990.1349999904633, 3364.8855513568956, 3460.8814720306955
990.1840000152588, 3364.8855513568956, 3460.8814720306955
996.664999961853, 3364.8855513568956, 3460.866360625204
996.6710000038147, 3364.8855513568956, 3460.866360625204
996.6789999008179, 3364.8855513568956, 3460.866360625204
996.6840000152588, 3364.8855513568956, 3460.866360625204
996.7009999752045, 3364.8855513568956, 3460.8553684343738
996.7070000171661, 3364.8855513568956, 3460.8553684343738
996.7400000095367, 3364.8855513568956, 3460.8553684343738
996.7460000514984, 3364.8855513568956, 3460.8553684343738
996.7599999904633, 3364.8855513568956, 3460.8553684343738
996.7660000324249, 3364.8855513568956, 3460.8553684343738
1003.6909999847412, 3364.8855513568956, 3460.791860331863
1003.731999874115, 3364.8855513568956, 3460.7776711915176
1003.7389998435974, 3364.8855513568956, 3460.7776711915176
1023.2649998664856, 3364.8855513568956, 3460.7014254603305
1046.9609999656677, 3364.8855513568956, 3460.691319283089
1046.973000049591, 3364.8855513568956, 3460.691319283089
1046.9849998950958, 3364.8855513568956, 3460.691025084241
1047.013000011444, 3364.8855513568956, 3460.691025084241
1047.1329998970032, 3364.8855513568956, 3460.690235507949
1056.106999874115, 3364.8855513568956, 3460.690235507949
1056.1150000095367, 3364.8855513568956, 3460.690235507949
1056.1280000209808, 3364.8855513568956, 3460.690235507949
1056.1589999198914, 3364.8855513568956, 3460.690235507949
1056.1849999427795, 3364.8855513568956, 3460.690235507949
1056.2200000286102, 3364.8855513568956, 3460.6851959308806
1065.6019999980927, 3364.8855513568956, 3460.6851959308806
1065.608999967575, 3364.8855513568956, 3460.6851959308806
1065.6129999160767, 3364.8855513568956, 3460.6851959308806
1065.6219999790192, 3364.8855513568956, 3460.6851959308806
1065.6389999389648, 3364.8855513568956, 3460.6851959308806
1065.6619999408722, 3364.8855513568956, 3460.6776964826972
1075.0090000629425, 3364.8855513568956, 3460.6614750598087
1084.3869998455048, 3364.8855513568956, 3460.659608969623
1093.901999950409, 3364.8855513568956, 3460.6528809542324
1093.909999847412, 3364.8855513568956, 3460.6528809542324
1093.9329998493195, 3364.8855513568956, 3460.6528809542324
1103.223000049591, 3364.8855513568956, 3460.643010663067
1113.1570000648499, 3364.8855513568956, 3460.609355369463
1113.1719999313354, 3364.8855513568956, 3460.609355369463
1121.585000038147, 3364.8855513568956, 3460.579736073614
1131.6399998664856, 3364.8855513568956, 3460.5676670017397
1131.6570000648499, 3364.8855513568956, 3460.5419824393484
1150.375, 3364.8855513568956, 3460.4284370882383
1171.766000032425, 3364.8855513568956, 3460.3888305061296
1171.779000043869, 3364.8855513568956, 3460.3888305061296
1171.7999999523163, 3364.8855513568956, 3460.3888305061296
1181.233999967575, 3364.8855513568956, 3460.3356396696095
1181.2469999790192, 3364.8855513568956, 3460.3351956607307
1181.2539999485016, 3364.8855513568956, 3460.3351956607307
1181.2649998664856, 3364.8855513568956, 3460.3344041260257
1181.276999950409, 3364.8855513568956, 3460.3344041260257
1181.295000076294, 3364.8855513568956, 3460.3312335989617
1181.3099999427795, 3364.8855513568956, 3460.3312335989617
1190.8120000362396, 3364.8855513568956, 3460.3246290402512
1201.0439999103546, 3364.8855513568956, 3460.319215141206
1201.066999912262, 3364.8855513568956, 3460.319215141206
1201.0989999771118, 3364.8855513568956, 3460.319215141206
1201.1159999370575, 3364.8855513568956, 3460.30552562157
1210.569000005722, 3364.8855513568956, 3460.2863196519907
1210.5889999866486, 3364.8855513568956, 3460.2863196519907
1218.3789999485016, 3364.8855513568956, 3460.250335494034
1218.391000032425, 3364.8855513568956, 3460.2452059238017
1232.042000055313, 3364.8855513568956, 3460.2194735542876
1232.0469999313354, 3364.8855513568956, 3460.2194735542876
1232.0569999217987, 3364.8855513568956, 3460.205976514453
1232.1099998950958, 3364.8855513568956, 3460.205976514453
1232.1419999599457, 3364.8855513568956, 3460.1824054435974
1248.4739999771118, 3364.8855513568956, 3460.1329561861285
1248.5190000534058, 3364.8855513568956, 3460.1329561861285
1248.550999879837, 3364.8855513568956, 3460.1329561861285
1259.7289998531342, 3364.8855513568956, 3460.113702521839
1259.8079998493195, 3364.8855513568956, 3460.095062586807
1259.8139998912811, 3364.8855513568956, 3460.095062586807
1259.8199999332428, 3364.8855513568956, 3460.095062586807
1268.555999994278, 3364.8855513568956, 3460.0908892690677
1268.5659999847412, 3364.8855513568956, 3460.081781940098
1268.625, 3364.8855513568956, 3460.0665509004107
1279.7539999485016, 3364.8855513568956, 3460.041327037205
1279.763000011444, 3364.8855513568956, 3460.0203951335584
1279.7699999809265, 3364.8855513568956, 3460.0203951335584
1279.7929999828339, 3364.8855513568956, 3460.004497041438
1279.805999994278, 3364.8855513568956, 3460.004497041438
1289.2389998435974, 3364.8855513568956, 3459.956246980861
1289.2509999275208, 3364.8855513568956, 3459.9476595747597
1289.2619998455048, 3364.8855513568956, 3459.9476595747597
1289.2890000343323, 3364.8855513568956, 3459.876509333032
1289.3039999008179, 3364.8855513568956, 3459.876509333032
1289.3339998722076, 3364.8855513568956, 3459.876509333032
1304.9089999198914, 3364.8855513568956, 3459.83910021315
1304.9960000514984, 3364.8855513568956, 3459.8377888830846
1305.0759999752045, 3364.8855513568956, 3459.8361568076734
1314.9589998722076, 3364.8855513568956, 3459.8346336037516
1314.9660000801086, 3364.8855513568956, 3459.8346336037516
1314.973000049591, 3364.8855513568956, 3459.8346336037516
1314.9779999256134, 3364.8855513568956, 3459.8346336037516
1315.0320000648499, 3364.8855513568956, 3459.7889846508847
1328.050999879837, 3364.8855513568956, 3459.737693962931
1328.055999994278, 3364.8855513568956, 3459.737693962931
1340.8289999961853, 3364.8855513568956, 3459.6279615988237
1353.4470000267029, 3364.8855513568956, 3459.5818456454986
1353.457999944687, 3364.8855513568956, 3459.5818456454986
1353.4830000400543, 3364.8855513568956, 3459.5818456454986
1353.5429999828339, 3364.8855513568956, 3459.581148965521
1353.5780000686646, 3364.8855513568956, 3459.580715720203
1353.598000049591, 3364.8855513568956, 3459.578008902897
1362.4159998893738, 3364.8855513568956, 3459.568991497843
1374.1219999790192, 3364.8855513568956, 3459.5377933825553
1374.1310000419617, 3364.8855513568956, 3459.5377933825553
1374.159999847412, 3364.8855513568956, 3459.5377933825553
1374.170000076294, 3364.8855513568956, 3459.5377933825553
1374.2009999752045, 3364.8855513568956, 3459.519723069127
1374.2059998512268, 3364.8855513568956, 3459.519723069127
1374.2490000724792, 3364.8855513568956, 3459.5049930805217
1382.6169998645782, 3364.8855513568956, 3459.5049930805217
1382.6329998970032, 3364.8855513568956, 3459.4904370898644
1382.6369998455048, 3364.8855513568956, 3459.4904370898644
1382.6640000343323, 3364.8855513568956, 3459.480962827611
1382.7109999656677, 3364.8855513568956, 3459.474844694919
1391.5539999008179, 3364.8855513568956, 3459.474844694919
1391.5579998493195, 3364.8855513568956, 3459.474844694919
1391.5609998703003, 3364.8855513568956, 3459.474844694919
1391.5639998912811, 3364.8855513568956, 3459.472128663453
1391.5859999656677, 3364.8855513568956, 3459.472128663453
1391.6240000724792, 3364.8855513568956, 3459.472128663453
1391.6289999485016, 3364.8855513568956, 3459.472128663453
1391.6329998970032, 3364.8855513568956, 3459.472128663453
1391.6429998874664, 3364.8855513568956, 3459.472128663453
1400.0520000457764, 3364.8855513568956, 3459.4539433470713
1400.0569999217987, 3364.8855513568956, 3459.435097599498
1400.0639998912811, 3364.8855513568956, 3459.435097599498
1400.069000005722, 3364.8855513568956, 3459.435097599498
1400.0820000171661, 3364.8855513568956, 3459.4257511544224
1400.0899999141693, 3364.8855513568956, 3459.4257511544224
1409.0409998893738, 3364.8855513568956, 3459.421392742385
1409.0490000247955, 3364.8855513568956, 3459.421392742385
1409.0550000667572, 3364.8855513568956, 3459.418492229166
1409.1319999694824, 3364.8855513568956, 3459.406894711977
1416.5, 3364.8855513568956, 3459.4064528914296
1416.5079998970032, 3364.8855513568956, 3459.397560565572
1416.516000032425, 3364.8855513568956, 3459.3966013098284
1424.7139999866486, 3364.8855513568956, 3459.3886999010037
1424.7349998950958, 3364.8855513568956, 3459.3886999010037
1424.7590000629425, 3364.8855513568956, 3459.3886999010037
1424.7809998989105, 3364.8855513568956, 3459.3886999010037
1432.2030000686646, 3364.8855513568956, 3459.378399132549
1432.2149999141693, 3364.8855513568956, 3459.378399132549
1432.2379999160767, 3364.8855513568956, 3459.3580781108076
1432.289999961853, 3364.8855513568956, 3459.3348518818625
1440.2749998569489, 3364.8855513568956, 3459.320786311586
1440.289999961853, 3364.8855513568956, 3459.320786311586
1440.348000049591, 3364.8855513568956, 3459.315488292201
1448.8629999160767, 3364.8855513568956, 3459.3006010225467
1448.8689999580383, 3364.8855513568956, 3459.3006010225467
1481.789999961853, 3364.8855513568956, 3459.2470903697163
1481.7969999313354, 3364.8855513568956, 3459.2470903697163
1481.8099999427795, 3364.8855513568956, 3459.2470903697163
1481.8150000572205, 3364.8855513568956, 3459.2470903697163
1481.891000032425, 3364.8855513568956, 3459.2243759271455
1490.2820000648499, 3364.8855513568956, 3459.1482068470277
1490.2860000133514, 3364.8855513568956, 3459.1482068470277
1490.3090000152588, 3364.8855513568956, 3459.142879673602
1490.332999944687, 3364.8855513568956, 3459.142258388432
1490.3539998531342, 3364.8855513568956, 3459.061148640956
1506.9609999656677, 3364.8855513568956, 3459.061148640956
1506.9670000076294, 3364.8855513568956, 3459.061148640956
1506.9749999046326, 3364.8855513568956, 3459.061148640956
1507.0090000629425, 3364.8855513568956, 3459.05632141475
1507.0809998512268, 3364.8855513568956, 3459.0502008870394
1517.3079998493195, 3364.8855513568956, 3458.994915469652
1517.3159999847412, 3364.8855513568956, 3458.994915469652
1517.3220000267029, 3364.8855513568956, 3458.994915469652
1517.3269999027252, 3364.8855513568956, 3458.994915469652
1517.332999944687, 3364.8855513568956, 3458.994915469652
1517.3389999866486, 3364.8855513568956, 3458.994915469652
1517.409999847412, 3364.8855513568956, 3458.9786513381355
1527.3899998664856, 3364.8855513568956, 3458.9786513381355
1527.3980000019073, 3364.8855513568956, 3458.9786513381355
1527.4079999923706, 3364.8855513568956, 3458.975522847016
1527.4140000343323, 3364.8855513568956, 3458.9714922796747
1527.4349999427795, 3364.8855513568956, 3458.9695256413374
1527.4559998512268, 3364.8855513568956, 3458.9695256413374
1527.4739999771118, 3364.8855513568956, 3458.9074372603536
1553.7869999408722, 3364.8855513568956, 3458.9059082186095
1554.0279998779297, 3364.8855513568956, 3458.90270589837
1561.1470000743866, 3364.8855513568956, 3458.9017667940684
1561.1800000667572, 3364.8855513568956, 3458.899105800101
1566.164999961853, 3364.8855513568956, 3458.893882205635
1566.1740000247955, 3364.8855513568956, 3458.8896730447686
1566.1840000152588, 3364.8855513568956, 3458.8862317565395
1566.1930000782013, 3364.8855513568956, 3458.882889509255
1566.2039999961853, 3364.8855513568956, 3458.878986972652
1566.236999988556, 3364.8855513568956, 3458.8697539574177
1580.904000043869, 3364.8855513568956, 3458.704007918386
1580.9089999198914, 3364.8855513568956, 3458.699054538944
1580.9179999828339, 3364.8855513568956, 3458.699054538944
1580.9219999313354, 3364.8855513568956, 3458.699054538944
1580.9279999732971, 3364.8855513568956, 3458.6951506166956
1580.9479999542236, 3364.8855513568956, 3458.6951506166956
1587.4079999923706, 3364.8855513568956, 3458.6858925734123
1587.4479999542236, 3364.8855513568956, 3458.670936268052
1587.494999885559, 3364.8855513568956, 3458.6621556103773
1594.526999950409, 3364.8855513568956, 3458.617424551076
1594.5320000648499, 3364.8855513568956, 3458.617424551076
1594.539999961853, 3364.8855513568956, 3458.617424551076
1602.912999868393, 3364.8855513568956, 3458.612060516824
1602.9189999103546, 3364.8855513568956, 3458.612060516824
1602.9249999523163, 3364.8855513568956, 3458.612060516824
1602.9359998703003, 3364.8855513568956, 3458.5963693040158
1602.9559998512268, 3364.8855513568956, 3458.56657116207
1613.7760000228882, 3364.8855513568956, 3458.5196915427045
1613.8209998607635, 3364.8855513568956, 3458.5196915427045
1622.3840000629425, 3364.8855513568956, 3458.4954876873167
1648.914999961853, 3364.8855513568956, 3458.4236756971604
1648.944000005722, 3364.8855513568956, 3458.396760193896
1649.0, 3364.8855513568956, 3458.396760193896
1660.6459999084473, 3364.8855513568956, 3458.339889360156
1660.6579999923706, 3364.8855513568956, 3458.3300855357097
1660.7119998931885, 3364.8855513568956, 3458.3182263987023
1679.8309998512268, 3364.8855513568956, 3458.16439555439
1679.8399999141693, 3364.8855513568956, 3458.16439555439
1679.851000070572, 3364.8855513568956, 3458.16439555439
1679.856999874115, 3364.8855513568956, 3458.16439555439
1679.8669998645782, 3364.8855513568956, 3458.16439555439
1679.8929998874664, 3364.8855513568956, 3458.16439555439
1679.9240000247955, 3364.8855513568956, 3458.1536829312463
1679.9449999332428, 3364.8855513568956, 3458.1499511677434
1679.9509999752045, 3364.8855513568956, 3458.1499511677434
1690.4879999160767, 3364.8855513568956, 3458.0920000932438
1690.5069999694824, 3364.8855513568956, 3458.091990570174
1690.5469999313354, 3364.8855513568956, 3458.091474252156
1690.5989999771118, 3364.8855513568956, 3458.091474252156
1706.8020000457764, 3364.8855513568956, 3458.0882858644663
1706.8780000209808, 3364.8855513568956, 3458.0872575271696
1715.457999944687, 3364.8855513568956, 3458.0832038078393
1722.7690000534058, 3364.8855513568956, 3458.064609763762
1722.7749998569489, 3364.8855513568956, 3458.064609763762
1722.8499999046326, 3364.8855513568956, 3457.986536322976
1730.2539999485016, 3364.8855513568956, 3457.986536322976
1744.7829999923706, 3364.8855513568956, 3457.8740816643744
1744.8199999332428, 3364.8855513568956, 3457.835406002784
1744.8410000801086, 3364.8855513568956, 3457.835406002784
1752.5650000572205, 3364.8855513568956, 3457.820908845573
1763.3970000743866, 3364.8855513568956, 3457.761748511082
1774.8150000572205, 3364.8855513568956, 3457.7415094901426
1774.8259999752045, 3364.8855513568956, 3457.7415094901426
1774.8450000286102, 3364.8855513568956, 3457.7415094901426
1774.8580000400543, 3364.8855513568956, 3457.7415094901426
1774.8719999790192, 3364.8855513568956, 3457.7201317925674
1774.9089999198914, 3364.8855513568956, 3457.696605152534
1789.6800000667572, 3364.8855513568956, 3457.692317828491
1789.733999967575, 3364.8855513568956, 3457.6894328679273
1789.7839999198914, 3364.8855513568956, 3457.6707315930485
1797.4489998817444, 3364.8855513568956, 3457.6707315930485
1797.454999923706, 3364.8855513568956, 3457.6707315930485
1797.4660000801086, 3364.8855513568956, 3457.641696301878
1810.9649999141693, 3364.8855513568956, 3457.6126062671588
1811.0139999389648, 3364.8855513568956, 3457.609691129684
1811.0249998569489, 3364.8855513568956, 3457.609691129684
1825.3740000724792, 3364.8855513568956, 3457.5562491041073
1825.3919999599457, 3364.8855513568956, 3457.494000493587
1825.398999929428, 3364.8855513568956, 3457.494000493587
1825.412999868393, 3364.8855513568956, 3457.4863298124637
1825.430999994278, 3364.8855513568956, 3457.476258355095
1825.4359998703003, 3364.8855513568956, 3457.476258355095
1825.454999923706, 3364.8855513568956, 3457.476258355095
1825.4769999980927, 3364.8855513568956, 3457.324765596713
1840.9919998645782, 3364.8855513568956, 3457.324765596713
1841.0009999275208, 3364.8855513568956, 3457.324765596713
1841.0539999008179, 3364.8855513568956, 3457.324765596713
1841.0599999427795, 3364.8855513568956, 3457.324765596713
1841.12299990654, 3364.8855513568956, 3457.321474030821
1856.2749998569489, 3364.8855513568956, 3457.233943526183
1856.2990000247955, 3364.8855513568956, 3457.2321971135475
1870.7160000801086, 3364.8855513568956, 3457.2321971135475
1870.7249999046326, 3364.8855513568956, 3457.2321971135475
1870.7300000190735, 3364.8855513568956, 3457.2321971135475
1887.1349999904633, 3364.8855513568956, 3457.079234548417
1887.2690000534058, 3364.8855513568956, 3457.079234548417
1887.3029999732971, 3364.8855513568956, 3457.0764618239323
1898.3710000514984, 3364.8855513568956, 3457.0764618239323
1898.3789999485016, 3364.8855513568956, 3457.0764618239323
1898.3869998455048, 3364.8855513568956, 3457.0764618239323
1898.3999998569489, 3364.8855513568956, 3457.0764618239323
1898.457999944687, 3364.8855513568956, 3457.0764618239323
1898.494999885559, 3364.8855513568956, 3457.0695849777035
1912.9849998950958, 3364.8855513568956, 3457.0695849777035
1913.0550000667572, 3364.8855513568956, 3457.054199840386
1924.0060000419617, 3364.8855513568956, 3457.030517840231
1924.0639998912811, 3364.8855513568956, 3457.014123861993
1933.74799990654, 3364.8855513568956, 3456.9846245766757
1933.7530000209808, 3364.8855513568956, 3456.9846245766757
1933.7869999408722, 3364.8855513568956, 3456.951598113019
1933.7960000038147, 3364.8855513568956, 3456.951598113019
1933.800999879837, 3364.8855513568956, 3456.951598113019
1933.8069999217987, 3364.8855513568956, 3456.951598113019
1962.2619998455048, 3364.8855513568956, 3456.951598113019
1962.2730000019073, 3364.8855513568956, 3456.951598113019
1962.3079998493195, 3364.8855513568956, 3456.951598113019
1962.4749999046326, 3364.8855513568956, 3456.9211241033036
1972.6240000724792, 3364.8855513568956, 3456.9211241033036
1972.6369998455048, 3364.8855513568956, 3456.9211241033036
1972.6640000343323, 3364.8855513568956, 3456.9211241033036
1972.6819999217987, 3364.8855513568956, 3456.9211241033036
1972.6879999637604, 3364.8855513568956, 3456.9211241033036
1972.6949999332428, 3364.8855513568956, 3456.9211241033036
1972.7139999866486, 3364.8855513568956, 3456.9211241033036
1972.7330000400543, 3364.8855513568956, 3456.9211241033036
1988.3269999027252, 3364.8855513568956, 3456.82912251537
1988.332999944687, 3364.8855513568956, 3456.82912251537
1988.351000070572, 3364.8855513568956, 3456.825599556048
2000.5859999656677, 3364.8855513568956, 3456.819706397628
2000.598000049591, 3364.8855513568956, 3456.819706397628
2000.6080000400543, 3364.8855513568956, 3456.819706397628
2016.691999912262, 3364.8855513568956, 3456.6590531494485
2016.6979999542236, 3364.8855513568956, 3456.6590531494485
2016.7030000686646, 3364.8855513568956, 3456.6590531494485
2032.4509999752045, 3364.8855513568956, 3456.6339232170144
2032.4700000286102, 3364.8855513568956, 3456.596995127099
2032.523999929428, 3364.8855513568956, 3456.596995127099
2032.5499999523163, 3364.8855513568956, 3456.5899640395455
2032.6050000190735, 3364.8855513568956, 3456.569552957637
2047.8999998569489, 3364.8855513568956, 3456.569552957637
2047.9049999713898, 3364.8855513568956, 3456.569552957637
2047.909999847412, 3364.8855513568956, 3456.569552957637
2047.9140000343323, 3364.8855513568956, 3456.569552957637
2047.9189999103546, 3364.8855513568956, 3456.569552957637
2047.9719998836517, 3364.8855513568956, 3456.5429513936706
2047.9809999465942, 3364.8855513568956, 3456.5429513936706
2047.986999988556, 3364.8855513568956, 3456.5429513936706
2047.9909999370575, 3364.8855513568956, 3456.5429513936706
2047.99799990654, 3364.8855513568956, 3456.5429513936706
2048.003000020981, 3364.8855513568956, 3456.5429513936706
2048.0069999694824, 3364.8855513568956, 3456.5429513936706
2048.023999929428, 3364.8855513568956, 3456.5429513936706
2048.050999879837, 3364.8855513568956, 3456.5429513936706
2048.0579998493195, 3364.8855513568956, 3456.5429513936706
2048.0889999866486, 3364.8855513568956, 3456.5429513936706
2048.1150000095367, 3364.8855513568956, 3456.395226597959
2048.125, 3364.8855513568956, 3456.395226597959
2048.135999917984, 3364.8855513568956, 3456.395226597959
2064.3389999866486, 3364.8855513568956, 3456.395226597959
2064.3469998836517, 3364.8855513568956, 3456.395226597959
2064.3980000019073, 3364.8855513568956, 3456.395226597959
2064.4029998779297, 3364.8855513568956, 3456.395226597959
2064.428999900818, 3364.8855513568956, 3456.3871718706364
2064.434000015259, 3364.8855513568956, 3456.3871718706364
2064.438999891281, 3364.8855513568956, 3456.3871718706364
2064.444999933243, 3364.8855513568956, 3456.386927908546
2064.4589998722076, 3364.8855513568956, 3456.386927908546
2089.3899998664856, 3364.8855513568956, 3456.2668332972194
2089.3940000534058, 3364.8855513568956, 3456.2668332972194
2089.398999929428, 3364.8855513568956, 3456.2667656186622
2089.40700006485, 3364.8855513568956, 3456.2667656186622
2089.412999868393, 3364.8855513568956, 3456.2667448652
2089.422999858856, 3364.8855513568956, 3456.266530825622
2089.4479999542236, 3364.8855513568956, 3456.265948029114
2089.460000038147, 3364.8855513568956, 3456.265948029114
2089.5009999275208, 3364.8855513568956, 3456.265948029114
2089.526000022888, 3364.8855513568956, 3456.265948029114
2102.970999956131, 3364.8855513568956, 3456.262778290738
2102.9879999160767, 3364.8855513568956, 3456.2595253464874
2103.0019998550415, 3364.8855513568956, 3456.2595253464874
2115.6640000343323, 3364.8855513568956, 3456.2564731120788
2115.672999858856, 3364.8855513568956, 3456.2564731120788
2115.6959998607635, 3364.8855513568956, 3456.2564731120788
2115.707999944687, 3364.8855513568956, 3456.2564731120788
2115.75, 3364.8855513568956, 3456.255857289139
2115.774999856949, 3364.8855513568956, 3456.232573333274
2129.9189999103546, 3364.8855513568956, 3456.089675962518
2142.8840000629425, 3364.8855513568956, 3456.087433575331
2142.9500000476837, 3364.8855513568956, 3456.0790219450096
2162.184000015259, 3364.8855513568956, 3456.0711986638366
2162.236999988556, 3364.8855513568956, 3456.065283465902
2162.2669999599457, 3364.8855513568956, 3456.065283465902
2178.184000015259, 3364.8855513568956, 3455.9208964979744
2178.1930000782013, 3364.8855513568956, 3455.9208964979744
2178.213000059128, 3364.8855513568956, 3455.9208964979744
2178.3079998493195, 3364.8855513568956, 3455.9208964979744
2178.315999984741, 3364.8855513568956, 3455.9208964979744
2178.322000026703, 3364.8855513568956, 3455.9208964979744
2178.34299993515, 3364.8855513568956, 3455.9169209378824
2178.3710000514984, 3364.8855513568956, 3455.85166540239
2178.3919999599457, 3364.8855513568956, 3455.766650365731
2197.412999868393, 3364.8855513568956, 3455.766650365731
2197.5599999427795, 3364.8855513568956, 3455.7628063316847
2209.565999984741, 3364.8855513568956, 3455.7628063316847
2209.5729999542236, 3364.8855513568956, 3455.7628063316847
2209.6029999256134, 3364.8855513568956, 3455.7628063316847
2209.6289999485016, 3364.8855513568956, 3455.7628063316847
2209.6640000343323, 3364.8855513568956, 3455.7545123138216
2209.6719999313354, 3364.8855513568956, 3455.7545123138216
2231.263999938965, 3364.8855513568956, 3455.75114375548
2231.274999856949, 3364.8855513568956, 3455.75114375548
2231.289999961853, 3364.8855513568956, 3455.75114375548
2231.3469998836517, 3364.8855513568956, 3455.744311587245
2243.9459998607635, 3364.8855513568956, 3455.728867608366
2243.9509999752045, 3364.8855513568956, 3455.728867608366
2243.960000038147, 3364.8855513568956, 3455.728867608366
2256.585000038147, 3364.8855513568956, 3455.694930039361
2282.62299990654, 3364.8855513568956, 3455.663796069382
2282.713000059128, 3364.8855513568956, 3455.6322948240645
2282.75, 3364.8855513568956, 3455.6322948240645
2282.766000032425, 3364.8855513568956, 3455.508830731434
2305.0169999599457, 3364.8855513568956, 3455.4968299051598
2305.0279998779297, 3364.8855513568956, 3455.4968299051598
2305.0360000133514, 3364.8855513568956, 3455.4968299051598
2305.045000076294, 3364.8855513568956, 3455.4968299051598
2305.0520000457764, 3364.8855513568956, 3455.4968299051598
2305.0950000286102, 3364.8855513568956, 3455.4968299051598
2305.0999999046326, 3364.8855513568956, 3455.4968299051598
2305.1640000343323, 3364.8855513568956, 3455.4968299051598
2317.513999938965, 3364.8855513568956, 3455.4396350691472
2317.526999950409, 3364.8855513568956, 3455.4396350691472
2338.5220000743866, 3364.8855513568956, 3455.4311431907445
2338.5279998779297, 3364.8855513568956, 3455.4311431907445
2338.75, 3364.8855513568956, 3455.421028729358
2351.28200006485, 3364.8855513568956, 3455.421028729358
2351.286999940872, 3364.8855513568956, 3455.4072417557786
2351.292999982834, 3364.8855513568956, 3455.4072417557786
2351.3550000190735, 3364.8855513568956, 3455.4072417557786
2351.3819999694824, 3364.8855513568956, 3455.4072417557786
2375.218999862671, 3364.8855513568956, 3455.398443456794
2375.223000049591, 3364.8855513568956, 3455.398443456794
2375.2279999256134, 3364.8855513568956, 3455.398443456794
2375.25, 3364.8855513568956, 3455.386713213216
2375.3099999427795, 3364.8855513568956, 3455.386713213216
2375.3469998836517, 3364.8855513568956, 3455.382877650883
2375.415999889374, 3364.8855513568956, 3455.382877650883
2375.434000015259, 3364.8855513568956, 3455.374272190895
2393.226000070572, 3364.8855513568956, 3455.3630729494093
2393.287999868393, 3364.8855513568956, 3455.3565124271177
2407.210000038147, 3364.8855513568956, 3455.225193659766
2421.625, 3364.8855513568956, 3455.1798670703565
2421.6289999485016, 3364.8855513568956, 3455.1798670703565
2421.635999917984, 3364.8855513568956, 3455.1793459262017
2421.6429998874664, 3364.8855513568956, 3455.178751642598
2421.670000076294, 3364.8855513568956, 3455.178751642598
2421.7109999656677, 3364.8855513568956, 3455.177557989074
2421.718999862671, 3364.8855513568956, 3455.177557989074
2421.776999950409, 3364.8855513568956, 3455.0870243414042
2454.672999858856, 3364.8855513568956, 3454.9482673255548
2454.6770000457764, 3364.8855513568956, 3454.9482673255548
2454.6829998493195, 3364.8855513568956, 3454.947276301211
2454.7009999752045, 3364.8855513568956, 3454.947276301211
2454.763000011444, 3364.8855513568956, 3454.946369317348
2454.84299993515, 3364.8855513568956, 3454.939153127441
2454.8919999599457, 3364.8855513568956, 3454.878103339388
2467.0620000362396, 3364.8855513568956, 3454.8765967812137
2467.0739998817444, 3364.8855513568956, 3454.873527149226
2467.079999923706, 3364.8855513568956, 3454.873527149226
2467.085000038147, 3364.8855513568956, 3454.873527149226
2467.0899999141693, 3364.8855513568956, 3454.873527149226
2467.119999885559, 3364.8855513568956, 3454.873527149226
2467.1399998664856, 3364.8855513568956, 3454.871433446477
2467.1719999313354, 3364.8855513568956, 3454.8701960353105
2485.815999984741, 3364.8855513568956, 3454.868844143925
2485.8239998817444, 3364.8855513568956, 3454.868844143925
2485.8389999866486, 3364.8855513568956, 3454.868844143925
2485.8450000286102, 3364.8855513568956, 3454.868844143925
2485.851000070572, 3364.8855513568956, 3454.868844143925
2485.856999874115, 3364.8855513568956, 3454.868844143925
2485.8639998435974, 3364.8855513568956, 3454.868844143925
2485.871999979019, 3364.8855513568956, 3454.868844143925
2485.8949999809265, 3364.8855513568956, 3454.8598664083106
2485.901000022888, 3364.8855513568956, 3454.8598664083106
2485.9270000457764, 3364.8855513568956, 3454.8598664083106
2485.981999874115, 3364.8855513568956, 3454.854137402936
2485.9879999160767, 3364.8855513568956, 3454.854137402936
2485.996999979019, 3364.8855513568956, 3454.854137402936
2486.003000020981, 3364.8855513568956, 3454.854137402936
2486.034999847412, 3364.8855513568956, 3454.8500829127775
2486.0609998703003, 3364.8855513568956, 3454.848068050926
2486.0759999752045, 3364.8855513568956, 3454.848068050926
2486.1019999980927, 3364.8855513568956, 3454.848068050926
2486.1080000400543, 3364.8855513568956, 3454.848068050926
2486.1159999370575, 3364.8855513568956, 3454.848068050926
2486.121999979019, 3364.8855513568956, 3454.848068050926
2486.128000020981, 3364.8855513568956, 3454.848068050926
2486.148999929428, 3364.8855513568956, 3454.668628951901
2502.552999973297, 3364.8855513568956, 3454.668628951901
2502.6029999256134, 3364.8855513568956, 3454.668628951901
2502.665999889374, 3364.8855513568956, 3454.668628951901
2502.6979999542236, 3364.8855513568956, 3454.6682122209972
2519.425999879837, 3364.8855513568956, 3454.6525855626937
2519.4329998493195, 3364.8855513568956, 3454.6525855626937
2519.4379999637604, 3364.8855513568956, 3454.6525855626937
2519.4800000190735, 3364.8855513568956, 3454.6525855626937
2519.5049998760223, 3364.8855513568956, 3454.6525855626937
2537.542999982834, 3364.8855513568956, 3454.5716685467182
2557.832000017166, 3364.8855513568956, 3454.5260569280595
2557.8869998455048, 3364.8855513568956, 3454.525579349755
2573.427999973297, 3364.8855513568956, 3454.494324590513
2587.848000049591, 3364.8855513568956, 3454.4931223963968
2587.8580000400543, 3364.8855513568956, 3454.491457994848
2587.8659999370575, 3364.8855513568956, 3454.491457994848
2587.9509999752045, 3364.8855513568956, 3454.491457994848
2603.326999902725, 3364.8855513568956, 3454.4889748442115
2603.3840000629425, 3364.8855513568956, 3454.4889748442115
2603.409999847412, 3364.8855513568956, 3454.4889748442115
2619.6930000782013, 3364.8855513568956, 3454.477922566165
2638.332999944687, 3364.8855513568956, 3454.4151444582417
2651.3970000743866, 3364.8855513568956, 3454.386386685043
2651.425999879837, 3364.8855513568956, 3454.351303352181
2651.4370000362396, 3364.8855513568956, 3454.351303352181
2660.9900000095367, 3364.8855513568956, 3454.351303352181
2661.0099999904633, 3364.8855513568956, 3454.311931189289
2661.0650000572205, 3364.8855513568956, 3454.245653406178
2674.2890000343323, 3364.8855513568956, 3454.245653406178
2674.2969999313354, 3364.8855513568956, 3454.245653406178
2674.303999900818, 3364.8855513568956, 3454.228428773695
2674.415999889374, 3364.8855513568956, 3454.050721394721
2693.909999847412, 3364.8855513568956, 3454.048095904703
2694.0090000629425, 3364.8855513568956, 3454.045661401993
2708.819999933243, 3364.8855513568956, 3453.9631692161024
2708.8399999141693, 3364.8855513568956, 3453.9631692161024
2708.8499999046326, 3364.8855513568956, 3453.9631692161024
2708.8840000629425, 3364.8855513568956, 3453.959818356878
2708.8899998664856, 3364.8855513568956, 3453.959818356878
2708.8959999084473, 3364.8855513568956, 3453.959818356878
2708.901000022888, 3364.8855513568956, 3453.959818356878
2708.9349999427795, 3364.8855513568956, 3453.957612488958
2723.901000022888, 3364.8855513568956, 3453.957612488958
2723.9079999923706, 3364.8855513568956, 3453.957612488958
2723.912999868393, 3364.8855513568956, 3453.957612488958
2723.9219999313354, 3364.8855513568956, 3453.957612488958
2723.930999994278, 3364.8855513568956, 3453.957612488958
2723.940999984741, 3364.8855513568956, 3453.949312134771
2723.9459998607635, 3364.8855513568956, 3453.949312134771
2724.0019998550415, 3364.8855513568956, 3453.942135140993
2738.651999950409, 3364.8855513568956, 3453.942135140993
2738.670000076294, 3364.8855513568956, 3453.942135140993
2738.680999994278, 3364.8855513568956, 3453.942135140993
2738.6870000362396, 3364.8855513568956, 3453.934755285082
2738.694000005722, 3364.8855513568956, 3453.934755285082
2738.7300000190735, 3364.8855513568956, 3453.934755285082
2738.736000061035, 3364.8855513568956, 3453.934755285082
2738.7430000305176, 3364.8855513568956, 3453.924412156454
2738.75, 3364.8855513568956, 3453.924412156454
2738.7619998455048, 3364.8855513568956, 3453.924412156454
2738.766000032425, 3364.8855513568956, 3453.924412156454
2738.7709999084473, 3364.8855513568956, 3453.924412156454
2738.776000022888, 3364.8855513568956, 3453.924412156454
2738.7799999713898, 3364.8855513568956, 3453.924412156454
2738.792000055313, 3364.8855513568956, 3453.9119606875047
2738.7960000038147, 3364.8855513568956, 3453.9119606875047
2738.800999879837, 3364.8855513568956, 3453.9119606875047
2738.805000066757, 3364.8855513568956, 3453.9119606875047
2738.8099999427795, 3364.8855513568956, 3453.9119606875047
2738.813999891281, 3364.8855513568956, 3453.9119606875047
2738.8180000782013, 3364.8855513568956, 3453.9119606875047
2738.822000026703, 3364.8855513568956, 3453.9119606875047
2738.853999853134, 3364.8855513568956, 3453.9119606875047
2738.858999967575, 3364.8855513568956, 3453.9119606875047
2738.861999988556, 3364.8855513568956, 3453.9119606875047
2738.8710000514984, 3364.8855513568956, 3453.9119606875047
2754.204999923706, 3364.8855513568956, 3453.9119606875047
2754.2089998722076, 3364.8855513568956, 3453.9119606875047
2754.2170000076294, 3364.8855513568956, 3453.9119606875047
2754.2330000400543, 3364.8855513568956, 3453.909552344454
2754.2379999160767, 3364.8855513568956, 3453.909552344454
2754.2699999809265, 3364.8855513568956, 3453.909552344454
2754.305999994278, 3364.8855513568956, 3453.9025282670927
2754.3150000572205, 3364.8855513568956, 3453.884439854582
2754.319999933243, 3364.8855513568956, 3453.884439854582
2754.326999902725, 3364.8855513568956, 3453.884439854582
2754.3759999275208, 3364.8855513568956, 3453.8806156868986
2770.148999929428, 3364.8855513568956, 3453.856908641282
2785.4909999370575, 3364.8855513568956, 3453.8053301288724
2799.358999967575, 3364.8855513568956, 3453.7906544486295
2799.378000020981, 3364.8855513568956, 3453.7906544486295
2799.4349999427795, 3364.8855513568956, 3453.7906544486295
2821.720999956131, 3364.8855513568956, 3453.744128153591
2821.7590000629425, 3364.8855513568956, 3453.744128153591
2821.766000032425, 3364.8855513568956, 3453.744128153591
2821.8079998493195, 3364.8855513568956, 3453.744128153591
2821.858999967575, 3364.8855513568956, 3453.581179644418
2821.8659999370575, 3364.8855513568956, 3453.581179644418
2844.6459999084473, 3364.8855513568956, 3453.5795710556386
2844.651999950409, 3364.8855513568956, 3453.5795710556386
2871.744999885559, 3364.8855513568956, 3453.471045244733
2879.037999868393, 3364.8855513568956, 3453.417404705084
2886.085000038147, 3364.8855513568956, 3453.4004895586663
2886.0920000076294, 3364.8855513568956, 3453.4004895586663
2886.101000070572, 3364.8855513568956, 3453.4004895586663
2886.109999895096, 3364.8855513568956, 3453.4004895586663
2886.1579999923706, 3364.8855513568956, 3453.3708833177934
2896.757999897003, 3364.8855513568956, 3453.3240962867953
2896.7679998874664, 3364.8855513568956, 3453.3240962867953
2896.830999851227, 3364.8855513568956, 3453.295888016959
2896.8529999256134, 3364.8855513568956, 3453.261930196854
2908.8550000190735, 3364.8855513568956, 3453.261930196854
2908.8629999160767, 3364.8855513568956, 3453.261930196854
2908.9210000038147, 3364.8855513568956, 3453.261930196854
2908.9649999141693, 3364.8855513568956, 3453.261930196854
2909.0060000419617, 3364.8855513568956, 3453.2440601952194
2909.080999851227, 3364.8855513568956, 3453.199729832632
2924.608999967575, 3364.8855513568956, 3453.199729832632
2924.6150000095367, 3364.8855513568956, 3453.199729832632
2924.625, 3364.8855513568956, 3453.199729832632
2924.667999982834, 3364.8855513568956, 3453.1944536283877
2924.7730000019073, 3364.8855513568956, 3453.1944536283877
2924.803999900818, 3364.8855513568956, 3453.1944536283877
2940.1310000419617, 3364.8855513568956, 3453.0848368489956
2940.1459999084473, 3364.8855513568956, 3453.0848368489956
2940.180999994278, 3364.8855513568956, 3453.0840697493113
2940.2039999961853, 3364.8855513568956, 3453.0840697493113
2940.24799990654, 3364.8855513568956, 3453.0840697493113
2940.2939999103546, 3364.8855513568956, 3453.081766009548
2940.3499999046326, 3364.8855513568956, 3453.0807587457007
2940.425999879837, 3364.8855513568956, 3453.079460202998
2955.8359999656677, 3364.8855513568956, 3453.079460202998
2955.8680000305176, 3364.8855513568956, 3453.079460202998
2955.978999853134, 3364.8855513568956, 3453.079460202998
2956.013999938965, 3364.8855513568956, 3453.079460202998
2956.0309998989105, 3364.8855513568956, 3453.079460202998
2956.082000017166, 3364.8855513568956, 3453.0600700309305
2971.6349999904633, 3364.8855513568956, 3453.0600700309305
2971.6470000743866, 3364.8855513568956, 3453.0566208218193
2971.7030000686646, 3364.8855513568956, 3453.0566208218193
2971.757999897003, 3364.8855513568956, 3453.0566208218193
2971.773999929428, 3364.8855513568956, 3453.0566208218193
2971.805000066757, 3364.8855513568956, 3453.0566208218193
2971.816999912262, 3364.8855513568956, 3453.0566208218193
2971.8650000095367, 3364.8855513568956, 3453.0542744231075
2971.920000076294, 3364.8855513568956, 3453.0542744231075
2971.976000070572, 3364.8855513568956, 3453.0360026802277
2986.7389998435974, 3364.8855513568956, 3453.0360026802277
2986.7490000724792, 3364.8855513568956, 3453.0360026802277
2986.7569999694824, 3364.8855513568956, 3453.0360026802277
2986.8499999046326, 3364.8855513568956, 3453.0360026802277
2986.8550000190735, 3364.8855513568956, 3453.0360026802277
2986.8669998645782, 3364.8855513568956, 3453.0360026802277
2986.8919999599457, 3364.8855513568956, 3453.0360026802277
2986.899999856949, 3364.8855513568956, 3453.0360026802277
2986.9079999923706, 3364.8855513568956, 3453.0360026802277
2986.9619998931885, 3364.8855513568956, 3453.0360026802277
2987.007999897003, 3364.8855513568956, 3453.032874954737
2987.0329999923706, 3364.8855513568956, 3453.032874954737
2987.047999858856, 3364.8855513568956, 3453.0321413889683
2987.0520000457764, 3364.8855513568956, 3453.0321413889683
2987.059000015259, 3364.8855513568956, 3453.0321413889683
2987.0680000782013, 3364.8855513568956, 3453.0321413889683
3001.4990000724792, 3364.8855513568956, 3453.020067393537
3001.5279998779297, 3364.8855513568956, 3453.020067393537
3001.5499999523163, 3364.8855513568956, 3453.020067393537
3001.5859999656677, 3364.8855513568956, 3453.020067393537
3001.654000043869, 3364.8855513568956, 3452.9982704980416
3001.670000076294, 3364.8855513568956, 3452.99681594174
3001.6829998493195, 3364.8855513568956, 3452.99681594174
3001.7119998931885, 3364.8855513568956, 3452.99681594174
3016.7000000476837, 3364.8855513568956, 3452.983948101708
3016.705999851227, 3364.8855513568956, 3452.983948101708
3016.710000038147, 3364.8855513568956, 3452.983948101708
3016.7149999141693, 3364.8855513568956, 3452.983948101708
3016.726000070572, 3364.8855513568956, 3452.983948101708
3016.75, 3364.8855513568956, 3452.983948101708
3016.8359999656677, 3364.8855513568956, 3452.983948101708
3016.861000061035, 3364.8855513568956, 3452.983948101708
3016.911999940872, 3364.8855513568956, 3452.983948101708
3016.9349999427795, 3364.8855513568956, 3452.983948101708
3016.9769999980927, 3364.8855513568956, 3452.983948101708
3032.024999856949, 3364.8855513568956, 3452.936145790609
3032.0299999713898, 3364.8855513568956, 3452.936145790609
3032.0329999923706, 3364.8855513568956, 3452.936145790609
3032.0390000343323, 3364.8855513568956, 3452.936145790609
3032.066999912262, 3364.8855513568956, 3452.936145790609
3032.111999988556, 3364.8855513568956, 3452.933402348122
3032.1240000724792, 3364.8855513568956, 3452.9333733229446
3032.151999950409, 3364.8855513568956, 3452.9333478896783
3032.2460000514984, 3364.8855513568956, 3452.9281517242193
3046.3689999580383, 3364.8855513568956, 3452.9281517242193
3046.4189999103546, 3364.8855513568956, 3452.9281517242193
3046.4379999637604, 3364.8855513568956, 3452.9281517242193
3046.563999891281, 3364.8855513568956, 3452.9214734026273
3051.579999923706, 3364.8855513568956, 3452.9176936151316
3051.5899999141693, 3364.8855513568956, 3452.9176936151316
3051.601000070572, 3364.8855513568956, 3452.911010532733
3051.619999885559, 3364.8855513568956, 3452.8949164408964
3051.625, 3364.8855513568956, 3452.8949164408964
3051.6299998760223, 3364.8855513568956, 3452.8949164408964
3051.6349999904633, 3364.8855513568956, 3452.8949164408964
3051.6419999599457, 3364.8855513568956, 3452.8949164408964
3061.319000005722, 3364.8855513568956, 3452.850666704158
3071.2089998722076, 3364.8855513568956, 3452.745974512782
3071.284999847412, 3364.8855513568956, 3452.6731894160853
3080.787999868393, 3364.8855513568956, 3452.646665679384
3090.718999862671, 3364.8855513568956, 3452.629283193223
3090.723999977112, 3364.8855513568956, 3452.629283193223
3090.7279999256134, 3364.8855513568956, 3452.629283193223
3090.7330000400543, 3364.8855513568956, 3452.629283193223
3090.736999988556, 3364.8855513568956, 3452.629283193223
3090.784999847412, 3364.8855513568956, 3452.527153198207
3105.611999988556, 3364.8855513568956, 3452.527153198207
3105.6189999580383, 3364.8855513568956, 3452.527153198207
3105.6310000419617, 3364.8855513568956, 3452.527153198207
3116.141000032425, 3364.8855513568956, 3452.5037654228113
3116.1549999713898, 3364.8855513568956, 3452.4799841046347
3124.503000020981, 3364.8855513568956, 3452.470902878344
3124.5090000629425, 3364.8855513568956, 3452.470902878344
3124.5149998664856, 3364.8855513568956, 3452.470902878344
3124.547999858856, 3364.8855513568956, 3452.4187994254903
3142.0119998455048, 3364.8855513568956, 3452.4020786677593
3142.039999961853, 3364.8855513568956, 3452.4020786677593
3142.0899999141693, 3364.8855513568956, 3452.38289440432
3142.1180000305176, 3364.8855513568956, 3452.339662137256
3142.1269998550415, 3364.8855513568956, 3452.339662137256
3161.5039999485016, 3364.8855513568956, 3452.3387355390723
3161.5099999904633, 3364.8855513568956, 3452.3387355390723
3161.516000032425, 3364.8855513568956, 3452.3387355390723
3161.5230000019073, 3364.8855513568956, 3452.3387355390723
3161.526999950409, 3364.8855513568956, 3452.3387355390723
3161.5309998989105, 3364.8855513568956, 3452.3387355390723
3161.5360000133514, 3364.8855513568956, 3452.3387355390723
3161.542000055313, 3364.8855513568956, 3452.3387355390723
3161.6050000190735, 3364.8855513568956, 3452.3178065267216
3161.611999988556, 3364.8855513568956, 3452.3178065267216
3161.6169998645782, 3364.8855513568956, 3452.3178065267216
3161.6210000514984, 3364.8855513568956, 3452.3178065267216
3161.6399998664856, 3364.8855513568956, 3452.3100487131255
3161.6459999084473, 3364.8855513568956, 3452.3100487131255
3161.6579999923706, 3364.8855513568956, 3452.3100487131255
3161.6719999313354, 3364.8855513568956, 3452.3100487131255
3176.287999868393, 3364.8855513568956, 3452.300070195062
3176.2939999103546, 3364.8855513568956, 3452.300070195062
3176.2990000247955, 3364.8855513568956, 3452.300070195062
3176.316999912262, 3364.8855513568956, 3452.300070195062
3176.3399999141693, 3364.8855513568956, 3452.300070195062
3176.358999967575, 3364.8855513568956, 3452.300070195062
3176.3769998550415, 3364.8855513568956, 3452.263424178937
3176.4500000476837, 3364.8855513568956, 3452.263424178937
3191.1749999523163, 3364.8855513568956, 3452.255333983951
3191.1900000572205, 3364.8855513568956, 3452.255333983951
3191.194999933243, 3364.8855513568956, 3452.255333983951
3191.207999944687, 3364.8855513568956, 3452.255333983951
3191.279000043869, 3364.8855513568956, 3452.2234699285395
3191.287999868393, 3364.8855513568956, 3452.2234699285395
3191.295000076294, 3364.8855513568956, 3452.2234699285395
3213.869999885559, 3364.8855513568956, 3452.1872991704104
3213.938999891281, 3364.8855513568956, 3452.1797203799642
3214.03200006485, 3364.8855513568956, 3452.174646269534
3214.055000066757, 3364.8855513568956, 3452.174646269534
3214.1080000400543, 3364.8855513568956, 3452.174646269534
3214.1210000514984, 3364.8855513568956, 3452.174646269534
3229.9909999370575, 3364.8855513568956, 3452.174646269534
3230.0009999275208, 3364.8855513568956, 3452.174646269534
3230.0490000247955, 3364.8855513568956, 3452.174646269534
3246.414999961853, 3364.8855513568956, 3452.0787324828148
3246.4960000514984, 3364.8855513568956, 3452.0787324828148
3256.983999967575, 3364.8855513568956, 3452.063772769788
3256.9930000305176, 3364.8855513568956, 3452.063772769788
3257.0439999103546, 3364.8855513568956, 3452.063772769788
3265.3450000286102, 3364.8855513568956, 3451.987550600443
3265.358999967575, 3364.8855513568956, 3451.9827686242634
3265.3970000743866, 3364.8855513568956, 3451.9780108817795
3265.417999982834, 3364.8855513568956, 3451.9780108817795
3272.0230000019073, 3364.8855513568956, 3451.959624792587
3272.029000043869, 3364.8855513568956, 3451.959624792587
3272.0360000133514, 3364.8855513568956, 3451.959624792587
3283.0499999523163, 3364.8855513568956, 3451.8272451068083
3283.0750000476837, 3364.8855513568956, 3451.8272451068083
3288.8099999427795, 3364.8855513568956, 3451.8246059175194
3288.829999923706, 3364.8855513568956, 3451.8246059175194
3302.9049999713898, 3364.8855513568956, 3451.705904635326
3302.9660000801086, 3364.8855513568956, 3451.705904635326
3302.9930000305176, 3364.8855513568956, 3451.678277768898
3303.007999897003, 3364.8855513568956, 3451.6764993950337
3311.8810000419617, 3364.8855513568956, 3451.6764993950337
3311.8869998455048, 3364.8855513568956, 3451.6764993950337
3311.8940000534058, 3364.8855513568956, 3451.6764993950337
3311.8980000019073, 3364.8855513568956, 3451.6764993950337
3311.901999950409, 3364.8855513568956, 3451.6764993950337
3311.963000059128, 3364.8855513568956, 3451.6666277156496
3321.172999858856, 3364.8855513568956, 3451.620901811227
3331.7219998836517, 3364.8855513568956, 3451.593067174897
3331.7799999713898, 3364.8855513568956, 3451.5863809926254
3331.787999868393, 3364.8855513568956, 3451.5863809926254
3341.253000020981, 3364.8855513568956, 3451.579228652248
3341.3129999637604, 3364.8855513568956, 3451.541409178178
3361.6159999370575, 3364.8855513568956, 3451.541409178178
3361.6210000514984, 3364.8855513568956, 3451.541409178178
3361.625, 3364.8855513568956, 3451.541409178178
3361.6299998760223, 3364.8855513568956, 3451.541409178178
3361.6349999904633, 3364.8855513568956, 3451.541409178178
3361.670000076294, 3364.8855513568956, 3451.541409178178
3361.766000032425, 3364.8855513568956, 3451.514642326262
3361.7699999809265, 3364.8855513568956, 3451.514642326262
3361.773999929428, 3364.8855513568956, 3451.514642326262
3378.6289999485016, 3364.8855513568956, 3451.484170019703
3378.6369998455048, 3364.8855513568956, 3451.484170019703
3378.6470000743866, 3364.8855513568956, 3451.473667350623
3378.6529998779297, 3364.8855513568956, 3451.473667350623
3378.664999961853, 3364.8855513568956, 3451.473667350623
3378.733999967575, 3364.8855513568956, 3451.473667350623
3378.7400000095367, 3364.8855513568956, 3451.473667350623
3378.744999885559, 3364.8855513568956, 3451.473667350623
3378.7519998550415, 3364.8855513568956, 3451.4598626402512
3378.766000032425, 3364.8855513568956, 3451.4533823794204
3378.773999929428, 3364.8855513568956, 3451.4533823794204
3396.0859999656677, 3364.8855513568956, 3451.2154336597855
3396.119999885559, 3364.8855513568956, 3451.2154336597855
3396.1429998874664, 3364.8855513568956, 3451.2154336597855
3396.180999994278, 3364.8855513568956, 3451.2122547974577
3396.188999891281, 3364.8855513568956, 3451.2122547974577
3412.473999977112, 3364.8855513568956, 3451.210090062914
3412.4800000190735, 3364.8855513568956, 3451.210090062914
3412.486000061035, 3364.8855513568956, 3451.210090062914
3412.513999938965, 3364.8855513568956, 3451.210090062914
3428.3499999046326, 3364.8855513568956, 3451.139309540107
3428.356999874115, 3364.8855513568956, 3451.139309540107
3428.3629999160767, 3364.8855513568956, 3451.139309540107
3428.414999961853, 3364.8855513568956, 3451.1377058167627
3428.430999994278, 3364.8855513568956, 3451.1377058167627
3428.4370000362396, 3364.8855513568956, 3451.1377058167627
3428.463000059128, 3364.8855513568956, 3451.0896508055425
3444.8629999160767, 3364.8855513568956, 3451.0354406456195
3444.869999885559, 3364.8855513568956, 3451.0354406456195
3460.667999982834, 3364.8855513568956, 3451.03165876056
3460.6749999523163, 3364.8855513568956, 3451.03165876056
3460.680000066757, 3364.8855513568956, 3451.03165876056
3460.6859998703003, 3364.8855513568956, 3451.029891088988
3460.694000005722, 3364.8855513568956, 3451.029891088988
3460.726000070572, 3364.8855513568956, 3451.020191206957
3480.7409999370575, 3364.8855513568956, 3451.005573374808
3480.74799990654, 3364.8855513568956, 3451.005573374808
3480.7649998664856, 3364.8855513568956, 3451.005573374808
3502.536999940872, 3364.8855513568956, 3450.922918507338
3524.516000032425, 3364.8855513568956, 3450.8895163792004
3524.5220000743866, 3364.8855513568956, 3450.8895163792004
3524.542000055313, 3364.8855513568956, 3450.8895163792004
3524.691999912262, 3364.8855513568956, 3450.8872069978543
3539.4700000286102, 3364.8855513568956, 3450.7710145894853
3539.478999853134, 3364.8855513568956, 3450.7710145894853
3539.5439999103546, 3364.8855513568956, 3450.770367396043
3539.6210000514984, 3364.8855513568956, 3450.770367396043
3548.2990000247955, 3364.8855513568956, 3450.764657153099
3553.835000038147, 3364.8855513568956, 3450.7509939139577
3558.470999956131, 3364.8855513568956, 3450.7141542625172
3569.813999891281, 3364.8855513568956, 3450.6549027529127
3569.8239998817444, 3364.8855513568956, 3450.6549027529127
3569.853999853134, 3364.8855513568956, 3450.6549027529127
3569.8629999160767, 3364.8855513568956, 3450.6549027529127
3569.885999917984, 3364.8855513568956, 3450.6549027529127
3569.891000032425, 3364.8855513568956, 3450.6549027529127
3569.920000076294, 3364.8855513568956, 3450.6111577817155
3569.9249999523163, 3364.8855513568956, 3450.6111577817155
3569.9649999141693, 3364.8855513568956, 3450.5890520493726
3582.457999944687, 3364.8855513568956, 3450.398475631543
3582.4639999866486, 3364.8855513568956, 3450.397314055411
3582.4769999980927, 3364.8855513568956, 3450.397314055411
3582.483999967575, 3364.8855513568956, 3450.397314055411
3582.4909999370575, 3364.8855513568956, 3450.397314055411
3582.5220000743866, 3364.8855513568956, 3450.3959480808803
3582.5299999713898, 3364.8855513568956, 3450.3959480808803
3582.5360000133514, 3364.8855513568956, 3450.3959480808803
3582.542000055313, 3364.8855513568956, 3450.3959480808803
3582.5920000076294, 3364.8855513568956, 3450.395226597959
3582.6429998874664, 3364.8855513568956, 3450.3521348367567
3600.0889999866486, 3364.885551356895, 3450.35123357509
