0.08700013160705566, -1e+100, 269555.75486162363
0.14499998092651367, -1e+100, 131667.3888395421
0.4939999580383301, -1e+100, 104438.76234517245
1.0859999656677246, -1e+100, 96229.98996152045
1.3280000686645508, -1e+100, 95922.79857170123
1.4900000095367432, -1e+100, 95922.79857170123
1.505000114440918, -1e+100, 95922.79857170123
1.63100004196167, -1e+100, 95922.79857170123
1.7920000553131104, -1e+100, 95922.79857170123
1.8940000534057617, -1e+100, 95922.79857170123
1.9609999656677246, -1e+100, 95922.79857170123
2.7699999809265137, -1e+100, 94990.11849531205
4.626000165939331, -1e+100, 86702.69185384283
5.148000001907349, -1e+100, 86533.7791702762
6.101999998092651, -1e+100, 85800.20651190379
9.814000129699707, -1e+100, 85729.69041053846
9.891999959945679, -1e+100, 85607.08106653989
9.975000143051147, -1e+100, 85602.64297762375
10.055000066757202, -1e+100, 85602.64297762375
10.120000123977661, -1e+100, 85602.64297762375
10.196000099182129, -1e+100, 85602.64297762375
10.199000120162964, -1e+100, 85602.64297762375
10.254000186920166, -1e+100, 85602.64297762375
10.294000148773193, -1e+100, 85602.64297762375
10.440999984741211, -1e+100, 85602.64297762375
10.56000018119812, -1e+100, 85602.64297762375
10.657000064849854, -1e+100, 85602.64297762375
10.967000007629395, -1e+100, 85602.64297762375
11.13100004196167, -1e+100, 85602.64297762375
11.134999990463257, -1e+100, 85602.64297762375
11.345999956130981, -1e+100, 85518.86334962124
11.409000158309937, -1e+100, 85506.95213610506
11.531000137329102, -1e+100, 85506.95213610506
11.680000066757202, -1e+100, 85506.95213610506
11.680000066757202, -1e+100, 85506.95213610506
11.680000066757202, -1e+100, 85506.95213610506
11.952000141143799, -1e+100, 85499.79699189923
11.97000002861023, -1e+100, 85499.79699189923
12.05400013923645, -1e+100, 85499.79699189923
12.05400013923645, -1e+100, 85499.79699189923
12.15499997138977, -1e+100, 85499.79699189923
12.157999992370605, -1e+100, 85499.79699189923
12.36300015449524, -1e+100, 85499.79699189923
12.376000165939331, -1e+100, 85499.79699189923
12.483000040054321, -1e+100, 85499.79699189923
12.608000040054321, -1e+100, 85482.96898384842
12.608000040054321, -1e+100, 85482.96898384842
12.716000080108643, -1e+100, 85482.96898384842
12.729000091552734, -1e+100, 85482.96898384842
12.733000040054321, -1e+100, 85482.96898384842
12.83899998664856, -1e+100, 85482.96898384842
12.955000162124634, -1e+100, 85472.55174706632
13.1010000705719, -1e+100, 85472.55174706632
13.10700011253357, -1e+100, 85472.55174706632
13.365000009536743, -1e+100, 85472.55174706632
13.365000009536743, -1e+100, 85472.55174706632
13.651000022888184, -1e+100, 85472.55174706632
13.796000003814697, -1e+100, 85472.55174706632
13.80299997329712, -1e+100, 85472.55174706632
13.97000002861023, -1e+100, 85472.55174706632
13.975000143051147, -1e+100, 85472.55174706632
14.151000022888184, -1e+100, 85472.55174706632
14.156000137329102, -1e+100, 85472.55174706632
14.307000160217285, -1e+100, 85472.55174706632
14.491000175476074, -1e+100, 85472.55174706632
14.733999967575073, -1e+100, 85472.55174706632
14.740000009536743, -1e+100, 85397.49194741872
14.93500018119812, -1e+100, 85397.49194741872
14.939000129699707, -1e+100, 85397.49194741872
15.128000020980835, -1e+100, 85397.49194741872
15.350000143051147, -1e+100, 85397.49194741872
15.350000143051147, -1e+100, 85397.49194741872
15.366000175476074, -1e+100, 85397.49194741872
15.552000045776367, -1e+100, 85397.49194741872
15.552000045776367, -1e+100, 85397.49194741872
15.552000045776367, -1e+100, 85397.49194741872
15.569000005722046, -1e+100, 85381.58282577294
15.773000001907349, -1e+100, 85381.58282577294
15.782000064849854, -1e+100, 85381.58282577294
15.789999961853027, -1e+100, 85381.58282577294
16.026000022888184, -1e+100, 85381.58282577294
16.02999997138977, -1e+100, 85381.58282577294
16.27500009536743, -1e+100, 85381.58282577294
16.2810001373291, -1e+100, 85381.58282577294
16.28500008583069, -1e+100, 85381.58282577294
16.532000064849854, -1e+100, 85381.58282577294
16.53600001335144, -1e+100, 85381.58282577294
16.78500008583069, -1e+100, 85298.85802339543
16.78600001335144, -1e+100, 85267.3756556208
16.792999982833862, -1e+100, 85267.3756556208
17.01200008392334, -1e+100, 85245.45283822712
17.014000177383423, -1e+100, 85224.64078761947
17.27300000190735, -1e+100, 85224.64078761947
17.282000064849854, -1e+100, 85224.64078761947
17.28600001335144, -1e+100, 85224.64078761947
17.28600001335144, -1e+100, 85224.64078761947
17.29700016975403, -1e+100, 85224.64078761947
17.558000087738037, -1e+100, 85224.64078761947
17.847000122070312, -1e+100, 85206.34939705001
17.847000122070312, -1e+100, 85206.34939705001
18.186000108718872, -1e+100, 85206.34939705001
18.20300006866455, -1e+100, 85206.34939705001
18.20300006866455, -1e+100, 85198.19936713543
18.20300006866455, -1e+100, 85198.19936713543
18.22000002861023, -1e+100, 85198.19936713543
18.223999977111816, -1e+100, 85198.19936713543
18.499000072479248, -1e+100, 85198.19936713543
18.50600004196167, -1e+100, 85198.19936713543
18.51200008392334, -1e+100, 85198.19936713543
18.820000171661377, -1e+100, 85198.19936713543
18.8270001411438, -1e+100, 85198.19936713543
18.831000089645386, -1e+100, 85198.19936713543
18.837000131607056, -1e+100, 85198.19936713543
19.189000129699707, -1e+100, 85198.19936713543
19.189000129699707, -1e+100, 85198.19936713543
19.200000047683716, -1e+100, 85198.19936713543
19.20300006866455, -1e+100, 85198.19936713543
19.600000143051147, 71253.77205643695, 85198.19936713543
19.605000019073486, 71253.77205643695, 85182.83134140183
19.611000061035156, 71253.77205643695, 85182.83134140183
19.617000102996826, 71253.77205643695, 85182.83134140183
19.621000051498413, 71253.77205643695, 85182.83134140183
19.62600016593933, 71253.77205643695, 85146.27514882926
19.63100004196167, 71254.63535525999, 85146.27514882926
19.640000104904175, 74977.13207789084, 85146.27514882926
20.06500005722046, 74977.13207789084, 85146.27514882926
20.067000150680542, 74977.13207789084, 85146.27514882926
20.081000089645386, 74977.13207789084, 85146.27514882926
20.088000059127808, 74977.13207789084, 85146.27514882926
20.088000059127808, 74977.13207789084, 85146.27514882926
20.54700016975403, 74977.13207789084, 85045.97241559072
21.026000022888184, 74977.13207789084, 85045.97241559072
21.032999992370605, 74977.13207789084, 85045.97241559072
21.526000022888184, 74977.13207789084, 85037.50362494207
21.973999977111816, 74977.13207789084, 84994.61915589037
21.983999967575073, 74977.13207789084, 84994.61915589037
22.421000003814697, 74977.13207789084, 84954.63788984888
23.443000078201294, 74977.13207789084, 84854.69964875598
23.94700002670288, 74977.13207789084, 84854.69964875598
23.95800018310547, 74977.13207789084, 84823.3057347737
24.49500012397766, 74977.13207789084, 84818.92796370754
24.503000020980835, 74977.13207789084, 84812.74307699257
24.514000177383423, 74977.13207789084, 84800.4419824373
24.514000177383423, 74977.13207789084, 84800.28985569644
25.055999994277954, 74977.13207789084, 84797.56278528321
25.055999994277954, 74977.13207789084, 84797.56278528321
25.075999975204468, 74977.13207789084, 84797.56278528321
25.082000017166138, 74977.13207789084, 84794.32300124691
25.092000007629395, 74977.13207789084, 84792.03516563958
25.70300006866455, 74977.13207789084, 84768.56036152724
25.710999965667725, 74977.13207789084, 84768.56036152724
25.72099995613098, 74977.13207789084, 84768.56036152724
25.72099995613098, 74977.13207789084, 84768.56036152724
25.742000102996826, 74977.13207789084, 84768.56036152724
26.264000177383423, 74977.13207789084, 84768.56036152724
26.26900005340576, 74977.13207789084, 84768.56036152724
26.27500009536743, 74977.13207789084, 84768.56036152724
26.27999997138977, 74977.13207789084, 84762.94468127917
26.289000034332275, 74977.13207789084, 84734.14005701634
26.858999967575073, 74977.13207789084, 84734.14005701634
26.868000030517578, 74977.13207789084, 84734.14005701634
26.875, 74977.13207789084, 84734.14005701634
26.875, 74977.13207789084, 84734.14005701634
26.89199995994568, 74977.13207789084, 84711.50397272833
26.90000009536743, 74977.13207789084, 84711.50397272833
26.9060001373291, 74977.13207789084, 84711.50397272833
27.557000160217285, 74977.13207789084, 84711.50397272833
27.567000150680542, 74977.13207789084, 84711.50397272833
27.57200002670288, 74977.13207789084, 84711.50397272833
27.58400011062622, 74977.13207789084, 84711.50397272833
28.194000005722046, 74977.13207789084, 84711.50397272833
28.20300006866455, 74977.13207789084, 84711.50397272833
28.20900011062622, 74977.13207789084, 84711.50397272833
28.218000173568726, 74977.13207789084, 84711.50397272833
28.230000019073486, 74977.13207789084, 84686.87770885476
28.23900008201599, 74977.13207789084, 84686.87770885476
28.858999967575073, 74977.13207789084, 84686.87770885476
28.86400008201599, 74977.13207789084, 84686.87770885476
28.86400008201599, 74977.13207789084, 84686.87770885476
28.86400008201599, 74977.13207789084, 84686.87770885476
28.880000114440918, 74977.13207789084, 84686.87770885476
28.88100004196167, 74977.13207789084, 84686.87770885476
28.89800000190735, 74977.13207789084, 84684.00426483019
28.89800000190735, 74977.13207789084, 84684.00426483019
29.606000185012817, 74977.13207789084, 84684.00426483019
29.625, 74977.13207789084, 84684.00426483019
29.628000020980835, 74977.13207789084, 84674.10427236938
29.641000032424927, 74977.13207789084, 84674.10427236938
29.65400004386902, 74977.13207789084, 84674.10427236938
30.360000133514404, 74977.13207789084, 84674.10427236938
30.379000186920166, 74977.13207789084, 84655.19098694625
30.381999969482422, 74977.13207789084, 84655.19098694625
30.39900016784668, 74977.13207789084, 84655.19098694625
30.407000064849854, 74977.13207789084, 84655.19098694625
31.189000129699707, 74977.13207789084, 84655.19098694625
31.19700002670288, 74977.13207789084, 84655.19098694625
31.203999996185303, 74977.13207789084, 84655.19098694625
31.203999996185303, 74977.13207789084, 84655.19098694625
31.22099995613098, 74977.13207789084, 84643.69440457945
31.22099995613098, 74977.13207789084, 84643.69440457945
31.236999988555908, 74977.13207789084, 84643.69440457945
31.23900008201599, 74977.13207789084, 84643.69440457945
31.25, 74977.13207789084, 84643.69440457945
31.25600004196167, 74977.13207789084, 84643.69440457945
31.25600004196167, 74977.13207789084, 84643.69440457945
31.272000074386597, 74977.13207789084, 84643.69440457945
31.272000074386597, 74977.13207789084, 84643.69440457945
31.282000064849854, 74977.13207789084, 84643.69440457945
31.289000034332275, 74977.13207789084, 84643.69440457945
31.29800009727478, 74977.13207789084, 84643.69440457945
32.105000019073486, 74977.13207789084, 84623.09906549077
32.105000019073486, 74977.13207789084, 84623.09906549077
32.12000012397766, 74977.13207789084, 84623.09906549077
32.121999979019165, 74977.13207789084, 84623.09906549077
32.13700008392334, 74977.13207789084, 84623.09906549077
32.146000146865845, 74977.13207789084, 84623.09906549077
32.15300011634827, 74977.13207789084, 84623.09906549077
32.170000076293945, 74977.13207789084, 84623.09906549077
32.182000160217285, 74977.13207789084, 84598.91372171529
32.99600005149841, 74977.13207789084, 84598.91372171529
33.00100016593933, 74977.13207789084, 84598.91372171529
33.00500011444092, 74977.13207789084, 84598.91372171529
33.00500011444092, 74977.13207789084, 84598.91372171529
33.00500011444092, 74977.13207789084, 84598.91372171529
33.0220000743866, 74977.13207789084, 84598.45006892859
33.04900002479553, 74977.13207789084, 84591.5504614557
33.06000018119812, 74977.13207789084, 84591.5504614557
33.9060001373291, 74977.13207789084, 84591.5504614557
33.9060001373291, 74977.13207789084, 84582.54737594297
33.92200016975403, 74977.13207789084, 84576.12581641543
33.92200016975403, 74977.13207789084, 84576.12581641543
33.92200016975403, 74977.13207789084, 84576.12581641543
33.943000078201294, 74977.13207789084, 84576.12581641543
33.9539999961853, 74977.13207789084, 84571.56466211905
33.956000089645386, 74977.13207789084, 84570.7948005178
33.97099995613098, 74977.13207789084, 84570.7948005178
33.98800015449524, 74977.13207789084, 84563.40008626657
34.861000061035156, 74977.13207789084, 84563.40008626657
34.87700009346008, 74977.13207789084, 84563.40008626657
34.87700009346008, 74977.13207789084, 84563.40008626657
34.87700009346008, 74977.13207789084, 84563.40008626657
34.902000188827515, 74977.13207789084, 84545.59550322962
34.907999992370605, 74977.13207789084, 84545.59550322962
35.82200002670288, 74977.13207789084, 84536.88814633888
35.82200002670288, 74977.13207789084, 84536.88814633888
35.83500003814697, 74977.13207789084, 84536.88814633888
35.843000173568726, 74977.13207789084, 84536.88814633888
35.843000173568726, 74977.13207789084, 84536.88814633888
35.85899996757507, 74977.13207789084, 84536.88814633888
35.873000144958496, 74977.13207789084, 84536.88814633888
35.88199996948242, 74977.13207789084, 84536.88814633888
35.890000104904175, 74977.13207789084, 84536.88814633888
35.8970000743866, 74977.13207789084, 84519.57052043392
35.90499997138977, 74977.13207789084, 84519.57052043392
35.907999992370605, 74977.13207789084, 84519.57052043392
35.907999992370605, 74977.13207789084, 84519.57052043392
36.875, 74977.13207789084, 84519.57052043392
36.89100003242493, 74977.13207789084, 84519.57052043392
36.89100003242493, 74977.13207789084, 84519.57052043392
36.90300011634827, 74977.13207789084, 84519.57052043392
36.90900015830994, 74977.13207789084, 84519.57052043392
36.90900015830994, 75763.16402547433, 84519.57052043392
36.91900014877319, 75763.16402547433, 84519.57052043392
36.926000118255615, 75763.16402547433, 84519.57052043392
36.93900012969971, 75763.16402547433, 84519.57052043392
36.94600009918213, 75763.16402547433, 84519.57052043392
38.04400014877319, 75763.16402547433, 84519.57052043392
38.04400014877319, 75763.16402547433, 84519.57052043392
38.04400014877319, 75763.16402547433, 84519.57052043392
38.05800008773804, 75763.16402547433, 84519.57052043392
38.06100010871887, 75763.16402547433, 84519.57052043392
38.074000120162964, 75763.16402547433, 84519.57052043392
39.11500000953674, 75763.16402547433, 84519.57052043392
39.121999979019165, 75763.16402547433, 84519.57052043392
39.13100004196167, 75763.16402547433, 84519.57052043392
39.13800001144409, 75763.16402547433, 84519.57052043392
39.14400005340576, 75763.16402547433, 84519.57052043392
39.15000009536743, 75763.16402547433, 84519.57052043392
39.15000009536743, 75763.16402547433, 84498.19169188174
39.16700005531311, 75763.16402547433, 84498.19169188174
39.16700005531311, 75763.16402547433, 84498.19169188174
39.18300008773804, 75763.16402547433, 84498.19169188174
40.16799998283386, 75763.16402547433, 84498.19169188174
40.182000160217285, 75763.16402547433, 84498.19169188174
40.18900012969971, 75763.16402547433, 84498.19169188174
40.19200015068054, 75763.16402547433, 84498.19169188174
40.19200015068054, 75763.16402547433, 84478.03679880644
40.2039999961853, 75763.16402547433, 84472.13040678854
40.218000173568726, 75763.16402547433, 84472.13040678854
40.22800016403198, 75763.16402547433, 84472.13040678854
40.23399996757507, 75763.16402547433, 84472.13040678854
40.236000061035156, 75763.16402547433, 84472.13040678854
40.236000061035156, 75763.16402547433, 84472.13040678854
41.325000047683716, 75763.16402547433, 84468.81174409032
41.330000162124634, 75763.16402547433, 84468.81174409032
41.337000131607056, 75763.16402547433, 84466.7153562938
41.348999977111816, 75763.16402547433, 84459.20134059452
41.36800003051758, 75763.16402547433, 84459.20134059452
42.532999992370605, 75763.16402547433, 84459.20134059452
42.53400015830994, 75763.16402547433, 84459.20134059452
42.53400015830994, 75763.16402547433, 84459.20134059452
42.55800008773804, 75763.16402547433, 84459.20134059452
42.568000078201294, 75763.16402547433, 84457.01904838446
42.581000089645386, 75763.16402547433, 84457.01904838446
42.59700012207031, 75763.16402547433, 84457.01904838446
42.610000133514404, 75763.16402547433, 84457.01904838446
43.65300011634827, 75763.16402547433, 84454.77432523506
43.67200016975403, 75763.16402547433, 84454.77432523506
43.67400002479553, 75763.16402547433, 84450.6798577719
44.861000061035156, 75763.16402547433, 84439.90498095278
44.87000012397766, 75763.16402547433, 84439.90498095278
44.87000012397766, 75763.16402547433, 84439.90498095278
44.878000020980835, 75763.16402547433, 84439.90498095278
44.88600015640259, 75763.16402547433, 84439.90498095278
44.894999980926514, 75763.16402547433, 84439.90498095278
44.9060001373291, 75763.16402547433, 84436.88959600411
44.9060001373291, 75763.16402547433, 84436.88959600411
44.91200017929077, 75763.16402547433, 84436.88959600411
44.91799998283386, 75763.16402547433, 84430.05294078217
44.9300000667572, 75763.16402547433, 84421.79041466545
44.93500018119812, 75763.16402547433, 84421.79041466545
44.93500018119812, 75763.16402547433, 84421.79041466545
45.88100004196167, 75763.16402547433, 84421.79041466545
45.89800000190735, 75763.16402547433, 84421.79041466545
45.89800000190735, 75763.16402547433, 84421.79041466545
45.91300010681152, 75763.16402547433, 84421.79041466545
45.91799998283386, 75763.16402547433, 84421.79041466545
45.932000160217285, 75763.16402547433, 84421.79041466545
45.932000160217285, 75763.16402547433, 84421.79041466545
45.94700002670288, 75763.16402547433, 84421.79041466545
45.95099997520447, 75763.16402547433, 84421.79041466545
45.95700001716614, 75763.16402547433, 84420.62660387892
45.96300005912781, 75763.16402547433, 84420.62660387892
45.968000173568726, 75763.16402547433, 84420.62660387892
45.986000061035156, 75763.16402547433, 84411.3859566347
46.98900008201599, 75763.16402547433, 84411.3859566347
46.99399995803833, 75763.16402547433, 84411.3859566347
47.003000020980835, 75763.16402547433, 84411.3859566347
47.009000062942505, 75763.16402547433, 84411.3859566347
47.0220000743866, 75763.16402547433, 84411.3859566347
47.0220000743866, 75763.16402547433, 84399.19424300012
47.03700017929077, 75763.16402547433, 84399.19424300012
48.09599995613098, 75763.16402547433, 84399.19424300012
48.10000014305115, 75763.16402547433, 84399.19424300012
48.10600018501282, 75763.16402547433, 84399.19424300012
48.11199998855591, 75763.16402547433, 84399.19424300012
48.116000175476074, 75763.16402547433, 84399.19424300012
48.128000020980835, 75763.16402547433, 84387.16235449238
48.13499999046326, 75763.16402547433, 84387.16235449238
48.14199995994568, 75763.16402547433, 84387.16235449238
48.15499997138977, 75763.16402547433, 84379.26787409993
48.164000034332275, 75763.16402547433, 84379.26787409993
49.19099998474121, 75763.16402547433, 84379.26787409993
49.19099998474121, 75763.16402547433, 84379.26787409993
49.20800018310547, 75763.16402547433, 84379.26787409993
49.22200012207031, 75763.16402547433, 84365.28480564155
49.22500014305115, 75763.16402547433, 84365.28480564155
49.242000102996826, 75763.16402547433, 84343.60244269519
49.253000020980835, 75763.16402547433, 84341.25782752212
49.25800013542175, 75763.16402547433, 84341.25782752212
49.26900005340576, 75763.16402547433, 84339.30651886154
50.28400015830994, 75763.16402547433, 84339.30651886154
50.29100012779236, 75763.16402547433, 84339.30651886154
50.29900002479553, 75763.16402547433, 84339.30651886154
50.325000047683716, 75763.16402547433, 84339.30651886154
50.331000089645386, 75763.16402547433, 84339.30651886154
50.348000049591064, 75763.16402547433, 84332.30239972095
51.43600010871887, 75763.16402547433, 84332.30239972095
51.43600010871887, 75763.16402547433, 84332.30239972095
51.45300006866455, 75763.16402547433, 84332.30239972095
51.45300006866455, 75763.16402547433, 84332.30239972095
51.467000007629395, 75763.16402547433, 84332.30239972095
51.47500014305115, 75763.16402547433, 84332.30239972095
51.49000000953674, 75763.16402547433, 84298.84588975097
51.50100016593933, 75763.16402547433, 84298.84588975097
52.437999963760376, 75763.16402547433, 84298.84588975097
52.45300006866455, 75763.16402547433, 84298.84588975097
52.45800018310547, 75763.16402547433, 84298.84588975097
52.467000007629395, 75763.16402547433, 84298.84588975097
52.47500014305115, 75763.16402547433, 84298.84588975097
52.48100018501282, 75763.16402547433, 84298.84588975097
52.48699998855591, 75763.16402547433, 84298.84588975097
52.49399995803833, 75763.16402547433, 84298.84588975097
52.504000186920166, 75763.16402547433, 84298.84588975097
52.521000146865845, 75763.16402547433, 84285.34139808951
53.60700011253357, 75763.16402547433, 84285.34139808951
53.61899995803833, 75763.16402547433, 84285.34139808951
53.625, 75763.16402547433, 84284.87348683523
53.625, 75763.16402547433, 84284.87348683523
53.64400005340576, 75763.16402547433, 84279.48049965079
53.65300011634827, 75763.16402547433, 84261.17200153768
53.657999992370605, 75763.16402547433, 84261.17200153768
53.657999992370605, 75763.16402547433, 84261.17200153768
53.657999992370605, 75763.16402547433, 84261.17200153768
54.694000005722046, 75763.16402547433, 84258.87404400349
54.694000005722046, 75763.16402547433, 84258.87404400349
54.70800018310547, 75763.16402547433, 84257.19234638503
54.710999965667725, 75763.16402547433, 84257.19234638503
54.710999965667725, 75763.16402547433, 84256.7690860719
54.723999977111816, 75763.16402547433, 84256.51792293154
54.72800016403198, 75763.16402547433, 84255.6623101154
54.746999979019165, 75763.16402547433, 84255.6623101154
54.75699996948242, 75763.16402547433, 84254.20528142185
54.76600003242493, 75763.16402547433, 84254.20528142185
54.769999980926514, 75763.16402547433, 84254.20528142185
54.77800011634827, 75763.16402547433, 84252.89138112942
54.78500008583069, 75763.16402547433, 84252.89138112942
55.765000104904175, 75763.16402547433, 84252.89138112942
55.77400016784668, 75763.16402547433, 84252.89138112942
55.77999997138977, 75763.16402547433, 84252.89138112942
55.78600001335144, 75763.16402547433, 84252.89138112942
55.79299998283386, 75763.16402547433, 84252.89138112942
55.80200004577637, 75763.16402547433, 84245.30377720353
55.80299997329712, 75763.16402547433, 84245.30377720353
55.825000047683716, 75763.16402547433, 84243.93264944364
55.83800005912781, 75763.16402547433, 84242.46476590227
55.84599995613098, 75763.16402547433, 84238.27431795766
55.8510000705719, 75763.16402547433, 84238.27431795766
55.8510000705719, 75763.16402547433, 84238.27431795766
55.8510000705719, 75763.16402547433, 84238.27431795766
56.91100001335144, 75763.16402547433, 84238.27431795766
56.91700005531311, 75763.16402547433, 84238.27431795766
56.92200016975403, 75763.16402547433, 84238.27431795766
56.92799997329712, 75763.16402547433, 84236.48462112203
56.932000160217285, 75763.16402547433, 84236.48462112203
56.93500018119812, 75763.16402547433, 84236.48462112203
56.944000005722046, 75763.16402547433, 84236.48462112203
56.9539999961853, 75763.16402547433, 84236.48462112203
56.956000089645386, 75763.16402547433, 84236.48462112203
56.97800016403198, 75763.16402547433, 84236.48462112203
56.99500012397766, 75763.16402547433, 84236.48462112203
58.026000022888184, 75763.16402547433, 84236.48462112203
58.02900004386902, 75763.16402547433, 84236.48462112203
58.02900004386902, 75763.16402547433, 84236.48462112203
58.02900004386902, 75763.16402547433, 84236.48462112203
58.04700016975403, 75763.16402547433, 84236.48462112203
58.04700016975403, 75763.16402547433, 84236.48462112203
58.06100010871887, 75763.16402547433, 84236.48462112203
58.062999963760376, 75763.16402547433, 84236.48462112203
58.07800006866455, 75763.16402547433, 84236.48462112203
58.085999965667725, 75763.16402547433, 84236.48462112203
58.09400010108948, 75763.16402547433, 84236.48462112203
58.10300016403198, 75763.16402547433, 84227.07505151321
58.11800003051758, 75763.16402547433, 84218.38655359956
59.16799998283386, 75763.16402547433, 84218.38655359956
59.19099998474121, 75763.16402547433, 84216.50617187546
59.2020001411438, 75763.16402547433, 84216.50617187546
59.21500015258789, 75763.16402547433, 84216.50617187546
59.22500014305115, 75763.16402547433, 84216.50617187546
59.236000061035156, 75763.16402547433, 84216.50617187546
60.28500008583069, 75763.16402547433, 84216.50617187546
60.28999996185303, 75763.16402547433, 84216.50617187546
60.30299997329712, 75763.16402547433, 84216.50617187546
60.31000018119812, 75763.16402547433, 84216.50617187546
60.31000018119812, 75763.16402547433, 84216.50617187546
60.32100009918213, 75763.16402547433, 84216.50617187546
60.3289999961853, 75763.16402547433, 84216.50617187546
60.3510000705719, 75763.16402547433, 84203.92896275496
60.35899996757507, 75763.16402547433, 84203.92896275496
60.375, 75763.16402547433, 84192.28380434553
61.41300010681152, 75763.16402547433, 84192.28380434553
61.42900013923645, 75763.16402547433, 84192.28380434553
61.42900013923645, 75763.16402547433, 84192.28380434553
61.42900013923645, 75763.16402547433, 84192.28380434553
61.44500017166138, 75763.16402547433, 84191.46118488957
61.4520001411438, 75763.16402547433, 84191.46118488957
61.46300005912781, 75763.16402547433, 84191.46118488957
62.480000019073486, 75763.16402547433, 84190.12017849319
62.48699998855591, 75763.16402547433, 84184.0228633427
62.49300003051758, 75763.16402547433, 84183.77762227983
62.49900007247925, 75763.16402547433, 84183.77762227983
62.50699996948242, 75763.16402547433, 84182.79575456021
62.51300001144409, 75763.16402547433, 84182.79575456021
62.51699995994568, 75763.16402547433, 84182.79575456021
62.53200006484985, 75763.16402547433, 84182.65574775437
62.53200006484985, 75763.16402547433, 84182.65574775437
62.551000118255615, 75763.16402547433, 84180.1223361699
62.557000160217285, 75763.16402547433, 84180.1223361699
62.56400012969971, 75763.16402547433, 84177.71935444724
63.60700011253357, 75763.16402547433, 84177.71935444724
63.61500000953674, 75763.16402547433, 84177.71935444724
63.62000012397766, 75763.16402547433, 84177.71935444724
63.62000012397766, 75763.16402547433, 84177.71935444724
63.63100004196167, 75763.16402547433, 84177.71935444724
63.64199995994568, 75763.16402547433, 84177.71935444724
63.65000009536743, 75763.16402547433, 84177.71935444724
63.66100001335144, 75763.16402547433, 84174.88388059115
64.86300015449524, 75763.16402547433, 84174.88388059115
64.86300015449524, 75763.16402547433, 84174.88388059115
64.88100004196167, 75763.16402547433, 84166.81931741718
64.89499998092651, 75763.16402547433, 84166.81931741718
65.72699999809265, 75763.16402547433, 84155.83681046306
66.64800000190735, 75763.16402547433, 84153.46530870399
66.65700006484985, 75763.16402547433, 84153.46530870399
66.66000008583069, 75763.16402547433, 84153.46530870399
66.66000008583069, 75763.16402547433, 84153.46530870399
66.66000008583069, 75763.16402547433, 84153.46530870399
66.68099999427795, 75763.16402547433, 84153.46530870399
67.66499996185303, 75763.16402547433, 84151.74741547242
67.68099999427795, 75763.16402547433, 84151.74741547242
67.69200015068054, 75763.16402547433, 84151.74741547242
67.69799995422363, 75763.16402547433, 84151.74741547242
67.69799995422363, 75763.16402547433, 84151.74741547242
67.71200013160706, 75763.16402547433, 84151.74741547242
67.72099995613098, 75763.16402547433, 84137.39999666838
68.81700015068054, 75763.16402547433, 84122.43333139054
68.82400012016296, 75763.16402547433, 84122.43333139054
68.83899998664856, 75763.16402547433, 84122.43333139054
68.83899998664856, 75763.16402547433, 84122.43333139054
68.85500001907349, 75763.16402547433, 84117.31632684117
69.93600010871887, 75763.16402547433, 84117.31632684117
69.94500017166138, 75763.16402547433, 84117.31632684117
69.9520001411438, 75763.16402547433, 84117.31632684117
69.96200013160706, 75763.16402547433, 84117.31632684117
69.97000002861023, 75763.16402547433, 84100.65605357007
71.03800010681152, 75763.16402547433, 84095.718729918
71.05000019073486, 75763.16402547433, 84095.718729918
71.0640001296997, 75763.16402547433, 84095.718729918
71.07299995422363, 75763.16402547433, 84095.718729918
71.08500003814697, 75763.16402547433, 84095.718729918
71.09300017356873, 75763.16402547433, 84094.92625961034
72.10000014305115, 75763.16402547433, 84094.92625961034
72.11199998855591, 75763.16402547433, 84094.92625961034
72.11700010299683, 75763.16402547433, 84094.92625961034
72.11700010299683, 75763.16402547433, 84094.92625961034
72.12900018692017, 75763.16402547433, 84094.92625961034
72.1340000629425, 75763.16402547433, 84094.92625961034
72.14000010490417, 75763.16402547433, 84094.92625961034
72.15499997138977, 75763.16402547433, 84094.92625961034
72.16400003433228, 75763.16402547433, 84082.06260077693
72.16799998283386, 75763.16402547433, 84082.06260077693
72.16799998283386, 75763.16402547433, 84082.06260077693
72.18500018119812, 75763.16402547433, 84082.06260077693
73.35899996757507, 75763.16402547433, 84082.06260077693
73.36400008201599, 75763.16402547433, 84082.06260077693
73.36400008201599, 75763.16402547433, 84082.06260077693
73.37800002098083, 75763.16402547433, 84082.06260077693
73.3840000629425, 75763.16402547433, 84073.13030018169
73.39100003242493, 75763.16402547433, 84073.13030018169
73.39300012588501, 75763.16402547433, 84073.13030018169
73.39300012588501, 75763.16402547433, 84073.13030018169
73.39300012588501, 75763.16402547433, 84073.13030018169
73.41100001335144, 75763.16402547433, 84073.13030018169
73.41100001335144, 75763.16402547433, 84073.13030018169
73.43099999427795, 75763.16402547433, 84072.67512591043
73.44400000572205, 75763.16402547433, 84068.23634527987
73.44400000572205, 75763.16402547433, 84068.23634527987
74.51400017738342, 75763.16402547433, 84057.8028639977
74.5310001373291, 75763.16402547433, 84057.8028639977
74.5310001373291, 75763.16402547433, 84057.8028639977
74.55299997329712, 75763.16402547433, 84057.7819826387
75.73900008201599, 75763.16402547433, 84049.72352337741
75.75800013542175, 75763.16402547433, 84039.20141903921
77.02400016784668, 75763.16402547433, 84035.6761169114
77.02900004386902, 75763.16402547433, 84035.6761169114
77.02900004386902, 75763.16402547433, 84035.6761169114
77.02900004386902, 75763.16402547433, 84035.6761169114
77.0460000038147, 75763.16402547433, 84035.6761169114
77.05400013923645, 75763.16402547433, 84035.23602535017
77.06500005722046, 75763.16402547433, 84030.58681219244
78.18600010871887, 75763.16402547433, 84021.65436341816
78.18600010871887, 75763.16402547433, 84021.65436341816
78.18600010871887, 75763.16402547433, 84020.69628587812
78.2039999961853, 75763.16402547433, 84020.69628587812
78.2039999961853, 75763.16402547433, 84020.69628587812
78.22000002861023, 75763.16402547433, 84020.69628587812
78.22000002861023, 75763.16402547433, 84020.69628587812
78.23699998855591, 75763.16402547433, 84020.69628587812
78.23699998855591, 75763.16402547433, 84020.69628587812
78.25400018692017, 75763.16402547433, 84020.69628587812
78.25400018692017, 75763.16402547433, 84020.69628587812
78.26600003242493, 75763.16402547433, 84020.69628587812
79.44700002670288, 75763.16402547433, 84020.69628587812
79.4520001411438, 75763.16402547433, 84020.69628587812
79.45800018310547, 75763.16402547433, 84020.69628587812
79.46800017356873, 75763.16402547433, 84020.69628587812
79.48100018501282, 75763.16402547433, 84020.69628587812
80.62700009346008, 75763.16402547433, 84020.69628587812
80.63199996948242, 75763.16402547433, 84020.69628587812
80.65200018882751, 75763.16402547433, 84005.98581178514
80.6560001373291, 75763.16402547433, 84005.98581178514
80.6690001487732, 75763.16402547433, 84005.98581178514
80.6690001487732, 75763.16402547433, 84005.98581178514
80.68400001525879, 75763.16402547433, 84005.98581178514
80.69099998474121, 75763.16402547433, 84005.98581178514
80.69799995422363, 75763.16402547433, 83985.56368157077
81.9539999961853, 75763.16402547433, 83985.56368157077
81.9539999961853, 75763.16402547433, 83985.56368157077
81.96600008010864, 75763.16402547433, 83985.56368157077
81.97099995613098, 75763.16402547433, 83985.56368157077
83.17600011825562, 75763.16402547433, 83985.56368157077
83.17600011825562, 75763.16402547433, 83985.56368157077
83.17600011825562, 75763.16402547433, 83985.56368157077
83.1930000782013, 75763.16402547433, 83985.56368157077
83.1930000782013, 75763.16402547433, 83985.56368157077
83.1930000782013, 75763.16402547433, 83985.56368157077
83.21600008010864, 75763.16402547433, 83985.56368157077
84.36800003051758, 75763.16402547433, 83985.56368157077
84.375, 75763.16402547433, 83985.56368157077
84.37700009346008, 75763.16402547433, 83985.56368157077
84.38300013542175, 75763.16402547433, 83985.56368157077
84.40499997138977, 75763.16402547433, 83967.65285734473
84.41499996185303, 75763.16402547433, 83966.81231334445
84.42500019073486, 75763.16402547433, 83966.81231334445
84.43200016021729, 75763.16402547433, 83964.87748562673
85.57200002670288, 75763.16402547433, 83964.87748562673
85.58899998664856, 75763.16402547433, 83964.87748562673
85.59400010108948, 75763.16402547433, 83964.87748562673
85.59800004959106, 75763.16402547433, 83964.87748562673
85.60899996757507, 75763.16402547433, 83960.42583834473
85.62600016593933, 75763.16402547433, 83960.42583834473
86.77500009536743, 75763.16402547433, 83960.42583834473
86.78200006484985, 75763.16402547433, 83960.42583834473
86.78900003433228, 75763.16402547433, 83960.42583834473
86.79500007629395, 75763.16402547433, 83960.42583834473
86.80100011825562, 75763.16402547433, 83960.42583834473
86.81200003623962, 75763.16402547433, 83949.40612279704
86.82500004768372, 75763.16402547433, 83949.40612279704
86.83100008964539, 75763.16402547433, 83949.40612279704
86.83700013160706, 75763.16402547433, 83949.40612279704
86.84800004959106, 75763.16402547433, 83949.40612279704
87.99900007247925, 75763.16402547433, 83944.45267388994
88.00800013542175, 75763.16402547433, 83944.45267388994
88.01699995994568, 75763.16402547433, 83937.58152815994
88.03400015830994, 75763.16402547433, 83937.58152815994
89.24100017547607, 75763.16402547433, 83935.9463945261
89.25400018692017, 75763.16402547433, 83935.9463945261
89.26400017738342, 75763.16402547433, 83935.9463945261
89.27300000190735, 75763.16402547433, 83935.9463945261
89.28600001335144, 75763.16402547433, 83924.7740928066
90.44400000572205, 75763.16402547433, 83917.68946604604
90.45300006866455, 75763.16402547433, 83917.68946604604
90.45900011062622, 75763.16402547433, 83917.68946604604
90.46500015258789, 75763.16402547433, 83917.68946604604
90.4760000705719, 75763.16402547433, 83917.68946604604
90.48800015449524, 75763.16402547433, 83917.68946604604
91.71800017356873, 75763.16402547433, 83909.24532471661
91.73399996757507, 75763.16402547433, 83909.24532471661
91.73699998855591, 75763.16402547433, 83909.24532471661
91.74300003051758, 75763.16402547433, 83909.24532471661
91.74900007247925, 75763.16402547433, 83909.24532471661
91.76300001144409, 75763.16402547433, 83909.24532471661
92.96300005912781, 75763.16402547433, 83909.24532471661
92.9670000076294, 75763.16402547433, 83909.24532471661
92.97200012207031, 75763.16402547433, 83909.24532471661
92.97800016403198, 75763.16402547433, 83899.24330164606
92.98800015449524, 75763.16402547433, 83895.9680703645
92.99900007247925, 75763.16402547433, 83895.9680703645
93.0090000629425, 75763.16402547433, 83895.9680703645
94.18500018119812, 75763.16402547433, 83895.9680703645
94.18500018119812, 75763.16402547433, 83895.9680703645
94.2020001411438, 75763.16402547433, 83888.57020152544
94.21000003814697, 75763.16402547433, 83888.57020152544
94.2170000076294, 75763.16402547433, 83888.57020152544
95.4430000782013, 75763.16402547433, 83885.06171573732
95.45900011062622, 75763.16402547433, 83885.06171573732
95.46399998664856, 75763.16402547433, 83885.06171573732
95.47300004959106, 75763.16402547433, 83885.06171573732
95.48399996757507, 75763.16402547433, 83885.06171573732
95.49200010299683, 75763.16402547433, 83885.06171573732
95.49900007247925, 75763.16402547433, 83885.06171573732
95.5090000629425, 75763.16402547433, 83875.84130273662
96.70500016212463, 75763.16402547433, 83875.84130273662
96.71099996566772, 75763.16402547433, 83875.84130273662
96.71500015258789, 75763.16402547433, 83873.57214360291
96.73100018501282, 75763.16402547433, 83873.57214360291
96.73100018501282, 75763.16402547433, 83873.57214360291
98.01500010490417, 75763.16402547433, 83868.1677406213
98.01900005340576, 75763.16402547433, 83868.1677406213
98.01900005340576, 75763.16402547433, 83868.1677406213
98.01900005340576, 75763.16402547433, 83863.0114246718
98.04200005531311, 75763.16402547433, 83858.67376487145
99.25300002098083, 75763.16402547433, 83858.46617110916
99.2590000629425, 75763.16402547433, 83858.46617110916
99.26900005340576, 75763.16402547433, 83858.46617110916
99.27500009536743, 75763.16402547433, 83858.46617110916
99.28400015830994, 75763.16402547433, 83858.46617110916
99.2960000038147, 75763.16402547433, 83858.46617110916
100.61800003051758, 75763.16402547433, 83858.46617110916
100.62600016593933, 75763.16402547433, 83858.46617110916
100.63100004196167, 75763.16402547433, 83858.46617110916
100.63800001144409, 75763.16402547433, 83858.46617110916
100.64199995994568, 75763.16402547433, 83858.46617110916
100.65499997138977, 75763.16402547433, 83851.47744195623
100.65499997138977, 75763.16402547433, 83846.6544796615
101.87100005149841, 75763.16402547433, 83833.5344927791
101.87600016593933, 75763.16402547433, 83832.87724101852
101.88100004196167, 75763.16402547433, 83832.87724101852
101.88700008392334, 75763.16402547433, 83832.87724101852
101.89300012588501, 75763.16402547433, 83832.87724101852
101.89600014686584, 75763.16402547433, 83832.87724101852
101.90000009536743, 75763.16402547433, 83832.87724101852
101.9060001373291, 75763.16402547433, 83832.87724101852
103.11400008201599, 75763.16402547433, 83829.40605724383
103.11600017547607, 75763.16402547433, 83824.74362406609
103.11600017547607, 75763.16402547433, 83824.74362406609
103.13000011444092, 75763.16402547433, 83822.78309221496
103.13300013542175, 75763.16402547433, 83814.86207359754
104.41000008583069, 75763.16402547433, 83813.53526097402
104.42700004577637, 75763.16402547433, 83813.53526097402
104.42700004577637, 75763.16402547433, 83813.53526097402
104.42700004577637, 75763.16402547433, 83812.65456303337
104.44400000572205, 75763.16402547433, 83812.65456303337
104.46500015258789, 75763.16402547433, 83806.43462371959
105.6579999923706, 75763.16402547433, 83806.28030224297
105.66400003433228, 75763.16402547433, 83805.64495747286
105.6690001487732, 75763.16402547433, 83805.64495747286
105.6690001487732, 75763.16402547433, 83803.4088307274
105.68500018119812, 75763.16402547433, 83803.4088307274
105.69900012016296, 75763.16402547433, 83803.4088307274
105.70500016212463, 75763.16402547433, 83803.4088307274
105.70900011062622, 75763.16402547433, 83803.4088307274
105.70900011062622, 75763.16402547433, 83803.4088307274
105.72500014305115, 75763.16402547433, 83803.4088307274
106.89300012588501, 75763.16402547433, 83803.4088307274
106.90200018882751, 75763.16402547433, 83803.4088307274
106.90200018882751, 75763.16402547433, 83803.4088307274
106.91799998283386, 75763.16402547433, 83796.17505608601
106.92000007629395, 75763.16402547433, 83796.17505608601
108.15000009536743, 75763.16402547433, 83796.17505608601
108.15700006484985, 75763.16402547433, 83796.17505608601
108.16200017929077, 75763.16402547433, 83796.17505608601
108.1690001487732, 75763.16402547433, 83796.17505608601
108.1690001487732, 75763.16402547433, 83796.17505608601
108.1890001296997, 75763.16402547433, 83796.17505608601
108.19500017166138, 75763.16402547433, 83796.17505608601
108.2020001411438, 75763.16402547433, 83796.17505608601
108.2020001411438, 75763.16402547433, 83796.17505608601
108.2020001411438, 75763.16402547433, 83796.17505608601
109.42500019073486, 75763.16402547433, 83796.17505608601
109.43400001525879, 75763.16402547433, 83796.17505608601
109.44099998474121, 75763.16402547433, 83796.17505608601
109.44799995422363, 75763.16402547433, 83796.17505608601
109.4539999961853, 75763.16402547433, 83796.17505608601
109.46000003814697, 75763.16402547433, 83796.17505608601
109.46600008010864, 75763.16402547433, 83796.17505608601
109.47200012207031, 75763.16402547433, 83796.17505608601
109.48100018501282, 75763.16402547433, 83796.17505608601
109.48300004005432, 75763.16402547433, 83796.17505608601
109.49699997901917, 75763.16402547433, 83796.17505608601
109.50500011444092, 75763.16402547433, 83796.17505608601
109.51200008392334, 75763.16402547433, 83796.17505608601
110.83500003814697, 75763.16402547433, 83796.17505608601
110.8420000076294, 75763.16402547433, 83796.17505608601
110.85300016403198, 75763.16402547433, 83796.17505608601
110.85600018501282, 75763.16402547433, 83796.17505608601
110.85600018501282, 75763.16402547433, 83796.17505608601
110.8840000629425, 75763.16402547433, 83796.17505608601
112.21600008010864, 75763.16402547433, 83796.17505608601
112.22399997711182, 75763.16402547433, 83776.87241974934
112.22900009155273, 75763.16402547433, 83776.87241974934
112.23399996757507, 75763.16402547433, 83776.87241974934
112.23800015449524, 75763.16402547433, 83776.87241974934
112.24500012397766, 75763.16402547433, 83776.87241974934
112.24900007247925, 75763.16402547433, 83776.87241974934
113.47900009155273, 75763.16402547433, 83759.10854186026
113.48800015449524, 75763.16402547433, 83755.6577287995
113.49699997901917, 75763.16402547433, 83755.52414147285
113.50400018692017, 75763.16402547433, 83755.52414147285
113.51600003242493, 75763.16402547433, 83754.87579022525
113.52400016784668, 75763.16402547433, 83754.87579022525
114.81100010871887, 75763.16402547433, 83754.87579022525
114.81700015068054, 75763.16402547433, 83754.87579022525
114.81700015068054, 75763.16402547433, 83754.87579022525
114.83400011062622, 75763.16402547433, 83754.87579022525
116.18600010871887, 75763.16402547433, 83754.87579022525
116.1930000782013, 75763.16402547433, 83754.87579022525
116.2020001411438, 75763.16402547433, 83754.09165910503
116.20900011062622, 75763.16402547433, 83754.09165910503
116.21399998664856, 75763.16402547433, 83754.09165910503
116.21399998664856, 75763.16402547433, 83754.09165910503
116.22800016403198, 75763.16402547433, 83754.09165910503
116.23200011253357, 75763.16402547433, 83754.09165910503
116.24699997901917, 75763.16402547433, 83754.09165910503
116.25699996948242, 75763.16402547433, 83750.593693614
116.26400017738342, 75763.16402547433, 83750.593693614
116.27100014686584, 75763.16402547433, 83750.593693614
117.58700013160706, 75763.16402547433, 83750.593693614
117.60000014305115, 75763.16402547433, 83750.593693614
117.60400009155273, 75763.16402547433, 83750.593693614
117.60400009155273, 75763.16402547433, 83750.593693614
117.61800003051758, 75763.16402547433, 83750.593693614
117.62400007247925, 75763.16402547433, 83750.593693614
117.62800002098083, 75763.16402547433, 83750.593693614
117.63600015640259, 75763.16402547433, 83750.593693614
117.64400005340576, 75763.16402547433, 83750.593693614
117.64800000190735, 75763.16402547433, 83750.593693614
117.65400004386902, 75763.16402547433, 83750.593693614
118.97900009155273, 75763.16402547433, 83750.593693614
118.97900009155273, 75763.16402547433, 83750.593693614
118.99300003051758, 75763.16402547433, 83750.593693614
119.00200009346008, 75763.16402547433, 83744.21450978551
119.0090000629425, 75763.16402547433, 83744.21450978551
119.01699995994568, 75763.16402547433, 83744.21450978551
119.02500009536743, 75763.16402547433, 83744.21450978551
119.0310001373291, 75763.16402547433, 83744.21450978551
120.33300018310547, 75763.16402547433, 83744.21450978551
120.34000015258789, 75763.16402547433, 83744.21450978551
120.34599995613098, 75763.16402547433, 83744.21450978551
120.35300016403198, 75763.16402547433, 83744.21450978551
120.35899996757507, 75763.16402547433, 83744.21450978551
120.36800003051758, 75763.16402547433, 83744.21450978551
120.38000011444092, 75763.16402547433, 83744.21450978551
120.38600015640259, 75763.16402547433, 83744.21450978551
120.39100003242493, 75763.16402547433, 83744.21450978551
120.39499998092651, 75763.16402547433, 83744.21450978551
120.40000009536743, 75763.16402547433, 83744.21450978551
121.81100010871887, 75763.16402547433, 83744.21450978551
121.82000017166138, 75763.16402547433, 83744.21450978551
121.82800006866455, 75763.16402547433, 83744.21450978551
121.83700013160706, 75763.16402547433, 83744.21450978551
123.34599995613098, 75763.16402547433, 83744.21450978551
123.34599995613098, 75763.16402547433, 83724.78297267048
123.35500001907349, 75763.16402547433, 83724.78297267048
123.36300015449524, 75763.16402547433, 83724.78297267048
123.37100005149841, 75763.16402547433, 83724.78297267048
123.37100005149841, 75763.16402547433, 83724.78297267048
123.38199996948242, 75763.16402547433, 83724.78297267048
124.78200006484985, 75763.16402547433, 83724.78297267048
124.78999996185303, 75763.16402547433, 83721.17654744892
124.7940001487732, 75763.16402547433, 83721.17654744892
124.7940001487732, 75763.16402547433, 83721.17654744892
124.80400013923645, 75763.16402547433, 83715.92650053787
124.81100010871887, 75763.16402547433, 83711.15776201263
124.81100010871887, 75763.16402547433, 83708.36301850773
126.08400011062622, 75763.16402547433, 83708.36301850773
126.08400011062622, 75763.16402547433, 83702.93982608155
127.50600004196167, 75763.16402547433, 83702.93982608155
127.51200008392334, 75763.16402547433, 83698.01935653569
127.51900005340576, 75763.16402547433, 83697.56214147784
127.52400016784668, 75763.16402547433, 83697.56214147784
128.93700003623962, 75763.16402547433, 83690.54377998419
128.93700003623962, 75763.16402547433, 83688.51915522249
128.94700002670288, 75763.16402547433, 83688.51915522249
128.9539999961853, 75763.16402547433, 83688.51915522249
128.96800017356873, 75763.16402547433, 83688.51915522249
128.97500014305115, 75763.16402547433, 83688.51915522249
128.9800000190735, 75763.16402547433, 83688.51915522249
130.36700010299683, 75763.16402547433, 83683.67004936776
130.36899995803833, 75763.16402547433, 83683.66140663663
130.3840000629425, 75763.16402547433, 83683.66140663663
130.3880000114441, 75763.16402547433, 83683.66140663663
130.38900017738342, 75763.16402547433, 83683.66140663663
130.39900016784668, 75763.16402547433, 83683.66140663663
130.40100002288818, 75763.16402547433, 83683.66140663663
130.40100002288818, 75763.16402547433, 83683.66140663663
131.7940001487732, 75763.16402547433, 83683.66140663663
131.80000019073486, 75763.16402547433, 83683.66140663663
131.8050000667572, 75763.16402547433, 83677.84934016662
131.81100010871887, 75763.16402547433, 83677.84934016662
131.8180000782013, 75763.16402547433, 83673.9487177164
131.82599997520447, 75763.16402547433, 83673.9487177164
131.83200001716614, 75763.16402547433, 83673.9487177164
133.3050000667572, 75763.16402547433, 83661.98638803398
133.31200003623962, 75763.16402547433, 83661.98638803398
133.3180000782013, 75763.16402547433, 83661.98638803398
133.32200002670288, 75763.16402547433, 83661.98638803398
133.32800006866455, 75763.16402547433, 83661.98638803398
133.33700013160706, 75763.16402547433, 83661.98638803398
133.34400010108948, 75763.16402547433, 83661.98638803398
133.35400009155273, 75763.16402547433, 83661.98638803398
133.3600001335144, 75763.16402547433, 83661.98638803398
134.75500011444092, 75763.16402547433, 83661.98638803398
134.76200008392334, 75763.16402547433, 83659.50443759123
134.76200008392334, 75763.16402547433, 83656.95636471851
136.14400005340576, 75763.16402547433, 83648.62514192265
136.15100002288818, 75763.16402547433, 83648.62514192265
136.1560001373291, 75763.16402547433, 83648.62514192265
136.1560001373291, 75763.16402547433, 83648.62514192265
136.16799998283386, 75763.16402547433, 83648.62514192265
136.17500019073486, 75763.16402547433, 83648.62514192265
136.17600011825562, 75763.16402547433, 83648.62514192265
136.17600011825562, 75763.16402547433, 83648.62514192265
136.1890001296997, 75763.16402547433, 83648.62514192265
136.19200015068054, 75763.16402547433, 83648.62514192265
137.69500017166138, 75763.16402547433, 83648.62514192265
137.70900011062622, 75763.16402547433, 83634.69172055293
137.71600008010864, 75763.16402547433, 83634.69172055293
137.7220001220703, 75763.16402547433, 83634.69172055293
137.73100018501282, 75763.16402547433, 83634.69172055293
139.38000011444092, 75763.16402547433, 83629.45054152569
139.38199996948242, 75763.16402547433, 83629.45054152569
139.393000125885, 75763.16402547433, 83629.45054152569
139.3949999809265, 75763.16402547433, 83629.45054152569
139.3949999809265, 75763.16402547433, 83629.45054152569
139.40900015830994, 75763.16402547433, 83629.45054152569
139.4100000858307, 75763.16402547433, 83629.45054152569
139.42700004577637, 75763.16402547433, 83620.76106789154
140.92400002479553, 75763.16402547433, 83620.76106789154
140.92799997329712, 75763.16402547433, 83618.64251875572
140.9409999847412, 75763.16402547433, 83618.64251875572
140.95099997520447, 75763.16402547433, 83618.64251875572
140.96000003814697, 75763.16402547433, 83618.64251875572
140.96000003814697, 75763.16402547433, 83618.64251875572
142.5329999923706, 75763.16402547433, 83617.32517365081
142.53800010681152, 75763.16402547433, 83613.66429836421
142.5440001487732, 75763.16402547433, 83612.55286841092
142.55100011825562, 75763.16402547433, 83611.12946820803
144.11700010299683, 75763.16402547433, 83609.56868542396
144.12700009346008, 75763.16402547433, 83609.56868542396
144.1340000629425, 75763.16402547433, 83609.56868542396
144.1340000629425, 75763.16402547433, 83609.56868542396
144.1470000743866, 75763.16402547433, 83609.56868542396
144.15300011634827, 75763.16402547433, 83609.56868542396
144.16400003433228, 75763.16402547433, 83609.56868542396
144.17600011825562, 75763.16402547433, 83609.56868542396
145.8600001335144, 75763.16402547433, 83609.56868542396
145.86899995803833, 75763.16402547433, 83609.56868542396
145.87400007247925, 75763.16402547433, 83609.56868542396
145.87800002098083, 75763.16402547433, 83609.56868542396
145.88499999046326, 75763.16402547433, 83609.56868542396
145.8880000114441, 75763.16402547433, 83609.56868542396
145.8880000114441, 75763.16402547433, 83609.56868542396
145.90200018882751, 75763.16402547433, 83609.56868542396
145.9079999923706, 75763.16402547433, 83609.56868542396
145.91300010681152, 75763.16402547433, 83609.56868542396
145.91799998283386, 75763.16402547433, 83609.56868542396
145.92799997329712, 75763.16402547433, 83609.56868542396
147.47399997711182, 75763.16402547433, 83609.56868542396
147.48399996757507, 75763.16402547433, 83609.56868542396
147.49200010299683, 75763.16402547433, 83609.56868542396
147.50100016593933, 75763.16402547433, 83609.56868542396
147.5090000629425, 75763.16402547433, 83609.56868542396
147.51699995994568, 75763.16402547433, 83609.56868542396
147.52500009536743, 75763.16402547433, 83609.56868542396
147.52999997138977, 75763.16402547433, 83609.56868542396
147.53600001335144, 75763.16402547433, 83609.56868542396
147.54100012779236, 75763.16402547433, 83609.56868542396
147.54100012779236, 75763.16402547433, 83609.56868542396
147.55299997329712, 75763.16402547433, 83609.56868542396
147.56100010871887, 75763.16402547433, 83609.56868542396
147.57000017166138, 75763.16402547433, 83609.56868542396
147.5770001411438, 75763.16402547433, 83609.56868542396
147.58599996566772, 75763.16402547433, 83609.56868542396
147.59100008010864, 75763.16402547433, 83609.56868542396
149.15000009536743, 75763.16402547433, 83609.56868542396
149.15000009536743, 75763.16402547433, 83609.56868542396
149.1670000553131, 75763.16402547433, 83591.55264582801
149.17200016975403, 75763.16402547433, 83591.55264582801
149.17799997329712, 75763.16402547433, 83591.55264582801
149.18200016021729, 75763.16402547433, 83591.55264582801
149.18200016021729, 75763.16402547433, 83591.55264582801
150.7810001373291, 75763.16402547433, 83582.91722064733
150.7810001373291, 75763.16402547433, 83582.91722064733
150.79800009727478, 75763.16402547433, 83582.91722064733
150.8050000667572, 75763.16402547433, 83582.91722064733
150.81200003623962, 75763.16402547433, 83573.65347991207
152.42700004577637, 75763.16402547433, 83572.14577940578
152.43099999427795, 75763.16402547433, 83572.14577940578
152.43099999427795, 75763.16402547433, 83572.14577940578
152.4430000782013, 75763.16402547433, 83572.14577940578
152.44799995422363, 75763.16402547433, 83571.78757772579
152.44799995422363, 75763.16402547433, 83570.76741613679
152.45900011062622, 75763.16402547433, 83570.76741613679
153.99699997901917, 75763.16402547433, 83570.76741613679
154.00300002098083, 75763.16402547433, 83570.76741613679
154.00999999046326, 75763.16402547433, 83566.57123182423
154.0130000114441, 75763.16402547433, 83566.57123182423
154.0130000114441, 75763.16402547433, 83566.57123182423
154.0310001373291, 75763.16402547433, 83566.57123182423
155.6600000858307, 75763.16402547433, 83566.57123182423
155.6710000038147, 75763.16402547433, 83566.57123182423
155.67700004577637, 75763.16402547433, 83566.57123182423
155.67900013923645, 75763.16402547433, 83566.57123182423
155.67900013923645, 75763.16402547433, 83566.57123182423
155.67900013923645, 75763.16402547433, 83566.57123182423
157.36700010299683, 75763.16402547433, 83566.57123182423
157.37900018692017, 75763.16402547433, 83566.57123182423
157.38300013542175, 75763.16402547433, 83566.57123182423
157.38300013542175, 75763.16402547433, 83566.57123182423
157.40200018882751, 75763.16402547433, 83555.64986544439
157.40400004386902, 75763.16402547433, 83555.64986544439
157.41499996185303, 75763.16402547433, 83552.75474601988
158.87199997901917, 75763.16402547433, 83550.25732255215
158.88000011444092, 75763.16402547433, 83547.23965513473
158.88000011444092, 75763.16402547433, 83547.23965513473
158.88900017738342, 75763.16402547433, 83547.20616039012
160.42900013923645, 75763.16402547433, 83543.82704091443
161.9960000514984, 75763.16402547433, 83542.9237742701
162.00100016593933, 75763.16402547433, 83542.9237742701
162.00600004196167, 75763.16402547433, 83542.9237742701
162.0110001564026, 75763.16402547433, 83542.9237742701
162.01600003242493, 75763.16402547433, 83542.9237742701
162.02600002288818, 75763.16402547433, 83538.14156042908
162.02999997138977, 75763.16402547433, 83538.14156042908
163.6930000782013, 75763.16402547433, 83533.19816881321
163.6930000782013, 75763.16402547433, 83533.19816881321
163.6930000782013, 75763.16402547433, 83533.19816881321
163.71000003814697, 75763.16402547433, 83532.55712350344
163.71000003814697, 75763.16402547433, 83532.55712350344
163.71000003814697, 75763.16402547433, 83532.43469857326
163.72699999809265, 75763.16402547433, 83532.0725389274
165.22099995613098, 75763.16402547433, 83527.4568189775
165.22099995613098, 75763.16402547433, 83527.4568189775
165.24300003051758, 75763.16402547433, 83518.62569923255
166.89199995994568, 75763.16402547433, 83518.62569923255
166.89800000190735, 75763.16402547433, 83518.62569923255
166.90400004386902, 75763.16402547433, 83518.62569923255
166.9079999923706, 75763.16402547433, 83518.62569923255
166.91400003433228, 75763.16402547433, 83518.62569923255
166.92000007629395, 75763.16402547433, 83518.62569923255
166.92400002479553, 75763.16402547433, 83518.62569923255
166.9300000667572, 75763.16402547433, 83517.84148192138
166.93700003623962, 75763.16402547433, 83515.26040408634
166.94700002670288, 75763.16402547433, 83515.26040408634
168.5880000591278, 75763.16402547433, 83515.15911187802
168.5920000076294, 75763.16402547433, 83515.15911187802
168.59800004959106, 75763.16402547433, 83515.15911187802
168.6010000705719, 75763.16402547433, 83508.83107946298
168.61100006103516, 75763.16402547433, 83504.78845440464
170.13300013542175, 75763.16402547433, 83502.78461243244
170.143000125885, 75763.16402547433, 83502.78461243244
170.15200018882751, 75763.16402547433, 83502.78461243244
170.1690001487732, 75763.16402547433, 83497.93277610099
171.7720000743866, 75763.16402547433, 83492.48365990107
171.77800011634827, 75763.16402547433, 83492.48365990107
171.77800011634827, 75763.16402547433, 83492.48365990107
171.78900003433228, 75763.16402547433, 83492.48365990107
171.79500007629395, 75763.16402547433, 83492.48365990107
171.80100011825562, 75763.16402547433, 83492.48365990107
171.80400013923645, 75763.16402547433, 83492.48365990107
171.81200003623962, 75763.16402547433, 83486.37342652847
171.82000017166138, 75763.16402547433, 83486.37342652847
173.393000125885, 75763.16402547433, 83480.79239165828
173.4100000858307, 75763.16402547433, 83480.79239165828
173.42000007629395, 75763.16402547433, 83477.72005142657
173.42900013923645, 75763.16402547433, 83477.72005142657
175.09500002861023, 75763.16402547433, 83471.99380106022
175.10400009155273, 75763.16402547433, 83470.74820957343
175.10800004005432, 75763.16402547433, 83470.74820957343
175.10800004005432, 75763.16402547433, 83470.74820957343
175.125, 75763.16402547433, 83470.74820957343
176.73300004005432, 75763.16402547433, 83465.23490972423
176.7369999885559, 75763.16402547433, 83465.23490972423
176.7369999885559, 75763.16402547433, 83462.27978155002
178.3180000782013, 75763.16402547433, 83452.54291450369
178.3180000782013, 75763.16402547433, 83452.54291450369
178.33400011062622, 75763.16402547433, 83452.16981370108
178.3400001525879, 75763.16402547433, 83452.16981370108
178.34400010108948, 75763.16402547433, 83452.16981370108
178.34800004959106, 75763.16402547433, 83452.16981370108
178.35300016403198, 75763.16402547433, 83452.16981370108
178.35899996757507, 75763.16402547433, 83445.43796265792
180.03400015830994, 75763.16402547433, 83443.80014261226
180.04900002479553, 75763.16402547433, 83443.80014261226
180.05299997329712, 75763.16402547433, 83443.80014261226
180.05299997329712, 75763.16402547433, 83443.80014261226
180.07200002670288, 75763.16402547433, 83443.80014261226
181.7220001220703, 75763.16402547433, 83440.17337339121
181.72800016403198, 75763.16402547433, 83440.17337339121
181.7350001335144, 75763.16402547433, 83437.14085771044
181.739000082016, 75763.16402547433, 83437.14085771044
183.33899998664856, 75763.16402547433, 83427.91592795322
183.34500002861023, 75763.16402547433, 83427.91592795322
183.3510000705719, 75763.16402547433, 83427.91592795322
183.35700011253357, 75763.16402547433, 83427.91592795322
183.364000082016, 75763.16402547433, 83427.91592795322
184.95500016212463, 75763.16402547433, 83422.36418764375
184.96099996566772, 75763.16402547433, 83422.36418764375
184.9670000076294, 75763.16402547433, 83422.36418764375
184.9670000076294, 75763.16402547433, 83420.28888523142
184.9800000190735, 75763.16402547433, 83420.28888523142
184.9850001335144, 75763.16402547433, 83413.63829337026
186.61700010299683, 75763.16402547433, 83413.63829337026
186.62900018692017, 75763.16402547433, 83413.63829337026
186.63000011444092, 75763.16402547433, 83413.63829337026
186.64199995994568, 75763.16402547433, 83413.63829337026
186.64900016784668, 75763.16402547433, 83413.63829337026
186.64900016784668, 75763.16402547433, 83413.63829337026
186.66400003433228, 75763.16402547433, 83413.63829337026
186.66400003433228, 75763.16402547433, 83413.63829337026
188.28700017929077, 75763.16402547433, 83409.77395058323
188.2940001487732, 75763.16402547433, 83409.77395058323
188.30200004577637, 75763.16402547433, 83408.67368354376
188.30200004577637, 75763.16402547433, 83408.67368354376
188.31299996376038, 75763.16402547433, 83408.67368354376
188.3180000782013, 75763.16402547433, 83408.67368354376
190.15100002288818, 75763.16402547433, 83408.67368354376
190.1579999923706, 75763.16402547433, 83404.8684015705
190.16200017929077, 75763.16402547433, 83404.8684015705
190.16200017929077, 75763.16402547433, 83404.8684015705
190.16200017929077, 75763.16402547433, 83404.8684015705
192.02999997138977, 75763.16402547433, 83404.8684015705
192.0460000038147, 75763.16402547433, 83404.8684015705
192.0460000038147, 75763.16402547433, 83404.8684015705
192.0460000038147, 75763.16402547433, 83402.01636423123
192.06299996376038, 75763.16402547433, 83401.72120850696
192.06299996376038, 75763.16402547433, 83401.72120850696
193.6600000858307, 75763.16402547433, 83401.72120850696
193.6600000858307, 75763.16402547433, 83401.72120850696
193.67900013923645, 75763.16402547433, 83401.72120850696
193.6909999847412, 75763.16402547433, 83395.58848556694
193.7020001411438, 75763.16402547433, 83392.69955950852
193.70900011062622, 75763.16402547433, 83392.69955950852
195.38000011444092, 75763.16402547433, 83392.69955950852
195.39100003242493, 75763.16402547433, 83392.69955950852
195.3970000743866, 75763.16402547433, 83392.69955950852
195.41600012779236, 75763.16402547433, 83392.69955950852
195.42200016975403, 75763.16402547433, 83392.69955950852
197.143000125885, 75763.16402547433, 83382.47169644128
197.15100002288818, 75763.16402547433, 83382.47169644128
197.15700006484985, 75763.16402547433, 83382.47169644128
197.15900015830994, 75763.16402547433, 83382.47169644128
197.15900015830994, 75763.16402547433, 83382.47169644128
197.1840000152588, 75763.16402547433, 83382.47169644128
198.80100011825562, 75763.16402547433, 83374.96294130923
198.80100011825562, 75763.16402547433, 83374.96294130923
198.8090000152588, 75763.16402547433, 83374.96294130923
198.8090000152588, 75763.16402547433, 83374.96294130923
198.8180000782013, 75763.16402547433, 83374.96294130923
198.8180000782013, 75763.16402547433, 83374.96294130923
198.82599997520447, 75763.16402547433, 83364.90926010255
200.5789999961853, 75763.16402547433, 83364.90926010255
200.58599996566772, 75763.16402547433, 83364.90926010255
200.59400010108948, 75763.16402547433, 83364.90926010255
202.22300004959106, 75763.16402547433, 83364.90926010255
202.2350001335144, 75763.16402547433, 83364.90926010255
202.24000000953674, 75763.16402547433, 83364.90926010255
202.24000000953674, 75763.16402547433, 83357.31880527812
202.25100016593933, 75763.16402547433, 83357.31880527812
202.25699996948242, 75763.16402547433, 83357.31880527812
202.2630000114441, 75763.16402547433, 83356.57979400396
202.27400016784668, 75763.16402547433, 83355.6281377332
203.99200010299683, 75763.16402547433, 83353.89216348674
204.0, 75763.16402547433, 83353.89216348674
204.00699996948242, 75763.16402547433, 83353.89216348674
204.01200008392334, 75763.16402547433, 83353.89216348674
204.01699995994568, 75763.16402547433, 83353.89216348674
205.75500011444092, 75763.16402547433, 83350.9949349354
205.7630000114441, 75763.16402547433, 83349.73136949562
205.77900004386902, 75763.16402547433, 83349.73136949562
205.78900003433228, 75763.16402547433, 83349.73136949562
205.7920000553131, 75763.16402547433, 83342.86695413566
207.47699999809265, 75763.16402547433, 83342.86695413566
207.47800016403198, 75763.16402547433, 83342.86695413566
207.47800016403198, 75763.16402547433, 83342.86695413566
207.49500012397766, 75763.16402547433, 83342.86695413566
207.50999999046326, 75763.16402547433, 83342.86695413566
209.34500002861023, 75763.16402547433, 83332.88938683443
209.35000014305115, 75763.16402547433, 83332.88938683443
209.35600018501282, 75763.16402547433, 83332.88938683443
209.3600001335144, 75763.16402547433, 83332.88938683443
209.36800003051758, 75763.16402547433, 83332.88938683443
209.37900018692017, 75763.16402547433, 83332.88938683443
209.38499999046326, 75763.16402547433, 83327.88098624906
211.09400010108948, 75763.16402547433, 83327.88098624906
211.11100006103516, 75763.16402547433, 83327.88098624906
211.11700010299683, 75763.16402547433, 83327.88098624906
211.125, 75763.16402547433, 83327.88098624906
211.13100004196167, 75763.16402547433, 83327.88098624906
211.1340000629425, 75763.16402547433, 83327.88098624906
211.14199995994568, 75763.16402547433, 83327.88098624906
211.14900016784668, 75763.16402547433, 83327.88098624906
211.15400004386902, 75763.16402547433, 83327.88098624906
211.1579999923706, 75763.16402547433, 83327.88098624906
211.16400003433228, 75763.16402547433, 83325.1305909695
211.16400003433228, 75763.16402547433, 83322.46449270444
212.81299996376038, 75763.16402547433, 83322.46449270444
212.81900000572205, 75763.16402547433, 83322.46449270444
212.82500004768372, 75763.16402547433, 83322.46449270444
212.82500004768372, 75763.16402547433, 83322.46449270444
212.8380000591278, 75763.16402547433, 83322.46449270444
212.8420000076294, 75763.16402547433, 83322.46449270444
212.8420000076294, 75763.16402547433, 83322.46449270444
212.85800004005432, 75763.16402547433, 83322.46449270444
212.86300015449524, 75763.16402547433, 83322.46449270444
214.61899995803833, 75763.16402547433, 83303.7453981656
214.62800002098083, 75763.16402547433, 83303.7453981656
214.63700008392334, 75763.16402547433, 83303.7453981656
214.64400005340576, 75763.16402547433, 83303.7453981656
214.65200018882751, 75763.16402547433, 83303.7453981656
214.6560001373291, 75763.16402547433, 83303.7453981656
214.65900015830994, 75763.16402547433, 83303.7453981656
214.65900015830994, 75763.16402547433, 83303.7453981656
214.67500019073486, 75763.16402547433, 83303.7453981656
214.67500019073486, 75763.16402547433, 83303.7453981656
214.67500019073486, 75763.16402547433, 83303.7453981656
214.6909999847412, 75763.16402547433, 83303.7453981656
214.69600009918213, 75763.16402547433, 83299.80601915647
214.70500016212463, 75763.16402547433, 83299.80601915647
216.48300004005432, 75763.16402547433, 83299.80601915647
216.49399995803833, 75763.16402547433, 83292.02702225426
218.24500012397766, 75763.16402547433, 83289.23350226926
218.24500012397766, 75763.16402547433, 83289.23350226926
218.25600004196167, 75763.16402547433, 83288.90959874529
218.25999999046326, 75763.16402547433, 83288.90959874529
218.25999999046326, 75763.16402547433, 83288.90959874529
218.2720000743866, 75763.16402547433, 83288.16468565923
218.27800011634827, 75763.16402547433, 83288.16468565923
218.27800011634827, 75763.16402547433, 83288.16468565923
220.14100003242493, 75763.16402547433, 83286.77290893497
220.15000009536743, 75763.16402547433, 83286.77290893497
220.15900015830994, 75763.16402547433, 83286.77290893497
220.16400003433228, 75763.16402547433, 83286.05344146062
220.16400003433228, 75763.16402547433, 83286.05344146062
221.91200017929077, 75763.16402547433, 83281.1248752168
221.91200017929077, 75763.16402547433, 83281.1248752168
221.9190001487732, 75763.16402547433, 83278.62369011946
221.93500018119812, 75763.16402547433, 83277.10467619449
223.6909999847412, 75763.16402547433, 83272.77591750602
223.69799995422363, 75763.16402547433, 83272.16555820502
223.7020001411438, 75763.16402547433, 83272.16555820502
223.70800018310547, 75763.16402547433, 83272.16555820502
223.71399998664856, 75763.16402547433, 83271.72775702755
225.43300008773804, 75763.16402547433, 83271.72775702755
225.44600009918213, 75763.16402547433, 83271.72775702755
225.4539999961853, 75763.16402547433, 83271.72775702755
227.51699995994568, 75763.16402547433, 83261.69799201033
227.52300000190735, 75763.16402547433, 83261.69799201033
227.53400015830994, 75763.16402547433, 83261.69799201033
227.53900003433228, 75763.16402547433, 83261.69799201033
229.25300002098083, 75763.16402547433, 83261.69799201033
229.2590000629425, 75763.16402547433, 83261.69799201033
229.26500010490417, 75763.16402547433, 83261.69799201033
229.2699999809265, 75763.16402547433, 83261.69799201033
230.89000010490417, 75763.16402547433, 83261.69799201033
230.90000009536743, 75763.16402547433, 83261.69799201033
230.90499997138977, 75763.16402547433, 83261.69799201033
230.90499997138977, 75763.16402547433, 83261.69799201033
230.9210000038147, 75763.16402547433, 83253.40988757012
232.84400010108948, 75763.16402547433, 83250.08718114975
232.84400010108948, 75763.16402547433, 83250.08718114975
232.85700011253357, 75763.16402547433, 83249.43506779216
232.86899995803833, 75763.16402547433, 83249.43506779216
232.87400007247925, 75763.16402547433, 83245.9574623695
234.67200016975403, 75763.16402547433, 83245.9574623695
234.67799997329712, 75763.16402547433, 83245.9574623695
234.67799997329712, 75763.16402547433, 83245.9574623695
234.67799997329712, 75763.16402547433, 83245.9574623695
234.69600009918213, 75763.16402547433, 83245.9574623695
234.7020001411438, 75763.16402547433, 83245.9574623695
234.70700001716614, 75763.16402547433, 83241.85177469115
234.7130000591278, 75763.16402547433, 83241.85177469115
234.71900010108948, 75763.16402547433, 83236.88131965167
234.72399997711182, 75763.16402547433, 83236.88131965167
234.7300000190735, 75763.16402547433, 83236.88131965167
234.73399996757507, 75763.16402547433, 83236.88131965167
234.74100017547607, 75763.16402547433, 83236.88131965167
234.74900007247925, 75763.16402547433, 83234.82522559106
236.5640001296997, 75763.16402547433, 83234.82522559106
236.57000017166138, 75763.16402547433, 83234.82522559106
236.5789999961853, 75763.16402547433, 83234.27331351837
236.58599996566772, 75763.16402547433, 83234.27331351837
236.59100008010864, 75763.16402547433, 83234.27331351837
236.5970001220703, 75763.16402547433, 83234.27331351837
236.5970001220703, 75763.16402547433, 83234.27331351837
236.61700010299683, 75763.16402547433, 83234.27331351837
238.42799997329712, 75763.16402547433, 83234.27331351837
238.43500018119812, 75763.16402547433, 83234.27331351837
238.4390001296997, 75763.16402547433, 83234.27331351837
238.44400000572205, 75763.16402547433, 83228.11847001222
238.44900012016296, 75763.16402547433, 83228.11847001222
238.45500016212463, 75763.16402547433, 83228.11847001222
238.46099996566772, 75763.16402547433, 83227.73802624016
242.0789999961853, 75763.16402547433, 83215.51314868465
242.08700013160706, 75763.16402547433, 83213.5601353028
243.96800017356873, 75763.16402547433, 83210.47158162392
243.97699999809265, 75763.16402547433, 83210.47158162392
243.98300004005432, 75763.16402547433, 83210.47158162392
243.9869999885559, 75763.16402547433, 83210.47158162392
243.9960000514984, 75763.16402547433, 83207.40205263108
245.82599997520447, 75763.16402547433, 83204.72082994871
245.83500003814697, 75763.16402547433, 83204.72082994871
245.8420000076294, 75763.16402547433, 83204.72082994871
245.84899997711182, 75763.16402547433, 83201.04944563496
245.85600018501282, 75763.16402547433, 83200.64770380854
249.7039999961853, 75763.16402547433, 83193.64378202244
249.72300004959106, 75763.16402547433, 83193.64378202244
249.73100018501282, 75763.16402547433, 83193.64378202244
249.73800015449524, 75763.16402547433, 83193.64378202244
249.74399995803833, 75763.16402547433, 83187.77520720156
249.7480001449585, 75763.16402547433, 83187.77520720156
251.53999996185303, 75763.16402547433, 83186.3494566566
251.56000018119812, 75763.16402547433, 83186.3494566566
251.56000018119812, 75763.16402547433, 83186.3494566566
251.57400012016296, 75763.16402547433, 83186.3494566566
251.5789999961853, 75763.16402547433, 83185.08876564824
251.5789999961853, 75763.16402547433, 83184.14861852271
251.59100008010864, 75763.16402547433, 83184.14861852271
251.59400010108948, 75763.16402547433, 83184.14861852271
251.59400010108948, 75763.16402547433, 83176.24431266409
253.46900010108948, 75763.16402547433, 83174.92389965252
253.47500014305115, 75763.16402547433, 83174.92389965252
253.47500014305115, 75763.16402547433, 83174.92389965252
253.4850001335144, 75763.16402547433, 83173.96745516351
253.4850001335144, 75763.16402547433, 83173.96745516351
253.4980001449585, 75763.16402547433, 83172.75529986549
255.4650001525879, 75763.16402547433, 83172.75529986549
255.47500014305115, 75763.16402547433, 83172.5364809809
255.48200011253357, 75763.16402547433, 83172.5364809809
255.48600006103516, 75763.16402547433, 83172.5364809809
255.49500012397766, 75763.16402547433, 83172.5364809809
255.49699997901917, 75763.16402547433, 83166.94376897524
257.32800006866455, 75763.16402547433, 83166.94376897524
257.32800006866455, 75763.16402547433, 83164.87682177247
257.3489999771118, 75763.16402547433, 83161.2977583362
259.2330000400543, 75763.16402547433, 83160.10708233206
259.239000082016, 75763.16402547433, 83160.10708233206
259.24399995803833, 75763.16402547433, 83158.45167569761
259.24900007247925, 75763.16402547433, 83157.22801922282
259.2569999694824, 75763.16402547433, 83157.22801922282
259.2640001773834, 75763.16402547433, 83156.26086012725
259.2740001678467, 75763.16402547433, 83154.9769664388
261.13300013542175, 75763.16402547433, 83154.9769664388
261.1490001678467, 75763.16402547433, 83154.9769664388
261.1600000858307, 75763.16402547433, 83151.17604268837
261.1690001487732, 75763.16402547433, 83151.17604268837
261.1730000972748, 75763.16402547433, 83151.17604268837
261.1730000972748, 75763.16402547433, 83151.17604268837
263.1579999923706, 75763.16402547433, 83149.09659758111
263.164999961853, 75763.16402547433, 83149.09659758111
263.1690001487732, 75763.16402547433, 83149.09659758111
263.172000169754, 75763.16402547433, 83149.09659758111
263.172000169754, 75763.16402547433, 83149.09659758111
263.172000169754, 75763.16402547433, 83149.09659758111
263.19000005722046, 75763.16402547433, 83149.09659758111
263.19000005722046, 75763.16402547433, 83149.09659758111
263.2039999961853, 75763.16402547433, 83140.10238420752
265.164999961853, 75763.16402547433, 83135.31866783169
265.17500019073486, 75763.16402547433, 83133.1218252432
265.18099999427795, 75763.16402547433, 83133.1218252432
265.1879999637604, 75763.16402547433, 83133.1218252432
265.19400000572205, 75763.16402547433, 83133.1218252432
265.19400000572205, 75763.16402547433, 83133.1218252432
265.20800018310547, 75763.16402547433, 83133.1218252432
267.2350001335144, 75763.16402547433, 83133.1218252432
267.2420001029968, 75763.16402547433, 83130.84103130487
267.2480001449585, 75763.16402547433, 83130.66685998357
267.25400018692017, 75763.16402547433, 83130.66685998357
267.26200008392334, 75763.16402547433, 83130.2042899601
267.27100014686584, 75763.16402547433, 83127.17239238742
267.27800011634827, 75763.16402547433, 83127.17239238742
269.0460000038147, 75763.16402547433, 83127.17239238742
269.0460000038147, 75763.16402547433, 83127.17239238742
269.0610001087189, 75763.16402547433, 83127.17239238742
269.0629999637604, 75763.16402547433, 83127.17239238742
269.0789999961853, 75763.16402547433, 83127.17239238742
269.0789999961853, 75763.16402547433, 83127.17239238742
269.0920000076294, 75763.16402547433, 83127.17239238742
271.0160000324249, 75763.16402547433, 83123.98246500846
271.0160000324249, 75763.16402547433, 83123.98246500846
271.0350000858307, 75763.16402547433, 83123.98246500846
271.0380001068115, 75763.16402547433, 83123.98246500846
271.05200004577637, 75763.16402547433, 83123.98246500846
271.05200004577637, 75763.16402547433, 83123.98246500846
273.0390000343323, 75763.16402547433, 83123.98246500846
273.05400013923645, 75763.16402547433, 83119.09226949613
273.05400013923645, 75763.16402547433, 83119.09226949613
273.07100009918213, 75763.16402547433, 83119.09226949613
273.08300018310547, 75763.16402547433, 83119.09226949613
273.095999956131, 75763.16402547433, 83107.96699292741
274.9500000476837, 75763.16402547433, 83107.96699292741
274.9500000476837, 75763.16402547433, 83107.25459170308
274.960000038147, 75763.16402547433, 83107.25459170308
274.96600008010864, 75763.16402547433, 83105.45133539334
274.9720001220703, 75763.16402547433, 83104.09333558673
274.978000164032, 75763.16402547433, 83103.30289583336
274.99000000953674, 75763.16402547433, 83100.78970657721
274.9960000514984, 75763.16402547433, 83100.78970657721
276.8420000076294, 75763.16402547433, 83099.86838923737
276.85000014305115, 75763.16402547433, 83098.18932057686
276.8589999675751, 75763.16402547433, 83098.18932057686
276.8670001029968, 75763.16402547433, 83098.18932057686
278.7300000190735, 75763.16402547433, 83092.30763110764
278.7350001335144, 75763.16402547433, 83092.30763110764
278.7410001754761, 75763.16402547433, 83092.30763110764
278.74399995803833, 75763.16402547433, 83089.70051263752
280.6690001487732, 75763.16402547433, 83088.80348898048
280.6850001811981, 75763.16402547433, 83088.80348898048
282.6100001335144, 75763.16402547433, 83088.80348898048
282.62400007247925, 75763.16402547433, 83080.08891137641
282.6270000934601, 75763.16402547433, 83080.08891137641
282.6270000934601, 75763.16402547433, 83080.08891137641
284.7130000591278, 75763.16402547433, 83072.49450525809
284.7180001735687, 75763.16402547433, 83072.49450525809
284.7220001220703, 75763.16402547433, 83072.49450525809
284.7260000705719, 75763.16402547433, 83072.49450525809
284.7310001850128, 75763.16402547433, 83072.49450525809
284.7369999885559, 75763.16402547433, 83072.49450525809
284.7430000305176, 75763.16402547433, 83072.49450525809
284.74699997901917, 75763.16402547433, 83072.49450525809
284.7520000934601, 75763.16402547433, 83072.49450525809
284.75800013542175, 75763.16402547433, 83065.25468281389
284.7630000114441, 75763.16402547433, 83065.25468281389
284.7669999599457, 75763.16402547433, 83065.25468281389
284.77300000190735, 75763.16402547433, 83065.25468281389
284.77800011634827, 75763.16402547433, 83065.12314616509
284.77999997138977, 75763.16402547433, 83065.12314616509
284.79100012779236, 75763.16402547433, 83059.82906555511
286.83000016212463, 75763.16402547433, 83059.82906555511
286.8359999656677, 75763.16402547433, 83059.82906555511
286.84500002861023, 75763.16402547433, 83058.3371832535
286.8510000705719, 75763.16402547433, 83058.3371832535
288.81700015068054, 75763.16402547433, 83051.16177699588
288.82100009918213, 75763.16402547433, 83051.16177699588
288.82100009918213, 75763.16402547433, 83051.16177699588
288.835000038147, 75763.16402547433, 83045.40359088466
288.8470001220703, 75763.16402547433, 83041.83784476506
290.83899998664856, 75763.16402547433, 83041.83784476506
290.83899998664856, 75763.16402547433, 83041.83784476506
290.8510000705719, 75763.16402547433, 83041.83784476506
290.8670001029968, 75763.16402547433, 83037.98367930169
290.87900018692017, 75763.16402547433, 83036.75639708978
292.79900002479553, 75763.16402547433, 83036.75639708978
292.80599999427795, 75763.16402547433, 83034.80236159368
292.80599999427795, 75763.16402547433, 83034.64518005187
292.80599999427795, 75763.16402547433, 83034.3379513327
294.70800018310547, 75763.16402547433, 83025.29280565296
294.7109999656677, 75763.16402547433, 83025.29280565296
294.7109999656677, 75763.16402547433, 83025.29280565296
294.728000164032, 75763.16402547433, 83025.29280565296
294.73600006103516, 75763.16402547433, 83025.29280565296
294.7420001029968, 75763.16402547433, 83025.29280565296
296.845999956131, 75763.16402547433, 83018.8161378315
296.85400009155273, 75763.16402547433, 83018.8161378315
298.92400002479553, 75763.16402547433, 83014.33025521539
298.9300000667572, 75763.16402547433, 83013.7174756955
298.9360001087189, 75763.16402547433, 83010.82823961967
298.94200015068054, 75763.16402547433, 83010.82823961967
298.94799995422363, 75763.16402547433, 83010.82823961967
298.9539999961853, 75763.16402547433, 83010.82823961967
300.97500014305115, 75763.16402547433, 83009.75429167785
303.1600000858307, 75763.16402547433, 83003.25740916052
303.1640000343323, 75763.16402547433, 83003.25740916052
303.1640000343323, 75763.16402547433, 82998.95198647726
305.17000007629395, 75763.16402547433, 82998.95198647726
305.1890001296997, 75763.16402547433, 82996.0622933788
307.1230001449585, 75763.16402547433, 82996.0622933788
307.1230001449585, 75763.16402547433, 82996.0622933788
307.1230001449585, 75763.16402547433, 82996.0622933788
307.1390001773834, 75763.16402547433, 82996.0622933788
307.143000125885, 75763.16402547433, 82996.0622933788
307.14800000190735, 75763.16402547433, 82996.0622933788
307.15300011634827, 75763.16402547433, 82996.0622933788
307.15700006484985, 75763.16402547433, 82996.0622933788
307.15700006484985, 75763.16402547433, 82996.0622933788
307.15700006484985, 75763.16402547433, 82996.0622933788
307.1730000972748, 75763.16402547433, 82989.50726195233
309.2940001487732, 75763.16402547433, 82986.43880944185
309.29900002479553, 75763.16402547433, 82986.43880944185
309.29900002479553, 75763.16402547433, 82986.43880944185
309.3100001811981, 75763.16402547433, 82978.29383469716
309.3159999847412, 75763.16402547433, 82978.29383469716
309.3159999847412, 75763.16402547433, 82978.29383469716
311.2569999694824, 75763.16402547433, 82974.30071858193
311.26200008392334, 75763.16402547433, 82974.30071858193
311.268000125885, 75763.16402547433, 82972.70918397953
311.279000043869, 75763.16402547433, 82972.70918397953
311.28700017929077, 75763.16402547433, 82972.70918397953
311.3010001182556, 75763.16402547433, 82971.06128175616
313.345999956131, 75763.16402547433, 82971.06128175616
313.35199999809265, 75763.16402547433, 82966.546784106
313.36100006103516, 75763.16402547433, 82966.546784106
315.4320001602173, 75763.16402547433, 82960.95489592853
315.4350001811981, 75763.16402547433, 82960.76268188086
315.4350001811981, 75763.16402547433, 82960.76268188086
315.45300006866455, 75763.16402547433, 82960.76268188086
315.45500016212463, 75763.16402547433, 82960.76268188086
317.5270001888275, 75763.16402547433, 82958.27786087131
317.5270001888275, 75763.16402547433, 82958.27786087131
317.54299998283386, 75763.16402547433, 82958.27786087131
317.54299998283386, 75763.16402547433, 82958.27786087131
317.54299998283386, 75763.16402547433, 82958.27786087131
317.5590000152588, 75763.16402547433, 82958.27786087131
317.5600001811981, 75763.16402547433, 82958.27786087131
317.5600001811981, 75763.16402547433, 82958.27786087131
317.5750000476837, 75763.16402547433, 82953.21945140915
319.5989999771118, 75763.16402547433, 82950.45775090173
319.6080000400543, 75763.16402547433, 82950.45775090173
321.54900002479553, 75763.16402547433, 82950.45775090173
321.5600001811981, 75763.16402547433, 82950.45775090173
321.5680000782013, 75763.16402547433, 82950.45775090173
321.5750000476837, 75763.16402547433, 82950.45775090173
323.5989999771118, 75763.16402547433, 82944.09229333967
323.6050000190735, 75763.16402547433, 82942.30476519204
323.6119999885559, 75763.16402547433, 82942.30476519204
325.7610001564026, 75763.16402547433, 82942.30476519204
325.7699999809265, 75763.16402547433, 82941.1215729676
327.73600006103516, 75763.16402547433, 82930.74873615365
327.74000000953674, 75763.16402547433, 82930.74873615365
327.74000000953674, 75763.16402547433, 82930.35395174375
327.7569999694824, 75763.16402547433, 82930.35395174375
327.7630000114441, 75763.16402547433, 82930.35395174375
327.7810001373291, 75763.16402547433, 82930.1031389708
330.0390000343323, 75763.16402547433, 82924.44387300835
330.05000019073486, 75763.16402547433, 82924.44387300835
330.05000019073486, 75763.16402547433, 82924.44387300835
330.0680000782013, 75763.16402547433, 82924.44387300835
330.0770001411438, 75763.16402547433, 82924.44387300835
330.0840001106262, 75763.16402547433, 82924.44387300835
330.0859999656677, 75763.16402547433, 82924.07589029954
330.1010000705719, 75763.16402547433, 82924.07589029954
332.1630001068115, 75763.16402547433, 82920.35238910119
332.17000007629395, 75763.16402547433, 82920.35238910119
332.172000169754, 75763.16402547433, 82920.35238910119
332.172000169754, 75763.16402547433, 82920.35238910119
332.172000169754, 75763.16402547433, 82920.35238910119
332.1890001296997, 75763.16402547433, 82920.35238910119
332.1890001296997, 75763.16402547433, 82920.35238910119
332.2039999961853, 75763.16402547433, 82920.35238910119
332.2060000896454, 75763.16402547433, 82918.00749855406
334.19900012016296, 75763.16402547433, 82914.61260452398
334.20500016212463, 75763.16402547433, 82914.61260452398
334.210000038147, 75763.16402547433, 82913.29095217657
334.21399998664856, 75763.16402547433, 82913.29095217657
334.22000002861023, 75763.16402547433, 82910.25880931802
336.364000082016, 75763.16402547433, 82907.55564206003
336.37800002098083, 75763.16402547433, 82907.55564206003
336.38499999046326, 75763.16402547433, 82907.55564206003
336.3919999599457, 75763.16402547433, 82907.55564206003
336.4020001888275, 75763.16402547433, 82907.12845617332
338.6560001373291, 75763.16402547433, 82907.12845617332
338.6600000858307, 75763.16402547433, 82907.12845617332
338.6600000858307, 75763.16402547433, 82907.12845617332
338.6600000858307, 75763.16402547433, 82907.12845617332
338.6760001182556, 75763.16402547433, 82907.12845617332
338.6760001182556, 75763.16402547433, 82907.12845617332
338.6760001182556, 75763.16402547433, 82907.12845617332
338.6909999847412, 75763.16402547433, 82907.12845617332
338.6930000782013, 75763.16402547433, 82907.12845617332
338.6930000782013, 75763.16402547433, 82907.12845617332
340.69600009918213, 75763.16402547433, 82907.12845617332
340.71600008010864, 75763.16402547433, 82907.12845617332
340.7190001010895, 75763.16402547433, 82907.12845617332
340.7190001010895, 75763.16402547433, 82907.12845617332
340.7310001850128, 75763.16402547433, 82907.12845617332
340.7310001850128, 75763.16402547433, 82901.15961831505
342.8120000362396, 75763.16402547433, 82892.32126510605
342.8200001716614, 75763.16402547433, 82892.32126510605
342.82800006866455, 75763.16402547433, 82892.1086859495
342.83700013160706, 75763.16402547433, 82892.1086859495
342.8440001010895, 75763.16402547433, 82892.1086859495
342.85000014305115, 75763.16402547433, 82892.1086859495
342.8580000400543, 75763.16402547433, 82892.1086859495
342.8670001029968, 75763.16402547433, 82892.1086859495
342.87400007247925, 75763.16402547433, 82892.1086859495
345.1400001049042, 75763.16402547433, 82890.61427531132
345.1470000743866, 75763.16402547433, 82890.61427531132
345.1560001373291, 75763.16402547433, 82890.61427531132
345.1640000343323, 75763.16402547433, 82890.61427531132
345.1640000343323, 75763.16402547433, 82886.31334736953
345.17900013923645, 75763.16402547433, 82886.31334736953
345.1840000152588, 75763.16402547433, 82881.66902932015
345.1890001296997, 75763.16402547433, 82881.66902932015
347.279000043869, 75763.16402547433, 82881.66902932015
347.279000043869, 75763.16402547433, 82881.66902932015
347.2890000343323, 75763.16402547433, 82881.66902932015
347.297000169754, 75763.16402547433, 82881.66902932015
347.3050000667572, 75763.16402547433, 82876.79477296815
349.50800013542175, 75763.16402547433, 82875.45200401235
349.5140001773834, 75763.16402547433, 82874.57324043248
349.5199999809265, 75763.16402547433, 82873.53879990421
349.52800011634827, 75763.16402547433, 82872.07187106642
349.53700017929077, 75763.16402547433, 82872.07187106642
349.54299998283386, 75763.16402547433, 82872.07187106642
351.6670000553131, 75763.16402547433, 82872.07187106642
351.672000169754, 75763.16402547433, 82872.07187106642
351.67900013923645, 75763.16402547433, 82872.07187106642
353.835000038147, 75763.16402547433, 82867.48631895303
353.84800004959106, 75763.16402547433, 82867.48631895303
353.85199999809265, 75763.16402547433, 82867.48631895303
353.85199999809265, 75763.16402547433, 82867.48631895303
353.8619999885559, 75763.16402547433, 82867.48631895303
353.86899995803833, 75763.16402547433, 82866.5309815542
353.86899995803833, 75763.16402547433, 82866.5309815542
353.87800002098083, 75763.16402547433, 82866.5309815542
353.8860001564026, 75763.16402547433, 82866.5309815542
353.8860001564026, 75763.16402547433, 82866.5309815542
356.04500007629395, 75763.16402547433, 82861.60769877023
356.0480000972748, 75763.16402547433, 82861.60769877023
356.0640001296997, 75763.16402547433, 82857.64322513112
356.07599997520447, 75763.16402547433, 82857.64322513112
356.0880000591278, 75763.16402547433, 82857.64322513112
356.095999956131, 75763.16402547433, 82857.64322513112
356.1060001850128, 75763.16402547433, 82857.63597504377
356.11500000953674, 75763.16402547433, 82857.63597504377
356.125, 75763.16402547433, 82857.63597504377
356.13499999046326, 75763.16402547433, 82857.63597504377
358.2350001335144, 75763.16402547433, 82857.63597504377
358.239000082016, 75763.16402547433, 82857.63597504377
358.239000082016, 75763.16402547433, 82857.63597504377
358.25600004196167, 75763.16402547433, 82855.14168385831
358.25600004196167, 75763.16402547433, 82850.08261623087
360.44900012016296, 75763.16402547433, 82848.22252937591
360.4680001735687, 75763.16402547433, 82848.22252937591
360.4760000705719, 75763.16402547433, 82848.22252937591
360.4800000190735, 75763.16402547433, 82848.22252937591
360.4850001335144, 75763.16402547433, 82848.22252937591
360.4850001335144, 75763.16402547433, 82848.22252937591
360.4850001335144, 75763.16402547433, 82848.22252937591
360.50300002098083, 75763.16402547433, 82844.183134273
360.50800013542175, 75763.16402547433, 82844.183134273
360.5130000114441, 75763.16402547433, 82844.183134273
360.52500009536743, 75763.16402547433, 82839.35892537174
362.6930000782013, 75763.16402547433, 82836.35502049487
362.6930000782013, 75763.16402547433, 82836.35502049487
362.69900012016296, 75763.16402547433, 82836.35502049487
362.70800018310547, 75763.16402547433, 82836.26723049856
364.9320001602173, 75763.16402547433, 82831.79468280998
364.9340000152588, 75763.16402547433, 82831.79468280998
364.9340000152588, 75763.16402547433, 82830.777117762
364.94799995422363, 75763.16402547433, 82828.49789224175
364.95099997520447, 75763.16402547433, 82828.49789224175
367.2130000591278, 75763.16402547433, 82828.49789224175
367.2130000591278, 75763.16402547433, 82828.49789224175
367.2330000400543, 75763.16402547433, 82828.49789224175
367.2330000400543, 75763.16402547433, 82828.49789224175
367.24699997901917, 75763.16402547433, 82828.49789224175
367.25, 75763.16402547433, 82828.49789224175
367.26200008392334, 75763.16402547433, 82814.76723944518
367.268000125885, 75763.16402547433, 82814.76723944518
369.4360001087189, 75763.16402547433, 82813.61920525774
369.45099997520447, 75763.16402547433, 82812.08870029866
369.45300006866455, 75763.16402547433, 82811.09358563689
369.45300006866455, 75763.16402547433, 82811.09358563689
371.5440001487732, 75763.16402547433, 82808.04619217374
371.5610001087189, 75763.16402547433, 82808.04619217374
371.5610001087189, 75763.16402547433, 82808.04619217374
371.57599997520447, 75763.16402547433, 82808.04619217374
371.5840001106262, 75763.16402547433, 82808.04619217374
371.5840001106262, 75763.16402547433, 82808.04619217374
371.5989999771118, 75763.16402547433, 82808.04619217374
371.60400009155273, 75763.16402547433, 82808.04619217374
371.6100001335144, 75763.16402547433, 82808.04619217374
373.8970000743866, 75763.16402547433, 82808.04619217374
373.90300011634827, 75763.16402547433, 82808.04619217374
373.9079999923706, 75763.16402547433, 82808.04619217374
373.9079999923706, 75763.16402547433, 82808.04619217374
373.9079999923706, 75763.16402547433, 82798.99543996513
376.1690001487732, 75763.16402547433, 82797.92394004548
376.1760001182556, 75763.16402547433, 82797.92394004548
376.1850001811981, 75763.16402547433, 82796.54031140958
376.19400000572205, 75763.16402547433, 82796.15367778465
376.19400000572205, 75763.16402547433, 82795.28608456516
376.20700001716614, 75763.16402547433, 82790.7311803047
378.4539999961853, 75763.16402547433, 82790.7311803047
378.4609999656677, 75763.16402547433, 82790.7311803047
378.4739999771118, 75763.16402547433, 82790.7311803047
378.4810001850128, 75763.16402547433, 82790.47126314542
378.48800015449524, 75763.16402547433, 82787.69314483208
378.50100016593933, 75763.16402547433, 82787.69314483208
380.6630001068115, 75763.16402547433, 82787.69314483208
380.6710000038147, 75763.16402547433, 82787.69314483208
380.6710000038147, 75763.16402547433, 82787.69314483208
380.6710000038147, 75763.16402547433, 82787.69314483208
380.6909999847412, 75763.16402547433, 82787.69314483208
380.6930000782013, 75763.16402547433, 82787.69314483208
380.70300006866455, 75763.16402547433, 82787.69314483208
380.70500016212463, 75763.16402547433, 82785.81905281341
380.70500016212463, 75763.16402547433, 82785.25796567787
382.8990001678467, 75763.16402547433, 82785.25796567787
382.8990001678467, 75763.16402547433, 82785.25796567787
382.91600012779236, 75763.16402547433, 82785.25796567787
382.91600012779236, 75763.16402547433, 82785.25796567787
382.93099999427795, 75763.16402547433, 82780.96573976126
385.1760001182556, 75763.16402547433, 82779.01343817278
385.19400000572205, 75763.16402547433, 82779.01343817278
385.19799995422363, 75763.16402547433, 82778.45462416549
385.19799995422363, 75763.16402547433, 82778.45462416549
385.21200013160706, 75763.16402547433, 82778.45462416549
385.21200013160706, 75763.16402547433, 82778.45462416549
385.21200013160706, 75763.16402547433, 82778.45462416549
385.2300000190735, 75763.16402547433, 82776.0612636302
385.23600006103516, 75763.16402547433, 82776.0612636302
385.2410001754761, 75763.16402547433, 82776.0612636302
385.2480001449585, 75763.16402547433, 82776.0612636302
387.35199999809265, 75763.16402547433, 82776.0612636302
387.3580000400543, 75763.16402547433, 82776.0612636302
387.364000082016, 75763.16402547433, 82776.0612636302
387.37000012397766, 75763.16402547433, 82773.74608910753
387.37600016593933, 75763.16402547433, 82773.74608910753
387.3800001144409, 75763.16402547433, 82773.74608910753
387.38300013542175, 75763.16402547433, 82773.74608910753
387.38300013542175, 75763.16402547433, 82773.74608910753
387.38300013542175, 75763.16402547433, 82773.74608910753
387.3990001678467, 75763.16402547433, 82773.74608910753
387.3990001678467, 75763.16402547433, 82773.74608910753
387.3990001678467, 75763.16402547433, 82773.74608910753
387.41600012779236, 75763.16402547433, 82771.60801923227
387.41600012779236, 75763.16402547433, 82771.60801923227
390.2039999961853, 75763.16402547433, 82771.60801923227
390.21200013160706, 75763.16402547433, 82771.48960130368
390.220999956131, 75763.16402547433, 82771.48960130368
390.2310001850128, 75763.16402547433, 82771.48960130368
392.5310001373291, 75763.16402547433, 82771.48960130368
392.5310001373291, 75763.16402547433, 82771.48960130368
392.5460000038147, 75763.16402547433, 82771.48960130368
392.55000019073486, 75763.16402547433, 82771.48960130368
392.55599999427795, 75763.16402547433, 82771.48960130368
392.5629999637604, 75763.16402547433, 82765.03727602227
392.5629999637604, 75763.16402547433, 82765.03727602227
392.57599997520447, 75763.16402547433, 82765.03727602227
392.58000016212463, 75763.16402547433, 82764.67907000317
392.59100008010864, 75763.16402547433, 82764.67907000317
394.67000007629395, 75763.16402547433, 82764.67907000317
394.6840000152588, 75763.16402547433, 82764.67907000317
394.6909999847412, 75763.16402547433, 82764.67907000317
394.6970000267029, 75763.16402547433, 82764.67907000317
394.7039999961853, 75763.16402547433, 82764.67907000317
394.71200013160706, 75763.16402547433, 82764.67907000317
394.71600008010864, 75763.16402547433, 82763.51822208331
394.7190001010895, 75763.16402547433, 82763.51822208331
394.73200011253357, 75763.16402547433, 82762.85058482538
394.73600006103516, 75763.16402547433, 82762.74817590142
394.7480001449585, 75763.16402547433, 82762.74817590142
394.75300002098083, 75763.16402547433, 82762.74817590142
394.75300002098083, 75763.16402547433, 82762.74817590142
394.75300002098083, 75763.16402547433, 82762.74817590142
394.7640001773834, 75763.16402547433, 82762.74817590142
394.7699999809265, 75763.16402547433, 82762.74817590142
396.9279999732971, 75763.16402547433, 82762.74817590142
396.9430000782013, 75763.16402547433, 82760.42728469695
396.9430000782013, 75763.16402547433, 82760.42728469695
396.960000038147, 75763.16402547433, 82760.42728469695
396.96600008010864, 75763.16402547433, 82760.42728469695
396.96600008010864, 75763.16402547433, 82760.42728469695
396.978000164032, 75763.16402547433, 82758.72291517422
399.29100012779236, 75763.16402547433, 82756.53668280876
399.29900002479553, 75763.16402547433, 82756.53668280876
399.3050000667572, 75763.16402547433, 82756.53668280876
399.3100001811981, 75763.16402547433, 82756.53668280876
399.31700015068054, 75763.16402547433, 82756.53668280876
399.32100009918213, 75763.16402547433, 82756.53668280876
399.32599997520447, 75763.16402547433, 82756.53668280876
401.7520000934601, 75763.16402547433, 82756.53668280876
401.76900005340576, 75763.16402547433, 82756.53668280876
401.76900005340576, 75763.16402547433, 82756.53668280876
401.7810001373291, 75763.16402547433, 82756.53668280876
401.78600001335144, 75763.16402547433, 82756.53668280876
401.789999961853, 75763.16402547433, 82756.53668280876
404.029000043869, 75763.16402547433, 82756.53668280876
404.029000043869, 75763.16402547433, 82756.53668280876
404.029000043869, 75763.16402547433, 82756.53668280876
404.0510001182556, 75763.16402547433, 82756.53668280876
404.0570001602173, 75763.16402547433, 82756.53668280876
404.0620000362396, 75763.16402547433, 82756.53668280876
404.0620000362396, 75763.16402547433, 82756.53668280876
404.0770001411438, 75763.16402547433, 82756.53668280876
404.08000016212463, 75763.16402547433, 82756.53668280876
404.08000016212463, 75763.16402547433, 82736.7595300487
404.0930001735687, 75763.16402547433, 82736.7595300487
404.0989999771118, 75763.16402547433, 82736.7595300487
404.10400009155273, 75763.16402547433, 82736.48169520701
406.35199999809265, 75763.16402547433, 82734.7929608522
406.36300015449524, 75763.16402547433, 82731.02130377639
406.3730001449585, 75763.16402547433, 82731.02130377639
406.3819999694824, 75763.16402547433, 82728.4623490149
408.6300001144409, 75763.16402547433, 82727.3319583897
408.643000125885, 75763.16402547433, 82727.3319583897
408.64800000190735, 75763.16402547433, 82727.3319583897
408.65300011634827, 75763.16402547433, 82727.3319583897
408.65900015830994, 75763.16402547433, 82727.3319583897
408.664999961853, 75763.16402547433, 82727.3319583897
408.664999961853, 75763.16402547433, 82727.3319583897
408.664999961853, 75763.16402547433, 82727.3319583897
408.6800000667572, 75763.16402547433, 82727.3319583897
408.68099999427795, 75763.16402547433, 82727.3319583897
408.68099999427795, 75763.16402547433, 82727.3319583897
410.86100006103516, 75763.16402547433, 82724.50284858899
410.86100006103516, 75763.16402547433, 82724.50284858899
410.8770000934601, 75763.16402547433, 82724.50284858899
410.8819999694824, 75763.16402547433, 82724.50284858899
410.88499999046326, 75763.16402547433, 82724.50284858899
410.89400005340576, 75763.16402547433, 82724.50284858899
410.89400005340576, 75763.16402547433, 82724.50284858899
410.89400005340576, 75763.16402547433, 82724.50284858899
410.91100001335144, 75763.16402547433, 82724.50284858899
413.2000000476837, 75763.16402547433, 82724.50284858899
413.21399998664856, 75763.16402547433, 82724.50284858899
413.2170000076294, 75763.16402547433, 82724.50284858899
413.2300000190735, 75763.16402547433, 82724.50284858899
413.2339999675751, 75763.16402547433, 82717.10300700883
413.2339999675751, 75763.16402547433, 82716.26516819898
413.2460000514984, 75763.16402547433, 82715.17756701169
413.25100016593933, 75763.16402547433, 82715.17756701169
415.58000016212463, 75763.16402547433, 82712.42065384898
415.595999956131, 75763.16402547433, 82712.42065384898
415.5970001220703, 75763.16402547433, 82712.42065384898
415.5970001220703, 75763.16402547433, 82712.42065384898
415.61300015449524, 75763.16402547433, 82712.42065384898
415.6180000305176, 75763.16402547433, 82710.85736029885
415.6180000305176, 75763.16402547433, 82710.85736029885
415.6300001144409, 75763.16402547433, 82710.85736029885
415.6360001564026, 75763.16402547433, 82710.1444352424
415.6419999599457, 75763.16402547433, 82710.1444352424
415.64800000190735, 75763.16402547433, 82710.1444352424
415.65300011634827, 75763.16402547433, 82710.1444352424
415.6579999923706, 75763.16402547433, 82710.1444352424
415.6640000343323, 75763.16402547433, 82708.93024899696
415.672000169754, 75763.16402547433, 82703.88359106822
415.67700004577637, 75763.16402547433, 82703.88359106822
418.0480000972748, 75763.16402547433, 82702.17335362949
418.0480000972748, 75763.16402547433, 82702.17335362949
418.0610001087189, 75763.16402547433, 82702.17335362949
418.06500005722046, 75763.16402547433, 82702.17335362949
418.07100009918213, 75763.16402547433, 82702.17335362949
418.07800006866455, 75763.16402547433, 82700.36085337606
418.0859999656677, 75763.16402547433, 82700.34983856951
418.09100008010864, 75763.16402547433, 82700.34983856951
418.09500002861023, 75763.16402547433, 82700.34983856951
420.4910001754761, 75763.16402547433, 82695.99844835482
420.50100016593933, 75763.16402547433, 82695.99844835482
420.5090000629425, 75763.16402547433, 82695.99844835482
420.518000125885, 75763.16402547433, 82693.8479858977
420.518000125885, 75763.16402547433, 82693.8479858977
422.81500005722046, 75763.16402547433, 82693.68777670761
422.8220000267029, 75763.16402547433, 82693.68777670761
422.8270001411438, 75763.16402547433, 82693.68777670761
422.8270001411438, 75763.16402547433, 82693.68777670761
422.83899998664856, 75763.16402547433, 82692.52702737182
422.8430001735687, 75763.16402547433, 82692.52702737182
422.8430001735687, 75763.16402547433, 82692.52702737182
422.8560001850128, 75763.16402547433, 82687.42807028879
425.2039999961853, 75763.16402547433, 82687.32871535067
427.6170001029968, 75763.16402547433, 82683.08592949474
427.6170001029968, 75763.16402547433, 82682.39197361407
427.6300001144409, 75763.16402547433, 82682.39197361407
427.6360001564026, 75763.16402547433, 82682.39197361407
427.6419999599457, 75763.16402547433, 82682.39197361407
427.6470000743866, 75763.16402547433, 82682.39197361407
429.87900018692017, 75763.16402547433, 82679.24874462375
429.87900018692017, 75763.16402547433, 82679.24874462375
429.87900018692017, 75763.16402547433, 82679.24874462375
429.8949999809265, 75763.16402547433, 82679.24874462375
429.8949999809265, 75763.16402547433, 82679.24874462375
429.8949999809265, 75763.16402547433, 82676.38452909383
429.91100001335144, 75763.16402547433, 82676.38452909383
429.91100001335144, 75763.16402547433, 82676.38452909383
432.3310000896454, 75763.16402547433, 82674.85411553632
432.33700013160706, 75763.16402547433, 82674.85411553632
432.3400001525879, 75763.16402547433, 82671.87014767887
434.53400015830994, 75763.16402547433, 82668.165425449
434.53400015830994, 75763.16402547433, 82668.165425449
434.55000019073486, 75763.16402547433, 82668.165425449
434.55000019073486, 75763.16402547433, 82668.165425449
434.55000019073486, 75763.16402547433, 82667.52875626404
434.56700015068054, 75763.16402547433, 82666.72229247757
434.56700015068054, 75763.16402547433, 82666.72229247757
434.56700015068054, 75763.16402547433, 82666.72229247757
434.5840001106262, 75763.16402547433, 82666.55871469114
434.5840001106262, 75763.16402547433, 82666.55871469114
437.0610001087189, 75763.16402547433, 82664.84526002902
437.0750000476837, 75763.16402547433, 82664.84526002902
437.08000016212463, 75763.16402547433, 82664.84526002902
437.08200001716614, 75763.16402547433, 82663.63749053841
437.08200001716614, 75763.16402547433, 82663.19393490296
437.09800004959106, 75763.16402547433, 82662.85537239314
437.09800004959106, 75763.16402547433, 82661.10823233082
437.09800004959106, 75763.16402547433, 82661.10823233082
437.11300015449524, 75763.16402547433, 82661.10823233082
437.1180000305176, 75763.16402547433, 82661.10823233082
439.4340000152588, 75763.16402547433, 82658.34739417165
439.4390001296997, 75763.16402547433, 82658.34739417165
439.4430000782013, 75763.16402547433, 82658.34739417165
439.44900012016296, 75763.16402547433, 82658.34739417165
439.45300006866455, 75763.16402547433, 82658.34739417165
439.460000038147, 75763.16402547433, 82657.9560567475
439.46600008010864, 75763.16402547433, 82657.53720044886
439.470999956131, 75763.16402547433, 82657.53720044886
439.47699999809265, 75763.16402547433, 82657.53720044886
439.4830000400543, 75763.16402547433, 82657.53720044886
439.48800015449524, 75763.16402547433, 82657.53720044886
439.49399995803833, 75763.16402547433, 82657.53720044886
441.7669999599457, 75763.16402547433, 82656.6012011048
441.7669999599457, 75763.16402547433, 82656.6012011048
441.78700017929077, 75763.16402547433, 82656.6012011048
441.79100012779236, 75763.16402547433, 82656.6012011048
441.79100012779236, 75763.16402547433, 82656.6012011048
441.80400013923645, 75763.16402547433, 82656.6012011048
441.80400013923645, 75763.16402547433, 82655.37326142442
441.8180000782013, 75763.16402547433, 82655.37326142442
441.8250000476837, 75763.16402547433, 82655.37326142442
441.83300018310547, 75763.16402547433, 82655.37326142442
444.26200008392334, 75763.16402547433, 82655.37326142442
444.2699999809265, 75763.16402547433, 82655.37326142442
446.65300011634827, 75763.16402547433, 82655.37326142442
446.66200017929077, 75763.16402547433, 82655.37326142442
446.6670000553131, 75763.16402547433, 82648.02089410079
446.6670000553131, 75763.16402547433, 82647.40808831126
446.6870000362396, 75763.16402547433, 82647.40808831126
449.1340000629425, 75763.16402547433, 82647.40808831126
449.1449999809265, 75763.16402547433, 82645.6405168418
451.3770000934601, 75763.16402547433, 82638.40315994463
451.38300013542175, 75763.16402547433, 82638.40315994463
453.85400009155273, 75763.16402547433, 82631.87009381072
453.8600001335144, 75763.16402547433, 82631.87009381072
453.8680000305176, 75763.16402547433, 82631.87009381072
453.87199997901917, 75763.16402547433, 82631.87009381072
456.25800013542175, 75763.16402547433, 82628.64972869334
456.2740001678467, 75763.16402547433, 82628.64972869334
456.279000043869, 75763.16402547433, 82628.64972869334
456.279000043869, 75763.16402547433, 82627.3030758729
456.29500007629395, 75763.16402547433, 82627.3030758729
456.3010001182556, 75763.16402547433, 82627.3030758729
456.3070001602173, 75763.16402547433, 82627.3030758729
456.3120000362396, 75763.16402547433, 82627.22271642357
456.31900000572205, 75763.16402547433, 82623.52444908106
456.3250000476837, 75763.16402547433, 82623.52444908106
456.32800006866455, 75763.16402547433, 82621.26495777213
458.6600000858307, 75763.16402547433, 82620.97191800055
458.6760001182556, 75763.16402547433, 82620.97191800055
458.6760001182556, 75763.16402547433, 82619.69971153964
458.6890001296997, 75763.16402547433, 82616.12293467863
458.69600009918213, 75763.16402547433, 82616.12293467863
461.09800004959106, 75763.16402547433, 82612.19549875116
461.09800004959106, 75763.16402547433, 82612.19549875116
461.11500000953674, 75763.16402547433, 82612.19549875116
461.1170001029968, 75763.16402547433, 82611.87486373194
461.1170001029968, 75763.16402547433, 82611.87486373194
461.1340000629425, 75763.16402547433, 82611.87486373194
461.1470000743866, 75763.16402547433, 82611.87486373194
461.1520001888275, 75763.16402547433, 82611.87486373194
461.1579999923706, 75763.16402547433, 82611.87486373194
463.44799995422363, 75763.16402547433, 82611.87486373194
463.45500016212463, 75763.16402547433, 82609.68589327182
463.460000038147, 75763.16402547433, 82609.68589327182
463.46600008010864, 75763.16402547433, 82609.68589327182
463.4720001220703, 75763.16402547433, 82609.23420882037
465.90700006484985, 75763.16402547433, 82606.86349001684
465.9190001487732, 75763.16402547433, 82606.86349001684
465.92500019073486, 75763.16402547433, 82606.86349001684
465.9300000667572, 75763.16402547433, 82606.86349001684
465.9340000152588, 75763.16402547433, 82606.86349001684
465.9370000362396, 75763.16402547433, 82606.86349001684
468.2660000324249, 75763.16402547433, 82601.91688892548
468.2660000324249, 75763.16402547433, 82601.42850000877
468.27999997138977, 75763.16402547433, 82601.42850000877
468.2829999923706, 75763.16402547433, 82601.42850000877
468.2829999923706, 75763.16402547433, 82601.42850000877
468.2960000038147, 75763.16402547433, 82601.42850000877
468.29900002479553, 75763.16402547433, 82601.42850000877
468.29900002479553, 75763.16402547433, 82601.42850000877
468.3110001087189, 75763.16402547433, 82601.42850000877
468.3159999847412, 75763.16402547433, 82601.42850000877
468.3159999847412, 75763.16402547433, 82599.81339795192
468.33300018310547, 75763.16402547433, 82599.81339795192
470.768000125885, 75763.16402547433, 82599.81339795192
470.77999997138977, 75763.16402547433, 82599.81339795192
470.78200006484985, 75763.16402547433, 82599.81339795192
470.78200006484985, 75763.16402547433, 82594.92208072005
470.7980000972748, 75763.16402547433, 82594.92208072005
473.33200001716614, 75763.16402547433, 82594.92208072005
473.33200001716614, 75763.16402547433, 82594.92208072005
473.34800004959106, 75763.16402547433, 82594.92208072005
473.34800004959106, 75763.16402547433, 82594.92208072005
473.36300015449524, 75763.16402547433, 82594.92208072005
473.37000012397766, 75763.16402547433, 82594.92208072005
473.37800002098083, 75763.16402547433, 82594.59943004623
475.66100001335144, 75763.16402547433, 82594.59943004623
475.6760001182556, 75763.16402547433, 82593.91761885826
475.6760001182556, 75763.16402547433, 82593.91761885826
475.6970000267029, 75763.16402547433, 82593.91761885826
475.70300006866455, 75763.16402547433, 82593.91761885826
475.70800018310547, 75763.16402547433, 82593.91761885826
475.71200013160706, 75763.16402547433, 82593.91761885826
475.71200013160706, 75763.16402547433, 82593.91761885826
475.71200013160706, 75763.16402547433, 82593.91761885826
475.728000164032, 75763.16402547433, 82593.91761885826
475.739000082016, 75763.16402547433, 82593.91761885826
478.2569999694824, 75763.16402547433, 82593.91761885826
478.2569999694824, 75763.16402547433, 82593.91761885826
478.268000125885, 75763.16402547433, 82590.02228439663
478.2740001678467, 75763.16402547433, 82585.62897918283
480.7980000972748, 75763.16402547433, 82584.4104074529
480.8070001602173, 75763.16402547433, 82584.4104074529
480.8140001296997, 75763.16402547433, 82582.21246958736
480.8220000267029, 75763.16402547433, 82582.21246958736
480.8220000267029, 75763.16402547433, 82579.3340201543
483.2699999809265, 75763.16402547433, 82578.26634634199
483.2760000228882, 75763.16402547433, 82578.26634634199
483.28400015830994, 75763.16402547433, 82576.56372961207
483.3029999732971, 75763.16402547433, 82576.56372961207
483.3140001296997, 75763.16402547433, 82576.56372961207
485.82400012016296, 75763.16402547433, 82575.33812491971
485.8310000896454, 75763.16402547433, 82575.33812491971
485.84800004959106, 75763.16402547433, 82575.33812491971
485.8510000705719, 75763.16402547433, 82575.33812491971
488.19600009918213, 75763.16402547433, 82570.58722862382
488.19600009918213, 75763.16402547433, 82570.58722862382
488.2090001106262, 75763.16402547433, 82570.58722862382
488.21200013160706, 75763.16402547433, 82570.58722862382
488.21600008010864, 75763.16402547433, 82568.43179523364
488.22000002861023, 75763.16402547433, 82568.01027291024
488.2310001850128, 75763.16402547433, 82563.95963308506
490.74500012397766, 75763.16402547433, 82563.95963308506
490.7590000629425, 75763.16402547433, 82563.76706585531
490.7650001049042, 75763.16402547433, 82563.76706585531
490.7650001049042, 75763.16402547433, 82563.76706585531
493.1930000782013, 75763.16402547433, 82561.54411736998
493.1930000782013, 75763.16402547433, 82561.54411736998
493.210000038147, 75763.16402547433, 82561.54411736998
495.75400018692017, 75763.16402547433, 82559.15297797683
495.7590000629425, 75763.16402547433, 82559.15297797683
495.7640001773834, 75763.16402547433, 82559.15297797683
495.7720000743866, 75763.16402547433, 82557.72812417385
498.0160000324249, 75763.16402547433, 82557.72812417385
498.0160000324249, 75763.16402547433, 82557.72812417385
498.0310001373291, 75763.16402547433, 82557.72812417385
498.03600001335144, 75763.16402547433, 82557.72812417385
500.44600009918213, 75763.16402547433, 82554.74502108409
500.4590001106262, 75763.16402547433, 82554.74502108409
500.4680001735687, 75763.16402547433, 82554.74502108409
500.478000164032, 75763.16402547433, 82554.74502108409
500.4850001335144, 75763.16402547433, 82554.74502108409
500.4910001754761, 75763.16402547433, 82554.74502108409
500.49900007247925, 75763.16402547433, 82554.74502108409
500.50800013542175, 75763.16402547433, 82554.74502108409
500.5160000324249, 75763.16402547433, 82554.74502108409
503.0930001735687, 75763.16402547433, 82554.74502108409
503.1050000190735, 75763.16402547433, 82554.74502108409
503.1100001335144, 75763.16402547433, 82554.74502108409
503.11899995803833, 75763.16402547433, 82554.74502108409
503.125, 75763.16402547433, 82554.74502108409
503.13300013542175, 75763.16402547433, 82554.74502108409
503.1410000324249, 75763.16402547433, 82554.74502108409
503.14600014686584, 75763.16402547433, 82554.74502108409
503.1510000228882, 75763.16402547433, 82554.74502108409
503.15700006484985, 75763.16402547433, 82554.74502108409
505.70800018310547, 75763.16402547433, 82554.74502108409
505.70800018310547, 75763.16402547433, 82554.74502108409
505.7260000705719, 75763.16402547433, 82554.74502108409
505.7260000705719, 75763.16402547433, 82548.65442978479
505.739000082016, 75763.16402547433, 82548.65442978479
505.7430000305176, 75763.16402547433, 82548.65442978479
508.39400005340576, 75763.16402547433, 82541.52890595554
508.40000009536743, 75763.16402547433, 82541.52890595554
508.4060001373291, 75763.16402547433, 82541.52890595554
508.4100000858307, 75763.16402547433, 82541.52890595554
508.4140000343323, 75763.16402547433, 82541.52890595554
508.42000007629395, 75763.16402547433, 82541.52890595554
508.42700004577637, 75763.16402547433, 82539.14427294488
508.43300008773804, 75763.16402547433, 82539.14427294488
508.4390001296997, 75763.16402547433, 82537.11905715664
510.8910000324249, 75763.16402547433, 82535.56429679281
510.90000009536743, 75763.16402547433, 82534.07535247061
513.4450001716614, 75763.16402547433, 82527.82422952757
513.4530000686646, 75763.16402547433, 82525.83783240449
513.462000131607, 75763.16402547433, 82525.82220037738
513.470999956131, 75763.16402547433, 82525.82220037738
516.1060001850128, 75763.16402547433, 82524.44235698163
516.1060001850128, 75763.16402547433, 82524.44235698163
516.1260001659393, 75763.16402547433, 82524.44235698163
516.1260001659393, 75763.16402547433, 82523.61411938252
516.1419999599457, 75763.16402547433, 82523.61411938252
516.1419999599457, 75763.16402547433, 82523.54952723131
516.1590001583099, 75763.16402547433, 82523.31471630656
516.1660001277924, 75763.16402547433, 82520.18401108656
516.172000169754, 75763.16402547433, 82520.18401108656
518.7450001239777, 75763.16402547433, 82520.1690707142
518.7640001773834, 75763.16402547433, 82519.2388991931
518.7720000743866, 75763.16402547433, 82519.2388991931
518.779000043869, 75763.16402547433, 82519.2388991931
518.7850000858307, 75763.16402547433, 82519.18618111596
518.7920000553131, 75763.16402547433, 82519.18618111596
518.7960000038147, 75763.16402547433, 82519.18618111596
518.8040001392365, 75763.16402547433, 82519.04582285788
518.8129999637604, 75763.16402547433, 82519.04582285788
518.8210000991821, 75763.16402547433, 82517.81101618541
518.8300001621246, 75763.16402547433, 82517.81101618541
518.837000131607, 75763.16402547433, 82517.81101618541
521.3170001506805, 75763.16402547433, 82515.4695159847
521.3289999961853, 75763.16402547433, 82515.13107911266
521.3300001621246, 75763.16402547433, 82515.13107911266
521.3430001735687, 75763.16402547433, 82515.13107911266
521.3430001735687, 75763.16402547433, 82514.24135979198
521.3430001735687, 75763.16402547433, 82514.24135979198
521.364000082016, 75763.16402547433, 82514.12043841007
521.3689999580383, 75763.16402547433, 82513.48291580316
521.3780000209808, 75763.16402547433, 82513.11805202274
521.3840000629425, 75763.16402547433, 82513.11805202274
523.8589999675751, 75763.16402547433, 82513.11805202274
523.8650000095367, 75763.16402547433, 82513.11805202274
523.8650000095367, 75763.16402547433, 82513.11805202274
523.8830001354218, 75763.16402547433, 82513.11805202274
523.8890001773834, 75763.16402547433, 82513.11805202274
523.8940000534058, 75763.16402547433, 82513.08858853787
523.8940000534058, 75763.16402547433, 82513.08858853787
523.8940000534058, 75763.16402547433, 82512.84732374724
523.9170000553131, 75763.16402547433, 82512.84732374724
526.460000038147, 75763.16402547433, 82512.84732374724
526.4680001735687, 75763.16402547433, 82512.84732374724
526.4739999771118, 75763.16402547433, 82512.84732374724
526.4820001125336, 75763.16402547433, 82512.84732374724
526.4869999885559, 75763.16402547433, 82512.84732374724
526.4969999790192, 75763.16402547433, 82512.84732374724
526.4990000724792, 75763.16402547433, 82512.84732374724
526.5130000114441, 75763.16402547433, 82512.84732374724
526.5130000114441, 75763.16402547433, 82512.84732374724
526.5130000114441, 75763.16402547433, 82510.82530813086
526.5310001373291, 75763.16402547433, 82510.82530813086
526.5370001792908, 75763.16402547433, 82510.82530813086
526.5429999828339, 75763.16402547433, 82510.82530813086
526.5480000972748, 75763.16402547433, 82508.89801160485
526.5529999732971, 75763.16402547433, 82508.89801160485
526.5570001602173, 75763.16402547433, 82508.89801160485
529.1770000457764, 75763.16402547433, 82506.98238795224
529.194000005722, 75763.16402547433, 82506.98238795224
529.194000005722, 75763.16402547433, 82506.98238795224
529.194000005722, 75763.16402547433, 82506.98238795224
529.2090001106262, 75763.16402547433, 82506.98238795224
529.2109999656677, 75763.16402547433, 82506.98238795224
531.8810000419617, 75763.16402547433, 82505.33431792272
531.8810000419617, 75763.16402547433, 82505.33431792272
531.9000000953674, 75763.16402547433, 82502.9284312658
531.9060001373291, 75763.16402547433, 82502.9284312658
534.5150001049042, 75763.16402547433, 82500.91118871068
534.5150001049042, 75763.16402547433, 82500.28698326486
534.5340001583099, 75763.16402547433, 82497.48782807706
534.5410001277924, 75763.16402547433, 82497.48782807706
534.5460000038147, 75763.16402547433, 82497.48782807706
534.547000169754, 75763.16402547433, 82497.48782807706
534.547000169754, 75763.16402547433, 82497.48782807706
534.5570001602173, 75763.16402547433, 82497.48782807706
537.2540001869202, 75763.16402547433, 82496.42332794933
537.2540001869202, 75763.16402547433, 82494.01843042338
537.2690000534058, 75763.16402547433, 82494.01843042338
537.2720000743866, 75763.16402547433, 82494.01843042338
537.2720000743866, 75763.16402547433, 82494.01843042338
537.2870001792908, 75763.16402547433, 82494.01843042338
539.9800000190735, 75763.16402547433, 82489.69413070912
539.9839999675751, 75763.16402547433, 82489.69413070912
542.5720000267029, 75763.16402547433, 82484.83332366218
545.2610001564026, 75763.16402547433, 82481.4088545362
545.2690000534058, 75763.16402547433, 82480.1002639138
545.2760000228882, 75763.16402547433, 82480.1002639138
547.9010000228882, 75763.16402547433, 82480.1002639138
547.9079999923706, 75763.16402547433, 82480.1002639138
547.9179999828339, 75763.16402547433, 82475.4957255966
547.9260001182556, 75763.16402547433, 82475.4957255966
547.9320001602173, 75763.16402547433, 82475.4957255966
547.9379999637604, 75763.16402547433, 82475.4957255966
547.9430000782013, 75763.16402547433, 82475.4957255966
547.9460000991821, 75763.16402547433, 82475.4957255966
547.9460000991821, 75763.16402547433, 82475.4957255966
547.9650001525879, 75763.16402547433, 82475.4957255966
550.5120000839233, 75763.16402547433, 82466.93005467593
553.0900001525879, 75763.16402547433, 82466.93005467593
555.6219999790192, 75763.16402547433, 82460.9512438131
555.6310000419617, 75763.16402547433, 82460.9512438131
555.6370000839233, 75763.16402547433, 82460.9512438131
555.6460001468658, 75763.16402547433, 82460.9512438131
555.6490001678467, 75763.16402547433, 82460.9512438131
555.6600000858307, 75763.16402547433, 82459.08312480726
555.6600000858307, 75763.16402547433, 82459.08312480726
555.6740000247955, 75763.16402547433, 82459.08312480726
558.4030001163483, 75763.16402547433, 82459.08312480726
558.4110000133514, 75763.16402547433, 82455.22481958945
558.4160001277924, 75763.16402547433, 82455.22481958945
558.420000076294, 75763.16402547433, 82455.22481958945
558.4250001907349, 75763.16402547433, 82455.22481958945
558.4290001392365, 75763.16402547433, 82455.22481958945
558.4350001811981, 75763.16402547433, 82455.22481958945
561.2650001049042, 75763.16402547433, 82452.02345344452
561.2799999713898, 75763.16402547433, 82452.02345344452
561.2840001583099, 75763.16402547433, 82450.43697585462
563.9340000152588, 75763.16402547433, 82449.04095812449
563.9390001296997, 75763.16402547433, 82449.04095812449
563.9450001716614, 75763.16402547433, 82447.1398557711
563.9509999752045, 75763.16402547433, 82447.1398557711
563.9570000171661, 75763.16402547433, 82447.1398557711
563.9630000591278, 75763.16402547433, 82447.1398557711
563.970999956131, 75763.16402547433, 82447.1398557711
563.970999956131, 75763.16402547433, 82444.60112942067
566.7610001564026, 75763.16402547433, 82442.08093913097
566.7720000743866, 75763.16402547433, 82442.08093913097
566.779000043869, 75763.16402547433, 82442.08093913097
566.7870001792908, 75763.16402547433, 82442.08093913097
566.7880001068115, 75763.16402547433, 82442.08093913097
566.8000001907349, 75763.16402547433, 82442.08093913097
566.805999994278, 75763.16402547433, 82442.08093913097
566.805999994278, 75763.16402547433, 82442.08093913097
566.819000005722, 75763.16402547433, 82442.08093913097
566.8270001411438, 75763.16402547433, 82440.83750627031
569.444000005722, 75763.16402547433, 82440.83750627031
569.449000120163, 75763.16402547433, 82440.83750627031
569.4550001621246, 75763.16402547433, 82437.27683910649
569.4560000896454, 75763.16402547433, 82437.27683910649
569.4560000896454, 75763.16402547433, 82434.24222371858
569.4730000495911, 75763.16402547433, 82434.24222371858
569.4760000705719, 75763.16402547433, 82433.29431090869
569.4760000705719, 75763.16402547433, 82433.29431090869
569.4900000095367, 75763.16402547433, 82432.61175660722
572.2710001468658, 75763.16402547433, 82432.61175660722
572.2780001163483, 75763.16402547433, 82432.61175660722
572.2780001163483, 75763.16402547433, 82432.61175660722
572.2890000343323, 75763.16402547433, 82432.61175660722
572.2960000038147, 75763.16402547433, 82432.61175660722
572.2990000247955, 75763.16402547433, 82429.2067291494
572.3120000362396, 75763.16402547433, 82423.72710682111
572.3129999637604, 75763.16402547433, 82423.72710682111
572.3129999637604, 75763.16402547433, 82423.72710682111
572.3129999637604, 75763.16402547433, 82423.72710682111
572.3300001621246, 75763.16402547433, 82423.72710682111
572.335000038147, 75763.16402547433, 82423.72710682111
572.3389999866486, 75763.16402547433, 82423.72710682111
574.8860001564026, 75763.16402547433, 82423.5366341076
574.8940000534058, 75763.16402547433, 82423.5366341076
574.9010000228882, 75763.16402547433, 82423.5366341076
574.9110000133514, 75763.16402547433, 82423.5366341076
577.4790000915527, 75763.16402547433, 82419.87572940577
577.4820001125336, 75763.16402547433, 82419.87572940577
577.4980001449585, 75763.16402547433, 82419.87572940577
577.5099999904633, 75763.16402547433, 82418.73428275809
580.2310001850128, 75763.16402547433, 82418.69320742575
580.2400000095367, 75763.16402547433, 82418.69320742575
580.2460000514984, 75763.16402547433, 82418.69320742575
580.2560000419617, 75763.16402547433, 82418.69320742575
580.2630000114441, 75763.16402547433, 82418.69320742575
580.2630000114441, 75763.16402547433, 82418.69320742575
582.9850001335144, 75763.16402547433, 82416.52576391192
582.9920001029968, 75763.16402547433, 82416.52576391192
582.9990000724792, 75763.16402547433, 82416.52576391192
583.0060000419617, 75763.16402547433, 82416.52576391192
583.0140001773834, 75763.16402547433, 82416.52576391192
583.0199999809265, 75763.16402547433, 82416.52576391192
583.0260000228882, 75763.16402547433, 82416.52576391192
583.0270001888275, 75763.16402547433, 82416.52576391192
583.0270001888275, 75763.16402547433, 82416.52576391192
585.6620001792908, 75763.16402547433, 82416.29596762457
585.6660001277924, 75763.16402547433, 82416.29596762457
585.680999994278, 75763.16402547433, 82416.29596762457
585.6870000362396, 75763.16402547433, 82412.80830880962
585.6979999542236, 75763.16402547433, 82411.25750187607
585.6979999542236, 75763.16402547433, 82411.25750187607
585.7130000591278, 75763.16402547433, 82411.25750187607
585.7180001735687, 75763.16402547433, 82411.25750187607
585.7230000495911, 75763.16402547433, 82410.69339769389
585.728000164032, 75763.16402547433, 82410.69339769389
585.7360000610352, 75763.16402547433, 82410.44165612827
585.7420001029968, 75763.16402547433, 82410.44165612827
588.3110001087189, 75763.16402547433, 82408.51492750266
588.319000005722, 75763.16402547433, 82408.51492750266
588.319000005722, 75763.16402547433, 82408.51492750266
588.3300001621246, 75763.16402547433, 82406.66524415887
590.8470001220703, 75763.16402547433, 82406.66524415887
590.864000082016, 75763.16402547433, 82406.66524415887
590.8700001239777, 75763.16402547433, 82406.66524415887
590.8780000209808, 75763.16402547433, 82406.66524415887
593.7730000019073, 75763.16402547433, 82404.68522755348
593.7820000648499, 75763.16402547433, 82404.68522755348
593.789999961853, 75763.16402547433, 82404.68522755348
593.7980000972748, 75763.16402547433, 82402.91459729939
593.8050000667572, 75763.16402547433, 82402.91459729939
593.8120000362396, 75763.16402547433, 82402.38256903643
596.4060001373291, 75763.16402547433, 82402.38256903643
596.4240000247955, 75763.16402547433, 82402.38256903643
596.4290001392365, 75763.16402547433, 82402.38256903643
596.4290001392365, 75763.16402547433, 82399.87592056706
596.4420001506805, 75763.16402547433, 82399.87592056706
596.4420001506805, 75763.16402547433, 82399.87592056706
596.4420001506805, 75763.16402547433, 82399.87592056706
596.4609999656677, 75763.16402547433, 82399.87592056706
596.4730000495911, 75763.16402547433, 82399.87592056706
596.4790000915527, 75763.16402547433, 82399.87592056706
596.4939999580383, 75763.16402547433, 82399.87592056706
596.5, 75763.16402547433, 82399.87592056706
596.5080001354218, 75763.16402547433, 82399.87592056706
596.5080001354218, 75763.16402547433, 82399.87592056706
596.5080001354218, 75763.16402547433, 82399.87592056706
599.1400001049042, 75763.16402547433, 82397.56237294056
599.1460001468658, 75763.16402547433, 82397.56237294056
599.154000043869, 75763.16402547433, 82397.56237294056
599.1560001373291, 75763.16402547433, 82395.89668335352
601.7920000553131, 75763.16402547433, 82393.71966518485
601.8110001087189, 75763.16402547433, 82393.71966518485
601.8150000572205, 75763.16402547433, 82393.71966518485
601.8229999542236, 75763.16402547433, 82393.71966518485
601.8300001621246, 75763.16402547433, 82393.71966518485
601.8359999656677, 75763.16402547433, 82393.71966518485
601.8420000076294, 75763.16402547433, 82393.71966518485
604.5429999828339, 75763.16402547433, 82392.70159539535
604.5429999828339, 75763.16402547433, 82392.70159539535
604.5590000152588, 75763.16402547433, 82392.70159539535
604.5650000572205, 75763.16402547433, 82392.70159539535
604.5650000572205, 75763.16402547433, 82392.70159539535
604.5759999752045, 75763.16402547433, 82389.7654440786
607.3259999752045, 75763.16402547433, 82389.7654440786
607.3380000591278, 75763.16402547433, 82389.7654440786
607.3400001525879, 75763.16402547433, 82389.7654440786
607.3570001125336, 75763.16402547433, 82389.7654440786
607.3650000095367, 75763.16402547433, 82385.428657974
610.324000120163, 75763.16402547433, 82381.53887588363
610.3389999866486, 75763.16402547433, 82381.53887588363
610.3440001010895, 75763.16402547433, 82381.53887588363
610.3440001010895, 75763.16402547433, 82380.92974199273
610.3440001010895, 75763.16402547433, 82380.92974199273
610.3589999675751, 75763.16402547433, 82380.92974199273
610.3589999675751, 75763.16402547433, 82376.85359268654
613.1620001792908, 75763.16402547433, 82376.85359268654
613.1730000972748, 75763.16402547433, 82376.85359268654
613.1779999732971, 75763.16402547433, 82376.85359268654
613.183000087738, 75763.16402547433, 82376.85359268654
613.1870000362396, 75763.16402547433, 82376.85359268654
613.194000005722, 75763.16402547433, 82376.85359268654
613.2000000476837, 75763.16402547433, 82376.85359268654
613.2060000896454, 75763.16402547433, 82376.85359268654
613.212000131607, 75763.16402547433, 82376.85359268654
613.2170000076294, 75763.16402547433, 82376.85359268654
613.220999956131, 75763.16402547433, 82376.85359268654
613.2260000705719, 75763.16402547433, 82374.60363931583
613.2339999675751, 75763.16402547433, 82374.60363931583
615.8870000839233, 75763.16402547433, 82374.60363931583
615.8870000839233, 75763.16402547433, 82374.60363931583
615.9030001163483, 75763.16402547433, 82374.60363931583
615.9100000858307, 75763.16402547433, 82374.60363931583
615.9170000553131, 75763.16402547433, 82374.60363931583
615.9230000972748, 75763.16402547433, 82374.00742623313
615.9230000972748, 75763.16402547433, 82374.00742623313
615.9420001506805, 75763.16402547433, 82374.00742623313
615.9470000267029, 75763.16402547433, 82374.00742623313
615.9520001411438, 75763.16402547433, 82374.00742623313
615.9590001106262, 75763.16402547433, 82374.00742623313
618.7540001869202, 75763.16402547433, 82373.7232053266
618.7560000419617, 75763.16402547433, 82373.7232053266
618.7560000419617, 75763.16402547433, 82373.7232053266
618.7730000019073, 75763.16402547433, 82373.7232053266
618.7730000019073, 75763.16402547433, 82373.7232053266
618.7730000019073, 75763.16402547433, 82373.7232053266
618.789999961853, 75763.16402547433, 82373.7232053266
618.789999961853, 75763.16402547433, 82369.40122930155
618.8040001392365, 75763.16402547433, 82369.40122930155
618.8110001087189, 75763.16402547433, 82367.97474763097
618.8150000572205, 75763.16402547433, 82367.97474763097
618.8210000991821, 75763.16402547433, 82367.97474763097
618.8280000686646, 75763.16402547433, 82367.30588604642
621.4470000267029, 75763.16402547433, 82367.30588604642
621.4650001525879, 75763.16402547433, 82367.30588604642
621.4650001525879, 75763.16402547433, 82365.3326876796
621.4810001850128, 75763.16402547433, 82365.3326876796
621.489000082016, 75763.16402547433, 82365.3326876796
621.4960000514984, 75763.16402547433, 82365.3326876796
621.5020000934601, 75763.16402547433, 82365.3326876796
621.5020000934601, 75763.16402547433, 82365.3326876796
621.5199999809265, 75763.16402547433, 82365.3326876796
621.5270001888275, 75763.16402547433, 82363.7147074666
621.5329999923706, 75763.16402547433, 82363.7147074666
621.539999961853, 75763.16402547433, 82361.34484658783
624.4470000267029, 75763.16402547433, 82361.2859921266
624.4539999961853, 75763.16402547433, 82361.2859921266
624.4570000171661, 75763.16402547433, 82361.2859921266
624.4570000171661, 75763.16402547433, 82361.2859921266
624.4739999771118, 75763.16402547433, 82360.49474606347
624.4810001850128, 75763.16402547433, 82360.49474606347
624.4920001029968, 75763.16402547433, 82360.00005182705
627.2230000495911, 75763.16402547433, 82359.43775059363
627.2310001850128, 75763.16402547433, 82359.43775059363
627.2360000610352, 75763.16402547433, 82359.43775059363
627.2490000724792, 75763.16402547433, 82359.43775059363
627.2490000724792, 75763.16402547433, 82359.43775059363
627.2490000724792, 75763.16402547433, 82359.43775059363
627.2690000534058, 75763.16402547433, 82359.43775059363
627.2770001888275, 75763.16402547433, 82355.45376994832
627.2840001583099, 75763.16402547433, 82355.45376994832
627.2880001068115, 75763.16402547433, 82355.45376994832
627.295000076294, 75763.16402547433, 82355.45376994832
630.3510000705719, 75763.16402547433, 82354.73398432747
630.3670001029968, 75763.16402547433, 82354.73398432747
630.3719999790192, 75763.16402547433, 82354.73398432747
630.3790001869202, 75763.16402547433, 82354.29518327364
630.3790001869202, 75763.16402547433, 82354.29518327364
630.3960001468658, 75763.16402547433, 82354.29518327364
630.4049999713898, 75763.16402547433, 82354.29518327364
630.4120001792908, 75763.16402547433, 82354.29518327364
630.4179999828339, 75763.16402547433, 82354.29518327364
630.4240000247955, 75763.16402547433, 82354.29518327364
630.4290001392365, 75763.16402547433, 82354.29518327364
630.4290001392365, 75763.16402547433, 82354.29518327364
630.4290001392365, 75763.16402547433, 82352.44253092587
630.4450001716614, 75763.16402547433, 82352.44253092587
633.0789999961853, 75763.16402547433, 82352.44253092587
633.0789999961853, 75763.16402547433, 82352.44253092587
633.095999956131, 75763.16402547433, 82351.33984192168
633.095999956131, 75763.16402547433, 82351.33984192168
633.1110000610352, 75763.16402547433, 82351.33984192168
633.1130001544952, 75763.16402547433, 82351.33984192168
633.1210000514984, 75763.16402547433, 82351.33984192168
633.1270000934601, 75763.16402547433, 82351.33984192168
633.1340000629425, 75763.16402547433, 82351.33984192168
633.1400001049042, 75763.16402547433, 82351.33984192168
633.1440000534058, 75763.16402547433, 82351.33984192168
633.1490001678467, 75763.16402547433, 82351.33984192168
635.8120000362396, 75763.16402547433, 82349.21367158492
635.8200001716614, 75763.16402547433, 82349.21367158492
635.8289999961853, 75763.16402547433, 82349.21367158492
638.6300001144409, 75763.16402547433, 82349.21367158492
638.6300001144409, 75763.16402547433, 82348.78812448915
638.6449999809265, 75763.16402547433, 82348.78812448915
638.6549999713898, 75763.16402547433, 82348.78812448915
638.6630001068115, 75763.16402547433, 82348.78812448915
638.6640000343323, 75763.16402547433, 82348.78812448915
638.6640000343323, 75763.16402547433, 82346.01027206086
638.680999994278, 75763.16402547433, 82346.01027206086
638.680999994278, 75763.16402547433, 82345.59720619253
638.6909999847412, 75763.16402547433, 82345.59720619253
638.7000000476837, 75763.16402547433, 82345.59720619253
641.3919999599457, 75763.16402547433, 82345.47189201755
641.4079999923706, 75763.16402547433, 82345.47189201755
641.4190001487732, 75763.16402547433, 82345.47189201755
644.1510000228882, 75763.16402547433, 82345.35051784416
644.1560001373291, 75763.16402547433, 82343.99485498473
644.1560001373291, 75763.16402547433, 82343.99485498473
644.1710000038147, 75763.16402547433, 82343.99485498473
644.1740000247955, 75763.16402547433, 82343.054396454
644.1740000247955, 75763.16402547433, 82343.054396454
644.1909999847412, 75763.16402547433, 82343.054396454
644.1960000991821, 75763.16402547433, 82343.054396454
644.2020001411438, 75763.16402547433, 82343.054396454
644.2070000171661, 75763.16402547433, 82343.054396454
644.2070000171661, 75763.16402547433, 82343.054396454
644.2070000171661, 75763.16402547433, 82343.054396454
644.2230000495911, 75763.16402547433, 82343.054396454
644.2230000495911, 75763.16402547433, 82343.054396454
647.1979999542236, 75763.16402547433, 82340.63622558555
647.2130000591278, 75763.16402547433, 82338.84171142957
647.2200000286102, 75763.16402547433, 82338.68444468795
647.2200000286102, 75763.16402547433, 82338.60604919522
647.2330000400543, 75763.16402547433, 82336.63016871993
650.0729999542236, 75763.16402547433, 82335.35290457791
650.0729999542236, 75763.16402547433, 82335.35290457791
650.0930001735687, 75763.16402547433, 82335.35290457791
650.0940001010895, 75763.16402547433, 82335.35290457791
650.1080000400543, 75763.16402547433, 82334.5917882932
650.1100001335144, 75763.16402547433, 82334.40556882099
650.1100001335144, 75763.16402547433, 82334.40556882099
650.1260001659393, 75763.16402547433, 82334.40556882099
650.1310000419617, 75763.16402547433, 82334.40556882099
650.1360001564026, 75763.16402547433, 82334.40556882099
653.0780000686646, 75763.16402547433, 82334.40556882099
653.0780000686646, 75763.16402547433, 82334.40556882099
653.0780000686646, 75763.16402547433, 82332.27764855426
653.0910000801086, 75763.16402547433, 82332.27764855426
653.0980000495911, 75763.16402547433, 82332.27764855426
653.0980000495911, 75763.16402547433, 82332.27764855426
653.1080000400543, 75763.16402547433, 82332.27764855426
656.0150001049042, 75763.16402547433, 82331.23576727945
656.0190000534058, 75763.16402547433, 82331.23576727945
656.0280001163483, 75763.16402547433, 82331.23576727945
656.0350000858307, 75763.16402547433, 82331.23576727945
656.0410001277924, 75763.16402547433, 82331.02323013524
656.0410001277924, 75763.16402547433, 82331.02323013524
656.0520000457764, 75763.16402547433, 82331.02323013524
656.0550000667572, 75763.16402547433, 82331.02323013524
656.0550000667572, 75763.16402547433, 82331.02323013524
656.0720000267029, 75763.16402547433, 82330.52842729751
656.0770001411438, 75763.16402547433, 82330.52842729751
656.0810000896454, 75763.16402547433, 82330.52842729751
659.074000120163, 75763.16402547433, 82327.12637832393
659.0880000591278, 75763.16402547433, 82326.226839901
659.0910000801086, 75763.16402547433, 82323.49028775335
659.0910000801086, 75763.16402547433, 82323.49028775335
659.1050000190735, 75763.16402547433, 82323.49028775335
659.1080000400543, 75763.16402547433, 82323.49028775335
661.8900001049042, 75763.16402547433, 82322.72236253611
661.9000000953674, 75763.16402547433, 82322.72236253611
661.904000043869, 75763.16402547433, 82322.72236253611
661.9140000343323, 75763.16402547433, 82322.72236253611
661.9140000343323, 75763.16402547433, 82322.72236253611
661.9140000343323, 75763.16402547433, 82322.72236253611
661.9350001811981, 75763.16402547433, 82322.72236253611
661.9420001506805, 75763.16402547433, 82321.92617037294
661.9479999542236, 75763.16402547433, 82321.92617037294
661.9550001621246, 75763.16402547433, 82321.92617037294
661.960000038147, 75763.16402547433, 82321.92617037294
661.9639999866486, 75763.16402547433, 82321.92617037294
661.9639999866486, 75763.16402547433, 82321.92617037294
664.9920001029968, 75763.16402547433, 82321.26837096401
664.9969999790192, 75763.16402547433, 82321.26837096401
665.0030000209808, 75763.16402547433, 82321.26837096401
665.0080001354218, 75763.16402547433, 82321.26837096401
665.0120000839233, 75763.16402547433, 82321.26837096401
665.0199999809265, 75763.16402547433, 82321.26837096401
665.0230000019073, 75763.16402547433, 82321.26837096401
665.0230000019073, 75763.16402547433, 82321.26837096401
665.0429999828339, 75763.16402547433, 82321.26837096401
665.0460000038147, 75763.16402547433, 82319.38058101774
665.0570001602173, 75763.16402547433, 82319.38058101774
667.9750001430511, 75763.16402547433, 82317.70357584572
667.9830000400543, 75763.16402547433, 82317.70357584572
667.989000082016, 75763.16402547433, 82317.70357584572
667.9950001239777, 75763.16402547433, 82317.70357584572
668.0, 75763.16402547433, 82317.70357584572
668.0, 75763.16402547433, 82317.70357584572
668.0, 75763.16402547433, 82317.70357584572
668.0160000324249, 75763.16402547433, 82317.70357584572
668.0169999599457, 75763.16402547433, 82317.70357584572
668.0169999599457, 75763.16402547433, 82317.70357584572
670.9420001506805, 75763.16402547433, 82313.55819766059
670.9560000896454, 75763.16402547433, 82313.55819766059
670.9700000286102, 75763.16402547433, 82313.55819766059
670.9820001125336, 75763.16402547433, 82313.55819766059
670.9969999790192, 75763.16402547433, 82310.04685927524
671.0080001354218, 75763.16402547433, 82310.04685927524
671.0160000324249, 75763.16402547433, 82310.04685927524
673.8389999866486, 75763.16402547433, 82309.11597278477
673.8550000190735, 75763.16402547433, 82309.11597278477
673.8570001125336, 75763.16402547433, 82309.11597278477
673.8680000305176, 75763.16402547433, 82309.11597278477
673.8740000724792, 75763.16402547433, 82309.11597278477
673.8800001144409, 75763.16402547433, 82309.11597278477
673.8849999904633, 75763.16402547433, 82309.11597278477
673.8849999904633, 75763.16402547433, 82309.11597278477
673.8849999904633, 75763.16402547433, 82309.11597278477
673.9020001888275, 75763.16402547433, 82309.11597278477
673.9020001888275, 75763.16402547433, 82309.11597278477
673.9020001888275, 75763.16402547433, 82308.93122037401
673.9179999828339, 75763.16402547433, 82308.93122037401
673.9179999828339, 75763.16402547433, 82308.93122037401
676.9230000972748, 75763.16402547433, 82306.11767721752
676.933000087738, 75763.16402547433, 82306.11767721752
676.9340000152588, 75763.16402547433, 82306.06229663588
676.9479999542236, 75763.16402547433, 82305.77077727804
676.9479999542236, 75763.16402547433, 82305.77077727804
676.9639999866486, 75763.16402547433, 82305.77077727804
676.9670000076294, 75763.16402547433, 82305.77077727804
676.9670000076294, 75763.16402547433, 82305.77077727804
676.9800000190735, 75763.16402547433, 82305.30539575957
676.9850001335144, 75763.16402547433, 82305.30539575957
679.8860001564026, 75763.16402547433, 82303.73343602152
679.8919999599457, 75763.16402547433, 82303.73343602152
679.9030001163483, 75763.16402547433, 82303.5612812209
679.9100000858307, 75763.16402547433, 82303.5612812209
679.920000076294, 75763.16402547433, 82303.5612812209
679.9250001907349, 75763.16402547433, 82302.03716120326
682.8270001411438, 75763.16402547433, 82302.03716120326
682.8359999656677, 75763.16402547433, 82301.58542049333
682.8440001010895, 75763.16402547433, 82301.58542049333
682.8470001220703, 75763.16402547433, 82299.50813574033
682.8470001220703, 75763.16402547433, 82299.50813574033
685.8389999866486, 75763.16402547433, 82298.77042868006
685.8470001220703, 75763.16402547433, 82298.77042868006
685.8560001850128, 75763.16402547433, 82298.68028456501
685.864000082016, 75763.16402547433, 82298.68028456501
685.8670001029968, 75763.16402547433, 82298.68028456501
685.8760001659393, 75763.16402547433, 82298.24197409359
685.8760001659393, 75763.16402547433, 82298.24197409359
685.8940000534058, 75763.16402547433, 82298.24197409359
685.8990001678467, 75763.16402547433, 82298.24197409359
685.904000043869, 75763.16402547433, 82298.24197409359
685.9100000858307, 75763.16402547433, 82298.21364446176
685.9160001277924, 75763.16402547433, 82298.21364446176
688.7620000839233, 75763.16402547433, 82294.83903545397
688.7770001888275, 75763.16402547433, 82294.83903545397
688.779000043869, 75763.16402547433, 82294.10350654073
688.779000043869, 75763.16402547433, 82294.10350654073
688.7910001277924, 75763.16402547433, 82294.10350654073
688.7960000038147, 75763.16402547433, 82294.10350654073
688.805999994278, 75763.16402547433, 82294.10350654073
688.8129999637604, 75763.16402547433, 82293.94205026225
691.8650000095367, 75763.16402547433, 82292.27763015141
691.8760001659393, 75763.16402547433, 82292.27763015141
691.8819999694824, 75763.16402547433, 82292.27763015141
691.8900001049042, 75763.16402547433, 82292.27763015141
691.8980000019073, 75763.16402547433, 82291.54325983305
691.8980000019073, 75763.16402547433, 82291.54325983305
691.9090001583099, 75763.16402547433, 82291.54325983305
691.9090001583099, 75763.16402547433, 82291.35706134673
694.9000000953674, 75763.16402547433, 82291.35706134673
694.9000000953674, 75763.16402547433, 82291.35706134673
694.9120001792908, 75763.16402547433, 82291.35706134673
694.9130001068115, 75763.16402547433, 82291.35706134673
694.9130001068115, 75763.16402547433, 82291.35706134673
694.9290001392365, 75763.16402547433, 82291.35706134673
694.9350001811981, 75763.16402547433, 82291.35706134673
694.9430000782013, 75763.16402547433, 82291.35706134673
694.9460000991821, 75763.16402547433, 82291.35706134673
694.960000038147, 75763.16402547433, 82291.35706134673
694.9630000591278, 75763.16402547433, 82291.35706134673
694.9630000591278, 75763.16402547433, 82291.35706134673
694.9750001430511, 75763.16402547433, 82291.35706134673
694.9820001125336, 75763.16402547433, 82291.35706134673
694.9880001544952, 75763.16402547433, 82291.35706134673
694.9939999580383, 75763.16402547433, 82291.35706134673
697.9020001888275, 75763.16402547433, 82291.35706134673
697.9120001792908, 75763.16402547433, 82291.35706134673
697.920000076294, 75763.16402547433, 82291.35706134673
697.9240000247955, 75763.16402547433, 82291.35706134673
697.9240000247955, 75763.16402547433, 82291.35706134673
697.9379999637604, 75763.16402547433, 82291.35706134673
697.9430000782013, 75763.16402547433, 82291.35706134673
697.949000120163, 75763.16402547433, 82291.35706134673
697.9560000896454, 75763.16402547433, 82286.51848805172
697.9609999656677, 75763.16402547433, 82284.92121094067
697.9670000076294, 75763.16402547433, 82284.92121094067
697.970999956131, 75763.16402547433, 82284.92121094067
697.9760000705719, 75763.16402547433, 82284.92121094067
697.9760000705719, 75763.16402547433, 82284.92121094067
700.9810001850128, 75763.16402547433, 82284.92121094067
700.9950001239777, 75763.16402547433, 82284.49712166734
701.0020000934601, 75763.16402547433, 82284.49712166734
701.0020000934601, 75763.16402547433, 82284.49712166734
701.0140001773834, 75763.16402547433, 82284.49712166734
701.0150001049042, 75763.16402547433, 82284.47556540095
701.0150001049042, 75763.16402547433, 82284.47556540095
703.9820001125336, 75763.16402547433, 82283.57958593103
703.9910001754761, 75763.16402547433, 82283.57958593103
703.9980001449585, 75763.16402547433, 82283.57958593103
704.0050001144409, 75763.16402547433, 82282.91004307802
704.0099999904633, 75763.16402547433, 82282.91004307802
704.0160000324249, 75763.16402547433, 82282.91004307802
706.8900001049042, 75763.16402547433, 82282.91004307802
706.9000000953674, 75763.16402547433, 82282.91004307802
706.9079999923706, 75763.16402547433, 82282.91004307802
706.9170000553131, 75763.16402547433, 82281.58605022536
706.9230000972748, 75763.16402547433, 82281.01013913365
706.933000087738, 75763.16402547433, 82281.01013913365
706.9390001296997, 75763.16402547433, 82281.01013913365
706.9450001716614, 75763.16402547433, 82281.01013913365
706.9520001411438, 75763.16402547433, 82281.01013913365
706.9580001831055, 75763.16402547433, 82281.01013913365
706.9639999866486, 75763.16402547433, 82281.01013913365
706.9639999866486, 75763.16402547433, 82281.01013913365
706.9639999866486, 75763.16402547433, 82281.01013913365
706.9820001125336, 75763.16402547433, 82281.01013913365
706.989000082016, 75763.16402547433, 82281.01013913365
710.0210001468658, 75763.16402547433, 82281.01013913365
710.0370001792908, 75763.16402547433, 82281.01013913365
710.0429999828339, 75763.16402547433, 82281.01013913365
710.045000076294, 75763.16402547433, 82281.01013913365
710.0550000667572, 75763.16402547433, 82278.1121981659
710.0590000152588, 75763.16402547433, 82277.76043112102
710.0590000152588, 75763.16402547433, 82277.01048358489
710.0770001411438, 75763.16402547433, 82276.28805274605
713.170000076294, 75763.16402547433, 82276.28805274605
713.1710000038147, 75763.16402547433, 82276.28805274605
713.1710000038147, 75763.16402547433, 82276.28805274605
713.1870000362396, 75763.16402547433, 82275.01966072546
713.1870000362396, 75763.16402547433, 82275.01966072546
713.2009999752045, 75763.16402547433, 82275.01966072546
713.2030000686646, 75763.16402547433, 82275.01966072546
713.2030000686646, 75763.16402547433, 82275.01966072546
713.2200000286102, 75763.16402547433, 82273.89467714269
713.2200000286102, 75763.16402547433, 82273.89467714269
716.2230000495911, 75763.16402547433, 82272.900433999
716.2260000705719, 75763.16402547433, 82272.900433999
716.2400000095367, 75763.16402547433, 82272.8911427834
716.2450001239777, 75763.16402547433, 82272.8911427834
716.2450001239777, 75763.16402547433, 82272.8911427834
716.2450001239777, 75763.16402547433, 82272.8911427834
716.2610001564026, 75763.16402547433, 82272.8911427834
716.2630000114441, 75763.16402547433, 82272.8911427834
716.2630000114441, 75763.16402547433, 82272.8911427834
716.2630000114441, 75763.16402547433, 82272.8911427834
716.2780001163483, 75763.16402547433, 82272.8911427834
716.2840001583099, 75763.16402547433, 82272.38244452544
716.2890000343323, 75763.16402547433, 82272.38244452544
716.2929999828339, 75763.16402547433, 82272.38244452544
716.2990000247955, 75763.16402547433, 82271.54217093368
716.305999994278, 75763.16402547433, 82270.8729219775
716.3100001811981, 75763.16402547433, 82270.8729219775
716.3120000362396, 75763.16402547433, 82270.8729219775
716.3120000362396, 75763.16402547433, 82270.8729219775
719.5410001277924, 75763.16402547433, 82270.8729219775
719.5410001277924, 75763.16402547433, 82270.8729219775
719.5550000667572, 75763.16402547433, 82270.8729219775
719.558000087738, 75763.16402547433, 82270.8729219775
719.558000087738, 75763.16402547433, 82270.8729219775
719.558000087738, 75763.16402547433, 82270.8729219775
719.5729999542236, 75763.16402547433, 82270.8729219775
719.5789999961853, 75763.16402547433, 82270.8729219775
719.585000038147, 75763.16402547433, 82270.8729219775
719.5920000076294, 75763.16402547433, 82270.8729219775
719.5920000076294, 75763.16402547433, 82269.86636406131
719.603000164032, 75763.16402547433, 82269.86636406131
719.6040000915527, 75763.16402547433, 82269.86636406131
719.6089999675751, 75763.16402547433, 82269.86636406131
722.5640001296997, 75763.16402547433, 82266.39531522515
722.5640001296997, 75763.16402547433, 82266.39531522515
722.5820000171661, 75763.16402547433, 82266.39531522515
722.585000038147, 75763.16402547433, 82266.39531522515
722.5989999771118, 75763.16402547433, 82264.65946877636
725.805999994278, 75763.16402547433, 82264.65946877636
725.8110001087189, 75763.16402547433, 82264.65946877636
725.8210000991821, 75763.16402547433, 82264.65946877636
725.8289999961853, 75763.16402547433, 82264.65946877636
725.8310000896454, 75763.16402547433, 82262.68181856642
725.8440001010895, 75763.16402547433, 82262.68181856642
725.8470001220703, 75763.16402547433, 82262.68181856642
728.7750000953674, 75763.16402547433, 82261.42461250338
728.7820000648499, 75763.16402547433, 82261.42461250338
728.7880001068115, 75763.16402547433, 82261.42461250338
728.795000076294, 75763.16402547433, 82261.42461250338
728.797000169754, 75763.16402547433, 82261.42461250338
728.8110001087189, 75763.16402547433, 82261.42461250338
728.819000005722, 75763.16402547433, 82261.42461250338
728.8270001411438, 75763.16402547433, 82261.42461250338
728.8330001831055, 75763.16402547433, 82261.42461250338
731.7870001792908, 75763.16402547433, 82260.04655313963
731.8020000457764, 75763.16402547433, 82260.04655313963
731.8140001296997, 75763.16402547433, 82260.04655313963
731.8150000572205, 75763.16402547433, 82258.2340929669
731.8310000896454, 75763.16402547433, 82258.2340929669
731.837000131607, 75763.16402547433, 82258.2340929669
731.8420000076294, 75763.16402547433, 82258.2340929669
731.8470001220703, 75763.16402547433, 82258.2340929669
731.853000164032, 75763.16402547433, 82257.42333959117
731.8589999675751, 75763.16402547433, 82256.97934865381
731.8630001544952, 75763.16402547433, 82256.97934865381
734.8540000915527, 75763.16402547433, 82256.66124559476
734.8670001029968, 75763.16402547433, 82256.66124559476
734.8710000514984, 75763.16402547433, 82256.66124559476
734.8710000514984, 75763.16402547433, 82256.66124559476
734.8830001354218, 75763.16402547433, 82256.66124559476
734.8890001773834, 75763.16402547433, 82256.66124559476
734.8890001773834, 75763.16402547433, 82256.66124559476
734.9049999713898, 75763.16402547433, 82256.66124559476
734.9049999713898, 75763.16402547433, 82256.66124559476
734.914999961853, 75763.16402547433, 82256.66124559476
737.9509999752045, 75763.16402547433, 82256.66124559476
737.9590001106262, 75763.16402547433, 82256.66124559476
737.9680001735687, 75763.16402547433, 82253.93376799973
737.9720001220703, 75763.16402547433, 82253.93376799973
737.9720001220703, 75763.16402547433, 82253.93376799973
737.9860000610352, 75763.16402547433, 82253.93376799973
737.9860000610352, 75763.16402547433, 82253.93376799973
741.0440001487732, 75763.16402547433, 82253.93376799973
741.0650000572205, 75763.16402547433, 82253.93376799973
741.0729999542236, 75763.16402547433, 82253.93376799973
741.0810000896454, 75763.16402547433, 82253.93376799973
741.087000131607, 75763.16402547433, 82253.93376799973
741.0920000076294, 75763.16402547433, 82253.93376799973
741.0970001220703, 75763.16402547433, 82253.93376799973
741.0970001220703, 75763.16402547433, 82253.93376799973
741.0970001220703, 75763.16402547433, 82253.93376799973
741.1170001029968, 75763.16402547433, 82253.93376799973
741.1230001449585, 75763.16402547433, 82253.93376799973
741.1300001144409, 75763.16402547433, 82253.93376799973
741.1349999904633, 75763.16402547433, 82253.93376799973
744.1900000572205, 75763.16402547433, 82253.93376799973
744.1900000572205, 75763.16402547433, 82253.93376799973
744.2039999961853, 75763.16402547433, 82253.93376799973
744.2070000171661, 75763.16402547433, 82253.93376799973
744.2070000171661, 75763.16402547433, 82253.93376799973
744.2200000286102, 75763.16402547433, 82253.93376799973
744.2239999771118, 75763.16402547433, 82253.93376799973
744.2239999771118, 75763.16402547433, 82253.93376799973
744.2350001335144, 75763.16402547433, 82253.93376799973
747.154000043869, 75763.16402547433, 82246.9813030353
747.1570000648499, 75763.16402547433, 82246.9813030353
747.1570000648499, 75763.16402547433, 82246.9813030353
747.1740000247955, 75763.16402547433, 82246.9813030353
747.1790001392365, 75763.16402547433, 82246.9813030353
747.1790001392365, 75763.16402547433, 82246.9813030353
749.9939999580383, 75763.16402547433, 82246.9813030353
749.9990000724792, 75763.16402547433, 82246.9813030353
750.0040001869202, 75763.16402547433, 82246.9813030353
750.0099999904633, 75763.16402547433, 82246.9813030353
750.0169999599457, 75763.16402547433, 82246.9813030353
750.0240001678467, 75763.16402547433, 82246.9813030353
753.0759999752045, 75763.16402547433, 82243.88301177448
753.0880000591278, 75763.16402547433, 82243.3627785279
753.0989999771118, 75763.16402547433, 82243.3627785279
753.1089999675751, 75763.16402547433, 82243.3627785279
753.1170001029968, 75763.16402547433, 82243.3627785279
753.1210000514984, 75763.16402547433, 82243.3627785279
753.1270000934601, 75763.16402547433, 82243.3627785279
753.1340000629425, 75763.16402547433, 82243.3627785279
753.1400001049042, 75763.16402547433, 82243.3627785279
753.1470000743866, 75763.16402547433, 82243.3627785279
753.1530001163483, 75763.16402547433, 82243.3627785279
753.1570000648499, 75763.16402547433, 82243.3627785279
753.1630001068115, 75763.16402547433, 82243.3627785279
753.170000076294, 75763.16402547433, 82243.3627785279
753.1750001907349, 75763.16402547433, 82243.3627785279
753.1750001907349, 75763.16402547433, 82241.26108874271
756.297000169754, 75763.16402547433, 82241.26108874271
756.305999994278, 75763.16402547433, 82241.26108874271
756.3170001506805, 75763.16402547433, 82241.26108874271
756.3250000476837, 75763.16402547433, 82240.78704124132
756.3250000476837, 75763.16402547433, 82240.78704124132
756.3400001525879, 75763.16402547433, 82240.78704124132
759.2829999923706, 75763.16402547433, 82240.78704124132
759.289999961853, 75763.16402547433, 82238.7660647292
762.0600001811981, 75763.16402547433, 82238.7660647292
762.0610001087189, 75763.16402547433, 82238.7660647292
762.0780000686646, 75763.16402547433, 82238.7660647292
762.0830001831055, 75763.16402547433, 82238.7660647292
762.0830001831055, 75763.16402547433, 82238.1309940988
765.3430001735687, 75763.16402547433, 82238.1309940988
765.3480000495911, 75763.16402547433, 82238.1309940988
765.3510000705719, 75763.16402547433, 82238.1309940988
765.3619999885559, 75763.16402547433, 82238.1309940988
765.3689999580383, 75763.16402547433, 82238.1309940988
765.3689999580383, 75763.16402547433, 82238.1309940988
765.3819999694824, 75763.16402547433, 82238.1309940988
768.518000125885, 75763.16402547433, 82233.37280584253
768.5250000953674, 75763.16402547433, 82233.1328982584
768.5260000228882, 75763.16402547433, 82233.1328982584
768.5260000228882, 75763.16402547433, 82233.1328982584
768.5420000553131, 75763.16402547433, 82233.1328982584
768.5420000553131, 75763.16402547433, 82233.1328982584
768.5420000553131, 75763.16402547433, 82233.1328982584
768.5600001811981, 75763.16402547433, 82233.1328982584
768.5600001811981, 75763.16402547433, 82233.1328982584
768.574000120163, 75763.16402547433, 82233.1328982584
771.5970001220703, 75763.16402547433, 82231.47567946349
771.6019999980927, 75763.16402547433, 82231.47567946349
771.6170001029968, 75763.16402547433, 82231.47567946349
771.6219999790192, 75763.16402547433, 82231.47567946349
771.6219999790192, 75763.16402547433, 82231.47567946349
771.6390001773834, 75763.16402547433, 82231.47567946349
771.6449999809265, 75763.16402547433, 82231.47567946349
771.6520001888275, 75763.16402547433, 82231.47567946349
771.6579999923706, 75763.16402547433, 82231.18096012958
771.6670000553131, 75763.16402547433, 82230.82410839542
774.7250001430511, 75763.16402547433, 82230.18317546214
774.7310001850128, 75763.16402547433, 82229.62309101115
774.7369999885559, 75763.16402547433, 82229.62309101115
774.7430000305176, 75763.16402547433, 82228.97638414742
774.7480001449585, 75763.16402547433, 82228.97638414742
774.7540001869202, 75763.16402547433, 82228.97638414742
774.7620000839233, 75763.16402547433, 82228.97638414742
774.7620000839233, 75763.16402547433, 82228.97638414742
777.9580001831055, 75763.16402547433, 82228.13328150379
777.9810001850128, 75763.16402547433, 82226.97858972698
777.9920001029968, 75763.16402547433, 82226.97858972698
777.9969999790192, 75763.16402547433, 82226.80336996214
778.0069999694824, 75763.16402547433, 82226.80336996214
778.0069999694824, 75763.16402547433, 82226.80336996214
778.0270001888275, 75763.16402547433, 82226.80336996214
778.0329999923706, 75763.16402547433, 82226.80336996214
778.039999961853, 75763.16402547433, 82226.80336996214
778.0460000038147, 75763.16402547433, 82226.80336996214
781.4430000782013, 75763.16402547433, 82226.80336996214
781.4580001831055, 75763.16402547433, 82226.80336996214
781.4690001010895, 75763.16402547433, 82226.80336996214
781.4790000915527, 75763.16402547433, 82226.80336996214
781.4800000190735, 75763.16402547433, 82226.80336996214
781.4800000190735, 75763.16402547433, 82226.80336996214
781.5010001659393, 75763.16402547433, 82226.80336996214
781.5060000419617, 75763.16402547433, 82226.80336996214
781.5130000114441, 75763.16402547433, 82226.80336996214
784.6710000038147, 75763.16402547433, 82226.80336996214
784.6730000972748, 75763.16402547433, 82226.80336996214
784.6730000972748, 75763.16402547433, 82226.80336996214
784.6900000572205, 75763.16402547433, 82226.80336996214
784.6900000572205, 75763.16402547433, 82226.80336996214
784.7039999961853, 75763.16402547433, 82226.80336996214
784.7060000896454, 75763.16402547433, 82226.80336996214
784.7060000896454, 75763.16402547433, 82226.80336996214
784.7190001010895, 75763.16402547433, 82226.80336996214
784.7250001430511, 75763.16402547433, 82226.80336996214
784.7330000400543, 75763.16402547433, 82226.80336996214
784.7400000095367, 75763.16402547433, 82226.80336996214
784.7439999580383, 75763.16402547433, 82226.80336996214
784.7480001449585, 75763.16402547433, 82226.80336996214
784.7530000209808, 75763.16402547433, 82226.80336996214
784.7590000629425, 75763.16402547433, 82226.80336996214
784.7630000114441, 75763.16402547433, 82226.80336996214
787.739000082016, 75763.16402547433, 82221.82044378815
787.7469999790192, 75763.16402547433, 82221.82044378815
787.7530000209808, 75763.16402547433, 82221.82044378815
787.7569999694824, 75763.16402547433, 82221.82044378815
787.7630000114441, 75763.16402547433, 82221.82044378815
787.7650001049042, 75763.16402547433, 82221.82044378815
787.7650001049042, 75763.16402547433, 82216.87768816706
787.7799999713898, 75763.16402547433, 82215.6316317811
787.7870001792908, 75763.16402547433, 82215.6316317811
787.7929999828339, 75763.16402547433, 82215.6316317811
791.1000001430511, 75763.16402547433, 82214.1429834878
791.1089999675751, 75763.16402547433, 82214.1429834878
791.1119999885559, 75763.16402547433, 82214.1429834878
791.1119999885559, 75763.16402547433, 82214.1429834878
791.1319999694824, 75763.16402547433, 82214.1429834878
791.1319999694824, 75763.16402547433, 82214.1429834878
791.1319999694824, 75763.16402547433, 82214.1429834878
791.1470000743866, 75763.16402547433, 82214.1429834878
791.1530001163483, 75763.16402547433, 82214.1429834878
791.1590001583099, 75763.16402547433, 82213.36021897673
794.103000164032, 75763.16402547433, 82213.36021897673
794.114000082016, 75763.16402547433, 82213.36021897673
794.1200001239777, 75763.16402547433, 82212.25645604006
794.1200001239777, 75763.16402547433, 82212.25645604006
794.1319999694824, 75763.16402547433, 82212.25645604006
794.1370000839233, 75763.16402547433, 82212.25645604006
794.1419999599457, 75763.16402547433, 82212.25645604006
794.1470000743866, 75763.16402547433, 82212.25645604006
794.1520001888275, 75763.16402547433, 82212.25645604006
794.154000043869, 75763.16402547433, 82212.25645604006
794.154000043869, 75763.16402547433, 82212.25645604006
794.172000169754, 75763.16402547433, 82212.25645604006
794.1740000247955, 75763.16402547433, 82212.25645604006
794.1890001296997, 75763.16402547433, 82211.30959711745
794.1930000782013, 75763.16402547433, 82211.30959711745
794.199000120163, 75763.16402547433, 82211.2900488251
794.2060000896454, 75763.16402547433, 82211.2900488251
794.2070000171661, 75763.16402547433, 82211.2900488251
794.2070000171661, 75763.16402547433, 82211.2900488251
794.2220001220703, 75763.16402547433, 82211.2900488251
797.4960000514984, 75763.16402547433, 82211.2900488251
797.5050001144409, 75763.16402547433, 82211.2900488251
797.5130000114441, 75763.16402547433, 82211.2900488251
797.5190000534058, 75763.16402547433, 82210.44545133434
797.5260000228882, 75763.16402547433, 82210.19860686084
797.529000043869, 75763.16402547433, 82210.19860686084
797.5410001277924, 75763.16402547433, 82210.03190518153
797.5440001487732, 75763.16402547433, 82210.03190518153
797.558000087738, 75763.16402547433, 82210.03190518153
800.7020001411438, 75763.16402547433, 82210.03190518153
800.712000131607, 75763.16402547433, 82210.03190518153
800.7200000286102, 75763.16402547433, 82210.03190518153
800.7220001220703, 75763.16402547433, 82210.03190518153
800.7220001220703, 75763.16402547433, 82210.03190518153
800.7220001220703, 75763.16402547433, 82210.03190518153
800.7369999885559, 75763.16402547433, 82210.03190518153
800.739000082016, 75763.16402547433, 82210.03190518153
800.739000082016, 75763.16402547433, 82210.03190518153
800.7560000419617, 75763.16402547433, 82210.03190518153
800.7630000114441, 75763.16402547433, 82210.03190518153
800.7699999809265, 75763.16402547433, 82210.03190518153
800.7770001888275, 75763.16402547433, 82210.03190518153
800.7820000648499, 75763.16402547433, 82210.03190518153
800.7880001068115, 75763.16402547433, 82208.25013638903
804.0, 75763.16402547433, 82206.98300799265
804.0090000629425, 75763.16402547433, 82206.98300799265
804.018000125885, 75763.16402547433, 82206.91392627236
804.0199999809265, 75763.16402547433, 82206.91392627236
804.0199999809265, 75763.16402547433, 82206.91392627236
804.0199999809265, 75763.16402547433, 82206.91392627236
804.0370001792908, 75763.16402547433, 82206.91392627236
804.0370001792908, 75763.16402547433, 82206.91392627236
804.0540001392365, 75763.16402547433, 82203.39517866947
804.0540001392365, 75763.16402547433, 82203.39517866947
807.2929999828339, 75763.16402547433, 82203.29708361963
807.3010001182556, 75763.16402547433, 82203.29708361963
807.3100001811981, 75763.16402547433, 82202.83205977244
807.3159999847412, 75763.16402547433, 82202.83205977244
807.3200001716614, 75763.16402547433, 82202.73251818848
807.3200001716614, 75763.16402547433, 82202.73251818848
807.3359999656677, 75763.16402547433, 82202.4305078074
807.3430001735687, 75763.16402547433, 82202.4305078074
807.3480000495911, 75763.16402547433, 82202.4305078074
807.3550000190735, 75763.16402547433, 82202.1278318608
807.3610000610352, 75763.16402547433, 82201.43665433042
810.5840001106262, 75763.16402547433, 82201.20225613812
810.5940001010895, 75763.16402547433, 82201.20225613812
810.5989999771118, 75763.16402547433, 82201.20225613812
810.5989999771118, 75763.16402547433, 82201.20225613812
810.6150000095367, 75763.16402547433, 82200.54065358352
813.7760000228882, 75763.16402547433, 82198.88742391561
813.7850000858307, 75763.16402547433, 82198.88742391561
813.7910001277924, 75763.16402547433, 82198.59884089544
813.7910001277924, 75763.16402547433, 82198.59884089544
813.7910001277924, 75763.16402547433, 82198.59884089544
813.8070001602173, 75763.16402547433, 82198.59884089544
813.8070001602173, 75763.16402547433, 82197.1907305132
813.8070001602173, 75763.16402547433, 82197.1907305132
813.824000120163, 75763.16402547433, 82197.17802242163
817.1740000247955, 75763.16402547433, 82196.3409530163
817.1740000247955, 75763.16402547433, 82196.3409530163
817.194000005722, 75763.16402547433, 82196.3409530163
817.1979999542236, 75763.16402547433, 82196.3409530163
817.1979999542236, 75763.16402547433, 82196.3409530163
817.2090001106262, 75763.16402547433, 82196.3409530163
817.2090001106262, 75763.16402547433, 82196.3409530163
817.2260000705719, 75763.16402547433, 82196.3409530163
817.2320001125336, 75763.16402547433, 82193.70619790937
817.2369999885559, 75763.16402547433, 82193.70619790937
817.2420001029968, 75763.16402547433, 82193.70619790937
817.2469999790192, 75763.16402547433, 82193.70619790937
820.3670001029968, 75763.16402547433, 82193.70619790937
820.3760001659393, 75763.16402547433, 82193.70619790937
820.3760001659393, 75763.16402547433, 82193.70619790937
820.3870000839233, 75763.16402547433, 82191.60684699762
820.3949999809265, 75763.16402547433, 82191.60684699762
823.6979999542236, 75763.16402547433, 82191.11806125172
823.6979999542236, 75763.16402547433, 82191.11806125172
823.7150001525879, 75763.16402547433, 82191.11806125172
823.7150001525879, 75763.16402547433, 82190.19598512477
823.728000164032, 75763.16402547433, 82188.44732303121
823.7339999675751, 75763.16402547433, 82188.44732303121
823.7439999580383, 75763.16402547433, 82188.44732303121
827.0069999694824, 75763.16402547433, 82188.44732303121
827.0169999599457, 75763.16402547433, 82188.44732303121
827.0250000953674, 75763.16402547433, 82188.44732303121
827.029000043869, 75763.16402547433, 82187.86521052265
827.029000043869, 75763.16402547433, 82187.20682017838
827.0440001487732, 75763.16402547433, 82187.20682017838
827.055999994278, 75763.16402547433, 82187.15599807823
827.0590000152588, 75763.16402547433, 82187.15599807823
827.0590000152588, 75763.16402547433, 82186.63949016237
830.268000125885, 75763.16402547433, 82186.26168238303
830.2730000019073, 75763.16402547433, 82186.26168238303
830.2730000019073, 75763.16402547433, 82186.26168238303
830.2910001277924, 75763.16402547433, 82186.26168238303
830.2940001487732, 75763.16402547433, 82186.26168238303
830.2940001487732, 75763.16402547433, 82186.26168238303
830.3070001602173, 75763.16402547433, 82186.26168238303
830.3070001602173, 75763.16402547433, 82185.92782094095
830.3070001602173, 75763.16402547433, 82184.07126999242
833.5210001468658, 75763.16402547433, 82184.07126999242
833.5380001068115, 75763.16402547433, 82184.07126999242
833.5380001068115, 75763.16402547433, 82184.07126999242
833.5380001068115, 75763.16402547433, 82184.07126999242
833.5540001392365, 75763.16402547433, 82184.07126999242
833.5540001392365, 75763.16402547433, 82184.07126999242
833.5540001392365, 75763.16402547433, 82184.07126999242
833.5729999542236, 75763.16402547433, 82184.07126999242
833.5830001831055, 75763.16402547433, 82184.07126999242
833.587000131607, 75763.16402547433, 82184.07126999242
833.5940001010895, 75763.16402547433, 82180.49707311059
836.8020000457764, 75763.16402547433, 82179.27630023983
836.8090000152588, 75763.16402547433, 82178.20602821378
836.8180000782013, 75763.16402547433, 82178.20602821378
836.824000120163, 75763.16402547433, 82178.20602821378
836.824000120163, 75763.16402547433, 82178.20602821378
836.824000120163, 75763.16402547433, 82175.86415518328
839.9939999580383, 75763.16402547433, 82175.86415518328
840.0030000209808, 75763.16402547433, 82174.60103943835
840.0080001354218, 75763.16402547433, 82174.60103943835
840.0140001773834, 75763.16402547433, 82173.9904351174
840.0199999809265, 75763.16402547433, 82173.9904351174
843.3270001411438, 75763.16402547433, 82173.9904351174
843.335000038147, 75763.16402547433, 82173.11785115048
843.3410000801086, 75763.16402547433, 82173.11785115048
843.3450000286102, 75763.16402547433, 82173.11785115048
843.3519999980927, 75763.16402547433, 82173.11785115048
843.3560001850128, 75763.16402547433, 82173.11785115048
843.3619999885559, 75763.16402547433, 82173.11785115048
843.3680000305176, 75763.16402547433, 82173.11785115048
843.3719999790192, 75763.16402547433, 82173.11785115048
843.3780000209808, 75763.16402547433, 82173.11785115048
843.3840000629425, 75763.16402547433, 82173.11785115048
843.3880000114441, 75763.16402547433, 82172.92696234435
843.3960001468658, 75763.16402547433, 82172.92696234435
843.4020001888275, 75763.16402547433, 82170.8090043112
843.4079999923706, 75763.16402547433, 82170.8090043112
846.6950001716614, 75763.16402547433, 82170.8090043112
846.6960000991821, 75763.16402547433, 82170.8090043112
846.6960000991821, 75763.16402547433, 82170.8090043112
846.7170000076294, 75763.16402547433, 82170.8090043112
846.7170000076294, 75763.16402547433, 82170.8090043112
846.7290000915527, 75763.16402547433, 82169.51310650905
846.7330000400543, 75763.16402547433, 82169.51310650905
846.7330000400543, 75763.16402547433, 82169.51310650905
846.7460000514984, 75763.16402547433, 82169.51310650905
846.7530000209808, 75763.16402547433, 82169.51310650905
846.7590000629425, 75763.16402547433, 82168.899652303
846.768000125885, 75763.16402547433, 82168.0960443349
850.0160000324249, 75763.16402547433, 82168.0960443349
850.0260000228882, 75763.16402547433, 82168.0960443349
850.0299999713898, 75763.16402547433, 82168.0960443349
850.0429999828339, 75763.16402547433, 82167.44637830745
850.0429999828339, 75763.16402547433, 82167.44637830745
850.0620000362396, 75763.16402547433, 82167.44637830745
853.4960000514984, 75763.16402547433, 82164.06191256322
853.5020000934601, 75763.16402547433, 82164.06191256322
853.5090000629425, 75763.16402547433, 82163.67399407964
853.5160000324249, 75763.16402547433, 82163.67399407964
853.5220000743866, 75763.16402547433, 82163.67399407964
853.5270001888275, 75763.16402547433, 82163.67399407964
853.5270001888275, 75763.16402547433, 82162.37260195139
853.5420000553131, 75763.16402547433, 82162.37260195139
856.8090000152588, 75763.16402547433, 82161.39064449946
856.8200001716614, 75763.16402547433, 82161.39064449946
856.8280000686646, 75763.16402547433, 82161.39064449946
856.8359999656677, 75763.16402547433, 82161.39064449946
856.8470001220703, 75763.16402547433, 82161.39064449946
856.8580000400543, 75763.16402547433, 82161.39064449946
856.8670001029968, 75763.16402547433, 82161.39064449946
856.8730001449585, 75763.16402547433, 82161.39064449946
856.8730001449585, 75763.16402547433, 82160.39726551318
856.8730001449585, 75763.16402547433, 82160.39726551318
860.1549999713898, 75763.16402547433, 82160.39726551318
860.170000076294, 75763.16402547433, 82160.39726551318
860.170000076294, 75763.16402547433, 82160.39726551318
860.1890001296997, 75763.16402547433, 82160.39726551318
860.1920001506805, 75763.16402547433, 82160.39726551318
860.2080001831055, 75763.16402547433, 82159.93792358073
860.2080001831055, 75763.16402547433, 82158.9070050673
860.2260000705719, 75763.16402547433, 82158.9070050673
860.2320001125336, 75763.16402547433, 82158.9070050673
860.2360000610352, 75763.16402547433, 82158.9070050673
860.239000082016, 75763.16402547433, 82158.9070050673
863.5190000534058, 75763.16402547433, 82158.9070050673
863.5340001583099, 75763.16402547433, 82158.9070050673
863.5340001583099, 75763.16402547433, 82158.9070050673
863.5480000972748, 75763.16402547433, 82158.34131921497
863.5570001602173, 75763.16402547433, 82158.34131921497
863.5650000572205, 75763.16402547433, 82158.34131921497
867.0050001144409, 75763.16402547433, 82158.34131921497
867.0120000839233, 75763.16402547433, 82158.34131921497
867.0199999809265, 75763.16402547433, 82158.34131921497
867.0220000743866, 75763.16402547433, 82158.34131921497
867.0350000858307, 75763.16402547433, 82158.34131921497
867.0390000343323, 75763.16402547433, 82158.34131921497
870.5320000648499, 75763.16402547433, 82158.34131921497
870.5429999828339, 75763.16402547433, 82158.34131921497
870.5490000247955, 75763.16402547433, 82158.34131921497
870.5540001392365, 75763.16402547433, 82158.34131921497
870.555999994278, 75763.16402547433, 82158.34131921497
870.5700001716614, 75763.16402547433, 82152.99124903766
873.8830001354218, 75763.16402547433, 82152.99124903766
873.893000125885, 75763.16402547433, 82152.99124903766
873.9010000228882, 75763.16402547433, 82152.99124903766
873.9100000858307, 75763.16402547433, 82150.37452167219
877.2850000858307, 75763.16402547433, 82150.37452167219
877.2880001068115, 75763.16402547433, 82150.37452167219
877.2960000038147, 75763.16402547433, 82150.37452167219
877.3090000152588, 75763.16402547433, 82150.37452167219
877.3150000572205, 75763.16402547433, 82150.37452167219
877.3150000572205, 75763.16402547433, 82150.37452167219
877.3150000572205, 75763.16402547433, 82148.12705778661
877.3380000591278, 75763.16402547433, 82148.12351115808
877.3470001220703, 75763.16402547433, 82148.12351115808
880.7139999866486, 75763.16402547433, 82148.12351115808
880.7290000915527, 75763.16402547433, 82148.12351115808
880.7350001335144, 75763.16402547433, 82148.12351115808
880.7350001335144, 75763.16402547433, 82148.12351115808
880.75, 75763.16402547433, 82148.12351115808
880.75, 75763.16402547433, 82148.12351115808
880.7699999809265, 75763.16402547433, 82146.59146478452
880.7780001163483, 75763.16402547433, 82146.21568879236
880.7860000133514, 75763.16402547433, 82146.21568879236
884.1670000553131, 75763.16402547433, 82144.92887032365
884.1800000667572, 75763.16402547433, 82144.92887032365
884.1879999637604, 75763.16402547433, 82144.92887032365
884.1950001716614, 75763.16402547433, 82144.92887032365
884.2030000686646, 75763.16402547433, 82144.92887032365
884.2130000591278, 75763.16402547433, 82144.45469733022
884.2200000286102, 75763.16402547433, 82144.45469733022
884.2310001850128, 75763.16402547433, 82144.45469733022
887.6290001869202, 75763.16402547433, 82144.45469733022
887.6410000324249, 75763.16402547433, 82144.42697536675
887.6490001678467, 75763.16402547433, 82139.96134697898
887.6500000953674, 75763.16402547433, 82139.96134697898
890.7990000247955, 75763.16402547433, 82139.96134697898
890.8129999637604, 75763.16402547433, 82139.78096063931
890.8200001716614, 75763.16402547433, 82139.78096063931
890.8320000171661, 75763.16402547433, 82139.78096063931
890.8430001735687, 75763.16402547433, 82139.78096063931
890.8500001430511, 75763.16402547433, 82139.78096063931
890.8580000400543, 75763.16402547433, 82139.78096063931
890.864000082016, 75763.16402547433, 82139.78096063931
890.8680000305176, 75763.16402547433, 82139.78096063931
890.8680000305176, 75763.16402547433, 82139.78096063931
890.8680000305176, 75763.16402547433, 82139.78096063931
890.8840000629425, 75763.16402547433, 82139.78096063931
894.1400001049042, 75763.16402547433, 82139.78096063931
894.1449999809265, 75763.16402547433, 82139.78096063931
894.154000043869, 75763.16402547433, 82139.78096063931
894.1600000858307, 75763.16402547433, 82139.78096063931
894.1640000343323, 75763.16402547433, 82139.78096063931
894.170000076294, 75763.16402547433, 82138.61991698176
894.1779999732971, 75763.16402547433, 82138.61991698176
894.183000087738, 75763.16402547433, 82138.61991698176
894.1890001296997, 75763.16402547433, 82136.88724777922
894.1950001716614, 75763.16402547433, 82136.88724777922
894.2020001411438, 75763.16402547433, 82136.8354013378
894.2080001831055, 75763.16402547433, 82136.8354013378
894.2150001525879, 75763.16402547433, 82136.8354013378
894.2230000495911, 75763.16402547433, 82136.6361177412
897.664999961853, 75763.16402547433, 82136.6361177412
897.6730000972748, 75763.16402547433, 82136.6361177412
897.680999994278, 75763.16402547433, 82136.6361177412
897.6890001296997, 75763.16402547433, 82136.6361177412
897.6950001716614, 75763.16402547433, 82136.0120367755
897.7009999752045, 75763.16402547433, 82136.0120367755
901.1270000934601, 75763.16402547433, 82132.88048721889
901.1290001869202, 75763.16402547433, 82132.88048721889
901.1460001468658, 75763.16402547433, 82132.88048721889
901.1530001163483, 75763.16402547433, 82132.88048721889
901.1530001163483, 75763.16402547433, 82132.88048721889
901.1630001068115, 75763.16402547433, 82132.88048721889
901.1679999828339, 75763.16402547433, 82132.16924755025
901.1750001907349, 75763.16402547433, 82132.16924755025
901.1800000667572, 75763.16402547433, 82132.16924755025
901.1850001811981, 75763.16402547433, 82132.16924755025
901.1930000782013, 75763.16402547433, 82132.16924755025
904.6660001277924, 75763.16402547433, 82132.16924755025
904.6779999732971, 75763.16402547433, 82130.1226574459
904.6840000152588, 75763.16402547433, 82130.1226574459
904.6900000572205, 75763.16402547433, 82130.1226574459
904.6970000267029, 75763.16402547433, 82130.1226574459
904.7030000686646, 75763.16402547433, 82130.1226574459
904.7090001106262, 75763.16402547433, 82130.1226574459
904.7139999866486, 75763.16402547433, 82130.1226574459
908.0, 75763.16402547433, 82130.1226574459
908.018000125885, 75763.16402547433, 82130.1226574459
908.0230000019073, 75763.16402547433, 82130.1226574459
908.0340001583099, 75763.16402547433, 82130.1226574459
908.0340001583099, 75763.16402547433, 82130.1226574459
908.0529999732971, 75763.16402547433, 82130.1226574459
908.058000087738, 75763.16402547433, 82130.1226574459
908.0629999637604, 75763.16402547433, 82130.1226574459
908.0700001716614, 75763.16402547433, 82130.1226574459
908.0770001411438, 75763.16402547433, 82130.1226574459
908.0840001106262, 75763.16402547433, 82130.1226574459
911.5840001106262, 75763.16402547433, 82130.1226574459
911.5940001010895, 75763.16402547433, 82130.1226574459
911.5970001220703, 75763.16402547433, 82130.1226574459
911.6010000705719, 75763.16402547433, 82130.1226574459
911.614000082016, 75763.16402547433, 82125.76685083719
911.6180000305176, 75763.16402547433, 82125.76685083719
911.6180000305176, 75763.16402547433, 82124.64045022363
911.6340000629425, 75763.16402547433, 82124.64045022363
911.6349999904633, 75763.16402547433, 82124.64045022363
911.6349999904633, 75763.16402547433, 82124.64045022363
911.6530001163483, 75763.16402547433, 82124.64045022363
915.069000005722, 75763.16402547433, 82124.64045022363
915.0900001525879, 75763.16402547433, 82124.39889784387
915.0970001220703, 75763.16402547433, 82124.39889784387
915.1050000190735, 75763.16402547433, 82124.39889784387
915.1050000190735, 75763.16402547433, 82124.39889784387
915.1050000190735, 75763.16402547433, 82123.52444341028
915.1219999790192, 75763.16402547433, 82123.52444341028
915.1219999790192, 75763.16402547433, 82123.52444341028
918.4690001010895, 75763.16402547433, 82123.52444341028
918.4739999771118, 75763.16402547433, 82120.34722531118
918.4850001335144, 75763.16402547433, 82120.34722531118
918.4910001754761, 75763.16402547433, 82120.34722531118
918.4969999790192, 75763.16402547433, 82120.34722531118
918.5040001869202, 75763.16402547433, 82120.28665412984
918.5099999904633, 75763.16402547433, 82120.28665412984
918.518000125885, 75763.16402547433, 82120.28665412984
918.518000125885, 75763.16402547433, 82120.28665412984
918.518000125885, 75763.16402547433, 82120.28665412984
918.5350000858307, 75763.16402547433, 82120.28665412984
918.5350000858307, 75763.16402547433, 82120.28665412984
918.5500001907349, 75763.16402547433, 82120.28665412984
921.9160001277924, 75763.16402547433, 82119.10373558787
921.9160001277924, 75763.16402547433, 82118.25497366762
921.9360001087189, 75763.16402547433, 82117.84788430043
921.9409999847412, 75763.16402547433, 82117.84788430043
921.949000120163, 75763.16402547433, 82117.84788430043
921.9550001621246, 75763.16402547433, 82117.84788430043
921.9630000591278, 75763.16402547433, 82116.9215212766
921.970999956131, 75763.16402547433, 82116.9215212766
925.6979999542236, 75763.16402547433, 82116.88282466121
925.7090001106262, 75763.16402547433, 82116.88282466121
925.7160000801086, 75763.16402547433, 82116.88282466121
925.7260000705719, 75763.16402547433, 82116.88282466121
925.7260000705719, 75763.16402547433, 82116.26398895434
925.7430000305176, 75763.16402547433, 82116.26398895434
925.7430000305176, 75763.16402547433, 82116.26398895434
925.7540001869202, 75763.16402547433, 82116.26398895434
925.7610001564026, 75763.16402547433, 82115.53739130829
925.768000125885, 75763.16402547433, 82115.53739130829
929.2569999694824, 75763.16402547433, 82115.25250564145
929.2630000114441, 75763.16402547433, 82115.25250564145
929.268000125885, 75763.16402547433, 82115.25250564145
929.2720000743866, 75763.16402547433, 82115.25250564145
929.2780001163483, 75763.16402547433, 82115.25250564145
929.2820000648499, 75763.16402547433, 82115.25250564145
929.2860000133514, 75763.16402547433, 82115.25250564145
929.2910001277924, 75763.16402547433, 82115.25250564145
929.295000076294, 75763.16402547433, 82115.25250564145
929.3020000457764, 75763.16402547433, 82115.25250564145
929.308000087738, 75763.16402547433, 82115.25250564145
929.3120000362396, 75763.16402547433, 82115.25250564145
929.3159999847412, 75763.16402547433, 82113.80590466168
929.3259999752045, 75763.16402547433, 82112.65440344065
932.7740001678467, 75763.16402547433, 82112.65440344065
932.7860000133514, 75763.16402547433, 82112.65440344065
932.7940001487732, 75763.16402547433, 82111.93028507149
932.7940001487732, 75763.16402547433, 82111.93028507149
932.7940001487732, 75763.16402547433, 82111.93028507149
932.8170001506805, 75763.16402547433, 82111.93028507149
936.4250001907349, 75763.16402547433, 82111.93028507149
936.430999994278, 75763.16402547433, 82111.93028507149
936.4420001506805, 75763.16402547433, 82111.93028507149
936.4500000476837, 75763.16402547433, 82109.69854188398
936.4550001621246, 75763.16402547433, 82109.69854188398
936.4550001621246, 75763.16402547433, 82109.69854188398
936.4730000495911, 75763.16402547433, 82109.69854188398
936.4830000400543, 75763.16402547433, 82109.05264635554
936.4910001754761, 75763.16402547433, 82108.79026217118
936.4960000514984, 75763.16402547433, 82108.79026217118
940.0590000152588, 75763.16402547433, 82108.79026217118
940.0680000782013, 75763.16402547433, 82108.79026217118
940.0700001716614, 75763.16402547433, 82108.79026217118
940.0700001716614, 75763.16402547433, 82108.79026217118
940.085000038147, 75763.16402547433, 82108.79026217118
940.085000038147, 75763.16402547433, 82108.79026217118
940.0989999771118, 75763.16402547433, 82108.79026217118
940.103000164032, 75763.16402547433, 82108.79026217118
940.1080000400543, 75763.16402547433, 82108.79026217118
940.114000082016, 75763.16402547433, 82108.79026217118
940.1210000514984, 75763.16402547433, 82108.79026217118
940.1310000419617, 75763.16402547433, 82108.79026217118
940.1380000114441, 75763.16402547433, 82108.79026217118
940.1449999809265, 75763.16402547433, 82108.79026217118
940.1530001163483, 75763.16402547433, 82107.10875275944
943.7669999599457, 75763.16402547433, 82105.36644456752
943.7730000019073, 75763.16402547433, 82105.36644456752
943.779000043869, 75763.16402547433, 82104.89377227191
943.7860000133514, 75763.16402547433, 82102.57213550001
947.1860001087189, 75763.16402547433, 82101.76671543035
947.1960000991821, 75763.16402547433, 82100.84263816921
947.2009999752045, 75763.16402547433, 82100.84263816921
947.2060000896454, 75763.16402547433, 82100.84263816921
947.2109999656677, 75763.16402547433, 82100.84263816921
947.2139999866486, 75763.16402547433, 82100.84263816921
947.2139999866486, 75763.16402547433, 82100.84263816921
947.2139999866486, 75763.16402547433, 82100.84263816921
947.2290000915527, 75763.16402547433, 82100.56630304283
950.8510000705719, 75763.16402547433, 82099.61023347147
950.8510000705719, 75763.16402547433, 82099.61023347147
950.8689999580383, 75763.16402547433, 82099.61023347147
950.8770000934601, 75763.16402547433, 82099.61023347147
950.8840000629425, 75763.16402547433, 82099.36074110011
950.8840000629425, 75763.16402547433, 82099.36074110011
950.8840000629425, 75763.16402547433, 82098.8599330418
950.9010000228882, 75763.16402547433, 82098.8599330418
950.9079999923706, 75763.16402547433, 82098.8599330418
950.914999961853, 75763.16402547433, 82098.8599330418
950.920000076294, 75763.16402547433, 82098.6340762633
950.9260001182556, 75763.16402547433, 82098.6340762633
950.933000087738, 75763.16402547433, 82097.47965607894
954.5099999904633, 75763.16402547433, 82097.47965607894
954.5329999923706, 75763.16402547433, 82097.47965607894
954.5420000553131, 75763.16402547433, 82097.47965607894
954.5440001487732, 75763.16402547433, 82097.47965607894
954.5440001487732, 75763.16402547433, 82097.47965607894
954.5610001087189, 75763.16402547433, 82097.47965607894
954.5610001087189, 75763.16402547433, 82097.47965607894
954.574000120163, 75763.16402547433, 82097.35310540462
958.0620000362396, 75763.16402547433, 82096.18055702213
958.0650000572205, 75763.16402547433, 82096.18055702213
958.0880000591278, 75763.16402547433, 82093.90523316099
958.0880000591278, 75763.16402547433, 82093.90523316099
958.1000001430511, 75763.16402547433, 82093.90523316099
958.1040000915527, 75763.16402547433, 82093.90523316099
961.5980000495911, 75763.16402547433, 82092.69545168268
961.6100001335144, 75763.16402547433, 82092.69545168268
961.6180000305176, 75763.16402547433, 82092.69545168268
961.6180000305176, 75763.16402547433, 82092.69545168268
961.6180000305176, 75763.16402547433, 82092.69545168268
961.6340000629425, 75763.16402547433, 82092.69545168268
961.6340000629425, 75763.16402547433, 82092.69545168268
961.6340000629425, 75763.16402547433, 82092.69545168268
961.6490001678467, 75763.16402547433, 82092.69545168268
961.6560001373291, 75763.16402547433, 82092.69545168268
961.6620001792908, 75763.16402547433, 82092.69545168268
961.6670000553131, 75763.16402547433, 82092.69545168268
961.6730000972748, 75763.16402547433, 82092.69545168268
961.6790001392365, 75763.16402547433, 82091.99922799178
965.2829999923706, 75763.16402547433, 82090.64844217326
965.2829999923706, 75763.16402547433, 82090.64844217326
965.2940001487732, 75763.16402547433, 82090.64844217326
965.3010001182556, 75763.16402547433, 82090.50762921797
965.3040001392365, 75763.16402547433, 82090.50762921797
965.319000005722, 75763.16402547433, 82090.50762921797
965.3250000476837, 75763.16402547433, 82090.50762921797
965.3320000171661, 75763.16402547433, 82090.50762921797
968.7929999828339, 75763.16402547433, 82090.50762921797
968.7980000972748, 75763.16402547433, 82090.50762921797
968.805999994278, 75763.16402547433, 82090.50762921797
968.8140001296997, 75763.16402547433, 82090.50762921797
968.8229999542236, 75763.16402547433, 82085.09116901715
972.4140000343323, 75763.16402547433, 82085.09116901715
972.422000169754, 75763.16402547433, 82085.09116901715
972.4370000362396, 75763.16402547433, 82084.24336487368
972.4430000782013, 75763.16402547433, 82084.24336487368
972.4430000782013, 75763.16402547433, 82084.24336487368
972.4580001831055, 75763.16402547433, 82084.24336487368
972.4660000801086, 75763.16402547433, 82084.24336487368
972.4660000801086, 75763.16402547433, 82084.24336487368
975.8830001354218, 75763.16402547433, 82084.24336487368
975.8919999599457, 75763.16402547433, 82084.24336487368
975.9000000953674, 75763.16402547433, 82084.24336487368
975.9140000343323, 75763.16402547433, 82084.24336487368
975.9230000972748, 75763.16402547433, 82084.24336487368
975.9300000667572, 75763.16402547433, 82084.24336487368
975.9360001087189, 75763.16402547433, 82084.24336487368
975.9409999847412, 75763.16402547433, 82084.24336487368
975.9470000267029, 75763.16402547433, 82084.24336487368
975.9470000267029, 75763.16402547433, 82081.18743736288
975.962000131607, 75763.16402547433, 82081.18743736288
975.9670000076294, 75763.16402547433, 82081.18743736288
975.9700000286102, 75763.16402547433, 82081.18743736288
979.720999956131, 75763.16402547433, 82081.18743736288
979.7290000915527, 75763.16402547433, 82081.18743736288
979.7320001125336, 75763.16402547433, 82080.65566423694
979.7450001239777, 75763.16402547433, 82080.65566423694
979.7490000724792, 75763.16402547433, 82080.65566423694
979.7490000724792, 75763.16402547433, 82080.65566423694
979.7610001564026, 75763.16402547433, 82080.65566423694
979.7660000324249, 75763.16402547433, 82080.65566423694
979.7660000324249, 75763.16402547433, 82080.65566423694
979.7770001888275, 75763.16402547433, 82079.77644395233
979.7829999923706, 75763.16402547433, 82079.77644395233
979.7829999923706, 75763.16402547433, 82079.77644395233
979.8000001907349, 75763.16402547433, 82079.77382806157
979.805999994278, 75763.16402547433, 82079.63178999782
979.8129999637604, 75763.16402547433, 82078.23750180317
983.4980001449585, 75763.16402547433, 82078.23750180317
983.5080001354218, 75763.16402547433, 82078.23750180317
983.5120000839233, 75763.16402547433, 82077.21183728144
983.5260000228882, 75763.16402547433, 82075.28200179059
983.5260000228882, 75763.16402547433, 82075.28200179059
983.5260000228882, 75763.16402547433, 82075.28200179059
987.1449999809265, 75763.16402547433, 82075.28200179059
987.154000043869, 75763.16402547433, 82074.8189171966
987.1590001583099, 75763.16402547433, 82074.8189171966
987.170000076294, 75763.16402547433, 82074.8189171966
987.1840000152588, 75763.16402547433, 82074.8189171966
987.1950001716614, 75763.16402547433, 82074.8189171966
987.2050001621246, 75763.16402547433, 82074.8189171966
987.2109999656677, 75763.16402547433, 82074.8189171966
987.2230000495911, 75763.16402547433, 82074.8189171966
987.2269999980927, 75763.16402547433, 82074.8189171966
987.2269999980927, 75763.16402547433, 82074.70036910257
987.2420001029968, 75763.16402547433, 82074.70036910257
990.9630000591278, 75763.16402547433, 82074.15806734556
990.9720001220703, 75763.16402547433, 82074.15806734556
990.9790000915527, 75763.16402547433, 82074.15806734556
990.9860000610352, 75763.16402547433, 82074.15806734556
990.9900000095367, 75763.16402547433, 82073.58292098407
991.0, 75763.16402547433, 82073.58292098407
991.0020000934601, 75763.16402547433, 82073.24401229355
991.0169999599457, 75763.16402547433, 82073.24401229355
994.587000131607, 75763.16402547433, 82072.93908571481
994.5989999771118, 75763.16402547433, 82072.93908571481
994.6080000400543, 75763.16402547433, 82071.77856820062
994.6170001029968, 75763.16402547433, 82071.43757629627
994.625, 75763.16402547433, 82071.43757629627
994.6330001354218, 75763.16402547433, 82071.43757629627
998.2190001010895, 75763.16402547433, 82067.99310300879
998.2290000915527, 75763.16402547433, 82067.99310300879
998.2290000915527, 75763.16402547433, 82067.99310300879
998.2439999580383, 75763.16402547433, 82067.99310300879
998.2439999580383, 75763.16402547433, 82067.99310300879
998.2439999580383, 75763.16402547433, 82067.99310300879
998.2630000114441, 75763.16402547433, 82067.99310300879
998.2699999809265, 75763.16402547433, 82065.87469573447
998.2770001888275, 75763.16402547433, 82065.87469573447
998.2850000858307, 75763.16402547433, 82065.87469573447
998.2910001277924, 75763.16402547433, 82065.87469573447
1001.9479999542236, 75763.16402547433, 82065.69833372475
1001.9479999542236, 75763.16402547433, 82065.69833372475
1001.9680001735687, 75763.16402547433, 82065.69833372475
1001.970999956131, 75763.16402547433, 82065.69833372475
1005.449000120163, 75763.16402547433, 82065.2738496394
1005.4650001525879, 75763.16402547433, 82065.2738496394
1005.4730000495911, 75763.16402547433, 82064.47641730968
1005.4820001125336, 75763.16402547433, 82064.47641730968
1005.4860000610352, 75763.16402547433, 82064.47641730968
1005.4980001449585, 75763.16402547433, 82064.47641730968
1008.9539999961853, 75763.16402547433, 82064.08327740556
1008.9609999656677, 75763.16402547433, 82064.08327740556
1008.970999956131, 75763.16402547433, 82063.61753610951
1008.9800000190735, 75763.16402547433, 82063.61753610951
1008.989000082016, 75763.16402547433, 82063.61753610951
1008.9969999790192, 75763.16402547433, 82063.61753610951
1009.0050001144409, 75763.16402547433, 82063.61753610951
1009.0120000839233, 75763.16402547433, 82063.61753610951
1009.0130000114441, 75763.16402547433, 82063.61753610951
1009.0130000114441, 75763.16402547433, 82063.18488792275
1009.029000043869, 75763.16402547433, 82063.18488792275
1012.433000087738, 75763.16402547433, 82063.18488792275
1012.444000005722, 75763.16402547433, 82063.18488792275
1012.4500000476837, 75763.16402547433, 82063.18488792275
1012.4530000686646, 75763.16402547433, 82063.18488792275
1012.4660000801086, 75763.16402547433, 82063.18488792275
1016.0670001506805, 75763.16402547433, 82063.18488792275
1016.069000005722, 75763.16402547433, 82063.18488792275
1016.087000131607, 75763.16402547433, 82060.94819359794
1016.0910000801086, 75763.16402547433, 82060.94819359794
1016.0910000801086, 75763.16402547433, 82060.94819359794
1016.1050000190735, 75763.16402547433, 82060.94819359794
1016.1050000190735, 75763.16402547433, 82060.94819359794
1016.1219999790192, 75763.16402547433, 82060.94819359794
1016.1280000209808, 75763.16402547433, 82060.94819359794
1016.1340000629425, 75763.16402547433, 82060.94819359794
1016.1440000534058, 75763.16402547433, 82060.94819359794
1016.1510000228882, 75763.16402547433, 82060.94819359794
1016.1570000648499, 75763.16402547433, 82060.94819359794
1019.7300000190735, 75763.16402547433, 82060.94819359794
1019.7300000190735, 75763.16402547433, 82060.94819359794
1019.7469999790192, 75763.16402547433, 82060.94819359794
1019.7469999790192, 75763.16402547433, 82060.94819359794
1019.7580001354218, 75763.16402547433, 82060.94819359794
1019.7640001773834, 75763.16402547433, 82060.94819359794
1019.7640001773834, 75763.16402547433, 82060.94819359794
1019.7740001678467, 75763.16402547433, 82060.94819359794
1019.7799999713898, 75763.16402547433, 82057.80305538492
1023.422000169754, 75763.16402547433, 82057.80305538492
1023.4320001602173, 75763.16402547433, 82057.80305538492
1023.4409999847412, 75763.16402547433, 82057.19762227726
1023.4409999847412, 75763.16402547433, 82057.19762227726
1023.4570000171661, 75763.16402547433, 82057.19762227726
1023.4630000591278, 75763.16402547433, 82056.05409353069
1023.4690001010895, 75763.16402547433, 82056.05409353069
1023.4739999771118, 75763.16402547433, 82056.05409353069
1023.4739999771118, 75763.16402547433, 82056.05409353069
1027.1600000858307, 75763.16402547433, 82053.98366329017
1027.1600000858307, 75763.16402547433, 82052.87343801536
1027.1600000858307, 75763.16402547433, 82052.87343801536
1027.1760001182556, 75763.16402547433, 82052.87343801536
1027.1800000667572, 75763.16402547433, 82052.87343801536
1027.1850001811981, 75763.16402547433, 82052.87343801536
1027.1850001811981, 75763.16402547433, 82052.87343801536
1027.1950001716614, 75763.16402547433, 82052.87343801536
1027.1979999542236, 75763.16402547433, 82052.87343801536
1027.1979999542236, 75763.16402547433, 82052.87343801536
1027.212000131607, 75763.16402547433, 82052.87343801536
1027.2170000076294, 75763.16402547433, 82052.87343801536
1027.223000049591, 75763.16402547433, 82052.87343801536
1027.2300000190735, 75763.16402547433, 82052.81282866631
1027.2380001544952, 75763.16402547433, 82052.81282866631
1027.2439999580383, 75763.16402547433, 82052.81282866631
1027.2450001239777, 75763.16402547433, 82052.81282866631
1027.2450001239777, 75763.16402547433, 82052.81282866631
1027.2450001239777, 75763.16402547433, 82052.81282866631
1027.2599999904633, 75763.16402547433, 82052.81282866631
1030.797000169754, 75763.16402547433, 82051.39575225815
1030.8129999637604, 75763.16402547433, 82051.39575225815
1030.8129999637604, 75763.16402547433, 82051.39575225815
1030.8280000686646, 75763.16402547433, 82051.39575225815
1030.8289999961853, 75763.16402547433, 82051.39575225815
1030.8450000286102, 75763.16402547433, 82051.39575225815
1030.853000164032, 75763.16402547433, 82051.0666743844
1030.8610000610352, 75763.16402547433, 82051.0666743844
1030.8689999580383, 75763.16402547433, 82051.0666743844
1030.8760001659393, 75763.16402547433, 82051.0666743844
1030.8780000209808, 75763.16402547433, 82051.0666743844
1030.8780000209808, 75763.16402547433, 82050.96072283419
1030.8960001468658, 75763.16402547433, 82050.96072283419
1030.9020001888275, 75763.16402547433, 82050.96072283419
1030.9079999923706, 75763.16402547433, 82050.40082581733
1034.3630001544952, 75763.16402547433, 82050.40082581733
1034.3730001449585, 75763.16402547433, 82050.40082581733
1034.3790001869202, 75763.16402547433, 82050.40082581733
1034.3790001869202, 75763.16402547433, 82050.40082581733
1034.3900001049042, 75763.16402547433, 82050.40082581733
1034.3960001468658, 75763.16402547433, 82050.40082581733
1034.4049999713898, 75763.16402547433, 82050.40082581733
1034.4049999713898, 75763.16402547433, 82050.40082581733
1034.4130001068115, 75763.16402547433, 82050.40082581733
1034.420000076294, 75763.16402547433, 82050.40082581733
1034.420000076294, 75763.16402547433, 82050.40082581733
1034.4300000667572, 75763.16402547433, 82048.07831003323
1034.4360001087189, 75763.16402547433, 82048.07831003323
1034.4360001087189, 75763.16402547433, 82048.07831003323
1034.4470000267029, 75763.16402547433, 82048.07831003323
1038.156000137329, 75763.16402547433, 82048.07831003323
1038.1630001068115, 75763.16402547433, 82046.53341534
1038.1630001068115, 75763.16402547433, 82046.53341534
1038.1800000667572, 75763.16402547433, 82046.53341534
1038.1870000362396, 75763.16402547433, 82046.53341534
1038.1870000362396, 75763.16402547433, 82046.53341534
1038.199000120163, 75763.16402547433, 82046.53341534
1038.199000120163, 75763.16402547433, 82046.53341534
1041.358999967575, 75763.16402547433, 82046.53341534
1041.358999967575, 75763.16402547433, 82046.53341534
1041.3760001659393, 75763.16402547433, 82046.53341534
1041.3819999694824, 75763.16402547433, 82046.53341534
1041.3900001049042, 75763.16402547433, 82046.53341534
1041.3919999599457, 75763.16402547433, 82046.53341534
1041.40900015831, 75763.16402547433, 82046.53341534
1045.1230001449585, 75763.16402547433, 82043.02837187763
1045.1310000419617, 75763.16402547433, 82042.42333983198
1045.1419999599457, 75763.16402547433, 82042.41508543897
1045.1520001888275, 75763.16402547433, 82041.26519641069
1048.7269999980927, 75763.16402547433, 82041.26519641069
1048.741000175476, 75763.16402547433, 82041.26519641069
1048.7540001869202, 75763.16402547433, 82041.26519641069
1048.7650001049042, 75763.16402547433, 82041.26519641069
1048.7710001468658, 75763.16402547433, 82041.26519641069
1048.7770001888275, 75763.16402547433, 82041.26519641069
1048.779000043869, 75763.16402547433, 82041.26519641069
1048.7860000133514, 75763.16402547433, 82041.26519641069
1048.7940001487732, 75763.16402547433, 82041.26519641069
1048.7940001487732, 75763.16402547433, 82041.26519641069
1048.8029999732971, 75763.16402547433, 82040.88907105665
1048.8120000362396, 75763.16402547433, 82040.88907105665
1048.8200001716614, 75763.16402547433, 82040.49770127452
1052.542000055313, 75763.16402547433, 82040.49770127452
1052.5520000457764, 75763.16402547433, 82040.49770127452
1052.5600001811981, 75763.16402547433, 82040.49770127452
1052.5670001506805, 75763.16402547433, 82040.49770127452
1052.5729999542236, 75763.16402547433, 82040.49770127452
1052.5800001621246, 75763.16402547433, 82040.49770127452
1052.5800001621246, 75763.16402547433, 82040.49770127452
1052.5800001621246, 75763.16402547433, 82040.49770127452
1056.3470001220703, 75763.16402547433, 82039.05761601239
1056.3550000190735, 75763.16402547433, 82039.05761601239
1056.366000175476, 75763.16402547433, 82039.05761601239
1060.0250000953674, 75763.16402547433, 82039.05761601239
1060.029000043869, 75763.16402547433, 82039.05761601239
1060.0500001907349, 75763.16402547433, 82039.05761601239
1060.0590000152588, 75763.16402547433, 82039.05761601239
1060.0680000782013, 75763.16402547433, 82039.05761601239
1060.0710000991821, 75763.16402547433, 82039.05761601239
1060.0859999656677, 75763.16402547433, 82039.05761601239
1060.0970001220703, 75763.16402547433, 82039.05761601239
1060.1070001125336, 75763.16402547433, 82039.05761601239
1060.114000082016, 75763.16402547433, 82039.05761601239
1060.114000082016, 75763.16402547433, 82039.05761601239
1063.8320000171661, 75763.16402547433, 82035.58079079958
1063.8410000801086, 75763.16402547433, 82035.58079079958
1063.8489999771118, 75763.16402547433, 82035.58079079958
1063.8550000190735, 75763.16402547433, 82035.58079079958
1063.8610000610352, 75763.16402547433, 82035.58079079958
1063.8680000305176, 75763.16402547433, 82035.58079079958
1063.8680000305176, 75763.16402547433, 82035.58079079958
1067.4409999847412, 75763.16402547433, 82035.58079079958
1067.4530000686646, 75763.16402547433, 82035.58079079958
1067.4550001621246, 75763.16402547433, 82035.58079079958
1067.4660000801086, 75763.16402547433, 82035.58079079958
1067.4690001010895, 75763.16402547433, 82035.58079079958
1067.483999967575, 75763.16402547433, 82035.58079079958
1067.4880001544952, 75763.16402547433, 82035.58079079958
1067.4980001449585, 75763.16402547433, 82035.58079079958
1071.029000043869, 75763.16402547433, 82035.58079079958
1071.0480000972748, 75763.16402547433, 82035.58079079958
1071.0529999732971, 75763.16402547433, 82035.58079079958
1071.0610001087189, 75763.16402547433, 82035.58079079958
1071.0650000572205, 75763.16402547433, 82035.58079079958
1071.0800001621246, 75763.16402547433, 82035.58079079958
1071.0820000171661, 75763.16402547433, 82035.58079079958
1071.0989999771118, 75763.16402547433, 82035.58079079958
1071.1060001850128, 75763.16402547433, 82035.58079079958
1074.9240000247955, 75763.16402547433, 82033.9702353172
1074.9400000572205, 75763.16402547433, 82033.9702353172
1074.9400000572205, 75763.16402547433, 82033.9702353172
1074.9570000171661, 75763.16402547433, 82033.9702353172
1074.9570000171661, 75763.16402547433, 82033.9702353172
1078.7320001125336, 75763.16402547433, 82030.96120246005
1078.7439999580383, 75763.16402547433, 82030.96120246005
1078.7530000209808, 75763.16402547433, 82030.49746301267
1078.766000032425, 75763.16402547433, 82030.29854609635
1078.7690000534058, 75763.16402547433, 82029.90880064674
1078.7690000534058, 75763.16402547433, 82029.90880064674
1078.7850000858307, 75763.16402547433, 82029.90880064674
1078.789999961853, 75763.16402547433, 82029.90880064674
1078.795000076294, 75763.16402547433, 82029.90880064674
1078.7990000247955, 75763.16402547433, 82029.90880064674
1078.8050000667572, 75763.16402547433, 82029.90880064674
1078.8110001087189, 75763.16402547433, 82029.90880064674
1078.8170001506805, 75763.16402547433, 82029.90880064674
1082.5750000476837, 75763.16402547433, 82029.90880064674
1082.5920000076294, 75763.16402547433, 82029.90880064674
1082.5920000076294, 75763.16402547433, 82029.90880064674
1082.611999988556, 75763.16402547433, 82029.90880064674
1082.611999988556, 75763.16402547433, 82028.94923562829
1082.630000114441, 75763.16402547433, 82028.94923562829
1082.630000114441, 75763.16402547433, 82028.94923562829
1082.6470000743866, 75763.16402547433, 82028.94923562829
1086.3540000915527, 75763.16402547433, 82026.34874332593
1086.3630001544952, 75763.16402547433, 82026.34874332593
1086.3700001239777, 75763.16402547433, 82026.34874332593
1086.3790001869202, 75763.16402547433, 82026.34874332593
1086.388000011444, 75763.16402547433, 82026.34874332593
1086.393000125885, 75763.16402547433, 82026.34874332593
1086.3990001678467, 75763.16402547433, 82026.34874332593
1086.4049999713898, 75763.16402547433, 82026.34874332593
1086.4110000133514, 75763.16402547433, 82026.34874332593
1086.417000055313, 75763.16402547433, 82026.34874332593
1086.4179999828339, 75763.16402547433, 82026.34874332593
1086.4179999828339, 75763.16402547433, 82026.34874332593
1086.4340000152588, 75763.16402547433, 82026.34874332593
1086.4340000152588, 75763.16402547433, 82026.34874332593
1090.1610000133514, 75763.16402547433, 82022.58408082466
1090.1770000457764, 75763.16402547433, 82022.58408082466
1090.194000005722, 75763.16402547433, 82021.38122137425
1090.2020001411438, 75763.16402547433, 82021.38122137425
1090.215000152588, 75763.16402547433, 82021.38122137425
1090.2160000801086, 75763.16402547433, 82019.32392077953
1090.2300000190735, 75763.16402547433, 82019.32392077953
1090.2300000190735, 75763.16402547433, 82019.32392077953
1090.2480001449585, 75763.16402547433, 82019.32392077953
1090.25200009346, 75763.16402547433, 82019.32392077953
1090.2560000419617, 75763.16402547433, 82019.32392077953
1093.9830000400543, 75763.16402547433, 82019.26628805863
1093.991000175476, 75763.16402547433, 82019.26628805863
1094.0, 75763.16402547433, 82019.2658028492
1094.0080001354218, 75763.16402547433, 82019.2658028492
1094.016000032425, 75763.16402547433, 82019.2658028492
1094.0240001678467, 75763.16402547433, 82019.2658028492
1094.031000137329, 75763.16402547433, 82016.84942965498
1094.0360000133514, 75763.16402547433, 82016.84942965498
1097.9750001430511, 75763.16402547433, 82016.17423528653
1097.9750001430511, 75763.16402547433, 82016.17423528653
1097.9920001029968, 75763.16402547433, 82015.43960908007
1097.9950001239777, 75763.16402547433, 82015.43960908007
1097.9950001239777, 75763.16402547433, 82015.43960908007
1098.0110001564026, 75763.16402547433, 82015.43960908007
1098.0110001564026, 75763.16402547433, 82015.43960908007
1098.0110001564026, 75763.16402547433, 82014.20532409739
1101.5650000572205, 75763.16402547433, 82014.20532409739
1101.5759999752045, 75763.16402547433, 82014.20532409739
1101.585000038147, 75763.16402547433, 82014.20532409739
1101.5970001220703, 75763.16402547433, 82014.20532409739
1101.6110000610352, 75763.16402547433, 82014.20532409739
1101.614000082016, 75763.16402547433, 82014.20532409739
1101.614000082016, 75763.16402547433, 82013.3488090502
1101.6370000839233, 75763.16402547433, 82013.3488090502
1105.337000131607, 75763.16402547433, 82012.8522725226
1105.3540000915527, 75763.16402547433, 82012.3570864048
1105.366000175476, 75763.16402547433, 82012.3570864048
1105.3740000724792, 75763.16402547433, 82012.3570864048
1105.3740000724792, 75763.16402547433, 82012.22571231305
1105.3890001773834, 75763.16402547433, 82012.21677347449
1105.3890001773834, 75763.16402547433, 82012.21677347449
1105.3890001773834, 75763.16402547433, 82012.21677347449
1105.4100000858307, 75763.16402547433, 82012.21677347449
1105.4160001277924, 75763.16402547433, 82012.21677347449
1105.4210000038147, 75763.16402547433, 82012.21677347449
1105.4260001182556, 75763.16402547433, 82012.0133325528
1105.4320001602173, 75763.16402547433, 82012.0133325528
1105.4379999637604, 75763.16402547433, 82012.0133325528
1109.279000043869, 75763.16402547433, 82011.82926608053
1109.2860000133514, 75763.16402547433, 82011.82926608053
1109.295000076294, 75763.16402547433, 82011.66053096222
1109.2980000972748, 75763.16402547433, 82011.66053096222
1109.3029999732971, 75763.16402547433, 82011.66053096222
1109.3100001811981, 75763.16402547433, 82011.66053096222
1109.3159999847412, 75763.16402547433, 82011.28388147961
1109.3220000267029, 75763.16402547433, 82011.28388147961
1109.3259999752045, 75763.16402547433, 82011.28388147961
1109.3320000171661, 75763.16402547433, 82011.28388147961
1109.337000131607, 75763.16402547433, 82011.28388147961
1109.3420000076294, 75763.16402547433, 82011.28388147961
1109.345999956131, 75763.16402547433, 82011.28388147961
1109.3500001430511, 75763.16402547433, 82011.28388147961
1109.3560001850128, 75763.16402547433, 82011.28388147961
1109.3580000400543, 75763.16402547433, 82011.28388147961
1109.3580000400543, 75763.16402547433, 82011.28388147961
1113.1790001392365, 75763.16402547433, 82008.10712468562
1113.1920001506805, 75763.16402547433, 82008.10712468562
1113.2030000686646, 75763.16402547433, 82008.10712468562
1113.2109999656677, 75763.16402547433, 82006.70257692163
1113.2239999771118, 75763.16402547433, 82006.70257692163
1116.8670001029968, 75763.16402547433, 82006.70257692163
1116.8730001449585, 75763.16402547433, 82006.70257692163
1116.880000114441, 75763.16402547433, 82006.70257692163
1116.8900001049042, 75763.16402547433, 82006.54087655513
1116.8980000019073, 75763.16402547433, 82006.54087655513
1116.8980000019073, 75763.16402547433, 82006.54087655513
1116.9120001792908, 75763.16402547433, 82006.08482066005
1120.7009999752045, 75763.16402547433, 82006.08482066005
1120.715000152588, 75763.16402547433, 82006.08482066005
1120.7239999771118, 75763.16402547433, 82005.515977901
1120.7239999771118, 75763.16402547433, 82005.515977901
1120.7360000610352, 75763.16402547433, 82005.515977901
1120.7360000610352, 75763.16402547433, 82005.515977901
1120.7540001869202, 75763.16402547433, 82005.515977901
1120.7610001564026, 75763.16402547433, 82005.515977901
1120.7690000534058, 75763.16402547433, 82005.515977901
1120.7740001678467, 75763.16402547433, 82005.515977901
1124.4530000686646, 75763.16402547433, 82003.7380987683
1124.470999956131, 75763.16402547433, 82003.7380987683
1124.4739999771118, 75763.16402547433, 82003.7380987683
1124.4920001029968, 75763.16402547433, 82003.05885961842
1124.50200009346, 75763.16402547433, 82003.05885961842
1128.2190001010895, 75763.16402547433, 82003.05885961842
1128.233999967575, 75763.16402547433, 82003.05885961842
1128.2460000514984, 75763.16402547433, 82003.05885961842
1128.2469999790192, 75763.16402547433, 82003.05885961842
1128.2620000839233, 75763.16402547433, 82003.05885961842
1128.2690000534058, 75763.16402547433, 82003.05885961842
1128.2760000228882, 75763.16402547433, 82003.05885961842
1128.2820000648499, 75763.16402547433, 82003.05885961842
1131.9700000286102, 75763.16402547433, 82002.28312138157
1131.9790000915527, 75763.16402547433, 82002.28312138157
1131.989000082016, 75763.16402547433, 82002.28312138157
1131.9950001239777, 75763.16402547433, 82002.28312138157
1132.0060000419617, 75763.16402547433, 82002.28312138157
1132.0069999694824, 75763.16402547433, 82002.28312138157
1132.0210001468658, 75763.16402547433, 82002.28312138157
1132.0360000133514, 75763.16402547433, 82002.28312138157
1132.0429999828339, 75763.16402547433, 82002.28312138157
1132.0500001907349, 75763.16402547433, 82001.80822385862
1132.0570001602173, 75763.16402547433, 82001.80822385862
1135.866000175476, 75763.16402547433, 81996.40801593527
1135.8890001773834, 75763.16402547433, 81996.40801593527
1135.9030001163483, 75763.16402547433, 81996.40801593527
1139.7850000858307, 75763.16402547433, 81993.81127026574
1139.7850000858307, 75763.16402547433, 81993.81127026574
1139.805999994278, 75763.16402547433, 81993.53335787106
1139.8120000362396, 75763.16402547433, 81993.53335787106
1143.4920001029968, 75763.16402547433, 81993.53335787106
1143.5010001659393, 75763.16402547433, 81993.53335787106
1143.5090000629425, 75763.16402547433, 81993.53335787106
1143.5150001049042, 75763.16402547433, 81993.53335787106
1143.5260000228882, 75763.16402547433, 81993.53335787106
1143.5299999713898, 75763.16402547433, 81993.53335787106
1143.5299999713898, 75763.16402547433, 81993.53335787106
1143.5520000457764, 75763.16402547433, 81993.53335787106
1143.5600001811981, 75763.16402547433, 81993.53335787106
1143.5680000782013, 75763.16402547433, 81993.53335787106
1143.5759999752045, 75763.16402547433, 81993.53335787106
1143.5759999752045, 75763.16402547433, 81993.53335787106
1143.5910000801086, 75763.16402547433, 81993.53335787106
1143.5920000076294, 75763.16402547433, 81993.53335787106
1147.3680000305176, 75763.16402547433, 81993.53335787106
1147.3680000305176, 75763.16402547433, 81993.53335787106
1147.3840000629425, 75763.16402547433, 81993.53335787106
1147.3960001468658, 75763.16402547433, 81993.53335787106
1147.4010000228882, 75763.16402547433, 81993.53335787106
1147.4010000228882, 75763.16402547433, 81993.53335787106
1151.0659999847412, 75763.16402547433, 81992.80493184699
1151.0710000991821, 75763.16402547433, 81992.80493184699
1151.0880000591278, 75763.16402547433, 81992.80493184699
1151.090000152588, 75763.16402547433, 81992.80493184699
1151.090000152588, 75763.16402547433, 81992.80493184699
1151.1080000400543, 75763.16402547433, 81992.80493184699
1151.1150000095367, 75763.16402547433, 81992.80493184699
1151.1200001239777, 75763.16402547433, 81992.80493184699
1155.016000032425, 75763.16402547433, 81992.80493184699
1155.0210001468658, 75763.16402547433, 81992.80493184699
1155.0299999713898, 75763.16402547433, 81992.80493184699
1155.0410001277924, 75763.16402547433, 81992.80493184699
1155.0500001907349, 75763.16402547433, 81988.10828922022
1155.055999994278, 75763.16402547433, 81988.10828922022
1155.0659999847412, 75763.16402547433, 81988.10828922022
1158.654000043869, 75763.16402547433, 81986.4208200966
1158.6630001068115, 75763.16402547433, 81986.4208200966
1158.667000055313, 75763.16402547433, 81986.4208200966
1158.667000055313, 75763.16402547433, 81986.2761264558
1158.6820001602173, 75763.16402547433, 81986.2761264558
1158.6820001602173, 75763.16402547433, 81986.2761264558
1158.6970000267029, 75763.16402547433, 81986.2761264558
1158.7000000476837, 75763.16402547433, 81986.2761264558
1158.7000000476837, 75763.16402547433, 81986.2761264558
1158.7160000801086, 75763.16402547433, 81986.2761264558
1158.7160000801086, 75763.16402547433, 81986.2761264558
1158.7290000915527, 75763.16402547433, 81984.40286053752
1162.5789999961853, 75763.16402547433, 81984.38694762482
1162.5920000076294, 75763.16402547433, 81984.38694762482
1162.6019999980927, 75763.16402547433, 81984.38694762482
1162.6050000190735, 75763.16402547433, 81984.38694762482
1162.6050000190735, 75763.16402547433, 81984.38694762482
1166.3670001029968, 75763.16402547433, 81984.38694762482
1166.3780000209808, 75763.16402547433, 81984.38694762482
1166.3860001564026, 75763.16402547433, 81984.38694762482
1166.393000125885, 75763.16402547433, 81984.38694762482
1166.3990001678467, 75763.16402547433, 81984.38694762482
1166.404000043869, 75763.16402547433, 81984.38694762482
1166.4110000133514, 75763.16402547433, 81984.38694762482
1166.4179999828339, 75763.16402547433, 81984.38694762482
1166.4250001907349, 75763.16402547433, 81984.38694762482
1166.4340000152588, 75763.16402547433, 81984.38694762482
1166.4420001506805, 75763.16402547433, 81984.38694762482
1166.444000005722, 75763.16402547433, 81980.10526871672
1170.6230001449585, 75763.16402547433, 81980.08970847673
1170.6340000629425, 75763.16402547433, 81980.08970847673
1170.643000125885, 75763.16402547433, 81980.08970847673
1170.6500000953674, 75763.16402547433, 81980.08970847673
1170.6530001163483, 75763.16402547433, 81980.04107966094
1170.6679999828339, 75763.16402547433, 81979.85106742143
1170.6679999828339, 75763.16402547433, 81979.85106742143
1170.6790001392365, 75763.16402547433, 81979.85106742143
1170.6870000362396, 75763.16402547433, 81979.85106742143
1170.6920001506805, 75763.16402547433, 81979.85106742143
1174.6520001888275, 75763.16402547433, 81979.85106742143
1174.6520001888275, 75763.16402547433, 81979.85106742143
1174.6690001487732, 75763.16402547433, 81979.85106742143
1174.6690001487732, 75763.16402547433, 81979.85106742143
1174.6840000152588, 75763.16402547433, 81979.85106742143
1174.6860001087189, 75763.16402547433, 81979.85106742143
1178.4810001850128, 75763.16402547433, 81979.85106742143
1178.4950001239777, 75763.16402547433, 81979.85106742143
1178.50200009346, 75763.16402547433, 81977.69060817853
1178.5210001468658, 75763.16402547433, 81977.69060817853
1178.529000043869, 75763.16402547433, 81977.69060817853
1178.5380001068115, 75763.16402547433, 81977.69060817853
1178.545000076294, 75763.16402547433, 81977.69060817853
1182.125, 75763.16402547433, 81975.11020666071
1182.1370000839233, 75763.16402547433, 81975.11020666071
1182.1470000743866, 75763.16402547433, 81975.11020666071
1182.1510000228882, 75763.16402547433, 81975.11020666071
1182.1679999828339, 75763.16402547433, 81975.11020666071
1182.1779999732971, 75763.16402547433, 81975.11020666071
1182.1870000362396, 75763.16402547433, 81975.11020666071
1182.1950001716614, 75763.16402547433, 81975.11020666071
1186.2290000915527, 75763.16402547433, 81975.11020666071
1186.2290000915527, 75763.16402547433, 81975.11020666071
1186.2450001239777, 75763.16402547433, 81975.11020666071
1186.2490000724792, 75763.16402547433, 81975.11020666071
1186.2490000724792, 75763.16402547433, 81975.11020666071
1186.2669999599457, 75763.16402547433, 81975.11020666071
1186.2669999599457, 75763.16402547433, 81975.11020666071
1186.2829999923706, 75763.16402547433, 81972.89503293241
1186.2880001068115, 75763.16402547433, 81972.89503293241
1189.9790000915527, 75763.16402547433, 81972.48181852918
1189.9880001544952, 75763.16402547433, 81972.48181852918
1189.9969999790192, 75763.16402547433, 81972.48181852918
1190.005000114441, 75763.16402547433, 81972.48181852918
1190.0150001049042, 75763.16402547433, 81972.48181852918
1190.0230000019073, 75763.16402547433, 81972.48181852918
1190.03400015831, 75763.16402547433, 81972.48181852918
1190.0370001792908, 75763.16402547433, 81972.48181852918
1193.8050000667572, 75763.16402547433, 81972.48181852918
1193.8200001716614, 75763.16402547433, 81970.37237961341
1193.8200001716614, 75763.16402547433, 81970.37237961341
1193.8200001716614, 75763.16402547433, 81970.37237961341
1193.837000131607, 75763.16402547433, 81970.37237961341
1193.837000131607, 75763.16402547433, 81970.37237961341
1193.851000070572, 75763.16402547433, 81969.96600804408
1193.8540000915527, 75763.16402547433, 81969.96600804408
1193.8540000915527, 75763.16402547433, 81967.81182799471
1193.8710000514984, 75763.16402547433, 81967.81182799471
1197.6710000038147, 75763.16402547433, 81967.81182799471
1197.6790001392365, 75763.16402547433, 81967.81182799471
1197.6890001296997, 75763.16402547433, 81967.81182799471
1197.7009999752045, 75763.16402547433, 81967.81182799471
1197.7090001106262, 75763.16402547433, 81967.81182799471
1197.7200000286102, 75763.16402547433, 81967.81182799471
1197.7330000400543, 75763.16402547433, 81967.81182799471
1197.7450001239777, 75763.16402547433, 81967.81182799471
1197.7560000419617, 75763.16402547433, 81967.81182799471
1197.763000011444, 75763.16402547433, 81966.50002209349
1197.763000011444, 75763.16402547433, 81966.50002209349
1197.763000011444, 75763.16402547433, 81966.50002209349
1197.779000043869, 75763.16402547433, 81966.50002209349
1197.779000043869, 75763.16402547433, 81965.72642683549
1197.779000043869, 75763.16402547433, 81965.72642683549
1201.8500001430511, 75763.16402547433, 81965.72642683549
1201.8560001850128, 75763.16402547433, 81965.72642683549
1201.8710000514984, 75763.16402547433, 81965.03468539986
1201.8760001659393, 75763.16402547433, 81965.03468539986
1201.8949999809265, 75763.16402547433, 81965.01841504856
1201.904000043869, 75763.16402547433, 81963.84442893176
1205.6800000667572, 75763.16402547433, 81963.84442893176
1205.6909999847412, 75763.16402547433, 81963.84442893176
1205.7009999752045, 75763.16402547433, 81963.84442893176
1205.710000038147, 75763.16402547433, 81963.84442893176
1205.7180001735687, 75763.16402547433, 81963.84442893176
1209.5299999713898, 75763.16402547433, 81963.84442893176
1209.545000076294, 75763.16402547433, 81963.84442893176
1209.545000076294, 75763.16402547433, 81963.84442893176
1209.545000076294, 75763.16402547433, 81963.84442893176
1209.545000076294, 75763.16402547433, 81963.84442893176
1209.5620000362396, 75763.16402547433, 81963.84442893176
1209.5620000362396, 75763.16402547433, 81963.84442893176
1209.5620000362396, 75763.16402547433, 81963.84442893176
1213.476000070572, 75763.16402547433, 81960.45887712152
1213.4790000915527, 75763.16402547433, 81959.16428135798
1213.4980001449585, 75763.16402547433, 81959.16428135798
1213.50200009346, 75763.16402547433, 81959.16428135798
1213.50200009346, 75763.16402547433, 81959.16428135798
1213.5150001049042, 75763.16402547433, 81959.16428135798
1213.5150001049042, 75763.16402547433, 81959.16428135798
1213.5299999713898, 75763.16402547433, 81959.16428135798
1213.5350000858307, 75763.16402547433, 81959.16428135798
1213.5410001277924, 75763.16402547433, 81959.16428135798
1213.5500001907349, 75763.16402547433, 81959.16428135798
1213.555999994278, 75763.16402547433, 81959.16428135798
1213.5610001087189, 75763.16402547433, 81959.16428135798
1213.5629999637604, 75763.16402547433, 81959.16428135798
1213.5629999637604, 75763.16402547433, 81959.16428135798
1213.5789999961853, 75763.16402547433, 81959.16428135798
1213.5789999961853, 75763.16402547433, 81959.16428135798
1217.7070000171661, 75763.16402547433, 81957.48568195675
1217.7109999656677, 75763.16402547433, 81957.48568195675
1217.7290000915527, 75763.16402547433, 81957.48568195675
1217.7430000305176, 75763.16402547433, 81955.66808632694
1221.683000087738, 75763.16402547433, 81955.48140713545
1221.683000087738, 75763.16402547433, 81955.48140713545
1221.7030000686646, 75763.16402547433, 81955.48140713545
1221.7130000591278, 75763.16402547433, 81955.48140713545
1221.7180001735687, 75763.16402547433, 81955.48140713545
1221.7180001735687, 75763.16402547433, 81955.48140713545
1221.736999988556, 75763.16402547433, 81955.48140713545
1221.7480001449585, 75763.16402547433, 81955.36801306851
1225.75200009346, 75763.16402547433, 81955.36801306851
1225.7610001564026, 75763.16402547433, 81955.36801306851
1225.7699999809265, 75763.16402547433, 81953.00433916198
1225.7750000953674, 75763.16402547433, 81952.16851440315
1225.7750000953674, 75763.16402547433, 81952.16851440315
1229.8489999771118, 75763.16402547433, 81952.05577830269
1229.866000175476, 75763.16402547433, 81952.05577830269
1229.8810000419617, 75763.16402547433, 81952.04398185696
1229.8830001354218, 75763.16402547433, 81951.68956402315
1229.8830001354218, 75763.16402547433, 81951.68956402315
1229.9000000953674, 75763.16402547433, 81951.68956402315
1233.8129999637604, 75763.16402547433, 81950.77570082466
1233.824000120163, 75763.16402547433, 81950.77570082466
1233.8300001621246, 75763.16402547433, 81950.77570082466
1233.8300001621246, 75763.16402547433, 81950.77570082466
1233.8410000801086, 75763.16402547433, 81950.77570082466
1233.8489999771118, 75763.16402547433, 81950.77570082466
1233.8560001850128, 75763.16402547433, 81949.96433644948
1233.861999988556, 75763.16402547433, 81949.96433644948
1233.861999988556, 75763.16402547433, 81949.96433644948
1233.8790001869202, 75763.16402547433, 81949.96433644948
1233.8860001564026, 75763.16402547433, 81949.96433644948
1233.8949999809265, 75763.16402547433, 81949.96433644948
1233.9010000228882, 75763.16402547433, 81949.96433644948
1233.906000137329, 75763.16402547433, 81949.96433644948
1233.9110000133514, 75763.16402547433, 81949.96433644948
1233.9110000133514, 75763.16402547433, 81949.96433644948
1233.9240000247955, 75763.16402547433, 81949.25063723388
1233.9300000667572, 75763.16402547433, 81949.25063723388
1233.9409999847412, 75763.16402547433, 81948.85870719854
1233.949000120163, 75763.16402547433, 81948.85870719854
1238.0880000591278, 75763.16402547433, 81948.85870719854
1238.0880000591278, 75763.16402547433, 81948.85870719854
1238.0880000591278, 75763.16402547433, 81948.85870719854
1238.108999967575, 75763.16402547433, 81948.85870719854
1238.108999967575, 75763.16402547433, 81948.85870719854
1238.1219999790192, 75763.16402547433, 81948.85870719854
1242.2009999752045, 75763.16402547433, 81946.78220508613
1242.2039999961853, 75763.16402547433, 81946.32878903157
1242.2180001735687, 75763.16402547433, 81946.32878903157
1242.2250001430511, 75763.16402547433, 81946.32878903157
1242.2250001430511, 75763.16402547433, 81946.32878903157
1242.239000082016, 75763.16402547433, 81946.32878903157
1242.241000175476, 75763.16402547433, 81946.32878903157
1242.255000114441, 75763.16402547433, 81946.32878903157
1242.2599999904633, 75763.16402547433, 81946.32878903157
1242.2650001049042, 75763.16402547433, 81946.32878903157
1242.2699999809265, 75763.16402547433, 81946.32878903157
1246.2699999809265, 75763.16402547433, 81946.32878903157
1246.2730000019073, 75763.16402547433, 81946.32878903157
1246.289999961853, 75763.16402547433, 81946.32878903157
1246.2960000038147, 75763.16402547433, 81944.90130025276
1246.2960000038147, 75763.16402547433, 81944.90130025276
1246.3090000152588, 75763.16402547433, 81944.90130025276
1246.3140001296997, 75763.16402547433, 81944.90130025276
1246.3210000991821, 75763.16402547433, 81944.90130025276
1246.3280000686646, 75763.16402547433, 81944.90130025276
1246.335000038147, 75763.16402547433, 81944.90130025276
1246.3410000801086, 75763.16402547433, 81944.90130025276
1246.3470001220703, 75763.16402547433, 81944.90130025276
1246.353000164032, 75763.16402547433, 81944.90130025276
1250.2610001564026, 75763.16402547433, 81944.90130025276
1250.266000032425, 75763.16402547433, 81943.1450872168
1250.2860000133514, 75763.16402547433, 81943.1450872168
1250.2860000133514, 75763.16402547433, 81943.1450872168
1250.3010001182556, 75763.16402547433, 81943.1450872168
1250.308000087738, 75763.16402547433, 81943.1450872168
1250.3129999637604, 75763.16402547433, 81943.1450872168
1250.3180000782013, 75763.16402547433, 81943.1450872168
1250.3259999752045, 75763.16402547433, 81943.1450872168
1250.335000038147, 75763.16402547433, 81943.1450872168
1250.335000038147, 75763.16402547433, 81943.1450872168
1250.335000038147, 75763.16402547433, 81943.1450872168
1250.3500001430511, 75763.16402547433, 81943.1450872168
1250.3500001430511, 75763.16402547433, 81942.6852656763
1254.3210000991821, 75763.16402547433, 81942.6852656763
1254.3270001411438, 75763.16402547433, 81941.91488444302
1254.3270001411438, 75763.16402547433, 81941.12389725282
1254.337000131607, 75763.16402547433, 81941.12389725282
1254.3440001010895, 75763.16402547433, 81940.49196849596
1254.3550000190735, 75763.16402547433, 81940.49196849596
1254.3630001544952, 75763.16402547433, 81940.49196849596
1254.375, 75763.16402547433, 81939.88833336603
1254.391000032425, 75763.16402547433, 81938.37064165808
1258.3919999599457, 75763.16402547433, 81938.37064165808
1258.4070000648499, 75763.16402547433, 81938.37064165808
1258.4230000972748, 75763.16402547433, 81938.37064165808
1258.4290001392365, 75763.16402547433, 81938.37064165808
1258.4290001392365, 75763.16402547433, 81938.2689007226
1258.444000005722, 75763.16402547433, 81938.00731692348
1258.444000005722, 75763.16402547433, 81938.00731692348
1258.460000038147, 75763.16402547433, 81938.00731692348
1262.3860001564026, 75763.16402547433, 81937.35482796586
1262.4030001163483, 75763.16402547433, 81937.35482796586
1262.4079999923706, 75763.16402547433, 81937.35482796586
1262.4210000038147, 75763.16402547433, 81937.35482796586
1262.4210000038147, 75763.16402547433, 81937.35482796586
1262.4370000362396, 75763.16402547433, 81937.35482796586
1262.444000005722, 75763.16402547433, 81937.35482796586
1262.4500000476837, 75763.16402547433, 81937.35482796586
1262.4550001621246, 75763.16402547433, 81937.35482796586
1262.460000038147, 75763.16402547433, 81937.35482796586
1262.4670000076294, 75763.16402547433, 81937.35482796586
1262.476000070572, 75763.16402547433, 81935.82348125556
1262.4769999980927, 75763.16402547433, 81935.82348125556
1262.4880001544952, 75763.16402547433, 81935.82348125556
1262.4930000305176, 75763.16402547433, 81935.82348125556
1262.4969999790192, 75763.16402547433, 81935.82348125556
1262.50200009346, 75763.16402547433, 81935.82348125556
1266.345999956131, 75763.16402547433, 81935.82348125556
1266.3630001544952, 75763.16402547433, 81935.82348125556
1266.3689999580383, 75763.16402547433, 81935.82348125556
1266.37700009346, 75763.16402547433, 81935.82348125556
1266.380000114441, 75763.16402547433, 81934.87502539161
1270.1080000400543, 75763.16402547433, 81934.87502539161
1270.1130001544952, 75763.16402547433, 81934.87502539161
1270.116000175476, 75763.16402547433, 81934.87502539161
1270.116000175476, 75763.16402547433, 81934.87502539161
1270.1319999694824, 75763.16402547433, 81934.87502539161
1270.1390001773834, 75763.16402547433, 81934.87502539161
1270.141000032425, 75763.16402547433, 81934.87502539161
1270.154000043869, 75763.16402547433, 81933.0880540084
1270.1620001792908, 75763.16402547433, 81933.0880540084
1270.1690001487732, 75763.16402547433, 81933.0880540084
1274.2650001049042, 75763.16402547433, 81932.7624701018
1274.2750000953674, 75763.16402547433, 81932.7624701018
1274.2820000648499, 75763.16402547433, 81932.7624701018
1274.2910001277924, 75763.16402547433, 81931.91345530369
1274.2910001277924, 75763.16402547433, 81931.91345530369
1274.2990000247955, 75763.16402547433, 81931.91345530369
1274.3070001602173, 75763.16402547433, 81931.4935878455
1278.4880001544952, 75763.16402547433, 81931.4935878455
1278.4960000514984, 75763.16402547433, 81931.4935878455
1278.5030000209808, 75763.16402547433, 81931.4935878455
1281.917000055313, 75763.16402547433, 81931.17864141004
1281.9260001182556, 75763.16402547433, 81931.17864141004
1281.9320001602173, 75763.16402547433, 81931.17864141004
1281.9409999847412, 75763.16402547433, 81931.17864141004
1281.9409999847412, 75763.16402547433, 81931.17864141004
1286.1530001163483, 75763.16402547433, 81930.8936848962
1286.154000043869, 75763.16402547433, 81930.8936848962
1286.1710000038147, 75763.16402547433, 81930.8936848962
1286.1770000457764, 75763.16402547433, 81930.8936848962
1286.1900000572205, 75763.16402547433, 81930.8936848962
1286.1920001506805, 75763.16402547433, 81930.8936848962
1290.2060000896454, 75763.16402547433, 81930.8936848962
1290.2060000896454, 75763.16402547433, 81930.8936848962
1290.228000164032, 75763.16402547433, 81930.8936848962
1290.228000164032, 75763.16402547433, 81930.8936848962
1290.2430000305176, 75763.16402547433, 81930.8936848962
1290.2430000305176, 75763.16402547433, 81930.8936848962
1290.2560000419617, 75763.16402547433, 81930.8936848962
1290.263000011444, 75763.16402547433, 81930.8936848962
1294.4110000133514, 75763.16402547433, 81930.8936848962
1294.4230000972748, 75763.16402547433, 81930.8936848962
1294.4230000972748, 75763.16402547433, 81930.8936848962
1294.4230000972748, 75763.16402547433, 81930.8936848962
1294.444000005722, 75763.16402547433, 81930.8936848962
1294.4520001411438, 75763.16402547433, 81930.8936848962
1294.4570000171661, 75763.16402547433, 81930.8936848962
1294.4630000591278, 75763.16402547433, 81930.8936848962
1294.470999956131, 75763.16402547433, 81928.81996972686
1294.4769999980927, 75763.16402547433, 81928.40901238994
1294.4790000915527, 75763.16402547433, 81928.40901238994
1294.4790000915527, 75763.16402547433, 81928.40901238994
1294.4939999580383, 75763.16402547433, 81928.40901238994
1298.3960001468658, 75763.16402547433, 81927.66924891518
1298.4070000648499, 75763.16402547433, 81927.66924891518
1298.4140000343323, 75763.16402547433, 81927.66924891518
1298.420000076294, 75763.16402547433, 81927.66924891518
1298.420000076294, 75763.16402547433, 81927.66924891518
1298.4430000782013, 75763.16402547433, 81927.66924891518
1298.4520001411438, 75763.16402547433, 81927.66924891518
1298.4609999656677, 75763.16402547433, 81927.66924891518
1298.4700000286102, 75763.16402547433, 81927.66924891518
1302.5930001735687, 75763.16402547433, 81927.66924891518
1302.5930001735687, 75763.16402547433, 81927.66924891518
1302.6060001850128, 75763.16402547433, 81927.66924891518
1302.6130001544952, 75763.16402547433, 81927.66924891518
1302.6219999790192, 75763.16402547433, 81927.66924891518
1302.6349999904633, 75763.16402547433, 81926.74597984848
1302.6490001678467, 75763.16402547433, 81926.74597984848
1302.6660001277924, 75763.16402547433, 81926.74597984848
1302.6770000457764, 75763.16402547433, 81926.74597984848
1302.6900000572205, 75763.16402547433, 81925.56484151607
1302.6950001716614, 75763.16402547433, 81924.87220258584
1302.6950001716614, 75763.16402547433, 81924.87220258584
1302.712000131607, 75763.16402547433, 81924.87220258584
1302.712000131607, 75763.16402547433, 81924.87220258584
1302.712000131607, 75763.16402547433, 81924.87220258584
1302.7290000915527, 75763.16402547433, 81924.87220258584
1302.7360000610352, 75763.16402547433, 81924.87220258584
1306.728000164032, 75763.16402547433, 81924.87220258584
1306.733999967575, 75763.16402547433, 81924.87220258584
1306.733999967575, 75763.16402547433, 81924.87220258584
1306.7510001659393, 75763.16402547433, 81924.87220258584
1306.763000011444, 75763.16402547433, 81924.87220258584
1306.7710001468658, 75763.16402547433, 81924.87220258584
1306.7710001468658, 75763.16402547433, 81924.87220258584
1306.7870001792908, 75763.16402547433, 81924.87220258584
1310.7860000133514, 75763.16402547433, 81924.87220258584
1310.7960000038147, 75763.16402547433, 81924.87220258584
1310.8000001907349, 75763.16402547433, 81924.87220258584
1310.8150000572205, 75763.16402547433, 81924.87220258584
1310.8210000991821, 75763.16402547433, 81924.87220258584
1310.8259999752045, 75763.16402547433, 81924.87220258584
1310.8310000896454, 75763.16402547433, 81924.87220258584
1315.0650000572205, 75763.16402547433, 81924.87220258584
1315.0680000782013, 75763.16402547433, 81922.53745034362
1315.0820000171661, 75763.16402547433, 81922.53745034362
1315.0889999866486, 75763.16402547433, 81922.53745034362
1315.0889999866486, 75763.16402547433, 81922.207371362
1315.1040000915527, 75763.16402547433, 81922.207371362
1319.15900015831, 75763.16402547433, 81922.207371362
1319.164999961853, 75763.16402547433, 81922.207371362
1319.164999961853, 75763.16402547433, 81922.207371362
1319.164999961853, 75763.16402547433, 81922.207371362
1319.164999961853, 75763.16402547433, 81922.207371362
1319.1820001602173, 75763.16402547433, 81921.81217266596
1319.1820001602173, 75763.16402547433, 81921.81217266596
1319.199000120163, 75763.16402547433, 81921.81217266596
1319.2070000171661, 75763.16402547433, 81921.81217266596
1319.2160000801086, 75763.16402547433, 81921.81217266596
1319.2160000801086, 75763.16402547433, 81921.81217266596
1319.2160000801086, 75763.16402547433, 81921.81217266596
1319.2290000915527, 75763.16402547433, 81921.81217266596
1319.2330000400543, 75763.16402547433, 81921.29106579367
1319.2450001239777, 75763.16402547433, 81921.29106579367
1319.25, 75763.16402547433, 81920.87321260235
1323.1390001773834, 75763.16402547433, 81920.87321260235
1323.1480000019073, 75763.16402547433, 81920.87321260235
1323.15900015831, 75763.16402547433, 81920.87321260235
1323.1610000133514, 75763.16402547433, 81920.87321260235
1323.1760001182556, 75763.16402547433, 81920.87321260235
1323.1760001182556, 75763.16402547433, 81920.87321260235
1323.1930000782013, 75763.16402547433, 81920.87321260235
1323.1970000267029, 75763.16402547433, 81920.87321260235
1323.2020001411438, 75763.16402547433, 81920.87321260235
1323.2090001106262, 75763.16402547433, 81920.87321260235
1323.2160000801086, 75763.16402547433, 81920.22284325908
1323.220999956131, 75763.16402547433, 81920.22284325908
1323.2239999771118, 75763.16402547433, 81920.22284325908
1323.2269999980927, 75763.16402547433, 81920.22284325908
1323.2269999980927, 75763.16402547433, 81920.22284325908
1323.2400000095367, 75763.16402547433, 81920.22284325908
1323.2469999790192, 75763.16402547433, 81920.22284325908
1327.2490000724792, 75763.16402547433, 81920.22284325908
1327.2599999904633, 75763.16402547433, 81920.22284325908
1327.266000032425, 75763.16402547433, 81920.22284325908
1327.2770001888275, 75763.16402547433, 81918.3963543939
1327.2850000858307, 75763.16402547433, 81918.3963543939
1327.2870001792908, 75763.16402547433, 81918.3963543939
1327.2870001792908, 75763.16402547433, 81918.3963543939
1327.3029999732971, 75763.16402547433, 81918.3963543939
1327.3100001811981, 75763.16402547433, 81918.3963543939
1327.3180000782013, 75763.16402547433, 81918.3963543939
1327.3259999752045, 75763.16402547433, 81918.32273263094
1327.335000038147, 75763.16402547433, 81918.32273263094
1327.335000038147, 75763.16402547433, 81918.32273263094
1327.335000038147, 75763.16402547433, 81918.32273263094
1331.4810001850128, 75763.16402547433, 81916.51042086144
1331.489000082016, 75763.16402547433, 81916.51042086144
1331.4960000514984, 75763.16402547433, 81916.51042086144
1331.5030000209808, 75763.16402547433, 81916.51042086144
1331.513000011444, 75763.16402547433, 81916.51042086144
1331.5199999809265, 75763.16402547433, 81916.51042086144
1331.5230000019073, 75763.16402547433, 81916.51042086144
1331.5350000858307, 75763.16402547433, 81916.51042086144
1331.5370001792908, 75763.16402547433, 81916.51042086144
1331.5500001907349, 75763.16402547433, 81915.77484562993
1331.5570001602173, 75763.16402547433, 81915.77484562993
1335.5260000228882, 75763.16402547433, 81915.77484562993
1335.5480000972748, 75763.16402547433, 81915.77484562993
1335.5490000247955, 75763.16402547433, 81915.77484562993
1335.5590000152588, 75763.16402547433, 81915.77484562993
1335.5610001087189, 75763.16402547433, 81915.77484562993
1335.5610001087189, 75763.16402547433, 81915.42129686628
1335.5800001621246, 75763.16402547433, 81915.42129686628
1335.590000152588, 75763.16402547433, 81915.42129686628
1335.5989999771118, 75763.16402547433, 81915.42129686628
1335.6050000190735, 75763.16402547433, 81915.42129686628
1335.614000082016, 75763.16402547433, 81915.42129686628
1335.6150000095367, 75763.16402547433, 81915.42129686628
1335.6319999694824, 75763.16402547433, 81915.42129686628
1335.643000125885, 75763.16402547433, 81915.2735396323
1335.654000043869, 75763.16402547433, 81915.2735396323
1335.664999961853, 75763.16402547433, 81915.2735396323
1335.6740000247955, 75763.16402547433, 81915.2735396323
1335.6770000457764, 75763.16402547433, 81915.2735396323
1339.891000032425, 75763.16402547433, 81914.44518181561
1339.9070000648499, 75763.16402547433, 81914.44518181561
1339.9070000648499, 75763.16402547433, 81914.1447755391
1339.9240000247955, 75763.16402547433, 81914.1447755391
1344.0500001907349, 75763.16402547433, 81914.1447755391
1344.069000005722, 75763.16402547433, 81914.1447755391
1344.0820000171661, 75763.16402547433, 81914.1447755391
1344.0920000076294, 75763.16402547433, 81914.1447755391
1344.098000049591, 75763.16402547433, 81914.1447755391
1344.1050000190735, 75763.16402547433, 81914.1447755391
1344.1050000190735, 75763.16402547433, 81914.1447755391
1344.1170001029968, 75763.16402547433, 81914.1447755391
1344.1219999790192, 75763.16402547433, 81914.1447755391
1344.12700009346, 75763.16402547433, 81914.1447755391
1344.1340000629425, 75763.16402547433, 81913.85273336872
1344.1390001773834, 75763.16402547433, 81913.85273336872
1344.143000125885, 75763.16402547433, 81913.85273336872
1344.1490001678467, 75763.16402547433, 81913.51947616522
1344.1570000648499, 75763.16402547433, 81912.69242352726
1344.1640000343323, 75763.16402547433, 81912.69242352726
1344.170000076294, 75763.16402547433, 81912.69242352726
1348.4830000400543, 75763.16402547433, 81912.34086516433
1348.4920001029968, 75763.16402547433, 81912.34086516433
1348.50200009346, 75763.16402547433, 81912.16854034059
1348.5040001869202, 75763.16402547433, 81912.16854034059
1348.5040001869202, 75763.16402547433, 81912.16854034059
1348.5210001468658, 75763.16402547433, 81912.16854034059
1348.5260000228882, 75763.16402547433, 81912.16854034059
1348.531000137329, 75763.16402547433, 81912.16854034059
1348.5350000858307, 75763.16402547433, 81912.16854034059
1348.542000055313, 75763.16402547433, 81912.16854034059
1352.797000169754, 75763.16402547433, 81912.16854034059
1352.8070001602173, 75763.16402547433, 81912.16854034059
1352.8070001602173, 75763.16402547433, 81912.16854034059
1352.8210000991821, 75763.16402547433, 81912.16854034059
1352.8289999961853, 75763.16402547433, 81910.78742564908
1352.8420000076294, 75763.16402547433, 81910.78742564908
1357.047000169754, 75763.16402547433, 81910.78742564908
1357.0570001602173, 75763.16402547433, 81910.78742564908
1357.069000005722, 75763.16402547433, 81910.78742564908
1357.0759999752045, 75763.16402547433, 81910.78742564908
1357.0840001106262, 75763.16402547433, 81910.03943604697
1361.3150000572205, 75763.16402547433, 81910.03943604697
1361.324000120163, 75763.16402547433, 81910.03943604697
1361.3259999752045, 75763.16402547433, 81910.03943604697
1361.3420000076294, 75763.16402547433, 81910.03943604697
1365.5110001564026, 75763.16402547433, 81907.08856714616
1365.5230000019073, 75763.16402547433, 81907.08856714616
1365.5250000953674, 75763.16402547433, 81906.82792792792
1365.5410001277924, 75763.16402547433, 81906.82792792792
1365.5410001277924, 75763.16402547433, 81906.82792792792
1365.5610001087189, 75763.16402547433, 81906.82792792792
1365.5729999542236, 75763.16402547433, 81906.82792792792
1365.5820000171661, 75763.16402547433, 81906.82792792792
1365.587000131607, 75763.16402547433, 81906.82792792792
1365.587000131607, 75763.16402547433, 81906.82792792792
1365.587000131607, 75763.16402547433, 81906.82792792792
1365.587000131607, 75763.16402547433, 81906.82792792792
1365.603000164032, 75763.16402547433, 81906.82792792792
1365.603000164032, 75763.16402547433, 81905.94966141235
1365.6200001239777, 75763.16402547433, 81905.76517183927
1365.6200001239777, 75763.16402547433, 81905.76517183927
1365.6200001239777, 75763.16402547433, 81905.76517183927
1365.6360001564026, 75763.16402547433, 81905.76517183927
1365.6400001049042, 75763.16402547433, 81905.76517183927
1369.824000120163, 75763.16402547433, 81904.76811154661
1369.8280000686646, 75763.16402547433, 81904.76811154661
1369.840000152588, 75763.16402547433, 81904.76811154661
1369.8450000286102, 75763.16402547433, 81904.76811154661
1369.8450000286102, 75763.16402547433, 81904.76811154661
1369.8560001850128, 75763.16402547433, 81904.76811154661
1369.861999988556, 75763.16402547433, 81904.76811154661
1369.861999988556, 75763.16402547433, 81904.76811154661
1369.8710000514984, 75763.16402547433, 81904.76811154661
1369.8780000209808, 75763.16402547433, 81904.76811154661
1369.8870000839233, 75763.16402547433, 81903.87704811673
1374.0759999752045, 75763.16402547433, 81903.87704811673
1374.0910000801086, 75763.16402547433, 81903.87704811673
1374.0970001220703, 75763.16402547433, 81903.87704811673
1374.0970001220703, 75763.16402547433, 81903.62743551985
1374.111999988556, 75763.16402547433, 81903.34155673967
1374.111999988556, 75763.16402547433, 81903.34155673967
1374.1280000209808, 75763.16402547433, 81902.75141123444
1378.4030001163483, 75763.16402547433, 81902.75141123444
1378.414999961853, 75763.16402547433, 81902.75141123444
1378.4260001182556, 75763.16402547433, 81902.75141123444
1378.4360001087189, 75763.16402547433, 81902.08488936159
1378.444000005722, 75763.16402547433, 81901.93098582227
1378.460000038147, 75763.16402547433, 81900.7649318201
1378.465000152588, 75763.16402547433, 81900.7649318201
1378.4690001010895, 75763.16402547433, 81900.7649318201
1378.4810001850128, 75763.16402547433, 81900.7649318201
1378.489000082016, 75763.16402547433, 81900.7649318201
1378.4939999580383, 75763.16402547433, 81900.7649318201
1378.4990000724792, 75763.16402547433, 81900.7649318201
1382.6500000953674, 75763.16402547433, 81900.7649318201
1382.6600000858307, 75763.16402547433, 81900.7649318201
1382.6600000858307, 75763.16402547433, 81900.7649318201
1382.6760001182556, 75763.16402547433, 81900.7649318201
1382.6840000152588, 75763.16402547433, 81900.7649318201
1382.6950001716614, 75763.16402547433, 81900.7649318201
1382.7009999752045, 75763.16402547433, 81899.63417157369
1382.7070000171661, 75763.16402547433, 81899.63417157369
1386.893000125885, 75763.16402547433, 81899.63417157369
1386.9020001888275, 75763.16402547433, 81899.63417157369
1386.9110000133514, 75763.16402547433, 81899.63417157369
1386.917000055313, 75763.16402547433, 81899.63417157369
1386.922000169754, 75763.16402547433, 81899.63417157369
1386.922000169754, 75763.16402547433, 81899.63417157369
1386.9390001296997, 75763.16402547433, 81899.63417157369
1386.9470000267029, 75763.16402547433, 81899.63417157369
1386.9530000686646, 75763.16402547433, 81899.63417157369
1386.9590001106262, 75763.16402547433, 81899.63417157369
1386.9630000591278, 75763.16402547433, 81899.63417157369
1386.9690001010895, 75763.16402547433, 81899.63417157369
1386.973000049591, 75763.16402547433, 81899.63417157369
1386.976000070572, 75763.16402547433, 81899.63417157369
1386.976000070572, 75763.16402547433, 81899.63417157369
1386.991000175476, 75763.16402547433, 81899.63417157369
1386.9990000724792, 75763.16402547433, 81898.81419129553
1387.0060000419617, 75763.16402547433, 81898.81419129553
1387.013000011444, 75763.16402547433, 81898.81419129553
1387.0190000534058, 75763.16402547433, 81898.76593123528
1387.0210001468658, 75763.16402547433, 81898.76593123528
1387.0210001468658, 75763.16402547433, 81898.76593123528
1391.3600001335144, 75763.16402547433, 81898.6226222253
1391.3680000305176, 75763.16402547433, 81898.6226222253
1391.3780000209808, 75763.16402547433, 81898.6226222253
1391.3819999694824, 75763.16402547433, 81898.6226222253
1391.391000032425, 75763.16402547433, 81898.6226222253
1391.3949999809265, 75763.16402547433, 81898.6226222253
1391.4079999923706, 75763.16402547433, 81898.6226222253
1391.414999961853, 75763.16402547433, 81898.6226222253
1391.420000076294, 75763.16402547433, 81898.6226222253
1391.4270000457764, 75763.16402547433, 81898.6226222253
1395.574000120163, 75763.16402547433, 81898.6226222253
1395.5950000286102, 75763.16402547433, 81898.6226222253
1395.5950000286102, 75763.16402547433, 81897.65910285903
1395.608999967575, 75763.16402547433, 81897.65910285903
1395.6100001335144, 75763.16402547433, 81897.65910285903
1395.6100001335144, 75763.16402547433, 81896.66418922869
1395.6310000419617, 75763.16402547433, 81896.66418922869
1395.6370000839233, 75763.16402547433, 81896.66418922869
1395.6419999599457, 75763.16402547433, 81896.66418922869
1395.6490001678467, 75763.16402547433, 81896.66418922869
1395.6570000648499, 75763.16402547433, 81896.66418922869
1395.6630001068115, 75763.16402547433, 81896.66418922869
1395.670000076294, 75763.16402547433, 81896.21598498384
1395.6760001182556, 75763.16402547433, 81896.21598498384
1399.7180001735687, 75763.16402547433, 81896.06788070228
1399.7239999771118, 75763.16402547433, 81896.06788070228
1399.7310001850128, 75763.16402547433, 81896.06788070228
1399.7430000305176, 75763.16402547433, 81896.06788070228
1399.7480001449585, 75763.16402547433, 81895.10498903593
1399.7599999904633, 75763.16402547433, 81895.10498903593
1399.7650001049042, 75763.16402547433, 81894.9647719636
1403.9900000095367, 75763.16402547433, 81893.86010466376
1404.0, 75763.16402547433, 81893.86010466376
1404.0090000629425, 75763.16402547433, 81893.86010466376
1404.0150001049042, 75763.16402547433, 81893.86010466376
1404.0150001049042, 75763.16402547433, 81893.86010466376
1404.031000137329, 75763.16402547433, 81893.86010466376
1408.3229999542236, 75763.16402547433, 81893.86010466376
1408.3320000171661, 75763.16402547433, 81893.86010466376
1408.3440001010895, 75763.16402547433, 81893.86010466376
1408.3470001220703, 75763.16402547433, 81893.86010466376
1408.3600001335144, 75763.16402547433, 81893.86010466376
1408.3719999790192, 75763.16402547433, 81893.86010466376
1408.3810000419617, 75763.16402547433, 81893.86010466376
1408.3919999599457, 75763.16402547433, 81893.86010466376
1408.3970000743866, 75763.16402547433, 81893.86010466376
1408.3970000743866, 75763.16402547433, 81893.31297862889
1408.4210000038147, 75763.16402547433, 81893.31297862889
1408.4290001392365, 75763.16402547433, 81893.31297862889
1412.8159999847412, 75763.16402547433, 81891.60303887232
1412.8320000171661, 75763.16402547433, 81891.60303887232
1412.8320000171661, 75763.16402547433, 81891.06059840535
1412.848000049591, 75763.16402547433, 81891.06059840535
1412.8500001430511, 75763.16402547433, 81891.03374955429
1412.8500001430511, 75763.16402547433, 81890.13687548506
1412.8710000514984, 75763.16402547433, 81890.13687548506
1412.8780000209808, 75763.16402547433, 81889.86241888984
1417.3650000095367, 75763.16402547433, 81889.86241888984
1417.3740000724792, 75763.16402547433, 81889.40155097468
1417.380000114441, 75763.16402547433, 81889.10979258742
1417.3890001773834, 75763.16402547433, 81889.10979258742
1417.3970000743866, 75763.16402547433, 81888.50042140669
1417.406000137329, 75763.16402547433, 81887.83171058696
1421.75200009346, 75763.16402547433, 81887.83171058696
1421.7650001049042, 75763.16402547433, 81887.83171058696
1421.7690000534058, 75763.16402547433, 81887.78677021406
1421.7860000133514, 75763.16402547433, 81887.78677021406
1421.7860000133514, 75763.16402547433, 81887.78677021406
1421.8010001182556, 75763.16402547433, 81886.72090416764
1425.90900015831, 75763.16402547433, 81886.72090416764
1425.90900015831, 75763.16402547433, 81886.72090416764
1425.9260001182556, 75763.16402547433, 81886.72090416764
1425.930999994278, 75763.16402547433, 81886.72090416764
1425.9430000782013, 75763.16402547433, 81886.72090416764
1425.9470000267029, 75763.16402547433, 81886.72090416764
1425.962000131607, 75763.16402547433, 81886.72090416764
1425.962000131607, 75763.16402547433, 81886.72090416764
1425.9830000400543, 75763.16402547433, 81886.72090416764
1425.9830000400543, 75763.16402547433, 81886.72090416764
1426.0030000209808, 75763.16402547433, 81886.72090416764
1426.0099999904633, 75763.16402547433, 81886.72090416764
1426.0150001049042, 75763.16402547433, 81886.72090416764
1426.0230000019073, 75763.16402547433, 81886.72090416764
1426.0270001888275, 75763.16402547433, 81886.72090416764
1430.226000070572, 75763.16402547433, 81884.50752062583
1430.226000070572, 75763.16402547433, 81884.50752062583
1430.226000070572, 75763.16402547433, 81884.50752062583
1430.2450001239777, 75763.16402547433, 81884.50752062583
1430.2450001239777, 75763.16402547433, 81884.50752062583
1430.2450001239777, 75763.16402547433, 81884.50752062583
1430.2620000839233, 75763.16402547433, 81884.50752062583
1430.2770001888275, 75763.16402547433, 81884.26781783235
1430.2820000648499, 75763.16402547433, 81884.26781783235
1430.2870001792908, 75763.16402547433, 81884.26781783235
1430.292000055313, 75763.16402547433, 81884.26781783235
1434.4950001239777, 75763.16402547433, 81884.26781783235
1434.505000114441, 75763.16402547433, 81884.26781783235
1434.5120000839233, 75763.16402547433, 81884.26781783235
1434.518000125885, 75763.16402547433, 81884.26781783235
1434.5250000953674, 75763.16402547433, 81884.26781783235
1434.5250000953674, 75763.16402547433, 81884.26781783235
1434.5410001277924, 75763.16402547433, 81884.26781783235
1434.5480000972748, 75763.16402547433, 81884.26781783235
1434.5540001392365, 75763.16402547433, 81883.73295643822
1434.5590000152588, 75763.16402547433, 81883.73295643822
1434.5590000152588, 75763.16402547433, 81883.73295643822
1438.840000152588, 75763.16402547433, 81883.16723206085
1438.853000164032, 75763.16402547433, 81883.16723206085
1438.8600001335144, 75763.16402547433, 81883.16723206085
1438.8600001335144, 75763.16402547433, 81883.16723206085
1438.8600001335144, 75763.16402547433, 81883.16723206085
1438.87700009346, 75763.16402547433, 81883.16723206085
1438.8819999694824, 75763.16402547433, 81883.16723206085
1438.8870000839233, 75763.16402547433, 81883.16723206085
1438.891000032425, 75763.16402547433, 81883.16723206085
1438.8970000743866, 75763.16402547433, 81883.16723206085
1438.904000043869, 75763.16402547433, 81883.16723206085
1438.90900015831, 75763.16402547433, 81883.16723206085
1438.90900015831, 75763.16402547433, 81883.16723206085
1438.90900015831, 75763.16402547433, 81883.16723206085
1443.0060000419617, 75763.16402547433, 81883.16723206085
1443.0150001049042, 75763.16402547433, 81883.16723206085
1443.0230000019073, 75763.16402547433, 81883.16723206085
1443.0230000019073, 75763.16402547433, 81883.16723206085
1443.0230000019073, 75763.16402547433, 81883.16723206085
1443.042000055313, 75763.16402547433, 81883.16723206085
1447.505000114441, 75763.16402547433, 81883.16723206085
1447.5169999599457, 75763.16402547433, 81883.16723206085
1447.5299999713898, 75763.16402547433, 81883.16723206085
1447.5299999713898, 75763.16402547433, 81883.16723206085
1447.545000076294, 75763.16402547433, 81883.16723206085
1447.5480000972748, 75763.16402547433, 81881.20588860722
1447.555999994278, 75763.16402547433, 81881.20588860722
1447.5640001296997, 75763.16402547433, 81880.83470179394
1451.8780000209808, 75763.16402547433, 81880.83470179394
1451.8890001773834, 75763.16402547433, 81880.31013943965
1451.891000032425, 75763.16402547433, 81880.31013943965
1451.9110000133514, 75763.16402547433, 81880.31013943965
1451.922000169754, 75763.16402547433, 81880.31013943965
1451.9240000247955, 75763.16402547433, 81880.31013943965
1451.9400000572205, 75763.16402547433, 81880.31013943965
1451.9470000267029, 75763.16402547433, 81880.31013943965
1451.9520001411438, 75763.16402547433, 81880.31013943965
1451.9570000171661, 75763.16402547433, 81880.31013943965
1451.9639999866486, 75763.16402547433, 81880.31013943965
1451.9700000286102, 75763.16402547433, 81880.31013943965
1456.4110000133514, 75763.16402547433, 81880.31013943965
1456.417000055313, 75763.16402547433, 81880.31013943965
1456.4279999732971, 75763.16402547433, 81880.31013943965
1456.4320001602173, 75763.16402547433, 81880.14766907743
1456.4450001716614, 75763.16402547433, 81880.14766907743
1456.462000131607, 75763.16402547433, 81880.14766907743
1456.4700000286102, 75763.16402547433, 81880.14766907743
1456.4750001430511, 75763.16402547433, 81880.14766907743
1456.4800000190735, 75763.16402547433, 81880.14766907743
1456.4800000190735, 75763.16402547433, 81880.14766907743
1456.4939999580383, 75763.16402547433, 81880.14766907743
1456.4990000724792, 75763.16402547433, 81880.14766907743
1456.5060000419617, 75763.16402547433, 81880.14766907743
1460.7380001544952, 75763.16402547433, 81880.14766907743
1460.755000114441, 75763.16402547433, 81880.14766907743
1460.766000032425, 75763.16402547433, 81880.14766907743
1460.7750000953674, 75763.16402547433, 81879.50575636343
1460.7750000953674, 75763.16402547433, 81879.50575636343
1460.7940001487732, 75763.16402547433, 81879.50575636343
1460.8000001907349, 75763.16402547433, 81879.50575636343
1460.808000087738, 75763.16402547433, 81879.50575636343
1460.8150000572205, 75763.16402547433, 81878.71242836921
1460.8210000991821, 75763.16402547433, 81878.71242836921
1464.906000137329, 75763.16402547433, 81878.71242836921
1464.9160001277924, 75763.16402547433, 81878.29548446897
1464.922000169754, 75763.16402547433, 81878.29548446897
1464.9300000667572, 75763.16402547433, 81878.29548446897
1464.9379999637604, 75763.16402547433, 81878.29548446897
1464.9479999542236, 75763.16402547433, 81878.29548446897
1464.9560000896454, 75763.16402547433, 81878.29548446897
1464.9639999866486, 75763.16402547433, 81878.29548446897
1469.0260000228882, 75763.16402547433, 81878.29548446897
1469.0260000228882, 75763.16402547433, 81877.30876802257
1469.045000076294, 75763.16402547433, 81876.45132119396
1469.0500001907349, 75763.16402547433, 81876.45132119396
1473.420000076294, 75763.16402547433, 81876.45132119396
1473.433000087738, 75763.16402547433, 81876.45132119396
1473.4420001506805, 75763.16402547433, 81876.45132119396
1473.4520001411438, 75763.16402547433, 81876.45132119396
1473.4580001831055, 75763.16402547433, 81876.45132119396
1473.465000152588, 75763.16402547433, 81876.16113307346
1473.465000152588, 75763.16402547433, 81876.16113307346
1473.4810001850128, 75763.16402547433, 81876.16113307346
1473.483999967575, 75763.16402547433, 81876.16113307346
1473.4980001449585, 75763.16402547433, 81876.16113307346
1473.5040001869202, 75763.16402547433, 81876.16113307346
1473.5090000629425, 75763.16402547433, 81876.16113307346
1473.5140001773834, 75763.16402547433, 81876.16113307346
1473.5190000534058, 75763.16402547433, 81876.16113307346
1473.5240001678467, 75763.16402547433, 81876.16113307346
1473.5299999713898, 75763.16402547433, 81873.79936699623
1478.1500000953674, 75763.16402547433, 81873.79806342837
1478.1500000953674, 75763.16402547433, 81873.79806342837
1478.1679999828339, 75763.16402547433, 81873.79806342837
1478.1740000247955, 75763.16402547433, 81873.79806342837
1478.1870000362396, 75763.16402547433, 81873.63080546577
1478.1930000782013, 75763.16402547433, 81873.36290872832
1478.199000120163, 75763.16402547433, 81873.12876554196
1478.2070000171661, 75763.16402547433, 81872.19572789242
1482.7009999752045, 75763.16402547433, 81872.03565736426
1482.7030000686646, 75763.16402547433, 81872.03565736426
1482.720999956131, 75763.16402547433, 81872.03565736426
1482.720999956131, 75763.16402547433, 81872.03565736426
1482.739000082016, 75763.16402547433, 81872.03565736426
1487.154000043869, 75763.16402547433, 81871.75390107074
1487.1640000343323, 75763.16402547433, 81870.21153451197
1487.1640000343323, 75763.16402547433, 81870.21153451197
1487.180999994278, 75763.16402547433, 81870.21153451197
1487.1860001087189, 75763.16402547433, 81870.21153451197
1487.1860001087189, 75763.16402547433, 81870.21153451197
1487.2000000476837, 75763.16402547433, 81870.21153451197
1487.2000000476837, 75763.16402547433, 81869.70473862372
1487.2000000476837, 75763.16402547433, 81869.70473862372
1487.2170000076294, 75763.16402547433, 81869.70473862372
1487.2239999771118, 75763.16402547433, 81869.66737023022
1487.2290000915527, 75763.16402547433, 81869.66737023022
1491.614000082016, 75763.16402547433, 81869.25541832292
1491.6170001029968, 75763.16402547433, 81869.25541832292
1491.6170001029968, 75763.16402547433, 81869.25541832292
1491.6319999694824, 75763.16402547433, 81869.25541832292
1491.6360001564026, 75763.16402547433, 81869.25541832292
1491.6500000953674, 75763.16402547433, 81869.09809017112
1491.6530001163483, 75763.16402547433, 81869.09809017112
1491.670000076294, 75763.16402547433, 81869.09809017112
1496.101000070572, 75763.16402547433, 81868.10382159872
1496.1060001850128, 75763.16402547433, 81868.10382159872
1496.1219999790192, 75763.16402547433, 81868.10382159872
1496.1230001449585, 75763.16402547433, 81868.10382159872
1496.141000032425, 75763.16402547433, 81868.10382159872
1496.141000032425, 75763.16402547433, 81868.10382159872
1496.1630001068115, 75763.16402547433, 81868.10382159872
1496.1679999828339, 75763.16402547433, 81868.10382159872
1496.1740000247955, 75763.16402547433, 81868.10382159872
1496.1820001602173, 75763.16402547433, 81868.10382159872
1496.1909999847412, 75763.16402547433, 81868.10382159872
1496.1909999847412, 75763.16402547433, 81868.10382159872
1496.2080001831055, 75763.16402547433, 81868.10382159872
1500.741000175476, 75763.16402547433, 81868.10382159872
1500.7450001239777, 75763.16402547433, 81866.99289700727
1500.7620000839233, 75763.16402547433, 81866.99289700727
1500.7620000839233, 75763.16402547433, 81866.53250427995
1505.069000005722, 75763.16402547433, 81866.08383917311
1505.0770001411438, 75763.16402547433, 81866.08383917311
1505.0880000591278, 75763.16402547433, 81866.08383917311
1505.0950000286102, 75763.16402547433, 81866.08383917311
1505.0950000286102, 75763.16402547433, 81865.04061621688
1509.545000076294, 75763.16402547433, 81864.97995886792
1509.5620000362396, 75763.16402547433, 81864.97995886792
1509.5620000362396, 75763.16402547433, 81864.97995886792
1509.574000120163, 75763.16402547433, 81863.81505878778
1509.5789999961853, 75763.16402547433, 81863.81505878778
1509.590000152588, 75763.16402547433, 81863.81505878778
1509.595999956131, 75763.16402547433, 81863.81505878778
1513.7530000209808, 75763.16402547433, 81863.81505878778
1513.766000032425, 75763.16402547433, 81863.81505878778
1513.7730000019073, 75763.16402547433, 81863.81505878778
1513.781000137329, 75763.16402547433, 81863.81505878778
1513.792000055313, 75763.16402547433, 81863.81505878778
1513.8020000457764, 75763.16402547433, 81863.81505878778
1513.8090000152588, 75763.16402547433, 81863.81505878778
1513.8150000572205, 75763.16402547433, 81863.81505878778
1513.8200001716614, 75763.16402547433, 81863.81505878778
1513.8250000476837, 75763.16402547433, 81863.81505878778
1513.8300001621246, 75763.16402547433, 81863.81505878778
1513.835000038147, 75763.16402547433, 81863.81505878778
1513.8389999866486, 75763.16402547433, 81863.81505878778
1513.8440001010895, 75763.16402547433, 81863.81505878778
1513.8440001010895, 75763.16402547433, 81863.33065468588
1513.8440001010895, 75763.16402547433, 81863.33065468588
1513.8600001335144, 75763.16402547433, 81863.09628836242
1513.8600001335144, 75763.16402547433, 81863.09628836242
1513.8600001335144, 75763.16402547433, 81863.09628836242
1518.3519999980927, 75763.16402547433, 81862.55825354953
1518.361999988556, 75763.16402547433, 81862.35880650507
1518.3730001449585, 75763.16402547433, 81862.14237891352
1518.3860001564026, 75763.16402547433, 81862.14237891352
1518.3860001564026, 75763.16402547433, 81862.14237891352
1518.4079999923706, 75763.16402547433, 81862.14237891352
1522.9049999713898, 75763.16402547433, 81862.14237891352
1522.914999961853, 75763.16402547433, 81862.14237891352
1522.9250001907349, 75763.16402547433, 81862.14237891352
1522.9250001907349, 75763.16402547433, 81862.14237891352
1522.9370000362396, 75763.16402547433, 81862.14237891352
1522.9509999752045, 75763.16402547433, 81861.76000624876
1527.5920000076294, 75763.16402547433, 81859.21552266435
1527.6019999980927, 75763.16402547433, 81859.21552266435
1527.6100001335144, 75763.16402547433, 81858.75016542048
1527.625, 75763.16402547433, 81858.75016542048
1527.625, 75763.16402547433, 81858.75016542048
1527.6400001049042, 75763.16402547433, 81858.75016542048
1527.6490001678467, 75763.16402547433, 81858.75016542048
1527.6549999713898, 75763.16402547433, 81858.75016542048
1527.6620001792908, 75763.16402547433, 81856.75484644997
1527.670000076294, 75763.16402547433, 81856.75484644997
1527.6760001182556, 75763.16402547433, 81856.75484644997
1527.6760001182556, 75763.16402547433, 81856.75484644997
1532.3289999961853, 75763.16402547433, 81856.75484644997
1532.3410000801086, 75763.16402547433, 81856.75484644997
1532.3580000400543, 75763.16402547433, 81856.75484644997
1532.361999988556, 75763.16402547433, 81856.75484644997
1532.3760001659393, 75763.16402547433, 81856.75484644997
1532.3849999904633, 75763.16402547433, 81856.75484644997
1532.3919999599457, 75763.16402547433, 81856.75484644997
1532.4030001163483, 75763.16402547433, 81856.75484644997
1532.4100000858307, 75763.16402547433, 81856.75484644997
1532.4160001277924, 75763.16402547433, 81856.75484644997
1532.422000169754, 75763.16402547433, 81856.75484644997
1536.6730000972748, 75763.16402547433, 81856.75484644997
1536.694000005722, 75763.16402547433, 81856.75484644997
1536.7009999752045, 75763.16402547433, 81854.4990153019
1536.710000038147, 75763.16402547433, 81854.4990153019
1536.712000131607, 75763.16402547433, 81854.41591827464
1536.712000131607, 75763.16402547433, 81854.41591827464
1536.7250001430511, 75763.16402547433, 81854.41591827464
1536.7250001430511, 75763.16402547433, 81853.96578909413
1541.1419999599457, 75763.16402547433, 81853.4113325574
1541.154000043869, 75763.16402547433, 81853.4113325574
1541.1600000858307, 75763.16402547433, 81853.4113325574
1541.1770000457764, 75763.16402547433, 81853.4113325574
1541.1850001811981, 75763.16402547433, 81853.4113325574
1541.1930000782013, 75763.16402547433, 81853.4113325574
1541.1979999542236, 75763.16402547433, 81853.4113325574
1541.2050001621246, 75763.16402547433, 81853.4113325574
1541.2070000171661, 75763.16402547433, 81853.4113325574
1541.2070000171661, 75763.16402547433, 81853.4113325574
1541.2070000171661, 75763.16402547433, 81853.4113325574
1545.664999961853, 75763.16402547433, 81852.58846880311
1545.6730000972748, 75763.16402547433, 81852.58846880311
1545.6740000247955, 75763.16402547433, 81852.58846880311
1545.6740000247955, 75763.16402547433, 81852.58846880311
1545.6920001506805, 75763.16402547433, 81852.58846880311
1545.6960000991821, 75763.16402547433, 81852.58846880311
1545.7070000171661, 75763.16402547433, 81852.58846880311
1545.7109999656677, 75763.16402547433, 81852.58846880311
1545.723000049591, 75763.16402547433, 81852.32436976115
1545.736999988556, 75763.16402547433, 81851.87737356687
1545.7450001239777, 75763.16402547433, 81851.87737356687
1550.1740000247955, 75763.16402547433, 81851.25075772185
1550.1890001296997, 75763.16402547433, 81851.25075772185
1550.1960000991821, 75763.16402547433, 81851.25075772185
1550.2030000686646, 75763.16402547433, 81851.25075772185
1550.2109999656677, 75763.16402547433, 81851.25075772185
1550.2109999656677, 75763.16402547433, 81851.25075772185
1550.2269999980927, 75763.16402547433, 81851.25075772185
1550.2269999980927, 75763.16402547433, 81851.25075772185
1554.976000070572, 75763.16402547433, 81850.37183362586
1554.983999967575, 75763.16402547433, 81850.37183362586
1554.989000082016, 75763.16402547433, 81850.37183362586
1554.9939999580383, 75763.16402547433, 81850.37183362586
1555.0, 75763.16402547433, 81850.37183362586
1555.0069999694824, 75763.16402547433, 81850.37183362586
1555.0150001049042, 75763.16402547433, 81848.42554732475
1559.4470000267029, 75763.16402547433, 81848.10927811683
1559.4590001106262, 75763.16402547433, 81848.10927811683
1559.4700000286102, 75763.16402547433, 81848.10927811683
1559.4810001850128, 75763.16402547433, 81848.10927811683
1559.4810001850128, 75763.16402547433, 81848.10927811683
1559.4990000724792, 75763.16402547433, 81848.10927811683
1559.5090000629425, 75763.16402547433, 81847.52009106526
1559.518000125885, 75763.16402547433, 81847.52009106526
1559.5240001678467, 75763.16402547433, 81847.52009106526
1559.5299999713898, 75763.16402547433, 81847.52009106526
1559.5320000648499, 75763.16402547433, 81847.52009106526
1559.5320000648499, 75763.16402547433, 81847.52009106526
1559.5480000972748, 75763.16402547433, 81847.52009106526
1563.8120000362396, 75763.16402547433, 81847.52009106526
1563.8250000476837, 75763.16402547433, 81846.45013985006
1563.8270001411438, 75763.16402547433, 81846.45013985006
1563.8270001411438, 75763.16402547433, 81846.45013985006
1563.8430001735687, 75763.16402547433, 81846.45013985006
1563.8440001010895, 75763.16402547433, 81846.45013985006
1563.8440001010895, 75763.16402547433, 81846.43130023316
1563.8600001335144, 75763.16402547433, 81846.15042804701
1563.8650000095367, 75763.16402547433, 81846.15042804701
1563.8689999580383, 75763.16402547433, 81846.15042804701
1563.8740000724792, 75763.16402547433, 81846.15042804701
1563.8790001869202, 75763.16402547433, 81846.15042804701
1563.8849999904633, 75763.16402547433, 81845.2365002182
1568.4010000228882, 75763.16402547433, 81845.2365002182
1568.417000055313, 75763.16402547433, 81845.2365002182
1568.4240000247955, 75763.16402547433, 81845.2365002182
1568.4350001811981, 75763.16402547433, 81845.2365002182
1568.4350001811981, 75763.16402547433, 81845.2365002182
1568.4520001411438, 75763.16402547433, 81845.2365002182
1568.4580001831055, 75763.16402547433, 81845.2365002182
1568.4670000076294, 75763.16402547433, 81845.2365002182
1568.4720001220703, 75763.16402547433, 81845.2365002182
1568.4830000400543, 75763.16402547433, 81845.2365002182
1568.489000082016, 75763.16402547433, 81845.2365002182
1568.4969999790192, 75763.16402547433, 81845.2365002182
1568.5030000209808, 75763.16402547433, 81844.36937859505
1568.5090000629425, 75763.16402547433, 81844.36937859505
1573.016000032425, 75763.16402547433, 81843.44038421042
1573.0199999809265, 75763.16402547433, 81843.44038421042
1573.0199999809265, 75763.16402547433, 81843.44038421042
1573.0199999809265, 75763.16402547433, 81843.44038421042
1573.0380001068115, 75763.16402547433, 81843.44038421042
1573.0410001277924, 75763.16402547433, 81843.44038421042
1573.0410001277924, 75763.16402547433, 81843.44038421042
1573.0550000667572, 75763.16402547433, 81843.44038421042
1573.0550000667572, 75763.16402547433, 81843.44038421042
1573.0720000267029, 75763.16402547433, 81843.44038421042
1573.0770001411438, 75763.16402547433, 81843.44038421042
1573.0820000171661, 75763.16402547433, 81843.44038421042
1573.087000131607, 75763.16402547433, 81843.44038421042
1573.0950000286102, 75763.16402547433, 81842.918484954
1573.1019999980927, 75763.16402547433, 81842.918484954
1577.6570000648499, 75763.16402547433, 81842.51331140338
1577.6570000648499, 75763.16402547433, 81842.51331140338
1577.6760001182556, 75763.16402547433, 81842.22451195701
1582.1760001182556, 75763.16402547433, 81842.22451195701
1582.1909999847412, 75763.16402547433, 81842.22451195701
1582.1930000782013, 75763.16402547433, 81842.22451195701
1582.1930000782013, 75763.16402547433, 81842.22451195701
1582.2109999656677, 75763.16402547433, 81841.05821290656
1582.2130000591278, 75763.16402547433, 81841.05821290656
1582.228000164032, 75763.16402547433, 81841.05821290656
1586.8070001602173, 75763.16402547433, 81840.09939461145
1586.8159999847412, 75763.16402547433, 81840.09939461145
1586.8270001411438, 75763.16402547433, 81840.09939461145
1586.835000038147, 75763.16402547433, 81840.09939461145
1586.8380000591278, 75763.16402547433, 81840.09939461145
1586.8500001430511, 75763.16402547433, 81840.09939461145
1586.858999967575, 75763.16402547433, 81840.05949813813
1586.8670001029968, 75763.16402547433, 81840.05949813813
1586.875, 75763.16402547433, 81839.01451654754
1586.8810000419617, 75763.16402547433, 81839.01451654754
1586.8840000629425, 75763.16402547433, 81839.01451654754
1586.8840000629425, 75763.16402547433, 81839.01451654754
1591.422000169754, 75763.16402547433, 81839.01451654754
1591.4360001087189, 75763.16402547433, 81838.33394575611
1591.4420001506805, 75763.16402547433, 81838.33394575611
1591.4420001506805, 75763.16402547433, 81838.33394575611
1591.460000038147, 75763.16402547433, 81838.33394575611
1591.4670000076294, 75763.16402547433, 81838.33394575611
1591.476000070572, 75763.16402547433, 81837.04163345453
1591.4790000915527, 75763.16402547433, 81837.04163345453
1591.4900000095367, 75763.16402547433, 81837.04163345453
1591.4969999790192, 75763.16402547433, 81837.04163345453
1595.986999988556, 75763.16402547433, 81837.04163345453
1595.9980001449585, 75763.16402547433, 81837.04163345453
1596.0099999904633, 75763.16402547433, 81837.04163345453
1596.018000125885, 75763.16402547433, 81837.04163345453
1596.0230000019073, 75763.16402547433, 81837.04163345453
1596.0230000019073, 75763.16402547433, 81837.04163345453
1596.0380001068115, 75763.16402547433, 81837.04163345453
1596.0460000038147, 75763.16402547433, 81836.47817152822
1596.0529999732971, 75763.16402547433, 81836.47817152822
1596.0600001811981, 75763.16402547433, 81836.42808222992
1596.0670001506805, 75763.16402547433, 81836.42808222992
1600.5099999904633, 75763.16402547433, 81836.42808222992
1600.5099999904633, 75763.16402547433, 81836.42808222992
1600.5299999713898, 75763.16402547433, 81836.42808222992
1600.5329999923706, 75763.16402547433, 81836.42808222992
1600.5329999923706, 75763.16402547433, 81836.42808222992
1600.545000076294, 75763.16402547433, 81836.42808222992
1600.545000076294, 75763.16402547433, 81836.42808222992
1600.5600001811981, 75763.16402547433, 81835.57147898628
1600.5670001506805, 75763.16402547433, 81835.57147898628
1600.5750000476837, 75763.16402547433, 81835.14172399315
1600.585000038147, 75763.16402547433, 81834.19286747611
1605.2200000286102, 75763.16402547433, 81834.19286747611
1605.236999988556, 75763.16402547433, 81834.19286747611
1605.2480001449585, 75763.16402547433, 81833.80968583618
1605.2540001869202, 75763.16402547433, 81833.35387210635
1605.2699999809265, 75763.16402547433, 81833.29361339766
1605.2770001888275, 75763.16402547433, 81833.29361339766
1609.7400000095367, 75763.16402547433, 81833.28557912809
1609.7490000724792, 75763.16402547433, 81833.28557912809
1609.7580001354218, 75763.16402547433, 81833.28557912809
1609.766000032425, 75763.16402547433, 81833.28557912809
1609.7740001678467, 75763.16402547433, 81832.64404250638
1609.7820000648499, 75763.16402547433, 81832.64404250638
1609.7870001792908, 75763.16402547433, 81832.64404250638
1609.7929999828339, 75763.16402547433, 81832.64404250638
1609.7990000247955, 75763.16402547433, 81832.64404250638
1609.8050000667572, 75763.16402547433, 81832.64404250638
1609.8100001811981, 75763.16402547433, 81832.64404250638
1609.8150000572205, 75763.16402547433, 81832.64404250638
1609.819000005722, 75763.16402547433, 81832.64404250638
1609.8250000476837, 75763.16402547433, 81832.64404250638
1614.2430000305176, 75763.16402547433, 81832.64404250638
1614.2610001564026, 75763.16402547433, 81832.64404250638
1614.2699999809265, 75763.16402547433, 81832.64404250638
1614.2780001163483, 75763.16402547433, 81832.64404250638
1614.279000043869, 75763.16402547433, 81832.64404250638
1614.3000001907349, 75763.16402547433, 81832.64404250638
1618.6790001392365, 75763.16402547433, 81832.64404250638
1618.6860001087189, 75763.16402547433, 81832.64404250638
1618.7030000686646, 75763.16402547433, 81832.64404250638
1618.7130000591278, 75763.16402547433, 81832.64404250638
1618.7290000915527, 75763.16402547433, 81832.64404250638
1618.7420001029968, 75763.16402547433, 81830.92365304408
1618.755000114441, 75763.16402547433, 81830.92365304408
1618.7610001564026, 75763.16402547433, 81830.92365304408
1618.768000125885, 75763.16402547433, 81830.92365304408
1618.7740001678467, 75763.16402547433, 81830.92365304408
1618.7799999713898, 75763.16402547433, 81830.92365304408
1618.7850000858307, 75763.16402547433, 81830.92365304408
1618.7850000858307, 75763.16402547433, 81830.92365304408
1623.154000043869, 75763.16402547433, 81830.92365304408
1623.154000043869, 75763.16402547433, 81830.92365304408
1623.1690001487732, 75763.16402547433, 81830.92365304408
1623.1730000972748, 75763.16402547433, 81830.92365304408
1623.1730000972748, 75763.16402547433, 81830.92365304408
1623.1870000362396, 75763.16402547433, 81830.92365304408
1623.1890001296997, 75763.16402547433, 81830.92365304408
1623.1890001296997, 75763.16402547433, 81830.92365304408
1623.2030000686646, 75763.16402547433, 81830.92365304408
1623.210000038147, 75763.16402547433, 81829.09570039494
1623.215000152588, 75763.16402547433, 81828.76235055905
1627.9790000915527, 75763.16402547433, 81828.76235055905
1627.9880001544952, 75763.16402547433, 81828.76235055905
1627.9950001239777, 75763.16402547433, 81828.63513714448
1628.0060000419617, 75763.16402547433, 81828.63513714448
1628.0099999904633, 75763.16402547433, 81828.63513714448
1628.0250000953674, 75763.16402547433, 81828.63513714448
1632.4939999580383, 75763.16402547433, 81827.30733063295
1632.5060000419617, 75763.16402547433, 81827.2645809081
1632.5150001049042, 75763.16402547433, 81827.2645809081
1632.5169999599457, 75763.16402547433, 81827.2645809081
1632.529000043869, 75763.16402547433, 81827.2645809081
1632.529000043869, 75763.16402547433, 81827.2645809081
1632.5490000247955, 75763.16402547433, 81827.2645809081
1632.558000087738, 75763.16402547433, 81827.2645809081
1636.90900015831, 75763.16402547433, 81827.2645809081
1636.9250001907349, 75763.16402547433, 81827.2645809081
1636.9260001182556, 75763.16402547433, 81827.2645809081
1636.9470000267029, 75763.16402547433, 81827.2645809081
1636.9479999542236, 75763.16402547433, 81827.2645809081
1636.9639999866486, 75763.16402547433, 81827.2645809081
1636.9639999866486, 75763.16402547433, 81827.2645809081
1636.9800000190735, 75763.16402547433, 81827.2645809081
1636.9930000305176, 75763.16402547433, 81827.2645809081
1637.0069999694824, 75763.16402547433, 81827.2645809081
1641.4720001220703, 75763.16402547433, 81827.2645809081
1641.4860000610352, 75763.16402547433, 81827.2645809081
1641.489000082016, 75763.16402547433, 81827.2645809081
1641.489000082016, 75763.16402547433, 81827.2645809081
1641.50200009346, 75763.16402547433, 81827.2645809081
1641.50200009346, 75763.16402547433, 81827.2645809081
1641.5210001468658, 75763.16402547433, 81827.2645809081
1641.5270001888275, 75763.16402547433, 81827.2645809081
1641.531000137329, 75763.16402547433, 81827.2645809081
1641.539999961853, 75763.16402547433, 81825.38648595859
1641.5480000972748, 75763.16402547433, 81825.38648595859
1646.8040001392365, 75763.16402547433, 81825.38648595859
1646.8229999542236, 75763.16402547433, 81825.38648595859
1646.8320000171661, 75763.16402547433, 81825.38648595859
1646.8320000171661, 75763.16402547433, 81825.38648595859
1646.851000070572, 75763.16402547433, 81825.38648595859
1646.8580000400543, 75763.16402547433, 81825.38648595859
1646.8650000095367, 75763.16402547433, 81825.38648595859
1646.8719999790192, 75763.16402547433, 81825.38648595859
1646.8790001869202, 75763.16402547433, 81825.38648595859
1651.8389999866486, 75763.16402547433, 81822.51838346846
1651.8489999771118, 75763.16402547433, 81822.51838346846
1651.8650000095367, 75763.16402547433, 81822.39456369652
1656.5650000572205, 75763.16402547433, 81820.34957434368
1656.5720000267029, 75763.16402547433, 81820.34957434368
1656.5780000686646, 75763.16402547433, 81820.34957434368
1656.587000131607, 75763.16402547433, 81820.19777919386
1656.5989999771118, 75763.16402547433, 81820.19777919386
1656.6060001850128, 75763.16402547433, 81820.19777919386
1656.6060001850128, 75763.16402547433, 81819.93837944999
1661.2590000629425, 75763.16402547433, 81818.88584897808
1661.268000125885, 75763.16402547433, 81818.88584897808
1661.2699999809265, 75763.16402547433, 81818.80987065427
1661.2829999923706, 75763.16402547433, 81818.80495880631
1661.3020000457764, 75763.16402547433, 81818.80495880631
1661.3110001087189, 75763.16402547433, 81818.80495880631
1661.3180000782013, 75763.16402547433, 81818.80495880631
1661.3259999752045, 75763.16402547433, 81818.80495880631
1661.3330001831055, 75763.16402547433, 81818.80495880631
1661.3330001831055, 75763.16402547433, 81818.80495880631
1661.3550000190735, 75763.16402547433, 81817.99836367185
1661.3650000095367, 75763.16402547433, 81817.99836367185
1661.3730001449585, 75763.16402547433, 81817.99836367185
1665.891000032425, 75763.16402547433, 81817.99836367185
1665.9030001163483, 75763.16402547433, 81817.99836367185
1665.9120001792908, 75763.16402547433, 81817.99836367185
1665.9230000972748, 75763.16402547433, 81817.99836367185
1665.9420001506805, 75763.16402547433, 81817.99836367185
1665.9500000476837, 75763.16402547433, 81817.99836367185
1665.9560000896454, 75763.16402547433, 81817.99836367185
1670.8020000457764, 75763.16402547433, 81816.03829016864
1670.8129999637604, 75763.16402547433, 81816.03829016864
1670.819000005722, 75763.16402547433, 81816.03829016864
1670.8210000991821, 75763.16402547433, 81816.03829016864
1670.8330001831055, 75763.16402547433, 81816.03829016864
1670.8380000591278, 75763.16402547433, 81816.03829016864
1670.8380000591278, 75763.16402547433, 81816.03829016864
1670.851000070572, 75763.16402547433, 81815.43514133818
1670.8570001125336, 75763.16402547433, 81815.43514133818
1670.861999988556, 75763.16402547433, 81815.43514133818
1670.866000175476, 75763.16402547433, 81815.43514133818
1670.8740000724792, 75763.16402547433, 81815.43514133818
1670.8810000419617, 75763.16402547433, 81815.43514133818
1670.8849999904633, 75763.16402547433, 81815.43514133818
1670.8849999904633, 75763.16402547433, 81815.2674060639
1670.8849999904633, 75763.16402547433, 81815.2674060639
1675.444000005722, 75763.16402547433, 81814.28315288012
1675.4609999656677, 75763.16402547433, 81814.28315288012
1675.4680001735687, 75763.16402547433, 81814.28315288012
1675.4750001430511, 75763.16402547433, 81814.28315288012
1675.4820001125336, 75763.16402547433, 81814.28315288012
1675.4860000610352, 75763.16402547433, 81814.28315288012
1675.5, 75763.16402547433, 81814.28315288012
1675.5090000629425, 75763.16402547433, 81813.39744920445
1675.518000125885, 75763.16402547433, 81813.39744920445
1675.5260000228882, 75763.16402547433, 81813.39744920445
1675.529000043869, 75763.16402547433, 81813.39744920445
1675.529000043869, 75763.16402547433, 81813.39744920445
1675.529000043869, 75763.16402547433, 81813.39744920445
1680.239000082016, 75763.16402547433, 81813.39744920445
1680.2560000419617, 75763.16402547433, 81813.39744920445
1680.2569999694824, 75763.16402547433, 81813.39744920445
1684.164999961853, 75763.16402547433, 81812.07465234095
1684.172000169754, 75763.16402547433, 81812.07465234095
1684.1800000667572, 75763.16402547433, 81812.07465234095
1684.1870000362396, 75763.16402547433, 81812.07465234095
1684.1950001716614, 75763.16402547433, 81812.07465234095
1684.2039999961853, 75763.16402547433, 81812.07465234095
1688.9179999828339, 75763.16402547433, 81811.71934819156
1688.9290001392365, 75763.16402547433, 81811.71934819156
1688.9360001087189, 75763.16402547433, 81811.71934819156
1688.9460000991821, 75763.16402547433, 81811.71934819156
1688.9509999752045, 75763.16402547433, 81811.71934819156
1688.9560000896454, 75763.16402547433, 81811.5481058374
1688.9560000896454, 75763.16402547433, 81810.79221022723
1688.9700000286102, 75763.16402547433, 81810.79221022723
1688.9700000286102, 75763.16402547433, 81810.38361838627
1693.8740000724792, 75763.16402547433, 81809.21780922603
1693.8819999694824, 75763.16402547433, 81809.21780922603
1693.891000032425, 75763.16402547433, 81809.21780922603
1693.9030001163483, 75763.16402547433, 81808.56887544256
1698.2350001335144, 75763.16402547433, 81807.88726940492
1698.2469999790192, 75763.16402547433, 81807.88726940492
1698.2540001869202, 75763.16402547433, 81807.88726940492
1698.2540001869202, 75763.16402547433, 81807.81316434621
1698.2540001869202, 75763.16402547433, 81807.81316434621
1698.2710001468658, 75763.16402547433, 81807.81316434621
1698.2710001468658, 75763.16402547433, 81807.81316434621
1698.2870001792908, 75763.16402547433, 81807.81316434621
1698.2910001277924, 75763.16402547433, 81807.81316434621
1702.9850001335144, 75763.16402547433, 81807.81316434621
1702.9980001449585, 75763.16402547433, 81807.81316434621
1703.0110001564026, 75763.16402547433, 81807.65251452949
1703.018000125885, 75763.16402547433, 81807.65251452949
1703.029000043869, 75763.16402547433, 81807.40961269704
1703.045000076294, 75763.16402547433, 81807.40961269704
1703.055999994278, 75763.16402547433, 81807.31158192083
1703.0650000572205, 75763.16402547433, 81807.31158192083
1707.8630001544952, 75763.16402547433, 81806.90380317361
1707.8730001449585, 75763.16402547433, 81806.90380317361
1707.8840000629425, 75763.16402547433, 81806.90380317361
1707.8870000839233, 75763.16402547433, 81806.90380317361
1707.904000043869, 75763.16402547433, 81806.90380317361
1707.9110000133514, 75763.16402547433, 81806.90380317361
1707.920000076294, 75763.16402547433, 81805.66182444942
1707.9260001182556, 75763.16402547433, 81805.57072236863
1712.5500001907349, 75763.16402547433, 81805.57072236863
1712.5590000152588, 75763.16402547433, 81805.57072236863
1712.5640001296997, 75763.16402547433, 81805.57072236863
1712.5700001716614, 75763.16402547433, 81805.57072236863
1712.5759999752045, 75763.16402547433, 81805.57072236863
1712.5800001621246, 75763.16402547433, 81805.57072236863
1717.340000152588, 75763.16402547433, 81804.54039253792
1717.3500001430511, 75763.16402547433, 81803.9907876982
1717.3600001335144, 75763.16402547433, 81803.9907876982
1717.3710000514984, 75763.16402547433, 81803.9907876982
1717.3710000514984, 75763.16402547433, 81803.9907876982
1717.391000032425, 75763.16402547433, 81803.75936458565
1717.3960001468658, 75763.16402547433, 81803.75936458565
1717.4030001163483, 75763.16402547433, 81803.19023301697
1722.3410000801086, 75763.16402547433, 81802.26257679769
1722.3570001125336, 75763.16402547433, 81801.99704393887
1722.3600001335144, 75763.16402547433, 81801.99704393887
1722.3600001335144, 75763.16402547433, 81801.99704393887
1722.3819999694824, 75763.16402547433, 81801.96529612764
1722.3919999599457, 75763.16402547433, 81801.96529612764
1722.4020001888275, 75763.16402547433, 81801.84793465695
1722.40900015831, 75763.16402547433, 81801.84793465695
1722.4110000133514, 75763.16402547433, 81801.84793465695
1727.138000011444, 75763.16402547433, 81801.23914680147
1727.1480000019073, 75763.16402547433, 81801.23914680147
1727.1549999713898, 75763.16402547433, 81801.23914680147
1727.1549999713898, 75763.16402547433, 81801.23914680147
1727.1710000038147, 75763.16402547433, 81801.23914680147
1727.1760001182556, 75763.16402547433, 81801.23914680147
1727.1900000572205, 75763.16402547433, 81801.23914680147
1727.1909999847412, 75763.16402547433, 81801.23914680147
1727.210000038147, 75763.16402547433, 81801.23914680147
1727.2160000801086, 75763.16402547433, 81801.23914680147
1727.2200000286102, 75763.16402547433, 81801.23914680147
1732.2009999752045, 75763.16402547433, 81800.10404233926
1732.223000049591, 75763.16402547433, 81799.7725012141
1732.223000049591, 75763.16402547433, 81799.7725012141
1732.2380001544952, 75763.16402547433, 81799.7725012141
1737.1820001602173, 75763.16402547433, 81798.45453275564
1737.1970000267029, 75763.16402547433, 81798.45453275564
1737.2050001621246, 75763.16402547433, 81798.45453275564
1741.5970001220703, 75763.16402547433, 81798.45453275564
1741.6100001335144, 75763.16402547433, 81798.45453275564
1741.6170001029968, 75763.16402547433, 81798.45453275564
1741.6319999694824, 75763.16402547433, 81797.75189056082
1741.6419999599457, 75763.16402547433, 81797.75189056082
1746.542000055313, 75763.16402547433, 81797.75189056082
1746.542000055313, 75763.16402547433, 81797.75189056082
1746.5629999637604, 75763.16402547433, 81797.75189056082
1746.5629999637604, 75763.16402547433, 81797.75189056082
1746.5770001411438, 75763.16402547433, 81797.75189056082
1746.5970001220703, 75763.16402547433, 81797.75189056082
1746.6060001850128, 75763.16402547433, 81795.69333045768
1751.2829999923706, 75763.16402547433, 81795.59113047324
1751.295000076294, 75763.16402547433, 81795.59113047324
1751.3020000457764, 75763.16402547433, 81795.59113047324
1751.3020000457764, 75763.16402547433, 81795.59113047324
1751.3170001506805, 75763.16402547433, 81795.59113047324
1751.3229999542236, 75763.16402547433, 81795.56919127489
1751.3320000171661, 75763.16402547433, 81795.27478280249
1751.345999956131, 75763.16402547433, 81795.21259180743
1756.1060001850128, 75763.16402547433, 81794.99617621415
1756.114000082016, 75763.16402547433, 81794.99617621415
1756.1200001239777, 75763.16402547433, 81794.99617621415
1756.1280000209808, 75763.16402547433, 81794.99320888042
1756.141000032425, 75763.16402547433, 81794.75556748337
1756.143000125885, 75763.16402547433, 81794.52183180994
1756.1630001068115, 75763.16402547433, 81793.98021637215
1760.65900015831, 75763.16402547433, 81793.81559317351
1760.65900015831, 75763.16402547433, 81793.81559317351
1765.6900000572205, 75763.16402547433, 81792.9247037899
1765.6900000572205, 75763.16402547433, 81792.9247037899
1765.7130000591278, 75763.16402547433, 81792.9247037899
1765.7200000286102, 75763.16402547433, 81792.83620150348
1765.726000070572, 75763.16402547433, 81792.83620150348
1765.7310001850128, 75763.16402547433, 81792.83620150348
1765.7310001850128, 75763.16402547433, 81792.83620150348
1765.741000175476, 75763.16402547433, 81792.83620150348
1765.75200009346, 75763.16402547433, 81791.33461180757
1765.7620000839233, 75763.16402547433, 81791.33461180757
1770.670000076294, 75763.16402547433, 81791.33461180757
1770.6850001811981, 75763.16402547433, 81791.33461180757
1770.6870000362396, 75763.16402547433, 81791.33461180757
1770.7070000171661, 75763.16402547433, 81791.33097428837
1770.7090001106262, 75763.16402547433, 81791.30140401995
1770.7239999771118, 75763.16402547433, 81790.86577911192
1775.5780000686646, 75763.16402547433, 81790.86577911192
1775.5830001831055, 75763.16402547433, 81790.86577911192
1775.595999956131, 75763.16402547433, 81790.86577911192
1775.6019999980927, 75763.16402547433, 81790.86577911192
1775.6200001239777, 75763.16402547433, 81790.86577911192
1775.6200001239777, 75763.16402547433, 81790.86577911192
1775.643000125885, 75763.16402547433, 81789.30833685645
1775.6520001888275, 75763.16402547433, 81789.30833685645
1775.6600000858307, 75763.16402547433, 81789.30833685645
1775.6690001487732, 75763.16402547433, 81788.91343556315
1780.4110000133514, 75763.16402547433, 81788.91343556315
1780.4340000152588, 75763.16402547433, 81788.35708578698
1780.4460000991821, 75763.16402547433, 81788.32532983994
1780.4479999542236, 75763.16402547433, 81788.32532983994
1780.4479999542236, 75763.16402547433, 81788.32532983994
1780.4639999866486, 75763.16402547433, 81788.32532983994
1780.465000152588, 75763.16402547433, 81788.32532983994
1780.4800000190735, 75763.16402547433, 81788.12293532008
1780.489000082016, 75763.16402547433, 81788.12293532008
1780.4969999790192, 75763.16402547433, 81787.85010221945
1780.5030000209808, 75763.16402547433, 81787.85010221945
1780.5080001354218, 75763.16402547433, 81787.85010221945
1785.2829999923706, 75763.16402547433, 81787.85010221945
1785.2870001792908, 75763.16402547433, 81787.85010221945
1785.2870001792908, 75763.16402547433, 81787.85010221945
1785.3050000667572, 75763.16402547433, 81787.85010221945
1785.3120000362396, 75763.16402547433, 81787.85010221945
1785.3120000362396, 75763.16402547433, 81787.85010221945
1785.3250000476837, 75763.16402547433, 81787.85010221945
1785.335000038147, 75763.16402547433, 81787.85010221945
1785.3420000076294, 75763.16402547433, 81787.85010221945
1785.3500001430511, 75763.16402547433, 81787.46098725262
1785.3580000400543, 75763.16402547433, 81787.38391194747
1785.3630001544952, 75763.16402547433, 81787.38391194747
1790.141000032425, 75763.16402547433, 81786.32151464469
1790.154000043869, 75763.16402547433, 81786.32151464469
1790.1620001792908, 75763.16402547433, 81786.3059117585
1790.1690001487732, 75763.16402547433, 81786.3059117585
1790.180999994278, 75763.16402547433, 81786.3059117585
1790.1860001087189, 75763.16402547433, 81786.3059117585
1790.1860001087189, 75763.16402547433, 81786.3059117585
1790.199000120163, 75763.16402547433, 81786.3059117585
1790.2070000171661, 75763.16402547433, 81786.3059117585
1790.2130000591278, 75763.16402547433, 81786.3059117585
1790.2190001010895, 75763.16402547433, 81786.3059117585
1790.228000164032, 75763.16402547433, 81786.3059117585
1790.233999967575, 75763.16402547433, 81786.3059117585
1795.0759999752045, 75763.16402547433, 81784.85319140725
1795.0889999866486, 75763.16402547433, 81784.29484552924
1795.0970001220703, 75763.16402547433, 81784.25506965484
1795.0970001220703, 75763.16402547433, 81784.25506965484
1795.111999988556, 75763.16402547433, 81784.25506965484
1795.111999988556, 75763.16402547433, 81784.25506965484
1795.1260001659393, 75763.16402547433, 81783.97666105149
1795.1349999904633, 75763.16402547433, 81783.97666105149
1795.141000032425, 75763.16402547433, 81783.97666105149
1795.1460001468658, 75763.16402547433, 81783.97666105149
1795.1520001888275, 75763.16402547433, 81783.97666105149
1795.1579999923706, 75763.16402547433, 81783.97666105149
1795.1640000343323, 75763.16402547433, 81783.97666105149
1800.0169999599457, 75763.16402547433, 81783.97666105149
1800.0169999599457, 75763.16402547433, 81783.97666105149
1800.0390000343323, 75763.16402547433, 81783.97666105149
1800.0410001277924, 75763.16402547433, 81783.87774183575
1800.0540001392365, 75763.16402547433, 81783.87774183575
1800.0590000152588, 75763.16402547433, 81783.87774183575
1800.0670001506805, 75763.16402547433, 81783.87774183575
1800.074000120163, 75763.16402547433, 81783.87774183575
1800.0789999961853, 75763.16402547433, 81783.87774183575
1800.0830001831055, 75763.16402547433, 81783.87774183575
1800.0910000801086, 75763.16402547433, 81782.07977524212
1800.0970001220703, 75763.16402547433, 81782.07977524212
1800.103000164032, 75763.16402547433, 81782.07977524212
1800.103000164032, 75763.16402547433, 81782.07977524212
1804.840000152588, 75763.16402547433, 81782.07977524212
1804.845999956131, 75763.16402547433, 81782.07977524212
1804.8600001335144, 75763.16402547433, 81782.07977524212
1804.8600001335144, 75763.16402547433, 81782.07977524212
1804.8730001449585, 75763.16402547433, 81782.07977524212
1804.8780000209808, 75763.16402547433, 81782.07977524212
1804.8919999599457, 75763.16402547433, 81782.07977524212
1804.8980000019073, 75763.16402547433, 81782.07977524212
1804.9030001163483, 75763.16402547433, 81782.04896580955
1804.9070000648499, 75763.16402547433, 81782.04896580955
1804.9179999828339, 75763.16402547433, 81782.04896580955
1809.9020001888275, 75763.16402547433, 81782.04896580955
1809.9079999923706, 75763.16402547433, 81782.04896580955
1809.9160001277924, 75763.16402547433, 81782.04896580955
1809.9260001182556, 75763.16402547433, 81782.04896580955
1809.9270000457764, 75763.16402547433, 81782.04896580955
1809.9420001506805, 75763.16402547433, 81782.04896580955
1809.9420001506805, 75763.16402547433, 81782.04896580955
1809.9609999656677, 75763.16402547433, 81781.04121766248
1809.970999956131, 75763.16402547433, 81781.04121766248
1814.9020001888275, 75763.16402547433, 81779.53580177923
1814.9250001907349, 75763.16402547433, 81779.53580177923
1814.9350001811981, 75763.16402547433, 81779.53580177923
1814.9350001811981, 75763.16402547433, 81779.53580177923
1814.9539999961853, 75763.16402547433, 81779.53580177923
1814.962000131607, 75763.16402547433, 81779.10892568948
1814.9720001220703, 75763.16402547433, 81779.10892568948
1814.9720001220703, 75763.16402547433, 81779.10892568948
1814.9880001544952, 75763.16402547433, 81779.10892568948
1819.6360001564026, 75763.16402547433, 81778.3600093607
1819.6480000019073, 75763.16402547433, 81778.3600093607
1819.6570000648499, 75763.16402547433, 81778.3600093607
1819.6620001792908, 75763.16402547433, 81777.84573486548
1819.6620001792908, 75763.16402547433, 81777.84573486548
1819.6750001907349, 75763.16402547433, 81777.84573486548
1819.680999994278, 75763.16402547433, 81777.84573486548
1819.6860001087189, 75763.16402547433, 81777.84573486548
1819.6930000782013, 75763.16402547433, 81777.84573486548
1819.7009999752045, 75763.16402547433, 81777.84573486548
1819.7060000896454, 75763.16402547433, 81777.84573486548
1819.7060000896454, 75763.16402547433, 81777.84573486548
1819.7180001735687, 75763.16402547433, 81777.53654665715
1819.7250001430511, 75763.16402547433, 81777.53654665715
1824.449000120163, 75763.16402547433, 81777.53654665715
1824.4630000591278, 75763.16402547433, 81776.93346309742
1824.4720001220703, 75763.16402547433, 81776.93346309742
1824.4820001125336, 75763.16402547433, 81776.93346309742
1824.4850001335144, 75763.16402547433, 81776.93346309742
1824.4850001335144, 75763.16402547433, 81776.93346309742
1824.4990000724792, 75763.16402547433, 81776.93346309742
1824.4990000724792, 75763.16402547433, 81776.93346309742
1824.5220000743866, 75763.16402547433, 81776.93346309742
1824.5320000648499, 75763.16402547433, 81776.93346309742
1824.5429999828339, 75763.16402547433, 81776.56982844113
1824.5490000247955, 75763.16402547433, 81776.42515310815
1824.5490000247955, 75763.16402547433, 81776.0108871869
1829.1230001449585, 75763.16402547433, 81775.80208262804
1829.141000032425, 75763.16402547433, 81775.80208262804
1829.1440000534058, 75763.16402547433, 81775.80208262804
1829.1600000858307, 75763.16402547433, 81775.80208262804
1829.164999961853, 75763.16402547433, 81775.80208262804
1829.1760001182556, 75763.16402547433, 81775.80208262804
1829.1840000152588, 75763.16402547433, 81775.80208262804
1829.1920001506805, 75763.16402547433, 81775.80208262804
1829.1960000991821, 75763.16402547433, 81775.80208262804
1829.2030000686646, 75763.16402547433, 81775.80208262804
1829.2080001831055, 75763.16402547433, 81775.01226807875
1834.0080001354218, 75763.16402547433, 81775.01226807875
1834.0169999599457, 75763.16402547433, 81775.01226807875
1834.0220000743866, 75763.16402547433, 81775.01226807875
1834.0220000743866, 75763.16402547433, 81775.01226807875
1834.0370001792908, 75763.16402547433, 81775.01226807875
1834.042000055313, 75763.16402547433, 81775.01226807875
1834.0529999732971, 75763.16402547433, 81774.6426460172
1834.0620000362396, 75763.16402547433, 81774.6426460172
1834.0729999542236, 75763.16402547433, 81774.6426460172
1834.0820000171661, 75763.16402547433, 81774.31592935314
1838.9430000782013, 75763.16402547433, 81774.12702966592
1838.9530000686646, 75763.16402547433, 81774.12702966592
1838.9580001831055, 75763.16402547433, 81774.12702966592
1838.9630000591278, 75763.16402547433, 81774.12702966592
1838.9830000400543, 75763.16402547433, 81774.0528652197
1843.6710000038147, 75763.16402547433, 81773.3530154461
1843.6740000247955, 75763.16402547433, 81773.3530154461
1843.6909999847412, 75763.16402547433, 81773.34894655825
1843.699000120163, 75763.16402547433, 81773.34894655825
1843.7050001621246, 75763.16402547433, 81773.34894655825
1843.7090001106262, 75763.16402547433, 81773.34894655825
1843.7090001106262, 75763.16402547433, 81772.91920750019
1843.7250001430511, 75763.16402547433, 81772.91920750019
1843.7250001430511, 75763.16402547433, 81772.91920750019
1843.7250001430511, 75763.16402547433, 81772.91920750019
1843.7250001430511, 75763.16402547433, 81772.91920750019
1843.7450001239777, 75763.16402547433, 81772.91920750019
1843.75, 75763.16402547433, 81772.91920750019
1843.755000114441, 75763.16402547433, 81772.91920750019
1843.7599999904633, 75763.16402547433, 81772.91920750019
1843.7669999599457, 75763.16402547433, 81772.91920750019
1843.7720000743866, 75763.16402547433, 81772.43096720554
1843.7760000228882, 75763.16402547433, 81772.43096720554
1848.5859999656677, 75763.16402547433, 81772.06341181684
1848.6019999980927, 75763.16402547433, 81772.06341181684
1848.6050000190735, 75763.16402547433, 81772.06341181684
1848.6050000190735, 75763.16402547433, 81772.06341181684
1848.6219999790192, 75763.16402547433, 81772.06341181684
1848.6219999790192, 75763.16402547433, 81772.06341181684
1848.638000011444, 75763.16402547433, 81772.06341181684
1848.6449999809265, 75763.16402547433, 81772.06341181684
1848.6500000953674, 75763.16402547433, 81772.06341181684
1848.6570000648499, 75763.16402547433, 81772.06341181684
1848.6630001068115, 75763.16402547433, 81772.06341181684
1848.6690001487732, 75763.16402547433, 81772.06341181684
1848.6779999732971, 75763.16402547433, 81772.06341181684
1848.6840000152588, 75763.16402547433, 81772.06341181684
1853.6620001792908, 75763.16402547433, 81771.42346644438
1853.6850001811981, 75763.16402547433, 81771.42346644438
1853.6879999637604, 75763.16402547433, 81771.42346644438
1853.7030000686646, 75763.16402547433, 81771.42346644438
1853.7109999656677, 75763.16402547433, 81771.42346644438
1853.7239999771118, 75763.16402547433, 81771.10451220196
1853.736999988556, 75763.16402547433, 81771.10451220196
1853.7480001449585, 75763.16402547433, 81771.10451220196
1853.7480001449585, 75763.16402547433, 81771.10451220196
1858.7310001850128, 75763.16402547433, 81771.10451220196
1858.7310001850128, 75763.16402547433, 81771.10451220196
1858.7310001850128, 75763.16402547433, 81771.10451220196
1858.75, 75763.16402547433, 81771.10451220196
1858.7510001659393, 75763.16402547433, 81770.11756302768
1863.712000131607, 75763.16402547433, 81770.11756302768
1863.712000131607, 75763.16402547433, 81770.11756302768
1863.7350001335144, 75763.16402547433, 81769.14926905521
1863.7460000514984, 75763.16402547433, 81769.14926905521
1868.7430000305176, 75763.16402547433, 81768.90128112085
1868.7599999904633, 75763.16402547433, 81768.90128112085
1868.7720000743866, 75763.16402547433, 81768.90128112085
1868.779000043869, 75763.16402547433, 81768.90128112085
1868.779000043869, 75763.16402547433, 81768.90128112085
1868.7960000038147, 75763.16402547433, 81768.81762617924
1868.8070001602173, 75763.16402547433, 81768.81762617924
1868.8140001296997, 75763.16402547433, 81767.62307964428
1873.603000164032, 75763.16402547433, 81767.22473339557
1873.614000082016, 75763.16402547433, 81767.22473339557
1873.6310000419617, 75763.16402547433, 81767.22473339557
1873.6400001049042, 75763.16402547433, 81767.22473339557
1873.6400001049042, 75763.16402547433, 81767.22473339557
1873.656000137329, 75763.16402547433, 81767.03440458514
1873.656000137329, 75763.16402547433, 81767.03440458514
1873.6760001182556, 75763.16402547433, 81766.84107903627
1873.6850001811981, 75763.16402547433, 81766.84107903627
1878.8320000171661, 75763.16402547433, 81766.84107903627
1878.8359999656677, 75763.16402547433, 81766.84107903627
1878.8470001220703, 75763.16402547433, 81766.84107903627
1878.8600001335144, 75763.16402547433, 81766.84107903627
1878.8680000305176, 75763.16402547433, 81766.84107903627
1878.8740000724792, 75763.16402547433, 81766.84107903627
1878.8840000629425, 75763.16402547433, 81766.39925509384
1878.8919999599457, 75763.16402547433, 81766.39925509384
1878.9000000953674, 75763.16402547433, 81766.39925509384
1878.9079999923706, 75763.16402547433, 81766.3577339469
1878.9160001277924, 75763.16402547433, 81766.3577339469
1878.9160001277924, 75763.16402547433, 81766.3577339469
1883.7910001277924, 75763.16402547433, 81765.36083680179
1883.8000001907349, 75763.16402547433, 81765.36083680179
1883.8090000152588, 75763.16402547433, 81765.05349090007
1883.8110001087189, 75763.16402547433, 81765.05349090007
1883.8270001411438, 75763.16402547433, 81765.05349090007
1883.8430001735687, 75763.16402547433, 81765.05349090007
1883.8570001125336, 75763.16402547433, 81764.64233213749
1883.8600001335144, 75763.16402547433, 81764.64233213749
1883.8740000724792, 75763.16402547433, 81764.64233213749
1883.875, 75763.16402547433, 81764.64233213749
1888.8180000782013, 75763.16402547433, 81764.64233213749
1888.8180000782013, 75763.16402547433, 81764.64233213749
1888.8270001411438, 75763.16402547433, 81764.64233213749
1888.8389999866486, 75763.16402547433, 81764.50590565406
1888.8470001220703, 75763.16402547433, 81764.50590565406
1888.8470001220703, 75763.16402547433, 81764.50590565406
1888.8470001220703, 75763.16402547433, 81764.50590565406
1888.864000082016, 75763.16402547433, 81764.50590565406
1888.8689999580383, 75763.16402547433, 81764.50590565406
1888.8740000724792, 75763.16402547433, 81764.50590565406
1888.8790001869202, 75763.16402547433, 81764.50590565406
1888.8840000629425, 75763.16402547433, 81764.50590565406
1888.888000011444, 75763.16402547433, 81764.50590565406
1888.893000125885, 75763.16402547433, 81764.50590565406
1888.8949999809265, 75763.16402547433, 81764.50590565406
1888.8949999809265, 75763.16402547433, 81764.50590565406
1888.8949999809265, 75763.16402547433, 81764.50590565406
1888.9130001068115, 75763.16402547433, 81764.50590565406
1893.8610000610352, 75763.16402547433, 81764.50590565406
1893.8730001449585, 75763.16402547433, 81764.50590565406
1893.8819999694824, 75763.16402547433, 81764.50590565406
1893.8949999809265, 75763.16402547433, 81763.09266010787
1893.8949999809265, 75763.16402547433, 81763.09266010787
1893.9130001068115, 75763.16402547433, 81763.09266010787
1893.9190001487732, 75763.16402547433, 81761.91131055349
1898.7300000190735, 75763.16402547433, 81761.91131055349
1898.7439999580383, 75763.16402547433, 81761.91131055349
1898.7510001659393, 75763.16402547433, 81761.91131055349
1898.7510001659393, 75763.16402547433, 81761.91131055349
1898.7690000534058, 75763.16402547433, 81761.91131055349
1898.7740001678467, 75763.16402547433, 81761.7752941075
1898.7799999713898, 75763.16402547433, 81761.7752941075
1898.7870001792908, 75763.16402547433, 81761.41593862008
1898.7940001487732, 75763.16402547433, 81761.41593862008
1904.029000043869, 75763.16402547433, 81761.41593862008
1904.029000043869, 75763.16402547433, 81761.0122260618
1904.0500001907349, 75763.16402547433, 81761.0122260618
1904.0520000457764, 75763.16402547433, 81761.0122260618
1904.0520000457764, 75763.16402547433, 81761.0122260618
1904.0670001506805, 75763.16402547433, 81761.0122260618
1904.0670001506805, 75763.16402547433, 81760.89845299261
1904.0830001831055, 75763.16402547433, 81760.62182974763
1908.797000169754, 75763.16402547433, 81760.62182974763
1908.808000087738, 75763.16402547433, 81760.03384524237
1908.819000005722, 75763.16402547433, 81760.03384524237
1913.7269999980927, 75763.16402547433, 81759.44278999078
1913.7320001125336, 75763.16402547433, 81759.44278999078
1913.7510001659393, 75763.16402547433, 81759.44278999078
1913.7640001773834, 75763.16402547433, 81759.37214561745
1913.7690000534058, 75763.16402547433, 81759.37214561745
1913.7690000534058, 75763.16402547433, 81759.37214561745
1918.8020000457764, 75763.16402547433, 81759.37214561745
1918.8170001506805, 75763.16402547433, 81759.37214561745
1918.8170001506805, 75763.16402547433, 81758.54151358914
1918.8380000591278, 75763.16402547433, 81758.54151358914
1923.6800000667572, 75763.16402547433, 81758.54151358914
1923.6800000667572, 75763.16402547433, 81758.54151358914
1923.7009999752045, 75763.16402547433, 81758.54151358914
1923.7090001106262, 75763.16402547433, 81758.54151358914
1923.7160000801086, 75763.16402547433, 81758.54151358914
1923.7160000801086, 75763.16402547433, 81758.54151358914
1923.7300000190735, 75763.16402547433, 81758.54151358914
1923.7300000190735, 75763.16402547433, 81758.54151358914
1923.7510001659393, 75763.16402547433, 81758.54151358914
1923.7580001354218, 75763.16402547433, 81758.54151358914
1923.763000011444, 75763.16402547433, 81758.54151358914
1923.768000125885, 75763.16402547433, 81758.54151358914
1923.7730000019073, 75763.16402547433, 81758.54151358914
1928.8710000514984, 75763.16402547433, 81758.54151358914
1928.8710000514984, 75763.16402547433, 81758.54151358914
1928.8870000839233, 75763.16402547433, 81758.54151358914
1928.8940000534058, 75763.16402547433, 81758.54151358914
1928.8940000534058, 75763.16402547433, 81758.54151358914
1928.9100000858307, 75763.16402547433, 81758.54151358914
1934.0150001049042, 75763.16402547433, 81758.54151358914
1934.0230000019073, 75763.16402547433, 81758.54151358914
1934.0329999923706, 75763.16402547433, 81758.54151358914
1934.0570001602173, 75763.16402547433, 81755.34765208425
1934.0720000267029, 75763.16402547433, 81755.34765208425
1934.0840001106262, 75763.16402547433, 81755.34765208425
1934.0940001010895, 75763.16402547433, 81755.34765208425
1934.1019999980927, 75763.16402547433, 81755.34765208425
1934.108999967575, 75763.16402547433, 81754.4211371097
1939.0240001678467, 75763.16402547433, 81754.4211371097
1939.0370001792908, 75763.16402547433, 81754.41096999322
1939.0490000247955, 75763.16402547433, 81754.274183872
1939.0570001602173, 75763.16402547433, 81754.274183872
1939.0600001811981, 75763.16402547433, 81754.274183872
1939.0720000267029, 75763.16402547433, 81754.24369170744
1939.0780000686646, 75763.16402547433, 81754.24369170744
1943.7430000305176, 75763.16402547433, 81754.24369170744
1943.7569999694824, 75763.16402547433, 81754.24369170744
1943.7590000629425, 75763.16402547433, 81754.24369170744
1943.7699999809265, 75763.16402547433, 81754.24369170744
1943.7699999809265, 75763.16402547433, 81754.24369170744
1943.7890000343323, 75763.16402547433, 81754.24369170744
1943.7940001487732, 75763.16402547433, 81754.24369170744
1943.8029999732971, 75763.16402547433, 81754.18884869618
1943.8110001087189, 75763.16402547433, 81754.18884869618
1943.8210000991821, 75763.16402547433, 81754.18884869618
1943.8210000991821, 75763.16402547433, 81754.18884869618
1943.8210000991821, 75763.16402547433, 81754.18884869618
1943.8380000591278, 75763.16402547433, 81754.18884869618
1943.8380000591278, 75763.16402547433, 81754.18884869618
1943.8540000915527, 75763.16402547433, 81754.18884869618
1948.9820001125336, 75763.16402547433, 81754.18884869618
1948.991000175476, 75763.16402547433, 81754.18884869618
1948.9980001449585, 75763.16402547433, 81754.18884869618
1949.0090000629425, 75763.16402547433, 81754.18884869618
1949.0090000629425, 75763.16402547433, 81754.18884869618
1949.029000043869, 75763.16402547433, 81754.18884869618
1949.0350000858307, 75763.16402547433, 81754.18884869618
1949.0440001487732, 75763.16402547433, 81754.18884869618
1949.0510001182556, 75763.16402547433, 81754.18884869618
1949.0590000152588, 75763.16402547433, 81751.94653351673
1953.7439999580383, 75763.16402547433, 81751.94653351673
1953.75200009346, 75763.16402547433, 81751.94653351673
1953.7599999904633, 75763.16402547433, 81751.94653351673
1953.7650001049042, 75763.16402547433, 81751.57191713114
1953.7650001049042, 75763.16402547433, 81751.57191713114
1953.7850000858307, 75763.16402547433, 81751.57191713114
1953.7850000858307, 75763.16402547433, 81751.57191713114
1953.8029999732971, 75763.16402547433, 81751.57191713114
1953.8100001811981, 75763.16402547433, 81751.57191713114
1958.8200001716614, 75763.16402547433, 81751.57191713114
1958.8289999961853, 75763.16402547433, 81751.57191713114
1958.8359999656677, 75763.16402547433, 81751.57191713114
1958.8440001010895, 75763.16402547433, 81751.57191713114
1958.8519999980927, 75763.16402547433, 81751.54332460677
1958.8580000400543, 75763.16402547433, 81751.54332460677
1958.866000175476, 75763.16402547433, 81751.54332460677
1958.866000175476, 75763.16402547433, 81751.54332460677
1958.8830001354218, 75763.16402547433, 81751.54332460677
1958.8900001049042, 75763.16402547433, 81751.54332460677
1958.8970000743866, 75763.16402547433, 81750.0815438433
1958.9030001163483, 75763.16402547433, 81750.0815438433
1964.0480000972748, 75763.16402547433, 81750.0815438433
1964.0650000572205, 75763.16402547433, 81750.0815438433
1964.0840001106262, 75763.16402547433, 81750.0815438433
1964.087000131607, 75763.16402547433, 81750.0815438433
1964.101000070572, 75763.16402547433, 81750.0815438433
1964.101000070572, 75763.16402547433, 81750.0815438433
1964.1170001029968, 75763.16402547433, 81750.0815438433
1964.1280000209808, 75763.16402547433, 81749.39102585927
1964.1349999904633, 75763.16402547433, 81749.39102585927
1969.0060000419617, 75763.16402547433, 81749.39102585927
1969.0140001773834, 75763.16402547433, 81749.39102585927
1969.0199999809265, 75763.16402547433, 81749.39102585927
1969.0199999809265, 75763.16402547433, 81749.39102585927
1969.03400015831, 75763.16402547433, 81748.54827055696
1969.055999994278, 75763.16402547433, 81748.54827055696
1969.0640001296997, 75763.16402547433, 81748.54827055696
1969.0710000991821, 75763.16402547433, 81748.54827055696
1969.0789999961853, 75763.16402547433, 81748.54827055696
1969.0840001106262, 75763.16402547433, 81748.54827055696
1969.0840001106262, 75763.16402547433, 81748.54827055696
1969.1000001430511, 75763.16402547433, 81748.34956854604
1969.1000001430511, 75763.16402547433, 81748.34956854604
1969.1230001449585, 75763.16402547433, 81748.08106455747
1974.031000137329, 75763.16402547433, 81748.08106455747
1974.0500001907349, 75763.16402547433, 81748.08106455747
1974.0550000667572, 75763.16402547433, 81747.48848608586
1974.0659999847412, 75763.16402547433, 81747.48848608586
1974.0700001716614, 75763.16402547433, 81747.48848608586
1974.087000131607, 75763.16402547433, 81747.48848608586
1974.0930001735687, 75763.16402547433, 81747.48848608586
1974.098000049591, 75763.16402547433, 81747.48848608586
1974.1040000915527, 75763.16402547433, 81747.48848608586
1974.108999967575, 75763.16402547433, 81747.48848608586
1974.1180000305176, 75763.16402547433, 81747.48848608586
1979.2030000686646, 75763.16402547433, 81747.48848608586
1979.2180001735687, 75763.16402547433, 81746.61606636709
1979.2250001430511, 75763.16402547433, 81746.61606636709
1979.2250001430511, 75763.16402547433, 81746.50444918363
1979.241000175476, 75763.16402547433, 81746.50444918363
1979.2620000839233, 75763.16402547433, 81746.50444918363
1979.2760000228882, 75763.16402547433, 81746.50444918363
1979.2860000133514, 75763.16402547433, 81746.14972269216
1979.2890000343323, 75763.16402547433, 81746.14972269216
1979.3040001392365, 75763.16402547433, 81745.78369886779
1979.3090000152588, 75763.16402547433, 81745.78369886779
1979.3200001716614, 75763.16402547433, 81745.78369886779
1984.4509999752045, 75763.16402547433, 81745.78369886779
1984.4680001735687, 75763.16402547433, 81745.78369886779
1984.4850001335144, 75763.16402547433, 81745.78369886779
1984.4969999790192, 75763.16402547433, 81745.78369886779
1984.4990000724792, 75763.16402547433, 81745.78369886779
1984.516000032425, 75763.16402547433, 81745.78369886779
1984.5270001888275, 75763.16402547433, 81745.78369886779
1984.5320000648499, 75763.16402547433, 81745.78369886779
1984.5370001792908, 75763.16402547433, 81745.78369886779
1984.545000076294, 75763.16402547433, 81745.78369886779
1984.5510001182556, 75763.16402547433, 81745.78369886779
1984.555999994278, 75763.16402547433, 81745.78369886779
1989.1480000019073, 75763.16402547433, 81745.78369886779
1989.1549999713898, 75763.16402547433, 81745.78369886779
1989.1610000133514, 75763.16402547433, 81745.78369886779
1989.1690001487732, 75763.16402547433, 81744.5546275747
1989.1750001907349, 75763.16402547433, 81744.5546275747
1989.1750001907349, 75763.16402547433, 81744.5546275747
1989.1750001907349, 75763.16402547433, 81744.5546275747
1989.194000005722, 75763.16402547433, 81744.5546275747
1989.2030000686646, 75763.16402547433, 81744.5546275747
1989.212000131607, 75763.16402547433, 81744.5546275747
1994.2760000228882, 75763.16402547433, 81744.5546275747
1994.2850000858307, 75763.16402547433, 81744.5546275747
1994.3050000667572, 75763.16402547433, 81744.5546275747
1994.319000005722, 75763.16402547433, 81744.5546275747
1994.3289999961853, 75763.16402547433, 81744.5546275747
1994.3380000591278, 75763.16402547433, 81744.5546275747
1999.183000087738, 75763.16402547433, 81744.5546275747
1999.2080001831055, 75763.16402547433, 81744.5546275747
1999.2220001220703, 75763.16402547433, 81744.5546275747
1999.2350001335144, 75763.16402547433, 81744.5546275747
1999.2350001335144, 75763.16402547433, 81744.5546275747
1999.25200009346, 75763.16402547433, 81744.5546275747
1999.2590000629425, 75763.16402547433, 81744.5546275747
1999.266000032425, 75763.16402547433, 81744.5546275747
1999.2740001678467, 75763.16402547433, 81744.5546275747
1999.2829999923706, 75763.16402547433, 81744.5546275747
1999.2860000133514, 75763.16402547433, 81744.5546275747
1999.3029999732971, 75763.16402547433, 81744.5546275747
1999.3110001087189, 75763.16402547433, 81744.5546275747
2004.279000043869, 75763.16402547433, 81742.62441040824
2004.2880001068115, 75763.16402547433, 81742.62441040824
2004.2990000247955, 75763.16402547433, 81742.62441040824
2004.2990000247955, 75763.16402547433, 81742.62441040824
2004.3150000572205, 75763.16402547433, 81742.62441040824
2004.3220000267029, 75763.16402547433, 81742.62441040824
2004.3270001411438, 75763.16402547433, 81742.62441040824
2004.3359999656677, 75763.16402547433, 81742.62441040824
2004.3440001010895, 75763.16402547433, 81742.62441040824
2004.3519999980927, 75763.16402547433, 81742.62441040824
2004.364000082016, 75763.16402547433, 81742.62441040824
2004.3740000724792, 75763.16402547433, 81742.30177004973
2004.3849999904633, 75763.16402547433, 81742.30177004973
2009.5490000247955, 75763.16402547433, 81742.04903216683
2009.5680000782013, 75763.16402547433, 81742.04903216683
2009.5710000991821, 75763.16402547433, 81742.04903216683
2009.585000038147, 75763.16402547433, 81742.04903216683
2009.585000038147, 75763.16402547433, 81742.04903216683
2009.6019999980927, 75763.16402547433, 81742.04903216683
2009.6070001125336, 75763.16402547433, 81742.04903216683
2009.6110000610352, 75763.16402547433, 81742.04903216683
2009.6150000095367, 75763.16402547433, 81740.6730429271
2014.6419999599457, 75763.16402547433, 81740.2201461383
2014.654000043869, 75763.16402547433, 81740.2201461383
2014.6630001068115, 75763.16402547433, 81740.1181193379
2014.6779999732971, 75763.16402547433, 81740.08755672825
2014.6850001811981, 75763.16402547433, 81740.08755672825
2014.6909999847412, 75763.16402547433, 81740.08755672825
2014.7000000476837, 75763.16402547433, 81739.81077748422
2019.8320000171661, 75763.16402547433, 81739.12676891865
2019.8430001735687, 75763.16402547433, 81738.48286522918
2024.9720001220703, 75763.16402547433, 81738.48286522918
2024.9810001850128, 75763.16402547433, 81738.48286522918
2024.983999967575, 75763.16402547433, 81738.48286522918
2024.983999967575, 75763.16402547433, 81738.48286522918
2024.9969999790192, 75763.16402547433, 81738.48286522918
2025.0, 75763.16402547433, 81738.48286522918
2025.0, 75763.16402547433, 81738.48286522918
2025.0, 75763.16402547433, 81738.48286522918
2025.0190000534058, 75763.16402547433, 81738.48286522918
2025.0250000953674, 75763.16402547433, 81738.48286522918
2025.0329999923706, 75763.16402547433, 81738.48286522918
2025.042000055313, 75763.16402547433, 81737.52138836583
2025.0520000457764, 75763.16402547433, 81737.52138836583
2030.042000055313, 75763.16402547433, 81737.52138836583
2030.0640001296997, 75763.16402547433, 81737.52138836583
2030.0720000267029, 75763.16402547433, 81737.52138836583
2030.0780000686646, 75763.16402547433, 81737.52138836583
2030.0800001621246, 75763.16402547433, 81737.52138836583
2030.0800001621246, 75763.16402547433, 81737.52138836583
2030.0800001621246, 75763.16402547433, 81737.52138836583
2030.095999956131, 75763.16402547433, 81737.52138836583
2030.095999956131, 75763.16402547433, 81737.52138836583
2030.1100001335144, 75763.16402547433, 81737.12566693779
2030.1180000305176, 75763.16402547433, 81736.88334459323
2030.125, 75763.16402547433, 81736.88334459323
2030.1310000419617, 75763.16402547433, 81736.88334459323
2030.1390001773834, 75763.16402547433, 81736.82214144451
2030.1470000743866, 75763.16402547433, 81736.82214144451
2030.1530001163483, 75763.16402547433, 81736.82214144451
2035.3110001087189, 75763.16402547433, 81736.57655082538
2035.3200001716614, 75763.16402547433, 81736.57655082538
2035.3389999866486, 75763.16402547433, 81736.57655082538
2035.3500001430511, 75763.16402547433, 81736.57655082538
2035.364000082016, 75763.16402547433, 81736.57655082538
2035.3689999580383, 75763.16402547433, 81736.57655082538
2035.3740000724792, 75763.16402547433, 81736.57655082538
2035.3819999694824, 75763.16402547433, 81735.15507305633
2040.9409999847412, 75763.16402547433, 81734.82963661035
2046.0670001506805, 75763.16402547433, 81733.84292014064
2046.0680000782013, 75763.16402547433, 81733.84292014064
2046.0840001106262, 75763.16402547433, 81733.84292014064
2046.0889999866486, 75763.16402547433, 81733.84292014064
2046.0970001220703, 75763.16402547433, 81733.84292014064
2046.103000164032, 75763.16402547433, 81733.84292014064
2046.1060001850128, 75763.16402547433, 81733.84292014064
2046.1060001850128, 75763.16402547433, 81733.84292014064
2046.1060001850128, 75763.16402547433, 81733.84292014064
2046.1210000514984, 75763.16402547433, 81733.84292014064
2046.1210000514984, 75763.16402547433, 81733.84292014064
2046.1390001773834, 75763.16402547433, 81733.84292014064
2051.434000015259, 75763.16402547433, 81732.6547454451
2051.444000005722, 75763.16402547433, 81732.6547454451
2051.4530000686646, 75763.16402547433, 81732.6547454451
2051.4580001831055, 75763.16402547433, 81732.6547454451
2051.473999977112, 75763.16402547433, 81732.57531102948
2051.476000070572, 75763.16402547433, 81732.57531102948
2051.489000082016, 75763.16402547433, 81732.57531102948
2051.496999979019, 75763.16402547433, 81732.3481809146
2051.5060000419617, 75763.16402547433, 81732.3481809146
2051.5120000839233, 75763.16402547433, 81732.3481809146
2051.5169999599457, 75763.16402547433, 81732.3481809146
2056.8330001831055, 75763.16402547433, 81731.89973806529
2056.837000131607, 75763.16402547433, 81731.89973806529
2056.848000049591, 75763.16402547433, 81731.66303633103
2056.8600001335144, 75763.16402547433, 81731.66303633103
2056.861999988556, 75763.16402547433, 81731.00475824445
2056.861999988556, 75763.16402547433, 81731.00475824445
2061.9820001125336, 75763.16402547433, 81731.00475824445
2061.9900000095367, 75763.16402547433, 81731.00475824445
2061.996999979019, 75763.16402547433, 81731.00475824445
2062.003000020981, 75763.16402547433, 81731.00475824445
2062.003000020981, 75763.16402547433, 81731.00475824445
2062.0140001773834, 75763.16402547433, 81731.00475824445
2062.015000104904, 75763.16402547433, 81731.00475824445
2062.03200006485, 75763.16402547433, 81731.00475824445
2062.0370001792908, 75763.16402547433, 81731.00475824445
2062.045000076294, 75763.16402547433, 81730.36945113166
2062.055999994278, 75763.16402547433, 81730.36945113166
2062.065999984741, 75763.16402547433, 81730.22580100164
2062.065999984741, 75763.16402547433, 81730.22580100164
2062.0810000896454, 75763.16402547433, 81730.22580100164
2062.0810000896454, 75763.16402547433, 81730.22580100164
2062.098000049591, 75763.16402547433, 81730.22580100164
2067.3259999752045, 75763.16402547433, 81730.22580100164
2067.335000038147, 75763.16402547433, 81730.22580100164
2071.7060000896454, 75763.16402547433, 81729.9839368047
2071.723000049591, 75763.16402547433, 81729.90019532366
2071.7350001335144, 75763.16402547433, 81729.90019532366
2071.742000102997, 75763.16402547433, 81729.90019532366
2071.75400018692, 75763.16402547433, 81729.90019532366
2071.7590000629425, 75763.16402547433, 81729.90019532366
2077.1040000915527, 75763.16402547433, 81729.88113312001
2077.117000102997, 75763.16402547433, 81729.83275159364
2077.117000102997, 75763.16402547433, 81729.83275159364
2077.1360001564026, 75763.16402547433, 81729.83275159364
2077.151000022888, 75763.16402547433, 81729.83275159364
2077.1610000133514, 75763.16402547433, 81729.83275159364
2082.2590000629425, 75763.16402547433, 81729.83275159364
2082.2720000743866, 75763.16402547433, 81729.83275159364
2082.2829999923706, 75763.16402547433, 81729.83275159364
2082.292999982834, 75763.16402547433, 81729.83275159364
2082.305999994278, 75763.16402547433, 81729.83275159364
2082.3180000782013, 75763.16402547433, 81729.07417220759
2082.3280000686646, 75763.16402547433, 81729.07417220759
2082.335000038147, 75763.16402547433, 81729.07417220759
2082.351000070572, 75763.16402547433, 81729.07417220759
2082.3570001125336, 75763.16402547433, 81729.07417220759
2082.3630001544952, 75763.16402547433, 81729.07417220759
2082.3680000305176, 75763.16402547433, 81729.07417220759
2082.371999979019, 75763.16402547433, 81729.07417220759
2082.378000020981, 75763.16402547433, 81729.07417220759
2082.3830001354218, 75763.16402547433, 81729.07417220759
2087.709000110626, 75763.16402547433, 81729.07417220759
2087.7190001010895, 75763.16402547433, 81729.07417220759
2087.7269999980927, 75763.16402547433, 81729.07417220759
2087.741000175476, 75763.16402547433, 81729.07417220759
2087.7430000305176, 75763.16402547433, 81727.98717130329
2092.959000110626, 75763.16402547433, 81727.52487569528
2092.959000110626, 75763.16402547433, 81727.52487569528
2092.9850001335144, 75763.16402547433, 81727.52487569528
2092.996999979019, 75763.16402547433, 81727.52487569528
2093.0090000629425, 75763.16402547433, 81727.52487569528
2093.0140001773834, 75763.16402547433, 81727.52487569528
2093.0190000534058, 75763.16402547433, 81727.20882841195
2093.0270001888275, 75763.16402547433, 81727.20882841195
2093.0350000858307, 75763.16402547433, 81727.20882841195
2093.0460000038147, 75763.16402547433, 81726.6000546412
2093.060000181198, 75763.16402547433, 81726.6000546412
2093.0629999637604, 75763.16402547433, 81726.6000546412
2098.1500000953674, 75763.16402547433, 81725.65260144201
2098.1620001792908, 75763.16402547433, 81725.65260144201
2098.1620001792908, 75763.16402547433, 81725.0323813866
2098.1790001392365, 75763.16402547433, 81724.43471812354
2098.1820001602173, 75763.16402547433, 81723.91086685284
2103.5069999694824, 75763.16402547433, 81723.87439341383
2103.5080001354218, 75763.16402547433, 81723.87439341383
2103.5080001354218, 75763.16402547433, 81723.87439341383
2103.531000137329, 75763.16402547433, 81723.78936244485
2103.53400015831, 75763.16402547433, 81723.78936244485
2103.544000148773, 75763.16402547433, 81723.78936244485
2103.544000148773, 75763.16402547433, 81723.78936244485
2103.561000108719, 75763.16402547433, 81722.66965262432
2108.8310000896454, 75763.16402547433, 81722.42614831691
2108.845999956131, 75763.16402547433, 81722.19720405375
2108.851000070572, 75763.16402547433, 81722.19720405375
2108.8689999580383, 75763.16402547433, 81721.93115955274
2108.875, 75763.16402547433, 81721.93115955274
2108.8840000629425, 75763.16402547433, 81721.88911544604
2108.890000104904, 75763.16402547433, 81721.88911544604
2108.8980000019073, 75763.16402547433, 81721.88911544604
2114.2699999809265, 75763.16402547433, 81721.88911544604
2114.2780001163483, 75763.16402547433, 81721.88911544604
2114.297000169754, 75763.16402547433, 81720.92024337914
2114.305999994278, 75763.16402547433, 81720.92024337914
2114.308000087738, 75763.16402547433, 81720.92024337914
2114.308000087738, 75763.16402547433, 81720.92024337914
2119.7050001621246, 75763.16402547433, 81720.92024337914
2119.7139999866486, 75763.16402547433, 81719.86869793313
2119.731000185013, 75763.16402547433, 81719.19661930641
2119.736000061035, 75763.16402547433, 81719.19661930641
2119.7490000724792, 75763.16402547433, 81719.19661930641
2119.7620000839233, 75763.16402547433, 81718.72792647894
2119.7699999809265, 75763.16402547433, 81718.70809353351
2124.9020001888275, 75763.16402547433, 81718.57923052718
2124.9110000133514, 75763.16402547433, 81718.57923052718
2124.917999982834, 75763.16402547433, 81718.57923052718
2124.917999982834, 75763.16402547433, 81718.57923052718
2124.9320001602173, 75763.16402547433, 81718.57923052718
2124.9320001602173, 75763.16402547433, 81718.57923052718
2124.946000099182, 75763.16402547433, 81718.57923052718
2124.9509999752045, 75763.16402547433, 81718.57923052718
2124.959000110626, 75763.16402547433, 81718.57923052718
2124.9660000801086, 75763.16402547433, 81718.57923052718
2124.9680001735687, 75763.16402547433, 81718.57923052718
2124.981000185013, 75763.16402547433, 81718.57923052718
2124.992000102997, 75763.16402547433, 81718.57923052718
2130.2269999980927, 75763.16402547433, 81718.37879693093
2130.2269999980927, 75763.16402547433, 81718.37879693093
2130.2439999580383, 75763.16402547433, 81717.930882152
2130.2439999580383, 75763.16402547433, 81717.930882152
2130.2620000839233, 75763.16402547433, 81717.930882152
2130.263000011444, 75763.16402547433, 81717.930882152
2130.263000011444, 75763.16402547433, 81717.930882152
2130.2780001163483, 75763.16402547433, 81717.930882152
2135.6200001239777, 75763.16402547433, 81717.930882152
2135.6419999599457, 75763.16402547433, 81717.930882152
2135.6530001163483, 75763.16402547433, 81717.930882152
2135.6600000858307, 75763.16402547433, 81717.40771046391
2135.6740000247955, 75763.16402547433, 81716.817454466
2135.6870000362396, 75763.16402547433, 81716.817454466
2135.6930000782013, 75763.16402547433, 81716.817454466
2140.845999956131, 75763.16402547433, 81716.64415281774
2140.8650000095367, 75763.16402547433, 81716.64415281774
2140.8810000419617, 75763.16402547433, 81716.64415281774
2140.8940000534058, 75763.16402547433, 81716.64415281774
2140.901000022888, 75763.16402547433, 81716.64415281774
2140.90700006485, 75763.16402547433, 81716.64415281774
2140.9120001792908, 75763.16402547433, 81716.64415281774
2140.9210000038147, 75763.16402547433, 81716.64415281774
2140.922000169754, 75763.16402547433, 81716.64415281774
2140.9390001296997, 75763.16402547433, 81716.64415281774
2140.9530000686646, 75763.16402547433, 81716.64415281774
2140.9580001831055, 75763.16402547433, 81716.64415281774
2140.962000131607, 75763.16402547433, 81716.64415281774
2140.970999956131, 75763.16402547433, 81716.64415281774
2145.888000011444, 75763.16402547433, 81716.64415281774
2145.901000022888, 75763.16402547433, 81716.64415281774
2145.914999961853, 75763.16402547433, 81716.64415281774
2145.9160001277924, 75763.16402547433, 81716.64415281774
2145.9240000247955, 75763.16402547433, 81716.64415281774
2145.9240000247955, 75763.16402547433, 81716.64415281774
2145.9479999542236, 75763.16402547433, 81716.64415281774
2145.960000038147, 75763.16402547433, 81716.64415281774
2145.9680001735687, 75763.16402547433, 81716.64415281774
2145.973999977112, 75763.16402547433, 81716.64415281774
2145.9820001125336, 75763.16402547433, 81716.64415281774
2151.3170001506805, 75763.16402547433, 81716.26889456392
2151.3259999752045, 75763.16402547433, 81716.26889456392
2151.3389999866486, 75763.16402547433, 81716.26889456392
2151.3450000286102, 75763.16402547433, 81714.27295020591
2151.3450000286102, 75763.16402547433, 81714.27295020591
2151.3650000095367, 75763.16402547433, 81713.32393758275
2156.683000087738, 75763.16402547433, 81713.32393758275
2156.684000015259, 75763.16402547433, 81713.32393758275
2156.684000015259, 75763.16402547433, 81713.32393758275
2156.7009999752045, 75763.16402547433, 81713.32393758275
2156.7060000896454, 75763.16402547433, 81713.32393758275
2156.7060000896454, 75763.16402547433, 81713.27274855
2156.7190001010895, 75763.16402547433, 81713.27274855
2156.720999956131, 75763.16402547433, 81713.27274855
2156.720999956131, 75763.16402547433, 81713.27274855
2162.090000152588, 75763.16402547433, 81712.028366365
2162.1019999980927, 75763.16402547433, 81712.028366365
2162.108999967575, 75763.16402547433, 81712.028366365
2162.1230001449585, 75763.16402547433, 81712.028366365
2162.1390001773834, 75763.16402547433, 81712.028366365
2162.1490001678467, 75763.16402547433, 81711.66671416753
2162.1579999923706, 75763.16402547433, 81711.66671416753
2162.1630001068115, 75763.16402547433, 81711.66671416753
2162.170000076294, 75763.16402547433, 81711.4719421322
2162.180999994278, 75763.16402547433, 81711.4719421322
2169.4830000400543, 75763.16402547433, 81711.4719421322
2169.4900000095367, 75763.16402547433, 81711.4719421322
2169.4960000514984, 75763.16402547433, 81710.55963663408
2169.50200009346, 75763.16402547433, 81710.55963663408
2176.5080001354218, 75763.16402547433, 81710.55963663408
2176.516000032425, 75763.16402547433, 81710.55963663408
2176.5250000953674, 75763.16402547433, 81710.55963663408
2181.6879999637604, 75763.16402547433, 81710.55963663408
2181.702000141144, 75763.16402547433, 81710.55963663408
2181.712000131607, 75763.16402547433, 81710.55963663408
2181.7220001220703, 75763.16402547433, 81709.77534945896
2181.725000143051, 75763.16402547433, 81709.77534945896
2181.725000143051, 75763.16402547433, 81709.77534945896
2186.9530000686646, 75763.16402547433, 81709.18375394131
2186.962000131607, 75763.16402547433, 81709.15892670656
2186.9700000286102, 75763.16402547433, 81708.36693282085
2186.9830000400543, 75763.16402547433, 81708.36693282085
2192.2080001831055, 75763.16402547433, 81708.31017430629
2192.2080001831055, 75763.16402547433, 81708.31017430629
2192.2290000915527, 75763.16402547433, 81708.31017430629
2192.2450001239777, 75763.16402547433, 81708.31017430629
2192.2450001239777, 75763.16402547433, 81708.31017430629
2192.266000032425, 75763.16402547433, 81708.31017430629
2197.4110000133514, 75763.16402547433, 81708.31017430629
2197.4120001792908, 75763.16402547433, 81708.31017430629
2197.4120001792908, 75763.16402547433, 81708.31017430629
2197.425000190735, 75763.16402547433, 81708.31017430629
2197.433000087738, 75763.16402547433, 81708.31017430629
2197.435000181198, 75763.16402547433, 81708.31017430629
2202.7109999656677, 75763.16402547433, 81708.31017430629
2202.723999977112, 75763.16402547433, 81707.41975972544
2202.723999977112, 75763.16402547433, 81707.41975972544
2202.742000102997, 75763.16402547433, 81707.41975972544
2202.742000102997, 75763.16402547433, 81707.41975972544
2202.7699999809265, 75763.16402547433, 81707.41975972544
2208.0859999656677, 75763.16402547433, 81707.41975972544
2208.0970001220703, 75763.16402547433, 81707.41975972544
2208.1040000915527, 75763.16402547433, 81707.41975972544
2208.116000175476, 75763.16402547433, 81707.41975972544
2208.1180000305176, 75763.16402547433, 81706.58196288385
2208.1370000839233, 75763.16402547433, 81706.58196288385
2213.50200009346, 75763.16402547433, 81703.95443183489
2213.5169999599457, 75763.16402547433, 81703.95443183489
2213.5199999809265, 75763.16402547433, 81703.95443183489
2213.5370001792908, 75763.16402547433, 81703.95443183489
2213.547000169754, 75763.16402547433, 81703.95443183489
2213.559000015259, 75763.16402547433, 81703.95443183489
2213.5750000476837, 75763.16402547433, 81703.95443183489
2218.9379999637604, 75763.16402547433, 81702.48331885124
2218.9450001716614, 75763.16402547433, 81702.06050233694
2218.963000059128, 75763.16402547433, 81702.06050233694
2218.9720001220703, 75763.16402547433, 81702.06050233694
2218.986999988556, 75763.16402547433, 81702.06050233694
2218.9980001449585, 75763.16402547433, 81702.06050233694
2224.5140001773834, 75763.16402547433, 81702.06050233694
2224.521000146866, 75763.16402547433, 81701.40585538502
2224.529000043869, 75763.16402547433, 81701.40585538502
2224.5390000343323, 75763.16402547433, 81701.40585538502
2224.545000076294, 75763.16402547433, 81701.40585538502
2224.545000076294, 75763.16402547433, 81701.40585538502
2224.5650000572205, 75763.16402547433, 81701.40585538502
2229.731000185013, 75763.16402547433, 81701.18232731457
2229.7480001449585, 75763.16402547433, 81701.18232731457
2229.7599999904633, 75763.16402547433, 81701.18232731457
2229.766000032425, 75763.16402547433, 81701.18232731457
2229.766000032425, 75763.16402547433, 81701.18232731457
2229.7829999923706, 75763.16402547433, 81701.18232731457
2229.7829999923706, 75763.16402547433, 81701.18232731457
2229.7829999923706, 75763.16402547433, 81701.18232731457
2229.7990000247955, 75763.16402547433, 81701.18232731457
2229.805999994278, 75763.16402547433, 81699.94537869352
2229.8120000362396, 75763.16402547433, 81699.94537869352
2235.2590000629425, 75763.16402547433, 81699.94537869352
2235.2590000629425, 75763.16402547433, 81699.89416154672
2235.2750000953674, 75763.16402547433, 81699.89416154672
2235.281000137329, 75763.16402547433, 81699.89416154672
2235.281000137329, 75763.16402547433, 81699.89416154672
2235.295000076294, 75763.16402547433, 81699.89416154672
2235.295000076294, 75763.16402547433, 81699.89416154672
2235.3120000362396, 75763.16402547433, 81699.89416154672
2240.838000059128, 75763.16402547433, 81699.89416154672
2240.8519999980927, 75763.16402547433, 81699.89416154672
2240.8650000095367, 75763.16402547433, 81699.35748055716
2240.8740000724792, 75763.16402547433, 81699.35748055716
2240.8860001564026, 75763.16402547433, 81699.35748055716
2240.8940000534058, 75763.16402547433, 81699.35748055716
2240.9000000953674, 75763.16402547433, 81699.35748055716
2240.90700006485, 75763.16402547433, 81697.63883443727
2246.465000152588, 75763.16402547433, 81697.28286413405
2246.465000152588, 75763.16402547433, 81697.28286413405
2246.4880001544952, 75763.16402547433, 81697.17027271216
2246.4880001544952, 75763.16402547433, 81697.17027271216
2246.503000020981, 75763.16402547433, 81697.17027271216
2246.5190000534058, 75763.16402547433, 81697.17027271216
2246.53400015831, 75763.16402547433, 81697.17027271216
2246.547000169754, 75763.16402547433, 81697.17027271216
2246.5510001182556, 75763.16402547433, 81697.17027271216
2251.7880001068115, 75763.16402547433, 81697.17027271216
2251.797000169754, 75763.16402547433, 81697.17027271216
2251.802999973297, 75763.16402547433, 81697.17027271216
2251.802999973297, 75763.16402547433, 81697.17027271216
2251.8200001716614, 75763.16402547433, 81697.17027271216
2251.8200001716614, 75763.16402547433, 81697.17027271216
2251.837000131607, 75763.16402547433, 81697.17027271216
2257.2439999580383, 75763.16402547433, 81697.17027271216
2257.2560000419617, 75763.16402547433, 81697.17027271216
2257.263000011444, 75763.16402547433, 81697.17027271216
2257.2770001888275, 75763.16402547433, 81697.17027271216
2257.279000043869, 75763.16402547433, 81697.17027271216
2257.292999982834, 75763.16402547433, 81697.17027271216
2257.2990000247955, 75763.16402547433, 81697.17027271216
2257.308000087738, 75763.16402547433, 81697.17027271216
2257.3170001506805, 75763.16402547433, 81697.17027271216
2257.3250000476837, 75763.16402547433, 81697.17027271216
2262.8760001659393, 75763.16402547433, 81697.17027271216
2262.888000011444, 75763.16402547433, 81697.17027271216
2262.8940000534058, 75763.16402547433, 81697.17027271216
2262.8949999809265, 75763.16402547433, 81697.17027271216
2262.8949999809265, 75763.16402547433, 81694.66056319418
2262.90900015831, 75763.16402547433, 81694.66056319418
2262.90900015831, 75763.16402547433, 81694.66056319418
2262.925000190735, 75763.16402547433, 81694.66056319418
2262.933000087738, 75763.16402547433, 81694.66056319418
2262.9390001296997, 75763.16402547433, 81694.66056319418
2268.246999979019, 75763.16402547433, 81694.66056319418
2268.2560000419617, 75763.16402547433, 81694.66056319418
2268.2620000839233, 75763.16402547433, 81694.66056319418
2268.266000032425, 75763.16402547433, 81694.66056319418
2268.2799999713898, 75763.16402547433, 81694.66056319418
2268.2799999713898, 75763.16402547433, 81694.66056319418
2268.2799999713898, 75763.16402547433, 81694.66056319418
2268.300000190735, 75763.16402547433, 81694.66056319418
2268.308000087738, 75763.16402547433, 81694.66056319418
2268.315999984741, 75763.16402547433, 81694.14022886309
2268.3229999542236, 75763.16402547433, 81694.14022886309
2268.3300001621246, 75763.16402547433, 81693.80028311831
2268.3310000896454, 75763.16402547433, 81693.4960414416
2268.3310000896454, 75763.16402547433, 81693.4960414416
2273.888000011444, 75763.16402547433, 81693.4960414416
2273.9020001888275, 75763.16402547433, 81693.4960414416
2273.904000043869, 75763.16402547433, 81693.4960414416
2273.904000043869, 75763.16402547433, 81693.4960414416
2273.9260001182556, 75763.16402547433, 81693.4960414416
2273.927999973297, 75763.16402547433, 81693.4960414416
2273.9390001296997, 75763.16402547433, 81693.4960414416
2273.944000005722, 75763.16402547433, 81693.4960414416
2273.957000017166, 75763.16402547433, 81693.4960414416
2273.957000017166, 75763.16402547433, 81693.4960414416
2273.957000017166, 75763.16402547433, 81693.4960414416
2273.9769999980927, 75763.16402547433, 81693.4960414416
2273.9790000915527, 75763.16402547433, 81693.4960414416
2279.8120000362396, 75763.16402547433, 81692.08570058926
2279.8200001716614, 75763.16402547433, 81692.08570058926
2279.822000026703, 75763.16402547433, 81692.08570058926
2279.838000059128, 75763.16402547433, 81692.08570058926
2279.838000059128, 75763.16402547433, 81692.08570058926
2279.8540000915527, 75763.16402547433, 81692.08570058926
2279.858999967575, 75763.16402547433, 81692.08570058926
2279.866000175476, 75763.16402547433, 81692.08570058926
2279.8740000724792, 75763.16402547433, 81692.01589339468
2279.8810000419617, 75763.16402547433, 81691.19339541112
2279.888000011444, 75763.16402547433, 81691.19339541112
2285.2320001125336, 75763.16402547433, 81691.19339541112
2285.2380001544952, 75763.16402547433, 81690.87029141218
2285.25400018692, 75763.16402547433, 81690.87029141218
2285.2560000419617, 75763.16402547433, 81690.87029141218
2285.2740001678467, 75763.16402547433, 81690.87029141218
2290.851000070572, 75763.16402547433, 81690.57454260615
2290.851000070572, 75763.16402547433, 81690.57454260615
2290.8730001449585, 75763.16402547433, 81690.57454260615
2290.8819999694824, 75763.16402547433, 81690.57454260615
2290.8849999904633, 75763.16402547433, 81690.36872646825
2290.9020001888275, 75763.16402547433, 81690.36872646825
2290.9100000858307, 75763.16402547433, 81690.30829234856
2290.9160001277924, 75763.16402547433, 81690.30829234856
2290.9210000038147, 75763.16402547433, 81690.30829234856
2290.927999973297, 75763.16402547433, 81690.30829234856
2296.239000082016, 75763.16402547433, 81690.30829234856
2296.239000082016, 75763.16402547433, 81690.30829234856
2296.2580001354218, 75763.16402547433, 81690.30829234856
2296.2590000629425, 75763.16402547433, 81690.30829234856
2296.2770001888275, 75763.16402547433, 81690.30829234856
2296.2770001888275, 75763.16402547433, 81689.90360223578
2296.292000055313, 75763.16402547433, 81689.90360223578
2296.2960000038147, 75763.16402547433, 81689.90360223578
2296.3010001182556, 75763.16402547433, 81689.90360223578
2296.305000066757, 75763.16402547433, 81689.90360223578
2296.3140001296997, 75763.16402547433, 81689.90360223578
2296.3200001716614, 75763.16402547433, 81689.90360223578
2296.3250000476837, 75763.16402547433, 81689.90360223578
2296.3250000476837, 75763.16402547433, 81689.90360223578
2296.3410000801086, 75763.16402547433, 81689.90360223578
2301.5780000686646, 75763.16402547433, 81689.90360223578
2301.598999977112, 75763.16402547433, 81688.88468816936
2301.617000102997, 75763.16402547433, 81688.88468816936
2301.630000114441, 75763.16402547433, 81688.0692663975
2301.6419999599457, 75763.16402547433, 81688.0692663975
2301.6549999713898, 75763.16402547433, 81688.0692663975
2301.6640000343323, 75763.16402547433, 81688.0692663975
2301.672000169754, 75763.16402547433, 81688.0692663975
2301.6820001602173, 75763.16402547433, 81688.0692663975
2301.6820001602173, 75763.16402547433, 81688.0692663975
2301.6979999542236, 75763.16402547433, 81688.0692663975
2307.2320001125336, 75763.16402547433, 81688.05997523695
2307.241000175476, 75763.16402547433, 81688.05997523695
2307.246999979019, 75763.16402547433, 81688.05997523695
2307.2569999694824, 75763.16402547433, 81688.05997523695
2307.2699999809265, 75763.16402547433, 81688.05997523695
2307.279000043869, 75763.16402547433, 81688.05997523695
2313.6979999542236, 75763.16402547433, 81687.47261435469
2313.7190001010895, 75763.16402547433, 81687.47261435469
2313.728000164032, 75763.16402547433, 81687.47261435469
2313.736999988556, 75763.16402547433, 81687.47261435469
2313.736999988556, 75763.16402547433, 81687.47261435469
2313.7510001659393, 75763.16402547433, 81687.47261435469
2313.75400018692, 75763.16402547433, 81687.47261435469
2313.7699999809265, 75763.16402547433, 81686.59455524627
2313.776000022888, 75763.16402547433, 81686.59455524627
2319.2450001239777, 75763.16402547433, 81686.53714006068
2319.2610001564026, 75763.16402547433, 81686.05654789273
2319.2610001564026, 75763.16402547433, 81686.0236812887
2319.279000043869, 75763.16402547433, 81686.0236812887
2319.292000055313, 75763.16402547433, 81686.0236812887
2319.3020000457764, 75763.16402547433, 81686.0236812887
2324.6150000095367, 75763.16402547433, 81685.54041541096
2324.621999979019, 75763.16402547433, 81685.54041541096
2324.6260001659393, 75763.16402547433, 81685.54041541096
2324.6319999694824, 75763.16402547433, 81685.54041541096
2324.6390001773834, 75763.16402547433, 81685.54041541096
2324.6390001773834, 75763.16402547433, 81685.54041541096
2324.6600000858307, 75763.16402547433, 81685.54041541096
2324.670000076294, 75763.16402547433, 81685.54041541096
2324.6770000457764, 75763.16402547433, 81685.54041541096
2330.1630001068115, 75763.16402547433, 81685.54041541096
2330.175000190735, 75763.16402547433, 81685.54041541096
2330.1920001506805, 75763.16402547433, 81685.54041541096
2330.197000026703, 75763.16402547433, 81685.54041541096
2330.2109999656677, 75763.16402547433, 81685.54041541096
2330.215000152588, 75763.16402547433, 81685.54041541096
2330.225000143051, 75763.16402547433, 81685.54041541096
2330.236000061035, 75763.16402547433, 81685.54041541096
2330.2450001239777, 75763.16402547433, 81685.54041541096
2330.25400018692, 75763.16402547433, 81684.53033412287
2330.2590000629425, 75763.16402547433, 81684.53033412287
2330.2590000629425, 75763.16402547433, 81684.53033412287
2330.2590000629425, 75763.16402547433, 81684.53033412287
2330.276000022888, 75763.16402547433, 81683.15090646925
2335.677999973297, 75763.16402547433, 81683.15090646925
2335.6900000572205, 75763.16402547433, 81683.0296827877
2335.7000000476837, 75763.16402547433, 81683.0296827877
2335.7039999961853, 75763.16402547433, 81683.0296827877
2335.7180001735687, 75763.16402547433, 81683.0296827877
2335.7320001125336, 75763.16402547433, 81682.34953272519
2335.742000102997, 75763.16402547433, 81682.34953272519
2335.753000020981, 75763.16402547433, 81682.24300990616
2335.765000104904, 75763.16402547433, 81681.93237070735
2341.457000017166, 75763.16402547433, 81681.93237070735
2341.470999956131, 75763.16402547433, 81681.93237070735
2341.4820001125336, 75763.16402547433, 81681.93237070735
2341.492000102997, 75763.16402547433, 81681.62144208314
2341.4930000305176, 75763.16402547433, 81681.62144208314
2341.5110001564026, 75763.16402547433, 81681.62144208314
2341.5199999809265, 75763.16402547433, 81681.62144208314
2341.5299999713898, 75763.16402547433, 81681.62144208314
2346.978000164032, 75763.16402547433, 81681.09258213911
2346.9880001544952, 75763.16402547433, 81681.09258213911
2346.9950001239777, 75763.16402547433, 81680.27317033465
2347.0, 75763.16402547433, 81680.27317033465
2347.013000011444, 75763.16402547433, 81680.27317033465
2347.015000104904, 75763.16402547433, 81679.66492048514
2347.031000137329, 75763.16402547433, 81679.66492048514
2352.5270001888275, 75763.16402547433, 81679.37812067394
2352.542999982834, 75763.16402547433, 81679.25423560882
2352.5540001392365, 75763.16402547433, 81679.25423560882
2352.5540001392365, 75763.16402547433, 81679.25423560882
2352.5540001392365, 75763.16402547433, 81679.25423560882
2352.5540001392365, 75763.16402547433, 81679.25423560882
2352.572000026703, 75763.16402547433, 81679.25423560882
2352.577000141144, 75763.16402547433, 81679.25423560882
2352.5810000896454, 75763.16402547433, 81679.25423560882
2352.5859999656677, 75763.16402547433, 81679.25423560882
2352.5920000076294, 75763.16402547433, 81679.25423560882
2352.601000070572, 75763.16402547433, 81679.25423560882
2352.6050000190735, 75763.16402547433, 81679.25423560882
2352.625, 75763.16402547433, 81679.25423560882
2352.6319999694824, 75763.16402547433, 81679.25423560882
2358.0620000362396, 75763.16402547433, 81679.25423560882
2358.085000038147, 75763.16402547433, 81679.25423560882
2358.098999977112, 75763.16402547433, 81678.77042258208
2358.098999977112, 75763.16402547433, 81678.77042258208
2358.1130001544952, 75763.16402547433, 81678.77042258208
2358.1180000305176, 75763.16402547433, 81678.77042258208
2358.1230001449585, 75763.16402547433, 81678.77042258208
2358.128000020981, 75763.16402547433, 81678.77042258208
2358.1340000629425, 75763.16402547433, 81678.77042258208
2358.1390001773834, 75763.16402547433, 81678.77042258208
2358.1449999809265, 75763.16402547433, 81678.77042258208
2358.154000043869, 75763.16402547433, 81678.77042258208
2358.1600000858307, 75763.16402547433, 81678.77042258208
2358.164999961853, 75763.16402547433, 81678.77042258208
2358.164999961853, 75763.16402547433, 81678.77042258208
2358.180999994278, 75763.16402547433, 81678.77042258208
2358.1979999542236, 75763.16402547433, 81678.77042258208
2363.7400000095367, 75763.16402547433, 81678.77042258208
2363.7560000419617, 75763.16402547433, 81678.77042258208
2363.7690000534058, 75763.16402547433, 81678.77042258208
2363.776000022888, 75763.16402547433, 81678.03372712234
2363.776000022888, 75763.16402547433, 81678.03372712234
2363.797000169754, 75763.16402547433, 81678.03372712234
2363.805000066757, 75763.16402547433, 81677.7907848639
2363.810000181198, 75763.16402547433, 81677.7907848639
2363.8170001506805, 75763.16402547433, 81677.4723151993
2369.5410001277924, 75763.16402547433, 81677.4723151993
2369.5650000572205, 75763.16402547433, 81677.4723151993
2369.5759999752045, 75763.16402547433, 81677.4723151993
2369.5759999752045, 75763.16402547433, 81677.4723151993
2369.5930001735687, 75763.16402547433, 81677.00456071508
2369.598000049591, 75763.16402547433, 81677.00456071508
2369.603000164032, 75763.16402547433, 81677.00456071508
2369.611000061035, 75763.16402547433, 81677.00456071508
2369.617000102997, 75763.16402547433, 81676.1880868016
2369.6230001449585, 75763.16402547433, 81676.1880868016
2369.62700009346, 75763.16402547433, 81676.1880868016
2375.2190001010895, 75763.16402547433, 81676.1880868016
2375.2320001125336, 75763.16402547433, 81676.1880868016
2375.239000082016, 75763.16402547433, 81676.1880868016
2375.239000082016, 75763.16402547433, 81676.1880868016
2375.25400018692, 75763.16402547433, 81676.1880868016
2375.2699999809265, 75763.16402547433, 81676.1880868016
2375.279000043869, 75763.16402547433, 81676.1880868016
2380.685000181198, 75763.16402547433, 81676.1880868016
2380.6870000362396, 75763.16402547433, 81676.1880868016
2380.7039999961853, 75763.16402547433, 81676.1880868016
2380.715000152588, 75763.16402547433, 81676.1880868016
2380.723000049591, 75763.16402547433, 81675.31574409553
2380.723000049591, 75763.16402547433, 81675.31574409553
2380.723000049591, 75763.16402547433, 81675.31574409553
2380.739000082016, 75763.16402547433, 81675.31574409553
2380.7439999580383, 75763.16402547433, 81675.31574409553
2380.7490000724792, 75763.16402547433, 81675.31574409553
2380.7560000419617, 75763.16402547433, 81675.31574409553
2380.7620000839233, 75763.16402547433, 81675.31574409553
2380.768000125885, 75763.16402547433, 81675.31574409553
2380.7740001678467, 75763.16402547433, 81675.31574409553
2380.7740001678467, 75763.16402547433, 81675.31574409553
2386.4850001335144, 75763.16402547433, 81673.59133381513
2386.4950001239777, 75763.16402547433, 81673.59133381513
2386.503000020981, 75763.16402547433, 81673.59133381513
2386.515000104904, 75763.16402547433, 81673.59133381513
2386.518000125885, 75763.16402547433, 81673.59133381513
2386.5299999713898, 75763.16402547433, 81672.71369050952
2386.5350000858307, 75763.16402547433, 81672.71369050952
2391.75, 75763.16402547433, 81672.71369050952
2391.763000011444, 75763.16402547433, 81672.71369050952
2391.766000032425, 75763.16402547433, 81672.71369050952
2391.7829999923706, 75763.16402547433, 81672.71369050952
2391.7860000133514, 75763.16402547433, 81672.71369050952
2391.8040001392365, 75763.16402547433, 81672.71369050952
2397.3359999656677, 75763.16402547433, 81672.71369050952
2397.348999977112, 75763.16402547433, 81672.71369050952
2397.367000102997, 75763.16402547433, 81672.3837636933
2397.367000102997, 75763.16402547433, 81672.3837636933
2397.3860001564026, 75763.16402547433, 81672.3837636933
2397.3980000019073, 75763.16402547433, 81672.3837636933
2397.406000137329, 75763.16402547433, 81672.3837636933
2403.0380001068115, 75763.16402547433, 81672.3837636933
2403.055000066757, 75763.16402547433, 81671.58590758905
2403.0729999542236, 75763.16402547433, 81671.58590758905
2403.0759999752045, 75763.16402547433, 81671.58590758905
2403.090000152588, 75763.16402547433, 81671.58590758905
2403.1050000190735, 75763.16402547433, 81669.5740684875
2403.1150000095367, 75763.16402547433, 81669.5740684875
2403.1230001449585, 75763.16402547433, 81669.5740684875
2403.130000114441, 75763.16402547433, 81669.5740684875
2403.1360001564026, 75763.16402547433, 81669.5740684875
2408.7180001735687, 75763.16402547433, 81669.5740684875
2408.7330000400543, 75763.16402547433, 81669.5740684875
2408.7460000514984, 75763.16402547433, 81669.5740684875
2408.75200009346, 75763.16402547433, 81669.5740684875
2408.771000146866, 75763.16402547433, 81669.5740684875
2408.7799999713898, 75763.16402547433, 81669.5740684875
2408.7850000858307, 75763.16402547433, 81669.5740684875
2408.789999961853, 75763.16402547433, 81669.5740684875
2408.797000169754, 75763.16402547433, 81669.5740684875
2408.8020000457764, 75763.16402547433, 81669.41147060791
2408.8020000457764, 75763.16402547433, 81669.41147060791
2408.819000005722, 75763.16402547433, 81669.41147060791
2408.819000005722, 75763.16402547433, 81669.41147060791
2408.835000038147, 75763.16402547433, 81669.3625054195
2408.835000038147, 75763.16402547433, 81669.3625054195
2408.848999977112, 75763.16402547433, 81669.3625054195
2408.8519999980927, 75763.16402547433, 81669.3625054195
2414.5540001392365, 75763.16402547433, 81668.93921632311
2414.5640001296997, 75763.16402547433, 81668.93921632311
2414.5700001716614, 75763.16402547433, 81668.93921632311
2414.5830001831055, 75763.16402547433, 81668.70229716388
2414.600000143051, 75763.16402547433, 81668.70229716388
2414.611999988556, 75763.16402547433, 81668.70229716388
2414.6230001449585, 75763.16402547433, 81668.70229716388
2414.6310000419617, 75763.16402547433, 81668.70229716388
2420.015000104904, 75763.16402547433, 81667.84708225456
2420.0240001678467, 75763.16402547433, 81667.84708225456
2420.0299999713898, 75763.16402547433, 81667.84708225456
2420.0299999713898, 75763.16402547433, 81667.84708225456
2420.0460000038147, 75763.16402547433, 81667.84708225456
2420.0460000038147, 75763.16402547433, 81667.84708225456
2420.0640001296997, 75763.16402547433, 81667.84708225456
2420.0700001716614, 75763.16402547433, 81667.84708225456
2420.0750000476837, 75763.16402547433, 81667.84708225456
2420.085000038147, 75763.16402547433, 81667.84708225456
2420.0940001010895, 75763.16402547433, 81667.84708225456
2420.0940001010895, 75763.16402547433, 81667.84708225456
2426.021000146866, 75763.16402547433, 81667.84708225456
2426.03400015831, 75763.16402547433, 81667.84708225456
2426.0490000247955, 75763.16402547433, 81666.95682539121
2426.0490000247955, 75763.16402547433, 81666.95682539121
2426.061000108719, 75763.16402547433, 81666.95682539121
2426.0670001506805, 75763.16402547433, 81666.95682539121
2426.072000026703, 75763.16402547433, 81666.95682539121
2426.077000141144, 75763.16402547433, 81666.95682539121
2426.088000059128, 75763.16402547433, 81665.09071255826
2431.7180001735687, 75763.16402547433, 81665.09071255826
2431.7220001220703, 75763.16402547433, 81665.09071255826
2431.7220001220703, 75763.16402547433, 81665.09071255826
2431.739000082016, 75763.16402547433, 81664.81057959131
2431.742000102997, 75763.16402547433, 81664.81057959131
2431.7569999694824, 75763.16402547433, 81664.81057959131
2431.7569999694824, 75763.16402547433, 81664.81057959131
2431.779000043869, 75763.16402547433, 81663.50284355208
2431.7860000133514, 75763.16402547433, 81663.50284355208
2437.5199999809265, 75763.16402547433, 81663.18060675473
2437.5199999809265, 75763.16402547433, 81663.18060675473
2437.544000148773, 75763.16402547433, 81662.97624195335
2437.558000087738, 75763.16402547433, 81662.88623202291
2437.565999984741, 75763.16402547433, 81662.88623202291
2437.572000026703, 75763.16402547433, 81662.88623202291
2437.572000026703, 75763.16402547433, 81662.88623202291
2437.5910000801086, 75763.16402547433, 81662.83297141505
2437.6019999980927, 75763.16402547433, 81662.80591366932
2437.611999988556, 75763.16402547433, 81662.42214784736
2437.6189999580383, 75763.16402547433, 81662.42214784736
2443.2610001564026, 75763.16402547433, 81662.42214784736
2443.2720000743866, 75763.16402547433, 81662.42214784736
2443.28200006485, 75763.16402547433, 81662.42214784736
2443.2890000343323, 75763.16402547433, 81662.42214784736
2443.2890000343323, 75763.16402547433, 81662.27087626478
2443.302999973297, 75763.16402547433, 81662.27087626478
2443.302999973297, 75763.16402547433, 81661.9666078399
2443.321000099182, 75763.16402547433, 81661.9666078399
2443.3259999752045, 75763.16402547433, 81661.9666078399
2448.930000066757, 75763.16402547433, 81661.9666078399
2448.9450001716614, 75763.16402547433, 81661.13495744033
2454.324000120163, 75763.16402547433, 81661.13495744033
2454.335000038147, 75763.16402547433, 81661.13495744033
2454.3450000286102, 75763.16402547433, 81660.83909073556
2454.3630001544952, 75763.16402547433, 81660.49343579527
2454.375, 75763.16402547433, 81660.49343579527
2454.390000104904, 75763.16402547433, 81660.49343579527
2454.393000125885, 75763.16402547433, 81660.49343579527
2460.2400000095367, 75763.16402547433, 81660.49343579527
2460.2580001354218, 75763.16402547433, 81660.39648323777
2460.2620000839233, 75763.16402547433, 81660.39648323777
2460.2740001678467, 75763.16402547433, 81660.39648323777
2460.2910001277924, 75763.16402547433, 81660.39648323777
2460.300000190735, 75763.16402547433, 81660.39648323777
2460.305000066757, 75763.16402547433, 81660.00186257329
2460.3150000572205, 75763.16402547433, 81660.00186257329
2460.3250000476837, 75763.16402547433, 81660.00186257329
2460.3250000476837, 75763.16402547433, 81660.00186257329
2460.3450000286102, 75763.16402547433, 81659.33645030185
2460.348999977112, 75763.16402547433, 81659.33645030185
2466.0510001182556, 75763.16402547433, 81659.33645030185
2466.060000181198, 75763.16402547433, 81659.33645030185
2466.0629999637604, 75763.16402547433, 81659.33645030185
2466.077000141144, 75763.16402547433, 81659.33645030185
2466.077000141144, 75763.16402547433, 81659.33645030185
2466.077000141144, 75763.16402547433, 81659.33645030185
2466.0970001220703, 75763.16402547433, 81659.33645030185
2466.103000164032, 75763.16402547433, 81659.33645030185
2466.1070001125336, 75763.16402547433, 81659.33645030185
2466.116000175476, 75763.16402547433, 81659.33645030185
2471.6660001277924, 75763.16402547433, 81659.33645030185
2471.6760001182556, 75763.16402547433, 81659.33645030185
2471.6879999637604, 75763.16402547433, 81659.33645030185
2471.6879999637604, 75763.16402547433, 81659.33645030185
2471.7039999961853, 75763.16402547433, 81659.33645030185
2471.712000131607, 75763.16402547433, 81659.33645030185
2471.7220001220703, 75763.16402547433, 81658.57036455533
2477.2669999599457, 75763.16402547433, 81658.2209851366
2477.2780001163483, 75763.16402547433, 81658.2209851366
2477.279000043869, 75763.16402547433, 81658.2209851366
2477.279000043869, 75763.16402547433, 81658.2209851366
2477.3010001182556, 75763.16402547433, 81658.2209851366
2477.311000108719, 75763.16402547433, 81658.2209851366
2477.3170001506805, 75763.16402547433, 81658.2209851366
2477.321000099182, 75763.16402547433, 81658.2209851366
2477.3259999752045, 75763.16402547433, 81658.2209851366
2477.327000141144, 75763.16402547433, 81657.83619202803
2477.327000141144, 75763.16402547433, 81657.83619202803
2477.3430001735687, 75763.16402547433, 81657.83619202803
2477.3430001735687, 75763.16402547433, 81657.83619202803
2477.3430001735687, 75763.16402547433, 81657.83619202803
2477.361000061035, 75763.16402547433, 81657.83619202803
2477.361000061035, 75763.16402547433, 81657.83619202803
2477.361000061035, 75763.16402547433, 81657.83619202803
2477.361000061035, 75763.16402547433, 81657.83619202803
2477.37700009346, 75763.16402547433, 81657.83619202803
2477.37700009346, 75763.16402547433, 81657.83619202803
2483.2269999980927, 75763.16402547433, 81656.75544993977
2483.2380001544952, 75763.16402547433, 81656.75544993977
2483.2439999580383, 75763.16402547433, 81656.75544993977
2483.2599999904633, 75763.16402547433, 81656.75544993977
2483.263000011444, 75763.16402547433, 81656.57153673109
2483.281000137329, 75763.16402547433, 81656.57153673109
2483.2910001277924, 75763.16402547433, 81656.57153673109
2488.9639999866486, 75763.16402547433, 81656.57153673109
2488.973000049591, 75763.16402547433, 81656.57153673109
2488.9800000190735, 75763.16402547433, 81656.57153673109
2488.9850001335144, 75763.16402547433, 81656.57153673109
2488.996999979019, 75763.16402547433, 81656.57153673109
2489.0230000019073, 75763.16402547433, 81656.57153673109
2489.0360000133514, 75763.16402547433, 81656.57153673109
2489.047000169754, 75763.16402547433, 81656.57153673109
2489.0510001182556, 75763.16402547433, 81656.57153673109
2489.0540001392365, 75763.16402547433, 81656.57153673109
2489.0540001392365, 75763.16402547433, 81656.57153673109
2489.0540001392365, 75763.16402547433, 81656.57153673109
2489.072000026703, 75763.16402547433, 81656.57153673109
2489.082000017166, 75763.16402547433, 81655.91680542081
2489.0910000801086, 75763.16402547433, 81655.91680542081
2489.098999977112, 75763.16402547433, 81655.91680542081
2494.822000026703, 75763.16402547433, 81655.16006777182
2494.8250000476837, 75763.16402547433, 81655.16006777182
2494.835000038147, 75763.16402547433, 81655.16006777182
2494.8470001220703, 75763.16402547433, 81655.16006777182
2494.8540000915527, 75763.16402547433, 81655.16006777182
2494.8680000305176, 75763.16402547433, 81655.16006777182
2494.87700009346, 75763.16402547433, 81655.16006777182
2494.8830001354218, 75763.16402547433, 81655.16006777182
2494.888000011444, 75763.16402547433, 81654.66031269798
2494.8919999599457, 75763.16402547433, 81654.66031269798
2494.8990001678467, 75763.16402547433, 81654.12425901854
2500.4260001182556, 75763.16402547433, 81653.71153382357
2500.440999984741, 75763.16402547433, 81653.71153382357
2500.4500000476837, 75763.16402547433, 81653.71153382357
2500.465000152588, 75763.16402547433, 81653.71153382357
2500.4680001735687, 75763.16402547433, 81653.71153382357
2500.4680001735687, 75763.16402547433, 81653.71153382357
2500.4820001125336, 75763.16402547433, 81653.71153382357
2500.4900000095367, 75763.16402547433, 81653.4061041377
2500.4980001449585, 75763.16402547433, 81653.17551220645
2500.505000114441, 75763.16402547433, 81653.17551220645
2506.1390001773834, 75763.16402547433, 81652.88395188042
2506.1530001163483, 75763.16402547433, 81652.88395188042
2506.1610000133514, 75763.16402547433, 81652.88395188042
2506.175000190735, 75763.16402547433, 81652.46847642768
2506.185000181198, 75763.16402547433, 81652.46847642768
2506.1950001716614, 75763.16402547433, 81652.46847642768
2506.2039999961853, 75763.16402547433, 81652.18714471864
2506.2109999656677, 75763.16402547433, 81652.14948370686
2506.2109999656677, 75763.16402547433, 81652.14948370686
2506.226000070572, 75763.16402547433, 81652.14948370686
2506.226000070572, 75763.16402547433, 81652.14948370686
2511.7190001010895, 75763.16402547433, 81652.14948370686
2511.736000061035, 75763.16402547433, 81652.14948370686
2511.736000061035, 75763.16402547433, 81652.14948370686
2511.7560000419617, 75763.16402547433, 81652.03009241687
2511.7560000419617, 75763.16402547433, 81652.03009241687
2511.7720000743866, 75763.16402547433, 81652.03009241687
2511.7890000343323, 75763.16402547433, 81652.03009241687
2511.798000097275, 75763.16402547433, 81652.03009241687
2511.809000015259, 75763.16402547433, 81652.03009241687
2511.815999984741, 75763.16402547433, 81652.03009241687
2511.8200001716614, 75763.16402547433, 81652.03009241687
2511.8229999542236, 75763.16402547433, 81652.03009241687
2517.465000152588, 75763.16402547433, 81652.03009241687
2517.473000049591, 75763.16402547433, 81651.68735031292
2517.478000164032, 75763.16402547433, 81651.68735031292
2517.4820001125336, 75763.16402547433, 81651.68735031292
2517.486999988556, 75763.16402547433, 81651.68735031292
2517.492000102997, 75763.16402547433, 81651.68735031292
2517.492000102997, 75763.16402547433, 81651.68735031292
2517.5080001354218, 75763.16402547433, 81651.68735031292
2523.1600000858307, 75763.16402547433, 81651.20362819245
2523.175000190735, 75763.16402547433, 81651.20362819245
2523.180999994278, 75763.16402547433, 81651.20362819245
2523.1820001602173, 75763.16402547433, 81651.20362819245
2523.1950001716614, 75763.16402547433, 81651.20362819245
2523.2000000476837, 75763.16402547433, 81651.20362819245
2523.2050001621246, 75763.16402547433, 81650.90760858636
2523.212000131607, 75763.16402547433, 81650.90760858636
2529.0640001296997, 75763.16402547433, 81650.90760858636
2529.0759999752045, 75763.16402547433, 81650.90760858636
2529.0889999866486, 75763.16402547433, 81649.54779406766
2529.090000152588, 75763.16402547433, 81648.87805444626
2529.106000185013, 75763.16402547433, 81648.87805444626
2529.114000082016, 75763.16402547433, 81648.87805444626
2534.976000070572, 75763.16402547433, 81648.87805444626
2534.9880001544952, 75763.16402547433, 81648.87805444626
2534.996999979019, 75763.16402547433, 81648.55254649774
2535.003000020981, 75763.16402547433, 81648.55254649774
2535.018000125885, 75763.16402547433, 81648.4381981413
2535.0280001163483, 75763.16402547433, 81648.4381981413
2535.0380001068115, 75763.16402547433, 81648.4381981413
2535.0410001277924, 75763.16402547433, 81648.4381981413
2535.0490000247955, 75763.16402547433, 81648.4381981413
2535.052999973297, 75763.16402547433, 81648.4381981413
2535.052999973297, 75763.16402547433, 81648.4381981413
2535.052999973297, 75763.16402547433, 81648.4381981413
2540.9530000686646, 75763.16402547433, 81647.9673948363
2540.9670000076294, 75763.16402547433, 81647.9673948363
2540.9769999980927, 75763.16402547433, 81647.9673948363
2540.989000082016, 75763.16402547433, 81647.9673948363
2540.989000082016, 75763.16402547433, 81647.28144746399
2545.7109999656677, 75763.16402547433, 81647.28144746399
2545.723000049591, 75763.16402547433, 81647.28144746399
2545.7320001125336, 75763.16402547433, 81647.28144746399
2545.7460000514984, 75763.16402547433, 81647.28144746399
2545.7460000514984, 75763.16402547433, 81647.28144746399
2545.765000104904, 75763.16402547433, 81647.28144746399
2551.4670000076294, 75763.16402547433, 81647.28144746399
2551.481000185013, 75763.16402547433, 81647.28144746399
2551.4930000305176, 75763.16402547433, 81647.28144746399
2551.4930000305176, 75763.16402547433, 81647.28144746399
2551.515000104904, 75763.16402547433, 81647.28144746399
2557.190999984741, 75763.16402547433, 81647.28144746399
2557.190999984741, 75763.16402547433, 81647.28144746399
2557.2039999961853, 75763.16402547433, 81647.28144746399
2557.2060000896454, 75763.16402547433, 81647.28144746399
2557.2060000896454, 75763.16402547433, 81647.28144746399
2557.220999956131, 75763.16402547433, 81647.11595263422
2557.220999956131, 75763.16402547433, 81645.98473105828
2557.2400000095367, 75763.16402547433, 81645.98473105828
2557.246999979019, 75763.16402547433, 81645.78586465871
2557.25200009346, 75763.16402547433, 81645.78586465871
2557.2569999694824, 75763.16402547433, 81645.78586465871
2557.266000032425, 75763.16402547433, 81645.78586465871
2557.2699999809265, 75763.16402547433, 81645.78586465871
2557.2699999809265, 75763.16402547433, 81645.78586465871
2557.2870001792908, 75763.16402547433, 81645.49631160284
2562.9420001506805, 75763.16402547433, 81644.7944861969
2562.9500000476837, 75763.16402547433, 81644.7944861969
2562.9580001831055, 75763.16402547433, 81644.7944861969
2562.9660000801086, 75763.16402547433, 81644.7944861969
2562.9769999980927, 75763.16402547433, 81644.7944861969
2562.9880001544952, 75763.16402547433, 81644.7944861969
2562.9980001449585, 75763.16402547433, 81644.7944861969
2563.0010001659393, 75763.16402547433, 81644.7944861969
2569.1950001716614, 75763.16402547433, 81644.7944861969
2569.209000110626, 75763.16402547433, 81644.7944861969
2569.213000059128, 75763.16402547433, 81644.7944861969
2569.2290000915527, 75763.16402547433, 81644.7944861969
2574.8450000286102, 75763.16402547433, 81644.7944861969
2574.8580000400543, 75763.16402547433, 81644.7944861969
2574.8689999580383, 75763.16402547433, 81644.35719269604
2574.8760001659393, 75763.16402547433, 81644.35719269604
2574.8760001659393, 75763.16402547433, 81644.35719269604
2574.8949999809265, 75763.16402547433, 81644.35719269604
2574.9030001163483, 75763.16402547433, 81644.35719269604
2574.9110000133514, 75763.16402547433, 81644.35719269604
2581.0090000629425, 75763.16402547433, 81644.35719269604
2581.0350000858307, 75763.16402547433, 81643.49845503665
2581.0490000247955, 75763.16402547433, 81643.01693176295
2581.060000181198, 75763.16402547433, 81642.87174621067
2581.0700001716614, 75763.16402547433, 81642.87174621067
2581.0780000686646, 75763.16402547433, 81642.56137933789
2581.087000131607, 75763.16402547433, 81642.56137933789
2586.763000011444, 75763.16402547433, 81642.56137933789
2586.7770001888275, 75763.16402547433, 81642.39125649155
2586.78400015831, 75763.16402547433, 81642.39125649155
2586.78400015831, 75763.16402547433, 81642.39125649155
2586.78400015831, 75763.16402547433, 81642.39125649155
2586.805999994278, 75763.16402547433, 81642.39125649155
2586.8150000572205, 75763.16402547433, 81642.39125649155
2586.822000026703, 75763.16402547433, 81642.39125649155
2586.8289999961853, 75763.16402547433, 81642.39125649155
2586.835000038147, 75763.16402547433, 81642.31185474468
2586.850000143051, 75763.16402547433, 81642.31185474468
2586.850000143051, 75763.16402547433, 81642.31185474468
2586.850000143051, 75763.16402547433, 81642.31185474468
2592.8710000514984, 75763.16402547433, 81642.31185474468
2592.888000011444, 75763.16402547433, 81642.31185474468
2592.896000146866, 75763.16402547433, 81642.31185474468
2592.896000146866, 75763.16402547433, 81642.31185474468
2592.920000076294, 75763.16402547433, 81642.31185474468
2592.9260001182556, 75763.16402547433, 81642.31185474468
2592.935000181198, 75763.16402547433, 81642.31185474468
2592.9450001716614, 75763.16402547433, 81641.68109932981
2592.946000099182, 75763.16402547433, 81641.68109932981
2592.946000099182, 75763.16402547433, 81641.68109932981
2592.9639999866486, 75763.16402547433, 81641.68109932981
2598.7480001449585, 75763.16402547433, 81641.68109932981
2598.7569999694824, 75763.16402547433, 81641.68109932981
2598.7699999809265, 75763.16402547433, 81641.68109932981
2598.7870001792908, 75763.16402547433, 81641.68109932981
2598.8020000457764, 75763.16402547433, 81641.68109932981
2598.809000015259, 75763.16402547433, 81641.68109932981
2598.8289999961853, 75763.16402547433, 81641.25435673157
2598.8389999866486, 75763.16402547433, 81641.25435673157
2598.8430001735687, 75763.16402547433, 81641.25435673157
2598.8430001735687, 75763.16402547433, 81641.25435673157
2598.8600001335144, 75763.16402547433, 81641.25435673157
2598.8600001335144, 75763.16402547433, 81641.25435673157
2598.8600001335144, 75763.16402547433, 81641.25435673157
2598.8760001659393, 75763.16402547433, 81641.25435673157
2604.5640001296997, 75763.16402547433, 81640.99323301573
2604.5759999752045, 75763.16402547433, 81640.71030423135
2604.5789999961853, 75763.16402547433, 81640.71030423135
2604.595999956131, 75763.16402547433, 81640.71030423135
2604.6100001335144, 75763.16402547433, 81640.71030423135
2604.6189999580383, 75763.16402547433, 81640.71030423135
2610.3430001735687, 75763.16402547433, 81640.71030423135
2610.3550000190735, 75763.16402547433, 81640.71030423135
2610.367000102997, 75763.16402547433, 81640.71030423135
2610.37700009346, 75763.16402547433, 81640.71030423135
2610.37700009346, 75763.16402547433, 81640.71030423135
2610.390000104904, 75763.16402547433, 81640.71030423135
2610.3990001678467, 75763.16402547433, 81640.71030423135
2610.406000137329, 75763.16402547433, 81640.71030423135
2610.4140000343323, 75763.16402547433, 81640.71030423135
2610.4240000247955, 75763.16402547433, 81640.71030423135
2610.4240000247955, 75763.16402547433, 81640.71030423135
2616.294000148773, 75763.16402547433, 81640.54165004587
2616.305000066757, 75763.16402547433, 81640.54165004587
2616.3120000362396, 75763.16402547433, 81640.54165004587
2616.315999984741, 75763.16402547433, 81640.54165004587
2616.3310000896454, 75763.16402547433, 81640.54165004587
2616.3310000896454, 75763.16402547433, 81640.54165004587
2616.353000164032, 75763.16402547433, 81640.54165004587
2616.358999967575, 75763.16402547433, 81640.54165004587
2616.3689999580383, 75763.16402547433, 81638.9232335851
2616.37900018692, 75763.16402547433, 81638.9232335851
2616.37900018692, 75763.16402547433, 81638.78804846555
2622.077000141144, 75763.16402547433, 81637.8535894526
2622.0910000801086, 75763.16402547433, 81637.8535894526
2622.0910000801086, 75763.16402547433, 81637.8535894526
2622.1050000190735, 75763.16402547433, 81637.8535894526
2622.1200001239777, 75763.16402547433, 81637.8535894526
2622.12900018692, 75763.16402547433, 81637.8535894526
2627.7590000629425, 75763.16402547433, 81637.8535894526
2627.763000011444, 75763.16402547433, 81637.8535894526
2627.779000043869, 75763.16402547433, 81637.8535894526
2627.7829999923706, 75763.16402547433, 81637.8535894526
2627.7829999923706, 75763.16402547433, 81636.99117252855
2627.8010001182556, 75763.16402547433, 81636.99117252855
2627.805999994278, 75763.16402547433, 81636.99117252855
2627.810000181198, 75763.16402547433, 81636.99117252855
2627.8140001296997, 75763.16402547433, 81636.99117252855
2627.821000099182, 75763.16402547433, 81636.83487181825
2627.8289999961853, 75763.16402547433, 81636.83487181825
2627.832000017166, 75763.16402547433, 81636.83487181825
2633.815999984741, 75763.16402547433, 81636.53578875624
2633.8359999656677, 75763.16402547433, 81636.46111865113
2633.8359999656677, 75763.16402547433, 81636.46111865113
2633.8359999656677, 75763.16402547433, 81636.46111865113
2633.8519999980927, 75763.16402547433, 81636.46111865113
2633.8519999980927, 75763.16402547433, 81636.46111865113
2633.8689999580383, 75763.16402547433, 81636.46111865113
2633.8740000724792, 75763.16402547433, 81636.46111865113
2633.8830001354218, 75763.16402547433, 81636.46111865113
2633.8949999809265, 75763.16402547433, 81636.43911076472
2633.9000000953674, 75763.16402547433, 81636.17669885304
2633.9000000953674, 75763.16402547433, 81635.94854167537
2639.824000120163, 75763.16402547433, 81635.94854167537
2639.824000120163, 75763.16402547433, 81635.94854167537
2639.834000110626, 75763.16402547433, 81635.94854167537
2639.848000049591, 75763.16402547433, 81635.87502026482
2639.8540000915527, 75763.16402547433, 81635.87502026482
2639.8540000915527, 75763.16402547433, 81635.87502026482
2639.87900018692, 75763.16402547433, 81635.87502026482
2639.890000104904, 75763.16402547433, 81635.87502026482
2639.9000000953674, 75763.16402547433, 81635.87502026482
2639.9030001163483, 75763.16402547433, 81635.87502026482
2639.917999982834, 75763.16402547433, 81635.87502026482
2639.917999982834, 75763.16402547433, 81634.93542983993
2645.5120000839233, 75763.16402547433, 81634.71890327128
2645.5120000839233, 75763.16402547433, 81634.71890327128
2645.53400015831, 75763.16402547433, 81634.71890327128
2645.5490000247955, 75763.16402547433, 81634.71890327128
2645.5490000247955, 75763.16402547433, 81634.44566793831
2645.565999984741, 75763.16402547433, 81634.44566793831
2645.5750000476837, 75763.16402547433, 81634.44566793831
2645.587000131607, 75763.16402547433, 81634.44566793831
2645.5930001735687, 75763.16402547433, 81634.44566793831
2645.598000049591, 75763.16402547433, 81634.08610446705
2645.6100001335144, 75763.16402547433, 81634.08610446705
2651.1620001792908, 75763.16402547433, 81633.83024704577
2651.1770000457764, 75763.16402547433, 81633.72252105216
2651.1790001392365, 75763.16402547433, 81633.72252105216
2651.194000005722, 75763.16402547433, 81633.72252105216
2651.2030000686646, 75763.16402547433, 81633.72252105216
2651.213000059128, 75763.16402547433, 81633.72252105216
2651.2200000286102, 75763.16402547433, 81633.72252105216
2651.225000143051, 75763.16402547433, 81633.72252105216
2651.2269999980927, 75763.16402547433, 81633.72252105216
2651.2269999980927, 75763.16402547433, 81633.72252105216
2657.404000043869, 75763.16402547433, 81633.72252105216
2657.4140000343323, 75763.16402547433, 81633.72252105216
2657.4210000038147, 75763.16402547433, 81633.72252105216
2657.4320001602173, 75763.16402547433, 81633.72252105216
2657.4450001716614, 75763.16402547433, 81633.72252105216
2657.4550001621246, 75763.16402547433, 81633.72252105216
2657.4690001010895, 75763.16402547433, 81633.72252105216
2657.4820001125336, 75763.16402547433, 81633.72252105216
2657.492000102997, 75763.16402547433, 81633.72252105216
2657.5, 75763.16402547433, 81633.32201422076
2657.5099999904633, 75763.16402547433, 81633.32201422076
2657.5140001773834, 75763.16402547433, 81632.63200830249
2663.449000120163, 75763.16402547433, 81632.63200830249
2663.470999956131, 75763.16402547433, 81632.63200830249
2663.4820001125336, 75763.16402547433, 81632.63200830249
2663.4900000095367, 75763.16402547433, 81632.63200830249
2663.4990000724792, 75763.16402547433, 81632.63200830249
2663.5080001354218, 75763.16402547433, 81632.2254216523
2663.5140001773834, 75763.16402547433, 81632.2254216523
2663.526000022888, 75763.16402547433, 81632.2254216523
2663.53400015831, 75763.16402547433, 81632.02727058108
2663.53400015831, 75763.16402547433, 81632.02727058108
2663.5510001182556, 75763.16402547433, 81631.9531614096
2663.5670001506805, 75763.16402547433, 81631.9531614096
2663.5670001506805, 75763.16402547433, 81631.63521443207
2669.834000110626, 75763.16402547433, 81631.63521443207
2669.845999956131, 75763.16402547433, 81631.63521443207
2669.8519999980927, 75763.16402547433, 81631.63521443207
2669.8600001335144, 75763.16402547433, 81631.61072398514
2669.861999988556, 75763.16402547433, 81630.26117659104
2675.677999973297, 75763.16402547433, 81630.26117659104
2675.6790001392365, 75763.16402547433, 81629.53408442534
2675.6979999542236, 75763.16402547433, 81629.53408442534
2675.7030000686646, 75763.16402547433, 81629.53408442534
2675.7030000686646, 75763.16402547433, 81629.53408442534
2675.715000152588, 75763.16402547433, 81629.53408442534
2675.7160000801086, 75763.16402547433, 81629.53408442534
2675.7160000801086, 75763.16402547433, 81629.40730774924
2675.736999988556, 75763.16402547433, 81629.04316323434
2681.667999982834, 75763.16402547433, 81629.04316323434
2681.686000108719, 75763.16402547433, 81629.04316323434
2681.6870000362396, 75763.16402547433, 81628.85227187377
2681.7039999961853, 75763.16402547433, 81628.85227187377
2681.7190001010895, 75763.16402547433, 81628.85227187377
2681.728000164032, 75763.16402547433, 81628.6473256464
2681.7350001335144, 75763.16402547433, 81628.6473256464
2681.739000082016, 75763.16402547433, 81628.6473256464
2681.7439999580383, 75763.16402547433, 81628.6473256464
2681.7510001659393, 75763.16402547433, 81628.6473256464
2681.7510001659393, 75763.16402547433, 81628.6473256464
2681.7510001659393, 75763.16402547433, 81628.6473256464
2681.7669999599457, 75763.16402547433, 81628.6473256464
2681.7669999599457, 75763.16402547433, 81628.6473256464
2681.7669999599457, 75763.16402547433, 81628.6473256464
2681.7669999599457, 75763.16402547433, 81628.35661667553
2687.789999961853, 75763.16402547433, 81628.35661667553
2687.802999973297, 75763.16402547433, 81628.35661667553
2687.8180000782013, 75763.16402547433, 81628.35661667553
2687.832000017166, 75763.16402547433, 81628.35661667553
2687.8440001010895, 75763.16402547433, 81627.46101194771
2687.851000070572, 75763.16402547433, 81627.46101194771
2687.858999967575, 75763.16402547433, 81626.73337581173
2687.866000175476, 75763.16402547433, 81626.73337581173
2687.867000102997, 75763.16402547433, 81626.73337581173
2693.789999961853, 75763.16402547433, 81626.73337581173
2693.8010001182556, 75763.16402547433, 81626.73337581173
2693.805999994278, 75763.16402547433, 81626.73337581173
2693.8229999542236, 75763.16402547433, 81626.72413113991
2693.8229999542236, 75763.16402547433, 81626.07710239402
2693.8450000286102, 75763.16402547433, 81626.07710239402
2693.8540000915527, 75763.16402547433, 81626.07710239402
2693.861000061035, 75763.16402547433, 81626.07710239402
2693.8650000095367, 75763.16402547433, 81626.07710239402
2693.8700001239777, 75763.16402547433, 81626.07710239402
2693.871999979019, 75763.16402547433, 81626.07710239402
2700.2170000076294, 75763.16402547433, 81625.67840870225
2700.223999977112, 75763.16402547433, 81625.67159160342
2700.223999977112, 75763.16402547433, 81625.67159160342
2700.2400000095367, 75763.16402547433, 81625.67159160342
2700.255000114441, 75763.16402547433, 81625.45019149064
2700.266000032425, 75763.16402547433, 81625.45019149064
2700.2770001888275, 75763.16402547433, 81624.89606169856
2700.2829999923706, 75763.16402547433, 81624.89606169856
2700.2870001792908, 75763.16402547433, 81624.89606169856
2700.289999961853, 75763.16402547433, 81624.89606169856
2706.322000026703, 75763.16402547433, 81624.52616193595
2706.3310000896454, 75763.16402547433, 81624.52616193595
2706.3420000076294, 75763.16402547433, 81624.52616193595
2706.348999977112, 75763.16402547433, 81624.52616193595
2706.3570001125336, 75763.16402547433, 81624.52616193595
2712.4500000476837, 75763.16402547433, 81623.6698037979
2712.4609999656677, 75763.16402547433, 81623.4442811592
2712.473999977112, 75763.16402547433, 81623.4442811592
2712.473999977112, 75763.16402547433, 81623.4442811592
2712.492000102997, 75763.16402547433, 81623.4442811592
2718.6630001068115, 75763.16402547433, 81623.4442811592
2718.6770000457764, 75763.16402547433, 81623.4442811592
2718.6770000457764, 75763.16402547433, 81623.4442811592
2718.6930000782013, 75763.16402547433, 81623.4442811592
2718.6930000782013, 75763.16402547433, 81623.4442811592
2718.707000017166, 75763.16402547433, 81622.84596021472
2718.7139999866486, 75763.16402547433, 81622.84596021472
2718.723000049591, 75763.16402547433, 81621.89445615199
2724.690999984741, 75763.16402547433, 81621.89445615199
2724.6930000782013, 75763.16402547433, 81621.89445615199
2724.7160000801086, 75763.16402547433, 81621.47703471563
2724.728000164032, 75763.16402547433, 81621.47703471563
2724.728000164032, 75763.16402547433, 81621.47703471563
2724.755000114441, 75763.16402547433, 81621.0246162446
2730.4479999542236, 75763.16402547433, 81621.0246162446
2730.459000110626, 75763.16402547433, 81620.15408298885
2730.4690001010895, 75763.16402547433, 81620.15408298885
2730.4830000400543, 75763.16402547433, 81619.76626304969
2730.4939999580383, 75763.16402547433, 81619.09184907858
2730.496999979019, 75763.16402547433, 81619.09184907858
2730.496999979019, 75763.16402547433, 81619.09184907858
2736.8420000076294, 75763.16402547433, 81619.09184907858
2736.853000164032, 75763.16402547433, 81618.90559954899
2736.8680000305176, 75763.16402547433, 81618.90559954899
2742.779000043869, 75763.16402547433, 81617.8678470722
2742.798000097275, 75763.16402547433, 81617.8678470722
2742.800000190735, 75763.16402547433, 81617.8678470722
2742.800000190735, 75763.16402547433, 81617.8678470722
2742.8200001716614, 75763.16402547433, 81617.8678470722
2742.8280000686646, 75763.16402547433, 81617.8678470722
2749.03400015831, 75763.16402547433, 81617.28547907136
2749.0540001392365, 75763.16402547433, 81616.89413560685
2749.0570001602173, 75763.16402547433, 81616.86254271264
2749.0700001716614, 75763.16402547433, 81616.69875703006
2749.0700001716614, 75763.16402547433, 81616.68687235794
2749.084000110626, 75763.16402547433, 81616.68687235794
2749.090000152588, 75763.16402547433, 81616.68687235794
2755.12900018692, 75763.16402547433, 81616.46487166027
2755.141000032425, 75763.16402547433, 81616.25070303064
2755.1530001163483, 75763.16402547433, 81616.25070303064
2755.167000055313, 75763.16402547433, 81616.25070303064
2755.170000076294, 75763.16402547433, 81616.21807518195
2755.186000108719, 75763.16402547433, 81616.21807518195
2755.194000005722, 75763.16402547433, 81616.21807518195
2755.2030000686646, 75763.16402547433, 81616.21807518195
2755.213000059128, 75763.16402547433, 81615.92434787878
2755.2180001735687, 75763.16402547433, 81615.48777755401
2761.3580000400543, 75763.16402547433, 81615.47044198024
2761.366000175476, 75763.16402547433, 81615.11918378074
2761.37900018692, 75763.16402547433, 81615.11918378074
2761.393000125885, 75763.16402547433, 81615.09721113286
2761.4079999923706, 75763.16402547433, 81615.09721113286
2761.417999982834, 75763.16402547433, 81615.09721113286
2761.4290001392365, 75763.16402547433, 81614.9035036512
2761.4370000362396, 75763.16402547433, 81614.83629964462
2761.4400000572205, 75763.16402547433, 81614.83629964462
2767.194000005722, 75763.16402547433, 81614.83629964462
2767.210000038147, 75763.16402547433, 81614.56518029972
2767.2139999866486, 75763.16402547433, 81614.18761361668
2767.2139999866486, 75763.16402547433, 81614.18761361668
2767.2290000915527, 75763.16402547433, 81614.18761361668
2773.315999984741, 75763.16402547433, 81614.18761361668
2773.3300001621246, 75763.16402547433, 81614.18761361668
2773.3300001621246, 75763.16402547433, 81613.53797736243
2773.348000049591, 75763.16402547433, 81613.53797736243
2773.3580000400543, 75763.16402547433, 81613.53797736243
2779.5169999599457, 75763.16402547433, 81613.53797736243
2779.529000043869, 75763.16402547433, 81613.53797736243
2779.5360000133514, 75763.16402547433, 81613.53797736243
2779.548000097275, 75763.16402547433, 81613.53797736243
2779.560000181198, 75763.16402547433, 81613.02799360469
2779.5680000782013, 75763.16402547433, 81613.02799360469
2785.850000143051, 75763.16402547433, 81613.02799360469
2785.861000061035, 75763.16402547433, 81613.02799360469
2785.8710000514984, 75763.16402547433, 81613.02799360469
2785.8710000514984, 75763.16402547433, 81612.57107624804
2785.890000104904, 75763.16402547433, 81612.0229350629
2785.8970000743866, 75763.16402547433, 81612.0229350629
2785.904000043869, 75763.16402547433, 81612.0229350629
2785.9120001792908, 75763.16402547433, 81611.9530236154
2785.919000148773, 75763.16402547433, 81611.9530236154
2785.919000148773, 75763.16402547433, 81611.5687014409
2785.935000181198, 75763.16402547433, 81611.5687014409
2785.935000181198, 75763.16402547433, 81611.5687014409
2791.715000152588, 75763.16402547433, 81611.5687014409
2791.725000143051, 75763.16402547433, 81611.5687014409
2791.7350001335144, 75763.16402547433, 81611.5687014409
2791.7460000514984, 75763.16402547433, 81611.5687014409
2791.746999979019, 75763.16402547433, 81611.5687014409
2791.746999979019, 75763.16402547433, 81611.49547880514
2791.766000032425, 75763.16402547433, 81611.49547880514
2791.7770001888275, 75763.16402547433, 81610.32977697943
2798.276000022888, 75763.16402547433, 81610.32977697943
2798.292999982834, 75763.16402547433, 81610.32977697943
2798.309000015259, 75763.16402547433, 81610.32977697943
2798.3120000362396, 75763.16402547433, 81610.32977697943
2798.3259999752045, 75763.16402547433, 81610.32977697943
2798.3359999656677, 75763.16402547433, 81608.99563128593
2804.4240000247955, 75763.16402547433, 81608.99563128593
2804.430999994278, 75763.16402547433, 81608.99563128593
2804.435000181198, 75763.16402547433, 81608.99563128593
2804.444000005722, 75763.16402547433, 81608.5648674736
2804.449000120163, 75763.16402547433, 81608.5648674736
2804.4550001621246, 75763.16402547433, 81608.5648674736
2804.4609999656677, 75763.16402547433, 81608.5648674736
2810.3470001220703, 75763.16402547433, 81608.5648674736
2810.3470001220703, 75763.16402547433, 81607.93165813514
2810.3630001544952, 75763.16402547433, 81607.93165813514
2810.3700001239777, 75763.16402547433, 81607.93165813514
2810.380000114441, 75763.16402547433, 81607.93165813514
2810.3840000629425, 75763.16402547433, 81607.93165813514
2810.3840000629425, 75763.16402547433, 81607.93165813514
2810.401000022888, 75763.16402547433, 81607.93165813514
2810.406000137329, 75763.16402547433, 81607.93165813514
2810.4110000133514, 75763.16402547433, 81607.93165813514
2810.4160001277924, 75763.16402547433, 81607.93165813514
2810.4240000247955, 75763.16402547433, 81607.47106806248
2810.4320001602173, 75763.16402547433, 81607.47106806248
2816.375, 75763.16402547433, 81607.47106806248
2816.3870000839233, 75763.16402547433, 81607.47106806248
2816.3949999809265, 75763.16402547433, 81607.47106806248
2816.406000137329, 75763.16402547433, 81607.47106806248
2816.420000076294, 75763.16402547433, 81607.47106806248
2816.435000181198, 75763.16402547433, 81607.47106806248
2816.444000005722, 75763.16402547433, 81607.47106806248
2816.4509999752045, 75763.16402547433, 81607.47106806248
2816.4560000896454, 75763.16402547433, 81607.47106806248
2816.4609999656677, 75763.16402547433, 81607.47106806248
2816.470999956131, 75763.16402547433, 81605.83010938308
2822.7160000801086, 75763.16402547433, 81605.3231195709
2822.723000049591, 75763.16402547433, 81605.3231195709
2822.7330000400543, 75763.16402547433, 81605.29189526936
2822.741000175476, 75763.16402547433, 81604.96780701328
2822.742000102997, 75763.16402547433, 81604.96780701328
2828.7720000743866, 75763.16402547433, 81604.60865008217
2828.7910001277924, 75763.16402547433, 81604.60865008217
2828.794000148773, 75763.16402547433, 81604.60865008217
2828.794000148773, 75763.16402547433, 81604.60865008217
2828.810000181198, 75763.16402547433, 81604.60865008217
2828.8150000572205, 75763.16402547433, 81604.60865008217
2828.824000120163, 75763.16402547433, 81604.29311099621
2828.832000017166, 75763.16402547433, 81604.29311099621
2828.840000152588, 75763.16402547433, 81604.29311099621
2828.8420000076294, 75763.16402547433, 81604.29311099621
2828.8570001125336, 75763.16402547433, 81604.25906948444
2828.861999988556, 75763.16402547433, 81604.25906948444
2828.867000102997, 75763.16402547433, 81604.25906948444
2828.871999979019, 75763.16402547433, 81604.16019731796
2828.8740000724792, 75763.16402547433, 81604.07017377694
2828.891000032425, 75763.16402547433, 81604.07017377694
2834.9670000076294, 75763.16402547433, 81603.77146962385
2834.9670000076294, 75763.16402547433, 81603.77146962385
2834.9850001335144, 75763.16402547433, 81603.77146962385
2835.0, 75763.16402547433, 81603.77146962385
2835.00400018692, 75763.16402547433, 81603.12837918536
2841.3420000076294, 75763.16402547433, 81603.12837918536
2841.3519999980927, 75763.16402547433, 81603.12837918536
2841.3650000095367, 75763.16402547433, 81602.71659707412
2841.3760001659393, 75763.16402547433, 81602.38888526463
2841.3760001659393, 75763.16402547433, 81602.38888526463
2841.396000146866, 75763.16402547433, 81601.68751489713
2847.077000141144, 75763.16402547433, 81601.68751489713
2847.0810000896454, 75763.16402547433, 81601.68751489713
2847.0810000896454, 75763.16402547433, 81601.68751489713
2847.098999977112, 75763.16402547433, 81601.68751489713
2847.1100001335144, 75763.16402547433, 81601.68751489713
2847.1180000305176, 75763.16402547433, 81601.64060474432
2847.140000104904, 75763.16402547433, 81601.64060474432
2847.1480000019073, 75763.16402547433, 81601.64060474432
2847.156000137329, 75763.16402547433, 81601.64060474432
2847.1660001277924, 75763.16402547433, 81601.64060474432
2847.1740000247955, 75763.16402547433, 81601.64060474432
2853.239000082016, 75763.16402547433, 81601.64060474432
2853.2439999580383, 75763.16402547433, 81601.64060474432
2853.2610001564026, 75763.16402547433, 81601.64060474432
2853.2690000534058, 75763.16402547433, 81601.64060474432
2853.2740001678467, 75763.16402547433, 81601.01393599888
2853.2740001678467, 75763.16402547433, 81600.85261490708
2859.5910000801086, 75763.16402547433, 81600.80894156176
2859.5910000801086, 75763.16402547433, 81600.80894156176
2859.608999967575, 75763.16402547433, 81600.50507858317
2859.6130001544952, 75763.16402547433, 81600.50507858317
2859.6240000724792, 75763.16402547433, 81600.50507858317
2859.628000020981, 75763.16402547433, 81600.50507858317
2859.628000020981, 75763.16402547433, 81600.50507858317
2859.6419999599457, 75763.16402547433, 81600.50507858317
2859.6470000743866, 75763.16402547433, 81600.50507858317
2865.8170001506805, 75763.16402547433, 81600.50507858317
2865.8310000896454, 75763.16402547433, 81600.50507858317
2865.834000110626, 75763.16402547433, 81600.50507858317
2865.8550000190735, 75763.16402547433, 81600.50507858317
2865.864000082016, 75763.16402547433, 81600.50507858317
2865.8730001449585, 75763.16402547433, 81599.93190238754
2865.87900018692, 75763.16402547433, 81599.93190238754
2865.8819999694824, 75763.16402547433, 81599.93190238754
2865.8970000743866, 75763.16402547433, 81599.93190238754
2865.8970000743866, 75763.16402547433, 81599.23501046597
2872.2620000839233, 75763.16402547433, 81599.23501046597
2872.2770001888275, 75763.16402547433, 81598.87382719296
2872.2770001888275, 75763.16402547433, 81598.87382719296
2872.297000169754, 75763.16402547433, 81598.77879403219
2872.3070001602173, 75763.16402547433, 81598.77879403219
2872.3170001506805, 75763.16402547433, 81598.77879403219
2872.324000120163, 75763.16402547433, 81598.77879403219
2872.3250000476837, 75763.16402547433, 81598.77879403219
2872.3250000476837, 75763.16402547433, 81598.77879403219
2878.3470001220703, 75763.16402547433, 81598.29195040475
2878.3650000095367, 75763.16402547433, 81598.29195040475
2878.3849999904633, 75763.16402547433, 81598.29195040475
2878.388000011444, 75763.16402547433, 81598.29195040475
2878.396000146866, 75763.16402547433, 81598.29195040475
2884.3180000782013, 75763.16402547433, 81597.6916451167
2884.335000038147, 75763.16402547433, 81597.6916451167
2884.3470001220703, 75763.16402547433, 81597.6916451167
2884.3580000400543, 75763.16402547433, 81597.6916451167
2884.3680000305176, 75763.16402547433, 81597.6916451167
2884.3680000305176, 75763.16402547433, 81597.6916451167
2884.3819999694824, 75763.16402547433, 81597.6916451167
2884.3870000839233, 75763.16402547433, 81597.6916451167
2884.3940000534058, 75763.16402547433, 81597.6916451167
2884.4030001163483, 75763.16402547433, 81597.6916451167
2884.40900015831, 75763.16402547433, 81597.39385368855
2884.4160001277924, 75763.16402547433, 81597.39385368855
2884.4160001277924, 75763.16402547433, 81596.67084433611
2884.433000087738, 75763.16402547433, 81596.67084433611
2884.433000087738, 75763.16402547433, 81596.43247182954
2890.798000097275, 75763.16402547433, 81596.43247182954
2890.815999984741, 75763.16402547433, 81596.43247182954
2890.8280000686646, 75763.16402547433, 81596.43247182954
2890.8280000686646, 75763.16402547433, 81596.43247182954
2890.8470001220703, 75763.16402547433, 81596.43247182954
2890.8519999980927, 75763.16402547433, 81596.43247182954
2890.856000185013, 75763.16402547433, 81596.43247182954
2890.864000082016, 75763.16402547433, 81596.43247182954
2890.871999979019, 75763.16402547433, 81596.43247182954
2890.875, 75763.16402547433, 81594.92493943824
2896.9260001182556, 75763.16402547433, 81594.69722256012
2896.9430000782013, 75763.16402547433, 81594.69722256012
2896.9509999752045, 75763.16402547433, 81594.46298118652
2896.965000152588, 75763.16402547433, 81594.46298118652
2896.9769999980927, 75763.16402547433, 81594.46298118652
2896.9800000190735, 75763.16402547433, 81594.46298118652
2896.9930000305176, 75763.16402547433, 81594.46298118652
2897.0010001659393, 75763.16402547433, 81594.46298118652
2897.0069999694824, 75763.16402547433, 81594.46298118652
2897.0069999694824, 75763.16402547433, 81594.46298118652
2897.0240001678467, 75763.16402547433, 81594.46298118652
2903.1950001716614, 75763.16402547433, 81593.9575503237
2903.207000017166, 75763.16402547433, 81593.9575503237
2903.2139999866486, 75763.16402547433, 81593.9575503237
2903.2139999866486, 75763.16402547433, 81593.9575503237
2903.231000185013, 75763.16402547433, 81593.9575503237
2903.2510001659393, 75763.16402547433, 81593.3749147777
2903.2620000839233, 75763.16402547433, 81592.7679112667
2903.2720000743866, 75763.16402547433, 81592.7679112667
2903.279000043869, 75763.16402547433, 81592.76526771953
2903.279000043869, 75763.16402547433, 81592.19973091649
2909.37900018692, 75763.16402547433, 81591.7704051341
2909.3890001773834, 75763.16402547433, 81591.72643791672
2909.391000032425, 75763.16402547433, 81591.72643791672
2909.4049999713898, 75763.16402547433, 81591.72643791672
2909.417999982834, 75763.16402547433, 81591.30676867494
2909.420000076294, 75763.16402547433, 81591.30676867494
2909.4400000572205, 75763.16402547433, 81591.30676867494
2909.4479999542236, 75763.16402547433, 81591.30676867494
2909.4530000686646, 75763.16402547433, 81591.30676867494
2909.4580001831055, 75763.16402547433, 81591.30676867494
2909.463000059128, 75763.16402547433, 81591.30676867494
2909.4700000286102, 75763.16402547433, 81591.30676867494
2909.4700000286102, 75763.16402547433, 81591.30676867494
2909.486000061035, 75763.16402547433, 81591.30676867494
2909.492000102997, 75763.16402547433, 81591.30676867494
2915.6200001239777, 75763.16402547433, 81591.30676867494
2915.6310000419617, 75763.16402547433, 81591.30676867494
2915.638000011444, 75763.16402547433, 81591.30676867494
2915.6419999599457, 75763.16402547433, 81591.30676867494
2915.6419999599457, 75763.16402547433, 81591.30676867494
2915.65700006485, 75763.16402547433, 81590.75259260266
2915.672000169754, 75763.16402547433, 81590.75259260266
2915.6770000457764, 75763.16402547433, 81590.75259260266
2915.686000108719, 75763.16402547433, 81590.75259260266
2921.6040000915527, 75763.16402547433, 81590.75259260266
2921.6260001659393, 75763.16402547433, 81590.75259260266
2921.6419999599457, 75763.16402547433, 81590.75259260266
2921.6419999599457, 75763.16402547433, 81590.75259260266
2921.65700006485, 75763.16402547433, 81590.75259260266
2927.9049999713898, 75763.16402547433, 81589.56473298247
2927.9140000343323, 75763.16402547433, 81589.56473298247
2927.935000181198, 75763.16402547433, 81589.56473298247
2927.9430000782013, 75763.16402547433, 81589.56473298247
2927.9430000782013, 75763.16402547433, 81589.56473298247
2927.9690001010895, 75763.16402547433, 81589.56473298247
2927.9769999980927, 75763.16402547433, 81589.56473298247
2927.9800000190735, 75763.16402547433, 81589.10402166075
2927.9960000514984, 75763.16402547433, 81589.10402166075
2928.00200009346, 75763.16402547433, 81589.10402166075
2928.0080001354218, 75763.16402547433, 81589.10402166075
2928.0199999809265, 75763.16402547433, 81589.10402166075
2928.026000022888, 75763.16402547433, 81588.68895821957
2928.026000022888, 75763.16402547433, 81588.68895821957
2934.042000055313, 75763.16402547433, 81588.68895821957
2934.0570001602173, 75763.16402547433, 81588.68895821957
2934.0640001296997, 75763.16402547433, 81588.68895821957
2934.0780000686646, 75763.16402547433, 81588.68895821957
2934.0930001735687, 75763.16402547433, 81588.68895821957
2934.1019999980927, 75763.16402547433, 81588.30178902093
2934.111000061035, 75763.16402547433, 81588.30178902093
2934.1180000305176, 75763.16402547433, 81588.30178902093
2934.125, 75763.16402547433, 81588.30178902093
2934.130000114441, 75763.16402547433, 81588.30178902093
2934.1349999904633, 75763.16402547433, 81588.30178902093
2934.140000104904, 75763.16402547433, 81588.30178902093
2940.0780000686646, 75763.16402547433, 81587.6141642231
2940.0940001010895, 75763.16402547433, 81587.6141642231
2940.100000143051, 75763.16402547433, 81587.6141642231
2940.114000082016, 75763.16402547433, 81587.6141642231
2940.1260001659393, 75763.16402547433, 81587.6141642231
2940.1340000629425, 75763.16402547433, 81587.6141642231
2940.1440000534058, 75763.16402547433, 81587.17057502783
2940.1530001163483, 75763.16402547433, 81587.17057502783
2940.1620001792908, 75763.16402547433, 81587.17057502783
2940.167999982834, 75763.16402547433, 81587.17057502783
2946.3470001220703, 75763.16402547433, 81586.46386333187
2946.3570001125336, 75763.16402547433, 81586.36660583998
2946.3680000305176, 75763.16402547433, 81586.36660583998
2946.37700009346, 75763.16402547433, 81586.29101182104
2946.3860001564026, 75763.16402547433, 81586.29101182104
2946.3860001564026, 75763.16402547433, 81586.29101182104
2946.3980000019073, 75763.16402547433, 81586.29101182104
2946.40900015831, 75763.16402547433, 81586.29101182104
2946.417999982834, 75763.16402547433, 81586.29101182104
2946.4260001182556, 75763.16402547433, 81586.29101182104
2946.433000087738, 75763.16402547433, 81586.28571884472
2952.861999988556, 75763.16402547433, 81586.17792550255
2952.87700009346, 75763.16402547433, 81586.17792550255
2959.292999982834, 75763.16402547433, 81585.36024588854
2959.297000169754, 75763.16402547433, 81585.36024588854
2959.297000169754, 75763.16402547433, 81585.36024588854
2959.3170001506805, 75763.16402547433, 81585.36024588854
2959.3170001506805, 75763.16402547433, 81585.36024588854
2959.334000110626, 75763.16402547433, 81585.36024588854
2965.2799999713898, 75763.16402547433, 81585.36024588854
2965.292999982834, 75763.16402547433, 81585.36024588854
2965.298000097275, 75763.16402547433, 81585.36024588854
2965.298000097275, 75763.16402547433, 81585.36024588854
2965.321000099182, 75763.16402547433, 81585.16211018337
2965.332000017166, 75763.16402547433, 81585.16211018337
2965.3440001010895, 75763.16402547433, 81585.16211018337
2965.3519999980927, 75763.16402547433, 81585.16211018337
2965.358999967575, 75763.16402547433, 81585.16211018337
2965.364000082016, 75763.16402547433, 81585.16211018337
2971.802999973297, 75763.16402547433, 81585.16211018337
2971.822000026703, 75763.16402547433, 81585.16211018337
2971.824000120163, 75763.16402547433, 81585.16211018337
2971.837000131607, 75763.16402547433, 81585.16211018337
2971.8440001010895, 75763.16402547433, 81585.16211018337
2971.848000049591, 75763.16402547433, 81585.16211018337
2971.8550000190735, 75763.16402547433, 81585.16211018337
2971.8630001544952, 75763.16402547433, 81585.16211018337
2971.8700001239777, 75763.16402547433, 81585.16211018337
2971.871999979019, 75763.16402547433, 81585.16211018337
2971.8870000839233, 75763.16402547433, 81585.16211018337
2971.8870000839233, 75763.16402547433, 81585.16211018337
2971.8870000839233, 75763.16402547433, 81585.16211018337
2971.9049999713898, 75763.16402547433, 81583.62800802063
2971.922000169754, 75763.16402547433, 81583.62800802063
2971.922000169754, 75763.16402547433, 81583.62800802063
2978.210000038147, 75763.16402547433, 81583.02150709846
2978.2190001010895, 75763.16402547433, 81583.02150709846
2978.2330000400543, 75763.16402547433, 81583.02150709846
2978.246999979019, 75763.16402547433, 81583.02150709846
2978.2580001354218, 75763.16402547433, 81583.02150709846
2978.2699999809265, 75763.16402547433, 81583.02150709846
2984.114000082016, 75763.16402547433, 81583.02150709846
2984.1230001449585, 75763.16402547433, 81583.02150709846
2984.130000114441, 75763.16402547433, 81583.02150709846
2984.1419999599457, 75763.16402547433, 81583.02150709846
2984.1520001888275, 75763.16402547433, 81583.02150709846
2984.1630001068115, 75763.16402547433, 81583.02150709846
2984.164999961853, 75763.16402547433, 81583.02150709846
2984.1820001602173, 75763.16402547433, 81583.02150709846
2984.1879999637604, 75763.16402547433, 81583.02150709846
2984.1920001506805, 75763.16402547433, 81583.02150709846
2984.197000026703, 75763.16402547433, 81583.02150709846
2984.197000026703, 75763.16402547433, 81583.02150709846
2984.2139999866486, 75763.16402547433, 81583.02150709846
2984.2139999866486, 75763.16402547433, 81583.02150709846
2984.2350001335144, 75763.16402547433, 81583.02150709846
2990.5570001602173, 75763.16402547433, 81583.02150709846
2990.561000108719, 75763.16402547433, 81583.02150709846
2990.5750000476837, 75763.16402547433, 81583.02150709846
2990.584000110626, 75763.16402547433, 81583.02150709846
2990.595999956131, 75763.16402547433, 81583.02150709846
2990.611000061035, 75763.16402547433, 81581.08578271011
2990.611000061035, 75763.16402547433, 81581.08578271011
2990.6310000419617, 75763.16402547433, 81580.43735720501
2996.795000076294, 75763.16402547433, 81580.43735720501
2996.808000087738, 75763.16402547433, 81580.43735720501
2996.8120000362396, 75763.16402547433, 81580.43735720501
2996.8300001621246, 75763.16402547433, 81580.43735720501
2996.837000131607, 75763.16402547433, 81580.43735720501
2996.8420000076294, 75763.16402547433, 81580.43735720501
2996.845999956131, 75763.16402547433, 81580.43735720501
2996.8540000915527, 75763.16402547433, 81580.43735720501
2996.858999967575, 75763.16402547433, 81580.37035735897
2996.858999967575, 75763.16402547433, 81580.37035735897
3002.6770000457764, 75763.16402547433, 81580.37035735897
3002.6979999542236, 75763.16402547433, 81579.90088938113
3002.713000059128, 75763.16402547433, 81579.90088938113
3002.7160000801086, 75763.16402547433, 81579.90088938113
3002.7269999980927, 75763.16402547433, 81579.90088938113
3002.733999967575, 75763.16402547433, 81579.90088938113
3002.7439999580383, 75763.16402547433, 81579.90088938113
3002.75, 75763.16402547433, 81579.90088938113
3002.7620000839233, 75763.16402547433, 81579.90088938113
3002.7750000953674, 75763.16402547433, 81579.90088938113
3009.0060000419617, 75763.16402547433, 81579.90088938113
3009.0169999599457, 75763.16402547433, 81579.90088938113
3009.0270001888275, 75763.16402547433, 81579.90088938113
3009.0390000343323, 75763.16402547433, 81579.90088938113
3009.0390000343323, 75763.16402547433, 81579.90088938113
3009.0620000362396, 75763.16402547433, 81579.90088938113
3009.0680000782013, 75763.16402547433, 81579.90088938113
3009.072000026703, 75763.16402547433, 81579.90088938113
3009.072000026703, 75763.16402547433, 81579.90088938113
3009.088000059128, 75763.16402547433, 81579.90088938113
3009.088000059128, 75763.16402547433, 81579.90088938113
3009.1040000915527, 75763.16402547433, 81579.90088938113
3009.1040000915527, 75763.16402547433, 81579.90088938113
3009.1210000514984, 75763.16402547433, 81579.90088938113
3009.1370000839233, 75763.16402547433, 81578.22552704923
3009.1449999809265, 75763.16402547433, 81578.22552704923
3009.1490001678467, 75763.16402547433, 81577.6556863365
3009.154000043869, 75763.16402547433, 81577.6556863365
3015.617000102997, 75763.16402547433, 81577.6556863365
3015.62700009346, 75763.16402547433, 81577.6556863365
3015.6340000629425, 75763.16402547433, 81577.6556863365
3015.651000022888, 75763.16402547433, 81577.6556863365
3021.712000131607, 75763.16402547433, 81576.94820010407
3021.7269999980927, 75763.16402547433, 81576.94820010407
3021.7320001125336, 75763.16402547433, 81576.94820010407
3021.733999967575, 75763.16402547433, 81576.94820010407
3021.733999967575, 75763.16402547433, 81576.94820010407
3021.746999979019, 75763.16402547433, 81576.94820010407
3021.746999979019, 75763.16402547433, 81576.94820010407
3021.7750000953674, 75763.16402547433, 81576.57793080031
3021.7870001792908, 75763.16402547433, 81576.57793080031
3028.138000011444, 75763.16402547433, 81575.80406232976
3028.1549999713898, 75763.16402547433, 81575.80406232976
3028.1710000038147, 75763.16402547433, 81575.48452859347
3028.1820001602173, 75763.16402547433, 81575.48452859347
3028.1870000362396, 75763.16402547433, 81575.48452859347
3034.220999956131, 75763.16402547433, 81575.42949987801
3034.2380001544952, 75763.16402547433, 81575.42949987801
3034.2380001544952, 75763.16402547433, 81575.42949987801
3034.255000114441, 75763.16402547433, 81575.42949987801
3034.2580001354218, 75763.16402547433, 81575.23469157988
3034.2770001888275, 75763.16402547433, 81575.21356858905
3034.2829999923706, 75763.16402547433, 81575.21356858905
3034.289999961853, 75763.16402547433, 81575.21356858905
3034.300000190735, 75763.16402547433, 81575.16138752339
3041.108999967575, 75763.16402547433, 81574.84527582124
3041.114000082016, 75763.16402547433, 81574.84527582124
3041.1310000419617, 75763.16402547433, 81574.84527582124
3041.1310000419617, 75763.16402547433, 81574.46884786242
3041.1310000419617, 75763.16402547433, 81574.46884786242
3041.1490001678467, 75763.16402547433, 81574.46884786242
3041.1490001678467, 75763.16402547433, 81572.72709476278
3047.739000082016, 75763.16402547433, 81572.72709476278
3047.7580001354218, 75763.16402547433, 81572.70951126263
3047.7580001354218, 75763.16402547433, 81572.5358646438
3047.7750000953674, 75763.16402547433, 81572.5358646438
3047.7770001888275, 75763.16402547433, 81572.26076655596
3047.7770001888275, 75763.16402547433, 81572.26076655596
3047.789999961853, 75763.16402547433, 81571.31291459069
3054.2060000896454, 75763.16402547433, 81571.21512462117
3054.212000131607, 75763.16402547433, 81571.21512462117
3054.2190001010895, 75763.16402547433, 81571.21512462117
3054.2320001125336, 75763.16402547433, 81571.21512462117
3054.2320001125336, 75763.16402547433, 81571.21512462117
3054.2320001125336, 75763.16402547433, 81571.21512462117
3060.5930001735687, 75763.16402547433, 81569.85481464102
3060.601000070572, 75763.16402547433, 81569.85481464102
3060.611999988556, 75763.16402547433, 81569.69487898416
3060.617000102997, 75763.16402547433, 81569.69487898416
3060.6310000419617, 75763.16402547433, 81569.69487898416
3060.6310000419617, 75763.16402547433, 81569.18640851701
3060.6500000953674, 75763.16402547433, 81569.18640851701
3060.656000137329, 75763.16402547433, 81569.18640851701
3060.6610000133514, 75763.16402547433, 81569.18640851701
3060.670000076294, 75763.16402547433, 81569.18640851701
3066.90900015831, 75763.16402547433, 81568.97346669808
3066.923000097275, 75763.16402547433, 81568.97346669808
3066.9379999637604, 75763.16402547433, 81568.97346669808
3066.9390001296997, 75763.16402547433, 81568.97346669808
3066.9609999656677, 75763.16402547433, 81568.8810398477
3066.9700000286102, 75763.16402547433, 81568.8810398477
3066.976000070572, 75763.16402547433, 81568.8810398477
3066.976000070572, 75763.16402547433, 81568.8810398477
3066.986999988556, 75763.16402547433, 81568.8810398477
3073.1930000782013, 75763.16402547433, 81568.8300794101
3073.194000005722, 75763.16402547433, 81568.8300794101
3073.210000038147, 75763.16402547433, 81568.8300794101
3073.2180001735687, 75763.16402547433, 81568.8300794101
3073.226000070572, 75763.16402547433, 81568.8300794101
3073.231000185013, 75763.16402547433, 81568.8300794101
3073.2480001449585, 75763.16402547433, 81568.8300794101
3073.2480001449585, 75763.16402547433, 81568.8300794101
3073.268000125885, 75763.16402547433, 81568.8300794101
3073.2750000953674, 75763.16402547433, 81568.8300794101
3073.2829999923706, 75763.16402547433, 81568.8300794101
3073.292000055313, 75763.16402547433, 81568.8300794101
3073.297000169754, 75763.16402547433, 81568.16975186668
3079.462000131607, 75763.16402547433, 81567.68350577311
3079.481000185013, 75763.16402547433, 81567.68350577311
3079.491000175476, 75763.16402547433, 81567.68350577311
3079.492000102997, 75763.16402547433, 81567.68350577311
3079.516000032425, 75763.16402547433, 81567.68350577311
3079.529000043869, 75763.16402547433, 81567.60164068361
3079.5410001277924, 75763.16402547433, 81567.60164068361
3079.548000097275, 75763.16402547433, 81567.60164068361
3079.552999973297, 75763.16402547433, 81567.60164068361
3079.558000087738, 75763.16402547433, 81567.60164068361
3086.0299999713898, 75763.16402547433, 81567.1808877309
3086.03200006485, 75763.16402547433, 81567.1808877309
3086.0490000247955, 75763.16402547433, 81567.00696170054
3086.0520000457764, 75763.16402547433, 81567.00696170054
3086.065999984741, 75763.16402547433, 81567.00696170054
3086.0789999961853, 75763.16402547433, 81567.00696170054
3086.090000152588, 75763.16402547433, 81567.00696170054
3092.2460000514984, 75763.16402547433, 81566.096743146
3092.253000020981, 75763.16402547433, 81566.096743146
3092.2620000839233, 75763.16402547433, 81566.06893789287
3092.2690000534058, 75763.16402547433, 81566.06893789287
3092.2690000534058, 75763.16402547433, 81566.06893789287
3092.2870001792908, 75763.16402547433, 81566.06893789287
3092.298000097275, 75763.16402547433, 81565.57653509658
3092.305000066757, 75763.16402547433, 81565.57653509658
3092.311000108719, 75763.16402547433, 81565.56338333125
3092.3150000572205, 75763.16402547433, 81565.56338333125
3092.3200001716614, 75763.16402547433, 81565.56338333125
3098.690999984741, 75763.16402547433, 81565.56338333125
3098.7050001621246, 75763.16402547433, 81565.56338333125
3098.7160000801086, 75763.16402547433, 81565.56338333125
3098.7300000190735, 75763.16402547433, 81565.56338333125
3098.7300000190735, 75763.16402547433, 81565.2338006074
3098.7439999580383, 75763.16402547433, 81565.1301976206
3098.766000032425, 75763.16402547433, 81565.1301976206
3098.779000043869, 75763.16402547433, 81565.1301976206
3098.789999961853, 75763.16402547433, 81564.6158317702
3104.9930000305176, 75763.16402547433, 81564.3819006749
3105.0099999904633, 75763.16402547433, 81564.3819006749
3105.0169999599457, 75763.16402547433, 81564.3819006749
3105.031000137329, 75763.16402547433, 81564.3819006749
3105.048000097275, 75763.16402547433, 81564.3819006749
3111.0789999961853, 75763.16402547433, 81563.62713436403
3111.0970001220703, 75763.16402547433, 81563.62713436403
3111.098999977112, 75763.16402547433, 81563.62713436403
3111.1130001544952, 75763.16402547433, 81563.62713436403
3111.116000175476, 75763.16402547433, 81563.34510451372
3111.1310000419617, 75763.16402547433, 81563.34510451372
3117.496999979019, 75763.16402547433, 81563.1498547518
3117.5069999694824, 75763.16402547433, 81563.1498547518
3117.515000104904, 75763.16402547433, 81563.1498547518
3117.5220000743866, 75763.16402547433, 81563.1498547518
3117.5270001888275, 75763.16402547433, 81563.1498547518
3117.529000043869, 75763.16402547433, 81563.1498547518
3117.542000055313, 75763.16402547433, 81563.10099024481
3117.559000015259, 75763.16402547433, 81563.10099024481
3117.569000005722, 75763.16402547433, 81562.61027964353
3117.5789999961853, 75763.16402547433, 81562.61027964353
3117.5859999656677, 75763.16402547433, 81562.03579501348
3129.4500000476837, 75763.16402547433, 81562.03579501348
3129.4539999961853, 75763.16402547433, 81562.03579501348
3129.4690001010895, 75763.16402547433, 81562.03579501348
3129.473999977112, 75763.16402547433, 81562.03579501348
3129.4769999980927, 75763.16402547433, 81562.03579501348
3129.4900000095367, 75763.16402547433, 81562.03579501348
3129.4900000095367, 75763.16402547433, 81562.03579501348
3129.5110001564026, 75763.16402547433, 81562.03579501348
3129.5230000019073, 75763.16402547433, 81562.03579501348
3129.5329999923706, 75763.16402547433, 81561.29891216528
3129.544000148773, 75763.16402547433, 81561.29891216528
3129.5570001602173, 75763.16402547433, 81561.29891216528
3129.5570001602173, 75763.16402547433, 81561.29891216528
3129.5729999542236, 75763.16402547433, 81561.29891216528
3136.361000061035, 75763.16402547433, 81561.29891216528
3136.378000020981, 75763.16402547433, 81561.29891216528
3136.3919999599457, 75763.16402547433, 81561.29891216528
3136.3919999599457, 75763.16402547433, 81561.29891216528
3136.4140000343323, 75763.16402547433, 81560.89452373965
3136.422000169754, 75763.16402547433, 81560.89452373965
3136.430999994278, 75763.16402547433, 81560.89452373965
3136.4430000782013, 75763.16402547433, 81560.89452373965
3136.4430000782013, 75763.16402547433, 81560.89452373965
3143.069000005722, 75763.16402547433, 81560.89452373965
3143.0859999656677, 75763.16402547433, 81560.89452373965
3143.090000152588, 75763.16402547433, 81560.89452373965
3143.090000152588, 75763.16402547433, 81560.89452373965
3143.1040000915527, 75763.16402547433, 81560.89452373965
3143.1240000724792, 75763.16402547433, 81560.89452373965
3143.1340000629425, 75763.16402547433, 81560.89452373965
3148.978000164032, 75763.16402547433, 81560.89452373965
3148.9880001544952, 75763.16402547433, 81560.89452373965
3148.9990000724792, 75763.16402547433, 81560.89452373965
3149.003000020981, 75763.16402547433, 81560.89452373965
3149.003000020981, 75763.16402547433, 81560.89452373965
3149.016000032425, 75763.16402547433, 81558.63380268413
3149.016000032425, 75763.16402547433, 81558.63380268413
3149.029000043869, 75763.16402547433, 81558.1880535012
3149.0350000858307, 75763.16402547433, 81558.1880535012
3155.308000087738, 75763.16402547433, 81558.1880535012
3155.315999984741, 75763.16402547433, 81558.1880535012
3155.321000099182, 75763.16402547433, 81558.1880535012
3155.321000099182, 75763.16402547433, 81558.1880535012
3155.3359999656677, 75763.16402547433, 81558.1880535012
3155.3359999656677, 75763.16402547433, 81558.1880535012
3155.3550000190735, 75763.16402547433, 81558.1880535012
3155.3600001335144, 75763.16402547433, 81558.1880535012
3155.364000082016, 75763.16402547433, 81558.1880535012
3155.3689999580383, 75763.16402547433, 81558.1880535012
3155.3760001659393, 75763.16402547433, 81558.1880535012
3155.3849999904633, 75763.16402547433, 81558.1880535012
3155.3860001564026, 75763.16402547433, 81556.5421408239
3155.401000022888, 75763.16402547433, 81556.5421408239
3162.0060000419617, 75763.16402547433, 81556.41076581627
3162.015000104904, 75763.16402547433, 81556.41076581627
3162.021000146866, 75763.16402547433, 81556.41076581627
3162.03200006485, 75763.16402547433, 81555.69731131116
3162.0370001792908, 75763.16402547433, 81555.69731131116
3162.0460000038147, 75763.16402547433, 81555.69731131116
3162.0460000038147, 75763.16402547433, 81555.69731131116
3162.0460000038147, 75763.16402547433, 81555.69731131116
3168.6050000190735, 75763.16402547433, 81555.69731131116
3168.611000061035, 75763.16402547433, 81555.69731131116
3168.6260001659393, 75763.16402547433, 81555.07648223254
3168.6260001659393, 75763.16402547433, 81555.07648223254
3168.6260001659393, 75763.16402547433, 81555.07648223254
3168.6480000019073, 75763.16402547433, 81555.07648223254
3174.7910001277924, 75763.16402547433, 81555.07648223254
3174.8020000457764, 75763.16402547433, 81555.07648223254
3174.8180000782013, 75763.16402547433, 81554.53048210734
3174.8259999752045, 75763.16402547433, 81554.53048210734
3174.8300001621246, 75763.16402547433, 81554.53048210734
3174.8300001621246, 75763.16402547433, 81554.53048210734
3174.8300001621246, 75763.16402547433, 81554.53048210734
3174.848999977112, 75763.16402547433, 81554.53048210734
3174.8580000400543, 75763.16402547433, 81554.53048210734
3174.8700001239777, 75763.16402547433, 81554.53048210734
3181.1760001182556, 75763.16402547433, 81554.53048210734
3181.1920001506805, 75763.16402547433, 81554.53048210734
3181.197000026703, 75763.16402547433, 81554.53048210734
3181.209000110626, 75763.16402547433, 81554.22600429038
3181.2109999656677, 75763.16402547433, 81554.06588010208
3181.2290000915527, 75763.16402547433, 81554.06588010208
3181.233999967575, 75763.16402547433, 81553.7929563748
3181.241000175476, 75763.16402547433, 81553.7929563748
3181.246999979019, 75763.16402547433, 81553.7929563748
3181.2510001659393, 75763.16402547433, 81553.7929563748
3181.255000114441, 75763.16402547433, 81553.7929563748
3187.670000076294, 75763.16402547433, 81553.7929563748
3187.694000005722, 75763.16402547433, 81553.23811473773
3187.710000038147, 75763.16402547433, 81553.23811473773
3187.7180001735687, 75763.16402547433, 81553.23811473773
3187.726000070572, 75763.16402547433, 81553.00793116557
3187.733999967575, 75763.16402547433, 81553.00793116557
3187.742000102997, 75763.16402547433, 81553.00793116557
3187.75, 75763.16402547433, 81553.00793116557
3187.7560000419617, 75763.16402547433, 81553.00793116557
3187.7560000419617, 75763.16402547433, 81553.00793116557
3187.7740001678467, 75763.16402547433, 81553.00793116557
3187.7799999713898, 75763.16402547433, 81553.00793116557
3187.78400015831, 75763.16402547433, 81553.00793116557
3187.7890000343323, 75763.16402547433, 81553.00793116557
3193.707000017166, 75763.16402547433, 81552.91088666173
3193.7200000286102, 75763.16402547433, 81552.91088666173
3193.725000143051, 75763.16402547433, 81552.91088666173
3193.725000143051, 75763.16402547433, 81552.91088666173
3193.739000082016, 75763.16402547433, 81552.91088666173
3193.741000175476, 75763.16402547433, 81552.91088666173
3193.765000104904, 75763.16402547433, 81552.91088666173
3193.7740001678467, 75763.16402547433, 81552.91088666173
3200.406000137329, 75763.16402547433, 81552.40095189399
3200.4240000247955, 75763.16402547433, 81552.40095189399
3200.4370000362396, 75763.16402547433, 81552.40095189399
3200.4370000362396, 75763.16402547433, 81551.83514292545
3206.552999973297, 75763.16402547433, 81551.83514292545
3206.559000015259, 75763.16402547433, 81551.83514292545
3206.559000015259, 75763.16402547433, 81551.83514292545
3206.5729999542236, 75763.16402547433, 81551.83514292545
3206.5759999752045, 75763.16402547433, 81551.83514292545
3206.5910000801086, 75763.16402547433, 81551.83514292545
3206.598999977112, 75763.16402547433, 81551.7818679423
3206.6040000915527, 75763.16402547433, 81550.43184742771
3206.608999967575, 75763.16402547433, 81550.43184742771
3206.6130001544952, 75763.16402547433, 81550.43184742771
3206.6180000305176, 75763.16402547433, 81550.43184742771
3213.021000146866, 75763.16402547433, 81550.43184742771
3213.0329999923706, 75763.16402547433, 81550.43184742771
3213.047000169754, 75763.16402547433, 81550.43184742771
3213.047000169754, 75763.16402547433, 81550.43184742771
3213.0680000782013, 75763.16402547433, 81550.43184742771
3213.0789999961853, 75763.16402547433, 81550.43184742771
3213.087000131607, 75763.16402547433, 81550.43184742771
3213.0920000076294, 75763.16402547433, 81550.43184742771
3213.0940001010895, 75763.16402547433, 81550.43184742771
3213.0940001010895, 75763.16402547433, 81550.43184742771
3213.111000061035, 75763.16402547433, 81550.43184742771
3213.125, 75763.16402547433, 81550.43184742771
3219.766000032425, 75763.16402547433, 81550.43184742771
3219.7829999923706, 75763.16402547433, 81550.43184742771
3219.7910001277924, 75763.16402547433, 81549.80237629064
3219.800000190735, 75763.16402547433, 81549.80237629064
3219.809000015259, 75763.16402547433, 81549.31557546358
3219.809000015259, 75763.16402547433, 81549.25135644006
3219.8280000686646, 75763.16402547433, 81549.21295754368
3226.111000061035, 75763.16402547433, 81549.21295754368
3226.114000082016, 75763.16402547433, 81549.21295754368
3226.1340000629425, 75763.16402547433, 81549.21295754368
3226.1470000743866, 75763.16402547433, 81549.21295754368
3226.151000022888, 75763.16402547433, 81549.21295754368
3232.425000190735, 75763.16402547433, 81549.21295754368
3232.444000005722, 75763.16402547433, 81549.21295754368
3232.459000110626, 75763.16402547433, 81549.21295754368
3232.463000059128, 75763.16402547433, 81549.21295754368
3232.478000164032, 75763.16402547433, 81549.21295754368
3232.491000175476, 75763.16402547433, 81547.93899773742
3232.4990000724792, 75763.16402547433, 81547.93899773742
3232.50400018692, 75763.16402547433, 81547.93899773742
3232.5110001564026, 75763.16402547433, 81547.3573381145
3238.922000169754, 75763.16402547433, 81547.30715353519
3238.9370000362396, 75763.16402547433, 81547.30715353519
3238.9430000782013, 75763.16402547433, 81547.30715353519
3238.9580001831055, 75763.16402547433, 81547.30715353519
3238.9580001831055, 75763.16402547433, 81547.30715353519
3238.9769999980927, 75763.16402547433, 81547.30715353519
3238.9880001544952, 75763.16402547433, 81547.30715353519
3239.0010001659393, 75763.16402547433, 81547.30715353519
3239.013000011444, 75763.16402547433, 81547.30715353519
3239.0220000743866, 75763.16402547433, 81547.30715353519
3239.0220000743866, 75763.16402547433, 81547.30715353519
3239.039999961853, 75763.16402547433, 81547.18211588108
3239.039999961853, 75763.16402547433, 81547.18211588108
3239.039999961853, 75763.16402547433, 81547.18211588108
3239.055999994278, 75763.16402547433, 81547.18211588108
3239.060000181198, 75763.16402547433, 81547.18211588108
3239.0640001296997, 75763.16402547433, 81547.18211588108
3239.0680000782013, 75763.16402547433, 81547.18211588108
3239.0729999542236, 75763.16402547433, 81547.18211588108
3239.074000120163, 75763.16402547433, 81547.18211588108
3239.074000120163, 75763.16402547433, 81547.18211588108
3239.074000120163, 75763.16402547433, 81547.18211588108
3239.0889999866486, 75763.16402547433, 81546.5057310378
3245.768000125885, 75763.16402547433, 81546.5057310378
3245.7850000858307, 75763.16402547433, 81546.5057310378
3245.7880001068115, 75763.16402547433, 81546.5057310378
3245.7880001068115, 75763.16402547433, 81546.5057310378
3245.808000087738, 75763.16402547433, 81546.5057310378
3245.821000099182, 75763.16402547433, 81546.5057310378
3245.834000110626, 75763.16402547433, 81546.5057310378
3245.8359999656677, 75763.16402547433, 81546.5057310378
3245.8580000400543, 75763.16402547433, 81546.21341693708
3245.8680000305176, 75763.16402547433, 81546.21341693708
3245.875, 75763.16402547433, 81546.21341693708
3245.8860001564026, 75763.16402547433, 81545.9971215255
3245.896000146866, 75763.16402547433, 81545.9971215255
3245.9020001888275, 75763.16402547433, 81545.9971215255
3245.90700006485, 75763.16402547433, 81545.9971215255
3252.332000017166, 75763.16402547433, 81545.9971215255
3252.348000049591, 75763.16402547433, 81545.9971215255
3252.356000185013, 75763.16402547433, 81545.9971215255
3252.361999988556, 75763.16402547433, 81545.9971215255
3252.3830001354218, 75763.16402547433, 81545.9971215255
3252.396000146866, 75763.16402547433, 81545.45311627793
3252.406000137329, 75763.16402547433, 81545.45311627793
3258.5510001182556, 75763.16402547433, 81544.89121161959
3258.5670001506805, 75763.16402547433, 81544.89121161959
3258.5680000782013, 75763.16402547433, 81544.89121161959
3258.590000152588, 75763.16402547433, 81544.89121161959
3258.6080000400543, 75763.16402547433, 81544.89121161959
3258.617000102997, 75763.16402547433, 81544.89121161959
3258.617000102997, 75763.16402547433, 81544.89121161959
3258.6330001354218, 75763.16402547433, 81544.89121161959
3265.3600001335144, 75763.16402547433, 81543.8947821433
3265.3740000724792, 75763.16402547433, 81543.8947821433
3265.3830001354218, 75763.16402547433, 81543.8947821433
3265.3830001354218, 75763.16402547433, 81543.8947821433
3265.404000043869, 75763.16402547433, 81543.8947821433
3265.414999961853, 75763.16402547433, 81543.8947821433
3265.425000190735, 75763.16402547433, 81543.8947821433
3265.433000087738, 75763.16402547433, 81543.8947821433
3265.433000087738, 75763.16402547433, 81542.89816855737
3271.9260001182556, 75763.16402547433, 81542.89816855737
3271.9320001602173, 75763.16402547433, 81542.8811818587
3271.944000005722, 75763.16402547433, 81542.8811818587
3271.949000120163, 75763.16402547433, 81542.8811818587
3271.949000120163, 75763.16402547433, 81542.8811818587
3278.6930000782013, 75763.16402547433, 81542.60918365118
3278.713000059128, 75763.16402547433, 81542.17871000986
3278.726000070572, 75763.16402547433, 81542.09677300011
3285.082000017166, 75763.16402547433, 81542.09677300011
3285.100000143051, 75763.16402547433, 81540.62789231937
3285.111000061035, 75763.16402547433, 81540.62789231937
3285.1200001239777, 75763.16402547433, 81540.62789231937
3285.1200001239777, 75763.16402547433, 81540.62789231937
3285.1370000839233, 75763.16402547433, 81540.62789231937
3285.146000146866, 75763.16402547433, 81540.62789231937
3285.151000022888, 75763.16402547433, 81540.62789231937
3285.1600000858307, 75763.16402547433, 81540.62789231937
3285.170000076294, 75763.16402547433, 81539.95642749411
3291.7290000915527, 75763.16402547433, 81539.90272256779
3291.7290000915527, 75763.16402547433, 81539.90272256779
3291.75, 75763.16402547433, 81539.90272256779
3291.75, 75763.16402547433, 81539.90272256779
3291.765000104904, 75763.16402547433, 81539.90272256779
3291.765000104904, 75763.16402547433, 81539.90272256779
3291.7860000133514, 75763.16402547433, 81539.90272256779
3291.7910001277924, 75763.16402547433, 81539.90272256779
3291.795000076294, 75763.16402547433, 81539.90272256779
3291.8040001392365, 75763.16402547433, 81539.90272256779
3291.8120000362396, 75763.16402547433, 81539.90272256779
3291.8150000572205, 75763.16402547433, 81539.90272256779
3297.933000087738, 75763.16402547433, 81538.69103009663
3297.934000015259, 75763.16402547433, 81538.69103009663
3297.9500000476837, 75763.16402547433, 81538.69103009663
3297.9539999961853, 75763.16402547433, 81538.69103009663
3297.9539999961853, 75763.16402547433, 81538.69103009663
3297.975000143051, 75763.16402547433, 81538.69103009663
3297.986999988556, 75763.16402547433, 81538.69103009663
3298.00200009346, 75763.16402547433, 81538.68111872862
3298.0099999904633, 75763.16402547433, 81538.48152680934
3298.015000104904, 75763.16402547433, 81538.48152680934
3304.433000087738, 75763.16402547433, 81538.48152680934
3304.4479999542236, 75763.16402547433, 81538.48152680934
3304.4539999961853, 75763.16402547433, 81538.48152680934
3304.4539999961853, 75763.16402547433, 81538.48152680934
3304.4639999866486, 75763.16402547433, 81538.1311662161
3304.4639999866486, 75763.16402547433, 81538.1311662161
3304.4830000400543, 75763.16402547433, 81538.1311662161
3304.4960000514984, 75763.16402547433, 81538.1311662161
3304.50400018692, 75763.16402547433, 81538.1311662161
3304.5099999904633, 75763.16402547433, 81538.1311662161
3304.5110001564026, 75763.16402547433, 81538.1311662161
3304.5110001564026, 75763.16402547433, 81538.1311662161
3304.5110001564026, 75763.16402547433, 81538.1311662161
3304.5280001163483, 75763.16402547433, 81538.1311662161
3304.5280001163483, 75763.16402547433, 81538.00310578595
3304.545000076294, 75763.16402547433, 81537.99913548895
3304.545000076294, 75763.16402547433, 81537.99913548895
3310.8830001354218, 75763.16402547433, 81537.81894360612
3310.8860001564026, 75763.16402547433, 81537.81894360612
3310.901000022888, 75763.16402547433, 81537.81894360612
3310.914999961853, 75763.16402547433, 81537.61093471613
3310.923000097275, 75763.16402547433, 81537.61093471613
3310.9320001602173, 75763.16402547433, 81537.61093471613
3310.9400000572205, 75763.16402547433, 81537.43257889354
3310.9479999542236, 75763.16402547433, 81537.43257889354
3310.9539999961853, 75763.16402547433, 81537.43257889354
3310.962000131607, 75763.16402547433, 81537.43257889354
3310.9660000801086, 75763.16402547433, 81537.43257889354
3317.184000015259, 75763.16402547433, 81537.43257889354
3317.2009999752045, 75763.16402547433, 81537.43257889354
3317.2009999752045, 75763.16402547433, 81537.43257889354
3317.2220001220703, 75763.16402547433, 81537.39858119884
3317.2220001220703, 75763.16402547433, 81537.39858119884
3317.239000082016, 75763.16402547433, 81537.39858119884
3317.2560000419617, 75763.16402547433, 81537.39858119884
3317.2669999599457, 75763.16402547433, 81537.39858119884
3317.279000043869, 75763.16402547433, 81537.39858119884
3323.6640000343323, 75763.16402547433, 81536.35493982711
3323.672000169754, 75763.16402547433, 81536.35493982711
3323.6890001296997, 75763.16402547433, 81536.35493982711
3323.6930000782013, 75763.16402547433, 81536.35493982711
3323.7060000896454, 75763.16402547433, 81536.35493982711
3323.7080001831055, 75763.16402547433, 81536.35493982711
3323.7220001220703, 75763.16402547433, 81536.35493982711
3323.7320001125336, 75763.16402547433, 81536.35493982711
3323.7430000305176, 75763.16402547433, 81535.9672360425
3323.75, 75763.16402547433, 81535.9672360425
3323.7560000419617, 75763.16402547433, 81535.70582960777
3330.2000000476837, 75763.16402547433, 81535.70582960777
3330.2000000476837, 75763.16402547433, 81535.70582960777
3330.2300000190735, 75763.16402547433, 81535.70582960777
3330.25, 75763.16402547433, 81535.70582960777
3330.2610001564026, 75763.16402547433, 81535.70582960777
3330.2669999599457, 75763.16402547433, 81535.70582960777
3330.2730000019073, 75763.16402547433, 81535.70582960777
3330.279000043869, 75763.16402547433, 81535.70582960777
3330.2860000133514, 75763.16402547433, 81535.70582960777
3330.2860000133514, 75763.16402547433, 81535.70582960777
3330.3010001182556, 75763.16402547433, 81535.70582960777
3330.3170001506805, 75763.16402547433, 81535.70582960777
3336.7490000724792, 75763.16402547433, 81535.44717797353
3336.7640001773834, 75763.16402547433, 81535.44717797353
3336.7690000534058, 75763.16402547433, 81535.44717797353
3336.7690000534058, 75763.16402547433, 81535.44717797353
3336.7910001277924, 75763.16402547433, 81535.44717797353
3336.798000097275, 75763.16402547433, 81535.44717797353
3336.8040001392365, 75763.16402547433, 81535.44717797353
3336.8140001296997, 75763.16402547433, 81534.89509896953
3336.8170001506805, 75763.16402547433, 81534.89509896953
3336.8330001831055, 75763.16402547433, 81534.89509896953
3336.8330001831055, 75763.16402547433, 81534.70880185984
3336.8330001831055, 75763.16402547433, 81534.70880185984
3336.850000143051, 75763.16402547433, 81534.70880185984
3336.850000143051, 75763.16402547433, 81534.70880185984
3336.850000143051, 75763.16402547433, 81534.70880185984
3343.5329999923706, 75763.16402547433, 81534.70880185984
3343.550000190735, 75763.16402547433, 81534.70880185984
3343.5650000572205, 75763.16402547433, 81534.70880185984
3350.0750000476837, 75763.16402547433, 81534.70880185984
3350.090000152588, 75763.16402547433, 81534.70880185984
3350.100000143051, 75763.16402547433, 81534.70880185984
3350.100000143051, 75763.16402547433, 81534.70880185984
3350.111999988556, 75763.16402547433, 81534.70880185984
3350.111999988556, 75763.16402547433, 81534.70880185984
3350.1340000629425, 75763.16402547433, 81534.70880185984
3350.1449999809265, 75763.16402547433, 81534.70880185984
3356.295000076294, 75763.16402547433, 81534.26343692547
3356.2990000247955, 75763.16402547433, 81534.26343692547
3356.3180000782013, 75763.16402547433, 81534.26343692547
3356.334000110626, 75763.16402547433, 81534.26343692547
3356.3450000286102, 75763.16402547433, 81534.26343692547
3356.3570001125336, 75763.16402547433, 81534.26343692547
3356.367000102997, 75763.16402547433, 81534.26343692547
3356.3680000305176, 75763.16402547433, 81534.26343692547
3356.3830001354218, 75763.16402547433, 81533.35449138981
3356.3830001354218, 75763.16402547433, 81533.35449138981
3356.4000000953674, 75763.16402547433, 81533.35449138981
3362.861999988556, 75763.16402547433, 81533.35449138981
3362.87900018692, 75763.16402547433, 81533.35449138981
3362.87900018692, 75763.16402547433, 81533.35449138981
3362.891000032425, 75763.16402547433, 81533.35449138981
3362.8990001678467, 75763.16402547433, 81533.35449138981
3362.9110000133514, 75763.16402547433, 81533.35449138981
3362.930999994278, 75763.16402547433, 81532.49056687769
3362.9420001506805, 75763.16402547433, 81532.49056687769
3369.8120000362396, 75763.16402547433, 81532.49056687769
3369.8180000782013, 75763.16402547433, 81532.49056687769
3369.845999956131, 75763.16402547433, 81531.79372233656
3369.848000049591, 75763.16402547433, 81531.4082103444
3369.867000102997, 75763.16402547433, 81531.4082103444
3369.87700009346, 75763.16402547433, 81531.4082103444
3369.8890001773834, 75763.16402547433, 81531.4082103444
3376.483999967575, 75763.16402547433, 81531.4082103444
3376.4939999580383, 75763.16402547433, 81531.4082103444
3376.5, 75763.16402547433, 81531.4082103444
3376.505000114441, 75763.16402547433, 81531.4082103444
3376.5110001564026, 75763.16402547433, 81531.4082103444
3376.5110001564026, 75763.16402547433, 81531.4082103444
3376.5230000019073, 75763.16402547433, 81531.4082103444
3376.5390000343323, 75763.16402547433, 81531.4082103444
3376.5460000038147, 75763.16402547433, 81531.4082103444
3376.552999973297, 75763.16402547433, 81531.4082103444
3376.560000181198, 75763.16402547433, 81529.41436592767
3376.5650000572205, 75763.16402547433, 81529.41436592767
3376.574000120163, 75763.16402547433, 81529.41436592767
3376.574000120163, 75763.16402547433, 81529.41436592767
3383.2290000915527, 75763.16402547433, 81529.41436592767
3383.246999979019, 75763.16402547433, 81529.41436592767
3383.263000011444, 75763.16402547433, 81529.41436592767
3383.2730000019073, 75763.16402547433, 81529.41436592767
3383.28400015831, 75763.16402547433, 81529.41436592767
3383.294000148773, 75763.16402547433, 81529.41436592767
3383.3040001392365, 75763.16402547433, 81529.41436592767
3383.310000181198, 75763.16402547433, 81529.41436592767
3383.310000181198, 75763.16402547433, 81529.41436592767
3383.3259999752045, 75763.16402547433, 81529.41436592767
3389.651000022888, 75763.16402547433, 81528.35897940914
3389.651000022888, 75763.16402547433, 81528.35897940914
3389.667000055313, 75763.16402547433, 81528.35897940914
3389.673000097275, 75763.16402547433, 81528.35897940914
3389.673000097275, 75763.16402547433, 81528.35897940914
3389.685000181198, 75763.16402547433, 81528.35897940914
3389.686000108719, 75763.16402547433, 81528.35897940914
3389.702000141144, 75763.16402547433, 81528.35897940914
3389.7109999656677, 75763.16402547433, 81528.35897940914
3389.7220001220703, 75763.16402547433, 81528.35897940914
3389.736000061035, 75763.16402547433, 81528.35897940914
3389.736000061035, 75763.16402547433, 81528.35897940914
3389.736000061035, 75763.16402547433, 81528.35897940914
3389.7510001659393, 75763.16402547433, 81528.35897940914
3389.7510001659393, 75763.16402547433, 81527.67816838343
3396.5460000038147, 75763.16402547433, 81527.67816838343
3396.5570001602173, 75763.16402547433, 81527.67816838343
3396.571000099182, 75763.16402547433, 81527.67816838343
3396.571000099182, 75763.16402547433, 81527.55084378626
3396.5910000801086, 75763.16402547433, 81527.52205945142
3403.0759999752045, 75763.16402547433, 81526.73480187189
3403.0780000686646, 75763.16402547433, 81526.73480187189
3403.0970001220703, 75763.16402547433, 81526.73480187189
3403.098999977112, 75763.16402547433, 81526.73480187189
3403.114000082016, 75763.16402547433, 81526.73480187189
3403.114000082016, 75763.16402547433, 81526.73480187189
3403.1260001659393, 75763.16402547433, 81526.73480187189
3403.130000114441, 75763.16402547433, 81526.73480187189
3403.138000011444, 75763.16402547433, 81526.52065298756
3403.1500000953674, 75763.16402547433, 81526.52065298756
3403.1640000343323, 75763.16402547433, 81526.52065298756
3403.177999973297, 75763.16402547433, 81526.52065298756
3403.177999973297, 75763.16402547433, 81526.52065298756
3403.177999973297, 75763.16402547433, 81526.52065298756
3403.197000026703, 75763.16402547433, 81526.52065298756
3403.2050001621246, 75763.16402547433, 81526.52065298756
3403.212000131607, 75763.16402547433, 81526.52065298756
3403.2180001735687, 75763.16402547433, 81526.52065298756
3403.223999977112, 75763.16402547433, 81526.52065298756
3410.7960000038147, 75763.16402547433, 81525.9700695881
3410.8170001506805, 75763.16402547433, 81525.85913305375
3410.8330001831055, 75763.16402547433, 81525.85913305375
3416.7380001544952, 75763.16402547433, 81525.84043214195
3416.741000175476, 75763.16402547433, 81525.72991248059
3416.7590000629425, 75763.16402547433, 81525.72991248059
3416.7590000629425, 75763.16402547433, 81525.72991248059
3416.7799999713898, 75763.16402547433, 81525.72991248059
3416.7890000343323, 75763.16402547433, 81525.72991248059
3416.800000190735, 75763.16402547433, 81525.2429132341
3416.8070001602173, 75763.16402547433, 81525.2429132341
3416.8150000572205, 75763.16402547433, 81525.2429132341
3416.8259999752045, 75763.16402547433, 81525.16911817994
3423.321000099182, 75763.16402547433, 81525.1125334255
3423.3310000896454, 75763.16402547433, 81525.1125334255
3423.338000059128, 75763.16402547433, 81525.1125334255
3423.338000059128, 75763.16402547433, 81525.1125334255
3423.356000185013, 75763.16402547433, 81525.0319766412
3423.371999979019, 75763.16402547433, 81525.0319766412
3423.3830001354218, 75763.16402547433, 81525.0319766412
3423.3870000839233, 75763.16402547433, 81524.46509928061
3430.141000032425, 75763.16402547433, 81524.31402496577
3430.156000137329, 75763.16402547433, 81524.31402496577
3430.167000055313, 75763.16402547433, 81524.31402496577
3430.1790001392365, 75763.16402547433, 81524.12354709468
3430.194000005722, 75763.16402547433, 81524.12354709468
3430.2030000686646, 75763.16402547433, 81524.12354709468
3430.2030000686646, 75763.16402547433, 81524.12354709468
3437.016000032425, 75763.16402547433, 81524.12354709468
3437.0329999923706, 75763.16402547433, 81524.12354709468
3437.0490000247955, 75763.16402547433, 81524.12354709468
3437.061000108719, 75763.16402547433, 81524.12354709468
3437.069000005722, 75763.16402547433, 81524.12354709468
3437.085000038147, 75763.16402547433, 81524.12354709468
3437.085000038147, 75763.16402547433, 81524.12354709468
3437.1080000400543, 75763.16402547433, 81524.12354709468
3437.1180000305176, 75763.16402547433, 81524.12354709468
3437.12700009346, 75763.16402547433, 81524.12354709468
3437.138000011444, 75763.16402547433, 81524.12354709468
3437.1440000534058, 75763.16402547433, 81524.12354709468
3437.1480000019073, 75763.16402547433, 81524.12354709468
3443.6449999809265, 75763.16402547433, 81522.97330908265
3443.65900015831, 75763.16402547433, 81522.97330908265
3443.673000097275, 75763.16402547433, 81522.97330908265
3443.6770000457764, 75763.16402547433, 81522.46464826522
3443.699000120163, 75763.16402547433, 81522.46464826522
3443.7060000896454, 75763.16402547433, 81522.46464826522
3443.712000131607, 75763.16402547433, 81522.46464826522
3443.7170000076294, 75763.16402547433, 81522.46464826522
3443.7269999980927, 75763.16402547433, 81522.46464826522
3443.728000164032, 75763.16402547433, 81522.46464826522
3443.7439999580383, 75763.16402547433, 81522.46464826522
3443.7610001564026, 75763.16402547433, 81522.46464826522
3450.606000185013, 75763.16402547433, 81521.78846995044
3450.616000175476, 75763.16402547433, 81521.78846995044
3450.62700009346, 75763.16402547433, 81521.78846995044
3450.6330001354218, 75763.16402547433, 81521.78846995044
3450.6480000019073, 75763.16402547433, 81521.73710264124
3450.6480000019073, 75763.16402547433, 81521.73710264124
3450.6480000019073, 75763.16402547433, 81521.73710264124
3450.667999982834, 75763.16402547433, 81521.73710264124
3450.673000097275, 75763.16402547433, 81521.73710264124
3450.6770000457764, 75763.16402547433, 81521.73710264124
3450.680999994278, 75763.16402547433, 81521.73710264124
3450.6870000362396, 75763.16402547433, 81521.73710264124
3450.690999984741, 75763.16402547433, 81521.73710264124
3450.6979999542236, 75763.16402547433, 81521.73710264124
3450.6979999542236, 75763.16402547433, 81521.73710264124
3450.7139999866486, 75763.16402547433, 81520.64181676836
3450.7180001735687, 75763.16402547433, 81520.64181676836
3457.2860000133514, 75763.16402547433, 81520.52628874747
3457.305999994278, 75763.16402547433, 81520.52628874747
3457.3150000572205, 75763.16402547433, 81520.52628874747
3457.3150000572205, 75763.16402547433, 81520.52628874747
3457.334000110626, 75763.16402547433, 81520.42212129943
3457.3410000801086, 75763.16402547433, 81520.42212129943
3463.9000000953674, 75763.16402547433, 81520.2865835945
3463.90700006485, 75763.16402547433, 81520.2865835945
3463.919000148773, 75763.16402547433, 81520.2865835945
3463.9260001182556, 75763.16402547433, 81520.2865835945
3463.9260001182556, 75763.16402547433, 81520.23631711029
3463.947000026703, 75763.16402547433, 81520.23631711029
3463.957000017166, 75763.16402547433, 81520.12639360219
3470.9240000247955, 75763.16402547433, 81520.12639360219
3470.934000015259, 75763.16402547433, 81520.12639360219
3470.9400000572205, 75763.16402547433, 81520.12639360219
3470.946000099182, 75763.16402547433, 81520.12639360219
3470.9560000896454, 75763.16402547433, 81519.28402744411
3470.976000070572, 75763.16402547433, 81519.28402744411
3470.989000082016, 75763.16402547433, 81519.28402744411
3470.996999979019, 75763.16402547433, 81519.28402744411
3471.005000114441, 75763.16402547433, 81519.28402744411
3471.0120000839233, 75763.16402547433, 81519.28402744411
3471.0190000534058, 75763.16402547433, 81519.28402744411
3471.0230000019073, 75763.16402547433, 81519.28402744411
3471.0299999713898, 75763.16402547433, 81519.28402744411
3471.0380001068115, 75763.16402547433, 81519.28402744411
3471.047000169754, 75763.16402547433, 81519.28402744411
3471.055999994278, 75763.16402547433, 81519.28402744411
3471.055999994278, 75763.16402547433, 81519.02227100388
3471.0729999542236, 75763.16402547433, 81519.02227100388
3471.0750000476837, 75763.16402547433, 81519.02227100388
3471.0750000476837, 75763.16402547433, 81519.02227100388
3477.8970000743866, 75763.16402547433, 81518.69225911477
3477.920000076294, 75763.16402547433, 81518.69225911477
3477.930000066757, 75763.16402547433, 81518.69225911477
3477.944000005722, 75763.16402547433, 81518.44726594101
3477.9479999542236, 75763.16402547433, 81518.44726594101
3477.963000059128, 75763.16402547433, 81518.44726594101
3477.970999956131, 75763.16402547433, 81518.300406907
3477.986000061035, 75763.16402547433, 81518.300406907
3485.00200009346, 75763.16402547433, 81517.73827417403
3485.015000104904, 75763.16402547433, 81517.73827417403
3485.0220000743866, 75763.16402547433, 81517.73827417403
3485.03400015831, 75763.16402547433, 81517.71388149253
3485.0520000457764, 75763.16402547433, 81517.71388149253
3485.0620000362396, 75763.16402547433, 81517.71388149253
3485.072000026703, 75763.16402547433, 81517.71388149253
3485.0830001831055, 75763.16402547433, 81517.71388149253
3485.0830001831055, 75763.16402547433, 81517.71388149253
3491.680999994278, 75763.16402547433, 81517.6089504698
3491.6979999542236, 75763.16402547433, 81517.6089504698
3491.7160000801086, 75763.16402547433, 81517.19746827178
3491.7190001010895, 75763.16402547433, 81517.19746827178
3491.7320001125336, 75763.16402547433, 81517.12933370285
3491.7350001335144, 75763.16402547433, 81517.12933370285
3491.75, 75763.16402547433, 81517.12933370285
3491.7560000419617, 75763.16402547433, 81517.12933370285
3491.763000011444, 75763.16402547433, 81517.12933370285
3491.7740001678467, 75763.16402547433, 81517.12933370285
3491.78400015831, 75763.16402547433, 81517.12933370285
3498.3280000686646, 75763.16402547433, 81517.01096713914
3498.340000152588, 75763.16402547433, 81517.01096713914
3498.3450000286102, 75763.16402547433, 81517.01096713914
3498.3630001544952, 75763.16402547433, 81517.01096713914
3498.3819999694824, 75763.16402547433, 81517.01096713914
3498.390000104904, 75763.16402547433, 81517.01096713914
3498.3980000019073, 75763.16402547433, 81517.01096713914
3498.4100000858307, 75763.16402547433, 81517.01096713914
3505.0830001831055, 75763.16402547433, 81517.01096713914
3505.095999956131, 75763.16402547433, 81517.01096713914
3505.095999956131, 75763.16402547433, 81517.01096713914
3505.1130001544952, 75763.16402547433, 81517.01096713914
3505.114000082016, 75763.16402547433, 81517.01096713914
3505.114000082016, 75763.16402547433, 81517.01096713914
3505.1330001354218, 75763.16402547433, 81516.37665926485
3505.1370000839233, 75763.16402547433, 81516.37665926485
3505.146000146866, 75763.16402547433, 81516.37665926485
3505.1530001163483, 75763.16402547433, 81516.37665926485
3505.15900015831, 75763.16402547433, 81516.37665926485
3505.167999982834, 75763.16402547433, 81516.32968588528
3505.1790001392365, 75763.16402547433, 81515.5574287409
3505.1879999637604, 75763.16402547433, 81515.5574287409
3505.1920001506805, 75763.16402547433, 81515.5574287409
3511.888000011444, 75763.16402547433, 81515.5574287409
3511.9030001163483, 75763.16402547433, 81515.5574287409
3511.9140000343323, 75763.16402547433, 81515.5574287409
3511.9160001277924, 75763.16402547433, 81515.5574287409
3511.935000181198, 75763.16402547433, 81515.5574287409
3511.947000026703, 75763.16402547433, 81515.5574287409
3511.9530000686646, 75763.16402547433, 81515.5574287409
3511.9580001831055, 75763.16402547433, 81515.5574287409
3511.963000059128, 75763.16402547433, 81515.5574287409
3511.9639999866486, 75763.16402547433, 81515.5574287409
3511.9850001335144, 75763.16402547433, 81515.5574287409
3511.986000061035, 75763.16402547433, 81515.5574287409
3518.6230001449585, 75763.16402547433, 81515.5574287409
3518.6319999694824, 75763.16402547433, 81515.5574287409
3518.6470000743866, 75763.16402547433, 81515.5574287409
3518.667999982834, 75763.16402547433, 81515.5574287409
3518.677999973297, 75763.16402547433, 81514.81523578441
3525.6340000629425, 75763.16402547433, 81514.49482036877
3525.640000104904, 75763.16402547433, 81514.49482036877
3525.6490001678467, 75763.16402547433, 81514.49482036877
3525.654000043869, 75763.16402547433, 81514.49482036877
3525.654000043869, 75763.16402547433, 81514.49482036877
3525.6710000038147, 75763.16402547433, 81514.49482036877
3525.680000066757, 75763.16402547433, 81514.49482036877
3525.685000181198, 75763.16402547433, 81514.49482036877
3525.6900000572205, 75763.16402547433, 81514.49482036877
3525.694000005722, 75763.16402547433, 81514.49482036877
3525.6979999542236, 75763.16402547433, 81514.49482036877
3525.702000141144, 75763.16402547433, 81514.49482036877
3525.7030000686646, 75763.16402547433, 81514.49482036877
3525.7030000686646, 75763.16402547433, 81514.49482036877
3525.7030000686646, 75763.16402547433, 81514.49482036877
3525.7220001220703, 75763.16402547433, 81514.05390154895
3525.7320001125336, 75763.16402547433, 81514.05390154895
3525.739000082016, 75763.16402547433, 81514.05390154895
3525.7430000305176, 75763.16402547433, 81514.05390154895
3525.75, 75763.16402547433, 81514.05390154895
3525.7599999904633, 75763.16402547433, 81514.05390154895
3525.766000032425, 75763.16402547433, 81514.05390154895
3532.4320001602173, 75763.16402547433, 81513.6460138482
3532.440999984741, 75763.16402547433, 81513.6460138482
3532.4500000476837, 75763.16402547433, 81513.6460138482
3532.4509999752045, 75763.16402547433, 81513.6460138482
3532.4670000076294, 75763.16402547433, 81513.6460138482
3532.4700000286102, 75763.16402547433, 81513.6460138482
3532.4880001544952, 75763.16402547433, 81513.6460138482
3532.5, 75763.16402547433, 81513.6460138482
3532.5140001773834, 75763.16402547433, 81513.6460138482
3532.515000104904, 75763.16402547433, 81512.84759597221
3532.53200006485, 75763.16402547433, 81512.64553106054
3539.1900000572205, 75763.16402547433, 81512.61441892924
3539.199000120163, 75763.16402547433, 81512.61441892924
3539.2050001621246, 75763.16402547433, 81512.61441892924
3539.212000131607, 75763.16402547433, 81512.61441892924
3539.215000152588, 75763.16402547433, 81512.2326907311
3539.231000185013, 75763.16402547433, 81512.2326907311
3539.231000185013, 75763.16402547433, 81512.2326907311
3539.246999979019, 75763.16402547433, 81512.2326907311
3539.253000020981, 75763.16402547433, 81512.2326907311
3539.268000125885, 75763.16402547433, 81512.2326907311
3539.28200006485, 75763.16402547433, 81512.22276672609
3539.297000169754, 75763.16402547433, 81512.22276672609
3539.297000169754, 75763.16402547433, 81512.22276672609
3539.3150000572205, 75763.16402547433, 81512.22276672609
3539.332000017166, 75763.16402547433, 81512.22276672609
3539.348999977112, 75763.16402547433, 81512.22276672609
3539.366000175476, 75763.16402547433, 81511.5917949178
3539.378000020981, 75763.16402547433, 81511.5917949178
3545.9639999866486, 75763.16402547433, 81511.5917949178
3545.989000082016, 75763.16402547433, 81511.5917949178
3545.9990000724792, 75763.16402547433, 81511.57274463167
3546.0140001773834, 75763.16402547433, 81511.56241639852
3546.0299999713898, 75763.16402547433, 81511.56241639852
3546.039999961853, 75763.16402547433, 81511.56241639852
3546.0510001182556, 75763.16402547433, 81511.56241639852
3552.866000175476, 75763.16402547433, 81511.32846197524
3552.8760001659393, 75763.16402547433, 81511.32846197524
3552.8830001354218, 75763.16402547433, 81511.32846197524
3552.8860001564026, 75763.16402547433, 81511.32846197524
3552.901000022888, 75763.16402547433, 81511.32846197524
3552.901000022888, 75763.16402547433, 81511.32846197524
3552.917000055313, 75763.16402547433, 81511.32846197524
3552.9270000457764, 75763.16402547433, 81511.32846197524
3552.935000181198, 75763.16402547433, 81511.32846197524
3552.9400000572205, 75763.16402547433, 81511.32846197524
3552.9450001716614, 75763.16402547433, 81511.32846197524
3552.9509999752045, 75763.16402547433, 81511.32846197524
3552.952000141144, 75763.16402547433, 81511.32846197524
3552.952000141144, 75763.16402547433, 81511.32846197524
3552.973000049591, 75763.16402547433, 81511.12757443915
3552.986999988556, 75763.16402547433, 81511.12757443915
3552.9960000514984, 75763.16402547433, 81511.12757443915
3553.0, 75763.16402547433, 81511.12757443915
3553.005000114441, 75763.16402547433, 81511.12757443915
3553.013000011444, 75763.16402547433, 81511.12757443915
3553.0199999809265, 75763.16402547433, 81511.12757443915
3553.0199999809265, 75763.16402547433, 81511.12757443915
3553.0199999809265, 75763.16402547433, 81511.12757443915
3553.0350000858307, 75763.16402547433, 81511.12757443915
3553.0350000858307, 75763.16402547433, 81511.12757443915
3553.0520000457764, 75763.16402547433, 81510.68037374974
3559.7050001621246, 75763.16402547433, 81510.68037374974
3559.7160000801086, 75763.16402547433, 81510.31869501552
3559.720999956131, 75763.16402547433, 81510.31869501552
3559.7350001335144, 75763.16402547433, 81510.31869501552
3559.7350001335144, 75763.16402547433, 81510.31869501552
3559.75, 75763.16402547433, 81510.31869501552
3559.7569999694824, 75763.16402547433, 81510.31869501552
3559.763000011444, 75763.16402547433, 81510.31869501552
3559.7690000534058, 75763.16402547433, 81510.31869501552
3559.7799999713898, 75763.16402547433, 81510.31869501552
3559.7870001792908, 75763.16402547433, 81510.31869501552
3559.7870001792908, 75763.16402547433, 81510.31869501552
3559.7870001792908, 75763.16402547433, 81509.91181020506
3559.8020000457764, 75763.16402547433, 81509.91181020506
3566.289999961853, 75763.16402547433, 81509.91181020506
3566.298000097275, 75763.16402547433, 81509.91181020506
3566.308000087738, 75763.16402547433, 81509.91181020506
3566.3150000572205, 75763.16402547433, 81509.91181020506
3566.319000005722, 75763.16402547433, 81509.91181020506
3566.335000038147, 75763.16402547433, 81509.91181020506
3566.348999977112, 75763.16402547433, 81509.91181020506
3566.361999988556, 75763.16402547433, 81509.68984556317
3566.367000102997, 75763.16402547433, 81509.42910642798
3566.367000102997, 75763.16402547433, 81509.42910642798
3566.367000102997, 75763.16402547433, 81509.42910642798
3566.3830001354218, 75763.16402547433, 81509.42910642798
3566.3890001773834, 75763.16402547433, 81509.42910642798
3566.3890001773834, 75763.16402547433, 81509.42910642798
3573.0629999637604, 75763.16402547433, 81509.31124163316
3573.0800001621246, 75763.16402547433, 81509.31124163316
3573.0930001735687, 75763.16402547433, 81509.31124163316
3573.100000143051, 75763.16402547433, 81509.31124163316
3573.100000143051, 75763.16402547433, 81509.31124163316
3573.1150000095367, 75763.16402547433, 81509.31124163316
3573.1150000095367, 75763.16402547433, 81509.31124163316
3573.1340000629425, 75763.16402547433, 81509.31124163316
3573.1390001773834, 75763.16402547433, 81509.31124163316
3573.1449999809265, 75763.16402547433, 81509.31124163316
3573.1520001888275, 75763.16402547433, 81508.21208257282
3579.726000070572, 75763.16402547433, 81508.21208257282
3579.736000061035, 75763.16402547433, 81508.21208257282
3579.7490000724792, 75763.16402547433, 81508.21208257282
3579.7640001773834, 75763.16402547433, 81508.21208257282
3579.7750000953674, 75763.16402547433, 81508.21208257282
3579.78400015831, 75763.16402547433, 81508.21208257282
3579.7890000343323, 75763.16402547433, 81508.21208257282
3579.794000148773, 75763.16402547433, 81508.21208257282
3579.800000190735, 75763.16402547433, 81508.21208257282
3579.800000190735, 75763.16402547433, 81507.94725078912
3586.0910000801086, 75763.16402547433, 81507.48790166392
3586.111000061035, 75763.16402547433, 81507.48790166392
3586.111000061035, 75763.16402547433, 81507.48790166392
3586.1260001659393, 75763.16402547433, 81507.48790166392
3586.1260001659393, 75763.16402547433, 81507.48790166392
3586.141000032425, 75763.16402547433, 81507.48790166392
3586.1500000953674, 75763.16402547433, 81507.48790166392
3586.1600000858307, 75763.16402547433, 81507.48790166392
3586.1660001277924, 75763.16402547433, 81507.48790166392
3586.1740000247955, 75763.16402547433, 81507.48790166392
3586.177999973297, 75763.16402547433, 81507.48790166392
3586.1820001602173, 75763.16402547433, 81507.48790166392
3586.186000108719, 75763.16402547433, 81507.48790166392
3586.197000026703, 75763.16402547433, 81507.48790166392
3586.2080001831055, 75763.16402547433, 81507.48790166392
3586.210000038147, 75763.16402547433, 81507.48790166392
3592.212000131607, 75763.16402547433, 81507.48790166392
3592.2320001125336, 75763.16402547433, 81507.48790166392
3592.2450001239777, 75763.16402547433, 81507.48790166392
3592.246999979019, 75763.16402547433, 81507.48790166392
3592.265000104904, 75763.16402547433, 81507.48790166392
3592.2750000953674, 75763.16402547433, 81507.48790166392
3592.2799999713898, 75763.16402547433, 81507.48790166392
3592.2880001068115, 75763.16402547433, 81507.48790166392
3592.297000169754, 75763.16402547433, 81507.48790166392
3592.297000169754, 75763.16402547433, 81507.13750525218
3598.890000104904, 75763.16402547433, 81507.13750525218
3598.890000104904, 75763.16402547433, 81507.13750525218
3598.9120001792908, 75763.16402547433, 81506.72654258102
3598.9240000247955, 75763.16402547433, 81506.72654258102
3598.9240000247955, 75763.16402547433, 81506.71555072578
3598.9430000782013, 75763.16402547433, 81506.71555072578
3600.0629999637604, 75763.16402547433, 81506.71555072578
3600.0750000476837, 75763.16402547433, 81506.71555072578
3600.0789999961853, 75763.16402547433, 81506.71555072578
3600.1710000038147, 75763.16402547431, 81506.71555072578
