0.07599997520446777, -1e+100, 158602.92227664863
0.14599990844726562, -1e+100, 67708.58531866997
0.3539998531341553, -1e+100, 49932.01222696816
1.2319998741149902, -1e+100, 43105.275814453926
2.9139997959136963, -1e+100, 40970.645322133394
3.8999998569488525, -1e+100, 40824.17356718463
4.31499981880188, -1e+100, 40267.578151762915
12.155999898910522, -1e+100, 35773.08513804358
12.35099983215332, -1e+100, 35747.16594605712
12.467999935150146, -1e+100, 35720.403953074965
12.57099986076355, -1e+100, 35720.403953074965
12.691999912261963, 23029.05902203959, 35720.403953074965
12.849999904632568, 23029.05902203959, 35720.403953074965
13.220999956130981, 23029.05902203959, 35704.59033944211
13.674999952316284, 23029.05902203959, 35704.59033944211
13.770999908447266, 23029.05902203959, 35704.59033944211
13.90999984741211, 23029.05902203959, 35704.59033944211
13.914999961853027, 23029.05902203959, 35704.59033944211
13.916999816894531, 23029.05902203959, 35704.59033944211
13.92199993133545, 23029.05902203959, 35704.59033944211
13.924999952316284, 23029.05902203959, 35704.59033944211
14.02899980545044, 23029.05902203959, 35704.59033944211
14.234999895095825, 23029.05902203959, 35704.59033944211
14.33299994468689, 23029.05902203959, 35704.59033944211
14.766999959945679, 23029.05902203959, 35704.59033944211
14.771999835968018, 23029.05902203959, 35704.59033944211
14.776999950408936, 23029.05902203959, 35704.59033944211
15.15999984741211, 23029.05902203959, 35704.59033944211
15.166999816894531, 23029.05902203959, 35704.59033944211
15.365000009536743, 23029.05902203959, 35704.59033944211
15.367999792098999, 23029.05902203959, 35704.59033944211
15.370999813079834, 23029.05902203959, 35704.59033944211
15.375999927520752, 23029.05902203959, 35704.59033944211
15.560999870300293, 23029.05902203959, 35704.59033944211
15.56499981880188, 23029.05902203959, 35704.59033944211
15.700999975204468, 23029.05902203959, 35704.59033944211
15.705999851226807, 23029.05902203959, 35704.59033944211
15.708999872207642, 23029.05902203959, 35704.59033944211
15.711999893188477, 23029.05902203959, 35704.59033944211
15.714999914169312, 23029.05902203959, 35704.59033944211
16.049999952316284, 23464.99067296772, 35704.59033944211
16.253000020980835, 23464.99067296772, 35476.81327075965
16.257999897003174, 23464.99067296772, 35476.81327075965
16.61899995803833, 23464.99067296772, 35476.81327075965
16.625, 23464.99067296772, 35476.81327075965
17.006999969482422, 23464.99067296772, 35476.81327075965
17.342999935150146, 23464.99067296772, 35257.91016200059
17.77899980545044, 23464.99067296772, 35257.91016200059
17.78600001335144, 23464.99067296772, 35257.91016200059
19.05299997329712, 23464.99067296772, 35257.91016200059
19.056999921798706, 23464.99067296772, 35257.91016200059
19.061999797821045, 23464.99067296772, 35257.91016200059
19.06499981880188, 23492.89465699015, 35257.91016200059
19.304999828338623, 23492.89465699015, 34941.45538612079
19.30900001525879, 23492.89465699015, 34941.45538612079
19.580999851226807, 23492.89465699015, 34941.45538612079
20.1489999294281, 23492.89465699015, 34778.17430933951
20.15399980545044, 23492.89465699015, 34778.17430933951
20.158999919891357, 23492.89465699015, 34778.17430933951
20.164999961853027, 23492.89465699015, 34778.17430933951
20.168999910354614, 23492.89465699015, 34778.17430933951
20.79099988937378, 23492.89465699015, 34778.17430933951
21.46299982070923, 23492.89465699015, 34778.17430933951
21.780999898910522, 23492.89465699015, 34778.17430933951
21.788999795913696, 23492.89465699015, 34778.17430933951
22.151999950408936, 23492.89465699015, 34778.17430933951
22.92199993133545, 23492.89465699015, 34586.464407395215
22.926999807357788, 23492.89465699015, 34586.464407395215
23.31499981880188, 23492.89465699015, 34586.464407395215
23.319999933242798, 23492.89465699015, 34586.464407395215
23.32699990272522, 23492.89465699015, 34586.464407395215
23.332000017166138, 23492.89465699015, 34586.464407395215
23.758999824523926, 23492.89465699015, 34586.464407395215
23.76699995994568, 23492.89465699015, 34586.464407395215
23.7739999294281, 23492.89465699015, 34586.464407395215
23.77999997138977, 23492.89465699015, 34586.464407395215
23.78499984741211, 23492.89465699015, 34586.464407395215
24.256999969482422, 23492.89465699015, 34510.29097616256
24.26699995994568, 23492.89465699015, 34510.29097616256
24.704999923706055, 23492.89465699015, 34510.29097616256
24.711999893188477, 23492.89465699015, 34510.29097616256
25.17199993133545, 23492.89465699015, 34496.889951630816
25.176999807357788, 23492.89465699015, 34496.889951630816
25.181999921798706, 23492.89465699015, 34496.889951630816
25.19099998474121, 23492.89465699015, 34496.889951630816
25.651999950408936, 23492.89465699015, 34463.443736145506
25.657999992370605, 23492.89465699015, 34463.443736145506
26.22599983215332, 23492.89465699015, 34463.443736145506
26.830999851226807, 23492.89465699015, 34456.71110253593
26.842000007629395, 23492.89465699015, 34456.71110253593
26.846999883651733, 23492.89465699015, 34456.71110253593
27.399999856948853, 23492.89465699015, 34456.71110253593
27.411999940872192, 23492.89465699015, 34367.69232287037
27.421000003814697, 23492.89465699015, 34367.69232287037
27.95199990272522, 23492.89465699015, 34367.69232287037
27.957000017166138, 23492.89465699015, 34367.69232287037
27.96399998664856, 23492.89465699015, 34367.69232287037
27.97099995613098, 23492.89465699015, 34367.69232287037
27.97699999809265, 23492.89465699015, 34367.69232287037
28.51799988746643, 23494.171247195412, 34367.69232287037
29.07200002670288, 23494.171247195412, 34363.827749801945
29.640999794006348, 23494.171247195412, 34355.665994008516
29.651999950408936, 23494.171247195412, 34355.665994008516
30.232999801635742, 23494.171247195412, 34313.43152362576
30.240000009536743, 23494.171247195412, 34313.43152362576
30.246999979019165, 23494.171247195412, 34313.43152362576
30.253999948501587, 23494.171247195412, 34313.43152362576
30.26199984550476, 23494.171247195412, 34313.43152362576
30.878999948501587, 23494.171247195412, 34313.43152362576
30.884999990463257, 23494.171247195412, 34313.43152362576
30.890999794006348, 23494.171247195412, 34301.08947727603
30.896999835968018, 23494.171247195412, 34301.08947727603
30.901000022888184, 23494.171247195412, 34301.08947727603
31.483999967575073, 23494.171247195412, 34301.08947727603
31.488999843597412, 23494.171247195412, 34301.08947727603
31.494999885559082, 23494.171247195412, 34301.08947727603
31.500999927520752, 23494.171247195412, 34301.08947727603
31.507999897003174, 23494.171247195412, 34301.08947727603
31.513000011444092, 23494.171247195412, 34301.08947727603
32.22499990463257, 23494.171247195412, 34301.08947727603
32.228999853134155, 23494.171247195412, 34301.0051967898
32.23599982261658, 23494.171247195412, 34301.0051967898
32.82099986076355, 23494.171247195412, 34301.0051967898
32.8289999961853, 23494.171247195412, 34297.44482121361
32.83399987220764, 23494.171247195412, 34297.44482121361
33.58699989318848, 23494.171247195412, 34271.36820681724
33.605000019073486, 23494.171247195412, 34261.89542758617
34.223999977111816, 23494.171247195412, 34261.89542758617
34.228999853134155, 23494.171247195412, 34261.89542758617
34.23599982261658, 23494.171247195412, 34261.89542758617
34.24000000953674, 23494.171247195412, 34261.89542758617
34.245999813079834, 23494.171247195412, 34261.89542758617
35.81699991226196, 23494.171247195412, 34261.89542758617
35.82699990272522, 23494.171247195412, 34261.89542758617
35.834999799728394, 23494.171247195412, 34261.89542758617
35.84299993515015, 23494.171247195412, 34218.69081605156
36.70899987220764, 23494.171247195412, 34217.877671287606
36.71399998664856, 23494.171247195412, 34217.877671287606
37.645999908447266, 23494.171247195412, 34217.877671287606
37.65999984741211, 23494.171247195412, 34215.43245090156
37.6710000038147, 23494.171247195412, 34215.43245090156
37.68599987030029, 23494.171247195412, 34215.43245090156
38.674999952316284, 23494.171247195412, 34215.43245090156
38.69099998474121, 23494.171247195412, 34215.43245090156
38.70700001716614, 23494.171247195412, 34215.43245090156
39.75399994850159, 23494.171247195412, 34196.06646795734
39.763999938964844, 23494.171247195412, 34196.06646795734
39.781999826431274, 23494.171247195412, 34196.06646795734
39.788999795913696, 23494.171247195412, 34196.06646795734
39.79900002479553, 23494.171247195412, 34196.06646795734
40.76599979400635, 23494.171247195412, 34196.06646795734
40.77199983596802, 23494.171247195412, 34196.06646795734
41.65599989891052, 23494.171247195412, 34175.9457360518
41.66799998283386, 23494.171247195412, 34175.9457360518
41.674999952316284, 23494.171247195412, 34175.9457360518
42.847999811172485, 23494.171247195412, 34175.9457360518
42.85599994659424, 23494.171247195412, 34175.9457360518
42.859999895095825, 23494.171247195412, 34175.9457360518
42.865999937057495, 23494.171247195412, 34175.9457360518
42.878000020980835, 23494.171247195412, 34175.9457360518
42.88800001144409, 23494.171247195412, 34175.9457360518
42.89699983596802, 23494.171247195412, 34175.9457360518
44.18599987030029, 23494.171247195412, 34175.9457360518
44.19199991226196, 23494.171247195412, 34175.9457360518
44.19700002670288, 23494.171247195412, 34175.9457360518
44.2039999961853, 23494.171247195412, 34175.9457360518
44.210999965667725, 23494.171247195412, 34175.9457360518
44.21799993515015, 23494.171247195412, 34175.9457360518
44.222999811172485, 23494.171247195412, 34175.9457360518
44.23099994659424, 23494.171247195412, 34175.9457360518
44.24499988555908, 23494.171247195412, 34175.9457360518
44.25, 23494.171247195412, 34175.9457360518
45.454999923706055, 23494.171247195412, 34175.9457360518
45.46199989318848, 23494.171247195412, 34175.9457360518
45.46999979019165, 23494.171247195412, 34175.9457360518
45.47699999809265, 23494.171247195412, 34175.9457360518
45.48299980163574, 23494.171247195412, 34175.9457360518
45.48799991607666, 23494.171247195412, 34175.9457360518
45.496999979019165, 23494.171247195412, 34154.09477892084
45.50499987602234, 23494.171247195412, 34154.09477892084
45.51300001144409, 23494.171247195412, 34150.92155573497
46.75, 23494.171247195412, 34148.91943519166
46.75699996948242, 23494.171247195412, 34148.91943519166
46.76300001144409, 23494.171247195412, 34148.91943519166
46.77799987792969, 23494.171247195412, 34148.91943519166
46.78600001335144, 23494.171247195412, 34148.91943519166
46.79299998283386, 23494.171247195412, 34148.91943519166
46.80199980735779, 23494.171247195412, 34148.91943519166
48.11099982261658, 23494.171247195412, 34117.437931111206
48.117999792099, 23494.171247195412, 34117.437931111206
48.126999855041504, 23494.171247195412, 34117.27698558286
48.132999897003174, 23494.171247195412, 34117.27698558286
48.14199995994568, 23494.171247195412, 34117.27698558286
48.15299987792969, 23494.171247195412, 34117.27698558286
49.342000007629395, 23494.171247195412, 34117.23137991353
49.35099983215332, 23494.171247195412, 34117.23137991353
49.36399984359741, 23494.171247195412, 34114.86625170448
50.83099985122681, 23494.171247195412, 34094.21629369842
50.85199999809265, 23494.171247195412, 34094.21629369842
52.407999992370605, 23494.171247195412, 34088.906996034566
52.418999910354614, 23494.171247195412, 34088.906996034566
52.42699980735779, 23494.171247195412, 34050.79554648008
52.44099998474121, 23494.171247195412, 34050.79554648008
52.45899987220764, 23494.171247195412, 34045.8108831535
54.18299984931946, 23494.171247195412, 34045.8108831535
54.20599985122681, 23494.171247195412, 34045.0563275298
54.2189998626709, 23494.171247195412, 34045.0563275298
55.97099995613098, 23494.171247195412, 34019.2222396893
55.99499988555908, 23494.171247195412, 34016.61110071653
56.01099991798401, 23494.171247195412, 34016.61110071653
56.0239999294281, 23494.171247195412, 34016.61110071653
57.819000005722046, 23494.171247195412, 33967.65988503089
57.82699990272522, 23494.171247195412, 33967.65988503089
57.83399987220764, 23494.171247195412, 33967.65988503089
57.842000007629395, 23494.171247195412, 33967.65988503089
57.859999895095825, 23494.171247195412, 33960.55991844621
57.870999813079834, 23494.171247195412, 33960.55991844621
57.87999987602234, 23494.171247195412, 33960.55991844621
59.67899990081787, 23494.171247195412, 33941.597962933556
59.686999797821045, 23494.171247195412, 33941.597962933556
59.694000005722046, 23494.171247195412, 33941.597962933556
59.7039999961853, 23494.171247195412, 33941.597962933556
59.71299982070923, 23494.171247195412, 33940.29957029945
59.72699999809265, 23494.171247195412, 33940.29957029945
59.74199986457825, 23494.171247195412, 33940.29957029945
59.74899983406067, 23494.171247195412, 33940.29957029945
59.76599979400635, 23494.171247195412, 33940.29957029945
59.77499985694885, 23494.171247195412, 33933.55026047299
59.787999868392944, 23494.171247195412, 33933.55026047299
62.34299993515015, 23494.171247195412, 33930.78486234005
62.35099983215332, 23494.171247195412, 33930.78486234005
64.20899987220764, 23494.171247195412, 33929.702637909584
64.2170000076294, 23494.171247195412, 33929.702637909584
64.22899985313416, 23494.171247195412, 33929.702637909584
64.23699998855591, 23494.171247195412, 33929.702637909584
64.24899983406067, 23494.171247195412, 33929.702637909584
64.26199984550476, 23494.171247195412, 33929.702637909584
64.26999998092651, 23494.171247195412, 33929.702637909584
64.28499984741211, 23494.171247195412, 33929.702637909584
66.44400000572205, 23494.171247195412, 33909.237568795514
66.4599997997284, 23494.171247195412, 33908.9219397308
66.47899985313416, 23494.171247195412, 33908.9219397308
66.50300002098083, 23494.171247195412, 33907.04858063919
68.31399989128113, 23494.171247195412, 33901.051154389505
68.32200002670288, 23494.171247195412, 33901.051154389505
68.32799983024597, 23494.171247195412, 33901.051154389505
68.3439998626709, 23494.171247195412, 33901.051154389505
68.35500001907349, 23494.171247195412, 33901.051154389505
68.36999988555908, 23494.171247195412, 33901.051154389505
68.38199996948242, 23494.171247195412, 33901.051154389505
70.16299986839294, 23494.171247195412, 33901.051154389505
70.17400002479553, 23494.171247195412, 33901.051154389505
70.17999982833862, 23494.171247195412, 33901.051154389505
70.22199988365173, 23494.171247195412, 33901.051154389505
70.23000001907349, 23494.171247195412, 33901.051154389505
72.02099990844727, 23494.171247195412, 33889.61979894207
72.02799987792969, 23494.171247195412, 33889.61979894207
72.03399991989136, 23494.171247195412, 33889.61979894207
72.04099988937378, 23494.171247195412, 33889.61979894207
72.05799984931946, 23494.171247195412, 33889.21156712859
73.68299984931946, 23494.171247195412, 33887.21396617028
73.69199991226196, 23494.171247195412, 33887.21396617028
73.70700001716614, 23494.171247195412, 33887.21396617028
73.71799993515015, 23494.171247195412, 33887.21396617028
73.73799991607666, 23494.171247195412, 33886.74429768119
73.75099992752075, 23494.171247195412, 33886.74429768119
73.76399993896484, 23494.171247195412, 33886.74429768119
75.42199993133545, 23494.171247195412, 33886.74429768119
75.43400001525879, 23494.171247195412, 33886.74429768119
75.45499992370605, 23494.171247195412, 33886.74429768119
75.47399997711182, 23494.171247195412, 33886.74429768119
75.4909999370575, 23494.171247195412, 33886.74429768119
75.50899982452393, 23494.171247195412, 33884.507187425465
75.52899980545044, 23494.171247195412, 33849.6617619884
77.43899989128113, 23494.171247195412, 33831.92570443412
77.44899988174438, 23494.171247195412, 33831.92570443412
77.4689998626709, 23494.171247195412, 33825.104109328975
77.4779999256134, 23494.171247195412, 33825.104109328975
77.50300002098083, 23494.171247195412, 33825.104109328975
77.51399993896484, 23494.171247195412, 33825.104109328975
79.33200001716614, 23494.171247195412, 33815.94748376317
79.34099984169006, 23494.171247195412, 33815.94748376317
79.34699988365173, 23494.171247195412, 33815.94748376317
79.35699987411499, 23494.171247195412, 33815.94748376317
79.36699986457825, 23494.171247195412, 33815.94748376317
79.38599991798401, 23494.171247195412, 33815.94748376317
79.39299988746643, 23494.171247195412, 33815.94748376317
79.3989999294281, 23494.171247195412, 33815.94748376317
79.40599989891052, 23494.171247195412, 33815.94748376317
79.41599988937378, 23494.171247195412, 33815.94748376317
79.42599987983704, 23494.171247195412, 33810.56095935772
79.43799996376038, 23494.171247195412, 33802.37803738011
81.16699981689453, 23494.171247195412, 33798.63894211763
81.17699980735779, 23494.171247195412, 33798.63894211763
81.1859998703003, 23494.171247195412, 33798.63894211763
81.20099997520447, 23494.171247195412, 33798.63894211763
81.21099996566772, 23494.171247195412, 33798.63894211763
81.2189998626709, 23494.171247195412, 33798.63894211763
81.2409999370575, 23494.171247195412, 33797.76865000923
81.2519998550415, 23494.171247195412, 33797.76865000923
83.00499987602234, 23494.171247195412, 33797.76865000923
83.01199984550476, 23494.171247195412, 33797.76865000923
83.03099989891052, 23494.171247195412, 33797.76865000923
83.04499983787537, 23494.171247195412, 33797.76865000923
84.76099991798401, 23494.171247195412, 33797.76865000923
84.76799988746643, 23494.171247195412, 33797.76865000923
84.7739999294281, 23494.171247195412, 33797.76865000923
84.78099989891052, 23494.171247195412, 33797.76865000923
84.79399991035461, 23494.171247195412, 33797.76865000923
84.8069999217987, 23494.171247195412, 33797.76865000923
84.81599998474121, 23494.171247195412, 33797.76865000923
84.83200001716614, 23494.171247195412, 33797.76865000923
84.83899998664856, 23494.171247195412, 33797.76865000923
84.8529999256134, 23494.171247195412, 33797.76865000923
84.86299991607666, 23494.171247195412, 33797.76865000923
86.61999988555908, 23494.171247195412, 33770.52404377722
86.63199996948242, 23494.171247195412, 33770.52404377722
86.64399981498718, 23494.171247195412, 33770.52404377722
86.66599988937378, 23494.171247195412, 33770.52404377722
86.69199991226196, 23494.171247195412, 33770.52404377722
86.69999980926514, 23494.171247195412, 33770.52404377722
86.71099996566772, 23494.171247195412, 33770.52404377722
86.72899985313416, 23494.171247195412, 33770.52404377722
86.7409999370575, 23494.171247195412, 33770.52404377722
86.74699997901917, 23494.171247195412, 33770.52404377722
86.75399994850159, 23494.171247195412, 33770.52404377722
88.7189998626709, 23494.171247195412, 33770.52404377722
88.72899985313416, 23494.171247195412, 33770.52404377722
88.73599982261658, 23494.171247195412, 33770.52404377722
88.74199986457825, 23494.171247195412, 33770.52404377722
88.75599980354309, 23494.171247195412, 33770.52404377722
88.76399993896484, 23494.171247195412, 33770.52404377722
88.77300000190735, 23494.171247195412, 33770.52404377722
88.7829999923706, 23494.171247195412, 33770.52404377722
88.80999994277954, 23494.171247195412, 33761.9086765101
90.52499985694885, 23494.171247195412, 33761.9086765101
90.53399991989136, 23494.171247195412, 33761.9086765101
90.53999996185303, 23494.171247195412, 33761.9086765101
90.54499983787537, 23494.171247195412, 33761.9086765101
90.55199980735779, 23494.171247195412, 33761.9086765101
90.58399987220764, 23494.171247195412, 33756.28695633719
90.5939998626709, 23494.171247195412, 33756.28695633719
90.60699987411499, 23494.171247195412, 33756.28695633719
90.617999792099, 23494.171247195412, 33756.28695633719
90.62899994850159, 23494.171247195412, 33756.28695633719
93.17899990081787, 23494.171247195412, 33756.28695633719
93.19299983978271, 23494.171247195412, 33756.28695633719
93.20799994468689, 23494.171247195412, 33756.28695633719
93.22099995613098, 23494.171247195412, 33756.28695633719
93.242999792099, 23494.171247195412, 33756.28695633719
93.27199983596802, 23494.171247195412, 33756.28695633719
93.28999996185303, 23494.171247195412, 33756.28695633719
95.53199982643127, 23494.171247195412, 33750.003105305164
95.54099988937378, 23494.171247195412, 33750.003105305164
95.55299997329712, 23494.171247195412, 33750.003105305164
95.5609998703003, 23494.171247195412, 33750.003105305164
95.57299995422363, 23494.171247195412, 33750.003105305164
95.59799981117249, 23494.171247195412, 33750.003105305164
95.61299991607666, 23494.171247195412, 33750.003105305164
95.625, 23494.171247195412, 33750.003105305164
95.63399982452393, 23494.171247195412, 33750.003105305164
95.64499998092651, 23494.171247195412, 33750.003105305164
98.02699995040894, 23494.171247195412, 33738.41838991319
98.06699991226196, 23494.171247195412, 33738.41838991319
98.09299993515015, 23494.171247195412, 33738.41838991319
98.11399984359741, 23494.171247195412, 33738.41838991319
100.93099999427795, 23494.171247195412, 33738.41838991319
100.94199991226196, 23494.171247195412, 33738.41838991319
100.95499992370605, 23494.171247195412, 33738.41838991319
100.992999792099, 23494.171247195412, 33727.69437790796
102.9670000076294, 23494.171247195412, 33714.951262535025
102.97899985313416, 23494.171247195412, 33714.951262535025
103.00599980354309, 23494.171247195412, 33708.07673351004
103.03499984741211, 23494.171247195412, 33708.07673351004
103.04900002479553, 23494.171247195412, 33708.07673351004
103.05900001525879, 23494.171247195412, 33708.07673351004
105.10699987411499, 23494.171247195412, 33708.07673351004
105.117999792099, 23494.171247195412, 33708.07673351004
105.1269998550415, 23494.171247195412, 33708.07673351004
105.13599991798401, 23494.171247195412, 33708.07673351004
105.1489999294281, 23494.171247195412, 33708.07673351004
105.16299986839294, 23494.171247195412, 33708.07673351004
105.17400002479553, 23494.171247195412, 33708.07673351004
105.18999981880188, 23494.171247195412, 33708.07673351004
105.20799994468689, 23494.171247195412, 33708.07673351004
105.22399997711182, 23494.171247195412, 33708.07673351004
105.23599982261658, 23494.171247195412, 33708.07673351004
105.24899983406067, 23494.171247195412, 33708.07673351004
105.25899982452393, 23494.171247195412, 33708.07673351004
107.39599990844727, 23494.171247195412, 33694.779521091594
107.41199994087219, 23494.171247195412, 33689.39947252294
107.4229998588562, 23494.171247195412, 33688.63155313566
107.43999981880188, 23494.171247195412, 33688.63155313566
107.45700001716614, 23494.171247195412, 33688.63155313566
107.47399997711182, 23494.171247195412, 33688.63155313566
107.48399996757507, 23494.171247195412, 33685.72695817349
107.49499988555908, 23494.171247195412, 33685.72695817349
107.50999999046326, 23494.171247195412, 33685.72695817349
109.5019998550415, 23494.171247195412, 33683.08970943221
109.55999994277954, 23494.171247195412, 33678.48084876616
109.57499980926514, 23494.171247195412, 33678.48084876616
111.58799982070923, 23494.171247195412, 33672.2661446046
111.59699988365173, 23494.171247195412, 33672.2661446046
111.60599994659424, 23494.171247195412, 33672.2661446046
111.61699986457825, 23494.171247195412, 33672.2661446046
111.63299989700317, 23494.171247195412, 33672.2661446046
111.65599989891052, 23494.171247195412, 33671.10916644773
111.68400001525879, 23494.171247195412, 33670.90493283106
113.71499991416931, 23494.171247195412, 33662.487716153286
113.72899985313416, 23494.171247195412, 33662.487716153286
113.7409999370575, 23494.171247195412, 33662.487716153286
113.74899983406067, 23494.171247195412, 33662.487716153286
113.76799988746643, 23494.171247195412, 33662.487716153286
113.78499984741211, 23494.171247195412, 33662.487716153286
113.80099987983704, 23494.171247195412, 33662.487716153286
113.81499981880188, 23494.171247195412, 33662.487716153286
113.83299994468689, 23494.171247195412, 33662.487716153286
113.8439998626709, 23494.171247195412, 33662.487716153286
113.85500001907349, 23494.171247195412, 33662.487716153286
113.86899995803833, 23494.171247195412, 33654.73327724493
116.03399991989136, 23494.171247195412, 33654.73327724493
116.05499982833862, 23494.171247195412, 33654.73327724493
116.06799983978271, 23494.171247195412, 33651.36598188235
116.0939998626709, 23494.171247195412, 33649.611766764356
116.11500000953674, 23494.171247195412, 33646.776961228206
118.09099984169006, 23494.171247195412, 33646.776961228206
118.11299991607666, 23494.171247195412, 33642.16652615481
118.13499999046326, 23494.171247195412, 33642.16652615481
120.19299983978271, 23494.171247195412, 33642.16652615481
120.20499992370605, 23494.171247195412, 33642.16652615481
120.2189998626709, 23494.171247195412, 33642.16652615481
120.23699998855591, 23494.171247195412, 33642.16652615481
120.24599981307983, 23494.171247195412, 33642.16652615481
120.25799989700317, 23494.171247195412, 33642.16652615481
120.28099989891052, 23494.171247195412, 33642.16652615481
120.29099988937378, 23494.171247195412, 33642.16652615481
120.31399989128113, 23494.171247195412, 33642.16652615481
120.32699990272522, 23494.171247195412, 33642.16652615481
120.33699989318848, 23494.171247195412, 33642.16652615481
120.34699988365173, 23494.171247195412, 33642.16652615481
120.35599994659424, 23494.171247195412, 33642.16652615481
120.36500000953674, 23494.171247195412, 33642.16652615481
122.26099991798401, 23494.171247195412, 33637.40817092364
122.26799988746643, 23494.171247195412, 33637.40817092364
122.28199982643127, 23494.171247195412, 33634.28613380629
122.28999996185303, 23494.171247195412, 33634.28613380629
122.30399990081787, 23494.171247195412, 33634.28613380629
122.31799983978271, 23494.171247195412, 33634.28613380629
122.32699990272522, 23494.171247195412, 33634.28613380629
122.3420000076294, 23494.171247195412, 33633.14856097087
122.35399985313416, 23494.171247195412, 33631.069934040876
122.36699986457825, 23494.171247195412, 33631.069934040876
122.3769998550415, 23494.171247195412, 33631.069934040876
124.3420000076294, 23494.171247195412, 33630.060474281396
124.35199999809265, 23494.171247195412, 33629.221195284284
124.36500000953674, 23494.171247195412, 33629.221195284284
124.375, 23494.171247195412, 33629.221195284284
124.38299989700317, 23494.171247195412, 33629.221195284284
124.41199994087219, 23494.171247195412, 33629.221195284284
126.54699993133545, 23494.171247195412, 33629.221195284284
126.5569999217987, 23494.171247195412, 33629.221195284284
126.56699991226196, 23494.171247195412, 33629.221195284284
126.57599997520447, 23494.171247195412, 33629.221195284284
126.5939998626709, 23494.171247195412, 33629.221195284284
126.617999792099, 23494.171247195412, 33629.221195284284
126.63899993896484, 23494.171247195412, 33629.221195284284
126.64999985694885, 23494.171247195412, 33629.221195284284
126.66899991035461, 23494.171247195412, 33629.221195284284
126.68400001525879, 23494.171247195412, 33629.221195284284
128.68799996376038, 23494.171247195412, 33629.221195284284
128.69899988174438, 23494.171247195412, 33629.221195284284
128.70899987220764, 23494.171247195412, 33629.221195284284
128.7189998626709, 23494.171247195412, 33629.221195284284
128.7279999256134, 23494.171247195412, 33629.221195284284
128.75, 23494.171247195412, 33629.221195284284
128.77199983596802, 23494.171247195412, 33629.221195284284
128.78600001335144, 23494.171247195412, 33629.221195284284
128.79900002479553, 23494.171247195412, 33629.221195284284
130.59499979019165, 23494.171247195412, 33629.221195284284
130.60899996757507, 23494.171247195412, 33629.221195284284
130.617999792099, 23494.171247195412, 33629.221195284284
130.6269998550415, 23494.171247195412, 33629.221195284284
130.6380000114441, 23494.171247195412, 33629.221195284284
130.64699983596802, 23494.171247195412, 33629.221195284284
130.65699982643127, 23494.171247195412, 33629.221195284284
130.66499996185303, 23494.171247195412, 33629.221195284284
130.67400002479553, 23494.171247195412, 33629.221195284284
130.68499994277954, 23494.171247195412, 33629.221195284284
130.69199991226196, 23494.171247195412, 33629.221195284284
130.70099997520447, 23494.171247195412, 33629.221195284284
130.72599983215332, 23494.171247195412, 33629.221195284284
132.71099996566772, 23494.171247195412, 33616.85837234861
132.7279999256134, 23494.171247195412, 33609.22749560579
132.7369999885559, 23494.171247195412, 33606.8735107931
132.74599981307983, 23494.171247195412, 33606.8735107931
132.75699996948242, 23494.171247195412, 33606.8735107931
132.77499985694885, 23494.171247195412, 33606.8735107931
132.78799986839294, 23494.171247195412, 33606.8735107931
132.80499982833862, 23494.171247195412, 33603.6668367215
134.93899989128113, 23494.171247195412, 33603.6668367215
134.95199990272522, 23494.171247195412, 33603.6668367215
134.9649999141693, 23494.171247195412, 33603.6668367215
134.9779999256134, 23494.171247195412, 33603.6668367215
134.9909999370575, 23494.171247195412, 33603.6668367215
135.00300002098083, 23494.171247195412, 33603.6668367215
135.01799988746643, 23494.171247195412, 33601.70509811404
135.03199982643127, 23494.171247195412, 33601.70509811404
135.0659999847412, 23494.171247195412, 33601.70509811404
135.07799983024597, 23494.171247195412, 33601.70509811404
135.09899997711182, 23494.171247195412, 33601.70509811404
137.06299996376038, 23494.171247195412, 33598.56010982188
137.07799983024597, 23494.171247195412, 33598.56010982188
137.08899998664856, 23494.171247195412, 33598.56010982188
137.11299991607666, 23494.171247195412, 33598.56010982188
139.11999988555908, 23494.171247195412, 33597.33216094171
139.12999987602234, 23494.171247195412, 33597.33216094171
139.14399981498718, 23494.171247195412, 33595.94986342862
139.15599989891052, 23494.171247195412, 33595.94986342862
139.16799998283386, 23494.171247195412, 33595.94986342862
139.1819999217987, 23494.171247195412, 33595.94986342862
139.20099997520447, 23494.171247195412, 33595.94986342862
141.15499997138977, 23494.171247195412, 33593.28033828967
141.16599988937378, 23494.171247195412, 33593.28033828967
141.17599987983704, 23494.171247195412, 33581.51054896646
141.18799996376038, 23494.171247195412, 33581.51054896646
141.19700002670288, 23494.171247195412, 33581.51054896646
141.21399998664856, 23494.171247195412, 33581.51054896646
141.24000000953674, 23494.171247195412, 33581.4813765778
141.25899982452393, 23494.171247195412, 33581.4813765778
141.26799988746643, 23494.171247195412, 33581.4813765778
143.37099981307983, 23494.171247195412, 33578.58397439985
143.38399982452393, 23494.171247195412, 33578.58397439985
143.40899991989136, 23494.171247195412, 33578.58397439985
143.4359998703003, 23494.171247195412, 33578.34501139623
143.45099997520447, 23494.171247195412, 33577.98967781981
145.57799983024597, 23494.171247195412, 33577.98967781981
145.5899999141693, 23494.171247195412, 33577.98967781981
145.59899997711182, 23494.171247195412, 33577.98967781981
145.606999874115, 23494.171247195412, 33577.98967781981
145.63399982452393, 23494.171247195412, 33575.29394331874
145.64599990844727, 23494.171247195412, 33575.29394331874
145.65499997138977, 23494.171247195412, 33575.29394331874
145.68699979782104, 23494.171247195412, 33575.27023693067
145.70299983024597, 23494.171247195412, 33568.01864831138
147.57799983024597, 23494.171247195412, 33568.01864831138
147.58899998664856, 23494.171247195412, 33568.01864831138
147.60099983215332, 23494.171247195412, 33568.01864831138
147.61999988555908, 23494.171247195412, 33568.01864831138
147.635999917984, 23494.171247195412, 33568.01864831138
147.64999985694885, 23494.171247195412, 33568.01864831138
147.66100001335144, 23494.171247195412, 33568.01864831138
147.67499995231628, 23494.171247195412, 33567.87056667883
147.69299983978271, 23494.171247195412, 33567.87056667883
149.92899990081787, 23494.171247195412, 33566.013803619695
149.9409999847412, 23494.171247195412, 33566.013803619695
149.94999980926514, 23494.171247195412, 33566.013803619695
149.96099996566772, 23494.171247195412, 33566.013803619695
149.97099995613098, 23494.171247195412, 33566.013803619695
149.98099994659424, 23494.171247195412, 33566.013803619695
149.992999792099, 23494.171247195412, 33566.013803619695
150.00300002098083, 23494.171247195412, 33566.013803619695
150.01199984550476, 23494.171247195412, 33566.013803619695
150.02199983596802, 23494.171247195412, 33566.013803619695
152.04099988937378, 23494.171247195412, 33560.52633613275
152.05299997329712, 23494.171247195412, 33560.52633613275
152.06199979782104, 23494.171247195412, 33560.52633613275
152.07399988174438, 23494.171247195412, 33560.52633613275
152.08599996566772, 23494.171247195412, 33560.52633613275
152.09899997711182, 23494.171247195412, 33560.52633613275
152.117999792099, 23494.171247195412, 33560.52633613275
152.14599990844727, 23494.171247195412, 33560.52633613275
154.35599994659424, 23494.171247195412, 33560.52633613275
154.36500000953674, 23494.171247195412, 33560.52633613275
154.37299990653992, 23494.171247195412, 33560.52633613275
154.38399982452393, 23494.171247195412, 33560.52633613275
154.39199995994568, 23494.171247195412, 33560.52633613275
154.3989999294281, 23494.171247195412, 33560.52633613275
154.4079999923706, 23494.171247195412, 33560.52633613275
154.41699981689453, 23494.171247195412, 33560.52633613275
154.42799997329712, 23494.171247195412, 33560.52633613275
154.4409999847412, 23494.171247195412, 33560.52633613275
154.45899987220764, 23494.171247195412, 33555.446859304546
154.47399997711182, 23494.171247195412, 33555.446859304546
154.49000000953674, 23494.171247195412, 33553.751990132536
154.50099992752075, 23494.171247195412, 33553.751990132536
154.51699995994568, 23494.171247195412, 33552.78824284968
156.58899998664856, 23494.171247195412, 33552.78824284968
156.606999874115, 23494.171247195412, 33552.166691298684
156.617999792099, 23494.171247195412, 33552.166691298684
156.62599992752075, 23494.171247195412, 33552.166691298684
156.63399982452393, 23494.171247195412, 33552.166691298684
156.6599998474121, 23494.171247195412, 33549.98317328185
156.6710000038147, 23494.171247195412, 33549.98317328185
156.68299984931946, 23494.171247195412, 33549.98317328185
158.98099994659424, 23494.171247195412, 33549.98317328185
158.99899983406067, 23494.171247195412, 33549.98317328185
159.010999917984, 23494.171247195412, 33549.98317328185
159.02199983596802, 23494.171247195412, 33548.34593543209
159.04900002479553, 23494.171247195412, 33548.34593543209
159.07099986076355, 23494.171247195412, 33548.34593543209
161.16999983787537, 23494.171247195412, 33548.34593543209
161.18099999427795, 23494.171247195412, 33548.34593543209
161.19299983978271, 23494.171247195412, 33548.34593543209
161.2079999446869, 23494.171247195412, 33548.34593543209
161.23299980163574, 23494.171247195412, 33547.02250207753
161.25300002098083, 23494.171247195412, 33544.10837517811
163.27999997138977, 23494.171247195412, 33537.6359406421
163.29099988937378, 23494.171247195412, 33537.6359406421
163.30099987983704, 23494.171247195412, 33537.10813229183
163.32299995422363, 23494.171247195412, 33535.211073148486
163.3349997997284, 23494.171247195412, 33535.211073148486
165.47099995613098, 23494.171247195412, 33533.90777029769
165.48799991607666, 23494.171247195412, 33533.90777029769
165.51599979400635, 23494.171247195412, 33533.90777029769
167.84999990463257, 23494.171247195412, 33533.08536871939
167.85999989509583, 23494.171247195412, 33527.05880364485
167.86899995803833, 23494.171247195412, 33527.05880364485
167.89399981498718, 23494.171247195412, 33525.36076942555
169.99599981307983, 23494.171247195412, 33525.36076942555
170.0059998035431, 23494.171247195412, 33525.36076942555
170.02699995040894, 23494.171247195412, 33525.36076942555
170.03799986839294, 23494.171247195412, 33525.36076942555
170.04900002479553, 23494.171247195412, 33525.36076942555
170.05999994277954, 23494.171247195412, 33525.36076942555
170.07099986076355, 23494.171247195412, 33525.36076942555
170.08200001716614, 23494.171247195412, 33525.36076942555
172.27999997138977, 23494.171247195412, 33525.36076942555
172.29199981689453, 23494.171247195412, 33519.4340178551
172.3019998073578, 23494.171247195412, 33519.4340178551
172.31399989128113, 23494.171247195412, 33519.4340178551
172.32299995422363, 23494.171247195412, 33519.4340178551
172.33399987220764, 23494.171247195412, 33519.4340178551
172.3439998626709, 23494.171247195412, 33519.4340178551
172.35399985313416, 23494.171247195412, 33519.4340178551
172.36699986457825, 23494.171247195412, 33517.44957688423
172.39299988746643, 23494.171247195412, 33513.127809108526
172.40499997138977, 23494.171247195412, 33513.127809108526
172.41499996185303, 23494.171247195412, 33513.127809108526
174.64699983596802, 23494.171247195412, 33513.127809108526
174.6619999408722, 23494.171247195412, 33513.127809108526
174.6840000152588, 23494.171247195412, 33512.95453319603
174.69400000572205, 23494.171247195412, 33512.95453319603
177.37299990653992, 23494.171247195412, 33512.95453319603
177.38699984550476, 23494.171247195412, 33512.95453319603
177.40199995040894, 23494.171247195412, 33512.95453319603
179.8019998073578, 23494.171247195412, 33512.95453319603
179.81199979782104, 23494.171247195412, 33512.95453319603
179.82599997520447, 23494.171247195412, 33512.95453319603
179.8399999141693, 23494.171247195412, 33512.95453319603
179.8639998435974, 23494.171247195412, 33512.95453319603
179.8789999485016, 23494.171247195412, 33512.95453319603
179.8949999809265, 23494.171247195412, 33512.95453319603
179.93099999427795, 23494.171247195412, 33508.97813895823
179.94299983978271, 23494.171247195412, 33508.97813895823
182.21799993515015, 23494.171247195412, 33504.66560482681
182.23099994659424, 23494.171247195412, 33504.66560482681
182.25, 23494.171247195412, 33502.45680446884
182.26799988746643, 23494.171247195412, 33502.45680446884
182.28099989891052, 23494.171247195412, 33501.53203998107
182.29499983787537, 23494.171247195412, 33500.26035322498
184.7039999961853, 23494.171247195412, 33500.26035322498
184.71599984169006, 23494.171247195412, 33500.26035322498
184.73299980163574, 23494.171247195412, 33500.26035322498
184.74699997901917, 23494.171247195412, 33500.26035322498
184.76199984550476, 23494.171247195412, 33500.26035322498
184.7829999923706, 23494.171247195412, 33495.77634238465
186.82699990272522, 23494.171247195412, 33495.77634238465
186.83899998664856, 23494.171247195412, 33495.77634238465
186.84699988365173, 23494.171247195412, 33495.77634238465
186.85799980163574, 23494.171247195412, 33491.577879415454
186.87299990653992, 23494.171247195412, 33491.577879415454
186.88499999046326, 23494.171247195412, 33491.577879415454
186.8949999809265, 23494.171247195412, 33491.577879415454
186.91699981689453, 23494.171247195412, 33489.7870214482
186.93699979782104, 23494.171247195412, 33489.7870214482
189.25899982452393, 23494.171247195412, 33489.7870214482
189.27300000190735, 23494.171247195412, 33489.53811282644
189.28199982643127, 23494.171247195412, 33487.55900945946
189.29199981689453, 23494.171247195412, 33487.55900945946
191.44599986076355, 23494.171247195412, 33485.35060325337
191.4559998512268, 23494.171247195412, 33485.35060325337
191.48799991607666, 23494.171247195412, 33485.311317606756
191.510999917984, 23494.171247195412, 33484.59864093824
191.5349998474121, 23494.171247195412, 33484.59864093824
193.5809998512268, 23494.171247195412, 33484.001664111216
193.59099984169006, 23494.171247195412, 33484.001664111216
193.60099983215332, 23494.171247195412, 33484.001664111216
193.61099982261658, 23494.171247195412, 33484.001664111216
193.62199997901917, 23494.171247195412, 33484.001664111216
193.63399982452393, 23494.171247195412, 33484.001664111216
193.64699983596802, 23494.171247195412, 33484.001664111216
193.65599989891052, 23494.171247195412, 33484.001664111216
193.66699981689453, 23494.171247195412, 33484.001664111216
193.69199991226196, 23494.171247195412, 33484.001664111216
193.7039999961853, 23494.171247195412, 33484.001664111216
193.7170000076294, 23494.171247195412, 33484.001664111216
193.73499989509583, 23494.171247195412, 33484.001664111216
193.76199984550476, 23494.171247195412, 33484.001664111216
196.13699984550476, 23494.171247195412, 33484.001664111216
196.14599990844727, 23494.171247195412, 33484.001664111216
196.15499997138977, 23494.171247195412, 33484.001664111216
196.1639997959137, 23494.171247195412, 33484.001664111216
196.17199993133545, 23494.171247195412, 33484.001664111216
196.19599986076355, 23494.171247195412, 33484.001664111216
196.21099996566772, 23494.171247195412, 33484.001664111216
196.2279999256134, 23494.171247195412, 33484.001664111216
196.24000000953674, 23494.171247195412, 33484.001664111216
198.47199988365173, 23494.171247195412, 33484.001664111216
198.48499989509583, 23494.171247195412, 33484.001664111216
198.50300002098083, 23494.171247195412, 33484.001664111216
198.51799988746643, 23494.171247195412, 33484.001664111216
198.55099987983704, 23494.171247195412, 33484.001664111216
198.57099986076355, 23494.171247195412, 33478.6319290724
201.15699982643127, 23494.171247195412, 33477.32938541163
201.16699981689453, 23494.171247195412, 33477.32938541163
201.1840000152588, 23494.171247195412, 33476.184661388026
201.1949999332428, 23494.171247195412, 33474.60960020841
201.21399998664856, 23494.171247195412, 33474.25853917757
204.14099979400635, 23494.171247195412, 33473.8073152673
204.15399980545044, 23494.171247195412, 33473.8073152673
204.15399980545044, 23494.171247195412, 33473.8073152673
204.16999983787537, 23494.171247195412, 33473.75497220779
204.1859998703003, 23494.171247195412, 33473.75497220779
204.1859998703003, 23494.171247195412, 33473.75497220779
204.2170000076294, 23494.171247195412, 33472.574360717415
204.22699999809265, 23494.171247195412, 33472.574360717415
204.2389998435974, 23494.171247195412, 33472.574360717415
204.25099992752075, 23494.171247195412, 33472.574360717415
204.25899982452393, 23494.171247195412, 33472.574360717415
204.2649998664856, 23494.171247195412, 33472.574360717415
206.3989999294281, 23494.171247195412, 33471.41772319229
206.41100001335144, 23494.171247195412, 33471.41772319229
206.4210000038147, 23494.171247195412, 33471.41772319229
206.4210000038147, 23494.171247195412, 33471.41772319229
206.43699979782104, 23494.171247195412, 33471.41772319229
206.45299983024597, 23494.171247195412, 33471.41772319229
206.4689998626709, 23494.171247195412, 33471.41772319229
206.4889998435974, 23494.171247195412, 33471.41772319229
206.5019998550415, 23494.171247195412, 33471.41772319229
208.43799996376038, 23494.171247195412, 33465.891837104165
208.44199991226196, 23494.171247195412, 33465.891837104165
208.44999980926514, 23494.171247195412, 33465.891837104165
208.4579999446869, 23494.171247195412, 33465.891837104165
208.46799993515015, 23494.171247195412, 33465.29126929661
208.47399997711182, 23494.171247195412, 33465.29126929661
210.57799983024597, 23494.171247195412, 33463.70433829557
210.58899998664856, 23494.171247195412, 33463.70433829557
210.606999874115, 23494.171247195412, 33463.70433829557
210.62800002098083, 23494.171247195412, 33463.70433829557
210.6399998664856, 23494.171247195412, 33463.70433829557
210.6529998779297, 23494.171247195412, 33463.70433829557
210.66799998283386, 23494.171247195412, 33463.70433829557
210.68999981880188, 23494.171247195412, 33463.70433829557
210.70499992370605, 23494.171247195412, 33463.70433829557
212.96799993515015, 23494.171247195412, 33463.70433829557
212.96799993515015, 23494.171247195412, 33463.70433829557
212.98399996757507, 23494.171247195412, 33463.70433829557
212.98399996757507, 23494.171247195412, 33463.70433829557
213.00099992752075, 23494.171247195412, 33463.70433829557
213.01399993896484, 23494.171247195412, 33463.70433829557
213.01799988746643, 23494.171247195412, 33463.70433829557
213.0349998474121, 23494.171247195412, 33459.961706438145
213.0460000038147, 23494.171247195412, 33456.809002436385
214.88699984550476, 23494.171247195412, 33456.809002436385
214.89199995994568, 23494.171247195412, 33456.809002436385
214.89199995994568, 23494.171247195412, 33456.809002436385
214.90399980545044, 23494.171247195412, 33456.809002436385
214.9079999923706, 23494.171247195412, 33456.809002436385
214.92499995231628, 23494.171247195412, 33456.809002436385
214.92499995231628, 23494.171247195412, 33455.658076582375
214.94400000572205, 23494.171247195412, 33455.325144382965
217.58599996566772, 23494.171247195412, 33455.325144382965
217.60099983215332, 23494.171247195412, 33455.325144382965
217.60799980163574, 23494.171247195412, 33455.325144382965
217.60899996757507, 23494.171247195412, 33453.161624268396
217.62199997901917, 23494.171247195412, 33453.161624268396
217.635999917984, 23494.171247195412, 33453.161624268396
217.635999917984, 23494.171247195412, 33453.161624268396
217.65199995040894, 23494.171247195412, 33452.347686218025
217.65899991989136, 23494.171247195412, 33451.71005862257
217.66899991035461, 23494.171247195412, 33450.01925396351
219.53799986839294, 23494.171247195412, 33450.01925396351
219.55499982833862, 23494.171247195412, 33450.01925396351
221.70499992370605, 23494.171247195412, 33450.01925396351
221.72399997711182, 23494.171247195412, 33450.01925396351
221.7409999370575, 23494.171247195412, 33450.01925396351
221.7559998035431, 23494.171247195412, 33450.01925396351
221.7739999294281, 23494.171247195412, 33445.518639513764
224.09299993515015, 23494.171247195412, 33445.237655791265
224.10099983215332, 23494.171247195412, 33445.237655791265
224.1139998435974, 23494.171247195412, 33445.237655791265
224.12399983406067, 23494.171247195412, 33445.237655791265
224.13199996948242, 23494.171247195412, 33445.237655791265
224.15399980545044, 23494.171247195412, 33442.171450753725
224.15399980545044, 23494.171247195412, 33442.171450753725
224.1710000038147, 23494.171247195412, 33442.171450753725
224.18499994277954, 23494.171247195412, 33442.171450753725
226.25899982452393, 23494.171247195412, 33439.72092324257
226.26699995994568, 23494.171247195412, 33439.72092324257
226.27600002288818, 23494.171247195412, 33439.72092324257
226.27899980545044, 23494.171247195412, 33439.72092324257
226.2869999408722, 23494.171247195412, 33439.72092324257
226.28799986839294, 23494.171247195412, 33439.72092324257
226.30499982833862, 23494.171247195412, 33439.72092324257
226.3109998703003, 23494.171247195412, 33439.72092324257
226.31900000572205, 23494.171247195412, 33439.72092324257
226.32599997520447, 23494.171247195412, 33439.72092324257
226.33599996566772, 23494.171247195412, 33439.72092324257
226.33599996566772, 23494.171247195412, 33437.00864812129
226.35999989509583, 23494.171247195412, 33433.69077761394
226.367999792099, 23494.171247195412, 33433.69077761394
228.56199979782104, 23494.171247195412, 33433.69077761394
228.57399988174438, 23494.171247195412, 33433.69077761394
228.58799982070923, 23494.171247195412, 33433.69077761394
228.60199999809265, 23494.171247195412, 33433.69077761394
228.61699986457825, 23494.171247195412, 33433.69077761394
228.62999987602234, 23494.171247195412, 33433.69077761394
228.64699983596802, 23494.171247195412, 33433.69077761394
228.6599998474121, 23494.171247195412, 33433.69077761394
228.69999980926514, 23494.171247195412, 33431.235807023855
231.30599999427795, 23494.171247195412, 33431.235807023855
231.31799983978271, 23494.171247195412, 33431.235807023855
231.32299995422363, 23494.171247195412, 33430.04408635005
231.33599996566772, 23494.171247195412, 33430.04408635005
231.34099984169006, 23494.171247195412, 33430.04408635005
231.34799981117249, 23494.171247195412, 33430.04408635005
231.3550000190735, 23494.171247195412, 33427.88264095632
231.3619999885559, 23494.171247195412, 33427.88264095632
231.367999792099, 23494.171247195412, 33427.88264095632
231.37599992752075, 23494.171247195412, 33427.88264095632
231.3880000114441, 23494.171247195412, 33427.88264095632
233.42799997329712, 23494.171247195412, 33427.88264095632
233.4340000152588, 23494.171247195412, 33427.88264095632
233.43899989128113, 23494.171247195412, 33427.277077119594
233.44700002670288, 23494.171247195412, 33427.277077119594
233.45700001716614, 23494.171247195412, 33427.277077119594
233.4670000076294, 23494.171247195412, 33424.61113745162
233.47899985313416, 23494.171247195412, 33423.793783753215
233.4869999885559, 23494.171247195412, 33422.880414368956
235.40699982643127, 23494.171247195412, 33421.19447054747
235.42599987983704, 23494.171247195412, 33421.19447054747
235.43499994277954, 23494.171247195412, 33421.19447054747
235.44700002670288, 23494.171247195412, 33421.19447054747
235.45499992370605, 23494.171247195412, 33421.19447054747
235.4670000076294, 23494.171247195412, 33421.19447054747
235.47699999809265, 23494.171247195412, 33421.19447054747
237.44799995422363, 23494.171247195412, 33421.19447054747
237.45199990272522, 23494.171247195412, 33421.19447054747
237.46099996566772, 23494.171247195412, 33421.19447054747
237.4670000076294, 23494.171247195412, 33421.19447054747
237.48299980163574, 23494.171247195412, 33421.19447054747
237.48299980163574, 23494.171247195412, 33421.19447054747
239.48799991607666, 23494.171247195412, 33421.19447054747
239.49599981307983, 23494.171247195412, 33421.19447054747
239.50300002098083, 23494.171247195412, 33420.907307550435
239.50899982452393, 23494.171247195412, 33420.907307550435
239.51899981498718, 23494.171247195412, 33418.37422717217
239.53099989891052, 23494.171247195412, 33418.37422717217
241.66299986839294, 23494.171247195412, 33416.405117723305
241.67899990081787, 23494.171247195412, 33416.405117723305
241.6909999847412, 23494.171247195412, 33416.405117723305
241.70299983024597, 23494.171247195412, 33414.840874554866
241.71399998664856, 23494.171247195412, 33414.840874554866
243.85899996757507, 23494.171247195412, 33414.840874554866
243.8659999370575, 23494.171247195412, 33414.840874554866
243.87599992752075, 23494.171247195412, 33414.840874554866
243.885999917984, 23494.171247195412, 33414.840874554866
243.89199995994568, 23494.171247195412, 33414.840874554866
243.9079999923706, 23494.171247195412, 33414.840874554866
243.9139997959137, 23494.171247195412, 33414.840874554866
243.93899989128113, 23494.171247195412, 33411.09973417261
245.96299982070923, 23494.171247195412, 33407.78745260742
245.97299981117249, 23494.171247195412, 33407.78745260742
245.98799991607666, 23494.171247195412, 33407.78745260742
245.99699997901917, 23494.171247195412, 33407.30104975595
246.00499987602234, 23494.171247195412, 33407.30104975595
246.01699995994568, 23494.171247195412, 33407.30104975595
248.26199984550476, 23494.171247195412, 33404.06118059438
248.26199984550476, 23494.171247195412, 33404.06118059438
248.2779998779297, 23494.171247195412, 33403.76343905884
248.28999996185303, 23494.171247195412, 33403.55336337079
248.30099987983704, 23494.171247195412, 33403.55336337079
248.31199979782104, 23494.171247195412, 33403.34073171598
248.32499980926514, 23494.171247195412, 33403.34073171598
250.40699982643127, 23494.171247195412, 33403.34073171598
250.42499995231628, 23494.171247195412, 33403.34073171598
250.43999981880188, 23494.171247195412, 33403.34073171598
250.44700002670288, 23494.171247195412, 33403.34073171598
250.45499992370605, 23494.171247195412, 33402.43815960029
250.46999979019165, 23494.171247195412, 33400.22153955495
250.47899985313416, 23494.171247195412, 33400.22153955495
250.48599982261658, 23494.171247195412, 33400.22153955495
250.49499988555908, 23494.171247195412, 33400.22153955495
252.60599994659424, 23494.171247195412, 33396.689193994396
252.61500000953674, 23494.171247195412, 33396.689193994396
252.635999917984, 23494.171247195412, 33394.96415709241
252.65699982643127, 23494.171247195412, 33394.96415709241
254.9139997959137, 23494.171247195412, 33394.96415709241
254.91599988937378, 23494.171247195412, 33392.73440979836
254.92999982833862, 23494.171247195412, 33392.73440979836
254.93299984931946, 23494.171247195412, 33392.10456194844
254.94999980926514, 23494.171247195412, 33392.10456194844
254.96099996566772, 23494.171247195412, 33392.10456194844
254.9670000076294, 23494.171247195412, 33388.64785043599
256.9670000076294, 23494.171247195412, 33388.64785043599
256.9729998111725, 23494.171247195412, 33388.64785043599
256.9859998226166, 23494.171247195412, 33388.64785043599
259.039999961853, 23494.171247195412, 33388.64785043599
259.0479998588562, 23494.171247195412, 33388.64785043599
259.0549998283386, 23494.171247195412, 33388.64785043599
259.0629999637604, 23494.171247195412, 33388.64785043599
259.0699999332428, 23494.171247195412, 33388.64785043599
259.09299993515015, 23494.171247195412, 33388.64785043599
259.0989999771118, 23494.171247195412, 33388.64785043599
259.10399985313416, 23494.171247195412, 33388.64785043599
261.29900002479553, 23494.171247195412, 33386.22168587949
261.30999994277954, 23494.171247195412, 33386.22168587949
261.3159999847412, 23494.171247195412, 33386.22168587949
261.32999992370605, 23494.171247195412, 33386.22168587949
261.33899998664856, 23494.171247195412, 33386.22168587949
261.345999956131, 23494.171247195412, 33386.22168587949
261.35199999809265, 23494.171247195412, 33386.22168587949
261.36699986457825, 23494.171247195412, 33381.72595059
261.37999987602234, 23494.171247195412, 33378.02913058647
263.49199986457825, 23494.171247195412, 33378.02913058647
263.50099992752075, 23494.171247195412, 33378.02913058647
263.5130000114441, 23494.171247195412, 33376.34109918557
263.5319998264313, 23494.171247195412, 33369.08923155627
265.69599986076355, 23494.171247195412, 33368.06673172063
265.7039999961853, 23494.171247195412, 33368.06673172063
267.8639998435974, 23494.171247195412, 33368.06673172063
267.8769998550415, 23494.171247195412, 33368.06673172063
267.87999987602234, 23494.171247195412, 33368.06673172063
267.87999987602234, 23494.171247195412, 33368.06673172063
267.8949999809265, 23494.171247195412, 33368.06673172063
267.8949999809265, 23494.171247195412, 33368.06673172063
267.91100001335144, 23494.171247195412, 33368.06673172063
267.9229998588562, 23494.171247195412, 33368.06673172063
267.9269998073578, 23494.171247195412, 33368.06673172063
267.9269998073578, 23494.171247195412, 33368.06673172063
267.94400000572205, 23494.171247195412, 33368.06673172063
270.1139998435974, 23494.171247195412, 33368.06673172063
270.12399983406067, 23494.171247195412, 33368.06673172063
270.13499999046326, 23494.171247195412, 33368.06673172063
270.1419999599457, 23494.171247195412, 33368.06673172063
270.1489999294281, 23494.171247195412, 33368.06673172063
270.1559998989105, 23494.171247195412, 33368.06673172063
272.31199979782104, 23494.171247195412, 33368.06673172063
272.31699991226196, 23494.171247195412, 33368.06673172063
272.33200001716614, 23494.171247195412, 33357.71587613361
272.33200001716614, 23494.171247195412, 33357.71587613361
272.3489999771118, 23494.171247195412, 33357.71587613361
272.3489999771118, 23494.171247195412, 33357.71587613361
272.36500000953674, 23494.171247195412, 33357.71587613361
272.3809998035431, 23494.171247195412, 33355.148576044594
274.5789999961853, 23494.171247195412, 33353.61552446757
274.58899998664856, 23494.171247195412, 33353.61552446757
274.59499979019165, 23494.171247195412, 33353.61552446757
274.6029999256134, 23494.171247195412, 33352.20029011231
274.60799980163574, 23494.171247195412, 33352.20029011231
274.61500000953674, 23494.171247195412, 33352.20029011231
274.62800002098083, 23494.171247195412, 33352.096490053336
276.78799986839294, 23494.171247195412, 33350.01710531414
276.79699993133545, 23494.171247195412, 33350.01710531414
276.80399990081787, 23494.171247195412, 33350.01710531414
276.8139998912811, 23494.171247195412, 33350.01710531414
276.82499980926514, 23494.171247195412, 33349.068614577016
276.8309998512268, 23494.171247195412, 33349.068614577016
276.8369998931885, 23494.171247195412, 33349.068614577016
276.856999874115, 23494.171247195412, 33348.909140690936
278.98099994659424, 23494.171247195412, 33348.909140690936
278.9869999885559, 23494.171247195412, 33348.909140690936
278.99699997901917, 23494.171247195412, 33347.956239351384
279.0079998970032, 23494.171247195412, 33347.956239351384
279.02300000190735, 23494.171247195412, 33347.956239351384
281.3199999332428, 23494.171247195412, 33347.956239351384
281.327999830246, 23494.171247195412, 33347.956239351384
281.3420000076294, 23494.171247195412, 33347.956239351384
281.3509998321533, 23494.171247195412, 33346.24693130732
281.35799980163574, 23494.171247195412, 33346.24693130732
281.3639998435974, 23494.171247195412, 33346.24693130732
281.36899995803833, 23494.171247195412, 33346.24693130732
281.3769998550415, 23494.171247195412, 33346.24693130732
283.5349998474121, 23494.171247195412, 33336.68103494423
283.5349998474121, 23494.171247195412, 33336.68103494423
283.54900002479553, 23494.171247195412, 33336.68103494423
283.55099987983704, 23494.171247195412, 33336.68103494423
283.56699991226196, 23494.171247195412, 33336.23608281608
285.66299986839294, 23494.171247195412, 33336.23608281608
285.68299984931946, 23494.171247195412, 33336.23608281608
285.6899998188019, 23494.171247195412, 33336.23608281608
285.6970000267029, 23494.171247195412, 33336.23608281608
285.70499992370605, 23494.171247195412, 33336.23608281608
285.71299982070923, 23494.171247195412, 33336.23608281608
285.7229998111725, 23494.171247195412, 33336.23608281608
285.73299980163574, 23494.171247195412, 33336.23608281608
285.742999792099, 23494.171247195412, 33336.23608281608
285.75, 23494.171247195412, 33336.23608281608
288.1119999885559, 23494.171247195412, 33334.5302768203
288.13699984550476, 23494.171247195412, 33334.5302768203
290.3529999256134, 23494.171247195412, 33334.5302768203
290.3529999256134, 23494.171247195412, 33334.5302768203
290.367999792099, 23494.171247195412, 33334.5302768203
290.3789999485016, 23494.171247195412, 33334.5302768203
290.38899993896484, 23494.171247195412, 33334.5302768203
290.39999985694885, 23494.171247195412, 33334.5302768203
290.4069998264313, 23494.171247195412, 33334.5302768203
290.4159998893738, 23494.171247195412, 33334.5302768203
290.4229998588562, 23494.171247195412, 33334.5302768203
290.4399998188019, 23494.171247195412, 33334.5302768203
292.69400000572205, 23494.171247195412, 33334.5302768203
292.7019999027252, 23494.171247195412, 33334.5302768203
292.7099997997284, 23494.171247195412, 33334.5302768203
292.7189998626709, 23494.171247195412, 33334.5302768203
292.72699999809265, 23494.171247195412, 33323.78859434356
292.7339999675751, 23494.171247195412, 33323.78859434356
292.74199986457825, 23494.171247195412, 33322.89268990757
292.75099992752075, 23494.171247195412, 33322.89268990757
295.0279998779297, 23494.171247195412, 33321.62284547395
295.0389997959137, 23494.171247195412, 33321.62284547395
295.04499983787537, 23494.171247195412, 33321.62284547395
295.05799984931946, 23494.171247195412, 33321.62284547395
295.06699991226196, 23494.171247195412, 33321.62284547395
295.07299995422363, 23494.171247195412, 33321.62284547395
295.0809998512268, 23494.171247195412, 33321.62284547395
297.4579999446869, 23494.171247195412, 33321.62284547395
297.4579999446869, 23494.171247195412, 33321.62284547395
297.4670000076294, 23494.171247195412, 33321.62284547395
297.47499990463257, 23494.171247195412, 33319.9625627327
297.5, 23494.171247195412, 33319.88698168693
297.5149998664856, 23494.171247195412, 33318.567230509965
299.8439998626709, 23494.171247195412, 33318.567230509965
299.85399985313416, 23494.171247195412, 33316.96083470881
299.8659999370575, 23494.171247195412, 33314.67471109935
299.87599992752075, 23494.171247195412, 33314.67471109935
299.8839998245239, 23494.171247195412, 33314.67471109935
299.8899998664856, 23494.171247195412, 33314.67471109935
299.8949999809265, 23494.171247195412, 33314.67471109935
299.8949999809265, 23494.171247195412, 33314.67471109935
302.02099990844727, 23494.171247195412, 33314.67471109935
302.0389997959137, 23494.171247195412, 33314.67471109935
302.0519998073578, 23494.171247195412, 33314.67471109935
302.0609998703003, 23494.171247195412, 33314.67471109935
302.06900000572205, 23494.171247195412, 33314.67471109935
302.0809998512268, 23494.171247195412, 33313.10408873522
302.0859999656677, 23494.171247195412, 33313.10408873522
302.09699988365173, 23494.171247195412, 33312.74297248814
302.10599994659424, 23494.171247195412, 33312.74297248814
304.3090000152588, 23494.171247195412, 33312.74297248814
304.3149998188019, 23494.171247195412, 33312.74297248814
304.32499980926514, 23494.171247195412, 33312.74297248814
304.3309998512268, 23494.171247195412, 33310.50658088547
304.3369998931885, 23494.171247195412, 33310.14769262624
304.3420000076294, 23494.171247195412, 33310.14769262624
304.3489999771118, 23494.171247195412, 33310.14769262624
304.3550000190735, 23494.171247195412, 33310.14769262624
304.3609998226166, 23494.171247195412, 33310.14769262624
304.3609998226166, 23494.171247195412, 33310.14769262624
304.37800002098083, 23494.171247195412, 33310.14769262624
304.37800002098083, 23494.171247195412, 33310.14769262624
304.39299988746643, 23494.171247195412, 33310.14769262624
304.3939998149872, 23494.171247195412, 33310.14769262624
306.5519998073578, 23494.171247195412, 33310.14769262624
306.5739998817444, 23494.171247195412, 33310.14769262624
306.5849997997284, 23494.171247195412, 33308.339179636154
306.5939998626709, 23494.171247195412, 33308.339179636154
306.60199999809265, 23494.171247195412, 33307.58317046615
306.6099998950958, 23494.171247195412, 33307.58317046615
306.6159999370575, 23494.171247195412, 33307.58317046615
306.62599992752075, 23494.171247195412, 33307.58317046615
308.8829998970032, 23494.171247195412, 33307.48225929819
308.8939998149872, 23494.171247195412, 33307.48225929819
308.90899991989136, 23494.171247195412, 33307.48225929819
308.93299984931946, 23494.171247195412, 33307.27086597677
308.9389998912811, 23494.171247195412, 33307.27086597677
311.327999830246, 23494.171247195412, 33307.27086597677
311.3369998931885, 23494.171247195412, 33307.27086597677
311.3479998111725, 23494.171247195412, 33307.27086597677
311.3589999675751, 23494.171247195412, 33307.27086597677
311.36899995803833, 23494.171247195412, 33307.27086597677
311.375, 23494.171247195412, 33307.27086597677
311.37999987602234, 23494.171247195412, 33307.27086597677
311.3899998664856, 23494.171247195412, 33304.308712611935
311.40199995040894, 23494.171247195412, 33304.308712611935
311.4119999408722, 23494.171247195412, 33304.308712611935
311.41999983787537, 23494.171247195412, 33304.308712611935
311.43099999427795, 23494.171247195412, 33304.308712611935
313.85399985313416, 23494.171247195412, 33304.308712611935
313.8599998950958, 23494.171247195412, 33304.308712611935
313.86899995803833, 23494.171247195412, 33304.308712611935
313.875, 23494.171247195412, 33304.308712611935
313.8819999694824, 23494.171247195412, 33304.308712611935
313.8880000114441, 23494.171247195412, 33304.308712611935
313.8939998149872, 23494.171247195412, 33304.308712611935
313.9029998779297, 23494.171247195412, 33304.308712611935
316.06199979782104, 23494.171247195412, 33304.308712611935
316.07999992370605, 23494.171247195412, 33304.308712611935
316.0859999656677, 23494.171247195412, 33304.308712611935
316.095999956131, 23494.171247195412, 33304.308712611935
318.33200001716614, 23494.171247195412, 33304.308712611935
318.33899998664856, 23494.171247195412, 33304.308712611935
318.345999956131, 23494.171247195412, 33304.308712611935
318.35199999809265, 23494.171247195412, 33295.027838821814
318.356999874115, 23494.171247195412, 33295.027838821814
318.36299991607666, 23494.171247195412, 33295.027838821814
318.3699998855591, 23494.171247195412, 33294.94585073829
318.3769998550415, 23494.171247195412, 33294.94585073829
318.38899993896484, 23494.171247195412, 33294.94585073829
320.5639998912811, 23494.171247195412, 33294.06527014711
320.57299995422363, 23494.171247195412, 33294.06527014711
320.57299995422363, 23494.171247195412, 33293.756691015304
320.5899999141693, 23494.171247195412, 33293.0462367641
320.6089999675751, 23494.171247195412, 33293.0462367641
322.9759998321533, 23494.171247195412, 33293.0462367641
322.9759998321533, 23494.171247195412, 33293.0462367641
325.24000000953674, 23494.171247195412, 33291.84254665787
325.25, 23494.171247195412, 33291.84254665787
325.2569999694824, 23494.171247195412, 33291.84254665787
325.26399993896484, 23494.171247195412, 33291.84254665787
325.27099990844727, 23494.171247195412, 33291.84254665787
325.27699995040894, 23494.171247195412, 33291.84254665787
325.28799986839294, 23494.171247195412, 33291.84254665787
325.2960000038147, 23494.171247195412, 33291.84254665787
325.3049998283386, 23494.171247195412, 33291.84254665787
325.3159999847412, 23494.171247195412, 33291.551616434524
325.3269999027252, 23494.171247195412, 33291.551616434524
325.33799982070923, 23494.171247195412, 33291.551616434524
325.34499979019165, 23494.171247195412, 33291.551616434524
325.35199999809265, 23494.171247195412, 33291.551616434524
325.3599998950958, 23494.171247195412, 33291.551616434524
325.36699986457825, 23494.171247195412, 33291.551616434524
325.3729999065399, 23494.171247195412, 33291.551616434524
325.3819999694824, 23494.171247195412, 33291.551616434524
327.82599997520447, 23494.171247195412, 33291.551616434524
327.82599997520447, 23494.171247195412, 33291.551616434524
327.8420000076294, 23494.171247195412, 33291.551616434524
327.8420000076294, 23494.171247195412, 33291.551616434524
327.85799980163574, 23494.171247195412, 33287.757221053726
327.85799980163574, 23494.171247195412, 33287.757221053726
327.85799980163574, 23494.171247195412, 33287.757221053726
327.875, 23494.171247195412, 33287.757221053726
327.875, 23494.171247195412, 33287.505011387606
327.875, 23494.171247195412, 33287.505011387606
327.8919999599457, 23494.171247195412, 33287.505011387606
327.8919999599457, 23494.171247195412, 33287.505011387606
327.8919999599457, 23494.171247195412, 33287.505011387606
327.90899991989136, 23494.171247195412, 33287.505011387606
327.90899991989136, 23494.171247195412, 33287.505011387606
327.9210000038147, 23494.171247195412, 33287.505011387606
327.93299984931946, 23494.171247195412, 33286.99634673186
327.93699979782104, 23494.171247195412, 33286.86484568416
327.9429998397827, 23494.171247195412, 33286.86484568416
330.32499980926514, 23494.171247195412, 33286.86484568416
330.3349997997284, 23494.171247195412, 33286.71738628043
330.3439998626709, 23494.171247195412, 33286.71738628043
330.34999990463257, 23494.171247195412, 33286.71738628043
330.35599994659424, 23494.171247195412, 33286.71738628043
330.36299991607666, 23494.171247195412, 33286.71738628043
330.3729999065399, 23494.171247195412, 33286.71738628043
330.385999917984, 23494.171247195412, 33286.71738628043
330.3989999294281, 23494.171247195412, 33286.71738628043
332.95099997520447, 23494.171247195412, 33286.71738628043
332.95899987220764, 23494.171247195412, 33286.71738628043
332.96799993515015, 23494.171247195412, 33286.71738628043
332.97499990463257, 23494.171247195412, 33286.71738628043
332.98299980163574, 23494.171247195412, 33286.71738628043
332.99199986457825, 23494.171247195412, 33286.71738628043
332.9979999065399, 23494.171247195412, 33286.71738628043
332.9979999065399, 23494.171247195412, 33286.71738628043
333.01399993896484, 23494.171247195412, 33286.71738628043
333.01399993896484, 23494.171247195412, 33286.71738628043
333.02999997138977, 23494.171247195412, 33286.71738628043
333.02999997138977, 23494.171247195412, 33286.71738628043
333.0439999103546, 23494.171247195412, 33286.71738628043
333.0460000038147, 23494.171247195412, 33286.71738628043
333.0609998703003, 23494.171247195412, 33286.71738628043
333.06199979782104, 23494.171247195412, 33286.71738628043
333.077999830246, 23494.171247195412, 33286.71738628043
335.23099994659424, 23494.171247195412, 33286.71738628043
335.2369999885559, 23494.171247195412, 33286.71738628043
335.24699997901917, 23494.171247195412, 33286.71738628043
335.2589998245239, 23494.171247195412, 33281.44598578542
335.27099990844727, 23494.171247195412, 33281.44598578542
335.27999997138977, 23494.171247195412, 33281.44598578542
335.2869999408722, 23494.171247195412, 33281.44598578542
337.82999992370605, 23494.171247195412, 33281.44598578542
337.8369998931885, 23494.171247195412, 33281.44598578542
337.84699988365173, 23494.171247195412, 33281.44598578542
342.58899998664856, 23494.171247195412, 33273.23690534138
342.59699988365173, 23494.171247195412, 33273.23690534138
342.6050000190735, 23494.171247195412, 33273.23690534138
342.61299991607666, 23494.171247195412, 33273.23690534138
342.61899995803833, 23494.171247195412, 33273.23690534138
342.6269998550415, 23494.171247195412, 33273.23690534138
342.63499999046326, 23494.171247195412, 33272.340403962786
344.9759998321533, 23494.171247195412, 33271.05024810718
344.981999874115, 23494.171247195412, 33271.05024810718
344.99000000953674, 23494.171247195412, 33271.05024810718
344.99599981307983, 23494.171247195412, 33271.05024810718
345.0, 23494.171247195412, 33271.05024810718
345.0130000114441, 23494.171247195412, 33271.05024810718
345.02099990844727, 23494.171247195412, 33271.05024810718
345.02999997138977, 23494.171247195412, 33271.05024810718
347.39599990844727, 23494.171247195412, 33271.05024810718
347.4099998474121, 23494.171247195412, 33271.05024810718
347.41699981689453, 23494.171247195412, 33271.05024810718
347.4279999732971, 23494.171247195412, 33271.05024810718
347.43699979782104, 23494.171247195412, 33271.05024810718
347.4429998397827, 23494.171247195412, 33271.05024810718
347.4519999027252, 23494.171247195412, 33271.05024810718
347.4619998931885, 23494.171247195412, 33271.05024810718
350.16699981689453, 23494.171247195412, 33271.05024810718
350.16699981689453, 23494.171247195412, 33262.71090076854
350.1859998703003, 23494.171247195412, 33262.71090076854
350.1929998397827, 23494.171247195412, 33262.71090076854
350.1989998817444, 23494.171247195412, 33262.71090076854
350.2099997997284, 23494.171247195412, 33262.71090076854
350.2279999256134, 23494.171247195412, 33262.71090076854
350.23799991607666, 23494.171247195412, 33262.71090076854
350.2449998855591, 23494.171247195412, 33262.71090076854
352.7229998111725, 23494.171247195412, 33261.02269304284
352.72899985313416, 23494.171247195412, 33261.02269304284
352.7389998435974, 23494.171247195412, 33261.02269304284
352.75099992752075, 23494.171247195412, 33261.02269304284
355.3639998435974, 23494.171247195412, 33256.89841349008
355.37199997901917, 23494.171247195412, 33256.89841349008
355.3829998970032, 23494.171247195412, 33256.89841349008
355.3899998664856, 23494.171247195412, 33256.89841349008
355.396999835968, 23494.171247195412, 33256.89841349008
355.4079999923706, 23494.171247195412, 33256.60998038386
358.0149998664856, 23494.171247195412, 33254.86017237483
358.02699995040894, 23494.171247195412, 33254.11649221336
358.0349998474121, 23494.171247195412, 33253.63007506253
358.039999961853, 23494.171247195412, 33253.63007506253
358.05599999427795, 23494.171247195412, 33253.63007506253
360.5529999732971, 23494.171247195412, 33252.70365320801
360.57299995422363, 23494.171247195412, 33252.70365320801
360.5829999446869, 23494.171247195412, 33252.70365320801
360.5939998626709, 23494.171247195412, 33252.70365320801
360.6050000190735, 23494.171247195412, 33251.92709990938
360.61500000953674, 23494.171247195412, 33251.92709990938
360.625, 23494.171247195412, 33251.92709990938
360.6319999694824, 23494.171247195412, 33251.92709990938
360.63699984550476, 23494.171247195412, 33251.92709990938
363.24000000953674, 23494.171247195412, 33250.19993177294
363.2449998855591, 23494.171247195412, 33250.19993177294
363.2449998855591, 23494.171247195412, 33248.41295465678
363.26199984550476, 23494.171247195412, 33248.41295465678
363.2819998264313, 23494.171247195412, 33247.53557660544
365.8829998970032, 23494.171247195412, 33247.4997958987
365.89800000190735, 23494.171247195412, 33247.4997958987
365.90499997138977, 23494.171247195412, 33247.4997958987
365.91799998283386, 23494.171247195412, 33247.38749732832
365.9279999732971, 23494.171247195412, 33244.31122604521
365.9399998188019, 23494.171247195412, 33244.31122604521
365.94599986076355, 23494.171247195412, 33244.31122604521
365.9519999027252, 23494.171247195412, 33244.31122604521
368.5169999599457, 23494.171247195412, 33243.758882844144
368.52499985694885, 23494.171247195412, 33243.758882844144
368.5329999923706, 23494.171247195412, 33243.758882844144
368.5389997959137, 23494.171247195412, 33243.758882844144
368.54699993133545, 23494.171247195412, 33243.758882844144
368.55399990081787, 23494.171247195412, 33243.758882844144
368.55999994277954, 23494.171247195412, 33243.758882844144
368.57299995422363, 23494.171247195412, 33242.59941936425
368.5829999446869, 23494.171247195412, 33241.829949274055
370.93699979782104, 23494.171247195412, 33241.829949274055
370.94400000572205, 23494.171247195412, 33241.829949274055
370.9559998512268, 23494.171247195412, 33241.829949274055
370.96599984169006, 23494.171247195412, 33241.829949274055
370.9759998321533, 23494.171247195412, 33241.829949274055
370.9859998226166, 23494.171247195412, 33241.829949274055
370.99599981307983, 23494.171247195412, 33241.829949274055
373.5039999485016, 23494.171247195412, 33239.37712504995
373.51399993896484, 23494.171247195412, 33239.37712504995
373.5169999599457, 23494.171247195412, 33239.37712504995
373.5169999599457, 23494.171247195412, 33238.16284916157
373.5309998989105, 23494.171247195412, 33238.16284916157
373.54699993133545, 23494.171247195412, 33237.02831311245
373.5479998588562, 23494.171247195412, 33237.02831311245
373.5649998188019, 23494.171247195412, 33237.02831311245
373.5649998188019, 23494.171247195412, 33237.02831311245
373.5649998188019, 23494.171247195412, 33237.02831311245
373.5859999656677, 23494.171247195412, 33236.10646878197
376.05999994277954, 23494.171247195412, 33236.10646878197
376.0720000267029, 23494.171247195412, 33236.10646878197
376.08399987220764, 23494.171247195412, 33236.10646878197
376.095999956131, 23494.171247195412, 33236.10646878197
376.1089999675751, 23494.171247195412, 33236.10646878197
376.117999792099, 23494.171247195412, 33236.10646878197
376.1269998550415, 23494.171247195412, 33236.10646878197
376.1439998149872, 23494.171247195412, 33231.65959916082
376.1529998779297, 23494.171247195412, 33229.81278026945
378.6309998035431, 23494.171247195412, 33229.46722045265
378.6309998035431, 23494.171247195412, 33229.46722045265
378.64800000190735, 23494.171247195412, 33228.99140710727
378.64800000190735, 23494.171247195412, 33228.99140710727
378.664999961853, 23494.171247195412, 33228.89823255719
378.67899990081787, 23494.171247195412, 33228.89823255719
381.1819999217987, 23494.171247195412, 33228.89823255719
381.19999980926514, 23494.171247195412, 33228.89823255719
381.21299982070923, 23494.171247195412, 33228.89823255719
381.2229998111725, 23494.171247195412, 33228.89823255719
381.23299980163574, 23494.171247195412, 33228.195118163334
381.24199986457825, 23494.171247195412, 33228.195118163334
381.2479999065399, 23494.171247195412, 33228.195118163334
381.2539999485016, 23494.171247195412, 33228.195118163334
381.26199984550476, 23494.171247195412, 33228.195118163334
381.2699999809265, 23494.171247195412, 33228.195118163334
381.27899980545044, 23494.171247195412, 33228.195118163334
381.2909998893738, 23494.171247195412, 33228.195118163334
381.30999994277954, 23494.171247195412, 33227.95874093093
381.3179998397827, 23494.171247195412, 33226.53294973788
381.32599997520447, 23494.171247195412, 33226.53294973788
384.1329998970032, 23494.171247195412, 33226.474660339096
384.13899993896484, 23494.171247195412, 33225.098237063525
384.1489999294281, 23494.171247195412, 33223.463638303685
384.15499997138977, 23494.171247195412, 33223.36900746566
384.164999961853, 23494.171247195412, 33223.36900746566
384.17199993133545, 23494.171247195412, 33223.36900746566
384.17199993133545, 23494.171247195412, 33223.36900746566
386.60599994659424, 23494.171247195412, 33223.36900746566
386.6159999370575, 23494.171247195412, 33223.36900746566
386.62599992752075, 23494.171247195412, 33223.36900746566
386.63499999046326, 23494.171247195412, 33223.36900746566
386.64099979400635, 23494.171247195412, 33223.36900746566
386.6559998989105, 23494.171247195412, 33223.36900746566
386.664999961853, 23494.171247195412, 33223.36900746566
386.6779999732971, 23494.171247195412, 33223.36900746566
386.68499994277954, 23494.171247195412, 33223.36900746566
389.34299993515015, 23494.171247195412, 33223.36900746566
389.3589999675751, 23494.171247195412, 33221.99465097018
389.3589999675751, 23494.171247195412, 33221.99465097018
389.37599992752075, 23494.171247195412, 33221.99465097018
389.37599992752075, 23494.171247195412, 33221.99465097018
389.39099979400635, 23494.171247195412, 33221.99465097018
389.39299988746643, 23494.171247195412, 33220.98452160498
391.87599992752075, 23494.171247195412, 33220.98452160498
391.88699984550476, 23494.171247195412, 33218.177722727196
391.89599990844727, 23494.171247195412, 33218.177722727196
391.9029998779297, 23494.171247195412, 33218.177722727196
391.914999961853, 23494.171247195412, 33218.177722727196
394.6399998664856, 23494.171247195412, 33213.08424819087
394.6489999294281, 23494.171247195412, 33213.08424819087
394.6489999294281, 23494.171247195412, 33213.08424819087
394.664999961853, 23494.171247195412, 33213.08424819087
394.664999961853, 23494.171247195412, 33213.08424819087
394.68699979782104, 23494.171247195412, 33212.943402433644
394.69599986076355, 23494.171247195412, 33212.943402433644
397.260999917984, 23494.171247195412, 33212.943402433644
397.2699999809265, 23494.171247195412, 33212.943402433644
397.27999997138977, 23494.171247195412, 33212.943402433644
397.2939999103546, 23494.171247195412, 33211.861888917534
397.3029999732971, 23494.171247195412, 33211.861888917534
397.3109998703003, 23494.171247195412, 33211.861888917534
397.3159999847412, 23494.171247195412, 33210.84248692187
397.3220000267029, 23494.171247195412, 33210.41272578643
397.3359999656677, 23494.171247195412, 33210.41272578643
397.34499979019165, 23494.171247195412, 33209.834652437254
397.35599994659424, 23494.171247195412, 33209.834652437254
397.36500000953674, 23494.171247195412, 33209.834652437254
400.0659999847412, 23494.171247195412, 33209.834652437254
400.07599997520447, 23494.171247195412, 33209.834652437254
400.08799982070923, 23494.171247195412, 33209.834652437254
400.09999990463257, 23494.171247195412, 33209.834652437254
400.10799980163574, 23494.171247195412, 33208.24644376307
400.11500000953674, 23494.171247195412, 33208.24644376307
400.12199997901917, 23494.171247195412, 33208.24644376307
400.1319999694824, 23494.171247195412, 33205.62591797258
400.1449999809265, 23494.171247195412, 33204.687311799076
400.1579999923706, 23494.171247195412, 33204.687311799076
402.81199979782104, 23494.171247195412, 33204.624315239846
402.8199999332428, 23494.171247195412, 33204.624315239846
402.82499980926514, 23494.171247195412, 33204.624315239846
402.8309998512268, 23494.171247195412, 33204.624315239846
402.83799982070923, 23494.171247195412, 33204.624315239846
402.8489999771118, 23494.171247195412, 33204.36916002711
402.86500000953674, 23494.171247195412, 33204.294780291646
405.61500000953674, 23494.171247195412, 33203.51774144692
405.61500000953674, 23494.171247195412, 33203.31919490413
405.63499999046326, 23494.171247195412, 33202.56148637658
405.64800000190735, 23494.171247195412, 33202.56148637658
405.65899991989136, 23494.171247195412, 33202.56148637658
405.66799998283386, 23494.171247195412, 33202.56148637658
405.6769998073578, 23494.171247195412, 33202.44604694508
405.6859998703003, 23494.171247195412, 33202.44604694508
405.6929998397827, 23494.171247195412, 33202.44604694508
405.702999830246, 23494.171247195412, 33202.44604694508
405.7149999141693, 23494.171247195412, 33202.30606866964
408.3399999141693, 23494.171247195412, 33202.30606866964
408.34999990463257, 23494.171247195412, 33202.30606866964
408.3609998226166, 23494.171247195412, 33202.30606866964
408.36699986457825, 23494.171247195412, 33202.30606866964
408.37199997901917, 23494.171247195412, 33202.30606866964
408.37800002098083, 23494.171247195412, 33202.30606866964
408.3880000114441, 23494.171247195412, 33202.30606866964
411.1599998474121, 23494.171247195412, 33202.30606866964
411.1599998474121, 23494.171247195412, 33202.30606866964
411.1799998283386, 23494.171247195412, 33200.16546917878
411.18699979782104, 23494.171247195412, 33200.16546917878
411.1949999332428, 23494.171247195412, 33200.16546917878
411.202999830246, 23494.171247195412, 33200.16546917878
411.2099997997284, 23494.171247195412, 33200.16546917878
411.21799993515015, 23494.171247195412, 33200.16546917878
411.2239999771118, 23494.171247195412, 33200.16546917878
411.2300000190735, 23494.171247195412, 33200.16546917878
413.74199986457825, 23494.171247195412, 33200.16546917878
413.7479999065399, 23494.171247195412, 33200.16546917878
413.7589998245239, 23494.171247195412, 33200.16546917878
413.7649998664856, 23494.171247195412, 33200.16546917878
413.7649998664856, 23494.171247195412, 33200.16546917878
413.77999997138977, 23494.171247195412, 33200.16546917878
413.77999997138977, 23494.171247195412, 33200.16546917878
416.6199998855591, 23494.171247195412, 33200.16546917878
416.6289999485016, 23494.171247195412, 33200.16546917878
416.635999917984, 23494.171247195412, 33200.16546917878
416.6489999294281, 23494.171247195412, 33200.11241594542
416.6599998474121, 23494.171247195412, 33200.11241594542
419.33899998664856, 23494.171247195412, 33196.11482030985
419.3479998111725, 23494.171247195412, 33196.11482030985
419.35599994659424, 23494.171247195412, 33196.11482030985
419.36299991607666, 23494.171247195412, 33194.98589505092
421.9359998703003, 23494.171247195412, 33193.58028847754
421.94599986076355, 23494.171247195412, 33193.58028847754
421.952999830246, 23494.171247195412, 33193.58028847754
421.95899987220764, 23494.171247195412, 33193.58028847754
421.96799993515015, 23494.171247195412, 33193.58028847754
421.97899985313416, 23494.171247195412, 33193.58028847754
421.99399995803833, 23494.171247195412, 33193.58028847754
424.6619999408722, 23494.171247195412, 33189.47570608692
424.66999983787537, 23494.171247195412, 33189.47570608692
427.24199986457825, 23494.171247195412, 33189.47570608692
427.25300002098083, 23494.171247195412, 33189.47570608692
427.260999917984, 23494.171247195412, 33189.47570608692
427.27999997138977, 23494.171247195412, 33189.47570608692
427.29699993133545, 23494.171247195412, 33189.47570608692
427.3069999217987, 23494.171247195412, 33189.47570608692
427.32099986076355, 23494.171247195412, 33189.47570608692
427.3349997997284, 23494.171247195412, 33189.47570608692
427.345999956131, 23494.171247195412, 33189.47570608692
429.9800000190735, 23494.171247195412, 33188.01337502671
429.98799991607666, 23494.171247195412, 33188.01337502671
429.99399995803833, 23494.171247195412, 33188.01337502671
430.0019998550415, 23494.171247195412, 33188.01337502671
430.01199984550476, 23494.171247195412, 33188.01337502671
432.6799998283386, 23494.171247195412, 33188.01337502671
432.6840000152588, 23494.171247195412, 33188.01337502671
432.69599986076355, 23494.171247195412, 33188.01337502671
432.7059998512268, 23494.171247195412, 33188.01337502671
432.720999956131, 23494.171247195412, 33188.01337502671
432.74000000953674, 23494.171247195412, 33184.75007548028
432.76199984550476, 23494.171247195412, 33184.75007548028
432.77099990844727, 23494.171247195412, 33184.75007548028
435.4139997959137, 23494.171247195412, 33184.75007548028
435.43299984931946, 23494.171247195412, 33184.75007548028
435.44599986076355, 23494.171247195412, 33184.75007548028
435.45700001716614, 23494.171247195412, 33184.75007548028
435.46599984169006, 23494.171247195412, 33184.75007548028
435.470999956131, 23494.171247195412, 33184.75007548028
435.47699999809265, 23494.171247195412, 33184.75007548028
435.48299980163574, 23494.171247195412, 33184.75007548028
435.49000000953674, 23494.171247195412, 33183.004526985875
435.49699997901917, 23494.171247195412, 33183.004526985875
435.50300002098083, 23494.171247195412, 33183.004526985875
435.51199984550476, 23494.171247195412, 33183.004526985875
435.5199999809265, 23494.171247195412, 33183.004526985875
435.52899980545044, 23494.171247195412, 33183.004526985875
435.5369999408722, 23494.171247195412, 33183.004526985875
438.1510000228882, 23494.171247195412, 33181.19212391638
438.16699981689453, 23494.171247195412, 33181.19212391638
438.16699981689453, 23494.171247195412, 33181.19212391638
438.16699981689453, 23494.171247195412, 33181.19212391638
438.18299984931946, 23494.171247195412, 33181.19212391638
440.7999999523163, 23494.171247195412, 33181.19212391638
440.80999994277954, 23494.171247195412, 33181.19212391638
440.82099986076355, 23494.171247195412, 33181.19212391638
440.83899998664856, 23494.171247195412, 33179.17486139414
440.84999990463257, 23494.171247195412, 33179.17486139414
440.856999874115, 23494.171247195412, 33179.17486139414
443.481999874115, 23494.171247195412, 33178.20469750177
443.492999792099, 23494.171247195412, 33178.20469750177
443.49899983406067, 23494.171247195412, 33178.20469750177
443.5089998245239, 23494.171247195412, 33178.20469750177
443.52499985694885, 23494.171247195412, 33178.20469750177
446.19199991226196, 23494.171247195412, 33178.20469750177
446.20499992370605, 23494.171247195412, 33178.20469750177
446.2109999656677, 23494.171247195412, 33178.20469750177
446.21799993515015, 23494.171247195412, 33178.20469750177
446.2229998111725, 23494.171247195412, 33178.20469750177
446.231999874115, 23494.171247195412, 33178.20469750177
446.2389998435974, 23494.171247195412, 33178.20469750177
446.24599981307983, 23494.171247195412, 33178.20469750177
446.2519998550415, 23494.171247195412, 33178.20469750177
446.2579998970032, 23494.171247195412, 33178.20469750177
446.2630000114441, 23494.171247195412, 33178.20469750177
446.26799988746643, 23494.171247195412, 33178.20469750177
446.2739999294281, 23494.171247195412, 33178.20469750177
446.2819998264313, 23494.171247195412, 33178.20469750177
446.2869999408722, 23494.171247195412, 33178.20469750177
446.2979998588562, 23494.171247195412, 33178.20469750177
449.021999835968, 23494.171247195412, 33178.20469750177
449.02899980545044, 23494.171247195412, 33178.20469750177
449.0349998474121, 23494.171247195412, 33178.20469750177
449.039999961853, 23494.171247195412, 33178.20469750177
449.04499983787537, 23494.171247195412, 33178.20469750177
449.0519998073578, 23494.171247195412, 33178.20469750177
449.05599999427795, 23494.171247195412, 33178.20469750177
449.06199979782104, 23494.171247195412, 33178.20469750177
449.0679998397827, 23494.171247195412, 33178.20469750177
449.0789999961853, 23494.171247195412, 33178.20469750177
449.08399987220764, 23494.171247195412, 33178.20469750177
449.0899999141693, 23494.171247195412, 33178.20469750177
449.0979998111725, 23494.171247195412, 33178.20469750177
449.106999874115, 23494.171247195412, 33178.20469750177
451.75999999046326, 23494.171247195412, 33178.20469750177
451.77099990844727, 23494.171247195412, 33178.20469750177
451.77999997138977, 23494.171247195412, 33178.20469750177
451.789999961853, 23494.171247195412, 33178.20469750177
451.7999999523163, 23494.171247195412, 33178.20469750177
451.8090000152588, 23494.171247195412, 33178.20469750177
451.82299995422363, 23494.171247195412, 33178.20469750177
451.82999992370605, 23494.171247195412, 33178.20469750177
451.8369998931885, 23494.171247195412, 33178.20469750177
451.84499979019165, 23494.171247195412, 33178.20469750177
451.8550000190735, 23494.171247195412, 33178.20469750177
451.8729999065399, 23494.171247195412, 33178.20469750177
451.8789999485016, 23494.171247195412, 33178.20469750177
454.5549998283386, 23494.171247195412, 33170.947432655186
454.55599999427795, 23494.171247195412, 33170.947432655186
454.5679998397827, 23494.171247195412, 33170.947432655186
454.5769999027252, 23494.171247195412, 33170.947432655186
454.5829999446869, 23494.171247195412, 33170.947432655186
454.59099984169006, 23494.171247195412, 33170.947432655186
454.5989999771118, 23494.171247195412, 33170.947432655186
454.6089999675751, 23494.171247195412, 33170.947432655186
454.61699986457825, 23494.171247195412, 33170.947432655186
454.61899995803833, 23494.171247195412, 33170.947432655186
454.635999917984, 23494.171247195412, 33170.947432655186
457.1510000228882, 23494.171247195412, 33170.947432655186
457.15899991989136, 23494.171247195412, 33170.947432655186
457.16999983787537, 23494.171247195412, 33167.01507846705
457.18099999427795, 23494.171247195412, 33167.01507846705
457.19199991226196, 23494.171247195412, 33167.01507846705
457.20899987220764, 23494.171247195412, 33167.01507846705
460.039999961853, 23494.171247195412, 33165.59519391463
460.04900002479553, 23494.171247195412, 33165.59519391463
460.05999994277954, 23494.171247195412, 33165.59519391463
460.0699999332428, 23494.171247195412, 33165.59519391463
460.07999992370605, 23494.171247195412, 33165.59519391463
460.0849997997284, 23494.171247195412, 33165.59519391463
460.09099984169006, 23494.171247195412, 33165.59519391463
460.1029999256134, 23494.171247195412, 33163.24601792094
462.89599990844727, 23494.171247195412, 33162.16631900382
462.91299986839294, 23494.171247195412, 33162.16631900382
462.91299986839294, 23494.171247195412, 33162.16631900382
462.91299986839294, 23494.171247195412, 33162.16631900382
462.9299998283386, 23494.171247195412, 33162.16631900382
462.9299998283386, 23494.171247195412, 33162.16631900382
462.94400000572205, 23494.171247195412, 33162.16631900382
462.94599986076355, 23494.171247195412, 33160.52127579529
462.95899987220764, 23494.171247195412, 33160.52127579529
462.96399998664856, 23494.171247195412, 33160.52127579529
462.96399998664856, 23494.171247195412, 33160.52127579529
462.98099994659424, 23494.171247195412, 33160.52127579529
462.98099994659424, 23494.171247195412, 33160.52127579529
462.9909999370575, 23494.171247195412, 33160.52127579529
462.9979999065399, 23494.171247195412, 33160.52127579529
463.010999917984, 23494.171247195412, 33160.52127579529
463.0189998149872, 23494.171247195412, 33160.52127579529
463.02699995040894, 23494.171247195412, 33160.52127579529
463.03399991989136, 23494.171247195412, 33160.52127579529
463.04299998283386, 23494.171247195412, 33160.17773291077
463.04900002479553, 23494.171247195412, 33160.17773291077
466.0499999523163, 23494.171247195412, 33160.17773291077
466.05999994277954, 23494.171247195412, 33160.17773291077
466.0699999332428, 23494.171247195412, 33159.75113745275
466.07999992370605, 23494.171247195412, 33159.028536914324
466.0849997997284, 23494.171247195412, 33159.028536914324
466.09099984169006, 23494.171247195412, 33159.028536914324
466.09699988365173, 23494.171247195412, 33159.028536914324
466.10599994659424, 23494.171247195412, 33158.882122549796
468.89800000190735, 23494.171247195412, 33158.19555864017
468.89800000190735, 23494.171247195412, 33158.19555864017
468.9139997959137, 23494.171247195412, 33158.19555864017
468.9139997959137, 23494.171247195412, 33158.19555864017
468.9139997959137, 23494.171247195412, 33158.19555864017
468.9299998283386, 23494.171247195412, 33158.19555864017
468.9299998283386, 23494.171247195412, 33158.19555864017
468.9299998283386, 23494.171247195412, 33158.19555864017
468.94599986076355, 23494.171247195412, 33158.19555864017
468.94599986076355, 23494.171247195412, 33158.19555864017
468.9609999656677, 23494.171247195412, 33155.83513439703
468.97699999809265, 23494.171247195412, 33155.83513439703
471.8049998283386, 23494.171247195412, 33154.36036726809
471.8149998188019, 23494.171247195412, 33154.36036726809
471.82599997520447, 23494.171247195412, 33154.36036726809
471.8369998931885, 23494.171247195412, 33154.36036726809
471.8489999771118, 23494.171247195412, 33154.08832561464
471.8589999675751, 23494.171247195412, 33154.08832561464
471.86899995803833, 23494.171247195412, 33154.08832561464
471.8769998550415, 23494.171247195412, 33154.08832561464
471.885999917984, 23494.171247195412, 33154.08832561464
471.8939998149872, 23494.171247195412, 33153.29878749916
471.90199995040894, 23494.171247195412, 33153.29878749916
474.6309998035431, 23494.171247195412, 33152.27925093282
474.646999835968, 23494.171247195412, 33151.68627466483
474.6559998989105, 23494.171247195412, 33151.68627466483
474.66100001335144, 23494.171247195412, 33151.68627466483
474.6729998588562, 23494.171247195412, 33151.68627466483
474.68699979782104, 23494.171247195412, 33151.68627466483
474.6949999332428, 23494.171247195412, 33151.68627466483
477.4559998512268, 23494.171247195412, 33151.68627466483
477.4599997997284, 23494.171247195412, 33151.68627466483
477.4759998321533, 23494.171247195412, 33151.68627466483
477.4859998226166, 23494.171247195412, 33151.68627466483
477.4979999065399, 23494.171247195412, 33151.68627466483
477.5079998970032, 23494.171247195412, 33151.68627466483
477.5130000114441, 23494.171247195412, 33151.68627466483
477.5199999809265, 23494.171247195412, 33151.68627466483
477.5260000228882, 23494.171247195412, 33151.68627466483
477.5329999923706, 23494.171247195412, 33151.12184624194
477.5409998893738, 23494.171247195412, 33151.12184624194
477.5479998588562, 23494.171247195412, 33151.12184624194
477.5549998283386, 23494.171247195412, 33151.12184624194
477.5629999637604, 23494.171247195412, 33151.12184624194
477.5699999332428, 23494.171247195412, 33151.12184624194
477.577999830246, 23494.171247195412, 33151.12184624194
480.2739999294281, 23494.171247195412, 33151.12184624194
480.28799986839294, 23494.171247195412, 33151.12184624194
480.3069999217987, 23494.171247195412, 33151.12184624194
480.3179998397827, 23494.171247195412, 33151.12184624194
480.3269999027252, 23494.171247195412, 33151.12184624194
480.3349997997284, 23494.171247195412, 33151.12184624194
480.3420000076294, 23494.171247195412, 33151.12184624194
480.3479998111725, 23494.171247195412, 33151.12184624194
480.35399985313416, 23494.171247195412, 33151.12184624194
480.3619999885559, 23494.171247195412, 33151.12184624194
483.14099979400635, 23494.171247195412, 33147.87750647445
483.1559998989105, 23494.171247195412, 33147.87750647445
485.9849998950958, 23494.171247195412, 33147.87750647445
485.992999792099, 23494.171247195412, 33147.87750647445
485.992999792099, 23494.171247195412, 33147.87750647445
486.00999999046326, 23494.171247195412, 33147.87750647445
486.0199999809265, 23494.171247195412, 33147.87750647445
486.0309998989105, 23494.171247195412, 33147.87750647445
486.03799986839294, 23494.171247195412, 33147.87750647445
486.0479998588562, 23494.171247195412, 33147.87750647445
486.0549998283386, 23494.171247195412, 33147.87750647445
488.90199995040894, 23494.171247195412, 33147.87750647445
488.91799998283386, 23494.171247195412, 33147.18552560488
488.91799998283386, 23494.171247195412, 33147.18552560488
488.9340000152588, 23494.171247195412, 33147.18552560488
488.9340000152588, 23494.171247195412, 33147.18552560488
488.9340000152588, 23494.171247195412, 33147.18552560488
488.9489998817444, 23494.171247195412, 33147.18552560488
488.9489998817444, 23494.171247195412, 33147.18552560488
488.96599984169006, 23494.171247195412, 33147.18552560488
488.96599984169006, 23494.171247195412, 33145.030331549875
488.96599984169006, 23494.171247195412, 33145.030331549875
488.98299980163574, 23494.171247195412, 33145.030331549875
491.77999997138977, 23494.171247195412, 33144.98463689074
491.789999961853, 23494.171247195412, 33144.17065567376
491.79900002479553, 23494.171247195412, 33144.17065567376
491.8090000152588, 23494.171247195412, 33144.17065567376
491.81699991226196, 23494.171247195412, 33143.88034307427
491.82499980926514, 23494.171247195412, 33143.88034307427
491.82999992370605, 23494.171247195412, 33143.88034307427
491.8359999656677, 23494.171247195412, 33143.88034307427
491.84099984169006, 23494.171247195412, 33143.88034307427
491.84699988365173, 23494.171247195412, 33143.88034307427
491.85199999809265, 23494.171247195412, 33143.88034307427
491.856999874115, 23494.171247195412, 33143.86242317161
494.6309998035431, 23494.171247195412, 33143.86242317161
494.64099979400635, 23494.171247195412, 33143.86242317161
494.6439998149872, 23494.171247195412, 33143.86242317161
497.39800000190735, 23494.171247195412, 33142.795779580905
497.41100001335144, 23494.171247195412, 33142.795779580905
497.41999983787537, 23494.171247195412, 33142.795779580905
497.4299998283386, 23494.171247195412, 33142.795779580905
497.4379999637604, 23494.171247195412, 33140.14830570672
497.4449999332428, 23494.171247195412, 33140.14830570672
497.45099997520447, 23494.171247195412, 33140.14830570672
497.45700001716614, 23494.171247195412, 33140.14830570672
500.2869999408722, 23494.171247195412, 33138.01524152512
500.29699993133545, 23494.171247195412, 33138.01524152512
500.3029999732971, 23494.171247195412, 33138.01524152512
500.32099986076355, 23494.171247195412, 33136.85664481942
503.50300002098083, 23494.171247195412, 33136.35472145657
503.5039999485016, 23494.171247195412, 33136.35472145657
503.510999917984, 23494.171247195412, 33135.24825602361
503.51799988746643, 23494.171247195412, 33135.24825602361
503.51799988746643, 23494.171247195412, 33135.24825602361
506.1879999637604, 23494.171247195412, 33134.495654358885
506.19599986076355, 23494.171247195412, 33134.495654358885
509.1639997959137, 23494.171247195412, 33134.495654358885
511.9889998435974, 23494.171247195412, 33134.12568051771
511.9979999065399, 23494.171247195412, 33134.12568051771
512.0099999904633, 23494.171247195412, 33133.54407125932
512.0230000019073, 23494.171247195412, 33133.371810269164
512.0360000133514, 23494.171247195412, 33133.371810269164
514.9229998588562, 23494.171247195412, 33133.371810269164
514.9289999008179, 23494.171247195412, 33133.371810269164
514.9349999427795, 23494.171247195412, 33133.371810269164
514.9399998188019, 23494.171247195412, 33133.371810269164
514.9470000267029, 23494.171247195412, 33132.68249669437
514.9509999752045, 23494.171247195412, 33132.68249669437
514.9579999446869, 23494.171247195412, 33132.68249669437
514.9639999866486, 23494.171247195412, 33132.68249669437
514.970999956131, 23494.171247195412, 33132.68249669437
514.9779999256134, 23494.171247195412, 33132.68249669437
514.9859998226166, 23494.171247195412, 33132.68249669437
514.9979999065399, 23494.171247195412, 33132.68249669437
517.867999792099, 23494.171247195412, 33132.68249669437
517.875, 23494.171247195412, 33132.68249669437
517.8839998245239, 23494.171247195412, 33132.68249669437
517.8899998664856, 23494.171247195412, 33132.68249669437
517.8959999084473, 23494.171247195412, 33132.68249669437
517.9029998779297, 23494.171247195412, 33132.68249669437
517.9110000133514, 23494.171247195412, 33130.169975736506
517.9189999103546, 23494.171247195412, 33130.169975736506
517.9340000152588, 23494.171247195412, 33130.169975736506
520.8429999351501, 23494.171247195412, 33128.5492502735
520.8529999256134, 23494.171247195412, 33127.408411838784
520.8629999160767, 23494.171247195412, 33127.408411838784
520.8709998130798, 23494.171247195412, 33127.408411838784
520.8799998760223, 23494.171247195412, 33124.25445769323
523.8479998111725, 23494.171247195412, 33124.25445769323
523.8559999465942, 23494.171247195412, 33124.25445769323
523.8629999160767, 23494.171247195412, 33124.25445769323
523.8689999580383, 23494.171247195412, 33124.25445769323
523.8759999275208, 23494.171247195412, 33124.25445769323
523.8819999694824, 23494.171247195412, 33124.25445769323
523.8880000114441, 23494.171247195412, 33124.25445769323
523.896999835968, 23494.171247195412, 33124.25445769323
523.9029998779297, 23494.171247195412, 33124.25445769323
523.9099998474121, 23494.171247195412, 33124.25445769323
523.9179999828339, 23494.171247195412, 33124.25445769323
523.9249999523163, 23494.171247195412, 33124.25445769323
523.930999994278, 23494.171247195412, 33124.25445769323
523.9379999637604, 23494.171247195412, 33124.25445769323
526.7279999256134, 23494.171247195412, 33122.838873872926
526.7469999790192, 23494.171247195412, 33122.838873872926
526.7569999694824, 23494.171247195412, 33122.838873872926
526.7679998874664, 23494.171247195412, 33121.67051174587
526.7760000228882, 23494.171247195412, 33121.67051174587
529.7089998722076, 23494.171247195412, 33121.67051174587
529.7119998931885, 23494.171247195412, 33121.67051174587
529.7159998416901, 23494.171247195412, 33121.67051174587
529.7269999980927, 23494.171247195412, 33121.67051174587
529.7389998435974, 23494.171247195412, 33120.229797755426
529.7489998340607, 23494.171247195412, 33119.586297298214
529.7599999904633, 23494.171247195412, 33119.586297298214
529.7679998874664, 23494.171247195412, 33119.586297298214
529.7760000228882, 23494.171247195412, 33119.586297298214
529.7849998474121, 23494.171247195412, 33119.586297298214
532.5849997997284, 23494.171247195412, 33118.00504454101
532.6019999980927, 23494.171247195412, 33118.00504454101
532.6099998950958, 23494.171247195412, 33118.00504454101
532.6189999580383, 23494.171247195412, 33118.00504454101
532.6309998035431, 23494.171247195412, 33118.00504454101
532.6429998874664, 23494.171247195412, 33118.00504454101
532.6549999713898, 23494.171247195412, 33116.780856770114
532.664999961853, 23494.171247195412, 33116.780856770114
532.6710000038147, 23494.171247195412, 33116.780856770114
532.6819999217987, 23494.171247195412, 33115.59607353252
535.680999994278, 23494.171247195412, 33115.59607353252
535.694000005722, 23494.171247195412, 33115.59607353252
538.6879999637604, 23494.171247195412, 33113.44090761685
538.6979999542236, 23494.171247195412, 33113.44090761685
538.7099997997284, 23494.171247195412, 33112.09292696163
538.7170000076294, 23494.171247195412, 33111.357639674774
538.7239999771118, 23494.171247195412, 33111.357639674774
538.7309999465942, 23494.171247195412, 33111.357639674774
538.7379999160767, 23494.171247195412, 33111.357639674774
541.7409999370575, 23494.171247195412, 33111.357639674774
541.7449998855591, 23494.171247195412, 33109.02908565886
541.7599999904633, 23494.171247195412, 33109.02908565886
541.7689998149872, 23494.171247195412, 33108.706186628464
541.7760000228882, 23494.171247195412, 33108.706186628464
541.7849998474121, 23494.171247195412, 33108.706186628464
544.9249999523163, 23494.171247195412, 33107.435710717466
544.930999994278, 23494.171247195412, 33107.435710717466
544.9399998188019, 23494.171247195412, 33107.435710717466
544.9470000267029, 23494.171247195412, 33107.435710717466
544.952999830246, 23494.171247195412, 33107.435710717466
544.9599997997284, 23494.171247195412, 33107.435710717466
544.9679999351501, 23494.171247195412, 33107.435710717466
544.9739999771118, 23494.171247195412, 33107.435710717466
544.9809999465942, 23494.171247195412, 33107.435710717466
547.8259999752045, 23494.171247195412, 33107.435710717466
547.8259999752045, 23494.171247195412, 33107.435710717466
547.8469998836517, 23494.171247195412, 33107.435710717466
550.7709999084473, 23494.171247195412, 33107.435710717466
550.7779998779297, 23494.171247195412, 33106.03721586583
550.7860000133514, 23494.171247195412, 33106.03721586583
550.7939999103546, 23494.171247195412, 33106.03721586583
550.8049998283386, 23494.171247195412, 33106.03721586583
550.8129999637604, 23494.171247195412, 33106.03721586583
550.8220000267029, 23494.171247195412, 33106.03721586583
550.8349997997284, 23494.171247195412, 33106.03721586583
550.8449997901917, 23494.171247195412, 33106.03721586583
553.6059999465942, 23494.171247195412, 33103.60152148062
556.5049998760223, 23494.171247195412, 33103.60152148062
556.5159997940063, 23494.171247195412, 33103.60152148062
556.5279998779297, 23494.171247195412, 33103.60152148062
556.5389997959137, 23494.171247195412, 33102.52944267282
556.5479998588562, 23494.171247195412, 33102.52944267282
556.5590000152588, 23494.171247195412, 33102.52944267282
556.566999912262, 23494.171247195412, 33102.52944267282
556.5729999542236, 23494.171247195412, 33102.52944267282
556.579999923706, 23494.171247195412, 33102.52944267282
556.5879998207092, 23494.171247195412, 33102.52944267282
556.5979998111725, 23494.171247195412, 33102.52944267282
556.6119999885559, 23494.171247195412, 33102.52944267282
556.6289999485016, 23494.171247195412, 33102.52944267282
559.6309998035431, 23494.171247195412, 33102.52944267282
559.6389999389648, 23494.171247195412, 33102.52944267282
559.6449999809265, 23494.171247195412, 33100.69426707851
559.6510000228882, 23494.171247195412, 33100.174900527985
559.6569998264313, 23494.171247195412, 33100.174900527985
559.662999868393, 23494.171247195412, 33100.01764109659
559.6699998378754, 23494.171247195412, 33100.01764109659
559.6740000247955, 23494.171247195412, 33100.01764109659
559.6799998283386, 23494.171247195412, 33100.01764109659
559.686999797821, 23494.171247195412, 33100.01764109659
559.6929998397827, 23494.171247195412, 33100.01764109659
559.6989998817444, 23494.171247195412, 33100.01764109659
559.7059998512268, 23494.171247195412, 33100.01764109659
559.7139999866486, 23494.171247195412, 33100.01764109659
559.7199997901917, 23494.171247195412, 33100.01764109659
562.7829999923706, 23494.171247195412, 33100.01764109659
562.7939999103546, 23494.171247195412, 33100.01764109659
562.7979998588562, 23494.171247195412, 33100.01764109659
562.8049998283386, 23494.171247195412, 33098.42569492733
562.816999912262, 23494.171247195412, 33097.86530326779
562.8269999027252, 23494.171247195412, 33097.86530326779
565.7109999656677, 23494.171247195412, 33092.97363752093
565.7199997901917, 23494.171247195412, 33092.97363752093
565.7199997901917, 23494.171247195412, 33092.97363752093
565.7379999160767, 23494.171247195412, 33092.7758083996
565.75, 23494.171247195412, 33092.7758083996
565.7599999904633, 23494.171247195412, 33092.48410866389
565.7679998874664, 23494.171247195412, 33092.48410866389
568.845999956131, 23494.171247195412, 33092.48410866389
568.845999956131, 23494.171247195412, 33092.48410866389
568.8579998016357, 23494.171247195412, 33092.48410866389
568.8609998226166, 23494.171247195412, 33091.61490781111
568.8609998226166, 23494.171247195412, 33091.46852033903
568.8780000209808, 23494.171247195412, 33091.46852033903
568.8780000209808, 23494.171247195412, 33091.46852033903
568.8919999599457, 23494.171247195412, 33091.46852033903
571.8349997997284, 23494.171247195412, 33091.46852033903
571.8519999980927, 23494.171247195412, 33091.46852033903
571.8619999885559, 23494.171247195412, 33091.46852033903
571.8759999275208, 23494.171247195412, 33091.012667507595
571.885999917984, 23494.171247195412, 33091.012667507595
571.8939998149872, 23494.171247195412, 33091.012667507595
571.8999998569489, 23494.171247195412, 33091.012667507595
571.9069998264313, 23494.171247195412, 33091.012667507595
574.9619998931885, 23494.171247195412, 33091.012667507595
574.9619998931885, 23494.171247195412, 33091.012667507595
574.9789998531342, 23494.171247195412, 33091.012667507595
574.9789998531342, 23494.171247195412, 33091.012667507595
574.9959998130798, 23494.171247195412, 33089.60589475269
574.9959998130798, 23494.171247195412, 33089.60589475269
575.0089998245239, 23494.171247195412, 33089.60589475269
577.9589998722076, 23494.171247195412, 33088.11031956707
577.9729998111725, 23494.171247195412, 33088.11031956707
577.9859998226166, 23494.171247195412, 33088.11031956707
577.9969999790192, 23494.171247195412, 33088.11031956707
578.0069999694824, 23494.171247195412, 33088.05625210502
578.0159997940063, 23494.171247195412, 33088.05625210502
578.0230000019073, 23494.171247195412, 33088.05625210502
581.0339999198914, 23494.171247195412, 33088.05625210502
581.0409998893738, 23494.171247195412, 33088.05625210502
581.0499999523163, 23494.171247195412, 33088.05625210502
581.0599999427795, 23494.171247195412, 33088.05625210502
581.069000005722, 23494.171247195412, 33087.355405321076
581.0739998817444, 23494.171247195412, 33087.355405321076
581.0789999961853, 23494.171247195412, 33087.355405321076
581.0859999656677, 23494.171247195412, 33087.355405321076
581.095999956131, 23494.171247195412, 33086.30492941966
581.1129999160767, 23494.171247195412, 33084.19366537126
584.1589999198914, 23494.171247195412, 33084.19366537126
584.164999961853, 23494.171247195412, 33083.37031181429
584.1710000038147, 23494.171247195412, 33083.37031181429
584.1769998073578, 23494.171247195412, 33083.37031181429
584.1840000152588, 23494.171247195412, 33083.37031181429
584.191999912262, 23494.171247195412, 33082.39031367738
584.1989998817444, 23494.171247195412, 33082.39031367738
584.2070000171661, 23494.171247195412, 33081.20816758478
587.1259999275208, 23494.171247195412, 33080.193442622156
587.1280000209808, 23494.171247195412, 33080.193442622156
587.1439998149872, 23494.171247195412, 33080.193442622156
587.1529998779297, 23494.171247195412, 33080.193442622156
587.1599998474121, 23494.171247195412, 33080.193442622156
587.1679999828339, 23494.171247195412, 33080.193442622156
587.1749999523163, 23494.171247195412, 33080.193442622156
590.0879998207092, 23494.171247195412, 33080.193442622156
590.0989999771118, 23494.171247195412, 33080.193442622156
590.106999874115, 23494.171247195412, 33080.193442622156
590.1139998435974, 23494.171247195412, 33080.193442622156
590.1209998130798, 23494.171247195412, 33080.193442622156
590.1289999485016, 23494.171247195412, 33080.193442622156
590.135999917984, 23494.171247195412, 33080.193442622156
590.1449999809265, 23494.171247195412, 33080.193442622156
593.2649998664856, 23494.171247195412, 33077.2820287521
593.2739999294281, 23494.171247195412, 33077.2820287521
593.2799999713898, 23494.171247195412, 33077.2820287521
593.2909998893738, 23494.171247195412, 33077.2820287521
593.2960000038147, 23494.171247195412, 33075.943339535996
593.2960000038147, 23494.171247195412, 33075.943339535996
593.3129999637604, 23494.171247195412, 33075.943339535996
593.3129999637604, 23494.171247195412, 33075.943339535996
593.3249998092651, 23494.171247195412, 33075.943339535996
593.327999830246, 23494.171247195412, 33072.11630070627
596.3780000209808, 23494.171247195412, 33072.11630070627
596.3889999389648, 23494.171247195412, 33072.11630070627
596.4010000228882, 23494.171247195412, 33072.11630070627
596.4099998474121, 23494.171247195412, 33072.11630070627
596.4189999103546, 23494.171247195412, 33072.11630070627
596.4240000247955, 23494.171247195412, 33071.874157945625
596.4319999217987, 23494.171247195412, 33071.18325001546
596.4449999332428, 23494.171247195412, 33070.36848887896
596.4579999446869, 23494.171247195412, 33070.36848887896
599.4739999771118, 23494.171247195412, 33070.36848887896
599.4889998435974, 23494.171247195412, 33070.36848887896
599.4900000095367, 23494.171247195412, 33070.36848887896
599.5, 23494.171247195412, 33070.36848887896
599.5049998760223, 23494.171247195412, 33070.36848887896
599.5049998760223, 23494.171247195412, 33070.36848887896
599.5209999084473, 23494.171247195412, 33070.36848887896
599.521999835968, 23494.171247195412, 33070.36848887896
599.5349998474121, 23494.171247195412, 33070.36848887896
599.5369999408722, 23494.171247195412, 33070.36848887896
599.5369999408722, 23494.171247195412, 33069.59903157176
599.5529999732971, 23494.171247195412, 33066.387083767484
599.5529999732971, 23494.171247195412, 33066.387083767484
602.6569998264313, 23494.171247195412, 33066.257425881464
602.6639997959137, 23494.171247195412, 33066.257425881464
602.6710000038147, 23494.171247195412, 33066.257425881464
602.675999879837, 23494.171247195412, 33066.257425881464
602.6819999217987, 23494.171247195412, 33066.257425881464
605.8579998016357, 23494.171247195412, 33065.73552662676
605.8669998645782, 23494.171247195412, 33065.73552662676
605.8769998550415, 23494.171247195412, 33065.73552662676
605.8839998245239, 23494.171247195412, 33065.73552662676
605.8899998664856, 23494.171247195412, 33065.73552662676
605.8980000019073, 23494.171247195412, 33065.73552662676
605.9079999923706, 23494.171247195412, 33064.91363430109
609.050999879837, 23494.171247195412, 33064.91363430109
609.0659999847412, 23494.171247195412, 33064.91363430109
609.0659999847412, 23494.171247195412, 33064.91363430109
609.0659999847412, 23494.171247195412, 33064.91363430109
609.0820000171661, 23494.171247195412, 33064.91363430109
612.0059998035431, 23494.171247195412, 33063.7963881937
612.0169999599457, 23494.171247195412, 33063.7963881937
612.0230000019073, 23494.171247195412, 33063.7963881937
612.0369999408722, 23494.171247195412, 33063.06489123255
612.0449998378754, 23494.171247195412, 33063.06489123255
612.050999879837, 23494.171247195412, 33063.06489123255
612.0579998493195, 23494.171247195412, 33063.06489123255
612.0639998912811, 23494.171247195412, 33063.06489123255
615.3589999675751, 23494.171247195412, 33061.80273206432
615.3789999485016, 23494.171247195412, 33061.80273206432
615.385999917984, 23494.171247195412, 33061.80273206432
615.3939998149872, 23494.171247195412, 33061.47590188291
615.4010000228882, 23494.171247195412, 33061.47590188291
615.4089999198914, 23494.171247195412, 33061.47590188291
615.414999961853, 23494.171247195412, 33061.47590188291
618.4699997901917, 23494.171247195412, 33061.47590188291
618.4849998950958, 23494.171247195412, 33061.47590188291
618.4849998950958, 23494.171247195412, 33061.47590188291
618.5019998550415, 23494.171247195412, 33061.47590188291
618.5030000209808, 23494.171247195412, 33060.6470848178
618.5189998149872, 23494.171247195412, 33060.6470848178
621.5899999141693, 23494.171247195412, 33060.6470848178
621.595999956131, 23494.171247195412, 33060.6470848178
621.6029999256134, 23494.171247195412, 33060.6470848178
621.6109998226166, 23494.171247195412, 33059.81333718959
621.6169998645782, 23494.171247195412, 33059.81333718959
621.6229999065399, 23494.171247195412, 33059.81333718959
621.6309998035431, 23494.171247195412, 33059.81333718959
621.6389999389648, 23494.171247195412, 33059.81333718959
621.6480000019073, 23494.171247195412, 33059.81333718959
621.6589999198914, 23494.171247195412, 33058.2742500513
624.8109998703003, 23494.171247195412, 33058.2742500513
624.8179998397827, 23494.171247195412, 33057.323550691486
624.8239998817444, 23494.171247195412, 33057.323550691486
624.8320000171661, 23494.171247195412, 33057.323550691486
624.8399999141693, 23494.171247195412, 33055.536125024235
627.8739998340607, 23494.171247195412, 33055.536125024235
627.8739998340607, 23494.171247195412, 33055.536125024235
627.8939998149872, 23494.171247195412, 33055.536125024235
627.8999998569489, 23494.171247195412, 33055.536125024235
627.9059998989105, 23494.171247195412, 33055.536125024235
627.9119999408722, 23494.171247195412, 33055.536125024235
627.9199998378754, 23494.171247195412, 33055.536125024235
627.9279999732971, 23494.171247195412, 33055.051885131325
627.9349999427795, 23494.171247195412, 33055.051885131325
627.944000005722, 23494.171247195412, 33054.217037741204
627.9499998092651, 23494.171247195412, 33054.217037741204
631.2559998035431, 23494.171247195412, 33054.217037741204
631.2589998245239, 23494.171247195412, 33054.217037741204
631.2730000019073, 23494.171247195412, 33054.217037741204
631.2849998474121, 23494.171247195412, 33054.217037741204
631.2990000247955, 23494.171247195412, 33054.217037741204
631.3079998493195, 23494.171247195412, 33054.217037741204
631.3139998912811, 23494.171247195412, 33054.217037741204
631.319000005722, 23494.171247195412, 33054.217037741204
634.5929999351501, 23494.171247195412, 33050.97248979198
634.5929999351501, 23494.171247195412, 33050.97248979198
634.6050000190735, 23494.171247195412, 33050.97248979198
634.6099998950958, 23494.171247195412, 33050.97248979198
634.6099998950958, 23494.171247195412, 33050.97248979198
637.8709998130798, 23494.171247195412, 33049.377101657854
637.8819999694824, 23494.171247195412, 33049.377101657854
637.896999835968, 23494.171247195412, 33047.12802805876
637.9079999923706, 23494.171247195412, 33045.968638983344
637.9199998378754, 23494.171247195412, 33045.968638983344
640.9189999103546, 23494.171247195412, 33045.968638983344
640.9229998588562, 23494.171247195412, 33045.968638983344
640.9359998703003, 23494.171247195412, 33045.968638983344
640.9459998607635, 23494.171247195412, 33045.968638983344
640.9570000171661, 23494.171247195412, 33045.40716085332
640.9659998416901, 23494.171247195412, 33045.40716085332
640.9739999771118, 23494.171247195412, 33045.40716085332
644.2199997901917, 23494.171247195412, 33045.1290137204
644.2199997901917, 23494.171247195412, 33045.1290137204
644.2369999885559, 23494.171247195412, 33045.1290137204
644.2489998340607, 23494.171247195412, 33045.1290137204
644.2539999485016, 23494.171247195412, 33045.1290137204
644.2539999485016, 23494.171247195412, 33045.1290137204
644.2709999084473, 23494.171247195412, 33045.1290137204
644.2709999084473, 23494.171247195412, 33045.1290137204
644.287999868393, 23494.171247195412, 33042.86134876506
644.300999879837, 23494.171247195412, 33042.821575250135
647.3489999771118, 23494.171247195412, 33042.821575250135
647.3579998016357, 23494.171247195412, 33042.821575250135
647.3689999580383, 23494.171247195412, 33042.821575250135
647.3819999694824, 23494.171247195412, 33042.497950347264
650.5069999694824, 23494.171247195412, 33042.497950347264
650.5189998149872, 23494.171247195412, 33042.497950347264
650.5239999294281, 23494.171247195412, 33042.497950347264
650.5239999294281, 23494.171247195412, 33042.497950347264
650.537999868393, 23494.171247195412, 33042.497950347264
650.5469999313354, 23494.171247195412, 33042.497950347264
650.5539999008179, 23494.171247195412, 33042.497950347264
650.5599999427795, 23494.171247195412, 33042.497950347264
650.566999912262, 23494.171247195412, 33042.497950347264
650.5749998092651, 23494.171247195412, 33042.497950347264
650.5809998512268, 23494.171247195412, 33042.497950347264
653.8399999141693, 23494.171247195412, 33042.497950347264
653.845999956131, 23494.171247195412, 33042.497950347264
653.8509998321533, 23494.171247195412, 33042.497950347264
653.8579998016357, 23494.171247195412, 33042.497950347264
653.8639998435974, 23494.171247195412, 33042.497950347264
653.8689999580383, 23494.171247195412, 33042.497950347264
653.875, 23494.171247195412, 33042.497950347264
653.8789999485016, 23494.171247195412, 33042.497950347264
653.8849999904633, 23494.171247195412, 33038.331770114484
653.8929998874664, 23494.171247195412, 33037.57084052381
656.8949999809265, 23494.171247195412, 33037.57084052381
656.9049999713898, 23494.171247195412, 33037.57084052381
656.9159998893738, 23494.171247195412, 33037.57084052381
656.9249999523163, 23494.171247195412, 33037.57084052381
656.9349999427795, 23494.171247195412, 33037.57084052381
656.9429998397827, 23494.171247195412, 33037.57084052381
656.9479999542236, 23494.171247195412, 33037.57084052381
656.954999923706, 23494.171247195412, 33037.57084052381
656.9629998207092, 23494.171247195412, 33036.73372972593
656.970999956131, 23494.171247195412, 33036.73372972593
656.9769999980927, 23494.171247195412, 33036.73372972593
660.2769999504089, 23494.171247195412, 33035.4805717645
660.2869999408722, 23494.171247195412, 33035.4805717645
660.2979998588562, 23494.171247195412, 33035.4805717645
660.3090000152588, 23494.171247195412, 33035.4805717645
660.316999912262, 23494.171247195412, 33034.68562337984
660.329999923706, 23494.171247195412, 33034.68562337984
660.3369998931885, 23494.171247195412, 33034.68562337984
660.3449997901917, 23494.171247195412, 33034.68562337984
663.4689998626709, 23494.171247195412, 33034.50249096473
663.4759998321533, 23494.171247195412, 33034.50249096473
663.481999874115, 23494.171247195412, 33034.50249096473
663.4879999160767, 23494.171247195412, 33034.50249096473
663.4939999580383, 23494.171247195412, 33034.17177856137
666.6699998378754, 23494.171247195412, 33032.32773034343
666.6779999732971, 23494.171247195412, 33030.56933866556
666.691999912262, 23494.171247195412, 33030.17412282613
666.7009999752045, 23494.171247195412, 33030.17412282613
669.8669998645782, 23494.171247195412, 33029.16074211928
669.8759999275208, 23494.171247195412, 33029.16074211928
669.8819999694824, 23494.171247195412, 33028.52577076694
669.8880000114441, 23494.171247195412, 33028.52577076694
669.8959999084473, 23494.171247195412, 33028.52577076694
669.9029998779297, 23494.171247195412, 33028.52577076694
672.9049999713898, 23494.171247195412, 33028.52577076694
672.9199998378754, 23494.171247195412, 33028.52577076694
672.9289999008179, 23494.171247195412, 33028.52577076694
676.2519998550415, 23494.171247195412, 33028.52577076694
676.2519998550415, 23494.171247195412, 33028.52577076694
676.2709999084473, 23494.171247195412, 33028.52577076694
676.2799999713898, 23494.171247195412, 33028.52577076694
676.2849998474121, 23494.171247195412, 33028.52577076694
676.2919998168945, 23494.171247195412, 33028.52577076694
676.2999999523163, 23494.171247195412, 33028.52577076694
676.305999994278, 23494.171247195412, 33028.52577076694
676.311999797821, 23494.171247195412, 33028.52577076694
676.3179998397827, 23494.171247195412, 33028.52577076694
676.3269999027252, 23494.171247195412, 33028.52577076694
679.5659999847412, 23494.171247195412, 33025.288786421464
679.5739998817444, 23494.171247195412, 33025.288786421464
679.5829999446869, 23494.171247195412, 33025.288786421464
682.6659998893738, 23494.171247195412, 33025.288786421464
682.6789999008179, 23494.171247195412, 33025.288786421464
682.6889998912811, 23494.171247195412, 33025.288786421464
682.6949999332428, 23494.171247195412, 33025.288786421464
682.7009999752045, 23494.171247195412, 33025.288786421464
682.7070000171661, 23494.171247195412, 33025.288786421464
682.7119998931885, 23494.171247195412, 33025.288786421464
682.7179999351501, 23494.171247195412, 33025.288786421464
682.7219998836517, 23494.171247195412, 33025.288786421464
682.7289998531342, 23494.171247195412, 33025.288786421464
682.7349998950958, 23494.171247195412, 33025.288786421464
682.7419998645782, 23494.171247195412, 33025.288786421464
682.7489998340607, 23494.171247195412, 33025.288786421464
682.7559998035431, 23494.171247195412, 33025.288786421464
682.7649998664856, 23494.171247195412, 33025.288786421464
686.0339999198914, 23494.171247195412, 33025.288786421464
686.0339999198914, 23494.171247195412, 33025.288786421464
686.0339999198914, 23494.171247195412, 33025.288786421464
686.0529999732971, 23494.171247195412, 33025.288786421464
686.0599999427795, 23494.171247195412, 33025.288786421464
686.0649998188019, 23494.171247195412, 33025.288786421464
686.0729999542236, 23494.171247195412, 33021.846962606636
686.0820000171661, 23494.171247195412, 33021.846962606636
686.0889999866486, 23494.171247195412, 33021.846962606636
686.0969998836517, 23494.171247195412, 33021.846962606636
686.1039998531342, 23494.171247195412, 33021.846962606636
689.3529999256134, 23494.171247195412, 33021.846962606636
689.3619999885559, 23494.171247195412, 33021.846962606636
689.3719999790192, 23494.171247195412, 33021.846962606636
689.3719999790192, 23494.171247195412, 33021.846962606636
689.3809998035431, 23494.171247195412, 33021.75614326333
689.3949999809265, 23494.171247195412, 33021.75614326333
689.4010000228882, 23494.171247195412, 33021.75614326333
689.4049999713898, 23494.171247195412, 33021.75614326333
689.414999961853, 23494.171247195412, 33021.75614326333
689.4199998378754, 23494.171247195412, 33021.75614326333
692.6219999790192, 23494.171247195412, 33021.75614326333
692.6299998760223, 23494.171247195412, 33020.75707633513
692.6389999389648, 23494.171247195412, 33020.75707633513
692.6489999294281, 23494.171247195412, 33020.75707633513
692.6599998474121, 23494.171247195412, 33020.75707633513
692.6669998168945, 23494.171247195412, 33020.75707633513
692.6749999523163, 23494.171247195412, 33020.75707633513
692.6829998493195, 23494.171247195412, 33020.75707633513
695.7199997901917, 23494.171247195412, 33020.75707633513
695.7279999256134, 23494.171247195412, 33020.75707633513
695.7369999885559, 23494.171247195412, 33020.75707633513
695.75, 23494.171247195412, 33020.75707633513
695.7599999904633, 23494.171247195412, 33020.75707633513
695.7699999809265, 23494.171247195412, 33020.75707633513
695.7769999504089, 23494.171247195412, 33020.75707633513
695.7839999198914, 23494.171247195412, 33020.75707633513
695.789999961853, 23494.171247195412, 33020.75707633513
695.7949998378754, 23494.171247195412, 33020.75707633513
695.8019998073578, 23494.171247195412, 33020.75707633513
695.8090000152588, 23494.171247195412, 33020.75707633513
695.8149998188019, 23494.171247195412, 33020.75707633513
695.8209998607635, 23494.171247195412, 33020.75707633513
695.827999830246, 23494.171247195412, 33018.81219807912
695.8389999866486, 23494.171247195412, 33018.81219807912
699.2539999485016, 23494.171247195412, 33018.81219807912
699.2619998455048, 23494.171247195412, 33018.34549361171
699.2709999084473, 23494.171247195412, 33018.34549361171
699.2860000133514, 23494.171247195412, 33018.34549361171
699.2960000038147, 23494.171247195412, 33017.00855122114
702.3269999027252, 23494.171247195412, 33017.00855122114
702.3339998722076, 23494.171247195412, 33017.00855122114
702.3449997901917, 23494.171247195412, 33017.00855122114
702.3550000190735, 23494.171247195412, 33017.00855122114
702.3639998435974, 23494.171247195412, 33017.00855122114
702.3719999790192, 23494.171247195412, 33017.00855122114
705.5920000076294, 23494.171247195412, 33015.07759346453
705.6039998531342, 23494.171247195412, 33015.07759346453
705.6139998435974, 23494.171247195412, 33015.07759346453
705.6219999790192, 23494.171247195412, 33015.07759346453
708.8989999294281, 23494.171247195412, 33014.92074802919
708.9079999923706, 23494.171247195412, 33014.92074802919
708.914999961853, 23494.171247195412, 33014.92074802919
708.914999961853, 23494.171247195412, 33014.92074802919
708.9240000247955, 23494.171247195412, 33014.92074802919
708.930999994278, 23494.171247195412, 33014.92074802919
708.9409999847412, 23494.171247195412, 33014.92074802919
708.9479999542236, 23494.171247195412, 33014.92074802919
712.2929999828339, 23494.171247195412, 33014.92074802919
712.3029999732971, 23494.171247195412, 33014.92074802919
712.3099999427795, 23494.171247195412, 33014.92074802919
712.3179998397827, 23494.171247195412, 33014.92074802919
712.3259999752045, 23494.171247195412, 33014.92074802919
712.3339998722076, 23494.171247195412, 33014.92074802919
712.3409998416901, 23494.171247195412, 33014.92074802919
712.3479998111725, 23494.171247195412, 33014.2138993455
712.3589999675751, 23494.171247195412, 33014.2138993455
715.8379998207092, 23494.171247195412, 33013.40119664007
715.8529999256134, 23494.171247195412, 33013.40119664007
715.8619999885559, 23494.171247195412, 33013.40119664007
715.867999792099, 23494.171247195412, 33013.40119664007
715.875, 23494.171247195412, 33013.40119664007
719.0659999847412, 23494.171247195412, 33013.40119664007
719.0749998092651, 23494.171247195412, 33013.40119664007
719.0869998931885, 23494.171247195412, 33013.40119664007
719.095999956131, 23494.171247195412, 33011.385518657415
719.1029999256134, 23494.171247195412, 33011.385518657415
719.1129999160767, 23494.171247195412, 33011.385518657415
722.5149998664856, 23494.171247195412, 33009.141609406215
722.5249998569489, 23494.171247195412, 33009.064459792105
722.5369999408722, 23494.171247195412, 33009.064459792105
725.930999994278, 23494.171247195412, 33009.064459792105
725.9470000267029, 23494.171247195412, 33009.064459792105
725.9579999446869, 23494.171247195412, 33009.064459792105
725.9679999351501, 23494.171247195412, 33009.064459792105
725.9759998321533, 23494.171247195412, 33009.064459792105
725.981999874115, 23494.171247195412, 33009.064459792105
725.9889998435974, 23494.171247195412, 33009.064459792105
725.9959998130798, 23494.171247195412, 33008.50482387839
726.0030000209808, 23494.171247195412, 33007.72172078735
726.0099999904633, 23494.171247195412, 33007.72172078735
726.0149998664856, 23494.171247195412, 33007.72172078735
726.021999835968, 23494.171247195412, 33007.72172078735
726.0299999713898, 23494.171247195412, 33007.617086650454
729.4179999828339, 23494.171247195412, 33007.10287766622
729.4240000247955, 23494.171247195412, 33007.10287766622
729.4299998283386, 23494.171247195412, 33007.10287766622
729.4359998703003, 23494.171247195412, 33007.10287766622
729.4409999847412, 23494.171247195412, 33006.862142019054
729.4459998607635, 23494.171247195412, 33006.862142019054
729.4539999961853, 23494.171247195412, 33006.38822492539
732.7599999904633, 23494.171247195412, 33006.38822492539
732.7669999599457, 23494.171247195412, 33006.38822492539
732.7799999713898, 23494.171247195412, 33005.47289330776
732.7909998893738, 23494.171247195412, 33005.47289330776
732.7999999523163, 23494.171247195412, 33005.47289330776
736.2179999351501, 23494.171247195412, 33005.47289330776
736.2269999980927, 23494.171247195412, 33005.47289330776
736.2389998435974, 23494.171247195412, 33005.47289330776
736.2459998130798, 23494.171247195412, 33005.47289330776
736.2509999275208, 23494.171247195412, 33005.47289330776
736.2579998970032, 23494.171247195412, 33005.47289330776
736.2639999389648, 23494.171247195412, 33005.47289330776
736.2709999084473, 23494.171247195412, 33004.65053381699
736.2779998779297, 23494.171247195412, 33004.65053381699
736.2860000133514, 23494.171247195412, 33004.65053381699
736.2929999828339, 23494.171247195412, 33004.65053381699
736.2990000247955, 23494.171247195412, 33004.65053381699
736.3079998493195, 23494.171247195412, 33004.0231242877
739.8550000190735, 23494.171247195412, 33004.0231242877
739.8550000190735, 23494.171247195412, 33004.0231242877
739.8639998435974, 23494.171247195412, 33002.9319029842
739.8709998130798, 23494.171247195412, 33002.9319029842
739.8819999694824, 23494.171247195412, 33002.9319029842
739.8869998455048, 23494.171247195412, 33002.9319029842
739.8869998455048, 23494.171247195412, 33002.9319029842
739.8980000019073, 23494.171247195412, 33002.9319029842
739.9029998779297, 23494.171247195412, 33001.93129178021
739.9029998779297, 23494.171247195412, 33001.26166613315
739.9189999103546, 23494.171247195412, 33001.26166613315
743.2860000133514, 23494.171247195412, 33001.26166613315
743.2860000133514, 23494.171247195412, 33000.47657803491
743.2999999523163, 23494.171247195412, 33000.47657803491
746.7309999465942, 23494.171247195412, 32998.85701378054
746.7389998435974, 23494.171247195412, 32998.85701378054
746.7459998130798, 23494.171247195412, 32998.277406725705
746.7569999694824, 23494.171247195412, 32998.277406725705
746.7689998149872, 23494.171247195412, 32998.277406725705
746.7789998054504, 23494.171247195412, 32998.277406725705
750.2760000228882, 23494.171247195412, 32998.277406725705
750.2860000133514, 23494.171247195412, 32998.277406725705
750.2979998588562, 23494.171247195412, 32997.544683788175
750.305999994278, 23494.171247195412, 32997.544683788175
750.3139998912811, 23494.171247195412, 32997.544683788175
750.319000005722, 23494.171247195412, 32997.544683788175
750.3269999027252, 23494.171247195412, 32997.544683788175
753.7149999141693, 23494.171247195412, 32997.544683788175
753.7239999771118, 23494.171247195412, 32997.544683788175
753.7309999465942, 23494.171247195412, 32997.544683788175
753.7389998435974, 23494.171247195412, 32997.544683788175
753.7469999790192, 23494.171247195412, 32996.84784772792
753.7539999485016, 23494.171247195412, 32996.84784772792
753.7589998245239, 23494.171247195412, 32996.84784772792
753.7649998664856, 23494.171247195412, 32996.84784772792
753.7730000019073, 23494.171247195412, 32996.84784772792
757.0769999027252, 23494.171247195412, 32995.61539729521
757.0929999351501, 23494.171247195412, 32995.61539729521
757.0999999046326, 23494.171247195412, 32995.61539729521
757.1050000190735, 23494.171247195412, 32995.61539729521
757.1099998950958, 23494.171247195412, 32995.61539729521
757.1169998645782, 23494.171247195412, 32995.61539729521
757.125, 23494.171247195412, 32994.36050545962
757.1349999904633, 23494.171247195412, 32994.36050545962
757.1409997940063, 23494.171247195412, 32994.36050545962
760.5569999217987, 23494.171247195412, 32994.27948298443
760.5720000267029, 23494.171247195412, 32994.27948298443
760.579999923706, 23494.171247195412, 32993.68002238813
760.5879998207092, 23494.171247195412, 32993.68002238813
760.5939998626709, 23494.171247195412, 32993.404620453235
760.5989999771118, 23494.171247195412, 32993.404620453235
760.606999874115, 23494.171247195412, 32993.404620453235
764.867999792099, 23494.171247195412, 32991.63077129857
764.867999792099, 23494.171247195412, 32991.10323014871
764.8839998245239, 23494.171247195412, 32990.84065913221
764.8839998245239, 23494.171247195412, 32990.84065913221
764.9010000228882, 23494.171247195412, 32990.84065913221
768.1009998321533, 23494.171247195412, 32990.84065913221
768.1009998321533, 23494.171247195412, 32990.84065913221
768.117999792099, 23494.171247195412, 32990.84065913221
768.117999792099, 23494.171247195412, 32990.84065913221
768.1409997940063, 23494.171247195412, 32990.086403504465
768.1480000019073, 23494.171247195412, 32990.086403504465
768.1559998989105, 23494.171247195412, 32990.086403504465
768.1619999408722, 23494.171247195412, 32990.086403504465
768.1679999828339, 23494.171247195412, 32990.086403504465
768.1740000247955, 23494.171247195412, 32990.086403504465
768.1789999008179, 23494.171247195412, 32990.086403504465
768.1840000152588, 23494.171247195412, 32990.086403504465
768.1899998188019, 23494.171247195412, 32990.086403504465
768.1959998607635, 23494.171247195412, 32990.086403504465
768.202999830246, 23494.171247195412, 32990.070150250234
768.2099997997284, 23494.171247195412, 32990.070150250234
768.2170000076294, 23494.171247195412, 32989.94662288666
768.2239999771118, 23494.171247195412, 32989.94662288666
768.2289998531342, 23494.171247195412, 32989.94662288666
768.2339999675751, 23494.171247195412, 32989.94662288666
768.242999792099, 23494.171247195412, 32989.475267773334
771.7739999294281, 23494.171247195412, 32989.475267773334
771.7819998264313, 23494.171247195412, 32988.82883627621
771.7909998893738, 23494.171247195412, 32988.82883627621
771.800999879837, 23494.171247195412, 32988.82883627621
771.8109998703003, 23494.171247195412, 32988.82883627621
771.8220000267029, 23494.171247195412, 32988.82883627621
775.5499999523163, 23494.171247195412, 32988.82883627621
775.5549998283386, 23494.171247195412, 32988.82883627621
775.566999912262, 23494.171247195412, 32988.82883627621
775.5729999542236, 23494.171247195412, 32988.82883627621
775.5820000171661, 23494.171247195412, 32986.547439424685
775.5920000076294, 23494.171247195412, 32986.547439424685
775.6019999980927, 23494.171247195412, 32986.547439424685
779.2829999923706, 23494.171247195412, 32985.9478621401
779.2929999828339, 23494.171247195412, 32985.9478621401
779.3039999008179, 23494.171247195412, 32985.44042344161
779.3039999008179, 23494.171247195412, 32985.39747203509
779.3039999008179, 23494.171247195412, 32985.39747203509
779.3269999027252, 23494.171247195412, 32985.39747203509
779.3329999446869, 23494.171247195412, 32985.39747203509
779.3399999141693, 23494.171247195412, 32985.39747203509
782.5079998970032, 23494.171247195412, 32985.39747203509
782.5079998970032, 23494.171247195412, 32985.39747203509
782.5239999294281, 23494.171247195412, 32985.39747203509
782.5239999294281, 23494.171247195412, 32985.39747203509
782.5429999828339, 23494.171247195412, 32985.39747203509
782.5490000247955, 23494.171247195412, 32985.39747203509
782.5599999427795, 23494.171247195412, 32985.39747203509
782.5699999332428, 23494.171247195412, 32985.39747203509
782.577999830246, 23494.171247195412, 32985.39747203509
782.5859999656677, 23494.171247195412, 32985.39747203509
782.5929999351501, 23494.171247195412, 32985.39747203509
786.066999912262, 23494.171247195412, 32985.39747203509
786.0759999752045, 23494.171247195412, 32985.39747203509
786.0820000171661, 23494.171247195412, 32985.39747203509
786.0920000076294, 23494.171247195412, 32985.39747203509
786.0999999046326, 23494.171247195412, 32985.39747203509
786.1079998016357, 23494.171247195412, 32985.39747203509
786.1139998435974, 23494.171247195412, 32985.39747203509
786.1199998855591, 23494.171247195412, 32985.39747203509
786.1280000209808, 23494.171247195412, 32985.39747203509
789.4979999065399, 23494.171247195412, 32985.39747203509
789.5079998970032, 23494.171247195412, 32985.39747203509
789.5189998149872, 23494.171247195412, 32983.55498237817
789.5299999713898, 23494.171247195412, 32983.55498237817
789.5419998168945, 23494.171247195412, 32983.55498237817
789.5469999313354, 23494.171247195412, 32983.55498237817
789.5469999313354, 23494.171247195412, 32983.55498237817
793.0729999542236, 23494.171247195412, 32982.58766933865
793.079999923706, 23494.171247195412, 32982.58766933865
793.0899999141693, 23494.171247195412, 32982.58766933865
793.0979998111725, 23494.171247195412, 32982.23697157246
793.1059999465942, 23494.171247195412, 32982.23697157246
793.1150000095367, 23494.171247195412, 32982.23697157246
793.1199998855591, 23494.171247195412, 32982.23697157246
793.1259999275208, 23494.171247195412, 32982.23697157246
793.1309998035431, 23494.171247195412, 32982.23697157246
793.1369998455048, 23494.171247195412, 32982.23697157246
793.1449999809265, 23494.171247195412, 32982.23697157246
793.1539998054504, 23494.171247195412, 32982.23697157246
796.7109999656677, 23494.171247195412, 32982.23697157246
796.7229998111725, 23494.171247195412, 32981.21583885038
796.7359998226166, 23494.171247195412, 32981.21583885038
796.7459998130798, 23494.171247195412, 32980.17178932655
800.1879999637604, 23494.171247195412, 32980.17178932655
800.1959998607635, 23494.171247195412, 32980.17178932655
800.2079999446869, 23494.171247195412, 32980.17178932655
800.2189998626709, 23494.171247195412, 32980.17178932655
800.2259998321533, 23494.171247195412, 32980.17178932655
800.2339999675751, 23494.171247195412, 32980.17178932655
800.2409999370575, 23494.171247195412, 32978.63073626906
800.2449998855591, 23494.171247195412, 32978.63073626906
800.2489998340607, 23494.171247195412, 32978.63073626906
800.2549998760223, 23494.171247195412, 32978.63073626906
803.7889997959137, 23494.171247195412, 32976.64634558137
803.7949998378754, 23494.171247195412, 32976.64634558137
803.8019998073578, 23494.171247195412, 32976.64634558137
803.805999994278, 23494.171247195412, 32976.64634558137
803.8139998912811, 23494.171247195412, 32976.64634558137
803.8209998607635, 23494.171247195412, 32976.64634558137
803.8269999027252, 23494.171247195412, 32976.64634558137
803.8320000171661, 23494.171247195412, 32976.64634558137
803.8379998207092, 23494.171247195412, 32976.64634558137
807.4039998054504, 23494.171247195412, 32976.64634558137
807.4079999923706, 23494.171247195412, 32976.64634558137
807.4210000038147, 23494.171247195412, 32975.88671248214
807.4399998188019, 23494.171247195412, 32975.88671248214
807.4499998092651, 23494.171247195412, 32975.88671248214
807.4609999656677, 23494.171247195412, 32975.88671248214
807.4729998111725, 23494.171247195412, 32974.96775392865
807.481999874115, 23494.171247195412, 32974.96775392865
807.4919998645782, 23494.171247195412, 32974.96775392865
807.5009999275208, 23494.171247195412, 32974.74357811138
807.510999917984, 23494.171247195412, 32973.69394934798
807.5199999809265, 23494.171247195412, 32973.69394934798
807.5279998779297, 23494.171247195412, 32973.69394934798
807.5360000133514, 23494.171247195412, 32973.69394934798
811.2339999675751, 23494.171247195412, 32973.69394934798
811.2439999580383, 23494.171247195412, 32973.69394934798
811.2549998760223, 23494.171247195412, 32973.69394934798
811.2619998455048, 23494.171247195412, 32973.69394934798
811.2689998149872, 23494.171247195412, 32973.69394934798
811.2789998054504, 23494.171247195412, 32973.69394934798
811.2869999408722, 23494.171247195412, 32973.69394934798
811.2949998378754, 23494.171247195412, 32973.69394934798
811.3019998073578, 23494.171247195412, 32973.69394934798
811.3079998493195, 23494.171247195412, 32973.69394934798
811.3149998188019, 23494.171247195412, 32973.69394934798
811.3220000267029, 23494.171247195412, 32972.116125841516
811.327999830246, 23494.171247195412, 32972.116125841516
811.3359999656677, 23494.171247195412, 32972.116125841516
811.3429999351501, 23494.171247195412, 32971.983916045756
811.3479998111725, 23494.171247195412, 32971.983916045756
815.2219998836517, 23494.171247195412, 32971.87338848095
815.231999874115, 23494.171247195412, 32971.87338848095
815.2400000095367, 23494.171247195412, 32971.87338848095
815.2489998340607, 23494.171247195412, 32971.87338848095
815.2569999694824, 23494.171247195412, 32970.98327294592
819.1099998950958, 23494.171247195412, 32970.98327294592
819.1259999275208, 23494.171247195412, 32970.27888982945
819.1309998035431, 23494.171247195412, 32970.27888982945
822.4559998512268, 23494.171247195412, 32970.27888982945
822.4769999980927, 23494.171247195412, 32967.57302159602
822.4859998226166, 23494.171247195412, 32967.57302159602
822.4969999790192, 23494.171247195412, 32967.57302159602
822.5069999694824, 23494.171247195412, 32967.57302159602
822.5179998874664, 23494.171247195412, 32967.57302159602
826.1569998264313, 23494.171247195412, 32967.57302159602
826.162999868393, 23494.171247195412, 32967.57302159602
826.1689999103546, 23494.171247195412, 32967.57302159602
826.1829998493195, 23494.171247195412, 32967.57302159602
826.1989998817444, 23494.171247195412, 32967.57302159602
826.2109999656677, 23494.171247195412, 32967.57302159602
826.2189998626709, 23494.171247195412, 32967.57302159602
829.9689998626709, 23494.171247195412, 32964.82705713172
829.9769999980927, 23494.171247195412, 32964.82705713172
829.9849998950958, 23494.171247195412, 32964.82705713172
829.9919998645782, 23494.171247195412, 32964.82705713172
830.0019998550415, 23494.171247195412, 32963.225827220456
833.6089999675751, 23494.171247195412, 32960.04208335869
833.6189999580383, 23494.171247195412, 32960.04208335869
833.6289999485016, 23494.171247195412, 32959.51482192889
833.6380000114441, 23494.171247195412, 32959.51482192889
833.6459999084473, 23494.171247195412, 32959.51482192889
833.6529998779297, 23494.171247195412, 32959.51482192889
833.6599998474121, 23494.171247195412, 32959.51482192889
833.6669998168945, 23494.171247195412, 32959.51482192889
833.6729998588562, 23494.171247195412, 32959.51482192889
837.3479998111725, 23494.171247195412, 32958.28427477919
837.3559999465942, 23494.171247195412, 32958.28427477919
837.3669998645782, 23494.171247195412, 32958.28427477919
837.3739998340607, 23494.171247195412, 32958.28427477919
837.3809998035431, 23494.171247195412, 32958.28427477919
837.3889999389648, 23494.171247195412, 32958.28427477919
837.3959999084473, 23494.171247195412, 32958.28427477919
837.4029998779297, 23494.171247195412, 32958.28427477919
837.4099998474121, 23494.171247195412, 32958.28427477919
837.4189999103546, 23494.171247195412, 32957.51259953633
841.0659999847412, 23494.171247195412, 32956.8695900722
841.0659999847412, 23494.171247195412, 32956.8695900722
841.0889999866486, 23494.171247195412, 32956.18661554417
841.0969998836517, 23494.171247195412, 32956.18661554417
841.1050000190735, 23494.171247195412, 32956.18661554417
841.1119999885559, 23494.171247195412, 32956.18661554417
841.1209998130798, 23494.171247195412, 32956.18661554417
841.1269998550415, 23494.171247195412, 32956.18661554417
841.1339998245239, 23494.171247195412, 32956.05167881719
841.1399998664856, 23494.171247195412, 32956.05167881719
841.1459999084473, 23494.171247195412, 32956.05167881719
845.1480000019073, 23494.171247195412, 32954.97050957782
845.1539998054504, 23494.171247195412, 32954.97050957782
845.1619999408722, 23494.171247195412, 32954.97050957782
845.1699998378754, 23494.171247195412, 32954.97050957782
845.1779999732971, 23494.171247195412, 32954.97050957782
845.1849999427795, 23494.171247195412, 32953.295231148004
848.8049998283386, 23494.171247195412, 32952.93287310811
848.8049998283386, 23494.171247195412, 32952.93287310811
848.8259999752045, 23494.171247195412, 32952.93287310811
848.8320000171661, 23494.171247195412, 32952.62296860487
852.3980000019073, 23494.171247195412, 32952.62296860487
852.4089999198914, 23494.171247195412, 32952.62296860487
852.4179999828339, 23494.171247195412, 32952.62296860487
852.4229998588562, 23494.171247195412, 32952.62296860487
852.4299998283386, 23494.171247195412, 32952.62296860487
852.4379999637604, 23494.171247195412, 32952.62296860487
852.4489998817444, 23494.171247195412, 32952.34135407956
852.4570000171661, 23494.171247195412, 32952.34135407956
852.4659998416901, 23494.171247195412, 32952.34135407956
852.4739999771118, 23494.171247195412, 32951.44780327482
852.481999874115, 23494.171247195412, 32951.44780327482
852.492999792099, 23494.171247195412, 32950.24341254005
856.231999874115, 23494.171247195412, 32950.00373193607
856.2409999370575, 23494.171247195412, 32950.00373193607
856.2479999065399, 23494.171247195412, 32950.00373193607
856.2549998760223, 23494.171247195412, 32950.00373193607
856.260999917984, 23494.171247195412, 32950.00373193607
856.2679998874664, 23494.171247195412, 32950.00373193607
856.2769999504089, 23494.171247195412, 32949.55146914562
856.2839999198914, 23494.171247195412, 32949.55146914562
860.1659998893738, 23494.171247195412, 32949.55146914562
860.1719999313354, 23494.171247195412, 32949.55146914562
860.1879999637604, 23494.171247195412, 32949.55146914562
860.1979999542236, 23494.171247195412, 32949.55146914562
860.204999923706, 23494.171247195412, 32949.55146914562
860.2119998931885, 23494.171247195412, 32949.55146914562
860.2189998626709, 23494.171247195412, 32949.28476816011
860.2279999256134, 23494.171247195412, 32949.28476816011
860.2329998016357, 23494.171247195412, 32949.28476816011
860.2389998435974, 23494.171247195412, 32949.28476816011
860.2449998855591, 23494.171247195412, 32949.28476816011
860.2519998550415, 23494.171247195412, 32948.726411291485
860.2599999904633, 23494.171247195412, 32948.726411291485
863.7349998950958, 23494.171247195412, 32947.338551763336
863.7400000095367, 23494.171247195412, 32947.338551763336
863.7469999790192, 23494.171247195412, 32947.338551763336
863.7539999485016, 23494.171247195412, 32947.338551763336
863.7599999904633, 23494.171247195412, 32947.338551763336
863.7679998874664, 23494.171247195412, 32947.338551763336
863.7739999294281, 23494.171247195412, 32947.338551763336
863.7809998989105, 23494.171247195412, 32947.0754805235
863.7960000038147, 23494.171247195412, 32947.0754805235
863.805999994278, 23494.171247195412, 32947.0754805235
867.5309998989105, 23494.171247195412, 32947.0754805235
867.5429999828339, 23494.171247195412, 32946.22299659576
867.5529999732971, 23494.171247195412, 32946.22299659576
867.5590000152588, 23494.171247195412, 32946.22299659576
867.5659999847412, 23494.171247195412, 32946.22299659576
871.4289999008179, 23494.171247195412, 32946.22299659576
871.4359998703003, 23494.171247195412, 32946.22299659576
871.452999830246, 23494.171247195412, 32946.22299659576
871.4639999866486, 23494.171247195412, 32946.08323011529
871.4719998836517, 23494.171247195412, 32946.08323011529
871.481999874115, 23494.171247195412, 32946.08323011529
871.4900000095367, 23494.171247195412, 32946.08323011529
871.4969999790192, 23494.171247195412, 32946.08323011529
871.5019998550415, 23494.171247195412, 32946.08323011529
871.5079998970032, 23494.171247195412, 32946.08323011529
871.5139999389648, 23494.171247195412, 32946.08323011529
871.5209999084473, 23494.171247195412, 32946.08323011529
871.5269999504089, 23494.171247195412, 32946.08323011529
871.5329999923706, 23494.171247195412, 32946.08323011529
871.5389997959137, 23494.171247195412, 32946.08323011529
871.5469999313354, 23494.171247195412, 32946.08323011529
871.5539999008179, 23494.171247195412, 32946.08323011529
871.561999797821, 23494.171247195412, 32946.08323011529
874.8379998207092, 23494.171247195412, 32946.08323011529
874.8449997901917, 23494.171247195412, 32946.08323011529
874.8509998321533, 23494.171247195412, 32944.44916171529
874.856999874115, 23494.171247195412, 32944.36176670096
874.8650000095367, 23494.171247195412, 32944.36176670096
874.8719999790192, 23494.171247195412, 32944.36176670096
878.3880000114441, 23494.171247195412, 32944.36176670096
878.396999835968, 23494.171247195412, 32944.12180254375
878.4059998989105, 23494.171247195412, 32944.12180254375
878.4119999408722, 23494.171247195412, 32943.05736743721
878.4179999828339, 23494.171247195412, 32943.05736743721
878.425999879837, 23494.171247195412, 32942.98788895095
878.4329998493195, 23494.171247195412, 32942.98788895095
878.4429998397827, 23494.171247195412, 32942.32345756014
882.1859998703003, 23494.171247195412, 32942.32345756014
882.2009999752045, 23494.171247195412, 32942.32345756014
882.2009999752045, 23494.171247195412, 32942.32345756014
882.2219998836517, 23494.171247195412, 32941.55934360612
882.231999874115, 23494.171247195412, 32941.55934360612
886.1009998321533, 23494.171247195412, 32941.55934360612
886.1009998321533, 23494.171247195412, 32941.55934360612
886.1169998645782, 23494.171247195412, 32941.55934360612
886.1239998340607, 23494.171247195412, 32941.55934360612
886.1299998760223, 23494.171247195412, 32941.55934360612
886.135999917984, 23494.171247195412, 32941.55934360612
886.1429998874664, 23494.171247195412, 32941.55934360612
886.1480000019073, 23494.171247195412, 32941.55934360612
886.1559998989105, 23494.171247195412, 32939.349899481706
890.050999879837, 23494.171247195412, 32938.285333480635
890.050999879837, 23494.171247195412, 32938.285333480635
890.069000005722, 23494.171247195412, 32938.285333480635
890.0789999961853, 23494.171247195412, 32937.68231107671
890.0899999141693, 23494.171247195412, 32937.68231107671
893.8869998455048, 23494.171247195412, 32937.68231107671
893.8919999599457, 23494.171247195412, 32937.68231107671
893.8919999599457, 23494.171247195412, 32937.68231107671
893.9039998054504, 23494.171247195412, 32937.68231107671
893.9079999923706, 23494.171247195412, 32937.68231107671
893.9079999923706, 23494.171247195412, 32937.68231107671
893.9240000247955, 23494.171247195412, 32937.68231107671
893.9240000247955, 23494.171247195412, 32937.68231107671
893.9240000247955, 23494.171247195412, 32937.40041610118
893.9399998188019, 23494.171247195412, 32937.40041610118
893.9399998188019, 23494.171247195412, 32936.29222033895
893.9559998512268, 23494.171247195412, 32936.29222033895
893.9559998512268, 23494.171247195412, 32936.29222033895
893.9559998512268, 23494.171247195412, 32936.29222033895
897.9719998836517, 23494.171247195412, 32936.29222033895
897.9809999465942, 23494.171247195412, 32936.29222033895
897.9869999885559, 23494.171247195412, 32936.29222033895
897.9969999790192, 23494.171247195412, 32936.189222873465
898.0009999275208, 23494.171247195412, 32936.189222873465
898.0069999694824, 23494.171247195412, 32936.189222873465
898.0119998455048, 23494.171247195412, 32936.189222873465
898.0169999599457, 23494.171247195412, 32936.189222873465
898.021999835968, 23494.171247195412, 32936.189222873465
898.0269999504089, 23494.171247195412, 32936.189222873465
898.0329999923706, 23494.171247195412, 32936.189222873465
898.037999868393, 23494.171247195412, 32936.189222873465
898.0460000038147, 23494.171247195412, 32936.189222873465
898.050999879837, 23494.171247195412, 32936.189222873465
898.0579998493195, 23494.171247195412, 32936.189222873465
898.0629999637604, 23494.171247195412, 32936.189222873465
898.0699999332428, 23494.171247195412, 32932.985866014395
901.617999792099, 23494.171247195412, 32932.985866014395
901.6429998874664, 23494.171247195412, 32931.70139664367
901.6510000228882, 23494.171247195412, 32931.66336228144
901.6619999408722, 23494.171247195412, 32931.66336228144
901.6710000038147, 23494.171247195412, 32931.66336228144
905.2919998168945, 23494.171247195412, 32930.4392602776
905.2999999523163, 23494.171247195412, 32930.4392602776
905.3109998703003, 23494.171247195412, 32930.4392602776
905.3179998397827, 23494.171247195412, 32930.4392602776
905.3259999752045, 23494.171247195412, 32930.4392602776
905.3339998722076, 23494.171247195412, 32930.4392602776
905.3409998416901, 23494.171247195412, 32930.4392602776
905.3499999046326, 23494.171247195412, 32930.4392602776
905.3629999160767, 23494.171247195412, 32929.22066134203
909.0499999523163, 23494.171247195412, 32929.22066134203
909.0590000152588, 23494.171247195412, 32929.22066134203
909.0590000152588, 23494.171247195412, 32929.22066134203
909.066999912262, 23494.171247195412, 32928.55668408158
909.0759999752045, 23494.171247195412, 32928.55668408158
909.0899999141693, 23494.171247195412, 32927.86072297062
912.8329999446869, 23494.171247195412, 32927.537350380604
912.8429999351501, 23494.171247195412, 32927.537350380604
912.8499999046326, 23494.171247195412, 32927.537350380604
912.8579998016357, 23494.171247195412, 32927.537350380604
912.8659999370575, 23494.171247195412, 32927.537350380604
912.8729999065399, 23494.171247195412, 32927.537350380604
912.8789999485016, 23494.171247195412, 32927.537350380604
912.885999917984, 23494.171247195412, 32927.537350380604
912.8919999599457, 23494.171247195412, 32927.537350380604
912.8980000019073, 23494.171247195412, 32927.537350380604
912.9039998054504, 23494.171247195412, 32927.537350380604
912.9099998474121, 23494.171247195412, 32927.48869991326
912.9169998168945, 23494.171247195412, 32927.48869991326
912.9240000247955, 23494.171247195412, 32927.48869991326
912.9340000152588, 23494.171247195412, 32927.21471337059
917.3289999961853, 23494.171247195412, 32926.851351782985
917.3369998931885, 23494.171247195412, 32926.851351782985
917.345999956131, 23494.171247195412, 32926.851351782985
917.3539998531342, 23494.171247195412, 32926.851351782985
917.3639998435974, 23494.171247195412, 32926.851351782985
921.0360000133514, 23494.171247195412, 32925.8746821554
921.0590000152588, 23494.171247195412, 32925.716199908115
921.0699999332428, 23494.171247195412, 32925.716199908115
921.079999923706, 23494.171247195412, 32925.15242803496
921.0889999866486, 23494.171247195412, 32925.15242803496
924.930999994278, 23494.171247195412, 32925.15242803496
924.9389998912811, 23494.171247195412, 32925.15242803496
924.9459998607635, 23494.171247195412, 32925.15242803496
924.952999830246, 23494.171247195412, 32925.15242803496
924.9609999656677, 23494.171247195412, 32925.15242803496
924.9670000076294, 23494.171247195412, 32925.15242803496
924.9749999046326, 23494.171247195412, 32925.15242803496
924.9800000190735, 23494.171247195412, 32925.15242803496
924.9800000190735, 23494.171247195412, 32925.15242803496
925.0069999694824, 23494.171247195412, 32925.15242803496
928.8179998397827, 23494.171247195412, 32924.214999698925
928.827999830246, 23494.171247195412, 32924.214999698925
928.8339998722076, 23494.171247195412, 32924.214999698925
928.8389999866486, 23494.171247195412, 32924.214999698925
928.8449997901917, 23494.171247195412, 32924.214999698925
928.8509998321533, 23494.171247195412, 32924.214999698925
928.8579998016357, 23494.171247195412, 32924.214999698925
928.8659999370575, 23494.171247195412, 32924.214999698925
928.8729999065399, 23494.171247195412, 32924.214999698925
928.8809998035431, 23494.171247195412, 32924.214999698925
928.8849999904633, 23494.171247195412, 32924.214999698925
928.8909997940063, 23494.171247195412, 32924.214999698925
928.8959999084473, 23494.171247195412, 32924.214999698925
932.6569998264313, 23494.171247195412, 32924.214999698925
932.6569998264313, 23494.171247195412, 32924.214999698925
932.675999879837, 23494.171247195412, 32924.214999698925
932.6859998703003, 23494.171247195412, 32924.214999698925
932.694000005722, 23494.171247195412, 32924.214999698925
932.7019999027252, 23494.171247195412, 32924.214999698925
932.7089998722076, 23494.171247195412, 32924.214999698925
932.7170000076294, 23494.171247195412, 32924.214999698925
932.7300000190735, 23494.171247195412, 32919.58167137179
936.5189998149872, 23494.171247195412, 32919.58167137179
936.5289998054504, 23494.171247195412, 32919.58167137179
936.5369999408722, 23494.171247195412, 32918.9662803261
936.5449998378754, 23494.171247195412, 32918.9662803261
936.5569999217987, 23494.171247195412, 32918.9662803261
936.5659999847412, 23494.171247195412, 32918.9662803261
936.5749998092651, 23494.171247195412, 32918.9662803261
940.204999923706, 23494.171247195412, 32918.9662803261
940.2149999141693, 23494.171247195412, 32917.88369077922
940.2229998111725, 23494.171247195412, 32917.88369077922
940.2309999465942, 23494.171247195412, 32917.88369077922
940.2379999160767, 23494.171247195412, 32917.88369077922
940.2459998130798, 23494.171247195412, 32917.88369077922
940.2530000209808, 23494.171247195412, 32917.88369077922
940.2589998245239, 23494.171247195412, 32917.88369077922
944.2599999904633, 23494.171247195412, 32917.88369077922
944.2679998874664, 23494.171247195412, 32917.88369077922
944.2739999294281, 23494.171247195412, 32917.47163247439
944.2819998264313, 23494.171247195412, 32917.47163247439
944.2869999408722, 23494.171247195412, 32916.88618248222
944.2929999828339, 23494.171247195412, 32916.88618248222
944.2990000247955, 23494.171247195412, 32916.88618248222
944.305999994278, 23494.171247195412, 32916.81463956282
944.3149998188019, 23494.171247195412, 32916.81463956282
944.3229999542236, 23494.171247195412, 32915.16830189646
948.055999994278, 23494.171247195412, 32915.16820168106
948.055999994278, 23494.171247195412, 32915.16820168106
948.0759999752045, 23494.171247195412, 32915.16820168106
948.0859999656677, 23494.171247195412, 32915.16820168106
951.9689998626709, 23494.171247195412, 32915.16820168106
951.9839999675751, 23494.171247195412, 32915.16820168106
951.9939999580383, 23494.171247195412, 32915.16820168106
952.0089998245239, 23494.171247195412, 32914.105000049334
955.885999917984, 23494.171247195412, 32914.105000049334
955.896999835968, 23494.171247195412, 32914.105000049334
955.9069998264313, 23494.171247195412, 32913.96996687199
955.9139997959137, 23494.171247195412, 32913.96996687199
955.9199998378754, 23494.171247195412, 32913.96996687199
955.9269998073578, 23494.171247195412, 32913.96996687199
955.9359998703003, 23494.171247195412, 32913.96996687199
955.9429998397827, 23494.171247195412, 32913.96996687199
955.9509999752045, 23494.171247195412, 32912.98295800292
955.9579999446869, 23494.171247195412, 32912.98295800292
959.7289998531342, 23494.171247195412, 32912.35142373554
959.7389998435974, 23494.171247195412, 32912.35142373554
959.7459998130798, 23494.171247195412, 32912.35142373554
959.7549998760223, 23494.171247195412, 32911.96293406219
959.760999917984, 23494.171247195412, 32911.96293406219
963.675999879837, 23494.171247195412, 32911.96293406219
963.691999912262, 23494.171247195412, 32911.96293406219
963.6999998092651, 23494.171247195412, 32911.96293406219
963.7089998722076, 23494.171247195412, 32911.96293406219
963.7159998416901, 23494.171247195412, 32911.96293406219
963.7249999046326, 23494.171247195412, 32911.96293406219
963.7329998016357, 23494.171247195412, 32911.96293406219
963.7400000095367, 23494.171247195412, 32910.733899773455
967.6189999580383, 23494.171247195412, 32910.733899773455
967.6319999694824, 23494.171247195412, 32910.733899773455
967.6429998874664, 23494.171247195412, 32910.733899773455
967.6489999294281, 23494.171247195412, 32910.595636827275
967.6569998264313, 23494.171247195412, 32910.595636827275
971.7329998016357, 23494.171247195412, 32907.65918864367
971.742999792099, 23494.171247195412, 32907.65918864367
971.7549998760223, 23494.171247195412, 32907.65918864367
971.7630000114441, 23494.171247195412, 32907.65918864367
971.7749998569489, 23494.171247195412, 32907.440039537
971.7860000133514, 23494.171247195412, 32907.440039537
971.7990000247955, 23494.171247195412, 32907.440039537
971.8099999427795, 23494.171247195412, 32907.440039537
971.8209998607635, 23494.171247195412, 32907.440039537
971.8320000171661, 23494.171247195412, 32907.440039537
971.8439998626709, 23494.171247195412, 32907.369119907424
975.6229999065399, 23494.171247195412, 32906.103685288166
975.6399998664856, 23494.171247195412, 32906.103685288166
975.6599998474121, 23494.171247195412, 32906.103685288166
975.6710000038147, 23494.171247195412, 32906.103685288166
975.6799998283386, 23494.171247195412, 32905.046623886374
975.6859998703003, 23494.171247195412, 32905.046623886374
979.470999956131, 23494.171247195412, 32905.046623886374
979.4769999980927, 23494.171247195412, 32905.046623886374
979.4839999675751, 23494.171247195412, 32905.046623886374
979.492999792099, 23494.171247195412, 32905.046623886374
979.4989998340607, 23494.171247195412, 32905.046623886374
979.5089998245239, 23494.171247195412, 32905.046623886374
979.5149998664856, 23494.171247195412, 32905.046623886374
979.521999835968, 23494.171247195412, 32905.046623886374
983.6710000038147, 23494.171247195412, 32905.046623886374
983.6859998703003, 23494.171247195412, 32904.53175423118
983.7019999027252, 23494.171247195412, 32902.72411196708
983.7099997997284, 23494.171247195412, 32902.538114987525
983.7170000076294, 23494.171247195412, 32901.85774336197
983.7249999046326, 23494.171247195412, 32901.85774336197
987.8519999980927, 23494.171247195412, 32901.53485417999
987.8609998226166, 23494.171247195412, 32901.53485417999
987.8719999790192, 23494.171247195412, 32901.53485417999
987.8799998760223, 23494.171247195412, 32901.53485417999
987.8880000114441, 23494.171247195412, 32901.53485417999
987.8929998874664, 23494.171247195412, 32901.53485417999
987.8980000019073, 23494.171247195412, 32901.53485417999
987.9039998054504, 23494.171247195412, 32901.53485417999
987.9110000133514, 23494.171247195412, 32900.75747576031
987.9189999103546, 23494.171247195412, 32900.71951454848
987.925999879837, 23494.171247195412, 32900.71951454848
987.9329998493195, 23494.171247195412, 32900.71951454848
987.9409999847412, 23494.171247195412, 32900.71951454848
987.9489998817444, 23494.171247195412, 32900.71951454848
987.954999923706, 23494.171247195412, 32900.71951454848
991.8029999732971, 23494.171247195412, 32900.706991021114
991.8209998607635, 23494.171247195412, 32900.275675818106
991.8289999961853, 23494.171247195412, 32900.275675818106
991.8349997997284, 23494.171247195412, 32900.275675818106
991.8429999351501, 23494.171247195412, 32900.09235077202
991.8499999046326, 23494.171247195412, 32900.09235077202
991.856999874115, 23494.171247195412, 32899.824399512436
991.8639998435974, 23494.171247195412, 32899.824399512436
991.8729999065399, 23494.171247195412, 32899.824399512436
995.8699998855591, 23494.171247195412, 32899.20758766459
995.8839998245239, 23494.171247195412, 32899.20758766459
995.8929998874664, 23494.171247195412, 32899.20758766459
995.9019999504089, 23494.171247195412, 32899.20758766459
995.9069998264313, 23494.171247195412, 32899.20758766459
995.9139997959137, 23494.171247195412, 32898.919137068515
995.9210000038147, 23494.171247195412, 32898.919137068515
995.930999994278, 23494.171247195412, 32898.919137068515
995.9389998912811, 23494.171247195412, 32898.919137068515
995.9489998817444, 23494.171247195412, 32898.80968276471
999.819000005722, 23494.171247195412, 32898.09150024269
999.8249998092651, 23494.171247195412, 32898.09150024269
999.8359999656677, 23494.171247195412, 32898.09150024269
999.8420000076294, 23494.171247195412, 32898.09150024269
999.8420000076294, 23494.171247195412, 32898.09150024269
999.8509998321533, 23494.171247195412, 32898.09150024269
999.8589999675751, 23494.171247195412, 32897.17542818697
999.8669998645782, 23494.171247195412, 32897.17542818697
999.8829998970032, 23494.171247195412, 32897.17542818697
999.8869998455048, 23494.171247195412, 32897.17542818697
999.8919999599457, 23494.171247195412, 32897.17542818697
999.8980000019073, 23494.171247195412, 32897.17542818697
999.8980000019073, 23494.171247195412, 32897.17542818697
999.9139997959137, 23494.171247195412, 32897.17542818697
999.9219999313354, 23494.171247195412, 32897.17542818697
1003.8539998531342, 23494.171247195412, 32897.17542818697
1003.8599998950958, 23494.171247195412, 32897.17542818697
1003.8739998340607, 23494.171247195412, 32897.17542818697
1003.8849999904633, 23494.171247195412, 32896.2134153335
1003.8959999084473, 23494.171247195412, 32896.2134153335
1003.9039998054504, 23494.171247195412, 32894.63110637227
1008.1459999084473, 23494.171247195412, 32894.61647077589
1008.1539998054504, 23494.171247195412, 32894.61647077589
1008.1539998054504, 23494.171247195412, 32894.61647077589
1008.162999868393, 23494.171247195412, 32894.61647077589
1008.1729998588562, 23494.171247195412, 32894.61647077589
1008.1819999217987, 23494.171247195412, 32894.61647077589
1008.1879999637604, 23494.171247195412, 32894.61647077589
1008.1959998607635, 23494.171247195412, 32894.61647077589
1008.2019999027252, 23494.171247195412, 32894.61647077589
1008.2089998722076, 23494.171247195412, 32894.61647077589
1008.2139999866486, 23494.171247195412, 32894.61647077589
1012.3619999885559, 23494.171247195412, 32894.61647077589
1012.3769998550415, 23494.171247195412, 32894.61647077589
1012.3789999485016, 23494.171247195412, 32894.61647077589
1012.3789999485016, 23494.171247195412, 32894.61647077589
1012.3980000019073, 23494.171247195412, 32894.61647077589
1012.4049999713898, 23494.171247195412, 32894.61647077589
1012.412999868393, 23494.171247195412, 32894.61647077589
1012.4210000038147, 23494.171247195412, 32894.61647077589
1012.430999994278, 23494.171247195412, 32894.61647077589
1016.4639999866486, 23494.171247195412, 32893.19917642266
1016.4809999465942, 23494.171247195412, 32893.19917642266
1016.4809999465942, 23494.171247195412, 32893.19917642266
1016.5019998550415, 23494.171247195412, 32893.19917642266
1016.5099999904633, 23494.171247195412, 32893.19917642266
1016.5199999809265, 23494.171247195412, 32893.19917642266
1016.5260000228882, 23494.171247195412, 32893.19917642266
1020.6519999504089, 23494.171247195412, 32893.19917642266
1020.6740000247955, 23494.171247195412, 32893.19917642266
1020.6859998703003, 23494.171247195412, 32893.19917642266
1020.6959998607635, 23494.171247195412, 32893.19917642266
1020.702999830246, 23494.171247195412, 32893.19917642266
1020.7109999656677, 23494.171247195412, 32893.19917642266
1020.7170000076294, 23494.171247195412, 32893.19917642266
1020.7239999771118, 23494.171247195412, 32893.19917642266
1020.7300000190735, 23494.171247195412, 32893.19917642266
1020.7369999885559, 23494.171247195412, 32893.19917642266
1020.7469999790192, 23494.171247195412, 32893.19917642266
1020.7569999694824, 23494.171247195412, 32893.19917642266
1020.7659997940063, 23494.171247195412, 32893.19917642266
1024.7819998264313, 23494.171247195412, 32890.74300064183
1024.7819998264313, 23494.171247195412, 32889.88320444069
1024.7979998588562, 23494.171247195412, 32889.85163914691
1024.811999797821, 23494.171247195412, 32889.85163914691
1024.8259999752045, 23494.171247195412, 32889.85163914691
1024.8420000076294, 23494.171247195412, 32889.85163914691
1024.8469998836517, 23494.171247195412, 32889.85163914691
1024.8469998836517, 23494.171247195412, 32889.85163914691
1024.8469998836517, 23494.171247195412, 32889.85163914691
1024.8629999160767, 23494.171247195412, 32889.85163914691
1024.8629999160767, 23494.171247195412, 32889.66860080649
1024.8769998550415, 23494.171247195412, 32889.66860080649
1024.8819999694824, 23494.171247195412, 32889.66860080649
1028.7489998340607, 23494.171247195412, 32889.66860080649
1028.7579998970032, 23494.171247195412, 32889.66860080649
1028.7689998149872, 23494.171247195412, 32889.66860080649
1028.776999950409, 23494.171247195412, 32889.66860080649
1028.784999847412, 23494.171247195412, 32889.66860080649
1028.7969999313354, 23494.171247195412, 32889.66860080649
1032.8209998607635, 23494.171247195412, 32889.66860080649
1032.832999944687, 23494.171247195412, 32889.40909553356
1032.8420000076294, 23494.171247195412, 32889.31140430528
1032.8499999046326, 23494.171247195412, 32889.31140430528
1032.8579998016357, 23494.171247195412, 32888.82089026925
1032.8650000095367, 23494.171247195412, 32888.82089026925
1032.8780000209808, 23494.171247195412, 32888.82089026925
1032.8869998455048, 23494.171247195412, 32888.82089026925
1032.8949999809265, 23494.171247195412, 32888.82089026925
1032.901999950409, 23494.171247195412, 32886.976508954554
1032.909999847412, 23494.171247195412, 32886.976508954554
1037.2689998149872, 23494.171247195412, 32886.976508954554
1037.2799999713898, 23494.171247195412, 32886.746511364734
1037.2889997959137, 23494.171247195412, 32886.746511364734
1037.2990000247955, 23494.171247195412, 32886.581990055594
1037.305999994278, 23494.171247195412, 32886.581990055594
1037.311999797821, 23494.171247195412, 32886.581990055594
1037.316999912262, 23494.171247195412, 32886.581990055594
1041.37299990654, 23494.171247195412, 32886.581990055594
1041.3869998455048, 23494.171247195412, 32885.74089840403
1045.3320000171661, 23494.171247195412, 32885.37470270144
1045.3479998111725, 23494.171247195412, 32885.37470270144
1045.3579998016357, 23494.171247195412, 32885.37470270144
1045.3659999370575, 23494.171247195412, 32885.37470270144
1045.3739998340607, 23494.171247195412, 32885.37470270144
1045.3829998970032, 23494.171247195412, 32885.37470270144
1045.3919999599457, 23494.171247195412, 32885.37470270144
1049.4269998073578, 23494.171247195412, 32884.13911203215
1049.4379999637604, 23494.171247195412, 32884.13911203215
1049.444000005722, 23494.171247195412, 32884.13911203215
1049.452999830246, 23494.171247195412, 32883.442906568926
1049.4609999656677, 23494.171247195412, 32883.442906568926
1049.468999862671, 23494.171247195412, 32883.442906568926
1049.4779999256134, 23494.171247195412, 32883.442906568926
1049.483999967575, 23494.171247195412, 32883.442906568926
1049.483999967575, 23494.171247195412, 32883.442906568926
1049.494999885559, 23494.171247195412, 32883.442906568926
1049.5, 23494.171247195412, 32883.442906568926
1053.3849999904633, 23494.171247195412, 32883.442906568926
1053.3849999904633, 23494.171247195412, 32883.442906568926
1053.4029998779297, 23494.171247195412, 32883.442906568926
1053.4119999408722, 23494.171247195412, 32883.442906568926
1053.4189999103546, 23494.171247195412, 32883.442906568926
1053.4249999523163, 23494.171247195412, 32883.442906568926
1053.4319999217987, 23494.171247195412, 32883.442906568926
1057.3919999599457, 23494.171247195412, 32881.47817426796
1057.4059998989105, 23494.171247195412, 32881.47817426796
1057.4159998893738, 23494.171247195412, 32881.47817426796
1057.4229998588562, 23494.171247195412, 32881.47817426796
1057.4349999427795, 23494.171247195412, 32881.47817426796
1057.444000005722, 23494.171247195412, 32881.47817426796
1057.4519999027252, 23494.171247195412, 32881.47817426796
1057.4589998722076, 23494.171247195412, 32881.47817426796
1057.4679999351501, 23494.171247195412, 32881.47817426796
1057.4749999046326, 23494.171247195412, 32880.41404213046
1057.483999967575, 23494.171247195412, 32880.41404213046
1062.3379998207092, 23494.171247195412, 32880.41404213046
1062.3479998111725, 23494.171247195412, 32879.4705881331
1062.3650000095367, 23494.171247195412, 32879.141342711344
1062.3719999790192, 23494.171247195412, 32878.40774079135
1062.3799998760223, 23494.171247195412, 32878.40774079135
1062.388000011444, 23494.171247195412, 32878.40774079135
1062.3949999809265, 23494.171247195412, 32878.40774079135
1062.4029998779297, 23494.171247195412, 32878.40774079135
1066.936999797821, 23494.171247195412, 32878.40774079135
1066.9459998607635, 23494.171247195412, 32878.40774079135
1066.9539999961853, 23494.171247195412, 32878.40774079135
1066.9609999656677, 23494.171247195412, 32878.40774079135
1066.9699997901917, 23494.171247195412, 32878.40774079135
1066.9769999980927, 23494.171247195412, 32878.40774079135
1066.9859998226166, 23494.171247195412, 32878.40774079135
1066.9909999370575, 23494.171247195412, 32878.40774079135
1066.9969999790192, 23494.171247195412, 32878.40774079135
1067.0230000019073, 23494.171247195412, 32877.3218114687
1071.5429999828339, 23494.171247195412, 32876.405694452704
1071.5479998588562, 23494.171247195412, 32876.405694452704
1071.5479998588562, 23494.171247195412, 32876.405694452704
1071.5649998188019, 23494.171247195412, 32876.405694452704
1071.5729999542236, 23494.171247195412, 32875.33993410487
1071.5809998512268, 23494.171247195412, 32875.33993410487
1075.8559999465942, 23494.171247195412, 32874.874189773735
1075.867999792099, 23494.171247195412, 32874.655107803956
1075.8789999485016, 23494.171247195412, 32874.655107803956
1075.8889999389648, 23494.171247195412, 32874.655107803956
1075.8980000019073, 23494.171247195412, 32874.655107803956
1075.9079999923706, 23494.171247195412, 32874.655107803956
1075.9189999103546, 23494.171247195412, 32874.655107803956
1079.8090000152588, 23494.171247195412, 32872.862344465444
1079.8179998397827, 23494.171247195412, 32872.862344465444
1079.8239998817444, 23494.171247195412, 32872.862344465444
1079.8309998512268, 23494.171247195412, 32872.862344465444
1079.8379998207092, 23494.171247195412, 32872.862344465444
1079.8449997901917, 23494.171247195412, 32872.862344465444
1079.8509998321533, 23494.171247195412, 32872.862344465444
1079.8550000190735, 23494.171247195412, 32872.862344465444
1083.8709998130798, 23494.171247195412, 32872.862344465444
1083.888000011444, 23494.171247195412, 32872.862344465444
1083.888000011444, 23494.171247195412, 32872.07867822742
1083.909999847412, 23494.171247195412, 32872.07867822742
1083.9169998168945, 23494.171247195412, 32872.07867822742
1083.9249999523163, 23494.171247195412, 32872.07867822742
1083.9340000152588, 23494.171247195412, 32870.966633042946
1083.941999912262, 23494.171247195412, 32870.966633042946
1083.9499998092651, 23494.171247195412, 32870.966633042946
1088.008999824524, 23494.171247195412, 32870.604623319115
1088.0179998874664, 23494.171247195412, 32870.604623319115
1088.0279998779297, 23494.171247195412, 32870.604623319115
1088.0369999408722, 23494.171247195412, 32870.604623319115
1088.0460000038147, 23494.171247195412, 32870.604623319115
1088.0529999732971, 23494.171247195412, 32870.604623319115
1088.0639998912811, 23494.171247195412, 32870.604623319115
1088.0749998092651, 23494.171247195412, 32870.604623319115
1088.0849997997284, 23494.171247195412, 32870.604623319115
1088.0920000076294, 23494.171247195412, 32870.604623319115
1092.2229998111725, 23494.171247195412, 32870.11629506364
1092.2349998950958, 23494.171247195412, 32869.1532992849
1092.24799990654, 23494.171247195412, 32869.11949078738
1092.255999803543, 23494.171247195412, 32869.11949078738
1092.2619998455048, 23494.171247195412, 32869.11949078738
1092.2679998874664, 23494.171247195412, 32869.11949078738
1092.2760000228882, 23494.171247195412, 32869.11949078738
1092.2809998989105, 23494.171247195412, 32869.11949078738
1092.2869999408722, 23494.171247195412, 32869.11949078738
1096.430999994278, 23494.171247195412, 32867.87781278865
1096.4399998188019, 23494.171247195412, 32867.87781278865
1096.4499998092651, 23494.171247195412, 32867.87781278865
1096.4559998512268, 23494.171247195412, 32867.87781278865
1096.46599984169, 23494.171247195412, 32867.592440669505
1100.6970000267029, 23494.171247195412, 32866.02135503768
1100.7070000171661, 23494.171247195412, 32866.02135503768
1100.718999862671, 23494.171247195412, 32866.02135503768
1104.7199997901917, 23494.171247195412, 32866.02135503768
1104.7259998321533, 23494.171247195412, 32866.02135503768
1104.731999874115, 23494.171247195412, 32866.02135503768
1104.7359998226166, 23494.171247195412, 32866.02135503768
1104.742999792099, 23494.171247195412, 32865.06758289116
1104.7489998340607, 23494.171247195412, 32864.86197157366
1104.755999803543, 23494.171247195412, 32864.86197157366
1104.7619998455048, 23494.171247195412, 32864.86197157366
1104.771999835968, 23494.171247195412, 32864.86197157366
1104.7809998989105, 23494.171247195412, 32864.580172281014
1104.7919998168945, 23494.171247195412, 32864.580172281014
1108.7749998569489, 23494.171247195412, 32864.580172281014
1108.784999847412, 23494.171247195412, 32864.580172281014
1108.7979998588562, 23494.171247195412, 32863.93570717168
1108.8129999637604, 23494.171247195412, 32863.93570717168
1108.8220000267029, 23494.171247195412, 32863.93570717168
1108.832999944687, 23494.171247195412, 32863.693994738045
1113.0609998703003, 23494.171247195412, 32863.693994738045
1113.0609998703003, 23494.171247195412, 32863.693994738045
1113.077999830246, 23494.171247195412, 32863.693994738045
1113.0839998722076, 23494.171247195412, 32862.827669138685
1113.0929999351501, 23494.171247195412, 32862.827669138685
1113.1019999980927, 23494.171247195412, 32862.827669138685
1113.1099998950958, 23494.171247195412, 32862.827669138685
1117.1239998340607, 23494.171247195412, 32862.827669138685
1117.1389999389648, 23494.171247195412, 32862.827669138685
1117.1480000019073, 23494.171247195412, 32862.827669138685
1117.1549999713898, 23494.171247195412, 32862.827669138685
1121.5339999198914, 23494.171247195412, 32862.827669138685
1121.5469999313354, 23494.171247195412, 32862.827669138685
1121.5579998493195, 23494.171247195412, 32862.827669138685
1121.5679998397827, 23494.171247195412, 32862.827669138685
1121.5749998092651, 23494.171247195412, 32862.827669138685
1121.5820000171661, 23494.171247195412, 32862.827669138685
1121.5889999866486, 23494.171247195412, 32862.827669138685
1121.5979998111725, 23494.171247195412, 32862.827669138685
1121.6039998531342, 23494.171247195412, 32862.827669138685
1121.608999967575, 23494.171247195412, 32862.827669138685
1121.6150000095367, 23494.171247195412, 32861.22295507755
1121.6219999790192, 23494.171247195412, 32861.22295507755
1125.6499998569489, 23494.171247195412, 32861.22295507755
1125.6549999713898, 23494.171247195412, 32861.22295507755
1125.6669998168945, 23494.171247195412, 32860.174514368766
1125.680999994278, 23494.171247195412, 32860.174514368766
1125.6909999847412, 23494.171247195412, 32859.68483306524
1129.8769998550415, 23494.171247195412, 32859.226965568174
1129.885999917984, 23494.171247195412, 32859.226965568174
1129.8939998149872, 23494.171247195412, 32859.226965568174
1129.9029998779297, 23494.171247195412, 32859.226965568174
1129.909999847412, 23494.171247195412, 32859.226965568174
1129.9199998378754, 23494.171247195412, 32859.226965568174
1129.9249999523163, 23494.171247195412, 32859.226965568174
1129.9399998188019, 23494.171247195412, 32859.17846379389
1133.9069998264313, 23494.171247195412, 32859.17846379389
1133.9199998378754, 23494.171247195412, 32859.17846379389
1133.9319999217987, 23494.171247195412, 32859.17846379389
1133.9429998397827, 23494.171247195412, 32858.44780837947
1133.9519999027252, 23494.171247195412, 32858.44780837947
1133.9609999656677, 23494.171247195412, 32858.44780837947
1133.970999956131, 23494.171247195412, 32858.44780837947
1138.2679998874664, 23494.171247195412, 32858.44780837947
1138.276999950409, 23494.171247195412, 32858.44780837947
1138.2839999198914, 23494.171247195412, 32858.44780837947
1138.289999961853, 23494.171247195412, 32858.44780837947
1138.2979998588562, 23494.171247195412, 32858.44780837947
1138.3079998493195, 23494.171247195412, 32858.44780837947
1138.3139998912811, 23494.171247195412, 32858.44780837947
1138.319000005722, 23494.171247195412, 32858.44780837947
1138.3269999027252, 23494.171247195412, 32858.44780837947
1138.3349997997284, 23494.171247195412, 32858.44780837947
1138.3489999771118, 23494.171247195412, 32856.390834245365
1138.361999988556, 23494.171247195412, 32856.390834245365
1142.305999994278, 23494.171247195412, 32856.390834245365
1142.305999994278, 23494.171247195412, 32856.390834245365
1142.3229999542236, 23494.171247195412, 32856.390834245365
1142.3229999542236, 23494.171247195412, 32856.390834245365
1142.3369998931885, 23494.171247195412, 32856.390834245365
1142.345999956131, 23494.171247195412, 32856.390834245365
1142.3529999256134, 23494.171247195412, 32856.390834245365
1142.3579998016357, 23494.171247195412, 32856.390834245365
1142.3650000095367, 23494.171247195412, 32856.390834245365
1142.3739998340607, 23494.171247195412, 32856.390834245365
1142.3799998760223, 23494.171247195412, 32856.294573992986
1142.385999917984, 23494.171247195412, 32856.294573992986
1142.3939998149872, 23494.171247195412, 32855.55133284867
1142.401999950409, 23494.171247195412, 32853.95856581913
1142.4079999923706, 23494.171247195412, 32853.95856581913
1146.3659999370575, 23494.171247195412, 32853.62057714555
1146.3659999370575, 23494.171247195412, 32853.62057714555
1146.3789999485016, 23494.171247195412, 32853.62057714555
1146.3869998455048, 23494.171247195412, 32853.51161574496
1146.3959999084473, 23494.171247195412, 32853.51161574496
1146.4049999713898, 23494.171247195412, 32853.51161574496
1146.4110000133514, 23494.171247195412, 32853.51161574496
1146.4169998168945, 23494.171247195412, 32853.51161574496
1150.7059998512268, 23494.171247195412, 32853.51161574496
1150.7170000076294, 23494.171247195412, 32853.51161574496
1150.7300000190735, 23494.171247195412, 32853.51161574496
1150.7409999370575, 23494.171247195412, 32853.51161574496
1150.7519998550415, 23494.171247195412, 32853.51161574496
1150.7599999904633, 23494.171247195412, 32853.51161574496
1150.7659997940063, 23494.171247195412, 32853.51161574496
1150.7779998779297, 23494.171247195412, 32853.51161574496
1150.7869999408722, 23494.171247195412, 32853.1986964828
1150.7939999103546, 23494.171247195412, 32853.1986964828
1150.8019998073578, 23494.171247195412, 32853.1986964828
1150.8099999427795, 23494.171247195412, 32853.1986964828
1155.1480000019073, 23494.171247195412, 32853.1986964828
1155.1669998168945, 23494.171247195412, 32853.1986964828
1155.1769998073578, 23494.171247195412, 32853.1986964828
1155.186999797821, 23494.171247195412, 32851.6239527109
1159.194000005722, 23494.171247195412, 32851.6239527109
1159.194000005722, 23494.171247195412, 32851.6239527109
1159.194000005722, 23494.171247195412, 32851.6239527109
1159.2109999656677, 23494.171247195412, 32851.6239527109
1159.2109999656677, 23494.171247195412, 32851.6239527109
1159.2109999656677, 23494.171247195412, 32851.6239527109
1159.2279999256134, 23494.171247195412, 32851.6239527109
1163.4029998779297, 23494.171247195412, 32851.6239527109
1163.414999961853, 23494.171247195412, 32851.41631536382
1163.4229998588562, 23494.171247195412, 32851.41631536382
1163.4329998493195, 23494.171247195412, 32851.41631536382
1163.4399998188019, 23494.171247195412, 32851.41631536382
1163.4449999332428, 23494.171247195412, 32851.41631536382
1163.4519999027252, 23494.171247195412, 32851.41631536382
1163.4629998207092, 23494.171247195412, 32851.41631536382
1167.6799998283386, 23494.171247195412, 32851.41631536382
1167.6929998397827, 23494.171247195412, 32849.70293753724
1167.7059998512268, 23494.171247195412, 32849.70293753724
1167.718999862671, 23494.171247195412, 32849.0974882793
1167.731999874115, 23494.171247195412, 32849.0974882793
1167.7400000095367, 23494.171247195412, 32849.0974882793
1167.7469999790192, 23494.171247195412, 32849.0974882793
1172.2459998130798, 23494.171247195412, 32849.0974882793
1172.263000011444, 23494.171247195412, 32849.0974882793
1172.2659997940063, 23494.171247195412, 32849.0974882793
1172.2869999408722, 23494.171247195412, 32849.0974882793
1172.2939999103546, 23494.171247195412, 32849.0974882793
1172.3039999008179, 23494.171247195412, 32849.0974882793
1172.3159999847412, 23494.171247195412, 32848.078309466044
1172.3269999027252, 23494.171247195412, 32845.1291975216
1172.3349997997284, 23494.171247195412, 32845.1291975216
1176.5679998397827, 23494.171247195412, 32845.03750727472
1176.5739998817444, 23494.171247195412, 32845.03750727472
1176.5820000171661, 23494.171247195412, 32845.03750727472
1176.593999862671, 23494.171247195412, 32844.856370061854
1176.6019999980927, 23494.171247195412, 32844.856370061854
1176.6109998226166, 23494.171247195412, 32844.856370061854
1176.617999792099, 23494.171247195412, 32844.856370061854
1180.896999835968, 23494.171247195412, 32843.73822844164
1180.9089999198914, 23494.171247195412, 32843.73822844164
1180.9189999103546, 23494.171247195412, 32843.73822844164
1180.9279999732971, 23494.171247195412, 32843.73822844164
1180.9359998703003, 23494.171247195412, 32843.73822844164
1180.9429998397827, 23494.171247195412, 32843.73822844164
1180.9499998092651, 23494.171247195412, 32843.73822844164
1180.957999944687, 23494.171247195412, 32843.73822844164
1180.9649999141693, 23494.171247195412, 32843.73822844164
1180.970999956131, 23494.171247195412, 32843.73822844164
1180.9769999980927, 23494.171247195412, 32843.73822844164
1180.9829998016357, 23494.171247195412, 32843.73822844164
1180.9900000095367, 23494.171247195412, 32843.73822844164
1180.9989998340607, 23494.171247195412, 32843.16200224914
1181.005999803543, 23494.171247195412, 32842.9862454001
1181.0139999389648, 23494.171247195412, 32842.9862454001
1185.361999988556, 23494.171247195412, 32842.83916999164
1185.3789999485016, 23494.171247195412, 32842.83916999164
1185.3789999485016, 23494.171247195412, 32842.433763507186
1185.398999929428, 23494.171247195412, 32842.433763507186
1185.4069998264313, 23494.171247195412, 32842.433763507186
1185.412999868393, 23494.171247195412, 32842.433763507186
1185.4199998378754, 23494.171247195412, 32842.433763507186
1185.4269998073578, 23494.171247195412, 32842.433763507186
1185.4340000152588, 23494.171247195412, 32842.433763507186
1185.4409999847412, 23494.171247195412, 32842.433763507186
1185.4489998817444, 23494.171247195412, 32842.310748297496
1189.611999988556, 23494.171247195412, 32842.310748297496
1189.6259999275208, 23494.171247195412, 32842.310748297496
1189.6269998550415, 23494.171247195412, 32842.310748297496
1189.6269998550415, 23494.171247195412, 32842.310748297496
1189.6439998149872, 23494.171247195412, 32842.310748297496
1189.6449999809265, 23494.171247195412, 32842.310748297496
1189.6449999809265, 23494.171247195412, 32842.310748297496
1189.659999847412, 23494.171247195412, 32842.310748297496
1189.659999847412, 23494.171247195412, 32841.372159066974
1189.675999879837, 23494.171247195412, 32841.17524654551
1189.675999879837, 23494.171247195412, 32841.01388128037
1189.6909999847412, 23494.171247195412, 32841.01388128037
1193.7990000247955, 23494.171247195412, 32841.01388128037
1193.811999797821, 23494.171247195412, 32841.01388128037
1193.8239998817444, 23494.171247195412, 32841.01388128037
1193.8359999656677, 23494.171247195412, 32841.01388128037
1193.8479998111725, 23494.171247195412, 32841.01388128037
1193.856999874115, 23494.171247195412, 32841.01388128037
1193.8639998435974, 23494.171247195412, 32841.01388128037
1197.9959998130798, 23494.171247195412, 32840.95097991516
1198.0069999694824, 23494.171247195412, 32840.95097991516
1198.0179998874664, 23494.171247195412, 32840.95097991516
1198.0279998779297, 23494.171247195412, 32840.95097991516
1198.0360000133514, 23494.171247195412, 32840.95097991516
1198.0469999313354, 23494.171247195412, 32840.95097991516
1198.0569999217987, 23494.171247195412, 32840.95097991516
1198.0649998188019, 23494.171247195412, 32840.95097991516
1198.0720000267029, 23494.171247195412, 32840.95097991516
1198.077999830246, 23494.171247195412, 32840.95097991516
1198.0849997997284, 23494.171247195412, 32840.95097991516
1202.3829998970032, 23494.171247195412, 32840.95097991516
1202.3929998874664, 23494.171247195412, 32840.95097991516
1202.4010000228882, 23494.171247195412, 32840.95097991516
1202.4119999408722, 23494.171247195412, 32840.95097991516
1202.4179999828339, 23494.171247195412, 32840.95097991516
1202.4229998588562, 23494.171247195412, 32840.95097991516
1202.430999994278, 23494.171247195412, 32840.95097991516
1202.436999797821, 23494.171247195412, 32840.95097991516
1202.441999912262, 23494.171247195412, 32840.95097991516
1202.4489998817444, 23494.171247195412, 32840.95097991516
1202.454999923706, 23494.171247195412, 32840.95097991516
1202.4619998931885, 23494.171247195412, 32840.95097991516
1206.87299990654, 23494.171247195412, 32840.392916280856
1206.8829998970032, 23494.171247195412, 32840.392916280856
1206.8949999809265, 23494.171247195412, 32840.392916280856
1206.9079999923706, 23494.171247195412, 32840.392916280856
1206.9179999828339, 23494.171247195412, 32840.392916280856
1206.9269998073578, 23494.171247195412, 32840.392916280856
1206.9340000152588, 23494.171247195412, 32840.392916280856
1206.9449999332428, 23494.171247195412, 32840.392916280856
1206.952999830246, 23494.171247195412, 32838.735261738766
1211.1439998149872, 23494.171247195412, 32838.735261738766
1211.1549999713898, 23494.171247195412, 32838.735261738766
1211.162999868393, 23494.171247195412, 32837.30495625004
1211.1740000247955, 23494.171247195412, 32837.30495625004
1211.1829998493195, 23494.171247195412, 32837.30495625004
1211.191999912262, 23494.171247195412, 32837.22214957999
1211.2019999027252, 23494.171247195412, 32837.22214957999
1211.2099997997284, 23494.171247195412, 32837.22214957999
1211.2179999351501, 23494.171247195412, 32836.29991113497
1211.2289998531342, 23494.171247195412, 32835.77054492829
1211.2400000095367, 23494.171247195412, 32835.77054492829
1215.4670000076294, 23494.171247195412, 32835.097012726066
1215.4789998531342, 23494.171247195412, 32835.097012726066
1215.4919998645782, 23494.171247195412, 32835.097012726066
1215.5, 23494.171247195412, 32835.097012726066
1215.505999803543, 23494.171247195412, 32834.89706728456
1215.5199999809265, 23494.171247195412, 32834.544934733676
1219.6840000152588, 23494.171247195412, 32834.544934733676
1219.6909999847412, 23494.171247195412, 32834.544934733676
1219.6959998607635, 23494.171247195412, 32834.544934733676
1219.7039999961853, 23494.171247195412, 32834.544934733676
1219.7099997997284, 23494.171247195412, 32834.544934733676
1219.71599984169, 23494.171247195412, 32834.33553777991
1219.7239999771118, 23494.171247195412, 32834.33553777991
1219.7239999771118, 23494.171247195412, 32834.33553777991
1219.7239999771118, 23494.171247195412, 32834.33553777991
1219.7400000095367, 23494.171247195412, 32834.33553777991
1219.7400000095367, 23494.171247195412, 32834.33553777991
1219.755999803543, 23494.171247195412, 32834.33553777991
1219.760999917984, 23494.171247195412, 32834.33553777991
1219.7669999599457, 23494.171247195412, 32834.33553777991
1219.773999929428, 23494.171247195412, 32833.83848116981
1219.7779998779297, 23494.171247195412, 32833.83848116981
1224.008999824524, 23494.171247195412, 32833.73372181897
1224.0249998569489, 23494.171247195412, 32833.73372181897
1224.0419998168945, 23494.171247195412, 32833.73372181897
1224.0539999008179, 23494.171247195412, 32833.73372181897
1224.0639998912811, 23494.171247195412, 32833.73372181897
1224.0709998607635, 23494.171247195412, 32833.73372181897
1224.0759999752045, 23494.171247195412, 32833.73372181897
1224.0839998722076, 23494.171247195412, 32832.83726635195
1224.09099984169, 23494.171247195412, 32832.83726635195
1224.0979998111725, 23494.171247195412, 32832.83726635195
1224.1059999465942, 23494.171247195412, 32831.997503270824
1228.401999950409, 23494.171247195412, 32831.997503270824
1228.4119999408722, 23494.171247195412, 32831.997503270824
1228.4249999523163, 23494.171247195412, 32831.997503270824
1228.4399998188019, 23494.171247195412, 32831.997503270824
1228.4499998092651, 23494.171247195412, 32831.997503270824
1228.4570000171661, 23494.171247195412, 32831.997503270824
1228.46599984169, 23494.171247195412, 32831.997503270824
1228.4769999980927, 23494.171247195412, 32831.62362412434
1228.4859998226166, 23494.171247195412, 32831.62362412434
1232.9289999008179, 23494.171247195412, 32831.44259475038
1232.9399998188019, 23494.171247195412, 32831.44259475038
1232.9519999027252, 23494.171247195412, 32831.44259475038
1232.9629998207092, 23494.171247195412, 32830.21750361552
1232.970999956131, 23494.171247195412, 32830.21750361552
1237.4229998588562, 23494.171247195412, 32830.21750361552
1237.4229998588562, 23494.171247195412, 32830.21750361552
1237.441999912262, 23494.171247195412, 32830.21750361552
1237.452999830246, 23494.171247195412, 32830.21750361552
1237.4639999866486, 23494.171247195412, 32830.21750361552
1237.470999956131, 23494.171247195412, 32830.21750361552
1237.4800000190735, 23494.171247195412, 32830.21750361552
1237.486999988556, 23494.171247195412, 32830.21750361552
1241.9800000190735, 23494.171247195412, 32829.03964977415
1241.9829998016357, 23494.171247195412, 32829.03964977415
1242.0049998760223, 23494.171247195412, 32829.03964977415
1242.0119998455048, 23494.171247195412, 32829.03964977415
1246.2279999256134, 23494.171247195412, 32829.03964977415
1246.2309999465942, 23494.171247195412, 32829.03964977415
1246.2509999275208, 23494.171247195412, 32829.03964977415
1246.260999917984, 23494.171247195412, 32829.03964977415
1250.819000005722, 23494.171247195412, 32828.54517808764
1250.8249998092651, 23494.171247195412, 32828.54517808764
1250.8349997997284, 23494.171247195412, 32828.54517808764
1250.8449997901917, 23494.171247195412, 32828.54517808764
1250.8550000190735, 23494.171247195412, 32826.851326064825
1255.0519998073578, 23494.171247195412, 32825.7628812471
1255.0519998073578, 23494.171247195412, 32825.7628812471
1255.0769999027252, 23494.171247195412, 32825.7628812471
1255.0859999656677, 23494.171247195412, 32825.7628812471
1260.6659998893738, 23494.171247195412, 32825.7628812471
1260.675999879837, 23494.171247195412, 32825.7628812471
1260.6899998188019, 23494.171247195412, 32825.7628812471
1264.9739999771118, 23494.171247195412, 32825.7628812471
1264.9900000095367, 23494.171247195412, 32825.7628812471
1264.9900000095367, 23494.171247195412, 32825.7628812471
1265.0069999694824, 23494.171247195412, 32825.7628812471
1265.0069999694824, 23494.171247195412, 32825.7628812471
1265.023999929428, 23494.171247195412, 32825.7628812471
1265.023999929428, 23494.171247195412, 32825.7628812471
1265.0409998893738, 23494.171247195412, 32825.7628812471
1265.0409998893738, 23494.171247195412, 32825.7628812471
1265.0539999008179, 23494.171247195412, 32823.74263228602
1269.441999912262, 23494.171247195412, 32823.74263228602
1269.4599997997284, 23494.171247195412, 32823.74263228602
1269.4719998836517, 23494.171247195412, 32823.74263228602
1269.4779999256134, 23494.171247195412, 32823.74263228602
1269.486999988556, 23494.171247195412, 32823.74263228602
1269.494999885559, 23494.171247195412, 32823.74263228602
1273.534999847412, 23494.171247195412, 32823.74263228602
1273.5449998378754, 23494.171247195412, 32823.74263228602
1273.5519998073578, 23494.171247195412, 32822.22953080659
1273.5659999847412, 23494.171247195412, 32821.406097595325
1273.5749998092651, 23494.171247195412, 32821.406097595325
1273.5820000171661, 23494.171247195412, 32821.406097595325
1273.5889999866486, 23494.171247195412, 32821.406097595325
1273.5949997901917, 23494.171247195412, 32821.406097595325
1273.6059999465942, 23494.171247195412, 32821.406097595325
1273.6129999160767, 23494.171247195412, 32821.406097595325
1273.62299990654, 23494.171247195412, 32821.406097595325
1278.0989999771118, 23494.171247195412, 32821.406097595325
1278.106999874115, 23494.171247195412, 32821.406097595325
1278.1169998645782, 23494.171247195412, 32820.588001375945
1278.1259999275208, 23494.171247195412, 32820.588001375945
1278.1319999694824, 23494.171247195412, 32820.588001375945
1278.1389999389648, 23494.171247195412, 32820.27245642341
1278.1439998149872, 23494.171247195412, 32820.27245642341
1278.151999950409, 23494.171247195412, 32820.27245642341
1278.1589999198914, 23494.171247195412, 32820.27245642341
1278.164999961853, 23494.171247195412, 32820.27245642341
1278.1699998378754, 23494.171247195412, 32820.27245642341
1278.1769998073578, 23494.171247195412, 32820.27245642341
1278.1879999637604, 23494.171247195412, 32819.429102688526
1282.4969999790192, 23494.171247195412, 32818.81830637109
1282.4969999790192, 23494.171247195412, 32818.81830637109
1282.5169999599457, 23494.171247195412, 32818.81830637109
1282.5279998779297, 23494.171247195412, 32818.81830637109
1282.539999961853, 23494.171247195412, 32818.81830637109
1282.550999879837, 23494.171247195412, 32818.81830637109
1282.5579998493195, 23494.171247195412, 32818.81830637109
1282.5649998188019, 23494.171247195412, 32818.81830637109
1286.763000011444, 23494.171247195412, 32818.81830637109
1286.7779998779297, 23494.171247195412, 32817.11509144075
1286.789999961853, 23494.171247195412, 32817.11509144075
1286.7990000247955, 23494.171247195412, 32817.11509144075
1286.8069999217987, 23494.171247195412, 32817.11509144075
1286.8139998912811, 23494.171247195412, 32817.11509144075
1286.8209998607635, 23494.171247195412, 32817.11509144075
1286.8269999027252, 23494.171247195412, 32817.11509144075
1292.811999797821, 23494.171247195412, 32817.11509144075
1292.8249998092651, 23494.171247195412, 32816.7287851826
1292.8320000171661, 23494.171247195412, 32816.12351425357
1298.066999912262, 23494.171247195412, 32815.36697227887
1302.9909999370575, 23494.171247195412, 32815.36697227887
1308.0, 23494.171247195412, 32815.36697227887
1313.0360000133514, 23494.171247195412, 32814.482084933254
1313.0529999732971, 23494.171247195412, 32814.2805169282
1317.2949998378754, 23494.171247195412, 32814.2805169282
1317.3069999217987, 23494.171247195412, 32814.2805169282
1317.316999912262, 23494.171247195412, 32814.19187108897
1317.3289999961853, 23494.171247195412, 32814.19187108897
1321.9789998531342, 23494.171247195412, 32814.19187108897
1321.9879999160767, 23494.171247195412, 32814.19187108897
1321.9959998130798, 23494.171247195412, 32814.19187108897
1322.0019998550415, 23494.171247195412, 32814.19187108897
1322.010999917984, 23494.171247195412, 32813.952680941446
1322.0199999809265, 23494.171247195412, 32813.952680941446
1322.0319998264313, 23494.171247195412, 32813.38212931123
1322.0389997959137, 23494.171247195412, 32813.38212931123
1326.2549998760223, 23494.171247195412, 32812.76640688182
1326.2689998149872, 23494.171247195412, 32812.76640688182
1326.2809998989105, 23494.171247195412, 32812.76640688182
1326.2909998893738, 23494.171247195412, 32812.76640688182
1326.2999999523163, 23494.171247195412, 32812.301875024765
1330.662999868393, 23494.171247195412, 32812.206174520965
1330.6710000038147, 23494.171247195412, 32812.206174520965
1330.6789999008179, 23494.171247195412, 32812.206174520965
1330.6849999427795, 23494.171247195412, 32812.206174520965
1330.694000005722, 23494.171247195412, 32812.206174520965
1330.7019999027252, 23494.171247195412, 32812.206174520965
1330.707999944687, 23494.171247195412, 32812.206174520965
1330.7149999141693, 23494.171247195412, 32812.206174520965
1330.720999956131, 23494.171247195412, 32812.206174520965
1335.263000011444, 23494.171247195412, 32811.30389872307
1335.2699999809265, 23494.171247195412, 32811.23245200002
1335.287999868393, 23494.171247195412, 32811.23245200002
1335.2960000038147, 23494.171247195412, 32811.23245200002
1335.3039999008179, 23494.171247195412, 32811.23245200002
1335.319000005722, 23494.171247195412, 32808.978043266165
1335.332999944687, 23494.171247195412, 32808.978043266165
1339.513000011444, 23494.171247195412, 32808.26056636396
1339.5289998054504, 23494.171247195412, 32808.26056636396
1339.5289998054504, 23494.171247195412, 32808.26056636396
1339.539999961853, 23494.171247195412, 32808.26056636396
1339.5460000038147, 23494.171247195412, 32808.26056636396
1339.5460000038147, 23494.171247195412, 32808.26056636396
1339.5599999427795, 23494.171247195412, 32807.943755778324
1339.5599999427795, 23494.171247195412, 32807.943755778324
1339.5769999027252, 23494.171247195412, 32807.85910421643
1339.5769999027252, 23494.171247195412, 32807.85910421643
1344.1219999790192, 23494.171247195412, 32807.18475419488
1344.1299998760223, 23494.171247195412, 32807.074370982446
1344.138000011444, 23494.171247195412, 32806.928237336884
1344.1459999084473, 23494.171247195412, 32806.928237336884
1344.1539998054504, 23494.171247195412, 32806.928237336884
1344.1619999408722, 23494.171247195412, 32806.928237336884
1348.6029999256134, 23494.171247195412, 32806.928237336884
1348.6150000095367, 23494.171247195412, 32806.928237336884
1348.6239998340607, 23494.171247195412, 32806.928237336884
1348.6409997940063, 23494.171247195412, 32806.928237336884
1348.662999868393, 23494.171247195412, 32806.20281553383
1348.675999879837, 23494.171247195412, 32806.20281553383
1348.6849999427795, 23494.171247195412, 32806.20281553383
1353.1529998779297, 23494.171247195412, 32806.20281553383
1353.1639997959137, 23494.171247195412, 32806.20281553383
1353.1710000038147, 23494.171247195412, 32806.20281553383
1353.1799998283386, 23494.171247195412, 32806.20281553383
1353.1889998912811, 23494.171247195412, 32806.20281553383
1353.1979999542236, 23494.171247195412, 32806.20281553383
1353.2059998512268, 23494.171247195412, 32805.160227236614
1353.2139999866486, 23494.171247195412, 32805.160227236614
1357.6499998569489, 23494.171247195412, 32805.160227236614
1357.6529998779297, 23494.171247195412, 32805.160227236614
1357.6699998378754, 23494.171247195412, 32805.160227236614
1357.6699998378754, 23494.171247195412, 32805.160227236614
1357.6849999427795, 23494.171247195412, 32805.160227236614
1357.694000005722, 23494.171247195412, 32805.160227236614
1357.702999830246, 23494.171247195412, 32805.160227236614
1357.7129998207092, 23494.171247195412, 32805.160227236614
1357.7219998836517, 23494.171247195412, 32805.160227236614
1357.7279999256134, 23494.171247195412, 32805.160227236614
1357.7349998950958, 23494.171247195412, 32805.160227236614
1362.1740000247955, 23494.171247195412, 32803.91556531787
1362.1789999008179, 23494.171247195412, 32803.91556531787
1362.1879999637604, 23494.171247195412, 32803.91556531787
1362.1949999332428, 23494.171247195412, 32803.909837092004
1362.202999830246, 23494.171247195412, 32803.909837092004
1362.2099997997284, 23494.171247195412, 32803.909837092004
1362.2179999351501, 23494.171247195412, 32803.909837092004
1362.2239999771118, 23494.171247195412, 32802.92062883345
1362.2329998016357, 23494.171247195412, 32802.92062883345
1366.7419998645782, 23494.171247195412, 32802.92062883345
1366.74799990654, 23494.171247195412, 32802.89764234697
1366.7579998970032, 23494.171247195412, 32802.14494671797
1366.7659997940063, 23494.171247195412, 32802.14494671797
1366.771999835968, 23494.171247195412, 32802.14494671797
1371.066999912262, 23494.171247195412, 32802.06725054541
1371.0749998092651, 23494.171247195412, 32802.06725054541
1371.0820000171661, 23494.171247195412, 32802.06725054541
1371.0899999141693, 23494.171247195412, 32802.06725054541
1371.0979998111725, 23494.171247195412, 32802.06725054541
1371.1050000190735, 23494.171247195412, 32802.06725054541
1371.1129999160767, 23494.171247195412, 32802.06725054541
1371.1219999790192, 23494.171247195412, 32802.06725054541
1371.1289999485016, 23494.171247195412, 32801.99365614601
1371.1369998455048, 23494.171247195412, 32801.99365614601
1371.1429998874664, 23494.171247195412, 32801.99365614601
1371.148999929428, 23494.171247195412, 32801.99365614601
1371.159999847412, 23494.171247195412, 32801.99365614601
1375.6849999427795, 23494.171247195412, 32800.70531448665
1375.694000005722, 23494.171247195412, 32800.70531448665
1375.7039999961853, 23494.171247195412, 32800.70531448665
1375.71599984169, 23494.171247195412, 32800.70531448665
1375.7259998321533, 23494.171247195412, 32800.70531448665
1375.7349998950958, 23494.171247195412, 32800.70531448665
1375.7409999370575, 23494.171247195412, 32800.70531448665
1375.7469999790192, 23494.171247195412, 32800.70531448665
1380.0579998493195, 23494.171247195412, 32800.70531448665
1380.0709998607635, 23494.171247195412, 32800.70531448665
1380.0849997997284, 23494.171247195412, 32800.70531448665
1380.095999956131, 23494.171247195412, 32800.70531448665
1380.1019999980927, 23494.171247195412, 32800.70531448665
1384.327999830246, 23494.171247195412, 32800.70531448665
1384.3389999866486, 23494.171247195412, 32800.70531448665
1384.3449997901917, 23494.171247195412, 32800.70531448665
1384.3509998321533, 23494.171247195412, 32800.70531448665
1384.358999967575, 23494.171247195412, 32800.70531448665
1384.3650000095367, 23494.171247195412, 32800.70531448665
1384.3789999485016, 23494.171247195412, 32800.70531448665
1384.380999803543, 23494.171247195412, 32800.70531448665
1384.380999803543, 23494.171247195412, 32800.70531448665
1384.396999835968, 23494.171247195412, 32800.70531448665
1384.396999835968, 23494.171247195412, 32800.70531448665
1384.412999868393, 23494.171247195412, 32800.70531448665
1388.4119999408722, 23494.171247195412, 32800.70531448665
1388.412999868393, 23494.171247195412, 32800.70531448665
1388.4219999313354, 23494.171247195412, 32800.70531448665
1388.4319999217987, 23494.171247195412, 32800.70531448665
1388.4409999847412, 23494.171247195412, 32800.70531448665
1388.4479999542236, 23494.171247195412, 32800.70531448665
1388.4559998512268, 23494.171247195412, 32800.70531448665
1388.4629998207092, 23494.171247195412, 32800.70531448665
1388.4699997901917, 23494.171247195412, 32800.70531448665
1388.4779999256134, 23494.171247195412, 32800.70531448665
1388.4849998950958, 23494.171247195412, 32800.70531448665
1388.492999792099, 23494.171247195412, 32800.70531448665
1388.5019998550415, 23494.171247195412, 32800.70531448665
1388.5099999904633, 23494.171247195412, 32800.70531448665
1388.5169999599457, 23494.171247195412, 32800.70531448665
1388.5249998569489, 23494.171247195412, 32800.70531448665
1388.5309998989105, 23494.171247195412, 32800.70531448665
1393.2389998435974, 23494.171247195412, 32799.62160892901
1393.24799990654, 23494.171247195412, 32799.62160892901
1393.2569999694824, 23494.171247195412, 32799.62160892901
1393.263000011444, 23494.171247195412, 32799.62160892901
1393.2709999084473, 23494.171247195412, 32799.62160892901
1393.2799999713898, 23494.171247195412, 32798.752473962886
1393.287999868393, 23494.171247195412, 32798.752473962886
1393.2960000038147, 23494.171247195412, 32798.752473962886
1393.3049998283386, 23494.171247195412, 32798.752473962886
1398.0609998703003, 23494.171247195412, 32796.87933593502
1398.0679998397827, 23494.171247195412, 32796.31990424454
1398.0769999027252, 23494.171247195412, 32796.31990424454
1398.0839998722076, 23494.171247195412, 32796.31990424454
1398.0929999351501, 23494.171247195412, 32796.31990424454
1398.1019999980927, 23494.171247195412, 32796.31990424454
1402.691999912262, 23494.171247195412, 32796.31990424454
1402.71599984169, 23494.171247195412, 32796.31990424454
1402.7259998321533, 23494.171247195412, 32796.31990424454
1402.7359998226166, 23494.171247195412, 32796.31990424454
1402.744999885559, 23494.171247195412, 32796.31990424454
1402.7530000209808, 23494.171247195412, 32796.31990424454
1402.760999917984, 23494.171247195412, 32796.31990424454
1402.7699999809265, 23494.171247195412, 32796.31990424454
1402.776999950409, 23494.171247195412, 32796.31990424454
1402.7839999198914, 23494.171247195412, 32796.31990424454
1402.7919998168945, 23494.171247195412, 32795.506897820975
1402.7999999523163, 23494.171247195412, 32795.15703228595
1407.2349998950958, 23494.171247195412, 32795.15703228595
1407.244999885559, 23494.171247195412, 32795.15703228595
1407.25, 23494.171247195412, 32795.15703228595
1407.2619998455048, 23494.171247195412, 32794.58022342656
1407.273999929428, 23494.171247195412, 32793.87919526338
1407.2819998264313, 23494.171247195412, 32793.87919526338
1407.287999868393, 23494.171247195412, 32793.87919526338
1407.2939999103546, 23494.171247195412, 32793.87919526338
1407.2999999523163, 23494.171247195412, 32793.87919526338
1407.305999994278, 23494.171247195412, 32793.87919526338
1411.875, 23494.171247195412, 32793.58441591
1411.8869998455048, 23494.171247195412, 32793.246568036084
1411.8949999809265, 23494.171247195412, 32793.246568036084
1411.901999950409, 23494.171247195412, 32793.246568036084
1411.9110000133514, 23494.171247195412, 32793.246568036084
1411.9210000038147, 23494.171247195412, 32793.246568036084
1411.930999994278, 23494.171247195412, 32793.246568036084
1416.4789998531342, 23494.171247195412, 32793.214016306825
1416.4789998531342, 23494.171247195412, 32793.214016306825
1416.5009999275208, 23494.171247195412, 32793.214016306825
1416.513000011444, 23494.171247195412, 32793.214016306825
1416.5209999084473, 23494.171247195412, 32793.214016306825
1416.5299999713898, 23494.171247195412, 32793.214016306825
1416.5389997959137, 23494.171247195412, 32792.19873829483
1416.5460000038147, 23494.171247195412, 32792.19873829483
1421.2469999790192, 23494.171247195412, 32791.556536684286
1421.2659997940063, 23494.171247195412, 32791.15439862723
1421.276999950409, 23494.171247195412, 32791.15340699351
1421.2869999408722, 23494.171247195412, 32791.15340699351
1421.2949998378754, 23494.171247195412, 32791.15340699351
1421.3039999008179, 23494.171247195412, 32791.15340699351
1425.8239998817444, 23494.171247195412, 32790.12464260126
1425.8320000171661, 23494.171247195412, 32790.12464260126
1425.8389999866486, 23494.171247195412, 32790.11553444568
1425.8489999771118, 23494.171247195412, 32790.11553444568
1425.856999874115, 23494.171247195412, 32789.740334464426
1430.3799998760223, 23494.171247195412, 32789.65474999979
1430.3899998664856, 23494.171247195412, 32789.65474999979
1430.401999950409, 23494.171247195412, 32789.65474999979
1430.4119999408722, 23494.171247195412, 32789.65474999979
1430.4240000247955, 23494.171247195412, 32789.65474999979
1430.4349999427795, 23494.171247195412, 32789.65474999979
1430.4459998607635, 23494.171247195412, 32789.65474999979
1434.9169998168945, 23494.171247195412, 32789.65474999979
1434.925999879837, 23494.171247195412, 32789.65474999979
1434.9340000152588, 23494.171247195412, 32789.65474999979
1434.9409999847412, 23494.171247195412, 32789.65474999979
1434.9470000267029, 23494.171247195412, 32789.65474999979
1434.9570000171661, 23494.171247195412, 32788.95705626333
1439.4800000190735, 23494.171247195412, 32788.95705626333
1439.4889998435974, 23494.171247195412, 32788.95705626333
1439.49799990654, 23494.171247195412, 32787.42368829088
1439.5099999904633, 23494.171247195412, 32787.42368829088
1439.5189998149872, 23494.171247195412, 32787.42368829088
1439.5260000228882, 23494.171247195412, 32787.42368829088
1439.5329999923706, 23494.171247195412, 32787.42368829088
1439.539999961853, 23494.171247195412, 32787.42368829088
1444.4319999217987, 23494.171247195412, 32785.51259498079
1444.4470000267029, 23494.171247195412, 32785.51259498079
1444.454999923706, 23494.171247195412, 32785.51259498079
1444.4629998207092, 23494.171247195412, 32785.51259498079
1444.4759998321533, 23494.171247195412, 32785.1425584208
1444.4859998226166, 23494.171247195412, 32785.1425584208
1449.1409997940063, 23494.171247195412, 32785.1425584208
1449.1579999923706, 23494.171247195412, 32785.1425584208
1449.1579999923706, 23494.171247195412, 32785.1425584208
1449.175999879837, 23494.171247195412, 32784.4219266342
1449.1829998493195, 23494.171247195412, 32784.4219266342
1449.191999912262, 23494.171247195412, 32784.4219266342
1449.1999998092651, 23494.171247195412, 32784.4219266342
1454.0749998092651, 23494.171247195412, 32784.4219266342
1454.09099984169, 23494.171247195412, 32783.61108479284
1454.0989999771118, 23494.171247195412, 32783.61108479284
1454.1079998016357, 23494.171247195412, 32783.61108479284
1454.1159999370575, 23494.171247195412, 32783.61108479284
1454.1219999790192, 23494.171247195412, 32783.61108479284
1454.1299998760223, 23494.171247195412, 32782.94122175584
1458.8999998569489, 23494.171247195412, 32782.58012942858
1458.9010000228882, 23494.171247195412, 32782.58012942858
1458.9010000228882, 23494.171247195412, 32782.58012942858
1458.9199998378754, 23494.171247195412, 32782.58012942858
1458.9289999008179, 23494.171247195412, 32782.58012942858
1458.9349999427795, 23494.171247195412, 32782.57013306306
1458.9429998397827, 23494.171247195412, 32782.24027380932
1458.9509999752045, 23494.171247195412, 32782.24027380932
1463.46599984169, 23494.171247195412, 32782.24027380932
1463.4829998016357, 23494.171247195412, 32782.24027380932
1463.4969999790192, 23494.171247195412, 32781.459933215396
1463.5069999694824, 23494.171247195412, 32781.28236438224
1468.3529999256134, 23494.171247195412, 32781.28236438224
1468.3529999256134, 23494.171247195412, 32781.28236438224
1468.369999885559, 23494.171247195412, 32781.28236438224
1468.383999824524, 23494.171247195412, 32781.28236438224
1468.3939998149872, 23494.171247195412, 32781.279756708136
1468.4029998779297, 23494.171247195412, 32781.279756708136
1468.412999868393, 23494.171247195412, 32781.01278044718
1473.2409999370575, 23494.171247195412, 32780.20526070609
1473.24799990654, 23494.171247195412, 32780.20526070609
1473.258999824524, 23494.171247195412, 32780.20526070609
1473.2689998149872, 23494.171247195412, 32780.20526070609
1473.2819998264313, 23494.171247195412, 32779.9742382605
1473.2929999828339, 23494.171247195412, 32779.9742382605
1473.2999999523163, 23494.171247195412, 32779.9742382605
1473.3109998703003, 23494.171247195412, 32779.9060053101
1477.96599984169, 23494.171247195412, 32779.9060053101
1477.9789998531342, 23494.171247195412, 32779.854655673334
1477.9939999580383, 23494.171247195412, 32779.43014795672
1482.8090000152588, 23494.171247195412, 32778.99962660809
1482.8249998092651, 23494.171247195412, 32778.866187950225
1482.8389999866486, 23494.171247195412, 32778.866187950225
1482.8489999771118, 23494.171247195412, 32778.866187950225
1482.8559999465942, 23494.171247195412, 32778.866187950225
1482.8639998435974, 23494.171247195412, 32778.866187950225
1482.869999885559, 23494.171247195412, 32778.866187950225
1482.8759999275208, 23494.171247195412, 32778.74230582883
1487.5149998664856, 23494.171247195412, 32778.435599743636
1487.5209999084473, 23494.171247195412, 32778.435599743636
1487.5429999828339, 23494.171247195412, 32778.25768738205
1487.555999994278, 23494.171247195412, 32778.25768738205
1487.5659999847412, 23494.171247195412, 32778.25768738205
1487.5729999542236, 23494.171247195412, 32778.25768738205
1492.273999929428, 23494.171247195412, 32778.25768738205
1492.284999847412, 23494.171247195412, 32778.25768738205
1492.2949998378754, 23494.171247195412, 32778.25768738205
1492.3090000152588, 23494.171247195412, 32778.25768738205
1492.319000005722, 23494.171247195412, 32778.25768738205
1492.3269999027252, 23494.171247195412, 32776.21562745047
1497.0099999904633, 23494.171247195412, 32776.21562745047
1497.0099999904633, 23494.171247195412, 32776.21562745047
1497.0289998054504, 23494.171247195412, 32776.21562745047
1497.0360000133514, 23494.171247195412, 32776.21562745047
1497.0419998168945, 23494.171247195412, 32776.154286829296
1497.0490000247955, 23494.171247195412, 32776.154286829296
1497.0569999217987, 23494.171247195412, 32775.506503170596
1497.0649998188019, 23494.171247195412, 32775.506503170596
1497.0699999332428, 23494.171247195412, 32775.506503170596
1497.0759999752045, 23494.171247195412, 32775.506503170596
1497.0820000171661, 23494.171247195412, 32775.506503170596
1497.09099984169, 23494.171247195412, 32775.27920050112
1501.9219999313354, 23494.171247195412, 32775.27920050112
1501.9269998073578, 23494.171247195412, 32775.27920050112
1501.9269998073578, 23494.171247195412, 32775.27920050112
1501.9429998397827, 23494.171247195412, 32775.27920050112
1501.952999830246, 23494.171247195412, 32775.27920050112
1501.9599997997284, 23494.171247195412, 32775.27920050112
1501.9670000076294, 23494.171247195412, 32775.27920050112
1501.9729998111725, 23494.171247195412, 32774.367477350905
1501.9800000190735, 23494.171247195412, 32773.47065738264
1506.954999923706, 23494.171247195412, 32773.47065738264
1506.9599997997284, 23494.171247195412, 32773.47065738264
1506.9779999256134, 23494.171247195412, 32773.47065738264
1506.9900000095367, 23494.171247195412, 32773.17492338953
1507.0009999275208, 23494.171247195412, 32773.17492338953
1507.0099999904633, 23494.171247195412, 32773.17492338953
1507.0209999084473, 23494.171247195412, 32773.03525164265
1511.7699999809265, 23494.171247195412, 32772.69026789573
1511.776999950409, 23494.171247195412, 32772.58035248649
1511.7860000133514, 23494.171247195412, 32772.58035248649
1511.7990000247955, 23494.171247195412, 32772.58035248649
1511.8099999427795, 23494.171247195412, 32772.58035248649
1511.8179998397827, 23494.171247195412, 32772.58035248649
1516.6899998188019, 23494.171247195412, 32772.58035248649
1516.702999830246, 23494.171247195412, 32772.58035248649
1516.7129998207092, 23494.171247195412, 32772.58035248649
1516.7229998111725, 23494.171247195412, 32772.58035248649
1516.7329998016357, 23494.171247195412, 32772.58035248649
1516.7469999790192, 23494.171247195412, 32771.40744639609
1516.758999824524, 23494.171247195412, 32771.40744639609
1521.483999967575, 23494.171247195412, 32771.15791279248
1521.483999967575, 23494.171247195412, 32771.15791279248
1521.4989998340607, 23494.171247195412, 32771.15791279248
1521.4989998340607, 23494.171247195412, 32771.15791279248
1521.521999835968, 23494.171247195412, 32771.15791279248
1521.5299999713898, 23494.171247195412, 32771.15791279248
1521.539999961853, 23494.171247195412, 32771.15791279248
1521.5469999313354, 23494.171247195412, 32771.15791279248
1521.5549998283386, 23494.171247195412, 32770.180078042584
1521.5609998703003, 23494.171247195412, 32770.180078042584
1521.566999912262, 23494.171247195412, 32770.180078042584
1521.5720000267029, 23494.171247195412, 32770.180078042584
1521.579999923706, 23494.171247195412, 32770.180078042584
1521.59099984169, 23494.171247195412, 32769.74097152212
1526.3029999732971, 23494.171247195412, 32769.74097152212
1526.3139998912811, 23494.171247195412, 32769.74097152212
1526.3199999332428, 23494.171247195412, 32769.74097152212
1526.3259999752045, 23494.171247195412, 32769.74097152212
1526.332999944687, 23494.171247195412, 32769.74097152212
1526.34099984169, 23494.171247195412, 32769.74097152212
1526.3509998321533, 23494.171247195412, 32769.74097152212
1526.358999967575, 23494.171247195412, 32769.74097152212
1526.3689999580383, 23494.171247195412, 32769.74097152212
1526.3780000209808, 23494.171247195412, 32769.255545269836
1526.3869998455048, 23494.171247195412, 32769.255545269836
1526.3959999084473, 23494.171247195412, 32769.255545269836
1526.4089999198914, 23494.171247195412, 32768.81048490952
1526.414999961853, 23494.171247195412, 32768.81048490952
1526.4249999523163, 23494.171247195412, 32768.787567620995
1526.4359998703003, 23494.171247195412, 32768.787567620995
1526.4449999332428, 23494.171247195412, 32768.787567620995
1526.4499998092651, 23494.171247195412, 32768.787567620995
1531.2679998874664, 23494.171247195412, 32768.787567620995
1531.2889997959137, 23494.171247195412, 32768.787567620995
1531.2969999313354, 23494.171247195412, 32768.787567620995
1531.3109998703003, 23494.171247195412, 32768.787567620995
1531.3199999332428, 23494.171247195412, 32768.787567620995
1535.9179999828339, 23494.171247195412, 32768.787567620995
1535.930999994278, 23494.171247195412, 32768.787567620995
1535.9409999847412, 23494.171247195412, 32768.787567620995
1535.952999830246, 23494.171247195412, 32768.787567620995
1535.9609999656677, 23494.171247195412, 32768.787567620995
1535.9739999771118, 23494.171247195412, 32768.787567620995
1535.9849998950958, 23494.171247195412, 32768.787567620995
1535.992999792099, 23494.171247195412, 32768.787567620995
1540.930999994278, 23494.171247195412, 32768.787567620995
1540.944000005722, 23494.171247195412, 32768.787567620995
1540.9519999027252, 23494.171247195412, 32768.787567620995
1540.9609999656677, 23494.171247195412, 32766.832513041023
1540.970999956131, 23494.171247195412, 32766.832513041023
1540.9779999256134, 23494.171247195412, 32766.832513041023
1540.9909999370575, 23494.171247195412, 32764.47507322803
1545.369999885559, 23494.171247195412, 32764.47507322803
1545.380999803543, 23494.171247195412, 32764.47507322803
1545.3919999599457, 23494.171247195412, 32764.47507322803
1545.4010000228882, 23494.171247195412, 32764.47507322803
1545.4069998264313, 23494.171247195412, 32764.47507322803
1549.9589998722076, 23494.171247195412, 32764.47507322803
1549.9759998321533, 23494.171247195412, 32764.47507322803
1549.9759998321533, 23494.171247195412, 32764.47507322803
1549.992999792099, 23494.171247195412, 32764.47507322803
1549.992999792099, 23494.171247195412, 32764.47507322803
1550.0049998760223, 23494.171247195412, 32764.47507322803
1550.0099999904633, 23494.171247195412, 32764.47507322803
1550.0199999809265, 23494.171247195412, 32764.47507322803
1550.026999950409, 23494.171247195412, 32764.47507322803
1550.0369999408722, 23494.171247195412, 32763.120039896174
1550.0439999103546, 23494.171247195412, 32763.120039896174
1554.7239999771118, 23494.171247195412, 32763.120039896174
1554.7419998645782, 23494.171247195412, 32762.82070284862
1554.7539999485016, 23494.171247195412, 32762.82070284862
1554.7649998664856, 23494.171247195412, 32762.82070284862
1554.7730000019073, 23494.171247195412, 32762.82070284862
1554.7819998264313, 23494.171247195412, 32762.82070284862
1554.7889997959137, 23494.171247195412, 32762.82070284862
1554.7949998378754, 23494.171247195412, 32762.82070284862
1554.800999879837, 23494.171247195412, 32762.023770149368
1554.8090000152588, 23494.171247195412, 32762.023770149368
1554.816999912262, 23494.171247195412, 32762.023770149368
1559.659999847412, 23494.171247195412, 32762.023770149368
1559.6699998378754, 23494.171247195412, 32762.023770149368
1559.6799998283386, 23494.171247195412, 32761.794525934907
1559.6879999637604, 23494.171247195412, 32761.064450545222
1559.6959998607635, 23494.171247195412, 32761.064450545222
1559.7089998722076, 23494.171247195412, 32761.064450545222
1559.7179999351501, 23494.171247195412, 32761.064450545222
1559.7259998321533, 23494.171247195412, 32761.064450545222
1559.7349998950958, 23494.171247195412, 32761.064450545222
1559.7419998645782, 23494.171247195412, 32760.87990475854
1564.3179998397827, 23494.171247195412, 32760.87990475854
1564.3389999866486, 23494.171247195412, 32760.87990475854
1564.3519999980927, 23494.171247195412, 32760.87990475854
1564.3650000095367, 23494.171247195412, 32760.87990475854
1564.3769998550415, 23494.171247195412, 32760.87990475854
1564.3869998455048, 23494.171247195412, 32760.87990475854
1569.0369999408722, 23494.171247195412, 32760.87990475854
1569.0479998588562, 23494.171247195412, 32760.87990475854
1569.061999797821, 23494.171247195412, 32760.87990475854
1569.0769999027252, 23494.171247195412, 32760.87990475854
1569.0899999141693, 23494.171247195412, 32760.87990475854
1569.0999999046326, 23494.171247195412, 32760.87990475854
1569.1099998950958, 23494.171247195412, 32760.87990475854
1569.1169998645782, 23494.171247195412, 32760.87990475854
1569.1269998550415, 23494.171247195412, 32760.87990475854
1569.135999917984, 23494.171247195412, 32758.512189978297
1569.1429998874664, 23494.171247195412, 32758.512189978297
1569.1499998569489, 23494.171247195412, 32758.512189978297
1569.1549999713898, 23494.171247195412, 32758.512189978297
1569.1610000133514, 23494.171247195412, 32758.512189978297
1574.1849999427795, 23494.171247195412, 32757.673374844333
1574.1999998092651, 23494.171247195412, 32757.275020981626
1574.2119998931885, 23494.171247195412, 32757.275020981626
1574.2219998836517, 23494.171247195412, 32757.275020981626
1574.2279999256134, 23494.171247195412, 32757.275020981626
1574.233999967575, 23494.171247195412, 32757.275020981626
1574.2389998435974, 23494.171247195412, 32757.165283168433
1574.244999885559, 23494.171247195412, 32757.165283168433
1574.2519998550415, 23494.171247195412, 32757.165283168433
1574.2579998970032, 23494.171247195412, 32757.165283168433
1574.263000011444, 23494.171247195412, 32757.165283168433
1574.2699999809265, 23494.171247195412, 32757.165283168433
1579.1099998950958, 23494.171247195412, 32756.312003535637
1579.119999885559, 23494.171247195412, 32756.24543376409
1579.1269998550415, 23494.171247195412, 32756.24543376409
1579.1419999599457, 23494.171247195412, 32756.24543376409
1579.1480000019073, 23494.171247195412, 32756.24543376409
1579.1539998054504, 23494.171247195412, 32756.24543376409
1579.1619999408722, 23494.171247195412, 32756.24543376409
1579.1710000038147, 23494.171247195412, 32756.24543376409
1584.0319998264313, 23494.171247195412, 32756.24543376409
1584.0439999103546, 23494.171247195412, 32755.698986538053
1584.0590000152588, 23494.171247195412, 32755.487775282872
1584.0679998397827, 23494.171247195412, 32755.487775282872
1584.077999830246, 23494.171247195412, 32755.348532473607
1584.0849997997284, 23494.171247195412, 32755.348532473607
1584.0920000076294, 23494.171247195412, 32755.348532473607
1584.0999999046326, 23494.171247195412, 32755.348532473607
1584.1079998016357, 23494.171247195412, 32755.348532473607
1584.1150000095367, 23494.171247195412, 32755.348532473607
1584.119999885559, 23494.171247195412, 32755.348532473607
1584.1259999275208, 23494.171247195412, 32755.348532473607
1584.1319999694824, 23494.171247195412, 32755.348532473607
1588.819000005722, 23494.171247195412, 32755.348532473607
1588.8269999027252, 23494.171247195412, 32755.348532473607
1588.8339998722076, 23494.171247195412, 32755.348532473607
1588.8429999351501, 23494.171247195412, 32755.348532473607
1588.8509998321533, 23494.171247195412, 32754.81163569206
1588.8609998226166, 23494.171247195412, 32754.468268013472
1588.869999885559, 23494.171247195412, 32754.370018228736
1593.6789999008179, 23494.171247195412, 32754.370018228736
1593.6949999332428, 23494.171247195412, 32754.370018228736
1593.7039999961853, 23494.171247195412, 32754.370018228736
1593.7129998207092, 23494.171247195412, 32754.370018228736
1593.718999862671, 23494.171247195412, 32754.370018228736
1593.7239999771118, 23494.171247195412, 32754.370018228736
1593.7289998531342, 23494.171247195412, 32754.370018228736
1593.7349998950958, 23494.171247195412, 32754.370018228736
1593.7419998645782, 23494.171247195412, 32754.370018228736
1598.6699998378754, 23494.171247195412, 32754.370018228736
1598.6769998073578, 23494.171247195412, 32754.370018228736
1598.6829998493195, 23494.171247195412, 32754.370018228736
1598.691999912262, 23494.171247195412, 32754.370018228736
1603.6949999332428, 23494.171247195412, 32753.275719859677
1603.7019999027252, 23494.171247195412, 32752.729376198877
1603.7139999866486, 23494.171247195412, 32751.880726387222
1603.7269999980927, 23494.171247195412, 32751.880726387222
1603.7389998435974, 23494.171247195412, 32751.880726387222
1603.7469999790192, 23494.171247195412, 32751.880726387222
1608.5009999275208, 23494.171247195412, 32751.880726387222
1608.5099999904633, 23494.171247195412, 32751.880726387222
1608.5159997940063, 23494.171247195412, 32751.880726387222
1608.521999835968, 23494.171247195412, 32751.880726387222
1608.5339999198914, 23494.171247195412, 32751.880726387222
1608.5460000038147, 23494.171247195412, 32751.515475045802
1608.5569999217987, 23494.171247195412, 32751.515475045802
1608.5659999847412, 23494.171247195412, 32751.515475045802
1608.5749998092651, 23494.171247195412, 32751.515475045802
1608.582999944687, 23494.171247195412, 32751.515475045802
1613.5439999103546, 23494.171247195412, 32751.515475045802
1613.5519998073578, 23494.171247195412, 32751.515475045802
1613.5609998703003, 23494.171247195412, 32751.515475045802
1613.566999912262, 23494.171247195412, 32751.515475045802
1618.4670000076294, 23494.171247195412, 32751.515475045802
1618.483999967575, 23494.171247195412, 32751.515475045802
1618.483999967575, 23494.171247195412, 32751.515475045802
1618.4969999790192, 23494.171247195412, 32751.515475045802
1618.5049998760223, 23494.171247195412, 32751.515475045802
1618.5149998664856, 23494.171247195412, 32749.78019509474
1618.521999835968, 23494.171247195412, 32749.78019509474
1623.2990000247955, 23494.171247195412, 32749.78019509474
1623.3209998607635, 23494.171247195412, 32749.78019509474
1623.3309998512268, 23494.171247195412, 32749.78019509474
1623.3420000076294, 23494.171247195412, 32749.78019509474
1623.3519999980927, 23494.171247195412, 32749.78019509474
1628.1959998607635, 23494.171247195412, 32749.78019509474
1628.2089998722076, 23494.171247195412, 32749.78019509474
1628.2199997901917, 23494.171247195412, 32749.78019509474
1628.2309999465942, 23494.171247195412, 32749.78019509474
1628.2379999160767, 23494.171247195412, 32749.78019509474
1628.2469999790192, 23494.171247195412, 32749.78019509474
1628.255999803543, 23494.171247195412, 32749.78019509474
1628.2649998664856, 23494.171247195412, 32749.78019509474
1628.271999835968, 23494.171247195412, 32747.02773818825
1628.276999950409, 23494.171247195412, 32747.02773818825
1632.9959998130798, 23494.171247195412, 32747.02773818825
1633.0069999694824, 23494.171247195412, 32746.60513516815
1633.0159997940063, 23494.171247195412, 32746.60513516815
1633.0260000228882, 23494.171247195412, 32746.60513516815
1633.034999847412, 23494.171247195412, 32746.60513516815
1633.0439999103546, 23494.171247195412, 32746.60513516815
1633.0519998073578, 23494.171247195412, 32746.60513516815
1638.3349997997284, 23494.171247195412, 32746.60513516815
1638.345999956131, 23494.171247195412, 32746.42735961283
1638.3539998531342, 23494.171247195412, 32746.42735961283
1638.3629999160767, 23494.171247195412, 32746.42735961283
1638.3709998130798, 23494.171247195412, 32746.42735961283
1638.3769998550415, 23494.171247195412, 32746.42735961283
1638.383999824524, 23494.171247195412, 32746.42735961283
1638.3889999389648, 23494.171247195412, 32746.42735961283
1638.3949999809265, 23494.171247195412, 32746.42735961283
1643.055999994278, 23494.171247195412, 32745.22191751409
1643.0679998397827, 23494.171247195412, 32745.22191751409
1643.0789999961853, 23494.171247195412, 32745.22191751409
1643.0869998931885, 23494.171247195412, 32745.16803825159
1643.1009998321533, 23494.171247195412, 32745.16803825159
1647.880999803543, 23494.171247195412, 32745.16803825159
1647.896999835968, 23494.171247195412, 32745.16803825159
1647.909999847412, 23494.171247195412, 32745.16803825159
1647.9240000247955, 23494.171247195412, 32745.16803825159
1647.936999797821, 23494.171247195412, 32745.16803825159
1647.9470000267029, 23494.171247195412, 32745.16803825159
1647.9559998512268, 23494.171247195412, 32745.16803825159
1647.9670000076294, 23494.171247195412, 32744.331967200502
1652.7929999828339, 23494.171247195412, 32744.331967200502
1652.8099999427795, 23494.171247195412, 32744.331967200502
1652.8220000267029, 23494.171247195412, 32744.331967200502
1652.832999944687, 23494.171247195412, 32744.051981276163
1652.8449997901917, 23494.171247195412, 32744.051981276163
1657.6559998989105, 23494.171247195412, 32744.051981276163
1657.6659998893738, 23494.171247195412, 32744.051981276163
1657.6719999313354, 23494.171247195412, 32744.051981276163
1657.6789999008179, 23494.171247195412, 32742.90479302931
1657.6879999637604, 23494.171247195412, 32742.338157263923
1657.694000005722, 23494.171247195412, 32742.338157263923
1657.7009999752045, 23494.171247195412, 32742.338157263923
1662.4229998588562, 23494.171247195412, 32742.338157263923
1662.4349999427795, 23494.171247195412, 32742.338157263923
1662.444000005722, 23494.171247195412, 32742.338157263923
1662.4519999027252, 23494.171247195412, 32742.338157263923
1662.4619998931885, 23494.171247195412, 32742.338157263923
1662.4679999351501, 23494.171247195412, 32742.338157263923
1662.4739999771118, 23494.171247195412, 32742.256688251477
1662.483999967575, 23494.171247195412, 32741.61425905478
1667.3269999027252, 23494.171247195412, 32741.61425905478
1667.3389999866486, 23494.171247195412, 32741.61425905478
1667.3529999256134, 23494.171247195412, 32741.61425905478
1667.3659999370575, 23494.171247195412, 32741.61425905478
1667.3739998340607, 23494.171247195412, 32741.61425905478
1667.3799998760223, 23494.171247195412, 32741.61425905478
1667.385999917984, 23494.171247195412, 32741.61425905478
1667.3909997940063, 23494.171247195412, 32741.61425905478
1667.396999835968, 23494.171247195412, 32741.61425905478
1672.2469999790192, 23494.171247195412, 32741.61425905478
1672.2579998970032, 23494.171247195412, 32739.870906759646
1672.2679998874664, 23494.171247195412, 32739.870906759646
1672.276999950409, 23494.171247195412, 32739.870906759646
1672.2839999198914, 23494.171247195412, 32739.870906759646
1672.2909998893738, 23494.171247195412, 32739.870906759646
1677.162999868393, 23494.171247195412, 32739.498147936734
1677.1729998588562, 23494.171247195412, 32739.498147936734
1677.186999797821, 23494.171247195412, 32739.070881550637
1677.1959998607635, 23494.171247195412, 32739.070881550637
1677.204999923706, 23494.171247195412, 32739.070881550637
1677.2119998931885, 23494.171247195412, 32739.070881550637
1677.218999862671, 23494.171247195412, 32739.070881550637
1677.2279999256134, 23494.171247195412, 32739.070881550637
1677.2359998226166, 23494.171247195412, 32739.070881550637
1677.2419998645782, 23494.171247195412, 32739.070881550637
1677.2489998340607, 23494.171247195412, 32739.070881550637
1677.2579998970032, 23494.171247195412, 32739.070881550637
1677.2669999599457, 23494.171247195412, 32738.777544824137
1677.2730000019073, 23494.171247195412, 32738.777544824137
1677.2789998054504, 23494.171247195412, 32738.777544824137
1677.284999847412, 23494.171247195412, 32738.777544824137
1682.2019999027252, 23494.171247195412, 32738.777544824137
1682.2170000076294, 23494.171247195412, 32738.777544824137
1682.2259998321533, 23494.171247195412, 32738.777544824137
1682.236999988556, 23494.171247195412, 32738.777544824137
1682.2459998130798, 23494.171247195412, 32738.203594436203
1682.2539999485016, 23494.171247195412, 32738.203594436203
1682.263000011444, 23494.171247195412, 32737.932729002994
1687.0159997940063, 23494.171247195412, 32737.932729002994
1687.0329999923706, 23494.171247195412, 32736.88322699178
1687.0419998168945, 23494.171247195412, 32736.88322699178
1692.2059998512268, 23494.171247195412, 32736.88322699178
1692.2089998722076, 23494.171247195412, 32736.88322699178
1692.220999956131, 23494.171247195412, 32736.770144561247
1692.231999874115, 23494.171247195412, 32736.770144561247
1692.2400000095367, 23494.171247195412, 32736.770144561247
1692.2519998550415, 23494.171247195412, 32736.770144561247
1692.258999824524, 23494.171247195412, 32736.770144561247
1692.2669999599457, 23494.171247195412, 32736.770144561247
1692.2749998569489, 23494.171247195412, 32736.770144561247
1697.287999868393, 23494.171247195412, 32735.57673772747
1697.300999879837, 23494.171247195412, 32735.112200765227
1697.3090000152588, 23494.171247195412, 32735.112200765227
1702.6409997940063, 23494.171247195412, 32734.010257282007
1702.6610000133514, 23494.171247195412, 32734.010257282007
1702.6740000247955, 23494.171247195412, 32733.745122136705
1707.4489998817444, 23494.171247195412, 32733.480835805596
1712.470999956131, 23494.171247195412, 32732.82049059466
1712.4849998950958, 23494.171247195412, 32732.82049059466
1712.4909999370575, 23494.171247195412, 32732.82049059466
1712.4969999790192, 23494.171247195412, 32732.82049059466
1712.5069999694824, 23494.171247195412, 32732.688270322324
1712.5139999389648, 23494.171247195412, 32732.688270322324
1717.233999967575, 23494.171247195412, 32732.688270322324
1717.244999885559, 23494.171247195412, 32732.688270322324
1717.2569999694824, 23494.171247195412, 32732.067361321046
1717.2639999389648, 23494.171247195412, 32732.067361321046
1717.273999929428, 23494.171247195412, 32732.067361321046
1722.1959998607635, 23494.171247195412, 32732.067361321046
1722.2039999961853, 23494.171247195412, 32732.067361321046
1722.2109999656677, 23494.171247195412, 32732.067361321046
1722.2199997901917, 23494.171247195412, 32732.067361321046
1722.2279999256134, 23494.171247195412, 32732.067361321046
1722.2349998950958, 23494.171247195412, 32732.067361321046
1722.2419998645782, 23494.171247195412, 32732.067361321046
1727.0999999046326, 23494.171247195412, 32732.067361321046
1727.1139998435974, 23494.171247195412, 32732.067361321046
1727.125, 23494.171247195412, 32732.067361321046
1727.1329998970032, 23494.171247195412, 32732.067361321046
1727.138000011444, 23494.171247195412, 32732.067361321046
1727.146999835968, 23494.171247195412, 32732.067361321046
1727.1549999713898, 23494.171247195412, 32732.067361321046
1727.164999961853, 23494.171247195412, 32729.91747431718
1727.1719999313354, 23494.171247195412, 32729.91747431718
1732.0429999828339, 23494.171247195412, 32729.91747431718
1732.0569999217987, 23494.171247195412, 32729.51616181397
1732.0639998912811, 23494.171247195412, 32729.51616181397
1732.0720000267029, 23494.171247195412, 32729.51616181397
1732.079999923706, 23494.171247195412, 32729.51616181397
1732.0869998931885, 23494.171247195412, 32729.51616181397
1737.534999847412, 23494.171247195412, 32728.618775758638
1737.5469999313354, 23494.171247195412, 32728.618775758638
1737.5569999217987, 23494.171247195412, 32728.618775758638
1737.5639998912811, 23494.171247195412, 32728.618775758638
1737.5729999542236, 23494.171247195412, 32728.162031517353
1737.5809998512268, 23494.171247195412, 32728.162031517353
1737.5869998931885, 23494.171247195412, 32728.162031517353
1742.4589998722076, 23494.171247195412, 32727.005154539078
1742.4670000076294, 23494.171247195412, 32727.005154539078
1742.4779999256134, 23494.171247195412, 32726.63623337732
1742.486999988556, 23494.171247195412, 32726.63623337732
1742.4959998130798, 23494.171247195412, 32726.61285465049
1742.5049998760223, 23494.171247195412, 32726.61285465049
1747.4749999046326, 23494.171247195412, 32726.61285465049
1747.4769999980927, 23494.171247195412, 32726.61285465049
1747.494999885559, 23494.171247195412, 32726.61285465049
1747.5099999904633, 23494.171247195412, 32726.315579883372
1747.5199999809265, 23494.171247195412, 32726.315579883372
1747.5279998779297, 23494.171247195412, 32726.315579883372
1747.5369999408722, 23494.171247195412, 32726.315579883372
1747.5449998378754, 23494.171247195412, 32726.315579883372
1747.5539999008179, 23494.171247195412, 32726.315579883372
1752.5759999752045, 23494.171247195412, 32726.315579883372
1752.5849997997284, 23494.171247195412, 32725.421170819405
1752.5920000076294, 23494.171247195412, 32725.421170819405
1752.6019999980927, 23494.171247195412, 32725.421170819405
1752.6109998226166, 23494.171247195412, 32725.421170819405
1752.62299990654, 23494.171247195412, 32725.421170819405
1752.630999803543, 23494.171247195412, 32725.421170819405
1752.6409997940063, 23494.171247195412, 32725.421170819405
1757.87299990654, 23494.171247195412, 32725.421170819405
1757.8799998760223, 23494.171247195412, 32725.421170819405
1757.8919999599457, 23494.171247195412, 32725.421170819405
1757.901999950409, 23494.171247195412, 32725.421170819405
1757.9089999198914, 23494.171247195412, 32725.421170819405
1757.9159998893738, 23494.171247195412, 32725.421170819405
1762.9340000152588, 23494.171247195412, 32725.421170819405
1762.9509999752045, 23494.171247195412, 32725.421170819405
1762.9619998931885, 23494.171247195412, 32725.421170819405
1762.9749999046326, 23494.171247195412, 32725.421170819405
1762.9879999160767, 23494.171247195412, 32725.421170819405
1762.9969999790192, 23494.171247195412, 32725.421170819405
1763.0069999694824, 23494.171247195412, 32725.421170819405
1763.0159997940063, 23494.171247195412, 32725.421170819405
1763.021999835968, 23494.171247195412, 32725.421170819405
1763.0299999713898, 23494.171247195412, 32723.950195247508
1763.0409998893738, 23494.171247195412, 32723.950195247508
1763.0499999523163, 23494.171247195412, 32723.950195247508
1763.0609998703003, 23494.171247195412, 32723.950195247508
1768.12299990654, 23494.171247195412, 32723.950195247508
1768.1319999694824, 23494.171247195412, 32723.950195247508
1768.138000011444, 23494.171247195412, 32723.950195247508
1768.1459999084473, 23494.171247195412, 32723.950195247508
1768.1559998989105, 23494.171247195412, 32723.950195247508
1768.1719999313354, 23494.171247195412, 32723.60132962096
1768.1840000152588, 23494.171247195412, 32723.60132962096
1768.1970000267029, 23494.171247195412, 32723.60132962096
1773.255999803543, 23494.171247195412, 32723.416132953273
1773.2679998874664, 23494.171247195412, 32722.462538702828
1773.2779998779297, 23494.171247195412, 32722.462538702828
1773.287999868393, 23494.171247195412, 32722.462538702828
1773.2960000038147, 23494.171247195412, 32722.462538702828
1773.3029999732971, 23494.171247195412, 32722.462538702828
1773.311999797821, 23494.171247195412, 32722.462538702828
1773.319000005722, 23494.171247195412, 32721.9724352905
1773.3259999752045, 23494.171247195412, 32721.9724352905
1773.3339998722076, 23494.171247195412, 32721.9724352905
1778.3629999160767, 23494.171247195412, 32720.864328076128
1778.3819999694824, 23494.171247195412, 32720.864328076128
1778.3899998664856, 23494.171247195412, 32720.864328076128
1778.396999835968, 23494.171247195412, 32720.864328076128
1783.3559999465942, 23494.171247195412, 32720.864328076128
1783.3689999580383, 23494.171247195412, 32720.864328076128
1783.3769998550415, 23494.171247195412, 32720.864328076128
1783.383999824524, 23494.171247195412, 32720.864328076128
1783.3899998664856, 23494.171247195412, 32720.864328076128
1783.3980000019073, 23494.171247195412, 32720.864328076128
1783.4059998989105, 23494.171247195412, 32720.864328076128
1783.4119999408722, 23494.171247195412, 32720.864328076128
1783.4169998168945, 23494.171247195412, 32720.864328076128
1783.4240000247955, 23494.171247195412, 32720.864328076128
1783.4329998493195, 23494.171247195412, 32720.864328076128
1783.4399998188019, 23494.171247195412, 32720.864328076128
1783.4459998607635, 23494.171247195412, 32720.864328076128
1783.452999830246, 23494.171247195412, 32720.864328076128
1788.4229998588562, 23494.171247195412, 32720.864328076128
1788.4319999217987, 23494.171247195412, 32719.630449010932
1788.441999912262, 23494.171247195412, 32719.630449010932
1788.4499998092651, 23494.171247195412, 32719.630449010932
1788.4599997997284, 23494.171247195412, 32719.630449010932
1788.46599984169, 23494.171247195412, 32719.630449010932
1788.4749999046326, 23494.171247195412, 32717.811418596862
1793.5590000152588, 23494.171247195412, 32717.811418596862
1793.569000005722, 23494.171247195412, 32717.811418596862
1793.5789999961853, 23494.171247195412, 32717.811418596862
1793.5879998207092, 23494.171247195412, 32717.811418596862
1793.5999999046326, 23494.171247195412, 32717.811418596862
1793.6099998950958, 23494.171247195412, 32717.811418596862
1793.619999885559, 23494.171247195412, 32717.811418596862
1793.6280000209808, 23494.171247195412, 32717.811418596862
1793.638000011444, 23494.171247195412, 32717.811418596862
1793.646999835968, 23494.171247195412, 32717.04055576858
1793.6559998989105, 23494.171247195412, 32717.04055576858
1799.005999803543, 23494.171247195412, 32717.04055576858
1799.0149998664856, 23494.171247195412, 32717.04055576858
1799.0329999923706, 23494.171247195412, 32717.04055576858
1799.0429999828339, 23494.171247195412, 32716.39271917938
1799.0529999732971, 23494.171247195412, 32716.39271917938
1799.0599999427795, 23494.171247195412, 32716.39271917938
1804.2809998989105, 23494.171247195412, 32716.232928630325
1804.300999879837, 23494.171247195412, 32715.632393347645
1804.3099999427795, 23494.171247195412, 32715.632393347645
1804.319000005722, 23494.171247195412, 32715.632393347645
1804.3269999027252, 23494.171247195412, 32715.533317251233
1804.3339998722076, 23494.171247195412, 32714.86912291574
1804.3429999351501, 23494.171247195412, 32714.764293028293
1809.481999874115, 23494.171247195412, 32714.683024548765
1809.481999874115, 23494.171247195412, 32714.683024548765
1809.508999824524, 23494.171247195412, 32714.449527798828
1809.5189998149872, 23494.171247195412, 32714.449527798828
1809.5279998779297, 23494.171247195412, 32714.449527798828
1809.5369999408722, 23494.171247195412, 32714.449527798828
1809.5449998378754, 23494.171247195412, 32714.359651929408
1809.5539999008179, 23494.171247195412, 32714.1406890499
1814.6399998664856, 23494.171247195412, 32713.736636659687
1814.6539998054504, 23494.171247195412, 32713.446360627466
1814.664999961853, 23494.171247195412, 32713.446360627466
1814.6749999523163, 23494.171247195412, 32713.446360627466
1814.6829998493195, 23494.171247195412, 32713.446360627466
1819.4509999752045, 23494.171247195412, 32713.446360627466
1819.46599984169, 23494.171247195412, 32713.446360627466
1819.4769999980927, 23494.171247195412, 32713.446360627466
1819.4859998226166, 23494.171247195412, 32712.919465835257
1819.4959998130798, 23494.171247195412, 32712.919465835257
1819.5069999694824, 23494.171247195412, 32712.610191414966
1819.5179998874664, 23494.171247195412, 32712.10613313893
1824.6459999084473, 23494.171247195412, 32712.10613313893
1824.6459999084473, 23494.171247195412, 32712.10613313893
1824.6619999408722, 23494.171247195412, 32712.10613313893
1824.6710000038147, 23494.171247195412, 32712.10613313893
1824.6789999008179, 23494.171247195412, 32712.10613313893
1824.6879999637604, 23494.171247195412, 32712.10613313893
1824.694000005722, 23494.171247195412, 32711.726661794997
1824.7019999027252, 23494.171247195412, 32711.726661794997
1824.7099997997284, 23494.171247195412, 32711.726661794997
1830.0299999713898, 23494.171247195412, 32711.726661794997
1830.0479998588562, 23494.171247195412, 32711.726661794997
1830.0609998703003, 23494.171247195412, 32711.726661794997
1830.0709998607635, 23494.171247195412, 32711.726661794997
1830.0859999656677, 23494.171247195412, 32710.572070643706
1830.095999956131, 23494.171247195412, 32710.572070643706
1830.106999874115, 23494.171247195412, 32710.572070643706
1835.3209998607635, 23494.171247195412, 32710.572070643706
1835.3420000076294, 23494.171247195412, 32710.572070643706
1835.3539998531342, 23494.171247195412, 32710.572070643706
1835.367999792099, 23494.171247195412, 32710.572070643706
1835.3789999485016, 23494.171247195412, 32710.572070643706
1835.388000011444, 23494.171247195412, 32710.572070643706
1835.396999835968, 23494.171247195412, 32710.572070643706
1840.7689998149872, 23494.171247195412, 32708.82755718042
1840.7819998264313, 23494.171247195412, 32708.52850130186
1840.789999961853, 23494.171247195412, 32708.395469293082
1840.7990000247955, 23494.171247195412, 32708.378735945775
1840.8069999217987, 23494.171247195412, 32708.378735945775
1845.9779999256134, 23494.171247195412, 32707.90926829439
1845.9989998340607, 23494.171247195412, 32707.90926829439
1846.0079998970032, 23494.171247195412, 32707.90926829439
1846.0179998874664, 23494.171247195412, 32707.90926829439
1846.0279998779297, 23494.171247195412, 32707.90926829439
1851.0169999599457, 23494.171247195412, 32707.79490939685
1851.0299999713898, 23494.171247195412, 32707.32150479297
1851.0389997959137, 23494.171247195412, 32707.32150479297
1851.0439999103546, 23494.171247195412, 32707.32150479297
1856.2919998168945, 23494.171247195412, 32707.030297598973
1856.2919998168945, 23494.171247195412, 32707.030297598973
1856.3090000152588, 23494.171247195412, 32707.030297598973
1856.3259999752045, 23494.171247195412, 32707.030297598973
1856.3389999866486, 23494.171247195412, 32707.030297598973
1856.3479998111725, 23494.171247195412, 32707.030297598973
1856.3550000190735, 23494.171247195412, 32707.030297598973
1861.4989998340607, 23494.171247195412, 32707.030297598973
1861.5039999485016, 23494.171247195412, 32707.030297598973
1861.510999917984, 23494.171247195412, 32707.030297598973
1861.5179998874664, 23494.171247195412, 32707.030297598973
1861.5260000228882, 23494.171247195412, 32707.030297598973
1861.5329999923706, 23494.171247195412, 32707.030297598973
1861.5389997959137, 23494.171247195412, 32707.030297598973
1861.5469999313354, 23494.171247195412, 32707.030297598973
1861.5539999008179, 23494.171247195412, 32707.030297598973
1866.9119999408722, 23494.171247195412, 32705.942330570986
1866.9249999523163, 23494.171247195412, 32705.942330570986
1866.9340000152588, 23494.171247195412, 32705.942330570986
1871.9399998188019, 23494.171247195412, 32705.942330570986
1871.9499998092651, 23494.171247195412, 32704.21797987126
1871.9599997997284, 23494.171247195412, 32704.21797987126
1871.9729998111725, 23494.171247195412, 32704.21797987126
1871.9829998016357, 23494.171247195412, 32704.21797987126
1871.992999792099, 23494.171247195412, 32704.21797987126
1872.0030000209808, 23494.171247195412, 32703.772755571557
1877.108999967575, 23494.171247195412, 32703.772755571557
1877.1189999580383, 23494.171247195412, 32703.772755571557
1877.1289999485016, 23494.171247195412, 32703.772755571557
1877.138000011444, 23494.171247195412, 32703.772755571557
1877.1480000019073, 23494.171247195412, 32703.772755571557
1877.1559998989105, 23494.171247195412, 32703.772755571557
1877.1669998168945, 23494.171247195412, 32703.772755571557
1877.1740000247955, 23494.171247195412, 32703.772755571557
1877.1829998493195, 23494.171247195412, 32703.72318739711
1877.191999912262, 23494.171247195412, 32703.72318739711
1882.5369999408722, 23494.171247195412, 32703.72318739711
1882.5469999313354, 23494.171247195412, 32702.337045523112
1882.5549998283386, 23494.171247195412, 32702.044670005595
1882.5659999847412, 23494.171247195412, 32702.044670005595
1882.5759999752045, 23494.171247195412, 32702.044670005595
1887.6610000133514, 23494.171247195412, 32700.78505003282
1887.675999879837, 23494.171247195412, 32700.296820893447
1887.7170000076294, 23494.171247195412, 32700.296820893447
1893.106999874115, 23494.171247195412, 32700.296820893447
1893.117999792099, 23494.171247195412, 32700.296820893447
1893.1269998550415, 23494.171247195412, 32700.296820893447
1893.1389999389648, 23494.171247195412, 32699.45143868687
1893.1480000019073, 23494.171247195412, 32699.45143868687
1893.1579999923706, 23494.171247195412, 32699.45143868687
1893.164999961853, 23494.171247195412, 32699.45143868687
1893.1710000038147, 23494.171247195412, 32699.45143868687
1893.1769998073578, 23494.171247195412, 32699.45143868687
1898.633999824524, 23494.171247195412, 32698.311581083726
1898.633999824524, 23494.171247195412, 32698.311581083726
1898.6539998054504, 23494.171247195412, 32698.255402094324
1898.664999961853, 23494.171247195412, 32698.255402094324
1898.6740000247955, 23494.171247195412, 32698.255402094324
1898.6819999217987, 23494.171247195412, 32698.255402094324
1898.6899998188019, 23494.171247195412, 32698.255402094324
1898.6959998607635, 23494.171247195412, 32698.255402094324
1898.702999830246, 23494.171247195412, 32698.255402094324
1898.7099997997284, 23494.171247195412, 32698.255402094324
1898.7170000076294, 23494.171247195412, 32698.255402094324
1903.8320000171661, 23494.171247195412, 32698.255402094324
1903.8369998931885, 23494.171247195412, 32697.555476454596
1903.8550000190735, 23494.171247195412, 32697.555476454596
1903.8669998645782, 23494.171247195412, 32697.555476454596
1903.8789999485016, 23494.171247195412, 32697.555476454596
1903.8899998664856, 23494.171247195412, 32697.555476454596
1903.8980000019073, 23494.171247195412, 32697.555476454596
1909.2129998207092, 23494.171247195412, 32697.555476454596
1909.2349998950958, 23494.171247195412, 32697.555476454596
1909.2409999370575, 23494.171247195412, 32697.555476454596
1909.2549998760223, 23494.171247195412, 32697.555476454596
1909.2669999599457, 23494.171247195412, 32697.555476454596
1909.2749998569489, 23494.171247195412, 32697.555476454596
1909.284999847412, 23494.171247195412, 32697.555476454596
1914.3789999485016, 23494.171247195412, 32696.22287753213
1914.3889999389648, 23494.171247195412, 32695.756283754858
1914.4059998989105, 23494.171247195412, 32695.756283754858
1914.4210000038147, 23494.171247195412, 32695.756283754858
1914.4299998283386, 23494.171247195412, 32695.756283754858
1914.436999797821, 23494.171247195412, 32695.756283754858
1914.444000005722, 23494.171247195412, 32695.756283754858
1919.9179999828339, 23494.171247195412, 32695.736127878245
1919.9329998493195, 23494.171247195412, 32695.736127878245
1919.9409999847412, 23494.171247195412, 32695.736127878245
1919.9499998092651, 23494.171247195412, 32695.736127878245
1919.9599997997284, 23494.171247195412, 32695.337799935103
1919.9729998111725, 23494.171247195412, 32695.1750303342
1919.981999874115, 23494.171247195412, 32695.1750303342
1925.1299998760223, 23494.171247195412, 32695.1750303342
1925.1349999904633, 23494.171247195412, 32695.1750303342
1925.1480000019073, 23494.171247195412, 32695.1750303342
1925.1569998264313, 23494.171247195412, 32694.555932359937
1925.164999961853, 23494.171247195412, 32694.555932359937
1925.1740000247955, 23494.171247195412, 32694.555932359937
1925.1819999217987, 23494.171247195412, 32694.555932359937
1925.1909999847412, 23494.171247195412, 32694.555932359937
1925.1989998817444, 23494.171247195412, 32694.555932359937
1925.2059998512268, 23494.171247195412, 32694.555932359937
1925.2129998207092, 23494.171247195412, 32694.555932359937
1930.4359998703003, 23494.171247195412, 32693.18463658776
1930.4479999542236, 23494.171247195412, 32692.96888123606
1930.4599997997284, 23494.171247195412, 32692.96888123606
1935.675999879837, 23494.171247195412, 32692.96888123606
1935.6970000267029, 23494.171247195412, 32692.96888123606
1935.7070000171661, 23494.171247195412, 32692.96888123606
1935.71599984169, 23494.171247195412, 32692.96888123606
1935.7229998111725, 23494.171247195412, 32692.96888123606
1935.731999874115, 23494.171247195412, 32692.96888123606
1935.7419998645782, 23494.171247195412, 32692.96888123606
1935.75, 23494.171247195412, 32692.96888123606
1935.755999803543, 23494.171247195412, 32692.96888123606
1935.760999917984, 23494.171247195412, 32692.96888123606
1941.0629999637604, 23494.171247195412, 32692.96888123606
1941.0759999752045, 23494.171247195412, 32692.96888123606
1941.0869998931885, 23494.171247195412, 32692.450910035666
1941.0989999771118, 23494.171247195412, 32692.450910035666
1941.1099998950958, 23494.171247195412, 32692.450910035666
1941.117999792099, 23494.171247195412, 32692.450910035666
1941.1259999275208, 23494.171247195412, 32692.450910035666
1946.3159999847412, 23494.171247195412, 32690.664259944348
1946.3349997997284, 23494.171247195412, 32690.664259944348
1946.3479998111725, 23494.171247195412, 32690.664259944348
1946.3629999160767, 23494.171247195412, 32690.664259944348
1946.3769998550415, 23494.171247195412, 32690.664259944348
1951.7379999160767, 23494.171247195412, 32690.664259944348
1951.7509999275208, 23494.171247195412, 32689.43634422447
1951.760999917984, 23494.171247195412, 32689.43634422447
1951.771999835968, 23494.171247195412, 32689.43634422447
1951.7839999198914, 23494.171247195412, 32689.01701631647
1951.7909998893738, 23494.171247195412, 32689.01701631647
1951.7999999523163, 23494.171247195412, 32688.69122543011
1951.8099999427795, 23494.171247195412, 32688.69122543011
1957.0299999713898, 23494.171247195412, 32688.32850518183
1957.0449998378754, 23494.171247195412, 32688.32850518183
1957.0569999217987, 23494.171247195412, 32688.32850518183
1957.0709998607635, 23494.171247195412, 32688.32850518183
1957.0809998512268, 23494.171247195412, 32688.32850518183
1957.0899999141693, 23494.171247195412, 32688.32850518183
1962.1729998588562, 23494.171247195412, 32687.109626033343
1962.1899998188019, 23494.171247195412, 32687.109626033343
1962.2009999752045, 23494.171247195412, 32687.109626033343
1962.2129998207092, 23494.171247195412, 32687.109626033343
1962.2229998111725, 23494.171247195412, 32687.109626033343
1962.2329998016357, 23494.171247195412, 32687.109626033343
1962.2409999370575, 23494.171247195412, 32687.109626033343
1962.2489998340607, 23494.171247195412, 32687.109626033343
1962.2599999904633, 23494.171247195412, 32687.109626033343
1962.2699999809265, 23494.171247195412, 32687.109626033343
1962.2799999713898, 23494.171247195412, 32687.109626033343
1962.289999961853, 23494.171247195412, 32687.109626033343
1962.2960000038147, 23494.171247195412, 32687.109626033343
1962.3049998283386, 23494.171247195412, 32687.109626033343
1962.311999797821, 23494.171247195412, 32687.109626033343
1962.3239998817444, 23494.171247195412, 32686.905970996777
1962.329999923706, 23494.171247195412, 32686.905970996777
1962.3389999866486, 23494.171247195412, 32686.71242220924
1967.4670000076294, 23494.171247195412, 32686.021401224334
1967.4789998531342, 23494.171247195412, 32686.021401224334
1967.4849998950958, 23494.171247195412, 32686.00077860535
1967.492999792099, 23494.171247195412, 32685.985129724417
1967.5030000209808, 23494.171247195412, 32685.985129724417
1972.8759999275208, 23494.171247195412, 32685.985129724417
1972.883999824524, 23494.171247195412, 32685.985129724417
1972.8949999809265, 23494.171247195412, 32685.985129724417
1972.9069998264313, 23494.171247195412, 32685.985129724417
1972.9139997959137, 23494.171247195412, 32685.985129724417
1972.9210000038147, 23494.171247195412, 32685.985129724417
1972.9279999732971, 23494.171247195412, 32685.985129724417
1972.9359998703003, 23494.171247195412, 32685.985129724417
1972.9449999332428, 23494.171247195412, 32685.864674869703
1972.9559998512268, 23494.171247195412, 32685.864674869703
1972.968999862671, 23494.171247195412, 32685.864674869703
1972.9769999980927, 23494.171247195412, 32685.59317236052
1978.258999824524, 23494.171247195412, 32685.59317236052
1978.2669999599457, 23494.171247195412, 32685.385614630304
1978.2749998569489, 23494.171247195412, 32685.385614630304
1978.2819998264313, 23494.171247195412, 32685.385614630304
1978.289999961853, 23494.171247195412, 32685.385614630304
1978.2999999523163, 23494.171247195412, 32685.385614630304
1978.311999797821, 23494.171247195412, 32685.385614630304
1978.3239998817444, 23494.171247195412, 32685.385614630304
1978.3339998722076, 23494.171247195412, 32685.385614630304
1983.8389999866486, 23494.171247195412, 32684.759345121674
1983.8519999980927, 23494.171247195412, 32684.759345121674
1983.8639998435974, 23494.171247195412, 32684.759345121674
1983.869999885559, 23494.171247195412, 32684.759345121674
1983.8769998550415, 23494.171247195412, 32684.759345121674
1983.883999824524, 23494.171247195412, 32684.759345121674
1983.8909997940063, 23494.171247195412, 32684.759345121674
1983.901999950409, 23494.171247195412, 32684.422222168225
1983.909999847412, 23494.171247195412, 32684.422222168225
1983.9199998378754, 23494.171247195412, 32684.422222168225
1983.9289999008179, 23494.171247195412, 32684.422222168225
1983.9349999427795, 23494.171247195412, 32684.422222168225
1983.941999912262, 23494.171247195412, 32684.422222168225
1983.9519999027252, 23494.171247195412, 32684.422222168225
1983.9599997997284, 23494.171247195412, 32684.422222168225
1983.968999862671, 23494.171247195412, 32684.422222168225
1988.9749999046326, 23494.171247195412, 32684.422222168225
1988.9959998130798, 23494.171247195412, 32684.422222168225
1989.005999803543, 23494.171247195412, 32684.422222168225
1989.0159997940063, 23494.171247195412, 32684.422222168225
1989.0260000228882, 23494.171247195412, 32683.986460814278
1994.093999862671, 23494.171247195412, 32683.986460814278
1994.0949997901917, 23494.171247195412, 32683.986460814278
1994.1129999160767, 23494.171247195412, 32683.986460814278
1994.1209998130798, 23494.171247195412, 32683.986460814278
1994.135999917984, 23494.171247195412, 32683.986460814278
1994.1459999084473, 23494.171247195412, 32683.986460814278
1994.1529998779297, 23494.171247195412, 32683.986460814278
1999.3669998645782, 23494.171247195412, 32683.986460814278
2004.9649999141693, 23494.171247195412, 32682.917112088424
2004.9719998836517, 23494.171247195412, 32682.917112088424
2004.9829998016357, 23494.171247195412, 32682.917112088424
2004.9919998645782, 23494.171247195412, 32682.917112088424
2005.0, 23494.171247195412, 32682.716133332648
2005.0119998455048, 23494.171247195412, 32682.716133332648
2010.3069999217987, 23494.171247195412, 32682.716133332648
2010.3209998607635, 23494.171247195412, 32681.042803547363
2010.332999944687, 23494.171247195412, 32681.042803547363
2010.345999956131, 23494.171247195412, 32681.042803547363
2010.3559999465942, 23494.171247195412, 32681.042803547363
2015.4159998893738, 23494.171247195412, 32681.042803547363
2015.4329998493195, 23494.171247195412, 32681.042803547363
2015.444000005722, 23494.171247195412, 32681.042803547363
2015.4519999027252, 23494.171247195412, 32681.042803547363
2015.457999944687, 23494.171247195412, 32681.042803547363
2015.4649999141693, 23494.171247195412, 32681.042803547363
2020.8049998283386, 23494.171247195412, 32681.042803547363
2020.8139998912811, 23494.171247195412, 32681.042803547363
2020.8220000267029, 23494.171247195412, 32681.042803547363
2020.8320000171661, 23494.171247195412, 32681.042803547363
2020.8469998836517, 23494.171247195412, 32681.042803547363
2020.861999988556, 23494.171247195412, 32681.042803547363
2020.8739998340607, 23494.171247195412, 32681.042803547363
2026.409999847412, 23494.171247195412, 32680.102944948794
2026.409999847412, 23494.171247195412, 32680.102944948794
2026.4269998073578, 23494.171247195412, 32680.102944948794
2026.4349999427795, 23494.171247195412, 32680.102944948794
2026.4409999847412, 23494.171247195412, 32680.102944948794
2026.4459998607635, 23494.171247195412, 32680.102944948794
2026.4519999027252, 23494.171247195412, 32680.102944948794
2026.4570000171661, 23494.171247195412, 32680.102944948794
2026.4649999141693, 23494.171247195412, 32680.102944948794
2026.4719998836517, 23494.171247195412, 32680.102944948794
2026.4809999465942, 23494.171247195412, 32680.102944948794
2026.4879999160767, 23494.171247195412, 32680.102944948794
2031.7829999923706, 23494.171247195412, 32680.102944948794
2031.7969999313354, 23494.171247195412, 32680.102944948794
2031.8079998493195, 23494.171247195412, 32679.031944959966
2031.8179998397827, 23494.171247195412, 32679.031944959966
2031.829999923706, 23494.171247195412, 32679.031944959966
2031.8359999656677, 23494.171247195412, 32679.031944959966
2031.843999862671, 23494.171247195412, 32679.031944959966
2031.8539998531342, 23494.171247195412, 32679.031944959966
2031.8639998435974, 23494.171247195412, 32679.031944959966
2031.8780000209808, 23494.171247195412, 32679.031944959966
2031.8889999389648, 23494.171247195412, 32678.73087889742
2031.9010000228882, 23494.171247195412, 32678.73087889742
2036.994999885559, 23494.171247195412, 32678.73087889742
2037.0039999485016, 23494.171247195412, 32678.73087889742
2037.0149998664856, 23494.171247195412, 32678.73087889742
2037.0249998569489, 23494.171247195412, 32678.73087889742
2037.0329999923706, 23494.171247195412, 32678.73087889742
2037.039999961853, 23494.171247195412, 32678.73087889742
2037.0460000038147, 23494.171247195412, 32678.73087889742
2037.0549998283386, 23494.171247195412, 32678.73087889742
2037.0639998912811, 23494.171247195412, 32678.73087889742
2042.6840000152588, 23494.171247195412, 32678.73087889742
2042.6840000152588, 23494.171247195412, 32677.302440027204
2042.7099997997284, 23494.171247195412, 32677.302440027204
2042.7179999351501, 23494.171247195412, 32677.302440027204
2048.184000015259, 23494.171247195412, 32676.784527421183
2048.197000026703, 23494.171247195412, 32675.98967592325
2048.205999851227, 23494.171247195412, 32675.98967592325
2048.21599984169, 23494.171247195412, 32675.98967592325
2053.7619998455048, 23494.171247195412, 32675.780216566334
2053.773999929428, 23494.171247195412, 32675.780216566334
2053.7809998989105, 23494.171247195412, 32675.4666386095
2053.7860000133514, 23494.171247195412, 32675.4666386095
2053.7990000247955, 23494.171247195412, 32675.4666386095
2053.809000015259, 23494.171247195412, 32675.4666386095
2059.3369998931885, 23494.171247195412, 32674.25247333073
2059.3479998111725, 23494.171247195412, 32674.25247333073
2059.3579998016357, 23494.171247195412, 32674.25247333073
2059.3669998645782, 23494.171247195412, 32674.25247333073
2059.375, 23494.171247195412, 32674.25247333073
2059.382999897003, 23494.171247195412, 32674.25247333073
2059.3899998664856, 23494.171247195412, 32674.25247333073
2059.396999835968, 23494.171247195412, 32674.25247333073
2059.4069998264313, 23494.171247195412, 32674.25247333073
2059.4169998168945, 23494.171247195412, 32674.25247333073
2059.4249999523163, 23494.171247195412, 32674.25247333073
2059.4319999217987, 23494.171247195412, 32674.25247333073
2059.439999818802, 23494.171247195412, 32674.25247333073
2059.4459998607635, 23494.171247195412, 32674.25247333073
2059.451999902725, 23494.171247195412, 32674.25247333073
2065.0879998207092, 23494.171247195412, 32673.348129696387
2065.1059999465942, 23494.171247195412, 32673.348129696387
2065.1189999580383, 23494.171247195412, 32673.348129696387
2065.1319999694824, 23494.171247195412, 32672.99069738818
2065.1409997940063, 23494.171247195412, 32672.99069738818
2065.146999835968, 23494.171247195412, 32672.99069738818
2065.1529998779297, 23494.171247195412, 32672.99069738818
2065.1589999198914, 23494.171247195412, 32672.99069738818
2065.165999889374, 23494.171247195412, 32672.99069738818
2065.172999858856, 23494.171247195412, 32672.983267549746
2065.180999994278, 23494.171247195412, 32672.983267549746
2070.7099997997284, 23494.171247195412, 32671.574577931213
2070.720999956131, 23494.171247195412, 32671.545592375543
2070.7309999465942, 23494.171247195412, 32671.4202292305
2070.7389998435974, 23494.171247195412, 32671.4202292305
2070.7519998550415, 23494.171247195412, 32671.4035008142
2076.451999902725, 23494.171247195412, 32671.288349678416
2076.4589998722076, 23494.171247195412, 32671.288349678416
2076.4769999980927, 23494.171247195412, 32671.23764678701
2076.4889998435974, 23494.171247195412, 32671.23764678701
2076.4989998340607, 23494.171247195412, 32671.100602306706
2076.505999803543, 23494.171247195412, 32671.100602306706
2081.555999994278, 23494.171247195412, 32671.100602306706
2081.5859999656677, 23494.171247195412, 32671.100602306706
2081.5979998111725, 23494.171247195412, 32671.020960495993
2087.284999847412, 23494.171247195412, 32671.008431646736
2087.2860000133514, 23494.171247195412, 32671.008431646736
2087.3049998283386, 23494.171247195412, 32671.008431646736
2087.314999818802, 23494.171247195412, 32671.008431646736
2087.326999902725, 23494.171247195412, 32671.008431646736
2087.3369998931885, 23494.171247195412, 32669.158142596716
2092.8629999160767, 23494.171247195412, 32668.965488060323
2092.8799998760223, 23494.171247195412, 32668.795965017587
2092.8929998874664, 23494.171247195412, 32668.795965017587
2098.492999792099, 23494.171247195412, 32668.795965017587
2098.5049998760223, 23494.171247195412, 32668.795965017587
2098.513999938965, 23494.171247195412, 32668.795965017587
2098.523999929428, 23494.171247195412, 32668.795965017587
2098.5329999923706, 23494.171247195412, 32668.795965017587
2098.5419998168945, 23494.171247195412, 32668.795965017587
2098.550999879837, 23494.171247195412, 32668.48037996554
2098.5579998493195, 23494.171247195412, 32668.48037996554
2098.564999818802, 23494.171247195412, 32668.48037996554
2104.324999809265, 23494.171247195412, 32667.410580992593
2104.3369998931885, 23494.171247195412, 32667.35867756159
2104.345999956131, 23494.171247195412, 32667.35867756159
2104.3519999980927, 23494.171247195412, 32666.94675325726
2104.361999988556, 23494.171247195412, 32666.94675325726
2104.3689999580383, 23494.171247195412, 32666.14684277957
2109.927999973297, 23494.171247195412, 32666.14684277957
2109.944000005722, 23494.171247195412, 32666.14684277957
2109.944000005722, 23494.171247195412, 32666.14684277957
2109.955999851227, 23494.171247195412, 32666.14684277957
2109.9670000076294, 23494.171247195412, 32666.14684277957
2109.973999977112, 23494.171247195412, 32666.14684277957
2109.9809999465942, 23494.171247195412, 32666.14684277957
2109.9889998435974, 23494.171247195412, 32665.86256990051
2109.9989998340607, 23494.171247195412, 32665.86256990051
2110.0049998760223, 23494.171247195412, 32665.86256990051
2110.0149998664856, 23494.171247195412, 32665.86256990051
2110.023999929428, 23494.171247195412, 32665.86256990051
2110.0329999923706, 23494.171247195412, 32665.86256990051
2115.6929998397827, 23494.171247195412, 32665.538430639066
2115.707000017166, 23494.171247195412, 32665.538430639066
2115.7170000076294, 23494.171247195412, 32665.538430639066
2115.7269999980927, 23494.171247195412, 32665.538430639066
2115.733999967575, 23494.171247195412, 32665.538430639066
2115.7409999370575, 23494.171247195412, 32665.538430639066
2115.7489998340607, 23494.171247195412, 32665.538430639066
2121.121999979019, 23494.171247195412, 32665.538430639066
2121.1409997940063, 23494.171247195412, 32664.806689571713
2121.1409997940063, 23494.171247195412, 32664.806689571713
2121.1639997959137, 23494.171247195412, 32664.806689571713
2121.175999879837, 23494.171247195412, 32664.806689571713
2121.1879999637604, 23494.171247195412, 32664.806689571713
2126.8449997901917, 23494.171247195412, 32664.806689571713
2126.8469998836517, 23494.171247195412, 32664.806689571713
2126.8659999370575, 23494.171247195412, 32664.264546273782
2126.875, 23494.171247195412, 32663.915300253724
2126.8789999485016, 23494.171247195412, 32663.915300253724
2132.409999847412, 23494.171247195412, 32663.915300253724
2132.4210000038147, 23494.171247195412, 32663.915300253724
2132.434000015259, 23494.171247195412, 32663.915300253724
2132.4459998607635, 23494.171247195412, 32663.070338281108
2132.4539999961853, 23494.171247195412, 32662.59529134121
2138.1019999980927, 23494.171247195412, 32662.058910783846
2138.1159999370575, 23494.171247195412, 32662.058910783846
2138.1269998550415, 23494.171247195412, 32662.058910783846
2138.135999917984, 23494.171247195412, 32662.058910783846
2138.1459999084473, 23494.171247195412, 32661.825703316543
2143.6259999275208, 23494.171247195412, 32661.825703316543
2143.6459999084473, 23494.171247195412, 32661.677337807007
2143.659999847412, 23494.171247195412, 32661.677337807007
2143.6749999523163, 23494.171247195412, 32661.677337807007
2149.358999967575, 23494.171247195412, 32661.677337807007
2149.37099981308, 23494.171247195412, 32661.38293492463
2149.378000020981, 23494.171247195412, 32661.38293492463
2149.3849999904633, 23494.171247195412, 32661.38293492463
2149.3919999599457, 23494.171247195412, 32661.38293492463
2149.398999929428, 23494.171247195412, 32661.38293492463
2149.4069998264313, 23494.171247195412, 32661.38293492463
2149.417999982834, 23494.171247195412, 32660.85216886651
2155.0019998550415, 23494.171247195412, 32660.31486425482
2155.0019998550415, 23494.171247195412, 32660.31486425482
2155.0179998874664, 23494.171247195412, 32660.31486425482
2155.0230000019073, 23494.171247195412, 32660.307965791795
2155.0289998054504, 23494.171247195412, 32660.307965791795
2155.0339999198914, 23494.171247195412, 32660.307965791795
2155.042999982834, 23494.171247195412, 32660.307965791795
2155.0499999523163, 23494.171247195412, 32660.307965791795
2155.0549998283386, 23494.171247195412, 32660.307965791795
2155.0609998703003, 23494.171247195412, 32660.307965791795
2155.066999912262, 23494.171247195412, 32660.307965791795
2155.072000026703, 23494.171247195412, 32660.307965791795
2155.077999830246, 23494.171247195412, 32660.307965791795
2160.7799999713898, 23494.171247195412, 32660.307965791795
2160.790999889374, 23494.171247195412, 32659.731512854287
2160.7999999523163, 23494.171247195412, 32659.731512854287
2160.8109998703003, 23494.171247195412, 32659.731512854287
2160.8209998607635, 23494.171247195412, 32659.046665817164
2160.829999923706, 23494.171247195412, 32659.046665817164
2160.8389999866486, 23494.171247195412, 32658.582192792554
2160.845999956131, 23494.171247195412, 32658.582192792554
2166.263000011444, 23494.171247195412, 32658.065590111342
2171.8109998703003, 23494.171247195412, 32657.20334668132
2171.824999809265, 23494.171247195412, 32657.20334668132
2171.8359999656677, 23494.171247195412, 32657.20334668132
2171.845999956131, 23494.171247195412, 32657.20334668132
2171.853999853134, 23494.171247195412, 32657.20334668132
2171.859999895096, 23494.171247195412, 32657.20334668132
2171.8659999370575, 23494.171247195412, 32657.20334668132
2171.871999979019, 23494.171247195412, 32657.20334668132
2171.8799998760223, 23494.171247195412, 32657.20334668132
2177.5579998493195, 23494.171247195412, 32656.704136693967
2177.574999809265, 23494.171247195412, 32656.680702956088
2177.5889999866486, 23494.171247195412, 32656.67419029631
2177.6009998321533, 23494.171247195412, 32656.431050626255
2177.6139998435974, 23494.171247195412, 32656.26508194338
2183.188999891281, 23494.171247195412, 32656.26508194338
2183.2139999866486, 23494.171247195412, 32656.249740635645
2183.2279999256134, 23494.171247195412, 32656.249740635645
2188.981999874115, 23494.171247195412, 32656.249740635645
2188.9919998645782, 23494.171247195412, 32656.249740635645
2189.0019998550415, 23494.171247195412, 32656.249740635645
2189.0099999904633, 23494.171247195412, 32656.249740635645
2189.0179998874664, 23494.171247195412, 32656.249740635645
2189.026999950409, 23494.171247195412, 32656.249740635645
2189.0360000133514, 23494.171247195412, 32656.249740635645
2189.0439999103546, 23494.171247195412, 32655.40444641866
2189.051999807358, 23494.171247195412, 32655.40444641866
2189.059000015259, 23494.171247195412, 32655.40444641866
2189.063999891281, 23494.171247195412, 32655.40444641866
2194.9199998378754, 23494.171247195412, 32654.574524502998
2194.9349999427795, 23494.171247195412, 32654.574524502998
2194.944000005722, 23494.171247195412, 32654.574524502998
2194.951999902725, 23494.171247195412, 32654.574524502998
2194.957999944687, 23494.171247195412, 32654.574524502998
2194.96799993515, 23494.171247195412, 32654.197714810518
2194.9759998321533, 23494.171247195412, 32654.197714810518
2194.984999895096, 23494.171247195412, 32653.905443524025
2200.638000011444, 23494.171247195412, 32653.69281832543
2200.6480000019073, 23494.171247195412, 32653.69281832543
2200.6589999198914, 23494.171247195412, 32653.69281832543
2200.6689999103546, 23494.171247195412, 32653.69281832543
2200.676999807358, 23494.171247195412, 32653.69281832543
2200.6819999217987, 23494.171247195412, 32653.69281832543
2200.6879999637604, 23494.171247195412, 32653.69281832543
2200.6929998397827, 23494.171247195412, 32653.69281832543
2200.699999809265, 23494.171247195412, 32653.69281832543
2200.705999851227, 23494.171247195412, 32653.69281832543
2206.3650000095367, 23494.171247195412, 32653.665191509794
2206.375, 23494.171247195412, 32653.665191509794
2206.3849999904633, 23494.171247195412, 32653.665191509794
2206.393999814987, 23494.171247195412, 32653.665191509794
2206.4039998054504, 23494.171247195412, 32653.665191509794
2212.401999950409, 23494.171247195412, 32652.546001407027
2212.4069998264313, 23494.171247195412, 32652.546001407027
2217.733999967575, 23494.171247195412, 32651.810057319595
2217.7509999275208, 23494.171247195412, 32651.57884525055
2217.771999835968, 23494.171247195412, 32651.57884525055
2217.7839999198914, 23494.171247195412, 32651.57884525055
2217.7960000038147, 23494.171247195412, 32651.57884525055
2217.8109998703003, 23494.171247195412, 32651.510800031945
2223.2649998664856, 23494.171247195412, 32651.510800031945
2223.271999835968, 23494.171247195412, 32651.510800031945
2223.276999950409, 23494.171247195412, 32651.510800031945
2223.2860000133514, 23494.171247195412, 32651.510800031945
2223.2939999103546, 23494.171247195412, 32650.982739712035
2223.300999879837, 23494.171247195412, 32650.982739712035
2223.309000015259, 23494.171247195412, 32650.982739712035
2223.319000005722, 23494.171247195412, 32650.982739712035
2223.326999902725, 23494.171247195412, 32650.982739712035
2223.3379998207092, 23494.171247195412, 32650.982739712035
2223.345999956131, 23494.171247195412, 32650.982739712035
2223.3529999256134, 23494.171247195412, 32650.92384966687
2229.2129998207092, 23494.171247195412, 32650.92384966687
2229.2309999465942, 23494.171247195412, 32650.92384966687
2229.2389998435974, 23494.171247195412, 32650.92384966687
2229.244999885559, 23494.171247195412, 32650.86012786771
2229.2519998550415, 23494.171247195412, 32650.86012786771
2235.148999929428, 23494.171247195412, 32650.4522745898
2235.1539998054504, 23494.171247195412, 32649.964861177043
2235.1710000038147, 23494.171247195412, 32649.964861177043
2240.867999792099, 23494.171247195412, 32648.815731077924
2240.878000020981, 23494.171247195412, 32648.815731077924
2240.883999824524, 23494.171247195412, 32648.815731077924
2240.8929998874664, 23494.171247195412, 32648.815731077924
2240.899999856949, 23494.171247195412, 32648.815731077924
2246.7549998760223, 23494.171247195412, 32648.18074335584
2246.763000011444, 23494.171247195412, 32648.18074335584
2246.768999814987, 23494.171247195412, 32648.18074335584
2246.776000022888, 23494.171247195412, 32648.18074335584
2246.7829999923706, 23494.171247195412, 32648.18074335584
2246.789999961853, 23494.171247195412, 32648.18074335584
2246.7969999313354, 23494.171247195412, 32647.976629460896
2246.8079998493195, 23494.171247195412, 32647.976629460896
2252.4319999217987, 23494.171247195412, 32647.334593041294
2252.4429998397827, 23494.171247195412, 32647.334593041294
2252.451999902725, 23494.171247195412, 32647.334593041294
2252.4589998722076, 23494.171247195412, 32647.334593041294
2258.228999853134, 23494.171247195412, 32647.334593041294
2258.2389998435974, 23494.171247195412, 32647.334593041294
2258.253000020981, 23494.171247195412, 32647.334593041294
2258.263999938965, 23494.171247195412, 32647.334593041294
2258.2730000019073, 23494.171247195412, 32647.334593041294
2258.2829999923706, 23494.171247195412, 32646.239088510174
2258.2889997959137, 23494.171247195412, 32646.239088510174
2258.2969999313354, 23494.171247195412, 32646.06693052097
2263.930999994278, 23494.171247195412, 32645.773801884014
2263.936999797821, 23494.171247195412, 32645.773801884014
2263.9489998817444, 23494.171247195412, 32645.773801884014
2263.955999851227, 23494.171247195412, 32645.773801884014
2263.9629998207092, 23494.171247195412, 32645.320869618336
2263.9729998111725, 23494.171247195412, 32645.320869618336
2263.9800000190735, 23494.171247195412, 32645.320869618336
2263.9900000095367, 23494.171247195412, 32645.320869618336
2263.99799990654, 23494.171247195412, 32645.320869618336
2264.0039999485016, 23494.171247195412, 32645.320869618336
2264.013000011444, 23494.171247195412, 32645.320869618336
2264.0230000019073, 23494.171247195412, 32645.320869618336
2264.0289998054504, 23494.171247195412, 32645.320869618336
2264.034999847412, 23494.171247195412, 32645.320869618336
2264.0419998168945, 23494.171247195412, 32645.320869618336
2264.047999858856, 23494.171247195412, 32645.320869618336
2269.827999830246, 23494.171247195412, 32644.705049791657
2269.8369998931885, 23494.171247195412, 32643.952345352795
2269.8469998836517, 23494.171247195412, 32643.952345352795
2269.8559999465942, 23494.171247195412, 32643.952345352795
2275.75, 23494.171247195412, 32643.461848102743
2275.7569999694824, 23494.171247195412, 32643.461848102743
2275.7699999809265, 23494.171247195412, 32643.461848102743
2275.7779998779297, 23494.171247195412, 32643.461848102743
2275.787999868393, 23494.171247195412, 32643.266438310588
2275.7960000038147, 23494.171247195412, 32643.266438310588
2275.805999994278, 23494.171247195412, 32643.266438310588
2281.8479998111725, 23494.171247195412, 32643.089678035354
2281.8629999160767, 23494.171247195412, 32643.089678035354
2281.8789999485016, 23494.171247195412, 32643.089678035354
2281.8919999599457, 23494.171247195412, 32642.5432233555
2287.7889997959137, 23494.171247195412, 32642.5432233555
2287.8049998283386, 23494.171247195412, 32642.5432233555
2287.8049998283386, 23494.171247195412, 32642.5432233555
2287.84099984169, 23494.171247195412, 32642.4112218422
2287.858999967575, 23494.171247195412, 32642.4112218422
2287.869999885559, 23494.171247195412, 32642.4112218422
2287.8819999694824, 23494.171247195412, 32642.4112218422
2294.026999950409, 23494.171247195412, 32642.306702171136
2294.039999961853, 23494.171247195412, 32642.306702171136
2294.055999994278, 23494.171247195412, 32642.306702171136
2300.3550000190735, 23494.171247195412, 32641.92182006575
2300.3550000190735, 23494.171247195412, 32641.92182006575
2300.3739998340607, 23494.171247195412, 32641.92182006575
2300.385999917984, 23494.171247195412, 32640.729369054465
2300.3959999084473, 23494.171247195412, 32640.729369054465
2300.4039998054504, 23494.171247195412, 32640.729369054465
2300.411999940872, 23494.171247195412, 32640.729369054465
2300.4210000038147, 23494.171247195412, 32640.729369054465
2306.4429998397827, 23494.171247195412, 32640.729369054465
2306.4539999961853, 23494.171247195412, 32640.729369054465
2306.4649999141693, 23494.171247195412, 32640.729369054465
2306.4749999046326, 23494.171247195412, 32640.729369054465
2306.484999895096, 23494.171247195412, 32640.729369054465
2306.5009999275208, 23494.171247195412, 32640.2115328648
2306.5099999904633, 23494.171247195412, 32639.658021298696
2313.194000005722, 23494.171247195412, 32638.664866597865
2313.2099997997284, 23494.171247195412, 32638.664866597865
2313.2259998321533, 23494.171247195412, 32636.69782709294
2319.7249999046326, 23494.171247195412, 32636.69782709294
2319.7249999046326, 23494.171247195412, 32636.69782709294
2319.744999885559, 23494.171247195412, 32636.58096375951
2319.7619998455048, 23494.171247195412, 32636.58096375951
2319.7730000019073, 23494.171247195412, 32636.58096375951
2319.7829999923706, 23494.171247195412, 32636.58096375951
2319.7960000038147, 23494.171247195412, 32636.58096375951
2326.223999977112, 23494.171247195412, 32636.58096375951
2326.2359998226166, 23494.171247195412, 32636.58096375951
2326.253000020981, 23494.171247195412, 32636.58096375951
2326.263999938965, 23494.171247195412, 32636.17018799126
2326.271999835968, 23494.171247195412, 32636.17018799126
2326.2799999713898, 23494.171247195412, 32635.865618550077
2333.0119998455048, 23494.171247195412, 32635.865618550077
2333.0199999809265, 23494.171247195412, 32635.865618550077
2333.0309998989105, 23494.171247195412, 32635.865618550077
2333.0439999103546, 23494.171247195412, 32635.865618550077
2333.051999807358, 23494.171247195412, 32635.692814062688
2333.0579998493195, 23494.171247195412, 32635.692814062688
2333.0679998397827, 23494.171247195412, 32635.04695468603
2340.1079998016357, 23494.171247195412, 32634.297357959877
2340.1239998340607, 23494.171247195412, 32634.297357959877
2340.135999917984, 23494.171247195412, 32633.935246731162
2340.146999835968, 23494.171247195412, 32633.870703325498
2340.1559998989105, 23494.171247195412, 32633.870703325498
2340.1639997959137, 23494.171247195412, 32633.870703325498
2346.4809999465942, 23494.171247195412, 32633.315188828816
2346.4809999465942, 23494.171247195412, 32633.27483102585
2346.49799990654, 23494.171247195412, 32633.169665816033
2346.5099999904633, 23494.171247195412, 32633.14888054722
2346.521999835968, 23494.171247195412, 32633.14888054722
2346.5329999923706, 23494.171247195412, 32632.603011107938
2346.542999982834, 23494.171247195412, 32632.603011107938
2353.0839998722076, 23494.171247195412, 32632.603011107938
2353.0920000076294, 23494.171247195412, 32632.603011107938
2353.0979998111725, 23494.171247195412, 32632.43975041293
2353.106999874115, 23494.171247195412, 32632.43975041293
2353.119999885559, 23494.171247195412, 32632.43975041293
2353.135999917984, 23494.171247195412, 32632.382468193242
2359.800999879837, 23494.171247195412, 32631.849534657114
2359.8179998397827, 23494.171247195412, 32631.849534657114
2366.2539999485016, 23494.171247195412, 32630.812004580854
2366.2549998760223, 23494.171247195412, 32630.812004580854
2366.274999856949, 23494.171247195412, 32630.55586189935
2366.284999847412, 23494.171247195412, 32630.55586189935
2366.2969999313354, 23494.171247195412, 32630.55586189935
2366.3049998283386, 23494.171247195412, 32630.55586189935
2366.3129999637604, 23494.171247195412, 32630.55586189935
2366.322000026703, 23494.171247195412, 32630.16078606902
2366.332999944687, 23494.171247195412, 32630.16078606902
2366.34299993515, 23494.171247195412, 32630.16078606902
2373.005999803543, 23494.171247195412, 32629.68099620356
2373.023999929428, 23494.171247195412, 32629.662757929756
2373.037999868393, 23494.171247195412, 32629.070836343246
2373.047999858856, 23494.171247195412, 32629.070836343246
2379.8519999980927, 23494.171247195412, 32629.066814185713
2379.861999988556, 23494.171247195412, 32629.066814185713
2379.87299990654, 23494.171247195412, 32629.066814185713
2379.8849999904633, 23494.171247195412, 32628.85563816514
2379.8959999084473, 23494.171247195412, 32628.85563816514
2379.9069998264313, 23494.171247195412, 32628.85563816514
2379.9199998378754, 23494.171247195412, 32628.840162507906
2386.4589998722076, 23494.171247195412, 32628.840162507906
2386.484999895096, 23494.171247195412, 32628.840162507906
2386.4939999580383, 23494.171247195412, 32628.840162507906
2386.503000020981, 23494.171247195412, 32628.840162507906
2392.9670000076294, 23494.171247195412, 32628.840162507906
2392.9859998226166, 23494.171247195412, 32628.840162507906
2392.9989998340607, 23494.171247195412, 32628.840162507906
2393.007999897003, 23494.171247195412, 32628.840162507906
2393.0149998664856, 23494.171247195412, 32628.840162507906
2393.023999929428, 23494.171247195412, 32628.840162507906
2393.034999847412, 23494.171247195412, 32628.840162507906
2393.050999879837, 23494.171247195412, 32627.888749710644
2393.0629999637604, 23494.171247195412, 32627.888749710644
2393.0709998607635, 23494.171247195412, 32627.698925760636
2393.077999830246, 23494.171247195412, 32627.698925760636
2399.5629999637604, 23494.171247195412, 32627.698925760636
2399.5709998607635, 23494.171247195412, 32627.698925760636
2399.582999944687, 23494.171247195412, 32627.698925760636
2399.5949997901917, 23494.171247195412, 32627.556735459377
2399.606999874115, 23494.171247195412, 32626.605564457914
2408.292999982834, 23494.171247195412, 32626.605564457914
2408.3099999427795, 23494.171247195412, 32626.605564457914
2415.149999856949, 23494.171247195412, 32624.687928035713
2415.164999961853, 23494.171247195412, 32624.687928035713
2415.1829998493195, 23494.171247195412, 32624.687928035713
2415.1989998817444, 23494.171247195412, 32624.687928035713
2415.2119998931885, 23494.171247195412, 32624.687928035713
2422.177999973297, 23494.171247195412, 32623.940240911365
2422.1929998397827, 23494.171247195412, 32623.940240911365
2422.204999923706, 23494.171247195412, 32623.940240911365
2422.21799993515, 23494.171247195412, 32623.940240911365
2428.577999830246, 23494.171247195412, 32623.940240911365
2428.59099984169, 23494.171247195412, 32623.940240911365
2428.6009998321533, 23494.171247195412, 32623.617259389823
2428.608999967575, 23494.171247195412, 32623.617259389823
2435.436999797821, 23494.171247195412, 32622.54720711276
2435.452999830246, 23494.171247195412, 32622.407536795447
2441.3629999160767, 23494.171247195412, 32622.13185493509
2441.3769998550415, 23494.171247195412, 32622.13185493509
2441.3849999904633, 23494.171247195412, 32622.13185493509
2441.3929998874664, 23494.171247195412, 32622.13185493509
2441.401999950409, 23494.171247195412, 32622.13185493509
2441.409999847412, 23494.171247195412, 32621.674195124768
2441.4199998378754, 23494.171247195412, 32621.674195124768
2441.427999973297, 23494.171247195412, 32621.674195124768
2447.290999889374, 23494.171247195412, 32621.674195124768
2447.301999807358, 23494.171247195412, 32621.674195124768
2447.313999891281, 23494.171247195412, 32621.674195124768
2447.326999902725, 23494.171247195412, 32621.674195124768
2453.428999900818, 23494.171247195412, 32621.674195124768
2453.441999912262, 23494.171247195412, 32620.613972957668
2453.451999902725, 23494.171247195412, 32620.45796455331
2453.4639999866486, 23494.171247195412, 32620.45796455331
2453.4729998111725, 23494.171247195412, 32620.45796455331
2459.3099999427795, 23494.171247195412, 32620.45796455331
2459.3179998397827, 23494.171247195412, 32620.45796455331
2459.329999923706, 23494.171247195412, 32619.825502367796
2459.34099984169, 23494.171247195412, 32619.825502367796
2459.3469998836517, 23494.171247195412, 32619.825502367796
2459.3579998016357, 23494.171247195412, 32619.825502367796
2459.3669998645782, 23494.171247195412, 32619.825502367796
2459.378000020981, 23494.171247195412, 32619.23403664869
2465.053999900818, 23494.171247195412, 32618.79808559778
2465.061999797821, 23494.171247195412, 32618.79808559778
2465.074999809265, 23494.171247195412, 32618.79808559778
2465.082999944687, 23494.171247195412, 32618.79808559778
2465.09299993515, 23494.171247195412, 32618.79808559778
2465.1019999980927, 23494.171247195412, 32618.79808559778
2465.108999967575, 23494.171247195412, 32618.79808559778
2465.1150000095367, 23494.171247195412, 32618.79808559778
2471.151000022888, 23494.171247195412, 32617.984077131063
2471.161999940872, 23494.171247195412, 32617.688375827263
2471.1740000247955, 23494.171247195412, 32617.41136130518
2477.2969999313354, 23494.171247195412, 32617.41136130518
2477.3129999637604, 23494.171247195412, 32617.16667800533
2477.322000026703, 23494.171247195412, 32617.16667800533
2477.330999851227, 23494.171247195412, 32617.16667800533
2477.3389999866486, 23494.171247195412, 32617.16667800533
2477.348999977112, 23494.171247195412, 32617.16667800533
2477.353999853134, 23494.171247195412, 32617.16667800533
2477.3629999160767, 23494.171247195412, 32617.16667800533
2483.013999938965, 23494.171247195412, 32617.16667800533
2483.013999938965, 23494.171247195412, 32617.16667800533
2483.039999961853, 23494.171247195412, 32617.16667800533
2483.0499999523163, 23494.171247195412, 32617.16667800533
2483.0609998703003, 23494.171247195412, 32617.033860151354
2483.0729999542236, 23494.171247195412, 32617.033860151354
2483.082999944687, 23494.171247195412, 32616.90819890449
2483.09099984169, 23494.171247195412, 32616.70587557262
2483.0979998111725, 23494.171247195412, 32616.70587557262
2483.1079998016357, 23494.171247195412, 32616.70587557262
2483.1139998435974, 23494.171247195412, 32616.70587557262
2489.1019999980927, 23494.171247195412, 32616.70587557262
2489.103999853134, 23494.171247195412, 32616.70587557262
2489.103999853134, 23494.171247195412, 32616.137029552305
2489.1269998550415, 23494.171247195412, 32616.137029552305
2489.138000011444, 23494.171247195412, 32616.137029552305
2489.1480000019073, 23494.171247195412, 32616.137029552305
2489.1559998989105, 23494.171247195412, 32616.137029552305
2489.1669998168945, 23494.171247195412, 32616.137029552305
2489.1819999217987, 23494.171247195412, 32615.995220295055
2489.191999912262, 23494.171247195412, 32615.995220295055
2495.103999853134, 23494.171247195412, 32615.903683651963
2495.1129999160767, 23494.171247195412, 32615.903683651963
2495.12099981308, 23494.171247195412, 32615.903683651963
2495.130999803543, 23494.171247195412, 32615.903683651963
2495.1399998664856, 23494.171247195412, 32615.903683651963
2495.151000022888, 23494.171247195412, 32615.903683651963
2501.316999912262, 23494.171247195412, 32615.53661932066
2501.3339998722076, 23494.171247195412, 32613.91766146895
2501.3469998836517, 23494.171247195412, 32613.552416980525
2507.1749999523163, 23494.171247195412, 32613.552416980525
2507.1849999427795, 23494.171247195412, 32613.552416980525
2507.191999912262, 23494.171247195412, 32613.552416980525
2507.199999809265, 23494.171247195412, 32613.552416980525
2507.207000017166, 23494.171247195412, 32613.23178871451
2507.2170000076294, 23494.171247195412, 32613.23178871451
2507.2269999980927, 23494.171247195412, 32613.23178871451
2507.233999967575, 23494.171247195412, 32613.23178871451
2507.2400000095367, 23494.171247195412, 32613.23178871451
2507.2489998340607, 23494.171247195412, 32613.23178871451
2513.2649998664856, 23494.171247195412, 32613.23178871451
2513.274999856949, 23494.171247195412, 32613.23178871451
2513.286999940872, 23494.171247195412, 32613.23178871451
2513.297999858856, 23494.171247195412, 32612.82888550616
2513.309000015259, 23494.171247195412, 32612.82888550616
2513.319999933243, 23494.171247195412, 32612.82888550616
2513.3339998722076, 23494.171247195412, 32612.82888550616
2513.3479998111725, 23494.171247195412, 32612.50332248964
2519.1289999485016, 23494.171247195412, 32612.50332248964
2519.148999929428, 23494.171247195412, 32612.50332248964
2519.1559998989105, 23494.171247195412, 32612.50332248964
2519.164999961853, 23494.171247195412, 32612.50332248964
2519.177999973297, 23494.171247195412, 32612.50332248964
2519.1859998703003, 23494.171247195412, 32612.50332248964
2519.191999912262, 23494.171247195412, 32612.50332248964
2525.234999895096, 23494.171247195412, 32612.50332248964
2525.2379999160767, 23494.171247195412, 32612.50332248964
2525.2569999694824, 23494.171247195412, 32612.50332248964
2525.2679998874664, 23494.171247195412, 32612.50332248964
2525.2779998779297, 23494.171247195412, 32612.50332248964
2525.284999847412, 23494.171247195412, 32612.50332248964
2525.290999889374, 23494.171247195412, 32612.50332248964
2525.2960000038147, 23494.171247195412, 32612.50332248964
2525.303999900818, 23494.171247195412, 32612.50332248964
2531.289999961853, 23494.171247195412, 32611.307654970537
2531.297999858856, 23494.171247195412, 32611.307654970537
2531.3079998493195, 23494.171247195412, 32611.307654970537
2531.319000005722, 23494.171247195412, 32610.70260349747
2531.327999830246, 23494.171247195412, 32610.70260349747
2531.3369998931885, 23494.171247195412, 32610.400102388026
2537.441999912262, 23494.171247195412, 32610.400102388026
2537.4539999961853, 23494.171247195412, 32610.400102388026
2537.4649999141693, 23494.171247195412, 32609.685696048466
2537.4779999256134, 23494.171247195412, 32609.685696048466
2537.4859998226166, 23494.171247195412, 32609.685696048466
2537.494999885559, 23494.171247195412, 32609.685696048466
2537.5009999275208, 23494.171247195412, 32609.685696048466
2537.507999897003, 23494.171247195412, 32609.685696048466
2537.5159997940063, 23494.171247195412, 32609.13642237244
2537.521999835968, 23494.171247195412, 32609.13642237244
2537.5299999713898, 23494.171247195412, 32609.13642237244
2537.5389997959137, 23494.171247195412, 32608.417450914643
2543.822000026703, 23494.171247195412, 32608.417450914643
2543.8369998931885, 23494.171247195412, 32608.417450914643
2543.848999977112, 23494.171247195412, 32607.884323546506
2543.859999895096, 23494.171247195412, 32607.884323546506
2543.8769998550415, 23494.171247195412, 32607.884323546506
2543.8919999599457, 23494.171247195412, 32607.884323546506
2543.9029998779297, 23494.171247195412, 32607.884323546506
2551.0039999485016, 23494.171247195412, 32606.57243123888
2551.0209999084473, 23494.171247195412, 32606.57243123888
2551.034999847412, 23494.171247195412, 32606.37595102277
2551.0439999103546, 23494.171247195412, 32606.37595102277
2557.4779999256134, 23494.171247195412, 32606.37595102277
2557.494999885559, 23494.171247195412, 32605.932891125667
2557.508999824524, 23494.171247195412, 32605.932891125667
2557.5169999599457, 23494.171247195412, 32605.932891125667
2557.526999950409, 23494.171247195412, 32605.85554655668
2557.5360000133514, 23494.171247195412, 32605.85554655668
2563.7279999256134, 23494.171247195412, 32605.252968107667
2563.7359998226166, 23494.171247195412, 32605.08884427945
2563.7400000095367, 23494.171247195412, 32605.08884427945
2563.74799990654, 23494.171247195412, 32605.000002557877
2563.755999803543, 23494.171247195412, 32604.823734371806
2563.763999938965, 23494.171247195412, 32604.823734371806
2563.7699999809265, 23494.171247195412, 32604.823734371806
2563.776000022888, 23494.171247195412, 32604.823734371806
2563.7829999923706, 23494.171247195412, 32604.823734371806
2563.789999961853, 23494.171247195412, 32604.823734371806
2569.7860000133514, 23494.171247195412, 32604.402051885474
2569.7999999523163, 23494.171247195412, 32604.332381867665
2569.8099999427795, 23494.171247195412, 32604.332381867665
2569.822000026703, 23494.171247195412, 32604.332381867665
2569.8289999961853, 23494.171247195412, 32604.332381867665
2569.8349997997284, 23494.171247195412, 32604.332381867665
2569.8449997901917, 23494.171247195412, 32604.332381867665
2569.8509998321533, 23494.171247195412, 32604.332381867665
2569.8579998016357, 23494.171247195412, 32604.332381867665
2569.8659999370575, 23494.171247195412, 32604.332381867665
2569.8769998550415, 23494.171247195412, 32604.332381867665
2575.694999933243, 23494.171247195412, 32604.332381867665
2575.694999933243, 23494.171247195412, 32604.332381867665
2575.7129998207092, 23494.171247195412, 32604.332381867665
2575.7229998111725, 23494.171247195412, 32603.554282599118
2575.731999874115, 23494.171247195412, 32603.554282599118
2581.755999803543, 23494.171247195412, 32602.817886571134
2581.776999950409, 23494.171247195412, 32602.817886571134
2581.784999847412, 23494.171247195412, 32602.817886571134
2581.7949998378754, 23494.171247195412, 32602.817886571134
2581.8049998283386, 23494.171247195412, 32602.817886571134
2581.8179998397827, 23494.171247195412, 32602.817886571134
2581.827999830246, 23494.171247195412, 32602.817886571134
2588.24599981308, 23494.171247195412, 32602.817886571134
2588.263000011444, 23494.171247195412, 32602.817886571134
2588.276000022888, 23494.171247195412, 32601.55035746187
2588.2889997959137, 23494.171247195412, 32601.32814559803
2588.2999999523163, 23494.171247195412, 32601.26718257947
2588.3069999217987, 23494.171247195412, 32601.26718257947
2594.3099999427795, 23494.171247195412, 32601.26718257947
2594.322000026703, 23494.171247195412, 32601.26718257947
2594.332000017166, 23494.171247195412, 32600.835095706272
2594.345999956131, 23494.171247195412, 32600.497808380074
2600.4210000038147, 23494.171247195412, 32600.497808380074
2600.439999818802, 23494.171247195412, 32599.83796049355
2600.4539999961853, 23494.171247195412, 32599.83796049355
2600.4639999866486, 23494.171247195412, 32599.83796049355
2600.4769999980927, 23494.171247195412, 32599.784130827862
2600.486999988556, 23494.171247195412, 32599.784130827862
2600.49599981308, 23494.171247195412, 32599.784130827862
2600.5039999485016, 23494.171247195412, 32599.784130827862
2600.5099999904633, 23494.171247195412, 32599.784130827862
2607.5199999809265, 23494.171247195412, 32598.614946817783
2613.6929998397827, 23494.171247195412, 32598.614946817783
2613.705999851227, 23494.171247195412, 32597.80968801688
2613.7170000076294, 23494.171247195412, 32597.80968801688
2613.728999853134, 23494.171247195412, 32597.80968801688
2613.7389998435974, 23494.171247195412, 32597.487275553827
2613.746999979019, 23494.171247195412, 32597.487275553827
2613.753000020981, 23494.171247195412, 32597.487275553827
2613.758999824524, 23494.171247195412, 32597.487275553827
2613.7659997940063, 23494.171247195412, 32597.487275553827
2619.678999900818, 23494.171247195412, 32597.487275553827
2619.702999830246, 23494.171247195412, 32597.378849738616
2619.7109999656677, 23494.171247195412, 32597.378849738616
2619.720999956131, 23494.171247195412, 32597.378849738616
2619.728999853134, 23494.171247195412, 32597.378849738616
2619.7379999160767, 23494.171247195412, 32597.378849738616
2619.7439999580383, 23494.171247195412, 32597.378849738616
2619.7489998340607, 23494.171247195412, 32597.378849738616
2619.755999803543, 23494.171247195412, 32597.05434602123
2626.1689999103546, 23494.171247195412, 32597.05434602123
2626.176999807358, 23494.171247195412, 32597.05434602123
2626.190999984741, 23494.171247195412, 32597.05434602123
2626.2009999752045, 23494.171247195412, 32597.05434602123
2626.2089998722076, 23494.171247195412, 32597.05434602123
2626.2170000076294, 23494.171247195412, 32597.05434602123
2626.2269999980927, 23494.171247195412, 32596.578942089018
2631.9199998378754, 23494.171247195412, 32595.901599604003
2631.9379999637604, 23494.171247195412, 32595.55367934366
2631.9509999752045, 23494.171247195412, 32595.55367934366
2631.9639999866486, 23494.171247195412, 32595.55367934366
2631.9729998111725, 23494.171247195412, 32595.55367934366
2631.981999874115, 23494.171247195412, 32595.38823971621
2638.0569999217987, 23494.171247195412, 32595.38823971621
2638.069999933243, 23494.171247195412, 32595.38823971621
2638.082999944687, 23494.171247195412, 32595.38823971621
2638.0920000076294, 23494.171247195412, 32594.84243325344
2638.103999853134, 23494.171247195412, 32594.84243325344
2638.1150000095367, 23494.171247195412, 32594.524798985905
2644.2949998378754, 23494.171247195412, 32594.524798985905
2644.2949998378754, 23494.171247195412, 32594.524798985905
2644.322000026703, 23494.171247195412, 32594.257463680264
2644.3349997997284, 23494.171247195412, 32594.257463680264
2650.0869998931885, 23494.171247195412, 32594.257463680264
2650.0969998836517, 23494.171247195412, 32594.257463680264
2650.108999967575, 23494.171247195412, 32594.257463680264
2650.12299990654, 23494.171247195412, 32594.257463680264
2650.132999897003, 23494.171247195412, 32594.257463680264
2650.1409997940063, 23494.171247195412, 32594.257463680264
2650.1480000019073, 23494.171247195412, 32594.257463680264
2650.1559998989105, 23494.171247195412, 32594.257463680264
2650.1639997959137, 23494.171247195412, 32594.257463680264
2650.172999858856, 23494.171247195412, 32594.257463680264
2656.1929998397827, 23494.171247195412, 32594.257463680264
2656.1979999542236, 23494.171247195412, 32594.017217132274
2656.218999862671, 23494.171247195412, 32594.017217132274
2656.228999853134, 23494.171247195412, 32594.017217132274
2656.2359998226166, 23494.171247195412, 32594.017217132274
2661.9779999256134, 23494.171247195412, 32594.017217132274
2661.9809999465942, 23494.171247195412, 32594.017217132274
2661.9919998645782, 23494.171247195412, 32593.82768991115
2662.0019998550415, 23494.171247195412, 32593.135829660976
2662.008999824524, 23494.171247195412, 32593.135829660976
2662.018999814987, 23494.171247195412, 32593.135829660976
2662.0289998054504, 23494.171247195412, 32593.135829660976
2662.0389997959137, 23494.171247195412, 32593.135829660976
2668.0869998931885, 23494.171247195412, 32593.135829660976
2668.1050000190735, 23494.171247195412, 32593.135829660976
2668.117999792099, 23494.171247195412, 32593.135829660976
2668.1259999275208, 23494.171247195412, 32592.123697876177
2674.2949998378754, 23494.171247195412, 32592.123697876177
2674.3049998283386, 23494.171247195412, 32592.123697876177
2674.314999818802, 23494.171247195412, 32592.123697876177
2674.319999933243, 23494.171247195412, 32592.123697876177
2674.3289999961853, 23494.171247195412, 32592.123697876177
2674.34299993515, 23494.171247195412, 32592.123697876177
2674.3529999256134, 23494.171247195412, 32592.123697876177
2674.3609998226166, 23494.171247195412, 32592.123697876177
2680.478999853134, 23494.171247195412, 32590.907431910688
2680.4879999160767, 23494.171247195412, 32590.907431910688
2680.503000020981, 23494.171247195412, 32590.907431910688
2680.5159997940063, 23494.171247195412, 32590.907431910688
2686.5729999542236, 23494.171247195412, 32590.18692431247
2686.582999944687, 23494.171247195412, 32590.18692431247
2692.638999938965, 23494.171247195412, 32590.18692431247
2692.651000022888, 23494.171247195412, 32590.18692431247
2692.661999940872, 23494.171247195412, 32590.18692431247
2692.6710000038147, 23494.171247195412, 32590.18692431247
2692.6829998493195, 23494.171247195412, 32590.18692431247
2692.691999912262, 23494.171247195412, 32590.18692431247
2692.6989998817444, 23494.171247195412, 32589.822809060093
2692.704999923706, 23494.171247195412, 32589.822809060093
2692.7109999656677, 23494.171247195412, 32589.822809060093
2692.720999956131, 23494.171247195412, 32589.822809060093
2692.7279999256134, 23494.171247195412, 32589.822809060093
2692.7359998226166, 23494.171247195412, 32589.822809060093
2692.744999885559, 23494.171247195412, 32589.822809060093
2698.457999944687, 23494.171247195412, 32588.39556499659
2698.4719998836517, 23494.171247195412, 32588.39556499659
2698.483999967575, 23494.171247195412, 32588.39556499659
2698.49599981308, 23494.171247195412, 32588.39556499659
2698.503000020981, 23494.171247195412, 32588.39556499659
2698.513999938965, 23494.171247195412, 32588.344510035775
2698.526000022888, 23494.171247195412, 32588.344510035775
2698.534999847412, 23494.171247195412, 32588.231026794587
2704.753000020981, 23494.171247195412, 32588.231026794587
2704.753000020981, 23494.171247195412, 32588.231026794587
2704.774999856949, 23494.171247195412, 32588.182253731975
2704.7839999198914, 23494.171247195412, 32587.87934915081
2710.7129998207092, 23494.171247195412, 32587.87934915081
2710.723999977112, 23494.171247195412, 32587.87934915081
2710.7359998226166, 23494.171247195412, 32587.87934915081
2710.742999792099, 23494.171247195412, 32587.87934915081
2710.75, 23494.171247195412, 32587.87934915081
2710.763000011444, 23494.171247195412, 32587.87934915081
2710.776000022888, 23494.171247195412, 32587.121429340623
2717.135999917984, 23494.171247195412, 32586.88012021893
2717.146999835968, 23494.171247195412, 32586.88012021893
2717.1539998054504, 23494.171247195412, 32586.88012021893
2717.165999889374, 23494.171247195412, 32586.667126971795
2717.1749999523163, 23494.171247195412, 32586.667126971795
2717.1859998703003, 23494.171247195412, 32586.667126971795
2723.2679998874664, 23494.171247195412, 32586.667126971795
2723.2889997959137, 23494.171247195412, 32586.667126971795
2723.300999879837, 23494.171247195412, 32585.851410874184
2723.3109998703003, 23494.171247195412, 32585.851410874184
2723.322000026703, 23494.171247195412, 32585.851410874184
2729.7509999275208, 23494.171247195412, 32585.851410874184
2729.760999917984, 23494.171247195412, 32584.85770807043
2729.768999814987, 23494.171247195412, 32584.147109805752
2729.7789998054504, 23494.171247195412, 32584.147109805752
2736.039999961853, 23494.171247195412, 32583.61354921207
2736.0599999427795, 23494.171247195412, 32583.61354921207
2736.069999933243, 23494.171247195412, 32583.61354921207
2742.574999809265, 23494.171247195412, 32583.019263600232
2742.5849997997284, 23494.171247195412, 32583.019263600232
2742.5949997901917, 23494.171247195412, 32583.019263600232
2742.6050000190735, 23494.171247195412, 32583.019263600232
2742.6129999160767, 23494.171247195412, 32583.019263600232
2742.6189999580383, 23494.171247195412, 32583.019263600232
2742.6259999275208, 23494.171247195412, 32583.019263600232
2742.630999803543, 23494.171247195412, 32583.019263600232
2742.6369998455048, 23494.171247195412, 32583.019263600232
2742.6459999084473, 23494.171247195412, 32583.019263600232
2742.6549999713898, 23494.171247195412, 32582.551113080703
2742.661999940872, 23494.171247195412, 32582.551113080703
2742.6699998378754, 23494.171247195412, 32582.004596573308
2748.5579998493195, 23494.171247195412, 32582.004596573308
2748.569999933243, 23494.171247195412, 32582.004596573308
2748.579999923706, 23494.171247195412, 32582.004596573308
2748.595999956131, 23494.171247195412, 32582.004596573308
2748.6059999465942, 23494.171247195412, 32582.004596573308
2748.6129999160767, 23494.171247195412, 32582.004596573308
2755.0, 23494.171247195412, 32580.724695421224
2755.007999897003, 23494.171247195412, 32580.724695421224
2755.0159997940063, 23494.171247195412, 32580.724695421224
2755.026000022888, 23494.171247195412, 32580.598865737706
2755.037999868393, 23494.171247195412, 32579.816875491295
2755.0439999103546, 23494.171247195412, 32579.816875491295
2755.0490000247955, 23494.171247195412, 32579.816875491295
2755.0549998283386, 23494.171247195412, 32579.816875491295
2755.0609998703003, 23494.171247195412, 32579.816875491295
2755.069999933243, 23494.171247195412, 32579.66018646649
2761.577999830246, 23494.171247195412, 32579.25679748894
2761.5879998207092, 23494.171247195412, 32578.897636092945
2761.6009998321533, 23494.171247195412, 32578.81323560535
2761.6139998435974, 23494.171247195412, 32578.81323560535
2761.625, 23494.171247195412, 32578.59848602216
2761.635999917984, 23494.171247195412, 32578.486177602488
2768.0209999084473, 23494.171247195412, 32578.486177602488
2768.0309998989105, 23494.171247195412, 32578.486177602488
2768.042999982834, 23494.171247195412, 32578.46594777792
2768.052999973297, 23494.171247195412, 32578.46594777792
2768.066999912262, 23494.171247195412, 32578.46594777792
2768.0789999961853, 23494.171247195412, 32578.46594777792
2768.0889999866486, 23494.171247195412, 32578.46594777792
2774.611999988556, 23494.171247195412, 32577.54036514035
2774.6259999275208, 23494.171247195412, 32577.54036514035
2774.638000011444, 23494.171247195412, 32577.383368698243
2774.651999950409, 23494.171247195412, 32577.295668806742
2774.6610000133514, 23494.171247195412, 32577.295668806742
2774.6699998378754, 23494.171247195412, 32577.295668806742
2774.677999973297, 23494.171247195412, 32577.295668806742
2774.686999797821, 23494.171247195412, 32577.226876249795
2780.3529999256134, 23494.171247195412, 32576.514049036614
2780.358999967575, 23494.171247195412, 32576.514049036614
2780.3650000095367, 23494.171247195412, 32576.514049036614
2780.3789999485016, 23494.171247195412, 32576.514049036614
2780.3929998874664, 23494.171247195412, 32576.514049036614
2780.4039998054504, 23494.171247195412, 32576.514049036614
2780.411999940872, 23494.171247195412, 32576.28243443915
2786.5209999084473, 23494.171247195412, 32576.28243443915
2786.5329999923706, 23494.171247195412, 32576.28243443915
2786.540999889374, 23494.171247195412, 32576.28243443915
2786.550999879837, 23494.171247195412, 32576.17631423122
2786.5569999217987, 23494.171247195412, 32576.17631423122
2786.565999984741, 23494.171247195412, 32576.17631423122
2786.5759999752045, 23494.171247195412, 32575.67444824538
2792.59299993515, 23494.171247195412, 32575.67444824538
2792.5999999046326, 23494.171247195412, 32575.67444824538
2792.617999792099, 23494.171247195412, 32575.67444824538
2792.6289999485016, 23494.171247195412, 32575.67444824538
2792.638000011444, 23494.171247195412, 32575.67444824538
2792.651999950409, 23494.171247195412, 32575.67444824538
2792.659999847412, 23494.171247195412, 32575.297064162325
2792.667999982834, 23494.171247195412, 32575.297064162325
2798.7949998378754, 23494.171247195412, 32575.297064162325
2798.809000015259, 23494.171247195412, 32575.297064162325
2798.8179998397827, 23494.171247195412, 32575.297064162325
2798.827999830246, 23494.171247195412, 32575.297064162325
2798.8399999141693, 23494.171247195412, 32575.121101761844
2798.8509998321533, 23494.171247195412, 32575.121101761844
2798.8559999465942, 23494.171247195412, 32575.121101761844
2798.861999988556, 23494.171247195412, 32575.121101761844
2798.871999979019, 23494.171247195412, 32575.121101761844
2798.883999824524, 23494.171247195412, 32575.121101761844
2798.8929998874664, 23494.171247195412, 32575.121101761844
2798.9029998779297, 23494.171247195412, 32575.121101761844
2798.909999847412, 23494.171247195412, 32575.121101761844
2798.9199998378754, 23494.171247195412, 32575.121101761844
2798.926999807358, 23494.171247195412, 32574.890504096587
2798.9329998493195, 23494.171247195412, 32574.890504096587
2798.9379999637604, 23494.171247195412, 32574.890504096587
2805.1009998321533, 23494.171247195412, 32574.890504096587
2805.111999988556, 23494.171247195412, 32574.890504096587
2805.12099981308, 23494.171247195412, 32574.890504096587
2805.1299998760223, 23494.171247195412, 32574.057696151438
2805.135999917984, 23494.171247195412, 32574.057696151438
2805.1429998874664, 23494.171247195412, 32574.057696151438
2805.151000022888, 23494.171247195412, 32574.057696151438
2811.3369998931885, 23494.171247195412, 32574.057696151438
2811.3389999866486, 23494.171247195412, 32574.057696151438
2811.356999874115, 23494.171247195412, 32574.057696151438
2811.3669998645782, 23494.171247195412, 32574.057696151438
2817.7949998378754, 23494.171247195412, 32573.160171649564
2817.8079998493195, 23494.171247195412, 32573.160171649564
2817.8229999542236, 23494.171247195412, 32573.160171649564
2817.8349997997284, 23494.171247195412, 32573.160171649564
2817.8469998836517, 23494.171247195412, 32572.238367980073
2824.327999830246, 23494.171247195412, 32572.238367980073
2824.348999977112, 23494.171247195412, 32572.166541781302
2824.3639998435974, 23494.171247195412, 32572.166541781302
2824.37299990654, 23494.171247195412, 32572.166541781302
2824.3799998760223, 23494.171247195412, 32572.166541781302
2824.3869998455048, 23494.171247195412, 32572.166541781302
2824.393999814987, 23494.171247195412, 32572.166541781302
2824.399999856949, 23494.171247195412, 32572.166541781302
2824.4059998989105, 23494.171247195412, 32572.166541781302
2824.4139997959137, 23494.171247195412, 32572.166541781302
2830.830999851227, 23494.171247195412, 32571.848410147228
2830.8479998111725, 23494.171247195412, 32571.848410147228
2830.8659999370575, 23494.171247195412, 32571.848410147228
2830.875, 23494.171247195412, 32571.848410147228
2830.888999938965, 23494.171247195412, 32571.848410147228
2830.901999950409, 23494.171247195412, 32571.693766181495
2837.268999814987, 23494.171247195412, 32571.693766181495
2837.2819998264313, 23494.171247195412, 32571.693766181495
2837.2969999313354, 23494.171247195412, 32571.693766181495
2837.3099999427795, 23494.171247195412, 32571.693766181495
2837.322000026703, 23494.171247195412, 32570.939796704308
2843.723999977112, 23494.171247195412, 32570.671778014173
2843.7389998435974, 23494.171247195412, 32570.671778014173
2843.7489998340607, 23494.171247195412, 32570.671778014173
2843.7599999904633, 23494.171247195412, 32570.671778014173
2843.7659997940063, 23494.171247195412, 32570.671778014173
2843.771999835968, 23494.171247195412, 32570.671778014173
2843.7809998989105, 23494.171247195412, 32570.671778014173
2843.7889997959137, 23494.171247195412, 32570.671778014173
2843.7960000038147, 23494.171247195412, 32570.671778014173
2843.803999900818, 23494.171247195412, 32570.671778014173
2843.8099999427795, 23494.171247195412, 32570.671778014173
2843.8179998397827, 23494.171247195412, 32570.671778014173
2850.117999792099, 23494.171247195412, 32570.671778014173
2850.138000011444, 23494.171247195412, 32570.671778014173
2850.1480000019073, 23494.171247195412, 32570.671778014173
2850.159999847412, 23494.171247195412, 32569.065513310543
2850.1699998378754, 23494.171247195412, 32569.065513310543
2850.177999973297, 23494.171247195412, 32569.065513310543
2850.1849999427795, 23494.171247195412, 32569.065513310543
2850.194999933243, 23494.171247195412, 32569.065513310543
2856.4319999217987, 23494.171247195412, 32569.065513310543
2856.4489998817444, 23494.171247195412, 32569.065513310543
2856.457999944687, 23494.171247195412, 32569.065513310543
2856.468999862671, 23494.171247195412, 32569.065513310543
2856.4759998321533, 23494.171247195412, 32568.310893149486
2856.483999967575, 23494.171247195412, 32568.310893149486
2856.492999792099, 23494.171247195412, 32568.310893149486
2856.503000020981, 23494.171247195412, 32568.310893149486
2856.5149998664856, 23494.171247195412, 32568.310893149486
2856.5319998264313, 23494.171247195412, 32568.310893149486
2862.7419998645782, 23494.171247195412, 32567.9691692713
2862.7489998340607, 23494.171247195412, 32567.9691692713
2862.7599999904633, 23494.171247195412, 32566.9258683908
2862.7709999084473, 23494.171247195412, 32566.9258683908
2862.7819998264313, 23494.171247195412, 32566.9258683908
2868.755999803543, 23494.171247195412, 32566.9258683908
2868.7649998664856, 23494.171247195412, 32566.9258683908
2868.773999929428, 23494.171247195412, 32566.9258683908
2868.7789998054504, 23494.171247195412, 32566.9258683908
2868.786999940872, 23494.171247195412, 32566.9258683908
2868.7939999103546, 23494.171247195412, 32566.9258683908
2868.7990000247955, 23494.171247195412, 32566.9258683908
2868.805999994278, 23494.171247195412, 32566.9258683908
2868.813999891281, 23494.171247195412, 32566.9258683908
2868.824999809265, 23494.171247195412, 32566.9258683908
2868.8349997997284, 23494.171247195412, 32566.420116976868
2868.84299993515, 23494.171247195412, 32566.420116976868
2875.234999895096, 23494.171247195412, 32566.323715259372
2875.24599981308, 23494.171247195412, 32566.323715259372
2875.255999803543, 23494.171247195412, 32566.323715259372
2875.2649998664856, 23494.171247195412, 32566.323715259372
2875.271999835968, 23494.171247195412, 32566.323715259372
2875.2809998989105, 23494.171247195412, 32566.323715259372
2875.2919998168945, 23494.171247195412, 32566.122000615153
2875.2999999523163, 23494.171247195412, 32566.122000615153
2881.5579998493195, 23494.171247195412, 32566.122000615153
2881.5739998817444, 23494.171247195412, 32565.988173367994
2881.582999944687, 23494.171247195412, 32565.94945361291
2881.5889999866486, 23494.171247195412, 32565.94945361291
2881.595999956131, 23494.171247195412, 32565.94945361291
2881.606999874115, 23494.171247195412, 32565.94945361291
2881.6169998645782, 23494.171247195412, 32565.94945361291
2881.6269998550415, 23494.171247195412, 32565.94945361291
2881.6369998455048, 23494.171247195412, 32565.94945361291
2888.188999891281, 23494.171247195412, 32565.602533120753
2888.201999902725, 23494.171247195412, 32565.602533120753
2888.207999944687, 23494.171247195412, 32565.602533120753
2888.2149999141693, 23494.171247195412, 32565.602533120753
2888.2259998321533, 23494.171247195412, 32565.602533120753
2888.234999895096, 23494.171247195412, 32565.602533120753
2888.242999792099, 23494.171247195412, 32565.22560422365
2888.25, 23494.171247195412, 32565.22560422365
2888.255999803543, 23494.171247195412, 32565.22560422365
2888.263999938965, 23494.171247195412, 32565.217738897107
2894.6159999370575, 23494.171247195412, 32564.442843441913
2894.6239998340607, 23494.171247195412, 32564.442843441913
2894.6299998760223, 23494.171247195412, 32564.442843441913
2894.638999938965, 23494.171247195412, 32564.442843441913
2894.6480000019073, 23494.171247195412, 32564.442843441913
2894.6569998264313, 23494.171247195412, 32564.442843441913
2894.664999961853, 23494.171247195412, 32564.442843441913
2894.6719999313354, 23494.171247195412, 32564.442843441913
2894.678999900818, 23494.171247195412, 32564.442843441913
2894.6859998703003, 23494.171247195412, 32564.442843441913
2894.6929998397827, 23494.171247195412, 32564.37322889216
2894.6979999542236, 23494.171247195412, 32564.37322889216
2894.704999923706, 23494.171247195412, 32564.27955070286
2901.0839998722076, 23494.171247195412, 32564.27955070286
2901.09299993515, 23494.171247195412, 32564.27955070286
2901.1019999980927, 23494.171247195412, 32563.913471297037
2901.1129999160767, 23494.171247195412, 32563.913471297037
2901.121999979019, 23494.171247195412, 32563.913471297037
2901.1289999485016, 23494.171247195412, 32563.913471297037
2901.138999938965, 23494.171247195412, 32563.913471297037
2901.149999856949, 23494.171247195412, 32563.913471297037
2901.161999940872, 23494.171247195412, 32563.76502696779
2907.632999897003, 23494.171247195412, 32563.435927433726
2907.6449999809265, 23494.171247195412, 32563.435927433726
2907.6569998264313, 23494.171247195412, 32563.435927433726
2913.789999961853, 23494.171247195412, 32563.435927433726
2913.8079998493195, 23494.171247195412, 32563.435927433726
2920.21799993515, 23494.171247195412, 32563.435927433726
2920.2249999046326, 23494.171247195412, 32563.435927433726
2920.2359998226166, 23494.171247195412, 32562.5011067713
2920.246999979019, 23494.171247195412, 32562.5011067713
2920.257999897003, 23494.171247195412, 32562.5011067713
2920.263999938965, 23494.171247195412, 32562.5011067713
2920.271999835968, 23494.171247195412, 32562.5011067713
2926.6829998493195, 23494.171247195412, 32562.287394478393
2926.694000005722, 23494.171247195412, 32562.287394478393
2926.707000017166, 23494.171247195412, 32562.2399775689
2926.7170000076294, 23494.171247195412, 32562.2399775689
2926.731999874115, 23494.171247195412, 32562.2399775689
2926.744999885559, 23494.171247195412, 32562.2399775689
2926.753000020981, 23494.171247195412, 32562.2399775689
2926.760999917984, 23494.171247195412, 32562.2399775689
2933.0329999923706, 23494.171247195412, 32562.2399775689
2933.0469999313354, 23494.171247195412, 32562.138015345907
2933.0609998703003, 23494.171247195412, 32562.138015345907
2933.0709998607635, 23494.171247195412, 32562.138015345907
2933.080999851227, 23494.171247195412, 32562.138015345907
2933.0869998931885, 23494.171247195412, 32562.138015345907
2939.628000020981, 23494.171247195412, 32562.138015345907
2939.638999938965, 23494.171247195412, 32562.138015345907
2939.651000022888, 23494.171247195412, 32562.138015345907
2939.659999847412, 23494.171247195412, 32562.138015345907
2939.6689999103546, 23494.171247195412, 32562.138015345907
2939.676999807358, 23494.171247195412, 32562.03829578266
2939.684000015259, 23494.171247195412, 32562.03829578266
2939.6929998397827, 23494.171247195412, 32562.03829578266
2939.701999902725, 23494.171247195412, 32562.03829578266
2939.707999944687, 23494.171247195412, 32562.03829578266
2939.7149999141693, 23494.171247195412, 32562.03829578266
2939.720999956131, 23494.171247195412, 32562.03829578266
2939.7300000190735, 23494.171247195412, 32562.03829578266
2946.066999912262, 23494.171247195412, 32561.430036239613
2946.0859999656677, 23494.171247195412, 32561.430036239613
2946.0920000076294, 23494.171247195412, 32561.430036239613
2946.0999999046326, 23494.171247195412, 32561.430036239613
2946.106999874115, 23494.171247195412, 32561.430036239613
2946.1150000095367, 23494.171247195412, 32561.430036239613
2946.1239998340607, 23494.171247195412, 32561.430036239613
2946.1319999694824, 23494.171247195412, 32561.430036239613
2946.138000011444, 23494.171247195412, 32561.430036239613
2946.143999814987, 23494.171247195412, 32561.430036239613
2946.151000022888, 23494.171247195412, 32561.430036239613
2946.1569998264313, 23494.171247195412, 32561.430036239613
2946.162999868393, 23494.171247195412, 32561.430036239613
2946.1699998378754, 23494.171247195412, 32561.430036239613
2946.176999807358, 23494.171247195412, 32561.430036239613
2946.1829998493195, 23494.171247195412, 32561.430036239613
2952.5569999217987, 23494.171247195412, 32561.430036239613
2952.5739998817444, 23494.171247195412, 32560.96595147679
2952.5739998817444, 23494.171247195412, 32560.479143887915
2952.5920000076294, 23494.171247195412, 32560.479143887915
2958.8739998340607, 23494.171247195412, 32560.479143887915
2958.882999897003, 23494.171247195412, 32560.479143887915
2958.893999814987, 23494.171247195412, 32560.479143887915
2958.901000022888, 23494.171247195412, 32560.479143887915
2958.9079999923706, 23494.171247195412, 32560.458771122765
2958.917999982834, 23494.171247195412, 32560.458771122765
2958.9240000247955, 23494.171247195412, 32560.458771122765
2958.930999994278, 23494.171247195412, 32560.458771122765
2958.9359998703003, 23494.171247195412, 32560.458771122765
2958.944000005722, 23494.171247195412, 32560.458771122765
2958.9509999752045, 23494.171247195412, 32559.688473972088
2958.9589998722076, 23494.171247195412, 32559.688473972088
2958.96799993515, 23494.171247195412, 32559.688473972088
2965.128000020981, 23494.171247195412, 32559.66399307842
2965.1319999694824, 23494.171247195412, 32559.66399307842
2965.149999856949, 23494.171247195412, 32559.280052371138
2965.1579999923706, 23494.171247195412, 32559.280052371138
2965.165999889374, 23494.171247195412, 32559.280052371138
2965.1749999523163, 23494.171247195412, 32559.280052371138
2965.1849999427795, 23494.171247195412, 32558.95951747237
2971.9319999217987, 23494.171247195412, 32558.39036203125
2971.955999851227, 23494.171247195412, 32558.39036203125
2971.96799993515, 23494.171247195412, 32558.39036203125
2971.9759998321533, 23494.171247195412, 32558.39036203125
2971.983999967575, 23494.171247195412, 32558.39036203125
2971.9909999370575, 23494.171247195412, 32558.39036203125
2971.99799990654, 23494.171247195412, 32558.39036203125
2972.0069999694824, 23494.171247195412, 32558.172419002225
2972.0159997940063, 23494.171247195412, 32558.172419002225
2972.0279998779297, 23494.171247195412, 32557.778287523906
2979.0329999923706, 23494.171247195412, 32557.69306389547
2979.0449998378754, 23494.171247195412, 32557.69306389547
2979.055999994278, 23494.171247195412, 32557.69306389547
2979.064999818802, 23494.171247195412, 32557.69306389547
2979.0729999542236, 23494.171247195412, 32557.69306389547
2979.0789999961853, 23494.171247195412, 32557.69306389547
2979.0869998931885, 23494.171247195412, 32557.69306389547
2979.093999862671, 23494.171247195412, 32557.69306389547
2979.1050000190735, 23494.171247195412, 32557.69306389547
2985.322000026703, 23494.171247195412, 32557.0309208841
2985.3389999866486, 23494.171247195412, 32557.0309208841
2985.3389999866486, 23494.171247195412, 32557.0309208841
2985.358999967575, 23494.171247195412, 32557.0309208841
2985.3659999370575, 23494.171247195412, 32557.0309208841
2985.371999979019, 23494.171247195412, 32557.0309208841
2985.3799998760223, 23494.171247195412, 32557.0309208841
2985.385999917984, 23494.171247195412, 32557.0309208841
2985.396999835968, 23494.171247195412, 32556.594049783555
2985.4049999713898, 23494.171247195412, 32556.594049783555
2991.786999940872, 23494.171247195412, 32556.594049783555
2991.802999973297, 23494.171247195412, 32556.594049783555
2991.803999900818, 23494.171247195412, 32556.438682650918
2991.819999933243, 23494.171247195412, 32556.347007515473
2991.832000017166, 23494.171247195412, 32556.299950875225
2991.845999956131, 23494.171247195412, 32556.209448205325
2998.486999988556, 23494.171247195412, 32556.209448205325
2998.486999988556, 23494.171247195412, 32556.209448205325
2998.5039999485016, 23494.171247195412, 32556.209448205325
2998.5099999904633, 23494.171247195412, 32556.209448205325
2998.518999814987, 23494.171247195412, 32556.209448205325
2998.526999950409, 23494.171247195412, 32556.209448205325
2998.5339999198914, 23494.171247195412, 32556.209448205325
2998.542999982834, 23494.171247195412, 32556.209448205325
2998.551999807358, 23494.171247195412, 32556.209448205325
3005.3479998111725, 23494.171247195412, 32555.52390908413
3005.3669998645782, 23494.171247195412, 32555.190859698752
3011.7119998931885, 23494.171247195412, 32554.77136780366
3011.7229998111725, 23494.171247195412, 32554.77136780366
3011.7300000190735, 23494.171247195412, 32554.77136780366
3011.7419998645782, 23494.171247195412, 32554.77136780366
3018.401999950409, 23494.171247195412, 32554.77136780366
3018.4049999713898, 23494.171247195412, 32554.77136780366
3018.4210000038147, 23494.171247195412, 32554.77136780366
3018.4299998283386, 23494.171247195412, 32554.77136780366
3018.436999797821, 23494.171247195412, 32554.77136780366
3018.444000005722, 23494.171247195412, 32554.196825191033
3018.4509999752045, 23494.171247195412, 32554.196825191033
3018.457999944687, 23494.171247195412, 32554.196825191033
3018.4670000076294, 23494.171247195412, 32554.196825191033
3018.4759998321533, 23494.171247195412, 32554.196825191033
3018.483999967575, 23494.171247195412, 32554.196825191033
3018.4900000095367, 23494.171247195412, 32554.196825191033
3018.496999979019, 23494.171247195412, 32554.196825191033
3018.5039999485016, 23494.171247195412, 32554.196825191033
3018.5099999904633, 23494.171247195412, 32554.196825191033
3024.8389999866486, 23494.171247195412, 32554.196825191033
3024.8509998321533, 23494.171247195412, 32553.219248032467
3031.3519999980927, 23494.171247195412, 32553.219248032467
3031.3739998340607, 23494.171247195412, 32553.219248032467
3031.385999917984, 23494.171247195412, 32553.219248032467
3031.3959999084473, 23494.171247195412, 32553.219248032467
3031.4029998779297, 23494.171247195412, 32553.219248032467
3031.411999940872, 23494.171247195412, 32553.219248032467
3031.422999858856, 23494.171247195412, 32553.219248032467
3037.6150000095367, 23494.171247195412, 32553.219248032467
3037.62299990654, 23494.171247195412, 32553.219248032467
3037.630999803543, 23494.171247195412, 32553.219248032467
3037.6429998874664, 23494.171247195412, 32552.528685228626
3037.6529998779297, 23494.171247195412, 32552.528685228626
3037.664999961853, 23494.171247195412, 32552.528685228626
3037.6719999313354, 23494.171247195412, 32552.528685228626
3037.6819999217987, 23494.171247195412, 32552.528685228626
3037.688999891281, 23494.171247195412, 32552.528685228626
3037.694999933243, 23494.171247195412, 32552.528685228626
3037.701999902725, 23494.171247195412, 32552.528685228626
3037.707999944687, 23494.171247195412, 32552.528685228626
3037.71599984169, 23494.171247195412, 32552.48775340334
3037.7229998111725, 23494.171247195412, 32552.48775340334
3037.7279999256134, 23494.171247195412, 32552.48775340334
3037.734999895096, 23494.171247195412, 32552.48775340334
3037.7419998645782, 23494.171247195412, 32552.48775340334
3037.7519998550415, 23494.171247195412, 32552.48775340334
3037.7569999694824, 23494.171247195412, 32552.48775340334
3043.9879999160767, 23494.171247195412, 32552.48775340334
3044.0019998550415, 23494.171247195412, 32552.48775340334
3044.010999917984, 23494.171247195412, 32552.48775340334
3044.021999835968, 23494.171247195412, 32552.48775340334
3044.0309998989105, 23494.171247195412, 32552.48775340334
3044.037999868393, 23494.171247195412, 32551.41107287694
3044.0469999313354, 23494.171247195412, 32551.41107287694
3044.0549998283386, 23494.171247195412, 32551.41107287694
3044.064999818802, 23494.171247195412, 32551.20385365979
3050.763000011444, 23494.171247195412, 32551.20385365979
3050.774999856949, 23494.171247195412, 32551.069675893825
3050.7809998989105, 23494.171247195412, 32551.069675893825
3050.787999868393, 23494.171247195412, 32551.069675893825
3050.7939999103546, 23494.171247195412, 32551.069675893825
3050.800999879837, 23494.171247195412, 32550.631549749163
3057.3929998874664, 23494.171247195412, 32550.385927756477
3057.4029998779297, 23494.171247195412, 32550.385927756477
3057.4089999198914, 23494.171247195412, 32550.385927756477
3057.414999961853, 23494.171247195412, 32550.385927756477
3057.4219999313354, 23494.171247195412, 32550.315503669633
3057.4319999217987, 23494.171247195412, 32549.99683739088
3057.441999912262, 23494.171247195412, 32549.964779840175
3063.996999979019, 23494.171247195412, 32549.964779840175
3064.0119998455048, 23494.171247195412, 32549.964779840175
3064.0209999084473, 23494.171247195412, 32549.964779840175
3064.0339999198914, 23494.171247195412, 32549.964779840175
3064.040999889374, 23494.171247195412, 32549.964779840175
3064.0469999313354, 23494.171247195412, 32549.964779840175
3064.055999994278, 23494.171247195412, 32549.213766133278
3070.576999902725, 23494.171247195412, 32549.10017124167
3070.576999902725, 23494.171247195412, 32549.10017124167
3070.59099984169, 23494.171247195412, 32549.10017124167
3070.6019999980927, 23494.171247195412, 32549.10017124167
3070.6150000095367, 23494.171247195412, 32549.10017124167
3070.6239998340607, 23494.171247195412, 32549.10017124167
3077.244999885559, 23494.171247195412, 32548.302092296224
3077.263999938965, 23494.171247195412, 32548.302092296224
3077.2799999713898, 23494.171247195412, 32548.302092296224
3077.2889997959137, 23494.171247195412, 32548.302092296224
3077.2960000038147, 23494.171247195412, 32548.302092296224
3077.305999994278, 23494.171247195412, 32548.302092296224
3077.3179998397827, 23494.171247195412, 32548.302092296224
3077.326999902725, 23494.171247195412, 32548.302092296224
3077.3349997997284, 23494.171247195412, 32547.979531959834
3077.343999862671, 23494.171247195412, 32547.472167339958
3083.893999814987, 23494.171247195412, 32546.698106037744
3083.915999889374, 23494.171247195412, 32546.698106037744
3083.9299998283386, 23494.171247195412, 32546.5516228281
3090.4879999160767, 23494.171247195412, 32546.5516228281
3090.5019998550415, 23494.171247195412, 32546.214959152254
3090.5159997940063, 23494.171247195412, 32546.101431108505
3090.526999950409, 23494.171247195412, 32546.101431108505
3090.5339999198914, 23494.171247195412, 32546.101431108505
3090.540999889374, 23494.171247195412, 32546.101431108505
3090.5499999523163, 23494.171247195412, 32546.101431108505
3090.5599999427795, 23494.171247195412, 32546.101431108505
3090.566999912262, 23494.171247195412, 32546.101431108505
3097.3069999217987, 23494.171247195412, 32546.101431108505
3097.319000005722, 23494.171247195412, 32546.101431108505
3097.330999851227, 23494.171247195412, 32546.101431108505
3097.345999956131, 23494.171247195412, 32546.101431108505
3097.353999853134, 23494.171247195412, 32546.101431108505
3097.3629999160767, 23494.171247195412, 32546.101431108505
3097.371999979019, 23494.171247195412, 32546.101431108505
3097.382999897003, 23494.171247195412, 32546.101431108505
3103.7699999809265, 23494.171247195412, 32546.101431108505
3103.7839999198914, 23494.171247195412, 32546.101431108505
3103.7960000038147, 23494.171247195412, 32546.101431108505
3103.8079998493195, 23494.171247195412, 32546.101431108505
3103.815999984741, 23494.171247195412, 32546.101431108505
3110.4719998836517, 23494.171247195412, 32546.101431108505
3110.4879999160767, 23494.171247195412, 32546.101431108505
3110.503000020981, 23494.171247195412, 32546.101431108505
3110.5169999599457, 23494.171247195412, 32546.101431108505
3110.5279998779297, 23494.171247195412, 32546.101431108505
3110.536999940872, 23494.171247195412, 32546.101431108505
3110.5439999103546, 23494.171247195412, 32546.101431108505
3110.553999900818, 23494.171247195412, 32546.101431108505
3110.566999912262, 23494.171247195412, 32546.101431108505
3110.5759999752045, 23494.171247195412, 32546.101431108505
3110.5859999656677, 23494.171247195412, 32546.101431108505
3110.5999999046326, 23494.171247195412, 32546.101431108505
3110.6079998016357, 23494.171247195412, 32544.57284001756
3117.3559999465942, 23494.171247195412, 32544.41610468081
3117.37299990654, 23494.171247195412, 32544.41610468081
3117.388000011444, 23494.171247195412, 32544.41610468081
3117.4059998989105, 23494.171247195412, 32544.41610468081
3117.417999982834, 23494.171247195412, 32544.41610468081
3117.4299998283386, 23494.171247195412, 32544.41610468081
3123.871999979019, 23494.171247195412, 32543.791040197433
3123.888000011444, 23494.171247195412, 32543.791040197433
3123.8980000019073, 23494.171247195412, 32543.772476255646
3130.4859998226166, 23494.171247195412, 32543.772476255646
3130.4889998435974, 23494.171247195412, 32543.772476255646
3130.507999897003, 23494.171247195412, 32543.772476255646
3130.5199999809265, 23494.171247195412, 32542.763656083604
3130.5319998264313, 23494.171247195412, 32542.740269621623
3130.542999982834, 23494.171247195412, 32542.740269621623
3130.550999879837, 23494.171247195412, 32542.740269621623
3130.5579998493195, 23494.171247195412, 32542.221268275778
3130.563999891281, 23494.171247195412, 32542.221268275778
3130.572000026703, 23494.171247195412, 32542.221268275778
3130.579999923706, 23494.171247195412, 32542.180223726897
3130.5849997997284, 23494.171247195412, 32542.180223726897
3137.2649998664856, 23494.171247195412, 32541.717100982605
3137.2779998779297, 23494.171247195412, 32541.717100982605
3137.2860000133514, 23494.171247195412, 32541.717100982605
3137.2960000038147, 23494.171247195412, 32541.717100982605
3137.3049998283386, 23494.171247195412, 32541.717100982605
3143.8819999694824, 23494.171247195412, 32541.717100982605
3143.8980000019073, 23494.171247195412, 32541.717100982605
3143.909999847412, 23494.171247195412, 32541.717100982605
3143.9210000038147, 23494.171247195412, 32541.717100982605
3143.9329998493195, 23494.171247195412, 32541.717100982605
3143.940999984741, 23494.171247195412, 32541.717100982605
3143.9489998817444, 23494.171247195412, 32541.717100982605
3143.9589998722076, 23494.171247195412, 32541.717100982605
3150.385999917984, 23494.171247195412, 32541.172484185623
3150.3980000019073, 23494.171247195412, 32541.172484185623
3150.4089999198914, 23494.171247195412, 32541.172484185623
3150.4210000038147, 23494.171247195412, 32540.816569905674
3150.4299998283386, 23494.171247195412, 32540.816569905674
3157.2809998989105, 23494.171247195412, 32540.743900628306
3157.300999879837, 23494.171247195412, 32540.743900628306
3157.316999912262, 23494.171247195412, 32540.743900628306
3157.332000017166, 23494.171247195412, 32540.662815348933
3157.3399999141693, 23494.171247195412, 32540.662815348933
3157.348999977112, 23494.171247195412, 32540.662815348933
3157.3579998016357, 23494.171247195412, 32540.662815348933
3157.367999792099, 23494.171247195412, 32540.662815348933
3164.1189999580383, 23494.171247195412, 32540.662815348933
3164.1259999275208, 23494.171247195412, 32540.662815348933
3164.135999917984, 23494.171247195412, 32540.662815348933
3164.151000022888, 23494.171247195412, 32540.662815348933
3164.165999889374, 23494.171247195412, 32540.662815348933
3164.172999858856, 23494.171247195412, 32540.662815348933
3164.1829998493195, 23494.171247195412, 32540.662815348933
3164.194000005722, 23494.171247195412, 32540.662815348933
3164.2039999961853, 23494.171247195412, 32540.662815348933
3164.218999862671, 23494.171247195412, 32540.662815348933
3164.228999853134, 23494.171247195412, 32540.662815348933
3164.2359998226166, 23494.171247195412, 32540.662815348933
3164.24599981308, 23494.171247195412, 32540.662815348933
3170.6409997940063, 23494.171247195412, 32540.662815348933
3170.6429998874664, 23494.171247195412, 32540.662815348933
3170.659999847412, 23494.171247195412, 32540.662815348933
3170.6689999103546, 23494.171247195412, 32540.662815348933
3170.675999879837, 23494.171247195412, 32540.662815348933
3170.6849999427795, 23494.171247195412, 32540.662815348933
3170.691999912262, 23494.171247195412, 32540.662815348933
3170.702999830246, 23494.171247195412, 32540.662815348933
3170.7089998722076, 23494.171247195412, 32540.662815348933
3170.7170000076294, 23494.171247195412, 32540.662815348933
3177.7170000076294, 23494.171247195412, 32540.662815348933
3177.7409999370575, 23494.171247195412, 32540.662815348933
3177.7549998760223, 23494.171247195412, 32540.662815348933
3177.7649998664856, 23494.171247195412, 32540.662815348933
3177.7730000019073, 23494.171247195412, 32540.662815348933
3177.7809998989105, 23494.171247195412, 32540.662815348933
3177.789999961853, 23494.171247195412, 32540.662815348933
3177.7990000247955, 23494.171247195412, 32540.662815348933
3177.809000015259, 23494.171247195412, 32540.662815348933
3184.4629998207092, 23494.171247195412, 32538.454943997553
3184.4759998321533, 23494.171247195412, 32538.454943997553
3184.4859998226166, 23494.171247195412, 32538.24709076763
3184.49799990654, 23494.171247195412, 32538.24709076763
3184.5069999694824, 23494.171247195412, 32538.1960460414
3184.518999814987, 23494.171247195412, 32538.135909733424
3184.526999950409, 23494.171247195412, 32537.935208787665
3184.5329999923706, 23494.171247195412, 32537.659862803463
3191.606999874115, 23494.171247195412, 32537.659862803463
3191.6109998226166, 23494.171247195412, 32537.56721850484
3191.6319999694824, 23494.171247195412, 32537.56721850484
3191.643999814987, 23494.171247195412, 32537.56721850484
3198.263999938965, 23494.171247195412, 32536.629997097072
3198.2779998779297, 23494.171247195412, 32536.629997097072
3198.2839999198914, 23494.171247195412, 32536.629997097072
3198.2919998168945, 23494.171247195412, 32536.629997097072
3198.300999879837, 23494.171247195412, 32536.629997097072
3198.3079998493195, 23494.171247195412, 32536.629997097072
3198.3179998397827, 23494.171247195412, 32536.629997097072
3198.3289999961853, 23494.171247195412, 32536.629997097072
3198.3389999866486, 23494.171247195412, 32536.23339731152
3204.949999809265, 23494.171247195412, 32536.23339731152
3204.9609999656677, 23494.171247195412, 32536.23339731152
3204.968999862671, 23494.171247195412, 32536.23339731152
3204.9779999256134, 23494.171247195412, 32535.993146308632
3204.9859998226166, 23494.171247195412, 32535.993146308632
3204.9939999580383, 23494.171247195412, 32535.993146308632
3205.003000020981, 23494.171247195412, 32535.993146308632
3205.013999938965, 23494.171247195412, 32535.84076003926
3205.021999835968, 23494.171247195412, 32535.84076003926
3211.87299990654, 23494.171247195412, 32535.84076003926
3211.885999917984, 23494.171247195412, 32535.84076003926
3211.901000022888, 23494.171247195412, 32535.84076003926
3211.914999961853, 23494.171247195412, 32535.84076003926
3211.9240000247955, 23494.171247195412, 32535.84076003926
3211.934000015259, 23494.171247195412, 32535.84076003926
3211.944999933243, 23494.171247195412, 32535.783686583356
3218.220999956131, 23494.171247195412, 32535.783686583356
3218.2300000190735, 23494.171247195412, 32535.783686583356
3218.242999792099, 23494.171247195412, 32535.177776246495
3218.2489998340607, 23494.171247195412, 32535.177776246495
3218.2599999904633, 23494.171247195412, 32535.177776246495
3218.2659997940063, 23494.171247195412, 32535.177776246495
3218.276000022888, 23494.171247195412, 32535.177776246495
3218.284999847412, 23494.171247195412, 32535.177776246495
3218.292999982834, 23494.171247195412, 32535.177776246495
3218.301999807358, 23494.171247195412, 32535.177776246495
3218.3129999637604, 23494.171247195412, 32535.177776246495
3224.955999851227, 23494.171247195412, 32535.177776246495
3224.9619998931885, 23494.171247195412, 32535.177776246495
3224.968999862671, 23494.171247195412, 32535.177776246495
3224.984999895096, 23494.171247195412, 32535.177776246495
3224.9939999580383, 23494.171247195412, 32535.177776246495
3225.005999803543, 23494.171247195412, 32535.177776246495
3225.0209999084473, 23494.171247195412, 32535.177776246495
3225.0329999923706, 23494.171247195412, 32534.266669752524
3231.8389999866486, 23494.171247195412, 32534.266669752524
3231.8609998226166, 23494.171247195412, 32534.113041360826
3231.8769998550415, 23494.171247195412, 32533.841144777853
3231.8869998455048, 23494.171247195412, 32533.839263959046
3231.893999814987, 23494.171247195412, 32533.839263959046
3231.9029998779297, 23494.171247195412, 32533.653665954014
3238.845999956131, 23494.171247195412, 32533.653665954014
3238.845999956131, 23494.171247195412, 32533.640756011322
3238.8629999160767, 23494.171247195412, 32533.640756011322
3238.8629999160767, 23494.171247195412, 32533.640756011322
3238.888999938965, 23494.171247195412, 32533.513583687658
3238.901000022888, 23494.171247195412, 32533.513583687658
3238.9110000133514, 23494.171247195412, 32533.474921708286
3238.9219999313354, 23494.171247195412, 32533.35191982545
3238.928999900818, 23494.171247195412, 32533.35191982545
3238.9349999427795, 23494.171247195412, 32533.35191982545
3238.940999984741, 23494.171247195412, 32533.35191982545
3245.996999979019, 23494.171247195412, 32532.927936313386
3245.996999979019, 23494.171247195412, 32532.927936313386
3246.0159997940063, 23494.171247195412, 32532.927936313386
3246.0289998054504, 23494.171247195412, 32532.927936313386
3246.0449998378754, 23494.171247195412, 32532.80279378814
3246.053999900818, 23494.171247195412, 32532.80279378814
3246.065999984741, 23494.171247195412, 32532.80279378814
3246.076999902725, 23494.171247195412, 32532.80279378814
3253.039999961853, 23494.171247195412, 32532.0949409714
3253.050999879837, 23494.171247195412, 32532.0949409714
3253.0569999217987, 23494.171247195412, 32532.0949409714
3253.064999818802, 23494.171247195412, 32531.622049348563
3253.072000026703, 23494.171247195412, 32531.622049348563
3253.079999923706, 23494.171247195412, 32531.622049348563
3253.0889999866486, 23494.171247195412, 32531.622049348563
3253.0969998836517, 23494.171247195412, 32531.36886108694
3253.1029999256134, 23494.171247195412, 32531.36886108694
3253.108999967575, 23494.171247195412, 32531.36886108694
3253.1150000095367, 23494.171247195412, 32531.36886108694
3253.119999885559, 23494.171247195412, 32531.361595491147
3259.3659999370575, 23494.171247195412, 32530.850866338173
3259.380999803543, 23494.171247195412, 32529.98212721046
3259.3919999599457, 23494.171247195412, 32529.98212721046
3259.399999856949, 23494.171247195412, 32529.98212721046
3259.409999847412, 23494.171247195412, 32529.98212721046
3265.805999994278, 23494.171247195412, 32529.98212721046
3265.8229999542236, 23494.171247195412, 32529.98212721046
3265.8369998931885, 23494.171247195412, 32529.98212721046
3265.848999977112, 23494.171247195412, 32529.98212721046
3265.859999895096, 23494.171247195412, 32529.98212721046
3265.8669998645782, 23494.171247195412, 32529.98212721046
3265.8789999485016, 23494.171247195412, 32529.892220086076
3265.888000011444, 23494.171247195412, 32529.892220086076
3272.736999988556, 23494.171247195412, 32529.454090220883
3272.744999885559, 23494.171247195412, 32529.454090220883
3272.753000020981, 23494.171247195412, 32529.454090220883
3272.7619998455048, 23494.171247195412, 32529.128138927557
3272.7699999809265, 23494.171247195412, 32529.128138927557
3272.7789998054504, 23494.171247195412, 32528.9896937832
3272.7889997959137, 23494.171247195412, 32528.9896937832
3272.7990000247955, 23494.171247195412, 32528.595644833553
3279.523999929428, 23494.171247195412, 32528.595644833553
3279.534999847412, 23494.171247195412, 32528.595644833553
3279.5490000247955, 23494.171247195412, 32528.47568652259
3279.561999797821, 23494.171247195412, 32528.47568652259
3279.574999809265, 23494.171247195412, 32528.419965947356
3279.582999944687, 23494.171247195412, 32528.419965947356
3279.593999862671, 23494.171247195412, 32528.419965947356
3279.6059999465942, 23494.171247195412, 32528.419965947356
3286.5419998168945, 23494.171247195412, 32528.419965947356
3286.5419998168945, 23494.171247195412, 32528.419965947356
3286.5419998168945, 23494.171247195412, 32528.419965947356
3286.561999797821, 23494.171247195412, 32528.186872247566
3286.5679998397827, 23494.171247195412, 32528.186872247566
3286.5739998817444, 23494.171247195412, 32528.186872247566
3286.582000017166, 23494.171247195412, 32528.08085972206
3286.5889999866486, 23494.171247195412, 32527.451775701666
3286.5969998836517, 23494.171247195412, 32527.451775701666
3293.617999792099, 23494.171247195412, 32527.27836279213
3293.6319999694824, 23494.171247195412, 32526.974385487556
3293.651000022888, 23494.171247195412, 32526.60821845148
3300.8739998340607, 23494.171247195412, 32526.60821845148
3300.8949999809265, 23494.171247195412, 32526.60821845148
3300.9049999713898, 23494.171247195412, 32526.47655792497
3300.9169998168945, 23494.171247195412, 32526.47655792497
3300.925999879837, 23494.171247195412, 32526.47655792497
3300.934000015259, 23494.171247195412, 32526.47655792497
3307.5849997997284, 23494.171247195412, 32526.232442125667
3307.5920000076294, 23494.171247195412, 32526.232442125667
3307.5920000076294, 23494.171247195412, 32526.232442125667
3307.609999895096, 23494.171247195412, 32526.232442125667
3307.617999792099, 23494.171247195412, 32526.232442125667
3307.6299998760223, 23494.171247195412, 32526.232442125667
3314.401999950409, 23494.171247195412, 32525.74299547608
3314.427999973297, 23494.171247195412, 32525.74299547608
3321.4779999256134, 23494.171247195412, 32525.74299547608
3328.46599984169, 23494.171247195412, 32524.383971235715
3334.8789999485016, 23494.171247195412, 32522.90038768159
3334.8949999809265, 23494.171247195412, 32522.90038768159
3334.9079999923706, 23494.171247195412, 32522.90038768159
3334.9169998168945, 23494.171247195412, 32522.90038768159
3334.925999879837, 23494.171247195412, 32522.90038768159
3341.24599981308, 23494.171247195412, 32522.90038768159
3341.253000020981, 23494.171247195412, 32522.90038768159
3341.253000020981, 23494.171247195412, 32522.90038768159
3341.2730000019073, 23494.171247195412, 32522.90038768159
3341.2839999198914, 23494.171247195412, 32522.90038768159
3341.290999889374, 23494.171247195412, 32522.90038768159
3341.2969999313354, 23494.171247195412, 32522.90038768159
3341.302999973297, 23494.171247195412, 32522.90038768159
3341.3099999427795, 23494.171247195412, 32522.90038768159
3341.322000026703, 23494.171247195412, 32522.90038768159
3347.815999984741, 23494.171247195412, 32522.875248207005
3347.8259999752045, 23494.171247195412, 32522.875248207005
3347.84099984169, 23494.171247195412, 32522.875248207005
3347.8509998321533, 23494.171247195412, 32522.875248207005
3347.856999874115, 23494.171247195412, 32522.875248207005
3347.8629999160767, 23494.171247195412, 32522.875248207005
3347.871999979019, 23494.171247195412, 32522.875248207005
3347.8789999485016, 23494.171247195412, 32522.875248207005
3347.8849999904633, 23494.171247195412, 32522.875248207005
3347.8909997940063, 23494.171247195412, 32522.875248207005
3347.8980000019073, 23494.171247195412, 32522.875248207005
3354.5449998378754, 23494.171247195412, 32522.875248207005
3354.563999891281, 23494.171247195412, 32522.122391259498
3354.5759999752045, 23494.171247195412, 32522.122391259498
3361.5859999656677, 23494.171247195412, 32521.734410435576
3361.6009998321533, 23494.171247195412, 32521.734410435576
3361.611999988556, 23494.171247195412, 32521.734410435576
3361.62299990654, 23494.171247195412, 32521.632380243318
3361.633999824524, 23494.171247195412, 32521.42637120534
3361.643999814987, 23494.171247195412, 32521.42637120534
3368.1699998378754, 23494.171247195412, 32521.135685076482
3368.180999994278, 23494.171247195412, 32520.817574926896
3368.180999994278, 23494.171247195412, 32520.817574926896
3368.1979999542236, 23494.171247195412, 32520.817574926896
3368.218999862671, 23494.171247195412, 32520.564311322454
3375.1109998226166, 23494.171247195412, 32520.31377968053
3375.12099981308, 23494.171247195412, 32520.31377968053
3375.1299998760223, 23494.171247195412, 32520.31377968053
3375.135999917984, 23494.171247195412, 32520.31377968053
3375.146999835968, 23494.171247195412, 32520.31377968053
3375.1549999713898, 23494.171247195412, 32520.31377968053
3375.1610000133514, 23494.171247195412, 32520.31377968053
3375.165999889374, 23494.171247195412, 32520.31377968053
3375.1749999523163, 23494.171247195412, 32520.31377968053
3375.1849999427795, 23494.171247195412, 32520.31377968053
3382.042999982834, 23494.171247195412, 32519.439268337876
3382.050999879837, 23494.171247195412, 32519.218214698416
3382.053999900818, 23494.171247195412, 32519.218214698416
3382.064999818802, 23494.171247195412, 32519.218214698416
3382.0759999752045, 23494.171247195412, 32519.218214698416
3382.0889999866486, 23494.171247195412, 32519.218214698416
3382.1059999465942, 23494.171247195412, 32519.218214698416
3382.1159999370575, 23494.171247195412, 32519.218214698416
3382.125, 23494.171247195412, 32519.218214698416
3382.1319999694824, 23494.171247195412, 32518.85939056662
3388.699999809265, 23494.171247195412, 32518.571388946562
3388.699999809265, 23494.171247195412, 32518.571388946562
3388.71799993515, 23494.171247195412, 32518.571388946562
3388.728999853134, 23494.171247195412, 32518.571388946562
3388.7409999370575, 23494.171247195412, 32518.571388946562
3388.7519998550415, 23494.171247195412, 32518.552060967904
3388.763999938965, 23494.171247195412, 32518.552060967904
3388.773999929428, 23494.171247195412, 32518.552060967904
3395.734999895096, 23494.171247195412, 32518.399250678758
3395.7419998645782, 23494.171247195412, 32518.399250678758
3395.7519998550415, 23494.171247195412, 32518.399250678758
3403.007999897003, 23494.171247195412, 32517.564294488766
3403.0289998054504, 23494.171247195412, 32517.564294488766
3403.0360000133514, 23494.171247195412, 32517.564294488766
3403.0469999313354, 23494.171247195412, 32517.564294488766
3403.0599999427795, 23494.171247195412, 32517.45835401474
3403.069000005722, 23494.171247195412, 32517.45835401474
3403.077999830246, 23494.171247195412, 32517.45835401474
3409.9629998207092, 23494.171247195412, 32517.45835401474
3409.9749999046326, 23494.171247195412, 32516.902828931645
3409.981999874115, 23494.171247195412, 32516.902828931645
3409.9919998645782, 23494.171247195412, 32516.900274806736
3410.0009999275208, 23494.171247195412, 32516.900274806736
3416.9299998283386, 23494.171247195412, 32516.224651168686
3416.9299998283386, 23494.171247195412, 32516.224651168686
3416.9539999961853, 23494.171247195412, 32516.224651168686
3416.9629998207092, 23494.171247195412, 32516.224651168686
3416.9719998836517, 23494.171247195412, 32516.224651168686
3416.9809999465942, 23494.171247195412, 32516.224651168686
3416.9879999160767, 23494.171247195412, 32516.06807178851
3423.9800000190735, 23494.171247195412, 32516.06807178851
3423.9879999160767, 23494.171247195412, 32516.06807178851
3423.99599981308, 23494.171247195412, 32516.06807178851
3424.0009999275208, 23494.171247195412, 32516.06807178851
3424.0069999694824, 23494.171247195412, 32515.188481382476
3424.0169999599457, 23494.171247195412, 32515.188481382476
3431.0849997997284, 23494.171247195412, 32515.010966262846
3431.09299993515, 23494.171247195412, 32515.010966262846
3431.1050000190735, 23494.171247195412, 32515.010966262846
3438.1579999923706, 23494.171247195412, 32515.010966262846
3438.1749999523163, 23494.171247195412, 32515.010966262846
3438.189999818802, 23494.171247195412, 32515.010966262846
3438.199999809265, 23494.171247195412, 32515.010966262846
3438.207000017166, 23494.171247195412, 32515.010966262846
3445.176999807358, 23494.171247195412, 32514.19162923617
3445.184000015259, 23494.171247195412, 32514.19162923617
3445.1989998817444, 23494.171247195412, 32514.19162923617
3445.207999944687, 23494.171247195412, 32514.19162923617
3445.2149999141693, 23494.171247195412, 32514.19162923617
3445.2229998111725, 23494.171247195412, 32514.19162923617
3445.231999874115, 23494.171247195412, 32514.19162923617
3452.189999818802, 23494.171247195412, 32513.717746455368
3452.202999830246, 23494.171247195412, 32513.717746455368
3452.21599984169, 23494.171247195412, 32513.717746455368
3452.2229998111725, 23494.171247195412, 32513.348599365487
3452.2300000190735, 23494.171247195412, 32513.348599365487
3452.2409999370575, 23494.171247195412, 32513.348599365487
3458.9719998836517, 23494.171247195412, 32513.348599365487
3458.9809999465942, 23494.171247195412, 32512.64036524348
3458.9909999370575, 23494.171247195412, 32512.64036524348
3459.0039999485016, 23494.171247195412, 32512.64036524348
3459.013000011444, 23494.171247195412, 32512.64036524348
3459.0199999809265, 23494.171247195412, 32512.64036524348
3459.024999856949, 23494.171247195412, 32512.64036524348
3459.0309998989105, 23494.171247195412, 32512.64036524348
3459.0389997959137, 23494.171247195412, 32512.64036524348
3459.0490000247955, 23494.171247195412, 32512.64036524348
3465.6859998703003, 23494.171247195412, 32512.64036524348
3465.702999830246, 23494.171247195412, 32512.64036524348
3465.7109999656677, 23494.171247195412, 32512.64036524348
3465.71799993515, 23494.171247195412, 32512.64036524348
3472.649999856949, 23494.171247195412, 32511.99896984058
3472.651000022888, 23494.171247195412, 32511.98277393726
3472.651000022888, 23494.171247195412, 32511.98277393726
3472.667999982834, 23494.171247195412, 32511.98277393726
3472.675999879837, 23494.171247195412, 32511.98277393726
3472.684000015259, 23494.171247195412, 32511.98277393726
3472.6929998397827, 23494.171247195412, 32511.772630199608
3472.6989998817444, 23494.171247195412, 32511.772630199608
3472.705999851227, 23494.171247195412, 32511.772630199608
3480.0339999198914, 23494.171247195412, 32511.772630199608
3480.050999879837, 23494.171247195412, 32511.772630199608
3480.0609998703003, 23494.171247195412, 32511.772630199608
3480.069999933243, 23494.171247195412, 32511.772630199608
3480.077999830246, 23494.171247195412, 32511.7142920852
3480.0879998207092, 23494.171247195412, 32511.7142920852
3480.095999956131, 23494.171247195412, 32511.7142920852
3480.1050000190735, 23494.171247195412, 32510.79790436308
3487.314999818802, 23494.171247195412, 32510.79790436308
3487.314999818802, 23494.171247195412, 32510.79790436308
3487.3339998722076, 23494.171247195412, 32510.405820287848
3487.3469998836517, 23494.171247195412, 32510.405820287848
3487.358999967575, 23494.171247195412, 32510.12487776276
3487.369999885559, 23494.171247195412, 32510.12487776276
3494.135999917984, 23494.171247195412, 32509.222139276975
3494.1429998874664, 23494.171247195412, 32509.222139276975
3494.149999856949, 23494.171247195412, 32509.222139276975
3494.159999847412, 23494.171247195412, 32509.222139276975
3494.1699998378754, 23494.171247195412, 32509.222139276975
3494.1749999523163, 23494.171247195412, 32509.222139276975
3494.184000015259, 23494.171247195412, 32509.222139276975
3494.190999984741, 23494.171247195412, 32509.222139276975
3501.234999895096, 23494.171247195412, 32509.222139276975
3501.2509999275208, 23494.171247195412, 32509.222139276975
3501.2659997940063, 23494.171247195412, 32509.222139276975
3501.2809998989105, 23494.171247195412, 32509.222139276975
3501.2919998168945, 23494.171247195412, 32509.222139276975
3501.2999999523163, 23494.171247195412, 32508.996413616034
3501.3099999427795, 23494.171247195412, 32508.996413616034
3501.316999912262, 23494.171247195412, 32508.594092630454
3501.324999809265, 23494.171247195412, 32508.594092630454
3501.332000017166, 23494.171247195412, 32508.594092630454
3508.1459999084473, 23494.171247195412, 32508.594092630454
3508.164999961853, 23494.171247195412, 32508.594092630454
3508.1740000247955, 23494.171247195412, 32508.594092630454
3508.1819999217987, 23494.171247195412, 32508.594092630454
3508.1959998607635, 23494.171247195412, 32508.594092630454
3508.205999851227, 23494.171247195412, 32507.14092277838
3515.146999835968, 23494.171247195412, 32507.14092277838
3515.164999961853, 23494.171247195412, 32506.985558289634
3515.176999807358, 23494.171247195412, 32506.712634999905
3515.186999797821, 23494.171247195412, 32506.20517729367
3515.1929998397827, 23494.171247195412, 32506.20517729367
3521.957000017166, 23494.171247195412, 32506.20517729367
3521.96599984169, 23494.171247195412, 32506.20517729367
3521.9749999046326, 23494.171247195412, 32506.20517729367
3521.9800000190735, 23494.171247195412, 32506.20517729367
3521.986999988556, 23494.171247195412, 32506.20517729367
3521.9939999580383, 23494.171247195412, 32506.20517729367
3522.003000020981, 23494.171247195412, 32506.20517729367
3522.0099999904633, 23494.171247195412, 32506.20517729367
3522.0169999599457, 23494.171247195412, 32506.20517729367
3522.0230000019073, 23494.171247195412, 32506.20517729367
3522.0329999923706, 23494.171247195412, 32505.97489149134
3528.8669998645782, 23494.171247195412, 32505.401076028997
3528.885999917984, 23494.171247195412, 32505.401076028997
3528.8929998874664, 23494.171247195412, 32505.401076028997
3528.901999950409, 23494.171247195412, 32505.401076028997
3528.9110000133514, 23494.171247195412, 32505.401076028997
3528.9169998168945, 23494.171247195412, 32505.401076028997
3528.922999858856, 23494.171247195412, 32505.401076028997
3528.9329998493195, 23494.171247195412, 32505.401076028997
3528.941999912262, 23494.171247195412, 32505.401076028997
3528.9509999752045, 23494.171247195412, 32505.401076028997
3528.957999944687, 23494.171247195412, 32505.313162970964
3528.96599984169, 23494.171247195412, 32505.313162970964
3528.978999853134, 23494.171247195412, 32505.085638319742
3536.4069998264313, 23494.171247195412, 32505.085638319742
3536.428999900818, 23494.171247195412, 32505.085638319742
3536.439999818802, 23494.171247195412, 32505.085638319742
3536.451999902725, 23494.171247195412, 32504.834897264005
3536.46599984169, 23494.171247195412, 32503.57593991669
3536.4800000190735, 23494.171247195412, 32503.57593991669
3543.688999891281, 23494.171247195412, 32503.57593991669
3543.688999891281, 23494.171247195412, 32503.57593991669
3543.707000017166, 23494.171247195412, 32503.191494557035
3550.71599984169, 23494.171247195412, 32503.191494557035
3550.7279999256134, 23494.171247195412, 32503.191494557035
3550.7409999370575, 23494.171247195412, 32503.191494557035
3550.74799990654, 23494.171247195412, 32503.191494557035
3550.7599999904633, 23494.171247195412, 32503.191494557035
3550.7699999809265, 23494.171247195412, 32503.191494557035
3550.7789998054504, 23494.171247195412, 32503.191494557035
3550.787999868393, 23494.171247195412, 32502.664482799402
3550.7960000038147, 23494.171247195412, 32502.664482799402
3550.803999900818, 23494.171247195412, 32502.664482799402
3557.9900000095367, 23494.171247195412, 32502.664482799402
3557.99599981308, 23494.171247195412, 32502.664482799402
3558.0119998455048, 23494.171247195412, 32502.5245338779
3558.0199999809265, 23494.171247195412, 32502.5245338779
3558.0309998989105, 23494.171247195412, 32502.5245338779
3558.0389997959137, 23494.171247195412, 32502.5245338779
3558.0499999523163, 23494.171247195412, 32502.359105665015
3558.0569999217987, 23494.171247195412, 32502.359105665015
3558.066999912262, 23494.171247195412, 32502.359105665015
3564.9489998817444, 23494.171247195412, 32502.359105665015
3564.955999851227, 23494.171247195412, 32502.359105665015
3564.955999851227, 23494.171247195412, 32502.359105665015
3564.9729998111725, 23494.171247195412, 32502.329669696734
3564.978999853134, 23494.171247195412, 32502.113449768367
3564.9859998226166, 23494.171247195412, 32502.113449768367
3571.6299998760223, 23494.171247195412, 32501.763582417872
3571.649999856949, 23494.171247195412, 32501.763582417872
3571.6669998168945, 23494.171247195412, 32501.43842184915
3571.6799998283386, 23494.171247195412, 32501.43842184915
3571.690999984741, 23494.171247195412, 32501.43842184915
3571.701999902725, 23494.171247195412, 32501.43842184915
3571.71599984169, 23494.171247195412, 32501.43842184915
3571.7259998321533, 23494.171247195412, 32501.43842184915
3578.8420000076294, 23494.171247195412, 32501.43842184915
3578.8469998836517, 23494.171247195412, 32501.43842184915
3578.867999792099, 23494.171247195412, 32501.43842184915
3578.875, 23494.171247195412, 32501.43842184915
3578.8849999904633, 23494.171247195412, 32501.43842184915
3578.8959999084473, 23494.171247195412, 32501.43842184915
3578.9039998054504, 23494.171247195412, 32501.43842184915
3578.9110000133514, 23494.171247195412, 32501.43842184915
3578.917999982834, 23494.171247195412, 32501.43842184915
3578.9249999523163, 23494.171247195412, 32501.43842184915
3578.930999994278, 23494.171247195412, 32501.43842184915
3578.936999797821, 23494.171247195412, 32501.43842184915
3578.944000005722, 23494.171247195412, 32501.43842184915
3578.9489998817444, 23494.171247195412, 32501.43842184915
3578.9539999961853, 23494.171247195412, 32501.43842184915
3585.9639999866486, 23494.171247195412, 32501.43842184915
3585.9759998321533, 23494.171247195412, 32501.43842184915
3585.9809999465942, 23494.171247195412, 32501.43842184915
3586.007999897003, 23494.171247195412, 32501.43842184915
3586.0209999084473, 23494.171247195412, 32501.43842184915
3586.0339999198914, 23494.171247195412, 32501.43842184915
3586.050999879837, 23494.171247195412, 32501.43842184915
3586.061999797821, 23494.171247195412, 32499.683993606188
3586.066999912262, 23494.171247195412, 32499.683993606188
3593.076999902725, 23494.171247195412, 32499.3805398641
3593.0869998931885, 23494.171247195412, 32499.3805398641
3593.09299993515, 23494.171247195412, 32499.3805398641
3593.095999956131, 23494.171247195412, 32499.3805398641
3593.1109998226166, 23494.171247195412, 32499.3805398641
3593.119999885559, 23494.171247195412, 32499.3805398641
3593.132999897003, 23494.171247195412, 32499.3805398641
3593.1399998664856, 23494.171247195412, 32499.3805398641
3593.1459999084473, 23494.171247195412, 32499.3805398641
3593.151999950409, 23494.171247195412, 32499.3805398641
3593.159999847412, 23494.171247195412, 32499.3805398641
3593.1689999103546, 23494.171247195412, 32499.3805398641
3593.1749999523163, 23494.171247195412, 32499.3805398641
3593.1859998703003, 23494.171247195412, 32499.3805398641
3600.0019998550415, 23494.171247195412, 32498.68699156908
3600.021999835968, 23494.171247195412, 32498.68699156908
3600.0360000133514, 23494.171247195412, 32498.68699156908
3600.0439999103546, 23494.171247195412, 32498.68699156908
3600.0549998283386, 23494.171247195412, 32498.68699156908
3600.0629999637604, 23494.171247195412, 32498.68699156908
3600.072000026703, 23494.171247195412, 32498.68699156908
3600.1459999084473, 23494.171247195416, 32498.68699156908
