0.06399989128112793, -1e+100, 269555.75486162363
0.11699986457824707, -1e+100, 191718.59336549853
0.23600006103515625, -1e+100, 168235.2356710326
1.5969998836517334, -1e+100, 160771.34684396358
1.8849999904632568, -1e+100, 160280.70748720397
2.2070000171661377, -1e+100, 160280.70748720397
2.5829999446868896, -1e+100, 160280.70748720397
2.753999948501587, -1e+100, 158972.19719600087
3.044999837875366, -1e+100, 158972.19719600087
7.437999963760376, -1e+100, 144904.72440539484
9.774999856948853, -1e+100, 143835.8424173623
11.565000057220459, -1e+100, 143635.45432086437
13.82699990272522, -1e+100, 143503.80139595986
14.690000057220459, -1e+100, 143449.82571184312
14.698999881744385, -1e+100, 143449.82571184312
15.036999940872192, -1e+100, 143449.82571184312
15.333999872207642, -1e+100, 143449.82571184312
15.592000007629395, -1e+100, 143449.82571184312
15.596999883651733, -1e+100, 143449.82571184312
15.685999870300293, -1e+100, 143449.82571184312
15.921000003814697, -1e+100, 143449.82571184312
16.04200005531311, -1e+100, 143449.82571184312
16.049000024795532, -1e+100, 143449.82571184312
16.22699999809265, -1e+100, 143449.82571184312
16.23300004005432, -1e+100, 143449.82571184312
16.32099986076355, -1e+100, 143449.82571184312
16.68400001525879, -1e+100, 143449.82571184312
16.914000034332275, -1e+100, 143444.14872232467
16.930999994277954, -1e+100, 143444.14872232467
17.217999935150146, -1e+100, 143444.14872232467
17.228999853134155, -1e+100, 143444.14872232467
17.389999866485596, -1e+100, 143444.14872232467
17.57799983024597, -1e+100, 143444.14872232467
17.73099994659424, -1e+100, 143444.14872232467
18.049999952316284, -1e+100, 143444.14872232467
18.05900001525879, -1e+100, 143444.14872232467
18.22699999809265, -1e+100, 143444.14872232467
18.247999906539917, -1e+100, 143444.14872232467
18.598999977111816, -1e+100, 143444.14872232467
18.611000061035156, -1e+100, 143444.14872232467
18.812999963760376, -1e+100, 143444.14872232467
18.816999912261963, -1e+100, 143444.14872232467
19.20799994468689, -1e+100, 143428.80563603382
19.22599983215332, -1e+100, 143428.80563603382
19.615999937057495, -1e+100, 143408.5481652648
20.075999975204468, -1e+100, 143408.5481652648
20.319999933242798, -1e+100, 143408.5481652648
20.328999996185303, -1e+100, 143408.5481652648
20.328999996185303, -1e+100, 143408.5481652648
20.57799983024597, -1e+100, 143408.5481652648
20.842999935150146, -1e+100, 143408.5481652648
20.852999925613403, -1e+100, 143408.5481652648
20.86299991607666, -1e+100, 143408.5481652648
21.151000022888184, -1e+100, 143393.1616572222
21.16599988937378, -1e+100, 143393.1616572222
21.179999828338623, -1e+100, 143393.1616572222
21.461999893188477, -1e+100, 143393.1616572222
21.46499991416931, -1e+100, 143393.1616572222
21.76799988746643, -1e+100, 143393.1616572222
21.77900004386902, -1e+100, 143393.1616572222
22.069999933242798, -1e+100, 143393.1616572222
22.082000017166138, -1e+100, 143393.1616572222
22.408999919891357, -1e+100, 143393.1616572222
22.41700005531311, -1e+100, 143393.1616572222
22.738999843597412, -1e+100, 143393.1616572222
23.049000024795532, -1e+100, 143393.1616572222
23.057999849319458, -1e+100, 143393.1616572222
23.067999839782715, -1e+100, 143335.31220135448
23.07699990272522, -1e+100, 143335.31220135448
23.411999940872192, -1e+100, 143335.31220135448
23.756999969482422, -1e+100, 143202.23711963347
24.096999883651733, -1e+100, 143202.23711963347
24.108999967575073, -1e+100, 143202.23711963347
24.483999967575073, -1e+100, 143202.23711963347
24.496000051498413, -1e+100, 143202.23711963347
24.50499987602234, -1e+100, 143202.23711963347
24.861999988555908, -1e+100, 143202.23711963347
25.23799991607666, -1e+100, 143202.23711963347
25.253999948501587, -1e+100, 143202.23711963347
25.274999856948853, -1e+100, 143202.23711963347
26.069999933242798, -1e+100, 143202.23711963347
26.079999923706055, -1e+100, 143202.23711963347
26.50600004196167, -1e+100, 143202.23711963347
26.98199987411499, -1e+100, 143202.23711963347
26.994999885559082, -1e+100, 143202.23711963347
27.42899990081787, -1e+100, 143202.23711963347
27.438999891281128, -1e+100, 143202.23711963347
27.450000047683716, -1e+100, 143202.23711963347
27.45899987220764, -1e+100, 143202.23711963347
28.355000019073486, -1e+100, 143128.20667703217
28.36299991607666, -1e+100, 143128.20667703217
28.836999893188477, -1e+100, 143128.20667703217
28.858999967575073, -1e+100, 143128.20667703217
29.412999868392944, -1e+100, 143128.20667703217
29.42799997329712, -1e+100, 143128.20667703217
29.937999963760376, -1e+100, 143128.20667703217
29.954999923706055, -1e+100, 143128.20667703217
29.967999935150146, -1e+100, 143128.20667703217
30.51699995994568, -1e+100, 143111.64434460565
31.14199995994568, -1e+100, 143082.77874800967
31.157999992370605, -1e+100, 143082.77874800967
31.721999883651733, -1e+100, 143082.77874800967
32.38100004196167, -1e+100, 143077.86595667826
32.39100003242493, -1e+100, 143077.86595667826
32.40599989891052, -1e+100, 143077.86595667826
32.418999910354614, -1e+100, 143077.86595667826
33.009000062942505, -1e+100, 143077.86595667826
33.026999950408936, -1e+100, 143077.86595667826
33.04200005531311, -1e+100, 143077.86595667826
33.056999921798706, -1e+100, 143077.86595667826
33.67400002479553, -1e+100, 143077.86595667826
33.692999839782715, -1e+100, 143077.86595667826
33.704999923706055, -1e+100, 143077.86595667826
34.36999988555908, -1e+100, 143077.86595667826
34.38699984550476, -1e+100, 143077.86595667826
35.08500003814697, -1e+100, 143038.54161202288
35.08899998664856, -1e+100, 143038.54161202288
35.10699987411499, -1e+100, 143038.54161202288
35.11999988555908, -1e+100, 143038.54161202288
35.126999855041504, -1e+100, 143038.54161202288
35.859999895095825, -1e+100, 143038.54161202288
35.86500000953674, -1e+100, 143038.54161202288
35.86500000953674, -1e+100, 143038.54161202288
35.89699983596802, -1e+100, 143038.54161202288
36.60699987411499, -1e+100, 143038.54161202288
36.61699986457825, -1e+100, 143038.54161202288
36.62999987602234, -1e+100, 143038.54161202288
36.64199995994568, -1e+100, 143038.54161202288
36.65499997138977, -1e+100, 143038.54161202288
37.44700002670288, -1e+100, 143038.54161202288
37.46199989318848, -1e+100, 143038.54161202288
37.473999977111816, -1e+100, 143038.54161202288
38.37899994850159, -1e+100, 143024.2726938915
38.394999980926514, -1e+100, 143024.2726938915
39.25999999046326, -1e+100, 143024.2726938915
40.19700002670288, -1e+100, 142966.63584696266
40.20899987220764, -1e+100, 142966.63584696266
40.22599983215332, -1e+100, 142966.63584696266
40.240999937057495, -1e+100, 142966.63584696266
40.25099992752075, -1e+100, 142966.63584696266
40.26699995994568, -1e+100, 142966.63584696266
41.16799998283386, -1e+100, 142966.63584696266
41.16799998283386, -1e+100, 142966.63584696266
41.18899989128113, -1e+100, 142966.63584696266
42.12899994850159, -1e+100, 142966.63584696266
42.14699983596802, -1e+100, 142966.63584696266
43.109999895095825, -1e+100, 142966.63584696266
43.126999855041504, -1e+100, 142914.82460574232
44.18299984931946, -1e+100, 142914.82460574232
44.1949999332428, -1e+100, 142914.82460574232
44.20099997520447, -1e+100, 142914.82460574232
44.23199987411499, -1e+100, 142914.82460574232
45.192999839782715, -1e+100, 142914.82460574232
45.20899987220764, -1e+100, 142914.82460574232
45.22000002861023, -1e+100, 142914.6536910615
45.23399996757507, -1e+100, 142914.6536910615
46.40400004386902, -1e+100, 142912.73487324588
46.4210000038147, -1e+100, 142912.73487324588
46.437999963760376, -1e+100, 142912.73487324588
46.46199989318848, -1e+100, 142912.73487324588
46.48099994659424, -1e+100, 142912.73487324588
47.61800003051758, -1e+100, 142912.73487324588
47.632999897003174, -1e+100, 142912.73487324588
47.632999897003174, -1e+100, 142912.73487324588
47.64999985694885, -1e+100, 142912.73487324588
47.66700005531311, -1e+100, 142912.73487324588
48.94000005722046, -1e+100, 142912.73487324588
48.96300005912781, -1e+100, 142912.73487324588
48.973999977111816, -1e+100, 142912.73487324588
48.98699998855591, -1e+100, 142912.73487324588
49.007999897003174, -1e+100, 142912.73487324588
49.0239999294281, -1e+100, 142912.73487324588
50.16599988937378, -1e+100, 142912.73487324588
50.18299984931946, -1e+100, 142912.73487324588
50.20599985122681, -1e+100, 142912.73487324588
50.230000019073486, -1e+100, 142891.70347173786
51.28399991989136, -1e+100, 142891.70347173786
51.29200005531311, -1e+100, 142891.70347173786
51.29699993133545, -1e+100, 142891.70347173786
51.31399989128113, -1e+100, 142891.70347173786
51.33999991416931, -1e+100, 142891.70347173786
51.353999853134155, -1e+100, 142891.70347173786
52.52199983596802, -1e+100, 142891.70347173786
52.53499984741211, -1e+100, 142891.70347173786
52.550999879837036, -1e+100, 142891.70347173786
52.56699991226196, -1e+100, 142891.70347173786
52.58099985122681, -1e+100, 142891.70347173786
53.759000062942505, -1e+100, 142891.70347173786
53.776000022888184, -1e+100, 142891.70347173786
53.79299998283386, -1e+100, 142891.70347173786
53.823999881744385, -1e+100, 142891.70347173786
55.014999866485596, -1e+100, 142891.70347173786
55.03399991989136, -1e+100, 142883.45931470717
55.039000034332275, -1e+100, 142883.45931470717
55.06399989128113, -1e+100, 142883.45931470717
56.24000000953674, -1e+100, 142840.54403031614
56.27199983596802, -1e+100, 142840.54403031614
57.42799997329712, -1e+100, 142840.54403031614
57.44799995422363, -1e+100, 142840.54403031614
57.45799994468689, -1e+100, 142840.54403031614
57.47599983215332, -1e+100, 142840.54403031614
57.49399995803833, -1e+100, 142840.54403031614
58.63800001144409, -1e+100, 142840.54403031614
58.65400004386902, -1e+100, 142840.54403031614
58.66799998283386, -1e+100, 142840.54403031614
58.69000005722046, -1e+100, 142840.54403031614
59.85699987411499, -1e+100, 142840.54403031614
59.86899995803833, -1e+100, 142840.54403031614
59.86999988555908, -1e+100, 142840.54403031614
59.88599991798401, -1e+100, 142840.54403031614
59.90299987792969, -1e+100, 142840.54403031614
59.918999910354614, -1e+100, 142840.54403031614
59.93599987030029, -1e+100, 142840.54403031614
60.93499994277954, -1e+100, 142840.54403031614
60.95199990272522, -1e+100, 142840.54403031614
60.973999977111816, -1e+100, 142840.54403031614
60.973999977111816, -1e+100, 142840.54403031614
62.223999977111816, -1e+100, 142840.54403031614
62.22599983215332, -1e+100, 142840.54403031614
62.24199986457825, -1e+100, 142817.35277343026
62.259000062942505, -1e+100, 142768.5690204688
63.448999881744385, -1e+100, 142768.5690204688
63.47699999809265, -1e+100, 142768.5690204688
63.501999855041504, -1e+100, 142768.5690204688
64.68299984931946, -1e+100, 142768.5690204688
64.69599986076355, -1e+100, 142768.5690204688
64.71199989318848, -1e+100, 142768.5690204688
66.05299997329712, -1e+100, 142753.43885357445
66.0699999332428, -1e+100, 142753.43885357445
66.08299994468689, -1e+100, 142753.43885357445
67.32200002670288, -1e+100, 142736.14854768803
67.33500003814697, -1e+100, 142725.2471124373
67.34899997711182, -1e+100, 142725.2471124373
67.36100006103516, -1e+100, 142725.2471124373
67.37199997901917, -1e+100, 142722.68507122522
67.38800001144409, -1e+100, 142722.68507122522
67.40499997138977, -1e+100, 142722.68507122522
68.65499997138977, -1e+100, 142722.68507122522
68.66100001335144, -1e+100, 142722.68507122522
69.83500003814697, -1e+100, 142718.37949815192
69.8529999256134, -1e+100, 142718.37949815192
69.86500000953674, -1e+100, 142718.37949815192
69.88599991798401, -1e+100, 142718.37949815192
71.24600005149841, -1e+100, 142718.37949815192
71.2590000629425, -1e+100, 142718.37949815192
71.27199983596802, -1e+100, 142718.37949815192
71.27999997138977, -1e+100, 142718.37949815192
71.30299997329712, -1e+100, 142705.39724493708
71.30999994277954, -1e+100, 142705.39724493708
71.32699990272522, -1e+100, 142705.39724493708
71.34299993515015, -1e+100, 142705.39724493708
72.60099983215332, -1e+100, 142705.39724493708
72.61199998855591, -1e+100, 142705.39724493708
72.61999988555908, -1e+100, 142705.39724493708
72.63100004196167, -1e+100, 142705.39724493708
72.64400005340576, -1e+100, 142705.39724493708
74.06500005722046, -1e+100, 142705.39724493708
74.07799983024597, -1e+100, 142705.39724493708
74.0939998626709, -1e+100, 142705.39724493708
74.11100006103516, -1e+100, 142705.39724493708
75.35899996757507, -1e+100, 142677.21671969493
75.37100005149841, -1e+100, 142677.21671969493
75.38899993896484, -1e+100, 142677.21671969493
75.40699982643127, -1e+100, 142677.21671969493
76.7170000076294, -1e+100, 142677.21671969493
76.73099994659424, -1e+100, 142677.21671969493
77.9359998703003, -1e+100, 142677.21671969493
77.95199990272522, -1e+100, 142677.21671969493
77.97000002861023, -1e+100, 142677.21671969493
77.98499989509583, -1e+100, 142659.38723390427
79.19899988174438, -1e+100, 142659.38723390427
79.21099996566772, -1e+100, 142659.38723390427
79.22399997711182, -1e+100, 142655.09741838227
80.5149998664856, -1e+100, 142655.09741838227
80.52099990844727, -1e+100, 142655.09741838227
80.53999996185303, -1e+100, 142655.09741838227
80.56799983978271, -1e+100, 142655.09741838227
81.8309998512268, -1e+100, 142655.09741838227
81.85800004005432, -1e+100, 142655.09741838227
81.86500000953674, -1e+100, 142655.09741838227
81.8989999294281, -1e+100, 142655.09741838227
81.9079999923706, -1e+100, 142655.09741838227
83.30399990081787, -1e+100, 142633.10074754755
83.30799984931946, -1e+100, 142633.10074754755
84.54699993133545, -1e+100, 142633.10074754755
84.56399989128113, -1e+100, 142633.10074754755
84.57299995422363, -1e+100, 142633.10074754755
84.58999991416931, -1e+100, 142633.10074754755
84.60500001907349, -1e+100, 142633.10074754755
86.00999999046326, -1e+100, 142626.78068752095
86.00999999046326, -1e+100, 142626.78068752095
86.03399991989136, -1e+100, 142606.5319121489
86.0609998703003, -1e+100, 142602.0243136609
87.36299991607666, -1e+100, 142602.0243136609
88.69899988174438, -1e+100, 142602.0243136609
88.70799994468689, -1e+100, 142602.0243136609
88.72000002861023, -1e+100, 142602.0243136609
88.73000001907349, -1e+100, 142602.0243136609
88.74699997901917, -1e+100, 142602.0243136609
90.02999997138977, -1e+100, 142602.0243136609
90.05200004577637, -1e+100, 142597.12282047025
90.07500004768372, -1e+100, 142597.12282047025
91.38499999046326, -1e+100, 142549.53367588468
91.41700005531311, -1e+100, 142549.53367588468
92.73199987411499, -1e+100, 142549.53367588468
92.74499988555908, -1e+100, 142549.53367588468
92.75300002098083, -1e+100, 142549.53367588468
93.95299983024597, -1e+100, 142544.0160755244
93.97000002861023, -1e+100, 142544.0160755244
95.31200003623962, -1e+100, 142544.0160755244
95.34899997711182, -1e+100, 142544.0160755244
96.55599999427795, -1e+100, 142544.0160755244
96.57099986076355, -1e+100, 142517.8336939705
96.58800005912781, -1e+100, 142517.8336939705
96.58899998664856, -1e+100, 142513.62128447756
96.6159999370575, -1e+100, 142513.62128447756
97.87999987602234, -1e+100, 142513.62128447756
97.89100003242493, -1e+100, 142513.62128447756
97.89699983596802, -1e+100, 142513.62128447756
97.90699982643127, -1e+100, 142513.62128447756
97.91999983787537, -1e+100, 142513.62128447756
99.33800005912781, -1e+100, 142513.62128447756
99.34999990463257, -1e+100, 142513.62128447756
99.35800004005432, -1e+100, 142513.62128447756
99.37100005149841, -1e+100, 142513.62128447756
99.38800001144409, -1e+100, 142513.62128447756
100.61399984359741, -1e+100, 142513.62128447756
100.62899994850159, -1e+100, 142481.28624190818
100.65199995040894, -1e+100, 142481.28624190818
102.05599999427795, -1e+100, 142481.28624190818
102.06299996376038, -1e+100, 142474.8045850351
102.07999992370605, -1e+100, 142474.8045850351
102.10699987411499, -1e+100, 142474.8045850351
103.51699995994568, -1e+100, 142474.8045850351
103.53099989891052, -1e+100, 142474.8045850351
103.5329999923706, -1e+100, 142474.8045850351
103.55099987983704, -1e+100, 142474.8045850351
103.56699991226196, -1e+100, 142474.8045850351
103.58399987220764, -1e+100, 142474.8045850351
104.99399995803833, -1e+100, 142474.8045850351
105.01099991798401, -1e+100, 142474.8045850351
105.02499985694885, -1e+100, 142474.8045850351
105.04900002479553, -1e+100, 142474.8045850351
105.06200003623962, -1e+100, 142474.8045850351
106.39299988746643, -1e+100, 142459.94333783718
106.4079999923706, -1e+100, 142459.94333783718
106.42199993133545, -1e+100, 142459.94333783718
107.84699988365173, -1e+100, 142459.94333783718
107.85699987411499, -1e+100, 142459.94333783718
107.86800003051758, -1e+100, 142459.94333783718
107.89499998092651, -1e+100, 142459.94333783718
109.25799989700317, -1e+100, 142459.94333783718
109.26600003242493, -1e+100, 142411.2962877679
109.27499985694885, -1e+100, 142394.63660060574
109.29200005531311, -1e+100, 142394.63660060574
109.3109998703003, -1e+100, 142392.29372734184
109.32200002670288, -1e+100, 142392.29372734184
110.70499992370605, -1e+100, 142392.29372734184
112.11500000953674, -1e+100, 142392.29372734184
112.12199997901917, -1e+100, 142392.29372734184
112.13199996948242, -1e+100, 142392.29372734184
112.1579999923706, -1e+100, 142392.29372734184
112.17700004577637, -1e+100, 142392.29372734184
113.50300002098083, -1e+100, 142392.29372734184
114.96599984169006, -1e+100, 142392.29372734184
114.97099995613098, -1e+100, 142392.29372734184
114.98799991607666, -1e+100, 142369.93691136036
115.00499987602234, -1e+100, 142369.93691136036
115.02499985694885, -1e+100, 142369.93691136036
115.03799986839294, -1e+100, 142369.93691136036
116.52300000190735, -1e+100, 142369.93691136036
116.54900002479553, -1e+100, 142369.93691136036
116.55399990081787, -1e+100, 142369.93691136036
117.9539999961853, -1e+100, 142369.93691136036
117.96300005912781, -1e+100, 142369.93691136036
117.96300005912781, -1e+100, 142369.93691136036
117.98000001907349, -1e+100, 142369.93691136036
119.28799986839294, -1e+100, 142369.93691136036
119.29999995231628, -1e+100, 142369.93691136036
119.31299996376038, -1e+100, 142314.96409471735
120.80200004577637, -1e+100, 142314.96409471735
120.8289999961853, -1e+100, 142314.96409471735
122.29900002479553, -1e+100, 142314.96409471735
122.30799984931946, -1e+100, 142314.96409471735
122.32099986076355, -1e+100, 142314.96409471735
122.33500003814697, -1e+100, 142314.96409471735
123.80799984931946, -1e+100, 142314.96409471735
123.81900000572205, -1e+100, 142314.96409471735
123.82500004768372, -1e+100, 142314.96409471735
123.84800004959106, -1e+100, 142314.96409471735
123.85899996757507, -1e+100, 142314.96409471735
123.86100006103516, -1e+100, 142314.96409471735
125.11299991607666, -1e+100, 142314.96409471735
125.12800002098083, -1e+100, 142276.00720800943
125.13599991798401, -1e+100, 142276.00720800943
126.61100006103516, -1e+100, 142276.00720800943
126.62100005149841, -1e+100, 142276.00720800943
128.1050000190735, -1e+100, 142276.00720800943
128.10899996757507, -1e+100, 142276.00720800943
128.125, -1e+100, 142276.00720800943
128.14100003242493, -1e+100, 142276.00720800943
128.14100003242493, -1e+100, 142276.00720800943
128.15599989891052, -1e+100, 142276.00720800943
129.46099996566772, -1e+100, 142276.00720800943
129.4649999141693, -1e+100, 142276.00720800943
130.9779999256134, -1e+100, 142244.9077329034
130.99300003051758, -1e+100, 142233.85992842968
130.99699997901917, -1e+100, 142233.85992842968
131.02099990844727, -1e+100, 142233.85992842968
131.0420000553131, -1e+100, 142233.85992842968
132.52999997138977, -1e+100, 142233.85992842968
132.55599999427795, -1e+100, 142233.85992842968
133.98600006103516, -1e+100, 142233.85992842968
133.99699997901917, -1e+100, 142233.85992842968
134.00600004196167, -1e+100, 142233.85992842968
134.01699995994568, -1e+100, 142233.85992842968
134.02999997138977, -1e+100, 142233.85992842968
134.03600001335144, -1e+100, 142233.85992842968
135.49199986457825, -1e+100, 142200.99454603757
135.5039999485016, -1e+100, 142200.99454603757
135.52600002288818, -1e+100, 142200.99454603757
137.08699989318848, -1e+100, 142189.33310891353
138.63199996948242, -1e+100, 142189.33310891353
138.6380000114441, -1e+100, 142189.33310891353
138.65599989891052, -1e+100, 142189.33310891353
138.66599988937378, -1e+100, 142189.33310891353
138.68700003623962, -1e+100, 142189.33310891353
138.7039999961853, -1e+100, 142189.33310891353
140.19599986076355, -1e+100, 142189.33310891353
140.2130000591278, -1e+100, 142189.33310891353
140.22699999809265, -1e+100, 142189.33310891353
140.2409999370575, -1e+100, 142172.40766788987
140.260999917984, -1e+100, 142172.40766788987
140.27699995040894, -1e+100, 142172.40766788987
141.71199989318848, -1e+100, 142163.30565347875
141.72699999809265, -1e+100, 142163.30565347875
141.74199986457825, -1e+100, 142163.30565347875
141.74300003051758, -1e+100, 142163.30565347875
141.7590000629425, -1e+100, 142163.30565347875
141.77600002288818, -1e+100, 142163.30565347875
143.21799993515015, -1e+100, 142156.78460474772
143.23499989509583, -1e+100, 142156.78460474772
143.25499987602234, -1e+100, 142156.78460474772
144.8989999294281, -1e+100, 142156.78460474772
144.91499996185303, -1e+100, 142156.78460474772
144.92799997329712, -1e+100, 142156.78460474772
144.9319999217987, -1e+100, 142156.78460474772
144.94899988174438, -1e+100, 142156.78460474772
144.96099996566772, -1e+100, 142156.78460474772
144.97699999809265, -1e+100, 142156.78460474772
144.99300003051758, -1e+100, 142156.78460474772
146.46000003814697, -1e+100, 142156.78460474772
147.9579999446869, -1e+100, 142156.78460474772
147.97499990463257, -1e+100, 142156.78460474772
147.98499989509583, -1e+100, 142156.78460474772
148.0019998550415, -1e+100, 142156.78460474772
148.01699995994568, -1e+100, 142156.78460474772
149.6909999847412, -1e+100, 142156.78460474772
149.71199989318848, -1e+100, 142114.99330803816
149.72399997711182, -1e+100, 142114.99330803816
149.7409999370575, -1e+100, 142114.99330803816
149.75999999046326, -1e+100, 142114.99330803816
149.77900004386902, -1e+100, 142114.99330803816
151.35399985313416, -1e+100, 142114.99330803816
151.3710000514984, -1e+100, 142114.99330803816
153.02699995040894, -1e+100, 142068.6368229542
154.63299989700317, 125269.74210126013, 142052.1461254212
154.64299988746643, 125269.74210126013, 142052.1461254212
154.65199995040894, 125269.74210126013, 142052.1461254212
154.66499996185303, 125269.74210126013, 142043.0740138286
156.5460000038147, 125288.26339314834, 142042.22245993695
156.56799983978271, 125288.26339314834, 142042.22245993695
158.4779999256134, 125288.26339314834, 142042.22245993695
158.48600006103516, 125288.26339314834, 142042.22245993695
158.4909999370575, 125288.26339314834, 142024.4711386087
158.51399993896484, 128011.93028002481, 142020.18542144052
162.06299996376038, 128011.93028002481, 141991.71748403233
163.7869999408722, 128011.93028002481, 141989.4942012488
163.80599999427795, 128011.93028002481, 141989.4942012488
163.8159999847412, 128011.93028002481, 141989.4942012488
165.66799998283386, 128011.93028002481, 141989.4942012488
169.37199997901917, 128011.93028002481, 141929.42207287494
169.3899998664856, 128017.24677413997, 141929.42207287494
169.41100001335144, 128017.24677413997, 141906.4610935011
171.1859998703003, 129983.1800418422, 141906.4610935011
182.72300004959106, 131651.27986274345, 141779.8481459748
190.2059998512268, 132107.27986274348, 141721.86129033
190.2189998626709, 132113.00964824084, 141713.85974457342
192.1529998779297, 132113.00964824084, 141692.9482799362
206.80099987983704, 132113.00964824084, 141554.61164605958
211.12800002098083, 132113.00964824084, 141515.1012081874
215.45199990272522, 132113.00964824084, 141477.4481032639
233.02999997138977, 132113.00964824084, 141364.52868002007
233.03999996185303, 132113.00964824084, 141356.0605169135
233.05399990081787, 132113.00964824084, 141356.0605169135
235.375, 132113.00964824084, 141352.44844846913
240.06900000572205, 132113.00964824084, 141312.5197058891
240.08399987220764, 132113.00964824084, 141312.5197058891
247.19299983978271, 132113.00964824084, 141273.57585820972
251.86100006103516, 132113.00964824084, 141249.69500321223
258.7539999485016, 132113.00964824084, 141189.26403210632
265.84999990463257, 132113.87294706388, 141169.60110172088
270.4379999637604, 132113.87294706388, 141135.31531393202
272.91799998283386, 132113.87294706388, 141126.8562058586
275.3989999294281, 132113.87294706388, 141108.950344797
287.6870000362396, 132113.87294706388, 141021.26241168586
290.31699991226196, 132113.87294706388, 141001.57235326627
297.9619998931885, 132113.87294706388, 140944.56456706216
302.94199991226196, 132113.87294706388, 140919.26856259865
302.95899987220764, 132113.87294706388, 140919.26856259865
302.97000002861023, 132113.87294706388, 140919.26856259865
302.9800000190735, 132113.87294706388, 140919.26856259865
302.99000000953674, 132113.87294706388, 140919.26856259865
307.7849998474121, 132113.87294706388, 140885.38235496666
307.78799986839294, 132113.87294706388, 140885.38235496666
310.28399991989136, 132113.87294706388, 140862.4334452464
326.25999999046326, 132113.87294706388, 140789.61520192493
326.27099990844727, 132113.87294706388, 140789.61520192493
329.01900005340576, 132113.87294706388, 140770.60649437376
334.6329998970032, 132113.87294706388, 140753.63447506
334.635999917984, 132113.87294706388, 140753.63447506
334.6689999103546, 132113.87294706388, 140740.48274490275
337.039999961853, 132113.87294706388, 140740.48274490275
339.664999961853, 132113.87294706388, 140740.24934760548
339.664999961853, 132113.87294706388, 140732.61031904424
342.43099999427795, 132113.87294706388, 140717.58710118695
344.97499990463257, 132113.87294706388, 140714.93552924896
347.585000038147, 132113.87294706388, 140686.24974720523
350.4299998283386, 132113.87294706388, 140672.48162578375
350.44000005722046, 132113.87294706388, 140671.49263065585
350.44599986076355, 132113.87294706388, 140671.49263065585
353.27300000190735, 132113.87294706388, 140655.06890615472
355.8729999065399, 132113.87294706388, 140634.47283822933
361.3129999637604, 132113.87294706388, 140612.3843091886
366.8699998855591, 132113.87294706388, 140577.3077521185
366.89299988746643, 132113.87294706388, 140572.55209415389
369.6050000190735, 132113.87294706388, 140565.02277369524
375.1840000152588, 132113.87294706388, 140529.0939988811
377.7449998855591, 132113.87294706388, 140507.8494305
380.50099992752075, 132113.87294706388, 140494.5283554072
380.5130000114441, 132113.87294706388, 140494.5283554072
380.52499985694885, 132113.87294706388, 140494.5283554072
380.52999997138977, 132113.87294706388, 140487.65032248793
383.3029999732971, 132113.87294706388, 140486.57807034985
383.3120000362396, 132113.87294706388, 140486.57807034985
383.32299995422363, 132113.87294706388, 140486.57807034985
389.1210000514984, 132113.87294706388, 140442.48029681487
403.6089999675751, 132113.87294706388, 140395.65957387877
406.7660000324249, 132113.87294706388, 140385.6469853564
406.7909998893738, 132113.87294706388, 140378.58629231725
409.84099984169006, 132113.87294706388, 140367.55161352523
416.05399990081787, 132113.87294706388, 140334.3615950212
419.021999835968, 132113.87294706388, 140328.36167567965
425.0319998264313, 132113.87294706388, 140309.2335200025
427.95499992370605, 132113.87294706388, 140309.2335200025
430.9779999256134, 132113.87294706388, 140284.57361559
430.9909999370575, 132113.87294706388, 140284.57361559
433.9229998588562, 132113.87294706388, 140274.413333988
439.9409999847412, 132113.87294706388, 140248.3516641305
445.90199995040894, 132113.87294706388, 140234.76146288816
451.8179998397827, 132113.87294706388, 140189.52310656608
454.856999874115, 132113.87294706388, 140183.26403883446
454.875, 132113.87294706388, 140179.02602216983
457.75099992752075, 132113.87294706388, 140179.02602216983
460.7579998970032, 132113.87294706388, 140160.69517338192
460.77999997138977, 132113.87294706388, 140149.4132122556
460.7939999103546, 132113.87294706388, 140149.4132122556
463.885999917984, 132113.87294706388, 140142.16155735526
463.8899998664856, 132113.87294706388, 140142.16155735526
463.9059998989105, 132113.87294706388, 140142.16155735526
469.94599986076355, 132113.87294706388, 140120.70103123962
469.95899987220764, 132113.87294706388, 140120.6930134131
473.12399983406067, 132113.87294706388, 140106.93900127435
476.14299988746643, 132113.87294706388, 140097.45869091694
476.16100001335144, 132113.87294706388, 140097.45869091694
481.74899983406067, 132113.87294706388, 140075.31291718717
481.7569999694824, 132113.87294706388, 140075.31291718717
484.5549998283386, 132113.87294706388, 140075.31291718717
484.55599999427795, 132113.87294706388, 140075.31291718717
493.6139998435974, 132113.87294706388, 140051.00340447482
493.62399983406067, 132113.87294706388, 140051.00340447482
496.7330000400543, 132113.87294706388, 140041.66724640966
496.7449998855591, 132113.87294706388, 140035.69238347118
496.7449998855591, 132113.87294706388, 140035.69238347118
499.94000005722046, 132113.87294706388, 140035.3895364939
499.9609999656677, 132113.87294706388, 140035.3895364939
503.2739999294281, 132113.87294706388, 140029.12117082512
506.4059998989105, 132113.87294706388, 140021.4405350038
512.8239998817444, 132113.87294706388, 139998.4029387888
518.3869998455048, 132113.87294706388, 139980.2927374396
518.3869998455048, 132113.87294706388, 139980.2927374396
521.2279999256134, 132113.87294706388, 139980.2927374396
521.2460000514984, 132113.87294706388, 139980.2927374396
521.2509999275208, 132113.87294706388, 139973.0511326838
521.2649998664856, 132113.87294706388, 139973.0511326838
527.3589999675751, 132113.87294706388, 139956.4898818265
530.4930000305176, 132113.87294706388, 139948.30229871752
533.827999830246, 132113.87294706388, 139932.25638079268
537.0429999828339, 132113.87294706388, 139921.5800470288
537.0569999217987, 132113.87294706388, 139921.5800470288
540.327999830246, 132113.87294706388, 139915.75471347908
543.5469999313354, 132113.87294706388, 139899.63322463175
543.5569999217987, 132113.87294706388, 139899.63322463175
543.569000005722, 132113.87294706388, 139899.63322463175
552.029000043869, 132113.87294706388, 139882.64469206246
552.0339999198914, 132113.87294706388, 139882.64469206246
552.055999994278, 132113.87294706388, 139882.64469206246
552.0639998912811, 132113.87294706388, 139882.64469206246
552.0989999771118, 134533.69844505057, 139880.42844122517
558.9849998950958, 134533.69844505057, 139866.12133979917
569.1710000038147, 134533.69844505057, 139827.2395890577
569.1849999427795, 134533.69844505057, 139825.32469255663
579.662999868393, 134533.69844505057, 139782.85073827024
633.4779999256134, 134533.69844505057, 139585.5646449959
644.3229999542236, 134533.69844505057, 139531.90997216426
644.3320000171661, 134533.69844505057, 139531.90997216426
666.1110000610352, 134533.69844505057, 139462.37489536742
669.7300000190735, 134533.69844505057, 139447.6825523433
673.3999998569489, 134533.69844505057, 139430.5268734376
677.085000038147, 134533.69844505057, 139420.10958619765
684.4769999980927, 134533.69844505057, 139396.38759258116
688.1319999694824, 134533.69844505057, 139389.22615011985
733.4930000305176, 134533.69844505057, 139224.690319041
748.5809998512268, 134533.69844505057, 139188.40855910693
752.3719999790192, 134533.69844505057, 139177.8891500613
760.1009998321533, 134533.69844505057, 139150.94496069997
771.4489998817444, 134533.69844505057, 139125.35083067272
775.3469998836517, 134533.69844505057, 139118.47926735866
775.3539998531342, 134533.69844505057, 139118.47926735866
775.3680000305176, 134533.69844505057, 139118.47926735866
802.6529998779297, 134533.69844505057, 139027.06572401297
826.0720000267029, 134533.69844505057, 138971.2442586453
829.9470000267029, 134533.69844505057, 138960.9757578176
841.8719999790192, 134533.69844505057, 138934.3281776353
849.9299998283386, 134533.69844505057, 138913.04885857884
853.800999879837, 134533.69844505057, 138899.55944124487
857.6699998378754, 134533.69844505057, 138897.98783016048
861.6059999465942, 134533.69844505057, 138890.06081401012
861.6180000305176, 134533.69844505057, 138888.8204616472
861.6429998874664, 134533.69844505057, 138883.55877799046
873.9059998989105, 134533.69844505057, 138860.46749509338
873.925999879837, 134533.69844505057, 138860.46749509338
873.9319999217987, 134533.69844505057, 138860.46749509338
877.8439998626709, 134533.69844505057, 138858.34259020814
885.805999994278, 134533.69844505057, 138843.79239298368
885.819000005722, 134533.69844505057, 138843.79239298368
885.8320000171661, 134533.69844505057, 138843.79239298368
885.845999956131, 134533.69844505057, 138843.79239298368
885.8659999370575, 134533.69844505057, 138842.62831028833
889.8780000209808, 134533.69844505057, 138833.48694737098
898.039999961853, 134533.69844505057, 138818.5893656918
910.1039998531342, 134533.69844505057, 138793.74463859256
914.1569998264313, 134533.69844505057, 138774.36323086146
918.1169998645782, 134533.69844505057, 138767.57624856773
934.4670000076294, 134533.69844505057, 138737.2987408902
934.4789998531342, 134533.69844505057, 138737.14709694742
938.5499999523163, 134533.69844505057, 138729.8101699551
938.5750000476837, 134533.69844505057, 138726.33690548147
942.555999994278, 134533.69844505057, 138722.93066400697
942.5729999542236, 134533.69844505057, 138721.4761399793
942.5939998626709, 134533.69844505057, 138715.1572568501
946.6849999427795, 134533.69844505057, 138709.48177851693
950.8559999465942, 134533.69844505057, 138708.0123901946
983.8259999752045, 134533.69844505057, 138643.25427229836
996.2259998321533, 134533.69844505057, 138620.96219133
996.2460000514984, 134533.69844505057, 138619.89905736205
1000.3269999027252, 134836.2396307434, 138614.7205003374
1004.4930000305176, 134836.2396307434, 138612.038068839
1016.9279999732971, 134836.2396307434, 138589.48726088795
1046.3580000400543, 134836.2396307434, 138533.83509440912
1046.3739998340607, 134836.2396307434, 138533.3516136242
1067.6029999256134, 134836.2396307434, 138495.54902853468
1097.8539998531342, 134836.2396307434, 138443.19122947118
1106.5809998512268, 134836.2396307434, 138428.00159049034
1119.6510000228882, 134836.2396307434, 138406.84746934962
1123.9570000171661, 134836.2396307434, 138400.49559683053
1123.970999956131, 134836.2396307434, 138400.49559683053
1128.223000049591, 134836.2396307434, 138393.36460933214
1137.0209999084473, 134836.2396307434, 138381.919864462
1145.8710000514984, 134836.2396307434, 138369.26602843727
1145.8780000209808, 134836.2396307434, 138369.26602843727
1158.9400000572205, 134836.2396307434, 138340.06906748677
1172.3669998645782, 134836.2396307434, 138326.92351803853
1172.3869998455048, 134836.2396307434, 138326.92351803853
1172.3899998664856, 134836.2396307434, 138326.92351803853
1176.6389999389648, 134836.2396307434, 138321.40347205175
1180.9010000228882, 134836.2396307434, 138312.62532056094
1180.9249999523163, 134836.2396307434, 138305.46495957673
1180.9289999008179, 134836.2396307434, 138305.46495957673
1198.720999956131, 134836.2396307434, 138279.52696199558
1202.9749999046326, 134836.2396307434, 138279.52696199558
1220.5859999656677, 134836.2396307434, 138252.42502970697
1229.8420000076294, 134836.2396307434, 138237.63872978752
1229.8529999256134, 134836.2396307434, 138236.3846000329
1229.8610000610352, 134836.2396307434, 138236.3846000329
1229.8639998435974, 134836.2396307434, 138235.5289343023
1229.8799998760223, 134836.2396307434, 138235.5289343023
1247.7799999713898, 134836.2396307434, 138211.69623192688
1247.7799999713898, 134836.2396307434, 138211.69623192688
1252.4069998264313, 134836.2396307434, 138208.03687484647
1260.0659999847412, 134836.2396307434, 138192.80198909287
1263.792000055313, 134836.2396307434, 138192.35902317616
1263.805999994278, 134836.2396307434, 138192.35902317616
1281.9299998283386, 134836.2396307434, 138157.4086491931
1313.7439999580383, 134836.2396307434, 138107.72370539227
1318.319000005722, 134836.2396307434, 138093.6613837918
1322.9240000247955, 134836.2396307434, 138092.7005988113
1336.2799999713898, 134836.2396307434, 138075.42414538638
1340.885999917984, 134836.2396307434, 138068.1114884955
1340.9010000228882, 134836.2396307434, 138068.1114884955
1350.2549998760223, 134836.2396307434, 138052.8086962335
1350.2690000534058, 134836.2396307434, 138052.71942543983
1354.827999830246, 134836.2396307434, 138046.64021531027
1419.4639999866486, 134836.2396307434, 137957.41331379273
1428.917000055313, 134836.2396307434, 137946.90127846212
1433.4849998950958, 134836.2396307434, 137939.57975239976
1433.4930000305176, 134836.2396307434, 137939.57975239976
1433.5039999485016, 134836.2396307434, 137939.57975239976
1438.1740000247955, 134836.2396307434, 137933.19372903512
1438.1849999427795, 134836.2396307434, 137933.19372903512
1475.5650000572205, 134836.2396307434, 137886.91546875314
1489.4359998703003, 134836.2396307434, 137868.3328393255
1493.9359998703003, 134836.2396307434, 137864.90455686115
1493.9479999542236, 134836.2396307434, 137864.90455686115
1498.6879999637604, 134836.2396307434, 137851.03651130272
1503.6050000190735, 134836.2396307434, 137849.8289091245
1503.6210000514984, 134836.2396307434, 137848.98144590444
1512.885999917984, 134836.2396307434, 137843.85729285137
1512.9079999923706, 134836.2396307434, 137843.85729285137
1522.2389998435974, 134836.2396307434, 137831.96572694174
1527.0950000286102, 134836.2396307434, 137825.1771098257
1541.138000011444, 134836.2396307434, 137806.76592525217
1550.4989998340607, 134836.2396307434, 137793.9665593659
1555.1289999485016, 134836.2396307434, 137789.75265463546
1555.1529998779297, 134836.2396307434, 137789.75265463546
1555.1640000343323, 134836.2396307434, 137789.75265463546
1560.0279998779297, 134836.2396307434, 137781.26445597043
1560.039999961853, 134836.2396307434, 137781.26445597043
1574.457999944687, 134836.2396307434, 137763.22643905104
1579.3320000171661, 134836.2396307434, 137757.26369885306
1584.0249998569489, 134836.2396307434, 137753.00456694775
1584.042000055313, 134836.2396307434, 137753.00456694775
1588.8659999370575, 134836.2396307434, 137747.70330090684
1598.2960000038147, 134836.2396307434, 137736.14597684488
1598.3120000362396, 134836.2396307434, 137731.91429829903
1608.0549998283386, 134836.2396307434, 137728.65147288278
1608.066999912262, 134836.2396307434, 137728.65147288278
1608.0759999752045, 134836.2396307434, 137728.65147288278
1612.8150000572205, 134836.2396307434, 137722.86344498143
1612.8320000171661, 134836.2396307434, 137722.86344498143
1612.8519999980927, 134836.2396307434, 137719.56113440107
1617.6289999485016, 134836.2396307434, 137719.56113440107
1617.648999929428, 134836.2396307434, 137712.18663754777
1622.1929998397827, 134836.2396307434, 137712.18663754777
1627.1419999599457, 134836.2396307434, 137707.48421070512
1647.789999961853, 134836.2396307434, 137684.00904224662
1652.5360000133514, 134836.2396307434, 137677.6842987963
1657.3599998950958, 134836.2396307434, 137673.33729292304
1657.3810000419617, 134836.2396307434, 137673.33729292304
1657.391000032425, 134836.2396307434, 137673.33729292304
1662.1440000534058, 134836.2396307434, 137671.0267069263
1676.7569999694824, 134836.2396307434, 137655.62979363056
1680.7619998455048, 134836.2396307434, 137650.12615043425
1685.6369998455048, 134836.2396307434, 137644.31675316126
1685.6559998989105, 134836.2396307434, 137640.05909719504
1685.6610000133514, 134836.2396307434, 137640.05909719504
1690.5460000038147, 134836.2396307434, 137635.32947967367
1700.3849999904633, 134836.2396307434, 137630.31103918896
1715.0079998970032, 134836.2396307434, 137613.389521661
1715.0169999599457, 134836.2396307434, 137613.389521661
1719.843999862671, 134836.2396307434, 137607.36814699587
1724.7969999313354, 134836.2396307434, 137603.45083147485
1734.6659998893738, 134836.2396307434, 137591.93343964132
1734.6840000152588, 134836.2396307434, 137591.93343964132
1749.4299998283386, 134836.2396307434, 137577.61390695465
1749.4470000267029, 134836.2396307434, 137577.61390695465
1759.3849999904633, 134836.2396307434, 137567.73942339513
1759.4079999923706, 134836.2396307434, 137567.73942339513
1759.4199998378754, 134836.2396307434, 137562.72994096883
1769.473000049591, 134836.2396307434, 137557.04971968074
1769.4789998531342, 134836.2396307434, 137556.43140079055
1774.5139999389648, 134836.2396307434, 137551.6230043873
1774.5319998264313, 134836.2396307434, 137551.6230043873
1779.412999868393, 134836.2396307434, 137547.96256978437
1779.4289999008179, 134836.2396307434, 137547.37065605904
1779.441999912262, 134836.2396307434, 137541.93727307182
1784.4849998950958, 134836.2396307434, 137540.54330396617
1794.4769999980927, 134836.2396307434, 137531.17173388586
1799.4479999542236, 134836.2396307434, 137526.49123011678
1804.5590000152588, 134836.2396307434, 137522.85683113037
1809.5090000629425, 134836.2396307434, 137518.42204394666
1809.526999950409, 134836.2396307434, 137517.52330795248
1824.1110000610352, 134836.2396307434, 137501.81856254712
1829.0889999866486, 134836.2396307434, 137491.8929763768
1834.0339999198914, 134836.2396307434, 137491.37583497958
1839.0820000171661, 134836.2396307434, 137486.74335499725
1844.026999950409, 134836.2396307434, 137480.9664616952
1849.146999835968, 134836.2396307434, 137476.89738128855
1849.1679999828339, 134836.2396307434, 137476.2615710522
1854.2869999408722, 134836.2396307434, 137471.88598792272
1859.3819999694824, 134836.2396307434, 137468.09284747255
1859.3849999904633, 134836.2396307434, 137468.09284747255
1869.1900000572205, 134836.2396307434, 137459.42329807032
1874.2509999275208, 134836.2396307434, 137456.60508320978
1874.2679998874664, 134836.2396307434, 137456.0091314671
1879.1799998283386, 134836.2396307434, 137451.15279311276
1879.194000005722, 134836.2396307434, 137451.15279311276
1879.2109999656677, 134836.2396307434, 137449.37052327232
1884.180999994278, 134836.2396307434, 137449.37052327232
1884.1949999332428, 134836.2396307434, 137448.70097311976
1889.220999956131, 134836.2396307434, 137442.5925727067
1894.260999917984, 134836.2396307434, 137438.4076814264
1899.0339999198914, 134836.2396307434, 137433.27104095454
1899.0429999828339, 134836.2396307434, 137433.27104095454
1899.0539999008179, 134836.2396307434, 137433.27104095454
1899.0659999847412, 134836.2396307434, 137432.83706613522
1903.9739999771118, 134836.2396307434, 137429.45707792282
1903.9830000400543, 134836.2396307434, 137429.45707792282
1914.023999929428, 134836.2396307434, 137421.34422062087
1924.0579998493195, 134836.2396307434, 137415.69795682342
1939.233999967575, 134836.2396307434, 137402.04325108055
1944.4500000476837, 134836.2396307434, 137399.2092189817
1944.4679999351501, 134836.2396307434, 137399.2092189817
1949.4889998435974, 134836.2396307434, 137394.9605806796
1949.4960000514984, 134836.2396307434, 137394.9605806796
1959.7679998874664, 134836.2396307434, 137386.28573202476
1974.5249998569489, 134836.2396307434, 137374.96008778072
1974.534999847412, 134836.2396307434, 137374.96008778072
1974.5449998378754, 134836.2396307434, 137374.96008778072
1974.5539999008179, 134836.2396307434, 137374.96008778072
1974.5539999008179, 134836.2396307434, 137374.96008778072
1974.5789999961853, 134836.2396307434, 137374.96008778072
1974.593999862671, 134836.2396307434, 137374.66504781597
1979.659999847412, 134836.2396307434, 137370.91845438912
1984.835000038147, 134836.2396307434, 137368.43358528183
1984.8489999771118, 134836.2396307434, 137367.77150704083
1989.8489999771118, 134836.2396307434, 137363.35818381485
1995.0329999923706, 134836.2396307434, 137359.72925994208
1995.0469999313354, 134836.2396307434, 137359.72925994208
1995.0599999427795, 134836.2396307434, 137358.81032703744
1995.0750000476837, 134836.2396307434, 137358.6996122798
2005.2439999580383, 134836.2396307434, 137348.6672473673
2005.2639999389648, 134836.2396307434, 137348.6672473673
2010.3320000171661, 134836.2396307434, 137348.6672473673
2020.6429998874664, 134836.2396307434, 137339.4135718379
2020.6589999198914, 134836.2396307434, 137339.4135718379
2020.6689999103546, 134836.2396307434, 137339.4135718379
2025.856999874115, 134836.2396307434, 137337.59002586268
2030.8120000362396, 134836.2396307434, 137331.3799340936
2030.8259999752045, 134836.2396307434, 137331.3799340936
2030.84099984169, 134836.2396307434, 137331.3799340936
2030.8509998321533, 134836.2396307434, 137331.12388884154
2035.957999944687, 134836.2396307434, 137327.41825335042
2041.1449999809265, 134836.2396307434, 137324.52433529697
2046.332999944687, 134836.2396307434, 137320.46040439044
2046.343999862671, 134836.2396307434, 137320.46040439044
2046.3610000610352, 134836.2396307434, 137319.55488887377
2051.2330000400543, 134836.2396307434, 137315.61112385005
2051.2569999694824, 134836.2396307434, 137315.61112385005
2061.6319999694824, 134836.2396307434, 137309.59562506754
2061.6480000019073, 134836.2396307434, 137308.7778890269
2066.3179998397827, 134836.2396307434, 137303.6102896322
2071.4359998703003, 134836.2396307434, 137300.77300821556
2071.4489998817444, 134836.2396307434, 137300.68258718678
2071.470999956131, 134836.2396307434, 137300.42389684715
2076.588000059128, 134836.2396307434, 137298.60587593366
2076.59299993515, 134836.2396307434, 137298.15681008314
2076.611000061035, 134836.2396307434, 137298.15681008314
2081.8339998722076, 134836.2396307434, 137293.88652367934
2086.861000061035, 134836.2396307434, 137288.57596468535
2086.8669998645782, 134836.2396307434, 137287.835114395
2091.9049999713898, 134836.2396307434, 137285.27687420583
2091.9210000038147, 134836.2396307434, 137285.27687420583
2091.9370000362396, 134836.2396307434, 137284.91703551126
2097.121999979019, 134836.2396307434, 137281.5132395006
2097.1340000629425, 134836.2396307434, 137281.5132395006
2097.1440000534058, 134836.2396307434, 137281.5132395006
2097.1559998989105, 134836.2396307434, 137281.5132395006
2097.1740000247955, 134836.2396307434, 137281.5132395006
2097.1770000457764, 134836.2396307434, 137281.5132395006
2097.1979999542236, 134836.2396307434, 137281.5132395006
2097.2200000286102, 134836.2396307434, 137281.10368214152
2102.4749999046326, 134836.2396307434, 137277.68178337862
2107.6169998645782, 134836.2396307434, 137272.59773470784
2112.776000022888, 134836.2396307434, 137267.54421652274
2118.0069999694824, 134836.2396307434, 137263.6570085748
2118.0230000019073, 134836.2396307434, 137263.50350230827
2118.037999868393, 134836.2396307434, 137263.50350230827
2118.055999994278, 134836.2396307434, 137263.50350230827
2123.141000032425, 134836.2396307434, 137260.22027914276
2123.151000022888, 134836.2396307434, 137259.73671391644
2128.234999895096, 134836.2396307434, 137255.78575847283
2133.4589998722076, 134836.2396307434, 137252.99442371036
2133.473000049591, 134836.2396307434, 137252.99442371036
2133.4930000305176, 134836.2396307434, 137252.42418269525
2143.611000061035, 134836.2396307434, 137242.12872033965
2143.6269998550415, 134836.2396307434, 137242.02493327623
2148.5579998493195, 134836.2396307434, 137240.5310636274
2148.5759999752045, 134836.2396307434, 137240.5310636274
2148.5889999866486, 134836.2396307434, 137240.5310636274
2158.542999982834, 134836.2396307434, 137232.74864432085
2158.5599999427795, 134836.2396307434, 137232.74864432085
2158.5789999961853, 134836.2396307434, 137230.43193762624
2158.6029999256134, 134836.2396307434, 137230.43193762624
2163.6419999599457, 134836.2396307434, 137230.43193762624
2163.6589999198914, 134836.2396307434, 137230.43193762624
2163.6740000247955, 134836.2396307434, 137230.43193762624
2163.6799998283386, 134836.2396307434, 137230.43193762624
2163.6959998607635, 134836.2396307434, 137230.43193762624
2163.6959998607635, 134836.2396307434, 137230.43193762624
2167.8389999866486, 134836.2396307434, 137227.43710609773
2178.1859998703003, 134836.2396307434, 137221.36986589138
2183.409999847412, 134836.2396307434, 137216.11778522914
2183.4240000247955, 134836.2396307434, 137216.11778522914
2188.4909999370575, 134836.2396307434, 137212.42153932725
2193.6900000572205, 134836.2396307434, 137203.85449669982
2204.1150000095367, 134836.2396307434, 137199.19962563328
2204.1319999694824, 134836.2396307434, 137198.99216731204
2209.271999835968, 134836.2396307434, 137196.26532940875
2214.4809999465942, 134836.2396307434, 137194.33468851176
2214.4939999580383, 134836.2396307434, 137194.33468851176
2214.5, 134836.2396307434, 137194.33468851176
2224.8739998340607, 134836.2396307434, 137188.13682499397
2224.891000032425, 134836.2396307434, 137187.2224960645
2224.9089999198914, 134836.2396307434, 137186.99654555734
2229.802999973297, 134836.2396307434, 137185.02666399835
2229.8129999637604, 134836.2396307434, 137185.02666399835
2229.8229999542236, 134836.2396307434, 137185.02666399835
2240.233999967575, 134836.2396307434, 137178.23489187908
2240.2489998340607, 134836.2396307434, 137178.23489187908
2240.2569999694824, 134836.2396307434, 137178.23489187908
2245.3710000514984, 134836.2396307434, 137175.20374771333
2245.3949999809265, 134836.2396307434, 137175.20374771333
2245.411999940872, 134836.2396307434, 137175.20374771333
2245.4270000457764, 134836.2396307434, 137175.20374771333
2245.438999891281, 134836.2396307434, 137175.20374771333
2245.451999902725, 134836.2396307434, 137175.20374771333
2245.457000017166, 134836.2396307434, 137175.20374771333
2245.4900000095367, 134836.2396307434, 137174.5577356383
2245.5119998455048, 134836.2396307434, 137171.71022064934
2245.523999929428, 134836.2396307434, 137171.71022064934
2245.536999940872, 134836.2396307434, 137171.71022064934
2250.704999923706, 134836.2396307434, 137168.6483719233
2255.9670000076294, 134836.2396307434, 137168.6483719233
2255.978999853134, 134836.2396307434, 137168.6483719233
2255.9960000514984, 134836.2396307434, 137168.6483719233
2256.016000032425, 134836.2396307434, 137168.57494696113
2261.3099999427795, 134836.2396307434, 137163.89173801077
2261.326999902725, 134836.2396307434, 137163.89173801077
2261.3469998836517, 134836.2396307434, 137163.89173801077
2266.5889999866486, 134836.2396307434, 137161.4296625419
2266.606999874115, 134836.2396307434, 137161.4296625419
2266.621999979019, 134836.2396307434, 137161.13201720975
2266.641000032425, 134836.2396307434, 137158.64761740906
2266.651999950409, 134836.2396307434, 137158.64761740906
2271.9769999980927, 134836.2396307434, 137158.505891678
2271.9909999370575, 134836.2396307434, 137158.505891678
2271.9909999370575, 134836.2396307434, 137158.0135965578
2277.2679998874664, 134836.2396307434, 137154.403857625
2277.2819998264313, 134836.2396307434, 137154.18760742998
2277.2990000247955, 134836.2396307434, 137154.18760742998
2277.3020000457764, 134836.2396307434, 137154.18760742998
2277.3209998607635, 134836.2396307434, 137154.18760742998
2277.329999923706, 134836.2396307434, 137154.08004779776
2277.3469998836517, 134836.2396307434, 137151.74028178293
2282.665999889374, 134836.2396307434, 137151.25031824736
2282.6819999217987, 134836.2396307434, 137151.0549139334
2282.6929998397827, 134836.2396307434, 137151.0549139334
2282.6989998817444, 134836.2396307434, 137150.7548800537
2282.7170000076294, 134836.2396307434, 137150.7548800537
2288.007999897003, 134836.2396307434, 137148.4876351684
2288.021999835968, 134836.2396307434, 137148.4876351684
2293.1029999256134, 134836.2396307434, 137145.77888744
2293.1210000514984, 134836.2396307434, 137145.77888744
2298.486000061035, 134836.2396307434, 137143.23427264547
2298.5019998550415, 134836.2396307434, 137140.0065149183
2298.5179998874664, 134836.2396307434, 137140.0065149183
2298.526999950409, 134836.2396307434, 137140.0065149183
2303.8559999465942, 134836.2396307434, 137138.51792658237
2303.8739998340607, 134836.2396307434, 137138.51792658237
2303.8840000629425, 134836.2396307434, 137138.51792658237
2303.904000043869, 134836.2396307434, 137138.51792658237
2309.2409999370575, 134836.2396307434, 137135.9026344295
2309.2539999485016, 134836.2396307434, 137135.9026344295
2309.2699999809265, 134836.2396307434, 137135.9026344295
2314.444999933243, 134836.2396307434, 137131.59052403248
2325.052999973297, 134836.2396307434, 137126.36515219568
2325.072000026703, 134836.2396307434, 137126.36515219568
2325.0759999752045, 134836.2396307434, 137124.7665856116
2330.0999999046326, 134836.2396307434, 137124.7665856116
2335.326999902725, 134836.2396307434, 137123.47080300967
2335.3289999961853, 134836.2396307434, 137122.8222487209
2335.3509998321533, 134836.2396307434, 137121.48019424966
2340.697000026703, 134836.2396307434, 137118.7155357882
2340.7139999866486, 134836.2396307434, 137118.7155357882
2345.7569999694824, 134836.2396307434, 137116.02034567713
2345.771999835968, 134836.2396307434, 137115.85052903587
2345.771999835968, 134836.2396307434, 137115.85052903587
2345.786999940872, 134836.2396307434, 137115.85052903587
2345.8049998283386, 134836.2396307434, 137115.85052903587
2345.819000005722, 134836.2396307434, 137115.85052903587
2345.832000017166, 134836.2396307434, 137114.75410140154
2356.4210000038147, 134836.2396307434, 137111.43308295053
2356.441999912262, 134836.2396307434, 137110.61234738023
2366.776000022888, 134836.2396307434, 137104.17114785837
2366.776000022888, 134836.2396307434, 137104.17114785837
2371.947000026703, 134836.2396307434, 137101.26715862934
2371.9639999866486, 134836.2396307434, 137101.26715862934
2371.984999895096, 134836.2396307434, 137101.1852946034
2371.99799990654, 134836.2396307434, 137101.1852946034
2377.0609998703003, 134836.2396307434, 137098.4357763187
2377.0859999656677, 134836.2396307434, 137096.13455665423
2382.0449998378754, 134836.2396307434, 137096.13455665423
2382.0620000362396, 134836.2396307434, 137096.13455665423
2386.2330000400543, 134836.2396307434, 137094.23830751187
2386.234999895096, 134836.2396307434, 137093.5077403031
2391.3980000019073, 134836.2396307434, 137091.7348139291
2396.580999851227, 134836.2396307434, 137088.92185388773
2396.6080000400543, 134836.2396307434, 137088.92185388773
2396.6129999160767, 134836.2396307434, 137088.92185388773
2396.635999917984, 134836.2396307434, 137088.92185388773
2396.6480000019073, 134836.2396307434, 137088.92185388773
2402.1399998664856, 134836.2396307434, 137088.48886219057
2402.1399998664856, 134836.2396307434, 137088.48886219057
2402.165999889374, 134836.2396307434, 137085.21255635688
2402.175999879837, 134836.2396307434, 137085.21255635688
2402.177999973297, 134836.2396307434, 137085.21255635688
2402.190999984741, 134836.2396307434, 137085.21255635688
2407.414999961853, 134836.2396307434, 137084.49660972832
2407.425999879837, 134836.2396307434, 137084.49660972832
2407.4299998283386, 134836.2396307434, 137084.49660972832
2412.829999923706, 134836.2396307434, 137082.73292314904
2412.843999862671, 134836.2396307434, 137081.7972869607
2412.859999895096, 134836.2396307434, 137081.7972869607
2412.8739998340607, 134836.2396307434, 137081.7972869607
2418.319999933243, 134836.2396307434, 137076.48704306246
2423.6979999542236, 134836.2396307434, 137075.50237971655
2423.71599984169, 134836.2396307434, 137072.77714317586
2423.744999885559, 134836.2396307434, 137072.77714317586
2429.1749999523163, 134836.2396307434, 137072.77714317586
2429.188999891281, 134836.2396307434, 137072.77714317586
2429.204999923706, 134836.2396307434, 137068.19462138362
2429.210000038147, 134836.2396307434, 137068.19462138362
2434.4489998817444, 134836.2396307434, 137068.15536016994
2434.457999944687, 134836.2396307434, 137067.99148151377
2439.8689999580383, 134836.2396307434, 137065.4196700633
2439.8849999904633, 134836.2396307434, 137065.4196700633
2439.8919999599457, 134836.2396307434, 137065.20644424742
2439.9049999713898, 134836.2396307434, 137065.20644424742
2439.9299998283386, 134836.2396307434, 137065.20644424742
2439.9429998397827, 134836.2396307434, 137065.20644424742
2439.952999830246, 134836.2396307434, 137065.20644424742
2439.952999830246, 134836.2396307434, 137065.20644424742
2445.161999940872, 134836.2396307434, 137062.36375664777
2445.1799998283386, 134836.2396307434, 137062.05615664582
2445.197000026703, 134836.2396307434, 137062.05615664582
2445.2000000476837, 134836.2396307434, 137062.05615664582
2450.483999967575, 134836.2396307434, 137060.26021371887
2450.5019998550415, 134836.2396307434, 137060.26021371887
2454.4249999523163, 134836.2396307434, 137058.4801016911
2459.606999874115, 134836.2396307434, 137057.63411091416
2459.625, 134836.2396307434, 137057.63411091416
2459.6299998760223, 134836.2396307434, 137057.5804436805
2459.6419999599457, 134836.2396307434, 137057.5804436805
2459.659999847412, 134836.2396307434, 137057.27199216935
2464.9930000305176, 134836.2396307434, 137056.63887910085
2465.0060000419617, 134836.2396307434, 137056.63887910085
2465.0099999904633, 134836.2396307434, 137056.63887910085
2465.0309998989105, 134836.2396307434, 137056.63887910085
2470.34099984169, 134836.2396307434, 137052.53261298648
2470.3550000190735, 134836.2396307434, 137052.53261298648
2475.856999874115, 134836.2396307434, 137049.30267222706
2475.8710000514984, 134836.2396307434, 137049.30267222706
2475.8710000514984, 134836.2396307434, 137049.30267222706
2475.888000011444, 134836.2396307434, 137049.30267222706
2481.4349999427795, 134836.2396307434, 137047.43876288956
2486.7489998340607, 134836.2396307434, 137044.0113397727
2486.7509999275208, 134836.2396307434, 137043.21852084278
2486.7730000019073, 134836.2396307434, 137043.21852084278
2491.8710000514984, 134836.2396307434, 137040.51084373303
2491.8940000534058, 134836.2396307434, 137040.51084373303
2491.9059998989105, 134836.2396307434, 137040.51084373303
2491.9059998989105, 134836.2396307434, 137040.51084373303
2491.930999994278, 134836.2396307434, 137039.85217165478
2497.322000026703, 134836.2396307434, 137038.63090135538
2497.3359999656677, 134836.2396307434, 137038.63090135538
2497.343999862671, 134836.2396307434, 137038.0777017564
2497.3550000190735, 134836.2396307434, 137038.0777017564
2497.375, 134836.2396307434, 137038.0777017564
2497.388000011444, 134836.2396307434, 137038.0777017564
2497.398999929428, 134836.2396307434, 137038.00443983945
2502.7799999713898, 134836.2396307434, 137036.16237832746
2502.7939999103546, 134836.2396307434, 137036.16237832746
2502.7999999523163, 134836.2396307434, 137036.16237832746
2502.8209998607635, 134836.2396307434, 137036.16237832746
2502.832000017166, 134836.2396307434, 137036.03912277316
2502.8450000286102, 134836.2396307434, 137035.83725561106
2502.8559999465942, 134836.2396307434, 137035.83725561106
2502.8689999580383, 134836.2396307434, 137035.83725561106
2508.5360000133514, 134836.2396307434, 137033.86728598873
2508.5549998283386, 134836.2396307434, 137033.19466917292
2513.8849999904633, 134836.2396307434, 137031.8916880353
2513.901999950409, 134836.2396307434, 137031.57796044042
2513.9079999923706, 134836.2396307434, 137031.57796044042
2513.922999858856, 134836.2396307434, 137031.57796044042
2513.944999933243, 134836.2396307434, 137031.57796044042
2523.49799990654, 134836.2396307434, 137029.79180098913
2528.940999984741, 134836.2396307434, 137026.336133002
2534.441999912262, 134836.2396307434, 137023.30194910802
2534.457000017166, 134836.2396307434, 137023.30194910802
2534.463000059128, 134836.2396307434, 137021.12527695158
2545.563999891281, 134836.2396307434, 137019.16225938292
2545.582000017166, 134836.2396307434, 137018.6413173866
2551.0579998493195, 134836.2396307434, 137016.6285484261
2551.0739998817444, 134836.2396307434, 137016.6285484261
2556.733999967575, 134836.2396307434, 137014.46418970526
2556.7549998760223, 134836.2396307434, 137014.04495829094
2556.7709999084473, 134836.2396307434, 137014.04495829094
2562.4359998703003, 134836.2396307434, 137011.2554046826
2567.5999999046326, 134836.2396307434, 137008.33683708493
2573.1829998493195, 134836.2396307434, 137005.90014996481
2573.194999933243, 134836.2396307434, 137005.90014996481
2573.207000017166, 134836.2396307434, 137005.58370152145
2578.8789999485016, 134836.2396307434, 137004.03322547989
2578.8919999599457, 134836.2396307434, 137003.88377173478
2578.904000043869, 134836.2396307434, 137003.88377173478
2584.534999847412, 134836.2396307434, 137001.0515816084
2584.552999973297, 134836.2396307434, 137001.0515816084
2584.5549998283386, 134836.2396307434, 137000.7948840608
2584.5759999752045, 134836.2396307434, 137000.75777550053
2589.8869998455048, 134836.2396307434, 136998.39391626482
2589.9029998779297, 134836.2396307434, 136998.39391626482
2589.9069998264313, 134836.2396307434, 136998.39391626482
2589.9249999523163, 134836.2396307434, 136998.39391626482
2589.938999891281, 134836.2396307434, 136998.39391626482
2589.9589998722076, 134836.2396307434, 136997.6672099696
2595.3420000076294, 134836.2396307434, 136995.25348775086
2595.361999988556, 134836.2396307434, 136995.25348775086
2595.37299990654, 134836.2396307434, 136995.25348775086
2595.3840000629425, 134836.2396307434, 136995.25348775086
2595.3899998664856, 134836.2396307434, 136995.25348775086
2595.4110000133514, 134836.2396307434, 136993.18418955978
2595.4270000457764, 134836.2396307434, 136993.18418955978
2595.4370000362396, 134836.2396307434, 136993.18418955978
2601.1399998664856, 134836.2396307434, 136993.18418955978
2606.5469999313354, 134836.2396307434, 136990.3642868218
2606.5750000476837, 134836.2396307434, 136989.93129568893
2606.6009998321533, 134836.2396307434, 136989.50302417856
2606.62299990654, 134836.2396307434, 136989.50302417856
2606.638000011444, 134836.2396307434, 136989.50302417856
2612.180999994278, 134836.2396307434, 136988.87209209666
2612.1959998607635, 134836.2396307434, 136988.87209209666
2612.2089998722076, 134836.2396307434, 136988.87209209666
2612.2249999046326, 134836.2396307434, 136988.87209209666
2612.2460000514984, 134836.2396307434, 136987.31724240497
2617.7269999980927, 134836.2396307434, 136986.55856510397
2623.411999940872, 134836.2396307434, 136984.05117965615
2623.4319999217987, 134836.2396307434, 136981.03207481978
2628.790999889374, 134836.2396307434, 136980.47989766853
2628.7990000247955, 134836.2396307434, 136980.47058963243
2634.417000055313, 134836.2396307434, 136978.64005070872
2634.4329998493195, 134836.2396307434, 136978.64005070872
2634.4359998703003, 134836.2396307434, 136978.64005070872
2634.451999902725, 134836.2396307434, 136978.64005070872
2634.473000049591, 134836.2396307434, 136978.64005070872
2634.486999988556, 134836.2396307434, 136976.77801757632
2640.088000059128, 134836.2396307434, 136976.59973173033
2640.1050000190735, 134836.2396307434, 136976.59973173033
2640.119999885559, 134836.2396307434, 136976.5993758566
2645.766000032425, 134836.2396307434, 136974.9180791727
2645.779000043869, 134836.2396307434, 136974.36719743826
2645.792000055313, 134836.2396307434, 136974.36719743826
2645.7960000038147, 134836.2396307434, 136974.36719743826
2645.8120000362396, 134836.2396307434, 136974.36719743826
2645.826999902725, 134836.2396307434, 136974.36577945645
2645.8389999866486, 134836.2396307434, 136974.36577945645
2645.8519999980927, 134836.2396307434, 136974.15240019208
2645.8639998435974, 134836.2396307434, 136971.46987925825
2651.167000055313, 134836.2396307434, 136971.46987925825
2651.191999912262, 134836.2396307434, 136971.46987925825
2651.2039999961853, 134836.2396307434, 136971.46987925825
2651.218999862671, 134836.2396307434, 136971.46987925825
2651.2300000190735, 134836.2396307434, 136971.46987925825
2651.2409999370575, 134836.2396307434, 136971.46987925825
2651.257999897003, 134836.2396307434, 136970.7287016127
2651.2699999809265, 134836.2396307434, 136970.7287016127
2651.2860000133514, 134836.2396307434, 136969.16374366378
2651.302999973297, 134836.2396307434, 136969.16374366378
2651.302999973297, 134836.2396307434, 136969.16374366378
2656.951999902725, 134836.2396307434, 136969.16374366378
2656.986999988556, 134836.2396307434, 136966.75297416848
2662.71599984169, 134836.2396307434, 136966.75297416848
2662.7300000190735, 134836.2396307434, 136966.5462637465
2662.7439999580383, 134836.2396307434, 136966.5462637465
2662.7599999904633, 134836.2396307434, 136966.5462637465
2662.771999835968, 134836.2396307434, 136965.1385734756
2662.7819998264313, 134836.2396307434, 136965.1385734756
2662.792000055313, 134836.2396307434, 136965.1385734756
2668.4930000305176, 134836.2396307434, 136965.1385734756
2668.5090000629425, 134836.2396307434, 136965.1385734756
2668.5209999084473, 134836.2396307434, 136964.58982188482
2674.3420000076294, 134836.2396307434, 136962.46636192597
2679.822000026703, 134836.2396307434, 136959.77351187103
2679.832000017166, 134836.2396307434, 136959.77351187103
2679.84299993515, 134836.2396307434, 136959.77351187103
2679.8580000400543, 134836.2396307434, 136959.36385451845
2679.8739998340607, 134836.2396307434, 136959.36385451845
2679.888000011444, 134836.2396307434, 136959.36385451845
2679.901999950409, 134836.2396307434, 136959.36385451845
2679.9210000038147, 134836.2396307434, 136957.0703703997
2679.9349999427795, 134836.2396307434, 136957.0703703997
2685.572000026703, 134836.2396307434, 136957.0703703997
2685.582999944687, 134836.2396307434, 136957.0703703997
2685.59299993515, 134836.2396307434, 136956.3177655416
2691.521999835968, 134836.2396307434, 136955.50122666967
2691.5360000133514, 134836.2396307434, 136955.06036847763
2691.5569999217987, 134836.2396307434, 136954.72284533377
2691.5759999752045, 134836.2396307434, 136953.52745277982
2697.077999830246, 134836.2396307434, 136953.52745277982
2697.0920000076294, 134836.2396307434, 136953.52745277982
2697.1019999980927, 134836.2396307434, 136952.11374506456
2697.1019999980927, 134836.2396307434, 136950.34342087948
2708.404000043869, 134836.2396307434, 136949.27956371097
2708.4240000247955, 134836.2396307434, 136948.20294120585
2708.4379999637604, 134836.2396307434, 136948.20294120585
2714.0449998378754, 134836.2396307434, 136944.25805725483
2714.0620000362396, 134836.2396307434, 136944.25805725483
2714.0750000476837, 134836.2396307434, 136942.64212772265
2714.09099984169, 134836.2396307434, 136942.64212772265
2714.1050000190735, 134836.2396307434, 136942.64212772265
2719.526999950409, 134836.2396307434, 136942.64212772265
2719.539999961853, 134836.2396307434, 136942.64212772265
2719.559000015259, 134836.2396307434, 136942.64212772265
2719.5750000476837, 134836.2396307434, 136942.64212772265
2719.5920000076294, 134836.2396307434, 136942.64212772265
2719.606999874115, 134836.2396307434, 136942.10625447865
2719.606999874115, 134836.2396307434, 136942.10625447865
2719.62299990654, 134836.2396307434, 136940.49064603727
2719.6399998664856, 134836.2396307434, 136940.49064603727
2719.6399998664856, 134836.2396307434, 136940.49064603727
2725.468999862671, 134836.2396307434, 136940.49064603727
2725.4830000400543, 134836.2396307434, 136940.49064603727
2725.4989998340607, 134836.2396307434, 136940.34625678623
2725.503000020981, 134836.2396307434, 136940.34625678623
2725.5209999084473, 134836.2396307434, 136940.24149494086
2725.539999961853, 134836.2396307434, 136940.24149494086
2725.5520000457764, 134836.2396307434, 136940.23300461852
2731.3669998645782, 134836.2396307434, 136937.77572549885
2731.382999897003, 134836.2396307434, 136937.77572549885
2731.404000043869, 134836.2396307434, 136937.77572549885
2731.417000055313, 134836.2396307434, 136937.39914233456
2731.4199998378754, 134836.2396307434, 136937.39914233456
2731.4349999427795, 134836.2396307434, 136937.39914233456
2731.444000005722, 134836.2396307434, 136937.2484044011
2731.455999851227, 134836.2396307434, 136937.2484044011
2731.46599984169, 134836.2396307434, 136935.60503795688
2737.313999891281, 134836.2396307434, 136935.35608777462
2737.3289999961853, 134836.2396307434, 136935.35608777462
2737.3420000076294, 134836.2396307434, 136935.35608777462
2737.353999853134, 134836.2396307434, 136933.04089338542
2742.7649998664856, 134836.2396307434, 136932.7656766438
2742.7809998989105, 134836.2396307434, 136932.7656766438
2742.786999940872, 134836.2396307434, 136932.40958753956
2742.800999879837, 134836.2396307434, 136932.40958753956
2748.641000032425, 134836.2396307434, 136932.40958753956
2748.662999868393, 134836.2396307434, 136932.40958753956
2748.6799998283386, 134836.2396307434, 136932.40958753956
2748.6829998493195, 134836.2396307434, 136932.40958753956
2748.6989998817444, 134836.2396307434, 136932.40958753956
2748.707999944687, 134836.2396307434, 136932.40958753956
2748.7219998836517, 134836.2396307434, 136932.40958753956
2748.7330000400543, 134836.2396307434, 136931.57914388942
2748.744999885559, 134836.2396307434, 136929.22847390946
2754.611999988556, 134836.2396307434, 136929.22847390946
2754.6159999370575, 134836.2396307434, 136928.479721046
2754.632999897003, 134836.2396307434, 136928.479721046
2760.6929998397827, 134836.2396307434, 136926.8082614158
2760.710000038147, 134836.2396307434, 136926.3704557383
2760.7139999866486, 134836.2396307434, 136926.3704557383
2760.7300000190735, 134836.2396307434, 136926.3704557383
2760.7389998435974, 134836.2396307434, 136926.3704557383
2760.7489998340607, 134836.2396307434, 136926.3704557383
2760.757999897003, 134836.2396307434, 136926.3704557383
2760.763000011444, 134836.2396307434, 136926.3704557383
2766.6059999465942, 134836.2396307434, 136924.27679675035
2766.6159999370575, 134836.2396307434, 136924.27679675035
2766.628000020981, 134836.2396307434, 136923.90124279034
2766.6369998455048, 134836.2396307434, 136923.90124279034
2766.641000032425, 134836.2396307434, 136923.36588593677
2766.6640000343323, 134836.2396307434, 136923.36588593677
2772.191999912262, 134836.2396307434, 136923.06868964445
2772.202999830246, 134836.2396307434, 136923.06868964445
2772.2149999141693, 134836.2396307434, 136923.06868964445
2772.21599984169, 134836.2396307434, 136923.06868964445
2772.2439999580383, 134836.2396307434, 136920.9083980066
2778.111000061035, 134836.2396307434, 136920.9083980066
2778.1139998435974, 134836.2396307434, 136920.9083980066
2778.1369998455048, 134836.2396307434, 136920.9083980066
2778.148999929428, 134836.2396307434, 136920.9083980066
2778.148999929428, 134836.2396307434, 136920.9083980066
2778.167999982834, 134836.2396307434, 136920.9083980066
2778.177999973297, 134836.2396307434, 136920.9083980066
2778.184000015259, 134836.2396307434, 136920.9083980066
2778.2000000476837, 134836.2396307434, 136920.9083980066
2778.2109999656677, 134836.2396307434, 136920.9083980066
2778.223999977112, 134836.2396307434, 136919.57171865713
2784.2309999465942, 134836.2396307434, 136919.30902421108
2784.2389998435974, 134836.2396307434, 136919.30902421108
2789.9830000400543, 134836.2396307434, 136915.40210971294
2789.99799990654, 134836.2396307434, 136915.1403633201
2790.0019998550415, 134836.2396307434, 136915.1403633201
2790.0279998779297, 134836.2396307434, 136915.1403633201
2795.96799993515, 134836.2396307434, 136914.0925480284
2795.986999988556, 134836.2396307434, 136914.0925480284
2795.9989998340607, 134836.2396307434, 136914.002375077
2796.003000020981, 134836.2396307434, 136914.002375077
2796.026000022888, 134836.2396307434, 136913.874332315
2801.651999950409, 134836.2396307434, 136912.80940600883
2806.4939999580383, 134836.2396307434, 136909.3921849312
2806.5049998760223, 134836.2396307434, 136909.3921849312
2806.5169999599457, 134836.2396307434, 136909.3921849312
2806.526999950409, 134836.2396307434, 136909.3921849312
2806.5390000343323, 134836.2396307434, 136909.3921849312
2812.151000022888, 134836.2396307434, 136908.35888857683
2812.167999982834, 134836.2396307434, 136908.35888857683
2812.1870000362396, 134836.2396307434, 136908.35888857683
2812.2039999961853, 134836.2396307434, 136907.86486117158
2818.0869998931885, 134836.2396307434, 136907.0406025707
2818.1029999256134, 134836.2396307434, 136907.0406025707
2823.963000059128, 134836.2396307434, 136904.79299746276
2823.9779999256134, 134836.2396307434, 136904.79299746276
2823.984999895096, 134836.2396307434, 136904.79299746276
2823.9989998340607, 134836.2396307434, 136904.79299746276
2823.9989998340607, 134836.2396307434, 136904.79299746276
2824.0230000019073, 134836.2396307434, 136904.33533185895
2830.013000011444, 134836.2396307434, 136901.78206756234
2830.0209999084473, 134836.2396307434, 136901.78206756234
2836.106999874115, 134836.2396307434, 136900.41970227467
2836.12299990654, 134836.2396307434, 136900.41970227467
2836.1399998664856, 134836.2396307434, 136897.50655068507
2836.154000043869, 134836.2396307434, 136897.50655068507
2841.848000049591, 134836.2396307434, 136896.91089194236
2847.6349999904633, 134836.2396307434, 136896.45244760066
2847.635999917984, 134836.2396307434, 136896.45244760066
2847.659999847412, 134836.2396307434, 136896.45244760066
2847.6710000038147, 134836.2396307434, 136896.45244760066
2847.6879999637604, 134836.2396307434, 136896.45244760066
2847.6929998397827, 134836.2396307434, 136896.45244760066
2847.7089998722076, 134836.2396307434, 136895.9566764799
2847.718999862671, 134836.2396307434, 136895.9566764799
2847.7279999256134, 134836.2396307434, 136895.9566764799
2853.8469998836517, 134836.2396307434, 136893.49944656563
2853.8659999370575, 134836.2396307434, 136891.17443549822
2859.917999982834, 134836.2396307434, 136890.81153611722
2859.9329998493195, 134836.2396307434, 136890.81153611722
2859.9379999637604, 134836.2396307434, 136890.81153611722
2859.9589998722076, 134836.2396307434, 136890.81153611722
2865.7519998550415, 134836.2396307434, 136890.1421006619
2865.766000032425, 134836.2396307434, 136890.1421006619
2865.776000022888, 134836.2396307434, 136890.1421006619
2865.7860000133514, 134836.2396307434, 136890.1421006619
2865.7890000343323, 134836.2396307434, 136890.1421006619
2865.813999891281, 134836.2396307434, 136890.1421006619
2865.826999902725, 134836.2396307434, 136890.1421006619
2865.8359999656677, 134836.2396307434, 136890.1421006619
2865.8550000190735, 134836.2396307434, 136887.92775733105
2871.707999944687, 134836.2396307434, 136887.92775733105
2871.720999956131, 134836.2396307434, 136887.92775733105
2871.7219998836517, 134836.2396307434, 136887.92775733105
2871.7460000514984, 134836.2396307434, 136887.92775733105
2877.6429998874664, 134836.2396307434, 136885.79681156485
2877.6579999923706, 134836.2396307434, 136885.72761048365
2883.4619998931885, 134836.2396307434, 136883.6207780685
2883.4779999256134, 134836.2396307434, 136883.6207780685
2883.4930000305176, 134836.2396307434, 136883.6207780685
2883.49799990654, 134836.2396307434, 136883.6207780685
2883.5199999809265, 134836.2396307434, 136883.6207780685
2883.534999847412, 134836.2396307434, 136883.6207780685
2883.5469999313354, 134836.2396307434, 136883.6207780685
2883.5469999313354, 134836.2396307434, 136883.6207780685
2883.563999891281, 134836.2396307434, 136882.8163532767
2883.580999851227, 134836.2396307434, 136881.29917323546
2889.5179998874664, 134836.2396307434, 136881.29917323546
2895.569000005722, 134836.2396307434, 136879.677661814
2895.5899999141693, 134836.2396307434, 136877.3555445279
2901.205999851227, 134836.2396307434, 136877.3555445279
2901.223999977112, 134836.2396307434, 136877.0815164267
2901.2330000400543, 134836.2396307434, 136877.0424604951
2901.2460000514984, 134836.2396307434, 136877.0424604951
2907.313999891281, 134836.2396307434, 136875.74692589795
2907.335000038147, 134836.2396307434, 136875.55735683444
2907.348000049591, 134836.2396307434, 136875.24023685156
2907.3650000095367, 134836.2396307434, 136875.24023685156
2913.1549999713898, 134836.2396307434, 136874.06844061663
2913.1749999523163, 134836.2396307434, 136874.06844061663
2913.1849999427795, 134836.2396307434, 136874.06844061663
2913.188999891281, 134836.2396307434, 136874.06844061663
2913.1989998817444, 134836.2396307434, 136874.06844061663
2913.2170000076294, 134836.2396307434, 136874.06844061663
2913.2259998321533, 134836.2396307434, 136874.06844061663
2913.234999895096, 134836.2396307434, 136874.06844061663
2913.2439999580383, 134836.2396307434, 136874.06844061663
2919.201999902725, 134836.2396307434, 136872.97363207626
2919.21799993515, 134836.2396307434, 136872.97363207626
2919.220999956131, 134836.2396307434, 136872.97363207626
2919.2439999580383, 134836.2396307434, 136872.97363207626
2919.2560000419617, 134836.2396307434, 136872.97363207626
2919.2690000534058, 134836.2396307434, 136872.97363207626
2919.2690000534058, 134836.2396307434, 136872.97363207626
2919.292999982834, 134836.2396307434, 136872.97363207626
2919.305999994278, 134836.2396307434, 136872.97363207626
2919.315999984741, 134836.2396307434, 136872.97363207626
2919.3289999961853, 134836.2396307434, 136870.33938198056
2925.3399999141693, 134836.2396307434, 136870.17064913924
2925.3499999046326, 134836.2396307434, 136870.17064913924
2925.359999895096, 134836.2396307434, 136870.0150224744
2925.371999979019, 134836.2396307434, 136869.81730119608
2925.382999897003, 134836.2396307434, 136869.81730119608
2925.3929998874664, 134836.2396307434, 136869.81730119608
2925.401999950409, 134836.2396307434, 136869.81730119608
2925.411999940872, 134836.2396307434, 136869.81730119608
2925.412999868393, 134836.2396307434, 136869.81730119608
2931.496999979019, 134836.2396307434, 136868.7041860756
2931.5099999904633, 134836.2396307434, 136868.46520732951
2931.5149998664856, 134836.2396307434, 136868.2358889536
2931.5309998989105, 134836.2396307434, 136866.62097145102
2937.5319998264313, 134836.2396307434, 136866.62097145102
2937.5520000457764, 134836.2396307434, 136866.3446461797
2937.5520000457764, 134836.2396307434, 136866.3446461797
2937.580999851227, 134836.2396307434, 136865.09172999833
2937.59299993515, 134836.2396307434, 136865.09172999833
2943.6340000629425, 134836.2396307434, 136864.97500863037
2949.6029999256134, 134836.2396307434, 136863.3296127169
2949.625, 134836.2396307434, 136863.3296127169
2949.6269998550415, 134836.2396307434, 136863.3296127169
2949.641000032425, 134836.2396307434, 136863.3296127169
2949.6569998264313, 134836.2396307434, 136863.3296127169
2955.733999967575, 134836.2396307434, 136861.8082605641
2967.3899998664856, 134836.2396307434, 136857.44592348856
2967.4079999923706, 134836.2396307434, 136857.44592348856
2967.411999940872, 134836.2396307434, 136857.30508783666
2967.4319999217987, 134836.2396307434, 136857.30508783666
2967.4319999217987, 134836.2396307434, 136857.30508783666
2973.3899998664856, 134836.2396307434, 136857.30508783666
2973.3919999599457, 134836.2396307434, 136857.30508783666
2973.4140000343323, 134836.2396307434, 136857.30508783666
2973.4270000457764, 134836.2396307434, 136857.30508783666
2973.4270000457764, 134836.2396307434, 136857.30508783666
2973.4500000476837, 134836.2396307434, 136855.65788533044
2973.4619998931885, 134836.2396307434, 136855.65788533044
2973.473000049591, 134836.2396307434, 136853.5225156743
2979.0579998493195, 134836.2396307434, 136853.42669293465
2979.0739998817444, 134836.2396307434, 136853.42669293465
2979.088000059128, 134836.2396307434, 136852.87374591254
2984.8980000019073, 134836.2396307434, 136852.38999347432
2984.9210000038147, 134836.2396307434, 136852.17534018552
2984.934000015259, 134836.2396307434, 136852.17534018552
2984.954999923706, 134836.2396307434, 136852.17534018552
2984.96599984169, 134836.2396307434, 136852.17534018552
2984.9759998321533, 134836.2396307434, 136852.17534018552
2990.9779999256134, 134836.2396307434, 136851.30629421215
2990.9800000190735, 134836.2396307434, 136851.30629421215
2996.84299993515, 134836.2396307434, 136848.84743909334
2996.861000061035, 134836.2396307434, 136848.27522400077
2996.8659999370575, 134836.2396307434, 136848.27522400077
2996.8840000629425, 134836.2396307434, 136848.27522400077
2996.8919999599457, 134836.2396307434, 136848.27522400077
3002.8680000305176, 134836.2396307434, 136846.84018717482
3002.8769998550415, 134836.2396307434, 136846.74262031468
3002.8980000019073, 134836.2396307434, 136846.7277941401
3008.8239998817444, 134836.2396307434, 136845.89636840275
3008.830999851227, 134836.2396307434, 136845.89636840275
3008.8519999980927, 134836.2396307434, 136845.89636840275
3008.8650000095367, 134836.2396307434, 136845.89636840275
3008.8789999485016, 134836.2396307434, 136845.08314833528
3008.891000032425, 134836.2396307434, 136845.0069071893
3008.899999856949, 134836.2396307434, 136845.0069071893
3008.9089999198914, 134836.2396307434, 136845.0069071893
3008.917000055313, 134836.2396307434, 136845.0069071893
3014.7969999313354, 134836.2396307434, 136843.24117777086
3014.813999891281, 134836.2396307434, 136842.90275676476
3014.8239998817444, 134836.2396307434, 136841.23838036743
3020.7109999656677, 134836.2396307434, 136840.9560315237
3020.723999977112, 134836.2396307434, 136840.9275284594
3026.940999984741, 134836.2396307434, 136839.9142410012
3026.960000038147, 134836.2396307434, 136839.9142410012
3026.963000059128, 134836.2396307434, 136839.9142410012
3026.9759998321533, 134836.2396307434, 136839.9142410012
3026.994999885559, 134836.2396307434, 136839.9142410012
3027.0060000419617, 134836.2396307434, 136839.9142410012
3032.917999982834, 134836.2396307434, 136838.0279707546
3032.9349999427795, 134836.2396307434, 136838.0279707546
3032.955999851227, 134836.2396307434, 136838.0279707546
3032.9700000286102, 134836.2396307434, 136837.94655357316
3038.925999879837, 134836.2396307434, 136837.3293504712
3038.944000005722, 134836.2396307434, 136837.3293504712
3038.9479999542236, 134836.2396307434, 136837.3293504712
3038.963000059128, 134836.2396307434, 136836.49078929366
3038.9830000400543, 134836.2396307434, 136836.49078929366
3038.9960000514984, 134836.2396307434, 136836.49078929366
3039.0099999904633, 134836.2396307434, 136836.49078929366
3044.827999830246, 134836.2396307434, 136836.18954924986
3044.843999862671, 134836.2396307434, 136836.18954924986
3044.8469998836517, 134836.2396307434, 136836.18954924986
3044.8689999580383, 134836.2396307434, 136836.18954924986
3044.8789999485016, 134836.2396307434, 136836.18954924986
3044.8899998664856, 134836.2396307434, 136836.18954924986
3044.8980000019073, 134836.2396307434, 136835.87715961138
3044.917999982834, 134836.2396307434, 136834.81978380267
3044.9359998703003, 134836.2396307434, 136834.81978380267
3050.757999897003, 134836.2396307434, 136834.81978380267
3050.757999897003, 134836.2396307434, 136834.81978380267
3050.774999856949, 134836.2396307434, 136834.81978380267
3050.7960000038147, 134836.2396307434, 136834.43556709937
3050.809000015259, 134836.2396307434, 136834.43556709937
3050.8099999427795, 134836.2396307434, 136834.43556709937
3050.835000038147, 134836.2396307434, 136834.43556709937
3057.348000049591, 134836.2396307434, 136832.46549712503
3057.3629999160767, 134836.2396307434, 136832.46549712503
3057.3650000095367, 134836.2396307434, 136832.46549712503
3057.3919999599457, 134836.2396307434, 136832.36602407478
3057.404000043869, 134836.2396307434, 136832.36602407478
3063.7569999694824, 134836.2396307434, 136831.17578604328
3069.611000061035, 134836.2396307434, 136829.15783671135
3069.6299998760223, 134836.2396307434, 136829.15783671135
3075.646999835968, 134836.2396307434, 136827.6796760124
3081.5869998931885, 134836.2396307434, 136826.01359757225
3081.588000059128, 134836.2396307434, 136826.01359757225
3081.611999988556, 134836.2396307434, 136825.80884392763
3081.619999885559, 134836.2396307434, 136825.8035644223
3081.6269998550415, 134836.2396307434, 136825.8035644223
3087.529000043869, 134836.2396307434, 136823.9523460116
3087.542999982834, 134836.2396307434, 136823.9523460116
3087.542999982834, 134836.2396307434, 136823.9523460116
3087.569000005722, 134836.2396307434, 136823.9523460116
3087.5789999961853, 134836.2396307434, 136823.9523460116
3087.5889999866486, 134836.2396307434, 136823.9523460116
3087.5950000286102, 134836.2396307434, 136823.9523460116
3087.5950000286102, 134836.2396307434, 136823.9523460116
3087.619999885559, 134836.2396307434, 136823.9523460116
3093.6449999809265, 134836.2396307434, 136822.33348190837
3093.667000055313, 134836.2396307434, 136822.33348190837
3093.6829998493195, 134836.2396307434, 136822.1305820429
3093.684000015259, 134836.2396307434, 136822.0295893973
3093.7089998722076, 134836.2396307434, 136821.95989555947
3093.723999977112, 134836.2396307434, 136821.95989555947
3099.667000055313, 134836.2396307434, 136821.23703491403
3099.684000015259, 134836.2396307434, 136821.23703491403
3099.691999912262, 134836.2396307434, 136821.23703491403
3099.7219998836517, 134836.2396307434, 136821.07353215336
3099.7279999256134, 134836.2396307434, 136821.07353215336
3105.885999917984, 134836.2396307434, 136820.73885227935
3105.885999917984, 134836.2396307434, 136820.73885227935
3105.9079999923706, 134836.2396307434, 136820.27148588112
3111.8739998340607, 134836.2396307434, 136817.26229964706
3111.8940000534058, 134836.2396307434, 136817.26229964706
3118.1579999923706, 134836.2396307434, 136814.94593918227
3118.1610000133514, 134836.2396307434, 136814.94593918227
3118.1829998493195, 134836.2396307434, 136814.94593918227
3124.3849999904633, 134836.2396307434, 136814.94593918227
3124.4029998779297, 134836.2396307434, 136814.94593918227
3124.417999982834, 134836.2396307434, 136814.94593918227
3124.4319999217987, 134836.2396307434, 136814.05925610173
3124.4359998703003, 134836.2396307434, 136813.8449023003
3130.582999944687, 134836.2396307434, 136812.61781333887
3130.59299993515, 134836.2396307434, 136812.61781333887
3130.603999853134, 134836.2396307434, 136812.61781333887
3130.6159999370575, 134836.2396307434, 136810.4774160172
3136.707000017166, 134836.2396307434, 136810.4774160172
3136.7089998722076, 134836.2396307434, 136810.2603243753
3143.1449999809265, 134836.2396307434, 136809.12253848652
3143.167999982834, 134836.2396307434, 136809.12253848652
3143.1740000247955, 134836.2396307434, 136809.12253848652
3143.1929998397827, 134836.2396307434, 136809.12253848652
3143.207000017166, 134836.2396307434, 136809.12253848652
3149.2509999275208, 134836.2396307434, 136807.5471408878
3149.266000032425, 134836.2396307434, 136807.5471408878
3149.2709999084473, 134836.2396307434, 136807.42358113895
3155.460000038147, 134836.2396307434, 136806.31138488956
3155.4800000190735, 134836.2396307434, 136805.82008140662
3155.4960000514984, 134836.2396307434, 136804.9161949435
3155.5039999485016, 134836.2396307434, 136804.9161949435
3161.4049999713898, 134836.2396307434, 136804.9161949435
3161.4210000038147, 134836.2396307434, 136804.9161949435
3161.4249999523163, 134836.2396307434, 136804.5787087008
3161.4359998703003, 134836.2396307434, 136803.15981073806
3168.021999835968, 134836.2396307434, 136803.15981073806
3168.0360000133514, 134836.2396307434, 136803.15981073806
3168.052999973297, 134836.2396307434, 136803.15981073806
3168.0679998397827, 134836.2396307434, 136803.15981073806
3168.0789999961853, 134836.2396307434, 136802.88181348133
3168.0869998931885, 134836.2396307434, 136802.88181348133
3168.095999956131, 134836.2396307434, 136802.88181348133
3168.103999853134, 134836.2396307434, 136802.88181348133
3168.103999853134, 134836.2396307434, 136802.61092665998
3174.0869998931885, 134836.2396307434, 136801.12129959263
3174.1019999980927, 134836.2396307434, 136801.12129959263
3174.109999895096, 134836.2396307434, 136801.12129959263
3174.121999979019, 134836.2396307434, 136801.12129959263
3174.12299990654, 134836.2396307434, 136801.12129959263
3174.1399998664856, 134836.2396307434, 136801.12129959263
3174.148999929428, 134836.2396307434, 136801.12129959263
3174.1579999923706, 134836.2396307434, 136801.12129959263
3174.1689999103546, 134836.2396307434, 136801.0693373894
3174.1710000038147, 134836.2396307434, 136801.0693373894
3174.1870000362396, 134836.2396307434, 136800.73953852156
3174.1929998397827, 134836.2396307434, 136800.73953852156
3180.201999902725, 134836.2396307434, 136799.2223893088
3180.21799993515, 134836.2396307434, 136799.16935018692
3186.481999874115, 134836.2396307434, 136798.5698165801
3186.4919998645782, 134836.2396307434, 136798.28597433725
3186.5069999694824, 134836.2396307434, 136798.28597433725
3186.5199999809265, 134836.2396307434, 136798.28597433725
3186.537999868393, 134836.2396307434, 136798.28597433725
3186.547999858856, 134836.2396307434, 136798.28597433725
3186.5569999217987, 134836.2396307434, 136798.28597433725
3186.569000005722, 134836.2396307434, 136798.269220244
3186.569000005722, 134836.2396307434, 136798.269220244
3192.6589999198914, 134836.2396307434, 136796.99553739987
3192.677999973297, 134836.2396307434, 136796.45565843346
3192.694999933243, 134836.2396307434, 136794.91662168843
3192.707000017166, 134836.2396307434, 136794.91662168843
3198.9110000133514, 134836.2396307434, 136794.91662168843
3198.9329998493195, 134836.2396307434, 136794.91662168843
3198.9489998817444, 134836.2396307434, 136794.60563890025
3198.9619998931885, 134836.2396307434, 136794.4200805641
3198.9830000400543, 134836.2396307434, 136793.12299867615
3205.2259998321533, 134836.2396307434, 136793.12299867615
3205.233999967575, 134836.2396307434, 136793.12299867615
3205.233999967575, 134836.2396307434, 136793.12299867615
3205.2669999599457, 134836.2396307434, 136792.83623767798
3205.279000043869, 134836.2396307434, 136792.69713057825
3210.46799993515, 134836.2396307434, 136791.34321731923
3210.478999853134, 134836.2396307434, 136791.34321731923
3210.4889998435974, 134836.2396307434, 136791.34321731923
3210.4930000305176, 134836.2396307434, 136791.34321731923
3210.5099999904633, 134836.2396307434, 136791.34321731923
3216.1689999103546, 134836.2396307434, 136791.0854387046
3216.1799998283386, 134836.2396307434, 136791.0854387046
3216.190999984741, 134836.2396307434, 136791.0854387046
3216.202999830246, 134836.2396307434, 136790.52999152738
3216.2219998836517, 134836.2396307434, 136790.40856413796
3216.2379999160767, 134836.2396307434, 136790.1561253965
3222.843999862671, 134836.2396307434, 136789.66937605344
3222.861999988556, 134836.2396307434, 136788.0667148671
3228.9500000476837, 134836.2396307434, 136788.0667148671
3228.963000059128, 134836.2396307434, 136787.9424885187
3228.968999862671, 134836.2396307434, 136787.9424885187
3228.968999862671, 134836.2396307434, 136787.85621452008
3228.986000061035, 134836.2396307434, 136787.85621452008
3235.335000038147, 134836.2396307434, 136786.77364097544
3235.3509998321533, 134836.2396307434, 136786.77364097544
3235.3629999160767, 134836.2396307434, 136786.77364097544
3235.3759999275208, 134836.2396307434, 136786.77364097544
3235.3899998664856, 134836.2396307434, 136786.77364097544
3235.4069998264313, 134836.2396307434, 136785.76184334946
3235.4199998378754, 134836.2396307434, 136785.76184334946
3241.5309998989105, 134836.2396307434, 136785.76184334946
3241.539999961853, 134836.2396307434, 136785.76184334946
3241.5599999427795, 134836.2396307434, 136785.76184334946
3241.5739998817444, 134836.2396307434, 136785.76184334946
3241.585000038147, 134836.2396307434, 136785.76184334946
3241.5920000076294, 134836.2396307434, 136785.25632076935
3241.608999967575, 134836.2396307434, 136784.14724687114
3247.832000017166, 134836.2396307434, 136784.0932778902
3247.8499999046326, 134836.2396307434, 136783.12533615463
3253.99799990654, 134836.2396307434, 136782.980465487
3254.0149998664856, 134836.2396307434, 136782.6299755003
3254.024999856949, 134836.2396307434, 136782.6299755003
3260.1349999904633, 134836.2396307434, 136782.6299755003
3260.1459999084473, 134836.2396307434, 136782.6299755003
3260.154000043869, 134836.2396307434, 136781.76517507283
3266.3799998760223, 134836.2396307434, 136779.92203853404
3266.3940000534058, 134836.2396307434, 136779.92203853404
3272.6169998645782, 134836.2396307434, 136777.59369542697
3272.6340000629425, 134836.2396307434, 136777.59369542697
3272.6480000019073, 134836.2396307434, 136777.59369542697
3272.6480000019073, 134836.2396307434, 136777.59369542697
3272.6710000038147, 134836.2396307434, 136777.59369542697
3272.678999900818, 134836.2396307434, 136777.59369542697
3272.6849999427795, 134836.2396307434, 136777.59369542697
3272.7039999961853, 134836.2396307434, 136776.91865729392
3272.71599984169, 134836.2396307434, 136776.91865729392
3272.728999853134, 134836.2396307434, 136776.91865729392
3277.361000061035, 134836.2396307434, 136776.91865729392
3277.3710000514984, 134836.2396307434, 136776.91865729392
3277.3710000514984, 134836.2396307434, 136776.91865729392
3277.391000032425, 134836.2396307434, 136776.91865729392
3277.3940000534058, 134836.2396307434, 136776.91865729392
3277.4069998264313, 134836.2396307434, 136776.91865729392
3283.3229999542236, 134836.2396307434, 136776.77511133975
3283.3450000286102, 134836.2396307434, 136776.77511133975
3283.359999895096, 134836.2396307434, 136776.30067200388
3283.3739998340607, 134836.2396307434, 136776.30067200388
3283.3869998455048, 134836.2396307434, 136776.30067200388
3283.3959999084473, 134836.2396307434, 136776.30067200388
3283.4049999713898, 134836.2396307434, 136776.30067200388
3289.9719998836517, 134836.2396307434, 136775.07203613894
3289.981999874115, 134836.2396307434, 136775.07203613894
3289.996999979019, 134836.2396307434, 136775.07203613894
3290.0069999694824, 134836.2396307434, 136775.07203613894
3290.0230000019073, 134836.2396307434, 136774.90980803195
3290.0319998264313, 134836.2396307434, 136774.90980803195
3290.042000055313, 134836.2396307434, 136774.90980803195
3290.0569999217987, 134836.2396307434, 136774.7317922874
3290.072000026703, 134836.2396307434, 136774.7317922874
3290.0839998722076, 134836.2396307434, 136774.7317922874
3290.0969998836517, 134836.2396307434, 136774.7317922874
3296.361999988556, 134836.2396307434, 136774.33011531134
3296.3769998550415, 134836.2396307434, 136774.33011531134
3296.3899998664856, 134836.2396307434, 136774.33011531134
3296.4059998989105, 134836.2396307434, 136774.19026318745
3296.422999858856, 134836.2396307434, 136772.5224411528
3302.8049998283386, 134836.2396307434, 136772.40796632235
3302.8229999542236, 134836.2396307434, 136771.46912483583
3302.826999902725, 134836.2396307434, 136771.46912483583
3302.84299993515, 134836.2396307434, 136771.46912483583
3309.1929998397827, 134836.2396307434, 136771.46912483583
3309.2109999656677, 134836.2396307434, 136771.3682825539
3309.2259998321533, 134836.2396307434, 136770.9176073916
3315.569000005722, 134836.2396307434, 136769.89435423497
3315.5950000286102, 134836.2396307434, 136769.67038071182
3315.6159999370575, 134836.2396307434, 136769.67038071182
3315.6299998760223, 134836.2396307434, 136768.41417238303
3328.6859998703003, 134836.2396307434, 136766.53340219552
3328.7000000476837, 134836.2396307434, 136766.0511813574
3328.7119998931885, 134836.2396307434, 136766.0511813574
3328.71599984169, 134836.2396307434, 136765.10605024887
3341.6180000305176, 134836.2396307434, 136763.6363929365
3341.649999856949, 134836.2396307434, 136763.40939400744
3347.6640000343323, 134836.2396307434, 136762.35762169037
3347.691999912262, 134836.2396307434, 136762.35762169037
3347.6989998817444, 134836.2396307434, 136762.35762169037
3347.718999862671, 134836.2396307434, 136762.35762169037
3347.7379999160767, 134836.2396307434, 136761.73027222638
3353.996999979019, 134836.2396307434, 136761.06702291593
3354.016000032425, 134836.2396307434, 136760.53895476207
3354.016000032425, 134836.2396307434, 136760.53895476207
3360.455999851227, 134836.2396307434, 136760.10993204062
3360.473000049591, 134836.2396307434, 136759.22803889826
3360.4769999980927, 134836.2396307434, 136759.22803889826
3360.4939999580383, 134836.2396307434, 136759.22803889826
3366.7619998455048, 134836.2396307434, 136758.0650027562
3366.7809998989105, 134836.2396307434, 136758.0650027562
3366.7819998264313, 134836.2396307434, 136758.0650027562
3366.797999858856, 134836.2396307434, 136758.0650027562
3366.8250000476837, 134836.2396307434, 136758.0650027562
3366.8369998931885, 134836.2396307434, 136758.0650027562
3366.848999977112, 134836.2396307434, 136758.0650027562
3366.859999895096, 134836.2396307434, 136757.01166940577
3373.1189999580383, 134836.2396307434, 136757.01166940577
3373.135999917984, 134836.2396307434, 136757.01166940577
3373.135999917984, 134836.2396307434, 136755.6457902707
3373.1529998779297, 134836.2396307434, 136755.6457902707
3379.3650000095367, 134836.2396307434, 136755.6457902707
3379.3799998760223, 134836.2396307434, 136755.6457902707
3379.3849999904633, 134836.2396307434, 136755.6457902707
3385.7330000400543, 134836.2396307434, 136753.8962175074
3385.7409999370575, 134836.2396307434, 136753.8962175074
3385.7409999370575, 134836.2396307434, 136753.8962175074
3385.7649998664856, 134836.2396307434, 136753.8962175074
3385.7779998779297, 134836.2396307434, 136753.8962175074
3392.2259998321533, 134836.2396307434, 136752.70793965494
3392.228999853134, 134836.2396307434, 136752.70793965494
3392.2509999275208, 134836.2396307434, 136752.70793965494
3392.2669999599457, 134836.2396307434, 136752.70793965494
3392.2860000133514, 134836.2396307434, 136752.70793965494
3392.3020000457764, 134836.2396307434, 136752.70793965494
3392.3150000572205, 134836.2396307434, 136752.70793965494
3392.3150000572205, 134836.2396307434, 136752.70793965494
3392.332000017166, 134836.2396307434, 136752.22222535918
3392.3499999046326, 134836.2396307434, 136750.92525286032
3398.7109999656677, 134836.2396307434, 136750.87690173046
3398.7170000076294, 134836.2396307434, 136750.87690173046
3398.7379999160767, 134836.2396307434, 136750.75496147462
3398.7519998550415, 134836.2396307434, 136749.70062251078
3398.774999856949, 134836.2396307434, 136749.70062251078
3405.1719999313354, 134836.2396307434, 136749.5503586572
3405.184000015259, 134836.2396307434, 136749.5503586572
3405.194000005722, 134836.2396307434, 136749.5503586572
3405.207000017166, 134836.2396307434, 136749.44521796438
3411.6269998550415, 134836.2396307434, 136748.3369389145
3411.649999856949, 134836.2396307434, 136748.3369389145
3411.661999940872, 134836.2396307434, 136748.3369389145
3418.082999944687, 134836.2396307434, 136746.6095843155
3418.1019999980927, 134836.2396307434, 136745.46826433807
3424.598000049591, 134836.2396307434, 136745.46826433807
3424.6129999160767, 134836.2396307434, 136745.46826433807
3424.62299990654, 134836.2396307434, 136745.46826433807
3424.6259999275208, 134836.2396307434, 136745.46826433807
3424.6419999599457, 134836.2396307434, 136745.46826433807
3424.654000043869, 134836.2396307434, 136745.46826433807
3424.672999858856, 134836.2396307434, 136744.33089149088
3424.684000015259, 134836.2396307434, 136744.33089149088
3424.7009999752045, 134836.2396307434, 136744.33089149088
3430.816999912262, 134836.2396307434, 136744.33089149088
3430.829999923706, 134836.2396307434, 136744.33089149088
3430.835000038147, 134836.2396307434, 136744.33089149088
3430.848999977112, 134836.2396307434, 136744.33089149088
3430.848999977112, 134836.2396307434, 136744.33089149088
3430.8710000514984, 134836.2396307434, 136744.33089149088
3430.8789999485016, 134836.2396307434, 136744.33089149088
3437.2219998836517, 134836.2396307434, 136742.8488315507
3437.2419998645782, 134836.2396307434, 136742.8488315507
3437.244999885559, 134836.2396307434, 136742.8488315507
3437.2599999904633, 134836.2396307434, 136742.8488315507
3437.276000022888, 134836.2396307434, 136742.8488315507
3437.287999868393, 134836.2396307434, 136742.8488315507
3437.2999999523163, 134836.2396307434, 136742.8488315507
3437.3079998493195, 134836.2396307434, 136742.8488315507
3437.3079998493195, 134836.2396307434, 136742.8488315507
3437.3239998817444, 134836.2396307434, 136742.8488315507
3437.3239998817444, 134836.2396307434, 136742.8488315507
3437.343999862671, 134836.2396307434, 136742.8488315507
3443.6480000019073, 134836.2396307434, 136741.84050418963
3443.667999982834, 134836.2396307434, 136741.84050418963
3443.667999982834, 134836.2396307434, 136741.84050418963
3443.6870000362396, 134836.2396307434, 136741.84050418963
3443.7009999752045, 134836.2396307434, 136741.84050418963
3443.7009999752045, 134836.2396307434, 136741.84050418963
3443.7259998321533, 134836.2396307434, 136741.11243474804
3443.736999988556, 134836.2396307434, 136739.7965153774
3450.332999944687, 134836.2396307434, 136739.11894364734
3450.353999853134, 134836.2396307434, 136738.19877891336
3456.7279999256134, 134836.2396307434, 136738.19877891336
3456.744999885559, 134836.2396307434, 136737.8061586835
3463.276000022888, 134836.2396307434, 136736.7478705944
3463.297999858856, 134836.2396307434, 136736.37938674068
3463.3109998703003, 134836.2396307434, 136736.37938674068
3463.326999902725, 134836.2396307434, 136736.37938674068
3463.3389999866486, 134836.2396307434, 136736.37147873922
3463.3509998321533, 134836.2396307434, 136735.38520896764
3463.361999988556, 134836.2396307434, 136735.38520896764
3469.513000011444, 134836.2396307434, 136735.30195570405
3469.5319998264313, 134836.2396307434, 136735.30195570405
3469.5469999313354, 134836.2396307434, 136734.73553691484
3469.5629999637604, 134836.2396307434, 136734.73553691484
3469.576999902725, 134836.2396307434, 136734.73553691484
3476.3519999980927, 134836.2396307434, 136734.73553691484
3483.141000032425, 134836.2396307434, 136732.99029964162
3489.536999940872, 134836.2396307434, 136732.11642216166
3489.5569999217987, 134836.2396307434, 136731.81568892702
3489.580999851227, 134836.2396307434, 136731.81568892702
3489.598000049591, 134836.2396307434, 136730.09087574767
3495.9459998607635, 134836.2396307434, 136730.09087574767
3495.955999851227, 134836.2396307434, 136730.09087574767
3495.9649999141693, 134836.2396307434, 136730.09087574767
3502.4830000400543, 134836.2396307434, 136728.6020845656
3502.49799990654, 134836.2396307434, 136728.6020845656
3502.5099999904633, 134836.2396307434, 136728.6020845656
3502.5190000534058, 134836.2396307434, 136728.6020845656
3502.5329999923706, 134836.2396307434, 136728.438908158
3502.5460000038147, 134836.2396307434, 136728.438908158
3502.5579998493195, 134836.2396307434, 136728.438908158
3502.566999912262, 134836.2396307434, 136728.438908158
3502.582000017166, 134836.2396307434, 136727.4458512912
3509.550999879837, 134836.2396307434, 136727.13892202388
3516.2249999046326, 134836.2396307434, 136725.41783479627
3516.2430000305176, 134836.2396307434, 136724.64651801166
3516.24799990654, 134836.2396307434, 136724.64651801166
3523.077999830246, 134836.2396307434, 136724.3653224527
3529.7819998264313, 134836.2396307434, 136723.18507181323
3529.784999847412, 134836.2396307434, 136723.18507181323
3529.8049998283386, 134836.2396307434, 136723.18507181323
3529.815999984741, 134836.2396307434, 136723.18507181323
3536.2379999160767, 134836.2396307434, 136721.39402538247
3542.9299998283386, 134836.2396307434, 136720.95535950174
3542.941999912262, 134836.2396307434, 136720.95535950174
3542.957000017166, 134836.2396307434, 136720.95535950174
3542.970999956131, 134836.2396307434, 136720.95535950174
3542.9809999465942, 134836.2396307434, 136720.95535950174
3542.9930000305176, 134836.2396307434, 136720.95535950174
3543.003000020981, 134836.2396307434, 136720.95535950174
3543.013999938965, 134836.2396307434, 136720.95535950174
3543.026999950409, 134836.2396307434, 136720.7522499262
3543.0360000133514, 134836.2396307434, 136719.72662669898
3549.409999847412, 134836.2396307434, 136719.72662669898
3549.425999879837, 134836.2396307434, 136719.72662669898
3549.447000026703, 134836.2396307434, 136719.55418859026
3549.455999851227, 134836.2396307434, 136719.55418859026
3549.4700000286102, 134836.2396307434, 136719.55418859026
3549.478999853134, 134836.2396307434, 136719.55418859026
3549.4879999160767, 134836.2396307434, 136719.55418859026
3549.4960000514984, 134836.2396307434, 136719.55418859026
3549.5060000419617, 134836.2396307434, 136719.55418859026
3556.0549998283386, 134836.2396307434, 136718.62637869906
3556.0679998397827, 134836.2396307434, 136718.62637869906
3556.082000017166, 134836.2396307434, 136718.62637869906
3556.09099984169, 134836.2396307434, 136718.62637869906
3556.1029999256134, 134836.2396307434, 136718.62637869906
3556.111999988556, 134836.2396307434, 136718.62637869906
3556.1239998340607, 134836.2396307434, 136718.62637869906
3556.135999917984, 134836.2396307434, 136718.62637869906
3556.1459999084473, 134836.2396307434, 136717.27956328282
3562.7999999523163, 134836.2396307434, 136717.27956328282
3562.8129999637604, 134836.2396307434, 136717.27956328282
3562.8239998817444, 134836.2396307434, 136717.10915344075
3562.832999944687, 134836.2396307434, 136717.10915344075
3562.845999956131, 134836.2396307434, 136717.0272535146
3569.3259999752045, 134836.2396307434, 136715.84119505258
3575.563999891281, 134836.2396307434, 136715.01591938268
3575.577999830246, 134836.2396307434, 136715.01591938268
3575.5859999656677, 134836.2396307434, 136714.17310578714
3575.598999977112, 134836.2396307434, 136713.8088535793
3575.6129999160767, 134836.2396307434, 136713.8088535793
3575.6269998550415, 134836.2396307434, 136713.8088535793
3582.6689999103546, 134836.2396307434, 136713.7852133727
3582.678999900818, 134836.2396307434, 136713.7852133727
3582.6929998397827, 134836.2396307434, 136713.7852133727
3582.707999944687, 134836.2396307434, 136713.24550505407
3589.378000020981, 134836.2396307434, 136712.14788358944
3589.3929998874664, 134836.2396307434, 136712.14788358944
3589.404000043869, 134836.2396307434, 136712.14788358944
3589.417000055313, 134836.2396307434, 136712.04154478462
3589.434000015259, 134836.2396307434, 136710.95348222757
3600.026000022888, 134836.2396307434, 136709.63885475285
3600.0520000457764, 134836.2396307434, 136709.63885475285
3600.098000049591, 134836.23963074337, 136709.43578498802
