0.07800006866455078, -1e+100, 158602.92227664863
0.16700005531311035, -1e+100, 95795.3952828863
1.6489999294281006, -1e+100, 75815.77179539244
2.799999952316284, -1e+100, 75599.27464834075
3.802000045776367, -1e+100, 75514.28174124961
6.269000053405762, -1e+100, 66227.1687147897
6.861999988555908, -1e+100, 65261.34796624315
9.746999979019165, -1e+100, 65084.03811654186
11.23200011253357, -1e+100, 64820.82513012062
14.661999940872192, -1e+100, 64792.55104109219
15.703999996185303, -1e+100, 64792.55104109219
16.338000059127808, -1e+100, 64792.55104109219
16.55900001525879, -1e+100, 64792.55104109219
16.986000061035156, -1e+100, 64792.55104109219
17.003999948501587, -1e+100, 64792.55104109219
17.735000133514404, -1e+100, 64792.55104109219
17.955000162124634, -1e+100, 64792.55104109219
18.2260000705719, -1e+100, 64792.55104109219
18.717999935150146, -1e+100, 64792.55104109219
18.73300004005432, -1e+100, 64792.55104109219
19.051000118255615, -1e+100, 64792.55104109219
19.432000160217285, -1e+100, 64792.55104109219
19.753000020980835, -1e+100, 64792.55104109219
20.069999933242798, -1e+100, 64792.55104109219
20.772000074386597, -1e+100, 64792.55104109219
20.786999940872192, -1e+100, 64792.55104109219
21.15400004386902, -1e+100, 64792.55104109219
21.171000003814697, -1e+100, 64792.55104109219
21.5, -1e+100, 64792.55104109219
21.874000072479248, -1e+100, 64792.55104109219
21.888000011444092, -1e+100, 64792.55104109219
21.903000116348267, -1e+100, 64792.55104109219
22.26800012588501, -1e+100, 64792.55104109219
22.288000106811523, -1e+100, 64792.55104109219
22.703999996185303, -1e+100, 64792.55104109219
23.049000024795532, -1e+100, 64792.55104109219
23.42799997329712, -1e+100, 64792.55104109219
23.443000078201294, -1e+100, 64792.55104109219
23.841000080108643, -1e+100, 64792.55104109219
23.855000019073486, -1e+100, 64792.55104109219
23.875, -1e+100, 64792.55104109219
24.249000072479248, -1e+100, 64792.55104109219
25.13700008392334, -1e+100, 64792.55104109219
25.15499997138977, -1e+100, 64792.55104109219
25.580000162124634, -1e+100, 64792.55104109219
25.59000015258789, -1e+100, 64792.55104109219
26.087000131607056, -1e+100, 64792.55104109219
26.10599994659424, -1e+100, 64792.55104109219
26.580000162124634, -1e+100, 64792.55104109219
27.121999979019165, -1e+100, 64792.55104109219
27.138999938964844, -1e+100, 64792.55104109219
27.615999937057495, -1e+100, 64792.55104109219
27.634000062942505, -1e+100, 64792.55104109219
27.65499997138977, -1e+100, 64792.55104109219
28.167999982833862, -1e+100, 64792.55104109219
28.18400001525879, -1e+100, 64792.55104109219
28.200999975204468, -1e+100, 64711.9451938405
28.217999935150146, -1e+100, 64711.9451938405
28.240999937057495, -1e+100, 64682.16867278157
28.69000005722046, -1e+100, 64682.16867278157
28.693000078201294, -1e+100, 64682.16867278157
28.72099995613098, -1e+100, 64630.53879164184
28.736999988555908, -1e+100, 64630.53879164184
29.30299997329712, -1e+100, 64630.53879164184
29.322999954223633, -1e+100, 64630.53879164184
29.890000104904175, -1e+100, 64630.53879164184
29.913000106811523, -1e+100, 64630.53879164184
29.933000087738037, -1e+100, 64630.50992482241
29.956000089645386, -1e+100, 64630.50992482241
29.98800015449524, -1e+100, 64630.50992482241
30.513999938964844, -1e+100, 64630.50992482241
30.546000003814697, -1e+100, 64630.50992482241
30.564000129699707, -1e+100, 64630.50992482241
30.581000089645386, -1e+100, 64630.50992482241
30.59599995613098, -1e+100, 64630.50992482241
30.611999988555908, -1e+100, 64630.50992482241
30.631999969482422, -1e+100, 64630.50992482241
31.187999963760376, -1e+100, 64630.50992482241
31.205000162124634, -1e+100, 64630.50992482241
31.222000122070312, -1e+100, 64630.50992482241
31.23900008201599, -1e+100, 64630.50992482241
31.25600004196167, -1e+100, 64630.50992482241
31.811000108718872, -1e+100, 64630.50992482241
31.832000017166138, -1e+100, 64630.50992482241
31.848999977111816, -1e+100, 64630.50992482241
31.853000164031982, -1e+100, 64630.50992482241
32.50399994850159, -1e+100, 64630.50992482241
32.519999980926514, -1e+100, 64630.50992482241
32.53600001335144, -1e+100, 64630.50992482241
32.55200004577637, -1e+100, 64622.14045212275
32.568000078201294, -1e+100, 64621.88186358343
33.24399995803833, -1e+100, 64621.88186358343
33.87600016593933, -1e+100, 64621.88186358343
33.89300012588501, -1e+100, 64621.88186358343
34.55400013923645, -1e+100, 64621.88186358343
34.585999965667725, -1e+100, 64621.88186358343
35.35700011253357, -1e+100, 64621.88186358343
35.38199996948242, -1e+100, 64621.88186358343
35.4060001373291, -1e+100, 64584.422760858004
35.4300000667572, -1e+100, 64584.422760858004
36.12100005149841, -1e+100, 64584.422760858004
36.13700008392334, -1e+100, 64584.422760858004
36.15300011634827, -1e+100, 64584.422760858004
36.174999952316284, -1e+100, 64584.422760858004
37.0239999294281, -1e+100, 64565.04757325075
37.04100012779236, -1e+100, 64565.04757325075
37.73800015449524, -1e+100, 64565.04757325075
37.753000020980835, -1e+100, 64565.04757325075
37.769999980926514, -1e+100, 64565.04757325075
38.55200004577637, -1e+100, 64560.773359590086
38.57100009918213, -1e+100, 64560.773359590086
38.58800005912781, -1e+100, 64560.773359590086
38.60000014305115, -1e+100, 64560.773359590086
38.621999979019165, -1e+100, 64560.773359590086
38.64199995994568, -1e+100, 64560.773359590086
38.6560001373291, -1e+100, 64560.773359590086
40.27500009536743, -1e+100, 64560.773359590086
40.301000118255615, -1e+100, 64560.773359590086
40.319000005722046, -1e+100, 64560.773359590086
40.33500003814697, -1e+100, 64560.773359590086
40.35300016403198, -1e+100, 64560.773359590086
41.25, -1e+100, 64560.773359590086
41.26699995994568, -1e+100, 64560.773359590086
41.28500008583069, -1e+100, 64560.773359590086
41.30900001525879, -1e+100, 64560.773359590086
41.3289999961853, -1e+100, 64511.95558209606
42.37700009346008, -1e+100, 64501.54955202929
42.394999980926514, -1e+100, 64501.54955202929
42.41199994087219, -1e+100, 64501.54955202929
43.235000133514404, -1e+100, 64501.54955202929
43.25100016593933, -1e+100, 64501.54955202929
43.26699995994568, -1e+100, 64501.54955202929
44.13600015640259, -1e+100, 64501.54955202929
44.1560001373291, -1e+100, 64501.54955202929
44.17400002479553, -1e+100, 64501.54955202929
44.19000005722046, -1e+100, 64501.54955202929
44.212000131607056, -1e+100, 64501.54955202929
45.354000091552734, -1e+100, 64501.54955202929
45.37600016593933, -1e+100, 64501.54955202929
45.39100003242493, -1e+100, 64501.54955202929
45.40900015830994, -1e+100, 64501.54955202929
45.426000118255615, -1e+100, 64501.54955202929
46.44200015068054, -1e+100, 64501.54955202929
46.46799993515015, -1e+100, 64478.663526202785
46.486000061035156, -1e+100, 64478.663526202785
46.50399994850159, -1e+100, 64478.663526202785
47.54200005531311, -1e+100, 64478.663526202785
47.55900001525879, -1e+100, 64478.663526202785
47.592000007629395, -1e+100, 64478.663526202785
48.782999992370605, -1e+100, 64466.28785938355
48.805999994277954, -1e+100, 64466.28785938355
48.825000047683716, -1e+100, 64466.28785938355
49.86800003051758, -1e+100, 64466.28785938355
49.88499999046326, -1e+100, 64466.28785938355
49.90700006484985, -1e+100, 64466.28785938355
49.91900014877319, -1e+100, 64466.28785938355
51.31599998474121, -1e+100, 64459.22123801277
51.32800006866455, -1e+100, 64459.22123801277
51.34400010108948, -1e+100, 64459.22123801277
51.37100005149841, -1e+100, 64459.22123801277
51.39300012588501, -1e+100, 64450.34483526932
51.41000008583069, -1e+100, 64450.34483526932
51.41700005531311, -1e+100, 64450.34483526932
52.700000047683716, -1e+100, 64450.34483526932
52.72099995613098, -1e+100, 64450.34483526932
52.73800015449524, -1e+100, 64450.34483526932
52.76200008392334, -1e+100, 64450.34483526932
52.789000034332275, -1e+100, 64450.34483526932
52.795000076293945, -1e+100, 64450.34483526932
52.825000047683716, -1e+100, 64450.34483526932
54.11500000953674, -1e+100, 64450.34483526932
54.13300013542175, -1e+100, 64450.34483526932
54.15000009536743, -1e+100, 64450.34483526932
54.16700005531311, -1e+100, 64450.34483526932
54.19000005722046, -1e+100, 64450.34483526932
54.206000089645386, -1e+100, 64450.34483526932
54.223000049591064, -1e+100, 64450.34483526932
54.23900008201599, -1e+100, 64450.34483526932
55.664000034332275, -1e+100, 64450.34483526932
55.680999994277954, -1e+100, 64450.34483526932
55.69799995422363, -1e+100, 64450.34483526932
55.72000002861023, -1e+100, 64445.054372208106
55.74000000953674, -1e+100, 64426.52267908517
55.75800013542175, -1e+100, 64426.52267908517
55.776000022888184, -1e+100, 64426.52267908517
57.14300012588501, -1e+100, 64425.50581479172
57.157999992370605, -1e+100, 64425.50581479172
57.18300008773804, -1e+100, 64424.998884977555
57.2020001411438, -1e+100, 64424.998884977555
57.22000002861023, -1e+100, 64424.998884977555
57.23800015449524, -1e+100, 64424.998884977555
57.25600004196167, -1e+100, 64424.998884977555
58.94600009918213, -1e+100, 64424.998884977555
58.960999965667725, -1e+100, 64424.998884977555
58.97800016403198, -1e+100, 64424.998884977555
59.00399994850159, -1e+100, 64424.998884977555
59.02300000190735, -1e+100, 64424.998884977555
59.04800009727478, -1e+100, 64424.998884977555
59.051000118255615, -1e+100, 64424.998884977555
60.8050000667572, -1e+100, 64424.998884977555
60.82800006866455, -1e+100, 64424.998884977555
60.84400010108948, -1e+100, 64424.998884977555
60.86800003051758, -1e+100, 64424.998884977555
60.88600015640259, -1e+100, 64424.998884977555
60.89800000190735, -1e+100, 64424.336311226725
62.7960000038147, -1e+100, 64423.64809120367
62.812000036239624, -1e+100, 64423.64809120367
62.82599997520447, -1e+100, 64423.64809120367
62.842000007629395, -1e+100, 64423.64809120367
62.85800004005432, -1e+100, 64423.64809120367
62.88199996948242, -1e+100, 64423.64809120367
62.90000009536743, -1e+100, 64423.64809120367
62.91100001335144, -1e+100, 64423.64809120367
64.85599994659424, -1e+100, 64423.64809120367
64.87100005149841, -1e+100, 64423.49630929079
64.88800001144409, -1e+100, 64422.102169464975
64.92199993133545, -1e+100, 64422.102169464975
64.94099998474121, -1e+100, 64422.102169464975
64.95600008964539, -1e+100, 64422.102169464975
64.97300004959106, -1e+100, 64421.92187678295
64.99000000953674, -1e+100, 64421.92187678295
65.00699996948242, -1e+100, 64421.26333290866
65.02300000190735, -1e+100, 64421.26333290866
65.04100012779236, -1e+100, 64421.26333290866
66.97699999809265, -1e+100, 64421.26333290866
66.99600005149841, -1e+100, 64421.26333290866
67.01900005340576, -1e+100, 64421.26333290866
67.03400015830994, -1e+100, 64421.26333290866
67.05100011825562, -1e+100, 64421.26333290866
67.07500004768372, -1e+100, 64421.26333290866
67.09100008010864, -1e+100, 64421.26333290866
67.11899995803833, -1e+100, 64421.26333290866
69.21200013160706, -1e+100, 64421.14109956953
69.23000001907349, -1e+100, 64421.14109956953
69.24600005149841, -1e+100, 64421.14109956953
69.26500010490417, -1e+100, 64421.14109956953
69.28800010681152, -1e+100, 64421.14109956953
69.30800008773804, -1e+100, 64421.14109956953
69.33299994468689, -1e+100, 64421.14109956953
71.46600008010864, -1e+100, 64421.14109956953
71.4909999370575, -1e+100, 64421.14109956953
71.5090000629425, -1e+100, 64421.14109956953
71.52800011634827, -1e+100, 64419.718029251926
71.55299997329712, -1e+100, 64419.718029251926
71.57100009918213, -1e+100, 64419.718029251926
71.5920000076294, -1e+100, 64419.718029251926
71.61300015449524, -1e+100, 64419.718029251926
71.62899994850159, -1e+100, 64419.718029251926
71.64499998092651, -1e+100, 64419.718029251926
71.66000008583069, -1e+100, 64419.718029251926
71.6930000782013, -1e+100, 64419.718029251926
73.85599994659424, -1e+100, 64419.718029251926
73.87400007247925, -1e+100, 64419.718029251926
73.89000010490417, -1e+100, 64419.718029251926
73.90700006484985, -1e+100, 64419.718029251926
73.92199993133545, -1e+100, 64419.718029251926
73.9390001296997, -1e+100, 64416.119515629296
73.96799993515015, -1e+100, 64416.119515629296
73.99399995803833, -1e+100, 64415.62627698194
76.18400001525879, -1e+100, 64415.62627698194
76.21200013160706, -1e+100, 64415.62627698194
76.23600006103516, -1e+100, 64415.62627698194
76.25399994850159, -1e+100, 64415.62627698194
76.27300000190735, -1e+100, 64415.62627698194
76.29299998283386, -1e+100, 64415.62627698194
76.30400013923645, -1e+100, 64414.30722021177
76.31900000572205, -1e+100, 64414.30722021177
76.34800004959106, -1e+100, 64414.30722021177
78.65900015830994, -1e+100, 64413.92545504544
78.67600011825562, -1e+100, 64413.92545504544
78.69200015068054, -1e+100, 64413.92545504544
78.71000003814697, -1e+100, 64413.92545504544
78.73600006103516, -1e+100, 64413.92545504544
78.74300003051758, -1e+100, 64413.92545504544
78.77100014686584, -1e+100, 64413.92545504544
78.78699994087219, -1e+100, 64413.92545504544
78.80299997329712, -1e+100, 64413.92545504544
78.83400011062622, -1e+100, 64413.92545504544
81.36700010299683, -1e+100, 64413.92545504544
81.38899993896484, -1e+100, 64413.92545504544
81.40499997138977, -1e+100, 64413.92545504544
81.42300009727478, -1e+100, 64413.92545504544
81.44700002670288, -1e+100, 64413.92545504544
81.45900011062622, -1e+100, 64413.92545504544
81.4760000705719, -1e+100, 64413.92545504544
81.49900007247925, -1e+100, 64413.92545504544
81.51600003242493, -1e+100, 64413.92545504544
81.53400015830994, -1e+100, 64413.92545504544
81.55200004577637, -1e+100, 64413.92545504544
81.56599998474121, -1e+100, 64413.92545504544
81.58200001716614, -1e+100, 64412.97234939881
81.59899997711182, -1e+100, 64412.97234939881
81.61400008201599, -1e+100, 64412.97234939881
81.64199995994568, -1e+100, 64412.97234939881
81.66700005531311, -1e+100, 64412.97234939881
83.97900009155273, -1e+100, 64412.97234939881
83.99200010299683, -1e+100, 64412.97234939881
84.00999999046326, -1e+100, 64412.97234939881
84.02500009536743, -1e+100, 64412.97234939881
84.03999996185303, -1e+100, 64412.97234939881
84.06200003623962, -1e+100, 64412.97234939881
84.08000016212463, -1e+100, 64412.97234939881
84.08700013160706, -1e+100, 64412.97234939881
84.10300016403198, -1e+100, 64412.97234939881
84.12000012397766, -1e+100, 64412.97234939881
84.13499999046326, -1e+100, 64412.97234939881
84.15199995040894, -1e+100, 64412.97234939881
84.16700005531311, -1e+100, 64412.97234939881
84.18300008773804, -1e+100, 64412.97234939881
84.21000003814697, -1e+100, 64412.97234939881
84.23200011253357, -1e+100, 64412.97234939881
84.24600005149841, -1e+100, 64412.97234939881
84.26200008392334, -1e+100, 64412.97234939881
86.58200001716614, -1e+100, 64412.97234939881
86.60300016403198, -1e+100, 64412.97234939881
86.61700010299683, -1e+100, 64412.97234939881
86.6340000629425, -1e+100, 64412.97234939881
86.65100002288818, -1e+100, 64410.69304005054
86.66400003433228, -1e+100, 64410.69304005054
86.68499994277954, -1e+100, 64410.69304005054
86.7039999961853, -1e+100, 64410.69304005054
86.73000001907349, -1e+100, 64410.69304005054
86.74399995803833, -1e+100, 64410.69304005054
86.7590000629425, -1e+100, 64410.69304005054
86.77500009536743, -1e+100, 64410.69304005054
86.79100012779236, -1e+100, 64410.69304005054
86.80700016021729, -1e+100, 64410.69304005054
89.21200013160706, -1e+100, 64410.69304005054
89.22900009155273, -1e+100, 64410.69304005054
89.24600005149841, -1e+100, 64410.69304005054
89.25999999046326, -1e+100, 64410.69304005054
89.27900004386902, -1e+100, 64410.69304005054
89.2960000038147, -1e+100, 64410.69304005054
89.32599997520447, -1e+100, 64410.69304005054
89.34700012207031, -1e+100, 64410.69304005054
89.3659999370575, -1e+100, 64410.69304005054
89.38899993896484, -1e+100, 64410.69304005054
91.7260000705719, -1e+100, 64410.69304005054
91.75300002098083, -1e+100, 64410.69304005054
91.76999998092651, -1e+100, 64410.69304005054
91.79200005531311, -1e+100, 64410.69304005054
91.80999994277954, -1e+100, 64410.69304005054
91.82100009918213, -1e+100, 64410.69304005054
91.84400010108948, -1e+100, 64410.69304005054
91.86899995803833, -1e+100, 64403.03402679607
91.88499999046326, -1e+100, 64403.03402679607
94.10899996757507, -1e+100, 64403.03402679607
94.12400007247925, -1e+100, 64403.03402679607
94.14499998092651, -1e+100, 64403.03402679607
97.11500000953674, -1e+100, 64403.03402679607
97.13100004196167, -1e+100, 64403.03402679607
97.15499997138977, -1e+100, 64403.03402679607
97.17499995231628, -1e+100, 64403.03402679607
97.19099998474121, -1e+100, 64381.04925689682
99.66799998283386, -1e+100, 64381.04925689682
99.68499994277954, -1e+100, 64376.64021963794
99.70300006866455, -1e+100, 64376.64021963794
99.71900010108948, -1e+100, 64376.64021963794
99.73600006103516, -1e+100, 64376.025453782844
99.76100015640259, -1e+100, 64376.025453782844
99.77699995040894, -1e+100, 64376.025453782844
99.79299998283386, -1e+100, 64376.025453782844
99.82100009918213, -1e+100, 64376.025453782844
99.84000015258789, -1e+100, 64376.025453782844
99.85599994659424, -1e+100, 64376.025453782844
99.87199997901917, -1e+100, 64376.025453782844
99.88899993896484, -1e+100, 64376.025453782844
102.58899998664856, -1e+100, 64376.025453782844
102.60599994659424, -1e+100, 64376.025453782844
102.62700009346008, -1e+100, 64376.025453782844
102.64600014686584, -1e+100, 64376.025453782844
102.67199993133545, -1e+100, 64371.714693661335
102.69000005722046, -1e+100, 64371.714693661335
102.70799994468689, -1e+100, 64371.714693661335
102.73000001907349, -1e+100, 64371.714693661335
105.33400011062622, -1e+100, 64371.714693661335
105.35000014305115, -1e+100, 64371.714693661335
105.37899994850159, -1e+100, 64371.714693661335
105.3970000743866, -1e+100, 64366.04569714131
105.41300010681152, -1e+100, 64366.04569714131
105.42700004577637, -1e+100, 64366.04569714131
105.4520001411438, -1e+100, 64366.04569714131
105.48399996757507, -1e+100, 64366.04569714131
108.13199996948242, -1e+100, 64348.97695955949
108.15000009536743, -1e+100, 64348.97695955949
108.16600012779236, -1e+100, 64348.97695955949
108.1890001296997, -1e+100, 64348.97695955949
108.20600008964539, -1e+100, 64348.97695955949
108.22699999809265, -1e+100, 64348.97695955949
108.24399995803833, -1e+100, 64348.97695955949
108.26300001144409, -1e+100, 64348.97695955949
108.2829999923706, -1e+100, 64348.97695955949
108.29500007629395, -1e+100, 64348.97695955949
111.2720000743866, -1e+100, 64348.97695955949
113.70300006866455, -1e+100, 64348.97695955949
113.71799993515015, -1e+100, 64348.97695955949
113.73600006103516, -1e+100, 64348.97695955949
113.75, -1e+100, 64348.97695955949
113.76699995994568, -1e+100, 64348.97695955949
113.7960000038147, -1e+100, 64348.97695955949
113.81599998474121, -1e+100, 64348.97695955949
116.16600012779236, -1e+100, 64348.97695955949
116.19000005722046, -1e+100, 64348.97695955949
116.20900011062622, -1e+100, 64348.97695955949
116.22800016403198, -1e+100, 64348.97695955949
116.25200009346008, -1e+100, 64348.97695955949
116.26900005340576, -1e+100, 64348.97695955949
116.29200005531311, -1e+100, 64348.97695955949
116.30599999427795, -1e+100, 64348.97695955949
116.31599998474121, -1e+100, 64348.97695955949
119.51200008392334, -1e+100, 64348.97695955949
119.52800011634827, -1e+100, 64348.97695955949
119.5440001487732, -1e+100, 64348.97695955949
119.55999994277954, -1e+100, 64348.97695955949
119.57599997520447, -1e+100, 64348.97695955949
119.5920000076294, -1e+100, 64348.97695955949
122.12400007247925, -1e+100, 64348.97695955949
122.15499997138977, -1e+100, 64348.97695955949
122.17900013923645, -1e+100, 64348.97695955949
122.20099997520447, -1e+100, 64348.97695955949
122.21099996566772, -1e+100, 64348.97695955949
122.24300003051758, -1e+100, 64348.97695955949
122.25800013542175, -1e+100, 64348.97695955949
122.27500009536743, -1e+100, 64348.97695955949
125.65300011634827, -1e+100, 64348.97695955949
125.68300008773804, -1e+100, 64348.97695955949
125.69900012016296, -1e+100, 64348.97695955949
125.71799993515015, -1e+100, 64348.97695955949
125.73200011253357, -1e+100, 64348.97695955949
125.75200009346008, -1e+100, 64348.97695955949
125.77100014686584, -1e+100, 64348.97695955949
125.78800010681152, -1e+100, 64348.97695955949
125.8050000667572, -1e+100, 64348.97695955949
128.44200015068054, -1e+100, 64348.97695955949
128.45900011062622, -1e+100, 64348.97695955949
128.47699999809265, -1e+100, 64348.97695955949
128.49399995803833, -1e+100, 64348.97695955949
128.50999999046326, -1e+100, 64348.97695955949
128.53400015830994, -1e+100, 64348.97695955949
128.54999995231628, -1e+100, 64348.97695955949
128.56700015068054, -1e+100, 64348.97695955949
128.58200001716614, -1e+100, 64348.97695955949
128.59800004959106, -1e+100, 64348.97695955949
128.614000082016, -1e+100, 64348.97695955949
128.6470000743866, -1e+100, 64348.97695955949
128.66300010681152, -1e+100, 64348.97695955949
132.05599999427795, -1e+100, 64348.97695955949
132.07599997520447, -1e+100, 64348.97695955949
132.09299993515015, -1e+100, 64348.97695955949
132.12000012397766, -1e+100, 64348.97695955949
132.13899993896484, -1e+100, 64348.97695955949
132.1470000743866, -1e+100, 64348.97695955949
132.17600011825562, -1e+100, 64348.97695955949
132.1949999332428, -1e+100, 64348.97695955949
132.21099996566772, -1e+100, 64348.97695955949
134.8140001296997, -1e+100, 64348.97695955949
134.83100008964539, -1e+100, 64348.97695955949
134.84800004959106, -1e+100, 64348.97695955949
134.86500000953674, -1e+100, 64348.97695955949
134.893000125885, -1e+100, 64348.97695955949
134.90900015830994, -1e+100, 64348.97695955949
134.92499995231628, -1e+100, 64348.97695955949
134.95700001716614, -1e+100, 64348.97695955949
134.9720001220703, -1e+100, 64348.97695955949
135.00100016593933, -1e+100, 64348.97695955949
135.0220000743866, -1e+100, 64348.97695955949
135.0440001487732, -1e+100, 64348.97695955949
137.61500000953674, -1e+100, 64348.97695955949
137.63199996948242, -1e+100, 64348.97695955949
137.6579999923706, -1e+100, 64348.97695955949
137.67199993133545, -1e+100, 64348.97695955949
137.6890001296997, -1e+100, 64348.97695955949
140.82100009918213, -1e+100, 64330.87981826597
140.84899997711182, -1e+100, 64330.87981826597
140.8659999370575, -1e+100, 64330.87981826597
140.88199996948242, -1e+100, 64330.43839540736
140.8949999809265, -1e+100, 64330.43839540736
140.90900015830994, -1e+100, 64330.43839540736
140.92799997329712, -1e+100, 64330.43839540736
140.94700002670288, -1e+100, 64330.43839540736
140.96399998664856, -1e+100, 64330.43839540736
140.98099994659424, -1e+100, 64330.43839540736
140.9980001449585, -1e+100, 64330.43839540736
144.00999999046326, -1e+100, 64330.43839540736
144.02800011634827, -1e+100, 64330.43839540736
144.0440001487732, -1e+100, 64330.43839540736
144.06100010871887, -1e+100, 64330.43839540736
144.08400011062622, -1e+100, 64330.43839540736
144.1100001335144, -1e+100, 64330.43839540736
144.13199996948242, -1e+100, 64330.43839540736
144.1470000743866, -1e+100, 64330.43839540736
144.16400003433228, -1e+100, 64329.09525472257
144.1949999332428, -1e+100, 64329.09525472257
147.31100010871887, -1e+100, 64328.75405588731
147.33100008964539, -1e+100, 64328.75405588731
147.34800004959106, -1e+100, 64328.45147242456
147.3710000514984, -1e+100, 64328.45147242456
147.39000010490417, -1e+100, 64328.45147242456
147.3989999294281, -1e+100, 64328.45147242456
147.41499996185303, -1e+100, 64328.45147242456
147.44400000572205, -1e+100, 64328.45147242456
147.46200013160706, -1e+100, 64328.45147242456
147.48399996757507, -1e+100, 64328.45147242456
147.50500011444092, -1e+100, 64328.45147242456
147.5239999294281, -1e+100, 64328.17242673313
147.54500007629395, -1e+100, 64328.17242673313
147.5640001296997, -1e+100, 64328.17242673313
150.40900015830994, -1e+100, 64328.17242673313
150.42700004577637, -1e+100, 64328.17242673313
150.44200015068054, -1e+100, 64328.17242673313
150.46099996566772, -1e+100, 64328.17242673313
150.4800000190735, -1e+100, 64328.17242673313
150.49200010299683, -1e+100, 64328.17242673313
150.50800013542175, -1e+100, 64328.17242673313
150.5239999294281, -1e+100, 64328.17242673313
150.55599999427795, -1e+100, 64328.17242673313
150.57500004768372, -1e+100, 64328.17242673313
150.59400010108948, -1e+100, 64328.17242673313
150.61300015449524, -1e+100, 64328.17242673313
153.4079999923706, -1e+100, 64327.28815447085
153.42600011825562, -1e+100, 64325.978837200906
153.44200015068054, -1e+100, 64325.978837200906
153.47000002861023, -1e+100, 64325.978837200906
153.4800000190735, -1e+100, 64325.978837200906
153.50800013542175, -1e+100, 64325.978837200906
153.52800011634827, -1e+100, 64325.978837200906
153.54299998283386, -1e+100, 64325.978837200906
156.4340000152588, -1e+100, 64325.978837200906
156.45300006866455, -1e+100, 64325.978837200906
156.47099995613098, -1e+100, 64325.978837200906
156.49000000953674, -1e+100, 64325.64112218469
156.5090000629425, -1e+100, 64325.64112218469
156.52600002288818, -1e+100, 64325.64112218469
156.54500007629395, -1e+100, 64325.64112218469
156.56200003623962, -1e+100, 64325.64112218469
156.5770001411438, -1e+100, 64325.64112218469
156.59400010108948, -1e+100, 64325.64112218469
156.625, -1e+100, 64324.663490500396
159.51200008392334, -1e+100, 64324.663490500396
159.52900004386902, -1e+100, 64324.663490500396
159.5460000038147, -1e+100, 64324.663490500396
159.56299996376038, -1e+100, 64324.663490500396
159.57299995422363, -1e+100, 64324.663490500396
159.6010000705719, -1e+100, 64324.663490500396
159.614000082016, -1e+100, 64324.663490500396
159.6360001564026, -1e+100, 64324.663490500396
162.3619999885559, -1e+100, 64324.663490500396
162.39400005340576, -1e+100, 64324.663490500396
162.41400003433228, -1e+100, 64324.663490500396
162.44000005722046, -1e+100, 64324.663490500396
162.4579999446869, -1e+100, 64324.663490500396
162.47500014305115, -1e+100, 64324.663490500396
162.49200010299683, -1e+100, 64324.663490500396
162.51399993896484, -1e+100, 64324.663490500396
165.29900002479553, -1e+100, 64324.663490500396
165.32100009918213, -1e+100, 64324.663490500396
165.3329999446869, -1e+100, 64324.663490500396
165.34899997711182, -1e+100, 64324.663490500396
165.3730001449585, -1e+100, 64324.663490500396
165.38499999046326, -1e+100, 64324.663490500396
165.4170000553131, -1e+100, 64322.455178110606
165.4340000152588, -1e+100, 64322.455178110606
165.44900012016296, -1e+100, 64322.455178110606
165.4800000190735, -1e+100, 64322.455178110606
168.19400000572205, -1e+100, 64322.455178110606
168.21000003814697, -1e+100, 64322.455178110606
168.22399997711182, -1e+100, 64322.455178110606
168.24000000953674, -1e+100, 64322.455178110606
168.25800013542175, -1e+100, 64322.455178110606
168.26900005340576, -1e+100, 64322.455178110606
168.28999996185303, -1e+100, 64322.455178110606
168.30999994277954, -1e+100, 64321.99360677307
168.33599996566772, -1e+100, 64321.99360677307
168.3550000190735, -1e+100, 64321.99360677307
168.38000011444092, -1e+100, 64321.99360677307
168.3989999294281, -1e+100, 64321.99360677307
168.41499996185303, -1e+100, 64321.99360677307
168.4340000152588, -1e+100, 64321.99360677307
168.45500016212463, -1e+100, 64321.99360677307
171.4670000076294, -1e+100, 64321.99360677307
171.49000000953674, -1e+100, 64321.99360677307
171.5090000629425, -1e+100, 64321.99360677307
171.52699995040894, -1e+100, 64321.99360677307
171.54800009727478, -1e+100, 64321.99360677307
171.5659999847412, -1e+100, 64321.99360677307
171.58400011062622, -1e+100, 64321.99360677307
171.6010000705719, -1e+100, 64321.99360677307
171.61800003051758, -1e+100, 64321.99360677307
171.64600014686584, -1e+100, 64321.99360677307
171.66400003433228, -1e+100, 64315.92723839905
174.42799997329712, -1e+100, 64315.92723839905
174.4430000782013, -1e+100, 64315.92723839905
174.45900011062622, -1e+100, 64315.92723839905
174.48600006103516, -1e+100, 64315.92723839905
174.51200008392334, -1e+100, 64315.92723839905
174.5220000743866, -1e+100, 64315.92723839905
177.42799997329712, -1e+100, 64315.92723839905
177.44799995422363, -1e+100, 64315.92723839905
177.46399998664856, -1e+100, 64315.92723839905
177.47800016403198, -1e+100, 64315.92723839905
177.49300003051758, -1e+100, 64315.92723839905
177.5130000114441, -1e+100, 64315.92723839905
177.5199999809265, -1e+100, 64315.92723839905
177.54699993133545, -1e+100, 64315.92723839905
177.5640001296997, -1e+100, 64315.92723839905
177.58100008964539, -1e+100, 64315.92723839905
177.59899997711182, -1e+100, 64315.92723839905
177.6159999370575, -1e+100, 64315.92723839905
177.6340000629425, -1e+100, 64315.92723839905
177.64800000190735, -1e+100, 64315.92723839905
180.3710000514984, -1e+100, 64315.92723839905
180.39400005340576, -1e+100, 64315.92723839905
180.41300010681152, -1e+100, 64315.92723839905
180.43499994277954, -1e+100, 64315.92723839905
180.45099997520447, -1e+100, 64315.598788324605
180.47500014305115, -1e+100, 64314.65309328728
180.4909999370575, -1e+100, 64314.65309328728
183.33500003814697, -1e+100, 64308.56658978283
183.34899997711182, -1e+100, 64308.56658978283
183.3619999885559, -1e+100, 64308.56162621688
183.37800002098083, -1e+100, 64308.56162621688
183.39400005340576, -1e+100, 64308.56162621688
183.4100000858307, -1e+100, 64308.56162621688
183.42700004577637, -1e+100, 64308.56162621688
183.4449999332428, -1e+100, 64308.56162621688
183.47699999809265, -1e+100, 64308.56162621688
183.5, -1e+100, 64308.56162621688
183.5199999809265, -1e+100, 64308.56162621688
186.4079999923706, -1e+100, 64308.56162621688
186.42900013923645, -1e+100, 64308.56162621688
186.44799995422363, -1e+100, 64308.56162621688
186.46799993515015, -1e+100, 64308.56162621688
186.49000000953674, -1e+100, 64308.56162621688
186.51500010490417, -1e+100, 64308.56162621688
189.4630000591278, -1e+100, 64308.56162621688
189.4720001220703, -1e+100, 64308.56162621688
189.5039999485016, -1e+100, 64308.56162621688
189.5199999809265, -1e+100, 64302.86670951452
189.5350000858307, -1e+100, 64302.86670951452
189.55700016021729, -1e+100, 64302.86670951452
189.57400012016296, -1e+100, 64302.86670951452
192.5920000076294, -1e+100, 64301.45176671528
192.61800003051758, -1e+100, 64301.45176671528
192.6449999809265, -1e+100, 64301.45176671528
192.6690001487732, -1e+100, 64301.45176671528
192.6840000152588, -1e+100, 64301.45176671528
192.70099997520447, -1e+100, 64301.45176671528
192.71799993515015, -1e+100, 64301.45176671528
192.74300003051758, -1e+100, 64301.45176671528
192.75600004196167, -1e+100, 64301.45176671528
195.52900004386902, -1e+100, 64301.45176671528
195.54900002479553, -1e+100, 64301.45176671528
195.57500004768372, -1e+100, 64301.45176671528
195.60000014305115, -1e+100, 64301.45176671528
195.60800004005432, -1e+100, 64301.45176671528
198.52699995040894, -1e+100, 64301.45176671528
198.5460000038147, -1e+100, 64301.45176671528
198.5640001296997, -1e+100, 64301.45176671528
198.58000016212463, -1e+100, 64296.85729753717
198.59500002861023, -1e+100, 64296.85729753717
198.6119999885559, -1e+100, 64296.85729753717
198.62700009346008, -1e+100, 64293.18131957526
198.643000125885, -1e+100, 64293.18131957526
198.65499997138977, -1e+100, 64293.18131957526
198.67300009727478, -1e+100, 64293.18131957526
198.68700003623962, -1e+100, 64293.18131957526
198.70300006866455, -1e+100, 64293.18131957526
198.71900010108948, -1e+100, 64293.18131957526
198.7350001335144, -1e+100, 64293.18131957526
198.75100016593933, -1e+100, 64291.29320176188
198.77699995040894, -1e+100, 64291.29320176188
201.739000082016, -1e+100, 64291.29320176188
201.76600003242493, -1e+100, 64291.29320176188
201.7850000858307, -1e+100, 64291.29320176188
201.80100011825562, -1e+100, 64291.29320176188
201.81900000572205, -1e+100, 64291.29320176188
201.82400012016296, -1e+100, 64291.29320176188
201.85199999809265, -1e+100, 64291.29320176188
201.86700010299683, -1e+100, 64291.29320176188
201.89199995994568, -1e+100, 64291.29320176188
201.90900015830994, -1e+100, 64291.29320176188
201.92600011825562, -1e+100, 64291.29320176188
201.94700002670288, -1e+100, 64291.29320176188
201.9760000705719, -1e+100, 64291.29320176188
204.80100011825562, -1e+100, 64291.29320176188
204.8140001296997, -1e+100, 64291.29320176188
204.83000016212463, -1e+100, 64291.29320176188
204.83500003814697, -1e+100, 64291.29320176188
204.86100006103516, -1e+100, 64291.29320176188
204.87700009346008, -1e+100, 64291.29320176188
204.893000125885, -1e+100, 64291.29320176188
204.92000007629395, -1e+100, 64291.29320176188
204.9430000782013, -1e+100, 64291.29320176188
207.80999994277954, -1e+100, 64291.29320176188
207.8270001411438, -1e+100, 64291.29320176188
207.84400010108948, -1e+100, 64291.29320176188
207.86500000953674, -1e+100, 64291.29320176188
207.88499999046326, -1e+100, 64291.29320176188
207.9079999923706, -1e+100, 64291.29320176188
207.92400002479553, -1e+100, 64291.29320176188
207.94700002670288, -1e+100, 64291.29320176188
207.96399998664856, -1e+100, 64291.29320176188
207.9850001335144, -1e+100, 64280.91176721811
210.60599994659424, -1e+100, 64280.91176721811
210.62600016593933, -1e+100, 64280.91176721811
210.64600014686584, -1e+100, 64280.91176721811
210.66100001335144, -1e+100, 64280.91176721811
210.67900013923645, -1e+100, 64280.91176721811
210.68600010871887, -1e+100, 64280.91176721811
210.7020001411438, -1e+100, 64272.36786284025
213.57100009918213, -1e+100, 64272.36786284025
213.58500003814697, -1e+100, 64272.36786284025
213.59899997711182, -1e+100, 64269.19400604827
213.61500000953674, -1e+100, 64269.19400604827
213.6289999485016, -1e+100, 64269.19400604827
213.643000125885, -1e+100, 64269.19400604827
213.6560001373291, -1e+100, 64269.19400604827
213.67199993133545, -1e+100, 64269.19400604827
213.68799996376038, -1e+100, 64269.19400604827
213.69600009918213, -1e+100, 64269.19400604827
213.7260000705719, -1e+100, 64269.19400604827
213.74699997901917, -1e+100, 64269.19400604827
213.76500010490417, -1e+100, 64269.19400604827
213.79900002479553, -1e+100, 64266.659013565244
213.82100009918213, -1e+100, 64266.659013565244
217.48099994659424, -1e+100, 64265.240131051665
217.49699997901917, -1e+100, 64265.240131051665
217.51500010490417, -1e+100, 64265.240131051665
217.5310001373291, -1e+100, 64265.240131051665
217.5460000038147, -1e+100, 64265.240131051665
217.56200003623962, -1e+100, 64263.638855592624
217.56900000572205, -1e+100, 64263.638855592624
217.58400011062622, -1e+100, 64263.638855592624
217.6010000705719, -1e+100, 64263.638855592624
220.4850001335144, -1e+100, 64263.638855592624
220.50800013542175, -1e+100, 64263.638855592624
220.53200006484985, -1e+100, 64263.638855592624
220.54999995231628, -1e+100, 64263.638855592624
220.5659999847412, -1e+100, 64263.638855592624
220.58200001716614, -1e+100, 64263.638855592624
220.61300015449524, -1e+100, 64263.638855592624
220.6289999485016, -1e+100, 64263.638855592624
223.49399995803833, -1e+100, 64263.638855592624
223.5090000629425, -1e+100, 64263.638855592624
223.52500009536743, -1e+100, 64263.638855592624
223.54100012779236, -1e+100, 64263.638855592624
223.55700016021729, -1e+100, 64263.638855592624
223.59100008010864, -1e+100, 64263.61470868217
223.60700011253357, -1e+100, 64263.61470868217
227.31299996376038, -1e+100, 64263.61470868217
227.33400011062622, -1e+100, 64263.61470868217
227.35199999809265, -1e+100, 64263.61470868217
227.36899995803833, -1e+100, 64263.61470868217
227.3860001564026, -1e+100, 64263.61470868217
227.3989999294281, -1e+100, 64263.61470868217
230.3860001564026, -1e+100, 64263.61470868217
230.40199995040894, -1e+100, 64262.833811678756
230.42400002479553, -1e+100, 64262.833811678756
230.44900012016296, -1e+100, 64262.833811678756
230.47300004959106, -1e+100, 64262.833811678756
233.19600009918213, -1e+100, 64262.833811678756
233.21200013160706, -1e+100, 64262.833811678756
233.22900009155273, -1e+100, 64262.833811678756
233.2460000514984, -1e+100, 64262.833811678756
233.26399993896484, -1e+100, 64262.833811678756
233.2810001373291, -1e+100, 64262.833811678756
233.29800009727478, -1e+100, 64262.833811678756
233.31500005722046, -1e+100, 64262.833811678756
233.33200001716614, -1e+100, 64262.833811678756
233.34899997711182, -1e+100, 64262.833811678756
233.36700010299683, -1e+100, 64253.19939366754
233.39199995994568, -1e+100, 64250.90584867475
237.34599995613098, -1e+100, 64250.90584867475
237.3619999885559, -1e+100, 64250.90584867475
237.37700009346008, -1e+100, 64250.90584867475
237.39100003242493, -1e+100, 64250.90584867475
237.4079999923706, -1e+100, 64250.90584867475
240.42600011825562, -1e+100, 64250.90584867475
240.44900012016296, -1e+100, 64250.90584867475
240.46600008010864, -1e+100, 64250.90584867475
240.48600006103516, -1e+100, 64250.90584867475
243.2130000591278, -1e+100, 64250.90584867475
243.2300000190735, -1e+100, 64250.90584867475
243.24500012397766, -1e+100, 64250.90584867475
243.2610001564026, -1e+100, 64250.90584867475
243.2810001373291, -1e+100, 64250.90584867475
243.29800009727478, -1e+100, 64250.90584867475
243.31500005722046, -1e+100, 64250.90584867475
243.33200001716614, -1e+100, 64250.90584867475
246.80800008773804, -1e+100, 64245.42823598003
246.82800006866455, -1e+100, 64245.42823598003
246.8400001525879, -1e+100, 64245.42823598003
246.8550000190735, -1e+100, 64245.42823598003
246.87199997901917, -1e+100, 64244.69433708611
246.88899993896484, -1e+100, 64241.528069046966
246.90400004386902, -1e+100, 64240.73464470021
250.0440001487732, -1e+100, 64240.73464470021
250.0680000782013, -1e+100, 64240.73464470021
250.0829999446869, -1e+100, 64240.73464470021
250.09800004959106, -1e+100, 64240.73464470021
250.1289999485016, -1e+100, 64240.73464470021
253.0199999809265, -1e+100, 64240.73464470021
253.0350000858307, -1e+100, 64240.73464470021
253.04900002479553, -1e+100, 64240.73464470021
253.06500005722046, -1e+100, 64240.73464470021
253.08200001716614, -1e+100, 64240.73464470021
253.11300015449524, -1e+100, 64240.73464470021
253.13100004196167, -1e+100, 64240.73464470021
253.15100002288818, -1e+100, 64240.73464470021
253.16499996185303, -1e+100, 64240.73464470021
256.9320001602173, -1e+100, 64240.73464470021
256.94900012016296, -1e+100, 64240.73464470021
256.97500014305115, -1e+100, 64240.73464470021
259.86500000953674, -1e+100, 64240.73464470021
259.8800001144409, -1e+100, 64240.73464470021
259.9100000858307, -1e+100, 64238.38020045451
259.9279999732971, -1e+100, 64238.38020045451
259.94400000572205, -1e+100, 64238.38020045451
259.96200013160706, -1e+100, 64238.38020045451
263.04100012779236, -1e+100, 64238.38020045451
263.0629999637604, -1e+100, 64237.04155758313
263.0750000476837, -1e+100, 64232.59552166015
263.0940001010895, -1e+100, 64232.59552166015
263.1119999885559, -1e+100, 64232.59552166015
263.13100004196167, -1e+100, 64232.59552166015
263.1510000228882, -1e+100, 64232.59552166015
263.15700006484985, -1e+100, 64232.59552166015
266.9320001602173, -1e+100, 64232.59552166015
266.94900012016296, -1e+100, 64232.59552166015
266.96399998664856, -1e+100, 64232.59552166015
266.98099994659424, -1e+100, 64232.59552166015
266.99500012397766, -1e+100, 64232.59552166015
269.90700006484985, -1e+100, 64232.59552166015
269.9210000038147, -1e+100, 64232.59552166015
269.9370000362396, -1e+100, 64232.59552166015
269.9690001010895, -1e+100, 64232.59552166015
269.99500012397766, -1e+100, 64232.59552166015
273.8619999885559, -1e+100, 64232.59552166015
273.88700008392334, -1e+100, 64232.59552166015
273.90499997138977, -1e+100, 64232.59552166015
273.92000007629395, -1e+100, 64232.59552166015
273.9370000362396, -1e+100, 64232.59552166015
273.9520001411438, -1e+100, 64232.59552166015
273.9630000591278, -1e+100, 64232.59552166015
273.9760000705719, -1e+100, 64227.022379636095
277.34299993515015, -1e+100, 64227.022379636095
277.3600001335144, -1e+100, 64227.022379636095
277.3800001144409, -1e+100, 64227.022379636095
277.39600014686584, -1e+100, 64227.022379636095
277.40900015830994, -1e+100, 64227.022379636095
277.4230000972748, -1e+100, 64227.022379636095
277.4370000362396, -1e+100, 64227.022379636095
277.4579999446869, -1e+100, 64227.022379636095
281.0659999847412, -1e+100, 64227.022379636095
281.0900001525879, -1e+100, 64227.022379636095
281.10700011253357, -1e+100, 64227.022379636095
281.12199997901917, -1e+100, 64227.022379636095
281.13899993896484, -1e+100, 64227.022379636095
281.15300011634827, -1e+100, 64227.022379636095
284.3730001449585, -1e+100, 64227.022379636095
284.3919999599457, -1e+100, 64227.022379636095
284.40900015830994, -1e+100, 64227.022379636095
284.4260001182556, -1e+100, 64227.022379636095
284.4470000267029, -1e+100, 64227.022379636095
284.460000038147, -1e+100, 64227.022379636095
284.47300004959106, -1e+100, 64227.022379636095
284.4850001335144, -1e+100, 64227.022379636095
284.49399995803833, -1e+100, 64227.022379636095
284.50600004196167, -1e+100, 64227.022379636095
284.5260000228882, -1e+100, 64227.022379636095
284.5440001487732, -1e+100, 64227.022379636095
287.63300013542175, -1e+100, 64227.022379636095
287.6640000343323, -1e+100, 64227.022379636095
287.68300008773804, -1e+100, 64227.022379636095
287.69799995422363, -1e+100, 64227.022379636095
287.7150001525879, -1e+100, 64227.022379636095
287.7300000190735, -1e+100, 64227.022379636095
287.7539999485016, -1e+100, 64214.91366729677
287.77100014686584, -1e+100, 64214.91366729677
291.15300011634827, -1e+100, 64214.91366729677
291.1779999732971, -1e+100, 64214.91366729677
291.1949999332428, -1e+100, 64213.93016653586
291.2130000591278, -1e+100, 64213.93016653586
291.2520000934601, -1e+100, 64213.93016653586
291.2739999294281, -1e+100, 64213.93016653586
291.2890000343323, -1e+100, 64213.93016653586
294.8880000114441, -1e+100, 64213.93016653586
294.90199995040894, -1e+100, 64213.93016653586
294.9190001487732, -1e+100, 64213.93016653586
294.9500000476837, -1e+100, 64213.93016653586
294.9670000076294, -1e+100, 64213.93016653586
294.9930000305176, -1e+100, 64213.93016653586
295.00999999046326, -1e+100, 64213.93016653586
295.0150001049042, -1e+100, 64213.93016653586
295.04500007629395, -1e+100, 64213.93016653586
298.40000009536743, -1e+100, 64213.93016653586
298.4170000553131, -1e+100, 64213.93016653586
298.44600009918213, -1e+100, 64213.93016653586
298.46600008010864, -1e+100, 64213.93016653586
298.48800015449524, -1e+100, 64213.93016653586
298.5039999485016, -1e+100, 64213.93016653586
298.518000125885, -1e+100, 64213.93016653586
298.5380001068115, -1e+100, 64209.37769225133
301.989000082016, -1e+100, 64209.37769225133
302.0150001049042, -1e+100, 64209.37769225133
302.0369999408722, -1e+100, 64209.37769225133
302.0570001602173, -1e+100, 64209.37769225133
302.07599997520447, -1e+100, 64209.37769225133
305.39400005340576, -1e+100, 64209.37769225133
305.4190001487732, -1e+100, 64209.37769225133
305.4430000782013, -1e+100, 64209.37769225133
308.8250000476837, -1e+100, 64209.37769225133
308.8400001525879, -1e+100, 64209.37769225133
308.853000164032, -1e+100, 64204.62310890961
308.86899995803833, -1e+100, 64204.62310890961
308.88499999046326, -1e+100, 64204.62310890961
308.8949999809265, -1e+100, 64204.62310890961
308.9119999408722, -1e+100, 64204.62310890961
308.92900013923645, -1e+100, 64204.62310890961
308.9449999332428, -1e+100, 64204.62310890961
308.96399998664856, -1e+100, 64204.62310890961
308.9800000190735, -1e+100, 64204.62310890961
308.9980001449585, -1e+100, 64204.62310890961
309.01399993896484, -1e+100, 64204.62310890961
309.02800011634827, -1e+100, 64204.62310890961
311.92000007629395, -1e+100, 64204.62310890961
311.9409999847412, -1e+100, 64204.62310890961
311.96399998664856, -1e+100, 64204.62310890961
311.98200011253357, -1e+100, 64204.62310890961
312.0039999485016, -1e+100, 64204.62310890961
312.01900005340576, -1e+100, 64204.62310890961
312.0350000858307, -1e+100, 64204.62310890961
315.289999961853, -1e+100, 64204.62310890961
315.30999994277954, -1e+100, 64204.62310890961
315.3340001106262, -1e+100, 64204.62310890961
315.35199999809265, -1e+100, 64195.419817649265
315.3680000305176, -1e+100, 64195.419817649265
315.3840000629425, -1e+100, 64195.419817649265
315.4010000228882, -1e+100, 64195.419817649265
318.7960000038147, -1e+100, 64195.419817649265
318.81500005722046, -1e+100, 64195.419817649265
318.8310000896454, -1e+100, 64195.419817649265
318.8489999771118, -1e+100, 64194.537609756
318.8659999370575, -1e+100, 64194.537609756
318.88499999046326, -1e+100, 64194.537609756
318.90900015830994, -1e+100, 64194.537609756
318.9279999732971, -1e+100, 64194.537609756
322.30599999427795, -1e+100, 64194.537609756
322.32400012016296, -1e+100, 64194.537609756
322.3400001525879, -1e+100, 64194.537609756
322.36100006103516, -1e+100, 64194.537609756
322.393000125885, -1e+100, 64194.537609756
322.4079999923706, -1e+100, 64194.537609756
322.41799998283386, -1e+100, 64194.537609756
322.4340000152588, -1e+100, 64194.537609756
322.4409999847412, -1e+100, 64194.537609756
325.72300004959106, -1e+100, 64194.30890916327
325.7480001449585, -1e+100, 64194.30890916327
325.768000125885, -1e+100, 64189.53463696392
325.78600001335144, -1e+100, 64189.53463696392
325.79900002479553, -1e+100, 64189.53463696392
325.8129999637604, -1e+100, 64189.53463696392
328.9739999771118, -1e+100, 64189.53463696392
328.99000000953674, -1e+100, 64189.53463696392
329.00600004196167, -1e+100, 64189.53463696392
329.02300000190735, -1e+100, 64189.53463696392
329.0369999408722, -1e+100, 64189.53463696392
329.0550000667572, -1e+100, 64189.53463696392
329.07400012016296, -1e+100, 64189.53463696392
329.095999956131, -1e+100, 64189.53463696392
329.1170001029968, -1e+100, 64189.53463696392
329.13499999046326, -1e+100, 64189.53463696392
332.21600008010864, -1e+100, 64189.53463696392
332.24000000953674, -1e+100, 64189.53463696392
332.25600004196167, -1e+100, 64189.53463696392
332.2720000743866, -1e+100, 64189.53463696392
332.2920000553131, -1e+100, 64189.53463696392
332.2999999523163, -1e+100, 64189.53463696392
332.31700015068054, -1e+100, 64189.53463696392
332.3359999656677, -1e+100, 64189.18972465968
332.36100006103516, -1e+100, 64189.18972465968
332.375, -1e+100, 64189.18972465968
335.4140000343323, -1e+100, 64189.18972465968
335.43499994277954, -1e+100, 64189.18972465968
335.45300006866455, -1e+100, 64189.18972465968
335.47000002861023, -1e+100, 64189.18972465968
335.48600006103516, -1e+100, 64189.18972465968
335.49900007247925, -1e+100, 64189.18972465968
335.5150001049042, -1e+100, 64189.18972465968
335.5310001373291, -1e+100, 64189.18972465968
335.5529999732971, -1e+100, 64189.18972465968
338.8789999485016, -1e+100, 64189.18972465968
338.90300011634827, -1e+100, 64189.18972465968
338.91799998283386, -1e+100, 64189.18972465968
338.9500000476837, -1e+100, 64189.18972465968
338.96600008010864, -1e+100, 64189.18972465968
338.98200011253357, -1e+100, 64189.18972465968
342.3010001182556, -1e+100, 64189.18972465968
342.3340001106262, -1e+100, 64189.18972465968
342.3510000705719, -1e+100, 64189.18972465968
342.3680000305176, -1e+100, 64189.18972465968
342.38499999046326, -1e+100, 64189.18972465968
342.40000009536743, -1e+100, 64189.18972465968
342.4210000038147, -1e+100, 64189.18972465968
342.4370000362396, -1e+100, 64189.18972465968
342.45300006866455, -1e+100, 64189.18972465968
345.8329999446869, -1e+100, 64189.18972465968
345.8489999771118, -1e+100, 64189.18972465968
345.8680000305176, -1e+100, 64189.18972465968
345.8840000629425, -1e+100, 64189.18972465968
345.9010000228882, -1e+100, 64189.18972465968
345.91600012779236, -1e+100, 64189.18972465968
345.9370000362396, -1e+100, 64189.18972465968
345.95700001716614, -1e+100, 64189.18972465968
345.97500014305115, -1e+100, 64181.13785236158
348.97000002861023, -1e+100, 64181.07921917814
348.98600006103516, -1e+100, 64181.07921917814
348.99900007247925, -1e+100, 64181.07921917814
349.01399993896484, -1e+100, 64181.07921917814
349.02699995040894, -1e+100, 64181.07921917814
349.04299998283386, -1e+100, 64181.07921917814
349.07100009918213, -1e+100, 64181.07921917814
352.5659999847412, -1e+100, 64181.07921917814
352.5880000591278, -1e+100, 64181.07921917814
352.61500000953674, -1e+100, 64181.07921917814
352.6319999694824, -1e+100, 64181.07921917814
352.65300011634827, -1e+100, 64181.07921917814
352.6690001487732, -1e+100, 64181.07921917814
352.69200015068054, -1e+100, 64181.07921917814
355.8510000705719, -1e+100, 64181.07921917814
355.875, -1e+100, 64181.07921917814
355.90700006484985, -1e+100, 64181.07921917814
355.9300000667572, -1e+100, 64181.07921917814
355.94799995422363, -1e+100, 64181.07921917814
355.9630000591278, -1e+100, 64181.07921917814
355.98200011253357, -1e+100, 64181.07921917814
356.0020000934601, -1e+100, 64181.07921917814
356.0239999294281, -1e+100, 64174.17726962414
356.0390000343323, -1e+100, 64174.17726962414
356.0610001087189, -1e+100, 64174.17726962414
356.0770001411438, -1e+100, 64174.17726962414
356.09299993515015, -1e+100, 64174.17726962414
356.1089999675751, -1e+100, 64174.17726962414
356.12400007247925, -1e+100, 64174.17726962414
356.13899993896484, -1e+100, 64174.17726962414
356.1619999408722, -1e+100, 64174.17726962414
359.5750000476837, -1e+100, 64174.10616466681
359.5920000076294, -1e+100, 64174.10616466681
359.60599994659424, -1e+100, 64174.10616466681
359.6319999694824, -1e+100, 64174.10616466681
359.6380000114441, -1e+100, 64174.10616466681
359.65499997138977, -1e+100, 64174.10616466681
359.6860001087189, -1e+100, 64174.10616466681
359.70099997520447, -1e+100, 64174.10616466681
359.7170000076294, -1e+100, 64174.10616466681
359.7330000400543, -1e+100, 64174.10616466681
359.75, -1e+100, 64174.10616466681
363.01399993896484, -1e+100, 64174.10616466681
363.03600001335144, -1e+100, 64174.10616466681
363.05599999427795, -1e+100, 64174.10616466681
363.07400012016296, -1e+100, 64174.10616466681
363.0940001010895, -1e+100, 64174.10616466681
363.1170001029968, -1e+100, 64174.10616466681
363.1319999694824, -1e+100, 64174.10616466681
366.404000043869, -1e+100, 64174.10616466681
366.42000007629395, -1e+100, 64174.10616466681
366.44799995422363, -1e+100, 64174.10616466681
366.47000002861023, -1e+100, 64174.10616466681
366.48800015449524, -1e+100, 64174.10616466681
366.5069999694824, -1e+100, 64174.10616466681
366.529000043869, -1e+100, 64174.10616466681
366.54500007629395, -1e+100, 64174.10616466681
366.5629999637604, -1e+100, 64174.10616466681
366.5829999446869, -1e+100, 64171.36302362561
369.84500002861023, -1e+100, 64171.36302362561
369.86100006103516, -1e+100, 64171.36302362561
369.8789999485016, -1e+100, 64171.36302362561
369.89600014686584, -1e+100, 64171.36302362561
369.914999961853, -1e+100, 64171.36302362561
369.93099999427795, -1e+100, 64171.36302362561
369.95500016212463, -1e+100, 64171.36302362561
369.978000164032, -1e+100, 64171.36302362561
370.00300002098083, -1e+100, 64171.36302362561
370.0220000743866, -1e+100, 64171.36302362561
373.50800013542175, -1e+100, 64171.36302362561
373.5460000038147, -1e+100, 64171.36302362561
373.5629999637604, -1e+100, 64171.36302362561
373.58000016212463, -1e+100, 64171.36302362561
373.595999956131, -1e+100, 64171.36302362561
373.6119999885559, -1e+100, 64171.36302362561
373.62800002098083, -1e+100, 64171.36302362561
373.64400005340576, -1e+100, 64171.36302362561
376.52999997138977, -1e+100, 64171.36302362561
376.5510001182556, -1e+100, 64171.36302362561
376.5699999332428, -1e+100, 64171.36302362561
376.585000038147, -1e+100, 64171.36302362561
376.6010000705719, -1e+100, 64171.36302362561
376.6180000305176, -1e+100, 64171.36302362561
376.63700008392334, -1e+100, 64171.36302362561
376.6600000858307, -1e+100, 64171.36302362561
380.02800011634827, -1e+100, 64171.36302362561
380.05999994277954, -1e+100, 64171.2149205002
380.07400012016296, -1e+100, 64170.935130793274
380.0900001525879, -1e+100, 64170.935130793274
380.11100006103516, -1e+100, 64170.935130793274
380.1210000514984, -1e+100, 64170.935130793274
380.1380000114441, -1e+100, 64170.725365578175
380.1619999408722, -1e+100, 64170.725365578175
380.1779999732971, -1e+100, 64170.725365578175
380.19400000572205, -1e+100, 64170.725365578175
380.210000038147, -1e+100, 64170.725365578175
383.5380001068115, -1e+100, 64170.725365578175
383.5570001602173, -1e+100, 64170.725365578175
383.57400012016296, -1e+100, 64170.725365578175
383.58700013160706, -1e+100, 64170.725365578175
383.6010000705719, -1e+100, 64170.725365578175
383.6300001144409, -1e+100, 64170.725365578175
383.6579999923706, -1e+100, 64170.422702462114
383.67900013923645, -1e+100, 64170.422702462114
383.69799995422363, -1e+100, 64170.422702462114
386.9409999847412, -1e+100, 64170.422702462114
386.978000164032, -1e+100, 64170.422702462114
386.99500012397766, -1e+100, 64170.422702462114
387.00999999046326, -1e+100, 64170.422702462114
387.0239999294281, -1e+100, 64170.422702462114
387.0420000553131, -1e+100, 64170.422702462114
387.05999994277954, -1e+100, 64170.422702462114
387.0920000076294, -1e+100, 64170.422702462114
387.0920000076294, -1e+100, 64170.422702462114
387.1230001449585, -1e+100, 64170.422702462114
387.13899993896484, -1e+100, 64170.422702462114
390.3340001106262, -1e+100, 64170.422702462114
390.3510000705719, -1e+100, 64170.422702462114
390.37000012397766, -1e+100, 64170.422702462114
390.3860001564026, -1e+100, 64170.422702462114
390.4010000228882, -1e+100, 64170.422702462114
390.41799998283386, -1e+100, 64170.422702462114
390.43099999427795, -1e+100, 64170.422702462114
390.44600009918213, -1e+100, 64170.422702462114
390.46600008010864, -1e+100, 64170.422702462114
390.47900009155273, -1e+100, 64170.422702462114
390.50100016593933, -1e+100, 64169.82495474426
390.52100014686584, -1e+100, 64169.82495474426
393.7829999923706, -1e+100, 64169.82495474426
393.7999999523163, -1e+100, 64169.82495474426
393.81700015068054, -1e+100, 64169.82495474426
393.8340001106262, -1e+100, 64169.82495474426
393.86100006103516, -1e+100, 64169.72068537365
393.88899993896484, -1e+100, 64168.63001575517
393.9100000858307, -1e+100, 64168.63001575517
393.9300000667572, -1e+100, 64168.53901141952
393.94600009918213, -1e+100, 64168.53901141952
397.08899998664856, -1e+100, 64168.53901141952
397.103000164032, -1e+100, 64168.53901141952
397.12800002098083, -1e+100, 64168.53901141952
397.15000009536743, -1e+100, 64168.53901141952
397.16600012779236, -1e+100, 64168.53901141952
397.18300008773804, -1e+100, 64168.53901141952
397.20099997520447, -1e+100, 64168.29515414888
397.2170000076294, -1e+100, 64168.17271028145
397.2339999675751, -1e+100, 64168.17271028145
400.5480000972748, -1e+100, 64168.17271028145
400.57100009918213, -1e+100, 64168.17271028145
400.5920000076294, -1e+100, 64168.17271028145
400.6089999675751, -1e+100, 64168.17271028145
400.62600016593933, -1e+100, 64168.17271028145
400.62800002098083, -1e+100, 64168.17271028145
400.6600000858307, -1e+100, 64168.17271028145
400.6760001182556, -1e+100, 64168.17271028145
400.69600009918213, -1e+100, 64168.17271028145
400.7130000591278, -1e+100, 64168.17271028145
400.74699997901917, -1e+100, 64168.17271028145
400.7610001564026, -1e+100, 64168.17271028145
400.779000043869, -1e+100, 64168.17271028145
400.79500007629395, -1e+100, 64168.17271028145
400.80400013923645, -1e+100, 64168.17271028145
400.8220000267029, -1e+100, 64168.17271028145
400.83899998664856, -1e+100, 64168.17271028145
404.62400007247925, -1e+100, 64168.17271028145
404.63100004196167, -1e+100, 64168.17271028145
404.6449999809265, -1e+100, 64168.17271028145
404.66100001335144, -1e+100, 64167.993844361445
404.67700004577637, -1e+100, 64167.993844361445
404.6930000782013, -1e+100, 64167.993844361445
408.24500012397766, -1e+100, 64167.993844361445
408.27699995040894, -1e+100, 64167.993844361445
408.2940001487732, -1e+100, 64167.993844361445
408.30999994277954, -1e+100, 64167.23470275096
408.3289999961853, -1e+100, 64167.23470275096
411.52800011634827, -1e+100, 64167.23470275096
411.5510001182556, -1e+100, 64167.23470275096
411.5699999332428, -1e+100, 64166.060755842824
411.59299993515015, -1e+100, 64166.060755842824
411.61500000953674, -1e+100, 64165.91815571798
411.63499999046326, -1e+100, 64165.89354897325
411.65900015830994, -1e+100, 64165.84936373567
411.6800000667572, -1e+100, 64165.84936373567
411.69600009918213, -1e+100, 64165.84936373567
411.71200013160706, -1e+100, 64165.84936373567
411.7420001029968, -1e+100, 64165.68629343304
415.2550001144409, -1e+100, 64165.68629343304
415.2739999294281, -1e+100, 64165.68629343304
415.2920000553131, -1e+100, 64165.68629343304
415.3090000152588, -1e+100, 64165.68629343304
415.32599997520447, -1e+100, 64165.68629343304
415.33200001716614, -1e+100, 64165.68629343304
415.364000082016, -1e+100, 64165.68629343304
415.3840000629425, -1e+100, 64165.68629343304
415.39800000190735, -1e+100, 64165.68629343304
418.50800013542175, -1e+100, 64165.68629343304
418.52500009536743, -1e+100, 64165.68629343304
418.54100012779236, -1e+100, 64165.39438013667
418.55800008773804, -1e+100, 64165.39438013667
418.5750000476837, -1e+100, 64165.39438013667
418.5920000076294, -1e+100, 64165.39438013667
418.6089999675751, -1e+100, 64165.39438013667
418.63300013542175, -1e+100, 64165.39438013667
422.0699999332428, -1e+100, 64165.39438013667
422.0970001220703, -1e+100, 64165.39438013667
422.1210000514984, -1e+100, 64165.39438013667
422.13700008392334, -1e+100, 64165.39438013667
422.15499997138977, -1e+100, 64165.39438013667
422.1800000667572, -1e+100, 64165.39438013667
422.20500016212463, -1e+100, 64165.383729408626
422.2350001335144, -1e+100, 64165.383729408626
422.25, -1e+100, 64165.383729408626
426.353000164032, -1e+100, 64165.383729408626
426.37199997901917, -1e+100, 64165.383729408626
426.3989999294281, -1e+100, 64165.383729408626
426.42199993133545, -1e+100, 64165.383729408626
429.8670001029968, -1e+100, 64165.383729408626
429.88100004196167, -1e+100, 64165.383729408626
429.8970000743866, -1e+100, 64165.383729408626
429.9140000343323, -1e+100, 64165.383729408626
429.9320001602173, -1e+100, 64165.383729408626
429.94799995422363, -1e+100, 64165.383729408626
429.9800000190735, -1e+100, 64165.383729408626
430.0, -1e+100, 64165.383729408626
430.0169999599457, -1e+100, 64165.383729408626
430.039999961853, -1e+100, 64165.383729408626
430.06500005722046, -1e+100, 64165.383729408626
433.6419999599457, -1e+100, 64164.120271842134
433.6510000228882, -1e+100, 64164.120271842134
433.6690001487732, -1e+100, 64164.120271842134
433.6860001087189, -1e+100, 64164.120271842134
433.6909999847412, -1e+100, 64164.120271842134
433.7190001010895, -1e+100, 64164.120271842134
433.73600006103516, -1e+100, 64164.120271842134
433.75300002098083, -1e+100, 64164.120271842134
433.77100014686584, -1e+100, 64160.93841351469
437.6690001487732, -1e+100, 64160.93841351469
437.69200015068054, -1e+100, 64160.93841351469
437.71399998664856, -1e+100, 64160.93841351469
437.7339999675751, -1e+100, 64160.93841351469
441.2020001411438, -1e+100, 64160.93841351469
441.22300004959106, -1e+100, 64160.93841351469
441.24399995803833, -1e+100, 64160.93841351469
441.2650001049042, -1e+100, 64160.93841351469
441.27999997138977, -1e+100, 64160.93841351469
441.2980000972748, -1e+100, 64160.93841351469
441.3120000362396, -1e+100, 64160.93841351469
444.61300015449524, -1e+100, 64160.93841351469
444.6300001144409, -1e+100, 64160.93841351469
444.6470000743866, -1e+100, 64160.93841351469
444.654000043869, -1e+100, 64160.93841351469
444.67000007629395, -1e+100, 64160.93841351469
444.6860001087189, -1e+100, 64160.93841351469
444.70300006866455, -1e+100, 64160.93841351469
449.728000164032, -1e+100, 64160.93841351469
449.7430000305176, -1e+100, 64160.93841351469
449.7610001564026, -1e+100, 64160.0521850513
449.779000043869, -1e+100, 64160.0521850513
449.7940001487732, -1e+100, 64160.0521850513
453.3129999637604, -1e+100, 64160.0521850513
453.33000016212463, -1e+100, 64160.0521850513
453.34800004959106, -1e+100, 64160.0521850513
453.364000082016, -1e+100, 64160.0521850513
453.3789999485016, -1e+100, 64160.0521850513
453.39400005340576, -1e+100, 64160.0521850513
456.37400007247925, -1e+100, 64158.0163689428
456.39800000190735, -1e+100, 64158.0163689428
456.41799998283386, -1e+100, 64158.0163689428
456.4360001087189, -1e+100, 64158.0163689428
456.4539999961853, -1e+100, 64158.0163689428
456.4720001220703, -1e+100, 64158.0163689428
456.48200011253357, -1e+100, 64158.0163689428
456.4980001449585, -1e+100, 64158.0163689428
456.52699995040894, -1e+100, 64157.60014923692
456.53200006484985, -1e+100, 64157.60014923692
459.96600008010864, -1e+100, 64157.60014923692
459.9830000400543, -1e+100, 64157.60014923692
460.0, -1e+100, 64157.60014923692
460.0160000324249, -1e+100, 64157.60014923692
460.0329999923706, -1e+100, 64157.60014923692
460.0550000667572, -1e+100, 64157.08405138053
460.08700013160706, -1e+100, 64156.59757484688
460.10199999809265, -1e+100, 64156.59757484688
465.67199993133545, -1e+100, 64156.59757484688
465.7000000476837, -1e+100, 64155.62052258991
465.7220001220703, -1e+100, 64155.62052258991
465.73800015449524, -1e+100, 64155.62052258991
465.7520000934601, -1e+100, 64155.62052258991
465.76900005340576, -1e+100, 64155.62052258991
465.7869999408722, -1e+100, 64155.62052258991
465.8029999732971, -1e+100, 64155.62052258991
465.81900000572205, -1e+100, 64155.62052258991
469.3819999694824, -1e+100, 64155.62052258991
469.4010000228882, -1e+100, 64155.62052258991
469.414999961853, -1e+100, 64155.62052258991
469.4360001087189, -1e+100, 64155.62052258991
469.44600009918213, -1e+100, 64155.62052258991
469.4670000076294, -1e+100, 64155.62052258991
469.4850001335144, -1e+100, 64155.62052258991
469.5020000934601, -1e+100, 64155.62052258991
469.5239999294281, -1e+100, 64155.62052258991
469.539999961853, -1e+100, 64155.62052258991
469.55599999427795, -1e+100, 64155.62052258991
469.5789999961853, -1e+100, 64155.62052258991
469.595999956131, -1e+100, 64155.62052258991
469.61500000953674, -1e+100, 64155.62052258991
469.6360001564026, -1e+100, 64155.62052258991
473.30400013923645, -1e+100, 64155.62052258991
473.33000016212463, -1e+100, 64155.62052258991
473.345999956131, -1e+100, 64155.62052258991
473.3659999370575, -1e+100, 64155.30291341103
473.3819999694824, -1e+100, 64155.30291341103
473.40000009536743, -1e+100, 64153.09142603072
473.41600012779236, -1e+100, 64151.814958469935
473.4320001602173, -1e+100, 64151.814958469935
473.4470000267029, -1e+100, 64151.814958469935
473.4630000591278, -1e+100, 64151.814958469935
473.47900009155273, -1e+100, 64151.814958469935
473.5, -1e+100, 64151.814958469935
473.518000125885, -1e+100, 64151.814958469935
478.0239999294281, -1e+100, 64151.814958469935
478.04500007629395, -1e+100, 64151.814958469935
478.06500005722046, -1e+100, 64151.814958469935
478.08200001716614, -1e+100, 64151.814958469935
478.10000014305115, -1e+100, 64151.814958469935
478.11500000953674, -1e+100, 64151.814958469935
478.13899993896484, -1e+100, 64151.8094391432
481.5499999523163, -1e+100, 64151.69878344037
481.5770001411438, -1e+100, 64150.448139980654
481.60199999809265, -1e+100, 64150.448139980654
481.62400007247925, -1e+100, 64150.448139980654
481.64600014686584, -1e+100, 64150.448139980654
481.6690001487732, -1e+100, 64150.448139980654
481.6879999637604, -1e+100, 64150.448139980654
481.70500016212463, -1e+100, 64150.448139980654
487.1010000705719, -1e+100, 64150.448139980654
487.11899995803833, -1e+100, 64150.448139980654
487.1380000114441, -1e+100, 64150.448139980654
491.3589999675751, -1e+100, 64150.448139980654
491.3840000629425, -1e+100, 64150.448139980654
491.40199995040894, -1e+100, 64150.448139980654
491.42000007629395, -1e+100, 64150.448139980654
491.4360001087189, -1e+100, 64150.448139980654
491.4590001106262, -1e+100, 64150.448139980654
491.489000082016, -1e+100, 64150.448139980654
495.7220001220703, -1e+100, 64150.448139980654
495.74000000953674, -1e+100, 64150.448139980654
495.76200008392334, -1e+100, 64150.448139980654
495.77699995040894, -1e+100, 64150.448139980654
495.7940001487732, -1e+100, 64150.448139980654
495.80599999427795, -1e+100, 64150.448139980654
495.8289999961853, -1e+100, 64146.911741723525
495.84299993515015, -1e+100, 64146.911741723525
495.8619999885559, -1e+100, 64146.911741723525
501.0970001220703, -1e+100, 64146.911741723525
501.13100004196167, -1e+100, 64146.911741723525
501.15199995040894, -1e+100, 64146.911741723525
501.17700004577637, -1e+100, 64146.911741723525
501.19600009918213, -1e+100, 64146.911741723525
501.21600008010864, -1e+100, 64146.911741723525
501.2350001335144, -1e+100, 64146.911741723525
505.19900012016296, -1e+100, 64146.911741723525
505.21799993515015, -1e+100, 64146.911741723525
505.22900009155273, -1e+100, 64146.911741723525
505.24000000953674, -1e+100, 64146.911741723525
505.2590000629425, -1e+100, 64146.911741723525
505.28200006484985, -1e+100, 64146.911741723525
505.3050000667572, -1e+100, 64146.911741723525
510.2150001525879, -1e+100, 64146.911741723525
510.24000000953674, -1e+100, 64146.911741723525
510.2610001564026, -1e+100, 64146.911741723525
510.2829999923706, -1e+100, 64146.911741723525
510.2999999523163, -1e+100, 64146.911741723525
514.6219999790192, -1e+100, 64146.911741723525
514.6410000324249, -1e+100, 64146.911741723525
514.654000043869, -1e+100, 64146.911741723525
514.6710000038147, -1e+100, 64146.911741723525
514.6900000572205, -1e+100, 64146.911741723525
514.7090001106262, -1e+100, 64146.911741723525
514.7269999980927, -1e+100, 64146.911741723525
514.7569999694824, -1e+100, 64146.911741723525
514.7730000019073, -1e+100, 64146.911741723525
518.8550000190735, -1e+100, 64146.911741723525
518.875, -1e+100, 64146.911741723525
518.8989999294281, -1e+100, 64146.911741723525
518.9210000038147, -1e+100, 64146.911741723525
518.9409999847412, -1e+100, 64146.911741723525
518.9560000896454, -1e+100, 64146.911741723525
518.9739999771118, -1e+100, 64146.911741723525
518.9920001029968, -1e+100, 64146.911741723525
519.0130000114441, -1e+100, 64146.911741723525
519.0239999294281, -1e+100, 64146.911741723525
519.0680000782013, -1e+100, 64146.911741723525
519.0900001525879, -1e+100, 64146.911741723525
523.2350001335144, -1e+100, 64146.911741723525
523.2620000839233, -1e+100, 64146.911741723525
523.2829999923706, -1e+100, 64146.911741723525
523.2999999523163, -1e+100, 64146.911741723525
523.3159999847412, -1e+100, 64146.911741723525
523.3270001411438, -1e+100, 64146.911741723525
523.3559999465942, -1e+100, 64146.911741723525
527.4909999370575, -1e+100, 64146.911741723525
527.5120000839233, -1e+100, 64146.911741723525
527.5460000038147, -1e+100, 64146.911741723525
527.5729999542236, -1e+100, 64146.911741723525
527.5829999446869, -1e+100, 64146.911741723525
532.8880000114441, -1e+100, 64146.911741723525
532.9030001163483, -1e+100, 64146.911741723525
532.9160001277924, -1e+100, 64146.911741723525
532.9290001392365, -1e+100, 64146.911741723525
532.9430000782013, -1e+100, 64146.911741723525
532.9590001106262, -1e+100, 64146.911741723525
532.970999956131, -1e+100, 64146.911741723525
536.6660001277924, -1e+100, 64146.911741723525
536.6840000152588, -1e+100, 64146.911741723525
536.7060000896454, -1e+100, 64146.911741723525
536.7239999771118, -1e+100, 64146.911741723525
536.7439999580383, -1e+100, 64146.911741723525
540.4240000247955, -1e+100, 64146.911741723525
540.4379999637604, -1e+100, 64146.911741723525
540.4630000591278, -1e+100, 64146.911741723525
540.4809999465942, -1e+100, 64146.911741723525
540.4969999790192, -1e+100, 64146.911741723525
540.5139999389648, -1e+100, 64146.911741723525
544.9939999580383, -1e+100, 64146.911741723525
545.0090000629425, -1e+100, 64146.911741723525
545.0239999294281, -1e+100, 64146.911741723525
545.0520000457764, -1e+100, 64141.95927241922
545.0699999332428, -1e+100, 64141.95927241922
548.8910000324249, -1e+100, 64139.595218237155
548.9100000858307, -1e+100, 64139.595218237155
548.9260001182556, -1e+100, 64132.92492011824
548.9420001506805, -1e+100, 64132.92492011824
548.9579999446869, -1e+100, 64132.92492011824
548.9700000286102, -1e+100, 64132.92492011824
548.9850001335144, -1e+100, 64132.92492011824
549.0010001659393, -1e+100, 64132.92492011824
549.0169999599457, -1e+100, 64132.92492011824
549.0329999923706, -1e+100, 64132.92492011824
549.0490000247955, -1e+100, 64132.81131452989
549.0659999847412, -1e+100, 64132.81131452989
549.0810000896454, -1e+100, 64132.81131452989
549.0980000495911, -1e+100, 64132.81131452989
549.114000082016, -1e+100, 64132.81131452989
549.1289999485016, -1e+100, 64132.81131452989
549.1449999809265, -1e+100, 64132.81131452989
549.1619999408722, -1e+100, 64132.81131452989
549.1760001182556, -1e+100, 64132.81131452989
549.1920001506805, -1e+100, 64132.81131452989
552.8710000514984, -1e+100, 64132.81131452989
552.893000125885, -1e+100, 64132.81131452989
552.9110000133514, -1e+100, 64132.81131452989
552.9260001182556, -1e+100, 64132.81131452989
557.4670000076294, -1e+100, 64132.81131452989
557.4860000610352, -1e+100, 64132.81131452989
557.5099999904633, -1e+100, 64132.81131452989
557.529000043869, -1e+100, 64132.81131452989
557.5460000038147, -1e+100, 64132.81131452989
557.5620000362396, -1e+100, 64132.81131452989
557.5750000476837, -1e+100, 64132.81131452989
557.5880000591278, -1e+100, 64132.59126968078
557.6050000190735, -1e+100, 64132.59126968078
557.6219999790192, -1e+100, 64132.59126968078
561.9839999675751, -1e+100, 64132.59126968078
562.0069999694824, -1e+100, 64132.59126968078
562.0239999294281, -1e+100, 64132.59126968078
562.039999961853, -1e+100, 64132.59126968078
562.058000087738, -1e+100, 64132.59126968078
562.0699999332428, -1e+100, 64132.59126968078
562.0859999656677, -1e+100, 64132.59126968078
566.0320000648499, -1e+100, 64132.59126968078
566.0550000667572, -1e+100, 64132.59126968078
566.0750000476837, -1e+100, 64132.59126968078
566.0910000801086, -1e+100, 64132.59126968078
566.1059999465942, -1e+100, 64132.59126968078
566.1170001029968, -1e+100, 64132.59126968078
566.1330001354218, -1e+100, 64132.59126968078
566.1480000019073, -1e+100, 64126.06888137579
566.1790001392365, -1e+100, 64126.06888137579
570.3840000629425, -1e+100, 64126.06888137579
570.4010000228882, -1e+100, 64126.06888137579
570.4179999828339, -1e+100, 64126.06888137579
570.4379999637604, -1e+100, 64126.06888137579
570.4550001621246, -1e+100, 64126.06888137579
570.470999956131, -1e+100, 64126.06888137579
570.4860000610352, -1e+100, 64126.06888137579
570.4969999790192, -1e+100, 64126.06888137579
570.5199999809265, -1e+100, 64126.06888137579
570.5369999408722, -1e+100, 64126.06888137579
570.545000076294, -1e+100, 64126.06888137579
570.5610001087189, -1e+100, 64126.06888137579
574.7980000972748, -1e+100, 64126.06888137579
574.8180000782013, -1e+100, 64124.64556997363
574.8359999656677, -1e+100, 64124.64556997363
574.8540000915527, -1e+100, 64124.64556997363
574.8689999580383, -1e+100, 64124.069380922076
574.8910000324249, -1e+100, 64124.069380922076
574.9110000133514, -1e+100, 64124.069380922076
578.7350001335144, -1e+100, 64124.069380922076
578.7510001659393, -1e+100, 64124.069380922076
578.779000043869, -1e+100, 64124.069380922076
578.7960000038147, -1e+100, 64124.069380922076
578.8120000362396, -1e+100, 64124.069380922076
578.8289999961853, -1e+100, 64124.069380922076
578.8380000591278, -1e+100, 64124.069380922076
578.8540000915527, -1e+100, 64124.069380922076
578.8700001239777, -1e+100, 64124.069380922076
578.8860001564026, -1e+100, 64124.069380922076
582.9660000801086, -1e+100, 64124.069380922076
582.989000082016, -1e+100, 64124.069380922076
583.0090000629425, -1e+100, 64124.069380922076
583.0280001163483, -1e+100, 64124.069380922076
583.0480000972748, -1e+100, 64122.70669455747
583.0710000991821, -1e+100, 64120.942678083295
583.0900001525879, -1e+100, 64120.942678083295
583.1059999465942, -1e+100, 64120.942678083295
583.1210000514984, -1e+100, 64120.942678083295
583.1400001049042, -1e+100, 64120.942678083295
583.1590001583099, -1e+100, 64120.942678083295
587.2820000648499, -1e+100, 64120.942678083295
587.3010001182556, -1e+100, 64120.942678083295
587.3210000991821, -1e+100, 64120.942678083295
587.337000131607, -1e+100, 64120.942678083295
587.3550000190735, -1e+100, 64120.942678083295
587.3630001544952, -1e+100, 64120.942678083295
591.5299999713898, -1e+100, 64120.942678083295
591.5540001392365, -1e+100, 64120.942678083295
591.574000120163, -1e+100, 64120.942678083295
591.5970001220703, -1e+100, 64120.942678083295
591.6119999885559, -1e+100, 64120.942678083295
591.6330001354218, -1e+100, 64120.942678083295
591.6380000114441, -1e+100, 64120.942678083295
595.5039999485016, -1e+100, 64119.59231299848
595.5269999504089, -1e+100, 64119.59231299848
595.5460000038147, -1e+100, 64119.59231299848
595.5670001506805, -1e+100, 64119.59231299848
599.8789999485016, -1e+100, 64119.59231299848
599.9079999923706, -1e+100, 64119.59231299848
599.9240000247955, -1e+100, 64119.59231299848
604.0260000228882, -1e+100, 64119.59231299848
604.0550000667572, -1e+100, 64119.59231299848
604.0699999332428, -1e+100, 64119.59231299848
604.0889999866486, -1e+100, 64119.59231299848
604.1080000400543, -1e+100, 64119.59231299848
604.1119999885559, -1e+100, 64119.59231299848
607.6979999542236, -1e+100, 64119.59231299848
607.7150001525879, -1e+100, 64119.59231299848
607.7369999885559, -1e+100, 64119.59231299848
607.7539999485016, -1e+100, 64119.59231299848
607.7710001468658, -1e+100, 64119.59231299848
607.7860000133514, -1e+100, 64119.59231299848
607.8020000457764, -1e+100, 64119.59231299848
607.8170001506805, -1e+100, 64119.59231299848
607.8250000476837, -1e+100, 64119.59231299848
607.8410000801086, -1e+100, 64119.59231299848
607.8580000400543, -1e+100, 64119.59231299848
611.7810001373291, -1e+100, 64119.59231299848
611.808000087738, -1e+100, 64119.59231299848
611.8320000171661, -1e+100, 64119.59231299848
611.8510000705719, -1e+100, 64119.59231299848
611.8700001239777, -1e+100, 64119.59231299848
616.0859999656677, -1e+100, 64119.59231299848
616.1019999980927, -1e+100, 64119.59231299848
616.1180000305176, -1e+100, 64119.59231299848
616.1349999904633, -1e+100, 64119.59231299848
616.1510000228882, -1e+100, 64112.432090793765
616.1670000553131, -1e+100, 64112.432090793765
616.1849999427795, -1e+100, 64112.432090793765
616.199000120163, -1e+100, 64112.432090793765
616.2160000801086, -1e+100, 64112.432090793765
616.2380001544952, -1e+100, 64112.432090793765
620.1860001087189, -1e+100, 64112.432090793765
620.2130000591278, -1e+100, 64112.432090793765
620.2339999675751, -1e+100, 64112.432090793765
620.2560000419617, -1e+100, 64112.432090793765
620.2750000953674, -1e+100, 64112.432090793765
620.289999961853, -1e+100, 64112.432090793765
620.305999994278, -1e+100, 64112.432090793765
620.3220000267029, -1e+100, 64112.432090793765
624.4110000133514, -1e+100, 64112.432090793765
624.4260001182556, -1e+100, 64112.432090793765
624.4420001506805, -1e+100, 64112.432090793765
624.4560000896454, -1e+100, 64112.432090793765
624.4720001220703, -1e+100, 64112.432090793765
624.4900000095367, -1e+100, 64112.432090793765
624.5060000419617, -1e+100, 64112.432090793765
624.5280001163483, -1e+100, 64112.432090793765
624.5360000133514, -1e+100, 64112.432090793765
624.5680000782013, -1e+100, 64112.432090793765
628.7109999656677, -1e+100, 64112.432090793765
628.7309999465942, -1e+100, 64112.432090793765
628.7539999485016, -1e+100, 64110.92001177046
628.7730000019073, -1e+100, 64110.92001177046
628.7920000553131, -1e+100, 64110.92001177046
628.8099999427795, -1e+100, 64110.92001177046
628.8289999961853, -1e+100, 64110.92001177046
628.8470001220703, -1e+100, 64110.92001177046
628.8680000305176, -1e+100, 64110.92001177046
632.5659999847412, -1e+100, 64110.92001177046
632.5840001106262, -1e+100, 64110.92001177046
632.6010000705719, -1e+100, 64110.92001177046
632.6170001029968, -1e+100, 64110.92001177046
632.6330001354218, -1e+100, 64110.92001177046
632.6440000534058, -1e+100, 64110.92001177046
632.6690001487732, -1e+100, 64110.92001177046
636.9000000953674, -1e+100, 64110.92001177046
636.9170000553131, -1e+100, 64110.92001177046
636.9360001087189, -1e+100, 64110.92001177046
636.9590001106262, -1e+100, 64110.78150506846
636.978000164032, -1e+100, 64110.78150506846
636.9960000514984, -1e+100, 64110.78150506846
641.1150000095367, -1e+100, 64110.78150506846
641.1519999504089, -1e+100, 64110.78150506846
641.1690001487732, -1e+100, 64110.78150506846
641.1870000362396, -1e+100, 64110.78150506846
641.2009999752045, -1e+100, 64110.78150506846
641.2170000076294, -1e+100, 64110.78150506846
641.2330000400543, -1e+100, 64110.78150506846
645.2439999580383, -1e+100, 64110.78150506846
645.2599999904633, -1e+100, 64110.78150506846
645.279000043869, -1e+100, 64110.78150506846
645.2960000038147, -1e+100, 64110.78150506846
645.3129999637604, -1e+100, 64110.78150506846
645.3300001621246, -1e+100, 64110.78150506846
645.3420000076294, -1e+100, 64110.78150506846
645.3580000400543, -1e+100, 64110.78150506846
645.364000082016, -1e+100, 64110.78150506846
645.3810000419617, -1e+100, 64110.78150506846
645.4100000858307, -1e+100, 64110.78150506846
645.4240000247955, -1e+100, 64110.78150506846
649.0020000934601, -1e+100, 64107.853201065955
649.0210001468658, -1e+100, 64104.59947899645
649.0380001068115, -1e+100, 64104.59947899645
649.0529999732971, -1e+100, 64104.59947899645
649.058000087738, -1e+100, 64104.59947899645
649.0729999542236, -1e+100, 64104.59947899645
649.0900001525879, -1e+100, 64104.59947899645
649.1040000915527, -1e+100, 64104.59947899645
649.1200001239777, -1e+100, 64104.59947899645
653.2230000495911, -1e+100, 64104.59947899645
653.2439999580383, -1e+100, 64104.59947899645
653.2610001564026, -1e+100, 64104.59947899645
653.2869999408722, -1e+100, 64104.59947899645
653.3050000667572, -1e+100, 64104.59947899645
653.324000120163, -1e+100, 64104.59947899645
657.3159999847412, -1e+100, 64104.59947899645
657.3420000076294, -1e+100, 64104.59947899645
657.3589999675751, -1e+100, 64104.59947899645
657.3760001659393, -1e+100, 64104.59947899645
657.3889999389648, -1e+100, 64104.59947899645
657.4060001373291, -1e+100, 64104.59947899645
657.4230000972748, -1e+100, 64104.59947899645
657.4400000572205, -1e+100, 64104.59947899645
657.4570000171661, -1e+100, 64104.59947899645
657.4830000400543, -1e+100, 64104.59947899645
657.4990000724792, -1e+100, 64104.59947899645
661.7430000305176, -1e+100, 64104.59947899645
661.7720000743866, -1e+100, 64104.59947899645
661.7969999313354, -1e+100, 64104.59947899645
661.8250000476837, -1e+100, 64104.59947899645
661.8440001010895, -1e+100, 64104.59947899645
665.9690001010895, -1e+100, 64104.59947899645
665.9900000095367, -1e+100, 64104.59947899645
666.0110001564026, -1e+100, 64104.59947899645
666.0239999294281, -1e+100, 64104.59947899645
666.0469999313354, -1e+100, 64104.59947899645
670.2200000286102, -1e+100, 64104.59947899645
670.2430000305176, -1e+100, 64104.59947899645
670.2599999904633, -1e+100, 64104.59947899645
670.2769999504089, -1e+100, 64104.59947899645
670.2910001277924, -1e+100, 64104.59947899645
670.2999999523163, -1e+100, 64104.59947899645
670.3159999847412, -1e+100, 64104.59947899645
670.337000131607, -1e+100, 64104.59947899645
670.3510000705719, -1e+100, 64104.59947899645
670.364000082016, -1e+100, 64104.59947899645
670.3819999694824, -1e+100, 64104.59947899645
670.3980000019073, -1e+100, 64104.59947899645
674.3870000839233, -1e+100, 64104.59947899645
674.4030001163483, -1e+100, 64104.59947899645
674.420000076294, -1e+100, 64104.59947899645
674.4390001296997, -1e+100, 64104.59947899645
674.4539999961853, -1e+100, 64104.59947899645
674.470999956131, -1e+100, 64104.59947899645
674.4860000610352, -1e+100, 64104.59947899645
674.5039999485016, -1e+100, 64104.59947899645
674.5199999809265, -1e+100, 64104.59947899645
674.5350000858307, -1e+100, 64104.59947899645
674.5469999313354, -1e+100, 64104.59947899645
674.5610001087189, -1e+100, 64104.59947899645
674.5770001411438, -1e+100, 64104.59947899645
678.7560000419617, -1e+100, 64104.59947899645
678.7780001163483, -1e+100, 64104.59947899645
678.7969999313354, -1e+100, 64097.62196083476
678.8110001087189, -1e+100, 64097.62196083476
678.8300001621246, -1e+100, 64097.62196083476
678.8400001525879, -1e+100, 64097.62196083476
682.9950001239777, -1e+100, 64097.62196083476
683.0150001049042, -1e+100, 64097.62196083476
683.0329999923706, -1e+100, 64097.07366491005
683.0499999523163, -1e+100, 64097.07366491005
683.0670001506805, -1e+100, 64097.07366491005
683.0759999752045, -1e+100, 64097.07366491005
683.1050000190735, -1e+100, 64097.07366491005
683.1219999790192, -1e+100, 64097.07366491005
683.1440000534058, -1e+100, 64097.07366491005
683.1670000553131, -1e+100, 64097.07366491005
687.125, -1e+100, 64097.07366491005
687.1500000953674, -1e+100, 64097.07366491005
687.1670000553131, -1e+100, 64097.07366491005
687.1820001602173, -1e+100, 64097.07366491005
687.1960000991821, -1e+100, 64097.07366491005
687.2109999656677, -1e+100, 64097.07366491005
687.2269999980927, -1e+100, 64097.07366491005
687.2460000514984, -1e+100, 64097.07366491005
687.2669999599457, -1e+100, 64093.48195376908
691.4570000171661, -1e+100, 64093.48195376908
691.4760000705719, -1e+100, 64093.48195376908
691.4909999370575, -1e+100, 64093.48195376908
691.5060000419617, -1e+100, 64093.48195376908
691.5239999294281, -1e+100, 64091.07444996135
691.5429999828339, -1e+100, 64091.07444996135
691.5590000152588, -1e+100, 64091.07444996135
691.5750000476837, -1e+100, 64091.07444996135
695.8220000267029, -1e+100, 64091.07444996135
695.8450000286102, -1e+100, 64091.07444996135
695.864000082016, -1e+100, 64091.07444996135
695.8789999485016, -1e+100, 64091.07444996135
695.8970000743866, -1e+100, 64091.07444996135
695.9079999923706, -1e+100, 64091.07444996135
695.9240000247955, -1e+100, 64091.07444996135
695.9409999847412, -1e+100, 64091.07444996135
695.970999956131, -1e+100, 64089.85855789511
699.7190001010895, -1e+100, 64089.85855789511
699.7350001335144, -1e+100, 64089.85855789511
699.7520000934601, -1e+100, 64089.85855789511
699.7569999694824, -1e+100, 64089.85855789511
699.7850000858307, -1e+100, 64089.85855789511
703.837000131607, -1e+100, 64089.85855789511
703.864000082016, -1e+100, 64089.85855789511
703.8849999904633, -1e+100, 64089.85855789511
703.9060001373291, -1e+100, 64089.85855789511
703.9230000972748, -1e+100, 64089.85855789511
703.9390001296997, -1e+100, 64087.74734609315
703.9550001621246, -1e+100, 64087.74734609315
703.9720001220703, -1e+100, 64087.74734609315
703.989000082016, -1e+100, 64087.74734609315
708.154000043869, -1e+100, 64087.74734609315
708.1760001182556, -1e+100, 64087.74734609315
708.1970000267029, -1e+100, 64087.74734609315
708.2150001525879, -1e+100, 64087.74734609315
708.2300000190735, -1e+100, 64087.74734609315
708.2460000514984, -1e+100, 64087.74734609315
712.4279999732971, -1e+100, 64087.74734609315
712.4530000686646, -1e+100, 64087.74734609315
712.4769999980927, -1e+100, 64087.74734609315
712.5060000419617, -1e+100, 64086.94482536599
712.5190000534058, -1e+100, 64086.94482536599
712.5320000648499, -1e+100, 64086.94482536599
712.5460000038147, -1e+100, 64086.28945202544
712.5629999637604, -1e+100, 64085.62231306494
712.5800001621246, -1e+100, 64085.62231306494
712.5970001220703, -1e+100, 64085.62231306494
712.614000082016, -1e+100, 64085.62231306494
716.8840000629425, -1e+100, 64085.62231306494
716.9060001373291, -1e+100, 64085.62231306494
716.9210000038147, -1e+100, 64085.62231306494
716.9370000362396, -1e+100, 64085.62231306494
716.9550001621246, -1e+100, 64085.62231306494
716.9739999771118, -1e+100, 64085.62231306494
716.9939999580383, -1e+100, 64085.62231306494
721.095999956131, -1e+100, 64085.62231306494
721.1180000305176, -1e+100, 64085.62231306494
721.1370000839233, -1e+100, 64085.62231306494
721.1530001163483, -1e+100, 64085.62231306494
721.170000076294, -1e+100, 64083.88418411369
721.180999994278, -1e+100, 64083.88418411369
721.1970000267029, -1e+100, 64083.88418411369
721.212000131607, -1e+100, 64083.88418411369
721.228000164032, -1e+100, 64083.88418411369
721.2450001239777, -1e+100, 64083.88418411369
721.2610001564026, -1e+100, 64083.88418411369
725.2220001220703, -1e+100, 64082.18754026515
725.239000082016, -1e+100, 64082.18754026515
725.2550001144409, -1e+100, 64082.18754026515
725.279000043869, -1e+100, 64081.91656124619
725.2960000038147, -1e+100, 64081.91656124619
725.308000087738, -1e+100, 64080.54346162749
725.324000120163, -1e+100, 64080.54346162749
725.324000120163, -1e+100, 64080.54346162749
725.3580000400543, -1e+100, 64080.54346162749
729.5269999504089, -1e+100, 64080.54346162749
729.5440001487732, -1e+100, 64080.54346162749
729.5750000476837, -1e+100, 64080.54346162749
729.5989999771118, -1e+100, 64080.54346162749
729.6159999370575, -1e+100, 64080.54346162749
729.6289999485016, -1e+100, 64080.54346162749
729.6449999809265, -1e+100, 64080.54346162749
729.6610000133514, -1e+100, 64080.54346162749
729.6770000457764, -1e+100, 64080.54346162749
729.6970000267029, -1e+100, 64080.54346162749
729.7130000591278, -1e+100, 64080.54346162749
729.7269999980927, -1e+100, 64080.54346162749
733.279000043869, -1e+100, 64080.54346162749
733.3050000667572, -1e+100, 64079.28825280272
733.3289999961853, -1e+100, 64079.28825280272
733.345999956131, -1e+100, 64079.28825280272
733.3610000610352, -1e+100, 64079.28825280272
733.3770000934601, -1e+100, 64079.28825280272
733.3900001049042, -1e+100, 64079.28825280272
733.4070000648499, -1e+100, 64079.28825280272
733.4240000247955, -1e+100, 64079.28825280272
733.4409999847412, -1e+100, 64079.28825280272
737.7980000972748, -1e+100, 64079.28825280272
737.8180000782013, -1e+100, 64079.28825280272
737.8359999656677, -1e+100, 64079.28825280272
737.8519999980927, -1e+100, 64079.28825280272
737.8670001029968, -1e+100, 64079.28825280272
737.8900001049042, -1e+100, 64079.28825280272
737.9160001277924, -1e+100, 64079.28825280272
742.018000125885, -1e+100, 64079.28825280272
742.0420000553131, -1e+100, 64079.28825280272
742.0610001087189, -1e+100, 64079.28825280272
742.0770001411438, -1e+100, 64079.28825280272
742.0940001010895, -1e+100, 64079.28825280272
742.1050000190735, -1e+100, 64079.28825280272
742.1210000514984, -1e+100, 64079.28825280272
742.1370000839233, -1e+100, 64079.28825280272
742.1519999504089, -1e+100, 64078.66212214245
742.170000076294, -1e+100, 64078.66212214245
742.1840000152588, -1e+100, 64077.35402491222
742.2009999752045, -1e+100, 64077.35402491222
742.2160000801086, -1e+100, 64077.35402491222
742.2339999675751, -1e+100, 64077.35402491222
742.2560000419617, -1e+100, 64077.35402491222
746.5030000209808, -1e+100, 64077.35402491222
746.529000043869, -1e+100, 64077.35402491222
746.5480000972748, -1e+100, 64077.35402491222
746.5650000572205, -1e+100, 64077.35402491222
746.5810000896454, -1e+100, 64077.35402491222
746.5980000495911, -1e+100, 64076.81388310521
746.614000082016, -1e+100, 64076.49537941117
746.6210000514984, -1e+100, 64076.49537941117
746.6380000114441, -1e+100, 64076.49537941117
746.6640000343323, -1e+100, 64076.49537941117
746.6800000667572, -1e+100, 64076.49537941117
751.1219999790192, -1e+100, 64076.49537941117
751.1489999294281, -1e+100, 64076.069526161904
751.1679999828339, -1e+100, 64076.069526161904
751.1840000152588, -1e+100, 64076.069526161904
751.2000000476837, -1e+100, 64076.069526161904
751.2160000801086, -1e+100, 64076.069526161904
751.2269999980927, -1e+100, 64076.069526161904
751.25, -1e+100, 64076.069526161904
751.2669999599457, -1e+100, 64076.069526161904
755.4860000610352, -1e+100, 64076.069526161904
755.5060000419617, -1e+100, 64076.069526161904
755.5250000953674, -1e+100, 64076.069526161904
755.5510001182556, -1e+100, 64076.069526161904
755.5750000476837, -1e+100, 64076.069526161904
755.5980000495911, -1e+100, 64076.069526161904
759.295000076294, -1e+100, 64076.069526161904
759.3120000362396, -1e+100, 64076.069526161904
759.3289999961853, -1e+100, 64076.069526161904
759.345999956131, -1e+100, 64076.069526161904
759.3540000915527, -1e+100, 64076.069526161904
759.3710000514984, -1e+100, 64076.069526161904
759.3960001468658, -1e+100, 64076.069526161904
763.6530001163483, -1e+100, 64076.069526161904
763.6670000553131, -1e+100, 64076.069526161904
763.6840000152588, -1e+100, 64076.069526161904
763.7000000476837, -1e+100, 64076.069526161904
763.7150001525879, -1e+100, 64076.069526161904
763.7320001125336, -1e+100, 64076.069526161904
763.7409999370575, -1e+100, 64076.069526161904
763.7569999694824, -1e+100, 64076.069526161904
763.7730000019073, -1e+100, 64076.069526161904
763.7929999828339, -1e+100, 64076.069526161904
763.808000087738, -1e+100, 64076.069526161904
763.8359999656677, -1e+100, 64076.069526161904
770.375, -1e+100, 64076.069526161904
770.4030001163483, -1e+100, 64076.069526161904
770.4210000038147, -1e+100, 64076.069526161904
770.4360001087189, -1e+100, 64076.069526161904
770.4509999752045, -1e+100, 64076.069526161904
770.4630000591278, -1e+100, 64076.069526161904
774.8770000934601, -1e+100, 64076.069526161904
774.8960001468658, -1e+100, 64076.069526161904
774.9100000858307, -1e+100, 64076.069526161904
774.9260001182556, -1e+100, 64076.069526161904
774.9420001506805, -1e+100, 64076.069526161904
774.9679999351501, -1e+100, 64076.069526161904
779.1749999523163, -1e+100, 64076.069526161904
779.2090001106262, -1e+100, 64076.069526161904
779.228000164032, -1e+100, 64076.069526161904
779.2520000934601, -1e+100, 64076.069526161904
779.2690000534058, -1e+100, 64076.069526161904
779.2860000133514, -1e+100, 64076.069526161904
779.2940001487732, -1e+100, 64076.069526161904
779.3110001087189, -1e+100, 64076.069526161904
779.337000131607, -1e+100, 64076.069526161904
779.3420000076294, -1e+100, 64076.069526161904
779.3580000400543, -1e+100, 64070.619883917076
779.3740000724792, -1e+100, 64070.619883917076
783.6230001449585, -1e+100, 64070.619883917076
783.6389999389648, -1e+100, 64070.619883917076
783.664999961853, -1e+100, 64070.619883917076
783.6849999427795, -1e+100, 64070.619883917076
783.7039999961853, -1e+100, 64070.619883917076
783.7220001220703, -1e+100, 64070.619883917076
783.739000082016, -1e+100, 64070.619883917076
783.7510001659393, -1e+100, 64070.619883917076
783.768000125885, -1e+100, 64070.58542640549
789.6119999885559, -1e+100, 64070.36983455542
789.6360001564026, -1e+100, 64070.36983455542
789.6530001163483, -1e+100, 64070.36983455542
789.6679999828339, -1e+100, 64070.36983455542
789.6849999427795, -1e+100, 64070.36983455542
789.6979999542236, -1e+100, 64070.36983455542
789.7139999866486, -1e+100, 64070.36983455542
789.7309999465942, -1e+100, 64070.36983455542
793.3400001525879, -1e+100, 64070.36983455542
793.3680000305176, -1e+100, 64070.36983455542
793.3900001049042, -1e+100, 64070.36983455542
793.4130001068115, -1e+100, 64070.36983455542
793.4249999523163, -1e+100, 64070.36983455542
793.4420001506805, -1e+100, 64070.36983455542
793.4590001106262, -1e+100, 64070.36983455542
798.055999994278, -1e+100, 64070.36983455542
798.085000038147, -1e+100, 64070.36983455542
798.1019999980927, -1e+100, 64070.36983455542
798.1189999580383, -1e+100, 64070.36983455542
798.1380000114441, -1e+100, 64070.36983455542
798.1440000534058, -1e+100, 64070.36983455542
798.1590001583099, -1e+100, 64070.36983455542
798.1749999523163, -1e+100, 64070.36983455542
798.1909999847412, -1e+100, 64070.36983455542
802.6740000247955, -1e+100, 64070.36983455542
802.7009999752045, -1e+100, 64070.36983455542
802.7170000076294, -1e+100, 64070.36983455542
802.7339999675751, -1e+100, 64070.36983455542
802.7520000934601, -1e+100, 64070.36983455542
802.7690000534058, -1e+100, 64070.36983455542
808.5010001659393, -1e+100, 64070.36983455542
808.5260000228882, -1e+100, 64070.36983455542
808.545000076294, -1e+100, 64070.36983455542
808.5650000572205, -1e+100, 64067.62673004979
808.5770001411438, -1e+100, 64067.62673004979
808.6050000190735, -1e+100, 64067.62673004979
808.6089999675751, -1e+100, 64067.62673004979
808.625, -1e+100, 64067.62673004979
808.6410000324249, -1e+100, 64067.62673004979
808.6719999313354, -1e+100, 64066.4066218696
813.2520000934601, -1e+100, 64066.4066218696
813.2699999809265, -1e+100, 64066.24863284851
813.2920000553131, -1e+100, 64066.24863284851
813.3099999427795, -1e+100, 64066.24863284851
813.3259999752045, -1e+100, 64066.24863284851
813.3389999866486, -1e+100, 64066.24863284851
813.3550000190735, -1e+100, 64066.24863284851
813.3700001239777, -1e+100, 64066.24863284851
813.3880000114441, -1e+100, 64066.24863284851
813.404000043869, -1e+100, 64066.24863284851
813.4210000038147, -1e+100, 64066.24863284851
817.683000087738, -1e+100, 64066.24863284851
817.7079999446869, -1e+100, 64066.24863284851
817.7350001335144, -1e+100, 64066.24863284851
817.7560000419617, -1e+100, 64066.24863284851
817.7750000953674, -1e+100, 64066.24863284851
817.7929999828339, -1e+100, 64066.24863284851
817.8090000152588, -1e+100, 64066.24863284851
817.8259999752045, -1e+100, 64066.24863284851
817.8410000801086, -1e+100, 64066.24863284851
817.8580000400543, -1e+100, 64066.24863284851
817.8880000114441, -1e+100, 64066.24863284851
817.9090001583099, -1e+100, 64066.24863284851
817.9260001182556, -1e+100, 64066.24863284851
821.989000082016, -1e+100, 64066.24863284851
822.0139999389648, -1e+100, 64066.24863284851
822.0320000648499, -1e+100, 64066.24863284851
822.0490000247955, -1e+100, 64066.24863284851
822.0659999847412, -1e+100, 64066.24863284851
822.0759999752045, -1e+100, 64066.24863284851
822.0929999351501, -1e+100, 64066.24863284851
822.1100001335144, -1e+100, 64066.24863284851
822.1270000934601, -1e+100, 64066.24863284851
822.1440000534058, -1e+100, 64066.24863284851
822.1619999408722, -1e+100, 64066.24863284851
827.9520001411438, -1e+100, 64065.23555086272
827.9839999675751, -1e+100, 64065.23555086272
828.0020000934601, -1e+100, 64065.23555086272
828.0199999809265, -1e+100, 64065.23555086272
832.055999994278, -1e+100, 64065.23555086272
832.0750000476837, -1e+100, 64065.23555086272
832.0980000495911, -1e+100, 64065.23555086272
832.114000082016, -1e+100, 64065.23555086272
832.1330001354218, -1e+100, 64065.23555086272
832.1410000324249, -1e+100, 64065.23555086272
832.1579999923706, -1e+100, 64064.3335104928
832.1860001087189, -1e+100, 64064.3335104928
836.6389999389648, -1e+100, 64064.3335104928
836.6640000343323, -1e+100, 64064.3335104928
836.6820001602173, -1e+100, 64064.3335104928
836.699000120163, -1e+100, 64064.3335104928
836.7150001525879, -1e+100, 64064.3335104928
836.7320001125336, -1e+100, 64064.3335104928
836.7469999790192, -1e+100, 64064.3335104928
836.7630000114441, -1e+100, 64064.3335104928
841.4920001029968, -1e+100, 64064.3335104928
841.5199999809265, -1e+100, 64064.3335104928
841.5350000858307, -1e+100, 64062.92481310616
841.5510001182556, -1e+100, 64062.92481310616
841.5670001506805, -1e+100, 64062.92481310616
841.5789999961853, -1e+100, 64062.92481310616
845.7520000934601, -1e+100, 64062.92481310616
845.7769999504089, -1e+100, 64062.92481310616
845.7999999523163, -1e+100, 64062.92481310616
845.8170001506805, -1e+100, 64062.92481310616
845.8329999446869, -1e+100, 64062.92481310616
845.8489999771118, -1e+100, 64062.92481310616
845.8680000305176, -1e+100, 64062.92481310616
851.7829999923706, -1e+100, 64062.92481310616
851.805999994278, -1e+100, 64062.92481310616
851.824000120163, -1e+100, 64062.92481310616
851.8410000801086, -1e+100, 64062.92481310616
851.8550000190735, -1e+100, 64062.92481310616
851.8610000610352, -1e+100, 64062.92481310616
851.8770000934601, -1e+100, 64062.92481310616
851.893000125885, -1e+100, 64062.92481310616
851.9100000858307, -1e+100, 64062.92481310616
856.5480000972748, -1e+100, 64062.92481310616
856.574000120163, -1e+100, 64062.92481310616
856.5910000801086, -1e+100, 64062.92481310616
856.6110000610352, -1e+100, 64062.92481310616
856.6280000209808, -1e+100, 64062.92481310616
856.6440000534058, -1e+100, 64062.92481310616
856.6610000133514, -1e+100, 64062.92481310616
860.4370000362396, -1e+100, 64062.92481310616
860.470999956131, -1e+100, 64062.92481310616
860.4950001239777, -1e+100, 64062.92481310616
860.5150001049042, -1e+100, 64062.92481310616
860.5320000648499, -1e+100, 64062.92481310616
860.5499999523163, -1e+100, 64062.92481310616
860.5659999847412, -1e+100, 64062.92481310616
865.845999956131, -1e+100, 64062.92481310616
865.8800001144409, -1e+100, 64062.92481310616
865.9019999504089, -1e+100, 64062.92481310616
865.9240000247955, -1e+100, 64062.92481310616
865.930999994278, -1e+100, 64062.92481310616
865.9470000267029, -1e+100, 64062.92481310616
870.5020000934601, -1e+100, 64062.92481310616
870.5210001468658, -1e+100, 64062.92481310616
870.5380001068115, -1e+100, 64062.92481310616
870.5529999732971, -1e+100, 64062.92481310616
870.5659999847412, -1e+100, 64062.92481310616
870.5820000171661, -1e+100, 64062.92481310616
870.587000131607, -1e+100, 64062.92481310616
870.6040000915527, -1e+100, 64062.92481310616
870.6210000514984, -1e+100, 64062.92481310616
870.6460001468658, -1e+100, 64062.92481310616
876.8680000305176, -1e+100, 64062.92481310616
876.8919999599457, -1e+100, 64062.92481310616
876.9130001068115, -1e+100, 64062.92481310616
876.9279999732971, -1e+100, 64062.92481310616
876.944000005722, -1e+100, 64062.92481310616
881.345999956131, -1e+100, 64062.92481310616
881.3670001029968, -1e+100, 64062.92481310616
881.3870000839233, -1e+100, 64062.92481310616
881.4130001068115, -1e+100, 64062.92481310616
881.430999994278, -1e+100, 64062.92481310616
881.4500000476837, -1e+100, 64062.92481310616
881.470999956131, -1e+100, 64062.92481310616
881.4950001239777, -1e+100, 64062.92481310616
881.5120000839233, -1e+100, 64062.92481310616
885.8849999904633, -1e+100, 64058.367598974146
885.9030001163483, -1e+100, 64058.367598974146
885.9249999523163, -1e+100, 64058.367598974146
885.9430000782013, -1e+100, 64058.367598974146
885.962000131607, -1e+100, 64058.367598974146
885.9690001010895, -1e+100, 64058.367598974146
885.9869999885559, -1e+100, 64058.367598974146
886.0030000209808, -1e+100, 64058.367598974146
886.0199999809265, -1e+100, 64058.367598974146
886.0369999408722, -1e+100, 64058.367598974146
886.0540001392365, -1e+100, 64058.367598974146
890.5250000953674, -1e+100, 64058.367598974146
890.5499999523163, -1e+100, 64058.367598974146
890.5610001087189, -1e+100, 64058.367598974146
890.5780000686646, -1e+100, 64058.367598974146
890.5950000286102, -1e+100, 64058.367598974146
890.6040000915527, -1e+100, 64058.367598974146
895.9409999847412, -1e+100, 64058.367598974146
895.9590001106262, -1e+100, 64058.367598974146
895.9730000495911, -1e+100, 64058.367598974146
895.9909999370575, -1e+100, 64058.367598974146
896.0069999694824, -1e+100, 64058.367598974146
896.0250000953674, -1e+100, 64058.367598974146
896.0420000553131, -1e+100, 64058.367598974146
900.6210000514984, -1e+100, 64058.367598974146
900.6449999809265, -1e+100, 64058.367598974146
900.6679999828339, -1e+100, 64058.367598974146
900.6890001296997, -1e+100, 64058.367598974146
906.6449999809265, -1e+100, 64055.69824808484
906.6630001068115, -1e+100, 64055.69824808484
906.680999994278, -1e+100, 64055.69824808484
906.6979999542236, -1e+100, 64055.69824808484
906.7160000801086, -1e+100, 64055.69824808484
906.7309999465942, -1e+100, 64055.69824808484
906.7460000514984, -1e+100, 64055.69824808484
906.7599999904633, -1e+100, 64055.69824808484
906.7730000019073, -1e+100, 64055.69824808484
906.7860000133514, -1e+100, 64055.69824808484
906.7990000247955, -1e+100, 64055.69824808484
906.8090000152588, -1e+100, 64055.69824808484
911.4820001125336, -1e+100, 64054.386043309976
911.5010001659393, -1e+100, 64054.386043309976
911.5239999294281, -1e+100, 64054.386043309976
911.5440001487732, -1e+100, 64054.386043309976
911.5610001087189, -1e+100, 64054.386043309976
911.5750000476837, -1e+100, 64054.386043309976
911.5910000801086, -1e+100, 64054.386043309976
911.6080000400543, -1e+100, 64054.386043309976
916.3010001182556, -1e+100, 64054.386043309976
916.3220000267029, -1e+100, 64054.386043309976
916.3389999866486, -1e+100, 64054.386043309976
916.3559999465942, -1e+100, 64054.386043309976
916.3710000514984, -1e+100, 64054.386043309976
916.3880000114441, -1e+100, 64054.386043309976
916.4030001163483, -1e+100, 64054.386043309976
916.4100000858307, -1e+100, 64054.386043309976
916.4260001182556, -1e+100, 64054.386043309976
916.4409999847412, -1e+100, 64054.386043309976
916.4650001525879, -1e+100, 64054.386043309976
916.4800000190735, -1e+100, 64054.386043309976
916.4880001544952, -1e+100, 64054.386043309976
922.0810000896454, -1e+100, 64054.386043309976
922.1110000610352, -1e+100, 64051.25897671726
922.1240000724792, -1e+100, 64051.25897671726
926.9630000591278, -1e+100, 64051.25897671726
926.9809999465942, -1e+100, 64051.25897671726
927.0020000934601, -1e+100, 64051.25897671726
927.0260000228882, -1e+100, 64051.25897671726
927.0429999828339, -1e+100, 64051.25897671726
927.0610001087189, -1e+100, 64051.25897671726
927.0840001106262, -1e+100, 64051.25897671726
932.824000120163, -1e+100, 64051.25897671726
932.8450000286102, -1e+100, 64051.25897671726
932.8580000400543, -1e+100, 64051.25897671726
932.8710000514984, -1e+100, 64051.25897671726
932.8849999904633, -1e+100, 64051.25897671726
937.4349999427795, -1e+100, 64051.25897671726
937.4579999446869, -1e+100, 64051.25897671726
937.4769999980927, -1e+100, 64051.25897671726
937.4920001029968, -1e+100, 64051.25897671726
937.5169999599457, -1e+100, 64051.25897671726
937.5369999408722, -1e+100, 64051.25897671726
937.5550000667572, -1e+100, 64051.25897671726
937.5720000267029, -1e+100, 64051.25897671726
937.5889999866486, -1e+100, 64051.25897671726
937.6059999465942, -1e+100, 64051.25897671726
937.6230001449585, -1e+100, 64051.25897671726
941.3989999294281, -1e+100, 64051.25897671726
941.4210000038147, -1e+100, 64051.25897671726
941.4390001296997, -1e+100, 64051.25897671726
941.4560000896454, -1e+100, 64051.25897671726
941.4750001430511, -1e+100, 64051.25897671726
941.4839999675751, -1e+100, 64051.25897671726
941.5010001659393, -1e+100, 64049.767078676705
941.518000125885, -1e+100, 64049.767078676705
941.5350000858307, -1e+100, 64049.767078676705
941.5520000457764, -1e+100, 64048.196708997726
945.9230000972748, -1e+100, 64048.196708997726
945.9500000476837, -1e+100, 64048.196708997726
945.970999956131, -1e+100, 64048.196708997726
945.9869999885559, -1e+100, 64048.196708997726
946.0, -1e+100, 64048.196708997726
946.0069999694824, -1e+100, 64048.196708997726
946.0250000953674, -1e+100, 64048.196708997726
946.0420000553131, -1e+100, 64048.196708997726
946.0670001506805, -1e+100, 64048.196708997726
946.0829999446869, -1e+100, 64048.196708997726
951.3780000209808, -1e+100, 64048.196708997726
951.3960001468658, -1e+100, 64048.196708997726
951.4110000133514, -1e+100, 64048.196708997726
951.4270000457764, -1e+100, 64048.196708997726
951.444000005722, -1e+100, 64048.196708997726
951.4639999866486, -1e+100, 64048.196708997726
951.478000164032, -1e+100, 64048.196708997726
951.4939999580383, -1e+100, 64048.196708997726
951.5110001564026, -1e+100, 64048.196708997726
951.5260000228882, -1e+100, 64048.196708997726
951.5410001277924, -1e+100, 64048.196708997726
951.5570001602173, -1e+100, 64048.196708997726
951.574000120163, -1e+100, 64048.196708997726
951.5880000591278, -1e+100, 64048.196708997726
956.768000125885, -1e+100, 64046.72281124705
956.795000076294, -1e+100, 64046.72281124705
956.8120000362396, -1e+100, 64046.72281124705
956.8310000896454, -1e+100, 64046.72281124705
962.4430000782013, -1e+100, 64046.72281124705
962.4609999656677, -1e+100, 64046.72281124705
962.4800000190735, -1e+100, 64046.72281124705
962.4969999790192, -1e+100, 64046.72281124705
962.5130000114441, -1e+100, 64046.72281124705
962.5280001163483, -1e+100, 64046.72281124705
962.539999961853, -1e+100, 64046.72281124705
968.3220000267029, -1e+100, 64046.72281124705
968.3450000286102, -1e+100, 64046.72281124705
968.3650000095367, -1e+100, 64046.72281124705
968.3819999694824, -1e+100, 64046.72281124705
968.3970000743866, -1e+100, 64046.72281124705
973.0950000286102, -1e+100, 64046.72281124705
973.1200001239777, -1e+100, 64046.72281124705
978.5360000133514, -1e+100, 64046.72281124705
978.5659999847412, -1e+100, 64046.72281124705
978.5829999446869, -1e+100, 64046.72281124705
978.5980000495911, -1e+100, 64046.72281124705
978.6150000095367, -1e+100, 64046.72281124705
978.6340000629425, -1e+100, 64046.72281124705
984.0390000343323, -1e+100, 64044.66808698607
984.0420000553131, -1e+100, 64043.83135357361
984.069000005722, -1e+100, 64043.83135357361
984.0840001106262, -1e+100, 64043.83135357361
984.0989999771118, -1e+100, 64043.83135357361
984.114000082016, -1e+100, 64043.83135357361
984.1270000934601, -1e+100, 64043.83135357361
984.143000125885, -1e+100, 64043.83135357361
984.143000125885, -1e+100, 64043.83135357361
984.1749999523163, -1e+100, 64043.83135357361
989.0169999599457, -1e+100, 64042.75852403188
989.0499999523163, -1e+100, 64042.68005069361
989.069000005722, -1e+100, 64042.68005069361
989.0859999656677, -1e+100, 64042.68005069361
989.1040000915527, -1e+100, 64042.68005069361
989.1219999790192, -1e+100, 64042.68005069361
989.1349999904633, -1e+100, 64042.68005069361
989.1579999923706, -1e+100, 64042.68005069361
989.1679999828339, -1e+100, 64042.68005069361
989.183000087738, -1e+100, 64042.68005069361
994.2179999351501, -1e+100, 64042.68005069361
994.239000082016, -1e+100, 64042.68005069361
994.2510001659393, -1e+100, 64042.68005069361
994.2669999599457, -1e+100, 64042.68005069361
994.2869999408722, -1e+100, 64042.68005069361
994.305999994278, -1e+100, 64042.68005069361
994.3210000991821, -1e+100, 64042.68005069361
994.337000131607, -1e+100, 64042.68005069361
994.353000164032, -1e+100, 64042.68005069361
994.3680000305176, -1e+100, 64042.68005069361
994.3840000629425, -1e+100, 64042.68005069361
994.4010000228882, -1e+100, 64042.68005069361
994.4170000553131, -1e+100, 64042.68005069361
999.353000164032, -1e+100, 64042.68005069361
999.3780000209808, -1e+100, 64042.68005069361
999.3960001468658, -1e+100, 64042.68005069361
999.4190001487732, -1e+100, 64042.68005069361
999.4370000362396, -1e+100, 64042.68005069361
999.4539999961853, -1e+100, 64042.68005069361
1004.5640001296997, -1e+100, 64042.68005069361
1004.5859999656677, -1e+100, 64042.68005069361
1004.6070001125336, -1e+100, 64042.68005069361
1004.6230001449585, -1e+100, 64042.68005069361
1004.6389999389648, -1e+100, 64042.68005069361
1004.6570000648499, -1e+100, 64042.68005069361
1004.6670000553131, -1e+100, 64042.68005069361
1004.683000087738, -1e+100, 64042.68005069361
1009.603000164032, -1e+100, 64042.68005069361
1009.6219999790192, -1e+100, 64042.68005069361
1009.6440000534058, -1e+100, 64042.68005069361
1009.6640000343323, -1e+100, 64042.68005069361
1009.6800000667572, -1e+100, 64042.68005069361
1009.694000005722, -1e+100, 64042.68005069361
1014.864000082016, -1e+100, 64042.68005069361
1014.8840000629425, -1e+100, 64042.68005069361
1014.9090001583099, -1e+100, 64042.68005069361
1014.933000087738, -1e+100, 64042.68005069361
1014.9570000171661, -1e+100, 64042.68005069361
1014.9700000286102, -1e+100, 64042.68005069361
1014.9990000724792, -1e+100, 64042.68005069361
1015.0150001049042, -1e+100, 64042.68005069361
1015.0310001373291, -1e+100, 64042.68005069361
1020.0570001602173, -1e+100, 64042.68005069361
1020.0810000896454, -1e+100, 64042.68005069361
1020.0980000495911, -1e+100, 64042.68005069361
1020.1159999370575, -1e+100, 64042.68005069361
1020.1360001564026, -1e+100, 64042.68005069361
1024.3680000305176, -1e+100, 64042.68005069361
1024.3860001564026, -1e+100, 64042.68005069361
1024.401999950409, -1e+100, 64042.68005069361
1024.417000055313, -1e+100, 64042.68005069361
1024.4340000152588, -1e+100, 64042.68005069361
1024.4509999752045, -1e+100, 64042.68005069361
1024.4660000801086, -1e+100, 64042.68005069361
1029.7179999351501, -1e+100, 64039.50791440838
1029.7360000610352, -1e+100, 64039.50791440838
1029.7510001659393, -1e+100, 64039.4126010981
1029.768000125885, -1e+100, 64039.4126010981
1029.7829999923706, -1e+100, 64039.4126010981
1029.7960000038147, -1e+100, 64039.4126010981
1029.8120000362396, -1e+100, 64039.4126010981
1029.8280000686646, -1e+100, 64039.4126010981
1029.8450000286102, -1e+100, 64039.4126010981
1029.8600001335144, -1e+100, 64039.039111172424
1029.8819999694824, -1e+100, 64039.039111172424
1035.2480001449585, -1e+100, 64039.039111172424
1035.2650001049042, -1e+100, 64039.039111172424
1035.2829999923706, -1e+100, 64039.039111172424
1035.3010001182556, -1e+100, 64039.039111172424
1035.3159999847412, -1e+100, 64039.039111172424
1035.3310000896454, -1e+100, 64039.039111172424
1035.3450000286102, -1e+100, 64039.039111172424
1040.9049999713898, -1e+100, 64039.039111172424
1040.9300000667572, -1e+100, 64039.039111172424
1040.9539999961853, -1e+100, 64039.039111172424
1040.9700000286102, -1e+100, 64039.039111172424
1040.989000082016, -1e+100, 64039.039111172424
1046.0230000019073, -1e+100, 64037.25742448872
1046.0480000972748, -1e+100, 64037.25742448872
1046.0659999847412, -1e+100, 64037.25742448872
1046.0820000171661, -1e+100, 64037.25742448872
1046.101000070572, -1e+100, 64037.25742448872
1046.1110000610352, -1e+100, 64037.25742448872
1046.12700009346, -1e+100, 64037.25742448872
1046.1440000534058, -1e+100, 64037.25742448872
1046.1610000133514, -1e+100, 64037.25742448872
1051.2910001277924, -1e+100, 64036.46481894072
1051.3210000991821, -1e+100, 64036.46481894072
1056.0810000896454, -1e+100, 64036.46481894072
1056.1110000610352, -1e+100, 64036.46481894072
1056.1289999485016, -1e+100, 64036.46481894072
1056.143000125885, -1e+100, 64036.46481894072
1056.1579999923706, -1e+100, 64036.46481894072
1056.1690001487732, -1e+100, 64036.46481894072
1056.1849999427795, -1e+100, 64036.46481894072
1056.2009999752045, -1e+100, 64036.46481894072
1056.2170000076294, -1e+100, 64036.46481894072
1056.233999967575, -1e+100, 64036.46481894072
1056.2480001449585, -1e+100, 64036.46481894072
1056.2610001564026, -1e+100, 64036.46481894072
1056.281000137329, -1e+100, 64036.46481894072
1056.2990000247955, -1e+100, 64036.46481894072
1056.3199999332428, -1e+100, 64036.46481894072
1056.3429999351501, -1e+100, 64036.46481894072
1061.2929999828339, -1e+100, 64036.46481894072
1061.3170001506805, -1e+100, 64036.46481894072
1061.337000131607, -1e+100, 64036.46481894072
1061.3550000190735, -1e+100, 64036.46481894072
1061.3740000724792, -1e+100, 64036.46481894072
1066.1349999904633, -1e+100, 64036.46481894072
1066.1619999408722, -1e+100, 64036.46481894072
1066.180999994278, -1e+100, 64036.46481894072
1066.199000120163, -1e+100, 64036.46481894072
1066.215000152588, -1e+100, 64036.46481894072
1066.2309999465942, -1e+100, 64036.46481894072
1066.2430000305176, -1e+100, 64034.32945859505
1066.2599999904633, -1e+100, 64034.32945859505
1066.2799999713898, -1e+100, 64034.32945859505
1071.391000032425, -1e+100, 64034.32945859505
1071.4119999408722, -1e+100, 64034.32945859505
1071.4270000457764, -1e+100, 64034.32945859505
1071.4509999752045, -1e+100, 64034.32945859505
1071.4690001010895, -1e+100, 64034.32945859505
1071.4880001544952, -1e+100, 64034.32945859505
1071.5010001659393, -1e+100, 64034.32945859505
1071.5169999599457, -1e+100, 64034.32945859505
1071.5480000972748, -1e+100, 64034.32945859505
1071.5659999847412, -1e+100, 64034.32945859505
1071.582999944687, -1e+100, 64034.32945859505
1076.0440001487732, -1e+100, 64034.32945859505
1076.0620000362396, -1e+100, 64034.32945859505
1076.0789999961853, -1e+100, 64034.32945859505
1076.095999956131, -1e+100, 64034.32945859505
1076.1130001544952, -1e+100, 64034.32945859505
1081.3199999332428, -1e+100, 64032.465562068275
1081.3450000286102, -1e+100, 64032.465562068275
1081.3670001029968, -1e+100, 64032.465562068275
1081.3830001354218, -1e+100, 64032.465562068275
1081.4000000953674, -1e+100, 64032.465562068275
1081.4070000648499, -1e+100, 64032.465562068275
1081.4379999637604, -1e+100, 64032.465562068275
1086.2860000133514, -1e+100, 64032.465562068275
1086.3220000267029, -1e+100, 64032.465562068275
1086.345999956131, -1e+100, 64032.465562068275
1086.3650000095367, -1e+100, 64032.465562068275
1086.3849999904633, -1e+100, 64032.465562068275
1086.4049999713898, -1e+100, 64031.031193948016
1086.4210000038147, -1e+100, 64031.031193948016
1086.4370000362396, -1e+100, 64031.031193948016
1091.3900001049042, -1e+100, 64031.031193948016
1091.4219999313354, -1e+100, 64031.031193948016
1091.449000120163, -1e+100, 64031.031193948016
1091.4720001220703, -1e+100, 64031.01465990711
1091.4769999980927, -1e+100, 64030.61030908743
1091.4930000305176, -1e+100, 64030.61030908743
1091.5090000629425, -1e+100, 64030.61030908743
1091.5260000228882, -1e+100, 64030.61030908743
1091.558000087738, -1e+100, 64030.61030908743
1091.5729999542236, -1e+100, 64030.61030908743
1091.5880000591278, -1e+100, 64030.61030908743
1091.5929999351501, -1e+100, 64030.61030908743
1091.6200001239777, -1e+100, 64030.61030908743
1096.6960000991821, -1e+100, 64030.61030908743
1096.723000049591, -1e+100, 64030.61030908743
1096.7409999370575, -1e+100, 64030.61030908743
1096.7569999694824, -1e+100, 64030.61030908743
1096.7750000953674, -1e+100, 64030.61030908743
1096.7910001277924, -1e+100, 64030.61030908743
1096.7969999313354, -1e+100, 64030.61030908743
1096.8129999637604, -1e+100, 64030.61030908743
1096.8300001621246, -1e+100, 64030.61030908743
1102.1870000362396, -1e+100, 64030.123555476246
1102.212000131607, -1e+100, 64030.123555476246
1102.2290000915527, -1e+100, 64030.123555476246
1102.2480001449585, -1e+100, 64030.123555476246
1102.268000125885, -1e+100, 64030.123555476246
1102.2750000953674, -1e+100, 64030.123555476246
1102.2910001277924, -1e+100, 64030.123555476246
1102.308000087738, -1e+100, 64030.123555476246
1102.3250000476837, -1e+100, 64030.123555476246
1102.3420000076294, -1e+100, 64030.123555476246
1102.358999967575, -1e+100, 64030.08188123804
1102.3760001659393, -1e+100, 64030.08188123804
1106.8040001392365, -1e+100, 64030.08188123804
1106.8250000476837, -1e+100, 64030.08188123804
1106.8429999351501, -1e+100, 64030.08188123804
1106.8610000610352, -1e+100, 64030.08188123804
1106.8789999485016, -1e+100, 64030.08188123804
1106.8830001354218, -1e+100, 64030.08188123804
1106.9000000953674, -1e+100, 64030.08188123804
1106.917000055313, -1e+100, 64030.08188123804
1106.9340000152588, -1e+100, 64030.08188123804
1106.962000131607, -1e+100, 64030.08188123804
1112.074000120163, -1e+100, 64030.08188123804
1112.0929999351501, -1e+100, 64030.08188123804
1112.111999988556, -1e+100, 64030.08188123804
1112.1319999694824, -1e+100, 64030.08188123804
1112.1480000019073, -1e+100, 64030.08188123804
1112.15900015831, -1e+100, 64030.08188123804
1112.1800000667572, -1e+100, 64030.08188123804
1112.1970000267029, -1e+100, 64030.08188123804
1112.210000038147, -1e+100, 64030.08188123804
1117.5859999656677, -1e+100, 64030.08188123804
1117.6070001125336, -1e+100, 64030.08188123804
1117.625, -1e+100, 64030.08188123804
1117.6460001468658, -1e+100, 64030.08188123804
1117.6710000038147, -1e+100, 64028.87799121628
1117.6930000782013, -1e+100, 64028.87799121628
1117.7160000801086, -1e+100, 64028.45554306698
1117.7250001430511, -1e+100, 64028.18391620044
1117.7530000209808, -1e+100, 64028.18391620044
1117.7690000534058, -1e+100, 64028.18391620044
1122.837000131607, -1e+100, 64028.18391620044
1122.8700001239777, -1e+100, 64028.18391620044
1122.888000011444, -1e+100, 64028.18391620044
1122.9070000648499, -1e+100, 64028.18391620044
1122.9249999523163, -1e+100, 64028.18391620044
1122.9420001506805, -1e+100, 64028.18391620044
1122.960000038147, -1e+100, 64028.18391620044
1122.9880001544952, -1e+100, 64028.18391620044
1128.0280001163483, -1e+100, 64028.18391620044
1128.0480000972748, -1e+100, 64027.77627008014
1128.0680000782013, -1e+100, 64027.77627008014
1128.087000131607, -1e+100, 64027.77627008014
1128.103000164032, -1e+100, 64027.77627008014
1128.1159999370575, -1e+100, 64027.77627008014
1128.1330001354218, -1e+100, 64027.77627008014
1128.1460001468658, -1e+100, 64027.77627008014
1128.1619999408722, -1e+100, 64027.77627008014
1128.1779999732971, -1e+100, 64027.77627008014
1128.1949999332428, -1e+100, 64027.77627008014
1133.3270001411438, -1e+100, 64027.77627008014
1133.3440001010895, -1e+100, 64027.77627008014
1133.361999988556, -1e+100, 64027.77627008014
1133.3810000419617, -1e+100, 64027.77627008014
1133.4000000953674, -1e+100, 64027.77627008014
1133.417000055313, -1e+100, 64027.77627008014
1133.4340000152588, -1e+100, 64027.77627008014
1133.4520001411438, -1e+100, 64027.77627008014
1133.4660000801086, -1e+100, 64027.77627008014
1133.4830000400543, -1e+100, 64027.77627008014
1138.7569999694824, -1e+100, 64027.77627008014
1138.779000043869, -1e+100, 64027.77627008014
1138.8020000457764, -1e+100, 64027.12399220249
1138.819000005722, -1e+100, 64026.94326237257
1138.835000038147, -1e+100, 64026.94326237257
1138.8540000915527, -1e+100, 64026.94326237257
1138.8670001029968, -1e+100, 64026.94326237257
1138.8840000629425, -1e+100, 64026.94326237257
1138.898999929428, -1e+100, 64026.94326237257
1138.9300000667572, -1e+100, 64026.94326237257
1138.9470000267029, -1e+100, 64026.94326237257
1143.9660000801086, -1e+100, 64026.94326237257
1143.986999988556, -1e+100, 64026.94326237257
1144.0030000209808, -1e+100, 64026.94326237257
1144.0190000534058, -1e+100, 64026.94326237257
1144.0390000343323, -1e+100, 64026.94326237257
1144.0550000667572, -1e+100, 64026.94326237257
1149.1820001602173, -1e+100, 64026.94326237257
1149.2060000896454, -1e+100, 64026.94326237257
1149.2220001220703, -1e+100, 64026.94326237257
1149.239000082016, -1e+100, 64026.94326237257
1149.2539999485016, -1e+100, 64026.94326237257
1149.2699999809265, -1e+100, 64026.94326237257
1154.3159999847412, -1e+100, 64026.94326237257
1154.3389999866486, -1e+100, 64026.94326237257
1154.3570001125336, -1e+100, 64026.94326237257
1154.37700009346, -1e+100, 64026.94326237257
1154.3970000743866, -1e+100, 64026.94326237257
1154.4119999408722, -1e+100, 64026.94326237257
1154.433000087738, -1e+100, 64026.94326237257
1154.4509999752045, -1e+100, 64026.94326237257
1154.4679999351501, -1e+100, 64026.94326237257
1158.864000082016, -1e+100, 64026.94326237257
1158.8870000839233, -1e+100, 64026.94326237257
1158.9070000648499, -1e+100, 64026.94326237257
1158.9260001182556, -1e+100, 64026.94326237257
1158.9420001506805, -1e+100, 64026.94326237257
1158.9520001411438, -1e+100, 64026.94326237257
1158.9679999351501, -1e+100, 64026.94326237257
1158.9850001335144, -1e+100, 64026.94326237257
1159.00200009346, -1e+100, 64026.94326237257
1164.207999944687, -1e+100, 64026.94326237257
1164.2360000610352, -1e+100, 64026.94326237257
1164.2539999485016, -1e+100, 64026.94326237257
1164.2720000743866, -1e+100, 64026.94326237257
1164.289999961853, -1e+100, 64026.94326237257
1164.3020000457764, -1e+100, 64026.94326237257
1164.3300001621246, -1e+100, 64026.94326237257
1169.7420001029968, -1e+100, 64026.94326237257
1169.773999929428, -1e+100, 64026.94326237257
1169.7910001277924, -1e+100, 64026.94326237257
1169.8090000152588, -1e+100, 64026.94326237257
1169.8250000476837, -1e+100, 64026.94326237257
1169.840000152588, -1e+100, 64026.94326237257
1169.8570001125336, -1e+100, 64026.94326237257
1169.8719999790192, -1e+100, 64026.94326237257
1169.8870000839233, -1e+100, 64026.94326237257
1169.9030001163483, -1e+100, 64026.94326237257
1175.0820000171661, -1e+100, 64025.10237751058
1175.1040000915527, -1e+100, 64025.10237751058
1175.1240000724792, -1e+100, 64025.10237751058
1175.1400001049042, -1e+100, 64025.10237751058
1175.154000043869, -1e+100, 64025.10237751058
1175.167000055313, -1e+100, 64025.10237751058
1175.1800000667572, -1e+100, 64025.10237751058
1175.1949999332428, -1e+100, 64025.10237751058
1175.2109999656677, -1e+100, 64025.10237751058
1175.2269999980927, -1e+100, 64025.10237751058
1175.2430000305176, -1e+100, 64025.10237751058
1175.2590000629425, -1e+100, 64025.10237751058
1175.2760000228882, -1e+100, 64025.10237751058
1180.4479999542236, -1e+100, 64024.83903756286
1180.4690001010895, -1e+100, 64024.83903756286
1180.4900000095367, -1e+100, 64024.83903756286
1180.5110001564026, -1e+100, 64024.83903756286
1180.5280001163483, -1e+100, 64024.83903756286
1180.5490000247955, -1e+100, 64024.83903756286
1180.5570001602173, -1e+100, 64024.83903756286
1180.5720000267029, -1e+100, 64024.83903756286
1180.5940001010895, -1e+100, 64024.83903756286
1180.611999988556, -1e+100, 64024.83903756286
1180.6200001239777, -1e+100, 64024.83903756286
1180.6480000019073, -1e+100, 64024.83903756286
1186.058000087738, -1e+100, 64023.2169360235
1186.082999944687, -1e+100, 64023.2169360235
1186.0989999771118, -1e+100, 64023.2169360235
1186.1150000095367, -1e+100, 64023.2169360235
1186.1310000419617, -1e+100, 64023.2169360235
1186.1449999809265, -1e+100, 64023.2169360235
1186.1610000133514, -1e+100, 64023.2169360235
1186.1770000457764, -1e+100, 64023.2169360235
1186.1770000457764, -1e+100, 64023.2169360235
1186.194000005722, -1e+100, 64023.2169360235
1186.210000038147, -1e+100, 64023.2169360235
1186.2269999980927, -1e+100, 64023.2169360235
1186.2439999580383, -1e+100, 64023.2169360235
1186.2610001564026, -1e+100, 64023.2169360235
1191.4950001239777, -1e+100, 64023.2169360235
1191.5139999389648, -1e+100, 64022.937037415235
1191.5380001068115, -1e+100, 64022.937037415235
1191.5540001392365, -1e+100, 64022.937037415235
1191.5699999332428, -1e+100, 64022.937037415235
1191.5859999656677, -1e+100, 64022.937037415235
1191.5910000801086, -1e+100, 64022.937037415235
1191.6070001125336, -1e+100, 64022.937037415235
1191.6240000724792, -1e+100, 64022.937037415235
1191.641000032425, -1e+100, 64022.937037415235
1191.6579999923706, -1e+100, 64022.937037415235
1196.6820001602173, -1e+100, 64022.937037415235
1196.699000120163, -1e+100, 64022.937037415235
1196.7239999771118, -1e+100, 64022.937037415235
1196.7430000305176, -1e+100, 64022.937037415235
1196.7599999904633, -1e+100, 64022.937037415235
1196.7730000019073, -1e+100, 64022.937037415235
1196.7890000343323, -1e+100, 64022.937037415235
1196.805999994278, -1e+100, 64022.937037415235
1201.5710000991821, -1e+100, 64022.797171986516
1201.590000152588, -1e+100, 64022.797171986516
1201.6070001125336, -1e+100, 64022.797171986516
1201.6260001659393, -1e+100, 64022.797171986516
1201.643000125885, -1e+100, 64022.797171986516
1201.6549999713898, -1e+100, 64022.797171986516
1201.6710000038147, -1e+100, 64022.797171986516
1207.1240000724792, -1e+100, 64022.797171986516
1207.1610000133514, -1e+100, 64022.797171986516
1207.1840000152588, -1e+100, 64022.797171986516
1207.2050001621246, -1e+100, 64022.797171986516
1207.212000131607, -1e+100, 64022.797171986516
1207.2290000915527, -1e+100, 64022.797171986516
1212.4700000286102, -1e+100, 64022.797171986516
1212.4960000514984, -1e+100, 64022.797171986516
1212.5220000743866, -1e+100, 64022.797171986516
1212.5380001068115, -1e+100, 64022.797171986516
1212.555999994278, -1e+100, 64022.797171986516
1212.5599999427795, -1e+100, 64022.797171986516
1212.5770001411438, -1e+100, 64022.01961345851
1217.3610000610352, -1e+100, 64022.01961345851
1217.3810000419617, -1e+100, 64022.01961345851
1217.3970000743866, -1e+100, 64022.01961345851
1217.4140000343323, -1e+100, 64022.01961345851
1217.4290001392365, -1e+100, 64022.01961345851
1217.4460000991821, -1e+100, 64022.01961345851
1217.4609999656677, -1e+100, 64022.01961345851
1217.478000164032, -1e+100, 64022.01961345851
1217.4930000305176, -1e+100, 64022.01961345851
1217.5090000629425, -1e+100, 64022.01961345851
1217.526999950409, -1e+100, 64022.01961345851
1222.7820000648499, -1e+100, 64022.01961345851
1222.8110001087189, -1e+100, 64022.01961345851
1222.8359999656677, -1e+100, 64022.01961345851
1222.853000164032, -1e+100, 64022.01961345851
1222.8710000514984, -1e+100, 64018.95165175937
1222.880000114441, -1e+100, 64018.95165175937
1228.3670001029968, -1e+100, 64018.95165175937
1228.3830001354218, -1e+100, 64018.78563346353
1228.4160001277924, -1e+100, 64018.78563346353
1228.4379999637604, -1e+100, 64018.78563346353
1228.462000131607, -1e+100, 64018.78563346353
1228.4720001220703, -1e+100, 64018.78563346353
1228.4860000610352, -1e+100, 64018.78563346353
1228.50200009346, -1e+100, 64018.78563346353
1228.5190000534058, -1e+100, 64018.78563346353
1233.5570001602173, -1e+100, 64018.78563346353
1233.5810000896454, -1e+100, 64018.78563346353
1233.6000001430511, -1e+100, 64018.78563346353
1233.6180000305176, -1e+100, 64018.78563346353
1233.6349999904633, -1e+100, 64018.78563346353
1233.6570000648499, -1e+100, 64018.222290356294
1238.7290000915527, -1e+100, 64018.222290356294
1238.7539999485016, -1e+100, 64018.222290356294
1238.7750000953674, -1e+100, 64018.222290356294
1238.7929999828339, -1e+100, 64018.222290356294
1238.8099999427795, -1e+100, 64018.222290356294
1238.8159999847412, -1e+100, 64018.222290356294
1238.8320000171661, -1e+100, 64018.222290356294
1238.8489999771118, -1e+100, 64018.222290356294
1238.8789999485016, -1e+100, 64018.222290356294
1238.898999929428, -1e+100, 64018.222290356294
1244.2139999866486, -1e+100, 64018.222290356294
1244.2360000610352, -1e+100, 64018.222290356294
1244.2539999485016, -1e+100, 64018.222290356294
1244.2710001468658, -1e+100, 64018.222290356294
1244.2880001068115, -1e+100, 64018.222290356294
1244.2969999313354, -1e+100, 64018.222290356294
1244.3129999637604, -1e+100, 64018.222290356294
1244.3380000591278, -1e+100, 64018.222290356294
1249.3070001602173, -1e+100, 64016.83152759115
1249.3289999961853, -1e+100, 64016.83152759115
1249.351000070572, -1e+100, 64016.83152759115
1249.3689999580383, -1e+100, 64016.83152759115
1249.3860001564026, -1e+100, 64016.83152759115
1249.4000000953674, -1e+100, 64016.83152759115
1254.7179999351501, -1e+100, 64016.83152759115
1254.736999988556, -1e+100, 64016.83152759115
1254.7560000419617, -1e+100, 64016.83152759115
1254.7750000953674, -1e+100, 64016.83152759115
1254.7929999828339, -1e+100, 64016.83152759115
1254.8050000667572, -1e+100, 64016.83152759115
1254.8210000991821, -1e+100, 64016.83152759115
1254.837000131607, -1e+100, 64016.83152759115
1254.8540000915527, -1e+100, 64016.83152759115
1260.2990000247955, -1e+100, 64016.83152759115
1260.3210000991821, -1e+100, 64016.83152759115
1260.335000038147, -1e+100, 64016.83152759115
1260.3500001430511, -1e+100, 64016.83152759115
1260.3659999370575, -1e+100, 64016.83152759115
1260.3819999694824, -1e+100, 64016.83152759115
1260.391000032425, -1e+100, 64016.83152759115
1260.417000055313, -1e+100, 64014.7232185406
1260.4340000152588, -1e+100, 64014.7232185406
1265.4409999847412, -1e+100, 64014.7232185406
1265.4639999866486, -1e+100, 64014.7232185406
1265.4860000610352, -1e+100, 64014.7232185406
1265.5039999485016, -1e+100, 64014.7232185406
1265.5220000743866, -1e+100, 64014.7232185406
1265.5390000343323, -1e+100, 64014.7232185406
1265.5510001182556, -1e+100, 64014.7232185406
1265.5670001506805, -1e+100, 64014.7232185406
1265.5840001106262, -1e+100, 64014.7232185406
1265.6019999980927, -1e+100, 64014.7232185406
1265.6180000305176, -1e+100, 64014.7232185406
1270.898999929428, -1e+100, 64014.7232185406
1270.9210000038147, -1e+100, 64014.7232185406
1270.9379999637604, -1e+100, 64014.7232185406
1270.9539999961853, -1e+100, 64014.7232185406
1270.9679999351501, -1e+100, 64014.7232185406
1270.9830000400543, -1e+100, 64014.7232185406
1270.9990000724792, -1e+100, 64013.86184337425
1271.0169999599457, -1e+100, 64012.49286073983
1276.5010001659393, -1e+100, 64012.49286073983
1276.5299999713898, -1e+100, 64012.49286073983
1276.5469999313354, -1e+100, 64011.932053924815
1276.5670001506805, -1e+100, 64011.932053924815
1276.5820000171661, -1e+100, 64011.932053924815
1276.5889999866486, -1e+100, 64011.932053924815
1276.6040000915527, -1e+100, 64011.932053924815
1276.6280000209808, -1e+100, 64011.932053924815
1276.6440000534058, -1e+100, 64011.932053924815
1276.6619999408722, -1e+100, 64011.932053924815
1276.6740000247955, -1e+100, 64011.932053924815
1276.6890001296997, -1e+100, 64011.932053924815
1276.7009999752045, -1e+100, 64011.932053924815
1281.864000082016, -1e+100, 64011.932053924815
1281.8900001049042, -1e+100, 64011.932053924815
1281.9079999923706, -1e+100, 64011.932053924815
1281.9279999732971, -1e+100, 64011.932053924815
1281.9449999332428, -1e+100, 64011.932053924815
1281.9550001621246, -1e+100, 64011.932053924815
1281.9720001220703, -1e+100, 64011.36383199315
1287.2669999599457, -1e+100, 64011.36383199315
1287.2969999313354, -1e+100, 64011.36383199315
1287.3129999637604, -1e+100, 64011.36383199315
1287.3359999656677, -1e+100, 64011.36383199315
1287.3570001125336, -1e+100, 64011.36383199315
1287.3700001239777, -1e+100, 64011.36383199315
1292.608999967575, -1e+100, 64011.36383199315
1292.6340000629425, -1e+100, 64011.36383199315
1292.6530001163483, -1e+100, 64011.36383199315
1292.6710000038147, -1e+100, 64011.36383199315
1292.6820001602173, -1e+100, 64011.36383199315
1292.6879999637604, -1e+100, 64011.36383199315
1292.7050001621246, -1e+100, 64011.36383199315
1292.7220001220703, -1e+100, 64011.36383199315
1292.7510001659393, -1e+100, 64011.36383199315
1292.766000032425, -1e+100, 64011.36383199315
1292.7869999408722, -1e+100, 64011.36383199315
1297.1570000648499, -1e+100, 64011.36383199315
1297.1849999427795, -1e+100, 64011.36383199315
1297.2039999961853, -1e+100, 64011.36383199315
1297.2220001220703, -1e+100, 64008.47583323219
1297.239000082016, -1e+100, 64008.47583323219
1297.2490000724792, -1e+100, 64008.47583323219
1297.2650001049042, -1e+100, 64008.47583323219
1297.281000137329, -1e+100, 64008.47583323219
1297.2969999313354, -1e+100, 64008.47583323219
1303.0039999485016, -1e+100, 64008.47583323219
1303.0360000133514, -1e+100, 64008.47583323219
1303.055999994278, -1e+100, 64008.47583323219
1303.0720000267029, -1e+100, 64007.458714229244
1303.0859999656677, -1e+100, 64007.458714229244
1308.5640001296997, -1e+100, 64007.458714229244
1308.590000152588, -1e+100, 64007.458714229244
1308.6080000400543, -1e+100, 64007.458714229244
1308.625, -1e+100, 64007.458714229244
1314.0150001049042, -1e+100, 64007.458714229244
1314.0380001068115, -1e+100, 64007.458714229244
1314.0550000667572, -1e+100, 64007.458714229244
1314.0780000686646, -1e+100, 64007.458714229244
1314.0929999351501, -1e+100, 64007.458714229244
1314.1159999370575, -1e+100, 64007.458714229244
1314.1310000419617, -1e+100, 64007.458714229244
1314.1500000953674, -1e+100, 64007.057430835775
1314.167000055313, -1e+100, 64007.057430835775
1314.183000087738, -1e+100, 64007.057430835775
1314.1870000362396, -1e+100, 64007.057430835775
1320.7799999713898, -1e+100, 64007.057430835775
1320.8010001182556, -1e+100, 64007.057430835775
1320.819000005722, -1e+100, 64007.057430835775
1320.835000038147, -1e+100, 64007.057430835775
1320.851000070572, -1e+100, 64007.057430835775
1320.864000082016, -1e+100, 64007.057430835775
1320.8840000629425, -1e+100, 64007.057430835775
1326.2699999809265, -1e+100, 64007.057430835775
1326.2999999523163, -1e+100, 64007.057430835775
1326.3180000782013, -1e+100, 64007.057430835775
1326.335000038147, -1e+100, 64007.057430835775
1326.351000070572, -1e+100, 64007.057430835775
1326.3550000190735, -1e+100, 64005.58513842411
1326.3710000514984, -1e+100, 64005.58513842411
1326.388000011444, -1e+100, 64005.58513842411
1326.4179999828339, -1e+100, 64005.58513842411
1326.4340000152588, -1e+100, 64005.58513842411
1326.4500000476837, -1e+100, 64005.58513842411
1326.4550001621246, -1e+100, 64005.58513842411
1331.6790001392365, -1e+100, 64005.58513842411
1331.712000131607, -1e+100, 64005.58513842411
1331.7300000190735, -1e+100, 64005.58513842411
1331.7490000724792, -1e+100, 64005.58513842411
1331.7669999599457, -1e+100, 64005.58513842411
1331.7890000343323, -1e+100, 64005.58513842411
1331.8040001392365, -1e+100, 64005.58513842411
1331.8199999332428, -1e+100, 64005.58513842411
1331.840000152588, -1e+100, 64005.58513842411
1331.8559999465942, -1e+100, 64005.58513842411
1331.8830001354218, -1e+100, 64005.58513842411
1331.9000000953674, -1e+100, 64005.58513842411
1331.9130001068115, -1e+100, 64005.58513842411
1338.641000032425, -1e+100, 64005.58513842411
1338.6630001068115, -1e+100, 64005.58513842411
1338.6849999427795, -1e+100, 64005.58513842411
1344.0780000686646, -1e+100, 64005.58513842411
1344.0989999771118, -1e+100, 64004.2364877669
1344.1210000514984, -1e+100, 64004.2364877669
1344.1400001049042, -1e+100, 64004.2364877669
1349.2050001621246, -1e+100, 64004.2364877669
1349.2239999771118, -1e+100, 64004.2364877669
1349.2409999370575, -1e+100, 64004.2364877669
1349.2599999904633, -1e+100, 64004.2364877669
1349.279000043869, -1e+100, 64004.2364877669
1349.2980000972748, -1e+100, 64004.04918016928
1355.7020001411438, -1e+100, 64004.04918016928
1355.7179999351501, -1e+100, 64004.04918016928
1355.7400000095367, -1e+100, 64004.04918016928
1355.755000114441, -1e+100, 64004.04918016928
1355.7690000534058, -1e+100, 64004.04918016928
1355.7850000858307, -1e+100, 64004.04918016928
1355.7999999523163, -1e+100, 64004.04918016928
1355.8110001087189, -1e+100, 64004.04918016928
1361.3889999389648, -1e+100, 64004.04918016928
1361.4140000343323, -1e+100, 64004.04918016928
1361.4340000152588, -1e+100, 64004.04918016928
1361.4560000896454, -1e+100, 64004.04918016928
1361.4800000190735, -1e+100, 64004.04918016928
1361.4980001449585, -1e+100, 64004.04918016928
1361.513000011444, -1e+100, 64004.04918016928
1361.531000137329, -1e+100, 64004.04918016928
1361.5480000972748, -1e+100, 64004.04918016928
1361.5659999847412, -1e+100, 64004.04918016928
1361.582999944687, -1e+100, 64004.04918016928
1361.6000001430511, -1e+100, 64004.04918016928
1361.6170001029968, -1e+100, 64004.04918016928
1361.6419999599457, -1e+100, 64004.04918016928
1366.7250001430511, -1e+100, 64000.859211984025
1366.75, -1e+100, 64000.859211984025
1366.7760000228882, -1e+100, 64000.859211984025
1366.7929999828339, -1e+100, 64000.859211984025
1366.808000087738, -1e+100, 64000.859211984025
1366.8259999752045, -1e+100, 64000.859211984025
1366.8440001010895, -1e+100, 64000.859211984025
1366.861999988556, -1e+100, 64000.859211984025
1366.87700009346, -1e+100, 64000.859211984025
1366.8940000534058, -1e+100, 64000.859211984025
1372.2409999370575, -1e+100, 64000.859211984025
1372.2650001049042, -1e+100, 63999.77584649875
1372.2890000343323, -1e+100, 63999.77584649875
1372.3090000152588, -1e+100, 63999.77584649875
1372.3259999752045, -1e+100, 63999.77584649875
1372.3420000076294, -1e+100, 63999.77584649875
1372.3550000190735, -1e+100, 63999.77584649875
1372.3719999790192, -1e+100, 63999.77584649875
1372.3889999389648, -1e+100, 63999.77584649875
1372.393000125885, -1e+100, 63999.77584649875
1372.40900015831, -1e+100, 63999.77584649875
1372.4249999523163, -1e+100, 63999.77584649875
1372.4420001506805, -1e+100, 63999.77584649875
1379.0080001354218, -1e+100, 63999.77584649875
1379.0360000133514, -1e+100, 63999.77584649875
1379.0529999732971, -1e+100, 63999.77584649875
1379.0720000267029, -1e+100, 63999.77584649875
1379.087000131607, -1e+100, 63999.77584649875
1379.0950000286102, -1e+100, 63999.77584649875
1379.1110000610352, -1e+100, 63999.77584649875
1379.1200001239777, -1e+100, 63999.77584649875
1384.699000120163, -1e+100, 63999.77584649875
1384.7160000801086, -1e+100, 63999.77584649875
1384.7420001029968, -1e+100, 63999.77584649875
1384.7580001354218, -1e+100, 63999.77584649875
1384.7799999713898, -1e+100, 63999.77584649875
1384.792000055313, -1e+100, 63999.77584649875
1384.824000120163, -1e+100, 63999.77584649875
1384.8440001010895, -1e+100, 63999.77584649875
1384.858999967575, -1e+100, 63999.77584649875
1390.420000076294, -1e+100, 63999.77584649875
1390.4530000686646, -1e+100, 63999.77584649875
1390.4690001010895, -1e+100, 63999.77584649875
1390.4860000610352, -1e+100, 63999.77584649875
1390.5080001354218, -1e+100, 63999.77584649875
1390.523999929428, -1e+100, 63999.77584649875
1390.539999961853, -1e+100, 63999.77584649875
1390.555999994278, -1e+100, 63999.77584649875
1390.5729999542236, -1e+100, 63999.77584649875
1390.5880000591278, -1e+100, 63999.77584649875
1390.603000164032, -1e+100, 63999.77584649875
1390.6200001239777, -1e+100, 63999.77584649875
1390.6349999904633, -1e+100, 63999.77584649875
1390.6510000228882, -1e+100, 63999.77584649875
1390.667000055313, -1e+100, 63999.77584649875
1390.6770000457764, -1e+100, 63999.77584649875
1390.6909999847412, -1e+100, 63999.77584649875
1390.7070000171661, -1e+100, 63999.77584649875
1397.324000120163, -1e+100, 63999.77584649875
1397.3500001430511, -1e+100, 63999.77584649875
1402.9349999427795, -1e+100, 63999.77584649875
1402.9520001411438, -1e+100, 63999.77584649875
1402.9739999771118, -1e+100, 63999.77584649875
1402.9950001239777, -1e+100, 63999.77584649875
1403.0150001049042, -1e+100, 63999.77584649875
1403.0199999809265, -1e+100, 63999.77584649875
1403.0520000457764, -1e+100, 63999.77584649875
1403.0710000991821, -1e+100, 63999.77584649875
1403.0820000171661, -1e+100, 63999.77584649875
1408.6180000305176, -1e+100, 63999.77584649875
1408.6470000743866, -1e+100, 63999.77584649875
1408.664999961853, -1e+100, 63999.77584649875
1408.680999994278, -1e+100, 63999.77584649875
1408.6970000267029, -1e+100, 63999.77584649875
1408.710000038147, -1e+100, 63999.77584649875
1408.7269999980927, -1e+100, 63999.77584649875
1408.7409999370575, -1e+100, 63999.77584649875
1408.7580001354218, -1e+100, 63999.77584649875
1408.773999929428, -1e+100, 63999.77584649875
1408.7929999828339, -1e+100, 63999.77584649875
1408.8070001602173, -1e+100, 63999.77584649875
1408.8210000991821, -1e+100, 63999.77584649875
1408.8380000591278, -1e+100, 63998.302849231586
1414.0629999637604, -1e+100, 63998.302849231586
1414.0889999866486, -1e+100, 63998.302849231586
1414.111999988556, -1e+100, 63998.302849231586
1414.1260001659393, -1e+100, 63998.302849231586
1414.1400001049042, -1e+100, 63998.302849231586
1414.1510000228882, -1e+100, 63998.302849231586
1414.167000055313, -1e+100, 63998.302849231586
1414.183000087738, -1e+100, 63998.302849231586
1414.2000000476837, -1e+100, 63998.302849231586
1414.215000152588, -1e+100, 63998.302849231586
1414.2269999980927, -1e+100, 63998.302849231586
1414.2309999465942, -1e+100, 63998.302849231586
1414.2469999790192, -1e+100, 63997.91986319909
1414.2780001163483, -1e+100, 63997.91986319909
1421.7580001354218, -1e+100, 63997.91986319909
1421.7750000953674, -1e+100, 63997.91986319909
1421.7960000038147, -1e+100, 63997.91986319909
1421.8129999637604, -1e+100, 63997.91986319909
1421.8289999961853, -1e+100, 63997.91986319909
1421.8440001010895, -1e+100, 63997.91986319909
1421.8600001335144, -1e+100, 63997.91986319909
1421.8659999370575, -1e+100, 63997.91986319909
1421.8830001354218, -1e+100, 63997.91986319909
1421.9000000953674, -1e+100, 63997.91986319909
1421.9100000858307, -1e+100, 63997.91986319909
1426.8659999370575, -1e+100, 63997.91986319909
1426.8849999904633, -1e+100, 63997.91986319909
1426.901999950409, -1e+100, 63997.91986319909
1426.920000076294, -1e+100, 63997.91986319909
1432.268000125885, -1e+100, 63997.91986319909
1432.2869999408722, -1e+100, 63997.91986319909
1432.3090000152588, -1e+100, 63997.91986319909
1432.3270001411438, -1e+100, 63997.91986319909
1432.3440001010895, -1e+100, 63997.91986319909
1432.351000070572, -1e+100, 63997.91986319909
1432.3830001354218, -1e+100, 63997.91986319909
1432.4000000953674, -1e+100, 63997.91986319909
1432.4000000953674, -1e+100, 63997.91986319909
1432.417000055313, -1e+100, 63997.91986319909
1432.4340000152588, -1e+100, 63997.91986319909
1432.4509999752045, -1e+100, 63997.20657078053
1432.4679999351501, -1e+100, 63997.20657078053
1438.3760001659393, -1e+100, 63997.20657078053
1438.3970000743866, -1e+100, 63997.20657078053
1438.4140000343323, -1e+100, 63997.20657078053
1438.4320001602173, -1e+100, 63997.20657078053
1438.4479999542236, -1e+100, 63997.20657078053
1438.465000152588, -1e+100, 63997.20657078053
1438.4790000915527, -1e+100, 63996.11696253607
1438.4990000724792, -1e+100, 63996.11696253607
1438.5150001049042, -1e+100, 63996.11696253607
1438.531000137329, -1e+100, 63996.11696253607
1446.0629999637604, -1e+100, 63996.11696253607
1446.0859999656677, -1e+100, 63996.11696253607
1446.101000070572, -1e+100, 63996.11696253607
1446.114000082016, -1e+100, 63996.11696253607
1446.1260001659393, -1e+100, 63996.11696253607
1446.1400001049042, -1e+100, 63996.11696253607
1446.1470000743866, -1e+100, 63996.11696253607
1446.1640000343323, -1e+100, 63996.11696253607
1446.1740000247955, -1e+100, 63996.11696253607
1446.1900000572205, -1e+100, 63996.11696253607
1452.1040000915527, -1e+100, 63996.11696253607
1452.1260001659393, -1e+100, 63996.11696253607
1452.1449999809265, -1e+100, 63996.11696253607
1452.1690001487732, -1e+100, 63996.11696253607
1452.1800000667572, -1e+100, 63996.11696253607
1452.1960000991821, -1e+100, 63996.11696253607
1452.2060000896454, -1e+100, 63996.11696253607
1452.223000049591, -1e+100, 63996.11696253607
1452.2430000305176, -1e+100, 63996.11696253607
1456.824000120163, -1e+100, 63996.11696253607
1456.848000049591, -1e+100, 63996.11696253607
1456.8659999370575, -1e+100, 63996.11696253607
1456.8819999694824, -1e+100, 63996.11696253607
1456.9000000953674, -1e+100, 63996.11696253607
1456.9140000343323, -1e+100, 63996.11696253607
1463.2960000038147, -1e+100, 63996.11696253607
1463.3199999332428, -1e+100, 63996.11696253607
1463.3389999866486, -1e+100, 63996.11696253607
1463.3540000915527, -1e+100, 63996.11696253607
1463.3719999790192, -1e+100, 63996.11696253607
1463.3889999389648, -1e+100, 63996.11696253607
1463.404000043869, -1e+100, 63996.11696253607
1463.4190001487732, -1e+100, 63996.11696253607
1468.832999944687, -1e+100, 63996.11696253607
1468.851000070572, -1e+100, 63996.11696253607
1468.8670001029968, -1e+100, 63996.11696253607
1468.8860001564026, -1e+100, 63996.11696253607
1468.904000043869, -1e+100, 63996.11696253607
1468.9210000038147, -1e+100, 63996.11696253607
1468.9390001296997, -1e+100, 63996.11696253607
1468.9420001506805, -1e+100, 63996.11696253607
1468.957999944687, -1e+100, 63996.11696253607
1468.973000049591, -1e+100, 63996.11696253607
1468.9900000095367, -1e+100, 63996.11696253607
1469.005000114441, -1e+100, 63994.30215670632
1476.1960000991821, -1e+100, 63994.30215670632
1476.2130000591278, -1e+100, 63994.30215670632
1476.228000164032, -1e+100, 63994.30215670632
1476.2409999370575, -1e+100, 63994.30215670632
1476.2560000419617, -1e+100, 63994.30215670632
1476.276999950409, -1e+100, 63994.30215670632
1476.2890000343323, -1e+100, 63994.30215670632
1476.305999994278, -1e+100, 63994.30215670632
1476.3229999542236, -1e+100, 63994.30215670632
1476.340000152588, -1e+100, 63994.30215670632
1476.3470001220703, -1e+100, 63994.30215670632
1476.3650000095367, -1e+100, 63994.30215670632
1476.3789999485016, -1e+100, 63994.30215670632
1482.351000070572, -1e+100, 63994.30215670632
1482.380000114441, -1e+100, 63994.30215670632
1482.3970000743866, -1e+100, 63994.30215670632
1482.4119999408722, -1e+100, 63994.30215670632
1482.4260001182556, -1e+100, 63994.30215670632
1482.4390001296997, -1e+100, 63994.30215670632
1482.4550001621246, -1e+100, 63994.30215670632
1482.4750001430511, -1e+100, 63994.30215670632
1482.4920001029968, -1e+100, 63994.30215670632
1482.50200009346, -1e+100, 63994.30215670632
1482.5280001163483, -1e+100, 63994.30215670632
1482.5429999828339, -1e+100, 63994.30215670632
1488.4230000972748, -1e+100, 63994.30215670632
1488.4430000782013, -1e+100, 63994.30215670632
1488.4570000171661, -1e+100, 63994.30215670632
1488.4750001430511, -1e+100, 63994.30215670632
1488.4920001029968, -1e+100, 63994.30215670632
1488.5039999485016, -1e+100, 63994.30215670632
1488.5199999809265, -1e+100, 63994.30215670632
1488.5369999408722, -1e+100, 63994.30215670632
1488.5529999732971, -1e+100, 63994.30215670632
1488.5680000782013, -1e+100, 63994.30215670632
1488.585000038147, -1e+100, 63994.30215670632
1494.3730001449585, -1e+100, 63994.30215670632
1494.3919999599457, -1e+100, 63994.30215670632
1494.4100000858307, -1e+100, 63994.30215670632
1494.4270000457764, -1e+100, 63994.30215670632
1494.4420001506805, -1e+100, 63994.30215670632
1494.460000038147, -1e+100, 63994.30215670632
1494.4750001430511, -1e+100, 63994.30215670632
1494.4909999370575, -1e+100, 63994.30215670632
1494.5080001354218, -1e+100, 63994.30215670632
1494.5220000743866, -1e+100, 63994.30215670632
1494.5390000343323, -1e+100, 63994.30215670632
1494.555999994278, -1e+100, 63992.969934717046
1494.5729999542236, -1e+100, 63992.969934717046
1494.590000152588, -1e+100, 63992.969934717046
1494.6070001125336, -1e+100, 63992.969934717046
1494.6240000724792, -1e+100, 63992.969934717046
1501.2060000896454, -1e+100, 63992.969934717046
1501.2269999980927, -1e+100, 63992.969934717046
1501.2480001449585, -1e+100, 63992.969934717046
1501.2650001049042, -1e+100, 63992.969934717046
1501.2829999923706, -1e+100, 63992.969934717046
1501.2910001277924, -1e+100, 63992.969934717046
1507.1660001277924, -1e+100, 63992.969934717046
1507.1840000152588, -1e+100, 63992.969934717046
1507.2020001411438, -1e+100, 63992.969934717046
1507.2200000286102, -1e+100, 63992.969934717046
1507.2450001239777, -1e+100, 63992.969934717046
1507.25, -1e+100, 63992.969934717046
1507.266000032425, -1e+100, 63992.969934717046
1507.281000137329, -1e+100, 63992.969934717046
1507.2969999313354, -1e+100, 63992.969934717046
1507.3140001296997, -1e+100, 63992.969934717046
1513.393000125885, -1e+100, 63992.969934717046
1513.4219999313354, -1e+100, 63992.969934717046
1513.4409999847412, -1e+100, 63992.969934717046
1513.4560000896454, -1e+100, 63992.969934717046
1513.470999956131, -1e+100, 63992.969934717046
1513.4880001544952, -1e+100, 63992.969934717046
1513.5069999694824, -1e+100, 63992.969934717046
1513.5220000743866, -1e+100, 63992.969934717046
1513.5390000343323, -1e+100, 63992.969934717046
1513.555999994278, -1e+100, 63992.969934717046
1513.5789999961853, -1e+100, 63992.969934717046
1513.5989999771118, -1e+100, 63992.969934717046
1513.6159999370575, -1e+100, 63992.969934717046
1513.6310000419617, -1e+100, 63992.969934717046
1513.6530001163483, -1e+100, 63992.969934717046
1520.7330000400543, -1e+100, 63992.969934717046
1520.7580001354218, -1e+100, 63992.969934717046
1520.7760000228882, -1e+100, 63992.969934717046
1520.7960000038147, -1e+100, 63992.969934717046
1520.8120000362396, -1e+100, 63992.969934717046
1520.8170001506805, -1e+100, 63992.969934717046
1520.8340001106262, -1e+100, 63992.969934717046
1520.851000070572, -1e+100, 63992.969934717046
1520.8680000305176, -1e+100, 63992.969934717046
1520.8830001354218, -1e+100, 63992.969934717046
1526.0940001010895, -1e+100, 63992.969934717046
1526.1230001449585, -1e+100, 63992.969934717046
1526.143000125885, -1e+100, 63992.969934717046
1526.1610000133514, -1e+100, 63992.969934717046
1526.1760001182556, -1e+100, 63992.969934717046
1526.1909999847412, -1e+100, 63992.969934717046
1526.2070000171661, -1e+100, 63992.969934717046
1526.2130000591278, -1e+100, 63992.969934717046
1526.239000082016, -1e+100, 63992.969934717046
1526.2590000629425, -1e+100, 63992.969934717046
1526.2760000228882, -1e+100, 63992.969934717046
1532.1230001449585, -1e+100, 63992.969934717046
1532.151999950409, -1e+100, 63992.969934717046
1532.1740000247955, -1e+100, 63992.969934717046
1532.1979999542236, -1e+100, 63992.969934717046
1532.210000038147, -1e+100, 63992.969934717046
1532.2360000610352, -1e+100, 63992.969934717046
1532.2560000419617, -1e+100, 63992.969934717046
1532.2720000743866, -1e+100, 63992.969934717046
1539.058000087738, -1e+100, 63992.969934717046
1539.0710000991821, -1e+100, 63992.969934717046
1539.0859999656677, -1e+100, 63992.969934717046
1539.1019999980927, -1e+100, 63992.969934717046
1539.1180000305176, -1e+100, 63990.28373497027
1539.1340000629425, -1e+100, 63990.28373497027
1545.0230000019073, -1e+100, 63990.28373497027
1545.0480000972748, -1e+100, 63990.28373497027
1545.0699999332428, -1e+100, 63990.28373497027
1545.0859999656677, -1e+100, 63990.28373497027
1545.103000164032, -1e+100, 63989.39263329043
1545.1189999580383, -1e+100, 63989.39263329043
1545.1289999485016, -1e+100, 63989.39263329043
1545.1460001468658, -1e+100, 63989.39263329043
1552.3650000095367, -1e+100, 63989.39263329043
1552.3700001239777, -1e+100, 63989.39263329043
1552.3919999599457, -1e+100, 63989.39263329043
1552.406000137329, -1e+100, 63989.39263329043
1552.4210000038147, -1e+100, 63989.39263329043
1552.4340000152588, -1e+100, 63989.39263329043
1552.4479999542236, -1e+100, 63989.39263329043
1552.4570000171661, -1e+100, 63989.39263329043
1552.473000049591, -1e+100, 63989.39263329043
1557.5750000476837, -1e+100, 63989.39263329043
1557.5920000076294, -1e+100, 63989.39263329043
1557.6200001239777, -1e+100, 63989.39263329043
1557.638000011444, -1e+100, 63989.39263329043
1557.656000137329, -1e+100, 63989.39263329043
1563.388000011444, -1e+100, 63989.39263329043
1563.404000043869, -1e+100, 63989.39263329043
1563.4219999313354, -1e+100, 63989.39263329043
1563.4349999427795, -1e+100, 63989.39263329043
1563.4509999752045, -1e+100, 63989.39263329043
1563.4700000286102, -1e+100, 63989.39263329043
1563.4850001335144, -1e+100, 63988.95439560428
1563.50200009346, -1e+100, 63988.95439560428
1563.516000032425, -1e+100, 63988.95439560428
1563.5250000953674, -1e+100, 63988.95439560428
1563.5410001277924, -1e+100, 63988.95439560428
1563.5570001602173, -1e+100, 63988.95439560428
1563.5729999542236, -1e+100, 63988.95439560428
1563.5840001106262, -1e+100, 63988.95439560428
1577.042000055313, -1e+100, 63988.95439560428
1577.0590000152588, -1e+100, 63988.95439560428
1577.087000131607, -1e+100, 63988.95439560428
1577.1050000190735, -1e+100, 63988.95439560428
1577.1200001239777, -1e+100, 63988.95439560428
1577.138000011444, -1e+100, 63988.95439560428
1577.1440000534058, -1e+100, 63988.95439560428
1577.1749999523163, -1e+100, 63988.95439560428
1577.1909999847412, -1e+100, 63988.95439560428
1577.2060000896454, -1e+100, 63988.95439560428
1577.212000131607, -1e+100, 63988.95439560428
1583.2350001335144, -1e+100, 63988.3901851298
1583.2599999904633, -1e+100, 63988.3901851298
1583.2780001163483, -1e+100, 63988.3901851298
1583.292000055313, -1e+100, 63988.3901851298
1583.3070001602173, -1e+100, 63988.3901851298
1583.3229999542236, -1e+100, 63988.3901851298
1583.3389999866486, -1e+100, 63988.3901851298
1583.3570001125336, -1e+100, 63988.3901851298
1583.3680000305176, -1e+100, 63988.3901851298
1583.3840000629425, -1e+100, 63988.3901851298
1583.4070000648499, -1e+100, 63986.56835503168
1583.4240000247955, -1e+100, 63986.56835503168
1583.4479999542236, -1e+100, 63986.56835503168
1583.4639999866486, -1e+100, 63986.56835503168
1583.478000164032, -1e+100, 63986.56835503168
1590.2200000286102, -1e+100, 63986.56835503168
1590.2439999580383, -1e+100, 63986.56835503168
1590.2599999904633, -1e+100, 63986.56835503168
1590.2780001163483, -1e+100, 63986.56835503168
1590.2940001487732, -1e+100, 63986.56835503168
1590.3140001296997, -1e+100, 63986.56835503168
1590.3300001621246, -1e+100, 63986.56835503168
1590.3389999866486, -1e+100, 63986.56835503168
1590.3559999465942, -1e+100, 63986.56835503168
1590.3730001449585, -1e+100, 63986.56835503168
1590.3900001049042, -1e+100, 63986.56835503168
1590.4070000648499, -1e+100, 63986.56835503168
1590.4240000247955, -1e+100, 63986.43507280886
1596.2160000801086, -1e+100, 63986.43507280886
1596.2430000305176, -1e+100, 63986.43507280886
1596.268000125885, -1e+100, 63986.43507280886
1596.2869999408722, -1e+100, 63986.43507280886
1596.2999999523163, -1e+100, 63986.43507280886
1603.207999944687, -1e+100, 63986.43507280886
1603.226000070572, -1e+100, 63986.43507280886
1603.2400000095367, -1e+100, 63986.43507280886
1603.255000114441, -1e+100, 63986.43507280886
1603.2699999809265, -1e+100, 63986.0201833098
1603.2860000133514, -1e+100, 63986.0201833098
1603.2929999828339, -1e+100, 63986.0201833098
1603.3110001087189, -1e+100, 63986.0201833098
1603.3280000686646, -1e+100, 63986.0201833098
1603.337000131607, -1e+100, 63986.0201833098
1603.3519999980927, -1e+100, 63986.0201833098
1603.3689999580383, -1e+100, 63986.0201833098
1603.3840000629425, -1e+100, 63986.0201833098
1603.4000000953674, -1e+100, 63986.0201833098
1603.4179999828339, -1e+100, 63986.0201833098
1609.3029999732971, -1e+100, 63986.0201833098
1609.3259999752045, -1e+100, 63984.6192003215
1609.3470001220703, -1e+100, 63984.6192003215
1616.0889999866486, -1e+100, 63984.60401014674
1616.1100001335144, -1e+100, 63984.60401014674
1616.1289999485016, -1e+100, 63984.60401014674
1616.148999929428, -1e+100, 63984.60401014674
1616.164999961853, -1e+100, 63984.60401014674
1616.1770000457764, -1e+100, 63984.60401014674
1616.1949999332428, -1e+100, 63984.60401014674
1622.7880001068115, -1e+100, 63984.60401014674
1622.8220000267029, -1e+100, 63984.60401014674
1622.8420000076294, -1e+100, 63984.60401014674
1622.8600001335144, -1e+100, 63984.60401014674
1622.8760001659393, -1e+100, 63984.60401014674
1622.8919999599457, -1e+100, 63984.60401014674
1622.9130001068115, -1e+100, 63984.60401014674
1622.9290001392365, -1e+100, 63984.60401014674
1622.9460000991821, -1e+100, 63984.60401014674
1629.4340000152588, -1e+100, 63983.96209118576
1629.4550001621246, -1e+100, 63983.96209118576
1629.4809999465942, -1e+100, 63983.96209118576
1629.4990000724792, -1e+100, 63983.96209118576
1629.516000032425, -1e+100, 63983.96209118576
1629.5320000648499, -1e+100, 63983.96209118576
1629.539999961853, -1e+100, 63983.96209118576
1636.233999967575, -1e+100, 63983.670557783706
1636.255000114441, -1e+100, 63983.670557783706
1636.273999929428, -1e+100, 63983.670557783706
1636.289999961853, -1e+100, 63983.670557783706
1636.3050000667572, -1e+100, 63983.670557783706
1636.3170001506805, -1e+100, 63983.670557783706
1636.3340001106262, -1e+100, 63983.670557783706
1636.3440001010895, -1e+100, 63983.670557783706
1636.3600001335144, -1e+100, 63983.670557783706
1636.3780000209808, -1e+100, 63983.670557783706
1636.3949999809265, -1e+100, 63983.670557783706
1636.4119999408722, -1e+100, 63983.670557783706
1636.4179999828339, -1e+100, 63983.670557783706
1636.4349999427795, -1e+100, 63983.670557783706
1643.3710000514984, -1e+100, 63983.670557783706
1643.398999929428, -1e+100, 63983.670557783706
1643.4249999523163, -1e+100, 63983.670557783706
1643.4460000991821, -1e+100, 63983.670557783706
1648.3410000801086, -1e+100, 63983.670557783706
1648.375, -1e+100, 63983.670557783706
1648.3960001468658, -1e+100, 63982.8421496359
1648.4130001068115, -1e+100, 63982.8421496359
1648.4270000457764, -1e+100, 63982.8421496359
1648.444000005722, -1e+100, 63982.8421496359
1648.4590001106262, -1e+100, 63982.8421496359
1648.4739999771118, -1e+100, 63982.8421496359
1648.4980001449585, -1e+100, 63982.8421496359
1648.518000125885, -1e+100, 63982.8421496359
1655.0520000457764, -1e+100, 63982.8421496359
1655.0770001411438, -1e+100, 63982.8421496359
1655.0989999771118, -1e+100, 63982.8421496359
1655.1180000305176, -1e+100, 63982.8421496359
1655.1370000839233, -1e+100, 63982.8421496359
1655.1570000648499, -1e+100, 63982.8421496359
1655.1719999313354, -1e+100, 63982.8421496359
1655.1890001296997, -1e+100, 63982.8421496359
1655.207999944687, -1e+100, 63981.36893449076
1655.2250001430511, -1e+100, 63981.36893449076
1655.2420001029968, -1e+100, 63981.36893449076
1655.2569999694824, -1e+100, 63981.36893449076
1655.273999929428, -1e+100, 63981.36893449076
1655.2890000343323, -1e+100, 63981.36893449076
1655.305999994278, -1e+100, 63981.36893449076
1655.324000120163, -1e+100, 63981.36893449076
1661.8860001564026, -1e+100, 63981.36893449076
1661.917000055313, -1e+100, 63981.36893449076
1661.9370000362396, -1e+100, 63981.36893449076
1661.9590001106262, -1e+100, 63981.36893449076
1661.9750001430511, -1e+100, 63981.36893449076
1668.2999999523163, -1e+100, 63981.36893449076
1668.3259999752045, -1e+100, 63981.36893449076
1668.3519999980927, -1e+100, 63981.36893449076
1668.3760001659393, -1e+100, 63981.36893449076
1668.393000125885, -1e+100, 63981.36893449076
1668.4070000648499, -1e+100, 63981.36893449076
1668.4219999313354, -1e+100, 63981.36893449076
1668.4349999427795, -1e+100, 63981.36893449076
1668.4430000782013, -1e+100, 63981.36893449076
1668.4590001106262, -1e+100, 63981.36893449076
1668.483999967575, -1e+100, 63981.36893449076
1668.505000114441, -1e+100, 63981.36893449076
1668.5210001468658, -1e+100, 63981.36893449076
1668.5369999408722, -1e+100, 63981.36893449076
1668.5520000457764, -1e+100, 63981.36893449076
1668.5520000457764, -1e+100, 63981.36893449076
1668.569000005722, -1e+100, 63981.36893449076
1674.9249999523163, -1e+100, 63981.36893449076
1674.9460000991821, -1e+100, 63981.36893449076
1674.9660000801086, -1e+100, 63981.36893449076
1674.983999967575, -1e+100, 63981.36893449076
1675.0010001659393, -1e+100, 63981.36893449076
1675.0199999809265, -1e+100, 63981.36893449076
1675.0329999923706, -1e+100, 63981.36893449076
1675.0540001392365, -1e+100, 63981.36893449076
1681.4119999408722, -1e+100, 63981.36893449076
1681.433000087738, -1e+100, 63981.36893449076
1681.4509999752045, -1e+100, 63981.36893449076
1681.473000049591, -1e+100, 63981.36893449076
1681.489000082016, -1e+100, 63981.36893449076
1681.5039999485016, -1e+100, 63981.36893449076
1681.5110001564026, -1e+100, 63981.36893449076
1687.7400000095367, -1e+100, 63981.36893449076
1687.766000032425, -1e+100, 63981.36893449076
1687.7890000343323, -1e+100, 63981.36893449076
1687.8099999427795, -1e+100, 63981.36893449076
1687.835000038147, -1e+100, 63981.36893449076
1687.8500001430511, -1e+100, 63981.36893449076
1694.3500001430511, -1e+100, 63981.36893449076
1694.3719999790192, -1e+100, 63981.36893449076
1694.3889999389648, -1e+100, 63981.36893449076
1694.401999950409, -1e+100, 63981.36893449076
1694.4179999828339, -1e+100, 63978.54219167564
1694.433000087738, -1e+100, 63978.54219167564
1694.4360001087189, -1e+100, 63978.54219167564
1694.4520001411438, -1e+100, 63978.54219167564
1694.4690001010895, -1e+100, 63978.54219167564
1694.4860000610352, -1e+100, 63978.54219167564
1694.5030000209808, -1e+100, 63978.54219167564
1700.755000114441, -1e+100, 63978.54219167564
1700.7799999713898, -1e+100, 63978.54219167564
1700.7969999313354, -1e+100, 63978.54219167564
1700.8120000362396, -1e+100, 63978.54219167564
1707.25, -1e+100, 63978.54219167564
1707.2750000953674, -1e+100, 63978.54219167564
1707.2929999828339, -1e+100, 63978.54219167564
1707.308000087738, -1e+100, 63978.54219167564
1707.3280000686646, -1e+100, 63978.54219167564
1707.3380000591278, -1e+100, 63978.54219167564
1707.353000164032, -1e+100, 63978.54219167564
1713.8259999752045, -1e+100, 63977.69701626174
1713.8450000286102, -1e+100, 63977.69701626174
1713.8650000095367, -1e+100, 63977.42741556231
1713.8819999694824, -1e+100, 63977.42741556231
1720.8210000991821, -1e+100, 63977.42741556231
1720.8470001220703, -1e+100, 63977.42741556231
1720.880000114441, -1e+100, 63977.42741556231
1720.90900015831, -1e+100, 63977.42741556231
1720.9249999523163, -1e+100, 63977.42741556231
1720.9409999847412, -1e+100, 63977.42741556231
1727.7130000591278, -1e+100, 63977.42741556231
1727.739000082016, -1e+100, 63977.42741556231
1727.7590000629425, -1e+100, 63977.42741556231
1734.393000125885, -1e+100, 63977.42741556231
1734.4230000972748, -1e+100, 63977.42741556231
1734.4409999847412, -1e+100, 63977.42741556231
1734.4570000171661, -1e+100, 63977.42741556231
1734.473000049591, -1e+100, 63977.42741556231
1734.4790000915527, -1e+100, 63977.42741556231
1734.5110001564026, -1e+100, 63977.42741556231
1739.4809999465942, -1e+100, 63977.42741556231
1739.5080001354218, -1e+100, 63977.42741556231
1739.53400015831, -1e+100, 63975.66006417824
1739.5520000457764, -1e+100, 63975.66006417824
1739.5650000572205, -1e+100, 63975.66006417824
1739.574000120163, -1e+100, 63975.66006417824
1739.5910000801086, -1e+100, 63975.66006417824
1739.6080000400543, -1e+100, 63975.66006417824
1745.7530000209808, -1e+100, 63974.71138926155
1745.7760000228882, -1e+100, 63974.71138926155
1745.7929999828339, -1e+100, 63974.71138926155
1745.8070001602173, -1e+100, 63974.71138926155
1745.8259999752045, -1e+100, 63974.71138926155
1745.8380000591278, -1e+100, 63974.71138926155
1745.853000164032, -1e+100, 63974.71138926155
1745.8550000190735, -1e+100, 63974.71138926155
1745.8719999790192, -1e+100, 63974.71138926155
1745.8889999389648, -1e+100, 63974.71138926155
1745.906000137329, -1e+100, 63974.71138926155
1752.457999944687, -1e+100, 63974.71138926155
1752.4790000915527, -1e+100, 63974.71138926155
1752.4960000514984, -1e+100, 63974.71138926155
1752.5139999389648, -1e+100, 63974.71138926155
1752.529000043869, -1e+100, 63974.71138926155
1752.5429999828339, -1e+100, 63974.71138926155
1752.558000087738, -1e+100, 63974.71138926155
1752.5699999332428, -1e+100, 63974.71138926155
1752.587000131607, -1e+100, 63974.71138926155
1752.6040000915527, -1e+100, 63974.71138926155
1752.6210000514984, -1e+100, 63973.931749784926
1759.6289999485016, -1e+100, 63973.931749784926
1759.656000137329, -1e+100, 63973.931749784926
1759.6740000247955, -1e+100, 63973.931749784926
1759.6920001506805, -1e+100, 63973.931749784926
1759.7090001106262, -1e+100, 63973.931749784926
1759.7160000801086, -1e+100, 63973.931749784926
1759.7300000190735, -1e+100, 63973.931749784926
1766.5080001354218, -1e+100, 63973.931749784926
1766.5369999408722, -1e+100, 63973.931749784926
1766.5590000152588, -1e+100, 63973.931749784926
1766.5759999752045, -1e+100, 63973.931749784926
1766.5929999351501, -1e+100, 63973.931749784926
1766.608999967575, -1e+100, 63973.931749784926
1772.5169999599457, -1e+100, 63973.931749784926
1772.5360000133514, -1e+100, 63973.931749784926
1772.558000087738, -1e+100, 63973.931749784926
1772.5759999752045, -1e+100, 63973.931749784926
1772.595999956131, -1e+100, 63973.931749784926
1772.6130001544952, -1e+100, 63973.931749784926
1772.6289999485016, -1e+100, 63973.931749784926
1772.6449999809265, -1e+100, 63973.931749784926
1772.6610000133514, -1e+100, 63973.931749784926
1772.6779999732971, -1e+100, 63973.931749784926
1772.694000005722, -1e+100, 63973.931749784926
1772.7109999656677, -1e+100, 63973.931749784926
1779.0380001068115, -1e+100, 63973.931749784926
1779.0629999637604, -1e+100, 63973.931749784926
1779.0820000171661, -1e+100, 63973.931749784926
1779.103000164032, -1e+100, 63973.931749784926
1779.1200001239777, -1e+100, 63973.931749784926
1779.1319999694824, -1e+100, 63973.931749784926
1779.1480000019073, -1e+100, 63973.931749784926
1779.1679999828339, -1e+100, 63973.931749784926
1779.1879999637604, -1e+100, 63973.931749784926
1779.2039999961853, -1e+100, 63973.931749784926
1779.2220001220703, -1e+100, 63973.931749784926
1779.2360000610352, -1e+100, 63970.76202266958
1784.9070000648499, -1e+100, 63970.76202266958
1784.9349999427795, -1e+100, 63970.76202266958
1784.9500000476837, -1e+100, 63970.76202266958
1784.9679999351501, -1e+100, 63970.76202266958
1784.986999988556, -1e+100, 63970.76202266958
1791.6340000629425, -1e+100, 63970.76202266958
1791.6500000953674, -1e+100, 63970.76202266958
1791.6679999828339, -1e+100, 63970.76202266958
1791.683000087738, -1e+100, 63969.77522177194
1791.699000120163, -1e+100, 63969.77522177194
1791.7139999866486, -1e+100, 63969.77522177194
1791.7320001125336, -1e+100, 63969.77522177194
1791.7480001449585, -1e+100, 63969.77522177194
1791.768000125885, -1e+100, 63969.77522177194
1791.7880001068115, -1e+100, 63969.77522177194
1798.1360001564026, -1e+100, 63969.72001907445
1798.1530001163483, -1e+100, 63969.72001907445
1798.1749999523163, -1e+100, 63969.72001907445
1798.1930000782013, -1e+100, 63969.72001907445
1804.295000076294, -1e+100, 63969.72001907445
1804.3159999847412, -1e+100, 63969.72001907445
1804.3310000896454, -1e+100, 63969.72001907445
1804.3470001220703, -1e+100, 63969.72001907445
1804.3650000095367, -1e+100, 63969.72001907445
1804.3789999485016, -1e+100, 63969.72001907445
1804.3960001468658, -1e+100, 63969.72001907445
1804.4130001068115, -1e+100, 63969.72001907445
1804.4300000667572, -1e+100, 63969.72001907445
1804.4360001087189, -1e+100, 63969.72001907445
1810.212000131607, -1e+100, 63969.72001907445
1810.2400000095367, -1e+100, 63969.72001907445
1810.2610001564026, -1e+100, 63969.72001907445
1810.2799999713898, -1e+100, 63969.72001907445
1810.2990000247955, -1e+100, 63969.72001907445
1810.3159999847412, -1e+100, 63969.72001907445
1810.3300001621246, -1e+100, 63968.500578774634
1810.348000049591, -1e+100, 63968.500578774634
1810.364000082016, -1e+100, 63968.500578774634
1810.3810000419617, -1e+100, 63968.500578774634
1816.7130000591278, -1e+100, 63967.26867388316
1816.7320001125336, -1e+100, 63967.26867388316
1816.75, -1e+100, 63967.26867388316
1816.7650001049042, -1e+100, 63967.26867388316
1816.779000043869, -1e+100, 63967.26867388316
1816.7910001277924, -1e+100, 63967.26867388316
1816.8070001602173, -1e+100, 63967.26867388316
1816.8229999542236, -1e+100, 63967.26867388316
1816.8389999866486, -1e+100, 63967.26867388316
1816.8550000190735, -1e+100, 63967.26867388316
1816.8719999790192, -1e+100, 63967.26867388316
1816.8970000743866, -1e+100, 63967.26867388316
1816.9140000343323, -1e+100, 63967.26867388316
1816.9340000152588, -1e+100, 63967.26867388316
1823.2020001411438, -1e+100, 63967.26867388316
1823.2309999465942, -1e+100, 63967.26867388316
1823.2539999485016, -1e+100, 63967.01009620725
1823.2730000019073, -1e+100, 63967.01009620725
1823.289999961853, -1e+100, 63967.01009620725
1823.308000087738, -1e+100, 63967.01009620725
1823.3259999752045, -1e+100, 63966.91550256257
1823.3389999866486, -1e+100, 63966.91550256257
1823.353000164032, -1e+100, 63966.91550256257
1823.3740000724792, -1e+100, 63966.91550256257
1823.3870000839233, -1e+100, 63966.91550256257
1829.5169999599457, -1e+100, 63966.91550256257
1829.5369999408722, -1e+100, 63966.91550256257
1829.5529999732971, -1e+100, 63966.805810368176
1829.5699999332428, -1e+100, 63966.805810368176
1829.590000152588, -1e+100, 63966.805810368176
1829.6070001125336, -1e+100, 63966.805810368176
1829.6219999790192, -1e+100, 63966.805810368176
1829.638000011444, -1e+100, 63966.805810368176
1829.656000137329, -1e+100, 63966.805810368176
1829.6730000972748, -1e+100, 63966.74336502153
1835.7780001163483, -1e+100, 63966.74336502153
1835.808000087738, -1e+100, 63966.74336502153
1835.8259999752045, -1e+100, 63966.74336502153
1835.8420000076294, -1e+100, 63966.74336502153
1835.8550000190735, -1e+100, 63966.74336502153
1835.8719999790192, -1e+100, 63966.74336502153
1835.8870000839233, -1e+100, 63966.74336502153
1835.904000043869, -1e+100, 63966.74336502153
1835.9210000038147, -1e+100, 63966.74336502153
1835.9379999637604, -1e+100, 63966.74336502153
1835.9630000591278, -1e+100, 63966.74336502153
1835.989000082016, -1e+100, 63966.74336502153
1841.8410000801086, -1e+100, 63966.74336502153
1841.8760001659393, -1e+100, 63966.74336502153
1841.8980000019073, -1e+100, 63966.74336502153
1841.9179999828339, -1e+100, 63966.74336502153
1841.9270000457764, -1e+100, 63966.74336502153
1841.9449999332428, -1e+100, 63966.74336502153
1841.960000038147, -1e+100, 63966.74336502153
1841.9769999980927, -1e+100, 63966.74336502153
1841.9930000305176, -1e+100, 63966.74336502153
1842.0099999904633, -1e+100, 63966.74336502153
1842.0299999713898, -1e+100, 63966.74336502153
1842.0490000247955, -1e+100, 63966.74336502153
1848.840000152588, -1e+100, 63966.74336502153
1848.8519999980927, -1e+100, 63966.486823464744
1848.87700009346, -1e+100, 63966.486823464744
1848.8949999809265, -1e+100, 63966.486823464744
1848.9110000133514, -1e+100, 63966.486823464744
1848.9279999732971, -1e+100, 63966.486823464744
1848.9400000572205, -1e+100, 63965.72009913034
1848.9560000896454, -1e+100, 63965.72009913034
1848.9720001220703, -1e+100, 63965.72009913034
1848.9880001544952, -1e+100, 63965.72009913034
1849.0039999485016, -1e+100, 63965.72009913034
1849.0120000839233, -1e+100, 63965.72009913034
1849.0299999713898, -1e+100, 63965.72009913034
1849.0460000038147, -1e+100, 63965.72009913034
1855.0750000476837, -1e+100, 63965.608755240464
1855.0920000076294, -1e+100, 63965.49758670116
1855.1130001544952, -1e+100, 63965.49758670116
1855.1330001354218, -1e+100, 63965.49758670116
1855.1480000019073, -1e+100, 63965.49758670116
1855.1630001068115, -1e+100, 63965.49758670116
1855.1779999732971, -1e+100, 63965.49758670116
1855.2009999752045, -1e+100, 63965.49758670116
1855.210000038147, -1e+100, 63965.49758670116
1855.226000070572, -1e+100, 63965.49758670116
1855.2420001029968, -1e+100, 63965.49758670116
1861.683000087738, -1e+100, 63965.49758670116
1861.7109999656677, -1e+100, 63965.49758670116
1861.736999988556, -1e+100, 63965.49758670116
1861.755000114441, -1e+100, 63965.49758670116
1861.7730000019073, -1e+100, 63965.49758670116
1861.7880001068115, -1e+100, 63965.49758670116
1861.8050000667572, -1e+100, 63965.49758670116
1861.8220000267029, -1e+100, 63965.49758670116
1861.8389999866486, -1e+100, 63965.49758670116
1861.8559999465942, -1e+100, 63965.49758670116
1861.8730001449585, -1e+100, 63965.49758670116
1861.8970000743866, -1e+100, 63965.49758670116
1867.8740000724792, -1e+100, 63965.49758670116
1867.9010000228882, -1e+100, 63965.49758670116
1867.930999994278, -1e+100, 63965.49758670116
1867.949000120163, -1e+100, 63965.49758670116
1874.6189999580383, -1e+100, 63963.72315815641
1874.6480000019073, -1e+100, 63963.53992329088
1874.6690001487732, -1e+100, 63963.53992329088
1874.6870000362396, -1e+100, 63963.53992329088
1874.7039999961853, -1e+100, 63963.53992329088
1874.720999956131, -1e+100, 63963.53992329088
1874.720999956131, -1e+100, 63963.53992329088
1874.739000082016, -1e+100, 63963.53992329088
1874.7710001468658, -1e+100, 63963.53992329088
1874.7850000858307, -1e+100, 63963.53992329088
1874.8020000457764, -1e+100, 63963.53992329088
1874.8220000267029, -1e+100, 63963.53992329088
1881.8659999370575, -1e+100, 63963.53992329088
1881.8900001049042, -1e+100, 63963.53992329088
1881.9110000133514, -1e+100, 63963.53992329088
1888.0010001659393, -1e+100, 63963.53992329088
1888.016000032425, -1e+100, 63963.53992329088
1888.0360000133514, -1e+100, 63963.53992329088
1888.0529999732971, -1e+100, 63963.53992329088
1888.069000005722, -1e+100, 63963.53992329088
1888.082999944687, -1e+100, 63963.53992329088
1888.101000070572, -1e+100, 63963.53992329088
1894.9690001010895, -1e+100, 63963.53992329088
1894.9930000305176, -1e+100, 63963.53992329088
1895.0099999904633, -1e+100, 63963.53992329088
1895.0230000019073, -1e+100, 63963.53992329088
1895.0360000133514, -1e+100, 63963.53992329088
1895.0490000247955, -1e+100, 63963.53992329088
1895.0659999847412, -1e+100, 63963.53992329088
1895.085000038147, -1e+100, 63963.53992329088
1895.101000070572, -1e+100, 63963.53992329088
1895.1170001029968, -1e+100, 63963.53992329088
1895.1340000629425, -1e+100, 63962.96673889659
1895.148999929428, -1e+100, 63962.96673889659
1901.6080000400543, -1e+100, 63962.72014188707
1901.6319999694824, -1e+100, 63962.72014188707
1901.6470000743866, -1e+100, 63962.72014188707
1901.6610000133514, -1e+100, 63962.72014188707
1901.6749999523163, -1e+100, 63962.72014188707
1901.6920001506805, -1e+100, 63962.72014188707
1901.7070000171661, -1e+100, 63962.72014188707
1901.723000049591, -1e+100, 63962.72014188707
1907.7090001106262, -1e+100, 63962.72014188707
1907.7290000915527, -1e+100, 63962.72014188707
1907.7460000514984, -1e+100, 63962.72014188707
1907.763000011444, -1e+100, 63962.72014188707
1907.7860000133514, -1e+100, 63962.72014188707
1907.789999961853, -1e+100, 63962.72014188707
1907.805999994278, -1e+100, 63962.72014188707
1907.8210000991821, -1e+100, 63962.72014188707
1907.8380000591278, -1e+100, 63962.72014188707
1914.2090001106262, -1e+100, 63962.72014188707
1914.2350001335144, -1e+100, 63962.72014188707
1914.25, -1e+100, 63962.72014188707
1914.2639999389648, -1e+100, 63962.72014188707
1914.2869999408722, -1e+100, 63962.72014188707
1914.3090000152588, -1e+100, 63962.72014188707
1914.3300001621246, -1e+100, 63962.72014188707
1914.3440001010895, -1e+100, 63962.72014188707
1914.3610000610352, -1e+100, 63962.72014188707
1920.5299999713898, -1e+100, 63962.72014188707
1920.5320000648499, -1e+100, 63962.72014188707
1920.5659999847412, -1e+100, 63962.72014188707
1920.585000038147, -1e+100, 63962.72014188707
1920.5989999771118, -1e+100, 63962.72014188707
1920.6110000610352, -1e+100, 63962.72014188707
1920.6189999580383, -1e+100, 63962.72014188707
1920.6349999904633, -1e+100, 63962.72014188707
1920.651999950409, -1e+100, 63962.72014188707
1920.6690001487732, -1e+100, 63962.72014188707
1920.6800000667572, -1e+100, 63962.72014188707
1920.6960000991821, -1e+100, 63962.72014188707
1920.7200000286102, -1e+100, 63962.72014188707
1920.736999988556, -1e+100, 63962.72014188707
1926.223000049591, -1e+100, 63962.72014188707
1926.2460000514984, -1e+100, 63960.65324148304
1926.2699999809265, -1e+100, 63960.65324148304
1926.2960000038147, -1e+100, 63960.65324148304
1932.6400001049042, -1e+100, 63960.65324148304
1932.6600000858307, -1e+100, 63960.62717442273
1932.6820001602173, -1e+100, 63960.62717442273
1932.699000120163, -1e+100, 63960.62717442273
1932.7130000591278, -1e+100, 63960.62717442273
1932.7290000915527, -1e+100, 63960.56834326507
1932.7409999370575, -1e+100, 63960.56834326507
1939.2760000228882, -1e+100, 63960.56834326507
1939.2960000038147, -1e+100, 63960.56834326507
1939.3150000572205, -1e+100, 63960.56834326507
1939.3340001106262, -1e+100, 63960.56834326507
1939.351000070572, -1e+100, 63960.56834326507
1939.3670001029968, -1e+100, 63960.56834326507
1939.3849999904633, -1e+100, 63960.38401403645
1939.401999950409, -1e+100, 63960.38401403645
1946.0490000247955, -1e+100, 63960.155833979814
1946.0729999542236, -1e+100, 63960.155833979814
1946.0880000591278, -1e+100, 63960.155833979814
1946.101000070572, -1e+100, 63960.155833979814
1946.114000082016, -1e+100, 63960.155833979814
1946.130000114441, -1e+100, 63959.60299979567
1946.1470000743866, -1e+100, 63959.60299979567
1946.1510000228882, -1e+100, 63959.60299979567
1946.1679999828339, -1e+100, 63959.60299979567
1952.8900001049042, -1e+100, 63959.60299979567
1952.9119999408722, -1e+100, 63959.60299979567
1952.9349999427795, -1e+100, 63959.60299979567
1952.9560000896454, -1e+100, 63959.60299979567
1952.973000049591, -1e+100, 63959.60299979567
1952.9900000095367, -1e+100, 63959.60299979567
1953.005000114441, -1e+100, 63959.60299979567
1953.0260000228882, -1e+100, 63959.60299979567
1959.699000120163, -1e+100, 63959.60299979567
1959.7239999771118, -1e+100, 63959.60299979567
1959.7430000305176, -1e+100, 63959.60299979567
1959.7650001049042, -1e+100, 63959.60299979567
1959.7829999923706, -1e+100, 63959.60299979567
1965.2969999313354, -1e+100, 63959.36672462297
1965.3210000991821, -1e+100, 63959.36672462297
1965.3450000286102, -1e+100, 63959.36672462297
1965.3610000610352, -1e+100, 63959.36672462297
1965.3810000419617, -1e+100, 63959.36672462297
1971.9400000572205, -1e+100, 63958.71467930081
1971.962000131607, -1e+100, 63958.71467930081
1971.983999967575, -1e+100, 63958.51656548626
1972.0, -1e+100, 63958.51656548626
1972.016000032425, -1e+100, 63958.02613860529
1972.0250000953674, -1e+100, 63958.02613860529
1978.465000152588, -1e+100, 63958.02613860529
1978.483999967575, -1e+100, 63958.02613860529
1978.5010001659393, -1e+100, 63958.02613860529
1978.5210001468658, -1e+100, 63958.02613860529
1978.5390000343323, -1e+100, 63958.02613860529
1978.5529999732971, -1e+100, 63958.02613860529
1978.569000005722, -1e+100, 63958.02613860529
1984.8760001659393, -1e+100, 63958.02613860529
1984.8970000743866, -1e+100, 63958.02613860529
1984.9160001277924, -1e+100, 63958.02613860529
1984.9349999427795, -1e+100, 63958.02613860529
1984.9530000686646, -1e+100, 63958.02613860529
1984.9679999351501, -1e+100, 63958.02613860529
1984.989000082016, -1e+100, 63958.02613860529
1991.5250000953674, -1e+100, 63958.02613860529
1991.555999994278, -1e+100, 63958.02613860529
1991.5720000267029, -1e+100, 63958.02613860529
1991.587000131607, -1e+100, 63958.02613860529
1991.6040000915527, -1e+100, 63958.02613860529
1991.6130001544952, -1e+100, 63958.02613860529
1991.6289999485016, -1e+100, 63958.02613860529
1991.6460001468658, -1e+100, 63958.02613860529
1991.6619999408722, -1e+100, 63957.392247271695
1991.6760001182556, -1e+100, 63957.036007478746
1991.6920001506805, -1e+100, 63957.036007478746
1991.707999944687, -1e+100, 63957.036007478746
1991.707999944687, -1e+100, 63957.036007478746
1991.7239999771118, -1e+100, 63957.036007478746
1991.7400000095367, -1e+100, 63957.036007478746
1998.1679999828339, -1e+100, 63956.941939772296
1998.2030000686646, -1e+100, 63956.941939772296
1998.223000049591, -1e+100, 63956.941939772296
1998.2420001029968, -1e+100, 63956.941939772296
1998.2610001564026, -1e+100, 63956.941939772296
1998.2699999809265, -1e+100, 63956.941939772296
1998.2860000133514, -1e+100, 63956.941939772296
1998.3029999732971, -1e+100, 63956.941939772296
1998.3199999332428, -1e+100, 63956.941939772296
1998.3489999771118, -1e+100, 63956.941939772296
1998.3630001544952, -1e+100, 63956.941939772296
1998.388000011444, -1e+100, 63956.941939772296
1998.4049999713898, -1e+100, 63956.941939772296
1998.4190001487732, -1e+100, 63956.941939772296
1998.4360001087189, -1e+100, 63956.941939772296
2004.1170001029968, -1e+100, 63956.941939772296
2004.141000032425, -1e+100, 63956.941939772296
2004.1610000133514, -1e+100, 63956.941939772296
2004.1760001182556, -1e+100, 63956.941939772296
2004.1930000782013, -1e+100, 63956.941939772296
2004.2050001621246, -1e+100, 63956.941939772296
2004.220999956131, -1e+100, 63956.941939772296
2004.236999988556, -1e+100, 63956.64642625312
2010.7250001430511, -1e+100, 63956.31769128938
2010.7490000724792, -1e+100, 63956.31769128938
2010.7690000534058, -1e+100, 63956.31769128938
2010.7880001068115, -1e+100, 63956.31769128938
2010.8040001392365, -1e+100, 63956.31769128938
2010.8150000572205, -1e+100, 63956.31769128938
2010.832999944687, -1e+100, 63956.31769128938
2017.268000125885, -1e+100, 63956.31769128938
2017.2969999313354, -1e+100, 63956.31769128938
2017.3150000572205, -1e+100, 63956.31769128938
2017.3310000896454, -1e+100, 63956.31769128938
2017.3489999771118, -1e+100, 63956.31769128938
2017.3519999980927, -1e+100, 63956.31769128938
2017.3689999580383, -1e+100, 63956.31769128938
2017.4000000953674, -1e+100, 63956.31769128938
2017.4160001277924, -1e+100, 63956.31769128938
2017.433000087738, -1e+100, 63956.31769128938
2017.4479999542236, -1e+100, 63956.31769128938
2017.4660000801086, -1e+100, 63956.05083935936
2017.4880001544952, -1e+100, 63956.049703024706
2017.5039999485016, -1e+100, 63956.049703024706
2017.518000125885, -1e+100, 63956.049703024706
2017.5320000648499, -1e+100, 63956.049703024706
2017.5429999828339, -1e+100, 63956.049703024706
2017.5680000782013, -1e+100, 63956.049703024706
2017.587000131607, -1e+100, 63956.049703024706
2017.5910000801086, -1e+100, 63956.049703024706
2024.590000152588, -1e+100, 63956.049703024706
2024.6159999370575, -1e+100, 63956.049703024706
2024.6330001354218, -1e+100, 63956.049703024706
2024.6510000228882, -1e+100, 63956.049703024706
2024.670000076294, -1e+100, 63956.049703024706
2024.6719999313354, -1e+100, 63956.049703024706
2024.6890001296997, -1e+100, 63956.049703024706
2031.1280000209808, -1e+100, 63956.049703024706
2031.1480000019073, -1e+100, 63956.049703024706
2031.1749999523163, -1e+100, 63956.049703024706
2031.194000005722, -1e+100, 63956.049703024706
2031.210000038147, -1e+100, 63956.049703024706
2031.215000152588, -1e+100, 63956.049703024706
2031.2309999465942, -1e+100, 63956.049703024706
2031.2469999790192, -1e+100, 63956.049703024706
2031.2610001564026, -1e+100, 63956.049703024706
2031.276999950409, -1e+100, 63956.049703024706
2036.9860000610352, -1e+100, 63956.049703024706
2037.0099999904633, -1e+100, 63956.049703024706
2037.0329999923706, -1e+100, 63956.049703024706
2037.0599999427795, -1e+100, 63956.049703024706
2037.0800001621246, -1e+100, 63956.049703024706
2037.1000001430511, -1e+100, 63956.049703024706
2037.1159999370575, -1e+100, 63956.049703024706
2037.1319999694824, -1e+100, 63956.049703024706
2043.670000076294, -1e+100, 63956.049703024706
2043.6890001296997, -1e+100, 63956.049703024706
2043.7039999961853, -1e+100, 63956.049703024706
2043.7220001220703, -1e+100, 63956.049703024706
2043.7380001544952, -1e+100, 63956.049703024706
2043.7539999485016, -1e+100, 63956.049703024706
2043.7560000419617, -1e+100, 63956.049703024706
2043.7880001068115, -1e+100, 63956.049703024706
2043.8029999732971, -1e+100, 63956.049703024706
2043.805999994278, -1e+100, 63956.049703024706
2050.4509999752045, -1e+100, 63956.049703024706
2050.4660000801086, -1e+100, 63955.64305733821
2050.4900000095367, -1e+100, 63955.64305733821
2050.5080001354218, -1e+100, 63955.64305733821
2050.5250000953674, -1e+100, 63955.64305733821
2050.539999961853, -1e+100, 63955.64305733821
2050.5599999427795, -1e+100, 63955.64305733821
2050.5940001010895, -1e+100, 63955.64305733821
2050.6180000305176, -1e+100, 63955.64305733821
2050.6330001354218, -1e+100, 63955.64305733821
2050.6480000019073, -1e+100, 63955.64305733821
2050.664999961853, -1e+100, 63955.64305733821
2057.7910001277924, -1e+100, 63955.64305733821
2057.811000108719, -1e+100, 63955.64305733821
2057.8280000686646, -1e+100, 63955.64305733821
2057.848999977112, -1e+100, 63955.64305733821
2057.8659999370575, -1e+100, 63955.64305733821
2057.8860001564026, -1e+100, 63955.64305733821
2057.906000137329, -1e+100, 63953.77086618192
2064.667999982834, -1e+100, 63953.77086618192
2064.6920001506805, -1e+100, 63953.77086618192
2064.7160000801086, -1e+100, 63953.77086618192
2064.736999988556, -1e+100, 63953.77086618192
2064.755000114441, -1e+100, 63953.77086618192
2064.7780001163483, -1e+100, 63953.77086618192
2064.798000097275, -1e+100, 63953.77086618192
2070.625, -1e+100, 63953.77086618192
2070.6470000743866, -1e+100, 63953.77086618192
2070.6719999313354, -1e+100, 63953.77086618192
2070.6900000572205, -1e+100, 63953.77086618192
2070.7039999961853, -1e+100, 63953.77086618192
2070.7200000286102, -1e+100, 63953.77086618192
2070.736999988556, -1e+100, 63953.77086618192
2077.4830000400543, -1e+100, 63953.77086618192
2077.5090000629425, -1e+100, 63953.77086618192
2077.53400015831, -1e+100, 63953.77086618192
2077.555000066757, -1e+100, 63953.77086618192
2077.5759999752045, -1e+100, 63953.77086618192
2077.59299993515, -1e+100, 63953.77086618192
2077.6159999370575, -1e+100, 63953.77086618192
2077.6319999694824, -1e+100, 63953.77086618192
2077.6470000743866, -1e+100, 63953.77086618192
2077.664999961853, -1e+100, 63953.77086618192
2084.0670001506805, -1e+100, 63953.77086618192
2084.0950000286102, -1e+100, 63953.77086618192
2084.121999979019, -1e+100, 63953.77086618192
2084.138000011444, -1e+100, 63953.77086618192
2084.151000022888, -1e+100, 63953.77086618192
2084.15900015831, -1e+100, 63953.77086618192
2084.173000097275, -1e+100, 63953.77086618192
2090.815999984741, -1e+100, 63953.77086618192
2090.845999956131, -1e+100, 63953.77086618192
2090.867000102997, -1e+100, 63953.77086618192
2090.8830001354218, -1e+100, 63953.77086618192
2090.901999950409, -1e+100, 63953.77086618192
2090.917999982834, -1e+100, 63953.77086618192
2090.934000015259, -1e+100, 63953.77086618192
2090.9500000476837, -1e+100, 63953.77086618192
2090.9660000801086, -1e+100, 63953.77086618192
2090.9830000400543, -1e+100, 63953.00657475838
2091.0120000839233, -1e+100, 63953.00657475838
2091.0299999713898, -1e+100, 63953.00657475838
2097.7190001010895, -1e+100, 63952.77086618192
2097.742000102997, -1e+100, 63952.77086618192
2097.7580001354218, -1e+100, 63952.77086618192
2097.7720000743866, -1e+100, 63952.77086618192
2097.7910001277924, -1e+100, 63952.77086618192
2097.8070001602173, -1e+100, 63952.77086618192
2097.824000120163, -1e+100, 63952.77086618192
2097.8420000076294, -1e+100, 63952.77086618192
2097.850000143051, -1e+100, 63952.77086618192
2097.8659999370575, -1e+100, 63952.77086618192
2097.8819999694824, -1e+100, 63952.77086618192
2097.8970000743866, -1e+100, 63952.77086618192
2104.5970001220703, -1e+100, 63952.77086618192
2104.621999979019, -1e+100, 63952.77086618192
2104.6470000743866, -1e+100, 63952.77086618192
2104.6630001068115, -1e+100, 63952.77086618192
2104.6820001602173, -1e+100, 63952.77086618192
2104.684000015259, -1e+100, 63952.77086618192
2111.516000032425, -1e+100, 63952.77086618192
2111.542000055313, -1e+100, 63952.77086618192
2111.558000087738, -1e+100, 63952.77086618192
2111.5729999542236, -1e+100, 63952.77086618192
2111.5920000076294, -1e+100, 63952.77086618192
2111.6080000400543, -1e+100, 63952.77086618192
2111.625, -1e+100, 63952.77086618192
2117.444000005722, -1e+100, 63951.332961186126
2117.476000070572, -1e+100, 63951.19661744452
2117.4990000724792, -1e+100, 63951.19661744452
2117.5199999809265, -1e+100, 63951.19661744452
2117.5299999713898, -1e+100, 63951.19661744452
2117.552999973297, -1e+100, 63951.19661744452
2117.5670001506805, -1e+100, 63951.19661744452
2124.294000148773, -1e+100, 63951.19661744452
2124.321000099182, -1e+100, 63951.19661744452
2124.335000038147, -1e+100, 63951.19661744452
2124.350000143051, -1e+100, 63951.19661744452
2124.3710000514984, -1e+100, 63951.19661744452
2124.3810000419617, -1e+100, 63951.19661744452
2130.8300001621246, -1e+100, 63951.19661744452
2130.84299993515, -1e+100, 63951.19661744452
2130.867000102997, -1e+100, 63951.19661744452
2130.8840000629425, -1e+100, 63951.19661744452
2130.898999929428, -1e+100, 63951.19661744452
2130.9160001277924, -1e+100, 63951.19661744452
2130.934000015259, -1e+100, 63951.077207484406
2130.9509999752045, -1e+100, 63951.077207484406
2130.96799993515, -1e+100, 63951.077207484406
2130.9830000400543, -1e+100, 63951.077207484406
2131.00200009346, -1e+100, 63951.077207484406
2131.0190000534058, -1e+100, 63951.077207484406
2137.5350000858307, -1e+100, 63951.077207484406
2137.5620000362396, -1e+100, 63950.19905550665
2137.582000017166, -1e+100, 63950.19905550665
2137.600000143051, -1e+100, 63950.19905550665
2137.6230001449585, -1e+100, 63950.19905550665
2137.6440000534058, -1e+100, 63950.19905550665
2137.6610000133514, -1e+100, 63950.19905550665
2137.6760001182556, -1e+100, 63950.19905550665
2137.6920001506805, -1e+100, 63950.19905550665
2137.707999944687, -1e+100, 63950.19905550665
2137.7170000076294, -1e+100, 63950.19905550665
2144.302999973297, -1e+100, 63950.19905550665
2144.319000005722, -1e+100, 63950.19905550665
2144.350000143051, -1e+100, 63950.19905550665
2144.3680000305176, -1e+100, 63950.19905550665
2144.3860001564026, -1e+100, 63950.19905550665
2144.4049999713898, -1e+100, 63949.7751413815
2144.423000097275, -1e+100, 63949.7751413815
2144.4420001506805, -1e+100, 63949.7751413815
2144.4560000896454, -1e+100, 63949.7751413815
2144.4700000286102, -1e+100, 63949.7751413815
2150.6549999713898, -1e+100, 63949.7751413815
2150.683000087738, -1e+100, 63949.7751413815
2150.7000000476837, -1e+100, 63949.7751413815
2150.7190001010895, -1e+100, 63949.7751413815
2150.736999988556, -1e+100, 63949.7751413815
2150.7460000514984, -1e+100, 63949.7751413815
2150.7620000839233, -1e+100, 63949.7751413815
2150.7780001163483, -1e+100, 63949.7751413815
2150.795000076294, -1e+100, 63949.7751413815
2150.809000015259, -1e+100, 63949.7751413815
2157.542000055313, -1e+100, 63949.7751413815
2157.5620000362396, -1e+100, 63949.7751413815
2157.5800001621246, -1e+100, 63949.7751413815
2157.5970001220703, -1e+100, 63949.7751413815
2157.614000082016, -1e+100, 63949.7751413815
2157.6260001659393, -1e+100, 63949.7751413815
2157.643000125885, -1e+100, 63948.81578997804
2157.6600000858307, -1e+100, 63948.81578997804
2157.6770000457764, -1e+100, 63948.81578997804
2157.694000005722, -1e+100, 63948.81578997804
2164.082999944687, -1e+100, 63948.81578997804
2164.111000061035, -1e+100, 63948.81578997804
2164.128000020981, -1e+100, 63948.81578997804
2164.1440000534058, -1e+100, 63948.81578997804
2164.161999940872, -1e+100, 63948.81578997804
2164.167999982834, -1e+100, 63948.81578997804
2164.1849999427795, -1e+100, 63948.81578997804
2164.2009999752045, -1e+100, 63948.81578997804
2164.2300000190735, -1e+100, 63948.81578997804
2170.526999950409, -1e+100, 63948.02246366735
2170.552999973297, -1e+100, 63948.02246366735
2170.569999933243, -1e+100, 63948.02246366735
2170.587000131607, -1e+100, 63948.02246366735
2170.6019999980927, -1e+100, 63948.02246366735
2170.611000061035, -1e+100, 63948.02246366735
2170.628000020981, -1e+100, 63947.93097289381
2170.6449999809265, -1e+100, 63947.26057181555
2170.661999940872, -1e+100, 63947.26057181555
2177.5750000476837, -1e+100, 63947.188395654135
2177.6080000400543, -1e+100, 63947.188395654135
2177.630000114441, -1e+100, 63947.188395654135
2177.6530001163483, -1e+100, 63947.188395654135
2184.53400015831, -1e+100, 63946.76593201967
2184.555999994278, -1e+100, 63946.76593201967
2184.571000099182, -1e+100, 63946.76593201967
2184.5859999656677, -1e+100, 63946.76593201967
2184.601000070572, -1e+100, 63946.76593201967
2184.6159999370575, -1e+100, 63946.76593201967
2184.6330001354218, -1e+100, 63946.76593201967
2184.6500000953674, -1e+100, 63946.76593201967
2184.669000148773, -1e+100, 63946.76593201967
2184.6900000572205, -1e+100, 63946.76593201967
2191.7009999752045, -1e+100, 63946.76593201967
2191.728000164032, -1e+100, 63946.76593201967
2191.7430000305176, -1e+100, 63946.76593201967
2191.7569999694824, -1e+100, 63946.76593201967
2191.7720000743866, -1e+100, 63946.76593201967
2191.78400015831, -1e+100, 63946.76593201967
2191.7999999523163, -1e+100, 63946.76593201967
2191.8170001506805, -1e+100, 63946.76593201967
2191.832999944687, -1e+100, 63946.76593201967
2191.848999977112, -1e+100, 63946.76593201967
2197.0280001163483, -1e+100, 63946.76593201967
2197.0510001182556, -1e+100, 63946.76593201967
2197.0729999542236, -1e+100, 63946.76593201967
2197.09299993515, -1e+100, 63946.76593201967
2197.114000082016, -1e+100, 63946.76593201967
2203.53200006485, -1e+100, 63946.76593201967
2203.5570001602173, -1e+100, 63946.76593201967
2203.5759999752045, -1e+100, 63946.76593201967
2203.5940001010895, -1e+100, 63946.76593201967
2203.611999988556, -1e+100, 63946.76593201967
2203.6330001354218, -1e+100, 63946.76593201967
2203.648999929428, -1e+100, 63946.76593201967
2203.6660001277924, -1e+100, 63946.76593201967
2210.989000082016, -1e+100, 63946.76593201967
2211.018000125885, -1e+100, 63946.76593201967
2211.0380001068115, -1e+100, 63946.76593201967
2211.055999994278, -1e+100, 63945.95588477591
2211.074000120163, -1e+100, 63945.5956312651
2211.090000152588, -1e+100, 63945.47385592237
2211.1080000400543, -1e+100, 63945.47385592237
2211.1260001659393, -1e+100, 63945.47385592237
2211.140000104904, -1e+100, 63945.47385592237
2218.2620000839233, -1e+100, 63945.47385592237
2218.281000137329, -1e+100, 63945.47385592237
2218.302999973297, -1e+100, 63945.47385592237
2218.319000005722, -1e+100, 63945.47385592237
2218.337000131607, -1e+100, 63945.47385592237
2218.3540000915527, -1e+100, 63945.47385592237
2218.3689999580383, -1e+100, 63945.47385592237
2218.3849999904633, -1e+100, 63945.47385592237
2218.391000032425, -1e+100, 63945.47385592237
2218.40700006485, -1e+100, 63945.47385592237
2218.423000097275, -1e+100, 63945.47385592237
2218.4400000572205, -1e+100, 63945.47385592237
2218.4560000896454, -1e+100, 63945.47385592237
2225.37700009346, -1e+100, 63944.67734409001
2225.4030001163483, -1e+100, 63944.67734409001
2225.4219999313354, -1e+100, 63944.67734409001
2225.4400000572205, -1e+100, 63944.67734409001
2225.457999944687, -1e+100, 63944.67734409001
2225.473000049591, -1e+100, 63944.67734409001
2225.4909999370575, -1e+100, 63944.44942641184
2225.5099999904633, -1e+100, 63944.44942641184
2225.526999950409, -1e+100, 63944.44942641184
2225.542000055313, -1e+100, 63944.43519366356
2235.236000061035, -1e+100, 63944.43519366356
2235.2599999904633, -1e+100, 63944.43519366356
2242.03200006485, -1e+100, 63944.43519366356
2242.0510001182556, -1e+100, 63944.28182848187
2242.069000005722, -1e+100, 63944.28182848187
2242.0859999656677, -1e+100, 63944.28182848187
2242.103000164032, -1e+100, 63944.16308707305
2242.1200001239777, -1e+100, 63944.16308707305
2242.1319999694824, -1e+100, 63944.16308707305
2242.151999950409, -1e+100, 63944.16308707305
2242.1640000343323, -1e+100, 63944.16308707305
2247.7450001239777, -1e+100, 63944.16308707305
2247.7690000534058, -1e+100, 63944.16308707305
2247.795000076294, -1e+100, 63944.16308707305
2247.8229999542236, -1e+100, 63944.04480813894
2247.8440001010895, -1e+100, 63944.04480813894
2247.864000082016, -1e+100, 63944.04480813894
2247.8810000419617, -1e+100, 63944.04480813894
2247.8980000019073, -1e+100, 63944.04480813894
2247.9140000343323, -1e+100, 63944.04480813894
2247.919000148773, -1e+100, 63944.04480813894
2247.9370000362396, -1e+100, 63944.04480813894
2247.9509999752045, -1e+100, 63944.04480813894
2247.9670000076294, -1e+100, 63944.04480813894
2247.9820001125336, -1e+100, 63944.04480813894
2247.9990000724792, -1e+100, 63944.04480813894
2248.016000032425, -1e+100, 63944.04480813894
2248.0299999713898, -1e+100, 63944.04480813894
2254.9500000476837, -1e+100, 63944.04480813894
2254.975000143051, -1e+100, 63944.04480813894
2254.9909999370575, -1e+100, 63944.04480813894
2255.0099999904633, -1e+100, 63944.04480813894
2255.026999950409, -1e+100, 63944.04480813894
2255.042000055313, -1e+100, 63944.04480813894
2255.061000108719, -1e+100, 63944.04480813894
2255.0759999752045, -1e+100, 63944.04480813894
2255.085000038147, -1e+100, 63944.04480813894
2255.1019999980927, -1e+100, 63944.04480813894
2255.1189999580383, -1e+100, 63944.04480813894
2255.1360001564026, -1e+100, 63944.04480813894
2261.962000131607, -1e+100, 63944.04480813894
2261.9900000095367, -1e+100, 63944.04480813894
2262.0090000629425, -1e+100, 63944.04480813894
2262.0250000953674, -1e+100, 63944.04480813894
2262.0410001277924, -1e+100, 63944.04480813894
2262.0469999313354, -1e+100, 63944.04480813894
2262.0640001296997, -1e+100, 63944.04480813894
2262.088000059128, -1e+100, 63944.04480813894
2262.1070001125336, -1e+100, 63943.47570097546
2262.125, -1e+100, 63943.47570097546
2270.042999982834, -1e+100, 63943.47570097546
2270.069999933243, -1e+100, 63943.47570097546
2270.0889999866486, -1e+100, 63943.47570097546
2270.1080000400543, -1e+100, 63943.28811255747
2276.8470001220703, -1e+100, 63942.604230437966
2276.871999979019, -1e+100, 63942.604230437966
2276.890000104904, -1e+100, 63942.604230437966
2276.90900015831, -1e+100, 63942.604230437966
2276.9240000247955, -1e+100, 63942.604230437966
2276.9390001296997, -1e+100, 63942.604230437966
2276.952000141144, -1e+100, 63942.604230437966
2276.9670000076294, -1e+100, 63942.604230437966
2283.611000061035, -1e+100, 63942.604230437966
2283.6289999485016, -1e+100, 63942.604230437966
2283.6549999713898, -1e+100, 63942.604230437966
2283.6749999523163, -1e+100, 63942.604230437966
2283.6930000782013, -1e+100, 63942.604230437966
2283.710000038147, -1e+100, 63942.604230437966
2283.7300000190735, -1e+100, 63942.604230437966
2283.746999979019, -1e+100, 63942.604230437966
2283.763999938965, -1e+100, 63942.604230437966
2293.3650000095367, -1e+100, 63942.604230437966
2293.3840000629425, -1e+100, 63942.604230437966
2293.406000137329, -1e+100, 63942.604230437966
2293.4219999313354, -1e+100, 63941.60270034441
2293.4420001506805, -1e+100, 63941.60270034441
2293.457999944687, -1e+100, 63941.60270034441
2299.305999994278, -1e+100, 63941.60270034441
2299.3470001220703, -1e+100, 63941.57592854423
2299.3659999370575, -1e+100, 63941.57592854423
2299.3840000629425, -1e+100, 63941.57592854423
2299.3919999599457, -1e+100, 63941.57592854423
2299.420000076294, -1e+100, 63941.57592854423
2306.440999984741, -1e+100, 63941.57592854423
2306.4639999866486, -1e+100, 63941.57592854423
2306.4850001335144, -1e+100, 63941.57592854423
2306.5060000419617, -1e+100, 63941.57592854423
2306.518000125885, -1e+100, 63941.57592854423
2306.542000055313, -1e+100, 63941.57592854423
2306.559000015259, -1e+100, 63941.57592854423
2306.5759999752045, -1e+100, 63941.57592854423
2306.582000017166, -1e+100, 63941.57592854423
2306.6100001335144, -1e+100, 63941.055199531875
2306.6289999485016, -1e+100, 63941.055199531875
2306.646000146866, -1e+100, 63941.055199531875
2313.8150000572205, -1e+100, 63940.80912719674
2313.8389999866486, -1e+100, 63940.80912719674
2313.8570001125336, -1e+100, 63940.80912719674
2313.8730001449585, -1e+100, 63940.80912719674
2313.8919999599457, -1e+100, 63940.80912719674
2313.9030001163483, -1e+100, 63940.766970647324
2313.9210000038147, -1e+100, 63940.766970647324
2321.0099999904633, -1e+100, 63940.766970647324
2321.026000022888, -1e+100, 63940.766970647324
2321.0670001506805, -1e+100, 63940.766970647324
2321.087000131607, -1e+100, 63940.766970647324
2321.1050000190735, -1e+100, 63940.53111600314
2321.114000082016, -1e+100, 63940.53111600314
2321.146000146866, -1e+100, 63940.53111600314
2328.018000125885, -1e+100, 63940.53111600314
2328.045000076294, -1e+100, 63940.53111600314
2328.0670001506805, -1e+100, 63940.53111600314
2328.082000017166, -1e+100, 63940.53111600314
2328.0970001220703, -1e+100, 63940.53111600314
2328.1070001125336, -1e+100, 63940.53111600314
2328.1230001449585, -1e+100, 63940.53111600314
2328.140000104904, -1e+100, 63939.84799649868
2328.15700006485, -1e+100, 63939.84799649868
2328.1740000247955, 40534.07574281661, 63939.84799649868
2328.2030000686646, 40534.07574281661, 63939.84799649868
2328.2200000286102, 40534.07574281661, 63939.84799649868
2337.8689999580383, 40534.07574281661, 63939.84799649868
2337.891000032425, 40643.8839607346, 63939.84799649868
2337.9140000343323, 40643.8839607346, 63939.84799649868
2337.9320001602173, 40643.8839607346, 63939.84799649868
2337.947000026703, 40643.8839607346, 63939.84799649868
2337.9660000801086, 40643.8839607346, 63939.84799649868
2337.9830000400543, 40643.8839607346, 63939.84799649868
2337.9960000514984, 40643.8839607346, 63939.84799649868
2338.0190000534058, 40643.8839607346, 63939.84799649868
2338.03200006485, 40643.8839607346, 63939.84799649868
2338.0540001392365, 40643.8839607346, 63939.84799649868
2338.069999933243, 40643.8839607346, 63939.84799649868
2345.055000066757, 40643.8839607346, 63939.84799649868
2345.0759999752045, 40643.8839607346, 63939.55893665444
2345.103000164032, 40643.8839607346, 63939.15387298189
2345.1230001449585, 40643.8839607346, 63939.15387298189
2345.1419999599457, 40643.8839607346, 63939.15387298189
2345.15900015831, 40643.8839607346, 63939.15387298189
2345.1760001182556, 40643.8839607346, 63939.15387298189
2345.1920001506805, 40643.8839607346, 63939.15387298189
2345.207999944687, 40643.8839607346, 63939.15387298189
2345.223999977112, 40643.8839607346, 63939.15387298189
2352.4479999542236, 40643.8839607346, 63939.15387298189
2352.4700000286102, 40643.8839607346, 63939.15387298189
2352.4880001544952, 40643.8839607346, 63939.15387298189
2352.5010001659393, 40643.8839607346, 63939.15387298189
2352.515000104904, 40643.8839607346, 63939.15387298189
2352.531000137329, 40643.8839607346, 63939.15387298189
2352.5490000247955, 40643.8839607346, 63939.15387298189
2352.5670001506805, 40643.8839607346, 63938.80848484078
2352.582999944687, 40643.8839607346, 63938.80848484078
2352.598000049591, 40643.8839607346, 63938.80848484078
2352.617000102997, 40643.8839607346, 63938.80848484078
2352.6310000419617, 40643.8839607346, 63938.80848484078
2352.646000146866, 40643.8839607346, 63938.80848484078
2352.661999940872, 40643.8839607346, 63938.80848484078
2352.677999973297, 40643.8839607346, 63938.80848484078
2352.6849999427795, 40643.8839607346, 63938.80848484078
2352.702000141144, 40643.8839607346, 63938.80848484078
2361.6419999599457, 40643.8839607346, 63938.80848484078
2361.6579999923706, 40643.8839607346, 63938.80848484078
2361.6740000247955, 40643.8839607346, 63938.787989988916
2361.6770000457764, 40643.8839607346, 63938.787989988916
2361.7030000686646, 40643.8839607346, 63938.787989988916
2361.7170000076294, 40643.8839607346, 63938.787989988916
2361.7320001125336, 40643.8839607346, 63938.787989988916
2361.746999979019, 40643.8839607346, 63938.787989988916
2361.7610001564026, 40643.8839607346, 63938.787989988916
2361.776000022888, 40643.8839607346, 63938.787989988916
2361.7780001163483, 40643.8839607346, 63938.787989988916
2361.8129999637604, 43974.96903105313, 63938.787989988916
2361.8300001621246, 43974.96903105313, 63938.787989988916
2361.8470001220703, 43974.96903105313, 63938.787989988916
2361.8630001544952, 43974.96903105313, 63938.787989988916
2361.87700009346, 43974.96903105313, 63938.787989988916
2369.845999956131, 43974.96903105313, 63938.787989988916
2369.8650000095367, 43974.96903105313, 63938.787989988916
2369.8819999694824, 43974.96903105313, 63938.787989988916
2369.9000000953674, 43974.96903105313, 63938.787989988916
2369.917000055313, 43974.96903105313, 63938.787989988916
2369.930999994278, 43974.96903105313, 63938.787989988916
2369.947000026703, 43974.96903105313, 63938.787989988916
2369.963000059128, 44462.17773752836, 63938.787989988916
2369.9850001335144, 46222.04423026917, 63938.787989988916
2379.2910001277924, 46222.04423026917, 63938.787989988916
2379.3099999427795, 46222.04423026917, 63938.787989988916
2379.3250000476837, 46222.04423026917, 63938.787989988916
2386.8849999904633, 46222.04423026917, 63938.787989988916
2386.904000043869, 46222.04423026917, 63938.787989988916
2386.9210000038147, 46222.04423026917, 63938.787989988916
2386.9379999637604, 46222.04423026917, 63938.787989988916
2386.9560000896454, 46222.04423026917, 63938.787989988916
2386.973000049591, 46222.04423026917, 63938.787989988916
2386.986000061035, 46222.04423026917, 63938.787989988916
2386.996999979019, 46222.04423026917, 63938.787989988916
2387.013999938965, 46222.04423026917, 63938.787989988916
2394.378000020981, 46222.04423026917, 63938.787989988916
2394.3940000534058, 46222.04423026917, 63938.03891584633
2394.4219999313354, 46222.04423026917, 63938.03891584633
2394.440999984741, 46222.04423026917, 63938.03891584633
2394.457000017166, 46222.04423026917, 63936.59229909213
2394.473000049591, 46222.04423026917, 63936.59229909213
2394.4820001125336, 46222.04423026917, 63936.59229909213
2394.4990000724792, 46222.04423026917, 63936.59229909213
2394.513999938965, 46222.04423026917, 63936.59229909213
2394.53400015831, 46222.04423026917, 63936.59229909213
2402.2560000419617, 46222.04423026917, 63936.59229909213
2402.2750000953674, 46222.04423026917, 63936.59229909213
2402.292999982834, 46222.04423026917, 63936.59229909213
2402.309000015259, 46222.04423026917, 63936.59229909213
2402.3259999752045, 46222.04423026917, 63936.59229909213
2402.337000131607, 46222.04423026917, 63936.59229909213
2402.353000164032, 46222.04423026917, 63936.59229909213
2402.3540000915527, 46222.04423026917, 63936.59229909213
2402.3700001239777, 46222.04423026917, 63936.59229909213
2402.3870000839233, 46222.04423026917, 63936.59229909213
2402.404000043869, 46222.04423026917, 63936.59229909213
2402.4210000038147, 46222.04423026917, 63936.59229909213
2410.4550001621246, 46222.04423026917, 63936.59229909213
2410.470999956131, 46222.04423026917, 63936.59229909213
2410.492000102997, 46222.04423026917, 63936.59229909213
2410.5110001564026, 46222.04423026917, 63936.59229909213
2410.526999950409, 46222.04423026917, 63936.59229909213
2410.5410001277924, 46222.04423026917, 63936.59229909213
2410.555999994278, 46222.04423026917, 63936.59229909213
2410.572000026703, 46222.04423026917, 63936.59229909213
2410.582000017166, 46222.04423026917, 63936.59229909213
2410.600000143051, 46222.04423026917, 63936.59229909213
2410.617000102997, 46222.04423026917, 63936.59229909213
2410.6340000629425, 46222.04423026917, 63936.59229909213
2410.651000022888, 46222.04423026917, 63936.59229909213
2410.667999982834, 46222.04423026917, 63936.59229909213
2410.669000148773, 46222.04423026917, 63936.59229909213
2410.7009999752045, 46222.04423026917, 63936.59229909213
2410.7170000076294, 46222.04423026917, 63936.59229909213
2420.348999977112, 46222.04423026917, 63936.59229909213
2420.375, 46222.04423026917, 63936.59229909213
2420.3830001354218, 46222.04423026917, 63936.59229909213
2420.401000022888, 46222.04423026917, 63936.59229909213
2420.420000076294, 46222.04423026917, 63936.59229909213
2420.4379999637604, 46222.04423026917, 63935.84531012958
2420.4560000896454, 46222.04423026917, 63935.84531012958
2420.46799993515, 46222.04423026917, 63935.84531012958
2428.8140001296997, 46222.04423026917, 63935.84531012958
2428.8420000076294, 46222.04423026917, 63935.84531012958
2428.858999967575, 46222.04423026917, 63935.84531012958
2428.8760001659393, 46222.04423026917, 63935.84531012958
2428.890000104904, 46222.04423026917, 63935.84531012958
2428.904000043869, 46222.04423026917, 63935.84531012958
2428.9210000038147, 46222.04423026917, 63935.84531012958
2428.9379999637604, 46222.04423026917, 63935.84531012958
2428.949000120163, 46222.04423026917, 63935.84531012958
2436.5670001506805, 46222.04423026917, 63935.84531012958
2436.584000110626, 46222.04423026917, 63935.84531012958
2436.601000070572, 46222.04423026917, 63935.84531012958
2436.6159999370575, 46222.04423026917, 63935.84531012958
2436.6330001354218, 46222.04423026917, 63935.84531012958
2436.651000022888, 46222.04423026917, 63935.84531012958
2436.667999982834, 46222.04423026917, 63935.84531012958
2436.6710000038147, 46222.04423026917, 63935.84531012958
2436.6879999637604, 46222.04423026917, 63935.84531012958
2446.016000032425, 46222.04423026917, 63935.84531012958
2446.0360000133514, 46222.04423026917, 63935.84531012958
2446.0540001392365, 46222.04423026917, 63935.84531012958
2446.069999933243, 46222.04423026917, 63935.84531012958
2446.087000131607, 46222.04423026917, 63935.84531012958
2446.103000164032, 46222.04423026917, 63935.84531012958
2446.103000164032, 46222.04423026917, 63935.84531012958
2446.1180000305176, 46222.04423026917, 63935.84531012958
2446.1349999904633, 46222.04423026917, 63935.84531012958
2454.25, 46222.04423026917, 63935.84531012958
2454.2669999599457, 46222.04423026917, 63935.84531012958
2454.2910001277924, 46222.04423026917, 63935.84531012958
2454.305000066757, 46222.04423026917, 63935.84531012958
2454.319999933243, 46222.04423026917, 63935.84531012958
2454.338000059128, 46222.04423026917, 63935.84531012958
2454.353000164032, 46222.04423026917, 63935.84531012958
2454.3689999580383, 46222.04423026917, 63935.84531012958
2454.3849999904633, 46222.04423026917, 63935.84531012958
2454.4000000953674, 46222.04423026917, 63935.84531012958
2454.4160001277924, 46222.04423026917, 63935.84531012958
2463.6790001392365, 46222.04423026917, 63935.47181393196
2463.694999933243, 46222.04423026917, 63935.47181393196
2463.713000059128, 46222.04423026917, 63935.47181393196
2463.7290000915527, 46222.04423026917, 63935.47181393196
2463.746999979019, 46222.04423026917, 63935.47181393196
2463.765000104904, 46222.04423026917, 63935.47181393196
2463.776999950409, 46222.04423026917, 63935.47181393196
2463.794000148773, 46222.04423026917, 63935.47181393196
2473.4639999866486, 46222.04423026917, 63935.47181393196
2473.489000082016, 46222.04423026917, 63935.47181393196
2473.5069999694824, 46222.04423026917, 63935.47181393196
2473.5250000953674, 46222.04423026917, 63935.47181393196
2473.544000148773, 46222.04423026917, 63935.47181393196
2473.5570001602173, 46222.04423026917, 63935.47181393196
2473.5729999542236, 46222.04423026917, 63935.47181393196
2473.5810000896454, 46222.04423026917, 63935.47181393196
2473.6080000400543, 47504.67426893927, 63935.47181393196
2473.6230001449585, 47504.67426893927, 63935.47181393196
2473.641000032425, 47504.67426893927, 63935.47181393196
2482.4370000362396, 47504.67426893927, 63935.47181393196
2482.4560000896454, 47504.67426893927, 63935.47181393196
2482.475000143051, 47504.67426893927, 63935.47181393196
2482.492000102997, 47504.67426893927, 63935.47181393196
2482.505000114441, 47504.67426893927, 63935.47181393196
2482.5199999809265, 47504.67426893927, 63935.47181393196
2482.5230000019073, 47504.67426893927, 63934.621020423925
2482.5390000343323, 47504.67426893927, 63934.621020423925
2491.098000049591, 47504.67426893927, 63934.621020423925
2491.128000020981, 47504.67426893927, 63934.621020423925
2491.148999929428, 47504.67426893927, 63934.621020423925
2491.167999982834, 47504.67426893927, 63934.621020423925
2491.186000108719, 47504.67426893927, 63934.621020423925
2491.2030000686646, 47504.67426893927, 63934.621020423925
2491.2160000801086, 47504.67426893927, 63934.621020423925
2491.2320001125336, 47504.67426893927, 63934.621020423925
2500.3040001392365, 47504.67426893927, 63934.621020423925
2500.319999933243, 47504.67426893927, 63934.621020423925
2500.351000070572, 47504.67426893927, 63934.621020423925
2500.3740000724792, 47504.67426893927, 63934.270912065585
2500.391000032425, 47504.67426893927, 63934.270912065585
2500.40700006485, 47504.67426893927, 63934.270912065585
2508.3289999961853, 47504.67426893927, 63934.270912065585
2508.345999956131, 47504.67426893927, 63934.270912065585
2508.3700001239777, 47504.67426893927, 63934.270912065585
2508.3840000629425, 47504.67426893927, 63934.270912065585
2508.401999950409, 47504.67426893927, 63934.270912065585
2508.417000055313, 47504.67426893927, 63934.270912065585
2508.4320001602173, 47504.67426893927, 63934.270912065585
2508.433000087738, 47504.67426893927, 63934.270912065585
2508.4479999542236, 47504.67426893927, 63934.270912065585
2508.465000152588, 47504.67426893927, 63934.270912065585
2508.486000061035, 47504.67426893927, 63934.270912065585
2508.4990000724792, 47504.67426893927, 63934.270912065585
2508.516000032425, 47504.67426893927, 63934.270912065585
2518.641000032425, 47504.67426893927, 63934.270912065585
2518.65900015831, 47504.67426893927, 63934.270912065585
2518.680999994278, 47504.67426893927, 63934.168536529745
2518.6979999542236, 47504.67426893927, 63934.168536529745
2518.713000059128, 47504.67426893927, 63934.168536529745
2518.7300000190735, 47504.67426893927, 63934.168536529745
2518.7439999580383, 47504.67426893927, 63934.168536529745
2518.746999979019, 47504.67426893927, 63934.168536529745
2528.515000104904, 47504.67426893927, 63934.168536529745
2528.536999940872, 47504.67426893927, 63934.168536529745
2528.5570001602173, 47504.67426893927, 63934.168536529745
2528.5729999542236, 47504.67426893927, 63934.168536529745
2528.590000152588, 47504.67426893927, 63934.168536529745
2528.6040000915527, 47504.67426893927, 63934.168536529745
2528.6189999580383, 47504.67426893927, 63933.885914403494
2528.6230001449585, 47504.67426893927, 63933.885914403494
2528.640000104904, 47504.67426893927, 63933.885914403494
2539.164999961853, 47504.67426893927, 63933.885914403494
2539.1870000362396, 47504.67426893927, 63933.885914403494
2539.202000141144, 47504.67426893927, 63933.885914403494
2539.2190001010895, 47504.67426893927, 63933.885914403494
2539.2350001335144, 47504.67426893927, 63933.885914403494
2539.2510001659393, 47504.67426893927, 63933.885914403494
2539.2539999485016, 47504.67426893927, 63933.885914403494
2539.271000146866, 47504.67426893927, 63933.885914403494
2539.3010001182556, 48375.02110644356, 63933.885914403494
2539.3040001392365, 48375.02110644356, 63933.885914403494
2550.3650000095367, 48375.02110644356, 63933.85974920949
2560.088000059128, 48375.02110644356, 63933.2009746153
2560.1150000095367, 48375.02110644356, 63933.2009746153
2560.121999979019, 48375.02110644356, 63933.2009746153
2560.151000022888, 48375.02110644356, 63933.2009746153
2560.169000148773, 48375.02110644356, 63931.80902728899
2560.184000015259, 48375.02110644356, 63931.80902728899
2560.196000099182, 48375.02110644356, 63931.80902728899
2560.2170000076294, 50440.93622570947, 63931.80902728899
2560.2400000095367, 50441.7995245325, 63931.80902728899
2560.2560000419617, 50441.7995245325, 63930.88264530945
2569.6749999523163, 50441.7995245325, 63930.88264530945
2569.690999984741, 50441.7995245325, 63930.88264530945
2569.707000017166, 50441.7995245325, 63930.88264530945
2569.725000143051, 50441.7995245325, 63930.88264530945
2569.7439999580383, 50441.7995245325, 63930.88264530945
2569.7590000629425, 50441.7995245325, 63930.88264530945
2578.574000120163, 50441.7995245325, 63930.88264530945
2578.5889999866486, 50441.7995245325, 63930.88264530945
2578.6080000400543, 50441.7995245325, 63930.88264530945
2578.625, 50441.7995245325, 63930.88264530945
2578.6419999599457, 50441.7995245325, 63930.88264530945
2588.196000099182, 50441.7995245325, 63930.88264530945
2588.212000131607, 50441.7995245325, 63930.88264530945
2588.2290000915527, 50441.7995245325, 63930.88264530945
2588.246999979019, 50441.7995245325, 63930.88264530945
2588.2669999599457, 50441.7995245325, 63930.88264530945
2588.28400015831, 50441.7995245325, 63930.88264530945
2588.2999999523163, 50441.7995245325, 63930.88264530945
2588.3099999427795, 50441.7995245325, 63930.88264530945
2588.327000141144, 50441.7995245325, 63930.88264530945
2588.348000049591, 50441.7995245325, 63930.88264530945
2597.5329999923706, 50441.7995245325, 63930.06457305962
2597.5520000457764, 50441.7995245325, 63930.06457305962
2597.5670001506805, 50441.7995245325, 63930.06457305962
2597.585000038147, 50441.7995245325, 63930.06457305962
2597.6019999980927, 50441.7995245325, 63930.06457305962
2597.617000102997, 50441.7995245325, 63930.06457305962
2597.6210000514984, 50441.7995245325, 63930.06457305962
2597.648999929428, 50441.7995245325, 63930.06457305962
2597.6530001163483, 50441.7995245325, 63930.06457305962
2607.7780001163483, 50441.7995245325, 63930.06457305962
2607.7960000038147, 50441.7995245325, 63930.06457305962
2607.8170001506805, 50441.7995245325, 63930.06457305962
2607.834000110626, 50441.7995245325, 63930.06457305962
2607.851000070572, 50441.7995245325, 63930.06457305962
2607.8650000095367, 50441.7995245325, 63930.06457305962
2607.880000114441, 50441.7995245325, 63930.06457305962
2607.8970000743866, 50441.7995245325, 63930.06457305962
2607.9140000343323, 50441.7995245325, 63930.06457305962
2618.197000026703, 50441.7995245325, 63930.06457305962
2618.213000059128, 50441.7995245325, 63930.06457305962
2618.2380001544952, 50441.7995245325, 63930.06457305962
2618.2539999485016, 50441.7995245325, 63930.06457305962
2618.265000104904, 50441.7995245325, 63930.06457305962
2618.2799999713898, 50441.7995245325, 63930.06457305962
2618.298000097275, 50441.7995245325, 63930.06457305962
2618.309000015259, 50441.7995245325, 63930.06457305962
2618.3259999752045, 50441.7995245325, 63930.06457305962
2618.34299993515, 50441.7995245325, 63930.06457305962
2618.350000143051, 50441.7995245325, 63930.06457305962
2618.3659999370575, 50441.7995245325, 63930.06457305962
2618.3819999694824, 50441.7995245325, 63930.06457305962
2627.7880001068115, 50441.7995245325, 63930.06457305962
2627.8010001182556, 50441.7995245325, 63930.06457305962
2627.8150000572205, 50441.7995245325, 63930.06457305962
2627.8310000896454, 50441.7995245325, 63930.06457305962
2627.8450000286102, 50441.7995245325, 63930.06457305962
2627.861000061035, 50441.7995245325, 63930.06457305962
2627.8730001449585, 50441.7995245325, 63930.06457305962
2627.890000104904, 50441.7995245325, 63930.06457305962
2627.90700006485, 50441.7995245325, 63930.06457305962
2637.0759999752045, 50441.7995245325, 63930.06457305962
2637.0940001010895, 50441.7995245325, 63930.06457305962
2637.111999988556, 50441.7995245325, 63930.06457305962
2637.1260001659393, 50441.7995245325, 63930.06457305962
2637.140000104904, 50441.7995245325, 63930.06457305962
2637.1549999713898, 50441.7995245325, 63930.06457305962
2637.170000076294, 50441.7995245325, 63930.06457305962
2637.183000087738, 50441.7995245325, 63930.06457305962
2637.199000120163, 50441.7995245325, 63930.06457305962
2637.2050001621246, 50441.7995245325, 63930.06457305962
2637.2220001220703, 50441.7995245325, 63930.06457305962
2637.239000082016, 50441.7995245325, 63930.06457305962
2637.2560000419617, 50441.7995245325, 63930.06457305962
2637.2620000839233, 50441.7995245325, 63930.06457305962
2637.2730000019073, 50441.7995245325, 63930.06457305962
2637.2780001163483, 50441.7995245325, 63930.06457305962
2648.6159999370575, 50441.7995245325, 63930.06457305962
2648.6319999694824, 50441.7995245325, 63930.06457305962
2648.6470000743866, 50441.7995245325, 63930.06457305962
2648.661999940872, 50441.7995245325, 63930.06457305962
2648.6790001392365, 50441.7995245325, 63930.06457305962
2648.694000005722, 50441.7995245325, 63930.06457305962
2648.710000038147, 50441.7995245325, 63930.06457305962
2648.720999956131, 50441.7995245325, 63930.06457305962
2656.542000055313, 50441.7995245325, 63930.06457305962
2656.559000015259, 50441.7995245325, 63930.06457305962
2656.584000110626, 50441.7995245325, 63930.06457305962
2656.600000143051, 50441.7995245325, 63930.06457305962
2656.6180000305176, 50441.7995245325, 63930.06457305962
2656.6360001564026, 50441.7995245325, 63930.06457305962
2664.565999984741, 50441.7995245325, 63930.06457305962
2664.588000059128, 50441.7995245325, 63930.06457305962
2664.6100001335144, 50441.7995245325, 63930.06457305962
2664.6360001564026, 50441.7995245325, 63930.06457305962
2664.6530001163483, 50441.7995245325, 63930.06457305962
2664.673000097275, 50441.7995245325, 63930.06457305962
2664.6900000572205, 50441.7995245325, 63930.06457305962
2674.6419999599457, 50441.7995245325, 63930.06457305962
2674.6610000133514, 50441.7995245325, 63930.06457305962
2674.683000087738, 50441.7995245325, 63925.993155940174
2674.699000120163, 50441.7995245325, 63925.993155940174
2674.712000131607, 50441.7995245325, 63925.993155940174
2674.7269999980927, 50441.7995245325, 63925.993155940174
2674.7350001335144, 50441.7995245325, 63925.96283766668
2674.75200009346, 50441.7995245325, 63925.96283766668
2682.8810000419617, 50441.7995245325, 63925.96283766668
2682.9000000953674, 50441.7995245325, 63925.96283766668
2682.919000148773, 50441.7995245325, 63925.96283766668
2682.940999984741, 50441.7995245325, 63925.96283766668
2682.963000059128, 50441.7995245325, 63925.96283766668
2682.978000164032, 50441.7995245325, 63925.96283766668
2682.9830000400543, 50441.7995245325, 63925.96283766668
2683.0, 50441.7995245325, 63925.96283766668
2683.0169999599457, 50441.7995245325, 63925.96283766668
2683.03400015831, 50441.7995245325, 63925.96283766668
2683.0510001182556, 50441.7995245325, 63925.96283766668
2690.600000143051, 50441.7995245325, 63925.96283766668
2690.6240000724792, 50441.7995245325, 63925.96283766668
2690.646000146866, 50441.7995245325, 63925.96283766668
2690.667000055313, 50441.7995245325, 63925.96283766668
2690.680999994278, 50441.7995245325, 63925.949279670465
2690.697000026703, 50441.7995245325, 63925.566793440055
2690.712000131607, 50441.7995245325, 63925.566793440055
2690.739000082016, 50441.7995245325, 63925.08848274129
2700.005000114441, 50441.7995245325, 63925.08848274129
2700.029000043869, 50441.7995245325, 63925.08848274129
2700.048000097275, 50441.7995245325, 63925.08848274129
2700.0670001506805, 50441.7995245325, 63925.00985872809
2700.082000017166, 50441.7995245325, 63925.00985872809
2700.0940001010895, 50441.7995245325, 63924.98913015724
2700.121999979019, 50441.7995245325, 63924.98913015724
2708.2000000476837, 50441.7995245325, 63924.98913015724
2708.2220001220703, 50441.7995245325, 63924.98913015724
2708.2400000095367, 50441.7995245325, 63924.98913015724
2708.2590000629425, 50441.7995245325, 63924.98913015724
2708.2720000743866, 50441.7995245325, 63924.98913015724
2708.286999940872, 50441.7995245325, 63924.98913015724
2708.309000015259, 50441.7995245325, 63924.98913015724
2716.2620000839233, 50441.7995245325, 63924.43316129554
2716.2860000133514, 50441.7995245325, 63924.43316129554
2716.305000066757, 50441.7995245325, 63924.43316129554
2716.322000026703, 50441.7995245325, 63924.43316129554
2725.483999967575, 50441.7995245325, 63924.43316129554
2725.5069999694824, 50441.7995245325, 63924.43316129554
2725.5220000743866, 50441.7995245325, 63924.43316129554
2725.542000055313, 50441.7995245325, 63924.43316129554
2725.555999994278, 50441.7995245325, 63924.43316129554
2725.5670001506805, 50441.7995245325, 63924.43316129554
2725.5750000476837, 50441.7995245325, 63924.43316129554
2725.5920000076294, 50441.7995245325, 63924.43316129554
2733.3440001010895, 50441.7995245325, 63923.60721889888
2733.375, 50441.7995245325, 63923.60721889888
2733.391000032425, 50441.7995245325, 63923.60721889888
2733.411999940872, 50441.7995245325, 63923.60721889888
2733.4290001392365, 50441.7995245325, 63923.60721889888
2733.4479999542236, 50441.7995245325, 63923.60721889888
2733.463000059128, 50441.7995245325, 63923.60721889888
2742.2200000286102, 50441.7995245325, 63923.60721889888
2742.2490000724792, 50441.7995245325, 63923.60721889888
2742.268000125885, 50441.7995245325, 63923.60721889888
2742.2860000133514, 50441.7995245325, 63923.60721889888
2742.3040001392365, 50441.7995245325, 63923.60721889888
2742.315999984741, 50441.7995245325, 63922.742527559916
2750.478000164032, 50441.7995245325, 63922.742527559916
2750.4980001449585, 50441.7995245325, 63922.742527559916
2750.5169999599457, 50441.7995245325, 63922.742527559916
2750.5329999923706, 50441.7995245325, 63922.742527559916
2750.5460000038147, 50441.7995245325, 63922.742527559916
2750.558000087738, 50441.7995245325, 63922.742527559916
2750.574000120163, 50441.7995245325, 63921.39185841124
2750.5910000801086, 50441.7995245325, 63921.39185841124
2750.614000082016, 50441.7995245325, 63921.39185841124
2750.625, 50441.7995245325, 63921.39185841124
2750.630000114441, 50441.7995245325, 63921.39185841124
2750.646000146866, 50441.7995245325, 63921.39185841124
2759.503000020981, 50441.7995245325, 63921.39185841124
2759.529000043869, 50441.7995245325, 63921.39185841124
2759.5460000038147, 50441.7995245325, 63921.39185841124
2759.5620000362396, 50441.7995245325, 63921.39185841124
2759.5759999752045, 50441.7995245325, 63921.39185841124
2759.5910000801086, 50441.7995245325, 63921.39185841124
2759.5940001010895, 50441.7995245325, 63921.39185841124
2759.611000061035, 50441.7995245325, 63921.39185841124
2759.62700009346, 50441.7995245325, 63921.39185841124
2759.6549999713898, 50441.7995245325, 63921.39185841124
2759.6710000038147, 50441.7995245325, 63921.39185841124
2759.6870000362396, 50441.7995245325, 63921.39185841124
2759.7030000686646, 50441.7995245325, 63921.39185841124
2759.7190001010895, 50441.7995245325, 63921.39185841124
2768.138999938965, 50441.7995245325, 63921.39185841124
2768.15900015831, 50441.7995245325, 63921.39185841124
2768.177999973297, 50441.7995245325, 63921.39185841124
2768.1920001506805, 50441.7995245325, 63921.39185841124
2768.207999944687, 50441.7995245325, 63921.39185841124
2768.220999956131, 50441.7995245325, 63921.39185841124
2768.2380001544952, 50441.7995245325, 63921.39185841124
2768.25, 50441.7995245325, 63921.39185841124
2768.255000114441, 50441.7995245325, 63921.39185841124
2768.2720000743866, 50441.7995245325, 63921.39185841124
2768.2890000343323, 50441.7995245325, 63921.39185841124
2768.305999994278, 50441.7995245325, 63921.39185841124
2776.7139999866486, 50441.7995245325, 63921.39185841124
2776.739000082016, 50441.7995245325, 63921.39185841124
2776.7599999904633, 50441.7995245325, 63921.39185841124
2776.78400015831, 50441.7995245325, 63921.39185841124
2776.8010001182556, 50441.7995245325, 63921.39185841124
2776.8170001506805, 50441.7995245325, 63921.39185841124
2776.845999956131, 50441.7995245325, 63921.39185841124
2785.4809999465942, 50441.7995245325, 63921.39185841124
2785.496999979019, 50441.7995245325, 63921.39185841124
2785.515000104904, 50441.7995245325, 63921.39185841124
2785.539999961853, 50441.7995245325, 63921.39185841124
2785.555000066757, 50441.7995245325, 63921.39185841124
2785.5670001506805, 50441.7995245325, 63921.39185841124
2785.571000099182, 50441.7995245325, 63921.39185841124
2785.588000059128, 50441.7995245325, 63921.39185841124
2785.6050000190735, 50441.7995245325, 63921.39185841124
2785.621999979019, 50441.7995245325, 63921.39185841124
2785.638999938965, 50441.7995245325, 63921.39185841124
2785.656000137329, 50441.7995245325, 63921.39185841124
2794.3700001239777, 50441.7995245325, 63921.39185841124
2794.3860001564026, 50441.7995245325, 63921.39185841124
2794.4130001068115, 50441.7995245325, 63921.39185841124
2794.4290001392365, 50441.7995245325, 63921.39185841124
2794.4420001506805, 50441.7995245325, 63921.39185841124
2794.4560000896454, 50441.7995245325, 63921.39185841124
2794.4660000801086, 50441.7995245325, 63921.39185841124
2794.4830000400543, 50441.7995245325, 63921.39185841124
2802.8250000476837, 50441.7995245325, 63921.39185841124
2802.851000070572, 50441.7995245325, 63919.70450509656
2802.8680000305176, 50441.7995245325, 63919.0215766523
2802.8860001564026, 50441.7995245325, 63919.0215766523
2802.901000022888, 50441.7995245325, 63919.0215766523
2802.914999961853, 50441.7995245325, 63919.0215766523
2802.9320001602173, 50441.7995245325, 63919.0215766523
2802.949000120163, 50441.7995245325, 63919.0215766523
2811.3650000095367, 50441.7995245325, 63919.0215766523
2811.3830001354218, 50441.7995245325, 63919.0215766523
2811.3970000743866, 50441.7995245325, 63919.0215766523
2811.40900015831, 50441.7995245325, 63919.0215766523
2811.4249999523163, 50441.7995245325, 63918.59677139745
2811.4420001506805, 50441.7995245325, 63918.59677139745
2811.4420001506805, 50441.7995245325, 63918.59677139745
2811.459000110626, 50441.7995245325, 63918.59677139745
2811.476000070572, 50441.7995245325, 63918.59677139745
2811.4930000305176, 50441.7995245325, 63918.59677139745
2820.25, 50441.7995245325, 63918.59677139745
2820.2699999809265, 50441.7995245325, 63918.59677139745
2820.2850000858307, 50441.7995245325, 63918.59677139745
2820.2969999313354, 50441.7995245325, 63918.59677139745
2820.309000015259, 50441.7995245325, 63918.59677139745
2820.324000120163, 50441.7995245325, 63918.59677139745
2820.3389999866486, 50441.7995245325, 63918.59677139745
2820.3559999465942, 50441.7995245325, 63918.59677139745
2820.367000102997, 50441.7995245325, 63918.59677139745
2820.3830001354218, 50441.7995245325, 63918.59677139745
2820.390000104904, 50441.7995245325, 63918.59677139745
2820.398999929428, 50441.7995245325, 63918.59677139745
2820.4160001277924, 50441.7995245325, 63918.59677139745
2829.694999933243, 50441.7995245325, 63918.59677139745
2829.728000164032, 50441.7995245325, 63918.59677139745
2829.742000102997, 50441.7995245325, 63918.59677139745
2829.7620000839233, 50441.7995245325, 63918.59677139745
2829.7829999923706, 50441.7995245325, 63918.59677139745
2829.798000097275, 50441.7995245325, 63918.59677139745
2838.486999988556, 50441.7995245325, 63916.0495224799
2838.505000114441, 50441.7995245325, 63916.0495224799
2838.5190000534058, 50441.7995245325, 63916.0495224799
2838.5360000133514, 50441.7995245325, 63916.0495224799
2838.5520000457764, 50441.7995245325, 63916.0495224799
2838.565999984741, 50441.7995245325, 63916.0495224799
2838.582000017166, 50441.7995245325, 63916.0495224799
2838.598999977112, 50441.7995245325, 63916.0495224799
2838.617000102997, 50441.7995245325, 63916.0495224799
2838.625, 50441.7995245325, 63916.0495224799
2838.641000032425, 50441.7995245325, 63916.0495224799
2847.460000038147, 50441.7995245325, 63915.52922254083
2847.483999967575, 50441.7995245325, 63915.52922254083
2847.5, 50441.7995245325, 63915.52922254083
2847.513999938965, 50441.7995245325, 63915.52922254083
2847.5280001163483, 50441.7995245325, 63915.52922254083
2847.5460000038147, 50441.7995245325, 63915.52922254083
2847.5640001296997, 50441.7995245325, 63915.52922254083
2847.5789999961853, 50441.7995245325, 63915.52922254083
2847.595999956131, 50441.7995245325, 63915.48092880805
2855.8819999694824, 50441.7995245325, 63915.48092880805
2855.9140000343323, 50441.7995245325, 63915.48092880805
2855.9320001602173, 50441.7995245325, 63915.48092880805
2855.949000120163, 50441.7995245325, 63915.48092880805
2855.9660000801086, 50441.7995245325, 63915.48092880805
2855.975000143051, 50441.7995245325, 63915.48092880805
2855.992000102997, 50441.7995245325, 63915.48092880805
2856.0090000629425, 50441.7995245325, 63915.48092880805
2856.026000022888, 50441.7995245325, 63915.48092880805
2864.5469999313354, 50441.7995245325, 63915.48092880805
2864.5650000572205, 50441.7995245325, 63915.48092880805
2864.590000152588, 50441.7995245325, 63915.48092880805
2864.6080000400543, 50441.7995245325, 63915.48092880805
2864.628000020981, 50441.7995245325, 63915.48092880805
2864.641000032425, 50441.7995245325, 63915.48092880805
2872.8440001010895, 50441.7995245325, 63915.48092880805
2872.8630001544952, 50441.7995245325, 63915.48092880805
2872.8830001354218, 50441.7995245325, 63914.78379663037
2872.9100000858307, 50441.7995245325, 63914.48504316299
2872.930999994278, 50441.7995245325, 63914.48504316299
2872.9500000476837, 50441.7995245325, 63914.48504316299
2872.965000152588, 50441.7995245325, 63914.48504316299
2872.9820001125336, 50441.7995245325, 63913.69453308812
2872.9980001449585, 50441.7995245325, 63913.69453308812
2873.015000104904, 50441.7995245325, 63913.53923275935
2882.861999988556, 50441.7995245325, 63913.53923275935
2882.8789999485016, 50441.7995245325, 63913.53923275935
2882.904000043869, 50441.7995245325, 63913.53923275935
2882.923000097275, 50441.7995245325, 63913.53923275935
2882.9430000782013, 50441.7995245325, 63913.53923275935
2882.960000038147, 50441.7995245325, 63913.53923275935
2894.8170001506805, 50441.7995245325, 63913.53923275935
2894.835000038147, 50441.7995245325, 63913.53923275935
2894.8540000915527, 50441.7995245325, 63913.53923275935
2894.8710000514984, 50441.7995245325, 63913.53923275935
2894.888999938965, 50441.7995245325, 63913.53923275935
2903.4370000362396, 50441.7995245325, 63913.53923275935
2903.460000038147, 50441.7995245325, 63913.53923275935
2903.4820001125336, 50441.7995245325, 63913.53923275935
2903.503000020981, 50441.7995245325, 63913.13217412711
2903.5250000953674, 50441.7995245325, 63913.13217412711
2903.545000076294, 50441.7995245325, 63913.13217412711
2903.5650000572205, 50441.7995245325, 63913.13217412711
2903.5810000896454, 50441.7995245325, 63913.13217412711
2903.598000049591, 50441.7995245325, 63913.13217412711
2912.7170000076294, 50441.7995245325, 63913.13217412711
2912.739000082016, 50441.7995245325, 63913.13217412711
2912.7610001564026, 50441.7995245325, 63913.13217412711
2912.7799999713898, 50441.7995245325, 63913.13217412711
2912.795000076294, 50441.7995245325, 63913.13217412711
2921.766000032425, 50441.7995245325, 63912.34422083462
2921.792000055313, 50441.7995245325, 63912.34422083462
2921.8180000782013, 50441.7995245325, 63911.714151506334
2921.8389999866486, 50441.7995245325, 63911.714151506334
2921.8559999465942, 50441.7995245325, 63911.714151506334
2921.8689999580383, 50441.7995245325, 63911.714151506334
2930.3450000286102, 50441.7995245325, 63911.714151506334
2930.3630001544952, 50441.7995245325, 63911.714151506334
2930.3819999694824, 50441.7995245325, 63911.714151506334
2930.3980000019073, 50441.7995245325, 63911.714151506334
2930.411999940872, 50441.7995245325, 63911.714151506334
2930.4270000457764, 50441.7995245325, 63911.714151506334
2930.4430000782013, 50441.7995245325, 63911.714151506334
2930.463000059128, 50441.7995245325, 63911.714151506334
2930.4769999980927, 50441.7995245325, 63911.714151506334
2930.4950001239777, 50441.7995245325, 63911.714151506334
2930.5120000839233, 50441.7995245325, 63911.714151506334
2930.526000022888, 50441.7995245325, 63911.714151506334
2930.5410001277924, 50441.7995245325, 63911.714151506334
2930.558000087738, 50441.7995245325, 63911.714151506334
2930.5889999866486, 50441.7995245325, 63911.180379086414
2930.608999967575, 50441.7995245325, 63911.180379086414
2939.12700009346, 50441.7995245325, 63911.180379086414
2939.1660001277924, 50441.7995245325, 63911.180379086414
2939.1879999637604, 50441.7995245325, 63911.180379086414
2939.212000131607, 50441.7995245325, 63911.180379086414
2939.2290000915527, 50441.7995245325, 63911.180379086414
2939.2480001449585, 50441.7995245325, 63911.180379086414
2939.263999938965, 50441.7995245325, 63911.180379086414
2939.2799999713898, 50441.7995245325, 63911.180379086414
2947.9290001392365, 50441.7995245325, 63911.180379086414
2947.9430000782013, 50441.7995245325, 63911.180379086414
2947.9700000286102, 50441.7995245325, 63910.33672222565
2947.9900000095367, 50441.7995245325, 63910.33672222565
2948.0069999694824, 50441.7995245325, 63910.33672222565
2948.021000146866, 50441.7995245325, 63910.33672222565
2948.0299999713898, 50441.7995245325, 63910.33672222565
2948.0460000038147, 50441.7995245325, 63910.33672222565
2948.0620000362396, 50441.7995245325, 63910.33672222565
2948.0780000686646, 50441.7995245325, 63910.33672222565
2948.0950000286102, 50441.7995245325, 63910.33672222565
2948.111999988556, 50441.7995245325, 63910.33672222565
2948.12700009346, 50441.7995245325, 63910.33672222565
2948.1289999485016, 50441.7995245325, 63910.33672222565
2948.15700006485, 50441.7995245325, 63910.33672222565
2948.1760001182556, 50441.7995245325, 63910.33672222565
2948.1920001506805, 50441.7995245325, 63910.33672222565
2948.207999944687, 50441.7995245325, 63910.33672222565
2948.226000070572, 50441.7995245325, 63910.33672222565
2948.2400000095367, 50441.7995245325, 63910.33672222565
2948.2580001354218, 50441.7995245325, 63910.33672222565
2948.273999929428, 50441.7995245325, 63910.33672222565
2948.294000148773, 50441.7995245325, 63910.33672222565
2957.173000097275, 50441.7995245325, 63910.33672222565
2957.194999933243, 50441.7995245325, 63910.33672222565
2957.215000152588, 50441.7995245325, 63910.33672222565
2957.2330000400543, 50441.7995245325, 63910.33672222565
2957.2460000514984, 50441.7995245325, 63908.22086945687
2957.276999950409, 50441.7995245325, 63908.22086945687
2957.294000148773, 50441.7995245325, 63908.22086945687
2957.2960000038147, 50441.7995245325, 63908.22086945687
2957.3129999637604, 50441.7995245325, 63908.22086945687
2966.164999961853, 50441.7995245325, 63908.22086945687
2966.1879999637604, 50441.7995245325, 63908.22086945687
2966.2060000896454, 50441.7995245325, 63908.22086945687
2966.225000143051, 50441.7995245325, 63908.22086945687
2966.2409999370575, 50441.7995245325, 63908.22086945687
2966.2599999904633, 50441.7995245325, 63908.22086945687
2966.2799999713898, 50441.7995245325, 63908.22086945687
2966.2960000038147, 50441.7995245325, 63908.22086945687
2975.2139999866486, 50441.7995245325, 63908.22086945687
2975.236000061035, 50441.7995245325, 63908.22086945687
2975.255000114441, 50441.7995245325, 63908.22086945687
2975.2720000743866, 50441.7995245325, 63908.22086945687
2975.2850000858307, 50441.7995245325, 63908.22086945687
2975.2990000247955, 50441.7995245325, 63908.22086945687
2975.315999984741, 50441.7995245325, 63908.22086945687
2975.332999944687, 50441.7995245325, 63908.22086945687
2975.350000143051, 50441.7995245325, 63908.22086945687
2975.367000102997, 50441.7995245325, 63908.22086945687
2975.3840000629425, 50441.7995245325, 63908.22086945687
2975.401000022888, 50441.7995245325, 63905.573117104774
2984.6159999370575, 50441.7995245325, 63905.573117104774
2984.6289999485016, 50441.7995245325, 63905.573117104774
2984.648999929428, 50441.7995245325, 63905.52113449679
2984.667999982834, 50441.7995245325, 63905.52113449679
2984.684000015259, 50441.7995245325, 63905.52113449679
2984.696000099182, 50441.7995245325, 63905.52113449679
2984.707000017166, 50441.7995245325, 63905.52113449679
2984.7220001220703, 50441.7995245325, 63905.52113449679
2993.5920000076294, 50441.7995245325, 63904.604067544875
2993.6200001239777, 50441.7995245325, 63904.604067544875
2993.638999938965, 50441.7995245325, 63904.604067544875
2993.6579999923706, 50441.7995245325, 63904.604067544875
2993.6770000457764, 50441.7995245325, 63904.604067544875
3002.236000061035, 50441.7995245325, 63904.604067544875
3002.2610001564026, 50441.7995245325, 63904.604067544875
3002.279000043869, 50441.7995245325, 63904.604067544875
3002.294000148773, 50441.7995245325, 63904.604067544875
3002.3129999637604, 50441.7995245325, 63904.604067544875
3002.322000026703, 50441.7995245325, 63904.604067544875
3002.348000049591, 50441.7995245325, 63904.604067544875
3011.3650000095367, 50441.7995245325, 63904.604067544875
3011.3860001564026, 50441.7995245325, 63904.604067544875
3011.4049999713898, 50441.7995245325, 63904.604067544875
3011.420000076294, 50441.7995245325, 63904.604067544875
3011.4349999427795, 50441.7995245325, 63904.604067544875
3011.444999933243, 50441.7995245325, 63904.604067544875
3011.460000038147, 50441.7995245325, 63904.604067544875
3011.4720001220703, 50441.7995245325, 63904.604067544875
3011.492000102997, 50441.7995245325, 63904.604067544875
3011.5069999694824, 50441.7995245325, 63904.604067544875
3011.5080001354218, 50441.7995245325, 63904.604067544875
3011.523999929428, 50441.7995245325, 63904.604067544875
3011.5410001277924, 50441.7995245325, 63904.604067544875
3011.558000087738, 50441.7995245325, 63904.604067544875
3011.5750000476837, 50441.7995245325, 63904.604067544875
3020.9909999370575, 50441.7995245325, 63904.604067544875
3020.996999979019, 50441.7995245325, 63904.604067544875
3021.026000022888, 50441.7995245325, 63904.604067544875
3021.0469999313354, 50441.7995245325, 63904.604067544875
3021.0640001296997, 50441.7995245325, 63904.604067544875
3021.0810000896454, 50441.7995245325, 63904.604067544875
3021.0889999866486, 50441.7995245325, 63904.604067544875
3021.098999977112, 50441.7995245325, 63903.81350725271
3021.117000102997, 50441.7995245325, 63903.81350725271
3021.1340000629425, 50441.7995245325, 63903.81350725271
3021.151000022888, 50441.7995245325, 63903.81350725271
3021.167000055313, 50441.7995245325, 63903.81350725271
3029.332000017166, 50441.7995245325, 63903.81350725271
3029.358999967575, 50441.7995245325, 63903.81350725271
3029.37700009346, 50441.7995245325, 63903.81350725271
3029.391000032425, 50441.7995245325, 63903.81350725271
3029.4079999923706, 50441.7995245325, 63903.81350725271
3029.423000097275, 50441.7995245325, 63903.81350725271
3029.4349999427795, 50441.7995245325, 63903.81350725271
3037.486000061035, 50441.7995245325, 63903.81350725271
3037.5080001354218, 50441.7995245325, 63903.81350725271
3037.5299999713898, 50441.7995245325, 63903.81350725271
3037.5510001182556, 50441.7995245325, 63902.372469864444
3037.5640001296997, 50441.7995245325, 63902.372469864444
3037.5810000896454, 50441.7995245325, 63902.372469864444
3037.598000049591, 50441.7995245325, 63902.372469864444
3037.6150000095367, 50441.7995245325, 63902.372469864444
3037.6319999694824, 50441.7995245325, 63902.372469864444
3037.648999929428, 50441.7995245325, 63902.372469864444
3037.6660001277924, 50441.7995245325, 63902.372469864444
3037.683000087738, 50441.7995245325, 63902.372469864444
3037.7000000476837, 50441.7995245325, 63902.372469864444
3037.7190001010895, 50441.7995245325, 63902.372469864444
3037.7380001544952, 50441.7995245325, 63902.372469864444
3046.5680000782013, 50441.7995245325, 63902.372469864444
3046.585000038147, 50441.7995245325, 63902.372469864444
3046.6040000915527, 50441.7995245325, 63902.372469864444
3046.625, 50441.7995245325, 63902.372469864444
3046.646000146866, 50441.7995245325, 63902.372469864444
3046.6630001068115, 50441.7995245325, 63902.372469864444
3055.536999940872, 50441.7995245325, 63902.372469864444
3055.559000015259, 50441.7995245325, 63902.372469864444
3055.582999944687, 50441.7995245325, 63902.372469864444
3055.603000164032, 50441.7995245325, 63902.372469864444
3055.621999979019, 50441.7995245325, 63902.372469864444
3055.643000125885, 50441.7995245325, 63902.372469864444
3055.6530001163483, 50441.7995245325, 63902.372469864444
3064.6500000953674, 50441.7995245325, 63900.7746533383
3064.6790001392365, 50441.7995245325, 63900.7746533383
3064.699000120163, 50441.7995245325, 63900.7746533383
3064.7190001010895, 50441.7995245325, 63900.7746533383
3064.733999967575, 50441.7995245325, 63900.7746533383
3064.7350001335144, 50441.7995245325, 63900.7746533383
3064.7590000629425, 50441.7995245325, 63900.7746533383
3073.045000076294, 50441.7995245325, 63900.7746533383
3073.0680000782013, 50441.7995245325, 63900.7746533383
3073.09299993515, 50441.7995245325, 63900.7746533383
3073.111000061035, 50441.7995245325, 63900.7746533383
3073.1230001449585, 50441.7995245325, 63900.7746533383
3073.1360001564026, 50441.7995245325, 63900.7746533383
3073.138000011444, 50441.7995245325, 63900.7746533383
3073.1549999713898, 50441.7995245325, 63900.7746533383
3081.8849999904633, 50441.7995245325, 63900.7746533383
3081.9100000858307, 50441.7995245325, 63900.7746533383
3081.9320001602173, 50441.7995245325, 63900.7746533383
3081.9500000476837, 50441.7995245325, 63900.7746533383
3081.965000152588, 50441.7995245325, 63900.7746533383
3081.976000070572, 50441.7995245325, 63900.7746533383
3081.992000102997, 50441.7995245325, 63900.7746533383
3082.0090000629425, 50441.7995245325, 63900.7746533383
3082.026000022888, 50441.7995245325, 63900.7746533383
3082.042999982834, 50441.7995245325, 63900.7746533383
3082.0640001296997, 50441.7995245325, 63900.7746533383
3082.0789999961853, 50441.7995245325, 63900.7746533383
3082.0910000801086, 50441.7995245325, 63900.7746533383
3090.986000061035, 50441.7995245325, 63900.7746533383
3091.015000104904, 50441.7995245325, 63900.7746533383
3091.0350000858307, 50441.7995245325, 63899.78603088117
3091.0540001392365, 50441.7995245325, 63899.78603088117
3091.072000026703, 50441.7995245325, 63899.78603088117
3091.087000131607, 50441.7995245325, 63899.78603088117
3091.0910000801086, 50441.7995245325, 63899.78603088117
3091.1050000190735, 50441.7995245325, 63899.78603088117
3091.121999979019, 50441.7995245325, 63899.78603088117
3091.138999938965, 50441.7995245325, 63899.78603088117
3091.156000137329, 50441.7995245325, 63899.78603088117
3091.167999982834, 50441.7995245325, 63899.78603088117
3091.1849999427795, 50441.7995245325, 63899.78603088117
3100.111000061035, 50441.7995245325, 63899.78603088117
3100.1370000839233, 50441.7995245325, 63899.21039102042
3100.156000137329, 50441.7995245325, 63898.03426468093
3100.1740000247955, 50441.7995245325, 63898.03426468093
3100.1849999427795, 50441.7995245325, 63897.79528277662
3100.2000000476837, 50441.7995245325, 63897.79148131313
3111.6749999523163, 50441.7995245325, 63897.79148131313
3111.6930000782013, 50441.7995245325, 63897.79148131313
3111.7139999866486, 50441.7995245325, 63897.79148131313
3111.7330000400543, 50441.7995245325, 63897.79148131313
3111.7480001449585, 50441.7995245325, 63897.79148131313
3111.763000011444, 50441.7995245325, 63897.79148131313
3111.7799999713898, 50441.7995245325, 63897.79148131313
3121.101000070572, 50441.7995245325, 63897.79148131313
3121.1289999485016, 50441.7995245325, 63897.79148131313
3121.151999950409, 50441.7995245325, 63897.79148131313
3121.1710000038147, 50441.7995245325, 63897.79148131313
3121.190999984741, 50441.7995245325, 63897.79148131313
3121.207999944687, 50441.7995245325, 63897.79148131313
3121.236000061035, 50441.7995245325, 63897.79148131313
3121.2590000629425, 50441.7995245325, 63897.79148131313
3121.28400015831, 50441.7995245325, 63897.79148131313
3121.315999984741, 50441.7995245325, 63897.79148131313
3121.332000017166, 50441.7995245325, 63897.79148131313
3130.28200006485, 50441.7995245325, 63897.79148131313
3130.311000108719, 50441.7995245325, 63897.79148131313
3130.340000152588, 50441.7995245325, 63897.79148131313
3130.3730001449585, 50441.7995245325, 63897.10310091313
3130.396000146866, 50441.7995245325, 63897.10310091313
3130.420000076294, 50441.7995245325, 63895.20594325605
3139.2699999809265, 50441.7995245325, 63894.53503546334
3139.292000055313, 50441.7995245325, 63894.53503546334
3139.3129999637604, 50441.7995245325, 63894.53503546334
3139.3280000686646, 50441.7995245325, 63894.53503546334
3139.3440001010895, 50441.7995245325, 63894.53503546334
3148.09299993515, 50441.7995245325, 63894.53503546334
3148.1150000095367, 50441.7995245325, 63894.53503546334
3148.1319999694824, 50441.7995245325, 63894.53503546334
3148.1549999713898, 50441.7995245325, 63894.53503546334
3148.1749999523163, 50441.7995245325, 63894.53503546334
3148.194000005722, 50441.7995245325, 63894.4124091907
3148.2109999656677, 50441.7995245325, 63894.4124091907
3156.7430000305176, 50441.7995245325, 63894.4124091907
3156.763000011444, 50441.7995245325, 63894.4124091907
3156.7860000133514, 50441.7995245325, 63894.4124091907
3156.8020000457764, 50441.7995245325, 63894.4124091907
3156.8180000782013, 50441.7995245325, 63894.4124091907
3156.8359999656677, 50441.7995245325, 63894.4124091907
3156.853000164032, 50441.7995245325, 63894.4124091907
3156.8700001239777, 50441.7995245325, 63894.4124091907
3156.888999938965, 50441.7995245325, 63894.4124091907
3165.1710000038147, 50441.7995245325, 63893.602260121304
3165.2000000476837, 50441.7995245325, 63893.602260121304
3165.2160000801086, 50441.7995245325, 63893.602260121304
3165.2320001125336, 50441.7995245325, 63893.602260121304
3165.2490000724792, 50441.7995245325, 63893.602260121304
3165.2590000629425, 50441.7995245325, 63893.602260121304
3165.2750000953674, 50441.7995245325, 63893.602260121304
3165.2910001277924, 50441.7995245325, 63893.602260121304
3165.3070001602173, 50441.7995245325, 63893.602260121304
3165.322000026703, 50441.7995245325, 63893.602260121304
3165.340000152588, 50441.7995245325, 63893.602260121304
3165.3540000915527, 50441.7995245325, 63893.40707887319
3165.3710000514984, 50441.7995245325, 63893.40707887319
3165.3730001449585, 50441.7995245325, 63893.40707887319
3174.513000011444, 50441.7995245325, 63892.85658375642
3174.5329999923706, 50441.7995245325, 63892.85658375642
3174.555999994278, 50441.7995245325, 63892.85658375642
3174.5729999542236, 50441.7995245325, 63892.85658375642
3174.59299993515, 50441.7995245325, 63892.854861569846
3174.6070001125336, 50441.7995245325, 63892.854861569846
3174.6240000724792, 50441.7995245325, 63892.8028852566
3174.641000032425, 50441.7995245325, 63892.8028852566
3184.651000022888, 50441.7995245325, 63892.8028852566
3184.6710000038147, 50441.7995245325, 63892.8028852566
3184.6890001296997, 50441.7995245325, 63892.49326762162
3193.4049999713898, 50441.7995245325, 63892.49326762162
3193.433000087738, 50441.7995245325, 63892.134647274695
3193.4560000896454, 50441.7995245325, 63892.134647274695
3193.476000070572, 50441.7995245325, 63892.134647274695
3193.4939999580383, 50441.7995245325, 63892.134647274695
3202.476000070572, 50441.7995245325, 63892.134647274695
3202.5110001564026, 50441.7995245325, 63892.134647274695
3202.531000137329, 50441.7995245325, 63892.134647274695
3202.5469999313354, 50441.7995245325, 63892.134647274695
3202.5620000362396, 50441.7995245325, 63892.134647274695
3202.5780000686646, 50441.7995245325, 63892.134647274695
3202.595999956131, 50441.7995245325, 63892.134647274695
3211.4930000305176, 50441.7995245325, 63892.134647274695
3211.516000032425, 50441.7995245325, 63892.134647274695
3211.5299999713898, 50441.7995245325, 63892.134647274695
3211.5460000038147, 50441.7995245325, 63892.134647274695
3211.5620000362396, 50441.7995245325, 63892.134647274695
3211.571000099182, 50441.7995245325, 63892.134647274695
3211.5950000286102, 50441.7995245325, 63892.134647274695
3211.611999988556, 50441.7995245325, 63892.134647274695
3220.87700009346, 50441.7995245325, 63890.691813693935
3220.9079999923706, 50441.7995245325, 63890.691813693935
3229.7730000019073, 50441.7995245325, 63890.691813693935
3229.7730000019073, 50441.7995245325, 63890.691813693935
3229.8020000457764, 50441.7995245325, 63890.691813693935
3229.824000120163, 50441.7995245325, 63889.87792576812
3229.8440001010895, 50441.7995245325, 63889.87792576812
3229.8600001335144, 50441.7995245325, 63889.87792576812
3229.8760001659393, 50441.7995245325, 63889.87792576812
3229.8919999599457, 50441.7995245325, 63889.87792576812
3238.3310000896454, 50441.7995245325, 63889.87792576812
3238.351000070572, 50441.7995245325, 63889.87792576812
3238.367000102997, 50441.7995245325, 63889.87792576812
3238.3860001564026, 50441.7995245325, 63889.87792576812
3247.523999929428, 50441.7995245325, 63889.87792576812
3247.555999994278, 50441.7995245325, 63889.87792576812
3247.577000141144, 50441.7995245325, 63889.87792576812
3247.5889999866486, 50441.7995245325, 63889.87792576812
3247.6050000190735, 50441.7995245325, 63889.87792576812
3247.6240000724792, 50441.7995245325, 63889.87792576812
3247.638999938965, 50441.7995245325, 63889.46933869664
3247.643000125885, 50441.7995245325, 63889.46933869664
3256.215000152588, 50441.7995245325, 63889.422920171084
3256.2510001659393, 50441.7995245325, 63889.422920171084
3256.279000043869, 50441.7995245325, 63888.78932168996
3256.2969999313354, 50441.7995245325, 63888.78932168996
3266.4249999523163, 50441.7995245325, 63888.78932168996
3266.446000099182, 50441.7995245325, 63888.78932168996
3266.460000038147, 50441.7995245325, 63888.78932168996
3266.476000070572, 50441.7995245325, 63888.78932168996
3266.4939999580383, 50441.7995245325, 63888.78932168996
3266.5099999904633, 50441.7995245325, 63888.78932168996
3266.5230000019073, 50441.7995245325, 63888.78932168996
3266.526999950409, 50441.7995245325, 63888.78932168996
3266.544000148773, 50441.7995245325, 63888.78932168996
3266.561000108719, 50441.7995245325, 63888.78932168996
3266.5780000686646, 50441.7995245325, 63888.78932168996
3275.1189999580383, 50441.7995245325, 63888.78932168996
3275.1349999904633, 50441.7995245325, 63888.78932168996
3275.169000148773, 50441.7995245325, 63888.78932168996
3275.1879999637604, 50441.7995245325, 63888.78932168996
3275.2109999656677, 50441.7995245325, 63888.78932168996
3284.0680000782013, 50441.7995245325, 63888.78932168996
3284.0920000076294, 50441.7995245325, 63888.78932168996
3284.1159999370575, 50441.7995245325, 63888.78932168996
3292.8650000095367, 50441.7995245325, 63888.78932168996
3292.888000011444, 50441.7995245325, 63888.78932168996
3292.9130001068115, 50441.7995245325, 63888.78932168996
3292.933000087738, 50441.7995245325, 63887.80195589647
3292.9530000686646, 50441.7995245325, 63887.80195589647
3292.9690001010895, 50441.7995245325, 63887.2230157183
3292.9909999370575, 50441.7995245325, 63887.2230157183
3302.023999929428, 50441.7995245325, 63887.2230157183
3302.042999982834, 50441.7995245325, 63887.2230157183
3302.061000108719, 50441.7995245325, 63887.2230157183
3302.0780000686646, 50441.7995245325, 63887.2230157183
3302.0940001010895, 50441.7995245325, 63887.17385903404
3310.850000143051, 50441.7995245325, 63886.47257467628
3310.87700009346, 50441.7995245325, 63886.361122759685
3310.8949999809265, 50441.7995245325, 63886.361122759685
3310.9130001068115, 50441.7995245325, 63886.361122759685
3310.930000066757, 50441.7995245325, 63886.361122759685
3310.9390001296997, 50441.7995245325, 63886.361122759685
3310.9550001621246, 50441.7995245325, 63886.361122759685
3310.970999956131, 50441.7995245325, 63886.361122759685
3310.986999988556, 50441.7995245325, 63886.25030016715
3311.0039999485016, 50441.7995245325, 63886.25030016715
3320.090000152588, 50441.7995245325, 63886.25030016715
3320.111999988556, 50441.7995245325, 63886.25030016715
3320.130000114441, 50441.7995245325, 63886.25030016715
3320.1440000534058, 50441.7995245325, 63886.25030016715
3320.1549999713898, 50441.7995245325, 63886.25030016715
3320.169000148773, 50441.7995245325, 63886.02011463015
3320.1879999637604, 50441.7995245325, 63886.02011463015
3320.2039999961853, 50441.7995245325, 63886.02011463015
3320.2200000286102, 50441.7995245325, 63885.34963624806
3320.236000061035, 50441.7995245325, 63885.34963624806
3320.253000020981, 50441.7995245325, 63884.568747131845
3329.7039999961853, 50441.7995245325, 63884.568747131845
3329.7300000190735, 50441.7995245325, 63883.88679104362
3329.753000020981, 50441.7995245325, 63883.88679104362
3329.771000146866, 50441.7995245325, 63883.88679104362
3329.792000055313, 50441.7995245325, 63883.88679104362
3338.9930000305176, 50441.7995245325, 63883.88679104362
3339.0199999809265, 50441.7995245325, 63883.88679104362
3339.036999940872, 50441.7995245325, 63883.88679104362
3339.055000066757, 50441.7995245325, 63883.88679104362
3339.0670001506805, 50441.7995245325, 63883.88679104362
3348.7309999465942, 50441.7995245325, 63883.88679104362
3348.7539999485016, 50441.7995245325, 63883.88679104362
3348.771000146866, 50441.7995245325, 63883.88679104362
3348.7829999923706, 50441.7995245325, 63883.88679104362
3348.7969999313354, 50441.7995245325, 63883.88679104362
3348.8129999637604, 50441.7995245325, 63883.88679104362
3348.819999933243, 50441.7995245325, 63883.88679104362
3348.838000059128, 50441.7995245325, 63883.88679104362
3348.8710000514984, 50441.7995245325, 63883.88679104362
3358.446000099182, 50441.7995245325, 63883.88679104362
3358.470999956131, 50441.7995245325, 63883.88679104362
3358.4909999370575, 50441.7995245325, 63883.88679104362
3358.513000011444, 50441.7995245325, 63883.88679104362
3358.5280001163483, 50441.7995245325, 63883.88679104362
3358.5360000133514, 50441.7995245325, 63883.88679104362
3358.552999973297, 50441.7995245325, 63883.88679104362
3358.5680000782013, 50441.7995245325, 63883.88679104362
3367.2400000095367, 50441.7995245325, 63883.88679104362
3367.2690000534058, 50441.7995245325, 63883.88679104362
3367.2860000133514, 50441.7995245325, 63883.88679104362
3367.302999973297, 50441.7995245325, 63883.88679104362
3367.322000026703, 50441.7995245325, 63883.88679104362
3367.335000038147, 50441.7995245325, 63883.88679104362
3367.3519999980927, 50441.7995245325, 63883.88679104362
3367.3710000514984, 50441.7995245325, 63883.88679104362
3367.3840000629425, 50441.7995245325, 63883.88679104362
3376.289999961853, 50441.7995245325, 63883.88679104362
3376.3180000782013, 50441.7995245325, 63881.74781546028
3376.337000131607, 50441.7995245325, 63881.74781546028
3376.3559999465942, 50441.7995245325, 63881.74781546028
3376.3740000724792, 50441.7995245325, 63881.74781546028
3376.388000011444, 50441.7995245325, 63881.74781546028
3376.401999950409, 50441.7995245325, 63881.74781546028
3376.419000148773, 50441.7995245325, 63881.74781546028
3376.436000108719, 50441.7995245325, 63881.74781546028
3376.440999984741, 50441.7995245325, 63881.74781546028
3385.1530001163483, 50441.7995245325, 63881.74781546028
3385.1710000038147, 50441.7995245325, 63881.74781546028
3385.1870000362396, 50441.7995245325, 63881.74781546028
3385.2060000896454, 50441.7995245325, 63881.74781546028
3385.226000070572, 50441.7995245325, 63881.74781546028
3385.2430000305176, 50441.7995245325, 63881.74781546028
3385.2610001564026, 50441.7995245325, 63881.74781546028
3385.2780001163483, 50441.7995245325, 63881.74781546028
3394.643000125885, 50441.7995245325, 63881.74781546028
3394.661999940872, 50441.7995245325, 63881.74781546028
3394.680000066757, 50441.7995245325, 63881.74781546028
3394.694000005722, 50441.7995245325, 63881.74781546028
3394.709000110626, 50441.7995245325, 63881.74781546028
3394.723000049591, 50441.7995245325, 63879.38637757914
3394.728000164032, 50441.7995245325, 63879.19690850382
3394.7460000514984, 50441.7995245325, 63879.19690850382
3394.7590000629425, 50441.7995245325, 63879.19690850382
3403.694999933243, 50441.7995245325, 63879.19690850382
3403.720999956131, 50441.7995245325, 63879.19690850382
3403.7400000095367, 50441.7995245325, 63879.19690850382
3412.088000059128, 50441.7995245325, 63879.19690850382
3412.1100001335144, 50441.7995245325, 63879.19690850382
3412.128000020981, 50441.7995245325, 63879.19690850382
3412.1419999599457, 50441.7995245325, 63879.19690850382
3412.1600000858307, 50441.7995245325, 63878.39047842489
3412.1760001182556, 50441.7995245325, 63878.39047842489
3412.1920001506805, 50441.7995245325, 63878.39047842489
3412.207999944687, 50441.7995245325, 63878.39047842489
3412.2160000801086, 50441.7995245325, 63878.39047842489
3412.2330000400543, 50441.7995245325, 63878.39047842489
3412.242000102997, 50441.7995245325, 63878.39047842489
3421.1930000782013, 50441.7995245325, 63878.39047842489
3421.2200000286102, 50441.7995245325, 63878.39047842489
3421.2409999370575, 50441.7995245325, 63878.39047842489
3421.2580001354218, 50441.7995245325, 63878.39047842489
3421.276000022888, 50441.7995245325, 63878.39047842489
3421.292999982834, 50441.7995245325, 63877.77427653587
3421.315999984741, 50441.7995245325, 63877.77427653587
3421.3310000896454, 50441.7995245325, 63877.77427653587
3421.348000049591, 50441.7995245325, 63877.77427653587
3421.364000082016, 50441.7995245325, 63877.77427653587
3421.380000114441, 50441.7995245325, 63877.77427653587
3421.3949999809265, 50441.7995245325, 63877.77427653587
3421.411999940872, 50441.7995245325, 63877.76551959283
3430.5329999923706, 50441.7995245325, 63877.76551959283
3430.5599999427795, 50441.7995245325, 63877.76551959283
3430.5759999752045, 50441.7995245325, 63877.76551959283
3430.5910000801086, 50441.7995245325, 63877.76551959283
3430.611000061035, 50441.7995245325, 63877.39471422252
3430.6159999370575, 50441.7995245325, 63876.62110296634
3440.263999938965, 50441.7995245325, 63876.62110296634
3440.2890000343323, 50441.7995245325, 63876.62110296634
3440.3099999427795, 50441.7995245325, 63876.62110296634
3440.3250000476837, 50441.7995245325, 63876.62110296634
3450.25, 50441.7995245325, 63876.23733339142
3450.2669999599457, 50441.7995245325, 63876.23733339142
3450.2910001277924, 50441.7995245325, 63876.23733339142
3450.309000015259, 50441.7995245325, 63876.19286279655
3450.322000026703, 50441.7995245325, 63876.19286279655
3450.3389999866486, 50441.7995245325, 63876.19286279655
3450.351000070572, 50441.7995245325, 63876.19286279655
3450.3550000190735, 50441.7995245325, 63876.19286279655
3459.7699999809265, 50441.7995245325, 63876.19286279655
3459.792999982834, 50441.7995245325, 63876.19286279655
3459.8150000572205, 50441.7995245325, 63876.19286279655
3459.840000152588, 50441.7995245325, 63874.747089875775
3459.8600001335144, 50441.7995245325, 63874.7200744578
3459.8700001239777, 50441.7995245325, 63874.7200744578
3459.87700009346, 50441.7995245325, 63874.7200744578
3468.733999967575, 50441.7995245325, 63874.29204929701
3468.7610001564026, 50441.7995245325, 63874.03827338028
3468.781000137329, 50441.7995245325, 63874.03827338028
3468.795000076294, 50441.7995245325, 63874.03827338028
3468.811000108719, 50441.7995245325, 63874.03827338028
3468.8250000476837, 50441.7995245325, 63873.75200401917
3480.0090000629425, 50441.7995245325, 63872.934911652475
3480.0299999713898, 50441.7995245325, 63872.934911652475
3480.0490000247955, 50441.7995245325, 63872.934911652475
3489.2580001354218, 50441.7995245325, 63872.934911652475
3489.2750000953674, 50441.7995245325, 63872.934911652475
3489.3010001182556, 50441.7995245325, 63872.80252764381
3489.319999933243, 50441.7995245325, 63872.68794013027
3489.338000059128, 50441.7995245325, 63872.68794013027
3489.3540000915527, 50441.7995245325, 63872.68794013027
3489.3600001335144, 50441.7995245325, 63872.68794013027
3489.37700009346, 50441.7995245325, 63872.68794013027
3489.3940000534058, 50441.7995245325, 63872.68794013027
3489.4110000133514, 50441.7995245325, 63872.68794013027
3499.215000152588, 50441.7995245325, 63872.615202873094
3499.239000082016, 50441.7995245325, 63872.615202873094
3499.255000114441, 50441.7995245325, 63872.615202873094
3499.2699999809265, 50441.7995245325, 63872.615202873094
3499.2880001068115, 50441.7995245325, 63872.615202873094
3499.3020000457764, 50441.7995245325, 63872.06665945155
3509.286999940872, 50441.7995245325, 63872.06665945155
3509.308000087738, 50441.7995245325, 63872.06665945155
3509.3289999961853, 50441.7995245325, 63872.06665945155
3509.348000049591, 50441.7995245325, 63872.06665945155
3509.367000102997, 50441.7995245325, 63872.06665945155
3509.3840000629425, 50441.7995245325, 63872.06665945155
3509.4000000953674, 50441.7995245325, 63872.06665945155
3518.9349999427795, 50441.7995245325, 63871.8285246211
3518.957000017166, 50441.7995245325, 63871.62483589078
3518.978000164032, 50441.7995245325, 63871.29369881325
3518.9990000724792, 50441.7995245325, 63871.29369881325
3519.0099999904633, 50441.7995245325, 63871.29369881325
3519.026000022888, 50441.7995245325, 63871.29369881325
3519.042000055313, 50441.7995245325, 63871.29369881325
3528.337000131607, 50441.7995245325, 63871.29369881325
3528.3680000305176, 50441.7995245325, 63871.29369881325
3528.3919999599457, 50441.7995245325, 63871.29369881325
3528.411999940872, 50441.7995245325, 63871.29369881325
3528.430000066757, 50441.7995245325, 63871.29369881325
3528.444999933243, 50441.7995245325, 63871.29369881325
3528.4560000896454, 50441.7995245325, 63871.29369881325
3528.473000049591, 50441.7995245325, 63871.29369881325
3528.4900000095367, 50441.7995245325, 63869.591407499116
3528.5069999694824, 50441.7995245325, 63869.591407499116
3528.523999929428, 50441.7995245325, 63869.591407499116
3528.5410001277924, 50441.7995245325, 63869.591407499116
3538.3129999637604, 50441.7995245325, 63869.591407499116
3538.3259999752045, 50441.7995245325, 63869.591407499116
3538.3389999866486, 50441.7995245325, 63869.591407499116
3538.3559999465942, 50441.7995245325, 63869.550789591805
3538.3760001659393, 50441.7995245325, 63868.566297724494
3538.3870000839233, 50441.7995245325, 63868.566297724494
3538.4000000953674, 50441.7995245325, 63868.566297724494
3538.401000022888, 50441.7995245325, 63868.566297724494
3547.5950000286102, 50441.7995245325, 63868.566297724494
3547.6189999580383, 50441.7995245325, 63868.566297724494
3547.6480000019073, 50441.7995245325, 63868.566297724494
3547.667999982834, 50441.7995245325, 63868.566297724494
3547.6870000362396, 50441.7995245325, 63868.566297724494
3547.7139999866486, 50441.7995245325, 63868.566297724494
3557.236999988556, 50441.7995245325, 63868.566297724494
3557.2560000419617, 50441.7995245325, 63868.566297724494
3557.2750000953674, 50441.7995245325, 63868.566297724494
3557.292000055313, 50441.7995245325, 63868.566297724494
3557.3070001602173, 50441.7995245325, 63868.566297724494
3557.324000120163, 50441.7995245325, 63868.566297724494
3557.340000152588, 50441.7995245325, 63868.566297724494
3557.3559999465942, 50441.7995245325, 63868.566297724494
3557.371999979019, 50441.7995245325, 63868.566297724494
3566.891000032425, 50441.7995245325, 63867.068978359
3566.919000148773, 50441.7995245325, 63867.068978359
3566.9379999637604, 50441.7995245325, 63867.068978359
3566.957999944687, 50441.7995245325, 63867.068978359
3566.973999977112, 50441.7995245325, 63867.068978359
3566.986999988556, 50441.7995245325, 63867.068978359
3566.9939999580383, 50441.7995245325, 63867.068978359
3567.0099999904633, 50441.7995245325, 63867.068978359
3567.026000022888, 50441.7995245325, 63867.068978359
3567.0410001277924, 50441.7995245325, 63867.068978359
3567.074000120163, 50441.7995245325, 63867.068978359
3576.6130001544952, 50441.7995245325, 63867.068978359
3576.6349999904633, 50441.7995245325, 63867.068978359
3576.6579999923706, 50441.7995245325, 63867.068978359
3576.673000097275, 50441.7995245325, 63867.068978359
3576.6870000362396, 50441.7995245325, 63867.068978359
3576.7039999961853, 50441.7995245325, 63867.068978359
3576.712000131607, 50441.7995245325, 63867.068978359
3576.733999967575, 50441.7995245325, 63867.068978359
3576.7580001354218, 50441.7995245325, 63867.068978359
3576.773999929428, 50441.7995245325, 63867.068978359
3576.789999961853, 50441.7995245325, 63867.068978359
3586.603000164032, 50441.7995245325, 63867.068978359
3586.6340000629425, 50441.7995245325, 63867.068978359
3586.651999950409, 50441.7995245325, 63867.068978359
3586.677999973297, 50441.7995245325, 63867.068978359
3586.6890001296997, 50441.7995245325, 63867.068978359
3586.7050001621246, 50441.7995245325, 63867.068978359
3596.348999977112, 50441.7995245325, 63867.068978359
3600.0250000953674, 50441.7995245325, 63867.068978359
3600.0520000457764, 50441.7995245325, 63867.068978359
3600.0810000896454, 50441.7995245325, 63867.068978359
3600.098999977112, 50441.7995245325, 63867.068978359
3600.117000102997, 50441.7995245325, 63867.068978359
3600.213000059128, 50441.79952453249, 63867.068978359
