0.0820000171661377, -1e+100, 158602.92227664863
0.1679999828338623, -1e+100, 85695.71471262767
1.2190001010894775, -1e+100, 66431.91649374874
2.4660000801086426, -1e+100, 66284.15639102441
3.5840001106262207, -1e+100, 60379.593998628654
10.064000129699707, -1e+100, 55642.350013459894
13.647000074386597, -1e+100, 54745.53561706119
14.09000015258789, -1e+100, 54269.02941566355
14.763000011444092, -1e+100, 54174.40755419387
15.08899998664856, -1e+100, 54174.40755419387
15.097000122070312, -1e+100, 54174.40755419387
15.52400016784668, -1e+100, 54174.40755419387
15.890000104904175, -1e+100, 54174.40755419387
16.901000022888184, -1e+100, 54174.40755419387
17.098000049591064, -1e+100, 54174.40755419387
17.302000045776367, -1e+100, 54174.40755419387
17.57100009918213, -1e+100, 54174.40755419387
17.884000062942505, -1e+100, 54174.40755419387
18.896000146865845, -1e+100, 54174.40755419387
19.200000047683716, -1e+100, 54174.40755419387
19.213000059127808, -1e+100, 54174.40755419387
19.73900008201599, -1e+100, 54174.40755419387
20.057000160217285, -1e+100, 54174.40755419387
21.042999982833862, -1e+100, 54174.40755419387
21.055999994277954, -1e+100, 54174.40755419387
21.06599998474121, -1e+100, 54174.40755419387
21.386000156402588, -1e+100, 54098.23795480832
22.028000116348267, -1e+100, 54098.23795480832
22.038000106811523, -1e+100, 54098.23795480832
22.40400004386902, -1e+100, 54098.23795480832
22.419000148773193, -1e+100, 54098.23795480832
22.800000190734863, -1e+100, 54098.23795480832
23.153000116348267, -1e+100, 54098.23795480832
23.653000116348267, -1e+100, 54098.23795480832
23.670000076293945, -1e+100, 54098.23795480832
23.67900013923645, -1e+100, 54098.23795480832
24.136000156402588, -1e+100, 54098.23795480832
24.153000116348267, -1e+100, 54098.23795480832
24.167999982833862, -1e+100, 54098.23795480832
24.564000129699707, -1e+100, 53767.791247729656
24.5770001411438, -1e+100, 53767.791247729656
24.59000015258789, -1e+100, 53767.791247729656
24.604000091552734, -1e+100, 53767.791247729656
25.042999982833862, -1e+100, 53767.791247729656
25.445000171661377, -1e+100, 53767.791247729656
25.45800018310547, -1e+100, 53758.01182876502
25.9060001373291, -1e+100, 53758.01182876502
25.917999982833862, -1e+100, 53758.01182876502
25.930000066757202, -1e+100, 53758.01182876502
25.944000005722046, -1e+100, 53758.01182876502
25.956000089645386, -1e+100, 53758.01182876502
26.389000177383423, -1e+100, 53758.01182876502
26.819000005722046, -1e+100, 53758.01182876502
26.831000089645386, -1e+100, 53758.01182876502
27.706000089645386, -1e+100, 53758.01182876502
27.725000143051147, -1e+100, 53758.01182876502
27.736999988555908, -1e+100, 53758.01182876502
28.225000143051147, -1e+100, 53758.01182876502
28.249000072479248, -1e+100, 53758.01182876502
28.265000104904175, -1e+100, 53758.01182876502
28.729000091552734, -1e+100, 53629.35820680143
28.74500012397766, -1e+100, 53629.35820680143
28.759000062942505, -1e+100, 53629.35820680143
28.77500009536743, -1e+100, 53629.35820680143
29.371999979019165, -1e+100, 53629.35820680143
29.388000011444092, -1e+100, 53629.35820680143
29.39900016784668, -1e+100, 53629.35820680143
29.41600012779236, -1e+100, 53629.35820680143
29.938000202178955, -1e+100, 53629.35820680143
29.953999996185303, -1e+100, 53629.35820680143
29.97100019454956, -1e+100, 53629.35820680143
30.460000038146973, -1e+100, 53629.35820680143
30.462000131607056, -1e+100, 53629.35820680143
30.98200011253357, -1e+100, 53629.35820680143
30.996999979019165, -1e+100, 53561.169211704306
31.003000020980835, -1e+100, 53561.169211704306
31.60700011253357, -1e+100, 53561.169211704306
31.621000051498413, -1e+100, 53561.169211704306
31.633000135421753, -1e+100, 53561.169211704306
31.644999980926514, -1e+100, 53561.169211704306
31.66200017929077, -1e+100, 53561.169211704306
32.24600005149841, -1e+100, 53561.169211704306
32.25999999046326, -1e+100, 53519.31716231097
32.27400016784668, -1e+100, 53519.31716231097
32.290000200271606, -1e+100, 53519.31716231097
32.91799998283386, -1e+100, 53519.31716231097
32.932000160217285, -1e+100, 53519.31716231097
32.94500017166138, -1e+100, 53519.31716231097
33.479000091552734, -1e+100, 53486.366398137856
33.49400019645691, -1e+100, 53486.366398137856
33.50699996948242, -1e+100, 53486.366398137856
33.52400016784668, -1e+100, 53486.366398137856
34.13199996948242, -1e+100, 53486.366398137856
34.14800000190735, -1e+100, 53486.366398137856
34.16300010681152, -1e+100, 53486.366398137856
34.848000049591064, -1e+100, 53486.366398137856
34.86500000953674, -1e+100, 53486.366398137856
35.509000062942505, -1e+100, 53486.366398137856
35.52400016784668, -1e+100, 53486.366398137856
35.55400013923645, -1e+100, 53486.366398137856
35.57800006866455, -1e+100, 53486.366398137856
36.230000019073486, -1e+100, 53486.366398137856
36.24500012397766, -1e+100, 53486.366398137856
36.254000186920166, -1e+100, 53486.366398137856
36.276000022888184, -1e+100, 53486.366398137856
36.28800010681152, -1e+100, 53486.366398137856
36.94099998474121, -1e+100, 53486.366398137856
36.95800018310547, -1e+100, 53486.366398137856
36.97200012207031, -1e+100, 53486.366398137856
36.985000133514404, -1e+100, 53486.366398137856
36.98900008201599, -1e+100, 53486.366398137856
37.00500011444092, -1e+100, 53486.366398137856
37.021000146865845, -1e+100, 53486.366398137856
37.69800019264221, -1e+100, 53486.366398137856
37.70300006866455, -1e+100, 53486.366398137856
37.72000002861023, -1e+100, 53486.366398137856
38.480000019073486, -1e+100, 53486.366398137856
38.49000000953674, -1e+100, 53486.366398137856
38.50200009346008, -1e+100, 53486.366398137856
38.51600003242493, -1e+100, 53486.366398137856
38.527000188827515, -1e+100, 53486.366398137856
38.54100012779236, -1e+100, 53486.366398137856
39.38300013542175, -1e+100, 53486.366398137856
39.40000009536743, -1e+100, 53486.366398137856
40.15499997138977, -1e+100, 53486.366398137856
40.17300009727478, -1e+100, 53457.61211309006
40.193000078201294, -1e+100, 53453.91941124969
40.21300005912781, -1e+100, 53453.91941124969
41.14800000190735, -1e+100, 53453.91941124969
41.157999992370605, -1e+100, 53453.91941124969
41.968000173568726, -1e+100, 53453.91941124969
41.98200011253357, -1e+100, 53453.91941124969
42.00800013542175, -1e+100, 53453.91941124969
42.79100012779236, -1e+100, 53453.91941124969
42.80900001525879, -1e+100, 53453.91941124969
42.82300019264221, -1e+100, 53453.91941124969
42.82300019264221, -1e+100, 53453.91941124969
42.84000015258789, -1e+100, 53387.6714736761
43.77800011634827, -1e+100, 53373.50687866979
43.789000034332275, -1e+100, 53373.50687866979
43.805999994277954, -1e+100, 53373.50687866979
43.81599998474121, -1e+100, 53373.50687866979
43.8270001411438, -1e+100, 53373.50687866979
44.72800016403198, -1e+100, 53373.50687866979
44.74500012397766, -1e+100, 53373.50687866979
45.91600012779236, -1e+100, 53373.50687866979
45.93500018119812, -1e+100, 53356.66434410581
45.943000078201294, -1e+100, 53356.66434410581
46.75600004196167, -1e+100, 53352.05981963674
46.7720000743866, -1e+100, 53352.05981963674
46.78600001335144, -1e+100, 53352.05981963674
46.7960000038147, -1e+100, 53352.05981963674
46.813000202178955, -1e+100, 53352.05981963674
47.88600015640259, -1e+100, 53352.05981963674
48.88100004196167, -1e+100, 53352.05981963674
48.896000146865845, -1e+100, 53352.05981963674
48.9060001373291, -1e+100, 53352.05981963674
48.92799997329712, -1e+100, 53352.05981963674
48.95900011062622, -1e+100, 53352.05981963674
50.06700015068054, -1e+100, 53352.05981963674
50.087000131607056, -1e+100, 53352.05981963674
50.11300015449524, -1e+100, 53342.31624237628
51.29800009727478, -1e+100, 53342.31624237628
51.32000017166138, -1e+100, 53342.31624237628
51.32000017166138, -1e+100, 53339.48649497963
51.336000204086304, -1e+100, 53339.48649497963
51.354000091552734, -1e+100, 53339.48649497963
51.36199998855591, -1e+100, 53339.48649497963
52.40300011634827, -1e+100, 53339.48649497963
52.41799998283386, -1e+100, 53339.48649497963
52.430999994277954, -1e+100, 53339.48649497963
52.444000005722046, -1e+100, 53339.48649497963
52.461000204086304, -1e+100, 53339.48649497963
53.71600008010864, -1e+100, 53339.48649497963
53.730000019073486, -1e+100, 53339.48649497963
53.74400019645691, -1e+100, 53339.48649497963
54.89100003242493, -1e+100, 53339.48649497963
54.90400004386902, -1e+100, 53339.48649497963
54.91900014877319, -1e+100, 53339.48649497963
54.932000160217285, -1e+100, 53339.48649497963
56.21300005912781, -1e+100, 53339.48649497963
56.22800016403198, -1e+100, 53339.48649497963
56.241000175476074, -1e+100, 53339.48649497963
56.25800013542175, -1e+100, 53339.48649497963
56.2720000743866, -1e+100, 53339.48649497963
57.58899998664856, -1e+100, 53339.48649497963
57.60600018501282, -1e+100, 53339.48649497963
57.61400008201599, -1e+100, 53292.40824211797
57.63100004196167, -1e+100, 53292.40824211797
57.646000146865845, -1e+100, 53292.40824211797
57.65700006484985, -1e+100, 53292.40824211797
59.13900017738342, -1e+100, 53279.85398356481
59.152000188827515, -1e+100, 53279.85398356481
59.16799998283386, -1e+100, 53279.85398356481
59.182000160217285, -1e+100, 53279.85398356481
59.19600009918213, -1e+100, 53279.85398356481
60.71000003814697, -1e+100, 53279.85398356481
60.718000173568726, -1e+100, 53279.85398356481
60.73400020599365, -1e+100, 53279.85398356481
60.754000186920166, -1e+100, 53260.85860978392
60.769999980926514, -1e+100, 53260.85860978392
62.652000188827515, -1e+100, 53260.85860978392
62.65499997138977, -1e+100, 53260.85860978392
62.67200016975403, -1e+100, 53260.85860978392
62.687000036239624, -1e+100, 53249.27071017756
64.64600014686584, -1e+100, 53249.27071017756
64.66300010681152, -1e+100, 53249.27071017756
64.66300010681152, -1e+100, 53249.27071017756
64.67900013923645, -1e+100, 53246.40302108911
64.70900011062622, -1e+100, 53246.40302108911
64.71300005912781, -1e+100, 53246.40302108911
64.73000001907349, -1e+100, 53246.40302108911
66.84700012207031, -1e+100, 53246.40302108911
66.86700010299683, -1e+100, 53246.40302108911
66.88800001144409, -1e+100, 53246.40302108911
66.90100002288818, -1e+100, 53246.40302108911
66.92000007629395, -1e+100, 53246.40302108911
66.9300000667572, -1e+100, 53246.40302108911
66.94200015068054, -1e+100, 53246.40302108911
68.91300010681152, -1e+100, 53246.40302108911
68.92600011825562, -1e+100, 53246.40302108911
68.9430000782013, -1e+100, 53246.40302108911
68.95800018310547, -1e+100, 53246.40302108911
68.98200011253357, -1e+100, 53246.40302108911
68.99699997901917, -1e+100, 53246.40302108911
71.00500011444092, -1e+100, 53246.40302108911
71.0310001373291, -1e+100, 53246.40302108911
71.04800009727478, -1e+100, 53246.40302108911
71.07000017166138, -1e+100, 53246.40302108911
71.1010000705719, -1e+100, 53246.40302108911
71.12700009346008, -1e+100, 53214.108901829546
73.17300009727478, -1e+100, 53214.108901829546
73.19099998474121, -1e+100, 53214.108901829546
73.20300006866455, -1e+100, 53214.108901829546
73.21800017356873, -1e+100, 53214.108901829546
73.2350001335144, -1e+100, 53214.108901829546
73.25200009346008, -1e+100, 53214.108901829546
73.26400017738342, -1e+100, 53214.108901829546
73.27900004386902, -1e+100, 53214.108901829546
73.30700016021729, -1e+100, 53214.108901829546
73.33100008964539, -1e+100, 53214.108901829546
75.36700010299683, -1e+100, 53202.18560933951
75.38100004196167, -1e+100, 53202.18560933951
75.4060001373291, -1e+100, 53202.18560933951
75.42600011825562, -1e+100, 53199.739413565614
75.44700002670288, -1e+100, 53199.739413565614
75.47300004959106, -1e+100, 53199.739413565614
77.62900018692017, -1e+100, 53199.739413565614
77.64200019836426, -1e+100, 53199.739413565614
77.65900015830994, -1e+100, 53199.739413565614
77.67400002479553, -1e+100, 53199.739413565614
77.6930000782013, -1e+100, 53199.739413565614
77.71000003814697, -1e+100, 53174.381337329156
79.9150002002716, -1e+100, 53174.381337329156
79.9300000667572, -1e+100, 53174.381337329156
79.94600009918213, -1e+100, 53174.381337329156
79.96200013160706, -1e+100, 53174.381337329156
79.97800016403198, -1e+100, 53174.381337329156
79.99400019645691, -1e+100, 53174.381337329156
80.02800011634827, -1e+100, 53172.75764846713
82.52100014686584, -1e+100, 53172.75764846713
82.54700016975403, -1e+100, 53172.75764846713
82.5680000782013, -1e+100, 53172.75764846713
82.5680000782013, -1e+100, 53172.75764846713
82.60000014305115, -1e+100, 53172.75764846713
82.61700010299683, -1e+100, 53172.75764846713
84.86900019645691, -1e+100, 53172.75764846713
84.88499999046326, -1e+100, 53172.75764846713
84.90100002288818, -1e+100, 53172.75764846713
84.91700005531311, -1e+100, 53148.897926793215
84.93300008773804, -1e+100, 53148.897926793215
84.96600008010864, -1e+100, 53148.897926793215
87.20700001716614, -1e+100, 53148.897926793215
87.22300004959106, -1e+100, 53148.897926793215
87.24400019645691, -1e+100, 53148.897926793215
87.25999999046326, -1e+100, 53148.897926793215
87.27400016784668, -1e+100, 53148.897926793215
87.28800010681152, -1e+100, 53148.897926793215
87.31000018119812, -1e+100, 53148.897926793215
87.3270001411438, -1e+100, 53148.897926793215
89.70600008964539, -1e+100, 53148.897926793215
89.72300004959106, -1e+100, 53148.897926793215
89.72300004959106, -1e+100, 53148.897926793215
89.73800015449524, -1e+100, 53148.897926793215
89.75400018692017, -1e+100, 53148.897926793215
89.76999998092651, -1e+100, 53148.897926793215
89.8050000667572, -1e+100, 53148.897926793215
89.82000017166138, -1e+100, 53148.897926793215
89.83500003814697, -1e+100, 53148.897926793215
89.86700010299683, -1e+100, 53148.897926793215
89.91400003433228, -1e+100, 53136.49471013506
91.94400000572205, -1e+100, 53136.49471013506
91.9610002040863, -1e+100, 53136.49471013506
91.97300004959106, -1e+100, 53136.49471013506
91.98800015449524, -1e+100, 53136.49471013506
92.00300002098083, -1e+100, 53136.49471013506
92.02300000190735, -1e+100, 53136.49471013506
92.0310001373291, -1e+100, 53136.49471013506
94.81500005722046, -1e+100, 53136.49471013506
94.83200001716614, -1e+100, 53136.49471013506
94.84600019454956, -1e+100, 53136.49471013506
94.85800004005432, -1e+100, 53136.49471013506
94.87199997901917, -1e+100, 53136.49471013506
94.89100003242493, -1e+100, 53136.49471013506
94.9060001373291, -1e+100, 53136.49471013506
97.16200017929077, -1e+100, 53111.50746075822
97.19000005722046, -1e+100, 53111.50746075822
97.20500016212463, -1e+100, 53111.50746075822
97.22399997711182, -1e+100, 53111.50746075822
97.25, -1e+100, 53111.50746075822
99.39200019836426, -1e+100, 53111.50746075822
99.40300011634827, -1e+100, 53111.50746075822
99.41600012779236, -1e+100, 53111.50746075822
99.4390001296997, -1e+100, 53109.21963815825
99.4539999961853, -1e+100, 53109.21963815825
99.47800016403198, -1e+100, 53109.21963815825
101.85300016403198, -1e+100, 53109.21963815825
101.86800003051758, -1e+100, 53109.21963815825
101.8840000629425, -1e+100, 53109.21963815825
101.89800000190735, -1e+100, 53098.75926903202
101.9390001296997, -1e+100, 53098.75926903202
104.7260000705719, -1e+100, 53098.75926903202
104.73699998855591, -1e+100, 53098.75926903202
104.75300002098083, -1e+100, 53092.47022029413
104.75300002098083, -1e+100, 53092.456950686865
104.76999998092651, -1e+100, 53092.456950686865
107.12900018692017, -1e+100, 53092.456950686865
107.15200018882751, -1e+100, 53092.456950686865
107.1650002002716, -1e+100, 53092.456950686865
107.20000004768372, -1e+100, 53089.6535525741
107.2170000076294, -1e+100, 53089.25434231242
107.21900010108948, -1e+100, 53089.25434231242
109.39900016784668, -1e+100, 53089.25434231242
109.41300010681152, -1e+100, 53089.25434231242
109.42700004577637, -1e+100, 53089.25434231242
109.44099998474121, -1e+100, 53089.25434231242
109.45500016212463, -1e+100, 53089.25434231242
109.47200012207031, -1e+100, 53089.25434231242
109.49500012397766, -1e+100, 53089.25434231242
109.51500010490417, -1e+100, 53089.25434231242
109.52700018882751, -1e+100, 53089.25434231242
112.55900001525879, -1e+100, 53089.25434231242
112.57400012016296, -1e+100, 53082.62946972544
112.58700013160706, -1e+100, 53077.097842239134
112.59800004959106, -1e+100, 53077.097842239134
112.61100006103516, -1e+100, 53077.097842239134
112.6340000629425, -1e+100, 53077.097842239134
114.85600018501282, -1e+100, 53077.097842239134
114.8730001449585, -1e+100, 53077.097842239134
114.89000010490417, -1e+100, 53077.097842239134
114.90200018882751, -1e+100, 53077.097842239134
114.91799998283386, -1e+100, 53077.097842239134
114.93800020217896, -1e+100, 53077.097842239134
114.95600008964539, -1e+100, 53077.097842239134
114.97500014305115, -1e+100, 53077.097842239134
114.98800015449524, -1e+100, 53077.097842239134
117.20600008964539, -1e+100, 53077.097842239134
117.23000001907349, -1e+100, 53077.097842239134
117.24500012397766, -1e+100, 53077.097842239134
117.25999999046326, -1e+100, 53077.097842239134
117.27400016784668, -1e+100, 53077.097842239134
117.29299998283386, -1e+100, 53075.644104171246
117.32200002670288, -1e+100, 53075.644104171246
120.47000002861023, -1e+100, 53075.644104171246
120.49100017547607, -1e+100, 53075.644104171246
120.51100015640259, -1e+100, 53075.644104171246
122.70000004768372, -1e+100, 53075.644104171246
122.71000003814697, -1e+100, 53075.644104171246
122.73200011253357, -1e+100, 53051.45717564616
122.75, -1e+100, 53051.45717564616
122.76200008392334, -1e+100, 53044.00148031363
122.77500009536743, -1e+100, 53044.00148031363
122.7900002002716, -1e+100, 53044.00148031363
122.80100011825562, -1e+100, 53040.85819373859
125.33700013160706, -1e+100, 53040.50516989013
125.35199999809265, -1e+100, 53040.50516989013
125.36900019645691, -1e+100, 53040.50516989013
125.38300013542175, -1e+100, 53040.50516989013
125.40100002288818, -1e+100, 53040.50516989013
128.00800013542175, -1e+100, 53040.50516989013
128.0329999923706, -1e+100, 53040.50516989013
128.05400013923645, -1e+100, 53040.50516989013
128.07100009918213, -1e+100, 53040.50516989013
128.09300017356873, -1e+100, 53040.50516989013
128.11700010299683, -1e+100, 53040.50516989013
130.6340000629425, -1e+100, 53040.50516989013
130.65200018882751, -1e+100, 53040.50516989013
130.67200016975403, -1e+100, 53040.50516989013
130.6840000152588, -1e+100, 53037.654452841445
130.6980001926422, -1e+100, 53037.654452841445
130.7110002040863, -1e+100, 53037.654452841445
133.58700013160706, -1e+100, 53037.654452841445
133.60199999809265, -1e+100, 53037.654452841445
133.62800002098083, -1e+100, 53033.807765842685
133.65000009536743, -1e+100, 53033.807765842685
133.67400002479553, -1e+100, 53033.807765842685
136.11600017547607, -1e+100, 53033.807765842685
136.13300013542175, -1e+100, 53033.807765842685
136.15000009536743, -1e+100, 53033.807765842685
136.16799998283386, -1e+100, 53033.807765842685
136.18200016021729, -1e+100, 53033.807765842685
136.19900012016296, -1e+100, 53033.807765842685
136.21000003814697, -1e+100, 53033.807765842685
136.2150001525879, -1e+100, 53033.807765842685
138.77100014686584, -1e+100, 53033.807765842685
138.78200006484985, -1e+100, 53033.807765842685
138.7940001487732, -1e+100, 53033.807765842685
138.8159999847412, -1e+100, 53033.807765842685
138.83100008964539, -1e+100, 53033.807765842685
138.83899998664856, -1e+100, 53033.807765842685
138.8710000514984, -1e+100, 53033.807765842685
138.8880000114441, -1e+100, 53033.807765842685
138.9060001373291, -1e+100, 53033.807765842685
138.92300009727478, -1e+100, 53033.807765842685
141.40700006484985, -1e+100, 53016.468800919516
141.42300009727478, -1e+100, 53016.468800919516
141.43700003623962, -1e+100, 53016.21696988703
141.45000004768372, -1e+100, 53016.21696988703
141.4630000591278, -1e+100, 53015.93643956103
141.47699999809265, -1e+100, 53015.93643956103
141.49300003051758, -1e+100, 53015.93643956103
141.50999999046326, -1e+100, 53014.65780177212
141.52600002288818, -1e+100, 53014.65780177212
141.54299998283386, -1e+100, 53014.65780177212
141.56000018119812, -1e+100, 53009.29396488004
141.5770001411438, -1e+100, 53009.29396488004
144.125, -1e+100, 53009.29396488004
144.14200019836426, -1e+100, 53009.29396488004
144.16600012779236, -1e+100, 53009.29396488004
144.18800020217896, -1e+100, 53009.29396488004
144.20000004768372, -1e+100, 53009.29396488004
144.20900011062622, -1e+100, 53009.29396488004
144.23200011253357, -1e+100, 53009.29396488004
144.24500012397766, -1e+100, 53009.29396488004
146.58899998664856, -1e+100, 53009.29396488004
146.60400009155273, -1e+100, 53009.29396488004
146.6230001449585, -1e+100, 52996.3510181674
146.63700008392334, -1e+100, 52996.3510181674
146.65300011634827, -1e+100, 52996.3510181674
146.67500019073486, -1e+100, 52996.3510181674
146.6840000152588, -1e+100, 52996.3510181674
149.2350001335144, -1e+100, 52996.3510181674
149.25300002098083, -1e+100, 52996.3510181674
149.27400016784668, -1e+100, 52988.308137001535
149.2960000038147, -1e+100, 52988.308137001535
149.3159999847412, -1e+100, 52988.308137001535
149.3420000076294, -1e+100, 52988.308137001535
151.81000018119812, -1e+100, 52988.308137001535
151.83000016212463, -1e+100, 52988.308137001535
151.84300017356873, -1e+100, 52988.308137001535
151.85700011253357, -1e+100, 52988.308137001535
151.87400007247925, -1e+100, 52988.308137001535
151.88700008392334, -1e+100, 52982.6394458793
151.91400003433228, -1e+100, 52982.42569080817
154.30299997329712, -1e+100, 52981.56466650844
154.31200003623962, -1e+100, 52980.71483777497
154.3270001411438, -1e+100, 52980.71483777497
154.34300017356873, -1e+100, 52980.71483777497
154.35400009155273, -1e+100, 52980.71483777497
154.375, -1e+100, 52980.71483777497
157.08500003814697, -1e+100, 52980.71483777497
157.10199999809265, -1e+100, 52980.71483777497
157.11500000953674, -1e+100, 52980.71483777497
157.14100003242493, -1e+100, 52980.71483777497
157.17600011825562, -1e+100, 52980.71483777497
159.35199999809265, -1e+100, 52980.71483777497
159.36500000953674, -1e+100, 52980.71483777497
159.37900018692017, -1e+100, 52980.71483777497
159.39100003242493, -1e+100, 52980.71483777497
159.40200018882751, -1e+100, 52980.71483777497
159.4170000553131, -1e+100, 52980.71483777497
159.4340000152588, -1e+100, 52980.71483777497
159.45000004768372, -1e+100, 52980.71483777497
159.4520001411438, -1e+100, 52980.71483777497
161.93600010871887, -1e+100, 52980.71483777497
161.95000004768372, -1e+100, 52980.71483777497
161.96900010108948, -1e+100, 52980.71483777497
161.99000000953674, -1e+100, 52980.71483777497
162.00999999046326, -1e+100, 52980.71483777497
162.0199999809265, -1e+100, 52980.71483777497
162.0460000038147, -1e+100, 52980.71483777497
162.07800006866455, -1e+100, 52978.25480561431
164.62700009346008, -1e+100, 52978.25480561431
164.66100001335144, -1e+100, 52978.25480561431
164.67799997329712, -1e+100, 52974.52557534546
164.6909999847412, -1e+100, 52974.52557534546
164.70700001716614, -1e+100, 52974.52557534546
164.71200013160706, -1e+100, 52974.52557534546
164.73800015449524, -1e+100, 52974.52557534546
167.25800013542175, -1e+100, 52974.52557534546
167.27400016784668, -1e+100, 52974.52557534546
167.29100012779236, -1e+100, 52974.52557534546
167.30700016021729, -1e+100, 52974.52557534546
167.33400011062622, -1e+100, 52960.85407933143
167.34899997711182, -1e+100, 52960.85407933143
167.3619999885559, -1e+100, 52960.85407933143
169.74100017547607, -1e+100, 52960.85407933143
169.75400018692017, -1e+100, 52960.85407933143
169.76700019836426, -1e+100, 52960.85407933143
169.77700018882751, -1e+100, 52960.85407933143
169.79299998283386, -1e+100, 52960.85407933143
169.8090000152588, -1e+100, 52960.85407933143
172.3400001525879, -1e+100, 52960.85407933143
172.35400009155273, -1e+100, 52957.805927455076
172.37400007247925, -1e+100, 52957.805927455076
172.39100003242493, -1e+100, 52956.303765146666
172.4079999923706, -1e+100, 52956.303765146666
172.4300000667572, -1e+100, 52956.303765146666
172.4409999847412, -1e+100, 52956.303765146666
172.47000002861023, -1e+100, 52956.303765146666
172.48800015449524, -1e+100, 52956.303765146666
174.9800000190735, -1e+100, 52949.563420924074
174.99699997901917, -1e+100, 52949.563420924074
175.01400017738342, -1e+100, 52949.563420924074
175.0329999923706, -1e+100, 52949.563420924074
175.05000019073486, -1e+100, 52949.563420924074
177.35700011253357, -1e+100, 52949.563420924074
177.37600016593933, -1e+100, 52949.563420924074
177.39800000190735, -1e+100, 52949.563420924074
177.4190001487732, -1e+100, 52949.563420924074
177.43800020217896, -1e+100, 52949.563420924074
177.46000003814697, -1e+100, 52949.563420924074
177.48100018501282, -1e+100, 52949.563420924074
179.8090000152588, -1e+100, 52949.563420924074
179.82200002670288, -1e+100, 52949.563420924074
179.83700013160706, -1e+100, 52949.563420924074
179.84800004959106, -1e+100, 52949.563420924074
179.864000082016, -1e+100, 52949.563420924074
179.87600016593933, -1e+100, 52949.563420924074
179.89100003242493, -1e+100, 52949.563420924074
179.9079999923706, -1e+100, 52949.563420924074
179.92200016975403, -1e+100, 52949.563420924074
182.56500005722046, -1e+100, 52949.563420924074
182.5880000591278, -1e+100, 52927.12920652206
182.62700009346008, -1e+100, 52926.52538145725
182.6579999923706, -1e+100, 52926.52538145725
182.67000007629395, -1e+100, 52926.52538145725
185.48400020599365, -1e+100, 52926.52538145725
185.49200010299683, -1e+100, 52926.52538145725
185.5110001564026, -1e+100, 52926.52538145725
185.53600001335144, -1e+100, 52926.52538145725
185.54900002479553, -1e+100, 52926.52538145725
189.06000018119812, -1e+100, 52926.52538145725
189.07599997520447, -1e+100, 52926.52538145725
189.08700013160706, -1e+100, 52924.39030681705
189.09899997711182, -1e+100, 52924.39030681705
189.1119999885559, -1e+100, 52924.39030681705
191.57000017166138, -1e+100, 52924.39030681705
191.58700013160706, -1e+100, 52924.39030681705
191.60400009155273, -1e+100, 52924.39030681705
191.62700009346008, -1e+100, 52924.39030681705
191.6470000743866, -1e+100, 52923.67133082157
191.65900015830994, -1e+100, 52923.67133082157
191.67900013923645, -1e+100, 52923.67133082157
194.3470001220703, -1e+100, 52923.67133082157
194.3619999885559, -1e+100, 52923.67133082157
194.37700009346008, -1e+100, 52923.67133082157
194.38700008392334, -1e+100, 52923.67133082157
194.39400005340576, -1e+100, 52923.67133082157
194.42000007629395, -1e+100, 52923.25518414006
194.44200015068054, -1e+100, 52923.25518414006
196.75100016593933, -1e+100, 52923.25518414006
196.76600003242493, -1e+100, 52923.25518414006
196.7810001373291, -1e+100, 52923.25518414006
196.79700016975403, -1e+100, 52923.25518414006
200.3880000114441, -1e+100, 52923.25518414006
200.40200018882751, -1e+100, 52923.25518414006
200.41600012779236, -1e+100, 52923.25518414006
203.03800010681152, -1e+100, 52923.25518414006
205.72399997711182, -1e+100, 52923.25518414006
205.74100017547607, -1e+100, 52923.25518414006
205.7590000629425, -1e+100, 52923.25518414006
205.77500009536743, -1e+100, 52923.25518414006
205.7920000553131, -1e+100, 52923.25518414006
205.80400013923645, -1e+100, 52923.25518414006
205.8180000782013, -1e+100, 52923.25518414006
205.83500003814697, -1e+100, 52923.25518414006
205.85300016403198, -1e+100, 52923.25518414006
205.8690001964569, -1e+100, 52923.25518414006
208.47100019454956, -1e+100, 52908.44593270708
208.48300004005432, -1e+100, 52908.44593270708
208.4960000514984, -1e+100, 52908.44593270708
208.5090000629425, -1e+100, 52908.44593270708
208.52999997138977, -1e+100, 52907.94760468671
208.54700016975403, -1e+100, 52907.94760468671
208.55800008773804, -1e+100, 52907.94760468671
208.58200001716614, -1e+100, 52907.94760468671
211.85900020599365, -1e+100, 52905.46590926212
211.8730001449585, -1e+100, 52905.46590926212
211.8840000629425, -1e+100, 52905.46590926212
211.89600014686584, -1e+100, 52905.46590926212
211.91300010681152, -1e+100, 52905.46590926212
214.60900020599365, -1e+100, 52905.46590926212
214.60900020599365, -1e+100, 52905.46590926212
214.62600016593933, -1e+100, 52905.46590926212
214.643000125885, -1e+100, 52905.46590926212
214.65499997138977, -1e+100, 52905.46590926212
214.67700004577637, -1e+100, 52905.46590926212
214.69400000572205, -1e+100, 52905.46590926212
217.3400001525879, -1e+100, 52905.46590926212
217.35300016403198, -1e+100, 52905.46590926212
217.36800003051758, -1e+100, 52905.46590926212
217.38300013542175, -1e+100, 52905.46590926212
217.39600014686584, -1e+100, 52905.46590926212
217.4100000858307, -1e+100, 52905.46590926212
217.4210000038147, -1e+100, 52905.46590926212
217.43500018119812, -1e+100, 52903.40932944895
217.44200015068054, -1e+100, 52903.40932944895
217.45900011062622, -1e+100, 52903.40932944895
217.47300004959106, -1e+100, 52903.40932944895
217.4760000705719, -1e+100, 52903.40932944895
217.49300003051758, -1e+100, 52903.40932944895
217.50999999046326, -1e+100, 52903.40932944895
217.52700018882751, -1e+100, 52903.40932944895
220.14800000190735, -1e+100, 52903.40932944895
220.16400003433228, -1e+100, 52903.40932944895
220.17799997329712, -1e+100, 52903.40932944895
220.18800020217896, -1e+100, 52903.40932944895
220.19900012016296, -1e+100, 52903.40932944895
220.20800018310547, -1e+100, 52903.40932944895
220.21900010108948, -1e+100, 52903.40932944895
220.2260000705719, -1e+100, 52902.61278393165
220.24100017547607, -1e+100, 52900.98212103938
223.03600001335144, -1e+100, 52900.14315202637
223.05000019073486, -1e+100, 52900.14315202637
223.06100010871887, -1e+100, 52900.14315202637
223.07200002670288, -1e+100, 52900.14315202637
223.08400011062622, -1e+100, 52900.14315202637
223.1010000705719, -1e+100, 52900.14315202637
226.33700013160706, -1e+100, 52900.14315202637
226.36100006103516, -1e+100, 52897.87889299767
226.37600016593933, -1e+100, 52897.87889299767
226.39600014686584, -1e+100, 52897.87889299767
229.26700019836426, -1e+100, 52897.87889299767
229.28200006484985, -1e+100, 52897.87889299767
229.28200006484985, -1e+100, 52897.87889299767
229.29900002479553, -1e+100, 52897.87889299767
229.33000016212463, -1e+100, 52894.29950173808
229.33200001716614, -1e+100, 52894.29950173808
229.35000014305115, -1e+100, 52894.29950173808
229.36600017547607, -1e+100, 52894.29950173808
232.23800015449524, -1e+100, 52894.29950173808
232.25699996948242, -1e+100, 52894.29950173808
232.27300000190735, -1e+100, 52893.53318097406
232.2850000858307, -1e+100, 52893.53318097406
232.29500007629395, -1e+100, 52893.53318097406
232.30700016021729, -1e+100, 52893.53318097406
232.31700015068054, -1e+100, 52893.53318097406
232.3289999961853, -1e+100, 52893.53318097406
232.3470001220703, -1e+100, 52893.53318097406
235.09300017356873, -1e+100, 52893.53318097406
235.1119999885559, -1e+100, 52893.53318097406
235.13000011444092, -1e+100, 52893.53318097406
235.14800000190735, -1e+100, 52893.53318097406
235.16799998283386, -1e+100, 52893.53318097406
237.94700002670288, -1e+100, 52893.53318097406
237.9630000591278, -1e+100, 52893.53318097406
237.97699999809265, -1e+100, 52893.53318097406
237.989000082016, -1e+100, 52893.53318097406
237.99699997901917, -1e+100, 52893.53318097406
240.95000004768372, -1e+100, 52893.53318097406
240.96600008010864, -1e+100, 52893.53318097406
240.9760000705719, -1e+100, 52882.89713273429
241.00600004196167, -1e+100, 52882.89713273429
241.0199999809265, -1e+100, 52882.89713273429
243.91799998283386, -1e+100, 52882.89713273429
243.9300000667572, -1e+100, 52882.89713273429
243.93500018119812, -1e+100, 52882.89713273429
243.9520001411438, -1e+100, 52882.89713273429
243.96200013160706, -1e+100, 52882.89713273429
243.96900010108948, -1e+100, 52882.89713273429
243.9940001964569, -1e+100, 52873.952796506266
244.0090000629425, -1e+100, 52873.952796506266
246.68500018119812, -1e+100, 52873.952796506266
246.70600008964539, -1e+100, 52871.582701635656
246.72300004959106, -1e+100, 52871.582701635656
246.73600006103516, -1e+100, 52871.582701635656
246.74900007247925, -1e+100, 52871.582701635656
246.7630000114441, -1e+100, 52871.582701635656
249.44200015068054, -1e+100, 52871.582701635656
249.4539999961853, -1e+100, 52871.582701635656
249.46200013160706, -1e+100, 52871.582701635656
249.4800000190735, -1e+100, 52871.582701635656
249.49300003051758, -1e+100, 52865.98372554935
252.48800015449524, -1e+100, 52865.98372554935
252.51600003242493, -1e+100, 52865.98372554935
252.5310001373291, -1e+100, 52865.98372554935
255.28600001335144, -1e+100, 52865.98372554935
255.30299997329712, -1e+100, 52865.98372554935
255.31900000572205, -1e+100, 52855.29090971042
255.3360002040863, -1e+100, 52855.29090971042
255.3510000705719, -1e+100, 52855.29090971042
258.4590001106262, -1e+100, 52855.29090971042
258.47100019454956, -1e+100, 52855.29090971042
258.489000082016, -1e+100, 52855.29090971042
258.50100016593933, -1e+100, 52855.29090971042
258.51700019836426, -1e+100, 52855.29090971042
258.53200006484985, -1e+100, 52855.29090971042
258.53400015830994, -1e+100, 52855.29090971042
261.37600016593933, -1e+100, 52855.29090971042
261.3949999809265, -1e+100, 52855.29090971042
261.40900015830994, -1e+100, 52855.29090971042
261.4210000038147, -1e+100, 52855.29090971042
261.43300008773804, -1e+100, 52855.29090971042
261.45700001716614, -1e+100, 52855.29090971042
261.4760000705719, -1e+100, 52855.29090971042
261.4980001449585, -1e+100, 52855.29090971042
261.52300000190735, -1e+100, 52855.29090971042
261.53200006484985, -1e+100, 52855.29090971042
264.4390001296997, -1e+100, 52855.29090971042
264.45500016212463, -1e+100, 52855.29090971042
264.478000164032, -1e+100, 52855.29090971042
264.4910001754761, -1e+100, 52855.29090971042
264.5020000934601, -1e+100, 52855.29090971042
264.51200008392334, -1e+100, 52855.29090971042
264.52300000190735, -1e+100, 52855.29090971042
264.5380001068115, -1e+100, 52855.29090971042
264.5550000667572, -1e+100, 52855.29090971042
264.58300018310547, -1e+100, 52845.73443520241
264.6060001850128, -1e+100, 52845.73443520241
267.4010000228882, -1e+100, 52845.73443520241
267.41799998283386, -1e+100, 52845.73443520241
267.43800020217896, -1e+100, 52845.73443520241
267.45300006866455, -1e+100, 52845.73443520241
267.47100019454956, -1e+100, 52845.73443520241
267.4940001964569, -1e+100, 52845.73443520241
267.50300002098083, -1e+100, 52845.73443520241
270.07100009918213, -1e+100, 52845.73443520241
270.09100008010864, -1e+100, 52845.73443520241
270.10400009155273, -1e+100, 52845.73443520241
270.125, -1e+100, 52845.73443520241
273.0440001487732, -1e+100, 52841.95685270341
273.04500007629395, -1e+100, 52841.95685270341
273.0610001087189, -1e+100, 52841.95685270341
273.07800006866455, -1e+100, 52841.95685270341
273.09500002861023, -1e+100, 52841.95685270341
273.11100006103516, -1e+100, 52841.95685270341
275.9850001335144, -1e+100, 52841.586011680934
276.0050001144409, -1e+100, 52841.586011680934
276.0199999809265, -1e+100, 52841.586011680934
276.04500007629395, -1e+100, 52841.586011680934
276.05800008773804, -1e+100, 52841.586011680934
276.0700001716614, -1e+100, 52841.586011680934
279.0920000076294, -1e+100, 52841.586011680934
279.1080000400543, -1e+100, 52841.586011680934
279.10900020599365, -1e+100, 52841.586011680934
279.1230001449585, -1e+100, 52841.586011680934
279.1410000324249, -1e+100, 52841.586011680934
279.1560001373291, -1e+100, 52841.586011680934
279.17400002479553, -1e+100, 52841.586011680934
279.1870000362396, -1e+100, 52841.586011680934
279.1909999847412, -1e+100, 52841.586011680934
279.20800018310547, -1e+100, 52841.586011680934
279.2190001010895, -1e+100, 52841.586011680934
279.22500014305115, -1e+100, 52841.586011680934
279.25100016593933, -1e+100, 52834.65102588763
281.8860001564026, -1e+100, 52834.65102588763
281.91799998283386, -1e+100, 52834.65102588763
281.95099997520447, -1e+100, 52825.17274660899
281.98400020599365, -1e+100, 52825.17274660899
284.9539999961853, -1e+100, 52825.17274660899
284.9650001525879, -1e+100, 52825.17274660899
284.97100019454956, -1e+100, 52825.17274660899
284.98800015449524, -1e+100, 52825.17274660899
285.00300002098083, -1e+100, 52825.17274660899
285.018000125885, -1e+100, 52823.7327977573
287.75999999046326, -1e+100, 52823.7327977573
287.779000043869, -1e+100, 52823.7327977573
287.79299998283386, -1e+100, 52823.7327977573
287.80400013923645, -1e+100, 52821.00623692702
287.8159999847412, -1e+100, 52821.00623692702
287.8340001106262, -1e+100, 52821.00623692702
287.8510000705719, -1e+100, 52821.00623692702
287.8660001754761, -1e+100, 52821.00623692702
287.8840000629425, -1e+100, 52821.00623692702
290.7810001373291, -1e+100, 52821.00623692702
290.8010001182556, -1e+100, 52818.24970269499
293.39800000190735, -1e+100, 52817.0349256993
293.4130001068115, -1e+100, 52817.0349256993
293.42500019073486, -1e+100, 52817.0349256993
293.42900013923645, -1e+100, 52817.0349256993
296.41200017929077, -1e+100, 52815.88479595802
296.43099999427795, -1e+100, 52815.88479595802
296.44400000572205, -1e+100, 52814.32168111546
296.45500016212463, -1e+100, 52814.32168111546
296.47100019454956, -1e+100, 52814.32168111546
296.4940001964569, -1e+100, 52814.32168111546
296.52300000190735, -1e+100, 52814.32168111546
299.74500012397766, -1e+100, 52814.32168111546
299.7610001564026, -1e+100, 52814.32168111546
299.77800011634827, -1e+100, 52814.32168111546
299.79299998283386, -1e+100, 52810.660024239245
299.8159999847412, -1e+100, 52808.11704470802
299.82800006866455, -1e+100, 52808.11704470802
302.6950001716614, -1e+100, 52808.11704470802
302.71399998664856, -1e+100, 52808.11704470802
302.73400020599365, -1e+100, 52808.11704470802
302.7480001449585, -1e+100, 52808.11704470802
302.7640001773834, -1e+100, 52808.11704470802
302.7770001888275, -1e+100, 52806.90093119665
302.7890000343323, -1e+100, 52806.90093119665
302.80599999427795, -1e+100, 52806.90093119665
305.74000000953674, -1e+100, 52802.89586995903
305.76200008392334, -1e+100, 52802.89586995903
305.78200006484985, -1e+100, 52802.89586995903
305.79900002479553, -1e+100, 52802.89586995903
305.82100009918213, -1e+100, 52802.89586995903
305.83700013160706, -1e+100, 52802.89586995903
305.85400009155273, -1e+100, 52802.89586995903
305.87600016593933, -1e+100, 52802.89586995903
308.69600009918213, -1e+100, 52802.89586995903
308.7130000591278, -1e+100, 52802.89586995903
308.728000164032, -1e+100, 52802.89586995903
308.75999999046326, -1e+100, 52802.89586995903
311.3010001182556, -1e+100, 52802.89586995903
311.3159999847412, -1e+100, 52802.89586995903
311.33899998664856, -1e+100, 52802.89586995903
311.36100006103516, -1e+100, 52802.89586995903
311.37000012397766, -1e+100, 52802.89586995903
314.2300000190735, -1e+100, 52802.89586995903
314.24699997901917, -1e+100, 52802.89586995903
314.26200008392334, -1e+100, 52802.89586995903
314.2770001888275, -1e+100, 52802.89586995903
314.2920000553131, -1e+100, 52802.89586995903
314.3110001087189, -1e+100, 52802.89586995903
314.33700013160706, -1e+100, 52802.89586995903
314.35900020599365, -1e+100, 52802.89586995903
317.2220001220703, -1e+100, 52802.89586995903
317.2350001335144, -1e+100, 52802.89586995903
317.25, -1e+100, 52802.89586995903
317.2740001678467, -1e+100, 52793.70612836295
317.2880001068115, -1e+100, 52793.70612836295
317.3070001602173, -1e+100, 52793.70612836295
320.3289999961853, -1e+100, 52789.93380323712
320.353000164032, -1e+100, 52789.93380323712
320.3680000305176, -1e+100, 52789.93380323712
320.37900018692017, -1e+100, 52789.93380323712
320.4060001373291, -1e+100, 52789.93380323712
320.4230000972748, -1e+100, 52789.93380323712
323.42500019073486, -1e+100, 52789.93380323712
323.4390001296997, -1e+100, 52789.93380323712
323.44200015068054, -1e+100, 52789.93380323712
323.4590001106262, -1e+100, 52789.93380323712
323.4690001010895, -1e+100, 52789.93380323712
326.37400007247925, -1e+100, 52783.16004520141
326.3880000114441, -1e+100, 52783.16004520141
326.40300011634827, -1e+100, 52779.61515285177
326.42400002479553, -1e+100, 52779.61515285177
326.43800020217896, -1e+100, 52779.61515285177
326.46399998664856, -1e+100, 52779.61515285177
329.32800006866455, -1e+100, 52779.61515285177
329.34500002861023, -1e+100, 52779.61515285177
329.3619999885559, -1e+100, 52779.61515285177
329.37900018692017, -1e+100, 52779.2161110497
329.39600014686584, -1e+100, 52779.2161110497
329.4150002002716, -1e+100, 52779.2161110497
329.43300008773804, -1e+100, 52779.2161110497
329.4520001411438, -1e+100, 52779.2161110497
329.47100019454956, -1e+100, 52779.2161110497
329.4869999885559, -1e+100, 52779.2161110497
333.03200006484985, -1e+100, 52779.2161110497
333.04500007629395, -1e+100, 52779.2161110497
333.0570001602173, -1e+100, 52779.2161110497
333.07599997520447, -1e+100, 52779.2161110497
333.0880000591278, -1e+100, 52779.2161110497
336.0, -1e+100, 52779.2161110497
336.02300000190735, -1e+100, 52779.2161110497
336.0350000858307, -1e+100, 52779.2161110497
336.05400013923645, -1e+100, 52779.2161110497
336.07800006866455, -1e+100, 52779.2161110497
336.09100008010864, -1e+100, 52779.2161110497
336.103000164032, -1e+100, 52779.2161110497
336.12600016593933, -1e+100, 52779.2161110497
338.86500000953674, -1e+100, 52779.2161110497
338.875, -1e+100, 52779.2161110497
338.8890001773834, -1e+100, 52770.1297721218
338.9020001888275, -1e+100, 52770.1297721218
338.9150002002716, -1e+100, 52770.1297721218
338.92900013923645, -1e+100, 52769.763236220955
338.9430000782013, -1e+100, 52769.763236220955
338.95800018310547, -1e+100, 52769.763236220955
338.97300004959106, -1e+100, 52769.763236220955
338.9869999885559, -1e+100, 52769.763236220955
339.00100016593933, -1e+100, 52769.763236220955
342.00400018692017, -1e+100, 52769.763236220955
342.0199999809265, -1e+100, 52769.763236220955
342.0380001068115, -1e+100, 52766.77923057821
342.06300020217896, -1e+100, 52766.77923057821
342.08300018310547, -1e+100, 52763.08170020438
342.0989999771118, -1e+100, 52763.08170020438
345.16799998283386, -1e+100, 52763.08170020438
345.18800020217896, -1e+100, 52763.08170020438
345.1980001926422, -1e+100, 52763.08170020438
345.21200013160706, -1e+100, 52763.08170020438
345.2300000190735, -1e+100, 52763.08170020438
345.2480001449585, -1e+100, 52763.08170020438
349.05599999427795, -1e+100, 52763.08170020438
349.0620000362396, -1e+100, 52763.08170020438
349.0789999961853, -1e+100, 52763.08170020438
349.09600019454956, -1e+100, 52763.08170020438
349.10400009155273, -1e+100, 52763.08170020438
349.1190001964569, -1e+100, 52763.08170020438
351.8510000705719, -1e+100, 52760.687055752554
351.8710000514984, -1e+100, 52760.687055752554
351.8860001564026, -1e+100, 52760.687055752554
351.9100000858307, -1e+100, 52760.687055752554
351.92400002479553, -1e+100, 52760.687055752554
354.6779999732971, -1e+100, 52760.687055752554
354.6890001296997, -1e+100, 52759.44744528062
354.7039999961853, -1e+100, 52759.44744528062
354.71600008010864, -1e+100, 52759.44744528062
354.728000164032, -1e+100, 52759.44744528062
354.739000082016, -1e+100, 52759.44744528062
354.75600004196167, -1e+100, 52759.44744528062
354.779000043869, -1e+100, 52759.44744528062
354.7940001487732, -1e+100, 52759.44744528062
354.8070001602173, -1e+100, 52759.44744528062
358.3070001602173, -1e+100, 52759.44744528062
358.3230001926422, -1e+100, 52759.44744528062
358.335000038147, -1e+100, 52759.44744528062
358.34800004959106, -1e+100, 52758.02841211744
358.36100006103516, -1e+100, 52757.706768549295
358.375, -1e+100, 52757.706768549295
361.1980001926422, -1e+100, 52757.706768549295
361.21200013160706, -1e+100, 52757.706768549295
361.228000164032, -1e+100, 52757.706768549295
361.2410001754761, -1e+100, 52755.43066754823
365.14600014686584, -1e+100, 52755.43066754823
365.1730000972748, -1e+100, 52755.43066754823
365.18300008773804, -1e+100, 52755.43066754823
365.1970000267029, -1e+100, 52755.43066754823
365.2150001525879, -1e+100, 52753.60767250352
367.8380000591278, -1e+100, 52753.60767250352
367.8510000705719, -1e+100, 52753.60767250352
367.864000082016, -1e+100, 52753.60767250352
367.87900018692017, -1e+100, 52753.60767250352
367.89200019836426, -1e+100, 52753.60767250352
367.89800000190735, -1e+100, 52753.60767250352
367.9150002002716, -1e+100, 52753.60767250352
370.98200011253357, -1e+100, 52753.60767250352
371.00300002098083, -1e+100, 52753.60767250352
371.01900005340576, -1e+100, 52753.60767250352
371.03200006484985, -1e+100, 52753.60767250352
371.0460000038147, -1e+100, 52753.60767250352
371.0600001811981, -1e+100, 52753.60767250352
371.07599997520447, -1e+100, 52753.60767250352
371.0920000076294, -1e+100, 52753.60767250352
371.1080000400543, -1e+100, 52753.60767250352
371.12900018692017, -1e+100, 52753.60767250352
374.0420000553131, -1e+100, 52753.60767250352
374.0570001602173, -1e+100, 52743.21581122313
374.07100009918213, -1e+100, 52743.21581122313
374.08899998664856, -1e+100, 52743.21581122313
374.1210000514984, -1e+100, 52743.21581122313
378.0680000782013, -1e+100, 52743.21581122313
378.085000038147, -1e+100, 52742.78122289338
378.1010000705719, -1e+100, 52742.78122289338
378.1160001754761, -1e+100, 52742.78122289338
378.1300001144409, -1e+100, 52742.78122289338
378.14200019836426, -1e+100, 52742.78122289338
378.1520001888275, -1e+100, 52742.78122289338
378.1650002002716, -1e+100, 52742.78122289338
381.393000125885, -1e+100, 52742.78122289338
381.4170000553131, -1e+100, 52742.78122289338
381.43099999427795, -1e+100, 52742.78122289338
381.44600009918213, -1e+100, 52740.20016127328
381.4650001525879, -1e+100, 52740.20016127328
381.4800000190735, -1e+100, 52740.20016127328
381.4810001850128, -1e+100, 52740.20016127328
381.4960000514984, -1e+100, 52740.20016127328
381.51200008392334, -1e+100, 52740.20016127328
381.52800011634827, -1e+100, 52740.20016127328
381.54500007629395, -1e+100, 52740.20016127328
381.5600001811981, -1e+100, 52740.20016127328
384.5160000324249, -1e+100, 52740.20016127328
384.5310001373291, -1e+100, 52740.20016127328
384.5440001487732, -1e+100, 52740.20016127328
384.5600001811981, -1e+100, 52734.01780490995
388.45099997520447, -1e+100, 52734.01780490995
388.4690001010895, -1e+100, 52734.01780490995
388.48200011253357, -1e+100, 52734.01780490995
388.49500012397766, -1e+100, 52732.713471779934
391.5600001811981, -1e+100, 52732.713471779934
391.5840001106262, -1e+100, 52732.713471779934
391.59800004959106, -1e+100, 52732.713471779934
391.61100006103516, -1e+100, 52732.713471779934
391.62199997901917, -1e+100, 52732.713471779934
391.63700008392334, -1e+100, 52732.713471779934
391.6490001678467, -1e+100, 52732.713471779934
391.66200017929077, -1e+100, 52732.713471779934
391.66600012779236, -1e+100, 52732.713471779934
391.6970000267029, -1e+100, 52732.713471779934
391.7130000591278, -1e+100, 52732.713471779934
391.7300000190735, -1e+100, 52732.713471779934
394.7220001220703, -1e+100, 52732.713471779934
394.7369999885559, -1e+100, 52731.004409022345
398.3800001144409, -1e+100, 52729.6800088782
398.40700006484985, -1e+100, 52729.6800088782
398.4230000972748, -1e+100, 52729.6800088782
398.44200015068054, -1e+100, 52729.6800088782
401.5680000782013, -1e+100, 52729.6800088782
401.5880000591278, -1e+100, 52729.6800088782
401.6010000705719, -1e+100, 52729.6800088782
401.6119999885559, -1e+100, 52729.6800088782
401.625, -1e+100, 52729.6800088782
401.6380000114441, -1e+100, 52729.6800088782
401.6470000743866, -1e+100, 52729.6800088782
401.6630001068115, -1e+100, 52729.6800088782
401.67900013923645, -1e+100, 52729.6800088782
404.5770001411438, -1e+100, 52724.65931099947
404.5920000076294, -1e+100, 52724.606552932404
404.60400009155273, -1e+100, 52724.606552932404
407.9610002040863, -1e+100, 52724.25963117217
407.97900009155273, -1e+100, 52723.85543640057
407.9980001449585, -1e+100, 52723.85543640057
408.01200008392334, -1e+100, 52723.85543640057
408.03200006484985, -1e+100, 52723.85543640057
408.0529999732971, -1e+100, 52723.85543640057
408.0810000896454, -1e+100, 52723.85543640057
411.529000043869, -1e+100, 52723.85543640057
411.5420000553131, -1e+100, 52723.85543640057
411.5600001811981, -1e+100, 52723.85543640057
411.57800006866455, -1e+100, 52723.85543640057
411.59100008010864, -1e+100, 52723.85543640057
411.6050000190735, -1e+100, 52723.85543640057
411.6170001029968, -1e+100, 52723.85543640057
411.6360001564026, -1e+100, 52723.85543640057
411.64800000190735, -1e+100, 52723.85543640057
415.11300015449524, -1e+100, 52723.85543640057
415.12600016593933, -1e+100, 52723.85543640057
415.1400001049042, -1e+100, 52720.091472771324
415.154000043869, -1e+100, 52720.091472771324
415.16600012779236, -1e+100, 52720.091472771324
415.17900013923645, -1e+100, 52718.7746619791
415.1950001716614, -1e+100, 52718.7746619791
415.2060000896454, -1e+100, 52718.5757992345
415.22500014305115, -1e+100, 52718.5757992345
415.23800015449524, -1e+100, 52718.5757992345
415.25, -1e+100, 52718.5757992345
415.26200008392334, -1e+100, 52718.5757992345
418.56700015068054, -1e+100, 52718.5757992345
418.5810000896454, -1e+100, 52718.5757992345
418.5920000076294, -1e+100, 52718.5757992345
418.6050000190735, -1e+100, 52718.5757992345
418.62199997901917, -1e+100, 52718.5757992345
418.63499999046326, -1e+100, 52718.5757992345
418.6470000743866, -1e+100, 52718.5757992345
418.6650002002716, -1e+100, 52718.5757992345
418.6890001296997, -1e+100, 52717.285366263706
418.69900012016296, -1e+100, 52717.285366263706
418.7130000591278, -1e+100, 52717.285366263706
422.0510001182556, -1e+100, 52717.285366263706
422.06900000572205, -1e+100, 52717.285366263706
422.08200001716614, -1e+100, 52717.285366263706
422.09600019454956, -1e+100, 52717.285366263706
422.114000082016, -1e+100, 52717.038221876086
422.1270000934601, -1e+100, 52717.038221876086
422.1380000114441, -1e+100, 52717.038221876086
422.1510000228882, -1e+100, 52716.45737921628
422.1640000343323, -1e+100, 52716.45737921628
425.17900013923645, -1e+100, 52716.45737921628
425.1970000267029, -1e+100, 52716.0084051961
425.2170000076294, -1e+100, 52716.0084051961
425.2350001335144, -1e+100, 52716.0084051961
425.24500012397766, -1e+100, 52716.0084051961
425.25999999046326, -1e+100, 52716.0084051961
425.27500009536743, -1e+100, 52716.0084051961
428.5310001373291, -1e+100, 52715.38208033195
428.5480000972748, -1e+100, 52715.38208033195
428.5610001087189, -1e+100, 52715.38208033195
428.56500005722046, -1e+100, 52715.38208033195
428.58200001716614, -1e+100, 52715.38208033195
428.5930001735687, -1e+100, 52715.38208033195
431.8470001220703, -1e+100, 52715.38208033195
431.8619999885559, -1e+100, 52715.38208033195
431.875, -1e+100, 52715.38208033195
431.89800000190735, -1e+100, 52715.38208033195
431.9150002002716, -1e+100, 52714.09100373885
435.1180000305176, -1e+100, 52714.09100373885
435.13499999046326, -1e+100, 52714.09100373885
435.15499997138977, -1e+100, 52714.09100373885
435.16799998283386, -1e+100, 52714.09100373885
435.18300008773804, -1e+100, 52714.09100373885
435.1970000267029, -1e+100, 52714.09100373885
435.20700001716614, -1e+100, 52714.09100373885
438.02800011634827, -1e+100, 52709.094231625604
438.03700017929077, -1e+100, 52705.54548799325
441.20700001716614, -1e+100, 52705.54548799325
441.2170000076294, -1e+100, 52705.54548799325
441.2420001029968, -1e+100, 52705.54548799325
444.2740001678467, -1e+100, 52705.54548799325
444.29100012779236, -1e+100, 52705.54548799325
444.30800008773804, -1e+100, 52705.54548799325
444.3250000476837, -1e+100, 52704.53395647439
444.33200001716614, -1e+100, 52704.53395647439
444.35900020599365, -1e+100, 52704.53395647439
444.3710000514984, -1e+100, 52704.53395647439
447.63499999046326, -1e+100, 52704.53395647439
447.65499997138977, -1e+100, 52701.58837575619
447.6850001811981, -1e+100, 52701.58837575619
447.6980001926422, -1e+100, 52701.58837575619
447.71399998664856, -1e+100, 52701.58837575619
447.72699999809265, -1e+100, 52701.58837575619
451.143000125885, -1e+100, 52701.58837575619
451.143000125885, -1e+100, 52701.58837575619
451.16799998283386, -1e+100, 52701.58837575619
451.1820001602173, -1e+100, 52701.58837575619
451.1930000782013, -1e+100, 52701.58837575619
451.2060000896454, -1e+100, 52701.58837575619
451.2180001735687, -1e+100, 52697.08529495146
451.2300000190735, -1e+100, 52697.08529495146
451.24500012397766, -1e+100, 52697.037266014035
454.47699999809265, -1e+100, 52697.037266014035
454.49000000953674, -1e+100, 52697.037266014035
454.5020000934601, -1e+100, 52697.037266014035
454.51700019836426, -1e+100, 52697.037266014035
454.5220000743866, -1e+100, 52695.12802097822
454.5390000343323, -1e+100, 52695.12802097822
454.55599999427795, -1e+100, 52693.64338219026
457.5529999732971, -1e+100, 52693.64338219026
457.57599997520447, -1e+100, 52693.64338219026
457.5989999771118, -1e+100, 52693.64338219026
457.62000012397766, -1e+100, 52693.64338219026
460.50600004196167, -1e+100, 52693.64338219026
460.5260000228882, -1e+100, 52693.64338219026
460.5420000553131, -1e+100, 52693.64338219026
460.5529999732971, -1e+100, 52693.64338219026
460.56300020217896, -1e+100, 52693.64338219026
460.5750000476837, -1e+100, 52693.64338219026
460.5840001106262, -1e+100, 52690.876410473145
463.70500016212463, -1e+100, 52688.03561285124
463.72100019454956, -1e+100, 52688.03561285124
463.73600006103516, -1e+100, 52688.03561285124
463.75600004196167, -1e+100, 52685.86005644361
463.7880001068115, -1e+100, 52685.86005644361
467.0529999732971, -1e+100, 52685.86005644361
467.0730001926422, -1e+100, 52685.86005644361
467.09800004959106, -1e+100, 52682.73336283966
467.12199997901917, -1e+100, 52682.73336283966
467.1340000629425, -1e+100, 52682.73336283966
467.15000009536743, -1e+100, 52682.73336283966
467.1650002002716, -1e+100, 52682.73336283966
467.18300008773804, -1e+100, 52681.5632713068
470.6380000114441, -1e+100, 52681.5632713068
470.6600000858307, -1e+100, 52681.5632713068
470.69000005722046, -1e+100, 52681.5632713068
470.70700001716614, -1e+100, 52681.5632713068
470.7239999771118, -1e+100, 52681.5632713068
473.83899998664856, -1e+100, 52681.5632713068
473.8580000400543, -1e+100, 52681.5632713068
473.8680000305176, -1e+100, 52681.5632713068
473.8819999694824, -1e+100, 52681.5632713068
473.89400005340576, -1e+100, 52681.5632713068
473.90700006484985, -1e+100, 52681.5632713068
477.0310001373291, -1e+100, 52677.85343591966
477.04500007629395, -1e+100, 52677.18750051198
477.0600001811981, -1e+100, 52677.18750051198
477.07400012016296, -1e+100, 52677.18750051198
477.0880000591278, -1e+100, 52677.18750051198
477.10199999809265, -1e+100, 52677.18750051198
479.9960000514984, -1e+100, 52673.86077382182
480.0110001564026, -1e+100, 52673.842790212424
480.02500009536743, -1e+100, 52673.842790212424
483.228000164032, -1e+100, 52673.842790212424
483.24500012397766, -1e+100, 52673.636183413975
483.26900005340576, -1e+100, 52673.636183413975
483.28700017929077, -1e+100, 52673.636183413975
483.2980000972748, -1e+100, 52673.636183413975
483.3110001087189, -1e+100, 52672.68093076581
486.58000016212463, -1e+100, 52672.68093076581
486.5970001220703, -1e+100, 52672.68093076581
486.6170001029968, -1e+100, 52671.25270769552
486.6300001144409, -1e+100, 52671.25270769552
486.6510000228882, -1e+100, 52671.25270769552
489.94000005722046, -1e+100, 52671.25270769552
489.9560000896454, -1e+100, 52668.06931218745
489.96600008010864, -1e+100, 52668.06931218745
489.9830000400543, -1e+100, 52668.06931218745
490.0, -1e+100, 52668.06931218745
490.0050001144409, -1e+100, 52667.780979652554
490.01900005340576, -1e+100, 52667.780979652554
490.0350000858307, -1e+100, 52667.780979652554
490.05200004577637, -1e+100, 52667.780979652554
490.06700015068054, -1e+100, 52667.780979652554
493.2550001144409, -1e+100, 52667.780979652554
493.27300000190735, -1e+100, 52667.780979652554
493.28700017929077, -1e+100, 52667.780979652554
493.30400013923645, -1e+100, 52667.780979652554
496.45800018310547, -1e+100, 52658.59397222231
496.47900009155273, -1e+100, 52658.59397222231
496.4960000514984, -1e+100, 52658.59397222231
496.5110001564026, -1e+100, 52658.59397222231
496.52300000190735, -1e+100, 52658.59397222231
499.9480001926422, -1e+100, 52658.59397222231
499.960000038147, -1e+100, 52658.59397222231
499.97699999809265, -1e+100, 52658.59397222231
502.7980000972748, -1e+100, 52658.59397222231
502.8110001087189, -1e+100, 52658.59397222231
502.83200001716614, -1e+100, 52658.59397222231
502.84600019454956, -1e+100, 52658.59397222231
502.8580000400543, -1e+100, 52658.59397222231
502.8710000514984, -1e+100, 52658.59397222231
502.8819999694824, -1e+100, 52658.59397222231
506.1670000553131, -1e+100, 52658.59397222231
506.1820001602173, -1e+100, 52658.59397222231
506.1970000267029, -1e+100, 52658.59397222231
506.210000038147, -1e+100, 52656.05236280951
506.2239999771118, -1e+100, 52656.05236280951
506.2369999885559, -1e+100, 52656.05236280951
506.25400018692017, -1e+100, 52656.05236280951
509.44200015068054, -1e+100, 52656.05236280951
509.4680001735687, -1e+100, 52656.05236280951
509.4760000705719, -1e+100, 52656.05236280951
509.48600006103516, -1e+100, 52656.05236280951
509.5, -1e+100, 52656.05236280951
509.51700019836426, -1e+100, 52656.05236280951
512.8730001449585, -1e+100, 52656.05236280951
512.8949999809265, -1e+100, 52656.05236280951
512.904000043869, -1e+100, 52656.05236280951
512.9140000343323, -1e+100, 52656.05236280951
512.9260001182556, -1e+100, 52656.05236280951
512.9370000362396, -1e+100, 52646.71744419252
512.9520001411438, -1e+100, 52646.71744419252
516.335000038147, -1e+100, 52646.71744419252
516.3510000705719, -1e+100, 52643.56332303077
516.3690001964569, -1e+100, 52643.56332303077
516.3970000743866, -1e+100, 52643.56332303077
519.672000169754, -1e+100, 52643.56332303077
519.688000202179, -1e+100, 52643.56332303077
519.7020001411438, -1e+100, 52643.56332303077
519.7160000801086, -1e+100, 52643.56332303077
519.728000164032, -1e+100, 52643.56332303077
519.7420001029968, -1e+100, 52642.51140555948
519.75, -1e+100, 52640.895886872335
519.7720000743866, -1e+100, 52640.895886872335
519.7820000648499, -1e+100, 52637.8818212373
523.0810000896454, -1e+100, 52636.53814208288
523.085000038147, -1e+100, 52636.53814208288
523.1080000400543, -1e+100, 52636.53814208288
523.1230001449585, -1e+100, 52636.53814208288
523.1400001049042, -1e+100, 52635.63322203017
523.1570000648499, -1e+100, 52635.63322203017
526.2420001029968, -1e+100, 52634.77111838109
526.2560000419617, -1e+100, 52632.65303377132
526.2720000743866, -1e+100, 52632.65303377132
529.6040000915527, -1e+100, 52632.65303377132
529.6210000514984, -1e+100, 52632.65303377132
529.6380000114441, -1e+100, 52632.65303377132
529.6460001468658, -1e+100, 52632.65303377132
529.6630001068115, -1e+100, 52632.65303377132
529.6779999732971, -1e+100, 52632.65303377132
529.6890001296997, -1e+100, 52632.65303377132
532.9980001449585, -1e+100, 52630.65414017887
533.0150001049042, -1e+100, 52630.65414017887
533.0350000858307, -1e+100, 52630.65414017887
533.0480000972748, -1e+100, 52630.65414017887
533.0590000152588, -1e+100, 52630.65414017887
533.0730001926422, -1e+100, 52630.65414017887
533.0810000896454, -1e+100, 52629.32903028727
536.5099999904633, -1e+100, 52629.32903028727
536.5260000228882, -1e+100, 52629.32903028727
536.545000076294, -1e+100, 52629.32903028727
536.558000087738, -1e+100, 52629.32903028727
536.5770001411438, -1e+100, 52628.03273662431
536.5900001525879, -1e+100, 52628.03273662431
536.6110000610352, -1e+100, 52628.03273662431
539.5510001182556, -1e+100, 52628.03273662431
539.5650000572205, -1e+100, 52628.03273662431
539.5840001106262, -1e+100, 52628.03273662431
539.5980000495911, -1e+100, 52628.03273662431
539.6100001335144, -1e+100, 52628.03273662431
539.6219999790192, -1e+100, 52628.03273662431
539.6340000629425, -1e+100, 52628.03273662431
539.6460001468658, -1e+100, 52628.03273662431
539.6560001373291, -1e+100, 52628.03273662431
539.6679999828339, -1e+100, 52628.03273662431
542.9120001792908, -1e+100, 52623.62029815205
542.9260001182556, -1e+100, 52623.62029815205
542.9400000572205, -1e+100, 52623.62029815205
546.5670001506805, -1e+100, 52619.02871583533
549.9910001754761, -1e+100, 52618.50980541669
550.0050001144409, -1e+100, 52618.50980541669
550.018000125885, -1e+100, 52617.540339533174
550.0320000648499, -1e+100, 52617.540339533174
550.0490000247955, -1e+100, 52616.8315579923
550.0680000782013, -1e+100, 52616.8315579923
550.085000038147, -1e+100, 52616.8315579923
553.5050001144409, -1e+100, 52616.8315579923
553.5190000534058, -1e+100, 52616.8315579923
553.5410001277924, -1e+100, 52616.8315579923
553.5620000362396, -1e+100, 52616.8315579923
557.8389999866486, -1e+100, 52612.106172176434
557.8600001335144, -1e+100, 52612.106172176434
557.8770000934601, -1e+100, 52612.106172176434
557.8890001773834, -1e+100, 52612.106172176434
557.9020001888275, -1e+100, 52612.106172176434
557.9140000343323, -1e+100, 52610.55465673622
560.6500000953674, -1e+100, 52610.55465673622
560.6650002002716, -1e+100, 52610.55465673622
560.6900000572205, -1e+100, 52610.55465673622
560.7050001621246, -1e+100, 52610.55465673622
564.1330001354218, -1e+100, 52610.55465673622
564.143000125885, -1e+100, 52610.55465673622
564.1520001888275, -1e+100, 52610.55465673622
564.1650002002716, -1e+100, 52610.166159567576
564.1770000457764, -1e+100, 52610.166159567576
564.188000202179, -1e+100, 52610.166159567576
564.2039999961853, -1e+100, 52610.166159567576
564.2200000286102, -1e+100, 52605.107602907665
567.728000164032, -1e+100, 52605.107602907665
567.7490000724792, -1e+100, 52605.107602907665
567.7670001983643, -1e+100, 52605.107602907665
567.7820000648499, -1e+100, 52605.107602907665
567.8000001907349, -1e+100, 52605.107602907665
567.8180000782013, -1e+100, 52605.107602907665
567.835000038147, -1e+100, 52605.107602907665
571.6010000705719, -1e+100, 52605.107602907665
571.6190001964569, -1e+100, 52605.107602907665
571.6370000839233, -1e+100, 52605.107602907665
571.6530001163483, -1e+100, 52605.107602907665
571.6670000553131, -1e+100, 52605.107602907665
575.0750000476837, -1e+100, 52605.107602907665
575.0889999866486, -1e+100, 52605.107602907665
575.1040000915527, -1e+100, 52605.107602907665
575.1200001239777, -1e+100, 52605.107602907665
575.1319999694824, -1e+100, 52605.107602907665
575.1449999809265, -1e+100, 52603.49651472939
575.1579999923706, -1e+100, 52603.49651472939
575.1730000972748, -1e+100, 52603.49651472939
575.1909999847412, -1e+100, 52601.76716138157
575.1960000991821, -1e+100, 52601.76716138157
579.6420001983643, -1e+100, 52601.76716138157
579.6549999713898, -1e+100, 52601.76716138157
579.6610000133514, -1e+100, 52601.76716138157
579.6770000457764, -1e+100, 52601.76716138157
579.6920001506805, -1e+100, 52601.76716138157
579.6920001506805, -1e+100, 52601.76716138157
579.7090001106262, -1e+100, 52601.76716138157
583.2620000839233, -1e+100, 52601.76716138157
583.2799999713898, -1e+100, 52601.76716138157
583.2940001487732, -1e+100, 52601.76716138157
583.305999994278, -1e+100, 52601.76716138157
583.319000005722, -1e+100, 52601.76716138157
583.3310000896454, -1e+100, 52601.76716138157
583.3430001735687, -1e+100, 52601.76716138157
583.3470001220703, -1e+100, 52601.76716138157
583.364000082016, -1e+100, 52601.76716138157
586.6319999694824, -1e+100, 52601.76716138157
586.6500000953674, -1e+100, 52601.76716138157
586.6690001487732, -1e+100, 52601.76716138157
586.6800000667572, -1e+100, 52601.76716138157
586.6920001506805, -1e+100, 52601.76716138157
586.7020001411438, -1e+100, 52601.76716138157
586.7139999866486, -1e+100, 52601.76716138157
586.7260000705719, -1e+100, 52601.76716138157
586.7350001335144, -1e+100, 52601.76716138157
586.7510001659393, -1e+100, 52600.872438261766
586.7650001049042, -1e+100, 52600.872438261766
586.768000125885, -1e+100, 52600.872438261766
589.6640000343323, -1e+100, 52600.872438261766
589.680999994278, -1e+100, 52600.872438261766
589.6950001716614, -1e+100, 52597.98390042923
589.7110002040863, -1e+100, 52596.260826790436
589.7269999980927, -1e+100, 52595.04264643932
594.0160000324249, -1e+100, 52595.04264643932
594.0350000858307, -1e+100, 52595.04264643932
594.0500001907349, -1e+100, 52595.04264643932
597.4420001506805, -1e+100, 52595.04264643932
597.4539999961853, -1e+100, 52595.04264643932
597.4570000171661, -1e+100, 52595.04264643932
597.4830000400543, -1e+100, 52595.04264643932
597.4940001964569, -1e+100, 52595.04264643932
597.5060000419617, -1e+100, 52595.04264643932
597.5190000534058, -1e+100, 52595.04264643932
597.5460000038147, -1e+100, 52595.04264643932
600.8610000610352, -1e+100, 52595.04264643932
600.8770000934601, -1e+100, 52595.04264643932
600.8870000839233, -1e+100, 52595.04264643932
600.8990001678467, -1e+100, 52595.04264643932
600.9140000343323, -1e+100, 52595.04264643932
600.9300000667572, -1e+100, 52595.04264643932
600.9420001506805, -1e+100, 52595.04264643932
600.9580001831055, -1e+100, 52595.04264643932
604.4650001525879, -1e+100, 52595.04264643932
604.4760000705719, -1e+100, 52595.04264643932
604.4920001029968, -1e+100, 52595.04264643932
604.4990000724792, -1e+100, 52595.04264643932
604.5160000324249, -1e+100, 52595.04264643932
604.5230000019073, -1e+100, 52595.04264643932
604.5380001068115, -1e+100, 52595.04264643932
604.5670001506805, -1e+100, 52595.04264643932
604.5700001716614, -1e+100, 52595.04264643932
604.587000131607, -1e+100, 52595.04264643932
604.6010000705719, -1e+100, 52595.04264643932
609.279000043869, -1e+100, 52589.53697756715
609.2850000858307, -1e+100, 52589.53697756715
609.3010001182556, -1e+100, 52589.53697756715
609.3140001296997, -1e+100, 52589.53697756715
609.3280000686646, -1e+100, 52589.53697756715
612.8100001811981, -1e+100, 52589.53697756715
612.8340001106262, -1e+100, 52589.53697756715
612.8489999771118, -1e+100, 52589.53697756715
612.8590002059937, -1e+100, 52589.53697756715
612.8740000724792, -1e+100, 52589.53697756715
612.8870000839233, -1e+100, 52589.53697756715
616.3500001430511, -1e+100, 52585.005027305684
616.3670001029968, -1e+100, 52585.005027305684
616.3810000419617, -1e+100, 52585.005027305684
616.3940000534058, -1e+100, 52585.005027305684
616.4110000133514, -1e+100, 52585.005027305684
616.4279999732971, -1e+100, 52585.005027305684
616.4400000572205, -1e+100, 52585.005027305684
616.449000120163, -1e+100, 52585.005027305684
616.449000120163, -1e+100, 52585.005027305684
616.4660000801086, -1e+100, 52585.005027305684
619.5320000648499, -1e+100, 52585.005027305684
619.5440001487732, -1e+100, 52585.005027305684
619.5570001602173, -1e+100, 52585.005027305684
619.5700001716614, -1e+100, 52585.005027305684
624.5350000858307, -1e+100, 52585.005027305684
624.547000169754, -1e+100, 52585.005027305684
624.5670001506805, -1e+100, 52585.005027305684
628.0770001411438, -1e+100, 52585.005027305684
628.0950000286102, -1e+100, 52585.005027305684
628.1090002059937, -1e+100, 52585.005027305684
628.1219999790192, -1e+100, 52585.005027305684
628.1349999904633, -1e+100, 52585.005027305684
628.1470000743866, -1e+100, 52585.005027305684
628.1560001373291, -1e+100, 52585.005027305684
628.1820001602173, -1e+100, 52585.005027305684
631.8400001525879, -1e+100, 52585.005027305684
631.8580000400543, -1e+100, 52585.005027305684
631.8740000724792, -1e+100, 52585.005027305684
631.8860001564026, -1e+100, 52585.005027305684
631.8990001678467, -1e+100, 52585.005027305684
631.9090001583099, -1e+100, 52585.005027305684
631.920000076294, -1e+100, 52585.005027305684
631.9240000247955, -1e+100, 52585.005027305684
631.9420001506805, -1e+100, 52585.005027305684
631.9420001506805, -1e+100, 52585.005027305684
631.9580001831055, -1e+100, 52585.005027305684
631.9750001430511, -1e+100, 52585.005027305684
635.710000038147, -1e+100, 52576.29048043641
635.7269999980927, -1e+100, 52576.29048043641
635.7380001544952, -1e+100, 52576.29048043641
635.7520000934601, -1e+100, 52576.29048043641
635.7650001049042, -1e+100, 52576.29048043641
635.7770001888275, -1e+100, 52576.29048043641
635.7910001277924, -1e+100, 52575.604388250744
635.7960000038147, -1e+100, 52575.604388250744
635.8120000362396, -1e+100, 52575.604388250744
635.8289999961853, -1e+100, 52575.16468568096
635.8440001010895, -1e+100, 52575.16468568096
640.5759999752045, -1e+100, 52575.16468568096
640.6050000190735, -1e+100, 52575.16468568096
640.6219999790192, -1e+100, 52575.16468568096
640.6349999904633, -1e+100, 52575.16468568096
644.2000000476837, -1e+100, 52575.16468568096
644.2170000076294, -1e+100, 52575.16468568096
644.2260000705719, -1e+100, 52575.16468568096
644.2400000095367, -1e+100, 52575.16468568096
644.2569999694824, -1e+100, 52575.16468568096
644.2720000743866, -1e+100, 52575.16468568096
644.2900002002716, -1e+100, 52575.16468568096
647.337000131607, -1e+100, 52575.16468568096
647.3590002059937, -1e+100, 52575.16468568096
647.3740000724792, -1e+100, 52575.16468568096
647.3870000839233, -1e+100, 52575.16468568096
647.4020001888275, -1e+100, 52575.16468568096
647.4140000343323, -1e+100, 52575.16468568096
651.9150002002716, -1e+100, 52569.784854754886
651.9409999847412, -1e+100, 52569.784854754886
651.9560000896454, -1e+100, 52569.784854754886
651.9739999771118, -1e+100, 52569.784854754886
651.9880001544952, -1e+100, 52569.089761224255
655.6590001583099, -1e+100, 52567.2959093615
655.6760001182556, -1e+100, 52567.2959093615
655.6909999847412, -1e+100, 52567.2959093615
655.7060000896454, -1e+100, 52567.23822409056
655.7170000076294, -1e+100, 52567.23822409056
655.7290000915527, -1e+100, 52567.23822409056
655.7400000095367, -1e+100, 52567.23822409056
655.7530000209808, -1e+100, 52567.23822409056
659.3029999732971, -1e+100, 52567.23822409056
659.3200001716614, -1e+100, 52567.23822409056
659.3340001106262, -1e+100, 52567.23822409056
659.3500001430511, -1e+100, 52567.23822409056
659.3660001754761, -1e+100, 52566.65284536706
659.3670001029968, -1e+100, 52566.65284536706
659.3830001354218, -1e+100, 52564.49215116855
659.4000000953674, -1e+100, 52563.87489023167
659.4190001487732, -1e+100, 52563.87489023167
663.5880000591278, -1e+100, 52563.87489023167
663.6060001850128, -1e+100, 52563.87489023167
663.6200001239777, -1e+100, 52563.87489023167
663.6319999694824, -1e+100, 52563.87489023167
663.6460001468658, -1e+100, 52563.87489023167
667.2050001621246, -1e+100, 52562.9884535134
667.2250001430511, -1e+100, 52562.9884535134
667.2450001239777, -1e+100, 52562.9884535134
667.2640001773834, -1e+100, 52562.9884535134
667.2750000953674, -1e+100, 52562.9884535134
667.2870001792908, -1e+100, 52562.9884535134
667.2900002002716, -1e+100, 52562.9884535134
667.324000120163, -1e+100, 52562.9884535134
667.3400001525879, -1e+100, 52562.9884535134
671.7510001659393, -1e+100, 52562.9884535134
671.7569999694824, -1e+100, 52562.9884535134
671.7750000953674, -1e+100, 52562.9884535134
671.7880001068115, -1e+100, 52562.9884535134
671.7990000247955, -1e+100, 52562.9884535134
671.8110001087189, -1e+100, 52562.9884535134
674.8810000419617, -1e+100, 52560.06246985898
674.8980000019073, -1e+100, 52560.06246985898
674.9150002002716, -1e+100, 52560.06246985898
674.9290001392365, -1e+100, 52560.06246985898
674.930999994278, -1e+100, 52560.06246985898
674.9480001926422, -1e+100, 52558.43383280997
674.9590001106262, -1e+100, 52558.43383280997
678.6470000743866, -1e+100, 52558.43383280997
678.6640000343323, -1e+100, 52558.43383280997
678.6890001296997, -1e+100, 52558.43383280997
678.7210001945496, -1e+100, 52558.43383280997
678.7400000095367, -1e+100, 52558.43383280997
683.0299999713898, -1e+100, 52558.43383280997
683.0490000247955, -1e+100, 52558.43383280997
683.063000202179, -1e+100, 52558.43383280997
683.0759999752045, -1e+100, 52558.43383280997
683.087000131607, -1e+100, 52556.66892168068
683.0989999771118, -1e+100, 52556.66892168068
683.1070001125336, -1e+100, 52556.66892168068
686.6840000152588, -1e+100, 52556.66892168068
686.7060000896454, -1e+100, 52555.1108538512
686.7239999771118, -1e+100, 52555.1108538512
690.8320000171661, -1e+100, 52555.1108538512
690.8460001945496, -1e+100, 52555.1108538512
690.8619999885559, -1e+100, 52555.1108538512
690.8790001869202, -1e+100, 52555.1108538512
690.8980000019073, -1e+100, 52555.1108538512
690.9090001583099, -1e+100, 52553.63485051492
694.7550001144409, -1e+100, 52551.55188494411
694.7720000743866, -1e+100, 52551.55188494411
694.7890000343323, -1e+100, 52551.55188494411
694.7990000247955, -1e+100, 52551.55188494411
694.805999994278, -1e+100, 52551.55188494411
694.8230001926422, -1e+100, 52551.3320648763
698.8440001010895, -1e+100, 52551.3320648763
698.8619999885559, -1e+100, 52551.3320648763
698.8770000934601, -1e+100, 52551.3320648763
698.8910000324249, -1e+100, 52551.3320648763
698.9079999923706, -1e+100, 52551.3320648763
698.9230000972748, -1e+100, 52551.3320648763
698.9370000362396, -1e+100, 52548.8943496931
698.9480001926422, -1e+100, 52548.8943496931
702.364000082016, -1e+100, 52547.96873814128
702.3910000324249, -1e+100, 52547.96873814128
702.4049999713898, -1e+100, 52547.96873814128
702.4170000553131, -1e+100, 52547.96873814128
702.4300000667572, -1e+100, 52547.96873814128
702.444000005722, -1e+100, 52547.96873814128
702.449000120163, -1e+100, 52547.96873814128
706.3560001850128, -1e+100, 52547.89097066275
706.3690001964569, -1e+100, 52547.89097066275
706.3819999694824, -1e+100, 52547.89097066275
706.3960001468658, -1e+100, 52547.89097066275
706.4110000133514, -1e+100, 52546.2891844503
706.4230000972748, -1e+100, 52546.2891844503
706.4360001087189, -1e+100, 52546.2891844503
706.4360001087189, -1e+100, 52544.73631873051
706.4630000591278, -1e+100, 52544.73631873051
706.4830000400543, -1e+100, 52544.73631873051
706.4990000724792, -1e+100, 52544.73631873051
710.3510000705719, -1e+100, 52544.73631873051
710.3700001239777, -1e+100, 52544.73631873051
710.3840000629425, -1e+100, 52544.73631873051
710.3990001678467, -1e+100, 52544.73631873051
710.4130001068115, -1e+100, 52544.73631873051
710.4300000667572, -1e+100, 52544.73631873051
710.4409999847412, -1e+100, 52544.73631873051
710.4590001106262, -1e+100, 52544.73631873051
710.4610002040863, -1e+100, 52544.73631873051
714.1150000095367, -1e+100, 52544.73631873051
714.1240000724792, -1e+100, 52544.73631873051
714.1410000324249, -1e+100, 52544.73631873051
714.1480000019073, -1e+100, 52544.73631873051
714.1620001792908, -1e+100, 52544.73631873051
714.1790001392365, -1e+100, 52544.73631873051
714.194000005722, -1e+100, 52544.19627377234
714.194000005722, -1e+100, 52541.59721879175
718.2410001754761, -1e+100, 52541.59721879175
718.2599999904633, -1e+100, 52541.59721879175
718.2770001888275, -1e+100, 52541.59721879175
718.2920000553131, -1e+100, 52541.59721879175
718.3050000667572, -1e+100, 52541.59721879175
718.3170001506805, -1e+100, 52540.980378775326
721.9500000476837, -1e+100, 52540.980378775326
721.9650001525879, -1e+100, 52540.980378775326
721.9800000190735, -1e+100, 52540.980378775326
721.9920001029968, -1e+100, 52538.86574357993
722.0040001869202, -1e+100, 52538.86574357993
722.0140001773834, -1e+100, 52538.86574357993
722.0299999713898, -1e+100, 52538.86574357993
725.9240000247955, -1e+100, 52538.86574357993
725.9470000267029, -1e+100, 52538.86574357993
725.9630000591278, -1e+100, 52538.86574357993
725.9769999980927, -1e+100, 52538.86574357993
725.9920001029968, -1e+100, 52538.86574357993
726.0050001144409, -1e+100, 52538.86574357993
726.0120000839233, -1e+100, 52538.86574357993
726.029000043869, -1e+100, 52538.86574357993
729.7400000095367, -1e+100, 52537.08299795152
729.7530000209808, -1e+100, 52537.08299795152
729.7640001773834, -1e+100, 52537.08299795152
729.7780001163483, -1e+100, 52537.08299795152
729.7910001277924, -1e+100, 52537.08299795152
729.805999994278, -1e+100, 52537.08299795152
729.8180000782013, -1e+100, 52537.08299795152
729.8320000171661, -1e+100, 52537.08299795152
733.8990001678467, -1e+100, 52537.08299795152
733.9160001277924, -1e+100, 52537.08299795152
733.9390001296997, -1e+100, 52537.08299795152
733.9560000896454, -1e+100, 52537.08299795152
733.9710001945496, -1e+100, 52537.08299795152
733.9830000400543, -1e+100, 52537.08299795152
733.9960000514984, -1e+100, 52537.08299795152
734.0020000934601, -1e+100, 52534.343509354
734.018000125885, -1e+100, 52534.343509354
737.3830001354218, -1e+100, 52534.343509354
737.4060001373291, -1e+100, 52534.343509354
737.420000076294, -1e+100, 52534.343509354
737.430999994278, -1e+100, 52534.343509354
741.4850001335144, -1e+100, 52534.343509354
741.5030000209808, -1e+100, 52534.343509354
741.5160000324249, -1e+100, 52534.343509354
741.5310001373291, -1e+100, 52534.343509354
741.545000076294, -1e+100, 52534.343509354
741.5600001811981, -1e+100, 52534.343509354
741.5770001411438, -1e+100, 52534.343509354
745.4409999847412, -1e+100, 52534.343509354
745.4610002040863, -1e+100, 52532.87360017185
745.4760000705719, -1e+100, 52532.87360017185
745.4840002059937, -1e+100, 52532.87360017185
745.5, -1e+100, 52532.87360017185
749.3180000782013, -1e+100, 52532.87360017185
749.3330001831055, -1e+100, 52532.87360017185
749.3470001220703, -1e+100, 52532.87360017185
749.3470001220703, -1e+100, 52532.87360017185
749.364000082016, -1e+100, 52532.87360017185
749.3790001869202, -1e+100, 52532.87360017185
753.1779999732971, -1e+100, 52528.899819327446
753.1800000667572, -1e+100, 52528.899819327446
753.2050001621246, -1e+100, 52528.899819327446
753.2170000076294, -1e+100, 52528.899819327446
753.2320001125336, -1e+100, 52524.98214221303
753.2450001239777, -1e+100, 52524.98214221303
753.2640001773834, -1e+100, 52524.98214221303
757.3830001354218, -1e+100, 52524.364299561115
757.4020001888275, -1e+100, 52524.364299561115
757.4170000553131, -1e+100, 52524.364299561115
757.433000087738, -1e+100, 52524.364299561115
757.4460000991821, -1e+100, 52524.364299561115
757.4580001831055, -1e+100, 52524.364299561115
757.4700000286102, -1e+100, 52524.364299561115
757.4820001125336, -1e+100, 52524.364299561115
757.4860000610352, -1e+100, 52524.364299561115
761.4960000514984, -1e+100, 52520.398351470576
761.518000125885, -1e+100, 52520.398351470576
761.5360000133514, -1e+100, 52518.618570908606
761.5520000457764, -1e+100, 52518.618570908606
761.563000202179, -1e+100, 52518.618570908606
761.5759999752045, -1e+100, 52518.618570908606
761.5840001106262, -1e+100, 52518.618570908606
761.6000001430511, -1e+100, 52518.618570908606
761.6150000095367, -1e+100, 52518.618570908606
765.4480001926422, -1e+100, 52518.618570908606
765.4639999866486, -1e+100, 52518.618570908606
765.4820001125336, -1e+100, 52518.618570908606
765.4980001449585, -1e+100, 52518.618570908606
765.5150001049042, -1e+100, 52518.618570908606
765.5340001583099, -1e+100, 52518.618570908606
765.5460000038147, -1e+100, 52518.618570908606
765.5680000782013, -1e+100, 52516.25206969669
765.585000038147, -1e+100, 52514.62693775371
768.8230001926422, -1e+100, 52514.62693775371
768.8420000076294, -1e+100, 52514.62693775371
768.8550000190735, -1e+100, 52514.62693775371
768.8690001964569, -1e+100, 52514.62693775371
768.8870000839233, -1e+100, 52514.62693775371
768.8870000839233, -1e+100, 52514.62693775371
772.8790001869202, -1e+100, 52512.008246027704
772.904000043869, -1e+100, 52512.008246027704
772.9170000553131, -1e+100, 52512.008246027704
772.933000087738, -1e+100, 52512.008246027704
772.9480001926422, -1e+100, 52512.008246027704
772.9590001106262, -1e+100, 52512.008246027704
772.9769999980927, -1e+100, 52512.008246027704
776.9420001506805, -1e+100, 52512.008246027704
776.962000131607, -1e+100, 52512.008246027704
776.9850001335144, -1e+100, 52512.008246027704
781.0920000076294, -1e+100, 52508.573402321585
781.1110000610352, -1e+100, 52508.573402321585
781.1280000209808, -1e+100, 52508.573402321585
781.143000125885, -1e+100, 52506.663404288025
781.1620001792908, -1e+100, 52506.663404288025
785.2000000476837, -1e+100, 52506.663404288025
785.2190001010895, -1e+100, 52506.663404288025
785.239000082016, -1e+100, 52506.663404288025
785.2630000114441, -1e+100, 52506.020134892766
785.2770001888275, -1e+100, 52506.020134892766
789.7320001125336, -1e+100, 52506.020134892766
789.7469999790192, -1e+100, 52502.60515406134
789.7640001773834, -1e+100, 52502.60515406134
789.7780001163483, -1e+100, 52502.60515406134
789.7810001373291, -1e+100, 52502.60515406134
793.6690001487732, -1e+100, 52502.60515406134
793.688000202179, -1e+100, 52502.60515406134
793.7039999961853, -1e+100, 52499.59904193073
793.7160000801086, -1e+100, 52499.59904193073
793.728000164032, -1e+100, 52499.59904193073
797.0199999809265, -1e+100, 52499.24311632657
797.0420000553131, -1e+100, 52499.24311632657
797.0550000667572, -1e+100, 52498.010613887425
797.069000005722, -1e+100, 52498.010613887425
800.853000164032, -1e+100, 52498.010613887425
800.8670001029968, -1e+100, 52497.69040939867
800.8880000114441, -1e+100, 52496.66184306857
800.904000043869, -1e+100, 52495.98338531862
804.6690001487732, -1e+100, 52495.98338531862
804.688000202179, -1e+100, 52495.98338531862
804.7050001621246, -1e+100, 52495.98338531862
804.7239999771118, -1e+100, 52495.98338531862
804.7440001964569, -1e+100, 52494.872131697244
804.7560000419617, -1e+100, 52494.872131697244
804.7690000534058, -1e+100, 52494.872131697244
808.563000202179, -1e+100, 52494.872131697244
808.5759999752045, -1e+100, 52494.872131697244
808.5920000076294, -1e+100, 52494.872131697244
808.6070001125336, -1e+100, 52492.78789138587
808.6219999790192, -1e+100, 52492.78789138587
808.6370000839233, -1e+100, 52492.78789138587
812.7200000286102, -1e+100, 52492.78789138587
812.7350001335144, -1e+100, 52492.78789138587
812.7380001544952, -1e+100, 52492.78789138587
812.7610001564026, -1e+100, 52490.93160371721
812.7730000019073, -1e+100, 52490.93160371721
812.7870001792908, -1e+100, 52490.93160371721
812.7980000972748, -1e+100, 52490.93160371721
812.8120000362396, -1e+100, 52490.93160371721
812.8259999752045, -1e+100, 52490.93160371721
812.8440001010895, -1e+100, 52490.93160371721
816.779000043869, -1e+100, 52490.93160371721
816.797000169754, -1e+100, 52490.93160371721
816.8159999847412, -1e+100, 52490.93160371721
816.8310000896454, -1e+100, 52490.93160371721
816.8440001010895, -1e+100, 52490.93160371721
816.8570001125336, -1e+100, 52490.93160371721
816.8660001754761, -1e+100, 52485.46852733109
816.8819999694824, -1e+100, 52485.46852733109
816.8980000019073, -1e+100, 52485.46852733109
820.9800000190735, -1e+100, 52485.46852733109
820.9960000514984, -1e+100, 52482.12394795159
821.0050001144409, -1e+100, 52482.12394795159
821.0230000019073, -1e+100, 52482.12394795159
824.5060000419617, -1e+100, 52481.417722600425
824.518000125885, -1e+100, 52481.417722600425
824.5280001163483, -1e+100, 52481.417722600425
824.5400002002716, -1e+100, 52481.417722600425
824.5520000457764, -1e+100, 52481.417722600425
824.5650000572205, -1e+100, 52481.417722600425
828.2180001735687, -1e+100, 52481.417722600425
828.2360000610352, -1e+100, 52481.417722600425
828.2490000724792, -1e+100, 52481.417722600425
828.2660000324249, -1e+100, 52481.417722600425
828.2810001373291, -1e+100, 52481.417722600425
828.2940001487732, -1e+100, 52481.417722600425
828.305999994278, -1e+100, 52481.417722600425
828.308000087738, -1e+100, 52481.417722600425
828.324000120163, -1e+100, 52481.417722600425
832.478000164032, -1e+100, 52476.259897086675
832.4969999790192, -1e+100, 52476.259897086675
832.518000125885, -1e+100, 52476.259897086675
832.5329999923706, -1e+100, 52476.259897086675
832.5540001392365, -1e+100, 52476.259897086675
832.5730001926422, -1e+100, 52476.259897086675
832.5910000801086, -1e+100, 52476.259897086675
836.5080001354218, -1e+100, 52476.259897086675
836.5270001888275, -1e+100, 52476.259897086675
836.545000076294, -1e+100, 52476.259897086675
836.5590000152588, -1e+100, 52476.259897086675
836.5710000991821, -1e+100, 52474.85882431592
836.5810000896454, -1e+100, 52474.85882431592
836.5920000076294, -1e+100, 52474.85882431592
836.6050000190735, -1e+100, 52474.85882431592
836.6160001754761, -1e+100, 52474.85882431592
840.603000164032, -1e+100, 52474.85882431592
840.6230001449585, -1e+100, 52474.85882431592
840.6420001983643, -1e+100, 52473.50329308619
840.6570000648499, -1e+100, 52473.50329308619
840.6779999732971, -1e+100, 52473.50329308619
840.6930000782013, -1e+100, 52473.50329308619
840.7039999961853, -1e+100, 52473.50329308619
840.7160000801086, -1e+100, 52473.50329308619
844.805999994278, -1e+100, 52473.50329308619
844.8170001506805, -1e+100, 52473.50329308619
844.8340001106262, -1e+100, 52473.35498809037
848.7139999866486, -1e+100, 52473.35498809037
848.7330000400543, -1e+100, 52473.35498809037
848.75, -1e+100, 52473.35498809037
852.7910001277924, -1e+100, 52467.97438206135
852.8090000152588, -1e+100, 52467.97438206135
852.8200001716614, -1e+100, 52467.97438206135
852.835000038147, -1e+100, 52467.381511206324
852.8460001945496, -1e+100, 52467.381511206324
856.6679999828339, -1e+100, 52467.219845076695
856.6860001087189, -1e+100, 52466.075046011145
856.7030000686646, -1e+100, 52466.075046011145
856.7180001735687, -1e+100, 52466.075046011145
856.7330000400543, -1e+100, 52466.075046011145
860.7130000591278, -1e+100, 52466.075046011145
860.7269999980927, -1e+100, 52466.075046011145
860.7440001964569, -1e+100, 52466.075046011145
860.7599999904633, -1e+100, 52465.830754613184
860.7760000228882, -1e+100, 52465.830754613184
864.7710001468658, -1e+100, 52464.787808552785
864.7840001583099, -1e+100, 52464.787808552785
864.7890000343323, -1e+100, 52464.787808552785
864.813000202179, -1e+100, 52464.787808552785
864.824000120163, -1e+100, 52464.787808552785
868.9550001621246, -1e+100, 52464.787808552785
868.9800000190735, -1e+100, 52464.787808552785
868.9940001964569, -1e+100, 52463.2350831839
869.0050001144409, -1e+100, 52462.47729811838
869.0190000534058, -1e+100, 52462.47729811838
869.0310001373291, -1e+100, 52462.47729811838
869.0410001277924, -1e+100, 52462.47729811838
872.9010000228882, -1e+100, 52462.47729811838
872.920000076294, -1e+100, 52462.47729811838
872.9320001602173, -1e+100, 52462.47729811838
872.9460000991821, -1e+100, 52462.47729811838
872.962000131607, -1e+100, 52462.47729811838
872.9730000495911, -1e+100, 52462.47729811838
872.9860000610352, -1e+100, 52462.47729811838
872.9880001544952, -1e+100, 52462.47729811838
873.0040001869202, -1e+100, 52462.47729811838
876.8630001544952, -1e+100, 52461.21486654202
876.8770000934601, -1e+100, 52461.21486654202
876.8910000324249, -1e+100, 52461.21486654202
876.904000043869, -1e+100, 52461.21486654202
876.9179999828339, -1e+100, 52461.21486654202
876.9320001602173, -1e+100, 52461.21486654202
876.9409999847412, -1e+100, 52461.21486654202
876.9560000896454, -1e+100, 52461.21486654202
876.9560000896454, -1e+100, 52461.21486654202
876.9720001220703, -1e+100, 52461.21486654202
880.9290001392365, -1e+100, 52461.21486654202
880.949000120163, -1e+100, 52461.21486654202
880.9720001220703, -1e+100, 52461.21486654202
880.9900000095367, -1e+100, 52458.43578356852
881.0060000419617, -1e+100, 52458.43578356852
881.0150001049042, -1e+100, 52458.43578356852
885.1860001087189, -1e+100, 52454.96061477455
885.2030000686646, -1e+100, 52454.96061477455
885.2210001945496, -1e+100, 52454.96061477455
885.2369999885559, -1e+100, 52454.96061477455
885.2520000934601, -1e+100, 52454.96061477455
885.2640001773834, -1e+100, 52454.96061477455
885.2750000953674, -1e+100, 52454.96061477455
885.2780001163483, -1e+100, 52454.96061477455
889.2840001583099, -1e+100, 52454.96061477455
889.2960000038147, -1e+100, 52454.96061477455
889.3100001811981, -1e+100, 52454.56656135764
889.3220000267029, -1e+100, 52454.56656135764
889.335000038147, -1e+100, 52454.56656135764
893.393000125885, -1e+100, 52453.705466802705
893.4079999923706, -1e+100, 52453.705466802705
893.4240000247955, -1e+100, 52453.705466802705
893.438000202179, -1e+100, 52453.705466802705
893.4539999961853, -1e+100, 52453.705466802705
893.4680001735687, -1e+100, 52453.705466802705
893.4850001335144, -1e+100, 52453.705466802705
893.4950001239777, -1e+100, 52453.705466802705
893.5120000839233, -1e+100, 52453.705466802705
893.5250000953674, -1e+100, 52453.705466802705
897.3500001430511, -1e+100, 52451.58851658578
897.3690001964569, -1e+100, 52451.58851658578
897.3840000629425, -1e+100, 52451.58851658578
897.3990001678467, -1e+100, 52451.58851658578
897.4130001068115, -1e+100, 52451.58851658578
897.4279999732971, -1e+100, 52451.44403066244
897.4350001811981, -1e+100, 52451.44403066244
897.4520001411438, -1e+100, 52451.44403066244
897.4610002040863, -1e+100, 52451.44403066244
901.563000202179, -1e+100, 52448.571089792094
901.5830001831055, -1e+100, 52448.571089792094
901.6000001430511, -1e+100, 52448.571089792094
905.5529999732971, -1e+100, 52448.571089792094
905.5700001716614, -1e+100, 52448.571089792094
905.5910000801086, -1e+100, 52448.571089792094
905.6080000400543, -1e+100, 52448.571089792094
905.6240000724792, -1e+100, 52448.571089792094
905.6390001773834, -1e+100, 52448.571089792094
905.6530001163483, -1e+100, 52448.571089792094
905.6650002002716, -1e+100, 52448.571089792094
905.672000169754, -1e+100, 52448.00640004025
905.6860001087189, -1e+100, 52448.00640004025
909.7660000324249, -1e+100, 52447.707446903536
909.779000043869, -1e+100, 52446.50122477701
909.7929999828339, -1e+100, 52446.50122477701
909.8070001602173, -1e+100, 52446.50122477701
909.819000005722, -1e+100, 52446.50122477701
909.8289999961853, -1e+100, 52446.50122477701
909.8400001525879, -1e+100, 52446.50122477701
909.8540000915527, -1e+100, 52446.50122477701
909.8670001029968, -1e+100, 52446.25039248497
913.8050000667572, -1e+100, 52446.25039248497
913.8220000267029, -1e+100, 52446.25039248497
913.8540000915527, -1e+100, 52445.40712000209
913.8680000305176, -1e+100, 52445.40712000209
913.8810000419617, -1e+100, 52445.40712000209
913.8910000324249, -1e+100, 52445.40712000209
913.904000043869, -1e+100, 52445.40712000209
919.7239999771118, -1e+100, 52443.53643335582
923.6000001430511, -1e+100, 52443.34867472223
923.614000082016, -1e+100, 52443.34867472223
923.6310000419617, -1e+100, 52443.34867472223
923.6510000228882, -1e+100, 52443.34867472223
927.7980000972748, -1e+100, 52443.34867472223
927.8120000362396, -1e+100, 52442.91490730859
927.824000120163, -1e+100, 52442.91490730859
927.8380000591278, -1e+100, 52442.91490730859
927.8510000705719, -1e+100, 52442.91490730859
927.8630001544952, -1e+100, 52442.91490730859
927.8790001869202, -1e+100, 52442.91490730859
932.0230000019073, -1e+100, 52442.91490730859
932.0410001277924, -1e+100, 52442.31551266033
932.0550000667572, -1e+100, 52442.31551266033
932.069000005722, -1e+100, 52442.31551266033
932.0800001621246, -1e+100, 52442.31551266033
932.0930001735687, -1e+100, 52439.97819548533
932.1050000190735, -1e+100, 52439.97819548533
936.2860000133514, -1e+100, 52439.97819548533
936.305999994278, -1e+100, 52439.97819548533
936.3180000782013, -1e+100, 52439.97819548533
936.3289999961853, -1e+100, 52439.97819548533
936.3410000801086, -1e+100, 52439.97819548533
936.353000164032, -1e+100, 52439.97819548533
936.3630001544952, -1e+100, 52439.97819548533
936.3700001239777, -1e+100, 52439.97819548533
936.3700001239777, -1e+100, 52439.97819548533
940.308000087738, -1e+100, 52437.53153464035
940.3289999961853, -1e+100, 52437.077198876825
940.3480000495911, -1e+100, 52437.077198876825
940.3610000610352, -1e+100, 52437.077198876825
940.3719999790192, -1e+100, 52437.077198876825
946.1290001869202, -1e+100, 52437.07208564298
946.1549999713898, 32093.540074590874, 52437.07208564298
946.172000169754, 32369.985468985247, 52437.07208564298
946.1900000572205, 32369.985468985247, 52437.07208564298
946.2060000896454, 32369.985468985247, 52437.07208564298
946.2190001010895, 32369.985468985247, 52437.07208564298
946.2310001850128, 32369.985468985247, 52437.07208564298
950.4560000896454, 32369.985468985247, 52436.92860378523
950.4710001945496, 32369.985468985247, 52436.92860378523
950.4850001335144, 32369.985468985247, 52436.92860378523
950.5, 32369.985468985247, 52436.92860378523
950.5140001773834, 32369.985468985247, 52436.92860378523
950.5260000228882, 32369.985468985247, 52436.92860378523
950.5380001068115, 32369.985468985247, 52436.92860378523
950.547000169754, 32369.985468985247, 52436.92860378523
950.563000202179, 32369.985468985247, 52436.92860378523
954.7060000896454, 32369.985468985247, 52436.92860378523
954.7130000591278, 32369.985468985247, 52436.92860378523
954.739000082016, 32369.985468985247, 52436.92860378523
954.7550001144409, 32369.985468985247, 52436.92860378523
954.7699999809265, 32369.985468985247, 52436.92860378523
954.7850000858307, 32369.985468985247, 52435.99952730392
954.7980000972748, 32369.985468985247, 52435.99952730392
954.8110001087189, 32369.985468985247, 52435.99952730392
954.8220000267029, 32369.985468985247, 52435.99952730392
954.8280000686646, 32369.985468985247, 52435.99952730392
954.8440001010895, 32369.985468985247, 52435.99952730392
954.8550000190735, 32369.985468985247, 52435.99952730392
954.8680000305176, 32369.985468985247, 52435.99952730392
959.1219999790192, 32369.985468985247, 52435.99952730392
959.143000125885, 32369.985468985247, 52435.99952730392
959.1600000858307, 32369.985468985247, 52435.99952730392
959.1779999732971, 32369.985468985247, 52435.99952730392
959.188000202179, 32369.985468985247, 52435.99952730392
959.2009999752045, 32369.985468985247, 52435.99952730392
959.212000131607, 32369.985468985247, 52435.99952730392
959.2239999771118, 32369.985468985247, 52435.99952730392
959.2380001544952, 32369.985468985247, 52435.99952730392
959.2480001449585, 32369.985468985247, 52435.99952730392
959.2580001354218, 32369.985468985247, 52435.99952730392
963.8790001869202, 32369.985468985247, 52435.99952730392
963.8790001869202, 32369.985468985247, 52435.99952730392
963.9030001163483, 32369.985468985247, 52435.99952730392
963.9120001792908, 32369.985468985247, 52435.99952730392
963.9240000247955, 32369.985468985247, 52435.99952730392
963.938000202179, 32369.985468985247, 52435.99952730392
963.9509999752045, 32369.985468985247, 52435.99952730392
963.9639999866486, 32369.985468985247, 52435.99952730392
963.9680001735687, 32369.985468985247, 52435.99952730392
963.9840002059937, 32369.985468985247, 52435.99952730392
963.9840002059937, 32369.985468985247, 52435.175833500405
968.5190000534058, 32369.985468985247, 52431.92487868962
968.5280001163483, 32369.985468985247, 52431.92487868962
968.5460000038147, 39545.6878684462, 52431.92487868962
968.5570001602173, 39545.6878684462, 52431.92487868962
968.5659999847412, 39545.6878684462, 52431.92487868962
968.5780000686646, 39545.6878684462, 52431.92487868962
973.3090000152588, 39545.6878684462, 52431.92487868962
973.3259999752045, 39545.6878684462, 52431.92487868962
973.3400001525879, 39545.6878684462, 52431.92487868962
973.3519999980927, 39545.6878684462, 52431.060023909595
973.364000082016, 39545.6878684462, 52431.060023909595
973.3760001659393, 39545.6878684462, 52431.060023909595
973.3870000839233, 39545.6878684462, 52431.060023909595
973.3920001983643, 39545.6878684462, 52431.060023909595
977.8860001564026, 39545.6878684462, 52431.060023909595
977.9020001888275, 39545.6878684462, 52431.060023909595
977.9190001487732, 39545.6878684462, 52431.060023909595
977.9390001296997, 39545.6878684462, 52431.060023909595
977.9500000476837, 39545.6878684462, 52431.060023909595
977.962000131607, 39545.6878684462, 52431.060023909595
977.9739999771118, 39545.6878684462, 52431.060023909595
977.9830000400543, 39545.6878684462, 52431.060023909595
977.9930000305176, 39545.6878684462, 52431.060023909595
978.0040001869202, 39545.6878684462, 52431.060023909595
982.4160001277924, 39545.6878684462, 52431.060023909595
982.4360001087189, 39545.6878684462, 52431.060023909595
982.4539999961853, 39545.6878684462, 52431.060023909595
982.4650001525879, 39545.6878684462, 52431.060023909595
982.4800000190735, 39545.6878684462, 52431.060023909595
982.4930000305176, 39545.6878684462, 52431.060023909595
982.5030000209808, 39545.6878684462, 52431.060023909595
982.5120000839233, 39545.6878684462, 52431.060023909595
982.5210001468658, 39545.6878684462, 52431.060023909595
982.5310001373291, 39545.6878684462, 52431.060023909595
987.5170001983643, 39545.6878684462, 52431.060023909595
987.5310001373291, 39545.6878684462, 52431.060023909595
987.5420000553131, 39545.6878684462, 52431.060023909595
987.5550000667572, 39545.6878684462, 52431.060023909595
987.5659999847412, 39545.6878684462, 52431.060023909595
987.574000120163, 39545.6878684462, 52431.060023909595
987.5830001831055, 39545.6878684462, 52431.060023909595
987.5930001735687, 39545.6878684462, 52431.060023909595
987.6019999980927, 39545.6878684462, 52431.060023909595
987.6119999885559, 39545.6878684462, 52431.060023909595
992.1270000934601, 39545.6878684462, 52431.060023909595
992.1440000534058, 39545.6878684462, 52431.060023909595
992.1590001583099, 39545.6878684462, 52431.060023909595
992.1740000247955, 39545.6878684462, 52431.060023909595
992.188000202179, 40418.411281274166, 52431.060023909595
992.2039999961853, 40418.411281274166, 52431.060023909595
996.7160000801086, 40418.411281274166, 52431.060023909595
996.7380001544952, 40418.411281274166, 52431.060023909595
996.7520000934601, 40418.411281274166, 52431.060023909595
996.7660000324249, 40418.411281274166, 52431.060023909595
996.779000043869, 40418.411281274166, 52431.060023909595
1001.4900000095367, 40418.411281274166, 52431.060023909595
1001.5060000419617, 40418.411281274166, 52431.060023909595
1001.5190000534058, 40418.411281274166, 52431.060023909595
1001.5320000648499, 40418.411281274166, 52427.6377438801
1001.5440001487732, 40418.411281274166, 52427.6377438801
1001.555999994278, 40418.411281274166, 52426.104050686685
1006.2870001792908, 40418.411281274166, 52426.104050686685
1006.3050000667572, 40418.411281274166, 52426.104050686685
1006.319000005722, 40418.411281274166, 52426.104050686685
1006.3320000171661, 40418.411281274166, 52426.104050686685
1006.3460001945496, 40418.411281274166, 52426.104050686685
1006.3630001544952, 40418.411281274166, 52426.104050686685
1006.3800001144409, 40418.411281274166, 52426.104050686685
1006.3940000534058, 40418.411281274166, 52426.104050686685
1006.4060001373291, 40418.411281274166, 52426.104050686685
1006.4160001277924, 40418.411281274166, 52426.104050686685
1011.0650000572205, 40418.411281274166, 52425.77062844048
1011.0820000171661, 40418.411281274166, 52425.77062844048
1011.1000001430511, 40418.411281274166, 52425.77062844048
1011.1100001335144, 40418.411281274166, 52425.77062844048
1011.1210000514984, 40418.411281274166, 52425.77062844048
1011.1330001354218, 40418.411281274166, 52425.77062844048
1011.1449999809265, 40418.411281274166, 52425.77062844048
1011.1570000648499, 40418.411281274166, 52425.77062844048
1011.1679999828339, 40418.411281274166, 52425.77062844048
1011.170000076294, 40418.411281274166, 52425.77062844048
1011.1870000362396, 40418.411281274166, 52425.77062844048
1016.6500000953674, 40418.411281274166, 52425.77062844048
1016.6620001792908, 40418.411281274166, 52425.77062844048
1016.6670000553131, 40418.411281274166, 52425.77062844048
1016.6840000152588, 40418.411281274166, 52425.77062844048
1016.6930000782013, 40418.411281274166, 52425.77062844048
1016.7039999961853, 40418.411281274166, 52425.77062844048
1016.7130000591278, 40418.411281274166, 52425.77062844048
1016.7230000495911, 40418.411281274166, 52425.77062844048
1021.462000131607, 40418.411281274166, 52425.77062844048
1021.4760000705719, 40418.411281274166, 52425.77062844048
1021.4850001335144, 40418.411281274166, 52425.77062844048
1021.4960000514984, 40418.411281274166, 52425.77062844048
1021.5080001354218, 40418.411281274166, 52425.77062844048
1021.5199999809265, 40418.411281274166, 52425.108626451285
1026.281000137329, 40418.411281274166, 52425.108626451285
1026.2960000038147, 40418.411281274166, 52425.108626451285
1026.3070001602173, 40418.411281274166, 52425.108626451285
1026.3180000782013, 40418.411281274166, 52425.108626451285
1026.3280000686646, 40418.411281274166, 52425.108626451285
1026.3380000591278, 40418.411281274166, 52425.108626451285
1026.351000070572, 40418.411281274166, 52425.108626451285
1026.3610000610352, 40418.411281274166, 52425.108626451285
1026.3710000514984, 40418.411281274166, 52424.27799789956
1026.3810000419617, 40418.411281274166, 52424.27799789956
1030.8320000171661, 40418.411281274166, 52424.27799789956
1030.8489999771118, 40418.411281274166, 52424.27799789956
1030.864000082016, 40418.411281274166, 52424.27799789956
1030.8760001659393, 40418.411281274166, 52424.27799789956
1030.8900001049042, 40418.411281274166, 52424.27799789956
1035.3890001773834, 40418.411281274166, 52424.27799789956
1035.4150002002716, 40418.411281274166, 52424.27799789956
1035.4320001602173, 40418.411281274166, 52424.27799789956
1035.444000005722, 40418.411281274166, 52424.27799789956
1035.4560000896454, 40418.411281274166, 52424.27799789956
1035.4700000286102, 40418.411281274166, 52424.27799789956
1035.4850001335144, 40418.411281274166, 52424.27799789956
1035.491000175476, 40418.411281274166, 52424.27799789956
1035.5080001354218, 40418.411281274166, 52424.27799789956
1035.5250000953674, 40418.411281274166, 52424.27799789956
1035.5250000953674, 40418.411281274166, 52424.27799789956
1035.5480000972748, 40418.411281274166, 52424.27799789956
1035.563000202179, 40418.411281274166, 52419.05580535143
1035.574000120163, 40418.411281274166, 52419.05580535143
1039.986999988556, 40418.411281274166, 52419.05580535143
1040.00200009346, 40418.411281274166, 52419.05580535143
1040.016000032425, 40418.411281274166, 52419.05580535143
1040.029000043869, 40418.411281274166, 52419.05580535143
1040.045000076294, 40418.411281274166, 52419.05580535143
1040.0640001296997, 40418.411281274166, 52418.51506524912
1040.0800001621246, 40418.411281274166, 52418.51506524912
1046.143000125885, 40418.411281274166, 52418.51506524912
1046.1579999923706, 40418.411281274166, 52418.51506524912
1046.172000169754, 40418.411281274166, 52418.51506524912
1046.1850001811981, 40418.411281274166, 52418.51506524912
1046.1970000267029, 40418.411281274166, 52418.51506524912
1046.2090001106262, 40418.411281274166, 52418.51506524912
1046.2190001010895, 40418.411281274166, 52418.51506524912
1050.8600001335144, 40418.411281274166, 52417.48941776633
1050.8840000629425, 40418.411281274166, 52417.3115053315
1050.9010000228882, 40418.411281274166, 52417.3115053315
1050.9150002002716, 40418.411281274166, 52417.3115053315
1050.9270000457764, 40418.411281274166, 52417.3115053315
1050.9360001087189, 40418.411281274166, 52417.3115053315
1055.388000011444, 40418.411281274166, 52417.3115053315
1055.4130001068115, 40418.411281274166, 52417.3115053315
1055.430999994278, 40418.411281274166, 52417.3115053315
1055.444000005722, 40418.411281274166, 52417.3115053315
1055.460000038147, 40418.411281274166, 52417.3115053315
1055.476000070572, 40418.411281274166, 52417.3115053315
1055.4790000915527, 40418.411281274166, 52417.3115053315
1055.5060000419617, 40418.411281274166, 52417.3115053315
1055.513000011444, 40418.411281274166, 52417.3115053315
1055.5299999713898, 40418.411281274166, 52417.3115053315
1055.5400002002716, 40418.411281274166, 52417.3115053315
1055.555999994278, 40418.411281274166, 52417.3115053315
1060.1340000629425, 40418.411281274166, 52417.3115053315
1060.1549999713898, 40418.411281274166, 52417.3115053315
1060.1690001487732, 40418.411281274166, 52417.3115053315
1060.180999994278, 40418.411281274166, 52417.3115053315
1065.8450000286102, 40418.411281274166, 52414.60661901056
1065.8590002059937, 40418.411281274166, 52414.60661901056
1065.8730001449585, 40418.411281274166, 52414.60661901056
1065.8860001564026, 40418.411281274166, 52414.60661901056
1065.8960001468658, 40418.411281274166, 52414.60661901056
1065.9049999713898, 40418.411281274166, 52414.60661901056
1070.587000131607, 40418.411281274166, 52410.2140169454
1070.611999988556, 40418.411281274166, 52410.2140169454
1070.6290001869202, 40418.411281274166, 52410.2140169454
1070.6420001983643, 40418.411281274166, 52410.2140169454
1070.654000043869, 40418.411281274166, 52410.2140169454
1070.6679999828339, 40418.411281274166, 52410.014760300575
1075.0199999809265, 40418.411281274166, 52410.014760300575
1075.0460000038147, 40418.411281274166, 52410.014760300575
1075.0620000362396, 40418.411281274166, 52410.014760300575
1075.0730001926422, 40418.411281274166, 52410.014760300575
1075.085000038147, 40418.411281274166, 52410.014760300575
1075.0970001220703, 40418.411281274166, 52410.014760300575
1075.1080000400543, 40418.411281274166, 52410.014760300575
1075.1210000514984, 40418.411281274166, 52410.014760300575
1075.1349999904633, 40418.411281274166, 52410.014760300575
1075.1480000019073, 40418.411281274166, 52408.805669011075
1075.1610000133514, 40418.411281274166, 52408.805669011075
1075.1740000247955, 40418.411281274166, 52408.805669011075
1075.1850001811981, 40418.411281274166, 52408.805669011075
1075.1980001926422, 40418.411281274166, 52408.805669011075
1080.7290000915527, 40418.411281274166, 52405.7955796329
1080.75, 40418.411281274166, 52405.7955796329
1080.7690000534058, 40418.411281274166, 52405.7955796329
1080.781000137329, 40418.411281274166, 52405.7955796329
1080.7940001487732, 40418.411281274166, 52405.7955796329
1080.805999994278, 40418.411281274166, 52405.7955796329
1080.8120000362396, 40418.411281274166, 52405.321786303066
1080.8280000686646, 40418.411281274166, 52405.321786303066
1080.8440001010895, 40418.411281274166, 52405.321786303066
1085.2740001678467, 40418.411281274166, 52404.10316715517
1085.2940001487732, 40418.411281274166, 52404.10316715517
1085.3050000667572, 40418.411281274166, 52404.10316715517
1085.3200001716614, 40418.411281274166, 52404.10316715517
1085.335000038147, 40418.411281274166, 52404.10316715517
1085.3470001220703, 40418.411281274166, 52404.10316715517
1085.3610000610352, 40418.411281274166, 52404.10316715517
1085.3740000724792, 40418.411281274166, 52404.10316715517
1085.3870000839233, 40418.411281274166, 52404.10316715517
1085.3980000019073, 40418.411281274166, 52401.9025273778
1085.4140000343323, 40418.411281274166, 52401.9025273778
1085.420000076294, 40418.411281274166, 52401.9025273778
1090.1060001850128, 40418.411281274166, 52401.9025273778
1090.1200001239777, 40418.411281274166, 52401.9025273778
1095.851000070572, 40418.411281274166, 52400.60997225469
1095.8680000305176, 40418.411281274166, 52398.15808000171
1095.888000011444, 40418.411281274166, 52397.296335054176
1095.9049999713898, 40418.411281274166, 52397.296335054176
1095.917000055313, 40418.411281274166, 52397.296335054176
1095.9279999732971, 40418.411281274166, 52397.296335054176
1100.5069999694824, 40418.411281274166, 52397.296335054176
1100.53400015831, 40418.411281274166, 52397.296335054176
1100.5510001182556, 40418.411281274166, 52397.296335054176
1100.5640001296997, 40418.411281274166, 52395.881413831754
1100.5789999961853, 40418.411281274166, 52395.881413831754
1100.5940001010895, 40418.411281274166, 52395.881413831754
1100.6060001850128, 40418.411281274166, 52395.881413831754
1105.1579999923706, 40418.411281274166, 52395.23450465059
1105.1750001907349, 40418.411281274166, 52395.23450465059
1105.188000202179, 40418.411281274166, 52395.23450465059
1105.199000120163, 40418.411281274166, 52395.23450465059
1105.212000131607, 40418.411281274166, 52395.23450465059
1105.2239999771118, 40418.411281274166, 52395.23450465059
1105.2360000610352, 40418.411281274166, 52395.23450465059
1105.2430000305176, 40418.411281274166, 52395.23450465059
1105.2590000629425, 40418.411281274166, 52395.23450465059
1110.5260000228882, 40418.411281274166, 52395.23450465059
1110.5390000343323, 40418.411281274166, 52395.23450465059
1110.555999994278, 40418.411281274166, 52394.465898593895
1110.5700001716614, 40418.411281274166, 52394.465898593895
1110.5840001106262, 40418.411281274166, 52393.71498108383
1110.5970001220703, 40418.411281274166, 52393.71498108383
1110.6090002059937, 40418.411281274166, 52393.71498108383
1110.6210000514984, 40418.411281274166, 52393.71498108383
1110.6340000629425, 40418.411281274166, 52393.71498108383
1110.6500000953674, 40418.411281274166, 52393.71498108383
1115.4670000076294, 40418.411281274166, 52393.71498108383
1115.4750001430511, 40418.411281274166, 52393.71498108383
1115.4950001239777, 40418.411281274166, 52393.71498108383
1115.5140001773834, 40418.411281274166, 52393.71498108383
1115.5260000228882, 40418.411281274166, 52393.71498108383
1115.5400002002716, 40418.411281274166, 52393.71498108383
1115.5510001182556, 40418.411281274166, 52393.71498108383
1115.5590000152588, 40418.411281274166, 52393.71498108383
1115.5710000991821, 40418.411281274166, 52393.71498108383
1115.587000131607, 40418.411281274166, 52393.71498108383
1115.5930001735687, 40418.411281274166, 52393.71498108383
1115.6110000610352, 40418.411281274166, 52393.71498108383
1115.619000196457, 40418.411281274166, 52393.71498108383
1120.8300001621246, 40418.411281274166, 52393.71498108383
1120.8450000286102, 40418.411281274166, 52393.71498108383
1120.8590002059937, 40418.411281274166, 52391.71242451079
1120.875, 40418.411281274166, 52391.71242451079
1120.8940000534058, 40418.411281274166, 52391.71242451079
1120.90900015831, 40418.411281274166, 52391.71242451079
1120.9210000038147, 40418.411281274166, 52391.71242451079
1120.9270000457764, 40418.411281274166, 52391.71242451079
1120.9430000782013, 40418.411281274166, 52391.71242451079
1120.9580001831055, 40418.411281274166, 52391.71242451079
1120.9580001831055, 40418.411281274166, 52391.71242451079
1125.6310000419617, 40418.411281274166, 52391.71242451079
1125.6549999713898, 40418.411281274166, 52391.71242451079
1125.672000169754, 40418.411281274166, 52391.71242451079
1130.8860001564026, 40418.411281274166, 52391.71242451079
1130.9000000953674, 40418.411281274166, 52387.763554291916
1130.9030001163483, 40418.411281274166, 52387.763554291916
1130.9320001602173, 40418.411281274166, 52387.763554291916
1130.9460000991821, 40418.411281274166, 52385.894700792895
1130.9590001106262, 40418.411281274166, 52385.894700792895
1130.9710001945496, 40418.411281274166, 52385.894700792895
1130.9830000400543, 40418.411281274166, 52385.894700792895
1130.9880001544952, 40418.411281274166, 52385.894700792895
1136.2380001544952, 40418.411281274166, 52385.894700792895
1136.2540001869202, 40418.411281274166, 52385.894700792895
1136.2730000019073, 40418.411281274166, 52384.6734283413
1136.2860000133514, 40418.411281274166, 52384.6734283413
1136.3000001907349, 40418.411281274166, 52384.6734283413
1136.313000202179, 40418.411281274166, 52384.6734283413
1136.3250000476837, 40418.411281274166, 52384.6734283413
1141.8489999771118, 40418.411281274166, 52384.6734283413
1141.8680000305176, 40418.411281274166, 52384.6734283413
1141.880000114441, 40418.411281274166, 52384.6734283413
1141.8920001983643, 40418.411281274166, 52384.6734283413
1141.9010000228882, 40418.411281274166, 52384.6734283413
1141.9120001792908, 40418.411281274166, 52384.6734283413
1147.7469999790192, 40418.411281274166, 52384.6734283413
1147.7469999790192, 40418.411281274166, 52384.6734283413
1147.7720000743866, 40418.411281274166, 52384.6734283413
1147.7850000858307, 40418.411281274166, 52384.6734283413
1147.795000076294, 40418.411281274166, 52384.6734283413
1147.8040001392365, 40418.411281274166, 52384.6734283413
1152.8650000095367, 40418.411281274166, 52384.6734283413
1152.8790001869202, 40418.411281274166, 52384.6734283413
1152.8990001678467, 40418.411281274166, 52384.6734283413
1152.9110000133514, 40418.411281274166, 52382.39092282153
1152.9260001182556, 40418.411281274166, 52382.39092282153
1152.9409999847412, 40418.411281274166, 52382.39092282153
1152.9520001411438, 40418.411281274166, 52382.39092282153
1158.0770001411438, 40418.411281274166, 52382.39092282153
1158.0960001945496, 40418.411281274166, 52382.39092282153
1158.1110000610352, 40418.411281274166, 52382.39092282153
1158.130000114441, 40418.411281274166, 52382.39092282153
1158.1420001983643, 40418.411281274166, 52382.39092282153
1158.1549999713898, 40418.411281274166, 52382.39092282153
1158.1690001487732, 40418.411281274166, 52382.39092282153
1158.1779999732971, 40418.411281274166, 52382.39092282153
1158.1820001602173, 40418.411281274166, 52382.39092282153
1158.2000000476837, 40418.411281274166, 52377.40169985992
1158.210000038147, 40418.411281274166, 52377.40169985992
1158.2220001220703, 40418.411281274166, 52377.40169985992
1163.2180001735687, 40418.411281274166, 52377.40169985992
1163.2350001335144, 40418.411281274166, 52377.40169985992
1163.2569999694824, 40418.411281274166, 52377.40169985992
1163.2720000743866, 40418.411281274166, 52377.40169985992
1163.2860000133514, 40418.411281274166, 52377.40169985992
1163.3010001182556, 40418.411281274166, 52377.40169985992
1163.3150000572205, 40418.411281274166, 52375.918438903274
1163.3220000267029, 40418.411281274166, 52375.918438903274
1163.340000152588, 40418.411281274166, 52375.918438903274
1163.3540000915527, 40418.411281274166, 52375.918438903274
1163.3550000190735, 40418.411281274166, 52373.61981006422
1168.4409999847412, 40418.411281274166, 52373.61981006422
1168.4590001106262, 40418.411281274166, 52373.61981006422
1168.4739999771118, 40418.411281274166, 52373.61981006422
1168.4930000305176, 40418.411281274166, 52373.61981006422
1168.505000114441, 40418.411281274166, 52373.61981006422
1168.518000125885, 40418.411281274166, 52373.61981006422
1173.8890001773834, 40418.411281274166, 52373.61981006422
1173.9049999713898, 40418.411281274166, 52368.41550183467
1173.917000055313, 40418.411281274166, 52368.41550183467
1173.9320001602173, 40418.411281274166, 52368.41550183467
1173.9450001716614, 40418.411281274166, 52368.14385123722
1178.9360001087189, 40418.411281274166, 52365.03513668238
1178.9409999847412, 40418.411281274166, 52365.03513668238
1178.9630000591278, 40418.411281274166, 52365.03513668238
1178.9769999980927, 40418.411281274166, 52365.03513668238
1178.991000175476, 40418.411281274166, 52365.03513668238
1179.00200009346, 40418.411281274166, 52365.03513668238
1179.0150001049042, 40418.411281274166, 52365.03513668238
1179.0270001888275, 40418.411281274166, 52365.03513668238
1184.0320000648499, 40418.411281274166, 52365.03513668238
1184.0429999828339, 40418.411281274166, 52365.03513668238
1184.058000087738, 40418.411281274166, 52365.03513668238
1184.0720000267029, 40418.411281274166, 52363.48619642294
1184.087000131607, 40418.411281274166, 52363.48619642294
1184.0960001945496, 40418.411281274166, 52363.48619642294
1184.1090002059937, 40418.411281274166, 52363.48619642294
1184.1219999790192, 40418.411281274166, 52363.48619642294
1189.1660001277924, 40418.411281274166, 52363.48619642294
1189.1850001811981, 40418.411281274166, 52363.48619642294
1189.2020001411438, 40418.411281274166, 52363.48619642294
1189.2170000076294, 40418.411281274166, 52363.48619642294
1189.2330000400543, 40418.411281274166, 52363.48619642294
1189.244000196457, 40418.411281274166, 52362.264769062014
1194.2620000839233, 40418.411281274166, 52360.042599029555
1194.2900002002716, 40418.411281274166, 52360.042599029555
1194.305999994278, 40418.411281274166, 52360.042599029555
1194.3210000991821, 40418.411281274166, 52360.042599029555
1194.3340001106262, 40418.411281274166, 52360.042599029555
1199.3960001468658, 40418.411281274166, 52360.042599029555
1199.417000055313, 40418.411281274166, 52360.042599029555
1199.4320001602173, 40418.411281274166, 52360.042599029555
1199.4509999752045, 40418.411281274166, 52359.14886260171
1199.4690001010895, 40418.411281274166, 52359.14886260171
1199.4880001544952, 40418.411281274166, 52359.14886260171
1204.2750000953674, 40418.411281274166, 52355.99777345478
1204.2910001277924, 40418.411281274166, 52355.99777345478
1204.3180000782013, 40418.411281274166, 52355.99777345478
1204.3300001621246, 40418.411281274166, 52355.99777345478
1208.8949999809265, 40418.411281274166, 52355.99777345478
1208.920000076294, 40418.411281274166, 52355.99777345478
1208.9350001811981, 40418.411281274166, 52355.571971861435
1208.9480001926422, 40418.411281274166, 52355.571971861435
1208.9590001106262, 40418.411281274166, 52355.571971861435
1208.9710001945496, 40418.411281274166, 52355.571971861435
1214.0680000782013, 40418.411281274166, 52352.89051710345
1214.085000038147, 40418.411281274166, 52352.89051710345
1214.1019999980927, 40418.411281274166, 52352.89051710345
1214.1180000305176, 40418.411281274166, 52352.18735542034
1214.1330001354218, 40418.411281274166, 52352.18735542034
1214.1470000743866, 40418.411281274166, 52349.18568297895
1219.5350000858307, 40418.411281274166, 52349.037318448936
1219.555999994278, 40418.411281274166, 52348.95008914855
1219.5780000686646, 40418.411281274166, 52348.95008914855
1219.5920000076294, 40418.411281274166, 52348.95008914855
1219.6050000190735, 40418.411281274166, 52348.95008914855
1224.5759999752045, 40418.411281274166, 52348.95008914855
1224.5930001735687, 40418.411281274166, 52348.95008914855
1224.6090002059937, 40418.411281274166, 52348.11950465195
1224.6210000514984, 40418.411281274166, 52348.11950465195
1224.6370000839233, 40418.411281274166, 52348.11950465195
1224.6530001163483, 40418.411281274166, 52348.11950465195
1224.6650002002716, 40418.411281274166, 52348.11950465195
1224.6760001182556, 40418.411281274166, 52348.11950465195
1224.6870000362396, 40418.411281274166, 52348.11950465195
1224.6960000991821, 40418.411281274166, 52348.11950465195
1224.710000038147, 40418.411281274166, 52348.11950465195
1229.625, 40418.411281274166, 52348.11950465195
1229.6360001564026, 40418.411281274166, 52348.11950465195
1229.6520001888275, 40418.411281274166, 52348.11950465195
1229.6660001277924, 40418.411281274166, 52348.11950465195
1229.6820001602173, 40418.411281274166, 52346.09014662055
1229.6970000267029, 40418.411281274166, 52346.09014662055
1229.7080001831055, 40418.411281274166, 52346.09014662055
1229.7160000801086, 40418.411281274166, 52346.09014662055
1234.8310000896454, 40418.411281274166, 52346.09014662055
1234.8410000801086, 40418.411281274166, 52345.0033270524
1239.8540000915527, 40418.411281274166, 52344.02868163665
1239.866000175476, 40418.411281274166, 52344.02868163665
1239.8780000209808, 40418.411281274166, 52344.02868163665
1239.893000125885, 40418.411281274166, 52344.02868163665
1244.7750000953674, 40418.411281274166, 52342.9564365913
1244.792000055313, 40418.411281274166, 52341.403228753785
1244.8220000267029, 40418.411281274166, 52341.403228753785
1244.8410000801086, 40418.411281274166, 52341.019068127775
1244.8590002059937, 40418.411281274166, 52341.019068127775
1244.8719999790192, 40418.411281274166, 52341.019068127775
1244.8860001564026, 40418.411281274166, 52341.019068127775
1244.8949999809265, 40418.411281274166, 52341.019068127775
1249.8710000514984, 40418.411281274166, 52340.39772927986
1249.8900001049042, 40418.411281274166, 52340.39772927986
1249.9030001163483, 40418.411281274166, 52340.39772927986
1249.917000055313, 40418.411281274166, 52340.39772927986
1249.933000087738, 40418.411281274166, 52340.39772927986
1249.9450001716614, 40418.411281274166, 52340.39772927986
1249.9560000896454, 40418.411281274166, 52339.15812291895
1254.9160001277924, 40418.411281274166, 52339.15812291895
1254.9409999847412, 40418.411281274166, 52339.15812291895
1254.9560000896454, 40418.411281274166, 52339.15812291895
1254.973000049591, 40418.411281274166, 52339.15812291895
1254.989000082016, 40418.411281274166, 52339.15812291895
1254.9980001449585, 40418.411281274166, 52339.15812291895
1255.00200009346, 40418.411281274166, 52339.15812291895
1255.0210001468658, 40418.411281274166, 52339.15812291895
1255.03400015831, 40418.411281274166, 52339.15812291895
1255.0460000038147, 40418.411281274166, 52339.15812291895
1255.0570001602173, 40418.411281274166, 52337.22402325768
1255.069000005722, 40418.411281274166, 52337.22402325768
1255.0789999961853, 40418.411281274166, 52337.22402325768
1255.0889999866486, 40418.411281274166, 52337.22402325768
1255.101000070572, 40418.411281274166, 52337.22402325768
1255.1060001850128, 40418.411281274166, 52337.22402325768
1259.9390001296997, 40418.411281274166, 52337.22402325768
1259.9539999961853, 40418.411281274166, 52337.22402325768
1259.9639999866486, 40418.411281274166, 52335.81866798924
1259.9720001220703, 40418.411281274166, 52335.81866798924
1259.9800000190735, 40418.411281274166, 52335.81866798924
1260.0010001659393, 40418.411281274166, 52335.58508394594
1260.0120000839233, 40418.411281274166, 52335.58508394594
1260.0230000019073, 40418.411281274166, 52335.16168369422
1260.042000055313, 40418.411281274166, 52335.16168369422
1264.9850001335144, 40418.411281274166, 52335.16168369422
1264.9980001449585, 40418.411281274166, 52335.16168369422
1265.0110001564026, 40418.411281274166, 52334.98924034259
1265.0260000228882, 40418.411281274166, 52334.98924034259
1265.042000055313, 40418.411281274166, 52334.98924034259
1265.0550000667572, 40418.411281274166, 52334.98924034259
1265.0670001506805, 40418.411281274166, 52334.98924034259
1265.0789999961853, 40418.411281274166, 52334.98924034259
1265.0910000801086, 40418.411281274166, 52334.98924034259
1265.1000001430511, 40418.411281274166, 52334.98924034259
1265.1090002059937, 40418.411281274166, 52334.98924034259
1265.1210000514984, 40418.411281274166, 52334.98924034259
1265.1349999904633, 40418.411281274166, 52334.98924034259
1265.1480000019073, 40418.411281274166, 52334.98924034259
1265.15900015831, 40418.411281274166, 52334.98924034259
1270.1920001506805, 40418.411281274166, 52334.98924034259
1270.2090001106262, 40418.411281274166, 52334.98924034259
1270.223000049591, 40418.411281274166, 52334.98924034259
1270.2360000610352, 40418.411281274166, 52334.98924034259
1270.25, 40418.411281274166, 52334.98924034259
1270.263000011444, 40418.411281274166, 52334.98924034259
1270.2770001888275, 40418.411281274166, 52334.98924034259
1270.2870001792908, 40418.411281274166, 52334.98924034259
1270.3020000457764, 40418.411281274166, 52334.98924034259
1270.319000005722, 40418.411281274166, 52334.98924034259
1270.335000038147, 40418.411281274166, 52334.98924034259
1270.3470001220703, 40418.411281274166, 52332.8392896434
1270.351000070572, 40418.411281274166, 52332.8392896434
1275.3870000839233, 40418.411281274166, 52332.8392896434
1275.3980000019073, 40418.411281274166, 52330.19230434686
1275.4190001487732, 40418.411281274166, 52330.19230434686
1275.4350001811981, 40418.411281274166, 52330.19230434686
1275.4500000476837, 40418.411281274166, 52330.19230434686
1275.462000131607, 40418.411281274166, 52330.19230434686
1280.6100001335144, 40418.411281274166, 52329.676744511584
1280.6200001239777, 40418.411281274166, 52329.676744511584
1280.641000032425, 40418.411281274166, 52329.676744511584
1280.6549999713898, 40418.411281274166, 52329.676744511584
1280.6690001487732, 40418.411281274166, 52328.41974335891
1280.6820001602173, 40418.411281274166, 52328.41974335891
1285.7130000591278, 40418.411281274166, 52328.41974335891
1285.7300000190735, 40418.411281274166, 52328.41974335891
1285.744000196457, 40418.411281274166, 52326.85063814845
1285.7560000419617, 40418.411281274166, 52326.85063814845
1285.7710001468658, 40418.411281274166, 52326.85063814845
1285.7860000133514, 40418.411281274166, 52325.64207844566
1285.8029999732971, 40418.411281274166, 52325.64207844566
1285.813000202179, 40418.411281274166, 52325.64207844566
1291.2430000305176, 40418.411281274166, 52325.64207844566
1291.2560000419617, 40418.411281274166, 52325.64207844566
1291.2690000534058, 40418.411281274166, 52325.64207844566
1291.281000137329, 40418.411281274166, 52325.64207844566
1291.2929999828339, 40418.411281274166, 52325.64207844566
1291.305999994278, 40418.411281274166, 52325.64207844566
1291.319000005722, 40418.411281274166, 52325.64207844566
1291.3280000686646, 40418.411281274166, 52325.64207844566
1291.3440001010895, 40418.411281274166, 52325.64207844566
1296.5860002040863, 40418.411281274166, 52325.64207844566
1296.6110000610352, 40418.411281274166, 52322.82667620754
1296.6260001659393, 40418.411281274166, 52322.82667620754
1296.6390001773834, 40418.411281274166, 52322.82667620754
1296.6520001888275, 40418.411281274166, 52322.344892867164
1296.6640000343323, 40418.411281274166, 52322.344892867164
1296.6730000972748, 40418.411281274166, 52322.344892867164
1296.6800000667572, 40418.411281274166, 52322.344892867164
1301.680999994278, 40418.411281274166, 52322.344892867164
1301.7000000476837, 40418.411281274166, 52322.344892867164
1301.723000049591, 40418.411281274166, 52322.344892867164
1301.7380001544952, 40418.411281274166, 52322.344892867164
1301.7530000209808, 40418.411281274166, 52322.344892867164
1301.7650001049042, 40418.411281274166, 52322.344892867164
1306.8489999771118, 40418.411281274166, 52322.344892867164
1306.8630001544952, 40418.411281274166, 52321.05758954833
1306.8790001869202, 40418.411281274166, 52321.05758954833
1306.8900001049042, 40418.411281274166, 52321.05758954833
1306.90900015831, 40418.411281274166, 52320.34467393535
1306.9270000457764, 40418.411281274166, 52320.34467393535
1306.9409999847412, 40418.411281274166, 52320.34467393535
1306.9480001926422, 40418.411281274166, 52319.974820865325
1306.965000152588, 40418.411281274166, 52319.974820865325
1311.9150002002716, 40418.411281274166, 52319.974820865325
1311.9290001392365, 40418.411281274166, 52319.974820865325
1311.9420001506805, 40418.411281274166, 52319.974820865325
1311.9539999961853, 40418.411281274166, 52319.974820865325
1311.9690001010895, 40418.411281274166, 52318.666723924514
1317.1170001029968, 40418.411281274166, 52318.666723924514
1317.1500000953674, 40418.411281274166, 52318.666723924514
1317.1650002002716, 40418.411281274166, 52318.666723924514
1317.1750001907349, 40418.411281274166, 52318.666723924514
1317.1860001087189, 40418.411281274166, 52318.666723924514
1317.1980001926422, 40418.411281274166, 52318.666723924514
1317.2110002040863, 40418.411281274166, 52318.666723924514
1317.223000049591, 40418.411281274166, 52318.666723924514
1322.188000202179, 40418.411281274166, 52316.74403741015
1322.2080001831055, 40418.411281274166, 52316.36045206455
1322.2239999771118, 40418.411281274166, 52316.36045206455
1322.2400000095367, 40418.411281274166, 52315.9039738786
1322.255000114441, 40418.411281274166, 52315.9039738786
1322.2670001983643, 40418.411281274166, 52315.9039738786
1322.2710001468658, 40418.411281274166, 52315.9039738786
1322.2880001068115, 40418.411281274166, 52315.9039738786
1327.6360001564026, 40418.411281274166, 52315.86808169828
1327.6500000953674, 40418.411281274166, 52315.86808169828
1327.6650002002716, 40418.411281274166, 52315.86808169828
1327.6760001182556, 40418.411281274166, 52314.94073000722
1327.6900000572205, 40418.411281274166, 52314.94073000722
1327.7020001411438, 40418.411281274166, 52314.28984838191
1327.7160000801086, 40418.411281274166, 52314.28984838191
1327.726000070572, 40418.411281274166, 52314.28984838191
1332.9000000953674, 40418.411281274166, 52314.28984838191
1332.9210000038147, 40418.411281274166, 52314.28984838191
1332.9350001811981, 40418.411281274166, 52314.28984838191
1332.9480001926422, 40418.411281274166, 52314.28984838191
1332.962000131607, 40418.411281274166, 52314.28984838191
1332.973000049591, 40418.411281274166, 52314.28984838191
1332.9840002059937, 40418.411281274166, 52314.28984838191
1332.9960000514984, 40418.411281274166, 52313.94719888069
1333.0010001659393, 40418.411281274166, 52313.94719888069
1333.0199999809265, 40418.411281274166, 52313.94719888069
1333.0320000648499, 40418.411281274166, 52313.94719888069
1333.0440001487732, 40418.411281274166, 52313.94719888069
1333.0540001392365, 40418.411281274166, 52313.94719888069
1333.0659999847412, 40418.411281274166, 52313.94719888069
1333.0780000686646, 40418.411281274166, 52313.94719888069
1338.1760001182556, 40418.411281274166, 52312.224996523655
1338.194000005722, 40418.411281274166, 52312.224996523655
1338.2090001106262, 40418.411281274166, 52311.97336739278
1338.2220001220703, 40418.411281274166, 52311.97336739278
1338.2360000610352, 40418.411281274166, 52311.97336739278
1338.2480001449585, 40418.411281274166, 52311.97336739278
1338.2580001354218, 40418.411281274166, 52311.97336739278
1343.6290001869202, 40418.411281274166, 52311.97336739278
1343.6480000019073, 40418.411281274166, 52311.49118492438
1343.6630001068115, 40418.411281274166, 52311.49118492438
1343.6760001182556, 40418.411281274166, 52311.49118492438
1343.6870000362396, 40418.411281274166, 52311.49118492438
1343.7009999752045, 40418.411281274166, 52311.49118492438
1343.7090001106262, 40418.411281274166, 52311.49118492438
1343.7170000076294, 40418.411281274166, 52309.54472471789
1343.7320001125336, 40418.411281274166, 52309.54472471789
1348.9610002040863, 40418.411281274166, 52308.82493209609
1348.978000164032, 40418.411281274166, 52308.82493209609
1348.994000196457, 40418.411281274166, 52307.98893170203
1349.0040001869202, 40418.411281274166, 52307.98893170203
1349.0170001983643, 40418.411281274166, 52307.98893170203
1349.029000043869, 40418.411281274166, 52307.496228652
1349.0390000343323, 40418.411281274166, 52307.45544872016
1354.4900000095367, 40418.411281274166, 52307.45544872016
1354.5140001773834, 40418.411281274166, 52307.45544872016
1354.529000043869, 40418.411281274166, 52307.45544872016
1354.5400002002716, 40418.411281274166, 52307.45544872016
1354.5540001392365, 40418.411281274166, 52307.45544872016
1354.5730001926422, 40418.411281274166, 52307.45544872016
1354.5780000686646, 40418.411281274166, 52307.45544872016
1359.861999988556, 40418.411281274166, 52306.50897003169
1359.8790001869202, 40418.411281274166, 52306.50897003169
1359.9020001888275, 40418.411281274166, 52306.50897003169
1359.917000055313, 40418.411281274166, 52306.50897003169
1359.9300000667572, 40418.411281274166, 52306.220124369625
1359.9450001716614, 40418.411281274166, 52306.001378551926
1359.9639999866486, 40418.411281274166, 52305.61106904607
1359.9790000915527, 40418.411281274166, 52305.61106904607
1359.9840002059937, 40418.411281274166, 52305.61106904607
1365.3410000801086, 40418.411281274166, 52305.31399019765
1365.3600001335144, 40418.411281274166, 52304.46288135664
1365.3730001449585, 40418.411281274166, 52304.46288135664
1365.391000032425, 40418.411281274166, 52304.46288135664
1365.4079999923706, 40418.411281274166, 52304.46288135664
1365.4250001907349, 40418.411281274166, 52304.46288135664
1370.2110002040863, 40418.411281274166, 52303.79033548107
1370.2340002059937, 40418.411281274166, 52303.79033548107
1370.2490000724792, 40418.411281274166, 52303.79033548107
1370.2620000839233, 40418.411281274166, 52303.79033548107
1370.2780001163483, 40418.411281274166, 52303.79033548107
1370.2929999828339, 40418.411281274166, 52303.79033548107
1370.2960000038147, 40418.411281274166, 52303.79033548107
1370.3230001926422, 40418.411281274166, 52303.79033548107
1370.340000152588, 40418.411281274166, 52303.79033548107
1370.353000164032, 40418.411281274166, 52303.79033548107
1370.364000082016, 40418.411281274166, 52303.79033548107
1370.3760001659393, 40418.411281274166, 52303.79033548107
1370.3870000839233, 40418.411281274166, 52303.79033548107
1375.8000001907349, 40418.411281274166, 52303.79033548107
1375.8180000782013, 40418.411281274166, 52302.43381629653
1375.835000038147, 40418.411281274166, 52302.43381629653
1375.848000049591, 40418.411281274166, 52302.43381629653
1375.8600001335144, 40418.411281274166, 52302.43381629653
1375.8730001449585, 40418.411281274166, 52302.43381629653
1375.8870000839233, 40418.411281274166, 52302.43381629653
1375.8990001678467, 40418.411281274166, 52302.43381629653
1375.9140000343323, 40418.411281274166, 52302.43381629653
1375.9210000038147, 40418.411281274166, 52301.106908685164
1375.938000202179, 40418.411281274166, 52301.02478882338
1380.7540001869202, 40418.411281274166, 52301.02478882338
1380.7710001468658, 40418.411281274166, 52301.02478882338
1380.7870001792908, 40418.411281274166, 52301.02478882338
1380.7990000247955, 40418.411281274166, 52301.02478882338
1380.8100001811981, 40418.411281274166, 52301.02478882338
1380.8280000686646, 40418.411281274166, 52301.02478882338
1380.840000152588, 40418.411281274166, 52301.02478882338
1380.8560001850128, 40418.411281274166, 52301.02478882338
1380.8860001564026, 40418.411281274166, 52301.02478882338
1385.949000120163, 40418.411281274166, 52301.02478882338
1385.9660000801086, 40418.411281274166, 52298.14526449026
1385.9840002059937, 40418.411281274166, 52298.14526449026
1386.0040001869202, 40418.411281274166, 52298.14526449026
1386.0220000743866, 40418.411281274166, 52298.14526449026
1386.0370001792908, 40418.411281274166, 52298.14526449026
1386.0510001182556, 40418.411281274166, 52297.636853317286
1386.0590000152588, 40418.411281274166, 52297.636853317286
1386.074000120163, 40418.411281274166, 52297.636853317286
1391.1310000419617, 40418.411281274166, 52297.636853317286
1391.1449999809265, 40418.411281274166, 52297.636853317286
1391.1679999828339, 40418.411281274166, 52297.636853317286
1391.188000202179, 40418.411281274166, 52297.636853317286
1391.2000000476837, 40418.411281274166, 52297.636853317286
1391.2130000591278, 40418.411281274166, 52297.636853317286
1391.2250001430511, 40418.411281274166, 52297.636853317286
1391.2350001335144, 40418.411281274166, 52297.636853317286
1391.2380001544952, 40418.411281274166, 52297.636853317286
1391.2670001983643, 40418.411281274166, 52297.636853317286
1396.920000076294, 40418.411281274166, 52297.636853317286
1396.944000005722, 40418.411281274166, 52297.636853317286
1396.965000152588, 40418.411281274166, 52297.636853317286
1396.9800000190735, 40418.411281274166, 52297.636853317286
1396.9950001239777, 40418.411281274166, 52297.636853317286
1397.0099999904633, 40418.411281274166, 52295.36359719074
1397.0199999809265, 40418.411281274166, 52295.36359719074
1397.0370001792908, 40418.411281274166, 52295.36359719074
1402.170000076294, 40418.411281274166, 52295.36359719074
1402.1840000152588, 40418.411281274166, 52295.36359719074
1402.2009999752045, 40418.411281274166, 52295.36359719074
1402.2190001010895, 40418.411281274166, 52294.31372525823
1402.2350001335144, 40418.411281274166, 52294.31372525823
1402.2469999790192, 40418.411281274166, 52294.31372525823
1402.2610001564026, 40418.411281274166, 52294.31372525823
1402.2690000534058, 40418.411281274166, 52294.31372525823
1402.2850000858307, 40418.411281274166, 52294.31372525823
1402.3010001182556, 40418.411281274166, 52294.31372525823
1402.3150000572205, 40418.411281274166, 52294.31372525823
1402.3180000782013, 40418.411281274166, 52294.31372525823
1402.3330001831055, 40418.411281274166, 52294.31372525823
1402.3550000190735, 40418.411281274166, 52293.35456188488
1402.366000175476, 40418.411281274166, 52292.46303154005
1407.4179999828339, 40418.411281274166, 52292.46303154005
1407.430999994278, 40418.411281274166, 52292.46303154005
1407.4460000991821, 40418.411281274166, 52292.46303154005
1407.460000038147, 40418.411281274166, 52292.46303154005
1407.4739999771118, 40418.411281274166, 52292.46303154005
1407.4860000610352, 40418.411281274166, 52292.46303154005
1407.4990000724792, 40418.411281274166, 52292.46303154005
1407.5090000629425, 40418.411281274166, 52292.46303154005
1407.516000032425, 40418.411281274166, 52292.46303154005
1407.5270001888275, 40418.411281274166, 52292.46303154005
1407.5429999828339, 40418.411281274166, 52292.46303154005
1407.5490000247955, 40418.411281274166, 52292.46303154005
1412.7450001239777, 40418.411281274166, 52291.321384801326
1412.766000032425, 40418.411281274166, 52291.321384801326
1412.779000043869, 40418.411281274166, 52291.321384801326
1412.7929999828339, 40418.411281274166, 52290.763212141035
1412.8070001602173, 40418.411281274166, 52290.763212141035
1412.8200001716614, 40418.411281274166, 52290.763212141035
1412.8230001926422, 40418.411281274166, 52290.763212141035
1412.840000152588, 40418.411281274166, 52290.763212141035
1418.2650001049042, 40418.411281274166, 52289.86291813913
1418.2820000648499, 40418.411281274166, 52289.86291813913
1418.2990000247955, 40418.411281274166, 52289.86291813913
1418.3140001296997, 40418.411281274166, 52289.86291813913
1418.3289999961853, 40418.411281274166, 52289.86291813913
1418.340000152588, 40418.411281274166, 52289.86291813913
1418.3540000915527, 40418.411281274166, 52289.86291813913
1418.3570001125336, 40418.411281274166, 52289.86291813913
1423.6280000209808, 40418.411281274166, 52289.86291813913
1423.6470000743866, 40418.411281274166, 52289.86291813913
1423.6630001068115, 40418.411281274166, 52289.86291813913
1423.6800000667572, 40418.411281274166, 52288.07622180516
1423.6950001716614, 40418.411281274166, 52288.07622180516
1429.1070001125336, 40418.411281274166, 52287.47812650694
1429.1240000724792, 40418.411281274166, 52287.47812650694
1429.138000011444, 40418.411281274166, 52287.47812650694
1429.1510000228882, 40418.411281274166, 52287.47812650694
1429.1610000133514, 40418.411281274166, 52287.47812650694
1429.172000169754, 40418.411281274166, 52287.47812650694
1429.1860001087189, 40418.411281274166, 52287.47812650694
1429.2009999752045, 40418.411281274166, 52287.47812650694
1429.215000152588, 40418.411281274166, 52287.47812650694
1429.2250001430511, 40418.411281274166, 52287.47812650694
1429.239000082016, 40418.411281274166, 52287.47812650694
1429.25, 40418.411281274166, 52287.47812650694
1429.25, 40418.411281274166, 52287.47812650694
1434.4400000572205, 40418.411281274166, 52287.47812650694
1434.4570000171661, 40418.411281274166, 52287.47812650694
1434.4700000286102, 40418.411281274166, 52287.47812650694
1434.4830000400543, 40418.411281274166, 52287.47812650694
1434.4990000724792, 40418.411281274166, 52287.47812650694
1434.516000032425, 40418.411281274166, 52287.47812650694
1434.5299999713898, 40418.411281274166, 52287.47812650694
1434.5400002002716, 40418.411281274166, 52287.47812650694
1434.555999994278, 40418.411281274166, 52287.47812650694
1439.853000164032, 40418.411281274166, 52286.22987013774
1439.8719999790192, 40418.411281274166, 52286.22987013774
1439.8870000839233, 40418.411281274166, 52285.09334488156
1439.9010000228882, 40418.411281274166, 52285.09334488156
1439.9130001068115, 40418.411281274166, 52285.09334488156
1445.1070001125336, 40418.411281274166, 52285.09334488156
1445.125, 40418.411281274166, 52285.09334488156
1445.1420001983643, 40418.411281274166, 52285.09334488156
1445.1610000133514, 40418.411281274166, 52285.09334488156
1445.180999994278, 40418.411281274166, 52284.736576459654
1445.2020001411438, 40418.411281274166, 52284.736576459654
1445.2139999866486, 40418.411281274166, 52284.736576459654
1445.2300000190735, 40418.411281274166, 52284.736576459654
1450.710000038147, 40418.411281274166, 52283.365705751676
1450.7320001125336, 40418.411281274166, 52283.365705751676
1450.7450001239777, 40418.411281274166, 52283.365705751676
1450.7580001354218, 40418.411281274166, 52283.365705751676
1450.7710001468658, 40418.411281274166, 52283.365705751676
1450.7850000858307, 40418.411281274166, 52283.365705751676
1450.7960000038147, 40418.411281274166, 52283.365705751676
1450.8010001182556, 40418.411281274166, 52283.365705751676
1450.8170001506805, 40418.411281274166, 52283.365705751676
1450.8330001831055, 40418.411281274166, 52282.588450753676
1456.1570000648499, 40418.411281274166, 52282.55433432038
1456.1750001907349, 40418.411281274166, 52282.55433432038
1456.1900000572205, 40418.411281274166, 52282.55433432038
1456.2050001621246, 40418.411281274166, 52282.55433432038
1456.2170000076294, 40418.411281274166, 52282.55433432038
1456.228000164032, 40418.411281274166, 52282.55433432038
1456.241000175476, 40418.411281274166, 52282.55433432038
1456.2530000209808, 40418.411281274166, 52282.55433432038
1456.2699999809265, 40418.411281274166, 52282.55433432038
1456.281000137329, 40418.411281274166, 52282.55433432038
1456.295000076294, 40418.411281274166, 52282.55433432038
1462.2650001049042, 40418.411281274166, 52282.55433432038
1462.2829999923706, 40418.411281274166, 52282.55433432038
1462.2980000972748, 40418.411281274166, 52282.55433432038
1462.3110001087189, 40418.411281274166, 52282.55433432038
1462.324000120163, 40418.411281274166, 52282.13947696911
1462.3389999866486, 40418.411281274166, 52282.13947696911
1462.3519999980927, 40418.411281274166, 52282.13947696911
1462.3600001335144, 40418.411281274166, 52280.82097705466
1467.8420000076294, 40418.411281274166, 52279.054996695784
1467.8610000610352, 40418.411281274166, 52278.86519891241
1467.8760001659393, 40418.411281274166, 52278.86519891241
1473.7690000534058, 40418.411281274166, 52278.86519891241
1473.7860000133514, 40418.411281274166, 52278.86519891241
1473.8110001087189, 40418.411281274166, 52278.86519891241
1473.8259999752045, 40418.411281274166, 52278.86519891241
1473.8389999866486, 40418.411281274166, 52278.86519891241
1473.8489999771118, 40418.411281274166, 52278.86519891241
1473.8600001335144, 40418.411281274166, 52278.86519891241
1473.8730001449585, 40418.411281274166, 52278.86519891241
1473.888000011444, 40418.411281274166, 52278.86519891241
1479.4720001220703, 40418.411281274166, 52277.41899281531
1479.4950001239777, 40418.411281274166, 52275.08515259359
1479.5060000419617, 40418.411281274166, 52275.08515259359
1479.518000125885, 40418.411281274166, 52275.08515259359
1486.2990000247955, 40418.411281274166, 52275.08515259359
1486.3159999847412, 40418.411281274166, 52275.08515259359
1486.3270001411438, 40418.411281274166, 52275.08515259359
1486.3420000076294, 40418.411281274166, 52275.08515259359
1486.3600001335144, 40418.411281274166, 52275.08515259359
1491.7310001850128, 40418.411281274166, 52274.87881035471
1491.7430000305176, 40418.411281274166, 52274.525324033544
1491.7670001983643, 40418.411281274166, 52274.525324033544
1491.781000137329, 40418.411281274166, 52274.13657634582
1491.792000055313, 40418.411281274166, 52274.13657634582
1497.2239999771118, 40418.411281274166, 52274.13657634582
1497.2420001029968, 40418.411281274166, 52274.13657634582
1497.255000114441, 40418.411281274166, 52274.13657634582
1497.2699999809265, 40418.411281274166, 52273.838924075644
1503.1470000743866, 40418.411281274166, 52273.838924075644
1503.1640000343323, 40418.411281274166, 52273.838924075644
1503.1779999732971, 40418.411281274166, 52273.14688582138
1503.1920001506805, 40418.411281274166, 52273.14688582138
1503.2060000896454, 40418.411281274166, 52273.14688582138
1508.5840001106262, 40418.411281274166, 52273.14688582138
1508.598000049591, 40418.411281274166, 52273.14688582138
1508.6130001544952, 40418.411281274166, 52273.14688582138
1508.6290001869202, 40418.411281274166, 52273.14688582138
1508.6420001983643, 40418.411281274166, 52273.14688582138
1508.6570000648499, 40418.411281274166, 52273.14688582138
1515.351000070572, 40418.411281274166, 52273.14688582138
1515.3710000514984, 40418.411281274166, 52272.037814280484
1521.0080001354218, 40418.411281274166, 52270.93831348357
1521.0199999809265, 40418.411281274166, 52270.93831348357
1521.0380001068115, 40418.411281274166, 52270.93831348357
1521.0540001392365, 40418.411281274166, 52270.93831348357
1521.069000005722, 40418.411281274166, 52270.93831348357
1521.0860002040863, 40418.411281274166, 52270.93831348357
1526.880000114441, 40418.411281274166, 52270.93831348357
1526.8960001468658, 40418.411281274166, 52270.93831348357
1526.9110000133514, 40418.411281274166, 52270.93831348357
1532.4990000724792, 40418.411281274166, 52270.93831348357
1532.5250000953674, 40418.411281274166, 52270.93831348357
1532.5400002002716, 40418.411281274166, 52270.93831348357
1532.5520000457764, 40418.411281274166, 52269.08977217183
1532.5659999847412, 40418.411281274166, 52268.26817837772
1538.0069999694824, 40418.411281274166, 52268.26817837772
1538.0230000019073, 40418.411281274166, 52268.26817837772
1538.0390000343323, 40418.411281274166, 52268.26817837772
1545.292000055313, 40418.411281274166, 52267.42207722237
1545.3220000267029, 40418.411281274166, 52267.42207722237
1545.3410000801086, 40418.411281274166, 52267.42207722237
1545.3560001850128, 40418.411281274166, 52267.42207722237
1545.3680000305176, 40418.411281274166, 52267.42207722237
1545.3810000419617, 40418.411281274166, 52267.42207722237
1551.0670001506805, 40418.411281274166, 52266.985536015454
1551.0889999866486, 40418.411281274166, 52266.985536015454
1551.1050000190735, 40418.411281274166, 52266.985536015454
1551.1170001029968, 40418.411281274166, 52266.985536015454
1556.891000032425, 40418.411281274166, 52266.985536015454
1556.9070000648499, 40418.411281274166, 52266.985536015454
1556.9230000972748, 40418.411281274166, 52266.985536015454
1556.938000202179, 40418.411281274166, 52266.90975128929
1562.438000202179, 40418.411281274166, 52266.90975128929
1562.4610002040863, 40418.411281274166, 52266.90975128929
1562.4769999980927, 40418.411281274166, 52266.90975128929
1562.494000196457, 40418.411281274166, 52266.90975128929
1568.9750001430511, 40418.411281274166, 52266.90975128929
1568.9950001239777, 40418.411281274166, 52266.90975128929
1569.0099999904633, 40418.411281274166, 52266.90975128929
1569.0270001888275, 40418.411281274166, 52266.90975128929
1569.0410001277924, 40418.411281274166, 52266.3924511681
1574.6660001277924, 40418.411281274166, 52266.3924511681
1574.6840000152588, 40418.411281274166, 52266.3924511681
1574.699000120163, 40418.411281274166, 52266.3924511681
1574.710000038147, 40418.411281274166, 52266.3924511681
1574.728000164032, 40418.411281274166, 52266.3924511681
1574.744000196457, 40418.411281274166, 52266.273766993974
1574.7530000209808, 40418.411281274166, 52266.273766993974
1574.768000125885, 40418.411281274166, 52266.273766993974
1574.7850000858307, 40418.411281274166, 52266.273766993974
1574.8040001392365, 40418.411281274166, 52266.273766993974
1580.3540000915527, 40418.411281274166, 52266.273766993974
1580.369000196457, 40418.411281274166, 52266.273766993974
1580.388000011444, 40418.411281274166, 52266.273766993974
1580.406000137329, 40418.411281274166, 52266.273766993974
1580.4210000038147, 40418.411281274166, 52266.273766993974
1580.430999994278, 40418.411281274166, 52266.273766993974
1580.4520001411438, 40418.411281274166, 52266.273766993974
1580.462000131607, 40418.411281274166, 52266.273766993974
1580.476000070572, 40418.411281274166, 52266.273766993974
1580.494000196457, 40418.411281274166, 52266.273766993974
1580.5080001354218, 40418.411281274166, 52266.273766993974
1586.1330001354218, 40418.411281274166, 52263.21579251188
1586.1510000228882, 40418.411281274166, 52263.21579251188
1586.1640000343323, 40418.411281274166, 52263.21579251188
1586.1760001182556, 40418.411281274166, 52263.21579251188
1586.188000202179, 40418.411281274166, 52263.21579251188
1586.2030000686646, 40418.411281274166, 52262.51176336902
1593.5640001296997, 40418.411281274166, 52262.51176336902
1593.5810000896454, 40418.411281274166, 52262.51176336902
1593.601000070572, 40418.411281274166, 52262.51176336902
1593.6130001544952, 40418.411281274166, 52262.51176336902
1593.62700009346, 40418.411281274166, 52262.51176336902
1593.638000011444, 40418.411281274166, 52262.51176336902
1593.6500000953674, 40418.411281274166, 52262.51176336902
1593.6640000343323, 40418.411281274166, 52262.51176336902
1598.9850001335144, 40418.411281274166, 52261.51834723599
1599.0030000209808, 40418.411281274166, 52261.51834723599
1599.0170001983643, 40418.411281274166, 52261.51834723599
1599.0320000648499, 40418.411281274166, 52261.51834723599
1599.0440001487732, 40418.411281274166, 52261.51834723599
1599.058000087738, 40418.411281274166, 52261.51834723599
1604.7200000286102, 40418.411281274166, 52261.51834723599
1604.736999988556, 40418.411281274166, 52259.91639674815
1604.7510001659393, 40418.411281274166, 52259.91639674815
1604.7640001773834, 40418.411281274166, 52259.91639674815
1604.7760000228882, 40418.411281274166, 52259.91639674815
1604.7860000133514, 40418.411281274166, 52259.91639674815
1604.8000001907349, 40418.411281274166, 52259.91639674815
1604.8100001811981, 40418.411281274166, 52259.91639674815
1612.156000137329, 40418.411281274166, 52259.25603212295
1612.1679999828339, 40418.411281274166, 52259.25603212295
1612.1820001602173, 40418.411281274166, 52259.25603212295
1612.1930000782013, 40418.411281274166, 52259.25603212295
1612.2050001621246, 40418.411281274166, 52259.25603212295
1612.2139999866486, 40418.411281274166, 52259.25603212295
1612.2239999771118, 40418.411281274166, 52259.25603212295
1618.5199999809265, 40418.411281274166, 52259.25603212295
1618.542000055313, 40418.411281274166, 52259.25603212295
1618.5600001811981, 40418.411281274166, 52259.25603212295
1618.574000120163, 40418.411281274166, 52259.25603212295
1618.585000038147, 40418.411281274166, 52259.25603212295
1618.601000070572, 40418.411281274166, 52259.25603212295
1618.603000164032, 40418.411281274166, 52259.25603212295
1618.619000196457, 40418.411281274166, 52256.25184207058
1618.6349999904633, 40418.411281274166, 52256.25184207058
1618.6520001888275, 40418.411281274166, 52256.25184207058
1618.6520001888275, 40418.411281274166, 52256.25184207058
1624.7929999828339, 40418.411281274166, 52256.25184207058
1624.8159999847412, 40418.411281274166, 52256.25184207058
1624.8310000896454, 40418.411281274166, 52256.25184207058
1624.8460001945496, 40418.411281274166, 52256.25184207058
1624.8580000400543, 40418.411281274166, 52256.25184207058
1624.8719999790192, 40418.411281274166, 52256.25184207058
1624.880000114441, 40418.411281274166, 52256.25184207058
1624.8949999809265, 40418.411281274166, 52256.25184207058
1624.8960001468658, 40418.411281274166, 52256.25184207058
1624.9120001792908, 40418.411281274166, 52256.25184207058
1624.9279999732971, 40418.411281274166, 52256.25184207058
1624.9450001716614, 40418.411281274166, 52255.22487724735
1624.9450001716614, 40418.411281274166, 52251.591180974654
1630.7360000610352, 40418.411281274166, 52251.591180974654
1630.7569999694824, 40418.411281274166, 52251.591180974654
1630.7730000019073, 40418.411281274166, 52251.13201628772
1630.7890000343323, 40418.411281274166, 52251.13201628772
1630.805999994278, 40418.411281274166, 52251.13201628772
1630.8210000991821, 40418.411281274166, 52251.13201628772
1630.837000131607, 40418.411281274166, 52251.13201628772
1637.7820000648499, 40418.411281274166, 52249.65377283187
1637.8070001602173, 40418.411281274166, 52249.65377283187
1637.8289999961853, 40418.411281274166, 52249.61609023584
1637.8460001945496, 40418.411281274166, 52249.61609023584
1637.8580000400543, 40418.411281274166, 52249.61609023584
1637.864000082016, 40418.411281274166, 52249.61609023584
1637.880000114441, 40418.411281274166, 52249.61609023584
1637.8980000019073, 40418.411281274166, 52249.61609023584
1637.9140000343323, 40418.411281274166, 52249.61609023584
1643.75, 40418.411281274166, 52249.61609023584
1643.7780001163483, 40418.411281274166, 52249.61609023584
1643.795000076294, 40418.411281274166, 52249.61609023584
1643.8140001296997, 40418.411281274166, 52249.61609023584
1643.8280000686646, 40418.411281274166, 52249.61609023584
1643.8380000591278, 40418.411281274166, 52249.61609023584
1643.853000164032, 40418.411281274166, 52249.61609023584
1643.869000196457, 40418.411281274166, 52249.61609023584
1643.8840000629425, 40418.411281274166, 52249.61609023584
1643.9000000953674, 40418.411281274166, 52249.4829916941
1643.9010000228882, 40418.411281274166, 52249.4829916941
1643.9179999828339, 40418.411281274166, 52249.002184183315
1649.4020001888275, 40418.411281274166, 52247.13848748038
1649.4190001487732, 40418.411281274166, 52247.13848748038
1649.4350001811981, 40418.411281274166, 52247.13848748038
1649.4539999961853, 40418.411281274166, 52247.13848748038
1649.4720001220703, 40418.411281274166, 52247.13848748038
1649.4840002059937, 40418.411281274166, 52247.13848748038
1649.489000082016, 40418.411281274166, 52247.13848748038
1649.505000114441, 40418.411281274166, 52247.13848748038
1649.505000114441, 40418.411281274166, 52247.13848748038
1649.5210001468658, 40418.411281274166, 52247.13848748038
1649.5380001068115, 40418.411281274166, 52246.931521202474
1655.4630000591278, 40418.411281274166, 52246.931521202474
1655.478000164032, 40418.411281274166, 52246.70253922414
1655.4930000305176, 40418.411281274166, 52246.70253922414
1655.5090000629425, 40418.411281274166, 52244.90354072223
1655.5230000019073, 40418.411281274166, 52243.84276066067
1662.2770001888275, 40418.411281274166, 52242.87017020324
1662.2910001277924, 40418.411281274166, 52242.87017020324
1662.3050000667572, 40418.411281274166, 52242.87017020324
1662.3180000782013, 40418.411281274166, 52242.87017020324
1662.3280000686646, 40418.411281274166, 52242.87017020324
1662.3380000591278, 40418.411281274166, 52242.87017020324
1668.1500000953674, 40418.411281274166, 52242.87017020324
1668.1690001487732, 40418.411281274166, 52242.87017020324
1668.1850001811981, 40418.411281274166, 52242.87017020324
1668.2000000476837, 40418.411281274166, 52242.87017020324
1668.215000152588, 40418.411281274166, 52242.87017020324
1668.2290000915527, 40418.411281274166, 52241.72074182037
1668.236999988556, 40418.411281274166, 52241.72074182037
1668.2540001869202, 40418.411281274166, 52241.72074182037
1668.263000011444, 40418.411281274166, 52241.72074182037
1668.2699999809265, 40418.411281274166, 52241.72074182037
1668.2860000133514, 40418.411281274166, 52241.72074182037
1668.3010001182556, 40418.411281274166, 52241.72074182037
1674.5640001296997, 40418.411281274166, 52241.542389544775
1674.585000038147, 40418.411281274166, 52240.195968133
1674.6000001430511, 40418.411281274166, 52240.195968133
1674.6170001029968, 40418.411281274166, 52240.195968133
1674.6280000209808, 40418.411281274166, 52240.195968133
1674.643000125885, 40418.411281274166, 52240.164783386266
1674.656000137329, 40418.411281274166, 52239.7699545632
1674.667000055313, 40418.411281274166, 52239.55317132131
1680.4000000953674, 40418.411281274166, 52239.04335256995
1680.422000169754, 40418.411281274166, 52239.04335256995
1680.4340000152588, 40418.411281274166, 52239.04335256995
1680.4470000267029, 40418.411281274166, 52239.04335256995
1680.4580001831055, 40418.411281274166, 52239.04335256995
1680.4710001945496, 40418.411281274166, 52239.04335256995
1680.4840002059937, 40418.411281274166, 52239.04335256995
1680.4860000610352, 40418.411281274166, 52239.04335256995
1680.5080001354218, 40418.411281274166, 52239.04335256995
1680.5199999809265, 40418.411281274166, 52239.04335256995
1687.1570000648499, 40418.411281274166, 52239.04335256995
1687.1750001907349, 40418.411281274166, 52239.04335256995
1687.1980001926422, 40418.411281274166, 52238.75155628303
1687.2130000591278, 40418.411281274166, 52238.75155628303
1687.228000164032, 40418.411281274166, 52238.75155628303
1687.2430000305176, 40418.411281274166, 52238.75155628303
1693.4409999847412, 40418.411281274166, 52238.75155628303
1693.4580001831055, 40418.411281274166, 52238.21659660628
1693.473000049591, 40418.411281274166, 52238.21659660628
1693.489000082016, 40418.411281274166, 52236.99346582178
1693.5040001869202, 40418.411281274166, 52236.96287709414
1693.516000032425, 40418.411281274166, 52236.96287709414
1699.5930001735687, 40418.411281274166, 52236.96287709414
1699.614000082016, 40418.411281274166, 52236.96287709414
1699.6349999904633, 40418.411281274166, 52236.96287709414
1699.6520001888275, 40418.411281274166, 52236.96287709414
1699.6640000343323, 40418.411281274166, 52236.96287709414
1699.6740000247955, 40418.411281274166, 52236.96287709414
1699.6800000667572, 40418.411281274166, 52236.96287709414
1699.6970000267029, 40418.411281274166, 52236.96287709414
1699.7130000591278, 40418.411281274166, 52236.96287709414
1699.7239999771118, 40418.411281274166, 52236.96287709414
1699.728000164032, 40418.411281274166, 52236.96287709414
1699.7469999790192, 40418.411281274166, 52236.96287709414
1699.7590000629425, 40418.411281274166, 52236.96287709414
1699.7750000953674, 40418.411281274166, 52236.96287709414
1699.7760000228882, 40418.411281274166, 52236.96287709414
1699.792000055313, 40418.411281274166, 52235.36759636658
1699.8090000152588, 40418.411281274166, 52235.36759636658
1705.8610000610352, 40418.411281274166, 52235.36759636658
1705.8790001869202, 40418.411281274166, 52235.36759636658
1705.8920001983643, 40418.411281274166, 52235.36759636658
1705.906000137329, 40418.411281274166, 52235.36759636658
1705.9240000247955, 40418.411281274166, 52235.36759636658
1705.9370000362396, 40418.411281274166, 52234.700082895266
1712.0770001411438, 40418.411281274166, 52234.700082895266
1712.0960001945496, 40418.411281274166, 52234.700082895266
1712.1130001544952, 40418.411281274166, 52233.88222526773
1712.1280000209808, 40418.411281274166, 52233.305831551945
1712.141000032425, 40418.411281274166, 52233.305831551945
1712.1530001163483, 40418.411281274166, 52233.305831551945
1718.2929999828339, 40418.411281274166, 52233.305831551945
1718.3100001811981, 40418.411281274166, 52233.305831551945
1718.3220000267029, 40418.411281274166, 52233.305831551945
1718.3360002040863, 40418.411281274166, 52233.305831551945
1718.351000070572, 40418.411281274166, 52233.305831551945
1718.361999988556, 40418.411281274166, 52233.305831551945
1718.3710000514984, 40418.411281274166, 52233.305831551945
1718.3819999694824, 40418.411281274166, 52231.364778252544
1718.3920001983643, 40418.411281274166, 52231.364778252544
1724.6040000915527, 40418.411281274166, 52231.102762256094
1724.630000114441, 40418.411281274166, 52231.102762256094
1724.6460001468658, 40418.411281274166, 52231.102762256094
1724.6620001792908, 40418.411281274166, 52231.102762256094
1724.6760001182556, 40418.411281274166, 52231.102762256094
1724.6900000572205, 40418.411281274166, 52230.516506438886
1730.7190001010895, 40418.411281274166, 52230.516506438886
1730.7190001010895, 40418.411281274166, 52230.516506438886
1730.75200009346, 40418.411281274166, 52230.516506438886
1730.763000011444, 40418.411281274166, 52230.516506438886
1730.7780001163483, 40418.411281274166, 52230.516506438886
1730.7929999828339, 40418.411281274166, 52230.516506438886
1730.805999994278, 40418.411281274166, 52230.516506438886
1730.8200001716614, 40418.411281274166, 52230.516506438886
1730.8250000476837, 40418.411281274166, 52230.516506438886
1736.7070000171661, 40418.411281274166, 52227.893315473826
1736.723000049591, 40418.411281274166, 52227.893315473826
1736.7380001544952, 40418.411281274166, 52226.124623382995
1736.7510001659393, 40418.411281274166, 52226.124623382995
1736.7650001049042, 40418.411281274166, 52226.124623382995
1736.7780001163483, 40418.411281274166, 52226.124623382995
1736.7880001068115, 40418.411281274166, 52226.124623382995
1736.8029999732971, 40418.411281274166, 52226.124623382995
1736.8180000782013, 40418.411281274166, 52225.35760765865
1742.7960000038147, 40418.411281274166, 52225.35760765865
1742.8120000362396, 40418.411281274166, 52225.35760765865
1742.8340001106262, 40418.411281274166, 52225.35760765865
1742.8560001850128, 40418.411281274166, 52225.35760765865
1742.8680000305176, 40418.411281274166, 52225.35760765865
1742.880000114441, 40418.411281274166, 52225.35760765865
1742.8900001049042, 40418.411281274166, 52225.35760765865
1742.8990001678467, 40418.411281274166, 52225.35760765865
1742.9160001277924, 40418.411281274166, 52225.35760765865
1748.7900002002716, 40418.411281274166, 52222.89727975372
1748.805999994278, 40418.411281274166, 52222.89727975372
1748.8230001926422, 40418.411281274166, 52222.89727975372
1754.9509999752045, 40418.411281274166, 52222.60065063959
1754.9710001945496, 40418.411281274166, 52222.60065063959
1754.989000082016, 40418.411281274166, 52222.60065063959
1755.00200009346, 40418.411281274166, 52222.47921922775
1755.0140001773834, 40418.411281274166, 52222.47921922775
1755.0270001888275, 40418.411281274166, 52222.47921922775
1755.03400015831, 40418.411281274166, 52222.47921922775
1755.0510001182556, 40418.411281274166, 52222.47921922775
1755.0659999847412, 40418.411281274166, 52222.47921922775
1755.0810000896454, 40418.411281274166, 52222.47921922775
1761.3680000305176, 40418.411281274166, 52220.67486084431
1761.380000114441, 40418.411281274166, 52220.67486084431
1761.4000000953674, 40418.411281274166, 52220.67486084431
1761.4190001487732, 40418.411281274166, 52219.623598079896
1761.430999994278, 40418.411281274166, 52219.623598079896
1767.3500001430511, 40418.411281274166, 52219.623598079896
1767.353000164032, 40418.411281274166, 52219.623598079896
1767.375, 40418.411281274166, 52219.623598079896
1767.3890001773834, 40418.411281274166, 52219.623598079896
1767.4079999923706, 40418.411281274166, 52219.623598079896
1767.4279999732971, 40418.411281274166, 52219.623598079896
1767.4390001296997, 40418.411281274166, 52219.623598079896
1767.4539999961853, 40418.411281274166, 52219.623598079896
1767.4560000896454, 40418.411281274166, 52218.662430154305
1773.7190001010895, 40418.411281274166, 52218.662430154305
1773.7450001239777, 40418.411281274166, 52218.662430154305
1773.7610001564026, 40418.411281274166, 52218.662430154305
1773.7699999809265, 40418.411281274166, 52218.662430154305
1773.7829999923706, 40418.411281274166, 52218.662430154305
1773.7940001487732, 40418.411281274166, 52218.662430154305
1773.8040001392365, 40418.411281274166, 52218.662430154305
1773.813000202179, 40418.411281274166, 52218.500519781854
1780.0680000782013, 40418.411281274166, 52215.74650241261
1780.0810000896454, 40418.411281274166, 52215.74650241261
1780.0910000801086, 40418.411281274166, 52215.74650241261
1780.1050000190735, 40418.411281274166, 52215.74650241261
1780.116000175476, 40418.411281274166, 52215.74650241261
1780.1310000419617, 40418.411281274166, 52215.74650241261
1780.1440000534058, 40418.411281274166, 52215.74650241261
1780.1570000648499, 40418.411281274166, 52215.74650241261
1780.1660001277924, 40418.411281274166, 52215.74650241261
1780.172000169754, 40418.411281274166, 52215.74650241261
1780.172000169754, 40418.411281274166, 52215.74650241261
1788.2239999771118, 40418.411281274166, 52215.74650241261
1788.2340002059937, 40418.411281274166, 52215.74650241261
1788.2480001449585, 40418.411281274166, 52215.74650241261
1788.2599999904633, 40418.411281274166, 52215.74650241261
1788.2730000019073, 40418.411281274166, 52215.74650241261
1788.2829999923706, 40418.411281274166, 52214.641314775596
1788.2940001487732, 40418.411281274166, 52214.641314775596
1788.3070001602173, 40418.411281274166, 52214.641314775596
1788.3170001506805, 40418.411281274166, 52214.641314775596
1788.3300001621246, 40418.411281274166, 52214.641314775596
1788.3340001106262, 40418.411281274166, 52214.641314775596
1788.3470001220703, 40418.411281274166, 52214.641314775596
1794.0490000247955, 40418.411281274166, 52213.698739202955
1794.069000005722, 40418.411281274166, 52213.698739202955
1794.087000131607, 40418.411281274166, 52213.698739202955
1800.1930000782013, 40418.411281274166, 52213.10373376544
1800.215000152588, 40418.411281274166, 52213.10373376544
1800.2340002059937, 40418.411281274166, 52213.10373376544
1800.2460000514984, 40418.411281274166, 52213.10373376544
1800.2620000839233, 40418.411281274166, 52213.10373376544
1800.2780001163483, 40418.411281274166, 52213.10373376544
1800.2890000343323, 40418.411281274166, 52213.10373376544
1800.3050000667572, 40418.411281274166, 52213.10373376544
1800.3220000267029, 40418.411281274166, 52213.10373376544
1800.3280000686646, 40418.411281274166, 52213.10373376544
1806.4160001277924, 40418.411281274166, 52211.55164748356
1806.4370000362396, 40418.411281274166, 52211.55164748356
1806.4509999752045, 40418.411281274166, 52211.55164748356
1806.4630000591278, 40418.411281274166, 52211.55164748356
1806.478000164032, 40418.411281274166, 52211.55164748356
1806.4930000305176, 40418.411281274166, 52210.73560135811
1812.4340000152588, 40418.411281274166, 52210.611980767084
1812.4590001106262, 40418.411281274166, 52210.611980767084
1812.4750001430511, 40418.411281274166, 52210.611980767084
1812.486999988556, 40418.411281274166, 52210.611980767084
1812.5010001659393, 40418.411281274166, 52210.611980767084
1812.5120000839233, 40418.411281274166, 52210.611980767084
1818.728000164032, 40418.411281274166, 52210.611980767084
1818.7450001239777, 40418.411281274166, 52210.611980767084
1818.7599999904633, 40418.411281274166, 52210.611980767084
1818.7770001888275, 40418.411281274166, 52210.611980767084
1818.7890000343323, 40418.411281274166, 52210.611980767084
1818.8000001907349, 40418.411281274166, 52210.611980767084
1818.813000202179, 40418.411281274166, 52210.29790743035
1818.8230001926422, 40418.411281274166, 52210.29790743035
1818.8300001621246, 40418.411281274166, 52210.29790743035
1818.8440001010895, 40418.411281274166, 52210.29790743035
1825.0940001010895, 40418.411281274166, 52208.87320900626
1825.1210000514984, 40418.411281274166, 52208.87320900626
1825.1390001773834, 40418.411281274166, 52208.87320900626
1825.1579999923706, 40418.411281274166, 52208.87320900626
1825.172000169754, 40418.411281274166, 52208.87320900626
1825.1890001296997, 40418.411281274166, 52207.31987683446
1831.1110000610352, 40418.411281274166, 52207.31987683446
1831.1310000419617, 40418.411281274166, 52207.31987683446
1831.1460001468658, 40418.411281274166, 52207.31987683446
1831.1579999923706, 40418.411281274166, 52207.31987683446
1831.1710000038147, 40418.411281274166, 52206.88102202371
1831.1820001602173, 40418.411281274166, 52206.88102202371
1831.1930000782013, 40418.411281274166, 52206.88102202371
1837.0220000743866, 40418.411281274166, 52206.88102202371
1837.0410001277924, 40418.411281274166, 52206.88102202371
1837.0540001392365, 40418.411281274166, 52206.88102202371
1837.069000005722, 40418.411281274166, 52206.88102202371
1837.0830001831055, 40418.411281274166, 52206.88102202371
1837.0930001735687, 40418.411281274166, 52206.88102202371
1837.103000164032, 40418.411281274166, 52206.88102202371
1837.114000082016, 40418.411281274166, 52206.88102202371
1837.1219999790192, 40418.411281274166, 52206.88102202371
1837.1280000209808, 40418.411281274166, 52206.88102202371
1837.1440000534058, 40418.411281274166, 52206.88102202371
1837.1690001487732, 40418.411281274166, 52206.558939675284
1837.1800000667572, 40418.411281274166, 52206.558939675284
1837.1930000782013, 40418.411281274166, 52206.558939675284
1837.2050001621246, 40418.411281274166, 52206.558939675284
1837.2170000076294, 40418.411281274166, 52206.558939675284
1837.2310001850128, 40418.411281274166, 52206.558939675284
1843.4450001716614, 40418.411281274166, 52206.558939675284
1843.4580001831055, 40418.411281274166, 52206.558939675284
1843.4710001945496, 40418.411281274166, 52206.558939675284
1843.4840002059937, 40418.411281274166, 52206.558939675284
1843.4960000514984, 40418.411281274166, 52206.558939675284
1849.2569999694824, 40418.411281274166, 52205.01452134054
1849.2820000648499, 40418.411281274166, 52205.01452134054
1849.3050000667572, 40418.411281274166, 52205.01452134054
1849.3200001716614, 40418.411281274166, 52205.01452134054
1849.3330001831055, 40418.411281274166, 52204.04739905697
1849.3440001010895, 40418.411281274166, 52204.04739905697
1849.3600001335144, 40418.411281274166, 52204.04739905697
1855.3830001354218, 40418.411281274166, 52204.04739905697
1855.404000043869, 40418.411281274166, 52204.04739905697
1855.4240000247955, 40418.411281274166, 52204.04739905697
1855.4400000572205, 40418.411281274166, 52204.04739905697
1855.4550001621246, 40418.411281274166, 52204.04739905697
1855.4680001735687, 40418.411281274166, 52204.04739905697
1861.513000011444, 40418.411281274166, 52204.04739905697
1861.531000137329, 40418.411281274166, 52204.04739905697
1861.545000076294, 40418.411281274166, 52204.04739905697
1861.5650000572205, 40418.411281274166, 52204.04739905697
1867.5490000247955, 40418.411281274166, 52204.04739905697
1867.5640001296997, 40418.411281274166, 52204.04739905697
1867.5810000896454, 40418.411281274166, 52204.04739905697
1867.603000164032, 40418.411281274166, 52204.04739905697
1867.6180000305176, 40418.411281274166, 52200.63597818961
1867.6349999904633, 40418.411281274166, 52200.63597818961
1867.6480000019073, 40418.411281274166, 52200.63597818961
1867.656000137329, 40418.411281274166, 52200.63597818961
1867.6690001487732, 40418.411281274166, 52200.63597818961
1867.683000087738, 40418.411281274166, 52200.63597818961
1867.6900000572205, 40418.411281274166, 52199.530407199025
1867.7070000171661, 40418.411281274166, 52199.530407199025
1873.781000137329, 40418.411281274166, 52198.89321314802
1873.797000169754, 40418.411281274166, 52198.89321314802
1873.8120000362396, 40418.411281274166, 52198.89321314802
1873.8270001411438, 40418.411281274166, 52198.89321314802
1873.8440001010895, 40418.411281274166, 52198.89321314802
1873.8580000400543, 40418.411281274166, 52198.89321314802
1873.87700009346, 40418.411281274166, 52198.89321314802
1873.8940000534058, 40418.411281274166, 52198.89321314802
1873.90900015831, 40418.411281274166, 52198.89321314802
1873.9230000972748, 40418.411281274166, 52198.89321314802
1880.0920000076294, 40418.411281274166, 52198.89321314802
1880.111999988556, 40418.411281274166, 52198.89321314802
1880.1290001869202, 40418.411281274166, 52198.89321314802
1880.1440000534058, 40418.411281274166, 52198.89321314802
1880.1579999923706, 40418.411281274166, 52198.89321314802
1880.1710000038147, 40418.411281274166, 52198.89321314802
1880.1820001602173, 40418.411281274166, 52198.89321314802
1880.188000202179, 40418.411281274166, 52198.89321314802
1886.5910000801086, 40418.411281274166, 52198.89321314802
1886.6100001335144, 40418.411281274166, 52198.89321314802
1886.625, 40418.411281274166, 52198.89321314802
1886.6400001049042, 40418.411281274166, 52198.89321314802
1886.6549999713898, 40418.411281274166, 52196.38458938131
1893.0190000534058, 40418.411281274166, 52196.38458938131
1893.042000055313, 40418.411281274166, 52196.38458938131
1893.055999994278, 40418.411281274166, 52196.38458938131
1893.0720000267029, 40418.411281274166, 52196.38458938131
1893.087000131607, 40418.411281274166, 52196.38458938131
1893.098000049591, 40418.411281274166, 52196.38458938131
1893.103000164032, 40418.411281274166, 52196.38458938131
1893.1200001239777, 40418.411281274166, 52196.38458938131
1893.1200001239777, 40418.411281274166, 52196.38458938131
1899.3519999980927, 40418.411281274166, 52196.38458938131
1899.3730001449585, 40418.411281274166, 52196.38458938131
1899.3890001773834, 40418.411281274166, 52192.75935770955
1899.4020001888275, 40418.411281274166, 52192.75935770955
1899.4160001277924, 40418.411281274166, 52192.75935770955
1899.4300000667572, 40418.411281274166, 52192.75935770955
1905.4120001792908, 40418.411281274166, 52191.2577812322
1905.4320001602173, 40418.411281274166, 52191.2577812322
1905.4509999752045, 40418.411281274166, 52191.2577812322
1905.4630000591278, 40418.411281274166, 52191.2577812322
1905.4850001335144, 41801.23947080279, 52191.2577812322
1905.4990000724792, 41801.23947080279, 52191.2577812322
1905.513000011444, 41801.23947080279, 52190.407093653565
1905.529000043869, 41801.23947080279, 52190.407093653565
1911.6679999828339, 41801.23947080279, 52190.407093653565
1911.7009999752045, 41801.23947080279, 52190.407093653565
1911.7139999866486, 41801.23947080279, 52190.407093653565
1911.7269999980927, 41801.23947080279, 52190.407093653565
1911.7400000095367, 41801.23947080279, 52188.50431435167
1911.755000114441, 41801.23947080279, 52188.50431435167
1911.7710001468658, 41801.23947080279, 52188.50431435167
1911.7870001792908, 41801.23947080279, 52188.50431435167
1918.1200001239777, 41801.23947080279, 52187.13615280767
1918.1400001049042, 41801.23947080279, 52187.13615280767
1918.1549999713898, 41801.23947080279, 52187.13615280767
1918.1690001487732, 41801.23947080279, 52187.13615280767
1918.1820001602173, 41801.23947080279, 52187.13615280767
1918.1960000991821, 41801.23947080279, 52187.13615280767
1924.1110000610352, 41801.23947080279, 52185.70476028743
1924.12700009346, 42240.03442055396, 52185.70476028743
1924.143000125885, 42240.03442055396, 52185.70476028743
1924.1620001792908, 42240.03442055396, 52185.70476028743
1924.1779999732971, 42240.03442055396, 52185.70476028743
1924.1900000572205, 42240.03442055396, 52185.70476028743
1924.2020001411438, 42240.03442055396, 52185.70476028743
1924.2090001106262, 42240.03442055396, 52183.88797710993
1930.5920000076294, 42240.03442055396, 52183.88797710993
1930.5970001220703, 42240.03442055396, 52183.88797710993
1930.619000196457, 42240.03442055396, 52183.88797710993
1930.630000114441, 42240.03442055396, 52183.88797710993
1930.6390001773834, 42240.03442055396, 52183.88797710993
1930.6510000228882, 42240.03442055396, 52183.88797710993
1930.6620001792908, 42240.03442055396, 52183.88797710993
1930.6760001182556, 42240.03442055396, 52183.88797710993
1930.683000087738, 42240.03442055396, 52183.88797710993
1930.7000000476837, 42240.03442055396, 52183.88797710993
1930.7160000801086, 42240.03442055396, 52183.88797710993
1930.7310001850128, 42240.03442055396, 52183.10279252013
1930.7460000514984, 42240.03442055396, 52182.214778354435
1930.7460000514984, 42240.03442055396, 52182.13672651494
1937.0750000476837, 42240.03442055396, 52181.099218717274
1937.0940001010895, 42240.03442055396, 52181.099218717274
1937.1070001125336, 42240.03442055396, 52180.96562545322
1937.1200001239777, 42240.03442055396, 52180.96562545322
1937.1340000629425, 42240.03442055396, 52180.96562545322
1937.1480000019073, 42240.03442055396, 52180.96562545322
1943.2090001106262, 42240.03442055396, 52180.96562545322
1943.226000070572, 42240.03442055396, 52180.774996189124
1943.239000082016, 42240.03442055396, 52180.774996189124
1943.2510001659393, 42240.03442055396, 52180.774996189124
1943.2640001773834, 42240.03442055396, 52180.774996189124
1943.2760000228882, 42240.03442055396, 52180.774996189124
1949.4920001029968, 42240.03442055396, 52180.774996189124
1949.5090000629425, 42240.03442055396, 52180.774996189124
1949.5299999713898, 42240.03442055396, 52180.774996189124
1949.545000076294, 42240.03442055396, 52180.43945386901
1949.5590000152588, 42240.03442055396, 52180.43945386901
1949.5710000991821, 42240.03442055396, 52180.43945386901
1949.5820000171661, 42240.03442055396, 52180.43945386901
1955.906000137329, 42240.03442055396, 52179.19851826822
1955.922000169754, 42240.03442055396, 52179.19851826822
1955.9420001506805, 42240.03442055396, 52179.19851826822
1955.9550001621246, 42240.03442055396, 52179.19851826822
1955.9690001010895, 42240.03442055396, 52179.19851826822
1955.9840002059937, 42240.03442055396, 52179.19851826822
1955.9980001449585, 42240.03442055396, 52179.19851826822
1956.0099999904633, 42240.03442055396, 52179.19851826822
1962.3289999961853, 42240.03442055396, 52177.534891940544
1962.3489999771118, 42240.03442055396, 52177.534891940544
1962.364000082016, 42240.03442055396, 52177.534891940544
1962.3780000209808, 42240.03442055396, 52177.134599388104
1962.3949999809265, 42240.03442055396, 52176.40989791533
1968.7480001449585, 42240.03442055396, 52176.40989791533
1968.766000032425, 42240.03442055396, 52176.40989791533
1968.7850000858307, 42240.03442055396, 52176.17456308205
1968.8029999732971, 42240.03442055396, 52176.17456308205
1968.8159999847412, 42240.03442055396, 52176.17456308205
1968.8289999961853, 42240.03442055396, 52176.17456308205
1968.8310000896454, 42240.03442055396, 52176.17456308205
1975.0230000019073, 42240.03442055396, 52175.905548652874
1975.0410001277924, 42240.03442055396, 52175.403937466464
1975.055999994278, 42240.03442055396, 52175.24864266706
1975.0700001716614, 42240.03442055396, 52175.24864266706
1975.0860002040863, 42240.03442055396, 52175.24864266706
1975.101000070572, 42240.03442055396, 52175.24864266706
1975.101000070572, 42240.03442055396, 52174.92976805296
1981.194000005722, 42240.03442055396, 52174.50828367957
1981.1980001926422, 42240.03442055396, 52174.50828367957
1981.2239999771118, 42240.03442055396, 52173.51121687666
1981.2400000095367, 42240.03442055396, 52173.51121687666
1981.2540001869202, 42240.03442055396, 52173.51121687666
1981.266000032425, 42240.03442055396, 52173.51121687666
1981.279000043869, 42240.03442055396, 52173.51121687666
1981.2940001487732, 42240.03442055396, 52173.28435033256
1981.3050000667572, 42240.03442055396, 52173.28435033256
1981.3200001716614, 42240.03442055396, 52173.28435033256
1981.3330001831055, 42240.03442055396, 52173.28435033256
1981.3360002040863, 42240.03442055396, 52173.28435033256
1987.6820001602173, 42240.03442055396, 52173.28435033256
1987.6890001296997, 42240.03442055396, 52173.0512896614
1987.7130000591278, 42240.03442055396, 52173.0512896614
1987.7269999980927, 42240.03442055396, 52172.68672607789
1987.7420001029968, 42240.03442055396, 52172.68672607789
1987.7540001869202, 42240.03442055396, 52172.68672607789
1987.766000032425, 42240.03442055396, 52172.68672607789
1994.0110001564026, 42240.03442055396, 52172.68672607789
1994.0260000228882, 42240.03442055396, 52172.68672607789
1994.0410001277924, 42240.03442055396, 52172.68672607789
1994.0550000667572, 42240.03442055396, 52172.68672607789
1994.0650000572205, 42240.03442055396, 52172.68672607789
1994.0780000686646, 42240.03442055396, 52172.68672607789
1994.0889999866486, 42240.03442055396, 52172.68672607789
1994.103000164032, 42240.03442055396, 52172.68672607789
2000.2890000343323, 42240.03442055396, 52172.66441028462
2000.2890000343323, 42240.03442055396, 52172.66441028462
2000.305999994278, 42240.03442055396, 52170.51926104016
2000.3259999752045, 42240.03442055396, 52170.51926104016
2000.3410000801086, 42240.03442055396, 52170.51926104016
2000.351000070572, 42240.03442055396, 52170.51926104016
2000.3710000514984, 42240.03442055396, 52170.05927411708
2000.3840000629425, 42240.03442055396, 52170.05927411708
2000.3990001678467, 42240.03442055396, 52170.05927411708
2000.4100000858307, 42240.03442055396, 52170.05927411708
2000.4250001907349, 42240.03442055396, 52170.05927411708
2006.6610000133514, 42240.03442055396, 52170.05927411708
2006.6820001602173, 42240.03442055396, 52170.05927411708
2006.6970000267029, 42240.03442055396, 52170.05927411708
2006.7080001831055, 42240.03442055396, 52170.05927411708
2006.7200000286102, 42240.03442055396, 52169.40748485532
2006.7320001125336, 42240.03442055396, 52169.40748485532
2006.7450001239777, 42240.03442055396, 52169.40748485532
2006.75200009346, 42240.03442055396, 52169.40748485532
2006.763000011444, 42240.03442055396, 52169.40748485532
2006.7780001163483, 42240.03442055396, 52169.40748485532
2006.797000169754, 42240.03442055396, 52169.40748485532
2006.8100001811981, 42240.03442055396, 52169.40748485532
2006.824000120163, 42240.03442055396, 52169.40748485532
2006.8389999866486, 42240.03442055396, 52169.40748485532
2013.0010001659393, 42240.03442055396, 52169.40748485532
2013.018000125885, 42240.03442055396, 52169.40748485532
2013.0380001068115, 42240.03442055396, 52169.40748485532
2013.0590000152588, 42240.03442055396, 52167.98943659295
2013.0750000476837, 42240.03442055396, 52167.98943659295
2013.0889999866486, 42240.03442055396, 52167.05105550565
2013.0940001010895, 42240.03442055396, 52167.05105550565
2013.1110000610352, 42240.03442055396, 52167.05105550565
2019.37700009346, 42240.03442055396, 52167.05105550565
2019.3940000534058, 42240.03442055396, 52167.05105550565
2019.4079999923706, 42240.03442055396, 52167.05105550565
2019.4210000038147, 42240.03442055396, 52167.05105550565
2019.4340000152588, 42240.03442055396, 52167.05105550565
2019.4460000991821, 42240.03442055396, 52167.05105550565
2019.4590001106262, 42240.03442055396, 52167.05105550565
2019.4710001945496, 42240.03442055396, 52167.05105550565
2019.4830000400543, 42240.03442055396, 52167.05105550565
2019.4980001449585, 42240.03442055396, 52166.70301445804
2019.5150001049042, 42240.03442055396, 52166.70301445804
2019.5280001163483, 42240.03442055396, 52166.446213763185
2019.542000055313, 42240.03442055396, 52166.446213763185
2019.5540001392365, 42240.03442055396, 52166.446213763185
2019.5659999847412, 42240.03442055396, 52166.446213763185
2019.5820000171661, 42240.03442055396, 52165.11121971108
2019.5830001831055, 42240.03442055396, 52165.11121971108
2025.8210000991821, 42240.03442055396, 52165.11121971108
2025.8410000801086, 42240.03442055396, 52163.91596415998
2025.8560001850128, 42240.03442055396, 52163.91596415998
2025.8680000305176, 42240.03442055396, 52163.91596415998
2025.8790001869202, 42240.03442055396, 52163.91596415998
2025.8940000534058, 42240.03442055396, 52163.91596415998
2025.9079999923706, 42240.03442055396, 52163.91596415998
2025.9210000038147, 42240.03442055396, 52162.83972485987
2025.933000087738, 42240.03442055396, 52162.83972485987
2025.9409999847412, 42240.03442055396, 52162.83972485987
2032.2910001277924, 42240.03442055396, 52162.83972485987
2032.305999994278, 42240.03442055396, 52161.55906365108
2032.319000005722, 42240.03442055396, 52161.55906365108
2032.3330001831055, 42240.03442055396, 52161.55906365108
2032.3450000286102, 42240.03442055396, 52161.55906365108
2032.3570001125336, 42240.03442055396, 52161.55906365108
2032.3680000305176, 42240.03442055396, 52161.55906365108
2032.37700009346, 42240.03442055396, 52161.55906365108
2032.3870000839233, 42240.03442055396, 52161.55906365108
2032.3970000743866, 42240.03442055396, 52161.55906365108
2032.4140000343323, 42240.03442055396, 52161.55906365108
2038.8410000801086, 42240.03442055396, 52160.788856931285
2038.861999988556, 42240.03442055396, 52160.788856931285
2038.8740000724792, 42240.03442055396, 52160.788856931285
2038.8860001564026, 42240.03442055396, 52160.788856931285
2038.8990001678467, 42240.03442055396, 52160.788856931285
2038.9190001487732, 42240.03442055396, 52160.72468591293
2038.9270000457764, 42240.03442055396, 52160.72468591293
2038.9430000782013, 42240.03442055396, 52160.72468591293
2038.9590001106262, 42240.03442055396, 52160.72468591293
2038.960000038147, 42240.03442055396, 52160.72468591293
2038.976000070572, 42240.03442055396, 52160.72468591293
2038.9920001029968, 42240.03442055396, 52159.67300023634
2045.4800000190735, 42240.03442055396, 52159.36834041971
2045.50200009346, 42240.03442055396, 52159.36834041971
2045.5240001678467, 42240.03442055396, 52159.36834041971
2045.5370001792908, 42240.03442055396, 52159.36834041971
2045.5510001182556, 42240.03442055396, 52158.53225579173
2045.5610001087189, 42240.03442055396, 52158.53225579173
2045.5659999847412, 42240.03442055396, 52158.53225579173
2051.7799999713898, 42240.03442055396, 52158.53225579173
2051.798000097275, 42240.03442055396, 52158.53225579173
2051.813000202179, 42240.03442055396, 52157.1813008443
2051.8280000686646, 42240.03442055396, 52157.0208404831
2058.1740000247955, 42240.03442055396, 52156.96769476813
2058.186000108719, 42240.03442055396, 52156.96769476813
2058.2009999752045, 42240.03442055396, 52156.96769476813
2058.2170000076294, 42240.03442055396, 52156.96769476813
2058.231000185013, 42240.03442055396, 52156.29838314142
2058.2460000514984, 42240.03442055396, 52156.29838314142
2058.2569999694824, 42240.03442055396, 52156.29838314142
2064.598000049591, 42240.03442055396, 52155.55428829985
2064.6130001544952, 42240.03442055396, 52155.55428829985
2064.630000114441, 42240.03442055396, 52155.32562309986
2064.643000125885, 42240.03442055396, 52155.32562309986
2064.6549999713898, 42240.03442055396, 52155.32562309986
2064.667999982834, 42240.03442055396, 52155.32562309986
2070.4509999752045, 42240.03442055396, 52155.32562309986
2070.4670000076294, 42240.03442055396, 52155.32562309986
2070.4790000915527, 42240.03442055396, 52153.91029102183
2070.494000196457, 42240.03442055396, 52153.91029102183
2070.505000114441, 42240.03442055396, 52153.91029102183
2070.5170001983643, 42240.03442055396, 52153.91029102183
2070.531000137329, 42240.03442055396, 52153.91029102183
2076.875, 42240.03442055396, 52153.91029102183
2076.9020001888275, 42240.03442055396, 52153.91029102183
2076.920000076294, 42240.03442055396, 52153.91029102183
2076.934000015259, 42240.03442055396, 52153.91029102183
2076.9500000476837, 42240.03442055396, 52153.91029102183
2076.962000131607, 42240.03442055396, 52153.91029102183
2076.962000131607, 42240.03442055396, 52153.91029102183
2076.978000164032, 42240.03442055396, 52153.91029102183
2076.9950001239777, 42240.03442055396, 52153.91029102183
2077.0120000839233, 42240.03442055396, 52153.91029102183
2077.0240001678467, 42240.03442055396, 52153.91029102183
2077.0410001277924, 42240.03442055396, 52153.91029102183
2083.7080001831055, 42240.03442055396, 52152.22429106523
2083.7320001125336, 42240.03442055396, 52150.394638850565
2083.746999979019, 42240.03442055396, 52150.394638850565
2090.294000148773, 42240.03442055396, 52150.30361914041
2090.3170001506805, 42240.03442055396, 52149.95671728623
2090.337000131607, 42240.03442055396, 52149.95671728623
2090.351000070572, 42240.03442055396, 52149.95671728623
2090.364000082016, 42240.03442055396, 52149.95671728623
2096.9290001392365, 42240.03442055396, 52149.95671728623
2096.949000120163, 42240.03442055396, 52149.95671728623
2096.965000152588, 42240.03442055396, 52148.2483986353
2096.981000185013, 42240.03442055396, 52148.2483986353
2103.5370001792908, 42240.03442055396, 52148.2483986353
2103.552999973297, 42240.03442055396, 52148.2483986353
2103.571000099182, 42240.03442055396, 52147.879914571386
2103.585000038147, 42240.03442055396, 52147.879914571386
2110.186000108719, 42240.03442055396, 52147.27061434078
2110.213000059128, 42240.03442055396, 52147.27061434078
2110.2290000915527, 42240.03442055396, 52147.27061434078
2110.242000102997, 42240.03442055396, 52147.27061434078
2110.255000114441, 42240.03442055396, 52147.27061434078
2116.7330000400543, 42240.03442055396, 52147.27061434078
2116.753000020981, 42240.03442055396, 52145.97067968036
2116.7720000743866, 42240.03442055396, 52145.97067968036
2116.792000055313, 42240.03442055396, 52145.97067968036
2116.8070001602173, 42240.03442055396, 52145.89715269448
2123.2340002059937, 42240.03442055396, 52145.89715269448
2123.25200009346, 42240.03442055396, 52145.89715269448
2123.2699999809265, 42240.03442055396, 52145.89715269448
2123.28200006485, 42240.03442055396, 52145.89715269448
2123.294000148773, 42240.03442055396, 52144.588972747086
2123.3070001602173, 42240.03442055396, 52144.18206281366
2123.319000005722, 42240.03442055396, 52144.18206281366
2123.332000017166, 42240.03442055396, 52144.18206281366
2123.337000131607, 42240.03442055396, 52144.18206281366
2123.3540000915527, 42240.03442055396, 52143.27735602888
2130.1360001564026, 42240.03442055396, 52143.27735602888
2130.1579999923706, 42240.03442055396, 52142.87972932812
2130.1740000247955, 42240.03442055396, 52142.87972932812
2130.188000202179, 42240.03442055396, 52142.87972932812
2130.2030000686646, 42240.03442055396, 52142.87972932812
2130.2190001010895, 42240.03442055396, 52142.87972932812
2130.228000164032, 42240.03442055396, 52142.87972932812
2130.2460000514984, 42240.03442055396, 52142.87972932812
2136.6449999809265, 42240.03442055396, 52142.00585093343
2136.6630001068115, 42240.03442055396, 52142.00585093343
2136.6820001602173, 42240.03442055396, 52142.00585093343
2136.698000192642, 42240.03442055396, 52142.00585093343
2136.715000152588, 42240.03442055396, 52142.00585093343
2136.728000164032, 42240.03442055396, 52142.00585093343
2143.265000104904, 42240.03442055396, 52140.79256659943
2143.2860000133514, 42240.03442055396, 52140.08938880335
2143.2990000247955, 42240.03442055396, 52140.08938880335
2143.3120000362396, 42240.03442055396, 52140.08938880335
2143.3280000686646, 42240.03442055396, 52140.08938880335
2143.3430001735687, 42240.03442055396, 52140.08938880335
2143.353000164032, 42240.03442055396, 52140.08938880335
2143.369000196457, 42240.03442055396, 52140.08938880335
2149.3330001831055, 42240.03442055396, 52140.08938880335
2149.3519999980927, 42240.03442055396, 52140.08938880335
2149.3680000305176, 42240.03442055396, 52140.08938880335
2149.3830001354218, 42240.03442055396, 52140.08938880335
2149.3970000743866, 42240.03442055396, 52140.08938880335
2155.779000043869, 42240.03442055396, 52139.50049827426
2155.7960000038147, 42240.03442055396, 52139.50049827426
2155.809000015259, 42240.03442055396, 52139.50049827426
2155.823000192642, 42240.03442055396, 52139.50049827426
2155.835000038147, 42240.03442055396, 52139.50049827426
2155.848000049591, 42240.03442055396, 52139.50049827426
2155.861999988556, 42240.03442055396, 52139.50049827426
2155.87700009346, 42240.03442055396, 52138.63432004684
2162.430999994278, 42240.03442055396, 52138.132876923344
2162.4450001716614, 42240.03442055396, 52138.132876923344
2162.457000017166, 42240.03442055396, 52138.132876923344
2162.4700000286102, 42240.03442055396, 52138.132876923344
2162.4840002059937, 42240.03442055396, 52138.132876923344
2162.4930000305176, 42240.03442055396, 52138.132876923344
2162.5069999694824, 42240.03442055396, 52138.132876923344
2162.513000011444, 42240.03442055396, 52138.132876923344
2162.5280001163483, 42240.03442055396, 52138.132876923344
2169.3330001831055, 42240.03442055396, 52138.132876923344
2169.3440001010895, 42240.03442055396, 52138.132876923344
2169.3580000400543, 42240.03442055396, 52138.132876923344
2169.3730001449585, 42240.03442055396, 52138.132876923344
2169.3870000839233, 42240.03442055396, 52138.132876923344
2169.4020001888275, 42240.03442055396, 52138.132876923344
2169.4160001277924, 42240.03442055396, 52138.132876923344
2169.4270000457764, 42240.03442055396, 52138.132876923344
2169.4390001296997, 42240.03442055396, 52138.132876923344
2169.452000141144, 42240.03442055396, 52138.132876923344
2175.420000076294, 42240.03442055396, 52138.132876923344
2175.4390001296997, 42240.03442055396, 52138.132876923344
2175.459000110626, 42240.03442055396, 52138.132876923344
2175.476000070572, 42240.03442055396, 52138.132876923344
2175.4880001544952, 42240.03442055396, 52138.132876923344
2175.505000114441, 42240.03442055396, 52138.132876923344
2175.5120000839233, 42240.03442055396, 52138.132876923344
2175.5280001163483, 42240.03442055396, 52138.132876923344
2182.4950001239777, 42240.03442055396, 52138.132876923344
2182.5080001354218, 42240.03442055396, 52138.132876923344
2182.526000022888, 42240.03442055396, 52138.132876923344
2182.5390000343323, 42240.03442055396, 52138.132876923344
2182.5540001392365, 42240.03442055396, 52138.132876923344
2182.5650000572205, 42240.03442055396, 52135.31689821394
2182.5789999961853, 42240.03442055396, 52135.31689821394
2182.590000152588, 42240.03442055396, 52135.31689821394
2182.606000185013, 42240.03442055396, 52135.31689821394
2182.614000082016, 42240.03442055396, 52135.31689821394
2189.098999977112, 42240.03442055396, 52135.31689821394
2189.114000082016, 42240.03442055396, 52135.27189266131
2189.128000020981, 42240.03442055396, 52135.27189266131
2189.1440000534058, 42240.03442055396, 52135.27189266131
2189.15700006485, 42240.03442055396, 52135.27189266131
2189.1710000038147, 42240.03442055396, 52135.27189266131
2189.185000181198, 42240.03442055396, 52135.27189266131
2189.2000000476837, 42240.03442055396, 52135.27189266131
2189.210000038147, 42240.03442055396, 52135.27189266131
2189.2269999980927, 42240.03442055396, 52133.88403640569
2196.0270001888275, 42240.03442055396, 52133.88403640569
2196.048000097275, 42240.03442055396, 52133.88403640569
2196.061000108719, 42240.03442055396, 52133.88403640569
2196.0750000476837, 42240.03442055396, 52133.88403640569
2196.0920000076294, 42240.03442055396, 52132.162118367996
2196.1070001125336, 42240.03442055396, 52132.13304897363
2202.9500000476837, 42240.03442055396, 52131.34352377409
2202.9710001945496, 42240.03442055396, 52131.34352377409
2202.9880001544952, 42240.03442055396, 52131.34352377409
2203.0090000629425, 42240.03442055396, 52131.34352377409
2203.0230000019073, 42240.03442055396, 52131.34352377409
2203.0350000858307, 42240.03442055396, 52131.34352377409
2203.050000190735, 42240.03442055396, 52131.34352377409
2203.0520000457764, 42240.03442055396, 52131.34352377409
2203.069000005722, 42240.03442055396, 52131.34352377409
2203.0860002040863, 42240.03442055396, 52131.34352377409
2209.565999984741, 42240.03442055396, 52131.34352377409
2209.584000110626, 42240.03442055396, 52131.143340791634
2209.6050000190735, 42240.03442055396, 52131.143340791634
2209.6230001449585, 42240.03442055396, 52131.143340791634
2209.641000032425, 42240.03442055396, 52131.143340791634
2209.6530001163483, 42240.03442055396, 52131.143340791634
2209.667000055313, 42240.03442055396, 52131.143340791634
2209.6770000457764, 42240.03442055396, 52130.668944445075
2209.6870000362396, 42240.03442055396, 52130.668944445075
2218.2560000419617, 42240.03442055396, 52130.668944445075
2218.2740001678467, 42240.03442055396, 52130.668944445075
2218.2910001277924, 42240.03442055396, 52130.668944445075
2218.311000108719, 42240.03442055396, 52130.668944445075
2218.3259999752045, 42240.03442055396, 52130.668944445075
2224.628000020981, 42240.03442055396, 52130.668944445075
2224.641000032425, 42240.03442055396, 52130.17986926448
2224.654000043869, 42240.03442055396, 52130.17986926448
2231.121999979019, 42240.03442055396, 52130.17986926448
2231.1480000019073, 42240.03442055396, 52130.17986926448
2231.1650002002716, 42240.03442055396, 52130.17986926448
2231.1790001392365, 42240.03442055396, 52130.17986926448
2231.1900000572205, 42240.03442055396, 52130.17986926448
2231.2030000686646, 42240.03442055396, 52130.17986926448
2231.2160000801086, 42240.03442055396, 52130.17986926448
2238.061000108719, 42240.03442055396, 52130.17986926448
2238.0800001621246, 42240.03442055396, 52130.17986926448
2238.098000049591, 42240.03442055396, 52130.17986926448
2238.1090002059937, 42240.03442055396, 52130.17986926448
2238.1200001239777, 42240.03442055396, 52130.17986926448
2238.138000011444, 42240.03442055396, 52130.17986926448
2238.151000022888, 42240.03442055396, 52130.17986926448
2238.1650002002716, 42240.03442055396, 52127.05468784118
2244.919000148773, 42240.03442055396, 52127.05468784118
2244.938000202179, 42240.03442055396, 52127.05468784118
2244.9539999961853, 42240.03442055396, 52127.05468784118
2244.9639999866486, 42240.03442055396, 52127.05468784118
2244.9800000190735, 42240.03442055396, 52127.05468784118
2244.9950001239777, 42240.03442055396, 52127.05468784118
2245.0080001354218, 42240.03442055396, 52127.05468784118
2245.0190000534058, 42240.03442055396, 52127.05468784118
2245.0270001888275, 42240.03442055396, 52127.05468784118
2245.044000148773, 42240.03442055396, 52125.6144647665
2251.946000099182, 42240.03442055396, 52125.6144647665
2251.962000131607, 42240.03442055396, 52125.6144647665
2251.976000070572, 42240.03442055396, 52125.31574388244
2251.9880001544952, 42240.03442055396, 52125.31574388244
2252.00200009346, 42240.03442055396, 52125.31574388244
2252.018000125885, 42240.03442055396, 52125.31574388244
2252.0360000133514, 42240.03442055396, 52125.31574388244
2252.0490000247955, 42240.03442055396, 52125.31574388244
2252.0640001296997, 42240.03442055396, 52125.31574388244
2252.0789999961853, 42240.03442055396, 52125.31574388244
2252.0950000286102, 42240.03442055396, 52125.31574388244
2252.1090002059937, 42240.03442055396, 52125.31574388244
2259.1130001544952, 42240.03442055396, 52125.31574388244
2259.1319999694824, 42240.03442055396, 52125.31574388244
2259.1470000743866, 42240.03442055396, 52125.31574388244
2259.1660001277924, 42240.03442055396, 52125.31574388244
2259.184000015259, 42240.03442055396, 52125.25574005727
2265.6420001983643, 42240.03442055396, 52125.25574005727
2265.6600000858307, 42240.03442055396, 52125.25574005727
2265.683000087738, 42240.03442055396, 52125.25574005727
2265.702000141144, 42240.03442055396, 52125.25574005727
2265.7180001735687, 42240.03442055396, 52125.25574005727
2273.073000192642, 42240.03442055396, 52124.20170669499
2273.090000152588, 42240.03442055396, 52123.82531292357
2279.8730001449585, 42240.03442055396, 52123.547049522065
2279.87900018692, 42240.03442055396, 52123.547049522065
2279.901000022888, 42240.03442055396, 52123.547049522065
2279.9160001277924, 42240.03442055396, 52123.38054012
2279.930000066757, 42240.03442055396, 52123.38054012
2279.940999984741, 42240.03442055396, 52123.38054012
2286.960000038147, 42240.03442055396, 52123.38054012
2286.9710001945496, 42240.03442055396, 52123.38054012
2286.9960000514984, 42240.03442055396, 52123.38054012
2287.013000011444, 42240.03442055396, 52123.38054012
2287.0270001888275, 42240.03442055396, 52123.38054012
2287.0390000343323, 42240.03442055396, 52123.38054012
2287.0510001182556, 42240.03442055396, 52123.38054012
2294.186000108719, 42240.03442055396, 52123.38054012
2294.2110002040863, 42240.03442055396, 52123.38054012
2294.2269999980927, 42240.03442055396, 52123.38054012
2294.239000082016, 42240.03442055396, 52121.89222063385
2294.25400018692, 42240.03442055396, 52121.89222063385
2294.2670001983643, 42240.03442055396, 52121.89222063385
2294.2750000953674, 42240.03442055396, 52121.89222063385
2301.0360000133514, 42240.03442055396, 52121.89222063385
2301.0410001277924, 42240.03442055396, 52121.89222063385
2301.058000087738, 42240.03442055396, 52121.89222063385
2301.0830001831055, 42240.03442055396, 52121.464194359294
2301.100000143051, 42240.03442055396, 52121.464194359294
2301.116000175476, 42240.03442055396, 52121.464194359294
2301.12900018692, 42240.03442055396, 52121.464194359294
2301.140000104904, 42240.03442055396, 52121.464194359294
2301.151000022888, 42240.03442055396, 52121.464194359294
2301.1630001068115, 42240.03442055396, 52121.464194359294
2301.1790001392365, 42240.03442055396, 52121.464194359294
2308.5329999923706, 42240.03442055396, 52121.464194359294
2308.552999973297, 42240.03442055396, 52121.464194359294
2308.5680000782013, 42240.03442055396, 52121.464194359294
2314.8810000419617, 42240.03442055396, 52121.464194359294
2314.9030001163483, 42240.03442055396, 52121.464194359294
2314.923000097275, 42240.03442055396, 52121.464194359294
2314.9420001506805, 42240.03442055396, 52121.464194359294
2314.9580001831055, 42240.03442055396, 52121.464194359294
2314.973999977112, 42240.03442055396, 52121.464194359294
2314.9900000095367, 42240.03442055396, 52121.464194359294
2315.00200009346, 42240.03442055396, 52121.464194359294
2315.0170001983643, 42240.03442055396, 52121.464194359294
2315.03200006485, 42240.03442055396, 52121.464194359294
2315.047000169754, 42240.03442055396, 52121.464194359294
2321.6150000095367, 42240.03442055396, 52121.464194359294
2321.62700009346, 42240.03442055396, 52121.464194359294
2321.6420001983643, 42240.03442055396, 52121.464194359294
2321.65700006485, 42240.03442055396, 52121.464194359294
2321.6710000038147, 42240.03442055396, 52120.663409502056
2321.6870000362396, 42240.03442055396, 52120.170714617496
2321.7009999752045, 42240.03442055396, 52120.170714617496
2321.7050001621246, 42240.03442055396, 52120.170714617496
2321.7220001220703, 42240.03442055396, 52120.170714617496
2329.805999994278, 42240.03442055396, 52120.170714617496
2329.8180000782013, 42240.03442055396, 52120.170714617496
2329.8300001621246, 42240.03442055396, 52120.170714617496
2329.8440001010895, 42240.03442055396, 52120.170714617496
2329.8570001125336, 42240.03442055396, 52120.170714617496
2329.8710000514984, 42240.03442055396, 52119.57438163778
2336.396000146866, 42240.03442055396, 52119.57438163778
2336.420000076294, 42240.03442055396, 52119.57438163778
2336.436000108719, 42240.03442055396, 52118.02619709032
2336.447000026703, 42240.03442055396, 52118.005130447375
2336.460000038147, 42240.03442055396, 52118.005130447375
2336.4700000286102, 42240.03442055396, 52118.005130447375
2342.947000026703, 42240.03442055396, 52118.005130447375
2342.9680001735687, 42240.03442055396, 52118.005130447375
2342.9850001335144, 42240.03442055396, 52118.005130447375
2342.9980001449585, 42240.03442055396, 52118.005130447375
2343.0140001773834, 42240.03442055396, 52118.005130447375
2350.62900018692, 42240.03442055396, 52118.005130447375
2350.6449999809265, 42240.03442055396, 52118.005130447375
2350.65700006485, 42240.03442055396, 52118.005130447375
2350.6760001182556, 42240.03442055396, 52116.22124980838
2350.6870000362396, 42240.03442055396, 52116.22124980838
2350.699000120163, 42240.03442055396, 52116.22124980838
2350.712000131607, 42240.03442055396, 52116.22124980838
2350.7269999980927, 42240.03442055396, 52116.22124980838
2350.7320001125336, 42240.03442055396, 52116.22124980838
2357.2880001068115, 42240.03442055396, 52115.89782244478
2357.305000066757, 42240.03442055396, 52115.89782244478
2357.323000192642, 42240.03442055396, 52115.89782244478
2357.335000038147, 42240.03442055396, 52115.89782244478
2357.350000143051, 42240.03442055396, 52115.89782244478
2357.361000061035, 42240.03442055396, 52115.89782244478
2357.3700001239777, 42240.03442055396, 52115.89782244478
2357.378000020981, 42240.03442055396, 52115.89782244478
2357.3890001773834, 42240.03442055396, 52115.89782244478
2357.3940000534058, 42240.03442055396, 52115.633388468064
2357.4100000858307, 42240.03442055396, 52115.633388468064
2357.4260001182556, 42240.03442055396, 52115.633388468064
2357.4430000782013, 42240.03442055396, 52115.633388468064
2357.4580001831055, 42240.03442055396, 52115.633388468064
2357.4580001831055, 42240.03442055396, 52114.804355748114
2364.545000076294, 42240.03442055396, 52114.804355748114
2364.552999973297, 42240.03442055396, 52114.804355748114
2364.577000141144, 42240.03442055396, 52114.804355748114
2364.5950000286102, 42240.03442055396, 52114.804355748114
2364.6080000400543, 42240.03442055396, 52114.804355748114
2364.6200001239777, 42240.03442055396, 52114.804355748114
2364.6319999694824, 42240.03442055396, 52114.804355748114
2364.640000104904, 42240.03442055396, 52114.804355748114
2364.65700006485, 42240.03442055396, 52114.804355748114
2364.672000169754, 42240.03442055396, 52114.804355748114
2364.680000066757, 42240.03442055396, 52114.804355748114
2364.6890001296997, 42240.03442055396, 52114.804355748114
2364.7030000686646, 42240.03442055396, 52114.804355748114
2364.7210001945496, 42240.03442055396, 52114.3374305174
2364.731000185013, 42240.03442055396, 52114.3374305174
2364.7350001335144, 42240.03442055396, 52114.3374305174
2364.75200009346, 42240.03442055396, 52114.3374305174
2364.7670001983643, 42240.03442055396, 52114.3374305174
2372.763000011444, 42240.03442055396, 52114.3374305174
2372.78200006485, 42240.03442055396, 52114.3374305174
2372.798000097275, 42240.03442055396, 52114.3374305174
2372.8150000572205, 42240.03442055396, 52114.3374305174
2372.8300001621246, 42240.03442055396, 52114.3374305174
2372.8450000286102, 42240.03442055396, 52114.3374305174
2372.8540000915527, 42240.03442055396, 52114.3374305174
2372.869000196457, 42240.03442055396, 52114.3374305174
2372.8849999904633, 42240.03442055396, 52114.3374305174
2372.8849999904633, 42240.03442055396, 52113.57884464219
2372.9020001888275, 42240.03442055396, 52113.57884464219
2372.917999982834, 42240.03442055396, 52113.57884464219
2372.935000181198, 42240.03442055396, 52113.57884464219
2379.6150000095367, 42240.03442055396, 52113.57884464219
2379.638000011444, 42240.03442055396, 52113.57884464219
2379.6600000858307, 42240.03442055396, 52113.57884464219
2379.6790001392365, 42240.03442055396, 52113.57884464219
2379.694000005722, 42240.03442055396, 52113.57884464219
2379.7060000896454, 42240.03442055396, 52113.57884464219
2379.712000131607, 42240.03442055396, 52113.57884464219
2379.7290000915527, 42240.03442055396, 52112.22477451272
2379.7460000514984, 42240.03442055396, 52112.22477451272
2386.560000181198, 42240.03442055396, 52112.22477451272
2386.587000131607, 42240.03442055396, 52112.22477451272
2386.6050000190735, 42240.03442055396, 52111.49110696152
2386.6200001239777, 42240.03442055396, 52111.34556735716
2386.6360001564026, 42240.03442055396, 52110.930437009745
2386.6480000019073, 42240.03442055396, 52110.813345018854
2386.6660001277924, 42240.03442055396, 52110.813345018854
2394.3140001296997, 42240.03442055396, 52110.813345018854
2394.3250000476837, 42240.03442055396, 52110.63012622462
2394.3420000076294, 42240.03442055396, 52110.63012622462
2394.3600001335144, 42240.03442055396, 52110.63012622462
2394.37700009346, 42240.03442055396, 52110.63012622462
2394.391000032425, 42240.03442055396, 52110.4639855269
2401.1070001125336, 42240.03442055396, 52109.97519319427
2401.119000196457, 42240.03442055396, 52109.97519319427
2401.1330001354218, 42240.03442055396, 52109.97519319427
2401.146000146866, 42240.03442055396, 52109.97519319427
2401.1600000858307, 42240.03442055396, 52109.97519319427
2401.172000169754, 42240.03442055396, 52109.97519319427
2401.184000015259, 42240.03442055396, 52109.97519319427
2401.194000005722, 42240.03442055396, 52109.97519319427
2401.2060000896454, 42240.03442055396, 52109.97519319427
2401.2210001945496, 42240.03442055396, 52109.97519319427
2408.5400002002716, 42240.03442055396, 52109.97519319427
2408.5570001602173, 42240.03442055396, 52109.90278114683
2408.572000026703, 42240.03442055396, 52109.02633570525
2408.5860002040863, 42240.03442055396, 52109.02633570525
2408.598000049591, 42240.03442055396, 52109.02633570525
2408.611000061035, 42240.03442055396, 52109.02633570525
2408.625, 42240.03442055396, 52109.02633570525
2408.641000032425, 42240.03442055396, 52109.02633570525
2408.6440000534058, 42240.03442055396, 52109.02633570525
2408.65900015831, 42240.03442055396, 52109.02633570525
2408.675000190735, 42240.03442055396, 52109.02633570525
2408.6920001506805, 42240.03442055396, 52109.02633570525
2415.1319999694824, 42240.03442055396, 52109.02633570525
2415.1470000743866, 42240.03442055396, 52109.02633570525
2415.1610000133514, 42240.03442055396, 52109.02633570525
2415.1770000457764, 42240.03442055396, 52109.02633570525
2415.1920001506805, 42240.03442055396, 52109.02633570525
2415.2060000896454, 42240.03442055396, 52109.02633570525
2415.2170000076294, 42240.03442055396, 52109.02633570525
2415.2380001544952, 42240.03442055396, 52108.258669268034
2422.952000141144, 42240.03442055396, 52108.258669268034
2422.9670000076294, 42240.03442055396, 52108.258669268034
2422.991000175476, 42240.03442055396, 52108.258669268034
2423.0060000419617, 42240.03442055396, 52108.258669268034
2423.021000146866, 42240.03442055396, 52108.258669268034
2423.0360000133514, 42240.03442055396, 52108.258669268034
2423.050000190735, 42240.03442055396, 52108.258669268034
2429.8200001716614, 42240.03442055396, 52108.258669268034
2429.832000017166, 42240.03442055396, 52108.258669268034
2429.8410000801086, 42240.03442055396, 52108.258669268034
2429.856000185013, 42240.03442055396, 52108.258669268034
2429.867000102997, 42240.03442055396, 52108.258669268034
2429.87700009346, 42240.03442055396, 52108.258669268034
2429.8890001773834, 42240.03442055396, 52108.258669268034
2429.9000000953674, 42240.03442055396, 52108.258669268034
2429.9110000133514, 42240.03442055396, 52108.258669268034
2429.920000076294, 42240.03442055396, 52107.76748800426
2429.936000108719, 42240.03442055396, 52107.76748800426
2429.947000026703, 42240.03442055396, 52107.76748800426
2429.9610002040863, 42240.03442055396, 52107.76748800426
2437.1090002059937, 42240.03442055396, 52105.37682251203
2437.12900018692, 42240.03442055396, 52105.37682251203
2437.1440000534058, 42240.03442055396, 52105.24937949065
2437.1600000858307, 42240.03442055396, 52105.24937949065
2437.173000097275, 42240.03442055396, 52105.24937949065
2437.185000181198, 42240.03442055396, 52105.24937949065
2437.199000120163, 42240.03442055396, 52105.24937949065
2437.2080001831055, 42240.03442055396, 52105.24937949065
2444.3710000514984, 42240.03442055396, 52105.24937949065
2444.3870000839233, 42240.03442055396, 52105.24937949065
2444.404000043869, 42240.03442055396, 52105.24937949065
2444.4240000247955, 42240.03442055396, 52105.24937949065
2444.446000099182, 42240.03442055396, 52105.24937949065
2444.4660000801086, 42240.03442055396, 52105.24937949065
2444.478000164032, 42240.03442055396, 52105.24937949065
2444.491000175476, 42240.03442055396, 52105.24937949065
2444.4960000514984, 42240.03442055396, 52105.24937949065
2444.5110001564026, 42240.03442055396, 52105.24937949065
2444.5280001163483, 42240.03442055396, 52105.24937949065
2444.542999982834, 42240.03442055396, 52105.24937949065
2444.5570001602173, 42240.03442055396, 52103.60428168154
2444.560000181198, 42240.03442055396, 52102.19326898245
2444.574000120163, 42240.03442055396, 52102.19326898245
2444.5910000801086, 42240.03442055396, 52102.19326898245
2444.6080000400543, 42240.03442055396, 52102.19326898245
2452.4720001220703, 42240.03442055396, 52102.19326898245
2452.4880001544952, 42240.03442055396, 52102.19326898245
2452.50400018692, 42240.03442055396, 52102.19326898245
2452.5170001983643, 42240.03442055396, 52102.19326898245
2460.0240001678467, 42240.03442055396, 52102.19326898245
2460.042000055313, 42240.03442055396, 52102.19326898245
2460.058000087738, 42240.03442055396, 52102.19326898245
2460.074000120163, 42240.03442055396, 52102.19326898245
2460.090000152588, 42240.03442055396, 52102.19326898245
2460.101000070572, 42240.03442055396, 52102.19326898245
2460.1070001125336, 42240.03442055396, 52102.19326898245
2467.457000017166, 42240.03442055396, 52100.276961486954
2467.4840002059937, 42240.03442055396, 52100.276961486954
2467.5010001659393, 42240.03442055396, 52100.276961486954
2467.516000032425, 42240.03442055396, 52100.276961486954
2467.5280001163483, 42240.03442055396, 52099.50775339735
2474.7180001735687, 42240.03442055396, 52099.50775339735
2474.7350001335144, 42240.03442055396, 52099.50775339735
2474.755000114441, 42240.03442055396, 52099.50775339735
2474.7740001678467, 42240.03442055396, 52099.50775339735
2474.794000148773, 42240.03442055396, 52099.50775339735
2474.8120000362396, 42240.03442055396, 52099.477559747516
2474.819000005722, 42240.03442055396, 52099.477559747516
2474.8360002040863, 42240.03442055396, 52099.477559747516
2474.8470001220703, 42240.03442055396, 52099.477559747516
2474.8630001544952, 42240.03442055396, 52099.477559747516
2474.87900018692, 42240.03442055396, 52099.477559747516
2474.8860001564026, 42240.03442055396, 52099.477559747516
2481.2829999923706, 42240.03442055396, 52099.477559747516
2481.292000055313, 42240.03442055396, 52099.477559747516
2481.309000015259, 42240.03442055396, 52099.477559747516
2481.322000026703, 42240.03442055396, 52099.477559747516
2481.334000110626, 42240.03442055396, 52099.477559747516
2481.3470001220703, 42240.03442055396, 52099.477559747516
2481.361000061035, 42240.03442055396, 52099.477559747516
2481.375, 42240.03442055396, 52099.477559747516
2481.3849999904633, 42240.03442055396, 52099.477559747516
2481.3849999904633, 42240.03442055396, 52099.477559747516
2488.7510001659393, 42240.03442055396, 52099.242761781476
2488.7699999809265, 42240.03442055396, 52099.242761781476
2488.798000097275, 42240.03442055396, 52099.242761781476
2488.8120000362396, 42240.03442055396, 52099.242761781476
2488.827000141144, 42240.03442055396, 52099.242761781476
2488.838000059128, 42240.03442055396, 52097.98354225243
2488.8540000915527, 42240.03442055396, 52097.98354225243
2495.6710000038147, 42240.03442055396, 52097.45982408838
2495.6930000782013, 42240.03442055396, 52097.45982408838
2495.709000110626, 42240.03442055396, 52097.45982408838
2495.728000164032, 42240.03442055396, 52097.26739785179
2495.739000082016, 42240.03442055396, 52097.26739785179
2495.75200009346, 42240.03442055396, 52097.26739785179
2495.7670001983643, 42240.03442055396, 52096.294155851676
2503.3310000896454, 42240.03442055396, 52096.294155851676
2503.3470001220703, 42240.03442055396, 52096.294155851676
2503.3600001335144, 42240.03442055396, 52096.254917381244
2503.371999979019, 42240.03442055396, 52096.254917381244
2503.3860001564026, 42240.03442055396, 52096.254917381244
2503.396000146866, 42240.03442055396, 52096.254917381244
2503.4079999923706, 42240.03442055396, 52096.24345210002
2503.419000148773, 42240.03442055396, 52096.24345210002
2503.430999994278, 42240.03442055396, 52096.24345210002
2510.9880001544952, 42240.03442055396, 52096.24345210002
2511.0, 42240.03442055396, 52095.95522637769
2511.0240001678467, 42240.03442055396, 52095.95522637769
2511.0410001277924, 42240.03442055396, 52095.95522637769
2511.060000181198, 42240.03442055396, 52095.95522637769
2511.073000192642, 42240.03442055396, 52095.95522637769
2511.0889999866486, 42240.03442055396, 52095.95522637769
2518.2430000305176, 42240.03442055396, 52095.95522637769
2518.263000011444, 42240.03442055396, 52095.95522637769
2518.28200006485, 42240.03442055396, 52095.95522637769
2518.292999982834, 42240.03442055396, 52095.95522637769
2518.309000015259, 42240.03442055396, 52095.95522637769
2525.552999973297, 42240.03442055396, 52095.95522637769
2525.571000099182, 42240.03442055396, 52095.95522637769
2525.585000038147, 42240.03442055396, 52095.95522637769
2525.601000070572, 42240.03442055396, 52095.95522637769
2525.617000102997, 42240.03442055396, 52095.95522637769
2532.6740000247955, 42240.03442055396, 52095.95522637769
2532.6870000362396, 42240.03442055396, 52095.95522637769
2532.7060000896454, 42240.03442055396, 52095.95522637769
2532.7210001945496, 42240.03442055396, 52095.95522637769
2532.7380001544952, 42240.03442055396, 52095.95522637769
2532.75, 42240.03442055396, 52095.95522637769
2532.7620000839233, 42240.03442055396, 52094.62950803054
2532.7750000953674, 42240.03442055396, 52094.62950803054
2539.3150000572205, 42240.03442055396, 52094.62950803054
2539.3470001220703, 42240.03442055396, 52094.62950803054
2539.361999988556, 42240.03442055396, 52094.62950803054
2546.1820001602173, 42240.03442055396, 52094.62950803054
2546.202000141144, 42240.03442055396, 52092.43740755017
2546.2220001220703, 42240.03442055396, 52092.43740755017
2546.2330000400543, 42240.03442055396, 52092.43740755017
2546.2480001449585, 42240.03442055396, 52092.43740755017
2546.2599999904633, 42240.03442055396, 52092.43740755017
2546.2780001163483, 42240.03442055396, 52092.43740755017
2546.294000148773, 42240.03442055396, 52092.43740755017
2546.3120000362396, 42240.03442055396, 52092.43740755017
2546.323000192642, 42240.03442055396, 52092.43740755017
2546.3410000801086, 42240.03442055396, 52092.43740755017
2546.3550000190735, 42240.03442055396, 52092.43740755017
2546.3710000514984, 42240.03442055396, 52092.43740755017
2553.351000070572, 42240.03442055396, 52092.43740755017
2553.367000102997, 42240.03442055396, 52092.43740755017
2553.3810000419617, 42240.03442055396, 52092.43740755017
2553.396000146866, 42240.03442055396, 52092.43740755017
2553.40900015831, 42240.03442055396, 52092.43740755017
2553.423000097275, 42240.03442055396, 52092.43740755017
2553.436000108719, 42240.03442055396, 52092.43740755017
2553.4509999752045, 42240.03442055396, 52090.97124739642
2553.4639999866486, 42240.03442055396, 52090.97124739642
2553.4680001735687, 42240.03442055396, 52090.97124739642
2553.4850001335144, 42240.03442055396, 52090.97124739642
2553.50200009346, 42240.03442055396, 52090.97124739642
2560.8250000476837, 42240.03442055396, 52090.97124739642
2560.8440001010895, 42240.03442055396, 52090.97124739642
2560.866000175476, 42240.03442055396, 52090.97124739642
2560.87900018692, 42240.03442055396, 52090.97124739642
2560.8920001983643, 42240.03442055396, 52090.97124739642
2560.906000137329, 42240.03442055396, 52090.97124739642
2560.919000148773, 42240.03442055396, 52090.97124739642
2560.9240000247955, 42240.03442055396, 52090.97124739642
2560.9400000572205, 42240.03442055396, 52090.97124739642
2560.9560000896454, 42240.03442055396, 52090.97124739642
2560.973000049591, 42240.03442055396, 52090.97124739642
2560.989000082016, 42240.03442055396, 52089.072977574506
2568.12900018692, 42240.03442055396, 52089.072977574506
2568.154000043869, 42240.03442055396, 52088.980989341624
2568.169000148773, 42240.03442055396, 52088.980989341624
2568.183000087738, 42240.03442055396, 52088.95749394367
2568.197000026703, 42240.03442055396, 52088.95749394367
2575.28200006485, 42240.03442055396, 52088.95749394367
2575.3070001602173, 42240.03442055396, 52088.95749394367
2575.319000005722, 42240.03442055396, 52088.95749394367
2575.3289999961853, 42240.03442055396, 52088.95749394367
2575.338000059128, 42240.03442055396, 52088.88914335518
2575.3540000915527, 42240.03442055396, 52088.88914335518
2582.6200001239777, 42240.03442055396, 52088.88914335518
2582.640000104904, 42240.03442055396, 52088.88914335518
2582.6530001163483, 42240.03442055396, 52088.88914335518
2582.667000055313, 42240.03442055396, 52088.88914335518
2582.680000066757, 42240.03442055396, 52086.69986908666
2589.848000049591, 42240.03442055396, 52086.5837688319
2589.869000196457, 42240.03442055396, 52086.5837688319
2589.8890001773834, 42240.03442055396, 52086.5837688319
2589.9049999713898, 42240.03442055396, 52086.5837688319
2589.920000076294, 42240.03442055396, 52086.5837688319
2589.933000087738, 42240.03442055396, 52086.5837688319
2589.944000005722, 42240.03442055396, 52086.546744254985
2596.40700006485, 42240.03442055396, 52086.546744254985
2596.4160001277924, 42240.03442055396, 52086.546744254985
2596.434000015259, 42240.03442055396, 52086.546744254985
2596.4539999961853, 42240.03442055396, 52086.546744254985
2596.4660000801086, 42240.03442055396, 52086.546744254985
2596.4769999980927, 42240.03442055396, 52086.200140751665
2596.4930000305176, 42240.03442055396, 52086.200140751665
2604.7770001888275, 42240.03442055396, 52086.200140751665
2604.798000097275, 42240.03442055396, 52086.200140751665
2604.8150000572205, 42240.03442055396, 52085.904039946756
2604.8280000686646, 42240.03442055396, 52085.904039946756
2604.848000049591, 42240.03442055396, 52085.904039946756
2604.867000102997, 42240.03442055396, 52085.904039946756
2604.87900018692, 42240.03442055396, 52085.904039946756
2604.8830001354218, 42240.03442055396, 52085.904039946756
2604.8990001678467, 42240.03442055396, 52085.7706554883
2604.9160001277924, 42240.03442055396, 52085.7706554883
2604.930999994278, 42240.03442055396, 52085.7706554883
2612.5860002040863, 42240.03442055396, 52084.17742323771
2612.601000070572, 42240.03442055396, 52084.17742323771
2612.6180000305176, 42240.03442055396, 52084.17742323771
2612.6370000839233, 42240.03442055396, 52084.17742323771
2612.6530001163483, 42240.03442055396, 52084.17742323771
2612.6710000038147, 42240.03442055396, 52084.17742323771
2612.686000108719, 42240.03442055396, 52084.17742323771
2612.7030000686646, 42240.03442055396, 52084.17742323771
2612.7139999866486, 42240.03442055396, 52084.17742323771
2612.7300000190735, 42240.03442055396, 52083.944646917305
2619.9240000247955, 42240.03442055396, 52083.944646917305
2619.948000192642, 42240.03442055396, 52083.944646917305
2619.9700000286102, 42240.03442055396, 52083.944646917305
2619.991000175476, 42240.03442055396, 52082.67400319738
2620.0090000629425, 42240.03442055396, 52082.67400319738
2620.0240001678467, 42240.03442055396, 52082.67400319738
2620.03200006485, 42240.03442055396, 52082.67400319738
2627.169000148773, 42240.03442055396, 52082.67400319738
2627.1930000782013, 42240.03442055396, 52082.67400319738
2627.2110002040863, 42240.03442055396, 52082.03501466258
2627.225000143051, 42240.03442055396, 52081.18621128625
2627.241000175476, 42240.03442055396, 52081.18621128625
2627.25400018692, 42240.03442055396, 52081.18621128625
2627.25400018692, 42240.03442055396, 52081.18621128625
2627.271000146866, 42240.03442055396, 52081.10949102711
2627.2880001068115, 42240.03442055396, 52081.10949102711
2627.3020000457764, 42240.03442055396, 52081.10949102711
2627.305000066757, 42240.03442055396, 52081.10949102711
2634.209000110626, 42240.03442055396, 52081.10949102711
2634.223000049591, 42240.03442055396, 52081.10949102711
2634.2350001335144, 42240.03442055396, 52081.10949102711
2634.246999979019, 42240.03442055396, 52081.10949102711
2634.263000011444, 42240.03442055396, 52081.10949102711
2634.28200006485, 42240.03442055396, 52081.10949102711
2634.300000190735, 42240.03442055396, 52080.03135269488
2634.324000120163, 42240.03442055396, 52080.03135269488
2634.3410000801086, 42240.03442055396, 52080.03135269488
2634.3580000400543, 42240.03442055396, 52080.03135269488
2634.3630001544952, 42240.03442055396, 52080.03135269488
2641.4000000953674, 42240.03442055396, 52080.03135269488
2641.419000148773, 42240.03442055396, 52080.03135269488
2641.434000015259, 42240.03442055396, 52080.03135269488
2641.448000192642, 42240.03442055396, 52080.03135269488
2641.465000152588, 42240.03442055396, 52078.53627589253
2641.4820001125336, 42240.03442055396, 52078.53627589253
2648.78400015831, 42240.03442055396, 52078.32887350749
2648.802999973297, 42240.03442055396, 52078.32887350749
2648.8250000476837, 42240.03442055396, 52078.32887350749
2648.8420000076294, 42240.03442055396, 52078.32887350749
2648.8590002059937, 42240.03442055396, 52078.32887350749
2648.8710000514984, 42240.03442055396, 52078.32887350749
2648.8810000419617, 42240.03442055396, 52078.32887350749
2648.8890001773834, 42240.03442055396, 52078.32887350749
2648.9049999713898, 42240.03442055396, 52078.32887350749
2648.9210000038147, 42240.03442055396, 52078.32887350749
2648.9210000038147, 42240.03442055396, 52078.32887350749
2648.938000202179, 42240.03442055396, 52078.32887350749
2648.9530000686646, 42240.03442055396, 52077.63858810048
2656.0170001983643, 42240.03442055396, 52077.63858810048
2656.029000043869, 42240.03442055396, 52077.63858810048
2656.0460000038147, 42240.03442055396, 52077.63858810048
2656.0650000572205, 42240.03442055396, 52077.63858810048
2656.0810000896454, 42240.03442055396, 52077.12796878926
2656.0940001010895, 42240.03442055396, 52077.12796878926
2656.1090002059937, 42240.03442055396, 52077.12796878926
2656.121999979019, 42240.03442055396, 52077.12796878926
2656.1360001564026, 42240.03442055396, 52077.12796878926
2656.141000032425, 42240.03442055396, 52077.12796878926
2663.2770001888275, 42240.03442055396, 52077.12796878926
2663.2900002002716, 42240.03442055396, 52077.12796878926
2663.305000066757, 42240.03442055396, 52076.315425019624
2663.3180000782013, 42240.03442055396, 52076.315425019624
2663.335000038147, 42240.03442055396, 52076.315425019624
2663.351000070572, 42240.03442055396, 52076.315425019624
2663.367000102997, 42240.03442055396, 52076.13934616875
2670.6490001678467, 42240.03442055396, 52075.88979298848
2670.6790001392365, 42240.03442055396, 52075.88979298848
2670.697000026703, 42240.03442055396, 52075.88979298848
2679.4530000686646, 42240.03442055396, 52075.88979298848
2679.4560000896454, 42240.03442055396, 52075.88979298848
2679.473000049591, 42240.03442055396, 52075.88979298848
2679.492000102997, 42240.03442055396, 52075.88979298848
2679.50400018692, 42240.03442055396, 52075.88979298848
2679.516000032425, 42240.03442055396, 52075.88979298848
2686.3819999694824, 42240.03442055396, 52075.37110369203
2686.4120001792908, 42240.03442055396, 52075.37110369203
2686.4270000457764, 42240.03442055396, 52075.37110369203
2686.4390001296997, 42240.03442055396, 52075.37110369203
2686.452000141144, 42240.03442055396, 52075.37110369203
2686.4680001735687, 42240.03442055396, 52075.37110369203
2686.486000061035, 42240.03442055396, 52075.37110369203
2686.5, 42240.03442055396, 52075.37110369203
2693.7110002040863, 42240.03442055396, 52075.37110369203
2693.7290000915527, 42240.03442055396, 52075.37110369203
2693.739000082016, 42240.03442055396, 52075.37110369203
2693.75200009346, 42240.03442055396, 52075.37110369203
2693.765000104904, 42240.03442055396, 52075.37110369203
2693.7799999713898, 42240.03442055396, 52075.37110369203
2693.792999982834, 42240.03442055396, 52075.37110369203
2701.40900015831, 42240.03442055396, 52075.37110369203
2701.423000097275, 42240.03442055396, 52073.58254970348
2708.8420000076294, 42240.03442055396, 52071.61595067749
2708.8590002059937, 42240.03442055396, 52071.61595067749
2708.87900018692, 42240.03442055396, 52071.61595067749
2708.893000125885, 42240.03442055396, 52071.61595067749
2708.9100000858307, 42240.03442055396, 52071.61595067749
2716.12900018692, 42240.03442055396, 52071.04355504712
2716.146000146866, 42240.03442055396, 52071.04355504712
2716.1640000343323, 42240.03442055396, 52071.04355504712
2716.1790001392365, 42240.03442055396, 52071.04355504712
2716.196000099182, 42240.03442055396, 52071.04355504712
2716.209000110626, 42240.03442055396, 52071.04355504712
2716.2220001220703, 42240.03442055396, 52071.04355504712
2716.2320001125336, 42240.03442055396, 52071.04355504712
2716.246999979019, 42240.03442055396, 52070.224424096865
2723.422000169754, 42240.03442055396, 52070.224424096865
2723.436000108719, 42240.03442055396, 52070.224424096865
2723.462000131607, 42240.03442055396, 52070.224424096865
2723.4769999980927, 42240.03442055396, 52068.86930820704
2730.367000102997, 42240.03442055396, 52068.547886931854
2730.3890001773834, 42240.03442055396, 52068.547886931854
2730.4079999923706, 42240.03442055396, 52068.547886931854
2730.422000169754, 42240.03442055396, 52068.547886931854
2730.436000108719, 42240.03442055396, 52068.547886931854
2730.446000099182, 42240.03442055396, 52068.547886931854
2730.4530000686646, 42240.03442055396, 52068.547886931854
2730.4690001010895, 42240.03442055396, 52068.547886931854
2737.75, 42240.03442055396, 52068.547886931854
2737.7690000534058, 42240.03442055396, 52068.547886931854
2737.781000137329, 42240.03442055396, 52068.547886931854
2737.792999982834, 42240.03442055396, 52068.547886931854
2737.809000015259, 42240.03442055396, 52068.547886931854
2737.8250000476837, 42240.03442055396, 52068.547886931854
2737.840000152588, 42240.03442055396, 52068.547886931854
2737.850000143051, 42240.03442055396, 52068.547886931854
2737.8630001544952, 42240.03442055396, 52068.547886931854
2744.848000049591, 42240.03442055396, 52068.547886931854
2744.869000196457, 42240.03442055396, 52066.95511538058
2744.8840000629425, 42240.03442055396, 52066.95511538058
2744.8949999809265, 42240.03442055396, 52066.95511538058
2744.90900015831, 42240.03442055396, 52066.95511538058
2752.5, 42240.03442055396, 52066.771478083254
2752.5230000019073, 42240.03442055396, 52066.771478083254
2752.5380001068115, 42240.03442055396, 52066.771478083254
2752.550000190735, 42240.03442055396, 52066.771478083254
2752.563000202179, 42240.03442055396, 52066.771478083254
2752.5759999752045, 42240.03442055396, 52066.771478083254
2752.587000131607, 42240.03442055396, 52066.771478083254
2752.601000070572, 42240.03442055396, 52066.771478083254
2752.603000164032, 42240.03442055396, 52066.771478083254
2752.6180000305176, 42240.03442055396, 52066.771478083254
2752.6360001564026, 42240.03442055396, 52066.771478083254
2752.6520001888275, 42240.03442055396, 52066.771478083254
2752.6520001888275, 42240.03442055396, 52066.771478083254
2760.7200000286102, 42240.03442055396, 52066.771478083254
2760.731000185013, 42240.03442055396, 52066.771478083254
2760.7430000305176, 42240.03442055396, 52066.771478083254
2760.7569999694824, 42240.03442055396, 52066.771478083254
2760.771000146866, 42240.03442055396, 52066.771478083254
2760.7829999923706, 42240.03442055396, 52066.771478083254
2760.794000148773, 42240.03442055396, 52066.771478083254
2760.802999973297, 42240.03442055396, 52066.34970104253
2768.069000005722, 42240.03442055396, 52066.34970104253
2768.0950000286102, 42240.03442055396, 52066.34970104253
2768.1070001125336, 42240.03442055396, 52066.34970104253
2768.1230001449585, 42240.03442055396, 52066.34970104253
2768.140000104904, 42240.03442055396, 52064.84546238903
2768.1549999713898, 42240.03442055396, 52064.84546238903
2768.156000137329, 42240.03442055396, 52064.84546238903
2768.172000169754, 42240.03442055396, 52064.84546238903
2768.188000202179, 42240.03442055396, 52064.84546238903
2768.188000202179, 42240.03442055396, 52064.84546238903
2775.5910000801086, 42240.03442055396, 52064.84546238903
2775.6040000915527, 42240.03442055396, 52064.21299986556
2775.6200001239777, 42240.03442055396, 52064.21299986556
2775.6370000839233, 42240.03442055396, 52063.47879997464
2775.6530001163483, 42240.03442055396, 52063.47879997464
2775.6660001277924, 42240.03442055396, 52063.47879997464
2775.677999973297, 42240.03442055396, 52063.47879997464
2775.6890001296997, 42240.03442055396, 52063.47879997464
2783.085000038147, 42240.03442055396, 52063.47879997464
2783.1090002059937, 42240.03442055396, 52063.47879997464
2783.1260001659393, 42240.03442055396, 52063.47879997464
2783.1440000534058, 42240.03442055396, 52063.47879997464
2783.1610000133514, 42240.03442055396, 52063.47879997464
2783.169000148773, 42240.03442055396, 52063.47879997464
2783.188000202179, 42240.03442055396, 52063.47879997464
2783.202000141144, 42240.03442055396, 52063.47879997464
2783.2190001010895, 42240.03442055396, 52063.47879997464
2783.2340002059937, 42240.03442055396, 52063.47879997464
2783.246999979019, 42240.03442055396, 52063.47879997464
2783.2599999904633, 42240.03442055396, 52063.47879997464
2783.2690000534058, 42240.03442055396, 52063.47879997464
2783.2860000133514, 42240.03442055396, 52063.47879997464
2783.302999973297, 42240.03442055396, 52063.47879997464
2783.3200001716614, 42240.03442055396, 52063.47879997464
2783.337000131607, 42240.03442055396, 52063.47879997464
2783.3440001010895, 42240.03442055396, 52063.47879997464
2783.3600001335144, 42240.03442055396, 52063.47879997464
2790.28400015831, 42240.03442055396, 52063.47879997464
2790.302999973297, 42240.03442055396, 52063.47879997464
2790.322000026703, 42240.03442055396, 52063.47879997464
2790.3420000076294, 42240.03442055396, 52063.47879997464
2790.3570001125336, 42240.03442055396, 52061.66703634089
2790.369000196457, 42240.03442055396, 52061.66703634089
2790.3819999694824, 42240.03442055396, 52061.66703634089
2790.3870000839233, 42240.03442055396, 52061.66703634089
2797.5230000019073, 42240.03442055396, 52061.18467121716
2797.547000169754, 42240.03442055396, 52061.18467121716
2797.561000108719, 42240.03442055396, 52061.18467121716
2797.574000120163, 42240.03442055396, 52061.18467121716
2797.587000131607, 42240.03442055396, 52061.157697031
2797.5960001945496, 42240.03442055396, 52061.157697031
2797.6090002059937, 42240.03442055396, 52061.157697031
2797.611000061035, 42240.03442055396, 52061.157697031
2797.62700009346, 42240.03442055396, 52061.157697031
2797.643000125885, 42240.03442055396, 52061.157697031
2797.643000125885, 42240.03442055396, 52061.157697031
2797.6610000133514, 42240.03442055396, 52061.157697031
2797.680999994278, 42240.03442055396, 52061.157697031
2804.9790000915527, 42240.03442055396, 52061.157697031
2805.0060000419617, 42240.03442055396, 52061.157697031
2805.0250000953674, 42240.03442055396, 52061.157697031
2805.0390000343323, 42240.03442055396, 52061.157697031
2805.0520000457764, 42240.03442055396, 52061.157697031
2805.0650000572205, 42240.03442055396, 52059.82091061145
2805.085000038147, 42240.03442055396, 52059.82091061145
2812.6319999694824, 42240.03442055396, 52059.82091061145
2812.6470000743866, 42240.03442055396, 52059.82091061145
2812.6650002002716, 42240.03442055396, 52058.517206335564
2812.680999994278, 42240.03442055396, 52058.517206335564
2812.697000026703, 42240.03442055396, 52058.517206335564
2812.7110002040863, 42240.03442055396, 52058.517206335564
2812.723999977112, 42240.03442055396, 52058.517206335564
2820.425000190735, 42240.03442055396, 52058.39787895502
2820.449000120163, 42240.03442055396, 52058.39787895502
2820.4660000801086, 42240.03442055396, 52058.39787895502
2820.4830000400543, 42240.03442055396, 52058.39787895502
2820.4960000514984, 42240.03442055396, 52058.39787895502
2828.2139999866486, 42240.03442055396, 52058.39787895502
2828.2330000400543, 42240.03442055396, 52058.39787895502
2828.2480001449585, 42240.03442055396, 52058.39787895502
2828.2620000839233, 42240.03442055396, 52058.39787895502
2828.271000146866, 42240.03442055396, 52058.39787895502
2828.281000137329, 42240.03442055396, 52058.39787895502
2828.292000055313, 42240.03442055396, 52058.39787895502
2828.305000066757, 42240.03442055396, 52058.39787895502
2828.3140001296997, 42240.03442055396, 52058.39787895502
2835.9320001602173, 42240.03442055396, 52056.78849765908
2835.9580001831055, 42240.03442055396, 52056.78849765908
2835.9800000190735, 42240.03442055396, 52056.78849765908
2836.0010001659393, 42240.03442055396, 52056.544914314516
2843.459000110626, 42240.03442055396, 52056.39817400545
2843.4880001544952, 42240.03442055396, 52056.39817400545
2843.5099999904633, 42240.03442055396, 52056.39817400545
2843.526000022888, 42240.03442055396, 52056.39817400545
2843.5370001792908, 42240.03442055396, 52056.39817400545
2843.547000169754, 42240.03442055396, 52056.39817400545
2850.7210001945496, 42240.03442055396, 52056.39817400545
2850.7269999980927, 42240.03442055396, 52056.39817400545
2850.7510001659393, 42240.03442055396, 52056.39817400545
2850.7670001983643, 42240.03442055396, 52056.39817400545
2857.834000110626, 42240.03442055396, 52055.07801237732
2857.861000061035, 42240.03442055396, 52055.07801237732
2857.8760001659393, 42240.03442055396, 52055.07801237732
2857.893000125885, 42240.03442055396, 52055.07801237732
2857.9079999923706, 42240.03442055396, 52055.07801237732
2865.1500000953674, 42240.03442055396, 52055.07801237732
2865.167000055313, 42240.03442055396, 52055.07801237732
2865.173000097275, 42240.03442055396, 52053.778297534736
2865.198000192642, 42240.03442055396, 52053.778297534736
2865.212000131607, 42240.03442055396, 52053.778297534736
2865.225000143051, 42240.03442055396, 52053.778297534736
2865.236000061035, 42240.03442055396, 52053.778297534736
2865.2490000724792, 42240.03442055396, 52053.778297534736
2865.2599999904633, 42240.03442055396, 52053.778297534736
2865.2780001163483, 42240.03442055396, 52053.778297534736
2865.292000055313, 42240.03442055396, 52053.778297534736
2865.310000181198, 42240.03442055396, 52053.17039174697
2872.2009999752045, 42240.03442055396, 52053.17039174697
2872.2160000801086, 42240.03442055396, 52053.17039174697
2872.2290000915527, 42240.03442055396, 52053.17039174697
2872.244000196457, 42240.03442055396, 52053.119493353355
2872.2599999904633, 42240.03442055396, 52053.119493353355
2872.2740001678467, 42240.03442055396, 52053.119493353355
2879.8840000629425, 42240.03442055396, 52053.119493353355
2879.906000137329, 42240.03442055396, 52052.85396876852
2879.9240000247955, 42240.03442055396, 52052.85396876852
2879.938000202179, 42240.03442055396, 52052.85396876852
2879.952000141144, 42240.03442055396, 52052.85396876852
2879.9639999866486, 42240.03442055396, 52052.85396876852
2879.9710001945496, 42240.03442055396, 52052.85396876852
2887.366000175476, 42240.03442055396, 52052.85396876852
2887.3849999904633, 42240.03442055396, 52052.85396876852
2887.401000022888, 42240.03442055396, 52052.85396876852
2887.420000076294, 42240.03442055396, 52052.85396876852
2887.434000015259, 42240.03442055396, 52052.85396876852
2887.4450001716614, 42240.03442055396, 52052.85396876852
2894.7740001678467, 42240.03442055396, 52052.85396876852
2894.78400015831, 42240.03442055396, 52052.85396876852
2894.792999982834, 42240.03442055396, 52052.85396876852
2894.805999994278, 42240.03442055396, 52052.85396876852
2894.822000026703, 42240.03442055396, 52052.85396876852
2894.8360002040863, 42240.03442055396, 52052.85396876852
2894.850000143051, 42240.03442055396, 52052.85396876852
2894.8600001335144, 42240.03442055396, 52052.85396876852
2902.423000097275, 42240.03442055396, 52052.85396876852
2902.436000108719, 42240.03442055396, 52052.85396876852
2909.8430001735687, 42240.03442055396, 52050.27876698659
2909.8650000095367, 42240.03442055396, 52050.16701949801
2909.87900018692, 42240.03442055396, 52050.16701949801
2909.8920001983643, 42240.03442055396, 52050.16701949801
2909.9049999713898, 42240.03442055396, 52050.16701949801
2909.922000169754, 42240.03442055396, 52050.16701949801
2909.9370000362396, 42240.03442055396, 52050.16701949801
2916.878000020981, 42240.03442055396, 52050.16701949801
2916.904000043869, 42240.03442055396, 52049.65746774578
2916.922000169754, 42240.03442055396, 52049.65746774578
2916.935000181198, 42240.03442055396, 52049.65746774578
2916.9450001716614, 42240.03442055396, 52049.65746774578
2916.9580001831055, 42240.03442055396, 52049.65746774578
2924.5520000457764, 42240.03442055396, 52049.65746774578
2924.5780000686646, 42240.03442055396, 52049.65746774578
2924.600000143051, 42240.03442055396, 52049.34337466666
2924.617000102997, 42240.03442055396, 52049.34337466666
2924.6370000839233, 42240.03442055396, 52049.234171556775
2924.6530001163483, 42240.03442055396, 52049.10615938828
2924.6640000343323, 42240.03442055396, 52049.10615938828
2932.1650002002716, 42240.03442055396, 52048.54029038083
2932.180000066757, 42240.03442055396, 52048.54029038083
2932.196000099182, 42240.03442055396, 52048.54029038083
2932.210000038147, 42240.03442055396, 52048.54029038083
2932.2220001220703, 42240.03442055396, 52048.54029038083
2932.236000061035, 42240.03442055396, 52047.93150888099
2932.25200009346, 42240.03442055396, 52047.93150888099
2940.0860002040863, 42240.03442055396, 52047.93150888099
2940.1050000190735, 42240.03442055396, 52047.93150888099
2940.1210000514984, 42240.03442055396, 52047.93150888099
2940.1390001773834, 42240.03442055396, 52047.93150888099
2940.154000043869, 42240.03442055396, 52047.93150888099
2940.1650002002716, 42240.03442055396, 52047.93150888099
2940.1740000247955, 42240.03442055396, 52047.93150888099
2940.1790001392365, 42240.03442055396, 52047.93150888099
2940.196000099182, 42240.03442055396, 52047.93150888099
2940.213000059128, 42240.03442055396, 52046.96168357049
2947.7300000190735, 42240.03442055396, 52046.96168357049
2947.75, 42240.03442055396, 52046.44951522277
2947.7640001773834, 42240.03442055396, 52046.44951522277
2947.7850000858307, 42240.03442055396, 52046.44951522277
2947.802999973297, 42240.03442055396, 52046.44951522277
2947.8200001716614, 42240.03442055396, 52046.44951522277
2947.827000141144, 42240.03442055396, 52046.44951522277
2947.8420000076294, 42240.03442055396, 52046.44951522277
2947.8590002059937, 42240.03442055396, 52045.442843454664
2954.9900000095367, 42240.03442055396, 52045.442843454664
2955.0099999904633, 42240.03442055396, 52045.442843454664
2955.026000022888, 42240.03442055396, 52045.442843454664
2955.047000169754, 42240.03442055396, 52045.442843454664
2955.0620000362396, 42240.03442055396, 52045.442843454664
2955.072000026703, 42240.03442055396, 52045.442843454664
2955.084000110626, 42240.03442055396, 52045.442843454664
2962.25200009346, 42240.03442055396, 52045.442843454664
2962.2699999809265, 42240.03442055396, 52045.442843454664
2962.28200006485, 42240.03442055396, 52045.442843454664
2962.295000076294, 42240.03442055396, 52045.442843454664
2962.3120000362396, 42240.03442055396, 52045.442843454664
2962.327000141144, 42240.03442055396, 52045.442843454664
2962.3289999961853, 42240.03442055396, 52045.442843454664
2962.3450000286102, 42240.03442055396, 52045.442843454664
2962.3570001125336, 42240.03442055396, 52045.442843454664
2962.3730001449585, 42240.03442055396, 52045.442843454664
2962.37900018692, 42240.03442055396, 52045.442843454664
2969.960000038147, 42240.03442055396, 52044.08783837023
2969.9820001125336, 42240.03442055396, 52044.08783837023
2970.00200009346, 42240.03442055396, 52044.08783837023
2970.0120000839233, 42240.03442055396, 52043.75777192667
2977.2030000686646, 42240.03442055396, 52043.24999293026
2984.5280001163483, 42240.03442055396, 52043.2483433476
2984.561000108719, 42240.03442055396, 52043.2483433476
2984.5800001621246, 42240.03442055396, 52043.2483433476
2984.598000049591, 42240.03442055396, 52043.2483433476
2984.614000082016, 42240.03442055396, 52043.2483433476
2984.630000114441, 42240.03442055396, 52043.2483433476
2984.630000114441, 42240.03442055396, 52043.2483433476
2984.646000146866, 42240.03442055396, 52043.2483433476
2984.6630001068115, 42240.03442055396, 52043.2483433476
2984.680000066757, 42240.03442055396, 52043.2483433476
2984.680000066757, 42240.03442055396, 52043.2483433476
2984.697000026703, 42240.03442055396, 52043.2483433476
2992.2850000858307, 42240.03442055396, 52043.2483433476
2992.2990000247955, 42240.03442055396, 52043.2483433476
2992.3180000782013, 42240.03442055396, 52043.2483433476
2992.3360002040863, 42240.03442055396, 52043.2483433476
2992.350000143051, 42240.03442055396, 52043.2483433476
2992.361999988556, 42240.03442055396, 52043.2483433476
2992.3740000724792, 42240.03442055396, 52042.21229780891
2992.3860001564026, 42240.03442055396, 52042.21229780891
2999.638000011444, 42240.03442055396, 52042.21229780891
2999.6520001888275, 42240.03442055396, 52042.21229780891
2999.6660001277924, 42240.03442055396, 52041.40087913967
2999.688000202179, 42240.03442055396, 52041.40087913967
2999.7060000896454, 42240.03442055396, 52041.40087913967
2999.723000049591, 42240.03442055396, 52041.40087913967
2999.7400000095367, 42240.03442055396, 52041.40087913967
3008.026000022888, 42240.03442055396, 52041.40087913967
3008.044000148773, 42240.03442055396, 52041.12703583537
3008.0570001602173, 42240.03442055396, 52041.12703583537
3008.0700001716614, 42240.03442055396, 52041.12703583537
3008.0800001621246, 42240.03442055396, 52041.12703583537
3008.0920000076294, 42240.03442055396, 52041.12703583537
3008.103000164032, 42240.03442055396, 52041.12703583537
3008.1130001544952, 42240.03442055396, 52041.12703583537
3015.364000082016, 42240.03442055396, 52039.65741153632
3015.3760001659393, 42240.03442055396, 52039.65741153632
3015.3860001564026, 42240.03442055396, 52039.65741153632
3015.3949999809265, 42240.03442055396, 52039.65741153632
3015.4100000858307, 42240.03442055396, 52039.65741153632
3015.4210000038147, 42240.03442055396, 52039.65741153632
3015.4320001602173, 42240.03442055396, 52039.47971804221
3022.9160001277924, 42240.03442055396, 52039.47971804221
3022.930999994278, 42240.03442055396, 52039.47971804221
3022.9639999866486, 42240.03442055396, 52039.47971804221
3022.9820001125336, 42240.03442055396, 52039.47971804221
3022.9990000724792, 42240.03442055396, 52039.47971804221
3023.0140001773834, 42240.03442055396, 52039.40031751268
3023.018000125885, 42240.03442055396, 52039.40031751268
3030.697000026703, 42240.03442055396, 52039.40031751268
3030.723000049591, 42240.03442055396, 52038.826716319745
3030.741000175476, 42240.03442055396, 52038.826716319745
3030.755000114441, 42240.03442055396, 52038.826716319745
3030.7690000534058, 42240.03442055396, 52038.826716319745
3030.78200006485, 42240.03442055396, 52038.55302976086
3030.7990000247955, 42240.03442055396, 52038.55302976086
3030.8120000362396, 42240.03442055396, 52038.55302976086
3030.8280000686646, 42240.03442055396, 52038.55302976086
3030.832000017166, 42240.03442055396, 52038.55302976086
3030.8450000286102, 42240.03442055396, 52038.55302976086
3030.848999977112, 42240.03442055396, 52038.55302976086
3030.866000175476, 42240.03442055396, 52038.55302976086
3038.6180000305176, 42240.03442055396, 52038.55302976086
3038.6340000629425, 42240.03442055396, 52038.55302976086
3038.6640000343323, 42240.03442055396, 52038.55302976086
3038.677999973297, 42240.03442055396, 52038.55302976086
3038.6930000782013, 42240.03442055396, 52038.55302976086
3038.707000017166, 42240.03442055396, 52038.55302976086
3038.7190001010895, 42240.03442055396, 52038.55302976086
3045.9430000782013, 42240.03442055396, 52038.55302976086
3045.963000059128, 42240.03442055396, 52038.55302976086
3045.981000185013, 42240.03442055396, 52038.55302976086
3045.994000196457, 42240.03442055396, 52038.55302976086
3046.0099999904633, 42240.03442055396, 52038.55302976086
3046.021000146866, 42240.03442055396, 52038.55302976086
3046.0370001792908, 42240.03442055396, 52038.55302976086
3053.8650000095367, 42240.03442055396, 52038.55302976086
3053.893000125885, 42240.03442055396, 52038.55302976086
3053.9120001792908, 42240.03442055396, 52037.34222928758
3053.9260001182556, 42240.03442055396, 52037.34222928758
3061.53200006485, 42240.03442055396, 52037.34222928758
3061.555000066757, 42240.03442055396, 52037.34222928758
3061.572000026703, 42240.03442055396, 52037.34222928758
3061.584000110626, 42240.03442055396, 52036.141440016145
3061.5970001220703, 42240.03442055396, 52036.141440016145
3061.611000061035, 42240.03442055396, 52036.141440016145
3061.619000196457, 42240.03442055396, 52036.141440016145
3061.6360001564026, 42240.03442055396, 52036.141440016145
3061.651000022888, 42240.03442055396, 52036.141440016145
3061.6530001163483, 42240.03442055396, 52036.141440016145
3069.170000076294, 42240.03442055396, 52036.141440016145
3069.1870000362396, 42240.03442055396, 52036.141440016145
3069.2039999961853, 42240.03442055396, 52036.141440016145
3069.2190001010895, 42240.03442055396, 52036.141440016145
3069.2350001335144, 42240.03442055396, 52036.141440016145
3069.246999979019, 42240.03442055396, 52036.141440016145
3069.2610001564026, 42240.03442055396, 52036.141440016145
3069.2750000953674, 42240.03442055396, 52036.141440016145
3069.2890000343323, 42240.03442055396, 52036.141440016145
3069.305999994278, 42240.03442055396, 52036.141440016145
3069.3250000476837, 42240.03442055396, 52036.141440016145
3076.7350001335144, 42240.03442055396, 52036.141440016145
3076.7569999694824, 42240.03442055396, 52036.141440016145
3076.7720000743866, 42240.03442055396, 52036.141440016145
3076.7890000343323, 42240.03442055396, 52036.141440016145
3076.8040001392365, 42240.03442055396, 52036.141440016145
3076.819000005722, 42240.03442055396, 52036.141440016145
3076.822000026703, 42240.03442055396, 52036.141440016145
3084.2620000839233, 42240.03442055396, 52036.141440016145
3084.281000137329, 42240.03442055396, 52036.141440016145
3084.300000190735, 42240.03442055396, 52036.141440016145
3084.3140001296997, 42240.03442055396, 52036.141440016145
3084.3330001831055, 42240.03442055396, 52036.141440016145
3084.3550000190735, 42240.03442055396, 52034.943434291454
3084.375, 42240.03442055396, 52034.943434291454
3084.3920001983643, 42240.03442055396, 52034.943434291454
3084.40900015831, 42240.03442055396, 52034.943434291454
3084.4160001277924, 42240.03442055396, 52034.943434291454
3084.4390001296997, 42240.03442055396, 52034.943434291454
3084.448000192642, 42240.03442055396, 52034.943434291454
3084.462000131607, 42240.03442055396, 52034.943434291454
3084.4840002059937, 42240.03442055396, 52034.943434291454
3084.50400018692, 42240.03442055396, 52034.943434291454
3084.516000032425, 42240.03442055396, 52034.943434291454
3091.792999982834, 42240.03442055396, 52034.943434291454
3091.811000108719, 42240.03442055396, 52033.22409157074
3091.8310000896454, 42240.03442055396, 52033.22409157074
3091.8470001220703, 42240.03442055396, 52033.22409157074
3091.8630001544952, 42240.03442055396, 52033.22409157074
3091.8760001659393, 42240.03442055396, 52033.22409157074
3091.888000011444, 42240.03442055396, 52033.22409157074
3091.904000043869, 42240.03442055396, 52033.22409157074
3091.9140000343323, 42240.03442055396, 52033.22409157074
3091.925000190735, 42240.03442055396, 52033.22409157074
3091.934000015259, 42240.03442055396, 52033.22409157074
3091.9450001716614, 42240.03442055396, 52033.20610530039
3091.959000110626, 42240.03442055396, 52033.20610530039
3091.973000049591, 42240.03442055396, 52032.61097412016
3091.9850001335144, 42240.03442055396, 52032.61097412016
3091.996999979019, 42240.03442055396, 52032.61097412016
3092.0090000629425, 42240.03442055396, 52032.61097412016
3099.7139999866486, 42240.03442055396, 52032.61097412016
3099.7340002059937, 42240.03442055396, 52032.54897914258
3099.75, 42240.03442055396, 52032.54897914258
3099.766000032425, 42240.03442055396, 52032.54897914258
3099.781000137329, 42240.03442055396, 52032.54897914258
3099.795000076294, 42240.03442055396, 52032.54897914258
3099.810000181198, 42240.03442055396, 52032.13179634456
3099.822000026703, 42240.03442055396, 52032.13179634456
3099.834000110626, 42240.03442055396, 52032.13179634456
3107.4980001449585, 42240.03442055396, 52032.13179634456
3107.515000104904, 42240.03442055396, 52032.13179634456
3107.5270001888275, 42240.03442055396, 52032.13179634456
3107.542000055313, 42240.03442055396, 52032.13179634456
3107.560000181198, 42240.03442055396, 52032.13179634456
3107.577000141144, 42240.03442055396, 52032.13179634456
3107.587000131607, 42240.03442055396, 52032.13179634456
3107.5970001220703, 42240.03442055396, 52032.13179634456
3107.6100001335144, 42240.03442055396, 52032.13179634456
3107.6130001544952, 42240.03442055396, 52031.874961213776
3107.6440000534058, 42240.03442055396, 52031.874961213776
3115.2330000400543, 42240.03442055396, 52031.35390872384
3115.25400018692, 42240.03442055396, 52031.35390872384
3115.271000146866, 42240.03442055396, 52031.35390872384
3123.0199999809265, 42240.03442055396, 52031.35390872384
3123.042000055313, 42240.03442055396, 52031.35390872384
3123.060000181198, 42240.03442055396, 52031.35390872384
3123.074000120163, 42240.03442055396, 52031.35390872384
3123.088000059128, 42240.03442055396, 52031.35390872384
3123.100000143051, 42240.03442055396, 52031.35390872384
3130.8590002059937, 42240.03442055396, 52031.35390872384
3130.87900018692, 42240.03442055396, 52031.35390872384
3130.8970000743866, 42240.03442055396, 52031.35390872384
3130.9079999923706, 42240.03442055396, 52031.35390872384
3130.919000148773, 42240.03442055396, 52031.35390872384
3130.930999994278, 42240.03442055396, 52031.35390872384
3138.190999984741, 42240.03442055396, 52031.35390872384
3138.210000038147, 42240.03442055396, 52029.27136316307
3138.223999977112, 42240.03442055396, 52029.27136316307
3138.2380001544952, 42240.03442055396, 52028.55637577174
3146.699000120163, 42240.03442055396, 52028.55637577174
3146.699000120163, 42240.03442055396, 52028.55637577174
3146.725000143051, 42240.03442055396, 52028.55637577174
3146.741000175476, 42240.03442055396, 52028.11008220749
3146.7599999904633, 42240.03442055396, 52028.11008220749
3146.776000022888, 42240.03442055396, 52028.11008220749
3146.7900002002716, 42240.03442055396, 52028.11008220749
3153.9830000400543, 42240.03442055396, 52027.10434337547
3154.0069999694824, 42240.03442055396, 52027.0480550444
3154.0199999809265, 42240.03442055396, 52027.0480550444
3154.0360000133514, 42240.03442055396, 52027.0480550444
3154.052999973297, 42240.03442055396, 52027.0480550444
3154.069000005722, 42240.03442055396, 52027.0480550444
3161.7080001831055, 42240.03442055396, 52027.0480550444
3161.723000049591, 42240.03442055396, 52027.0480550444
3161.7380001544952, 42240.03442055396, 52027.0480550444
3161.7510001659393, 42240.03442055396, 52027.0480550444
3161.763000011444, 42240.03442055396, 52026.33942018559
3161.7770001888275, 42240.03442055396, 52026.33942018559
3161.78400015831, 42240.03442055396, 52026.33942018559
3169.6549999713898, 42240.03442055396, 52026.225277168705
3169.677999973297, 42240.03442055396, 52026.225277168705
3169.698000192642, 42240.03442055396, 52026.225277168705
3169.7110002040863, 42240.03442055396, 52026.225277168705
3169.725000143051, 42240.03442055396, 52026.225277168705
3169.7380001544952, 42240.03442055396, 52026.225277168705
3169.75, 42240.03442055396, 52026.225277168705
3177.7330000400543, 42240.03442055396, 52024.841142510544
3177.746999979019, 42240.03442055396, 52024.841142510544
3177.766000032425, 42240.03442055396, 52024.841142510544
3177.78200006485, 42240.03442055396, 52024.841142510544
3177.7960000038147, 42240.03442055396, 52024.63146553212
3177.811000108719, 42240.03442055396, 52024.63146553212
3177.822000026703, 42240.03442055396, 52024.63146553212
3187.2960000038147, 42240.03442055396, 52023.55575275569
3187.309000015259, 42240.03442055396, 52023.55575275569
3187.3280000686646, 42240.03442055396, 52023.55575275569
3187.3450000286102, 42240.03442055396, 52023.55575275569
3194.8990001678467, 42240.03442055396, 52023.55575275569
3194.920000076294, 42240.03442055396, 52023.55575275569
3194.936000108719, 42240.03442055396, 52022.64547971074
3194.952000141144, 42240.03442055396, 52022.64547971074
3194.9670000076294, 42240.03442055396, 52022.64547971074
3194.978000164032, 42240.03442055396, 52022.64547971074
3194.9840002059937, 42240.03442055396, 52022.64547971074
3195.0010001659393, 42240.03442055396, 52022.64547971074
3195.016000032425, 42240.03442055396, 52022.37265263997
3195.0299999713898, 42240.03442055396, 52022.37265263997
3195.044000148773, 42240.03442055396, 52022.37265263997
3202.447000026703, 42240.03442055396, 52022.37265263997
3202.465000152588, 42240.03442055396, 52022.37265263997
3202.491000175476, 42240.03442055396, 52022.37265263997
3202.505000114441, 42240.03442055396, 52022.37265263997
3202.516000032425, 42240.03442055396, 52022.37265263997
3202.53200006485, 42240.03442055396, 52022.37265263997
3202.544000148773, 42240.03442055396, 52022.37265263997
3202.548000097275, 42240.03442055396, 52022.37265263997
3202.5650000572205, 42240.03442055396, 52022.37265263997
3202.582000017166, 42240.03442055396, 52022.37265263997
3202.598999977112, 42240.03442055396, 52022.37265263997
3210.4560000896454, 42240.03442055396, 52022.37265263997
3210.478000164032, 42240.03442055396, 52022.37265263997
3210.491000175476, 42240.03442055396, 52022.37265263997
3210.5060000419617, 42240.03442055396, 52022.37265263997
3210.521000146866, 42240.03442055396, 52022.37265263997
3210.5350000858307, 42240.03442055396, 52022.37265263997
3210.548000097275, 42240.03442055396, 52022.37265263997
3210.548000097275, 42240.03442055396, 52022.37265263997
3210.5650000572205, 42240.03442055396, 52022.37265263997
3210.5800001621246, 42240.03442055396, 52022.37265263997
3210.5970001220703, 42240.03442055396, 52022.37265263997
3210.5970001220703, 42240.03442055396, 52022.37265263997
3218.6040000915527, 42240.03442055396, 52022.37265263997
3218.619000196457, 42240.03442055396, 52022.37265263997
3218.6440000534058, 42240.03442055396, 52022.37265263997
3218.6630001068115, 42240.03442055396, 52022.37265263997
3218.6790001392365, 42240.03442055396, 52022.37265263997
3218.6950001716614, 42240.03442055396, 52022.37265263997
3218.7050001621246, 42240.03442055396, 52022.37265263997
3218.7220001220703, 42240.03442055396, 52022.37265263997
3218.736999988556, 42240.03442055396, 52022.37265263997
3218.755000114441, 42240.03442055396, 52022.37265263997
3218.7780001163483, 42240.03442055396, 52020.34585045911
3218.7880001068115, 42240.03442055396, 52020.34585045911
3218.800000190735, 42240.03442055396, 52020.34585045911
3218.822000026703, 42240.03442055396, 52020.268632132946
3226.2290000915527, 42240.03442055396, 52020.15569118139
3226.2560000419617, 42240.03442055396, 52020.15569118139
3226.2770001888275, 42240.03442055396, 52019.622500937665
3226.2990000247955, 42240.03442055396, 52019.622500937665
3226.3150000572205, 42240.03442055396, 52019.622500937665
3226.3170001506805, 42240.03442055396, 52019.622500937665
3226.3330001831055, 42240.03442055396, 52019.622500937665
3226.348000049591, 42240.03442055396, 52019.622500937665
3226.3650000095367, 42240.03442055396, 52019.588563874415
3226.3810000419617, 42240.03442055396, 52019.57100573083
3226.3980000019073, 42240.03442055396, 52019.57100573083
3235.0750000476837, 42240.03442055396, 52019.57100573083
3235.0889999866486, 42240.03442055396, 52019.57100573083
3235.098000049591, 42240.03442055396, 52019.57100573083
3235.1150000095367, 42240.03442055396, 52019.57100573083
3235.1319999694824, 42240.03442055396, 52019.57100573083
3242.672000169754, 42240.03442055396, 52019.30465343893
3242.6930000782013, 42240.03442055396, 52019.30465343893
3250.3550000190735, 42240.03442055396, 52019.30465343893
3250.378000020981, 42240.03442055396, 52019.30465343893
3250.4020001888275, 42240.03442055396, 52019.30465343893
3250.417000055313, 42240.03442055396, 52019.30465343893
3250.433000087738, 42240.03442055396, 52019.110380735176
3250.448000192642, 42240.03442055396, 52019.110380735176
3250.459000110626, 42240.03442055396, 52019.110380735176
3250.476000070572, 42240.03442055396, 52019.110380735176
3250.491000175476, 42240.03442055396, 52019.110380735176
3250.5010001659393, 42240.03442055396, 52019.110380735176
3250.518000125885, 42240.03442055396, 52019.110380735176
3250.53400015831, 42240.03442055396, 52019.110380735176
3259.798000097275, 42240.03442055396, 52019.110380735176
3259.8300001621246, 42240.03442055396, 52019.110380735176
3259.8470001220703, 42240.03442055396, 52019.110380735176
3259.864000082016, 42240.03442055396, 52019.110380735176
3259.878000020981, 42240.03442055396, 52018.80913368528
3266.880000114441, 42240.03442055396, 52018.80913368528
3266.9100000858307, 42240.03442055396, 52018.80913368528
3266.923000097275, 42240.03442055396, 52018.80913368528
3266.940999984741, 42240.03442055396, 52018.80913368528
3266.957000017166, 42240.03442055396, 52018.80913368528
3266.965000152588, 42240.03442055396, 52018.80913368528
3266.9820001125336, 42240.03442055396, 52018.80913368528
3266.9990000724792, 42240.03442055396, 52018.80913368528
3267.0140001773834, 42240.03442055396, 52018.80913368528
3274.87700009346, 42240.03442055396, 52018.80913368528
3274.893000125885, 42240.03442055396, 52018.80913368528
3274.9100000858307, 42240.03442055396, 52018.80913368528
3274.9210000038147, 42240.03442055396, 52018.80913368528
3274.933000087738, 42240.03442055396, 52018.76583795007
3274.947000026703, 42240.03442055396, 52018.76583795007
3274.960000038147, 42240.03442055396, 52018.76583795007
3274.9670000076294, 42240.03442055396, 52018.76583795007
3274.9820001125336, 42240.03442055396, 52018.76583795007
3274.9840002059937, 42240.03442055396, 52018.76583795007
3275.0010001659393, 42240.03442055396, 52018.76583795007
3275.018000125885, 42240.03442055396, 52018.76583795007
3275.029000043869, 42240.03442055396, 52017.87297959525
3275.045000076294, 42240.03442055396, 52017.87297959525
3282.837000131607, 42240.03442055396, 52017.87297959525
3282.8600001335144, 42240.03442055396, 52017.87297959525
3282.875, 42240.03442055396, 52017.87297959525
3282.8890001773834, 42240.03442055396, 52017.87297959525
3282.904000043869, 42240.03442055396, 52017.87297959525
3282.917000055313, 42240.03442055396, 52017.87297959525
3282.9290001392365, 42240.03442055396, 52017.212106454186
3290.4370000362396, 42240.03442055396, 52017.212106454186
3290.4539999961853, 42240.03442055396, 52017.212106454186
3290.4710001945496, 42240.03442055396, 52017.212106454186
3290.492000102997, 42240.03442055396, 52017.212106454186
3290.5099999904633, 42240.03442055396, 52017.212106454186
3290.526000022888, 42240.03442055396, 52017.212106454186
3290.542000055313, 42240.03442055396, 52017.212106454186
3290.558000087738, 42240.03442055396, 52017.212106454186
3290.574000120163, 42240.03442055396, 52017.212106454186
3290.590000152588, 42240.03442055396, 52017.212106454186
3290.5920000076294, 42240.03442055396, 52017.212106454186
3290.6070001125336, 42240.03442055396, 52017.212106454186
3298.505000114441, 42240.03442055396, 52017.212106454186
3298.5270001888275, 42240.03442055396, 52017.212106454186
3298.548000097275, 42240.03442055396, 52017.212106454186
3298.565999984741, 42240.03442055396, 52015.82804903214
3298.582000017166, 42240.03442055396, 52015.82804903214
3308.0270001888275, 42240.03442055396, 52015.82804903214
3308.045000076294, 42240.03442055396, 52015.82804903214
3308.059000015259, 42240.03442055396, 52015.82804903214
3308.0810000896454, 42240.03442055396, 52015.82804903214
3308.098999977112, 42240.03442055396, 52015.82804903214
3308.114000082016, 42240.03442055396, 52015.82804903214
3315.797000169754, 42240.03442055396, 52015.82804903214
3315.8310000896454, 42240.03442055396, 52015.82804903214
3315.848999977112, 42240.03442055396, 52015.82804903214
3315.864000082016, 42240.03442055396, 52015.82804903214
3315.87700009346, 42240.03442055396, 52015.82804903214
3315.893000125885, 42240.03442055396, 52015.82804903214
3323.9100000858307, 42240.03442055396, 52015.82804903214
3323.925000190735, 42240.03442055396, 52015.20957261945
3323.9420001506805, 42240.03442055396, 52015.20957261945
3323.9550001621246, 42240.03442055396, 52015.20957261945
3323.9690001010895, 42240.03442055396, 52015.20957261945
3323.9820001125336, 42240.03442055396, 52015.20957261945
3323.9950001239777, 42240.03442055396, 52015.20957261945
3324.00400018692, 42240.03442055396, 52015.20957261945
3324.021000146866, 42240.03442055396, 52015.20957261945
3324.0400002002716, 42240.03442055396, 52015.20957261945
3331.621999979019, 42240.03442055396, 52015.20957261945
3331.641000032425, 42240.03442055396, 52015.20957261945
3331.6530001163483, 42240.03442055396, 52015.20957261945
3331.6640000343323, 42240.03442055396, 52015.20957261945
3331.675000190735, 42240.03442055396, 52015.20957261945
3331.6900000572205, 42240.03442055396, 52015.20957261945
3331.7000000476837, 42240.03442055396, 52015.20957261945
3331.7160000801086, 42240.03442055396, 52015.20957261945
3331.7330000400543, 42240.03442055396, 52015.20957261945
3331.7330000400543, 42240.03442055396, 52015.20957261945
3331.75, 42240.03442055396, 52015.20957261945
3331.7670001983643, 42240.03442055396, 52015.20957261945
3331.78400015831, 42240.03442055396, 52015.20957261945
3339.805000066757, 42240.03442055396, 52013.15770273185
3339.824000120163, 42240.03442055396, 52012.510998030615
3339.8430001735687, 42240.03442055396, 52012.510998030615
3339.856000185013, 42240.03442055396, 52012.18270750662
3349.5889999866486, 42240.03442055396, 52012.18270750662
3357.516000032425, 42240.03442055396, 52012.08338710383
3357.5350000858307, 42240.03442055396, 52011.74252409279
3357.5520000457764, 42240.03442055396, 52011.74252409279
3357.5650000572205, 42240.03442055396, 52011.74252409279
3357.5800001621246, 42240.03442055396, 52011.74252409279
3357.5960001945496, 42240.03442055396, 52011.74252409279
3365.2510001659393, 42240.03442055396, 52011.74252409279
3365.271000146866, 42240.03442055396, 52011.74252409279
3365.2990000247955, 42240.03442055396, 52011.74252409279
3365.3150000572205, 42240.03442055396, 52011.607941312526
3365.3310000896454, 42240.03442055396, 52011.607941312526
3365.3470001220703, 42240.03442055396, 52011.607941312526
3365.367000102997, 42240.03442055396, 52011.607941312526
3365.3849999904633, 42240.03442055396, 52011.607941312526
3373.3140001296997, 42240.03442055396, 52011.607941312526
3373.3310000896454, 42240.03442055396, 52011.607941312526
3373.3460001945496, 42240.03442055396, 52011.607941312526
3373.3570001125336, 42240.03442055396, 52011.607941312526
3373.37700009346, 42240.03442055396, 52011.607941312526
3373.393000125885, 42240.03442055396, 52010.70879209941
3373.401000022888, 42240.03442055396, 52010.70879209941
3373.4160001277924, 42240.03442055396, 52010.70879209941
3373.434000015259, 42240.03442055396, 52010.66752172286
3373.452000141144, 42240.03442055396, 52010.66752172286
3373.4660000801086, 42240.03442055396, 52010.66752172286
3381.7690000534058, 42240.03442055396, 52010.66752172286
3381.78400015831, 42240.03442055396, 52010.66752172286
3381.7960000038147, 42240.03442055396, 52010.66752172286
3381.809000015259, 42240.03442055396, 52010.66752172286
3381.819000005722, 42240.03442055396, 52010.66752172286
3390.0120000839233, 42240.03442055396, 52009.98803706547
3390.0270001888275, 42240.03442055396, 52009.98803706547
3390.048000097275, 42240.03442055396, 52009.523840945825
3390.061000108719, 42240.03442055396, 52009.523840945825
3390.0750000476837, 42240.03442055396, 52009.523840945825
3390.0889999866486, 42240.03442055396, 52009.523840945825
3390.1050000190735, 42240.03442055396, 52009.523840945825
3390.116000175476, 42240.03442055396, 52009.523840945825
3390.1260001659393, 42240.03442055396, 52009.523840945825
3390.141000032425, 42240.03442055396, 52009.523840945825
3398.476000070572, 42240.03442055396, 52009.523840945825
3398.505000114441, 42240.03442055396, 52009.523840945825
3398.526000022888, 42240.03442055396, 52009.523840945825
3398.5360000133514, 42240.03442055396, 52009.523840945825
3398.547000169754, 42240.03442055396, 52009.523840945825
3398.5620000362396, 42240.03442055396, 52009.523840945825
3406.37700009346, 42240.03442055396, 52009.523840945825
3406.401000022888, 42240.03442055396, 52009.523840945825
3406.4210000038147, 42240.03442055396, 52009.523840945825
3406.4430000782013, 42240.03442055396, 52009.523840945825
3406.4639999866486, 42240.03442055396, 52009.523840945825
3406.473000049591, 42240.03442055396, 52009.523840945825
3406.489000082016, 42240.03442055396, 52009.523840945825
3415.486999988556, 42240.03442055396, 52009.523840945825
3415.503000020981, 42240.03442055396, 52009.523840945825
3415.518000125885, 42240.03442055396, 52009.00408246644
3415.5329999923706, 42240.03442055396, 52009.00408246644
3415.548000097275, 42240.03442055396, 52009.00408246644
3423.1360001564026, 42240.03442055396, 52009.00408246644
3423.154000043869, 42240.03442055396, 52009.00408246644
3423.167999982834, 42240.03442055396, 52009.00408246644
3423.180999994278, 42240.03442055396, 52009.00408246644
3423.1950001716614, 42240.03442055396, 52009.00408246644
3423.209000110626, 42240.03442055396, 52009.00408246644
3423.223999977112, 42240.03442055396, 52009.00408246644
3423.2330000400543, 42240.03442055396, 52009.00408246644
3431.3550000190735, 42240.03442055396, 52009.00408246644
3431.3730001449585, 42240.03442055396, 52009.00408246644
3431.3849999904633, 42240.03442055396, 52009.00408246644
3431.4020001888275, 42240.03442055396, 52007.91906246877
3431.4160001277924, 42240.03442055396, 52007.91906246877
3431.4320001602173, 42240.03442055396, 52007.91906246877
3440.1490001678467, 42240.03442055396, 52007.91906246877
3440.172000169754, 42240.03442055396, 52007.91906246877
3440.1900000572205, 42240.03442055396, 52007.62266800728
3440.2060000896454, 42240.03442055396, 52007.62266800728
3440.2210001945496, 42240.03442055396, 52007.62266800728
3440.236000061035, 42240.03442055396, 52007.62266800728
3448.087000131607, 42240.03442055396, 52007.4201433165
3448.1080000400543, 42240.03442055396, 52007.4201433165
3448.1230001449585, 42240.03442055396, 52007.4201433165
3448.1370000839233, 42240.03442055396, 52007.4201433165
3448.151000022888, 42240.03442055396, 52007.4201433165
3448.1640000343323, 42240.03442055396, 52007.4201433165
3448.180000066757, 42240.03442055396, 52007.4201433165
3448.197000026703, 42240.03442055396, 52007.05028591031
3448.2139999866486, 42240.03442055396, 52007.05028591031
3448.223999977112, 42240.03442055396, 52007.05028591031
3448.2400000095367, 42240.03442055396, 52007.05028591031
3448.2560000419617, 42240.03442055396, 52007.05028591031
3455.697000026703, 42240.03442055396, 52007.05028591031
3455.7220001220703, 42240.03442055396, 52007.05028591031
3455.7400000095367, 42240.03442055396, 52007.05028591031
3455.755000114441, 42240.03442055396, 52007.05028591031
3455.766000032425, 42240.03442055396, 52007.05028591031
3455.78200006485, 42240.03442055396, 52007.05028591031
3455.7850000858307, 42240.03442055396, 52007.05028591031
3455.8150000572205, 42240.03442055396, 52007.05028591031
3455.832000017166, 42240.03442055396, 52007.05028591031
3455.8470001220703, 42240.03442055396, 52007.05028591031
3464.739000082016, 42240.03442055396, 52007.05028591031
3464.75400018692, 42240.03442055396, 52007.05028591031
3464.7699999809265, 42240.03442055396, 52005.61757910492
3464.7850000858307, 42240.03442055396, 52005.61757910492
3464.798000097275, 42240.03442055396, 52005.61757910492
3464.810000181198, 42240.03442055396, 52005.61757910492
3464.813000202179, 42240.03442055396, 52005.61757910492
3472.8840000629425, 42240.03442055396, 52005.61757910492
3472.8990001678467, 42240.03442055396, 52005.61757910492
3472.9140000343323, 42240.03442055396, 52005.61757910492
3472.933000087738, 42240.03442055396, 52005.61757910492
3472.944000005722, 42240.03442055396, 52005.61757910492
3472.9550001621246, 42240.03442055396, 52005.61757910492
3472.9660000801086, 42240.03442055396, 52005.61757910492
3472.9790000915527, 42240.03442055396, 52005.61757910492
3472.994000196457, 42240.03442055396, 52005.61757910492
3481.042000055313, 42240.03442055396, 52005.61757910492
3481.0620000362396, 42240.03442055396, 52005.61757910492
3481.0759999752045, 42240.03442055396, 52005.26272621027
3481.0940001010895, 42240.03442055396, 52005.26272621027
3481.1100001335144, 42240.03442055396, 52005.10877307029
3489.8730001449585, 42240.03442055396, 52004.80041080447
3489.8970000743866, 42240.03442055396, 52004.80041080447
3489.9120001792908, 42240.03442055396, 52004.80041080447
3489.9270000457764, 42240.03442055396, 52004.80041080447
3489.9430000782013, 42240.03442055396, 52004.80041080447
3489.9580001831055, 42240.03442055396, 52004.783128005176
3489.973999977112, 42240.03442055396, 52004.783128005176
3497.9950001239777, 42240.03442055396, 52004.783128005176
3498.0220000743866, 42240.03442055396, 52004.783128005176
3498.0390000343323, 42240.03442055396, 52004.783128005176
3498.058000087738, 42240.03442055396, 52004.783128005176
3498.0759999752045, 42240.03442055396, 52004.783128005176
3498.0830001831055, 42240.03442055396, 52004.783128005176
3505.9769999980927, 42240.03442055396, 52004.783128005176
3506.0010001659393, 42240.03442055396, 52004.783128005176
3506.021000146866, 42240.03442055396, 52004.783128005176
3506.03400015831, 42240.03442055396, 52004.783128005176
3506.0490000247955, 42240.03442055396, 52004.783128005176
3506.0650000572205, 42240.03442055396, 52004.783128005176
3506.0780000686646, 42240.03442055396, 52004.783128005176
3506.0810000896454, 42240.03442055396, 52004.783128005176
3514.6630001068115, 42240.03442055396, 52004.783128005176
3514.6790001392365, 42240.03442055396, 52004.783128005176
3514.6930000782013, 42240.03442055396, 52004.783128005176
3514.707000017166, 42240.03442055396, 52004.783128005176
3514.7220001220703, 42240.03442055396, 52004.783128005176
3514.736000061035, 42240.03442055396, 52004.783128005176
3514.75200009346, 42240.03442055396, 52004.783128005176
3514.7590000629425, 42240.03442055396, 52003.10076040848
3514.776000022888, 42240.03442055396, 52003.10076040848
3514.7860000133514, 42240.03442055396, 52003.10076040848
3514.802999973297, 42240.03442055396, 52003.010266334146
3514.8170001506805, 42240.03442055396, 52003.010266334146
3514.827000141144, 42240.03442055396, 52003.010266334146
3523.2039999961853, 42240.03442055396, 52003.010266334146
3523.228000164032, 42240.03442055396, 52003.010266334146
3523.2510001659393, 42240.03442055396, 52003.010266334146
3523.2670001983643, 42240.03442055396, 52003.010266334146
3523.28200006485, 42240.03442055396, 52002.89174047727
3523.2880001068115, 42240.03442055396, 52002.89174047727
3523.3040001392365, 42240.03442055396, 52002.89174047727
3523.3170001506805, 42240.03442055396, 52002.492049464156
3523.3310000896454, 42240.03442055396, 52002.492049464156
3523.3470001220703, 42240.03442055396, 52001.94858487499
3523.3570001125336, 42240.03442055396, 52001.94858487499
3531.851000070572, 42240.03442055396, 52001.94858487499
3531.851000070572, 42240.03442055396, 52001.94858487499
3531.87900018692, 42240.03442055396, 52001.94858487499
3531.8940000534058, 42240.03442055396, 52001.74471423535
3531.9100000858307, 42240.03442055396, 52001.74471423535
3531.925000190735, 42240.03442055396, 52001.74471423535
3531.9370000362396, 42240.03442055396, 52001.74471423535
3531.938000202179, 42240.03442055396, 52001.74471423535
3531.9539999961853, 42240.03442055396, 52001.71873443693
3540.7890000343323, 42240.03442055396, 52001.49227386396
3540.8120000362396, 42240.03442055396, 52001.49227386396
3540.835000038147, 42240.03442055396, 52001.49227386396
3540.856000185013, 42240.03442055396, 52001.49227386396
3540.8700001239777, 42240.03442055396, 52001.49227386396
3548.8250000476837, 42240.03442055396, 52001.49227386396
3548.8430001735687, 42240.03442055396, 52001.49227386396
3548.864000082016, 42240.03442055396, 52001.49227386396
3548.8830001354218, 42240.03442055396, 52001.49227386396
3548.8980000019073, 42240.03442055396, 52001.49227386396
3548.9110000133514, 42240.03442055396, 52001.49227386396
3548.917000055313, 42240.03442055396, 52001.49227386396
3548.933000087738, 42240.03442055396, 52001.49227386396
3548.9420001506805, 42240.03442055396, 52001.49227386396
3548.9580001831055, 42240.03442055396, 52001.49227386396
3548.9670000076294, 42240.03442055396, 52001.49227386396
3548.9840002059937, 42240.03442055396, 52001.49227386396
3549.0060000419617, 42240.03442055396, 52000.50771014766
3549.0060000419617, 42240.03442055396, 52000.50771014766
3557.8940000534058, 42240.03442055396, 52000.50771014766
3557.9120001792908, 42240.03442055396, 52000.50771014766
3557.923000097275, 42240.03442055396, 52000.50771014766
3557.936000108719, 42240.03442055396, 52000.50771014766
3557.949000120163, 42240.03442055396, 52000.50771014766
3557.9610002040863, 42240.03442055396, 52000.50771014766
3557.9680001735687, 42240.03442055396, 52000.50771014766
3566.4430000782013, 42240.03442055396, 51999.73201520607
3566.4610002040863, 42240.03442055396, 51999.73201520607
3566.478000164032, 42240.03442055396, 51999.56324946426
3566.4950001239777, 42240.03442055396, 51999.5398470404
3579.4420001506805, 42240.03442055396, 51999.5398470404
3579.4550001621246, 42240.03442055396, 51999.5398470404
3579.4660000801086, 42240.03442055396, 51999.5398470404
3579.4790000915527, 42240.03442055396, 51999.5398470404
3579.4930000305176, 42240.03442055396, 51999.5398470404
3587.2799999713898, 42240.03442055396, 51999.5398470404
3587.28400015831, 42240.03442055396, 51999.5398470404
3587.305999994278, 42240.03442055396, 51999.5398470404
3587.3170001506805, 42240.03442055396, 51999.5398470404
3587.3310000896454, 42240.03442055396, 51999.5398470404
3587.3440001010895, 42240.03442055396, 51999.5398470404
3587.3590002059937, 42240.03442055396, 51999.5398470404
3587.3730001449585, 42240.03442055396, 51999.5398470404
3587.388000011444, 42240.03442055396, 51999.5398470404
3587.3990001678467, 42240.03442055396, 51999.5398470404
3587.4160001277924, 42240.03442055396, 51999.5398470404
3587.420000076294, 42240.03442055396, 51999.5398470404
3587.436000108719, 42240.03442055396, 51999.5398470404
3595.7910001277924, 42240.03442055396, 51999.5398470404
3595.813000202179, 42240.03442055396, 51999.5398470404
3595.824000120163, 42240.03442055396, 51999.5398470404
3595.8389999866486, 42240.03442055396, 51999.5398470404
3595.851000070572, 42240.03442055396, 51999.5398470404
3595.8600001335144, 42240.03442055396, 51999.5398470404
3595.8630001544952, 42240.03442055396, 51999.5398470404
3595.8840000629425, 42240.03442055396, 51999.5398470404
3595.901000022888, 42240.03442055396, 51999.5398470404
3600.0250000953674, 42240.03442055396, 51999.5398470404
3600.0490000247955, 42240.03442055396, 51999.31268018514
3600.0640001296997, 42240.03442055396, 51999.31268018514
3600.0750000476837, 42240.03442055396, 51999.31268018514
3600.088000059128, 42240.03442055396, 51999.31268018514
3600.1050000190735, 42240.03442055396, 51998.38912488729
3600.1100001335144, 42240.03442055396, 51998.38912488729
3600.1870000362396, 42240.03442055395, 51998.328530636936
