0.07399988174438477, -1e+100, 269555.75486162363
0.1359999179840088, -1e+100, 150941.61821945303
0.6019999980926514, -1e+100, 123196.25937951232
1.4139997959136963, -1e+100, 120028.46812138123
1.678999900817871, -1e+100, 120028.46812138123
2.0889999866485596, -1e+100, 120028.46812138123
2.197000026702881, -1e+100, 120028.46812138123
2.622999906539917, -1e+100, 119121.93802526488
2.684000015258789, -1e+100, 119121.93802526488
2.86299991607666, -1e+100, 119121.93802526488
5.32099986076355, -1e+100, 105974.23026911265
5.698999881744385, -1e+100, 105776.46569462147
6.7809998989105225, -1e+100, 105694.79818121518
7.668999910354614, -1e+100, 105615.88639916963
10.072999954223633, -1e+100, 105513.21324884047
10.454999923706055, -1e+100, 105082.59846723727
10.45799994468689, -1e+100, 105082.59846723727
10.937999963760376, -1e+100, 105082.59846723727
10.941999912261963, -1e+100, 105082.59846723727
10.99399995803833, -1e+100, 105082.59846723727
11.204999923706055, -1e+100, 105082.59846723727
11.353999853134155, -1e+100, 105082.59846723727
11.452999830245972, -1e+100, 105082.59846723727
11.457000017166138, -1e+100, 105082.59846723727
11.567999839782715, -1e+100, 105082.59846723727
11.632999897003174, -1e+100, 105082.59846723727
11.684999942779541, -1e+100, 105082.59846723727
11.70199990272522, -1e+100, 105082.59846723727
11.70199990272522, -1e+100, 105082.59846723727
11.776000022888184, -1e+100, 105082.59846723727
11.89299988746643, -1e+100, 105082.59846723727
11.961999893188477, -1e+100, 105082.59846723727
12.17799997329712, -1e+100, 105082.59846723727
12.256999969482422, -1e+100, 105082.59846723727
12.345999956130981, -1e+100, 105082.59846723727
12.346999883651733, -1e+100, 105082.59846723727
12.431999921798706, -1e+100, 105082.59846723727
12.448999881744385, -1e+100, 105082.59846723727
12.543999910354614, -1e+100, 105082.59846723727
12.550999879837036, -1e+100, 105082.59846723727
12.736999988555908, -1e+100, 105082.59846723727
12.855999946594238, -1e+100, 105082.59846723727
12.872999906539917, -1e+100, 105082.59846723727
13.079999923706055, -1e+100, 105082.59846723727
13.192999839782715, -1e+100, 105082.59846723727
13.323999881744385, -1e+100, 105082.59846723727
13.577999830245972, -1e+100, 104715.06600619241
13.717000007629395, -1e+100, 104715.06600619241
13.717000007629395, -1e+100, 104715.06600619241
13.730999946594238, -1e+100, 104715.06600619241
13.879999876022339, -1e+100, 104715.06600619241
13.888999938964844, -1e+100, 104715.06600619241
13.895999908447266, -1e+100, 104657.17590134703
14.037999868392944, -1e+100, 104601.10288065867
14.054999828338623, -1e+100, 104600.7964547877
14.20799994468689, -1e+100, 104600.17818589171
14.220999956130981, -1e+100, 104600.17818589171
14.224999904632568, -1e+100, 104600.17818589171
14.56499981880188, -1e+100, 104600.17818589171
14.580999851226807, -1e+100, 104600.17818589171
14.730000019073486, -1e+100, 104600.17818589171
14.733999967575073, -1e+100, 104600.17818589171
14.90399980545044, -1e+100, 104600.17818589171
14.912999868392944, -1e+100, 104600.17818589171
14.921000003814697, -1e+100, 104600.17818589171
14.929999828338623, -1e+100, 104600.17818589171
14.929999828338623, -1e+100, 104600.17818589171
15.086999893188477, -1e+100, 104600.17818589171
15.282999992370605, -1e+100, 104600.17818589171
15.29099988937378, -1e+100, 104600.17818589171
15.29699993133545, -1e+100, 104600.17818589171
15.303999900817871, -1e+100, 104552.19979354597
15.310999870300293, -1e+100, 104552.19979354597
15.482999801635742, -1e+100, 104552.19979354597
15.5, -1e+100, 104552.19979354597
15.5, -1e+100, 104552.19979354597
15.702999830245972, -1e+100, 104552.19979354597
15.718999862670898, -1e+100, 104552.19979354597
15.932999849319458, -1e+100, 104552.19979354597
15.947999954223633, -1e+100, 104552.19979354597
15.947999954223633, -1e+100, 104529.46349172347
15.957000017166138, -1e+100, 104529.46349172347
15.962999820709229, -1e+100, 104529.46349172347
16.17899990081787, -1e+100, 104529.46349172347
16.194000005722046, -1e+100, 104529.46349172347
16.194999933242798, -1e+100, 104529.46349172347
16.210999965667725, -1e+100, 104529.46349172347
16.430999994277954, -1e+100, 104529.46349172347
16.438999891281128, -1e+100, 104529.46349172347
16.444999933242798, -1e+100, 104513.15741044562
16.450999975204468, -1e+100, 104513.15741044562
16.70299983024597, -1e+100, 104513.15741044562
16.711999893188477, -1e+100, 104513.15741044562
16.7189998626709, -1e+100, 104513.15741044562
16.72099995613098, -1e+100, 104513.15741044562
16.72099995613098, -1e+100, 104513.15741044562
16.97699999809265, -1e+100, 104513.15741044562
17.179999828338623, -1e+100, 104441.18521625004
17.19700002670288, -1e+100, 104441.18521625004
17.19700002670288, -1e+100, 104441.18521625004
17.19700002670288, -1e+100, 104441.18521625004
17.217999935150146, -1e+100, 104441.18521625004
17.457000017166138, -1e+100, 104441.18521625004
17.46399998664856, -1e+100, 104441.18521625004
17.46999979019165, -1e+100, 104441.18521625004
17.47599983215332, -1e+100, 104441.18521625004
17.48199987411499, -1e+100, 104396.8687362182
17.488999843597412, -1e+100, 104396.8687362182
17.49399995803833, -1e+100, 104396.8687362182
17.721999883651733, -1e+100, 104396.8687362182
17.732999801635742, -1e+100, 104396.8687362182
17.740999937057495, -1e+100, 104396.8687362182
17.746999979019165, -1e+100, 104396.8687362182
17.98799991607666, -1e+100, 104396.8687362182
17.994999885559082, -1e+100, 104392.51248347551
18.0, -1e+100, 104392.51248347551
18.007999897003174, -1e+100, 104392.51248347551
18.263000011444092, -1e+100, 104392.51248347551
18.268999814987183, -1e+100, 104390.6640062311
18.28499984741211, -1e+100, 104390.6640062311
18.562999963760376, -1e+100, 104390.6640062311
18.567999839782715, -1e+100, 104390.6640062311
18.574999809265137, -1e+100, 104390.6640062311
18.842999935150146, -1e+100, 104390.6640062311
18.85699987411499, -1e+100, 104390.6640062311
18.859999895095825, -1e+100, 104390.6640062311
19.174999952316284, -1e+100, 104390.6640062311
19.181999921798706, -1e+100, 104384.02543769943
19.18999981880188, -1e+100, 104384.02543769943
19.198999881744385, -1e+100, 104384.02543769943
19.204999923706055, -1e+100, 104384.02543769943
19.5, -1e+100, 104384.02543769943
19.506999969482422, -1e+100, 104384.02543769943
19.51199984550476, -1e+100, 104384.02543769943
19.51799988746643, -1e+100, 104384.02543769943
19.811999797821045, -1e+100, 104384.02543769943
19.811999797821045, -1e+100, 104384.02543769943
19.829999923706055, -1e+100, 104384.02543769943
20.149999856948853, -1e+100, 104384.02543769943
20.16100001335144, -1e+100, 104384.02543769943
20.16699981689453, -1e+100, 104384.02543769943
20.490999937057495, -1e+100, 104384.02543769943
20.490999937057495, -1e+100, 104384.02543769943
20.506999969482422, -1e+100, 104384.02543769943
20.506999969482422, -1e+100, 104384.02543769943
20.524999856948853, -1e+100, 104384.02543769943
20.524999856948853, -1e+100, 104384.02543769943
20.538999795913696, -1e+100, 104384.02543769943
20.893999814987183, -1e+100, 104384.02543769943
20.90399980545044, -1e+100, 104384.02543769943
20.913999795913696, -1e+100, 104384.02543769943
20.91699981689453, -1e+100, 104384.02543769943
20.930999994277954, -1e+100, 104384.02543769943
21.32799983024597, -1e+100, 104384.02543769943
21.32799983024597, -1e+100, 104384.02543769943
21.342000007629395, -1e+100, 104384.02543769943
21.357999801635742, -1e+100, 104384.02543769943
21.357999801635742, -1e+100, 104384.02543769943
21.73099994659424, -1e+100, 104317.84241145785
21.734999895095825, -1e+100, 104317.84241145785
21.742999792099, -1e+100, 104317.84241145785
21.747999906539917, -1e+100, 104317.84241145785
21.76699995994568, -1e+100, 104317.84241145785
22.19099998474121, -1e+100, 104317.84241145785
22.19099998474121, -1e+100, 104317.84241145785
22.484999895095825, -1e+100, 104317.84241145785
22.5, -1e+100, 104317.84241145785
22.507999897003174, -1e+100, 104317.84241145785
22.513000011444092, -1e+100, 104317.84241145785
22.514999866485596, -1e+100, 104317.84241145785
22.901999950408936, -1e+100, 104317.84241145785
22.911999940872192, -1e+100, 104317.84241145785
22.9229998588562, -1e+100, 104317.84241145785
22.930999994277954, -1e+100, 104317.84241145785
22.937999963760376, -1e+100, 104317.84241145785
22.94700002670288, -1e+100, 104317.84241145785
23.390999794006348, -1e+100, 104313.46076728233
23.395999908447266, -1e+100, 104313.46076728233
23.395999908447266, -1e+100, 104312.97794681256
23.412999868392944, -1e+100, 104312.97794681256
23.421000003814697, -1e+100, 104312.97794681256
23.429999828338623, -1e+100, 104312.97794681256
23.44099998474121, -1e+100, 104312.97794681256
23.83799982070923, -1e+100, 104312.97794681256
23.85199999809265, -1e+100, 104312.97794681256
23.855000019073486, -1e+100, 104312.97794681256
23.867999792099, -1e+100, 104312.97794681256
24.312999963760376, -1e+100, 104298.36439283914
24.329999923706055, -1e+100, 104298.36439283914
24.329999923706055, -1e+100, 104298.36439283914
24.346999883651733, -1e+100, 104298.36439283914
24.359999895095825, -1e+100, 104298.36439283914
24.363999843597412, -1e+100, 104298.36439283914
24.85699987411499, -1e+100, 104298.36439283914
24.871999979019165, -1e+100, 104298.36439283914
24.878000020980835, -1e+100, 104298.36439283914
24.883999824523926, -1e+100, 104298.36439283914
24.89299988746643, -1e+100, 104298.36439283914
24.90499997138977, -1e+100, 104298.26941985724
24.913999795913696, -1e+100, 104298.26941985724
24.9229998588562, -1e+100, 104298.26941985724
24.930999994277954, -1e+100, 104298.26941985724
24.938999891281128, -1e+100, 104298.26941985724
25.357999801635742, -1e+100, 104298.26941985724
25.367999792099, -1e+100, 104298.26941985724
25.37399983406067, -1e+100, 104298.26941985724
25.381999969482422, -1e+100, 104298.26941985724
25.384999990463257, -1e+100, 104298.26941985724
25.893999814987183, -1e+100, 104298.26941985724
25.905999898910522, -1e+100, 104298.26941985724
25.91100001335144, -1e+100, 104298.26941985724
25.92199993133545, -1e+100, 104298.26941985724
25.92799997329712, -1e+100, 104298.26941985724
26.47699999809265, -1e+100, 104298.26941985724
26.484999895095825, -1e+100, 104292.17475532767
26.491999864578247, -1e+100, 104292.17475532767
26.497999906539917, -1e+100, 104292.17475532767
26.509999990463257, -1e+100, 104292.17475532767
26.51799988746643, -1e+100, 104292.17475532767
26.526000022888184, -1e+100, 104292.17475532767
26.533999919891357, -1e+100, 104292.17475532767
27.10099983215332, -1e+100, 104292.17475532767
27.108999967575073, -1e+100, 104292.17475532767
27.119999885559082, -1e+100, 104292.17475532767
27.131999969482422, -1e+100, 104292.17475532767
27.14199995994568, -1e+100, 104292.17475532767
27.156999826431274, -1e+100, 104292.17475532767
27.16699981689453, -1e+100, 104292.17475532767
27.771999835968018, -1e+100, 104292.17475532767
27.77999997138977, -1e+100, 104292.17475532767
27.789999961853027, -1e+100, 104292.17475532767
28.372999906539917, -1e+100, 104292.17475532767
28.389999866485596, -1e+100, 104292.17475532767
28.389999866485596, -1e+100, 104292.17475532767
28.412999868392944, -1e+100, 104292.17475532767
28.425999879837036, -1e+100, 104292.17475532767
28.436999797821045, -1e+100, 104292.17475532767
29.02999997138977, -1e+100, 104292.17475532767
29.038999795913696, -1e+100, 104257.54526780022
29.0479998588562, -1e+100, 104257.54526780022
29.055999994277954, -1e+100, 104257.54526780022
29.06599998474121, -1e+100, 104257.54526780022
29.07799983024597, -1e+100, 104257.54526780022
29.73199987411499, -1e+100, 104257.54526780022
29.74899983406067, -1e+100, 104257.54526780022
29.756999969482422, -1e+100, 104257.54526780022
29.76099991798401, -1e+100, 104257.54526780022
29.769999980926514, -1e+100, 104257.54526780022
29.77899980545044, -1e+100, 104257.54526780022
29.786999940872192, -1e+100, 104257.54526780022
29.80299997329712, -1e+100, 104252.14238726848
30.496999979019165, -1e+100, 104252.14238726848
30.496999979019165, -1e+100, 104252.14238726848
30.51799988746643, -1e+100, 104252.14238726848
30.51799988746643, -1e+100, 104252.14238726848
30.531999826431274, -1e+100, 104252.14238726848
30.543999910354614, -1e+100, 104252.14238726848
30.549999952316284, -1e+100, 104252.14238726848
30.556999921798706, -1e+100, 104252.14238726848
30.566999912261963, -1e+100, 104252.14238726848
31.299999952316284, -1e+100, 104252.14238726848
31.306999921798706, -1e+100, 104243.43714664207
31.312999963760376, -1e+100, 104243.43714664207
31.312999963760376, -1e+100, 104243.43714664207
31.330999851226807, -1e+100, 104243.43714664207
31.336999893188477, -1e+100, 104243.43714664207
31.34599995613098, -1e+100, 104243.43714664207
31.361999988555908, -1e+100, 104243.43714664207
32.07499980926514, -1e+100, 104243.43714664207
32.07599997520447, -1e+100, 104221.09638767545
32.09299993515015, -1e+100, 104221.09638767545
32.109999895095825, -1e+100, 104221.09638767545
32.12399983406067, -1e+100, 104213.02597525384
32.83299994468689, -1e+100, 104213.02597525384
32.84299993515015, -1e+100, 104213.02597525384
32.85099983215332, -1e+100, 104213.02597525384
32.85899996757507, -1e+100, 104213.02597525384
32.86699986457825, -1e+100, 104213.02597525384
32.876999855041504, -1e+100, 104213.02597525384
32.89199995994568, -1e+100, 104213.02597525384
33.69099998474121, -1e+100, 104213.02597525384
33.70799994468689, -1e+100, 104213.02597525384
33.70799994468689, -1e+100, 104213.02597525384
33.72499990463257, -1e+100, 104213.02597525384
33.73699998855591, -1e+100, 104213.02597525384
33.74199986457825, -1e+100, 104213.02597525384
33.75699996948242, -1e+100, 104213.02597525384
33.763999938964844, -1e+100, 104213.02597525384
34.501999855041504, -1e+100, 104213.02597525384
34.50699996948242, -1e+100, 104213.02597525384
34.514999866485596, -1e+100, 104213.02597525384
34.52199983596802, -1e+100, 104213.02597525384
34.52799987792969, -1e+100, 104213.02597525384
34.53600001335144, -1e+100, 104213.02597525384
34.54199981689453, -1e+100, 104213.02597525384
34.549999952316284, -1e+100, 104213.02597525384
34.56099987030029, -1e+100, 104210.56529472567
34.57099986076355, -1e+100, 104210.56529472567
35.44599986076355, -1e+100, 104210.56529472567
35.45599985122681, -1e+100, 104210.56529472567
35.46799993515015, -1e+100, 104210.56529472567
35.47699999809265, -1e+100, 104210.56529472567
35.47699999809265, -1e+100, 104210.56529472567
35.492999792099, -1e+100, 104210.56529472567
35.5, -1e+100, 104210.56529472567
36.33699989318848, -1e+100, 104196.75396540469
36.33699989318848, -1e+100, 104196.75396540469
36.35099983215332, -1e+100, 104196.75396540469
36.353999853134155, -1e+100, 104196.75396540469
36.36699986457825, -1e+100, 104196.75396540469
36.370999813079834, -1e+100, 104196.75396540469
37.24899983406067, -1e+100, 104196.75396540469
37.25399994850159, -1e+100, 104196.75396540469
37.264999866485596, -1e+100, 104196.75396540469
37.270999908447266, -1e+100, 104196.75396540469
37.28699994087219, -1e+100, 104196.75396540469
37.29299998283386, -1e+100, 104196.75396540469
37.30199980735779, -1e+100, 104196.75396540469
38.18299984931946, -1e+100, 104184.6559335197
38.19799995422363, -1e+100, 104176.13906157292
38.19999980926514, -1e+100, 104176.13906157292
38.21399998664856, -1e+100, 104174.08353634964
38.217000007629395, -1e+100, 104174.08353634964
38.23399996757507, -1e+100, 104174.08353634964
38.245999813079834, -1e+100, 104169.83412613433
38.25099992752075, -1e+100, 104169.83412613433
39.25599980354309, -1e+100, 104168.43751577237
39.26699995994568, -1e+100, 104168.43751577237
39.270999908447266, -1e+100, 104164.39465707428
39.28099989891052, -1e+100, 104164.39465707428
39.28600001335144, -1e+100, 104164.39465707428
39.299999952316284, -1e+100, 104164.39465707428
39.306999921798706, -1e+100, 104164.39465707428
39.317999839782715, -1e+100, 104164.39465707428
39.3199999332428, -1e+100, 104161.87448334252
40.242999792099, -1e+100, 104161.87448334252
40.25, -1e+100, 104161.87448334252
40.26099991798401, -1e+100, 104161.87448334252
40.269999980926514, -1e+100, 104161.87448334252
40.270999908447266, -1e+100, 104161.87448334252
40.28499984741211, -1e+100, 104161.87448334252
40.30399990081787, -1e+100, 104161.87448334252
40.31599998474121, -1e+100, 104161.87448334252
40.32200002670288, -1e+100, 104161.87448334252
41.228999853134155, -1e+100, 104161.87448334252
41.245999813079834, -1e+100, 104161.87448334252
41.245999813079834, -1e+100, 104161.87448334252
41.257999897003174, -1e+100, 104161.87448334252
41.26199984550476, -1e+100, 104158.7106167159
41.276000022888184, -1e+100, 104158.7106167159
41.29199981689453, -1e+100, 104154.369929933
41.2960000038147, -1e+100, 104154.369929933
41.31499981880188, -1e+100, 104154.369929933
41.32299995422363, -1e+100, 104154.369929933
42.2279999256134, -1e+100, 104154.369929933
42.23299980163574, -1e+100, 104154.369929933
42.25, -1e+100, 104154.369929933
42.25999999046326, -1e+100, 104154.369929933
43.18499994277954, -1e+100, 104154.369929933
43.194000005722046, -1e+100, 104154.369929933
43.20199990272522, -1e+100, 104154.369929933
43.20199990272522, -1e+100, 104154.369929933
43.21799993515015, -1e+100, 104154.369929933
43.23299980163574, -1e+100, 104154.369929933
43.23399996757507, -1e+100, 104154.369929933
43.24799990653992, -1e+100, 104154.369929933
44.21999979019165, -1e+100, 104154.369929933
44.2279999256134, -1e+100, 104154.369929933
44.23699998855591, -1e+100, 104154.369929933
44.24399995803833, -1e+100, 104154.369929933
44.25399994850159, -1e+100, 104154.369929933
44.25399994850159, -1e+100, 104154.369929933
44.270999908447266, -1e+100, 104154.369929933
44.293999910354614, -1e+100, 104154.369929933
44.305999994277954, -1e+100, 104154.369929933
45.334999799728394, -1e+100, 104154.369929933
45.334999799728394, -1e+100, 104154.369929933
45.35599994659424, -1e+100, 104154.369929933
45.35699987411499, -1e+100, 104154.369929933
45.37599992752075, -1e+100, 104154.369929933
45.39199995994568, -1e+100, 104154.369929933
45.3989999294281, -1e+100, 104147.8204757172
45.40499997138977, -1e+100, 104147.8204757172
45.40499997138977, -1e+100, 104147.8204757172
46.36999988555908, -1e+100, 104147.8204757172
46.37299990653992, -1e+100, 104147.8204757172
46.38800001144409, -1e+100, 104147.8204757172
46.394999980926514, -1e+100, 104147.8204757172
46.40399980545044, -1e+100, 104147.8204757172
46.40599989891052, -1e+100, 104147.8204757172
46.4229998588562, -1e+100, 104147.8204757172
47.430999994277954, -1e+100, 104147.8204757172
47.44099998474121, -1e+100, 104147.8204757172
47.44099998474121, -1e+100, 104147.8204757172
47.45799994468689, -1e+100, 104147.8204757172
47.45799994468689, -1e+100, 104147.8204757172
47.47499990463257, -1e+100, 104147.8204757172
47.47499990463257, -1e+100, 104147.8204757172
47.49199986457825, -1e+100, 104130.52799187954
48.40999984741211, -1e+100, 104130.52799187954
48.42699980735779, -1e+100, 104130.52799187954
48.43599987030029, -1e+100, 104130.52799187954
48.444000005722046, -1e+100, 104130.52799187954
48.44999980926514, -1e+100, 104130.52799187954
48.45199990272522, -1e+100, 104130.52799187954
48.4779999256134, -1e+100, 104130.52799187954
48.4779999256134, -1e+100, 104130.52799187954
49.503000020980835, -1e+100, 104130.52799187954
49.51699995994568, -1e+100, 104130.52799187954
49.52300000190735, -1e+100, 104130.52799187954
49.52999997138977, -1e+100, 104130.52799187954
49.53099989891052, -1e+100, 104120.26665674645
49.54699993133545, -1e+100, 104116.6224013646
49.561999797821045, -1e+100, 104116.6224013646
49.56399989128113, -1e+100, 104116.6224013646
49.58099985122681, -1e+100, 104113.90089663836
50.58399987220764, -1e+100, 104113.90089663836
50.598999977111816, -1e+100, 104113.90089663836
50.60599994659424, -1e+100, 104113.90089663836
50.60599994659424, -1e+100, 104113.90089663836
50.620999813079834, -1e+100, 104113.90089663836
50.63699984550476, -1e+100, 104113.90089663836
50.64800000190735, -1e+100, 104113.90089663836
50.656999826431274, -1e+100, 104113.90089663836
50.662999868392944, -1e+100, 104113.90089663836
50.669999837875366, -1e+100, 104113.90089663836
50.67899990081787, -1e+100, 104113.90089663836
50.68599987030029, -1e+100, 104113.90089663836
50.68599987030029, -1e+100, 104113.90089663836
51.680999994277954, -1e+100, 104110.26280639296
51.68899989128113, -1e+100, 104110.26280639296
51.69599986076355, -1e+100, 104110.26280639296
51.70199990272522, -1e+100, 104110.26280639296
51.71299982070923, -1e+100, 104110.26280639296
51.730000019073486, -1e+100, 104110.26280639296
51.73799991607666, -1e+100, 104110.26280639296
52.74000000953674, -1e+100, 104110.26280639296
52.751999855041504, -1e+100, 104110.26280639296
52.76099991798401, -1e+100, 104110.26280639296
52.770999908447266, -1e+100, 104110.26280639296
52.77799987792969, -1e+100, 104110.26280639296
52.79099988937378, -1e+100, 104110.26280639296
52.80199980735779, -1e+100, 104110.26280639296
53.84299993515015, -1e+100, 104110.26280639296
53.84299993515015, -1e+100, 104110.26280639296
53.859999895095825, -1e+100, 104110.26280639296
53.87399983406067, -1e+100, 104110.26280639296
53.876999855041504, -1e+100, 104110.26280639296
53.889999866485596, -1e+100, 104092.56518418615
53.89399981498718, -1e+100, 104092.56518418615
53.90599989891052, -1e+100, 104091.26162033014
53.9210000038147, -1e+100, 104087.77376102272
54.84699988365173, -1e+100, 104087.77376102272
54.86399984359741, -1e+100, 104087.77376102272
54.86399984359741, -1e+100, 104087.77376102272
54.876999855041504, -1e+100, 104087.77376102272
54.88099980354309, -1e+100, 104087.77376102272
54.88099980354309, -1e+100, 104087.77376102272
54.89800000190735, -1e+100, 104087.77376102272
54.91499996185303, -1e+100, 104087.77376102272
54.9229998588562, -1e+100, 104087.77376102272
56.00999999046326, -1e+100, 104087.77376102272
56.026999950408936, -1e+100, 104087.77376102272
56.037999868392944, -1e+100, 104087.77376102272
56.05999994277954, -1e+100, 104087.77376102272
56.07200002670288, -1e+100, 104087.77376102272
57.13499999046326, -1e+100, 104087.77376102272
57.14199995994568, -1e+100, 104087.77376102272
57.1489999294281, -1e+100, 104087.77376102272
57.15599989891052, -1e+100, 104087.77376102272
57.156999826431274, -1e+100, 104087.77376102272
57.156999826431274, -1e+100, 104087.77376102272
57.17799997329712, -1e+100, 104087.77376102272
57.19199991226196, -1e+100, 104087.77376102272
57.19199991226196, -1e+100, 104087.77376102272
57.204999923706055, -1e+100, 104084.6263061165
57.21399998664856, -1e+100, 104084.6263061165
57.222999811172485, -1e+100, 104082.5580948324
57.222999811172485, -1e+100, 104082.5580948324
58.36299991607666, -1e+100, 104079.33064706712
58.36299991607666, -1e+100, 104079.26040232064
58.37999987602234, -1e+100, 104079.26040232064
58.37999987602234, -1e+100, 104079.26040232064
58.39699983596802, -1e+100, 104079.26040232064
58.39699983596802, -1e+100, 104079.26040232064
58.407999992370605, -1e+100, 104079.26040232064
58.425999879837036, -1e+100, 104079.26040232064
59.52199983596802, -1e+100, 104069.79632267472
59.52199983596802, -1e+100, 104069.79632267472
59.53699994087219, -1e+100, 104069.79632267472
59.53699994087219, -1e+100, 104069.79632267472
59.55299997329712, -1e+100, 104069.79632267472
59.55399990081787, -1e+100, 104069.79632267472
59.55399990081787, -1e+100, 104069.79632267472
59.57699990272522, -1e+100, 104069.79632267472
59.584999799728394, -1e+100, 104069.79632267472
59.58799982070923, -1e+100, 104069.79632267472
59.605000019073486, -1e+100, 104069.79632267472
59.605000019073486, -1e+100, 104069.79632267472
59.625, -1e+100, 104069.79632267472
59.628000020980835, -1e+100, 104069.79632267472
59.64299988746643, -1e+100, 104069.79632267472
60.65599989891052, -1e+100, 104068.57378657331
60.656999826431274, -1e+100, 104068.57378657331
60.674999952316284, -1e+100, 104068.57378657331
60.680999994277954, -1e+100, 104068.57378657331
60.680999994277954, -1e+100, 104068.57378657331
60.69999980926514, -1e+100, 104068.57378657331
60.71299982070923, -1e+100, 104068.57378657331
60.723999977111816, -1e+100, 104068.57378657331
60.73299980163574, -1e+100, 104068.57378657331
60.74199986457825, -1e+100, 104068.57378657331
60.742999792099, -1e+100, 104068.57378657331
60.758999824523926, -1e+100, 104056.92781460033
61.930999994277954, -1e+100, 104056.92781460033
61.93999981880188, -1e+100, 104056.92781460033
61.94799995422363, -1e+100, 104056.92781460033
61.95599985122681, -1e+100, 104056.92781460033
61.95599985122681, -1e+100, 104056.92781460033
61.97099995613098, -1e+100, 104056.92781460033
61.98199987411499, -1e+100, 104056.92781460033
61.98799991607666, -1e+100, 104056.92781460033
63.02899980545044, -1e+100, 104056.92781460033
63.038999795913696, -1e+100, 104056.92781460033
63.050999879837036, -1e+100, 104051.61894920463
63.05299997329712, -1e+100, 104051.61894920463
63.05299997329712, -1e+100, 104051.61894920463
63.07200002670288, -1e+100, 104051.61894920463
63.079999923706055, -1e+100, 104051.61894920463
63.08699989318848, -1e+100, 104051.61894920463
63.09299993515015, -1e+100, 104051.61894920463
63.10099983215332, -1e+100, 104051.61894920463
63.10599994659424, -1e+100, 104051.61894920463
64.15499997138977, -1e+100, 104051.61894920463
64.15499997138977, -1e+100, 104051.61894920463
64.17400002479553, -1e+100, 104051.61894920463
64.17400002479553, -1e+100, 104051.61894920463
64.18899989128113, -1e+100, 104051.61894920463
64.18899989128113, -1e+100, 104051.61894920463
64.2059998512268, -1e+100, 104051.61894920463
65.29199981689453, -1e+100, 104051.61894920463
65.30299997329712, -1e+100, 104051.61894920463
65.3109998703003, -1e+100, 104051.61894920463
65.3309998512268, -1e+100, 104051.61894920463
66.42599987983704, -1e+100, 104051.61894920463
66.43400001525879, -1e+100, 104051.61894920463
66.43999981880188, -1e+100, 104051.61894920463
66.44700002670288, -1e+100, 104027.67218508675
66.4559998512268, -1e+100, 104027.67218508675
66.46199989318848, -1e+100, 104027.12017890939
66.47199988365173, -1e+100, 104027.12017890939
66.47199988365173, -1e+100, 104027.12017890939
67.66699981689453, -1e+100, 104027.12017890939
67.68499994277954, -1e+100, 104023.31537410994
67.68499994277954, -1e+100, 104023.31537410994
67.70099997520447, -1e+100, 104023.31537410994
67.70099997520447, -1e+100, 104023.31537410994
68.81499981880188, -1e+100, 104023.24003553537
68.81599998474121, -1e+100, 104023.24003553537
68.81599998474121, -1e+100, 104023.24003553537
68.83299994468689, -1e+100, 104023.24003553537
68.83299994468689, -1e+100, 104023.24003553537
68.84599995613098, -1e+100, 104023.24003553537
68.84999990463257, -1e+100, 104023.24003553537
68.84999990463257, -1e+100, 104023.24003553537
68.86699986457825, -1e+100, 104023.24003553537
68.8769998550415, -1e+100, 104023.24003553537
68.88499999046326, -1e+100, 104013.66144168316
68.89599990844727, -1e+100, 104013.66144168316
69.92599987983704, -1e+100, 104013.66144168316
69.93400001525879, -1e+100, 104013.66144168316
69.94299983978271, -1e+100, 104013.66144168316
69.94299983978271, -1e+100, 104013.66144168316
69.95099997520447, -1e+100, 104013.66144168316
69.9599997997284, -1e+100, 104013.66144168316
69.96599984169006, -1e+100, 104013.66144168316
69.97599983215332, -1e+100, 104013.66144168316
69.98599982261658, -1e+100, 104013.66144168316
69.99399995803833, -1e+100, 104013.66144168316
70.0019998550415, -1e+100, 104013.66144168316
70.00499987602234, -1e+100, 104013.66144168316
70.01799988746643, -1e+100, 104013.66144168316
70.01799988746643, -1e+100, 104013.66144168316
70.02999997138977, -1e+100, 104013.66144168316
70.02999997138977, -1e+100, 104013.66144168316
71.13299989700317, -1e+100, 104013.66144168316
71.14399981498718, -1e+100, 104013.66144168316
71.14999985694885, -1e+100, 104013.66144168316
71.15699982643127, -1e+100, 104013.66144168316
71.16899991035461, -1e+100, 104013.66144168316
71.16999983787537, -1e+100, 104013.66144168316
71.18299984931946, -1e+100, 104013.66144168316
71.18499994277954, -1e+100, 104013.66144168316
71.19899988174438, -1e+100, 104013.66144168316
71.20799994468689, -1e+100, 104013.66144168316
72.38299989700317, -1e+100, 104010.60938113338
72.38899993896484, -1e+100, 104010.60938113338
72.40199995040894, -1e+100, 104010.60938113338
72.40899991989136, -1e+100, 104010.60938113338
72.42400002479553, -1e+100, 104010.60938113338
73.60899996757507, -1e+100, 104010.60938113338
73.61399984359741, -1e+100, 104010.60938113338
73.6269998550415, -1e+100, 104010.60938113338
73.63399982452393, -1e+100, 104010.60938113338
73.6399998664856, -1e+100, 104010.60938113338
73.65100002288818, -1e+100, 104010.60938113338
73.65599989891052, -1e+100, 104010.60938113338
73.67599987983704, -1e+100, 104010.60938113338
74.91899991035461, -1e+100, 104010.60938113338
74.92799997329712, -1e+100, 104010.60938113338
74.93999981880188, -1e+100, 103993.16523181245
74.94899988174438, -1e+100, 103993.16523181245
74.96199989318848, -1e+100, 103988.67523135942
74.96599984169006, -1e+100, 103988.67523135942
74.98199987411499, -1e+100, 103988.67523135942
74.99699997901917, -1e+100, 103986.49913730065
74.99899983406067, -1e+100, 103986.49913730065
75.01999998092651, -1e+100, 103986.1670749289
75.02799987792969, -1e+100, 103986.1670749289
76.16699981689453, -1e+100, 103986.1670749289
76.17699980735779, -1e+100, 103986.1670749289
76.18799996376038, -1e+100, 103986.1670749289
76.19099998474121, -1e+100, 103986.1670749289
77.37899994850159, -1e+100, 103986.1670749289
77.38699984550476, -1e+100, 103986.1670749289
77.39599990844727, -1e+100, 103986.1670749289
77.40499997138977, -1e+100, 103986.1670749289
77.41499996185303, -1e+100, 103986.1670749289
77.4229998588562, -1e+100, 103986.1670749289
77.43499994277954, -1e+100, 103986.1670749289
77.4359998703003, -1e+100, 103986.1670749289
78.63699984550476, -1e+100, 103986.1670749289
78.64499998092651, -1e+100, 103986.1670749289
78.65100002288818, -1e+100, 103986.1670749289
78.65899991989136, -1e+100, 103986.1670749289
78.66899991035461, -1e+100, 103986.1670749289
78.67699980735779, -1e+100, 103986.1670749289
78.68299984931946, -1e+100, 103986.1670749289
78.68299984931946, -1e+100, 103986.1670749289
78.69899988174438, -1e+100, 103985.4931855126
78.71599984169006, -1e+100, 103985.4931855126
79.85199999809265, -1e+100, 103985.4931855126
79.85199999809265, -1e+100, 103985.4931855126
79.86899995803833, -1e+100, 103985.4931855126
79.86899995803833, -1e+100, 103985.4931855126
79.88599991798401, -1e+100, 103985.4931855126
79.88599991798401, -1e+100, 103985.4931855126
79.90299987792969, -1e+100, 103985.4931855126
79.91100001335144, -1e+100, 103985.4931855126
79.91999983787537, -1e+100, 103985.4931855126
81.02199983596802, -1e+100, 103985.4931855126
81.02499985694885, -1e+100, 103985.4931855126
81.04499983787537, -1e+100, 103985.4931855126
81.04499983787537, -1e+100, 103985.4931855126
81.06299996376038, -1e+100, 103985.4931855126
81.07299995422363, -1e+100, 103985.4931855126
81.08299994468689, -1e+100, 103985.4931855126
82.40199995040894, -1e+100, 103985.4931855126
82.40199995040894, -1e+100, 103985.4931855126
82.4210000038147, -1e+100, 103985.4931855126
82.42699980735779, -1e+100, 103985.4931855126
82.43400001525879, -1e+100, 103985.4931855126
82.44700002670288, -1e+100, 103985.4931855126
82.45499992370605, -1e+100, 103985.4931855126
82.46299982070923, -1e+100, 103985.4931855126
83.75599980354309, -1e+100, 103985.4931855126
83.75599980354309, -1e+100, 103985.4931855126
83.76599979400635, -1e+100, 103985.4931855126
83.77199983596802, -1e+100, 103985.4931855126
83.7829999923706, -1e+100, 103985.4931855126
83.7889997959137, -1e+100, 103985.4931855126
83.7960000038147, -1e+100, 103985.4931855126
83.80199980735779, -1e+100, 103985.4931855126
83.80599999427795, -1e+100, 103985.4931855126
83.82399988174438, -1e+100, 103985.4931855126
85.12199997901917, -1e+100, 103985.4931855126
85.14099979400635, -1e+100, 103985.4931855126
85.15199995040894, -1e+100, 103985.4931855126
85.15999984741211, -1e+100, 103985.4931855126
85.16999983787537, -1e+100, 103985.4931855126
85.18099999427795, -1e+100, 103985.4931855126
85.19099998474121, -1e+100, 103985.4931855126
85.20099997520447, -1e+100, 103985.4931855126
86.46799993515015, -1e+100, 103969.93540941883
86.47499990463257, -1e+100, 103969.93540941883
86.48199987411499, -1e+100, 103969.93540941883
86.49199986457825, -1e+100, 103969.93540941883
86.49899983406067, -1e+100, 103964.84492658675
86.51399993896484, -1e+100, 103964.84492658675
87.75499987602234, -1e+100, 103964.84492658675
87.76300001144409, -1e+100, 103964.84492658675
87.7739999294281, -1e+100, 103964.84492658675
87.78099989891052, -1e+100, 103964.84492658675
87.7889997959137, -1e+100, 103964.84492658675
89.0789999961853, -1e+100, 103964.84492658675
89.0849997997284, -1e+100, 103964.84492658675
89.0920000076294, -1e+100, 103964.84492658675
89.09799981117249, -1e+100, 103964.84492658675
89.10799980163574, -1e+100, 103964.84492658675
89.12299990653992, -1e+100, 103964.84492658675
89.13599991798401, -1e+100, 103964.84492658675
90.46499991416931, -1e+100, 103964.84492658675
90.47599983215332, -1e+100, 103964.84492658675
90.48699998855591, -1e+100, 103964.84492658675
90.4909999370575, -1e+100, 103964.84492658675
90.4909999370575, -1e+100, 103955.85352353868
90.50799989700317, -1e+100, 103955.85352353868
90.51599979400635, -1e+100, 103955.85352353868
90.52300000190735, -1e+100, 103955.85352353868
90.53199982643127, -1e+100, 103955.85352353868
90.53699994087219, -1e+100, 103955.85352353868
90.53699994087219, -1e+100, 103952.95277178426
90.55399990081787, -1e+100, 103952.95277178426
90.56199979782104, -1e+100, 103952.95277178426
90.56799983978271, -1e+100, 103952.95277178426
90.57599997520447, -1e+100, 103952.95277178426
90.58200001716614, -1e+100, 103952.95277178426
90.58899998664856, -1e+100, 103952.95277178426
90.59699988365173, -1e+100, 103952.95277178426
91.78399991989136, -1e+100, 103952.95277178426
91.79099988937378, -1e+100, 103952.95277178426
91.79699993133545, -1e+100, 103952.95277178426
91.79699993133545, -1e+100, 103952.95277178426
91.81199979782104, -1e+100, 103952.95277178426
91.81299996376038, -1e+100, 103952.95277178426
91.81299996376038, -1e+100, 103947.5877678212
93.14999985694885, -1e+100, 103947.5877678212
93.15899991989136, -1e+100, 103947.5877678212
93.16599988937378, -1e+100, 103947.5877678212
93.17199993133545, -1e+100, 103947.5877678212
93.17400002479553, -1e+100, 103947.5877678212
93.17400002479553, -1e+100, 103947.5877678212
93.19099998474121, -1e+100, 103947.5877678212
93.19099998474121, -1e+100, 103947.5877678212
93.2059998512268, -1e+100, 103947.5877678212
93.20700001716614, -1e+100, 103947.5877678212
93.22399997711182, -1e+100, 103947.5877678212
93.22399997711182, -1e+100, 103947.5877678212
93.2409999370575, -1e+100, 103947.5877678212
93.2409999370575, -1e+100, 103947.5877678212
93.25799989700317, -1e+100, 103944.99523594494
93.25799989700317, -1e+100, 103944.99523594494
94.4559998512268, -1e+100, 103944.99523594494
94.46499991416931, -1e+100, 103944.99523594494
94.46999979019165, -1e+100, 103944.99523594494
94.48000001907349, -1e+100, 103944.99523594494
95.90599989891052, -1e+100, 103944.99523594494
95.91999983787537, -1e+100, 103944.99523594494
95.92999982833862, -1e+100, 103944.99523594494
95.92999982833862, -1e+100, 103944.99523594494
95.94400000572205, -1e+100, 103944.99523594494
95.95299983024597, -1e+100, 103944.99523594494
95.9599997997284, -1e+100, 103944.99523594494
95.9670000076294, -1e+100, 103944.99523594494
95.97899985313416, -1e+100, 103944.99523594494
95.98799991607666, -1e+100, 103944.99523594494
95.99499988555908, -1e+100, 103944.99523594494
97.31699991226196, -1e+100, 103944.99523594494
97.31699991226196, -1e+100, 103944.99523594494
97.33399987220764, -1e+100, 103944.99523594494
97.34799981117249, -1e+100, 103944.99523594494
97.35099983215332, -1e+100, 103944.99523594494
97.35099983215332, -1e+100, 103944.99523594494
98.61699986457825, -1e+100, 103927.59435894991
98.63800001144409, -1e+100, 103927.59435894991
99.94099998474121, -1e+100, 103927.59435894991
99.94700002670288, -1e+100, 103927.59435894991
99.95299983024597, -1e+100, 103927.59435894991
99.9559998512268, -1e+100, 103927.59435894991
99.9689998626709, -1e+100, 103927.59435894991
99.97299981117249, -1e+100, 103927.59435894991
99.98699998855591, -1e+100, 103927.59435894991
100.0019998550415, -1e+100, 103924.03948868962
100.01300001144409, -1e+100, 103924.03948868962
101.40499997138977, -1e+100, 103924.03948868962
101.41499996185303, -1e+100, 103924.03948868962
101.42199993133545, -1e+100, 103924.03948868962
101.43099999427795, -1e+100, 103924.03948868962
101.43899989128113, -1e+100, 103924.03948868962
101.43899989128113, -1e+100, 103924.03948868962
101.44999980926514, -1e+100, 103924.03948868962
101.46099996566772, -1e+100, 103924.03948868962
101.47099995613098, -1e+100, 103912.99556408274
101.47299981117249, -1e+100, 103912.99556408274
102.7519998550415, -1e+100, 103907.74358141764
102.76899981498718, -1e+100, 103907.74358141764
102.77999997138977, -1e+100, 103907.74358141764
102.78699994087219, -1e+100, 103907.74358141764
102.79299998283386, -1e+100, 103907.74358141764
102.80299997329712, -1e+100, 103907.74358141764
103.99899983406067, -1e+100, 103907.74358141764
104.00799989700317, -1e+100, 103907.74358141764
104.0149998664856, -1e+100, 103907.74358141764
104.02099990844727, -1e+100, 103900.27897579569
104.02699995040894, -1e+100, 103900.27897579569
105.37899994850159, -1e+100, 103899.23192665304
105.3899998664856, -1e+100, 103899.23192665304
105.39800000190735, -1e+100, 103899.23192665304
105.40299987792969, -1e+100, 103899.23192665304
105.40299987792969, -1e+100, 103899.23192665304
105.42999982833862, -1e+100, 103899.23192665304
105.43899989128113, -1e+100, 103899.23192665304
106.86399984359741, -1e+100, 103899.0026144466
106.867999792099, -1e+100, 103899.0026144466
106.867999792099, -1e+100, 103899.0026144466
106.88499999046326, -1e+100, 103890.61954048598
106.89599990844727, -1e+100, 103890.61954048598
106.90399980545044, -1e+100, 103890.61954048598
108.26199984550476, -1e+100, 103890.61954048598
108.26199984550476, -1e+100, 103890.61954048598
108.27899980545044, -1e+100, 103890.61954048598
108.27899980545044, -1e+100, 103890.61954048598
108.29399991035461, -1e+100, 103890.61954048598
108.30199980735779, -1e+100, 103890.61954048598
108.3109998703003, -1e+100, 103890.61954048598
108.31199979782104, -1e+100, 103890.61954048598
108.31199979782104, -1e+100, 103890.61954048598
108.32999992370605, -1e+100, 103890.61954048598
108.32999992370605, -1e+100, 103890.61954048598
108.34599995613098, -1e+100, 103888.98952246898
109.78699994087219, -1e+100, 103888.98952246898
109.79399991035461, -1e+100, 103888.98952246898
109.80599999427795, -1e+100, 103888.98952246898
109.80999994277954, -1e+100, 103888.98952246898
109.82599997520447, -1e+100, 103888.98952246898
109.82599997520447, -1e+100, 103888.98952246898
111.29199981689453, -1e+100, 103878.87063287302
111.30199980735779, -1e+100, 103878.87063287302
111.3069999217987, -1e+100, 103878.87063287302
111.3069999217987, -1e+100, 103878.87063287302
111.32699990272522, -1e+100, 103878.87063287302
111.33399987220764, -1e+100, 103878.87063287302
111.34499979019165, -1e+100, 103878.87063287302
111.3529999256134, -1e+100, 103878.87063287302
111.35799980163574, -1e+100, 103878.87063287302
111.37399983406067, -1e+100, 103877.75748695814
111.38899993896484, -1e+100, 103877.75748695814
111.39499998092651, -1e+100, 103877.75748695814
111.40100002288818, -1e+100, 103877.75748695814
111.40599989891052, -1e+100, 103877.75748695814
111.4139997959137, -1e+100, 103877.75748695814
112.8769998550415, -1e+100, 103877.75748695814
112.88599991798401, -1e+100, 103877.75748695814
112.89299988746643, -1e+100, 103877.75748695814
112.89299988746643, -1e+100, 103877.75748695814
112.90100002288818, -1e+100, 103877.75748695814
112.90899991989136, -1e+100, 103877.75748695814
112.91799998283386, -1e+100, 103877.75748695814
112.91799998283386, -1e+100, 103877.75748695814
112.92599987983704, -1e+100, 103877.75748695814
112.93499994277954, -1e+100, 103877.75748695814
112.94099998474121, -1e+100, 103876.9229894049
114.37899994850159, -1e+100, 103876.75202010798
114.39599990844727, -1e+100, 103876.75202010798
114.40599989891052, -1e+100, 103876.75202010798
115.76199984550476, -1e+100, 103876.75202010798
115.76899981498718, -1e+100, 103876.75202010798
115.77600002288818, -1e+100, 103876.75202010798
115.78399991989136, -1e+100, 103876.75202010798
115.79699993133545, -1e+100, 103870.38421487903
117.18999981880188, -1e+100, 103870.38421487903
117.18999981880188, -1e+100, 103870.38421487903
117.20499992370605, -1e+100, 103870.38421487903
117.20700001716614, -1e+100, 103870.38421487903
117.22399997711182, -1e+100, 103870.38421487903
117.22399997711182, -1e+100, 103870.38421487903
117.23899984359741, -1e+100, 103870.38421487903
117.24899983406067, -1e+100, 103870.38421487903
117.25999999046326, -1e+100, 103870.38421487903
117.27099990844727, -1e+100, 103870.38421487903
117.28099989891052, -1e+100, 103870.38421487903
118.63399982452393, -1e+100, 103870.38421487903
118.64599990844727, -1e+100, 103870.38421487903
118.65499997138977, -1e+100, 103870.38421487903
118.66499996185303, -1e+100, 103870.38421487903
118.66999983787537, -1e+100, 103870.38421487903
118.68499994277954, -1e+100, 103870.38421487903
120.19700002670288, -1e+100, 103870.38421487903
120.19700002670288, -1e+100, 103870.38421487903
120.21999979019165, -1e+100, 103870.38421487903
120.23000001907349, -1e+100, 103870.38421487903
120.23299980163574, -1e+100, 103870.38421487903
120.25300002098083, -1e+100, 103870.38421487903
120.26399993896484, -1e+100, 103870.38421487903
120.27300000190735, -1e+100, 103870.38421487903
120.28099989891052, -1e+100, 103870.38421487903
121.70700001716614, -1e+100, 103870.38421487903
121.70799994468689, -1e+100, 103870.38421487903
121.72499990463257, -1e+100, 103870.38421487903
121.72499990463257, -1e+100, 103870.38421487903
121.74199986457825, -1e+100, 103870.38421487903
121.75499987602234, -1e+100, 103870.38421487903
121.76300001144409, -1e+100, 103870.38421487903
122.98599982261658, -1e+100, 103854.45031607445
122.99799990653992, -1e+100, 103854.45031607445
123.0019998550415, -1e+100, 103854.45031607445
123.0149998664856, -1e+100, 103854.45031607445
123.01799988746643, -1e+100, 103854.45031607445
124.51599979400635, -1e+100, 103854.45031607445
124.52499985694885, -1e+100, 103854.45031607445
124.5329999923706, -1e+100, 103854.45031607445
124.53999996185303, -1e+100, 103854.45031607445
124.5460000038147, -1e+100, 103854.45031607445
124.55399990081787, -1e+100, 103854.45031607445
124.55900001525879, -1e+100, 103854.45031607445
124.5699999332428, -1e+100, 103854.45031607445
124.58399987220764, -1e+100, 103854.45031607445
124.59299993515015, -1e+100, 103854.45031607445
124.60199999809265, -1e+100, 103854.45031607445
124.60799980163574, -1e+100, 103854.45031607445
124.61299991607666, -1e+100, 103854.45031607445
124.62099981307983, -1e+100, 103854.45031607445
124.62899994850159, -1e+100, 103854.45031607445
126.03999996185303, -1e+100, 103854.45031607445
126.03999996185303, -1e+100, 103854.45031607445
126.0609998703003, -1e+100, 103854.45031607445
126.0699999332428, -1e+100, 103854.45031607445
126.07299995422363, -1e+100, 103854.45031607445
126.07299995422363, -1e+100, 103854.45031607445
126.09599995613098, -1e+100, 103854.45031607445
126.10500001907349, -1e+100, 103854.45031607445
126.11899995803833, -1e+100, 103854.45031607445
127.5569999217987, -1e+100, 103854.45031607445
127.56399989128113, -1e+100, 103854.45031607445
127.57299995422363, -1e+100, 103854.45031607445
127.58899998664856, -1e+100, 103854.45031607445
127.59899997711182, -1e+100, 103854.45031607445
127.60699987411499, -1e+100, 103854.45031607445
127.60699987411499, -1e+100, 103854.45031607445
127.61500000953674, -1e+100, 103854.45031607445
127.62599992752075, -1e+100, 103847.1673159924
127.63800001144409, -1e+100, 103846.08766743573
127.6489999294281, -1e+100, 103846.08766743573
127.66299986839294, -1e+100, 103846.08766743573
127.68299984931946, -1e+100, 103845.73870482919
127.69599986076355, -1e+100, 103845.73870482919
129.1769998073578, -1e+100, 103845.73870482919
129.1769998073578, -1e+100, 103845.73870482919
129.19199991226196, -1e+100, 103845.73870482919
129.19199991226196, -1e+100, 103845.73870482919
129.19199991226196, -1e+100, 103845.73870482919
129.2099997997284, -1e+100, 103845.73870482919
129.2099997997284, -1e+100, 103845.73870482919
129.22399997711182, -1e+100, 103845.73870482919
129.22599983215332, -1e+100, 103845.73870482919
129.24000000953674, -1e+100, 103845.73870482919
129.242999792099, -1e+100, 103845.73870482919
130.94899988174438, -1e+100, 103845.73870482919
130.9579999446869, -1e+100, 103845.73870482919
130.96799993515015, -1e+100, 103845.73870482919
130.97099995613098, -1e+100, 103845.73870482919
130.98299980163574, -1e+100, 103845.73870482919
130.99199986457825, -1e+100, 103845.73870482919
131.00300002098083, -1e+100, 103845.73870482919
131.0130000114441, -1e+100, 103845.73870482919
131.01799988746643, -1e+100, 103845.73870482919
132.4869999885559, -1e+100, 103845.73870482919
132.49499988555908, -1e+100, 103845.73870482919
132.50300002098083, -1e+100, 103845.73870482919
132.510999917984, -1e+100, 103842.0949528315
132.51699995994568, -1e+100, 103842.0949528315
132.52499985694885, -1e+100, 103842.0949528315
132.53099989891052, -1e+100, 103842.0949528315
132.5389997959137, -1e+100, 103842.0949528315
132.54399991035461, -1e+100, 103842.0949528315
132.5590000152588, -1e+100, 103842.0949528315
132.5659999847412, -1e+100, 103842.0949528315
132.57499980926514, -1e+100, 103842.0949528315
133.96399998664856, -1e+100, 103842.0949528315
133.9689998626709, -1e+100, 103842.0949528315
133.97899985313416, -1e+100, 103842.0949528315
133.98599982261658, -1e+100, 103842.0949528315
133.98599982261658, -1e+100, 103842.0949528315
133.99799990653992, -1e+100, 103842.0949528315
134.00300002098083, -1e+100, 103842.0949528315
134.010999917984, -1e+100, 103842.0949528315
134.0199999809265, -1e+100, 103842.0949528315
134.02999997138977, -1e+100, 103842.0949528315
135.3439998626709, -1e+100, 103842.0949528315
135.35899996757507, -1e+100, 103842.0949528315
135.36899995803833, -1e+100, 103832.91115582047
135.375, -1e+100, 103832.91115582047
135.37800002098083, -1e+100, 103832.91115582047
135.37800002098083, -1e+100, 103832.91115582047
135.39999985694885, -1e+100, 103832.91115582047
135.4099998474121, -1e+100, 103832.91115582047
136.94299983978271, -1e+100, 103832.91115582047
136.94999980926514, -1e+100, 103832.05312665898
136.95199990272522, -1e+100, 103832.05312665898
136.96399998664856, -1e+100, 103832.05312665898
136.97199988365173, -1e+100, 103832.05312665898
136.97499990463257, -1e+100, 103829.46752279274
136.97499990463257, -1e+100, 103829.46752279274
136.99199986457825, -1e+100, 103829.46752279274
136.99199986457825, -1e+100, 103829.46752279274
136.99199986457825, -1e+100, 103829.46752279274
137.010999917984, -1e+100, 103829.46752279274
138.4689998626709, -1e+100, 103829.46752279274
138.47599983215332, -1e+100, 103829.46752279274
138.48799991607666, -1e+100, 103827.57602848587
138.492999792099, -1e+100, 103827.57602848587
138.5, -1e+100, 103827.57602848587
138.51399993896484, -1e+100, 103827.57602848587
139.9869999885559, -1e+100, 103827.57602848587
139.99799990653992, -1e+100, 103827.57602848587
140.0059998035431, -1e+100, 103827.57602848587
140.01599979400635, -1e+100, 103827.57602848587
140.02499985694885, -1e+100, 103827.57602848587
140.03600001335144, -1e+100, 103827.57602848587
141.57699990272522, -1e+100, 103819.0349844627
141.58799982070923, -1e+100, 103819.0349844627
141.59499979019165, -1e+100, 103819.0349844627
141.59999990463257, -1e+100, 103819.0349844627
141.60999989509583, -1e+100, 103819.0349844627
141.61699986457825, -1e+100, 103819.0349844627
141.62299990653992, -1e+100, 103819.0349844627
141.62999987602234, -1e+100, 103819.0349844627
141.63699984550476, -1e+100, 103819.0349844627
141.6449999809265, -1e+100, 103815.76621505144
141.64999985694885, -1e+100, 103815.76621505144
141.66499996185303, -1e+100, 103815.76621505144
141.66599988937378, -1e+100, 103815.76621505144
143.22599983215332, -1e+100, 103815.76621505144
143.242999792099, -1e+100, 103815.76621505144
143.242999792099, -1e+100, 103815.76621505144
143.25999999046326, -1e+100, 103815.76621505144
143.26799988746643, -1e+100, 103815.76621505144
143.27600002288818, -1e+100, 103815.76621505144
143.2889997959137, -1e+100, 103815.76621505144
144.6729998588562, -1e+100, 103815.76621505144
144.68899989128113, -1e+100, 103815.76621505144
144.68899989128113, -1e+100, 103815.76621505144
144.70499992370605, -1e+100, 103815.76621505144
144.70499992370605, -1e+100, 103815.76621505144
144.7189998626709, -1e+100, 103815.76621505144
144.72199988365173, -1e+100, 103815.76621505144
144.72199988365173, -1e+100, 103815.76621505144
144.7389998435974, -1e+100, 103815.76621505144
144.75099992752075, -1e+100, 103815.76621505144
144.75499987602234, -1e+100, 103810.4419449937
146.1909999847412, -1e+100, 103810.4419449937
146.2079999446869, -1e+100, 103810.4419449937
146.2079999446869, -1e+100, 103810.4419449937
146.22599983215332, -1e+100, 103810.4419449937
146.2300000190735, -1e+100, 103810.4419449937
146.242999792099, -1e+100, 103810.4419449937
146.242999792099, -1e+100, 103810.4419449937
146.25999999046326, -1e+100, 103810.4419449937
146.26599979400635, -1e+100, 103810.4419449937
146.27199983596802, -1e+100, 103810.4419449937
146.2779998779297, -1e+100, 103810.4419449937
146.28399991989136, -1e+100, 103810.4419449937
146.2889997959137, -1e+100, 103810.4419449937
146.29499983787537, -1e+100, 103810.4419449937
146.30399990081787, -1e+100, 103810.4419449937
146.30999994277954, -1e+100, 103810.4419449937
146.32200002670288, -1e+100, 103808.47107921295
147.87099981307983, -1e+100, 103808.47107921295
147.88399982452393, -1e+100, 103808.47107921295
147.8880000114441, -1e+100, 103808.47107921295
147.8989999294281, -1e+100, 103808.47107921295
147.90499997138977, -1e+100, 103808.46916752994
147.9139997959137, -1e+100, 103808.46916752994
149.38299989700317, -1e+100, 103808.46916752994
149.38899993896484, -1e+100, 103808.46916752994
149.3949999809265, -1e+100, 103808.46916752994
149.40199995040894, -1e+100, 103808.46916752994
149.4099998474121, -1e+100, 103803.14987457513
149.4210000038147, -1e+100, 103803.14987457513
151.02699995040894, -1e+100, 103803.14987457513
151.0349998474121, -1e+100, 103803.14987457513
151.04199981689453, -1e+100, 103803.14987457513
151.04199981689453, -1e+100, 103803.14987457513
151.05399990081787, -1e+100, 103803.14987457513
151.05399990081787, -1e+100, 103803.14987457513
151.07099986076355, -1e+100, 103803.14987457513
151.07799983024597, -1e+100, 103803.14987457513
151.08399987220764, -1e+100, 103803.14987457513
151.08599996566772, -1e+100, 103803.14987457513
151.1029999256134, -1e+100, 103803.14987457513
151.1029999256134, -1e+100, 103803.14987457513
152.51799988746643, -1e+100, 103803.14987457513
152.52600002288818, -1e+100, 103803.14987457513
152.5329999923706, -1e+100, 103803.14987457513
152.53999996185303, -1e+100, 103803.0460328968
152.5460000038147, -1e+100, 103802.87499015787
152.5519998073578, -1e+100, 103802.87499015787
152.55999994277954, -1e+100, 103802.87499015787
154.1729998588562, -1e+100, 103801.68303485139
154.18099999427795, -1e+100, 103801.04933671569
154.18099999427795, -1e+100, 103801.04933671569
154.18099999427795, -1e+100, 103801.04933671569
154.19599986076355, -1e+100, 103800.60690237622
155.67199993133545, -1e+100, 103800.60690237622
155.6769998073578, -1e+100, 103800.60690237622
155.6769998073578, -1e+100, 103800.60690237622
155.69899988174438, -1e+100, 103800.60690237622
155.69899988174438, -1e+100, 103800.60690237622
155.71099996566772, -1e+100, 103800.60690237622
155.71099996566772, -1e+100, 103800.60690237622
155.731999874115, -1e+100, 103800.60690237622
155.74499988555908, -1e+100, 103800.60690237622
155.7559998035431, -1e+100, 103800.60690237622
157.27199983596802, -1e+100, 103800.60690237622
157.27999997138977, -1e+100, 103800.60690237622
157.29399991035461, -1e+100, 103800.60690237622
157.3069999217987, -1e+100, 103800.60690237622
157.3069999217987, -1e+100, 103800.60690237622
157.32200002670288, -1e+100, 103800.60690237622
158.7979998588562, -1e+100, 103800.60690237622
158.80599999427795, -1e+100, 103800.60690237622
158.81399989128113, -1e+100, 103800.60690237622
158.81900000572205, -1e+100, 103800.60690237622
158.81900000572205, -1e+100, 103800.60690237622
158.83399987220764, -1e+100, 103800.60690237622
158.83399987220764, -1e+100, 103800.60690237622
158.83399987220764, -1e+100, 103800.60690237622
158.85099983215332, -1e+100, 103800.60690237622
158.85099983215332, -1e+100, 103800.60690237622
158.867999792099, -1e+100, 103800.60690237622
158.87800002098083, -1e+100, 103800.60690237622
158.88699984550476, -1e+100, 103798.52039721505
158.89699983596802, -1e+100, 103798.52039721505
158.9099998474121, -1e+100, 103798.52039721505
158.9210000038147, -1e+100, 103798.52039721505
160.36099982261658, -1e+100, 103798.52039721505
160.36099982261658, -1e+100, 103798.52039721505
160.3809998035431, -1e+100, 103798.52039721505
160.38299989700317, -1e+100, 103798.52039721505
160.38299989700317, -1e+100, 103798.52039721505
160.39699983596802, -1e+100, 103798.52039721505
160.41299986839294, -1e+100, 103798.52039721505
160.4210000038147, -1e+100, 103798.52039721505
160.42899990081787, -1e+100, 103798.52039721505
160.43299984931946, -1e+100, 103798.52039721505
160.43899989128113, -1e+100, 103798.52039721505
160.44700002670288, -1e+100, 103798.52039721505
160.44700002670288, -1e+100, 103798.52039721505
160.44700002670288, -1e+100, 103798.52039721505
160.46399998664856, -1e+100, 103798.52039721505
160.46399998664856, -1e+100, 103798.52039721505
162.1489999294281, -1e+100, 103798.52039721505
162.15499997138977, -1e+100, 103798.52039721505
162.15499997138977, -1e+100, 103798.52039721505
162.1769998073578, -1e+100, 103798.52039721505
162.18299984931946, -1e+100, 103798.52039721505
162.18999981880188, -1e+100, 103798.52039721505
162.19599986076355, -1e+100, 103798.52039721505
162.20099997520447, -1e+100, 103798.52039721505
162.20499992370605, -1e+100, 103798.52039721505
162.21799993515015, -1e+100, 103798.52039721505
162.22199988365173, -1e+100, 103798.52039721505
162.23399996757507, -1e+100, 103798.52039721505
162.2389998435974, -1e+100, 103798.52039721505
162.25, -1e+100, 103798.52039721505
162.25499987602234, -1e+100, 103798.52039721505
162.25499987602234, -1e+100, 103798.52039721505
162.26399993896484, -1e+100, 103798.52039721505
162.27199983596802, -1e+100, 103798.52039721505
162.28399991989136, -1e+100, 103798.52039721505
163.72699999809265, -1e+100, 103798.52039721505
163.7300000190735, -1e+100, 103798.52039721505
163.74199986457825, -1e+100, 103798.52039721505
163.74599981307983, -1e+100, 103798.52039721505
163.75899982452393, -1e+100, 103798.52039721505
163.76399993896484, -1e+100, 103798.52039721505
163.76399993896484, -1e+100, 103798.52039721505
163.7739999294281, -1e+100, 103798.52039721505
163.77999997138977, -1e+100, 103798.52039721505
163.7960000038147, -1e+100, 103794.96894769932
165.50899982452393, -1e+100, 103794.1585412978
165.51899981498718, -1e+100, 103794.1585412978
165.52600002288818, -1e+100, 103794.1585412978
165.52600002288818, -1e+100, 103794.1585412978
165.53799986839294, -1e+100, 103794.1585412978
165.53799986839294, -1e+100, 103794.1585412978
165.55599999427795, -1e+100, 103794.1585412978
165.56499981880188, -1e+100, 103794.1585412978
167.03799986839294, -1e+100, 103789.14575333695
167.0460000038147, -1e+100, 103789.14575333695
167.05399990081787, -1e+100, 103789.14575333695
167.06199979782104, -1e+100, 103789.14575333695
167.06799983978271, -1e+100, 103789.14575333695
167.07399988174438, -1e+100, 103789.14575333695
167.0809998512268, -1e+100, 103789.14575333695
167.0809998512268, -1e+100, 103789.14575333695
167.09799981117249, -1e+100, 103789.14575333695
167.09799981117249, -1e+100, 103789.14575333695
167.11699986457825, -1e+100, 103789.14575333695
167.1269998550415, -1e+100, 103789.14575333695
167.13699984550476, -1e+100, 103789.14575333695
167.14599990844727, -1e+100, 103789.14575333695
167.1529998779297, -1e+100, 103789.14575333695
168.77600002288818, -1e+100, 103789.14575333695
168.7849998474121, -1e+100, 103789.14575333695
168.79199981689453, -1e+100, 103789.14575333695
168.7979998588562, -1e+100, 103789.14575333695
168.80299997329712, -1e+100, 103789.14575333695
168.80399990081787, -1e+100, 103789.14575333695
168.80399990081787, -1e+100, 103789.14575333695
168.82200002670288, -1e+100, 103789.14575333695
170.2300000190735, -1e+100, 103779.87150750743
170.24399995803833, -1e+100, 103779.87150750743
170.2539999485016, -1e+100, 103779.87150750743
171.91799998283386, -1e+100, 103779.87150750743
171.92599987983704, -1e+100, 103779.87150750743
171.93299984931946, -1e+100, 103779.87150750743
171.93799996376038, -1e+100, 103779.87150750743
171.93999981880188, -1e+100, 103779.87150750743
171.95199990272522, -1e+100, 103779.87150750743
171.95899987220764, -1e+100, 103775.24567100263
173.54499983787537, -1e+100, 103775.04525807103
173.55299997329712, -1e+100, 103775.04525807103
173.55999994277954, -1e+100, 103769.42563231224
173.56799983978271, -1e+100, 103769.42563231224
173.57599997520447, -1e+100, 103769.42563231224
173.58200001716614, -1e+100, 103769.42563231224
173.58799982070923, -1e+100, 103769.42563231224
175.14999985694885, -1e+100, 103769.42563231224
175.1599998474121, -1e+100, 103769.42563231224
175.16799998283386, -1e+100, 103769.42563231224
175.18299984931946, -1e+100, 103769.42563231224
175.18299984931946, -1e+100, 103769.42563231224
175.19999980926514, -1e+100, 103769.42563231224
176.89299988746643, -1e+100, 103767.72819718164
176.8989999294281, -1e+100, 103767.72819718164
176.9119999408722, -1e+100, 103767.72819718164
176.91999983787537, -1e+100, 103767.72819718164
176.92599987983704, -1e+100, 103764.51702329428
176.9319999217987, -1e+100, 103764.51702329428
176.93699979782104, -1e+100, 103764.51702329428
178.5130000114441, -1e+100, 103764.51702329428
178.5199999809265, -1e+100, 103764.51702329428
178.5279998779297, -1e+100, 103764.51702329428
178.53600001335144, -1e+100, 103764.51702329428
178.54399991035461, -1e+100, 103762.11574319917
178.55599999427795, -1e+100, 103762.11574319917
178.56399989128113, -1e+100, 103762.11574319917
180.24599981307983, -1e+100, 103761.9825803936
180.2630000114441, -1e+100, 103761.9825803936
180.27999997138977, -1e+100, 103761.9825803936
180.29199981689453, -1e+100, 103761.9825803936
180.30499982833862, -1e+100, 103761.9825803936
180.31699991226196, -1e+100, 103761.9825803936
180.3309998512268, -1e+100, 103761.9825803936
180.34799981117249, -1e+100, 103761.09004940411
181.70299983024597, -1e+100, 103761.09004940411
181.70299983024597, -1e+100, 103761.09004940411
181.71999979019165, -1e+100, 103761.09004940411
181.71999979019165, -1e+100, 103761.09004940411
181.731999874115, -1e+100, 103761.09004940411
183.50099992752075, -1e+100, 103760.94814065768
183.50699996948242, -1e+100, 103760.94814065768
183.5130000114441, -1e+100, 103760.94814065768
183.52300000190735, -1e+100, 103760.94814065768
183.5369999408722, -1e+100, 103760.94814065768
185.16999983787537, -1e+100, 103755.76772195783
185.16999983787537, -1e+100, 103755.76772195783
185.18899989128113, -1e+100, 103755.76772195783
185.1909999847412, -1e+100, 103754.94597151299
185.2059998512268, -1e+100, 103754.94597151299
185.2099997997284, -1e+100, 103754.94597151299
185.22099995613098, -1e+100, 103754.94597151299
185.22099995613098, -1e+100, 103754.94597151299
185.22099995613098, -1e+100, 103754.94597151299
185.24199986457825, -1e+100, 103754.94597151299
185.25, -1e+100, 103754.94597151299
185.25899982452393, -1e+100, 103754.94597151299
185.2699999809265, -1e+100, 103754.94597151299
185.2699999809265, -1e+100, 103754.94597151299
186.85099983215332, -1e+100, 103754.94597151299
186.8659999370575, -1e+100, 103754.94597151299
186.8659999370575, -1e+100, 103754.94597151299
186.8789999485016, -1e+100, 103754.94597151299
186.88299989700317, -1e+100, 103754.94597151299
186.89599990844727, -1e+100, 103754.94597151299
186.89999985694885, -1e+100, 103754.94597151299
186.89999985694885, -1e+100, 103754.94597151299
186.91100001335144, -1e+100, 103754.94597151299
188.62099981307983, -1e+100, 103754.94597151299
188.62099981307983, -1e+100, 103754.94597151299
188.63899993896484, -1e+100, 103754.94597151299
188.6449999809265, -1e+100, 103754.94597151299
188.6489999294281, -1e+100, 103749.38335172724
188.6579999923706, -1e+100, 103749.38335172724
188.66499996185303, -1e+100, 103748.2244963118
190.27199983596802, -1e+100, 103748.2244963118
190.27699995040894, -1e+100, 103748.2244963118
190.2869999408722, -1e+100, 103748.2244963118
190.29399991035461, -1e+100, 103748.2244963118
190.3019998073578, -1e+100, 103748.2244963118
190.3019998073578, -1e+100, 103748.2244963118
191.92599987983704, -1e+100, 103748.2244963118
191.93699979782104, -1e+100, 103748.2244963118
191.94299983978271, -1e+100, 103748.2244963118
191.95199990272522, -1e+100, 103748.2244963118
191.9599997997284, -1e+100, 103748.2244963118
191.9599997997284, -1e+100, 103748.2244963118
191.97099995613098, -1e+100, 103748.2244963118
191.97699999809265, -1e+100, 103748.2244963118
191.98499989509583, -1e+100, 103748.2244963118
191.9889998435974, -1e+100, 103748.2244963118
191.99599981307983, -1e+100, 103748.2244963118
192.00300002098083, -1e+100, 103748.2244963118
192.010999917984, -1e+100, 103748.2244963118
192.01699995994568, -1e+100, 103748.2244963118
192.02300000190735, -1e+100, 103748.2244963118
192.02999997138977, -1e+100, 103748.2244963118
193.7300000190735, -1e+100, 103748.2244963118
193.7369999885559, -1e+100, 103748.2244963118
193.74499988555908, -1e+100, 103748.2244963118
193.75099992752075, -1e+100, 103748.2244963118
195.260999917984, -1e+100, 103748.2244963118
195.27099990844727, -1e+100, 103748.2244963118
195.2829999923706, -1e+100, 103748.2244963118
195.2829999923706, -1e+100, 103748.2244963118
195.2960000038147, -1e+100, 103748.2244963118
197.06799983978271, -1e+100, 103742.94142274997
197.0829999446869, -1e+100, 103740.16846983202
197.0829999446869, -1e+100, 103740.16846983202
197.09699988365173, -1e+100, 103740.16846983202
197.1050000190735, -1e+100, 103740.16846983202
197.10899996757507, -1e+100, 103740.16846983202
197.11899995803833, -1e+100, 103740.16846983202
197.12199997901917, -1e+100, 103740.16846983202
198.84499979019165, -1e+100, 103740.16846983202
198.85899996757507, -1e+100, 103740.16846983202
198.86099982261658, -1e+100, 103739.68538395718
198.86099982261658, -1e+100, 103739.68538395718
198.8789999485016, -1e+100, 103739.68538395718
198.8789999485016, -1e+100, 103739.68538395718
198.8899998664856, -1e+100, 103739.68538395718
198.89599990844727, -1e+100, 103739.68538395718
198.91299986839294, -1e+100, 103739.68538395718
200.6639997959137, -1e+100, 103739.68538395718
200.66699981689453, -1e+100, 103739.68538395718
200.66699981689453, -1e+100, 103739.68538395718
200.68899989128113, -1e+100, 103739.68538395718
200.69799995422363, -1e+100, 103739.3141044738
200.70299983024597, -1e+100, 103739.3141044738
200.7189998626709, -1e+100, 103737.68379848008
200.72899985313416, -1e+100, 103737.68379848008
200.73499989509583, -1e+100, 103737.68379848008
200.7409999370575, -1e+100, 103737.68379848008
200.74899983406067, -1e+100, 103737.68379848008
202.46999979019165, -1e+100, 103737.68379848008
202.48099994659424, -1e+100, 103737.68379848008
202.48799991607666, -1e+100, 103737.14886708764
202.49599981307983, -1e+100, 103737.14886708764
202.5039999485016, -1e+100, 103737.14886708764
202.50999999046326, -1e+100, 103737.14886708764
202.51699995994568, -1e+100, 103737.14886708764
202.52300000190735, -1e+100, 103737.14886708764
204.21199989318848, -1e+100, 103731.07454216432
204.21799993515015, -1e+100, 103731.07454216432
204.22399997711182, -1e+100, 103731.07454216432
204.23299980163574, -1e+100, 103731.07454216432
204.2389998435974, -1e+100, 103731.07454216432
205.73799991607666, -1e+100, 103731.07454216432
205.75300002098083, -1e+100, 103731.07454216432
205.76399993896484, -1e+100, 103731.07454216432
207.62599992752075, -1e+100, 103730.43746944856
207.63399982452393, -1e+100, 103730.43746944856
207.64199995994568, -1e+100, 103730.43746944856
207.6489999294281, -1e+100, 103730.43746944856
207.6489999294281, -1e+100, 103730.43746944856
207.6489999294281, -1e+100, 103730.43746944856
207.66499996185303, -1e+100, 103730.43746944856
207.66499996185303, -1e+100, 103730.43746944856
207.67899990081787, -1e+100, 103727.77490279329
207.68099999427795, -1e+100, 103727.14862198051
207.69799995422363, -1e+100, 103726.6815276809
209.40699982643127, -1e+100, 103726.6815276809
209.41599988937378, -1e+100, 103726.6815276809
209.42199993133545, -1e+100, 103726.6815276809
209.42499995231628, -1e+100, 103726.6815276809
209.43799996376038, -1e+100, 103726.56857610027
209.44700002670288, -1e+100, 103726.56857610027
209.4539999961853, -1e+100, 103726.56857610027
209.46299982070923, -1e+100, 103726.56857610027
211.20199990272522, -1e+100, 103726.56857610027
211.2039999961853, -1e+100, 103726.23948007441
211.2189998626709, -1e+100, 103726.23948007441
211.22599983215332, -1e+100, 103726.23948007441
211.23799991607666, -1e+100, 103726.23948007441
212.98299980163574, -1e+100, 103724.59187848392
212.99199986457825, -1e+100, 103724.59187848392
212.99799990653992, -1e+100, 103724.59187848392
213.00499987602234, -1e+100, 103724.59187848392
213.010999917984, -1e+100, 103724.59187848392
213.01899981498718, -1e+100, 103724.59187848392
213.02999997138977, -1e+100, 103724.59187848392
214.66299986839294, -1e+100, 103723.53634042563
214.6710000038147, -1e+100, 103723.53634042563
214.67199993133545, -1e+100, 103723.53634042563
214.67199993133545, -1e+100, 103723.30387440197
214.68699979782104, -1e+100, 103722.14584377273
216.3880000114441, -1e+100, 103721.81407944823
216.40499997138977, -1e+100, 103721.81407944823
216.40499997138977, -1e+100, 103721.81407944823
216.42499995231628, -1e+100, 103721.81407944823
216.42499995231628, -1e+100, 103721.81407944823
216.43999981880188, -1e+100, 103721.81407944823
216.44599986076355, -1e+100, 103721.43691043455
216.4559998512268, -1e+100, 103721.43691043455
216.46799993515015, -1e+100, 103721.43691043455
218.2519998550415, -1e+100, 103721.43691043455
218.260999917984, -1e+100, 103721.43691043455
218.26799988746643, -1e+100, 103721.43691043455
218.27600002288818, -1e+100, 103721.43691043455
218.28399991989136, -1e+100, 103721.43691043455
218.2889997959137, -1e+100, 103721.43691043455
218.29699993133545, -1e+100, 103720.62961230626
218.30399990081787, -1e+100, 103720.62961230626
218.3090000152588, -1e+100, 103720.62961230626
218.3090000152588, -1e+100, 103720.62961230626
220.0279998779297, -1e+100, 103720.62961230626
220.0279998779297, -1e+100, 103720.62961230626
220.04299998283386, -1e+100, 103720.62961230626
220.05099987983704, -1e+100, 103720.62961230626
220.05499982833862, -1e+100, 103720.62961230626
220.06299996376038, -1e+100, 103720.62961230626
220.06299996376038, -1e+100, 103720.62961230626
220.0789999961853, -1e+100, 103720.62961230626
220.08699989318848, -1e+100, 103720.62961230626
220.09699988365173, -1e+100, 103720.62961230626
221.8439998626709, -1e+100, 103720.62961230626
221.86099982261658, -1e+100, 103719.16753816369
221.86099982261658, -1e+100, 103719.16753816369
221.86099982261658, -1e+100, 103719.16753816369
221.8769998550415, -1e+100, 103719.16753816369
223.43499994277954, -1e+100, 103719.16753816369
223.43899989128113, -1e+100, 103719.16753816369
223.43899989128113, -1e+100, 103719.16753816369
223.4579999446869, -1e+100, 103719.16753816369
223.46399998664856, -1e+100, 103719.16753816369
223.47099995613098, -1e+100, 103719.16753816369
225.2869999408722, -1e+100, 103717.8008893577
225.2979998588562, -1e+100, 103717.8008893577
225.30599999427795, -1e+100, 103717.8008893577
225.31299996376038, -1e+100, 103717.8008893577
225.31299996376038, -1e+100, 103717.8008893577
225.32699990272522, -1e+100, 103717.8008893577
225.3329999446869, -1e+100, 103717.8008893577
225.3399999141693, -1e+100, 103717.8008893577
225.34599995613098, -1e+100, 103717.8008893577
225.3529999256134, -1e+100, 103717.8008893577
225.35999989509583, -1e+100, 103717.8008893577
225.36099982261658, -1e+100, 103717.8008893577
225.36099982261658, -1e+100, 103717.8008893577
225.36099982261658, -1e+100, 103717.8008893577
227.2149999141693, -1e+100, 103716.66371452456
227.2149999141693, -1e+100, 103716.66371452456
227.231999874115, -1e+100, 103716.66371452456
227.24499988555908, -1e+100, 103716.66371452456
227.24899983406067, -1e+100, 103716.66371452456
227.24899983406067, -1e+100, 103716.66371452456
227.2630000114441, -1e+100, 103716.66371452456
227.26599979400635, -1e+100, 103716.66371452456
227.27999997138977, -1e+100, 103716.66371452456
229.14800000190735, -1e+100, 103716.66371452456
229.15699982643127, -1e+100, 103716.66371452456
229.16299986839294, -1e+100, 103716.66371452456
229.16799998283386, -1e+100, 103716.66371452456
229.1710000038147, -1e+100, 103716.66371452456
229.1710000038147, -1e+100, 103716.66371452456
229.1710000038147, -1e+100, 103716.66371452456
229.19299983978271, -1e+100, 103716.66371452456
229.19999980926514, -1e+100, 103716.66371452456
229.20700001716614, -1e+100, 103716.66371452456
230.86899995803833, -1e+100, 103716.66371452456
230.88299989700317, -1e+100, 103716.66371452456
230.89299988746643, -1e+100, 103716.66371452456
230.89299988746643, -1e+100, 103716.66371452456
230.90399980545044, -1e+100, 103716.66371452456
230.90399980545044, -1e+100, 103716.66371452456
230.92199993133545, -1e+100, 103716.66371452456
230.92899990081787, -1e+100, 103716.66371452456
230.93499994277954, -1e+100, 103716.66371452456
230.94199991226196, -1e+100, 103716.66371452456
232.68899989128113, -1e+100, 103716.66371452456
232.7059998512268, -1e+100, 103716.66371452456
232.7059998512268, -1e+100, 103716.66371452456
232.72299981117249, -1e+100, 103716.66371452456
232.72299981117249, -1e+100, 103716.66371452456
232.73499989509583, -1e+100, 103711.96677782557
232.74000000953674, -1e+100, 103711.96677782557
232.7519998550415, -1e+100, 103711.7672402032
232.75699996948242, -1e+100, 103711.7672402032
232.76699995994568, -1e+100, 103711.7672402032
232.7739999294281, -1e+100, 103711.7672402032
232.78600001335144, -1e+100, 103711.7672402032
232.7960000038147, -1e+100, 103711.7672402032
234.6769998073578, -1e+100, 103711.71217696798
234.67799997329712, -1e+100, 103711.71217696798
234.6949999332428, -1e+100, 103708.69598766445
234.6949999332428, -1e+100, 103708.69598766445
236.28199982643127, -1e+100, 103708.69598766445
236.28799986839294, -1e+100, 103708.69598766445
236.3019998073578, -1e+100, 103708.69598766445
236.3109998703003, -1e+100, 103708.69598766445
236.3159999847412, -1e+100, 103708.69598766445
238.12199997901917, -1e+100, 103708.39073732747
238.1289999485016, -1e+100, 103708.39073732747
238.135999917984, -1e+100, 103708.39073732747
238.14399981498718, -1e+100, 103707.86930518046
238.15100002288818, -1e+100, 103707.86930518046
238.1599998474121, -1e+100, 103707.86930518046
238.16899991035461, -1e+100, 103707.86930518046
238.17599987983704, -1e+100, 103707.86930518046
238.17599987983704, -1e+100, 103707.86930518046
238.17599987983704, -1e+100, 103707.86930518046
238.19199991226196, -1e+100, 103707.86930518046
238.19199991226196, -1e+100, 103706.88436205388
240.01899981498718, -1e+100, 103706.88436205388
240.0349998474121, -1e+100, 103706.88436205388
240.04399991035461, -1e+100, 103706.88436205388
240.05299997329712, -1e+100, 103706.88436205388
240.06299996376038, -1e+100, 103706.88436205388
240.07299995422363, -1e+100, 103706.88436205388
240.0829999446869, -1e+100, 103706.88436205388
241.99699997901917, -1e+100, 103706.88436205388
242.00799989700317, -1e+100, 103706.88436205388
242.01599979400635, -1e+100, 103706.88436205388
242.02499985694885, -1e+100, 103706.3018685173
242.03099989891052, -1e+100, 103706.3018685173
242.0369999408722, -1e+100, 103706.3018685173
242.04399991035461, -1e+100, 103705.50466081634
242.04999995231628, -1e+100, 103705.50466081634
242.05799984931946, -1e+100, 103705.50466081634
242.06499981880188, -1e+100, 103705.50466081634
242.07200002670288, -1e+100, 103705.50466081634
242.07799983024597, -1e+100, 103705.37568185794
242.08599996566772, -1e+100, 103705.37568185794
243.7960000038147, -1e+100, 103705.37568185794
243.8069999217987, -1e+100, 103705.37568185794
243.81499981880188, -1e+100, 103705.37568185794
243.82499980926514, -1e+100, 103705.37568185794
243.83200001716614, -1e+100, 103705.37568185794
243.83799982070923, -1e+100, 103705.37568185794
243.84599995613098, -1e+100, 103705.37568185794
243.8529999256134, -1e+100, 103705.37568185794
243.86099982261658, -1e+100, 103705.37568185794
243.8659999370575, -1e+100, 103705.37568185794
243.87399983406067, -1e+100, 103705.37568185794
245.87299990653992, -1e+100, 103705.37568185794
245.88499999046326, -1e+100, 103705.37568185794
245.89299988746643, -1e+100, 103705.37568185794
245.89800000190735, -1e+100, 103705.37568185794
245.90899991989136, -1e+100, 103705.37568185794
245.92499995231628, -1e+100, 103705.37568185794
245.93499994277954, -1e+100, 103705.37568185794
245.94599986076355, -1e+100, 103705.37568185794
245.9559998512268, -1e+100, 103705.37568185794
245.9579999446869, -1e+100, 103705.37568185794
245.9579999446869, -1e+100, 103705.37568185794
245.97499990463257, -1e+100, 103705.37568185794
247.7889997959137, -1e+100, 103705.37568185794
247.78999996185303, -1e+100, 103705.37568185794
247.78999996185303, -1e+100, 103705.37568185794
247.8069999217987, -1e+100, 103705.37568185794
247.8069999217987, -1e+100, 103705.37568185794
247.82200002670288, -1e+100, 103705.37568185794
247.82399988174438, -1e+100, 103705.37568185794
247.82399988174438, -1e+100, 103705.37568185794
247.84099984169006, -1e+100, 103705.37568185794
247.84099984169006, -1e+100, 103705.37568185794
247.85799980163574, -1e+100, 103705.37568185794
249.6710000038147, -1e+100, 103705.37568185794
249.6840000152588, -1e+100, 103702.47259599346
249.69299983978271, -1e+100, 103702.47259599346
249.70099997520447, -1e+100, 103702.47259599346
249.70700001716614, -1e+100, 103702.47259599346
249.71399998664856, -1e+100, 103702.47259599346
249.71799993515015, -1e+100, 103702.47259599346
249.72399997711182, -1e+100, 103702.47259599346
249.73099994659424, -1e+100, 103702.47259599346
249.74000000953674, -1e+100, 103702.47259599346
249.75, -1e+100, 103702.47259599346
251.52499985694885, -1e+100, 103702.47259599346
251.52499985694885, -1e+100, 103702.47259599346
251.5460000038147, -1e+100, 103702.47259599346
251.5460000038147, -1e+100, 103702.47259599346
251.56900000572205, -1e+100, 103702.47259599346
251.5789999961853, -1e+100, 103702.47259599346
251.5849997997284, -1e+100, 103702.47259599346
251.59299993515015, -1e+100, 103702.47259599346
251.59999990463257, -1e+100, 103701.06438549716
251.606999874115, -1e+100, 103701.06438549716
251.61099982261658, -1e+100, 103701.06438549716
251.61099982261658, -1e+100, 103701.06438549716
251.63199996948242, -1e+100, 103701.06438549716
253.4269998073578, -1e+100, 103701.06438549716
253.43499994277954, -1e+100, 103701.06438549716
253.43499994277954, -1e+100, 103701.06438549716
253.44299983978271, -1e+100, 103701.06438549716
253.44999980926514, -1e+100, 103701.06438549716
253.4599997997284, -1e+100, 103700.72516470989
253.46599984169006, -1e+100, 103700.72516470989
253.46599984169006, -1e+100, 103700.72516470989
253.4779999256134, -1e+100, 103700.72516470989
255.07799983024597, -1e+100, 103700.72516470989
255.08799982070923, -1e+100, 103700.72516470989
255.09599995613098, -1e+100, 103700.72516470989
255.1029999256134, -1e+100, 103700.72516470989
255.1119999885559, -1e+100, 103700.72516470989
257.00499987602234, -1e+100, 103700.2518726241
257.0169999599457, -1e+100, 103700.2518726241
257.0260000228882, -1e+100, 103700.2518726241
257.0349998474121, -1e+100, 103700.2518726241
257.04499983787537, -1e+100, 103700.2518726241
257.0549998283386, -1e+100, 103700.2518726241
257.0629999637604, -1e+100, 103700.2518726241
257.07099986076355, -1e+100, 103700.2518726241
257.0769999027252, -1e+100, 103700.2518726241
257.0939998626709, -1e+100, 103700.2518726241
259.0789999961853, -1e+100, 103700.2518726241
259.0829999446869, -1e+100, 103700.2518726241
259.095999956131, -1e+100, 103700.2518726241
259.1009998321533, -1e+100, 103700.2518726241
259.106999874115, -1e+100, 103700.2518726241
259.117999792099, -1e+100, 103700.2518726241
259.12099981307983, -1e+100, 103700.2518726241
259.1319999694824, -1e+100, 103700.2518726241
259.1399998664856, -1e+100, 103700.2518726241
259.14599990844727, -1e+100, 103700.2518726241
259.1569998264313, -1e+100, 103696.57697873272
261.01799988746643, -1e+100, 103696.57697873272
261.0189998149872, -1e+100, 103696.57697873272
261.03799986839294, -1e+100, 103696.57697873272
261.04900002479553, -1e+100, 103696.57697873272
261.05599999427795, -1e+100, 103696.57697873272
261.0699999332428, -1e+100, 103696.57697873272
261.07299995422363, -1e+100, 103696.57697873272
261.07299995422363, -1e+100, 103696.57697873272
261.09099984169006, -1e+100, 103696.57697873272
261.0989999771118, -1e+100, 103696.57697873272
261.1089999675751, -1e+100, 103696.57697873272
261.11699986457825, -1e+100, 103696.57697873272
263.15499997138977, -1e+100, 103696.57697873272
263.164999961853, -1e+100, 103696.57697873272
263.16999983787537, -1e+100, 103693.3855676027
263.16999983787537, -1e+100, 103693.3855676027
263.18699979782104, -1e+100, 103693.3855676027
263.18699979782104, -1e+100, 103693.3855676027
265.14299988746643, -1e+100, 103693.3855676027
265.1529998779297, -1e+100, 103693.3855676027
265.1569998264313, -1e+100, 103693.3855676027
265.1569998264313, -1e+100, 103693.3855676027
265.18099999427795, -1e+100, 103691.96277092223
267.0829999446869, -1e+100, 103691.35525093289
267.09099984169006, -1e+100, 103691.35525093289
267.0979998111725, -1e+100, 103691.35525093289
267.10599994659424, -1e+100, 103691.35525093289
267.11299991607666, -1e+100, 103691.35525093289
267.11899995803833, -1e+100, 103691.35525093289
267.1269998550415, -1e+100, 103691.35525093289
268.95700001716614, -1e+100, 103691.35525093289
268.95899987220764, -1e+100, 103689.96741048363
268.9729998111725, -1e+100, 103689.96741048363
268.97499990463257, -1e+100, 103689.96741048363
268.9859998226166, -1e+100, 103689.5002105882
268.99199986457825, -1e+100, 103689.5002105882
270.95899987220764, -1e+100, 103689.5002105882
270.9739999771118, -1e+100, 103689.5002105882
270.9839999675751, -1e+100, 103689.5002105882
270.9889998435974, -1e+100, 103689.5002105882
271.00300002098083, -1e+100, 103689.5002105882
271.01199984550476, -1e+100, 103689.5002105882
273.0059998035431, -1e+100, 103689.5002105882
273.00999999046326, -1e+100, 103689.5002105882
273.02300000190735, -1e+100, 103689.5002105882
273.0260000228882, -1e+100, 103689.5002105882
273.0260000228882, -1e+100, 103689.5002105882
273.04299998283386, -1e+100, 103689.5002105882
274.78399991989136, -1e+100, 103689.5002105882
274.79299998283386, -1e+100, 103689.5002105882
274.80399990081787, -1e+100, 103689.5002105882
274.80599999427795, -1e+100, 103689.5002105882
274.80599999427795, -1e+100, 103689.5002105882
274.8239998817444, -1e+100, 103689.5002105882
274.8239998817444, -1e+100, 103689.5002105882
274.83799982070923, -1e+100, 103689.5002105882
274.8399999141693, -1e+100, 103689.5002105882
274.85399985313416, -1e+100, 103689.5002105882
276.76199984550476, -1e+100, 103689.5002105882
276.7739999294281, -1e+100, 103689.5002105882
276.77999997138977, -1e+100, 103687.06084442283
276.7909998893738, -1e+100, 103687.06084442283
276.7979998588562, -1e+100, 103687.06084442283
276.7979998588562, -1e+100, 103684.90296242952
278.7819998264313, -1e+100, 103684.90296242952
278.79199981689453, -1e+100, 103684.90296242952
278.79900002479553, -1e+100, 103684.90296242952
278.80599999427795, -1e+100, 103684.90296242952
278.8139998912811, -1e+100, 103684.90296242952
278.8220000267029, -1e+100, 103684.90296242952
278.82999992370605, -1e+100, 103684.90296242952
278.8369998931885, -1e+100, 103684.90296242952
278.84299993515015, -1e+100, 103684.90296242952
278.84999990463257, -1e+100, 103684.90296242952
280.9069998264313, -1e+100, 103684.90296242952
280.9189999103546, -1e+100, 103684.90296242952
280.92400002479553, -1e+100, 103684.90296242952
280.93699979782104, -1e+100, 103684.90296242952
280.9429998397827, -1e+100, 103684.90296242952
280.9429998397827, -1e+100, 103684.90296242952
280.9599997997284, -1e+100, 103684.90296242952
280.9599997997284, -1e+100, 103684.90296242952
280.9599997997284, -1e+100, 103684.90296242952
280.9800000190735, -1e+100, 103682.31143285614
280.99000000953674, -1e+100, 103682.31143285614
282.9689998626709, -1e+100, 103682.31143285614
282.9779999256134, -1e+100, 103682.31143285614
282.9839999675751, -1e+100, 103682.31143285614
282.9909999370575, -1e+100, 103682.31143285614
282.9979999065399, -1e+100, 103682.2514912309
283.00499987602234, -1e+100, 103682.2514912309
283.010999917984, -1e+100, 103680.66936971463
283.0189998149872, -1e+100, 103680.66936971463
283.02699995040894, -1e+100, 103680.66936971463
283.0349998474121, -1e+100, 103680.66936971463
283.03600001335144, -1e+100, 103680.66936971463
283.03600001335144, -1e+100, 103680.66936971463
283.05099987983704, -1e+100, 103680.66936971463
283.05099987983704, -1e+100, 103680.66936971463
283.05099987983704, -1e+100, 103680.66936971463
285.0479998588562, -1e+100, 103680.66936971463
285.0590000152588, -1e+100, 103680.66936971463
285.06699991226196, -1e+100, 103680.66936971463
285.07599997520447, -1e+100, 103680.66936971463
285.07599997520447, -1e+100, 103680.66936971463
285.09299993515015, -1e+100, 103680.66936971463
285.1029999256134, -1e+100, 103680.66936971463
285.1119999885559, -1e+100, 103680.66936971463
285.1199998855591, -1e+100, 103680.66936971463
285.1289999485016, -1e+100, 103680.66936971463
285.1329998970032, -1e+100, 103679.39648065469
287.220999956131, -1e+100, 103679.39648065469
287.22499990463257, -1e+100, 103679.39648065469
287.2369999885559, -1e+100, 103679.39648065469
287.24199986457825, -1e+100, 103679.39648065469
287.2519998550415, -1e+100, 103679.39648065469
287.2579998970032, -1e+100, 103679.39648065469
287.2669999599457, -1e+100, 103679.39648065469
287.2739999294281, -1e+100, 103679.39648065469
289.3159999847412, -1e+100, 103679.39648065469
289.3239998817444, -1e+100, 103679.39648065469
289.3309998512268, -1e+100, 103679.39648065469
289.33899998664856, -1e+100, 103679.39648065469
289.34699988365173, -1e+100, 103679.39648065469
289.3529999256134, -1e+100, 103679.39648065469
289.35799980163574, -1e+100, 103679.39648065469
289.3619999885559, -1e+100, 103679.39648065469
289.3729999065399, -1e+100, 103679.39648065469
289.3789999485016, -1e+100, 103678.59777140786
289.3880000114441, -1e+100, 103678.59777140786
289.39599990844727, -1e+100, 103678.59777140786
289.40499997138977, -1e+100, 103678.59777140786
289.41299986839294, -1e+100, 103678.59777140786
291.12800002098083, -1e+100, 103678.59777140786
291.14099979400635, -1e+100, 103678.59777140786
291.14999985694885, -1e+100, 103678.59777140786
291.1529998779297, -1e+100, 103678.59777140786
293.09299993515015, -1e+100, 103678.59777140786
293.10199999809265, -1e+100, 103678.59777140786
293.1099998950958, -1e+100, 103678.59777140786
293.11899995803833, -1e+100, 103678.59777140786
293.1269998550415, -1e+100, 103678.59777140786
293.1339998245239, -1e+100, 103678.59777140786
293.14299988746643, -1e+100, 103673.7643156581
293.14999985694885, -1e+100, 103673.7643156581
293.15899991989136, -1e+100, 103673.7643156581
293.16799998283386, -1e+100, 103673.7643156581
293.1710000038147, -1e+100, 103673.7643156581
293.1710000038147, -1e+100, 103673.7643156581
293.18699979782104, -1e+100, 103673.7643156581
293.18699979782104, -1e+100, 103673.7643156581
293.18699979782104, -1e+100, 103673.7643156581
293.2039999961853, -1e+100, 103673.7643156581
293.2170000076294, -1e+100, 103673.7643156581
293.2239999771118, -1e+100, 103673.7643156581
293.2300000190735, -1e+100, 103673.11455524238
295.4489998817444, -1e+100, 103672.97585551275
295.46999979019165, -1e+100, 103672.89647960436
295.470999956131, -1e+100, 103672.89647960436
295.48799991607666, -1e+100, 103672.89647960436
295.49599981307983, -1e+100, 103672.7057470465
295.5019998550415, -1e+100, 103672.36940281959
295.5079998970032, -1e+100, 103672.36940281959
295.51599979400635, -1e+100, 103672.07480631734
295.52300000190735, -1e+100, 103672.07480631734
295.52899980545044, -1e+100, 103672.07480631734
295.5329999923706, -1e+100, 103671.87783033053
295.5329999923706, -1e+100, 103671.84147064922
295.5329999923706, -1e+100, 103671.84147064922
297.65899991989136, -1e+100, 103671.84147064922
297.6659998893738, -1e+100, 103671.84147064922
297.67199993133545, -1e+100, 103671.84147064922
297.6729998588562, -1e+100, 103671.84147064922
297.6729998588562, -1e+100, 103671.25586627169
297.69400000572205, -1e+100, 103671.25586627169
299.8489999771118, -1e+100, 103671.25586627169
299.8509998321533, -1e+100, 103671.25586627169
299.8509998321533, -1e+100, 103671.25586627169
299.86899995803833, -1e+100, 103671.25586627169
299.86899995803833, -1e+100, 103671.25586627169
299.8819999694824, -1e+100, 103671.25586627169
299.88499999046326, -1e+100, 103671.25586627169
301.80799984931946, -1e+100, 103671.25586627169
301.8129999637604, -1e+100, 103671.25586627169
301.8269999027252, -1e+100, 103670.65747306096
301.8349997997284, -1e+100, 103670.65747306096
301.84499979019165, -1e+100, 103670.65747306096
301.84699988365173, -1e+100, 103670.65747306096
301.86500000953674, -1e+100, 103670.65747306096
301.87099981307983, -1e+100, 103670.65747306096
301.8769998550415, -1e+100, 103670.65747306096
301.8839998245239, -1e+100, 103670.65747306096
303.8399999141693, -1e+100, 103670.65747306096
303.8489999771118, -1e+100, 103670.65747306096
303.856999874115, -1e+100, 103670.65747306096
303.86699986457825, -1e+100, 103670.65747306096
303.87399983406067, -1e+100, 103670.65747306096
305.9010000228882, -1e+100, 103670.65747306096
305.9069998264313, -1e+100, 103670.65747306096
305.9269998073578, -1e+100, 103670.65747306096
305.9269998073578, -1e+100, 103670.65747306096
305.9429998397827, -1e+100, 103670.65747306096
305.9519999027252, -1e+100, 103670.65747306096
305.9609999656677, -1e+100, 103670.65747306096
305.96999979019165, -1e+100, 103670.65747306096
305.9759998321533, -1e+100, 103670.65747306096
305.9759998321533, -1e+100, 103670.65747306096
308.00300002098083, -1e+100, 103670.65747306096
308.0189998149872, -1e+100, 103670.65747306096
308.0189998149872, -1e+100, 103670.65747306096
308.0349998474121, -1e+100, 103670.65747306096
308.0349998474121, -1e+100, 103670.65747306096
308.04699993133545, -1e+100, 103666.50803487969
308.04900002479553, -1e+100, 103666.50803487969
310.14299988746643, -1e+100, 103666.50803487969
310.15399980545044, -1e+100, 103666.50803487969
310.1569998264313, -1e+100, 103666.50803487969
310.1710000038147, -1e+100, 103666.50803487969
310.1879999637604, -1e+100, 103666.50803487969
310.19799995422363, -1e+100, 103666.50803487969
310.2059998512268, -1e+100, 103666.50803487969
310.2170000076294, -1e+100, 103666.50803487969
310.22199988365173, -1e+100, 103666.50803487969
310.22199988365173, -1e+100, 103666.50803487969
310.2389998435974, -1e+100, 103666.50803487969
310.2539999485016, -1e+100, 103666.50803487969
310.2539999485016, -1e+100, 103666.50803487969
310.27699995040894, -1e+100, 103666.50803487969
312.2999999523163, -1e+100, 103666.50803487969
312.30799984931946, -1e+100, 103666.50803487969
312.31199979782104, -1e+100, 103666.50803487969
312.31199979782104, -1e+100, 103666.50803487969
312.3289999961853, -1e+100, 103666.50803487969
312.3289999961853, -1e+100, 103666.50803487969
312.3439998626709, -1e+100, 103666.50803487969
312.345999956131, -1e+100, 103661.46318965622
312.3599998950958, -1e+100, 103661.46318965622
312.36299991607666, -1e+100, 103661.46318965622
312.375, -1e+100, 103661.46318965622
314.5699999332428, -1e+100, 103661.46318965622
314.5869998931885, -1e+100, 103661.46318965622
314.5869998931885, -1e+100, 103661.46318965622
314.60399985313416, -1e+100, 103661.46318965622
314.60399985313416, -1e+100, 103660.7733591592
314.6229999065399, -1e+100, 103660.7733591592
314.6229999065399, -1e+100, 103660.7733591592
314.6419999599457, -1e+100, 103660.7733591592
314.64999985694885, -1e+100, 103660.7733591592
314.6569998264313, -1e+100, 103659.31625118693
314.6689999103546, -1e+100, 103659.31625118693
314.6729998588562, -1e+100, 103659.10045725416
314.6729998588562, -1e+100, 103659.10045725416
316.36899995803833, -1e+100, 103659.10045725416
316.3729999065399, -1e+100, 103659.10045725416
318.49000000953674, -1e+100, 103659.10045725416
318.5, -1e+100, 103658.26075684221
318.5089998245239, -1e+100, 103658.26075684221
318.51599979400635, -1e+100, 103658.26075684221
318.5239999294281, -1e+100, 103658.26075684221
320.61699986457825, -1e+100, 103658.02372310251
320.625, -1e+100, 103658.02372310251
320.6319999694824, -1e+100, 103658.02372310251
320.6399998664856, -1e+100, 103658.02372310251
320.64599990844727, -1e+100, 103658.02372310251
320.64800000190735, -1e+100, 103658.02372310251
320.64800000190735, -1e+100, 103658.02372310251
320.66799998283386, -1e+100, 103658.02372310251
320.6749999523163, -1e+100, 103658.02372310251
320.68099999427795, -1e+100, 103658.02372310251
322.7189998626709, -1e+100, 103658.02372310251
322.731999874115, -1e+100, 103658.02372310251
322.7349998950958, -1e+100, 103658.02372310251
322.74899983406067, -1e+100, 103658.02372310251
322.7519998550415, -1e+100, 103658.02372310251
322.7519998550415, -1e+100, 103658.02372310251
322.7689998149872, -1e+100, 103658.02372310251
322.7689998149872, -1e+100, 103658.02372310251
322.7869999408722, -1e+100, 103658.02372310251
322.7960000038147, -1e+100, 103658.02372310251
324.9489998817444, -1e+100, 103658.02372310251
324.9579999446869, -1e+100, 103658.02372310251
324.9649999141693, -1e+100, 103658.02372310251
324.97499990463257, -1e+100, 103658.02372310251
324.981999874115, -1e+100, 103658.02372310251
324.99399995803833, -1e+100, 103658.02372310251
324.99899983406067, -1e+100, 103658.02372310251
325.0069999694824, -1e+100, 103658.02372310251
325.0130000114441, -1e+100, 103658.02372310251
325.0199999809265, -1e+100, 103658.02372310251
327.375, -1e+100, 103658.02372310251
327.3880000114441, -1e+100, 103658.02372310251
327.3989999294281, -1e+100, 103658.02372310251
329.9139997959137, -1e+100, 103650.64012469025
329.92199993133545, -1e+100, 103650.64012469025
329.92400002479553, -1e+100, 103650.64012469025
329.92400002479553, -1e+100, 103650.64012469025
329.9409999847412, -1e+100, 103650.64012469025
329.9409999847412, -1e+100, 103650.64012469025
329.9579999446869, -1e+100, 103650.64012469025
329.9579999446869, -1e+100, 103650.64012469025
329.97499990463257, -1e+100, 103650.64012469025
329.97499990463257, -1e+100, 103650.64012469025
329.99399995803833, -1e+100, 103650.64012469025
330.0089998245239, -1e+100, 103650.64012469025
330.021999835968, -1e+100, 103650.64012469025
332.4739999771118, -1e+100, 103650.64012469025
332.4839999675751, -1e+100, 103650.64012469025
332.49599981307983, -1e+100, 103650.64012469025
332.50499987602234, -1e+100, 103648.20451614574
334.55599999427795, -1e+100, 103648.20451614574
334.5659999847412, -1e+100, 103648.20451614574
334.5769999027252, -1e+100, 103648.20451614574
336.8269999027252, -1e+100, 103645.76698227286
336.8359999656677, -1e+100, 103645.76698227286
336.84499979019165, -1e+100, 103645.76698227286
336.8509998321533, -1e+100, 103645.76698227286
336.86299991607666, -1e+100, 103645.76698227286
336.86500000953674, -1e+100, 103645.76698227286
336.86500000953674, -1e+100, 103645.76698227286
336.8839998245239, -1e+100, 103645.76698227286
336.89299988746643, -1e+100, 103645.76698227286
336.90199995040894, -1e+100, 103645.76698227286
336.90899991989136, -1e+100, 103645.76698227286
336.9139997959137, -1e+100, 103645.76698227286
336.9139997959137, -1e+100, 103645.76698227286
336.9139997959137, -1e+100, 103645.76698227286
336.93099999427795, -1e+100, 103645.76698227286
336.93099999427795, -1e+100, 103645.76698227286
339.3019998073578, -1e+100, 103645.76698227286
339.30999994277954, -1e+100, 103644.5207467136
339.30999994277954, -1e+100, 103644.5207467136
339.32499980926514, -1e+100, 103644.5207467136
339.33200001716614, -1e+100, 103644.5207467136
339.33799982070923, -1e+100, 103644.5207467136
339.34499979019165, -1e+100, 103644.5207467136
339.3529999256134, -1e+100, 103644.5207467136
339.3599998950958, -1e+100, 103644.5207467136
339.3599998950958, -1e+100, 103644.5207467136
341.7059998512268, -1e+100, 103644.5207467136
341.71599984169006, -1e+100, 103644.5207467136
341.72699999809265, -1e+100, 103644.5207467136
341.72899985313416, -1e+100, 103644.5207467136
343.970999956131, -1e+100, 103641.23699928306
343.981999874115, -1e+100, 103641.23699928306
343.98799991607666, -1e+100, 103641.23699928306
343.98799991607666, -1e+100, 103641.23699928306
343.99899983406067, -1e+100, 103641.23699928306
344.00300002098083, -1e+100, 103641.23699928306
344.00300002098083, -1e+100, 103641.23699928306
344.01599979400635, -1e+100, 103641.23699928306
344.0199999809265, -1e+100, 103641.23699928306
344.0349998474121, -1e+100, 103641.23699928306
346.2389998435974, -1e+100, 103641.23699928306
346.24899983406067, -1e+100, 103641.23699928306
346.2589998245239, -1e+100, 103641.23699928306
346.26599979400635, -1e+100, 103641.23699928306
346.26599979400635, -1e+100, 103641.23699928306
346.27999997138977, -1e+100, 103641.23699928306
346.27999997138977, -1e+100, 103641.23699928306
346.30099987983704, -1e+100, 103641.23699928306
346.30799984931946, -1e+100, 103641.23699928306
346.3139998912811, -1e+100, 103641.23699928306
346.3149998188019, -1e+100, 103641.23699928306
346.3149998188019, -1e+100, 103641.23699928306
346.3359999656677, -1e+100, 103641.23699928306
346.34499979019165, -1e+100, 103641.23699928306
346.34699988365173, -1e+100, 103641.23699928306
346.34699988365173, -1e+100, 103641.23699928306
348.27099990844727, -1e+100, 103641.23699928306
348.2779998779297, -1e+100, 103637.22553786967
348.28399991989136, -1e+100, 103637.22553786967
348.2909998893738, -1e+100, 103636.55490807694
348.29900002479553, -1e+100, 103636.55490807694
348.3069999217987, -1e+100, 103636.55490807694
350.51799988746643, -1e+100, 103636.55490807694
350.5189998149872, -1e+100, 103631.24136968762
350.5349998474121, -1e+100, 103631.24136968762
350.539999961853, -1e+100, 103631.24136968762
350.5460000038147, -1e+100, 103631.24136968762
350.5549998283386, -1e+100, 103631.24136968762
350.5679998397827, -1e+100, 103631.18045401815
350.5789999961853, -1e+100, 103630.88158427039
350.58899998664856, -1e+100, 103629.92533143616
350.595999956131, -1e+100, 103629.92533143616
352.91799998283386, -1e+100, 103629.92533143616
352.92199993133545, -1e+100, 103629.92533143616
352.93099999427795, -1e+100, 103629.92533143616
352.9379999637604, -1e+100, 103629.92533143616
352.94799995422363, -1e+100, 103629.92533143616
352.95499992370605, -1e+100, 103629.92533143616
355.27699995040894, -1e+100, 103629.92533143616
355.29499983787537, -1e+100, 103629.92533143616
355.3029999732971, -1e+100, 103629.92533143616
355.3109998703003, -1e+100, 103629.92533143616
355.3139998912811, -1e+100, 103629.92533143616
355.3139998912811, -1e+100, 103629.92533143616
355.327999830246, -1e+100, 103629.92533143616
355.32999992370605, -1e+100, 103629.92533143616
355.34699988365173, -1e+100, 103629.92533143616
357.6889998912811, -1e+100, 103629.92533143616
357.6889998912811, -1e+100, 103629.92533143616
357.7059998512268, -1e+100, 103626.00582314102
357.7229998111725, -1e+100, 103626.00582314102
359.69799995422363, -1e+100, 103626.00582314102
359.7059998512268, -1e+100, 103626.00582314102
359.70700001716614, -1e+100, 103626.00582314102
359.70700001716614, -1e+100, 103626.00582314102
361.9139997959137, -1e+100, 103626.00582314102
361.9249999523163, -1e+100, 103626.00582314102
361.93499994277954, -1e+100, 103626.00582314102
361.9379999637604, -1e+100, 103622.96297935859
364.2889997959137, -1e+100, 103622.96297935859
364.29699993133545, -1e+100, 103622.96297935859
364.3029999732971, -1e+100, 103622.96297935859
364.3029999732971, -1e+100, 103622.96297935859
364.31900000572205, -1e+100, 103622.96297935859
364.3220000267029, -1e+100, 103622.96297935859
364.3220000267029, -1e+100, 103622.96297935859
364.34099984169006, -1e+100, 103622.96297935859
366.5309998989105, -1e+100, 103622.96297935859
366.5479998588562, -1e+100, 103622.96297935859
366.5590000152588, -1e+100, 103622.96297935859
366.5659999847412, -1e+100, 103622.96297935859
366.57099986076355, -1e+100, 103620.5211307776
366.5809998512268, -1e+100, 103620.5211307776
366.58399987220764, -1e+100, 103620.5211307776
366.59999990463257, -1e+100, 103620.5211307776
368.9389998912811, -1e+100, 103619.24116387448
368.9449999332428, -1e+100, 103619.24116387448
368.952999830246, -1e+100, 103619.24116387448
368.9619998931885, -1e+100, 103619.24116387448
368.9689998626709, -1e+100, 103619.24116387448
368.96999979019165, -1e+100, 103619.24116387448
368.9779999256134, -1e+100, 103619.24116387448
368.9849998950958, -1e+100, 103619.24116387448
368.99599981307983, -1e+100, 103619.24116387448
369.00499987602234, -1e+100, 103619.24116387448
371.07099986076355, -1e+100, 103619.24116387448
371.07099986076355, -1e+100, 103619.24116387448
371.08799982070923, -1e+100, 103619.24116387448
373.41699981689453, -1e+100, 103619.10940760677
373.43299984931946, -1e+100, 103619.10940760677
373.44400000572205, -1e+100, 103617.08392173589
373.45099997520447, -1e+100, 103617.08392173589
373.4619998931885, -1e+100, 103617.08392173589
373.4670000076294, -1e+100, 103617.08392173589
373.4670000076294, -1e+100, 103617.08392173589
373.4779999256134, -1e+100, 103617.08392173589
375.8109998703003, -1e+100, 103615.56759595576
375.8139998912811, -1e+100, 103615.56759595576
375.8289999961853, -1e+100, 103615.56759595576
375.8349997997284, -1e+100, 103615.56759595576
375.84099984169006, -1e+100, 103615.56759595576
375.8489999771118, -1e+100, 103615.56759595576
375.8599998950958, -1e+100, 103615.56759595576
378.1089999675751, -1e+100, 103615.56759595576
378.11500000953674, -1e+100, 103615.56759595576
378.11500000953674, -1e+100, 103615.56759595576
378.12800002098083, -1e+100, 103615.56759595576
378.1329998970032, -1e+100, 103615.56759595576
378.13899993896484, -1e+100, 103615.56759595576
378.1439998149872, -1e+100, 103615.56759595576
378.1510000228882, -1e+100, 103615.56759595576
378.1569998264313, -1e+100, 103615.56759595576
378.1579999923706, -1e+100, 103615.56759595576
380.3049998283386, -1e+100, 103615.56759595576
380.31699991226196, -1e+100, 103615.56759595576
380.32599997520447, -1e+100, 103615.56759595576
380.3289999961853, -1e+100, 103615.56759595576
380.3420000076294, -1e+100, 103615.56759595576
382.71399998664856, -1e+100, 103615.56759595576
382.71399998664856, -1e+100, 103615.56759595576
382.72699999809265, -1e+100, 103611.8160781538
382.73099994659424, -1e+100, 103611.8160781538
382.73099994659424, -1e+100, 103611.06791193089
382.74699997901917, -1e+100, 103610.60739253752
382.74699997901917, -1e+100, 103610.60739253752
382.7589998245239, -1e+100, 103610.60739253752
385.1619999408722, -1e+100, 103610.60739253752
385.1619999408722, -1e+100, 103610.60739253752
385.18299984931946, -1e+100, 103610.60739253752
385.19400000572205, -1e+100, 103610.60739253752
385.1989998817444, -1e+100, 103610.60739253752
385.1989998817444, -1e+100, 103610.60739253752
385.2170000076294, -1e+100, 103610.60739253752
385.2239999771118, -1e+100, 103610.60739253752
385.23299980163574, -1e+100, 103610.60739253752
385.24199986457825, -1e+100, 103610.60739253752
385.24599981307983, -1e+100, 103610.60739253752
387.77300000190735, -1e+100, 103610.24406183779
387.78799986839294, -1e+100, 103610.24406183779
387.79900002479553, -1e+100, 103610.24406183779
387.80599999427795, -1e+100, 103610.24406183779
387.8069999217987, -1e+100, 103610.24406183779
387.8069999217987, -1e+100, 103610.24406183779
389.99899983406067, -1e+100, 103606.61479412018
390.00499987602234, -1e+100, 103606.61479412018
390.01599979400635, -1e+100, 103606.61479412018
390.0189998149872, -1e+100, 103606.61479412018
390.0189998149872, -1e+100, 103606.25638319821
390.0349998474121, -1e+100, 103606.25638319821
390.0349998474121, -1e+100, 103606.25638319821
390.0349998474121, -1e+100, 103606.25638319821
390.0569999217987, -1e+100, 103606.25638319821
390.0649998188019, -1e+100, 103606.25638319821
390.0679998397827, -1e+100, 103602.94684601543
392.5260000228882, -1e+100, 103602.94684601543
392.5309998989105, -1e+100, 103602.28197838446
392.5409998893738, -1e+100, 103602.28197838446
392.54900002479553, -1e+100, 103602.28197838446
392.54900002479553, -1e+100, 103602.28197838446
392.5569999217987, -1e+100, 103602.28197838446
392.5649998188019, -1e+100, 103602.28197838446
392.57299995422363, -1e+100, 103602.28197838446
392.58200001716614, -1e+100, 103602.28197838446
392.5899999141693, -1e+100, 103602.28197838446
392.5989999771118, -1e+100, 103602.28197838446
392.6050000190735, -1e+100, 103601.46232939279
395.0899999141693, -1e+100, 103601.46232939279
395.0979998111725, -1e+100, 103601.46232939279
395.10399985313416, -1e+100, 103601.46232939279
395.10399985313416, -1e+100, 103601.2937013899
395.1199998855591, -1e+100, 103601.2937013899
395.12800002098083, -1e+100, 103601.2937013899
397.75999999046326, -1e+100, 103601.21525533641
397.76799988746643, -1e+100, 103601.21525533641
397.7809998989105, -1e+100, 103601.21525533641
400.2369999885559, -1e+100, 103601.21525533641
400.23799991607666, -1e+100, 103601.21525533641
400.2569999694824, -1e+100, 103601.21525533641
400.2569999694824, -1e+100, 103599.26377867808
400.27300000190735, -1e+100, 103599.26377867808
400.27300000190735, -1e+100, 103599.26377867808
400.2960000038147, -1e+100, 103599.26377867808
400.30599999427795, -1e+100, 103599.26377867808
400.3149998188019, -1e+100, 103599.26377867808
400.3220000267029, -1e+100, 103599.26377867808
402.35799980163574, -1e+100, 103599.26377867808
402.35799980163574, -1e+100, 103596.12021785554
402.37199997901917, -1e+100, 103596.12021785554
402.375, -1e+100, 103596.12021785554
402.38699984550476, -1e+100, 103596.12021785554
402.3919999599457, -1e+100, 103595.0670479373
404.79900002479553, -1e+100, 103595.0670479373
404.80399990081787, -1e+100, 103595.0670479373
404.80399990081787, -1e+100, 103595.0670479373
404.8199999332428, -1e+100, 103592.96522617816
404.8199999332428, -1e+100, 103592.96522617816
404.8199999332428, -1e+100, 103592.96522617816
404.8369998931885, -1e+100, 103592.96522617816
404.8369998931885, -1e+100, 103592.96522617816
404.8509998321533, -1e+100, 103592.96522617816
404.85399985313416, -1e+100, 103592.96522617816
404.85399985313416, -1e+100, 103592.96522617816
404.87099981307983, -1e+100, 103592.9620109953
404.87099981307983, -1e+100, 103592.9620109953
407.3989999294281, -1e+100, 103592.9620109953
407.40499997138977, -1e+100, 103592.9620109953
407.41299986839294, -1e+100, 103592.9620109953
407.4210000038147, -1e+100, 103592.9620109953
407.4229998588562, -1e+100, 103592.9620109953
407.4379999637604, -1e+100, 103592.9620109953
407.4399998188019, -1e+100, 103592.9620109953
407.4399998188019, -1e+100, 103592.9620109953
407.46399998664856, -1e+100, 103592.9620109953
407.4739999771118, -1e+100, 103592.9620109953
407.48299980163574, -1e+100, 103592.9620109953
407.49199986457825, -1e+100, 103592.9620109953
407.49199986457825, -1e+100, 103592.9620109953
407.49199986457825, -1e+100, 103592.9620109953
407.5089998245239, -1e+100, 103592.9620109953
409.89599990844727, -1e+100, 103592.9620109953
409.9010000228882, -1e+100, 103592.9620109953
409.9139997959137, -1e+100, 103592.9620109953
409.92400002479553, -1e+100, 103592.9620109953
412.3880000114441, -1e+100, 103592.9620109953
412.4029998779297, -1e+100, 103591.1336487395
412.4099998474121, -1e+100, 103591.1336487395
412.4159998893738, -1e+100, 103591.1336487395
412.42400002479553, -1e+100, 103591.1336487395
412.42400002479553, -1e+100, 103591.1336487395
412.4429998397827, -1e+100, 103591.1336487395
412.4489998817444, -1e+100, 103591.1336487395
412.45899987220764, -1e+100, 103591.1336487395
414.9579999446869, -1e+100, 103591.1336487395
414.9649999141693, -1e+100, 103583.10193981735
414.98099994659424, -1e+100, 103583.10193981735
414.99399995803833, -1e+100, 103583.10193981735
415.00300002098083, -1e+100, 103583.10193981735
415.0089998245239, -1e+100, 103583.10193981735
415.0169999599457, -1e+100, 103583.10193981735
415.02300000190735, -1e+100, 103583.10193981735
415.0309998989105, -1e+100, 103583.10193981735
415.0389997959137, -1e+100, 103583.10193981735
415.0479998588562, -1e+100, 103583.10193981735
415.05399990081787, -1e+100, 103583.10193981735
417.10199999809265, -1e+100, 103583.10193981735
417.10799980163574, -1e+100, 103583.10193981735
417.1159999370575, -1e+100, 103583.10193981735
417.12399983406067, -1e+100, 103583.10193981735
417.1309998035431, -1e+100, 103583.10193981735
417.1399998664856, -1e+100, 103583.10193981735
419.625, -1e+100, 103580.59141815401
419.6319999694824, -1e+100, 103580.59141815401
419.6380000114441, -1e+100, 103580.59141815401
419.6449999809265, -1e+100, 103580.59141815401
419.65399980545044, -1e+100, 103580.59141815401
422.07099986076355, -1e+100, 103580.59141815401
422.0849997997284, -1e+100, 103580.59141815401
422.09299993515015, -1e+100, 103580.59141815401
422.09299993515015, -1e+100, 103580.59141815401
422.10599994659424, -1e+100, 103580.59141815401
422.10599994659424, -1e+100, 103580.59141815401
422.10599994659424, -1e+100, 103580.59141815401
422.12999987602234, -1e+100, 103580.59141815401
422.14299988746643, -1e+100, 103580.59141815401
422.1489999294281, -1e+100, 103580.59141815401
424.664999961853, -1e+100, 103580.59141815401
424.6710000038147, -1e+100, 103580.59141815401
424.6710000038147, -1e+100, 103580.59141815401
424.68699979782104, -1e+100, 103580.59141815401
424.68699979782104, -1e+100, 103580.59141815401
424.702999830246, -1e+100, 103580.59141815401
424.7039999961853, -1e+100, 103580.59141815401
424.7039999961853, -1e+100, 103580.59141815401
424.7229998111725, -1e+100, 103580.59141815401
427.231999874115, -1e+100, 103580.59141815401
427.24399995803833, -1e+100, 103580.59141815401
427.2519998550415, -1e+100, 103580.59141815401
427.2579998970032, -1e+100, 103580.59141815401
427.2649998664856, -1e+100, 103580.59141815401
427.2649998664856, -1e+100, 103573.25939195341
427.2809998989105, -1e+100, 103573.25939195341
427.289999961853, -1e+100, 103573.25939195341
429.8129999637604, -1e+100, 103573.25939195341
429.8129999637604, -1e+100, 103573.25939195341
429.8129999637604, -1e+100, 103573.25939195341
429.82999992370605, -1e+100, 103573.25939195341
429.82999992370605, -1e+100, 103573.25939195341
429.84699988365173, -1e+100, 103573.25939195341
429.86299991607666, -1e+100, 103571.32276774057
429.8769998550415, -1e+100, 103571.32276774057
432.18099999427795, -1e+100, 103569.94021159911
432.20099997520447, -1e+100, 103569.94021159911
432.2079999446869, -1e+100, 103569.94021159911
432.21799993515015, -1e+100, 103569.94021159911
432.21999979019165, -1e+100, 103569.94021159911
432.2300000190735, -1e+100, 103569.94021159911
432.2300000190735, -1e+100, 103569.94021159911
432.2300000190735, -1e+100, 103569.94021159911
432.2479999065399, -1e+100, 103569.94021159911
432.2539999485016, -1e+100, 103569.94021159911
432.26199984550476, -1e+100, 103569.94021159911
432.2699999809265, -1e+100, 103569.94021159911
434.71599984169006, -1e+100, 103569.94021159911
434.72499990463257, -1e+100, 103569.94021159911
434.7349998950958, -1e+100, 103569.94021159911
434.74199986457825, -1e+100, 103569.94021159911
434.74199986457825, -1e+100, 103569.94021159911
434.7569999694824, -1e+100, 103569.94021159911
434.7649998664856, -1e+100, 103569.94021159911
434.77300000190735, -1e+100, 103569.94021159911
434.77999997138977, -1e+100, 103569.94021159911
434.78600001335144, -1e+100, 103569.94021159911
434.7909998893738, -1e+100, 103569.94021159911
434.79900002479553, -1e+100, 103569.94021159911
434.80599999427795, -1e+100, 103569.94021159911
437.3639998435974, -1e+100, 103569.94021159911
437.37800002098083, -1e+100, 103569.94021159911
437.38499999046326, -1e+100, 103569.94021159911
437.38499999046326, -1e+100, 103569.94021159911
437.39999985694885, -1e+100, 103568.71977887621
437.4159998893738, -1e+100, 103568.71977887621
437.42400002479553, -1e+100, 103568.71977887621
437.43099999427795, -1e+100, 103568.71977887621
437.4379999637604, -1e+100, 103566.7265249599
437.4449999332428, -1e+100, 103566.7265249599
437.4489998817444, -1e+100, 103566.7265249599
437.4489998817444, -1e+100, 103566.7265249599
437.4649999141693, -1e+100, 103566.7265249599
440.0479998588562, -1e+100, 103566.7265249599
440.0699999332428, -1e+100, 103566.7265249599
440.08200001716614, -1e+100, 103566.7265249599
442.4649999141693, -1e+100, 103566.7265249599
442.47499990463257, -1e+100, 103566.7265249599
442.4839999675751, -1e+100, 103566.7265249599
442.4889998435974, -1e+100, 103566.7265249599
445.1970000267029, -1e+100, 103566.7265249599
445.20700001716614, -1e+100, 103566.7265249599
445.21399998664856, -1e+100, 103566.7265249599
445.2259998321533, -1e+100, 103566.7265249599
445.23299980163574, -1e+100, 103566.7265249599
445.2479999065399, -1e+100, 103566.7265249599
445.25, -1e+100, 103566.7265249599
445.25, -1e+100, 103566.7265249599
445.2689998149872, -1e+100, 103566.7265249599
447.79299998283386, -1e+100, 103566.7265249599
447.8029999732971, -1e+100, 103566.7265249599
447.80999994277954, -1e+100, 103566.7265249599
447.8129999637604, -1e+100, 103559.58271009687
447.8129999637604, -1e+100, 103559.58271009687
447.8129999637604, -1e+100, 103559.58271009687
447.82999992370605, -1e+100, 103559.58271009687
447.82999992370605, -1e+100, 103559.58271009687
450.2849998474121, -1e+100, 103559.58271009687
450.29499983787537, -1e+100, 103559.58271009687
450.3049998283386, -1e+100, 103559.58271009687
450.3109998703003, -1e+100, 103559.58271009687
450.3109998703003, -1e+100, 103559.58271009687
450.32999992370605, -1e+100, 103559.58271009687
450.3359999656677, -1e+100, 103559.58271009687
452.9800000190735, -1e+100, 103553.94349539894
452.9889998435974, -1e+100, 103553.94349539894
452.99899983406067, -1e+100, 103553.94349539894
453.0059998035431, -1e+100, 103553.94349539894
453.0130000114441, -1e+100, 103553.94349539894
453.0199999809265, -1e+100, 103553.94349539894
453.0260000228882, -1e+100, 103553.94349539894
453.0319998264313, -1e+100, 103553.94349539894
453.039999961853, -1e+100, 103553.94349539894
453.0499999523163, -1e+100, 103553.94349539894
455.25300002098083, -1e+100, 103553.94349539894
455.27099990844727, -1e+100, 103553.94349539894
455.2739999294281, -1e+100, 103553.94349539894
455.2739999294281, -1e+100, 103553.94349539894
455.28799986839294, -1e+100, 103553.94349539894
455.3029999732971, -1e+100, 103553.94349539894
455.31199979782104, -1e+100, 103553.94349539894
455.3199999332428, -1e+100, 103553.94349539894
455.32599997520447, -1e+100, 103553.94349539894
455.33200001716614, -1e+100, 103553.94349539894
455.3399999141693, -1e+100, 103553.94349539894
457.97199988365173, -1e+100, 103552.40453470775
457.97899985313416, -1e+100, 103552.40453470775
457.98799991607666, -1e+100, 103552.40453470775
457.99399995803833, -1e+100, 103552.40453470775
458.0019998550415, -1e+100, 103552.40453470775
458.0079998970032, -1e+100, 103552.40453470775
458.0130000114441, -1e+100, 103552.40453470775
458.01799988746643, -1e+100, 103552.40453470775
458.02999997138977, -1e+100, 103552.40453470775
458.0349998474121, -1e+100, 103552.40453470775
460.47899985313416, -1e+100, 103552.40453470775
460.4849998950958, -1e+100, 103552.40453470775
460.50099992752075, -1e+100, 103552.40453470775
460.510999917984, -1e+100, 103552.40453470775
460.51599979400635, -1e+100, 103552.40453470775
460.51599979400635, -1e+100, 103552.40453470775
460.5319998264313, -1e+100, 103552.40453470775
460.5389997959137, -1e+100, 103552.40453470775
460.54699993133545, -1e+100, 103552.40453470775
463.0069999694824, -1e+100, 103552.40453470775
463.0069999694824, -1e+100, 103552.40453470775
463.0239999294281, -1e+100, 103550.8634144008
463.0349998474121, -1e+100, 103547.78487559238
463.0409998893738, -1e+100, 103547.78487559238
463.0409998893738, -1e+100, 103547.78487559238
463.05099987983704, -1e+100, 103547.78487559238
463.05799984931946, -1e+100, 103547.78487559238
463.05799984931946, -1e+100, 103547.78487559238
465.75499987602234, -1e+100, 103547.78487559238
465.771999835968, -1e+100, 103543.29824634187
465.7819998264313, -1e+100, 103543.29824634187
465.78399991989136, -1e+100, 103543.24009791961
465.7979998588562, -1e+100, 103543.24009791961
465.80799984931946, -1e+100, 103543.24009791961
465.82099986076355, -1e+100, 103543.24009791961
465.8309998512268, -1e+100, 103543.24009791961
465.84099984169006, -1e+100, 103543.24009791961
468.34999990463257, -1e+100, 103543.24009791961
468.3619999885559, -1e+100, 103543.24009791961
468.3729999065399, -1e+100, 103539.31024597392
468.37999987602234, -1e+100, 103539.31024597392
468.3880000114441, -1e+100, 103539.31024597392
468.3939998149872, -1e+100, 103539.31024597392
471.03399991989136, -1e+100, 103536.31273831165
471.0460000038147, -1e+100, 103536.31273831165
471.0590000152588, -1e+100, 103536.31273831165
471.0679998397827, -1e+100, 103536.31273831165
473.7149999141693, -1e+100, 103533.26562919894
473.7279999256134, -1e+100, 103533.26562919894
473.7369999885559, -1e+100, 103533.00964640673
473.7449998855591, -1e+100, 103533.00964640673
473.75300002098083, -1e+100, 103533.00964640673
476.14800000190735, -1e+100, 103533.00964640673
476.1599998474121, -1e+100, 103533.00964640673
476.1729998588562, -1e+100, 103533.00964640673
476.1749999523163, -1e+100, 103533.00964640673
478.9269998073578, -1e+100, 103533.00964640673
478.93699979782104, -1e+100, 103533.00964640673
478.9429998397827, -1e+100, 103533.00964640673
478.94999980926514, -1e+100, 103533.00964640673
478.95499992370605, -1e+100, 103533.00964640673
478.96299982070923, -1e+100, 103533.00964640673
478.970999956131, -1e+100, 103532.52794168075
478.9779999256134, -1e+100, 103532.52794168075
478.9849998950958, -1e+100, 103532.4725855478
478.9909999370575, -1e+100, 103532.4725855478
478.99899983406067, -1e+100, 103532.4725855478
479.00499987602234, -1e+100, 103532.4725855478
479.0089998245239, -1e+100, 103532.4725855478
479.01599979400635, -1e+100, 103532.4725855478
479.02099990844727, -1e+100, 103532.4725855478
479.02899980545044, -1e+100, 103532.4725855478
479.03399991989136, -1e+100, 103532.4725855478
479.04199981689453, -1e+100, 103532.4725855478
479.0479998588562, -1e+100, 103532.4725855478
481.68499994277954, -1e+100, 103529.33088920279
481.7019999027252, -1e+100, 103529.33088920279
481.7019999027252, -1e+100, 103529.33088920279
481.7189998626709, -1e+100, 103529.33088920279
481.72699999809265, -1e+100, 103529.33088920279
481.72699999809265, -1e+100, 103529.33088920279
481.7369999885559, -1e+100, 103529.33088920279
481.7369999885559, -1e+100, 103529.33088920279
481.7539999485016, -1e+100, 103529.33088920279
481.75999999046326, -1e+100, 103529.33088920279
481.76599979400635, -1e+100, 103529.33088920279
481.771999835968, -1e+100, 103529.33088920279
481.7779998779297, -1e+100, 103529.33088920279
481.78399991989136, -1e+100, 103529.33088920279
481.7909998893738, -1e+100, 103529.33088920279
481.79699993133545, -1e+100, 103529.33088920279
481.8019998073578, -1e+100, 103529.33088920279
481.8090000152588, -1e+100, 103529.33088920279
484.48099994659424, -1e+100, 103529.33088920279
484.4889998435974, -1e+100, 103529.33088920279
484.49399995803833, -1e+100, 103529.33088920279
484.50300002098083, -1e+100, 103529.33088920279
484.510999917984, -1e+100, 103529.33088920279
487.13499999046326, -1e+100, 103526.64112731008
487.14299988746643, -1e+100, 103526.64112731008
487.14999985694885, -1e+100, 103526.64112731008
487.1599998474121, -1e+100, 103522.98554021098
487.16999983787537, -1e+100, 103522.98554021098
489.66999983787537, -1e+100, 103520.34491584798
489.6710000038147, -1e+100, 103520.34491584798
489.6859998703003, -1e+100, 103520.34491584798
489.6879999637604, -1e+100, 103520.34491584798
489.702999830246, -1e+100, 103519.25207405188
489.70499992370605, -1e+100, 103519.25207405188
489.72199988365173, -1e+100, 103519.25207405188
489.72199988365173, -1e+100, 103519.25207405188
489.7339999675751, -1e+100, 103519.25207405188
492.46599984169006, -1e+100, 103519.25207405188
492.4869999885559, -1e+100, 103519.25207405188
492.4949998855591, -1e+100, 103519.25207405188
492.4949998855591, -1e+100, 103519.25207405188
492.51399993896484, -1e+100, 103519.25207405188
492.52099990844727, -1e+100, 103519.25207405188
492.52499985694885, -1e+100, 103519.25207405188
492.5309998989105, -1e+100, 103519.25207405188
492.53600001335144, -1e+100, 103519.25207405188
492.5439999103546, -1e+100, 103519.25207405188
492.54499983787537, -1e+100, 103519.25207405188
495.19999980926514, -1e+100, 103519.25207405188
495.21599984169006, -1e+100, 103519.25207405188
495.22199988365173, -1e+100, 103519.25207405188
495.22199988365173, -1e+100, 103519.25207405188
495.2369999885559, -1e+100, 103519.25207405188
495.2519998550415, -1e+100, 103519.25207405188
495.260999917984, -1e+100, 103519.25207405188
495.2689998149872, -1e+100, 103519.25207405188
495.27899980545044, -1e+100, 103519.25207405188
497.59299993515015, -1e+100, 103519.25207405188
497.5989999771118, -1e+100, 103519.25207405188
497.5989999771118, -1e+100, 103519.25207405188
497.61899995803833, -1e+100, 103512.0663801074
500.2689998149872, -1e+100, 103512.0663801074
500.2819998264313, -1e+100, 103510.80663341476
503.0089998245239, -1e+100, 103507.98194310522
503.0199999809265, -1e+100, 103507.98194310522
503.0319998264313, -1e+100, 103507.98194310522
503.0389997959137, -1e+100, 103507.98194310522
503.0389997959137, -1e+100, 103507.98194310522
503.05399990081787, -1e+100, 103507.98194310522
503.06699991226196, -1e+100, 103507.98194310522
503.0720000267029, -1e+100, 103507.98194310522
503.08899998664856, -1e+100, 103507.98194310522
503.1029999256134, -1e+100, 103507.98194310522
505.7569999694824, -1e+100, 103507.98194310522
505.7699999809265, -1e+100, 103507.98194310522
505.77499985694885, -1e+100, 103507.98194310522
505.78799986839294, -1e+100, 103507.98194310522
505.7979998588562, -1e+100, 103507.98194310522
505.80599999427795, -1e+100, 103507.98194310522
505.8179998397827, -1e+100, 103507.98194310522
505.82499980926514, -1e+100, 103507.98194310522
505.8329999446869, -1e+100, 103507.98194310522
505.84299993515015, -1e+100, 103507.98194310522
508.5349998474121, -1e+100, 103507.98194310522
508.5349998474121, -1e+100, 103507.98194310522
508.5519998073578, -1e+100, 103507.98194310522
508.5659999847412, -1e+100, 103507.98194310522
508.57599997520447, -1e+100, 103507.98194310522
508.58399987220764, -1e+100, 103507.98194310522
508.595999956131, -1e+100, 103507.98194310522
508.606999874115, -1e+100, 103507.98194310522
508.61899995803833, -1e+100, 103499.8375364629
508.62999987602234, -1e+100, 103499.8375364629
508.6380000114441, -1e+100, 103499.8375364629
511.2559998035431, -1e+100, 103499.8375364629
511.26399993896484, -1e+100, 103499.8375364629
511.27099990844727, -1e+100, 103499.8375364629
511.27699995040894, -1e+100, 103499.8375364629
511.2849998474121, -1e+100, 103499.8375364629
511.2849998474121, -1e+100, 103499.8375364629
511.2999999523163, -1e+100, 103499.8375364629
511.2999999523163, -1e+100, 103499.8375364629
511.3199999332428, -1e+100, 103499.8375364629
511.3269999027252, -1e+100, 103499.8375364629
511.33399987220764, -1e+100, 103499.81415632629
511.33399987220764, -1e+100, 103499.81415632629
511.33399987220764, -1e+100, 103499.81415632629
511.34999990463257, -1e+100, 103499.81415632629
511.34999990463257, -1e+100, 103499.81415632629
514.066999912262, -1e+100, 103499.81415632629
514.0759999752045, -1e+100, 103499.81415632629
514.0820000171661, -1e+100, 103499.81415632629
514.0899999141693, -1e+100, 103499.81415632629
514.0969998836517, -1e+100, 103498.67264224909
514.1059999465942, -1e+100, 103498.67264224909
514.1159999370575, -1e+100, 103498.67264224909
514.1269998550415, -1e+100, 103498.58799126656
514.135999917984, -1e+100, 103498.58799126656
514.146999835968, -1e+100, 103498.22288682875
514.1539998054504, -1e+100, 103498.22288682875
514.1610000133514, -1e+100, 103498.22288682875
516.9219999313354, -1e+100, 103498.22288682875
516.9359998703003, -1e+100, 103498.22288682875
516.9379999637604, -1e+100, 103498.22288682875
516.9499998092651, -1e+100, 103498.22288682875
516.9599997997284, -1e+100, 103498.22288682875
516.9699997901917, -1e+100, 103498.22288682875
519.436999797821, -1e+100, 103498.22288682875
519.444000005722, -1e+100, 103498.22288682875
519.4519999027252, -1e+100, 103498.22288682875
519.4519999027252, -1e+100, 103498.22288682875
522.1970000267029, -1e+100, 103495.1458188084
522.2159998416901, -1e+100, 103495.1458188084
522.2159998416901, -1e+100, 103495.1458188084
522.2309999465942, -1e+100, 103495.1458188084
522.2509999275208, -1e+100, 103495.1458188084
522.2599999904633, -1e+100, 103495.1458188084
522.2679998874664, -1e+100, 103495.1458188084
522.2749998569489, -1e+100, 103495.1458188084
522.2829999923706, -1e+100, 103495.1458188084
522.2929999828339, -1e+100, 103495.1458188084
522.2999999523163, -1e+100, 103495.1458188084
522.3069999217987, -1e+100, 103495.1458188084
522.3159999847412, -1e+100, 103495.1458188084
525.0179998874664, -1e+100, 103494.2102270208
525.021999835968, -1e+100, 103494.2102270208
525.0349998474121, -1e+100, 103494.2102270208
525.0409998893738, -1e+100, 103494.2102270208
525.0409998893738, -1e+100, 103494.2102270208
525.0579998493195, -1e+100, 103494.2102270208
525.0659999847412, -1e+100, 103494.2102270208
525.0739998817444, -1e+100, 103494.2102270208
527.8069999217987, -1e+100, 103494.2102270208
527.8069999217987, -1e+100, 103494.2102270208
527.8069999217987, -1e+100, 103494.2102270208
527.8229999542236, -1e+100, 103494.2102270208
527.8229999542236, -1e+100, 103494.2102270208
527.8399999141693, -1e+100, 103490.9169339875
527.8399999141693, -1e+100, 103490.9169339875
527.8589999675751, -1e+100, 103490.9169339875
527.8650000095367, -1e+100, 103490.9169339875
530.4849998950958, -1e+100, 103490.9169339875
530.4959998130798, -1e+100, 103490.9169339875
530.5079998970032, -1e+100, 103490.9169339875
530.5169999599457, -1e+100, 103490.9169339875
530.5169999599457, -1e+100, 103490.9169339875
530.5369999408722, -1e+100, 103490.9169339875
533.2359998226166, -1e+100, 103490.9169339875
533.2359998226166, -1e+100, 103490.9169339875
533.2539999485016, -1e+100, 103490.9169339875
533.2539999485016, -1e+100, 103490.9169339875
533.2639999389648, -1e+100, 103490.9169339875
533.2699999809265, -1e+100, 103490.9169339875
533.2819998264313, -1e+100, 103490.9169339875
533.287999868393, -1e+100, 103490.9169339875
533.2949998378754, -1e+100, 103490.9169339875
533.3019998073578, -1e+100, 103490.9169339875
533.3039999008179, -1e+100, 103490.9169339875
533.3199999332428, -1e+100, 103490.9169339875
535.7259998321533, -1e+100, 103490.9169339875
535.7369999885559, -1e+100, 103483.65463976248
535.7459998130798, -1e+100, 103483.65463976248
538.3769998550415, -1e+100, 103483.65463976248
538.3819999694824, -1e+100, 103483.65463976248
538.3939998149872, -1e+100, 103483.65463976248
538.3980000019073, -1e+100, 103483.65463976248
541.2969999313354, -1e+100, 103479.18483121932
541.3019998073578, -1e+100, 103479.18483121932
541.316999912262, -1e+100, 103479.18483121932
541.3220000267029, -1e+100, 103479.18483121932
541.3379998207092, -1e+100, 103479.18483121932
544.3399999141693, -1e+100, 103478.71181893857
544.3479998111725, -1e+100, 103478.71181893857
544.3519999980927, -1e+100, 103478.71181893857
544.3519999980927, -1e+100, 103478.71181893857
544.3650000095367, -1e+100, 103478.71181893857
544.3689999580383, -1e+100, 103478.71181893857
544.3829998970032, -1e+100, 103478.71181893857
544.3909997940063, -1e+100, 103478.71181893857
544.396999835968, -1e+100, 103478.71181893857
544.4029998779297, -1e+100, 103478.71181893857
544.4029998779297, -1e+100, 103478.71181893857
544.414999961853, -1e+100, 103478.71181893857
544.4199998378754, -1e+100, 103478.71181893857
544.4199998378754, -1e+100, 103478.71181893857
544.4289999008179, -1e+100, 103478.71181893857
544.436999797821, -1e+100, 103478.71181893857
544.436999797821, -1e+100, 103478.71181893857
547.0049998760223, -1e+100, 103478.71181893857
547.0169999599457, -1e+100, 103478.71181893857
547.0239999294281, -1e+100, 103478.71181893857
547.0309998989105, -1e+100, 103478.71181893857
549.8229999542236, -1e+100, 103478.71181893857
549.8389999866486, -1e+100, 103478.71181893857
549.8420000076294, -1e+100, 103478.71181893857
549.856999874115, -1e+100, 103478.71181893857
549.8719999790192, -1e+100, 103472.55185786929
549.8799998760223, -1e+100, 103472.55185786929
549.8909997940063, -1e+100, 103472.55185786929
549.8989999294281, -1e+100, 103472.55185786929
549.9099998474121, -1e+100, 103472.55185786929
552.4359998703003, -1e+100, 103472.55185786929
552.4499998092651, -1e+100, 103472.55185786929
552.4539999961853, -1e+100, 103472.55185786929
555.194000005722, -1e+100, 103472.55185786929
555.2019999027252, -1e+100, 103472.55185786929
555.2109999656677, -1e+100, 103472.55185786929
555.2159998416901, -1e+100, 103472.55185786929
555.2279999256134, -1e+100, 103472.55185786929
555.2279999256134, -1e+100, 103472.55185786929
555.2469999790192, -1e+100, 103472.55185786929
555.2569999694824, -1e+100, 103472.55185786929
555.2679998874664, -1e+100, 103472.55185786929
555.2760000228882, -1e+100, 103472.55185786929
558.2329998016357, -1e+100, 103468.35664710845
558.2459998130798, -1e+100, 103468.35664710845
558.25, -1e+100, 103468.35664710845
558.2619998455048, -1e+100, 103468.35664710845
558.2669999599457, -1e+100, 103468.35664710845
561.2239999771118, -1e+100, 103468.35664710845
561.2409999370575, -1e+100, 103468.35664710845
561.2530000209808, -1e+100, 103468.35664710845
561.2619998455048, -1e+100, 103468.35664710845
561.2709999084473, -1e+100, 103468.35664710845
561.2760000228882, -1e+100, 103468.35664710845
561.2760000228882, -1e+100, 103467.5679698599
563.925999879837, -1e+100, 103467.5679698599
563.9399998188019, -1e+100, 103467.5679698599
563.9470000267029, -1e+100, 103467.5679698599
563.9570000171661, -1e+100, 103467.5679698599
563.9649999141693, -1e+100, 103467.5679698599
563.9769999980927, -1e+100, 103467.5679698599
566.5209999084473, -1e+100, 103467.5679698599
566.5309998989105, -1e+100, 103467.5679698599
566.5429999828339, -1e+100, 103467.5679698599
566.5529999732971, -1e+100, 103467.5679698599
566.5609998703003, -1e+100, 103467.5679698599
566.5729999542236, -1e+100, 103467.5679698599
569.2689998149872, -1e+100, 103467.5679698599
569.2869999408722, -1e+100, 103467.5679698599
569.2969999313354, -1e+100, 103467.5679698599
569.3039999008179, -1e+100, 103467.5679698599
569.3039999008179, -1e+100, 103467.5679698599
569.319000005722, -1e+100, 103467.5679698599
569.3199999332428, -1e+100, 103467.5679698599
569.3199999332428, -1e+100, 103467.5679698599
569.3349997997284, -1e+100, 103467.5679698599
569.3369998931885, -1e+100, 103467.5679698599
572.2969999313354, -1e+100, 103467.5679698599
572.3069999217987, -1e+100, 103467.5679698599
572.3129999637604, -1e+100, 103467.5679698599
572.3129999637604, -1e+100, 103460.28788399896
572.3329999446869, -1e+100, 103460.28788399896
572.3389999866486, -1e+100, 103460.13748292394
572.3439998626709, -1e+100, 103460.13748292394
572.3499999046326, -1e+100, 103460.13748292394
572.356999874115, -1e+100, 103460.13748292394
572.3619999885559, -1e+100, 103460.13748292394
572.3619999885559, -1e+100, 103460.13748292394
572.3619999885559, -1e+100, 103457.84572650555
575.0939998626709, -1e+100, 103457.84572650555
575.1139998435974, -1e+100, 103457.84572650555
575.125, -1e+100, 103457.84572650555
577.4719998836517, -1e+100, 103456.15221746881
577.4719998836517, -1e+100, 103456.15221746881
577.4889998435974, -1e+100, 103456.15221746881
577.4979999065399, -1e+100, 103456.15221746881
577.5059998035431, -1e+100, 103456.15221746881
580.4029998779297, -1e+100, 103454.29437040247
580.4119999408722, -1e+100, 103454.29437040247
580.4199998378754, -1e+100, 103454.29437040247
580.4269998073578, -1e+100, 103454.29437040247
580.4279999732971, -1e+100, 103454.29437040247
580.4279999732971, -1e+100, 103454.29437040247
580.4459998607635, -1e+100, 103454.29437040247
580.4459998607635, -1e+100, 103454.29437040247
580.4459998607635, -1e+100, 103454.29437040247
580.4629998207092, -1e+100, 103454.29437040247
580.4699997901917, -1e+100, 103454.29437040247
580.4779999256134, -1e+100, 103454.29437040247
580.4800000190735, -1e+100, 103454.29437040247
580.4800000190735, -1e+100, 103454.29437040247
580.4959998130798, -1e+100, 103454.29437040247
580.4959998130798, -1e+100, 103454.29437040247
580.5130000114441, -1e+100, 103454.29437040247
583.3519999980927, -1e+100, 103450.13343273057
583.3689999580383, -1e+100, 103450.13343273057
583.3809998035431, -1e+100, 103450.13343273057
586.316999912262, -1e+100, 103450.13343273057
586.3339998722076, -1e+100, 103448.00785670104
586.3499999046326, -1e+100, 103448.00785670104
586.3550000190735, -1e+100, 103448.00785670104
586.3550000190735, -1e+100, 103448.00785670104
586.3709998130798, -1e+100, 103448.00785670104
586.385999917984, -1e+100, 103447.81151908447
586.396999835968, -1e+100, 103447.04332857065
586.4089999198914, -1e+100, 103447.04332857065
589.3069999217987, -1e+100, 103447.04332857065
589.3129999637604, -1e+100, 103446.4884599707
589.3289999961853, -1e+100, 103446.4884599707
589.3389999866486, -1e+100, 103446.4884599707
589.345999956131, -1e+100, 103446.4884599707
589.3539998531342, -1e+100, 103446.4884599707
592.5820000171661, -1e+100, 103446.4884599707
592.5899999141693, -1e+100, 103446.4884599707
592.595999956131, -1e+100, 103446.4884599707
592.6019999980927, -1e+100, 103446.4884599707
592.6129999160767, -1e+100, 103446.4884599707
592.6189999580383, -1e+100, 103446.4884599707
592.6319999694824, -1e+100, 103446.4884599707
592.6449999809265, -1e+100, 103446.4884599707
592.6519999504089, -1e+100, 103446.4884599707
592.6579999923706, -1e+100, 103446.4884599707
592.6659998893738, -1e+100, 103446.4884599707
592.6719999313354, -1e+100, 103446.4884599707
595.6289999485016, -1e+100, 103446.4884599707
595.6399998664856, -1e+100, 103446.4884599707
595.6480000019073, -1e+100, 103446.4884599707
595.6539998054504, -1e+100, 103446.4884599707
595.6559998989105, -1e+100, 103446.4884599707
595.6559998989105, -1e+100, 103446.4884599707
595.680999994278, -1e+100, 103446.4884599707
595.6929998397827, -1e+100, 103446.4884599707
595.6999998092651, -1e+100, 103446.4884599707
598.5439999103546, -1e+100, 103446.4884599707
598.5579998493195, -1e+100, 103446.4884599707
598.561999797821, -1e+100, 103446.4884599707
598.561999797821, -1e+100, 103446.4884599707
598.5789999961853, -1e+100, 103446.4884599707
598.5789999961853, -1e+100, 103446.4884599707
598.595999956131, -1e+100, 103446.4884599707
598.6019999980927, -1e+100, 103446.4884599707
598.6079998016357, -1e+100, 103446.4884599707
598.6150000095367, -1e+100, 103446.4884599707
598.6209998130798, -1e+100, 103446.4884599707
598.6269998550415, -1e+100, 103446.4884599707
598.635999917984, -1e+100, 103446.4884599707
598.6449999809265, -1e+100, 103446.4884599707
598.646999835968, -1e+100, 103446.4884599707
598.646999835968, -1e+100, 103446.4884599707
601.8339998722076, -1e+100, 103446.4884599707
601.8339998722076, -1e+100, 103446.4884599707
601.8539998531342, -1e+100, 103446.4884599707
601.8689999580383, -1e+100, 103446.4884599707
601.8780000209808, -1e+100, 103446.4884599707
601.885999917984, -1e+100, 103446.4884599707
604.8099999427795, -1e+100, 103446.4884599707
604.8099999427795, -1e+100, 103446.4884599707
604.8269999027252, -1e+100, 103446.4884599707
604.8269999027252, -1e+100, 103446.4884599707
604.8429999351501, -1e+100, 103446.4884599707
604.8429999351501, -1e+100, 103446.4884599707
604.8599998950958, -1e+100, 103432.49522114143
604.8599998950958, -1e+100, 103432.49522114143
607.4319999217987, -1e+100, 103432.49522114143
607.4349999427795, -1e+100, 103431.37363242469
610.3959999084473, -1e+100, 103431.37363242469
610.4029998779297, -1e+100, 103431.37363242469
610.4029998779297, -1e+100, 103431.37363242469
610.4139997959137, -1e+100, 103431.37363242469
610.4210000038147, -1e+100, 103431.37363242469
610.4210000038147, -1e+100, 103431.37363242469
610.4210000038147, -1e+100, 103431.37363242469
610.4409999847412, -1e+100, 103431.37363242469
610.4470000267029, -1e+100, 103431.37363242469
610.4519999027252, -1e+100, 103431.37363242469
610.4619998931885, -1e+100, 103431.37363242469
610.4689998626709, -1e+100, 103431.37363242469
613.6009998321533, -1e+100, 103426.03905462043
616.680999994278, -1e+100, 103426.03905462043
616.7019999027252, -1e+100, 103426.03905462043
616.7109999656677, -1e+100, 103426.03905462043
616.7170000076294, -1e+100, 103425.86488052849
616.7199997901917, -1e+100, 103425.86488052849
619.6569998264313, -1e+100, 103424.67868606234
619.6699998378754, -1e+100, 103424.67868606234
619.6789999008179, -1e+100, 103424.67868606234
619.6859998703003, -1e+100, 103424.67868606234
622.5789999961853, -1e+100, 103424.67868606234
622.5909998416901, -1e+100, 103424.67868606234
622.5989999771118, -1e+100, 103424.67868606234
622.6050000190735, -1e+100, 103424.67868606234
622.6050000190735, -1e+100, 103424.67868606234
622.6199998855591, -1e+100, 103424.67868606234
622.6239998340607, -1e+100, 103424.67868606234
622.6380000114441, -1e+100, 103424.67868606234
625.6019999980927, -1e+100, 103424.67868606234
625.6150000095367, -1e+100, 103424.67868606234
625.6219999790192, -1e+100, 103424.67868606234
627.9989998340607, -1e+100, 103424.67868606234
628.0079998970032, -1e+100, 103424.67868606234
628.0159997940063, -1e+100, 103424.67868606234
628.0249998569489, -1e+100, 103424.67868606234
631.0659999847412, -1e+100, 103424.67868606234
631.0809998512268, -1e+100, 103424.67868606234
631.0909998416901, -1e+100, 103424.67868606234
631.0929999351501, -1e+100, 103424.67868606234
631.0929999351501, -1e+100, 103424.67868606234
631.1150000095367, -1e+100, 103424.67868606234
631.1150000095367, -1e+100, 103424.67868606234
631.1309998035431, -1e+100, 103424.67868606234
631.1389999389648, -1e+100, 103419.21179787314
631.1419999599457, -1e+100, 103419.21179787314
631.1419999599457, -1e+100, 103419.21179787314
634.2139999866486, -1e+100, 103419.21179787314
634.2229998111725, -1e+100, 103419.21179787314
634.2309999465942, -1e+100, 103419.21179787314
634.2359998226166, -1e+100, 103419.21179787314
634.2439999580383, -1e+100, 103419.21179787314
634.25, -1e+100, 103419.21179787314
634.2569999694824, -1e+100, 103419.21179787314
634.2649998664856, -1e+100, 103419.21179787314
634.2739999294281, -1e+100, 103419.21179787314
634.2819998264313, -1e+100, 103419.21179787314
634.2889997959137, -1e+100, 103419.21179787314
637.3399999141693, -1e+100, 103416.82930596224
637.3529999256134, -1e+100, 103416.82930596224
637.3639998435974, -1e+100, 103416.82930596224
640.2400000095367, -1e+100, 103416.82930596224
640.2439999580383, -1e+100, 103416.82930596224
640.2589998245239, -1e+100, 103416.82930596224
640.2619998455048, -1e+100, 103416.82930596224
640.2619998455048, -1e+100, 103414.47090053049
640.2869999408722, -1e+100, 103414.47090053049
643.4570000171661, -1e+100, 103414.47090053049
643.4649999141693, -1e+100, 103414.47090053049
643.4749999046326, -1e+100, 103414.47090053049
643.4829998016357, -1e+100, 103414.47090053049
643.4939999580383, -1e+100, 103414.47090053049
646.4789998531342, -1e+100, 103409.7191909834
646.4949998855591, -1e+100, 103409.7191909834
646.5009999275208, -1e+100, 103409.7191909834
646.5079998970032, -1e+100, 103409.7191909834
646.5079998970032, -1e+100, 103409.7191909834
646.5279998779297, -1e+100, 103408.88792193758
646.5349998474121, -1e+100, 103408.88792193758
646.5439999103546, -1e+100, 103408.88792193758
649.5629999637604, -1e+100, 103408.88792193758
649.5720000267029, -1e+100, 103408.88792193758
649.577999830246, -1e+100, 103408.88792193758
652.202999830246, -1e+100, 103408.88792193758
652.2149999141693, -1e+100, 103408.88792193758
652.2289998531342, -1e+100, 103408.88792193758
652.2389998435974, -1e+100, 103408.88792193758
655.3819999694824, -1e+100, 103408.88792193758
655.3929998874664, -1e+100, 103408.88792193758
655.4039998054504, -1e+100, 103408.88792193758
655.4039998054504, -1e+100, 103408.88792193758
655.4219999313354, -1e+100, 103408.88792193758
655.4219999313354, -1e+100, 103408.88792193758
658.4179999828339, -1e+100, 103408.88792193758
658.4269998073578, -1e+100, 103408.88792193758
658.4359998703003, -1e+100, 103408.88792193758
658.4429998397827, -1e+100, 103408.88792193758
658.4489998817444, -1e+100, 103408.88792193758
658.454999923706, -1e+100, 103408.88792193758
658.4639999866486, -1e+100, 103408.88792193758
658.4729998111725, -1e+100, 103408.88792193758
658.4809999465942, -1e+100, 103408.88792193758
661.75, -1e+100, 103408.88792193758
661.7579998970032, -1e+100, 103408.88792193758
661.7649998664856, -1e+100, 103408.88792193758
661.7749998569489, -1e+100, 103408.88792193758
661.7819998264313, -1e+100, 103408.88792193758
661.789999961853, -1e+100, 103408.88792193758
661.7960000038147, -1e+100, 103408.88792193758
661.8019998073578, -1e+100, 103408.88792193758
661.8099999427795, -1e+100, 103408.88792193758
661.816999912262, -1e+100, 103408.88792193758
661.8249998092651, -1e+100, 103408.88792193758
664.827999830246, -1e+100, 103400.14242850467
664.827999830246, -1e+100, 103400.14242850467
664.8469998836517, -1e+100, 103400.14242850467
664.8550000190735, -1e+100, 103400.14242850467
664.8629999160767, -1e+100, 103400.14242850467
664.8629999160767, -1e+100, 103400.14242850467
664.8629999160767, -1e+100, 103400.14242850467
664.8789999485016, -1e+100, 103400.14242850467
664.8789999485016, -1e+100, 103400.14242850467
664.8959999084473, -1e+100, 103400.14242850467
664.8959999084473, -1e+100, 103400.14242850467
667.9249999523163, -1e+100, 103396.96257154917
667.9389998912811, -1e+100, 103396.45061626458
667.944000005722, -1e+100, 103396.45061626458
667.944000005722, -1e+100, 103396.45061626458
667.9609999656677, -1e+100, 103396.45061626458
667.9679999351501, -1e+100, 103396.45061626458
667.9769999980927, -1e+100, 103396.45061626458
667.9859998226166, -1e+100, 103396.45061626458
667.9939999580383, -1e+100, 103396.45061626458
667.9939999580383, -1e+100, 103396.45061626458
667.9939999580383, -1e+100, 103396.45061626458
668.010999917984, -1e+100, 103396.45061626458
671.1439998149872, -1e+100, 103396.45061626458
671.1539998054504, -1e+100, 103396.45061626458
671.1639997959137, -1e+100, 103396.45061626458
671.1639997959137, -1e+100, 103396.45061626458
671.175999879837, -1e+100, 103396.45061626458
671.1789999008179, -1e+100, 103396.45061626458
671.1949999332428, -1e+100, 103394.35573575523
674.0820000171661, -1e+100, 103394.35573575523
674.0899999141693, -1e+100, 103393.95479184866
674.0979998111725, -1e+100, 103393.95479184866
674.1029999256134, -1e+100, 103393.95479184866
674.1150000095367, -1e+100, 103393.95479184866
674.1259999275208, -1e+100, 103393.95479184866
674.1389999389648, -1e+100, 103393.95479184866
674.1449999809265, -1e+100, 103393.95479184866
674.1519999504089, -1e+100, 103391.7727783196
674.1589999198914, -1e+100, 103391.7727783196
674.164999961853, -1e+100, 103391.7727783196
674.1710000038147, -1e+100, 103391.7727783196
674.1719999313354, -1e+100, 103391.7727783196
677.4229998588562, -1e+100, 103391.5120696068
677.4299998283386, -1e+100, 103391.1258042025
677.4389998912811, -1e+100, 103391.1258042025
677.444000005722, -1e+100, 103391.1258042025
677.444000005722, -1e+100, 103391.1258042025
677.4609999656677, -1e+100, 103391.1258042025
680.6879999637604, -1e+100, 103390.84681286686
680.6979999542236, -1e+100, 103390.84681286686
680.7089998722076, -1e+100, 103388.4120656131
680.7170000076294, -1e+100, 103388.4120656131
683.2649998664856, -1e+100, 103387.52769580537
683.2649998664856, -1e+100, 103386.70673635913
686.3499999046326, -1e+100, 103386.59323212922
686.3650000095367, -1e+100, 103386.59323212922
686.3789999485016, -1e+100, 103386.59323212922
686.3889999389648, -1e+100, 103386.59323212922
686.3980000019073, -1e+100, 103386.59323212922
689.4729998111725, -1e+100, 103386.59323212922
689.4779999256134, -1e+100, 103386.59323212922
689.4900000095367, -1e+100, 103386.59323212922
689.4949998855591, -1e+100, 103386.59323212922
689.4949998855591, -1e+100, 103386.59323212922
689.5099999904633, -1e+100, 103386.59323212922
692.5069999694824, -1e+100, 103381.31552435875
692.5230000019073, -1e+100, 103381.31552435875
692.5339999198914, -1e+100, 103381.31552435875
692.5409998893738, -1e+100, 103381.31552435875
692.5439999103546, -1e+100, 103381.31552435875
692.5579998493195, -1e+100, 103381.31552435875
692.5679998397827, -1e+100, 103381.31552435875
692.5789999961853, -1e+100, 103381.31552435875
695.8149998188019, -1e+100, 103381.31552435875
695.8249998092651, -1e+100, 103381.31552435875
695.8389999866486, -1e+100, 103381.31552435875
695.8479998111725, -1e+100, 103381.28566818046
698.8739998340607, -1e+100, 103380.39599979875
698.8819999694824, -1e+100, 103380.39599979875
698.8889999389648, -1e+100, 103375.82299769674
698.8959999084473, -1e+100, 103375.82299769674
698.9039998054504, -1e+100, 103375.82299769674
698.9119999408722, -1e+100, 103375.82299769674
701.9619998931885, -1e+100, 103373.92965655941
701.9659998416901, -1e+100, 103373.92965655941
701.9809999465942, -1e+100, 103373.92965655941
701.9889998435974, -1e+100, 103372.54515428121
702.0059998035431, -1e+100, 103372.27962819001
702.0149998664856, -1e+100, 103372.27962819001
704.9069998264313, -1e+100, 103372.13271201687
704.9219999313354, -1e+100, 103372.13271201687
704.9349999427795, -1e+100, 103372.13271201687
708.0329999923706, -1e+100, 103372.13271201687
708.0429999828339, -1e+100, 103372.13271201687
708.0549998283386, -1e+100, 103372.13271201687
708.061999797821, -1e+100, 103372.13271201687
708.066999912262, -1e+100, 103372.13271201687
708.0809998512268, -1e+100, 103368.98650291898
708.0869998931885, -1e+100, 103368.98650291898
708.0939998626709, -1e+100, 103368.98650291898
708.0999999046326, -1e+100, 103368.98650291898
711.4059998989105, -1e+100, 103368.98650291898
711.4169998168945, -1e+100, 103368.98650291898
711.4279999732971, -1e+100, 103368.98650291898
711.4299998283386, -1e+100, 103368.98650291898
711.4299998283386, -1e+100, 103368.98650291898
711.4479999542236, -1e+100, 103368.98650291898
711.4499998092651, -1e+100, 103368.98650291898
711.4599997997284, -1e+100, 103367.98935488459
711.4670000076294, -1e+100, 103367.98935488459
711.4759998321533, -1e+100, 103367.98935488459
714.6339998245239, -1e+100, 103367.98935488459
714.6449999809265, -1e+100, 103367.98935488459
714.6519999504089, -1e+100, 103367.98935488459
714.6610000133514, -1e+100, 103365.81935023329
714.6710000038147, -1e+100, 103365.81935023329
717.7309999465942, -1e+100, 103365.81935023329
717.7419998645782, -1e+100, 103365.81935023329
717.7419998645782, -1e+100, 103365.81935023329
717.7579998970032, -1e+100, 103365.81935023329
717.7579998970032, -1e+100, 103363.52067881497
717.7779998779297, -1e+100, 103363.52067881497
717.7860000133514, -1e+100, 103363.52067881497
717.7949998378754, -1e+100, 103363.52067881497
720.9169998168945, -1e+100, 103363.52067881497
720.9289999008179, -1e+100, 103363.45186273918
720.9409999847412, -1e+100, 103363.45186273918
720.9479999542236, -1e+100, 103363.45186273918
720.9579999446869, -1e+100, 103363.45186273918
720.9670000076294, -1e+100, 103363.45186273918
720.9759998321533, -1e+100, 103363.45186273918
724.1510000228882, -1e+100, 103363.45186273918
724.1619999408722, -1e+100, 103363.45186273918
724.1689999103546, -1e+100, 103363.45186273918
724.1689999103546, -1e+100, 103363.45186273918
724.1849999427795, -1e+100, 103363.45186273918
727.5069999694824, -1e+100, 103363.45186273918
727.521999835968, -1e+100, 103363.45186273918
727.5299999713898, -1e+100, 103363.45186273918
727.537999868393, -1e+100, 103363.45186273918
727.5479998588562, -1e+100, 103363.45186273918
727.5490000247955, -1e+100, 103363.45186273918
727.5639998912811, -1e+100, 103363.45186273918
727.5709998607635, -1e+100, 103363.45186273918
727.5789999961853, -1e+100, 103363.45186273918
727.5859999656677, -1e+100, 103363.45186273918
727.5929999351501, -1e+100, 103363.45186273918
727.5989999771118, -1e+100, 103363.45186273918
727.5989999771118, -1e+100, 103363.45186273918
727.5989999771118, -1e+100, 103363.45186273918
730.8669998645782, -1e+100, 103363.45186273918
730.8839998245239, -1e+100, 103363.45186273918
730.8880000114441, -1e+100, 103363.45186273918
733.805999994278, -1e+100, 103356.6768895137
733.8139998912811, -1e+100, 103356.6768895137
733.8139998912811, -1e+100, 103355.53774054164
737.0859999656677, -1e+100, 103355.53774054164
737.0949997901917, -1e+100, 103355.53774054164
740.2979998588562, -1e+100, 103355.53774054164
740.3090000152588, -1e+100, 103355.53774054164
740.3179998397827, -1e+100, 103355.53774054164
740.3209998607635, -1e+100, 103355.53774054164
740.3329999446869, -1e+100, 103355.53774054164
743.6829998493195, -1e+100, 103355.53774054164
743.6989998817444, -1e+100, 103355.53774054164
743.7039999961853, -1e+100, 103355.53774054164
743.7099997997284, -1e+100, 103355.53774054164
746.6369998455048, -1e+100, 103355.53774054164
746.6459999084473, -1e+100, 103355.53774054164
746.6559998989105, -1e+100, 103350.01692819456
746.6619999408722, -1e+100, 103347.46473049745
746.675999879837, -1e+100, 103347.46473049745
746.6889998912811, -1e+100, 103347.46473049745
749.7730000019073, -1e+100, 103347.46473049745
749.7929999828339, -1e+100, 103347.46473049745
749.8019998073578, -1e+100, 103347.46473049745
749.8069999217987, -1e+100, 103347.46473049745
749.8069999217987, -1e+100, 103347.46473049745
749.8239998817444, -1e+100, 103347.46473049745
749.8239998817444, -1e+100, 103347.46473049745
749.8409998416901, -1e+100, 103347.46473049745
749.8409998416901, -1e+100, 103347.46473049745
749.8559999465942, -1e+100, 103346.57974205379
752.9909999370575, -1e+100, 103346.32611577443
753.0009999275208, -1e+100, 103346.32611577443
753.0089998245239, -1e+100, 103346.08983407174
753.0169999599457, -1e+100, 103346.08983407174
753.0239999294281, -1e+100, 103346.08983407174
756.4539999961853, -1e+100, 103346.08983407174
756.4679999351501, -1e+100, 103346.08983407174
756.4739999771118, -1e+100, 103346.08983407174
756.4769999980927, -1e+100, 103346.08983407174
756.492999792099, -1e+100, 103346.08983407174
756.5, -1e+100, 103346.08983407174
756.5079998970032, -1e+100, 103346.08983407174
756.5169999599457, -1e+100, 103346.08983407174
756.5239999294281, -1e+100, 103346.08983407174
756.5409998893738, -1e+100, 103346.08983407174
756.5519998073578, -1e+100, 103346.08983407174
756.5569999217987, -1e+100, 103346.08983407174
759.3899998664856, -1e+100, 103346.08983407174
759.4019999504089, -1e+100, 103346.08983407174
759.4089999198914, -1e+100, 103346.08983407174
759.414999961853, -1e+100, 103346.08983407174
762.6679999828339, -1e+100, 103346.08983407174
762.6689999103546, -1e+100, 103346.08983407174
762.6909999847412, -1e+100, 103346.08983407174
766.2070000171661, -1e+100, 103339.56317791753
766.2070000171661, -1e+100, 103339.56317791753
766.2279999256134, -1e+100, 103339.56317791753
766.2279999256134, -1e+100, 103339.56317791753
766.2409999370575, -1e+100, 103338.15504427474
769.561999797821, -1e+100, 103338.15504427474
769.5709998607635, -1e+100, 103338.15504427474
769.5789999961853, -1e+100, 103337.65586149259
769.5829999446869, -1e+100, 103337.65586149259
769.5899999141693, -1e+100, 103337.65586149259
769.595999956131, -1e+100, 103337.65586149259
769.6009998321533, -1e+100, 103337.65586149259
769.6089999675751, -1e+100, 103336.59929308998
769.6169998645782, -1e+100, 103336.59929308998
769.625, -1e+100, 103336.59929308998
772.7630000114441, -1e+100, 103335.93313073418
772.7669999599457, -1e+100, 103335.93313073418
772.7769999504089, -1e+100, 103335.93313073418
772.7869999408722, -1e+100, 103335.93313073418
772.7869999408722, -1e+100, 103335.93313073418
772.8049998283386, -1e+100, 103335.93313073418
772.8049998283386, -1e+100, 103335.93313073418
772.8209998607635, -1e+100, 103335.93313073418
772.827999830246, -1e+100, 103335.93313073418
772.8329999446869, -1e+100, 103335.93313073418
772.8409998416901, -1e+100, 103335.93313073418
772.8479998111725, -1e+100, 103335.93313073418
772.856999874115, -1e+100, 103332.8604631126
776.180999994278, -1e+100, 103332.8604631126
776.1989998817444, -1e+100, 103332.8604631126
776.202999830246, -1e+100, 103332.8604631126
776.2159998416901, -1e+100, 103332.8604631126
776.2359998226166, -1e+100, 103332.8604631126
776.242999792099, -1e+100, 103332.8604631126
776.2479999065399, -1e+100, 103332.8604631126
776.2539999485016, -1e+100, 103332.8604631126
776.2599999904633, -1e+100, 103332.8604631126
776.2659997940063, -1e+100, 103332.8604631126
776.2659997940063, -1e+100, 103332.8604631126
776.2659997940063, -1e+100, 103332.8604631126
779.2739999294281, -1e+100, 103332.8604631126
779.2839999198914, -1e+100, 103332.8604631126
779.2849998474121, -1e+100, 103332.8604631126
779.2909998893738, -1e+100, 103332.8604631126
779.3029999732971, -1e+100, 103332.8604631126
779.3099999427795, -1e+100, 103332.8604631126
779.3159999847412, -1e+100, 103332.8604631126
779.3229999542236, -1e+100, 103332.8604631126
779.3309998512268, -1e+100, 103332.8604631126
779.3379998207092, -1e+100, 103332.8604631126
779.3429999351501, -1e+100, 103332.8604631126
779.3429999351501, -1e+100, 103332.8604631126
779.3589999675751, -1e+100, 103332.8604631126
779.3589999675751, -1e+100, 103332.8604631126
779.3739998340607, -1e+100, 103332.8604631126
779.3819999694824, -1e+100, 103332.8604631126
779.3899998664856, -1e+100, 103332.8604631126
779.396999835968, -1e+100, 103332.8604631126
779.4029998779297, -1e+100, 103332.8604631126
782.6710000038147, -1e+100, 103331.05269248855
782.6740000247955, -1e+100, 103331.05269248855
782.6879999637604, -1e+100, 103331.05269248855
782.6949999332428, -1e+100, 103331.05269248855
782.7079999446869, -1e+100, 103331.05269248855
782.7079999446869, -1e+100, 103331.05269248855
782.7269999980927, -1e+100, 103328.7792674243
785.9470000267029, -1e+100, 103328.7792674243
785.9589998722076, -1e+100, 103328.7792674243
785.9649999141693, -1e+100, 103328.7792674243
785.9649999141693, -1e+100, 103328.7792674243
785.9839999675751, -1e+100, 103328.7792674243
785.9909999370575, -1e+100, 103328.48185572583
785.9959998130798, -1e+100, 103328.4347255012
786.0030000209808, -1e+100, 103328.35333489222
786.0099999904633, -1e+100, 103328.35333489222
786.0159997940063, -1e+100, 103328.35333489222
786.0239999294281, -1e+100, 103328.35333489222
786.0299999713898, -1e+100, 103328.35333489222
789.3129999637604, -1e+100, 103328.35333489222
789.3239998817444, -1e+100, 103328.35333489222
789.3289999961853, -1e+100, 103327.53892323415
789.3349997997284, -1e+100, 103327.53892323415
789.3439998626709, -1e+100, 103327.53892323415
789.3439998626709, -1e+100, 103327.53892323415
789.3559999465942, -1e+100, 103327.53892323415
789.3609998226166, -1e+100, 103327.53892323415
789.3689999580383, -1e+100, 103327.53892323415
792.7339999675751, -1e+100, 103327.53892323415
792.7389998435974, -1e+100, 103327.53892323415
792.7579998970032, -1e+100, 103325.82770325863
792.7679998874664, -1e+100, 103325.82770325863
792.7739999294281, -1e+100, 103325.82770325863
792.7889997959137, -1e+100, 103325.82770325863
792.7999999523163, -1e+100, 103325.82770325863
792.8099999427795, -1e+100, 103325.82770325863
792.8179998397827, -1e+100, 103325.82770325863
795.5199999809265, -1e+100, 103325.82770325863
795.5249998569489, -1e+100, 103325.82770325863
795.5389997959137, -1e+100, 103325.82770325863
795.5490000247955, -1e+100, 103325.82770325863
795.5490000247955, -1e+100, 103325.82770325863
795.5649998188019, -1e+100, 103325.82770325863
795.5729999542236, -1e+100, 103325.82770325863
795.5809998512268, -1e+100, 103325.82770325863
795.5889999866486, -1e+100, 103325.82770325863
795.5979998111725, -1e+100, 103325.82770325863
795.6050000190735, -1e+100, 103325.82770325863
795.6099998950958, -1e+100, 103323.34507420246
798.9719998836517, -1e+100, 103323.34507420246
798.9889998435974, -1e+100, 103323.34507420246
798.9889998435974, -1e+100, 103323.34507420246
799.0069999694824, -1e+100, 103323.34507420246
799.0069999694824, -1e+100, 103323.34507420246
799.0230000019073, -1e+100, 103323.34507420246
799.0230000019073, -1e+100, 103322.54881851998
799.039999961853, -1e+100, 103322.54881851998
802.3529999256134, -1e+100, 103319.37989363744
802.3550000190735, -1e+100, 103319.06792361796
802.3729999065399, -1e+100, 103319.06792361796
802.3729999065399, -1e+100, 103319.06792361796
805.9539999961853, -1e+100, 103319.06792361796
805.9599997997284, -1e+100, 103319.06792361796
805.9769999980927, -1e+100, 103319.06792361796
805.9809999465942, -1e+100, 103319.06792361796
806.0009999275208, -1e+100, 103319.06792361796
809.3269999027252, -1e+100, 103319.06792361796
809.3439998626709, -1e+100, 103317.7262421447
809.3539998531342, -1e+100, 103317.7262421447
809.3629999160767, -1e+100, 103317.7262421447
812.7419998645782, -1e+100, 103316.65764790545
812.760999917984, -1e+100, 103316.65764790545
812.7760000228882, -1e+100, 103316.65764790545
812.7889997959137, -1e+100, 103316.65764790545
812.7979998588562, -1e+100, 103316.65764790545
812.811999797821, -1e+100, 103316.65764790545
812.8269999027252, -1e+100, 103316.65764790545
812.8379998207092, -1e+100, 103316.65764790545
812.845999956131, -1e+100, 103316.65764790545
812.8529999256134, -1e+100, 103316.65764790545
812.8599998950958, -1e+100, 103316.65764790545
812.8650000095367, -1e+100, 103316.65764790545
812.8709998130798, -1e+100, 103316.65764790545
812.8780000209808, -1e+100, 103316.65764790545
812.8839998245239, -1e+100, 103316.65764790545
812.8899998664856, -1e+100, 103316.65764790545
812.896999835968, -1e+100, 103316.65764790545
812.9010000228882, -1e+100, 103316.65764790545
812.9079999923706, -1e+100, 103316.65764790545
816.5079998970032, -1e+100, 103316.65764790545
816.5130000114441, -1e+100, 103316.04511920524
819.6909999847412, -1e+100, 103316.04511920524
819.7070000171661, -1e+100, 103316.04511920524
819.7219998836517, -1e+100, 103316.04511920524
823.0199999809265, -1e+100, 103316.04511920524
823.0360000133514, -1e+100, 103316.04511920524
823.0490000247955, -1e+100, 103316.04511920524
823.050999879837, -1e+100, 103316.04511920524
823.0709998607635, -1e+100, 103316.04511920524
823.0789999961853, -1e+100, 103316.04511920524
823.0899999141693, -1e+100, 103316.04511920524
823.0979998111725, -1e+100, 103316.04511920524
823.0989999771118, -1e+100, 103316.04511920524
823.0989999771118, -1e+100, 103316.04511920524
826.5460000038147, -1e+100, 103316.04511920524
826.5479998588562, -1e+100, 103316.04511920524
826.566999912262, -1e+100, 103316.04511920524
826.5709998607635, -1e+100, 103316.04511920524
826.5820000171661, -1e+100, 103316.04511920524
826.5859999656677, -1e+100, 103316.04511920524
826.5979998111725, -1e+100, 103314.38835742533
826.6050000190735, -1e+100, 103314.38835742533
826.6109998226166, -1e+100, 103314.38835742533
826.617999792099, -1e+100, 103314.38835742533
826.6209998130798, -1e+100, 103313.76787890411
826.6319999694824, -1e+100, 103313.76787890411
829.7679998874664, -1e+100, 103313.76787890411
829.7789998054504, -1e+100, 103313.76787890411
829.7869999408722, -1e+100, 103313.76787890411
829.7929999828339, -1e+100, 103311.79059461573
829.800999879837, -1e+100, 103311.79059461573
829.8039999008179, -1e+100, 103311.79059461573
829.819000005722, -1e+100, 103311.79059461573
833.1539998054504, -1e+100, 103311.79059461573
833.164999961853, -1e+100, 103311.79059461573
833.1699998378754, -1e+100, 103311.79059461573
833.1699998378754, -1e+100, 103311.79059461573
833.1879999637604, -1e+100, 103311.79059461573
833.1949999332428, -1e+100, 103311.79059461573
833.2119998931885, -1e+100, 103311.79059461573
833.2189998626709, -1e+100, 103311.79059461573
833.2259998321533, -1e+100, 103311.79059461573
833.2329998016357, -1e+100, 103311.79059461573
836.7099997997284, -1e+100, 103311.79059461573
836.7219998836517, -1e+100, 103310.39276355543
836.7349998950958, -1e+100, 103310.39276355543
836.7349998950958, -1e+100, 103310.39276355543
836.7539999485016, -1e+100, 103310.39276355543
836.7639999389648, -1e+100, 103310.39276355543
836.7699999809265, -1e+100, 103310.39159447298
836.7699999809265, -1e+100, 103310.39159447298
839.9079999923706, -1e+100, 103310.39159447298
839.9189999103546, -1e+100, 103310.39159447298
839.925999879837, -1e+100, 103310.39159447298
839.9359998703003, -1e+100, 103310.39159447298
839.9429998397827, -1e+100, 103310.39159447298
839.9429998397827, -1e+100, 103310.39159447298
839.9519999027252, -1e+100, 103310.39159447298
839.9599997997284, -1e+100, 103310.36708621787
839.9679999351501, -1e+100, 103310.36708621787
839.9769999980927, -1e+100, 103310.36708621787
839.9829998016357, -1e+100, 103309.9701074073
843.6689999103546, -1e+100, 103308.85859184335
843.6689999103546, -1e+100, 103308.85859184335
843.6889998912811, -1e+100, 103308.85859184335
843.6909999847412, -1e+100, 103308.85859184335
843.704999923706, -1e+100, 103308.85859184335
843.704999923706, -1e+100, 103308.85859184335
843.7249999046326, -1e+100, 103308.85859184335
843.7329998016357, -1e+100, 103308.85859184335
843.7439999580383, -1e+100, 103308.85859184335
843.7519998550415, -1e+100, 103308.41986783326
843.7539999485016, -1e+100, 103307.79864498714
843.7539999485016, -1e+100, 103307.74554894622
843.7789998054504, -1e+100, 103307.74554894622
847.2419998645782, -1e+100, 103307.38784191516
847.260999917984, -1e+100, 103307.38784191516
847.260999917984, -1e+100, 103307.38784191516
847.2779998779297, -1e+100, 103307.38784191516
847.2779998779297, -1e+100, 103307.38784191516
847.2960000038147, -1e+100, 103307.38784191516
847.3029999732971, -1e+100, 103307.38784191516
847.3099999427795, -1e+100, 103307.38784191516
847.316999912262, -1e+100, 103307.38784191516
850.6849999427795, -1e+100, 103307.38784191516
850.7079999446869, -1e+100, 103307.38784191516
850.7149999141693, -1e+100, 103306.63674214315
850.7219998836517, -1e+100, 103306.63674214315
850.7349998950958, -1e+100, 103306.63674214315
850.7379999160767, -1e+100, 103306.63674214315
850.7559998035431, -1e+100, 103306.63674214315
850.7639999389648, -1e+100, 103306.63674214315
850.7699999809265, -1e+100, 103306.63674214315
850.7799999713898, -1e+100, 103306.63674214315
850.7909998893738, -1e+100, 103306.63674214315
850.8019998073578, -1e+100, 103306.63674214315
853.5809998512268, -1e+100, 103306.63674214315
853.5809998512268, -1e+100, 103305.78107139515
853.5979998111725, -1e+100, 103305.78107139515
853.5979998111725, -1e+100, 103305.78107139515
853.6119999885559, -1e+100, 103305.78107139515
853.6159999370575, -1e+100, 103305.78107139515
853.6159999370575, -1e+100, 103305.78107139515
857.0179998874664, -1e+100, 103305.78107139515
857.0179998874664, -1e+100, 103302.1667878655
857.039999961853, -1e+100, 103302.1667878655
857.0499999523163, -1e+100, 103302.1667878655
857.0499999523163, -1e+100, 103302.1667878655
857.069000005722, -1e+100, 103302.1667878655
857.0759999752045, -1e+100, 103302.1667878655
857.0839998722076, -1e+100, 103302.1667878655
860.4269998073578, -1e+100, 103302.1667878655
860.436999797821, -1e+100, 103302.1667878655
860.4429998397827, -1e+100, 103302.1667878655
860.4429998397827, -1e+100, 103298.66902965696
860.4579999446869, -1e+100, 103298.66902965696
860.4579999446869, -1e+100, 103298.66902965696
860.4739999771118, -1e+100, 103298.66902965696
860.481999874115, -1e+100, 103298.66902965696
860.4919998645782, -1e+100, 103298.66902965696
863.9800000190735, -1e+100, 103298.66902965696
863.9900000095367, -1e+100, 103298.66902965696
863.9969999790192, -1e+100, 103298.66902965696
864.0039999485016, -1e+100, 103298.66902965696
864.0119998455048, -1e+100, 103297.80160495322
864.0179998874664, -1e+100, 103297.80160495322
864.0239999294281, -1e+100, 103297.80160495322
864.0319998264313, -1e+100, 103297.80160495322
867.7199997901917, -1e+100, 103297.80160495322
867.7349998950958, -1e+100, 103297.80160495322
867.7509999275208, -1e+100, 103297.80160495322
867.7549998760223, -1e+100, 103297.80160495322
867.7689998149872, -1e+100, 103297.80160495322
867.7819998264313, -1e+100, 103297.80160495322
867.7929999828339, -1e+100, 103297.80160495322
871.4240000247955, -1e+100, 103297.80160495322
871.441999912262, -1e+100, 103297.80160495322
871.444000005722, -1e+100, 103297.80160495322
871.4629998207092, -1e+100, 103297.80160495322
871.4739999771118, -1e+100, 103297.06674826253
871.4849998950958, -1e+100, 103297.06674826253
871.4919998645782, -1e+100, 103297.06674826253
875.079999923706, -1e+100, 103297.06674826253
875.0920000076294, -1e+100, 103297.06674826253
875.0969998836517, -1e+100, 103297.06674826253
875.1009998321533, -1e+100, 103297.06674826253
875.1079998016357, -1e+100, 103297.06674826253
875.1150000095367, -1e+100, 103297.06674826253
875.1199998855591, -1e+100, 103297.06674826253
875.1289999485016, -1e+100, 103292.78392205096
875.1319999694824, -1e+100, 103292.78392205096
875.1459999084473, -1e+100, 103292.32998192815
875.1569998264313, -1e+100, 103292.32998192815
878.819000005722, -1e+100, 103292.32998192815
878.8329999446869, -1e+100, 103292.32998192815
878.8339998722076, -1e+100, 103292.19565572636
878.8519999980927, -1e+100, 103292.19565572636
878.8519999980927, -1e+100, 103292.19565572636
878.8650000095367, -1e+100, 103292.19565572636
878.8689999580383, -1e+100, 103292.19565572636
878.8689999580383, -1e+100, 103292.19565572636
878.885999917984, -1e+100, 103292.19565572636
882.2229998111725, -1e+100, 103292.19565572636
882.2349998950958, -1e+100, 103292.19565572636
882.2409999370575, -1e+100, 103292.19565572636
882.2439999580383, -1e+100, 103291.46436390844
882.2569999694824, -1e+100, 103291.46436390844
882.2749998569489, -1e+100, 103291.46436390844
882.2849998474121, -1e+100, 103291.46436390844
882.2949998378754, -1e+100, 103291.46436390844
882.3069999217987, -1e+100, 103291.46436390844
885.5920000076294, -1e+100, 103291.25960408246
885.5920000076294, -1e+100, 103290.00282554796
885.6099998950958, -1e+100, 103290.00282554796
885.6189999580383, -1e+100, 103290.00282554796
885.6259999275208, -1e+100, 103290.00282554796
885.6309998035431, -1e+100, 103290.00282554796
885.6429998874664, -1e+100, 103290.00282554796
885.6429998874664, -1e+100, 103290.00282554796
885.6610000133514, -1e+100, 103290.00282554796
885.6669998168945, -1e+100, 103290.00282554796
885.6729998588562, -1e+100, 103290.00282554796
885.680999994278, -1e+100, 103290.00282554796
889.2279999256134, -1e+100, 103290.00282554796
889.2449998855591, -1e+100, 103289.45364715409
889.2449998855591, -1e+100, 103289.45364715409
889.2619998455048, -1e+100, 103289.45364715409
892.6859998703003, -1e+100, 103289.45364715409
892.7009999752045, -1e+100, 103288.4376972435
892.7009999752045, -1e+100, 103288.4376972435
892.7179999351501, -1e+100, 103288.4376972435
892.7300000190735, -1e+100, 103288.4376972435
892.7379999160767, -1e+100, 103288.4376972435
892.7439999580383, -1e+100, 103288.26730252965
892.7519998550415, -1e+100, 103288.26730252965
896.444000005722, -1e+100, 103286.7134755884
896.4579999446869, -1e+100, 103286.7134755884
896.4609999656677, -1e+100, 103286.7134755884
896.4739999771118, -1e+100, 103286.29752454814
896.4759998321533, -1e+100, 103286.29752454814
896.4759998321533, -1e+100, 103286.29752454814
899.4609999656677, -1e+100, 103286.29752454814
899.4679999351501, -1e+100, 103286.29752454814
903.0360000133514, -1e+100, 103286.29752454814
903.0460000038147, -1e+100, 103285.51797271452
903.0590000152588, -1e+100, 103285.51797271452
903.069000005722, -1e+100, 103285.51797271452
903.0699999332428, -1e+100, 103285.51797271452
903.0699999332428, -1e+100, 103285.51797271452
903.0909998416901, -1e+100, 103285.51797271452
903.0989999771118, -1e+100, 103285.51797271452
903.1079998016357, -1e+100, 103285.51797271452
903.1159999370575, -1e+100, 103285.51797271452
903.1229999065399, -1e+100, 103285.51797271452
906.7379999160767, -1e+100, 103285.51797271452
906.7579998970032, -1e+100, 103285.51797271452
906.771999835968, -1e+100, 103285.51797271452
906.771999835968, -1e+100, 103284.06826365537
906.7909998893738, -1e+100, 103284.06826365537
906.8019998073578, -1e+100, 103283.89294391513
906.816999912262, -1e+100, 103283.89294391513
906.8259999752045, -1e+100, 103283.89294391513
906.8349997997284, -1e+100, 103283.89294391513
910.4110000133514, -1e+100, 103283.89294391513
910.4249999523163, -1e+100, 103283.89294391513
910.4389998912811, -1e+100, 103283.89294391513
910.4389998912811, -1e+100, 103283.89294391513
910.4539999961853, -1e+100, 103283.89294391513
910.4539999961853, -1e+100, 103283.89294391513
913.970999956131, -1e+100, 103283.89294391513
913.9900000095367, -1e+100, 103283.89294391513
913.9959998130798, -1e+100, 103283.89294391513
914.0049998760223, -1e+100, 103283.89294391513
914.0130000114441, -1e+100, 103283.89294391513
914.0199999809265, -1e+100, 103283.89294391513
914.0260000228882, -1e+100, 103283.89294391513
914.0329999923706, -1e+100, 103283.89294391513
914.0409998893738, -1e+100, 103283.89294391513
914.0490000247955, -1e+100, 103283.89294391513
917.4319999217987, -1e+100, 103283.89294391513
917.4409999847412, -1e+100, 103281.96703736982
917.4499998092651, -1e+100, 103281.96703736982
917.4619998931885, -1e+100, 103281.96703736982
917.4699997901917, -1e+100, 103281.96703736982
917.4699997901917, -1e+100, 103281.96703736982
920.7079999446869, -1e+100, 103281.96703736982
920.7109999656677, -1e+100, 103281.96703736982
920.7349998950958, -1e+100, 103281.96703736982
920.7459998130798, -1e+100, 103278.64138421837
920.7489998340607, -1e+100, 103278.64138421837
920.7489998340607, -1e+100, 103278.64138421837
920.7679998874664, -1e+100, 103278.64138421837
920.7760000228882, -1e+100, 103278.64138421837
924.300999879837, -1e+100, 103278.11428267036
924.3039999008179, -1e+100, 103278.11428267036
924.3199999332428, -1e+100, 103278.11428267036
924.329999923706, -1e+100, 103278.11428267036
924.3429999351501, -1e+100, 103278.11428267036
924.3539998531342, -1e+100, 103278.11428267036
927.970999956131, -1e+100, 103278.11428267036
927.981999874115, -1e+100, 103278.11428267036
927.9909999370575, -1e+100, 103278.11428267036
927.992999792099, -1e+100, 103278.11428267036
928.0009999275208, -1e+100, 103278.11428267036
928.0030000209808, -1e+100, 103278.11428267036
928.0199999809265, -1e+100, 103276.31056902607
928.0279998779297, -1e+100, 103276.31056902607
931.6389999389648, -1e+100, 103276.15831674427
931.6510000228882, -1e+100, 103276.15831674427
931.6610000133514, -1e+100, 103276.15831674427
935.1789999008179, -1e+100, 103276.15831674427
935.191999912262, -1e+100, 103276.15831674427
935.2070000171661, -1e+100, 103276.15831674427
935.2070000171661, -1e+100, 103276.15831674427
935.2239999771118, -1e+100, 103276.15831674427
938.8909997940063, -1e+100, 103276.15831674427
938.8909997940063, -1e+100, 103276.15831674427
938.9069998264313, -1e+100, 103276.15831674427
938.9069998264313, -1e+100, 103276.15831674427
938.9240000247955, -1e+100, 103276.15831674427
938.9240000247955, -1e+100, 103276.15831674427
938.936999797821, -1e+100, 103276.15831674427
938.9409999847412, -1e+100, 103276.15831674427
938.9539999961853, -1e+100, 103276.15831674427
942.5999999046326, -1e+100, 103276.15831674427
942.6159999370575, -1e+100, 103276.15831674427
942.6189999580383, -1e+100, 103276.15831674427
942.6269998550415, -1e+100, 103271.78207962596
942.6369998455048, -1e+100, 103271.64104486871
942.6369998455048, -1e+100, 103271.64104486871
942.6519999504089, -1e+100, 103271.64104486871
942.6519999504089, -1e+100, 103271.64104486871
942.6689999103546, -1e+100, 103271.64104486871
942.6779999732971, -1e+100, 103271.64104486871
942.6849999427795, -1e+100, 103271.64104486871
946.300999879837, -1e+100, 103271.64104486871
946.3099999427795, -1e+100, 103271.64104486871
946.319000005722, -1e+100, 103271.64104486871
946.319000005722, -1e+100, 103271.64104486871
946.3320000171661, -1e+100, 103271.64104486871
946.3320000171661, -1e+100, 103271.64104486871
946.3479998111725, -1e+100, 103271.64104486871
946.3559999465942, -1e+100, 103271.64104486871
949.3339998722076, -1e+100, 103271.64104486871
949.3499999046326, -1e+100, 103271.64104486871
949.3499999046326, -1e+100, 103271.64104486871
949.3639998435974, -1e+100, 103271.64104486871
949.3669998645782, -1e+100, 103271.64104486871
949.3669998645782, -1e+100, 103271.64104486871
949.3839998245239, -1e+100, 103271.64104486871
949.3839998245239, -1e+100, 103271.64104486871
949.4010000228882, -1e+100, 103271.64104486871
949.4119999408722, -1e+100, 103271.64104486871
949.4179999828339, -1e+100, 103271.64104486871
953.0829999446869, -1e+100, 103271.64104486871
953.0939998626709, -1e+100, 103271.64104486871
953.0939998626709, -1e+100, 103271.64104486871
953.1150000095367, -1e+100, 103271.64104486871
953.1199998855591, -1e+100, 103271.64104486871
953.1299998760223, -1e+100, 103271.64104486871
953.1480000019073, -1e+100, 103271.64104486871
956.7960000038147, -1e+100, 103267.64326638132
956.8099999427795, -1e+100, 103267.64326638132
956.811999797821, -1e+100, 103267.64326638132
956.8269999027252, -1e+100, 103267.64326638132
956.8349997997284, -1e+100, 103267.64326638132
964.1150000095367, -1e+100, 103265.59212643333
964.1280000209808, -1e+100, 103265.59212643333
964.1369998455048, -1e+100, 103265.59212643333
964.1449999809265, -1e+100, 103265.59212643333
964.1559998989105, -1e+100, 103265.59212643333
964.1639997959137, -1e+100, 103265.59212643333
967.8639998435974, -1e+100, 103265.59212643333
967.8780000209808, -1e+100, 103265.59212643333
967.885999917984, -1e+100, 103265.59212643333
967.885999917984, -1e+100, 103265.59212643333
967.9019999504089, -1e+100, 103265.59212643333
967.914999961853, -1e+100, 103265.59212643333
970.856999874115, -1e+100, 103265.59212643333
970.8729999065399, -1e+100, 103265.59212643333
970.8780000209808, -1e+100, 103265.59212643333
974.4449999332428, -1e+100, 103265.59212643333
974.4619998931885, -1e+100, 103265.59212643333
974.4729998111725, -1e+100, 103265.59212643333
974.4789998531342, -1e+100, 103265.59212643333
978.4069998264313, -1e+100, 103262.32508301722
978.4210000038147, -1e+100, 103262.32508301722
978.4279999732971, -1e+100, 103262.32508301722
978.436999797821, -1e+100, 103262.32508301722
982.1489999294281, -1e+100, 103260.26533161674
982.1610000133514, -1e+100, 103259.63174818493
982.1729998588562, -1e+100, 103259.63174818493
985.9340000152588, -1e+100, 103259.63174818493
985.944000005722, -1e+100, 103259.63174818493
985.9579999446869, -1e+100, 103259.63174818493
989.8729999065399, -1e+100, 103259.63174818493
989.885999917984, -1e+100, 103257.41187403079
989.8899998664856, -1e+100, 103257.41187403079
993.6419999599457, -1e+100, 103256.63949719029
993.6569998264313, -1e+100, 103256.63949719029
993.6659998893738, -1e+100, 103256.63949719029
993.6659998893738, -1e+100, 103256.63949719029
993.6849999427795, -1e+100, 103256.63437728336
993.6929998397827, -1e+100, 103256.63437728336
997.2559998035431, -1e+100, 103256.63437728336
997.2679998874664, -1e+100, 103255.36846846646
997.271999835968, -1e+100, 103255.36846846646
997.2860000133514, -1e+100, 103255.36846846646
997.2860000133514, -1e+100, 103255.36846846646
997.3090000152588, -1e+100, 103255.36846846646
1001.0859999656677, -1e+100, 103255.36846846646
1001.1050000190735, -1e+100, 103255.36846846646
1004.8359999656677, -1e+100, 103255.36846846646
1004.8359999656677, -1e+100, 103255.36846846646
1004.8529999256134, -1e+100, 103255.36846846646
1008.7369999885559, -1e+100, 103255.36846846646
1008.7579998970032, -1e+100, 103252.64507827282
1008.7579998970032, -1e+100, 103252.64507827282
1008.7789998054504, -1e+100, 103252.64507827282
1008.7869999408722, -1e+100, 103252.64507827282
1008.7990000247955, -1e+100, 103252.64507827282
1008.8069999217987, -1e+100, 103251.0357526618
1012.231999874115, -1e+100, 103251.0357526618
1012.2449998855591, -1e+100, 103251.0357526618
1012.2519998550415, -1e+100, 103249.85329872971
1012.2569999694824, -1e+100, 103249.30145167263
1012.2569999694824, -1e+100, 103249.30145167263
1012.2730000019073, -1e+100, 103249.30145167263
1012.2730000019073, -1e+100, 103249.30145167263
1015.8909997940063, -1e+100, 103249.30145167263
1015.9079999923706, -1e+100, 103249.30145167263
1015.9079999923706, -1e+100, 103249.30145167263
1015.9249999523163, -1e+100, 103248.6173096311
1015.9279999732971, -1e+100, 103248.6173096311
1015.9409999847412, -1e+100, 103248.6173096311
1015.9489998817444, -1e+100, 103248.6173096311
1015.954999923706, -1e+100, 103248.6173096311
1015.9629998207092, -1e+100, 103248.6173096311
1019.4169998168945, -1e+100, 103248.3689832878
1019.425999879837, -1e+100, 103248.3689832878
1019.4289999008179, -1e+100, 103248.27005344462
1019.444000005722, -1e+100, 103247.6628057634
1023.0869998931885, -1e+100, 103247.6628057634
1023.0969998836517, -1e+100, 103247.6628057634
1023.106999874115, -1e+100, 103247.6628057634
1023.106999874115, -1e+100, 103247.6628057634
1023.1229999065399, -1e+100, 103247.6628057634
1026.7530000209808, -1e+100, 103247.6628057634
1026.7659997940063, -1e+100, 103246.29637047811
1026.7689998149872, -1e+100, 103246.29637047811
1026.7689998149872, -1e+100, 103246.29637047811
1026.7889997959137, -1e+100, 103246.29637047811
1026.7889997959137, -1e+100, 103246.29637047811
1026.8049998283386, -1e+100, 103246.29637047811
1026.8129999637604, -1e+100, 103246.29637047811
1026.819000005722, -1e+100, 103246.29637047811
1026.8269999027252, -1e+100, 103246.29637047811
1026.832999944687, -1e+100, 103246.29637047811
1030.3249998092651, -1e+100, 103246.29637047811
1030.3420000076294, -1e+100, 103246.29637047811
1030.3519999980927, -1e+100, 103246.29637047811
1030.3629999160767, -1e+100, 103246.29637047811
1030.3739998340607, -1e+100, 103246.29637047811
1030.380999803543, -1e+100, 103246.29637047811
1030.3869998455048, -1e+100, 103246.29637047811
1030.3929998874664, -1e+100, 103246.29637047811
1030.398999929428, -1e+100, 103246.29637047811
1030.4069998264313, -1e+100, 103246.29637047811
1034.4340000152588, -1e+100, 103246.29637047811
1034.4459998607635, -1e+100, 103246.29637047811
1034.4539999961853, -1e+100, 103246.29637047811
1034.4619998931885, -1e+100, 103246.29637047811
1034.4679999351501, -1e+100, 103246.29637047811
1034.4749999046326, -1e+100, 103246.29637047811
1034.481999874115, -1e+100, 103246.29637047811
1034.4879999160767, -1e+100, 103243.53570357326
1034.494999885559, -1e+100, 103243.53570357326
1034.5030000209808, -1e+100, 103243.53570357326
1034.508999824524, -1e+100, 103243.53570357326
1034.5149998664856, -1e+100, 103243.53570357326
1034.5249998569489, -1e+100, 103243.53570357326
1034.5329999923706, -1e+100, 103243.53570357326
1034.537999868393, -1e+100, 103243.53570357326
1034.5449998378754, -1e+100, 103243.53570357326
1034.550999879837, -1e+100, 103243.53570357326
1034.5569999217987, -1e+100, 103243.53570357326
1034.5569999217987, -1e+100, 103243.53570357326
1034.5729999542236, -1e+100, 103243.53570357326
1038.151999950409, -1e+100, 103243.53570357326
1038.162999868393, -1e+100, 103243.53570357326
1041.9049999713898, -1e+100, 103243.53570357326
1041.9189999103546, -1e+100, 103243.53570357326
1041.9240000247955, -1e+100, 103243.44751533336
1049.1109998226166, -1e+100, 103241.24211387809
1049.1129999160767, -1e+100, 103240.8119095128
1049.133999824524, -1e+100, 103240.8119095128
1049.1429998874664, -1e+100, 103240.8119095128
1052.9889998435974, -1e+100, 103240.8119095128
1053.0019998550415, -1e+100, 103240.8119095128
1053.0099999904633, -1e+100, 103240.8119095128
1053.0099999904633, -1e+100, 103240.8119095128
1053.0249998569489, -1e+100, 103240.8119095128
1053.034999847412, -1e+100, 103240.8119095128
1053.0429999828339, -1e+100, 103240.8119095128
1057.0899999141693, -1e+100, 103240.8119095128
1057.1019999980927, -1e+100, 103240.8119095128
1057.1159999370575, -1e+100, 103239.22541360471
1057.1259999275208, -1e+100, 103239.22541360471
1057.1289999485016, -1e+100, 103239.22541360471
1061.0019998550415, -1e+100, 103239.22541360471
1061.0199999809265, -1e+100, 103238.56988489005
1061.0319998264313, -1e+100, 103238.56988489005
1061.0329999923706, -1e+100, 103238.56988489005
1061.0539999008179, -1e+100, 103237.7779624477
1065.005999803543, -1e+100, 103237.7779624477
1065.0149998664856, -1e+100, 103237.60760793377
1065.0199999809265, -1e+100, 103237.60760793377
1068.135999917984, -1e+100, 103237.60760793377
1068.1459999084473, -1e+100, 103237.60760793377
1068.1559998989105, -1e+100, 103237.60760793377
1072.125, -1e+100, 103237.60760793377
1072.133999824524, -1e+100, 103237.60760793377
1076.1399998664856, -1e+100, 103234.80453447343
1076.1610000133514, 63978.15666405648, 103234.80453447343
1076.1749999523163, 63978.15666405648, 103234.80453447343
1076.1829998493195, 63978.15666405648, 103234.80453447343
1076.1959998607635, 63978.15666405648, 103234.80453447343
1076.1989998817444, 63978.15666405648, 103234.80453447343
1076.2119998931885, 63978.15666405648, 103234.80453447343
1076.2119998931885, 63978.15666405648, 103234.80453447343
1076.2269999980927, 63978.15666405648, 103234.80453447343
1076.231999874115, 63978.15666405648, 103234.80453447343
1080.4609999656677, 63978.15666405648, 103234.80453447343
1080.4779999256134, 63978.15666405648, 103232.94878542767
1080.4889998435974, 63978.15666405648, 103232.0944217867
1080.4969999790192, 63978.15666405648, 103232.0944217867
1080.4969999790192, 63978.15666405648, 103232.0944217867
1080.513000011444, 63978.15666405648, 103232.0944217867
1080.513000011444, 63978.15666405648, 103232.0944217867
1084.651999950409, 63978.15666405648, 103232.0944217867
1084.6610000133514, 63978.15666405648, 103232.0944217867
1084.6619999408722, 63978.15666405648, 103230.93403604711
1089.0209999084473, 63978.15666405648, 103230.93403604711
1089.0289998054504, 63978.15666405648, 103228.6759123414
1089.0389997959137, 63978.15666405648, 103228.48810273121
1089.0460000038147, 63978.15666405648, 103228.48810273121
1093.2979998588562, 63978.15666405648, 103227.98673735603
1093.300999879837, 63978.15666405648, 103227.66516624973
1093.300999879837, 63978.15666405648, 103227.66516624973
1093.3209998607635, 63978.15666405648, 103227.66516624973
1097.5209999084473, 63978.15666405648, 103227.66516624973
1097.5369999408722, 63978.15666405648, 103227.66516624973
1097.5419998168945, 63978.15666405648, 103223.6807019251
1097.5539999008179, 63978.15666405648, 103223.6807019251
1101.5579998493195, 63978.15666405648, 103222.05199489302
1101.5729999542236, 63978.15666405648, 103222.05199489302
1101.577999830246, 63978.15666405648, 103222.05199489302
1106.1150000095367, 63978.15666405648, 103222.05199489302
1106.1299998760223, 63978.15666405648, 103222.05199489302
1106.1409997940063, 63978.15666405648, 103221.97682386568
1106.1409997940063, 63978.15666405648, 103221.97682386568
1106.1559998989105, 63978.15666405648, 103221.97682386568
1106.162999868393, 63978.15666405648, 103219.92860710697
1111.3959999084473, 63978.15666405648, 103219.92860710697
1111.4049999713898, 63978.15666405648, 103219.92860710697
1111.4139997959137, 63978.15666405648, 103219.92860710697
1111.4199998378754, 63978.15666405648, 103219.92860710697
1111.4199998378754, 63978.15666405648, 103219.92860710697
1111.4359998703003, 63978.15666405648, 103219.92860710697
1111.4359998703003, 63978.15666405648, 103219.92860710697
1111.4599997997284, 63979.01996287951, 103219.92860710697
1111.4649999141693, 63979.01996287951, 103219.92860710697
1111.4719998836517, 63979.01996287951, 103219.92860710697
1111.4719998836517, 63979.01996287951, 103219.92860710697
1115.8069999217987, 63979.01996287951, 103217.47330248229
1115.8229999542236, 63979.01996287951, 103217.47330248229
1115.8349997997284, 63979.01996287951, 103217.47330248229
1115.8479998111725, 63979.01996287951, 103217.47330248229
1120.108999967575, 63979.01996287951, 103216.60741859872
1120.12299990654, 63979.01996287951, 103216.60741859872
1124.430999994278, 63979.01996287951, 103215.60431724814
1124.441999912262, 63979.01996287951, 103215.60431724814
1124.4470000267029, 63979.01996287951, 103215.60431724814
1124.457999944687, 63979.01996287951, 103215.60431724814
1124.4639999866486, 63979.01996287951, 103215.60431724814
1128.6639997959137, 63979.01996287951, 103213.66329571993
1128.6719999313354, 63979.01996287951, 103213.66329571993
1128.6769998073578, 63979.01996287951, 103213.66329571993
1128.6799998283386, 63979.01996287951, 103213.36977042595
1128.691999912262, 63979.01996287951, 103213.36977042595
1133.2149999141693, 63979.01996287951, 103213.26291273753
1133.2269999980927, 63979.01996287951, 103213.26291273753
1133.242999792099, 63979.01996287951, 103213.26291273753
1133.242999792099, 63979.01996287951, 103213.26291273753
1137.454999923706, 63979.01996287951, 103212.7676881443
1137.4670000076294, 63979.01996287951, 103212.7676881443
1141.7569999694824, 63979.01996287951, 103212.00346712668
1141.7679998874664, 63979.01996287951, 103212.00346712668
1141.7709999084473, 63979.01996287951, 103212.00346712668
1141.7709999084473, 63979.01996287951, 103211.45551414743
1141.7909998893738, 63979.01996287951, 103211.25271437236
1141.7909998893738, 63979.01996287951, 103211.07400240326
1146.023999929428, 63979.01996287951, 103211.07400240326
1146.0360000133514, 63979.01996287951, 103211.07400240326
1146.0439999103546, 63979.01996287951, 103211.07400240326
1146.0569999217987, 63979.01996287951, 103210.29768795602
1146.0569999217987, 63979.01996287951, 103208.00238604599
1146.0699999332428, 63979.01996287951, 103208.00238604599
1151.175999879837, 63979.01996287951, 103208.00238604599
1151.186999797821, 63979.01996287951, 103207.33937769136
1151.204999923706, 66511.52670353693, 103207.33937769136
1151.2179999351501, 66511.52670353693, 103206.73442954628
1151.2199997901917, 66511.52670353693, 103206.73442954628
1155.175999879837, 66511.52670353693, 103206.65775198891
1155.191999912262, 66511.52670353693, 103206.61722989932
1155.1999998092651, 66511.52670353693, 103206.46786505131
1155.2149999141693, 66511.52670353693, 103206.46786505131
1155.2269999980927, 66511.52670353693, 103206.46786505131
1161.3029999732971, 66511.52670353693, 103205.99973530816
1161.3029999732971, 66511.52670353693, 103205.99973530816
1161.3029999732971, 66511.52670353693, 103205.99973530816
1161.3249998092651, 66511.52670353693, 103205.99973530816
1161.3249998092651, 66511.52670353693, 103205.99973530816
1165.5289998054504, 66511.52670353693, 103205.99973530816
1165.5389997959137, 66511.52670353693, 103203.73763549804
1165.5469999313354, 66511.52670353693, 103203.73763549804
1165.555999994278, 66511.52670353693, 103203.73763549804
1165.566999912262, 66511.52670353693, 103203.73763549804
1169.816999912262, 66511.52670353693, 103203.31685399152
1173.9679999351501, 66511.52670353693, 103203.14968355329
1173.9859998226166, 66511.52670353693, 103203.14968355329
1173.9989998340607, 66511.52670353693, 103203.14968355329
1174.010999917984, 66511.52670353693, 103203.14968355329
1178.3489999771118, 66511.52670353693, 103203.14968355329
1178.3669998645782, 66511.52670353693, 103203.14968355329
1178.3799998760223, 66511.52670353693, 103203.14968355329
1178.3869998455048, 66511.52670353693, 103203.14968355329
1178.3869998455048, 66511.52670353693, 103203.14968355329
1182.6929998397827, 66511.52670353693, 103200.57373122017
1182.7070000171661, 66511.52670353693, 103199.42792848256
1182.7199997901917, 66511.52670353693, 103198.75818800049
1182.7300000190735, 66511.52670353693, 103198.6227015101
1187.0449998378754, 66511.52670353693, 103198.54939396633
1187.0449998378754, 66511.52670353693, 103198.54939396633
1187.0639998912811, 66511.52670353693, 103198.54939396633
1187.0639998912811, 66511.52670353693, 103198.54939396633
1187.0639998912811, 66511.52670353693, 103198.54939396633
1187.082999944687, 66511.52670353693, 103198.54939396633
1187.082999944687, 66511.52670353693, 103198.54939396633
1187.0979998111725, 66511.52670353693, 103198.54939396633
1191.4629998207092, 66511.52670353693, 103198.54939396633
1191.470999956131, 66511.52670353693, 103197.20275024293
1191.4800000190735, 66511.52670353693, 103197.20275024293
1191.4900000095367, 66511.52670353693, 103197.20275024293
1191.4989998340607, 66511.52670353693, 103197.20275024293
1195.8769998550415, 66511.52670353693, 103196.4932496101
1195.8889999389648, 66511.52670353693, 103196.4932496101
1195.8959999084473, 66511.52670353693, 103196.4932496101
1200.1510000228882, 66511.52670353693, 103196.4932496101
1200.1610000133514, 66511.52670353693, 103196.4932496101
1200.164999961853, 66511.52670353693, 103196.4932496101
1200.175999879837, 66511.52670353693, 103196.4932496101
1200.175999879837, 66511.52670353693, 103194.24182006788
1200.191999912262, 66511.52670353693, 103194.24182006788
1200.1989998817444, 66511.52670353693, 103194.24182006788
1200.207999944687, 66511.52670353693, 103194.24182006788
1200.2149999141693, 66511.52670353693, 103194.24182006788
1200.220999956131, 66511.52670353693, 103194.24182006788
1200.2249999046326, 66511.52670353693, 103194.24182006788
1204.8029999732971, 66511.52670353693, 103194.24182006788
1204.811999797821, 66511.52670353693, 103194.24182006788
1204.819000005722, 66511.52670353693, 103190.71362231762
1204.819000005722, 66511.52670353693, 103190.71362231762
1204.8349997997284, 66511.52670353693, 103190.71362231762
1204.8499999046326, 66511.52670353693, 103190.71362231762
1210.6719999313354, 66511.52670353693, 103190.71362231762
1210.686999797821, 66511.52670353693, 103190.71362231762
1210.686999797821, 66511.52670353693, 103190.71362231762
1210.707999944687, 66511.52670353693, 103190.71362231762
1210.7149999141693, 66511.52670353693, 103190.71362231762
1210.7229998111725, 66511.52670353693, 103190.71362231762
1210.7279999256134, 66511.52670353693, 103190.0758227845
1210.7389998435974, 66511.52670353693, 103190.0758227845
1210.7400000095367, 66511.52670353693, 103190.0758227845
1210.758999824524, 66511.52670353693, 103190.0758227845
1214.8309998512268, 66511.52670353693, 103190.0758227845
1214.8320000171661, 66511.52670353693, 103190.0758227845
1214.8489999771118, 66511.52670353693, 103190.0758227845
1214.8489999771118, 66511.52670353693, 103190.0758227845
1214.8659999370575, 66511.52670353693, 103190.0758227845
1214.8789999485016, 66511.52670353693, 103190.0758227845
1214.8889999389648, 66511.52670353693, 103190.0758227845
1214.896999835968, 66511.52670353693, 103190.0758227845
1214.9039998054504, 66511.52670353693, 103190.0758227845
1214.9110000133514, 66511.52670353693, 103190.0758227845
1219.4049999713898, 66511.52670353693, 103190.0758227845
1219.4139997959137, 66511.52670353693, 103190.0758227845
1219.4249999523163, 66511.52670353693, 103189.87062614693
1219.4329998493195, 66511.52670353693, 103189.6732134914
1223.9779999256134, 66511.52670353693, 103189.6732134914
1223.9889998435974, 66511.52670353693, 103189.6732134914
1223.9969999790192, 66511.52670353693, 103189.6732134914
1224.0009999275208, 66511.52670353693, 103189.6732134914
1224.008999824524, 66511.52670353693, 103189.6732134914
1224.0119998455048, 66511.52670353693, 103189.6732134914
1224.021999835968, 66511.52670353693, 103189.6732134914
1224.023999929428, 66511.52670353693, 103189.6732134914
1224.023999929428, 66511.52670353693, 103189.6732134914
1228.4789998531342, 66511.52670353693, 103189.6732134914
1228.4959998130798, 66514.97989882906, 103189.6732134914
1228.5069999694824, 66514.97989882906, 103188.82585450515
1228.5179998874664, 66514.97989882906, 103188.82585450515
1228.5260000228882, 66514.97989882906, 103188.82585450515
1228.534999847412, 66514.97989882906, 103188.82585450515
1228.5419998168945, 66514.97989882906, 103188.82585450515
1228.5490000247955, 66514.97989882906, 103188.82585450515
1228.5569999217987, 66514.97989882906, 103188.82585450515
1228.5649998188019, 66514.97989882906, 103188.82585450515
1228.5649998188019, 66514.97989882906, 103188.82585450515
1232.8309998512268, 73084.7542085878, 103188.82585450515
1232.84099984169, 73084.7542085878, 103188.82585450515
1232.8550000190735, 73084.7542085878, 103188.82585450515
1232.8659999370575, 73084.7542085878, 103188.82585450515
1232.8659999370575, 73084.7542085878, 103188.82585450515
1232.8799998760223, 73084.7542085878, 103188.82585450515
1232.885999917984, 73084.7542085878, 103188.82585450515
1232.8919999599457, 73084.7542085878, 103188.82585450515
1232.896999835968, 73084.7542085878, 103188.82585450515
1232.9029998779297, 73084.7542085878, 103188.82585450515
1237.805999994278, 73084.7542085878, 103186.23982223496
1237.8220000267029, 73084.7542085878, 103186.23982223496
1237.8220000267029, 73084.7542085878, 103186.23982223496
1237.8389999866486, 73084.7542085878, 103186.23982223496
1237.8479998111725, 73084.7542085878, 103186.23982223496
1237.8559999465942, 73084.7542085878, 103186.10123015229
1237.8609998226166, 73084.7542085878, 103186.10123015229
1237.8609998226166, 73084.7542085878, 103186.10123015229
1242.4470000267029, 73084.7542085878, 103186.10123015229
1242.4559998512268, 73084.7542085878, 103186.10123015229
1242.4629998207092, 73084.7542085878, 103186.10123015229
1242.4629998207092, 73084.7542085878, 103186.10123015229
1242.4629998207092, 73084.7542085878, 103186.10123015229
1242.4849998950958, 73084.7542085878, 103186.10123015229
1242.4919998645782, 73084.7542085878, 103186.10123015229
1242.4969999790192, 73084.7542085878, 103186.10123015229
1246.8229999542236, 73084.7542085878, 103186.10123015229
1246.8309998512268, 73084.7542085878, 103186.10123015229
1246.8449997901917, 73084.7542085878, 103186.10123015229
1246.8519999980927, 73084.7542085878, 103186.10123015229
1246.8579998016357, 73084.7542085878, 103186.10123015229
1251.4429998397827, 73084.7542085878, 103182.81962843287
1251.454999923706, 73084.7542085878, 103182.81962843287
1251.4679999351501, 73084.7542085878, 103182.81962843287
1251.4779999256134, 73084.7542085878, 103182.81962843287
1251.4859998226166, 73084.7542085878, 103182.81962843287
1251.492999792099, 73084.7542085878, 103182.81962843287
1251.5039999485016, 73084.7542085878, 103182.81962843287
1251.5149998664856, 73084.7542085878, 103182.81962843287
1251.5209999084473, 73084.7542085878, 103179.78993262583
1256.0189998149872, 73084.7542085878, 103179.78993262583
1256.0289998054504, 73084.7542085878, 103179.78993262583
1256.0369999408722, 73084.7542085878, 103179.78993262583
1256.0469999313354, 73084.7542085878, 103179.33445173125
1256.055999994278, 73084.7542085878, 103179.33445173125
1256.0649998188019, 73084.7542085878, 103179.33445173125
1260.5119998455048, 73084.7542085878, 103177.82434204826
1260.5230000019073, 73084.7542085878, 103177.82434204826
1260.534999847412, 73084.7542085878, 103177.82434204826
1264.970999956131, 73084.7542085878, 103177.82434204826
1264.9800000190735, 73084.7542085878, 103177.82434204826
1264.9859998226166, 73084.7542085878, 103177.82434204826
1264.9859998226166, 73084.7542085878, 103177.82434204826
1265.0019998550415, 73084.7542085878, 103177.82434204826
1269.401999950409, 73084.7542085878, 103172.44997388673
1269.4059998989105, 73084.7542085878, 103172.44997388673
1269.4199998378754, 73084.7542085878, 103172.44997388673
1269.425999879837, 73084.7542085878, 103172.44997388673
1269.425999879837, 73084.7542085878, 103172.44997388673
1269.441999912262, 73084.7542085878, 103172.44997388673
1275.3209998607635, 73084.7542085878, 103172.44997388673
1275.3309998512268, 73084.7542085878, 103172.44997388673
1275.3369998931885, 73084.7542085878, 103172.44997388673
1275.3479998111725, 73084.7542085878, 103172.44997388673
1275.3489999771118, 73084.7542085878, 103172.44997388673
1275.3639998435974, 75049.90017671838, 103172.44997388673
1275.383999824524, 75049.90017671838, 103172.26805638068
1279.7109999656677, 75049.90017671838, 103172.26805638068
1279.7279999256134, 75049.90017671838, 103172.26805638068
1279.744999885559, 75049.90017671838, 103172.26805638068
1279.744999885559, 75049.90017671838, 103172.26805638068
1279.7639999389648, 75049.90017671838, 103172.26805638068
1279.7749998569489, 75049.90017671838, 103171.70874738158
1279.7839999198914, 75049.90017671838, 103171.70874738158
1279.7939999103546, 75049.90017671838, 103171.70874738158
1284.3469998836517, 75049.90017671838, 103171.70874738158
1284.3499999046326, 75049.90017671838, 103171.70874738158
1284.3689999580383, 75049.90017671838, 103171.70874738158
1284.3689999580383, 75049.90017671838, 103171.70874738158
1284.3689999580383, 75049.90017671838, 103171.70874738158
1284.3869998455048, 75049.90017671838, 103171.70874738158
1284.3869998455048, 75049.90017671838, 103171.70874738158
1284.401999950409, 75049.90017671838, 103171.70874738158
1284.4089999198914, 75049.90017671838, 103171.70874738158
1284.414999961853, 75049.90017671838, 103171.70874738158
1284.4219999313354, 75049.90017671838, 103171.70874738158
1288.9619998931885, 75260.24878882793, 103171.70874738158
1288.9749999046326, 75260.24878882793, 103171.70874738158
1288.9879999160767, 75260.24878882793, 103171.70874738158
1288.99799990654, 75260.24878882793, 103171.70874738158
1293.7379999160767, 75260.24878882793, 103171.70874738158
1293.7509999275208, 75260.24878882793, 103171.70874738158
1293.758999824524, 75260.24878882793, 103171.70874738158
1293.758999824524, 75260.24878882793, 103171.70874738158
1293.7839999198914, 75260.24878882793, 103169.30595088404
1293.7939999103546, 75260.24878882793, 103168.61049285496
1298.6959998607635, 75260.24878882793, 103168.35887946829
1298.7019999027252, 75260.24878882793, 103168.35887946829
1298.7109999656677, 75260.24878882793, 103168.35887946829
1298.7119998931885, 75260.24878882793, 103168.35887946829
1298.7119998931885, 75260.24878882793, 103168.35887946829
1298.7269999980927, 75260.24878882793, 103168.35887946829
1298.7439999580383, 75260.24878882793, 103168.35887946829
1298.763000011444, 75704.50012172252, 103168.35887946829
1298.7699999809265, 75704.50012172252, 103168.35887946829
1303.6899998188019, 75704.50012172252, 103168.35887946829
1303.7099997997284, 75704.50012172252, 103168.35887946829
1303.7139999866486, 75704.50012172252, 103168.35887946829
1303.7239999771118, 75704.50012172252, 103168.35887946829
1303.7389998435974, 75704.50012172252, 103165.60057069462
1308.6209998130798, 75704.50012172252, 103165.04789487808
1308.6299998760223, 75704.50012172252, 103165.04789487808
1308.638000011444, 75704.50012172252, 103165.04789487808
1308.6449999809265, 75704.50012172252, 103162.48371648576
1317.9769999980927, 75704.50012172252, 103162.4149903057
1317.9859998226166, 75704.50012172252, 103162.4149903057
1317.9939999580383, 75704.50012172252, 103162.4149903057
1318.0009999275208, 75704.50012172252, 103162.4149903057
1322.6999998092651, 75704.50012172252, 103161.00319697372
1322.6999998092651, 75704.50012172252, 103161.00319697372
1322.7219998836517, 75704.50012172252, 103161.00319697372
1322.7219998836517, 75704.50012172252, 103161.00319697372
1322.736999988556, 75704.50012172252, 103161.00319697372
1322.736999988556, 75704.50012172252, 103161.00319697372
1322.7539999485016, 75704.50012172252, 103161.00319697372
1327.164999961853, 75704.50012172252, 103161.00319697372
1327.1699998378754, 75704.50012172252, 103161.00319697372
1327.1699998378754, 75704.50012172252, 103161.00319697372
1327.191999912262, 75704.50012172252, 103161.00319697372
1331.9479999542236, 75704.50012172252, 103161.00319697372
1331.9559998512268, 75704.50012172252, 103161.00319697372
1331.9670000076294, 75704.50012172252, 103157.65134985148
1331.970999956131, 75704.50012172252, 103157.65134985148
1331.970999956131, 75704.50012172252, 103157.65134985148
1331.986999988556, 75704.50012172252, 103157.375220128
1336.579999923706, 75704.50012172252, 103156.70322274666
1336.5920000076294, 75704.50012172252, 103156.70322274666
1341.1449999809265, 75704.50012172252, 103156.22671234586
1341.1559998989105, 75704.50012172252, 103156.22671234586
1341.1679999828339, 75704.50012172252, 103156.22671234586
1345.691999912262, 75704.50012172252, 103156.22671234586
1345.707999944687, 75704.50012172252, 103154.49573380983
1345.7229998111725, 75704.50012172252, 103154.49573380983
1345.7300000190735, 75704.50012172252, 103154.49573380983
1345.7419998645782, 75704.50012172252, 103154.49573380983
1350.236999988556, 75704.50012172252, 103154.49573380983
1350.2539999485016, 75704.50012172252, 103154.49573380983
1350.2649998664856, 75704.50012172252, 103154.49573380983
1350.271999835968, 75704.50012172252, 103154.49573380983
1350.271999835968, 75704.50012172252, 103154.49573380983
1350.2889997959137, 75704.50012172252, 103154.49573380983
1350.2919998168945, 75704.50012172252, 103154.49573380983
1350.2919998168945, 75704.50012172252, 103154.49573380983
1350.3099999427795, 75704.50012172252, 103154.49573380983
1354.84099984169, 75704.50012172252, 103154.49573380983
1354.8539998531342, 75704.50012172252, 103154.49573380983
1354.8579998016357, 75704.50012172252, 103154.49573380983
1354.8579998016357, 75704.50012172252, 103154.49573380983
1354.875, 75704.50012172252, 103154.49573380983
1354.875, 75704.50012172252, 103154.49573380983
1354.8869998455048, 75704.50012172252, 103154.49573380983
1354.8919999599457, 75704.50012172252, 103154.49573380983
1354.9010000228882, 75704.50012172252, 103154.49573380983
1354.9049999713898, 75704.50012172252, 103154.49573380983
1354.9169998168945, 75704.50012172252, 103154.49573380983
1354.9269998073578, 75704.50012172252, 103154.49573380983
1354.9269998073578, 75704.50012172252, 103154.49573380983
1354.941999912262, 75704.50012172252, 103154.49573380983
1354.941999912262, 75704.50012172252, 103151.09002496461
1359.5319998264313, 75704.50012172252, 103151.09002496461
1359.5460000038147, 75704.50012172252, 103151.09002496461
1359.561999797821, 75704.50012172252, 103151.09002496461
1359.569000005722, 75704.50012172252, 103151.09002496461
1359.5789999961853, 75704.50012172252, 103151.09002496461
1359.5809998512268, 75704.50012172252, 103151.09002496461
1359.5809998512268, 75704.50012172252, 103151.09002496461
1359.6019999980927, 75704.50012172252, 103151.09002496461
1359.6099998950958, 75704.50012172252, 103151.09002496461
1359.6169998645782, 75704.50012172252, 103151.09002496461
1359.6169998645782, 75704.50012172252, 103151.09002496461
1364.4039998054504, 75704.50012172252, 103151.09002496461
1364.4110000133514, 75704.50012172252, 103151.09002496461
1364.4110000133514, 75704.50012172252, 103151.09002496461
1364.4240000247955, 75704.50012172252, 103151.09002496461
1364.430999994278, 75704.50012172252, 103151.09002496461
1364.430999994278, 75704.50012172252, 103151.09002496461
1364.4470000267029, 75704.50012172252, 103151.09002496461
1369.3399999141693, 75704.50012172252, 103147.58744271842
1369.3420000076294, 75704.50012172252, 103147.58744271842
1369.358999967575, 75704.50012172252, 103147.58744271842
1369.3629999160767, 75704.50012172252, 103147.58744271842
1369.3629999160767, 75704.50012172252, 103147.58744271842
1369.3769998550415, 75704.50012172252, 103146.69227401855
1369.3769998550415, 75704.50012172252, 103146.69227401855
1369.396999835968, 75704.50012172252, 103146.69227401855
1374.1150000095367, 75704.50012172252, 103146.07057545245
1374.125, 75704.50012172252, 103146.07057545245
1374.1329998970032, 75704.50012172252, 103146.07057545245
1374.1419999599457, 75704.50012172252, 103146.07057545245
1374.1449999809265, 75704.50012172252, 103146.07057545245
1379.066999912262, 75704.50012172252, 103144.84770408217
1379.0889999866486, 75704.50012172252, 103144.84770408217
1379.09099984169, 75704.50012172252, 103144.84770408217
1379.1029999256134, 75704.50012172252, 103143.85539199566
1383.9959998130798, 75704.50012172252, 103143.53366529015
1384.0039999485016, 75704.50012172252, 103143.53366529015
1384.0119998455048, 75704.50012172252, 103143.12478072745
1389.0549998283386, 75704.50012172252, 103143.12478072745
1389.0549998283386, 75704.50012172252, 103143.12478072745
1389.0749998092651, 75704.50012172252, 103143.12478072745
1394.0849997997284, 75704.50012172252, 103143.12478072745
1394.0949997901917, 75704.50012172252, 103143.12478072745
1394.1079998016357, 75704.50012172252, 103143.12478072745
1394.1169998645782, 75704.50012172252, 103143.12478072745
1394.1280000209808, 75704.50012172252, 103143.12478072745
1394.1399998664856, 75704.50012172252, 103143.12478072745
1394.1499998569489, 75704.50012172252, 103143.12478072745
1398.7860000133514, 75704.50012172252, 103143.12478072745
1398.7919998168945, 75704.50012172252, 103139.11071207958
1398.7990000247955, 75704.50012172252, 103139.11071207958
1398.800999879837, 75704.50012172252, 103139.11071207958
1398.800999879837, 75704.50012172252, 103139.11071207958
1398.816999912262, 75704.50012172252, 103139.11071207958
1398.8229999542236, 75704.50012172252, 103139.11071207958
1403.755999803543, 75704.50012172252, 103139.00528922337
1403.7689998149872, 75704.50012172252, 103139.00528922337
1403.7799999713898, 75704.50012172252, 103139.00528922337
1403.784999847412, 75704.50012172252, 103139.00528922337
1403.7949998378754, 75704.50012172252, 103139.00528922337
1408.5369999408722, 75704.50012172252, 103134.83275178153
1408.5429999828339, 75704.50012172252, 103134.54643454445
1408.561999797821, 75704.50012172252, 103134.54250231198
1413.5079998970032, 75704.50012172252, 103134.54250231198
1413.5169999599457, 75704.50012172252, 103134.54250231198
1413.523999929428, 75704.50012172252, 103134.54250231198
1413.5319998264313, 75704.50012172252, 103132.59214485623
1413.5419998168945, 75704.50012172252, 103132.59214485623
1413.5419998168945, 75704.50012172252, 103132.59214485623
1413.566999912262, 75704.50012172252, 103132.59214485623
1418.4010000228882, 75704.50012172252, 103131.88309438381
1418.4179999828339, 75704.50012172252, 103131.88309438381
1418.4340000152588, 75704.50012172252, 103131.88309438381
1418.4479999542236, 75704.50012172252, 103131.88309438381
1418.4609999656677, 75704.50012172252, 103131.88309438381
1423.023999929428, 75704.50012172252, 103131.88309438381
1423.0449998378754, 75704.50012172252, 103131.88309438381
1423.0479998588562, 75704.50012172252, 103131.88309438381
1423.0590000152588, 75704.50012172252, 103131.88309438381
1423.0590000152588, 75704.50012172252, 103131.88309438381
1423.0759999752045, 75704.50012172252, 103131.88309438381
1423.0849997997284, 75704.50012172252, 103131.88309438381
1423.0920000076294, 75704.50012172252, 103131.88309438381
1423.0999999046326, 75704.50012172252, 103131.88309438381
1423.1079998016357, 75704.50012172252, 103131.88309438381
1423.1079998016357, 75704.50012172252, 103131.88309438381
1423.1079998016357, 75704.50012172252, 103131.88309438381
1423.1269998550415, 75704.50012172252, 103131.88309438381
1428.327999830246, 75704.50012172252, 103131.88309438381
1428.3379998207092, 75704.50012172252, 103131.88309438381
1428.3479998111725, 75704.50012172252, 103131.88309438381
1428.3559999465942, 75704.50012172252, 103131.88309438381
1428.3639998435974, 75704.50012172252, 103131.88309438381
1428.3650000095367, 75704.50012172252, 103131.32380535232
1428.3650000095367, 75704.50012172252, 103131.32380535232
1428.380999803543, 75704.50012172252, 103131.32380535232
1428.3849999904633, 75704.50012172252, 103131.32380535232
1428.3909997940063, 75704.50012172252, 103131.32380535232
1428.398999929428, 75704.50012172252, 103131.32380535232
1428.412999868393, 78223.93142599569, 103131.32380535232
1428.412999868393, 78223.93142599569, 103131.32380535232
1433.6559998989105, 78223.93142599569, 103129.91263828694
1433.6699998378754, 78223.93142599569, 103129.91263828694
1433.6699998378754, 78223.93142599569, 103129.91263828694
1433.6879999637604, 78223.93142599569, 103127.91698139516
1438.3739998340607, 78223.93142599569, 103127.91698139516
1438.3739998340607, 78223.93142599569, 103127.91698139516
1438.385999917984, 78223.93142599569, 103127.91698139516
1438.3909997940063, 78223.93142599569, 103127.91698139516
1438.4049999713898, 78223.93142599569, 103126.4552187755
1438.4119999408722, 78223.93142599569, 103126.4552187755
1438.425999879837, 78223.93142599569, 103126.4552187755
1443.24799990654, 78223.93142599569, 103126.4552187755
1443.2530000209808, 78223.93142599569, 103126.4552187755
1443.2639999389648, 78223.93142599569, 103126.4552187755
1443.271999835968, 78223.93142599569, 103126.4552187755
1443.271999835968, 78223.93142599569, 103126.4552187755
1443.287999868393, 78223.93142599569, 103125.8510282731
1443.2960000038147, 78223.93142599569, 103125.8510282731
1443.3039999008179, 78223.93142599569, 103125.2920460928
1443.3099999427795, 78223.93142599569, 103125.2920460928
1443.316999912262, 78223.93142599569, 103125.2920460928
1448.2229998111725, 78223.93142599569, 103123.86742858369
1448.2329998016357, 78223.93142599569, 103123.86742858369
1448.2389998435974, 78223.93142599569, 103123.86742858369
1448.2389998435974, 78223.93142599569, 103123.86742858369
1448.2539999485016, 78223.93142599569, 103123.86742858369
1453.0769999027252, 78223.93142599569, 103122.40342070063
1453.09099984169, 78223.93142599569, 103122.40342070063
1453.09099984169, 78223.93142599569, 103122.40342070063
1453.108999967575, 78223.93142599569, 103122.12458528076
1453.1129999160767, 78223.93142599569, 103122.12458528076
1453.1239998340607, 78223.93142599569, 103122.12458528076
1458.539999961853, 78223.93142599569, 103122.12458528076
1458.5539999008179, 78223.93142599569, 103122.12458528076
1458.5629999637604, 78223.93142599569, 103122.12458528076
1458.5739998817444, 78223.93142599569, 103122.12458528076
1458.5739998817444, 78223.93142599569, 103122.12458528076
1458.5979998111725, 78319.09716366962, 103122.12458528076
1458.606999874115, 78319.09716366962, 103122.12458528076
1463.4559998512268, 78319.09716366962, 103122.12458528076
1463.470999956131, 78319.09716366962, 103122.12458528076
1463.4769999980927, 78319.09716366962, 103122.12458528076
1463.481999874115, 78319.09716366962, 103122.12458528076
1463.481999874115, 78319.09716366962, 103122.12458528076
1468.3599998950958, 78319.09716366962, 103122.12458528076
1468.3709998130798, 78319.09716366962, 103122.12458528076
1468.3769998550415, 78319.09716366962, 103122.12458528076
1468.380999803543, 78319.09716366962, 103122.12458528076
1468.3869998455048, 78319.09716366962, 103122.12458528076
1468.3939998149872, 78319.09716366962, 103122.12458528076
1468.3980000019073, 78319.09716366962, 103122.12458528076
1468.409999847412, 78319.09716366962, 103122.12458528076
1468.409999847412, 78319.09716366962, 103122.12458528076
1468.4340000152588, 78319.09716366962, 103122.12458528076
1468.4429998397827, 78319.09716366962, 103122.12458528076
1468.4509999752045, 78319.09716366962, 103122.12458528076
1468.457999944687, 78319.09716366962, 103122.12458528076
1468.4609999656677, 78319.09716366962, 103122.12458528076
1473.898999929428, 78319.09716366962, 103122.12458528076
1473.9159998893738, 78319.09716366962, 103120.91840116653
1473.9249999523163, 78319.09716366962, 103118.94540145974
1478.8079998493195, 78319.09716366962, 103118.94540145974
1478.8249998092651, 78319.09716366962, 103118.94540145974
1478.8249998092651, 78319.09716366962, 103118.94540145974
1478.8249998092651, 78319.09716366962, 103118.94540145974
1478.8489999771118, 78319.09716366962, 103118.94540145974
1478.8579998016357, 78319.09716366962, 103118.94540145974
1478.8599998950958, 78319.09716366962, 103118.94540145974
1483.9269998073578, 78319.96046249264, 103118.94540145974
1483.9340000152588, 78319.96046249264, 103118.94540145974
1483.9509999752045, 78319.96046249264, 103118.94540145974
1483.952999830246, 78319.96046249264, 103118.94540145974
1483.9699997901917, 78319.96046249264, 103118.94540145974
1483.9769999980927, 78319.96046249264, 103118.94540145974
1483.9829998016357, 78319.96046249264, 103118.94540145974
1488.9900000095367, 78319.96046249264, 103118.94540145974
1488.9900000095367, 78319.96046249264, 103118.94540145974
1489.0009999275208, 78319.96046249264, 103118.94540145974
1489.0099999904633, 78319.96046249264, 103118.94540145974
1489.0189998149872, 78319.96046249264, 103118.94540145974
1493.944000005722, 78319.96046249264, 103115.12074793296
1493.9519999027252, 78319.96046249264, 103115.12074793296
1493.9670000076294, 78319.96046249264, 103115.12074793296
1493.9739999771118, 78319.96046249264, 103110.8333188955
1493.9829998016357, 78319.96046249264, 103110.8333188955
1498.7239999771118, 78319.96046249264, 103110.34986807902
1498.742999792099, 78319.96046249264, 103110.34986807902
1498.7539999485016, 78319.96046249264, 103109.6642947249
1503.811999797821, 78319.96046249264, 103109.6642947249
1503.8349997997284, 78319.96046249264, 103109.6642947249
1503.8369998931885, 78319.96046249264, 103109.6642947249
1503.8489999771118, 78319.96046249264, 103109.6642947249
1503.8529999256134, 78319.96046249264, 103109.6642947249
1503.8659999370575, 78319.96046249264, 103109.6642947249
1503.8659999370575, 78319.96046249264, 103109.6642947249
1503.888000011444, 78319.96046249264, 103109.6642947249
1503.8949999809265, 78319.96046249264, 103109.6642947249
1503.901999950409, 78319.96046249264, 103109.6642947249
1509.2149999141693, 78319.96046249264, 103109.6642947249
1509.2289998531342, 78319.96046249264, 103109.6642947249
1509.236999988556, 78319.96046249264, 103109.6642947249
1509.2519998550415, 78319.96046249264, 103109.6642947249
1509.2519998550415, 78319.96046249264, 103109.6642947249
1509.2669999599457, 78319.96046249264, 103109.6642947249
1509.273999929428, 78319.96046249264, 103109.6642947249
1514.3220000267029, 78319.96046249264, 103106.19973118496
1514.3349997997284, 78319.96046249264, 103106.19973118496
1514.3449997901917, 78319.96046249264, 103106.19973118496
1514.3529999256134, 78319.96046249264, 103106.19973118496
1514.3629999160767, 78319.96046249264, 103105.91796328632
1519.3849999904633, 78319.96046249264, 103105.91796328632
1519.3849999904633, 78319.96046249264, 103105.91796328632
1519.401999950409, 78319.96046249264, 103105.91796328632
1519.4059998989105, 78319.96046249264, 103102.98283483996
1519.4059998989105, 78319.96046249264, 103102.98283483996
1519.4240000247955, 78319.96046249264, 103102.53844778254
1524.6459999084473, 78319.96046249264, 103102.53844778254
1524.651999950409, 78319.96046249264, 103102.53844778254
1524.6569998264313, 78319.96046249264, 103102.53844778254
1524.662999868393, 78319.96046249264, 103102.53844778254
1524.6689999103546, 78319.96046249264, 103102.53844778254
1524.6749999523163, 78319.96046249264, 103102.53844778254
1524.6789999008179, 78319.96046249264, 103102.53844778254
1524.6789999008179, 78319.96046249264, 103102.53844778254
1524.691999912262, 78319.96046249264, 103099.88584548177
1530.1499998569489, 78319.96046249264, 103099.88584548177
1530.1659998893738, 78319.96046249264, 103099.88584548177
1530.1710000038147, 78319.96046249264, 103099.88584548177
1530.1710000038147, 78319.96046249264, 103099.88584548177
1530.1710000038147, 78319.96046249264, 103099.88584548177
1530.1879999637604, 78319.96046249264, 103099.88584548177
1530.1879999637604, 78319.96046249264, 103099.88584548177
1530.1879999637604, 78319.96046249264, 103099.88584548177
1530.2070000171661, 78319.96046249264, 103099.88584548177
1530.2149999141693, 78319.96046249264, 103099.88584548177
1530.2239999771118, 78319.96046249264, 103099.88584548177
1530.233999967575, 78319.96046249264, 103099.88584548177
1530.2359998226166, 78319.96046249264, 103099.88584548177
1535.7009999752045, 78319.96046249264, 103099.56546895094
1535.7119998931885, 78319.96046249264, 103099.56546895094
1540.2659997940063, 78319.96046249264, 103099.56546895094
1540.2799999713898, 78319.96046249264, 103099.56546895094
1540.289999961853, 78319.96046249264, 103098.06848874867
1540.3019998073578, 78319.96046249264, 103098.06848874867
1540.3129999637604, 78319.96046249264, 103098.06848874867
1540.3229999542236, 78319.96046249264, 103098.06848874867
1540.3339998722076, 78319.96046249264, 103098.06848874867
1540.3449997901917, 78319.96046249264, 103098.06848874867
1545.5299999713898, 78319.96046249264, 103098.06848874867
1545.5299999713898, 78319.96046249264, 103098.06848874867
1545.5529999732971, 78319.96046249264, 103098.06848874867
1545.5539999008179, 78319.96046249264, 103098.06848874867
1545.569000005722, 78319.96046249264, 103098.06848874867
1545.5849997997284, 78319.96046249264, 103098.06848874867
1550.4900000095367, 78319.96046249264, 103096.82176338836
1550.4919998645782, 78319.96046249264, 103096.82176338836
1550.510999917984, 78319.96046249264, 103096.82176338836
1550.5159997940063, 78319.96046249264, 103096.82176338836
1550.5309998989105, 78319.96046249264, 103096.82176338836
1550.5389997959137, 78319.96046249264, 103096.82176338836
1550.5469999313354, 78319.96046249264, 103096.82176338836
1550.5549998283386, 78319.96046249264, 103096.82176338836
1550.561999797821, 78319.96046249264, 103096.82176338836
1550.5679998397827, 78319.96046249264, 103095.30300137062
1550.5769999027252, 78319.96046249264, 103095.30300137062
1550.577999830246, 78319.96046249264, 103094.49520983691
1555.5590000152588, 78319.96046249264, 103094.49520983691
1555.5649998188019, 78319.96046249264, 103094.49520983691
1555.5709998607635, 78319.96046249264, 103094.49520983691
1555.577999830246, 78319.96046249264, 103094.49520983691
1555.5899999141693, 78319.96046249264, 103094.49520983691
1560.606999874115, 78319.96046249264, 103094.49520983691
1560.6239998340607, 78319.96046249264, 103094.49520983691
1560.635999917984, 78319.96046249264, 103094.49520983691
1560.6459999084473, 78319.96046249264, 103094.49520983691
1560.6529998779297, 78319.96046249264, 103094.49520983691
1560.6610000133514, 78319.96046249264, 103094.49520983691
1565.6549999713898, 78319.96046249264, 103094.49520983691
1565.6659998893738, 78319.96046249264, 103094.49520983691
1565.675999879837, 78319.96046249264, 103094.49520983691
1565.6779999732971, 78319.96046249264, 103094.49520983691
1565.6929998397827, 78319.96046249264, 103094.49520983691
1570.9649999141693, 78319.96046249264, 103094.49520983691
1570.9789998531342, 78319.96046249264, 103091.02369388862
1570.9909999370575, 78319.96046249264, 103091.02369388862
1570.9919998645782, 78319.96046249264, 103091.02369388862
1576.1719999313354, 78319.96046249264, 103091.02369388862
1576.180999994278, 78319.96046249264, 103091.02369388862
1576.191999912262, 78319.96046249264, 103091.02369388862
1576.1989998817444, 78319.96046249264, 103091.02369388862
1576.2070000171661, 78319.96046249264, 103091.02369388862
1576.2129998207092, 78319.96046249264, 103091.02369388862
1576.2249999046326, 78319.96046249264, 103091.02369388862
1576.2249999046326, 78319.96046249264, 103091.02369388862
1581.5889999866486, 78319.96046249264, 103091.02369388862
1581.5889999866486, 78319.96046249264, 103091.02369388862
1586.6039998531342, 78319.96046249264, 103091.02369388862
1586.6169998645782, 78319.96046249264, 103091.02369388862
1586.6259999275208, 78319.96046249264, 103091.02369388862
1586.6409997940063, 78319.96046249264, 103088.2457547612
1586.6409997940063, 78319.96046249264, 103088.2457547612
1592.1439998149872, 78319.96046249264, 103088.2457547612
1592.1529998779297, 78319.96046249264, 103088.2457547612
1592.1639997959137, 78319.96046249264, 103088.2457547612
1597.2009999752045, 78319.96046249264, 103088.2457547612
1597.2170000076294, 78319.96046249264, 103085.91579595798
1597.2309999465942, 78319.96046249264, 103085.91579595798
1597.2349998950958, 78319.96046249264, 103085.91579595798
1597.2539999485016, 78319.96046249264, 103085.91579595798
1597.2669999599457, 78319.96046249264, 103085.91579595798
1597.276999950409, 78319.96046249264, 103085.91579595798
1602.4969999790192, 78319.96046249264, 103085.91579595798
1602.513000011444, 78319.96046249264, 103085.91579595798
1607.760999917984, 78319.96046249264, 103085.82951688074
1607.7730000019073, 78319.96046249264, 103085.82951688074
1607.7829999923706, 78319.96046249264, 103085.82951688074
1607.784999847412, 78319.96046249264, 103085.82951688074
1607.8019998073578, 78319.96046249264, 103085.82951688074
1613.095999956131, 78319.96046249264, 103085.82951688074
1613.1139998435974, 78319.96046249264, 103085.82951688074
1613.1219999790192, 78319.96046249264, 103081.0988966192
1613.130999803543, 78319.96046249264, 103081.0988966192
1613.148999929428, 78319.96046249264, 103081.0988966192
1613.148999929428, 78319.96046249264, 103081.0988966192
1613.1679999828339, 78319.96046249264, 103081.0988966192
1613.1749999523163, 78319.96046249264, 103081.0988966192
1613.1819999217987, 78319.96046249264, 103081.0988966192
1618.4329998493195, 78319.96046249264, 103081.0988966192
1618.4459998607635, 78319.96046249264, 103079.79263673192
1618.4570000171661, 78319.96046249264, 103079.79263673192
1618.4570000171661, 78319.96046249264, 103079.79263673192
1618.4719998836517, 78319.96046249264, 103079.79263673192
1618.4859998226166, 78319.96046249264, 103079.18481172278
1618.494999885559, 78319.96046249264, 103079.16758621496
1618.5039999485016, 78319.96046249264, 103079.16758621496
1618.5119998455048, 78319.96046249264, 103078.74078606251
1623.7599999904633, 78319.96046249264, 103078.00418484955
1623.7789998054504, 78319.96046249264, 103078.00418484955
1623.789999961853, 78319.96046249264, 103078.00418484955
1623.8039999008179, 78319.96046249264, 103078.00418484955
1623.8039999008179, 78319.96046249264, 103077.29071763511
1623.8249998092651, 78319.96046249264, 103077.29071763511
1623.8369998931885, 78319.96046249264, 103077.29071763511
1629.0479998588562, 78319.96046249264, 103077.29071763511
1629.055999994278, 78319.96046249264, 103077.29071763511
1629.0639998912811, 78319.96046249264, 103077.29071763511
1629.0739998817444, 78319.96046249264, 103076.09233840914
1634.4089999198914, 78319.96046249264, 103075.03455538712
1634.4279999732971, 78319.96046249264, 103074.155981836
1634.4340000152588, 78319.96046249264, 103074.155981836
1634.4499998092651, 78319.96046249264, 103074.155981836
1634.4589998722076, 78319.96046249264, 103074.155981836
1638.8369998931885, 78319.96046249264, 103073.60689782894
1638.8559999465942, 78319.96046249264, 103073.60689782894
1638.8719999790192, 78319.96046249264, 103073.60689782894
1651.0549998283386, 78319.96046249264, 103072.40726671412
1651.0549998283386, 78319.96046249264, 103072.40726671412
1651.0749998092651, 78319.96046249264, 103072.40726671412
1656.0809998512268, 78319.96046249264, 103072.40726671412
1656.0969998836517, 78319.96046249264, 103072.40726671412
1656.108999967575, 78319.96046249264, 103072.40726671412
1656.117999792099, 78319.96046249264, 103072.40726671412
1656.1269998550415, 78319.96046249264, 103072.40726671412
1656.1280000209808, 78319.96046249264, 103072.40726671412
1656.1429998874664, 78319.96046249264, 103072.40726671412
1661.7749998569489, 82160.8879795964, 103072.40726671412
1661.7889997959137, 82160.8879795964, 103071.61363714933
1661.7979998588562, 82160.8879795964, 103071.61363714933
1661.8029999732971, 82160.8879795964, 103070.48527899267
1661.8149998188019, 82160.8879795964, 103070.48527899267
1661.8149998188019, 82160.8879795964, 103070.48527899267
1661.8359999656677, 82160.8879795964, 103070.48527899267
1667.2389998435974, 82160.8879795964, 103070.48527899267
1667.242999792099, 82160.8879795964, 103070.48527899267
1667.2579998970032, 82160.8879795964, 103070.48527899267
1667.260999917984, 82160.8879795964, 103070.48527899267
1667.2779998779297, 82160.8879795964, 103070.48527899267
1667.2799999713898, 82160.8879795964, 103070.48527899267
1667.2990000247955, 82160.8879795964, 103070.48527899267
1672.8780000209808, 82160.8879795964, 103068.34905370562
1672.8959999084473, 82160.8879795964, 103068.34905370562
1672.898999929428, 82160.8879795964, 103068.34905370562
1672.912999868393, 82160.8879795964, 103068.34905370562
1672.9240000247955, 82160.8879795964, 103068.34905370562
1672.9329998493195, 82160.8879795964, 103068.34905370562
1672.941999912262, 82160.8879795964, 103067.62039126524
1672.9479999542236, 82160.8879795964, 103067.62039126524
1672.9479999542236, 82160.8879795964, 103067.62039126524
1672.9479999542236, 82160.8879795964, 103067.62039126524
1678.7860000133514, 82160.8879795964, 103065.79133698299
1678.7949998378754, 82160.8879795964, 103065.79133698299
1678.8019998073578, 82160.8879795964, 103065.79133698299
1678.8019998073578, 82160.8879795964, 103065.79133698299
1684.3889999389648, 82160.8879795964, 103063.01699129025
1684.3999998569489, 82160.8879795964, 103063.01699129025
1684.409999847412, 82160.8879795964, 103063.01699129025
1684.4199998378754, 82160.8879795964, 103063.01699129025
1684.4199998378754, 82160.8879795964, 103063.01699129025
1684.4459998607635, 82160.8879795964, 103063.01699129025
1684.457999944687, 82160.8879795964, 103063.01699129025
1684.468999862671, 82160.8879795964, 103063.01699129025
1689.9599997997284, 82160.8879795964, 103061.39175871432
1689.9699997901917, 82160.8879795964, 103061.39175871432
1689.9769999980927, 82160.8879795964, 103061.39175871432
1689.9789998531342, 82160.8879795964, 103061.39175871432
1689.9939999580383, 82160.8879795964, 103060.86397364317
1690.0, 82160.8879795964, 103060.86397364317
1690.0079998970032, 82160.8879795964, 103060.86397364317
1690.0189998149872, 82160.8879795964, 103060.86397364317
1690.0249998569489, 82160.8879795964, 103060.86397364317
1695.46599984169, 82160.8879795964, 103060.86397364317
1695.4749999046326, 82160.8879795964, 103060.86397364317
1695.4829998016357, 82160.8879795964, 103060.86397364317
1695.4919998645782, 82160.8879795964, 103060.86397364317
1695.5009999275208, 82160.8879795964, 103060.86397364317
1695.5049998760223, 82160.8879795964, 103060.86397364317
1695.5230000019073, 82160.8879795964, 103060.86397364317
1695.5339999198914, 82160.8879795964, 103060.86397364317
1695.5449998378754, 82160.8879795964, 103060.86397364317
1695.5519998073578, 82160.8879795964, 103060.86397364317
1695.5519998073578, 82160.8879795964, 103060.86397364317
1695.5679998397827, 82160.8879795964, 103060.86397364317
1695.5679998397827, 82160.8879795964, 103060.86397364317
1701.2039999961853, 82160.8879795964, 103057.15983328207
1701.21599984169, 82160.8879795964, 103057.15983328207
1701.2170000076294, 82160.8879795964, 103057.15983328207
1701.2289998531342, 82160.8879795964, 103057.15983328207
1701.242999792099, 82160.8879795964, 103057.15983328207
1706.9049999713898, 82160.8879795964, 103057.15983328207
1706.9249999523163, 82160.8879795964, 103057.15983328207
1706.9409999847412, 82160.8879795964, 103057.15983328207
1712.146999835968, 82160.8879795964, 103057.15983328207
1712.162999868393, 82160.8879795964, 103055.15123084844
1712.1740000247955, 82160.8879795964, 103055.15123084844
1712.1819999217987, 82160.8879795964, 103054.11467969851
1712.1989998817444, 82160.8879795964, 103054.0429904464
1712.2089998722076, 82160.8879795964, 103054.0429904464
1712.220999956131, 82160.8879795964, 103054.02423735801
1712.2349998950958, 82160.8879795964, 103054.02423735801
1712.2439999580383, 82160.8879795964, 103054.02423735801
1717.534999847412, 82160.8879795964, 103054.02423735801
1717.5539999008179, 82160.8879795964, 103054.02423735801
1717.5759999752045, 82160.8879795964, 103054.02423735801
1717.5849997997284, 82160.8879795964, 103054.02423735801
1717.5849997997284, 82160.8879795964, 103054.02423735801
1717.6009998321533, 82160.8879795964, 103054.02423735801
1717.6029999256134, 82160.8879795964, 103054.02423735801
1717.6029999256134, 82160.8879795964, 103051.72370870475
1717.6269998550415, 82160.8879795964, 103051.72370870475
1717.6369998455048, 82160.8879795964, 103051.72370870475
1717.6439998149872, 82160.8879795964, 103051.72370870475
1723.1639997959137, 82160.8879795964, 103051.72370870475
1723.1719999313354, 82160.8879795964, 103051.72370870475
1723.1779999732971, 82160.8879795964, 103051.72370870475
1723.194000005722, 82160.8879795964, 103051.72370870475
1723.1989998817444, 82160.8879795964, 103051.72370870475
1723.21599984169, 82160.8879795964, 103051.72370870475
1723.2239999771118, 82160.8879795964, 103051.72370870475
1723.2300000190735, 82160.8879795964, 103051.72370870475
1723.2349998950958, 82160.8879795964, 103051.72370870475
1723.2409999370575, 82160.8879795964, 103051.72370870475
1723.244999885559, 82160.8879795964, 103051.6637334691
1728.595999956131, 82160.8879795964, 103051.6637334691
1728.611999988556, 82160.8879795964, 103051.6637334691
1728.619999885559, 82160.8879795964, 103051.6637334691
1728.6299998760223, 82160.8879795964, 103051.6637334691
1728.6349999904633, 82160.8879795964, 103051.6637334691
1728.646999835968, 82160.8879795964, 103051.6637334691
1728.6669998168945, 82160.8879795964, 103051.6637334691
1728.675999879837, 82160.8879795964, 103051.6637334691
1734.4849998950958, 82160.8879795964, 103051.6637334691
1734.4959998130798, 82160.8879795964, 103047.88618470806
1734.5019998550415, 82160.8879795964, 103047.88618470806
1734.510999917984, 82160.8879795964, 103047.88618470806
1734.5159997940063, 82160.8879795964, 103047.88618470806
1734.5230000019073, 82160.8879795964, 103047.88618470806
1734.5329999923706, 82160.8879795964, 103046.39099955386
1734.5389997959137, 82160.8879795964, 103045.96441289075
1734.5389997959137, 82160.8879795964, 103045.72995126538
1740.093999862671, 82160.8879795964, 103045.4878364867
1740.1019999980927, 82160.8879795964, 103044.88797691304
1740.1150000095367, 82160.8879795964, 103044.88797691304
1740.1239998340607, 82160.8879795964, 103044.88797691304
1740.1280000209808, 82160.8879795964, 103044.88797691304
1740.1280000209808, 82160.8879795964, 103044.88797691304
1740.1549999713898, 82160.8879795964, 103043.58452163682
1740.1639997959137, 82160.8879795964, 103043.51564526462
1740.1719999313354, 82160.8879795964, 103043.51564526462
1740.1789999008179, 82160.8879795964, 103043.51564526462
1745.555999994278, 82160.8879795964, 103043.20302692842
1745.5729999542236, 82160.8879795964, 103043.20302692842
1745.5839998722076, 82160.8879795964, 103043.20302692842
1745.5879998207092, 82160.8879795964, 103043.20302692842
1745.5879998207092, 82160.8879795964, 103043.20302692842
1745.6019999980927, 82160.8879795964, 103043.20302692842
1745.6019999980927, 82160.8879795964, 103043.10610184804
1745.619999885559, 82160.8879795964, 103043.10610184804
1745.625, 82160.8879795964, 103043.10610184804
1745.638000011444, 82160.8879795964, 103042.6817516657
1750.8220000267029, 82160.8879795964, 103042.0042726104
1750.8220000267029, 82160.8879795964, 103042.0042726104
1750.8420000076294, 82160.8879795964, 103042.0042726104
1750.856999874115, 82160.8879795964, 103041.88151817668
1750.869999885559, 82160.8879795964, 103041.88151817668
1750.8799998760223, 82160.8879795964, 103041.88151817668
1756.5389997959137, 82160.8879795964, 103041.88151817668
1756.5529999732971, 82160.8879795964, 103041.88151817668
1756.5659999847412, 82160.8879795964, 103041.88151817668
1756.5659999847412, 82160.8879795964, 103041.88151817668
1756.5849997997284, 82160.8879795964, 103041.88151817668
1756.5979998111725, 82160.8879795964, 103040.39389672517
1762.0699999332428, 82160.8879795964, 103040.39389672517
1762.0749998092651, 82160.8879795964, 103040.39389672517
1762.0889999866486, 82160.8879795964, 103040.39389672517
1762.093999862671, 82160.8879795964, 103040.39389672517
1762.093999862671, 82160.8879795964, 103040.39389672517
1762.108999967575, 82160.8879795964, 103040.39389672517
1762.108999967575, 82160.8879795964, 103040.39389672517
1762.1329998970032, 82160.8879795964, 103040.39389672517
1762.1429998874664, 82160.8879795964, 103040.39389672517
1762.1499998569489, 82160.8879795964, 103040.39389672517
1762.1579999923706, 82160.8879795964, 103040.39389672517
1767.733999967575, 82160.8879795964, 103039.41795961441
1767.736999988556, 82160.8879795964, 103036.98234164149
1767.7569999694824, 82160.8879795964, 103036.98234164149
1767.7730000019073, 82160.8879795964, 103036.98234164149
1767.7730000019073, 82160.8879795964, 103036.98234164149
1767.7909998893738, 82160.8879795964, 103036.98234164149
1767.7990000247955, 82160.8879795964, 103036.98234164149
1773.5339999198914, 82160.8879795964, 103036.87423449135
1773.5339999198914, 82160.8879795964, 103036.87423449135
1773.5569999217987, 82160.8879795964, 103036.87423449135
1773.566999912262, 82160.8879795964, 103036.87423449135
1773.569000005722, 82160.8879795964, 103035.8453261305
1773.569000005722, 82160.8879795964, 103035.8453261305
1773.5869998931885, 82160.8879795964, 103035.8453261305
1773.5920000076294, 82160.8879795964, 103035.8453261305
1773.6009998321533, 82160.8879795964, 103035.8453261305
1773.6099998950958, 82160.8879795964, 103034.80844381494
1773.6189999580383, 82160.8879795964, 103034.80844381494
1779.4079999923706, 82160.8879795964, 103034.80844381494
1779.4110000133514, 82160.8879795964, 103034.68561308815
1779.4279999732971, 82160.8879795964, 103034.68561308815
1779.4349999427795, 82160.8879795964, 103034.07758904583
1779.4470000267029, 82160.8879795964, 103034.07758904583
1779.4470000267029, 82160.8879795964, 103034.07758904583
1784.8719999790192, 82160.8879795964, 103034.07758904583
1784.8869998455048, 82160.8879795964, 103034.07758904583
1784.8869998455048, 82160.8879795964, 103034.07758904583
1784.9079999923706, 82160.8879795964, 103034.07758904583
1784.9210000038147, 82160.8879795964, 103034.07758904583
1784.9299998283386, 82160.8879795964, 103034.07758904583
1784.9379999637604, 82160.8879795964, 103034.07758904583
1784.9470000267029, 82160.8879795964, 103034.07758904583
1784.9559998512268, 82160.8879795964, 103034.07758904583
1784.9559998512268, 82160.8879795964, 103034.07758904583
1790.4719998836517, 82160.8879795964, 103034.07758904583
1790.481999874115, 82160.8879795964, 103034.07758904583
1790.4909999370575, 82160.8879795964, 103034.07758904583
1790.5, 82160.8879795964, 103034.07758904583
1790.5019998550415, 82160.8879795964, 103034.07758904583
1790.5159997940063, 82160.8879795964, 103034.07758904583
1790.523999929428, 82160.8879795964, 103034.07758904583
1790.5299999713898, 82160.8879795964, 103034.07758904583
1790.537999868393, 82160.8879795964, 103034.07758904583
1790.5469999313354, 82160.8879795964, 103034.07758904583
1790.5519998073578, 82160.8879795964, 103034.07758904583
1790.5519998073578, 82160.8879795964, 103034.07758904583
1796.0389997959137, 82160.8879795964, 103031.87304065093
1796.0479998588562, 82160.8879795964, 103031.87304065093
1796.0609998703003, 82160.8879795964, 103031.87304065093
1796.066999912262, 82160.8879795964, 103031.87304065093
1796.082999944687, 82160.8879795964, 103031.87304065093
1796.0929999351501, 82160.8879795964, 103031.87304065093
1796.106999874115, 82160.8879795964, 103031.87304065093
1801.505999803543, 82160.8879795964, 103031.87304065093
1801.5199999809265, 82160.8879795964, 103031.87304065093
1801.5319998264313, 82160.8879795964, 103031.87304065093
1801.5460000038147, 82160.8879795964, 103031.87304065093
1801.5590000152588, 82160.8879795964, 103031.87304065093
1801.5659999847412, 82160.8879795964, 103031.87304065093
1801.5729999542236, 82160.8879795964, 103031.87304065093
1806.9679999351501, 82160.8879795964, 103029.97255408615
1806.9800000190735, 82160.8879795964, 103029.97255408615
1806.9849998950958, 82160.8879795964, 103029.97255408615
1807.008999824524, 82160.8879795964, 103029.97255408615
1807.023999929428, 82160.8879795964, 103029.97255408615
1807.0319998264313, 82160.8879795964, 103029.97255408615
1807.0339999198914, 82160.8879795964, 103029.97255408615
1807.050999879837, 82160.8879795964, 103029.97255408615
1807.0679998397827, 82160.8879795964, 103028.5203605641
1807.0759999752045, 82160.8879795964, 103028.51413751091
1807.082999944687, 82160.8879795964, 103026.92691838965
1812.7599999904633, 82160.8879795964, 103026.92691838965
1812.7749998569489, 82160.8879795964, 103026.92691838965
1812.787999868393, 82160.8879795964, 103026.92691838965
1812.8049998283386, 82160.8879795964, 103025.33598992514
1818.1259999275208, 82160.8879795964, 103025.33598992514
1818.1399998664856, 82160.8879795964, 103025.33598992514
1818.146999835968, 82160.8879795964, 103025.33598992514
1818.146999835968, 82160.8879795964, 103025.33598992514
1818.1619999408722, 82160.8879795964, 103025.33598992514
1818.1710000038147, 82160.8879795964, 103025.33598992514
1818.1840000152588, 82160.8879795964, 103025.33598992514
1823.8159999847412, 82160.8879795964, 103025.33598992514
1823.816999912262, 82160.8879795964, 103025.33598992514
1823.8389999866486, 82160.8879795964, 103025.33598992514
1823.8519999980927, 82160.8879795964, 103025.33598992514
1823.8529999256134, 82160.8879795964, 103025.33598992514
1823.867999792099, 82160.8879795964, 103025.33598992514
1829.5, 82160.8879795964, 103021.139933039
1829.5119998455048, 82160.8879795964, 103021.139933039
1829.5230000019073, 82160.8879795964, 103021.139933039
1829.5319998264313, 82160.8879795964, 103021.139933039
1829.5460000038147, 82160.8879795964, 103021.139933039
1829.5579998493195, 82160.8879795964, 103021.139933039
1829.5679998397827, 82160.8879795964, 103019.68774676052
1835.4219999313354, 82160.8879795964, 103019.68774676052
1835.4269998073578, 82160.8879795964, 103019.68774676052
1835.4359998703003, 82160.8879795964, 103019.68774676052
1835.4449999332428, 82160.8879795964, 103018.74376883595
1835.4470000267029, 82160.8879795964, 103017.90794910032
1835.4619998931885, 82160.8879795964, 103017.6688234208
1835.4759998321533, 82160.8879795964, 103017.59518031155
1835.4859998226166, 82160.8879795964, 103017.59518031155
1835.492999792099, 82160.8879795964, 103017.59518031155
1840.885999917984, 82160.8879795964, 103017.59518031155
1840.8959999084473, 82160.8879795964, 103017.59518031155
1840.898999929428, 82160.8879795964, 103017.59518031155
1840.898999929428, 82160.8879795964, 103017.59518031155
1840.9159998893738, 82160.8879795964, 103017.43603662343
1840.930999994278, 82160.8879795964, 103017.43603662343
1840.941999912262, 82160.8879795964, 103017.42013303653
1840.9519999027252, 82160.8879795964, 103017.42013303653
1840.9599997997284, 82160.8879795964, 103017.42013303653
1846.510999917984, 82160.8879795964, 103016.80207877685
1846.5119998455048, 82160.8879795964, 103015.91153345387
1846.5319998264313, 82160.8879795964, 103015.63602937819
1846.5419998168945, 82160.8879795964, 103015.63602937819
1846.5479998588562, 82160.8879795964, 103015.63602937819
1846.5479998588562, 82160.8879795964, 103015.63602937819
1846.5639998912811, 82160.8879795964, 103015.38678185515
1852.3039999008179, 82160.8879795964, 103015.38678185515
1852.3109998703003, 82160.8879795964, 103015.38678185515
1852.3109998703003, 82160.8879795964, 103015.38678185515
1852.3109998703003, 82160.8879795964, 103015.38678185515
1852.3320000171661, 82160.8879795964, 103015.38678185515
1852.3479998111725, 82160.8879795964, 103015.38678185515
1852.361999988556, 82160.8879795964, 103014.229854907
1852.3709998130798, 82160.8879795964, 103014.229854907
1857.9470000267029, 82160.8879795964, 103013.93390406852
1857.9609999656677, 82160.8879795964, 103013.93390406852
1857.9639999866486, 82160.8879795964, 103013.93390406852
1857.9779999256134, 82160.8879795964, 103013.93390406852
1857.9779999256134, 82160.8879795964, 103013.68292256599
1858.0030000209808, 82160.8879795964, 103013.68292256599
1858.0139999389648, 82160.8879795964, 103013.68292256599
1858.0230000019073, 82160.8879795964, 103012.66744698746
1858.0289998054504, 82160.8879795964, 103012.66744698746
1863.7300000190735, 82160.8879795964, 103012.66744698746
1863.7439999580383, 82160.8879795964, 103012.66744698746
1863.7519998550415, 82160.8879795964, 103012.66744698746
1863.7659997940063, 82160.8879795964, 103012.2524759424
1863.7730000019073, 82160.8879795964, 103012.2524759424
1869.5879998207092, 82160.8879795964, 103012.2524759424
1869.6009998321533, 82160.8879795964, 103012.2524759424
1869.6129999160767, 82160.8879795964, 103012.2524759424
1869.6159999370575, 82160.8879795964, 103012.2524759424
1869.6159999370575, 82160.8879795964, 103012.2524759424
1869.6299998760223, 82160.8879795964, 103012.2524759424
1869.633999824524, 82160.8879795964, 103012.2524759424
1869.6369998455048, 82160.8879795964, 103012.2524759424
1869.651999950409, 82160.8879795964, 103012.2524759424
1869.6610000133514, 82160.8879795964, 103012.2524759424
1875.5369999408722, 82160.8879795964, 103012.2524759424
1875.5469999313354, 82160.8879795964, 103012.2524759424
1875.5529999732971, 82160.8879795964, 103012.2524759424
1875.5579998493195, 82160.8879795964, 103012.2524759424
1875.5579998493195, 82160.8879795964, 103012.2524759424
1875.566999912262, 82160.8879795964, 103007.11903907922
1875.566999912262, 82160.8879795964, 103007.11903907922
1875.5809998512268, 82160.8879795964, 103006.12548590775
1875.5889999866486, 82160.8879795964, 103006.12548590775
1881.2009999752045, 82160.8879795964, 103006.12548590775
1881.2099997997284, 82160.8879795964, 103005.79872783589
1881.2170000076294, 82160.8879795964, 103005.79872783589
1881.2229998111725, 82160.8879795964, 103005.79872783589
1881.2349998950958, 82160.8879795964, 103005.79872783589
1881.2359998226166, 82160.8879795964, 103005.79872783589
1881.2519998550415, 82160.8879795964, 103005.79872783589
1887.0839998722076, 82160.8879795964, 103004.75945357552
1887.1009998321533, 82160.8879795964, 103004.75945357552
1887.1059999465942, 82160.8879795964, 103004.75945357552
1887.1189999580383, 82160.8879795964, 103004.75945357552
1887.1209998130798, 82160.8879795964, 103004.75945357552
1887.1209998130798, 82160.8879795964, 103004.75945357552
1887.1409997940063, 82160.8879795964, 103004.75945357552
1887.1539998054504, 82160.8879795964, 103004.75945357552
1887.1659998893738, 82160.8879795964, 103004.75945357552
1887.1749999523163, 82160.8879795964, 103004.75945357552
1893.1059999465942, 82160.8879795964, 103002.54875306017
1893.1169998645782, 82160.8879795964, 103002.54875306017
1893.1289999485016, 82160.8879795964, 103002.54875306017
1893.1389999389648, 82160.8879795964, 103002.54875306017
1893.146999835968, 82160.8879795964, 103002.54875306017
1893.146999835968, 82160.8879795964, 103002.54875306017
1893.159999847412, 82160.8879795964, 103002.54875306017
1898.7869999408722, 82160.8879795964, 103002.54875306017
1898.8029999732971, 82160.8879795964, 103002.54875306017
1898.8029999732971, 82160.8879795964, 103002.54875306017
1898.8179998397827, 82160.8879795964, 103002.54875306017
1898.8249998092651, 82160.8879795964, 103002.54875306017
1898.8309998512268, 82160.8879795964, 103002.54875306017
1898.84099984169, 82160.8879795964, 102999.51121330033
1898.8509998321533, 82160.8879795964, 102999.51121330033
1904.880999803543, 82160.8879795964, 102999.51121330033
1904.8949999809265, 82160.8879795964, 102998.77043830138
1904.9010000228882, 82160.8879795964, 102998.77043830138
1904.9010000228882, 82160.8879795964, 102998.77043830138
1904.9159998893738, 82160.8879795964, 102998.77043830138
1904.9159998893738, 82160.8879795964, 102998.77043830138
1904.9329998493195, 82160.8879795964, 102998.77043830138
1904.941999912262, 82160.8879795964, 102998.77043830138
1910.180999994278, 82160.8879795964, 102996.49770603002
1910.180999994278, 82160.8879795964, 102996.49770603002
1910.2039999961853, 82160.8879795964, 102996.49770603002
1910.2139999866486, 82160.8879795964, 102996.49770603002
1910.2149999141693, 82160.8879795964, 102996.49770603002
1910.236999988556, 82160.8879795964, 102995.771734449
1910.2469999790192, 82160.8879795964, 102995.771734449
1916.3789999485016, 82160.8879795964, 102995.42059921857
1916.3789999485016, 82160.8879795964, 102995.42059921857
1916.398999929428, 82160.8879795964, 102995.209516956
1916.4089999198914, 82160.8879795964, 102995.209516956
1916.4169998168945, 82160.8879795964, 102994.28588069911
1916.4340000152588, 82160.8879795964, 102994.28041321223
1916.4449999332428, 82160.8879795964, 102994.28041321223
1922.1789999008179, 82160.8879795964, 102994.28041321223
1922.194000005722, 82160.8879795964, 102994.28041321223
1922.2039999961853, 82160.8879795964, 102994.01392814562
1922.21599984169, 82160.8879795964, 102992.32413861608
1922.2249999046326, 82160.8879795964, 102991.9842169366
1922.2309999465942, 82160.8879795964, 102991.9842169366
1922.2379999160767, 82160.8879795964, 102991.9842169366
1922.244999885559, 82160.8879795964, 102991.9842169366
1922.2519998550415, 82160.8879795964, 102991.9842169366
1927.885999917984, 82160.8879795964, 102991.9842169366
1927.9069998264313, 82160.8879795964, 102991.9842169366
1927.9199998378754, 82160.8879795964, 102991.9842169366
1927.9229998588562, 82160.8879795964, 102991.9842169366
1933.7149999141693, 82160.8879795964, 102991.9842169366
1933.7309999465942, 82160.8879795964, 102991.9842169366
1933.7379999160767, 82160.8879795964, 102991.9842169366
1933.7489998340607, 82160.8879795964, 102990.14764603932
1933.7489998340607, 82160.8879795964, 102990.14764603932
1933.7639999389648, 82160.8879795964, 102990.14764603932
1933.7730000019073, 82160.8879795964, 102990.14764603932
1939.8309998512268, 82160.8879795964, 102990.14764603932
1939.8509998321533, 82160.8879795964, 102990.14764603932
1939.8659999370575, 82160.8879795964, 102990.14764603932
1939.8659999370575, 82160.8879795964, 102990.14764603932
1939.8849999904633, 82160.8879795964, 102989.80851631514
1939.8899998664856, 82160.8879795964, 102989.80851631514
1939.8949999809265, 82160.8879795964, 102989.16675074628
1945.7239999771118, 82160.8879795964, 102989.16675074628
1945.736999988556, 82160.8879795964, 102988.59597990404
1951.4909999370575, 82160.8879795964, 102988.59597990404
1951.4989998340607, 82160.8879795964, 102988.59597990404
1951.5079998970032, 82160.8879795964, 102988.59597990404
1951.510999917984, 82160.8879795964, 102988.59597990404
1951.5230000019073, 82160.8879795964, 102988.59597990404
1951.5230000019073, 82160.8879795964, 102988.59597990404
1951.5389997959137, 82160.8879795964, 102988.59597990404
1951.5490000247955, 82160.8879795964, 102988.59597990404
1956.981999874115, 82160.8879795964, 102988.59597990404
1956.994999885559, 82160.8879795964, 102988.59597990404
1956.9989998340607, 82160.8879795964, 102988.59597990404
1956.9989998340607, 82160.8879795964, 102988.59597990404
1957.0230000019073, 82160.8879795964, 102985.88727590963
1957.0319998264313, 82160.8879795964, 102985.88727590963
1957.0360000133514, 82160.8879795964, 102985.43323392919
1957.0519998073578, 82160.8879795964, 102985.43323392919
1962.664999961853, 82160.8879795964, 102985.43323392919
1962.6769998073578, 82160.8879795964, 102985.43323392919
1962.6789999008179, 82160.8879795964, 102985.43323392919
1962.6959998607635, 82160.8879795964, 102985.34668466685
1962.7109999656677, 82160.8879795964, 102985.34668466685
1962.720999956131, 82160.8879795964, 102985.34668466685
1968.5929999351501, 82160.8879795964, 102984.04050541573
1968.608999967575, 82160.8879795964, 102984.04050541573
1968.6219999790192, 82160.8879795964, 102984.04050541573
1968.635999917984, 82160.8879795964, 102984.04050541573
1968.648999929428, 82160.8879795964, 102984.04050541573
1968.6589999198914, 82160.8879795964, 102984.04050541573
1968.6659998893738, 82160.8879795964, 102984.04050541573
1974.8609998226166, 82160.8879795964, 102983.35914486865
1974.8819999694824, 82160.8879795964, 102982.8499613692
1974.8819999694824, 82160.8879795964, 102982.8499613692
1974.8959999084473, 82160.8879795964, 102982.8499613692
1980.8239998817444, 82160.8879795964, 102982.8499613692
1980.8359999656677, 82160.8879795964, 102982.8499613692
1980.843999862671, 82160.8879795964, 102982.8499613692
1980.8529999256134, 82160.8879795964, 102982.8499613692
1980.8659999370575, 82160.8879795964, 102982.8499613692
1980.8659999370575, 82160.8879795964, 102982.8499613692
1986.7509999275208, 82160.8879795964, 102982.8499613692
1986.7619998455048, 82160.8879795964, 102982.8499613692
1986.7760000228882, 82160.8879795964, 102981.07433064724
1986.7889997959137, 82160.8879795964, 102981.07433064724
1986.7979998588562, 82160.8879795964, 102981.07433064724
1986.8029999732971, 82160.8879795964, 102981.07433064724
1986.8090000152588, 82160.8879795964, 102981.07433064724
1992.8099999427795, 82160.8879795964, 102977.85290622874
1992.8099999427795, 82160.8879795964, 102977.85290622874
1992.829999923706, 82160.8879795964, 102977.85290622874
1992.829999923706, 82160.8879795964, 102977.85290622874
1992.8449997901917, 82160.8879795964, 102977.44609767578
1998.914999961853, 82160.8879795964, 102976.03584646022
1998.9249999523163, 82160.8879795964, 102976.03584646022
1998.936999797821, 82160.8879795964, 102974.30237692996
2004.7889997959137, 82160.8879795964, 102974.30237692996
2004.8039999008179, 82160.8879795964, 102974.30237692996
2004.805999994278, 82160.8879795964, 102974.30237692996
2004.8309998512268, 82160.8879795964, 102974.30237692996
2004.84099984169, 82160.8879795964, 102974.30237692996
2004.8509998321533, 82160.8879795964, 102974.17122427629
2004.8639998435974, 82160.8879795964, 102974.17122427629
2004.8719999790192, 82160.8879795964, 102974.17122427629
2004.8719999790192, 82160.8879795964, 102974.17122427629
2004.8939998149872, 82160.8879795964, 102974.17122427629
2004.8999998569489, 82160.8879795964, 102974.17122427629
2004.9059998989105, 82160.8879795964, 102974.17122427629
2004.9119999408722, 82160.8879795964, 102974.17122427629
2010.6269998550415, 82160.8879795964, 102974.17122427629
2010.6480000019073, 82160.8879795964, 102974.17122427629
2010.6639997959137, 82160.8879795964, 102973.39980207566
2010.6749999523163, 82160.8879795964, 102973.39980207566
2010.6829998493195, 82160.8879795964, 102973.39980207566
2010.6899998188019, 82160.8879795964, 102971.34865929259
2016.9779999256134, 82160.8879795964, 102971.34865929259
2016.9900000095367, 82160.8879795964, 102971.34865929259
2016.9989998340607, 82160.8879795964, 102971.34865929259
2017.0019998550415, 82160.8879795964, 102971.04883529851
2023.0879998207092, 82160.8879795964, 102971.04883529851
2023.0879998207092, 82160.8879795964, 102969.2265703787
2023.1099998950958, 82160.8879795964, 102969.2265703787
2023.1219999790192, 82160.8879795964, 102969.2265703787
2023.1349999904633, 82160.8879795964, 102969.2265703787
2029.0260000228882, 82160.8879795964, 102969.2265703787
2029.0319998264313, 82160.8879795964, 102969.2265703787
2029.0460000038147, 82160.8879795964, 102967.90411799228
2029.0579998493195, 82160.8879795964, 102967.09376791283
2029.0659999847412, 82160.8879795964, 102967.09376791283
2029.0659999847412, 82160.8879795964, 102967.09376791283
2034.9229998588562, 82160.8879795964, 102965.84595035652
2034.9389998912811, 82160.8879795964, 102965.84595035652
2034.9509999752045, 82160.8879795964, 102965.84595035652
2034.9589998722076, 82160.8879795964, 102965.7199322444
2040.968999862671, 82160.8879795964, 102965.7199322444
2040.9889998435974, 82160.8879795964, 102963.2037820552
2040.9989998340607, 82160.8879795964, 102962.16927683986
2046.5369999408722, 82160.8879795964, 102961.5330138816
2046.5499999523163, 82160.8879795964, 102961.5330138816
2046.5649998188019, 82160.8879795964, 102961.5330138816
2046.5649998188019, 82160.8879795964, 102961.5330138816
2046.5809998512268, 82160.8879795964, 102961.5330138816
2046.5949997901917, 82160.8879795964, 102961.5330138816
2052.3769998550415, 82160.8879795964, 102961.5330138816
2052.388000011444, 82160.8879795964, 102961.5330138816
2052.3980000019073, 82160.8879795964, 102961.5330138816
2052.3980000019073, 82160.8879795964, 102961.5330138816
2052.409999847412, 82160.8879795964, 102961.5330138816
2052.409999847412, 82160.8879795964, 102961.13200936356
2052.4299998283386, 82160.8879795964, 102960.22669746567
2052.439999818802, 82160.8879795964, 102959.98740691815
2052.4479999542236, 82160.8879795964, 102959.98740691815
2058.5159997940063, 82160.8879795964, 102959.98740691815
2058.5279998779297, 82160.8879795964, 102959.98740691815
2058.5360000133514, 82160.8879795964, 102959.98740691815
2058.5460000038147, 82160.8879795964, 102959.64338081035
2058.5599999427795, 82160.8879795964, 102959.64338081035
2058.572000026703, 82160.8879795964, 102959.64338081035
2064.061999797821, 82160.8879795964, 102959.64338081035
2064.069000005722, 82160.8879795964, 102959.64338081035
2064.0899999141693, 82160.8879795964, 102959.64338081035
2064.103999853134, 82160.8879795964, 102959.64338081035
2064.103999853134, 82160.8879795964, 102959.64338081035
2064.1259999275208, 82160.8879795964, 102959.64338081035
2064.1409997940063, 82160.8879795964, 102959.64338081035
2064.149999856949, 82160.8879795964, 102959.64338081035
2064.1569998264313, 82160.8879795964, 102959.64338081035
2069.9329998493195, 82160.8879795964, 102958.85406701852
2069.949999809265, 82160.8879795964, 102958.85406701852
2069.949999809265, 82160.8879795964, 102958.85406701852
2069.9699997901917, 82160.8879795964, 102958.85406701852
2069.970999956131, 82160.8879795964, 102958.85406701852
2069.9859998226166, 82160.8879795964, 102958.85406701852
2069.9859998226166, 82160.8879795964, 102958.85406701852
2070.008999824524, 82160.8879795964, 102958.85406701852
2070.0149998664856, 82160.8879795964, 102958.85406701852
2070.018999814987, 82160.8879795964, 102958.85406701852
2075.595999956131, 82160.8879795964, 102958.28215623376
2075.603999853134, 82160.8879795964, 102958.28215623376
2075.6109998226166, 82160.8879795964, 102958.28215623376
2075.6159999370575, 82160.8879795964, 102958.28215623376
2075.619999885559, 82160.8879795964, 102958.28215623376
2075.6319999694824, 82160.8879795964, 102958.28215623376
2075.633999824524, 82160.8879795964, 102958.28215623376
2075.6549999713898, 82160.8879795964, 102957.50346623993
2075.661999940872, 82160.8879795964, 102957.50346623993
2075.6699998378754, 82160.8879795964, 102957.50346623993
2075.677999973297, 82160.8879795964, 102957.50346623993
2075.6849999427795, 82160.8879795964, 102957.50346623993
2075.694000005722, 82160.8879795964, 102957.16304463896
2075.699999809265, 82160.8879795964, 102957.16304463896
2081.742999792099, 82160.8879795964, 102957.16304463896
2081.757999897003, 82160.8879795964, 102957.16304463896
2081.7779998779297, 82160.8879795964, 102957.16304463896
2081.7919998168945, 82160.8879795964, 102957.16304463896
2081.8109998703003, 82160.8879795964, 102957.16304463896
2081.8239998817444, 82160.8879795964, 102957.16304463896
2081.827999830246, 82160.8879795964, 102957.16304463896
2081.827999830246, 82160.8879795964, 102957.16304463896
2087.8069999217987, 82160.8879795964, 102957.16304463896
2087.8209998607635, 82160.8879795964, 102957.16146051676
2087.8339998722076, 82160.8879795964, 102957.16146051676
2093.7439999580383, 82160.8879795964, 102955.42151722843
2093.755999803543, 82160.8879795964, 102955.42151722843
2093.7699999809265, 82160.8879795964, 102954.71014116536
2093.7709999084473, 82160.8879795964, 102954.71014116536
2093.786999940872, 82160.8879795964, 102954.71014116536
2093.792999982834, 82160.8879795964, 102954.71014116536
2093.7999999523163, 82160.8879795964, 102954.71014116536
2099.4459998607635, 82160.8879795964, 102954.71014116536
2099.4629998207092, 82160.8879795964, 102954.71014116536
2099.46599984169, 82160.8879795964, 102954.71014116536
2099.4800000190735, 82160.8879795964, 102954.71014116536
2099.484999895096, 82160.8879795964, 102954.71014116536
2099.4900000095367, 82160.8879795964, 102954.71014116536
2099.5, 82160.8879795964, 102954.71014116536
2099.5099999904633, 82160.8879795964, 102954.71014116536
2099.513999938965, 82160.8879795964, 102954.71014116536
2099.5279998779297, 82160.8879795964, 102954.71014116536
2099.537999868393, 82160.8879795964, 102953.18302256144
2099.547999858856, 82160.8879795964, 102953.18302256144
2099.5490000247955, 82160.8879795964, 102953.18302256144
2105.268999814987, 82160.8879795964, 102953.18302256144
2105.2799999713898, 82160.8879795964, 102953.18302256144
2105.286999940872, 82160.8879795964, 102953.18302256144
2105.292999982834, 82160.8879795964, 102953.18302256144
2105.292999982834, 82160.8879795964, 102953.18302256144
2105.292999982834, 82160.8879795964, 102953.18302256144
2105.3079998493195, 82160.8879795964, 102953.18302256144
2105.3079998493195, 82160.8879795964, 102953.18302256144
2105.332999944687, 82160.8879795964, 102952.38419328548
2105.3449997901917, 82160.8879795964, 102952.38419328548
2105.3529999256134, 82160.8879795964, 102952.38419328548
2105.356999874115, 82160.8879795964, 102952.31240650745
2105.356999874115, 82160.8879795964, 102952.31240650745
2105.3759999275208, 82160.8879795964, 102952.31240650745
2105.3759999275208, 82160.8879795964, 102952.31240650745
2105.3949999809265, 82160.8879795964, 102952.31240650745
2105.4039998054504, 82160.8879795964, 102952.31240650745
2111.0679998397827, 82160.8879795964, 102952.31240650745
2111.09099984169, 82160.8879795964, 102952.31240650745
2111.1059999465942, 82160.8879795964, 102952.31240650745
2111.1059999465942, 82160.8879795964, 102952.31240650745
2111.1239998340607, 82160.8879795964, 102952.31240650745
2111.128000020981, 82160.8879795964, 102952.31240650745
2111.135999917984, 82160.8879795964, 102952.31240650745
2111.143999814987, 82160.8879795964, 102952.31240650745
2111.149999856949, 82160.8879795964, 102952.31240650745
2111.1559998989105, 82160.8879795964, 102952.31240650745
2111.165999889374, 82160.8879795964, 102951.6884992607
2111.1710000038147, 82160.8879795964, 102951.6884992607
2111.1710000038147, 82160.8879795964, 102951.6884992607
2111.186999797821, 82160.8879795964, 102951.6884992607
2111.186999797821, 82160.8879795964, 102951.51023890157
2111.205999851227, 82160.8879795964, 102951.51023890157
2111.205999851227, 82160.8879795964, 102951.51023890157
2111.205999851227, 82160.8879795964, 102951.51023890157
2111.223999977112, 82160.8879795964, 102951.51023890157
2111.228999853134, 82160.8879795964, 102951.51023890157
2111.234999895096, 82160.8879795964, 102951.51023890157
2111.2400000095367, 82160.8879795964, 102951.51023890157
2111.2400000095367, 82160.8879795964, 102951.51023890157
2111.2549998760223, 82160.8879795964, 102951.51023890157
2117.3239998817444, 82160.8879795964, 102951.51023890157
2117.3399999141693, 82160.8879795964, 102951.51023890157
2117.3469998836517, 82160.8879795964, 102951.51023890157
2117.356999874115, 82160.8879795964, 102951.51023890157
2117.359999895096, 82160.8879795964, 102951.51023890157
2123.5169999599457, 82160.8879795964, 102951.51023890157
2123.521999835968, 82160.8879795964, 102951.51023890157
2123.5389997959137, 82160.8879795964, 102951.51023890157
2123.542999982834, 82160.8879795964, 102951.51023890157
2123.542999982834, 82160.8879795964, 102951.51023890157
2123.5569999217987, 82160.8879795964, 102951.51023890157
2123.5569999217987, 82160.8879795964, 102951.51023890157
2123.572000026703, 82160.8879795964, 102951.51023890157
2129.438999891281, 82160.8879795964, 102950.13182297464
2129.4509999752045, 82160.8879795964, 102949.4066056468
2129.4639999866486, 82160.8879795964, 102949.4066056468
2129.4779999256134, 82160.8879795964, 102949.4066056468
2129.4909999370575, 82160.8879795964, 102949.3271503109
2129.5009999275208, 82160.8879795964, 102949.3271503109
2129.508999824524, 82160.8879795964, 102949.26439906454
2129.510999917984, 82160.8879795964, 102949.26439906454
2129.510999917984, 82160.8879795964, 102949.26439906454
2129.526999950409, 82160.8879795964, 102949.26439906454
2129.526999950409, 82160.8879795964, 102949.26439906454
2135.5729999542236, 82160.8879795964, 102949.26439906454
2135.580999851227, 82160.8879795964, 102949.26439906454
2135.5920000076294, 82160.8879795964, 102949.26439906454
2135.5920000076294, 82160.8879795964, 102949.26439906454
2135.606999874115, 82160.8879795964, 102949.26439906454
2135.606999874115, 82160.8879795964, 102949.26439906454
2135.628000020981, 82160.8879795964, 102949.26439906454
2141.5569999217987, 82160.8879795964, 102949.26439906454
2141.566999912262, 82160.8879795964, 102949.26439906454
2141.574999809265, 82160.8879795964, 102949.26439906454
2141.593999862671, 82160.8879795964, 102949.26439906454
2141.6059999465942, 82160.8879795964, 102948.11697337529
2141.6150000095367, 82160.8879795964, 102948.11697337529
2141.62299990654, 82160.8879795964, 102948.11697337529
2141.6269998550415, 82160.8879795964, 102948.11697337529
2141.638999938965, 82160.8879795964, 102946.91928916224
2141.643999814987, 82160.8879795964, 102946.91928916224
2141.648999929428, 82160.8879795964, 102946.91928916224
2141.6539998054504, 82160.8879795964, 102946.91928916224
2141.659999847412, 82160.8879795964, 102946.91928916224
2141.665999889374, 82160.8879795964, 102946.91928916224
2147.4699997901917, 82160.8879795964, 102946.91928916224
2147.4919998645782, 82160.8879795964, 102946.91928916224
2147.5119998455048, 82160.8879795964, 102946.91928916224
2147.526000022888, 82160.8879795964, 102946.91928916224
2147.5389997959137, 82160.8879795964, 102946.91928916224
2147.547999858856, 82160.8879795964, 102946.91928916224
2147.5569999217987, 82160.8879795964, 102946.91928916224
2147.566999912262, 82160.8879795964, 102946.91928916224
2147.5759999752045, 82160.8879795964, 102946.91928916224
2147.5889999866486, 82160.8879795964, 102946.91928916224
2147.5949997901917, 82160.8879795964, 102946.91928916224
2153.5439999103546, 82160.8879795964, 102946.22430820782
2153.551999807358, 82160.8879795964, 102946.22430820782
2153.569000005722, 82160.8879795964, 102945.50265945173
2153.574999809265, 82160.8879795964, 102945.50265945173
2153.582000017166, 82160.8879795964, 102945.50265945173
2153.5879998207092, 82160.8879795964, 102945.50265945173
2153.59299993515, 82160.8879795964, 102945.50265945173
2160.0599999427795, 82160.8879795964, 102945.50265945173
2160.0729999542236, 82160.8879795964, 102945.50265945173
2160.079999923706, 82160.8879795964, 102945.50265945173
2160.079999923706, 82160.8879795964, 102945.50265945173
2160.0949997901917, 82160.8879795964, 102944.25144630039
2160.1159999370575, 82160.8879795964, 102942.94764268365
2165.768999814987, 82160.8879795964, 102942.94764268365
2165.7839999198914, 82160.8879795964, 102942.94764268365
2165.789999961853, 82160.8879795964, 102942.94764268365
2165.8069999217987, 82160.8879795964, 102942.94764268365
2165.8239998817444, 82160.8879795964, 102942.808725952
2165.8339998722076, 82160.8879795964, 102942.78115070697
2165.8420000076294, 82160.8879795964, 102942.30859876254
2165.8499999046326, 82160.8879795964, 102942.30859876254
2165.8550000190735, 82160.8879795964, 102942.30859876254
2171.816999912262, 82160.8879795964, 102942.30859876254
2171.8339998722076, 82160.8879795964, 102942.30859876254
2171.8389999866486, 82160.8879795964, 102942.30859876254
2171.8509998321533, 82160.8879795964, 102942.30859876254
2171.8509998321533, 82160.8879795964, 102942.30859876254
2171.867999792099, 82160.8879795964, 102942.30859876254
2171.8769998550415, 82160.8879795964, 102942.29395061864
2171.8869998455048, 82160.8879795964, 102942.0386197806
2171.8949999809265, 82160.8879795964, 102942.0386197806
2171.899999856949, 82160.8879795964, 102942.0386197806
2171.9029998779297, 82160.8879795964, 102942.0386197806
2171.9029998779297, 82160.8879795964, 102942.0386197806
2177.6109998226166, 82160.8879795964, 102941.28431582153
2177.6259999275208, 82160.8879795964, 102941.28431582153
2177.632999897003, 82160.8879795964, 102941.28431582153
2177.6480000019073, 82160.8879795964, 102941.28431582153
2177.6480000019073, 82160.8879795964, 102939.76381842209
2183.559000015259, 82160.8879795964, 102939.76381842209
2183.5759999752045, 82160.8879795964, 102939.76381842209
2183.5759999752045, 82160.8879795964, 102939.76381842209
2183.59299993515, 82160.8879795964, 102939.76381842209
2183.598999977112, 82160.8879795964, 102939.28523783298
2183.6129999160767, 82160.8879795964, 102939.28523783298
2183.6129999160767, 82160.8879795964, 102939.28523783298
2183.6289999485016, 82160.8879795964, 102939.28523783298
2183.638999938965, 82160.8879795964, 102939.28523783298
2183.6480000019073, 82160.8879795964, 102939.28523783298
2189.6480000019073, 82160.8879795964, 102939.28523783298
2189.659999847412, 82160.8879795964, 102939.28523783298
2189.6719999313354, 82160.8879795964, 102939.28523783298
2189.675999879837, 82160.8879795964, 102939.28523783298
2195.598999977112, 82160.8879795964, 102939.28523783298
2195.6059999465942, 82160.8879795964, 102939.28523783298
2195.6239998340607, 82160.8879795964, 102939.28523783298
2195.6289999485016, 82160.8879795964, 102939.28523783298
2195.6289999485016, 82160.8879795964, 102939.28523783298
2195.6419999599457, 82160.8879795964, 102939.28523783298
2195.6429998874664, 82160.8879795964, 102939.28523783298
2195.6539998054504, 82160.8879795964, 102939.28523783298
2195.6639997959137, 82160.8879795964, 102939.28523783298
2195.6740000247955, 82160.8879795964, 102939.28523783298
2195.684000015259, 82160.8879795964, 102939.28523783298
2195.690999984741, 82160.8879795964, 102939.28523783298
2202.0999999046326, 82160.8879795964, 102939.28523783298
2202.1109998226166, 82160.8879795964, 102939.28523783298
2202.125, 82160.8879795964, 102939.28523783298
2208.010999917984, 82160.8879795964, 102936.42655296928
2208.0149998664856, 82160.8879795964, 102936.42655296928
2208.0309998989105, 82160.8879795964, 102936.42655296928
2208.036999940872, 82160.8879795964, 102936.42655296928
2208.047999858856, 82160.8879795964, 102936.42655296928
2208.0629999637604, 82160.8879795964, 102936.42655296928
2208.0739998817444, 82160.8879795964, 102936.42655296928
2208.082000017166, 82160.8879795964, 102936.42655296928
2208.0879998207092, 82160.8879795964, 102936.42655296928
2208.09299993515, 82160.8879795964, 102936.42655296928
2208.095999956131, 82160.8879795964, 102936.42655296928
2214.401000022888, 82160.8879795964, 102936.42655296928
2214.414999961853, 82160.8879795964, 102936.42655296928
2214.415999889374, 82160.8879795964, 102936.42655296928
2214.415999889374, 82160.8879795964, 102936.42655296928
2214.4379999637604, 82160.8879795964, 102936.42655296928
2214.4459998607635, 82160.8879795964, 102936.42655296928
2214.452999830246, 82160.8879795964, 102936.42655296928
2220.552999973297, 82160.8879795964, 102934.6119527471
2220.5629999637604, 82160.8879795964, 102934.6119527471
2220.574999809265, 82160.8879795964, 102934.6119527471
2220.576999902725, 82160.8879795964, 102934.6119527471
2220.5969998836517, 82160.8879795964, 102934.6119527471
2220.6050000190735, 82160.8879795964, 102934.6119527471
2220.611999988556, 82160.8879795964, 102933.30454670837
2220.611999988556, 82160.8879795964, 102933.30115453753
2220.6319999694824, 82160.8879795964, 102933.30115453753
2220.6369998455048, 82160.8879795964, 102933.30115453753
2220.6459999084473, 82160.8879795964, 102933.30115453753
2220.6529998779297, 82160.8879795964, 102933.30115453753
2220.6579999923706, 82160.8879795964, 102933.30115453753
2220.661999940872, 82160.8879795964, 102933.30115453753
2220.661999940872, 82160.8879795964, 102933.30115453753
2220.661999940872, 82160.8879795964, 102933.30115453753
2220.676999807358, 82160.8879795964, 102933.30115453753
2220.676999807358, 82160.8879795964, 102933.30115453753
2226.970999956131, 82160.8879795964, 102933.30115453753
2226.9809999465942, 82160.8879795964, 102933.30115453753
2226.984999895096, 82160.8879795964, 102933.30115453753
2226.9900000095367, 82160.8879795964, 102933.30115453753
2226.9900000095367, 82160.8879795964, 102933.30115453753
2227.0119998455048, 82160.8879795964, 102931.24122973823
2227.018999814987, 82160.8879795964, 102931.24122973823
2227.0289998054504, 82160.8879795964, 102931.17118274816
2227.039999961853, 82160.8879795964, 102931.0473497625
2233.481999874115, 82160.8879795964, 102930.67730623113
2233.49599981308, 82160.8879795964, 102930.67730623113
2233.5039999485016, 82160.8879795964, 102930.67730623113
2233.5099999904633, 82160.8879795964, 102930.67730623113
2233.5099999904633, 82160.8879795964, 102930.67730623113
2233.526000022888, 82160.8879795964, 102930.67730623113
2233.5389997959137, 82160.8879795964, 102929.03184267585
2240.24599981308, 82160.8879795964, 102929.03184267585
2240.25, 82160.8879795964, 102929.03184267585
2240.2709999084473, 82160.8879795964, 102929.03184267585
2240.2709999084473, 82160.8879795964, 102929.03184267585
2240.284999847412, 82160.8879795964, 102929.03184267585
2240.284999847412, 82160.8879795964, 102929.03184267585
2240.305999994278, 82160.8879795964, 102929.03184267585
2240.313999891281, 82160.8879795964, 102929.03184267585
2240.319000005722, 82160.8879795964, 102929.03184267585
2240.326999902725, 82160.8879795964, 102929.03184267585
2246.9829998016357, 82160.8879795964, 102928.79884137416
2247.0, 82160.8879795964, 102928.79884137416
2247.0159997940063, 82160.8879795964, 102926.66696931823
2247.0289998054504, 82160.8879795964, 102924.40609570092
2247.0389997959137, 82160.8879795964, 102924.40609570092
2253.8229999542236, 82160.8879795964, 102924.40609570092
2253.8229999542236, 82160.8879795964, 102924.40609570092
2253.848999977112, 82160.8879795964, 102924.40609570092
2253.859999895096, 82160.8879795964, 102924.29296306384
2253.8609998226166, 82160.8879795964, 102924.29296306384
2253.8759999275208, 82160.8879795964, 102924.29296306384
2260.175999879837, 82160.8879795964, 102921.72641739831
2260.1959998607635, 82160.8879795964, 102921.72641739831
2260.199999809265, 82160.8879795964, 102921.4162766656
2260.2119998931885, 82160.8879795964, 102921.20126752192
2260.2119998931885, 82160.8879795964, 102921.20126752192
2260.2329998016357, 82160.8879795964, 102920.97633416273
2266.5609998703003, 82160.8879795964, 102920.86125207861
2266.5759999752045, 82160.8879795964, 102919.8902572538
2266.5789999961853, 82160.8879795964, 102919.8902572538
2266.593999862671, 82160.8879795964, 102919.54049328611
2266.6019999980927, 82160.8879795964, 102919.54049328611
2273.1549999713898, 82160.8879795964, 102918.73748544221
2273.1639997959137, 82160.8879795964, 102918.38166911481
2279.6529998779297, 82160.8879795964, 102917.14701254922
2279.6639997959137, 82160.8879795964, 102916.50225051765
2285.952999830246, 82160.8879795964, 102914.61354521336
2285.9719998836517, 82160.8879795964, 102914.61354521336
2285.9800000190735, 82160.8879795964, 102914.61354521336
2285.984999895096, 82160.8879795964, 102914.61354521336
2285.984999895096, 82160.8879795964, 102914.61354521336
2286.0039999485016, 82160.8879795964, 102914.61354521336
2292.3179998397827, 82160.8879795964, 102911.41615385219
2292.332999944687, 82160.8879795964, 102911.41615385219
2292.34099984169, 82160.8879795964, 102911.41615385219
2292.359999895096, 82160.8879795964, 102911.41615385219
2292.3689999580383, 82160.8879795964, 102911.41615385219
2292.3789999485016, 82160.8879795964, 102911.24217333201
2298.742999792099, 82160.8879795964, 102910.55270333517
2298.74799990654, 82160.8879795964, 102910.55270333517
2298.7669999599457, 82160.8879795964, 102910.55270333517
2298.7669999599457, 82160.8879795964, 102910.55270333517
2298.789999961853, 82160.8879795964, 102910.55270333517
2298.802999973297, 82160.8879795964, 102910.55270333517
2304.801999807358, 82160.8879795964, 102906.71868285855
2304.819999933243, 82160.8879795964, 102906.71868285855
2304.8379998207092, 82160.8879795964, 102906.71868285855
2310.911999940872, 82160.8879795964, 102906.71868285855
2310.9299998283386, 82160.8879795964, 102906.71868285855
2310.9459998607635, 82160.8879795964, 102906.71868285855
2310.9489998817444, 82160.8879795964, 102906.71868285855
2310.9649999141693, 82160.8879795964, 102906.71868285855
2310.973999977112, 82160.8879795964, 102906.71868285855
2317.082999944687, 82160.8879795964, 102906.71868285855
2317.095999956131, 82160.8879795964, 102906.71868285855
2317.103999853134, 82160.8879795964, 102906.29084928623
2317.1150000095367, 82160.8879795964, 102906.29084928623
2317.1150000095367, 82160.8879795964, 102906.29084928623
2317.132999897003, 82160.8879795964, 102906.29084928623
2323.2309999465942, 82160.8879795964, 102905.91197142973
2323.234999895096, 82160.8879795964, 102905.91197142973
2323.2549998760223, 82160.8879795964, 102905.91197142973
2323.2679998874664, 82160.8879795964, 102905.91197142973
2323.2709999084473, 82160.8879795964, 102905.91197142973
2323.2839999198914, 82160.8879795964, 102905.91197142973
2323.2919998168945, 82160.8879795964, 102905.91197142973
2323.301999807358, 82160.8879795964, 102905.91197142973
2323.313999891281, 82160.8879795964, 102904.46856594473
2329.7400000095367, 82160.8879795964, 102904.46856594473
2329.753000020981, 82160.8879795964, 102904.46856594473
2329.763000011444, 82160.8879795964, 102904.46856594473
2329.7779998779297, 82160.8879795964, 102904.46856594473
2329.7789998054504, 82160.8879795964, 102904.46856594473
2329.7990000247955, 82160.8879795964, 102904.46856594473
2329.803999900818, 82160.8879795964, 102904.46856594473
2329.8099999427795, 82160.8879795964, 102904.46856594473
2329.814999818802, 82160.8879795964, 102902.64922028371
2336.0759999752045, 82160.8879795964, 102902.64922028371
2336.0879998207092, 82160.8879795964, 102902.64922028371
2336.0949997901917, 82160.8879795964, 102902.64922028371
2336.0949997901917, 82160.8879795964, 102902.64922028371
2336.1129999160767, 82160.8879795964, 102902.64922028371
2336.1150000095367, 82160.8879795964, 102902.64922028371
2342.4719998836517, 82160.8879795964, 102902.64922028371
2342.481999874115, 82160.8879795964, 102902.64922028371
2342.49599981308, 82160.8879795964, 102902.64922028371
2342.5019998550415, 82160.8879795964, 102902.64922028371
2342.5199999809265, 82160.8879795964, 102902.64922028371
2342.5299999713898, 82160.8879795964, 102902.64922028371
2342.539999961853, 82160.8879795964, 102902.64922028371
2342.547999858856, 82160.8879795964, 102902.64922028371
2342.551999807358, 82160.8879795964, 102902.64922028371
2348.789999961853, 82160.8879795964, 102898.49217685693
2348.7990000247955, 82160.8879795964, 102898.49217685693
2348.7990000247955, 82160.8879795964, 102898.49217685693
2348.819000005722, 82160.8879795964, 102898.49217685693
2348.822000026703, 82160.8879795964, 102898.49217685693
2348.8349997997284, 82160.8879795964, 102898.49217685693
2348.8369998931885, 82160.8879795964, 102898.49217685693
2355.4759998321533, 82160.8879795964, 102898.49217685693
2355.4779999256134, 82160.8879795964, 102898.49217685693
2355.49799990654, 82160.8879795964, 102898.49217685693
2355.508999824524, 82160.8879795964, 102897.13770851814
2355.508999824524, 82160.8879795964, 102897.13770851814
2355.526999950409, 82160.8879795964, 102897.13770851814
2355.536999940872, 82160.8879795964, 102896.22677088165
2361.6319999694824, 82160.8879795964, 102896.0758028989
2361.6409997940063, 82160.8879795964, 102896.0758028989
2361.651999950409, 82160.8879795964, 102896.0758028989
2361.6539998054504, 82160.8879795964, 102896.0758028989
2361.6669998168945, 82160.8879795964, 102896.0758028989
2361.6849999427795, 82160.8879795964, 102896.0758028989
2361.6989998817444, 82160.8879795964, 102896.0758028989
2368.2539999485016, 82160.8879795964, 102896.0758028989
2368.2649998664856, 82160.8879795964, 102896.0758028989
2368.276999950409, 82160.8879795964, 102895.19359957962
2368.276999950409, 82160.8879795964, 102895.19359957962
2368.300999879837, 82160.8879795964, 102895.19359957962
2368.3109998703003, 82160.8879795964, 102895.19359957962
2368.319999933243, 82160.8879795964, 102895.19359957962
2368.327999830246, 82160.8879795964, 102893.25399484026
2374.4759998321533, 82160.8879795964, 102893.25399484026
2374.484999895096, 82160.8879795964, 102892.67973654118
2374.4909999370575, 82160.8879795964, 102892.67973654118
2374.4989998340607, 82160.8879795964, 102892.67973654118
2374.5099999904633, 82160.8879795964, 102892.67973654118
2374.521999835968, 82160.8879795964, 102892.67973654118
2374.5339999198914, 82160.8879795964, 102892.67973654118
2374.5439999103546, 82160.8879795964, 102892.67973654118
2380.7089998722076, 82160.8879795964, 102892.67973654118
2380.728999853134, 82160.8879795964, 102892.67973654118
2380.742999792099, 82160.8879795964, 102891.31600467017
2380.7489998340607, 82160.8879795964, 102891.31600467017
2380.7649998664856, 82160.8879795964, 102891.31600467017
2380.7799999713898, 82160.8879795964, 102890.07919925182
2380.7919998168945, 82160.8879795964, 102890.07919925182
2380.803999900818, 82160.8879795964, 102890.07919925182
2380.8109998703003, 82160.8879795964, 102890.07919925182
2386.9670000076294, 82160.8879795964, 102890.07919925182
2386.9800000190735, 82160.8879795964, 102889.66805903624
2386.986999988556, 82160.8879795964, 102889.66805903624
2387.0, 82160.8879795964, 102889.66805903624
2387.0069999694824, 82160.8879795964, 102889.66805903624
2387.0119998455048, 82160.8879795964, 102889.66805903624
2387.0169999599457, 82160.8879795964, 102889.66805903624
2387.026999950409, 82160.8879795964, 102888.7350309579
2387.034999847412, 82160.8879795964, 102888.7350309579
2387.034999847412, 82160.8879795964, 102888.7350309579
2387.0629999637604, 82160.8879795964, 102888.7350309579
2387.0739998817444, 82160.8879795964, 102888.37524933675
2387.082999944687, 82160.8879795964, 102888.37524933675
2393.3739998340607, 82160.8879795964, 102888.37524933675
2393.3909997940063, 82160.8879795964, 102888.37524933675
2393.4049999713898, 82160.8879795964, 102885.73384418675
2393.4079999923706, 82160.8879795964, 102885.66684385059
2400.1549999713898, 82160.8879795964, 102885.66684385059
2400.1610000133514, 82160.8879795964, 102885.66684385059
2400.1610000133514, 82160.8879795964, 102885.66684385059
2400.178999900818, 82160.8879795964, 102885.66684385059
2400.1829998493195, 82160.8879795964, 102885.3696524168
2400.1979999542236, 82160.8879795964, 102884.01894059626
2406.6569998264313, 82160.8879795964, 102883.3689012935
2406.6819999217987, 82160.8879795964, 102883.3689012935
2406.6829998493195, 82160.8879795964, 102883.3689012935
2406.6979999542236, 82160.8879795964, 102883.3689012935
2413.0169999599457, 82160.8879795964, 102883.3689012935
2413.0279998779297, 82160.8879795964, 102883.3689012935
2413.0389997959137, 82160.8879795964, 102882.26700440129
2413.0389997959137, 82160.8879795964, 102882.26700440129
2419.0789999961853, 82160.8879795964, 102878.8221020278
2419.0949997901917, 82160.8879795964, 102878.8221020278
2419.0949997901917, 82160.8879795964, 102878.8221020278
2419.109999895096, 82160.8879795964, 102878.8221020278
2419.1169998645782, 82160.8879795964, 102878.8221020278
2419.119999885559, 82160.8879795964, 102878.8221020278
2419.1319999694824, 82160.8879795964, 102878.8221020278
2419.151000022888, 82160.8879795964, 102878.8221020278
2419.1569998264313, 82160.8879795964, 102878.8221020278
2419.164999961853, 82160.8879795964, 102878.8221020278
2425.7549998760223, 82160.8879795964, 102878.8221020278
2425.758999824524, 82160.8879795964, 102878.8221020278
2425.7649998664856, 82160.8879795964, 102878.61656279842
2425.776999950409, 82160.8879795964, 102878.61656279842
2432.648999929428, 82160.8879795964, 102875.82077383802
2432.664999961853, 82160.8879795964, 102875.82077383802
2432.677999973297, 82160.8879795964, 102875.82077383802
2439.2699999809265, 82160.8879795964, 102874.0621057547
2439.2779998779297, 82160.8879795964, 102874.0621057547
2439.284999847412, 82160.8879795964, 102874.0621057547
2439.290999889374, 82160.8879795964, 102874.0621057547
2439.2969999313354, 82160.8879795964, 102874.0621057547
2439.311999797821, 82160.8879795964, 102874.0621057547
2439.313999891281, 82160.8879795964, 102872.59400105289
2445.8529999256134, 82160.8879795964, 102872.50127049754
2445.8639998435974, 82160.8879795964, 102872.50127049754
2445.869999885559, 82160.8879795964, 102872.50127049754
2445.869999885559, 82160.8879795964, 102872.12075973336
2445.8869998455048, 82160.8879795964, 102871.25731932602
2445.8869998455048, 82160.8879795964, 102870.99558914574
2445.9039998054504, 82160.8879795964, 102870.99558914574
2445.911999940872, 82160.8879795964, 102870.62440900854
2445.922999858856, 82160.8879795964, 102870.44184124528
2445.9299998283386, 82160.8879795964, 102870.06484870294
2445.936999797821, 82160.8879795964, 102869.59046848778
2452.3739998340607, 82160.8879795964, 102869.59046848778
2452.396999835968, 82160.8879795964, 102869.50016920277
2452.4059998989105, 82160.8879795964, 102869.50016920277
2452.4199998378754, 82160.8879795964, 102869.50016920277
2452.4319999217987, 82160.8879795964, 102869.47092913878
2452.447000026703, 82160.8879795964, 102869.47092913878
2452.4599997997284, 82160.8879795964, 102869.36850505741
2458.6549999713898, 82160.8879795964, 102869.36850505741
2458.661999940872, 82160.8879795964, 102869.36850505741
2458.661999940872, 82160.8879795964, 102869.36850505741
2458.680999994278, 82160.8879795964, 102869.36850505741
2458.6829998493195, 82160.8879795964, 102869.36850505741
2458.6959998607635, 82160.8879795964, 102869.36850505741
2458.6989998817444, 82160.8879795964, 102869.36850505741
2458.6989998817444, 82160.8879795964, 102869.36850505741
2458.71599984169, 82160.8879795964, 102869.36850505741
2458.7219998836517, 82160.8879795964, 102869.36850505741
2465.648999929428, 82160.8879795964, 102866.9541601223
2465.661999940872, 82160.8879795964, 102866.9541601223
2465.6669998168945, 82160.8879795964, 102866.9541601223
2465.678999900818, 82160.8879795964, 102866.9541601223
2465.680999994278, 82160.8879795964, 102866.9541601223
2465.6979999542236, 82160.8879795964, 102866.31205845879
2465.7089998722076, 82160.8879795964, 102866.31205845879
2472.161999940872, 82160.8879795964, 102866.04719602909
2472.1819999217987, 82160.8879795964, 102866.04719602909
2472.186999797821, 82160.8879795964, 102866.04719602909
2472.199999809265, 82160.8879795964, 102866.04719602909
2472.199999809265, 82160.8879795964, 102866.04719602909
2472.2170000076294, 82160.8879795964, 102866.04719602909
2472.2219998836517, 82160.8879795964, 102866.04719602909
2472.2279999256134, 82160.8879795964, 102866.04719602909
2472.233999967575, 82160.8879795964, 102866.04719602909
2478.9769999980927, 82160.8879795964, 102866.04719602909
2478.9879999160767, 82160.8879795964, 102866.04719602909
2478.99799990654, 82160.8879795964, 102866.04719602909
2478.99799990654, 82160.8879795964, 102866.04719602909
2478.99799990654, 82160.8879795964, 102866.04719602909
2479.0209999084473, 82160.8879795964, 102866.04719602909
2479.0309998989105, 82160.8879795964, 102866.04719602909
2479.040999889374, 82160.8879795964, 102866.04719602909
2479.0460000038147, 82160.8879795964, 102866.04719602909
2485.731999874115, 82160.8879795964, 102863.9792660935
2485.74599981308, 82160.8879795964, 102863.9792660935
2485.7489998340607, 82160.8879795964, 102863.9792660935
2485.768999814987, 82160.8879795964, 102863.9792660935
2485.7829999923706, 82160.8879795964, 102863.41491047216
2485.792999982834, 82160.8879795964, 102863.08796314275
2492.9800000190735, 82160.8879795964, 102863.08796314275
2492.996999979019, 82160.8879795964, 102863.08796314275
2493.007999897003, 82160.8879795964, 102862.44177869745
2493.013999938965, 82160.8879795964, 102862.44177869745
2493.0209999084473, 82160.8879795964, 102862.44177869745
2493.0279998779297, 82160.8879795964, 102862.44177869745
2493.034999847412, 82160.8879795964, 102862.44177869745
2493.0449998378754, 82160.8879795964, 102862.44177869745
2493.0490000247955, 82160.8879795964, 102862.44177869745
2500.0319998264313, 82160.8879795964, 102861.25482529668
2506.3399999141693, 82160.8879795964, 102861.2362116303
2506.3559999465942, 82160.8879795964, 102859.93023507918
2506.361999988556, 82160.8879795964, 102859.93023507918
2506.361999988556, 82160.8879795964, 102859.93023507918
2506.3769998550415, 82160.8879795964, 102859.93023507918
2512.9029998779297, 82160.8879795964, 102859.93023507918
2512.9210000038147, 82160.8879795964, 102859.93023507918
2512.9240000247955, 82160.8879795964, 102857.0172709982
2519.244999885559, 82160.8879795964, 102857.0172709982
2519.2659997940063, 82160.8879795964, 102857.0172709982
2519.2779998779297, 82160.8879795964, 102857.0172709982
2519.2819998264313, 82160.8879795964, 102857.0172709982
2519.2999999523163, 82160.8879795964, 102857.0172709982
2519.309000015259, 82160.8879795964, 102857.0172709982
2519.3179998397827, 82160.8879795964, 102854.58213778489
2519.327999830246, 82160.8879795964, 102854.43276042369
2525.883999824524, 82160.8879795964, 102854.43276042369
2525.901000022888, 82160.8879795964, 102854.43276042369
2525.901000022888, 82160.8879795964, 102854.4037655804
2525.926999807358, 82160.8879795964, 102854.4037655804
2525.934000015259, 82160.8879795964, 102854.4037655804
2525.938999891281, 82160.8879795964, 102854.4037655804
2525.944000005722, 82160.8879795964, 102854.4037655804
2525.955999851227, 82160.8879795964, 102854.4037655804
2525.9639999866486, 82160.8879795964, 102854.4037655804
2525.970999956131, 82160.8879795964, 102854.4037655804
2532.8799998760223, 82160.8879795964, 102853.23841198526
2532.888000011444, 82160.8879795964, 102853.19920633388
2532.899999856949, 82160.8879795964, 102852.85210204466
2539.3609998226166, 82160.8879795964, 102852.21509679462
2539.3819999694824, 82160.8879795964, 102852.21509679462
2539.3959999084473, 82160.8879795964, 102852.21509679462
2539.3959999084473, 82160.8879795964, 102851.19582879447
2539.3959999084473, 82160.8879795964, 102850.10141075202
2546.441999912262, 82160.8879795964, 102850.10141075202
2546.455999851227, 82160.8879795964, 102850.10141075202
2546.4639999866486, 82160.8879795964, 102850.10141075202
2546.473999977112, 82160.8879795964, 102850.10141075202
2552.848999977112, 82160.8879795964, 102848.41734232307
2552.8659999370575, 82160.8879795964, 102848.38873905224
2552.87099981308, 82160.8879795964, 102848.38873905224
2552.883999824524, 82160.8879795964, 102848.38873905224
2552.899999856949, 82160.8879795964, 102848.02981930473
2552.909999847412, 82160.8879795964, 102848.02981930473
2559.534999847412, 82160.8879795964, 102848.02981930473
2559.542999982834, 82160.8879795964, 102848.02981930473
2559.551999807358, 82160.8879795964, 102847.72517031628
2559.553999900818, 82160.8879795964, 102847.72517031628
2559.563999891281, 82160.8879795964, 102847.72517031628
2566.4919998645782, 82160.8879795964, 102847.60824649308
2566.5049998760223, 82160.8879795964, 102847.60824649308
2566.5069999694824, 82160.8879795964, 102847.49566126004
2573.0299999713898, 82160.8879795964, 102844.99993145338
2573.0490000247955, 82160.8879795964, 102844.99993145338
2573.0490000247955, 82160.8879795964, 102844.99993145338
2573.0679998397827, 82160.8879795964, 102844.99993145338
2573.077999830246, 82160.8879795964, 102844.21261578542
2579.505999803543, 82160.8879795964, 102844.21261578542
2579.5179998874664, 82160.8879795964, 102844.21261578542
2579.526000022888, 82160.8879795964, 102844.21261578542
2579.5419998168945, 82160.8879795964, 102844.21261578542
2579.553999900818, 82160.8879795964, 102843.65958613675
2579.561999797821, 82160.8879795964, 102843.31623481974
2579.569000005722, 82160.8879795964, 102842.31408810146
2579.5739998817444, 82160.8879795964, 102842.31408810146
2579.5739998817444, 82160.8879795964, 102842.31408810146
2579.5739998817444, 82160.8879795964, 102842.31408810146
2579.595999956131, 82160.8879795964, 102842.22196197849
2586.4749999046326, 82160.8879795964, 102840.8113669302
2593.4670000076294, 82160.8879795964, 102840.8113669302
2593.4859998226166, 82160.8879795964, 102840.8113669302
2593.4879999160767, 82160.8879795964, 102840.8113669302
2593.505999803543, 82160.8879795964, 102840.8113669302
2593.513000011444, 82160.8879795964, 102840.8113669302
2593.521999835968, 82160.8879795964, 102840.8113669302
2600.3179998397827, 82160.8879795964, 102840.8113669302
2600.3369998931885, 82160.8879795964, 102840.8113669302
2606.811999797821, 82160.8879795964, 102838.10007141487
2606.8229999542236, 82160.8879795964, 102838.10007141487
2606.832999944687, 82160.8879795964, 102838.10007141487
2606.832999944687, 82160.8879795964, 102838.10007141487
2606.8449997901917, 82160.8879795964, 102838.10007141487
2606.8449997901917, 82160.8879795964, 102838.10007141487
2606.867999792099, 82160.8879795964, 102838.10007141487
2613.8359999656677, 82160.8879795964, 102838.10007141487
2613.8509998321533, 82160.8879795964, 102838.10007141487
2613.8509998321533, 82160.8879795964, 102838.10007141487
2613.8650000095367, 82160.8879795964, 102837.75252777773
2613.888999938965, 82160.8879795964, 102837.75252777773
2613.9029998779297, 82160.8879795964, 102837.75252777773
2613.9139997959137, 82160.8879795964, 102837.75252777773
2613.915999889374, 82160.8879795964, 102837.75252777773
2613.9319999217987, 82160.8879795964, 102837.75252777773
2620.9240000247955, 82160.8879795964, 102837.75252777773
2620.9359998703003, 82160.8879795964, 102837.75252777773
2620.944000005722, 82160.8879795964, 102835.43385902922
2620.949999809265, 82160.8879795964, 102835.43385902922
2620.96799993515, 82160.8879795964, 102835.43385902922
2620.9749999046326, 82160.8879795964, 102835.43385902922
2627.440999984741, 82160.8879795964, 102835.43385902922
2627.452999830246, 82160.8879795964, 102835.43385902922
2627.457999944687, 82160.8879795964, 102835.43385902922
2627.4749999046326, 82160.8879795964, 102835.43385902922
2627.4749999046326, 82160.8879795964, 102835.43385902922
2627.4749999046326, 82160.8879795964, 102835.43385902922
2627.4909999370575, 82160.8879795964, 102835.43385902922
2627.49599981308, 82160.8879795964, 102835.43385902922
2627.5019998550415, 82160.8879795964, 102835.43385902922
2627.5099999904633, 82160.8879795964, 102835.43385902922
2627.518999814987, 82160.8879795964, 102835.43385902922
2634.25, 82160.8879795964, 102832.80823978884
2634.2679998874664, 82160.8879795964, 102832.80823978884
2634.2819998264313, 82160.8879795964, 102832.80823978884
2634.284999847412, 82160.8879795964, 102832.80823978884
2634.284999847412, 82160.8879795964, 102832.80823978884
2634.3069999217987, 82160.8879795964, 102832.80823978884
2634.3179998397827, 82160.8879795964, 102832.80823978884
2634.327999830246, 82160.8879795964, 102832.80823978884
2634.3349997997284, 82160.8879795964, 102832.80823978884
2634.3349997997284, 82160.8879795964, 102832.80823978884
2641.2269999980927, 82160.8879795964, 102832.80823978884
2641.2409999370575, 82160.8879795964, 102832.80823978884
2641.2539999485016, 82160.8879795964, 102832.80823978884
2641.2679998874664, 82160.8879795964, 102832.80823978884
2648.534999847412, 82160.8879795964, 102832.80823978884
2648.534999847412, 82160.8879795964, 102830.33335457685
2648.553999900818, 82160.8879795964, 102830.33335457685
2648.5569999217987, 82160.8879795964, 102830.33335457685
2648.5709998607635, 82160.8879795964, 102830.33335457685
2648.5709998607635, 82160.8879795964, 102830.33335457685
2648.59299993515, 82160.8879795964, 102828.86410279915
2648.6029999256134, 82160.8879795964, 102828.86410279915
2648.609999895096, 82160.8879795964, 102828.7875759057
2655.505999803543, 82160.8879795964, 102828.7875759057
2655.524999856949, 82160.8879795964, 102828.7875759057
2655.5419998168945, 82160.8879795964, 102828.7875759057
2655.5569999217987, 82160.8879795964, 102828.6216058194
2662.4459998607635, 82160.8879795964, 102828.6216058194
2662.4759998321533, 82160.8879795964, 102828.6216058194
2662.483999967575, 82160.8879795964, 102828.6216058194
2662.5039999485016, 82160.8879795964, 102827.23760939865
2669.079999923706, 82160.8879795964, 102827.23760939865
2669.0949997901917, 82160.8879795964, 102827.23760939865
2669.1029999256134, 82160.8879795964, 102827.23760939865
2669.1239998340607, 82160.8879795964, 102827.23760939865
2669.138000011444, 82160.8879795964, 102827.23760939865
2675.773999929428, 82160.8879795964, 102827.23760939865
2675.7889997959137, 82160.8879795964, 102827.11664072578
2675.8079998493195, 82160.8879795964, 102827.11664072578
2675.8099999427795, 82160.8879795964, 102827.11664072578
2675.832999944687, 82160.8879795964, 102827.11664072578
2675.845999956131, 82160.8879795964, 102827.11664072578
2675.8550000190735, 82160.8879795964, 102827.11664072578
2675.861999988556, 82160.8879795964, 102827.11664072578
2675.861999988556, 82160.8879795964, 102827.11664072578
2675.8799998760223, 82160.8879795964, 102827.11664072578
2682.1459999084473, 82160.8879795964, 102827.11664072578
2682.1579999923706, 82160.8879795964, 102827.11664072578
2682.1639997959137, 82160.8879795964, 102827.11664072578
2682.1639997959137, 82160.8879795964, 102827.11664072578
2682.178999900818, 82160.8879795964, 102826.9813132392
2682.1929998397827, 82160.8879795964, 102826.9813132392
2682.2009999752045, 82160.8879795964, 102826.9813132392
2682.2089998722076, 82160.8879795964, 102826.9813132392
2682.220999956131, 82160.8879795964, 102826.9813132392
2682.228999853134, 82160.8879795964, 102826.9813132392
2682.228999853134, 82160.8879795964, 102826.9813132392
2682.228999853134, 82160.8879795964, 102826.9813132392
2682.2439999580383, 82160.8879795964, 102826.9813132392
2689.1449999809265, 82160.8879795964, 102826.9813132392
2689.1549999713898, 82160.8879795964, 102826.9813132392
2689.162999868393, 82160.8879795964, 102826.9813132392
2689.1710000038147, 82160.8879795964, 102826.9813132392
2689.1710000038147, 82160.8879795964, 102826.9813132392
2689.194000005722, 82160.8879795964, 102826.9813132392
2689.2039999961853, 82160.8879795964, 102826.9813132392
2689.21599984169, 82160.8879795964, 102825.2984871086
2689.2219998836517, 82160.8879795964, 102824.77134047779
2696.246999979019, 82160.8879795964, 102824.77134047779
2696.255999803543, 82160.8879795964, 102824.77134047779
2696.2699999809265, 82160.8879795964, 102824.77134047779
2702.5839998722076, 82160.8879795964, 102824.77134047779
2702.59299993515, 82160.8879795964, 102824.77134047779
2702.5999999046326, 82160.8879795964, 102824.77134047779
2702.6079998016357, 82160.8879795964, 102824.77134047779
2709.536999940872, 82160.8879795964, 102824.77134047779
2709.547999858856, 82160.8879795964, 102824.77134047779
2709.552999973297, 82160.8879795964, 102819.92567514992
2709.5609998703003, 82160.8879795964, 102819.92567514992
2709.5609998703003, 82160.8879795964, 102819.92567514992
2709.5759999752045, 82160.8879795964, 102819.92567514992
2709.580999851227, 82160.8879795964, 102819.92567514992
2709.5899999141693, 82160.8879795964, 102819.67966709625
2716.162999868393, 82160.8879795964, 102819.67966709625
2716.191999912262, 82160.8879795964, 102819.67966709625
2716.199999809265, 82160.8879795964, 102819.67966709625
2716.199999809265, 82160.8879795964, 102819.67966709625
2716.2259998321533, 82160.8879795964, 102819.67966709625
2716.2439999580383, 82160.8879795964, 102819.67966709625
2723.4619998931885, 82160.8879795964, 102818.88339940201
2723.4759998321533, 82160.8879795964, 102818.88339940201
2723.4759998321533, 82160.8879795964, 102818.88339940201
2723.4900000095367, 82160.8879795964, 102818.88339940201
2723.494999885559, 82160.8879795964, 102818.88339940201
2723.503000020981, 82160.8879795964, 102818.88339940201
2723.513999938965, 82160.8879795964, 102818.88339940201
2723.521999835968, 82160.8879795964, 102818.88339940201
2723.523999929428, 82160.8879795964, 102818.88339940201
2723.523999929428, 82160.8879795964, 102818.88339940201
2723.523999929428, 82160.8879795964, 102818.88339940201
2730.473999977112, 82160.8879795964, 102817.85583968036
2730.4919998645782, 82160.8879795964, 102817.85583968036
2730.49799990654, 82160.8879795964, 102817.11581359805
2730.507999897003, 82160.8879795964, 102817.11581359805
2730.526999950409, 82160.8879795964, 102817.11581359805
2730.5360000133514, 82160.8879795964, 102817.11581359805
2730.5439999103546, 82160.8879795964, 102816.96755628951
2730.5490000247955, 82160.8879795964, 102816.96755628951
2737.2149999141693, 82160.8879795964, 102816.96755628951
2737.2149999141693, 82160.8879795964, 102816.96755628951
2737.234999895096, 82160.8879795964, 102816.96755628951
2737.25, 82160.8879795964, 102816.96755628951
2737.2519998550415, 82160.8879795964, 102816.19909858733
2737.2519998550415, 82160.8879795964, 102816.19909858733
2737.2699999809265, 82160.8879795964, 102816.19909858733
2737.2779998779297, 82160.8879795964, 102816.19909858733
2737.287999868393, 82160.8879795964, 102816.19909858733
2737.2960000038147, 82160.8879795964, 102816.19909858733
2737.305999994278, 82160.8879795964, 102815.91806796144
2744.0549998283386, 82160.8879795964, 102815.91806796144
2744.077999830246, 82160.8879795964, 102814.80568581837
2744.0889999866486, 82160.8879795964, 102814.80568581837
2744.0979998111725, 82160.8879795964, 102814.80568581837
2744.1050000190735, 82160.8879795964, 102814.80568581837
2744.1129999160767, 82160.8879795964, 102814.80568581837
2744.1129999160767, 82160.8879795964, 102814.80568581837
2751.051999807358, 82160.8879795964, 102814.06098360481
2751.0599999427795, 82160.8879795964, 102814.06098360481
2751.0739998817444, 82160.8879795964, 102814.06098360481
2751.082000017166, 82160.8879795964, 102814.06098360481
2751.0979998111725, 82160.8879795964, 102814.06098360481
2751.106999874115, 82160.8879795964, 102814.06098360481
2757.773999929428, 82160.8879795964, 102813.16755975525
2757.786999940872, 82160.8879795964, 102813.16755975525
2757.7960000038147, 82160.8879795964, 102813.16755975525
2757.797999858856, 82160.8879795964, 102813.16755975525
2757.8129999637604, 82160.8879795964, 102813.16755975525
2764.082999944687, 82160.8879795964, 102813.16755975525
2764.082999944687, 82160.8879795964, 102813.16755975525
2764.0999999046326, 82160.8879795964, 102813.16755975525
2764.109999895096, 82160.8879795964, 102813.16755975525
2764.117999792099, 82160.8879795964, 102813.16755975525
2771.452999830246, 82160.8879795964, 102813.16755975525
2771.46799993515, 82160.8879795964, 102813.16755975525
2771.46799993515, 82160.8879795964, 102813.16755975525
2771.483999967575, 82160.8879795964, 102813.16755975525
2771.4900000095367, 82160.8879795964, 102813.16755975525
2771.496999979019, 82160.8879795964, 102812.66121157556
2771.5049998760223, 82160.8879795964, 102812.66121157556
2771.5119998455048, 82160.8879795964, 102812.66121157556
2778.4429998397827, 82160.8879795964, 102809.59135123304
2778.457000017166, 82160.8879795964, 102809.59135123304
2778.46599984169, 82160.8879795964, 102809.59135123304
2778.4759998321533, 82160.8879795964, 102809.02654130217
2785.736999988556, 82160.8879795964, 102809.02654130217
2785.74799990654, 82160.8879795964, 102809.02654130217
2785.763999938965, 82160.8879795964, 102809.02654130217
2792.5329999923706, 82160.8879795964, 102808.1887546809
2792.5449998378754, 82160.8879795964, 102807.34435906708
2792.551999807358, 82160.8879795964, 102807.34435906708
2792.561999797821, 82160.8879795964, 102807.34435906708
2792.579999923706, 82160.8879795964, 102807.34435906708
2799.207000017166, 82160.8879795964, 102807.34435906708
2799.207000017166, 82160.8879795964, 102807.34435906708
2799.2309999465942, 82160.8879795964, 102807.34435906708
2799.2409999370575, 82160.8879795964, 102806.59402924452
2799.258999824524, 82160.8879795964, 102806.59402924452
2799.260999917984, 82160.8879795964, 102806.59402924452
2799.274999856949, 82160.8879795964, 102806.59402924452
2806.2939999103546, 82160.8879795964, 102806.59402924452
2806.3069999217987, 82160.8879795964, 102806.59402924452
2806.3079998493195, 82160.8879795964, 102806.59402924452
2806.324999809265, 82160.8879795964, 102806.59402924452
2806.3339998722076, 82160.8879795964, 102805.62132757352
2806.3389999866486, 82160.8879795964, 102805.62132757352
2806.3479998111725, 82160.8879795964, 102805.62132757352
2806.3550000190735, 82160.8879795964, 102805.62132757352
2813.1689999103546, 82160.8879795964, 102804.49592321548
2813.1829998493195, 82160.8879795964, 102804.49592321548
2813.1829998493195, 82160.8879795964, 102804.49592321548
2813.1979999542236, 82160.8879795964, 102804.49592321548
2813.2089998722076, 82160.8879795964, 102804.49592321548
2813.21599984169, 82160.8879795964, 102804.49592321548
2813.2259998321533, 82160.8879795964, 102804.49592321548
2813.228999853134, 82160.8879795964, 102804.49592321548
2813.2439999580383, 82160.8879795964, 102804.49592321548
2819.7539999485016, 82160.8879795964, 102804.49592321548
2819.7619998455048, 82160.8879795964, 102804.49592321548
2819.776000022888, 82160.8879795964, 102804.49592321548
2819.7889997959137, 82160.8879795964, 102804.49592321548
2819.7990000247955, 82160.8879795964, 102804.49592321548
2819.8069999217987, 82160.8879795964, 102804.49592321548
2819.813999891281, 82160.8879795964, 102804.49592321548
2819.8209998607635, 82160.8879795964, 102804.49592321548
2819.827999830246, 82160.8879795964, 102804.49592321548
2819.8349997997284, 82160.8879795964, 102804.49592321548
2819.843999862671, 82160.8879795964, 102804.49592321548
2827.0499999523163, 82160.8879795964, 102804.49592321548
2827.0709998607635, 82160.8879795964, 102803.24345069415
2827.082000017166, 82160.8879795964, 102803.24345069415
2827.082000017166, 82160.8879795964, 102803.24345069415
2827.0999999046326, 82160.8879795964, 102803.24345069415
2827.1079998016357, 82160.8879795964, 102803.24345069415
2827.1159999370575, 82160.8879795964, 102803.24345069415
2834.069000005722, 82160.8879795964, 102803.24345069415
2834.0789999961853, 82160.8879795964, 102803.24345069415
2834.1019999980927, 82160.8879795964, 102801.72753940952
2834.1139998435974, 82160.8879795964, 102801.72753940952
2834.128000020981, 82160.8879795964, 102801.72753940952
2834.133999824524, 82160.8879795964, 102801.72753940952
2834.148999929428, 82160.8879795964, 102801.72753940952
2841.2679998874664, 82160.8879795964, 102801.72753940952
2841.276999950409, 82160.8879795964, 102801.72753940952
2841.2889997959137, 82160.8879795964, 102801.72753940952
2841.2999999523163, 82160.8879795964, 102801.72753940952
2841.311999797821, 82160.8879795964, 102800.83677897412
2841.313999891281, 82160.8879795964, 102800.83677897412
2841.3339998722076, 82160.8879795964, 102800.80371464633
2848.494999885559, 82160.8879795964, 102799.52816375674
2848.494999885559, 82160.8879795964, 102799.02621364032
2848.513000011444, 82160.8879795964, 102799.02621364032
2848.513000011444, 82160.8879795964, 102799.02621364032
2855.5009999275208, 82160.8879795964, 102798.3553227539
2855.5199999809265, 82160.8879795964, 102798.3553227539
2855.521999835968, 82160.8879795964, 102797.01103570289
2855.537999868393, 82160.8879795964, 102797.01103570289
2855.5439999103546, 82160.8879795964, 102797.01103570289
2855.5490000247955, 82160.8879795964, 102796.78383111983
2862.826999902725, 82160.8879795964, 102796.27344788099
2862.8509998321533, 82160.8879795964, 102796.27344788099
2862.8689999580383, 82160.8879795964, 102796.27344788099
2862.882999897003, 82160.8879795964, 102795.66837739828
2862.9079999923706, 82528.19908587333, 102795.66837739828
2862.911999940872, 82528.19908587333, 102795.48272521872
2862.911999940872, 82528.19908587333, 102795.48272521872
2862.934000015259, 82528.19908587333, 102795.48272521872
2862.939999818802, 82528.19908587333, 102795.48272521872
2869.9059998989105, 82528.19908587333, 102795.48272521872
2869.912999868393, 82528.19908587333, 102795.48272521872
2869.9319999217987, 82528.19908587333, 102795.26887668492
2877.1079998016357, 82528.19908587333, 102795.26887668492
2877.1239998340607, 82528.19908587333, 102795.26887668492
2877.135999917984, 82528.19908587333, 102794.512721259
2877.149999856949, 82528.19908587333, 102794.512721259
2884.2789998054504, 82528.19908587333, 102794.512721259
2884.303999900818, 82528.19908587333, 102794.512721259
2884.315999984741, 82528.19908587333, 102794.512721259
2884.315999984741, 82528.19908587333, 102794.512721259
2884.332000017166, 82528.19908587333, 102794.512721259
2884.345999956131, 82528.19908587333, 102794.512721259
2884.3559999465942, 82528.19908587333, 102794.512721259
2884.3639998435974, 82528.19908587333, 102793.09664936377
2891.263000011444, 82528.19908587333, 102793.09664936377
2891.2789998054504, 82528.19908587333, 102793.09664936377
2891.287999868393, 82528.19908587333, 102793.09664936377
2891.2999999523163, 82528.19908587333, 102793.09664936377
2891.316999912262, 82528.19908587333, 102793.09664936377
2891.3229999542236, 82528.19908587333, 102793.09664936377
2891.3349997997284, 82528.19908587333, 102793.09664936377
2891.34299993515, 82528.19908587333, 102793.09664936377
2898.492999792099, 82528.19908587333, 102790.33419245796
2898.5039999485016, 82528.19908587333, 102790.33419245796
2898.510999917984, 82528.19908587333, 102790.33419245796
2905.401999950409, 82528.19908587333, 102790.33419245796
2905.415999889374, 82528.19908587333, 102790.33419245796
2905.430999994278, 82528.19908587333, 102788.21068328459
2905.4329998493195, 82528.19908587333, 102788.21068328459
2905.4599997997284, 82528.19908587333, 102788.06469283928
2905.473999977112, 82528.19908587333, 102788.06469283928
2905.481999874115, 82528.19908587333, 102788.06469283928
2905.4909999370575, 82528.19908587333, 102788.06469283928
2905.49799990654, 82528.19908587333, 102788.06469283928
2912.6139998435974, 82528.19908587333, 102788.06469283928
2912.6169998645782, 82528.19908587333, 102788.06469283928
2912.6289999485016, 82528.19908587333, 102787.30886016041
2912.635999917984, 82528.19908587333, 102787.30886016041
2912.643999814987, 82528.19908587333, 102787.09217674185
2912.649999856949, 82528.19908587333, 102787.09217674185
2912.661999940872, 82528.19908587333, 102787.09217674185
2912.661999940872, 82528.19908587333, 102787.09217674185
2912.680999994278, 82528.19908587333, 102785.95442066717
2919.5119998455048, 82528.19908587333, 102785.95442066717
2919.5289998054504, 82528.19908587333, 102785.95442066717
2919.5309998989105, 82528.19908587333, 102785.95442066717
2919.5309998989105, 82528.19908587333, 102785.95442066717
2919.5490000247955, 82528.19908587333, 102785.95442066717
2919.5490000247955, 82528.19908587333, 102785.95442066717
2919.5709998607635, 82528.19908587333, 102785.95442066717
2919.582000017166, 82528.19908587333, 102785.95442066717
2926.6529998779297, 82528.19908587333, 102784.12179875388
2926.664999961853, 82528.19908587333, 102784.06982113665
2926.678999900818, 82528.19908587333, 102784.06982113665
2926.6849999427795, 82528.19908587333, 102784.06982113665
2934.037999868393, 82528.19908587333, 102782.30654063226
2934.0599999427795, 82528.19908587333, 102782.26475723162
2934.0599999427795, 82528.19908587333, 102782.26475723162
2934.0759999752045, 82528.19908587333, 102782.26475723162
2934.0879998207092, 82528.19908587333, 102782.26475723162
2934.0979998111725, 82528.19908587333, 102782.26475723162
2941.246999979019, 82528.19908587333, 102778.53678921498
2941.2649998664856, 82528.19908587333, 102778.19314083814
2948.665999889374, 82528.19908587333, 102778.19314083814
2948.678999900818, 82528.19908587333, 102777.75189488995
2948.691999912262, 82528.19908587333, 102777.75189488995
2948.694999933243, 82528.19908587333, 102777.75189488995
2948.694999933243, 82528.19908587333, 102777.75189488995
2948.71599984169, 82528.19908587333, 102777.75189488995
2948.7249999046326, 82528.19908587333, 102777.42977196684
2948.736999988556, 82528.19908587333, 102777.42977196684
2956.4729998111725, 82528.19908587333, 102777.42977196684
2956.4829998016357, 82528.19908587333, 102776.93739118823
2956.5009999275208, 82528.19908587333, 102776.60797106267
2963.5209999084473, 82528.19908587333, 102775.28103806447
2963.5419998168945, 82528.19908587333, 102775.28103806447
2963.551999807358, 82528.19908587333, 102775.28103806447
2963.566999912262, 82528.19908587333, 102775.1560874571
2963.577999830246, 82528.19908587333, 102775.1560874571
2963.5889999866486, 82528.19908587333, 102775.1560874571
2963.598999977112, 82528.19908587333, 102775.1560874571
2963.5999999046326, 82528.19908587333, 102775.1560874571
2970.646999835968, 82528.19908587333, 102775.1560874571
2970.6579999923706, 82528.19908587333, 102775.1560874571
2970.664999961853, 82528.19908587333, 102775.1560874571
2970.664999961853, 82528.19908587333, 102775.1560874571
2970.6859998703003, 82528.19908587333, 102775.1560874571
2970.6989998817444, 82528.19908587333, 102775.1560874571
2970.699999809265, 82528.19908587333, 102772.05095696633
2978.0859999656677, 82528.19908587333, 102772.05095696633
2978.1050000190735, 82528.19908587333, 102772.05095696633
2978.1079998016357, 82528.19908587333, 102772.05095696633
2978.1079998016357, 82528.19908587333, 102772.05095696633
2978.1239998340607, 82528.19908587333, 102772.05095696633
2978.143999814987, 82528.19908587333, 102772.05095696633
2978.1569998264313, 82528.19908587333, 102771.06904328435
2985.3669998645782, 82528.19908587333, 102771.06904328435
2985.3819999694824, 82528.19908587333, 102771.06904328435
2985.3819999694824, 82528.19908587333, 102771.06904328435
2992.3899998664856, 82528.19908587333, 102771.06904328435
2992.3929998874664, 82528.19908587333, 102771.06904328435
2992.4059998989105, 82528.19908587333, 102771.06904328435
2992.417999982834, 82528.19908587333, 102769.85898294809
2992.430999994278, 82528.19908587333, 102768.93907962498
2999.6269998550415, 82528.19908587333, 102768.93907962498
2999.6419999599457, 82528.19908587333, 102768.93907962498
2999.651000022888, 82528.19908587333, 102765.81792917088
2999.6549999713898, 82528.19908587333, 102765.81792917088
2999.6669998168945, 82528.19908587333, 102765.80573265174
3006.7999999523163, 82528.19908587333, 102765.5821729208
3006.8079998493195, 82528.19908587333, 102765.5821729208
3006.826999902725, 82528.19908587333, 102765.16831910016
3006.8499999046326, 82528.19908587333, 102765.16831910016
3006.8629999160767, 82528.19908587333, 102765.16831910016
3014.1989998817444, 82528.19908587333, 102765.16831910016
3014.2149999141693, 82528.19908587333, 102765.16831910016
3014.231999874115, 82528.19908587333, 102765.16831910016
3014.2379999160767, 82528.19908587333, 102765.16831910016
3014.2519998550415, 82528.19908587333, 102763.98309174718
3014.2569999694824, 82528.19908587333, 102763.98309174718
3014.2649998664856, 82528.19908587333, 102763.98309174718
3014.273999929428, 82528.19908587333, 102763.98309174718
3014.2799999713898, 82528.19908587333, 102763.98309174718
3014.284999847412, 82528.19908587333, 102763.98309174718
3014.292999982834, 82528.19908587333, 102763.98309174718
3014.302999973297, 82528.19908587333, 102763.98309174718
3014.309000015259, 82528.19908587333, 102763.98309174718
3014.314999818802, 82528.19908587333, 102763.98309174718
3014.3209998607635, 82528.19908587333, 102763.98309174718
3014.3209998607635, 82528.19908587333, 102763.98309174718
3021.470999956131, 82528.19908587333, 102760.98295637094
3021.4939999580383, 82528.19908587333, 102760.98295637094
3021.503000020981, 82528.19908587333, 102760.27360799917
3021.5159997940063, 82528.19908587333, 102760.27360799917
3021.523999929428, 82528.19908587333, 102760.27360799917
3028.7919998168945, 82528.19908587333, 102760.00662526378
3028.7990000247955, 82528.19908587333, 102760.00662526378
3028.802999973297, 82528.19908587333, 102760.00662526378
3028.802999973297, 82528.19908587333, 102760.00662526378
3028.826999902725, 82528.19908587333, 102758.0343101816
3036.117999792099, 82528.19908587333, 102757.73753872712
3036.117999792099, 82528.19908587333, 102757.73753872712
3036.1419999599457, 82528.19908587333, 102757.73753872712
3036.1480000019073, 82528.19908587333, 102757.73753872712
3036.1539998054504, 82528.19908587333, 102757.71165051655
3036.1689999103546, 82528.19908587333, 102757.71165051655
3043.9110000133514, 82528.19908587333, 102757.71165051655
3043.9299998283386, 82528.19908587333, 102757.71165051655
3043.9489998817444, 82528.19908587333, 102757.71165051655
3043.957999944687, 82528.19908587333, 102757.71165051655
3043.9649999141693, 82528.19908587333, 102757.71165051655
3043.970999956131, 82528.19908587333, 102757.71165051655
3043.9759998321533, 82528.19908587333, 102757.71165051655
3043.9800000190735, 82528.19908587333, 102757.71165051655
3043.99599981308, 82528.19908587333, 102755.4879531146
3050.9989998340607, 82528.19908587333, 102755.4879531146
3051.005999803543, 82528.19908587333, 102755.4879531146
3057.888000011444, 82528.19908587333, 102754.44514126256
3057.9069998264313, 82528.19908587333, 102754.44514126256
3057.9110000133514, 82528.19908587333, 102754.44514126256
3057.927999973297, 82528.19908587333, 102754.44514126256
3057.9459998607635, 82528.19908587333, 102754.44514126256
3057.952999830246, 82528.19908587333, 102754.44514126256
3057.9609999656677, 82528.19908587333, 102754.2006121061
3057.9619998931885, 82528.19908587333, 102754.2006121061
3065.257999897003, 82528.19908587333, 102753.1250472667
3065.2730000019073, 82528.19908587333, 102753.1250472667
3065.2889997959137, 82528.19908587333, 102753.1250472667
3065.302999973297, 82528.19908587333, 102753.1250472667
3065.314999818802, 82528.19908587333, 102753.1250472667
3065.3259999752045, 82528.19908587333, 102753.1250472667
3071.417999982834, 82528.19908587333, 102752.40583450202
3078.5199999809265, 82528.19908587333, 102751.44044483035
3078.536999940872, 82528.19908587333, 102751.44044483035
3078.536999940872, 82528.19908587333, 102751.44044483035
3078.552999973297, 82528.19908587333, 102751.44044483035
3078.555999994278, 82528.19908587333, 102751.44044483035
3078.555999994278, 82528.19908587333, 102751.44044483035
3086.2279999256134, 82528.19908587333, 102750.94396052278
3086.2519998550415, 82528.19908587333, 102750.94396052278
3086.2659997940063, 82528.19908587333, 102750.71959963802
3086.2659997940063, 82528.19908587333, 102750.71959963802
3086.2819998264313, 82528.19908587333, 102750.71959963802
3086.286999940872, 82528.19908587333, 102750.71959963802
3086.2919998168945, 82528.19908587333, 102750.71959963802
3086.2999999523163, 82528.19908587333, 102750.71959963802
3086.3109998703003, 82528.19908587333, 102750.71959963802
3086.319999933243, 82528.19908587333, 102750.58272665043
3092.9939999580383, 82528.19908587333, 102750.58272665043
3093.003000020981, 82528.19908587333, 102750.58272665043
3093.018999814987, 82528.19908587333, 102750.58272665043
3093.0309998989105, 82528.19908587333, 102750.58272665043
3093.0329999923706, 82528.19908587333, 102750.58272665043
3093.0329999923706, 82528.19908587333, 102750.58272665043
3093.051999807358, 82528.19908587333, 102750.58272665043
3093.063999891281, 82528.19908587333, 102750.58272665043
3093.074999809265, 82528.19908587333, 102750.58272665043
3100.135999917984, 82528.19908587333, 102748.53874418244
3100.1449999809265, 82528.19908587333, 102748.53874418244
3100.159999847412, 82528.19908587333, 102748.53874418244
3100.159999847412, 82528.19908587333, 102748.53874418244
3100.175999879837, 82528.19908587333, 102748.53874418244
3100.175999879837, 82528.19908587333, 102748.53874418244
3100.1929998397827, 82528.19908587333, 102748.53874418244
3100.199999809265, 82528.19908587333, 102748.53874418244
3100.205999851227, 82528.19908587333, 102748.53874418244
3100.2119998931885, 82528.19908587333, 102748.53874418244
3100.223999977112, 82528.19908587333, 102748.00493887316
3107.5179998874664, 82528.19908587333, 102748.00493887316
3107.539999961853, 82528.19908587333, 102748.00493887316
3107.5419998168945, 82528.19908587333, 102748.00493887316
3107.552999973297, 82528.19908587333, 102748.00493887316
3107.566999912262, 82528.19908587333, 102748.00493887316
3114.8949999809265, 82528.19908587333, 102748.00493887316
3114.914999961853, 82528.19908587333, 102748.00493887316
3114.9299998283386, 82528.19908587333, 102746.84177576618
3114.938999891281, 82528.19908587333, 102746.84177576618
3114.947000026703, 82528.19908587333, 102746.84177576618
3114.957999944687, 82528.19908587333, 102746.84177576618
3114.9649999141693, 82528.19908587333, 102746.84177576618
3114.96599984169, 82528.19908587333, 102746.84177576618
3114.96599984169, 82528.19908587333, 102746.84177576618
3114.9809999465942, 82528.19908587333, 102746.84177576618
3122.0789999961853, 82528.19908587333, 102746.84177576618
3122.093999862671, 82528.19908587333, 102746.84177576618
3122.109999895096, 82528.19908587333, 102746.84177576618
3122.128000020981, 82528.19908587333, 102746.84177576618
3122.1369998455048, 82528.19908587333, 102744.2676049752
3122.1429998874664, 82528.19908587333, 102744.2676049752
3122.1529998779297, 82528.19908587333, 102744.2676049752
3122.162999868393, 82528.19908587333, 102744.2676049752
3129.9489998817444, 82528.19908587333, 102744.2676049752
3129.96599984169, 82528.19908587333, 102744.2676049752
3129.9779999256134, 82528.19908587333, 102744.2676049752
3129.981999874115, 82528.19908587333, 102744.2676049752
3130.0, 82528.19908587333, 102744.2676049752
3136.954999923706, 82528.19908587333, 102744.2676049752
3136.9629998207092, 82528.19908587333, 102744.2676049752
3136.96799993515, 82528.19908587333, 102744.2676049752
3136.9759998321533, 82528.19908587333, 102741.03286648502
3136.9909999370575, 82528.19908587333, 102740.90710812068
3137.0019998550415, 82528.19908587333, 102740.90710812068
3137.007999897003, 82528.19908587333, 102740.90710812068
3144.1740000247955, 82528.19908587333, 102740.20545010325
3144.1859998703003, 82528.19908587333, 102740.20545010325
3144.202999830246, 82528.19908587333, 102738.54894387248
3144.204999923706, 82528.19908587333, 102738.54894387248
3144.204999923706, 82528.19908587333, 102738.54894387248
3151.436999797821, 82528.19908587333, 102738.54894387248
3151.451999902725, 82528.19908587333, 102738.54894387248
3151.468999862671, 82528.19908587333, 102738.54894387248
3151.468999862671, 82528.19908587333, 102738.54894387248
3151.4800000190735, 82528.19908587333, 102738.54894387248
3151.4939999580383, 82528.19908587333, 102737.54445820871
3158.9809999465942, 82528.19908587333, 102735.43650826823
3158.992999792099, 82528.19908587333, 102735.43650826823
3159.0039999485016, 82528.19908587333, 102735.43650826823
3159.0099999904633, 82528.19908587333, 102735.43650826823
3159.021999835968, 82528.19908587333, 102735.43650826823
3166.2089998722076, 82528.19908587333, 102735.43650826823
3166.228999853134, 82528.19908587333, 102734.80523570706
3166.244999885559, 82528.19908587333, 102734.80523570706
3166.244999885559, 82528.19908587333, 102734.80523570706
3173.667999982834, 82528.19908587333, 102734.80523570706
3173.6689999103546, 82528.19908587333, 102734.80523570706
3173.6849999427795, 82528.19908587333, 102734.80523570706
3173.689999818802, 82528.19908587333, 102734.80523570706
3173.694000005722, 82528.19908587333, 102734.80523570706
3173.702999830246, 82528.19908587333, 102734.80523570706
3173.705999851227, 82528.19908587333, 102733.77431317927
3173.7249999046326, 82528.19908587333, 102733.77431317927
3173.7329998016357, 82528.19908587333, 102733.77431317927
3173.7419998645782, 82528.19908587333, 102733.34114772805
3173.753000020981, 82528.19908587333, 102733.34114772805
3173.753000020981, 82528.19908587333, 102733.32309378895
3181.2329998016357, 82528.19908587333, 102733.02313192814
3181.2519998550415, 82528.19908587333, 102733.02313192814
3181.2539999485016, 82528.19908587333, 102733.02313192814
3181.2539999485016, 82528.19908587333, 102733.02313192814
3181.2679998874664, 82528.19908587333, 102731.8739039164
3181.2939999103546, 82528.19908587333, 102731.38578678988
3188.5899999141693, 82528.19908587333, 102731.38578678988
3188.5999999046326, 82528.19908587333, 102731.33890629365
3188.617999792099, 82528.19908587333, 102730.90535522152
3188.630999803543, 82528.19908587333, 102730.31257890424
3188.6419999599457, 82528.19908587333, 102730.31257890424
3188.648999929428, 82528.19908587333, 102730.31257890424
3196.375, 82528.19908587333, 102729.87656465039
3196.3869998455048, 82528.19908587333, 102729.87656465039
3196.3980000019073, 82528.19908587333, 102729.87656465039
3203.510999917984, 82528.19908587333, 102729.87656465039
3203.5149998664856, 82528.19908587333, 102729.87656465039
3203.536999940872, 82528.19908587333, 102729.55401304625
3203.550999879837, 82528.19908587333, 102729.21190501966
3210.7619998455048, 82528.19908587333, 102729.21190501966
3210.7699999809265, 82528.19908587333, 102729.21190501966
3210.7779998779297, 82528.19908587333, 102729.21190501966
3210.7860000133514, 82528.19908587333, 102729.21190501966
3210.7949998378754, 82528.19908587333, 102729.21190501966
3210.7990000247955, 82528.19908587333, 102729.21190501966
3210.7990000247955, 82528.19908587333, 102728.23525048861
3210.8179998397827, 82528.19908587333, 102728.22249969338
3217.934000015259, 82528.19908587333, 102727.70018917034
3217.9429998397827, 82528.19908587333, 102727.70018917034
3217.944999933243, 82528.19908587333, 102727.70018917034
3217.944999933243, 82528.19908587333, 102727.70018917034
3217.9619998931885, 82528.19908587333, 102727.70018917034
3217.9619998931885, 82528.19908587333, 102727.70018917034
3217.983999967575, 82528.19908587333, 102727.70018917034
3217.9909999370575, 82528.19908587333, 102727.70018917034
3225.7669999599457, 82528.19908587333, 102727.70018917034
3225.7799999713898, 82528.19908587333, 102727.70018917034
3225.792999982834, 82528.19908587333, 102727.70018917034
3225.7949998378754, 82528.19908587333, 102727.70018917034
3225.8129999637604, 82528.19908587333, 102725.65244726061
3225.8209998607635, 82528.19908587333, 102725.65244726061
3233.4079999923706, 82528.19908587333, 102725.65244726061
3233.4210000038147, 82528.19908587333, 102724.26119857999
3233.438999891281, 82528.19908587333, 102724.26119857999
3233.449999809265, 82528.19908587333, 102724.26119857999
3233.4599997997284, 82528.19908587333, 102724.26119857999
3240.9509999752045, 82528.19908587333, 102724.26119857999
3240.9670000076294, 82528.19908587333, 102724.26119857999
3240.9670000076294, 82528.19908587333, 102724.26119857999
3240.9909999370575, 82528.19908587333, 102722.79432216074
3241.0049998760223, 82528.19908587333, 102722.79432216074
3241.0169999599457, 82528.19908587333, 102722.79432216074
3241.0329999923706, 82528.19908587333, 102722.79432216074
3241.0499999523163, 82528.19908587333, 102722.79432216074
3248.539999961853, 82528.19908587333, 102722.79432216074
3248.5569999217987, 82528.19908587333, 102721.17077189854
3248.569000005722, 82528.19908587333, 102721.17077189854
3248.569000005722, 82528.19908587333, 102720.08544655662
3255.411999940872, 82528.19908587333, 102720.08544655662
3255.428999900818, 82528.19908587333, 102720.08544655662
3255.439999818802, 82528.19908587333, 102720.08544655662
3255.4479999542236, 82528.19908587333, 102720.08544655662
3262.5609998703003, 82528.19908587333, 102720.08544655662
3262.5839998722076, 82528.19908587333, 102720.08544655662
3262.5920000076294, 82528.19908587333, 102719.58829229754
3262.5920000076294, 82528.19908587333, 102719.36077556167
3262.6139998435974, 82528.19908587333, 102719.36077556167
3262.6139998435974, 82528.19908587333, 102719.36077556167
3262.6299998760223, 82528.19908587333, 102719.36077556167
3262.638999938965, 82528.19908587333, 102719.36077556167
3270.0209999084473, 82528.19908587333, 102719.36077556167
3270.0309998989105, 82528.19908587333, 102719.36077556167
3270.039999961853, 82528.19908587333, 102718.29685363045
3270.047999858856, 82528.19908587333, 102718.29685363045
3270.066999912262, 82528.19908587333, 102718.29685363045
3270.082000017166, 82528.19908587333, 102718.29685363045
3270.093999862671, 82528.19908587333, 102718.29685363045
3270.0979998111725, 82528.19908587333, 102718.29685363045
3270.1139998435974, 82528.19908587333, 102718.29685363045
3277.526000022888, 82528.19908587333, 102718.29685363045
3277.5460000038147, 82528.19908587333, 102717.75607409376
3277.5579998493195, 82528.19908587333, 102717.75607409376
3277.5609998703003, 82528.19908587333, 102717.75607409376
3277.576999902725, 82528.19908587333, 102717.75607409376
3277.5889999866486, 82528.19908587333, 102717.75607409376
3277.6019999980927, 82528.19908587333, 102717.75607409376
3277.609999895096, 82528.19908587333, 102717.75607409376
3284.422999858856, 82528.19908587333, 102715.91621724235
3284.4299998283386, 82528.19908587333, 102715.91621724235
3284.441999912262, 82528.19908587333, 102715.91621724235
3284.4489998817444, 82528.19908587333, 102715.91621724235
3284.4489998817444, 82528.19908587333, 102715.91621724235
3292.0119998455048, 82528.19908587333, 102715.62944541922
3292.023999929428, 82528.19908587333, 102715.30465856795
3292.034999847412, 82528.19908587333, 102715.30465856795
3292.0490000247955, 82528.19908587333, 102715.30465856795
3292.0569999217987, 82528.19908587333, 102715.30465856795
3292.0629999637604, 82528.19908587333, 102715.30465856795
3292.0679998397827, 82528.19908587333, 102715.30465856795
3292.074999809265, 82528.19908587333, 102715.30465856795
3292.080999851227, 82528.19908587333, 102715.30465856795
3292.082999944687, 82528.19908587333, 102715.30465856795
3292.082999944687, 82528.19908587333, 102715.30465856795
3292.0999999046326, 82528.19908587333, 102715.30465856795
3292.0999999046326, 82528.19908587333, 102715.30465856795
3292.121999979019, 82528.19908587333, 102714.65476318712
3292.121999979019, 82528.19908587333, 102714.32247809916
3292.138000011444, 82528.19908587333, 102714.32247809916
3292.1480000019073, 82528.19908587333, 102714.12969262539
3300.0949997901917, 82528.19908587333, 102713.30191462484
3300.1059999465942, 82528.19908587333, 102713.30191462484
3300.108999967575, 82528.19908587333, 102713.30191462484
3300.125, 82528.19908587333, 102713.30191462484
3300.1269998550415, 82528.19908587333, 102713.30191462484
3307.6009998321533, 82528.19908587333, 102712.15977618504
3307.617999792099, 82528.19908587333, 102711.94111581506
3307.628000020981, 82528.19908587333, 102711.94111581506
3307.6299998760223, 82528.19908587333, 102710.87860742942
3307.6299998760223, 82528.19908587333, 102710.87860742942
3307.6449999809265, 82528.19908587333, 102710.87860742942
3307.659999847412, 82528.19908587333, 102710.87860742942
3307.6689999103546, 82528.19908587333, 102709.67494281346
3314.6829998493195, 82528.19908587333, 102709.5988412445
3314.707999944687, 82528.19908587333, 102709.5988412445
3314.7170000076294, 82528.19908587333, 102709.5988412445
3314.7170000076294, 82528.19908587333, 102709.5988412445
3314.7309999465942, 82528.19908587333, 102709.5988412445
3314.7389998435974, 82528.19908587333, 102709.5988412445
3314.74599981308, 82528.19908587333, 102709.5988412445
3314.7549998760223, 82528.19908587333, 102709.5988412445
3314.7599999904633, 82528.19908587333, 102709.5988412445
3314.7659997940063, 82528.19908587333, 102709.5988412445
3314.771999835968, 82528.19908587333, 102709.5988412445
3314.7839999198914, 82528.19908587333, 102709.5988412445
3321.7949998378754, 82528.19908587333, 102709.26636054435
3321.8179998397827, 82528.19908587333, 102709.26636054435
3321.8289999961853, 82528.19908587333, 102709.23451973853
3329.3629999160767, 82528.19908587333, 102709.14019305583
3329.375, 82528.19908587333, 102709.14019305583
3329.375, 82528.19908587333, 102709.14019305583
3329.3909997940063, 82528.19908587333, 102708.20756616077
3329.3909997940063, 82528.19908587333, 102708.20756616077
3329.4059998989105, 82528.19908587333, 102708.20756616077
3329.415999889374, 82528.19908587333, 102707.9200867816
3337.0569999217987, 82528.19908587333, 102707.9200867816
3337.0569999217987, 82528.19908587333, 102707.9200867816
3337.072000026703, 82528.19908587333, 102707.9200867816
3337.076999902725, 82528.19908587333, 102707.9200867816
3337.0789999961853, 82528.19908587333, 102707.74565707662
3337.09299993515, 82528.19908587333, 102707.74565707662
3337.1079998016357, 82528.19908587333, 102707.74565707662
3337.1259999275208, 82528.19908587333, 102707.74565707662
3337.1409997940063, 82528.19908587333, 102707.74565707662
3344.5449998378754, 82528.19908587333, 102707.08442339323
3344.555999994278, 82528.19908587333, 102707.08442339323
3351.938999891281, 82528.19908587333, 102707.08442339323
3351.944999933243, 82528.19908587333, 102707.08442339323
3351.957000017166, 82528.19908587333, 102707.08442339323
3351.9649999141693, 82528.19908587333, 102707.08442339323
3351.970999956131, 82528.19908587333, 102707.08442339323
3351.9919998645782, 82528.19908587333, 102705.581852079
3352.007999897003, 82528.19908587333, 102705.581852079
3352.018999814987, 82528.19908587333, 102705.581852079
3359.7149999141693, 82528.19908587333, 102702.93932894855
3359.7149999141693, 82528.19908587333, 102702.93932894855
3359.733999967575, 82528.19908587333, 102702.91228206843
3359.733999967575, 82528.19908587333, 102702.91228206843
3359.733999967575, 82528.19908587333, 102702.91228206843
3359.75, 82528.19908587333, 102702.91228206843
3359.75, 82528.19908587333, 102702.91228206843
3359.75, 82528.19908587333, 102702.91228206843
3359.7730000019073, 82528.19908587333, 102702.91228206843
3359.784999847412, 82528.19908587333, 102702.91228206843
3359.7949998378754, 82528.19908587333, 102702.91228206843
3359.803999900818, 82528.19908587333, 102702.13939185308
3367.24599981308, 82528.19908587333, 102702.13939185308
3367.2599999904633, 82528.19908587333, 102702.13939185308
3367.263000011444, 82528.19908587333, 102702.13939185308
3367.2839999198914, 82528.19908587333, 102702.13939185308
3367.2939999103546, 82528.19908587333, 102702.13939185308
3374.6710000038147, 82528.19908587333, 102702.06762315732
3374.6859998703003, 82528.19908587333, 102702.06762315732
3374.697000026703, 82528.19908587333, 102702.06762315732
3374.707000017166, 82528.19908587333, 102702.06762315732
3382.7170000076294, 82528.19908587333, 102702.06762315732
3382.742999792099, 82528.19908587333, 102702.06762315732
3382.753000020981, 82528.19908587333, 102702.06762315732
3390.236999988556, 82528.19908587333, 102700.91991846894
3390.255999803543, 82528.19908587333, 102700.91991846894
3390.268999814987, 82528.19908587333, 102700.91991846894
3390.2819998264313, 82528.19908587333, 102700.91991846894
3390.297999858856, 82528.19908587333, 102697.85580448598
3398.0839998722076, 82528.19908587333, 102697.85580448598
3398.0839998722076, 82528.19908587333, 102697.85580448598
3398.1059999465942, 82528.19908587333, 102697.85580448598
3398.1169998645782, 82528.19908587333, 102697.85580448598
3398.12099981308, 82528.19908587333, 102697.85580448598
3398.1419999599457, 82528.19908587333, 102697.28222142464
3398.151999950409, 82528.19908587333, 102697.28222142464
3398.1579999923706, 82528.19908587333, 102697.28222142464
3398.162999868393, 82528.19908587333, 102697.28222142464
3398.167999982834, 82528.19908587333, 102697.28222142464
3398.1699998378754, 82528.19908587333, 102697.28222142464
3398.1699998378754, 82528.19908587333, 102697.28222142464
3398.184000015259, 82528.19908587333, 102697.28222142464
3398.207000017166, 82528.19908587333, 102697.28222142464
3398.21599984169, 82528.19908587333, 102697.28222142464
3406.117999792099, 82528.19908587333, 102696.06510629346
3406.117999792099, 82528.19908587333, 102696.06510629346
3406.138999938965, 82528.19908587333, 102696.06510629346
3406.149999856949, 82528.19908587333, 102696.06510629346
3406.1539998054504, 82528.19908587333, 102696.06510629346
3406.1689999103546, 82528.19908587333, 102696.06510629346
3406.177999973297, 82528.19908587333, 102696.06510629346
3406.1859998703003, 82528.19908587333, 102696.06510629346
3406.194000005722, 82528.19908587333, 102696.06510629346
3406.2039999961853, 82528.19908587333, 102696.06510629346
3406.2039999961853, 82528.19908587333, 102695.41060137331
3413.8519999980927, 82528.19908587333, 102695.37722785142
3413.8669998645782, 82528.19908587333, 102695.37722785142
3413.9049999713898, 83138.76845292126, 102695.37722785142
3413.915999889374, 83138.76845292126, 102695.37722785142
3413.930999994278, 83138.76845292126, 102695.37722785142
3413.930999994278, 83138.76845292126, 102695.37722785142
3421.356999874115, 83138.76845292126, 102695.37722785142
3421.3739998340607, 83138.76845292126, 102695.37722785142
3421.382999897003, 83138.76845292126, 102695.37722785142
3421.393999814987, 83138.76845292126, 102695.37722785142
3421.411999940872, 83138.76845292126, 102695.37722785142
3421.422999858856, 83138.76845292126, 102695.37722785142
3421.4359998703003, 83138.76845292126, 102694.48034235684
3428.742999792099, 83138.76845292126, 102694.48034235684
3428.757999897003, 83138.76845292126, 102694.48034235684
3428.760999917984, 83138.76845292126, 102693.6388657099
3428.776999950409, 83138.76845292126, 102693.6388657099
3428.7799999713898, 83138.76845292126, 102693.6388657099
3428.800999879837, 83138.76845292126, 102693.6388657099
3428.8109998703003, 83138.76845292126, 102693.6388657099
3428.819000005722, 83138.76845292126, 102693.6388657099
3428.824999809265, 83138.76845292126, 102693.6388657099
3436.661999940872, 83138.76845292126, 102693.6388657099
3436.6669998168945, 83138.76845292126, 102693.17609260898
3436.6849999427795, 83138.76845292126, 102693.02271029662
3436.6929998397827, 83138.76845292126, 102693.02271029662
3436.702999830246, 83138.76845292126, 102692.30358522401
3436.7039999961853, 83138.76845292126, 102691.8955187664
3436.7219998836517, 83138.76845292126, 102691.8955187664
3444.71599984169, 83138.76845292126, 102691.8955187664
3444.71599984169, 83138.76845292126, 102691.8955187664
3444.7359998226166, 83138.76845292126, 102691.8955187664
3444.75, 83138.76845292126, 102691.8955187664
3444.7539999485016, 83138.76845292126, 102691.8955187664
3444.7539999485016, 83138.76845292126, 102691.8955187664
3444.7709999084473, 83138.76845292126, 102691.8955187664
3444.7779998779297, 83138.76845292126, 102691.8955187664
3444.787999868393, 83138.76845292126, 102691.8955187664
3444.800999879837, 83138.76845292126, 102691.8955187664
3444.8109998703003, 83138.76845292126, 102691.8955187664
3444.819000005722, 83138.76845292126, 102691.8955187664
3444.8339998722076, 83138.76845292126, 102691.8955187664
3444.8339998722076, 83138.76845292126, 102690.44465537468
3452.62299990654, 83138.76845292126, 102690.44465537468
3452.633999824524, 83138.76845292126, 102690.44465537468
3452.643999814987, 83138.76845292126, 102690.44465537468
3452.651000022888, 83138.76845292126, 102690.44465537468
3460.513999938965, 83138.76845292126, 102689.5162926028
3460.5289998054504, 83138.76845292126, 102689.5162926028
3460.5329999923706, 83138.76845292126, 102689.5162926028
3460.555999994278, 83138.76845292126, 102689.5162926028
3460.563999891281, 83138.76845292126, 102689.5162926028
3460.572000026703, 83138.76845292126, 102689.5162926028
3460.5789999961853, 83138.76845292126, 102689.5162926028
3460.580999851227, 83138.76845292126, 102689.5162926028
3468.246999979019, 83138.76845292126, 102688.82747913149
3468.2649998664856, 83138.76845292126, 102688.82747913149
3468.2669999599457, 83138.76845292126, 102688.82747913149
3468.2819998264313, 83138.76845292126, 102688.82747913149
3468.301999807358, 83138.76845292126, 102688.82747913149
3468.311999797821, 83138.76845292126, 102688.82747913149
3476.103999853134, 83138.76845292126, 102688.82747913149
3476.12099981308, 83138.76845292126, 102688.82747913149
3476.1299998760223, 83138.76845292126, 102688.82747913149
3476.135999917984, 83138.76845292126, 102687.54792088096
3476.146999835968, 83138.76845292126, 102687.54792088096
3476.164999961853, 83138.76845292126, 102687.54792088096
3476.1710000038147, 83138.76845292126, 102687.54792088096
3476.176999807358, 83138.76845292126, 102687.54792088096
3476.1879999637604, 83138.76845292126, 102687.54792088096
3476.197000026703, 83138.76845292126, 102687.20867066203
3476.197000026703, 83138.76845292126, 102687.20867066203
3483.5899999141693, 83138.76845292126, 102686.76378004818
3483.5999999046326, 83138.76845292126, 102686.76378004818
3483.6169998645782, 83138.76845292126, 102686.76378004818
3483.635999917984, 83138.76845292126, 102686.76378004818
3483.6549999713898, 83138.76845292126, 102685.8643593721
3483.6699998378754, 83138.76845292126, 102685.8643593721
3483.6699998378754, 83138.76845292126, 102685.8643593721
3491.6239998340607, 83138.76845292126, 102685.8643593721
3491.6369998455048, 83138.76845292126, 102685.8643593721
3491.6429998874664, 83138.76845292126, 102685.8643593721
3491.651999950409, 83138.76845292126, 102685.8643593721
3491.6589999198914, 83138.76845292126, 102685.8643593721
3491.667999982834, 83138.76845292126, 102685.18101372049
3491.6719999313354, 83138.76845292126, 102685.18101372049
3491.6849999427795, 83138.76845292126, 102685.18101372049
3491.6979999542236, 83138.76845292126, 102684.78922270879
3499.3629999160767, 83138.76845292126, 102684.28292606652
3499.3799998760223, 83138.76845292126, 102684.28292606652
3499.382999897003, 83138.76845292126, 102684.28292606652
3499.3980000019073, 83138.76845292126, 102684.28292606652
3499.398999929428, 83138.76845292126, 102684.28292606652
3499.412999868393, 83138.76845292126, 102684.21940764519
3499.4219999313354, 83138.76845292126, 102684.18537235883
3499.428999900818, 83138.76845292126, 102684.18537235883
3499.4379999637604, 83138.76845292126, 102684.18537235883
3499.4479999542236, 83138.76845292126, 102684.18537235883
3499.4479999542236, 83138.76845292126, 102684.18537235883
3507.684000015259, 83138.76845292126, 102684.18537235883
3507.7039999961853, 83138.76845292126, 102682.353698194
3515.059000015259, 83138.76845292126, 102682.353698194
3515.074999809265, 83138.76845292126, 102682.353698194
3515.0759999752045, 83138.76845292126, 102682.353698194
3515.093999862671, 83138.76845292126, 102682.353698194
3515.1019999980927, 83138.76845292126, 102682.25399407936
3515.1129999160767, 83138.76845292126, 102682.25399407936
3515.128000020981, 83138.76845292126, 102682.25399407936
3515.1409997940063, 83138.76845292126, 102682.25399407936
3515.1529998779297, 83138.76845292126, 102682.25399407936
3515.1639997959137, 83138.76845292126, 102682.25399407936
3522.699999809265, 83138.76845292126, 102682.25399407936
3522.7089998722076, 83138.76845292126, 102682.25399407936
3522.71799993515, 83138.76845292126, 102682.25399407936
3522.7259998321533, 83138.76845292126, 102682.25399407936
3522.734999895096, 83138.76845292126, 102682.25399407936
3522.7379999160767, 83138.76845292126, 102679.56604256168
3522.7539999485016, 83138.76845292126, 102679.56604256168
3522.763000011444, 83138.76845292126, 102679.29268356698
3530.242999792099, 83138.76845292126, 102679.29268356698
3530.246999979019, 83138.76845292126, 102679.29268356698
3530.2669999599457, 83138.76845292126, 102679.29268356698
3530.2809998989105, 83138.76845292126, 102679.29268356698
3530.290999889374, 83138.76845292126, 102679.29268356698
3530.300999879837, 83138.76845292126, 102679.29268356698
3530.311999797821, 83138.76845292126, 102679.29268356698
3530.319999933243, 83138.76845292126, 102679.29268356698
3530.3259999752045, 83138.76845292126, 102679.29268356698
3530.332000017166, 83138.76845292126, 102679.29268356698
3530.332000017166, 83138.76845292126, 102679.29268356698
3530.332000017166, 83138.76845292126, 102679.29268356698
3530.348999977112, 83138.76845292126, 102679.29268356698
3530.348999977112, 83138.76845292126, 102679.29268356698
3538.161999940872, 83138.76845292126, 102679.29268356698
3538.178999900818, 83138.76845292126, 102677.77828744985
3538.1849999427795, 83138.76845292126, 102677.77828744985
3538.1849999427795, 83138.76845292126, 102677.77828744985
3545.3949999809265, 83138.76845292126, 102677.43714015606
3545.4059998989105, 83138.76845292126, 102677.43714015606
3545.417999982834, 83138.76845292126, 102677.43714015606
3545.4210000038147, 83138.76845292126, 102677.43714015606
3545.436999797821, 83138.76845292126, 102677.14751810084
3545.444000005722, 83138.76845292126, 102677.0491886341
3553.0099999904633, 83138.76845292126, 102677.0491886341
3553.023999929428, 83138.76845292126, 102677.0491886341
3553.0319998264313, 83138.76845292126, 102677.0491886341
3553.059000015259, 83138.76845292126, 102677.0491886341
3553.0739998817444, 83138.76845292126, 102675.87590896337
3553.080999851227, 83138.76845292126, 102675.87590896337
3553.080999851227, 83138.76845292126, 102675.87590896337
3553.0969998836517, 83138.76845292126, 102675.87590896337
3553.0969998836517, 83138.76845292126, 102675.87590896337
3553.121999979019, 83138.76845292126, 102675.87590896337
3553.132999897003, 83138.76845292126, 102675.87590896337
3553.1429998874664, 83138.76845292126, 102675.87590896337
3559.9800000190735, 83138.76845292126, 102675.87590896337
3559.986999988556, 83138.76845292126, 102675.87590896337
3559.996999979019, 83138.76845292126, 102675.87590896337
3560.003000020981, 83138.76845292126, 102675.87590896337
3560.007999897003, 83138.76845292126, 102675.87590896337
3560.0159997940063, 83138.76845292126, 102675.43570795878
3568.018999814987, 83138.76845292126, 102675.43570795878
3568.018999814987, 83138.76845292126, 102675.43570795878
3568.039999961853, 83138.76845292126, 102675.43570795878
3576.0969998836517, 83138.76845292126, 102672.96935978637
3576.0969998836517, 83138.76845292126, 102672.96935978637
3576.119999885559, 83138.76845292126, 102672.96935978637
3576.132999897003, 83138.76845292126, 102672.96935978637
3583.797999858856, 83138.76845292126, 102672.06259836274
3583.805999994278, 83138.76845292126, 102672.06259836274
3583.805999994278, 83138.76845292126, 102672.06259836274
3583.8259999752045, 83138.76845292126, 102672.06259836274
3591.7799999713898, 83138.76845292126, 102671.50677325773
3591.7949998378754, 83138.76845292126, 102671.50677325773
3591.801999807358, 83138.76845292126, 102671.50677325773
3591.801999807358, 83138.76845292126, 102671.50677325773
3591.819999933243, 83138.76845292126, 102671.39236281022
3591.824999809265, 83138.76845292126, 102671.39236281022
3591.8289999961853, 83138.76845292126, 102671.39236281022
3591.8339998722076, 83138.76845292126, 102671.39236281022
3599.315999984741, 83138.76845292126, 102671.25914874922
3599.3349997997284, 83138.76845292126, 102671.25914874922
3599.3399999141693, 83138.76845292126, 102671.25914874922
3599.353999853134, 83138.76845292126, 102671.25914874922
3599.369999885559, 83138.76845292126, 102671.25914874922
3599.3799998760223, 83138.76845292126, 102671.25914874922
3600.007999897003, 83138.76845292126, 102671.25914874922
3600.024999856949, 83138.76845292126, 102671.25914874922
3600.1079998016357, 83138.76845292127, 102671.25914874922
