0.06099987030029297, -1e+100, 269555.75486162363
0.10399985313415527, -1e+100, 97579.97650670524
0.26199984550476074, -1e+100, 75155.94240296335
0.8599998950958252, -1e+100, 65694.90109487437
1.060999870300293, -1e+100, 65694.90109487437
1.1489999294281006, -1e+100, 65694.90109487437
1.2590000629425049, -1e+100, 65513.67651652834
1.3859999179840088, -1e+100, 65513.67651652834
1.6399998664855957, -1e+100, 65114.20490783069
1.7609999179840088, -1e+100, 65114.20490783069
2.0349998474121094, -1e+100, 64752.62840737676
2.1649999618530273, -1e+100, 64709.09735693582
2.182999849319458, 41274.3322271758, 64709.09735693582
2.3469998836517334, 41274.3322271758, 64709.09735693582
2.365000009536743, 41274.3322271758, 64709.09735693582
2.382999897003174, 41274.3322271758, 64709.09735693582
2.3949999809265137, 41274.3322271758, 64709.09735693582
2.4049999713897705, 41274.3322271758, 64709.09735693582
2.4079999923706055, 41274.3322271758, 64709.09735693582
2.557999849319458, 41274.3322271758, 64709.09735693582
3.36899995803833, 41274.3322271758, 59668.97432841762
4.680999994277954, 42149.42498904436, 57469.410148311974
6.0959999561309814, 42149.42498904436, 56967.220325318995
7.496000051498413, 42149.42498904436, 56946.28429495881
8.022000074386597, 42149.42498904436, 56887.76159432294
8.188999891281128, 42944.14839883913, 56864.55264997085
8.193000078201294, 42946.28828786739, 56864.55264997085
8.35699987411499, 42946.28828786739, 56864.55264997085
8.483000040054321, 42946.28828786739, 56864.55264997085
8.688999891281128, 42946.28828786739, 56864.55264997085
9.057999849319458, 42946.28828786739, 56864.55264997085
9.190999984741211, 42946.28828786739, 56864.55264997085
9.374000072479248, 42946.28828786739, 56864.55264997085
9.523000001907349, 42946.28828786739, 56864.55264997085
9.608999967575073, 42946.28828786739, 56864.55264997085
9.611000061035156, 42946.28828786739, 56864.55264997085
9.671000003814697, 42946.28828786739, 56864.55264997085
9.75, 42946.28828786739, 56864.55264997085
9.940999984741211, 42946.28828786739, 56721.026763631926
10.29200005531311, 42946.28828786739, 56721.026763631926
10.296000003814697, 42946.28828786739, 56721.026763631926
10.384999990463257, 42946.28828786739, 56721.026763631926
10.48799991607666, 42946.28828786739, 56721.026763631926
10.490000009536743, 42946.28828786739, 56721.026763631926
10.59500002861023, 42946.28828786739, 56721.026763631926
10.596999883651733, 42946.28828786739, 56721.026763631926
10.598999977111816, 42946.28828786739, 56721.026763631926
10.724999904632568, 42946.28828786739, 56647.048905886084
10.986000061035156, 42946.28828786739, 56627.453730763526
11.111999988555908, 42946.28828786739, 56627.453730763526
11.243000030517578, 42946.28828786739, 56627.453730763526
11.249000072479248, 42946.28828786739, 56627.453730763526
11.407000064849854, 42946.28828786739, 56627.453730763526
11.550999879837036, 42946.28828786739, 56627.453730763526
11.555000066757202, 42946.28828786739, 56627.453730763526
11.559000015258789, 42946.28828786739, 56627.453730763526
11.69599986076355, 42946.28828786739, 56464.71981223079
11.838000059127808, 42946.28828786739, 56464.71981223079
11.842000007629395, 42946.28828786739, 56464.71981223079
11.843999862670898, 42946.28828786739, 56464.71981223079
12.022000074386597, 42946.28828786739, 56434.49893368519
12.0239999294281, 42946.28828786739, 56434.49893368519
12.180000066757202, 42946.28828786739, 56434.49893368519
12.181999921798706, 42946.28828786739, 56434.49893368519
12.184000015258789, 42946.28828786739, 56434.49893368519
12.332000017166138, 42946.28828786739, 56434.49893368519
12.335999965667725, 42946.28828786739, 56388.176073722
12.488999843597412, 42946.28828786739, 56388.176073722
12.488999843597412, 42946.28828786739, 56388.176073722
12.65999984741211, 42946.28828786739, 56388.176073722
12.661999940872192, 42946.28828786739, 56367.61025100004
12.809999942779541, 42946.28828786739, 56367.61025100004
12.812000036239624, 42946.28828786739, 56367.61025100004
12.813999891281128, 42946.28828786739, 56367.61025100004
12.818000078201294, 42946.28828786739, 56367.61025100004
12.980000019073486, 42946.28828786739, 56367.61025100004
12.983999967575073, 42946.28828786739, 56367.61025100004
13.405999898910522, 42946.28828786739, 56311.8945949743
13.582000017166138, 42946.28828786739, 56275.63416339997
13.805000066757202, 42946.28828786739, 56275.63416339997
13.805000066757202, 42946.28828786739, 56275.63416339997
13.996000051498413, 42946.28828786739, 56272.2529636069
14.187999963760376, 42946.28828786739, 56272.2529636069
14.187999963760376, 42946.28828786739, 56272.2529636069
14.425999879837036, 42946.28828786739, 56272.2529636069
14.639999866485596, 42946.28828786739, 56215.25586672597
14.644000053405762, 42946.28828786739, 56212.100081204895
14.648000001907349, 42946.28828786739, 56212.100081204895
14.885999917984009, 42946.28828786739, 56212.100081204895
15.16100001335144, 42946.28828786739, 56210.29433496127
15.168999910354614, 42946.28828786739, 56210.29433496127
15.435999870300293, 42946.28828786739, 56198.25008711163
15.435999870300293, 42946.28828786739, 56198.25008711163
15.450000047683716, 42946.28828786739, 56198.25008711163
15.720999956130981, 42946.28828786739, 56198.25008711163
15.738999843597412, 42946.28828786739, 56198.25008711163
15.744999885559082, 42946.28828786739, 56198.25008711163
15.9760000705719, 42946.28828786739, 56165.005812086514
15.9760000705719, 42946.28828786739, 56165.005812086514
16.263000011444092, 42946.28828786739, 56165.005812086514
16.27999997138977, 42946.28828786739, 56140.44988857056
16.283999919891357, 42946.28828786739, 56140.44988857056
16.549999952316284, 42946.28828786739, 56132.07918439361
16.555999994277954, 42946.28828786739, 56132.07918439361
16.55999994277954, 42946.28828786739, 56132.07918439361
16.825999975204468, 42946.28828786739, 56114.932536484004
16.829999923706055, 42946.28828786739, 56114.932536484004
16.832000017166138, 42946.28828786739, 56114.932536484004
17.431999921798706, 42946.28828786739, 56052.93524682886
17.43499994277954, 42946.28828786739, 56042.58437016921
17.44099998474121, 42946.28828786739, 56021.708818263694
17.753000020980835, 42946.28828786739, 56021.708818263694
17.76900005340576, 42946.28828786739, 56021.708818263694
17.776000022888184, 42946.28828786739, 56008.25860056023
18.092000007629395, 42946.28828786739, 56008.25860056023
18.09599995613098, 42946.28828786739, 56008.25860056023
18.098000049591064, 42946.28828786739, 56008.25860056023
18.10199999809265, 42946.28828786739, 56008.25860056023
18.10199999809265, 42946.28828786739, 56008.25860056023
18.10199999809265, 42946.28828786739, 56008.25860056023
18.115999937057495, 42946.28828786739, 56008.25860056023
18.118000030517578, 42946.28828786739, 56008.25860056023
18.490000009536743, 42946.28828786739, 56008.25860056023
18.49399995803833, 42946.28828786739, 56008.25860056023
18.496000051498413, 42946.28828786739, 56008.25860056023
18.5, 42946.28828786739, 56008.25860056023
18.501999855041504, 42946.28828786739, 56008.25860056023
18.50600004196167, 42946.28828786739, 56008.25860056023
18.513000011444092, 42946.28828786739, 56008.25860056023
18.871999979019165, 42946.28828786739, 56008.25860056023
18.874000072479248, 42946.28828786739, 56008.25860056023
18.878000020980835, 42946.28828786739, 56006.10276682408
18.881999969482422, 42946.28828786739, 55988.681993941245
19.272000074386597, 42946.28828786739, 55988.681993941245
19.274999856948853, 42946.28828786739, 55988.681993941245
19.274999856948853, 42946.28828786739, 55988.681993941245
19.274999856948853, 42946.28828786739, 55949.58580461641
19.274999856948853, 42946.28828786739, 55949.58580461641
19.289999961853027, 42946.28828786739, 55949.58580461641
19.703999996185303, 42946.28828786739, 55946.29212214387
19.70799994468689, 42946.28828786739, 55941.57655665546
19.716000080108643, 42946.28828786739, 55931.02171344281
19.717999935150146, 42946.28828786739, 55931.02171344281
19.723999977111816, 42946.28828786739, 55931.02171344281
20.050999879837036, 42946.28828786739, 55931.02171344281
20.050999879837036, 42946.28828786739, 55931.02171344281
20.069000005722046, 42946.28828786739, 55931.02171344281
20.073999881744385, 42946.28828786739, 55931.02171344281
20.078999996185303, 42946.28828786739, 55931.02171344281
20.078999996185303, 42946.28828786739, 55931.02171344281
20.494999885559082, 42946.28828786739, 55931.02171344281
20.494999885559082, 42946.28828786739, 55931.02171344281
20.51099991798401, 42946.28828786739, 55931.02171344281
20.930000066757202, 42946.28828786739, 55890.83175994973
20.93400001525879, 42946.28828786739, 55890.83175994973
20.935999870300293, 42946.28828786739, 55890.83175994973
20.94000005722046, 42946.28828786739, 55890.83175994973
20.944000005722046, 42946.28828786739, 55890.83175994973
20.947999954223633, 42946.28828786739, 55880.68074981522
20.953999996185303, 42946.28828786739, 55879.66837324411
20.957000017166138, 42946.28828786739, 55879.66837324411
20.95899987220764, 42946.28828786739, 55879.66837324411
21.450999975204468, 42946.28828786739, 55876.32781925329
21.454999923706055, 42946.28828786739, 55876.32781925329
21.457000017166138, 42946.28828786739, 55876.32781925329
21.45899987220764, 42946.28828786739, 55876.32781925329
21.466000080108643, 42946.28828786739, 55876.32781925329
21.471999883651733, 42946.28828786739, 55876.32781925329
21.477999925613403, 42946.28828786739, 55876.32781925329
21.875, 42946.28828786739, 55870.609536561555
21.878999948501587, 42946.28828786739, 55870.609536561555
21.882999897003174, 42946.28828786739, 55870.609536561555
21.88699984550476, 42946.28828786739, 55870.609536561555
21.89199995994568, 42946.28828786739, 55870.609536561555
21.89199995994568, 42946.28828786739, 55870.609536561555
22.316999912261963, 42946.28828786739, 55870.609536561555
22.32099986076355, 42946.28828786739, 55870.609536561555
22.322999954223633, 42946.28828786739, 55870.609536561555
22.32699990272522, 42946.28828786739, 55851.32532216373
22.330999851226807, 42946.28828786739, 55851.32532216373
22.335999965667725, 42946.28828786739, 55851.32532216373
22.33999991416931, 42946.28828786739, 55851.32532216373
22.3439998626709, 42946.28828786739, 55851.32532216373
22.34999990463257, 42946.28828786739, 55851.32532216373
22.79699993133545, 42946.28828786739, 55841.58513236392
22.79699993133545, 42946.28828786739, 55841.58513236392
22.79699993133545, 42946.28828786739, 55841.58513236392
22.79699993133545, 42946.28828786739, 55841.58513236392
22.79699993133545, 42946.28828786739, 55841.58513236392
22.812999963760376, 42946.28828786739, 55834.760537901755
22.812999963760376, 42946.28828786739, 55834.760537901755
22.82200002670288, 42946.28828786739, 55834.760537901755
23.375999927520752, 42946.28828786739, 55834.760537901755
23.37999987602234, 42946.28828786739, 55805.049891252434
23.39199995994568, 42946.28828786739, 55791.373226671596
23.39800000190735, 42946.28828786739, 55791.373226671596
23.40400004386902, 42946.28828786739, 55785.98075157948
23.941999912261963, 42946.28828786739, 55785.98075157948
23.941999912261963, 42946.28828786739, 55785.98075157948
23.941999912261963, 42946.28828786739, 55785.98075157948
23.960000038146973, 42946.28828786739, 55785.98075157948
24.756999969482422, 42946.28828786739, 55729.7194530667
24.76099991798401, 42946.28828786739, 55729.7194530667
24.76699995994568, 42946.28828786739, 55719.39092934873
24.770999908447266, 42946.28828786739, 55719.39092934873
24.776999950408936, 42946.28828786739, 55719.39092934873
24.782000064849854, 42946.28828786739, 55719.39092934873
25.34999990463257, 42946.28828786739, 55719.39092934873
25.361999988555908, 42946.28828786739, 55719.39092934873
25.365999937057495, 42946.28828786739, 55704.832096967315
25.375, 42946.28828786739, 55704.832096967315
26.125, 42946.28828786739, 55704.832096967315
26.126999855041504, 42946.28828786739, 55704.832096967315
26.128999948501587, 42946.28828786739, 55668.06474167772
26.77999997138977, 42946.28828786739, 55668.06474167772
26.783999919891357, 42946.28828786739, 55668.06474167772
26.78600001335144, 42946.28828786739, 55668.06474167772
26.795000076293945, 42946.28828786739, 55662.34670513855
27.44099998474121, 42946.28828786739, 55662.34670513855
27.444999933242798, 42946.28828786739, 55662.34670513855
27.450999975204468, 42946.28828786739, 55662.34670513855
27.45799994468689, 42946.28828786739, 55662.34670513855
27.460000038146973, 42946.28828786739, 55662.34670513855
27.46399998664856, 42946.28828786739, 55662.34670513855
27.466000080108643, 42946.28828786739, 55662.34670513855
28.203999996185303, 42946.28828786739, 55590.35578598291
28.203999996185303, 42946.28828786739, 55590.35578598291
28.203999996185303, 42946.28828786739, 55590.35578598291
28.22000002861023, 42946.28828786739, 55590.35578598291
28.22000002861023, 42946.28828786739, 55590.35578598291
28.22000002861023, 42946.28828786739, 55590.35578598291
28.967999935150146, 42946.28828786739, 55590.35578598291
28.967999935150146, 42946.28828786739, 55570.11550137462
28.983999967575073, 42946.28828786739, 55570.11550137462
28.983999967575073, 42946.28828786739, 55570.11550137462
29.746999979019165, 42946.28828786739, 55570.11550137462
29.746999979019165, 42946.28828786739, 55570.11550137462
29.746999979019165, 42946.28828786739, 55570.11550137462
29.746999979019165, 42946.28828786739, 55570.11550137462
29.763999938964844, 42946.28828786739, 55570.11550137462
29.763999938964844, 42946.28828786739, 55570.11550137462
29.763999938964844, 42946.28828786739, 55570.11550137462
29.77999997138977, 42946.28828786739, 55570.11550137462
29.77999997138977, 42946.28828786739, 55570.11550137462
29.787999868392944, 42946.28828786739, 55478.93923964432
29.796000003814697, 42946.28828786739, 55478.93923964432
29.796000003814697, 42946.28828786739, 55478.93923964432
30.57200002670288, 42946.28828786739, 55478.93923964432
30.57200002670288, 42946.28828786739, 55478.93923964432
30.57200002670288, 42946.28828786739, 55478.93923964432
30.59500002861023, 42946.28828786739, 55430.24589272321
30.608999967575073, 42946.28828786739, 55430.24589272321
30.611999988555908, 42946.28828786739, 55430.24589272321
30.611999988555908, 42946.28828786739, 55430.24589272321
30.626999855041504, 42946.28828786739, 55426.67632343348
31.51900005340576, 42946.28828786739, 55426.67632343348
31.51900005340576, 42946.28828786739, 55426.67632343348
31.532999992370605, 42946.28828786739, 55412.2863481821
31.53600001335144, 42946.28828786739, 55412.2863481821
31.550999879837036, 42946.28828786739, 55374.704776417
31.566999912261963, 42946.28828786739, 55374.704776417
32.520999908447266, 42946.28828786739, 55374.704776417
32.53399991989136, 42946.28828786739, 55374.704776417
32.53600001335144, 42946.28828786739, 55374.704776417
32.53999996185303, 42946.28828786739, 55374.704776417
32.5460000038147, 42946.28828786739, 55338.92416830411
32.55200004577637, 42946.28828786739, 55338.92416830411
32.56099987030029, 42946.28828786739, 55295.55962883404
32.569000005722046, 42946.28828786739, 55295.55962883404
32.57299995422363, 42946.28828786739, 55295.55962883404
32.58099985122681, 42946.28828786739, 55260.80441033697
32.58500003814697, 42946.28828786739, 55260.80441033697
33.48199987411499, 42946.28828786739, 55260.80441033697
33.484999895095825, 42946.28828786739, 55260.80441033697
33.48899984359741, 42946.28828786739, 55260.80441033697
33.49300003051758, 42946.28828786739, 55260.80441033697
33.496999979019165, 42946.28828786739, 55260.80441033697
33.50499987602234, 42946.28828786739, 55260.80441033697
33.51699995994568, 42946.28828786739, 55178.07639851165
34.47099995613098, 42946.28828786739, 55178.07639851165
34.47499990463257, 42946.28828786739, 55178.07639851165
34.48099994659424, 42946.28828786739, 55178.07639851165
34.48300004005432, 42946.28828786739, 55178.07639851165
34.48699998855591, 42946.28828786739, 55178.07639851165
34.49499988555908, 42946.28828786739, 55178.07639851165
34.50499987602234, 42946.28828786739, 55178.07639851165
34.507999897003174, 42946.28828786739, 55178.07639851165
34.513999938964844, 42946.28828786739, 55178.07639851165
34.5239999294281, 42946.28828786739, 55149.30629349003
34.526000022888184, 42946.28828786739, 55149.30629349003
34.537999868392944, 42946.28828786739, 55149.30629349003
34.54299998283386, 42946.28828786739, 55149.30629349003
35.66100001335144, 42946.28828786739, 55149.30629349003
35.66100001335144, 42946.28828786739, 55149.30629349003
35.6729998588562, 42946.28828786739, 55149.30629349003
35.67400002479553, 42946.28828786739, 55149.30629349003
35.6800000667572, 42946.28828786739, 55149.30629349003
35.68599987030029, 42946.28828786739, 55149.30629349003
35.6949999332428, 42946.28828786739, 55092.036400798876
35.70899987220764, 42946.28828786739, 55083.78859224226
35.723000049591064, 42946.28828786739, 55083.78859224226
35.728999853134155, 42946.28828786739, 55083.78859224226
36.84699988365173, 42946.28828786739, 55083.78859224226
36.8529999256134, 42946.28828786739, 55083.78859224226
36.85599994659424, 42946.28828786739, 55083.78859224226
36.86199998855591, 42946.28828786739, 55083.78859224226
36.871999979019165, 42946.28828786739, 55083.78859224226
36.882999897003174, 42946.28828786739, 55083.78859224226
36.889999866485596, 42946.28828786739, 55083.78859224226
36.89999985694885, 42946.28828786739, 55083.78859224226
36.907999992370605, 42946.28828786739, 55083.78859224226
36.912999868392944, 42946.28828786739, 55083.78859224226
36.920000076293945, 42946.28828786739, 55083.78859224226
36.92899990081787, 42946.28828786739, 55056.20951172749
36.93599987030029, 42946.28828786739, 55056.20951172749
38.085999965667725, 42946.28828786739, 55056.20951172749
38.092000007629395, 42946.28828786739, 55025.62189391708
38.09599995613098, 42946.28828786739, 55025.62189391708
38.09999990463257, 42946.28828786739, 55022.16418851123
38.109999895095825, 42946.28828786739, 55020.42748562282
38.115999937057495, 42946.28828786739, 55020.42748562282
39.3510000705719, 42946.28828786739, 55003.842955836975
39.35699987411499, 42946.28828786739, 55003.842955836975
39.37899994850159, 42946.28828786739, 55003.842955836975
39.39400005340576, 42946.28828786739, 55003.842955836975
40.71499991416931, 42946.28828786739, 55003.842955836975
40.72199988365173, 42946.28828786739, 55003.842955836975
40.73300004005432, 42946.28828786739, 54968.119625487525
40.746999979019165, 42946.28828786739, 54963.88121849176
40.75699996948242, 42946.28828786739, 54945.66775797698
40.76900005340576, 42946.28828786739, 54943.266971832854
40.7739999294281, 42946.28828786739, 54943.266971832854
40.78200006484985, 42946.28828786739, 54943.266971832854
40.78699994087219, 42946.28828786739, 54943.266971832854
40.79099988937378, 42946.28828786739, 54943.266971832854
40.80299997329712, 42946.28828786739, 54941.638423125245
42.06699991226196, 42946.28828786739, 54937.87383847214
42.07800006866455, 42946.28828786739, 54918.987527950725
42.08299994468689, 42946.28828786739, 54918.987527950725
42.08699989318848, 42946.28828786739, 54918.987527950725
42.098000049591064, 42946.28828786739, 54918.987527950725
43.263999938964844, 42946.28828786739, 54918.987527950725
43.28099989891052, 42946.28828786739, 54879.530043607236
43.282999992370605, 42946.28828786739, 54879.530043607236
43.295000076293945, 42946.28828786739, 54879.530043607236
43.29900002479553, 42946.28828786739, 54879.530043607236
43.31099987030029, 42946.28828786739, 54879.530043607236
44.45799994468689, 42946.28828786739, 54879.530043607236
44.45799994468689, 42946.28828786739, 54870.89062381018
44.45799994468689, 42946.28828786739, 54870.89062381018
44.45799994468689, 42946.28828786739, 54870.89062381018
44.47199988365173, 42946.28828786739, 54870.89062381018
44.480000019073486, 42946.28828786739, 54870.89062381018
44.484999895095825, 42946.28828786739, 54863.32152713287
44.49199986457825, 42946.28828786739, 54863.32152713287
44.49600005149841, 42946.28828786739, 54844.353325693904
44.51199984550476, 42946.28828786739, 54834.07325566038
44.51600003242493, 42946.28828786739, 54834.07325566038
45.67899990081787, 42946.28828786739, 54834.07325566038
45.68499994277954, 42946.28828786739, 54802.6881160895
45.6949999332428, 42946.28828786739, 54802.6881160895
45.70099997520447, 42946.28828786739, 54802.6881160895
45.71499991416931, 42946.28828786739, 54802.6881160895
45.7260000705719, 42946.28828786739, 54802.6881160895
45.73799991607666, 42946.28828786739, 54802.6881160895
45.74799990653992, 42946.28828786739, 54802.54732697916
47.02499985694885, 42946.28828786739, 54802.54732697916
47.03499984741211, 42946.28828786739, 54802.54732697916
47.039000034332275, 42946.28828786739, 54802.54732697916
47.045000076293945, 42946.28828786739, 54802.54732697916
47.05200004577637, 42946.28828786739, 54802.54732697916
47.056999921798706, 42946.28828786739, 54802.54732697916
47.87899994850159, 42946.28828786739, 54776.10181715225
47.89199995994568, 42946.28828786739, 54776.10181715225
47.90700006484985, 42946.28828786739, 54774.98531836641
47.91199994087219, 42946.28828786739, 54774.98531836641
47.918999910354614, 42946.28828786739, 54765.68034146315
47.925999879837036, 42946.28828786739, 54765.68034146315
47.93499994277954, 42946.28828786739, 54755.07704178863
48.98099994659424, 42946.28828786739, 54755.07704178863
48.98399996757507, 42946.28828786739, 54755.07704178863
48.99000000953674, 42946.28828786739, 54746.23883401926
48.99499988555908, 42946.28828786739, 54746.23883401926
48.99799990653992, 42946.28828786739, 54746.23883401926
49.001999855041504, 42946.28828786739, 54746.23883401926
49.007999897003174, 42946.28828786739, 54734.41015897977
49.007999897003174, 42946.28828786739, 54734.41015897977
49.007999897003174, 42946.28828786739, 54721.33219279101
49.0239999294281, 42946.28828786739, 54713.96418773423
50.00999999046326, 42946.28828786739, 54713.96418773423
50.014999866485596, 42946.28828786739, 54713.96418773423
50.019999980926514, 42946.28828786739, 54688.668076454276
50.02300000190735, 42946.28828786739, 54688.668076454276
50.03399991989136, 42946.28828786739, 54688.668076454276
50.039000034332275, 42946.28828786739, 54688.668076454276
50.04299998283386, 42946.28828786739, 54688.668076454276
50.0479998588562, 42946.28828786739, 54688.668076454276
50.05399990081787, 42946.28828786739, 54688.668076454276
50.05900001525879, 42946.28828786739, 54688.668076454276
50.06699991226196, 42946.28828786739, 54688.668076454276
50.075000047683716, 42946.28828786739, 54654.24569744464
50.079999923706055, 42946.28828786739, 54654.24569744464
50.08399987220764, 42946.28828786739, 54654.24569744464
51.15299987792969, 42946.28828786739, 54654.24569744464
51.15499997138977, 42946.28828786739, 54654.24569744464
51.15499997138977, 42946.28828786739, 54654.24569744464
51.174999952316284, 42946.28828786739, 54630.753220451305
51.180999994277954, 42946.28828786739, 54630.753220451305
51.187000036239624, 42946.28828786739, 54630.753220451305
51.187000036239624, 42946.28828786739, 54630.753220451305
51.187000036239624, 42946.28828786739, 54630.753220451305
51.187000036239624, 42946.28828786739, 54630.753220451305
52.41799998283386, 42946.28828786739, 54630.753220451305
52.42400002479553, 42946.28828786739, 54630.753220451305
52.42799997329712, 42946.28828786739, 54630.753220451305
52.448999881744385, 42946.28828786739, 54630.753220451305
52.45700001716614, 42946.28828786739, 54618.65636745752
53.50600004196167, 42946.28828786739, 54590.38511129141
53.50600004196167, 42946.28828786739, 54586.15438567404
53.5220000743866, 42946.28828786739, 54583.15028411696
53.5220000743866, 42946.28828786739, 54583.15028411696
53.5220000743866, 42946.28828786739, 54568.25048088444
53.53999996185303, 42946.28828786739, 54560.19350914164
54.740999937057495, 42946.28828786739, 54560.19350914164
54.740999937057495, 42946.28828786739, 54560.19350914164
54.740999937057495, 42946.28828786739, 54560.19350914164
54.75999999046326, 42946.28828786739, 54543.791242869054
54.75999999046326, 42946.28828786739, 54543.791242869054
54.76799988746643, 42946.28828786739, 54543.791242869054
54.77499985694885, 42946.28828786739, 54543.791242869054
54.776999950408936, 42946.28828786739, 54543.791242869054
55.76099991798401, 42946.28828786739, 54542.834580241986
55.76300001144409, 42946.28828786739, 54542.834580241986
55.76300001144409, 42946.28828786739, 54542.834580241986
55.776000022888184, 42946.28828786739, 54542.834580241986
55.79099988937378, 42946.28828786739, 54542.834580241986
55.7960000038147, 42946.28828786739, 54542.834580241986
55.7960000038147, 42946.28828786739, 54542.834580241986
55.80900001525879, 42946.28828786739, 54542.834580241986
55.812000036239624, 42946.28828786739, 54542.834580241986
56.83999991416931, 42946.28828786739, 54542.834580241986
56.84599995613098, 42946.28828786739, 54542.834580241986
56.848000049591064, 42946.28828786739, 54542.834580241986
56.85199999809265, 42946.28828786739, 54542.834580241986
56.85899996757507, 42946.28828786739, 54542.834580241986
56.86500000953674, 42946.28828786739, 54498.6640369383
56.86699986457825, 42946.28828786739, 54498.6640369383
56.87299990653992, 42946.28828786739, 54498.6640369383
56.88100004196167, 42946.28828786739, 54488.58128821777
57.86299991607666, 42946.28828786739, 54488.58128821777
57.86299991607666, 42946.28828786739, 54488.58128821777
57.86299991607666, 42946.28828786739, 54488.58128821777
57.87899994850159, 42946.28828786739, 54488.58128821777
57.87899994850159, 42946.28828786739, 54488.58128821777
57.89400005340576, 42946.28828786739, 54444.86882954407
57.89400005340576, 42946.28828786739, 54442.330474283975
58.93400001525879, 42946.28828786739, 54420.19412057756
58.937999963760376, 42946.28828786739, 54420.19412057756
58.94000005722046, 42946.28828786739, 54420.19412057756
58.94599986076355, 42946.28828786739, 54420.19412057756
58.95199990272522, 42946.28828786739, 54420.19412057756
58.95899987220764, 42946.28828786739, 54420.19412057756
58.973000049591064, 42946.28828786739, 54420.19412057756
58.98300004005432, 42946.28828786739, 54387.026264182794
58.99300003051758, 42946.28828786739, 54387.026264182794
59.95599985122681, 42946.28828786739, 54387.026264182794
59.96000003814697, 42946.28828786739, 54387.026264182794
59.96199989318848, 42946.28828786739, 54387.026264182794
59.96399998664856, 42946.28828786739, 54387.026264182794
59.96799993515015, 42946.28828786739, 54387.026264182794
59.9760000705719, 42946.28828786739, 54387.026264182794
59.98399996757507, 42946.28828786739, 54383.80428005985
59.99300003051758, 42946.28828786739, 54383.80428005985
59.99499988555908, 42946.28828786739, 54383.80428005985
59.99900007247925, 42946.28828786739, 54383.80428005985
60.00499987602234, 42946.28828786739, 54383.80428005985
61.0550000667572, 42946.28828786739, 54383.80428005985
61.0550000667572, 42946.28828786739, 54383.80428005985
61.0550000667572, 42946.28828786739, 54383.80428005985
61.0550000667572, 42946.28828786739, 54383.80428005985
61.07699990272522, 42946.28828786739, 54383.80428005985
61.079999923706055, 42946.28828786739, 54383.80428005985
61.092000007629395, 42946.28828786739, 54371.75128530307
61.111000061035156, 42946.28828786739, 54345.49335860171
61.11500000953674, 42946.28828786739, 54345.49335860171
61.125, 42946.28828786739, 54326.24263645684
62.14800000190735, 42946.28828786739, 54326.24263645684
62.157999992370605, 42946.28828786739, 54326.24263645684
62.164000034332275, 42946.28828786739, 54326.24263645684
62.170000076293945, 42946.28828786739, 54326.24263645684
62.17899990081787, 42946.28828786739, 54326.24263645684
62.1800000667572, 42946.28828786739, 54326.24263645684
62.18899989128113, 42946.28828786739, 54326.24263645684
62.19700002670288, 42946.28828786739, 54326.24263645684
62.20899987220764, 42946.28828786739, 54326.24263645684
62.21199989318848, 42946.28828786739, 54326.24263645684
62.22199988365173, 42946.28828786739, 54311.26535860182
62.2260000705719, 42946.28828786739, 54311.26535860182
63.30200004577637, 42946.28828786739, 54311.26535860182
63.306999921798706, 42946.28828786739, 54303.15259284372
63.312999963760376, 42946.28828786739, 54303.15259284372
63.31699991226196, 42946.28828786739, 54303.15259284372
63.32200002670288, 42946.28828786739, 54303.15259284372
63.33200001716614, 42946.28828786739, 54303.15259284372
63.33999991416931, 42946.28828786739, 54303.15259284372
64.40599989891052, 42946.28828786739, 54303.15259284372
64.40999984741211, 42946.28828786739, 54303.15259284372
64.41799998283386, 42946.28828786739, 54303.15259284372
64.42000007629395, 42946.28828786739, 54303.15259284372
64.42000007629395, 42946.28828786739, 54303.15259284372
64.42000007629395, 42946.28828786739, 54303.15259284372
64.4359998703003, 42946.28828786739, 54303.15259284372
64.4359998703003, 42946.28828786739, 54303.15259284372
64.45199990272522, 42946.28828786739, 54303.15259284372
64.45199990272522, 42946.28828786739, 54303.15259284372
65.60199999809265, 42946.28828786739, 54303.15259284372
65.60599994659424, 42946.28828786739, 54303.15259284372
65.61199998855591, 42946.28828786739, 54303.15259284372
65.6159999370575, 42946.28828786739, 54303.15259284372
65.61999988555908, 42946.28828786739, 54303.15259284372
65.63100004196167, 42946.28828786739, 54303.15259284372
65.63800001144409, 42946.28828786739, 54303.15259284372
65.64800000190735, 42946.28828786739, 54303.15259284372
65.65299987792969, 42946.28828786739, 54303.15259284372
66.71300005912781, 42946.28828786739, 54230.89302652166
66.72699999809265, 42946.28828786739, 54226.40453037513
66.72699999809265, 42946.28828786739, 54226.40453037513
66.72699999809265, 42946.28828786739, 54224.38060169831
66.74300003051758, 42946.28828786739, 54224.38060169831
66.74300003051758, 42946.28828786739, 54224.38060169831
66.76099991798401, 42946.28828786739, 54224.31767070636
67.85899996757507, 42946.28828786739, 54222.15516606081
67.86299991607666, 42946.28828786739, 54222.15516606081
67.86699986457825, 42946.28828786739, 54222.15516606081
67.875, 42946.28828786739, 54222.15516606081
67.87899994850159, 42946.28828786739, 54222.15516606081
67.89100003242493, 42946.28828786739, 54222.15516606081
68.9689998626709, 42946.28828786739, 54222.15516606081
68.9689998626709, 42946.28828786739, 54222.15516606081
68.9689998626709, 42946.28828786739, 54222.15516606081
68.9689998626709, 42946.28828786739, 54222.15516606081
68.98300004005432, 42946.28828786739, 54222.15516606081
68.98300004005432, 42946.28828786739, 54222.15516606081
68.98300004005432, 42946.28828786739, 54222.15516606081
68.99900007247925, 42946.28828786739, 54222.15516606081
68.99900007247925, 42946.28828786739, 54222.15516606081
68.99900007247925, 42946.28828786739, 54222.15516606081
69.01999998092651, 42946.28828786739, 54222.15516606081
69.02600002288818, 42946.28828786739, 54222.15516606081
69.03099989891052, 42946.28828786739, 54222.15516606081
70.09999990463257, 42946.28828786739, 54222.15516606081
70.10399985313416, 42946.28828786739, 54222.15516606081
70.11100006103516, 42946.28828786739, 54213.63854852418
70.11500000953674, 42946.28828786739, 54213.63854852418
70.12599992752075, 42946.28828786739, 54213.63854852418
70.12599992752075, 42946.28828786739, 54213.63854852418
70.14299988746643, 42946.28828786739, 54213.63854852418
70.15599989891052, 42946.28828786739, 54213.63854852418
71.23300004005432, 42946.28828786739, 54198.73985747369
71.24699997901917, 42946.28828786739, 54198.73985747369
71.24900007247925, 42946.28828786739, 54194.67081369554
71.26300001144409, 42946.28828786739, 54193.258212780354
71.26300001144409, 42946.28828786739, 54193.258212780354
71.27900004386902, 42946.28828786739, 54187.741808023515
72.38299989700317, 42946.28828786739, 54187.741808023515
72.38699984550476, 42946.28828786739, 54187.741808023515
72.39100003242493, 42946.28828786739, 54187.741808023515
72.3970000743866, 42946.28828786739, 54187.741808023515
72.40100002288818, 42946.28828786739, 54187.741808023515
72.41299986839294, 42946.28828786739, 54179.869361819714
72.41400003433228, 42946.28828786739, 54179.869361819714
72.42899990081787, 42946.28828786739, 54179.869361819714
72.42899990081787, 42946.28828786739, 54179.869361819714
72.42899990081787, 42946.28828786739, 54179.869361819714
72.44599986076355, 42946.28828786739, 54179.869361819714
73.55599999427795, 42946.28828786739, 54164.50942241265
73.56200003623962, 42946.28828786739, 54164.50942241265
73.56599998474121, 42946.28828786739, 54164.50942241265
73.5680000782013, 42946.28828786739, 54164.50942241265
73.57200002670288, 42946.28828786739, 54164.50942241265
73.58500003814697, 42946.28828786739, 54164.50942241265
73.59500002861023, 42946.28828786739, 54160.750682616075
73.59899997711182, 42946.28828786739, 54160.750682616075
73.60399985313416, 42946.28828786739, 54160.750682616075
73.60399985313416, 42946.28828786739, 54160.750682616075
74.83699989318848, 42946.28828786739, 54157.68489486286
74.84100008010864, 42946.28828786739, 54155.85751282891
74.84500002861023, 42946.28828786739, 54155.85751282891
74.84899997711182, 42946.28828786739, 54155.85751282891
74.85800004005432, 42946.28828786739, 54155.85751282891
74.87999987602234, 42946.28828786739, 54150.3155403442
74.8840000629425, 42946.28828786739, 54150.3155403442
75.95499992370605, 42946.28828786739, 54147.28841170744
75.95499992370605, 42946.28828786739, 54147.28841170744
75.95499992370605, 42946.28828786739, 54147.28841170744
75.97399997711182, 42946.28828786739, 54147.28841170744
77.10599994659424, 42946.28828786739, 54147.28841170744
77.11199998855591, 42946.28828786739, 54147.28841170744
77.1159999370575, 42946.28828786739, 54147.28841170744
77.11999988555908, 42946.28828786739, 54147.28841170744
77.12199997901917, 42946.28828786739, 54147.28841170744
77.12599992752075, 42946.28828786739, 54147.28841170744
77.12800002098083, 42946.28828786739, 54147.28841170744
77.13199996948242, 42946.28828786739, 54147.28841170744
77.1340000629425, 42946.28828786739, 54147.28841170744
77.13800001144409, 42946.28828786739, 54147.28841170744
77.14599990844727, 42946.28828786739, 54124.978637987755
77.15400004386902, 42946.28828786739, 54124.978637987755
77.1579999923706, 42946.28828786739, 54124.978637987755
77.16299986839294, 42946.28828786739, 54124.978637987755
78.64400005340576, 42946.28828786739, 54124.978637987755
78.64999985694885, 42946.28828786739, 54124.978637987755
78.65400004386902, 42946.28828786739, 54124.978637987755
78.65999984741211, 42946.28828786739, 54124.978637987755
78.66799998283386, 42946.28828786739, 54124.978637987755
78.67199993133545, 42946.28828786739, 54124.978637987755
78.67799997329712, 42946.28828786739, 54124.978637987755
78.68299984931946, 42946.28828786739, 54124.978637987755
78.68700003623962, 42946.28828786739, 54124.978637987755
78.69099998474121, 42946.28828786739, 54124.978637987755
78.69700002670288, 42946.28828786739, 54124.978637987755
78.70199990272522, 42946.28828786739, 54124.978637987755
78.71099996566772, 42946.28828786739, 54124.978637987755
78.7170000076294, 42946.28828786739, 54124.978637987755
78.72099995613098, 42946.28828786739, 54124.978637987755
78.7260000705719, 42946.28828786739, 54124.978637987755
78.73300004005432, 42946.28828786739, 54082.08431932399
78.73699998855591, 42946.28828786739, 54082.08431932399
78.74199986457825, 42946.28828786739, 54082.08431932399
80.22199988365173, 42946.28828786739, 54082.08431932399
80.2279999256134, 42946.28828786739, 54082.08431932399
80.23199987411499, 42946.28828786739, 54082.08431932399
80.24000000953674, 42946.28828786739, 54082.08431932399
80.24799990653992, 42946.28828786739, 54082.08431932399
80.24799990653992, 42946.28828786739, 54076.39559648024
80.26300001144409, 42946.28828786739, 54076.39559648024
80.27699995040894, 42946.28828786739, 54068.30075493649
80.27900004386902, 42946.28828786739, 54068.30075493649
80.29900002479553, 42946.28828786739, 54068.30075493649
81.75399994850159, 42946.28828786739, 54066.71273412189
81.76600003242493, 42946.28828786739, 54066.71273412189
81.76999998092651, 42946.28828786739, 54066.71273412189
81.76999998092651, 42946.28828786739, 54066.71273412189
81.78699994087219, 42946.28828786739, 54066.71273412189
81.79999995231628, 42946.28828786739, 54066.71273412189
81.8050000667572, 42946.28828786739, 54066.71273412189
81.8069999217987, 42946.28828786739, 54066.71273412189
81.81599998474121, 42946.28828786739, 54066.71273412189
83.01699995994568, 42946.28828786739, 54066.71273412189
83.01699995994568, 42946.28828786739, 54066.71273412189
83.03200006484985, 42946.28828786739, 54052.913778969894
83.03799986839294, 42946.28828786739, 54052.913778969894
83.0479998588562, 42946.28828786739, 54044.68044646002
83.05999994277954, 42946.28828786739, 54044.68044646002
84.31900000572205, 42946.28828786739, 54036.116339873915
84.32299995422363, 42946.28828786739, 54036.116339873915
84.32599997520447, 42946.28828786739, 54036.116339873915
84.3289999961853, 42946.28828786739, 54036.116339873915
84.33200001716614, 42946.28828786739, 54036.116339873915
84.33500003814697, 42946.28828786739, 54036.116339873915
84.33800005912781, 42946.28828786739, 54036.116339873915
84.33999991416931, 42946.28828786739, 54036.116339873915
84.3439998626709, 42946.28828786739, 54036.116339873915
84.34999990463257, 42946.28828786739, 54036.116339873915
84.35399985313416, 42946.28828786739, 54036.116339873915
84.35800004005432, 42946.28828786739, 54036.116339873915
84.36199998855591, 42946.28828786739, 54036.116339873915
84.36699986457825, 42946.28828786739, 54036.116339873915
84.37299990653992, 42946.28828786739, 54036.116339873915
84.37299990653992, 42946.28828786739, 54029.32169272852
84.38699984550476, 42946.28828786739, 54029.32169272852
85.53799986839294, 42946.28828786739, 54015.94960515805
85.53900003433228, 42946.28828786739, 54015.94960515805
85.53900003433228, 42946.28828786739, 54015.94960515805
85.53900003433228, 42946.28828786739, 54015.94960515805
85.55999994277954, 42946.28828786739, 54015.94960515805
85.56200003623962, 42946.28828786739, 54015.94960515805
85.57599997520447, 42946.28828786739, 54015.94960515805
85.59299993515015, 42946.28828786739, 54008.78112469857
87.07399988174438, 42946.28828786739, 54008.78112469857
87.07699990272522, 42946.28828786739, 54008.78112469857
87.07699990272522, 42946.28828786739, 54008.78112469857
87.07699990272522, 42946.28828786739, 54008.78112469857
87.10500001907349, 42946.28828786739, 54006.6205602165
87.11500000953674, 42946.28828786739, 54006.6205602165
87.12599992752075, 42946.28828786739, 54006.6205602165
87.13100004196167, 42946.28828786739, 54006.6205602165
87.1489999294281, 42946.28828786739, 54006.6205602165
87.16199994087219, 42946.28828786739, 53988.999907270496
87.16400003433228, 42946.28828786739, 53988.999907270496
87.16400003433228, 42946.28828786739, 53988.999907270496
88.5149998664856, 42946.28828786739, 53988.999907270496
88.51999998092651, 42946.28828786739, 53988.999907270496
88.5239999294281, 42946.28828786739, 53988.999907270496
88.52499985694885, 42946.28828786739, 53988.999907270496
88.52499985694885, 42946.28828786739, 53988.999907270496
88.54299998283386, 42946.28828786739, 53988.9469012629
88.54299998283386, 42946.28828786739, 53988.9469012629
88.54299998283386, 42946.28828786739, 53988.9469012629
88.54299998283386, 42946.28828786739, 53986.286500679416
88.56200003623962, 42946.28828786739, 53986.286500679416
88.56399989128113, 42946.28828786739, 53986.286500679416
88.57099986076355, 42946.28828786739, 53986.286500679416
88.57099986076355, 42946.28828786739, 53986.286500679416
89.75699996948242, 42946.28828786739, 53982.85056795669
89.75699996948242, 42946.28828786739, 53982.85056795669
89.75699996948242, 42946.28828786739, 53982.85056795669
89.7720000743866, 42946.28828786739, 53982.85056795669
89.7720000743866, 42946.28828786739, 53982.85056795669
89.7720000743866, 42946.28828786739, 53982.85056795669
89.7720000743866, 42946.28828786739, 53982.85056795669
89.7720000743866, 42946.28828786739, 53982.85056795669
89.78799986839294, 42946.28828786739, 53982.85056795669
89.78799986839294, 42946.28828786739, 53982.85056795669
89.78799986839294, 42946.28828786739, 53982.85056795669
89.80399990081787, 42946.28828786739, 53982.85056795669
89.80399990081787, 42946.28828786739, 53982.85056795669
89.80399990081787, 42946.28828786739, 53982.85056795669
89.83500003814697, 42946.28828786739, 53982.85056795669
89.83999991416931, 42946.28828786739, 53982.85056795669
89.83999991416931, 42946.28828786739, 53982.85056795669
89.84699988365173, 42946.28828786739, 53982.85056795669
89.85599994659424, 42946.28828786739, 53982.85056795669
89.85599994659424, 42946.28828786739, 53977.74409602538
91.01600003242493, 42946.28828786739, 53977.74409602538
91.01600003242493, 42946.28828786739, 53977.74409602538
91.01600003242493, 42946.28828786739, 53977.74409602538
91.03699994087219, 42946.28828786739, 53974.701099663806
91.04200005531311, 42946.28828786739, 53971.88990854415
91.04500007629395, 42946.28828786739, 53971.88990854415
91.0569999217987, 42946.28828786739, 53971.88990854415
91.05999994277954, 42946.28828786739, 53971.88990854415
91.06599998474121, 42946.28828786739, 53971.88990854415
91.07099986076355, 42946.28828786739, 53971.88990854415
91.07599997520447, 42946.28828786739, 53970.54996732179
91.08500003814697, 42946.28828786739, 53970.54996732179
91.0939998626709, 42946.28828786739, 53970.088358359055
91.09999990463257, 42946.28828786739, 53970.088358359055
92.49600005149841, 42946.28828786739, 53970.088358359055
92.50600004196167, 42946.28828786739, 53970.088358359055
92.51099991798401, 42946.28828786739, 53970.088358359055
92.51600003242493, 42946.28828786739, 53970.088358359055
92.52099990844727, 42946.28828786739, 53970.088358359055
92.52699995040894, 42946.28828786739, 53970.088358359055
92.53399991989136, 42946.28828786739, 53970.088358359055
92.54699993133545, 42946.28828786739, 53970.088358359055
92.55799984931946, 42946.28828786739, 53970.088358359055
92.56399989128113, 42946.28828786739, 53970.088358359055
92.57399988174438, 42946.28828786739, 53970.088358359055
92.58200001716614, 42946.28828786739, 53970.088358359055
92.58999991416931, 42946.28828786739, 53970.088358359055
92.60199999809265, 42946.28828786739, 53970.088358359055
92.60800004005432, 42946.28828786739, 53970.088358359055
92.61999988555908, 42946.28828786739, 53970.088358359055
92.62800002098083, 42946.28828786739, 53970.088358359055
92.64199995994568, 42946.28828786739, 53970.088358359055
92.65599989891052, 42946.28828786739, 53970.088358359055
92.6710000038147, 42946.28828786739, 53970.088358359055
94.8420000076294, 42946.28828786739, 53964.55461639826
94.84599995613098, 42946.28828786739, 53964.55461639826
94.84899997711182, 42946.28828786739, 53964.55461639826
94.85199999809265, 42946.28828786739, 53964.55461639826
94.85899996757507, 42946.28828786739, 53964.55461639826
94.86100006103516, 42946.28828786739, 53964.55461639826
96.32699990272522, 42946.28828786739, 53964.55461639826
96.33299994468689, 42946.28828786739, 53964.55461639826
96.33699989318848, 42946.28828786739, 53964.55461639826
96.34100008010864, 42946.28828786739, 53964.55461639826
96.3439998626709, 42946.28828786739, 53964.55461639826
96.3439998626709, 42946.28828786739, 53964.55461639826
96.35399985313416, 42946.28828786739, 53964.55461639826
96.3659999370575, 42946.28828786739, 53953.581365096434
97.90400004386902, 42946.28828786739, 53953.44778039979
97.90999984741211, 42946.28828786739, 53953.44778039979
97.91499996185303, 42946.28828786739, 53953.44778039979
97.9229998588562, 42946.28828786739, 53953.44778039979
97.93299984931946, 42946.28828786739, 53953.44778039979
97.94099998474121, 42946.28828786739, 53953.44778039979
97.94599986076355, 42946.28828786739, 53953.44778039979
97.95300006866455, 42946.28828786739, 53953.44778039979
97.96099996566772, 42946.28828786739, 53953.44778039979
97.9670000076294, 42946.28828786739, 53953.44778039979
97.97399997711182, 42946.28828786739, 53953.44778039979
97.9909999370575, 42946.28828786739, 53953.44778039979
99.22199988365173, 42946.28828786739, 53946.802281252574
99.2260000705719, 42946.28828786739, 53946.802281252574
99.23000001907349, 42946.28828786739, 53946.802281252574
99.23199987411499, 42946.28828786739, 53946.802281252574
99.23600006103516, 42946.28828786739, 53946.802281252574
99.24000000953674, 42946.28828786739, 53946.802281252574
99.24300003051758, 42946.28828786739, 53946.802281252574
99.24499988555908, 42946.28828786739, 53946.802281252574
99.24699997901917, 42946.28828786739, 53939.80066763093
99.25499987602234, 42946.28828786739, 53939.80066763093
99.2590000629425, 42946.28828786739, 53939.80066763093
100.50499987602234, 42946.28828786739, 53939.80066763093
100.51600003242493, 42946.28828786739, 53939.80066763093
100.51999998092651, 42946.28828786739, 53939.80066763093
100.5239999294281, 42946.28828786739, 53939.80066763093
100.52600002288818, 42946.28828786739, 53937.59415637853
100.53499984741211, 42946.28828786739, 53937.59415637853
100.53999996185303, 42946.28828786739, 53937.59415637853
100.53999996185303, 42946.28828786739, 53937.59415637853
100.55299997329712, 42946.28828786739, 53937.59415637853
101.75699996948242, 42946.28828786739, 53937.59415637853
101.76199984550476, 42946.28828786739, 53937.59415637853
101.76600003242493, 42946.28828786739, 53937.59415637853
101.76600003242493, 42946.28828786739, 53927.07484600001
101.77600002288818, 42946.28828786739, 53924.559379952065
101.78099989891052, 42946.28828786739, 53924.559379952065
101.78799986839294, 42946.28828786739, 53922.88813445135
101.7960000038147, 42946.28828786739, 53921.28820054699
103.08299994468689, 42946.28828786739, 53920.81902147263
103.08699989318848, 42946.28828786739, 53920.81902147263
103.09100008010864, 42946.28828786739, 53920.81902147263
103.09699988365173, 42946.28828786739, 53920.81902147263
103.10399985313416, 42946.28828786739, 53920.81902147263
103.10800004005432, 42946.28828786739, 53920.81902147263
103.11199998855591, 42946.28828786739, 53920.81902147263
103.12100005149841, 42946.28828786739, 53910.621642574086
103.12800002098083, 42946.28828786739, 53910.621642574086
103.1340000629425, 42946.28828786739, 53910.621642574086
103.14199995994568, 42946.28828786739, 53909.89947889609
103.14199995994568, 42946.28828786739, 53908.74658207191
103.15299987792969, 42946.28828786739, 53908.74658207191
103.16199994087219, 42946.28828786739, 53906.72404895116
104.44899988174438, 42946.28828786739, 53903.35542750464
104.4559998512268, 42946.28828786739, 53903.35542750464
105.73399996757507, 42946.28828786739, 53899.41142571536
105.73399996757507, 42946.28828786739, 53899.41142571536
105.74799990653992, 42946.28828786739, 53899.41142571536
105.75499987602234, 42946.28828786739, 53899.41142571536
105.76300001144409, 42946.28828786739, 53899.41142571536
105.76799988746643, 42946.28828786739, 53899.41142571536
105.7739999294281, 42946.28828786739, 53899.41142571536
105.7829999923706, 42946.28828786739, 53899.41142571536
105.78600001335144, 42946.28828786739, 53899.41142571536
105.79699993133545, 42946.28828786739, 53899.41142571536
107.07200002670288, 42946.28828786739, 53899.41142571536
107.07699990272522, 42946.28828786739, 53899.41142571536
107.08299994468689, 42946.28828786739, 53896.9501073853
107.08299994468689, 42946.28828786739, 53888.809789442654
107.08999991416931, 42946.28828786739, 53888.809789442654
107.09999990463257, 42946.28828786739, 53888.809789442654
107.10699987411499, 42946.28828786739, 53888.809789442654
107.11399984359741, 42946.28828786739, 53888.809789442654
107.13100004196167, 42946.28828786739, 53886.351384153786
108.3989999294281, 42946.28828786739, 53886.351384153786
108.40400004386902, 42946.28828786739, 53886.351384153786
108.40599989891052, 42946.28828786739, 53886.351384153786
108.40999984741211, 42946.28828786739, 53886.351384153786
108.41199994087219, 42946.28828786739, 53886.351384153786
108.41599988937378, 42946.28828786739, 53886.351384153786
108.42000007629395, 42946.28828786739, 53886.351384153786
108.42400002479553, 42946.28828786739, 53880.200961707895
108.42799997329712, 42946.28828786739, 53880.200961707895
108.43700003623962, 42946.28828786739, 53880.200961707895
108.44400000572205, 42946.28828786739, 53875.492543025044
108.45000004768372, 42946.28828786739, 53874.67596121427
108.45000004768372, 42946.28828786739, 53874.67596121427
108.46600008010864, 42946.28828786739, 53874.67596121427
108.4670000076294, 42946.28828786739, 53874.67596121427
108.4670000076294, 42946.28828786739, 53874.67596121427
108.48300004005432, 42946.28828786739, 53863.73149424574
109.82500004768372, 42946.28828786739, 53863.73149424574
109.8289999961853, 42946.28828786739, 53863.73149424574
109.83500003814697, 42946.28828786739, 53863.73149424574
109.84599995613098, 42946.28828786739, 53863.73149424574
109.84999990463257, 42946.28828786739, 53863.73149424574
109.85399985313416, 42946.28828786739, 53863.73149424574
109.85699987411499, 42946.28828786739, 53863.73149424574
109.86299991607666, 42946.28828786739, 53863.73149424574
109.86899995803833, 42946.28828786739, 53863.73149424574
111.17599987983704, 42946.28828786739, 53863.73149424574
111.1800000667572, 42946.28828786739, 53863.73149424574
111.18700003623962, 42946.28828786739, 53863.73149424574
111.19000005722046, 42946.28828786739, 53863.73149424574
111.19000005722046, 42946.28828786739, 53863.73149424574
111.2039999961853, 42946.28828786739, 53863.73149424574
111.22000002861023, 42946.28828786739, 53863.73149424574
111.22499990463257, 42946.28828786739, 53863.73149424574
111.23300004005432, 42946.28828786739, 53863.73149424574
111.23499989509583, 42946.28828786739, 53863.73149424574
111.23799991607666, 42946.28828786739, 53863.73149424574
111.23799991607666, 42946.28828786739, 53863.73149424574
112.44700002670288, 42946.28828786739, 53863.73149424574
112.45000004768372, 42946.28828786739, 53863.73149424574
112.45300006866455, 42946.28828786739, 53863.73149424574
112.4559998512268, 42946.28828786739, 53863.73149424574
112.4559998512268, 42946.28828786739, 53863.73149424574
112.4559998512268, 42946.28828786739, 53863.73149424574
112.4559998512268, 42946.28828786739, 53863.73149424574
112.4559998512268, 42946.28828786739, 53863.73149424574
112.47199988365173, 42946.28828786739, 53863.73149424574
112.47300004959106, 42946.28828786739, 53863.73149424574
112.48000001907349, 42946.28828786739, 53863.73149424574
112.48000001907349, 42946.28828786739, 53863.73149424574
112.49000000953674, 42946.28828786739, 53861.58910734084
112.50099992752075, 42946.28828786739, 53861.58910734084
113.79399991035461, 42946.28828786739, 53861.58910734084
113.79699993133545, 42946.28828786739, 53861.58910734084
113.79699993133545, 42946.28828786739, 53861.58910734084
113.79699993133545, 42946.28828786739, 53861.58910734084
113.79699993133545, 42946.28828786739, 53861.58910734084
113.81200003623962, 42946.28828786739, 53861.58910734084
113.81399989128113, 42946.28828786739, 53861.58910734084
113.8309998512268, 42946.28828786739, 53861.58910734084
113.8309998512268, 42946.28828786739, 53861.58910734084
113.84800004959106, 42946.28828786739, 53861.58910734084
115.38499999046326, 42946.28828786739, 53852.42299132079
115.39100003242493, 42946.28828786739, 53852.42299132079
115.39599990844727, 42946.28828786739, 53852.42299132079
115.39800000190735, 42946.28828786739, 53852.42299132079
115.40899991989136, 42946.28828786739, 53852.42299132079
115.41299986839294, 42946.28828786739, 53846.80659127471
115.41799998283386, 42946.28828786739, 53846.80659127471
115.42599987983704, 42946.28828786739, 53846.80659127471
115.43299984931946, 42946.28828786739, 53838.7180368108
115.44099998474121, 42946.28828786739, 53838.7180368108
116.77499985694885, 42946.28828786739, 53838.7180368108
116.77900004386902, 42946.28828786739, 53838.7180368108
116.78099989891052, 42946.28828786739, 53838.7180368108
116.78499984741211, 42946.28828786739, 53838.7180368108
116.78999996185303, 42946.28828786739, 53838.7180368108
116.79399991035461, 42946.28828786739, 53838.7180368108
116.80099987983704, 42946.28828786739, 53835.35280218948
116.80900001525879, 42946.28828786739, 53835.35280218948
116.8180000782013, 42946.28828786739, 53835.35280218948
118.0550000667572, 42946.28828786739, 53828.674310216134
118.0569999217987, 42946.28828786739, 53828.674310216134
118.0609998703003, 42946.28828786739, 53828.674310216134
118.06399989128113, 42946.28828786739, 53828.674310216134
118.07500004768372, 42946.28828786739, 53826.78956773933
118.08699989318848, 42946.28828786739, 53826.78956773933
119.4539999961853, 42946.28828786739, 53826.78956773933
119.45499992370605, 42946.28828786739, 53823.05192181558
119.45499992370605, 42946.28828786739, 53823.05192181558
119.45499992370605, 42946.28828786739, 53823.05192181558
119.47199988365173, 42946.28828786739, 53823.05192181558
119.47199988365173, 42946.28828786739, 53823.05192181558
119.47199988365173, 42946.28828786739, 53823.05192181558
119.48899984359741, 42946.28828786739, 53823.05192181558
119.48899984359741, 42946.28828786739, 53823.05192181558
119.48899984359741, 42946.28828786739, 53823.05192181558
120.86399984359741, 42946.28828786739, 53823.05192181558
120.86399984359741, 42946.28828786739, 53823.05192181558
120.86399984359741, 42946.28828786739, 53823.05192181558
120.875, 42946.28828786739, 53823.05192181558
120.88299989700317, 42946.28828786739, 53823.05192181558
120.8840000629425, 42946.28828786739, 53823.05192181558
120.8989999294281, 42946.28828786739, 53823.05192181558
120.8989999294281, 42946.28828786739, 53823.05192181558
120.91400003433228, 42946.28828786739, 53823.05192181558
120.92799997329712, 42946.28828786739, 53823.05192181558
120.93899989128113, 42946.28828786739, 53823.05192181558
122.23099994659424, 42946.28828786739, 53799.35364180191
122.23699998855591, 42946.28828786739, 53799.23300636905
122.2409999370575, 42946.28828786739, 53799.23300636905
122.24300003051758, 42946.28828786739, 53799.23300636905
122.24300003051758, 42946.28828786739, 53799.23300636905
122.25399994850159, 42946.28828786739, 53799.23300636905
122.26300001144409, 42946.28828786739, 53799.23300636905
122.2649998664856, 42946.28828786739, 53799.23300636905
122.27099990844727, 42946.28828786739, 53799.23300636905
122.27699995040894, 42946.28828786739, 53799.23300636905
122.2829999923706, 42946.28828786739, 53799.23300636905
122.28900003433228, 42946.28828786739, 53799.23300636905
122.29299998283386, 42946.28828786739, 53799.23300636905
123.6489999294281, 42946.28828786739, 53799.23300636905
123.65299987792969, 42946.28828786739, 53799.23300636905
123.65299987792969, 42946.28828786739, 53799.23300636905
123.65299987792969, 42946.28828786739, 53794.51201264526
123.65299987792969, 42946.28828786739, 53794.51201264526
123.66899991035461, 42946.28828786739, 53794.51201264526
125.07200002670288, 42946.28828786739, 53790.94013604926
125.07800006866455, 42946.28828786739, 53789.126947096964
125.07800006866455, 42946.28828786739, 53789.126947096964
125.07800006866455, 42946.28828786739, 53789.126947096964
125.08999991416931, 42946.28828786739, 53789.126947096964
125.0939998626709, 42946.28828786739, 53789.126947096964
125.0939998626709, 42946.28828786739, 53789.126947096964
125.0939998626709, 42946.28828786739, 53789.126947096964
125.11100006103516, 42946.28828786739, 53789.126947096964
126.53600001335144, 42946.28828786739, 53789.126947096964
126.53900003433228, 42946.28828786739, 53789.126947096964
126.53900003433228, 42946.28828786739, 53789.126947096964
126.5460000038147, 42946.28828786739, 53789.126947096964
126.55200004577637, 42946.28828786739, 53789.126947096964
126.55599999427795, 42946.28828786739, 53789.126947096964
126.55599999427795, 42946.28828786739, 53785.9471219193
126.55599999427795, 42946.28828786739, 53785.9471219193
126.56599998474121, 42946.28828786739, 53785.9471219193
126.56599998474121, 42946.28828786739, 53785.9471219193
126.57299995422363, 42946.28828786739, 53785.9471219193
127.89299988746643, 42946.28828786739, 53785.9471219193
127.89800000190735, 42946.28828786739, 53785.9471219193
127.90999984741211, 42946.28828786739, 53785.9471219193
127.91299986839294, 42946.28828786739, 53785.9471219193
127.91299986839294, 42946.28828786739, 53785.9471219193
127.91299986839294, 42946.28828786739, 53785.9471219193
129.12599992752075, 42946.28828786739, 53778.113085778015
129.12599992752075, 42946.28828786739, 53778.113085778015
129.14199995994568, 42946.28828786739, 53778.113085778015
129.14299988746643, 42946.28828786739, 53778.113085778015
129.14299988746643, 42946.28828786739, 53778.113085778015
129.15700006484985, 42946.28828786739, 53778.113085778015
130.5279998779297, 42946.28828786739, 53778.113085778015
130.53399991989136, 42946.28828786739, 53778.113085778015
130.53799986839294, 42946.28828786739, 53766.690197834025
130.54999995231628, 42946.28828786739, 53766.3236685225
130.5550000667572, 42946.28828786739, 53766.3236685225
130.5659999847412, 42946.28828786739, 53763.99000013449
130.5659999847412, 42946.28828786739, 53763.99000013449
131.97399997711182, 42946.28828786739, 53758.0424117221
131.97399997711182, 42946.28828786739, 53758.0424117221
131.9909999370575, 42946.28828786739, 53758.0424117221
131.9960000514984, 42946.28828786739, 53758.0424117221
132.01799988746643, 42946.28828786739, 53754.01448625287
132.0220000743866, 42946.28828786739, 53754.01448625287
132.02900004386902, 42946.28828786739, 53754.01448625287
132.0420000553131, 42946.28828786739, 53751.21470782839
133.43899989128113, 42946.28828786739, 53751.21470782839
133.44400000572205, 42946.28828786739, 53751.21470782839
133.44599986076355, 42946.28828786739, 53751.21470782839
133.45000004768372, 42946.28828786739, 53751.21470782839
133.45300006866455, 42946.28828786739, 53751.21470782839
133.45300006866455, 42946.28828786739, 53751.21470782839
133.45300006866455, 42946.28828786739, 53751.21470782839
133.4670000076294, 42946.28828786739, 53748.577071789456
133.46799993515015, 42946.28828786739, 53748.577071789456
133.48300004005432, 42946.28828786739, 53748.577071789456
134.6289999485016, 42946.28828786739, 53748.577071789456
134.6289999485016, 42946.28828786739, 53743.37556428189
134.6289999485016, 42946.28828786739, 53743.37556428189
134.6399998664856, 42946.28828786739, 53743.37556428189
134.6449999809265, 42946.28828786739, 53743.075161301575
134.6449999809265, 42946.28828786739, 53743.075161301575
134.6449999809265, 42946.28828786739, 53743.075161301575
134.66400003433228, 42946.28828786739, 53743.075161301575
134.6670000553131, 42946.28828786739, 53743.075161301575
134.67400002479553, 42946.28828786739, 53743.075161301575
134.67599987983704, 42946.28828786739, 53743.075161301575
134.69199991226196, 42946.28828786739, 53743.075161301575
136.07599997520447, 42946.28828786739, 53742.977409091
136.07999992370605, 42946.28828786739, 53742.977409091
136.08399987220764, 42946.28828786739, 53742.977409091
136.0880000591278, 42946.28828786739, 53742.977409091
136.09299993515015, 42946.28828786739, 53742.977409091
136.09800004959106, 42946.28828786739, 53742.977409091
136.10399985313416, 42946.28828786739, 53742.977409091
136.10399985313416, 42946.28828786739, 53742.977409091
136.10399985313416, 42946.28828786739, 53742.977409091
136.1269998550415, 42946.28828786739, 53742.977409091
136.135999917984, 42946.28828786739, 53742.977409091
136.14299988746643, 42946.28828786739, 53731.88453582504
136.15199995040894, 42946.28828786739, 53731.88453582504
136.1529998779297, 42946.28828786739, 53731.88453582504
136.1529998779297, 42946.28828786739, 53731.88453582504
136.1529998779297, 42946.28828786739, 53731.88453582504
137.5149998664856, 42946.28828786739, 53731.88453582504
137.52099990844727, 42946.28828786739, 53730.46931006083
137.5279998779297, 42946.28828786739, 53730.46931006083
137.53200006484985, 42946.28828786739, 53730.46931006083
137.53600001335144, 42946.28828786739, 53730.46931006083
137.5420000553131, 42946.28828786739, 53729.93567227888
137.54699993133545, 42946.28828786739, 53729.93567227888
137.55299997329712, 42946.28828786739, 53729.45695031325
138.9319999217987, 42946.28828786739, 53725.48039120199
138.93499994277954, 42946.28828786739, 53725.48039120199
138.93700003623962, 42946.28828786739, 53725.48039120199
138.93700003623962, 42946.28828786739, 53725.48039120199
138.93700003623962, 42946.28828786739, 53725.48039120199
138.9539999961853, 42946.28828786739, 53725.48039120199
138.9539999961853, 42946.28828786739, 53725.48039120199
140.46600008010864, 42946.28828786739, 53725.48039120199
140.46600008010864, 42946.28828786739, 53725.48039120199
140.4800000190735, 42946.28828786739, 53725.48039120199
140.48499989509583, 42946.28828786739, 53725.48039120199
140.48799991607666, 42946.28828786739, 53725.48039120199
140.48799991607666, 42946.28828786739, 53725.48039120199
140.49900007247925, 42946.28828786739, 53725.48039120199
140.5019998550415, 42946.28828786739, 53725.48039120199
140.5199999809265, 42946.28828786739, 53721.4939752132
140.5239999294281, 42946.28828786739, 53721.4939752132
140.5279998779297, 42946.28828786739, 53721.4939752132
140.5329999923706, 42946.28828786739, 53721.4939752132
140.53999996185303, 42946.28828786739, 53721.4939752132
141.93700003623962, 42946.28828786739, 53719.2187879892
141.94199991226196, 42946.28828786739, 53719.2187879892
141.9430000782013, 42946.28828786739, 53719.2187879892
141.9430000782013, 42946.28828786739, 53719.2187879892
141.9430000782013, 42946.28828786739, 53719.2187879892
141.9430000782013, 42946.28828786739, 53719.2187879892
141.9430000782013, 42946.28828786739, 53716.68686367336
141.96000003814697, 42946.28828786739, 53716.68686367336
141.96000003814697, 42946.28828786739, 53716.68686367336
141.96399998664856, 42946.28828786739, 53716.68686367336
141.96399998664856, 42946.28828786739, 53716.68686367336
141.97199988365173, 42946.28828786739, 53716.68686367336
141.97699999809265, 42946.28828786739, 53716.68686367336
141.97699999809265, 42946.28828786739, 53716.68686367336
141.97699999809265, 42946.28828786739, 53716.68686367336
141.97699999809265, 42946.28828786739, 53716.68686367336
142.0, 42946.28828786739, 53716.68686367336
143.48600006103516, 42946.28828786739, 53711.44865249856
143.48799991607666, 42946.28828786739, 53711.44865249856
143.48799991607666, 42946.28828786739, 53711.44865249856
143.5090000629425, 42946.28828786739, 53711.44865249856
143.51699995994568, 42946.28828786739, 53711.44865249856
143.5220000743866, 42946.28828786739, 53711.44865249856
143.53200006484985, 42946.28828786739, 53711.44865249856
145.0090000629425, 42946.28828786739, 53711.44865249856
145.01699995994568, 42946.28828786739, 53711.44865249856
145.0199999809265, 42946.28828786739, 53711.06651036929
145.03999996185303, 42946.28828786739, 53711.06651036929
146.54399991035461, 42946.28828786739, 53711.06651036929
146.5479998588562, 42946.28828786739, 53703.0195916002
146.5479998588562, 42946.28828786739, 53702.6265367297
146.56500005722046, 42946.28828786739, 53702.6265367297
146.56699991226196, 42946.28828786739, 53702.6265367297
146.57500004768372, 42946.28828786739, 53700.466815332205
146.58200001716614, 42946.28828786739, 53700.466815332205
148.07800006866455, 42946.28828786739, 53692.346103847114
148.07800006866455, 42946.28828786739, 53692.346103847114
148.0939998626709, 42946.28828786739, 53692.346103847114
148.0939998626709, 42946.28828786739, 53692.346103847114
148.0939998626709, 42946.28828786739, 53692.346103847114
148.0939998626709, 42946.28828786739, 53691.31610897758
148.11100006103516, 42946.28828786739, 53689.95806476085
148.11100006103516, 42946.28828786739, 53689.95806476085
148.11100006103516, 42946.28828786739, 53689.95806476085
148.12400007247925, 42946.28828786739, 53689.95806476085
148.12800002098083, 42946.28828786739, 53689.95806476085
148.12800002098083, 42946.28828786739, 53688.60125690919
149.64999985694885, 42946.28828786739, 53685.8568545036
149.65400004386902, 42946.28828786739, 53685.8568545036
149.65499997138977, 42946.28828786739, 53685.8568545036
149.65499997138977, 42946.28828786739, 53685.8568545036
149.65499997138977, 42946.28828786739, 53685.8568545036
149.67400002479553, 42946.28828786739, 53685.8568545036
151.1380000114441, 42946.28828786739, 53685.8568545036
151.14800000190735, 42946.28828786739, 53685.8568545036
151.15100002288818, 42946.28828786739, 53685.8568545036
151.15499997138977, 42946.28828786739, 53685.8568545036
151.1599998474121, 42946.28828786739, 53685.8568545036
151.1619999408722, 42946.28828786739, 53684.66200650329
151.16899991035461, 42946.28828786739, 53684.66200650329
151.1710000038147, 42946.28828786739, 53684.66200650329
151.1710000038147, 42946.28828786739, 53684.66200650329
151.18299984931946, 42946.28828786739, 53684.66200650329
151.18799996376038, 42946.28828786739, 53684.66200650329
152.63199996948242, 42946.28828786739, 53682.37258902516
152.6449999809265, 42946.28828786739, 53682.37258902516
152.64800000190735, 42946.28828786739, 53682.37258902516
152.64800000190735, 42946.28828786739, 53682.37258902516
154.1579999923706, 42946.28828786739, 53682.37258902516
154.16499996185303, 42946.28828786739, 53682.37258902516
154.16499996185303, 42946.28828786739, 53682.37258902516
154.16499996185303, 42946.28828786739, 53682.37258902516
154.17499995231628, 42946.28828786739, 53682.37258902516
154.18899989128113, 42946.28828786739, 53682.37258902516
154.19199991226196, 42946.28828786739, 53682.37258902516
154.19700002670288, 42946.28828786739, 53682.37258902516
155.73499989509583, 42946.28828786739, 53682.37258902516
155.74000000953674, 42946.28828786739, 53682.37258902516
155.74799990653992, 42946.28828786739, 53682.37258902516
155.7519998550415, 42946.28828786739, 53682.37258902516
155.75600004196167, 42946.28828786739, 53682.37258902516
155.760999917984, 42946.28828786739, 53682.37258902516
155.7649998664856, 42946.28828786739, 53675.7102251222
155.7739999294281, 42946.28828786739, 53675.7102251222
155.7739999294281, 42946.28828786739, 53675.7102251222
157.4319999217987, 42946.28828786739, 53675.7102251222
157.43700003623962, 42946.28828786739, 53669.37922860574
157.43899989128113, 42946.28828786739, 53669.37922860574
157.44199991226196, 42946.28828786739, 53669.37922860574
157.4449999332428, 42946.28828786739, 53669.37922860574
157.44899988174438, 42946.28828786739, 53669.37922860574
157.45199990272522, 42946.28828786739, 53666.20856348916
157.45700001716614, 42946.28828786739, 53666.07866707955
157.45700001716614, 42946.28828786739, 53661.84432685552
158.98600006103516, 42946.28828786739, 53659.28324281429
158.99000000953674, 42946.28828786739, 53658.729201878974
158.9960000514984, 42946.28828786739, 53658.21534745731
159.0039999485016, 42946.28828786739, 53658.21534745731
159.00999999046326, 42946.28828786739, 53658.21534745731
159.0149998664856, 42946.28828786739, 53658.21534745731
159.0199999809265, 42946.28828786739, 53658.21534745731
159.0239999294281, 42946.28828786739, 53658.21534745731
159.02999997138977, 42946.28828786739, 53658.21534745731
159.0349998474121, 42946.28828786739, 53657.313783937294
159.03999996185303, 42946.28828786739, 53657.313783937294
160.55799984931946, 42946.28828786739, 53657.313783937294
160.5659999847412, 42946.28828786739, 53657.313783937294
160.57399988174438, 42946.28828786739, 53657.313783937294
160.5809998512268, 42946.28828786739, 53655.496408575214
160.58599996566772, 42946.28828786739, 53655.496408575214
160.58599996566772, 42946.28828786739, 53655.496408575214
160.58599996566772, 42946.28828786739, 53655.496408575214
160.6139998435974, 42946.28828786739, 53655.496408575214
160.61800003051758, 42946.28828786739, 53655.496408575214
160.61800003051758, 42946.28828786739, 53655.496408575214
162.16299986839294, 42946.28828786739, 53655.496408575214
162.1670000553131, 42946.28828786739, 53655.496408575214
162.1710000038147, 42946.28828786739, 53655.496408575214
162.17499995231628, 42946.28828786739, 53654.36335146456
162.1859998703003, 42946.28828786739, 53654.36335146456
163.67899990081787, 42946.28828786739, 53654.36335146456
163.67899990081787, 42946.28828786739, 53648.22122153733
163.67899990081787, 42946.28828786739, 53648.22122153733
163.6949999332428, 42946.28828786739, 53648.22122153733
163.69700002670288, 42946.28828786739, 53648.22122153733
165.3109998703003, 42946.28828786739, 53648.22122153733
165.3109998703003, 42946.28828786739, 53644.04821414976
165.32200002670288, 42946.28828786739, 53644.04821414976
165.3289999961853, 42946.28828786739, 53644.04821414976
165.3329999446869, 42946.28828786739, 53644.04821414976
165.34699988365173, 42946.28828786739, 53644.04821414976
167.0479998588562, 42946.28828786739, 53640.915964833366
167.05399990081787, 42946.28828786739, 53640.915964833366
167.0569999217987, 42946.28828786739, 53640.915964833366
167.0609998703003, 42946.28828786739, 53640.915964833366
167.06900000572205, 42946.28828786739, 53640.915964833366
167.07299995422363, 42946.28828786739, 53640.915964833366
167.08699989318848, 42946.28828786739, 53640.915964833366
167.08699989318848, 42946.28828786739, 53640.915964833366
167.1010000705719, 42946.28828786739, 53640.915964833366
167.10399985313416, 42946.28828786739, 53640.915964833366
168.5880000591278, 42946.28828786739, 53640.915964833366
168.59100008010864, 42946.28828786739, 53640.915964833366
168.59500002861023, 42946.28828786739, 53640.915964833366
168.59699988365173, 42946.28828786739, 53640.915964833366
168.6010000705719, 42946.28828786739, 53640.915964833366
168.6050000190735, 42946.28828786739, 53640.915964833366
168.61299991607666, 42946.28828786739, 53640.915964833366
168.6210000514984, 42946.28828786739, 53640.915964833366
168.625, 42946.28828786739, 53630.24075423934
168.63499999046326, 42946.28828786739, 53630.24075423934
168.63699984550476, 42946.28828786739, 53630.24075423934
168.64199995994568, 42946.28828786739, 53630.24075423934
168.6449999809265, 42946.28828786739, 53625.49771926987
170.10899996757507, 42946.28828786739, 53625.16299443175
170.11899995803833, 42946.28828786739, 53625.16299443175
170.12599992752075, 42946.28828786739, 53625.16299443175
170.12999987602234, 42946.28828786739, 53623.8579090195
170.13100004196167, 42946.28828786739, 53623.8579090195
171.84800004959106, 42946.28828786739, 53623.47511077722
171.84999990463257, 42946.28828786739, 53623.47511077722
171.8550000190735, 42946.28828786739, 53623.47511077722
171.85599994659424, 42946.28828786739, 53623.47511077722
171.85599994659424, 42946.28828786739, 53623.47511077722
171.85599994659424, 42946.28828786739, 53623.47511077722
171.86999988555908, 42946.28828786739, 53622.54954404639
171.87299990653992, 42946.28828786739, 53622.54954404639
171.87299990653992, 42946.28828786739, 53622.54954404639
171.87299990653992, 42946.28828786739, 53622.54954404639
171.88699984550476, 42946.28828786739, 53622.54954404639
173.52499985694885, 42946.28828786739, 53622.35367647575
173.52499985694885, 42946.28828786739, 53622.35367647575
173.52499985694885, 42946.28828786739, 53622.35367647575
173.5420000553131, 42946.28828786739, 53622.35367647575
173.5420000553131, 42946.28828786739, 53622.35367647575
173.5420000553131, 42946.28828786739, 53622.35367647575
175.11500000953674, 42946.28828786739, 53618.35593023344
175.11999988555908, 42946.28828786739, 53614.2905014811
175.12599992752075, 42946.28828786739, 53614.2905014811
175.135999917984, 42946.28828786739, 53614.2905014811
175.1399998664856, 42946.28828786739, 53614.2905014811
176.8399999141693, 42946.28828786739, 53612.63857338103
176.8399999141693, 42946.28828786739, 53610.08130457392
176.8550000190735, 42946.28828786739, 53610.08130457392
176.85899996757507, 42946.28828786739, 53610.08130457392
176.86299991607666, 42946.28828786739, 53610.08130457392
176.86500000953674, 42946.28828786739, 53610.08130457392
176.86899995803833, 42946.28828786739, 53610.08130457392
176.87400007247925, 42946.28828786739, 53610.08130457392
176.88699984550476, 42946.28828786739, 53610.08130457392
176.89100003242493, 42946.28828786739, 53607.452271725226
178.47300004959106, 42946.28828786739, 53607.081596270735
178.49000000953674, 42946.28828786739, 53607.081596270735
178.49000000953674, 42946.28828786739, 53607.081596270735
178.49000000953674, 42946.28828786739, 53607.081596270735
178.49000000953674, 42946.28828786739, 53607.081596270735
178.5039999485016, 42946.28828786739, 53607.081596270735
178.50600004196167, 42946.28828786739, 53607.081596270735
178.50600004196167, 42946.28828786739, 53607.081596270735
178.50600004196167, 42946.28828786739, 53607.081596270735
178.52300000190735, 42946.28828786739, 53602.55154573029
180.12800002098083, 42946.28828786739, 53602.55154573029
180.13299989700317, 42946.28828786739, 53602.55154573029
180.14100003242493, 42946.28828786739, 53602.13970750907
180.14999985694885, 42946.28828786739, 53599.920794483245
180.1579999923706, 42946.28828786739, 53599.920794483245
180.16799998283386, 42946.28828786739, 53599.920794483245
180.17400002479553, 42946.28828786739, 53599.920794483245
181.97099995613098, 42946.28828786739, 53599.920794483245
181.97099995613098, 42946.28828786739, 53599.920794483245
181.97099995613098, 42946.28828786739, 53599.920794483245
181.97099995613098, 42946.28828786739, 53599.920794483245
181.99000000953674, 42946.28828786739, 53599.920794483245
181.99399995803833, 42946.28828786739, 53599.920794483245
183.70300006866455, 42946.28828786739, 53595.49516672831
183.70700001716614, 42946.28828786739, 53595.49516672831
183.71099996566772, 42946.28828786739, 53595.49516672831
183.7149999141693, 42946.28828786739, 53595.49516672831
183.7189998626709, 42946.28828786739, 53595.49516672831
183.72399997711182, 42946.28828786739, 53595.49516672831
183.72699999809265, 42946.28828786739, 53595.49516672831
183.73300004005432, 42946.28828786739, 53593.990916708455
183.7409999370575, 42946.28828786739, 53593.990916708455
183.74900007247925, 42946.28828786739, 53593.990916708455
183.75600004196167, 42946.28828786739, 53593.990916708455
183.76399993896484, 42946.28828786739, 53592.64682500128
183.7720000743866, 42946.28828786739, 53592.64682500128
185.2960000038147, 42946.28828786739, 53589.26876213637
185.30200004577637, 42946.28828786739, 53589.26876213637
185.30599999427795, 42946.28828786739, 53589.26876213637
185.30999994277954, 42946.28828786739, 53589.26876213637
185.31500005722046, 42946.28828786739, 53589.26876213637
185.3180000782013, 42946.28828786739, 53589.26876213637
185.32200002670288, 42946.28828786739, 53589.26876213637
185.32800006866455, 42946.28828786739, 53589.26876213637
185.33500003814697, 42946.28828786739, 53588.17329448995
185.33899998664856, 42946.28828786739, 53588.17329448995
185.35199999809265, 42946.28828786739, 53585.86963654996
186.96099996566772, 42946.28828786739, 53585.86963654996
186.96099996566772, 42946.28828786739, 53585.86963654996
186.96099996566772, 42946.28828786739, 53585.86963654996
186.96099996566772, 42946.28828786739, 53585.86963654996
186.9760000705719, 42946.28828786739, 53585.86963654996
186.9779999256134, 42946.28828786739, 53585.86963654996
186.9779999256134, 42946.28828786739, 53585.86963654996
186.98399996757507, 42946.28828786739, 53585.86963654996
186.99000000953674, 42946.28828786739, 53585.86963654996
186.99900007247925, 42946.28828786739, 53585.86963654996
187.00499987602234, 42946.28828786739, 53585.86963654996
188.55299997329712, 42946.28828786739, 53579.44691692441
188.5569999217987, 42946.28828786739, 53578.548886282566
188.5569999217987, 42946.28828786739, 53578.548886282566
188.5569999217987, 42946.28828786739, 53578.548886282566
188.56699991226196, 42946.28828786739, 53578.548886282566
190.29399991035461, 42946.28828786739, 53578.548886282566
190.30200004577637, 42946.28828786739, 53578.548886282566
190.30599999427795, 42946.28828786739, 53578.548886282566
190.30999994277954, 42946.28828786739, 53578.548886282566
190.31299996376038, 42946.28828786739, 53578.548886282566
190.31299996376038, 42946.28828786739, 53578.548886282566
192.03999996185303, 42946.28828786739, 53578.548886282566
192.04500007629395, 42946.28828786739, 53578.548886282566
192.04699993133545, 42946.28828786739, 53578.548886282566
192.04699993133545, 42946.28828786739, 53578.548886282566
192.04699993133545, 42946.28828786739, 53578.548886282566
192.04699993133545, 42946.28828786739, 53578.548886282566
192.06200003623962, 42946.28828786739, 53578.548886282566
192.06200003623962, 42946.28828786739, 53578.548886282566
192.07699990272522, 42946.28828786739, 53578.548886282566
192.08599996566772, 42946.28828786739, 53578.548886282566
193.67700004577637, 42946.28828786739, 53578.548886282566
193.67700004577637, 42946.28828786739, 53578.548886282566
193.69000005722046, 42946.28828786739, 53578.548886282566
193.6930000782013, 42946.28828786739, 53578.548886282566
193.69700002670288, 42946.28828786739, 53578.548886282566
193.70300006866455, 42946.28828786739, 53571.71688515952
193.7059998512268, 42946.28828786739, 53571.71688515952
193.71000003814697, 42946.28828786739, 53568.9304172645
193.71799993515015, 42946.28828786739, 53568.9304172645
193.72000002861023, 42946.28828786739, 53568.9304172645
193.72399997711182, 42946.28828786739, 53568.9304172645
193.72899985313416, 42946.28828786739, 53568.9304172645
195.4029998779297, 42946.28828786739, 53568.9304172645
195.40899991989136, 42946.28828786739, 53568.9304172645
195.41299986839294, 42946.28828786739, 53568.9304172645
195.42400002479553, 42946.28828786739, 53568.9304172645
197.21000003814697, 42946.28828786739, 53565.283159699604
197.2149999141693, 42946.28828786739, 53562.652666572954
197.2189998626709, 42946.28828786739, 53562.652666572954
197.22099995613098, 42946.28828786739, 53562.652666572954
197.22699999809265, 42946.28828786739, 53562.652666572954
197.231999874115, 42946.28828786739, 53561.29848151579
197.23799991607666, 42946.28828786739, 53561.29848151579
198.98099994659424, 42946.28828786739, 53559.436061169494
198.98099994659424, 42946.28828786739, 53559.436061169494
198.99000000953674, 42946.28828786739, 53557.71230848089
198.99499988555908, 42946.28828786739, 53557.71230848089
198.99799990653992, 42946.28828786739, 53557.71230848089
198.99799990653992, 42946.28828786739, 53557.71230848089
198.99799990653992, 42946.28828786739, 53556.04567482564
200.7189998626709, 42946.28828786739, 53552.969351913605
200.731999874115, 42946.28828786739, 53552.969351913605
200.73600006103516, 42946.28828786739, 53552.969351913605
200.7409999370575, 42946.28828786739, 53552.334488716755
200.75300002098083, 42946.28828786739, 53550.74067630927
200.75600004196167, 42946.28828786739, 53550.74067630927
202.55799984931946, 42946.28828786739, 53546.93335805687
202.56399989128113, 42946.28828786739, 53546.93335805687
202.56900000572205, 42946.28828786739, 53546.93335805687
202.5809998512268, 42946.28828786739, 53542.771887751194
202.58699989318848, 42946.28828786739, 53542.771887751194
204.2389998435974, 42946.28828786739, 53542.771887751194
204.2389998435974, 42946.28828786739, 53541.71496253296
204.2389998435974, 42946.28828786739, 53541.71496253296
204.25499987602234, 42946.28828786739, 53541.71496253296
204.25699996948242, 42946.28828786739, 53541.71496253296
204.25699996948242, 42946.28828786739, 53540.48067872616
205.99900007247925, 42946.28828786739, 53540.48067872616
206.0039999485016, 42946.28828786739, 53540.48067872616
206.00799989700317, 42946.28828786739, 53540.48067872616
206.01199984550476, 42946.28828786739, 53537.12130905385
206.01699995994568, 42946.28828786739, 53537.12130905385
206.02600002288818, 42946.28828786739, 53537.12130905385
206.03900003433228, 42946.28828786739, 53537.12130905385
207.85800004005432, 42946.28828786739, 53537.12130905385
207.875, 42946.28828786739, 53537.12130905385
207.875, 42946.28828786739, 53537.12130905385
207.875, 42946.28828786739, 53537.12130905385
207.875, 42946.28828786739, 53536.869178740206
207.89199995994568, 42946.28828786739, 53536.869178740206
207.8970000743866, 42946.28828786739, 53536.869178740206
207.9029998779297, 42946.28828786739, 53536.869178740206
207.90700006484985, 42946.28828786739, 53536.869178740206
207.91400003433228, 42946.28828786739, 53534.35139006799
207.9210000038147, 42946.28828786739, 53534.35139006799
209.61899995803833, 42946.28828786739, 53534.35139006799
209.62199997901917, 42946.28828786739, 53534.35139006799
209.62800002098083, 42946.28828786739, 53534.35139006799
209.63299989700317, 42946.28828786739, 53534.35139006799
209.63699984550476, 42946.28828786739, 53534.35139006799
209.64800000190735, 42946.28828786739, 53527.19113995833
211.2649998664856, 42946.28828786739, 53527.19113995833
211.27099990844727, 42946.28828786739, 53527.19113995833
211.2739999294281, 42946.28828786739, 53527.19113995833
211.27699995040894, 42946.28828786739, 53527.19113995833
211.28099989891052, 42946.28828786739, 53527.19113995833
211.28399991989136, 42946.28828786739, 53527.19113995833
211.28799986839294, 42946.28828786739, 53527.19113995833
211.29299998283386, 42946.28828786739, 53527.19113995833
211.29299998283386, 42946.28828786739, 53527.19113995833
211.29299998283386, 42946.28828786739, 53527.19113995833
211.3050000667572, 42946.28828786739, 53527.19113995833
213.1449999809265, 42946.28828786739, 53527.19113995833
213.1489999294281, 42946.28828786739, 53524.50619997982
213.1529998779297, 42946.28828786739, 53524.50619997982
213.15700006484985, 42946.28828786739, 53524.50619997982
213.16599988937378, 42946.28828786739, 53522.661711136956
213.17199993133545, 42946.28828786739, 53522.150610693396
214.99399995803833, 42946.28828786739, 53522.150610693396
215.0, 42946.28828786739, 53521.43480763202
215.0039999485016, 42946.28828786739, 53521.43480763202
215.0090000629425, 42946.28828786739, 53521.43480763202
215.0130000114441, 42946.28828786739, 53521.43480763202
215.01699995994568, 42946.28828786739, 53521.43480763202
215.0220000743866, 42946.28828786739, 53521.43480763202
215.0279998779297, 42946.28828786739, 53521.43480763202
216.87800002098083, 42946.28828786739, 53521.43480763202
216.87800002098083, 42946.28828786739, 53521.43480763202
216.87800002098083, 42946.28828786739, 53521.43480763202
216.87800002098083, 42946.28828786739, 53518.151778877975
216.8949999809265, 42946.28828786739, 53517.131411394024
216.90100002288818, 42946.28828786739, 53515.602247313436
218.65100002288818, 42946.28828786739, 53515.602247313436
218.65100002288818, 42946.28828786739, 53515.602247313436
218.65899991989136, 42946.28828786739, 53512.9140304712
218.66400003433228, 42946.28828786739, 53512.9140304712
218.66799998283386, 42946.28828786739, 53512.9140304712
218.67400002479553, 42946.28828786739, 53512.9140304712
218.67799997329712, 42946.28828786739, 53512.9140304712
218.6840000152588, 42946.28828786739, 53512.9140304712
218.69000005722046, 42946.28828786739, 53512.9140304712
218.6949999332428, 42946.28828786739, 53512.9140304712
220.45300006866455, 42946.28828786739, 53512.9140304712
220.45700001716614, 42946.28828786739, 53512.9140304712
220.46000003814697, 42946.28828786739, 53512.9140304712
220.46000003814697, 42946.28828786739, 53512.9140304712
220.47000002861023, 42946.28828786739, 53512.9140304712
220.47399997711182, 42946.28828786739, 53512.9140304712
220.47699999809265, 42946.28828786739, 53512.90318333028
220.48099994659424, 42946.28828786739, 53512.90318333028
220.48499989509583, 42946.28828786739, 53512.90318333028
220.48799991607666, 42946.28828786739, 53512.90318333028
220.48799991607666, 42946.28828786739, 53512.90318333028
220.50300002098083, 42946.28828786739, 53510.26436022435
220.50499987602234, 42946.28828786739, 53510.26436022435
220.510999917984, 42946.28828786739, 53510.26436022435
222.33699989318848, 42946.28828786739, 53510.26436022435
222.35399985313416, 42946.28828786739, 53510.26436022435
222.35399985313416, 42946.28828786739, 53510.26436022435
222.35399985313416, 42946.28828786739, 53510.26436022435
222.3639998435974, 42946.28828786739, 53510.26436022435
222.3659999370575, 42946.28828786739, 53510.26436022435
222.3710000514984, 42946.28828786739, 53510.26436022435
222.375, 42946.28828786739, 53510.26436022435
222.38100004196167, 42946.28828786739, 53510.26436022435
222.39199995994568, 42946.28828786739, 53510.26436022435
222.39599990844727, 42946.28828786739, 53510.26436022435
224.1729998588562, 42946.28828786739, 53510.26436022435
224.1729998588562, 42946.28828786739, 53510.26436022435
224.1729998588562, 42946.28828786739, 53510.26436022435
224.1909999847412, 42946.28828786739, 53510.26436022435
224.20000004768372, 42946.28828786739, 53500.72082808141
226.08599996566772, 42946.28828786739, 53500.72082808141
226.09299993515015, 42946.28828786739, 53500.72082808141
226.09299993515015, 42946.28828786739, 53500.72082808141
226.106999874115, 42946.28828786739, 53497.89986277846
226.10899996757507, 42946.28828786739, 53497.89986277846
226.10899996757507, 42946.28828786739, 53497.89986277846
226.1289999485016, 42946.28828786739, 53496.21832066183
226.1289999485016, 42946.28828786739, 53496.21832066183
226.14199995994568, 42946.28828786739, 53493.747332320796
227.98399996757507, 42946.28828786739, 53492.26367312076
228.0, 42946.28828786739, 53492.26367312076
228.00099992752075, 42946.28828786739, 53492.26367312076
228.00099992752075, 42946.28828786739, 53492.26367312076
229.7920000553131, 42946.28828786739, 53489.676909455105
229.7960000038147, 42946.28828786739, 53489.676909455105
229.79999995231628, 42946.28828786739, 53489.676909455105
229.80399990081787, 42946.28828786739, 53489.676909455105
229.8090000152588, 42946.28828786739, 53488.60329137009
229.81900000572205, 42946.28828786739, 53487.5027010991
231.66100001335144, 42946.28828786739, 53485.249132363635
231.66499996185303, 42946.28828786739, 53485.03614289644
231.6710000038147, 42946.28828786739, 53485.03614289644
231.67799997329712, 42946.28828786739, 53485.03614289644
231.69000005722046, 42946.28828786739, 53484.40305596822
231.69400000572205, 42946.28828786739, 53484.40305596822
231.7059998512268, 42946.28828786739, 53484.30387825189
231.71000003814697, 42946.28828786739, 53484.30387825189
231.72000002861023, 42946.28828786739, 53484.30387825189
233.58200001716614, 42946.28828786739, 53484.30387825189
233.58899998664856, 42946.28828786739, 53484.05289806887
233.59500002861023, 42946.28828786739, 53484.05289806887
233.59899997711182, 42946.28828786739, 53484.05289806887
233.6050000190735, 42946.28828786739, 53484.05289806887
235.4630000591278, 42946.28828786739, 53479.621909282294
235.481999874115, 42946.28828786739, 53479.621909282294
235.48799991607666, 42946.28828786739, 53479.621909282294
235.49699997901917, 42946.28828786739, 53477.12179176157
235.50300002098083, 42946.28828786739, 53477.12179176157
235.50499987602234, 42946.28828786739, 53477.12179176157
235.5090000629425, 42946.28828786739, 53477.12179176157
235.510999917984, 42946.28828786739, 53477.12179176157
235.51900005340576, 42946.28828786739, 53476.53354231315
235.51900005340576, 42946.28828786739, 53476.53354231315
235.51900005340576, 42946.28828786739, 53476.53354231315
235.53099989891052, 42946.28828786739, 53476.53354231315
235.53200006484985, 42946.28828786739, 53476.53354231315
235.53200006484985, 42946.28828786739, 53474.97768617335
237.26699995994568, 42946.28828786739, 53474.97768617335
237.2720000743866, 42946.28828786739, 53474.97768617335
237.27499985694885, 42946.28828786739, 53474.97768617335
237.27900004386902, 42946.28828786739, 53474.97768617335
237.28200006484985, 42946.28828786739, 53474.97768617335
237.28999996185303, 42946.28828786739, 53474.97768617335
239.0279998779297, 42946.28828786739, 53471.12362780335
239.02999997138977, 42946.28828786739, 53471.12362780335
239.03399991989136, 42946.28828786739, 53471.12362780335
239.03399991989136, 42946.28828786739, 53471.12362780335
239.03399991989136, 42946.28828786739, 53471.12362780335
239.04500007629395, 42946.28828786739, 53471.12362780335
239.05099987983704, 42946.28828786739, 53471.12362780335
239.05099987983704, 42946.28828786739, 53471.12362780335
239.05999994277954, 42946.28828786739, 53471.12362780335
239.06699991226196, 42946.28828786739, 53471.12362780335
241.02099990844727, 42946.28828786739, 53470.68971437973
241.02099990844727, 42946.28828786739, 53470.68971437973
241.02099990844727, 42946.28828786739, 53470.308680416485
241.03999996185303, 42946.28828786739, 53470.308680416485
242.9229998588562, 42946.28828786739, 53470.308680416485
242.92799997329712, 42946.28828786739, 53469.08284301255
244.76199984550476, 42946.28828786739, 53469.08284301255
244.76699995994568, 42946.28828786739, 53469.08284301255
244.77099990844727, 42946.28828786739, 53469.08284301255
244.7739999294281, 42946.28828786739, 53469.08284301255
244.7779998779297, 42946.28828786739, 53469.08284301255
244.7829999923706, 42946.28828786739, 53469.08284301255
244.7920000553131, 42946.28828786739, 53469.08284301255
244.79699993133545, 42946.28828786739, 53469.08284301255
246.78399991989136, 42946.28828786739, 53469.08284301255
246.78799986839294, 42946.28828786739, 53469.08284301255
246.7920000553131, 42946.28828786739, 53469.08284301255
246.79699993133545, 42946.28828786739, 53469.08284301255
246.80099987983704, 42946.28828786739, 53469.08284301255
246.80799984931946, 42946.28828786739, 53469.08284301255
246.80799984931946, 42946.28828786739, 53466.3840373763
246.8180000782013, 42946.28828786739, 53466.3840373763
246.8180000782013, 42946.28828786739, 53466.3840373763
246.8180000782013, 42946.28828786739, 53466.3840373763
248.75799989700317, 42946.28828786739, 53466.3840373763
248.7630000114441, 42946.28828786739, 53466.3840373763
248.76699995994568, 42946.28828786739, 53466.3840373763
248.7720000743866, 42946.28828786739, 53466.3840373763
248.77699995040894, 42946.28828786739, 53466.3840373763
248.7849998474121, 42946.28828786739, 53462.6939042115
248.79099988937378, 42946.28828786739, 53462.6939042115
248.79900002479553, 42946.28828786739, 53460.96412820937
250.50499987602234, 42946.28828786739, 53457.61069901674
250.5220000743866, 42946.28828786739, 53457.61069901674
250.5220000743866, 42946.28828786739, 53457.61069901674
250.5220000743866, 42946.28828786739, 53457.61069901674
250.5220000743866, 42946.28828786739, 53457.61069901674
250.5369999408722, 42946.28828786739, 53457.07105135888
250.54099988937378, 42946.28828786739, 53457.07105135888
250.54299998283386, 42946.28828786739, 53457.07105135888
250.54299998283386, 42946.28828786739, 53457.07105135888
252.51199984550476, 42946.28828786739, 53455.842550468886
252.5239999294281, 42946.28828786739, 53455.842550468886
252.52900004386902, 42946.28828786739, 53455.842550468886
252.52900004386902, 42946.28828786739, 53455.842550468886
252.52900004386902, 42946.28828786739, 53455.842550468886
252.53999996185303, 42946.28828786739, 53455.842550468886
252.53999996185303, 42946.28828786739, 53455.842550468886
252.5460000038147, 42946.28828786739, 53455.842550468886
252.5460000038147, 42946.28828786739, 53455.72601907363
252.55599999427795, 42946.28828786739, 53455.72601907363
252.55599999427795, 42946.28828786739, 53455.72601907363
252.56399989128113, 42946.28828786739, 53455.72601907363
252.57200002670288, 42946.28828786739, 53455.72601907363
252.57299995422363, 42946.28828786739, 53455.72601907363
252.57999992370605, 42946.28828786739, 53453.895306551196
254.4170000553131, 42946.28828786739, 53453.895306551196
254.4210000038147, 42946.28828786739, 53453.895306551196
254.42499995231628, 42946.28828786739, 53453.895306551196
254.42899990081787, 42946.28828786739, 53453.895306551196
254.4319999217987, 42946.28828786739, 53453.895306551196
254.4340000152588, 42946.28828786739, 53453.895306551196
254.43799996376038, 42946.28828786739, 53453.895306551196
254.4430000782013, 42946.28828786739, 53453.895306551196
256.3139998912811, 42946.28828786739, 53445.9139073456
256.31699991226196, 42946.28828786739, 53445.9139073456
256.31699991226196, 42946.28828786739, 53445.9139073456
256.31699991226196, 42946.28828786739, 53445.9139073456
256.31699991226196, 42946.28828786739, 53445.9139073456
256.31699991226196, 42946.28828786739, 53445.9139073456
256.33399987220764, 42946.28828786739, 53445.9139073456
256.3380000591278, 42946.28828786739, 53445.9139073456
258.2999999523163, 42946.28828786739, 53445.9139073456
258.3029999732971, 42946.28828786739, 53445.9139073456
258.30599999427795, 42946.28828786739, 53445.9139073456
258.30599999427795, 42946.28828786739, 53445.9139073456
258.30599999427795, 42946.28828786739, 53445.9139073456
258.30599999427795, 42946.28828786739, 53445.9139073456
258.3220000267029, 42946.28828786739, 53445.9139073456
258.3220000267029, 42946.28828786739, 53445.9139073456
258.3220000267029, 42946.28828786739, 53445.9139073456
258.33899998664856, 42946.28828786739, 53445.9139073456
260.07999992370605, 42946.28828786739, 53445.9139073456
260.08399987220764, 42946.28828786739, 53445.9139073456
260.0920000076294, 42946.28828786739, 53445.9139073456
260.09800004959106, 42946.28828786739, 53445.9139073456
260.1050000190735, 42946.28828786739, 53445.9139073456
260.11299991607666, 42946.28828786739, 53445.9139073456
260.11299991607666, 42946.28828786739, 53436.06699013021
260.13100004196167, 42946.28828786739, 53435.425867155325
261.8899998664856, 42946.28828786739, 53435.425867155325
261.8899998664856, 42946.28828786739, 53435.425867155325
261.8949999809265, 42946.28828786739, 53435.425867155325
261.8949999809265, 42946.28828786739, 53435.425867155325
261.9059998989105, 42946.28828786739, 53435.425867155325
261.9059998989105, 42946.28828786739, 53435.425867155325
261.9059998989105, 42946.28828786739, 53435.425867155325
261.9119999408722, 42946.28828786739, 53435.326001199544
261.9119999408722, 42946.28828786739, 53434.958146748686
261.92599987983704, 42946.28828786739, 53434.958146748686
261.92899990081787, 42946.28828786739, 53434.958146748686
261.93299984931946, 42946.28828786739, 53434.958146748686
263.91299986839294, 42946.28828786739, 53433.716804241056
263.92400002479553, 42946.28828786739, 53433.716804241056
263.9300000667572, 42946.28828786739, 53433.716804241056
263.9300000667572, 42946.28828786739, 53433.716804241056
263.9389998912811, 42946.28828786739, 53433.716804241056
263.9449999332428, 42946.28828786739, 53433.716804241056
263.9500000476837, 42946.28828786739, 53433.026842312574
263.95700001716614, 42946.28828786739, 53433.026842312574
263.9609999656677, 42946.28828786739, 53433.026842312574
263.96399998664856, 42946.28828786739, 53433.026842312574
265.5859999656677, 42946.28828786739, 53433.026842312574
265.5920000076294, 42946.28828786739, 53433.026842312574
265.5939998626709, 42946.28828786739, 53433.026842312574
265.60199999809265, 42946.28828786739, 53433.026842312574
265.606999874115, 42946.28828786739, 53433.026842312574
265.6099998950958, 42946.28828786739, 53433.026842312574
265.6099998950958, 42946.28828786739, 53433.026842312574
265.62199997901917, 42946.28828786739, 53433.026842312574
265.6289999485016, 42946.28828786739, 53433.026842312574
265.62999987602234, 42946.28828786739, 53433.026842312574
265.62999987602234, 42946.28828786739, 53433.026842312574
265.64299988746643, 42946.28828786739, 53433.026842312574
265.64800000190735, 42946.28828786739, 53433.026842312574
265.65199995040894, 42946.28828786739, 53433.026842312574
265.6559998989105, 42946.28828786739, 53433.026842312574
267.7369999885559, 42946.28828786739, 53430.60193102673
267.7369999885559, 42946.28828786739, 53430.60193102673
267.75499987602234, 42946.28828786739, 53430.60193102673
267.7590000629425, 42946.28828786739, 53430.60193102673
267.76199984550476, 42946.28828786739, 53430.60193102673
267.7649998664856, 42946.28828786739, 53430.60193102673
267.77300000190735, 42946.28828786739, 53430.60193102673
267.77999997138977, 42946.28828786739, 53430.60193102673
269.7059998512268, 42946.28828786739, 53430.60193102673
269.7109999656677, 42946.28828786739, 53430.60193102673
269.7149999141693, 42946.28828786739, 53430.60193102673
269.720999956131, 42946.28828786739, 53430.60193102673
269.72499990463257, 42946.28828786739, 53430.60193102673
269.7279999256134, 42946.28828786739, 53430.60193102673
269.731999874115, 42946.28828786739, 53430.60193102673
269.73600006103516, 42946.28828786739, 53430.60193102673
269.7389998435974, 42946.28828786739, 53426.96138147603
269.7430000305176, 42946.28828786739, 53426.96138147603
269.7449998855591, 42946.28828786739, 53426.96138147603
269.75099992752075, 42946.28828786739, 53426.96138147603
269.75600004196167, 42946.28828786739, 53426.96138147603
269.7579998970032, 42946.28828786739, 53425.998812052625
269.7660000324249, 42946.28828786739, 53425.998812052625
269.7660000324249, 42946.28828786739, 53425.998812052625
271.8050000667572, 42946.28828786739, 53425.998812052625
271.8050000667572, 42946.28828786739, 53425.998812052625
271.82599997520447, 42946.28828786739, 53425.998812052625
271.8309998512268, 42946.28828786739, 53425.998812052625
271.8309998512268, 42946.28828786739, 53425.998812052625
273.9449999332428, 42946.28828786739, 53420.13448979257
273.95099997520447, 42946.28828786739, 53420.13448979257
273.9579999446869, 42946.28828786739, 53420.13448979257
273.9619998931885, 42946.28828786739, 53420.13448979257
273.97000002861023, 42946.28828786739, 53420.13448979257
273.97000002861023, 42946.28828786739, 53420.13448979257
273.97000002861023, 42946.28828786739, 53420.13448979257
276.1010000705719, 42946.28828786739, 53416.5536088846
276.11100006103516, 42946.28828786739, 53415.13392924001
276.11899995803833, 42946.28828786739, 53414.106667960994
276.12599992752075, 42946.28828786739, 53414.106667960994
276.1319999694824, 42946.28828786739, 53414.106667960994
276.135999917984, 42946.28828786739, 53414.106667960994
276.1419999599457, 42946.28828786739, 53414.106667960994
278.2760000228882, 42946.28828786739, 53414.106667960994
278.2760000228882, 42946.28828786739, 53414.106667960994
278.2809998989105, 42946.28828786739, 53414.106667960994
278.2809998989105, 42946.28828786739, 53414.106667960994
278.2909998893738, 42946.28828786739, 53414.106667960994
278.2960000038147, 42946.28828786739, 53413.68518497285
278.30200004577637, 42946.28828786739, 53412.62506130037
278.30799984931946, 42946.28828786739, 53412.62506130037
280.3769998550415, 42946.28828786739, 53412.62506130037
280.3910000324249, 42946.28828786739, 53412.62506130037
280.39400005340576, 42946.28828786739, 53412.62506130037
280.39400005340576, 42946.28828786739, 53412.62506130037
280.41100001335144, 42946.28828786739, 53412.20188323513
280.4159998893738, 42946.28828786739, 53412.20188323513
280.42199993133545, 42946.28828786739, 53412.20188323513
282.67199993133545, 42946.28828786739, 53409.79529806844
282.6749999523163, 42946.28828786739, 53409.79529806844
282.67700004577637, 42946.28828786739, 53409.79529806844
282.68299984931946, 42946.28828786739, 53409.79529806844
282.68299984931946, 42946.28828786739, 53409.79529806844
282.68299984931946, 42946.28828786739, 53409.79529806844
282.69400000572205, 42946.28828786739, 53409.79529806844
282.70300006866455, 42946.28828786739, 53409.22020886282
282.70899987220764, 42946.28828786739, 53409.22020886282
284.97000002861023, 42946.28828786739, 53407.64729308132
284.97000002861023, 42946.28828786739, 53407.64729308132
284.9839999675751, 42946.28828786739, 53407.64729308132
284.98799991607666, 42946.28828786739, 53407.64729308132
284.99199986457825, 42946.28828786739, 53407.64729308132
284.9960000514984, 42946.28828786739, 53407.64729308132
285.00099992752075, 42946.28828786739, 53406.26646276552
285.00300002098083, 42946.28828786739, 53404.984013329
285.00300002098083, 42946.28828786739, 53404.984013329
285.02300000190735, 42946.28828786739, 53404.19406436067
285.03399991989136, 42946.28828786739, 53404.19406436067
285.03799986839294, 42946.28828786739, 53404.19406436067
285.04500007629395, 42946.28828786739, 53403.86095988125
287.1949999332428, 42946.28828786739, 53403.86095988125
287.2109999656677, 42946.28828786739, 53403.86095988125
287.2109999656677, 42946.28828786739, 53403.86095988125
287.2109999656677, 42946.28828786739, 53403.86095988125
287.2260000705719, 42946.28828786739, 53401.60422835085
287.22699999809265, 42946.28828786739, 53401.60422835085
287.22699999809265, 42946.28828786739, 53401.60422835085
287.22699999809265, 42946.28828786739, 53401.60422835085
287.2409999370575, 42946.28828786739, 53401.60422835085
287.24399995803833, 42946.28828786739, 53401.60422835085
287.24399995803833, 42946.28828786739, 53401.60422835085
289.2239999771118, 42946.28828786739, 53401.60422835085
289.2279999256134, 42946.28828786739, 53401.60422835085
289.23600006103516, 42946.28828786739, 53397.54203131162
289.24000000953674, 42946.28828786739, 53397.164287388136
289.2460000514984, 42946.28828786739, 53397.164287388136
289.24900007247925, 42946.28828786739, 53397.164287388136
291.3420000076294, 42946.28828786739, 53397.164287388136
291.3599998950958, 42946.28828786739, 53396.45931103543
291.3599998950958, 42946.28828786739, 53396.45931103543
291.37400007247925, 42946.28828786739, 53396.45931103543
291.37999987602234, 42946.28828786739, 53396.45931103543
291.3840000629425, 42946.28828786739, 53396.45931103543
291.385999917984, 42946.28828786739, 53396.45931103543
293.6729998588562, 42946.28828786739, 53396.45931103543
293.6729998588562, 42946.28828786739, 53396.45931103543
293.6729998588562, 42946.28828786739, 53396.45931103543
293.6879999637604, 42946.28828786739, 53396.45931103543
293.6889998912811, 42946.28828786739, 53396.45931103543
293.6889998912811, 42946.28828786739, 53396.45931103543
295.7039999961853, 42946.28828786739, 53395.86921809441
295.710000038147, 42946.28828786739, 53395.86921809441
295.71399998664856, 42946.28828786739, 53395.86921809441
295.7170000076294, 42946.28828786739, 53395.86921809441
295.7170000076294, 42946.28828786739, 53395.86921809441
295.7279999256134, 42946.28828786739, 53395.86921809441
295.72899985313416, 42946.28828786739, 53395.86921809441
295.72899985313416, 42946.28828786739, 53395.86921809441
295.74199986457825, 42946.28828786739, 53395.86921809441
295.7449998855591, 42946.28828786739, 53395.86921809441
297.8819999694824, 42946.28828786739, 53387.41179432499
297.88499999046326, 42946.28828786739, 53387.41179432499
297.8880000114441, 42946.28828786739, 53387.41179432499
297.8899998664856, 42946.28828786739, 53387.41179432499
297.89400005340576, 42946.28828786739, 53387.41179432499
297.89800000190735, 42946.28828786739, 53387.41179432499
297.9010000228882, 42946.28828786739, 53387.41179432499
297.90499997138977, 42946.28828786739, 53387.41179432499
297.90700006484985, 42946.28828786739, 53387.41179432499
297.91100001335144, 42946.28828786739, 53387.41179432499
297.91299986839294, 42946.28828786739, 53387.41179432499
297.92000007629395, 42946.28828786739, 53383.60825097073
297.92599987983704, 42946.28828786739, 53383.60825097073
300.00999999046326, 42946.28828786739, 53383.60825097073
300.02499985694885, 42946.28828786739, 53383.60825097073
300.02999997138977, 42946.28828786739, 53383.60825097073
300.03200006484985, 42946.28828786739, 53383.60825097073
300.03200006484985, 42946.28828786739, 53382.562917852745
300.03200006484985, 42946.28828786739, 53381.22037798072
300.0460000038147, 42946.28828786739, 53381.22037798072
300.0460000038147, 42946.28828786739, 53381.22037798072
302.23799991607666, 42946.28828786739, 53381.22037798072
302.24199986457825, 42946.28828786739, 53381.22037798072
302.24399995803833, 42946.28828786739, 53381.22037798072
302.25, 42946.28828786739, 53381.22037798072
302.2539999485016, 42946.28828786739, 53378.84687869004
302.2569999694824, 42946.28828786739, 53378.60057078192
302.260999917984, 42946.28828786739, 53378.60057078192
302.26799988746643, 42946.28828786739, 53377.8434845322
302.2720000743866, 42946.28828786739, 53377.8434845322
302.27499985694885, 42946.28828786739, 53377.8434845322
302.279000043869, 42946.28828786739, 53377.8434845322
302.2829999923706, 42946.28828786739, 53377.8434845322
302.2869999408722, 42946.28828786739, 53375.53559362883
304.3580000400543, 42946.28828786739, 53375.53559362883
304.3639998435974, 42946.28828786739, 53375.53559362883
304.3639998435974, 42946.28828786739, 53375.53559362883
304.3769998550415, 42946.28828786739, 53375.53559362883
304.3899998664856, 42946.28828786739, 53372.86539980527
304.39800000190735, 42946.28828786739, 53370.45066463616
304.40499997138977, 42946.28828786739, 53370.45066463616
306.59299993515015, 42946.28828786739, 53369.71931788059
306.60399985313416, 42946.28828786739, 53369.71931788059
306.61100006103516, 42946.28828786739, 53369.71931788059
306.6119999885559, 42946.28828786739, 53369.71931788059
306.6119999885559, 42946.28828786739, 53369.71931788059
306.6269998550415, 42946.28828786739, 53369.71931788059
306.64800000190735, 42946.28828786739, 53369.71931788059
308.97300004959106, 42946.28828786739, 53369.71931788059
308.97300004959106, 42946.28828786739, 53369.71931788059
308.97300004959106, 42946.28828786739, 53369.71931788059
308.9889998435974, 42946.28828786739, 53369.71931788059
308.99000000953674, 42946.28828786739, 53369.71931788059
308.99000000953674, 42946.28828786739, 53369.71931788059
309.0039999485016, 42946.28828786739, 53369.71931788059
309.0069999694824, 42946.28828786739, 53369.71931788059
309.0069999694824, 42946.28828786739, 53369.71931788059
311.17599987983704, 42946.28828786739, 53366.705430955095
311.1800000667572, 42946.28828786739, 53366.705430955095
311.1870000362396, 42946.28828786739, 53365.81190339102
311.19000005722046, 42946.28828786739, 53365.51189155597
311.19199991226196, 42946.28828786739, 53364.68240113014
311.19199991226196, 42946.28828786739, 53364.68240113014
311.20300006866455, 42946.28828786739, 53364.68240113014
313.414999961853, 42946.28828786739, 53363.79851403471
313.414999961853, 42946.28828786739, 53363.79851403471
313.414999961853, 42946.28828786739, 53363.79851403471
313.414999961853, 42946.28828786739, 53363.79851403471
313.4319999217987, 42946.28828786739, 53363.79851403471
313.4389998912811, 42946.28828786739, 53363.79851403471
313.4430000782013, 42946.28828786739, 53363.79851403471
313.44599986076355, 42946.28828786739, 53363.79851403471
313.44799995422363, 42946.28828786739, 53363.79851403471
315.60599994659424, 42946.28828786739, 53361.688226495695
315.6229999065399, 42946.28828786739, 53361.688226495695
315.6229999065399, 42946.28828786739, 53361.688226495695
315.6229999065399, 42946.28828786739, 53361.688226495695
315.635999917984, 42946.28828786739, 53361.688226495695
315.63899993896484, 42946.28828786739, 53361.688226495695
315.6410000324249, 42946.28828786739, 53361.688226495695
315.6410000324249, 42946.28828786739, 53361.688226495695
315.6410000324249, 42946.28828786739, 53361.688226495695
315.6579999923706, 42946.28828786739, 53361.688226495695
315.6579999923706, 42946.28828786739, 53361.688226495695
315.67400002479553, 42946.28828786739, 53361.688226495695
315.6800000667572, 42946.28828786739, 53361.688226495695
317.9099998474121, 42946.28828786739, 53361.688226495695
317.914999961853, 42946.28828786739, 53361.688226495695
317.9170000553131, 42946.28828786739, 53361.688226495695
317.92199993133545, 42946.28828786739, 53357.90557881492
317.92599987983704, 42946.28828786739, 53357.90557881492
317.93099999427795, 42946.28828786739, 53357.90557881492
317.9370000362396, 42946.28828786739, 53357.90557881492
317.94000005722046, 42946.28828786739, 53357.90557881492
317.9500000476837, 42946.28828786739, 53357.90557881492
320.1119999885559, 42946.28828786739, 53357.90557881492
320.11899995803833, 42946.28828786739, 53357.90557881492
320.12400007247925, 42946.28828786739, 53357.90557881492
320.12800002098083, 42946.28828786739, 53357.90557881492
320.1340000629425, 42946.28828786739, 53355.22569288884
320.1399998664856, 42946.28828786739, 53355.22569288884
320.1399998664856, 42946.28828786739, 53355.22569288884
320.1470000743866, 42946.28828786739, 53355.22569288884
320.14800000190735, 42946.28828786739, 53355.22569288884
320.15199995040894, 42946.28828786739, 53355.22569288884
320.15199995040894, 42946.28828786739, 53355.22569288884
320.15199995040894, 42946.28828786739, 53354.68020861454
320.16799998283386, 42946.28828786739, 53353.09699659275
320.1819999217987, 42946.28828786739, 53353.09699659275
322.37999987602234, 42946.28828786739, 53353.09699659275
322.37999987602234, 42946.28828786739, 53353.09699659275
322.37999987602234, 42946.28828786739, 53352.55518972403
322.37999987602234, 42946.28828786739, 53352.55518972403
322.39599990844727, 42946.28828786739, 53351.82094025971
322.40199995040894, 42946.28828786739, 53351.82094025971
322.40700006484985, 42946.28828786739, 53351.82094025971
322.41100001335144, 42946.28828786739, 53351.82094025971
322.4210000038147, 42946.28828786739, 53351.82094025971
324.6840000152588, 42946.28828786739, 53348.70089170222
324.6840000152588, 42946.28828786739, 53348.70089170222
324.69199991226196, 42946.28828786739, 53348.22491497056
324.69199991226196, 42946.28828786739, 53348.22491497056
324.7000000476837, 42946.28828786739, 53348.22491497056
324.70899987220764, 42946.28828786739, 53347.864439106
324.71600008010864, 42946.28828786739, 53347.864439106
324.71600008010864, 42946.28828786739, 53347.864439106
324.7260000705719, 42946.28828786739, 53347.864439106
327.04500007629395, 42946.28828786739, 53347.44627570711
327.05200004577637, 42946.28828786739, 53347.44627570711
327.05399990081787, 42946.28828786739, 53347.44627570711
327.05799984931946, 42946.28828786739, 53347.44627570711
327.05999994277954, 42946.28828786739, 53347.44627570711
327.0620000362396, 42946.28828786739, 53347.44627570711
327.06699991226196, 42946.28828786739, 53347.44627570711
327.0720000267029, 42946.28828786739, 53347.44627570711
327.0750000476837, 42946.28828786739, 53347.44627570711
327.0750000476837, 42946.28828786739, 53347.44627570711
327.0750000476837, 42946.28828786739, 53347.44627570711
327.08899998664856, 42946.28828786739, 53347.44627570711
327.09100008010864, 42946.28828786739, 53346.4039166944
327.09100008010864, 42946.28828786739, 53346.4039166944
327.09100008010864, 42946.28828786739, 53346.4039166944
327.1080000400543, 42946.28828786739, 53345.20709509977
327.1089999675751, 42946.28828786739, 53345.20709509977
329.335000038147, 42946.28828786739, 53345.11859785084
329.3380000591278, 42946.28828786739, 53345.11859785084
329.3399999141693, 42946.28828786739, 53345.11859785084
329.34699988365173, 42946.28828786739, 53345.11859785084
329.35199999809265, 42946.28828786739, 53345.11859785084
329.35599994659424, 42946.28828786739, 53345.11859785084
329.3599998950958, 42946.28828786739, 53345.11859785084
329.3699998855591, 42946.28828786739, 53345.11859785084
329.3729999065399, 42946.28828786739, 53345.11859785084
329.3769998550415, 42946.28828786739, 53345.11859785084
331.760999917984, 42946.28828786739, 53343.722888118
331.7720000743866, 42946.28828786739, 53343.722888118
331.77699995040894, 42946.28828786739, 53343.722888118
331.78200006484985, 42946.28828786739, 53343.722888118
331.7849998474121, 42946.28828786739, 53343.422903565384
331.7890000343323, 42946.28828786739, 53343.422903565384
331.79299998283386, 42946.28828786739, 53343.422903565384
331.79500007629395, 42946.28828786739, 53343.422903565384
331.79500007629395, 42946.28828786739, 53343.422903565384
331.79500007629395, 42946.28828786739, 53343.422903565384
331.8129999637604, 42946.28828786739, 53343.422903565384
331.8139998912811, 42946.28828786739, 53343.422903565384
331.8239998817444, 42946.28828786739, 53342.996032982854
331.82999992370605, 42946.28828786739, 53342.996032982854
331.82999992370605, 42946.28828786739, 53341.045596920754
334.1689999103546, 42946.28828786739, 53340.41236542573
334.17400002479553, 42946.28828786739, 53340.41236542573
334.1779999732971, 42946.28828786739, 53340.41236542573
334.1819999217987, 42946.28828786739, 53340.41236542573
334.1889998912811, 42946.28828786739, 53340.296493219575
334.2000000476837, 42946.28828786739, 53338.60665562233
334.2109999656677, 42946.28828786739, 53338.60665562233
336.51399993896484, 42946.28828786739, 53338.1580162976
336.52699995040894, 42946.28828786739, 53338.1580162976
336.5309998989105, 42946.28828786739, 53338.1580162976
336.5309998989105, 42946.28828786739, 53338.1580162976
336.5309998989105, 42946.28828786739, 53338.1580162976
336.5439999103546, 42946.28828786739, 53338.1580162976
336.5479998588562, 42946.28828786739, 53338.1580162976
336.55200004577637, 42946.28828786739, 53338.1580162976
336.55200004577637, 42946.28828786739, 53333.605926462194
338.79699993133545, 42946.28828786739, 53333.605926462194
338.80200004577637, 42946.28828786739, 53331.8752605342
338.8050000667572, 42946.28828786739, 53331.8752605342
338.8090000152588, 42946.28828786739, 53331.03903144536
338.8109998703003, 42946.28828786739, 53331.03903144536
338.8129999637604, 42946.28828786739, 53331.03903144536
338.8129999637604, 42946.28828786739, 53330.107928776495
338.8129999637604, 42946.28828786739, 53330.107928776495
338.8250000476837, 42946.28828786739, 53328.10880975164
338.83200001716614, 42946.28828786739, 53328.10880975164
341.0149998664856, 42946.28828786739, 53328.10880975164
341.0199999809265, 42946.28828786739, 53328.10880975164
341.0220000743866, 42946.28828786739, 53327.775504299476
341.0220000743866, 42946.28828786739, 53327.775504299476
341.0220000743866, 42946.28828786739, 53327.775504299476
341.039999961853, 42946.28828786739, 53327.775504299476
341.0439999103546, 42946.28828786739, 53327.386387320796
341.0439999103546, 42946.28828786739, 53327.386387320796
341.0590000152588, 42946.28828786739, 53327.386387320796
341.0680000782013, 42946.28828786739, 53327.386387320796
341.07599997520447, 42946.28828786739, 53327.386387320796
343.09299993515015, 42946.28828786739, 53327.386387320796
343.09800004959106, 42946.28828786739, 53327.386387320796
343.0989999771118, 42946.28828786739, 53326.98204654863
343.0989999771118, 42946.28828786739, 53326.98204654863
343.0989999771118, 42946.28828786739, 53326.98204654863
343.11500000953674, 42946.28828786739, 53326.98204654863
345.3639998435974, 42946.28828786739, 53325.903160752874
345.3699998855591, 42946.28828786739, 53325.903160752874
345.375, 42946.28828786739, 53325.903160752874
345.3829998970032, 42946.28828786739, 53325.903160752874
345.3880000114441, 42946.28828786739, 53325.903160752874
345.3919999599457, 42946.28828786739, 53325.903160752874
345.39599990844727, 42946.28828786739, 53325.903160752874
345.39800000190735, 42946.28828786739, 53323.92453487148
345.40899991989136, 42946.28828786739, 53321.77978917994
347.7829999923706, 42946.28828786739, 53321.54499167901
347.7869999408722, 42946.28828786739, 53321.54499167901
347.7920000553131, 42946.28828786739, 53321.34339030228
347.79500007629395, 42946.28828786739, 53321.34339030228
347.7960000038147, 42946.28828786739, 53321.34339030228
347.80099987983704, 42946.28828786739, 53320.90407091623
347.80099987983704, 42946.28828786739, 53320.73010007391
347.8120000362396, 42946.28828786739, 53320.73010007391
347.8120000362396, 42946.28828786739, 53320.73010007391
347.8120000362396, 42946.28828786739, 53318.63131285815
349.98799991607666, 42946.28828786739, 53318.63131285815
349.9930000305176, 42946.28828786739, 53318.63131285815
349.99699997901917, 42946.28828786739, 53318.63131285815
350.0, 42946.28828786739, 53318.63131285815
350.00300002098083, 42946.28828786739, 53318.63131285815
350.00600004196167, 42946.28828786739, 53318.63131285815
350.00600004196167, 42946.28828786739, 53316.839863149435
350.0239999294281, 42946.28828786739, 53316.596144789124
352.0769999027252, 42946.28828786739, 53316.596144789124
352.08399987220764, 42946.28828786739, 53316.596144789124
352.0859999656677, 42946.28828786739, 53316.596144789124
352.0859999656677, 42946.28828786739, 53316.596144789124
352.0939998626709, 42946.28828786739, 53316.596144789124
352.09699988365173, 42946.28828786739, 53314.75704988807
352.09999990463257, 42946.28828786739, 53314.75704988807
352.1029999256134, 42946.28828786739, 53314.75704988807
352.106999874115, 42946.28828786739, 53314.75704988807
354.2260000705719, 42946.28828786739, 53314.75704988807
354.23099994659424, 42946.28828786739, 53314.75704988807
354.23600006103516, 42946.28828786739, 53314.75704988807
354.23600006103516, 42946.28828786739, 53314.00871395005
354.23600006103516, 42946.28828786739, 53314.00871395005
354.23600006103516, 42946.28828786739, 53314.00871395005
354.25600004196167, 42946.28828786739, 53314.00871395005
356.52300000190735, 42946.28828786739, 53314.00871395005
356.52699995040894, 42946.28828786739, 53314.00871395005
356.53200006484985, 42946.28828786739, 53314.00871395005
356.53399991989136, 42946.28828786739, 53314.00871395005
356.53600001335144, 42946.28828786739, 53314.00871395005
356.539999961853, 42946.28828786739, 53314.00871395005
356.5460000038147, 42946.28828786739, 53314.00871395005
356.5499999523163, 42946.28828786739, 53314.00871395005
356.5499999523163, 42946.28828786739, 53314.00871395005
356.5499999523163, 42946.28828786739, 53314.00871395005
356.56699991226196, 42946.28828786739, 53314.00871395005
356.5680000782013, 42946.28828786739, 53314.00871395005
356.5680000782013, 42946.28828786739, 53314.00871395005
356.5680000782013, 42946.28828786739, 53314.00871395005
356.58200001716614, 42946.28828786739, 53314.00871395005
356.58399987220764, 42946.28828786739, 53314.00871395005
359.01399993896484, 42946.28828786739, 53314.00871395005
359.01399993896484, 42946.28828786739, 53314.00871395005
359.02499985694885, 42946.28828786739, 53314.00871395005
359.02699995040894, 42946.28828786739, 53314.00871395005
359.03200006484985, 42946.28828786739, 53314.00871395005
359.03600001335144, 42946.28828786739, 53314.00871395005
361.2430000305176, 42946.28828786739, 53314.00871395005
361.2460000514984, 42946.28828786739, 53314.00871395005
361.25600004196167, 42946.28828786739, 53309.51327386391
361.2579998970032, 42946.28828786739, 53309.51327386391
361.2649998664856, 42946.28828786739, 53308.77148356307
361.26900005340576, 42946.28828786739, 53308.77148356307
361.2739999294281, 42946.28828786739, 53308.77148356307
361.2779998779297, 42946.28828786739, 53308.77148356307
363.77499985694885, 42946.28828786739, 53308.00468658405
363.7809998989105, 42946.28828786739, 53308.00468658405
363.7849998474121, 42946.28828786739, 53308.00468658405
363.78799986839294, 42946.28828786739, 53308.00468658405
363.7920000553131, 42946.28828786739, 53308.00468658405
363.79699993133545, 42946.28828786739, 53308.00468658405
363.8029999732971, 42946.28828786739, 53308.00468658405
366.04500007629395, 42946.28828786739, 53308.00468658405
366.0479998588562, 42946.28828786739, 53308.00468658405
366.0479998588562, 42946.28828786739, 53308.00468658405
366.05999994277954, 42946.28828786739, 53308.00468658405
366.0659999847412, 42946.28828786739, 53308.00468658405
366.0659999847412, 42946.28828786739, 53308.00468658405
366.0659999847412, 42946.28828786739, 53308.00468658405
366.08200001716614, 42946.28828786739, 53308.00468658405
366.0829999446869, 42946.28828786739, 53305.11447388281
368.39299988746643, 42946.28828786739, 53305.11447388281
368.39800000190735, 42946.28828786739, 53305.11447388281
368.40199995040894, 42946.28828786739, 53303.81395034672
368.4059998989105, 42946.28828786739, 53303.81395034672
368.40899991989136, 42946.28828786739, 53302.076819263086
368.41299986839294, 42946.28828786739, 53302.076819263086
368.4170000553131, 42946.28828786739, 53302.076819263086
368.4210000038147, 42946.28828786739, 53302.076819263086
368.42700004577637, 42946.28828786739, 53302.076819263086
370.7430000305176, 42946.28828786739, 53302.076819263086
370.7430000305176, 42946.28828786739, 53302.076819263086
370.7569999694824, 42946.28828786739, 53300.73451313656
370.75999999046326, 42946.28828786739, 53299.5162744661
370.76399993896484, 42946.28828786739, 53299.5162744661
370.7660000324249, 42946.28828786739, 53298.8195075902
370.7760000228882, 42946.28828786739, 53297.94290423256
373.0529999732971, 42946.28828786739, 53296.225849019145
373.0609998703003, 42946.28828786739, 53296.225849019145
373.0609998703003, 42946.28828786739, 53295.91381734718
373.06900000572205, 42946.28828786739, 53295.91381734718
373.0699999332428, 42946.28828786739, 53295.91381734718
373.0699999332428, 42946.28828786739, 53295.91381734718
373.07599997520447, 42946.28828786739, 53295.91381734718
373.07599997520447, 42946.28828786739, 53295.91381734718
373.07599997520447, 42946.28828786739, 53295.73156445761
373.0920000076294, 42946.28828786739, 53293.98546009338
373.09500002861023, 42946.28828786739, 53293.98546009338
375.3380000591278, 42946.28828786739, 53293.98546009338
375.3380000591278, 42946.28828786739, 53292.59556457918
375.3580000400543, 42946.28828786739, 53292.59556457918
375.3619999885559, 42946.28828786739, 53292.35179709919
375.36500000953674, 42946.28828786739, 53292.35179709919
375.3699998855591, 42946.28828786739, 53292.35179709919
375.37400007247925, 42946.28828786739, 53289.39636725485
377.7739999294281, 42946.28828786739, 53288.4341643087
377.779000043869, 42946.28828786739, 53288.4341643087
377.78200006484985, 42946.28828786739, 53288.4341643087
377.7849998474121, 42946.28828786739, 53288.25084456583
377.7890000343323, 42946.28828786739, 53288.25084456583
377.7920000553131, 42946.28828786739, 53288.25084456583
377.79500007629395, 42946.28828786739, 53288.25084456583
377.80399990081787, 42946.28828786739, 53288.25084456583
377.80399990081787, 42946.28828786739, 53288.25084456583
377.80399990081787, 42946.28828786739, 53288.25084456583
380.02699995040894, 42946.28828786739, 53288.25084456583
380.03399991989136, 42946.28828786739, 53288.25084456583
380.0439999103546, 42946.28828786739, 53285.1258001476
380.05099987983704, 42946.28828786739, 53285.01144207457
380.0569999217987, 42946.28828786739, 53285.01144207457
380.0609998703003, 42946.28828786739, 53285.01144207457
380.06500005722046, 42946.28828786739, 53285.01144207457
380.0720000267029, 42946.28828786739, 53278.899414980275
380.0720000267029, 42946.28828786739, 53278.899414980275
380.08399987220764, 42946.28828786739, 53278.899414980275
380.0880000591278, 42946.28828786739, 53278.899414980275
382.5639998912811, 42946.28828786739, 53278.899414980275
382.57099986076355, 42946.28828786739, 53278.899414980275
382.57099986076355, 42946.28828786739, 53278.74974748904
382.57999992370605, 42946.28828786739, 53278.74974748904
382.5809998512268, 42946.28828786739, 53277.9886198922
382.5809998512268, 42946.28828786739, 53277.65208201103
382.5880000591278, 42946.28828786739, 53277.65208201103
382.595999956131, 42946.28828786739, 53277.65208201103
382.59699988365173, 42946.28828786739, 53277.65208201103
384.86500000953674, 42946.28828786739, 53276.16386632483
384.87599992752075, 42946.28828786739, 53275.39587624599
384.8819999694824, 42946.28828786739, 53274.45801954461
384.8819999694824, 42946.28828786739, 53274.45801954461
384.8819999694824, 42946.28828786739, 53273.4908089513
384.8919999599457, 42946.28828786739, 53271.89723982601
387.34299993515015, 42946.28828786739, 53271.89723982601
387.3550000190735, 42946.28828786739, 53271.89723982601
387.3599998950958, 42946.28828786739, 53271.89723982601
387.36500000953674, 42946.28828786739, 53271.89723982601
387.3659999370575, 42946.28828786739, 53271.89723982601
387.37199997901917, 42946.28828786739, 53271.81008565389
387.375, 42946.28828786739, 53271.81008565389
387.37800002098083, 42946.28828786739, 53271.0401645104
387.3819999694824, 42946.28828786739, 53271.0401645104
387.3819999694824, 42946.28828786739, 53271.0401645104
387.3819999694824, 42946.28828786739, 53270.26775393878
389.8289999961853, 42946.28828786739, 53270.26775393878
389.84299993515015, 42946.28828786739, 53270.26775393878
389.84500002861023, 42946.28828786739, 53269.27169441726
389.84500002861023, 42946.28828786739, 53269.27169441726
389.84500002861023, 42946.28828786739, 53269.27169441726
389.8589999675751, 42946.28828786739, 53269.27169441726
392.09699988365173, 42946.28828786739, 53269.27169441726
392.1029999256134, 42946.28828786739, 53269.18282435506
392.10599994659424, 42946.28828786739, 53269.18282435506
392.1080000400543, 42946.28828786739, 53269.18282435506
392.1119999885559, 42946.28828786739, 53269.18282435506
392.11500000953674, 42946.28828786739, 53269.18282435506
392.1210000514984, 42946.28828786739, 53269.18282435506
392.12400007247925, 42946.28828786739, 53269.18282435506
392.12400007247925, 42946.28828786739, 53269.18282435506
392.13499999046326, 42946.28828786739, 53269.18282435506
392.1399998664856, 42946.28828786739, 53269.18282435506
392.14299988746643, 42946.28828786739, 53269.18282435506
394.64999985694885, 42946.28828786739, 53269.18282435506
394.64999985694885, 42946.28828786739, 53267.8537047419
394.6579999923706, 42946.28828786739, 53267.8537047419
394.6579999923706, 42946.28828786739, 53267.8537047419
394.6659998893738, 42946.28828786739, 53267.8537047419
394.6659998893738, 42946.28828786739, 53267.8537047419
394.67400002479553, 42946.28828786739, 53267.8537047419
394.67400002479553, 42946.28828786739, 53267.8537047419
396.97199988365173, 42946.28828786739, 53264.90724648499
396.9889998435974, 42946.28828786739, 53264.90724648499
396.9889998435974, 42946.28828786739, 53264.90724648499
396.9889998435974, 42946.28828786739, 53264.90724648499
396.9889998435974, 42946.28828786739, 53264.90724648499
397.0090000629425, 42946.28828786739, 53263.23047723307
397.00999999046326, 42946.28828786739, 53263.23047723307
397.0239999294281, 42946.28828786739, 53261.60248637365
397.029000043869, 42946.28828786739, 53261.60248637365
399.3729999065399, 42946.28828786739, 53261.60248637365
399.3769998550415, 42946.28828786739, 53261.60248637365
399.38100004196167, 42946.28828786739, 53260.310847163215
399.3840000629425, 42946.28828786739, 53260.310847163215
399.3880000114441, 42946.28828786739, 53260.310847163215
399.3919999599457, 42946.28828786739, 53260.310847163215
399.39599990844727, 42946.28828786739, 53260.310847163215
399.39800000190735, 42946.28828786739, 53260.310847163215
399.404000043869, 42946.28828786739, 53260.310847163215
399.40899991989136, 42946.28828786739, 53260.310847163215
401.72000002861023, 42946.28828786739, 53260.310847163215
401.74000000953674, 42946.28828786739, 53257.59162284137
401.7430000305176, 42946.28828786739, 53257.59162284137
401.7430000305176, 42946.28828786739, 53257.59162284137
401.7539999485016, 42946.28828786739, 53257.59162284137
401.7569999694824, 42946.28828786739, 53257.59162284137
401.75999999046326, 42946.28828786739, 53257.59162284137
401.75999999046326, 42946.28828786739, 53257.25097542178
401.75999999046326, 42946.28828786739, 53257.25097542178
401.7699999809265, 42946.28828786739, 53257.25097542178
401.7699999809265, 42946.28828786739, 53255.34706284964
404.27300000190735, 42946.28828786739, 53255.34706284964
404.2760000228882, 42946.28828786739, 53255.34706284964
404.27999997138977, 42946.28828786739, 53255.34706284964
404.2829999923706, 42946.28828786739, 53255.34706284964
404.28600001335144, 42946.28828786739, 53255.34706284964
404.289999961853, 42946.28828786739, 53255.34706284964
404.29299998283386, 42946.28828786739, 53255.34706284964
404.29699993133545, 42946.28828786739, 53254.73877349162
404.3029999732971, 42946.28828786739, 53254.73877349162
406.7449998855591, 42946.28828786739, 53254.73877349162
406.7519998550415, 42946.28828786739, 53253.67231063392
406.75499987602234, 42946.28828786739, 53253.67231063392
406.7590000629425, 42946.28828786739, 53253.67231063392
406.7660000324249, 42946.28828786739, 53253.67231063392
406.7699999809265, 42946.28828786739, 53253.67231063392
406.7720000743866, 42946.28828786739, 53253.67231063392
406.7720000743866, 42946.28828786739, 53253.67231063392
406.7720000743866, 42946.28828786739, 53253.67231063392
406.7720000743866, 42946.28828786739, 53252.80183407681
406.7909998893738, 42946.28828786739, 53252.35943708176
406.7909998893738, 42946.28828786739, 53252.35943708176
406.7909998893738, 42946.28828786739, 53252.35943708176
409.21600008010864, 42946.28828786739, 53250.79801741563
409.220999956131, 42946.28828786739, 53250.79801741563
409.22499990463257, 42946.28828786739, 53250.79801741563
409.23099994659424, 42946.28828786739, 53250.23937342429
409.2349998950958, 42946.28828786739, 53250.23937342429
409.24000000953674, 42946.28828786739, 53250.23937342429
409.24399995803833, 42946.28828786739, 53249.10369323608
409.25, 42946.28828786739, 53249.10369323608
409.25999999046326, 42946.28828786739, 53247.97093840002
411.78799986839294, 42946.28828786739, 53247.948074987864
411.79299998283386, 42946.28828786739, 53247.7222843353
411.79699993133545, 42946.28828786739, 53247.7222843353
411.7999999523163, 42946.28828786739, 53247.61619813007
411.8090000152588, 42946.28828786739, 53247.2843344981
414.31699991226196, 42946.28828786739, 53246.77932292654
414.31699991226196, 42946.28828786739, 53246.44842297739
414.33399987220764, 42946.28828786739, 53246.09098713362
414.33399987220764, 42946.28828786739, 53246.09098713362
414.33399987220764, 42946.28828786739, 53246.09098713362
416.76199984550476, 42946.28828786739, 53244.84585847135
416.76799988746643, 42946.28828786739, 53244.84585847135
416.77499985694885, 42946.28828786739, 53244.84585847135
416.77499985694885, 42946.28828786739, 53244.84585847135
416.78399991989136, 42946.28828786739, 53244.84585847135
416.7890000343323, 42946.28828786739, 53243.21767038192
416.7890000343323, 42946.28828786739, 53243.21767038192
419.34800004959106, 42946.28828786739, 53239.54202850348
419.34800004959106, 42946.28828786739, 53239.54202850348
419.34800004959106, 42946.28828786739, 53239.54202850348
419.36299991607666, 42946.28828786739, 53239.54202850348
419.36500000953674, 42946.28828786739, 53239.54202850348
419.36500000953674, 42946.28828786739, 53239.505393543186
419.36500000953674, 42946.28828786739, 53239.38876510602
419.3789999485016, 42946.28828786739, 53239.38876510602
419.3819999694824, 42946.28828786739, 53239.38876510602
419.3899998664856, 42946.28828786739, 53238.56659144078
419.3919999599457, 42946.28828786739, 53238.56659144078
421.97300004959106, 42946.28828786739, 53238.56659144078
421.9849998950958, 42946.28828786739, 53238.56659144078
421.9849998950958, 42946.28828786739, 53238.56659144078
421.9949998855591, 42946.28828786739, 53238.56659144078
422.0, 42946.28828786739, 53237.63607487283
422.0039999485016, 42946.28828786739, 53237.63607487283
422.0079998970032, 42946.28828786739, 53237.63607487283
424.57099986076355, 42946.28828786739, 53233.68887533194
424.57599997520447, 42946.28828786739, 53233.68887533194
424.57800006866455, 42946.28828786739, 53233.68887533194
424.5829999446869, 42946.28828786739, 53233.68887533194
424.5869998931885, 42946.28828786739, 53233.68887533194
424.58899998664856, 42946.28828786739, 53233.68887533194
424.59299993515015, 42946.28828786739, 53233.68887533194
424.59699988365173, 42946.28828786739, 53233.68887533194
424.6010000705719, 42946.28828786739, 53233.68887533194
424.6029999256134, 42946.28828786739, 53233.68887533194
424.6080000400543, 42946.28828786739, 53233.68887533194
424.6139998435974, 42946.28828786739, 53230.43059835363
426.9500000476837, 42946.28828786739, 53229.88335955489
426.9539999961853, 42946.28828786739, 53229.88335955489
426.9539999961853, 42946.28828786739, 53229.88335955489
426.9539999961853, 42946.28828786739, 53229.88335955489
426.97000002861023, 42946.28828786739, 53229.88335955489
426.97499990463257, 42946.28828786739, 53229.88335955489
426.981999874115, 42946.28828786739, 53229.87829691144
426.98799991607666, 42946.28828786739, 53229.87829691144
426.9889998435974, 42946.28828786739, 53229.87829691144
426.9889998435974, 42946.28828786739, 53229.87829691144
427.00099992752075, 42946.28828786739, 53229.12959047975
427.00600004196167, 42946.28828786739, 53229.12959047975
427.00600004196167, 42946.28828786739, 53229.12959047975
429.6010000705719, 42946.28828786739, 53229.12959047975
429.606999874115, 42946.28828786739, 53229.12959047975
429.6089999675751, 42946.28828786739, 53229.12959047975
429.61100006103516, 42946.28828786739, 53229.12959047975
429.6159999370575, 42946.28828786739, 53229.12959047975
429.6180000305176, 42946.28828786739, 53229.12959047975
429.62199997901917, 42946.28828786739, 53228.64095070443
429.625, 42946.28828786739, 53228.64095070443
429.63100004196167, 42946.28828786739, 53226.815675406266
429.6329998970032, 42946.28828786739, 53226.815675406266
429.63699984550476, 42946.28828786739, 53226.815675406266
432.02999997138977, 42946.28828786739, 53226.815675406266
432.03600001335144, 42946.28828786739, 53226.72843899486
432.04299998283386, 42946.28828786739, 53226.72843899486
432.04699993133545, 42946.28828786739, 53226.72843899486
432.04699993133545, 42946.28828786739, 53226.72843899486
432.04699993133545, 42946.28828786739, 53226.72843899486
432.0639998912811, 42946.28828786739, 53226.72843899486
432.0639998912811, 42946.28828786739, 53226.72843899486
432.0639998912811, 42946.28828786739, 53226.72843899486
432.07999992370605, 42946.28828786739, 53226.72843899486
432.07999992370605, 42946.28828786739, 53226.72843899486
432.07999992370605, 42946.28828786739, 53226.72843899486
432.07999992370605, 42946.28828786739, 53226.72843899486
434.51199984550476, 42946.28828786739, 53226.72843899486
434.51199984550476, 42946.28828786739, 53224.694866749305
434.5279998779297, 42946.28828786739, 53222.80838718915
434.5279998779297, 42946.28828786739, 53222.66714505028
436.98600006103516, 42946.28828786739, 53221.04092108443
436.9889998435974, 42946.28828786739, 53219.96346092616
436.9889998435974, 42946.28828786739, 53219.78191630125
437.0019998550415, 42946.28828786739, 53219.597472015266
437.00600004196167, 42946.28828786739, 53219.14686932614
439.5750000476837, 42946.28828786739, 53219.14686932614
439.5750000476837, 42946.28828786739, 53219.14686932614
439.5750000476837, 42946.28828786739, 53219.14686932614
439.5750000476837, 42946.28828786739, 53219.14686932614
439.5920000076294, 42946.28828786739, 53217.94355957332
441.9489998817444, 42946.28828786739, 53217.94355957332
441.95499992370605, 42946.28828786739, 53217.94355957332
441.9559998512268, 42946.28828786739, 53217.94355957332
441.9559998512268, 42946.28828786739, 53217.94355957332
441.9559998512268, 42946.28828786739, 53217.94355957332
441.970999956131, 42946.28828786739, 53217.94355957332
441.9760000705719, 42946.28828786739, 53217.94355957332
441.97899985313416, 42946.28828786739, 53217.894118276905
444.66299986839294, 42946.28828786739, 53212.732875790636
444.67700004577637, 42946.28828786739, 53212.732875790636
444.68299984931946, 42946.28828786739, 53210.78088563085
444.68499994277954, 42946.28828786739, 53210.78088563085
444.6889998912811, 42946.28828786739, 53210.78088563085
444.69400000572205, 42946.28828786739, 53210.78088563085
444.69599986076355, 42946.28828786739, 53210.78088563085
447.28399991989136, 42946.28828786739, 53210.78088563085
447.2909998893738, 42946.28828786739, 53210.78088563085
447.29500007629395, 42946.28828786739, 53210.78088563085
447.29900002479553, 42946.28828786739, 53210.78088563085
447.30200004577637, 42946.28828786739, 53210.78088563085
447.3109998703003, 42946.28828786739, 53209.461429654046
447.31500005722046, 42946.28828786739, 53209.461429654046
449.885999917984, 42946.28828786739, 53209.461429654046
449.88899993896484, 42946.28828786739, 53209.461429654046
449.89299988746643, 42946.28828786739, 53209.461429654046
449.89299988746643, 42946.28828786739, 53206.790419107565
449.89299988746643, 42946.28828786739, 53206.790419107565
449.89299988746643, 42946.28828786739, 53206.790419107565
449.90700006484985, 42946.28828786739, 53206.790419107565
449.9119999408722, 42946.28828786739, 53206.790419107565
449.9159998893738, 42946.28828786739, 53206.790419107565
452.3220000267029, 42946.28828786739, 53206.790419107565
452.33899998664856, 42946.28828786739, 53206.790419107565
452.33899998664856, 42946.28828786739, 53206.790419107565
452.33899998664856, 42946.28828786739, 53206.790419107565
452.3580000400543, 42946.28828786739, 53206.790419107565
452.3699998855591, 42946.28828786739, 53206.790419107565
452.3729999065399, 42946.28828786739, 53206.790419107565
452.3729999065399, 42946.28828786739, 53206.402252152766
452.3880000114441, 42946.28828786739, 53206.402252152766
452.3919999599457, 42946.28828786739, 53206.402252152766
452.39599990844727, 42946.28828786739, 53206.402252152766
452.39999985694885, 42946.28828786739, 53206.402252152766
452.40199995040894, 42946.28828786739, 53206.402252152766
452.4059998989105, 42946.28828786739, 53206.402252152766
452.40899991989136, 42946.28828786739, 53206.402252152766
452.41299986839294, 42946.28828786739, 53206.402252152766
452.4159998893738, 42946.28828786739, 53206.402252152766
452.42199993133545, 42946.28828786739, 53206.402252152766
454.9159998893738, 42946.28828786739, 53206.402252152766
454.92000007629395, 42946.28828786739, 53206.402252152766
454.9229998588562, 42946.28828786739, 53206.402252152766
454.9249999523163, 42946.28828786739, 53206.402252152766
454.9249999523163, 42946.28828786739, 53206.402252152766
454.9249999523163, 42946.28828786739, 53206.402252152766
454.9249999523163, 42946.28828786739, 53206.402252152766
454.94400000572205, 42946.28828786739, 53206.402252152766
454.9489998817444, 42946.28828786739, 53206.402252152766
454.95300006866455, 42946.28828786739, 53206.402252152766
454.95700001716614, 42946.28828786739, 53206.402252152766
454.960000038147, 42946.28828786739, 53206.402252152766
454.9630000591278, 42946.28828786739, 53206.402252152766
457.41799998283386, 42946.28828786739, 53206.402252152766
457.4229998588562, 42946.28828786739, 53206.402252152766
457.42899990081787, 42946.28828786739, 53206.402252152766
457.43499994277954, 42946.28828786739, 53206.402252152766
457.44199991226196, 42946.28828786739, 53206.402252152766
457.44799995422363, 42946.28828786739, 53206.402252152766
457.45099997520447, 42946.28828786739, 53201.711964263195
457.460000038147, 42946.28828786739, 53201.711964263195
457.4630000591278, 42946.28828786739, 53201.711964263195
460.1269998550415, 42946.28828786739, 53201.711964263195
460.1319999694824, 42946.28828786739, 53201.711964263195
460.1340000629425, 42946.28828786739, 53201.711964263195
460.1380000114441, 42946.28828786739, 53201.711964263195
460.1419999599457, 42946.28828786739, 53201.711964263195
460.14599990844727, 42946.28828786739, 53201.711964263195
460.1489999294281, 42946.28828786739, 53201.711964263195
460.1529998779297, 42946.28828786739, 53201.711964263195
460.154000043869, 42946.28828786739, 53201.711964263195
460.1619999408722, 42946.28828786739, 53198.93488195195
460.1640000343323, 42946.28828786739, 53196.59959935894
462.6489999294281, 42946.28828786739, 53194.15239451924
462.6510000228882, 42946.28828786739, 53194.15239451924
462.6510000228882, 42946.28828786739, 53194.15239451924
462.6510000228882, 42946.28828786739, 53194.15239451924
462.6640000343323, 42946.28828786739, 53192.587643847735
462.6670000553131, 42946.28828786739, 53191.94495978853
462.6710000038147, 42946.28828786739, 53191.94495978853
462.6749999523163, 42946.28828786739, 53191.94495978853
462.67899990081787, 42946.28828786739, 53191.94495978853
462.68299984931946, 42946.28828786739, 53191.94495978853
465.2720000743866, 42946.28828786739, 53191.94495978853
465.28600001335144, 42946.28828786739, 53191.94495978853
465.289999961853, 42946.28828786739, 53191.94495978853
465.29500007629395, 42946.28828786739, 53191.94495978853
465.29900002479553, 42946.28828786739, 53191.94495978853
467.78600001335144, 42946.28828786739, 53191.43106345005
467.789999961853, 42946.28828786739, 53191.43106345005
467.7939999103546, 42946.28828786739, 53191.43106345005
467.79900002479553, 42946.28828786739, 53191.43106345005
467.8029999732971, 42946.28828786739, 53191.43106345005
467.80799984931946, 42946.28828786739, 53191.43106345005
467.8120000362396, 42946.28828786739, 53191.43106345005
467.81500005722046, 42946.28828786739, 53191.43106345005
467.81699991226196, 42946.28828786739, 53191.43106345005
467.81699991226196, 42946.28828786739, 53191.43106345005
470.30799984931946, 42946.28828786739, 53188.433704186944
470.3120000362396, 42946.28828786739, 53188.433704186944
470.3139998912811, 42946.28828786739, 53188.433704186944
470.31900000572205, 42946.28828786739, 53188.433704186944
470.31900000572205, 42946.28828786739, 53188.433704186944
470.3329999446869, 42946.28828786739, 53188.433704186944
470.3359999656677, 42946.28828786739, 53187.19007289176
470.34699988365173, 42946.28828786739, 53187.19007289176
470.34999990463257, 42946.28828786739, 53186.17201380276
470.36299991607666, 42946.28828786739, 53186.17201380276
470.3639998435974, 42946.28828786739, 53185.8193799786
473.00499987602234, 42946.28828786739, 53183.99245731596
473.00499987602234, 42946.28828786739, 53183.99245731596
473.01799988746643, 42946.28828786739, 53183.99245731596
473.0220000743866, 42946.28828786739, 53183.99245731596
473.0220000743866, 42946.28828786739, 53183.99245731596
473.0220000743866, 42946.28828786739, 53179.86783912062
473.03399991989136, 42946.28828786739, 53177.39679235482
473.03399991989136, 42946.28828786739, 53177.39679235482
475.4170000553131, 42946.28828786739, 53177.39679235482
475.4170000553131, 42946.28828786739, 53177.39679235482
475.42599987983704, 42946.28828786739, 53177.39679235482
475.42599987983704, 42946.28828786739, 53177.39679235482
475.4370000362396, 42946.28828786739, 53176.78388539408
475.4379999637604, 42946.28828786739, 53176.78388539408
475.44599986076355, 42946.28828786739, 53176.78388539408
475.4500000476837, 42946.28828786739, 53176.78388539408
478.0039999485016, 42946.28828786739, 53176.78388539408
478.0160000324249, 42946.28828786739, 53176.78388539408
478.02099990844727, 42946.28828786739, 53176.78388539408
478.02099990844727, 42946.28828786739, 53176.78388539408
478.02099990844727, 42946.28828786739, 53176.78388539408
478.03200006484985, 42946.28828786739, 53176.78388539408
478.03200006484985, 42946.28828786739, 53176.78388539408
478.03799986839294, 42946.28828786739, 53176.78388539408
478.03799986839294, 42946.28828786739, 53176.78388539408
478.03799986839294, 42946.28828786739, 53176.78388539408
478.04900002479553, 42946.28828786739, 53176.78388539408
478.05399990081787, 42946.28828786739, 53176.78388539408
480.654000043869, 42946.28828786739, 53176.78388539408
480.654000043869, 42946.28828786739, 53176.78388539408
480.6659998893738, 42946.28828786739, 53176.78388539408
480.67199993133545, 42946.28828786739, 53176.78388539408
480.6779999732971, 42946.28828786739, 53176.78388539408
480.68299984931946, 42946.28828786739, 53174.39402730105
480.68499994277954, 42946.28828786739, 53174.39402730105
480.68499994277954, 42946.28828786739, 53174.39402730105
480.68499994277954, 42946.28828786739, 53174.39402730105
480.70099997520447, 42946.28828786739, 53174.39402730105
480.70099997520447, 42946.28828786739, 53172.39611555998
480.70099997520447, 42946.28828786739, 53172.39611555998
480.7170000076294, 42946.28828786739, 53172.39611555998
480.71799993515015, 42946.28828786739, 53172.39611555998
480.71799993515015, 42946.28828786739, 53172.39611555998
483.289999961853, 42946.28828786739, 53172.39611555998
483.29500007629395, 42946.28828786739, 53172.39611555998
483.2979998588562, 42946.28828786739, 53172.39611555998
483.30099987983704, 42946.28828786739, 53172.39611555998
483.3050000667572, 42946.28828786739, 53172.39611555998
483.3050000667572, 42946.28828786739, 53172.15393297291
483.3109998703003, 42946.28828786739, 53172.15393297291
483.31500005722046, 42946.28828786739, 53171.88904885296
483.31900000572205, 42946.28828786739, 53171.88904885296
483.3220000267029, 42946.28828786739, 53171.88904885296
485.87199997901917, 42946.28828786739, 53171.88904885296
485.87999987602234, 42946.28828786739, 53171.88904885296
485.8840000629425, 42946.28828786739, 53171.88904885296
485.8899998664856, 42946.28828786739, 53171.88904885296
485.89299988746643, 42946.28828786739, 53171.88904885296
485.89599990844727, 42946.28828786739, 53171.88904885296
485.89599990844727, 42946.28828786739, 53171.88904885296
485.89599990844727, 42946.28828786739, 53171.88904885296
485.91100001335144, 42946.28828786739, 53171.88904885296
485.91100001335144, 42946.28828786739, 53171.88904885296
485.91100001335144, 42946.28828786739, 53171.88904885296
485.91100001335144, 42946.28828786739, 53171.88904885296
485.91100001335144, 42946.28828786739, 53171.88904885296
485.92700004577637, 42946.28828786739, 53171.88904885296
488.71799993515015, 42946.28828786739, 53170.30472989657
488.72199988365173, 42946.28828786739, 53170.30472989657
488.7239999771118, 42946.28828786739, 53170.30472989657
488.7279999256134, 42946.28828786739, 53170.30472989657
488.7300000190735, 42946.28828786739, 53170.30472989657
488.7330000400543, 42946.28828786739, 53170.30472989657
488.7369999885559, 42946.28828786739, 53169.67436085854
488.7449998855591, 42946.28828786739, 53167.99594904968
488.74699997901917, 42946.28828786739, 53167.99594904968
491.06500005722046, 42946.28828786739, 53167.565705743116
491.06500005722046, 42946.28828786739, 53167.565705743116
491.07599997520447, 42946.28828786739, 53167.565705743116
491.08200001716614, 42946.28828786739, 53167.565705743116
491.08200001716614, 42946.28828786739, 53167.565705743116
491.08200001716614, 42946.28828786739, 53167.565705743116
491.08200001716614, 42946.28828786739, 53167.565705743116
491.0989999771118, 42946.28828786739, 53167.565705743116
491.0989999771118, 42946.28828786739, 53167.565705743116
491.0989999771118, 42946.28828786739, 53167.565705743116
491.1139998435974, 42946.28828786739, 53167.565705743116
491.1159999370575, 42946.28828786739, 53167.565705743116
491.1159999370575, 42946.28828786739, 53167.565705743116
491.1159999370575, 42946.28828786739, 53167.565705743116
491.1329998970032, 42946.28828786739, 53167.565705743116
491.13699984550476, 42946.28828786739, 53167.565705743116
491.13699984550476, 42946.28828786739, 53167.565705743116
491.13699984550476, 42946.28828786739, 53167.565705743116
491.13699984550476, 42946.28828786739, 53167.565705743116
493.32099986076355, 42946.28828786739, 53167.565705743116
493.32599997520447, 42946.28828786739, 53167.565705743116
493.32999992370605, 42946.28828786739, 53167.565705743116
493.33399987220764, 42946.28828786739, 53166.97520360868
493.33899998664856, 42946.28828786739, 53164.89484555451
493.34100008010864, 42946.28828786739, 53164.89484555451
493.34100008010864, 42946.28828786739, 53164.89484555451
493.3550000190735, 42946.28828786739, 53164.89484555451
493.3580000400543, 42946.28828786739, 53164.89484555451
493.3619999885559, 42946.28828786739, 53164.89484555451
495.83899998664856, 42946.28828786739, 53164.89484555451
495.85599994659424, 42946.28828786739, 53164.89484555451
495.85599994659424, 42946.28828786739, 53164.89484555451
495.85599994659424, 42946.28828786739, 53164.89484555451
495.87199997901917, 42946.28828786739, 53164.89484555451
495.87599992752075, 42946.28828786739, 53164.89484555451
495.87599992752075, 42946.28828786739, 53164.89484555451
495.87599992752075, 42946.28828786739, 53164.89484555451
495.8919999599457, 42946.28828786739, 53164.87372501922
495.8919999599457, 42946.28828786739, 53164.87372501922
495.8919999599457, 42946.28828786739, 53164.87372501922
498.53200006484985, 42946.28828786739, 53164.87372501922
498.5439999103546, 42946.28828786739, 53164.87372501922
498.54900002479553, 42946.28828786739, 53164.87372501922
498.54900002479553, 42946.28828786739, 53164.87372501922
498.54900002479553, 42946.28828786739, 53164.87372501922
498.55999994277954, 42946.28828786739, 53164.87372501922
498.55999994277954, 42946.28828786739, 53164.87372501922
498.5659999847412, 42946.28828786739, 53164.87372501922
498.5659999847412, 42946.28828786739, 53164.87372501922
498.5750000476837, 42946.28828786739, 53164.87372501922
498.57599997520447, 42946.28828786739, 53164.87372501922
498.57599997520447, 42946.28828786739, 53164.87372501922
498.5829999446869, 42946.28828786739, 53164.87372501922
498.59100008010864, 42946.28828786739, 53164.87372501922
498.59100008010864, 42946.28828786739, 53164.87372501922
501.470999956131, 42946.28828786739, 53162.75254054985
501.470999956131, 42946.28828786739, 53162.75254054985
501.4849998950958, 42946.28828786739, 53160.20128662161
501.4889998435974, 42946.28828786739, 53160.20128662161
501.49399995803833, 42946.28828786739, 53155.80089676276
503.9279999732971, 42946.28828786739, 53155.80089676276
503.93499994277954, 42946.28828786739, 53154.58541857474
503.94000005722046, 42946.28828786739, 53154.58541857474
503.94199991226196, 42946.28828786739, 53154.58541857474
503.94199991226196, 42946.28828786739, 53154.44902516009
503.95700001716614, 42946.28828786739, 53154.44902516009
503.9619998931885, 42946.28828786739, 53153.71921581164
503.96799993515015, 42946.28828786739, 53153.71921581164
503.97499990463257, 42946.28828786739, 53153.71921581164
503.9830000400543, 42946.28828786739, 53152.12958608464
503.99199986457825, 42946.28828786739, 53152.12958608464
506.5279998779297, 42946.28828786739, 53152.12958608464
506.53799986839294, 42946.28828786739, 53152.12958608464
506.54500007629395, 42946.28828786739, 53152.12958608464
506.55099987983704, 42946.28828786739, 53152.12958608464
506.5550000667572, 42946.28828786739, 53152.12958608464
506.55999994277954, 42946.28828786739, 53152.12958608464
506.5639998912811, 42946.28828786739, 53152.12958608464
506.5659999847412, 42946.28828786739, 53152.12958608464
506.5659999847412, 42946.28828786739, 53152.12958608464
506.57999992370605, 42946.28828786739, 53152.12958608464
509.2809998989105, 42946.28828786739, 53151.428903172375
509.2849998474121, 42946.28828786739, 53151.428903172375
509.2890000343323, 42946.28828786739, 53151.428903172375
509.2920000553131, 42946.28828786739, 53151.428903172375
509.2960000038147, 42946.28828786739, 53151.428903172375
509.2979998588562, 42946.28828786739, 53151.428903172375
509.30200004577637, 42946.28828786739, 53151.428903172375
509.3029999732971, 42946.28828786739, 53151.428903172375
509.3029999732971, 42946.28828786739, 53151.428903172375
509.3029999732971, 42946.28828786739, 53151.428903172375
509.3029999732971, 42946.28828786739, 53151.428903172375
509.3180000782013, 42946.28828786739, 53151.428903172375
511.8180000782013, 42946.28828786739, 53151.428903172375
511.81900000572205, 42946.28828786739, 53151.428903172375
511.81900000572205, 42946.28828786739, 53151.428903172375
511.8369998931885, 42946.28828786739, 53151.428903172375
511.8399999141693, 42946.28828786739, 53151.428903172375
511.84299993515015, 42946.28828786739, 53151.428903172375
514.5119998455048, 42946.28828786739, 53151.428903172375
514.5160000324249, 42946.28828786739, 53151.428903172375
514.5179998874664, 42946.28828786739, 53151.428903172375
514.5220000743866, 42946.28828786739, 53151.428903172375
514.5239999294281, 42946.28828786739, 53151.428903172375
514.5269999504089, 42946.28828786739, 53151.428903172375
514.5309998989105, 42946.28828786739, 53151.428903172375
514.5349998474121, 42946.28828786739, 53151.428903172375
514.537999868393, 42946.28828786739, 53151.428903172375
514.5420000553131, 42946.28828786739, 53151.428903172375
514.5460000038147, 42946.28828786739, 53147.75869774326
514.5460000038147, 42946.28828786739, 53147.75869774326
514.5539999008179, 42946.28828786739, 53147.75869774326
514.5579998493195, 42946.28828786739, 53147.75869774326
517.3610000610352, 42946.28828786739, 53146.4576431326
517.3689999580383, 42946.28828786739, 53146.4576431326
517.3689999580383, 42946.28828786739, 53146.026088342565
517.3819999694824, 42946.28828786739, 53146.026088342565
517.3899998664856, 42946.28828786739, 53145.713252817906
517.3899998664856, 42946.28828786739, 53145.713252817906
517.3899998664856, 42946.28828786739, 53145.713252817906
517.4029998779297, 42946.28828786739, 53145.713252817906
517.4029998779297, 42946.28828786739, 53145.713252817906
517.4029998779297, 42946.28828786739, 53145.713252817906
517.4219999313354, 42946.28828786739, 53143.64754971368
520.3150000572205, 42946.28828786739, 53142.96758353925
520.3329999446869, 42946.28828786739, 53142.96758353925
520.3380000591278, 42946.28828786739, 53142.96758353925
520.3429999351501, 42946.28828786739, 53142.96758353925
520.3480000495911, 42946.28828786739, 53142.498358799865
520.3499999046326, 42946.28828786739, 53142.498358799865
520.3499999046326, 42946.28828786739, 53142.498358799865
520.3499999046326, 42946.28828786739, 53142.498358799865
520.3499999046326, 42946.28828786739, 53142.498358799865
520.3659999370575, 42946.28828786739, 53142.498358799865
520.3659999370575, 42946.28828786739, 53141.74189118517
520.3659999370575, 42946.28828786739, 53141.74189118517
523.1570000648499, 42946.28828786739, 53141.74189118517
523.162999868393, 42946.28828786739, 53141.74189118517
523.1670000553131, 42946.28828786739, 53141.228280514544
523.1710000038147, 42946.28828786739, 53141.228280514544
523.1729998588562, 42946.28828786739, 53141.228280514544
523.1779999732971, 42946.28828786739, 53140.181034276124
523.1800000667572, 42946.28828786739, 53140.181034276124
523.1800000667572, 42946.28828786739, 53140.181034276124
523.1909999847412, 42946.28828786739, 53140.08358133107
523.194000005722, 42946.28828786739, 53140.08358133107
525.6119999885559, 42946.28828786739, 53140.08358133107
525.6150000095367, 42946.28828786739, 53140.08358133107
525.6240000724792, 42946.28828786739, 53140.08358133107
525.6240000724792, 42946.28828786739, 53140.08358133107
525.6329998970032, 42946.28828786739, 53140.08358133107
525.635999917984, 42946.28828786739, 53140.08358133107
525.6369998455048, 42946.28828786739, 53140.08358133107
525.6429998874664, 42946.28828786739, 53140.08358133107
525.6459999084473, 42946.28828786739, 53140.08358133107
525.6459999084473, 42946.28828786739, 53140.08358133107
525.6459999084473, 42946.28828786739, 53140.08358133107
525.6459999084473, 42946.28828786739, 53140.08358133107
525.6589999198914, 42946.28828786739, 53140.08358133107
525.6599998474121, 42946.28828786739, 53140.08358133107
525.6599998474121, 42946.28828786739, 53140.08358133107
525.6599998474121, 42946.28828786739, 53140.08358133107
525.6599998474121, 42946.28828786739, 53140.08358133107
525.6599998474121, 42946.28828786739, 53140.08358133107
525.6789999008179, 42946.28828786739, 53136.58822329725
528.3029999732971, 42946.28828786739, 53136.58822329725
528.3199999332428, 42946.28828786739, 53135.568670883345
528.3199999332428, 42946.28828786739, 53135.23001453147
528.3269999027252, 42946.28828786739, 53135.23001453147
528.3339998722076, 42946.28828786739, 53135.23001453147
528.3429999351501, 42946.28828786739, 53135.23001453147
528.3480000495911, 42946.28828786739, 53135.23001453147
528.3499999046326, 42946.28828786739, 53135.23001453147
528.3580000400543, 42946.28828786739, 53135.23001453147
528.3639998435974, 42946.28828786739, 53135.23001453147
530.8099999427795, 42946.28828786739, 53135.23001453147
530.8150000572205, 42946.28828786739, 53135.23001453147
530.819000005722, 42946.28828786739, 53135.23001453147
530.819000005722, 42946.28828786739, 53135.23001453147
530.819000005722, 42946.28828786739, 53135.23001453147
530.8359999656677, 42946.28828786739, 53135.23001453147
533.6159999370575, 42946.28828786739, 53135.23001453147
533.6159999370575, 42946.28828786739, 53135.23001453147
533.6159999370575, 42946.28828786739, 53133.56855395864
533.6269998550415, 42946.28828786739, 53133.56855395864
533.6269998550415, 42946.28828786739, 53133.56855395864
533.6319999694824, 42946.28828786739, 53133.56855395864
533.6319999694824, 42946.28828786739, 53133.56855395864
533.6319999694824, 42946.28828786739, 53133.56855395864
533.6440000534058, 42946.28828786739, 53133.56855395864
536.3489999771118, 42946.28828786739, 53131.13267483383
536.3639998435974, 42946.28828786739, 53131.13267483383
536.3689999580383, 42946.28828786739, 53131.13267483383
536.375, 42946.28828786739, 53131.13267483383
536.375, 42946.28828786739, 53131.13267483383
536.385999917984, 42946.28828786739, 53131.13267483383
536.385999917984, 42946.28828786739, 53130.144314762176
536.385999917984, 42946.28828786739, 53130.144314762176
539.0739998817444, 42946.28828786739, 53126.91896377682
539.0739998817444, 42946.28828786739, 53126.91896377682
539.0820000171661, 42946.28828786739, 53126.91896377682
539.0829999446869, 42946.28828786739, 53126.91896377682
539.0829999446869, 42946.28828786739, 53126.91896377682
539.0899999141693, 42946.28828786739, 53126.91896377682
539.0899999141693, 42946.28828786739, 53126.91896377682
539.0899999141693, 42946.28828786739, 53126.91896377682
539.0989999771118, 42946.28828786739, 53126.91896377682
539.0989999771118, 42946.28828786739, 53126.91896377682
539.106999874115, 42946.28828786739, 53126.91896377682
539.1139998435974, 42946.28828786739, 53126.91896377682
539.1139998435974, 42946.28828786739, 53126.91896377682
539.1240000724792, 42946.28828786739, 53126.145549541616
541.7920000553131, 42946.28828786739, 53125.949384262356
541.7960000038147, 42946.28828786739, 53125.92254769303
541.8020000457764, 42946.28828786739, 53125.92254769303
541.8079998493195, 42946.28828786739, 53125.225392677115
541.8150000572205, 42946.28828786739, 53125.225392677115
541.8199999332428, 42946.28828786739, 53125.225392677115
541.8229999542236, 42946.28828786739, 53125.225392677115
541.8320000171661, 42946.28828786739, 53125.225392677115
541.8369998931885, 42946.28828786739, 53125.225392677115
541.8469998836517, 42946.28828786739, 53125.225392677115
544.6349999904633, 42946.28828786739, 53125.225392677115
544.6470000743866, 42946.28828786739, 53125.225392677115
544.6489999294281, 42946.28828786739, 53125.225392677115
544.6519999504089, 42946.28828786739, 53125.225392677115
544.6559998989105, 42946.28828786739, 53125.225392677115
544.6619999408722, 42946.28828786739, 53125.225392677115
544.6659998893738, 42946.28828786739, 53125.225392677115
544.6689999103546, 42946.28828786739, 53123.82794928308
544.6729998588562, 42946.28828786739, 53123.82794928308
544.6770000457764, 42946.28828786739, 53123.82794928308
544.680999994278, 42946.28828786739, 53123.82794928308
544.6859998703003, 42946.28828786739, 53123.82794928308
544.6909999847412, 42946.28828786739, 53123.82794928308
544.6949999332428, 42946.28828786739, 53123.82794928308
544.7009999752045, 42946.28828786739, 53123.82794928308
544.704999923706, 42946.28828786739, 53123.82794928308
547.4800000190735, 42946.28828786739, 53123.82794928308
547.4949998855591, 42946.28828786739, 53121.92185222852
547.4990000724792, 42946.28828786739, 53121.92185222852
547.5049998760223, 42946.28828786739, 53121.92185222852
547.5119998455048, 42946.28828786739, 53121.06628223953
547.5149998664856, 42946.28828786739, 53121.06628223953
547.5149998664856, 42946.28828786739, 53121.06628223953
547.5279998779297, 42946.28828786739, 53121.06628223953
547.5299999713898, 42946.28828786739, 53121.06628223953
547.5299999713898, 42946.28828786739, 53121.06628223953
550.3020000457764, 42946.28828786739, 53119.082720860024
550.3180000782013, 42946.28828786739, 53119.082720860024
550.3229999542236, 42946.28828786739, 53118.21374442221
550.3259999752045, 42946.28828786739, 53118.21374442221
550.329999923706, 42946.28828786739, 53118.21374442221
550.335000038147, 42946.28828786739, 53118.21374442221
550.3399999141693, 42946.28828786739, 53118.21374442221
550.3399999141693, 42946.28828786739, 53118.21374442221
550.3529999256134, 42946.28828786739, 53118.21374442221
550.3529999256134, 42946.28828786739, 53118.19810145022
553.1829998493195, 42946.28828786739, 53118.19810145022
553.1870000362396, 42946.28828786739, 53118.19810145022
553.1909999847412, 42946.28828786739, 53118.19810145022
553.1930000782013, 42946.28828786739, 53118.19810145022
553.2009999752045, 42946.28828786739, 53112.66231180315
553.2030000686646, 42946.28828786739, 53112.66231180315
555.981999874115, 42946.28828786739, 53112.66231180315
555.981999874115, 42946.28828786739, 53112.66231180315
555.981999874115, 42946.28828786739, 53112.66231180315
555.9960000514984, 42946.28828786739, 53112.17195272931
556.0, 42946.28828786739, 53112.17195272931
556.0039999485016, 42946.28828786739, 53111.65441285842
556.0069999694824, 42946.28828786739, 53111.3620428763
556.0099999904633, 42946.28828786739, 53111.3620428763
556.0130000114441, 42946.28828786739, 53111.3620428763
556.0160000324249, 42946.28828786739, 53111.3620428763
556.0169999599457, 42946.28828786739, 53111.3620428763
558.8810000419617, 42946.28828786739, 53111.3620428763
558.8849999904633, 42946.28828786739, 53111.3620428763
558.8880000114441, 42946.28828786739, 53110.01040576425
558.8919999599457, 42946.28828786739, 53110.01040576425
558.8959999084473, 42946.28828786739, 53110.01040576425
558.8980000019073, 42946.28828786739, 53109.40121932255
558.904000043869, 42946.28828786739, 53106.898686770524
561.4969999790192, 42946.28828786739, 53106.898686770524
561.5009999275208, 42946.28828786739, 53106.898686770524
561.5049998760223, 42946.28828786739, 53106.898686770524
561.5090000629425, 42946.28828786739, 53106.898686770524
561.5139999389648, 42946.28828786739, 53106.45453802407
561.5160000324249, 42946.28828786739, 53106.45453802407
561.5199999809265, 42946.28828786739, 53106.45453802407
561.5199999809265, 42946.28828786739, 53105.7218153171
561.5309998989105, 42946.28828786739, 53104.963313231085
561.5309998989105, 42946.28828786739, 53104.963313231085
561.5439999103546, 42946.28828786739, 53104.208529322364
564.4329998493195, 42946.28828786739, 53104.208529322364
564.4370000362396, 42946.28828786739, 53104.208529322364
564.441999912262, 42946.28828786739, 53104.208529322364
564.4459998607635, 42946.28828786739, 53104.208529322364
564.4489998817444, 42946.28828786739, 53104.208529322364
564.4519999027252, 42946.28828786739, 53104.208529322364
564.4530000686646, 42946.28828786739, 53104.208529322364
564.4530000686646, 42946.28828786739, 53103.95203977296
564.4530000686646, 42946.28828786739, 53103.95203977296
564.4760000705719, 42946.28828786739, 53103.95203977296
567.2419998645782, 42946.28828786739, 53103.248784934745
567.2599999904633, 42946.28828786739, 53103.248784934745
567.2669999599457, 42946.28828786739, 53103.248784934745
567.2690000534058, 42946.28828786739, 53103.248784934745
567.279000043869, 42946.28828786739, 53103.248784934745
570.154000043869, 42946.28828786739, 53103.248784934745
570.1579999923706, 42946.28828786739, 53103.248784934745
570.1579999923706, 42946.28828786739, 53103.248784934745
570.1710000038147, 42946.28828786739, 53101.75231883113
570.1779999732971, 42946.28828786739, 53100.63485425018
572.8429999351501, 42946.28828786739, 53100.113228142225
572.8559999465942, 42946.28828786739, 53100.113228142225
572.8599998950958, 42946.28828786739, 53100.113228142225
572.8599998950958, 42946.28828786739, 53100.113228142225
572.8599998950958, 42946.28828786739, 53100.113228142225
572.8719999790192, 42946.28828786739, 53100.01309655543
572.8769998550415, 42946.28828786739, 53099.86676054751
572.8769998550415, 42946.28828786739, 53099.86676054751
572.8769998550415, 42946.28828786739, 53099.86676054751
572.8880000114441, 42946.28828786739, 53099.86676054751
572.8880000114441, 42946.28828786739, 53099.33959366569
572.8940000534058, 42946.28828786739, 53099.33959366569
572.8940000534058, 42946.28828786739, 53098.12105396013
575.5899999141693, 42946.28828786739, 53098.12105396013
575.595999956131, 42946.28828786739, 53098.12105396013
575.6019999980927, 42946.28828786739, 53098.12105396013
575.6089999675751, 42946.28828786739, 53098.12105396013
575.6150000095367, 42946.28828786739, 53098.12105396013
575.6169998645782, 42946.28828786739, 53097.68446814982
575.6169998645782, 42946.28828786739, 53097.68446814982
575.6329998970032, 42946.28828786739, 53097.68446814982
575.6329998970032, 42946.28828786739, 53097.68446814982
575.6329998970032, 42946.28828786739, 53097.68446814982
575.6519999504089, 42946.28828786739, 53097.68446814982
575.6589999198914, 42946.28828786739, 53096.529902033966
575.6610000133514, 42946.28828786739, 53096.529902033966
578.3970000743866, 42946.28828786739, 53096.529902033966
578.4019999504089, 42946.28828786739, 53095.935336864684
578.4059998989105, 42946.28828786739, 53095.663588729665
578.4079999923706, 42946.28828786739, 53095.663588729665
578.4099998474121, 42946.28828786739, 53095.47701245904
578.4099998474121, 42946.28828786739, 53095.26826878402
578.4249999523163, 42946.28828786739, 53095.26826878402
578.4249999523163, 42946.28828786739, 53095.26826878402
581.295000076294, 42946.28828786739, 53095.26826878402
581.2999999523163, 42946.28828786739, 53095.26826878402
581.3029999732971, 42946.28828786739, 53095.26826878402
581.3079998493195, 42946.28828786739, 53095.26826878402
581.3120000362396, 42946.28828786739, 53095.26826878402
581.3139998912811, 42946.28828786739, 53095.26826878402
581.3139998912811, 42946.28828786739, 53095.26826878402
581.3139998912811, 42946.28828786739, 53095.26826878402
581.3139998912811, 42946.28828786739, 53095.26826878402
581.3280000686646, 42946.28828786739, 53095.26826878402
581.3280000686646, 42946.28828786739, 53094.70096314307
581.3280000686646, 42946.28828786739, 53094.70096314307
581.3280000686646, 42946.28828786739, 53094.70096314307
581.3450000286102, 42946.28828786739, 53094.70096314307
581.3450000286102, 42946.28828786739, 53094.70096314307
584.0699999332428, 42946.28828786739, 53094.26200958457
584.0739998817444, 42946.28828786739, 53094.26200958457
584.0780000686646, 42946.28828786739, 53094.26200958457
584.0809998512268, 42946.28828786739, 53094.26200958457
584.0829999446869, 42946.28828786739, 53094.26200958457
584.0889999866486, 42946.28828786739, 53094.26200958457
584.0920000076294, 42946.28828786739, 53094.26200958457
584.095999956131, 42946.28828786739, 53094.26200958457
584.1019999980927, 42946.28828786739, 53092.398038587264
586.9140000343323, 42946.28828786739, 53092.398038587264
586.9170000553131, 42946.28828786739, 53092.398038587264
586.9170000553131, 42946.28828786739, 53092.398038587264
586.9170000553131, 42946.28828786739, 53092.398038587264
586.9329998493195, 42946.28828786739, 53092.398038587264
586.9389998912811, 42946.28828786739, 53092.398038587264
586.9449999332428, 42946.28828786739, 53092.398038587264
586.9509999752045, 42946.28828786739, 53092.398038587264
589.8659999370575, 42946.28828786739, 53091.72773277174
589.8699998855591, 42946.28828786739, 53091.72773277174
589.8740000724792, 42946.28828786739, 53090.78133409419
589.8759999275208, 42946.28828786739, 53090.78133409419
589.8780000209808, 42946.28828786739, 53090.78133409419
589.8819999694824, 42946.28828786739, 53090.62421615014
589.885999917984, 42946.28828786739, 53090.62421615014
589.8899998664856, 42946.28828786739, 53090.62421615014
589.8940000534058, 42946.28828786739, 53090.62421615014
589.8970000743866, 42946.28828786739, 53090.62421615014
592.7309999465942, 42946.28828786739, 53090.62421615014
592.7389998435974, 42946.28828786739, 53090.62421615014
592.7490000724792, 42946.28828786739, 53090.62421615014
592.7530000209808, 42946.28828786739, 53090.62421615014
592.7560000419617, 42946.28828786739, 53090.62421615014
592.7619998455048, 42946.28828786739, 53090.62421615014
592.7660000324249, 42946.28828786739, 53088.2929841334
592.7660000324249, 42946.28828786739, 53088.2929841334
595.5989999771118, 42946.28828786739, 53088.2929841334
595.6050000190735, 42946.28828786739, 53088.2929841334
595.6119999885559, 42946.28828786739, 53088.2929841334
595.6159999370575, 42946.28828786739, 53088.2929841334
595.6229999065399, 42946.28828786739, 53088.2929841334
595.6289999485016, 42946.28828786739, 53088.2929841334
595.6349999904633, 42946.28828786739, 53087.89094901723
595.6380000114441, 42946.28828786739, 53087.89094901723
595.6429998874664, 42946.28828786739, 53087.89094901723
595.6510000228882, 42946.28828786739, 53087.89094901723
595.6529998779297, 42946.28828786739, 53087.89094901723
595.6599998474121, 42946.28828786739, 53087.89094901723
595.6679999828339, 42946.28828786739, 53086.78544562276
595.675999879837, 42946.28828786739, 53086.78544562276
595.6770000457764, 42946.28828786739, 53085.96774607922
595.6770000457764, 42946.28828786739, 53085.96774607922
595.6770000457764, 42946.28828786739, 53085.96774607922
598.6489999294281, 42946.28828786739, 53085.94510309935
598.6549999713898, 42946.28828786739, 53085.94510309935
598.6549999713898, 42946.28828786739, 53085.94510309935
598.6549999713898, 42946.28828786739, 53085.94510309935
598.664999961853, 42946.28828786739, 53085.94510309935
598.664999961853, 42946.28828786739, 53085.94510309935
598.6719999313354, 42946.28828786739, 53085.94510309935
598.6719999313354, 42946.28828786739, 53084.51928084727
598.6719999313354, 42946.28828786739, 53084.51928084727
598.680999994278, 42946.28828786739, 53084.51928084727
601.385999917984, 42946.28828786739, 53082.37421086334
601.3910000324249, 42946.28828786739, 53081.34509116324
601.3910000324249, 42946.28828786739, 53081.34509116324
601.4059998989105, 42946.28828786739, 53081.33949370925
601.412999868393, 42946.28828786739, 53081.33949370925
601.412999868393, 42946.28828786739, 53081.33949370925
604.4570000171661, 42946.28828786739, 53081.33949370925
604.4570000171661, 42946.28828786739, 53081.33949370925
604.4730000495911, 42946.28828786739, 53081.33949370925
604.4730000495911, 42946.28828786739, 53081.33949370925
604.4730000495911, 42946.28828786739, 53081.33949370925
604.4900000095367, 42946.28828786739, 53081.33949370925
604.4900000095367, 42946.28828786739, 53081.33949370925
604.4900000095367, 42946.28828786739, 53081.33949370925
604.5030000209808, 42946.28828786739, 53081.33949370925
604.5069999694824, 42946.28828786739, 53081.33949370925
604.5069999694824, 42946.28828786739, 53081.33949370925
604.5069999694824, 42946.28828786739, 53081.33949370925
604.5190000534058, 42946.28828786739, 53081.33949370925
607.1779999732971, 42946.28828786739, 53081.33949370925
607.1870000362396, 42946.28828786739, 53081.33949370925
607.1930000782013, 42946.28828786739, 53081.33949370925
607.1989998817444, 42946.28828786739, 53081.33949370925
607.2039999961853, 42946.28828786739, 53081.33949370925
607.2079999446869, 42946.28828786739, 53079.52975270374
607.210000038147, 42946.28828786739, 53079.52975270374
607.210000038147, 42946.28828786739, 53079.52975270374
609.9649999141693, 42946.28828786739, 53079.52975270374
609.981999874115, 42946.28828786739, 53079.52975270374
609.981999874115, 42946.28828786739, 53079.52975270374
609.981999874115, 42946.28828786739, 53079.52975270374
609.981999874115, 42946.28828786739, 53078.25224861931
609.9990000724792, 42946.28828786739, 53078.25224861931
609.9990000724792, 42946.28828786739, 53077.667230013765
609.9990000724792, 42946.28828786739, 53077.667230013765
610.0130000114441, 42946.28828786739, 53077.667230013765
610.0169999599457, 42946.28828786739, 53077.667230013765
610.0169999599457, 42946.28828786739, 53077.667230013765
610.0169999599457, 42946.28828786739, 53077.667230013765
612.664999961853, 42946.28828786739, 53077.667230013765
612.6689999103546, 42946.28828786739, 53077.667230013765
612.6689999103546, 42946.28828786739, 53077.667230013765
612.6689999103546, 42946.28828786739, 53077.39252064893
612.6829998493195, 42946.28828786739, 53076.30276311031
612.6879999637604, 42946.28828786739, 53076.30276311031
612.6909999847412, 42946.28828786739, 53076.30276311031
612.6909999847412, 42946.28828786739, 53076.30276311031
616.1640000343323, 42946.28828786739, 53075.43820970246
616.1740000247955, 42946.28828786739, 53073.48858612792
616.1779999732971, 42946.28828786739, 53073.48858612792
616.1829998493195, 42946.28828786739, 53073.48858612792
618.9869999885559, 42946.28828786739, 53072.41748619302
618.9869999885559, 42946.28828786739, 53072.41748619302
618.9869999885559, 42946.28828786739, 53072.41748619302
619.0030000209808, 42946.28828786739, 53072.09126671238
621.9099998474121, 42946.28828786739, 53072.09126671238
621.9240000247955, 42946.28828786739, 53071.54711302856
625.1039998531342, 42946.28828786739, 53071.54711302856
625.1089999675751, 42946.28828786739, 53071.54711302856
625.1129999160767, 42946.28828786739, 53071.54711302856
625.1189999580383, 42946.28828786739, 53071.54711302856
625.1219999790192, 42946.28828786739, 53071.54711302856
627.9359998703003, 42946.28828786739, 53071.54711302856
627.941999912262, 42946.28828786739, 53071.54711302856
627.9459998607635, 42946.28828786739, 53071.30547823346
627.9489998817444, 42946.28828786739, 53071.30547823346
627.9489998817444, 42946.28828786739, 53071.30547823346
627.9489998817444, 42946.28828786739, 53071.30547823346
627.9639999866486, 42946.28828786739, 53071.30547823346
627.9639999866486, 42946.28828786739, 53071.30547823346
627.9639999866486, 42946.28828786739, 53071.30547823346
627.9639999866486, 42946.28828786739, 53071.30547823346
627.9809999465942, 42946.28828786739, 53071.30547823346
627.9809999465942, 42946.28828786739, 53071.30547823346
627.9809999465942, 42946.28828786739, 53071.30547823346
627.9949998855591, 42946.28828786739, 53071.30547823346
630.7649998664856, 42946.28828786739, 53071.30547823346
630.7699999809265, 42946.28828786739, 53071.30547823346
630.7699999809265, 42946.28828786739, 53071.30547823346
630.7809998989105, 42946.28828786739, 53070.98921806314
630.7839999198914, 42946.28828786739, 53069.83872450375
630.787999868393, 42946.28828786739, 53069.83872450375
630.7929999828339, 42946.28828786739, 53069.83872450375
630.7929999828339, 42946.28828786739, 53069.83872450375
633.760999917984, 42946.28828786739, 53069.83872450375
633.7709999084473, 42946.28828786739, 53069.83872450375
633.7739999294281, 42946.28828786739, 53069.83872450375
633.7769999504089, 42946.28828786739, 53069.83872450375
633.7799999713898, 42946.28828786739, 53069.83872450375
633.7820000648499, 42946.28828786739, 53069.83872450375
633.7860000133514, 42946.28828786739, 53069.83872450375
633.787999868393, 42946.28828786739, 53069.83872450375
633.7909998893738, 42946.28828786739, 53069.83872450375
633.795000076294, 42946.28828786739, 53069.57138840167
633.7979998588562, 42946.28828786739, 53069.57138840167
633.800999879837, 42946.28828786739, 53069.57138840167
633.8039999008179, 42946.28828786739, 53068.011145641205
633.8039999008179, 42946.28828786739, 53067.27668236637
636.5809998512268, 42946.28828786739, 53067.27668236637
636.5880000591278, 42946.28828786739, 53067.27668236637
636.5880000591278, 42946.28828786739, 53067.27668236637
636.5999999046326, 42946.28828786739, 53066.58731922028
636.6059999465942, 42946.28828786739, 53066.58731922028
636.6150000095367, 42946.28828786739, 53065.49788542958
636.6180000305176, 42946.28828786739, 53065.49788542958
636.6229999065399, 42946.28828786739, 53065.49788542958
639.539999961853, 42946.28828786739, 53065.49788542958
639.5460000038147, 42946.28828786739, 53065.49788542958
639.5460000038147, 42946.28828786739, 53065.49788542958
639.5579998493195, 42946.28828786739, 53065.49788542958
639.5650000572205, 42946.28828786739, 53064.42249976749
639.569000005722, 42946.28828786739, 53064.42249976749
639.5739998817444, 42946.28828786739, 53064.42249976749
642.5529999732971, 42946.28828786739, 53064.42249976749
642.5680000782013, 42946.28828786739, 53063.09182758667
642.5739998817444, 42946.28828786739, 53063.09182758667
642.5750000476837, 42946.28828786739, 53063.09182758667
642.5750000476837, 42946.28828786739, 53063.09182758667
642.5910000801086, 42946.28828786739, 53063.09182758667
645.5099999904633, 42946.28828786739, 53060.88363423647
645.5139999389648, 42946.28828786739, 53060.3877684948
645.5139999389648, 42946.28828786739, 53060.3877684948
645.5139999389648, 42946.28828786739, 53060.3877684948
645.5309998989105, 42946.28828786739, 53060.3877684948
645.5349998474121, 42946.28828786739, 53060.3877684948
645.5349998474121, 42946.28828786739, 53060.3877684948
645.5349998474121, 42946.28828786739, 53060.3877684948
648.5460000038147, 42946.28828786739, 53060.3877684948
648.5460000038147, 42946.28828786739, 53060.3877684948
648.5579998493195, 42946.28828786739, 53060.3877684948
648.5579998493195, 42946.28828786739, 53059.38536449769
648.5629999637604, 42946.28828786739, 53059.38536449769
648.5629999637604, 42946.28828786739, 53059.38536449769
648.5729999542236, 42946.28828786739, 53058.699982868
648.5729999542236, 42946.28828786739, 53056.81204350549
648.579999923706, 42946.28828786739, 53056.81204350549
651.414999961853, 42946.28828786739, 53056.81204350549
651.4219999313354, 42946.28828786739, 53056.81204350549
651.425999879837, 42946.28828786739, 53056.81204350549
651.4319999217987, 42946.28828786739, 53056.585714683635
651.4349999427795, 42946.28828786739, 53056.585714683635
651.4400000572205, 42946.28828786739, 53055.587501407696
651.4430000782013, 42946.28828786739, 53055.58685803635
651.444000005722, 42946.28828786739, 53055.58685803635
651.4500000476837, 42946.28828786739, 53055.58685803635
654.4049999713898, 42946.28828786739, 53054.492813769575
654.4070000648499, 42946.28828786739, 53054.492813769575
654.4099998474121, 42946.28828786739, 53054.492813769575
654.4159998893738, 42946.28828786739, 53054.492813769575
654.4159998893738, 42946.28828786739, 53054.492813769575
654.4159998893738, 42946.28828786739, 53054.492813769575
654.4300000667572, 42946.28828786739, 53054.492813769575
654.4340000152588, 42946.28828786739, 53053.79261667998
657.4470000267029, 42946.28828786739, 53053.79261667998
657.4530000686646, 42946.28828786739, 53053.79261667998
657.4570000171661, 42946.28828786739, 53053.31987816469
657.4609999656677, 42946.28828786739, 53053.31987816469
657.4609999656677, 42946.28828786739, 53052.55016542221
657.4730000495911, 42946.28828786739, 53052.55016542221
657.4739999771118, 42946.28828786739, 53051.639216575844
657.4739999771118, 42946.28828786739, 53051.639216575844
660.7059998512268, 42946.28828786739, 53051.639216575844
660.7149999141693, 42946.28828786739, 53051.639216575844
660.720999956131, 42946.28828786739, 53051.639216575844
660.7249999046326, 42946.28828786739, 53051.639216575844
660.7249999046326, 42946.28828786739, 53051.639216575844
660.7369999885559, 42946.28828786739, 53048.59861270101
663.8399999141693, 42946.28828786739, 53047.916998979286
663.856999874115, 42946.28828786739, 53047.916998979286
663.856999874115, 42946.28828786739, 53047.916998979286
663.856999874115, 42946.28828786739, 53047.916998979286
666.6489999294281, 42946.28828786739, 53047.916998979286
666.6589999198914, 42946.28828786739, 53047.916998979286
666.6659998893738, 42946.28828786739, 53047.57236350177
666.6710000038147, 42946.28828786739, 53047.57236350177
666.6719999313354, 42946.28828786739, 53047.57236350177
666.6800000667572, 42946.28828786739, 53047.57236350177
666.6800000667572, 42946.28828786739, 53047.57236350177
666.6800000667572, 42946.28828786739, 53047.57236350177
666.694000005722, 42946.28828786739, 53047.57236350177
666.694000005722, 42946.28828786739, 53047.57236350177
666.694000005722, 42946.28828786739, 53047.57236350177
669.8099999427795, 42946.28828786739, 53046.48944921045
669.8099999427795, 42946.28828786739, 53046.48944921045
669.8099999427795, 42946.28828786739, 53046.48944921045
669.8239998817444, 42946.28828786739, 53046.474200847675
669.8280000686646, 42946.28828786739, 53046.474200847675
669.8320000171661, 42946.28828786739, 53046.474200847675
672.8180000782013, 42946.28828786739, 53046.385620262874
672.8269999027252, 42946.28828786739, 53046.385620262874
672.8309998512268, 42946.28828786739, 53046.385620262874
672.835000038147, 42946.28828786739, 53045.48601545639
672.8399999141693, 42946.28828786739, 53045.48601545639
672.8399999141693, 42946.28828786739, 53045.48601545639
672.8399999141693, 42946.28828786739, 53045.48601545639
675.845999956131, 42946.28828786739, 53045.48601545639
675.8589999675751, 42946.28828786739, 53045.48601545639
675.8629999160767, 42946.28828786739, 53045.48601545639
675.8680000305176, 42946.28828786739, 53045.48601545639
675.8680000305176, 42946.28828786739, 53045.48601545639
675.8810000419617, 42946.28828786739, 53045.48601545639
675.8829998970032, 42946.28828786739, 53045.48601545639
675.8829998970032, 42946.28828786739, 53045.48601545639
675.8829998970032, 42946.28828786739, 53045.48601545639
678.7849998474121, 42946.28828786739, 53045.48601545639
678.7909998893738, 42946.28828786739, 53045.48601545639
678.795000076294, 42946.28828786739, 53045.48601545639
678.7990000247955, 42946.28828786739, 53042.18976638917
678.8020000457764, 42946.28828786739, 53042.18976638917
678.8050000667572, 42946.28828786739, 53042.18976638917
678.805999994278, 42946.28828786739, 53042.18976638917
678.805999994278, 42946.28828786739, 53042.18976638917
678.805999994278, 42946.28828786739, 53042.18976638917
678.805999994278, 42946.28828786739, 53042.18976638917
678.805999994278, 42946.28828786739, 53042.18976638917
678.8229999542236, 42946.28828786739, 53042.18976638917
678.8239998817444, 42946.28828786739, 53042.17253431528
678.8239998817444, 42946.28828786739, 53042.17253431528
678.8239998817444, 42946.28828786739, 53042.17253431528
678.8239998817444, 42946.28828786739, 53042.17253431528
678.8399999141693, 42946.28828786739, 53040.906363138645
678.8399999141693, 42946.28828786739, 53040.906363138645
681.800999879837, 42946.28828786739, 53040.906363138645
681.8069999217987, 42946.28828786739, 53040.906363138645
681.8139998912811, 42946.28828786739, 53039.887098406885
681.8209998607635, 42946.28828786739, 53039.77813131634
681.8250000476837, 42946.28828786739, 53039.77813131634
681.829999923706, 42946.28828786739, 53039.77813131634
681.835000038147, 42946.28828786739, 53039.77813131634
684.8829998970032, 42946.28828786739, 53039.37237791058
684.8829998970032, 42946.28828786739, 53039.37237791058
684.8829998970032, 42946.28828786739, 53039.37237791058
684.8959999084473, 42946.28828786739, 53039.37237791058
684.8999998569489, 42946.28828786739, 53039.37237791058
684.8999998569489, 42946.28828786739, 53039.37237791058
684.9119999408722, 42946.28828786739, 53038.51382546542
688.1189999580383, 42946.28828786739, 53038.51382546542
688.125, 42946.28828786739, 53038.51382546542
688.1289999485016, 42946.28828786739, 53038.51382546542
688.1299998760223, 42946.28828786739, 53038.51382546542
688.1410000324249, 42946.28828786739, 53038.51382546542
688.1449999809265, 42946.28828786739, 53038.51382546542
688.1480000019073, 42946.28828786739, 53038.51382546542
688.1519999504089, 42946.28828786739, 53038.51382546542
690.9909999370575, 42946.28828786739, 53035.680434728005
690.9909999370575, 42946.28828786739, 53035.680434728005
691.0049998760223, 42946.28828786739, 53035.158418716484
691.0099999904633, 42946.28828786739, 53035.158418716484
691.0169999599457, 42946.28828786739, 53035.158418716484
691.0230000019073, 42946.28828786739, 53035.158418716484
691.0260000228882, 42946.28828786739, 53035.158418716484
691.0260000228882, 42946.28828786739, 53034.37774426317
691.0260000228882, 42946.28828786739, 53033.902659125895
691.0409998893738, 42946.28828786739, 53033.902659125895
691.0420000553131, 42946.28828786739, 53033.33830930526
694.3090000152588, 42946.28828786739, 53033.33830930526
694.3129999637604, 42946.28828786739, 53033.33830930526
694.316999912262, 42946.28828786739, 53033.33830930526
694.3209998607635, 42946.28828786739, 53033.33830930526
694.3239998817444, 42946.28828786739, 53033.33830930526
694.3239998817444, 42946.28828786739, 53033.33830930526
694.3239998817444, 42946.28828786739, 53033.33830930526
694.3239998817444, 42946.28828786739, 53033.33830930526
694.3389999866486, 42946.28828786739, 53032.421842734795
694.3389999866486, 42946.28828786739, 53032.421842734795
697.106999874115, 42946.28828786739, 53032.0093478567
697.1129999160767, 42946.28828786739, 53032.0093478567
697.1169998645782, 42946.28828786739, 53032.0093478567
697.1189999580383, 42946.28828786739, 53032.0093478567
697.1240000724792, 42946.28828786739, 53032.0093478567
697.1280000209808, 42946.28828786739, 53030.944836072056
697.1280000209808, 42946.28828786739, 53030.72399382593
697.1419999599457, 42946.28828786739, 53030.72399382593
697.1419999599457, 42946.28828786739, 53030.72399382593
697.1419999599457, 42946.28828786739, 53029.98743642256
697.1570000648499, 42946.28828786739, 53029.98743642256
697.1570000648499, 42946.28828786739, 53029.98743642256
700.3099999427795, 42946.28828786739, 53029.98743642256
700.316999912262, 42946.28828786739, 53029.77151330671
700.3229999542236, 42946.28828786739, 53029.77151330671
700.3229999542236, 42946.28828786739, 53029.155425876685
700.3229999542236, 42946.28828786739, 53029.155425876685
700.3399999141693, 42946.28828786739, 53029.155425876685
700.3439998626709, 42946.28828786739, 53029.155425876685
700.3450000286102, 42946.28828786739, 53028.11189812313
700.3450000286102, 42946.28828786739, 53028.11189812313
703.6749999523163, 42946.28828786739, 53028.11189812313
703.6800000667572, 42946.28828786739, 53028.11189812313
703.6800000667572, 42946.28828786739, 53028.11189812313
703.6800000667572, 42946.28828786739, 53028.11189812313
703.691999912262, 42946.28828786739, 53028.11189812313
703.6970000267029, 42946.28828786739, 53028.11189812313
706.6800000667572, 42946.28828786739, 53028.11189812313
706.6819999217987, 42946.28828786739, 53028.11189812313
706.6819999217987, 42946.28828786739, 53028.11189812313
706.6819999217987, 42946.28828786739, 53028.11189812313
709.7369999885559, 42946.28828786739, 53027.09952300364
709.7419998645782, 42946.28828786739, 53026.12481767217
709.7449998855591, 42946.28828786739, 53026.12481767217
709.7490000724792, 42946.28828786739, 53026.12481767217
709.7549998760223, 42946.28828786739, 53026.12481767217
712.9070000648499, 42946.28828786739, 53026.12481767217
712.9070000648499, 42946.28828786739, 53026.12481767217
712.9210000038147, 42946.28828786739, 53026.12481767217
712.9249999523163, 42946.28828786739, 53026.12481767217
712.9279999732971, 42946.28828786739, 53026.12481767217
712.9340000152588, 42946.28828786739, 53026.12481767217
712.9389998912811, 42946.28828786739, 53026.12481767217
712.9459998607635, 42946.28828786739, 53026.12481767217
712.9459998607635, 42946.28828786739, 53026.12481767217
712.9459998607635, 42946.28828786739, 53026.12481767217
715.914999961853, 42946.28828786739, 53024.65016430302
715.9210000038147, 42946.28828786739, 53024.65016430302
715.9210000038147, 42946.28828786739, 53024.65016430302
715.9279999732971, 42946.28828786739, 53022.684245242745
715.9349999427795, 42946.28828786739, 53022.684245242745
715.9379999637604, 42946.28828786739, 53022.684245242745
719.0, 42946.28828786739, 53022.684245242745
719.0, 42946.28828786739, 53022.684245242745
719.0, 42946.28828786739, 53022.684245242745
719.0139999389648, 42946.28828786739, 53022.684245242745
719.0169999599457, 42946.28828786739, 53022.684245242745
719.0169999599457, 42946.28828786739, 53021.375168943145
719.029000043869, 42946.28828786739, 53021.375168943145
719.029000043869, 42946.28828786739, 53021.32930295555
719.0339999198914, 42946.28828786739, 53021.17630399484
719.0339999198914, 42946.28828786739, 53021.17630399484
719.0339999198914, 42946.28828786739, 53021.17630399484
719.045000076294, 42946.28828786739, 53021.17630399484
719.050999879837, 42946.28828786739, 53020.83911515898
722.4649999141693, 42946.28828786739, 53020.83911515898
722.4730000495911, 42946.28828786739, 53019.829031577785
722.4789998531342, 42946.28828786739, 53019.112045746115
722.4860000610352, 42946.28828786739, 53019.112045746115
722.4930000305176, 42946.28828786739, 53018.03289722003
722.4990000724792, 42946.28828786739, 53016.65416415081
725.7660000324249, 42946.28828786739, 53016.554624192024
725.7730000019073, 42946.28828786739, 53016.31890462981
725.7779998779297, 42946.28828786739, 53016.31890462981
725.7829999923706, 42946.28828786739, 53016.30577466085
725.7929999828339, 42946.28828786739, 53016.30577466085
728.8259999752045, 42946.28828786739, 53016.30577466085
728.8259999752045, 42946.28828786739, 53016.30577466085
728.8410000801086, 42946.28828786739, 53016.30577466085
728.8429999351501, 42946.28828786739, 53016.30577466085
728.8429999351501, 42946.28828786739, 53016.30577466085
728.8429999351501, 42946.28828786739, 53015.851415336954
728.8559999465942, 42946.28828786739, 53015.851415336954
728.8599998950958, 42946.28828786739, 53015.851415336954
728.8599998950958, 42946.28828786739, 53015.851415336954
728.8719999790192, 42946.28828786739, 53015.851415336954
731.7709999084473, 42946.28828786739, 53015.851415336954
731.7769999504089, 42946.28828786739, 53013.91139929043
731.7839999198914, 42946.28828786739, 53013.91139929043
731.7890000343323, 42946.28828786739, 53013.91139929043
731.7909998893738, 42946.28828786739, 53013.53866795982
731.7939999103546, 42946.28828786739, 53013.53866795982
734.8510000705719, 42946.28828786739, 53011.55381938196
734.8550000190735, 42946.28828786739, 53011.55381938196
734.8599998950958, 42946.28828786739, 53011.55381938196
734.8619999885559, 42946.28828786739, 53011.05083819808
734.8659999370575, 42946.28828786739, 53011.05083819808
734.8680000305176, 42946.28828786739, 53011.05083819808
734.8719999790192, 42946.28828786739, 53011.05083819808
734.8740000724792, 42946.28828786739, 53011.05083819808
734.8780000209808, 42946.28828786739, 53011.05083819808
734.8829998970032, 42946.28828786739, 53011.05083819808
734.8869998455048, 42946.28828786739, 53011.05083819808
734.8919999599457, 42946.28828786739, 53011.05083819808
734.8959999084473, 42946.28828786739, 53011.05083819808
734.8999998569489, 42946.28828786739, 53011.05083819808
734.9019999504089, 42946.28828786739, 53011.05083819808
734.9059998989105, 42946.28828786739, 53011.05083819808
734.9099998474121, 42946.28828786739, 53011.05083819808
734.9140000343323, 42946.28828786739, 53011.05083819808
734.9170000553131, 42946.28828786739, 53011.05083819808
734.9189999103546, 42946.28828786739, 53011.05083819808
734.9210000038147, 42946.28828786739, 53011.05083819808
734.925999879837, 42946.28828786739, 53011.05083819808
734.930999994278, 42946.28828786739, 53011.05083819808
737.9700000286102, 42946.28828786739, 53011.05083819808
737.9769999980927, 42946.28828786739, 53011.05083819808
737.9839999675751, 42946.28828786739, 53011.05083819808
737.9860000610352, 42946.28828786739, 53011.05083819808
737.9860000610352, 42946.28828786739, 53011.05083819808
737.9960000514984, 42946.28828786739, 53011.05083819808
737.9969999790192, 42946.28828786739, 53011.05083819808
737.9969999790192, 42946.28828786739, 53011.05083819808
737.9969999790192, 42946.28828786739, 53011.05083819808
738.0119998455048, 42946.28828786739, 53010.22273175922
738.0119998455048, 42946.28828786739, 53010.22273175922
738.0119998455048, 42946.28828786739, 53010.22273175922
738.0119998455048, 42946.28828786739, 53010.22273175922
738.0269999504089, 42946.28828786739, 53010.22273175922
738.029000043869, 42946.28828786739, 53010.22273175922
738.029000043869, 42946.28828786739, 53010.22273175922
738.029000043869, 42946.28828786739, 53010.22273175922
738.029000043869, 42946.28828786739, 53010.22273175922
741.305999994278, 42946.28828786739, 53010.22273175922
741.3239998817444, 42946.28828786739, 53010.22273175922
741.3239998817444, 42946.28828786739, 53010.22273175922
741.3239998817444, 42946.28828786739, 53010.22273175922
741.3420000076294, 42946.28828786739, 53006.615654834866
744.6659998893738, 42946.28828786739, 53006.615654834866
744.670000076294, 42946.28828786739, 53006.615654834866
744.6729998588562, 42946.28828786739, 53006.54379775927
744.6749999523163, 42946.28828786739, 53006.54379775927
744.6789999008179, 42946.28828786739, 53006.54379775927
744.680999994278, 42946.28828786739, 53006.54379775927
744.6849999427795, 42946.28828786739, 53006.54379775927
744.6879999637604, 42946.28828786739, 53006.54379775927
744.6930000782013, 42946.28828786739, 53006.310092570835
744.6970000267029, 42946.28828786739, 53006.310092570835
744.7009999752045, 42946.28828786739, 53005.8669299453
744.7039999961853, 42946.28828786739, 53005.8669299453
747.8199999332428, 42946.28828786739, 53004.51361874394
747.829999923706, 42946.28828786739, 53004.51361874394
747.829999923706, 42946.28828786739, 53004.51361874394
747.8410000801086, 42946.28828786739, 53004.51361874394
747.8480000495911, 42946.28828786739, 53004.51361874394
747.8550000190735, 42946.28828786739, 53004.51361874394
747.8580000400543, 42946.28828786739, 53004.51361874394
747.8580000400543, 42946.28828786739, 53004.51361874394
747.8580000400543, 42946.28828786739, 53004.51361874394
747.8719999790192, 42946.28828786739, 53004.51361874394
750.8499999046326, 42946.28828786739, 53004.51361874394
750.8499999046326, 42946.28828786739, 53004.51361874394
750.8669998645782, 42946.28828786739, 53004.51361874394
750.8710000514984, 42946.28828786739, 53004.51361874394
750.8710000514984, 42946.28828786739, 53004.51361874394
750.8710000514984, 42946.28828786739, 53004.51361874394
750.8849999904633, 42946.28828786739, 53004.51361874394
750.8849999904633, 42946.28828786739, 53004.51361874394
750.8849999904633, 42946.28828786739, 53003.51508474458
750.8849999904633, 42946.28828786739, 53003.51508474458
750.9019999504089, 42946.28828786739, 53002.90612577611
750.9019999504089, 42946.28828786739, 53002.05084643746
750.9019999504089, 42946.28828786739, 53001.188880246584
750.9019999504089, 42946.28828786739, 53001.188880246584
754.0520000457764, 42946.28828786739, 53001.188880246584
754.055999994278, 42946.28828786739, 53001.188880246584
754.0599999427795, 42946.28828786739, 53001.188880246584
754.0639998912811, 42946.28828786739, 53001.188880246584
754.066999912262, 42946.28828786739, 53001.16709901739
754.069000005722, 42946.28828786739, 53001.16709901739
754.0729999542236, 42946.28828786739, 53001.16709901739
754.0789999961853, 42946.28828786739, 52998.99893804574
754.0809998512268, 42946.28828786739, 52998.99893804574
757.3159999847412, 42946.28828786739, 52998.99893804574
757.3159999847412, 42946.28828786739, 52998.65859048518
757.3159999847412, 42946.28828786739, 52998.65859048518
757.3320000171661, 42946.28828786739, 52998.65859048518
757.3399999141693, 42946.28828786739, 52998.65859048518
757.3439998626709, 42946.28828786739, 52997.7301189349
760.7709999084473, 42946.28828786739, 52997.195242514324
760.7809998989105, 42946.28828786739, 52997.195242514324
760.7860000133514, 42946.28828786739, 52997.195242514324
760.7909998893738, 42946.28828786739, 52996.840203712716
760.7939999103546, 42946.28828786739, 52996.840203712716
760.8039999008179, 42946.28828786739, 52996.840203712716
760.8050000667572, 42946.28828786739, 52996.840203712716
764.0099999904633, 42946.28828786739, 52994.60555463248
764.0130000114441, 42946.28828786739, 52994.60555463248
764.0190000534058, 42946.28828786739, 52994.60555463248
764.0230000019073, 42946.28828786739, 52994.60555463248
764.0269999504089, 42946.28828786739, 52994.60555463248
764.0329999923706, 42946.28828786739, 52994.60555463248
764.037999868393, 42946.28828786739, 52994.45910796318
764.0420000553131, 42946.28828786739, 52994.45910796318
764.0469999313354, 42946.28828786739, 52994.45910796318
767.2200000286102, 42946.28828786739, 52993.929039524905
767.2200000286102, 42946.28828786739, 52993.929039524905
767.2279999256134, 42946.28828786739, 52993.72614731247
767.2379999160767, 42946.28828786739, 52993.72614731247
767.2409999370575, 42946.28828786739, 52993.72614731247
767.2469999790192, 42946.28828786739, 52993.72614731247
767.2469999790192, 42946.28828786739, 52993.72614731247
770.1429998874664, 42946.28828786739, 52991.31169863327
770.1429998874664, 42946.28828786739, 52990.97280451441
770.1579999923706, 42946.28828786739, 52990.97280451441
770.162999868393, 42946.28828786739, 52990.97280451441
770.1640000343323, 42946.28828786739, 52990.97280451441
770.1710000038147, 42946.28828786739, 52990.97280451441
770.1749999523163, 42946.28828786739, 52990.64382887665
770.1770000457764, 42946.28828786739, 52990.64382887665
770.1770000457764, 42946.28828786739, 52990.64382887665
770.1770000457764, 42946.28828786739, 52990.009710356055
770.1900000572205, 42946.28828786739, 52989.765800478715
773.539999961853, 42946.28828786739, 52988.89367544715
773.545000076294, 42946.28828786739, 52988.89367544715
773.5490000247955, 42946.28828786739, 52988.89367544715
773.550999879837, 42946.28828786739, 52988.89367544715
773.555999994278, 42946.28828786739, 52988.89367544715
773.5579998493195, 42946.28828786739, 52988.42094697073
773.5620000362396, 42946.28828786739, 52988.42094697073
773.5659999847412, 42946.28828786739, 52988.42094697073
776.8369998931885, 42946.28828786739, 52987.295380936244
776.8410000801086, 42946.28828786739, 52987.295380936244
776.8469998836517, 42946.28828786739, 52987.295380936244
776.8510000705719, 42946.28828786739, 52986.15328316402
776.856999874115, 42946.28828786739, 52986.10456280818
776.8610000610352, 42946.28828786739, 52986.10456280818
776.8669998645782, 42946.28828786739, 52986.10456280818
776.8729999065399, 42946.28828786739, 52986.10456280818
776.8780000209808, 42946.28828786739, 52986.10456280818
780.2400000095367, 42946.28828786739, 52985.3778651141
780.2419998645782, 42946.28828786739, 52985.3778651141
780.2419998645782, 42946.28828786739, 52985.3778651141
780.2560000419617, 42946.28828786739, 52985.3778651141
780.2619998455048, 42946.28828786739, 52985.3778651141
780.2679998874664, 42946.28828786739, 52985.3778651141
780.2679998874664, 42946.28828786739, 52984.76702688647
783.3619999885559, 42946.28828786739, 52984.76702688647
783.3659999370575, 42946.28828786739, 52984.76702688647
783.3689999580383, 42946.28828786739, 52984.76702688647
783.3729999065399, 42946.28828786739, 52984.76702688647
783.3769998550415, 42946.28828786739, 52984.76702688647
786.8229999542236, 42946.28828786739, 52984.216996329575
786.8229999542236, 42946.28828786739, 52984.216996329575
786.8369998931885, 42946.28828786739, 52984.216996329575
786.8429999351501, 42946.28828786739, 52984.216996329575
786.8489999771118, 42946.28828786739, 52984.216996329575
786.8539998531342, 42946.28828786739, 52984.216996329575
790.135999917984, 42946.28828786739, 52984.216996329575
790.1419999599457, 42946.28828786739, 52984.216996329575
790.1459999084473, 42946.28828786739, 52984.216996329575
790.1519999504089, 42946.28828786739, 52984.216996329575
790.1570000648499, 42946.28828786739, 52984.216996329575
790.164999961853, 42946.28828786739, 52984.216996329575
790.1710000038147, 42946.28828786739, 52982.94579638051
790.1749999523163, 42946.28828786739, 52982.80242909143
793.3109998703003, 42946.28828786739, 52981.89248273144
793.3109998703003, 42946.28828786739, 52981.89248273144
793.3109998703003, 42946.28828786739, 52981.89248273144
793.3269999027252, 42946.28828786739, 52981.89248273144
793.3269999027252, 42946.28828786739, 52981.89248273144
793.3269999027252, 42946.28828786739, 52980.76413894218
793.3420000076294, 42946.28828786739, 52980.76413894218
796.7249999046326, 42946.28828786739, 52980.76413894218
796.7249999046326, 42946.28828786739, 52980.76413894218
796.7249999046326, 42946.28828786739, 52980.76413894218
796.7419998645782, 42946.28828786739, 52979.72144469286
796.7460000514984, 42946.28828786739, 52979.15866952098
796.7519998550415, 42946.28828786739, 52979.15866952098
796.7560000419617, 42946.28828786739, 52979.15866952098
796.7590000629425, 42946.28828786739, 52979.15866952098
796.7630000114441, 42946.28828786739, 52979.15866952098
796.7660000324249, 42946.28828786739, 52978.980174653065
796.7660000324249, 42946.28828786739, 52975.51869923339
796.7769999504089, 42946.28828786739, 52975.51869923339
799.8439998626709, 42946.28828786739, 52975.245722428495
799.8480000495911, 42946.28828786739, 52975.245722428495
799.8510000705719, 42946.28828786739, 52975.21960326893
799.8550000190735, 42946.28828786739, 52975.21960326893
799.8589999675751, 42946.28828786739, 52974.901581806895
799.8639998435974, 42946.28828786739, 52974.901581806895
799.8650000095367, 42946.28828786739, 52974.901581806895
799.8650000095367, 42946.28828786739, 52974.901581806895
799.8650000095367, 42946.28828786739, 52974.901581806895
799.8650000095367, 42946.28828786739, 52974.901581806895
799.8789999485016, 42946.28828786739, 52974.901581806895
799.8819999694824, 42946.28828786739, 52974.901581806895
803.1019999980927, 42946.28828786739, 52974.901581806895
803.1099998950958, 42946.28828786739, 52974.901581806895
803.1099998950958, 42946.28828786739, 52974.901581806895
803.1210000514984, 42946.28828786739, 52974.901581806895
803.1240000724792, 42946.28828786739, 52974.901581806895
803.1319999694824, 42946.28828786739, 52974.40134960546
803.135999917984, 42946.28828786739, 52974.40134960546
803.1480000019073, 42946.28828786739, 52974.21729079955
803.1480000019073, 42946.28828786739, 52974.21729079955
806.7869999408722, 42946.28828786739, 52972.795374562
806.7920000553131, 42946.28828786739, 52972.77142885587
806.7969999313354, 42946.28828786739, 52972.31450716558
806.7999999523163, 42946.28828786739, 52972.31450716558
806.8029999732971, 42946.28828786739, 52972.31450716558
806.8069999217987, 42946.28828786739, 52972.31450716558
809.8050000667572, 42946.28828786739, 52970.4679767548
809.8099999427795, 42946.28828786739, 52970.4679767548
809.8139998912811, 42946.28828786739, 52970.4679767548
809.8139998912811, 42946.28828786739, 52970.4679767548
809.8259999752045, 42946.28828786739, 52970.4679767548
809.8269999027252, 42946.28828786739, 52970.4679767548
809.8269999027252, 42946.28828786739, 52970.4679767548
809.8269999027252, 42946.28828786739, 52970.36420835433
809.8439998626709, 42946.28828786739, 52970.36420835433
809.845999956131, 42946.28828786739, 52970.36420835433
809.845999956131, 42946.28828786739, 52970.36420835433
809.8610000610352, 42946.28828786739, 52970.36420835433
809.8610000610352, 42946.28828786739, 52970.36420835433
809.8610000610352, 42946.28828786739, 52970.36420835433
809.8740000724792, 42946.28828786739, 52970.36420835433
813.2109999656677, 42946.28828786739, 52970.36420835433
813.2170000076294, 42946.28828786739, 52970.36420835433
813.2170000076294, 42946.28828786739, 52970.36420835433
813.2289998531342, 42946.28828786739, 52968.95496797044
813.2330000400543, 42946.28828786739, 52968.95496797044
813.2369999885559, 42946.28828786739, 52968.95496797044
813.2369999885559, 42946.28828786739, 52968.95496797044
813.2449998855591, 42946.28828786739, 52968.95496797044
813.2449998855591, 42946.28828786739, 52968.95496797044
813.2449998855591, 42946.28828786739, 52967.46088082875
816.6150000095367, 42946.28828786739, 52966.891078769026
816.6229999065399, 42946.28828786739, 52966.891078769026
816.6319999694824, 42946.28828786739, 52966.891078769026
816.6319999694824, 42946.28828786739, 52966.891078769026
816.6399998664856, 42946.28828786739, 52966.891078769026
816.6459999084473, 42946.28828786739, 52966.891078769026
816.6499998569489, 42946.28828786739, 52966.40115489462
819.9279999732971, 42946.28828786739, 52966.40115489462
819.9349999427795, 42946.28828786739, 52966.40115489462
819.9389998912811, 42946.28828786739, 52966.40115489462
819.941999912262, 42946.28828786739, 52966.40115489462
819.9489998817444, 42946.28828786739, 52965.70681967453
819.9519999027252, 42946.28828786739, 52965.70681967453
819.9519999027252, 42946.28828786739, 52965.70681967453
823.3529999256134, 42946.28828786739, 52965.70681967453
823.3529999256134, 42946.28828786739, 52965.70681967453
823.3529999256134, 42946.28828786739, 52965.70681967453
823.3529999256134, 42946.28828786739, 52965.70681967453
823.3710000514984, 42946.28828786739, 52965.70681967453
823.375, 42946.28828786739, 52965.70681967453
823.375, 42946.28828786739, 52965.70681967453
823.3869998455048, 42946.28828786739, 52965.70681967453
823.3880000114441, 42946.28828786739, 52965.70681967453
826.4839999675751, 42946.28828786739, 52963.283242978534
826.4839999675751, 42946.28828786739, 52963.283242978534
826.4839999675751, 42946.28828786739, 52963.283242978534
826.5019998550415, 42946.28828786739, 52963.283242978534
826.5060000419617, 42946.28828786739, 52963.283242978534
826.5090000629425, 42946.28828786739, 52963.283242978534
826.5179998874664, 42946.28828786739, 52963.283242978534
829.8420000076294, 42946.28828786739, 52963.283242978534
829.8480000495911, 42946.28828786739, 52963.283242978534
829.8529999256134, 42946.28828786739, 52963.283242978534
829.8610000610352, 42946.28828786739, 52963.283242978534
829.8650000095367, 42946.28828786739, 52963.283242978534
829.8680000305176, 42946.28828786739, 52963.283242978534
829.8680000305176, 42946.28828786739, 52962.17720497553
832.9839999675751, 42946.28828786739, 52960.92839477726
832.9900000095367, 42946.28828786739, 52960.92839477726
832.9939999580383, 42946.28828786739, 52960.92839477726
832.9990000724792, 42946.28828786739, 52960.92839477726
833.0030000209808, 42946.28828786739, 52960.92839477726
833.0060000419617, 42946.28828786739, 52960.92839477726
833.0099999904633, 42946.28828786739, 52960.92839477726
833.0139999389648, 42946.28828786739, 52960.92839477726
833.0160000324249, 42946.28828786739, 52960.07369679985
833.0160000324249, 42946.28828786739, 52957.107253366645
833.0329999923706, 42946.28828786739, 52957.107253366645
836.4689998626709, 42946.28828786739, 52956.87276335024
836.4689998626709, 42946.28828786739, 52956.749192511066
836.4689998626709, 42946.28828786739, 52956.35159061453
836.4860000610352, 42946.28828786739, 52956.35159061453
836.4909999370575, 42946.28828786739, 52955.3393484137
840.0869998931885, 42946.28828786739, 52955.3393484137
840.0939998626709, 42946.28828786739, 52955.01285525528
840.1010000705719, 42946.28828786739, 52955.01285525528
840.1059999465942, 42946.28828786739, 52955.01285525528
840.1059999465942, 42946.28828786739, 52955.01285525528
840.1219999790192, 42946.28828786739, 52954.16390468546
840.1219999790192, 42946.28828786739, 52953.54448109898
840.1219999790192, 42946.28828786739, 52953.54448109898
840.1380000114441, 42946.28828786739, 52953.54448109898
840.1380000114441, 42946.28828786739, 52953.19088943327
840.1380000114441, 42946.28828786739, 52953.19088943327
840.1549999713898, 42946.28828786739, 52953.19088943327
843.5409998893738, 42946.28828786739, 52953.19088943327
843.545000076294, 42946.28828786739, 52953.19088943327
843.545000076294, 42946.28828786739, 52953.19088943327
843.5539999008179, 42946.28828786739, 52953.19088943327
843.5579998493195, 42946.28828786739, 52952.71807216038
843.5579998493195, 42946.28828786739, 52952.71807216038
846.816999912262, 42946.28828786739, 52951.79032342497
846.8209998607635, 42946.28828786739, 52951.79032342497
846.8269999027252, 42946.28828786739, 52951.79032342497
846.8309998512268, 42946.28828786739, 52951.664925461824
846.8339998722076, 42946.28828786739, 52951.664925461824
846.8399999141693, 42946.28828786739, 52951.664925461824
846.845999956131, 42946.28828786739, 52951.664925461824
846.845999956131, 42946.28828786739, 52951.11121727551
850.3139998912811, 42946.28828786739, 52951.11121727551
850.3139998912811, 42946.28828786739, 52951.11121727551
850.3269999027252, 42946.28828786739, 52951.11121727551
850.335000038147, 42946.28828786739, 52951.11121727551
850.3420000076294, 42946.28828786739, 52951.11121727551
850.3489999771118, 42946.28828786739, 52951.11121727551
850.3529999256134, 42946.28828786739, 52950.92187967545
850.3589999675751, 42946.28828786739, 52948.45005103192
853.800999879837, 42946.28828786739, 52948.45005103192
853.8050000667572, 42946.28828786739, 52948.45005103192
853.8090000152588, 42946.28828786739, 52948.45005103192
853.8120000362396, 42946.28828786739, 52948.45005103192
853.8120000362396, 42946.28828786739, 52948.45005103192
853.8120000362396, 42946.28828786739, 52948.45005103192
853.8120000362396, 42946.28828786739, 52948.45005103192
853.8120000362396, 42946.28828786739, 52948.45005103192
853.8289999961853, 42946.28828786739, 52948.45005103192
853.8289999961853, 42946.28828786739, 52948.45005103192
853.8289999961853, 42946.28828786739, 52948.45005103192
853.8389999866486, 42946.28828786739, 52948.45005103192
853.8429999351501, 42946.28828786739, 52948.45005103192
857.3309998512268, 42946.28828786739, 52948.45005103192
857.3480000495911, 42946.28828786739, 52947.09965132681
857.3480000495911, 42946.28828786739, 52947.09965132681
857.3480000495911, 42946.28828786739, 52947.09965132681
857.3480000495911, 42946.28828786739, 52947.09965132681
857.3480000495911, 42946.28828786739, 52947.09965132681
860.5910000801086, 42946.28828786739, 52947.09965132681
860.595999956131, 42946.28828786739, 52945.85842872548
860.6019999980927, 42946.28828786739, 52945.199745322505
860.6039998531342, 42946.28828786739, 52945.199745322505
860.6080000400543, 42946.28828786739, 52945.199745322505
860.6110000610352, 42946.28828786739, 52944.309969260066
863.287999868393, 42946.28828786739, 52943.901291113456
863.2920000553131, 42946.28828786739, 52943.901291113456
863.2969999313354, 42946.28828786739, 52942.752788399135
863.300999879837, 42946.28828786739, 52942.752788399135
863.3050000667572, 42946.28828786739, 52942.752788399135
863.3050000667572, 42946.28828786739, 52942.752788399135
866.4279999732971, 42946.28828786739, 52942.752788399135
866.4340000152588, 42946.28828786739, 52942.752788399135
866.4400000572205, 42946.28828786739, 52942.752788399135
866.444000005722, 42946.28828786739, 52941.642402114696
866.4489998817444, 42946.28828786739, 52941.642402114696
866.4539999961853, 42946.28828786739, 52941.642402114696
866.4539999961853, 42946.28828786739, 52941.642402114696
866.4539999961853, 42946.28828786739, 52941.642402114696
866.4679999351501, 42946.28828786739, 52941.642402114696
869.8780000209808, 42946.28828786739, 52941.642402114696
869.885999917984, 42946.28828786739, 52941.642402114696
869.8949999809265, 42946.28828786739, 52941.642402114696
869.8999998569489, 42946.28828786739, 52941.642402114696
869.9059998989105, 42946.28828786739, 52939.41920637598
869.9059998989105, 42946.28828786739, 52939.41920637598
869.9059998989105, 42946.28828786739, 52938.514861864234
869.9240000247955, 42946.28828786739, 52938.514861864234
869.9240000247955, 42946.28828786739, 52937.73401666666
873.4379999637604, 42946.28828786739, 52937.73401666666
873.4449999332428, 42946.28828786739, 52937.73401666666
873.4489998817444, 42946.28828786739, 52937.73401666666
873.454999923706, 42946.28828786739, 52937.73401666666
873.4639999866486, 42946.28828786739, 52937.73401666666
873.4660000801086, 42946.28828786739, 52937.73401666666
873.4749999046326, 42946.28828786739, 52937.32812020243
873.4779999256134, 42946.28828786739, 52937.32812020243
873.4849998950958, 42946.28828786739, 52937.03826905488
873.4889998435974, 42946.28828786739, 52936.362716114905
876.9029998779297, 42946.28828786739, 52936.362716114905
876.9070000648499, 42946.28828786739, 52936.362716114905
876.9099998474121, 42946.28828786739, 52936.362716114905
876.920000076294, 42946.28828786739, 52935.65832785088
876.9249999523163, 42946.28828786739, 52935.65832785088
876.9319999217987, 42946.28828786739, 52935.65832785088
880.5030000209808, 42946.28828786739, 52935.65832785088
880.5030000209808, 42946.28828786739, 52935.65832785088
880.5030000209808, 42946.28828786739, 52935.65832785088
880.5249998569489, 42946.28828786739, 52934.42937130026
880.5309998989105, 42946.28828786739, 52934.42937130026
880.5369999408722, 42946.28828786739, 52933.79715908974
883.9400000572205, 42946.28828786739, 52933.79715908974
883.9459998607635, 42946.28828786739, 52933.66105870411
883.9500000476837, 42946.28828786739, 52933.66105870411
883.954999923706, 42946.28828786739, 52933.66105870411
883.9589998722076, 42946.28828786739, 52933.66105870411
883.9619998931885, 42946.28828786739, 52932.28427156614
883.9619998931885, 42946.28828786739, 52932.28427156614
883.9619998931885, 42946.28828786739, 52932.25209974934
887.4500000476837, 42946.28828786739, 52932.25209974934
887.4570000171661, 42946.28828786739, 52932.25209974934
887.4579999446869, 42946.28828786739, 52932.25209974934
887.4579999446869, 42946.28828786739, 52932.25209974934
887.4579999446869, 42946.28828786739, 52932.25209974934
887.4579999446869, 42946.28828786739, 52932.25209974934
887.4769999980927, 42946.28828786739, 52931.14258000869
887.4830000400543, 42946.28828786739, 52931.14258000869
887.4860000610352, 42946.28828786739, 52931.14258000869
887.4919998645782, 42946.28828786739, 52930.52538923506
887.5009999275208, 42946.28828786739, 52929.13089964333
891.0539999008179, 42946.28828786739, 52928.497558336785
891.0599999427795, 42946.28828786739, 52928.497558336785
891.0650000572205, 42946.28828786739, 52928.497558336785
891.0709998607635, 42946.28828786739, 52928.497558336785
891.0750000476837, 42946.28828786739, 52928.497558336785
891.079999923706, 42946.28828786739, 52928.497558336785
891.0839998722076, 42946.28828786739, 52928.28643885812
894.2530000209808, 42946.28828786739, 52928.28643885812
894.2569999694824, 42946.28828786739, 52928.28643885812
894.2630000114441, 42946.28828786739, 52928.28643885812
894.2669999599457, 42946.28828786739, 52928.28643885812
894.2669999599457, 42946.28828786739, 52926.7623236752
894.2799999713898, 42946.28828786739, 52926.7623236752
894.2839999198914, 42946.28828786739, 52925.208427716956
894.287999868393, 42946.28828786739, 52925.208427716956
894.2929999828339, 42946.28828786739, 52925.208427716956
894.2979998588562, 42946.28828786739, 52925.208427716956
897.6800000667572, 42946.28828786739, 52924.72805686286
897.6879999637604, 42946.28828786739, 52924.45287817964
897.6930000782013, 42946.28828786739, 52924.45287817964
897.7000000476837, 42946.28828786739, 52924.45287817964
897.7070000171661, 42946.28828786739, 52924.45287817964
897.7109999656677, 42946.28828786739, 52924.45287817964
897.7119998931885, 42946.28828786739, 52924.45287817964
897.7119998931885, 42946.28828786739, 52924.45287817964
897.7269999980927, 42946.28828786739, 52923.914444051814
897.7289998531342, 42946.28828786739, 52923.764477761
897.7419998645782, 42946.28828786739, 52923.30673833696
901.3819999694824, 42946.28828786739, 52923.30673833696
901.3989999294281, 42946.28828786739, 52923.30673833696
901.3989999294281, 42946.28828786739, 52922.49095120987
901.3989999294281, 42946.28828786739, 52922.49095120987
901.4140000343323, 42946.28828786739, 52922.49095120987
901.4189999103546, 42946.28828786739, 52922.49095120987
901.4240000247955, 42946.28828786739, 52922.49095120987
901.4240000247955, 42946.28828786739, 52922.49095120987
901.4329998493195, 42946.28828786739, 52922.49095120987
901.4370000362396, 42946.28828786739, 52922.49095120987
901.4370000362396, 42946.28828786739, 52922.49095120987
904.1229999065399, 42946.28828786739, 52922.49095120987
904.1269998550415, 42946.28828786739, 52922.49095120987
904.1319999694824, 42946.28828786739, 52922.49095120987
904.1349999904633, 42946.28828786739, 52922.49095120987
904.1410000324249, 42946.28828786739, 52922.49095120987
904.1449999809265, 42946.28828786739, 52920.71338316936
904.1489999294281, 42946.28828786739, 52920.71338316936
907.5809998512268, 42946.28828786739, 52920.71338316936
907.5809998512268, 42946.28828786739, 52920.71338316936
907.595999956131, 42946.28828786739, 52920.71338316936
907.6029999256134, 42946.28828786739, 52920.71338316936
907.6029999256134, 42946.28828786739, 52920.71338316936
907.6150000095367, 42946.28828786739, 52919.58013632229
907.6210000514984, 42946.28828786739, 52919.58013632229
911.154000043869, 42946.28828786739, 52919.58013632229
911.1589999198914, 42946.28828786739, 52919.58013632229
911.1640000343323, 42946.28828786739, 52919.58013632229
911.175999879837, 42946.28828786739, 52919.58013632229
914.5739998817444, 42946.28828786739, 52918.47876096302
914.5780000686646, 42946.28828786739, 52918.36456897327
914.5829999446869, 42946.28828786739, 52918.36456897327
914.585000038147, 42946.28828786739, 52918.36456897327
914.5889999866486, 42946.28828786739, 52918.36456897327
914.5939998626709, 42946.28828786739, 52918.36456897327
914.5969998836517, 42946.28828786739, 52918.36456897327
914.5989999771118, 42946.28828786739, 52918.36456897327
914.6010000705719, 42946.28828786739, 52918.36456897327
914.6059999465942, 42946.28828786739, 52918.36456897327
914.6080000400543, 42946.28828786739, 52918.36456897327
918.069000005722, 42946.28828786739, 52916.81919499363
918.0750000476837, 42946.28828786739, 52916.81919499363
918.0820000171661, 42946.28828786739, 52916.81919499363
918.0880000591278, 42946.28828786739, 52916.81919499363
918.0950000286102, 42946.28828786739, 52916.00952225076
921.5460000038147, 42946.28828786739, 52913.220617169114
921.5590000152588, 42946.28828786739, 52913.220617169114
921.5629999637604, 42946.28828786739, 52913.220617169114
921.569000005722, 42946.28828786739, 52913.220617169114
921.5759999752045, 42946.28828786739, 52913.220617169114
921.5869998931885, 42946.28828786739, 52912.75460875071
921.5929999351501, 42946.28828786739, 52912.401109339735
921.5969998836517, 42946.28828786739, 52912.401109339735
921.5969998836517, 42946.28828786739, 52912.401109339735
925.319000005722, 42946.28828786739, 52912.401109339735
925.319000005722, 42946.28828786739, 52912.401109339735
925.3420000076294, 42946.28828786739, 52912.401109339735
925.3439998626709, 42946.28828786739, 52912.401109339735
925.3550000190735, 42946.28828786739, 52912.401109339735
925.3550000190735, 42946.28828786739, 52912.401109339735
925.3550000190735, 42946.28828786739, 52912.401109339735
925.3710000514984, 42946.28828786739, 52912.401109339735
925.3710000514984, 42946.28828786739, 52912.401109339735
925.3710000514984, 42946.28828786739, 52912.401109339735
925.3710000514984, 42946.28828786739, 52912.401109339735
925.3899998664856, 42946.28828786739, 52912.401109339735
925.3899998664856, 42946.28828786739, 52912.401109339735
925.3899998664856, 42946.28828786739, 52912.401109339735
925.3899998664856, 42946.28828786739, 52912.401109339735
928.9379999637604, 42946.28828786739, 52912.401109339735
928.941999912262, 42946.28828786739, 52910.35749349837
928.9449999332428, 42946.28828786739, 52910.35749349837
928.9479999542236, 42946.28828786739, 52909.32862540943
928.9479999542236, 42946.28828786739, 52909.32862540943
928.9479999542236, 42946.28828786739, 52909.32862540943
928.9479999542236, 42946.28828786739, 52909.32862540943
928.9479999542236, 42946.28828786739, 52909.32862540943
928.9660000801086, 42946.28828786739, 52909.32862540943
928.9700000286102, 42946.28828786739, 52909.32862540943
928.9739999771118, 42946.28828786739, 52909.32862540943
932.3029999732971, 42946.28828786739, 52909.32862540943
932.3159999847412, 42946.28828786739, 52908.01370398472
932.3180000782013, 42946.28828786739, 52906.57174211197
932.3180000782013, 42946.28828786739, 52906.57174211197
932.3180000782013, 42946.28828786739, 52906.391695056336
932.3180000782013, 42946.28828786739, 52906.391695056336
932.3399999141693, 42946.28828786739, 52905.196965337505
935.9349999427795, 42946.28828786739, 52905.196965337505
935.9409999847412, 42946.28828786739, 52904.54553183183
935.9489998817444, 42946.28828786739, 52904.54553183183
935.954999923706, 42946.28828786739, 52904.54553183183
935.9579999446869, 42946.28828786739, 52904.54553183183
935.9609999656677, 42946.28828786739, 52904.54553183183
935.9609999656677, 42946.28828786739, 52904.54553183183
935.9609999656677, 42946.28828786739, 52904.54553183183
935.9609999656677, 42946.28828786739, 52904.54553183183
935.9779999256134, 42946.28828786739, 52904.54553183183
935.9779999256134, 42946.28828786739, 52904.54553183183
935.9779999256134, 42946.28828786739, 52904.54553183183
935.9779999256134, 42946.28828786739, 52904.54553183183
939.6849999427795, 42946.28828786739, 52904.54553183183
939.6909999847412, 42946.28828786739, 52904.54553183183
939.6949999332428, 42946.28828786739, 52903.86662525246
939.7009999752045, 42946.28828786739, 52903.86662525246
939.704999923706, 42946.28828786739, 52903.86662525246
939.7089998722076, 42946.28828786739, 52903.86662525246
939.7149999141693, 42946.28828786739, 52903.554248465836
939.7230000495911, 42946.28828786739, 52903.554248465836
939.7289998531342, 42946.28828786739, 52903.554248465836
939.7339999675751, 42946.28828786739, 52901.35028235108
939.7419998645782, 42946.28828786739, 52901.35028235108
942.8069999217987, 42946.28828786739, 52901.29019291095
942.8109998703003, 42946.28828786739, 52901.29019291095
942.8109998703003, 42946.28828786739, 52901.29019291095
942.8109998703003, 42946.28828786739, 52901.29019291095
942.8239998817444, 42946.28828786739, 52900.52763622022
942.8280000686646, 42946.28828786739, 52900.52763622022
942.8359999656677, 42946.28828786739, 52900.52763622022
942.8380000591278, 42946.28828786739, 52900.52763622022
942.845999956131, 42946.28828786739, 52900.410153622935
942.8480000495911, 42946.28828786739, 52900.410153622935
942.8480000495911, 42946.28828786739, 52900.410153622935
942.8480000495911, 42946.28828786739, 52900.410153622935
942.8629999160767, 42946.28828786739, 52900.410153622935
942.8629999160767, 42946.28828786739, 52900.410153622935
942.8629999160767, 42946.28828786739, 52900.410153622935
942.8629999160767, 42946.28828786739, 52900.410153622935
946.3799998760223, 42946.28828786739, 52900.410153622935
946.3840000629425, 42946.28828786739, 52900.410153622935
946.3899998664856, 42946.28828786739, 52900.410153622935
946.3959999084473, 42946.28828786739, 52899.32636376349
946.4010000228882, 42946.28828786739, 52899.32636376349
946.4010000228882, 42946.28828786739, 52899.32636376349
946.4010000228882, 42946.28828786739, 52898.67048664802
946.4179999828339, 42946.28828786739, 52898.67048664802
946.4179999828339, 42946.28828786739, 52897.88458487384
949.9349999427795, 42946.28828786739, 52897.88458487384
949.9349999427795, 42946.28828786739, 52897.25900873389
949.9349999427795, 42946.28828786739, 52896.81717407426
949.9519999027252, 42946.28828786739, 52896.81717407426
949.9559998512268, 42946.28828786739, 52896.81717407426
949.960000038147, 42946.28828786739, 52896.81717407426
949.9630000591278, 42946.28828786739, 52896.81717407426
953.454999923706, 42946.28828786739, 52896.81717407426
953.454999923706, 42946.28828786739, 52896.81717407426
953.4700000286102, 42946.28828786739, 52896.81717407426
953.4719998836517, 42946.28828786739, 52896.81717407426
953.4749999046326, 42946.28828786739, 52896.81717407426
953.4779999256134, 42946.28828786739, 52896.81717407426
953.4779999256134, 42946.28828786739, 52896.81717407426
953.4900000095367, 42946.28828786739, 52896.81717407426
953.4919998645782, 42946.28828786739, 52896.81717407426
953.4919998645782, 42946.28828786739, 52896.81717407426
953.4919998645782, 42946.28828786739, 52896.81717407426
957.1219999790192, 42946.28828786739, 52896.81717407426
957.1269998550415, 42946.28828786739, 52896.81717407426
957.1319999694824, 42946.28828786739, 52896.81717407426
957.1369998455048, 42946.28828786739, 52894.8013423995
957.1380000114441, 42946.28828786739, 52894.8013423995
957.1480000019073, 42946.28828786739, 52893.911111809975
957.1480000019073, 42946.28828786739, 52893.911111809975
957.1610000133514, 42946.28828786739, 52893.71522266477
957.1610000133514, 42946.28828786739, 52893.71522266477
957.1770000457764, 42946.28828786739, 52893.71522266477
957.1789999008179, 42946.28828786739, 52892.71181677011
957.1909999847412, 42946.28828786739, 52892.71181677011
957.1949999332428, 42946.28828786739, 52892.71181677011
957.1949999332428, 42946.28828786739, 52892.71181677011
960.9860000610352, 42946.28828786739, 52892.71181677011
960.9909999370575, 42946.28828786739, 52892.71181677011
960.9969999790192, 42946.28828786739, 52892.71181677011
961.0030000209808, 42946.28828786739, 52892.71181677011
961.0079998970032, 42946.28828786739, 52892.71181677011
961.0149998664856, 42946.28828786739, 52892.71181677011
961.0149998664856, 42946.28828786739, 52892.71181677011
961.0260000228882, 42946.28828786739, 52892.71181677011
961.0299999713898, 42946.28828786739, 52892.71181677011
961.0299999713898, 42946.28828786739, 52892.71181677011
961.0429999828339, 42946.28828786739, 52892.71181677011
961.0429999828339, 42946.28828786739, 52890.26427065434
961.0429999828339, 42946.28828786739, 52890.26427065434
964.7149999141693, 42946.28828786739, 52889.812620784396
964.7149999141693, 42946.28828786739, 52889.812620784396
964.731999874115, 42946.28828786739, 52889.30412073437
964.731999874115, 42946.28828786739, 52889.30412073437
964.731999874115, 42946.28828786739, 52889.30412073437
964.731999874115, 42946.28828786739, 52889.30412073437
968.2990000247955, 42946.28828786739, 52889.30412073437
968.305999994278, 42946.28828786739, 52889.30412073437
968.3129999637604, 42946.28828786739, 52888.33035355833
968.316999912262, 42946.28828786739, 52888.33035355833
968.3209998607635, 42946.28828786739, 52888.33035355833
968.3229999542236, 42946.28828786739, 52888.33035355833
972.0709998607635, 42946.28828786739, 52888.33035355833
972.0759999752045, 42946.28828786739, 52888.33035355833
972.0820000171661, 42946.28828786739, 52888.33035355833
972.0859999656677, 42946.28828786739, 52888.33035355833
972.0929999351501, 42946.28828786739, 52887.93571580586
972.0969998836517, 42946.28828786739, 52887.93571580586
972.1050000190735, 42946.28828786739, 52887.049057889395
972.1099998950958, 42946.28828786739, 52887.049057889395
972.1150000095367, 42946.28828786739, 52887.049057889395
975.7809998989105, 42946.28828786739, 52887.049057889395
975.7909998893738, 42946.28828786739, 52884.86037414603
975.7969999313354, 42946.28828786739, 52884.86037414603
975.8020000457764, 42946.28828786739, 52884.86037414603
975.805999994278, 42946.28828786739, 52884.86037414603
975.8109998703003, 42946.28828786739, 52884.86037414603
975.8109998703003, 42946.28828786739, 52884.84808104633
979.4329998493195, 42946.28828786739, 52881.97884181367
979.4389998912811, 42946.28828786739, 52881.97884181367
979.444000005722, 42946.28828786739, 52881.97884181367
979.4479999542236, 42946.28828786739, 52880.90408145883
979.4530000686646, 42946.28828786739, 52880.90408145883
979.4570000171661, 42946.28828786739, 52880.90408145883
979.460000038147, 42946.28828786739, 52880.90408145883
979.4639999866486, 42946.28828786739, 52880.200846884334
979.4649999141693, 42946.28828786739, 52880.200846884334
979.4649999141693, 42946.28828786739, 52880.200846884334
979.4649999141693, 42946.28828786739, 52877.65316794645
979.4779999256134, 42946.28828786739, 52877.65316794645
979.4809999465942, 42946.28828786739, 52877.65316794645
983.0479998588562, 42946.28828786739, 52877.65316794645
983.0520000457764, 42946.28828786739, 52877.65316794645
983.0639998912811, 42946.28828786739, 52876.91634494748
983.0680000782013, 42946.28828786739, 52876.91634494748
986.7760000228882, 42946.28828786739, 52876.64583415331
986.7829999923706, 42946.28828786739, 52876.64583415331
986.7890000343323, 42946.28828786739, 52876.445602019594
986.7929999828339, 42946.28828786739, 52876.20359285392
986.7979998588562, 42946.28828786739, 52876.20359285392
986.800999879837, 42946.28828786739, 52876.20359285392
986.8020000457764, 42946.28828786739, 52876.20359285392
986.8020000457764, 42946.28828786739, 52874.66266215684
990.4760000705719, 42946.28828786739, 52874.66266215684
990.4760000705719, 42946.28828786739, 52874.66266215684
990.4909999370575, 42946.28828786739, 52874.21518159961
990.4949998855591, 42946.28828786739, 52874.21518159961
990.5039999485016, 42946.28828786739, 52874.21518159961
990.5149998664856, 42946.28828786739, 52874.21518159961
994.3329999446869, 42946.28828786739, 52874.21518159961
994.3329999446869, 42946.28828786739, 52874.21518159961
994.3429999351501, 42946.28828786739, 52872.7037190712
994.3489999771118, 42946.28828786739, 52872.7037190712
994.3519999980927, 42946.28828786739, 52872.7037190712
994.3519999980927, 42946.28828786739, 52872.7037190712
994.3650000095367, 42946.28828786739, 52872.7037190712
994.3689999580383, 42946.28828786739, 52872.7037190712
997.7469999790192, 42946.28828786739, 52872.678207125755
997.7539999485016, 42946.28828786739, 52872.678207125755
997.7630000114441, 42946.28828786739, 52872.678207125755
997.7699999809265, 42946.28828786739, 52872.678207125755
997.7749998569489, 42946.28828786739, 52872.678207125755
997.7799999713898, 42946.28828786739, 52872.678207125755
997.7820000648499, 42946.28828786739, 52872.678207125755
997.789999961853, 42946.28828786739, 52872.678207125755
997.7920000553131, 42946.28828786739, 52872.678207125755
997.7920000553131, 42946.28828786739, 52872.678207125755
997.8050000667572, 42946.28828786739, 52872.678207125755
997.8069999217987, 42946.28828786739, 52872.678207125755
997.8069999217987, 42946.28828786739, 52872.678207125755
1001.6779999732971, 42946.28828786739, 52871.28770032354
1001.6840000152588, 42946.28828786739, 52871.28770032354
1001.6909999847412, 42946.28828786739, 52871.28770032354
1001.6949999332428, 42946.28828786739, 52871.28770032354
1001.7059998512268, 42946.28828786739, 52871.28770032354
1001.7059998512268, 42946.28828786739, 52871.28770032354
1001.7200000286102, 42946.28828786739, 52871.28770032354
1001.720999956131, 42946.28828786739, 52871.28770032354
1001.720999956131, 42946.28828786739, 52871.28770032354
1001.7360000610352, 42946.28828786739, 52871.28770032354
1001.7360000610352, 42946.28828786739, 52871.28770032354
1001.7360000610352, 42946.28828786739, 52869.999395099534
1001.7539999485016, 42946.28828786739, 52869.999395099534
1005.1559998989105, 42946.28828786739, 52869.999395099534
1005.1659998893738, 42946.28828786739, 52868.215864291
1005.1719999313354, 42946.28828786739, 52868.215864291
1005.180999994278, 42946.28828786739, 52868.215864291
1005.1849999427795, 42946.28828786739, 52868.215864291
1005.1889998912811, 42946.28828786739, 52868.215864291
1005.194000005722, 42946.28828786739, 52866.81975176353
1005.2030000686646, 42946.28828786739, 52866.756297943175
1005.2070000171661, 42946.28828786739, 52866.756297943175
1005.2070000171661, 42946.28828786739, 52866.756297943175
1009.1210000514984, 42946.28828786739, 52866.739269097045
1009.1340000629425, 42946.28828786739, 52866.739269097045
1009.1369998455048, 42946.28828786739, 52866.739269097045
1009.1369998455048, 42946.28828786739, 52866.739269097045
1009.1369998455048, 42946.28828786739, 52866.739269097045
1009.1510000228882, 42946.28828786739, 52866.739269097045
1009.1529998779297, 42946.28828786739, 52866.739269097045
1009.1529998779297, 42946.28828786739, 52865.807047345865
1009.1529998779297, 42946.28828786739, 52865.76999892558
1012.3029999732971, 42946.28828786739, 52865.76999892558
1012.3079998493195, 42946.28828786739, 52865.76999892558
1012.3109998703003, 42946.28828786739, 52865.76999892558
1012.316999912262, 42946.28828786739, 52864.39458440488
1012.3209998607635, 42946.28828786739, 52864.39458440488
1012.3209998607635, 42946.28828786739, 52864.39458440488
1012.3320000171661, 42946.28828786739, 52862.29537689118
1012.3320000171661, 42946.28828786739, 52862.29537689118
1016.204999923706, 42946.28828786739, 52862.29537689118
1016.210000038147, 42946.28828786739, 52862.29537689118
1016.210000038147, 42946.28828786739, 52862.29537689118
1016.210000038147, 42946.28828786739, 52862.29537689118
1016.210000038147, 42946.28828786739, 52860.74485178477
1016.2260000705719, 42946.28828786739, 52860.74485178477
1016.2289998531342, 42946.28828786739, 52860.74485178477
1016.231999874115, 42946.28828786739, 52860.74485178477
1016.2360000610352, 42946.28828786739, 52860.74485178477
1016.2409999370575, 42946.28828786739, 52858.84879659544
1019.8949999809265, 42946.28828786739, 52858.84879659544
1019.8989999294281, 42946.28828786739, 52858.84879659544
1019.8989999294281, 42946.28828786739, 52858.84879659544
1019.9049999713898, 42946.28828786739, 52858.84879659544
1019.9089999198914, 42946.28828786739, 52858.84879659544
1019.9140000343323, 42946.28828786739, 52858.84879659544
1019.9179999828339, 42946.28828786739, 52858.84879659544
1019.9219999313354, 42946.28828786739, 52858.84879659544
1023.595999956131, 42946.28828786739, 52858.84879659544
1023.595999956131, 42946.28828786739, 52858.84879659544
1023.6089999675751, 42946.28828786739, 52858.84879659544
1023.6159999370575, 42946.28828786739, 52856.36101141789
1023.625, 42946.28828786739, 52856.09393206662
1023.6280000209808, 42946.28828786739, 52856.09393206662
1023.6280000209808, 42946.28828786739, 52856.09393206662
1023.6389999389648, 42946.28828786739, 52856.09393206662
1023.6459999084473, 42946.28828786739, 52856.09393206662
1023.6519999504089, 42946.28828786739, 52856.09393206662
1023.6610000133514, 42946.28828786739, 52855.717090568636
1023.6670000553131, 42946.28828786739, 52855.717090568636
1027.4800000190735, 42946.28828786739, 52855.717090568636
1027.486999988556, 42946.28828786739, 52855.40702994837
1027.4909999370575, 42946.28828786739, 52854.405021307204
1027.4990000724792, 42946.28828786739, 52854.405021307204
1027.5049998760223, 42946.28828786739, 52854.405021307204
1027.5049998760223, 42946.28828786739, 52854.405021307204
1027.5199999809265, 42946.28828786739, 52854.405021307204
1031.1050000190735, 42946.28828786739, 52853.42148783684
1031.1050000190735, 42946.28828786739, 52853.42148783684
1031.1050000190735, 42946.28828786739, 52853.42148783684
1031.1210000514984, 42946.28828786739, 52853.42148783684
1031.125, 42946.28828786739, 52853.42148783684
1031.1310000419617, 42946.28828786739, 52853.42148783684
1031.1349999904633, 42946.28828786739, 52853.42148783684
1031.1389999389648, 42946.28828786739, 52853.42148783684
1031.1419999599457, 42946.28828786739, 52853.42148783684
1031.1419999599457, 42946.28828786739, 52853.42148783684
1031.1419999599457, 42946.28828786739, 52853.42148783684
1031.1549999713898, 42946.28828786739, 52853.42148783684
1031.1589999198914, 42946.28828786739, 52853.42148783684
1031.1589999198914, 42946.28828786739, 52850.98675734946
1031.1719999313354, 42946.28828786739, 52849.43933931235
1031.1770000457764, 42946.28828786739, 52849.43933931235
1034.8320000171661, 42946.28828786739, 52849.43933931235
1034.8320000171661, 42946.28828786739, 52849.43933931235
1034.8320000171661, 42946.28828786739, 52849.43933931235
1034.8320000171661, 42946.28828786739, 52849.43933931235
1034.8489999771118, 42946.28828786739, 52849.43933931235
1034.8489999771118, 42946.28828786739, 52849.3496549045
1034.8489999771118, 42946.28828786739, 52849.3496549045
1038.670000076294, 42946.28828786739, 52848.27440570204
1038.6749999523163, 42946.28828786739, 52848.27440570204
1038.6840000152588, 42946.28828786739, 52848.27440570204
1038.6930000782013, 42946.28828786739, 52847.28325211421
1042.5039999485016, 42946.28828786739, 52845.248372688024
1042.5039999485016, 42946.28828786739, 52845.248372688024
1042.5190000534058, 42946.28828786739, 52844.63606375587
1042.523999929428, 42946.28828786739, 52843.85757451891
1046.2279999256134, 42946.28828786739, 52843.85757451891
1046.24799990654, 42946.28828786739, 52843.85757451891
1046.25, 42946.28828786739, 52843.85757451891
1046.25, 42946.28828786739, 52843.85757451891
1046.2639999389648, 42946.28828786739, 52843.34875071907
1046.2690000534058, 42946.28828786739, 52842.621944078404
1049.9189999103546, 42946.28828786739, 52842.621944078404
1049.930999994278, 42946.28828786739, 52841.759127944504
1049.9340000152588, 42946.28828786739, 52841.759127944504
1049.9379999637604, 42946.28828786739, 52841.759127944504
1049.941999912262, 42946.28828786739, 52841.759127944504
1049.9459998607635, 42946.28828786739, 52841.759127944504
1049.9500000476837, 42946.28828786739, 52841.56083880814
1049.9530000686646, 42946.28828786739, 52841.56083880814
1049.9539999961853, 42946.28828786739, 52841.56083880814
1049.9539999961853, 42946.28828786739, 52841.56083880814
1049.9539999961853, 42946.28828786739, 52841.22585753435
1053.316999912262, 42946.28828786739, 52841.22585753435
1053.3239998817444, 42946.28828786739, 52841.22585753435
1053.3239998817444, 42946.28828786739, 52841.22585753435
1053.3359999656677, 42946.28828786739, 52841.22585753435
1053.3429999351501, 42946.28828786739, 52841.22585753435
1053.3429999351501, 42946.28828786739, 52841.22585753435
1053.3519999980927, 42946.28828786739, 52841.09094999323
1053.356999874115, 42946.28828786739, 52841.09094999323
1053.3629999160767, 42946.28828786739, 52841.09094999323
1053.3680000305176, 42946.28828786739, 52841.09094999323
1053.369999885559, 42946.28828786739, 52841.09094999323
1053.3759999275208, 42946.28828786739, 52841.09094999323
1053.3759999275208, 42946.28828786739, 52841.09094999323
1053.3869998455048, 42946.28828786739, 52841.09094999323
1057.1240000724792, 42946.28828786739, 52838.74340499305
1057.1280000209808, 42946.28828786739, 52838.74340499305
1057.1419999599457, 42946.28828786739, 52838.74340499305
1057.1470000743866, 42946.28828786739, 52837.58145648225
1057.1470000743866, 42946.28828786739, 52837.58145648225
1060.8539998531342, 42946.28828786739, 52837.58145648225
1060.8669998645782, 42946.28828786739, 52837.58145648225
1060.87299990654, 42946.28828786739, 52837.58145648225
1060.8759999275208, 42946.28828786739, 52837.32597621192
1060.8759999275208, 42946.28828786739, 52837.30767464489
1060.8889999389648, 42946.28828786739, 52836.87985048805
1060.8899998664856, 42946.28828786739, 52836.46322506633
1060.8899998664856, 42946.28828786739, 52836.46322506633
1064.707999944687, 42946.28828786739, 52835.92074521405
1064.7119998931885, 42946.28828786739, 52835.92074521405
1064.7160000801086, 42946.28828786739, 52835.92074521405
1064.718999862671, 42946.28828786739, 52835.92074521405
1064.723000049591, 42946.28828786739, 52835.92074521405
1064.7269999980927, 42946.28828786739, 52835.92074521405
1064.7289998531342, 42946.28828786739, 52835.92074521405
1064.733999967575, 42946.28828786739, 52835.92074521405
1064.7400000095367, 42946.28828786739, 52835.92074521405
1064.7439999580383, 42946.28828786739, 52835.48354438274
1064.7509999275208, 42946.28828786739, 52835.48354438274
1064.7569999694824, 42946.28828786739, 52833.42828664035
1068.523999929428, 42946.28828786739, 52833.42828664035
1068.5390000343323, 42946.28828786739, 52833.38190890202
1068.5469999313354, 42946.28828786739, 52833.38190890202
1068.5469999313354, 42946.28828786739, 52833.38190890202
1068.5579998493195, 42946.28828786739, 52833.38190890202
1068.5629999637604, 42946.28828786739, 52833.38190890202
1072.4719998836517, 42946.28828786739, 52833.38190890202
1072.483999967575, 42946.28828786739, 52833.38190890202
1072.4909999370575, 42946.28828786739, 52833.38190890202
1072.4930000305176, 42946.28828786739, 52833.38190890202
1072.4930000305176, 42946.28828786739, 52833.38190890202
1072.4930000305176, 42946.28828786739, 52833.38190890202
1072.5079998970032, 42946.28828786739, 52832.05183485171
1072.5079998970032, 42946.28828786739, 52831.48687633739
1072.5230000019073, 42946.28828786739, 52831.48687633739
1075.968999862671, 42946.28828786739, 52829.854218238615
1075.968999862671, 42946.28828786739, 52829.58044118546
1075.968999862671, 42946.28828786739, 52829.58044118546
1075.9860000610352, 42946.28828786739, 52829.58044118546
1075.9889998435974, 42946.28828786739, 52829.58044118546
1075.9930000305176, 42946.28828786739, 52829.58044118546
1075.9960000514984, 42946.28828786739, 52829.58044118546
1076.0030000209808, 42946.28828786739, 52829.58044118546
1076.0069999694824, 42946.28828786739, 52829.58044118546
1076.010999917984, 42946.28828786739, 52827.03972103625
1079.9319999217987, 42946.28828786739, 52826.92847341463
1079.9400000572205, 42946.28828786739, 52826.92847341463
1079.9449999332428, 42946.28828786739, 52826.92847341463
1079.9489998817444, 42946.28828786739, 52826.92847341463
1079.9519999027252, 42946.28828786739, 52826.92847341463
1079.9519999027252, 42946.28828786739, 52826.92847341463
1079.9519999027252, 42946.28828786739, 52826.92847341463
1083.5620000362396, 42946.28828786739, 52826.91066660772
1083.5699999332428, 42946.28828786739, 52826.91066660772
1083.5720000267029, 42946.28828786739, 52826.91066660772
1083.5839998722076, 42946.28828786739, 52825.45711100351
1083.5889999866486, 42946.28828786739, 52824.97637975821
1083.5910000801086, 42946.28828786739, 52824.97637975821
1083.5910000801086, 42946.28828786739, 52824.895670192986
1083.5910000801086, 42946.28828786739, 52824.895670192986
1083.6110000610352, 42946.28828786739, 52824.895670192986
1083.6129999160767, 42946.28828786739, 52824.895670192986
1087.4649999141693, 42946.28828786739, 52824.895670192986
1087.4830000400543, 42946.28828786739, 52823.65747221051
1087.4900000095367, 42946.28828786739, 52823.49804697246
1087.5009999275208, 42946.28828786739, 52823.49804697246
1087.5049998760223, 42946.28828786739, 52823.49804697246
1087.5090000629425, 42946.28828786739, 52822.883288416204
1087.510999917984, 42946.28828786739, 52822.883288416204
1087.5139999389648, 42946.28828786739, 52822.883288416204
1087.5199999809265, 42946.28828786739, 52822.883288416204
1087.5230000019073, 42946.28828786739, 52822.883288416204
1087.526999950409, 42946.28828786739, 52822.883288416204
1087.5329999923706, 42946.28828786739, 52822.601187094246
1091.2579998970032, 42946.28828786739, 52822.601187094246
1091.263000011444, 42946.28828786739, 52822.601187094246
1091.2669999599457, 42946.28828786739, 52822.601187094246
1091.2709999084473, 42946.28828786739, 52822.601187094246
1091.2779998779297, 42946.28828786739, 52822.601187094246
1091.2839999198914, 42946.28828786739, 52822.601187094246
1091.2839999198914, 42946.28828786739, 52822.601187094246
1091.2960000038147, 42946.28828786739, 52822.601187094246
1091.2979998588562, 42946.28828786739, 52822.601187094246
1091.2979998588562, 42946.28828786739, 52822.601187094246
1091.2979998588562, 42946.28828786739, 52822.601187094246
1091.3120000362396, 42946.28828786739, 52822.601187094246
1091.3129999637604, 42946.28828786739, 52822.601187094246
1091.3129999637604, 42946.28828786739, 52821.64974477563
1094.7869999408722, 42946.28828786739, 52821.64974477563
1094.7939999103546, 42946.28828786739, 52821.64974477563
1094.7979998588562, 42946.28828786739, 52821.64974477563
1094.7979998588562, 42946.28828786739, 52821.61587435394
1094.7979998588562, 42946.28828786739, 52821.61587435394
1094.7979998588562, 42946.28828786739, 52821.61587435394
1094.8139998912811, 42946.28828786739, 52821.61587435394
1094.8139998912811, 42946.28828786739, 52821.61587435394
1094.8139998912811, 42946.28828786739, 52821.61587435394
1094.8139998912811, 42946.28828786739, 52821.61587435394
1094.8139998912811, 42946.28828786739, 52821.61587435394
1098.6689999103546, 42946.28828786739, 52818.44945666748
1098.675999879837, 42946.28828786739, 52818.44945666748
1098.6770000457764, 42946.28828786739, 52817.78893316986
1098.6770000457764, 42946.28828786739, 52817.51771866252
1098.6930000782013, 42946.28828786739, 52817.28320963629
1098.6959998607635, 42946.28828786739, 52817.28320963629
1098.6989998817444, 42946.28828786739, 52817.260914724655
1098.7030000686646, 42946.28828786739, 52817.260914724655
1102.2779998779297, 42946.28828786739, 52817.260914724655
1102.287999868393, 42946.28828786739, 52816.141867640756
1106.1559998989105, 42946.28828786739, 52816.141867640756
1106.1640000343323, 42946.28828786739, 52816.141867640756
1106.1710000038147, 42946.28828786739, 52816.141867640756
1106.1770000457764, 42946.28828786739, 52814.90056447792
1106.1829998493195, 42946.28828786739, 52814.90056447792
1106.1879999637604, 42946.28828786739, 52814.90056447792
1106.1889998912811, 42946.28828786739, 52814.90056447792
1106.1889998912811, 42946.28828786739, 52814.90056447792
1106.2030000686646, 42946.28828786739, 52814.0522517308
1109.8610000610352, 42946.28828786739, 52814.0522517308
1109.8740000724792, 42946.28828786739, 52814.0522517308
1109.8780000209808, 42946.28828786739, 52814.0522517308
1109.8780000209808, 42946.28828786739, 52814.0522517308
1109.8899998664856, 42946.28828786739, 52814.0522517308
1109.8940000534058, 42946.28828786739, 52814.0522517308
1109.8940000534058, 42946.28828786739, 52814.0522517308
1109.8940000534058, 42946.28828786739, 52814.00617173658
1109.9049999713898, 42946.28828786739, 52813.5596267175
1109.9049999713898, 42946.28828786739, 52813.5596267175
1109.9110000133514, 42946.28828786739, 52811.12168007824
1113.3339998722076, 42946.28828786739, 52811.08021170796
1113.3450000286102, 42946.28828786739, 52810.60968693424
1113.3529999256134, 42946.28828786739, 52810.60968693424
1113.358999967575, 42946.28828786739, 52810.60968693424
1113.3610000610352, 42946.28828786739, 52810.60968693424
1113.3610000610352, 42946.28828786739, 52810.60968693424
1113.3759999275208, 42946.28828786739, 52810.60968693424
1113.3759999275208, 42946.28828786739, 52810.59586911481
1113.3759999275208, 42946.28828786739, 52810.59586911481
1113.3929998874664, 42946.28828786739, 52810.40926973727
1117.24799990654, 42946.28828786739, 52808.88653124826
1117.2539999485016, 42946.28828786739, 52808.88653124826
1117.2579998970032, 42946.28828786739, 52808.88653124826
1117.2639999389648, 42946.28828786739, 52808.88653124826
1117.2690000534058, 42946.28828786739, 52808.77591925338
1117.2749998569489, 42946.28828786739, 52808.77341034527
1117.2779998779297, 42946.28828786739, 52808.77341034527
1117.279000043869, 42946.28828786739, 52808.77341034527
1117.2929999828339, 42946.28828786739, 52808.37338725003
1121.2019999027252, 42946.28828786739, 52806.81273716937
1121.2170000076294, 42946.28828786739, 52806.81273716937
1121.220999956131, 42946.28828786739, 52806.81273716937
1121.2309999465942, 42946.28828786739, 52806.771574743536
1121.2389998435974, 42946.28828786739, 52806.771574743536
1121.2430000305176, 42946.28828786739, 52806.74525116546
1124.8469998836517, 42946.28828786739, 52806.74525116546
1124.8539998531342, 42946.28828786739, 52806.74525116546
1124.858999967575, 42946.28828786739, 52806.74525116546
1124.8629999160767, 42946.28828786739, 52806.74525116546
1124.8629999160767, 42946.28828786739, 52806.74525116546
1124.8629999160767, 42946.28828786739, 52806.74525116546
1124.8629999160767, 42946.28828786739, 52806.74525116546
1124.8629999160767, 42946.28828786739, 52806.74525116546
1128.720999956131, 42946.28828786739, 52805.824158926356
1128.726000070572, 42946.28828786739, 52805.824158926356
1128.726000070572, 42946.28828786739, 52805.824158926356
1128.7379999160767, 42946.28828786739, 52805.824158926356
1128.7439999580383, 42946.28828786739, 52805.824158926356
1128.7490000724792, 42946.28828786739, 52804.04041702381
1132.6719999313354, 42946.28828786739, 52802.932457623865
1132.6840000152588, 42946.28828786739, 52802.932457623865
1132.6930000782013, 42946.28828786739, 52802.82461836097
1132.6930000782013, 42946.28828786739, 52802.82461836097
1132.7070000171661, 42946.28828786739, 52802.82461836097
1132.7130000591278, 42946.28828786739, 52802.82461836097
1136.6770000457764, 42946.28828786739, 52801.63922394203
1136.6829998493195, 42946.28828786739, 52801.63922394203
1136.6900000572205, 42946.28828786739, 52801.40344062526
1136.6930000782013, 42946.28828786739, 52801.40344062526
1136.7000000476837, 42946.28828786739, 52801.36362317973
1136.7039999961853, 42946.28828786739, 52801.36362317973
1136.707999944687, 42946.28828786739, 52801.36362317973
1136.7119998931885, 42946.28828786739, 52801.36362317973
1140.6909999847412, 42946.28828786739, 52801.36362317973
1140.7000000476837, 42946.28828786739, 52800.57853890577
1140.7059998512268, 42946.28828786739, 52800.57853890577
1140.7119998931885, 42946.28828786739, 52800.57853890577
1140.7149999141693, 42946.28828786739, 52800.57853890577
1144.4909999370575, 42946.28828786739, 52799.93333570035
1144.5079998970032, 42946.28828786739, 52799.93333570035
1144.5079998970032, 42946.28828786739, 52799.93333570035
1144.5079998970032, 42946.28828786739, 52799.93333570035
1144.5209999084473, 42946.28828786739, 52799.93333570035
1144.5249998569489, 42946.28828786739, 52799.93333570035
1144.5249998569489, 42946.28828786739, 52799.93333570035
1144.5360000133514, 42946.28828786739, 52799.93333570035
1144.5360000133514, 42946.28828786739, 52799.93333570035
1148.2679998874664, 42946.28828786739, 52799.93333570035
1148.2760000228882, 42946.28828786739, 52799.192632283586
1148.2809998989105, 42946.28828786739, 52799.192632283586
1148.2860000133514, 42946.28828786739, 52799.192632283586
1148.289999961853, 42946.28828786739, 52799.192632283586
1148.295000076294, 42946.28828786739, 52799.192632283586
1148.2990000247955, 42946.28828786739, 52799.192632283586
1148.3079998493195, 42946.28828786739, 52799.192632283586
1148.3099999427795, 42946.28828786739, 52799.192632283586
1148.3099999427795, 42946.28828786739, 52799.192632283586
1148.3099999427795, 42946.28828786739, 52797.965827837405
1151.8229999542236, 42946.28828786739, 52797.965827837405
1151.8399999141693, 42946.28828786739, 52796.82459272598
1151.845999956131, 42946.28828786739, 52796.82459272598
1151.8519999980927, 42946.28828786739, 52796.82459272598
1151.858999967575, 42946.28828786739, 52796.3793098227
1151.8629999160767, 42946.28828786739, 52796.3793098227
1151.8629999160767, 42946.28828786739, 52796.3793098227
1151.8780000209808, 42946.28828786739, 52796.3793098227
1151.8780000209808, 42946.28828786739, 52796.3793098227
1151.8780000209808, 42946.28828786739, 52796.3793098227
1151.891000032425, 42946.28828786739, 52796.3793098227
1151.8919999599457, 42946.28828786739, 52796.3793098227
1151.8949999809265, 42946.28828786739, 52796.3793098227
1155.6059999465942, 42946.28828786739, 52794.64759504571
1155.606999874115, 42946.28828786739, 52794.64759504571
1155.606999874115, 42946.28828786739, 52794.64759504571
1155.606999874115, 42946.28828786739, 52794.64759504571
1155.62299990654, 42946.28828786739, 52794.64759504571
1155.6269998550415, 42946.28828786739, 52794.64759504571
1155.6310000419617, 42946.28828786739, 52794.64759504571
1155.6349999904633, 42946.28828786739, 52794.64759504571
1155.6389999389648, 42946.28828786739, 52794.64759504571
1155.641000032425, 42946.28828786739, 52794.64759504571
1155.6470000743866, 42946.28828786739, 52794.64759504571
1155.6470000743866, 42946.28828786739, 52792.789627886654
1159.7779998779297, 42946.28828786739, 52792.789627886654
1159.7839999198914, 42946.28828786739, 52792.32997945646
1159.787999868393, 42946.28828786739, 52792.32997945646
1159.7909998893738, 42946.28828786739, 52792.32997945646
1159.795000076294, 42946.28828786739, 52792.32997945646
1159.7999999523163, 42946.28828786739, 52792.12253184698
1159.8050000667572, 42946.28828786739, 52792.08602435839
1159.8109998703003, 42946.28828786739, 52792.08602435839
1159.8139998912811, 42946.28828786739, 52792.08602435839
1159.8139998912811, 42946.28828786739, 52792.08602435839
1159.8139998912811, 42946.28828786739, 52792.08602435839
1159.8289999961853, 42946.28828786739, 52790.46030711599
1159.8289999961853, 42946.28828786739, 52790.46030711599
1163.7530000209808, 42946.28828786739, 52790.46030711599
1163.763000011444, 42946.28828786739, 52790.46030711599
1163.7690000534058, 42946.28828786739, 52790.46030711599
1163.779000043869, 42946.28828786739, 52790.46030711599
1163.7799999713898, 42946.28828786739, 52790.46030711599
1163.784999847412, 42946.28828786739, 52790.46030711599
1163.7960000038147, 42946.28828786739, 52790.46030711599
1163.7960000038147, 42946.28828786739, 52790.46030711599
1163.8099999427795, 42946.28828786739, 52790.46030711599
1163.8180000782013, 42946.28828786739, 52790.46030711599
1163.8280000686646, 42946.28828786739, 52789.79289123828
1167.9649999141693, 42946.28828786739, 52789.79289123828
1167.973000049591, 42946.28828786739, 52789.79289123828
1167.9779999256134, 42946.28828786739, 52789.587633023824
1167.9830000400543, 42946.28828786739, 52789.459177277495
1167.9889998435974, 42946.28828786739, 52788.73946585015
1167.994999885559, 42946.28828786739, 52788.73946585015
1167.99799990654, 42946.28828786739, 52788.73946585015
1171.9010000228882, 42946.28828786739, 52786.759170031146
1171.9059998989105, 42946.28828786739, 52786.317054078274
1171.9059998989105, 42946.28828786739, 52786.224967299655
1171.9059998989105, 42946.28828786739, 52786.224967299655
1171.917000055313, 42946.28828786739, 52786.224967299655
1171.9210000038147, 42946.28828786739, 52786.224967299655
1175.9010000228882, 42946.28828786739, 52786.224967299655
1175.9049999713898, 42946.28828786739, 52786.224967299655
1175.9089999198914, 42946.28828786739, 52786.224967299655
1175.912999868393, 42946.28828786739, 52786.224967299655
1175.917000055313, 42946.28828786739, 52786.224967299655
1175.9219999313354, 42946.28828786739, 52786.224967299655
1175.925999879837, 42946.28828786739, 52786.224967299655
1175.9300000667572, 42946.28828786739, 52786.224967299655
1175.9300000667572, 42946.28828786739, 52786.224967299655
1175.9409999847412, 42946.28828786739, 52785.267841418194
1175.941999912262, 42946.28828786739, 52785.267841418194
1179.6529998779297, 42946.28828786739, 52783.74805140467
1179.6529998779297, 42946.28828786739, 52783.74805140467
1179.6659998893738, 42946.28828786739, 52783.74805140467
1179.6689999103546, 42946.28828786739, 52783.74805140467
1179.6689999103546, 42946.28828786739, 52783.74805140467
1179.6689999103546, 42946.28828786739, 52783.74805140467
1179.6689999103546, 42946.28828786739, 52783.74805140467
1179.6849999427795, 42946.28828786739, 52783.74805140467
1179.6849999427795, 42946.28828786739, 52783.74805140467
1179.6849999427795, 42946.28828786739, 52783.74805140467
1179.6849999427795, 42946.28828786739, 52783.74805140467
1183.4779999256134, 42946.28828786739, 52783.74805140467
1183.494999885559, 42946.28828786739, 52782.70212917343
1187.4409999847412, 42946.28828786739, 52782.20627551327
1187.4489998817444, 42946.28828786739, 52782.20627551327
1187.4519999027252, 42946.28828786739, 52782.20627551327
1187.4519999027252, 42946.28828786739, 52782.20627551327
1187.4649999141693, 42946.28828786739, 52782.20627551327
1187.468999862671, 42946.28828786739, 52782.20627551327
1187.473000049591, 42946.28828786739, 52782.20627551327
1187.4809999465942, 42946.28828786739, 52782.20627551327
1187.4809999465942, 42946.28828786739, 52782.20627551327
1191.4800000190735, 42946.28828786739, 52781.6549349023
1191.4800000190735, 42946.28828786739, 52781.6549349023
1191.4969999790192, 42946.28828786739, 52781.6549349023
1191.5039999485016, 42946.28828786739, 52781.6549349023
1191.5099999904633, 42946.28828786739, 52781.6549349023
1191.516000032425, 42946.28828786739, 52780.695801545065
1191.5199999809265, 42946.28828786739, 52780.695801545065
1191.5199999809265, 42946.28828786739, 52780.09197139306
1191.5360000133514, 42946.28828786739, 52780.09197139306
1195.3550000190735, 42946.28828786739, 52780.09197139306
1195.358999967575, 42946.28828786739, 52780.09197139306
1195.358999967575, 42946.28828786739, 52780.09197139306
1195.358999967575, 42946.28828786739, 52780.09197139306
1195.358999967575, 42946.28828786739, 52779.63237064542
1195.3769998550415, 42946.28828786739, 52777.203156496354
1195.3789999485016, 42946.28828786739, 52777.203156496354
1199.4719998836517, 42946.28828786739, 52777.203156496354
1199.4860000610352, 42946.28828786739, 52775.871720437
1199.4889998435974, 42946.28828786739, 52775.871720437
1199.4889998435974, 42946.28828786739, 52775.871720437
1199.4889998435974, 42946.28828786739, 52775.871720437
1199.5030000209808, 42946.28828786739, 52775.871720437
1199.5060000419617, 42946.28828786739, 52775.871720437
1203.494999885559, 42946.28828786739, 52775.871720437
1203.5019998550415, 42946.28828786739, 52775.871720437
1203.5060000419617, 42946.28828786739, 52775.871720437
1203.5099999904633, 42946.28828786739, 52775.871720437
1203.5139999389648, 42946.28828786739, 52775.871720437
1203.5199999809265, 42946.28828786739, 52775.871720437
1203.5209999084473, 42946.28828786739, 52775.871720437
1203.5209999084473, 42946.28828786739, 52775.871720437
1207.805999994278, 42946.28828786739, 52775.547449892714
1207.8139998912811, 42946.28828786739, 52773.236980394984
1207.816999912262, 42946.28828786739, 52773.236980394984
1207.832999944687, 42946.28828786739, 52773.236980394984
1212.0099999904633, 42946.28828786739, 52773.178500256014
1212.0099999904633, 42946.28828786739, 52773.178500256014
1212.0099999904633, 42946.28828786739, 52773.178500256014
1212.023999929428, 42946.28828786739, 52773.10087692237
1212.0279998779297, 42946.28828786739, 52773.10087692237
1212.0309998989105, 42946.28828786739, 52773.10087692237
1212.0309998989105, 42946.28828786739, 52773.10087692237
1215.5659999847412, 42946.28828786739, 52772.13547803379
1215.5739998817444, 42946.28828786739, 52772.13547803379
1215.579999923706, 42946.28828786739, 52772.13547803379
1215.5880000591278, 42946.28828786739, 52772.13547803379
1215.5880000591278, 42946.28828786739, 52770.759152771825
1215.6029999256134, 42946.28828786739, 52770.759152771825
1215.6029999256134, 42946.28828786739, 52770.759152771825
1215.6029999256134, 42946.28828786739, 52770.759152771825
1215.6169998645782, 42946.28828786739, 52770.759152771825
1215.6210000514984, 42946.28828786739, 52770.759152771825
1215.6210000514984, 42946.28828786739, 52769.85902710163
1215.6210000514984, 42946.28828786739, 52769.85902710163
1215.6349999904633, 42946.28828786739, 52769.60381384563
1219.2929999828339, 42946.28828786739, 52769.385975018566
1219.2979998588562, 42946.28828786739, 52769.385975018566
1219.3020000457764, 42946.28828786739, 52769.385975018566
1219.305999994278, 42946.28828786739, 52769.385975018566
1219.3079998493195, 42946.28828786739, 52769.385975018566
1219.3079998493195, 42946.28828786739, 52769.385975018566
1219.3079998493195, 42946.28828786739, 52769.385975018566
1223.151999950409, 42946.28828786739, 52769.33471814448
1223.1559998989105, 42946.28828786739, 52769.33471814448
1223.1559998989105, 42946.28828786739, 52769.33471814448
1223.1559998989105, 42946.28828786739, 52769.33471814448
1223.1729998588562, 42946.28828786739, 52769.33471814448
1223.1779999732971, 42946.28828786739, 52769.33471814448
1223.1879999637604, 42946.28828786739, 52769.33471814448
1223.1889998912811, 42946.28828786739, 52769.33471814448
1223.2030000686646, 42946.28828786739, 52769.33471814448
1227.292000055313, 42946.28828786739, 52769.33471814448
1227.2979998588562, 42946.28828786739, 52769.33471814448
1227.3050000667572, 42946.28828786739, 52769.33471814448
1227.3090000152588, 42946.28828786739, 52769.33471814448
1227.3090000152588, 42946.28828786739, 52769.33471814448
1227.3239998817444, 42946.28828786739, 52769.33471814448
1227.3239998817444, 42946.28828786739, 52769.33471814448
1227.3239998817444, 42946.28828786739, 52769.33471814448
1227.3410000801086, 42946.28828786739, 52767.32610195798
1227.3410000801086, 42946.28828786739, 52767.32610195798
1227.3410000801086, 42946.28828786739, 52766.657602150015
1227.3410000801086, 42946.28828786739, 52765.795578546946
1230.904000043869, 42946.28828786739, 52765.795578546946
1230.9079999923706, 42946.28828786739, 52765.795578546946
1230.9159998893738, 42946.28828786739, 52765.795578546946
1230.9229998588562, 42946.28828786739, 52765.795578546946
1230.9229998588562, 42946.28828786739, 52765.21513621854
1230.9349999427795, 42946.28828786739, 52765.21513621854
1230.9370000362396, 42946.28828786739, 52765.21513621854
1230.9370000362396, 42946.28828786739, 52765.21513621854
1230.9370000362396, 42946.28828786739, 52765.21513621854
1235.037999868393, 42946.28828786739, 52765.21513621854
1235.0520000457764, 42946.28828786739, 52765.21513621854
1235.0550000667572, 42946.28828786739, 52765.21513621854
1235.0609998703003, 42946.28828786739, 52765.21513621854
1235.0680000782013, 42946.28828786739, 52764.308955494846
1235.0750000476837, 42946.28828786739, 52763.45858769217
1238.8380000591278, 42946.28828786739, 52763.45858769217
1238.8420000076294, 42946.28828786739, 52763.45858769217
1238.845999956131, 42946.28828786739, 52763.45858769217
1238.848000049591, 42946.28828786739, 52763.45858769217
1238.8519999980927, 42946.28828786739, 52763.45858769217
1238.8550000190735, 42946.28828786739, 52763.45858769217
1238.856999874115, 42946.28828786739, 52763.45858769217
1238.8629999160767, 42946.28828786739, 52763.45858769217
1238.8680000305176, 42946.28828786739, 52763.45858769217
1238.869999885559, 42946.28828786739, 52763.45858769217
1238.8740000724792, 42946.28828786739, 52763.45858769217
1238.8780000209808, 42946.28828786739, 52763.45858769217
1238.8819999694824, 42946.28828786739, 52763.45858769217
1238.8869998455048, 42946.28828786739, 52763.45858769217
1238.8889999389648, 42946.28828786739, 52763.45858769217
1238.8929998874664, 42946.28828786739, 52763.45858769217
1242.9279999732971, 42946.28828786739, 52763.45858769217
1242.9349999427795, 42946.28828786739, 52763.45858769217
1242.941999912262, 42946.28828786739, 52763.45858769217
1242.9500000476837, 42946.28828786739, 52760.32994733838
1242.954999923706, 42946.28828786739, 52760.32994733838
1242.9630000591278, 42946.28828786739, 52760.09894545664
1242.968999862671, 42946.28828786739, 52760.092889206346
1247.369999885559, 42946.28828786739, 52760.092889206346
1247.3759999275208, 42946.28828786739, 52758.99389205406
1247.3799998760223, 42946.28828786739, 52758.99389205406
1247.3840000629425, 42946.28828786739, 52758.99389205406
1247.388000011444, 42946.28828786739, 52758.99389205406
1247.3929998874664, 42946.28828786739, 52758.99389205406
1250.9229998588562, 42946.28828786739, 52758.99389205406
1250.9300000667572, 42946.28828786739, 52758.99389205406
1250.9349999427795, 42946.28828786739, 52758.99389205406
1250.9389998912811, 42946.28828786739, 52758.99389205406
1250.9430000782013, 42946.28828786739, 52758.99389205406
1250.9479999542236, 42946.28828786739, 52758.99389205406
1250.9530000686646, 42946.28828786739, 52758.99389205406
1250.9589998722076, 42946.28828786739, 52758.99389205406
1250.9619998931885, 42946.28828786739, 52758.99389205406
1250.9619998931885, 42946.28828786739, 52758.99389205406
1250.9619998931885, 42946.28828786739, 52757.12788535467
1250.9769999980927, 42946.28828786739, 52757.12788535467
1255.2019999027252, 42946.28828786739, 52755.65455417299
1255.2160000801086, 42946.28828786739, 52755.65455417299
1255.220999956131, 42946.28828786739, 52755.65455417299
1255.2249999046326, 42946.28828786739, 52755.65455417299
1255.2349998950958, 42946.28828786739, 52755.65455417299
1255.244999885559, 42946.28828786739, 52755.65455417299
1255.2519998550415, 42946.28828786739, 52755.06258867461
1255.2579998970032, 42946.28828786739, 52754.93955844958
1255.266000032425, 42946.28828786739, 52754.93955844958
1255.2730000019073, 42946.28828786739, 52754.93955844958
1255.2799999713898, 42946.28828786739, 52754.93955844958
1255.289999961853, 42946.28828786739, 52754.93955844958
1259.513000011444, 42946.28828786739, 52754.93955844958
1259.5190000534058, 42946.28828786739, 52754.93955844958
1259.5220000743866, 42946.28828786739, 52754.93955844958
1259.5260000228882, 42946.28828786739, 52754.93955844958
1259.5299999713898, 42946.28828786739, 52754.93955844958
1259.534999847412, 42946.28828786739, 52754.93955844958
1259.5409998893738, 42946.28828786739, 52754.93955844958
1263.4769999980927, 42946.28828786739, 52754.93955844958
1263.4909999370575, 42946.28828786739, 52754.93955844958
1263.49799990654, 42946.28828786739, 52754.93955844958
1263.5, 42946.28828786739, 52754.93955844958
1263.5, 42946.28828786739, 52754.93955844958
1263.5139999389648, 42946.28828786739, 52754.93955844958
1263.5139999389648, 42946.28828786739, 52754.93955844958
1263.5139999389648, 42946.28828786739, 52754.93955844958
1267.654000043869, 42946.28828786739, 52754.93955844958
1267.659999847412, 42946.28828786739, 52754.93955844958
1267.662999868393, 42946.28828786739, 52754.93955844958
1267.6679999828339, 42946.28828786739, 52754.93955844958
1267.6719999313354, 42946.28828786739, 52754.93955844958
1267.6779999732971, 42946.28828786739, 52754.93955844958
1267.6840000152588, 42946.28828786739, 52754.93955844958
1271.7149999141693, 42946.28828786739, 52754.93955844958
1271.7200000286102, 42946.28828786739, 52752.00232076771
1271.7309999465942, 42946.28828786739, 52750.54482939811
1271.7379999160767, 42946.28828786739, 52750.54482939811
1271.744999885559, 42946.28828786739, 52750.54482939811
1271.744999885559, 42946.28828786739, 52750.54482939811
1271.7539999485016, 42946.28828786739, 52750.54482939811
1271.7579998970032, 42946.28828786739, 52750.54482939811
1271.7579998970032, 42946.28828786739, 52750.54482939811
1275.266000032425, 42946.28828786739, 52750.54482939811
1275.2709999084473, 42946.28828786739, 52750.54482939811
1275.273999929428, 42946.28828786739, 52750.54482939811
1275.2809998989105, 42946.28828786739, 52749.41740303063
1275.2869999408722, 42946.28828786739, 52749.41740303063
1275.295000076294, 42946.28828786739, 52749.41740303063
1275.2979998588562, 42946.28828786739, 52749.41740303063
1275.2979998588562, 42946.28828786739, 52749.41740303063
1279.5590000152588, 42946.28828786739, 52749.41740303063
1279.5659999847412, 42946.28828786739, 52749.41740303063
1279.5680000782013, 42946.28828786739, 52749.41740303063
1279.5739998817444, 42946.28828786739, 52748.590688273056
1279.5780000686646, 42946.28828786739, 52748.590688273056
1279.5820000171661, 42946.28828786739, 52748.590688273056
1279.5859999656677, 42946.28828786739, 52748.590688273056
1279.5859999656677, 42946.28828786739, 52748.590688273056
1279.593999862671, 42946.28828786739, 52747.308400235335
1279.598000049591, 42946.28828786739, 52747.308400235335
1284.029000043869, 42946.28828786739, 52744.41061128197
1284.0369999408722, 42946.28828786739, 52743.75992878787
1284.0439999103546, 42946.28828786739, 52743.57236389761
1284.0529999732971, 42946.28828786739, 52743.51034988288
1284.0529999732971, 42946.28828786739, 52743.21621014046
1284.0680000782013, 42946.28828786739, 52743.21621014046
1288.162999868393, 42946.28828786739, 52740.30863049138
1288.1729998588562, 42946.28828786739, 52740.30863049138
1288.1800000667572, 42946.28828786739, 52740.30863049138
1288.1800000667572, 42946.28828786739, 52739.94765469283
1288.1909999847412, 42946.28828786739, 52739.94765469283
1288.1959998607635, 42946.28828786739, 52739.8099786113
1288.2019999027252, 42946.28828786739, 52739.70553395152
1288.2019999027252, 42946.28828786739, 52739.70553395152
1288.2160000801086, 42946.28828786739, 52739.70553395152
1288.220999956131, 42946.28828786739, 52739.70553395152
1292.1789999008179, 42946.28828786739, 52738.44265548685
1292.1829998493195, 42946.28828786739, 52738.44265548685
1292.1829998493195, 42946.28828786739, 52738.44265548685
1292.1979999542236, 42946.28828786739, 52738.44265548685
1292.2019999027252, 42946.28828786739, 52738.44265548685
1292.2130000591278, 42946.28828786739, 52738.1344858485
1292.2130000591278, 42946.28828786739, 52737.956290464484
1296.0889999866486, 42946.28828786739, 52737.14381403687
1296.0950000286102, 42946.28828786739, 52737.14381403687
1296.101000070572, 42946.28828786739, 52737.14381403687
1296.1080000400543, 42946.28828786739, 52737.14381403687
1296.111999988556, 42946.28828786739, 52736.62986675047
1296.111999988556, 42946.28828786739, 52736.62986675047
1296.111999988556, 42946.28828786739, 52736.62986675047
1296.1259999275208, 42946.28828786739, 52736.62986675047
1296.1259999275208, 42946.28828786739, 52736.62986675047
1300.0329999923706, 42946.28828786739, 52736.39755294351
1300.0390000343323, 42946.28828786739, 52736.39755294351
1300.0390000343323, 42946.28828786739, 52736.39755294351
1300.0499999523163, 42946.28828786739, 52736.39755294351
1300.0550000667572, 42946.28828786739, 52735.78715136455
1300.0590000152588, 42946.28828786739, 52735.78715136455
1300.0590000152588, 42946.28828786739, 52735.78715136455
1300.0739998817444, 42946.28828786739, 52735.78715136455
1300.0739998817444, 42946.28828786739, 52735.78715136455
1300.0739998817444, 42946.28828786739, 52735.78715136455
1304.1930000782013, 42946.28828786739, 52734.56238745
1304.1970000267029, 42946.28828786739, 52734.56238745
1304.2009999752045, 42946.28828786739, 52734.56238745
1304.204999923706, 42946.28828786739, 52734.56238745
1304.2089998722076, 42946.28828786739, 52734.56238745
1304.2149999141693, 42946.28828786739, 52734.56238745
1304.218999862671, 42946.28828786739, 52734.56238745
1304.223000049591, 42946.28828786739, 52734.56238745
1304.2239999771118, 42946.28828786739, 52734.56238745
1304.2279999256134, 42946.28828786739, 52734.56238745
1304.233999967575, 42946.28828786739, 52734.05615429788
1308.4500000476837, 42946.28828786739, 52734.05615429788
1308.4500000476837, 42946.28828786739, 52734.05615429788
1308.4500000476837, 42946.28828786739, 52734.05615429788
1308.4500000476837, 42946.28828786739, 52734.05615429788
1308.4500000476837, 42946.28828786739, 52734.05615429788
1308.4700000286102, 42946.28828786739, 52734.05615429788
1308.4769999980927, 42946.28828786739, 52733.41117982823
1308.4860000610352, 42946.28828786739, 52733.41117982823
1308.4909999370575, 42946.28828786739, 52733.41117982823
1308.4969999790192, 42946.28828786739, 52733.41117982823
1308.5019998550415, 42946.28828786739, 52733.41117982823
1308.5090000629425, 42946.28828786739, 52733.41117982823
1312.4779999256134, 42946.28828786739, 52732.2194697727
1312.4849998950958, 42946.28828786739, 52731.503989316465
1312.4900000095367, 42946.28828786739, 52731.503989316465
1312.4909999370575, 42946.28828786739, 52731.503989316465
1312.4909999370575, 42946.28828786739, 52731.503989316465
1312.5030000209808, 42946.28828786739, 52730.89784533191
1312.5069999694824, 42946.28828786739, 52730.89784533191
1312.5069999694824, 42946.28828786739, 52729.85090272387
1316.9660000801086, 42946.28828786739, 52729.14107674094
1316.9739999771118, 42946.28828786739, 52729.14107674094
1316.983999967575, 42946.28828786739, 52729.14107674094
1316.9909999370575, 42946.28828786739, 52729.14107674094
1317.0039999485016, 42946.28828786739, 52728.9582694082
1317.0090000629425, 42946.28828786739, 52728.19458382944
1321.3209998607635, 42946.28828786739, 52728.19458382944
1321.3209998607635, 42946.28828786739, 52728.19458382944
1321.3209998607635, 42946.28828786739, 52728.19458382944
1321.3399999141693, 42946.28828786739, 52728.19458382944
1321.3420000076294, 42946.28828786739, 52728.19458382944
1321.3529999256134, 42946.28828786739, 52728.19458382944
1321.3559999465942, 42946.28828786739, 52728.19458382944
1321.356999874115, 42946.28828786739, 52728.1254479172
1321.356999874115, 42946.28828786739, 52728.1254479172
1321.369999885559, 42946.28828786739, 52728.1254479172
1321.369999885559, 42946.28828786739, 52727.55595216721
1325.5, 42946.28828786739, 52726.90377218379
1325.5069999694824, 42946.28828786739, 52726.90377218379
1325.510999917984, 42946.28828786739, 52726.90377218379
1325.5149998664856, 42946.28828786739, 52726.90377218379
1325.5220000743866, 42946.28828786739, 52726.90377218379
1325.529000043869, 42946.28828786739, 52726.90377218379
1325.539999961853, 42946.28828786739, 52726.90377218379
1325.539999961853, 42946.28828786739, 52726.90377218379
1329.5720000267029, 42946.28828786739, 52724.319938880246
1329.5759999752045, 42946.28828786739, 52724.319938880246
1329.5809998512268, 42946.28828786739, 52724.28883702669
1329.585000038147, 42946.28828786739, 52724.28883702669
1329.5880000591278, 42946.28828786739, 52724.28883702669
1329.5920000076294, 42946.28828786739, 52724.28883702669
1329.595999956131, 42946.28828786739, 52724.28883702669
1329.5989999771118, 42946.28828786739, 52723.688638154425
1333.6979999542236, 42946.28828786739, 52723.688638154425
1333.6979999542236, 42946.28828786739, 52723.688638154425
1333.7149999141693, 42946.28828786739, 52722.768874627596
1333.7149999141693, 42946.28828786739, 52722.768874627596
1333.7279999256134, 42946.28828786739, 52722.768874627596
1333.7349998950958, 42946.28828786739, 52722.69445603816
1333.736999988556, 42946.28828786739, 52722.69445603816
1333.7460000514984, 42946.28828786739, 52722.69445603816
1333.75, 42946.28828786739, 52722.69445603816
1337.6719999313354, 42946.28828786739, 52722.69445603816
1337.6870000362396, 42946.28828786739, 52722.69445603816
1337.691999912262, 42946.28828786739, 52722.69445603816
1337.6949999332428, 42946.28828786739, 52722.69445603816
1337.6979999542236, 42946.28828786739, 52722.69445603816
1337.704999923706, 42946.28828786739, 52722.69445603816
1337.7070000171661, 42946.28828786739, 52722.69445603816
1337.7070000171661, 42946.28828786739, 52722.69445603816
1337.7070000171661, 42946.28828786739, 52722.69445603816
1337.7219998836517, 42946.28828786739, 52722.69445603816
1337.7219998836517, 42946.28828786739, 52722.69445603816
1337.7219998836517, 42946.28828786739, 52722.69445603816
1337.7219998836517, 42946.28828786739, 52722.69445603816
1337.7219998836517, 42946.28828786739, 52722.69445603816
1337.7389998435974, 42946.28828786739, 52722.69445603816
1342.013000011444, 42946.28828786739, 52720.58009847364
1342.0149998664856, 42946.28828786739, 52720.58009847364
1342.0190000534058, 42946.28828786739, 52720.58009847364
1342.0209999084473, 42946.28828786739, 52720.58009847364
1342.0249998569489, 42946.28828786739, 52720.58009847364
1342.029000043869, 42946.28828786739, 52720.58009847364
1342.0309998989105, 42946.28828786739, 52720.33498844754
1342.0309998989105, 42946.28828786739, 52718.26822127809
1345.9789998531342, 42946.28828786739, 52718.26822127809
1345.9789998531342, 42946.28828786739, 52718.26822127809
1345.9939999580383, 42946.28828786739, 52717.88417194334
1345.9960000514984, 42946.28828786739, 52717.88417194334
1345.9960000514984, 42946.28828786739, 52717.88417194334
1346.010999917984, 42946.28828786739, 52717.88417194334
1346.0199999809265, 42946.28828786739, 52717.63505097557
1346.0249998569489, 42946.28828786739, 52717.63175943274
1350.0869998931885, 42946.28828786739, 52717.63175943274
1350.0920000076294, 42946.28828786739, 52717.43721369752
1350.098000049591, 42946.28828786739, 52717.43721369752
1350.1050000190735, 42946.28828786739, 52717.43721369752
1350.1050000190735, 42946.28828786739, 52717.43721369752
1350.1050000190735, 42946.28828786739, 52717.43721369752
1350.1210000514984, 42946.28828786739, 52717.43721369752
1350.12299990654, 42946.28828786739, 52717.43721369752
1350.12299990654, 42946.28828786739, 52717.43721369752
1350.1340000629425, 42946.28828786739, 52717.43721369752
1350.135999917984, 42946.28828786739, 52717.43721369752
1354.5119998455048, 42946.28828786739, 52717.43721369752
1354.5179998874664, 42946.28828786739, 52717.43721369752
1354.5220000743866, 42946.28828786739, 52717.43721369752
1354.526999950409, 42946.28828786739, 52716.56693228448
1354.5360000133514, 42946.28828786739, 52716.4210468992
1354.5439999103546, 42946.28828786739, 52716.4210468992
1354.5520000457764, 42946.28828786739, 52716.4210468992
1354.5520000457764, 42946.28828786739, 52716.4210468992
1358.5729999542236, 42946.28828786739, 52716.4210468992
1358.5899999141693, 42946.28828786739, 52716.001902325224
1358.5899999141693, 42946.28828786739, 52716.001902325224
1358.6059999465942, 42946.28828786739, 52716.001902325224
1358.608999967575, 42946.28828786739, 52716.001902325224
1358.6129999160767, 42946.28828786739, 52716.001902325224
1358.6129999160767, 42946.28828786739, 52716.001902325224
1358.6189999580383, 42946.28828786739, 52716.001902325224
1358.6240000724792, 42946.28828786739, 52716.001902325224
1358.6299998760223, 42946.28828786739, 52716.001902325224
1363.0409998893738, 42946.28828786739, 52716.001902325224
1363.0490000247955, 42946.28828786739, 52716.001902325224
1363.0550000667572, 42946.28828786739, 52716.001902325224
1363.0599999427795, 42946.28828786739, 52716.001902325224
1363.0659999847412, 42946.28828786739, 52716.001902325224
1363.0709998607635, 42946.28828786739, 52713.41007958953
1363.0750000476837, 42946.28828786739, 52712.87562691176
1363.0769999027252, 42946.28828786739, 52712.87562691176
1367.62299990654, 42946.28828786739, 52712.87562691176
1367.62299990654, 42946.28828786739, 52711.63909513093
1367.62299990654, 42946.28828786739, 52711.63909513093
1367.6399998664856, 42946.28828786739, 52711.63909513093
1367.648999929428, 42946.28828786739, 52711.2447551628
1367.648999929428, 42946.28828786739, 52710.60704188385
1367.659999847412, 42946.28828786739, 52708.77412080739
1371.9849998950958, 42946.28828786739, 52708.21378644763
1371.9939999580383, 42946.28828786739, 52708.21378644763
1371.9990000724792, 42946.28828786739, 52707.80501020167
1372.0060000419617, 42946.28828786739, 52707.80501020167
1376.0149998664856, 42946.28828786739, 52707.64484879262
1376.0230000019073, 42946.28828786739, 52707.32009344563
1376.026999950409, 42946.28828786739, 52707.32009344563
1376.029000043869, 42946.28828786739, 52707.32009344563
1376.029000043869, 42946.28828786739, 52707.32009344563
1376.029000043869, 42946.28828786739, 52707.32009344563
1376.0479998588562, 42946.28828786739, 52707.32009344563
1376.0490000247955, 42946.28828786739, 52705.508061708715
1376.0490000247955, 42946.28828786739, 52705.508061708715
1380.3029999732971, 42946.28828786739, 52705.508061708715
1380.3079998493195, 42946.28828786739, 52705.508061708715
1380.3120000362396, 42946.28828786739, 52705.508061708715
1380.319000005722, 42946.28828786739, 52704.94475474142
1380.3250000476837, 42946.28828786739, 52704.56978014649
1380.3359999656677, 42946.28828786739, 52704.56978014649
1380.3359999656677, 42946.28828786739, 52704.56978014649
1380.3359999656677, 42946.28828786739, 52704.56978014649
1380.3550000190735, 42946.28828786739, 52703.65318139841
1380.3550000190735, 42946.28828786739, 52703.65318139841
1384.7490000724792, 42946.28828786739, 52703.65318139841
1384.7530000209808, 42946.28828786739, 52703.65318139841
1384.7590000629425, 42946.28828786739, 52703.65318139841
1384.7699999809265, 42946.28828786739, 52703.65318139841
1384.779000043869, 42946.28828786739, 52703.65318139841
1384.7839999198914, 42946.28828786739, 52703.65318139841
1384.787999868393, 42946.28828786739, 52703.65318139841
1384.7939999103546, 42946.28828786739, 52703.65318139841
1388.4289999008179, 42946.28828786739, 52703.65318139841
1388.4370000362396, 42946.28828786739, 52701.94468334399
1388.4449999332428, 42946.28828786739, 52701.94468334399
1388.4519999027252, 42946.28828786739, 52701.94468334399
1388.4519999027252, 42946.28828786739, 52701.94468334399
1388.4519999027252, 42946.28828786739, 52701.94468334399
1388.4670000076294, 42946.28828786739, 52701.43406918161
1388.4670000076294, 42946.28828786739, 52701.43406918161
1388.4749999046326, 42946.28828786739, 52701.43406918161
1392.233999967575, 42946.28828786739, 52701.43406918161
1392.2400000095367, 42946.28828786739, 52701.43406918161
1392.2430000305176, 42946.28828786739, 52701.43406918161
1392.2490000724792, 42946.28828786739, 52701.43406918161
1392.2530000209808, 42946.28828786739, 52701.04133350751
1392.2569999694824, 42946.28828786739, 52701.04133350751
1392.260999917984, 42946.28828786739, 52699.46930788451
1392.266000032425, 42946.28828786739, 52699.46930788451
1392.2730000019073, 42946.28828786739, 52698.86385106519
1396.5090000629425, 42946.28828786739, 52698.86385106519
1396.5260000228882, 42946.28828786739, 52698.86385106519
1396.5260000228882, 42946.28828786739, 52698.86385106519
1396.5260000228882, 42946.28828786739, 52697.99769675914
1396.5369999408722, 42946.28828786739, 52697.99769675914
1396.545000076294, 42946.28828786739, 52697.99769675914
1396.5490000247955, 42946.28828786739, 52697.99769675914
1396.5490000247955, 42946.28828786739, 52697.99769675914
1396.5659999847412, 42946.28828786739, 52697.99769675914
1396.5659999847412, 42946.28828786739, 52697.99769675914
1396.5659999847412, 42946.28828786739, 52697.99769675914
1396.5780000686646, 42946.28828786739, 52697.99769675914
1400.7799999713898, 42946.28828786739, 52697.1520905343
1400.7860000133514, 42946.28828786739, 52697.1520905343
1400.795000076294, 42946.28828786739, 52697.1520905343
1400.7999999523163, 42946.28828786739, 52697.1520905343
1400.7999999523163, 42946.28828786739, 52697.1520905343
1400.7999999523163, 42946.28828786739, 52697.1520905343
1400.8129999637604, 42946.28828786739, 52697.1520905343
1400.8139998912811, 42946.28828786739, 52696.4953323658
1400.8139998912811, 42946.28828786739, 52696.4953323658
1400.8139998912811, 42946.28828786739, 52696.4953323658
1400.8280000686646, 42946.28828786739, 52696.4953323658
1400.8280000686646, 42946.28828786739, 52696.015060972924
1400.8280000686646, 42946.28828786739, 52696.015060972924
1400.8280000686646, 42946.28828786739, 52696.015060972924
1400.8280000686646, 42946.28828786739, 52696.015060972924
1400.8450000286102, 42946.28828786739, 52696.015060972924
1400.8450000286102, 42946.28828786739, 52694.7935917906
1400.8450000286102, 42946.28828786739, 52694.7935917906
1400.8450000286102, 42946.28828786739, 52694.7935917906
1405.6389999389648, 42946.28828786739, 52694.7935917906
1405.648999929428, 42946.28828786739, 52694.46326774964
1405.6559998989105, 42946.28828786739, 52694.46326774964
1405.6640000343323, 42946.28828786739, 52694.46326774964
1405.6689999103546, 42946.28828786739, 52694.46326774964
1405.6729998588562, 42946.28828786739, 52694.46326774964
1405.6770000457764, 42946.28828786739, 52694.46326774964
1405.6819999217987, 42946.28828786739, 52694.46326774964
1405.6840000152588, 42946.28828786739, 52694.46326774964
1405.6859998703003, 42946.28828786739, 52694.46326774964
1405.6909999847412, 42946.28828786739, 52694.46326774964
1405.6909999847412, 42946.28828786739, 52694.46326774964
1405.6909999847412, 42946.28828786739, 52694.46326774964
1410.8159999847412, 42946.28828786739, 52694.46326774964
1410.8159999847412, 42946.28828786739, 52694.46326774964
1410.8159999847412, 42946.28828786739, 52694.46326774964
1410.8450000286102, 42946.28828786739, 52694.46326774964
1415.3740000724792, 42946.28828786739, 52693.29877406004
1415.3829998970032, 42946.28828786739, 52693.29877406004
1415.388000011444, 42946.28828786739, 52693.29877406004
1419.6579999923706, 42946.28828786739, 52693.29877406004
1419.670000076294, 42946.28828786739, 52693.29877406004
1419.6749999523163, 42946.28828786739, 52693.29877406004
1423.9370000362396, 42946.28828786739, 52693.29877406004
1423.941999912262, 42946.28828786739, 52693.29877406004
1423.941999912262, 42946.28828786739, 52692.2274047328
1428.3759999275208, 42946.28828786739, 52692.2274047328
1428.3799998760223, 42946.28828786739, 52692.2274047328
1428.3799998760223, 42946.28828786739, 52692.16874165227
1428.3929998874664, 42946.28828786739, 52692.16874165227
1428.3980000019073, 42946.28828786739, 52692.16874165227
1428.401999950409, 42946.28828786739, 52692.16874165227
1428.401999950409, 42946.28828786739, 52691.634663024895
1428.4219999313354, 42946.28828786739, 52691.634663024895
1434.1679999828339, 42946.28828786739, 52691.634663024895
1434.1729998588562, 42946.28828786739, 52691.634663024895
1434.1770000457764, 42946.28828786739, 52691.634663024895
1434.1819999217987, 42946.28828786739, 52691.634663024895
1434.1879999637604, 42946.28828786739, 52691.634663024895
1434.191999912262, 42946.28828786739, 52691.634663024895
1434.1959998607635, 42946.28828786739, 52691.086594800625
1434.2009999752045, 42946.28828786739, 52691.086594800625
1434.2019999027252, 42946.28828786739, 52691.086594800625
1434.2019999027252, 42946.28828786739, 52690.86847666794
1434.2160000801086, 42946.28828786739, 52690.86847666794
1434.2200000286102, 42946.28828786739, 52690.86847666794
1434.2200000286102, 42946.28828786739, 52690.86847666794
1438.0739998817444, 42946.28828786739, 52690.86847666794
1438.079999923706, 42946.28828786739, 52690.86847666794
1438.082999944687, 42946.28828786739, 52690.86847666794
1438.0859999656677, 42946.28828786739, 52690.86847666794
1438.0859999656677, 42946.28828786739, 52689.55427226641
1438.0989999771118, 42946.28828786739, 52689.55427226641
1438.1059999465942, 42946.28828786739, 52688.82123424323
1438.1110000610352, 42946.28828786739, 52688.82123424323
1438.1189999580383, 42946.28828786739, 52686.04838330157
1442.351000070572, 42946.28828786739, 52686.02984317007
1442.3659999370575, 42946.28828786739, 52686.02984317007
1442.3689999580383, 42946.28828786739, 52685.866172241884
1442.3719999790192, 42946.28828786739, 52685.866172241884
1442.3780000209808, 42946.28828786739, 52685.866172241884
1442.3780000209808, 42946.28828786739, 52685.866172241884
1442.3849999904633, 42946.28828786739, 52685.866172241884
1442.3899998664856, 42946.28828786739, 52685.76988005704
1442.3899998664856, 42946.28828786739, 52685.76988005704
1442.401999950409, 42946.28828786739, 52685.747729674586
1446.8399999141693, 42946.28828786739, 52685.747729674586
1446.8550000190735, 42946.28828786739, 52685.747729674586
1446.8610000610352, 42946.28828786739, 52685.055267732205
1446.8629999160767, 42946.28828786739, 52685.01221199115
1446.8629999160767, 42946.28828786739, 52685.01221199115
1446.875, 42946.28828786739, 52685.01221199115
1446.875, 42946.28828786739, 52684.39921040081
1446.875, 42946.28828786739, 52684.39921040081
1446.8919999599457, 42946.28828786739, 52684.39921040081
1446.8919999599457, 42946.28828786739, 52684.32921010965
1446.8919999599457, 42946.28828786739, 52684.32921010965
1446.8919999599457, 42946.28828786739, 52683.71227081437
1446.9070000648499, 42946.28828786739, 52683.71227081437
1446.9089999198914, 42946.28828786739, 52683.71227081437
1450.8980000019073, 42946.28828786739, 52683.71227081437
1450.9049999713898, 42946.28828786739, 52683.71227081437
1450.9089999198914, 42946.28828786739, 52683.71227081437
1450.914999961853, 42946.28828786739, 52683.71227081437
1450.9179999828339, 42946.28828786739, 52683.71227081437
1450.9179999828339, 42946.28828786739, 52682.62066589451
1450.9179999828339, 42946.28828786739, 52682.61451510348
1450.9329998493195, 42946.28828786739, 52682.61451510348
1455.2999999523163, 42946.28828786739, 52682.61451510348
1455.3090000152588, 42946.28828786739, 52682.61451510348
1455.3139998912811, 42946.28828786739, 52682.61451510348
1455.319000005722, 42946.28828786739, 52682.61451510348
1455.3269999027252, 42946.28828786739, 52682.61451510348
1455.329999923706, 42946.28828786739, 52682.4312918401
1455.3420000076294, 42946.28828786739, 52682.4312918401
1455.3420000076294, 42946.28828786739, 52682.4312918401
1455.3420000076294, 42946.28828786739, 52682.4312918401
1455.358999967575, 42946.28828786739, 52682.4312918401
1455.3599998950958, 42946.28828786739, 52682.4312918401
1455.3599998950958, 42946.28828786739, 52682.4312918401
1455.3740000724792, 42946.28828786739, 52681.3266372248
1459.5539999008179, 42946.28828786739, 52681.3266372248
1459.5609998703003, 42946.28828786739, 52681.3266372248
1459.5609998703003, 42946.28828786739, 52681.3266372248
1459.5699999332428, 42946.28828786739, 52681.3266372248
1459.5699999332428, 42946.28828786739, 52681.3266372248
1459.5780000686646, 42946.28828786739, 52681.3266372248
1463.9830000400543, 42946.28828786739, 52681.3266372248
1463.9830000400543, 42946.28828786739, 52681.3266372248
1463.9830000400543, 42946.28828786739, 52681.3266372248
1464.0, 42946.28828786739, 52681.3266372248
1464.0039999485016, 42946.28828786739, 52681.3266372248
1464.0039999485016, 42946.28828786739, 52681.3266372248
1464.0039999485016, 42946.28828786739, 52680.66833932523
1464.0179998874664, 42946.28828786739, 52680.66833932523
1464.0179998874664, 42946.28828786739, 52680.66833932523
1464.034999847412, 42946.28828786739, 52680.66833932523
1468.595999956131, 42946.28828786739, 52680.66833932523
1468.6110000610352, 42946.28828786739, 52679.42648229959
1468.6180000305176, 42946.28828786739, 52679.42648229959
1468.6219999790192, 42946.28828786739, 52679.09833385767
1468.6219999790192, 42946.28828786739, 52679.09833385767
1468.6349999904633, 42946.28828786739, 52679.09833385767
1472.8039999008179, 42946.28828786739, 52678.14689497474
1472.8090000152588, 42946.28828786739, 52678.14689497474
1472.8150000572205, 42946.28828786739, 52678.14689497474
1472.8150000572205, 42946.28828786739, 52678.14689497474
1472.8280000686646, 42946.28828786739, 52678.14689497474
1472.829999923706, 42946.28828786739, 52678.14689497474
1472.829999923706, 42946.28828786739, 52678.14689497474
1472.829999923706, 42946.28828786739, 52678.14689497474
1472.829999923706, 42946.28828786739, 52678.14689497474
1472.8450000286102, 42946.28828786739, 52678.14689497474
1472.8450000286102, 42946.28828786739, 52678.14689497474
1472.8450000286102, 42946.28828786739, 52678.14689497474
1472.8450000286102, 42946.28828786739, 52678.14689497474
1472.8450000286102, 42946.28828786739, 52678.14689497474
1472.861999988556, 42946.28828786739, 52678.14689497474
1477.2349998950958, 42946.28828786739, 52678.04399633886
1477.2349998950958, 42946.28828786739, 52678.04399633886
1477.2349998950958, 42946.28828786739, 52678.04399633886
1477.2569999694824, 42946.28828786739, 52676.25141410616
1477.2639999389648, 42946.28828786739, 52676.25141410616
1477.2690000534058, 42946.28828786739, 52676.25141410616
1477.2720000743866, 42946.28828786739, 52676.25141410616
1477.2720000743866, 42946.28828786739, 52676.25141410616
1477.2720000743866, 42946.28828786739, 52676.25141410616
1477.287999868393, 42946.28828786739, 52676.25141410616
1481.534999847412, 42946.28828786739, 52676.25141410616
1481.534999847412, 42946.28828786739, 52676.25141410616
1481.5490000247955, 42946.28828786739, 52676.25141410616
1481.5520000457764, 42946.28828786739, 52676.25141410616
1481.5590000152588, 42946.28828786739, 52676.25141410616
1481.5609998703003, 42946.28828786739, 52676.25141410616
1481.5709998607635, 42946.28828786739, 52673.676777214685
1481.5709998607635, 42946.28828786739, 52673.676777214685
1481.5709998607635, 42946.28828786739, 52673.676777214685
1481.5859999656677, 42946.28828786739, 52673.48328179235
1486.095999956131, 42946.28828786739, 52673.48328179235
1486.0999999046326, 42946.28828786739, 52673.48328179235
1486.111999988556, 42946.28828786739, 52673.48328179235
1486.1210000514984, 42946.28828786739, 52673.48328179235
1486.125, 42946.28828786739, 52673.48328179235
1486.1310000419617, 42946.28828786739, 52673.48328179235
1486.1340000629425, 42946.28828786739, 52673.48328179235
1486.1459999084473, 42946.28828786739, 52673.48328179235
1486.1480000019073, 42946.28828786739, 52673.48328179235
1486.1480000019073, 42946.28828786739, 52673.48328179235
1486.1480000019073, 42946.28828786739, 52672.71075695709
1486.1640000343323, 42946.28828786739, 52671.9772700507
1490.5599999427795, 42946.28828786739, 52671.9772700507
1490.5609998703003, 42946.28828786739, 52671.9772700507
1490.5609998703003, 42946.28828786739, 52671.9772700507
1490.5789999961853, 42946.28828786739, 52671.9772700507
1490.5820000171661, 42946.28828786739, 52671.9772700507
1490.5869998931885, 42946.28828786739, 52671.9772700507
1490.5910000801086, 42946.28828786739, 52671.9772700507
1490.5950000286102, 42946.28828786739, 52671.9772700507
1490.5950000286102, 42946.28828786739, 52671.9772700507
1490.5950000286102, 42946.28828786739, 52671.9772700507
1490.6129999160767, 42946.28828786739, 52671.9772700507
1490.6139998435974, 42946.28828786739, 52671.9772700507
1494.9619998931885, 42946.28828786739, 52671.14951870253
1494.9639999866486, 42946.28828786739, 52669.48429687992
1494.9719998836517, 42946.28828786739, 52669.48429687992
1494.976000070572, 42946.28828786739, 52669.48429687992
1494.9800000190735, 42946.28828786739, 52669.48429687992
1494.981999874115, 42946.28828786739, 52669.48429687992
1494.9860000610352, 42946.28828786739, 52669.48429687992
1494.9900000095367, 42946.28828786739, 52669.48429687992
1494.9919998645782, 42946.28828786739, 52669.48429687992
1494.994999885559, 42946.28828786739, 52669.48429687992
1494.9969999790192, 42946.28828786739, 52669.48429687992
1495.0009999275208, 42946.28828786739, 52667.98107579251
1495.0069999694824, 42946.28828786739, 52667.646351127594
1495.013000011444, 42946.28828786739, 52667.646351127594
1499.5620000362396, 42946.28828786739, 52667.646351127594
1499.5789999961853, 42946.28828786739, 52667.646351127594
1499.5789999961853, 42946.28828786739, 52667.646351127594
1499.5789999961853, 42946.28828786739, 52667.646351127594
1499.593999862671, 42946.28828786739, 52667.646351127594
1499.5989999771118, 42946.28828786739, 52667.646351127594
1499.5989999771118, 42946.28828786739, 52667.646351127594
1499.6150000095367, 42946.28828786739, 52667.646351127594
1499.6150000095367, 42946.28828786739, 52667.646351127594
1499.6150000095367, 42946.28828786739, 52667.646351127594
1499.6299998760223, 42946.28828786739, 52667.40201129408
1499.6299998760223, 42946.28828786739, 52667.40201129408
1499.6299998760223, 42946.28828786739, 52667.40201129408
1499.6299998760223, 42946.28828786739, 52667.40201129408
1499.6480000019073, 42946.28828786739, 52666.194998738996
1503.7179999351501, 42946.28828786739, 52666.194998738996
1503.726000070572, 42946.28828786739, 52666.194998738996
1503.7360000610352, 42946.28828786739, 52666.194998738996
1503.7389998435974, 42946.28828786739, 52666.194998738996
1503.744999885559, 42946.28828786739, 52666.194998738996
1503.744999885559, 42946.28828786739, 52666.194998738996
1503.7539999485016, 42946.28828786739, 52666.01879752337
1508.356999874115, 42946.28828786739, 52666.01879752337
1508.369999885559, 42946.28828786739, 52666.01879752337
1508.3740000724792, 42946.28828786739, 52666.01879752337
1508.3740000724792, 42946.28828786739, 52666.01879752337
1508.3889999389648, 42946.28828786739, 52666.01879752337
1508.3940000534058, 42946.28828786739, 52666.01879752337
1508.3970000743866, 42946.28828786739, 52666.01879752337
1508.3970000743866, 42946.28828786739, 52665.77087050476
1508.409999847412, 42946.28828786739, 52665.77087050476
1508.409999847412, 42946.28828786739, 52664.700611841654
1508.409999847412, 42946.28828786739, 52663.176590639036
1513.0309998989105, 42946.28828786739, 52663.176590639036
1513.042000055313, 42946.28828786739, 52663.176590639036
1513.050999879837, 42946.28828786739, 52663.176590639036
1513.050999879837, 42946.28828786739, 52663.176590639036
1513.050999879837, 42946.28828786739, 52663.176590639036
1517.5769999027252, 42946.28828786739, 52663.176590639036
1517.5769999027252, 42946.28828786739, 52663.176590639036
1517.5769999027252, 42946.28828786739, 52663.176590639036
1517.5769999027252, 42946.28828786739, 52663.176590639036
1517.595999956131, 42946.28828786739, 52663.176590639036
1517.6029999256134, 42946.28828786739, 52663.176590639036
1517.608999967575, 42946.28828786739, 52663.176590639036
1517.608999967575, 42946.28828786739, 52663.176590639036
1517.608999967575, 42946.28828786739, 52663.176590639036
1517.6259999275208, 42946.28828786739, 52663.176590639036
1522.3289999961853, 42946.28828786739, 52663.176590639036
1522.3380000591278, 42946.28828786739, 52663.176590639036
1522.3429999351501, 42946.28828786739, 52663.176590639036
1522.3559999465942, 42946.28828786739, 52660.526680590505
1522.3639998435974, 42946.28828786739, 52660.526680590505
1526.6039998531342, 42946.28828786739, 52656.75070385374
1526.611999988556, 42946.28828786739, 52656.29410779335
1526.6180000305176, 42946.28828786739, 52656.29410779335
1526.6219999790192, 42946.28828786739, 52656.29410779335
1526.6259999275208, 42946.28828786739, 52656.22002131556
1526.6310000419617, 42946.28828786739, 52656.22002131556
1526.638000011444, 42946.28828786739, 52655.952260776015
1526.638000011444, 42946.28828786739, 52655.952260776015
1526.6459999084473, 42946.28828786739, 52654.68859900662
1531.154000043869, 42946.28828786739, 52654.68859900662
1531.154000043869, 42946.28828786739, 52654.68859900662
1531.1729998588562, 42946.28828786739, 52653.98308351919
1531.1789999008179, 42946.28828786739, 52653.98308351919
1531.1870000362396, 42946.28828786739, 52653.98308351919
1531.1870000362396, 42946.28828786739, 52653.98308351919
1531.1870000362396, 42946.28828786739, 52653.98308351919
1531.1870000362396, 42946.28828786739, 52653.143782898405
1531.2009999752045, 42946.28828786739, 52653.143782898405
1531.2009999752045, 42946.28828786739, 52653.143782898405
1531.2009999752045, 42946.28828786739, 52653.143782898405
1531.2179999351501, 42946.28828786739, 52653.143782898405
1535.8610000610352, 42946.28828786739, 52653.0492362939
1535.8789999485016, 42946.28828786739, 52653.0492362939
1535.8819999694824, 42946.28828786739, 52653.0492362939
1535.885999917984, 42946.28828786739, 52653.0492362939
1535.8889999389648, 42946.28828786739, 52653.0492362939
1535.8940000534058, 42946.28828786739, 52653.0492362939
1535.8999998569489, 42946.28828786739, 52653.0492362939
1535.9079999923706, 42946.28828786739, 52653.0492362939
1535.912999868393, 42946.28828786739, 52653.0492362939
1535.9140000343323, 42946.28828786739, 52653.0492362939
1535.9140000343323, 42946.28828786739, 52653.0492362939
1539.731999874115, 42946.28828786739, 52653.0492362939
1539.7379999160767, 42946.28828786739, 52653.0492362939
1539.7409999370575, 42946.28828786739, 52653.0492362939
1539.7430000305176, 42946.28828786739, 52653.0492362939
1539.7469999790192, 42946.28828786739, 52653.0492362939
1539.7530000209808, 42946.28828786739, 52653.0492362939
1539.7590000629425, 42946.28828786739, 52653.0492362939
1539.7669999599457, 42946.28828786739, 52653.0492362939
1539.7749998569489, 42946.28828786739, 52652.39676306965
1539.7799999713898, 42946.28828786739, 52652.23143309703
1539.7839999198914, 42946.28828786739, 52652.23143309703
1539.7890000343323, 42946.28828786739, 52649.39143138423
1543.8259999752045, 42946.28828786739, 52649.35822356455
1543.8259999752045, 42946.28828786739, 52649.35822356455
1543.8259999752045, 42946.28828786739, 52649.35822356455
1543.8259999752045, 42946.28828786739, 52649.35822356455
1543.845999956131, 42946.28828786739, 52649.35822356455
1543.8489999771118, 42946.28828786739, 52649.35822356455
1543.8519999980927, 42946.28828786739, 52649.35822356455
1543.8550000190735, 42946.28828786739, 52649.35822356455
1543.8599998950958, 42946.28828786739, 52649.35822356455
1543.8629999160767, 42946.28828786739, 52649.35822356455
1543.8629999160767, 42946.28828786739, 52649.35822356455
1543.8759999275208, 42946.28828786739, 52649.35822356455
1543.8780000209808, 42946.28828786739, 52649.35822356455
1543.8780000209808, 42946.28828786739, 52648.893963659415
1548.3629999160767, 42946.28828786739, 52648.46038377583
1548.3680000305176, 42946.28828786739, 52648.46038377583
1548.369999885559, 42946.28828786739, 52648.46038377583
1548.3740000724792, 42946.28828786739, 52648.46038377583
1548.3759999275208, 42946.28828786739, 52648.46038377583
1548.3799998760223, 42946.28828786739, 52648.46038377583
1548.3849999904633, 42946.28828786739, 52648.46038377583
1548.391000032425, 42946.28828786739, 52648.46038377583
1548.391000032425, 42946.28828786739, 52648.46038377583
1548.401999950409, 42946.28828786739, 52648.46038377583
1548.4029998779297, 42946.28828786739, 52647.89434018485
1553.1429998874664, 42946.28828786739, 52647.20075064399
1553.1429998874664, 42946.28828786739, 52647.20075064399
1553.1619999408722, 42946.28828786739, 52646.554207455934
1553.164999961853, 42946.28828786739, 52646.554207455934
1553.164999961853, 42946.28828786739, 52646.554207455934
1553.180999994278, 42946.28828786739, 52646.554207455934
1553.180999994278, 42946.28828786739, 52646.554207455934
1557.9319999217987, 42946.28828786739, 52645.39604170305
1557.9370000362396, 42946.28828786739, 52645.39604170305
1557.9400000572205, 42946.28828786739, 52645.08271541887
1557.9430000782013, 42946.28828786739, 52645.08271541887
1557.944000005722, 42946.28828786739, 52644.95500867952
1557.944000005722, 42946.28828786739, 52644.75642331138
1557.9619998931885, 42946.28828786739, 52644.75642331138
1557.968999862671, 42946.28828786739, 52644.75642331138
1557.9749999046326, 42946.28828786739, 52644.75642331138
1557.9789998531342, 42946.28828786739, 52644.75642331138
1557.983999967575, 42946.28828786739, 52644.75642331138
1557.9919998645782, 42946.28828786739, 52644.646701621736
1557.99799990654, 42946.28828786739, 52644.646701621736
1558.0039999485016, 42946.28828786739, 52644.216335794095
1561.9639999866486, 42946.28828786739, 52644.216335794095
1561.9809999465942, 42946.28828786739, 52644.216335794095
1561.9809999465942, 42946.28828786739, 52644.216335794095
1561.9809999465942, 42946.28828786739, 52644.216335794095
1561.9990000724792, 42946.28828786739, 52644.216335794095
1565.8399999141693, 42946.28828786739, 52644.216335794095
1565.8399999141693, 42946.28828786739, 52644.216335794095
1565.8519999980927, 42946.28828786739, 52644.216335794095
1565.856999874115, 42946.28828786739, 52644.216335794095
1565.8629999160767, 42946.28828786739, 52644.216335794095
1565.8629999160767, 42946.28828786739, 52644.216335794095
1565.8759999275208, 42946.28828786739, 52644.216335794095
1565.8769998550415, 42946.28828786739, 52644.216335794095
1570.2990000247955, 42946.28828786739, 52643.52331552179
1570.3020000457764, 42946.28828786739, 52643.52331552179
1570.3050000667572, 42946.28828786739, 52643.52331552179
1570.3079998493195, 42946.28828786739, 52643.52331552179
1570.3120000362396, 42946.28828786739, 52643.52331552179
1570.316999912262, 42946.28828786739, 52643.52331552179
1570.316999912262, 42946.28828786739, 52643.52331552179
1570.3309998512268, 42946.28828786739, 52643.52331552179
1570.3309998512268, 42946.28828786739, 52643.48487407089
1570.3309998512268, 42946.28828786739, 52643.10918985437
1570.348000049591, 42946.28828786739, 52642.951699821766
1574.8889999389648, 42946.28828786739, 52642.951699821766
1574.9010000228882, 42946.28828786739, 52642.951699821766
1574.9059998989105, 42946.28828786739, 52642.951699821766
1574.9059998989105, 42946.28828786739, 52642.951699821766
1574.9059998989105, 42946.28828786739, 52642.951699821766
1574.917000055313, 42946.28828786739, 52642.951699821766
1574.9229998588562, 42946.28828786739, 52641.42436442182
1574.9229998588562, 42946.28828786739, 52641.42436442182
1574.9229998588562, 42946.28828786739, 52640.56236797177
1574.9229998588562, 42946.28828786739, 52640.56236797177
1574.9340000152588, 42946.28828786739, 52640.56236797177
1579.2599999904633, 42946.28828786739, 52639.75127154413
1579.2639999389648, 42946.28828786739, 52639.75127154413
1579.2679998874664, 42946.28828786739, 52639.75127154413
1579.273999929428, 42946.28828786739, 52639.75127154413
1579.279000043869, 42946.28828786739, 52639.75127154413
1579.2839999198914, 42946.28828786739, 52639.75127154413
1579.2939999103546, 42946.28828786739, 52639.75127154413
1579.2960000038147, 42946.28828786739, 52639.75127154413
1579.2960000038147, 42946.28828786739, 52639.75127154413
1579.3109998703003, 42946.28828786739, 52639.75127154413
1584.0899999141693, 42946.28828786739, 52639.75127154413
1584.0969998836517, 42946.28828786739, 52639.75127154413
1584.106999874115, 42946.28828786739, 52639.75127154413
1584.1129999160767, 42946.28828786739, 52639.75127154413
1584.125, 42946.28828786739, 52638.57238148571
1584.1280000209808, 42946.28828786739, 52638.57238148571
1584.1399998664856, 42946.28828786739, 52636.844070271596
1588.476000070572, 42946.28828786739, 52636.16801939301
1588.476000070572, 42946.28828786739, 52636.16801939301
1588.4930000305176, 42946.28828786739, 52636.16801939301
1588.5009999275208, 42946.28828786739, 52636.16801939301
1588.5049998760223, 42946.28828786739, 52636.16801939301
1588.5090000629425, 42946.28828786739, 52636.16801939301
1588.513000011444, 42946.28828786739, 52636.16801939301
1588.513000011444, 42946.28828786739, 52636.16801939301
1588.5260000228882, 42946.28828786739, 52636.16801939301
1588.529000043869, 42946.28828786739, 52636.16801939301
1588.529000043869, 42946.28828786739, 52636.16801939301
1588.529000043869, 42946.28828786739, 52636.16801939301
1588.529000043869, 42946.28828786739, 52636.16801939301
1588.529000043869, 42946.28828786739, 52636.11770417849
1588.5439999103546, 42946.28828786739, 52635.55958675695
1588.5439999103546, 42946.28828786739, 52635.358537426
1588.5439999103546, 42946.28828786739, 52635.358537426
1592.8450000286102, 42946.28828786739, 52635.358537426
1592.861999988556, 42946.28828786739, 52635.358537426
1592.861999988556, 42946.28828786739, 52635.358537426
1592.8769998550415, 42946.28828786739, 52634.41542259287
1592.8840000629425, 42946.28828786739, 52634.41542259287
1592.891000032425, 42946.28828786739, 52634.41542259287
1592.8959999084473, 42946.28828786739, 52634.41542259287
1592.898999929428, 42946.28828786739, 52634.41542259287
1592.904000043869, 42946.28828786739, 52634.41542259287
1592.9140000343323, 42946.28828786739, 52634.41542259287
1592.914999961853, 42946.28828786739, 52634.41542259287
1592.914999961853, 42946.28828786739, 52634.41542259287
1592.914999961853, 42946.28828786739, 52634.41542259287
1597.3949999809265, 42946.28828786739, 52634.41542259287
1597.4010000228882, 42946.28828786739, 52634.083362194375
1597.4010000228882, 42946.28828786739, 52633.04200605044
1597.4140000343323, 42946.28828786739, 52633.04200605044
1597.4210000038147, 42946.28828786739, 52633.04200605044
1597.4210000038147, 42946.28828786739, 52633.04200605044
1602.085000038147, 42946.28828786739, 52633.04200605044
1602.0910000801086, 42946.28828786739, 52633.04200605044
1602.0989999771118, 42946.28828786739, 52633.04200605044
1602.1019999980927, 42946.28828786739, 52633.04200605044
1602.1019999980927, 42946.28828786739, 52633.04200605044
1602.1189999580383, 42946.28828786739, 52633.04200605044
1602.1210000514984, 42946.28828786739, 52633.04200605044
1602.1210000514984, 42946.28828786739, 52631.52855964456
1602.1340000629425, 42946.28828786739, 52631.52855964456
1606.6719999313354, 42946.28828786739, 52631.52855964456
1606.6789999008179, 42946.28828786739, 52631.52855964456
1606.6849999427795, 42946.28828786739, 52631.52855964456
1606.6870000362396, 42946.28828786739, 52631.52855964456
1606.6979999542236, 42946.28828786739, 52631.52855964456
1606.7009999752045, 42946.28828786739, 52631.52855964456
1606.7009999752045, 42946.28828786739, 52631.52855964456
1611.3109998703003, 42946.28828786739, 52631.52855964456
1611.3109998703003, 42946.28828786739, 52631.52855964456
1611.329999923706, 42946.28828786739, 52631.52855964456
1611.332999944687, 42946.28828786739, 52631.52855964456
1611.3359999656677, 42946.28828786739, 52631.52855964456
1611.3389999866486, 42946.28828786739, 52631.52855964456
1611.3420000076294, 42946.28828786739, 52628.74929193374
1611.348000049591, 42946.28828786739, 52628.74929193374
1611.3539998531342, 42946.28828786739, 52628.74929193374
1611.3629999160767, 42946.28828786739, 52628.74929193374
1611.3639998435974, 42946.28828786739, 52628.74929193374
1616.0579998493195, 42946.28828786739, 52628.74929193374
1616.0639998912811, 42946.28828786739, 52628.74929193374
1616.0699999332428, 42946.28828786739, 52628.74929193374
1616.0780000686646, 42946.28828786739, 52627.15298633508
1616.0839998722076, 42946.28828786739, 52626.844150420766
1616.0889999866486, 42946.28828786739, 52626.844150420766
1616.0929999351501, 42946.28828786739, 52626.844150420766
1616.0929999351501, 42946.28828786739, 52626.844150420766
1616.1029999256134, 42946.28828786739, 52626.844150420766
1616.1080000400543, 42946.28828786739, 52626.844150420766
1616.1110000610352, 42946.28828786739, 52626.844150420766
1616.1110000610352, 42946.28828786739, 52626.844150420766
1616.1110000610352, 42946.28828786739, 52626.844150420766
1620.5439999103546, 42946.28828786739, 52626.844150420766
1620.5579998493195, 42946.28828786739, 52626.844150420766
1620.5599999427795, 42946.28828786739, 52626.844150420766
1620.5639998912811, 42946.28828786739, 52626.420802391585
1620.5680000782013, 42946.28828786739, 52626.420802391585
1620.5750000476837, 42946.28828786739, 52626.420802391585
1620.5809998512268, 42946.28828786739, 52626.420802391585
1620.5809998512268, 42946.28828786739, 52626.420802391585
1620.5809998512268, 42946.28828786739, 52626.420802391585
1625.4379999637604, 42946.28828786739, 52625.85390361405
1625.444000005722, 42946.28828786739, 52625.85390361405
1625.4459998607635, 42946.28828786739, 52625.85390361405
1625.4459998607635, 42946.28828786739, 52624.2214193762
1625.4459998607635, 42946.28828786739, 52624.2214193762
1625.4459998607635, 42946.28828786739, 52624.2214193762
1625.4660000801086, 42946.28828786739, 52624.2214193762
1625.470999956131, 42946.28828786739, 52624.2214193762
1625.4739999771118, 42946.28828786739, 52624.2214193762
1625.481999874115, 42946.28828786739, 52624.2214193762
1629.7890000343323, 42946.28828786739, 52621.23066214313
1629.7939999103546, 42946.28828786739, 52620.82513044463
1629.7979998588562, 42946.28828786739, 52620.82513044463
1629.8029999732971, 42946.28828786739, 52620.11516793987
1629.8050000667572, 42946.28828786739, 52620.11516793987
1629.8050000667572, 42946.28828786739, 52620.11516793987
1634.5880000591278, 42946.28828786739, 52619.543324448394
1634.5920000076294, 42946.28828786739, 52619.543324448394
1634.5969998836517, 42946.28828786739, 52619.12029319025
1634.606999874115, 42946.28828786739, 52619.12029319025
1634.6099998950958, 42946.28828786739, 52619.12029319025
1639.3250000476837, 42946.28828786739, 52619.12029319025
1639.3369998931885, 42946.28828786739, 52619.12029319025
1639.3420000076294, 42946.28828786739, 52619.12029319025
1639.3420000076294, 42946.28828786739, 52619.12029319025
1639.3420000076294, 42946.28828786739, 52619.12029319025
1643.585000038147, 42946.28828786739, 52617.699354645876
1643.5899999141693, 42946.28828786739, 52617.699354645876
1643.593999862671, 42946.28828786739, 52617.699354645876
1643.5999999046326, 42946.28828786739, 52617.699354645876
1643.6080000400543, 42946.28828786739, 52617.699354645876
1643.6150000095367, 42946.28828786739, 52617.699354645876
1643.62299990654, 42946.28828786739, 52617.699354645876
1643.6289999485016, 42946.28828786739, 52617.699354645876
1643.638000011444, 42946.28828786739, 52617.699354645876
1643.6429998874664, 42946.28828786739, 52617.699354645876
1643.648999929428, 42946.28828786739, 52616.90729982079
1648.335000038147, 42946.28828786739, 52615.96139340785
1648.335000038147, 42946.28828786739, 52615.96139340785
1648.3550000190735, 42946.28828786739, 52615.1681567048
1648.3610000610352, 42946.28828786739, 52615.1681567048
1648.3680000305176, 42946.28828786739, 52615.1681567048
1648.3759999275208, 42946.28828786739, 52614.88186387285
1652.9010000228882, 42946.28828786739, 52614.88186387285
1652.9070000648499, 42946.28828786739, 52614.88186387285
1652.909999847412, 42946.28828786739, 52614.88186387285
1652.9159998893738, 42946.28828786739, 52614.88186387285
1652.9219999313354, 42946.28828786739, 52614.80117911576
1652.9279999732971, 42946.28828786739, 52614.80117911576
1652.9329998493195, 42946.28828786739, 52614.80117911576
1652.9359998703003, 42946.28828786739, 52614.80117911576
1652.9370000362396, 42946.28828786739, 52614.80117911576
1652.9500000476837, 42946.28828786739, 52614.80117911576
1652.9500000476837, 42946.28828786739, 52614.80117911576
1652.9649999141693, 42946.28828786739, 52614.80117911576
1657.6829998493195, 42946.28828786739, 52614.80117911576
1657.6889998912811, 42946.28828786739, 52614.67028739579
1657.6959998607635, 42946.28828786739, 52614.67028739579
1657.7019999027252, 42946.28828786739, 52613.48914088661
1657.7089998722076, 42946.28828786739, 52613.48914088661
1657.7170000076294, 42946.28828786739, 52613.48914088661
1657.7170000076294, 42946.28828786739, 52613.48914088661
1657.7309999465942, 42946.28828786739, 52613.318411240056
1657.7309999465942, 42946.28828786739, 52613.318411240056
1662.707999944687, 42946.28828786739, 52612.587790242855
1662.707999944687, 42946.28828786739, 52612.587790242855
1662.7239999771118, 42946.28828786739, 52612.587790242855
1667.3259999752045, 42946.28828786739, 52611.953019719745
1667.3429999351501, 42946.28828786739, 52611.953019719745
1667.3429999351501, 42946.28828786739, 52611.953019719745
1667.3429999351501, 42946.28828786739, 52611.953019719745
1667.3599998950958, 42946.28828786739, 52611.953019719745
1667.3639998435974, 42946.28828786739, 52611.953019719745
1667.3639998435974, 42946.28828786739, 52611.84615157512
1667.3780000209808, 42946.28828786739, 52610.70922736901
1672.1299998760223, 42946.28828786739, 52610.457840220086
1672.138000011444, 42946.28828786739, 52609.71264447768
1672.1440000534058, 42946.28828786739, 52609.71264447768
1672.1510000228882, 42946.28828786739, 52609.71264447768
1672.1549999713898, 42946.28828786739, 52609.71264447768
1672.1549999713898, 42946.28828786739, 52609.71264447768
1672.1640000343323, 42946.28828786739, 52609.71264447768
1672.1640000343323, 42946.28828786739, 52609.71264447768
1672.1640000343323, 42946.28828786739, 52609.71264447768
1672.1800000667572, 42946.28828786739, 52609.71264447768
1672.1800000667572, 42946.28828786739, 52609.71264447768
1672.1800000667572, 42946.28828786739, 52609.71264447768
1676.601000070572, 42946.28828786739, 52609.71264447768
1676.606999874115, 42946.28828786739, 52608.22657857088
1676.6159999370575, 42946.28828786739, 52608.22657857088
1676.619999885559, 42946.28828786739, 52608.22657857088
1676.6219999790192, 42946.28828786739, 52607.80076284696
1676.6219999790192, 42946.28828786739, 52607.80076284696
1681.4140000343323, 42946.28828786739, 52607.80076284696
1681.4140000343323, 42946.28828786739, 52607.80076284696
1681.4349999427795, 42946.28828786739, 52607.80076284696
1681.4370000362396, 42946.28828786739, 52607.80076284696
1681.4489998817444, 42946.28828786739, 52607.335077066215
1681.4519999027252, 42946.28828786739, 52607.335077066215
1681.4519999027252, 42946.28828786739, 52607.289987945835
1681.4649999141693, 42946.28828786739, 52607.289987945835
1686.2619998455048, 42946.28828786739, 52607.289987945835
1686.2709999084473, 42946.28828786739, 52607.289987945835
1686.276999950409, 42946.28828786739, 52607.289987945835
1686.2820000648499, 42946.28828786739, 52607.289987945835
1686.2869999408722, 42946.28828786739, 52607.289987945835
1686.2909998893738, 42946.28828786739, 52607.289987945835
1686.2929999828339, 42946.28828786739, 52607.289987945835
1686.3039999008179, 42946.28828786739, 52606.25472434834
1690.5590000152588, 42946.28828786739, 52605.19619657771
1690.5659999847412, 42946.28828786739, 52605.19619657771
1690.5659999847412, 42946.28828786739, 52605.19619657771
1690.5780000686646, 42946.28828786739, 52605.19619657771
1690.582999944687, 42946.28828786739, 52605.19619657771
1690.585000038147, 42946.28828786739, 52605.19619657771
1690.585000038147, 42946.28828786739, 52605.19619657771
1690.6029999256134, 42946.28828786739, 52605.19619657771
1690.608999967575, 42946.28828786739, 52605.19619657771
1690.6129999160767, 42946.28828786739, 52605.19619657771
1690.6180000305176, 42946.28828786739, 52605.19619657771
1690.619999885559, 42946.28828786739, 52605.19619657771
1690.619999885559, 42946.28828786739, 52605.19619657771
1695.6129999160767, 42946.28828786739, 52602.98639320411
1695.6169998645782, 42946.28828786739, 52602.98639320411
1695.625, 42946.28828786739, 52602.382440641784
1695.6299998760223, 42946.28828786739, 52602.382440641784
1695.6329998970032, 42946.28828786739, 52602.382440641784
1695.6389999389648, 42946.28828786739, 52602.382440641784
1695.6419999599457, 42946.28828786739, 52602.382440641784
1695.6440000534058, 42946.28828786739, 52602.382440641784
1695.6440000534058, 42946.28828786739, 52602.382440641784
1695.6559998989105, 42946.28828786739, 52600.02270508393
1695.6559998989105, 42946.28828786739, 52600.02270508393
1695.6559998989105, 42946.28828786739, 52600.02270508393
1695.6559998989105, 42946.28828786739, 52600.02270508393
1695.6710000038147, 42946.28828786739, 52600.02270508393
1700.7249999046326, 42946.28828786739, 52600.02270508393
1700.7330000400543, 42946.28828786739, 52600.02270508393
1700.7400000095367, 42946.28828786739, 52600.02270508393
1700.7469999790192, 42946.28828786739, 52599.82344401421
1700.75, 42946.28828786739, 52599.82344401421
1700.7539999485016, 42946.28828786739, 52597.66882452017
1705.5460000038147, 42946.28828786739, 52597.66882452017
1705.5529999732971, 42946.28828786739, 52597.66882452017
1705.5529999732971, 42946.28828786739, 52596.97371641199
1705.5650000572205, 42946.28828786739, 52596.97371641199
1705.5709998607635, 42946.28828786739, 52596.97371641199
1705.5709998607635, 42946.28828786739, 52596.97371641199
1705.582999944687, 42946.28828786739, 52596.97371641199
1705.5869998931885, 42946.28828786739, 52596.97371641199
1705.5910000801086, 42946.28828786739, 52596.97371641199
1705.5910000801086, 42946.28828786739, 52596.828799953044
1710.1139998435974, 42946.28828786739, 52595.94861373739
1710.1139998435974, 42946.28828786739, 52595.94861373739
1710.1259999275208, 42946.28828786739, 52595.94861373739
1710.1289999485016, 42946.28828786739, 52595.94861373739
1710.1329998970032, 42946.28828786739, 52595.60273971622
1710.1329998970032, 42946.28828786739, 52595.60273971622
1710.1440000534058, 42946.28828786739, 52595.60273971622
1710.151999950409, 42946.28828786739, 52595.60273971622
1710.1579999923706, 42946.28828786739, 52595.60273971622
1714.968999862671, 42946.28828786739, 52595.60273971622
1714.968999862671, 42946.28828786739, 52595.60273971622
1714.983999967575, 42946.28828786739, 52595.60273971622
1714.986999988556, 42946.28828786739, 52595.60273971622
1714.9930000305176, 42946.28828786739, 52595.60273971622
1714.9969999790192, 42946.28828786739, 52595.60273971622
1715.0009999275208, 42946.28828786739, 52594.5019830717
1715.0060000419617, 42946.28828786739, 52594.5019830717
1715.0099999904633, 42946.28828786739, 52594.5019830717
1719.8090000152588, 42946.28828786739, 52594.5019830717
1719.8159999847412, 42946.28828786739, 52594.5019830717
1719.8180000782013, 42946.28828786739, 52592.14358976687
1719.8180000782013, 42946.28828786739, 52592.14358976687
1724.6219999790192, 42946.28828786739, 52591.26853405428
1724.6310000419617, 42946.28828786739, 52591.26853405428
1724.641000032425, 42946.28828786739, 52590.55175106603
1729.3669998645782, 42946.28828786739, 52589.88920232726
1729.375, 42946.28828786739, 52588.81128736402
1729.3810000419617, 42946.28828786739, 52588.81128736402
1729.3869998455048, 42946.28828786739, 52588.81128736402
1729.3929998874664, 42946.28828786739, 52588.81128736402
1729.3970000743866, 42946.28828786739, 52588.81128736402
1733.356999874115, 42946.28828786739, 52587.425790920235
1733.3650000095367, 42946.28828786739, 52587.425790920235
1733.3710000514984, 42946.28828786739, 52587.425790920235
1733.3740000724792, 42946.28828786739, 52587.425790920235
1733.3740000724792, 42946.28828786739, 52587.425790920235
1733.3829998970032, 42946.28828786739, 52587.425790920235
1733.3829998970032, 42946.28828786739, 52587.425790920235
1733.3829998970032, 42946.28828786739, 52587.425790920235
1733.3829998970032, 42946.28828786739, 52587.425790920235
1733.3980000019073, 42946.28828786739, 52587.425790920235
1733.4010000228882, 42946.28828786739, 52587.425790920235
1733.4010000228882, 42946.28828786739, 52587.425790920235
1733.4010000228882, 42946.28828786739, 52587.425790920235
1733.4010000228882, 42946.28828786739, 52587.425790920235
1733.4010000228882, 42946.28828786739, 52587.425790920235
1733.4179999828339, 42946.28828786739, 52587.425790920235
1733.4179999828339, 42946.28828786739, 52587.425790920235
1733.4179999828339, 42946.28828786739, 52586.439155655935
1733.4319999217987, 42946.28828786739, 52586.439155655935
1738.4049999713898, 42946.28828786739, 52585.924666840736
1738.4159998893738, 42946.28828786739, 52585.924666840736
1738.4210000038147, 42946.28828786739, 52585.924666840736
1738.425999879837, 42946.28828786739, 52585.924666840736
1738.4279999732971, 42946.28828786739, 52585.924666840736
1738.4279999732971, 42946.28828786739, 52582.66097629919
1743.3889999389648, 42946.28828786739, 52582.66097629919
1743.3980000019073, 42946.28828786739, 52582.66097629919
1743.404000043869, 42946.28828786739, 52582.66097629919
1743.4110000133514, 42946.28828786739, 52582.66097629919
1743.4159998893738, 42946.28828786739, 52582.66097629919
1743.4159998893738, 42946.28828786739, 52582.58321928245
1743.4300000667572, 42946.28828786739, 52582.58321928245
1748.476000070572, 42946.28828786739, 52582.280263773086
1748.494999885559, 42946.28828786739, 52582.280263773086
1748.5019998550415, 42946.28828786739, 52581.685907452156
1748.5079998970032, 42946.28828786739, 52581.685907452156
1748.5149998664856, 42946.28828786739, 52581.685907452156
1748.5149998664856, 42946.28828786739, 52581.685907452156
1748.5149998664856, 42946.28828786739, 52580.24488018033
1748.5260000228882, 42946.28828786739, 52580.24488018033
1753.4249999523163, 42946.28828786739, 52579.94216225575
1753.4270000457764, 42946.28828786739, 52579.70971836783
1753.4270000457764, 42946.28828786739, 52579.70971836783
1753.444000005722, 42946.28828786739, 52579.70971836783
1753.4489998817444, 42946.28828786739, 52579.70971836783
1753.4500000476837, 42946.28828786739, 52579.70971836783
1753.4609999656677, 42946.28828786739, 52579.70971836783
1753.4609999656677, 42946.28828786739, 52579.70971836783
1753.4609999656677, 42946.28828786739, 52579.26852209777
1757.9670000076294, 42946.28828786739, 52578.91125813777
1757.9889998435974, 42946.28828786739, 52578.02803934674
1757.9919998645782, 42946.28828786739, 52578.02803934674
1757.9919998645782, 42946.28828786739, 52578.02803934674
1758.0069999694824, 42946.28828786739, 52578.02803934674
1758.013000011444, 42946.28828786739, 52578.02803934674
1758.0209999084473, 42946.28828786739, 52577.573295154114
1758.0209999084473, 42946.28828786739, 52577.573295154114
1763.0709998607635, 42946.28828786739, 52577.573295154114
1763.079999923706, 42946.28828786739, 52577.573295154114
1763.0859999656677, 42946.28828786739, 52577.39303737244
1763.0859999656677, 42946.28828786739, 52577.39303737244
1767.944000005722, 42946.28828786739, 52576.08732840217
1767.9470000267029, 42946.28828786739, 52576.08732840217
1767.9470000267029, 42946.28828786739, 52576.08732840217
1767.9470000267029, 42946.28828786739, 52576.08732840217
1767.9700000286102, 42946.28828786739, 52574.66596086117
1767.973000049591, 42946.28828786739, 52573.46839444849
1767.9800000190735, 42946.28828786739, 52573.46839444849
1767.986999988556, 42946.28828786739, 52573.46839444849
1767.9960000514984, 42946.28828786739, 52572.68437765902
1772.8099999427795, 42946.28828786739, 52572.68437765902
1772.8099999427795, 42946.28828786739, 52572.23577250006
1772.8099999427795, 42946.28828786739, 52572.23577250006
1772.8259999752045, 42946.28828786739, 52572.23577250006
1772.8320000171661, 42946.28828786739, 52572.23577250006
1772.8359999656677, 42946.28828786739, 52572.23577250006
1772.845999956131, 42946.28828786739, 52572.23577250006
1772.845999956131, 42946.28828786739, 52572.23577250006
1772.845999956131, 42946.28828786739, 52572.23577250006
1777.6909999847412, 42946.28828786739, 52571.92944866632
1777.6989998817444, 42946.28828786739, 52571.484195670615
1777.7070000171661, 42946.28828786739, 52571.484195670615
1777.7109999656677, 42946.28828786739, 52571.484195670615
1782.6579999923706, 42946.28828786739, 52571.484195670615
1782.662999868393, 42946.28828786739, 52571.484195670615
1782.667000055313, 42946.28828786739, 52571.484195670615
1782.6710000038147, 42946.28828786739, 52571.484195670615
1782.675999879837, 42946.28828786739, 52571.484195670615
1782.6909999847412, 42946.28828786739, 52571.484195670615
1782.7039999961853, 42946.28828786739, 52570.45639434157
1782.7119998931885, 42946.28828786739, 52570.209246147715
1782.7160000801086, 42946.28828786739, 52570.209246147715
1787.3529999256134, 42946.28828786739, 52570.209246147715
1787.3559999465942, 42946.28828786739, 52570.209246147715
1787.3559999465942, 42946.28828786739, 52569.730373076825
1787.3559999465942, 42946.28828786739, 52569.0793409671
1787.3559999465942, 42946.28828786739, 52569.0793409671
1787.3769998550415, 42946.28828786739, 52568.6244506913
1787.3949999809265, 42946.28828786739, 52568.6244506913
1787.4029998779297, 42946.28828786739, 52568.42334486317
1792.2430000305176, 42946.28828786739, 52568.42334486317
1792.2509999275208, 42946.28828786739, 52568.42334486317
1792.260999917984, 42946.28828786739, 52567.94368413196
1792.2690000534058, 42946.28828786739, 52567.94368413196
1792.2749998569489, 42946.28828786739, 52567.94368413196
1792.2749998569489, 42946.28828786739, 52567.61433602639
1797.042000055313, 42946.28828786739, 52567.61433602639
1797.0499999523163, 42946.28828786739, 52567.61433602639
1797.0569999217987, 42946.28828786739, 52567.61433602639
1797.0650000572205, 42946.28828786739, 52567.61433602639
1797.0699999332428, 42946.28828786739, 52567.61433602639
1797.0699999332428, 42946.28828786739, 52567.61433602639
1797.0820000171661, 42946.28828786739, 52567.61433602639
1797.0880000591278, 42946.28828786739, 52567.61433602639
1797.0899999141693, 42946.28828786739, 52567.61433602639
1797.0899999141693, 42946.28828786739, 52567.61433602639
1801.7709999084473, 42946.28828786739, 52567.61433602639
1801.7829999923706, 42946.28828786739, 52567.61433602639
1801.7909998893738, 42946.28828786739, 52567.61433602639
1801.795000076294, 42946.28828786739, 52567.61433602639
1801.8029999732971, 42946.28828786739, 52566.07657495001
1801.805999994278, 42946.28828786739, 52565.132507724185
1801.819000005722, 42946.28828786739, 52564.79999538621
1801.829999923706, 42946.28828786739, 52564.79999538621
1801.8369998931885, 42946.28828786739, 52563.91280015192
1806.8819999694824, 42946.28828786739, 52563.747312332314
1806.8869998455048, 42946.28828786739, 52563.747312332314
1806.891000032425, 42946.28828786739, 52563.747312332314
1806.8970000743866, 42946.28828786739, 52563.747312332314
1806.9049999713898, 42946.28828786739, 52563.52570058103
1806.9159998893738, 42946.28828786739, 52563.3984199015
1812.108999967575, 42946.28828786739, 52562.6557414053
1812.119999885559, 42946.28828786739, 52562.644376388635
1812.1259999275208, 42946.28828786739, 52562.46333834795
1812.1289999485016, 42946.28828786739, 52562.46333834795
1812.1389999389648, 42946.28828786739, 52562.120877209825
1816.805999994278, 42946.28828786739, 52561.76097592901
1816.8250000476837, 42946.28828786739, 52561.76097592901
1816.8289999961853, 42946.28828786739, 52561.76097592901
1816.835000038147, 42946.28828786739, 52561.76097592901
1816.843999862671, 42946.28828786739, 52561.76097592901
1816.851000070572, 42946.28828786739, 52561.76097592901
1821.8780000209808, 42946.28828786739, 52561.76097592901
1821.8780000209808, 42946.28828786739, 52561.32616981164
1821.8970000743866, 42946.28828786739, 52561.32616981164
1821.9029998779297, 42946.28828786739, 52561.32616981164
1821.9079999923706, 42946.28828786739, 52560.755414117346
1826.9409999847412, 42946.28828786739, 52560.618763216014
1826.9459998607635, 42946.28828786739, 52559.261398491784
1826.9479999542236, 42946.28828786739, 52559.261398491784
1826.9479999542236, 42946.28828786739, 52559.261398491784
1826.9479999542236, 42946.28828786739, 52559.261398491784
1826.9639999866486, 42946.28828786739, 52559.261398491784
1831.8450000286102, 42946.28828786739, 52557.120188514615
1831.8450000286102, 42946.28828786739, 52557.120188514615
1831.8550000190735, 42946.28828786739, 52557.120188514615
1831.8639998435974, 42946.28828786739, 52556.844866657724
1831.869999885559, 42946.28828786739, 52556.844866657724
1831.87299990654, 42946.28828786739, 52556.844866657724
1831.8829998970032, 42946.28828786739, 52556.54608829417
1831.8829998970032, 42946.28828786739, 52556.54608829417
1831.8959999084473, 42946.28828786739, 52556.54608829417
1836.569000005722, 42946.28828786739, 52556.54608829417
1836.5759999752045, 42946.28828786739, 52556.54608829417
1836.5759999752045, 42946.28828786739, 52556.41701969245
1836.5899999141693, 42946.28828786739, 52556.24384931174
1836.5950000286102, 42946.28828786739, 52556.24384931174
1836.5950000286102, 42946.28828786739, 52556.24384931174
1836.6129999160767, 42946.28828786739, 52556.24384931174
1836.6129999160767, 42946.28828786739, 52555.721629360734
1836.6129999160767, 42946.28828786739, 52555.721629360734
1841.7360000610352, 42946.28828786739, 52555.337913192685
1841.7360000610352, 42946.28828786739, 52555.337913192685
1841.7360000610352, 42946.28828786739, 52555.337913192685
1841.7509999275208, 42946.28828786739, 52555.337913192685
1841.7560000419617, 42946.28828786739, 52555.337913192685
1841.7599999904633, 42946.28828786739, 52555.24006185405
1841.7709999084473, 42946.28828786739, 52555.24006185405
1841.7709999084473, 42946.28828786739, 52555.24006185405
1841.7709999084473, 42946.28828786739, 52555.24006185405
1841.7709999084473, 42946.28828786739, 52555.24006185405
1841.7860000133514, 42946.28828786739, 52555.24006185405
1841.7860000133514, 42946.28828786739, 52553.94598880536
1841.7860000133514, 42946.28828786739, 52553.94598880536
1841.8029999732971, 42946.28828786739, 52553.94598880536
1841.805999994278, 42946.28828786739, 52553.94598880536
1846.513000011444, 42946.28828786739, 52553.55330422343
1846.5299999713898, 42946.28828786739, 52553.55330422343
1846.5299999713898, 42946.28828786739, 52553.55330422343
1846.5299999713898, 42946.28828786739, 52553.23336296084
1846.542000055313, 42946.28828786739, 52553.23336296084
1846.545000076294, 42946.28828786739, 52553.23336296084
1846.5469999313354, 42946.28828786739, 52553.23336296084
1846.5490000247955, 42946.28828786739, 52553.23336296084
1846.5490000247955, 42946.28828786739, 52553.23336296084
1846.5490000247955, 42946.28828786739, 52553.23336296084
1846.5659999847412, 42946.28828786739, 52553.23336296084
1846.5659999847412, 42946.28828786739, 52553.23336296084
1846.5659999847412, 42946.28828786739, 52553.23336296084
1851.1589999198914, 42946.28828786739, 52553.23336296084
1851.1749999523163, 42946.28828786739, 52553.23336296084
1851.1840000152588, 42946.28828786739, 52553.23336296084
1851.1909999847412, 42946.28828786739, 52553.23336296084
1851.1970000267029, 42946.28828786739, 52553.23336296084
1851.1989998817444, 42946.28828786739, 52553.23336296084
1851.2030000686646, 42946.28828786739, 52553.23336296084
1851.204999923706, 42946.28828786739, 52553.23336296084
1851.207999944687, 42946.28828786739, 52553.23336296084
1851.207999944687, 42946.28828786739, 52553.23336296084
1851.207999944687, 42946.28828786739, 52553.23336296084
1851.207999944687, 42946.28828786739, 52553.23336296084
1851.2249999046326, 42946.28828786739, 52553.23336296084
1851.2249999046326, 42946.28828786739, 52553.23336296084
1851.2249999046326, 42946.28828786739, 52553.23336296084
1851.2409999370575, 42946.28828786739, 52553.23336296084
1851.2419998645782, 42946.28828786739, 52552.78551004946
1851.2419998645782, 42946.28828786739, 52552.78551004946
1851.2419998645782, 42946.28828786739, 52552.78551004946
1851.2599999904633, 42946.28828786739, 52552.78551004946
1851.2639999389648, 42946.28828786739, 52552.78551004946
1856.204999923706, 42946.28828786739, 52552.78551004946
1856.207999944687, 42946.28828786739, 52552.78551004946
1856.207999944687, 42946.28828786739, 52552.78551004946
1856.207999944687, 42946.28828786739, 52552.78551004946
1856.2269999980927, 42946.28828786739, 52552.78551004946
1856.2309999465942, 42946.28828786739, 52552.78551004946
1856.2360000610352, 42946.28828786739, 52552.78551004946
1856.2400000095367, 42946.28828786739, 52551.51244589875
1856.244999885559, 42946.28828786739, 52551.51244589875
1856.25, 42946.28828786739, 52550.09807478023
1861.3559999465942, 42946.28828786739, 52550.09807478023
1861.358999967575, 42946.28828786739, 52550.09807478023
1861.3689999580383, 42946.28828786739, 52550.09807478023
1861.3789999485016, 42946.28828786739, 52550.09807478023
1861.388000011444, 42946.28828786739, 52550.09807478023
1861.3940000534058, 42946.28828786739, 52548.953300895904
1861.3940000534058, 42946.28828786739, 52547.520713127255
1861.3940000534058, 42946.28828786739, 52547.520713127255
1866.4079999923706, 42946.28828786739, 52547.520713127255
1866.4159998893738, 42946.28828786739, 52547.23208295333
1866.420000076294, 42946.28828786739, 52547.23208295333
1866.425999879837, 42946.28828786739, 52547.23208295333
1866.4340000152588, 42946.28828786739, 52547.086226762054
1866.4370000362396, 42946.28828786739, 52546.17319988813
1871.066999912262, 42946.28828786739, 52546.17319988813
1871.0739998817444, 42946.28828786739, 52545.89884664395
1871.0769999027252, 42946.28828786739, 52545.81775877508
1876.0069999694824, 42946.28828786739, 52545.03221420773
1876.010999917984, 42946.28828786739, 52545.03221420773
1876.0249998569489, 42946.28828786739, 52544.69979915909
1876.029000043869, 42946.28828786739, 52544.69979915909
1876.0320000648499, 42946.28828786739, 52544.69979915909
1876.0320000648499, 42946.28828786739, 52544.69979915909
1876.0320000648499, 42946.28828786739, 52544.69979915909
1876.0320000648499, 42946.28828786739, 52544.69979915909
1876.0520000457764, 42946.28828786739, 52544.69979915909
1876.0520000457764, 42946.28828786739, 52544.69979915909
1876.0639998912811, 42946.28828786739, 52544.42785430262
1876.0639998912811, 42946.28828786739, 52544.40803479873
1876.0639998912811, 42946.28828786739, 52544.40803479873
1881.444000005722, 42946.28828786739, 52544.40803479873
1881.4500000476837, 42946.28828786739, 52544.40803479873
1881.4530000686646, 42946.28828786739, 52544.40803479873
1881.4589998722076, 42946.28828786739, 52544.09021565644
1881.4589998722076, 42946.28828786739, 52544.09021565644
1886.3359999656677, 42946.28828786739, 52543.07282880524
1886.3359999656677, 42946.28828786739, 52543.07282880524
1886.3359999656677, 42946.28828786739, 52543.07282880524
1886.3529999256134, 42946.28828786739, 52543.07282880524
1886.3599998950958, 42946.28828786739, 52542.70204727064
1886.3599998950958, 42946.28828786739, 52542.391817960284
1886.3710000514984, 42946.28828786739, 52542.112585157316
1886.3710000514984, 42946.28828786739, 52542.112585157316
1891.5390000343323, 42946.28828786739, 52542.112585157316
1891.550999879837, 42946.28828786739, 52541.93925945649
1891.555999994278, 42946.28828786739, 52541.93925945649
1891.555999994278, 42946.28828786739, 52541.93925945649
1891.5699999332428, 42946.28828786739, 52541.18471053145
1891.5750000476837, 42946.28828786739, 52541.18471053145
1891.5750000476837, 42946.28828786739, 52541.18471053145
1891.5750000476837, 42946.28828786739, 52541.18471053145
1896.5609998703003, 42946.28828786739, 52538.92155308477
1896.5650000572205, 42946.28828786739, 52538.92155308477
1896.569000005722, 42946.28828786739, 52538.92155308477
1896.5769999027252, 42946.28828786739, 52538.92155308477
1896.5789999961853, 42946.28828786739, 52538.740720381924
1896.5789999961853, 42946.28828786739, 52538.740720381924
1896.593999862671, 42946.28828786739, 52538.740720381924
1896.593999862671, 42946.28828786739, 52538.54147357419
1896.593999862671, 42946.28828786739, 52538.54147357419
1896.608999967575, 42946.28828786739, 52537.79639685728
1896.611999988556, 42946.28828786739, 52537.79639685728
1901.3559999465942, 42946.28828786739, 52537.79639685728
1901.3629999160767, 42946.28828786739, 52537.79639685728
1901.3669998645782, 42946.28828786739, 52537.70347656568
1901.3719999790192, 42946.28828786739, 52537.251610758176
1901.3799998760223, 42946.28828786739, 52537.22411704376
1901.3810000419617, 42946.28828786739, 52537.22411704376
1901.3810000419617, 42946.28828786739, 52537.22411704376
1901.3940000534058, 42946.28828786739, 52537.22411704376
1901.3940000534058, 42946.28828786739, 52536.10560338069
1906.4649999141693, 42946.28828786739, 52536.10560338069
1906.4649999141693, 42946.28828786739, 52536.10560338069
1906.4800000190735, 42946.28828786739, 52535.72895656212
1906.4830000400543, 42946.28828786739, 52535.51716704473
1906.4830000400543, 42946.28828786739, 52535.51716704473
1911.4400000572205, 42946.28828786739, 52535.51716704473
1911.4500000476837, 42946.28828786739, 52535.51716704473
1911.4500000476837, 42946.28828786739, 52535.51716704473
1911.4630000591278, 42946.28828786739, 52535.51716704473
1911.4660000801086, 42946.28828786739, 52535.51716704473
1911.4660000801086, 42946.28828786739, 52534.850057769654
1916.7039999961853, 42946.28828786739, 52534.850057769654
1916.7039999961853, 42946.28828786739, 52534.850057769654
1916.720999956131, 42946.28828786739, 52533.914307329935
1916.726000070572, 42946.28828786739, 52533.914307329935
1916.7269999980927, 42946.28828786739, 52533.74543156705
1916.7389998435974, 42946.28828786739, 52533.74543156705
1916.7419998645782, 42946.28828786739, 52533.74543156705
1921.417000055313, 42946.28828786739, 52533.74543156705
1921.4240000247955, 42946.28828786739, 52533.74543156705
1921.430999994278, 42946.28828786739, 52533.74543156705
1921.4370000362396, 42946.28828786739, 52533.74543156705
1921.4370000362396, 42946.28828786739, 52533.74543156705
1921.4479999542236, 42946.28828786739, 52533.54435824473
1921.4509999752045, 42946.28828786739, 52532.95183831226
1926.3769998550415, 42946.28828786739, 52532.94245419173
1926.3889999389648, 42946.28828786739, 52532.94245419173
1926.3940000534058, 42946.28828786739, 52532.94245419173
1926.3980000019073, 42946.28828786739, 52532.94245419173
1926.3980000019073, 42946.28828786739, 52532.45413318304
1926.4119999408722, 42946.28828786739, 52532.45413318304
1926.4119999408722, 42946.28828786739, 52532.45413318304
1926.4119999408722, 42946.28828786739, 52532.45413318304
1926.4119999408722, 42946.28828786739, 52532.45413318304
1931.2170000076294, 42946.28828786739, 52532.01613800028
1931.223000049591, 42946.28828786739, 52531.964749880455
1931.226000070572, 42946.28828786739, 52531.964749880455
1931.2300000190735, 42946.28828786739, 52531.964749880455
1931.231999874115, 42946.28828786739, 52531.964749880455
1931.2360000610352, 42946.28828786739, 52531.22047076605
1931.2360000610352, 42946.28828786739, 52531.22047076605
1931.2360000610352, 42946.28828786739, 52531.22047076605
1931.2490000724792, 42946.28828786739, 52531.22047076605
1936.2579998970032, 42946.28828786739, 52531.22047076605
1936.2649998664856, 42946.28828786739, 52530.18505708018
1936.2699999809265, 42946.28828786739, 52529.982047288504
1936.276999950409, 42946.28828786739, 52529.982047288504
1936.2820000648499, 42946.28828786739, 52529.982047288504
1936.284999847412, 42946.28828786739, 52529.81840842264
1941.1659998893738, 42946.28828786739, 52528.28124089461
1941.1729998588562, 42946.28828786739, 52528.28124089461
1941.180999994278, 42946.28828786739, 52528.28124089461
1941.1859998703003, 42946.28828786739, 52528.28124089461
1941.1879999637604, 42946.28828786739, 52528.06498891131
1941.1989998817444, 42946.28828786739, 52528.06498891131
1941.204999923706, 42946.28828786739, 52528.06498891131
1941.204999923706, 42946.28828786739, 52527.321446862574
1946.4489998817444, 42946.28828786739, 52527.321446862574
1946.4539999961853, 42946.28828786739, 52527.321446862574
1946.4619998931885, 42946.28828786739, 52527.321446862574
1946.470999956131, 42946.28828786739, 52527.321446862574
1946.4800000190735, 42946.28828786739, 52527.321446862574
1946.486999988556, 42946.28828786739, 52527.321446862574
1946.4960000514984, 42946.28828786739, 52527.321446862574
1946.5019998550415, 42946.28828786739, 52526.508554622604
1951.2170000076294, 42946.28828786739, 52525.130598105075
1951.2269999980927, 42946.28828786739, 52525.130598105075
1951.2300000190735, 42946.28828786739, 52525.130598105075
1951.231999874115, 42946.28828786739, 52525.130598105075
1956.5099999904633, 42946.28828786739, 52523.802755502555
1956.5139999389648, 42946.28828786739, 52523.802755502555
1956.5179998874664, 42946.28828786739, 52523.18171769729
1956.5230000019073, 42946.28828786739, 52523.12872050756
1956.526999950409, 42946.28828786739, 52523.12872050756
1956.529000043869, 42946.28828786739, 52523.12872050756
1956.5329999923706, 42946.28828786739, 52523.12872050756
1956.5390000343323, 42946.28828786739, 52523.12872050756
1956.542000055313, 42946.28828786739, 52523.12872050756
1956.542000055313, 42946.28828786739, 52523.12872050756
1956.5579998493195, 42946.28828786739, 52523.12872050756
1956.5579998493195, 42946.28828786739, 52523.12872050756
1956.5579998493195, 42946.28828786739, 52523.12872050756
1956.5579998493195, 42946.28828786739, 52523.12872050756
1956.5729999542236, 42946.28828786739, 52523.12872050756
1956.5729999542236, 42946.28828786739, 52523.12872050756
1956.5729999542236, 42946.28828786739, 52523.12872050756
1961.4179999828339, 42946.28828786739, 52523.12872050756
1961.425999879837, 42946.28828786739, 52523.12872050756
1961.4319999217987, 42946.28828786739, 52522.19651164192
1961.4389998912811, 42946.28828786739, 52522.19651164192
1961.4389998912811, 42946.28828786739, 52521.56202101786
1961.4389998912811, 42946.28828786739, 52520.16536539059
1961.4509999752045, 42946.28828786739, 52520.16536539059
1966.5, 42946.28828786739, 52520.16536539059
1966.516000032425, 42946.28828786739, 52519.662238400284
1966.516000032425, 42946.28828786739, 52519.662238400284
1966.516000032425, 42946.28828786739, 52519.662238400284
1966.516000032425, 42946.28828786739, 52519.46069011337
1971.6389999389648, 42946.28828786739, 52519.46069011337
1971.6429998874664, 42946.28828786739, 52519.46069011337
1971.6510000228882, 42946.28828786739, 52519.46069011337
1971.6579999923706, 42946.28828786739, 52519.46069011337
1971.6640000343323, 42946.28828786739, 52519.46069011337
1976.9279999732971, 42946.28828786739, 52518.218959995866
1976.9359998703003, 42946.28828786739, 52518.218959995866
1976.944000005722, 42946.28828786739, 52517.95991997151
1976.9539999961853, 42946.28828786739, 52517.95991997151
1976.9559998512268, 42946.28828786739, 52517.95991997151
1976.9559998512268, 42946.28828786739, 52517.95991997151
1976.968999862671, 42946.28828786739, 52517.95991997151
1976.9719998836517, 42946.28828786739, 52517.95991997151
1976.9789998531342, 42946.28828786739, 52517.95991997151
1981.7990000247955, 42946.28828786739, 52515.89912706122
1981.8039999008179, 42946.28828786739, 52515.89912706122
1981.8090000152588, 42946.28828786739, 52515.89912706122
1981.8129999637604, 42946.28828786739, 52515.89912706122
1981.8129999637604, 42946.28828786739, 52515.70736987948
1981.8280000686646, 42946.28828786739, 52515.37508924603
1986.4630000591278, 42946.28828786739, 52515.37508924603
1986.4789998531342, 42946.28828786739, 52515.281482329956
1986.4789998531342, 42946.28828786739, 52515.281482329956
1986.4789998531342, 42946.28828786739, 52515.281482329956
1986.4969999790192, 42946.28828786739, 52515.281482329956
1986.5030000209808, 42946.28828786739, 52515.12783873824
1986.5090000629425, 42946.28828786739, 52515.12783873824
1986.5119998455048, 42946.28828786739, 52515.12783873824
1986.5149998664856, 42946.28828786739, 52515.12783873824
1986.5149998664856, 42946.28828786739, 52515.12783873824
1986.5299999713898, 42946.28828786739, 52515.12783873824
1991.6319999694824, 42946.28828786739, 52515.12783873824
1991.638000011444, 42946.28828786739, 52515.12783873824
1991.641000032425, 42946.28828786739, 52515.12783873824
1991.6470000743866, 42946.28828786739, 52515.12783873824
1991.651999950409, 42946.28828786739, 52514.2402734328
1991.6589999198914, 42946.28828786739, 52514.2402734328
1991.6689999103546, 42946.28828786739, 52514.2402734328
1991.675999879837, 42946.28828786739, 52513.83920103946
1991.675999879837, 42946.28828786739, 52513.83920103946
1996.9589998722076, 42946.28828786739, 52513.055789051694
1996.9589998722076, 42946.28828786739, 52513.055789051694
1996.973000049591, 42946.28828786739, 52513.055789051694
1996.9789998531342, 42946.28828786739, 52513.055789051694
1996.9809999465942, 42946.28828786739, 52513.055789051694
1996.9809999465942, 42946.28828786739, 52513.055789051694
1996.9969999790192, 42946.28828786739, 52513.055789051694
1996.99799990654, 42946.28828786739, 52512.89370669125
2001.9619998931885, 42946.28828786739, 52512.89370669125
2001.9679999351501, 42946.28828786739, 52512.89370669125
2001.9719998836517, 42946.28828786739, 52512.89370669125
2001.9800000190735, 42946.28828786739, 52512.89370669125
2001.986999988556, 42946.28828786739, 52512.070989843516
2001.9919998645782, 42946.28828786739, 52512.070989843516
2002.0009999275208, 42946.28828786739, 52512.070989843516
2002.0009999275208, 42946.28828786739, 52511.6142162221
2002.0149998664856, 42946.28828786739, 52511.6142162221
2006.6259999275208, 42946.28828786739, 52511.6142162221
2006.6319999694824, 42946.28828786739, 52511.6142162221
2006.635999917984, 42946.28828786739, 52511.6142162221
2006.6399998664856, 42946.28828786739, 52511.6142162221
2006.6440000534058, 42946.28828786739, 52511.6142162221
2006.6440000534058, 42946.28828786739, 52511.6142162221
2006.6440000534058, 42946.28828786739, 52511.6142162221
2006.6559998989105, 42946.28828786739, 52511.6142162221
2006.6610000133514, 42946.28828786739, 52511.3071016706
2006.6679999828339, 42946.28828786739, 52511.05274721071
2006.670000076294, 42946.28828786739, 52511.05274721071
2006.6740000247955, 42946.28828786739, 52511.05274721071
2006.6779999732971, 42946.28828786739, 52511.05274721071
2006.6789999008179, 42946.28828786739, 52511.05274721071
2006.6789999008179, 42946.28828786739, 52511.05274721071
2006.6789999008179, 42946.28828786739, 52511.05274721071
2006.6789999008179, 42946.28828786739, 52511.05274721071
2011.9500000476837, 42946.28828786739, 52511.05274721071
2011.9649999141693, 42946.28828786739, 52511.05274721071
2011.9649999141693, 42946.28828786739, 52511.05274721071
2011.983999967575, 42946.28828786739, 52511.05274721071
2011.9909999370575, 42946.28828786739, 52510.19071939971
2011.9939999580383, 42946.28828786739, 52510.19071939971
2011.9969999790192, 42946.28828786739, 52510.19071939971
2012.0019998550415, 42946.28828786739, 52510.14795481278
2017.0820000171661, 42946.28828786739, 52510.14795481278
2017.0869998931885, 42946.28828786739, 52510.14795481278
2017.0969998836517, 42946.28828786739, 52510.14795481278
2017.106999874115, 42946.28828786739, 52510.14795481278
2017.106999874115, 42946.28828786739, 52510.14795481278
2017.106999874115, 42946.28828786739, 52509.49634488073
2017.1240000724792, 42946.28828786739, 52509.49634488073
2017.1240000724792, 42946.28828786739, 52508.76258238088
2017.1389999389648, 42946.28828786739, 52508.76258238088
2017.1389999389648, 42946.28828786739, 52508.76258238088
2017.1510000228882, 42946.28828786739, 52508.76258238088
2022.2929999828339, 42946.28828786739, 52508.76258238088
2022.2990000247955, 42946.28828786739, 52508.76258238088
2022.305999994278, 42946.28828786739, 52508.76258238088
2022.3099999427795, 42946.28828786739, 52508.76258238088
2022.3099999427795, 42946.28828786739, 52507.69986118498
2022.3269999027252, 42946.28828786739, 52507.69986118498
2022.3269999027252, 42946.28828786739, 52507.69986118498
2022.3359999656677, 42946.28828786739, 52507.69986118498
2022.3399999141693, 42946.28828786739, 52507.69986118498
2022.3429999351501, 42946.28828786739, 52507.69986118498
2022.3429999351501, 42946.28828786739, 52507.69986118498
2022.3429999351501, 42946.28828786739, 52507.69986118498
2022.3580000400543, 42946.28828786739, 52507.35411209496
2027.731999874115, 42946.28828786739, 52506.44243353647
2027.744999885559, 42946.28828786739, 52506.44243353647
2027.7490000724792, 42946.28828786739, 52506.44243353647
2027.7490000724792, 42946.28828786739, 52506.26413306247
2027.7490000724792, 42946.28828786739, 52506.26413306247
2027.7649998664856, 42946.28828786739, 52506.26413306247
2027.7690000534058, 42946.28828786739, 52506.26413306247
2027.7720000743866, 42946.28828786739, 52506.26413306247
2033.0390000343323, 42946.28828786739, 52504.802506855805
2033.0490000247955, 42946.28828786739, 52504.50418402557
2033.0569999217987, 42946.28828786739, 52504.50418402557
2033.0629999637604, 42946.28828786739, 52504.469145053205
2033.0680000782013, 42946.28828786739, 52504.469145053205
2033.0729999542236, 42946.28828786739, 52504.469145053205
2038.2549998760223, 42946.28828786739, 52504.469145053205
2038.2649998664856, 42946.28828786739, 52504.469145053205
2038.2749998569489, 42946.28828786739, 52504.23480717743
2038.2829999923706, 42946.28828786739, 52504.23480717743
2038.292000055313, 42946.28828786739, 52503.992370111904
2038.295000076294, 42946.28828786739, 52503.992370111904
2038.295000076294, 42946.28828786739, 52503.65129618271
2038.305999994278, 42946.28828786739, 52503.65129618271
2038.3079998493195, 42946.28828786739, 52503.515612187875
2038.3079998493195, 42946.28828786739, 52503.515612187875
2038.3079998493195, 42946.28828786739, 52503.515612187875
2038.3079998493195, 42946.28828786739, 52503.515612187875
2038.3229999542236, 42946.28828786739, 52503.515612187875
2043.601000070572, 42946.28828786739, 52503.515612187875
2043.6059999465942, 42946.28828786739, 52503.193928654604
2043.6150000095367, 42946.28828786739, 52503.193928654604
2043.6180000305176, 42946.28828786739, 52503.193928654604
2043.6310000419617, 42946.28828786739, 52503.193928654604
2043.6369998455048, 42946.28828786739, 52503.193928654604
2043.6529998779297, 42946.28828786739, 52503.193928654604
2043.659999847412, 42946.28828786739, 52503.193928654604
2043.659999847412, 42946.28828786739, 52503.193928654604
2043.6710000038147, 42946.28828786739, 52503.193928654604
2043.6749999523163, 42946.28828786739, 52503.193928654604
2043.6789999008179, 42946.28828786739, 52503.193928654604
2043.6829998493195, 42946.28828786739, 52503.193928654604
2043.6889998912811, 42946.28828786739, 52503.193928654604
2043.6889998912811, 42946.28828786739, 52503.193928654604
2048.412999868393, 42946.28828786739, 52503.193928654604
2048.427999973297, 42946.28828786739, 52503.193928654604
2048.434000015259, 42946.28828786739, 52503.193928654604
2048.4379999637604, 42946.28828786739, 52503.193928654604
2048.4500000476837, 42946.28828786739, 52503.193928654604
2048.4500000476837, 42946.28828786739, 52503.193928654604
2048.4649999141693, 42946.28828786739, 52503.193928654604
2048.4649999141693, 42946.28828786739, 52503.193928654604
2048.4809999465942, 42946.28828786739, 52502.54505389565
2048.4809999465942, 42946.28828786739, 52502.54505389565
2048.4809999465942, 42946.28828786739, 52502.54505389565
2048.4809999465942, 42946.28828786739, 52502.54505389565
2048.496999979019, 42946.28828786739, 52502.54505389565
2048.5, 42946.28828786739, 52502.54505389565
2048.5, 42946.28828786739, 52502.54505389565
2048.5, 42946.28828786739, 52502.54505389565
2053.733999967575, 42946.28828786739, 52502.54505389565
2053.7509999275208, 42946.28828786739, 52502.54505389565
2053.7539999485016, 42946.28828786739, 52502.54505389565
2053.7619998455048, 42946.28828786739, 52502.54505389565
2053.766000032425, 42946.28828786739, 52502.54505389565
2053.7690000534058, 42946.28828786739, 52502.54505389565
2053.7690000534058, 42946.28828786739, 52502.54505389565
2053.7829999923706, 42946.28828786739, 52501.53312798499
2053.784999847412, 42946.28828786739, 52501.15109702633
2058.8919999599457, 42946.28828786739, 52501.15109702633
2058.8959999084473, 42946.28828786739, 52501.15109702633
2058.901000022888, 42946.28828786739, 52501.15109702633
2058.9089999198914, 42946.28828786739, 52501.15109702633
2058.920000076294, 42946.28828786739, 52501.15109702633
2058.9329998493195, 42946.28828786739, 52501.15109702633
2058.9459998607635, 42946.28828786739, 52501.15109702633
2058.9500000476837, 42946.28828786739, 52501.15109702633
2058.957000017166, 42946.28828786739, 52499.7841946135
2063.9960000514984, 42946.28828786739, 52499.7841946135
2064.003000020981, 42946.28828786739, 52499.7841946135
2064.013000011444, 42946.28828786739, 52499.7841946135
2064.0149998664856, 42946.28828786739, 52499.7841946135
2064.026999950409, 42946.28828786739, 52499.7841946135
2064.0279998779297, 42946.28828786739, 52499.7841946135
2069.279000043869, 42946.28828786739, 52497.37149959276
2069.2860000133514, 42946.28828786739, 52497.37149959276
2069.292999982834, 42946.28828786739, 52497.37149959276
2069.3020000457764, 42946.28828786739, 52497.37149959276
2069.3069999217987, 42946.28828786739, 52497.240751410194
2069.316999912262, 42946.28828786739, 52497.240751410194
2069.3229999542236, 42946.28828786739, 52497.240751410194
2069.3229999542236, 42946.28828786739, 52497.240751410194
2069.3389999866486, 42946.28828786739, 52497.240751410194
2074.8769998550415, 42946.28828786739, 52495.560942570126
2074.8789999485016, 42946.28828786739, 52495.560942570126
2074.8789999485016, 42946.28828786739, 52495.27017209287
2074.8789999485016, 42946.28828786739, 52495.27017209287
2074.899999856949, 42946.28828786739, 52495.27017209287
2074.901999950409, 42946.28828786739, 52495.27017209287
2074.912999868393, 42946.28828786739, 52495.05873489629
2074.912999868393, 42946.28828786739, 52495.05873489629
2074.9270000457764, 42946.28828786739, 52495.05873489629
2079.385999917984, 42946.28828786739, 52494.34433003272
2079.4049999713898, 42946.28828786739, 52494.34433003272
2079.411999940872, 42946.28828786739, 52493.74652626308
2079.414999961853, 42946.28828786739, 52493.74652626308
2079.420000076294, 42946.28828786739, 52493.74652626308
2079.420000076294, 42946.28828786739, 52493.74652626308
2079.420000076294, 42946.28828786739, 52493.74652626308
2079.420000076294, 42946.28828786739, 52493.74652626308
2079.4400000572205, 42946.28828786739, 52493.74652626308
2079.4400000572205, 42946.28828786739, 52493.501065598015
2079.4400000572205, 42946.28828786739, 52493.501065598015
2079.454999923706, 42946.28828786739, 52493.501065598015
2079.454999923706, 42946.28828786739, 52493.42078278484
2079.454999923706, 42946.28828786739, 52493.39735959797
2079.454999923706, 42946.28828786739, 52493.39735959797
2079.473000049591, 42946.28828786739, 52493.39735959797
2084.6059999465942, 42946.28828786739, 52493.22157026987
2084.6059999465942, 42946.28828786739, 52493.22157026987
2084.619999885559, 42946.28828786739, 52493.22157026987
2084.625, 42946.28828786739, 52493.22157026987
2084.625, 42946.28828786739, 52493.22157026987
2084.625, 42946.28828786739, 52493.22157026987
2084.641000032425, 42946.28828786739, 52493.22157026987
2084.641000032425, 42946.28828786739, 52493.22157026987
2090.026000022888, 42946.28828786739, 52493.22157026987
2090.040999889374, 42946.28828786739, 52491.80540013087
2090.047999858856, 42946.28828786739, 52491.80540013087
2090.047999858856, 42946.28828786739, 52491.36467585493
2095.236999988556, 42946.28828786739, 52489.877705409395
2095.244999885559, 42946.28828786739, 52489.877705409395
2095.25, 42946.28828786739, 52489.877705409395
2095.2590000629425, 42946.28828786739, 52489.877705409395
2095.266000032425, 42946.28828786739, 52489.877705409395
2095.2699999809265, 42946.28828786739, 52489.877705409395
2095.279000043869, 42946.28828786739, 52489.877705409395
2095.2829999923706, 42946.28828786739, 52489.877705409395
2095.2860000133514, 42946.28828786739, 52489.877705409395
2100.013999938965, 42946.28828786739, 52489.877705409395
2100.0329999923706, 42946.28828786739, 52489.19322596257
2100.040999889374, 42946.28828786739, 52488.453306328265
2100.047999858856, 42946.28828786739, 52488.37165952857
2100.053999900818, 42946.28828786739, 52488.37165952857
2105.305999994278, 42946.28828786739, 52488.37165952857
2105.3099999427795, 42946.28828786739, 52488.37165952857
2105.3109998703003, 42946.28828786739, 52488.37165952857
2105.3109998703003, 42946.28828786739, 52488.05345374369
2105.3289999961853, 42946.28828786739, 52488.05345374369
2105.3339998722076, 42946.28828786739, 52488.05345374369
2110.7569999694824, 42946.28828786739, 52487.10026345842
2110.773999929428, 42946.28828786739, 52486.82402995324
2110.78200006485, 42946.28828786739, 52486.82402995324
2110.7890000343323, 42946.28828786739, 52486.49280694476
2110.7969999313354, 42946.28828786739, 52486.49280694476
2110.7969999313354, 42946.28828786739, 52486.49280694476
2110.8099999427795, 42946.28828786739, 52486.49280694476
2110.8099999427795, 42946.28828786739, 52484.817778293356
2116.167000055313, 42946.28828786739, 52484.817778293356
2116.1740000247955, 42946.28828786739, 52484.817778293356
2116.180999994278, 42946.28828786739, 52484.817778293356
2116.194000005722, 42946.28828786739, 52484.817778293356
2116.2030000686646, 42946.28828786739, 52484.817778293356
2116.2170000076294, 42946.28828786739, 52484.817778293356
2116.2170000076294, 42946.28828786739, 52484.817778293356
2116.233999967575, 42946.28828786739, 52484.743867218014
2116.233999967575, 42946.28828786739, 52484.66656747906
2116.2509999275208, 42946.28828786739, 52484.32621508239
2116.2509999275208, 42946.28828786739, 52484.32621508239
2121.063999891281, 42946.28828786739, 52483.91703702103
2121.0709998607635, 42946.28828786739, 52483.58743788996
2121.0759999752045, 42946.28828786739, 52483.58743788996
2121.080999851227, 42946.28828786739, 52483.58743788996
2121.0899999141693, 42946.28828786739, 52483.58743788996
2121.095999956131, 42946.28828786739, 52483.58743788996
2121.1050000190735, 42946.28828786739, 52483.58743788996
2121.1050000190735, 42946.28828786739, 52483.25113444382
2121.1189999580383, 42946.28828786739, 52483.20379735727
2121.1189999580383, 42946.28828786739, 52482.770246002925
2126.3239998817444, 42946.28828786739, 52482.770246002925
2126.332999944687, 42946.28828786739, 52482.770246002925
2126.3410000801086, 42946.28828786739, 52482.770246002925
2126.345999956131, 42946.28828786739, 52482.770246002925
2126.3499999046326, 42946.28828786739, 52482.770246002925
2126.353999853134, 42946.28828786739, 52482.6491249996
2131.7730000019073, 42946.28828786739, 52482.6491249996
2131.779000043869, 42946.28828786739, 52482.6491249996
2131.784999847412, 42946.28828786739, 52482.28044445291
2131.792999982834, 42946.28828786739, 52481.89156648609
2131.802999973297, 42946.28828786739, 52481.89156648609
2131.802999973297, 42946.28828786739, 52481.89156648609
2131.802999973297, 42946.28828786739, 52481.89156648609
2131.816999912262, 42946.28828786739, 52481.89156648609
2131.819999933243, 42946.28828786739, 52480.63997771625
2137.053999900818, 42946.28828786739, 52480.4920708855
2137.0599999427795, 42946.28828786739, 52480.4920708855
2137.0680000782013, 42946.28828786739, 52480.31713521378
2137.0729999542236, 42946.28828786739, 52480.31713521378
2137.0839998722076, 42946.28828786739, 52479.935048479485
2137.0910000801086, 42946.28828786739, 52479.76665447689
2142.236000061035, 42946.28828786739, 52479.76665447689
2142.2430000305176, 42946.28828786739, 52479.76665447689
2142.246999979019, 42946.28828786739, 52479.76665447689
2142.2549998760223, 42946.28828786739, 52479.76665447689
2142.260999917984, 42946.28828786739, 52479.76665447689
2142.263999938965, 42946.28828786739, 52479.76665447689
2142.2709999084473, 42946.28828786739, 52479.76665447689
2142.279000043869, 42946.28828786739, 52479.76665447689
2142.279000043869, 42946.28828786739, 52479.76665447689
2142.2960000038147, 42946.28828786739, 52479.76665447689
2142.2960000038147, 42946.28828786739, 52479.76665447689
2142.2960000038147, 42946.28828786739, 52479.76665447689
2147.6449999809265, 42946.28828786739, 52476.46466593816
2147.6449999809265, 42946.28828786739, 52476.46466593816
2147.6549999713898, 42946.28828786739, 52476.46466593816
2147.661999940872, 42946.28828786739, 52476.42477987575
2147.667000055313, 42946.28828786739, 52476.42477987575
2147.6719999313354, 42946.28828786739, 52476.42477987575
2147.680000066757, 42946.28828786739, 52476.42477987575
2147.6859998703003, 42946.28828786739, 52476.42477987575
2147.690999984741, 42946.28828786739, 52476.42477987575
2147.690999984741, 42946.28828786739, 52476.42477987575
2147.7039999961853, 42946.28828786739, 52476.346036259354
2147.705999851227, 42946.28828786739, 52476.346036259354
2147.705999851227, 42946.28828786739, 52476.346036259354
2153.3639998435974, 42946.28828786739, 52476.06459626157
2153.37299990654, 42946.28828786739, 52476.06459626157
2153.378000020981, 42946.28828786739, 52476.05118392276
2153.378000020981, 42946.28828786739, 52476.05118392276
2153.378000020981, 42946.28828786739, 52476.05118392276
2153.3929998874664, 42946.28828786739, 52475.8909938482
2158.779000043869, 42946.28828786739, 52475.69112780803
2158.7860000133514, 42946.28828786739, 52475.69112780803
2158.789999961853, 42946.28828786739, 52475.69112780803
2158.7939999103546, 42946.28828786739, 52475.69112780803
2158.800999879837, 42946.28828786739, 52475.035042758864
2158.8099999427795, 42946.28828786739, 52474.58905859652
2158.816999912262, 42946.28828786739, 52474.359262829144
2164.1719999313354, 42946.28828786739, 52472.99320317335
2164.180999994278, 42946.28828786739, 52472.7989481566
2164.1900000572205, 42946.28828786739, 52472.7989481566
2164.201999902725, 42946.28828786739, 52472.7989481566
2164.201999902725, 42946.28828786739, 52472.7989481566
2164.2160000801086, 42946.28828786739, 52472.7989481566
2164.2160000801086, 42946.28828786739, 52472.7989481566
2164.2160000801086, 42946.28828786739, 52472.7989481566
2164.2309999465942, 42946.28828786739, 52472.7989481566
2164.2309999465942, 42946.28828786739, 52472.7989481566
2164.2309999465942, 42946.28828786739, 52472.58187649346
2164.246999979019, 42946.28828786739, 52472.58187649346
2169.1719999313354, 42946.28828786739, 52471.37262112436
2169.177999973297, 42946.28828786739, 52471.357372880346
2169.184000015259, 42946.28828786739, 52471.07559143958
2169.1879999637604, 42946.28828786739, 52471.01936705884
2169.1930000782013, 42946.28828786739, 52471.01936705884
2169.1959998607635, 42946.28828786739, 52470.991529405284
2169.2009999752045, 42946.28828786739, 52470.991529405284
2169.210000038147, 42946.28828786739, 52470.91857872619
2169.210000038147, 42946.28828786739, 52470.91857872619
2174.776999950409, 42946.28828786739, 52470.89266724062
2174.787999868393, 42946.28828786739, 52470.72112121882
2174.7939999103546, 42946.28828786739, 52470.72112121882
2174.802999973297, 42946.28828786739, 52470.72112121882
2174.8069999217987, 42946.28828786739, 52470.72112121882
2174.8069999217987, 42946.28828786739, 52470.72112121882
2174.8239998817444, 42946.28828786739, 52470.4434072683
2174.8239998817444, 42946.28828786739, 52469.54029996478
2174.8359999656677, 42946.28828786739, 52469.54029996478
2174.838000059128, 42946.28828786739, 52469.54029996478
2180.3259999752045, 42946.28828786739, 52469.54029996478
2180.3259999752045, 42946.28828786739, 52469.54029996478
2185.194000005722, 42946.28828786739, 52469.18776996256
2185.201999902725, 42946.28828786739, 52469.18776996256
2185.207999944687, 42946.28828786739, 52468.79259504755
2185.213000059128, 42946.28828786739, 52468.79259504755
2185.2160000801086, 42946.28828786739, 52468.79259504755
2185.2279999256134, 42946.28828786739, 52468.79259504755
2185.2279999256134, 42946.28828786739, 52468.79259504755
2185.2279999256134, 42946.28828786739, 52468.79259504755
2190.603999853134, 42946.28828786739, 52468.79259504755
2190.611999988556, 42946.28828786739, 52468.79259504755
2190.619999885559, 42946.28828786739, 52468.79259504755
2190.628000020981, 42946.28828786739, 52468.79259504755
2190.6369998455048, 42946.28828786739, 52468.79259504755
2195.7119998931885, 42946.28828786739, 52467.30376499895
2195.7139999866486, 42946.28828786739, 52467.12250618336
2195.7139999866486, 42946.28828786739, 52467.12250618336
2195.7330000400543, 42946.28828786739, 52466.73890221107
2195.7389998435974, 42946.28828786739, 52466.73890221107
2195.74799990654, 42946.28828786739, 52466.59980480316
2201.0490000247955, 42946.28828786739, 52466.506197161216
2201.055000066757, 42946.28828786739, 52466.506197161216
2201.0599999427795, 42946.28828786739, 52466.506197161216
2201.066999912262, 42946.28828786739, 52466.506197161216
2201.0729999542236, 42946.28828786739, 52466.506197161216
2201.0789999961853, 42946.28828786739, 52466.506197161216
2201.082000017166, 42946.28828786739, 52466.506197161216
2201.082000017166, 42946.28828786739, 52466.506197161216
2201.082000017166, 42946.28828786739, 52466.506197161216
2206.026000022888, 42946.28828786739, 52465.128435546656
2206.029000043869, 42946.28828786739, 52465.128435546656
2206.0329999923706, 42946.28828786739, 52465.128435546656
2206.0360000133514, 42946.28828786739, 52465.128435546656
2206.040999889374, 42946.28828786739, 52465.128435546656
2206.0490000247955, 42946.28828786739, 52464.843982996885
2206.0569999217987, 42946.28828786739, 52464.843982996885
2206.063999891281, 42946.28828786739, 52464.81044061461
2206.063999891281, 42946.28828786739, 52464.81044061461
2206.079999923706, 42946.28828786739, 52464.81044061461
2211.204999923706, 42946.28828786739, 52464.306755257865
2211.2149999141693, 42946.28828786739, 52463.810963982825
2211.223999977112, 42946.28828786739, 52463.810963982825
2211.223999977112, 42946.28828786739, 52463.810963982825
2211.234999895096, 42946.28828786739, 52463.810963982825
2211.2389998435974, 42946.28828786739, 52463.810963982825
2211.2389998435974, 42946.28828786739, 52463.810963982825
2216.5009999275208, 42946.28828786739, 52463.810963982825
2216.5069999694824, 42946.28828786739, 52463.29922905471
2216.513999938965, 42946.28828786739, 52463.29922905471
2216.513999938965, 42946.28828786739, 52462.81004270595
2216.5279998779297, 42946.28828786739, 52462.81004270595
2216.5360000133514, 42946.28828786739, 52462.47447304109
2221.675999879837, 42946.28828786739, 52462.47447304109
2221.684000015259, 42946.28828786739, 52462.40711580814
2221.694000005722, 42946.28828786739, 52462.40711580814
2221.7039999961853, 42946.28828786739, 52462.24665198542
2221.705999851227, 42946.28828786739, 52462.13582925917
2227.2990000247955, 42946.28828786739, 52462.13582925917
2227.3020000457764, 42946.28828786739, 52462.13582925917
2227.309000015259, 42946.28828786739, 52462.13582925917
2227.3150000572205, 42946.28828786739, 52462.13582925917
2227.319000005722, 42946.28828786739, 52462.13582925917
2227.319000005722, 42946.28828786739, 52462.13582925917
2227.3339998722076, 42946.28828786739, 52462.13582925917
2227.3339998722076, 42946.28828786739, 52462.13582925917
2227.351000070572, 42946.28828786739, 52461.77002291474
2227.351000070572, 42946.28828786739, 52461.68567315919
2227.351000070572, 42946.28828786739, 52461.3393857214
2227.3669998645782, 42946.28828786739, 52461.3393857214
2232.8120000362396, 42946.28828786739, 52460.286375885255
2232.830999851227, 42946.28828786739, 52460.03405013212
2232.8339998722076, 42946.28828786739, 52460.03405013212
2232.8450000286102, 42946.28828786739, 52460.03405013212
2232.8469998836517, 42946.28828786739, 52459.84023102082
2232.8469998836517, 42946.28828786739, 52459.84023102082
2232.8469998836517, 42946.28828786739, 52459.84023102082
2232.861999988556, 42946.28828786739, 52459.84023102082
2232.861999988556, 42946.28828786739, 52459.84023102082
2232.861999988556, 42946.28828786739, 52459.82119904014
2232.8789999485016, 42946.28828786739, 52459.82119904014
2232.8789999485016, 42946.28828786739, 52459.82119904014
2238.444999933243, 42946.28828786739, 52459.82119904014
2238.451999902725, 42946.28828786739, 52459.378659443835
2238.457999944687, 42946.28828786739, 52459.16539057769
2238.4619998931885, 42946.28828786739, 52459.16539057769
2238.4619998931885, 42946.28828786739, 52459.16539057769
2238.4749999046326, 42946.28828786739, 52459.16539057769
2238.4749999046326, 42946.28828786739, 52459.16539057769
2238.4749999046326, 42946.28828786739, 52459.16539057769
2243.6480000019073, 42946.28828786739, 52458.619823912384
2243.6480000019073, 42946.28828786739, 52458.619823912384
2243.661999940872, 42946.28828786739, 52458.619823912384
2243.6689999103546, 42946.28828786739, 52458.619823912384
2243.6719999313354, 42946.28828786739, 52458.619823912384
2249.2300000190735, 42946.28828786739, 52458.619823912384
2249.236999988556, 42946.28828786739, 52458.619823912384
2249.2419998645782, 42946.28828786739, 52458.619823912384
2249.2519998550415, 42946.28828786739, 52458.619823912384
2249.2599999904633, 42946.28828786739, 52458.619823912384
2249.266000032425, 42946.28828786739, 52458.54460193045
2249.276999950409, 42946.28828786739, 52458.54460193045
2249.279000043869, 42946.28828786739, 52458.54460193045
2254.5739998817444, 42946.28828786739, 52458.54460193045
2254.5869998931885, 42946.28828786739, 52458.54460193045
2254.593999862671, 42946.28828786739, 52458.54460193045
2254.603999853134, 42946.28828786739, 52458.54460193045
2254.6139998435974, 42946.28828786739, 52457.118333923725
2254.6189999580383, 42946.28828786739, 52457.118333923725
2259.917999982834, 42946.28828786739, 52457.118333923725
2259.917999982834, 42946.28828786739, 52457.118333923725
2259.930000066757, 42946.28828786739, 52457.118333923725
2259.9329998493195, 42946.28828786739, 52456.439554384
2259.9379999637604, 42946.28828786739, 52456.439554384
2259.941999912262, 42946.28828786739, 52456.439554384
2259.941999912262, 42946.28828786739, 52456.439554384
2259.955999851227, 42946.28828786739, 52456.15426203341
2259.955999851227, 42946.28828786739, 52456.15426203341
2259.9700000286102, 42946.28828786739, 52455.847860389644
2259.9700000286102, 42946.28828786739, 52454.86459738124
2265.388999938965, 42946.28828786739, 52454.86459738124
2265.3940000534058, 42946.28828786739, 52454.86459738124
2265.398999929428, 42946.28828786739, 52454.7797600308
2265.404000043869, 42946.28828786739, 52454.7797600308
2265.4059998989105, 42946.28828786739, 52454.7797600308
2265.417999982834, 42946.28828786739, 52454.7797600308
2265.417999982834, 42946.28828786739, 52453.86110002178
2265.417999982834, 42946.28828786739, 52453.86110002178
2265.434000015259, 42946.28828786739, 52453.86110002178
2265.4359998703003, 42946.28828786739, 52453.86110002178
2265.4359998703003, 42946.28828786739, 52453.86110002178
2265.4359998703003, 42946.28828786739, 52453.86110002178
2270.9079999923706, 42946.28828786739, 52452.982439551764
2270.9140000343323, 42946.28828786739, 52452.982439551764
2270.920000076294, 42946.28828786739, 52452.982439551764
2270.925999879837, 42946.28828786739, 52452.982439551764
2270.9319999217987, 42946.28828786739, 52452.982439551764
2270.9379999637604, 42946.28828786739, 52452.982439551764
2270.944000005722, 42946.28828786739, 52452.982439551764
2270.9500000476837, 42946.28828786739, 52452.982439551764
2270.9500000476837, 42946.28828786739, 52452.982439551764
2270.963000059128, 42946.28828786739, 52452.35003502363
2270.973000049591, 42946.28828786739, 52452.28119646504
2275.8970000743866, 42946.28828786739, 52452.06131374957
2275.8970000743866, 42946.28828786739, 52452.06131374957
2275.912999868393, 42946.28828786739, 52452.06131374957
2275.9189999103546, 42946.28828786739, 52452.06131374957
2275.9270000457764, 42946.28828786739, 52452.06131374957
2275.9319999217987, 42946.28828786739, 52452.06131374957
2275.9359998703003, 42946.28828786739, 52452.06131374957
2275.9359998703003, 42946.28828786739, 52452.06131374957
2275.9359998703003, 42946.28828786739, 52451.75379746797
2275.9489998817444, 42946.28828786739, 52451.75379746797
2275.9489998817444, 42946.28828786739, 52451.739834651176
2281.1319999694824, 42946.28828786739, 52451.739834651176
2281.1399998664856, 42946.28828786739, 52451.739834651176
2281.1480000019073, 42946.28828786739, 52451.739834651176
2281.1559998989105, 42946.28828786739, 52450.54747240836
2286.468999862671, 42946.28828786739, 52450.54747240836
2286.468999862671, 42946.28828786739, 52450.54747240836
2286.483999967575, 42946.28828786739, 52450.54747240836
2286.486999988556, 42946.28828786739, 52450.54747240836
2286.4909999370575, 42946.28828786739, 52450.54747240836
2286.4909999370575, 42946.28828786739, 52450.54747240836
2286.503000020981, 42946.28828786739, 52450.54747240836
2286.507999897003, 42946.28828786739, 52450.34479617886
2286.507999897003, 42946.28828786739, 52450.34479617886
2291.9660000801086, 42946.28828786739, 52449.95645407763
2291.9889998435974, 42946.28828786739, 52449.95645407763
2291.994999885559, 42946.28828786739, 52449.95645407763
2292.0009999275208, 42946.28828786739, 52449.95645407763
2292.0049998760223, 42946.28828786739, 52449.95645407763
2292.0090000629425, 42946.28828786739, 52449.95645407763
2292.0119998455048, 42946.28828786739, 52448.73324624353
2292.0169999599457, 42946.28828786739, 52448.73324624353
2297.4660000801086, 42946.28828786739, 52448.73324624353
2297.4719998836517, 42946.28828786739, 52448.73324624353
2297.476000070572, 42946.28828786739, 52448.73324624353
2297.483999967575, 42946.28828786739, 52448.73324624353
2297.4900000095367, 42946.28828786739, 52448.73324624353
2297.4919998645782, 42946.28828786739, 52448.73324624353
2297.494999885559, 42946.28828786739, 52448.73324624353
2297.507999897003, 42946.28828786739, 52448.73324624353
2297.5099999904633, 42946.28828786739, 52448.73324624353
2297.5099999904633, 42946.28828786739, 52448.73324624353
2297.524999856949, 42946.28828786739, 52448.73324624353
2297.526999950409, 42946.28828786739, 52448.73324624353
2302.8639998435974, 42946.28828786739, 52447.84895372432
2302.8659999370575, 42946.28828786739, 52447.84895372432
2302.8849999904633, 42946.28828786739, 52447.84895372432
2302.8919999599457, 42946.28828786739, 52447.784792420876
2302.9089999198914, 42946.28828786739, 52447.784792420876
2302.9089999198914, 42946.28828786739, 52447.784792420876
2302.917999982834, 42946.28828786739, 52447.784792420876
2302.9189999103546, 42946.28828786739, 52447.784792420876
2302.9189999103546, 42946.28828786739, 52447.784792420876
2302.9189999103546, 42946.28828786739, 52447.784792420876
2302.9359998703003, 42946.28828786739, 52447.784792420876
2308.385999917984, 42946.28828786739, 52447.784792420876
2308.3929998874664, 42946.28828786739, 52447.784792420876
2308.3929998874664, 42946.28828786739, 52447.784792420876
2308.399999856949, 42946.28828786739, 52447.784792420876
2308.4089999198914, 42946.28828786739, 52447.784792420876
2308.414999961853, 42946.28828786739, 52447.784792420876
2308.4240000247955, 42946.28828786739, 52447.784792420876
2308.428999900818, 42946.28828786739, 52447.784792420876
2308.428999900818, 42946.28828786739, 52447.784792420876
2308.444000005722, 42946.28828786739, 52446.550319269525
2308.444000005722, 42946.28828786739, 52446.550319269525
2308.444000005722, 42946.28828786739, 52446.550319269525
2308.444000005722, 42946.28828786739, 52446.550319269525
2308.4609999656677, 42946.28828786739, 52446.550319269525
2308.463000059128, 42946.28828786739, 52446.550319269525
2313.593999862671, 42946.28828786739, 52445.62593039967
2313.6029999256134, 42946.28828786739, 52445.07234064366
2313.611999988556, 42946.28828786739, 52445.07234064366
2313.611999988556, 42946.28828786739, 52445.07234064366
2313.6210000514984, 42946.28828786739, 52445.07234064366
2319.165999889374, 42946.28828786739, 52444.3659604342
2319.172999858856, 42946.28828786739, 52444.073057651585
2319.180999994278, 42946.28828786739, 52444.025160560035
2319.1900000572205, 42946.28828786739, 52444.025160560035
2319.1959998607635, 42946.28828786739, 52444.025160560035
2319.1959998607635, 42946.28828786739, 52444.025160560035
2319.207000017166, 42946.28828786739, 52444.025160560035
2319.2109999656677, 42946.28828786739, 52443.5895496362
2319.2109999656677, 42946.28828786739, 52442.8392121181
2324.9909999370575, 42946.28828786739, 52442.58452319425
2324.9930000305176, 42946.28828786739, 52442.58452319425
2324.9930000305176, 42946.28828786739, 52442.58452319425
2325.0119998455048, 42946.28828786739, 52442.58452319425
2325.0199999809265, 42946.28828786739, 52442.58452319425
2325.0279998779297, 42946.28828786739, 52442.067767097185
2325.0279998779297, 42946.28828786739, 52442.067767097185
2330.5999999046326, 42946.28828786739, 52441.49580138411
2330.6150000095367, 42946.28828786739, 52441.49580138411
2330.621999979019, 42946.28828786739, 52441.49580138411
2330.621999979019, 42946.28828786739, 52441.48993435072
2330.638999938965, 42946.28828786739, 52441.48993435072
2330.638999938965, 42946.28828786739, 52441.48993435072
2330.6529998779297, 42946.28828786739, 52441.48993435072
2330.6529998779297, 42946.28828786739, 52440.80642610965
2330.6529998779297, 42946.28828786739, 52440.80642610965
2330.6710000038147, 42946.28828786739, 52440.12501314164
2335.593999862671, 42946.28828786739, 52440.12501314164
2335.5969998836517, 42946.28828786739, 52440.12501314164
2335.6059999465942, 42946.28828786739, 52440.12501314164
2335.611000061035, 42946.28828786739, 52440.12501314164
2335.611000061035, 42946.28828786739, 52439.93817632099
2335.619999885559, 42946.28828786739, 52439.93817632099
2335.6240000724792, 42946.28828786739, 52439.93817632099
2335.6399998664856, 42946.28828786739, 52439.93817632099
2335.6480000019073, 42946.28828786739, 52439.93817632099
2335.664999961853, 42946.28828786739, 52439.93817632099
2335.680000066757, 42946.28828786739, 52439.93817632099
2335.691999912262, 42946.28828786739, 52439.93817632099
2340.9210000038147, 42946.28828786739, 52439.72329242862
2340.9319999217987, 42946.28828786739, 52439.72329242862
2340.9400000572205, 42946.28828786739, 52439.72329242862
2340.944999933243, 42946.28828786739, 52439.72329242862
2340.957000017166, 42946.28828786739, 52439.72329242862
2340.957999944687, 42946.28828786739, 52439.72329242862
2340.957999944687, 42946.28828786739, 52439.72329242862
2340.957999944687, 42946.28828786739, 52439.72329242862
2340.9749999046326, 42946.28828786739, 52439.72329242862
2340.9749999046326, 42946.28828786739, 52439.72329242862
2340.9749999046326, 42946.28828786739, 52439.72329242862
2340.9879999160767, 42946.28828786739, 52439.72329242862
2346.353999853134, 42946.28828786739, 52439.72329242862
2346.353999853134, 42946.28828786739, 52439.65483540587
2346.371999979019, 42946.28828786739, 52439.65483540587
2346.371999979019, 42946.28828786739, 52439.65483540587
2346.382999897003, 42946.28828786739, 52439.65483540587
2346.382999897003, 42946.28828786739, 52439.65483540587
2346.382999897003, 42946.28828786739, 52439.65483540587
2346.3980000019073, 42946.28828786739, 52439.65483540587
2352.076999902725, 42946.28828786739, 52438.41824866738
2352.082999944687, 42946.28828786739, 52438.41824866738
2352.0910000801086, 42946.28828786739, 52438.41824866738
2352.095999956131, 42946.28828786739, 52438.41824866738
2352.095999956131, 42946.28828786739, 52438.41824866738
2357.016000032425, 42946.28828786739, 52437.164393766434
2357.0230000019073, 42946.28828786739, 52437.164393766434
2357.0299999713898, 42946.28828786739, 52437.164393766434
2357.0360000133514, 42946.28828786739, 52436.83411828943
2357.0439999103546, 42946.28828786739, 52436.83411828943
2357.0460000038147, 42946.28828786739, 52436.83411828943
2362.205999851227, 42946.28828786739, 52435.63900363314
2362.2160000801086, 42946.28828786739, 52435.63900363314
2362.223000049591, 42946.28828786739, 52435.63900363314
2362.223000049591, 42946.28828786739, 52435.63900363314
2362.231999874115, 42946.28828786739, 52435.63900363314
2362.233999967575, 42946.28828786739, 52435.63900363314
2362.233999967575, 42946.28828786739, 52435.63900363314
2362.233999967575, 42946.28828786739, 52435.63900363314
2362.2509999275208, 42946.28828786739, 52435.63900363314
2362.2509999275208, 42946.28828786739, 52435.28080330188
2367.973000049591, 42946.28828786739, 52435.28080330188
2367.9809999465942, 42946.28828786739, 52435.28080330188
2367.986999988556, 42946.28828786739, 52435.28080330188
2367.986999988556, 42946.28828786739, 52435.28080330188
2368.0, 42946.28828786739, 52435.28080330188
2368.0, 42946.28828786739, 52435.28080330188
2368.0149998664856, 42946.28828786739, 52434.43876238205
2368.0230000019073, 42946.28828786739, 52434.43876238205
2368.026999950409, 42946.28828786739, 52434.43876238205
2368.0309998989105, 42946.28828786739, 52434.43876238205
2368.036999940872, 42946.28828786739, 52434.13001590165
2368.036999940872, 42946.28828786739, 52434.13001590165
2368.036999940872, 42946.28828786739, 52433.213383986185
2373.295000076294, 42946.28828786739, 52433.213383986185
2373.3020000457764, 42946.28828786739, 52433.213383986185
2373.303999900818, 42946.28828786739, 52433.213383986185
2373.303999900818, 42946.28828786739, 52433.077125149175
2373.303999900818, 42946.28828786739, 52433.077125149175
2373.3250000476837, 42946.28828786739, 52433.077125149175
2373.330999851227, 42946.28828786739, 52432.74866668351
2373.3389999866486, 42946.28828786739, 52432.74866668351
2373.3420000076294, 42946.28828786739, 52432.61230784367
2373.3519999980927, 42946.28828786739, 52431.3812545752
2378.8959999084473, 42946.28828786739, 52431.3729782288
2378.8959999084473, 42946.28828786739, 52431.3729782288
2378.8959999084473, 42946.28828786739, 52431.32473678471
2378.911999940872, 42946.28828786739, 52431.32473678471
2378.917000055313, 42946.28828786739, 52431.32473678471
2384.7419998645782, 42946.28828786739, 52431.32473678471
2384.75, 42946.28828786739, 52431.32473678471
2384.7590000629425, 42946.28828786739, 52431.18316828497
2384.763999938965, 42946.28828786739, 52431.18316828497
2384.7669999599457, 42946.28828786739, 52431.18316828497
2384.7720000743866, 42946.28828786739, 52431.11845509723
2384.776000022888, 42946.28828786739, 52431.11845509723
2384.7799999713898, 42946.28828786739, 52431.11845509723
2390.388999938965, 42946.28828786739, 52431.11845509723
2390.3970000743866, 42946.28828786739, 52431.11845509723
2390.404000043869, 42946.28828786739, 52431.11845509723
2390.4110000133514, 42946.28828786739, 52431.11845509723
2390.415999889374, 42946.28828786739, 52431.11845509723
2390.415999889374, 42946.28828786739, 52431.11845509723
2390.425999879837, 42946.28828786739, 52431.11845509723
2390.425999879837, 42946.28828786739, 52431.11845509723
2395.9359998703003, 42946.28828786739, 52431.11845509723
2395.9430000782013, 42946.28828786739, 52431.11845509723
2395.9489998817444, 42946.28828786739, 52431.11845509723
2395.9509999752045, 42946.28828786739, 52431.11845509723
2395.957000017166, 42946.28828786739, 52431.11845509723
2395.9609999656677, 42946.28828786739, 52431.11845509723
2395.963000059128, 42946.28828786739, 52431.11845509723
2395.968999862671, 42946.28828786739, 52431.11845509723
2395.981999874115, 42946.28828786739, 52430.36259326562
2401.7089998722076, 42946.28828786739, 52430.06894836765
2401.7089998722076, 42946.28828786739, 52430.06894836765
2401.7219998836517, 42946.28828786739, 52430.06894836765
2401.723999977112, 42946.28828786739, 52430.06894836765
2401.7279999256134, 42946.28828786739, 52430.06894836765
2401.7279999256134, 42946.28828786739, 52430.06894836765
2401.7279999256134, 42946.28828786739, 52430.06894836765
2401.7460000514984, 42946.28828786739, 52430.06894836765
2401.7460000514984, 42946.28828786739, 52430.06894836765
2401.7619998455048, 42946.28828786739, 52430.06894836765
2406.9140000343323, 42946.28828786739, 52430.06894836765
2406.9319999217987, 42946.28828786739, 52428.01296495163
2406.9400000572205, 42946.28828786739, 52427.85018421236
2406.9459998607635, 42946.28828786739, 52427.85018421236
2406.9530000686646, 42946.28828786739, 52427.85018421236
2406.957000017166, 42946.28828786739, 52427.85018421236
2406.9660000801086, 42946.28828786739, 52427.85018421236
2406.970999956131, 42946.28828786739, 52427.248531449026
2406.970999956131, 42946.28828786739, 52427.078525382196
2412.6369998455048, 42946.28828786739, 52426.827036619026
2412.6449999809265, 42946.28828786739, 52426.827036619026
2412.648999929428, 42946.28828786739, 52426.827036619026
2412.6579999923706, 42946.28828786739, 52426.827036619026
2412.665999889374, 42946.28828786739, 52426.827036619026
2412.665999889374, 42946.28828786739, 52426.827036619026
2412.665999889374, 42946.28828786739, 52426.827036619026
2412.684000015259, 42946.28828786739, 52426.5418319477
2412.684000015259, 42946.28828786739, 52426.255361705014
2412.7009999752045, 42946.28828786739, 52426.255361705014
2412.7009999752045, 42946.28828786739, 52426.255361705014
2418.4719998836517, 42946.28828786739, 52426.255361705014
2418.473000049591, 42946.28828786739, 52426.255361705014
2418.473000049591, 42946.28828786739, 52426.255361705014
2418.494999885559, 42946.28828786739, 52426.255361705014
2418.5019998550415, 42946.28828786739, 52426.255361705014
2418.5060000419617, 42946.28828786739, 52426.255361705014
2418.5090000629425, 42946.28828786739, 52426.255361705014
2418.5090000629425, 42946.28828786739, 52426.255361705014
2418.5090000629425, 42946.28828786739, 52425.98232686796
2418.5230000019073, 42946.28828786739, 52425.98232686796
2418.523999929428, 42946.28828786739, 52425.98232686796
2418.523999929428, 42946.28828786739, 52425.39523782728
2424.260999917984, 42946.28828786739, 52425.39523782728
2424.266000032425, 42946.28828786739, 52425.39523782728
2424.2720000743866, 42946.28828786739, 52425.39523782728
2424.2779998779297, 42946.28828786739, 52425.04984024291
2424.2839999198914, 42946.28828786739, 52425.04984024291
2424.287999868393, 42946.28828786739, 52425.04984024291
2429.5999999046326, 42946.28828786739, 52424.67839475908
2429.6050000190735, 42946.28828786739, 52423.79535801972
2434.59299993515, 42946.28828786739, 52423.56773179308
2434.598000049591, 42946.28828786739, 52423.56773179308
2434.6019999980927, 42946.28828786739, 52423.56773179308
2434.608999967575, 42946.28828786739, 52423.56773179308
2434.6150000095367, 42946.28828786739, 52423.56773179308
2434.628000020981, 42946.28828786739, 52423.56773179308
2434.6319999694824, 42946.28828786739, 52423.56773179308
2434.6340000629425, 42946.28828786739, 52423.56773179308
2434.6340000629425, 42946.28828786739, 52423.56773179308
2434.6340000629425, 42946.28828786739, 52423.56773179308
2440.4500000476837, 42946.28828786739, 52421.395028211635
2440.4500000476837, 42946.28828786739, 52421.395028211635
2440.4500000476837, 42946.28828786739, 52421.395028211635
2440.4670000076294, 42946.28828786739, 52421.395028211635
2440.473000049591, 42946.28828786739, 52421.395028211635
2440.4769999980927, 42946.28828786739, 52421.395028211635
2440.484999895096, 42946.28828786739, 52421.185775691476
2440.5, 42946.28828786739, 52421.15577817682
2440.507999897003, 42946.28828786739, 52421.15577817682
2446.007999897003, 42946.28828786739, 52421.15577817682
2446.013999938965, 42946.28828786739, 52421.15577817682
2446.0199999809265, 42946.28828786739, 52421.15577817682
2446.029000043869, 42946.28828786739, 52421.15577817682
2451.983999967575, 42946.28828786739, 52419.91634429982
2451.9930000305176, 42946.28828786739, 52419.91634429982
2452.0019998550415, 42946.28828786739, 52419.91634429982
2452.0019998550415, 42946.28828786739, 52419.91634429982
2452.016000032425, 42946.28828786739, 52418.96423530919
2452.016000032425, 42946.28828786739, 52418.96423530919
2452.016000032425, 42946.28828786739, 52418.96423530919
2452.016000032425, 42946.28828786739, 52418.96423530919
2452.0299999713898, 42946.28828786739, 52418.96423530919
2452.0299999713898, 42946.28828786739, 52418.791665773366
2457.909999847412, 42946.28828786739, 52418.791665773366
2457.909999847412, 42946.28828786739, 52418.61944841044
2457.928999900818, 42946.28828786739, 52417.71529862863
2457.934000015259, 42946.28828786739, 52417.71529862863
2457.9359998703003, 42946.28828786739, 52417.04220560305
2463.3259999752045, 42946.28828786739, 52416.838057784604
2463.332000017166, 42946.28828786739, 52416.336648945304
2463.343999862671, 42946.28828786739, 52416.336648945304
2463.3499999046326, 42946.28828786739, 52416.336648945304
2463.358999967575, 42946.28828786739, 52416.336648945304
2463.361000061035, 42946.28828786739, 52416.336648945304
2463.361000061035, 42946.28828786739, 52416.08806255378
2468.957000017166, 42946.28828786739, 52416.07896122339
2468.963000059128, 42946.28828786739, 52416.07896122339
2468.96799993515, 42946.28828786739, 52416.07896122339
2468.9769999980927, 42946.28828786739, 52416.07896122339
2468.9769999980927, 42946.28828786739, 52416.07896122339
2468.9879999160767, 42946.28828786739, 52415.58960470738
2468.9919998645782, 42946.28828786739, 52415.23945141841
2475.076999902725, 42946.28828786739, 52415.23945141841
2475.0839998722076, 42946.28828786739, 52415.23945141841
2475.0899999141693, 42946.28828786739, 52415.23945141841
2475.0950000286102, 42946.28828786739, 52415.23945141841
2475.0969998836517, 42946.28828786739, 52414.71510632796
2475.1059999465942, 42946.28828786739, 52414.36582153505
2475.1129999160767, 42946.28828786739, 52414.36582153505
2475.1129999160767, 42946.28828786739, 52414.36582153505
2475.12299990654, 42946.28828786739, 52414.36582153505
2475.1259999275208, 42946.28828786739, 52414.36582153505
2480.6559998989105, 42946.28828786739, 52412.800425980655
2480.6559998989105, 42946.28828786739, 52412.800425980655
2480.6719999313354, 42946.28828786739, 52412.800425980655
2480.6740000247955, 42946.28828786739, 52412.800425980655
2480.6740000247955, 42946.28828786739, 52412.800425980655
2480.691999912262, 42946.28828786739, 52412.800425980655
2480.691999912262, 42946.28828786739, 52412.800425980655
2480.691999912262, 42946.28828786739, 52411.069486051965
2486.7779998779297, 42946.28828786739, 52410.61803944573
2486.784999847412, 42946.28828786739, 52410.61803944573
2486.7939999103546, 42946.28828786739, 52410.61803944573
2486.7999999523163, 42946.28828786739, 52410.61803944573
2486.7999999523163, 42946.28828786739, 52410.61803944573
2486.8120000362396, 42946.28828786739, 52410.61803944573
2486.8120000362396, 42946.28828786739, 52410.61803944573
2486.8120000362396, 42946.28828786739, 52410.2247149609
2486.8289999961853, 42946.28828786739, 52409.35942470127
2492.1959998607635, 42946.28828786739, 52409.35942470127
2492.201999902725, 42946.28828786739, 52409.35942470127
2492.210000038147, 42946.28828786739, 52409.35942470127
2492.2170000076294, 42946.28828786739, 52409.35942470127
2492.220999956131, 42946.28828786739, 52409.35942470127
2492.2219998836517, 42946.28828786739, 52408.84281185001
2492.2300000190735, 42946.28828786739, 52408.134412119085
2498.059000015259, 42946.28828786739, 52408.134412119085
2498.063999891281, 42946.28828786739, 52408.134412119085
2498.069999933243, 42946.28828786739, 52408.134412119085
2498.0759999752045, 42946.28828786739, 52408.134412119085
2498.0859999656677, 42946.28828786739, 52408.134412119085
2498.0869998931885, 42946.28828786739, 52408.134412119085
2498.0869998931885, 42946.28828786739, 52408.134412119085
2498.0869998931885, 42946.28828786739, 52407.51723707808
2498.0869998931885, 42946.28828786739, 52407.51723707808
2498.1019999980927, 42946.28828786739, 52407.51723707808
2503.986999988556, 42946.28828786739, 52407.51723707808
2503.986999988556, 42946.28828786739, 52407.51723707808
2503.986999988556, 42946.28828786739, 52407.51723707808
2503.986999988556, 42946.28828786739, 52407.51723707808
2504.0009999275208, 42946.28828786739, 52407.51723707808
2504.0069999694824, 42946.28828786739, 52407.51723707808
2504.0119998455048, 42946.28828786739, 52407.51723707808
2504.0169999599457, 42946.28828786739, 52407.51723707808
2509.3109998703003, 42946.28828786739, 52407.51723707808
2509.332999944687, 42946.28828786739, 52407.51723707808
2509.3389999866486, 42946.28828786739, 52406.2139207852
2509.3450000286102, 42946.28828786739, 52406.2139207852
2509.351000070572, 42946.28828786739, 52405.696583834506
2509.3550000190735, 42946.28828786739, 52405.395020732336
2509.3650000095367, 42946.28828786739, 52405.395020732336
2509.3650000095367, 42946.28828786739, 52405.395020732336
2509.3759999275208, 42946.28828786739, 52405.22000100572
2509.378000020981, 42946.28828786739, 52405.22000100572
2509.3789999485016, 42946.28828786739, 52405.103581333475
2509.3789999485016, 42946.28828786739, 52405.103581333475
2509.3959999084473, 42946.28828786739, 52405.103581333475
2515.034999847412, 42946.28828786739, 52405.103581333475
2515.052999973297, 42946.28828786739, 52403.83063596537
2515.0569999217987, 42946.28828786739, 52403.83063596537
2520.8639998435974, 42946.28828786739, 52403.21406057927
2520.8710000514984, 42946.28828786739, 52403.21406057927
2520.8799998760223, 42946.28828786739, 52403.21406057927
2520.8799998760223, 42946.28828786739, 52403.21406057927
2520.8929998874664, 42946.28828786739, 52403.21406057927
2520.8949999809265, 42946.28828786739, 52403.21406057927
2520.8949999809265, 42946.28828786739, 52403.21406057927
2520.9059998989105, 42946.28828786739, 52403.21406057927
2520.909999847412, 42946.28828786739, 52403.21406057927
2526.218999862671, 42946.28828786739, 52403.21406057927
2526.231999874115, 42946.28828786739, 52402.3754883258
2531.99799990654, 42946.28828786739, 52402.3754883258
2532.016000032425, 42946.28828786739, 52402.3754883258
2532.0220000743866, 42946.28828786739, 52402.3754883258
2532.026999950409, 42946.28828786739, 52402.3754883258
2532.036999940872, 42946.28828786739, 52401.60473161946
2537.4769999980927, 42946.28828786739, 52400.234926212426
2537.4769999980927, 42946.28828786739, 52400.234926212426
2537.496999979019, 42946.28828786739, 52400.234926212426
2537.5019998550415, 42946.28828786739, 52400.234926212426
2537.5019998550415, 42946.28828786739, 52400.234926212426
2537.5119998455048, 42946.28828786739, 52400.234926212426
2537.5119998455048, 42946.28828786739, 52400.234926212426
2543.2969999313354, 42946.28828786739, 52400.234926212426
2543.313999891281, 42946.28828786739, 52400.234926212426
2543.3229999542236, 42946.28828786739, 52400.234926212426
2543.3229999542236, 42946.28828786739, 52400.234926212426
2543.330999851227, 42946.28828786739, 52400.234926212426
2543.330999851227, 42946.28828786739, 52400.234926212426
2543.330999851227, 42946.28828786739, 52400.234926212426
2543.348000049591, 42946.28828786739, 52400.234926212426
2543.348000049591, 42946.28828786739, 52400.234926212426
2543.348000049591, 42946.28828786739, 52400.234926212426
2543.3650000095367, 42946.28828786739, 52400.234926212426
2543.3650000095367, 42946.28828786739, 52400.234926212426
2549.2549998760223, 42946.28828786739, 52400.234926212426
2549.2649998664856, 42946.28828786739, 52400.234926212426
2549.266000032425, 42946.28828786739, 52400.234926212426
2549.279000043869, 42946.28828786739, 52400.234926212426
2549.2799999713898, 42946.28828786739, 52400.234926212426
2549.2799999713898, 42946.28828786739, 52400.234926212426
2549.2799999713898, 42946.28828786739, 52398.16893007138
2549.295000076294, 42946.28828786739, 52398.16893007138
2549.295000076294, 42946.28828786739, 52398.16893007138
2549.295000076294, 42946.28828786739, 52398.16893007138
2549.3099999427795, 42946.28828786739, 52398.16893007138
2549.3109998703003, 42946.28828786739, 52398.16893007138
2549.3109998703003, 42946.28828786739, 52398.16893007138
2549.3109998703003, 42946.28828786739, 52398.16893007138
2555.0099999904633, 42946.28828786739, 52398.16893007138
2555.016000032425, 42946.28828786739, 52398.16893007138
2555.0220000743866, 42946.28828786739, 52398.16893007138
2555.029000043869, 42946.28828786739, 52398.16893007138
2555.0329999923706, 42946.28828786739, 52398.16893007138
2555.0390000343323, 42946.28828786739, 52398.16893007138
2555.042999982834, 42946.28828786739, 52397.78863878871
2555.0460000038147, 42946.28828786739, 52397.78863878871
2555.0460000038147, 42946.28828786739, 52397.78863878871
2555.0460000038147, 42946.28828786739, 52397.78863878871
2555.0629999637604, 42946.28828786739, 52397.78863878871
2555.0629999637604, 42946.28828786739, 52396.21617198048
2561.0709998607635, 42946.28828786739, 52394.87897310966
2561.085000038147, 42946.28828786739, 52394.87897310966
2566.1319999694824, 42946.28828786739, 52394.87897310966
2566.135999917984, 42946.28828786739, 52394.87897310966
2566.1529998779297, 42946.28828786739, 52394.87897310966
2566.1610000133514, 42946.28828786739, 52394.87897310966
2572.0839998722076, 42946.28828786739, 52394.87897310966
2572.0920000076294, 42946.28828786739, 52394.87897310966
2572.1029999256134, 42946.28828786739, 52394.09539157331
2572.1080000400543, 42946.28828786739, 52394.09539157331
2572.119999885559, 42946.28828786739, 52394.09539157331
2572.1240000724792, 42946.28828786739, 52394.09539157331
2572.125, 42946.28828786739, 52393.14158205572
2572.125, 42946.28828786739, 52393.14158205572
2572.125, 42946.28828786739, 52393.14158205572
2572.1429998874664, 42946.28828786739, 52393.0391771656
2572.1429998874664, 42946.28828786739, 52393.0391771656
2572.1429998874664, 42946.28828786739, 52393.0391771656
2572.1429998874664, 42946.28828786739, 52393.0391771656
2572.1429998874664, 42946.28828786739, 52393.0391771656
2572.159999847412, 42946.28828786739, 52392.09922636968
2577.628000020981, 42946.28828786739, 52391.264938276654
2577.632999897003, 42946.28828786739, 52391.264938276654
2577.632999897003, 42946.28828786739, 52391.20903883425
2577.649999856949, 42946.28828786739, 52391.20903883425
2577.6559998989105, 42946.28828786739, 52391.20903883425
2577.667000055313, 42946.28828786739, 52391.20903883425
2577.667999982834, 42946.28828786739, 52391.20903883425
2577.667999982834, 42946.28828786739, 52391.20903883425
2577.684000015259, 42946.28828786739, 52390.292551773906
2583.628000020981, 42946.28828786739, 52390.292551773906
2583.632999897003, 42946.28828786739, 52389.91628723199
2583.638000011444, 42946.28828786739, 52389.91628723199
2583.6440000534058, 42946.28828786739, 52389.91628723199
2583.649999856949, 42946.28828786739, 52389.91628723199
2583.6589999198914, 42946.28828786739, 52389.91628723199
2583.6589999198914, 42946.28828786739, 52389.91628723199
2583.672999858856, 42946.28828786739, 52388.73345202132
2583.672999858856, 42946.28828786739, 52388.378002789286
2589.125, 42946.28828786739, 52388.378002789286
2589.135999917984, 42946.28828786739, 52388.378002789286
2589.135999917984, 42946.28828786739, 52388.378002789286
2589.1440000534058, 42946.28828786739, 52388.378002789286
2589.1480000019073, 42946.28828786739, 52388.378002789286
2589.154000043869, 42946.28828786739, 52388.378002789286
2589.1579999923706, 42946.28828786739, 52388.378002789286
2589.1579999923706, 42946.28828786739, 52388.378002789286
2589.1579999923706, 42946.28828786739, 52388.378002789286
2589.1719999313354, 42946.28828786739, 52388.378002789286
2589.1719999313354, 42946.28828786739, 52388.378002789286
2594.802999973297, 42946.28828786739, 52388.378002789286
2594.8229999542236, 42946.28828786739, 52388.378002789286
2594.8239998817444, 42946.28828786739, 52388.378002789286
2594.835000038147, 42946.28828786739, 52388.378002789286
2594.8399999141693, 42946.28828786739, 52388.378002789286
2594.8399999141693, 42946.28828786739, 52387.67691227563
2599.843999862671, 42946.28828786739, 52387.67691227563
2599.848999977112, 42946.28828786739, 52387.67691227563
2599.853999853134, 42946.28828786739, 52387.67691227563
2599.8639998435974, 42946.28828786739, 52385.988450458615
2599.8710000514984, 42946.28828786739, 52385.988450458615
2599.8710000514984, 42946.28828786739, 52385.850496269704
2599.8869998455048, 42946.28828786739, 52385.850496269704
2605.4049999713898, 42946.28828786739, 52385.6870744126
2605.4140000343323, 42946.28828786739, 52385.63365901496
2605.4249999523163, 42946.28828786739, 52385.63365901496
2605.4319999217987, 42946.28828786739, 52385.63365901496
2605.4379999637604, 42946.28828786739, 52385.63365901496
2605.4379999637604, 42946.28828786739, 52385.63365901496
2605.4509999752045, 42946.28828786739, 52385.06132677616
2611.4539999961853, 42946.28828786739, 52385.06132677616
2611.463000059128, 42946.28828786739, 52385.06132677616
2611.4670000076294, 42946.28828786739, 52385.06132677616
2611.4749999046326, 42946.28828786739, 52385.06132677616
2611.4800000190735, 42946.28828786739, 52385.06132677616
2611.4800000190735, 42946.28828786739, 52385.06132677616
2611.4919998645782, 42946.28828786739, 52385.06132677616
2611.4919998645782, 42946.28828786739, 52385.06132677616
2611.4919998645782, 42946.28828786739, 52385.06132677616
2611.4919998645782, 42946.28828786739, 52385.06132677616
2611.5090000629425, 42946.28828786739, 52382.368924372844
2617.6399998664856, 42946.28828786739, 52382.368924372844
2617.6480000019073, 42946.28828786739, 52382.368924372844
2617.659999847412, 42946.28828786739, 52382.368924372844
2617.670000076294, 42946.28828786739, 52382.14322609166
2617.6719999313354, 42946.28828786739, 52382.14322609166
2617.6719999313354, 42946.28828786739, 52382.14322609166
2617.6719999313354, 42946.28828786739, 52382.14322609166
2617.6870000362396, 42946.28828786739, 52382.130187603194
2617.6870000362396, 42946.28828786739, 52381.957113127624
2622.7519998550415, 42946.28828786739, 52381.957113127624
2622.7569999694824, 42946.28828786739, 52381.957113127624
2622.763999938965, 42946.28828786739, 52381.957113127624
2622.7690000534058, 42946.28828786739, 52381.9152359241
2622.7730000019073, 42946.28828786739, 52381.9152359241
2622.7779998779297, 42946.28828786739, 52381.9152359241
2622.7799999713898, 42946.28828786739, 52381.9152359241
2622.792000055313, 42946.28828786739, 52381.9152359241
2622.792000055313, 42946.28828786739, 52381.9152359241
2628.7089998722076, 42946.28828786739, 52379.81918967727
2628.7119998931885, 42946.28828786739, 52379.81918967727
2628.726000070572, 42946.28828786739, 52379.81918967727
2628.7330000400543, 42946.28828786739, 52379.81918967727
2628.7409999370575, 42946.28828786739, 52379.382137010645
2628.744999885559, 42946.28828786739, 52379.382137010645
2628.757999897003, 42946.28828786739, 52379.357869163294
2628.7649998664856, 42946.28828786739, 52379.12301715275
2634.7839999198914, 42946.28828786739, 52378.59765157784
2634.789999961853, 42946.28828786739, 52378.59765157784
2634.797999858856, 42946.28828786739, 52378.59765157784
2634.809000015259, 42946.28828786739, 52378.59765157784
2634.822000026703, 42946.28828786739, 52378.59765157784
2640.1859998703003, 42946.28828786739, 52377.392658664074
2640.1979999542236, 42946.28828786739, 52376.90006057742
2640.2030000686646, 42946.28828786739, 52376.90006057742
2640.213000059128, 42946.28828786739, 52376.90006057742
2640.223999977112, 42946.28828786739, 52376.90006057742
2640.223999977112, 42946.28828786739, 52376.90006057742
2640.236000061035, 42946.28828786739, 52376.90006057742
2640.2389998435974, 42946.28828786739, 52376.60924067478
2640.2549998760223, 42946.28828786739, 52376.60924067478
2640.2619998455048, 42946.28828786739, 52376.60924067478
2645.8369998931885, 42946.28828786739, 52376.60924067478
2645.8529999256134, 42946.28828786739, 52376.60924067478
2645.856999874115, 42946.28828786739, 52376.60924067478
2645.8639998435974, 42946.28828786739, 52376.60924067478
2645.8639998435974, 42946.28828786739, 52376.60924067478
2645.8740000724792, 42946.28828786739, 52376.60924067478
2651.430999994278, 42946.28828786739, 52376.60924067478
2651.440999984741, 42946.28828786739, 52376.60924067478
2651.4479999542236, 42946.28828786739, 52376.60924067478
2651.4530000686646, 42946.28828786739, 52376.60924067478
2651.457000017166, 42946.28828786739, 52376.60924067478
2651.457000017166, 42946.28828786739, 52375.995971393706
2651.4700000286102, 42946.28828786739, 52375.995971393706
2651.470999956131, 42946.28828786739, 52375.995971393706
2651.470999956131, 42946.28828786739, 52375.995971393706
2657.284999847412, 42946.28828786739, 52374.95368392543
2657.292999982834, 42946.28828786739, 52374.95368392543
2657.2999999523163, 42946.28828786739, 52374.95368392543
2657.305999994278, 42946.28828786739, 52374.95368392543
2657.3109998703003, 42946.28828786739, 52374.95368392543
2657.3150000572205, 42946.28828786739, 52374.95368392543
2657.3289999961853, 42946.28828786739, 52374.95368392543
2657.329999923706, 42946.28828786739, 52374.95368392543
2657.3420000076294, 42946.28828786739, 52374.77273405659
2657.3469998836517, 42946.28828786739, 52374.450681589835
2657.3469998836517, 42946.28828786739, 52374.450681589835
2663.220999956131, 42946.28828786739, 52374.450681589835
2663.2269999980927, 42946.28828786739, 52373.895723566646
2663.231999874115, 42946.28828786739, 52373.76937806683
2663.234999895096, 42946.28828786739, 52373.49711423647
2663.2379999160767, 42946.28828786739, 52373.09431053714
2663.2419998645782, 42946.28828786739, 52373.09431053714
2663.244999885559, 42946.28828786739, 52373.09431053714
2668.8099999427795, 42946.28828786739, 52371.88011587536
2668.813999891281, 42946.28828786739, 52371.88011587536
2668.816999912262, 42946.28828786739, 52371.88011587536
2668.830999851227, 42946.28828786739, 52371.88011587536
2668.8359999656677, 42946.28828786739, 52371.88011587536
2668.8420000076294, 42946.28828786739, 52371.48967641107
2668.853999853134, 42946.28828786739, 52371.29213025821
2668.853999853134, 42946.28828786739, 52371.169716718454
2668.8639998435974, 42946.28828786739, 52371.169716718454
2668.8669998645782, 42946.28828786739, 52371.169716718454
2668.8680000305176, 42946.28828786739, 52371.169716718454
2668.8680000305176, 42946.28828786739, 52371.169716718454
2668.8680000305176, 42946.28828786739, 52371.169716718454
2668.8680000305176, 42946.28828786739, 52371.169716718454
2668.8680000305176, 42946.28828786739, 52371.169716718454
2668.882999897003, 42946.28828786739, 52371.169716718454
2668.8849999904633, 42946.28828786739, 52371.169716718454
2668.8849999904633, 42946.28828786739, 52371.169716718454
2674.9210000038147, 42946.28828786739, 52370.15182579151
2674.934000015259, 42946.28828786739, 52370.15182579151
2674.941999912262, 42946.28828786739, 52370.15182579151
2674.947000026703, 42946.28828786739, 52370.15182579151
2674.954999923706, 42946.28828786739, 52370.15182579151
2674.9589998722076, 42946.28828786739, 52370.15182579151
2674.9589998722076, 42946.28828786739, 52370.15182579151
2674.9719998836517, 42946.28828786739, 52370.047001510655
2674.9719998836517, 42946.28828786739, 52370.047001510655
2674.9889998435974, 42946.28828786739, 52370.047001510655
2674.9889998435974, 42946.28828786739, 52370.047001510655
2674.9889998435974, 42946.28828786739, 52370.047001510655
2674.9889998435974, 42946.28828786739, 52370.047001510655
2680.8369998931885, 42946.28828786739, 52370.047001510655
2680.8450000286102, 42946.28828786739, 52369.36713938264
2680.8529999256134, 42946.28828786739, 52369.36713938264
2680.8550000190735, 42946.28828786739, 52369.36713938264
2680.858999967575, 42946.28828786739, 52369.14457216311
2680.861999988556, 42946.28828786739, 52368.89831928257
2680.861999988556, 42946.28828786739, 52368.89831928257
2686.0759999752045, 42946.28828786739, 52368.434669234826
2686.0839998722076, 42946.28828786739, 52368.434669234826
2686.0889999866486, 42946.28828786739, 52368.434669234826
2686.0889999866486, 42946.28828786739, 52368.434669234826
2686.0889999866486, 42946.28828786739, 52368.434669234826
2686.098000049591, 42946.28828786739, 52368.434669234826
2686.108999967575, 42946.28828786739, 52368.434669234826
2686.121999979019, 42946.28828786739, 52368.06067737551
2686.1289999485016, 42946.28828786739, 52368.06067737551
2686.1349999904633, 42946.28828786739, 52368.06067737551
2686.138000011444, 42946.28828786739, 52368.06067737551
2686.1419999599457, 42946.28828786739, 52366.279847649705
2691.4049999713898, 42946.28828786739, 52366.279847649705
2691.4110000133514, 42946.28828786739, 52366.279847649705
2691.420000076294, 42946.28828786739, 52366.279847649705
2691.428999900818, 42946.28828786739, 52366.279847649705
2691.4349999427795, 42946.28828786739, 52366.279847649705
2691.444999933243, 42946.28828786739, 52366.279847649705
2697.085000038147, 42946.28828786739, 52365.94466256962
2697.09299993515, 42946.28828786739, 52365.65875459293
2697.103999853134, 42946.28828786739, 52365.65875459293
2697.1159999370575, 42946.28828786739, 52365.65875459293
2697.12299990654, 42946.28828786739, 52365.65875459293
2697.1289999485016, 42946.28828786739, 52365.65875459293
2703.2890000343323, 42946.28828786739, 52365.65875459293
2703.297999858856, 42946.28828786739, 52365.65875459293
2703.3069999217987, 42946.28828786739, 52365.65875459293
2703.315999984741, 42946.28828786739, 52365.65875459293
2703.3239998817444, 42946.28828786739, 52365.65875459293
2709.536999940872, 42946.28828786739, 52365.36037231314
2709.536999940872, 42946.28828786739, 52364.75013636016
2709.552999973297, 42946.28828786739, 52364.75013636016
2709.565999984741, 42946.28828786739, 52364.75013636016
2709.5729999542236, 42946.28828786739, 52364.73191424757
2709.5789999961853, 42946.28828786739, 52364.73191424757
2709.5839998722076, 42946.28828786739, 52364.10234774134
2709.5889999866486, 42946.28828786739, 52364.10234774134
2715.470999956131, 42946.28828786739, 52364.10234774134
2715.473000049591, 42946.28828786739, 52364.10234774134
2715.473000049591, 42946.28828786739, 52364.10234774134
2715.4879999160767, 42946.28828786739, 52364.10234774134
2715.4939999580383, 42946.28828786739, 52364.10234774134
2715.4939999580383, 42946.28828786739, 52363.5051583199
2715.5090000629425, 42946.28828786739, 52363.5051583199
2715.5090000629425, 42946.28828786739, 52363.5051583199
2715.526000022888, 42946.28828786739, 52363.5051583199
2715.526000022888, 42946.28828786739, 52363.5051583199
2721.5390000343323, 42946.28828786739, 52363.22111958016
2721.5490000247955, 42946.28828786739, 52363.22111958016
2721.5599999427795, 42946.28828786739, 52363.22111958016
2721.5709998607635, 42946.28828786739, 52363.22111958016
2721.5709998607635, 42946.28828786739, 52363.22111958016
2727.313999891281, 42946.28828786739, 52361.45359848611
2727.319999933243, 42946.28828786739, 52361.45359848611
2727.3239998817444, 42946.28828786739, 52361.45359848611
2727.3280000686646, 42946.28828786739, 52361.45359848611
2727.330999851227, 42946.28828786739, 52361.45359848611
2727.330999851227, 42946.28828786739, 52361.45359848611
2727.3410000801086, 42946.28828786739, 52361.45359848611
2727.34299993515, 42946.28828786739, 52361.45359848611
2727.34299993515, 42946.28828786739, 52361.45359848611
2727.3639998435974, 42946.28828786739, 52361.45359848611
2727.369999885559, 42946.28828786739, 52361.45359848611
2727.375, 42946.28828786739, 52361.45359848611
2727.3759999275208, 42946.28828786739, 52361.45359848611
2727.3759999275208, 42946.28828786739, 52361.41783715214
2727.391000032425, 42946.28828786739, 52361.41783715214
2727.3929998874664, 42946.28828786739, 52361.27183837834
2727.3929998874664, 42946.28828786739, 52361.27183837834
2733.4500000476837, 42946.28828786739, 52361.015339350895
2733.4500000476837, 42946.28828786739, 52361.015339350895
2733.4500000476837, 42946.28828786739, 52361.015339350895
2733.4500000476837, 42946.28828786739, 52361.015339350895
2733.468999862671, 42946.28828786739, 52361.015339350895
2733.473999977112, 42946.28828786739, 52361.015339350895
2733.4800000190735, 42946.28828786739, 52361.015339350895
2733.483999967575, 42946.28828786739, 52361.015339350895
2733.494999885559, 42946.28828786739, 52361.015339350895
2738.909999847412, 42946.28828786739, 52361.015339350895
2738.920000076294, 42946.28828786739, 52361.015339350895
2738.9270000457764, 42946.28828786739, 52361.015339350895
2738.930000066757, 42946.28828786739, 52361.015339350895
2738.9359998703003, 42946.28828786739, 52361.015339350895
2738.941999912262, 42946.28828786739, 52361.015339350895
2738.9539999961853, 42946.28828786739, 52361.015339350895
2738.9619998931885, 42946.28828786739, 52361.015339350895
2738.9660000801086, 42946.28828786739, 52361.015339350895
2738.96799993515, 42946.28828786739, 52361.015339350895
2744.920000076294, 42946.28828786739, 52361.015339350895
2744.927999973297, 42946.28828786739, 52361.015339350895
2744.9349999427795, 42946.28828786739, 52361.015339350895
2744.9400000572205, 42946.28828786739, 52361.015339350895
2744.9430000782013, 42946.28828786739, 52361.015339350895
2744.944999933243, 42946.28828786739, 52361.015339350895
2751.0869998931885, 42946.28828786739, 52361.015339350895
2751.0950000286102, 42946.28828786739, 52361.015339350895
2751.1019999980927, 42946.28828786739, 52361.015339350895
2751.111000061035, 42946.28828786739, 52361.015339350895
2751.1180000305176, 42946.28828786739, 52361.015339350895
2751.1180000305176, 42946.28828786739, 52361.015339350895
2757.1139998435974, 42946.28828786739, 52361.015339350895
2757.12299990654, 42946.28828786739, 52361.015339350895
2757.1319999694824, 42946.28828786739, 52356.90355548626
2757.1399998664856, 42946.28828786739, 52356.90355548626
2757.1470000743866, 42946.28828786739, 52356.90355548626
2757.1470000743866, 42946.28828786739, 52356.90355548626
2757.1470000743866, 42946.28828786739, 52355.943646375556
2757.162999868393, 42946.28828786739, 52355.29744635337
2757.167999982834, 42946.28828786739, 52355.29744635337
2762.550999879837, 42946.28828786739, 52355.29744635337
2762.5520000457764, 42946.28828786739, 52355.29744635337
2762.5520000457764, 42946.28828786739, 52355.29744635337
2762.5520000457764, 42946.28828786739, 52355.29744635337
2762.572000026703, 42946.28828786739, 52355.29744635337
2762.5780000686646, 42946.28828786739, 52354.71747021985
2762.5869998931885, 42946.28828786739, 52354.71747021985
2762.5869998931885, 42946.28828786739, 52354.71747021985
2768.399999856949, 42946.28828786739, 52354.545981753734
2768.399999856949, 42946.28828786739, 52354.545981753734
2768.399999856949, 42946.28828786739, 52354.545981753734
2768.420000076294, 42946.28828786739, 52354.545981753734
2768.425999879837, 42946.28828786739, 52353.9445792233
2768.430000066757, 42946.28828786739, 52353.9445792233
2768.4379999637604, 42946.28828786739, 52353.9445792233
2768.4479999542236, 42946.28828786739, 52353.9445792233
2768.454999923706, 42946.28828786739, 52353.9445792233
2768.4700000286102, 42946.28828786739, 52353.9445792233
2768.4700000286102, 42946.28828786739, 52353.9445792233
2774.5060000419617, 42946.28828786739, 52353.9445792233
2774.5209999084473, 42946.28828786739, 52353.14721903154
2774.5230000019073, 42946.28828786739, 52353.14721903154
2774.5230000019073, 42946.28828786739, 52353.14721903154
2774.536999940872, 42946.28828786739, 52353.14721903154
2774.542000055313, 42946.28828786739, 52353.14721903154
2774.545000076294, 42946.28828786739, 52353.14721903154
2774.545000076294, 42946.28828786739, 52353.14721903154
2774.545000076294, 42946.28828786739, 52353.14721903154
2774.5579998493195, 42946.28828786739, 52353.14721903154
2774.5579998493195, 42946.28828786739, 52353.14721903154
2774.5729999542236, 42946.28828786739, 52352.63754788235
2774.5750000476837, 42946.28828786739, 52352.63754788235
2780.934000015259, 42946.28828786739, 52352.63754788235
2780.9400000572205, 42946.28828786739, 52352.63754788235
2780.944000005722, 42946.28828786739, 52352.63754788235
2780.9509999752045, 42946.28828786739, 52352.63754788235
2780.957999944687, 42946.28828786739, 52352.63754788235
2780.957999944687, 42946.28828786739, 52352.63754788235
2780.957999944687, 42946.28828786739, 52352.63754788235
2780.9719998836517, 42946.28828786739, 52351.53453609577
2780.9719998836517, 42946.28828786739, 52351.53453609577
2780.986999988556, 42946.28828786739, 52351.53453609577
2780.9879999160767, 42946.28828786739, 52351.53453609577
2787.2389998435974, 42946.28828786739, 52351.39118885488
2787.2389998435974, 42946.28828786739, 52351.39118885488
2787.2549998760223, 42946.28828786739, 52351.39118885488
2787.260999917984, 42946.28828786739, 52351.39118885488
2787.263000011444, 42946.28828786739, 52351.39118885488
2787.2730000019073, 42946.28828786739, 52351.39118885488
2787.279000043869, 42946.28828786739, 52351.39118885488
2793.3840000629425, 42946.28828786739, 52351.39118885488
2793.3919999599457, 42946.28828786739, 52351.39118885488
2793.398999929428, 42946.28828786739, 52351.39118885488
2799.220999956131, 42946.28828786739, 52351.39118885488
2799.2379999160767, 42946.28828786739, 52351.39118885488
2799.2400000095367, 42946.28828786739, 52351.39118885488
2799.2400000095367, 42946.28828786739, 52348.26573107321
2799.257999897003, 42946.28828786739, 52347.9341674441
2799.257999897003, 42946.28828786739, 52347.9341674441
2799.257999897003, 42946.28828786739, 52347.9341674441
2805.815999984741, 42946.28828786739, 52347.9341674441
2805.815999984741, 42946.28828786739, 52347.9341674441
2805.832000017166, 42946.28828786739, 52347.9341674441
2805.8359999656677, 42946.28828786739, 52347.9341674441
2805.8399999141693, 42946.28828786739, 52346.87899705618
2805.843999862671, 42946.28828786739, 52346.56599127106
2805.8499999046326, 42946.28828786739, 52346.08411790787
2805.8499999046326, 42946.28828786739, 52344.529686005706
2811.399999856949, 42946.28828786739, 52344.36848749978
2811.411999940872, 42946.28828786739, 52344.36848749978
2811.415999889374, 42946.28828786739, 52344.36848749978
2811.420000076294, 42946.28828786739, 52344.36848749978
2811.422999858856, 42946.28828786739, 52344.23837986969
2811.434000015259, 42946.28828786739, 52344.23837986969
2811.4370000362396, 42946.28828786739, 52344.23837986969
2811.4479999542236, 42946.28828786739, 52344.23837986969
2811.451999902725, 42946.28828786739, 52344.23837986969
2811.451999902725, 42946.28828786739, 52344.23837986969
2811.451999902725, 42946.28828786739, 52344.23837986969
2811.4670000076294, 42946.28828786739, 52344.23837986969
2811.468999862671, 42946.28828786739, 52343.99612375369
2811.468999862671, 42946.28828786739, 52343.99612375369
2811.468999862671, 42946.28828786739, 52343.99612375369
2811.486000061035, 42946.28828786739, 52343.99612375369
2811.4900000095367, 42946.28828786739, 52343.69699262077
2817.3799998760223, 42946.28828786739, 52343.69699262077
2817.388000011444, 42946.28828786739, 52343.69699262077
2817.3970000743866, 42946.28828786739, 52343.69699262077
2817.398999929428, 42946.28828786739, 52343.69699262077
2817.4110000133514, 42946.28828786739, 52343.09754280682
2817.4110000133514, 42946.28828786739, 52343.09754280682
2823.154000043869, 42946.28828786739, 52343.056721919
2823.1749999523163, 42946.28828786739, 52343.056721919
2823.175999879837, 42946.28828786739, 52343.056721919
2823.1859998703003, 42946.28828786739, 52343.056721919
2823.1859998703003, 42946.28828786739, 52342.58492259765
2823.1859998703003, 42946.28828786739, 52342.58492259765
2823.1859998703003, 42946.28828786739, 52342.58492259765
2823.201999902725, 42946.28828786739, 52342.58492259765
2823.201999902725, 42946.28828786739, 52342.58492259765
2823.201999902725, 42946.28828786739, 52342.58492259765
2823.201999902725, 42946.28828786739, 52342.58492259765
2823.218999862671, 42946.28828786739, 52342.58492259765
2829.1870000362396, 42946.28828786739, 52341.69253096231
2829.1930000782013, 42946.28828786739, 52341.62197689136
2829.1979999542236, 42946.28828786739, 52341.62197689136
2829.2119998931885, 42946.28828786739, 52341.436861323324
2829.223999977112, 42946.28828786739, 52341.436861323324
2829.2330000400543, 42946.28828786739, 52341.436861323324
2829.234999895096, 42946.28828786739, 52341.436861323324
2835.201999902725, 42946.28828786739, 52341.436861323324
2835.2089998722076, 42946.28828786739, 52341.436861323324
2835.2149999141693, 42946.28828786739, 52341.436861323324
2835.223999977112, 42946.28828786739, 52341.436861323324
2835.228999853134, 42946.28828786739, 52341.0615703036
2835.228999853134, 42946.28828786739, 52340.876277343086
2835.2430000305176, 42946.28828786739, 52340.78619026905
2835.2430000305176, 42946.28828786739, 52340.78619026905
2835.2430000305176, 42946.28828786739, 52340.78619026905
2841.5889999866486, 42946.28828786739, 52339.952339339114
2841.601000070572, 42946.28828786739, 52339.952339339114
2841.609999895096, 42946.28828786739, 52339.952339339114
2841.6169998645782, 42946.28828786739, 52339.952339339114
2841.6169998645782, 42946.28828786739, 52339.952339339114
2841.6319999694824, 42946.28828786739, 52339.952339339114
2841.6319999694824, 42946.28828786739, 52338.74950046631
2847.263999938965, 42946.28828786739, 52338.74950046631
2847.2679998874664, 42946.28828786739, 52338.74950046631
2847.2720000743866, 42946.28828786739, 52338.74950046631
2847.2799999713898, 42946.28828786739, 52338.74950046631
2847.28200006485, 42946.28828786739, 52338.74950046631
2847.287999868393, 42946.28828786739, 52338.43026608764
2847.2939999103546, 42946.28828786739, 52338.145297746705
2847.305999994278, 42946.28828786739, 52338.145297746705
2847.3150000572205, 42946.28828786739, 52338.145297746705
2847.322000026703, 42946.28828786739, 52338.145297746705
2847.322000026703, 42946.28828786739, 52338.145297746705
2847.322000026703, 42946.28828786739, 52338.145297746705
2847.322000026703, 42946.28828786739, 52338.145297746705
2847.338000059128, 42946.28828786739, 52338.145297746705
2853.611000061035, 42946.28828786739, 52338.05438293622
2853.621999979019, 42946.28828786739, 52338.05438293622
2853.6319999694824, 42946.28828786739, 52338.05438293622
2853.6319999694824, 42946.28828786739, 52337.779224749036
2853.6459999084473, 42946.28828786739, 52337.779224749036
2859.830999851227, 42946.28828786739, 52337.779224749036
2859.8420000076294, 42946.28828786739, 52337.779224749036
2859.845999956131, 42946.28828786739, 52337.779224749036
2859.8529999256134, 42946.28828786739, 52337.779224749036
2859.8580000400543, 42946.28828786739, 52337.779224749036
2859.875, 42946.28828786739, 52337.779224749036
2859.8759999275208, 42946.28828786739, 52337.53567673936
2865.8519999980927, 42946.28828786739, 52337.03706388987
2865.861999988556, 42946.28828786739, 52337.03706388987
2865.8740000724792, 42946.28828786739, 52337.03706388987
2865.885999917984, 42946.28828786739, 52337.03706388987
2865.8970000743866, 42946.28828786739, 52337.03706388987
2865.904000043869, 42946.28828786739, 52337.03706388987
2865.904000043869, 42946.28828786739, 52336.31178090471
2865.9210000038147, 42946.28828786739, 52336.31178090471
2865.9219999313354, 42946.28828786739, 52336.31178090471
2865.9370000362396, 42946.28828786739, 52336.31178090471
2872.5049998760223, 42946.28828786739, 52335.25525225493
2872.5049998760223, 42946.28828786739, 52335.25525225493
2872.5199999809265, 42946.28828786739, 52334.87343740685
2872.524999856949, 42946.28828786739, 52334.87343740685
2872.5279998779297, 42946.28828786739, 52334.575240983206
2872.5279998779297, 42946.28828786739, 52334.44551232402
2872.539999961853, 42946.28828786739, 52333.85035420668
2872.539999961853, 42946.28828786739, 52333.85035420668
2878.934000015259, 42946.28828786739, 52333.85035420668
2878.938999891281, 42946.28828786739, 52333.85035420668
2878.9459998607635, 42946.28828786739, 52333.510704590146
2878.9539999961853, 42946.28828786739, 52333.46176351692
2878.9539999961853, 42946.28828786739, 52333.37909581314
2878.9660000801086, 42946.28828786739, 52333.28274299854
2878.9670000076294, 42946.28828786739, 52332.08507712798
2885.1459999084473, 42946.28828786739, 52331.62097140953
2885.151000022888, 42946.28828786739, 52331.49438273477
2885.151000022888, 42946.28828786739, 52331.49438273477
2885.162999868393, 42946.28828786739, 52331.49438273477
2885.1710000038147, 42946.28828786739, 52331.49438273477
2885.172999858856, 42946.28828786739, 52331.49438273477
2885.172999858856, 42946.28828786739, 52331.49438273477
2885.180999994278, 42946.28828786739, 52331.49438273477
2885.1819999217987, 42946.28828786739, 52331.49438273477
2885.1819999217987, 42946.28828786739, 52331.40386224881
2885.1819999217987, 42946.28828786739, 52331.3353215552
2885.1979999542236, 42946.28828786739, 52331.3353215552
2885.1979999542236, 42946.28828786739, 52330.906357821084
2891.0049998760223, 42946.28828786739, 52330.78672282349
2891.0149998664856, 42946.28828786739, 52330.78672282349
2891.0220000743866, 42946.28828786739, 52330.598137902845
2891.023999929428, 42946.28828786739, 52330.598137902845
2891.0360000133514, 42946.28828786739, 52330.598137902845
2891.0360000133514, 42946.28828786739, 52330.56234746934
2891.053999900818, 42946.28828786739, 52330.56234746934
2891.0609998703003, 42946.28828786739, 52330.56234746934
2891.069999933243, 42946.28828786739, 52330.554134866616
2897.2269999980927, 42946.28828786739, 52330.554134866616
2897.233999967575, 42946.28828786739, 52330.554134866616
2897.2379999160767, 42946.28828786739, 52330.554134866616
2897.2460000514984, 42946.28828786739, 52329.891886671096
2897.24799990654, 42946.28828786739, 52329.59546803781
2897.2599999904633, 42946.28828786739, 52329.59546803781
2897.2599999904633, 42946.28828786739, 52329.48313734226
2897.2809998989105, 42946.28828786739, 52329.48313734226
2903.4909999370575, 42946.28828786739, 52328.469501555526
2903.49799990654, 42946.28828786739, 52328.469501555526
2903.503000020981, 42946.28828786739, 52328.469501555526
2903.5099999904633, 42946.28828786739, 52328.469501555526
2903.5190000534058, 42946.28828786739, 52328.469501555526
2903.5190000534058, 42946.28828786739, 52328.45368540962
2903.537999868393, 42946.28828786739, 52328.45368540962
2903.539999961853, 42946.28828786739, 52328.45368540962
2903.539999961853, 42946.28828786739, 52328.45368540962
2903.5520000457764, 42946.28828786739, 52328.45368540962
2903.553999900818, 42946.28828786739, 52328.45368540962
2903.553999900818, 42946.28828786739, 52328.45368540962
2903.5629999637604, 42946.28828786739, 52328.45368540962
2903.5650000572205, 42946.28828786739, 52328.45368540962
2909.8399999141693, 42946.28828786739, 52328.45368540962
2909.8469998836517, 42946.28828786739, 52328.45368540962
2909.851000070572, 42946.28828786739, 52328.45368540962
2909.8550000190735, 42946.28828786739, 52328.45368540962
2915.7460000514984, 42946.28828786739, 52327.62492042367
2915.7460000514984, 42946.28828786739, 52327.62492042367
2915.7460000514984, 42946.28828786739, 52327.62492042367
2915.760999917984, 42946.28828786739, 52327.62492042367
2915.7649998664856, 42946.28828786739, 52327.62492042367
2915.7690000534058, 42946.28828786739, 52327.62492042367
2915.7690000534058, 42946.28828786739, 52327.62492042367
2915.7720000743866, 42946.28828786739, 52327.62492042367
2915.7799999713898, 42946.28828786739, 52327.59507355515
2915.7809998989105, 42946.28828786739, 52327.59507355515
2915.7809998989105, 42946.28828786739, 52327.59507355515
2915.7969999313354, 42946.28828786739, 52327.59507355515
2921.802999973297, 42946.28828786739, 52327.16398031914
2921.802999973297, 42946.28828786739, 52327.16398031914
2921.816999912262, 42946.28828786739, 52327.16398031914
2921.8229999542236, 42946.28828786739, 52327.16398031914
2921.829999923706, 42946.28828786739, 52327.16398031914
2921.8399999141693, 42946.28828786739, 52327.16398031914
2921.8399999141693, 42946.28828786739, 52327.16398031914
2921.8399999141693, 42946.28828786739, 52327.16398031914
2921.853999853134, 42946.28828786739, 52327.16398031914
2921.853999853134, 42946.28828786739, 52326.65764132909
2921.853999853134, 42946.28828786739, 52325.77413204649
2921.853999853134, 42946.28828786739, 52325.77413204649
2927.859999895096, 42946.28828786739, 52324.58062666976
2927.8639998435974, 42946.28828786739, 52324.58062666976
2927.869999885559, 42946.28828786739, 52324.58062666976
2927.871999979019, 42946.28828786739, 52324.58062666976
2927.8799998760223, 42946.28828786739, 52324.58062666976
2927.888000011444, 42946.28828786739, 52324.58062666976
2927.8959999084473, 42946.28828786739, 52324.58062666976
2927.8959999084473, 42946.28828786739, 52324.58062666976
2927.9110000133514, 42946.28828786739, 52324.58062666976
2927.9110000133514, 42946.28828786739, 52324.58062666976
2927.9110000133514, 42946.28828786739, 52324.58062666976
2927.925999879837, 42946.28828786739, 52324.58062666976
2927.9319999217987, 42946.28828786739, 52324.58062666976
2927.9349999427795, 42946.28828786739, 52324.58062666976
2934.165999889374, 42946.28828786739, 52323.69807143763
2934.165999889374, 42946.28828786739, 52323.69807143763
2934.165999889374, 42946.28828786739, 52323.69807143763
2934.1829998493195, 42946.28828786739, 52323.69807143763
2934.1879999637604, 42946.28828786739, 52323.69807143763
2934.1989998817444, 42946.28828786739, 52323.69807143763
2934.2039999961853, 42946.28828786739, 52323.69807143763
2934.207999944687, 42946.28828786739, 52323.69807143763
2934.210000038147, 42946.28828786739, 52323.69807143763
2934.218999862671, 42946.28828786739, 52323.69807143763
2934.223000049591, 42946.28828786739, 52323.41978101907
2934.231999874115, 42946.28828786739, 52323.41978101907
2934.2379999160767, 42946.28828786739, 52323.41978101907
2934.2569999694824, 42946.28828786739, 52323.41978101907
2940.516000032425, 42946.28828786739, 52323.41978101907
2940.523999929428, 42946.28828786739, 52323.41978101907
2940.53200006485, 42946.28828786739, 52323.41978101907
2940.542999982834, 42946.28828786739, 52323.41978101907
2940.5490000247955, 42946.28828786739, 52323.26693928844
2940.5569999217987, 42946.28828786739, 52323.26693928844
2940.5680000782013, 42946.28828786739, 52323.26693928844
2940.5680000782013, 42946.28828786739, 52323.26693928844
2940.5839998722076, 42946.28828786739, 52323.26693928844
2940.59299993515, 42946.28828786739, 52323.26693928844
2940.5950000286102, 42946.28828786739, 52323.26693928844
2940.5950000286102, 42946.28828786739, 52323.26693928844
2946.8689999580383, 42946.28828786739, 52322.382541377425
2946.875, 42946.28828786739, 52322.382541377425
2946.8789999485016, 42946.28828786739, 52322.382541377425
2946.8810000419617, 42946.28828786739, 52322.382541377425
2946.8840000629425, 42946.28828786739, 52322.382541377425
2946.888999938965, 42946.28828786739, 52322.382541377425
2946.8940000534058, 42946.28828786739, 52322.382541377425
2946.8970000743866, 42946.28828786739, 52322.382541377425
2946.904000043869, 42946.28828786739, 52322.382541377425
2946.90700006485, 42946.28828786739, 52321.95385811951
2952.9919998645782, 42946.28828786739, 52321.52183133703
2953.0019998550415, 42946.28828786739, 52321.52183133703
2953.010999917984, 42946.28828786739, 52321.52183133703
2953.013999938965, 42946.28828786739, 52321.52183133703
2953.013999938965, 42946.28828786739, 52321.52183133703
2953.026000022888, 42946.28828786739, 52321.52183133703
2953.0299999713898, 42946.28828786739, 52320.66873007821
2953.036999940872, 42946.28828786739, 52320.66873007821
2953.036999940872, 42946.28828786739, 52320.66873007821
2953.0490000247955, 42946.28828786739, 52319.53290398785
2959.257999897003, 42946.28828786739, 52319.53290398785
2959.2619998455048, 42946.28828786739, 52319.53290398785
2959.2619998455048, 42946.28828786739, 52319.53290398785
2965.6849999427795, 42946.28828786739, 52319.53290398785
2965.7030000686646, 42946.28828786739, 52319.53290398785
2965.7109999656677, 42946.28828786739, 52318.95461860675
2965.718999862671, 42946.28828786739, 52318.95461860675
2965.7219998836517, 42946.28828786739, 52318.95461860675
2965.7219998836517, 42946.28828786739, 52318.95461860675
2965.7379999160767, 42946.28828786739, 52318.95461860675
2965.7379999160767, 42946.28828786739, 52318.95461860675
2965.7379999160767, 42946.28828786739, 52318.95461860675
2965.7379999160767, 42946.28828786739, 52318.95461860675
2965.7569999694824, 42946.28828786739, 52318.95461860675
2965.7590000629425, 42946.28828786739, 52318.95461860675
2965.7590000629425, 42946.28828786739, 52318.95461860675
2965.7709999084473, 42946.28828786739, 52318.95461860675
2965.773999929428, 42946.28828786739, 52318.95461860675
2965.773999929428, 42946.28828786739, 52318.95461860675
2972.010999917984, 42946.28828786739, 52318.95461860675
2972.026000022888, 42946.28828786739, 52318.425648141696
2972.03200006485, 42946.28828786739, 52318.425648141696
2972.03200006485, 42946.28828786739, 52318.425648141696
2977.9489998817444, 42946.28828786739, 52318.425648141696
2977.9489998817444, 42946.28828786739, 52318.425648141696
2977.9670000076294, 42946.28828786739, 52318.3937337689
2977.973000049591, 42946.28828786739, 52318.3937337689
2977.973999977112, 42946.28828786739, 52318.3937337689
2977.9809999465942, 42946.28828786739, 52318.3937337689
2977.9830000400543, 42946.28828786739, 52318.3937337689
2977.9830000400543, 42946.28828786739, 52318.3937337689
2977.9909999370575, 42946.28828786739, 52318.3937337689
2977.9930000305176, 42946.28828786739, 52318.3937337689
2978.0, 42946.28828786739, 52318.3937337689
2983.6169998645782, 42946.28828786739, 52318.3937337689
2983.625, 42946.28828786739, 52318.3937337689
2983.6319999694824, 42946.28828786739, 52317.7085902039
2983.6419999599457, 42946.28828786739, 52317.7085902039
2989.5279998779297, 42946.28828786739, 52317.7085902039
2989.5390000343323, 42946.28828786739, 52317.7085902039
2989.540999889374, 42946.28828786739, 52317.7085902039
2989.545000076294, 42946.28828786739, 52317.7085902039
2989.545000076294, 42946.28828786739, 52317.095609882126
2989.555999994278, 42946.28828786739, 52317.095609882126
2989.563999891281, 42946.28828786739, 52317.095609882126
2989.565999984741, 42946.28828786739, 52317.095609882126
2989.565999984741, 42946.28828786739, 52317.095609882126
2989.580999851227, 42946.28828786739, 52316.58329293727
2989.595999956131, 42946.28828786739, 52316.58329293727
2989.5969998836517, 42946.28828786739, 52316.58329293727
2989.5969998836517, 42946.28828786739, 52316.58329293727
2989.6129999160767, 42946.28828786739, 52316.58329293727
2996.0099999904633, 42946.28828786739, 52316.184612484336
2996.026000022888, 42946.28828786739, 52316.184612484336
2996.0279998779297, 42946.28828786739, 52316.184612484336
2996.0279998779297, 42946.28828786739, 52316.184612484336
2996.0390000343323, 42946.28828786739, 52315.18467436858
2996.0439999103546, 42946.28828786739, 52315.18467436858
2996.047999858856, 42946.28828786739, 52314.93926807112
2996.0520000457764, 42946.28828786739, 52313.74618959587
3002.4140000343323, 42946.28828786739, 52313.74618959587
3002.430000066757, 42946.28828786739, 52313.74618959587
3002.4370000362396, 42946.28828786739, 52313.443280922205
3002.4430000782013, 42946.28828786739, 52313.443280922205
3002.451999902725, 42946.28828786739, 52313.443280922205
3002.451999902725, 42946.28828786739, 52313.443280922205
3008.3869998455048, 42946.28828786739, 52313.42628257654
3008.3980000019073, 42946.28828786739, 52313.42628257654
3008.401000022888, 42946.28828786739, 52313.42628257654
3008.401000022888, 42946.28828786739, 52312.956123474796
3008.417000055313, 42946.28828786739, 52312.956123474796
3008.417000055313, 42946.28828786739, 52312.956123474796
3008.430999994278, 42946.28828786739, 52312.956123474796
3008.434000015259, 42946.28828786739, 52312.956123474796
3008.434000015259, 42946.28828786739, 52312.956123474796
3008.434000015259, 42946.28828786739, 52312.956123474796
3008.451999902725, 42946.28828786739, 52312.956123474796
3008.451999902725, 42946.28828786739, 52312.61017782686
3008.451999902725, 42946.28828786739, 52312.61017782686
3014.6459999084473, 42946.28828786739, 52312.61017782686
3014.661999940872, 42946.28828786739, 52312.61017782686
3014.661999940872, 42946.28828786739, 52312.48846780681
3014.661999940872, 42946.28828786739, 52312.48846780681
3014.678999900818, 42946.28828786739, 52312.48846780681
3014.6870000362396, 42946.28828786739, 52312.48846780681
3014.694999933243, 42946.28828786739, 52312.48846780681
3014.694999933243, 42946.28828786739, 52312.22589048806
3014.694999933243, 42946.28828786739, 52312.22589048806
3014.707999944687, 42946.28828786739, 52312.22589048806
3020.8129999637604, 42946.28828786739, 52311.92597165734
3020.8129999637604, 42946.28828786739, 52311.92597165734
3020.829999923706, 42946.28828786739, 52311.92597165734
3020.8339998722076, 42946.28828786739, 52311.92597165734
3020.8369998931885, 42946.28828786739, 52311.92597165734
3020.8420000076294, 42946.28828786739, 52311.25461445309
3020.8469998836517, 42946.28828786739, 52311.25461445309
3020.853999853134, 42946.28828786739, 52311.24803704256
3020.8550000190735, 42946.28828786739, 52311.24803704256
3020.8550000190735, 42946.28828786739, 52311.24803704256
3020.8639998435974, 42946.28828786739, 52311.24803704256
3020.8659999370575, 42946.28828786739, 52311.24803704256
3020.8659999370575, 42946.28828786739, 52310.32781006774
3027.2389998435974, 42946.28828786739, 52310.32781006774
3027.246999979019, 42946.28828786739, 52310.32781006774
3027.2519998550415, 42946.28828786739, 52310.32781006774
3027.2599999904633, 42946.28828786739, 52310.00468016982
3027.2619998455048, 42946.28828786739, 52310.00468016982
3027.2730000019073, 42946.28828786739, 52309.68568301603
3033.87299990654, 42946.28828786739, 52309.52695643611
3033.87299990654, 42946.28828786739, 52309.52695643611
3033.8959999084473, 42946.28828786739, 52309.417208788254
3033.9059998989105, 42946.28828786739, 52309.035440393185
3033.912999868393, 42946.28828786739, 52309.035440393185
3033.9189999103546, 42946.28828786739, 52309.035440393185
3038.8150000572205, 42946.28828786739, 52308.85784260717
3038.8150000572205, 42946.28828786739, 52308.85784260717
3038.829999923706, 42946.28828786739, 52308.85784260717
3038.832999944687, 42946.28828786739, 52308.85784260717
3038.8359999656677, 42946.28828786739, 52308.85784260717
3038.8389999866486, 42946.28828786739, 52308.85784260717
3038.8499999046326, 42946.28828786739, 52308.85784260717
3038.8519999980927, 42946.28828786739, 52308.85784260717
3038.8669998645782, 42946.28828786739, 52308.85784260717
3044.625, 42946.28828786739, 52308.26337539585
3044.6299998760223, 42946.28828786739, 52308.26337539585
3044.6369998455048, 42946.28828786739, 52308.26337539585
3044.6429998874664, 42946.28828786739, 52308.26337539585
3044.6470000743866, 42946.28828786739, 52308.26337539585
3044.6470000743866, 42946.28828786739, 52308.22689090399
3044.665999889374, 42946.28828786739, 52308.22689090399
3044.6749999523163, 42946.28828786739, 52308.22689090399
3044.677999973297, 42946.28828786739, 52308.22689090399
3051.3020000457764, 42946.28828786739, 52308.22689090399
3051.309000015259, 42946.28828786739, 52308.09535640732
3051.3120000362396, 42946.28828786739, 52307.056501321524
3051.313999891281, 42946.28828786739, 52307.056501321524
3051.3180000782013, 42946.28828786739, 52307.00666326255
3051.3229999542236, 42946.28828786739, 52307.00666326255
3057.59299993515, 42946.28828786739, 52306.46995660516
3057.6019999980927, 42946.28828786739, 52306.41460121493
3057.611999988556, 42946.28828786739, 52306.333110909574
3057.6169998645782, 42946.28828786739, 52306.04126012364
3057.6310000419617, 42946.28828786739, 52306.04126012364
3063.191999912262, 42946.28828786739, 52305.91001245527
3063.197000026703, 42946.28828786739, 52305.91001245527
3063.2009999752045, 42946.28828786739, 52305.91001245527
3063.205999851227, 42946.28828786739, 52305.76493444207
3063.2089998722076, 42946.28828786739, 52305.76493444207
3063.2149999141693, 42946.28828786739, 52305.76493444207
3063.2149999141693, 42946.28828786739, 52305.76493444207
3063.2149999141693, 42946.28828786739, 52305.76493444207
3063.231999874115, 42946.28828786739, 52305.76493444207
3063.236000061035, 42946.28828786739, 52305.76493444207
3063.2419998645782, 42946.28828786739, 52305.76493444207
3063.24799990654, 42946.28828786739, 52305.76493444207
3069.003000020981, 42946.28828786739, 52305.53103032769
3069.0069999694824, 42946.28828786739, 52305.43490989379
3069.0190000534058, 42946.28828786739, 52305.43490989379
3069.0279998779297, 42946.28828786739, 52305.43490989379
3069.0279998779297, 42946.28828786739, 52304.64960098778
3069.042000055313, 42946.28828786739, 52304.64960098778
3069.042000055313, 42946.28828786739, 52304.64960098778
3069.042000055313, 42946.28828786739, 52304.64960098778
3069.055999994278, 42946.28828786739, 52304.64960098778
3069.059000015259, 42946.28828786739, 52304.64960098778
3069.059000015259, 42946.28828786739, 52304.64960098778
3075.5629999637604, 42946.28828786739, 52304.64960098778
3075.569000005722, 42946.28828786739, 52304.64960098778
3075.5750000476837, 42946.28828786739, 52304.64960098778
3075.582000017166, 42946.28828786739, 52304.64960098778
3075.5950000286102, 42946.28828786739, 52303.92105105898
3075.595999956131, 42946.28828786739, 52303.30078059879
3075.608999967575, 42946.28828786739, 52302.64995526055
3082.0609998703003, 42946.28828786739, 52302.64995526055
3082.069999933243, 42946.28828786739, 52302.36113092041
3082.0780000686646, 42946.28828786739, 52302.36113092041
3082.0859999656677, 42946.28828786739, 52302.19763391182
3082.0920000076294, 42946.28828786739, 52302.19763391182
3088.5190000534058, 42946.28828786739, 52301.87321865644
3088.5209999084473, 42946.28828786739, 52301.87321865644
3088.5209999084473, 42946.28828786739, 52301.87321865644
3088.5360000133514, 42946.28828786739, 52301.87321865644
3088.542000055313, 42946.28828786739, 52301.87321865644
3088.545000076294, 42946.28828786739, 52301.87321865644
3088.5490000247955, 42946.28828786739, 52301.61744789813
3088.553999900818, 42946.28828786739, 52301.61744789813
3094.526000022888, 42946.28828786739, 52299.80916330877
3094.5279998779297, 42946.28828786739, 52299.80916330877
3094.539999961853, 42946.28828786739, 52299.75628321257
3094.5469999313354, 42946.28828786739, 52299.75628321257
3094.5469999313354, 42946.28828786739, 52299.75628321257
3094.5469999313354, 42946.28828786739, 52299.75628321257
3094.5629999637604, 42946.28828786739, 52299.75628321257
3094.5650000572205, 42946.28828786739, 52299.75628321257
3094.5650000572205, 42946.28828786739, 52299.75628321257
3100.4990000724792, 42946.28828786739, 52299.16604909757
3100.4990000724792, 42946.28828786739, 52299.16604909757
3100.510999917984, 42946.28828786739, 52299.16604909757
3100.516000032425, 42946.28828786739, 52298.51361987422
3100.5179998874664, 42946.28828786739, 52298.51361987422
3100.5179998874664, 42946.28828786739, 52298.51361987422
3100.534999847412, 42946.28828786739, 52298.51361987422
3100.537999868393, 42946.28828786739, 52298.22233299625
3100.537999868393, 42946.28828786739, 52298.22233299625
3100.555000066757, 42946.28828786739, 52298.22233299625
3100.559000015259, 42946.28828786739, 52295.698599526135
3106.7599999904633, 42946.28828786739, 52295.698599526135
3106.776000022888, 42946.28828786739, 52295.698599526135
3106.7829999923706, 42946.28828786739, 52295.698599526135
3106.786999940872, 42946.28828786739, 52295.698599526135
3106.792999982834, 42946.28828786739, 52295.698599526135
3106.7969999313354, 42946.28828786739, 52295.698599526135
3106.8069999217987, 42946.28828786739, 52295.698599526135
3106.8099999427795, 42946.28828786739, 52295.698599526135
3106.8099999427795, 42946.28828786739, 52295.698599526135
3113.4379999637604, 42946.28828786739, 52295.698599526135
3113.4459998607635, 42946.28828786739, 52295.42841342174
3113.4539999961853, 42946.28828786739, 52295.1218727933
3113.4639999866486, 42946.28828786739, 52295.1218727933
3113.4719998836517, 42946.28828786739, 52295.1218727933
3113.4719998836517, 42946.28828786739, 52295.1218727933
3113.4889998435974, 42946.28828786739, 52295.1218727933
3113.4909999370575, 42946.28828786739, 52295.1218727933
3113.4909999370575, 42946.28828786739, 52295.08755233599
3119.6989998817444, 42946.28828786739, 52295.08755233599
3119.7030000686646, 42946.28828786739, 52295.08755233599
3119.707000017166, 42946.28828786739, 52295.08755233599
3119.7089998722076, 42946.28828786739, 52295.08755233599
3119.7109999656677, 42946.28828786739, 52295.08755233599
3119.7170000076294, 42946.28828786739, 52294.79230298605
3119.7249999046326, 42946.28828786739, 52294.42762098521
3119.733999967575, 42946.28828786739, 52294.31106031688
3119.733999967575, 42946.28828786739, 52294.31106031688
3126.0579998493195, 42946.28828786739, 52294.18893422998
3126.0680000782013, 42946.28828786739, 52294.18893422998
3126.069999933243, 42946.28828786739, 52294.18893422998
3126.0750000476837, 42946.28828786739, 52294.18893422998
3126.0789999961853, 42946.28828786739, 52294.18893422998
3126.0839998722076, 42946.28828786739, 52294.18893422998
3126.0889999866486, 42946.28828786739, 52294.18893422998
3126.0969998836517, 42946.28828786739, 52293.56069225302
3126.0969998836517, 42946.28828786739, 52293.52346519267
3132.042000055313, 42946.28828786739, 52292.75425894462
3132.055000066757, 42946.28828786739, 52292.16969102444
3132.0599999427795, 42946.28828786739, 52292.16969102444
3132.063999891281, 42946.28828786739, 52291.970833751286
3132.063999891281, 42946.28828786739, 52291.970833751286
3132.0759999752045, 42946.28828786739, 52291.80857564465
3138.576999902725, 42946.28828786739, 52291.51108784123
3138.582000017166, 42946.28828786739, 52291.51108784123
3138.5889999866486, 42946.28828786739, 52291.26114920416
3138.5969998836517, 42946.28828786739, 52291.26114920416
3138.603999853134, 42946.28828786739, 52291.26114920416
3138.606999874115, 42946.28828786739, 52291.26114920416
3138.606999874115, 42946.28828786739, 52291.26114920416
3138.6240000724792, 42946.28828786739, 52290.83150979424
3138.6269998550415, 42946.28828786739, 52290.83150979424
3138.6269998550415, 42946.28828786739, 52290.83150979424
3138.6269998550415, 42946.28828786739, 52290.83150979424
3138.638000011444, 42946.28828786739, 52290.83150979424
3138.641000032425, 42946.28828786739, 52289.96742463635
3145.0650000572205, 42946.28828786739, 52289.55704056476
3145.0709998607635, 42946.28828786739, 52289.55704056476
3145.0709998607635, 42946.28828786739, 52289.55704056476
3145.080999851227, 42946.28828786739, 52289.55704056476
3145.088000059128, 42946.28828786739, 52289.55704056476
3145.09299993515, 42946.28828786739, 52289.28754419185
3145.1059999465942, 42946.28828786739, 52289.28754419185
3145.1059999465942, 42946.28828786739, 52289.28754419185
3145.12299990654, 42946.28828786739, 52289.28754419185
3150.8659999370575, 42946.28828786739, 52289.28754419185
3150.871999979019, 42946.28828786739, 52289.28754419185
3150.878000020981, 42946.28828786739, 52289.28754419185
3150.888999938965, 42946.28828786739, 52288.37244467319
3150.888999938965, 42946.28828786739, 52288.37244467319
3150.904000043869, 42946.28828786739, 52288.37244467319
3150.904000043869, 42946.28828786739, 52288.37244467319
3150.904000043869, 42946.28828786739, 52288.37244467319
3150.9189999103546, 42946.28828786739, 52288.37244467319
3150.920000076294, 42946.28828786739, 52288.37244467319
3150.920000076294, 42946.28828786739, 52288.37244467319
3150.920000076294, 42946.28828786739, 52288.37244467319
3157.213000059128, 42946.28828786739, 52288.37244467319
3157.220999956131, 42946.28828786739, 52288.37244467319
3157.2309999465942, 42946.28828786739, 52288.37244467319
3157.2419998645782, 42946.28828786739, 52288.37244467319
3157.2490000724792, 42946.28828786739, 52287.82350050105
3163.5299999713898, 42946.28828786739, 52287.82350050105
3163.534999847412, 42946.28828786739, 52287.82350050105
3163.534999847412, 42946.28828786739, 52287.82350050105
3163.534999847412, 42946.28828786739, 52287.82350050105
3163.555999994278, 42946.28828786739, 52287.82350050105
3163.555999994278, 42946.28828786739, 52287.82350050105
3163.5709998607635, 42946.28828786739, 52287.82350050105
3163.5709998607635, 42946.28828786739, 52286.79948656334
3169.473999977112, 42946.28828786739, 52286.79948656334
3169.4909999370575, 42946.28828786739, 52286.28497049675
3169.4909999370575, 42946.28828786739, 52286.28497049675
3169.5069999694824, 42946.28828786739, 52286.28497049675
3169.5119998455048, 42946.28828786739, 52286.28497049675
3169.5199999809265, 42946.28828786739, 52286.28497049675
3169.529000043869, 42946.28828786739, 52286.28497049675
3169.534999847412, 42946.28828786739, 52286.28497049675
3169.537999868393, 42946.28828786739, 52286.28497049675
3169.542000055313, 42946.28828786739, 52286.28497049675
3169.545000076294, 42946.28828786739, 52286.116985912966
3169.545000076294, 42946.28828786739, 52286.116985912966
3169.5620000362396, 42946.28828786739, 52286.116985912966
3169.5620000362396, 42946.28828786739, 52286.116985912966
3169.5620000362396, 42946.28828786739, 52286.116985912966
3176.172999858856, 42946.28828786739, 52284.33638642268
3176.178999900818, 42946.28828786739, 52284.33638642268
3176.1870000362396, 42946.28828786739, 52284.33638642268
3176.2009999752045, 42946.28828786739, 52284.33638642268
3176.210000038147, 42946.28828786739, 52284.179070485334
3176.210000038147, 42946.28828786739, 52284.15111648482
3176.2219998836517, 42946.28828786739, 52284.15111648482
3182.088000059128, 42946.28828786739, 52283.947937867524
3182.0969998836517, 42946.28828786739, 52283.947937867524
3182.108999967575, 42946.28828786739, 52283.947937867524
3182.108999967575, 42946.28828786739, 52283.947937867524
3182.121999979019, 42946.28828786739, 52283.947937867524
3182.1259999275208, 42946.28828786739, 52283.947937867524
3182.1259999275208, 42946.28828786739, 52283.947937867524
3188.6710000038147, 42946.28828786739, 52281.651699684626
3188.680999994278, 42946.28828786739, 52281.651699684626
3188.6900000572205, 42946.28828786739, 52281.651699684626
3188.6959998607635, 42946.28828786739, 52281.651699684626
3188.6959998607635, 42946.28828786739, 52281.651699684626
3188.705999851227, 42946.28828786739, 52281.651699684626
3188.705999851227, 42946.28828786739, 52281.539676434455
3188.705999851227, 42946.28828786739, 52281.539676434455
3188.720999956131, 42946.28828786739, 52281.539676434455
3188.7219998836517, 42946.28828786739, 52281.539676434455
3188.7219998836517, 42946.28828786739, 52281.539676434455
3188.7219998836517, 42946.28828786739, 52281.539676434455
3188.7379999160767, 42946.28828786739, 52281.539676434455
3188.7379999160767, 42946.28828786739, 52281.539676434455
3188.7379999160767, 42946.28828786739, 52281.08167244328
3194.9930000305176, 42946.28828786739, 52281.08167244328
3195.007999897003, 42946.28828786739, 52281.08167244328
3195.016000032425, 42946.28828786739, 52281.08167244328
3195.016000032425, 42946.28828786739, 52280.56067688381
3195.029000043869, 42946.28828786739, 52280.47537253205
3195.029000043869, 42946.28828786739, 52280.47537253205
3195.029000043869, 42946.28828786739, 52280.47537253205
3195.0439999103546, 42946.28828786739, 52279.60590355328
3195.0439999103546, 42946.28828786739, 52279.60590355328
3201.470999956131, 42946.28828786739, 52279.22228281309
3201.470999956131, 42946.28828786739, 52279.22228281309
3201.486000061035, 42946.28828786739, 52278.9609939058
3201.4909999370575, 42946.28828786739, 52278.86134800428
3201.4939999580383, 42946.28828786739, 52278.86134800428
3201.4990000724792, 42946.28828786739, 52278.86134800428
3201.5069999694824, 42946.28828786739, 52278.86134800428
3201.5069999694824, 42946.28828786739, 52278.86134800428
3201.5190000534058, 42946.28828786739, 52278.510672704826
3201.5230000019073, 42946.28828786739, 52278.510672704826
3201.5230000019073, 42946.28828786739, 52278.510672704826
3207.830999851227, 42946.28828786739, 52278.510672704826
3207.8420000076294, 42946.28828786739, 52278.510672704826
3207.8499999046326, 42946.28828786739, 52278.510672704826
3207.8529999256134, 42946.28828786739, 52278.510672704826
3207.858999967575, 42946.28828786739, 52277.78843132563
3207.8680000305176, 42946.28828786739, 52277.76176458533
3207.8680000305176, 42946.28828786739, 52277.76176458533
3207.8680000305176, 42946.28828786739, 52277.76176458533
3214.5179998874664, 42946.28828786739, 52277.455536579
3214.5230000019073, 42946.28828786739, 52277.455536579
3214.5329999923706, 42946.28828786739, 52277.455536579
3214.539999961853, 42946.28828786739, 52276.9543526543
3214.5439999103546, 42946.28828786739, 52276.9543526543
3214.5439999103546, 42946.28828786739, 52276.9543526543
3214.5439999103546, 42946.28828786739, 52276.9543526543
3214.5569999217987, 42946.28828786739, 52276.9543526543
3221.042000055313, 42946.28828786739, 52276.9543526543
3221.042999982834, 42946.28828786739, 52276.9543526543
3221.042999982834, 42946.28828786739, 52276.9543526543
3221.042999982834, 42946.28828786739, 52276.9543526543
3227.513000011444, 42946.28828786739, 52276.9543526543
3227.5199999809265, 42946.28828786739, 52276.9543526543
3227.5230000019073, 42946.28828786739, 52276.9543526543
3227.524999856949, 42946.28828786739, 52276.9543526543
3227.524999856949, 42946.28828786739, 52274.581288257934
3227.542000055313, 42946.28828786739, 52274.581288257934
3227.542000055313, 42946.28828786739, 52274.50743033451
3227.555999994278, 42946.28828786739, 52273.7771085086
3227.555999994278, 42946.28828786739, 52273.7771085086
3227.555999994278, 42946.28828786739, 52273.7771085086
3233.7669999599457, 42946.28828786739, 52273.27053284793
3233.7730000019073, 42946.28828786739, 52273.27053284793
3233.7730000019073, 42946.28828786739, 52273.27053284793
3233.7829999923706, 42946.28828786739, 52273.27053284793
3233.786999940872, 42946.28828786739, 52273.27053284793
3233.792000055313, 42946.28828786739, 52273.27053284793
3233.792999982834, 42946.28828786739, 52273.27053284793
3233.792999982834, 42946.28828786739, 52273.27053284793
3233.805999994278, 42946.28828786739, 52273.27053284793
3233.8129999637604, 42946.28828786739, 52273.27053284793
3233.819000005722, 42946.28828786739, 52273.27053284793
3233.8229999542236, 42946.28828786739, 52273.27053284793
3233.826999902725, 42946.28828786739, 52273.27053284793
3233.830999851227, 42946.28828786739, 52273.27053284793
3233.8339998722076, 42946.28828786739, 52273.27053284793
3233.8339998722076, 42946.28828786739, 52273.27053284793
3233.8339998722076, 42946.28828786739, 52273.27053284793
3240.1989998817444, 42946.28828786739, 52272.426529413286
3240.207999944687, 42946.28828786739, 52272.426529413286
3240.2119998931885, 42946.28828786739, 52272.426529413286
3240.2160000801086, 42946.28828786739, 52272.426529413286
3240.2160000801086, 42946.28828786739, 52272.426529413286
3240.2249999046326, 42946.28828786739, 52272.426529413286
3240.231999874115, 42946.28828786739, 52272.426529413286
3240.231999874115, 42946.28828786739, 52272.426529413286
3240.2430000305176, 42946.28828786739, 52272.426529413286
3240.244999885559, 42946.28828786739, 52272.426529413286
3240.244999885559, 42946.28828786739, 52272.426529413286
3240.244999885559, 42946.28828786739, 52272.426529413286
3240.266000032425, 42946.28828786739, 52272.067926170406
3240.2679998874664, 42946.28828786739, 52271.71141072408
3246.7690000534058, 42946.28828786739, 52271.71141072408
3246.7779998779297, 42946.28828786739, 52270.803624323635
3246.7860000133514, 42946.28828786739, 52270.803624323635
3246.7960000038147, 42946.28828786739, 52270.69592815961
3246.8109998703003, 42946.28828786739, 52270.69592815961
3246.813999891281, 42946.28828786739, 52270.69592815961
3246.813999891281, 42946.28828786739, 52270.69592815961
3246.8259999752045, 42946.28828786739, 52270.69592815961
3252.8940000534058, 42946.28828786739, 52270.69592815961
3252.904000043869, 42946.28828786739, 52270.69592815961
3252.9079999923706, 42946.28828786739, 52270.69592815961
3252.914999961853, 42946.28828786739, 52270.69592815961
3252.9249999523163, 42946.28828786739, 52270.69592815961
3252.934000015259, 42946.28828786739, 52270.69592815961
3252.9379999637604, 42946.28828786739, 52270.69592815961
3252.944000005722, 42946.28828786739, 52270.69592815961
3252.9489998817444, 42946.28828786739, 52270.69592815961
3252.957000017166, 42946.28828786739, 52270.39450840635
3252.9609999656677, 42946.28828786739, 52269.98544572145
3259.444000005722, 42946.28828786739, 52269.38296986841
3259.4539999961853, 42946.28828786739, 52269.38296986841
3259.4609999656677, 42946.28828786739, 52269.38296986841
3259.46799993515, 42946.28828786739, 52269.097262269046
3259.4769999980927, 42946.28828786739, 52268.965251686976
3259.4809999465942, 42946.28828786739, 52268.965251686976
3259.483999967575, 42946.28828786739, 52268.965251686976
3259.486999988556, 42946.28828786739, 52268.965251686976
3259.4939999580383, 42946.28828786739, 52268.965251686976
3259.4939999580383, 42946.28828786739, 52268.965251686976
3266.0019998550415, 42946.28828786739, 52268.422424361
3266.016000032425, 42946.28828786739, 52268.18828244544
3266.0220000743866, 42946.28828786739, 52268.18828244544
3266.0220000743866, 42946.28828786739, 52268.18828244544
3266.0339999198914, 42946.28828786739, 52268.18828244544
3266.0339999198914, 42946.28828786739, 52268.18828244544
3266.0520000457764, 42946.28828786739, 52268.18828244544
3266.053999900818, 42946.28828786739, 52268.18828244544
3266.065999984741, 42946.28828786739, 52268.18828244544
3272.007999897003, 42946.28828786739, 52267.613183668436
3272.0149998664856, 42946.28828786739, 52267.613183668436
3272.0220000743866, 42946.28828786739, 52267.349842471216
3272.024999856949, 42946.28828786739, 52267.13756690662
3272.0360000133514, 42946.28828786739, 52267.13756690662
3272.039999961853, 42946.28828786739, 52266.95286090052
3272.039999961853, 42946.28828786739, 52266.75124180109
3272.039999961853, 42946.28828786739, 52266.0541231482
3278.391000032425, 42946.28828786739, 52266.0541231482
3278.399999856949, 42946.28828786739, 52266.0541231482
3278.401999950409, 42946.28828786739, 52265.81783664848
3278.4140000343323, 42946.28828786739, 52265.81783664848
3278.4210000038147, 42946.28828786739, 52265.81783664848
3278.430999994278, 42946.28828786739, 52265.792790448
3278.434000015259, 42946.28828786739, 52265.792790448
3278.434000015259, 42946.28828786739, 52265.64033159504
3278.434000015259, 42946.28828786739, 52265.64033159504
3278.4500000476837, 42946.28828786739, 52265.64033159504
3278.4539999961853, 42946.28828786739, 52265.64033159504
3278.4539999961853, 42946.28828786739, 52264.95649456753
3285.2200000286102, 42946.28828786739, 52264.752958134915
3285.2309999465942, 42946.28828786739, 52264.752958134915
3285.231999874115, 42946.28828786739, 52264.752958134915
3285.231999874115, 42946.28828786739, 52264.752958134915
3285.231999874115, 42946.28828786739, 52264.752958134915
3285.2490000724792, 42946.28828786739, 52264.64524652092
3285.263000011444, 42946.28828786739, 52264.4212141034
3285.2690000534058, 42946.28828786739, 52263.755568092805
3291.8799998760223, 42946.28828786739, 52263.755568092805
3291.8940000534058, 42946.28828786739, 52263.755568092805
3291.8980000019073, 42946.28828786739, 52263.755568092805
3291.898999929428, 42946.28828786739, 52263.755568092805
3291.898999929428, 42946.28828786739, 52263.530314488635
3291.915999889374, 42946.28828786739, 52263.530314488635
3291.915999889374, 42946.28828786739, 52263.530314488635
3291.915999889374, 42946.28828786739, 52263.530314488635
3298.016000032425, 42946.28828786739, 52262.5190129968
3298.016000032425, 42946.28828786739, 52262.5190129968
3298.029000043869, 42946.28828786739, 52262.5190129968
3298.037999868393, 42946.28828786739, 52262.5190129968
3298.037999868393, 42946.28828786739, 52262.5190129968
3298.053999900818, 42946.28828786739, 52262.5190129968
3298.053999900818, 42946.28828786739, 52262.4957968883
3298.065999984741, 42946.28828786739, 52262.4957968883
3304.6299998760223, 42946.28828786739, 52262.4957968883
3304.6299998760223, 42946.28828786739, 52261.997112386896
3304.6529998779297, 42946.28828786739, 52261.997112386896
3304.665999889374, 42946.28828786739, 52261.75883645184
3304.6770000457764, 42946.28828786739, 52261.75883645184
3304.677999973297, 42946.28828786739, 52261.75883645184
3304.677999973297, 42946.28828786739, 52261.75883645184
3304.694999933243, 42946.28828786739, 52261.75883645184
3311.1399998664856, 42946.28828786739, 52261.75883645184
3311.154000043869, 42946.28828786739, 52261.75883645184
3311.159999847412, 42946.28828786739, 52261.75883645184
3311.164999961853, 42946.28828786739, 52261.75883645184
3311.164999961853, 42946.28828786739, 52261.75883645184
3311.175999879837, 42946.28828786739, 52261.75883645184
3311.175999879837, 42946.28828786739, 52261.75883645184
3311.175999879837, 42946.28828786739, 52261.75883645184
3311.191999912262, 42946.28828786739, 52261.75883645184
3311.191999912262, 42946.28828786739, 52261.75883645184
3311.191999912262, 42946.28828786739, 52261.75883645184
3311.191999912262, 42946.28828786739, 52261.75883645184
3317.5220000743866, 42946.28828786739, 52261.75883645184
3317.5360000133514, 42946.28828786739, 52261.75883645184
3317.542999982834, 42946.28828786739, 52261.75883645184
3317.542999982834, 42946.28828786739, 52261.75883645184
3317.5569999217987, 42946.28828786739, 52261.75883645184
3317.5579998493195, 42946.28828786739, 52261.75883645184
3317.5729999542236, 42946.28828786739, 52261.75883645184
3317.5759999752045, 42946.28828786739, 52261.75883645184
3317.5759999752045, 42946.28828786739, 52261.75883645184
3323.4110000133514, 42946.28828786739, 52261.34407858049
3323.420000076294, 42946.28828786739, 52261.34407858049
3323.425999879837, 42946.28828786739, 52261.34407858049
3323.4270000457764, 42946.28828786739, 52261.34407858049
3323.4270000457764, 42946.28828786739, 52261.34407858049
3323.444000005722, 42946.28828786739, 52261.34407858049
3323.4479999542236, 42946.28828786739, 52259.172837502745
3323.460000038147, 42946.28828786739, 52259.172837502745
3323.4619998931885, 42946.28828786739, 52258.10909903745
3330.2490000724792, 42946.28828786739, 52258.10909903745
3330.2619998455048, 42946.28828786739, 52257.95729949678
3330.2709999084473, 42946.28828786739, 52257.95729949678
3330.2779998779297, 42946.28828786739, 52257.93991436334
3336.6900000572205, 42946.28828786739, 52257.50911048112
3336.701999902725, 42946.28828786739, 52257.50911048112
3336.7089998722076, 42946.28828786739, 52257.50911048112
3336.7089998722076, 42946.28828786739, 52257.50911048112
3336.7269999980927, 42946.28828786739, 52257.50911048112
3336.7269999980927, 42946.28828786739, 52257.50911048112
3336.7269999980927, 42946.28828786739, 52257.50911048112
3336.7269999980927, 42946.28828786739, 52257.50911048112
3343.6319999694824, 42946.28828786739, 52257.50911048112
3343.6399998664856, 42946.28828786739, 52257.50911048112
3343.6480000019073, 42946.28828786739, 52256.607833725524
3349.888999938965, 42946.28828786739, 52255.09697689506
3349.8970000743866, 42946.28828786739, 52254.99770134656
3349.9029998779297, 42946.28828786739, 52254.83958840769
3349.9089999198914, 42946.28828786739, 52254.83958840769
3349.917000055313, 42946.28828786739, 52254.83958840769
3349.922999858856, 42946.28828786739, 52254.64157276806
3349.9270000457764, 42946.28828786739, 52254.64157276806
3356.343999862671, 42946.28828786739, 52254.377322811895
3356.343999862671, 42946.28828786739, 52254.377322811895
3356.3629999160767, 42946.28828786739, 52254.377322811895
3356.3710000514984, 42946.28828786739, 52253.9131642246
3356.378000020981, 42946.28828786739, 52253.39726546302
3356.3789999485016, 42946.28828786739, 52253.39726546302
3356.388000011444, 42946.28828786739, 52253.39726546302
3356.3949999809265, 42946.28828786739, 52253.39726546302
3356.3970000743866, 42946.28828786739, 52253.05383667676
3356.404000043869, 42946.28828786739, 52252.61533780695
3363.1770000457764, 42946.28828786739, 52252.61533780695
3363.1879999637604, 42946.28828786739, 52252.391163559805
3363.194000005722, 42946.28828786739, 52252.391163559805
3363.2030000686646, 42946.28828786739, 52252.33949125808
3363.204999923706, 42946.28828786739, 52252.33949125808
3363.204999923706, 42946.28828786739, 52252.33949125808
3363.218999862671, 42946.28828786739, 52252.33949125808
3363.218999862671, 42946.28828786739, 52252.33949125808
3363.218999862671, 42946.28828786739, 52252.33949125808
3369.6719999313354, 42946.28828786739, 52252.33949125808
3369.6859998703003, 42946.28828786739, 52252.33949125808
3369.694999933243, 42946.28828786739, 52252.33949125808
3369.7000000476837, 42946.28828786739, 52252.33949125808
3369.7109999656677, 42946.28828786739, 52252.33949125808
3369.7200000286102, 42946.28828786739, 52251.53998085221
3369.720999956131, 42946.28828786739, 52251.53998085221
3369.7279999256134, 42946.28828786739, 52251.53998085221
3369.7279999256134, 42946.28828786739, 52251.53998085221
3369.7279999256134, 42946.28828786739, 52251.53998085221
3369.7279999256134, 42946.28828786739, 52251.53998085221
3375.922999858856, 42946.28828786739, 52251.53998085221
3375.927999973297, 42946.28828786739, 52251.070097516786
3375.9359998703003, 42946.28828786739, 52251.0454896402
3375.9479999542236, 42946.28828786739, 52251.0454896402
3375.9509999752045, 42946.28828786739, 52251.0454896402
3375.9509999752045, 42946.28828786739, 52250.08115164987
3382.6169998645782, 42946.28828786739, 52249.776990491984
3382.6289999485016, 42946.28828786739, 52249.776990491984
3382.6340000629425, 42946.28828786739, 52249.745780496676
3382.6369998455048, 42946.28828786739, 52249.69996199457
3382.6449999809265, 42946.28828786739, 52249.69996199457
3389.4240000247955, 42946.28828786739, 52249.197285425944
3389.4270000457764, 42946.28828786739, 52249.197285425944
3389.438999891281, 42946.28828786739, 52249.197285425944
3389.444000005722, 42946.28828786739, 52249.197285425944
3389.447000026703, 42946.28828786739, 52249.08377247556
3389.4539999961853, 42946.28828786739, 52249.08377247556
3389.4539999961853, 42946.28828786739, 52249.08377247556
3389.4639999866486, 42946.28828786739, 52249.08377247556
3389.4639999866486, 42946.28828786739, 52249.08377247556
3389.4639999866486, 42946.28828786739, 52249.08377247556
3389.4639999866486, 42946.28828786739, 52249.08377247556
3396.356999874115, 42946.28828786739, 52248.11678364327
3396.3659999370575, 42946.28828786739, 52248.11678364327
3396.3680000305176, 42946.28828786739, 52248.11678364327
3396.3680000305176, 42946.28828786739, 52248.04881242666
3396.3810000419617, 42946.28828786739, 52247.836674459875
3396.382999897003, 42946.28828786739, 52247.836674459875
3396.382999897003, 42946.28828786739, 52247.201294732535
3396.382999897003, 42946.28828786739, 52247.201294732535
3402.628000020981, 42946.28828786739, 52247.201294732535
3402.628000020981, 42946.28828786739, 52247.201294732535
3409.191999912262, 42946.28828786739, 52247.201294732535
3409.2009999752045, 42946.28828786739, 52247.201294732535
3409.2089998722076, 42946.28828786739, 52247.201294732535
3409.213000059128, 42946.28828786739, 52246.042298922315
3409.213000059128, 42946.28828786739, 52246.042298922315
3409.2269999980927, 42946.28828786739, 52246.042298922315
3409.2269999980927, 42946.28828786739, 52246.042298922315
3414.901999950409, 42946.28828786739, 52246.042298922315
3414.9110000133514, 42946.28828786739, 52246.042298922315
3414.920000076294, 42946.28828786739, 52246.042298922315
3414.928999900818, 42946.28828786739, 52246.042298922315
3414.930999994278, 42946.28828786739, 52246.042298922315
3414.944999933243, 42946.28828786739, 52246.042298922315
3414.944999933243, 42946.28828786739, 52246.042298922315
3414.955999851227, 42946.28828786739, 52246.042298922315
3421.295000076294, 42946.28828786739, 52246.042298922315
3421.300999879837, 42946.28828786739, 52246.042298922315
3421.300999879837, 42946.28828786739, 52246.042298922315
3421.3229999542236, 42946.28828786739, 52246.042298922315
3421.3239998817444, 42946.28828786739, 52245.381544462325
3421.332999944687, 42946.28828786739, 52245.381544462325
3421.3389999866486, 42946.28828786739, 52245.381544462325
3421.3389999866486, 42946.28828786739, 52245.381544462325
3428.1059999465942, 42946.28828786739, 52245.381544462325
3428.1180000305176, 42946.28828786739, 52244.89076667908
3428.1289999485016, 42946.28828786739, 52244.89076667908
3428.1289999485016, 42946.28828786739, 52244.89076667908
3428.1399998664856, 42946.28828786739, 52244.85319050293
3428.141000032425, 42946.28828786739, 52244.85319050293
3428.141000032425, 42946.28828786739, 52244.85319050293
3428.141000032425, 42946.28828786739, 52244.85319050293
3428.1559998989105, 42946.28828786739, 52244.85319050293
3434.478999853134, 42946.28828786739, 52244.670789398995
3434.4800000190735, 42946.28828786739, 52244.670789398995
3434.49799990654, 42946.28828786739, 52244.670789398995
3434.5039999485016, 42946.28828786739, 52244.670789398995
3434.5099999904633, 42946.28828786739, 52244.670789398995
3434.516000032425, 42946.28828786739, 52244.670789398995
3434.5230000019073, 42946.28828786739, 52244.670789398995
3440.7000000476837, 42946.28828786739, 52243.5145849558
3440.710000038147, 42946.28828786739, 52243.5145849558
3440.71799993515, 42946.28828786739, 52243.5145849558
3440.7269999980927, 42946.28828786739, 52243.46687732426
3440.7309999465942, 42946.28828786739, 52243.46687732426
3440.7309999465942, 42946.28828786739, 52243.46687732426
3440.7419998645782, 42946.28828786739, 52243.46687732426
3440.7419998645782, 42946.28828786739, 52243.46687732426
3440.757999897003, 42946.28828786739, 52243.46687732426
3440.760999917984, 42946.28828786739, 52243.46687732426
3440.763000011444, 42946.28828786739, 52243.46687732426
3440.763000011444, 42946.28828786739, 52243.46687732426
3440.776000022888, 42946.28828786739, 52243.46687732426
3440.776000022888, 42946.28828786739, 52243.46687732426
3440.776000022888, 42946.28828786739, 52243.46687732426
3447.2799999713898, 42946.28828786739, 52243.46687732426
3447.284999847412, 42946.28828786739, 52243.46687732426
3447.292000055313, 42946.28828786739, 52243.46687732426
3447.297999858856, 42946.28828786739, 52242.45779634956
3447.305000066757, 42946.28828786739, 52242.45779634956
3447.3109998703003, 42946.28828786739, 52242.45779634956
3447.3109998703003, 42946.28828786739, 52241.96114812592
3453.3659999370575, 42946.28828786739, 52241.96114812592
3453.37299990654, 42946.28828786739, 52241.59283024397
3453.3810000419617, 42946.28828786739, 52241.33902215884
3453.391000032425, 42946.28828786739, 52241.33902215884
3453.391000032425, 42946.28828786739, 52241.33902215884
3453.40700006485, 42946.28828786739, 52241.33902215884
3453.4079999923706, 42946.28828786739, 52241.33902215884
3453.4079999923706, 42946.28828786739, 52241.33902215884
3453.4219999313354, 42946.28828786739, 52241.26696656367
3453.425999879837, 42946.28828786739, 52240.10614856937
3453.425999879837, 42946.28828786739, 52240.10614856937
3459.904000043869, 42946.28828786739, 52240.07326379245
3459.909999847412, 42946.28828786739, 52239.84742323012
3459.914999961853, 42946.28828786739, 52239.84742323012
3459.920000076294, 42946.28828786739, 52239.84742323012
3459.925999879837, 42946.28828786739, 52239.84742323012
3459.9270000457764, 42946.28828786739, 52239.84742323012
3459.9270000457764, 42946.28828786739, 52239.84649538302
3459.9270000457764, 42946.28828786739, 52239.84649538302
3459.938999891281, 42946.28828786739, 52239.84649538302
3459.944999933243, 42946.28828786739, 52239.705911104225
3466.563999891281, 42946.28828786739, 52239.66976726369
3466.572000026703, 42946.28828786739, 52239.66976726369
3466.5869998931885, 42946.28828786739, 52239.66976726369
3466.5950000286102, 42946.28828786739, 52239.66976726369
3466.6059999465942, 42946.28828786739, 52239.66976726369
3466.611000061035, 42946.28828786739, 52239.66976726369
3466.611000061035, 42946.28828786739, 52239.66976726369
3466.611000061035, 42946.28828786739, 52239.66976726369
3473.0729999542236, 42946.28828786739, 52239.42992759959
3473.079999923706, 42946.28828786739, 52239.42992759959
3473.079999923706, 42946.28828786739, 52239.26882072653
3473.088000059128, 42946.28828786739, 52239.26882072653
3473.095999956131, 42946.28828786739, 52239.26882072653
3473.1059999465942, 42946.28828786739, 52239.26882072653
3473.109999895096, 42946.28828786739, 52238.890818347914
3473.109999895096, 42946.28828786739, 52238.890818347914
3473.125, 42946.28828786739, 52238.80840379085
3479.6749999523163, 42946.28828786739, 52238.29483171903
3479.691999912262, 42946.28828786739, 52237.56682679806
3479.691999912262, 42946.28828786739, 52237.56682679806
3479.713000059128, 42946.28828786739, 52237.56682679806
3485.6129999160767, 42946.28828786739, 52237.51543909435
3485.621999979019, 42946.28828786739, 52237.51543909435
3485.6369998455048, 42946.28828786739, 52237.51543909435
3485.638999938965, 42946.28828786739, 52237.51543909435
3485.638999938965, 42946.28828786739, 52237.51543909435
3485.6610000133514, 42946.28828786739, 52237.51543909435
3492.2699999809265, 42946.28828786739, 52237.51543909435
3492.2779998779297, 42946.28828786739, 52237.51543909435
3492.286999940872, 42946.28828786739, 52237.288221857765
3492.292999982834, 42946.28828786739, 52237.288221857765
3492.2999999523163, 42946.28828786739, 52237.288221857765
3492.2999999523163, 42946.28828786739, 52237.15785244354
3492.2999999523163, 42946.28828786739, 52237.15785244354
3492.315999984741, 42946.28828786739, 52235.98041042774
3499.24799990654, 42946.28828786739, 52235.736580222074
3499.2509999275208, 42946.28828786739, 52235.484061116724
3499.2509999275208, 42946.28828786739, 52235.484061116724
3505.069000005722, 42946.28828786739, 52235.484061116724
3505.069000005722, 42946.28828786739, 52235.484061116724
3505.0859999656677, 42946.28828786739, 52234.81875279233
3505.0889999866486, 42946.28828786739, 52234.81875279233
3505.09299993515, 42946.28828786739, 52234.81875279233
3505.1019999980927, 42946.28828786739, 52234.81875279233
3505.1050000190735, 42946.28828786739, 52234.81875279233
3512.1019999980927, 42946.28828786739, 52234.81875279233
3512.119999885559, 42946.28828786739, 52233.09795285755
3512.121999979019, 42946.28828786739, 52233.09795285755
3512.121999979019, 42946.28828786739, 52233.09795285755
3512.121999979019, 42946.28828786739, 52233.09795285755
3518.292000055313, 42946.28828786739, 52232.784562942536
3518.2969999313354, 42946.28828786739, 52232.784562942536
3518.302999973297, 42946.28828786739, 52232.784562942536
3518.3099999427795, 42946.28828786739, 52232.784562942536
3518.316999912262, 42946.28828786739, 52232.784562942536
3518.3209998607635, 42946.28828786739, 52232.784562942536
3518.3280000686646, 42946.28828786739, 52232.012876796194
3518.335000038147, 42946.28828786739, 52232.012876796194
3518.335000038147, 42946.28828786739, 52232.012876796194
3518.3450000286102, 42946.28828786739, 52232.012876796194
3518.353999853134, 42946.28828786739, 52232.012876796194
3525.095999956131, 42946.28828786739, 52232.012876796194
3525.1029999256134, 42946.28828786739, 52232.012876796194
3525.111999988556, 42946.28828786739, 52232.012876796194
3525.1240000724792, 42946.28828786739, 52232.012876796194
3525.132999897003, 42946.28828786739, 52232.012876796194
3525.132999897003, 42946.28828786739, 52232.012876796194
3525.132999897003, 42946.28828786739, 52232.012876796194
3525.1470000743866, 42946.28828786739, 52232.012876796194
3525.1470000743866, 42946.28828786739, 52232.012876796194
3525.1470000743866, 42946.28828786739, 52232.012876796194
3525.165999889374, 42946.28828786739, 52232.012876796194
3525.165999889374, 42946.28828786739, 52232.012876796194
3525.165999889374, 42946.28828786739, 52232.012876796194
3525.165999889374, 42946.28828786739, 52232.012876796194
3525.1829998493195, 42946.28828786739, 52232.012876796194
3525.1829998493195, 42946.28828786739, 52231.42347383502
3531.728999853134, 42946.28828786739, 52230.6347689077
3531.728999853134, 42946.28828786739, 52230.6347689077
3531.7400000095367, 42946.28828786739, 52230.6347689077
3531.7490000724792, 42946.28828786739, 52230.6347689077
3531.7590000629425, 42946.28828786739, 52230.6347689077
3531.766000032425, 42946.28828786739, 52230.6347689077
3531.774999856949, 42946.28828786739, 52230.6347689077
3531.7779998779297, 42946.28828786739, 52230.6347689077
3539.928999900818, 42946.28828786739, 52229.35425674661
3539.9329998493195, 42946.28828786739, 52229.35425674661
3539.9359998703003, 42946.28828786739, 52229.35425674661
3539.9400000572205, 42946.28828786739, 52229.35425674661
3539.9459998607635, 42946.28828786739, 52229.35425674661
3539.9489998817444, 42946.28828786739, 52229.35425674661
3539.9489998817444, 42946.28828786739, 52229.35425674661
3539.96799993515, 42946.28828786739, 52229.35425674661
3549.343999862671, 42946.28828786739, 52229.35425674661
3549.343999862671, 42946.28828786739, 52229.35425674661
3549.3650000095367, 42946.28828786739, 52229.35425674661
3555.5869998931885, 42946.28828786739, 52229.04220816742
3555.595999956131, 42946.28828786739, 52228.72080319774
3555.603999853134, 42946.28828786739, 52228.72080319774
3562.3980000019073, 42946.28828786739, 52228.72080319774
3562.4089999198914, 42946.28828786739, 52228.72080319774
3562.415999889374, 42946.28828786739, 52228.72080319774
3562.430999994278, 42946.28828786739, 52228.72080319774
3562.430999994278, 42946.28828786739, 52228.72080319774
3562.4500000476837, 42946.28828786739, 52228.71963747903
3569.188999891281, 42946.28828786739, 52228.71963747903
3569.1979999542236, 42946.28828786739, 52228.71963747903
3569.207999944687, 42946.28828786739, 52228.71963747903
3569.2170000076294, 42946.28828786739, 52228.71963747903
3576.170000076294, 42946.28828786739, 52228.5042818317
3576.180000066757, 42946.28828786739, 52228.169685756984
3582.6310000419617, 42946.28828786739, 52227.38380866698
3582.6429998874664, 42946.28828786739, 52227.38380866698
3582.6610000133514, 42946.28828786739, 52227.38380866698
3589.503000020981, 42946.28828786739, 52227.38380866698
3589.513999938965, 42946.28828786739, 52227.38380866698
3589.5209999084473, 42946.28828786739, 52227.38380866698
3589.534999847412, 42946.28828786739, 52227.38380866698
3589.547999858856, 42946.28828786739, 52227.38380866698
3589.547999858856, 42946.28828786739, 52227.38380866698
3596.2170000076294, 42946.28828786739, 52227.246069436085
3596.2170000076294, 42946.28828786739, 52227.246069436085
3596.2170000076294, 42946.28828786739, 52227.246069436085
3596.231999874115, 42946.28828786739, 52227.246069436085
3596.236000061035, 42946.28828786739, 52227.246069436085
3596.2419998645782, 42946.28828786739, 52227.246069436085
3596.2490000724792, 42946.28828786739, 52227.246069436085
3596.2539999485016, 42946.28828786739, 52227.246069436085
3596.2539999485016, 42946.28828786739, 52227.246069436085
3596.2679998874664, 42946.28828786739, 52227.246069436085
3596.2699999809265, 42946.28828786739, 52226.920948097686
3600.0169999599457, 42946.28828786739, 52226.920948097686
3600.026000022888, 42946.28828786739, 52225.23387206505
3600.093999862671, 42946.28828786739, 52224.287320925825
