<?xml version="1.0" encoding="UTF-8"?>
<gpx xmlns:xsi="http://www.w3.org/2001/XMLSchema-instance" xsi:schemaLocation="http://www.topografix.com/GPX/1/1 http://www.topografix.com/GPX/1/1/gpx.xsd" creator="StravaGPX" version="1.1" xmlns="http://www.topografix.com/GPX/1/1">
 <metadata>
  <time>2024-07-27T10:07:04Z</time>
 </metadata>
 <trk>
  <name>i’m retiring</name>
  <type>running</type>
  <trkseg>
   <trkpt lat="43.6477750" lon="-79.3909220">
    <ele>87.7</ele>
    <time>2024-07-27T10:07:04Z</time>
   </trkpt>
   <trkpt lat="43.6477750" lon="-79.3909220">
    <ele>87.7</ele>
    <time>2024-07-27T10:07:05Z</time>
   </trkpt>
   <trkpt lat="43.6477650" lon="-79.3909070">
    <ele>87.7</ele>
    <time>2024-07-27T10:07:06Z</time>
   </trkpt>
   <trkpt lat="43.6504170" lon="-79.3896400">
    <ele>91.7</ele>
    <time>2024-07-27T10:07:07Z</time>
   </trkpt>
   <trkpt lat="43.6476210" lon="-79.3905990">
    <ele>87.2</ele>
    <time>2024-07-27T10:07:08Z</time>
   </trkpt>
   <trkpt lat="43.6476230" lon="-79.3906240">
    <ele>87.1</ele>
    <time>2024-07-27T10:07:09Z</time>
   </trkpt>
   <trkpt lat="43.6476260" lon="-79.3906490">
    <ele>87.1</ele>
    <time>2024-07-27T10:07:10Z</time>
   </trkpt>
   <trkpt lat="43.6476280" lon="-79.3906740">
    <ele>87.1</ele>
    <time>2024-07-27T10:07:11Z</time>
   </trkpt>
   <trkpt lat="43.6476310" lon="-79.3906990">
    <ele>87.2</ele>
    <time>2024-07-27T10:07:12Z</time>
   </trkpt>
   <trkpt lat="43.6476330" lon="-79.3907240">
    <ele>87.2</ele>
    <time>2024-07-27T10:07:13Z</time>
   </trkpt>
   <trkpt lat="43.6476350" lon="-79.3907490">
    <ele>87.1</ele>
    <time>2024-07-27T10:07:14Z</time>
   </trkpt>
   <trkpt lat="43.6476620" lon="-79.3907470">
    <ele>87.2</ele>
    <time>2024-07-27T10:07:15Z</time>
   </trkpt>
   <trkpt lat="43.6476880" lon="-79.3907450">
    <ele>87.2</ele>
    <time>2024-07-27T10:07:16Z</time>
   </trkpt>
   <trkpt lat="43.6477220" lon="-79.3907720">
    <ele>87.3</ele>
    <time>2024-07-27T10:07:17Z</time>
   </trkpt>
   <trkpt lat="43.6477330" lon="-79.3907830">
    <ele>87.3</ele>
    <time>2024-07-27T10:07:18Z</time>
   </trkpt>
   <trkpt lat="43.6477610" lon="-79.3908140">
    <ele>87.3</ele>
    <time>2024-07-27T10:07:19Z</time>
   </trkpt>
   <trkpt lat="43.6477740" lon="-79.3908470">
    <ele>87.3</ele>
    <time>2024-07-27T10:07:20Z</time>
   </trkpt>
   <trkpt lat="43.6477840" lon="-79.3908460">
    <ele>87.3</ele>
    <time>2024-07-27T10:07:21Z</time>
   </trkpt>
   <trkpt lat="43.6477940" lon="-79.3908440">
    <ele>87.2</ele>
    <time>2024-07-27T10:07:22Z</time>
   </trkpt>
   <trkpt lat="43.6480650" lon="-79.3906790">
    <ele>87.1</ele>
    <time>2024-07-27T10:07:23Z</time>
   </trkpt>
   <trkpt lat="43.6481110" lon="-79.3906140">
    <ele>87.3</ele>
    <time>2024-07-27T10:07:24Z</time>
   </trkpt>
   <trkpt lat="43.6481950" lon="-79.3905200">
    <ele>87.8</ele>
    <time>2024-07-27T10:07:25Z</time>
   </trkpt>
   <trkpt lat="43.6481480" lon="-79.3904920">
    <ele>87.7</ele>
    <time>2024-07-27T10:07:26Z</time>
   </trkpt>
   <trkpt lat="43.6482370" lon="-79.3904260">
    <ele>88.0</ele>
    <time>2024-07-27T10:07:27Z</time>
   </trkpt>
   <trkpt lat="43.6482520" lon="-79.3903800">
    <ele>88.1</ele>
    <time>2024-07-27T10:07:28Z</time>
   </trkpt>
   <trkpt lat="43.6482660" lon="-79.3903240">
    <ele>88.0</ele>
    <time>2024-07-27T10:07:29Z</time>
   </trkpt>
   <trkpt lat="43.6482850" lon="-79.3902610">
    <ele>88.0</ele>
    <time>2024-07-27T10:07:30Z</time>
   </trkpt>
   <trkpt lat="43.6483060" lon="-79.3901730">
    <ele>87.9</ele>
    <time>2024-07-27T10:07:31Z</time>
   </trkpt>
   <trkpt lat="43.6483290" lon="-79.3900730">
    <ele>87.9</ele>
    <time>2024-07-27T10:07:32Z</time>
   </trkpt>
   <trkpt lat="43.6482800" lon="-79.3897460">
    <ele>87.9</ele>
    <time>2024-07-27T10:07:33Z</time>
   </trkpt>
   <trkpt lat="43.6481700" lon="-79.3896640">
    <ele>87.8</ele>
    <time>2024-07-27T10:07:34Z</time>
   </trkpt>
   <trkpt lat="43.6481360" lon="-79.3898500">
    <ele>87.7</ele>
    <time>2024-07-27T10:07:35Z</time>
   </trkpt>
   <trkpt lat="43.6481380" lon="-79.3897900">
    <ele>87.7</ele>
    <time>2024-07-27T10:07:36Z</time>
   </trkpt>
   <trkpt lat="43.6481590" lon="-79.3897480">
    <ele>87.7</ele>
    <time>2024-07-27T10:07:37Z</time>
   </trkpt>
   <trkpt lat="43.6481350" lon="-79.3896970">
    <ele>87.7</ele>
    <time>2024-07-27T10:07:38Z</time>
   </trkpt>
   <trkpt lat="43.6481530" lon="-79.3896340">
    <ele>87.6</ele>
    <time>2024-07-27T10:07:39Z</time>
   </trkpt>
   <trkpt lat="43.6481600" lon="-79.3895880">
    <ele>87.6</ele>
    <time>2024-07-27T10:07:40Z</time>
   </trkpt>
   <trkpt lat="43.6481590" lon="-79.3895730">
    <ele>87.6</ele>
    <time>2024-07-27T10:07:41Z</time>
   </trkpt>
   <trkpt lat="43.6481740" lon="-79.3895230">
    <ele>87.6</ele>
    <time>2024-07-27T10:07:42Z</time>
   </trkpt>
   <trkpt lat="43.6481850" lon="-79.3895080">
    <ele>87.6</ele>
    <time>2024-07-27T10:07:43Z</time>
   </trkpt>
   <trkpt lat="43.6481910" lon="-79.3894660">
    <ele>87.6</ele>
    <time>2024-07-27T10:07:44Z</time>
   </trkpt>
   <trkpt lat="43.6482130" lon="-79.3894440">
    <ele>87.6</ele>
    <time>2024-07-27T10:07:45Z</time>
   </trkpt>
   <trkpt lat="43.6482250" lon="-79.3894140">
    <ele>87.6</ele>
    <time>2024-07-27T10:07:46Z</time>
   </trkpt>
   <trkpt lat="43.6482330" lon="-79.3894010">
    <ele>87.6</ele>
    <time>2024-07-27T10:07:47Z</time>
   </trkpt>
   <trkpt lat="43.6482400" lon="-79.3893520">
    <ele>87.6</ele>
    <time>2024-07-27T10:07:48Z</time>
   </trkpt>
   <trkpt lat="43.6482430" lon="-79.3893240">
    <ele>87.6</ele>
    <time>2024-07-27T10:07:49Z</time>
   </trkpt>
   <trkpt lat="43.6482450" lon="-79.3892110">
    <ele>87.6</ele>
    <time>2024-07-27T10:07:50Z</time>
   </trkpt>
   <trkpt lat="43.6482440" lon="-79.3891480">
    <ele>87.6</ele>
    <time>2024-07-27T10:07:51Z</time>
   </trkpt>
   <trkpt lat="43.6482530" lon="-79.3891150">
    <ele>87.6</ele>
    <time>2024-07-27T10:07:52Z</time>
   </trkpt>
   <trkpt lat="43.6482540" lon="-79.3890930">
    <ele>87.6</ele>
    <time>2024-07-27T10:07:53Z</time>
   </trkpt>
   <trkpt lat="43.6482480" lon="-79.3890380">
    <ele>87.6</ele>
    <time>2024-07-27T10:07:54Z</time>
   </trkpt>
   <trkpt lat="43.6482520" lon="-79.3889970">
    <ele>87.6</ele>
    <time>2024-07-27T10:07:55Z</time>
   </trkpt>
   <trkpt lat="43.6482440" lon="-79.3889120">
    <ele>87.6</ele>
    <time>2024-07-27T10:07:56Z</time>
   </trkpt>
   <trkpt lat="43.6482430" lon="-79.3888600">
    <ele>87.6</ele>
    <time>2024-07-27T10:07:57Z</time>
   </trkpt>
   <trkpt lat="43.6482460" lon="-79.3888370">
    <ele>87.6</ele>
    <time>2024-07-27T10:07:58Z</time>
   </trkpt>
   <trkpt lat="43.6482400" lon="-79.3887960">
    <ele>87.6</ele>
    <time>2024-07-27T10:07:59Z</time>
   </trkpt>
   <trkpt lat="43.6482240" lon="-79.3887610">
    <ele>87.6</ele>
    <time>2024-07-27T10:08:00Z</time>
   </trkpt>
   <trkpt lat="43.6482220" lon="-79.3887120">
    <ele>87.6</ele>
    <time>2024-07-27T10:08:01Z</time>
   </trkpt>
   <trkpt lat="43.6482170" lon="-79.3886530">
    <ele>87.6</ele>
    <time>2024-07-27T10:08:02Z</time>
   </trkpt>
   <trkpt lat="43.6482350" lon="-79.3886060">
    <ele>87.6</ele>
    <time>2024-07-27T10:08:03Z</time>
   </trkpt>
   <trkpt lat="43.6482100" lon="-79.3885870">
    <ele>87.6</ele>
    <time>2024-07-27T10:08:04Z</time>
   </trkpt>
   <trkpt lat="43.6482060" lon="-79.3885750">
    <ele>87.6</ele>
    <time>2024-07-27T10:08:05Z</time>
   </trkpt>
   <trkpt lat="43.6482130" lon="-79.3885730">
    <ele>87.6</ele>
    <time>2024-07-27T10:08:06Z</time>
   </trkpt>
   <trkpt lat="43.6482040" lon="-79.3885590">
    <ele>87.6</ele>
    <time>2024-07-27T10:08:07Z</time>
   </trkpt>
   <trkpt lat="43.6482010" lon="-79.3885280">
    <ele>87.6</ele>
    <time>2024-07-27T10:08:08Z</time>
   </trkpt>
   <trkpt lat="43.6482030" lon="-79.3885090">
    <ele>87.6</ele>
    <time>2024-07-27T10:08:09Z</time>
   </trkpt>
   <trkpt lat="43.6482040" lon="-79.3884890">
    <ele>87.6</ele>
    <time>2024-07-27T10:08:10Z</time>
   </trkpt>
   <trkpt lat="43.6481930" lon="-79.3884460">
    <ele>87.6</ele>
    <time>2024-07-27T10:08:11Z</time>
   </trkpt>
   <trkpt lat="43.6481910" lon="-79.3884300">
    <ele>87.6</ele>
    <time>2024-07-27T10:08:12Z</time>
   </trkpt>
   <trkpt lat="43.6481850" lon="-79.3883760">
    <ele>87.6</ele>
    <time>2024-07-27T10:08:13Z</time>
   </trkpt>
   <trkpt lat="43.6481850" lon="-79.3883510">
    <ele>87.6</ele>
    <time>2024-07-27T10:08:14Z</time>
   </trkpt>
   <trkpt lat="43.6481790" lon="-79.3883070">
    <ele>87.6</ele>
    <time>2024-07-27T10:08:15Z</time>
   </trkpt>
   <trkpt lat="43.6481770" lon="-79.3882930">
    <ele>87.6</ele>
    <time>2024-07-27T10:08:16Z</time>
   </trkpt>
   <trkpt lat="43.6481790" lon="-79.3882550">
    <ele>87.6</ele>
    <time>2024-07-27T10:08:17Z</time>
   </trkpt>
   <trkpt lat="43.6481870" lon="-79.3882030">
    <ele>87.6</ele>
    <time>2024-07-27T10:08:18Z</time>
   </trkpt>
   <trkpt lat="43.6481960" lon="-79.3881800">
    <ele>87.6</ele>
    <time>2024-07-27T10:08:19Z</time>
   </trkpt>
   <trkpt lat="43.6482140" lon="-79.3881500">
    <ele>87.6</ele>
    <time>2024-07-27T10:08:20Z</time>
   </trkpt>
   <trkpt lat="43.6482440" lon="-79.3880940">
    <ele>87.6</ele>
    <time>2024-07-27T10:08:21Z</time>
   </trkpt>
   <trkpt lat="43.6482500" lon="-79.3880460">
    <ele>87.6</ele>
    <time>2024-07-27T10:08:22Z</time>
   </trkpt>
   <trkpt lat="43.6482440" lon="-79.3880040">
    <ele>87.7</ele>
    <time>2024-07-27T10:08:23Z</time>
   </trkpt>
   <trkpt lat="43.6482560" lon="-79.3879520">
    <ele>87.7</ele>
    <time>2024-07-27T10:08:24Z</time>
   </trkpt>
   <trkpt lat="43.6482590" lon="-79.3879010">
    <ele>87.7</ele>
    <time>2024-07-27T10:08:25Z</time>
   </trkpt>
   <trkpt lat="43.6482700" lon="-79.3878700">
    <ele>87.7</ele>
    <time>2024-07-27T10:08:26Z</time>
   </trkpt>
   <trkpt lat="43.6482680" lon="-79.3878220">
    <ele>87.7</ele>
    <time>2024-07-27T10:08:27Z</time>
   </trkpt>
   <trkpt lat="43.6482710" lon="-79.3878030">
    <ele>87.7</ele>
    <time>2024-07-27T10:08:28Z</time>
   </trkpt>
   <trkpt lat="43.6482820" lon="-79.3877650">
    <ele>87.7</ele>
    <time>2024-07-27T10:08:29Z</time>
   </trkpt>
   <trkpt lat="43.6482940" lon="-79.3877210">
    <ele>87.7</ele>
    <time>2024-07-27T10:08:30Z</time>
   </trkpt>
   <trkpt lat="43.6483050" lon="-79.3876830">
    <ele>87.7</ele>
    <time>2024-07-27T10:08:31Z</time>
   </trkpt>
   <trkpt lat="43.6483290" lon="-79.3876410">
    <ele>87.7</ele>
    <time>2024-07-27T10:08:32Z</time>
   </trkpt>
   <trkpt lat="43.6483390" lon="-79.3876010">
    <ele>87.7</ele>
    <time>2024-07-27T10:08:33Z</time>
   </trkpt>
   <trkpt lat="43.6483520" lon="-79.3875870">
    <ele>87.7</ele>
    <time>2024-07-27T10:08:34Z</time>
   </trkpt>
   <trkpt lat="43.6483570" lon="-79.3875630">
    <ele>87.7</ele>
    <time>2024-07-27T10:08:35Z</time>
   </trkpt>
   <trkpt lat="43.6483520" lon="-79.3875090">
    <ele>87.7</ele>
    <time>2024-07-27T10:08:36Z</time>
   </trkpt>
   <trkpt lat="43.6483590" lon="-79.3874880">
    <ele>87.7</ele>
    <time>2024-07-27T10:08:37Z</time>
   </trkpt>
   <trkpt lat="43.6483800" lon="-79.3874250">
    <ele>87.7</ele>
    <time>2024-07-27T10:08:38Z</time>
   </trkpt>
   <trkpt lat="43.6483830" lon="-79.3873880">
    <ele>87.7</ele>
    <time>2024-07-27T10:08:39Z</time>
   </trkpt>
   <trkpt lat="43.6483850" lon="-79.3873660">
    <ele>87.7</ele>
    <time>2024-07-27T10:08:40Z</time>
   </trkpt>
   <trkpt lat="43.6483970" lon="-79.3873600">
    <ele>87.8</ele>
    <time>2024-07-27T10:08:41Z</time>
   </trkpt>
   <trkpt lat="43.6484080" lon="-79.3873410">
    <ele>87.8</ele>
    <time>2024-07-27T10:08:42Z</time>
   </trkpt>
   <trkpt lat="43.6484120" lon="-79.3873210">
    <ele>87.8</ele>
    <time>2024-07-27T10:08:43Z</time>
   </trkpt>
   <trkpt lat="43.6484170" lon="-79.3873060">
    <ele>87.8</ele>
    <time>2024-07-27T10:08:44Z</time>
   </trkpt>
   <trkpt lat="43.6484150" lon="-79.3873000">
    <ele>87.8</ele>
    <time>2024-07-27T10:08:45Z</time>
   </trkpt>
   <trkpt lat="43.6484160" lon="-79.3872910">
    <ele>87.8</ele>
    <time>2024-07-27T10:08:46Z</time>
   </trkpt>
   <trkpt lat="43.6484190" lon="-79.3872810">
    <ele>87.8</ele>
    <time>2024-07-27T10:08:47Z</time>
   </trkpt>
   <trkpt lat="43.6484230" lon="-79.3872710">
    <ele>87.8</ele>
    <time>2024-07-27T10:08:48Z</time>
   </trkpt>
   <trkpt lat="43.6484260" lon="-79.3872610">
    <ele>87.8</ele>
    <time>2024-07-27T10:08:49Z</time>
   </trkpt>
   <trkpt lat="43.6484290" lon="-79.3872510">
    <ele>87.8</ele>
    <time>2024-07-27T10:08:50Z</time>
   </trkpt>
   <trkpt lat="43.6484310" lon="-79.3872340">
    <ele>87.8</ele>
    <time>2024-07-27T10:08:51Z</time>
   </trkpt>
   <trkpt lat="43.6484360" lon="-79.3872200">
    <ele>87.8</ele>
    <time>2024-07-27T10:08:52Z</time>
   </trkpt>
   <trkpt lat="43.6484410" lon="-79.3872060">
    <ele>87.8</ele>
    <time>2024-07-27T10:08:53Z</time>
   </trkpt>
   <trkpt lat="43.6484460" lon="-79.3871920">
    <ele>87.8</ele>
    <time>2024-07-27T10:08:54Z</time>
   </trkpt>
   <trkpt lat="43.6484510" lon="-79.3871780">
    <ele>87.8</ele>
    <time>2024-07-27T10:08:55Z</time>
   </trkpt>
   <trkpt lat="43.6484560" lon="-79.3871640">
    <ele>87.8</ele>
    <time>2024-07-27T10:08:56Z</time>
   </trkpt>
   <trkpt lat="43.6484610" lon="-79.3871490">
    <ele>87.8</ele>
    <time>2024-07-27T10:08:57Z</time>
   </trkpt>
   <trkpt lat="43.6484770" lon="-79.3871320">
    <ele>87.8</ele>
    <time>2024-07-27T10:08:58Z</time>
   </trkpt>
   <trkpt lat="43.6484820" lon="-79.3871190">
    <ele>87.8</ele>
    <time>2024-07-27T10:08:59Z</time>
   </trkpt>
   <trkpt lat="43.6484910" lon="-79.3871030">
    <ele>87.8</ele>
    <time>2024-07-27T10:09:00Z</time>
   </trkpt>
   <trkpt lat="43.6484990" lon="-79.3870880">
    <ele>87.8</ele>
    <time>2024-07-27T10:09:01Z</time>
   </trkpt>
   <trkpt lat="43.6485060" lon="-79.3870180">
    <ele>87.8</ele>
    <time>2024-07-27T10:09:02Z</time>
   </trkpt>
   <trkpt lat="43.6485080" lon="-79.3870050">
    <ele>87.8</ele>
    <time>2024-07-27T10:09:03Z</time>
   </trkpt>
   <trkpt lat="43.6485210" lon="-79.3869810">
    <ele>87.9</ele>
    <time>2024-07-27T10:09:04Z</time>
   </trkpt>
   <trkpt lat="43.6485340" lon="-79.3869360">
    <ele>87.9</ele>
    <time>2024-07-27T10:09:05Z</time>
   </trkpt>
   <trkpt lat="43.6485410" lon="-79.3869260">
    <ele>87.9</ele>
    <time>2024-07-27T10:09:06Z</time>
   </trkpt>
   <trkpt lat="43.6485520" lon="-79.3868600">
    <ele>87.9</ele>
    <time>2024-07-27T10:09:07Z</time>
   </trkpt>
   <trkpt lat="43.6485510" lon="-79.3868200">
    <ele>87.9</ele>
    <time>2024-07-27T10:09:08Z</time>
   </trkpt>
   <trkpt lat="43.6485500" lon="-79.3867400">
    <ele>87.9</ele>
    <time>2024-07-27T10:09:09Z</time>
   </trkpt>
   <trkpt lat="43.6485510" lon="-79.3866990">
    <ele>87.9</ele>
    <time>2024-07-27T10:09:10Z</time>
   </trkpt>
   <trkpt lat="43.6485460" lon="-79.3866770">
    <ele>87.9</ele>
    <time>2024-07-27T10:09:11Z</time>
   </trkpt>
   <trkpt lat="43.6485420" lon="-79.3866360">
    <ele>88.0</ele>
    <time>2024-07-27T10:09:12Z</time>
   </trkpt>
   <trkpt lat="43.6485400" lon="-79.3865980">
    <ele>88.1</ele>
    <time>2024-07-27T10:09:13Z</time>
   </trkpt>
   <trkpt lat="43.6485640" lon="-79.3865390">
    <ele>88.2</ele>
    <time>2024-07-27T10:09:14Z</time>
   </trkpt>
   <trkpt lat="43.6485580" lon="-79.3865020">
    <ele>88.2</ele>
    <time>2024-07-27T10:09:15Z</time>
   </trkpt>
   <trkpt lat="43.6485550" lon="-79.3864690">
    <ele>88.3</ele>
    <time>2024-07-27T10:09:16Z</time>
   </trkpt>
   <trkpt lat="43.6485560" lon="-79.3864560">
    <ele>88.3</ele>
    <time>2024-07-27T10:09:17Z</time>
   </trkpt>
   <trkpt lat="43.6485570" lon="-79.3864440">
    <ele>88.3</ele>
    <time>2024-07-27T10:09:18Z</time>
   </trkpt>
   <trkpt lat="43.6485810" lon="-79.3863900">
    <ele>88.3</ele>
    <time>2024-07-27T10:09:19Z</time>
   </trkpt>
   <trkpt lat="43.6486080" lon="-79.3863550">
    <ele>88.2</ele>
    <time>2024-07-27T10:09:20Z</time>
   </trkpt>
   <trkpt lat="43.6486080" lon="-79.3863260">
    <ele>88.2</ele>
    <time>2024-07-27T10:09:21Z</time>
   </trkpt>
   <trkpt lat="43.6486110" lon="-79.3863080">
    <ele>88.2</ele>
    <time>2024-07-27T10:09:22Z</time>
   </trkpt>
   <trkpt lat="43.6486080" lon="-79.3862980">
    <ele>88.2</ele>
    <time>2024-07-27T10:09:23Z</time>
   </trkpt>
   <trkpt lat="43.6486080" lon="-79.3862880">
    <ele>88.2</ele>
    <time>2024-07-27T10:09:24Z</time>
   </trkpt>
   <trkpt lat="43.6485900" lon="-79.3862680">
    <ele>88.2</ele>
    <time>2024-07-27T10:09:25Z</time>
   </trkpt>
   <trkpt lat="43.6486530" lon="-79.3862240">
    <ele>88.1</ele>
    <time>2024-07-27T10:09:26Z</time>
   </trkpt>
   <trkpt lat="43.6486680" lon="-79.3862160">
    <ele>88.1</ele>
    <time>2024-07-27T10:09:27Z</time>
   </trkpt>
   <trkpt lat="43.6486720" lon="-79.3862160">
    <ele>88.1</ele>
    <time>2024-07-27T10:09:28Z</time>
   </trkpt>
   <trkpt lat="43.6486770" lon="-79.3862160">
    <ele>88.1</ele>
    <time>2024-07-27T10:09:29Z</time>
   </trkpt>
   <trkpt lat="43.6486810" lon="-79.3862150">
    <ele>88.1</ele>
    <time>2024-07-27T10:09:30Z</time>
   </trkpt>
   <trkpt lat="43.6486850" lon="-79.3862150">
    <ele>88.1</ele>
    <time>2024-07-27T10:09:31Z</time>
   </trkpt>
   <trkpt lat="43.6486900" lon="-79.3862150">
    <ele>88.1</ele>
    <time>2024-07-27T10:09:32Z</time>
   </trkpt>
   <trkpt lat="43.6486880" lon="-79.3862100">
    <ele>88.1</ele>
    <time>2024-07-27T10:09:34Z</time>
   </trkpt>
   <trkpt lat="43.6486860" lon="-79.3861680">
    <ele>88.0</ele>
    <time>2024-07-27T10:09:35Z</time>
   </trkpt>
   <trkpt lat="43.6486920" lon="-79.3861680">
    <ele>88.0</ele>
    <time>2024-07-27T10:09:36Z</time>
   </trkpt>
   <trkpt lat="43.6486850" lon="-79.3861640">
    <ele>88.0</ele>
    <time>2024-07-27T10:09:37Z</time>
   </trkpt>
   <trkpt lat="43.6487070" lon="-79.3861580">
    <ele>88.0</ele>
    <time>2024-07-27T10:09:38Z</time>
   </trkpt>
   <trkpt lat="43.6486770" lon="-79.3861240">
    <ele>88.0</ele>
    <time>2024-07-27T10:09:39Z</time>
   </trkpt>
   <trkpt lat="43.6486420" lon="-79.3860840">
    <ele>87.9</ele>
    <time>2024-07-27T10:09:40Z</time>
   </trkpt>
   <trkpt lat="43.6486630" lon="-79.3860170">
    <ele>87.9</ele>
    <time>2024-07-27T10:09:41Z</time>
   </trkpt>
   <trkpt lat="43.6486600" lon="-79.3859750">
    <ele>87.9</ele>
    <time>2024-07-27T10:09:42Z</time>
   </trkpt>
   <trkpt lat="43.6486600" lon="-79.3859580">
    <ele>87.9</ele>
    <time>2024-07-27T10:09:43Z</time>
   </trkpt>
   <trkpt lat="43.6486620" lon="-79.3859360">
    <ele>87.9</ele>
    <time>2024-07-27T10:09:44Z</time>
   </trkpt>
   <trkpt lat="43.6486550" lon="-79.3858870">
    <ele>87.9</ele>
    <time>2024-07-27T10:09:45Z</time>
   </trkpt>
   <trkpt lat="43.6486500" lon="-79.3858660">
    <ele>87.8</ele>
    <time>2024-07-27T10:09:46Z</time>
   </trkpt>
   <trkpt lat="43.6486550" lon="-79.3858560">
    <ele>87.8</ele>
    <time>2024-07-27T10:09:47Z</time>
   </trkpt>
   <trkpt lat="43.6486520" lon="-79.3858510">
    <ele>87.8</ele>
    <time>2024-07-27T10:09:48Z</time>
   </trkpt>
   <trkpt lat="43.6486470" lon="-79.3858380">
    <ele>87.8</ele>
    <time>2024-07-27T10:09:49Z</time>
   </trkpt>
   <trkpt lat="43.6486470" lon="-79.3858360">
    <ele>87.8</ele>
    <time>2024-07-27T10:09:50Z</time>
   </trkpt>
   <trkpt lat="43.6486470" lon="-79.3858210">
    <ele>87.8</ele>
    <time>2024-07-27T10:09:51Z</time>
   </trkpt>
   <trkpt lat="43.6486910" lon="-79.3857480">
    <ele>87.8</ele>
    <time>2024-07-27T10:09:52Z</time>
   </trkpt>
   <trkpt lat="43.6487070" lon="-79.3857330">
    <ele>87.8</ele>
    <time>2024-07-27T10:09:53Z</time>
   </trkpt>
   <trkpt lat="43.6487300" lon="-79.3857260">
    <ele>87.8</ele>
    <time>2024-07-27T10:09:54Z</time>
   </trkpt>
   <trkpt lat="43.6488100" lon="-79.3856740">
    <ele>87.8</ele>
    <time>2024-07-27T10:09:55Z</time>
   </trkpt>
   <trkpt lat="43.6488690" lon="-79.3856470">
    <ele>87.9</ele>
    <time>2024-07-27T10:09:56Z</time>
   </trkpt>
   <trkpt lat="43.6489050" lon="-79.3856390">
    <ele>87.9</ele>
    <time>2024-07-27T10:09:57Z</time>
   </trkpt>
   <trkpt lat="43.6489500" lon="-79.3856200">
    <ele>87.9</ele>
    <time>2024-07-27T10:09:58Z</time>
   </trkpt>
   <trkpt lat="43.6489880" lon="-79.3856080">
    <ele>87.9</ele>
    <time>2024-07-27T10:09:59Z</time>
   </trkpt>
   <trkpt lat="43.6490270" lon="-79.3856050">
    <ele>88.0</ele>
    <time>2024-07-27T10:10:00Z</time>
   </trkpt>
   <trkpt lat="43.6490470" lon="-79.3856000">
    <ele>88.0</ele>
    <time>2024-07-27T10:10:01Z</time>
   </trkpt>
   <trkpt lat="43.6490760" lon="-79.3855750">
    <ele>88.0</ele>
    <time>2024-07-27T10:10:02Z</time>
   </trkpt>
   <trkpt lat="43.6490960" lon="-79.3855810">
    <ele>88.0</ele>
    <time>2024-07-27T10:10:03Z</time>
   </trkpt>
   <trkpt lat="43.6491110" lon="-79.3855780">
    <ele>88.0</ele>
    <time>2024-07-27T10:10:04Z</time>
   </trkpt>
   <trkpt lat="43.6491440" lon="-79.3855800">
    <ele>88.1</ele>
    <time>2024-07-27T10:10:05Z</time>
   </trkpt>
   <trkpt lat="43.6491570" lon="-79.3855880">
    <ele>88.1</ele>
    <time>2024-07-27T10:10:06Z</time>
   </trkpt>
   <trkpt lat="43.6491950" lon="-79.3856210">
    <ele>88.2</ele>
    <time>2024-07-27T10:10:07Z</time>
   </trkpt>
   <trkpt lat="43.6492140" lon="-79.3856390">
    <ele>88.2</ele>
    <time>2024-07-27T10:10:08Z</time>
   </trkpt>
   <trkpt lat="43.6492200" lon="-79.3856500">
    <ele>88.2</ele>
    <time>2024-07-27T10:10:09Z</time>
   </trkpt>
   <trkpt lat="43.6492340" lon="-79.3856790">
    <ele>88.3</ele>
    <time>2024-07-27T10:10:10Z</time>
   </trkpt>
   <trkpt lat="43.6492710" lon="-79.3856870">
    <ele>88.3</ele>
    <time>2024-07-27T10:10:11Z</time>
   </trkpt>
   <trkpt lat="43.6492830" lon="-79.3856910">
    <ele>88.4</ele>
    <time>2024-07-27T10:10:12Z</time>
   </trkpt>
   <trkpt lat="43.6493180" lon="-79.3857040">
    <ele>88.4</ele>
    <time>2024-07-27T10:10:13Z</time>
   </trkpt>
   <trkpt lat="43.6493470" lon="-79.3856990">
    <ele>88.5</ele>
    <time>2024-07-27T10:10:14Z</time>
   </trkpt>
   <trkpt lat="43.6493860" lon="-79.3857330">
    <ele>88.6</ele>
    <time>2024-07-27T10:10:15Z</time>
   </trkpt>
   <trkpt lat="43.6494010" lon="-79.3857570">
    <ele>88.6</ele>
    <time>2024-07-27T10:10:16Z</time>
   </trkpt>
   <trkpt lat="43.6494280" lon="-79.3857810">
    <ele>88.7</ele>
    <time>2024-07-27T10:10:17Z</time>
   </trkpt>
   <trkpt lat="43.6494360" lon="-79.3857890">
    <ele>88.7</ele>
    <time>2024-07-27T10:10:18Z</time>
   </trkpt>
   <trkpt lat="43.6494620" lon="-79.3858080">
    <ele>88.8</ele>
    <time>2024-07-27T10:10:19Z</time>
   </trkpt>
   <trkpt lat="43.6494710" lon="-79.3858140">
    <ele>88.8</ele>
    <time>2024-07-27T10:10:20Z</time>
   </trkpt>
   <trkpt lat="43.6495040" lon="-79.3858310">
    <ele>88.9</ele>
    <time>2024-07-27T10:10:21Z</time>
   </trkpt>
   <trkpt lat="43.6495200" lon="-79.3858480">
    <ele>88.9</ele>
    <time>2024-07-27T10:10:22Z</time>
   </trkpt>
   <trkpt lat="43.6495470" lon="-79.3858650">
    <ele>89.0</ele>
    <time>2024-07-27T10:10:23Z</time>
   </trkpt>
   <trkpt lat="43.6495550" lon="-79.3858660">
    <ele>89.0</ele>
    <time>2024-07-27T10:10:24Z</time>
   </trkpt>
   <trkpt lat="43.6495850" lon="-79.3858790">
    <ele>89.0</ele>
    <time>2024-07-27T10:10:25Z</time>
   </trkpt>
   <trkpt lat="43.6495940" lon="-79.3858830">
    <ele>89.1</ele>
    <time>2024-07-27T10:10:26Z</time>
   </trkpt>
   <trkpt lat="43.6496450" lon="-79.3858870">
    <ele>89.1</ele>
    <time>2024-07-27T10:10:27Z</time>
   </trkpt>
   <trkpt lat="43.6496760" lon="-79.3858910">
    <ele>89.2</ele>
    <time>2024-07-27T10:10:28Z</time>
   </trkpt>
   <trkpt lat="43.6497100" lon="-79.3858930">
    <ele>89.2</ele>
    <time>2024-07-27T10:10:29Z</time>
   </trkpt>
   <trkpt lat="43.6497370" lon="-79.3858940">
    <ele>89.3</ele>
    <time>2024-07-27T10:10:30Z</time>
   </trkpt>
   <trkpt lat="43.6497670" lon="-79.3858980">
    <ele>89.3</ele>
    <time>2024-07-27T10:10:31Z</time>
   </trkpt>
   <trkpt lat="43.6497970" lon="-79.3859200">
    <ele>89.3</ele>
    <time>2024-07-27T10:10:32Z</time>
   </trkpt>
   <trkpt lat="43.6498240" lon="-79.3859120">
    <ele>89.3</ele>
    <time>2024-07-27T10:10:33Z</time>
   </trkpt>
   <trkpt lat="43.6498550" lon="-79.3859210">
    <ele>89.4</ele>
    <time>2024-07-27T10:10:34Z</time>
   </trkpt>
   <trkpt lat="43.6498650" lon="-79.3859220">
    <ele>89.4</ele>
    <time>2024-07-27T10:10:35Z</time>
   </trkpt>
   <trkpt lat="43.6498950" lon="-79.3859070">
    <ele>89.4</ele>
    <time>2024-07-27T10:10:36Z</time>
   </trkpt>
   <trkpt lat="43.6499080" lon="-79.3859050">
    <ele>89.4</ele>
    <time>2024-07-27T10:10:37Z</time>
   </trkpt>
   <trkpt lat="43.6499420" lon="-79.3859110">
    <ele>89.4</ele>
    <time>2024-07-27T10:10:38Z</time>
   </trkpt>
   <trkpt lat="43.6499510" lon="-79.3859150">
    <ele>89.4</ele>
    <time>2024-07-27T10:10:39Z</time>
   </trkpt>
   <trkpt lat="43.6499810" lon="-79.3859130">
    <ele>89.5</ele>
    <time>2024-07-27T10:10:40Z</time>
   </trkpt>
   <trkpt lat="43.6500160" lon="-79.3859120">
    <ele>89.5</ele>
    <time>2024-07-27T10:10:41Z</time>
   </trkpt>
   <trkpt lat="43.6500290" lon="-79.3859130">
    <ele>89.5</ele>
    <time>2024-07-27T10:10:42Z</time>
   </trkpt>
   <trkpt lat="43.6500390" lon="-79.3859150">
    <ele>89.5</ele>
    <time>2024-07-27T10:10:43Z</time>
   </trkpt>
   <trkpt lat="43.6500630" lon="-79.3859200">
    <ele>89.5</ele>
    <time>2024-07-27T10:10:44Z</time>
   </trkpt>
   <trkpt lat="43.6500920" lon="-79.3859210">
    <ele>89.5</ele>
    <time>2024-07-27T10:10:45Z</time>
   </trkpt>
   <trkpt lat="43.6500980" lon="-79.3859080">
    <ele>89.5</ele>
    <time>2024-07-27T10:10:46Z</time>
   </trkpt>
   <trkpt lat="43.6501270" lon="-79.3859130">
    <ele>89.6</ele>
    <time>2024-07-27T10:10:47Z</time>
   </trkpt>
   <trkpt lat="43.6501360" lon="-79.3859170">
    <ele>89.6</ele>
    <time>2024-07-27T10:10:48Z</time>
   </trkpt>
   <trkpt lat="43.6501590" lon="-79.3859080">
    <ele>89.6</ele>
    <time>2024-07-27T10:10:49Z</time>
   </trkpt>
   <trkpt lat="43.6501680" lon="-79.3859110">
    <ele>89.6</ele>
    <time>2024-07-27T10:10:50Z</time>
   </trkpt>
   <trkpt lat="43.6501680" lon="-79.3859160">
    <ele>89.6</ele>
    <time>2024-07-27T10:10:51Z</time>
   </trkpt>
   <trkpt lat="43.6501810" lon="-79.3859120">
    <ele>89.6</ele>
    <time>2024-07-27T10:10:52Z</time>
   </trkpt>
   <trkpt lat="43.6501980" lon="-79.3859370">
    <ele>89.6</ele>
    <time>2024-07-27T10:10:53Z</time>
   </trkpt>
   <trkpt lat="43.6501940" lon="-79.3859550">
    <ele>89.6</ele>
    <time>2024-07-27T10:10:54Z</time>
   </trkpt>
   <trkpt lat="43.6501900" lon="-79.3859670">
    <ele>89.6</ele>
    <time>2024-07-27T10:10:55Z</time>
   </trkpt>
   <trkpt lat="43.6501840" lon="-79.3859790">
    <ele>89.6</ele>
    <time>2024-07-27T10:10:56Z</time>
   </trkpt>
   <trkpt lat="43.6501810" lon="-79.3859650">
    <ele>89.6</ele>
    <time>2024-07-27T10:10:57Z</time>
   </trkpt>
   <trkpt lat="43.6501720" lon="-79.3859620">
    <ele>89.6</ele>
    <time>2024-07-27T10:10:58Z</time>
   </trkpt>
   <trkpt lat="43.6501690" lon="-79.3859590">
    <ele>89.6</ele>
    <time>2024-07-27T10:10:59Z</time>
   </trkpt>
   <trkpt lat="43.6501690" lon="-79.3859520">
    <ele>89.6</ele>
    <time>2024-07-27T10:11:00Z</time>
   </trkpt>
   <trkpt lat="43.6501650" lon="-79.3859500">
    <ele>89.6</ele>
    <time>2024-07-27T10:11:01Z</time>
   </trkpt>
   <trkpt lat="43.6501640" lon="-79.3859600">
    <ele>89.6</ele>
    <time>2024-07-27T10:11:02Z</time>
   </trkpt>
   <trkpt lat="43.6501670" lon="-79.3859540">
    <ele>89.6</ele>
    <time>2024-07-27T10:11:03Z</time>
   </trkpt>
   <trkpt lat="43.6501590" lon="-79.3859520">
    <ele>89.6</ele>
    <time>2024-07-27T10:11:04Z</time>
   </trkpt>
   <trkpt lat="43.6501550" lon="-79.3859480">
    <ele>89.6</ele>
    <time>2024-07-27T10:11:05Z</time>
   </trkpt>
   <trkpt lat="43.6501550" lon="-79.3859390">
    <ele>89.6</ele>
    <time>2024-07-27T10:11:06Z</time>
   </trkpt>
   <trkpt lat="43.6501750" lon="-79.3859430">
    <ele>89.6</ele>
    <time>2024-07-27T10:11:07Z</time>
   </trkpt>
   <trkpt lat="43.6501690" lon="-79.3859420">
    <ele>89.6</ele>
    <time>2024-07-27T10:11:08Z</time>
   </trkpt>
   <trkpt lat="43.6501550" lon="-79.3859380">
    <ele>89.6</ele>
    <time>2024-07-27T10:11:09Z</time>
   </trkpt>
   <trkpt lat="43.6501480" lon="-79.3859420">
    <ele>89.6</ele>
    <time>2024-07-27T10:11:10Z</time>
   </trkpt>
   <trkpt lat="43.6501380" lon="-79.3859410">
    <ele>89.5</ele>
    <time>2024-07-27T10:11:11Z</time>
   </trkpt>
   <trkpt lat="43.6501360" lon="-79.3859390">
    <ele>89.5</ele>
    <time>2024-07-27T10:11:12Z</time>
   </trkpt>
   <trkpt lat="43.6501360" lon="-79.3859420">
    <ele>89.5</ele>
    <time>2024-07-27T10:11:13Z</time>
   </trkpt>
   <trkpt lat="43.6501370" lon="-79.3859420">
    <ele>89.5</ele>
    <time>2024-07-27T10:11:14Z</time>
   </trkpt>
   <trkpt lat="43.6501320" lon="-79.3859410">
    <ele>89.5</ele>
    <time>2024-07-27T10:11:15Z</time>
   </trkpt>
   <trkpt lat="43.6501270" lon="-79.3859370">
    <ele>89.5</ele>
    <time>2024-07-27T10:11:16Z</time>
   </trkpt>
   <trkpt lat="43.6501270" lon="-79.3859450">
    <ele>89.5</ele>
    <time>2024-07-27T10:11:17Z</time>
   </trkpt>
   <trkpt lat="43.6501310" lon="-79.3859480">
    <ele>89.5</ele>
    <time>2024-07-27T10:11:18Z</time>
   </trkpt>
   <trkpt lat="43.6501260" lon="-79.3859480">
    <ele>89.5</ele>
    <time>2024-07-27T10:11:19Z</time>
   </trkpt>
   <trkpt lat="43.6501430" lon="-79.3859610">
    <ele>89.5</ele>
    <time>2024-07-27T10:11:20Z</time>
   </trkpt>
   <trkpt lat="43.6501630" lon="-79.3859690">
    <ele>89.5</ele>
    <time>2024-07-27T10:11:21Z</time>
   </trkpt>
   <trkpt lat="43.6501800" lon="-79.3859770">
    <ele>89.5</ele>
    <time>2024-07-27T10:11:22Z</time>
   </trkpt>
   <trkpt lat="43.6501970" lon="-79.3859840">
    <ele>89.5</ele>
    <time>2024-07-27T10:11:23Z</time>
   </trkpt>
   <trkpt lat="43.6502190" lon="-79.3860090">
    <ele>89.5</ele>
    <time>2024-07-27T10:11:24Z</time>
   </trkpt>
   <trkpt lat="43.6502240" lon="-79.3860200">
    <ele>89.5</ele>
    <time>2024-07-27T10:11:25Z</time>
   </trkpt>
   <trkpt lat="43.6502470" lon="-79.3860360">
    <ele>89.6</ele>
    <time>2024-07-27T10:11:26Z</time>
   </trkpt>
   <trkpt lat="43.6502590" lon="-79.3860340">
    <ele>89.6</ele>
    <time>2024-07-27T10:11:27Z</time>
   </trkpt>
   <trkpt lat="43.6502860" lon="-79.3860560">
    <ele>89.6</ele>
    <time>2024-07-27T10:11:28Z</time>
   </trkpt>
   <trkpt lat="43.6502950" lon="-79.3860650">
    <ele>89.6</ele>
    <time>2024-07-27T10:11:29Z</time>
   </trkpt>
   <trkpt lat="43.6503220" lon="-79.3860880">
    <ele>89.7</ele>
    <time>2024-07-27T10:11:30Z</time>
   </trkpt>
   <trkpt lat="43.6503290" lon="-79.3861010">
    <ele>89.7</ele>
    <time>2024-07-27T10:11:31Z</time>
   </trkpt>
   <trkpt lat="43.6503560" lon="-79.3861120">
    <ele>89.7</ele>
    <time>2024-07-27T10:11:32Z</time>
   </trkpt>
   <trkpt lat="43.6503870" lon="-79.3861170">
    <ele>89.8</ele>
    <time>2024-07-27T10:11:33Z</time>
   </trkpt>
   <trkpt lat="43.6504260" lon="-79.3861270">
    <ele>89.8</ele>
    <time>2024-07-27T10:11:34Z</time>
   </trkpt>
   <trkpt lat="43.6504410" lon="-79.3861250">
    <ele>89.8</ele>
    <time>2024-07-27T10:11:35Z</time>
   </trkpt>
   <trkpt lat="43.6504790" lon="-79.3861220">
    <ele>89.8</ele>
    <time>2024-07-27T10:11:36Z</time>
   </trkpt>
   <trkpt lat="43.6504960" lon="-79.3861160">
    <ele>89.8</ele>
    <time>2024-07-27T10:11:37Z</time>
   </trkpt>
   <trkpt lat="43.6505340" lon="-79.3861280">
    <ele>89.8</ele>
    <time>2024-07-27T10:11:38Z</time>
   </trkpt>
   <trkpt lat="43.6505450" lon="-79.3861340">
    <ele>89.9</ele>
    <time>2024-07-27T10:11:39Z</time>
   </trkpt>
   <trkpt lat="43.6505850" lon="-79.3861600">
    <ele>89.9</ele>
    <time>2024-07-27T10:11:40Z</time>
   </trkpt>
   <trkpt lat="43.6506200" lon="-79.3861800">
    <ele>89.9</ele>
    <time>2024-07-27T10:11:41Z</time>
   </trkpt>
   <trkpt lat="43.6506360" lon="-79.3861990">
    <ele>89.9</ele>
    <time>2024-07-27T10:11:42Z</time>
   </trkpt>
   <trkpt lat="43.6506490" lon="-79.3861990">
    <ele>89.9</ele>
    <time>2024-07-27T10:11:43Z</time>
   </trkpt>
   <trkpt lat="43.6506710" lon="-79.3862080">
    <ele>89.9</ele>
    <time>2024-07-27T10:11:44Z</time>
   </trkpt>
   <trkpt lat="43.6507030" lon="-79.3862280">
    <ele>90.0</ele>
    <time>2024-07-27T10:11:45Z</time>
   </trkpt>
   <trkpt lat="43.6507110" lon="-79.3862390">
    <ele>90.0</ele>
    <time>2024-07-27T10:11:46Z</time>
   </trkpt>
   <trkpt lat="43.6507390" lon="-79.3862500">
    <ele>90.0</ele>
    <time>2024-07-27T10:11:47Z</time>
   </trkpt>
   <trkpt lat="43.6507700" lon="-79.3862580">
    <ele>90.0</ele>
    <time>2024-07-27T10:11:48Z</time>
   </trkpt>
   <trkpt lat="43.6507940" lon="-79.3862930">
    <ele>90.0</ele>
    <time>2024-07-27T10:11:49Z</time>
   </trkpt>
   <trkpt lat="43.6508190" lon="-79.3863100">
    <ele>90.1</ele>
    <time>2024-07-27T10:11:50Z</time>
   </trkpt>
   <trkpt lat="43.6508480" lon="-79.3863200">
    <ele>90.1</ele>
    <time>2024-07-27T10:11:51Z</time>
   </trkpt>
   <trkpt lat="43.6508760" lon="-79.3863110">
    <ele>90.2</ele>
    <time>2024-07-27T10:11:52Z</time>
   </trkpt>
   <trkpt lat="43.6509010" lon="-79.3863280">
    <ele>90.3</ele>
    <time>2024-07-27T10:11:53Z</time>
   </trkpt>
   <trkpt lat="43.6509250" lon="-79.3863450">
    <ele>90.3</ele>
    <time>2024-07-27T10:11:54Z</time>
   </trkpt>
   <trkpt lat="43.6509550" lon="-79.3863630">
    <ele>90.4</ele>
    <time>2024-07-27T10:11:55Z</time>
   </trkpt>
   <trkpt lat="43.6509810" lon="-79.3863760">
    <ele>90.4</ele>
    <time>2024-07-27T10:11:56Z</time>
   </trkpt>
   <trkpt lat="43.6510190" lon="-79.3863820">
    <ele>90.4</ele>
    <time>2024-07-27T10:11:57Z</time>
   </trkpt>
   <trkpt lat="43.6510360" lon="-79.3863880">
    <ele>90.5</ele>
    <time>2024-07-27T10:11:58Z</time>
   </trkpt>
   <trkpt lat="43.6510720" lon="-79.3864010">
    <ele>90.5</ele>
    <time>2024-07-27T10:11:59Z</time>
   </trkpt>
   <trkpt lat="43.6510880" lon="-79.3864060">
    <ele>90.6</ele>
    <time>2024-07-27T10:12:00Z</time>
   </trkpt>
   <trkpt lat="43.6511160" lon="-79.3864140">
    <ele>90.6</ele>
    <time>2024-07-27T10:12:01Z</time>
   </trkpt>
   <trkpt lat="43.6511510" lon="-79.3864260">
    <ele>90.6</ele>
    <time>2024-07-27T10:12:02Z</time>
   </trkpt>
   <trkpt lat="43.6511630" lon="-79.3864330">
    <ele>90.7</ele>
    <time>2024-07-27T10:12:03Z</time>
   </trkpt>
   <trkpt lat="43.6511900" lon="-79.3864470">
    <ele>90.7</ele>
    <time>2024-07-27T10:12:04Z</time>
   </trkpt>
   <trkpt lat="43.6512270" lon="-79.3864550">
    <ele>90.8</ele>
    <time>2024-07-27T10:12:05Z</time>
   </trkpt>
   <trkpt lat="43.6512400" lon="-79.3864610">
    <ele>90.8</ele>
    <time>2024-07-27T10:12:06Z</time>
   </trkpt>
   <trkpt lat="43.6512780" lon="-79.3864790">
    <ele>90.8</ele>
    <time>2024-07-27T10:12:07Z</time>
   </trkpt>
   <trkpt lat="43.6512940" lon="-79.3864860">
    <ele>90.9</ele>
    <time>2024-07-27T10:12:08Z</time>
   </trkpt>
   <trkpt lat="43.6513070" lon="-79.3865040">
    <ele>90.9</ele>
    <time>2024-07-27T10:12:09Z</time>
   </trkpt>
   <trkpt lat="43.6513260" lon="-79.3865080">
    <ele>90.9</ele>
    <time>2024-07-27T10:12:10Z</time>
   </trkpt>
   <trkpt lat="43.6513570" lon="-79.3865220">
    <ele>90.9</ele>
    <time>2024-07-27T10:12:11Z</time>
   </trkpt>
   <trkpt lat="43.6513700" lon="-79.3865310">
    <ele>91.0</ele>
    <time>2024-07-27T10:12:12Z</time>
   </trkpt>
   <trkpt lat="43.6514070" lon="-79.3865460">
    <ele>91.1</ele>
    <time>2024-07-27T10:12:13Z</time>
   </trkpt>
   <trkpt lat="43.6514180" lon="-79.3865520">
    <ele>91.1</ele>
    <time>2024-07-27T10:12:14Z</time>
   </trkpt>
   <trkpt lat="43.6514490" lon="-79.3865730">
    <ele>91.1</ele>
    <time>2024-07-27T10:12:15Z</time>
   </trkpt>
   <trkpt lat="43.6514570" lon="-79.3865780">
    <ele>91.1</ele>
    <time>2024-07-27T10:12:16Z</time>
   </trkpt>
   <trkpt lat="43.6514960" lon="-79.3865890">
    <ele>91.1</ele>
    <time>2024-07-27T10:12:17Z</time>
   </trkpt>
   <trkpt lat="43.6515100" lon="-79.3865890">
    <ele>91.1</ele>
    <time>2024-07-27T10:12:18Z</time>
   </trkpt>
   <trkpt lat="43.6515410" lon="-79.3866010">
    <ele>91.2</ele>
    <time>2024-07-27T10:12:19Z</time>
   </trkpt>
   <trkpt lat="43.6515510" lon="-79.3866030">
    <ele>91.2</ele>
    <time>2024-07-27T10:12:20Z</time>
   </trkpt>
   <trkpt lat="43.6515790" lon="-79.3866080">
    <ele>91.2</ele>
    <time>2024-07-27T10:12:21Z</time>
   </trkpt>
   <trkpt lat="43.6515990" lon="-79.3866480">
    <ele>91.2</ele>
    <time>2024-07-27T10:12:22Z</time>
   </trkpt>
   <trkpt lat="43.6516110" lon="-79.3866580">
    <ele>91.2</ele>
    <time>2024-07-27T10:12:23Z</time>
   </trkpt>
   <trkpt lat="43.6516460" lon="-79.3866670">
    <ele>91.3</ele>
    <time>2024-07-27T10:12:24Z</time>
   </trkpt>
   <trkpt lat="43.6516580" lon="-79.3866690">
    <ele>91.3</ele>
    <time>2024-07-27T10:12:25Z</time>
   </trkpt>
   <trkpt lat="43.6516900" lon="-79.3866940">
    <ele>91.3</ele>
    <time>2024-07-27T10:12:26Z</time>
   </trkpt>
   <trkpt lat="43.6517050" lon="-79.3866920">
    <ele>91.3</ele>
    <time>2024-07-27T10:12:27Z</time>
   </trkpt>
   <trkpt lat="43.6517290" lon="-79.3867120">
    <ele>91.3</ele>
    <time>2024-07-27T10:12:28Z</time>
   </trkpt>
   <trkpt lat="43.6517560" lon="-79.3867560">
    <ele>91.3</ele>
    <time>2024-07-27T10:12:29Z</time>
   </trkpt>
   <trkpt lat="43.6517670" lon="-79.3867740">
    <ele>91.4</ele>
    <time>2024-07-27T10:12:30Z</time>
   </trkpt>
   <trkpt lat="43.6518010" lon="-79.3867780">
    <ele>91.4</ele>
    <time>2024-07-27T10:12:31Z</time>
   </trkpt>
   <trkpt lat="43.6518300" lon="-79.3867920">
    <ele>91.4</ele>
    <time>2024-07-27T10:12:32Z</time>
   </trkpt>
   <trkpt lat="43.6518530" lon="-79.3868160">
    <ele>91.4</ele>
    <time>2024-07-27T10:12:33Z</time>
   </trkpt>
   <trkpt lat="43.6519120" lon="-79.3868080">
    <ele>91.5</ele>
    <time>2024-07-27T10:12:34Z</time>
   </trkpt>
   <trkpt lat="43.6519450" lon="-79.3868330">
    <ele>91.5</ele>
    <time>2024-07-27T10:12:35Z</time>
   </trkpt>
   <trkpt lat="43.6519610" lon="-79.3868560">
    <ele>91.5</ele>
    <time>2024-07-27T10:12:36Z</time>
   </trkpt>
   <trkpt lat="43.6519830" lon="-79.3868190">
    <ele>91.6</ele>
    <time>2024-07-27T10:12:37Z</time>
   </trkpt>
   <trkpt lat="43.6520130" lon="-79.3868420">
    <ele>91.6</ele>
    <time>2024-07-27T10:12:38Z</time>
   </trkpt>
   <trkpt lat="43.6520200" lon="-79.3868490">
    <ele>91.6</ele>
    <time>2024-07-27T10:12:39Z</time>
   </trkpt>
   <trkpt lat="43.6520570" lon="-79.3868540">
    <ele>91.6</ele>
    <time>2024-07-27T10:12:40Z</time>
   </trkpt>
   <trkpt lat="43.6520710" lon="-79.3868550">
    <ele>91.6</ele>
    <time>2024-07-27T10:12:41Z</time>
   </trkpt>
   <trkpt lat="43.6520960" lon="-79.3868760">
    <ele>91.7</ele>
    <time>2024-07-27T10:12:42Z</time>
   </trkpt>
   <trkpt lat="43.6521050" lon="-79.3868850">
    <ele>91.7</ele>
    <time>2024-07-27T10:12:43Z</time>
   </trkpt>
   <trkpt lat="43.6521380" lon="-79.3869050">
    <ele>91.7</ele>
    <time>2024-07-27T10:12:44Z</time>
   </trkpt>
   <trkpt lat="43.6521470" lon="-79.3869150">
    <ele>91.7</ele>
    <time>2024-07-27T10:12:45Z</time>
   </trkpt>
   <trkpt lat="43.6521740" lon="-79.3869330">
    <ele>91.7</ele>
    <time>2024-07-27T10:12:46Z</time>
   </trkpt>
   <trkpt lat="43.6521840" lon="-79.3869390">
    <ele>91.7</ele>
    <time>2024-07-27T10:12:47Z</time>
   </trkpt>
   <trkpt lat="43.6522080" lon="-79.3869260">
    <ele>91.8</ele>
    <time>2024-07-27T10:12:48Z</time>
   </trkpt>
   <trkpt lat="43.6522130" lon="-79.3869170">
    <ele>91.8</ele>
    <time>2024-07-27T10:12:49Z</time>
   </trkpt>
   <trkpt lat="43.6522180" lon="-79.3869070">
    <ele>91.8</ele>
    <time>2024-07-27T10:12:50Z</time>
   </trkpt>
   <trkpt lat="43.6522230" lon="-79.3868980">
    <ele>91.8</ele>
    <time>2024-07-27T10:12:51Z</time>
   </trkpt>
   <trkpt lat="43.6522520" lon="-79.3868870">
    <ele>91.8</ele>
    <time>2024-07-27T10:12:52Z</time>
   </trkpt>
   <trkpt lat="43.6522050" lon="-79.3868650">
    <ele>91.8</ele>
    <time>2024-07-27T10:12:53Z</time>
   </trkpt>
   <trkpt lat="43.6521650" lon="-79.3868210">
    <ele>91.9</ele>
    <time>2024-07-27T10:12:54Z</time>
   </trkpt>
   <trkpt lat="43.6521410" lon="-79.3868080">
    <ele>91.9</ele>
    <time>2024-07-27T10:12:55Z</time>
   </trkpt>
   <trkpt lat="43.6521930" lon="-79.3868430">
    <ele>92.0</ele>
    <time>2024-07-27T10:12:56Z</time>
   </trkpt>
   <trkpt lat="43.6521940" lon="-79.3868430">
    <ele>92.0</ele>
    <time>2024-07-27T10:12:57Z</time>
   </trkpt>
   <trkpt lat="43.6522040" lon="-79.3868480">
    <ele>92.0</ele>
    <time>2024-07-27T10:12:58Z</time>
   </trkpt>
   <trkpt lat="43.6522240" lon="-79.3868680">
    <ele>92.0</ele>
    <time>2024-07-27T10:12:59Z</time>
   </trkpt>
   <trkpt lat="43.6522650" lon="-79.3869140">
    <ele>92.0</ele>
    <time>2024-07-27T10:13:00Z</time>
   </trkpt>
   <trkpt lat="43.6522910" lon="-79.3869470">
    <ele>92.1</ele>
    <time>2024-07-27T10:13:01Z</time>
   </trkpt>
   <trkpt lat="43.6523200" lon="-79.3869720">
    <ele>92.1</ele>
    <time>2024-07-27T10:13:02Z</time>
   </trkpt>
   <trkpt lat="43.6523200" lon="-79.3869550">
    <ele>92.1</ele>
    <time>2024-07-27T10:13:03Z</time>
   </trkpt>
   <trkpt lat="43.6523520" lon="-79.3869780">
    <ele>92.1</ele>
    <time>2024-07-27T10:13:04Z</time>
   </trkpt>
   <trkpt lat="43.6523800" lon="-79.3869870">
    <ele>92.2</ele>
    <time>2024-07-27T10:13:05Z</time>
   </trkpt>
   <trkpt lat="43.6524140" lon="-79.3869720">
    <ele>92.2</ele>
    <time>2024-07-27T10:13:06Z</time>
   </trkpt>
   <trkpt lat="43.6524480" lon="-79.3869680">
    <ele>92.2</ele>
    <time>2024-07-27T10:13:07Z</time>
   </trkpt>
   <trkpt lat="43.6524560" lon="-79.3869650">
    <ele>92.2</ele>
    <time>2024-07-27T10:13:08Z</time>
   </trkpt>
   <trkpt lat="43.6524940" lon="-79.3869660">
    <ele>92.3</ele>
    <time>2024-07-27T10:13:09Z</time>
   </trkpt>
   <trkpt lat="43.6525310" lon="-79.3869300">
    <ele>92.3</ele>
    <time>2024-07-27T10:13:10Z</time>
   </trkpt>
   <trkpt lat="43.6526380" lon="-79.3869850">
    <ele>92.4</ele>
    <time>2024-07-27T10:13:11Z</time>
   </trkpt>
   <trkpt lat="43.6526670" lon="-79.3869980">
    <ele>92.4</ele>
    <time>2024-07-27T10:13:12Z</time>
   </trkpt>
   <trkpt lat="43.6526790" lon="-79.3870090">
    <ele>92.4</ele>
    <time>2024-07-27T10:13:13Z</time>
   </trkpt>
   <trkpt lat="43.6527030" lon="-79.3870100">
    <ele>92.4</ele>
    <time>2024-07-27T10:13:14Z</time>
   </trkpt>
   <trkpt lat="43.6526930" lon="-79.3870200">
    <ele>92.4</ele>
    <time>2024-07-27T10:13:15Z</time>
   </trkpt>
   <trkpt lat="43.6526850" lon="-79.3869980">
    <ele>92.4</ele>
    <time>2024-07-27T10:13:16Z</time>
   </trkpt>
   <trkpt lat="43.6526920" lon="-79.3869920">
    <ele>92.4</ele>
    <time>2024-07-27T10:13:17Z</time>
   </trkpt>
   <trkpt lat="43.6526900" lon="-79.3869960">
    <ele>92.4</ele>
    <time>2024-07-27T10:13:18Z</time>
   </trkpt>
   <trkpt lat="43.6526920" lon="-79.3869930">
    <ele>92.4</ele>
    <time>2024-07-27T10:13:19Z</time>
   </trkpt>
   <trkpt lat="43.6527010" lon="-79.3869940">
    <ele>92.4</ele>
    <time>2024-07-27T10:13:20Z</time>
   </trkpt>
   <trkpt lat="43.6527100" lon="-79.3870190">
    <ele>92.5</ele>
    <time>2024-07-27T10:13:21Z</time>
   </trkpt>
   <trkpt lat="43.6527590" lon="-79.3870610">
    <ele>92.5</ele>
    <time>2024-07-27T10:13:22Z</time>
   </trkpt>
   <trkpt lat="43.6527720" lon="-79.3870610">
    <ele>92.5</ele>
    <time>2024-07-27T10:13:23Z</time>
   </trkpt>
   <trkpt lat="43.6528680" lon="-79.3870920">
    <ele>92.5</ele>
    <time>2024-07-27T10:13:24Z</time>
   </trkpt>
   <trkpt lat="43.6529240" lon="-79.3871420">
    <ele>92.6</ele>
    <time>2024-07-27T10:13:25Z</time>
   </trkpt>
   <trkpt lat="43.6529720" lon="-79.3871700">
    <ele>92.6</ele>
    <time>2024-07-27T10:13:26Z</time>
   </trkpt>
   <trkpt lat="43.6530390" lon="-79.3872280">
    <ele>92.7</ele>
    <time>2024-07-27T10:13:27Z</time>
   </trkpt>
   <trkpt lat="43.6530900" lon="-79.3872520">
    <ele>92.8</ele>
    <time>2024-07-27T10:13:28Z</time>
   </trkpt>
   <trkpt lat="43.6531360" lon="-79.3872500">
    <ele>92.8</ele>
    <time>2024-07-27T10:13:29Z</time>
   </trkpt>
   <trkpt lat="43.6531570" lon="-79.3872650">
    <ele>92.9</ele>
    <time>2024-07-27T10:13:30Z</time>
   </trkpt>
   <trkpt lat="43.6531660" lon="-79.3872680">
    <ele>92.9</ele>
    <time>2024-07-27T10:13:31Z</time>
   </trkpt>
   <trkpt lat="43.6531790" lon="-79.3872760">
    <ele>92.9</ele>
    <time>2024-07-27T10:13:32Z</time>
   </trkpt>
   <trkpt lat="43.6531930" lon="-79.3872820">
    <ele>92.9</ele>
    <time>2024-07-27T10:13:33Z</time>
   </trkpt>
   <trkpt lat="43.6532180" lon="-79.3872930">
    <ele>92.9</ele>
    <time>2024-07-27T10:13:34Z</time>
   </trkpt>
   <trkpt lat="43.6532250" lon="-79.3872980">
    <ele>92.9</ele>
    <time>2024-07-27T10:13:35Z</time>
   </trkpt>
   <trkpt lat="43.6532330" lon="-79.3873030">
    <ele>92.9</ele>
    <time>2024-07-27T10:13:36Z</time>
   </trkpt>
   <trkpt lat="43.6532510" lon="-79.3873000">
    <ele>93.0</ele>
    <time>2024-07-27T10:13:37Z</time>
   </trkpt>
   <trkpt lat="43.6532670" lon="-79.3873090">
    <ele>93.0</ele>
    <time>2024-07-27T10:13:38Z</time>
   </trkpt>
   <trkpt lat="43.6532760" lon="-79.3873100">
    <ele>93.0</ele>
    <time>2024-07-27T10:13:39Z</time>
   </trkpt>
   <trkpt lat="43.6532850" lon="-79.3873110">
    <ele>93.0</ele>
    <time>2024-07-27T10:13:40Z</time>
   </trkpt>
   <trkpt lat="43.6532960" lon="-79.3873080">
    <ele>93.1</ele>
    <time>2024-07-27T10:13:41Z</time>
   </trkpt>
   <trkpt lat="43.6533060" lon="-79.3873060">
    <ele>93.1</ele>
    <time>2024-07-27T10:13:42Z</time>
   </trkpt>
   <trkpt lat="43.6533220" lon="-79.3873190">
    <ele>93.1</ele>
    <time>2024-07-27T10:13:43Z</time>
   </trkpt>
   <trkpt lat="43.6533340" lon="-79.3873220">
    <ele>93.2</ele>
    <time>2024-07-27T10:13:44Z</time>
   </trkpt>
   <trkpt lat="43.6533460" lon="-79.3873230">
    <ele>93.2</ele>
    <time>2024-07-27T10:13:45Z</time>
   </trkpt>
   <trkpt lat="43.6533580" lon="-79.3873230">
    <ele>93.2</ele>
    <time>2024-07-27T10:13:46Z</time>
   </trkpt>
   <trkpt lat="43.6533720" lon="-79.3873260">
    <ele>93.2</ele>
    <time>2024-07-27T10:13:47Z</time>
   </trkpt>
   <trkpt lat="43.6533860" lon="-79.3873260">
    <ele>93.2</ele>
    <time>2024-07-27T10:13:48Z</time>
   </trkpt>
   <trkpt lat="43.6534260" lon="-79.3873400">
    <ele>93.2</ele>
    <time>2024-07-27T10:13:49Z</time>
   </trkpt>
   <trkpt lat="43.6534580" lon="-79.3873490">
    <ele>93.2</ele>
    <time>2024-07-27T10:13:50Z</time>
   </trkpt>
   <trkpt lat="43.6534690" lon="-79.3873510">
    <ele>93.2</ele>
    <time>2024-07-27T10:13:51Z</time>
   </trkpt>
   <trkpt lat="43.6534830" lon="-79.3873590">
    <ele>93.3</ele>
    <time>2024-07-27T10:13:52Z</time>
   </trkpt>
   <trkpt lat="43.6535020" lon="-79.3873520">
    <ele>93.3</ele>
    <time>2024-07-27T10:13:53Z</time>
   </trkpt>
   <trkpt lat="43.6535370" lon="-79.3873850">
    <ele>93.3</ele>
    <time>2024-07-27T10:13:54Z</time>
   </trkpt>
   <trkpt lat="43.6535510" lon="-79.3874210">
    <ele>93.3</ele>
    <time>2024-07-27T10:13:55Z</time>
   </trkpt>
   <trkpt lat="43.6535630" lon="-79.3874300">
    <ele>93.3</ele>
    <time>2024-07-27T10:13:56Z</time>
   </trkpt>
   <trkpt lat="43.6535790" lon="-79.3874430">
    <ele>93.3</ele>
    <time>2024-07-27T10:13:57Z</time>
   </trkpt>
   <trkpt lat="43.6535940" lon="-79.3874470">
    <ele>93.3</ele>
    <time>2024-07-27T10:13:58Z</time>
   </trkpt>
   <trkpt lat="43.6536130" lon="-79.3874490">
    <ele>93.3</ele>
    <time>2024-07-27T10:13:59Z</time>
   </trkpt>
   <trkpt lat="43.6536430" lon="-79.3874620">
    <ele>93.3</ele>
    <time>2024-07-27T10:14:00Z</time>
   </trkpt>
   <trkpt lat="43.6536730" lon="-79.3875470">
    <ele>93.4</ele>
    <time>2024-07-27T10:14:01Z</time>
   </trkpt>
   <trkpt lat="43.6537010" lon="-79.3875570">
    <ele>93.4</ele>
    <time>2024-07-27T10:14:02Z</time>
   </trkpt>
   <trkpt lat="43.6537330" lon="-79.3875720">
    <ele>93.4</ele>
    <time>2024-07-27T10:14:03Z</time>
   </trkpt>
   <trkpt lat="43.6537440" lon="-79.3875800">
    <ele>93.4</ele>
    <time>2024-07-27T10:14:04Z</time>
   </trkpt>
   <trkpt lat="43.6537750" lon="-79.3875970">
    <ele>93.4</ele>
    <time>2024-07-27T10:14:05Z</time>
   </trkpt>
   <trkpt lat="43.6538740" lon="-79.3877760">
    <ele>93.6</ele>
    <time>2024-07-27T10:14:06Z</time>
   </trkpt>
   <trkpt lat="43.6538880" lon="-79.3877840">
    <ele>93.6</ele>
    <time>2024-07-27T10:14:07Z</time>
   </trkpt>
   <trkpt lat="43.6539340" lon="-79.3878230">
    <ele>93.6</ele>
    <time>2024-07-27T10:14:08Z</time>
   </trkpt>
   <trkpt lat="43.6539360" lon="-79.3878340">
    <ele>93.7</ele>
    <time>2024-07-27T10:14:09Z</time>
   </trkpt>
   <trkpt lat="43.6539600" lon="-79.3878470">
    <ele>93.7</ele>
    <time>2024-07-27T10:14:10Z</time>
   </trkpt>
   <trkpt lat="43.6540040" lon="-79.3878750">
    <ele>93.7</ele>
    <time>2024-07-27T10:14:11Z</time>
   </trkpt>
   <trkpt lat="43.6540320" lon="-79.3878990">
    <ele>93.8</ele>
    <time>2024-07-27T10:14:12Z</time>
   </trkpt>
   <trkpt lat="43.6540940" lon="-79.3878870">
    <ele>93.9</ele>
    <time>2024-07-27T10:14:13Z</time>
   </trkpt>
   <trkpt lat="43.6541500" lon="-79.3878810">
    <ele>93.9</ele>
    <time>2024-07-27T10:14:14Z</time>
   </trkpt>
   <trkpt lat="43.6541800" lon="-79.3879200">
    <ele>94.0</ele>
    <time>2024-07-27T10:14:15Z</time>
   </trkpt>
   <trkpt lat="43.6542030" lon="-79.3879400">
    <ele>94.0</ele>
    <time>2024-07-27T10:14:16Z</time>
   </trkpt>
   <trkpt lat="43.6542480" lon="-79.3879530">
    <ele>94.0</ele>
    <time>2024-07-27T10:14:17Z</time>
   </trkpt>
   <trkpt lat="43.6542710" lon="-79.3879570">
    <ele>94.1</ele>
    <time>2024-07-27T10:14:18Z</time>
   </trkpt>
   <trkpt lat="43.6542880" lon="-79.3879950">
    <ele>94.1</ele>
    <time>2024-07-27T10:14:19Z</time>
   </trkpt>
   <trkpt lat="43.6542960" lon="-79.3880120">
    <ele>94.1</ele>
    <time>2024-07-27T10:14:20Z</time>
   </trkpt>
   <trkpt lat="43.6543180" lon="-79.3880470">
    <ele>94.1</ele>
    <time>2024-07-27T10:14:21Z</time>
   </trkpt>
   <trkpt lat="43.6543260" lon="-79.3880660">
    <ele>94.2</ele>
    <time>2024-07-27T10:14:22Z</time>
   </trkpt>
   <trkpt lat="43.6543560" lon="-79.3880650">
    <ele>94.2</ele>
    <time>2024-07-27T10:14:23Z</time>
   </trkpt>
   <trkpt lat="43.6543730" lon="-79.3881120">
    <ele>94.2</ele>
    <time>2024-07-27T10:14:24Z</time>
   </trkpt>
   <trkpt lat="43.6543860" lon="-79.3881270">
    <ele>94.3</ele>
    <time>2024-07-27T10:14:25Z</time>
   </trkpt>
   <trkpt lat="43.6543840" lon="-79.3881400">
    <ele>94.3</ele>
    <time>2024-07-27T10:14:26Z</time>
   </trkpt>
   <trkpt lat="43.6543870" lon="-79.3881390">
    <ele>94.3</ele>
    <time>2024-07-27T10:14:27Z</time>
   </trkpt>
   <trkpt lat="43.6543920" lon="-79.3881480">
    <ele>94.3</ele>
    <time>2024-07-27T10:14:28Z</time>
   </trkpt>
   <trkpt lat="43.6543890" lon="-79.3881510">
    <ele>94.3</ele>
    <time>2024-07-27T10:14:29Z</time>
   </trkpt>
   <trkpt lat="43.6543890" lon="-79.3881750">
    <ele>94.3</ele>
    <time>2024-07-27T10:14:30Z</time>
   </trkpt>
   <trkpt lat="43.6543960" lon="-79.3881810">
    <ele>94.3</ele>
    <time>2024-07-27T10:14:31Z</time>
   </trkpt>
   <trkpt lat="43.6544020" lon="-79.3881910">
    <ele>94.4</ele>
    <time>2024-07-27T10:14:32Z</time>
   </trkpt>
   <trkpt lat="43.6544050" lon="-79.3881830">
    <ele>94.4</ele>
    <time>2024-07-27T10:14:33Z</time>
   </trkpt>
   <trkpt lat="43.6544100" lon="-79.3881900">
    <ele>94.4</ele>
    <time>2024-07-27T10:14:34Z</time>
   </trkpt>
   <trkpt lat="43.6544160" lon="-79.3881980">
    <ele>94.4</ele>
    <time>2024-07-27T10:14:35Z</time>
   </trkpt>
   <trkpt lat="43.6544210" lon="-79.3882050">
    <ele>94.4</ele>
    <time>2024-07-27T10:14:36Z</time>
   </trkpt>
   <trkpt lat="43.6544270" lon="-79.3882120">
    <ele>94.4</ele>
    <time>2024-07-27T10:14:37Z</time>
   </trkpt>
   <trkpt lat="43.6544320" lon="-79.3882200">
    <ele>94.4</ele>
    <time>2024-07-27T10:14:38Z</time>
   </trkpt>
   <trkpt lat="43.6544430" lon="-79.3882280">
    <ele>94.4</ele>
    <time>2024-07-27T10:14:39Z</time>
   </trkpt>
   <trkpt lat="43.6544640" lon="-79.3882080">
    <ele>94.5</ele>
    <time>2024-07-27T10:14:40Z</time>
   </trkpt>
   <trkpt lat="43.6544890" lon="-79.3881850">
    <ele>94.5</ele>
    <time>2024-07-27T10:14:41Z</time>
   </trkpt>
   <trkpt lat="43.6545200" lon="-79.3881620">
    <ele>94.6</ele>
    <time>2024-07-27T10:14:42Z</time>
   </trkpt>
   <trkpt lat="43.6545690" lon="-79.3881490">
    <ele>94.7</ele>
    <time>2024-07-27T10:14:43Z</time>
   </trkpt>
   <trkpt lat="43.6545920" lon="-79.3881580">
    <ele>94.7</ele>
    <time>2024-07-27T10:14:44Z</time>
   </trkpt>
   <trkpt lat="43.6545970" lon="-79.3881470">
    <ele>94.7</ele>
    <time>2024-07-27T10:14:45Z</time>
   </trkpt>
   <trkpt lat="43.6546220" lon="-79.3881020">
    <ele>94.8</ele>
    <time>2024-07-27T10:14:46Z</time>
   </trkpt>
   <trkpt lat="43.6546270" lon="-79.3880860">
    <ele>94.8</ele>
    <time>2024-07-27T10:14:47Z</time>
   </trkpt>
   <trkpt lat="43.6546390" lon="-79.3880730">
    <ele>94.8</ele>
    <time>2024-07-27T10:14:48Z</time>
   </trkpt>
   <trkpt lat="43.6546500" lon="-79.3880600">
    <ele>94.8</ele>
    <time>2024-07-27T10:14:49Z</time>
   </trkpt>
   <trkpt lat="43.6546620" lon="-79.3880470">
    <ele>94.8</ele>
    <time>2024-07-27T10:14:50Z</time>
   </trkpt>
   <trkpt lat="43.6546730" lon="-79.3880340">
    <ele>94.8</ele>
    <time>2024-07-27T10:14:51Z</time>
   </trkpt>
   <trkpt lat="43.6546790" lon="-79.3880220">
    <ele>94.8</ele>
    <time>2024-07-27T10:14:52Z</time>
   </trkpt>
   <trkpt lat="43.6546850" lon="-79.3880160">
    <ele>94.8</ele>
    <time>2024-07-27T10:14:53Z</time>
   </trkpt>
   <trkpt lat="43.6546900" lon="-79.3880090">
    <ele>94.8</ele>
    <time>2024-07-27T10:14:54Z</time>
   </trkpt>
   <trkpt lat="43.6546960" lon="-79.3880030">
    <ele>94.8</ele>
    <time>2024-07-27T10:14:55Z</time>
   </trkpt>
   <trkpt lat="43.6547020" lon="-79.3879970">
    <ele>94.8</ele>
    <time>2024-07-27T10:14:56Z</time>
   </trkpt>
   <trkpt lat="43.6547050" lon="-79.3880030">
    <ele>94.7</ele>
    <time>2024-07-27T10:14:57Z</time>
   </trkpt>
   <trkpt lat="43.6547000" lon="-79.3880100">
    <ele>94.7</ele>
    <time>2024-07-27T10:14:58Z</time>
   </trkpt>
   <trkpt lat="43.6547060" lon="-79.3880100">
    <ele>94.7</ele>
    <time>2024-07-27T10:14:59Z</time>
   </trkpt>
   <trkpt lat="43.6547100" lon="-79.3879980">
    <ele>94.7</ele>
    <time>2024-07-27T10:15:00Z</time>
   </trkpt>
   <trkpt lat="43.6547220" lon="-79.3879910">
    <ele>94.7</ele>
    <time>2024-07-27T10:15:01Z</time>
   </trkpt>
   <trkpt lat="43.6547300" lon="-79.3879990">
    <ele>94.7</ele>
    <time>2024-07-27T10:15:02Z</time>
   </trkpt>
   <trkpt lat="43.6547430" lon="-79.3879950">
    <ele>94.7</ele>
    <time>2024-07-27T10:15:03Z</time>
   </trkpt>
   <trkpt lat="43.6547440" lon="-79.3879970">
    <ele>94.7</ele>
    <time>2024-07-27T10:15:04Z</time>
   </trkpt>
   <trkpt lat="43.6547370" lon="-79.3879870">
    <ele>94.7</ele>
    <time>2024-07-27T10:15:05Z</time>
   </trkpt>
   <trkpt lat="43.6547230" lon="-79.3879710">
    <ele>94.7</ele>
    <time>2024-07-27T10:15:06Z</time>
   </trkpt>
   <trkpt lat="43.6547300" lon="-79.3879730">
    <ele>94.7</ele>
    <time>2024-07-27T10:15:07Z</time>
   </trkpt>
   <trkpt lat="43.6547300" lon="-79.3879770">
    <ele>94.7</ele>
    <time>2024-07-27T10:15:08Z</time>
   </trkpt>
   <trkpt lat="43.6547280" lon="-79.3879770">
    <ele>94.7</ele>
    <time>2024-07-27T10:15:09Z</time>
   </trkpt>
   <trkpt lat="43.6547310" lon="-79.3879800">
    <ele>94.7</ele>
    <time>2024-07-27T10:15:10Z</time>
   </trkpt>
   <trkpt lat="43.6547360" lon="-79.3879800">
    <ele>94.7</ele>
    <time>2024-07-27T10:15:11Z</time>
   </trkpt>
   <trkpt lat="43.6547450" lon="-79.3879800">
    <ele>94.7</ele>
    <time>2024-07-27T10:15:12Z</time>
   </trkpt>
   <trkpt lat="43.6547510" lon="-79.3879890">
    <ele>94.7</ele>
    <time>2024-07-27T10:15:13Z</time>
   </trkpt>
   <trkpt lat="43.6547510" lon="-79.3879870">
    <ele>94.7</ele>
    <time>2024-07-27T10:15:14Z</time>
   </trkpt>
   <trkpt lat="43.6547580" lon="-79.3879970">
    <ele>94.7</ele>
    <time>2024-07-27T10:15:15Z</time>
   </trkpt>
   <trkpt lat="43.6547560" lon="-79.3879930">
    <ele>94.7</ele>
    <time>2024-07-27T10:15:16Z</time>
   </trkpt>
   <trkpt lat="43.6547590" lon="-79.3879890">
    <ele>94.7</ele>
    <time>2024-07-27T10:15:17Z</time>
   </trkpt>
   <trkpt lat="43.6547770" lon="-79.3879980">
    <ele>94.8</ele>
    <time>2024-07-27T10:15:18Z</time>
   </trkpt>
   <trkpt lat="43.6547890" lon="-79.3879970">
    <ele>94.8</ele>
    <time>2024-07-27T10:15:19Z</time>
   </trkpt>
   <trkpt lat="43.6547980" lon="-79.3879950">
    <ele>94.8</ele>
    <time>2024-07-27T10:15:20Z</time>
   </trkpt>
   <trkpt lat="43.6548070" lon="-79.3879970">
    <ele>94.8</ele>
    <time>2024-07-27T10:15:21Z</time>
   </trkpt>
   <trkpt lat="43.6548170" lon="-79.3880000">
    <ele>94.8</ele>
    <time>2024-07-27T10:15:22Z</time>
   </trkpt>
   <trkpt lat="43.6548260" lon="-79.3880030">
    <ele>94.8</ele>
    <time>2024-07-27T10:15:23Z</time>
   </trkpt>
   <trkpt lat="43.6548350" lon="-79.3880050">
    <ele>94.8</ele>
    <time>2024-07-27T10:15:24Z</time>
   </trkpt>
   <trkpt lat="43.6548440" lon="-79.3880080">
    <ele>94.9</ele>
    <time>2024-07-27T10:15:25Z</time>
   </trkpt>
   <trkpt lat="43.6548850" lon="-79.3880290">
    <ele>94.9</ele>
    <time>2024-07-27T10:15:26Z</time>
   </trkpt>
   <trkpt lat="43.6548980" lon="-79.3880330">
    <ele>94.9</ele>
    <time>2024-07-27T10:15:27Z</time>
   </trkpt>
   <trkpt lat="43.6549100" lon="-79.3880380">
    <ele>94.9</ele>
    <time>2024-07-27T10:15:28Z</time>
   </trkpt>
   <trkpt lat="43.6549210" lon="-79.3880440">
    <ele>94.9</ele>
    <time>2024-07-27T10:15:29Z</time>
   </trkpt>
   <trkpt lat="43.6549430" lon="-79.3880440">
    <ele>94.9</ele>
    <time>2024-07-27T10:15:30Z</time>
   </trkpt>
   <trkpt lat="43.6549510" lon="-79.3880550">
    <ele>94.9</ele>
    <time>2024-07-27T10:15:31Z</time>
   </trkpt>
   <trkpt lat="43.6549860" lon="-79.3880700">
    <ele>95.0</ele>
    <time>2024-07-27T10:15:33Z</time>
   </trkpt>
   <trkpt lat="43.6550130" lon="-79.3880910">
    <ele>95.0</ele>
    <time>2024-07-27T10:15:34Z</time>
   </trkpt>
   <trkpt lat="43.6550200" lon="-79.3880980">
    <ele>95.0</ele>
    <time>2024-07-27T10:15:35Z</time>
   </trkpt>
   <trkpt lat="43.6550400" lon="-79.3881130">
    <ele>95.0</ele>
    <time>2024-07-27T10:15:36Z</time>
   </trkpt>
   <trkpt lat="43.6550530" lon="-79.3881210">
    <ele>95.0</ele>
    <time>2024-07-27T10:15:37Z</time>
   </trkpt>
   <trkpt lat="43.6550670" lon="-79.3881290">
    <ele>95.1</ele>
    <time>2024-07-27T10:15:38Z</time>
   </trkpt>
   <trkpt lat="43.6550990" lon="-79.3881540">
    <ele>95.1</ele>
    <time>2024-07-27T10:15:39Z</time>
   </trkpt>
   <trkpt lat="43.6551230" lon="-79.3881790">
    <ele>95.1</ele>
    <time>2024-07-27T10:15:40Z</time>
   </trkpt>
   <trkpt lat="43.6551580" lon="-79.3882040">
    <ele>95.2</ele>
    <time>2024-07-27T10:15:41Z</time>
   </trkpt>
   <trkpt lat="43.6551710" lon="-79.3882130">
    <ele>95.2</ele>
    <time>2024-07-27T10:15:42Z</time>
   </trkpt>
   <trkpt lat="43.6552050" lon="-79.3882290">
    <ele>95.2</ele>
    <time>2024-07-27T10:15:43Z</time>
   </trkpt>
   <trkpt lat="43.6552160" lon="-79.3882380">
    <ele>95.3</ele>
    <time>2024-07-27T10:15:44Z</time>
   </trkpt>
   <trkpt lat="43.6552430" lon="-79.3882620">
    <ele>95.3</ele>
    <time>2024-07-27T10:15:45Z</time>
   </trkpt>
   <trkpt lat="43.6552710" lon="-79.3882840">
    <ele>95.3</ele>
    <time>2024-07-27T10:15:46Z</time>
   </trkpt>
   <trkpt lat="43.6552750" lon="-79.3882910">
    <ele>95.3</ele>
    <time>2024-07-27T10:15:47Z</time>
   </trkpt>
   <trkpt lat="43.6553160" lon="-79.3883070">
    <ele>95.4</ele>
    <time>2024-07-27T10:15:48Z</time>
   </trkpt>
   <trkpt lat="43.6553310" lon="-79.3883170">
    <ele>95.4</ele>
    <time>2024-07-27T10:15:49Z</time>
   </trkpt>
   <trkpt lat="43.6553740" lon="-79.3883380">
    <ele>95.5</ele>
    <time>2024-07-27T10:15:50Z</time>
   </trkpt>
   <trkpt lat="43.6554050" lon="-79.3883570">
    <ele>95.5</ele>
    <time>2024-07-27T10:15:51Z</time>
   </trkpt>
   <trkpt lat="43.6555020" lon="-79.3883820">
    <ele>95.7</ele>
    <time>2024-07-27T10:15:52Z</time>
   </trkpt>
   <trkpt lat="43.6555190" lon="-79.3883760">
    <ele>95.7</ele>
    <time>2024-07-27T10:15:53Z</time>
   </trkpt>
   <trkpt lat="43.6555280" lon="-79.3883730">
    <ele>95.7</ele>
    <time>2024-07-27T10:15:54Z</time>
   </trkpt>
   <trkpt lat="43.6555360" lon="-79.3883710">
    <ele>95.7</ele>
    <time>2024-07-27T10:15:55Z</time>
   </trkpt>
   <trkpt lat="43.6555440" lon="-79.3883680">
    <ele>95.7</ele>
    <time>2024-07-27T10:15:56Z</time>
   </trkpt>
   <trkpt lat="43.6555930" lon="-79.3883960">
    <ele>95.8</ele>
    <time>2024-07-27T10:15:57Z</time>
   </trkpt>
   <trkpt lat="43.6556190" lon="-79.3883860">
    <ele>95.8</ele>
    <time>2024-07-27T10:15:58Z</time>
   </trkpt>
   <trkpt lat="43.6556750" lon="-79.3884100">
    <ele>95.9</ele>
    <time>2024-07-27T10:15:59Z</time>
   </trkpt>
   <trkpt lat="43.6557000" lon="-79.3884120">
    <ele>95.9</ele>
    <time>2024-07-27T10:16:00Z</time>
   </trkpt>
   <trkpt lat="43.6557070" lon="-79.3884180">
    <ele>95.9</ele>
    <time>2024-07-27T10:16:01Z</time>
   </trkpt>
   <trkpt lat="43.6557140" lon="-79.3884240">
    <ele>95.9</ele>
    <time>2024-07-27T10:16:02Z</time>
   </trkpt>
   <trkpt lat="43.6557160" lon="-79.3884320">
    <ele>95.9</ele>
    <time>2024-07-27T10:16:03Z</time>
   </trkpt>
   <trkpt lat="43.6557280" lon="-79.3884480">
    <ele>95.9</ele>
    <time>2024-07-27T10:16:04Z</time>
   </trkpt>
   <trkpt lat="43.6557300" lon="-79.3884520">
    <ele>95.9</ele>
    <time>2024-07-27T10:16:05Z</time>
   </trkpt>
   <trkpt lat="43.6557390" lon="-79.3884370">
    <ele>95.9</ele>
    <time>2024-07-27T10:16:06Z</time>
   </trkpt>
   <trkpt lat="43.6557850" lon="-79.3884470">
    <ele>96.0</ele>
    <time>2024-07-27T10:16:07Z</time>
   </trkpt>
   <trkpt lat="43.6558070" lon="-79.3884520">
    <ele>96.0</ele>
    <time>2024-07-27T10:16:08Z</time>
   </trkpt>
   <trkpt lat="43.6558770" lon="-79.3885450">
    <ele>96.1</ele>
    <time>2024-07-27T10:16:09Z</time>
   </trkpt>
   <trkpt lat="43.6558810" lon="-79.3885080">
    <ele>96.1</ele>
    <time>2024-07-27T10:16:10Z</time>
   </trkpt>
   <trkpt lat="43.6558990" lon="-79.3884950">
    <ele>96.2</ele>
    <time>2024-07-27T10:16:11Z</time>
   </trkpt>
   <trkpt lat="43.6559150" lon="-79.3884930">
    <ele>96.2</ele>
    <time>2024-07-27T10:16:12Z</time>
   </trkpt>
   <trkpt lat="43.6559340" lon="-79.3885020">
    <ele>96.2</ele>
    <time>2024-07-27T10:16:13Z</time>
   </trkpt>
   <trkpt lat="43.6559810" lon="-79.3885510">
    <ele>96.3</ele>
    <time>2024-07-27T10:16:14Z</time>
   </trkpt>
   <trkpt lat="43.6560080" lon="-79.3885800">
    <ele>96.3</ele>
    <time>2024-07-27T10:16:15Z</time>
   </trkpt>
   <trkpt lat="43.6560290" lon="-79.3885540">
    <ele>96.3</ele>
    <time>2024-07-27T10:16:16Z</time>
   </trkpt>
   <trkpt lat="43.6560590" lon="-79.3885380">
    <ele>96.3</ele>
    <time>2024-07-27T10:16:17Z</time>
   </trkpt>
   <trkpt lat="43.6560830" lon="-79.3885440">
    <ele>96.4</ele>
    <time>2024-07-27T10:16:18Z</time>
   </trkpt>
   <trkpt lat="43.6560960" lon="-79.3885440">
    <ele>96.4</ele>
    <time>2024-07-27T10:16:19Z</time>
   </trkpt>
   <trkpt lat="43.6561160" lon="-79.3885400">
    <ele>96.4</ele>
    <time>2024-07-27T10:16:20Z</time>
   </trkpt>
   <trkpt lat="43.6561430" lon="-79.3885500">
    <ele>96.4</ele>
    <time>2024-07-27T10:16:21Z</time>
   </trkpt>
   <trkpt lat="43.6561800" lon="-79.3885710">
    <ele>96.5</ele>
    <time>2024-07-27T10:16:22Z</time>
   </trkpt>
   <trkpt lat="43.6561930" lon="-79.3885850">
    <ele>96.5</ele>
    <time>2024-07-27T10:16:23Z</time>
   </trkpt>
   <trkpt lat="43.6562240" lon="-79.3886010">
    <ele>96.5</ele>
    <time>2024-07-27T10:16:24Z</time>
   </trkpt>
   <trkpt lat="43.6562420" lon="-79.3886120">
    <ele>96.6</ele>
    <time>2024-07-27T10:16:25Z</time>
   </trkpt>
   <trkpt lat="43.6562790" lon="-79.3886260">
    <ele>96.6</ele>
    <time>2024-07-27T10:16:26Z</time>
   </trkpt>
   <trkpt lat="43.6562920" lon="-79.3886280">
    <ele>96.6</ele>
    <time>2024-07-27T10:16:27Z</time>
   </trkpt>
   <trkpt lat="43.6563220" lon="-79.3886630">
    <ele>96.7</ele>
    <time>2024-07-27T10:16:28Z</time>
   </trkpt>
   <trkpt lat="43.6563370" lon="-79.3886860">
    <ele>96.7</ele>
    <time>2024-07-27T10:16:29Z</time>
   </trkpt>
   <trkpt lat="43.6563690" lon="-79.3887100">
    <ele>96.8</ele>
    <time>2024-07-27T10:16:30Z</time>
   </trkpt>
   <trkpt lat="43.6564040" lon="-79.3887340">
    <ele>96.8</ele>
    <time>2024-07-27T10:16:31Z</time>
   </trkpt>
   <trkpt lat="43.6564110" lon="-79.3887780">
    <ele>96.8</ele>
    <time>2024-07-27T10:16:32Z</time>
   </trkpt>
   <trkpt lat="43.6564350" lon="-79.3887010">
    <ele>96.8</ele>
    <time>2024-07-27T10:16:33Z</time>
   </trkpt>
   <trkpt lat="43.6564620" lon="-79.3887070">
    <ele>96.9</ele>
    <time>2024-07-27T10:16:34Z</time>
   </trkpt>
   <trkpt lat="43.6565000" lon="-79.3887090">
    <ele>97.0</ele>
    <time>2024-07-27T10:16:35Z</time>
   </trkpt>
   <trkpt lat="43.6565140" lon="-79.3887150">
    <ele>97.0</ele>
    <time>2024-07-27T10:16:36Z</time>
   </trkpt>
   <trkpt lat="43.6565370" lon="-79.3887280">
    <ele>97.0</ele>
    <time>2024-07-27T10:16:37Z</time>
   </trkpt>
   <trkpt lat="43.6565480" lon="-79.3887310">
    <ele>97.0</ele>
    <time>2024-07-27T10:16:38Z</time>
   </trkpt>
   <trkpt lat="43.6565580" lon="-79.3887540">
    <ele>97.1</ele>
    <time>2024-07-27T10:16:39Z</time>
   </trkpt>
   <trkpt lat="43.6565730" lon="-79.3887640">
    <ele>97.1</ele>
    <time>2024-07-27T10:16:40Z</time>
   </trkpt>
   <trkpt lat="43.6565990" lon="-79.3887890">
    <ele>97.1</ele>
    <time>2024-07-27T10:16:41Z</time>
   </trkpt>
   <trkpt lat="43.6566210" lon="-79.3887990">
    <ele>97.2</ele>
    <time>2024-07-27T10:16:42Z</time>
   </trkpt>
   <trkpt lat="43.6566450" lon="-79.3888240">
    <ele>97.2</ele>
    <time>2024-07-27T10:16:43Z</time>
   </trkpt>
   <trkpt lat="43.6566740" lon="-79.3888470">
    <ele>97.2</ele>
    <time>2024-07-27T10:16:44Z</time>
   </trkpt>
   <trkpt lat="43.6566900" lon="-79.3888640">
    <ele>97.3</ele>
    <time>2024-07-27T10:16:45Z</time>
   </trkpt>
   <trkpt lat="43.6567290" lon="-79.3888830">
    <ele>97.3</ele>
    <time>2024-07-27T10:16:46Z</time>
   </trkpt>
   <trkpt lat="43.6567490" lon="-79.3889000">
    <ele>97.4</ele>
    <time>2024-07-27T10:16:47Z</time>
   </trkpt>
   <trkpt lat="43.6567630" lon="-79.3889050">
    <ele>97.4</ele>
    <time>2024-07-27T10:16:48Z</time>
   </trkpt>
   <trkpt lat="43.6567760" lon="-79.3888840">
    <ele>97.4</ele>
    <time>2024-07-27T10:16:49Z</time>
   </trkpt>
   <trkpt lat="43.6568150" lon="-79.3888920">
    <ele>97.5</ele>
    <time>2024-07-27T10:16:50Z</time>
   </trkpt>
   <trkpt lat="43.6568320" lon="-79.3888950">
    <ele>97.5</ele>
    <time>2024-07-27T10:16:51Z</time>
   </trkpt>
   <trkpt lat="43.6568610" lon="-79.3889040">
    <ele>97.5</ele>
    <time>2024-07-27T10:16:52Z</time>
   </trkpt>
   <trkpt lat="43.6568700" lon="-79.3889050">
    <ele>97.5</ele>
    <time>2024-07-27T10:16:53Z</time>
   </trkpt>
   <trkpt lat="43.6568790" lon="-79.3889270">
    <ele>97.6</ele>
    <time>2024-07-27T10:16:54Z</time>
   </trkpt>
   <trkpt lat="43.6568960" lon="-79.3889260">
    <ele>97.6</ele>
    <time>2024-07-27T10:16:55Z</time>
   </trkpt>
   <trkpt lat="43.6569080" lon="-79.3889210">
    <ele>97.6</ele>
    <time>2024-07-27T10:16:56Z</time>
   </trkpt>
   <trkpt lat="43.6569310" lon="-79.3889170">
    <ele>97.6</ele>
    <time>2024-07-27T10:16:57Z</time>
   </trkpt>
   <trkpt lat="43.6569670" lon="-79.3889420">
    <ele>97.7</ele>
    <time>2024-07-27T10:16:58Z</time>
   </trkpt>
   <trkpt lat="43.6570050" lon="-79.3889650">
    <ele>97.8</ele>
    <time>2024-07-27T10:16:59Z</time>
   </trkpt>
   <trkpt lat="43.6570350" lon="-79.3890010">
    <ele>97.8</ele>
    <time>2024-07-27T10:17:00Z</time>
   </trkpt>
   <trkpt lat="43.6570500" lon="-79.3890140">
    <ele>97.9</ele>
    <time>2024-07-27T10:17:01Z</time>
   </trkpt>
   <trkpt lat="43.6570760" lon="-79.3890200">
    <ele>97.9</ele>
    <time>2024-07-27T10:17:02Z</time>
   </trkpt>
   <trkpt lat="43.6570890" lon="-79.3890220">
    <ele>98.0</ele>
    <time>2024-07-27T10:17:03Z</time>
   </trkpt>
   <trkpt lat="43.6571200" lon="-79.3890300">
    <ele>98.0</ele>
    <time>2024-07-27T10:17:04Z</time>
   </trkpt>
   <trkpt lat="43.6571280" lon="-79.3890320">
    <ele>98.1</ele>
    <time>2024-07-27T10:17:05Z</time>
   </trkpt>
   <trkpt lat="43.6571670" lon="-79.3890710">
    <ele>98.2</ele>
    <time>2024-07-27T10:17:06Z</time>
   </trkpt>
   <trkpt lat="43.6571990" lon="-79.3890770">
    <ele>98.2</ele>
    <time>2024-07-27T10:17:07Z</time>
   </trkpt>
   <trkpt lat="43.6572100" lon="-79.3890810">
    <ele>98.3</ele>
    <time>2024-07-27T10:17:08Z</time>
   </trkpt>
   <trkpt lat="43.6572430" lon="-79.3890900">
    <ele>98.3</ele>
    <time>2024-07-27T10:17:09Z</time>
   </trkpt>
   <trkpt lat="43.6572850" lon="-79.3891290">
    <ele>98.5</ele>
    <time>2024-07-27T10:17:10Z</time>
   </trkpt>
   <trkpt lat="43.6573150" lon="-79.3891120">
    <ele>98.5</ele>
    <time>2024-07-27T10:17:11Z</time>
   </trkpt>
   <trkpt lat="43.6573890" lon="-79.3891230">
    <ele>98.7</ele>
    <time>2024-07-27T10:17:12Z</time>
   </trkpt>
   <trkpt lat="43.6574240" lon="-79.3891360">
    <ele>98.7</ele>
    <time>2024-07-27T10:17:13Z</time>
   </trkpt>
   <trkpt lat="43.6574330" lon="-79.3891390">
    <ele>98.8</ele>
    <time>2024-07-27T10:17:14Z</time>
   </trkpt>
   <trkpt lat="43.6574590" lon="-79.3891590">
    <ele>98.8</ele>
    <time>2024-07-27T10:17:15Z</time>
   </trkpt>
   <trkpt lat="43.6574800" lon="-79.3891760">
    <ele>98.9</ele>
    <time>2024-07-27T10:17:16Z</time>
   </trkpt>
   <trkpt lat="43.6574910" lon="-79.3891840">
    <ele>98.9</ele>
    <time>2024-07-27T10:17:17Z</time>
   </trkpt>
   <trkpt lat="43.6575800" lon="-79.3892270">
    <ele>99.1</ele>
    <time>2024-07-27T10:17:18Z</time>
   </trkpt>
   <trkpt lat="43.6576080" lon="-79.3892210">
    <ele>99.1</ele>
    <time>2024-07-27T10:17:19Z</time>
   </trkpt>
   <trkpt lat="43.6576150" lon="-79.3892070">
    <ele>99.1</ele>
    <time>2024-07-27T10:17:20Z</time>
   </trkpt>
   <trkpt lat="43.6576220" lon="-79.3891930">
    <ele>99.2</ele>
    <time>2024-07-27T10:17:21Z</time>
   </trkpt>
   <trkpt lat="43.6576290" lon="-79.3891800">
    <ele>99.2</ele>
    <time>2024-07-27T10:17:22Z</time>
   </trkpt>
   <trkpt lat="43.6576360" lon="-79.3891660">
    <ele>99.2</ele>
    <time>2024-07-27T10:17:23Z</time>
   </trkpt>
   <trkpt lat="43.6576530" lon="-79.3891670">
    <ele>99.2</ele>
    <time>2024-07-27T10:17:24Z</time>
   </trkpt>
   <trkpt lat="43.6576710" lon="-79.3891770">
    <ele>99.2</ele>
    <time>2024-07-27T10:17:25Z</time>
   </trkpt>
   <trkpt lat="43.6576900" lon="-79.3891870">
    <ele>99.3</ele>
    <time>2024-07-27T10:17:26Z</time>
   </trkpt>
   <trkpt lat="43.6577050" lon="-79.3892000">
    <ele>99.3</ele>
    <time>2024-07-27T10:17:27Z</time>
   </trkpt>
   <trkpt lat="43.6577040" lon="-79.3892030">
    <ele>99.3</ele>
    <time>2024-07-27T10:17:28Z</time>
   </trkpt>
   <trkpt lat="43.6577110" lon="-79.3892190">
    <ele>99.3</ele>
    <time>2024-07-27T10:17:29Z</time>
   </trkpt>
   <trkpt lat="43.6577280" lon="-79.3893200">
    <ele>99.4</ele>
    <time>2024-07-27T10:17:30Z</time>
   </trkpt>
   <trkpt lat="43.6577420" lon="-79.3893200">
    <ele>99.4</ele>
    <time>2024-07-27T10:17:31Z</time>
   </trkpt>
   <trkpt lat="43.6577600" lon="-79.3893250">
    <ele>99.5</ele>
    <time>2024-07-27T10:17:32Z</time>
   </trkpt>
   <trkpt lat="43.6577870" lon="-79.3893350">
    <ele>99.5</ele>
    <time>2024-07-27T10:17:33Z</time>
   </trkpt>
   <trkpt lat="43.6578190" lon="-79.3893440">
    <ele>99.6</ele>
    <time>2024-07-27T10:17:34Z</time>
   </trkpt>
   <trkpt lat="43.6578310" lon="-79.3893490">
    <ele>99.6</ele>
    <time>2024-07-27T10:17:35Z</time>
   </trkpt>
   <trkpt lat="43.6578670" lon="-79.3893650">
    <ele>99.6</ele>
    <time>2024-07-27T10:17:36Z</time>
   </trkpt>
   <trkpt lat="43.6578780" lon="-79.3893700">
    <ele>99.7</ele>
    <time>2024-07-27T10:17:37Z</time>
   </trkpt>
   <trkpt lat="43.6579160" lon="-79.3893830">
    <ele>99.7</ele>
    <time>2024-07-27T10:17:39Z</time>
   </trkpt>
   <trkpt lat="43.6579310" lon="-79.3893880">
    <ele>99.7</ele>
    <time>2024-07-27T10:17:40Z</time>
   </trkpt>
   <trkpt lat="43.6579600" lon="-79.3893980">
    <ele>99.8</ele>
    <time>2024-07-27T10:17:41Z</time>
   </trkpt>
   <trkpt lat="43.6579850" lon="-79.3894120">
    <ele>99.8</ele>
    <time>2024-07-27T10:17:42Z</time>
   </trkpt>
   <trkpt lat="43.6580190" lon="-79.3894510">
    <ele>99.9</ele>
    <time>2024-07-27T10:17:43Z</time>
   </trkpt>
   <trkpt lat="43.6580320" lon="-79.3894700">
    <ele>99.9</ele>
    <time>2024-07-27T10:17:44Z</time>
   </trkpt>
   <trkpt lat="43.6580460" lon="-79.3894790">
    <ele>99.9</ele>
    <time>2024-07-27T10:17:45Z</time>
   </trkpt>
   <trkpt lat="43.6580850" lon="-79.3895100">
    <ele>100.0</ele>
    <time>2024-07-27T10:17:46Z</time>
   </trkpt>
   <trkpt lat="43.6581040" lon="-79.3895200">
    <ele>100.0</ele>
    <time>2024-07-27T10:17:47Z</time>
   </trkpt>
   <trkpt lat="43.6581310" lon="-79.3895590">
    <ele>100.1</ele>
    <time>2024-07-27T10:17:48Z</time>
   </trkpt>
   <trkpt lat="43.6581660" lon="-79.3895760">
    <ele>100.1</ele>
    <time>2024-07-27T10:17:49Z</time>
   </trkpt>
   <trkpt lat="43.6582070" lon="-79.3896320">
    <ele>100.2</ele>
    <time>2024-07-27T10:17:50Z</time>
   </trkpt>
   <trkpt lat="43.6582080" lon="-79.3896390">
    <ele>100.2</ele>
    <time>2024-07-27T10:17:51Z</time>
   </trkpt>
   <trkpt lat="43.6582340" lon="-79.3896560">
    <ele>100.3</ele>
    <time>2024-07-27T10:17:52Z</time>
   </trkpt>
   <trkpt lat="43.6582700" lon="-79.3896540">
    <ele>100.3</ele>
    <time>2024-07-27T10:17:53Z</time>
   </trkpt>
   <trkpt lat="43.6582810" lon="-79.3896550">
    <ele>100.4</ele>
    <time>2024-07-27T10:17:54Z</time>
   </trkpt>
   <trkpt lat="43.6583230" lon="-79.3896430">
    <ele>100.4</ele>
    <time>2024-07-27T10:17:55Z</time>
   </trkpt>
   <trkpt lat="43.6583430" lon="-79.3896420">
    <ele>100.5</ele>
    <time>2024-07-27T10:17:56Z</time>
   </trkpt>
   <trkpt lat="43.6583730" lon="-79.3896420">
    <ele>100.5</ele>
    <time>2024-07-27T10:17:57Z</time>
   </trkpt>
   <trkpt lat="43.6584030" lon="-79.3896620">
    <ele>100.6</ele>
    <time>2024-07-27T10:17:58Z</time>
   </trkpt>
   <trkpt lat="43.6584150" lon="-79.3896720">
    <ele>100.6</ele>
    <time>2024-07-27T10:17:59Z</time>
   </trkpt>
   <trkpt lat="43.6584540" lon="-79.3896950">
    <ele>100.7</ele>
    <time>2024-07-27T10:18:00Z</time>
   </trkpt>
   <trkpt lat="43.6584980" lon="-79.3897040">
    <ele>100.8</ele>
    <time>2024-07-27T10:18:01Z</time>
   </trkpt>
   <trkpt lat="43.6585210" lon="-79.3897070">
    <ele>100.8</ele>
    <time>2024-07-27T10:18:02Z</time>
   </trkpt>
   <trkpt lat="43.6585330" lon="-79.3897170">
    <ele>100.8</ele>
    <time>2024-07-27T10:18:03Z</time>
   </trkpt>
   <trkpt lat="43.6585680" lon="-79.3897310">
    <ele>100.8</ele>
    <time>2024-07-27T10:18:04Z</time>
   </trkpt>
   <trkpt lat="43.6585960" lon="-79.3897230">
    <ele>100.9</ele>
    <time>2024-07-27T10:18:05Z</time>
   </trkpt>
   <trkpt lat="43.6586140" lon="-79.3897420">
    <ele>100.9</ele>
    <time>2024-07-27T10:18:06Z</time>
   </trkpt>
   <trkpt lat="43.6586280" lon="-79.3897310">
    <ele>100.9</ele>
    <time>2024-07-27T10:18:07Z</time>
   </trkpt>
   <trkpt lat="43.6586460" lon="-79.3897150">
    <ele>101.0</ele>
    <time>2024-07-27T10:18:08Z</time>
   </trkpt>
   <trkpt lat="43.6586570" lon="-79.3897200">
    <ele>101.0</ele>
    <time>2024-07-27T10:18:09Z</time>
   </trkpt>
   <trkpt lat="43.6586680" lon="-79.3897250">
    <ele>101.0</ele>
    <time>2024-07-27T10:18:10Z</time>
   </trkpt>
   <trkpt lat="43.6586800" lon="-79.3897300">
    <ele>101.0</ele>
    <time>2024-07-27T10:18:11Z</time>
   </trkpt>
   <trkpt lat="43.6587210" lon="-79.3897240">
    <ele>101.1</ele>
    <time>2024-07-27T10:18:12Z</time>
   </trkpt>
   <trkpt lat="43.6587360" lon="-79.3897180">
    <ele>101.1</ele>
    <time>2024-07-27T10:18:13Z</time>
   </trkpt>
   <trkpt lat="43.6587580" lon="-79.3897260">
    <ele>101.1</ele>
    <time>2024-07-27T10:18:14Z</time>
   </trkpt>
   <trkpt lat="43.6587700" lon="-79.3897210">
    <ele>101.1</ele>
    <time>2024-07-27T10:18:15Z</time>
   </trkpt>
   <trkpt lat="43.6587820" lon="-79.3897150">
    <ele>101.2</ele>
    <time>2024-07-27T10:18:16Z</time>
   </trkpt>
   <trkpt lat="43.6587880" lon="-79.3897070">
    <ele>101.2</ele>
    <time>2024-07-27T10:18:17Z</time>
   </trkpt>
   <trkpt lat="43.6588140" lon="-79.3897070">
    <ele>101.2</ele>
    <time>2024-07-27T10:18:18Z</time>
   </trkpt>
   <trkpt lat="43.6588440" lon="-79.3897250">
    <ele>101.3</ele>
    <time>2024-07-27T10:18:19Z</time>
   </trkpt>
   <trkpt lat="43.6588530" lon="-79.3897360">
    <ele>101.3</ele>
    <time>2024-07-27T10:18:20Z</time>
   </trkpt>
   <trkpt lat="43.6588900" lon="-79.3897320">
    <ele>101.3</ele>
    <time>2024-07-27T10:18:21Z</time>
   </trkpt>
   <trkpt lat="43.6589040" lon="-79.3897300">
    <ele>101.4</ele>
    <time>2024-07-27T10:18:22Z</time>
   </trkpt>
   <trkpt lat="43.6589260" lon="-79.3897440">
    <ele>101.4</ele>
    <time>2024-07-27T10:18:23Z</time>
   </trkpt>
   <trkpt lat="43.6589360" lon="-79.3897640">
    <ele>101.4</ele>
    <time>2024-07-27T10:18:24Z</time>
   </trkpt>
   <trkpt lat="43.6589640" lon="-79.3897730">
    <ele>101.4</ele>
    <time>2024-07-27T10:18:25Z</time>
   </trkpt>
   <trkpt lat="43.6589980" lon="-79.3897640">
    <ele>101.5</ele>
    <time>2024-07-27T10:18:26Z</time>
   </trkpt>
   <trkpt lat="43.6590100" lon="-79.3897710">
    <ele>101.5</ele>
    <time>2024-07-27T10:18:27Z</time>
   </trkpt>
   <trkpt lat="43.6590380" lon="-79.3897740">
    <ele>101.5</ele>
    <time>2024-07-27T10:18:28Z</time>
   </trkpt>
   <trkpt lat="43.6590460" lon="-79.3897760">
    <ele>101.5</ele>
    <time>2024-07-27T10:18:29Z</time>
   </trkpt>
   <trkpt lat="43.6590970" lon="-79.3898050">
    <ele>101.6</ele>
    <time>2024-07-27T10:18:30Z</time>
   </trkpt>
   <trkpt lat="43.6591220" lon="-79.3898330">
    <ele>101.7</ele>
    <time>2024-07-27T10:18:31Z</time>
   </trkpt>
   <trkpt lat="43.6591570" lon="-79.3898410">
    <ele>101.7</ele>
    <time>2024-07-27T10:18:32Z</time>
   </trkpt>
   <trkpt lat="43.6591690" lon="-79.3898430">
    <ele>101.7</ele>
    <time>2024-07-27T10:18:33Z</time>
   </trkpt>
   <trkpt lat="43.6591980" lon="-79.3898050">
    <ele>101.8</ele>
    <time>2024-07-27T10:18:34Z</time>
   </trkpt>
   <trkpt lat="43.6592350" lon="-79.3898320">
    <ele>101.8</ele>
    <time>2024-07-27T10:18:35Z</time>
   </trkpt>
   <trkpt lat="43.6592530" lon="-79.3898350">
    <ele>101.8</ele>
    <time>2024-07-27T10:18:36Z</time>
   </trkpt>
   <trkpt lat="43.6592940" lon="-79.3898530">
    <ele>101.9</ele>
    <time>2024-07-27T10:18:37Z</time>
   </trkpt>
   <trkpt lat="43.6593390" lon="-79.3898720">
    <ele>101.9</ele>
    <time>2024-07-27T10:18:38Z</time>
   </trkpt>
   <trkpt lat="43.6593530" lon="-79.3898750">
    <ele>102.0</ele>
    <time>2024-07-27T10:18:39Z</time>
   </trkpt>
   <trkpt lat="43.6593630" lon="-79.3898970">
    <ele>102.0</ele>
    <time>2024-07-27T10:18:40Z</time>
   </trkpt>
   <trkpt lat="43.6593800" lon="-79.3899400">
    <ele>102.0</ele>
    <time>2024-07-27T10:18:41Z</time>
   </trkpt>
   <trkpt lat="43.6593840" lon="-79.3899490">
    <ele>102.0</ele>
    <time>2024-07-27T10:18:42Z</time>
   </trkpt>
   <trkpt lat="43.6593970" lon="-79.3899970">
    <ele>102.1</ele>
    <time>2024-07-27T10:18:43Z</time>
   </trkpt>
   <trkpt lat="43.6594230" lon="-79.3900140">
    <ele>102.1</ele>
    <time>2024-07-27T10:18:44Z</time>
   </trkpt>
   <trkpt lat="43.6594600" lon="-79.3900380">
    <ele>102.2</ele>
    <time>2024-07-27T10:18:45Z</time>
   </trkpt>
   <trkpt lat="43.6594940" lon="-79.3900410">
    <ele>102.2</ele>
    <time>2024-07-27T10:18:46Z</time>
   </trkpt>
   <trkpt lat="43.6595090" lon="-79.3900410">
    <ele>102.2</ele>
    <time>2024-07-27T10:18:47Z</time>
   </trkpt>
   <trkpt lat="43.6595250" lon="-79.3900940">
    <ele>102.3</ele>
    <time>2024-07-27T10:18:48Z</time>
   </trkpt>
   <trkpt lat="43.6595380" lon="-79.3901360">
    <ele>102.3</ele>
    <time>2024-07-27T10:18:49Z</time>
   </trkpt>
   <trkpt lat="43.6595660" lon="-79.3901420">
    <ele>102.4</ele>
    <time>2024-07-27T10:18:50Z</time>
   </trkpt>
   <trkpt lat="43.6595900" lon="-79.3901440">
    <ele>102.4</ele>
    <time>2024-07-27T10:18:51Z</time>
   </trkpt>
   <trkpt lat="43.6596020" lon="-79.3901300">
    <ele>102.4</ele>
    <time>2024-07-27T10:18:52Z</time>
   </trkpt>
   <trkpt lat="43.6596150" lon="-79.3901720">
    <ele>102.5</ele>
    <time>2024-07-27T10:18:53Z</time>
   </trkpt>
   <trkpt lat="43.6596560" lon="-79.3901160">
    <ele>102.6</ele>
    <time>2024-07-27T10:18:54Z</time>
   </trkpt>
   <trkpt lat="43.6596830" lon="-79.3901290">
    <ele>102.6</ele>
    <time>2024-07-27T10:18:55Z</time>
   </trkpt>
   <trkpt lat="43.6597160" lon="-79.3901400">
    <ele>102.7</ele>
    <time>2024-07-27T10:18:56Z</time>
   </trkpt>
   <trkpt lat="43.6597260" lon="-79.3901470">
    <ele>102.7</ele>
    <time>2024-07-27T10:18:57Z</time>
   </trkpt>
   <trkpt lat="43.6597480" lon="-79.3901700">
    <ele>102.7</ele>
    <time>2024-07-27T10:18:58Z</time>
   </trkpt>
   <trkpt lat="43.6597820" lon="-79.3901840">
    <ele>102.8</ele>
    <time>2024-07-27T10:18:59Z</time>
   </trkpt>
   <trkpt lat="43.6597950" lon="-79.3901740">
    <ele>102.8</ele>
    <time>2024-07-27T10:19:00Z</time>
   </trkpt>
   <trkpt lat="43.6598170" lon="-79.3901720">
    <ele>102.8</ele>
    <time>2024-07-27T10:19:01Z</time>
   </trkpt>
   <trkpt lat="43.6598260" lon="-79.3901710">
    <ele>102.8</ele>
    <time>2024-07-27T10:19:02Z</time>
   </trkpt>
   <trkpt lat="43.6598360" lon="-79.3901690">
    <ele>102.9</ele>
    <time>2024-07-27T10:19:03Z</time>
   </trkpt>
   <trkpt lat="43.6598450" lon="-79.3901680">
    <ele>102.9</ele>
    <time>2024-07-27T10:19:04Z</time>
   </trkpt>
   <trkpt lat="43.6598840" lon="-79.3901640">
    <ele>102.9</ele>
    <time>2024-07-27T10:19:05Z</time>
   </trkpt>
   <trkpt lat="43.6599230" lon="-79.3901710">
    <ele>103.0</ele>
    <time>2024-07-27T10:19:06Z</time>
   </trkpt>
   <trkpt lat="43.6599370" lon="-79.3901730">
    <ele>103.0</ele>
    <time>2024-07-27T10:19:07Z</time>
   </trkpt>
   <trkpt lat="43.6599690" lon="-79.3901820">
    <ele>103.0</ele>
    <time>2024-07-27T10:19:08Z</time>
   </trkpt>
   <trkpt lat="43.6599830" lon="-79.3901820">
    <ele>103.0</ele>
    <time>2024-07-27T10:19:09Z</time>
   </trkpt>
   <trkpt lat="43.6600200" lon="-79.3901860">
    <ele>103.1</ele>
    <time>2024-07-27T10:19:10Z</time>
   </trkpt>
   <trkpt lat="43.6600310" lon="-79.3901880">
    <ele>103.1</ele>
    <time>2024-07-27T10:19:11Z</time>
   </trkpt>
   <trkpt lat="43.6600680" lon="-79.3901810">
    <ele>103.2</ele>
    <time>2024-07-27T10:19:12Z</time>
   </trkpt>
   <trkpt lat="43.6600830" lon="-79.3901790">
    <ele>103.2</ele>
    <time>2024-07-27T10:19:13Z</time>
   </trkpt>
   <trkpt lat="43.6601100" lon="-79.3901790">
    <ele>103.2</ele>
    <time>2024-07-27T10:19:14Z</time>
   </trkpt>
   <trkpt lat="43.6601510" lon="-79.3901550">
    <ele>103.3</ele>
    <time>2024-07-27T10:19:15Z</time>
   </trkpt>
   <trkpt lat="43.6601790" lon="-79.3901470">
    <ele>103.4</ele>
    <time>2024-07-27T10:19:16Z</time>
   </trkpt>
   <trkpt lat="43.6602040" lon="-79.3901650">
    <ele>103.5</ele>
    <time>2024-07-27T10:19:17Z</time>
   </trkpt>
   <trkpt lat="43.6602350" lon="-79.3901730">
    <ele>103.5</ele>
    <time>2024-07-27T10:19:18Z</time>
   </trkpt>
   <trkpt lat="43.6602440" lon="-79.3901720">
    <ele>103.6</ele>
    <time>2024-07-27T10:19:19Z</time>
   </trkpt>
   <trkpt lat="43.6602710" lon="-79.3901760">
    <ele>103.6</ele>
    <time>2024-07-27T10:19:20Z</time>
   </trkpt>
   <trkpt lat="43.6602800" lon="-79.3901820">
    <ele>103.6</ele>
    <time>2024-07-27T10:19:21Z</time>
   </trkpt>
   <trkpt lat="43.6603130" lon="-79.3901890">
    <ele>103.7</ele>
    <time>2024-07-27T10:19:22Z</time>
   </trkpt>
   <trkpt lat="43.6603250" lon="-79.3901940">
    <ele>103.7</ele>
    <time>2024-07-27T10:19:23Z</time>
   </trkpt>
   <trkpt lat="43.6603590" lon="-79.3902010">
    <ele>103.8</ele>
    <time>2024-07-27T10:19:24Z</time>
   </trkpt>
   <trkpt lat="43.6603700" lon="-79.3901990">
    <ele>103.9</ele>
    <time>2024-07-27T10:19:25Z</time>
   </trkpt>
   <trkpt lat="43.6603910" lon="-79.3902040">
    <ele>104.0</ele>
    <time>2024-07-27T10:19:26Z</time>
   </trkpt>
   <trkpt lat="43.6604040" lon="-79.3902080">
    <ele>104.0</ele>
    <time>2024-07-27T10:19:27Z</time>
   </trkpt>
   <trkpt lat="43.6604320" lon="-79.3902150">
    <ele>104.1</ele>
    <time>2024-07-27T10:19:28Z</time>
   </trkpt>
   <trkpt lat="43.6604650" lon="-79.3902270">
    <ele>104.2</ele>
    <time>2024-07-27T10:19:29Z</time>
   </trkpt>
   <trkpt lat="43.6604770" lon="-79.3902300">
    <ele>104.3</ele>
    <time>2024-07-27T10:19:30Z</time>
   </trkpt>
   <trkpt lat="43.6605030" lon="-79.3902590">
    <ele>104.4</ele>
    <time>2024-07-27T10:19:31Z</time>
   </trkpt>
   <trkpt lat="43.6605370" lon="-79.3902800">
    <ele>104.5</ele>
    <time>2024-07-27T10:19:32Z</time>
   </trkpt>
   <trkpt lat="43.6605480" lon="-79.3902860">
    <ele>104.5</ele>
    <time>2024-07-27T10:19:33Z</time>
   </trkpt>
   <trkpt lat="43.6605850" lon="-79.3902760">
    <ele>104.6</ele>
    <time>2024-07-27T10:19:34Z</time>
   </trkpt>
   <trkpt lat="43.6605960" lon="-79.3902730">
    <ele>104.7</ele>
    <time>2024-07-27T10:19:35Z</time>
   </trkpt>
   <trkpt lat="43.6606250" lon="-79.3902720">
    <ele>104.8</ele>
    <time>2024-07-27T10:19:36Z</time>
   </trkpt>
   <trkpt lat="43.6606590" lon="-79.3902750">
    <ele>104.9</ele>
    <time>2024-07-27T10:19:37Z</time>
   </trkpt>
   <trkpt lat="43.6606690" lon="-79.3902710">
    <ele>104.9</ele>
    <time>2024-07-27T10:19:38Z</time>
   </trkpt>
   <trkpt lat="43.6607010" lon="-79.3902650">
    <ele>105.0</ele>
    <time>2024-07-27T10:19:39Z</time>
   </trkpt>
   <trkpt lat="43.6607100" lon="-79.3902670">
    <ele>105.0</ele>
    <time>2024-07-27T10:19:40Z</time>
   </trkpt>
   <trkpt lat="43.6607430" lon="-79.3902700">
    <ele>105.0</ele>
    <time>2024-07-27T10:19:41Z</time>
   </trkpt>
   <trkpt lat="43.6607530" lon="-79.3902710">
    <ele>105.1</ele>
    <time>2024-07-27T10:19:42Z</time>
   </trkpt>
   <trkpt lat="43.6607660" lon="-79.3902710">
    <ele>105.1</ele>
    <time>2024-07-27T10:19:43Z</time>
   </trkpt>
   <trkpt lat="43.6607960" lon="-79.3902760">
    <ele>105.2</ele>
    <time>2024-07-27T10:19:45Z</time>
   </trkpt>
   <trkpt lat="43.6608270" lon="-79.3902740">
    <ele>105.2</ele>
    <time>2024-07-27T10:19:46Z</time>
   </trkpt>
   <trkpt lat="43.6608390" lon="-79.3902760">
    <ele>105.3</ele>
    <time>2024-07-27T10:19:47Z</time>
   </trkpt>
   <trkpt lat="43.6608730" lon="-79.3902560">
    <ele>105.4</ele>
    <time>2024-07-27T10:19:48Z</time>
   </trkpt>
   <trkpt lat="43.6608840" lon="-79.3902470">
    <ele>105.4</ele>
    <time>2024-07-27T10:19:49Z</time>
   </trkpt>
   <trkpt lat="43.6609110" lon="-79.3902090">
    <ele>105.4</ele>
    <time>2024-07-27T10:19:50Z</time>
   </trkpt>
   <trkpt lat="43.6609200" lon="-79.3901950">
    <ele>105.5</ele>
    <time>2024-07-27T10:19:51Z</time>
   </trkpt>
   <trkpt lat="43.6609430" lon="-79.3901720">
    <ele>105.5</ele>
    <time>2024-07-27T10:19:52Z</time>
   </trkpt>
   <trkpt lat="43.6609480" lon="-79.3901360">
    <ele>105.5</ele>
    <time>2024-07-27T10:19:53Z</time>
   </trkpt>
   <trkpt lat="43.6609680" lon="-79.3901040">
    <ele>105.6</ele>
    <time>2024-07-27T10:19:54Z</time>
   </trkpt>
   <trkpt lat="43.6609770" lon="-79.3900950">
    <ele>105.6</ele>
    <time>2024-07-27T10:19:55Z</time>
   </trkpt>
   <trkpt lat="43.6609870" lon="-79.3900580">
    <ele>105.7</ele>
    <time>2024-07-27T10:19:56Z</time>
   </trkpt>
   <trkpt lat="43.6610110" lon="-79.3900280">
    <ele>105.7</ele>
    <time>2024-07-27T10:19:57Z</time>
   </trkpt>
   <trkpt lat="43.6610220" lon="-79.3900230">
    <ele>105.7</ele>
    <time>2024-07-27T10:19:58Z</time>
   </trkpt>
   <trkpt lat="43.6610490" lon="-79.3900170">
    <ele>105.8</ele>
    <time>2024-07-27T10:19:59Z</time>
   </trkpt>
   <trkpt lat="43.6610930" lon="-79.3900220">
    <ele>105.9</ele>
    <time>2024-07-27T10:20:00Z</time>
   </trkpt>
   <trkpt lat="43.6610950" lon="-79.3899610">
    <ele>105.9</ele>
    <time>2024-07-27T10:20:01Z</time>
   </trkpt>
   <trkpt lat="43.6610910" lon="-79.3899300">
    <ele>105.9</ele>
    <time>2024-07-27T10:20:02Z</time>
   </trkpt>
   <trkpt lat="43.6611430" lon="-79.3899110">
    <ele>106.0</ele>
    <time>2024-07-27T10:20:03Z</time>
   </trkpt>
   <trkpt lat="43.6611750" lon="-79.3899090">
    <ele>106.1</ele>
    <time>2024-07-27T10:20:04Z</time>
   </trkpt>
   <trkpt lat="43.6611970" lon="-79.3898750">
    <ele>106.1</ele>
    <time>2024-07-27T10:20:05Z</time>
   </trkpt>
   <trkpt lat="43.6612040" lon="-79.3898640">
    <ele>106.2</ele>
    <time>2024-07-27T10:20:06Z</time>
   </trkpt>
   <trkpt lat="43.6612190" lon="-79.3898290">
    <ele>106.2</ele>
    <time>2024-07-27T10:20:07Z</time>
   </trkpt>
   <trkpt lat="43.6612320" lon="-79.3898250">
    <ele>106.2</ele>
    <time>2024-07-27T10:20:08Z</time>
   </trkpt>
   <trkpt lat="43.6612620" lon="-79.3898070">
    <ele>106.3</ele>
    <time>2024-07-27T10:20:09Z</time>
   </trkpt>
   <trkpt lat="43.6612760" lon="-79.3897990">
    <ele>106.3</ele>
    <time>2024-07-27T10:20:10Z</time>
   </trkpt>
   <trkpt lat="43.6613190" lon="-79.3898070">
    <ele>106.4</ele>
    <time>2024-07-27T10:20:11Z</time>
   </trkpt>
   <trkpt lat="43.6613350" lon="-79.3898130">
    <ele>106.5</ele>
    <time>2024-07-27T10:20:12Z</time>
   </trkpt>
   <trkpt lat="43.6613630" lon="-79.3898100">
    <ele>106.5</ele>
    <time>2024-07-27T10:20:13Z</time>
   </trkpt>
   <trkpt lat="43.6613950" lon="-79.3897950">
    <ele>106.6</ele>
    <time>2024-07-27T10:20:14Z</time>
   </trkpt>
   <trkpt lat="43.6614330" lon="-79.3897930">
    <ele>106.7</ele>
    <time>2024-07-27T10:20:15Z</time>
   </trkpt>
   <trkpt lat="43.6614480" lon="-79.3897950">
    <ele>106.7</ele>
    <time>2024-07-27T10:20:16Z</time>
   </trkpt>
   <trkpt lat="43.6614820" lon="-79.3897830">
    <ele>106.8</ele>
    <time>2024-07-27T10:20:17Z</time>
   </trkpt>
   <trkpt lat="43.6615090" lon="-79.3897860">
    <ele>106.9</ele>
    <time>2024-07-27T10:20:18Z</time>
   </trkpt>
   <trkpt lat="43.6615370" lon="-79.3897710">
    <ele>106.9</ele>
    <time>2024-07-27T10:20:19Z</time>
   </trkpt>
   <trkpt lat="43.6615720" lon="-79.3897650">
    <ele>107.0</ele>
    <time>2024-07-27T10:20:20Z</time>
   </trkpt>
   <trkpt lat="43.6615860" lon="-79.3897610">
    <ele>107.0</ele>
    <time>2024-07-27T10:20:21Z</time>
   </trkpt>
   <trkpt lat="43.6616230" lon="-79.3897550">
    <ele>107.1</ele>
    <time>2024-07-27T10:20:22Z</time>
   </trkpt>
   <trkpt lat="43.6616350" lon="-79.3897540">
    <ele>107.1</ele>
    <time>2024-07-27T10:20:23Z</time>
   </trkpt>
   <trkpt lat="43.6616650" lon="-79.3897240">
    <ele>107.2</ele>
    <time>2024-07-27T10:20:24Z</time>
   </trkpt>
   <trkpt lat="43.6616750" lon="-79.3897190">
    <ele>107.2</ele>
    <time>2024-07-27T10:20:25Z</time>
   </trkpt>
   <trkpt lat="43.6617130" lon="-79.3897160">
    <ele>107.3</ele>
    <time>2024-07-27T10:20:26Z</time>
   </trkpt>
   <trkpt lat="43.6617520" lon="-79.3897220">
    <ele>107.4</ele>
    <time>2024-07-27T10:20:27Z</time>
   </trkpt>
   <trkpt lat="43.6617660" lon="-79.3897230">
    <ele>107.4</ele>
    <time>2024-07-27T10:20:28Z</time>
   </trkpt>
   <trkpt lat="43.6617960" lon="-79.3897270">
    <ele>107.5</ele>
    <time>2024-07-27T10:20:29Z</time>
   </trkpt>
   <trkpt lat="43.6618070" lon="-79.3897290">
    <ele>107.5</ele>
    <time>2024-07-27T10:20:30Z</time>
   </trkpt>
   <trkpt lat="43.6618440" lon="-79.3897410">
    <ele>107.5</ele>
    <time>2024-07-27T10:20:31Z</time>
   </trkpt>
   <trkpt lat="43.6618560" lon="-79.3897470">
    <ele>107.5</ele>
    <time>2024-07-27T10:20:32Z</time>
   </trkpt>
   <trkpt lat="43.6618900" lon="-79.3897630">
    <ele>107.6</ele>
    <time>2024-07-27T10:20:33Z</time>
   </trkpt>
   <trkpt lat="43.6619030" lon="-79.3897680">
    <ele>107.6</ele>
    <time>2024-07-27T10:20:34Z</time>
   </trkpt>
   <trkpt lat="43.6619370" lon="-79.3897850">
    <ele>107.6</ele>
    <time>2024-07-27T10:20:35Z</time>
   </trkpt>
   <trkpt lat="43.6619490" lon="-79.3897880">
    <ele>107.7</ele>
    <time>2024-07-27T10:20:36Z</time>
   </trkpt>
   <trkpt lat="43.6619840" lon="-79.3897930">
    <ele>107.7</ele>
    <time>2024-07-27T10:20:37Z</time>
   </trkpt>
   <trkpt lat="43.6619940" lon="-79.3897980">
    <ele>107.7</ele>
    <time>2024-07-27T10:20:38Z</time>
   </trkpt>
   <trkpt lat="43.6620240" lon="-79.3898150">
    <ele>107.8</ele>
    <time>2024-07-27T10:20:39Z</time>
   </trkpt>
   <trkpt lat="43.6620340" lon="-79.3898250">
    <ele>107.8</ele>
    <time>2024-07-27T10:20:40Z</time>
   </trkpt>
   <trkpt lat="43.6620600" lon="-79.3898390">
    <ele>107.9</ele>
    <time>2024-07-27T10:20:41Z</time>
   </trkpt>
   <trkpt lat="43.6620710" lon="-79.3898440">
    <ele>107.9</ele>
    <time>2024-07-27T10:20:42Z</time>
   </trkpt>
   <trkpt lat="43.6621070" lon="-79.3898450">
    <ele>107.9</ele>
    <time>2024-07-27T10:20:43Z</time>
   </trkpt>
   <trkpt lat="43.6621180" lon="-79.3898470">
    <ele>108.0</ele>
    <time>2024-07-27T10:20:44Z</time>
   </trkpt>
   <trkpt lat="43.6621460" lon="-79.3898680">
    <ele>108.0</ele>
    <time>2024-07-27T10:20:45Z</time>
   </trkpt>
   <trkpt lat="43.6621550" lon="-79.3898710">
    <ele>108.0</ele>
    <time>2024-07-27T10:20:46Z</time>
   </trkpt>
   <trkpt lat="43.6621900" lon="-79.3898920">
    <ele>108.1</ele>
    <time>2024-07-27T10:20:47Z</time>
   </trkpt>
   <trkpt lat="43.6622000" lon="-79.3899030">
    <ele>108.1</ele>
    <time>2024-07-27T10:20:48Z</time>
   </trkpt>
   <trkpt lat="43.6622350" lon="-79.3899150">
    <ele>108.1</ele>
    <time>2024-07-27T10:20:49Z</time>
   </trkpt>
   <trkpt lat="43.6622460" lon="-79.3899150">
    <ele>108.2</ele>
    <time>2024-07-27T10:20:50Z</time>
   </trkpt>
   <trkpt lat="43.6622750" lon="-79.3899400">
    <ele>108.2</ele>
    <time>2024-07-27T10:20:51Z</time>
   </trkpt>
   <trkpt lat="43.6622860" lon="-79.3899450">
    <ele>108.2</ele>
    <time>2024-07-27T10:20:52Z</time>
   </trkpt>
   <trkpt lat="43.6623150" lon="-79.3899590">
    <ele>108.3</ele>
    <time>2024-07-27T10:20:53Z</time>
   </trkpt>
   <trkpt lat="43.6623500" lon="-79.3899650">
    <ele>108.3</ele>
    <time>2024-07-27T10:20:54Z</time>
   </trkpt>
   <trkpt lat="43.6623620" lon="-79.3899660">
    <ele>108.3</ele>
    <time>2024-07-27T10:20:55Z</time>
   </trkpt>
   <trkpt lat="43.6623920" lon="-79.3899820">
    <ele>108.4</ele>
    <time>2024-07-27T10:20:56Z</time>
   </trkpt>
   <trkpt lat="43.6624040" lon="-79.3899870">
    <ele>108.4</ele>
    <time>2024-07-27T10:20:57Z</time>
   </trkpt>
   <trkpt lat="43.6624270" lon="-79.3900150">
    <ele>108.4</ele>
    <time>2024-07-27T10:20:58Z</time>
   </trkpt>
   <trkpt lat="43.6624620" lon="-79.3900260">
    <ele>108.4</ele>
    <time>2024-07-27T10:20:59Z</time>
   </trkpt>
   <trkpt lat="43.6624740" lon="-79.3900260">
    <ele>108.4</ele>
    <time>2024-07-27T10:21:00Z</time>
   </trkpt>
   <trkpt lat="43.6625030" lon="-79.3900420">
    <ele>108.5</ele>
    <time>2024-07-27T10:21:01Z</time>
   </trkpt>
   <trkpt lat="43.6625130" lon="-79.3900480">
    <ele>108.5</ele>
    <time>2024-07-27T10:21:02Z</time>
   </trkpt>
   <trkpt lat="43.6625480" lon="-79.3900520">
    <ele>108.5</ele>
    <time>2024-07-27T10:21:03Z</time>
   </trkpt>
   <trkpt lat="43.6625600" lon="-79.3900570">
    <ele>108.5</ele>
    <time>2024-07-27T10:21:04Z</time>
   </trkpt>
   <trkpt lat="43.6625980" lon="-79.3900700">
    <ele>108.6</ele>
    <time>2024-07-27T10:21:05Z</time>
   </trkpt>
   <trkpt lat="43.6626110" lon="-79.3900740">
    <ele>108.6</ele>
    <time>2024-07-27T10:21:06Z</time>
   </trkpt>
   <trkpt lat="43.6626430" lon="-79.3900920">
    <ele>108.6</ele>
    <time>2024-07-27T10:21:07Z</time>
   </trkpt>
   <trkpt lat="43.6626550" lon="-79.3901000">
    <ele>108.6</ele>
    <time>2024-07-27T10:21:08Z</time>
   </trkpt>
   <trkpt lat="43.6626840" lon="-79.3901020">
    <ele>108.6</ele>
    <time>2024-07-27T10:21:09Z</time>
   </trkpt>
   <trkpt lat="43.6627070" lon="-79.3901350">
    <ele>108.6</ele>
    <time>2024-07-27T10:21:10Z</time>
   </trkpt>
   <trkpt lat="43.6627150" lon="-79.3901600">
    <ele>108.6</ele>
    <time>2024-07-27T10:21:11Z</time>
   </trkpt>
   <trkpt lat="43.6627460" lon="-79.3901680">
    <ele>108.6</ele>
    <time>2024-07-27T10:21:12Z</time>
   </trkpt>
   <trkpt lat="43.6627560" lon="-79.3901740">
    <ele>108.6</ele>
    <time>2024-07-27T10:21:13Z</time>
   </trkpt>
   <trkpt lat="43.6627780" lon="-79.3901960">
    <ele>108.6</ele>
    <time>2024-07-27T10:21:14Z</time>
   </trkpt>
   <trkpt lat="43.6628060" lon="-79.3902150">
    <ele>108.6</ele>
    <time>2024-07-27T10:21:15Z</time>
   </trkpt>
   <trkpt lat="43.6628160" lon="-79.3902200">
    <ele>108.6</ele>
    <time>2024-07-27T10:21:16Z</time>
   </trkpt>
   <trkpt lat="43.6628540" lon="-79.3902420">
    <ele>108.6</ele>
    <time>2024-07-27T10:21:17Z</time>
   </trkpt>
   <trkpt lat="43.6628700" lon="-79.3902450">
    <ele>108.6</ele>
    <time>2024-07-27T10:21:18Z</time>
   </trkpt>
   <trkpt lat="43.6629020" lon="-79.3902560">
    <ele>108.6</ele>
    <time>2024-07-27T10:21:19Z</time>
   </trkpt>
   <trkpt lat="43.6629150" lon="-79.3902500">
    <ele>108.6</ele>
    <time>2024-07-27T10:21:20Z</time>
   </trkpt>
   <trkpt lat="43.6629430" lon="-79.3902680">
    <ele>108.6</ele>
    <time>2024-07-27T10:21:21Z</time>
   </trkpt>
   <trkpt lat="43.6629500" lon="-79.3902760">
    <ele>108.6</ele>
    <time>2024-07-27T10:21:22Z</time>
   </trkpt>
   <trkpt lat="43.6629830" lon="-79.3902520">
    <ele>108.6</ele>
    <time>2024-07-27T10:21:23Z</time>
   </trkpt>
   <trkpt lat="43.6630170" lon="-79.3902620">
    <ele>108.6</ele>
    <time>2024-07-27T10:21:24Z</time>
   </trkpt>
   <trkpt lat="43.6630290" lon="-79.3902630">
    <ele>108.5</ele>
    <time>2024-07-27T10:21:25Z</time>
   </trkpt>
   <trkpt lat="43.6630570" lon="-79.3902390">
    <ele>108.5</ele>
    <time>2024-07-27T10:21:26Z</time>
   </trkpt>
   <trkpt lat="43.6630820" lon="-79.3902940">
    <ele>108.5</ele>
    <time>2024-07-27T10:21:27Z</time>
   </trkpt>
   <trkpt lat="43.6631150" lon="-79.3903050">
    <ele>108.5</ele>
    <time>2024-07-27T10:21:28Z</time>
   </trkpt>
   <trkpt lat="43.6631260" lon="-79.3903040">
    <ele>108.5</ele>
    <time>2024-07-27T10:21:29Z</time>
   </trkpt>
   <trkpt lat="43.6631580" lon="-79.3903090">
    <ele>108.5</ele>
    <time>2024-07-27T10:21:30Z</time>
   </trkpt>
   <trkpt lat="43.6631660" lon="-79.3903230">
    <ele>108.4</ele>
    <time>2024-07-27T10:21:31Z</time>
   </trkpt>
   <trkpt lat="43.6631990" lon="-79.3903500">
    <ele>108.4</ele>
    <time>2024-07-27T10:21:32Z</time>
   </trkpt>
   <trkpt lat="43.6632100" lon="-79.3903570">
    <ele>108.4</ele>
    <time>2024-07-27T10:21:33Z</time>
   </trkpt>
   <trkpt lat="43.6632490" lon="-79.3903640">
    <ele>108.4</ele>
    <time>2024-07-27T10:21:34Z</time>
   </trkpt>
   <trkpt lat="43.6632640" lon="-79.3903720">
    <ele>108.4</ele>
    <time>2024-07-27T10:21:35Z</time>
   </trkpt>
   <trkpt lat="43.6632980" lon="-79.3903710">
    <ele>108.3</ele>
    <time>2024-07-27T10:21:36Z</time>
   </trkpt>
   <trkpt lat="43.6633140" lon="-79.3903700">
    <ele>108.3</ele>
    <time>2024-07-27T10:21:37Z</time>
   </trkpt>
   <trkpt lat="43.6633420" lon="-79.3903690">
    <ele>108.3</ele>
    <time>2024-07-27T10:21:38Z</time>
   </trkpt>
   <trkpt lat="43.6633680" lon="-79.3903860">
    <ele>108.3</ele>
    <time>2024-07-27T10:21:39Z</time>
   </trkpt>
   <trkpt lat="43.6633730" lon="-79.3904010">
    <ele>108.3</ele>
    <time>2024-07-27T10:21:40Z</time>
   </trkpt>
   <trkpt lat="43.6633990" lon="-79.3903940">
    <ele>108.3</ele>
    <time>2024-07-27T10:21:41Z</time>
   </trkpt>
   <trkpt lat="43.6634130" lon="-79.3903870">
    <ele>108.3</ele>
    <time>2024-07-27T10:21:42Z</time>
   </trkpt>
   <trkpt lat="43.6634320" lon="-79.3904140">
    <ele>108.3</ele>
    <time>2024-07-27T10:21:43Z</time>
   </trkpt>
   <trkpt lat="43.6634660" lon="-79.3904330">
    <ele>108.2</ele>
    <time>2024-07-27T10:21:44Z</time>
   </trkpt>
   <trkpt lat="43.6634930" lon="-79.3904580">
    <ele>108.2</ele>
    <time>2024-07-27T10:21:45Z</time>
   </trkpt>
   <trkpt lat="43.6635070" lon="-79.3904690">
    <ele>108.2</ele>
    <time>2024-07-27T10:21:46Z</time>
   </trkpt>
   <trkpt lat="43.6635160" lon="-79.3905240">
    <ele>108.2</ele>
    <time>2024-07-27T10:21:47Z</time>
   </trkpt>
   <trkpt lat="43.6635550" lon="-79.3905220">
    <ele>108.2</ele>
    <time>2024-07-27T10:21:48Z</time>
   </trkpt>
   <trkpt lat="43.6635680" lon="-79.3905110">
    <ele>108.2</ele>
    <time>2024-07-27T10:21:49Z</time>
   </trkpt>
   <trkpt lat="43.6636160" lon="-79.3905060">
    <ele>108.2</ele>
    <time>2024-07-27T10:21:51Z</time>
   </trkpt>
   <trkpt lat="43.6636310" lon="-79.3905140">
    <ele>108.2</ele>
    <time>2024-07-27T10:21:52Z</time>
   </trkpt>
   <trkpt lat="43.6636460" lon="-79.3905210">
    <ele>108.2</ele>
    <time>2024-07-27T10:21:53Z</time>
   </trkpt>
   <trkpt lat="43.6636810" lon="-79.3905200">
    <ele>108.2</ele>
    <time>2024-07-27T10:21:54Z</time>
   </trkpt>
   <trkpt lat="43.6636910" lon="-79.3905270">
    <ele>108.2</ele>
    <time>2024-07-27T10:21:55Z</time>
   </trkpt>
   <trkpt lat="43.6637230" lon="-79.3905480">
    <ele>108.2</ele>
    <time>2024-07-27T10:21:56Z</time>
   </trkpt>
   <trkpt lat="43.6637320" lon="-79.3905560">
    <ele>108.2</ele>
    <time>2024-07-27T10:21:57Z</time>
   </trkpt>
   <trkpt lat="43.6637490" lon="-79.3905720">
    <ele>108.2</ele>
    <time>2024-07-27T10:21:58Z</time>
   </trkpt>
   <trkpt lat="43.6637560" lon="-79.3905900">
    <ele>108.2</ele>
    <time>2024-07-27T10:21:59Z</time>
   </trkpt>
   <trkpt lat="43.6637440" lon="-79.3905960">
    <ele>108.3</ele>
    <time>2024-07-27T10:22:00Z</time>
   </trkpt>
   <trkpt lat="43.6637360" lon="-79.3905870">
    <ele>108.3</ele>
    <time>2024-07-27T10:22:01Z</time>
   </trkpt>
   <trkpt lat="43.6637280" lon="-79.3905910">
    <ele>108.3</ele>
    <time>2024-07-27T10:22:02Z</time>
   </trkpt>
   <trkpt lat="43.6637160" lon="-79.3906070">
    <ele>108.4</ele>
    <time>2024-07-27T10:22:03Z</time>
   </trkpt>
   <trkpt lat="43.6637100" lon="-79.3906170">
    <ele>108.4</ele>
    <time>2024-07-27T10:22:04Z</time>
   </trkpt>
   <trkpt lat="43.6637030" lon="-79.3906280">
    <ele>108.5</ele>
    <time>2024-07-27T10:22:05Z</time>
   </trkpt>
   <trkpt lat="43.6636970" lon="-79.3906380">
    <ele>108.5</ele>
    <time>2024-07-27T10:22:06Z</time>
   </trkpt>
   <trkpt lat="43.6636910" lon="-79.3906480">
    <ele>108.5</ele>
    <time>2024-07-27T10:22:07Z</time>
   </trkpt>
   <trkpt lat="43.6636990" lon="-79.3907020">
    <ele>108.5</ele>
    <time>2024-07-27T10:22:08Z</time>
   </trkpt>
   <trkpt lat="43.6637030" lon="-79.3907390">
    <ele>108.4</ele>
    <time>2024-07-27T10:22:09Z</time>
   </trkpt>
   <trkpt lat="43.6637020" lon="-79.3907520">
    <ele>108.4</ele>
    <time>2024-07-27T10:22:10Z</time>
   </trkpt>
   <trkpt lat="43.6637290" lon="-79.3907790">
    <ele>108.4</ele>
    <time>2024-07-27T10:22:11Z</time>
   </trkpt>
   <trkpt lat="43.6637430" lon="-79.3907860">
    <ele>108.5</ele>
    <time>2024-07-27T10:22:12Z</time>
   </trkpt>
   <trkpt lat="43.6637770" lon="-79.3908040">
    <ele>108.5</ele>
    <time>2024-07-27T10:22:13Z</time>
   </trkpt>
   <trkpt lat="43.6637910" lon="-79.3908060">
    <ele>108.5</ele>
    <time>2024-07-27T10:22:14Z</time>
   </trkpt>
   <trkpt lat="43.6638160" lon="-79.3908310">
    <ele>108.5</ele>
    <time>2024-07-27T10:22:15Z</time>
   </trkpt>
   <trkpt lat="43.6638250" lon="-79.3908430">
    <ele>108.5</ele>
    <time>2024-07-27T10:22:16Z</time>
   </trkpt>
   <trkpt lat="43.6638480" lon="-79.3908580">
    <ele>108.5</ele>
    <time>2024-07-27T10:22:17Z</time>
   </trkpt>
   <trkpt lat="43.6638590" lon="-79.3908620">
    <ele>108.5</ele>
    <time>2024-07-27T10:22:18Z</time>
   </trkpt>
   <trkpt lat="43.6638840" lon="-79.3908440">
    <ele>108.5</ele>
    <time>2024-07-27T10:22:19Z</time>
   </trkpt>
   <trkpt lat="43.6639170" lon="-79.3908530">
    <ele>108.6</ele>
    <time>2024-07-27T10:22:20Z</time>
   </trkpt>
   <trkpt lat="43.6639260" lon="-79.3908570">
    <ele>108.6</ele>
    <time>2024-07-27T10:22:21Z</time>
   </trkpt>
   <trkpt lat="43.6639480" lon="-79.3908860">
    <ele>108.6</ele>
    <time>2024-07-27T10:22:22Z</time>
   </trkpt>
   <trkpt lat="43.6639770" lon="-79.3909140">
    <ele>108.6</ele>
    <time>2024-07-27T10:22:23Z</time>
   </trkpt>
   <trkpt lat="43.6639890" lon="-79.3909210">
    <ele>108.6</ele>
    <time>2024-07-27T10:22:24Z</time>
   </trkpt>
   <trkpt lat="43.6640270" lon="-79.3909320">
    <ele>108.6</ele>
    <time>2024-07-27T10:22:25Z</time>
   </trkpt>
   <trkpt lat="43.6640420" lon="-79.3909320">
    <ele>108.7</ele>
    <time>2024-07-27T10:22:26Z</time>
   </trkpt>
   <trkpt lat="43.6640650" lon="-79.3909620">
    <ele>108.7</ele>
    <time>2024-07-27T10:22:27Z</time>
   </trkpt>
   <trkpt lat="43.6640920" lon="-79.3909850">
    <ele>108.8</ele>
    <time>2024-07-27T10:22:28Z</time>
   </trkpt>
   <trkpt lat="43.6641180" lon="-79.3909960">
    <ele>108.8</ele>
    <time>2024-07-27T10:22:29Z</time>
   </trkpt>
   <trkpt lat="43.6641500" lon="-79.3909900">
    <ele>108.8</ele>
    <time>2024-07-27T10:22:30Z</time>
   </trkpt>
   <trkpt lat="43.6641810" lon="-79.3909730">
    <ele>108.9</ele>
    <time>2024-07-27T10:22:31Z</time>
   </trkpt>
   <trkpt lat="43.6642220" lon="-79.3909670">
    <ele>109.0</ele>
    <time>2024-07-27T10:22:32Z</time>
   </trkpt>
   <trkpt lat="43.6642510" lon="-79.3909910">
    <ele>109.0</ele>
    <time>2024-07-27T10:22:33Z</time>
   </trkpt>
   <trkpt lat="43.6642870" lon="-79.3910080">
    <ele>109.0</ele>
    <time>2024-07-27T10:22:34Z</time>
   </trkpt>
   <trkpt lat="43.6643020" lon="-79.3910080">
    <ele>109.0</ele>
    <time>2024-07-27T10:22:35Z</time>
   </trkpt>
   <trkpt lat="43.6643330" lon="-79.3910230">
    <ele>109.1</ele>
    <time>2024-07-27T10:22:36Z</time>
   </trkpt>
   <trkpt lat="43.6643440" lon="-79.3910240">
    <ele>109.1</ele>
    <time>2024-07-27T10:22:37Z</time>
   </trkpt>
   <trkpt lat="43.6643750" lon="-79.3910440">
    <ele>109.1</ele>
    <time>2024-07-27T10:22:38Z</time>
   </trkpt>
   <trkpt lat="43.6644060" lon="-79.3910660">
    <ele>109.1</ele>
    <time>2024-07-27T10:22:39Z</time>
   </trkpt>
   <trkpt lat="43.6644140" lon="-79.3910780">
    <ele>109.1</ele>
    <time>2024-07-27T10:22:40Z</time>
   </trkpt>
   <trkpt lat="43.6644410" lon="-79.3911000">
    <ele>109.2</ele>
    <time>2024-07-27T10:22:41Z</time>
   </trkpt>
   <trkpt lat="43.6644500" lon="-79.3911060">
    <ele>109.2</ele>
    <time>2024-07-27T10:22:42Z</time>
   </trkpt>
   <trkpt lat="43.6644780" lon="-79.3911220">
    <ele>109.2</ele>
    <time>2024-07-27T10:22:43Z</time>
   </trkpt>
   <trkpt lat="43.6644870" lon="-79.3911260">
    <ele>109.2</ele>
    <time>2024-07-27T10:22:44Z</time>
   </trkpt>
   <trkpt lat="43.6645020" lon="-79.3911400">
    <ele>109.2</ele>
    <time>2024-07-27T10:22:45Z</time>
   </trkpt>
   <trkpt lat="43.6645200" lon="-79.3911460">
    <ele>109.2</ele>
    <time>2024-07-27T10:22:46Z</time>
   </trkpt>
   <trkpt lat="43.6645540" lon="-79.3911320">
    <ele>109.2</ele>
    <time>2024-07-27T10:22:47Z</time>
   </trkpt>
   <trkpt lat="43.6645680" lon="-79.3911260">
    <ele>109.2</ele>
    <time>2024-07-27T10:22:48Z</time>
   </trkpt>
   <trkpt lat="43.6645850" lon="-79.3911560">
    <ele>109.2</ele>
    <time>2024-07-27T10:22:49Z</time>
   </trkpt>
   <trkpt lat="43.6646210" lon="-79.3911800">
    <ele>109.2</ele>
    <time>2024-07-27T10:22:50Z</time>
   </trkpt>
   <trkpt lat="43.6646350" lon="-79.3911910">
    <ele>109.2</ele>
    <time>2024-07-27T10:22:51Z</time>
   </trkpt>
   <trkpt lat="43.6646680" lon="-79.3912170">
    <ele>109.3</ele>
    <time>2024-07-27T10:22:52Z</time>
   </trkpt>
   <trkpt lat="43.6646970" lon="-79.3912400">
    <ele>109.3</ele>
    <time>2024-07-27T10:22:53Z</time>
   </trkpt>
   <trkpt lat="43.6647340" lon="-79.3912190">
    <ele>109.3</ele>
    <time>2024-07-27T10:22:54Z</time>
   </trkpt>
   <trkpt lat="43.6647580" lon="-79.3912520">
    <ele>109.3</ele>
    <time>2024-07-27T10:22:55Z</time>
   </trkpt>
   <trkpt lat="43.6647950" lon="-79.3912520">
    <ele>109.4</ele>
    <time>2024-07-27T10:22:56Z</time>
   </trkpt>
   <trkpt lat="43.6648080" lon="-79.3912560">
    <ele>109.4</ele>
    <time>2024-07-27T10:22:57Z</time>
   </trkpt>
   <trkpt lat="43.6648410" lon="-79.3912690">
    <ele>109.4</ele>
    <time>2024-07-27T10:22:58Z</time>
   </trkpt>
   <trkpt lat="43.6648500" lon="-79.3912760">
    <ele>109.4</ele>
    <time>2024-07-27T10:22:59Z</time>
   </trkpt>
   <trkpt lat="43.6648880" lon="-79.3912780">
    <ele>109.4</ele>
    <time>2024-07-27T10:23:00Z</time>
   </trkpt>
   <trkpt lat="43.6649000" lon="-79.3912820">
    <ele>109.4</ele>
    <time>2024-07-27T10:23:01Z</time>
   </trkpt>
   <trkpt lat="43.6649380" lon="-79.3913020">
    <ele>109.5</ele>
    <time>2024-07-27T10:23:02Z</time>
   </trkpt>
   <trkpt lat="43.6649510" lon="-79.3913110">
    <ele>109.5</ele>
    <time>2024-07-27T10:23:03Z</time>
   </trkpt>
   <trkpt lat="43.6649800" lon="-79.3912950">
    <ele>109.5</ele>
    <time>2024-07-27T10:23:04Z</time>
   </trkpt>
   <trkpt lat="43.6650110" lon="-79.3913070">
    <ele>109.5</ele>
    <time>2024-07-27T10:23:05Z</time>
   </trkpt>
   <trkpt lat="43.6650210" lon="-79.3913090">
    <ele>109.5</ele>
    <time>2024-07-27T10:23:06Z</time>
   </trkpt>
   <trkpt lat="43.6650460" lon="-79.3913290">
    <ele>109.6</ele>
    <time>2024-07-27T10:23:07Z</time>
   </trkpt>
   <trkpt lat="43.6650550" lon="-79.3913350">
    <ele>109.6</ele>
    <time>2024-07-27T10:23:08Z</time>
   </trkpt>
   <trkpt lat="43.6650870" lon="-79.3913400">
    <ele>109.6</ele>
    <time>2024-07-27T10:23:09Z</time>
   </trkpt>
   <trkpt lat="43.6650940" lon="-79.3913470">
    <ele>109.6</ele>
    <time>2024-07-27T10:23:10Z</time>
   </trkpt>
   <trkpt lat="43.6651290" lon="-79.3913380">
    <ele>109.7</ele>
    <time>2024-07-27T10:23:11Z</time>
   </trkpt>
   <trkpt lat="43.6651410" lon="-79.3913260">
    <ele>109.7</ele>
    <time>2024-07-27T10:23:12Z</time>
   </trkpt>
   <trkpt lat="43.6651680" lon="-79.3913060">
    <ele>109.7</ele>
    <time>2024-07-27T10:23:13Z</time>
   </trkpt>
   <trkpt lat="43.6651970" lon="-79.3913230">
    <ele>109.8</ele>
    <time>2024-07-27T10:23:14Z</time>
   </trkpt>
   <trkpt lat="43.6652310" lon="-79.3913300">
    <ele>109.8</ele>
    <time>2024-07-27T10:23:15Z</time>
   </trkpt>
   <trkpt lat="43.6652380" lon="-79.3913360">
    <ele>109.8</ele>
    <time>2024-07-27T10:23:16Z</time>
   </trkpt>
   <trkpt lat="43.6652700" lon="-79.3913490">
    <ele>109.8</ele>
    <time>2024-07-27T10:23:17Z</time>
   </trkpt>
   <trkpt lat="43.6652810" lon="-79.3913510">
    <ele>109.9</ele>
    <time>2024-07-27T10:23:18Z</time>
   </trkpt>
   <trkpt lat="43.6653040" lon="-79.3913840">
    <ele>109.9</ele>
    <time>2024-07-27T10:23:19Z</time>
   </trkpt>
   <trkpt lat="43.6653350" lon="-79.3913900">
    <ele>109.9</ele>
    <time>2024-07-27T10:23:20Z</time>
   </trkpt>
   <trkpt lat="43.6653540" lon="-79.3914250">
    <ele>110.0</ele>
    <time>2024-07-27T10:23:21Z</time>
   </trkpt>
   <trkpt lat="43.6653850" lon="-79.3914210">
    <ele>110.0</ele>
    <time>2024-07-27T10:23:22Z</time>
   </trkpt>
   <trkpt lat="43.6654150" lon="-79.3914340">
    <ele>110.1</ele>
    <time>2024-07-27T10:23:23Z</time>
   </trkpt>
   <trkpt lat="43.6654250" lon="-79.3914360">
    <ele>110.1</ele>
    <time>2024-07-27T10:23:24Z</time>
   </trkpt>
   <trkpt lat="43.6654410" lon="-79.3914510">
    <ele>110.1</ele>
    <time>2024-07-27T10:23:25Z</time>
   </trkpt>
   <trkpt lat="43.6654450" lon="-79.3914660">
    <ele>110.1</ele>
    <time>2024-07-27T10:23:26Z</time>
   </trkpt>
   <trkpt lat="43.6654700" lon="-79.3914920">
    <ele>110.2</ele>
    <time>2024-07-27T10:23:27Z</time>
   </trkpt>
   <trkpt lat="43.6654740" lon="-79.3915060">
    <ele>110.2</ele>
    <time>2024-07-27T10:23:28Z</time>
   </trkpt>
   <trkpt lat="43.6655060" lon="-79.3915230">
    <ele>110.2</ele>
    <time>2024-07-27T10:23:29Z</time>
   </trkpt>
   <trkpt lat="43.6655160" lon="-79.3915250">
    <ele>110.3</ele>
    <time>2024-07-27T10:23:30Z</time>
   </trkpt>
   <trkpt lat="43.6655310" lon="-79.3915320">
    <ele>110.3</ele>
    <time>2024-07-27T10:23:31Z</time>
   </trkpt>
   <trkpt lat="43.6655380" lon="-79.3915530">
    <ele>110.3</ele>
    <time>2024-07-27T10:23:32Z</time>
   </trkpt>
   <trkpt lat="43.6655640" lon="-79.3915690">
    <ele>110.4</ele>
    <time>2024-07-27T10:23:33Z</time>
   </trkpt>
   <trkpt lat="43.6655840" lon="-79.3915790">
    <ele>110.4</ele>
    <time>2024-07-27T10:23:34Z</time>
   </trkpt>
   <trkpt lat="43.6655890" lon="-79.3915990">
    <ele>110.4</ele>
    <time>2024-07-27T10:23:35Z</time>
   </trkpt>
   <trkpt lat="43.6656200" lon="-79.3916310">
    <ele>110.5</ele>
    <time>2024-07-27T10:23:36Z</time>
   </trkpt>
   <trkpt lat="43.6656330" lon="-79.3916410">
    <ele>110.5</ele>
    <time>2024-07-27T10:23:37Z</time>
   </trkpt>
   <trkpt lat="43.6656540" lon="-79.3916760">
    <ele>110.6</ele>
    <time>2024-07-27T10:23:38Z</time>
   </trkpt>
   <trkpt lat="43.6656580" lon="-79.3916930">
    <ele>110.6</ele>
    <time>2024-07-27T10:23:39Z</time>
   </trkpt>
   <trkpt lat="43.6656900" lon="-79.3917110">
    <ele>110.7</ele>
    <time>2024-07-27T10:23:40Z</time>
   </trkpt>
   <trkpt lat="43.6657020" lon="-79.3917180">
    <ele>110.7</ele>
    <time>2024-07-27T10:23:41Z</time>
   </trkpt>
   <trkpt lat="43.6657170" lon="-79.3917490">
    <ele>110.7</ele>
    <time>2024-07-27T10:23:42Z</time>
   </trkpt>
   <trkpt lat="43.6657470" lon="-79.3917770">
    <ele>110.7</ele>
    <time>2024-07-27T10:23:43Z</time>
   </trkpt>
   <trkpt lat="43.6657570" lon="-79.3917870">
    <ele>110.8</ele>
    <time>2024-07-27T10:23:44Z</time>
   </trkpt>
   <trkpt lat="43.6657880" lon="-79.3918100">
    <ele>110.8</ele>
    <time>2024-07-27T10:23:45Z</time>
   </trkpt>
   <trkpt lat="43.6657960" lon="-79.3918260">
    <ele>110.8</ele>
    <time>2024-07-27T10:23:46Z</time>
   </trkpt>
   <trkpt lat="43.6658140" lon="-79.3918600">
    <ele>110.8</ele>
    <time>2024-07-27T10:23:47Z</time>
   </trkpt>
   <trkpt lat="43.6658180" lon="-79.3918740">
    <ele>110.9</ele>
    <time>2024-07-27T10:23:48Z</time>
   </trkpt>
   <trkpt lat="43.6658350" lon="-79.3919130">
    <ele>110.9</ele>
    <time>2024-07-27T10:23:49Z</time>
   </trkpt>
   <trkpt lat="43.6658370" lon="-79.3919320">
    <ele>110.9</ele>
    <time>2024-07-27T10:23:50Z</time>
   </trkpt>
   <trkpt lat="43.6658540" lon="-79.3919700">
    <ele>110.9</ele>
    <time>2024-07-27T10:23:51Z</time>
   </trkpt>
   <trkpt lat="43.6658650" lon="-79.3919830">
    <ele>111.0</ele>
    <time>2024-07-27T10:23:52Z</time>
   </trkpt>
   <trkpt lat="43.6658920" lon="-79.3920230">
    <ele>111.0</ele>
    <time>2024-07-27T10:23:53Z</time>
   </trkpt>
   <trkpt lat="43.6658990" lon="-79.3920400">
    <ele>111.0</ele>
    <time>2024-07-27T10:23:54Z</time>
   </trkpt>
   <trkpt lat="43.6659120" lon="-79.3920690">
    <ele>111.1</ele>
    <time>2024-07-27T10:23:55Z</time>
   </trkpt>
   <trkpt lat="43.6659190" lon="-79.3921000">
    <ele>111.1</ele>
    <time>2024-07-27T10:23:57Z</time>
   </trkpt>
   <trkpt lat="43.6659310" lon="-79.3921460">
    <ele>111.1</ele>
    <time>2024-07-27T10:23:58Z</time>
   </trkpt>
   <trkpt lat="43.6659380" lon="-79.3921640">
    <ele>111.2</ele>
    <time>2024-07-27T10:23:59Z</time>
   </trkpt>
   <trkpt lat="43.6659510" lon="-79.3922090">
    <ele>111.2</ele>
    <time>2024-07-27T10:24:00Z</time>
   </trkpt>
   <trkpt lat="43.6659550" lon="-79.3922260">
    <ele>111.2</ele>
    <time>2024-07-27T10:24:01Z</time>
   </trkpt>
   <trkpt lat="43.6659640" lon="-79.3922670">
    <ele>111.3</ele>
    <time>2024-07-27T10:24:02Z</time>
   </trkpt>
   <trkpt lat="43.6659640" lon="-79.3922810">
    <ele>111.3</ele>
    <time>2024-07-27T10:24:03Z</time>
   </trkpt>
   <trkpt lat="43.6659760" lon="-79.3923240">
    <ele>111.3</ele>
    <time>2024-07-27T10:24:04Z</time>
   </trkpt>
   <trkpt lat="43.6659840" lon="-79.3923380">
    <ele>111.3</ele>
    <time>2024-07-27T10:24:05Z</time>
   </trkpt>
   <trkpt lat="43.6659890" lon="-79.3923870">
    <ele>111.4</ele>
    <time>2024-07-27T10:24:06Z</time>
   </trkpt>
   <trkpt lat="43.6659920" lon="-79.3924000">
    <ele>111.4</ele>
    <time>2024-07-27T10:24:07Z</time>
   </trkpt>
   <trkpt lat="43.6659950" lon="-79.3924450">
    <ele>111.4</ele>
    <time>2024-07-27T10:24:08Z</time>
   </trkpt>
   <trkpt lat="43.6659970" lon="-79.3924630">
    <ele>111.4</ele>
    <time>2024-07-27T10:24:09Z</time>
   </trkpt>
   <trkpt lat="43.6659890" lon="-79.3925140">
    <ele>111.4</ele>
    <time>2024-07-27T10:24:10Z</time>
   </trkpt>
   <trkpt lat="43.6659910" lon="-79.3925300">
    <ele>111.4</ele>
    <time>2024-07-27T10:24:11Z</time>
   </trkpt>
   <trkpt lat="43.6659930" lon="-79.3925920">
    <ele>111.4</ele>
    <time>2024-07-27T10:24:12Z</time>
   </trkpt>
   <trkpt lat="43.6659910" lon="-79.3926230">
    <ele>111.4</ele>
    <time>2024-07-27T10:24:13Z</time>
   </trkpt>
   <trkpt lat="43.6659830" lon="-79.3926530">
    <ele>111.4</ele>
    <time>2024-07-27T10:24:14Z</time>
   </trkpt>
   <trkpt lat="43.6659830" lon="-79.3927000">
    <ele>111.4</ele>
    <time>2024-07-27T10:24:15Z</time>
   </trkpt>
   <trkpt lat="43.6659840" lon="-79.3927160">
    <ele>111.5</ele>
    <time>2024-07-27T10:24:16Z</time>
   </trkpt>
   <trkpt lat="43.6659750" lon="-79.3927650">
    <ele>111.5</ele>
    <time>2024-07-27T10:24:17Z</time>
   </trkpt>
   <trkpt lat="43.6659720" lon="-79.3927800">
    <ele>111.5</ele>
    <time>2024-07-27T10:24:18Z</time>
   </trkpt>
   <trkpt lat="43.6659540" lon="-79.3928240">
    <ele>111.5</ele>
    <time>2024-07-27T10:24:19Z</time>
   </trkpt>
   <trkpt lat="43.6659550" lon="-79.3928400">
    <ele>111.5</ele>
    <time>2024-07-27T10:24:20Z</time>
   </trkpt>
   <trkpt lat="43.6659360" lon="-79.3928840">
    <ele>111.5</ele>
    <time>2024-07-27T10:24:21Z</time>
   </trkpt>
   <trkpt lat="43.6659320" lon="-79.3929020">
    <ele>111.5</ele>
    <time>2024-07-27T10:24:22Z</time>
   </trkpt>
   <trkpt lat="43.6659220" lon="-79.3929520">
    <ele>111.5</ele>
    <time>2024-07-27T10:24:23Z</time>
   </trkpt>
   <trkpt lat="43.6659190" lon="-79.3929690">
    <ele>111.5</ele>
    <time>2024-07-27T10:24:24Z</time>
   </trkpt>
   <trkpt lat="43.6659110" lon="-79.3930160">
    <ele>111.5</ele>
    <time>2024-07-27T10:24:25Z</time>
   </trkpt>
   <trkpt lat="43.6659100" lon="-79.3930300">
    <ele>111.5</ele>
    <time>2024-07-27T10:24:26Z</time>
   </trkpt>
   <trkpt lat="43.6658960" lon="-79.3930740">
    <ele>111.5</ele>
    <time>2024-07-27T10:24:27Z</time>
   </trkpt>
   <trkpt lat="43.6658900" lon="-79.3930920">
    <ele>111.5</ele>
    <time>2024-07-27T10:24:28Z</time>
   </trkpt>
   <trkpt lat="43.6658710" lon="-79.3931290">
    <ele>111.4</ele>
    <time>2024-07-27T10:24:29Z</time>
   </trkpt>
   <trkpt lat="43.6658640" lon="-79.3931430">
    <ele>111.4</ele>
    <time>2024-07-27T10:24:30Z</time>
   </trkpt>
   <trkpt lat="43.6658350" lon="-79.3931750">
    <ele>111.4</ele>
    <time>2024-07-27T10:24:31Z</time>
   </trkpt>
   <trkpt lat="43.6658260" lon="-79.3931830">
    <ele>111.4</ele>
    <time>2024-07-27T10:24:32Z</time>
   </trkpt>
   <trkpt lat="43.6658140" lon="-79.3932250">
    <ele>111.3</ele>
    <time>2024-07-27T10:24:33Z</time>
   </trkpt>
   <trkpt lat="43.6657930" lon="-79.3932650">
    <ele>111.2</ele>
    <time>2024-07-27T10:24:34Z</time>
   </trkpt>
   <trkpt lat="43.6657840" lon="-79.3932770">
    <ele>111.2</ele>
    <time>2024-07-27T10:24:35Z</time>
   </trkpt>
   <trkpt lat="43.6657570" lon="-79.3933130">
    <ele>111.1</ele>
    <time>2024-07-27T10:24:36Z</time>
   </trkpt>
   <trkpt lat="43.6657490" lon="-79.3933240">
    <ele>111.1</ele>
    <time>2024-07-27T10:24:37Z</time>
   </trkpt>
   <trkpt lat="43.6657320" lon="-79.3933350">
    <ele>111.1</ele>
    <time>2024-07-27T10:24:38Z</time>
   </trkpt>
   <trkpt lat="43.6657180" lon="-79.3933460">
    <ele>111.0</ele>
    <time>2024-07-27T10:24:39Z</time>
   </trkpt>
   <trkpt lat="43.6656940" lon="-79.3933790">
    <ele>111.0</ele>
    <time>2024-07-27T10:24:40Z</time>
   </trkpt>
   <trkpt lat="43.6656850" lon="-79.3933870">
    <ele>111.0</ele>
    <time>2024-07-27T10:24:41Z</time>
   </trkpt>
   <trkpt lat="43.6656650" lon="-79.3934150">
    <ele>110.9</ele>
    <time>2024-07-27T10:24:42Z</time>
   </trkpt>
   <trkpt lat="43.6656410" lon="-79.3934490">
    <ele>110.8</ele>
    <time>2024-07-27T10:24:43Z</time>
   </trkpt>
   <trkpt lat="43.6656320" lon="-79.3934590">
    <ele>110.8</ele>
    <time>2024-07-27T10:24:44Z</time>
   </trkpt>
   <trkpt lat="43.6655990" lon="-79.3934790">
    <ele>110.8</ele>
    <time>2024-07-27T10:24:45Z</time>
   </trkpt>
   <trkpt lat="43.6655840" lon="-79.3934850">
    <ele>110.8</ele>
    <time>2024-07-27T10:24:46Z</time>
   </trkpt>
   <trkpt lat="43.6655470" lon="-79.3934990">
    <ele>110.7</ele>
    <time>2024-07-27T10:24:47Z</time>
   </trkpt>
   <trkpt lat="43.6655360" lon="-79.3935090">
    <ele>110.7</ele>
    <time>2024-07-27T10:24:48Z</time>
   </trkpt>
   <trkpt lat="43.6655200" lon="-79.3935420">
    <ele>110.6</ele>
    <time>2024-07-27T10:24:49Z</time>
   </trkpt>
   <trkpt lat="43.6654890" lon="-79.3935710">
    <ele>110.6</ele>
    <time>2024-07-27T10:24:50Z</time>
   </trkpt>
   <trkpt lat="43.6654790" lon="-79.3935790">
    <ele>110.6</ele>
    <time>2024-07-27T10:24:51Z</time>
   </trkpt>
   <trkpt lat="43.6654430" lon="-79.3935890">
    <ele>110.5</ele>
    <time>2024-07-27T10:24:52Z</time>
   </trkpt>
   <trkpt lat="43.6654320" lon="-79.3935900">
    <ele>110.5</ele>
    <time>2024-07-27T10:24:53Z</time>
   </trkpt>
   <trkpt lat="43.6653960" lon="-79.3936040">
    <ele>110.4</ele>
    <time>2024-07-27T10:24:54Z</time>
   </trkpt>
   <trkpt lat="43.6653860" lon="-79.3936110">
    <ele>110.4</ele>
    <time>2024-07-27T10:24:55Z</time>
   </trkpt>
   <trkpt lat="43.6653500" lon="-79.3936270">
    <ele>110.3</ele>
    <time>2024-07-27T10:24:56Z</time>
   </trkpt>
   <trkpt lat="43.6653390" lon="-79.3936380">
    <ele>110.3</ele>
    <time>2024-07-27T10:24:57Z</time>
   </trkpt>
   <trkpt lat="43.6653020" lon="-79.3936570">
    <ele>110.1</ele>
    <time>2024-07-27T10:24:58Z</time>
   </trkpt>
   <trkpt lat="43.6652870" lon="-79.3936720">
    <ele>110.0</ele>
    <time>2024-07-27T10:24:59Z</time>
   </trkpt>
   <trkpt lat="43.6652550" lon="-79.3936830">
    <ele>109.9</ele>
    <time>2024-07-27T10:25:00Z</time>
   </trkpt>
   <trkpt lat="43.6652460" lon="-79.3936860">
    <ele>109.9</ele>
    <time>2024-07-27T10:25:01Z</time>
   </trkpt>
   <trkpt lat="43.6652110" lon="-79.3936890">
    <ele>109.7</ele>
    <time>2024-07-27T10:25:02Z</time>
   </trkpt>
   <trkpt lat="43.6652000" lon="-79.3936930">
    <ele>109.6</ele>
    <time>2024-07-27T10:25:03Z</time>
   </trkpt>
   <trkpt lat="43.6651630" lon="-79.3937000">
    <ele>109.5</ele>
    <time>2024-07-27T10:25:04Z</time>
   </trkpt>
   <trkpt lat="43.6651520" lon="-79.3937050">
    <ele>109.4</ele>
    <time>2024-07-27T10:25:05Z</time>
   </trkpt>
   <trkpt lat="43.6651250" lon="-79.3937240">
    <ele>109.3</ele>
    <time>2024-07-27T10:25:06Z</time>
   </trkpt>
   <trkpt lat="43.6650860" lon="-79.3937320">
    <ele>109.2</ele>
    <time>2024-07-27T10:25:07Z</time>
   </trkpt>
   <trkpt lat="43.6650730" lon="-79.3937340">
    <ele>109.2</ele>
    <time>2024-07-27T10:25:08Z</time>
   </trkpt>
   <trkpt lat="43.6650380" lon="-79.3937290">
    <ele>109.1</ele>
    <time>2024-07-27T10:25:09Z</time>
   </trkpt>
   <trkpt lat="43.6650250" lon="-79.3937280">
    <ele>109.1</ele>
    <time>2024-07-27T10:25:10Z</time>
   </trkpt>
   <trkpt lat="43.6649860" lon="-79.3937220">
    <ele>109.1</ele>
    <time>2024-07-27T10:25:11Z</time>
   </trkpt>
   <trkpt lat="43.6649700" lon="-79.3937230">
    <ele>109.1</ele>
    <time>2024-07-27T10:25:12Z</time>
   </trkpt>
   <trkpt lat="43.6649400" lon="-79.3937270">
    <ele>109.1</ele>
    <time>2024-07-27T10:25:13Z</time>
   </trkpt>
   <trkpt lat="43.6649200" lon="-79.3937270">
    <ele>109.1</ele>
    <time>2024-07-27T10:25:14Z</time>
   </trkpt>
   <trkpt lat="43.6649130" lon="-79.3937360">
    <ele>109.1</ele>
    <time>2024-07-27T10:25:15Z</time>
   </trkpt>
   <trkpt lat="43.6648820" lon="-79.3937280">
    <ele>109.1</ele>
    <time>2024-07-27T10:25:16Z</time>
   </trkpt>
   <trkpt lat="43.6648700" lon="-79.3937230">
    <ele>109.1</ele>
    <time>2024-07-27T10:25:17Z</time>
   </trkpt>
   <trkpt lat="43.6648340" lon="-79.3937050">
    <ele>109.2</ele>
    <time>2024-07-27T10:25:18Z</time>
   </trkpt>
   <trkpt lat="43.6648210" lon="-79.3936980">
    <ele>109.2</ele>
    <time>2024-07-27T10:25:19Z</time>
   </trkpt>
   <trkpt lat="43.6647890" lon="-79.3936820">
    <ele>109.2</ele>
    <time>2024-07-27T10:25:20Z</time>
   </trkpt>
   <trkpt lat="43.6647770" lon="-79.3936790">
    <ele>109.3</ele>
    <time>2024-07-27T10:25:21Z</time>
   </trkpt>
   <trkpt lat="43.6647510" lon="-79.3936560">
    <ele>109.3</ele>
    <time>2024-07-27T10:25:22Z</time>
   </trkpt>
   <trkpt lat="43.6647400" lon="-79.3936430">
    <ele>109.3</ele>
    <time>2024-07-27T10:25:23Z</time>
   </trkpt>
   <trkpt lat="43.6647100" lon="-79.3936250">
    <ele>109.4</ele>
    <time>2024-07-27T10:25:24Z</time>
   </trkpt>
   <trkpt lat="43.6647010" lon="-79.3936190">
    <ele>109.4</ele>
    <time>2024-07-27T10:25:25Z</time>
   </trkpt>
   <trkpt lat="43.6646730" lon="-79.3936000">
    <ele>109.4</ele>
    <time>2024-07-27T10:25:26Z</time>
   </trkpt>
   <trkpt lat="43.6646670" lon="-79.3935880">
    <ele>109.4</ele>
    <time>2024-07-27T10:25:27Z</time>
   </trkpt>
   <trkpt lat="43.6646400" lon="-79.3935800">
    <ele>109.5</ele>
    <time>2024-07-27T10:25:28Z</time>
   </trkpt>
   <trkpt lat="43.6645990" lon="-79.3935790">
    <ele>109.5</ele>
    <time>2024-07-27T10:25:29Z</time>
   </trkpt>
   <trkpt lat="43.6645830" lon="-79.3935810">
    <ele>109.5</ele>
    <time>2024-07-27T10:25:30Z</time>
   </trkpt>
   <trkpt lat="43.6645580" lon="-79.3935640">
    <ele>109.5</ele>
    <time>2024-07-27T10:25:31Z</time>
   </trkpt>
   <trkpt lat="43.6645300" lon="-79.3935440">
    <ele>109.4</ele>
    <time>2024-07-27T10:25:32Z</time>
   </trkpt>
   <trkpt lat="43.6645070" lon="-79.3935230">
    <ele>109.4</ele>
    <time>2024-07-27T10:25:33Z</time>
   </trkpt>
   <trkpt lat="43.6644710" lon="-79.3935040">
    <ele>109.4</ele>
    <time>2024-07-27T10:25:34Z</time>
   </trkpt>
   <trkpt lat="43.6644600" lon="-79.3934970">
    <ele>109.4</ele>
    <time>2024-07-27T10:25:35Z</time>
   </trkpt>
   <trkpt lat="43.6644280" lon="-79.3934830">
    <ele>109.4</ele>
    <time>2024-07-27T10:25:36Z</time>
   </trkpt>
   <trkpt lat="43.6644150" lon="-79.3934810">
    <ele>109.3</ele>
    <time>2024-07-27T10:25:37Z</time>
   </trkpt>
   <trkpt lat="43.6643740" lon="-79.3934640">
    <ele>109.3</ele>
    <time>2024-07-27T10:25:38Z</time>
   </trkpt>
   <trkpt lat="43.6643550" lon="-79.3934630">
    <ele>109.3</ele>
    <time>2024-07-27T10:25:39Z</time>
   </trkpt>
   <trkpt lat="43.6643250" lon="-79.3934430">
    <ele>109.3</ele>
    <time>2024-07-27T10:25:40Z</time>
   </trkpt>
   <trkpt lat="43.6643150" lon="-79.3934330">
    <ele>109.3</ele>
    <time>2024-07-27T10:25:41Z</time>
   </trkpt>
   <trkpt lat="43.6642810" lon="-79.3934180">
    <ele>109.2</ele>
    <time>2024-07-27T10:25:42Z</time>
   </trkpt>
   <trkpt lat="43.6642710" lon="-79.3934170">
    <ele>109.2</ele>
    <time>2024-07-27T10:25:43Z</time>
   </trkpt>
   <trkpt lat="43.6642340" lon="-79.3934180">
    <ele>109.2</ele>
    <time>2024-07-27T10:25:44Z</time>
   </trkpt>
   <trkpt lat="43.6642230" lon="-79.3934150">
    <ele>109.2</ele>
    <time>2024-07-27T10:25:45Z</time>
   </trkpt>
   <trkpt lat="43.6641930" lon="-79.3933860">
    <ele>109.2</ele>
    <time>2024-07-27T10:25:46Z</time>
   </trkpt>
   <trkpt lat="43.6641810" lon="-79.3933770">
    <ele>109.2</ele>
    <time>2024-07-27T10:25:47Z</time>
   </trkpt>
   <trkpt lat="43.6641500" lon="-79.3933620">
    <ele>109.1</ele>
    <time>2024-07-27T10:25:48Z</time>
   </trkpt>
   <trkpt lat="43.6641120" lon="-79.3933460">
    <ele>109.1</ele>
    <time>2024-07-27T10:25:49Z</time>
   </trkpt>
   <trkpt lat="43.6640990" lon="-79.3933380">
    <ele>109.1</ele>
    <time>2024-07-27T10:25:50Z</time>
   </trkpt>
   <trkpt lat="43.6640580" lon="-79.3933180">
    <ele>109.1</ele>
    <time>2024-07-27T10:25:51Z</time>
   </trkpt>
   <trkpt lat="43.6640410" lon="-79.3933110">
    <ele>109.1</ele>
    <time>2024-07-27T10:25:52Z</time>
   </trkpt>
   <trkpt lat="43.6640030" lon="-79.3933000">
    <ele>109.1</ele>
    <time>2024-07-27T10:25:53Z</time>
   </trkpt>
   <trkpt lat="43.6639880" lon="-79.3932980">
    <ele>109.1</ele>
    <time>2024-07-27T10:25:54Z</time>
   </trkpt>
   <trkpt lat="43.6639570" lon="-79.3932720">
    <ele>109.0</ele>
    <time>2024-07-27T10:25:55Z</time>
   </trkpt>
   <trkpt lat="43.6639440" lon="-79.3932650">
    <ele>109.0</ele>
    <time>2024-07-27T10:25:56Z</time>
   </trkpt>
   <trkpt lat="43.6639140" lon="-79.3932450">
    <ele>109.0</ele>
    <time>2024-07-27T10:25:57Z</time>
   </trkpt>
   <trkpt lat="43.6639030" lon="-79.3932360">
    <ele>109.0</ele>
    <time>2024-07-27T10:25:58Z</time>
   </trkpt>
   <trkpt lat="43.6638700" lon="-79.3932060">
    <ele>109.0</ele>
    <time>2024-07-27T10:25:59Z</time>
   </trkpt>
   <trkpt lat="43.6638590" lon="-79.3931950">
    <ele>109.0</ele>
    <time>2024-07-27T10:26:00Z</time>
   </trkpt>
   <trkpt lat="43.6638460" lon="-79.3931730">
    <ele>109.0</ele>
    <time>2024-07-27T10:26:01Z</time>
   </trkpt>
   <trkpt lat="43.6638230" lon="-79.3931510">
    <ele>109.0</ele>
    <time>2024-07-27T10:26:03Z</time>
   </trkpt>
   <trkpt lat="43.6637920" lon="-79.3931310">
    <ele>109.0</ele>
    <time>2024-07-27T10:26:04Z</time>
   </trkpt>
   <trkpt lat="43.6637810" lon="-79.3931240">
    <ele>109.0</ele>
    <time>2024-07-27T10:26:05Z</time>
   </trkpt>
   <trkpt lat="43.6637530" lon="-79.3930940">
    <ele>109.0</ele>
    <time>2024-07-27T10:26:06Z</time>
   </trkpt>
   <trkpt lat="43.6637420" lon="-79.3930840">
    <ele>109.0</ele>
    <time>2024-07-27T10:26:07Z</time>
   </trkpt>
   <trkpt lat="43.6637120" lon="-79.3930590">
    <ele>109.0</ele>
    <time>2024-07-27T10:26:08Z</time>
   </trkpt>
   <trkpt lat="43.6636990" lon="-79.3930520">
    <ele>109.0</ele>
    <time>2024-07-27T10:26:09Z</time>
   </trkpt>
   <trkpt lat="43.6636680" lon="-79.3930260">
    <ele>109.0</ele>
    <time>2024-07-27T10:26:10Z</time>
   </trkpt>
   <trkpt lat="43.6636570" lon="-79.3930210">
    <ele>109.0</ele>
    <time>2024-07-27T10:26:11Z</time>
   </trkpt>
   <trkpt lat="43.6636290" lon="-79.3929750">
    <ele>109.0</ele>
    <time>2024-07-27T10:26:12Z</time>
   </trkpt>
   <trkpt lat="43.6636130" lon="-79.3929490">
    <ele>109.1</ele>
    <time>2024-07-27T10:26:13Z</time>
   </trkpt>
   <trkpt lat="43.6635920" lon="-79.3929280">
    <ele>109.1</ele>
    <time>2024-07-27T10:26:15Z</time>
   </trkpt>
   <trkpt lat="43.6635490" lon="-79.3929010">
    <ele>109.1</ele>
    <time>2024-07-27T10:26:16Z</time>
   </trkpt>
   <trkpt lat="43.6635230" lon="-79.3928670">
    <ele>109.1</ele>
    <time>2024-07-27T10:26:17Z</time>
   </trkpt>
   <trkpt lat="43.6635100" lon="-79.3928600">
    <ele>109.1</ele>
    <time>2024-07-27T10:26:18Z</time>
   </trkpt>
   <trkpt lat="43.6634800" lon="-79.3928370">
    <ele>109.1</ele>
    <time>2024-07-27T10:26:19Z</time>
   </trkpt>
   <trkpt lat="43.6634590" lon="-79.3928050">
    <ele>109.0</ele>
    <time>2024-07-27T10:26:20Z</time>
   </trkpt>
   <trkpt lat="43.6634270" lon="-79.3927790">
    <ele>109.0</ele>
    <time>2024-07-27T10:26:21Z</time>
   </trkpt>
   <trkpt lat="43.6634130" lon="-79.3927650">
    <ele>109.0</ele>
    <time>2024-07-27T10:26:22Z</time>
   </trkpt>
   <trkpt lat="43.6633870" lon="-79.3927420">
    <ele>109.0</ele>
    <time>2024-07-27T10:26:23Z</time>
   </trkpt>
   <trkpt lat="43.6633590" lon="-79.3927060">
    <ele>109.0</ele>
    <time>2024-07-27T10:26:24Z</time>
   </trkpt>
   <trkpt lat="43.6633470" lon="-79.3926920">
    <ele>109.0</ele>
    <time>2024-07-27T10:26:25Z</time>
   </trkpt>
   <trkpt lat="43.6633220" lon="-79.3926750">
    <ele>109.0</ele>
    <time>2024-07-27T10:26:26Z</time>
   </trkpt>
   <trkpt lat="43.6633000" lon="-79.3926440">
    <ele>108.9</ele>
    <time>2024-07-27T10:26:27Z</time>
   </trkpt>
   <trkpt lat="43.6632920" lon="-79.3926330">
    <ele>108.9</ele>
    <time>2024-07-27T10:26:28Z</time>
   </trkpt>
   <trkpt lat="43.6632760" lon="-79.3925870">
    <ele>108.9</ele>
    <time>2024-07-27T10:26:29Z</time>
   </trkpt>
   <trkpt lat="43.6632720" lon="-79.3925660">
    <ele>108.9</ele>
    <time>2024-07-27T10:26:30Z</time>
   </trkpt>
   <trkpt lat="43.6632720" lon="-79.3925140">
    <ele>108.9</ele>
    <time>2024-07-27T10:26:31Z</time>
   </trkpt>
   <trkpt lat="43.6632740" lon="-79.3924920">
    <ele>108.9</ele>
    <time>2024-07-27T10:26:32Z</time>
   </trkpt>
   <trkpt lat="43.6632630" lon="-79.3924570">
    <ele>108.9</ele>
    <time>2024-07-27T10:26:33Z</time>
   </trkpt>
   <trkpt lat="43.6632610" lon="-79.3924170">
    <ele>108.9</ele>
    <time>2024-07-27T10:26:34Z</time>
   </trkpt>
   <trkpt lat="43.6632670" lon="-79.3923620">
    <ele>108.9</ele>
    <time>2024-07-27T10:26:35Z</time>
   </trkpt>
   <trkpt lat="43.6632720" lon="-79.3923400">
    <ele>108.9</ele>
    <time>2024-07-27T10:26:36Z</time>
   </trkpt>
   <trkpt lat="43.6632770" lon="-79.3923000">
    <ele>108.9</ele>
    <time>2024-07-27T10:26:37Z</time>
   </trkpt>
   <trkpt lat="43.6632770" lon="-79.3922520">
    <ele>108.9</ele>
    <time>2024-07-27T10:26:38Z</time>
   </trkpt>
   <trkpt lat="43.6632930" lon="-79.3922090">
    <ele>108.9</ele>
    <time>2024-07-27T10:26:39Z</time>
   </trkpt>
   <trkpt lat="43.6632990" lon="-79.3921960">
    <ele>108.9</ele>
    <time>2024-07-27T10:26:40Z</time>
   </trkpt>
   <trkpt lat="43.6633220" lon="-79.3921710">
    <ele>108.9</ele>
    <time>2024-07-27T10:26:41Z</time>
   </trkpt>
   <trkpt lat="43.6633250" lon="-79.3921220">
    <ele>108.9</ele>
    <time>2024-07-27T10:26:42Z</time>
   </trkpt>
   <trkpt lat="43.6633280" lon="-79.3921020">
    <ele>108.9</ele>
    <time>2024-07-27T10:26:43Z</time>
   </trkpt>
   <trkpt lat="43.6633440" lon="-79.3920580">
    <ele>108.9</ele>
    <time>2024-07-27T10:26:44Z</time>
   </trkpt>
   <trkpt lat="43.6633460" lon="-79.3920440">
    <ele>108.9</ele>
    <time>2024-07-27T10:26:45Z</time>
   </trkpt>
   <trkpt lat="43.6633690" lon="-79.3920140">
    <ele>108.9</ele>
    <time>2024-07-27T10:26:46Z</time>
   </trkpt>
   <trkpt lat="43.6633760" lon="-79.3920030">
    <ele>108.9</ele>
    <time>2024-07-27T10:26:47Z</time>
   </trkpt>
   <trkpt lat="43.6633720" lon="-79.3919750">
    <ele>108.9</ele>
    <time>2024-07-27T10:26:48Z</time>
   </trkpt>
   <trkpt lat="43.6633720" lon="-79.3919550">
    <ele>108.9</ele>
    <time>2024-07-27T10:26:49Z</time>
   </trkpt>
   <trkpt lat="43.6633730" lon="-79.3919340">
    <ele>108.9</ele>
    <time>2024-07-27T10:26:50Z</time>
   </trkpt>
   <trkpt lat="43.6633390" lon="-79.3919060">
    <ele>108.8</ele>
    <time>2024-07-27T10:26:51Z</time>
   </trkpt>
   <trkpt lat="43.6633570" lon="-79.3918530">
    <ele>108.8</ele>
    <time>2024-07-27T10:26:52Z</time>
   </trkpt>
   <trkpt lat="43.6633810" lon="-79.3918060">
    <ele>108.8</ele>
    <time>2024-07-27T10:26:53Z</time>
   </trkpt>
   <trkpt lat="43.6634160" lon="-79.3917550">
    <ele>108.8</ele>
    <time>2024-07-27T10:26:54Z</time>
   </trkpt>
   <trkpt lat="43.6634320" lon="-79.3917170">
    <ele>108.7</ele>
    <time>2024-07-27T10:26:55Z</time>
   </trkpt>
   <trkpt lat="43.6634440" lon="-79.3916770">
    <ele>108.7</ele>
    <time>2024-07-27T10:26:56Z</time>
   </trkpt>
   <trkpt lat="43.6634550" lon="-79.3916430">
    <ele>108.7</ele>
    <time>2024-07-27T10:26:57Z</time>
   </trkpt>
   <trkpt lat="43.6634750" lon="-79.3915970">
    <ele>108.7</ele>
    <time>2024-07-27T10:26:58Z</time>
   </trkpt>
   <trkpt lat="43.6634760" lon="-79.3915780">
    <ele>108.7</ele>
    <time>2024-07-27T10:26:59Z</time>
   </trkpt>
   <trkpt lat="43.6634650" lon="-79.3915420">
    <ele>108.7</ele>
    <time>2024-07-27T10:27:00Z</time>
   </trkpt>
   <trkpt lat="43.6634600" lon="-79.3914860">
    <ele>108.6</ele>
    <time>2024-07-27T10:27:01Z</time>
   </trkpt>
   <trkpt lat="43.6634660" lon="-79.3914480">
    <ele>108.6</ele>
    <time>2024-07-27T10:27:02Z</time>
   </trkpt>
   <trkpt lat="43.6634640" lon="-79.3914350">
    <ele>108.6</ele>
    <time>2024-07-27T10:27:03Z</time>
   </trkpt>
   <trkpt lat="43.6634710" lon="-79.3913910">
    <ele>108.6</ele>
    <time>2024-07-27T10:27:04Z</time>
   </trkpt>
   <trkpt lat="43.6634870" lon="-79.3913490">
    <ele>108.5</ele>
    <time>2024-07-27T10:27:05Z</time>
   </trkpt>
   <trkpt lat="43.6635120" lon="-79.3913100">
    <ele>108.5</ele>
    <time>2024-07-27T10:27:06Z</time>
   </trkpt>
   <trkpt lat="43.6635330" lon="-79.3912700">
    <ele>108.5</ele>
    <time>2024-07-27T10:27:07Z</time>
   </trkpt>
   <trkpt lat="43.6635370" lon="-79.3912580">
    <ele>108.5</ele>
    <time>2024-07-27T10:27:08Z</time>
   </trkpt>
   <trkpt lat="43.6635490" lon="-79.3912130">
    <ele>108.5</ele>
    <time>2024-07-27T10:27:09Z</time>
   </trkpt>
   <trkpt lat="43.6635510" lon="-79.3911980">
    <ele>108.5</ele>
    <time>2024-07-27T10:27:10Z</time>
   </trkpt>
   <trkpt lat="43.6635780" lon="-79.3911620">
    <ele>108.5</ele>
    <time>2024-07-27T10:27:11Z</time>
   </trkpt>
   <trkpt lat="43.6635910" lon="-79.3911510">
    <ele>108.5</ele>
    <time>2024-07-27T10:27:12Z</time>
   </trkpt>
   <trkpt lat="43.6636190" lon="-79.3911490">
    <ele>108.5</ele>
    <time>2024-07-27T10:27:13Z</time>
   </trkpt>
   <trkpt lat="43.6636400" lon="-79.3911100">
    <ele>108.5</ele>
    <time>2024-07-27T10:27:14Z</time>
   </trkpt>
   <trkpt lat="43.6636470" lon="-79.3910970">
    <ele>108.5</ele>
    <time>2024-07-27T10:27:15Z</time>
   </trkpt>
   <trkpt lat="43.6636750" lon="-79.3910590">
    <ele>108.5</ele>
    <time>2024-07-27T10:27:16Z</time>
   </trkpt>
   <trkpt lat="43.6636850" lon="-79.3910470">
    <ele>108.5</ele>
    <time>2024-07-27T10:27:17Z</time>
   </trkpt>
   <trkpt lat="43.6637190" lon="-79.3910210">
    <ele>108.4</ele>
    <time>2024-07-27T10:27:18Z</time>
   </trkpt>
   <trkpt lat="43.6637390" lon="-79.3910160">
    <ele>108.4</ele>
    <time>2024-07-27T10:27:19Z</time>
   </trkpt>
   <trkpt lat="43.6637670" lon="-79.3910010">
    <ele>108.5</ele>
    <time>2024-07-27T10:27:20Z</time>
   </trkpt>
   <trkpt lat="43.6637820" lon="-79.3910020">
    <ele>108.5</ele>
    <time>2024-07-27T10:27:21Z</time>
   </trkpt>
   <trkpt lat="43.6638170" lon="-79.3909740">
    <ele>108.5</ele>
    <time>2024-07-27T10:27:22Z</time>
   </trkpt>
   <trkpt lat="43.6638310" lon="-79.3909620">
    <ele>108.5</ele>
    <time>2024-07-27T10:27:23Z</time>
   </trkpt>
   <trkpt lat="43.6638610" lon="-79.3909560">
    <ele>108.5</ele>
    <time>2024-07-27T10:27:24Z</time>
   </trkpt>
   <trkpt lat="43.6638860" lon="-79.3909380">
    <ele>108.5</ele>
    <time>2024-07-27T10:27:25Z</time>
   </trkpt>
   <trkpt lat="43.6638950" lon="-79.3909370">
    <ele>108.5</ele>
    <time>2024-07-27T10:27:26Z</time>
   </trkpt>
   <trkpt lat="43.6639280" lon="-79.3909150">
    <ele>108.6</ele>
    <time>2024-07-27T10:27:27Z</time>
   </trkpt>
   <trkpt lat="43.6639390" lon="-79.3909100">
    <ele>108.6</ele>
    <time>2024-07-27T10:27:28Z</time>
   </trkpt>
   <trkpt lat="43.6639770" lon="-79.3909000">
    <ele>108.6</ele>
    <time>2024-07-27T10:27:29Z</time>
   </trkpt>
   <trkpt lat="43.6639890" lon="-79.3908990">
    <ele>108.6</ele>
    <time>2024-07-27T10:27:30Z</time>
   </trkpt>
   <trkpt lat="43.6640230" lon="-79.3908950">
    <ele>108.6</ele>
    <time>2024-07-27T10:27:31Z</time>
   </trkpt>
   <trkpt lat="43.6640330" lon="-79.3908980">
    <ele>108.6</ele>
    <time>2024-07-27T10:27:32Z</time>
   </trkpt>
   <trkpt lat="43.6640620" lon="-79.3909190">
    <ele>108.7</ele>
    <time>2024-07-27T10:27:33Z</time>
   </trkpt>
   <trkpt lat="43.6640920" lon="-79.3909270">
    <ele>108.7</ele>
    <time>2024-07-27T10:27:34Z</time>
   </trkpt>
   <trkpt lat="43.6641250" lon="-79.3909440">
    <ele>108.8</ele>
    <time>2024-07-27T10:27:35Z</time>
   </trkpt>
   <trkpt lat="43.6641400" lon="-79.3909500">
    <ele>108.8</ele>
    <time>2024-07-27T10:27:36Z</time>
   </trkpt>
   <trkpt lat="43.6641710" lon="-79.3909770">
    <ele>108.9</ele>
    <time>2024-07-27T10:27:37Z</time>
   </trkpt>
   <trkpt lat="43.6641850" lon="-79.3909790">
    <ele>108.9</ele>
    <time>2024-07-27T10:27:38Z</time>
   </trkpt>
   <trkpt lat="43.6642170" lon="-79.3909890">
    <ele>108.9</ele>
    <time>2024-07-27T10:27:39Z</time>
   </trkpt>
   <trkpt lat="43.6642470" lon="-79.3910050">
    <ele>109.0</ele>
    <time>2024-07-27T10:27:40Z</time>
   </trkpt>
   <trkpt lat="43.6642730" lon="-79.3910170">
    <ele>109.0</ele>
    <time>2024-07-27T10:27:41Z</time>
   </trkpt>
   <trkpt lat="43.6642990" lon="-79.3910320">
    <ele>109.0</ele>
    <time>2024-07-27T10:27:42Z</time>
   </trkpt>
   <trkpt lat="43.6643310" lon="-79.3910510">
    <ele>109.1</ele>
    <time>2024-07-27T10:27:43Z</time>
   </trkpt>
   <trkpt lat="43.6643400" lon="-79.3910500">
    <ele>109.1</ele>
    <time>2024-07-27T10:27:44Z</time>
   </trkpt>
   <trkpt lat="43.6643690" lon="-79.3910600">
    <ele>109.1</ele>
    <time>2024-07-27T10:27:45Z</time>
   </trkpt>
   <trkpt lat="43.6643750" lon="-79.3910640">
    <ele>109.1</ele>
    <time>2024-07-27T10:27:46Z</time>
   </trkpt>
   <trkpt lat="43.6644090" lon="-79.3910820">
    <ele>109.1</ele>
    <time>2024-07-27T10:27:47Z</time>
   </trkpt>
   <trkpt lat="43.6644230" lon="-79.3910890">
    <ele>109.2</ele>
    <time>2024-07-27T10:27:48Z</time>
   </trkpt>
   <trkpt lat="43.6644410" lon="-79.3911220">
    <ele>109.2</ele>
    <time>2024-07-27T10:27:49Z</time>
   </trkpt>
   <trkpt lat="43.6644470" lon="-79.3911270">
    <ele>109.2</ele>
    <time>2024-07-27T10:27:50Z</time>
   </trkpt>
   <trkpt lat="43.6644810" lon="-79.3911360">
    <ele>109.2</ele>
    <time>2024-07-27T10:27:51Z</time>
   </trkpt>
   <trkpt lat="43.6644930" lon="-79.3911390">
    <ele>109.2</ele>
    <time>2024-07-27T10:27:52Z</time>
   </trkpt>
   <trkpt lat="43.6645250" lon="-79.3911500">
    <ele>109.2</ele>
    <time>2024-07-27T10:27:53Z</time>
   </trkpt>
   <trkpt lat="43.6645380" lon="-79.3911520">
    <ele>109.2</ele>
    <time>2024-07-27T10:27:54Z</time>
   </trkpt>
   <trkpt lat="43.6645660" lon="-79.3911430">
    <ele>109.2</ele>
    <time>2024-07-27T10:27:55Z</time>
   </trkpt>
   <trkpt lat="43.6645850" lon="-79.3911700">
    <ele>109.2</ele>
    <time>2024-07-27T10:27:56Z</time>
   </trkpt>
   <trkpt lat="43.6646240" lon="-79.3911870">
    <ele>109.2</ele>
    <time>2024-07-27T10:27:57Z</time>
   </trkpt>
   <trkpt lat="43.6646380" lon="-79.3911940">
    <ele>109.2</ele>
    <time>2024-07-27T10:27:58Z</time>
   </trkpt>
   <trkpt lat="43.6646650" lon="-79.3912060">
    <ele>109.3</ele>
    <time>2024-07-27T10:27:59Z</time>
   </trkpt>
   <trkpt lat="43.6647030" lon="-79.3912160">
    <ele>109.3</ele>
    <time>2024-07-27T10:28:00Z</time>
   </trkpt>
   <trkpt lat="43.6647140" lon="-79.3912200">
    <ele>109.3</ele>
    <time>2024-07-27T10:28:01Z</time>
   </trkpt>
   <trkpt lat="43.6647410" lon="-79.3912360">
    <ele>109.3</ele>
    <time>2024-07-27T10:28:02Z</time>
   </trkpt>
   <trkpt lat="43.6647520" lon="-79.3912410">
    <ele>109.3</ele>
    <time>2024-07-27T10:28:03Z</time>
   </trkpt>
   <trkpt lat="43.6647880" lon="-79.3912600">
    <ele>109.3</ele>
    <time>2024-07-27T10:28:04Z</time>
   </trkpt>
   <trkpt lat="43.6648000" lon="-79.3912660">
    <ele>109.4</ele>
    <time>2024-07-27T10:28:05Z</time>
   </trkpt>
   <trkpt lat="43.6648370" lon="-79.3912720">
    <ele>109.4</ele>
    <time>2024-07-27T10:28:06Z</time>
   </trkpt>
   <trkpt lat="43.6648500" lon="-79.3912780">
    <ele>109.4</ele>
    <time>2024-07-27T10:28:07Z</time>
   </trkpt>
   <trkpt lat="43.6648940" lon="-79.3912850">
    <ele>109.4</ele>
    <time>2024-07-27T10:28:09Z</time>
   </trkpt>
   <trkpt lat="43.6649080" lon="-79.3912940">
    <ele>109.4</ele>
    <time>2024-07-27T10:28:10Z</time>
   </trkpt>
   <trkpt lat="43.6649230" lon="-79.3913030">
    <ele>109.4</ele>
    <time>2024-07-27T10:28:11Z</time>
   </trkpt>
   <trkpt lat="43.6649560" lon="-79.3913180">
    <ele>109.5</ele>
    <time>2024-07-27T10:28:12Z</time>
   </trkpt>
   <trkpt lat="43.6649670" lon="-79.3913210">
    <ele>109.5</ele>
    <time>2024-07-27T10:28:13Z</time>
   </trkpt>
   <trkpt lat="43.6649950" lon="-79.3913470">
    <ele>109.5</ele>
    <time>2024-07-27T10:28:14Z</time>
   </trkpt>
   <trkpt lat="43.6650040" lon="-79.3913560">
    <ele>109.5</ele>
    <time>2024-07-27T10:28:15Z</time>
   </trkpt>
   <trkpt lat="43.6650350" lon="-79.3913690">
    <ele>109.6</ele>
    <time>2024-07-27T10:28:16Z</time>
   </trkpt>
   <trkpt lat="43.6650450" lon="-79.3913710">
    <ele>109.6</ele>
    <time>2024-07-27T10:28:17Z</time>
   </trkpt>
   <trkpt lat="43.6650730" lon="-79.3913640">
    <ele>109.6</ele>
    <time>2024-07-27T10:28:18Z</time>
   </trkpt>
   <trkpt lat="43.6650990" lon="-79.3913790">
    <ele>109.6</ele>
    <time>2024-07-27T10:28:19Z</time>
   </trkpt>
   <trkpt lat="43.6651090" lon="-79.3913810">
    <ele>109.7</ele>
    <time>2024-07-27T10:28:20Z</time>
   </trkpt>
   <trkpt lat="43.6651400" lon="-79.3913820">
    <ele>109.7</ele>
    <time>2024-07-27T10:28:21Z</time>
   </trkpt>
   <trkpt lat="43.6651510" lon="-79.3913820">
    <ele>109.7</ele>
    <time>2024-07-27T10:28:22Z</time>
   </trkpt>
   <trkpt lat="43.6651830" lon="-79.3913820">
    <ele>109.7</ele>
    <time>2024-07-27T10:28:23Z</time>
   </trkpt>
   <trkpt lat="43.6651970" lon="-79.3913760">
    <ele>109.8</ele>
    <time>2024-07-27T10:28:24Z</time>
   </trkpt>
   <trkpt lat="43.6652560" lon="-79.3914050">
    <ele>109.8</ele>
    <time>2024-07-27T10:28:25Z</time>
   </trkpt>
   <trkpt lat="43.6652820" lon="-79.3914270">
    <ele>109.9</ele>
    <time>2024-07-27T10:28:26Z</time>
   </trkpt>
   <trkpt lat="43.6653200" lon="-79.3914320">
    <ele>109.9</ele>
    <time>2024-07-27T10:28:27Z</time>
   </trkpt>
   <trkpt lat="43.6653320" lon="-79.3914380">
    <ele>109.9</ele>
    <time>2024-07-27T10:28:28Z</time>
   </trkpt>
   <trkpt lat="43.6653660" lon="-79.3914300">
    <ele>110.0</ele>
    <time>2024-07-27T10:28:29Z</time>
   </trkpt>
   <trkpt lat="43.6653980" lon="-79.3914550">
    <ele>110.0</ele>
    <time>2024-07-27T10:28:30Z</time>
   </trkpt>
   <trkpt lat="43.6654070" lon="-79.3914680">
    <ele>110.0</ele>
    <time>2024-07-27T10:28:31Z</time>
   </trkpt>
   <trkpt lat="43.6654310" lon="-79.3914890">
    <ele>110.1</ele>
    <time>2024-07-27T10:28:32Z</time>
   </trkpt>
   <trkpt lat="43.6654410" lon="-79.3914920">
    <ele>110.1</ele>
    <time>2024-07-27T10:28:33Z</time>
   </trkpt>
   <trkpt lat="43.6654610" lon="-79.3915290">
    <ele>110.2</ele>
    <time>2024-07-27T10:28:34Z</time>
   </trkpt>
   <trkpt lat="43.6654710" lon="-79.3915340">
    <ele>110.2</ele>
    <time>2024-07-27T10:28:35Z</time>
   </trkpt>
   <trkpt lat="43.6654970" lon="-79.3915470">
    <ele>110.2</ele>
    <time>2024-07-27T10:28:36Z</time>
   </trkpt>
   <trkpt lat="43.6655260" lon="-79.3915490">
    <ele>110.3</ele>
    <time>2024-07-27T10:28:37Z</time>
   </trkpt>
   <trkpt lat="43.6655480" lon="-79.3915780">
    <ele>110.3</ele>
    <time>2024-07-27T10:28:38Z</time>
   </trkpt>
   <trkpt lat="43.6655800" lon="-79.3915810">
    <ele>110.4</ele>
    <time>2024-07-27T10:28:39Z</time>
   </trkpt>
   <trkpt lat="43.6655920" lon="-79.3915830">
    <ele>110.4</ele>
    <time>2024-07-27T10:28:40Z</time>
   </trkpt>
   <trkpt lat="43.6656190" lon="-79.3916210">
    <ele>110.5</ele>
    <time>2024-07-27T10:28:41Z</time>
   </trkpt>
   <trkpt lat="43.6656240" lon="-79.3916440">
    <ele>110.5</ele>
    <time>2024-07-27T10:28:42Z</time>
   </trkpt>
   <trkpt lat="43.6656590" lon="-79.3916600">
    <ele>110.6</ele>
    <time>2024-07-27T10:28:43Z</time>
   </trkpt>
   <trkpt lat="43.6656680" lon="-79.3916670">
    <ele>110.6</ele>
    <time>2024-07-27T10:28:44Z</time>
   </trkpt>
   <trkpt lat="43.6656880" lon="-79.3916990">
    <ele>110.6</ele>
    <time>2024-07-27T10:28:45Z</time>
   </trkpt>
   <trkpt lat="43.6656940" lon="-79.3917090">
    <ele>110.6</ele>
    <time>2024-07-27T10:28:46Z</time>
   </trkpt>
   <trkpt lat="43.6657180" lon="-79.3917500">
    <ele>110.7</ele>
    <time>2024-07-27T10:28:47Z</time>
   </trkpt>
   <trkpt lat="43.6657260" lon="-79.3917620">
    <ele>110.7</ele>
    <time>2024-07-27T10:28:48Z</time>
   </trkpt>
   <trkpt lat="43.6657430" lon="-79.3917910">
    <ele>110.7</ele>
    <time>2024-07-27T10:28:49Z</time>
   </trkpt>
   <trkpt lat="43.6657690" lon="-79.3918100">
    <ele>110.8</ele>
    <time>2024-07-27T10:28:50Z</time>
   </trkpt>
   <trkpt lat="43.6657890" lon="-79.3918460">
    <ele>110.8</ele>
    <time>2024-07-27T10:28:51Z</time>
   </trkpt>
   <trkpt lat="43.6657940" lon="-79.3918610">
    <ele>110.8</ele>
    <time>2024-07-27T10:28:52Z</time>
   </trkpt>
   <trkpt lat="43.6658120" lon="-79.3918970">
    <ele>110.9</ele>
    <time>2024-07-27T10:28:53Z</time>
   </trkpt>
   <trkpt lat="43.6658180" lon="-79.3919050">
    <ele>110.9</ele>
    <time>2024-07-27T10:28:54Z</time>
   </trkpt>
   <trkpt lat="43.6658470" lon="-79.3919380">
    <ele>110.9</ele>
    <time>2024-07-27T10:28:55Z</time>
   </trkpt>
   <trkpt lat="43.6658580" lon="-79.3919470">
    <ele>110.9</ele>
    <time>2024-07-27T10:28:56Z</time>
   </trkpt>
   <trkpt lat="43.6658880" lon="-79.3919740">
    <ele>111.0</ele>
    <time>2024-07-27T10:28:57Z</time>
   </trkpt>
   <trkpt lat="43.6658960" lon="-79.3919880">
    <ele>111.0</ele>
    <time>2024-07-27T10:28:58Z</time>
   </trkpt>
   <trkpt lat="43.6659130" lon="-79.3920340">
    <ele>111.0</ele>
    <time>2024-07-27T10:28:59Z</time>
   </trkpt>
   <trkpt lat="43.6659180" lon="-79.3920500">
    <ele>111.0</ele>
    <time>2024-07-27T10:29:00Z</time>
   </trkpt>
   <trkpt lat="43.6659270" lon="-79.3921140">
    <ele>111.1</ele>
    <time>2024-07-27T10:29:01Z</time>
   </trkpt>
   <trkpt lat="43.6659350" lon="-79.3921410">
    <ele>111.1</ele>
    <time>2024-07-27T10:29:02Z</time>
   </trkpt>
   <trkpt lat="43.6659440" lon="-79.3921780">
    <ele>111.2</ele>
    <time>2024-07-27T10:29:03Z</time>
   </trkpt>
   <trkpt lat="43.6659480" lon="-79.3922210">
    <ele>111.2</ele>
    <time>2024-07-27T10:29:04Z</time>
   </trkpt>
   <trkpt lat="43.6659520" lon="-79.3922330">
    <ele>111.2</ele>
    <time>2024-07-27T10:29:05Z</time>
   </trkpt>
   <trkpt lat="43.6659710" lon="-79.3922730">
    <ele>111.3</ele>
    <time>2024-07-27T10:29:06Z</time>
   </trkpt>
   <trkpt lat="43.6659740" lon="-79.3922880">
    <ele>111.3</ele>
    <time>2024-07-27T10:29:07Z</time>
   </trkpt>
   <trkpt lat="43.6659810" lon="-79.3923330">
    <ele>111.3</ele>
    <time>2024-07-27T10:29:08Z</time>
   </trkpt>
   <trkpt lat="43.6659840" lon="-79.3923450">
    <ele>111.3</ele>
    <time>2024-07-27T10:29:09Z</time>
   </trkpt>
   <trkpt lat="43.6659940" lon="-79.3923850">
    <ele>111.4</ele>
    <time>2024-07-27T10:29:10Z</time>
   </trkpt>
   <trkpt lat="43.6659970" lon="-79.3923970">
    <ele>111.4</ele>
    <time>2024-07-27T10:29:11Z</time>
   </trkpt>
   <trkpt lat="43.6660010" lon="-79.3924390">
    <ele>111.4</ele>
    <time>2024-07-27T10:29:12Z</time>
   </trkpt>
   <trkpt lat="43.6660000" lon="-79.3924760">
    <ele>111.4</ele>
    <time>2024-07-27T10:29:13Z</time>
   </trkpt>
   <trkpt lat="43.6660110" lon="-79.3925110">
    <ele>111.4</ele>
    <time>2024-07-27T10:29:14Z</time>
   </trkpt>
   <trkpt lat="43.6660020" lon="-79.3925500">
    <ele>111.4</ele>
    <time>2024-07-27T10:29:15Z</time>
   </trkpt>
   <trkpt lat="43.6659920" lon="-79.3925930">
    <ele>111.4</ele>
    <time>2024-07-27T10:29:16Z</time>
   </trkpt>
   <trkpt lat="43.6659890" lon="-79.3926090">
    <ele>111.4</ele>
    <time>2024-07-27T10:29:17Z</time>
   </trkpt>
   <trkpt lat="43.6659900" lon="-79.3926510">
    <ele>111.4</ele>
    <time>2024-07-27T10:29:18Z</time>
   </trkpt>
   <trkpt lat="43.6659930" lon="-79.3926670">
    <ele>111.4</ele>
    <time>2024-07-27T10:29:19Z</time>
   </trkpt>
   <trkpt lat="43.6659880" lon="-79.3927080">
    <ele>111.5</ele>
    <time>2024-07-27T10:29:20Z</time>
   </trkpt>
   <trkpt lat="43.6659860" lon="-79.3927250">
    <ele>111.5</ele>
    <time>2024-07-27T10:29:21Z</time>
   </trkpt>
   <trkpt lat="43.6659720" lon="-79.3927700">
    <ele>111.5</ele>
    <time>2024-07-27T10:29:22Z</time>
   </trkpt>
   <trkpt lat="43.6659700" lon="-79.3927850">
    <ele>111.5</ele>
    <time>2024-07-27T10:29:23Z</time>
   </trkpt>
   <trkpt lat="43.6659700" lon="-79.3928280">
    <ele>111.5</ele>
    <time>2024-07-27T10:29:24Z</time>
   </trkpt>
   <trkpt lat="43.6659520" lon="-79.3928610">
    <ele>111.5</ele>
    <time>2024-07-27T10:29:25Z</time>
   </trkpt>
   <trkpt lat="43.6659480" lon="-79.3928740">
    <ele>111.5</ele>
    <time>2024-07-27T10:29:26Z</time>
   </trkpt>
   <trkpt lat="43.6659320" lon="-79.3929130">
    <ele>111.5</ele>
    <time>2024-07-27T10:29:27Z</time>
   </trkpt>
   <trkpt lat="43.6659260" lon="-79.3929290">
    <ele>111.5</ele>
    <time>2024-07-27T10:29:28Z</time>
   </trkpt>
   <trkpt lat="43.6659160" lon="-79.3929670">
    <ele>111.5</ele>
    <time>2024-07-27T10:29:29Z</time>
   </trkpt>
   <trkpt lat="43.6659120" lon="-79.3930160">
    <ele>111.5</ele>
    <time>2024-07-27T10:29:30Z</time>
   </trkpt>
   <trkpt lat="43.6659100" lon="-79.3930280">
    <ele>111.5</ele>
    <time>2024-07-27T10:29:31Z</time>
   </trkpt>
   <trkpt lat="43.6658980" lon="-79.3930680">
    <ele>111.5</ele>
    <time>2024-07-27T10:29:32Z</time>
   </trkpt>
   <trkpt lat="43.6658890" lon="-79.3930830">
    <ele>111.5</ele>
    <time>2024-07-27T10:29:33Z</time>
   </trkpt>
   <trkpt lat="43.6658630" lon="-79.3931260">
    <ele>111.4</ele>
    <time>2024-07-27T10:29:34Z</time>
   </trkpt>
   <trkpt lat="43.6658520" lon="-79.3931400">
    <ele>111.4</ele>
    <time>2024-07-27T10:29:35Z</time>
   </trkpt>
   <trkpt lat="43.6658310" lon="-79.3931820">
    <ele>111.4</ele>
    <time>2024-07-27T10:29:36Z</time>
   </trkpt>
   <trkpt lat="43.6658260" lon="-79.3932000">
    <ele>111.4</ele>
    <time>2024-07-27T10:29:37Z</time>
   </trkpt>
   <trkpt lat="43.6658110" lon="-79.3932340">
    <ele>111.3</ele>
    <time>2024-07-27T10:29:38Z</time>
   </trkpt>
   <trkpt lat="43.6657840" lon="-79.3932710">
    <ele>111.2</ele>
    <time>2024-07-27T10:29:39Z</time>
   </trkpt>
   <trkpt lat="43.6657750" lon="-79.3932820">
    <ele>111.2</ele>
    <time>2024-07-27T10:29:40Z</time>
   </trkpt>
   <trkpt lat="43.6657590" lon="-79.3933150">
    <ele>111.2</ele>
    <time>2024-07-27T10:29:41Z</time>
   </trkpt>
   <trkpt lat="43.6657370" lon="-79.3933440">
    <ele>111.1</ele>
    <time>2024-07-27T10:29:42Z</time>
   </trkpt>
   <trkpt lat="43.6657280" lon="-79.3933570">
    <ele>111.1</ele>
    <time>2024-07-27T10:29:43Z</time>
   </trkpt>
   <trkpt lat="43.6657090" lon="-79.3933860">
    <ele>111.0</ele>
    <time>2024-07-27T10:29:44Z</time>
   </trkpt>
   <trkpt lat="43.6656830" lon="-79.3934080">
    <ele>111.0</ele>
    <time>2024-07-27T10:29:45Z</time>
   </trkpt>
   <trkpt lat="43.6656640" lon="-79.3934350">
    <ele>110.9</ele>
    <time>2024-07-27T10:29:46Z</time>
   </trkpt>
   <trkpt lat="43.6656490" lon="-79.3934710">
    <ele>110.9</ele>
    <time>2024-07-27T10:29:47Z</time>
   </trkpt>
   <trkpt lat="43.6656120" lon="-79.3934800">
    <ele>110.8</ele>
    <time>2024-07-27T10:29:48Z</time>
   </trkpt>
   <trkpt lat="43.6656010" lon="-79.3934880">
    <ele>110.8</ele>
    <time>2024-07-27T10:29:49Z</time>
   </trkpt>
   <trkpt lat="43.6655680" lon="-79.3934970">
    <ele>110.7</ele>
    <time>2024-07-27T10:29:50Z</time>
   </trkpt>
   <trkpt lat="43.6655450" lon="-79.3935330">
    <ele>110.7</ele>
    <time>2024-07-27T10:29:51Z</time>
   </trkpt>
   <trkpt lat="43.6655120" lon="-79.3935480">
    <ele>110.7</ele>
    <time>2024-07-27T10:29:52Z</time>
   </trkpt>
   <trkpt lat="43.6654720" lon="-79.3935770">
    <ele>110.6</ele>
    <time>2024-07-27T10:29:53Z</time>
   </trkpt>
   <trkpt lat="43.6654550" lon="-79.3935870">
    <ele>110.6</ele>
    <time>2024-07-27T10:29:54Z</time>
   </trkpt>
   <trkpt lat="43.6654320" lon="-79.3936100">
    <ele>110.5</ele>
    <time>2024-07-27T10:29:55Z</time>
   </trkpt>
   <trkpt lat="43.6654020" lon="-79.3936300">
    <ele>110.5</ele>
    <time>2024-07-27T10:29:56Z</time>
   </trkpt>
   <trkpt lat="43.6653880" lon="-79.3936420">
    <ele>110.5</ele>
    <time>2024-07-27T10:29:57Z</time>
   </trkpt>
   <trkpt lat="43.6653640" lon="-79.3936620">
    <ele>110.4</ele>
    <time>2024-07-27T10:29:58Z</time>
   </trkpt>
   <trkpt lat="43.6653480" lon="-79.3936620">
    <ele>110.3</ele>
    <time>2024-07-27T10:29:59Z</time>
   </trkpt>
   <trkpt lat="43.6653360" lon="-79.3936520">
    <ele>110.3</ele>
    <time>2024-07-27T10:30:00Z</time>
   </trkpt>
   <trkpt lat="43.6653050" lon="-79.3936620">
    <ele>110.2</ele>
    <time>2024-07-27T10:30:01Z</time>
   </trkpt>
   <trkpt lat="43.6652900" lon="-79.3936680">
    <ele>110.1</ele>
    <time>2024-07-27T10:30:02Z</time>
   </trkpt>
   <trkpt lat="43.6652490" lon="-79.3936750">
    <ele>110.0</ele>
    <time>2024-07-27T10:30:03Z</time>
   </trkpt>
   <trkpt lat="43.6652340" lon="-79.3936740">
    <ele>109.9</ele>
    <time>2024-07-27T10:30:04Z</time>
   </trkpt>
   <trkpt lat="43.6652010" lon="-79.3936890">
    <ele>109.8</ele>
    <time>2024-07-27T10:30:05Z</time>
   </trkpt>
   <trkpt lat="43.6651910" lon="-79.3936950">
    <ele>109.7</ele>
    <time>2024-07-27T10:30:06Z</time>
   </trkpt>
   <trkpt lat="43.6651570" lon="-79.3937220">
    <ele>109.5</ele>
    <time>2024-07-27T10:30:07Z</time>
   </trkpt>
   <trkpt lat="43.6651410" lon="-79.3937280">
    <ele>109.5</ele>
    <time>2024-07-27T10:30:08Z</time>
   </trkpt>
   <trkpt lat="43.6651230" lon="-79.3937580">
    <ele>109.3</ele>
    <time>2024-07-27T10:30:09Z</time>
   </trkpt>
   <trkpt lat="43.6650950" lon="-79.3937590">
    <ele>109.2</ele>
    <time>2024-07-27T10:30:10Z</time>
   </trkpt>
   <trkpt lat="43.6650710" lon="-79.3937760">
    <ele>109.2</ele>
    <time>2024-07-27T10:30:11Z</time>
   </trkpt>
   <trkpt lat="43.6650540" lon="-79.3938100">
    <ele>109.2</ele>
    <time>2024-07-27T10:30:12Z</time>
   </trkpt>
   <trkpt lat="43.6650510" lon="-79.3938310">
    <ele>109.2</ele>
    <time>2024-07-27T10:30:13Z</time>
   </trkpt>
   <trkpt lat="43.6650660" lon="-79.3938890">
    <ele>109.3</ele>
    <time>2024-07-27T10:30:15Z</time>
   </trkpt>
   <trkpt lat="43.6650750" lon="-79.3939470">
    <ele>109.4</ele>
    <time>2024-07-27T10:30:16Z</time>
   </trkpt>
   <trkpt lat="43.6650800" lon="-79.3939690">
    <ele>109.3</ele>
    <time>2024-07-27T10:30:17Z</time>
   </trkpt>
   <trkpt lat="43.6650920" lon="-79.3940080">
    <ele>109.3</ele>
    <time>2024-07-27T10:30:18Z</time>
   </trkpt>
   <trkpt lat="43.6650990" lon="-79.3940500">
    <ele>109.2</ele>
    <time>2024-07-27T10:30:19Z</time>
   </trkpt>
   <trkpt lat="43.6651140" lon="-79.3940820">
    <ele>109.1</ele>
    <time>2024-07-27T10:30:20Z</time>
   </trkpt>
   <trkpt lat="43.6651180" lon="-79.3941230">
    <ele>109.1</ele>
    <time>2024-07-27T10:30:21Z</time>
   </trkpt>
   <trkpt lat="43.6651170" lon="-79.3941370">
    <ele>109.1</ele>
    <time>2024-07-27T10:30:22Z</time>
   </trkpt>
   <trkpt lat="43.6651060" lon="-79.3941910">
    <ele>109.0</ele>
    <time>2024-07-27T10:30:23Z</time>
   </trkpt>
   <trkpt lat="43.6650950" lon="-79.3942120">
    <ele>109.0</ele>
    <time>2024-07-27T10:30:24Z</time>
   </trkpt>
   <trkpt lat="43.6650890" lon="-79.3942490">
    <ele>109.0</ele>
    <time>2024-07-27T10:30:25Z</time>
   </trkpt>
   <trkpt lat="43.6650770" lon="-79.3942860">
    <ele>108.9</ele>
    <time>2024-07-27T10:30:26Z</time>
   </trkpt>
   <trkpt lat="43.6650730" lon="-79.3943030">
    <ele>108.9</ele>
    <time>2024-07-27T10:30:27Z</time>
   </trkpt>
   <trkpt lat="43.6650570" lon="-79.3943440">
    <ele>108.9</ele>
    <time>2024-07-27T10:30:28Z</time>
   </trkpt>
   <trkpt lat="43.6650530" lon="-79.3943540">
    <ele>108.9</ele>
    <time>2024-07-27T10:30:29Z</time>
   </trkpt>
   <trkpt lat="43.6650430" lon="-79.3944040">
    <ele>108.9</ele>
    <time>2024-07-27T10:30:30Z</time>
   </trkpt>
   <trkpt lat="43.6650430" lon="-79.3944220">
    <ele>108.9</ele>
    <time>2024-07-27T10:30:31Z</time>
   </trkpt>
   <trkpt lat="43.6650370" lon="-79.3944670">
    <ele>108.9</ele>
    <time>2024-07-27T10:30:32Z</time>
   </trkpt>
   <trkpt lat="43.6650330" lon="-79.3944850">
    <ele>108.9</ele>
    <time>2024-07-27T10:30:33Z</time>
   </trkpt>
   <trkpt lat="43.6650240" lon="-79.3945440">
    <ele>108.9</ele>
    <time>2024-07-27T10:30:34Z</time>
   </trkpt>
   <trkpt lat="43.6650160" lon="-79.3945890">
    <ele>108.9</ele>
    <time>2024-07-27T10:30:35Z</time>
   </trkpt>
   <trkpt lat="43.6650040" lon="-79.3946320">
    <ele>108.9</ele>
    <time>2024-07-27T10:30:36Z</time>
   </trkpt>
   <trkpt lat="43.6650030" lon="-79.3946450">
    <ele>108.9</ele>
    <time>2024-07-27T10:30:37Z</time>
   </trkpt>
   <trkpt lat="43.6650050" lon="-79.3946910">
    <ele>108.9</ele>
    <time>2024-07-27T10:30:38Z</time>
   </trkpt>
   <trkpt lat="43.6649990" lon="-79.3947120">
    <ele>108.9</ele>
    <time>2024-07-27T10:30:39Z</time>
   </trkpt>
   <trkpt lat="43.6649900" lon="-79.3947570">
    <ele>108.9</ele>
    <time>2024-07-27T10:30:40Z</time>
   </trkpt>
   <trkpt lat="43.6649870" lon="-79.3947660">
    <ele>108.9</ele>
    <time>2024-07-27T10:30:41Z</time>
   </trkpt>
   <trkpt lat="43.6649680" lon="-79.3948030">
    <ele>108.9</ele>
    <time>2024-07-27T10:30:42Z</time>
   </trkpt>
   <trkpt lat="43.6649600" lon="-79.3948210">
    <ele>108.9</ele>
    <time>2024-07-27T10:30:43Z</time>
   </trkpt>
   <trkpt lat="43.6649500" lon="-79.3948650">
    <ele>108.9</ele>
    <time>2024-07-27T10:30:44Z</time>
   </trkpt>
   <trkpt lat="43.6649490" lon="-79.3948830">
    <ele>108.9</ele>
    <time>2024-07-27T10:30:45Z</time>
   </trkpt>
   <trkpt lat="43.6649400" lon="-79.3949240">
    <ele>109.0</ele>
    <time>2024-07-27T10:30:46Z</time>
   </trkpt>
   <trkpt lat="43.6649320" lon="-79.3949570">
    <ele>109.0</ele>
    <time>2024-07-27T10:30:47Z</time>
   </trkpt>
   <trkpt lat="43.6649290" lon="-79.3949740">
    <ele>109.0</ele>
    <time>2024-07-27T10:30:48Z</time>
   </trkpt>
   <trkpt lat="43.6649260" lon="-79.3949910">
    <ele>109.0</ele>
    <time>2024-07-27T10:30:49Z</time>
   </trkpt>
   <trkpt lat="43.6649160" lon="-79.3950300">
    <ele>109.0</ele>
    <time>2024-07-27T10:30:50Z</time>
   </trkpt>
   <trkpt lat="43.6649140" lon="-79.3950700">
    <ele>109.0</ele>
    <time>2024-07-27T10:30:51Z</time>
   </trkpt>
   <trkpt lat="43.6649090" lon="-79.3951180">
    <ele>109.0</ele>
    <time>2024-07-27T10:30:52Z</time>
   </trkpt>
   <trkpt lat="43.6649040" lon="-79.3951310">
    <ele>109.0</ele>
    <time>2024-07-27T10:30:53Z</time>
   </trkpt>
   <trkpt lat="43.6648850" lon="-79.3951610">
    <ele>109.1</ele>
    <time>2024-07-27T10:30:54Z</time>
   </trkpt>
   <trkpt lat="43.6648500" lon="-79.3951940">
    <ele>109.1</ele>
    <time>2024-07-27T10:30:55Z</time>
   </trkpt>
   <trkpt lat="43.6648320" lon="-79.3952380">
    <ele>109.1</ele>
    <time>2024-07-27T10:30:56Z</time>
   </trkpt>
   <trkpt lat="43.6648200" lon="-79.3952480">
    <ele>109.1</ele>
    <time>2024-07-27T10:30:57Z</time>
   </trkpt>
   <trkpt lat="43.6648180" lon="-79.3952900">
    <ele>109.1</ele>
    <time>2024-07-27T10:30:58Z</time>
   </trkpt>
   <trkpt lat="43.6648210" lon="-79.3953060">
    <ele>109.1</ele>
    <time>2024-07-27T10:30:59Z</time>
   </trkpt>
   <trkpt lat="43.6648200" lon="-79.3953600">
    <ele>109.1</ele>
    <time>2024-07-27T10:31:00Z</time>
   </trkpt>
   <trkpt lat="43.6648250" lon="-79.3953780">
    <ele>109.1</ele>
    <time>2024-07-27T10:31:01Z</time>
   </trkpt>
   <trkpt lat="43.6648170" lon="-79.3954270">
    <ele>109.1</ele>
    <time>2024-07-27T10:31:02Z</time>
   </trkpt>
   <trkpt lat="43.6648130" lon="-79.3954460">
    <ele>109.2</ele>
    <time>2024-07-27T10:31:03Z</time>
   </trkpt>
   <trkpt lat="43.6648010" lon="-79.3954830">
    <ele>109.2</ele>
    <time>2024-07-27T10:31:04Z</time>
   </trkpt>
   <trkpt lat="43.6647970" lon="-79.3955230">
    <ele>109.2</ele>
    <time>2024-07-27T10:31:05Z</time>
   </trkpt>
   <trkpt lat="43.6647950" lon="-79.3955370">
    <ele>109.2</ele>
    <time>2024-07-27T10:31:06Z</time>
   </trkpt>
   <trkpt lat="43.6647920" lon="-79.3955820">
    <ele>109.2</ele>
    <time>2024-07-27T10:31:07Z</time>
   </trkpt>
   <trkpt lat="43.6647930" lon="-79.3955960">
    <ele>109.2</ele>
    <time>2024-07-27T10:31:08Z</time>
   </trkpt>
   <trkpt lat="43.6647880" lon="-79.3956370">
    <ele>109.2</ele>
    <time>2024-07-27T10:31:09Z</time>
   </trkpt>
   <trkpt lat="43.6647700" lon="-79.3956650">
    <ele>109.2</ele>
    <time>2024-07-27T10:31:10Z</time>
   </trkpt>
   <trkpt lat="43.6647590" lon="-79.3957070">
    <ele>109.3</ele>
    <time>2024-07-27T10:31:11Z</time>
   </trkpt>
   <trkpt lat="43.6647530" lon="-79.3957220">
    <ele>109.3</ele>
    <time>2024-07-27T10:31:12Z</time>
   </trkpt>
   <trkpt lat="43.6647410" lon="-79.3957620">
    <ele>109.3</ele>
    <time>2024-07-27T10:31:13Z</time>
   </trkpt>
   <trkpt lat="43.6647460" lon="-79.3957940">
    <ele>109.3</ele>
    <time>2024-07-27T10:31:14Z</time>
   </trkpt>
   <trkpt lat="43.6647430" lon="-79.3958070">
    <ele>109.3</ele>
    <time>2024-07-27T10:31:15Z</time>
   </trkpt>
   <trkpt lat="43.6647480" lon="-79.3958380">
    <ele>109.4</ele>
    <time>2024-07-27T10:31:16Z</time>
   </trkpt>
   <trkpt lat="43.6647470" lon="-79.3958560">
    <ele>109.4</ele>
    <time>2024-07-27T10:31:17Z</time>
   </trkpt>
   <trkpt lat="43.6647450" lon="-79.3958750">
    <ele>109.4</ele>
    <time>2024-07-27T10:31:18Z</time>
   </trkpt>
   <trkpt lat="43.6647390" lon="-79.3959160">
    <ele>109.4</ele>
    <time>2024-07-27T10:31:19Z</time>
   </trkpt>
   <trkpt lat="43.6647260" lon="-79.3959540">
    <ele>109.4</ele>
    <time>2024-07-27T10:31:20Z</time>
   </trkpt>
   <trkpt lat="43.6647120" lon="-79.3959940">
    <ele>109.4</ele>
    <time>2024-07-27T10:31:21Z</time>
   </trkpt>
   <trkpt lat="43.6647160" lon="-79.3960060">
    <ele>109.4</ele>
    <time>2024-07-27T10:31:22Z</time>
   </trkpt>
   <trkpt lat="43.6647110" lon="-79.3960510">
    <ele>109.4</ele>
    <time>2024-07-27T10:31:23Z</time>
   </trkpt>
   <trkpt lat="43.6647060" lon="-79.3960650">
    <ele>109.4</ele>
    <time>2024-07-27T10:31:24Z</time>
   </trkpt>
   <trkpt lat="43.6646970" lon="-79.3961150">
    <ele>109.4</ele>
    <time>2024-07-27T10:31:25Z</time>
   </trkpt>
   <trkpt lat="43.6646960" lon="-79.3961320">
    <ele>109.5</ele>
    <time>2024-07-27T10:31:26Z</time>
   </trkpt>
   <trkpt lat="43.6646860" lon="-79.3961800">
    <ele>109.5</ele>
    <time>2024-07-27T10:31:27Z</time>
   </trkpt>
   <trkpt lat="43.6646850" lon="-79.3961940">
    <ele>109.5</ele>
    <time>2024-07-27T10:31:28Z</time>
   </trkpt>
   <trkpt lat="43.6646720" lon="-79.3962390">
    <ele>109.5</ele>
    <time>2024-07-27T10:31:29Z</time>
   </trkpt>
   <trkpt lat="43.6646650" lon="-79.3962520">
    <ele>109.5</ele>
    <time>2024-07-27T10:31:30Z</time>
   </trkpt>
   <trkpt lat="43.6646390" lon="-79.3962900">
    <ele>109.5</ele>
    <time>2024-07-27T10:31:31Z</time>
   </trkpt>
   <trkpt lat="43.6646180" lon="-79.3963170">
    <ele>109.5</ele>
    <time>2024-07-27T10:31:32Z</time>
   </trkpt>
   <trkpt lat="43.6646210" lon="-79.3963550">
    <ele>109.6</ele>
    <time>2024-07-27T10:31:33Z</time>
   </trkpt>
   <trkpt lat="43.6646050" lon="-79.3964030">
    <ele>109.6</ele>
    <time>2024-07-27T10:31:34Z</time>
   </trkpt>
   <trkpt lat="43.6646000" lon="-79.3964210">
    <ele>109.6</ele>
    <time>2024-07-27T10:31:35Z</time>
   </trkpt>
   <trkpt lat="43.6646060" lon="-79.3964710">
    <ele>109.6</ele>
    <time>2024-07-27T10:31:36Z</time>
   </trkpt>
   <trkpt lat="43.6646050" lon="-79.3964880">
    <ele>109.6</ele>
    <time>2024-07-27T10:31:37Z</time>
   </trkpt>
   <trkpt lat="43.6646030" lon="-79.3965370">
    <ele>109.6</ele>
    <time>2024-07-27T10:31:38Z</time>
   </trkpt>
   <trkpt lat="43.6646050" lon="-79.3965580">
    <ele>109.6</ele>
    <time>2024-07-27T10:31:39Z</time>
   </trkpt>
   <trkpt lat="43.6645810" lon="-79.3966020">
    <ele>109.6</ele>
    <time>2024-07-27T10:31:40Z</time>
   </trkpt>
   <trkpt lat="43.6645790" lon="-79.3966510">
    <ele>109.6</ele>
    <time>2024-07-27T10:31:41Z</time>
   </trkpt>
   <trkpt lat="43.6645800" lon="-79.3966660">
    <ele>109.6</ele>
    <time>2024-07-27T10:31:42Z</time>
   </trkpt>
   <trkpt lat="43.6645690" lon="-79.3967140">
    <ele>109.6</ele>
    <time>2024-07-27T10:31:43Z</time>
   </trkpt>
   <trkpt lat="43.6645670" lon="-79.3967280">
    <ele>109.6</ele>
    <time>2024-07-27T10:31:44Z</time>
   </trkpt>
   <trkpt lat="43.6645540" lon="-79.3967730">
    <ele>109.6</ele>
    <time>2024-07-27T10:31:45Z</time>
   </trkpt>
   <trkpt lat="43.6645530" lon="-79.3967910">
    <ele>109.6</ele>
    <time>2024-07-27T10:31:46Z</time>
   </trkpt>
   <trkpt lat="43.6645360" lon="-79.3968390">
    <ele>109.6</ele>
    <time>2024-07-27T10:31:47Z</time>
   </trkpt>
   <trkpt lat="43.6645270" lon="-79.3968550">
    <ele>109.6</ele>
    <time>2024-07-27T10:31:48Z</time>
   </trkpt>
   <trkpt lat="43.6645170" lon="-79.3969020">
    <ele>109.6</ele>
    <time>2024-07-27T10:31:49Z</time>
   </trkpt>
   <trkpt lat="43.6645120" lon="-79.3969420">
    <ele>109.7</ele>
    <time>2024-07-27T10:31:50Z</time>
   </trkpt>
   <trkpt lat="43.6645090" lon="-79.3969580">
    <ele>109.7</ele>
    <time>2024-07-27T10:31:51Z</time>
   </trkpt>
   <trkpt lat="43.6645060" lon="-79.3969970">
    <ele>109.7</ele>
    <time>2024-07-27T10:31:52Z</time>
   </trkpt>
   <trkpt lat="43.6645020" lon="-79.3970090">
    <ele>109.7</ele>
    <time>2024-07-27T10:31:53Z</time>
   </trkpt>
   <trkpt lat="43.6644990" lon="-79.3970500">
    <ele>109.7</ele>
    <time>2024-07-27T10:31:54Z</time>
   </trkpt>
   <trkpt lat="43.6644950" lon="-79.3970940">
    <ele>109.7</ele>
    <time>2024-07-27T10:31:55Z</time>
   </trkpt>
   <trkpt lat="43.6644910" lon="-79.3971080">
    <ele>109.7</ele>
    <time>2024-07-27T10:31:56Z</time>
   </trkpt>
   <trkpt lat="43.6644590" lon="-79.3971410">
    <ele>109.7</ele>
    <time>2024-07-27T10:31:57Z</time>
   </trkpt>
   <trkpt lat="43.6644420" lon="-79.3971570">
    <ele>109.7</ele>
    <time>2024-07-27T10:31:58Z</time>
   </trkpt>
   <trkpt lat="43.6644190" lon="-79.3971960">
    <ele>109.7</ele>
    <time>2024-07-27T10:31:59Z</time>
   </trkpt>
   <trkpt lat="43.6644050" lon="-79.3972060">
    <ele>109.7</ele>
    <time>2024-07-27T10:32:00Z</time>
   </trkpt>
   <trkpt lat="43.6644080" lon="-79.3972570">
    <ele>109.7</ele>
    <time>2024-07-27T10:32:01Z</time>
   </trkpt>
   <trkpt lat="43.6644010" lon="-79.3973030">
    <ele>109.7</ele>
    <time>2024-07-27T10:32:02Z</time>
   </trkpt>
   <trkpt lat="43.6644160" lon="-79.3973550">
    <ele>109.7</ele>
    <time>2024-07-27T10:32:03Z</time>
   </trkpt>
   <trkpt lat="43.6644280" lon="-79.3973760">
    <ele>109.7</ele>
    <time>2024-07-27T10:32:04Z</time>
   </trkpt>
   <trkpt lat="43.6644390" lon="-79.3974210">
    <ele>109.7</ele>
    <time>2024-07-27T10:32:05Z</time>
   </trkpt>
   <trkpt lat="43.6644370" lon="-79.3974440">
    <ele>109.7</ele>
    <time>2024-07-27T10:32:06Z</time>
   </trkpt>
   <trkpt lat="43.6644480" lon="-79.3974850">
    <ele>109.8</ele>
    <time>2024-07-27T10:32:07Z</time>
   </trkpt>
   <trkpt lat="43.6644490" lon="-79.3974990">
    <ele>109.8</ele>
    <time>2024-07-27T10:32:08Z</time>
   </trkpt>
   <trkpt lat="43.6644570" lon="-79.3975030">
    <ele>109.8</ele>
    <time>2024-07-27T10:32:09Z</time>
   </trkpt>
   <trkpt lat="43.6644670" lon="-79.3975410">
    <ele>109.8</ele>
    <time>2024-07-27T10:32:10Z</time>
   </trkpt>
   <trkpt lat="43.6644560" lon="-79.3975920">
    <ele>109.8</ele>
    <time>2024-07-27T10:32:11Z</time>
   </trkpt>
   <trkpt lat="43.6644530" lon="-79.3976130">
    <ele>109.8</ele>
    <time>2024-07-27T10:32:12Z</time>
   </trkpt>
   <trkpt lat="43.6644530" lon="-79.3976650">
    <ele>109.8</ele>
    <time>2024-07-27T10:32:13Z</time>
   </trkpt>
   <trkpt lat="43.6644510" lon="-79.3976800">
    <ele>109.8</ele>
    <time>2024-07-27T10:32:14Z</time>
   </trkpt>
   <trkpt lat="43.6644510" lon="-79.3977240">
    <ele>109.8</ele>
    <time>2024-07-27T10:32:15Z</time>
   </trkpt>
   <trkpt lat="43.6644130" lon="-79.3977610">
    <ele>109.8</ele>
    <time>2024-07-27T10:32:16Z</time>
   </trkpt>
   <trkpt lat="43.6643700" lon="-79.3977870">
    <ele>109.8</ele>
    <time>2024-07-27T10:32:17Z</time>
   </trkpt>
   <trkpt lat="43.6643280" lon="-79.3978280">
    <ele>109.9</ele>
    <time>2024-07-27T10:32:18Z</time>
   </trkpt>
   <trkpt lat="43.6643130" lon="-79.3978560">
    <ele>109.9</ele>
    <time>2024-07-27T10:32:19Z</time>
   </trkpt>
   <trkpt lat="43.6643010" lon="-79.3978760">
    <ele>109.9</ele>
    <time>2024-07-27T10:32:21Z</time>
   </trkpt>
   <trkpt lat="43.6642910" lon="-79.3979110">
    <ele>109.9</ele>
    <time>2024-07-27T10:32:22Z</time>
   </trkpt>
   <trkpt lat="43.6642880" lon="-79.3979280">
    <ele>109.9</ele>
    <time>2024-07-27T10:32:23Z</time>
   </trkpt>
   <trkpt lat="43.6642790" lon="-79.3979730">
    <ele>109.9</ele>
    <time>2024-07-27T10:32:24Z</time>
   </trkpt>
   <trkpt lat="43.6642710" lon="-79.3980010">
    <ele>109.9</ele>
    <time>2024-07-27T10:32:25Z</time>
   </trkpt>
   <trkpt lat="43.6642620" lon="-79.3980370">
    <ele>109.9</ele>
    <time>2024-07-27T10:32:26Z</time>
   </trkpt>
   <trkpt lat="43.6642600" lon="-79.3980980">
    <ele>109.9</ele>
    <time>2024-07-27T10:32:27Z</time>
   </trkpt>
   <trkpt lat="43.6642620" lon="-79.3981250">
    <ele>109.9</ele>
    <time>2024-07-27T10:32:28Z</time>
   </trkpt>
   <trkpt lat="43.6642700" lon="-79.3981640">
    <ele>109.9</ele>
    <time>2024-07-27T10:32:29Z</time>
   </trkpt>
   <trkpt lat="43.6642700" lon="-79.3981820">
    <ele>109.9</ele>
    <time>2024-07-27T10:32:30Z</time>
   </trkpt>
   <trkpt lat="43.6642620" lon="-79.3982200">
    <ele>109.9</ele>
    <time>2024-07-27T10:32:31Z</time>
   </trkpt>
   <trkpt lat="43.6642570" lon="-79.3982380">
    <ele>110.0</ele>
    <time>2024-07-27T10:32:32Z</time>
   </trkpt>
   <trkpt lat="43.6642430" lon="-79.3982690">
    <ele>110.0</ele>
    <time>2024-07-27T10:32:33Z</time>
   </trkpt>
   <trkpt lat="43.6642360" lon="-79.3982840">
    <ele>110.0</ele>
    <time>2024-07-27T10:32:34Z</time>
   </trkpt>
   <trkpt lat="43.6642300" lon="-79.3983210">
    <ele>110.0</ele>
    <time>2024-07-27T10:32:35Z</time>
   </trkpt>
   <trkpt lat="43.6642120" lon="-79.3983670">
    <ele>110.0</ele>
    <time>2024-07-27T10:32:36Z</time>
   </trkpt>
   <trkpt lat="43.6642060" lon="-79.3983900">
    <ele>110.0</ele>
    <time>2024-07-27T10:32:37Z</time>
   </trkpt>
   <trkpt lat="43.6641830" lon="-79.3984550">
    <ele>110.0</ele>
    <time>2024-07-27T10:32:38Z</time>
   </trkpt>
   <trkpt lat="43.6641730" lon="-79.3984870">
    <ele>110.0</ele>
    <time>2024-07-27T10:32:39Z</time>
   </trkpt>
   <trkpt lat="43.6641640" lon="-79.3985140">
    <ele>110.0</ele>
    <time>2024-07-27T10:32:40Z</time>
   </trkpt>
   <trkpt lat="43.6641440" lon="-79.3985560">
    <ele>110.0</ele>
    <time>2024-07-27T10:32:41Z</time>
   </trkpt>
   <trkpt lat="43.6641380" lon="-79.3985750">
    <ele>110.0</ele>
    <time>2024-07-27T10:32:42Z</time>
   </trkpt>
   <trkpt lat="43.6641190" lon="-79.3986150">
    <ele>110.0</ele>
    <time>2024-07-27T10:32:43Z</time>
   </trkpt>
   <trkpt lat="43.6641120" lon="-79.3986250">
    <ele>110.0</ele>
    <time>2024-07-27T10:32:44Z</time>
   </trkpt>
   <trkpt lat="43.6640860" lon="-79.3986580">
    <ele>110.0</ele>
    <time>2024-07-27T10:32:45Z</time>
   </trkpt>
   <trkpt lat="43.6640820" lon="-79.3986680">
    <ele>110.0</ele>
    <time>2024-07-27T10:32:46Z</time>
   </trkpt>
   <trkpt lat="43.6640660" lon="-79.3987050">
    <ele>110.0</ele>
    <time>2024-07-27T10:32:47Z</time>
   </trkpt>
   <trkpt lat="43.6640590" lon="-79.3987190">
    <ele>110.0</ele>
    <time>2024-07-27T10:32:48Z</time>
   </trkpt>
   <trkpt lat="43.6640540" lon="-79.3987570">
    <ele>110.0</ele>
    <time>2024-07-27T10:32:49Z</time>
   </trkpt>
   <trkpt lat="43.6640330" lon="-79.3987970">
    <ele>110.0</ele>
    <time>2024-07-27T10:32:50Z</time>
   </trkpt>
   <trkpt lat="43.6640170" lon="-79.3988290">
    <ele>110.0</ele>
    <time>2024-07-27T10:32:51Z</time>
   </trkpt>
   <trkpt lat="43.6640150" lon="-79.3988400">
    <ele>110.0</ele>
    <time>2024-07-27T10:32:52Z</time>
   </trkpt>
   <trkpt lat="43.6639870" lon="-79.3989330">
    <ele>110.0</ele>
    <time>2024-07-27T10:32:53Z</time>
   </trkpt>
   <trkpt lat="43.6639750" lon="-79.3989570">
    <ele>110.1</ele>
    <time>2024-07-27T10:32:54Z</time>
   </trkpt>
   <trkpt lat="43.6639570" lon="-79.3989630">
    <ele>110.1</ele>
    <time>2024-07-27T10:32:55Z</time>
   </trkpt>
   <trkpt lat="43.6639390" lon="-79.3989690">
    <ele>110.1</ele>
    <time>2024-07-27T10:32:56Z</time>
   </trkpt>
   <trkpt lat="43.6639250" lon="-79.3990100">
    <ele>110.1</ele>
    <time>2024-07-27T10:32:57Z</time>
   </trkpt>
   <trkpt lat="43.6639190" lon="-79.3990180">
    <ele>110.1</ele>
    <time>2024-07-27T10:32:58Z</time>
   </trkpt>
   <trkpt lat="43.6638860" lon="-79.3990440">
    <ele>110.1</ele>
    <time>2024-07-27T10:32:59Z</time>
   </trkpt>
   <trkpt lat="43.6638720" lon="-79.3990510">
    <ele>110.1</ele>
    <time>2024-07-27T10:33:00Z</time>
   </trkpt>
   <trkpt lat="43.6638320" lon="-79.3990650">
    <ele>110.1</ele>
    <time>2024-07-27T10:33:01Z</time>
   </trkpt>
   <trkpt lat="43.6638150" lon="-79.3990710">
    <ele>110.1</ele>
    <time>2024-07-27T10:33:02Z</time>
   </trkpt>
   <trkpt lat="43.6638100" lon="-79.3991190">
    <ele>110.1</ele>
    <time>2024-07-27T10:33:03Z</time>
   </trkpt>
   <trkpt lat="43.6638120" lon="-79.3991370">
    <ele>110.1</ele>
    <time>2024-07-27T10:33:04Z</time>
   </trkpt>
   <trkpt lat="43.6637980" lon="-79.3991730">
    <ele>110.1</ele>
    <time>2024-07-27T10:33:05Z</time>
   </trkpt>
   <trkpt lat="43.6637950" lon="-79.3991850">
    <ele>110.1</ele>
    <time>2024-07-27T10:33:06Z</time>
   </trkpt>
   <trkpt lat="43.6637790" lon="-79.3992160">
    <ele>110.1</ele>
    <time>2024-07-27T10:33:07Z</time>
   </trkpt>
   <trkpt lat="43.6637650" lon="-79.3992640">
    <ele>110.1</ele>
    <time>2024-07-27T10:33:08Z</time>
   </trkpt>
   <trkpt lat="43.6637590" lon="-79.3992830">
    <ele>110.1</ele>
    <time>2024-07-27T10:33:09Z</time>
   </trkpt>
   <trkpt lat="43.6637460" lon="-79.3993340">
    <ele>110.1</ele>
    <time>2024-07-27T10:33:10Z</time>
   </trkpt>
   <trkpt lat="43.6637370" lon="-79.3993540">
    <ele>110.1</ele>
    <time>2024-07-27T10:33:11Z</time>
   </trkpt>
   <trkpt lat="43.6637130" lon="-79.3993990">
    <ele>110.2</ele>
    <time>2024-07-27T10:33:12Z</time>
   </trkpt>
   <trkpt lat="43.6637000" lon="-79.3994170">
    <ele>110.2</ele>
    <time>2024-07-27T10:33:13Z</time>
   </trkpt>
   <trkpt lat="43.6636840" lon="-79.3994480">
    <ele>110.2</ele>
    <time>2024-07-27T10:33:14Z</time>
   </trkpt>
   <trkpt lat="43.6636770" lon="-79.3994590">
    <ele>110.2</ele>
    <time>2024-07-27T10:33:15Z</time>
   </trkpt>
   <trkpt lat="43.6636900" lon="-79.3995190">
    <ele>110.2</ele>
    <time>2024-07-27T10:33:16Z</time>
   </trkpt>
   <trkpt lat="43.6637000" lon="-79.3995710">
    <ele>110.2</ele>
    <time>2024-07-27T10:33:17Z</time>
   </trkpt>
   <trkpt lat="43.6636990" lon="-79.3995900">
    <ele>110.3</ele>
    <time>2024-07-27T10:33:18Z</time>
   </trkpt>
   <trkpt lat="43.6636930" lon="-79.3996170">
    <ele>110.3</ele>
    <time>2024-07-27T10:33:19Z</time>
   </trkpt>
   <trkpt lat="43.6636960" lon="-79.3996340">
    <ele>110.3</ele>
    <time>2024-07-27T10:33:20Z</time>
   </trkpt>
   <trkpt lat="43.6636830" lon="-79.3996740">
    <ele>110.3</ele>
    <time>2024-07-27T10:33:21Z</time>
   </trkpt>
   <trkpt lat="43.6636770" lon="-79.3996850">
    <ele>110.3</ele>
    <time>2024-07-27T10:33:22Z</time>
   </trkpt>
   <trkpt lat="43.6636730" lon="-79.3997330">
    <ele>110.3</ele>
    <time>2024-07-27T10:33:23Z</time>
   </trkpt>
   <trkpt lat="43.6636710" lon="-79.3997490">
    <ele>110.3</ele>
    <time>2024-07-27T10:33:24Z</time>
   </trkpt>
   <trkpt lat="43.6636630" lon="-79.3997880">
    <ele>110.3</ele>
    <time>2024-07-27T10:33:25Z</time>
   </trkpt>
   <trkpt lat="43.6636530" lon="-79.3998230">
    <ele>110.3</ele>
    <time>2024-07-27T10:33:26Z</time>
   </trkpt>
   <trkpt lat="43.6636460" lon="-79.3998800">
    <ele>110.3</ele>
    <time>2024-07-27T10:33:27Z</time>
   </trkpt>
   <trkpt lat="43.6636380" lon="-79.3999040">
    <ele>110.3</ele>
    <time>2024-07-27T10:33:28Z</time>
   </trkpt>
   <trkpt lat="43.6636190" lon="-79.3999470">
    <ele>110.4</ele>
    <time>2024-07-27T10:33:29Z</time>
   </trkpt>
   <trkpt lat="43.6636140" lon="-79.3999630">
    <ele>110.4</ele>
    <time>2024-07-27T10:33:30Z</time>
   </trkpt>
   <trkpt lat="43.6636040" lon="-79.4000090">
    <ele>110.4</ele>
    <time>2024-07-27T10:33:31Z</time>
   </trkpt>
   <trkpt lat="43.6636000" lon="-79.4000270">
    <ele>110.4</ele>
    <time>2024-07-27T10:33:32Z</time>
   </trkpt>
   <trkpt lat="43.6635890" lon="-79.4000590">
    <ele>110.4</ele>
    <time>2024-07-27T10:33:33Z</time>
   </trkpt>
   <trkpt lat="43.6635810" lon="-79.4000740">
    <ele>110.4</ele>
    <time>2024-07-27T10:33:34Z</time>
   </trkpt>
   <trkpt lat="43.6635740" lon="-79.4001130">
    <ele>110.4</ele>
    <time>2024-07-27T10:33:35Z</time>
   </trkpt>
   <trkpt lat="43.6635600" lon="-79.4001600">
    <ele>110.4</ele>
    <time>2024-07-27T10:33:36Z</time>
   </trkpt>
   <trkpt lat="43.6635560" lon="-79.4001760">
    <ele>110.4</ele>
    <time>2024-07-27T10:33:37Z</time>
   </trkpt>
   <trkpt lat="43.6635410" lon="-79.4002110">
    <ele>110.4</ele>
    <time>2024-07-27T10:33:38Z</time>
   </trkpt>
   <trkpt lat="43.6635250" lon="-79.4002610">
    <ele>110.4</ele>
    <time>2024-07-27T10:33:39Z</time>
   </trkpt>
   <trkpt lat="43.6635210" lon="-79.4002780">
    <ele>110.4</ele>
    <time>2024-07-27T10:33:40Z</time>
   </trkpt>
   <trkpt lat="43.6635130" lon="-79.4003170">
    <ele>110.4</ele>
    <time>2024-07-27T10:33:41Z</time>
   </trkpt>
   <trkpt lat="43.6635120" lon="-79.4003310">
    <ele>110.4</ele>
    <time>2024-07-27T10:33:42Z</time>
   </trkpt>
   <trkpt lat="43.6635070" lon="-79.4003850">
    <ele>110.4</ele>
    <time>2024-07-27T10:33:43Z</time>
   </trkpt>
   <trkpt lat="43.6635020" lon="-79.4004090">
    <ele>110.4</ele>
    <time>2024-07-27T10:33:44Z</time>
   </trkpt>
   <trkpt lat="43.6635070" lon="-79.4004520">
    <ele>110.4</ele>
    <time>2024-07-27T10:33:45Z</time>
   </trkpt>
   <trkpt lat="43.6635100" lon="-79.4004650">
    <ele>110.5</ele>
    <time>2024-07-27T10:33:46Z</time>
   </trkpt>
   <trkpt lat="43.6634970" lon="-79.4005100">
    <ele>110.5</ele>
    <time>2024-07-27T10:33:47Z</time>
   </trkpt>
   <trkpt lat="43.6634940" lon="-79.4005260">
    <ele>110.5</ele>
    <time>2024-07-27T10:33:48Z</time>
   </trkpt>
   <trkpt lat="43.6634720" lon="-79.4005640">
    <ele>110.5</ele>
    <time>2024-07-27T10:33:49Z</time>
   </trkpt>
   <trkpt lat="43.6634600" lon="-79.4006040">
    <ele>110.5</ele>
    <time>2024-07-27T10:33:50Z</time>
   </trkpt>
   <trkpt lat="43.6634490" lon="-79.4006530">
    <ele>110.5</ele>
    <time>2024-07-27T10:33:51Z</time>
   </trkpt>
   <trkpt lat="43.6634470" lon="-79.4006720">
    <ele>110.5</ele>
    <time>2024-07-27T10:33:52Z</time>
   </trkpt>
   <trkpt lat="43.6634350" lon="-79.4007180">
    <ele>110.5</ele>
    <time>2024-07-27T10:33:53Z</time>
   </trkpt>
   <trkpt lat="43.6634320" lon="-79.4007320">
    <ele>110.5</ele>
    <time>2024-07-27T10:33:54Z</time>
   </trkpt>
   <trkpt lat="43.6634260" lon="-79.4007690">
    <ele>110.5</ele>
    <time>2024-07-27T10:33:55Z</time>
   </trkpt>
   <trkpt lat="43.6634330" lon="-79.4008060">
    <ele>110.5</ele>
    <time>2024-07-27T10:33:56Z</time>
   </trkpt>
   <trkpt lat="43.6634200" lon="-79.4008390">
    <ele>110.5</ele>
    <time>2024-07-27T10:33:57Z</time>
   </trkpt>
   <trkpt lat="43.6634140" lon="-79.4008840">
    <ele>110.5</ele>
    <time>2024-07-27T10:33:58Z</time>
   </trkpt>
   <trkpt lat="43.6634110" lon="-79.4008980">
    <ele>110.5</ele>
    <time>2024-07-27T10:33:59Z</time>
   </trkpt>
   <trkpt lat="43.6633980" lon="-79.4009380">
    <ele>110.5</ele>
    <time>2024-07-27T10:34:00Z</time>
   </trkpt>
   <trkpt lat="43.6633910" lon="-79.4009520">
    <ele>110.5</ele>
    <time>2024-07-27T10:34:01Z</time>
   </trkpt>
   <trkpt lat="43.6633870" lon="-79.4009950">
    <ele>110.5</ele>
    <time>2024-07-27T10:34:02Z</time>
   </trkpt>
   <trkpt lat="43.6633840" lon="-79.4010130">
    <ele>110.5</ele>
    <time>2024-07-27T10:34:03Z</time>
   </trkpt>
   <trkpt lat="43.6633760" lon="-79.4010500">
    <ele>110.5</ele>
    <time>2024-07-27T10:34:04Z</time>
   </trkpt>
   <trkpt lat="43.6633730" lon="-79.4010620">
    <ele>110.5</ele>
    <time>2024-07-27T10:34:05Z</time>
   </trkpt>
   <trkpt lat="43.6633690" lon="-79.4011000">
    <ele>110.5</ele>
    <time>2024-07-27T10:34:06Z</time>
   </trkpt>
   <trkpt lat="43.6633610" lon="-79.4011200">
    <ele>110.5</ele>
    <time>2024-07-27T10:34:07Z</time>
   </trkpt>
   <trkpt lat="43.6633490" lon="-79.4011640">
    <ele>110.6</ele>
    <time>2024-07-27T10:34:08Z</time>
   </trkpt>
   <trkpt lat="43.6633430" lon="-79.4012110">
    <ele>110.6</ele>
    <time>2024-07-27T10:34:09Z</time>
   </trkpt>
   <trkpt lat="43.6633380" lon="-79.4012290">
    <ele>110.6</ele>
    <time>2024-07-27T10:34:10Z</time>
   </trkpt>
   <trkpt lat="43.6633150" lon="-79.4012520">
    <ele>110.6</ele>
    <time>2024-07-27T10:34:11Z</time>
   </trkpt>
   <trkpt lat="43.6633130" lon="-79.4012900">
    <ele>110.6</ele>
    <time>2024-07-27T10:34:12Z</time>
   </trkpt>
   <trkpt lat="43.6633080" lon="-79.4013390">
    <ele>110.6</ele>
    <time>2024-07-27T10:34:13Z</time>
   </trkpt>
   <trkpt lat="43.6633020" lon="-79.4013580">
    <ele>110.6</ele>
    <time>2024-07-27T10:34:14Z</time>
   </trkpt>
   <trkpt lat="43.6632980" lon="-79.4014010">
    <ele>110.6</ele>
    <time>2024-07-27T10:34:15Z</time>
   </trkpt>
   <trkpt lat="43.6632960" lon="-79.4014220">
    <ele>110.6</ele>
    <time>2024-07-27T10:34:16Z</time>
   </trkpt>
   <trkpt lat="43.6632910" lon="-79.4014810">
    <ele>110.7</ele>
    <time>2024-07-27T10:34:17Z</time>
   </trkpt>
   <trkpt lat="43.6632880" lon="-79.4015040">
    <ele>110.7</ele>
    <time>2024-07-27T10:34:18Z</time>
   </trkpt>
   <trkpt lat="43.6632800" lon="-79.4015400">
    <ele>110.7</ele>
    <time>2024-07-27T10:34:19Z</time>
   </trkpt>
   <trkpt lat="43.6632830" lon="-79.4015560">
    <ele>110.7</ele>
    <time>2024-07-27T10:34:20Z</time>
   </trkpt>
   <trkpt lat="43.6632590" lon="-79.4016010">
    <ele>110.7</ele>
    <time>2024-07-27T10:34:21Z</time>
   </trkpt>
   <trkpt lat="43.6632470" lon="-79.4016150">
    <ele>110.8</ele>
    <time>2024-07-27T10:34:22Z</time>
   </trkpt>
   <trkpt lat="43.6632290" lon="-79.4016650">
    <ele>110.8</ele>
    <time>2024-07-27T10:34:23Z</time>
   </trkpt>
   <trkpt lat="43.6632130" lon="-79.4016900">
    <ele>110.8</ele>
    <time>2024-07-27T10:34:24Z</time>
   </trkpt>
   <trkpt lat="43.6632250" lon="-79.4017180">
    <ele>110.8</ele>
    <time>2024-07-27T10:34:25Z</time>
   </trkpt>
   <trkpt lat="43.6632320" lon="-79.4017550">
    <ele>110.8</ele>
    <time>2024-07-27T10:34:27Z</time>
   </trkpt>
   <trkpt lat="43.6632300" lon="-79.4017780">
    <ele>110.8</ele>
    <time>2024-07-27T10:34:28Z</time>
   </trkpt>
   <trkpt lat="43.6632280" lon="-79.4017920">
    <ele>110.8</ele>
    <time>2024-07-27T10:34:29Z</time>
   </trkpt>
   <trkpt lat="43.6632260" lon="-79.4018070">
    <ele>110.8</ele>
    <time>2024-07-27T10:34:30Z</time>
   </trkpt>
   <trkpt lat="43.6632240" lon="-79.4018210">
    <ele>110.8</ele>
    <time>2024-07-27T10:34:31Z</time>
   </trkpt>
   <trkpt lat="43.6632350" lon="-79.4018350">
    <ele>110.8</ele>
    <time>2024-07-27T10:34:32Z</time>
   </trkpt>
   <trkpt lat="43.6632310" lon="-79.4018590">
    <ele>110.8</ele>
    <time>2024-07-27T10:34:33Z</time>
   </trkpt>
   <trkpt lat="43.6632230" lon="-79.4018750">
    <ele>110.8</ele>
    <time>2024-07-27T10:34:34Z</time>
   </trkpt>
   <trkpt lat="43.6632120" lon="-79.4018920">
    <ele>110.9</ele>
    <time>2024-07-27T10:34:35Z</time>
   </trkpt>
   <trkpt lat="43.6632090" lon="-79.4018950">
    <ele>110.9</ele>
    <time>2024-07-27T10:34:36Z</time>
   </trkpt>
   <trkpt lat="43.6632080" lon="-79.4018970">
    <ele>110.9</ele>
    <time>2024-07-27T10:34:37Z</time>
   </trkpt>
   <trkpt lat="43.6632010" lon="-79.4019070">
    <ele>110.9</ele>
    <time>2024-07-27T10:34:38Z</time>
   </trkpt>
   <trkpt lat="43.6631990" lon="-79.4019130">
    <ele>110.9</ele>
    <time>2024-07-27T10:34:39Z</time>
   </trkpt>
   <trkpt lat="43.6631910" lon="-79.4019180">
    <ele>110.9</ele>
    <time>2024-07-27T10:34:40Z</time>
   </trkpt>
   <trkpt lat="43.6631920" lon="-79.4019210">
    <ele>110.9</ele>
    <time>2024-07-27T10:34:41Z</time>
   </trkpt>
   <trkpt lat="43.6631890" lon="-79.4019230">
    <ele>110.9</ele>
    <time>2024-07-27T10:34:42Z</time>
   </trkpt>
   <trkpt lat="43.6631870" lon="-79.4019030">
    <ele>110.9</ele>
    <time>2024-07-27T10:34:43Z</time>
   </trkpt>
   <trkpt lat="43.6631880" lon="-79.4019050">
    <ele>110.9</ele>
    <time>2024-07-27T10:34:44Z</time>
   </trkpt>
   <trkpt lat="43.6631820" lon="-79.4019130">
    <ele>110.9</ele>
    <time>2024-07-27T10:34:45Z</time>
   </trkpt>
   <trkpt lat="43.6631740" lon="-79.4019310">
    <ele>110.9</ele>
    <time>2024-07-27T10:34:46Z</time>
   </trkpt>
   <trkpt lat="43.6631790" lon="-79.4019320">
    <ele>110.9</ele>
    <time>2024-07-27T10:34:47Z</time>
   </trkpt>
   <trkpt lat="43.6631750" lon="-79.4019600">
    <ele>110.9</ele>
    <time>2024-07-27T10:34:48Z</time>
   </trkpt>
   <trkpt lat="43.6631660" lon="-79.4019980">
    <ele>110.9</ele>
    <time>2024-07-27T10:34:49Z</time>
   </trkpt>
   <trkpt lat="43.6631620" lon="-79.4020150">
    <ele>110.9</ele>
    <time>2024-07-27T10:34:50Z</time>
   </trkpt>
   <trkpt lat="43.6631530" lon="-79.4020590">
    <ele>110.9</ele>
    <time>2024-07-27T10:34:51Z</time>
   </trkpt>
   <trkpt lat="43.6631450" lon="-79.4020990">
    <ele>110.8</ele>
    <time>2024-07-27T10:34:52Z</time>
   </trkpt>
   <trkpt lat="43.6631390" lon="-79.4021130">
    <ele>110.8</ele>
    <time>2024-07-27T10:34:53Z</time>
   </trkpt>
   <trkpt lat="43.6631310" lon="-79.4021650">
    <ele>110.7</ele>
    <time>2024-07-27T10:34:54Z</time>
   </trkpt>
   <trkpt lat="43.6631300" lon="-79.4021870">
    <ele>110.7</ele>
    <time>2024-07-27T10:34:55Z</time>
   </trkpt>
   <trkpt lat="43.6631230" lon="-79.4022230">
    <ele>110.7</ele>
    <time>2024-07-27T10:34:56Z</time>
   </trkpt>
   <trkpt lat="43.6631180" lon="-79.4022400">
    <ele>110.7</ele>
    <time>2024-07-27T10:34:57Z</time>
   </trkpt>
   <trkpt lat="43.6631170" lon="-79.4022780">
    <ele>110.6</ele>
    <time>2024-07-27T10:34:58Z</time>
   </trkpt>
   <trkpt lat="43.6631070" lon="-79.4023290">
    <ele>110.6</ele>
    <time>2024-07-27T10:34:59Z</time>
   </trkpt>
   <trkpt lat="43.6631040" lon="-79.4023460">
    <ele>110.6</ele>
    <time>2024-07-27T10:35:00Z</time>
   </trkpt>
   <trkpt lat="43.6630790" lon="-79.4024090">
    <ele>110.6</ele>
    <time>2024-07-27T10:35:01Z</time>
   </trkpt>
   <trkpt lat="43.6630800" lon="-79.4024450">
    <ele>110.6</ele>
    <time>2024-07-27T10:35:02Z</time>
   </trkpt>
   <trkpt lat="43.6630770" lon="-79.4024670">
    <ele>110.6</ele>
    <time>2024-07-27T10:35:03Z</time>
   </trkpt>
   <trkpt lat="43.6630700" lon="-79.4025070">
    <ele>110.6</ele>
    <time>2024-07-27T10:35:04Z</time>
   </trkpt>
   <trkpt lat="43.6630660" lon="-79.4025230">
    <ele>110.6</ele>
    <time>2024-07-27T10:35:05Z</time>
   </trkpt>
   <trkpt lat="43.6630510" lon="-79.4025600">
    <ele>110.6</ele>
    <time>2024-07-27T10:35:06Z</time>
   </trkpt>
   <trkpt lat="43.6630220" lon="-79.4026040">
    <ele>110.6</ele>
    <time>2024-07-27T10:35:07Z</time>
   </trkpt>
   <trkpt lat="43.6630290" lon="-79.4026540">
    <ele>110.6</ele>
    <time>2024-07-27T10:35:08Z</time>
   </trkpt>
   <trkpt lat="43.6630330" lon="-79.4026790">
    <ele>110.6</ele>
    <time>2024-07-27T10:35:09Z</time>
   </trkpt>
   <trkpt lat="43.6630190" lon="-79.4027220">
    <ele>110.6</ele>
    <time>2024-07-27T10:35:10Z</time>
   </trkpt>
   <trkpt lat="43.6630160" lon="-79.4027410">
    <ele>110.6</ele>
    <time>2024-07-27T10:35:11Z</time>
   </trkpt>
   <trkpt lat="43.6630120" lon="-79.4027910">
    <ele>110.6</ele>
    <time>2024-07-27T10:35:12Z</time>
   </trkpt>
   <trkpt lat="43.6630090" lon="-79.4028130">
    <ele>110.6</ele>
    <time>2024-07-27T10:35:13Z</time>
   </trkpt>
   <trkpt lat="43.6629870" lon="-79.4028490">
    <ele>110.6</ele>
    <time>2024-07-27T10:35:14Z</time>
   </trkpt>
   <trkpt lat="43.6629710" lon="-79.4028850">
    <ele>110.6</ele>
    <time>2024-07-27T10:35:15Z</time>
   </trkpt>
   <trkpt lat="43.6629640" lon="-79.4028990">
    <ele>110.6</ele>
    <time>2024-07-27T10:35:16Z</time>
   </trkpt>
   <trkpt lat="43.6629620" lon="-79.4029400">
    <ele>110.6</ele>
    <time>2024-07-27T10:35:17Z</time>
   </trkpt>
   <trkpt lat="43.6629650" lon="-79.4029540">
    <ele>110.6</ele>
    <time>2024-07-27T10:35:18Z</time>
   </trkpt>
   <trkpt lat="43.6629450" lon="-79.4030050">
    <ele>110.6</ele>
    <time>2024-07-27T10:35:19Z</time>
   </trkpt>
   <trkpt lat="43.6629330" lon="-79.4030410">
    <ele>110.6</ele>
    <time>2024-07-27T10:35:20Z</time>
   </trkpt>
   <trkpt lat="43.6629280" lon="-79.4030560">
    <ele>110.6</ele>
    <time>2024-07-27T10:35:21Z</time>
   </trkpt>
   <trkpt lat="43.6629280" lon="-79.4031010">
    <ele>110.6</ele>
    <time>2024-07-27T10:35:22Z</time>
   </trkpt>
   <trkpt lat="43.6629240" lon="-79.4031130">
    <ele>110.6</ele>
    <time>2024-07-27T10:35:23Z</time>
   </trkpt>
   <trkpt lat="43.6629270" lon="-79.4031310">
    <ele>110.6</ele>
    <time>2024-07-27T10:35:24Z</time>
   </trkpt>
   <trkpt lat="43.6629230" lon="-79.4031550">
    <ele>110.6</ele>
    <time>2024-07-27T10:35:25Z</time>
   </trkpt>
   <trkpt lat="43.6629070" lon="-79.4031970">
    <ele>110.6</ele>
    <time>2024-07-27T10:35:26Z</time>
   </trkpt>
   <trkpt lat="43.6629020" lon="-79.4032100">
    <ele>110.6</ele>
    <time>2024-07-27T10:35:27Z</time>
   </trkpt>
   <trkpt lat="43.6628920" lon="-79.4032630">
    <ele>110.6</ele>
    <time>2024-07-27T10:35:28Z</time>
   </trkpt>
   <trkpt lat="43.6628800" lon="-79.4033040">
    <ele>110.6</ele>
    <time>2024-07-27T10:35:29Z</time>
   </trkpt>
   <trkpt lat="43.6628720" lon="-79.4033200">
    <ele>110.6</ele>
    <time>2024-07-27T10:35:30Z</time>
   </trkpt>
   <trkpt lat="43.6628700" lon="-79.4033470">
    <ele>110.6</ele>
    <time>2024-07-27T10:35:31Z</time>
   </trkpt>
   <trkpt lat="43.6628560" lon="-79.4033630">
    <ele>110.6</ele>
    <time>2024-07-27T10:35:32Z</time>
   </trkpt>
   <trkpt lat="43.6628560" lon="-79.4034180">
    <ele>110.6</ele>
    <time>2024-07-27T10:35:33Z</time>
   </trkpt>
   <trkpt lat="43.6628490" lon="-79.4034390">
    <ele>110.6</ele>
    <time>2024-07-27T10:35:34Z</time>
   </trkpt>
   <trkpt lat="43.6628370" lon="-79.4034790">
    <ele>110.6</ele>
    <time>2024-07-27T10:35:35Z</time>
   </trkpt>
   <trkpt lat="43.6628320" lon="-79.4034940">
    <ele>110.6</ele>
    <time>2024-07-27T10:35:36Z</time>
   </trkpt>
   <trkpt lat="43.6628180" lon="-79.4035390">
    <ele>110.6</ele>
    <time>2024-07-27T10:35:37Z</time>
   </trkpt>
   <trkpt lat="43.6627950" lon="-79.4035820">
    <ele>110.6</ele>
    <time>2024-07-27T10:35:38Z</time>
   </trkpt>
   <trkpt lat="43.6627870" lon="-79.4036190">
    <ele>110.6</ele>
    <time>2024-07-27T10:35:39Z</time>
   </trkpt>
   <trkpt lat="43.6627810" lon="-79.4036650">
    <ele>110.6</ele>
    <time>2024-07-27T10:35:40Z</time>
   </trkpt>
   <trkpt lat="43.6627820" lon="-79.4036800">
    <ele>110.6</ele>
    <time>2024-07-27T10:35:41Z</time>
   </trkpt>
   <trkpt lat="43.6627760" lon="-79.4037200">
    <ele>110.6</ele>
    <time>2024-07-27T10:35:42Z</time>
   </trkpt>
   <trkpt lat="43.6627760" lon="-79.4037330">
    <ele>110.6</ele>
    <time>2024-07-27T10:35:43Z</time>
   </trkpt>
   <trkpt lat="43.6627830" lon="-79.4037800">
    <ele>110.6</ele>
    <time>2024-07-27T10:35:44Z</time>
   </trkpt>
   <trkpt lat="43.6627830" lon="-79.4037980">
    <ele>110.7</ele>
    <time>2024-07-27T10:35:45Z</time>
   </trkpt>
   <trkpt lat="43.6627740" lon="-79.4038480">
    <ele>110.7</ele>
    <time>2024-07-27T10:35:46Z</time>
   </trkpt>
   <trkpt lat="43.6627670" lon="-79.4038720">
    <ele>110.7</ele>
    <time>2024-07-27T10:35:47Z</time>
   </trkpt>
   <trkpt lat="43.6627490" lon="-79.4039130">
    <ele>110.7</ele>
    <time>2024-07-27T10:35:48Z</time>
   </trkpt>
   <trkpt lat="43.6627400" lon="-79.4039310">
    <ele>110.7</ele>
    <time>2024-07-27T10:35:49Z</time>
   </trkpt>
   <trkpt lat="43.6627370" lon="-79.4039710">
    <ele>110.7</ele>
    <time>2024-07-27T10:35:50Z</time>
   </trkpt>
   <trkpt lat="43.6627340" lon="-79.4039850">
    <ele>110.7</ele>
    <time>2024-07-27T10:35:51Z</time>
   </trkpt>
   <trkpt lat="43.6627260" lon="-79.4040420">
    <ele>110.7</ele>
    <time>2024-07-27T10:35:52Z</time>
   </trkpt>
   <trkpt lat="43.6627160" lon="-79.4040630">
    <ele>110.7</ele>
    <time>2024-07-27T10:35:53Z</time>
   </trkpt>
   <trkpt lat="43.6627050" lon="-79.4041120">
    <ele>110.7</ele>
    <time>2024-07-27T10:35:54Z</time>
   </trkpt>
   <trkpt lat="43.6627030" lon="-79.4041270">
    <ele>110.7</ele>
    <time>2024-07-27T10:35:55Z</time>
   </trkpt>
   <trkpt lat="43.6627110" lon="-79.4041630">
    <ele>110.7</ele>
    <time>2024-07-27T10:35:56Z</time>
   </trkpt>
   <trkpt lat="43.6627100" lon="-79.4041770">
    <ele>110.7</ele>
    <time>2024-07-27T10:35:57Z</time>
   </trkpt>
   <trkpt lat="43.6627000" lon="-79.4042170">
    <ele>110.7</ele>
    <time>2024-07-27T10:35:58Z</time>
   </trkpt>
   <trkpt lat="43.6626860" lon="-79.4042520">
    <ele>110.7</ele>
    <time>2024-07-27T10:35:59Z</time>
   </trkpt>
   <trkpt lat="43.6626740" lon="-79.4042990">
    <ele>110.7</ele>
    <time>2024-07-27T10:36:00Z</time>
   </trkpt>
   <trkpt lat="43.6626730" lon="-79.4043180">
    <ele>110.7</ele>
    <time>2024-07-27T10:36:01Z</time>
   </trkpt>
   <trkpt lat="43.6626610" lon="-79.4043620">
    <ele>110.7</ele>
    <time>2024-07-27T10:36:02Z</time>
   </trkpt>
   <trkpt lat="43.6626590" lon="-79.4043780">
    <ele>110.7</ele>
    <time>2024-07-27T10:36:03Z</time>
   </trkpt>
   <trkpt lat="43.6626530" lon="-79.4044250">
    <ele>110.7</ele>
    <time>2024-07-27T10:36:04Z</time>
   </trkpt>
   <trkpt lat="43.6626540" lon="-79.4044440">
    <ele>110.7</ele>
    <time>2024-07-27T10:36:05Z</time>
   </trkpt>
   <trkpt lat="43.6626380" lon="-79.4044920">
    <ele>110.7</ele>
    <time>2024-07-27T10:36:06Z</time>
   </trkpt>
   <trkpt lat="43.6626230" lon="-79.4045350">
    <ele>110.7</ele>
    <time>2024-07-27T10:36:07Z</time>
   </trkpt>
   <trkpt lat="43.6626200" lon="-79.4045500">
    <ele>110.7</ele>
    <time>2024-07-27T10:36:08Z</time>
   </trkpt>
   <trkpt lat="43.6626090" lon="-79.4045860">
    <ele>110.7</ele>
    <time>2024-07-27T10:36:09Z</time>
   </trkpt>
   <trkpt lat="43.6625860" lon="-79.4046310">
    <ele>110.7</ele>
    <time>2024-07-27T10:36:10Z</time>
   </trkpt>
   <trkpt lat="43.6625750" lon="-79.4046450">
    <ele>110.7</ele>
    <time>2024-07-27T10:36:11Z</time>
   </trkpt>
   <trkpt lat="43.6625750" lon="-79.4046880">
    <ele>110.7</ele>
    <time>2024-07-27T10:36:12Z</time>
   </trkpt>
   <trkpt lat="43.6625790" lon="-79.4047030">
    <ele>110.8</ele>
    <time>2024-07-27T10:36:13Z</time>
   </trkpt>
   <trkpt lat="43.6625750" lon="-79.4047200">
    <ele>110.8</ele>
    <time>2024-07-27T10:36:14Z</time>
   </trkpt>
   <trkpt lat="43.6625790" lon="-79.4047470">
    <ele>110.8</ele>
    <time>2024-07-27T10:36:15Z</time>
   </trkpt>
   <trkpt lat="43.6625840" lon="-79.4047890">
    <ele>110.8</ele>
    <time>2024-07-27T10:36:16Z</time>
   </trkpt>
   <trkpt lat="43.6625820" lon="-79.4048090">
    <ele>110.8</ele>
    <time>2024-07-27T10:36:17Z</time>
   </trkpt>
   <trkpt lat="43.6625860" lon="-79.4048470">
    <ele>110.8</ele>
    <time>2024-07-27T10:36:18Z</time>
   </trkpt>
   <trkpt lat="43.6625780" lon="-79.4048970">
    <ele>110.8</ele>
    <time>2024-07-27T10:36:19Z</time>
   </trkpt>
   <trkpt lat="43.6625660" lon="-79.4049330">
    <ele>110.8</ele>
    <time>2024-07-27T10:36:20Z</time>
   </trkpt>
   <trkpt lat="43.6625650" lon="-79.4049440">
    <ele>110.8</ele>
    <time>2024-07-27T10:36:21Z</time>
   </trkpt>
   <trkpt lat="43.6625460" lon="-79.4049960">
    <ele>110.8</ele>
    <time>2024-07-27T10:36:22Z</time>
   </trkpt>
   <trkpt lat="43.6625320" lon="-79.4050370">
    <ele>110.8</ele>
    <time>2024-07-27T10:36:23Z</time>
   </trkpt>
   <trkpt lat="43.6625290" lon="-79.4050520">
    <ele>110.8</ele>
    <time>2024-07-27T10:36:24Z</time>
   </trkpt>
   <trkpt lat="43.6625280" lon="-79.4050980">
    <ele>110.8</ele>
    <time>2024-07-27T10:36:25Z</time>
   </trkpt>
   <trkpt lat="43.6625260" lon="-79.4051370">
    <ele>110.8</ele>
    <time>2024-07-27T10:36:26Z</time>
   </trkpt>
   <trkpt lat="43.6625270" lon="-79.4051500">
    <ele>110.8</ele>
    <time>2024-07-27T10:36:27Z</time>
   </trkpt>
   <trkpt lat="43.6625190" lon="-79.4051890">
    <ele>110.8</ele>
    <time>2024-07-27T10:36:28Z</time>
   </trkpt>
   <trkpt lat="43.6625030" lon="-79.4052450">
    <ele>110.8</ele>
    <time>2024-07-27T10:36:29Z</time>
   </trkpt>
   <trkpt lat="43.6624960" lon="-79.4052690">
    <ele>110.8</ele>
    <time>2024-07-27T10:36:30Z</time>
   </trkpt>
   <trkpt lat="43.6624760" lon="-79.4053170">
    <ele>110.8</ele>
    <time>2024-07-27T10:36:31Z</time>
   </trkpt>
   <trkpt lat="43.6624760" lon="-79.4053610">
    <ele>110.8</ele>
    <time>2024-07-27T10:36:33Z</time>
   </trkpt>
   <trkpt lat="43.6624750" lon="-79.4053760">
    <ele>110.8</ele>
    <time>2024-07-27T10:36:34Z</time>
   </trkpt>
   <trkpt lat="43.6624640" lon="-79.4054180">
    <ele>110.8</ele>
    <time>2024-07-27T10:36:35Z</time>
   </trkpt>
   <trkpt lat="43.6624600" lon="-79.4054540">
    <ele>110.8</ele>
    <time>2024-07-27T10:36:36Z</time>
   </trkpt>
   <trkpt lat="43.6624600" lon="-79.4054700">
    <ele>110.8</ele>
    <time>2024-07-27T10:36:37Z</time>
   </trkpt>
   <trkpt lat="43.6624450" lon="-79.4055020">
    <ele>110.8</ele>
    <time>2024-07-27T10:36:38Z</time>
   </trkpt>
   <trkpt lat="43.6624260" lon="-79.4055280">
    <ele>110.8</ele>
    <time>2024-07-27T10:36:39Z</time>
   </trkpt>
   <trkpt lat="43.6624140" lon="-79.4055830">
    <ele>110.8</ele>
    <time>2024-07-27T10:36:40Z</time>
   </trkpt>
   <trkpt lat="43.6624110" lon="-79.4056040">
    <ele>110.8</ele>
    <time>2024-07-27T10:36:41Z</time>
   </trkpt>
   <trkpt lat="43.6624070" lon="-79.4056520">
    <ele>110.8</ele>
    <time>2024-07-27T10:36:42Z</time>
   </trkpt>
   <trkpt lat="43.6624060" lon="-79.4056670">
    <ele>110.8</ele>
    <time>2024-07-27T10:36:43Z</time>
   </trkpt>
   <trkpt lat="43.6623980" lon="-79.4057150">
    <ele>110.8</ele>
    <time>2024-07-27T10:36:44Z</time>
   </trkpt>
   <trkpt lat="43.6623960" lon="-79.4057270">
    <ele>110.8</ele>
    <time>2024-07-27T10:36:45Z</time>
   </trkpt>
   <trkpt lat="43.6623840" lon="-79.4057710">
    <ele>110.9</ele>
    <time>2024-07-27T10:36:46Z</time>
   </trkpt>
   <trkpt lat="43.6623670" lon="-79.4058110">
    <ele>110.9</ele>
    <time>2024-07-27T10:36:47Z</time>
   </trkpt>
   <trkpt lat="43.6623600" lon="-79.4058630">
    <ele>110.9</ele>
    <time>2024-07-27T10:36:48Z</time>
   </trkpt>
   <trkpt lat="43.6623530" lon="-79.4059070">
    <ele>110.9</ele>
    <time>2024-07-27T10:36:49Z</time>
   </trkpt>
   <trkpt lat="43.6623510" lon="-79.4059170">
    <ele>110.9</ele>
    <time>2024-07-27T10:36:50Z</time>
   </trkpt>
   <trkpt lat="43.6623410" lon="-79.4059520">
    <ele>110.9</ele>
    <time>2024-07-27T10:36:51Z</time>
   </trkpt>
   <trkpt lat="43.6623290" lon="-79.4059960">
    <ele>110.9</ele>
    <time>2024-07-27T10:36:52Z</time>
   </trkpt>
   <trkpt lat="43.6623290" lon="-79.4060370">
    <ele>110.9</ele>
    <time>2024-07-27T10:36:53Z</time>
   </trkpt>
   <trkpt lat="43.6623290" lon="-79.4060540">
    <ele>110.9</ele>
    <time>2024-07-27T10:36:54Z</time>
   </trkpt>
   <trkpt lat="43.6623190" lon="-79.4060950">
    <ele>110.9</ele>
    <time>2024-07-27T10:36:55Z</time>
   </trkpt>
   <trkpt lat="43.6623110" lon="-79.4061320">
    <ele>110.9</ele>
    <time>2024-07-27T10:36:56Z</time>
   </trkpt>
   <trkpt lat="43.6623030" lon="-79.4061760">
    <ele>110.9</ele>
    <time>2024-07-27T10:36:57Z</time>
   </trkpt>
   <trkpt lat="43.6622960" lon="-79.4061890">
    <ele>110.9</ele>
    <time>2024-07-27T10:36:58Z</time>
   </trkpt>
   <trkpt lat="43.6622980" lon="-79.4062110">
    <ele>110.9</ele>
    <time>2024-07-27T10:36:59Z</time>
   </trkpt>
   <trkpt lat="43.6622990" lon="-79.4062380">
    <ele>110.9</ele>
    <time>2024-07-27T10:37:00Z</time>
   </trkpt>
   <trkpt lat="43.6622920" lon="-79.4062920">
    <ele>110.9</ele>
    <time>2024-07-27T10:37:01Z</time>
   </trkpt>
   <trkpt lat="43.6622880" lon="-79.4063160">
    <ele>110.9</ele>
    <time>2024-07-27T10:37:02Z</time>
   </trkpt>
   <trkpt lat="43.6622850" lon="-79.4063480">
    <ele>110.9</ele>
    <time>2024-07-27T10:37:03Z</time>
   </trkpt>
   <trkpt lat="43.6622920" lon="-79.4063600">
    <ele>110.9</ele>
    <time>2024-07-27T10:37:04Z</time>
   </trkpt>
   <trkpt lat="43.6622790" lon="-79.4064030">
    <ele>110.9</ele>
    <time>2024-07-27T10:37:05Z</time>
   </trkpt>
   <trkpt lat="43.6622720" lon="-79.4064170">
    <ele>110.9</ele>
    <time>2024-07-27T10:37:06Z</time>
   </trkpt>
   <trkpt lat="43.6622630" lon="-79.4064580">
    <ele>110.9</ele>
    <time>2024-07-27T10:37:07Z</time>
   </trkpt>
   <trkpt lat="43.6622530" lon="-79.4065020">
    <ele>110.9</ele>
    <time>2024-07-27T10:37:08Z</time>
   </trkpt>
   <trkpt lat="43.6622490" lon="-79.4065170">
    <ele>110.9</ele>
    <time>2024-07-27T10:37:09Z</time>
   </trkpt>
   <trkpt lat="43.6622360" lon="-79.4065540">
    <ele>110.9</ele>
    <time>2024-07-27T10:37:10Z</time>
   </trkpt>
   <trkpt lat="43.6622210" lon="-79.4065900">
    <ele>110.9</ele>
    <time>2024-07-27T10:37:11Z</time>
   </trkpt>
   <trkpt lat="43.6622190" lon="-79.4066030">
    <ele>110.9</ele>
    <time>2024-07-27T10:37:12Z</time>
   </trkpt>
   <trkpt lat="43.6622090" lon="-79.4066430">
    <ele>110.9</ele>
    <time>2024-07-27T10:37:13Z</time>
   </trkpt>
   <trkpt lat="43.6622040" lon="-79.4066590">
    <ele>110.9</ele>
    <time>2024-07-27T10:37:14Z</time>
   </trkpt>
   <trkpt lat="43.6621960" lon="-79.4067070">
    <ele>110.9</ele>
    <time>2024-07-27T10:37:15Z</time>
   </trkpt>
   <trkpt lat="43.6621970" lon="-79.4067250">
    <ele>110.9</ele>
    <time>2024-07-27T10:37:16Z</time>
   </trkpt>
   <trkpt lat="43.6621960" lon="-79.4067630">
    <ele>110.9</ele>
    <time>2024-07-27T10:37:17Z</time>
   </trkpt>
   <trkpt lat="43.6621630" lon="-79.4068250">
    <ele>111.0</ele>
    <time>2024-07-27T10:37:18Z</time>
   </trkpt>
   <trkpt lat="43.6621530" lon="-79.4068640">
    <ele>111.0</ele>
    <time>2024-07-27T10:37:19Z</time>
   </trkpt>
   <trkpt lat="43.6621490" lon="-79.4068780">
    <ele>111.0</ele>
    <time>2024-07-27T10:37:20Z</time>
   </trkpt>
   <trkpt lat="43.6621470" lon="-79.4069200">
    <ele>111.0</ele>
    <time>2024-07-27T10:37:21Z</time>
   </trkpt>
   <trkpt lat="43.6621450" lon="-79.4069370">
    <ele>111.0</ele>
    <time>2024-07-27T10:37:22Z</time>
   </trkpt>
   <trkpt lat="43.6621300" lon="-79.4069800">
    <ele>111.0</ele>
    <time>2024-07-27T10:37:23Z</time>
   </trkpt>
   <trkpt lat="43.6621100" lon="-79.4070060">
    <ele>111.0</ele>
    <time>2024-07-27T10:37:24Z</time>
   </trkpt>
   <trkpt lat="43.6621130" lon="-79.4070450">
    <ele>111.0</ele>
    <time>2024-07-27T10:37:25Z</time>
   </trkpt>
   <trkpt lat="43.6621330" lon="-79.4070860">
    <ele>111.0</ele>
    <time>2024-07-27T10:37:26Z</time>
   </trkpt>
   <trkpt lat="43.6621580" lon="-79.4071020">
    <ele>111.0</ele>
    <time>2024-07-27T10:37:27Z</time>
   </trkpt>
   <trkpt lat="43.6621600" lon="-79.4071200">
    <ele>111.0</ele>
    <time>2024-07-27T10:37:28Z</time>
   </trkpt>
   <trkpt lat="43.6621550" lon="-79.4071440">
    <ele>111.0</ele>
    <time>2024-07-27T10:37:29Z</time>
   </trkpt>
   <trkpt lat="43.6621070" lon="-79.4072540">
    <ele>111.0</ele>
    <time>2024-07-27T10:37:30Z</time>
   </trkpt>
   <trkpt lat="43.6620910" lon="-79.4072770">
    <ele>111.0</ele>
    <time>2024-07-27T10:37:31Z</time>
   </trkpt>
   <trkpt lat="43.6620910" lon="-79.4072910">
    <ele>111.0</ele>
    <time>2024-07-27T10:37:32Z</time>
   </trkpt>
   <trkpt lat="43.6620960" lon="-79.4073330">
    <ele>111.0</ele>
    <time>2024-07-27T10:37:33Z</time>
   </trkpt>
   <trkpt lat="43.6621020" lon="-79.4073440">
    <ele>111.0</ele>
    <time>2024-07-27T10:37:34Z</time>
   </trkpt>
   <trkpt lat="43.6621010" lon="-79.4073670">
    <ele>111.0</ele>
    <time>2024-07-27T10:37:35Z</time>
   </trkpt>
   <trkpt lat="43.6620910" lon="-79.4073860">
    <ele>111.0</ele>
    <time>2024-07-27T10:37:36Z</time>
   </trkpt>
   <trkpt lat="43.6620750" lon="-79.4074260">
    <ele>111.0</ele>
    <time>2024-07-27T10:37:37Z</time>
   </trkpt>
   <trkpt lat="43.6620650" lon="-79.4074390">
    <ele>111.0</ele>
    <time>2024-07-27T10:37:38Z</time>
   </trkpt>
   <trkpt lat="43.6620450" lon="-79.4074730">
    <ele>111.0</ele>
    <time>2024-07-27T10:37:39Z</time>
   </trkpt>
   <trkpt lat="43.6620350" lon="-79.4075180">
    <ele>111.0</ele>
    <time>2024-07-27T10:37:40Z</time>
   </trkpt>
   <trkpt lat="43.6620310" lon="-79.4075370">
    <ele>111.0</ele>
    <time>2024-07-27T10:37:41Z</time>
   </trkpt>
   <trkpt lat="43.6620250" lon="-79.4075960">
    <ele>111.0</ele>
    <time>2024-07-27T10:37:42Z</time>
   </trkpt>
   <trkpt lat="43.6620280" lon="-79.4076050">
    <ele>111.0</ele>
    <time>2024-07-27T10:37:43Z</time>
   </trkpt>
   <trkpt lat="43.6620240" lon="-79.4076370">
    <ele>111.0</ele>
    <time>2024-07-27T10:37:44Z</time>
   </trkpt>
   <trkpt lat="43.6620120" lon="-79.4077070">
    <ele>111.0</ele>
    <time>2024-07-27T10:37:45Z</time>
   </trkpt>
   <trkpt lat="43.6619960" lon="-79.4077540">
    <ele>111.0</ele>
    <time>2024-07-27T10:37:46Z</time>
   </trkpt>
   <trkpt lat="43.6620070" lon="-79.4077720">
    <ele>111.0</ele>
    <time>2024-07-27T10:37:47Z</time>
   </trkpt>
   <trkpt lat="43.6619970" lon="-79.4077870">
    <ele>111.0</ele>
    <time>2024-07-27T10:37:48Z</time>
   </trkpt>
   <trkpt lat="43.6619870" lon="-79.4078020">
    <ele>111.0</ele>
    <time>2024-07-27T10:37:49Z</time>
   </trkpt>
   <trkpt lat="43.6619800" lon="-79.4078440">
    <ele>111.0</ele>
    <time>2024-07-27T10:37:50Z</time>
   </trkpt>
   <trkpt lat="43.6619810" lon="-79.4078550">
    <ele>111.0</ele>
    <time>2024-07-27T10:37:51Z</time>
   </trkpt>
   <trkpt lat="43.6619930" lon="-79.4078800">
    <ele>111.0</ele>
    <time>2024-07-27T10:37:52Z</time>
   </trkpt>
   <trkpt lat="43.6619830" lon="-79.4078970">
    <ele>111.0</ele>
    <time>2024-07-27T10:37:53Z</time>
   </trkpt>
   <trkpt lat="43.6619730" lon="-79.4079350">
    <ele>111.0</ele>
    <time>2024-07-27T10:37:54Z</time>
   </trkpt>
   <trkpt lat="43.6619590" lon="-79.4079800">
    <ele>111.0</ele>
    <time>2024-07-27T10:37:55Z</time>
   </trkpt>
   <trkpt lat="43.6619530" lon="-79.4079970">
    <ele>111.0</ele>
    <time>2024-07-27T10:37:56Z</time>
   </trkpt>
   <trkpt lat="43.6619430" lon="-79.4080290">
    <ele>111.0</ele>
    <time>2024-07-27T10:37:57Z</time>
   </trkpt>
   <trkpt lat="43.6619570" lon="-79.4080460">
    <ele>111.0</ele>
    <time>2024-07-27T10:37:58Z</time>
   </trkpt>
   <trkpt lat="43.6619530" lon="-79.4080970">
    <ele>111.0</ele>
    <time>2024-07-27T10:37:59Z</time>
   </trkpt>
   <trkpt lat="43.6619500" lon="-79.4081120">
    <ele>111.0</ele>
    <time>2024-07-27T10:38:00Z</time>
   </trkpt>
   <trkpt lat="43.6619420" lon="-79.4081460">
    <ele>111.0</ele>
    <time>2024-07-27T10:38:01Z</time>
   </trkpt>
   <trkpt lat="43.6619370" lon="-79.4081660">
    <ele>111.0</ele>
    <time>2024-07-27T10:38:02Z</time>
   </trkpt>
   <trkpt lat="43.6619220" lon="-79.4082060">
    <ele>111.0</ele>
    <time>2024-07-27T10:38:03Z</time>
   </trkpt>
   <trkpt lat="43.6619110" lon="-79.4082490">
    <ele>111.0</ele>
    <time>2024-07-27T10:38:04Z</time>
   </trkpt>
   <trkpt lat="43.6619050" lon="-79.4082640">
    <ele>111.0</ele>
    <time>2024-07-27T10:38:05Z</time>
   </trkpt>
   <trkpt lat="43.6618970" lon="-79.4083010">
    <ele>111.0</ele>
    <time>2024-07-27T10:38:06Z</time>
   </trkpt>
   <trkpt lat="43.6618940" lon="-79.4083170">
    <ele>111.0</ele>
    <time>2024-07-27T10:38:07Z</time>
   </trkpt>
   <trkpt lat="43.6618810" lon="-79.4083630">
    <ele>111.0</ele>
    <time>2024-07-27T10:38:08Z</time>
   </trkpt>
   <trkpt lat="43.6618760" lon="-79.4083820">
    <ele>111.0</ele>
    <time>2024-07-27T10:38:09Z</time>
   </trkpt>
   <trkpt lat="43.6618730" lon="-79.4084110">
    <ele>111.0</ele>
    <time>2024-07-27T10:38:10Z</time>
   </trkpt>
   <trkpt lat="43.6618610" lon="-79.4084440">
    <ele>111.0</ele>
    <time>2024-07-27T10:38:11Z</time>
   </trkpt>
   <trkpt lat="43.6618590" lon="-79.4084600">
    <ele>111.0</ele>
    <time>2024-07-27T10:38:12Z</time>
   </trkpt>
   <trkpt lat="43.6618540" lon="-79.4085060">
    <ele>111.0</ele>
    <time>2024-07-27T10:38:13Z</time>
   </trkpt>
   <trkpt lat="43.6618510" lon="-79.4085260">
    <ele>111.0</ele>
    <time>2024-07-27T10:38:14Z</time>
   </trkpt>
   <trkpt lat="43.6618480" lon="-79.4085740">
    <ele>111.1</ele>
    <time>2024-07-27T10:38:15Z</time>
   </trkpt>
   <trkpt lat="43.6618510" lon="-79.4085860">
    <ele>111.1</ele>
    <time>2024-07-27T10:38:16Z</time>
   </trkpt>
   <trkpt lat="43.6618510" lon="-79.4086230">
    <ele>111.1</ele>
    <time>2024-07-27T10:38:17Z</time>
   </trkpt>
   <trkpt lat="43.6618570" lon="-79.4086370">
    <ele>111.1</ele>
    <time>2024-07-27T10:38:18Z</time>
   </trkpt>
   <trkpt lat="43.6618380" lon="-79.4086780">
    <ele>111.1</ele>
    <time>2024-07-27T10:38:19Z</time>
   </trkpt>
   <trkpt lat="43.6618280" lon="-79.4086960">
    <ele>111.1</ele>
    <time>2024-07-27T10:38:20Z</time>
   </trkpt>
   <trkpt lat="43.6618210" lon="-79.4087470">
    <ele>111.1</ele>
    <time>2024-07-27T10:38:21Z</time>
   </trkpt>
   <trkpt lat="43.6618170" lon="-79.4087650">
    <ele>111.1</ele>
    <time>2024-07-27T10:38:22Z</time>
   </trkpt>
   <trkpt lat="43.6617980" lon="-79.4088130">
    <ele>111.1</ele>
    <time>2024-07-27T10:38:23Z</time>
   </trkpt>
   <trkpt lat="43.6617890" lon="-79.4088320">
    <ele>111.1</ele>
    <time>2024-07-27T10:38:24Z</time>
   </trkpt>
   <trkpt lat="43.6617820" lon="-79.4088800">
    <ele>111.1</ele>
    <time>2024-07-27T10:38:25Z</time>
   </trkpt>
   <trkpt lat="43.6617820" lon="-79.4088970">
    <ele>111.1</ele>
    <time>2024-07-27T10:38:26Z</time>
   </trkpt>
   <trkpt lat="43.6617720" lon="-79.4089380">
    <ele>111.1</ele>
    <time>2024-07-27T10:38:27Z</time>
   </trkpt>
   <trkpt lat="43.6617680" lon="-79.4089510">
    <ele>111.1</ele>
    <time>2024-07-27T10:38:28Z</time>
   </trkpt>
   <trkpt lat="43.6617660" lon="-79.4089890">
    <ele>111.1</ele>
    <time>2024-07-27T10:38:29Z</time>
   </trkpt>
   <trkpt lat="43.6617520" lon="-79.4090290">
    <ele>111.1</ele>
    <time>2024-07-27T10:38:30Z</time>
   </trkpt>
   <trkpt lat="43.6617470" lon="-79.4090440">
    <ele>111.1</ele>
    <time>2024-07-27T10:38:31Z</time>
   </trkpt>
   <trkpt lat="43.6617500" lon="-79.4090890">
    <ele>111.1</ele>
    <time>2024-07-27T10:38:32Z</time>
   </trkpt>
   <trkpt lat="43.6617480" lon="-79.4091030">
    <ele>111.1</ele>
    <time>2024-07-27T10:38:33Z</time>
   </trkpt>
   <trkpt lat="43.6617350" lon="-79.4091530">
    <ele>111.1</ele>
    <time>2024-07-27T10:38:34Z</time>
   </trkpt>
   <trkpt lat="43.6617280" lon="-79.4091760">
    <ele>111.1</ele>
    <time>2024-07-27T10:38:35Z</time>
   </trkpt>
   <trkpt lat="43.6617130" lon="-79.4091970">
    <ele>111.1</ele>
    <time>2024-07-27T10:38:36Z</time>
   </trkpt>
   <trkpt lat="43.6617040" lon="-79.4092320">
    <ele>111.2</ele>
    <time>2024-07-27T10:38:38Z</time>
   </trkpt>
   <trkpt lat="43.6616950" lon="-79.4092720">
    <ele>111.2</ele>
    <time>2024-07-27T10:38:39Z</time>
   </trkpt>
   <trkpt lat="43.6616910" lon="-79.4092860">
    <ele>111.2</ele>
    <time>2024-07-27T10:38:40Z</time>
   </trkpt>
   <trkpt lat="43.6616830" lon="-79.4093250">
    <ele>111.2</ele>
    <time>2024-07-27T10:38:41Z</time>
   </trkpt>
   <trkpt lat="43.6616780" lon="-79.4093350">
    <ele>111.2</ele>
    <time>2024-07-27T10:38:42Z</time>
   </trkpt>
   <trkpt lat="43.6616790" lon="-79.4093530">
    <ele>111.2</ele>
    <time>2024-07-27T10:38:43Z</time>
   </trkpt>
   <trkpt lat="43.6616520" lon="-79.4093500">
    <ele>111.2</ele>
    <time>2024-07-27T10:38:44Z</time>
   </trkpt>
   <trkpt lat="43.6616270" lon="-79.4093810">
    <ele>111.2</ele>
    <time>2024-07-27T10:38:45Z</time>
   </trkpt>
   <trkpt lat="43.6616040" lon="-79.4094300">
    <ele>111.3</ele>
    <time>2024-07-27T10:38:46Z</time>
   </trkpt>
   <trkpt lat="43.6616040" lon="-79.4094720">
    <ele>111.3</ele>
    <time>2024-07-27T10:38:47Z</time>
   </trkpt>
   <trkpt lat="43.6616100" lon="-79.4094870">
    <ele>111.3</ele>
    <time>2024-07-27T10:38:48Z</time>
   </trkpt>
   <trkpt lat="43.6616220" lon="-79.4095240">
    <ele>111.3</ele>
    <time>2024-07-27T10:38:49Z</time>
   </trkpt>
   <trkpt lat="43.6616280" lon="-79.4095440">
    <ele>111.3</ele>
    <time>2024-07-27T10:38:50Z</time>
   </trkpt>
   <trkpt lat="43.6616340" lon="-79.4095650">
    <ele>111.4</ele>
    <time>2024-07-27T10:38:51Z</time>
   </trkpt>
   <trkpt lat="43.6616360" lon="-79.4095690">
    <ele>111.4</ele>
    <time>2024-07-27T10:38:52Z</time>
   </trkpt>
   <trkpt lat="43.6616410" lon="-79.4095850">
    <ele>111.4</ele>
    <time>2024-07-27T10:38:53Z</time>
   </trkpt>
   <trkpt lat="43.6616380" lon="-79.4096080">
    <ele>111.4</ele>
    <time>2024-07-27T10:38:54Z</time>
   </trkpt>
   <trkpt lat="43.6616380" lon="-79.4096280">
    <ele>111.4</ele>
    <time>2024-07-27T10:38:55Z</time>
   </trkpt>
   <trkpt lat="43.6616370" lon="-79.4096530">
    <ele>111.4</ele>
    <time>2024-07-27T10:38:56Z</time>
   </trkpt>
   <trkpt lat="43.6616340" lon="-79.4096640">
    <ele>111.4</ele>
    <time>2024-07-27T10:38:57Z</time>
   </trkpt>
   <trkpt lat="43.6616310" lon="-79.4096660">
    <ele>111.4</ele>
    <time>2024-07-27T10:38:58Z</time>
   </trkpt>
   <trkpt lat="43.6616280" lon="-79.4096670">
    <ele>111.4</ele>
    <time>2024-07-27T10:38:59Z</time>
   </trkpt>
   <trkpt lat="43.6616270" lon="-79.4096690">
    <ele>111.4</ele>
    <time>2024-07-27T10:39:00Z</time>
   </trkpt>
   <trkpt lat="43.6616260" lon="-79.4096710">
    <ele>111.4</ele>
    <time>2024-07-27T10:39:01Z</time>
   </trkpt>
   <trkpt lat="43.6616250" lon="-79.4096740">
    <ele>111.5</ele>
    <time>2024-07-27T10:39:02Z</time>
   </trkpt>
   <trkpt lat="43.6616240" lon="-79.4096760">
    <ele>111.5</ele>
    <time>2024-07-27T10:39:03Z</time>
   </trkpt>
   <trkpt lat="43.6616230" lon="-79.4096780">
    <ele>111.5</ele>
    <time>2024-07-27T10:39:04Z</time>
   </trkpt>
   <trkpt lat="43.6616220" lon="-79.4096800">
    <ele>111.5</ele>
    <time>2024-07-27T10:39:05Z</time>
   </trkpt>
   <trkpt lat="43.6616210" lon="-79.4096820">
    <ele>111.5</ele>
    <time>2024-07-27T10:39:06Z</time>
   </trkpt>
   <trkpt lat="43.6616200" lon="-79.4096840">
    <ele>111.5</ele>
    <time>2024-07-27T10:39:07Z</time>
   </trkpt>
   <trkpt lat="43.6616180" lon="-79.4096870">
    <ele>111.5</ele>
    <time>2024-07-27T10:39:08Z</time>
   </trkpt>
   <trkpt lat="43.6616170" lon="-79.4096890">
    <ele>111.5</ele>
    <time>2024-07-27T10:39:09Z</time>
   </trkpt>
   <trkpt lat="43.6616160" lon="-79.4096910">
    <ele>111.5</ele>
    <time>2024-07-27T10:39:10Z</time>
   </trkpt>
   <trkpt lat="43.6616150" lon="-79.4096930">
    <ele>111.5</ele>
    <time>2024-07-27T10:39:11Z</time>
   </trkpt>
   <trkpt lat="43.6616140" lon="-79.4096950">
    <ele>111.5</ele>
    <time>2024-07-27T10:39:12Z</time>
   </trkpt>
   <trkpt lat="43.6616130" lon="-79.4096970">
    <ele>111.5</ele>
    <time>2024-07-27T10:39:13Z</time>
   </trkpt>
   <trkpt lat="43.6616120" lon="-79.4097000">
    <ele>111.5</ele>
    <time>2024-07-27T10:39:14Z</time>
   </trkpt>
   <trkpt lat="43.6616110" lon="-79.4097020">
    <ele>111.5</ele>
    <time>2024-07-27T10:39:15Z</time>
   </trkpt>
   <trkpt lat="43.6616100" lon="-79.4097040">
    <ele>111.5</ele>
    <time>2024-07-27T10:39:16Z</time>
   </trkpt>
   <trkpt lat="43.6616090" lon="-79.4097060">
    <ele>111.5</ele>
    <time>2024-07-27T10:39:17Z</time>
   </trkpt>
   <trkpt lat="43.6616080" lon="-79.4097080">
    <ele>111.5</ele>
    <time>2024-07-27T10:39:18Z</time>
   </trkpt>
   <trkpt lat="43.6616070" lon="-79.4097100">
    <ele>111.5</ele>
    <time>2024-07-27T10:39:19Z</time>
   </trkpt>
   <trkpt lat="43.6616050" lon="-79.4097130">
    <ele>111.5</ele>
    <time>2024-07-27T10:39:20Z</time>
   </trkpt>
   <trkpt lat="43.6615950" lon="-79.4097590">
    <ele>111.5</ele>
    <time>2024-07-27T10:39:21Z</time>
   </trkpt>
   <trkpt lat="43.6615940" lon="-79.4097970">
    <ele>111.4</ele>
    <time>2024-07-27T10:39:22Z</time>
   </trkpt>
   <trkpt lat="43.6615640" lon="-79.4098760">
    <ele>111.3</ele>
    <time>2024-07-27T10:39:23Z</time>
   </trkpt>
   <trkpt lat="43.6615680" lon="-79.4098940">
    <ele>111.3</ele>
    <time>2024-07-27T10:39:24Z</time>
   </trkpt>
   <trkpt lat="43.6615720" lon="-79.4099170">
    <ele>111.3</ele>
    <time>2024-07-27T10:39:25Z</time>
   </trkpt>
   <trkpt lat="43.6615510" lon="-79.4099580">
    <ele>111.3</ele>
    <time>2024-07-27T10:39:26Z</time>
   </trkpt>
   <trkpt lat="43.6615350" lon="-79.4099980">
    <ele>111.2</ele>
    <time>2024-07-27T10:39:27Z</time>
   </trkpt>
   <trkpt lat="43.6615360" lon="-79.4100170">
    <ele>111.2</ele>
    <time>2024-07-27T10:39:28Z</time>
   </trkpt>
   <trkpt lat="43.6615310" lon="-79.4100580">
    <ele>111.2</ele>
    <time>2024-07-27T10:39:29Z</time>
   </trkpt>
   <trkpt lat="43.6615290" lon="-79.4100770">
    <ele>111.2</ele>
    <time>2024-07-27T10:39:30Z</time>
   </trkpt>
   <trkpt lat="43.6615210" lon="-79.4101150">
    <ele>111.2</ele>
    <time>2024-07-27T10:39:31Z</time>
   </trkpt>
   <trkpt lat="43.6615110" lon="-79.4101670">
    <ele>111.2</ele>
    <time>2024-07-27T10:39:32Z</time>
   </trkpt>
   <trkpt lat="43.6615010" lon="-79.4102030">
    <ele>111.1</ele>
    <time>2024-07-27T10:39:33Z</time>
   </trkpt>
   <trkpt lat="43.6614920" lon="-79.4102430">
    <ele>111.1</ele>
    <time>2024-07-27T10:39:34Z</time>
   </trkpt>
   <trkpt lat="43.6614900" lon="-79.4102540">
    <ele>111.1</ele>
    <time>2024-07-27T10:39:35Z</time>
   </trkpt>
   <trkpt lat="43.6614850" lon="-79.4102950">
    <ele>111.1</ele>
    <time>2024-07-27T10:39:36Z</time>
   </trkpt>
   <trkpt lat="43.6614770" lon="-79.4103420">
    <ele>111.1</ele>
    <time>2024-07-27T10:39:37Z</time>
   </trkpt>
   <trkpt lat="43.6614780" lon="-79.4103580">
    <ele>111.1</ele>
    <time>2024-07-27T10:39:38Z</time>
   </trkpt>
   <trkpt lat="43.6614820" lon="-79.4103970">
    <ele>111.1</ele>
    <time>2024-07-27T10:39:39Z</time>
   </trkpt>
   <trkpt lat="43.6614820" lon="-79.4104140">
    <ele>111.0</ele>
    <time>2024-07-27T10:39:40Z</time>
   </trkpt>
   <trkpt lat="43.6614820" lon="-79.4104340">
    <ele>111.0</ele>
    <time>2024-07-27T10:39:41Z</time>
   </trkpt>
   <trkpt lat="43.6614870" lon="-79.4104590">
    <ele>111.0</ele>
    <time>2024-07-27T10:39:42Z</time>
   </trkpt>
   <trkpt lat="43.6614930" lon="-79.4104750">
    <ele>111.0</ele>
    <time>2024-07-27T10:39:43Z</time>
   </trkpt>
   <trkpt lat="43.6614810" lon="-79.4105080">
    <ele>111.0</ele>
    <time>2024-07-27T10:39:44Z</time>
   </trkpt>
   <trkpt lat="43.6614730" lon="-79.4105460">
    <ele>111.0</ele>
    <time>2024-07-27T10:39:45Z</time>
   </trkpt>
   <trkpt lat="43.6614660" lon="-79.4105820">
    <ele>111.0</ele>
    <time>2024-07-27T10:39:46Z</time>
   </trkpt>
   <trkpt lat="43.6614460" lon="-79.4106180">
    <ele>111.0</ele>
    <time>2024-07-27T10:39:47Z</time>
   </trkpt>
   <trkpt lat="43.6614460" lon="-79.4106620">
    <ele>111.0</ele>
    <time>2024-07-27T10:39:48Z</time>
   </trkpt>
   <trkpt lat="43.6614420" lon="-79.4106750">
    <ele>111.0</ele>
    <time>2024-07-27T10:39:49Z</time>
   </trkpt>
   <trkpt lat="43.6614340" lon="-79.4107120">
    <ele>111.0</ele>
    <time>2024-07-27T10:39:50Z</time>
   </trkpt>
   <trkpt lat="43.6614240" lon="-79.4107620">
    <ele>111.0</ele>
    <time>2024-07-27T10:39:51Z</time>
   </trkpt>
   <trkpt lat="43.6614080" lon="-79.4108070">
    <ele>111.0</ele>
    <time>2024-07-27T10:39:52Z</time>
   </trkpt>
   <trkpt lat="43.6614040" lon="-79.4108250">
    <ele>111.0</ele>
    <time>2024-07-27T10:39:53Z</time>
   </trkpt>
   <trkpt lat="43.6613880" lon="-79.4108560">
    <ele>111.0</ele>
    <time>2024-07-27T10:39:54Z</time>
   </trkpt>
   <trkpt lat="43.6613730" lon="-79.4109060">
    <ele>111.0</ele>
    <time>2024-07-27T10:39:55Z</time>
   </trkpt>
   <trkpt lat="43.6613670" lon="-79.4109220">
    <ele>111.0</ele>
    <time>2024-07-27T10:39:56Z</time>
   </trkpt>
   <trkpt lat="43.6613520" lon="-79.4109610">
    <ele>111.0</ele>
    <time>2024-07-27T10:39:57Z</time>
   </trkpt>
   <trkpt lat="43.6613420" lon="-79.4110130">
    <ele>111.0</ele>
    <time>2024-07-27T10:39:58Z</time>
   </trkpt>
   <trkpt lat="43.6613400" lon="-79.4110330">
    <ele>111.0</ele>
    <time>2024-07-27T10:39:59Z</time>
   </trkpt>
   <trkpt lat="43.6613250" lon="-79.4110760">
    <ele>111.0</ele>
    <time>2024-07-27T10:40:00Z</time>
   </trkpt>
   <trkpt lat="43.6613220" lon="-79.4110890">
    <ele>111.0</ele>
    <time>2024-07-27T10:40:01Z</time>
   </trkpt>
   <trkpt lat="43.6613170" lon="-79.4111270">
    <ele>111.0</ele>
    <time>2024-07-27T10:40:02Z</time>
   </trkpt>
   <trkpt lat="43.6613170" lon="-79.4111400">
    <ele>111.0</ele>
    <time>2024-07-27T10:40:03Z</time>
   </trkpt>
   <trkpt lat="43.6613150" lon="-79.4111820">
    <ele>111.0</ele>
    <time>2024-07-27T10:40:04Z</time>
   </trkpt>
   <trkpt lat="43.6613110" lon="-79.4111960">
    <ele>111.0</ele>
    <time>2024-07-27T10:40:05Z</time>
   </trkpt>
   <trkpt lat="43.6613020" lon="-79.4112390">
    <ele>110.9</ele>
    <time>2024-07-27T10:40:06Z</time>
   </trkpt>
   <trkpt lat="43.6612960" lon="-79.4112840">
    <ele>110.9</ele>
    <time>2024-07-27T10:40:07Z</time>
   </trkpt>
   <trkpt lat="43.6612770" lon="-79.4113160">
    <ele>110.9</ele>
    <time>2024-07-27T10:40:08Z</time>
   </trkpt>
   <trkpt lat="43.6612720" lon="-79.4113640">
    <ele>110.9</ele>
    <time>2024-07-27T10:40:09Z</time>
   </trkpt>
   <trkpt lat="43.6612700" lon="-79.4113810">
    <ele>110.9</ele>
    <time>2024-07-27T10:40:10Z</time>
   </trkpt>
   <trkpt lat="43.6612640" lon="-79.4114050">
    <ele>110.9</ele>
    <time>2024-07-27T10:40:11Z</time>
   </trkpt>
   <trkpt lat="43.6612630" lon="-79.4114250">
    <ele>110.9</ele>
    <time>2024-07-27T10:40:12Z</time>
   </trkpt>
   <trkpt lat="43.6612590" lon="-79.4114760">
    <ele>110.9</ele>
    <time>2024-07-27T10:40:13Z</time>
   </trkpt>
   <trkpt lat="43.6612620" lon="-79.4114900">
    <ele>110.9</ele>
    <time>2024-07-27T10:40:14Z</time>
   </trkpt>
   <trkpt lat="43.6612610" lon="-79.4115280">
    <ele>110.9</ele>
    <time>2024-07-27T10:40:15Z</time>
   </trkpt>
   <trkpt lat="43.6612540" lon="-79.4115400">
    <ele>110.9</ele>
    <time>2024-07-27T10:40:16Z</time>
   </trkpt>
   <trkpt lat="43.6612330" lon="-79.4115990">
    <ele>110.9</ele>
    <time>2024-07-27T10:40:17Z</time>
   </trkpt>
   <trkpt lat="43.6612190" lon="-79.4116310">
    <ele>110.8</ele>
    <time>2024-07-27T10:40:18Z</time>
   </trkpt>
   <trkpt lat="43.6612030" lon="-79.4116590">
    <ele>110.8</ele>
    <time>2024-07-27T10:40:19Z</time>
   </trkpt>
   <trkpt lat="43.6612010" lon="-79.4116750">
    <ele>110.8</ele>
    <time>2024-07-27T10:40:20Z</time>
   </trkpt>
   <trkpt lat="43.6611990" lon="-79.4117230">
    <ele>110.8</ele>
    <time>2024-07-27T10:40:21Z</time>
   </trkpt>
   <trkpt lat="43.6611900" lon="-79.4117610">
    <ele>110.8</ele>
    <time>2024-07-27T10:40:22Z</time>
   </trkpt>
   <trkpt lat="43.6611830" lon="-79.4118050">
    <ele>110.8</ele>
    <time>2024-07-27T10:40:23Z</time>
   </trkpt>
   <trkpt lat="43.6611860" lon="-79.4118170">
    <ele>110.8</ele>
    <time>2024-07-27T10:40:24Z</time>
   </trkpt>
   <trkpt lat="43.6611710" lon="-79.4118680">
    <ele>110.8</ele>
    <time>2024-07-27T10:40:25Z</time>
   </trkpt>
   <trkpt lat="43.6611670" lon="-79.4118860">
    <ele>110.8</ele>
    <time>2024-07-27T10:40:26Z</time>
   </trkpt>
   <trkpt lat="43.6611470" lon="-79.4119260">
    <ele>110.8</ele>
    <time>2024-07-27T10:40:27Z</time>
   </trkpt>
   <trkpt lat="43.6611460" lon="-79.4119680">
    <ele>110.8</ele>
    <time>2024-07-27T10:40:28Z</time>
   </trkpt>
   <trkpt lat="43.6611380" lon="-79.4119870">
    <ele>110.7</ele>
    <time>2024-07-27T10:40:29Z</time>
   </trkpt>
   <trkpt lat="43.6611290" lon="-79.4120270">
    <ele>110.7</ele>
    <time>2024-07-27T10:40:30Z</time>
   </trkpt>
   <trkpt lat="43.6611190" lon="-79.4120690">
    <ele>110.7</ele>
    <time>2024-07-27T10:40:31Z</time>
   </trkpt>
   <trkpt lat="43.6611140" lon="-79.4120800">
    <ele>110.7</ele>
    <time>2024-07-27T10:40:32Z</time>
   </trkpt>
   <trkpt lat="43.6611080" lon="-79.4121210">
    <ele>110.7</ele>
    <time>2024-07-27T10:40:33Z</time>
   </trkpt>
   <trkpt lat="43.6610970" lon="-79.4121650">
    <ele>110.7</ele>
    <time>2024-07-27T10:40:34Z</time>
   </trkpt>
   <trkpt lat="43.6610950" lon="-79.4121790">
    <ele>110.7</ele>
    <time>2024-07-27T10:40:35Z</time>
   </trkpt>
   <trkpt lat="43.6610930" lon="-79.4122210">
    <ele>110.7</ele>
    <time>2024-07-27T10:40:36Z</time>
   </trkpt>
   <trkpt lat="43.6610890" lon="-79.4122350">
    <ele>110.7</ele>
    <time>2024-07-27T10:40:37Z</time>
   </trkpt>
   <trkpt lat="43.6610840" lon="-79.4122870">
    <ele>110.7</ele>
    <time>2024-07-27T10:40:38Z</time>
   </trkpt>
   <trkpt lat="43.6610780" lon="-79.4123160">
    <ele>110.7</ele>
    <time>2024-07-27T10:40:39Z</time>
   </trkpt>
   <trkpt lat="43.6610860" lon="-79.4123390">
    <ele>110.7</ele>
    <time>2024-07-27T10:40:40Z</time>
   </trkpt>
   <trkpt lat="43.6610760" lon="-79.4123590">
    <ele>110.7</ele>
    <time>2024-07-27T10:40:41Z</time>
   </trkpt>
   <trkpt lat="43.6610720" lon="-79.4124090">
    <ele>110.7</ele>
    <time>2024-07-27T10:40:42Z</time>
   </trkpt>
   <trkpt lat="43.6610690" lon="-79.4124270">
    <ele>110.7</ele>
    <time>2024-07-27T10:40:43Z</time>
   </trkpt>
   <trkpt lat="43.6610440" lon="-79.4125020">
    <ele>110.7</ele>
    <time>2024-07-27T10:40:44Z</time>
   </trkpt>
   <trkpt lat="43.6610250" lon="-79.4125420">
    <ele>110.7</ele>
    <time>2024-07-27T10:40:45Z</time>
   </trkpt>
   <trkpt lat="43.6610140" lon="-79.4125500">
    <ele>110.7</ele>
    <time>2024-07-27T10:40:46Z</time>
   </trkpt>
   <trkpt lat="43.6610100" lon="-79.4125750">
    <ele>110.6</ele>
    <time>2024-07-27T10:40:47Z</time>
   </trkpt>
   <trkpt lat="43.6610080" lon="-79.4126160">
    <ele>110.6</ele>
    <time>2024-07-27T10:40:48Z</time>
   </trkpt>
   <trkpt lat="43.6610040" lon="-79.4126310">
    <ele>110.6</ele>
    <time>2024-07-27T10:40:49Z</time>
   </trkpt>
   <trkpt lat="43.6609990" lon="-79.4126710">
    <ele>110.6</ele>
    <time>2024-07-27T10:40:50Z</time>
   </trkpt>
   <trkpt lat="43.6609950" lon="-79.4126880">
    <ele>110.6</ele>
    <time>2024-07-27T10:40:51Z</time>
   </trkpt>
   <trkpt lat="43.6609800" lon="-79.4127270">
    <ele>110.6</ele>
    <time>2024-07-27T10:40:52Z</time>
   </trkpt>
   <trkpt lat="43.6609790" lon="-79.4127740">
    <ele>110.6</ele>
    <time>2024-07-27T10:40:53Z</time>
   </trkpt>
   <trkpt lat="43.6609770" lon="-79.4127950">
    <ele>110.6</ele>
    <time>2024-07-27T10:40:54Z</time>
   </trkpt>
   <trkpt lat="43.6609790" lon="-79.4128420">
    <ele>110.6</ele>
    <time>2024-07-27T10:40:55Z</time>
   </trkpt>
   <trkpt lat="43.6609780" lon="-79.4128610">
    <ele>110.6</ele>
    <time>2024-07-27T10:40:56Z</time>
   </trkpt>
   <trkpt lat="43.6609560" lon="-79.4129070">
    <ele>110.6</ele>
    <time>2024-07-27T10:40:57Z</time>
   </trkpt>
   <trkpt lat="43.6609520" lon="-79.4129250">
    <ele>110.6</ele>
    <time>2024-07-27T10:40:58Z</time>
   </trkpt>
   <trkpt lat="43.6609460" lon="-79.4129680">
    <ele>110.6</ele>
    <time>2024-07-27T10:40:59Z</time>
   </trkpt>
   <trkpt lat="43.6609490" lon="-79.4129820">
    <ele>110.6</ele>
    <time>2024-07-27T10:41:00Z</time>
   </trkpt>
   <trkpt lat="43.6609510" lon="-79.4130300">
    <ele>110.6</ele>
    <time>2024-07-27T10:41:01Z</time>
   </trkpt>
   <trkpt lat="43.6609490" lon="-79.4130460">
    <ele>110.6</ele>
    <time>2024-07-27T10:41:02Z</time>
   </trkpt>
   <trkpt lat="43.6609260" lon="-79.4130830">
    <ele>110.6</ele>
    <time>2024-07-27T10:41:03Z</time>
   </trkpt>
   <trkpt lat="43.6609110" lon="-79.4131260">
    <ele>110.6</ele>
    <time>2024-07-27T10:41:04Z</time>
   </trkpt>
   <trkpt lat="43.6609050" lon="-79.4131470">
    <ele>110.6</ele>
    <time>2024-07-27T10:41:05Z</time>
   </trkpt>
   <trkpt lat="43.6609110" lon="-79.4131610">
    <ele>110.6</ele>
    <time>2024-07-27T10:41:06Z</time>
   </trkpt>
   <trkpt lat="43.6609010" lon="-79.4131840">
    <ele>110.6</ele>
    <time>2024-07-27T10:41:07Z</time>
   </trkpt>
   <trkpt lat="43.6608920" lon="-79.4132350">
    <ele>110.6</ele>
    <time>2024-07-27T10:41:08Z</time>
   </trkpt>
   <trkpt lat="43.6608890" lon="-79.4132520">
    <ele>110.6</ele>
    <time>2024-07-27T10:41:09Z</time>
   </trkpt>
   <trkpt lat="43.6608740" lon="-79.4132890">
    <ele>110.6</ele>
    <time>2024-07-27T10:41:10Z</time>
   </trkpt>
   <trkpt lat="43.6608670" lon="-79.4133360">
    <ele>110.6</ele>
    <time>2024-07-27T10:41:11Z</time>
   </trkpt>
   <trkpt lat="43.6608680" lon="-79.4133550">
    <ele>110.6</ele>
    <time>2024-07-27T10:41:12Z</time>
   </trkpt>
   <trkpt lat="43.6608620" lon="-79.4134090">
    <ele>110.6</ele>
    <time>2024-07-27T10:41:13Z</time>
   </trkpt>
   <trkpt lat="43.6608510" lon="-79.4134450">
    <ele>110.6</ele>
    <time>2024-07-27T10:41:14Z</time>
   </trkpt>
   <trkpt lat="43.6608400" lon="-79.4134560">
    <ele>110.6</ele>
    <time>2024-07-27T10:41:15Z</time>
   </trkpt>
   <trkpt lat="43.6608340" lon="-79.4134900">
    <ele>110.6</ele>
    <time>2024-07-27T10:41:16Z</time>
   </trkpt>
   <trkpt lat="43.6608290" lon="-79.4135060">
    <ele>110.6</ele>
    <time>2024-07-27T10:41:17Z</time>
   </trkpt>
   <trkpt lat="43.6608240" lon="-79.4135230">
    <ele>110.6</ele>
    <time>2024-07-27T10:41:18Z</time>
   </trkpt>
   <trkpt lat="43.6608160" lon="-79.4135600">
    <ele>110.5</ele>
    <time>2024-07-27T10:41:19Z</time>
   </trkpt>
   <trkpt lat="43.6608100" lon="-79.4135700">
    <ele>110.5</ele>
    <time>2024-07-27T10:41:20Z</time>
   </trkpt>
   <trkpt lat="43.6608000" lon="-79.4136070">
    <ele>110.5</ele>
    <time>2024-07-27T10:41:21Z</time>
   </trkpt>
   <trkpt lat="43.6607890" lon="-79.4136510">
    <ele>110.5</ele>
    <time>2024-07-27T10:41:22Z</time>
   </trkpt>
   <trkpt lat="43.6607950" lon="-79.4136680">
    <ele>110.5</ele>
    <time>2024-07-27T10:41:23Z</time>
   </trkpt>
   <trkpt lat="43.6607900" lon="-79.4136990">
    <ele>110.5</ele>
    <time>2024-07-27T10:41:24Z</time>
   </trkpt>
   <trkpt lat="43.6607860" lon="-79.4137190">
    <ele>110.5</ele>
    <time>2024-07-27T10:41:25Z</time>
   </trkpt>
   <trkpt lat="43.6607820" lon="-79.4137590">
    <ele>110.5</ele>
    <time>2024-07-27T10:41:26Z</time>
   </trkpt>
   <trkpt lat="43.6607670" lon="-79.4138060">
    <ele>110.5</ele>
    <time>2024-07-27T10:41:27Z</time>
   </trkpt>
   <trkpt lat="43.6607660" lon="-79.4138500">
    <ele>110.5</ele>
    <time>2024-07-27T10:41:28Z</time>
   </trkpt>
   <trkpt lat="43.6607510" lon="-79.4139030">
    <ele>110.5</ele>
    <time>2024-07-27T10:41:29Z</time>
   </trkpt>
   <trkpt lat="43.6607430" lon="-79.4139290">
    <ele>110.4</ele>
    <time>2024-07-27T10:41:30Z</time>
   </trkpt>
   <trkpt lat="43.6607340" lon="-79.4139650">
    <ele>110.4</ele>
    <time>2024-07-27T10:41:31Z</time>
   </trkpt>
   <trkpt lat="43.6607230" lon="-79.4140120">
    <ele>110.4</ele>
    <time>2024-07-27T10:41:32Z</time>
   </trkpt>
   <trkpt lat="43.6607180" lon="-79.4140260">
    <ele>110.4</ele>
    <time>2024-07-27T10:41:33Z</time>
   </trkpt>
   <trkpt lat="43.6607090" lon="-79.4140700">
    <ele>110.4</ele>
    <time>2024-07-27T10:41:34Z</time>
   </trkpt>
   <trkpt lat="43.6607070" lon="-79.4140870">
    <ele>110.4</ele>
    <time>2024-07-27T10:41:35Z</time>
   </trkpt>
   <trkpt lat="43.6607080" lon="-79.4141360">
    <ele>110.4</ele>
    <time>2024-07-27T10:41:36Z</time>
   </trkpt>
   <trkpt lat="43.6607100" lon="-79.4141520">
    <ele>110.4</ele>
    <time>2024-07-27T10:41:37Z</time>
   </trkpt>
   <trkpt lat="43.6607040" lon="-79.4141910">
    <ele>110.4</ele>
    <time>2024-07-27T10:41:38Z</time>
   </trkpt>
   <trkpt lat="43.6606820" lon="-79.4142290">
    <ele>110.4</ele>
    <time>2024-07-27T10:41:39Z</time>
   </trkpt>
   <trkpt lat="43.6606810" lon="-79.4142730">
    <ele>110.4</ele>
    <time>2024-07-27T10:41:40Z</time>
   </trkpt>
   <trkpt lat="43.6606810" lon="-79.4142900">
    <ele>110.4</ele>
    <time>2024-07-27T10:41:41Z</time>
   </trkpt>
   <trkpt lat="43.6606700" lon="-79.4143340">
    <ele>110.3</ele>
    <time>2024-07-27T10:41:42Z</time>
   </trkpt>
   <trkpt lat="43.6606690" lon="-79.4143490">
    <ele>110.3</ele>
    <time>2024-07-27T10:41:43Z</time>
   </trkpt>
   <trkpt lat="43.6606530" lon="-79.4143900">
    <ele>110.3</ele>
    <time>2024-07-27T10:41:44Z</time>
   </trkpt>
   <trkpt lat="43.6606490" lon="-79.4144080">
    <ele>110.3</ele>
    <time>2024-07-27T10:41:45Z</time>
   </trkpt>
   <trkpt lat="43.6606430" lon="-79.4144490">
    <ele>110.3</ele>
    <time>2024-07-27T10:41:46Z</time>
   </trkpt>
   <trkpt lat="43.6606410" lon="-79.4144680">
    <ele>110.3</ele>
    <time>2024-07-27T10:41:47Z</time>
   </trkpt>
   <trkpt lat="43.6606360" lon="-79.4145070">
    <ele>110.3</ele>
    <time>2024-07-27T10:41:48Z</time>
   </trkpt>
   <trkpt lat="43.6606210" lon="-79.4145410">
    <ele>110.3</ele>
    <time>2024-07-27T10:41:49Z</time>
   </trkpt>
   <trkpt lat="43.6606180" lon="-79.4145520">
    <ele>110.3</ele>
    <time>2024-07-27T10:41:50Z</time>
   </trkpt>
   <trkpt lat="43.6606120" lon="-79.4145970">
    <ele>110.3</ele>
    <time>2024-07-27T10:41:51Z</time>
   </trkpt>
   <trkpt lat="43.6606100" lon="-79.4146170">
    <ele>110.3</ele>
    <time>2024-07-27T10:41:52Z</time>
   </trkpt>
   <trkpt lat="43.6605960" lon="-79.4146590">
    <ele>110.3</ele>
    <time>2024-07-27T10:41:53Z</time>
   </trkpt>
   <trkpt lat="43.6605920" lon="-79.4146820">
    <ele>110.3</ele>
    <time>2024-07-27T10:41:54Z</time>
   </trkpt>
   <trkpt lat="43.6605890" lon="-79.4147010">
    <ele>110.3</ele>
    <time>2024-07-27T10:41:55Z</time>
   </trkpt>
   <trkpt lat="43.6605770" lon="-79.4147580">
    <ele>110.3</ele>
    <time>2024-07-27T10:41:56Z</time>
   </trkpt>
   <trkpt lat="43.6605720" lon="-79.4147810">
    <ele>110.3</ele>
    <time>2024-07-27T10:41:57Z</time>
   </trkpt>
   <trkpt lat="43.6605710" lon="-79.4148210">
    <ele>110.3</ele>
    <time>2024-07-27T10:41:58Z</time>
   </trkpt>
   <trkpt lat="43.6605700" lon="-79.4148380">
    <ele>110.3</ele>
    <time>2024-07-27T10:41:59Z</time>
   </trkpt>
   <trkpt lat="43.6605550" lon="-79.4148900">
    <ele>110.4</ele>
    <time>2024-07-27T10:42:00Z</time>
   </trkpt>
   <trkpt lat="43.6605500" lon="-79.4149080">
    <ele>110.4</ele>
    <time>2024-07-27T10:42:01Z</time>
   </trkpt>
   <trkpt lat="43.6605720" lon="-79.4149310">
    <ele>110.4</ele>
    <time>2024-07-27T10:42:02Z</time>
   </trkpt>
   <trkpt lat="43.6605610" lon="-79.4149670">
    <ele>110.4</ele>
    <time>2024-07-27T10:42:03Z</time>
   </trkpt>
   <trkpt lat="43.6605520" lon="-79.4150100">
    <ele>110.4</ele>
    <time>2024-07-27T10:42:04Z</time>
   </trkpt>
   <trkpt lat="43.6605380" lon="-79.4150590">
    <ele>110.4</ele>
    <time>2024-07-27T10:42:05Z</time>
   </trkpt>
   <trkpt lat="43.6605360" lon="-79.4150740">
    <ele>110.4</ele>
    <time>2024-07-27T10:42:06Z</time>
   </trkpt>
   <trkpt lat="43.6605250" lon="-79.4151160">
    <ele>110.5</ele>
    <time>2024-07-27T10:42:07Z</time>
   </trkpt>
   <trkpt lat="43.6605190" lon="-79.4151360">
    <ele>110.5</ele>
    <time>2024-07-27T10:42:08Z</time>
   </trkpt>
   <trkpt lat="43.6605050" lon="-79.4151840">
    <ele>110.5</ele>
    <time>2024-07-27T10:42:09Z</time>
   </trkpt>
   <trkpt lat="43.6604970" lon="-79.4152000">
    <ele>110.5</ele>
    <time>2024-07-27T10:42:10Z</time>
   </trkpt>
   <trkpt lat="43.6604860" lon="-79.4152460">
    <ele>110.6</ele>
    <time>2024-07-27T10:42:11Z</time>
   </trkpt>
   <trkpt lat="43.6604740" lon="-79.4152670">
    <ele>110.6</ele>
    <time>2024-07-27T10:42:12Z</time>
   </trkpt>
   <trkpt lat="43.6604590" lon="-79.4153100">
    <ele>110.6</ele>
    <time>2024-07-27T10:42:13Z</time>
   </trkpt>
   <trkpt lat="43.6604560" lon="-79.4153310">
    <ele>110.6</ele>
    <time>2024-07-27T10:42:14Z</time>
   </trkpt>
   <trkpt lat="43.6604630" lon="-79.4153730">
    <ele>110.7</ele>
    <time>2024-07-27T10:42:15Z</time>
   </trkpt>
   <trkpt lat="43.6604650" lon="-79.4153860">
    <ele>110.7</ele>
    <time>2024-07-27T10:42:16Z</time>
   </trkpt>
   <trkpt lat="43.6604460" lon="-79.4154370">
    <ele>110.7</ele>
    <time>2024-07-27T10:42:17Z</time>
   </trkpt>
   <trkpt lat="43.6604380" lon="-79.4154590">
    <ele>110.7</ele>
    <time>2024-07-27T10:42:18Z</time>
   </trkpt>
   <trkpt lat="43.6604440" lon="-79.4155100">
    <ele>110.8</ele>
    <time>2024-07-27T10:42:19Z</time>
   </trkpt>
   <trkpt lat="43.6604410" lon="-79.4155290">
    <ele>110.8</ele>
    <time>2024-07-27T10:42:20Z</time>
   </trkpt>
   <trkpt lat="43.6604300" lon="-79.4155680">
    <ele>110.8</ele>
    <time>2024-07-27T10:42:21Z</time>
   </trkpt>
   <trkpt lat="43.6604260" lon="-79.4156170">
    <ele>110.8</ele>
    <time>2024-07-27T10:42:22Z</time>
   </trkpt>
   <trkpt lat="43.6604250" lon="-79.4156300">
    <ele>110.8</ele>
    <time>2024-07-27T10:42:23Z</time>
   </trkpt>
   <trkpt lat="43.6604230" lon="-79.4156630">
    <ele>110.9</ele>
    <time>2024-07-27T10:42:24Z</time>
   </trkpt>
   <trkpt lat="43.6604400" lon="-79.4156740">
    <ele>110.9</ele>
    <time>2024-07-27T10:42:25Z</time>
   </trkpt>
   <trkpt lat="43.6604270" lon="-79.4157240">
    <ele>110.9</ele>
    <time>2024-07-27T10:42:26Z</time>
   </trkpt>
   <trkpt lat="43.6604250" lon="-79.4157460">
    <ele>110.9</ele>
    <time>2024-07-27T10:42:27Z</time>
   </trkpt>
   <trkpt lat="43.6603920" lon="-79.4157730">
    <ele>110.9</ele>
    <time>2024-07-27T10:42:28Z</time>
   </trkpt>
   <trkpt lat="43.6603770" lon="-79.4158310">
    <ele>110.9</ele>
    <time>2024-07-27T10:42:29Z</time>
   </trkpt>
   <trkpt lat="43.6603610" lon="-79.4158710">
    <ele>110.9</ele>
    <time>2024-07-27T10:42:30Z</time>
   </trkpt>
   <trkpt lat="43.6603570" lon="-79.4158890">
    <ele>110.9</ele>
    <time>2024-07-27T10:42:31Z</time>
   </trkpt>
   <trkpt lat="43.6603520" lon="-79.4159450">
    <ele>110.9</ele>
    <time>2024-07-27T10:42:32Z</time>
   </trkpt>
   <trkpt lat="43.6603520" lon="-79.4159650">
    <ele>110.9</ele>
    <time>2024-07-27T10:42:33Z</time>
   </trkpt>
   <trkpt lat="43.6603420" lon="-79.4160070">
    <ele>110.8</ele>
    <time>2024-07-27T10:42:34Z</time>
   </trkpt>
   <trkpt lat="43.6603350" lon="-79.4160220">
    <ele>110.8</ele>
    <time>2024-07-27T10:42:35Z</time>
   </trkpt>
   <trkpt lat="43.6603170" lon="-79.4160650">
    <ele>110.8</ele>
    <time>2024-07-27T10:42:36Z</time>
   </trkpt>
   <trkpt lat="43.6603110" lon="-79.4160840">
    <ele>110.8</ele>
    <time>2024-07-27T10:42:37Z</time>
   </trkpt>
   <trkpt lat="43.6602960" lon="-79.4161310">
    <ele>110.7</ele>
    <time>2024-07-27T10:42:38Z</time>
   </trkpt>
   <trkpt lat="43.6602910" lon="-79.4161460">
    <ele>110.7</ele>
    <time>2024-07-27T10:42:39Z</time>
   </trkpt>
   <trkpt lat="43.6602880" lon="-79.4161880">
    <ele>110.7</ele>
    <time>2024-07-27T10:42:40Z</time>
   </trkpt>
   <trkpt lat="43.6602890" lon="-79.4162040">
    <ele>110.7</ele>
    <time>2024-07-27T10:42:41Z</time>
   </trkpt>
   <trkpt lat="43.6602870" lon="-79.4162470">
    <ele>110.6</ele>
    <time>2024-07-27T10:42:42Z</time>
   </trkpt>
   <trkpt lat="43.6602840" lon="-79.4162600">
    <ele>110.6</ele>
    <time>2024-07-27T10:42:43Z</time>
   </trkpt>
   <trkpt lat="43.6602720" lon="-79.4163070">
    <ele>110.6</ele>
    <time>2024-07-27T10:42:44Z</time>
   </trkpt>
   <trkpt lat="43.6602690" lon="-79.4163190">
    <ele>110.6</ele>
    <time>2024-07-27T10:42:45Z</time>
   </trkpt>
   <trkpt lat="43.6602560" lon="-79.4163590">
    <ele>110.5</ele>
    <time>2024-07-27T10:42:46Z</time>
   </trkpt>
   <trkpt lat="43.6602540" lon="-79.4163670">
    <ele>110.5</ele>
    <time>2024-07-27T10:42:47Z</time>
   </trkpt>
   <trkpt lat="43.6602460" lon="-79.4164110">
    <ele>110.4</ele>
    <time>2024-07-27T10:42:48Z</time>
   </trkpt>
   <trkpt lat="43.6602420" lon="-79.4164610">
    <ele>110.4</ele>
    <time>2024-07-27T10:42:49Z</time>
   </trkpt>
   <trkpt lat="43.6602400" lon="-79.4164740">
    <ele>110.4</ele>
    <time>2024-07-27T10:42:50Z</time>
   </trkpt>
   <trkpt lat="43.6602290" lon="-79.4165250">
    <ele>110.3</ele>
    <time>2024-07-27T10:42:51Z</time>
   </trkpt>
   <trkpt lat="43.6602280" lon="-79.4165430">
    <ele>110.3</ele>
    <time>2024-07-27T10:42:52Z</time>
   </trkpt>
   <trkpt lat="43.6602100" lon="-79.4165890">
    <ele>110.2</ele>
    <time>2024-07-27T10:42:53Z</time>
   </trkpt>
   <trkpt lat="43.6602010" lon="-79.4166270">
    <ele>110.2</ele>
    <time>2024-07-27T10:42:54Z</time>
   </trkpt>
   <trkpt lat="43.6601920" lon="-79.4166660">
    <ele>110.2</ele>
    <time>2024-07-27T10:42:55Z</time>
   </trkpt>
   <trkpt lat="43.6601860" lon="-79.4166810">
    <ele>110.1</ele>
    <time>2024-07-27T10:42:56Z</time>
   </trkpt>
   <trkpt lat="43.6601180" lon="-79.4167490">
    <ele>110.0</ele>
    <time>2024-07-27T10:42:57Z</time>
   </trkpt>
   <trkpt lat="43.6601190" lon="-79.4167800">
    <ele>110.0</ele>
    <time>2024-07-27T10:42:58Z</time>
   </trkpt>
   <trkpt lat="43.6601220" lon="-79.4167960">
    <ele>110.0</ele>
    <time>2024-07-27T10:42:59Z</time>
   </trkpt>
   <trkpt lat="43.6601250" lon="-79.4168120">
    <ele>109.9</ele>
    <time>2024-07-27T10:43:00Z</time>
   </trkpt>
   <trkpt lat="43.6601300" lon="-79.4168470">
    <ele>109.9</ele>
    <time>2024-07-27T10:43:01Z</time>
   </trkpt>
   <trkpt lat="43.6601270" lon="-79.4168630">
    <ele>109.9</ele>
    <time>2024-07-27T10:43:02Z</time>
   </trkpt>
   <trkpt lat="43.6601250" lon="-79.4168920">
    <ele>109.8</ele>
    <time>2024-07-27T10:43:03Z</time>
   </trkpt>
   <trkpt lat="43.6601200" lon="-79.4169070">
    <ele>109.8</ele>
    <time>2024-07-27T10:43:04Z</time>
   </trkpt>
   <trkpt lat="43.6601140" lon="-79.4169230">
    <ele>109.7</ele>
    <time>2024-07-27T10:43:05Z</time>
   </trkpt>
   <trkpt lat="43.6601000" lon="-79.4169690">
    <ele>109.6</ele>
    <time>2024-07-27T10:43:06Z</time>
   </trkpt>
   <trkpt lat="43.6600950" lon="-79.4169900">
    <ele>109.6</ele>
    <time>2024-07-27T10:43:07Z</time>
   </trkpt>
   <trkpt lat="43.6600860" lon="-79.4170360">
    <ele>109.5</ele>
    <time>2024-07-27T10:43:08Z</time>
   </trkpt>
   <trkpt lat="43.6600860" lon="-79.4170520">
    <ele>109.5</ele>
    <time>2024-07-27T10:43:09Z</time>
   </trkpt>
   <trkpt lat="43.6600800" lon="-79.4170980">
    <ele>109.4</ele>
    <time>2024-07-27T10:43:10Z</time>
   </trkpt>
   <trkpt lat="43.6600700" lon="-79.4171440">
    <ele>109.4</ele>
    <time>2024-07-27T10:43:11Z</time>
   </trkpt>
   <trkpt lat="43.6600660" lon="-79.4171590">
    <ele>109.3</ele>
    <time>2024-07-27T10:43:12Z</time>
   </trkpt>
   <trkpt lat="43.6600620" lon="-79.4172060">
    <ele>109.2</ele>
    <time>2024-07-27T10:43:13Z</time>
   </trkpt>
   <trkpt lat="43.6600560" lon="-79.4172240">
    <ele>109.2</ele>
    <time>2024-07-27T10:43:14Z</time>
   </trkpt>
   <trkpt lat="43.6600560" lon="-79.4172700">
    <ele>109.1</ele>
    <time>2024-07-27T10:43:15Z</time>
   </trkpt>
   <trkpt lat="43.6600560" lon="-79.4172830">
    <ele>109.1</ele>
    <time>2024-07-27T10:43:16Z</time>
   </trkpt>
   <trkpt lat="43.6600500" lon="-79.4173290">
    <ele>109.0</ele>
    <time>2024-07-27T10:43:17Z</time>
   </trkpt>
   <trkpt lat="43.6600450" lon="-79.4173440">
    <ele>109.0</ele>
    <time>2024-07-27T10:43:18Z</time>
   </trkpt>
   <trkpt lat="43.6600410" lon="-79.4173830">
    <ele>108.9</ele>
    <time>2024-07-27T10:43:19Z</time>
   </trkpt>
   <trkpt lat="43.6600420" lon="-79.4174330">
    <ele>108.8</ele>
    <time>2024-07-27T10:43:20Z</time>
   </trkpt>
   <trkpt lat="43.6600400" lon="-79.4174460">
    <ele>108.7</ele>
    <time>2024-07-27T10:43:21Z</time>
   </trkpt>
   <trkpt lat="43.6600250" lon="-79.4174840">
    <ele>108.6</ele>
    <time>2024-07-27T10:43:22Z</time>
   </trkpt>
   <trkpt lat="43.6600200" lon="-79.4174950">
    <ele>108.6</ele>
    <time>2024-07-27T10:43:23Z</time>
   </trkpt>
   <trkpt lat="43.6600170" lon="-79.4174990">
    <ele>108.6</ele>
    <time>2024-07-27T10:43:24Z</time>
   </trkpt>
   <trkpt lat="43.6600140" lon="-79.4174700">
    <ele>108.6</ele>
    <time>2024-07-27T10:43:25Z</time>
   </trkpt>
   <trkpt lat="43.6600040" lon="-79.4174720">
    <ele>108.6</ele>
    <time>2024-07-27T10:43:26Z</time>
   </trkpt>
   <trkpt lat="43.6600010" lon="-79.4174700">
    <ele>108.6</ele>
    <time>2024-07-27T10:43:27Z</time>
   </trkpt>
   <trkpt lat="43.6600080" lon="-79.4174740">
    <ele>108.6</ele>
    <time>2024-07-27T10:43:28Z</time>
   </trkpt>
   <trkpt lat="43.6599980" lon="-79.4174920">
    <ele>108.5</ele>
    <time>2024-07-27T10:43:29Z</time>
   </trkpt>
   <trkpt lat="43.6600010" lon="-79.4174740">
    <ele>108.5</ele>
    <time>2024-07-27T10:43:30Z</time>
   </trkpt>
   <trkpt lat="43.6599940" lon="-79.4174750">
    <ele>108.5</ele>
    <time>2024-07-27T10:43:31Z</time>
   </trkpt>
   <trkpt lat="43.6599910" lon="-79.4174840">
    <ele>108.5</ele>
    <time>2024-07-27T10:43:32Z</time>
   </trkpt>
   <trkpt lat="43.6599780" lon="-79.4174720">
    <ele>108.5</ele>
    <time>2024-07-27T10:43:33Z</time>
   </trkpt>
   <trkpt lat="43.6599680" lon="-79.4174630">
    <ele>108.5</ele>
    <time>2024-07-27T10:43:34Z</time>
   </trkpt>
   <trkpt lat="43.6599630" lon="-79.4174690">
    <ele>108.5</ele>
    <time>2024-07-27T10:43:35Z</time>
   </trkpt>
   <trkpt lat="43.6599410" lon="-79.4174520">
    <ele>108.4</ele>
    <time>2024-07-27T10:43:36Z</time>
   </trkpt>
   <trkpt lat="43.6599230" lon="-79.4174490">
    <ele>108.4</ele>
    <time>2024-07-27T10:43:37Z</time>
   </trkpt>
   <trkpt lat="43.6598910" lon="-79.4174330">
    <ele>108.4</ele>
    <time>2024-07-27T10:43:38Z</time>
   </trkpt>
   <trkpt lat="43.6598610" lon="-79.4174210">
    <ele>108.4</ele>
    <time>2024-07-27T10:43:39Z</time>
   </trkpt>
   <trkpt lat="43.6598500" lon="-79.4174180">
    <ele>108.4</ele>
    <time>2024-07-27T10:43:40Z</time>
   </trkpt>
   <trkpt lat="43.6598130" lon="-79.4174130">
    <ele>108.4</ele>
    <time>2024-07-27T10:43:41Z</time>
   </trkpt>
   <trkpt lat="43.6598000" lon="-79.4174040">
    <ele>108.4</ele>
    <time>2024-07-27T10:43:42Z</time>
   </trkpt>
   <trkpt lat="43.6597730" lon="-79.4173980">
    <ele>108.4</ele>
    <time>2024-07-27T10:43:43Z</time>
   </trkpt>
   <trkpt lat="43.6597410" lon="-79.4173730">
    <ele>108.4</ele>
    <time>2024-07-27T10:43:44Z</time>
   </trkpt>
   <trkpt lat="43.6597240" lon="-79.4173630">
    <ele>108.4</ele>
    <time>2024-07-27T10:43:45Z</time>
   </trkpt>
   <trkpt lat="43.6597100" lon="-79.4173470">
    <ele>108.4</ele>
    <time>2024-07-27T10:43:46Z</time>
   </trkpt>
   <trkpt lat="43.6596810" lon="-79.4173550">
    <ele>108.4</ele>
    <time>2024-07-27T10:43:47Z</time>
   </trkpt>
   <trkpt lat="43.6596460" lon="-79.4173370">
    <ele>108.4</ele>
    <time>2024-07-27T10:43:48Z</time>
   </trkpt>
   <trkpt lat="43.6596330" lon="-79.4173350">
    <ele>108.4</ele>
    <time>2024-07-27T10:43:49Z</time>
   </trkpt>
   <trkpt lat="43.6595980" lon="-79.4173310">
    <ele>108.4</ele>
    <time>2024-07-27T10:43:50Z</time>
   </trkpt>
   <trkpt lat="43.6595880" lon="-79.4173340">
    <ele>108.4</ele>
    <time>2024-07-27T10:43:51Z</time>
   </trkpt>
   <trkpt lat="43.6595650" lon="-79.4173120">
    <ele>108.4</ele>
    <time>2024-07-27T10:43:52Z</time>
   </trkpt>
   <trkpt lat="43.6595330" lon="-79.4172930">
    <ele>108.5</ele>
    <time>2024-07-27T10:43:53Z</time>
   </trkpt>
   <trkpt lat="43.6595220" lon="-79.4172860">
    <ele>108.5</ele>
    <time>2024-07-27T10:43:54Z</time>
   </trkpt>
   <trkpt lat="43.6594930" lon="-79.4172690">
    <ele>108.5</ele>
    <time>2024-07-27T10:43:55Z</time>
   </trkpt>
   <trkpt lat="43.6594810" lon="-79.4172670">
    <ele>108.5</ele>
    <time>2024-07-27T10:43:56Z</time>
   </trkpt>
   <trkpt lat="43.6594430" lon="-79.4172500">
    <ele>108.5</ele>
    <time>2024-07-27T10:43:57Z</time>
   </trkpt>
   <trkpt lat="43.6594300" lon="-79.4172470">
    <ele>108.5</ele>
    <time>2024-07-27T10:43:58Z</time>
   </trkpt>
   <trkpt lat="43.6593990" lon="-79.4172320">
    <ele>108.5</ele>
    <time>2024-07-27T10:43:59Z</time>
   </trkpt>
   <trkpt lat="43.6593880" lon="-79.4172260">
    <ele>108.5</ele>
    <time>2024-07-27T10:44:00Z</time>
   </trkpt>
   <trkpt lat="43.6593540" lon="-79.4172090">
    <ele>108.4</ele>
    <time>2024-07-27T10:44:01Z</time>
   </trkpt>
   <trkpt lat="43.6593420" lon="-79.4172000">
    <ele>108.4</ele>
    <time>2024-07-27T10:44:02Z</time>
   </trkpt>
   <trkpt lat="43.6593070" lon="-79.4171910">
    <ele>108.4</ele>
    <time>2024-07-27T10:44:03Z</time>
   </trkpt>
   <trkpt lat="43.6592960" lon="-79.4171870">
    <ele>108.4</ele>
    <time>2024-07-27T10:44:04Z</time>
   </trkpt>
   <trkpt lat="43.6592630" lon="-79.4171860">
    <ele>108.4</ele>
    <time>2024-07-27T10:44:05Z</time>
   </trkpt>
   <trkpt lat="43.6592520" lon="-79.4171850">
    <ele>108.4</ele>
    <time>2024-07-27T10:44:06Z</time>
   </trkpt>
   <trkpt lat="43.6592190" lon="-79.4171730">
    <ele>108.4</ele>
    <time>2024-07-27T10:44:07Z</time>
   </trkpt>
   <trkpt lat="43.6592080" lon="-79.4171670">
    <ele>108.4</ele>
    <time>2024-07-27T10:44:08Z</time>
   </trkpt>
   <trkpt lat="43.6591790" lon="-79.4171490">
    <ele>108.4</ele>
    <time>2024-07-27T10:44:09Z</time>
   </trkpt>
   <trkpt lat="43.6591730" lon="-79.4171490">
    <ele>108.3</ele>
    <time>2024-07-27T10:44:10Z</time>
   </trkpt>
   <trkpt lat="43.6591580" lon="-79.4171360">
    <ele>108.3</ele>
    <time>2024-07-27T10:44:11Z</time>
   </trkpt>
   <trkpt lat="43.6591440" lon="-79.4171300">
    <ele>108.3</ele>
    <time>2024-07-27T10:44:12Z</time>
   </trkpt>
   <trkpt lat="43.6591110" lon="-79.4171170">
    <ele>108.3</ele>
    <time>2024-07-27T10:44:13Z</time>
   </trkpt>
   <trkpt lat="43.6590540" lon="-79.4170900">
    <ele>108.3</ele>
    <time>2024-07-27T10:44:14Z</time>
   </trkpt>
   <trkpt lat="43.6590220" lon="-79.4170640">
    <ele>108.2</ele>
    <time>2024-07-27T10:44:15Z</time>
   </trkpt>
   <trkpt lat="43.6590030" lon="-79.4170340">
    <ele>108.2</ele>
    <time>2024-07-27T10:44:16Z</time>
   </trkpt>
   <trkpt lat="43.6589710" lon="-79.4170300">
    <ele>108.2</ele>
    <time>2024-07-27T10:44:17Z</time>
   </trkpt>
   <trkpt lat="43.6589580" lon="-79.4170320">
    <ele>108.2</ele>
    <time>2024-07-27T10:44:18Z</time>
   </trkpt>
   <trkpt lat="43.6589490" lon="-79.4170250">
    <ele>108.2</ele>
    <time>2024-07-27T10:44:19Z</time>
   </trkpt>
   <trkpt lat="43.6589330" lon="-79.4170120">
    <ele>108.2</ele>
    <time>2024-07-27T10:44:20Z</time>
   </trkpt>
   <trkpt lat="43.6589030" lon="-79.4170220">
    <ele>108.1</ele>
    <time>2024-07-27T10:44:21Z</time>
   </trkpt>
   <trkpt lat="43.6588950" lon="-79.4170180">
    <ele>108.1</ele>
    <time>2024-07-27T10:44:22Z</time>
   </trkpt>
   <trkpt lat="43.6588700" lon="-79.4170220">
    <ele>108.1</ele>
    <time>2024-07-27T10:44:23Z</time>
   </trkpt>
   <trkpt lat="43.6588580" lon="-79.4170210">
    <ele>108.1</ele>
    <time>2024-07-27T10:44:24Z</time>
   </trkpt>
   <trkpt lat="43.6588450" lon="-79.4170210">
    <ele>108.1</ele>
    <time>2024-07-27T10:44:25Z</time>
   </trkpt>
   <trkpt lat="43.6588100" lon="-79.4170130">
    <ele>108.1</ele>
    <time>2024-07-27T10:44:26Z</time>
   </trkpt>
   <trkpt lat="43.6587970" lon="-79.4170060">
    <ele>108.1</ele>
    <time>2024-07-27T10:44:27Z</time>
   </trkpt>
   <trkpt lat="43.6587650" lon="-79.4169950">
    <ele>108.1</ele>
    <time>2024-07-27T10:44:28Z</time>
   </trkpt>
   <trkpt lat="43.6587540" lon="-79.4169900">
    <ele>108.0</ele>
    <time>2024-07-27T10:44:29Z</time>
   </trkpt>
   <trkpt lat="43.6587260" lon="-79.4169670">
    <ele>108.0</ele>
    <time>2024-07-27T10:44:30Z</time>
   </trkpt>
   <trkpt lat="43.6586960" lon="-79.4169590">
    <ele>108.0</ele>
    <time>2024-07-27T10:44:31Z</time>
   </trkpt>
   <trkpt lat="43.6586600" lon="-79.4169570">
    <ele>108.0</ele>
    <time>2024-07-27T10:44:32Z</time>
   </trkpt>
   <trkpt lat="43.6586350" lon="-79.4169350">
    <ele>108.0</ele>
    <time>2024-07-27T10:44:33Z</time>
   </trkpt>
   <trkpt lat="43.6586270" lon="-79.4169320">
    <ele>108.0</ele>
    <time>2024-07-27T10:44:34Z</time>
   </trkpt>
   <trkpt lat="43.6585920" lon="-79.4169280">
    <ele>107.9</ele>
    <time>2024-07-27T10:44:35Z</time>
   </trkpt>
   <trkpt lat="43.6585560" lon="-79.4169210">
    <ele>107.9</ele>
    <time>2024-07-27T10:44:36Z</time>
   </trkpt>
   <trkpt lat="43.6585280" lon="-79.4169230">
    <ele>107.9</ele>
    <time>2024-07-27T10:44:37Z</time>
   </trkpt>
   <trkpt lat="43.6585090" lon="-79.4169320">
    <ele>107.9</ele>
    <time>2024-07-27T10:44:38Z</time>
   </trkpt>
   <trkpt lat="43.6584730" lon="-79.4169000">
    <ele>107.9</ele>
    <time>2024-07-27T10:44:39Z</time>
   </trkpt>
   <trkpt lat="43.6584560" lon="-79.4168890">
    <ele>107.9</ele>
    <time>2024-07-27T10:44:40Z</time>
   </trkpt>
   <trkpt lat="43.6584280" lon="-79.4168770">
    <ele>107.9</ele>
    <time>2024-07-27T10:44:41Z</time>
   </trkpt>
   <trkpt lat="43.6584190" lon="-79.4168780">
    <ele>107.9</ele>
    <time>2024-07-27T10:44:42Z</time>
   </trkpt>
   <trkpt lat="43.6583870" lon="-79.4168670">
    <ele>107.8</ele>
    <time>2024-07-27T10:44:43Z</time>
   </trkpt>
   <trkpt lat="43.6583750" lon="-79.4168570">
    <ele>107.8</ele>
    <time>2024-07-27T10:44:44Z</time>
   </trkpt>
   <trkpt lat="43.6583450" lon="-79.4168500">
    <ele>107.8</ele>
    <time>2024-07-27T10:44:45Z</time>
   </trkpt>
   <trkpt lat="43.6583330" lon="-79.4168480">
    <ele>107.8</ele>
    <time>2024-07-27T10:44:46Z</time>
   </trkpt>
   <trkpt lat="43.6583060" lon="-79.4168440">
    <ele>107.8</ele>
    <time>2024-07-27T10:44:47Z</time>
   </trkpt>
   <trkpt lat="43.6582970" lon="-79.4168420">
    <ele>107.8</ele>
    <time>2024-07-27T10:44:48Z</time>
   </trkpt>
   <trkpt lat="43.6582690" lon="-79.4168600">
    <ele>107.8</ele>
    <time>2024-07-27T10:44:49Z</time>
   </trkpt>
   <trkpt lat="43.6582390" lon="-79.4168780">
    <ele>107.8</ele>
    <time>2024-07-27T10:44:50Z</time>
   </trkpt>
   <trkpt lat="43.6582190" lon="-79.4168880">
    <ele>107.8</ele>
    <time>2024-07-27T10:44:51Z</time>
   </trkpt>
   <trkpt lat="43.6582080" lon="-79.4169030">
    <ele>107.8</ele>
    <time>2024-07-27T10:44:52Z</time>
   </trkpt>
   <trkpt lat="43.6581860" lon="-79.4168920">
    <ele>107.8</ele>
    <time>2024-07-27T10:44:53Z</time>
   </trkpt>
   <trkpt lat="43.6581550" lon="-79.4168770">
    <ele>107.8</ele>
    <time>2024-07-27T10:44:54Z</time>
   </trkpt>
   <trkpt lat="43.6581220" lon="-79.4168730">
    <ele>107.7</ele>
    <time>2024-07-27T10:44:55Z</time>
   </trkpt>
   <trkpt lat="43.6581040" lon="-79.4168630">
    <ele>107.7</ele>
    <time>2024-07-27T10:44:56Z</time>
   </trkpt>
   <trkpt lat="43.6580740" lon="-79.4168480">
    <ele>107.7</ele>
    <time>2024-07-27T10:44:57Z</time>
   </trkpt>
   <trkpt lat="43.6580590" lon="-79.4168360">
    <ele>107.7</ele>
    <time>2024-07-27T10:44:58Z</time>
   </trkpt>
   <trkpt lat="43.6580230" lon="-79.4168220">
    <ele>107.7</ele>
    <time>2024-07-27T10:44:59Z</time>
   </trkpt>
   <trkpt lat="43.6580120" lon="-79.4168190">
    <ele>107.7</ele>
    <time>2024-07-27T10:45:00Z</time>
   </trkpt>
   <trkpt lat="43.6579860" lon="-79.4168160">
    <ele>107.7</ele>
    <time>2024-07-27T10:45:01Z</time>
   </trkpt>
   <trkpt lat="43.6579760" lon="-79.4168130">
    <ele>107.7</ele>
    <time>2024-07-27T10:45:02Z</time>
   </trkpt>
   <trkpt lat="43.6579470" lon="-79.4168150">
    <ele>107.7</ele>
    <time>2024-07-27T10:45:03Z</time>
   </trkpt>
   <trkpt lat="43.6579370" lon="-79.4168210">
    <ele>107.7</ele>
    <time>2024-07-27T10:45:04Z</time>
   </trkpt>
   <trkpt lat="43.6579020" lon="-79.4168060">
    <ele>107.6</ele>
    <time>2024-07-27T10:45:05Z</time>
   </trkpt>
   <trkpt lat="43.6578880" lon="-79.4167940">
    <ele>107.6</ele>
    <time>2024-07-27T10:45:06Z</time>
   </trkpt>
   <trkpt lat="43.6578500" lon="-79.4167860">
    <ele>107.6</ele>
    <time>2024-07-27T10:45:07Z</time>
   </trkpt>
   <trkpt lat="43.6578140" lon="-79.4167790">
    <ele>107.6</ele>
    <time>2024-07-27T10:45:08Z</time>
   </trkpt>
   <trkpt lat="43.6578010" lon="-79.4167760">
    <ele>107.6</ele>
    <time>2024-07-27T10:45:09Z</time>
   </trkpt>
   <trkpt lat="43.6577700" lon="-79.4167700">
    <ele>107.5</ele>
    <time>2024-07-27T10:45:10Z</time>
   </trkpt>
   <trkpt lat="43.6577580" lon="-79.4167670">
    <ele>107.5</ele>
    <time>2024-07-27T10:45:11Z</time>
   </trkpt>
   <trkpt lat="43.6577270" lon="-79.4167500">
    <ele>107.5</ele>
    <time>2024-07-27T10:45:12Z</time>
   </trkpt>
   <trkpt lat="43.6577160" lon="-79.4167470">
    <ele>107.5</ele>
    <time>2024-07-27T10:45:13Z</time>
   </trkpt>
   <trkpt lat="43.6576890" lon="-79.4167260">
    <ele>107.5</ele>
    <time>2024-07-27T10:45:14Z</time>
   </trkpt>
   <trkpt lat="43.6576800" lon="-79.4167230">
    <ele>107.5</ele>
    <time>2024-07-27T10:45:15Z</time>
   </trkpt>
   <trkpt lat="43.6576560" lon="-79.4167010">
    <ele>107.4</ele>
    <time>2024-07-27T10:45:16Z</time>
   </trkpt>
   <trkpt lat="43.6575700" lon="-79.4166670">
    <ele>107.4</ele>
    <time>2024-07-27T10:45:17Z</time>
   </trkpt>
   <trkpt lat="43.6575620" lon="-79.4166770">
    <ele>107.4</ele>
    <time>2024-07-27T10:45:18Z</time>
   </trkpt>
   <trkpt lat="43.6575470" lon="-79.4166730">
    <ele>107.4</ele>
    <time>2024-07-27T10:45:19Z</time>
   </trkpt>
   <trkpt lat="43.6575310" lon="-79.4166690">
    <ele>107.4</ele>
    <time>2024-07-27T10:45:20Z</time>
   </trkpt>
   <trkpt lat="43.6574980" lon="-79.4166510">
    <ele>107.3</ele>
    <time>2024-07-27T10:45:21Z</time>
   </trkpt>
   <trkpt lat="43.6574710" lon="-79.4166470">
    <ele>107.3</ele>
    <time>2024-07-27T10:45:22Z</time>
   </trkpt>
   <trkpt lat="43.6574630" lon="-79.4166480">
    <ele>107.3</ele>
    <time>2024-07-27T10:45:23Z</time>
   </trkpt>
   <trkpt lat="43.6574580" lon="-79.4166510">
    <ele>107.3</ele>
    <time>2024-07-27T10:45:24Z</time>
   </trkpt>
   <trkpt lat="43.6574530" lon="-79.4166360">
    <ele>107.3</ele>
    <time>2024-07-27T10:45:25Z</time>
   </trkpt>
   <trkpt lat="43.6574370" lon="-79.4166330">
    <ele>107.3</ele>
    <time>2024-07-27T10:45:26Z</time>
   </trkpt>
   <trkpt lat="43.6574060" lon="-79.4166210">
    <ele>107.3</ele>
    <time>2024-07-27T10:45:27Z</time>
   </trkpt>
   <trkpt lat="43.6573950" lon="-79.4166190">
    <ele>107.3</ele>
    <time>2024-07-27T10:45:28Z</time>
   </trkpt>
   <trkpt lat="43.6573410" lon="-79.4165920">
    <ele>107.2</ele>
    <time>2024-07-27T10:45:29Z</time>
   </trkpt>
   <trkpt lat="43.6573090" lon="-79.4165720">
    <ele>107.2</ele>
    <time>2024-07-27T10:45:30Z</time>
   </trkpt>
   <trkpt lat="43.6572970" lon="-79.4165640">
    <ele>107.2</ele>
    <time>2024-07-27T10:45:31Z</time>
   </trkpt>
   <trkpt lat="43.6572660" lon="-79.4165570">
    <ele>107.2</ele>
    <time>2024-07-27T10:45:32Z</time>
   </trkpt>
   <trkpt lat="43.6572510" lon="-79.4165450">
    <ele>107.2</ele>
    <time>2024-07-27T10:45:33Z</time>
   </trkpt>
   <trkpt lat="43.6572220" lon="-79.4165210">
    <ele>107.1</ele>
    <time>2024-07-27T10:45:34Z</time>
   </trkpt>
   <trkpt lat="43.6572070" lon="-79.4165090">
    <ele>107.1</ele>
    <time>2024-07-27T10:45:35Z</time>
   </trkpt>
   <trkpt lat="43.6571970" lon="-79.4165040">
    <ele>107.1</ele>
    <time>2024-07-27T10:45:36Z</time>
   </trkpt>
   <trkpt lat="43.6571880" lon="-79.4164980">
    <ele>107.1</ele>
    <time>2024-07-27T10:45:37Z</time>
   </trkpt>
   <trkpt lat="43.6571580" lon="-79.4164810">
    <ele>107.1</ele>
    <time>2024-07-27T10:45:38Z</time>
   </trkpt>
   <trkpt lat="43.6571430" lon="-79.4164720">
    <ele>107.1</ele>
    <time>2024-07-27T10:45:39Z</time>
   </trkpt>
   <trkpt lat="43.6571130" lon="-79.4164720">
    <ele>107.1</ele>
    <time>2024-07-27T10:45:40Z</time>
   </trkpt>
   <trkpt lat="43.6570760" lon="-79.4164720">
    <ele>107.0</ele>
    <time>2024-07-27T10:45:41Z</time>
   </trkpt>
   <trkpt lat="43.6570320" lon="-79.4164540">
    <ele>107.0</ele>
    <time>2024-07-27T10:45:42Z</time>
   </trkpt>
   <trkpt lat="43.6570070" lon="-79.4164460">
    <ele>107.0</ele>
    <time>2024-07-27T10:45:43Z</time>
   </trkpt>
   <trkpt lat="43.6569800" lon="-79.4164530">
    <ele>107.0</ele>
    <time>2024-07-27T10:45:44Z</time>
   </trkpt>
   <trkpt lat="43.6569690" lon="-79.4164640">
    <ele>107.0</ele>
    <time>2024-07-27T10:45:45Z</time>
   </trkpt>
   <trkpt lat="43.6569320" lon="-79.4164330">
    <ele>107.0</ele>
    <time>2024-07-27T10:45:46Z</time>
   </trkpt>
   <trkpt lat="43.6569170" lon="-79.4164210">
    <ele>107.0</ele>
    <time>2024-07-27T10:45:47Z</time>
   </trkpt>
   <trkpt lat="43.6568960" lon="-79.4164030">
    <ele>107.0</ele>
    <time>2024-07-27T10:45:48Z</time>
   </trkpt>
   <trkpt lat="43.6568860" lon="-79.4163860">
    <ele>107.0</ele>
    <time>2024-07-27T10:45:49Z</time>
   </trkpt>
   <trkpt lat="43.6568560" lon="-79.4163710">
    <ele>106.9</ele>
    <time>2024-07-27T10:45:50Z</time>
   </trkpt>
   <trkpt lat="43.6568480" lon="-79.4163630">
    <ele>106.9</ele>
    <time>2024-07-27T10:45:51Z</time>
   </trkpt>
   <trkpt lat="43.6568110" lon="-79.4163480">
    <ele>106.9</ele>
    <time>2024-07-27T10:45:52Z</time>
   </trkpt>
   <trkpt lat="43.6567940" lon="-79.4163440">
    <ele>106.9</ele>
    <time>2024-07-27T10:45:53Z</time>
   </trkpt>
   <trkpt lat="43.6567590" lon="-79.4163490">
    <ele>106.9</ele>
    <time>2024-07-27T10:45:54Z</time>
   </trkpt>
   <trkpt lat="43.6567420" lon="-79.4163390">
    <ele>106.9</ele>
    <time>2024-07-27T10:45:55Z</time>
   </trkpt>
   <trkpt lat="43.6567270" lon="-79.4163310">
    <ele>106.9</ele>
    <time>2024-07-27T10:45:56Z</time>
   </trkpt>
   <trkpt lat="43.6566990" lon="-79.4163280">
    <ele>106.9</ele>
    <time>2024-07-27T10:45:57Z</time>
   </trkpt>
   <trkpt lat="43.6566880" lon="-79.4163210">
    <ele>106.9</ele>
    <time>2024-07-27T10:45:58Z</time>
   </trkpt>
   <trkpt lat="43.6566600" lon="-79.4163110">
    <ele>106.8</ele>
    <time>2024-07-27T10:45:59Z</time>
   </trkpt>
   <trkpt lat="43.6566470" lon="-79.4163100">
    <ele>106.8</ele>
    <time>2024-07-27T10:46:00Z</time>
   </trkpt>
   <trkpt lat="43.6566140" lon="-79.4162830">
    <ele>106.8</ele>
    <time>2024-07-27T10:46:01Z</time>
   </trkpt>
   <trkpt lat="43.6566000" lon="-79.4162710">
    <ele>106.8</ele>
    <time>2024-07-27T10:46:02Z</time>
   </trkpt>
   <trkpt lat="43.6565630" lon="-79.4162760">
    <ele>106.8</ele>
    <time>2024-07-27T10:46:03Z</time>
   </trkpt>
   <trkpt lat="43.6565520" lon="-79.4162880">
    <ele>106.8</ele>
    <time>2024-07-27T10:46:04Z</time>
   </trkpt>
   <trkpt lat="43.6565260" lon="-79.4162770">
    <ele>106.8</ele>
    <time>2024-07-27T10:46:05Z</time>
   </trkpt>
   <trkpt lat="43.6565020" lon="-79.4162570">
    <ele>106.7</ele>
    <time>2024-07-27T10:46:06Z</time>
   </trkpt>
   <trkpt lat="43.6564910" lon="-79.4162490">
    <ele>106.7</ele>
    <time>2024-07-27T10:46:07Z</time>
   </trkpt>
   <trkpt lat="43.6564800" lon="-79.4162410">
    <ele>106.7</ele>
    <time>2024-07-27T10:46:08Z</time>
   </trkpt>
   <trkpt lat="43.6564570" lon="-79.4162140">
    <ele>106.7</ele>
    <time>2024-07-27T10:46:09Z</time>
   </trkpt>
   <trkpt lat="43.6564330" lon="-79.4161950">
    <ele>106.7</ele>
    <time>2024-07-27T10:46:10Z</time>
   </trkpt>
   <trkpt lat="43.6564020" lon="-79.4161860">
    <ele>106.7</ele>
    <time>2024-07-27T10:46:11Z</time>
   </trkpt>
   <trkpt lat="43.6563740" lon="-79.4161730">
    <ele>106.6</ele>
    <time>2024-07-27T10:46:12Z</time>
   </trkpt>
   <trkpt lat="43.6563650" lon="-79.4161720">
    <ele>106.6</ele>
    <time>2024-07-27T10:46:13Z</time>
   </trkpt>
   <trkpt lat="43.6563320" lon="-79.4161560">
    <ele>106.6</ele>
    <time>2024-07-27T10:46:14Z</time>
   </trkpt>
   <trkpt lat="43.6562970" lon="-79.4161520">
    <ele>106.6</ele>
    <time>2024-07-27T10:46:15Z</time>
   </trkpt>
   <trkpt lat="43.6562860" lon="-79.4161490">
    <ele>106.6</ele>
    <time>2024-07-27T10:46:16Z</time>
   </trkpt>
   <trkpt lat="43.6562560" lon="-79.4161270">
    <ele>106.6</ele>
    <time>2024-07-27T10:46:17Z</time>
   </trkpt>
   <trkpt lat="43.6562240" lon="-79.4161120">
    <ele>106.5</ele>
    <time>2024-07-27T10:46:18Z</time>
   </trkpt>
   <trkpt lat="43.6562110" lon="-79.4161100">
    <ele>106.5</ele>
    <time>2024-07-27T10:46:19Z</time>
   </trkpt>
   <trkpt lat="43.6561930" lon="-79.4160990">
    <ele>106.5</ele>
    <time>2024-07-27T10:46:20Z</time>
   </trkpt>
   <trkpt lat="43.6561810" lon="-79.4161040">
    <ele>106.5</ele>
    <time>2024-07-27T10:46:21Z</time>
   </trkpt>
   <trkpt lat="43.6561450" lon="-79.4160810">
    <ele>106.5</ele>
    <time>2024-07-27T10:46:22Z</time>
   </trkpt>
   <trkpt lat="43.6561320" lon="-79.4160720">
    <ele>106.5</ele>
    <time>2024-07-27T10:46:23Z</time>
   </trkpt>
   <trkpt lat="43.6560990" lon="-79.4160540">
    <ele>106.4</ele>
    <time>2024-07-27T10:46:24Z</time>
   </trkpt>
   <trkpt lat="43.6560850" lon="-79.4160480">
    <ele>106.4</ele>
    <time>2024-07-27T10:46:25Z</time>
   </trkpt>
   <trkpt lat="43.6560640" lon="-79.4160460">
    <ele>106.4</ele>
    <time>2024-07-27T10:46:26Z</time>
   </trkpt>
   <trkpt lat="43.6560320" lon="-79.4160390">
    <ele>106.4</ele>
    <time>2024-07-27T10:46:27Z</time>
   </trkpt>
   <trkpt lat="43.6560200" lon="-79.4160370">
    <ele>106.3</ele>
    <time>2024-07-27T10:46:28Z</time>
   </trkpt>
   <trkpt lat="43.6559870" lon="-79.4160120">
    <ele>106.3</ele>
    <time>2024-07-27T10:46:29Z</time>
   </trkpt>
   <trkpt lat="43.6559680" lon="-79.4159880">
    <ele>106.3</ele>
    <time>2024-07-27T10:46:30Z</time>
   </trkpt>
   <trkpt lat="43.6559580" lon="-79.4159780">
    <ele>106.3</ele>
    <time>2024-07-27T10:46:31Z</time>
   </trkpt>
   <trkpt lat="43.6559310" lon="-79.4159920">
    <ele>106.2</ele>
    <time>2024-07-27T10:46:32Z</time>
   </trkpt>
   <trkpt lat="43.6559220" lon="-79.4160100">
    <ele>106.2</ele>
    <time>2024-07-27T10:46:33Z</time>
   </trkpt>
   <trkpt lat="43.6558760" lon="-79.4160050">
    <ele>106.2</ele>
    <time>2024-07-27T10:46:34Z</time>
   </trkpt>
   <trkpt lat="43.6558530" lon="-79.4159950">
    <ele>106.1</ele>
    <time>2024-07-27T10:46:35Z</time>
   </trkpt>
   <trkpt lat="43.6558160" lon="-79.4159820">
    <ele>106.1</ele>
    <time>2024-07-27T10:46:36Z</time>
   </trkpt>
   <trkpt lat="43.6557990" lon="-79.4159760">
    <ele>106.1</ele>
    <time>2024-07-27T10:46:37Z</time>
   </trkpt>
   <trkpt lat="43.6557690" lon="-79.4159320">
    <ele>106.0</ele>
    <time>2024-07-27T10:46:38Z</time>
   </trkpt>
   <trkpt lat="43.6557410" lon="-79.4159300">
    <ele>106.0</ele>
    <time>2024-07-27T10:46:39Z</time>
   </trkpt>
   <trkpt lat="43.6557280" lon="-79.4159240">
    <ele>106.0</ele>
    <time>2024-07-27T10:46:40Z</time>
   </trkpt>
   <trkpt lat="43.6556920" lon="-79.4159110">
    <ele>106.0</ele>
    <time>2024-07-27T10:46:41Z</time>
   </trkpt>
   <trkpt lat="43.6556800" lon="-79.4159070">
    <ele>106.0</ele>
    <time>2024-07-27T10:46:42Z</time>
   </trkpt>
   <trkpt lat="43.6556440" lon="-79.4158900">
    <ele>105.9</ele>
    <time>2024-07-27T10:46:43Z</time>
   </trkpt>
   <trkpt lat="43.6556280" lon="-79.4158810">
    <ele>105.9</ele>
    <time>2024-07-27T10:46:44Z</time>
   </trkpt>
   <trkpt lat="43.6555950" lon="-79.4158670">
    <ele>105.9</ele>
    <time>2024-07-27T10:46:45Z</time>
   </trkpt>
   <trkpt lat="43.6555850" lon="-79.4158630">
    <ele>105.9</ele>
    <time>2024-07-27T10:46:46Z</time>
   </trkpt>
   <trkpt lat="43.6555500" lon="-79.4158540">
    <ele>105.9</ele>
    <time>2024-07-27T10:46:47Z</time>
   </trkpt>
   <trkpt lat="43.6555370" lon="-79.4158490">
    <ele>105.9</ele>
    <time>2024-07-27T10:46:48Z</time>
   </trkpt>
   <trkpt lat="43.6555080" lon="-79.4158420">
    <ele>105.8</ele>
    <time>2024-07-27T10:46:49Z</time>
   </trkpt>
   <trkpt lat="43.6554820" lon="-79.4158280">
    <ele>105.8</ele>
    <time>2024-07-27T10:46:50Z</time>
   </trkpt>
   <trkpt lat="43.6554720" lon="-79.4158230">
    <ele>105.8</ele>
    <time>2024-07-27T10:46:51Z</time>
   </trkpt>
   <trkpt lat="43.6554410" lon="-79.4158120">
    <ele>105.8</ele>
    <time>2024-07-27T10:46:52Z</time>
   </trkpt>
   <trkpt lat="43.6554320" lon="-79.4158090">
    <ele>105.8</ele>
    <time>2024-07-27T10:46:53Z</time>
   </trkpt>
   <trkpt lat="43.6554030" lon="-79.4157940">
    <ele>105.8</ele>
    <time>2024-07-27T10:46:54Z</time>
   </trkpt>
   <trkpt lat="43.6553940" lon="-79.4157850">
    <ele>105.8</ele>
    <time>2024-07-27T10:46:55Z</time>
   </trkpt>
   <trkpt lat="43.6553590" lon="-79.4157730">
    <ele>105.8</ele>
    <time>2024-07-27T10:46:56Z</time>
   </trkpt>
   <trkpt lat="43.6553450" lon="-79.4157740">
    <ele>105.8</ele>
    <time>2024-07-27T10:46:57Z</time>
   </trkpt>
   <trkpt lat="43.6553250" lon="-79.4157630">
    <ele>105.8</ele>
    <time>2024-07-27T10:46:58Z</time>
   </trkpt>
   <trkpt lat="43.6552950" lon="-79.4157490">
    <ele>105.8</ele>
    <time>2024-07-27T10:46:59Z</time>
   </trkpt>
   <trkpt lat="43.6552820" lon="-79.4157400">
    <ele>105.8</ele>
    <time>2024-07-27T10:47:00Z</time>
   </trkpt>
   <trkpt lat="43.6552480" lon="-79.4157190">
    <ele>105.8</ele>
    <time>2024-07-27T10:47:01Z</time>
   </trkpt>
   <trkpt lat="43.6552180" lon="-79.4157070">
    <ele>105.8</ele>
    <time>2024-07-27T10:47:02Z</time>
   </trkpt>
   <trkpt lat="43.6552080" lon="-79.4157030">
    <ele>105.8</ele>
    <time>2024-07-27T10:47:03Z</time>
   </trkpt>
   <trkpt lat="43.6551790" lon="-79.4156940">
    <ele>105.8</ele>
    <time>2024-07-27T10:47:04Z</time>
   </trkpt>
   <trkpt lat="43.6551700" lon="-79.4156860">
    <ele>105.8</ele>
    <time>2024-07-27T10:47:05Z</time>
   </trkpt>
   <trkpt lat="43.6551450" lon="-79.4156690">
    <ele>105.8</ele>
    <time>2024-07-27T10:47:06Z</time>
   </trkpt>
   <trkpt lat="43.6551350" lon="-79.4156610">
    <ele>105.8</ele>
    <time>2024-07-27T10:47:07Z</time>
   </trkpt>
   <trkpt lat="43.6551250" lon="-79.4156530">
    <ele>105.8</ele>
    <time>2024-07-27T10:47:08Z</time>
   </trkpt>
   <trkpt lat="43.6551140" lon="-79.4156290">
    <ele>105.8</ele>
    <time>2024-07-27T10:47:09Z</time>
   </trkpt>
   <trkpt lat="43.6551060" lon="-79.4156140">
    <ele>105.8</ele>
    <time>2024-07-27T10:47:10Z</time>
   </trkpt>
   <trkpt lat="43.6550620" lon="-79.4155870">
    <ele>105.8</ele>
    <time>2024-07-27T10:47:11Z</time>
   </trkpt>
   <trkpt lat="43.6550320" lon="-79.4155800">
    <ele>105.8</ele>
    <time>2024-07-27T10:47:12Z</time>
   </trkpt>
   <trkpt lat="43.6550220" lon="-79.4155750">
    <ele>105.9</ele>
    <time>2024-07-27T10:47:13Z</time>
   </trkpt>
   <trkpt lat="43.6550400" lon="-79.4155560">
    <ele>105.9</ele>
    <time>2024-07-27T10:47:14Z</time>
   </trkpt>
   <trkpt lat="43.6550260" lon="-79.4155430">
    <ele>105.9</ele>
    <time>2024-07-27T10:47:15Z</time>
   </trkpt>
   <trkpt lat="43.6550280" lon="-79.4155430">
    <ele>105.9</ele>
    <time>2024-07-27T10:47:16Z</time>
   </trkpt>
   <trkpt lat="43.6550190" lon="-79.4155360">
    <ele>105.9</ele>
    <time>2024-07-27T10:47:17Z</time>
   </trkpt>
   <trkpt lat="43.6550150" lon="-79.4155200">
    <ele>105.9</ele>
    <time>2024-07-27T10:47:18Z</time>
   </trkpt>
   <trkpt lat="43.6550130" lon="-79.4155070">
    <ele>105.9</ele>
    <time>2024-07-27T10:47:19Z</time>
   </trkpt>
   <trkpt lat="43.6550110" lon="-79.4154950">
    <ele>105.9</ele>
    <time>2024-07-27T10:47:20Z</time>
   </trkpt>
   <trkpt lat="43.6550090" lon="-79.4154820">
    <ele>105.9</ele>
    <time>2024-07-27T10:47:21Z</time>
   </trkpt>
   <trkpt lat="43.6549950" lon="-79.4154400">
    <ele>105.9</ele>
    <time>2024-07-27T10:47:22Z</time>
   </trkpt>
   <trkpt lat="43.6549910" lon="-79.4154250">
    <ele>105.9</ele>
    <time>2024-07-27T10:47:23Z</time>
   </trkpt>
   <trkpt lat="43.6549450" lon="-79.4154710">
    <ele>105.7</ele>
    <time>2024-07-27T10:47:24Z</time>
   </trkpt>
   <trkpt lat="43.6548890" lon="-79.4154480">
    <ele>105.6</ele>
    <time>2024-07-27T10:47:25Z</time>
   </trkpt>
   <trkpt lat="43.6548550" lon="-79.4154520">
    <ele>105.6</ele>
    <time>2024-07-27T10:47:26Z</time>
   </trkpt>
   <trkpt lat="43.6548250" lon="-79.4154510">
    <ele>105.6</ele>
    <time>2024-07-27T10:47:27Z</time>
   </trkpt>
   <trkpt lat="43.6547880" lon="-79.4154450">
    <ele>105.7</ele>
    <time>2024-07-27T10:47:28Z</time>
   </trkpt>
   <trkpt lat="43.6547700" lon="-79.4154250">
    <ele>105.7</ele>
    <time>2024-07-27T10:47:29Z</time>
   </trkpt>
   <trkpt lat="43.6547540" lon="-79.4154320">
    <ele>105.7</ele>
    <time>2024-07-27T10:47:30Z</time>
   </trkpt>
   <trkpt lat="43.6547200" lon="-79.4154240">
    <ele>105.7</ele>
    <time>2024-07-27T10:47:31Z</time>
   </trkpt>
   <trkpt lat="43.6547100" lon="-79.4154250">
    <ele>105.7</ele>
    <time>2024-07-27T10:47:32Z</time>
   </trkpt>
   <trkpt lat="43.6546800" lon="-79.4154130">
    <ele>105.7</ele>
    <time>2024-07-27T10:47:33Z</time>
   </trkpt>
   <trkpt lat="43.6546490" lon="-79.4153990">
    <ele>105.7</ele>
    <time>2024-07-27T10:47:34Z</time>
   </trkpt>
   <trkpt lat="43.6546370" lon="-79.4153960">
    <ele>105.8</ele>
    <time>2024-07-27T10:47:35Z</time>
   </trkpt>
   <trkpt lat="43.6546120" lon="-79.4153740">
    <ele>105.8</ele>
    <time>2024-07-27T10:47:36Z</time>
   </trkpt>
   <trkpt lat="43.6546080" lon="-79.4153590">
    <ele>105.8</ele>
    <time>2024-07-27T10:47:37Z</time>
   </trkpt>
   <trkpt lat="43.6545660" lon="-79.4153510">
    <ele>105.8</ele>
    <time>2024-07-27T10:47:38Z</time>
   </trkpt>
   <trkpt lat="43.6545500" lon="-79.4153490">
    <ele>105.8</ele>
    <time>2024-07-27T10:47:39Z</time>
   </trkpt>
   <trkpt lat="43.6545110" lon="-79.4153380">
    <ele>105.8</ele>
    <time>2024-07-27T10:47:40Z</time>
   </trkpt>
   <trkpt lat="43.6544940" lon="-79.4153320">
    <ele>105.8</ele>
    <time>2024-07-27T10:47:41Z</time>
   </trkpt>
   <trkpt lat="43.6544680" lon="-79.4153230">
    <ele>105.8</ele>
    <time>2024-07-27T10:47:42Z</time>
   </trkpt>
   <trkpt lat="43.6544360" lon="-79.4153060">
    <ele>105.8</ele>
    <time>2024-07-27T10:47:43Z</time>
   </trkpt>
   <trkpt lat="43.6544070" lon="-79.4152980">
    <ele>105.7</ele>
    <time>2024-07-27T10:47:44Z</time>
   </trkpt>
   <trkpt lat="43.6543960" lon="-79.4152910">
    <ele>105.7</ele>
    <time>2024-07-27T10:47:45Z</time>
   </trkpt>
   <trkpt lat="43.6543590" lon="-79.4152910">
    <ele>105.7</ele>
    <time>2024-07-27T10:47:46Z</time>
   </trkpt>
   <trkpt lat="43.6543460" lon="-79.4152770">
    <ele>105.7</ele>
    <time>2024-07-27T10:47:47Z</time>
   </trkpt>
   <trkpt lat="43.6543130" lon="-79.4152540">
    <ele>105.7</ele>
    <time>2024-07-27T10:47:48Z</time>
   </trkpt>
   <trkpt lat="43.6542840" lon="-79.4152400">
    <ele>105.7</ele>
    <time>2024-07-27T10:47:49Z</time>
   </trkpt>
   <trkpt lat="43.6542740" lon="-79.4152320">
    <ele>105.7</ele>
    <time>2024-07-27T10:47:50Z</time>
   </trkpt>
   <trkpt lat="43.6542330" lon="-79.4152210">
    <ele>105.7</ele>
    <time>2024-07-27T10:47:51Z</time>
   </trkpt>
   <trkpt lat="43.6542170" lon="-79.4152210">
    <ele>105.6</ele>
    <time>2024-07-27T10:47:52Z</time>
   </trkpt>
   <trkpt lat="43.6541810" lon="-79.4152160">
    <ele>105.6</ele>
    <time>2024-07-27T10:47:53Z</time>
   </trkpt>
   <trkpt lat="43.6541700" lon="-79.4152080">
    <ele>105.6</ele>
    <time>2024-07-27T10:47:54Z</time>
   </trkpt>
   <trkpt lat="43.6541350" lon="-79.4151970">
    <ele>105.6</ele>
    <time>2024-07-27T10:47:55Z</time>
   </trkpt>
   <trkpt lat="43.6541220" lon="-79.4151850">
    <ele>105.6</ele>
    <time>2024-07-27T10:47:56Z</time>
   </trkpt>
   <trkpt lat="43.6540940" lon="-79.4151790">
    <ele>105.6</ele>
    <time>2024-07-27T10:47:57Z</time>
   </trkpt>
   <trkpt lat="43.6540670" lon="-79.4151630">
    <ele>105.6</ele>
    <time>2024-07-27T10:47:58Z</time>
   </trkpt>
   <trkpt lat="43.6540580" lon="-79.4151560">
    <ele>105.6</ele>
    <time>2024-07-27T10:47:59Z</time>
   </trkpt>
   <trkpt lat="43.6540220" lon="-79.4151410">
    <ele>105.5</ele>
    <time>2024-07-27T10:48:00Z</time>
   </trkpt>
   <trkpt lat="43.6539920" lon="-79.4151330">
    <ele>105.5</ele>
    <time>2024-07-27T10:48:01Z</time>
   </trkpt>
   <trkpt lat="43.6539800" lon="-79.4151250">
    <ele>105.5</ele>
    <time>2024-07-27T10:48:02Z</time>
   </trkpt>
   <trkpt lat="43.6539540" lon="-79.4151140">
    <ele>105.5</ele>
    <time>2024-07-27T10:48:03Z</time>
   </trkpt>
   <trkpt lat="43.6539190" lon="-79.4150980">
    <ele>105.5</ele>
    <time>2024-07-27T10:48:04Z</time>
   </trkpt>
   <trkpt lat="43.6539080" lon="-79.4150930">
    <ele>105.5</ele>
    <time>2024-07-27T10:48:05Z</time>
   </trkpt>
   <trkpt lat="43.6538920" lon="-79.4150910">
    <ele>105.5</ele>
    <time>2024-07-27T10:48:06Z</time>
   </trkpt>
   <trkpt lat="43.6538750" lon="-79.4150820">
    <ele>105.5</ele>
    <time>2024-07-27T10:48:07Z</time>
   </trkpt>
   <trkpt lat="43.6538440" lon="-79.4150630">
    <ele>105.4</ele>
    <time>2024-07-27T10:48:08Z</time>
   </trkpt>
   <trkpt lat="43.6538110" lon="-79.4150530">
    <ele>105.4</ele>
    <time>2024-07-27T10:48:09Z</time>
   </trkpt>
   <trkpt lat="43.6537980" lon="-79.4150440">
    <ele>105.4</ele>
    <time>2024-07-27T10:48:10Z</time>
   </trkpt>
   <trkpt lat="43.6537630" lon="-79.4150310">
    <ele>105.4</ele>
    <time>2024-07-27T10:48:11Z</time>
   </trkpt>
   <trkpt lat="43.6537510" lon="-79.4150310">
    <ele>105.4</ele>
    <time>2024-07-27T10:48:12Z</time>
   </trkpt>
   <trkpt lat="43.6537200" lon="-79.4150150">
    <ele>105.4</ele>
    <time>2024-07-27T10:48:13Z</time>
   </trkpt>
   <trkpt lat="43.6537050" lon="-79.4150230">
    <ele>105.4</ele>
    <time>2024-07-27T10:48:14Z</time>
   </trkpt>
   <trkpt lat="43.6536850" lon="-79.4150180">
    <ele>105.4</ele>
    <time>2024-07-27T10:48:15Z</time>
   </trkpt>
   <trkpt lat="43.6536690" lon="-79.4150160">
    <ele>105.3</ele>
    <time>2024-07-27T10:48:16Z</time>
   </trkpt>
   <trkpt lat="43.6536520" lon="-79.4150100">
    <ele>105.3</ele>
    <time>2024-07-27T10:48:17Z</time>
   </trkpt>
   <trkpt lat="43.6536250" lon="-79.4149930">
    <ele>105.3</ele>
    <time>2024-07-27T10:48:18Z</time>
   </trkpt>
   <trkpt lat="43.6535990" lon="-79.4149790">
    <ele>105.3</ele>
    <time>2024-07-27T10:48:19Z</time>
   </trkpt>
   <trkpt lat="43.6535700" lon="-79.4149490">
    <ele>105.3</ele>
    <time>2024-07-27T10:48:20Z</time>
   </trkpt>
   <trkpt lat="43.6535610" lon="-79.4149410">
    <ele>105.3</ele>
    <time>2024-07-27T10:48:21Z</time>
   </trkpt>
   <trkpt lat="43.6535280" lon="-79.4149330">
    <ele>105.3</ele>
    <time>2024-07-27T10:48:22Z</time>
   </trkpt>
   <trkpt lat="43.6535010" lon="-79.4149230">
    <ele>105.3</ele>
    <time>2024-07-27T10:48:23Z</time>
   </trkpt>
   <trkpt lat="43.6534910" lon="-79.4149260">
    <ele>105.3</ele>
    <time>2024-07-27T10:48:24Z</time>
   </trkpt>
   <trkpt lat="43.6534580" lon="-79.4149140">
    <ele>105.2</ele>
    <time>2024-07-27T10:48:25Z</time>
   </trkpt>
   <trkpt lat="43.6534480" lon="-79.4149070">
    <ele>105.2</ele>
    <time>2024-07-27T10:48:26Z</time>
   </trkpt>
   <trkpt lat="43.6534140" lon="-79.4148910">
    <ele>105.2</ele>
    <time>2024-07-27T10:48:27Z</time>
   </trkpt>
   <trkpt lat="43.6533980" lon="-79.4148810">
    <ele>105.2</ele>
    <time>2024-07-27T10:48:28Z</time>
   </trkpt>
   <trkpt lat="43.6533720" lon="-79.4148620">
    <ele>105.2</ele>
    <time>2024-07-27T10:48:29Z</time>
   </trkpt>
   <trkpt lat="43.6533550" lon="-79.4148580">
    <ele>105.2</ele>
    <time>2024-07-27T10:48:30Z</time>
   </trkpt>
   <trkpt lat="43.6533420" lon="-79.4148450">
    <ele>105.2</ele>
    <time>2024-07-27T10:48:31Z</time>
   </trkpt>
   <trkpt lat="43.6533130" lon="-79.4148510">
    <ele>105.2</ele>
    <time>2024-07-27T10:48:32Z</time>
   </trkpt>
   <trkpt lat="43.6532640" lon="-79.4148370">
    <ele>105.1</ele>
    <time>2024-07-27T10:48:33Z</time>
   </trkpt>
   <trkpt lat="43.6532310" lon="-79.4148250">
    <ele>105.1</ele>
    <time>2024-07-27T10:48:34Z</time>
   </trkpt>
   <trkpt lat="43.6532000" lon="-79.4148110">
    <ele>105.1</ele>
    <time>2024-07-27T10:48:35Z</time>
   </trkpt>
   <trkpt lat="43.6531890" lon="-79.4148120">
    <ele>105.1</ele>
    <time>2024-07-27T10:48:36Z</time>
   </trkpt>
   <trkpt lat="43.6531620" lon="-79.4148110">
    <ele>105.1</ele>
    <time>2024-07-27T10:48:37Z</time>
   </trkpt>
   <trkpt lat="43.6531520" lon="-79.4148090">
    <ele>105.1</ele>
    <time>2024-07-27T10:48:38Z</time>
   </trkpt>
   <trkpt lat="43.6531180" lon="-79.4147990">
    <ele>105.1</ele>
    <time>2024-07-27T10:48:39Z</time>
   </trkpt>
   <trkpt lat="43.6531020" lon="-79.4147900">
    <ele>105.1</ele>
    <time>2024-07-27T10:48:40Z</time>
   </trkpt>
   <trkpt lat="43.6530720" lon="-79.4147820">
    <ele>105.0</ele>
    <time>2024-07-27T10:48:41Z</time>
   </trkpt>
   <trkpt lat="43.6530620" lon="-79.4147800">
    <ele>105.0</ele>
    <time>2024-07-27T10:48:42Z</time>
   </trkpt>
   <trkpt lat="43.6530310" lon="-79.4147680">
    <ele>105.0</ele>
    <time>2024-07-27T10:48:43Z</time>
   </trkpt>
   <trkpt lat="43.6530060" lon="-79.4147500">
    <ele>105.0</ele>
    <time>2024-07-27T10:48:44Z</time>
   </trkpt>
   <trkpt lat="43.6529760" lon="-79.4147280">
    <ele>104.9</ele>
    <time>2024-07-27T10:48:45Z</time>
   </trkpt>
   <trkpt lat="43.6529410" lon="-79.4147080">
    <ele>104.9</ele>
    <time>2024-07-27T10:48:46Z</time>
   </trkpt>
   <trkpt lat="43.6529290" lon="-79.4147010">
    <ele>104.9</ele>
    <time>2024-07-27T10:48:47Z</time>
   </trkpt>
   <trkpt lat="43.6529020" lon="-79.4146920">
    <ele>104.9</ele>
    <time>2024-07-27T10:48:48Z</time>
   </trkpt>
   <trkpt lat="43.6528660" lon="-79.4146820">
    <ele>104.8</ele>
    <time>2024-07-27T10:48:49Z</time>
   </trkpt>
   <trkpt lat="43.6528520" lon="-79.4146790">
    <ele>104.8</ele>
    <time>2024-07-27T10:48:50Z</time>
   </trkpt>
   <trkpt lat="43.6528120" lon="-79.4146630">
    <ele>104.8</ele>
    <time>2024-07-27T10:48:51Z</time>
   </trkpt>
   <trkpt lat="43.6527960" lon="-79.4146500">
    <ele>104.8</ele>
    <time>2024-07-27T10:48:52Z</time>
   </trkpt>
   <trkpt lat="43.6527630" lon="-79.4146370">
    <ele>104.8</ele>
    <time>2024-07-27T10:48:53Z</time>
   </trkpt>
   <trkpt lat="43.6527500" lon="-79.4146350">
    <ele>104.8</ele>
    <time>2024-07-27T10:48:54Z</time>
   </trkpt>
   <trkpt lat="43.6527120" lon="-79.4146250">
    <ele>104.7</ele>
    <time>2024-07-27T10:48:55Z</time>
   </trkpt>
   <trkpt lat="43.6526990" lon="-79.4146250">
    <ele>104.7</ele>
    <time>2024-07-27T10:48:56Z</time>
   </trkpt>
   <trkpt lat="43.6526740" lon="-79.4146110">
    <ele>104.7</ele>
    <time>2024-07-27T10:48:57Z</time>
   </trkpt>
   <trkpt lat="43.6526660" lon="-79.4146000">
    <ele>104.7</ele>
    <time>2024-07-27T10:48:58Z</time>
   </trkpt>
   <trkpt lat="43.6526230" lon="-79.4145840">
    <ele>104.6</ele>
    <time>2024-07-27T10:48:59Z</time>
   </trkpt>
   <trkpt lat="43.6525980" lon="-79.4145710">
    <ele>104.6</ele>
    <time>2024-07-27T10:49:00Z</time>
   </trkpt>
   <trkpt lat="43.6525720" lon="-79.4145500">
    <ele>104.5</ele>
    <time>2024-07-27T10:49:01Z</time>
   </trkpt>
   <trkpt lat="43.6525620" lon="-79.4145470">
    <ele>104.5</ele>
    <time>2024-07-27T10:49:02Z</time>
   </trkpt>
   <trkpt lat="43.6525330" lon="-79.4145370">
    <ele>104.5</ele>
    <time>2024-07-27T10:49:03Z</time>
   </trkpt>
   <trkpt lat="43.6525020" lon="-79.4145330">
    <ele>104.4</ele>
    <time>2024-07-27T10:49:04Z</time>
   </trkpt>
   <trkpt lat="43.6524930" lon="-79.4145210">
    <ele>104.4</ele>
    <time>2024-07-27T10:49:05Z</time>
   </trkpt>
   <trkpt lat="43.6524610" lon="-79.4145100">
    <ele>104.3</ele>
    <time>2024-07-27T10:49:06Z</time>
   </trkpt>
   <trkpt lat="43.6524510" lon="-79.4145060">
    <ele>104.3</ele>
    <time>2024-07-27T10:49:07Z</time>
   </trkpt>
   <trkpt lat="43.6524210" lon="-79.4144910">
    <ele>104.2</ele>
    <time>2024-07-27T10:49:08Z</time>
   </trkpt>
   <trkpt lat="43.6523910" lon="-79.4144590">
    <ele>104.1</ele>
    <time>2024-07-27T10:49:09Z</time>
   </trkpt>
   <trkpt lat="43.6523600" lon="-79.4144570">
    <ele>104.0</ele>
    <time>2024-07-27T10:49:10Z</time>
   </trkpt>
   <trkpt lat="43.6523490" lon="-79.4144610">
    <ele>104.0</ele>
    <time>2024-07-27T10:49:11Z</time>
   </trkpt>
   <trkpt lat="43.6523200" lon="-79.4144560">
    <ele>103.9</ele>
    <time>2024-07-27T10:49:12Z</time>
   </trkpt>
   <trkpt lat="43.6523110" lon="-79.4144500">
    <ele>103.9</ele>
    <time>2024-07-27T10:49:13Z</time>
   </trkpt>
   <trkpt lat="43.6522680" lon="-79.4144340">
    <ele>103.8</ele>
    <time>2024-07-27T10:49:14Z</time>
   </trkpt>
   <trkpt lat="43.6522330" lon="-79.4144510">
    <ele>103.7</ele>
    <time>2024-07-27T10:49:15Z</time>
   </trkpt>
   <trkpt lat="43.6522190" lon="-79.4144520">
    <ele>103.7</ele>
    <time>2024-07-27T10:49:16Z</time>
   </trkpt>
   <trkpt lat="43.6522100" lon="-79.4144600">
    <ele>103.6</ele>
    <time>2024-07-27T10:49:17Z</time>
   </trkpt>
   <trkpt lat="43.6521910" lon="-79.4144590">
    <ele>103.6</ele>
    <time>2024-07-27T10:49:18Z</time>
   </trkpt>
   <trkpt lat="43.6521570" lon="-79.4144420">
    <ele>103.5</ele>
    <time>2024-07-27T10:49:19Z</time>
   </trkpt>
   <trkpt lat="43.6521170" lon="-79.4144430">
    <ele>103.4</ele>
    <time>2024-07-27T10:49:20Z</time>
   </trkpt>
   <trkpt lat="43.6520950" lon="-79.4144150">
    <ele>103.3</ele>
    <time>2024-07-27T10:49:21Z</time>
   </trkpt>
   <trkpt lat="43.6520840" lon="-79.4144130">
    <ele>103.3</ele>
    <time>2024-07-27T10:49:22Z</time>
   </trkpt>
   <trkpt lat="43.6520570" lon="-79.4144020">
    <ele>103.2</ele>
    <time>2024-07-27T10:49:23Z</time>
   </trkpt>
   <trkpt lat="43.6520440" lon="-79.4143870">
    <ele>103.2</ele>
    <time>2024-07-27T10:49:24Z</time>
   </trkpt>
   <trkpt lat="43.6520110" lon="-79.4143750">
    <ele>103.1</ele>
    <time>2024-07-27T10:49:25Z</time>
   </trkpt>
   <trkpt lat="43.6519960" lon="-79.4143600">
    <ele>103.1</ele>
    <time>2024-07-27T10:49:26Z</time>
   </trkpt>
   <trkpt lat="43.6519600" lon="-79.4143350">
    <ele>103.0</ele>
    <time>2024-07-27T10:49:27Z</time>
   </trkpt>
   <trkpt lat="43.6519470" lon="-79.4143280">
    <ele>102.9</ele>
    <time>2024-07-27T10:49:28Z</time>
   </trkpt>
   <trkpt lat="43.6519120" lon="-79.4143060">
    <ele>102.8</ele>
    <time>2024-07-27T10:49:29Z</time>
   </trkpt>
   <trkpt lat="43.6518910" lon="-79.4143020">
    <ele>102.8</ele>
    <time>2024-07-27T10:49:30Z</time>
   </trkpt>
   <trkpt lat="43.6518750" lon="-79.4142940">
    <ele>102.7</ele>
    <time>2024-07-27T10:49:31Z</time>
   </trkpt>
   <trkpt lat="43.6518580" lon="-79.4142870">
    <ele>102.7</ele>
    <time>2024-07-27T10:49:32Z</time>
   </trkpt>
   <trkpt lat="43.6518300" lon="-79.4142750">
    <ele>102.6</ele>
    <time>2024-07-27T10:49:33Z</time>
   </trkpt>
   <trkpt lat="43.6518180" lon="-79.4142700">
    <ele>102.6</ele>
    <time>2024-07-27T10:49:34Z</time>
   </trkpt>
   <trkpt lat="43.6517870" lon="-79.4142520">
    <ele>102.5</ele>
    <time>2024-07-27T10:49:35Z</time>
   </trkpt>
   <trkpt lat="43.6517770" lon="-79.4142480">
    <ele>102.5</ele>
    <time>2024-07-27T10:49:36Z</time>
   </trkpt>
   <trkpt lat="43.6517460" lon="-79.4142260">
    <ele>102.4</ele>
    <time>2024-07-27T10:49:37Z</time>
   </trkpt>
   <trkpt lat="43.6517380" lon="-79.4142200">
    <ele>102.3</ele>
    <time>2024-07-27T10:49:38Z</time>
   </trkpt>
   <trkpt lat="43.6517170" lon="-79.4142340">
    <ele>102.3</ele>
    <time>2024-07-27T10:49:39Z</time>
   </trkpt>
   <trkpt lat="43.6517010" lon="-79.4142310">
    <ele>102.2</ele>
    <time>2024-07-27T10:49:40Z</time>
   </trkpt>
   <trkpt lat="43.6516830" lon="-79.4142290">
    <ele>102.2</ele>
    <time>2024-07-27T10:49:41Z</time>
   </trkpt>
   <trkpt lat="43.6516710" lon="-79.4142250">
    <ele>102.2</ele>
    <time>2024-07-27T10:49:42Z</time>
   </trkpt>
   <trkpt lat="43.6516550" lon="-79.4141870">
    <ele>102.1</ele>
    <time>2024-07-27T10:49:43Z</time>
   </trkpt>
   <trkpt lat="43.6516270" lon="-79.4141790">
    <ele>102.0</ele>
    <time>2024-07-27T10:49:44Z</time>
   </trkpt>
   <trkpt lat="43.6515970" lon="-79.4141690">
    <ele>102.0</ele>
    <time>2024-07-27T10:49:45Z</time>
   </trkpt>
   <trkpt lat="43.6515640" lon="-79.4141670">
    <ele>101.9</ele>
    <time>2024-07-27T10:49:46Z</time>
   </trkpt>
   <trkpt lat="43.6515530" lon="-79.4141620">
    <ele>101.8</ele>
    <time>2024-07-27T10:49:47Z</time>
   </trkpt>
   <trkpt lat="43.6515240" lon="-79.4141480">
    <ele>101.8</ele>
    <time>2024-07-27T10:49:48Z</time>
   </trkpt>
   <trkpt lat="43.6515090" lon="-79.4141480">
    <ele>101.8</ele>
    <time>2024-07-27T10:49:49Z</time>
   </trkpt>
   <trkpt lat="43.6514830" lon="-79.4141370">
    <ele>101.7</ele>
    <time>2024-07-27T10:49:50Z</time>
   </trkpt>
   <trkpt lat="43.6514500" lon="-79.4141280">
    <ele>101.6</ele>
    <time>2024-07-27T10:49:51Z</time>
   </trkpt>
   <trkpt lat="43.6514380" lon="-79.4141260">
    <ele>101.6</ele>
    <time>2024-07-27T10:49:52Z</time>
   </trkpt>
   <trkpt lat="43.6513950" lon="-79.4141150">
    <ele>101.5</ele>
    <time>2024-07-27T10:49:53Z</time>
   </trkpt>
   <trkpt lat="43.6513740" lon="-79.4141070">
    <ele>101.5</ele>
    <time>2024-07-27T10:49:54Z</time>
   </trkpt>
   <trkpt lat="43.6513520" lon="-79.4140840">
    <ele>101.5</ele>
    <time>2024-07-27T10:49:55Z</time>
   </trkpt>
   <trkpt lat="43.6513370" lon="-79.4140750">
    <ele>101.4</ele>
    <time>2024-07-27T10:49:56Z</time>
   </trkpt>
   <trkpt lat="43.6513200" lon="-79.4140780">
    <ele>101.4</ele>
    <time>2024-07-27T10:49:57Z</time>
   </trkpt>
   <trkpt lat="43.6512900" lon="-79.4140640">
    <ele>101.3</ele>
    <time>2024-07-27T10:49:58Z</time>
   </trkpt>
   <trkpt lat="43.6512830" lon="-79.4140620">
    <ele>101.3</ele>
    <time>2024-07-27T10:49:59Z</time>
   </trkpt>
   <trkpt lat="43.6512540" lon="-79.4140420">
    <ele>101.2</ele>
    <time>2024-07-27T10:50:00Z</time>
   </trkpt>
   <trkpt lat="43.6512440" lon="-79.4140280">
    <ele>101.2</ele>
    <time>2024-07-27T10:50:01Z</time>
   </trkpt>
   <trkpt lat="43.6512130" lon="-79.4140270">
    <ele>101.2</ele>
    <time>2024-07-27T10:50:02Z</time>
   </trkpt>
   <trkpt lat="43.6511850" lon="-79.4140230">
    <ele>101.1</ele>
    <time>2024-07-27T10:50:03Z</time>
   </trkpt>
   <trkpt lat="43.6511710" lon="-79.4140180">
    <ele>101.1</ele>
    <time>2024-07-27T10:50:04Z</time>
   </trkpt>
   <trkpt lat="43.6511340" lon="-79.4140120">
    <ele>101.0</ele>
    <time>2024-07-27T10:50:05Z</time>
   </trkpt>
   <trkpt lat="43.6511240" lon="-79.4140090">
    <ele>101.0</ele>
    <time>2024-07-27T10:50:06Z</time>
   </trkpt>
   <trkpt lat="43.6510900" lon="-79.4140020">
    <ele>100.9</ele>
    <time>2024-07-27T10:50:07Z</time>
   </trkpt>
   <trkpt lat="43.6510790" lon="-79.4139980">
    <ele>100.9</ele>
    <time>2024-07-27T10:50:08Z</time>
   </trkpt>
   <trkpt lat="43.6510420" lon="-79.4139910">
    <ele>100.8</ele>
    <time>2024-07-27T10:50:09Z</time>
   </trkpt>
   <trkpt lat="43.6510300" lon="-79.4139880">
    <ele>100.8</ele>
    <time>2024-07-27T10:50:10Z</time>
   </trkpt>
   <trkpt lat="43.6509920" lon="-79.4139650">
    <ele>100.7</ele>
    <time>2024-07-27T10:50:11Z</time>
   </trkpt>
   <trkpt lat="43.6509740" lon="-79.4139570">
    <ele>100.7</ele>
    <time>2024-07-27T10:50:12Z</time>
   </trkpt>
   <trkpt lat="43.6509430" lon="-79.4139380">
    <ele>100.6</ele>
    <time>2024-07-27T10:50:13Z</time>
   </trkpt>
   <trkpt lat="43.6509310" lon="-79.4139280">
    <ele>100.6</ele>
    <time>2024-07-27T10:50:14Z</time>
   </trkpt>
   <trkpt lat="43.6508990" lon="-79.4139200">
    <ele>100.5</ele>
    <time>2024-07-27T10:50:15Z</time>
   </trkpt>
   <trkpt lat="43.6508900" lon="-79.4139150">
    <ele>100.5</ele>
    <time>2024-07-27T10:50:16Z</time>
   </trkpt>
   <trkpt lat="43.6508550" lon="-79.4139050">
    <ele>100.4</ele>
    <time>2024-07-27T10:50:17Z</time>
   </trkpt>
   <trkpt lat="43.6508460" lon="-79.4139040">
    <ele>100.4</ele>
    <time>2024-07-27T10:50:18Z</time>
   </trkpt>
   <trkpt lat="43.6508120" lon="-79.4138820">
    <ele>100.3</ele>
    <time>2024-07-27T10:50:19Z</time>
   </trkpt>
   <trkpt lat="43.6508010" lon="-79.4138750">
    <ele>100.3</ele>
    <time>2024-07-27T10:50:20Z</time>
   </trkpt>
   <trkpt lat="43.6507770" lon="-79.4138550">
    <ele>100.3</ele>
    <time>2024-07-27T10:50:21Z</time>
   </trkpt>
   <trkpt lat="43.6507620" lon="-79.4138620">
    <ele>100.2</ele>
    <time>2024-07-27T10:50:22Z</time>
   </trkpt>
   <trkpt lat="43.6507590" lon="-79.4138890">
    <ele>100.2</ele>
    <time>2024-07-27T10:50:23Z</time>
   </trkpt>
   <trkpt lat="43.6507650" lon="-79.4139280">
    <ele>100.2</ele>
    <time>2024-07-27T10:50:24Z</time>
   </trkpt>
   <trkpt lat="43.6507650" lon="-79.4139660">
    <ele>100.1</ele>
    <time>2024-07-27T10:50:25Z</time>
   </trkpt>
   <trkpt lat="43.6507620" lon="-79.4140120">
    <ele>100.1</ele>
    <time>2024-07-27T10:50:26Z</time>
   </trkpt>
   <trkpt lat="43.6507580" lon="-79.4140250">
    <ele>100.1</ele>
    <time>2024-07-27T10:50:27Z</time>
   </trkpt>
   <trkpt lat="43.6507490" lon="-79.4140690">
    <ele>100.0</ele>
    <time>2024-07-27T10:50:28Z</time>
   </trkpt>
   <trkpt lat="43.6507410" lon="-79.4141170">
    <ele>100.0</ele>
    <time>2024-07-27T10:50:29Z</time>
   </trkpt>
   <trkpt lat="43.6507400" lon="-79.4141340">
    <ele>100.0</ele>
    <time>2024-07-27T10:50:30Z</time>
   </trkpt>
   <trkpt lat="43.6507380" lon="-79.4141720">
    <ele>100.0</ele>
    <time>2024-07-27T10:50:31Z</time>
   </trkpt>
   <trkpt lat="43.6507480" lon="-79.4142120">
    <ele>99.9</ele>
    <time>2024-07-27T10:50:32Z</time>
   </trkpt>
   <trkpt lat="43.6507520" lon="-79.4142240">
    <ele>99.9</ele>
    <time>2024-07-27T10:50:33Z</time>
   </trkpt>
   <trkpt lat="43.6507240" lon="-79.4142810">
    <ele>99.9</ele>
    <time>2024-07-27T10:50:34Z</time>
   </trkpt>
   <trkpt lat="43.6507110" lon="-79.4143150">
    <ele>99.8</ele>
    <time>2024-07-27T10:50:35Z</time>
   </trkpt>
   <trkpt lat="43.6507040" lon="-79.4143680">
    <ele>99.8</ele>
    <time>2024-07-27T10:50:36Z</time>
   </trkpt>
   <trkpt lat="43.6507020" lon="-79.4143860">
    <ele>99.8</ele>
    <time>2024-07-27T10:50:37Z</time>
   </trkpt>
   <trkpt lat="43.6506940" lon="-79.4144310">
    <ele>99.8</ele>
    <time>2024-07-27T10:50:38Z</time>
   </trkpt>
   <trkpt lat="43.6506890" lon="-79.4144510">
    <ele>99.7</ele>
    <time>2024-07-27T10:50:39Z</time>
   </trkpt>
   <trkpt lat="43.6506820" lon="-79.4144960">
    <ele>99.7</ele>
    <time>2024-07-27T10:50:40Z</time>
   </trkpt>
   <trkpt lat="43.6506840" lon="-79.4145140">
    <ele>99.7</ele>
    <time>2024-07-27T10:50:41Z</time>
   </trkpt>
   <trkpt lat="43.6506880" lon="-79.4145590">
    <ele>99.7</ele>
    <time>2024-07-27T10:50:42Z</time>
   </trkpt>
   <trkpt lat="43.6506930" lon="-79.4145900">
    <ele>99.6</ele>
    <time>2024-07-27T10:50:43Z</time>
   </trkpt>
   <trkpt lat="43.6506820" lon="-79.4146100">
    <ele>99.6</ele>
    <time>2024-07-27T10:50:44Z</time>
   </trkpt>
   <trkpt lat="43.6506770" lon="-79.4146270">
    <ele>99.6</ele>
    <time>2024-07-27T10:50:45Z</time>
   </trkpt>
   <trkpt lat="43.6506680" lon="-79.4146540">
    <ele>99.6</ele>
    <time>2024-07-27T10:50:46Z</time>
   </trkpt>
   <trkpt lat="43.6506590" lon="-79.4146700">
    <ele>99.6</ele>
    <time>2024-07-27T10:50:47Z</time>
   </trkpt>
   <trkpt lat="43.6506460" lon="-79.4147090">
    <ele>99.5</ele>
    <time>2024-07-27T10:50:48Z</time>
   </trkpt>
   <trkpt lat="43.6506400" lon="-79.4147300">
    <ele>99.5</ele>
    <time>2024-07-27T10:50:49Z</time>
   </trkpt>
   <trkpt lat="43.6506350" lon="-79.4147680">
    <ele>99.5</ele>
    <time>2024-07-27T10:50:50Z</time>
   </trkpt>
   <trkpt lat="43.6506080" lon="-79.4148150">
    <ele>99.4</ele>
    <time>2024-07-27T10:50:51Z</time>
   </trkpt>
   <trkpt lat="43.6505930" lon="-79.4148580">
    <ele>99.4</ele>
    <time>2024-07-27T10:50:52Z</time>
   </trkpt>
   <trkpt lat="43.6505830" lon="-79.4149090">
    <ele>99.3</ele>
    <time>2024-07-27T10:50:53Z</time>
   </trkpt>
   <trkpt lat="43.6505800" lon="-79.4149250">
    <ele>99.3</ele>
    <time>2024-07-27T10:50:54Z</time>
   </trkpt>
   <trkpt lat="43.6505730" lon="-79.4149760">
    <ele>99.3</ele>
    <time>2024-07-27T10:50:55Z</time>
   </trkpt>
   <trkpt lat="43.6505660" lon="-79.4149920">
    <ele>99.2</ele>
    <time>2024-07-27T10:50:56Z</time>
   </trkpt>
   <trkpt lat="43.6505570" lon="-79.4150380">
    <ele>99.2</ele>
    <time>2024-07-27T10:50:57Z</time>
   </trkpt>
   <trkpt lat="43.6505520" lon="-79.4150520">
    <ele>99.2</ele>
    <time>2024-07-27T10:50:58Z</time>
   </trkpt>
   <trkpt lat="43.6505420" lon="-79.4150930">
    <ele>99.1</ele>
    <time>2024-07-27T10:50:59Z</time>
   </trkpt>
   <trkpt lat="43.6505370" lon="-79.4151080">
    <ele>99.1</ele>
    <time>2024-07-27T10:51:00Z</time>
   </trkpt>
   <trkpt lat="43.6505410" lon="-79.4151550">
    <ele>99.1</ele>
    <time>2024-07-27T10:51:01Z</time>
   </trkpt>
   <trkpt lat="43.6505410" lon="-79.4151720">
    <ele>99.1</ele>
    <time>2024-07-27T10:51:02Z</time>
   </trkpt>
   <trkpt lat="43.6505180" lon="-79.4152240">
    <ele>99.0</ele>
    <time>2024-07-27T10:51:03Z</time>
   </trkpt>
   <trkpt lat="43.6505160" lon="-79.4152450">
    <ele>99.0</ele>
    <time>2024-07-27T10:51:04Z</time>
   </trkpt>
   <trkpt lat="43.6505080" lon="-79.4152610">
    <ele>99.0</ele>
    <time>2024-07-27T10:51:05Z</time>
   </trkpt>
   <trkpt lat="43.6505070" lon="-79.4153190">
    <ele>99.0</ele>
    <time>2024-07-27T10:51:06Z</time>
   </trkpt>
   <trkpt lat="43.6505080" lon="-79.4153400">
    <ele>98.9</ele>
    <time>2024-07-27T10:51:07Z</time>
   </trkpt>
   <trkpt lat="43.6504880" lon="-79.4153910">
    <ele>98.9</ele>
    <time>2024-07-27T10:51:08Z</time>
   </trkpt>
   <trkpt lat="43.6504800" lon="-79.4154080">
    <ele>98.9</ele>
    <time>2024-07-27T10:51:09Z</time>
   </trkpt>
   <trkpt lat="43.6504710" lon="-79.4154490">
    <ele>98.8</ele>
    <time>2024-07-27T10:51:10Z</time>
   </trkpt>
   <trkpt lat="43.6504670" lon="-79.4154660">
    <ele>98.8</ele>
    <time>2024-07-27T10:51:11Z</time>
   </trkpt>
   <trkpt lat="43.6504430" lon="-79.4155260">
    <ele>98.7</ele>
    <time>2024-07-27T10:51:12Z</time>
   </trkpt>
   <trkpt lat="43.6504330" lon="-79.4155600">
    <ele>98.7</ele>
    <time>2024-07-27T10:51:13Z</time>
   </trkpt>
   <trkpt lat="43.6504300" lon="-79.4155750">
    <ele>98.7</ele>
    <time>2024-07-27T10:51:14Z</time>
   </trkpt>
   <trkpt lat="43.6504260" lon="-79.4156160">
    <ele>98.7</ele>
    <time>2024-07-27T10:51:15Z</time>
   </trkpt>
   <trkpt lat="43.6504270" lon="-79.4156280">
    <ele>98.6</ele>
    <time>2024-07-27T10:51:16Z</time>
   </trkpt>
   <trkpt lat="43.6504160" lon="-79.4156740">
    <ele>98.6</ele>
    <time>2024-07-27T10:51:17Z</time>
   </trkpt>
   <trkpt lat="43.6504060" lon="-79.4156880">
    <ele>98.6</ele>
    <time>2024-07-27T10:51:18Z</time>
   </trkpt>
   <trkpt lat="43.6504030" lon="-79.4157300">
    <ele>98.5</ele>
    <time>2024-07-27T10:51:19Z</time>
   </trkpt>
   <trkpt lat="43.6503770" lon="-79.4157600">
    <ele>98.5</ele>
    <time>2024-07-27T10:51:20Z</time>
   </trkpt>
   <trkpt lat="43.6503730" lon="-79.4158010">
    <ele>98.5</ele>
    <time>2024-07-27T10:51:21Z</time>
   </trkpt>
   <trkpt lat="43.6503700" lon="-79.4158190">
    <ele>98.4</ele>
    <time>2024-07-27T10:51:22Z</time>
   </trkpt>
   <trkpt lat="43.6503690" lon="-79.4158630">
    <ele>98.4</ele>
    <time>2024-07-27T10:51:23Z</time>
   </trkpt>
   <trkpt lat="43.6503700" lon="-79.4158710">
    <ele>98.4</ele>
    <time>2024-07-27T10:51:24Z</time>
   </trkpt>
   <trkpt lat="43.6503680" lon="-79.4159100">
    <ele>98.4</ele>
    <time>2024-07-27T10:51:25Z</time>
   </trkpt>
   <trkpt lat="43.6503630" lon="-79.4159280">
    <ele>98.3</ele>
    <time>2024-07-27T10:51:26Z</time>
   </trkpt>
   <trkpt lat="43.6503500" lon="-79.4159810">
    <ele>98.3</ele>
    <time>2024-07-27T10:51:27Z</time>
   </trkpt>
   <trkpt lat="43.6503470" lon="-79.4160010">
    <ele>98.3</ele>
    <time>2024-07-27T10:51:28Z</time>
   </trkpt>
   <trkpt lat="43.6503310" lon="-79.4160330">
    <ele>98.3</ele>
    <time>2024-07-27T10:51:29Z</time>
   </trkpt>
   <trkpt lat="43.6503220" lon="-79.4160430">
    <ele>98.3</ele>
    <time>2024-07-27T10:51:30Z</time>
   </trkpt>
   <trkpt lat="43.6503210" lon="-79.4160780">
    <ele>98.2</ele>
    <time>2024-07-27T10:51:31Z</time>
   </trkpt>
   <trkpt lat="43.6503230" lon="-79.4160880">
    <ele>98.2</ele>
    <time>2024-07-27T10:51:32Z</time>
   </trkpt>
   <trkpt lat="43.6503250" lon="-79.4160980">
    <ele>98.2</ele>
    <time>2024-07-27T10:51:33Z</time>
   </trkpt>
   <trkpt lat="43.6503200" lon="-79.4161150">
    <ele>98.2</ele>
    <time>2024-07-27T10:51:34Z</time>
   </trkpt>
   <trkpt lat="43.6503020" lon="-79.4161310">
    <ele>98.2</ele>
    <time>2024-07-27T10:51:35Z</time>
   </trkpt>
   <trkpt lat="43.6502730" lon="-79.4161470">
    <ele>98.1</ele>
    <time>2024-07-27T10:51:36Z</time>
   </trkpt>
   <trkpt lat="43.6502650" lon="-79.4161500">
    <ele>98.1</ele>
    <time>2024-07-27T10:51:37Z</time>
   </trkpt>
   <trkpt lat="43.6502300" lon="-79.4161290">
    <ele>98.0</ele>
    <time>2024-07-27T10:51:38Z</time>
   </trkpt>
   <trkpt lat="43.6502120" lon="-79.4161020">
    <ele>97.9</ele>
    <time>2024-07-27T10:51:39Z</time>
   </trkpt>
   <trkpt lat="43.6502130" lon="-79.4160900">
    <ele>97.9</ele>
    <time>2024-07-27T10:51:40Z</time>
   </trkpt>
   <trkpt lat="43.6501980" lon="-79.4161250">
    <ele>97.8</ele>
    <time>2024-07-27T10:51:41Z</time>
   </trkpt>
   <trkpt lat="43.6501950" lon="-79.4161320">
    <ele>97.8</ele>
    <time>2024-07-27T10:51:42Z</time>
   </trkpt>
   <trkpt lat="43.6501860" lon="-79.4161660">
    <ele>97.8</ele>
    <time>2024-07-27T10:51:43Z</time>
   </trkpt>
   <trkpt lat="43.6501800" lon="-79.4161810">
    <ele>97.8</ele>
    <time>2024-07-27T10:51:44Z</time>
   </trkpt>
   <trkpt lat="43.6501640" lon="-79.4162280">
    <ele>97.7</ele>
    <time>2024-07-27T10:51:45Z</time>
   </trkpt>
   <trkpt lat="43.6501640" lon="-79.4162460">
    <ele>97.7</ele>
    <time>2024-07-27T10:51:46Z</time>
   </trkpt>
   <trkpt lat="43.6501610" lon="-79.4162670">
    <ele>97.7</ele>
    <time>2024-07-27T10:51:47Z</time>
   </trkpt>
   <trkpt lat="43.6501640" lon="-79.4162950">
    <ele>97.7</ele>
    <time>2024-07-27T10:51:48Z</time>
   </trkpt>
   <trkpt lat="43.6501560" lon="-79.4163380">
    <ele>97.6</ele>
    <time>2024-07-27T10:51:49Z</time>
   </trkpt>
   <trkpt lat="43.6501420" lon="-79.4163770">
    <ele>97.6</ele>
    <time>2024-07-27T10:51:50Z</time>
   </trkpt>
   <trkpt lat="43.6501250" lon="-79.4164210">
    <ele>97.6</ele>
    <time>2024-07-27T10:51:51Z</time>
   </trkpt>
   <trkpt lat="43.6501210" lon="-79.4164370">
    <ele>97.5</ele>
    <time>2024-07-27T10:51:52Z</time>
   </trkpt>
   <trkpt lat="43.6501080" lon="-79.4164770">
    <ele>97.5</ele>
    <time>2024-07-27T10:51:53Z</time>
   </trkpt>
   <trkpt lat="43.6501060" lon="-79.4164950">
    <ele>97.5</ele>
    <time>2024-07-27T10:51:54Z</time>
   </trkpt>
   <trkpt lat="43.6500940" lon="-79.4165290">
    <ele>97.5</ele>
    <time>2024-07-27T10:51:55Z</time>
   </trkpt>
   <trkpt lat="43.6500770" lon="-79.4165760">
    <ele>97.4</ele>
    <time>2024-07-27T10:51:56Z</time>
   </trkpt>
   <trkpt lat="43.6500730" lon="-79.4166130">
    <ele>97.4</ele>
    <time>2024-07-27T10:51:57Z</time>
   </trkpt>
   <trkpt lat="43.6500710" lon="-79.4166530">
    <ele>97.3</ele>
    <time>2024-07-27T10:51:58Z</time>
   </trkpt>
   <trkpt lat="43.6500660" lon="-79.4166950">
    <ele>97.3</ele>
    <time>2024-07-27T10:51:59Z</time>
   </trkpt>
   <trkpt lat="43.6500680" lon="-79.4167140">
    <ele>97.3</ele>
    <time>2024-07-27T10:52:00Z</time>
   </trkpt>
   <trkpt lat="43.6500630" lon="-79.4167350">
    <ele>97.3</ele>
    <time>2024-07-27T10:52:01Z</time>
   </trkpt>
   <trkpt lat="43.6500540" lon="-79.4167780">
    <ele>97.2</ele>
    <time>2024-07-27T10:52:02Z</time>
   </trkpt>
   <trkpt lat="43.6500470" lon="-79.4167990">
    <ele>97.2</ele>
    <time>2024-07-27T10:52:03Z</time>
   </trkpt>
   <trkpt lat="43.6500360" lon="-79.4168340">
    <ele>97.2</ele>
    <time>2024-07-27T10:52:04Z</time>
   </trkpt>
   <trkpt lat="43.6500260" lon="-79.4168730">
    <ele>97.1</ele>
    <time>2024-07-27T10:52:05Z</time>
   </trkpt>
   <trkpt lat="43.6500230" lon="-79.4168860">
    <ele>97.1</ele>
    <time>2024-07-27T10:52:06Z</time>
   </trkpt>
   <trkpt lat="43.6500070" lon="-79.4169280">
    <ele>97.1</ele>
    <time>2024-07-27T10:52:07Z</time>
   </trkpt>
   <trkpt lat="43.6499960" lon="-79.4169510">
    <ele>97.1</ele>
    <time>2024-07-27T10:52:08Z</time>
   </trkpt>
   <trkpt lat="43.6499840" lon="-79.4170190">
    <ele>97.1</ele>
    <time>2024-07-27T10:52:09Z</time>
   </trkpt>
   <trkpt lat="43.6499760" lon="-79.4170550">
    <ele>97.1</ele>
    <time>2024-07-27T10:52:10Z</time>
   </trkpt>
   <trkpt lat="43.6499680" lon="-79.4171040">
    <ele>97.0</ele>
    <time>2024-07-27T10:52:11Z</time>
   </trkpt>
   <trkpt lat="43.6499660" lon="-79.4171190">
    <ele>97.0</ele>
    <time>2024-07-27T10:52:12Z</time>
   </trkpt>
   <trkpt lat="43.6499620" lon="-79.4171690">
    <ele>97.0</ele>
    <time>2024-07-27T10:52:13Z</time>
   </trkpt>
   <trkpt lat="43.6499620" lon="-79.4171900">
    <ele>97.0</ele>
    <time>2024-07-27T10:52:14Z</time>
   </trkpt>
   <trkpt lat="43.6499670" lon="-79.4172420">
    <ele>97.0</ele>
    <time>2024-07-27T10:52:15Z</time>
   </trkpt>
   <trkpt lat="43.6499700" lon="-79.4172600">
    <ele>97.0</ele>
    <time>2024-07-27T10:52:16Z</time>
   </trkpt>
   <trkpt lat="43.6499570" lon="-79.4172980">
    <ele>97.0</ele>
    <time>2024-07-27T10:52:17Z</time>
   </trkpt>
   <trkpt lat="43.6499480" lon="-79.4173110">
    <ele>97.0</ele>
    <time>2024-07-27T10:52:18Z</time>
   </trkpt>
   <trkpt lat="43.6499410" lon="-79.4173320">
    <ele>97.0</ele>
    <time>2024-07-27T10:52:19Z</time>
   </trkpt>
   <trkpt lat="43.6499390" lon="-79.4173510">
    <ele>97.0</ele>
    <time>2024-07-27T10:52:20Z</time>
   </trkpt>
   <trkpt lat="43.6499320" lon="-79.4173980">
    <ele>97.0</ele>
    <time>2024-07-27T10:52:21Z</time>
   </trkpt>
   <trkpt lat="43.6499170" lon="-79.4174310">
    <ele>97.0</ele>
    <time>2024-07-27T10:52:22Z</time>
   </trkpt>
   <trkpt lat="43.6499130" lon="-79.4174690">
    <ele>97.0</ele>
    <time>2024-07-27T10:52:23Z</time>
   </trkpt>
   <trkpt lat="43.6499120" lon="-79.4174830">
    <ele>97.0</ele>
    <time>2024-07-27T10:52:24Z</time>
   </trkpt>
   <trkpt lat="43.6499040" lon="-79.4175210">
    <ele>97.0</ele>
    <time>2024-07-27T10:52:25Z</time>
   </trkpt>
   <trkpt lat="43.6499010" lon="-79.4175350">
    <ele>97.0</ele>
    <time>2024-07-27T10:52:26Z</time>
   </trkpt>
   <trkpt lat="43.6499040" lon="-79.4175740">
    <ele>97.0</ele>
    <time>2024-07-27T10:52:27Z</time>
   </trkpt>
   <trkpt lat="43.6499010" lon="-79.4175860">
    <ele>97.0</ele>
    <time>2024-07-27T10:52:28Z</time>
   </trkpt>
   <trkpt lat="43.6498890" lon="-79.4176330">
    <ele>97.0</ele>
    <time>2024-07-27T10:52:29Z</time>
   </trkpt>
   <trkpt lat="43.6498890" lon="-79.4176500">
    <ele>97.0</ele>
    <time>2024-07-27T10:52:30Z</time>
   </trkpt>
   <trkpt lat="43.6498900" lon="-79.4177100">
    <ele>97.0</ele>
    <time>2024-07-27T10:52:31Z</time>
   </trkpt>
   <trkpt lat="43.6498930" lon="-79.4177400">
    <ele>97.0</ele>
    <time>2024-07-27T10:52:32Z</time>
   </trkpt>
   <trkpt lat="43.6498780" lon="-79.4177880">
    <ele>97.0</ele>
    <time>2024-07-27T10:52:33Z</time>
   </trkpt>
   <trkpt lat="43.6498670" lon="-79.4178240">
    <ele>97.0</ele>
    <time>2024-07-27T10:52:34Z</time>
   </trkpt>
   <trkpt lat="43.6498540" lon="-79.4178390">
    <ele>97.0</ele>
    <time>2024-07-27T10:52:35Z</time>
   </trkpt>
   <trkpt lat="43.6498520" lon="-79.4178580">
    <ele>97.0</ele>
    <time>2024-07-27T10:52:36Z</time>
   </trkpt>
   <trkpt lat="43.6498430" lon="-79.4179050">
    <ele>97.0</ele>
    <time>2024-07-27T10:52:37Z</time>
   </trkpt>
   <trkpt lat="43.6498380" lon="-79.4179270">
    <ele>97.0</ele>
    <time>2024-07-27T10:52:38Z</time>
   </trkpt>
   <trkpt lat="43.6498290" lon="-79.4179490">
    <ele>97.0</ele>
    <time>2024-07-27T10:52:39Z</time>
   </trkpt>
   <trkpt lat="43.6498200" lon="-79.4179800">
    <ele>97.0</ele>
    <time>2024-07-27T10:52:40Z</time>
   </trkpt>
   <trkpt lat="43.6498190" lon="-79.4179880">
    <ele>97.0</ele>
    <time>2024-07-27T10:52:41Z</time>
   </trkpt>
   <trkpt lat="43.6498170" lon="-79.4179970">
    <ele>97.0</ele>
    <time>2024-07-27T10:52:42Z</time>
   </trkpt>
   <trkpt lat="43.6498050" lon="-79.4180320">
    <ele>97.0</ele>
    <time>2024-07-27T10:52:43Z</time>
   </trkpt>
   <trkpt lat="43.6497780" lon="-79.4180730">
    <ele>97.0</ele>
    <time>2024-07-27T10:52:44Z</time>
   </trkpt>
   <trkpt lat="43.6497580" lon="-79.4180950">
    <ele>97.1</ele>
    <time>2024-07-27T10:52:45Z</time>
   </trkpt>
   <trkpt lat="43.6497520" lon="-79.4181440">
    <ele>97.2</ele>
    <time>2024-07-27T10:52:46Z</time>
   </trkpt>
   <trkpt lat="43.6497530" lon="-79.4181680">
    <ele>97.2</ele>
    <time>2024-07-27T10:52:47Z</time>
   </trkpt>
   <trkpt lat="43.6497530" lon="-79.4182210">
    <ele>97.3</ele>
    <time>2024-07-27T10:52:48Z</time>
   </trkpt>
   <trkpt lat="43.6497560" lon="-79.4182400">
    <ele>97.3</ele>
    <time>2024-07-27T10:52:49Z</time>
   </trkpt>
   <trkpt lat="43.6497530" lon="-79.4182810">
    <ele>97.2</ele>
    <time>2024-07-27T10:52:50Z</time>
   </trkpt>
   <trkpt lat="43.6497520" lon="-79.4182970">
    <ele>97.2</ele>
    <time>2024-07-27T10:52:51Z</time>
   </trkpt>
   <trkpt lat="43.6497380" lon="-79.4183420">
    <ele>97.1</ele>
    <time>2024-07-27T10:52:52Z</time>
   </trkpt>
   <trkpt lat="43.6497430" lon="-79.4183590">
    <ele>97.1</ele>
    <time>2024-07-27T10:52:53Z</time>
   </trkpt>
   <trkpt lat="43.6497380" lon="-79.4183890">
    <ele>97.1</ele>
    <time>2024-07-27T10:52:54Z</time>
   </trkpt>
   <trkpt lat="43.6497330" lon="-79.4184290">
    <ele>97.2</ele>
    <time>2024-07-27T10:52:55Z</time>
   </trkpt>
   <trkpt lat="43.6497230" lon="-79.4184810">
    <ele>97.2</ele>
    <time>2024-07-27T10:52:56Z</time>
   </trkpt>
   <trkpt lat="43.6497230" lon="-79.4185000">
    <ele>97.2</ele>
    <time>2024-07-27T10:52:57Z</time>
   </trkpt>
   <trkpt lat="43.6497370" lon="-79.4185330">
    <ele>97.2</ele>
    <time>2024-07-27T10:52:58Z</time>
   </trkpt>
   <trkpt lat="43.6497080" lon="-79.4185590">
    <ele>97.3</ele>
    <time>2024-07-27T10:52:59Z</time>
   </trkpt>
   <trkpt lat="43.6496950" lon="-79.4185570">
    <ele>97.3</ele>
    <time>2024-07-27T10:53:00Z</time>
   </trkpt>
   <trkpt lat="43.6496870" lon="-79.4186150">
    <ele>97.3</ele>
    <time>2024-07-27T10:53:01Z</time>
   </trkpt>
   <trkpt lat="43.6496760" lon="-79.4186670">
    <ele>97.4</ele>
    <time>2024-07-27T10:53:02Z</time>
   </trkpt>
   <trkpt lat="43.6496730" lon="-79.4186850">
    <ele>97.4</ele>
    <time>2024-07-27T10:53:03Z</time>
   </trkpt>
   <trkpt lat="43.6496580" lon="-79.4187340">
    <ele>97.4</ele>
    <time>2024-07-27T10:53:04Z</time>
   </trkpt>
   <trkpt lat="43.6496500" lon="-79.4187480">
    <ele>97.4</ele>
    <time>2024-07-27T10:53:05Z</time>
   </trkpt>
   <trkpt lat="43.6496350" lon="-79.4187840">
    <ele>97.5</ele>
    <time>2024-07-27T10:53:06Z</time>
   </trkpt>
   <trkpt lat="43.6496410" lon="-79.4188130">
    <ele>97.5</ele>
    <time>2024-07-27T10:53:07Z</time>
   </trkpt>
   <trkpt lat="43.6496420" lon="-79.4188270">
    <ele>97.5</ele>
    <time>2024-07-27T10:53:08Z</time>
   </trkpt>
   <trkpt lat="43.6496300" lon="-79.4188500">
    <ele>97.5</ele>
    <time>2024-07-27T10:53:09Z</time>
   </trkpt>
   <trkpt lat="43.6496260" lon="-79.4188650">
    <ele>97.5</ele>
    <time>2024-07-27T10:53:10Z</time>
   </trkpt>
   <trkpt lat="43.6496220" lon="-79.4188800">
    <ele>97.6</ele>
    <time>2024-07-27T10:53:11Z</time>
   </trkpt>
   <trkpt lat="43.6496080" lon="-79.4189150">
    <ele>97.6</ele>
    <time>2024-07-27T10:53:12Z</time>
   </trkpt>
   <trkpt lat="43.6495960" lon="-79.4189640">
    <ele>97.7</ele>
    <time>2024-07-27T10:53:13Z</time>
   </trkpt>
   <trkpt lat="43.6495830" lon="-79.4190150">
    <ele>97.7</ele>
    <time>2024-07-27T10:53:14Z</time>
   </trkpt>
   <trkpt lat="43.6495760" lon="-79.4190340">
    <ele>97.7</ele>
    <time>2024-07-27T10:53:15Z</time>
   </trkpt>
   <trkpt lat="43.6495650" lon="-79.4190720">
    <ele>97.8</ele>
    <time>2024-07-27T10:53:16Z</time>
   </trkpt>
   <trkpt lat="43.6495600" lon="-79.4190830">
    <ele>97.8</ele>
    <time>2024-07-27T10:53:17Z</time>
   </trkpt>
   <trkpt lat="43.6495460" lon="-79.4191240">
    <ele>97.8</ele>
    <time>2024-07-27T10:53:18Z</time>
   </trkpt>
   <trkpt lat="43.6495450" lon="-79.4191380">
    <ele>97.8</ele>
    <time>2024-07-27T10:53:19Z</time>
   </trkpt>
   <trkpt lat="43.6495490" lon="-79.4191730">
    <ele>97.9</ele>
    <time>2024-07-27T10:53:20Z</time>
   </trkpt>
   <trkpt lat="43.6495460" lon="-79.4192040">
    <ele>97.9</ele>
    <time>2024-07-27T10:53:21Z</time>
   </trkpt>
   <trkpt lat="43.6495420" lon="-79.4192520">
    <ele>97.9</ele>
    <time>2024-07-27T10:53:22Z</time>
   </trkpt>
   <trkpt lat="43.6495300" lon="-79.4192930">
    <ele>98.0</ele>
    <time>2024-07-27T10:53:23Z</time>
   </trkpt>
   <trkpt lat="43.6495270" lon="-79.4193160">
    <ele>98.0</ele>
    <time>2024-07-27T10:53:24Z</time>
   </trkpt>
   <trkpt lat="43.6495220" lon="-79.4193460">
    <ele>98.0</ele>
    <time>2024-07-27T10:53:25Z</time>
   </trkpt>
   <trkpt lat="43.6494990" lon="-79.4194210">
    <ele>98.1</ele>
    <time>2024-07-27T10:53:27Z</time>
   </trkpt>
   <trkpt lat="43.6494920" lon="-79.4194680">
    <ele>98.1</ele>
    <time>2024-07-27T10:53:28Z</time>
   </trkpt>
   <trkpt lat="43.6494900" lon="-79.4194830">
    <ele>98.1</ele>
    <time>2024-07-27T10:53:29Z</time>
   </trkpt>
   <trkpt lat="43.6494860" lon="-79.4195100">
    <ele>98.2</ele>
    <time>2024-07-27T10:53:30Z</time>
   </trkpt>
   <trkpt lat="43.6494900" lon="-79.4195320">
    <ele>98.2</ele>
    <time>2024-07-27T10:53:31Z</time>
   </trkpt>
   <trkpt lat="43.6494850" lon="-79.4195740">
    <ele>98.2</ele>
    <time>2024-07-27T10:53:32Z</time>
   </trkpt>
   <trkpt lat="43.6494880" lon="-79.4196110">
    <ele>98.2</ele>
    <time>2024-07-27T10:53:33Z</time>
   </trkpt>
   <trkpt lat="43.6494810" lon="-79.4196360">
    <ele>98.3</ele>
    <time>2024-07-27T10:53:34Z</time>
   </trkpt>
   <trkpt lat="43.6494750" lon="-79.4196570">
    <ele>98.3</ele>
    <time>2024-07-27T10:53:35Z</time>
   </trkpt>
   <trkpt lat="43.6494690" lon="-79.4196770">
    <ele>98.3</ele>
    <time>2024-07-27T10:53:36Z</time>
   </trkpt>
   <trkpt lat="43.6494580" lon="-79.4197120">
    <ele>98.3</ele>
    <time>2024-07-27T10:53:37Z</time>
   </trkpt>
   <trkpt lat="43.6494490" lon="-79.4197730">
    <ele>98.4</ele>
    <time>2024-07-27T10:53:38Z</time>
   </trkpt>
   <trkpt lat="43.6494450" lon="-79.4197970">
    <ele>98.4</ele>
    <time>2024-07-27T10:53:39Z</time>
   </trkpt>
   <trkpt lat="43.6494330" lon="-79.4198360">
    <ele>98.5</ele>
    <time>2024-07-27T10:53:40Z</time>
   </trkpt>
   <trkpt lat="43.6494320" lon="-79.4198480">
    <ele>98.5</ele>
    <time>2024-07-27T10:53:41Z</time>
   </trkpt>
   <trkpt lat="43.6494220" lon="-79.4198910">
    <ele>98.5</ele>
    <time>2024-07-27T10:53:42Z</time>
   </trkpt>
   <trkpt lat="43.6494200" lon="-79.4199330">
    <ele>98.6</ele>
    <time>2024-07-27T10:53:43Z</time>
   </trkpt>
   <trkpt lat="43.6494190" lon="-79.4199480">
    <ele>98.6</ele>
    <time>2024-07-27T10:53:44Z</time>
   </trkpt>
   <trkpt lat="43.6494120" lon="-79.4199850">
    <ele>98.6</ele>
    <time>2024-07-27T10:53:45Z</time>
   </trkpt>
   <trkpt lat="43.6494010" lon="-79.4200330">
    <ele>98.7</ele>
    <time>2024-07-27T10:53:46Z</time>
   </trkpt>
   <trkpt lat="43.6493960" lon="-79.4200480">
    <ele>98.7</ele>
    <time>2024-07-27T10:53:47Z</time>
   </trkpt>
   <trkpt lat="43.6493880" lon="-79.4200890">
    <ele>98.7</ele>
    <time>2024-07-27T10:53:48Z</time>
   </trkpt>
   <trkpt lat="43.6493890" lon="-79.4201020">
    <ele>98.8</ele>
    <time>2024-07-27T10:53:49Z</time>
   </trkpt>
   <trkpt lat="43.6493500" lon="-79.4202100">
    <ele>98.9</ele>
    <time>2024-07-27T10:53:50Z</time>
   </trkpt>
   <trkpt lat="43.6493520" lon="-79.4202370">
    <ele>98.9</ele>
    <time>2024-07-27T10:53:51Z</time>
   </trkpt>
   <trkpt lat="43.6493570" lon="-79.4202560">
    <ele>98.9</ele>
    <time>2024-07-27T10:53:52Z</time>
   </trkpt>
   <trkpt lat="43.6493470" lon="-79.4202860">
    <ele>99.0</ele>
    <time>2024-07-27T10:53:53Z</time>
   </trkpt>
   <trkpt lat="43.6493360" lon="-79.4202920">
    <ele>99.0</ele>
    <time>2024-07-27T10:53:54Z</time>
   </trkpt>
   <trkpt lat="43.6493350" lon="-79.4202990">
    <ele>99.0</ele>
    <time>2024-07-27T10:53:55Z</time>
   </trkpt>
   <trkpt lat="43.6493330" lon="-79.4203080">
    <ele>99.0</ele>
    <time>2024-07-27T10:53:56Z</time>
   </trkpt>
   <trkpt lat="43.6493250" lon="-79.4203050">
    <ele>99.0</ele>
    <time>2024-07-27T10:53:57Z</time>
   </trkpt>
   <trkpt lat="43.6493140" lon="-79.4203170">
    <ele>99.0</ele>
    <time>2024-07-27T10:53:58Z</time>
   </trkpt>
   <trkpt lat="43.6492970" lon="-79.4203450">
    <ele>99.1</ele>
    <time>2024-07-27T10:53:59Z</time>
   </trkpt>
   <trkpt lat="43.6492950" lon="-79.4203490">
    <ele>99.1</ele>
    <time>2024-07-27T10:54:00Z</time>
   </trkpt>
   <trkpt lat="43.6492930" lon="-79.4203530">
    <ele>99.1</ele>
    <time>2024-07-27T10:54:01Z</time>
   </trkpt>
   <trkpt lat="43.6492910" lon="-79.4203570">
    <ele>99.1</ele>
    <time>2024-07-27T10:54:02Z</time>
   </trkpt>
   <trkpt lat="43.6492890" lon="-79.4203880">
    <ele>99.1</ele>
    <time>2024-07-27T10:54:03Z</time>
   </trkpt>
   <trkpt lat="43.6492910" lon="-79.4204050">
    <ele>99.1</ele>
    <time>2024-07-27T10:54:04Z</time>
   </trkpt>
   <trkpt lat="43.6492940" lon="-79.4204230">
    <ele>99.1</ele>
    <time>2024-07-27T10:54:05Z</time>
   </trkpt>
   <trkpt lat="43.6492970" lon="-79.4204690">
    <ele>99.2</ele>
    <time>2024-07-27T10:54:06Z</time>
   </trkpt>
   <trkpt lat="43.6493080" lon="-79.4205270">
    <ele>99.2</ele>
    <time>2024-07-27T10:54:07Z</time>
   </trkpt>
   <trkpt lat="43.6493100" lon="-79.4205720">
    <ele>99.2</ele>
    <time>2024-07-27T10:54:08Z</time>
   </trkpt>
   <trkpt lat="43.6493130" lon="-79.4206150">
    <ele>99.3</ele>
    <time>2024-07-27T10:54:09Z</time>
   </trkpt>
   <trkpt lat="43.6493090" lon="-79.4206640">
    <ele>99.3</ele>
    <time>2024-07-27T10:54:10Z</time>
   </trkpt>
   <trkpt lat="43.6493090" lon="-79.4206820">
    <ele>99.3</ele>
    <time>2024-07-27T10:54:11Z</time>
   </trkpt>
   <trkpt lat="43.6493140" lon="-79.4207290">
    <ele>99.4</ele>
    <time>2024-07-27T10:54:12Z</time>
   </trkpt>
   <trkpt lat="43.6493170" lon="-79.4207480">
    <ele>99.4</ele>
    <time>2024-07-27T10:54:13Z</time>
   </trkpt>
   <trkpt lat="43.6493060" lon="-79.4207890">
    <ele>99.4</ele>
    <time>2024-07-27T10:54:14Z</time>
   </trkpt>
   <trkpt lat="43.6493040" lon="-79.4207960">
    <ele>99.4</ele>
    <time>2024-07-27T10:54:15Z</time>
   </trkpt>
   <trkpt lat="43.6493000" lon="-79.4208120">
    <ele>99.5</ele>
    <time>2024-07-27T10:54:16Z</time>
   </trkpt>
   <trkpt lat="43.6492890" lon="-79.4208400">
    <ele>99.5</ele>
    <time>2024-07-27T10:54:17Z</time>
   </trkpt>
   <trkpt lat="43.6492780" lon="-79.4208610">
    <ele>99.5</ele>
    <time>2024-07-27T10:54:18Z</time>
   </trkpt>
   <trkpt lat="43.6492710" lon="-79.4208720">
    <ele>99.5</ele>
    <time>2024-07-27T10:54:19Z</time>
   </trkpt>
   <trkpt lat="43.6492620" lon="-79.4209090">
    <ele>99.5</ele>
    <time>2024-07-27T10:54:20Z</time>
   </trkpt>
   <trkpt lat="43.6492620" lon="-79.4209210">
    <ele>99.5</ele>
    <time>2024-07-27T10:54:21Z</time>
   </trkpt>
   <trkpt lat="43.6492810" lon="-79.4209640">
    <ele>99.5</ele>
    <time>2024-07-27T10:54:22Z</time>
   </trkpt>
   <trkpt lat="43.6492900" lon="-79.4209990">
    <ele>99.6</ele>
    <time>2024-07-27T10:54:23Z</time>
   </trkpt>
   <trkpt lat="43.6492880" lon="-79.4210130">
    <ele>99.6</ele>
    <time>2024-07-27T10:54:24Z</time>
   </trkpt>
   <trkpt lat="43.6492710" lon="-79.4210490">
    <ele>99.6</ele>
    <time>2024-07-27T10:54:25Z</time>
   </trkpt>
   <trkpt lat="43.6492590" lon="-79.4210890">
    <ele>99.6</ele>
    <time>2024-07-27T10:54:26Z</time>
   </trkpt>
   <trkpt lat="43.6492610" lon="-79.4211000">
    <ele>99.6</ele>
    <time>2024-07-27T10:54:27Z</time>
   </trkpt>
   <trkpt lat="43.6492620" lon="-79.4211170">
    <ele>99.6</ele>
    <time>2024-07-27T10:54:28Z</time>
   </trkpt>
   <trkpt lat="43.6492580" lon="-79.4211430">
    <ele>99.6</ele>
    <time>2024-07-27T10:54:29Z</time>
   </trkpt>
   <trkpt lat="43.6492880" lon="-79.4211980">
    <ele>99.6</ele>
    <time>2024-07-27T10:54:30Z</time>
   </trkpt>
   <trkpt lat="43.6492940" lon="-79.4212310">
    <ele>99.6</ele>
    <time>2024-07-27T10:54:31Z</time>
   </trkpt>
   <trkpt lat="43.6492910" lon="-79.4212370">
    <ele>99.6</ele>
    <time>2024-07-27T10:54:32Z</time>
   </trkpt>
   <trkpt lat="43.6492980" lon="-79.4212560">
    <ele>99.6</ele>
    <time>2024-07-27T10:54:33Z</time>
   </trkpt>
   <trkpt lat="43.6493040" lon="-79.4212800">
    <ele>99.6</ele>
    <time>2024-07-27T10:54:34Z</time>
   </trkpt>
   <trkpt lat="43.6493030" lon="-79.4213410">
    <ele>99.6</ele>
    <time>2024-07-27T10:54:35Z</time>
   </trkpt>
   <trkpt lat="43.6493140" lon="-79.4213810">
    <ele>99.6</ele>
    <time>2024-07-27T10:54:36Z</time>
   </trkpt>
   <trkpt lat="43.6493160" lon="-79.4213960">
    <ele>99.6</ele>
    <time>2024-07-27T10:54:37Z</time>
   </trkpt>
   <trkpt lat="43.6493360" lon="-79.4214150">
    <ele>99.7</ele>
    <time>2024-07-27T10:54:38Z</time>
   </trkpt>
   <trkpt lat="43.6493450" lon="-79.4214200">
    <ele>99.7</ele>
    <time>2024-07-27T10:54:39Z</time>
   </trkpt>
   <trkpt lat="43.6493560" lon="-79.4214440">
    <ele>99.7</ele>
    <time>2024-07-27T10:54:40Z</time>
   </trkpt>
   <trkpt lat="43.6493640" lon="-79.4214580">
    <ele>99.7</ele>
    <time>2024-07-27T10:54:41Z</time>
   </trkpt>
   <trkpt lat="43.6493710" lon="-79.4214730">
    <ele>99.7</ele>
    <time>2024-07-27T10:54:42Z</time>
   </trkpt>
   <trkpt lat="43.6494000" lon="-79.4215010">
    <ele>99.7</ele>
    <time>2024-07-27T10:54:43Z</time>
   </trkpt>
   <trkpt lat="43.6494120" lon="-79.4215280">
    <ele>99.7</ele>
    <time>2024-07-27T10:54:44Z</time>
   </trkpt>
   <trkpt lat="43.6494150" lon="-79.4215420">
    <ele>99.7</ele>
    <time>2024-07-27T10:54:45Z</time>
   </trkpt>
   <trkpt lat="43.6494190" lon="-79.4215570">
    <ele>99.7</ele>
    <time>2024-07-27T10:54:46Z</time>
   </trkpt>
   <trkpt lat="43.6494300" lon="-79.4216080">
    <ele>99.7</ele>
    <time>2024-07-27T10:54:47Z</time>
   </trkpt>
   <trkpt lat="43.6494450" lon="-79.4216560">
    <ele>99.7</ele>
    <time>2024-07-27T10:54:48Z</time>
   </trkpt>
   <trkpt lat="43.6494470" lon="-79.4216740">
    <ele>99.7</ele>
    <time>2024-07-27T10:54:49Z</time>
   </trkpt>
   <trkpt lat="43.6494150" lon="-79.4217500">
    <ele>99.7</ele>
    <time>2024-07-27T10:54:50Z</time>
   </trkpt>
   <trkpt lat="43.6494100" lon="-79.4217960">
    <ele>99.7</ele>
    <time>2024-07-27T10:54:51Z</time>
   </trkpt>
   <trkpt lat="43.6494290" lon="-79.4218130">
    <ele>99.7</ele>
    <time>2024-07-27T10:54:52Z</time>
   </trkpt>
   <trkpt lat="43.6494360" lon="-79.4218380">
    <ele>99.7</ele>
    <time>2024-07-27T10:54:53Z</time>
   </trkpt>
   <trkpt lat="43.6494590" lon="-79.4219020">
    <ele>99.7</ele>
    <time>2024-07-27T10:54:54Z</time>
   </trkpt>
   <trkpt lat="43.6494770" lon="-79.4219430">
    <ele>99.7</ele>
    <time>2024-07-27T10:54:55Z</time>
   </trkpt>
   <trkpt lat="43.6494480" lon="-79.4220030">
    <ele>99.7</ele>
    <time>2024-07-27T10:54:56Z</time>
   </trkpt>
   <trkpt lat="43.6494220" lon="-79.4220590">
    <ele>99.8</ele>
    <time>2024-07-27T10:54:57Z</time>
   </trkpt>
   <trkpt lat="43.6494320" lon="-79.4220950">
    <ele>99.8</ele>
    <time>2024-07-27T10:54:58Z</time>
   </trkpt>
   <trkpt lat="43.6494120" lon="-79.4221390">
    <ele>99.8</ele>
    <time>2024-07-27T10:54:59Z</time>
   </trkpt>
   <trkpt lat="43.6494030" lon="-79.4222140">
    <ele>99.8</ele>
    <time>2024-07-27T10:55:00Z</time>
   </trkpt>
   <trkpt lat="43.6493900" lon="-79.4222510">
    <ele>99.8</ele>
    <time>2024-07-27T10:55:01Z</time>
   </trkpt>
   <trkpt lat="43.6493840" lon="-79.4223410">
    <ele>99.8</ele>
    <time>2024-07-27T10:55:02Z</time>
   </trkpt>
   <trkpt lat="43.6493760" lon="-79.4223820">
    <ele>99.8</ele>
    <time>2024-07-27T10:55:03Z</time>
   </trkpt>
   <trkpt lat="43.6493730" lon="-79.4223970">
    <ele>99.8</ele>
    <time>2024-07-27T10:55:04Z</time>
   </trkpt>
   <trkpt lat="43.6493690" lon="-79.4224200">
    <ele>99.8</ele>
    <time>2024-07-27T10:55:05Z</time>
   </trkpt>
   <trkpt lat="43.6493670" lon="-79.4224390">
    <ele>99.8</ele>
    <time>2024-07-27T10:55:06Z</time>
   </trkpt>
   <trkpt lat="43.6493570" lon="-79.4224780">
    <ele>99.8</ele>
    <time>2024-07-27T10:55:07Z</time>
   </trkpt>
   <trkpt lat="43.6493480" lon="-79.4225150">
    <ele>99.8</ele>
    <time>2024-07-27T10:55:08Z</time>
   </trkpt>
   <trkpt lat="43.6493350" lon="-79.4225720">
    <ele>99.9</ele>
    <time>2024-07-27T10:55:09Z</time>
   </trkpt>
   <trkpt lat="43.6493290" lon="-79.4225970">
    <ele>99.9</ele>
    <time>2024-07-27T10:55:10Z</time>
   </trkpt>
   <trkpt lat="43.6493190" lon="-79.4226340">
    <ele>99.9</ele>
    <time>2024-07-27T10:55:11Z</time>
   </trkpt>
   <trkpt lat="43.6493200" lon="-79.4227010">
    <ele>99.9</ele>
    <time>2024-07-27T10:55:12Z</time>
   </trkpt>
   <trkpt lat="43.6493110" lon="-79.4227650">
    <ele>99.9</ele>
    <time>2024-07-27T10:55:13Z</time>
   </trkpt>
   <trkpt lat="43.6493080" lon="-79.4228080">
    <ele>99.9</ele>
    <time>2024-07-27T10:55:14Z</time>
   </trkpt>
   <trkpt lat="43.6493100" lon="-79.4228540">
    <ele>99.9</ele>
    <time>2024-07-27T10:55:15Z</time>
   </trkpt>
   <trkpt lat="43.6493120" lon="-79.4228700">
    <ele>99.9</ele>
    <time>2024-07-27T10:55:16Z</time>
   </trkpt>
   <trkpt lat="43.6493020" lon="-79.4229110">
    <ele>99.9</ele>
    <time>2024-07-27T10:55:17Z</time>
   </trkpt>
   <trkpt lat="43.6492880" lon="-79.4229490">
    <ele>99.9</ele>
    <time>2024-07-27T10:55:18Z</time>
   </trkpt>
   <trkpt lat="43.6492790" lon="-79.4229750">
    <ele>99.9</ele>
    <time>2024-07-27T10:55:19Z</time>
   </trkpt>
   <trkpt lat="43.6492700" lon="-79.4230010">
    <ele>99.9</ele>
    <time>2024-07-27T10:55:20Z</time>
   </trkpt>
   <trkpt lat="43.6492370" lon="-79.4230500">
    <ele>99.9</ele>
    <time>2024-07-27T10:55:21Z</time>
   </trkpt>
   <trkpt lat="43.6492130" lon="-79.4230770">
    <ele>99.9</ele>
    <time>2024-07-27T10:55:22Z</time>
   </trkpt>
   <trkpt lat="43.6492310" lon="-79.4231160">
    <ele>99.9</ele>
    <time>2024-07-27T10:55:23Z</time>
   </trkpt>
   <trkpt lat="43.6493120" lon="-79.4231660">
    <ele>99.9</ele>
    <time>2024-07-27T10:55:24Z</time>
   </trkpt>
   <trkpt lat="43.6493270" lon="-79.4231830">
    <ele>99.9</ele>
    <time>2024-07-27T10:55:26Z</time>
   </trkpt>
   <trkpt lat="43.6493210" lon="-79.4232120">
    <ele>100.0</ele>
    <time>2024-07-27T10:55:27Z</time>
   </trkpt>
   <trkpt lat="43.6493160" lon="-79.4232560">
    <ele>100.0</ele>
    <time>2024-07-27T10:55:28Z</time>
   </trkpt>
   <trkpt lat="43.6493140" lon="-79.4232570">
    <ele>100.0</ele>
    <time>2024-07-27T10:55:29Z</time>
   </trkpt>
   <trkpt lat="43.6493290" lon="-79.4232440">
    <ele>100.0</ele>
    <time>2024-07-27T10:55:30Z</time>
   </trkpt>
   <trkpt lat="43.6493390" lon="-79.4232490">
    <ele>100.0</ele>
    <time>2024-07-27T10:55:31Z</time>
   </trkpt>
   <trkpt lat="43.6493410" lon="-79.4232750">
    <ele>100.0</ele>
    <time>2024-07-27T10:55:32Z</time>
   </trkpt>
   <trkpt lat="43.6493460" lon="-79.4233080">
    <ele>100.0</ele>
    <time>2024-07-27T10:55:33Z</time>
   </trkpt>
   <trkpt lat="43.6493540" lon="-79.4233310">
    <ele>100.0</ele>
    <time>2024-07-27T10:55:34Z</time>
   </trkpt>
   <trkpt lat="43.6493610" lon="-79.4233540">
    <ele>100.0</ele>
    <time>2024-07-27T10:55:35Z</time>
   </trkpt>
   <trkpt lat="43.6493450" lon="-79.4233890">
    <ele>100.0</ele>
    <time>2024-07-27T10:55:36Z</time>
   </trkpt>
   <trkpt lat="43.6493440" lon="-79.4234020">
    <ele>100.0</ele>
    <time>2024-07-27T10:55:37Z</time>
   </trkpt>
   <trkpt lat="43.6493520" lon="-79.4234590">
    <ele>100.1</ele>
    <time>2024-07-27T10:55:38Z</time>
   </trkpt>
   <trkpt lat="43.6493580" lon="-79.4234940">
    <ele>100.1</ele>
    <time>2024-07-27T10:55:39Z</time>
   </trkpt>
   <trkpt lat="43.6493140" lon="-79.4235340">
    <ele>100.1</ele>
    <time>2024-07-27T10:55:40Z</time>
   </trkpt>
   <trkpt lat="43.6493080" lon="-79.4235900">
    <ele>100.1</ele>
    <time>2024-07-27T10:55:41Z</time>
   </trkpt>
   <trkpt lat="43.6493130" lon="-79.4236370">
    <ele>100.2</ele>
    <time>2024-07-27T10:55:42Z</time>
   </trkpt>
   <trkpt lat="43.6493190" lon="-79.4236550">
    <ele>100.2</ele>
    <time>2024-07-27T10:55:43Z</time>
   </trkpt>
   <trkpt lat="43.6493200" lon="-79.4237000">
    <ele>100.2</ele>
    <time>2024-07-27T10:55:44Z</time>
   </trkpt>
   <trkpt lat="43.6493030" lon="-79.4237460">
    <ele>100.2</ele>
    <time>2024-07-27T10:55:45Z</time>
   </trkpt>
   <trkpt lat="43.6492990" lon="-79.4237600">
    <ele>100.2</ele>
    <time>2024-07-27T10:55:46Z</time>
   </trkpt>
   <trkpt lat="43.6493080" lon="-79.4237730">
    <ele>100.2</ele>
    <time>2024-07-27T10:55:47Z</time>
   </trkpt>
   <trkpt lat="43.6493140" lon="-79.4237880">
    <ele>100.3</ele>
    <time>2024-07-27T10:55:48Z</time>
   </trkpt>
   <trkpt lat="43.6493190" lon="-79.4238020">
    <ele>100.3</ele>
    <time>2024-07-27T10:55:49Z</time>
   </trkpt>
   <trkpt lat="43.6493510" lon="-79.4238400">
    <ele>100.3</ele>
    <time>2024-07-27T10:55:50Z</time>
   </trkpt>
   <trkpt lat="43.6493670" lon="-79.4238820">
    <ele>100.3</ele>
    <time>2024-07-27T10:55:51Z</time>
   </trkpt>
   <trkpt lat="43.6493630" lon="-79.4239470">
    <ele>100.4</ele>
    <time>2024-07-27T10:55:52Z</time>
   </trkpt>
   <trkpt lat="43.6493600" lon="-79.4239750">
    <ele>100.4</ele>
    <time>2024-07-27T10:55:53Z</time>
   </trkpt>
   <trkpt lat="43.6493500" lon="-79.4240170">
    <ele>100.4</ele>
    <time>2024-07-27T10:55:54Z</time>
   </trkpt>
   <trkpt lat="43.6493460" lon="-79.4240300">
    <ele>100.4</ele>
    <time>2024-07-27T10:55:55Z</time>
   </trkpt>
   <trkpt lat="43.6493610" lon="-79.4240720">
    <ele>100.4</ele>
    <time>2024-07-27T10:55:56Z</time>
   </trkpt>
   <trkpt lat="43.6493760" lon="-79.4241070">
    <ele>100.5</ele>
    <time>2024-07-27T10:55:57Z</time>
   </trkpt>
   <trkpt lat="43.6493850" lon="-79.4241470">
    <ele>100.5</ele>
    <time>2024-07-27T10:55:58Z</time>
   </trkpt>
   <trkpt lat="43.6493870" lon="-79.4241550">
    <ele>100.5</ele>
    <time>2024-07-27T10:55:59Z</time>
   </trkpt>
   <trkpt lat="43.6493910" lon="-79.4241750">
    <ele>100.5</ele>
    <time>2024-07-27T10:56:00Z</time>
   </trkpt>
   <trkpt lat="43.6493970" lon="-79.4242000">
    <ele>100.5</ele>
    <time>2024-07-27T10:56:01Z</time>
   </trkpt>
   <trkpt lat="43.6494020" lon="-79.4242450">
    <ele>100.6</ele>
    <time>2024-07-27T10:56:02Z</time>
   </trkpt>
   <trkpt lat="43.6494030" lon="-79.4242560">
    <ele>100.6</ele>
    <time>2024-07-27T10:56:03Z</time>
   </trkpt>
   <trkpt lat="43.6493940" lon="-79.4242870">
    <ele>100.6</ele>
    <time>2024-07-27T10:56:04Z</time>
   </trkpt>
   <trkpt lat="43.6493860" lon="-79.4242910">
    <ele>100.6</ele>
    <time>2024-07-27T10:56:05Z</time>
   </trkpt>
   <trkpt lat="43.6493750" lon="-79.4243300">
    <ele>100.7</ele>
    <time>2024-07-27T10:56:06Z</time>
   </trkpt>
   <trkpt lat="43.6493680" lon="-79.4243400">
    <ele>100.7</ele>
    <time>2024-07-27T10:56:07Z</time>
   </trkpt>
   <trkpt lat="43.6493650" lon="-79.4243740">
    <ele>100.7</ele>
    <time>2024-07-27T10:56:08Z</time>
   </trkpt>
   <trkpt lat="43.6493670" lon="-79.4243890">
    <ele>100.7</ele>
    <time>2024-07-27T10:56:09Z</time>
   </trkpt>
   <trkpt lat="43.6493680" lon="-79.4244030">
    <ele>100.7</ele>
    <time>2024-07-27T10:56:10Z</time>
   </trkpt>
   <trkpt lat="43.6493710" lon="-79.4244550">
    <ele>100.8</ele>
    <time>2024-07-27T10:56:11Z</time>
   </trkpt>
   <trkpt lat="43.6493710" lon="-79.4244730">
    <ele>100.8</ele>
    <time>2024-07-27T10:56:12Z</time>
   </trkpt>
   <trkpt lat="43.6493740" lon="-79.4245220">
    <ele>100.8</ele>
    <time>2024-07-27T10:56:13Z</time>
   </trkpt>
   <trkpt lat="43.6493800" lon="-79.4245710">
    <ele>100.9</ele>
    <time>2024-07-27T10:56:14Z</time>
   </trkpt>
   <trkpt lat="43.6493830" lon="-79.4246120">
    <ele>100.9</ele>
    <time>2024-07-27T10:56:15Z</time>
   </trkpt>
   <trkpt lat="43.6493940" lon="-79.4246520">
    <ele>101.0</ele>
    <time>2024-07-27T10:56:16Z</time>
   </trkpt>
   <trkpt lat="43.6493960" lon="-79.4246610">
    <ele>101.0</ele>
    <time>2024-07-27T10:56:17Z</time>
   </trkpt>
   <trkpt lat="43.6494020" lon="-79.4247010">
    <ele>101.0</ele>
    <time>2024-07-27T10:56:18Z</time>
   </trkpt>
   <trkpt lat="43.6494060" lon="-79.4247080">
    <ele>101.0</ele>
    <time>2024-07-27T10:56:19Z</time>
   </trkpt>
   <trkpt lat="43.6493930" lon="-79.4247190">
    <ele>101.1</ele>
    <time>2024-07-27T10:56:20Z</time>
   </trkpt>
   <trkpt lat="43.6493960" lon="-79.4247460">
    <ele>101.1</ele>
    <time>2024-07-27T10:56:21Z</time>
   </trkpt>
   <trkpt lat="43.6493890" lon="-79.4247880">
    <ele>101.1</ele>
    <time>2024-07-27T10:56:22Z</time>
   </trkpt>
   <trkpt lat="43.6493820" lon="-79.4248090">
    <ele>101.1</ele>
    <time>2024-07-27T10:56:23Z</time>
   </trkpt>
   <trkpt lat="43.6493840" lon="-79.4248650">
    <ele>101.1</ele>
    <time>2024-07-27T10:56:24Z</time>
   </trkpt>
   <trkpt lat="43.6493910" lon="-79.4248930">
    <ele>101.1</ele>
    <time>2024-07-27T10:56:25Z</time>
   </trkpt>
   <trkpt lat="43.6494060" lon="-79.4249380">
    <ele>101.2</ele>
    <time>2024-07-27T10:56:26Z</time>
   </trkpt>
   <trkpt lat="43.6494080" lon="-79.4249550">
    <ele>101.2</ele>
    <time>2024-07-27T10:56:27Z</time>
   </trkpt>
   <trkpt lat="43.6494190" lon="-79.4249970">
    <ele>101.2</ele>
    <time>2024-07-27T10:56:28Z</time>
   </trkpt>
   <trkpt lat="43.6494190" lon="-79.4250070">
    <ele>101.2</ele>
    <time>2024-07-27T10:56:29Z</time>
   </trkpt>
   <trkpt lat="43.6494290" lon="-79.4250240">
    <ele>101.2</ele>
    <time>2024-07-27T10:56:30Z</time>
   </trkpt>
   <trkpt lat="43.6493970" lon="-79.4250400">
    <ele>101.3</ele>
    <time>2024-07-27T10:56:31Z</time>
   </trkpt>
   <trkpt lat="43.6493790" lon="-79.4250850">
    <ele>101.3</ele>
    <time>2024-07-27T10:56:32Z</time>
   </trkpt>
   <trkpt lat="43.6493750" lon="-79.4251060">
    <ele>101.3</ele>
    <time>2024-07-27T10:56:33Z</time>
   </trkpt>
   <trkpt lat="43.6493870" lon="-79.4251590">
    <ele>101.3</ele>
    <time>2024-07-27T10:56:34Z</time>
   </trkpt>
   <trkpt lat="43.6493940" lon="-79.4251860">
    <ele>101.4</ele>
    <time>2024-07-27T10:56:35Z</time>
   </trkpt>
   <trkpt lat="43.6494030" lon="-79.4252270">
    <ele>101.4</ele>
    <time>2024-07-27T10:56:36Z</time>
   </trkpt>
   <trkpt lat="43.6494060" lon="-79.4252670">
    <ele>101.4</ele>
    <time>2024-07-27T10:56:37Z</time>
   </trkpt>
   <trkpt lat="43.6494090" lon="-79.4252830">
    <ele>101.4</ele>
    <time>2024-07-27T10:56:38Z</time>
   </trkpt>
   <trkpt lat="43.6494070" lon="-79.4253320">
    <ele>101.5</ele>
    <time>2024-07-27T10:56:39Z</time>
   </trkpt>
   <trkpt lat="43.6494110" lon="-79.4253800">
    <ele>101.5</ele>
    <time>2024-07-27T10:56:40Z</time>
   </trkpt>
   <trkpt lat="43.6494110" lon="-79.4254310">
    <ele>101.5</ele>
    <time>2024-07-27T10:56:41Z</time>
   </trkpt>
   <trkpt lat="43.6494080" lon="-79.4254470">
    <ele>101.5</ele>
    <time>2024-07-27T10:56:42Z</time>
   </trkpt>
   <trkpt lat="43.6494220" lon="-79.4254980">
    <ele>101.6</ele>
    <time>2024-07-27T10:56:43Z</time>
   </trkpt>
   <trkpt lat="43.6494290" lon="-79.4255230">
    <ele>101.6</ele>
    <time>2024-07-27T10:56:44Z</time>
   </trkpt>
   <trkpt lat="43.6494500" lon="-79.4255510">
    <ele>101.6</ele>
    <time>2024-07-27T10:56:45Z</time>
   </trkpt>
   <trkpt lat="43.6494490" lon="-79.4255960">
    <ele>101.7</ele>
    <time>2024-07-27T10:56:46Z</time>
   </trkpt>
   <trkpt lat="43.6494530" lon="-79.4256130">
    <ele>101.7</ele>
    <time>2024-07-27T10:56:47Z</time>
   </trkpt>
   <trkpt lat="43.6494470" lon="-79.4256500">
    <ele>101.7</ele>
    <time>2024-07-27T10:56:48Z</time>
   </trkpt>
   <trkpt lat="43.6494480" lon="-79.4256690">
    <ele>101.7</ele>
    <time>2024-07-27T10:56:49Z</time>
   </trkpt>
   <trkpt lat="43.6494430" lon="-79.4257060">
    <ele>101.7</ele>
    <time>2024-07-27T10:56:50Z</time>
   </trkpt>
   <trkpt lat="43.6494370" lon="-79.4257470">
    <ele>101.8</ele>
    <time>2024-07-27T10:56:51Z</time>
   </trkpt>
   <trkpt lat="43.6494420" lon="-79.4257640">
    <ele>101.8</ele>
    <time>2024-07-27T10:56:52Z</time>
   </trkpt>
   <trkpt lat="43.6494510" lon="-79.4258090">
    <ele>101.8</ele>
    <time>2024-07-27T10:56:53Z</time>
   </trkpt>
   <trkpt lat="43.6494350" lon="-79.4259140">
    <ele>101.9</ele>
    <time>2024-07-27T10:56:54Z</time>
   </trkpt>
   <trkpt lat="43.6494180" lon="-79.4259400">
    <ele>102.0</ele>
    <time>2024-07-27T10:56:55Z</time>
   </trkpt>
   <trkpt lat="43.6494090" lon="-79.4259620">
    <ele>102.0</ele>
    <time>2024-07-27T10:56:56Z</time>
   </trkpt>
   <trkpt lat="43.6494060" lon="-79.4259930">
    <ele>102.0</ele>
    <time>2024-07-27T10:56:57Z</time>
   </trkpt>
   <trkpt lat="43.6494110" lon="-79.4260060">
    <ele>102.0</ele>
    <time>2024-07-27T10:56:58Z</time>
   </trkpt>
   <trkpt lat="43.6494370" lon="-79.4260530">
    <ele>102.1</ele>
    <time>2024-07-27T10:56:59Z</time>
   </trkpt>
   <trkpt lat="43.6494460" lon="-79.4260780">
    <ele>102.1</ele>
    <time>2024-07-27T10:57:00Z</time>
   </trkpt>
   <trkpt lat="43.6494540" lon="-79.4261140">
    <ele>102.2</ele>
    <time>2024-07-27T10:57:01Z</time>
   </trkpt>
   <trkpt lat="43.6494550" lon="-79.4261390">
    <ele>102.2</ele>
    <time>2024-07-27T10:57:02Z</time>
   </trkpt>
   <trkpt lat="43.6494500" lon="-79.4261540">
    <ele>102.2</ele>
    <time>2024-07-27T10:57:03Z</time>
   </trkpt>
   <trkpt lat="43.6494470" lon="-79.4261880">
    <ele>102.2</ele>
    <time>2024-07-27T10:57:04Z</time>
   </trkpt>
   <trkpt lat="43.6494500" lon="-79.4262110">
    <ele>102.3</ele>
    <time>2024-07-27T10:57:05Z</time>
   </trkpt>
   <trkpt lat="43.6494520" lon="-79.4262560">
    <ele>102.3</ele>
    <time>2024-07-27T10:57:06Z</time>
   </trkpt>
   <trkpt lat="43.6494580" lon="-79.4262780">
    <ele>102.3</ele>
    <time>2024-07-27T10:57:07Z</time>
   </trkpt>
   <trkpt lat="43.6494430" lon="-79.4263120">
    <ele>102.4</ele>
    <time>2024-07-27T10:57:08Z</time>
   </trkpt>
   <trkpt lat="43.6494340" lon="-79.4263480">
    <ele>102.4</ele>
    <time>2024-07-27T10:57:09Z</time>
   </trkpt>
   <trkpt lat="43.6494330" lon="-79.4263650">
    <ele>102.4</ele>
    <time>2024-07-27T10:57:10Z</time>
   </trkpt>
   <trkpt lat="43.6494220" lon="-79.4264050">
    <ele>102.5</ele>
    <time>2024-07-27T10:57:11Z</time>
   </trkpt>
   <trkpt lat="43.6494260" lon="-79.4264530">
    <ele>102.5</ele>
    <time>2024-07-27T10:57:12Z</time>
   </trkpt>
   <trkpt lat="43.6494290" lon="-79.4264750">
    <ele>102.5</ele>
    <time>2024-07-27T10:57:13Z</time>
   </trkpt>
   <trkpt lat="43.6494350" lon="-79.4265040">
    <ele>102.6</ele>
    <time>2024-07-27T10:57:14Z</time>
   </trkpt>
   <trkpt lat="43.6494390" lon="-79.4265160">
    <ele>102.6</ele>
    <time>2024-07-27T10:57:15Z</time>
   </trkpt>
   <trkpt lat="43.6494300" lon="-79.4265570">
    <ele>102.6</ele>
    <time>2024-07-27T10:57:16Z</time>
   </trkpt>
   <trkpt lat="43.6494180" lon="-79.4265690">
    <ele>102.6</ele>
    <time>2024-07-27T10:57:17Z</time>
   </trkpt>
   <trkpt lat="43.6494000" lon="-79.4265830">
    <ele>102.6</ele>
    <time>2024-07-27T10:57:18Z</time>
   </trkpt>
   <trkpt lat="43.6493890" lon="-79.4265860">
    <ele>102.7</ele>
    <time>2024-07-27T10:57:19Z</time>
   </trkpt>
   <trkpt lat="43.6493780" lon="-79.4265890">
    <ele>102.7</ele>
    <time>2024-07-27T10:57:20Z</time>
   </trkpt>
   <trkpt lat="43.6493400" lon="-79.4266220">
    <ele>102.5</ele>
    <time>2024-07-27T10:57:21Z</time>
   </trkpt>
   <trkpt lat="43.6493090" lon="-79.4266430">
    <ele>102.5</ele>
    <time>2024-07-27T10:57:22Z</time>
   </trkpt>
   <trkpt lat="43.6492580" lon="-79.4266650">
    <ele>102.3</ele>
    <time>2024-07-27T10:57:23Z</time>
   </trkpt>
   <trkpt lat="43.6492280" lon="-79.4266740">
    <ele>102.2</ele>
    <time>2024-07-27T10:57:24Z</time>
   </trkpt>
   <trkpt lat="43.6491910" lon="-79.4266900">
    <ele>102.1</ele>
    <time>2024-07-27T10:57:25Z</time>
   </trkpt>
   <trkpt lat="43.6491790" lon="-79.4266960">
    <ele>102.1</ele>
    <time>2024-07-27T10:57:26Z</time>
   </trkpt>
   <trkpt lat="43.6491510" lon="-79.4267040">
    <ele>102.0</ele>
    <time>2024-07-27T10:57:27Z</time>
   </trkpt>
   <trkpt lat="43.6491440" lon="-79.4267120">
    <ele>101.9</ele>
    <time>2024-07-27T10:57:28Z</time>
   </trkpt>
   <trkpt lat="43.6491380" lon="-79.4267260">
    <ele>101.9</ele>
    <time>2024-07-27T10:57:29Z</time>
   </trkpt>
   <trkpt lat="43.6491250" lon="-79.4267380">
    <ele>101.9</ele>
    <time>2024-07-27T10:57:30Z</time>
   </trkpt>
   <trkpt lat="43.6491130" lon="-79.4267430">
    <ele>101.8</ele>
    <time>2024-07-27T10:57:32Z</time>
   </trkpt>
   <trkpt lat="43.6490970" lon="-79.4267500">
    <ele>101.8</ele>
    <time>2024-07-27T10:57:33Z</time>
   </trkpt>
   <trkpt lat="43.6490630" lon="-79.4267560">
    <ele>101.7</ele>
    <time>2024-07-27T10:57:34Z</time>
   </trkpt>
   <trkpt lat="43.6490530" lon="-79.4267550">
    <ele>101.7</ele>
    <time>2024-07-27T10:57:35Z</time>
   </trkpt>
   <trkpt lat="43.6490250" lon="-79.4267560">
    <ele>101.6</ele>
    <time>2024-07-27T10:57:36Z</time>
   </trkpt>
   <trkpt lat="43.6489930" lon="-79.4267450">
    <ele>101.5</ele>
    <time>2024-07-27T10:57:37Z</time>
   </trkpt>
   <trkpt lat="43.6489820" lon="-79.4267080">
    <ele>101.4</ele>
    <time>2024-07-27T10:57:38Z</time>
   </trkpt>
   <trkpt lat="43.6488940" lon="-79.4268090">
    <ele>101.1</ele>
    <time>2024-07-27T10:57:39Z</time>
   </trkpt>
   <trkpt lat="43.6488900" lon="-79.4267750">
    <ele>101.0</ele>
    <time>2024-07-27T10:57:40Z</time>
   </trkpt>
   <trkpt lat="43.6488690" lon="-79.4267540">
    <ele>100.9</ele>
    <time>2024-07-27T10:57:41Z</time>
   </trkpt>
   <trkpt lat="43.6488480" lon="-79.4267330">
    <ele>100.9</ele>
    <time>2024-07-27T10:57:42Z</time>
   </trkpt>
   <trkpt lat="43.6488300" lon="-79.4267040">
    <ele>100.8</ele>
    <time>2024-07-27T10:57:43Z</time>
   </trkpt>
   <trkpt lat="43.6488250" lon="-79.4266900">
    <ele>100.8</ele>
    <time>2024-07-27T10:57:44Z</time>
   </trkpt>
   <trkpt lat="43.6487920" lon="-79.4266340">
    <ele>100.7</ele>
    <time>2024-07-27T10:57:45Z</time>
   </trkpt>
   <trkpt lat="43.6487700" lon="-79.4265950">
    <ele>100.6</ele>
    <time>2024-07-27T10:57:46Z</time>
   </trkpt>
   <trkpt lat="43.6487650" lon="-79.4265740">
    <ele>100.5</ele>
    <time>2024-07-27T10:57:47Z</time>
   </trkpt>
   <trkpt lat="43.6487160" lon="-79.4265320">
    <ele>100.5</ele>
    <time>2024-07-27T10:57:48Z</time>
   </trkpt>
   <trkpt lat="43.6486880" lon="-79.4265170">
    <ele>100.4</ele>
    <time>2024-07-27T10:57:49Z</time>
   </trkpt>
   <trkpt lat="43.6486810" lon="-79.4265090">
    <ele>100.4</ele>
    <time>2024-07-27T10:57:50Z</time>
   </trkpt>
   <trkpt lat="43.6486680" lon="-79.4264960">
    <ele>100.4</ele>
    <time>2024-07-27T10:57:51Z</time>
   </trkpt>
   <trkpt lat="43.6486580" lon="-79.4264890">
    <ele>100.4</ele>
    <time>2024-07-27T10:57:52Z</time>
   </trkpt>
   <trkpt lat="43.6486470" lon="-79.4264730">
    <ele>100.4</ele>
    <time>2024-07-27T10:57:53Z</time>
   </trkpt>
   <trkpt lat="43.6486330" lon="-79.4264570">
    <ele>100.3</ele>
    <time>2024-07-27T10:57:54Z</time>
   </trkpt>
   <trkpt lat="43.6485980" lon="-79.4264200">
    <ele>100.3</ele>
    <time>2024-07-27T10:57:55Z</time>
   </trkpt>
   <trkpt lat="43.6485720" lon="-79.4263910">
    <ele>100.2</ele>
    <time>2024-07-27T10:57:56Z</time>
   </trkpt>
   <trkpt lat="43.6485590" lon="-79.4263740">
    <ele>100.2</ele>
    <time>2024-07-27T10:57:57Z</time>
   </trkpt>
   <trkpt lat="43.6485330" lon="-79.4263390">
    <ele>100.2</ele>
    <time>2024-07-27T10:57:58Z</time>
   </trkpt>
   <trkpt lat="43.6485240" lon="-79.4263300">
    <ele>100.1</ele>
    <time>2024-07-27T10:57:59Z</time>
   </trkpt>
   <trkpt lat="43.6484930" lon="-79.4262970">
    <ele>100.0</ele>
    <time>2024-07-27T10:58:00Z</time>
   </trkpt>
   <trkpt lat="43.6484830" lon="-79.4262800">
    <ele>100.0</ele>
    <time>2024-07-27T10:58:01Z</time>
   </trkpt>
   <trkpt lat="43.6484650" lon="-79.4262480">
    <ele>99.9</ele>
    <time>2024-07-27T10:58:02Z</time>
   </trkpt>
   <trkpt lat="43.6484520" lon="-79.4262490">
    <ele>99.9</ele>
    <time>2024-07-27T10:58:03Z</time>
   </trkpt>
   <trkpt lat="43.6484300" lon="-79.4262450">
    <ele>99.8</ele>
    <time>2024-07-27T10:58:04Z</time>
   </trkpt>
   <trkpt lat="43.6484030" lon="-79.4262400">
    <ele>99.7</ele>
    <time>2024-07-27T10:58:05Z</time>
   </trkpt>
   <trkpt lat="43.6483920" lon="-79.4262320">
    <ele>99.7</ele>
    <time>2024-07-27T10:58:06Z</time>
   </trkpt>
   <trkpt lat="43.6483760" lon="-79.4262190">
    <ele>99.6</ele>
    <time>2024-07-27T10:58:07Z</time>
   </trkpt>
   <trkpt lat="43.6483600" lon="-79.4262190">
    <ele>99.6</ele>
    <time>2024-07-27T10:58:08Z</time>
   </trkpt>
   <trkpt lat="43.6483280" lon="-79.4262110">
    <ele>99.5</ele>
    <time>2024-07-27T10:58:09Z</time>
   </trkpt>
   <trkpt lat="43.6483190" lon="-79.4262090">
    <ele>99.4</ele>
    <time>2024-07-27T10:58:10Z</time>
   </trkpt>
   <trkpt lat="43.6482790" lon="-79.4261830">
    <ele>99.3</ele>
    <time>2024-07-27T10:58:11Z</time>
   </trkpt>
   <trkpt lat="43.6482560" lon="-79.4261730">
    <ele>99.2</ele>
    <time>2024-07-27T10:58:12Z</time>
   </trkpt>
   <trkpt lat="43.6482150" lon="-79.4261540">
    <ele>99.1</ele>
    <time>2024-07-27T10:58:13Z</time>
   </trkpt>
   <trkpt lat="43.6481980" lon="-79.4261490">
    <ele>99.1</ele>
    <time>2024-07-27T10:58:14Z</time>
   </trkpt>
   <trkpt lat="43.6481720" lon="-79.4261290">
    <ele>99.0</ele>
    <time>2024-07-27T10:58:15Z</time>
   </trkpt>
   <trkpt lat="43.6481640" lon="-79.4261360">
    <ele>98.9</ele>
    <time>2024-07-27T10:58:16Z</time>
   </trkpt>
   <trkpt lat="43.6481380" lon="-79.4261180">
    <ele>98.9</ele>
    <time>2024-07-27T10:58:17Z</time>
   </trkpt>
   <trkpt lat="43.6481290" lon="-79.4261130">
    <ele>98.8</ele>
    <time>2024-07-27T10:58:18Z</time>
   </trkpt>
   <trkpt lat="43.6480870" lon="-79.4260880">
    <ele>98.7</ele>
    <time>2024-07-27T10:58:19Z</time>
   </trkpt>
   <trkpt lat="43.6480680" lon="-79.4260750">
    <ele>98.6</ele>
    <time>2024-07-27T10:58:20Z</time>
   </trkpt>
   <trkpt lat="43.6480540" lon="-79.4260650">
    <ele>98.6</ele>
    <time>2024-07-27T10:58:21Z</time>
   </trkpt>
   <trkpt lat="43.6480440" lon="-79.4260530">
    <ele>98.5</ele>
    <time>2024-07-27T10:58:22Z</time>
   </trkpt>
   <trkpt lat="43.6480220" lon="-79.4260470">
    <ele>98.5</ele>
    <time>2024-07-27T10:58:23Z</time>
   </trkpt>
   <trkpt lat="43.6480090" lon="-79.4260440">
    <ele>98.4</ele>
    <time>2024-07-27T10:58:24Z</time>
   </trkpt>
   <trkpt lat="43.6479680" lon="-79.4260580">
    <ele>98.3</ele>
    <time>2024-07-27T10:58:25Z</time>
   </trkpt>
   <trkpt lat="43.6479370" lon="-79.4260400">
    <ele>98.2</ele>
    <time>2024-07-27T10:58:26Z</time>
   </trkpt>
   <trkpt lat="43.6479260" lon="-79.4260290">
    <ele>98.1</ele>
    <time>2024-07-27T10:58:27Z</time>
   </trkpt>
   <trkpt lat="43.6478940" lon="-79.4260120">
    <ele>98.0</ele>
    <time>2024-07-27T10:58:28Z</time>
   </trkpt>
   <trkpt lat="43.6478810" lon="-79.4260090">
    <ele>98.0</ele>
    <time>2024-07-27T10:58:29Z</time>
   </trkpt>
   <trkpt lat="43.6478470" lon="-79.4259940">
    <ele>97.9</ele>
    <time>2024-07-27T10:58:30Z</time>
   </trkpt>
   <trkpt lat="43.6478340" lon="-79.4259860">
    <ele>97.8</ele>
    <time>2024-07-27T10:58:31Z</time>
   </trkpt>
   <trkpt lat="43.6477930" lon="-79.4259750">
    <ele>97.7</ele>
    <time>2024-07-27T10:58:32Z</time>
   </trkpt>
   <trkpt lat="43.6477600" lon="-79.4259620">
    <ele>97.6</ele>
    <time>2024-07-27T10:58:33Z</time>
   </trkpt>
   <trkpt lat="43.6477350" lon="-79.4259580">
    <ele>97.5</ele>
    <time>2024-07-27T10:58:34Z</time>
   </trkpt>
   <trkpt lat="43.6477230" lon="-79.4259530">
    <ele>97.4</ele>
    <time>2024-07-27T10:58:35Z</time>
   </trkpt>
   <trkpt lat="43.6476960" lon="-79.4259510">
    <ele>97.3</ele>
    <time>2024-07-27T10:58:36Z</time>
   </trkpt>
   <trkpt lat="43.6476860" lon="-79.4259480">
    <ele>97.3</ele>
    <time>2024-07-27T10:58:37Z</time>
   </trkpt>
   <trkpt lat="43.6476630" lon="-79.4259210">
    <ele>97.2</ele>
    <time>2024-07-27T10:58:38Z</time>
   </trkpt>
   <trkpt lat="43.6476470" lon="-79.4259200">
    <ele>97.2</ele>
    <time>2024-07-27T10:58:39Z</time>
   </trkpt>
   <trkpt lat="43.6476160" lon="-79.4259000">
    <ele>97.1</ele>
    <time>2024-07-27T10:58:40Z</time>
   </trkpt>
   <trkpt lat="43.6476030" lon="-79.4258890">
    <ele>97.0</ele>
    <time>2024-07-27T10:58:41Z</time>
   </trkpt>
   <trkpt lat="43.6475680" lon="-79.4258660">
    <ele>96.9</ele>
    <time>2024-07-27T10:58:42Z</time>
   </trkpt>
   <trkpt lat="43.6475550" lon="-79.4258550">
    <ele>96.9</ele>
    <time>2024-07-27T10:58:43Z</time>
   </trkpt>
   <trkpt lat="43.6475230" lon="-79.4258540">
    <ele>96.8</ele>
    <time>2024-07-27T10:58:44Z</time>
   </trkpt>
   <trkpt lat="43.6474920" lon="-79.4258460">
    <ele>96.8</ele>
    <time>2024-07-27T10:58:45Z</time>
   </trkpt>
   <trkpt lat="43.6474860" lon="-79.4258420">
    <ele>96.8</ele>
    <time>2024-07-27T10:58:46Z</time>
   </trkpt>
   <trkpt lat="43.6474530" lon="-79.4258420">
    <ele>96.8</ele>
    <time>2024-07-27T10:58:47Z</time>
   </trkpt>
   <trkpt lat="43.6474240" lon="-79.4258330">
    <ele>96.7</ele>
    <time>2024-07-27T10:58:48Z</time>
   </trkpt>
   <trkpt lat="43.6473970" lon="-79.4258240">
    <ele>96.6</ele>
    <time>2024-07-27T10:58:49Z</time>
   </trkpt>
   <trkpt lat="43.6473630" lon="-79.4258090">
    <ele>96.6</ele>
    <time>2024-07-27T10:58:50Z</time>
   </trkpt>
   <trkpt lat="43.6473490" lon="-79.4258030">
    <ele>96.6</ele>
    <time>2024-07-27T10:58:51Z</time>
   </trkpt>
   <trkpt lat="43.6473200" lon="-79.4257970">
    <ele>96.5</ele>
    <time>2024-07-27T10:58:52Z</time>
   </trkpt>
   <trkpt lat="43.6473090" lon="-79.4257960">
    <ele>96.5</ele>
    <time>2024-07-27T10:58:53Z</time>
   </trkpt>
   <trkpt lat="43.6472720" lon="-79.4257780">
    <ele>96.4</ele>
    <time>2024-07-27T10:58:54Z</time>
   </trkpt>
   <trkpt lat="43.6472550" lon="-79.4257700">
    <ele>96.4</ele>
    <time>2024-07-27T10:58:55Z</time>
   </trkpt>
   <trkpt lat="43.6472290" lon="-79.4257510">
    <ele>96.4</ele>
    <time>2024-07-27T10:58:56Z</time>
   </trkpt>
   <trkpt lat="43.6472040" lon="-79.4257420">
    <ele>96.3</ele>
    <time>2024-07-27T10:58:57Z</time>
   </trkpt>
   <trkpt lat="43.6471940" lon="-79.4257330">
    <ele>96.3</ele>
    <time>2024-07-27T10:58:58Z</time>
   </trkpt>
   <trkpt lat="43.6471850" lon="-79.4257240">
    <ele>96.3</ele>
    <time>2024-07-27T10:58:59Z</time>
   </trkpt>
   <trkpt lat="43.6471450" lon="-79.4257000">
    <ele>96.2</ele>
    <time>2024-07-27T10:59:00Z</time>
   </trkpt>
   <trkpt lat="43.6471220" lon="-79.4256760">
    <ele>96.2</ele>
    <time>2024-07-27T10:59:01Z</time>
   </trkpt>
   <trkpt lat="43.6471050" lon="-79.4256350">
    <ele>96.2</ele>
    <time>2024-07-27T10:59:02Z</time>
   </trkpt>
   <trkpt lat="43.6471080" lon="-79.4256200">
    <ele>96.2</ele>
    <time>2024-07-27T10:59:03Z</time>
   </trkpt>
   <trkpt lat="43.6471170" lon="-79.4256050">
    <ele>96.2</ele>
    <time>2024-07-27T10:59:04Z</time>
   </trkpt>
   <trkpt lat="43.6471200" lon="-79.4255800">
    <ele>96.1</ele>
    <time>2024-07-27T10:59:05Z</time>
   </trkpt>
   <trkpt lat="43.6471280" lon="-79.4255290">
    <ele>96.1</ele>
    <time>2024-07-27T10:59:06Z</time>
   </trkpt>
   <trkpt lat="43.6471360" lon="-79.4255090">
    <ele>96.1</ele>
    <time>2024-07-27T10:59:07Z</time>
   </trkpt>
   <trkpt lat="43.6471320" lon="-79.4254660">
    <ele>96.1</ele>
    <time>2024-07-27T10:59:08Z</time>
   </trkpt>
   <trkpt lat="43.6471440" lon="-79.4254160">
    <ele>96.1</ele>
    <time>2024-07-27T10:59:09Z</time>
   </trkpt>
   <trkpt lat="43.6471450" lon="-79.4253980">
    <ele>96.1</ele>
    <time>2024-07-27T10:59:10Z</time>
   </trkpt>
   <trkpt lat="43.6471440" lon="-79.4253460">
    <ele>96.1</ele>
    <time>2024-07-27T10:59:11Z</time>
   </trkpt>
   <trkpt lat="43.6471750" lon="-79.4253530">
    <ele>96.1</ele>
    <time>2024-07-27T10:59:12Z</time>
   </trkpt>
   <trkpt lat="43.6471880" lon="-79.4253070">
    <ele>96.1</ele>
    <time>2024-07-27T10:59:13Z</time>
   </trkpt>
   <trkpt lat="43.6471890" lon="-79.4252930">
    <ele>96.1</ele>
    <time>2024-07-27T10:59:14Z</time>
   </trkpt>
   <trkpt lat="43.6472190" lon="-79.4252580">
    <ele>96.1</ele>
    <time>2024-07-27T10:59:15Z</time>
   </trkpt>
   <trkpt lat="43.6472080" lon="-79.4252330">
    <ele>96.0</ele>
    <time>2024-07-27T10:59:16Z</time>
   </trkpt>
   <trkpt lat="43.6471940" lon="-79.4252330">
    <ele>96.0</ele>
    <time>2024-07-27T10:59:17Z</time>
   </trkpt>
   <trkpt lat="43.6471610" lon="-79.4252270">
    <ele>96.0</ele>
    <time>2024-07-27T10:59:18Z</time>
   </trkpt>
   <trkpt lat="43.6471530" lon="-79.4252290">
    <ele>96.0</ele>
    <time>2024-07-27T10:59:19Z</time>
   </trkpt>
   <trkpt lat="43.6471190" lon="-79.4252090">
    <ele>95.9</ele>
    <time>2024-07-27T10:59:20Z</time>
   </trkpt>
   <trkpt lat="43.6470850" lon="-79.4251860">
    <ele>95.9</ele>
    <time>2024-07-27T10:59:21Z</time>
   </trkpt>
   <trkpt lat="43.6470600" lon="-79.4251690">
    <ele>95.9</ele>
    <time>2024-07-27T10:59:22Z</time>
   </trkpt>
   <trkpt lat="43.6470320" lon="-79.4251650">
    <ele>95.8</ele>
    <time>2024-07-27T10:59:23Z</time>
   </trkpt>
   <trkpt lat="43.6469960" lon="-79.4251610">
    <ele>95.8</ele>
    <time>2024-07-27T10:59:24Z</time>
   </trkpt>
   <trkpt lat="43.6469790" lon="-79.4251560">
    <ele>95.8</ele>
    <time>2024-07-27T10:59:25Z</time>
   </trkpt>
   <trkpt lat="43.6469540" lon="-79.4251590">
    <ele>95.8</ele>
    <time>2024-07-27T10:59:26Z</time>
   </trkpt>
   <trkpt lat="43.6469430" lon="-79.4251550">
    <ele>95.7</ele>
    <time>2024-07-27T10:59:27Z</time>
   </trkpt>
   <trkpt lat="43.6469130" lon="-79.4251290">
    <ele>95.7</ele>
    <time>2024-07-27T10:59:28Z</time>
   </trkpt>
   <trkpt lat="43.6468840" lon="-79.4251080">
    <ele>95.7</ele>
    <time>2024-07-27T10:59:29Z</time>
   </trkpt>
   <trkpt lat="43.6468700" lon="-79.4250980">
    <ele>95.7</ele>
    <time>2024-07-27T10:59:30Z</time>
   </trkpt>
   <trkpt lat="43.6468350" lon="-79.4250770">
    <ele>95.6</ele>
    <time>2024-07-27T10:59:31Z</time>
   </trkpt>
   <trkpt lat="43.6468230" lon="-79.4250700">
    <ele>95.6</ele>
    <time>2024-07-27T10:59:32Z</time>
   </trkpt>
   <trkpt lat="43.6467880" lon="-79.4250600">
    <ele>95.6</ele>
    <time>2024-07-27T10:59:33Z</time>
   </trkpt>
   <trkpt lat="43.6467800" lon="-79.4250570">
    <ele>95.6</ele>
    <time>2024-07-27T10:59:34Z</time>
   </trkpt>
   <trkpt lat="43.6467470" lon="-79.4250590">
    <ele>95.5</ele>
    <time>2024-07-27T10:59:35Z</time>
   </trkpt>
   <trkpt lat="43.6467340" lon="-79.4250570">
    <ele>95.5</ele>
    <time>2024-07-27T10:59:36Z</time>
   </trkpt>
   <trkpt lat="43.6467150" lon="-79.4250280">
    <ele>95.5</ele>
    <time>2024-07-27T10:59:38Z</time>
   </trkpt>
   <trkpt lat="43.6466790" lon="-79.4250120">
    <ele>95.5</ele>
    <time>2024-07-27T10:59:39Z</time>
   </trkpt>
   <trkpt lat="43.6466430" lon="-79.4250000">
    <ele>95.4</ele>
    <time>2024-07-27T10:59:40Z</time>
   </trkpt>
   <trkpt lat="43.6466320" lon="-79.4250000">
    <ele>95.4</ele>
    <time>2024-07-27T10:59:41Z</time>
   </trkpt>
   <trkpt lat="43.6466060" lon="-79.4249930">
    <ele>95.4</ele>
    <time>2024-07-27T10:59:42Z</time>
   </trkpt>
   <trkpt lat="43.6465940" lon="-79.4249900">
    <ele>95.4</ele>
    <time>2024-07-27T10:59:43Z</time>
   </trkpt>
   <trkpt lat="43.6465640" lon="-79.4249740">
    <ele>95.3</ele>
    <time>2024-07-27T10:59:44Z</time>
   </trkpt>
   <trkpt lat="43.6465510" lon="-79.4249630">
    <ele>95.3</ele>
    <time>2024-07-27T10:59:45Z</time>
   </trkpt>
   <trkpt lat="43.6465150" lon="-79.4249510">
    <ele>95.2</ele>
    <time>2024-07-27T10:59:46Z</time>
   </trkpt>
   <trkpt lat="43.6465010" lon="-79.4249370">
    <ele>95.2</ele>
    <time>2024-07-27T10:59:47Z</time>
   </trkpt>
   <trkpt lat="43.6464870" lon="-79.4249280">
    <ele>95.2</ele>
    <time>2024-07-27T10:59:48Z</time>
   </trkpt>
   <trkpt lat="43.6464680" lon="-79.4249240">
    <ele>95.2</ele>
    <time>2024-07-27T10:59:49Z</time>
   </trkpt>
   <trkpt lat="43.6464330" lon="-79.4249090">
    <ele>95.1</ele>
    <time>2024-07-27T10:59:50Z</time>
   </trkpt>
   <trkpt lat="43.6464170" lon="-79.4249030">
    <ele>95.1</ele>
    <time>2024-07-27T10:59:51Z</time>
   </trkpt>
   <trkpt lat="43.6463990" lon="-79.4248870">
    <ele>95.1</ele>
    <time>2024-07-27T10:59:52Z</time>
   </trkpt>
   <trkpt lat="43.6463700" lon="-79.4249020">
    <ele>95.1</ele>
    <time>2024-07-27T10:59:53Z</time>
   </trkpt>
   <trkpt lat="43.6463300" lon="-79.4248810">
    <ele>95.0</ele>
    <time>2024-07-27T10:59:54Z</time>
   </trkpt>
   <trkpt lat="43.6463140" lon="-79.4248730">
    <ele>95.0</ele>
    <time>2024-07-27T10:59:55Z</time>
   </trkpt>
   <trkpt lat="43.6462810" lon="-79.4248620">
    <ele>95.0</ele>
    <time>2024-07-27T10:59:56Z</time>
   </trkpt>
   <trkpt lat="43.6462690" lon="-79.4248570">
    <ele>94.9</ele>
    <time>2024-07-27T10:59:57Z</time>
   </trkpt>
   <trkpt lat="43.6462350" lon="-79.4248470">
    <ele>94.9</ele>
    <time>2024-07-27T10:59:58Z</time>
   </trkpt>
   <trkpt lat="43.6462220" lon="-79.4248420">
    <ele>94.8</ele>
    <time>2024-07-27T10:59:59Z</time>
   </trkpt>
   <trkpt lat="43.6461950" lon="-79.4248340">
    <ele>94.8</ele>
    <time>2024-07-27T11:00:00Z</time>
   </trkpt>
   <trkpt lat="43.6461650" lon="-79.4248310">
    <ele>94.7</ele>
    <time>2024-07-27T11:00:01Z</time>
   </trkpt>
   <trkpt lat="43.6461540" lon="-79.4248290">
    <ele>94.7</ele>
    <time>2024-07-27T11:00:02Z</time>
   </trkpt>
   <trkpt lat="43.6461180" lon="-79.4248090">
    <ele>94.7</ele>
    <time>2024-07-27T11:00:03Z</time>
   </trkpt>
   <trkpt lat="43.6461020" lon="-79.4247980">
    <ele>94.6</ele>
    <time>2024-07-27T11:00:04Z</time>
   </trkpt>
   <trkpt lat="43.6460830" lon="-79.4247720">
    <ele>94.6</ele>
    <time>2024-07-27T11:00:05Z</time>
   </trkpt>
   <trkpt lat="43.6460520" lon="-79.4247590">
    <ele>94.5</ele>
    <time>2024-07-27T11:00:06Z</time>
   </trkpt>
   <trkpt lat="43.6460190" lon="-79.4247420">
    <ele>94.4</ele>
    <time>2024-07-27T11:00:07Z</time>
   </trkpt>
   <trkpt lat="43.6460100" lon="-79.4247380">
    <ele>94.4</ele>
    <time>2024-07-27T11:00:08Z</time>
   </trkpt>
   <trkpt lat="43.6459820" lon="-79.4247250">
    <ele>94.4</ele>
    <time>2024-07-27T11:00:09Z</time>
   </trkpt>
   <trkpt lat="43.6459730" lon="-79.4247200">
    <ele>94.4</ele>
    <time>2024-07-27T11:00:10Z</time>
   </trkpt>
   <trkpt lat="43.6459380" lon="-79.4247110">
    <ele>94.3</ele>
    <time>2024-07-27T11:00:11Z</time>
   </trkpt>
   <trkpt lat="43.6459240" lon="-79.4247090">
    <ele>94.3</ele>
    <time>2024-07-27T11:00:12Z</time>
   </trkpt>
   <trkpt lat="43.6458970" lon="-79.4247070">
    <ele>94.3</ele>
    <time>2024-07-27T11:00:13Z</time>
   </trkpt>
   <trkpt lat="43.6458870" lon="-79.4247050">
    <ele>94.3</ele>
    <time>2024-07-27T11:00:14Z</time>
   </trkpt>
   <trkpt lat="43.6458700" lon="-79.4247010">
    <ele>94.2</ele>
    <time>2024-07-27T11:00:15Z</time>
   </trkpt>
   <trkpt lat="43.6458570" lon="-79.4246980">
    <ele>94.2</ele>
    <time>2024-07-27T11:00:16Z</time>
   </trkpt>
   <trkpt lat="43.6458170" lon="-79.4246830">
    <ele>94.2</ele>
    <time>2024-07-27T11:00:17Z</time>
   </trkpt>
   <trkpt lat="43.6457950" lon="-79.4246650">
    <ele>94.2</ele>
    <time>2024-07-27T11:00:18Z</time>
   </trkpt>
   <trkpt lat="43.6457600" lon="-79.4246500">
    <ele>94.2</ele>
    <time>2024-07-27T11:00:19Z</time>
   </trkpt>
   <trkpt lat="43.6457490" lon="-79.4246440">
    <ele>94.2</ele>
    <time>2024-07-27T11:00:20Z</time>
   </trkpt>
   <trkpt lat="43.6457200" lon="-79.4246270">
    <ele>94.1</ele>
    <time>2024-07-27T11:00:21Z</time>
   </trkpt>
   <trkpt lat="43.6457110" lon="-79.4246230">
    <ele>94.1</ele>
    <time>2024-07-27T11:00:22Z</time>
   </trkpt>
   <trkpt lat="43.6456820" lon="-79.4246150">
    <ele>94.1</ele>
    <time>2024-07-27T11:00:23Z</time>
   </trkpt>
   <trkpt lat="43.6456450" lon="-79.4246060">
    <ele>94.1</ele>
    <time>2024-07-27T11:00:24Z</time>
   </trkpt>
   <trkpt lat="43.6456300" lon="-79.4246050">
    <ele>94.1</ele>
    <time>2024-07-27T11:00:25Z</time>
   </trkpt>
   <trkpt lat="43.6455980" lon="-79.4246040">
    <ele>94.0</ele>
    <time>2024-07-27T11:00:26Z</time>
   </trkpt>
   <trkpt lat="43.6455880" lon="-79.4246080">
    <ele>94.0</ele>
    <time>2024-07-27T11:00:27Z</time>
   </trkpt>
   <trkpt lat="43.6455660" lon="-79.4246060">
    <ele>94.0</ele>
    <time>2024-07-27T11:00:28Z</time>
   </trkpt>
   <trkpt lat="43.6455520" lon="-79.4245980">
    <ele>94.0</ele>
    <time>2024-07-27T11:00:29Z</time>
   </trkpt>
   <trkpt lat="43.6455200" lon="-79.4245610">
    <ele>94.0</ele>
    <time>2024-07-27T11:00:30Z</time>
   </trkpt>
   <trkpt lat="43.6454900" lon="-79.4245400">
    <ele>93.9</ele>
    <time>2024-07-27T11:00:31Z</time>
   </trkpt>
   <trkpt lat="43.6454830" lon="-79.4245340">
    <ele>93.9</ele>
    <time>2024-07-27T11:00:32Z</time>
   </trkpt>
   <trkpt lat="43.6454540" lon="-79.4245240">
    <ele>93.9</ele>
    <time>2024-07-27T11:00:33Z</time>
   </trkpt>
   <trkpt lat="43.6454250" lon="-79.4245240">
    <ele>93.9</ele>
    <time>2024-07-27T11:00:34Z</time>
   </trkpt>
   <trkpt lat="43.6454140" lon="-79.4245260">
    <ele>93.8</ele>
    <time>2024-07-27T11:00:35Z</time>
   </trkpt>
   <trkpt lat="43.6453880" lon="-79.4245160">
    <ele>93.8</ele>
    <time>2024-07-27T11:00:36Z</time>
   </trkpt>
   <trkpt lat="43.6453770" lon="-79.4245060">
    <ele>93.8</ele>
    <time>2024-07-27T11:00:37Z</time>
   </trkpt>
   <trkpt lat="43.6453630" lon="-79.4245070">
    <ele>93.8</ele>
    <time>2024-07-27T11:00:38Z</time>
   </trkpt>
   <trkpt lat="43.6453490" lon="-79.4245060">
    <ele>93.8</ele>
    <time>2024-07-27T11:00:39Z</time>
   </trkpt>
   <trkpt lat="43.6453200" lon="-79.4244950">
    <ele>93.7</ele>
    <time>2024-07-27T11:00:40Z</time>
   </trkpt>
   <trkpt lat="43.6453100" lon="-79.4244920">
    <ele>93.7</ele>
    <time>2024-07-27T11:00:41Z</time>
   </trkpt>
   <trkpt lat="43.6452740" lon="-79.4244800">
    <ele>93.7</ele>
    <time>2024-07-27T11:00:42Z</time>
   </trkpt>
   <trkpt lat="43.6452600" lon="-79.4244730">
    <ele>93.7</ele>
    <time>2024-07-27T11:00:43Z</time>
   </trkpt>
   <trkpt lat="43.6452190" lon="-79.4244480">
    <ele>93.6</ele>
    <time>2024-07-27T11:00:44Z</time>
   </trkpt>
   <trkpt lat="43.6452020" lon="-79.4244380">
    <ele>93.6</ele>
    <time>2024-07-27T11:00:45Z</time>
   </trkpt>
   <trkpt lat="43.6451630" lon="-79.4244290">
    <ele>93.6</ele>
    <time>2024-07-27T11:00:46Z</time>
   </trkpt>
   <trkpt lat="43.6451490" lon="-79.4244240">
    <ele>93.6</ele>
    <time>2024-07-27T11:00:47Z</time>
   </trkpt>
   <trkpt lat="43.6451160" lon="-79.4244110">
    <ele>93.5</ele>
    <time>2024-07-27T11:00:48Z</time>
   </trkpt>
   <trkpt lat="43.6451040" lon="-79.4244040">
    <ele>93.5</ele>
    <time>2024-07-27T11:00:49Z</time>
   </trkpt>
   <trkpt lat="43.6450620" lon="-79.4244090">
    <ele>93.5</ele>
    <time>2024-07-27T11:00:50Z</time>
   </trkpt>
   <trkpt lat="43.6450410" lon="-79.4244100">
    <ele>93.5</ele>
    <time>2024-07-27T11:00:51Z</time>
   </trkpt>
   <trkpt lat="43.6450080" lon="-79.4243970">
    <ele>93.4</ele>
    <time>2024-07-27T11:00:52Z</time>
   </trkpt>
   <trkpt lat="43.6449970" lon="-79.4243890">
    <ele>93.4</ele>
    <time>2024-07-27T11:00:53Z</time>
   </trkpt>
   <trkpt lat="43.6449690" lon="-79.4243730">
    <ele>93.4</ele>
    <time>2024-07-27T11:00:54Z</time>
   </trkpt>
   <trkpt lat="43.6449450" lon="-79.4243510">
    <ele>93.4</ele>
    <time>2024-07-27T11:00:55Z</time>
   </trkpt>
   <trkpt lat="43.6449380" lon="-79.4243440">
    <ele>93.4</ele>
    <time>2024-07-27T11:00:56Z</time>
   </trkpt>
   <trkpt lat="43.6449020" lon="-79.4243220">
    <ele>93.3</ele>
    <time>2024-07-27T11:00:57Z</time>
   </trkpt>
   <trkpt lat="43.6448880" lon="-79.4243180">
    <ele>93.3</ele>
    <time>2024-07-27T11:00:58Z</time>
   </trkpt>
   <trkpt lat="43.6448620" lon="-79.4242950">
    <ele>93.3</ele>
    <time>2024-07-27T11:00:59Z</time>
   </trkpt>
   <trkpt lat="43.6448340" lon="-79.4242910">
    <ele>93.2</ele>
    <time>2024-07-27T11:01:00Z</time>
   </trkpt>
   <trkpt lat="43.6448200" lon="-79.4242860">
    <ele>93.2</ele>
    <time>2024-07-27T11:01:01Z</time>
   </trkpt>
   <trkpt lat="43.6447870" lon="-79.4242660">
    <ele>93.2</ele>
    <time>2024-07-27T11:01:02Z</time>
   </trkpt>
   <trkpt lat="43.6447750" lon="-79.4242680">
    <ele>93.2</ele>
    <time>2024-07-27T11:01:03Z</time>
   </trkpt>
   <trkpt lat="43.6447490" lon="-79.4242560">
    <ele>93.1</ele>
    <time>2024-07-27T11:01:04Z</time>
   </trkpt>
   <trkpt lat="43.6447140" lon="-79.4242540">
    <ele>93.1</ele>
    <time>2024-07-27T11:01:05Z</time>
   </trkpt>
   <trkpt lat="43.6447020" lon="-79.4242530">
    <ele>93.1</ele>
    <time>2024-07-27T11:01:06Z</time>
   </trkpt>
   <trkpt lat="43.6446660" lon="-79.4242320">
    <ele>93.1</ele>
    <time>2024-07-27T11:01:07Z</time>
   </trkpt>
   <trkpt lat="43.6446510" lon="-79.4242220">
    <ele>93.1</ele>
    <time>2024-07-27T11:01:08Z</time>
   </trkpt>
   <trkpt lat="43.6446220" lon="-79.4242100">
    <ele>93.0</ele>
    <time>2024-07-27T11:01:09Z</time>
   </trkpt>
   <trkpt lat="43.6446090" lon="-79.4242050">
    <ele>93.0</ele>
    <time>2024-07-27T11:01:10Z</time>
   </trkpt>
   <trkpt lat="43.6445790" lon="-79.4241920">
    <ele>93.0</ele>
    <time>2024-07-27T11:01:11Z</time>
   </trkpt>
   <trkpt lat="43.6445710" lon="-79.4241930">
    <ele>93.0</ele>
    <time>2024-07-27T11:01:12Z</time>
   </trkpt>
   <trkpt lat="43.6445510" lon="-79.4241910">
    <ele>93.0</ele>
    <time>2024-07-27T11:01:13Z</time>
   </trkpt>
   <trkpt lat="43.6445390" lon="-79.4241820">
    <ele>93.0</ele>
    <time>2024-07-27T11:01:14Z</time>
   </trkpt>
   <trkpt lat="43.6445110" lon="-79.4241780">
    <ele>92.9</ele>
    <time>2024-07-27T11:01:15Z</time>
   </trkpt>
   <trkpt lat="43.6444750" lon="-79.4241720">
    <ele>92.9</ele>
    <time>2024-07-27T11:01:16Z</time>
   </trkpt>
   <trkpt lat="43.6444630" lon="-79.4241690">
    <ele>92.9</ele>
    <time>2024-07-27T11:01:17Z</time>
   </trkpt>
   <trkpt lat="43.6444380" lon="-79.4241470">
    <ele>92.9</ele>
    <time>2024-07-27T11:01:18Z</time>
   </trkpt>
   <trkpt lat="43.6444280" lon="-79.4241400">
    <ele>92.9</ele>
    <time>2024-07-27T11:01:19Z</time>
   </trkpt>
   <trkpt lat="43.6443980" lon="-79.4241340">
    <ele>92.9</ele>
    <time>2024-07-27T11:01:20Z</time>
   </trkpt>
   <trkpt lat="43.6443630" lon="-79.4241290">
    <ele>92.8</ele>
    <time>2024-07-27T11:01:21Z</time>
   </trkpt>
   <trkpt lat="43.6443520" lon="-79.4241220">
    <ele>92.8</ele>
    <time>2024-07-27T11:01:22Z</time>
   </trkpt>
   <trkpt lat="43.6443160" lon="-79.4241000">
    <ele>92.8</ele>
    <time>2024-07-27T11:01:23Z</time>
   </trkpt>
   <trkpt lat="43.6443010" lon="-79.4240910">
    <ele>92.8</ele>
    <time>2024-07-27T11:01:24Z</time>
   </trkpt>
   <trkpt lat="43.6442730" lon="-79.4240770">
    <ele>92.8</ele>
    <time>2024-07-27T11:01:25Z</time>
   </trkpt>
   <trkpt lat="43.6442450" lon="-79.4240800">
    <ele>92.8</ele>
    <time>2024-07-27T11:01:26Z</time>
   </trkpt>
   <trkpt lat="43.6442190" lon="-79.4240650">
    <ele>92.7</ele>
    <time>2024-07-27T11:01:27Z</time>
   </trkpt>
   <trkpt lat="43.6441940" lon="-79.4240380">
    <ele>92.7</ele>
    <time>2024-07-27T11:01:28Z</time>
   </trkpt>
   <trkpt lat="43.6441640" lon="-79.4240200">
    <ele>92.7</ele>
    <time>2024-07-27T11:01:29Z</time>
   </trkpt>
   <trkpt lat="43.6441500" lon="-79.4240130">
    <ele>92.7</ele>
    <time>2024-07-27T11:01:30Z</time>
   </trkpt>
   <trkpt lat="43.6441190" lon="-79.4240070">
    <ele>92.7</ele>
    <time>2024-07-27T11:01:31Z</time>
   </trkpt>
   <trkpt lat="43.6441060" lon="-79.4240080">
    <ele>92.7</ele>
    <time>2024-07-27T11:01:32Z</time>
   </trkpt>
   <trkpt lat="43.6440740" lon="-79.4239870">
    <ele>92.7</ele>
    <time>2024-07-27T11:01:33Z</time>
   </trkpt>
   <trkpt lat="43.6440430" lon="-79.4239770">
    <ele>92.6</ele>
    <time>2024-07-27T11:01:34Z</time>
   </trkpt>
   <trkpt lat="43.6440280" lon="-79.4239720">
    <ele>92.6</ele>
    <time>2024-07-27T11:01:35Z</time>
   </trkpt>
   <trkpt lat="43.6440010" lon="-79.4239500">
    <ele>92.6</ele>
    <time>2024-07-27T11:01:36Z</time>
   </trkpt>
   <trkpt lat="43.6439920" lon="-79.4239430">
    <ele>92.6</ele>
    <time>2024-07-27T11:01:37Z</time>
   </trkpt>
   <trkpt lat="43.6439840" lon="-79.4239450">
    <ele>92.6</ele>
    <time>2024-07-27T11:01:38Z</time>
   </trkpt>
   <trkpt lat="43.6439590" lon="-79.4239340">
    <ele>92.6</ele>
    <time>2024-07-27T11:01:39Z</time>
   </trkpt>
   <trkpt lat="43.6439170" lon="-79.4239290">
    <ele>92.5</ele>
    <time>2024-07-27T11:01:40Z</time>
   </trkpt>
   <trkpt lat="43.6438890" lon="-79.4239290">
    <ele>92.5</ele>
    <time>2024-07-27T11:01:41Z</time>
   </trkpt>
   <trkpt lat="43.6438630" lon="-79.4239150">
    <ele>92.5</ele>
    <time>2024-07-27T11:01:42Z</time>
   </trkpt>
   <trkpt lat="43.6438310" lon="-79.4239030">
    <ele>92.5</ele>
    <time>2024-07-27T11:01:43Z</time>
   </trkpt>
   <trkpt lat="43.6438220" lon="-79.4238980">
    <ele>92.5</ele>
    <time>2024-07-27T11:01:44Z</time>
   </trkpt>
   <trkpt lat="43.6437880" lon="-79.4238710">
    <ele>92.5</ele>
    <time>2024-07-27T11:01:45Z</time>
   </trkpt>
   <trkpt lat="43.6437750" lon="-79.4238630">
    <ele>92.5</ele>
    <time>2024-07-27T11:01:46Z</time>
   </trkpt>
   <trkpt lat="43.6437470" lon="-79.4238540">
    <ele>92.4</ele>
    <time>2024-07-27T11:01:47Z</time>
   </trkpt>
   <trkpt lat="43.6437380" lon="-79.4238540">
    <ele>92.4</ele>
    <time>2024-07-27T11:01:48Z</time>
   </trkpt>
   <trkpt lat="43.6437070" lon="-79.4238230">
    <ele>92.4</ele>
    <time>2024-07-27T11:01:49Z</time>
   </trkpt>
   <trkpt lat="43.6436970" lon="-79.4238290">
    <ele>92.4</ele>
    <time>2024-07-27T11:01:50Z</time>
   </trkpt>
   <trkpt lat="43.6436770" lon="-79.4238200">
    <ele>92.4</ele>
    <time>2024-07-27T11:01:51Z</time>
   </trkpt>
   <trkpt lat="43.6436500" lon="-79.4238100">
    <ele>92.4</ele>
    <time>2024-07-27T11:01:52Z</time>
   </trkpt>
   <trkpt lat="43.6436210" lon="-79.4237960">
    <ele>92.3</ele>
    <time>2024-07-27T11:01:53Z</time>
   </trkpt>
   <trkpt lat="43.6436120" lon="-79.4237830">
    <ele>92.3</ele>
    <time>2024-07-27T11:01:54Z</time>
   </trkpt>
   <trkpt lat="43.6435840" lon="-79.4237710">
    <ele>92.3</ele>
    <time>2024-07-27T11:01:55Z</time>
   </trkpt>
   <trkpt lat="43.6435520" lon="-79.4237550">
    <ele>92.2</ele>
    <time>2024-07-27T11:01:56Z</time>
   </trkpt>
   <trkpt lat="43.6435390" lon="-79.4237430">
    <ele>92.2</ele>
    <time>2024-07-27T11:01:57Z</time>
   </trkpt>
   <trkpt lat="43.6435040" lon="-79.4237290">
    <ele>92.1</ele>
    <time>2024-07-27T11:01:58Z</time>
   </trkpt>
   <trkpt lat="43.6434930" lon="-79.4237260">
    <ele>92.0</ele>
    <time>2024-07-27T11:01:59Z</time>
   </trkpt>
   <trkpt lat="43.6434630" lon="-79.4237130">
    <ele>91.9</ele>
    <time>2024-07-27T11:02:00Z</time>
   </trkpt>
   <trkpt lat="43.6434350" lon="-79.4237090">
    <ele>91.9</ele>
    <time>2024-07-27T11:02:01Z</time>
   </trkpt>
   <trkpt lat="43.6434080" lon="-79.4236890">
    <ele>91.8</ele>
    <time>2024-07-27T11:02:02Z</time>
   </trkpt>
   <trkpt lat="43.6433920" lon="-79.4236800">
    <ele>91.8</ele>
    <time>2024-07-27T11:02:03Z</time>
   </trkpt>
   <trkpt lat="43.6433760" lon="-79.4236850">
    <ele>91.7</ele>
    <time>2024-07-27T11:02:04Z</time>
   </trkpt>
   <trkpt lat="43.6433560" lon="-79.4236800">
    <ele>91.7</ele>
    <time>2024-07-27T11:02:05Z</time>
   </trkpt>
   <trkpt lat="43.6433270" lon="-79.4236760">
    <ele>91.6</ele>
    <time>2024-07-27T11:02:06Z</time>
   </trkpt>
   <trkpt lat="43.6433160" lon="-79.4236750">
    <ele>91.6</ele>
    <time>2024-07-27T11:02:07Z</time>
   </trkpt>
   <trkpt lat="43.6432780" lon="-79.4236880">
    <ele>91.5</ele>
    <time>2024-07-27T11:02:08Z</time>
   </trkpt>
   <trkpt lat="43.6432650" lon="-79.4236900">
    <ele>91.5</ele>
    <time>2024-07-27T11:02:09Z</time>
   </trkpt>
   <trkpt lat="43.6432470" lon="-79.4236820">
    <ele>91.4</ele>
    <time>2024-07-27T11:02:10Z</time>
   </trkpt>
   <trkpt lat="43.6432410" lon="-79.4236710">
    <ele>91.4</ele>
    <time>2024-07-27T11:02:11Z</time>
   </trkpt>
   <trkpt lat="43.6432090" lon="-79.4236380">
    <ele>91.4</ele>
    <time>2024-07-27T11:02:12Z</time>
   </trkpt>
   <trkpt lat="43.6431980" lon="-79.4236000">
    <ele>91.4</ele>
    <time>2024-07-27T11:02:13Z</time>
   </trkpt>
   <trkpt lat="43.6431930" lon="-79.4235830">
    <ele>91.4</ele>
    <time>2024-07-27T11:02:14Z</time>
   </trkpt>
   <trkpt lat="43.6431910" lon="-79.4235420">
    <ele>91.4</ele>
    <time>2024-07-27T11:02:15Z</time>
   </trkpt>
   <trkpt lat="43.6431890" lon="-79.4235270">
    <ele>91.4</ele>
    <time>2024-07-27T11:02:16Z</time>
   </trkpt>
   <trkpt lat="43.6431830" lon="-79.4234890">
    <ele>91.4</ele>
    <time>2024-07-27T11:02:17Z</time>
   </trkpt>
   <trkpt lat="43.6431860" lon="-79.4234430">
    <ele>91.4</ele>
    <time>2024-07-27T11:02:18Z</time>
   </trkpt>
   <trkpt lat="43.6431850" lon="-79.4234160">
    <ele>91.4</ele>
    <time>2024-07-27T11:02:19Z</time>
   </trkpt>
   <trkpt lat="43.6431830" lon="-79.4233760">
    <ele>91.4</ele>
    <time>2024-07-27T11:02:20Z</time>
   </trkpt>
   <trkpt lat="43.6431810" lon="-79.4233580">
    <ele>91.4</ele>
    <time>2024-07-27T11:02:21Z</time>
   </trkpt>
   <trkpt lat="43.6431830" lon="-79.4233170">
    <ele>91.4</ele>
    <time>2024-07-27T11:02:22Z</time>
   </trkpt>
   <trkpt lat="43.6431840" lon="-79.4232980">
    <ele>91.4</ele>
    <time>2024-07-27T11:02:23Z</time>
   </trkpt>
   <trkpt lat="43.6431960" lon="-79.4232020">
    <ele>91.4</ele>
    <time>2024-07-27T11:02:24Z</time>
   </trkpt>
   <trkpt lat="43.6432120" lon="-79.4231300">
    <ele>91.4</ele>
    <time>2024-07-27T11:02:25Z</time>
   </trkpt>
   <trkpt lat="43.6432270" lon="-79.4230580">
    <ele>91.4</ele>
    <time>2024-07-27T11:02:26Z</time>
   </trkpt>
   <trkpt lat="43.6432120" lon="-79.4230220">
    <ele>91.4</ele>
    <time>2024-07-27T11:02:27Z</time>
   </trkpt>
   <trkpt lat="43.6432060" lon="-79.4229910">
    <ele>91.4</ele>
    <time>2024-07-27T11:02:28Z</time>
   </trkpt>
   <trkpt lat="43.6431970" lon="-79.4229760">
    <ele>91.4</ele>
    <time>2024-07-27T11:02:29Z</time>
   </trkpt>
   <trkpt lat="43.6432010" lon="-79.4229690">
    <ele>91.4</ele>
    <time>2024-07-27T11:02:30Z</time>
   </trkpt>
   <trkpt lat="43.6432090" lon="-79.4229720">
    <ele>91.4</ele>
    <time>2024-07-27T11:02:31Z</time>
   </trkpt>
   <trkpt lat="43.6432180" lon="-79.4229510">
    <ele>91.4</ele>
    <time>2024-07-27T11:02:32Z</time>
   </trkpt>
   <trkpt lat="43.6432510" lon="-79.4229140">
    <ele>91.4</ele>
    <time>2024-07-27T11:02:33Z</time>
   </trkpt>
   <trkpt lat="43.6432690" lon="-79.4228990">
    <ele>91.4</ele>
    <time>2024-07-27T11:02:34Z</time>
   </trkpt>
   <trkpt lat="43.6432610" lon="-79.4228620">
    <ele>91.4</ele>
    <time>2024-07-27T11:02:35Z</time>
   </trkpt>
   <trkpt lat="43.6432620" lon="-79.4228490">
    <ele>91.4</ele>
    <time>2024-07-27T11:02:36Z</time>
   </trkpt>
   <trkpt lat="43.6432780" lon="-79.4227990">
    <ele>91.4</ele>
    <time>2024-07-27T11:02:37Z</time>
   </trkpt>
   <trkpt lat="43.6432910" lon="-79.4227810">
    <ele>91.4</ele>
    <time>2024-07-27T11:02:38Z</time>
   </trkpt>
   <trkpt lat="43.6432760" lon="-79.4227360">
    <ele>91.4</ele>
    <time>2024-07-27T11:02:39Z</time>
   </trkpt>
   <trkpt lat="43.6432700" lon="-79.4227230">
    <ele>91.4</ele>
    <time>2024-07-27T11:02:40Z</time>
   </trkpt>
   <trkpt lat="43.6432510" lon="-79.4226760">
    <ele>91.4</ele>
    <time>2024-07-27T11:02:41Z</time>
   </trkpt>
   <trkpt lat="43.6432330" lon="-79.4226350">
    <ele>91.4</ele>
    <time>2024-07-27T11:02:42Z</time>
   </trkpt>
   <trkpt lat="43.6432270" lon="-79.4226260">
    <ele>91.4</ele>
    <time>2024-07-27T11:02:43Z</time>
   </trkpt>
   <trkpt lat="43.6432560" lon="-79.4226020">
    <ele>91.4</ele>
    <time>2024-07-27T11:02:44Z</time>
   </trkpt>
   <trkpt lat="43.6432430" lon="-79.4225650">
    <ele>91.4</ele>
    <time>2024-07-27T11:02:45Z</time>
   </trkpt>
   <trkpt lat="43.6432430" lon="-79.4225540">
    <ele>91.4</ele>
    <time>2024-07-27T11:02:46Z</time>
   </trkpt>
   <trkpt lat="43.6432370" lon="-79.4225280">
    <ele>91.4</ele>
    <time>2024-07-27T11:02:47Z</time>
   </trkpt>
   <trkpt lat="43.6432420" lon="-79.4225130">
    <ele>91.4</ele>
    <time>2024-07-27T11:02:48Z</time>
   </trkpt>
   <trkpt lat="43.6432290" lon="-79.4224650">
    <ele>91.4</ele>
    <time>2024-07-27T11:02:49Z</time>
   </trkpt>
   <trkpt lat="43.6432690" lon="-79.4224230">
    <ele>91.4</ele>
    <time>2024-07-27T11:02:50Z</time>
   </trkpt>
   <trkpt lat="43.6433090" lon="-79.4224050">
    <ele>91.4</ele>
    <time>2024-07-27T11:02:51Z</time>
   </trkpt>
   <trkpt lat="43.6434060" lon="-79.4223480">
    <ele>91.4</ele>
    <time>2024-07-27T11:02:52Z</time>
   </trkpt>
   <trkpt lat="43.6434300" lon="-79.4223170">
    <ele>91.4</ele>
    <time>2024-07-27T11:02:53Z</time>
   </trkpt>
   <trkpt lat="43.6434340" lon="-79.4223050">
    <ele>91.4</ele>
    <time>2024-07-27T11:02:54Z</time>
   </trkpt>
   <trkpt lat="43.6434460" lon="-79.4222470">
    <ele>91.4</ele>
    <time>2024-07-27T11:02:55Z</time>
   </trkpt>
   <trkpt lat="43.6434450" lon="-79.4222170">
    <ele>91.4</ele>
    <time>2024-07-27T11:02:56Z</time>
   </trkpt>
   <trkpt lat="43.6434380" lon="-79.4221760">
    <ele>91.3</ele>
    <time>2024-07-27T11:02:57Z</time>
   </trkpt>
   <trkpt lat="43.6434390" lon="-79.4221650">
    <ele>91.3</ele>
    <time>2024-07-27T11:02:58Z</time>
   </trkpt>
   <trkpt lat="43.6434480" lon="-79.4221180">
    <ele>91.3</ele>
    <time>2024-07-27T11:02:59Z</time>
   </trkpt>
   <trkpt lat="43.6434510" lon="-79.4221050">
    <ele>91.3</ele>
    <time>2024-07-27T11:03:00Z</time>
   </trkpt>
   <trkpt lat="43.6434520" lon="-79.4220530">
    <ele>91.3</ele>
    <time>2024-07-27T11:03:01Z</time>
   </trkpt>
   <trkpt lat="43.6434530" lon="-79.4220280">
    <ele>91.3</ele>
    <time>2024-07-27T11:03:02Z</time>
   </trkpt>
   <trkpt lat="43.6434480" lon="-79.4219910">
    <ele>91.3</ele>
    <time>2024-07-27T11:03:03Z</time>
   </trkpt>
   <trkpt lat="43.6434320" lon="-79.4219580">
    <ele>91.3</ele>
    <time>2024-07-27T11:03:04Z</time>
   </trkpt>
   <trkpt lat="43.6434220" lon="-79.4219470">
    <ele>91.3</ele>
    <time>2024-07-27T11:03:05Z</time>
   </trkpt>
   <trkpt lat="43.6434100" lon="-79.4219120">
    <ele>91.3</ele>
    <time>2024-07-27T11:03:06Z</time>
   </trkpt>
   <trkpt lat="43.6434090" lon="-79.4218860">
    <ele>91.3</ele>
    <time>2024-07-27T11:03:07Z</time>
   </trkpt>
   <trkpt lat="43.6433930" lon="-79.4218700">
    <ele>91.3</ele>
    <time>2024-07-27T11:03:08Z</time>
   </trkpt>
   <trkpt lat="43.6433820" lon="-79.4218240">
    <ele>91.2</ele>
    <time>2024-07-27T11:03:09Z</time>
   </trkpt>
   <trkpt lat="43.6433790" lon="-79.4218100">
    <ele>91.2</ele>
    <time>2024-07-27T11:03:10Z</time>
   </trkpt>
   <trkpt lat="43.6433780" lon="-79.4217770">
    <ele>91.2</ele>
    <time>2024-07-27T11:03:11Z</time>
   </trkpt>
   <trkpt lat="43.6433830" lon="-79.4217600">
    <ele>91.2</ele>
    <time>2024-07-27T11:03:12Z</time>
   </trkpt>
   <trkpt lat="43.6434050" lon="-79.4217310">
    <ele>91.2</ele>
    <time>2024-07-27T11:03:13Z</time>
   </trkpt>
   <trkpt lat="43.6434470" lon="-79.4217130">
    <ele>91.2</ele>
    <time>2024-07-27T11:03:14Z</time>
   </trkpt>
   <trkpt lat="43.6434770" lon="-79.4216870">
    <ele>91.2</ele>
    <time>2024-07-27T11:03:15Z</time>
   </trkpt>
   <trkpt lat="43.6435130" lon="-79.4216470">
    <ele>91.1</ele>
    <time>2024-07-27T11:03:16Z</time>
   </trkpt>
   <trkpt lat="43.6435430" lon="-79.4215650">
    <ele>91.1</ele>
    <time>2024-07-27T11:03:17Z</time>
   </trkpt>
   <trkpt lat="43.6435520" lon="-79.4215260">
    <ele>91.1</ele>
    <time>2024-07-27T11:03:18Z</time>
   </trkpt>
   <trkpt lat="43.6435600" lon="-79.4214780">
    <ele>91.1</ele>
    <time>2024-07-27T11:03:19Z</time>
   </trkpt>
   <trkpt lat="43.6435660" lon="-79.4214350">
    <ele>91.1</ele>
    <time>2024-07-27T11:03:20Z</time>
   </trkpt>
   <trkpt lat="43.6435750" lon="-79.4213970">
    <ele>91.1</ele>
    <time>2024-07-27T11:03:21Z</time>
   </trkpt>
   <trkpt lat="43.6435790" lon="-79.4213820">
    <ele>91.1</ele>
    <time>2024-07-27T11:03:22Z</time>
   </trkpt>
   <trkpt lat="43.6435890" lon="-79.4213370">
    <ele>91.1</ele>
    <time>2024-07-27T11:03:23Z</time>
   </trkpt>
   <trkpt lat="43.6435920" lon="-79.4213210">
    <ele>91.1</ele>
    <time>2024-07-27T11:03:24Z</time>
   </trkpt>
   <trkpt lat="43.6436110" lon="-79.4212850">
    <ele>91.1</ele>
    <time>2024-07-27T11:03:25Z</time>
   </trkpt>
   <trkpt lat="43.6436260" lon="-79.4212540">
    <ele>91.1</ele>
    <time>2024-07-27T11:03:26Z</time>
   </trkpt>
   <trkpt lat="43.6436350" lon="-79.4212450">
    <ele>91.1</ele>
    <time>2024-07-27T11:03:27Z</time>
   </trkpt>
   <trkpt lat="43.6436430" lon="-79.4212360">
    <ele>91.1</ele>
    <time>2024-07-27T11:03:28Z</time>
   </trkpt>
   <trkpt lat="43.6436520" lon="-79.4211910">
    <ele>91.0</ele>
    <time>2024-07-27T11:03:29Z</time>
   </trkpt>
   <trkpt lat="43.6436610" lon="-79.4211490">
    <ele>91.0</ele>
    <time>2024-07-27T11:03:30Z</time>
   </trkpt>
   <trkpt lat="43.6436600" lon="-79.4211100">
    <ele>91.0</ele>
    <time>2024-07-27T11:03:31Z</time>
   </trkpt>
   <trkpt lat="43.6436670" lon="-79.4210600">
    <ele>91.0</ele>
    <time>2024-07-27T11:03:32Z</time>
   </trkpt>
   <trkpt lat="43.6436680" lon="-79.4210430">
    <ele>91.0</ele>
    <time>2024-07-27T11:03:33Z</time>
   </trkpt>
   <trkpt lat="43.6436650" lon="-79.4209960">
    <ele>91.0</ele>
    <time>2024-07-27T11:03:34Z</time>
   </trkpt>
   <trkpt lat="43.6436660" lon="-79.4209800">
    <ele>91.0</ele>
    <time>2024-07-27T11:03:35Z</time>
   </trkpt>
   <trkpt lat="43.6436520" lon="-79.4209400">
    <ele>91.0</ele>
    <time>2024-07-27T11:03:36Z</time>
   </trkpt>
   <trkpt lat="43.6436690" lon="-79.4209000">
    <ele>91.0</ele>
    <time>2024-07-27T11:03:37Z</time>
   </trkpt>
   <trkpt lat="43.6436690" lon="-79.4208860">
    <ele>91.0</ele>
    <time>2024-07-27T11:03:38Z</time>
   </trkpt>
   <trkpt lat="43.6436730" lon="-79.4208670">
    <ele>91.0</ele>
    <time>2024-07-27T11:03:39Z</time>
   </trkpt>
   <trkpt lat="43.6436680" lon="-79.4208400">
    <ele>91.0</ele>
    <time>2024-07-27T11:03:40Z</time>
   </trkpt>
   <trkpt lat="43.6436820" lon="-79.4207930">
    <ele>91.0</ele>
    <time>2024-07-27T11:03:41Z</time>
   </trkpt>
   <trkpt lat="43.6436900" lon="-79.4207780">
    <ele>91.0</ele>
    <time>2024-07-27T11:03:42Z</time>
   </trkpt>
   <trkpt lat="43.6436940" lon="-79.4207360">
    <ele>91.0</ele>
    <time>2024-07-27T11:03:43Z</time>
   </trkpt>
   <trkpt lat="43.6436980" lon="-79.4206930">
    <ele>91.0</ele>
    <time>2024-07-27T11:03:44Z</time>
   </trkpt>
   <trkpt lat="43.6436960" lon="-79.4206780">
    <ele>91.0</ele>
    <time>2024-07-27T11:03:45Z</time>
   </trkpt>
   <trkpt lat="43.6437170" lon="-79.4206260">
    <ele>91.0</ele>
    <time>2024-07-27T11:03:46Z</time>
   </trkpt>
   <trkpt lat="43.6437030" lon="-79.4205910">
    <ele>91.0</ele>
    <time>2024-07-27T11:03:47Z</time>
   </trkpt>
   <trkpt lat="43.6437420" lon="-79.4205520">
    <ele>91.0</ele>
    <time>2024-07-27T11:03:48Z</time>
   </trkpt>
   <trkpt lat="43.6437370" lon="-79.4205010">
    <ele>91.0</ele>
    <time>2024-07-27T11:03:49Z</time>
   </trkpt>
   <trkpt lat="43.6437380" lon="-79.4204840">
    <ele>91.0</ele>
    <time>2024-07-27T11:03:50Z</time>
   </trkpt>
   <trkpt lat="43.6437410" lon="-79.4204600">
    <ele>91.0</ele>
    <time>2024-07-27T11:03:51Z</time>
   </trkpt>
   <trkpt lat="43.6437330" lon="-79.4204450">
    <ele>91.0</ele>
    <time>2024-07-27T11:03:52Z</time>
   </trkpt>
   <trkpt lat="43.6437400" lon="-79.4204020">
    <ele>91.0</ele>
    <time>2024-07-27T11:03:53Z</time>
   </trkpt>
   <trkpt lat="43.6437400" lon="-79.4203570">
    <ele>91.0</ele>
    <time>2024-07-27T11:03:54Z</time>
   </trkpt>
   <trkpt lat="43.6437230" lon="-79.4203130">
    <ele>91.0</ele>
    <time>2024-07-27T11:03:55Z</time>
   </trkpt>
   <trkpt lat="43.6437210" lon="-79.4203000">
    <ele>91.0</ele>
    <time>2024-07-27T11:03:56Z</time>
   </trkpt>
   <trkpt lat="43.6437280" lon="-79.4202480">
    <ele>91.0</ele>
    <time>2024-07-27T11:03:57Z</time>
   </trkpt>
   <trkpt lat="43.6437370" lon="-79.4202290">
    <ele>91.0</ele>
    <time>2024-07-27T11:03:58Z</time>
   </trkpt>
   <trkpt lat="43.6437530" lon="-79.4201980">
    <ele>91.0</ele>
    <time>2024-07-27T11:03:59Z</time>
   </trkpt>
   <trkpt lat="43.6437610" lon="-79.4201470">
    <ele>91.0</ele>
    <time>2024-07-27T11:04:00Z</time>
   </trkpt>
   <trkpt lat="43.6437630" lon="-79.4201220">
    <ele>91.0</ele>
    <time>2024-07-27T11:04:01Z</time>
   </trkpt>
   <trkpt lat="43.6437910" lon="-79.4200990">
    <ele>91.0</ele>
    <time>2024-07-27T11:04:02Z</time>
   </trkpt>
   <trkpt lat="43.6437870" lon="-79.4200530">
    <ele>91.0</ele>
    <time>2024-07-27T11:04:03Z</time>
   </trkpt>
   <trkpt lat="43.6437820" lon="-79.4200290">
    <ele>90.9</ele>
    <time>2024-07-27T11:04:04Z</time>
   </trkpt>
   <trkpt lat="43.6438430" lon="-79.4199920">
    <ele>90.9</ele>
    <time>2024-07-27T11:04:05Z</time>
   </trkpt>
   <trkpt lat="43.6438680" lon="-79.4199580">
    <ele>90.9</ele>
    <time>2024-07-27T11:04:06Z</time>
   </trkpt>
   <trkpt lat="43.6438720" lon="-79.4199410">
    <ele>90.9</ele>
    <time>2024-07-27T11:04:07Z</time>
   </trkpt>
   <trkpt lat="43.6438860" lon="-79.4199110">
    <ele>90.9</ele>
    <time>2024-07-27T11:04:08Z</time>
   </trkpt>
   <trkpt lat="43.6438910" lon="-79.4199000">
    <ele>90.9</ele>
    <time>2024-07-27T11:04:09Z</time>
   </trkpt>
   <trkpt lat="43.6438990" lon="-79.4198600">
    <ele>90.9</ele>
    <time>2024-07-27T11:04:10Z</time>
   </trkpt>
   <trkpt lat="43.6438990" lon="-79.4198480">
    <ele>90.9</ele>
    <time>2024-07-27T11:04:11Z</time>
   </trkpt>
   <trkpt lat="43.6439030" lon="-79.4197970">
    <ele>90.9</ele>
    <time>2024-07-27T11:04:12Z</time>
   </trkpt>
   <trkpt lat="43.6439060" lon="-79.4197490">
    <ele>90.9</ele>
    <time>2024-07-27T11:04:13Z</time>
   </trkpt>
   <trkpt lat="43.6439080" lon="-79.4197340">
    <ele>90.9</ele>
    <time>2024-07-27T11:04:14Z</time>
   </trkpt>
   <trkpt lat="43.6439190" lon="-79.4196880">
    <ele>90.9</ele>
    <time>2024-07-27T11:04:15Z</time>
   </trkpt>
   <trkpt lat="43.6439290" lon="-79.4196730">
    <ele>90.9</ele>
    <time>2024-07-27T11:04:16Z</time>
   </trkpt>
   <trkpt lat="43.6439420" lon="-79.4196700">
    <ele>90.9</ele>
    <time>2024-07-27T11:04:17Z</time>
   </trkpt>
   <trkpt lat="43.6439540" lon="-79.4196670">
    <ele>90.9</ele>
    <time>2024-07-27T11:04:18Z</time>
   </trkpt>
   <trkpt lat="43.6439720" lon="-79.4196350">
    <ele>90.9</ele>
    <time>2024-07-27T11:04:19Z</time>
   </trkpt>
   <trkpt lat="43.6439780" lon="-79.4196200">
    <ele>90.9</ele>
    <time>2024-07-27T11:04:20Z</time>
   </trkpt>
   <trkpt lat="43.6439810" lon="-79.4195870">
    <ele>90.9</ele>
    <time>2024-07-27T11:04:21Z</time>
   </trkpt>
   <trkpt lat="43.6439860" lon="-79.4195700">
    <ele>90.9</ele>
    <time>2024-07-27T11:04:22Z</time>
   </trkpt>
   <trkpt lat="43.6439780" lon="-79.4195280">
    <ele>90.9</ele>
    <time>2024-07-27T11:04:23Z</time>
   </trkpt>
   <trkpt lat="43.6439720" lon="-79.4194810">
    <ele>90.9</ele>
    <time>2024-07-27T11:04:24Z</time>
   </trkpt>
   <trkpt lat="43.6439810" lon="-79.4194240">
    <ele>90.9</ele>
    <time>2024-07-27T11:04:25Z</time>
   </trkpt>
   <trkpt lat="43.6439870" lon="-79.4193690">
    <ele>90.9</ele>
    <time>2024-07-27T11:04:26Z</time>
   </trkpt>
   <trkpt lat="43.6439930" lon="-79.4193500">
    <ele>90.9</ele>
    <time>2024-07-27T11:04:27Z</time>
   </trkpt>
   <trkpt lat="43.6439780" lon="-79.4193180">
    <ele>90.9</ele>
    <time>2024-07-27T11:04:28Z</time>
   </trkpt>
   <trkpt lat="43.6439750" lon="-79.4193010">
    <ele>90.9</ele>
    <time>2024-07-27T11:04:29Z</time>
   </trkpt>
   <trkpt lat="43.6439740" lon="-79.4192570">
    <ele>90.9</ele>
    <time>2024-07-27T11:04:30Z</time>
   </trkpt>
   <trkpt lat="43.6439690" lon="-79.4192370">
    <ele>90.9</ele>
    <time>2024-07-27T11:04:31Z</time>
   </trkpt>
   <trkpt lat="43.6439710" lon="-79.4191970">
    <ele>90.9</ele>
    <time>2024-07-27T11:04:32Z</time>
   </trkpt>
   <trkpt lat="43.6439720" lon="-79.4191440">
    <ele>90.9</ele>
    <time>2024-07-27T11:04:33Z</time>
   </trkpt>
   <trkpt lat="43.6439800" lon="-79.4191270">
    <ele>90.9</ele>
    <time>2024-07-27T11:04:34Z</time>
   </trkpt>
   <trkpt lat="43.6439840" lon="-79.4190820">
    <ele>90.9</ele>
    <time>2024-07-27T11:04:35Z</time>
   </trkpt>
   <trkpt lat="43.6439830" lon="-79.4190670">
    <ele>90.9</ele>
    <time>2024-07-27T11:04:36Z</time>
   </trkpt>
   <trkpt lat="43.6439770" lon="-79.4190220">
    <ele>90.9</ele>
    <time>2024-07-27T11:04:37Z</time>
   </trkpt>
   <trkpt lat="43.6439750" lon="-79.4189770">
    <ele>90.9</ele>
    <time>2024-07-27T11:04:38Z</time>
   </trkpt>
   <trkpt lat="43.6439680" lon="-79.4189670">
    <ele>90.9</ele>
    <time>2024-07-27T11:04:39Z</time>
   </trkpt>
   <trkpt lat="43.6439520" lon="-79.4189530">
    <ele>90.9</ele>
    <time>2024-07-27T11:04:40Z</time>
   </trkpt>
   <trkpt lat="43.6439490" lon="-79.4189350">
    <ele>90.9</ele>
    <time>2024-07-27T11:04:41Z</time>
   </trkpt>
   <trkpt lat="43.6439530" lon="-79.4189090">
    <ele>90.9</ele>
    <time>2024-07-27T11:04:42Z</time>
   </trkpt>
   <trkpt lat="43.6439800" lon="-79.4189310">
    <ele>90.9</ele>
    <time>2024-07-27T11:04:43Z</time>
   </trkpt>
   <trkpt lat="43.6439950" lon="-79.4188920">
    <ele>90.9</ele>
    <time>2024-07-27T11:04:44Z</time>
   </trkpt>
   <trkpt lat="43.6440310" lon="-79.4188590">
    <ele>90.9</ele>
    <time>2024-07-27T11:04:45Z</time>
   </trkpt>
   <trkpt lat="43.6440610" lon="-79.4188030">
    <ele>90.9</ele>
    <time>2024-07-27T11:04:46Z</time>
   </trkpt>
   <trkpt lat="43.6440870" lon="-79.4187680">
    <ele>90.9</ele>
    <time>2024-07-27T11:04:47Z</time>
   </trkpt>
   <trkpt lat="43.6440970" lon="-79.4187310">
    <ele>90.9</ele>
    <time>2024-07-27T11:04:48Z</time>
   </trkpt>
   <trkpt lat="43.6440930" lon="-79.4186790">
    <ele>90.9</ele>
    <time>2024-07-27T11:04:49Z</time>
   </trkpt>
   <trkpt lat="43.6440960" lon="-79.4186280">
    <ele>90.9</ele>
    <time>2024-07-27T11:04:50Z</time>
   </trkpt>
   <trkpt lat="43.6440960" lon="-79.4186070">
    <ele>90.9</ele>
    <time>2024-07-27T11:04:51Z</time>
   </trkpt>
   <trkpt lat="43.6441000" lon="-79.4185570">
    <ele>90.9</ele>
    <time>2024-07-27T11:04:52Z</time>
   </trkpt>
   <trkpt lat="43.6440990" lon="-79.4185400">
    <ele>90.9</ele>
    <time>2024-07-27T11:04:53Z</time>
   </trkpt>
   <trkpt lat="43.6441090" lon="-79.4184980">
    <ele>90.9</ele>
    <time>2024-07-27T11:04:54Z</time>
   </trkpt>
   <trkpt lat="43.6441340" lon="-79.4184680">
    <ele>90.9</ele>
    <time>2024-07-27T11:04:55Z</time>
   </trkpt>
   <trkpt lat="43.6441330" lon="-79.4184170">
    <ele>90.9</ele>
    <time>2024-07-27T11:04:56Z</time>
   </trkpt>
   <trkpt lat="43.6441540" lon="-79.4183790">
    <ele>90.9</ele>
    <time>2024-07-27T11:04:57Z</time>
   </trkpt>
   <trkpt lat="43.6441500" lon="-79.4183090">
    <ele>90.9</ele>
    <time>2024-07-27T11:04:58Z</time>
   </trkpt>
   <trkpt lat="43.6441740" lon="-79.4182910">
    <ele>90.9</ele>
    <time>2024-07-27T11:04:59Z</time>
   </trkpt>
   <trkpt lat="43.6441620" lon="-79.4182570">
    <ele>90.9</ele>
    <time>2024-07-27T11:05:00Z</time>
   </trkpt>
   <trkpt lat="43.6441900" lon="-79.4182270">
    <ele>91.0</ele>
    <time>2024-07-27T11:05:01Z</time>
   </trkpt>
   <trkpt lat="43.6441970" lon="-79.4182100">
    <ele>91.0</ele>
    <time>2024-07-27T11:05:02Z</time>
   </trkpt>
   <trkpt lat="43.6441830" lon="-79.4181610">
    <ele>91.0</ele>
    <time>2024-07-27T11:05:03Z</time>
   </trkpt>
   <trkpt lat="43.6442110" lon="-79.4181400">
    <ele>91.0</ele>
    <time>2024-07-27T11:05:04Z</time>
   </trkpt>
   <trkpt lat="43.6442130" lon="-79.4180890">
    <ele>91.0</ele>
    <time>2024-07-27T11:05:05Z</time>
   </trkpt>
   <trkpt lat="43.6442120" lon="-79.4180740">
    <ele>91.0</ele>
    <time>2024-07-27T11:05:06Z</time>
   </trkpt>
   <trkpt lat="43.6442360" lon="-79.4180330">
    <ele>91.0</ele>
    <time>2024-07-27T11:05:07Z</time>
   </trkpt>
   <trkpt lat="43.6442370" lon="-79.4180070">
    <ele>91.0</ele>
    <time>2024-07-27T11:05:08Z</time>
   </trkpt>
   <trkpt lat="43.6442410" lon="-79.4179850">
    <ele>91.0</ele>
    <time>2024-07-27T11:05:09Z</time>
   </trkpt>
   <trkpt lat="43.6442580" lon="-79.4179520">
    <ele>91.0</ele>
    <time>2024-07-27T11:05:10Z</time>
   </trkpt>
   <trkpt lat="43.6442600" lon="-79.4179040">
    <ele>90.9</ele>
    <time>2024-07-27T11:05:11Z</time>
   </trkpt>
   <trkpt lat="43.6442570" lon="-79.4178900">
    <ele>90.9</ele>
    <time>2024-07-27T11:05:12Z</time>
   </trkpt>
   <trkpt lat="43.6442570" lon="-79.4178390">
    <ele>90.9</ele>
    <time>2024-07-27T11:05:13Z</time>
   </trkpt>
   <trkpt lat="43.6442640" lon="-79.4178210">
    <ele>90.9</ele>
    <time>2024-07-27T11:05:14Z</time>
   </trkpt>
   <trkpt lat="43.6442780" lon="-79.4177880">
    <ele>90.9</ele>
    <time>2024-07-27T11:05:15Z</time>
   </trkpt>
   <trkpt lat="43.6442600" lon="-79.4177610">
    <ele>90.9</ele>
    <time>2024-07-27T11:05:16Z</time>
   </trkpt>
   <trkpt lat="43.6442720" lon="-79.4177410">
    <ele>90.9</ele>
    <time>2024-07-27T11:05:17Z</time>
   </trkpt>
   <trkpt lat="43.6442900" lon="-79.4176980">
    <ele>90.8</ele>
    <time>2024-07-27T11:05:18Z</time>
   </trkpt>
   <trkpt lat="43.6442920" lon="-79.4176830">
    <ele>90.8</ele>
    <time>2024-07-27T11:05:19Z</time>
   </trkpt>
   <trkpt lat="43.6442910" lon="-79.4176410">
    <ele>90.8</ele>
    <time>2024-07-27T11:05:20Z</time>
   </trkpt>
   <trkpt lat="43.6443200" lon="-79.4176000">
    <ele>90.8</ele>
    <time>2024-07-27T11:05:21Z</time>
   </trkpt>
   <trkpt lat="43.6443330" lon="-79.4175830">
    <ele>90.8</ele>
    <time>2024-07-27T11:05:22Z</time>
   </trkpt>
   <trkpt lat="43.6443350" lon="-79.4175370">
    <ele>90.8</ele>
    <time>2024-07-27T11:05:23Z</time>
   </trkpt>
   <trkpt lat="43.6443350" lon="-79.4175220">
    <ele>90.7</ele>
    <time>2024-07-27T11:05:24Z</time>
   </trkpt>
   <trkpt lat="43.6443580" lon="-79.4174810">
    <ele>90.7</ele>
    <time>2024-07-27T11:05:25Z</time>
   </trkpt>
   <trkpt lat="43.6443650" lon="-79.4174660">
    <ele>90.7</ele>
    <time>2024-07-27T11:05:26Z</time>
   </trkpt>
   <trkpt lat="43.6443740" lon="-79.4174150">
    <ele>90.7</ele>
    <time>2024-07-27T11:05:27Z</time>
   </trkpt>
   <trkpt lat="43.6443790" lon="-79.4174000">
    <ele>90.7</ele>
    <time>2024-07-27T11:05:28Z</time>
   </trkpt>
   <trkpt lat="43.6443860" lon="-79.4173520">
    <ele>90.7</ele>
    <time>2024-07-27T11:05:29Z</time>
   </trkpt>
   <trkpt lat="43.6443890" lon="-79.4173360">
    <ele>90.7</ele>
    <time>2024-07-27T11:05:30Z</time>
   </trkpt>
   <trkpt lat="43.6444080" lon="-79.4172900">
    <ele>90.6</ele>
    <time>2024-07-27T11:05:31Z</time>
   </trkpt>
   <trkpt lat="43.6444160" lon="-79.4172770">
    <ele>90.6</ele>
    <time>2024-07-27T11:05:32Z</time>
   </trkpt>
   <trkpt lat="43.6444160" lon="-79.4172430">
    <ele>90.6</ele>
    <time>2024-07-27T11:05:33Z</time>
   </trkpt>
   <trkpt lat="43.6444160" lon="-79.4172250">
    <ele>90.6</ele>
    <time>2024-07-27T11:05:34Z</time>
   </trkpt>
   <trkpt lat="43.6444250" lon="-79.4171800">
    <ele>90.6</ele>
    <time>2024-07-27T11:05:35Z</time>
   </trkpt>
   <trkpt lat="43.6444260" lon="-79.4171650">
    <ele>90.6</ele>
    <time>2024-07-27T11:05:36Z</time>
   </trkpt>
   <trkpt lat="43.6444300" lon="-79.4171240">
    <ele>90.5</ele>
    <time>2024-07-27T11:05:37Z</time>
   </trkpt>
   <trkpt lat="43.6444530" lon="-79.4170810">
    <ele>90.5</ele>
    <time>2024-07-27T11:05:38Z</time>
   </trkpt>
   <trkpt lat="43.6444590" lon="-79.4170650">
    <ele>90.5</ele>
    <time>2024-07-27T11:05:39Z</time>
   </trkpt>
   <trkpt lat="43.6444630" lon="-79.4170270">
    <ele>90.5</ele>
    <time>2024-07-27T11:05:40Z</time>
   </trkpt>
   <trkpt lat="43.6444620" lon="-79.4169850">
    <ele>90.5</ele>
    <time>2024-07-27T11:05:41Z</time>
   </trkpt>
   <trkpt lat="43.6444620" lon="-79.4169670">
    <ele>90.5</ele>
    <time>2024-07-27T11:05:42Z</time>
   </trkpt>
   <trkpt lat="43.6444780" lon="-79.4169300">
    <ele>90.4</ele>
    <time>2024-07-27T11:05:43Z</time>
   </trkpt>
   <trkpt lat="43.6444930" lon="-79.4168800">
    <ele>90.4</ele>
    <time>2024-07-27T11:05:44Z</time>
   </trkpt>
   <trkpt lat="43.6445020" lon="-79.4168660">
    <ele>90.4</ele>
    <time>2024-07-27T11:05:45Z</time>
   </trkpt>
   <trkpt lat="43.6445190" lon="-79.4168270">
    <ele>90.4</ele>
    <time>2024-07-27T11:05:46Z</time>
   </trkpt>
   <trkpt lat="43.6445200" lon="-79.4168110">
    <ele>90.4</ele>
    <time>2024-07-27T11:05:47Z</time>
   </trkpt>
   <trkpt lat="43.6445350" lon="-79.4167660">
    <ele>90.3</ele>
    <time>2024-07-27T11:05:48Z</time>
   </trkpt>
   <trkpt lat="43.6445420" lon="-79.4167520">
    <ele>90.3</ele>
    <time>2024-07-27T11:05:49Z</time>
   </trkpt>
   <trkpt lat="43.6445380" lon="-79.4167060">
    <ele>90.3</ele>
    <time>2024-07-27T11:05:50Z</time>
   </trkpt>
   <trkpt lat="43.6445420" lon="-79.4166930">
    <ele>90.3</ele>
    <time>2024-07-27T11:05:51Z</time>
   </trkpt>
   <trkpt lat="43.6445530" lon="-79.4166540">
    <ele>90.3</ele>
    <time>2024-07-27T11:05:52Z</time>
   </trkpt>
   <trkpt lat="43.6445620" lon="-79.4166380">
    <ele>90.3</ele>
    <time>2024-07-27T11:05:53Z</time>
   </trkpt>
   <trkpt lat="43.6445680" lon="-79.4165970">
    <ele>90.3</ele>
    <time>2024-07-27T11:05:54Z</time>
   </trkpt>
   <trkpt lat="43.6445760" lon="-79.4165610">
    <ele>90.3</ele>
    <time>2024-07-27T11:05:55Z</time>
   </trkpt>
   <trkpt lat="43.6445860" lon="-79.4165150">
    <ele>90.3</ele>
    <time>2024-07-27T11:05:56Z</time>
   </trkpt>
   <trkpt lat="43.6445870" lon="-79.4164990">
    <ele>90.3</ele>
    <time>2024-07-27T11:05:57Z</time>
   </trkpt>
   <trkpt lat="43.6445850" lon="-79.4164530">
    <ele>90.4</ele>
    <time>2024-07-27T11:05:58Z</time>
   </trkpt>
   <trkpt lat="43.6445830" lon="-79.4164360">
    <ele>90.4</ele>
    <time>2024-07-27T11:05:59Z</time>
   </trkpt>
   <trkpt lat="43.6445630" lon="-79.4164010">
    <ele>90.4</ele>
    <time>2024-07-27T11:06:00Z</time>
   </trkpt>
   <trkpt lat="43.6445610" lon="-79.4163890">
    <ele>90.4</ele>
    <time>2024-07-27T11:06:01Z</time>
   </trkpt>
   <trkpt lat="43.6445500" lon="-79.4163490">
    <ele>90.4</ele>
    <time>2024-07-27T11:06:02Z</time>
   </trkpt>
   <trkpt lat="43.6445490" lon="-79.4163320">
    <ele>90.5</ele>
    <time>2024-07-27T11:06:03Z</time>
   </trkpt>
   <trkpt lat="43.6445480" lon="-79.4162970">
    <ele>90.5</ele>
    <time>2024-07-27T11:06:04Z</time>
   </trkpt>
   <trkpt lat="43.6445470" lon="-79.4162850">
    <ele>90.5</ele>
    <time>2024-07-27T11:06:05Z</time>
   </trkpt>
   <trkpt lat="43.6445800" lon="-79.4162410">
    <ele>90.5</ele>
    <time>2024-07-27T11:06:06Z</time>
   </trkpt>
   <trkpt lat="43.6446180" lon="-79.4162450">
    <ele>90.5</ele>
    <time>2024-07-27T11:06:07Z</time>
   </trkpt>
   <trkpt lat="43.6446480" lon="-79.4162520">
    <ele>90.4</ele>
    <time>2024-07-27T11:06:08Z</time>
   </trkpt>
   <trkpt lat="43.6446480" lon="-79.4162110">
    <ele>90.4</ele>
    <time>2024-07-27T11:06:09Z</time>
   </trkpt>
   <trkpt lat="43.6446850" lon="-79.4162220">
    <ele>90.5</ele>
    <time>2024-07-27T11:06:10Z</time>
   </trkpt>
   <trkpt lat="43.6447090" lon="-79.4162490">
    <ele>90.5</ele>
    <time>2024-07-27T11:06:11Z</time>
   </trkpt>
   <trkpt lat="43.6447440" lon="-79.4162630">
    <ele>90.6</ele>
    <time>2024-07-27T11:06:12Z</time>
   </trkpt>
   <trkpt lat="43.6447710" lon="-79.4162760">
    <ele>90.6</ele>
    <time>2024-07-27T11:06:13Z</time>
   </trkpt>
   <trkpt lat="43.6447780" lon="-79.4162780">
    <ele>90.6</ele>
    <time>2024-07-27T11:06:14Z</time>
   </trkpt>
   <trkpt lat="43.6447840" lon="-79.4162800">
    <ele>90.6</ele>
    <time>2024-07-27T11:06:15Z</time>
   </trkpt>
   <trkpt lat="43.6447870" lon="-79.4162910">
    <ele>90.6</ele>
    <time>2024-07-27T11:06:16Z</time>
   </trkpt>
   <trkpt lat="43.6447940" lon="-79.4162890">
    <ele>90.6</ele>
    <time>2024-07-27T11:06:17Z</time>
   </trkpt>
   <trkpt lat="43.6447700" lon="-79.4162730">
    <ele>90.6</ele>
    <time>2024-07-27T11:06:18Z</time>
   </trkpt>
   <trkpt lat="43.6447860" lon="-79.4162770">
    <ele>90.6</ele>
    <time>2024-07-27T11:06:19Z</time>
   </trkpt>
   <trkpt lat="43.6447600" lon="-79.4162870">
    <ele>90.6</ele>
    <time>2024-07-27T11:06:20Z</time>
   </trkpt>
   <trkpt lat="43.6447510" lon="-79.4162790">
    <ele>90.6</ele>
    <time>2024-07-27T11:06:21Z</time>
   </trkpt>
   <trkpt lat="43.6447490" lon="-79.4162800">
    <ele>90.6</ele>
    <time>2024-07-27T11:06:22Z</time>
   </trkpt>
   <trkpt lat="43.6447440" lon="-79.4162670">
    <ele>90.6</ele>
    <time>2024-07-27T11:06:23Z</time>
   </trkpt>
   <trkpt lat="43.6447250" lon="-79.4162470">
    <ele>90.6</ele>
    <time>2024-07-27T11:06:24Z</time>
   </trkpt>
   <trkpt lat="43.6447070" lon="-79.4162330">
    <ele>90.5</ele>
    <time>2024-07-27T11:06:25Z</time>
   </trkpt>
   <trkpt lat="43.6446970" lon="-79.4162250">
    <ele>90.5</ele>
    <time>2024-07-27T11:06:26Z</time>
   </trkpt>
   <trkpt lat="43.6446870" lon="-79.4162170">
    <ele>90.5</ele>
    <time>2024-07-27T11:06:27Z</time>
   </trkpt>
   <trkpt lat="43.6446860" lon="-79.4162320">
    <ele>90.5</ele>
    <time>2024-07-27T11:06:28Z</time>
   </trkpt>
   <trkpt lat="43.6446810" lon="-79.4162140">
    <ele>90.5</ele>
    <time>2024-07-27T11:06:29Z</time>
   </trkpt>
   <trkpt lat="43.6446560" lon="-79.4161940">
    <ele>90.4</ele>
    <time>2024-07-27T11:06:30Z</time>
   </trkpt>
   <trkpt lat="43.6446530" lon="-79.4161830">
    <ele>90.4</ele>
    <time>2024-07-27T11:06:31Z</time>
   </trkpt>
   <trkpt lat="43.6446500" lon="-79.4161780">
    <ele>90.4</ele>
    <time>2024-07-27T11:06:32Z</time>
   </trkpt>
   <trkpt lat="43.6446470" lon="-79.4161720">
    <ele>90.4</ele>
    <time>2024-07-27T11:06:33Z</time>
   </trkpt>
   <trkpt lat="43.6446440" lon="-79.4161670">
    <ele>90.4</ele>
    <time>2024-07-27T11:06:34Z</time>
   </trkpt>
   <trkpt lat="43.6446410" lon="-79.4161610">
    <ele>90.4</ele>
    <time>2024-07-27T11:06:35Z</time>
   </trkpt>
   <trkpt lat="43.6446380" lon="-79.4161560">
    <ele>90.4</ele>
    <time>2024-07-27T11:06:36Z</time>
   </trkpt>
   <trkpt lat="43.6446350" lon="-79.4161500">
    <ele>90.4</ele>
    <time>2024-07-27T11:06:37Z</time>
   </trkpt>
   <trkpt lat="43.6446310" lon="-79.4161450">
    <ele>90.4</ele>
    <time>2024-07-27T11:06:38Z</time>
   </trkpt>
   <trkpt lat="43.6446420" lon="-79.4161030">
    <ele>90.4</ele>
    <time>2024-07-27T11:06:39Z</time>
   </trkpt>
   <trkpt lat="43.6446530" lon="-79.4160930">
    <ele>90.4</ele>
    <time>2024-07-27T11:06:40Z</time>
   </trkpt>
   <trkpt lat="43.6446660" lon="-79.4160580">
    <ele>90.4</ele>
    <time>2024-07-27T11:06:41Z</time>
   </trkpt>
   <trkpt lat="43.6446640" lon="-79.4160390">
    <ele>90.4</ele>
    <time>2024-07-27T11:06:42Z</time>
   </trkpt>
   <trkpt lat="43.6446630" lon="-79.4160340">
    <ele>90.4</ele>
    <time>2024-07-27T11:06:43Z</time>
   </trkpt>
   <trkpt lat="43.6446570" lon="-79.4160140">
    <ele>90.4</ele>
    <time>2024-07-27T11:06:44Z</time>
   </trkpt>
   <trkpt lat="43.6446590" lon="-79.4160010">
    <ele>90.4</ele>
    <time>2024-07-27T11:06:45Z</time>
   </trkpt>
   <trkpt lat="43.6446530" lon="-79.4159860">
    <ele>90.4</ele>
    <time>2024-07-27T11:06:46Z</time>
   </trkpt>
   <trkpt lat="43.6446480" lon="-79.4159630">
    <ele>90.3</ele>
    <time>2024-07-27T11:06:47Z</time>
   </trkpt>
   <trkpt lat="43.6446450" lon="-79.4159490">
    <ele>90.3</ele>
    <time>2024-07-27T11:06:48Z</time>
   </trkpt>
   <trkpt lat="43.6446530" lon="-79.4159270">
    <ele>90.3</ele>
    <time>2024-07-27T11:06:49Z</time>
   </trkpt>
   <trkpt lat="43.6446490" lon="-79.4158730">
    <ele>90.3</ele>
    <time>2024-07-27T11:06:50Z</time>
   </trkpt>
   <trkpt lat="43.6446490" lon="-79.4158540">
    <ele>90.3</ele>
    <time>2024-07-27T11:06:51Z</time>
   </trkpt>
   <trkpt lat="43.6446400" lon="-79.4158010">
    <ele>90.3</ele>
    <time>2024-07-27T11:06:52Z</time>
   </trkpt>
   <trkpt lat="43.6446400" lon="-79.4157830">
    <ele>90.3</ele>
    <time>2024-07-27T11:06:53Z</time>
   </trkpt>
   <trkpt lat="43.6446600" lon="-79.4157470">
    <ele>90.3</ele>
    <time>2024-07-27T11:06:54Z</time>
   </trkpt>
   <trkpt lat="43.6446550" lon="-79.4157110">
    <ele>90.3</ele>
    <time>2024-07-27T11:06:55Z</time>
   </trkpt>
   <trkpt lat="43.6446660" lon="-79.4156920">
    <ele>90.3</ele>
    <time>2024-07-27T11:06:56Z</time>
   </trkpt>
   <trkpt lat="43.6446630" lon="-79.4156440">
    <ele>90.3</ele>
    <time>2024-07-27T11:06:57Z</time>
   </trkpt>
   <trkpt lat="43.6446760" lon="-79.4155980">
    <ele>90.3</ele>
    <time>2024-07-27T11:06:58Z</time>
   </trkpt>
   <trkpt lat="43.6446800" lon="-79.4155830">
    <ele>90.2</ele>
    <time>2024-07-27T11:06:59Z</time>
   </trkpt>
   <trkpt lat="43.6447110" lon="-79.4155510">
    <ele>90.2</ele>
    <time>2024-07-27T11:07:00Z</time>
   </trkpt>
   <trkpt lat="43.6447110" lon="-79.4155030">
    <ele>90.2</ele>
    <time>2024-07-27T11:07:01Z</time>
   </trkpt>
   <trkpt lat="43.6447110" lon="-79.4154890">
    <ele>90.2</ele>
    <time>2024-07-27T11:07:02Z</time>
   </trkpt>
   <trkpt lat="43.6447060" lon="-79.4154470">
    <ele>90.2</ele>
    <time>2024-07-27T11:07:03Z</time>
   </trkpt>
   <trkpt lat="43.6447180" lon="-79.4153930">
    <ele>90.2</ele>
    <time>2024-07-27T11:07:04Z</time>
   </trkpt>
   <trkpt lat="43.6447270" lon="-79.4153760">
    <ele>90.2</ele>
    <time>2024-07-27T11:07:05Z</time>
   </trkpt>
   <trkpt lat="43.6447370" lon="-79.4153510">
    <ele>90.2</ele>
    <time>2024-07-27T11:07:06Z</time>
   </trkpt>
   <trkpt lat="43.6447450" lon="-79.4152980">
    <ele>90.2</ele>
    <time>2024-07-27T11:07:07Z</time>
   </trkpt>
   <trkpt lat="43.6447500" lon="-79.4152810">
    <ele>90.2</ele>
    <time>2024-07-27T11:07:08Z</time>
   </trkpt>
   <trkpt lat="43.6447760" lon="-79.4152380">
    <ele>90.2</ele>
    <time>2024-07-27T11:07:09Z</time>
   </trkpt>
   <trkpt lat="43.6448010" lon="-79.4152000">
    <ele>90.2</ele>
    <time>2024-07-27T11:07:10Z</time>
   </trkpt>
   <trkpt lat="43.6448060" lon="-79.4151840">
    <ele>90.2</ele>
    <time>2024-07-27T11:07:11Z</time>
   </trkpt>
   <trkpt lat="43.6448090" lon="-79.4151410">
    <ele>90.1</ele>
    <time>2024-07-27T11:07:12Z</time>
   </trkpt>
   <trkpt lat="43.6448420" lon="-79.4150980">
    <ele>90.1</ele>
    <time>2024-07-27T11:07:13Z</time>
   </trkpt>
   <trkpt lat="43.6448760" lon="-79.4150510">
    <ele>90.2</ele>
    <time>2024-07-27T11:07:14Z</time>
   </trkpt>
   <trkpt lat="43.6448870" lon="-79.4150020">
    <ele>90.2</ele>
    <time>2024-07-27T11:07:15Z</time>
   </trkpt>
   <trkpt lat="43.6448890" lon="-79.4149840">
    <ele>90.1</ele>
    <time>2024-07-27T11:07:16Z</time>
   </trkpt>
   <trkpt lat="43.6449000" lon="-79.4149410">
    <ele>90.1</ele>
    <time>2024-07-27T11:07:17Z</time>
   </trkpt>
   <trkpt lat="43.6449180" lon="-79.4149020">
    <ele>90.1</ele>
    <time>2024-07-27T11:07:18Z</time>
   </trkpt>
   <trkpt lat="43.6449220" lon="-79.4148900">
    <ele>90.1</ele>
    <time>2024-07-27T11:07:19Z</time>
   </trkpt>
   <trkpt lat="43.6449280" lon="-79.4148490">
    <ele>90.1</ele>
    <time>2024-07-27T11:07:20Z</time>
   </trkpt>
   <trkpt lat="43.6449380" lon="-79.4148130">
    <ele>90.1</ele>
    <time>2024-07-27T11:07:21Z</time>
   </trkpt>
   <trkpt lat="43.6449440" lon="-79.4147730">
    <ele>90.1</ele>
    <time>2024-07-27T11:07:22Z</time>
   </trkpt>
   <trkpt lat="43.6449560" lon="-79.4147350">
    <ele>90.1</ele>
    <time>2024-07-27T11:07:23Z</time>
   </trkpt>
   <trkpt lat="43.6449580" lon="-79.4147190">
    <ele>90.1</ele>
    <time>2024-07-27T11:07:24Z</time>
   </trkpt>
   <trkpt lat="43.6449680" lon="-79.4146800">
    <ele>90.1</ele>
    <time>2024-07-27T11:07:25Z</time>
   </trkpt>
   <trkpt lat="43.6449750" lon="-79.4146670">
    <ele>90.1</ele>
    <time>2024-07-27T11:07:26Z</time>
   </trkpt>
   <trkpt lat="43.6449740" lon="-79.4146400">
    <ele>90.1</ele>
    <time>2024-07-27T11:07:27Z</time>
   </trkpt>
   <trkpt lat="43.6449660" lon="-79.4146240">
    <ele>90.1</ele>
    <time>2024-07-27T11:07:28Z</time>
   </trkpt>
   <trkpt lat="43.6449750" lon="-79.4145770">
    <ele>90.1</ele>
    <time>2024-07-27T11:07:29Z</time>
   </trkpt>
   <trkpt lat="43.6449660" lon="-79.4145210">
    <ele>90.0</ele>
    <time>2024-07-27T11:07:30Z</time>
   </trkpt>
   <trkpt lat="43.6449580" lon="-79.4144800">
    <ele>90.0</ele>
    <time>2024-07-27T11:07:31Z</time>
   </trkpt>
   <trkpt lat="43.6449520" lon="-79.4144720">
    <ele>90.0</ele>
    <time>2024-07-27T11:07:32Z</time>
   </trkpt>
   <trkpt lat="43.6449450" lon="-79.4144120">
    <ele>90.0</ele>
    <time>2024-07-27T11:07:33Z</time>
   </trkpt>
   <trkpt lat="43.6449440" lon="-79.4143970">
    <ele>90.0</ele>
    <time>2024-07-27T11:07:34Z</time>
   </trkpt>
   <trkpt lat="43.6449450" lon="-79.4143740">
    <ele>90.0</ele>
    <time>2024-07-27T11:07:35Z</time>
   </trkpt>
   <trkpt lat="43.6449480" lon="-79.4143330">
    <ele>90.0</ele>
    <time>2024-07-27T11:07:36Z</time>
   </trkpt>
   <trkpt lat="43.6449540" lon="-79.4143170">
    <ele>90.0</ele>
    <time>2024-07-27T11:07:37Z</time>
   </trkpt>
   <trkpt lat="43.6449420" lon="-79.4142800">
    <ele>90.0</ele>
    <time>2024-07-27T11:07:38Z</time>
   </trkpt>
   <trkpt lat="43.6449670" lon="-79.4142520">
    <ele>90.0</ele>
    <time>2024-07-27T11:07:39Z</time>
   </trkpt>
   <trkpt lat="43.6449830" lon="-79.4141920">
    <ele>90.0</ele>
    <time>2024-07-27T11:07:40Z</time>
   </trkpt>
   <trkpt lat="43.6449850" lon="-79.4141640">
    <ele>90.0</ele>
    <time>2024-07-27T11:07:41Z</time>
   </trkpt>
   <trkpt lat="43.6449870" lon="-79.4141360">
    <ele>90.0</ele>
    <time>2024-07-27T11:07:42Z</time>
   </trkpt>
   <trkpt lat="43.6449870" lon="-79.4141160">
    <ele>90.0</ele>
    <time>2024-07-27T11:07:43Z</time>
   </trkpt>
   <trkpt lat="43.6449970" lon="-79.4140790">
    <ele>90.0</ele>
    <time>2024-07-27T11:07:44Z</time>
   </trkpt>
   <trkpt lat="43.6450000" lon="-79.4140570">
    <ele>90.0</ele>
    <time>2024-07-27T11:07:45Z</time>
   </trkpt>
   <trkpt lat="43.6450260" lon="-79.4140360">
    <ele>90.0</ele>
    <time>2024-07-27T11:07:46Z</time>
   </trkpt>
   <trkpt lat="43.6450790" lon="-79.4139630">
    <ele>90.0</ele>
    <time>2024-07-27T11:07:47Z</time>
   </trkpt>
   <trkpt lat="43.6451010" lon="-79.4139360">
    <ele>90.0</ele>
    <time>2024-07-27T11:07:48Z</time>
   </trkpt>
   <trkpt lat="43.6451190" lon="-79.4139000">
    <ele>90.0</ele>
    <time>2024-07-27T11:07:49Z</time>
   </trkpt>
   <trkpt lat="43.6451250" lon="-79.4138510">
    <ele>90.0</ele>
    <time>2024-07-27T11:07:50Z</time>
   </trkpt>
   <trkpt lat="43.6451280" lon="-79.4138080">
    <ele>90.0</ele>
    <time>2024-07-27T11:07:51Z</time>
   </trkpt>
   <trkpt lat="43.6451320" lon="-79.4137620">
    <ele>90.0</ele>
    <time>2024-07-27T11:07:52Z</time>
   </trkpt>
   <trkpt lat="43.6451320" lon="-79.4137510">
    <ele>90.0</ele>
    <time>2024-07-27T11:07:53Z</time>
   </trkpt>
   <trkpt lat="43.6451330" lon="-79.4136910">
    <ele>90.0</ele>
    <time>2024-07-27T11:07:54Z</time>
   </trkpt>
   <trkpt lat="43.6451380" lon="-79.4136500">
    <ele>90.0</ele>
    <time>2024-07-27T11:07:55Z</time>
   </trkpt>
   <trkpt lat="43.6451410" lon="-79.4136320">
    <ele>90.0</ele>
    <time>2024-07-27T11:07:56Z</time>
   </trkpt>
   <trkpt lat="43.6451430" lon="-79.4135950">
    <ele>90.0</ele>
    <time>2024-07-27T11:07:57Z</time>
   </trkpt>
   <trkpt lat="43.6451460" lon="-79.4135820">
    <ele>90.0</ele>
    <time>2024-07-27T11:07:58Z</time>
   </trkpt>
   <trkpt lat="43.6451610" lon="-79.4135700">
    <ele>90.0</ele>
    <time>2024-07-27T11:07:59Z</time>
   </trkpt>
   <trkpt lat="43.6451510" lon="-79.4135340">
    <ele>90.0</ele>
    <time>2024-07-27T11:08:00Z</time>
   </trkpt>
   <trkpt lat="43.6451610" lon="-79.4134920">
    <ele>90.0</ele>
    <time>2024-07-27T11:08:01Z</time>
   </trkpt>
   <trkpt lat="43.6451720" lon="-79.4134390">
    <ele>90.0</ele>
    <time>2024-07-27T11:08:02Z</time>
   </trkpt>
   <trkpt lat="43.6451810" lon="-79.4134170">
    <ele>90.0</ele>
    <time>2024-07-27T11:08:03Z</time>
   </trkpt>
   <trkpt lat="43.6451900" lon="-79.4133800">
    <ele>90.0</ele>
    <time>2024-07-27T11:08:04Z</time>
   </trkpt>
   <trkpt lat="43.6451960" lon="-79.4133430">
    <ele>90.0</ele>
    <time>2024-07-27T11:08:05Z</time>
   </trkpt>
   <trkpt lat="43.6451970" lon="-79.4133340">
    <ele>90.0</ele>
    <time>2024-07-27T11:08:06Z</time>
   </trkpt>
   <trkpt lat="43.6451980" lon="-79.4133240">
    <ele>90.0</ele>
    <time>2024-07-27T11:08:07Z</time>
   </trkpt>
   <trkpt lat="43.6451970" lon="-79.4132990">
    <ele>90.0</ele>
    <time>2024-07-27T11:08:08Z</time>
   </trkpt>
   <trkpt lat="43.6452080" lon="-79.4132780">
    <ele>90.0</ele>
    <time>2024-07-27T11:08:09Z</time>
   </trkpt>
   <trkpt lat="43.6452150" lon="-79.4132610">
    <ele>90.0</ele>
    <time>2024-07-27T11:08:10Z</time>
   </trkpt>
   <trkpt lat="43.6452020" lon="-79.4132480">
    <ele>90.0</ele>
    <time>2024-07-27T11:08:11Z</time>
   </trkpt>
   <trkpt lat="43.6451890" lon="-79.4132350">
    <ele>90.0</ele>
    <time>2024-07-27T11:08:12Z</time>
   </trkpt>
   <trkpt lat="43.6451760" lon="-79.4132210">
    <ele>90.0</ele>
    <time>2024-07-27T11:08:13Z</time>
   </trkpt>
   <trkpt lat="43.6451360" lon="-79.4132110">
    <ele>90.0</ele>
    <time>2024-07-27T11:08:14Z</time>
   </trkpt>
   <trkpt lat="43.6451220" lon="-79.4132090">
    <ele>90.0</ele>
    <time>2024-07-27T11:08:15Z</time>
   </trkpt>
   <trkpt lat="43.6450900" lon="-79.4131780">
    <ele>89.9</ele>
    <time>2024-07-27T11:08:16Z</time>
   </trkpt>
   <trkpt lat="43.6450530" lon="-79.4131580">
    <ele>89.9</ele>
    <time>2024-07-27T11:08:17Z</time>
   </trkpt>
   <trkpt lat="43.6450380" lon="-79.4131510">
    <ele>89.9</ele>
    <time>2024-07-27T11:08:18Z</time>
   </trkpt>
   <trkpt lat="43.6450060" lon="-79.4131310">
    <ele>89.8</ele>
    <time>2024-07-27T11:08:19Z</time>
   </trkpt>
   <trkpt lat="43.6449950" lon="-79.4131260">
    <ele>89.8</ele>
    <time>2024-07-27T11:08:20Z</time>
   </trkpt>
   <trkpt lat="43.6449590" lon="-79.4131140">
    <ele>89.8</ele>
    <time>2024-07-27T11:08:21Z</time>
   </trkpt>
   <trkpt lat="43.6449420" lon="-79.4131040">
    <ele>89.8</ele>
    <time>2024-07-27T11:08:22Z</time>
   </trkpt>
   <trkpt lat="43.6449100" lon="-79.4130930">
    <ele>89.8</ele>
    <time>2024-07-27T11:08:23Z</time>
   </trkpt>
   <trkpt lat="43.6448980" lon="-79.4130840">
    <ele>89.8</ele>
    <time>2024-07-27T11:08:24Z</time>
   </trkpt>
   <trkpt lat="43.6448640" lon="-79.4130730">
    <ele>89.7</ele>
    <time>2024-07-27T11:08:25Z</time>
   </trkpt>
   <trkpt lat="43.6448530" lon="-79.4130700">
    <ele>89.7</ele>
    <time>2024-07-27T11:08:26Z</time>
   </trkpt>
   <trkpt lat="43.6448270" lon="-79.4130800">
    <ele>89.7</ele>
    <time>2024-07-27T11:08:27Z</time>
   </trkpt>
   <trkpt lat="43.6448160" lon="-79.4130830">
    <ele>89.7</ele>
    <time>2024-07-27T11:08:28Z</time>
   </trkpt>
   <trkpt lat="43.6447880" lon="-79.4130620">
    <ele>89.7</ele>
    <time>2024-07-27T11:08:29Z</time>
   </trkpt>
   <trkpt lat="43.6447790" lon="-79.4130530">
    <ele>89.7</ele>
    <time>2024-07-27T11:08:30Z</time>
   </trkpt>
   <trkpt lat="43.6447490" lon="-79.4130430">
    <ele>89.7</ele>
    <time>2024-07-27T11:08:31Z</time>
   </trkpt>
   <trkpt lat="43.6447370" lon="-79.4130420">
    <ele>89.7</ele>
    <time>2024-07-27T11:08:32Z</time>
   </trkpt>
   <trkpt lat="43.6447160" lon="-79.4130360">
    <ele>89.7</ele>
    <time>2024-07-27T11:08:33Z</time>
   </trkpt>
   <trkpt lat="43.6447040" lon="-79.4130360">
    <ele>89.7</ele>
    <time>2024-07-27T11:08:34Z</time>
   </trkpt>
   <trkpt lat="43.6446730" lon="-79.4130050">
    <ele>89.7</ele>
    <time>2024-07-27T11:08:35Z</time>
   </trkpt>
   <trkpt lat="43.6446600" lon="-79.4129940">
    <ele>89.6</ele>
    <time>2024-07-27T11:08:36Z</time>
   </trkpt>
   <trkpt lat="43.6446350" lon="-79.4129800">
    <ele>89.6</ele>
    <time>2024-07-27T11:08:37Z</time>
   </trkpt>
   <trkpt lat="43.6446040" lon="-79.4129930">
    <ele>89.6</ele>
    <time>2024-07-27T11:08:38Z</time>
   </trkpt>
   <trkpt lat="43.6445950" lon="-79.4129940">
    <ele>89.6</ele>
    <time>2024-07-27T11:08:39Z</time>
   </trkpt>
   <trkpt lat="43.6445700" lon="-79.4129580">
    <ele>89.6</ele>
    <time>2024-07-27T11:08:40Z</time>
   </trkpt>
   <trkpt lat="43.6445630" lon="-79.4129380">
    <ele>89.6</ele>
    <time>2024-07-27T11:08:41Z</time>
   </trkpt>
   <trkpt lat="43.6445310" lon="-79.4129570">
    <ele>89.6</ele>
    <time>2024-07-27T11:08:42Z</time>
   </trkpt>
   <trkpt lat="43.6445080" lon="-79.4129430">
    <ele>89.5</ele>
    <time>2024-07-27T11:08:43Z</time>
   </trkpt>
   <trkpt lat="43.6444790" lon="-79.4129260">
    <ele>89.5</ele>
    <time>2024-07-27T11:08:44Z</time>
   </trkpt>
   <trkpt lat="43.6444480" lon="-79.4129000">
    <ele>89.5</ele>
    <time>2024-07-27T11:08:45Z</time>
   </trkpt>
   <trkpt lat="43.6444190" lon="-79.4128770">
    <ele>89.5</ele>
    <time>2024-07-27T11:08:46Z</time>
   </trkpt>
   <trkpt lat="43.6444050" lon="-79.4128720">
    <ele>89.5</ele>
    <time>2024-07-27T11:08:47Z</time>
   </trkpt>
   <trkpt lat="43.6443710" lon="-79.4128560">
    <ele>89.4</ele>
    <time>2024-07-27T11:08:48Z</time>
   </trkpt>
   <trkpt lat="43.6443600" lon="-79.4128550">
    <ele>89.4</ele>
    <time>2024-07-27T11:08:49Z</time>
   </trkpt>
   <trkpt lat="43.6443290" lon="-79.4128470">
    <ele>89.4</ele>
    <time>2024-07-27T11:08:50Z</time>
   </trkpt>
   <trkpt lat="43.6443090" lon="-79.4128420">
    <ele>89.4</ele>
    <time>2024-07-27T11:08:51Z</time>
   </trkpt>
   <trkpt lat="43.6442970" lon="-79.4128360">
    <ele>89.4</ele>
    <time>2024-07-27T11:08:52Z</time>
   </trkpt>
   <trkpt lat="43.6442660" lon="-79.4128260">
    <ele>89.3</ele>
    <time>2024-07-27T11:08:53Z</time>
   </trkpt>
   <trkpt lat="43.6442390" lon="-79.4128300">
    <ele>89.3</ele>
    <time>2024-07-27T11:08:54Z</time>
   </trkpt>
   <trkpt lat="43.6442290" lon="-79.4128320">
    <ele>89.3</ele>
    <time>2024-07-27T11:08:55Z</time>
   </trkpt>
   <trkpt lat="43.6442000" lon="-79.4128280">
    <ele>89.3</ele>
    <time>2024-07-27T11:08:56Z</time>
   </trkpt>
   <trkpt lat="43.6441910" lon="-79.4128240">
    <ele>89.3</ele>
    <time>2024-07-27T11:08:57Z</time>
   </trkpt>
   <trkpt lat="43.6441630" lon="-79.4128180">
    <ele>89.2</ele>
    <time>2024-07-27T11:08:58Z</time>
   </trkpt>
   <trkpt lat="43.6441540" lon="-79.4128160">
    <ele>89.2</ele>
    <time>2024-07-27T11:08:59Z</time>
   </trkpt>
   <trkpt lat="43.6441190" lon="-79.4127930">
    <ele>89.2</ele>
    <time>2024-07-27T11:09:00Z</time>
   </trkpt>
   <trkpt lat="43.6440940" lon="-79.4127540">
    <ele>89.1</ele>
    <time>2024-07-27T11:09:01Z</time>
   </trkpt>
   <trkpt lat="43.6440660" lon="-79.4127500">
    <ele>89.1</ele>
    <time>2024-07-27T11:09:02Z</time>
   </trkpt>
   <trkpt lat="43.6440380" lon="-79.4127390">
    <ele>89.1</ele>
    <time>2024-07-27T11:09:03Z</time>
   </trkpt>
   <trkpt lat="43.6440110" lon="-79.4127390">
    <ele>89.1</ele>
    <time>2024-07-27T11:09:04Z</time>
   </trkpt>
   <trkpt lat="43.6440000" lon="-79.4127370">
    <ele>89.1</ele>
    <time>2024-07-27T11:09:05Z</time>
   </trkpt>
   <trkpt lat="43.6439890" lon="-79.4127350">
    <ele>89.1</ele>
    <time>2024-07-27T11:09:06Z</time>
   </trkpt>
   <trkpt lat="43.6439530" lon="-79.4127380">
    <ele>89.0</ele>
    <time>2024-07-27T11:09:07Z</time>
   </trkpt>
   <trkpt lat="43.6439430" lon="-79.4127380">
    <ele>89.0</ele>
    <time>2024-07-27T11:09:08Z</time>
   </trkpt>
   <trkpt lat="43.6439160" lon="-79.4127250">
    <ele>89.0</ele>
    <time>2024-07-27T11:09:09Z</time>
   </trkpt>
   <trkpt lat="43.6438940" lon="-79.4127190">
    <ele>89.0</ele>
    <time>2024-07-27T11:09:10Z</time>
   </trkpt>
   <trkpt lat="43.6438890" lon="-79.4127150">
    <ele>89.0</ele>
    <time>2024-07-27T11:09:11Z</time>
   </trkpt>
   <trkpt lat="43.6438600" lon="-79.4126830">
    <ele>88.9</ele>
    <time>2024-07-27T11:09:12Z</time>
   </trkpt>
   <trkpt lat="43.6437960" lon="-79.4126160">
    <ele>88.9</ele>
    <time>2024-07-27T11:09:13Z</time>
   </trkpt>
   <trkpt lat="43.6437580" lon="-79.4125850">
    <ele>88.9</ele>
    <time>2024-07-27T11:09:14Z</time>
   </trkpt>
   <trkpt lat="43.6437250" lon="-79.4125810">
    <ele>88.8</ele>
    <time>2024-07-27T11:09:15Z</time>
   </trkpt>
   <trkpt lat="43.6437160" lon="-79.4125710">
    <ele>88.8</ele>
    <time>2024-07-27T11:09:16Z</time>
   </trkpt>
   <trkpt lat="43.6437060" lon="-79.4125810">
    <ele>88.8</ele>
    <time>2024-07-27T11:09:17Z</time>
   </trkpt>
   <trkpt lat="43.6437020" lon="-79.4126040">
    <ele>88.8</ele>
    <time>2024-07-27T11:09:18Z</time>
   </trkpt>
   <trkpt lat="43.6436820" lon="-79.4126060">
    <ele>88.8</ele>
    <time>2024-07-27T11:09:19Z</time>
   </trkpt>
   <trkpt lat="43.6436700" lon="-79.4126060">
    <ele>88.8</ele>
    <time>2024-07-27T11:09:20Z</time>
   </trkpt>
   <trkpt lat="43.6436310" lon="-79.4126080">
    <ele>88.8</ele>
    <time>2024-07-27T11:09:21Z</time>
   </trkpt>
   <trkpt lat="43.6436130" lon="-79.4126060">
    <ele>88.8</ele>
    <time>2024-07-27T11:09:22Z</time>
   </trkpt>
   <trkpt lat="43.6435820" lon="-79.4126030">
    <ele>88.7</ele>
    <time>2024-07-27T11:09:23Z</time>
   </trkpt>
   <trkpt lat="43.6435710" lon="-79.4126020">
    <ele>88.7</ele>
    <time>2024-07-27T11:09:24Z</time>
   </trkpt>
   <trkpt lat="43.6435340" lon="-79.4125830">
    <ele>88.7</ele>
    <time>2024-07-27T11:09:25Z</time>
   </trkpt>
   <trkpt lat="43.6435200" lon="-79.4125720">
    <ele>88.7</ele>
    <time>2024-07-27T11:09:26Z</time>
   </trkpt>
   <trkpt lat="43.6434860" lon="-79.4125470">
    <ele>88.6</ele>
    <time>2024-07-27T11:09:27Z</time>
   </trkpt>
   <trkpt lat="43.6434670" lon="-79.4125220">
    <ele>88.6</ele>
    <time>2024-07-27T11:09:28Z</time>
   </trkpt>
   <trkpt lat="43.6434410" lon="-79.4124970">
    <ele>88.6</ele>
    <time>2024-07-27T11:09:29Z</time>
   </trkpt>
   <trkpt lat="43.6434350" lon="-79.4125120">
    <ele>88.6</ele>
    <time>2024-07-27T11:09:30Z</time>
   </trkpt>
   <trkpt lat="43.6434130" lon="-79.4125030">
    <ele>88.5</ele>
    <time>2024-07-27T11:09:31Z</time>
   </trkpt>
   <trkpt lat="43.6433810" lon="-79.4124970">
    <ele>88.5</ele>
    <time>2024-07-27T11:09:32Z</time>
   </trkpt>
   <trkpt lat="43.6433630" lon="-79.4124940">
    <ele>88.5</ele>
    <time>2024-07-27T11:09:33Z</time>
   </trkpt>
   <trkpt lat="43.6433450" lon="-79.4124910">
    <ele>88.5</ele>
    <time>2024-07-27T11:09:34Z</time>
   </trkpt>
   <trkpt lat="43.6433170" lon="-79.4124990">
    <ele>88.5</ele>
    <time>2024-07-27T11:09:35Z</time>
   </trkpt>
   <trkpt lat="43.6432850" lon="-79.4124840">
    <ele>88.5</ele>
    <time>2024-07-27T11:09:36Z</time>
   </trkpt>
   <trkpt lat="43.6432760" lon="-79.4124790">
    <ele>88.5</ele>
    <time>2024-07-27T11:09:37Z</time>
   </trkpt>
   <trkpt lat="43.6432620" lon="-79.4124520">
    <ele>88.5</ele>
    <time>2024-07-27T11:09:38Z</time>
   </trkpt>
   <trkpt lat="43.6432520" lon="-79.4124550">
    <ele>88.5</ele>
    <time>2024-07-27T11:09:39Z</time>
   </trkpt>
   <trkpt lat="43.6432350" lon="-79.4124410">
    <ele>88.5</ele>
    <time>2024-07-27T11:09:40Z</time>
   </trkpt>
   <trkpt lat="43.6432290" lon="-79.4124330">
    <ele>88.5</ele>
    <time>2024-07-27T11:09:41Z</time>
   </trkpt>
   <trkpt lat="43.6432230" lon="-79.4124240">
    <ele>88.5</ele>
    <time>2024-07-27T11:09:42Z</time>
   </trkpt>
   <trkpt lat="43.6432180" lon="-79.4124150">
    <ele>88.5</ele>
    <time>2024-07-27T11:09:43Z</time>
   </trkpt>
   <trkpt lat="43.6432120" lon="-79.4124060">
    <ele>88.5</ele>
    <time>2024-07-27T11:09:44Z</time>
   </trkpt>
   <trkpt lat="43.6431990" lon="-79.4123710">
    <ele>88.5</ele>
    <time>2024-07-27T11:09:45Z</time>
   </trkpt>
   <trkpt lat="43.6431840" lon="-79.4123330">
    <ele>88.4</ele>
    <time>2024-07-27T11:09:46Z</time>
   </trkpt>
   <trkpt lat="43.6431520" lon="-79.4122950">
    <ele>88.3</ele>
    <time>2024-07-27T11:09:47Z</time>
   </trkpt>
   <trkpt lat="43.6431380" lon="-79.4122820">
    <ele>88.1</ele>
    <time>2024-07-27T11:09:48Z</time>
   </trkpt>
   <trkpt lat="43.6431080" lon="-79.4122660">
    <ele>88.1</ele>
    <time>2024-07-27T11:09:49Z</time>
   </trkpt>
   <trkpt lat="43.6430730" lon="-79.4122560">
    <ele>88.0</ele>
    <time>2024-07-27T11:09:50Z</time>
   </trkpt>
   <trkpt lat="43.6430600" lon="-79.4122490">
    <ele>88.0</ele>
    <time>2024-07-27T11:09:51Z</time>
   </trkpt>
   <trkpt lat="43.6430320" lon="-79.4122280">
    <ele>88.0</ele>
    <time>2024-07-27T11:09:52Z</time>
   </trkpt>
   <trkpt lat="43.6430040" lon="-79.4122190">
    <ele>87.9</ele>
    <time>2024-07-27T11:09:53Z</time>
   </trkpt>
   <trkpt lat="43.6429970" lon="-79.4122150">
    <ele>87.9</ele>
    <time>2024-07-27T11:09:54Z</time>
   </trkpt>
   <trkpt lat="43.6429670" lon="-79.4121990">
    <ele>87.9</ele>
    <time>2024-07-27T11:09:55Z</time>
   </trkpt>
   <trkpt lat="43.6429390" lon="-79.4121810">
    <ele>87.9</ele>
    <time>2024-07-27T11:09:56Z</time>
   </trkpt>
   <trkpt lat="43.6428900" lon="-79.4121610">
    <ele>87.8</ele>
    <time>2024-07-27T11:09:57Z</time>
   </trkpt>
   <trkpt lat="43.6428650" lon="-79.4121460">
    <ele>87.8</ele>
    <time>2024-07-27T11:09:58Z</time>
   </trkpt>
   <trkpt lat="43.6428120" lon="-79.4121150">
    <ele>87.8</ele>
    <time>2024-07-27T11:09:59Z</time>
   </trkpt>
   <trkpt lat="43.6427790" lon="-79.4121000">
    <ele>87.8</ele>
    <time>2024-07-27T11:10:00Z</time>
   </trkpt>
   <trkpt lat="43.6427670" lon="-79.4120990">
    <ele>87.7</ele>
    <time>2024-07-27T11:10:01Z</time>
   </trkpt>
   <trkpt lat="43.6427400" lon="-79.4120750">
    <ele>87.7</ele>
    <time>2024-07-27T11:10:02Z</time>
   </trkpt>
   <trkpt lat="43.6427080" lon="-79.4120720">
    <ele>87.7</ele>
    <time>2024-07-27T11:10:03Z</time>
   </trkpt>
   <trkpt lat="43.6426930" lon="-79.4120690">
    <ele>87.7</ele>
    <time>2024-07-27T11:10:04Z</time>
   </trkpt>
   <trkpt lat="43.6426610" lon="-79.4120780">
    <ele>87.7</ele>
    <time>2024-07-27T11:10:05Z</time>
   </trkpt>
   <trkpt lat="43.6426460" lon="-79.4120630">
    <ele>87.7</ele>
    <time>2024-07-27T11:10:06Z</time>
   </trkpt>
   <trkpt lat="43.6426370" lon="-79.4120550">
    <ele>87.6</ele>
    <time>2024-07-27T11:10:07Z</time>
   </trkpt>
   <trkpt lat="43.6426270" lon="-79.4120480">
    <ele>87.6</ele>
    <time>2024-07-27T11:10:08Z</time>
   </trkpt>
   <trkpt lat="43.6426000" lon="-79.4120310">
    <ele>87.6</ele>
    <time>2024-07-27T11:10:09Z</time>
   </trkpt>
   <trkpt lat="43.6425620" lon="-79.4120180">
    <ele>87.6</ele>
    <time>2024-07-27T11:10:10Z</time>
   </trkpt>
   <trkpt lat="43.6425480" lon="-79.4120140">
    <ele>87.6</ele>
    <time>2024-07-27T11:10:11Z</time>
   </trkpt>
   <trkpt lat="43.6425150" lon="-79.4120000">
    <ele>87.6</ele>
    <time>2024-07-27T11:10:12Z</time>
   </trkpt>
   <trkpt lat="43.6425040" lon="-79.4119950">
    <ele>87.6</ele>
    <time>2024-07-27T11:10:13Z</time>
   </trkpt>
   <trkpt lat="43.6424760" lon="-79.4119900">
    <ele>87.6</ele>
    <time>2024-07-27T11:10:14Z</time>
   </trkpt>
   <trkpt lat="43.6424470" lon="-79.4119760">
    <ele>87.6</ele>
    <time>2024-07-27T11:10:15Z</time>
   </trkpt>
   <trkpt lat="43.6424360" lon="-79.4119720">
    <ele>87.6</ele>
    <time>2024-07-27T11:10:16Z</time>
   </trkpt>
   <trkpt lat="43.6424050" lon="-79.4119600">
    <ele>87.5</ele>
    <time>2024-07-27T11:10:17Z</time>
   </trkpt>
   <trkpt lat="43.6423970" lon="-79.4119570">
    <ele>87.5</ele>
    <time>2024-07-27T11:10:18Z</time>
   </trkpt>
   <trkpt lat="43.6423640" lon="-79.4119470">
    <ele>87.5</ele>
    <time>2024-07-27T11:10:19Z</time>
   </trkpt>
   <trkpt lat="43.6423490" lon="-79.4119380">
    <ele>87.5</ele>
    <time>2024-07-27T11:10:20Z</time>
   </trkpt>
   <trkpt lat="43.6423150" lon="-79.4119310">
    <ele>87.5</ele>
    <time>2024-07-27T11:10:21Z</time>
   </trkpt>
   <trkpt lat="43.6423070" lon="-79.4119280">
    <ele>87.5</ele>
    <time>2024-07-27T11:10:22Z</time>
   </trkpt>
   <trkpt lat="43.6422810" lon="-79.4119190">
    <ele>87.5</ele>
    <time>2024-07-27T11:10:23Z</time>
   </trkpt>
   <trkpt lat="43.6422530" lon="-79.4119130">
    <ele>87.5</ele>
    <time>2024-07-27T11:10:24Z</time>
   </trkpt>
   <trkpt lat="43.6422200" lon="-79.4119030">
    <ele>87.4</ele>
    <time>2024-07-27T11:10:25Z</time>
   </trkpt>
   <trkpt lat="43.6422020" lon="-79.4118960">
    <ele>87.4</ele>
    <time>2024-07-27T11:10:26Z</time>
   </trkpt>
   <trkpt lat="43.6422000" lon="-79.4118870">
    <ele>87.4</ele>
    <time>2024-07-27T11:10:27Z</time>
   </trkpt>
   <trkpt lat="43.6422080" lon="-79.4118810">
    <ele>87.4</ele>
    <time>2024-07-27T11:10:28Z</time>
   </trkpt>
   <trkpt lat="43.6421910" lon="-79.4118830">
    <ele>87.4</ele>
    <time>2024-07-27T11:10:29Z</time>
   </trkpt>
   <trkpt lat="43.6421530" lon="-79.4119140">
    <ele>87.4</ele>
    <time>2024-07-27T11:10:30Z</time>
   </trkpt>
   <trkpt lat="43.6421270" lon="-79.4119040">
    <ele>87.4</ele>
    <time>2024-07-27T11:10:31Z</time>
   </trkpt>
   <trkpt lat="43.6421140" lon="-79.4118990">
    <ele>87.4</ele>
    <time>2024-07-27T11:10:32Z</time>
   </trkpt>
   <trkpt lat="43.6420770" lon="-79.4118870">
    <ele>87.4</ele>
    <time>2024-07-27T11:10:33Z</time>
   </trkpt>
   <trkpt lat="43.6420500" lon="-79.4118600">
    <ele>87.4</ele>
    <time>2024-07-27T11:10:34Z</time>
   </trkpt>
   <trkpt lat="43.6420170" lon="-79.4118390">
    <ele>87.3</ele>
    <time>2024-07-27T11:10:35Z</time>
   </trkpt>
   <trkpt lat="43.6419820" lon="-79.4118160">
    <ele>87.3</ele>
    <time>2024-07-27T11:10:36Z</time>
   </trkpt>
   <trkpt lat="43.6419680" lon="-79.4118090">
    <ele>87.3</ele>
    <time>2024-07-27T11:10:37Z</time>
   </trkpt>
   <trkpt lat="43.6419340" lon="-79.4118040">
    <ele>87.2</ele>
    <time>2024-07-27T11:10:38Z</time>
   </trkpt>
   <trkpt lat="43.6419230" lon="-79.4118020">
    <ele>87.2</ele>
    <time>2024-07-27T11:10:39Z</time>
   </trkpt>
   <trkpt lat="43.6419150" lon="-79.4118000">
    <ele>87.2</ele>
    <time>2024-07-27T11:10:40Z</time>
   </trkpt>
   <trkpt lat="43.6419130" lon="-79.4117900">
    <ele>87.2</ele>
    <time>2024-07-27T11:10:41Z</time>
   </trkpt>
   <trkpt lat="43.6418960" lon="-79.4117970">
    <ele>87.2</ele>
    <time>2024-07-27T11:10:42Z</time>
   </trkpt>
   <trkpt lat="43.6418880" lon="-79.4117900">
    <ele>87.2</ele>
    <time>2024-07-27T11:10:43Z</time>
   </trkpt>
   <trkpt lat="43.6418710" lon="-79.4117810">
    <ele>87.2</ele>
    <time>2024-07-27T11:10:44Z</time>
   </trkpt>
   <trkpt lat="43.6418590" lon="-79.4117750">
    <ele>87.2</ele>
    <time>2024-07-27T11:10:45Z</time>
   </trkpt>
   <trkpt lat="43.6418470" lon="-79.4117690">
    <ele>87.2</ele>
    <time>2024-07-27T11:10:46Z</time>
   </trkpt>
   <trkpt lat="43.6418140" lon="-79.4117580">
    <ele>87.2</ele>
    <time>2024-07-27T11:10:47Z</time>
   </trkpt>
   <trkpt lat="43.6418010" lon="-79.4117510">
    <ele>87.2</ele>
    <time>2024-07-27T11:10:48Z</time>
   </trkpt>
   <trkpt lat="43.6417740" lon="-79.4117250">
    <ele>87.1</ele>
    <time>2024-07-27T11:10:49Z</time>
   </trkpt>
   <trkpt lat="43.6417620" lon="-79.4117210">
    <ele>87.1</ele>
    <time>2024-07-27T11:10:50Z</time>
   </trkpt>
   <trkpt lat="43.6417460" lon="-79.4116250">
    <ele>87.1</ele>
    <time>2024-07-27T11:10:51Z</time>
   </trkpt>
   <trkpt lat="43.6417310" lon="-79.4116360">
    <ele>87.1</ele>
    <time>2024-07-27T11:10:52Z</time>
   </trkpt>
   <trkpt lat="43.6417130" lon="-79.4116160">
    <ele>87.1</ele>
    <time>2024-07-27T11:10:53Z</time>
   </trkpt>
   <trkpt lat="43.6416810" lon="-79.4115880">
    <ele>87.1</ele>
    <time>2024-07-27T11:10:54Z</time>
   </trkpt>
   <trkpt lat="43.6416640" lon="-79.4115800">
    <ele>87.1</ele>
    <time>2024-07-27T11:10:55Z</time>
   </trkpt>
   <trkpt lat="43.6416100" lon="-79.4115860">
    <ele>87.0</ele>
    <time>2024-07-27T11:10:56Z</time>
   </trkpt>
   <trkpt lat="43.6415640" lon="-79.4115970">
    <ele>87.0</ele>
    <time>2024-07-27T11:10:57Z</time>
   </trkpt>
   <trkpt lat="43.6415040" lon="-79.4116140">
    <ele>87.0</ele>
    <time>2024-07-27T11:10:58Z</time>
   </trkpt>
   <trkpt lat="43.6414660" lon="-79.4115980">
    <ele>87.0</ele>
    <time>2024-07-27T11:10:59Z</time>
   </trkpt>
   <trkpt lat="43.6414280" lon="-79.4115880">
    <ele>87.0</ele>
    <time>2024-07-27T11:11:00Z</time>
   </trkpt>
   <trkpt lat="43.6414150" lon="-79.4115820">
    <ele>86.9</ele>
    <time>2024-07-27T11:11:01Z</time>
   </trkpt>
   <trkpt lat="43.6413870" lon="-79.4115720">
    <ele>86.9</ele>
    <time>2024-07-27T11:11:02Z</time>
   </trkpt>
   <trkpt lat="43.6413500" lon="-79.4115510">
    <ele>86.9</ele>
    <time>2024-07-27T11:11:03Z</time>
   </trkpt>
   <trkpt lat="43.6413360" lon="-79.4115430">
    <ele>86.9</ele>
    <time>2024-07-27T11:11:04Z</time>
   </trkpt>
   <trkpt lat="43.6413190" lon="-79.4115320">
    <ele>86.9</ele>
    <time>2024-07-27T11:11:05Z</time>
   </trkpt>
   <trkpt lat="43.6413060" lon="-79.4115190">
    <ele>86.9</ele>
    <time>2024-07-27T11:11:06Z</time>
   </trkpt>
   <trkpt lat="43.6412510" lon="-79.4115270">
    <ele>86.9</ele>
    <time>2024-07-27T11:11:07Z</time>
   </trkpt>
   <trkpt lat="43.6412000" lon="-79.4115530">
    <ele>86.8</ele>
    <time>2024-07-27T11:11:08Z</time>
   </trkpt>
   <trkpt lat="43.6411820" lon="-79.4115210">
    <ele>86.8</ele>
    <time>2024-07-27T11:11:09Z</time>
   </trkpt>
   <trkpt lat="43.6411640" lon="-79.4115110">
    <ele>86.8</ele>
    <time>2024-07-27T11:11:10Z</time>
   </trkpt>
   <trkpt lat="43.6411350" lon="-79.4114940">
    <ele>86.8</ele>
    <time>2024-07-27T11:11:11Z</time>
   </trkpt>
   <trkpt lat="43.6411020" lon="-79.4114720">
    <ele>86.8</ele>
    <time>2024-07-27T11:11:12Z</time>
   </trkpt>
   <trkpt lat="43.6410880" lon="-79.4114540">
    <ele>86.8</ele>
    <time>2024-07-27T11:11:13Z</time>
   </trkpt>
   <trkpt lat="43.6410760" lon="-79.4114450">
    <ele>86.8</ele>
    <time>2024-07-27T11:11:14Z</time>
   </trkpt>
   <trkpt lat="43.6410580" lon="-79.4114330">
    <ele>86.8</ele>
    <time>2024-07-27T11:11:15Z</time>
   </trkpt>
   <trkpt lat="43.6410570" lon="-79.4114080">
    <ele>86.8</ele>
    <time>2024-07-27T11:11:16Z</time>
   </trkpt>
   <trkpt lat="43.6410310" lon="-79.4113850">
    <ele>86.8</ele>
    <time>2024-07-27T11:11:17Z</time>
   </trkpt>
   <trkpt lat="43.6409960" lon="-79.4113880">
    <ele>86.8</ele>
    <time>2024-07-27T11:11:18Z</time>
   </trkpt>
   <trkpt lat="43.6409590" lon="-79.4113830">
    <ele>86.8</ele>
    <time>2024-07-27T11:11:19Z</time>
   </trkpt>
   <trkpt lat="43.6409460" lon="-79.4113800">
    <ele>86.8</ele>
    <time>2024-07-27T11:11:20Z</time>
   </trkpt>
   <trkpt lat="43.6409280" lon="-79.4113720">
    <ele>86.8</ele>
    <time>2024-07-27T11:11:21Z</time>
   </trkpt>
   <trkpt lat="43.6409160" lon="-79.4113780">
    <ele>86.8</ele>
    <time>2024-07-27T11:11:22Z</time>
   </trkpt>
   <trkpt lat="43.6409000" lon="-79.4113810">
    <ele>86.8</ele>
    <time>2024-07-27T11:11:23Z</time>
   </trkpt>
   <trkpt lat="43.6409090" lon="-79.4113550">
    <ele>86.8</ele>
    <time>2024-07-27T11:11:24Z</time>
   </trkpt>
   <trkpt lat="43.6409140" lon="-79.4113510">
    <ele>86.8</ele>
    <time>2024-07-27T11:11:25Z</time>
   </trkpt>
   <trkpt lat="43.6409150" lon="-79.4113500">
    <ele>86.8</ele>
    <time>2024-07-27T11:11:26Z</time>
   </trkpt>
   <trkpt lat="43.6409170" lon="-79.4113450">
    <ele>86.8</ele>
    <time>2024-07-27T11:11:27Z</time>
   </trkpt>
   <trkpt lat="43.6408960" lon="-79.4113600">
    <ele>86.8</ele>
    <time>2024-07-27T11:11:28Z</time>
   </trkpt>
   <trkpt lat="43.6408920" lon="-79.4113640">
    <ele>86.8</ele>
    <time>2024-07-27T11:11:29Z</time>
   </trkpt>
   <trkpt lat="43.6408910" lon="-79.4113670">
    <ele>86.8</ele>
    <time>2024-07-27T11:11:30Z</time>
   </trkpt>
   <trkpt lat="43.6408930" lon="-79.4113620">
    <ele>86.8</ele>
    <time>2024-07-27T11:11:31Z</time>
   </trkpt>
   <trkpt lat="43.6408960" lon="-79.4113620">
    <ele>86.8</ele>
    <time>2024-07-27T11:11:32Z</time>
   </trkpt>
   <trkpt lat="43.6408900" lon="-79.4113650">
    <ele>86.8</ele>
    <time>2024-07-27T11:11:33Z</time>
   </trkpt>
   <trkpt lat="43.6408810" lon="-79.4113780">
    <ele>86.8</ele>
    <time>2024-07-27T11:11:34Z</time>
   </trkpt>
   <trkpt lat="43.6408790" lon="-79.4113760">
    <ele>86.8</ele>
    <time>2024-07-27T11:11:35Z</time>
   </trkpt>
   <trkpt lat="43.6408780" lon="-79.4113740">
    <ele>86.8</ele>
    <time>2024-07-27T11:11:36Z</time>
   </trkpt>
   <trkpt lat="43.6408780" lon="-79.4113780">
    <ele>86.8</ele>
    <time>2024-07-27T11:11:37Z</time>
   </trkpt>
   <trkpt lat="43.6408710" lon="-79.4113780">
    <ele>86.8</ele>
    <time>2024-07-27T11:11:38Z</time>
   </trkpt>
   <trkpt lat="43.6408710" lon="-79.4113770">
    <ele>86.8</ele>
    <time>2024-07-27T11:11:39Z</time>
   </trkpt>
   <trkpt lat="43.6408710" lon="-79.4113680">
    <ele>86.8</ele>
    <time>2024-07-27T11:11:40Z</time>
   </trkpt>
   <trkpt lat="43.6408680" lon="-79.4113720">
    <ele>86.8</ele>
    <time>2024-07-27T11:11:41Z</time>
   </trkpt>
   <trkpt lat="43.6408590" lon="-79.4113810">
    <ele>86.8</ele>
    <time>2024-07-27T11:11:42Z</time>
   </trkpt>
   <trkpt lat="43.6408620" lon="-79.4113770">
    <ele>86.8</ele>
    <time>2024-07-27T11:11:43Z</time>
   </trkpt>
   <trkpt lat="43.6408570" lon="-79.4113780">
    <ele>86.8</ele>
    <time>2024-07-27T11:11:44Z</time>
   </trkpt>
   <trkpt lat="43.6408580" lon="-79.4113700">
    <ele>86.8</ele>
    <time>2024-07-27T11:11:45Z</time>
   </trkpt>
   <trkpt lat="43.6408600" lon="-79.4113630">
    <ele>86.8</ele>
    <time>2024-07-27T11:11:46Z</time>
   </trkpt>
   <trkpt lat="43.6408630" lon="-79.4113550">
    <ele>86.8</ele>
    <time>2024-07-27T11:11:47Z</time>
   </trkpt>
   <trkpt lat="43.6408630" lon="-79.4113540">
    <ele>86.8</ele>
    <time>2024-07-27T11:11:48Z</time>
   </trkpt>
   <trkpt lat="43.6408650" lon="-79.4113490">
    <ele>86.8</ele>
    <time>2024-07-27T11:11:49Z</time>
   </trkpt>
   <trkpt lat="43.6408630" lon="-79.4113460">
    <ele>86.8</ele>
    <time>2024-07-27T11:11:50Z</time>
   </trkpt>
   <trkpt lat="43.6408640" lon="-79.4113370">
    <ele>86.8</ele>
    <time>2024-07-27T11:11:51Z</time>
   </trkpt>
   <trkpt lat="43.6408640" lon="-79.4113320">
    <ele>86.9</ele>
    <time>2024-07-27T11:11:52Z</time>
   </trkpt>
   <trkpt lat="43.6408660" lon="-79.4113350">
    <ele>86.9</ele>
    <time>2024-07-27T11:11:53Z</time>
   </trkpt>
   <trkpt lat="43.6408630" lon="-79.4113340">
    <ele>86.9</ele>
    <time>2024-07-27T11:11:54Z</time>
   </trkpt>
   <trkpt lat="43.6408590" lon="-79.4113410">
    <ele>86.9</ele>
    <time>2024-07-27T11:11:55Z</time>
   </trkpt>
   <trkpt lat="43.6408550" lon="-79.4113480">
    <ele>86.9</ele>
    <time>2024-07-27T11:11:56Z</time>
   </trkpt>
   <trkpt lat="43.6408600" lon="-79.4113450">
    <ele>86.9</ele>
    <time>2024-07-27T11:11:57Z</time>
   </trkpt>
   <trkpt lat="43.6408560" lon="-79.4113490">
    <ele>86.9</ele>
    <time>2024-07-27T11:11:58Z</time>
   </trkpt>
   <trkpt lat="43.6408500" lon="-79.4113500">
    <ele>86.9</ele>
    <time>2024-07-27T11:11:59Z</time>
   </trkpt>
   <trkpt lat="43.6408400" lon="-79.4113590">
    <ele>86.9</ele>
    <time>2024-07-27T11:12:00Z</time>
   </trkpt>
   <trkpt lat="43.6408320" lon="-79.4113620">
    <ele>86.9</ele>
    <time>2024-07-27T11:12:01Z</time>
   </trkpt>
   <trkpt lat="43.6408370" lon="-79.4113770">
    <ele>86.9</ele>
    <time>2024-07-27T11:12:02Z</time>
   </trkpt>
   <trkpt lat="43.6408340" lon="-79.4113800">
    <ele>86.9</ele>
    <time>2024-07-27T11:12:03Z</time>
   </trkpt>
   <trkpt lat="43.6408320" lon="-79.4113950">
    <ele>86.9</ele>
    <time>2024-07-27T11:12:04Z</time>
   </trkpt>
   <trkpt lat="43.6408190" lon="-79.4114010">
    <ele>86.9</ele>
    <time>2024-07-27T11:12:05Z</time>
   </trkpt>
   <trkpt lat="43.6407900" lon="-79.4113970">
    <ele>86.9</ele>
    <time>2024-07-27T11:12:06Z</time>
   </trkpt>
   <trkpt lat="43.6407750" lon="-79.4113850">
    <ele>86.9</ele>
    <time>2024-07-27T11:12:07Z</time>
   </trkpt>
   <trkpt lat="43.6407540" lon="-79.4113750">
    <ele>87.0</ele>
    <time>2024-07-27T11:12:08Z</time>
   </trkpt>
   <trkpt lat="43.6407390" lon="-79.4113660">
    <ele>87.0</ele>
    <time>2024-07-27T11:12:09Z</time>
   </trkpt>
   <trkpt lat="43.6407130" lon="-79.4113470">
    <ele>87.0</ele>
    <time>2024-07-27T11:12:10Z</time>
   </trkpt>
   <trkpt lat="43.6406850" lon="-79.4113290">
    <ele>87.0</ele>
    <time>2024-07-27T11:12:11Z</time>
   </trkpt>
   <trkpt lat="43.6406490" lon="-79.4113140">
    <ele>87.0</ele>
    <time>2024-07-27T11:12:12Z</time>
   </trkpt>
   <trkpt lat="43.6406380" lon="-79.4113080">
    <ele>87.0</ele>
    <time>2024-07-27T11:12:13Z</time>
   </trkpt>
   <trkpt lat="43.6406060" lon="-79.4113080">
    <ele>87.0</ele>
    <time>2024-07-27T11:12:14Z</time>
   </trkpt>
   <trkpt lat="43.6405940" lon="-79.4113130">
    <ele>87.0</ele>
    <time>2024-07-27T11:12:15Z</time>
   </trkpt>
   <trkpt lat="43.6405820" lon="-79.4113150">
    <ele>87.0</ele>
    <time>2024-07-27T11:12:16Z</time>
   </trkpt>
   <trkpt lat="43.6405680" lon="-79.4113210">
    <ele>87.0</ele>
    <time>2024-07-27T11:12:17Z</time>
   </trkpt>
   <trkpt lat="43.6405540" lon="-79.4113260">
    <ele>87.0</ele>
    <time>2024-07-27T11:12:18Z</time>
   </trkpt>
   <trkpt lat="43.6405180" lon="-79.4113100">
    <ele>87.0</ele>
    <time>2024-07-27T11:12:19Z</time>
   </trkpt>
   <trkpt lat="43.6404850" lon="-79.4112990">
    <ele>87.0</ele>
    <time>2024-07-27T11:12:20Z</time>
   </trkpt>
   <trkpt lat="43.6404550" lon="-79.4112830">
    <ele>87.0</ele>
    <time>2024-07-27T11:12:21Z</time>
   </trkpt>
   <trkpt lat="43.6404450" lon="-79.4112730">
    <ele>87.0</ele>
    <time>2024-07-27T11:12:22Z</time>
   </trkpt>
   <trkpt lat="43.6404440" lon="-79.4112820">
    <ele>87.0</ele>
    <time>2024-07-27T11:12:23Z</time>
   </trkpt>
   <trkpt lat="43.6404250" lon="-79.4112910">
    <ele>87.0</ele>
    <time>2024-07-27T11:12:24Z</time>
   </trkpt>
   <trkpt lat="43.6403970" lon="-79.4113000">
    <ele>87.1</ele>
    <time>2024-07-27T11:12:25Z</time>
   </trkpt>
   <trkpt lat="43.6403880" lon="-79.4113000">
    <ele>87.1</ele>
    <time>2024-07-27T11:12:26Z</time>
   </trkpt>
   <trkpt lat="43.6403790" lon="-79.4113000">
    <ele>87.1</ele>
    <time>2024-07-27T11:12:27Z</time>
   </trkpt>
   <trkpt lat="43.6403470" lon="-79.4112770">
    <ele>87.1</ele>
    <time>2024-07-27T11:12:28Z</time>
   </trkpt>
   <trkpt lat="43.6403240" lon="-79.4112800">
    <ele>87.1</ele>
    <time>2024-07-27T11:12:29Z</time>
   </trkpt>
   <trkpt lat="43.6403140" lon="-79.4112690">
    <ele>87.1</ele>
    <time>2024-07-27T11:12:30Z</time>
   </trkpt>
   <trkpt lat="43.6403050" lon="-79.4112570">
    <ele>87.1</ele>
    <time>2024-07-27T11:12:31Z</time>
   </trkpt>
   <trkpt lat="43.6402960" lon="-79.4112450">
    <ele>87.1</ele>
    <time>2024-07-27T11:12:32Z</time>
   </trkpt>
   <trkpt lat="43.6402860" lon="-79.4112340">
    <ele>87.1</ele>
    <time>2024-07-27T11:12:33Z</time>
   </trkpt>
   <trkpt lat="43.6402300" lon="-79.4112260">
    <ele>87.1</ele>
    <time>2024-07-27T11:12:34Z</time>
   </trkpt>
   <trkpt lat="43.6401810" lon="-79.4112200">
    <ele>87.0</ele>
    <time>2024-07-27T11:12:35Z</time>
   </trkpt>
   <trkpt lat="43.6401390" lon="-79.4111940">
    <ele>87.0</ele>
    <time>2024-07-27T11:12:36Z</time>
   </trkpt>
   <trkpt lat="43.6401140" lon="-79.4111720">
    <ele>86.9</ele>
    <time>2024-07-27T11:12:37Z</time>
   </trkpt>
   <trkpt lat="43.6400840" lon="-79.4111400">
    <ele>86.9</ele>
    <time>2024-07-27T11:12:38Z</time>
   </trkpt>
   <trkpt lat="43.6400560" lon="-79.4111240">
    <ele>86.8</ele>
    <time>2024-07-27T11:12:39Z</time>
   </trkpt>
   <trkpt lat="43.6400450" lon="-79.4111180">
    <ele>86.8</ele>
    <time>2024-07-27T11:12:40Z</time>
   </trkpt>
   <trkpt lat="43.6400260" lon="-79.4110870">
    <ele>86.7</ele>
    <time>2024-07-27T11:12:41Z</time>
   </trkpt>
   <trkpt lat="43.6399970" lon="-79.4110500">
    <ele>86.7</ele>
    <time>2024-07-27T11:12:42Z</time>
   </trkpt>
   <trkpt lat="43.6399870" lon="-79.4110370">
    <ele>86.7</ele>
    <time>2024-07-27T11:12:43Z</time>
   </trkpt>
   <trkpt lat="43.6399570" lon="-79.4110040">
    <ele>86.6</ele>
    <time>2024-07-27T11:12:44Z</time>
   </trkpt>
   <trkpt lat="43.6399450" lon="-79.4109970">
    <ele>86.6</ele>
    <time>2024-07-27T11:12:45Z</time>
   </trkpt>
   <trkpt lat="43.6398950" lon="-79.4110670">
    <ele>86.6</ele>
    <time>2024-07-27T11:12:46Z</time>
   </trkpt>
   <trkpt lat="43.6398620" lon="-79.4111050">
    <ele>86.6</ele>
    <time>2024-07-27T11:12:47Z</time>
   </trkpt>
   <trkpt lat="43.6398320" lon="-79.4111390">
    <ele>86.7</ele>
    <time>2024-07-27T11:12:48Z</time>
   </trkpt>
   <trkpt lat="43.6398050" lon="-79.4111790">
    <ele>86.7</ele>
    <time>2024-07-27T11:12:49Z</time>
   </trkpt>
   <trkpt lat="43.6397910" lon="-79.4112140">
    <ele>86.7</ele>
    <time>2024-07-27T11:12:50Z</time>
   </trkpt>
   <trkpt lat="43.6397490" lon="-79.4112190">
    <ele>86.6</ele>
    <time>2024-07-27T11:12:51Z</time>
   </trkpt>
   <trkpt lat="43.6397350" lon="-79.4112290">
    <ele>86.6</ele>
    <time>2024-07-27T11:12:52Z</time>
   </trkpt>
   <trkpt lat="43.6397190" lon="-79.4112400">
    <ele>86.6</ele>
    <time>2024-07-27T11:12:53Z</time>
   </trkpt>
   <trkpt lat="43.6396940" lon="-79.4112550">
    <ele>86.5</ele>
    <time>2024-07-27T11:12:54Z</time>
   </trkpt>
   <trkpt lat="43.6396900" lon="-79.4112500">
    <ele>86.5</ele>
    <time>2024-07-27T11:12:55Z</time>
   </trkpt>
   <trkpt lat="43.6396860" lon="-79.4112440">
    <ele>86.5</ele>
    <time>2024-07-27T11:12:56Z</time>
   </trkpt>
   <trkpt lat="43.6396820" lon="-79.4112390">
    <ele>86.5</ele>
    <time>2024-07-27T11:12:57Z</time>
   </trkpt>
   <trkpt lat="43.6396780" lon="-79.4112330">
    <ele>86.5</ele>
    <time>2024-07-27T11:12:58Z</time>
   </trkpt>
   <trkpt lat="43.6396750" lon="-79.4112280">
    <ele>86.5</ele>
    <time>2024-07-27T11:12:59Z</time>
   </trkpt>
   <trkpt lat="43.6396710" lon="-79.4112220">
    <ele>86.5</ele>
    <time>2024-07-27T11:13:00Z</time>
   </trkpt>
   <trkpt lat="43.6396480" lon="-79.4112030">
    <ele>86.4</ele>
    <time>2024-07-27T11:13:01Z</time>
   </trkpt>
   <trkpt lat="43.6396340" lon="-79.4111990">
    <ele>86.4</ele>
    <time>2024-07-27T11:13:02Z</time>
   </trkpt>
   <trkpt lat="43.6396400" lon="-79.4111560">
    <ele>86.3</ele>
    <time>2024-07-27T11:13:03Z</time>
   </trkpt>
   <trkpt lat="43.6395960" lon="-79.4111250">
    <ele>86.3</ele>
    <time>2024-07-27T11:13:04Z</time>
   </trkpt>
   <trkpt lat="43.6395710" lon="-79.4111120">
    <ele>86.2</ele>
    <time>2024-07-27T11:13:05Z</time>
   </trkpt>
   <trkpt lat="43.6393960" lon="-79.4109370">
    <ele>85.9</ele>
    <time>2024-07-27T11:13:06Z</time>
   </trkpt>
   <trkpt lat="43.6393480" lon="-79.4109170">
    <ele>85.8</ele>
    <time>2024-07-27T11:13:07Z</time>
   </trkpt>
   <trkpt lat="43.6393220" lon="-79.4108760">
    <ele>85.8</ele>
    <time>2024-07-27T11:13:08Z</time>
   </trkpt>
   <trkpt lat="43.6392860" lon="-79.4108660">
    <ele>85.8</ele>
    <time>2024-07-27T11:13:09Z</time>
   </trkpt>
   <trkpt lat="43.6392750" lon="-79.4108570">
    <ele>85.8</ele>
    <time>2024-07-27T11:13:10Z</time>
   </trkpt>
   <trkpt lat="43.6392280" lon="-79.4107330">
    <ele>85.7</ele>
    <time>2024-07-27T11:13:11Z</time>
   </trkpt>
   <trkpt lat="43.6392170" lon="-79.4107200">
    <ele>85.7</ele>
    <time>2024-07-27T11:13:12Z</time>
   </trkpt>
   <trkpt lat="43.6392020" lon="-79.4107080">
    <ele>85.7</ele>
    <time>2024-07-27T11:13:13Z</time>
   </trkpt>
   <trkpt lat="43.6391710" lon="-79.4106770">
    <ele>85.7</ele>
    <time>2024-07-27T11:13:14Z</time>
   </trkpt>
   <trkpt lat="43.6391520" lon="-79.4106590">
    <ele>85.7</ele>
    <time>2024-07-27T11:13:15Z</time>
   </trkpt>
   <trkpt lat="43.6390900" lon="-79.4106390">
    <ele>85.9</ele>
    <time>2024-07-27T11:13:16Z</time>
   </trkpt>
   <trkpt lat="43.6390610" lon="-79.4106130">
    <ele>86.0</ele>
    <time>2024-07-27T11:13:17Z</time>
   </trkpt>
   <trkpt lat="43.6390440" lon="-79.4106150">
    <ele>86.0</ele>
    <time>2024-07-27T11:13:18Z</time>
   </trkpt>
   <trkpt lat="43.6390080" lon="-79.4105970">
    <ele>86.1</ele>
    <time>2024-07-27T11:13:19Z</time>
   </trkpt>
   <trkpt lat="43.6389760" lon="-79.4105940">
    <ele>86.2</ele>
    <time>2024-07-27T11:13:20Z</time>
   </trkpt>
   <trkpt lat="43.6389390" lon="-79.4105740">
    <ele>86.3</ele>
    <time>2024-07-27T11:13:21Z</time>
   </trkpt>
   <trkpt lat="43.6389280" lon="-79.4105600">
    <ele>86.4</ele>
    <time>2024-07-27T11:13:22Z</time>
   </trkpt>
   <trkpt lat="43.6389010" lon="-79.4105690">
    <ele>86.5</ele>
    <time>2024-07-27T11:13:23Z</time>
   </trkpt>
   <trkpt lat="43.6388830" lon="-79.4105380">
    <ele>86.6</ele>
    <time>2024-07-27T11:13:24Z</time>
   </trkpt>
   <trkpt lat="43.6388530" lon="-79.4105030">
    <ele>86.8</ele>
    <time>2024-07-27T11:13:25Z</time>
   </trkpt>
   <trkpt lat="43.6388410" lon="-79.4104870">
    <ele>86.8</ele>
    <time>2024-07-27T11:13:26Z</time>
   </trkpt>
   <trkpt lat="43.6388040" lon="-79.4104690">
    <ele>87.0</ele>
    <time>2024-07-27T11:13:27Z</time>
   </trkpt>
   <trkpt lat="43.6387930" lon="-79.4104580">
    <ele>87.1</ele>
    <time>2024-07-27T11:13:28Z</time>
   </trkpt>
   <trkpt lat="43.6387630" lon="-79.4104290">
    <ele>87.3</ele>
    <time>2024-07-27T11:13:29Z</time>
   </trkpt>
   <trkpt lat="43.6387520" lon="-79.4104140">
    <ele>87.4</ele>
    <time>2024-07-27T11:13:30Z</time>
   </trkpt>
   <trkpt lat="43.6387280" lon="-79.4104380">
    <ele>87.5</ele>
    <time>2024-07-27T11:13:31Z</time>
   </trkpt>
   <trkpt lat="43.6386990" lon="-79.4104360">
    <ele>87.6</ele>
    <time>2024-07-27T11:13:32Z</time>
   </trkpt>
   <trkpt lat="43.6386870" lon="-79.4104280">
    <ele>87.7</ele>
    <time>2024-07-27T11:13:33Z</time>
   </trkpt>
   <trkpt lat="43.6386550" lon="-79.4104160">
    <ele>87.9</ele>
    <time>2024-07-27T11:13:34Z</time>
   </trkpt>
   <trkpt lat="43.6386470" lon="-79.4104160">
    <ele>87.9</ele>
    <time>2024-07-27T11:13:35Z</time>
   </trkpt>
   <trkpt lat="43.6386170" lon="-79.4104350">
    <ele>88.1</ele>
    <time>2024-07-27T11:13:36Z</time>
   </trkpt>
   <trkpt lat="43.6385920" lon="-79.4104440">
    <ele>88.2</ele>
    <time>2024-07-27T11:13:37Z</time>
   </trkpt>
   <trkpt lat="43.6385830" lon="-79.4104360">
    <ele>88.3</ele>
    <time>2024-07-27T11:13:38Z</time>
   </trkpt>
   <trkpt lat="43.6385560" lon="-79.4104210">
    <ele>88.4</ele>
    <time>2024-07-27T11:13:39Z</time>
   </trkpt>
   <trkpt lat="43.6385480" lon="-79.4104170">
    <ele>88.4</ele>
    <time>2024-07-27T11:13:40Z</time>
   </trkpt>
   <trkpt lat="43.6385190" lon="-79.4103930">
    <ele>88.6</ele>
    <time>2024-07-27T11:13:41Z</time>
   </trkpt>
   <trkpt lat="43.6385110" lon="-79.4103850">
    <ele>88.6</ele>
    <time>2024-07-27T11:13:42Z</time>
   </trkpt>
   <trkpt lat="43.6384850" lon="-79.4103690">
    <ele>88.7</ele>
    <time>2024-07-27T11:13:43Z</time>
   </trkpt>
   <trkpt lat="43.6384760" lon="-79.4103600">
    <ele>88.8</ele>
    <time>2024-07-27T11:13:44Z</time>
   </trkpt>
   <trkpt lat="43.6384470" lon="-79.4103490">
    <ele>88.9</ele>
    <time>2024-07-27T11:13:45Z</time>
   </trkpt>
   <trkpt lat="43.6384370" lon="-79.4103450">
    <ele>88.9</ele>
    <time>2024-07-27T11:13:46Z</time>
   </trkpt>
   <trkpt lat="43.6384270" lon="-79.4103410">
    <ele>88.9</ele>
    <time>2024-07-27T11:13:47Z</time>
   </trkpt>
   <trkpt lat="43.6383920" lon="-79.4103420">
    <ele>89.0</ele>
    <time>2024-07-27T11:13:48Z</time>
   </trkpt>
   <trkpt lat="43.6383820" lon="-79.4103370">
    <ele>89.1</ele>
    <time>2024-07-27T11:13:49Z</time>
   </trkpt>
   <trkpt lat="43.6383560" lon="-79.4103330">
    <ele>89.1</ele>
    <time>2024-07-27T11:13:50Z</time>
   </trkpt>
   <trkpt lat="43.6383450" lon="-79.4103250">
    <ele>89.1</ele>
    <time>2024-07-27T11:13:51Z</time>
   </trkpt>
   <trkpt lat="43.6383190" lon="-79.4103140">
    <ele>89.1</ele>
    <time>2024-07-27T11:13:52Z</time>
   </trkpt>
   <trkpt lat="43.6383100" lon="-79.4103100">
    <ele>89.1</ele>
    <time>2024-07-27T11:13:53Z</time>
   </trkpt>
   <trkpt lat="43.6382990" lon="-79.4102960">
    <ele>89.1</ele>
    <time>2024-07-27T11:13:54Z</time>
   </trkpt>
   <trkpt lat="43.6382790" lon="-79.4103000">
    <ele>89.1</ele>
    <time>2024-07-27T11:13:55Z</time>
   </trkpt>
   <trkpt lat="43.6382670" lon="-79.4102910">
    <ele>89.1</ele>
    <time>2024-07-27T11:13:56Z</time>
   </trkpt>
   <trkpt lat="43.6382470" lon="-79.4102930">
    <ele>89.1</ele>
    <time>2024-07-27T11:13:57Z</time>
   </trkpt>
   <trkpt lat="43.6382200" lon="-79.4102790">
    <ele>89.0</ele>
    <time>2024-07-27T11:13:58Z</time>
   </trkpt>
   <trkpt lat="43.6382090" lon="-79.4102800">
    <ele>89.0</ele>
    <time>2024-07-27T11:13:59Z</time>
   </trkpt>
   <trkpt lat="43.6381800" lon="-79.4102570">
    <ele>88.9</ele>
    <time>2024-07-27T11:14:00Z</time>
   </trkpt>
   <trkpt lat="43.6381700" lon="-79.4102520">
    <ele>88.9</ele>
    <time>2024-07-27T11:14:01Z</time>
   </trkpt>
   <trkpt lat="43.6381460" lon="-79.4102230">
    <ele>88.9</ele>
    <time>2024-07-27T11:14:02Z</time>
   </trkpt>
   <trkpt lat="43.6381380" lon="-79.4102200">
    <ele>88.9</ele>
    <time>2024-07-27T11:14:03Z</time>
   </trkpt>
   <trkpt lat="43.6381020" lon="-79.4102150">
    <ele>88.8</ele>
    <time>2024-07-27T11:14:04Z</time>
   </trkpt>
   <trkpt lat="43.6380900" lon="-79.4102090">
    <ele>88.8</ele>
    <time>2024-07-27T11:14:05Z</time>
   </trkpt>
   <trkpt lat="43.6380520" lon="-79.4101990">
    <ele>88.7</ele>
    <time>2024-07-27T11:14:06Z</time>
   </trkpt>
   <trkpt lat="43.6380340" lon="-79.4102000">
    <ele>88.7</ele>
    <time>2024-07-27T11:14:07Z</time>
   </trkpt>
   <trkpt lat="43.6380040" lon="-79.4101930">
    <ele>88.6</ele>
    <time>2024-07-27T11:14:08Z</time>
   </trkpt>
   <trkpt lat="43.6379940" lon="-79.4101850">
    <ele>88.6</ele>
    <time>2024-07-27T11:14:09Z</time>
   </trkpt>
   <trkpt lat="43.6379630" lon="-79.4101980">
    <ele>88.6</ele>
    <time>2024-07-27T11:14:10Z</time>
   </trkpt>
   <trkpt lat="43.6379330" lon="-79.4101910">
    <ele>88.5</ele>
    <time>2024-07-27T11:14:11Z</time>
   </trkpt>
   <trkpt lat="43.6379260" lon="-79.4101890">
    <ele>88.5</ele>
    <time>2024-07-27T11:14:12Z</time>
   </trkpt>
   <trkpt lat="43.6378950" lon="-79.4101750">
    <ele>88.5</ele>
    <time>2024-07-27T11:14:13Z</time>
   </trkpt>
   <trkpt lat="43.6378840" lon="-79.4101550">
    <ele>88.4</ele>
    <time>2024-07-27T11:14:14Z</time>
   </trkpt>
   <trkpt lat="43.6378560" lon="-79.4101460">
    <ele>88.4</ele>
    <time>2024-07-27T11:14:15Z</time>
   </trkpt>
   <trkpt lat="43.6378320" lon="-79.4101210">
    <ele>88.3</ele>
    <time>2024-07-27T11:14:16Z</time>
   </trkpt>
   <trkpt lat="43.6378240" lon="-79.4101120">
    <ele>88.3</ele>
    <time>2024-07-27T11:14:17Z</time>
   </trkpt>
   <trkpt lat="43.6377880" lon="-79.4100960">
    <ele>88.2</ele>
    <time>2024-07-27T11:14:18Z</time>
   </trkpt>
   <trkpt lat="43.6377750" lon="-79.4100930">
    <ele>88.2</ele>
    <time>2024-07-27T11:14:19Z</time>
   </trkpt>
   <trkpt lat="43.6377480" lon="-79.4100790">
    <ele>88.1</ele>
    <time>2024-07-27T11:14:20Z</time>
   </trkpt>
   <trkpt lat="43.6377370" lon="-79.4100780">
    <ele>88.1</ele>
    <time>2024-07-27T11:14:21Z</time>
   </trkpt>
   <trkpt lat="43.6377050" lon="-79.4100800">
    <ele>88.0</ele>
    <time>2024-07-27T11:14:22Z</time>
   </trkpt>
   <trkpt lat="43.6376950" lon="-79.4100790">
    <ele>88.0</ele>
    <time>2024-07-27T11:14:23Z</time>
   </trkpt>
   <trkpt lat="43.6376660" lon="-79.4100680">
    <ele>87.9</ele>
    <time>2024-07-27T11:14:24Z</time>
   </trkpt>
   <trkpt lat="43.6376570" lon="-79.4100670">
    <ele>87.9</ele>
    <time>2024-07-27T11:14:25Z</time>
   </trkpt>
   <trkpt lat="43.6376280" lon="-79.4100530">
    <ele>87.8</ele>
    <time>2024-07-27T11:14:26Z</time>
   </trkpt>
   <trkpt lat="43.6376180" lon="-79.4100560">
    <ele>87.7</ele>
    <time>2024-07-27T11:14:27Z</time>
   </trkpt>
   <trkpt lat="43.6375890" lon="-79.4100560">
    <ele>87.6</ele>
    <time>2024-07-27T11:14:28Z</time>
   </trkpt>
   <trkpt lat="43.6375790" lon="-79.4100530">
    <ele>87.6</ele>
    <time>2024-07-27T11:14:29Z</time>
   </trkpt>
   <trkpt lat="43.6375460" lon="-79.4100460">
    <ele>87.5</ele>
    <time>2024-07-27T11:14:30Z</time>
   </trkpt>
   <trkpt lat="43.6375350" lon="-79.4100430">
    <ele>87.5</ele>
    <time>2024-07-27T11:14:31Z</time>
   </trkpt>
   <trkpt lat="43.6375020" lon="-79.4100400">
    <ele>87.3</ele>
    <time>2024-07-27T11:14:32Z</time>
   </trkpt>
   <trkpt lat="43.6374900" lon="-79.4100410">
    <ele>87.3</ele>
    <time>2024-07-27T11:14:33Z</time>
   </trkpt>
   <trkpt lat="43.6374660" lon="-79.4100090">
    <ele>87.1</ele>
    <time>2024-07-27T11:14:34Z</time>
   </trkpt>
   <trkpt lat="43.6374560" lon="-79.4099670">
    <ele>87.0</ele>
    <time>2024-07-27T11:14:35Z</time>
   </trkpt>
   <trkpt lat="43.6374340" lon="-79.4099110">
    <ele>86.8</ele>
    <time>2024-07-27T11:14:36Z</time>
   </trkpt>
   <trkpt lat="43.6373890" lon="-79.4099390">
    <ele>86.5</ele>
    <time>2024-07-27T11:14:37Z</time>
   </trkpt>
   <trkpt lat="43.6373480" lon="-79.4099360">
    <ele>86.3</ele>
    <time>2024-07-27T11:14:38Z</time>
   </trkpt>
   <trkpt lat="43.6373130" lon="-79.4099200">
    <ele>86.1</ele>
    <time>2024-07-27T11:14:39Z</time>
   </trkpt>
   <trkpt lat="43.6372920" lon="-79.4099140">
    <ele>86.0</ele>
    <time>2024-07-27T11:14:40Z</time>
   </trkpt>
   <trkpt lat="43.6372560" lon="-79.4099090">
    <ele>85.8</ele>
    <time>2024-07-27T11:14:41Z</time>
   </trkpt>
   <trkpt lat="43.6372430" lon="-79.4099040">
    <ele>85.8</ele>
    <time>2024-07-27T11:14:42Z</time>
   </trkpt>
   <trkpt lat="43.6372300" lon="-79.4098980">
    <ele>85.7</ele>
    <time>2024-07-27T11:14:43Z</time>
   </trkpt>
   <trkpt lat="43.6372020" lon="-79.4098840">
    <ele>85.6</ele>
    <time>2024-07-27T11:14:44Z</time>
   </trkpt>
   <trkpt lat="43.6371950" lon="-79.4098790">
    <ele>85.5</ele>
    <time>2024-07-27T11:14:45Z</time>
   </trkpt>
   <trkpt lat="43.6371680" lon="-79.4098710">
    <ele>85.4</ele>
    <time>2024-07-27T11:14:46Z</time>
   </trkpt>
   <trkpt lat="43.6371260" lon="-79.4098540">
    <ele>85.2</ele>
    <time>2024-07-27T11:14:47Z</time>
   </trkpt>
   <trkpt lat="43.6371080" lon="-79.4098490">
    <ele>85.1</ele>
    <time>2024-07-27T11:14:48Z</time>
   </trkpt>
   <trkpt lat="43.6370840" lon="-79.4098380">
    <ele>85.0</ele>
    <time>2024-07-27T11:14:49Z</time>
   </trkpt>
   <trkpt lat="43.6370780" lon="-79.4098280">
    <ele>84.9</ele>
    <time>2024-07-27T11:14:50Z</time>
   </trkpt>
   <trkpt lat="43.6370410" lon="-79.4098280">
    <ele>84.8</ele>
    <time>2024-07-27T11:14:51Z</time>
   </trkpt>
   <trkpt lat="43.6370220" lon="-79.4098220">
    <ele>84.7</ele>
    <time>2024-07-27T11:14:52Z</time>
   </trkpt>
   <trkpt lat="43.6369860" lon="-79.4098100">
    <ele>84.5</ele>
    <time>2024-07-27T11:14:53Z</time>
   </trkpt>
   <trkpt lat="43.6369710" lon="-79.4098040">
    <ele>84.5</ele>
    <time>2024-07-27T11:14:54Z</time>
   </trkpt>
   <trkpt lat="43.6369420" lon="-79.4097900">
    <ele>84.4</ele>
    <time>2024-07-27T11:14:55Z</time>
   </trkpt>
   <trkpt lat="43.6369330" lon="-79.4097880">
    <ele>84.3</ele>
    <time>2024-07-27T11:14:56Z</time>
   </trkpt>
   <trkpt lat="43.6369040" lon="-79.4097760">
    <ele>84.2</ele>
    <time>2024-07-27T11:14:57Z</time>
   </trkpt>
   <trkpt lat="43.6368940" lon="-79.4097680">
    <ele>84.2</ele>
    <time>2024-07-27T11:14:58Z</time>
   </trkpt>
   <trkpt lat="43.6368620" lon="-79.4097570">
    <ele>84.1</ele>
    <time>2024-07-27T11:14:59Z</time>
   </trkpt>
   <trkpt lat="43.6368500" lon="-79.4097520">
    <ele>84.0</ele>
    <time>2024-07-27T11:15:00Z</time>
   </trkpt>
   <trkpt lat="43.6368140" lon="-79.4097440">
    <ele>83.9</ele>
    <time>2024-07-27T11:15:01Z</time>
   </trkpt>
   <trkpt lat="43.6368030" lon="-79.4097410">
    <ele>83.9</ele>
    <time>2024-07-27T11:15:02Z</time>
   </trkpt>
   <trkpt lat="43.6367750" lon="-79.4097180">
    <ele>83.8</ele>
    <time>2024-07-27T11:15:03Z</time>
   </trkpt>
   <trkpt lat="43.6367620" lon="-79.4097100">
    <ele>83.8</ele>
    <time>2024-07-27T11:15:04Z</time>
   </trkpt>
   <trkpt lat="43.6367350" lon="-79.4096920">
    <ele>83.7</ele>
    <time>2024-07-27T11:15:05Z</time>
   </trkpt>
   <trkpt lat="43.6367240" lon="-79.4096880">
    <ele>83.7</ele>
    <time>2024-07-27T11:15:06Z</time>
   </trkpt>
   <trkpt lat="43.6366870" lon="-79.4096760">
    <ele>83.6</ele>
    <time>2024-07-27T11:15:07Z</time>
   </trkpt>
   <trkpt lat="43.6366740" lon="-79.4096720">
    <ele>83.6</ele>
    <time>2024-07-27T11:15:08Z</time>
   </trkpt>
   <trkpt lat="43.6366390" lon="-79.4096580">
    <ele>83.5</ele>
    <time>2024-07-27T11:15:09Z</time>
   </trkpt>
   <trkpt lat="43.6366250" lon="-79.4096560">
    <ele>83.5</ele>
    <time>2024-07-27T11:15:10Z</time>
   </trkpt>
   <trkpt lat="43.6365930" lon="-79.4096380">
    <ele>83.4</ele>
    <time>2024-07-27T11:15:11Z</time>
   </trkpt>
   <trkpt lat="43.6365810" lon="-79.4096320">
    <ele>83.4</ele>
    <time>2024-07-27T11:15:12Z</time>
   </trkpt>
   <trkpt lat="43.6365500" lon="-79.4096140">
    <ele>83.4</ele>
    <time>2024-07-27T11:15:13Z</time>
   </trkpt>
   <trkpt lat="43.6365390" lon="-79.4096070">
    <ele>83.4</ele>
    <time>2024-07-27T11:15:14Z</time>
   </trkpt>
   <trkpt lat="43.6365090" lon="-79.4095880">
    <ele>83.3</ele>
    <time>2024-07-27T11:15:15Z</time>
   </trkpt>
   <trkpt lat="43.6365000" lon="-79.4095830">
    <ele>83.3</ele>
    <time>2024-07-27T11:15:16Z</time>
   </trkpt>
   <trkpt lat="43.6364620" lon="-79.4095760">
    <ele>83.3</ele>
    <time>2024-07-27T11:15:17Z</time>
   </trkpt>
   <trkpt lat="43.6364490" lon="-79.4095740">
    <ele>83.3</ele>
    <time>2024-07-27T11:15:18Z</time>
   </trkpt>
   <trkpt lat="43.6364130" lon="-79.4095570">
    <ele>83.3</ele>
    <time>2024-07-27T11:15:19Z</time>
   </trkpt>
   <trkpt lat="43.6364010" lon="-79.4095490">
    <ele>83.2</ele>
    <time>2024-07-27T11:15:20Z</time>
   </trkpt>
   <trkpt lat="43.6363770" lon="-79.4095210">
    <ele>83.2</ele>
    <time>2024-07-27T11:15:21Z</time>
   </trkpt>
   <trkpt lat="43.6363690" lon="-79.4095070">
    <ele>83.2</ele>
    <time>2024-07-27T11:15:22Z</time>
   </trkpt>
   <trkpt lat="43.6363420" lon="-79.4094900">
    <ele>83.1</ele>
    <time>2024-07-27T11:15:23Z</time>
   </trkpt>
   <trkpt lat="43.6363130" lon="-79.4094700">
    <ele>83.1</ele>
    <time>2024-07-27T11:15:24Z</time>
   </trkpt>
   <trkpt lat="43.6363010" lon="-79.4094660">
    <ele>83.0</ele>
    <time>2024-07-27T11:15:25Z</time>
   </trkpt>
   <trkpt lat="43.6362710" lon="-79.4094540">
    <ele>83.0</ele>
    <time>2024-07-27T11:15:26Z</time>
   </trkpt>
   <trkpt lat="43.6362610" lon="-79.4094550">
    <ele>83.0</ele>
    <time>2024-07-27T11:15:27Z</time>
   </trkpt>
   <trkpt lat="43.6362300" lon="-79.4094460">
    <ele>82.9</ele>
    <time>2024-07-27T11:15:28Z</time>
   </trkpt>
   <trkpt lat="43.6362200" lon="-79.4094450">
    <ele>82.9</ele>
    <time>2024-07-27T11:15:29Z</time>
   </trkpt>
   <trkpt lat="43.6361930" lon="-79.4094590">
    <ele>82.8</ele>
    <time>2024-07-27T11:15:30Z</time>
   </trkpt>
   <trkpt lat="43.6361840" lon="-79.4094640">
    <ele>82.8</ele>
    <time>2024-07-27T11:15:31Z</time>
   </trkpt>
   <trkpt lat="43.6361500" lon="-79.4094680">
    <ele>82.7</ele>
    <time>2024-07-27T11:15:32Z</time>
   </trkpt>
   <trkpt lat="43.6361400" lon="-79.4094680">
    <ele>82.7</ele>
    <time>2024-07-27T11:15:33Z</time>
   </trkpt>
   <trkpt lat="43.6361070" lon="-79.4094530">
    <ele>82.6</ele>
    <time>2024-07-27T11:15:34Z</time>
   </trkpt>
   <trkpt lat="43.6360940" lon="-79.4094400">
    <ele>82.5</ele>
    <time>2024-07-27T11:15:35Z</time>
   </trkpt>
   <trkpt lat="43.6360630" lon="-79.4094390">
    <ele>82.5</ele>
    <time>2024-07-27T11:15:36Z</time>
   </trkpt>
   <trkpt lat="43.6360520" lon="-79.4094310">
    <ele>82.4</ele>
    <time>2024-07-27T11:15:37Z</time>
   </trkpt>
   <trkpt lat="43.6360200" lon="-79.4094060">
    <ele>82.3</ele>
    <time>2024-07-27T11:15:38Z</time>
   </trkpt>
   <trkpt lat="43.6360080" lon="-79.4094000">
    <ele>82.3</ele>
    <time>2024-07-27T11:15:39Z</time>
   </trkpt>
   <trkpt lat="43.6359740" lon="-79.4094020">
    <ele>82.2</ele>
    <time>2024-07-27T11:15:40Z</time>
   </trkpt>
   <trkpt lat="43.6359650" lon="-79.4093950">
    <ele>82.2</ele>
    <time>2024-07-27T11:15:41Z</time>
   </trkpt>
   <trkpt lat="43.6359360" lon="-79.4093820">
    <ele>82.1</ele>
    <time>2024-07-27T11:15:42Z</time>
   </trkpt>
   <trkpt lat="43.6359260" lon="-79.4093770">
    <ele>82.1</ele>
    <time>2024-07-27T11:15:43Z</time>
   </trkpt>
   <trkpt lat="43.6358920" lon="-79.4093820">
    <ele>82.0</ele>
    <time>2024-07-27T11:15:44Z</time>
   </trkpt>
   <trkpt lat="43.6358630" lon="-79.4093650">
    <ele>81.9</ele>
    <time>2024-07-27T11:15:45Z</time>
   </trkpt>
   <trkpt lat="43.6358560" lon="-79.4093550">
    <ele>81.9</ele>
    <time>2024-07-27T11:15:46Z</time>
   </trkpt>
   <trkpt lat="43.6358190" lon="-79.4093500">
    <ele>81.8</ele>
    <time>2024-07-27T11:15:47Z</time>
   </trkpt>
   <trkpt lat="43.6358040" lon="-79.4093490">
    <ele>81.8</ele>
    <time>2024-07-27T11:15:48Z</time>
   </trkpt>
   <trkpt lat="43.6357720" lon="-79.4093190">
    <ele>81.7</ele>
    <time>2024-07-27T11:15:49Z</time>
   </trkpt>
   <trkpt lat="43.6357610" lon="-79.4093110">
    <ele>81.6</ele>
    <time>2024-07-27T11:15:50Z</time>
   </trkpt>
   <trkpt lat="43.6357270" lon="-79.4092980">
    <ele>81.6</ele>
    <time>2024-07-27T11:15:51Z</time>
   </trkpt>
   <trkpt lat="43.6357160" lon="-79.4092920">
    <ele>81.5</ele>
    <time>2024-07-27T11:15:52Z</time>
   </trkpt>
   <trkpt lat="43.6356890" lon="-79.4092860">
    <ele>81.5</ele>
    <time>2024-07-27T11:15:53Z</time>
   </trkpt>
   <trkpt lat="43.6356640" lon="-79.4092710">
    <ele>81.4</ele>
    <time>2024-07-27T11:15:54Z</time>
   </trkpt>
   <trkpt lat="43.6356520" lon="-79.4092680">
    <ele>81.4</ele>
    <time>2024-07-27T11:15:55Z</time>
   </trkpt>
   <trkpt lat="43.6356180" lon="-79.4092590">
    <ele>81.4</ele>
    <time>2024-07-27T11:15:56Z</time>
   </trkpt>
   <trkpt lat="43.6356070" lon="-79.4092530">
    <ele>81.3</ele>
    <time>2024-07-27T11:15:57Z</time>
   </trkpt>
   <trkpt lat="43.6355770" lon="-79.4092450">
    <ele>81.3</ele>
    <time>2024-07-27T11:15:58Z</time>
   </trkpt>
   <trkpt lat="43.6355660" lon="-79.4092400">
    <ele>81.3</ele>
    <time>2024-07-27T11:15:59Z</time>
   </trkpt>
   <trkpt lat="43.6355330" lon="-79.4092220">
    <ele>81.2</ele>
    <time>2024-07-27T11:16:00Z</time>
   </trkpt>
   <trkpt lat="43.6355200" lon="-79.4092200">
    <ele>81.2</ele>
    <time>2024-07-27T11:16:01Z</time>
   </trkpt>
   <trkpt lat="43.6354950" lon="-79.4092050">
    <ele>81.2</ele>
    <time>2024-07-27T11:16:02Z</time>
   </trkpt>
   <trkpt lat="43.6354580" lon="-79.4091910">
    <ele>81.1</ele>
    <time>2024-07-27T11:16:03Z</time>
   </trkpt>
   <trkpt lat="43.6354440" lon="-79.4091840">
    <ele>81.1</ele>
    <time>2024-07-27T11:16:04Z</time>
   </trkpt>
   <trkpt lat="43.6354110" lon="-79.4091620">
    <ele>81.1</ele>
    <time>2024-07-27T11:16:05Z</time>
   </trkpt>
   <trkpt lat="43.6354000" lon="-79.4091530">
    <ele>81.1</ele>
    <time>2024-07-27T11:16:06Z</time>
   </trkpt>
   <trkpt lat="43.6353740" lon="-79.4091390">
    <ele>81.1</ele>
    <time>2024-07-27T11:16:07Z</time>
   </trkpt>
   <trkpt lat="43.6353400" lon="-79.4091320">
    <ele>81.0</ele>
    <time>2024-07-27T11:16:08Z</time>
   </trkpt>
   <trkpt lat="43.6353270" lon="-79.4091290">
    <ele>81.0</ele>
    <time>2024-07-27T11:16:09Z</time>
   </trkpt>
   <trkpt lat="43.6352920" lon="-79.4091140">
    <ele>81.0</ele>
    <time>2024-07-27T11:16:10Z</time>
   </trkpt>
   <trkpt lat="43.6352790" lon="-79.4091100">
    <ele>81.0</ele>
    <time>2024-07-27T11:16:11Z</time>
   </trkpt>
   <trkpt lat="43.6352480" lon="-79.4091020">
    <ele>81.0</ele>
    <time>2024-07-27T11:16:12Z</time>
   </trkpt>
   <trkpt lat="43.6352390" lon="-79.4091010">
    <ele>81.0</ele>
    <time>2024-07-27T11:16:13Z</time>
   </trkpt>
   <trkpt lat="43.6352070" lon="-79.4090950">
    <ele>81.0</ele>
    <time>2024-07-27T11:16:14Z</time>
   </trkpt>
   <trkpt lat="43.6351950" lon="-79.4090940">
    <ele>81.0</ele>
    <time>2024-07-27T11:16:15Z</time>
   </trkpt>
   <trkpt lat="43.6351590" lon="-79.4090840">
    <ele>81.0</ele>
    <time>2024-07-27T11:16:16Z</time>
   </trkpt>
   <trkpt lat="43.6351470" lon="-79.4090810">
    <ele>81.0</ele>
    <time>2024-07-27T11:16:17Z</time>
   </trkpt>
   <trkpt lat="43.6351190" lon="-79.4090700">
    <ele>81.0</ele>
    <time>2024-07-27T11:16:18Z</time>
   </trkpt>
   <trkpt lat="43.6350910" lon="-79.4090780">
    <ele>81.0</ele>
    <time>2024-07-27T11:16:19Z</time>
   </trkpt>
   <trkpt lat="43.6350620" lon="-79.4090560">
    <ele>81.0</ele>
    <time>2024-07-27T11:16:20Z</time>
   </trkpt>
   <trkpt lat="43.6350510" lon="-79.4090490">
    <ele>81.0</ele>
    <time>2024-07-27T11:16:21Z</time>
   </trkpt>
   <trkpt lat="43.6350320" lon="-79.4090140">
    <ele>81.0</ele>
    <time>2024-07-27T11:16:22Z</time>
   </trkpt>
   <trkpt lat="43.6350230" lon="-79.4090070">
    <ele>81.0</ele>
    <time>2024-07-27T11:16:23Z</time>
   </trkpt>
   <trkpt lat="43.6349890" lon="-79.4089870">
    <ele>81.0</ele>
    <time>2024-07-27T11:16:24Z</time>
   </trkpt>
   <trkpt lat="43.6349770" lon="-79.4089820">
    <ele>81.0</ele>
    <time>2024-07-27T11:16:25Z</time>
   </trkpt>
   <trkpt lat="43.6349540" lon="-79.4089640">
    <ele>81.0</ele>
    <time>2024-07-27T11:16:26Z</time>
   </trkpt>
   <trkpt lat="43.6349210" lon="-79.4089420">
    <ele>81.0</ele>
    <time>2024-07-27T11:16:27Z</time>
   </trkpt>
   <trkpt lat="43.6349080" lon="-79.4089360">
    <ele>81.0</ele>
    <time>2024-07-27T11:16:28Z</time>
   </trkpt>
   <trkpt lat="43.6348790" lon="-79.4089150">
    <ele>81.0</ele>
    <time>2024-07-27T11:16:29Z</time>
   </trkpt>
   <trkpt lat="43.6348700" lon="-79.4089090">
    <ele>81.0</ele>
    <time>2024-07-27T11:16:30Z</time>
   </trkpt>
   <trkpt lat="43.6348510" lon="-79.4088720">
    <ele>81.0</ele>
    <time>2024-07-27T11:16:31Z</time>
   </trkpt>
   <trkpt lat="43.6348180" lon="-79.4088460">
    <ele>80.9</ele>
    <time>2024-07-27T11:16:32Z</time>
   </trkpt>
   <trkpt lat="43.6348080" lon="-79.4088390">
    <ele>80.9</ele>
    <time>2024-07-27T11:16:33Z</time>
   </trkpt>
   <trkpt lat="43.6347720" lon="-79.4088360">
    <ele>80.9</ele>
    <time>2024-07-27T11:16:34Z</time>
   </trkpt>
   <trkpt lat="43.6347610" lon="-79.4088380">
    <ele>80.9</ele>
    <time>2024-07-27T11:16:35Z</time>
   </trkpt>
   <trkpt lat="43.6347460" lon="-79.4088200">
    <ele>80.9</ele>
    <time>2024-07-27T11:16:36Z</time>
   </trkpt>
   <trkpt lat="43.6347340" lon="-79.4088120">
    <ele>80.9</ele>
    <time>2024-07-27T11:16:37Z</time>
   </trkpt>
   <trkpt lat="43.6347180" lon="-79.4087950">
    <ele>80.9</ele>
    <time>2024-07-27T11:16:38Z</time>
   </trkpt>
   <trkpt lat="43.6347110" lon="-79.4087870">
    <ele>80.9</ele>
    <time>2024-07-27T11:16:39Z</time>
   </trkpt>
   <trkpt lat="43.6347050" lon="-79.4087780">
    <ele>80.9</ele>
    <time>2024-07-27T11:16:40Z</time>
   </trkpt>
   <trkpt lat="43.6346970" lon="-79.4087840">
    <ele>80.9</ele>
    <time>2024-07-27T11:16:41Z</time>
   </trkpt>
   <trkpt lat="43.6346880" lon="-79.4087790">
    <ele>80.9</ele>
    <time>2024-07-27T11:16:42Z</time>
   </trkpt>
   <trkpt lat="43.6346820" lon="-79.4087610">
    <ele>80.9</ele>
    <time>2024-07-27T11:16:43Z</time>
   </trkpt>
   <trkpt lat="43.6346830" lon="-79.4087720">
    <ele>80.9</ele>
    <time>2024-07-27T11:16:44Z</time>
   </trkpt>
   <trkpt lat="43.6346940" lon="-79.4087910">
    <ele>80.9</ele>
    <time>2024-07-27T11:16:45Z</time>
   </trkpt>
   <trkpt lat="43.6347020" lon="-79.4088040">
    <ele>80.9</ele>
    <time>2024-07-27T11:16:46Z</time>
   </trkpt>
   <trkpt lat="43.6347090" lon="-79.4088010">
    <ele>80.9</ele>
    <time>2024-07-27T11:16:47Z</time>
   </trkpt>
   <trkpt lat="43.6347200" lon="-79.4087760">
    <ele>80.9</ele>
    <time>2024-07-27T11:16:48Z</time>
   </trkpt>
   <trkpt lat="43.6347210" lon="-79.4087940">
    <ele>80.8</ele>
    <time>2024-07-27T11:16:49Z</time>
   </trkpt>
   <trkpt lat="43.6347200" lon="-79.4088000">
    <ele>80.8</ele>
    <time>2024-07-27T11:16:50Z</time>
   </trkpt>
   <trkpt lat="43.6347170" lon="-79.4088040">
    <ele>80.8</ele>
    <time>2024-07-27T11:16:51Z</time>
   </trkpt>
   <trkpt lat="43.6347200" lon="-79.4088010">
    <ele>80.8</ele>
    <time>2024-07-27T11:16:52Z</time>
   </trkpt>
   <trkpt lat="43.6347220" lon="-79.4087980">
    <ele>80.8</ele>
    <time>2024-07-27T11:16:53Z</time>
   </trkpt>
   <trkpt lat="43.6347250" lon="-79.4087950">
    <ele>80.8</ele>
    <time>2024-07-27T11:16:54Z</time>
   </trkpt>
   <trkpt lat="43.6347280" lon="-79.4087980">
    <ele>80.8</ele>
    <time>2024-07-27T11:16:55Z</time>
   </trkpt>
   <trkpt lat="43.6347280" lon="-79.4087970">
    <ele>80.8</ele>
    <time>2024-07-27T11:16:56Z</time>
   </trkpt>
   <trkpt lat="43.6347210" lon="-79.4088000">
    <ele>80.8</ele>
    <time>2024-07-27T11:16:57Z</time>
   </trkpt>
   <trkpt lat="43.6347200" lon="-79.4088000">
    <ele>80.8</ele>
    <time>2024-07-27T11:16:58Z</time>
   </trkpt>
   <trkpt lat="43.6347210" lon="-79.4088060">
    <ele>80.8</ele>
    <time>2024-07-27T11:16:59Z</time>
   </trkpt>
   <trkpt lat="43.6347240" lon="-79.4088000">
    <ele>80.8</ele>
    <time>2024-07-27T11:17:00Z</time>
   </trkpt>
   <trkpt lat="43.6347230" lon="-79.4087970">
    <ele>80.8</ele>
    <time>2024-07-27T11:17:01Z</time>
   </trkpt>
   <trkpt lat="43.6347240" lon="-79.4087980">
    <ele>80.8</ele>
    <time>2024-07-27T11:17:02Z</time>
   </trkpt>
   <trkpt lat="43.6347270" lon="-79.4087950">
    <ele>80.8</ele>
    <time>2024-07-27T11:17:03Z</time>
   </trkpt>
   <trkpt lat="43.6347140" lon="-79.4087950">
    <ele>80.8</ele>
    <time>2024-07-27T11:17:04Z</time>
   </trkpt>
   <trkpt lat="43.6347190" lon="-79.4087980">
    <ele>80.8</ele>
    <time>2024-07-27T11:17:05Z</time>
   </trkpt>
   <trkpt lat="43.6347160" lon="-79.4088100">
    <ele>80.8</ele>
    <time>2024-07-27T11:17:06Z</time>
   </trkpt>
   <trkpt lat="43.6347140" lon="-79.4088120">
    <ele>80.8</ele>
    <time>2024-07-27T11:17:07Z</time>
   </trkpt>
   <trkpt lat="43.6347170" lon="-79.4088110">
    <ele>80.8</ele>
    <time>2024-07-27T11:17:08Z</time>
   </trkpt>
   <trkpt lat="43.6347030" lon="-79.4088220">
    <ele>80.8</ele>
    <time>2024-07-27T11:17:09Z</time>
   </trkpt>
   <trkpt lat="43.6347090" lon="-79.4088190">
    <ele>80.8</ele>
    <time>2024-07-27T11:17:10Z</time>
   </trkpt>
   <trkpt lat="43.6347120" lon="-79.4088110">
    <ele>80.8</ele>
    <time>2024-07-27T11:17:11Z</time>
   </trkpt>
   <trkpt lat="43.6347170" lon="-79.4088180">
    <ele>80.8</ele>
    <time>2024-07-27T11:17:12Z</time>
   </trkpt>
   <trkpt lat="43.6347110" lon="-79.4088250">
    <ele>80.8</ele>
    <time>2024-07-27T11:17:13Z</time>
   </trkpt>
   <trkpt lat="43.6347110" lon="-79.4088260">
    <ele>80.8</ele>
    <time>2024-07-27T11:17:14Z</time>
   </trkpt>
   <trkpt lat="43.6347060" lon="-79.4088300">
    <ele>80.8</ele>
    <time>2024-07-27T11:17:15Z</time>
   </trkpt>
   <trkpt lat="43.6347090" lon="-79.4088330">
    <ele>80.8</ele>
    <time>2024-07-27T11:17:16Z</time>
   </trkpt>
   <trkpt lat="43.6347100" lon="-79.4088290">
    <ele>80.8</ele>
    <time>2024-07-27T11:17:17Z</time>
   </trkpt>
   <trkpt lat="43.6347070" lon="-79.4088360">
    <ele>80.8</ele>
    <time>2024-07-27T11:17:18Z</time>
   </trkpt>
   <trkpt lat="43.6347080" lon="-79.4088320">
    <ele>80.8</ele>
    <time>2024-07-27T11:17:19Z</time>
   </trkpt>
   <trkpt lat="43.6347180" lon="-79.4088280">
    <ele>80.8</ele>
    <time>2024-07-27T11:17:20Z</time>
   </trkpt>
   <trkpt lat="43.6347170" lon="-79.4088240">
    <ele>80.8</ele>
    <time>2024-07-27T11:17:21Z</time>
   </trkpt>
   <trkpt lat="43.6347200" lon="-79.4088190">
    <ele>80.8</ele>
    <time>2024-07-27T11:17:22Z</time>
   </trkpt>
   <trkpt lat="43.6347240" lon="-79.4088120">
    <ele>80.8</ele>
    <time>2024-07-27T11:17:23Z</time>
   </trkpt>
   <trkpt lat="43.6347280" lon="-79.4088050">
    <ele>80.8</ele>
    <time>2024-07-27T11:17:24Z</time>
   </trkpt>
   <trkpt lat="43.6347210" lon="-79.4088100">
    <ele>80.8</ele>
    <time>2024-07-27T11:17:25Z</time>
   </trkpt>
   <trkpt lat="43.6347170" lon="-79.4088140">
    <ele>80.8</ele>
    <time>2024-07-27T11:17:26Z</time>
   </trkpt>
   <trkpt lat="43.6347140" lon="-79.4088170">
    <ele>80.8</ele>
    <time>2024-07-27T11:17:27Z</time>
   </trkpt>
   <trkpt lat="43.6347110" lon="-79.4088200">
    <ele>80.8</ele>
    <time>2024-07-27T11:17:28Z</time>
   </trkpt>
   <trkpt lat="43.6347070" lon="-79.4088240">
    <ele>80.8</ele>
    <time>2024-07-27T11:17:29Z</time>
   </trkpt>
   <trkpt lat="43.6347040" lon="-79.4088270">
    <ele>80.8</ele>
    <time>2024-07-27T11:17:30Z</time>
   </trkpt>
   <trkpt lat="43.6347000" lon="-79.4088310">
    <ele>80.8</ele>
    <time>2024-07-27T11:17:31Z</time>
   </trkpt>
   <trkpt lat="43.6346970" lon="-79.4088340">
    <ele>80.8</ele>
    <time>2024-07-27T11:17:32Z</time>
   </trkpt>
   <trkpt lat="43.6346940" lon="-79.4088380">
    <ele>80.8</ele>
    <time>2024-07-27T11:17:33Z</time>
   </trkpt>
   <trkpt lat="43.6346700" lon="-79.4088630">
    <ele>80.8</ele>
    <time>2024-07-27T11:17:34Z</time>
   </trkpt>
   <trkpt lat="43.6346620" lon="-79.4088710">
    <ele>80.8</ele>
    <time>2024-07-27T11:17:35Z</time>
   </trkpt>
   <trkpt lat="43.6346490" lon="-79.4088890">
    <ele>80.8</ele>
    <time>2024-07-27T11:17:36Z</time>
   </trkpt>
   <trkpt lat="43.6346360" lon="-79.4089040">
    <ele>80.8</ele>
    <time>2024-07-27T11:17:37Z</time>
   </trkpt>
   <trkpt lat="43.6346150" lon="-79.4089310">
    <ele>80.9</ele>
    <time>2024-07-27T11:17:38Z</time>
   </trkpt>
   <trkpt lat="43.6346070" lon="-79.4089410">
    <ele>80.9</ele>
    <time>2024-07-27T11:17:39Z</time>
   </trkpt>
   <trkpt lat="43.6345780" lon="-79.4089620">
    <ele>80.9</ele>
    <time>2024-07-27T11:17:40Z</time>
   </trkpt>
   <trkpt lat="43.6345670" lon="-79.4089660">
    <ele>80.9</ele>
    <time>2024-07-27T11:17:41Z</time>
   </trkpt>
   <trkpt lat="43.6345380" lon="-79.4089860">
    <ele>80.9</ele>
    <time>2024-07-27T11:17:42Z</time>
   </trkpt>
   <trkpt lat="43.6345270" lon="-79.4089910">
    <ele>80.9</ele>
    <time>2024-07-27T11:17:43Z</time>
   </trkpt>
   <trkpt lat="43.6345090" lon="-79.4089910">
    <ele>80.9</ele>
    <time>2024-07-27T11:17:44Z</time>
   </trkpt>
   <trkpt lat="43.6345070" lon="-79.4089830">
    <ele>80.9</ele>
    <time>2024-07-27T11:17:45Z</time>
   </trkpt>
   <trkpt lat="43.6345040" lon="-79.4089750">
    <ele>80.9</ele>
    <time>2024-07-27T11:17:46Z</time>
   </trkpt>
   <trkpt lat="43.6345020" lon="-79.4089660">
    <ele>80.9</ele>
    <time>2024-07-27T11:17:47Z</time>
   </trkpt>
   <trkpt lat="43.6344990" lon="-79.4089580">
    <ele>80.9</ele>
    <time>2024-07-27T11:17:48Z</time>
   </trkpt>
   <trkpt lat="43.6344970" lon="-79.4089500">
    <ele>80.9</ele>
    <time>2024-07-27T11:17:49Z</time>
   </trkpt>
   <trkpt lat="43.6344940" lon="-79.4089420">
    <ele>80.9</ele>
    <time>2024-07-27T11:17:50Z</time>
   </trkpt>
   <trkpt lat="43.6344890" lon="-79.4089230">
    <ele>80.9</ele>
    <time>2024-07-27T11:17:51Z</time>
   </trkpt>
   <trkpt lat="43.6344790" lon="-79.4089060">
    <ele>80.9</ele>
    <time>2024-07-27T11:17:52Z</time>
   </trkpt>
   <trkpt lat="43.6344700" lon="-79.4088770">
    <ele>80.9</ele>
    <time>2024-07-27T11:17:53Z</time>
   </trkpt>
   <trkpt lat="43.6344700" lon="-79.4088710">
    <ele>80.9</ele>
    <time>2024-07-27T11:17:54Z</time>
   </trkpt>
   <trkpt lat="43.6344700" lon="-79.4088620">
    <ele>80.9</ele>
    <time>2024-07-27T11:17:55Z</time>
   </trkpt>
   <trkpt lat="43.6344690" lon="-79.4088590">
    <ele>80.9</ele>
    <time>2024-07-27T11:17:56Z</time>
   </trkpt>
   <trkpt lat="43.6344750" lon="-79.4088660">
    <ele>80.8</ele>
    <time>2024-07-27T11:17:57Z</time>
   </trkpt>
   <trkpt lat="43.6344760" lon="-79.4088620">
    <ele>80.8</ele>
    <time>2024-07-27T11:17:58Z</time>
   </trkpt>
   <trkpt lat="43.6344770" lon="-79.4088540">
    <ele>80.8</ele>
    <time>2024-07-27T11:17:59Z</time>
   </trkpt>
   <trkpt lat="43.6344750" lon="-79.4088400">
    <ele>80.8</ele>
    <time>2024-07-27T11:18:00Z</time>
   </trkpt>
   <trkpt lat="43.6344710" lon="-79.4088270">
    <ele>80.8</ele>
    <time>2024-07-27T11:18:01Z</time>
   </trkpt>
   <trkpt lat="43.6344750" lon="-79.4088370">
    <ele>80.8</ele>
    <time>2024-07-27T11:18:02Z</time>
   </trkpt>
   <trkpt lat="43.6344790" lon="-79.4088490">
    <ele>80.8</ele>
    <time>2024-07-27T11:18:03Z</time>
   </trkpt>
   <trkpt lat="43.6344790" lon="-79.4088570">
    <ele>80.8</ele>
    <time>2024-07-27T11:18:04Z</time>
   </trkpt>
   <trkpt lat="43.6344790" lon="-79.4088600">
    <ele>80.8</ele>
    <time>2024-07-27T11:18:05Z</time>
   </trkpt>
   <trkpt lat="43.6344830" lon="-79.4088660">
    <ele>80.8</ele>
    <time>2024-07-27T11:18:06Z</time>
   </trkpt>
   <trkpt lat="43.6344880" lon="-79.4088760">
    <ele>80.8</ele>
    <time>2024-07-27T11:18:07Z</time>
   </trkpt>
   <trkpt lat="43.6344910" lon="-79.4088750">
    <ele>80.8</ele>
    <time>2024-07-27T11:18:08Z</time>
   </trkpt>
   <trkpt lat="43.6344840" lon="-79.4088760">
    <ele>80.8</ele>
    <time>2024-07-27T11:18:09Z</time>
   </trkpt>
   <trkpt lat="43.6344830" lon="-79.4088750">
    <ele>80.8</ele>
    <time>2024-07-27T11:18:10Z</time>
   </trkpt>
   <trkpt lat="43.6344850" lon="-79.4088970">
    <ele>80.8</ele>
    <time>2024-07-27T11:18:11Z</time>
   </trkpt>
   <trkpt lat="43.6345060" lon="-79.4089540">
    <ele>80.8</ele>
    <time>2024-07-27T11:18:12Z</time>
   </trkpt>
   <trkpt lat="43.6345050" lon="-79.4089570">
    <ele>80.8</ele>
    <time>2024-07-27T11:18:13Z</time>
   </trkpt>
   <trkpt lat="43.6345050" lon="-79.4089540">
    <ele>80.8</ele>
    <time>2024-07-27T11:18:14Z</time>
   </trkpt>
   <trkpt lat="43.6345040" lon="-79.4089520">
    <ele>80.8</ele>
    <time>2024-07-27T11:18:15Z</time>
   </trkpt>
   <trkpt lat="43.6345040" lon="-79.4089490">
    <ele>80.8</ele>
    <time>2024-07-27T11:18:16Z</time>
   </trkpt>
   <trkpt lat="43.6345030" lon="-79.4089460">
    <ele>80.8</ele>
    <time>2024-07-27T11:18:17Z</time>
   </trkpt>
   <trkpt lat="43.6345030" lon="-79.4089430">
    <ele>80.8</ele>
    <time>2024-07-27T11:18:18Z</time>
   </trkpt>
   <trkpt lat="43.6345020" lon="-79.4089410">
    <ele>80.8</ele>
    <time>2024-07-27T11:18:19Z</time>
   </trkpt>
   <trkpt lat="43.6345020" lon="-79.4089380">
    <ele>80.8</ele>
    <time>2024-07-27T11:18:20Z</time>
   </trkpt>
   <trkpt lat="43.6345010" lon="-79.4089350">
    <ele>80.8</ele>
    <time>2024-07-27T11:18:21Z</time>
   </trkpt>
   <trkpt lat="43.6345010" lon="-79.4089320">
    <ele>80.8</ele>
    <time>2024-07-27T11:18:22Z</time>
   </trkpt>
   <trkpt lat="43.6345000" lon="-79.4089290">
    <ele>80.8</ele>
    <time>2024-07-27T11:18:23Z</time>
   </trkpt>
   <trkpt lat="43.6345000" lon="-79.4089270">
    <ele>80.8</ele>
    <time>2024-07-27T11:18:24Z</time>
   </trkpt>
   <trkpt lat="43.6344990" lon="-79.4089240">
    <ele>80.8</ele>
    <time>2024-07-27T11:18:25Z</time>
   </trkpt>
   <trkpt lat="43.6344990" lon="-79.4089210">
    <ele>80.8</ele>
    <time>2024-07-27T11:18:26Z</time>
   </trkpt>
   <trkpt lat="43.6344990" lon="-79.4089180">
    <ele>80.8</ele>
    <time>2024-07-27T11:18:27Z</time>
   </trkpt>
   <trkpt lat="43.6344980" lon="-79.4089160">
    <ele>80.8</ele>
    <time>2024-07-27T11:18:28Z</time>
   </trkpt>
   <trkpt lat="43.6344980" lon="-79.4089130">
    <ele>80.8</ele>
    <time>2024-07-27T11:18:29Z</time>
   </trkpt>
   <trkpt lat="43.6344970" lon="-79.4089100">
    <ele>80.8</ele>
    <time>2024-07-27T11:18:30Z</time>
   </trkpt>
   <trkpt lat="43.6344970" lon="-79.4089070">
    <ele>80.8</ele>
    <time>2024-07-27T11:18:31Z</time>
   </trkpt>
   <trkpt lat="43.6344960" lon="-79.4089040">
    <ele>80.8</ele>
    <time>2024-07-27T11:18:32Z</time>
   </trkpt>
   <trkpt lat="43.6344960" lon="-79.4089020">
    <ele>80.8</ele>
    <time>2024-07-27T11:18:33Z</time>
   </trkpt>
   <trkpt lat="43.6344950" lon="-79.4088990">
    <ele>80.8</ele>
    <time>2024-07-27T11:18:34Z</time>
   </trkpt>
   <trkpt lat="43.6344950" lon="-79.4088960">
    <ele>80.8</ele>
    <time>2024-07-27T11:18:35Z</time>
   </trkpt>
   <trkpt lat="43.6344940" lon="-79.4088930">
    <ele>80.8</ele>
    <time>2024-07-27T11:18:36Z</time>
   </trkpt>
   <trkpt lat="43.6344860" lon="-79.4088760">
    <ele>80.7</ele>
    <time>2024-07-27T11:18:37Z</time>
   </trkpt>
   <trkpt lat="43.6344810" lon="-79.4088590">
    <ele>80.7</ele>
    <time>2024-07-27T11:18:38Z</time>
   </trkpt>
   <trkpt lat="43.6344590" lon="-79.4088300">
    <ele>80.7</ele>
    <time>2024-07-27T11:18:39Z</time>
   </trkpt>
   <trkpt lat="43.6344450" lon="-79.4087980">
    <ele>80.6</ele>
    <time>2024-07-27T11:18:40Z</time>
   </trkpt>
   <trkpt lat="43.6344430" lon="-79.4087820">
    <ele>80.6</ele>
    <time>2024-07-27T11:18:41Z</time>
   </trkpt>
   <trkpt lat="43.6344220" lon="-79.4087340">
    <ele>80.5</ele>
    <time>2024-07-27T11:18:42Z</time>
   </trkpt>
   <trkpt lat="43.6344030" lon="-79.4087100">
    <ele>80.5</ele>
    <time>2024-07-27T11:18:43Z</time>
   </trkpt>
   <trkpt lat="43.6343970" lon="-79.4086970">
    <ele>80.5</ele>
    <time>2024-07-27T11:18:44Z</time>
   </trkpt>
   <trkpt lat="43.6343760" lon="-79.4086650">
    <ele>80.4</ele>
    <time>2024-07-27T11:18:45Z</time>
   </trkpt>
   <trkpt lat="43.6343680" lon="-79.4086530">
    <ele>80.4</ele>
    <time>2024-07-27T11:18:46Z</time>
   </trkpt>
   <trkpt lat="43.6343390" lon="-79.4086210">
    <ele>80.3</ele>
    <time>2024-07-27T11:18:47Z</time>
   </trkpt>
   <trkpt lat="43.6343290" lon="-79.4086060">
    <ele>80.3</ele>
    <time>2024-07-27T11:18:48Z</time>
   </trkpt>
   <trkpt lat="43.6343030" lon="-79.4085850">
    <ele>80.2</ele>
    <time>2024-07-27T11:18:49Z</time>
   </trkpt>
   <trkpt lat="43.6342780" lon="-79.4085670">
    <ele>80.2</ele>
    <time>2024-07-27T11:18:50Z</time>
   </trkpt>
   <trkpt lat="43.6342420" lon="-79.4085860">
    <ele>80.0</ele>
    <time>2024-07-27T11:18:51Z</time>
   </trkpt>
   <trkpt lat="43.6342310" lon="-79.4085970">
    <ele>80.0</ele>
    <time>2024-07-27T11:18:52Z</time>
   </trkpt>
   <trkpt lat="43.6342000" lon="-79.4086300">
    <ele>80.0</ele>
    <time>2024-07-27T11:18:53Z</time>
   </trkpt>
   <trkpt lat="43.6341870" lon="-79.4086420">
    <ele>80.0</ele>
    <time>2024-07-27T11:18:54Z</time>
   </trkpt>
   <trkpt lat="43.6341570" lon="-79.4086740">
    <ele>79.9</ele>
    <time>2024-07-27T11:18:55Z</time>
   </trkpt>
   <trkpt lat="43.6341440" lon="-79.4086810">
    <ele>79.9</ele>
    <time>2024-07-27T11:18:56Z</time>
   </trkpt>
   <trkpt lat="43.6341110" lon="-79.4086940">
    <ele>79.9</ele>
    <time>2024-07-27T11:18:57Z</time>
   </trkpt>
   <trkpt lat="43.6340970" lon="-79.4086980">
    <ele>79.9</ele>
    <time>2024-07-27T11:18:58Z</time>
   </trkpt>
   <trkpt lat="43.6340620" lon="-79.4087120">
    <ele>79.8</ele>
    <time>2024-07-27T11:18:59Z</time>
   </trkpt>
   <trkpt lat="43.6340510" lon="-79.4087210">
    <ele>79.8</ele>
    <time>2024-07-27T11:19:00Z</time>
   </trkpt>
   <trkpt lat="43.6340200" lon="-79.4087430">
    <ele>79.8</ele>
    <time>2024-07-27T11:19:01Z</time>
   </trkpt>
   <trkpt lat="43.6340100" lon="-79.4087480">
    <ele>79.8</ele>
    <time>2024-07-27T11:19:02Z</time>
   </trkpt>
   <trkpt lat="43.6339830" lon="-79.4087780">
    <ele>79.7</ele>
    <time>2024-07-27T11:19:03Z</time>
   </trkpt>
   <trkpt lat="43.6339540" lon="-79.4087970">
    <ele>79.7</ele>
    <time>2024-07-27T11:19:04Z</time>
   </trkpt>
   <trkpt lat="43.6339450" lon="-79.4088070">
    <ele>79.7</ele>
    <time>2024-07-27T11:19:05Z</time>
   </trkpt>
   <trkpt lat="43.6339140" lon="-79.4088330">
    <ele>79.7</ele>
    <time>2024-07-27T11:19:06Z</time>
   </trkpt>
   <trkpt lat="43.6339030" lon="-79.4088420">
    <ele>79.7</ele>
    <time>2024-07-27T11:19:07Z</time>
   </trkpt>
   <trkpt lat="43.6338690" lon="-79.4088530">
    <ele>79.6</ele>
    <time>2024-07-27T11:19:08Z</time>
   </trkpt>
   <trkpt lat="43.6338580" lon="-79.4088620">
    <ele>79.6</ele>
    <time>2024-07-27T11:19:09Z</time>
   </trkpt>
   <trkpt lat="43.6338330" lon="-79.4089040">
    <ele>79.6</ele>
    <time>2024-07-27T11:19:10Z</time>
   </trkpt>
   <trkpt lat="43.6338250" lon="-79.4089210">
    <ele>79.6</ele>
    <time>2024-07-27T11:19:11Z</time>
   </trkpt>
   <trkpt lat="43.6338000" lon="-79.4089560">
    <ele>79.6</ele>
    <time>2024-07-27T11:19:12Z</time>
   </trkpt>
   <trkpt lat="43.6337890" lon="-79.4089680">
    <ele>79.5</ele>
    <time>2024-07-27T11:19:13Z</time>
   </trkpt>
   <trkpt lat="43.6337570" lon="-79.4089920">
    <ele>79.5</ele>
    <time>2024-07-27T11:19:14Z</time>
   </trkpt>
   <trkpt lat="43.6337480" lon="-79.4090040">
    <ele>79.5</ele>
    <time>2024-07-27T11:19:15Z</time>
   </trkpt>
   <trkpt lat="43.6337320" lon="-79.4090420">
    <ele>79.5</ele>
    <time>2024-07-27T11:19:16Z</time>
   </trkpt>
   <trkpt lat="43.6337040" lon="-79.4090630">
    <ele>79.4</ele>
    <time>2024-07-27T11:19:17Z</time>
   </trkpt>
   <trkpt lat="43.6336700" lon="-79.4090770">
    <ele>79.4</ele>
    <time>2024-07-27T11:19:18Z</time>
   </trkpt>
   <trkpt lat="43.6336580" lon="-79.4090820">
    <ele>79.3</ele>
    <time>2024-07-27T11:19:19Z</time>
   </trkpt>
   <trkpt lat="43.6336370" lon="-79.4091290">
    <ele>79.3</ele>
    <time>2024-07-27T11:19:20Z</time>
   </trkpt>
   <trkpt lat="43.6336020" lon="-79.4091310">
    <ele>79.2</ele>
    <time>2024-07-27T11:19:21Z</time>
   </trkpt>
   <trkpt lat="43.6335910" lon="-79.4091280">
    <ele>79.2</ele>
    <time>2024-07-27T11:19:22Z</time>
   </trkpt>
   <trkpt lat="43.6335710" lon="-79.4091550">
    <ele>79.1</ele>
    <time>2024-07-27T11:19:23Z</time>
   </trkpt>
   <trkpt lat="43.6335410" lon="-79.4091760">
    <ele>79.1</ele>
    <time>2024-07-27T11:19:24Z</time>
   </trkpt>
   <trkpt lat="43.6335300" lon="-79.4091910">
    <ele>79.1</ele>
    <time>2024-07-27T11:19:25Z</time>
   </trkpt>
   <trkpt lat="43.6335090" lon="-79.4092230">
    <ele>79.0</ele>
    <time>2024-07-27T11:19:26Z</time>
   </trkpt>
   <trkpt lat="43.6334750" lon="-79.4092070">
    <ele>79.0</ele>
    <time>2024-07-27T11:19:27Z</time>
   </trkpt>
   <trkpt lat="43.6334480" lon="-79.4092150">
    <ele>78.9</ele>
    <time>2024-07-27T11:19:28Z</time>
   </trkpt>
   <trkpt lat="43.6334180" lon="-79.4092270">
    <ele>78.9</ele>
    <time>2024-07-27T11:19:29Z</time>
   </trkpt>
   <trkpt lat="43.6334070" lon="-79.4092300">
    <ele>78.9</ele>
    <time>2024-07-27T11:19:30Z</time>
   </trkpt>
   <trkpt lat="43.6333810" lon="-79.4092550">
    <ele>78.9</ele>
    <time>2024-07-27T11:19:31Z</time>
   </trkpt>
   <trkpt lat="43.6333750" lon="-79.4092740">
    <ele>78.9</ele>
    <time>2024-07-27T11:19:32Z</time>
   </trkpt>
   <trkpt lat="43.6333530" lon="-79.4093030">
    <ele>78.8</ele>
    <time>2024-07-27T11:19:33Z</time>
   </trkpt>
   <trkpt lat="43.6333180" lon="-79.4093140">
    <ele>78.8</ele>
    <time>2024-07-27T11:19:34Z</time>
   </trkpt>
   <trkpt lat="43.6333040" lon="-79.4093110">
    <ele>78.8</ele>
    <time>2024-07-27T11:19:35Z</time>
   </trkpt>
   <trkpt lat="43.6332730" lon="-79.4093220">
    <ele>78.8</ele>
    <time>2024-07-27T11:19:36Z</time>
   </trkpt>
   <trkpt lat="43.6332630" lon="-79.4093220">
    <ele>78.8</ele>
    <time>2024-07-27T11:19:37Z</time>
   </trkpt>
   <trkpt lat="43.6332410" lon="-79.4093440">
    <ele>78.7</ele>
    <time>2024-07-27T11:19:38Z</time>
   </trkpt>
   <trkpt lat="43.6332340" lon="-79.4093570">
    <ele>78.7</ele>
    <time>2024-07-27T11:19:39Z</time>
   </trkpt>
   <trkpt lat="43.6332010" lon="-79.4093680">
    <ele>78.7</ele>
    <time>2024-07-27T11:19:40Z</time>
   </trkpt>
   <trkpt lat="43.6331920" lon="-79.4093740">
    <ele>78.7</ele>
    <time>2024-07-27T11:19:41Z</time>
   </trkpt>
   <trkpt lat="43.6331630" lon="-79.4093720">
    <ele>78.7</ele>
    <time>2024-07-27T11:19:42Z</time>
   </trkpt>
   <trkpt lat="43.6331370" lon="-79.4093980">
    <ele>78.6</ele>
    <time>2024-07-27T11:19:43Z</time>
   </trkpt>
   <trkpt lat="43.6331270" lon="-79.4094070">
    <ele>78.6</ele>
    <time>2024-07-27T11:19:44Z</time>
   </trkpt>
   <trkpt lat="43.6330930" lon="-79.4094250">
    <ele>78.6</ele>
    <time>2024-07-27T11:19:45Z</time>
   </trkpt>
   <trkpt lat="43.6330820" lon="-79.4094390">
    <ele>78.6</ele>
    <time>2024-07-27T11:19:46Z</time>
   </trkpt>
   <trkpt lat="43.6330480" lon="-79.4094590">
    <ele>78.6</ele>
    <time>2024-07-27T11:19:47Z</time>
   </trkpt>
   <trkpt lat="43.6330360" lon="-79.4094630">
    <ele>78.6</ele>
    <time>2024-07-27T11:19:48Z</time>
   </trkpt>
   <trkpt lat="43.6330060" lon="-79.4094880">
    <ele>78.5</ele>
    <time>2024-07-27T11:19:49Z</time>
   </trkpt>
   <trkpt lat="43.6330020" lon="-79.4095020">
    <ele>78.5</ele>
    <time>2024-07-27T11:19:50Z</time>
   </trkpt>
   <trkpt lat="43.6329710" lon="-79.4095320">
    <ele>78.5</ele>
    <time>2024-07-27T11:19:51Z</time>
   </trkpt>
   <trkpt lat="43.6329580" lon="-79.4095410">
    <ele>78.5</ele>
    <time>2024-07-27T11:19:52Z</time>
   </trkpt>
   <trkpt lat="43.6329360" lon="-79.4095540">
    <ele>78.5</ele>
    <time>2024-07-27T11:19:53Z</time>
   </trkpt>
   <trkpt lat="43.6329320" lon="-79.4095630">
    <ele>78.5</ele>
    <time>2024-07-27T11:19:54Z</time>
   </trkpt>
   <trkpt lat="43.6329000" lon="-79.4095780">
    <ele>78.5</ele>
    <time>2024-07-27T11:19:55Z</time>
   </trkpt>
   <trkpt lat="43.6328890" lon="-79.4095840">
    <ele>78.5</ele>
    <time>2024-07-27T11:19:56Z</time>
   </trkpt>
   <trkpt lat="43.6328570" lon="-79.4095990">
    <ele>78.4</ele>
    <time>2024-07-27T11:19:57Z</time>
   </trkpt>
   <trkpt lat="43.6328470" lon="-79.4096040">
    <ele>78.4</ele>
    <time>2024-07-27T11:19:58Z</time>
   </trkpt>
   <trkpt lat="43.6328150" lon="-79.4096320">
    <ele>78.4</ele>
    <time>2024-07-27T11:19:59Z</time>
   </trkpt>
   <trkpt lat="43.6328030" lon="-79.4096410">
    <ele>78.4</ele>
    <time>2024-07-27T11:20:00Z</time>
   </trkpt>
   <trkpt lat="43.6327730" lon="-79.4096590">
    <ele>78.4</ele>
    <time>2024-07-27T11:20:01Z</time>
   </trkpt>
   <trkpt lat="43.6327600" lon="-79.4096650">
    <ele>78.4</ele>
    <time>2024-07-27T11:20:02Z</time>
   </trkpt>
   <trkpt lat="43.6327340" lon="-79.4096770">
    <ele>78.4</ele>
    <time>2024-07-27T11:20:03Z</time>
   </trkpt>
   <trkpt lat="43.6327000" lon="-79.4096970">
    <ele>78.4</ele>
    <time>2024-07-27T11:20:04Z</time>
   </trkpt>
   <trkpt lat="43.6326880" lon="-79.4097060">
    <ele>78.4</ele>
    <time>2024-07-27T11:20:05Z</time>
   </trkpt>
   <trkpt lat="43.6326570" lon="-79.4097210">
    <ele>78.4</ele>
    <time>2024-07-27T11:20:06Z</time>
   </trkpt>
   <trkpt lat="43.6326470" lon="-79.4097300">
    <ele>78.4</ele>
    <time>2024-07-27T11:20:07Z</time>
   </trkpt>
   <trkpt lat="43.6326140" lon="-79.4097540">
    <ele>78.4</ele>
    <time>2024-07-27T11:20:08Z</time>
   </trkpt>
   <trkpt lat="43.6326050" lon="-79.4097650">
    <ele>78.4</ele>
    <time>2024-07-27T11:20:09Z</time>
   </trkpt>
   <trkpt lat="43.6325760" lon="-79.4097900">
    <ele>78.4</ele>
    <time>2024-07-27T11:20:10Z</time>
   </trkpt>
   <trkpt lat="43.6325640" lon="-79.4097910">
    <ele>78.4</ele>
    <time>2024-07-27T11:20:11Z</time>
   </trkpt>
   <trkpt lat="43.6325350" lon="-79.4098190">
    <ele>78.4</ele>
    <time>2024-07-27T11:20:12Z</time>
   </trkpt>
   <trkpt lat="43.6325260" lon="-79.4098250">
    <ele>78.4</ele>
    <time>2024-07-27T11:20:13Z</time>
   </trkpt>
   <trkpt lat="43.6324940" lon="-79.4098430">
    <ele>78.4</ele>
    <time>2024-07-27T11:20:14Z</time>
   </trkpt>
   <trkpt lat="43.6324830" lon="-79.4098520">
    <ele>78.4</ele>
    <time>2024-07-27T11:20:15Z</time>
   </trkpt>
   <trkpt lat="43.6324560" lon="-79.4098700">
    <ele>78.4</ele>
    <time>2024-07-27T11:20:16Z</time>
   </trkpt>
   <trkpt lat="43.6324190" lon="-79.4098680">
    <ele>78.4</ele>
    <time>2024-07-27T11:20:17Z</time>
   </trkpt>
   <trkpt lat="43.6324080" lon="-79.4098660">
    <ele>78.4</ele>
    <time>2024-07-27T11:20:18Z</time>
   </trkpt>
   <trkpt lat="43.6323780" lon="-79.4098650">
    <ele>78.3</ele>
    <time>2024-07-27T11:20:19Z</time>
   </trkpt>
   <trkpt lat="43.6323690" lon="-79.4098600">
    <ele>78.3</ele>
    <time>2024-07-27T11:20:20Z</time>
   </trkpt>
   <trkpt lat="43.6323420" lon="-79.4098260">
    <ele>78.3</ele>
    <time>2024-07-27T11:20:21Z</time>
   </trkpt>
   <trkpt lat="43.6323340" lon="-79.4098140">
    <ele>78.3</ele>
    <time>2024-07-27T11:20:22Z</time>
   </trkpt>
   <trkpt lat="43.6323110" lon="-79.4097670">
    <ele>78.3</ele>
    <time>2024-07-27T11:20:23Z</time>
   </trkpt>
   <trkpt lat="43.6323020" lon="-79.4097500">
    <ele>78.3</ele>
    <time>2024-07-27T11:20:24Z</time>
   </trkpt>
   <trkpt lat="43.6322850" lon="-79.4097120">
    <ele>78.3</ele>
    <time>2024-07-27T11:20:25Z</time>
   </trkpt>
   <trkpt lat="43.6322790" lon="-79.4096960">
    <ele>78.3</ele>
    <time>2024-07-27T11:20:26Z</time>
   </trkpt>
   <trkpt lat="43.6322550" lon="-79.4096600">
    <ele>78.3</ele>
    <time>2024-07-27T11:20:27Z</time>
   </trkpt>
   <trkpt lat="43.6322480" lon="-79.4096480">
    <ele>78.3</ele>
    <time>2024-07-27T11:20:28Z</time>
   </trkpt>
   <trkpt lat="43.6322210" lon="-79.4096170">
    <ele>78.3</ele>
    <time>2024-07-27T11:20:29Z</time>
   </trkpt>
   <trkpt lat="43.6322110" lon="-79.4096120">
    <ele>78.3</ele>
    <time>2024-07-27T11:20:30Z</time>
   </trkpt>
   <trkpt lat="43.6321850" lon="-79.4095820">
    <ele>78.3</ele>
    <time>2024-07-27T11:20:31Z</time>
   </trkpt>
   <trkpt lat="43.6321770" lon="-79.4095720">
    <ele>78.3</ele>
    <time>2024-07-27T11:20:32Z</time>
   </trkpt>
   <trkpt lat="43.6321520" lon="-79.4095360">
    <ele>78.4</ele>
    <time>2024-07-27T11:20:33Z</time>
   </trkpt>
   <trkpt lat="43.6321450" lon="-79.4095260">
    <ele>78.4</ele>
    <time>2024-07-27T11:20:34Z</time>
   </trkpt>
   <trkpt lat="43.6321250" lon="-79.4094920">
    <ele>78.4</ele>
    <time>2024-07-27T11:20:35Z</time>
   </trkpt>
   <trkpt lat="43.6321190" lon="-79.4094770">
    <ele>78.4</ele>
    <time>2024-07-27T11:20:36Z</time>
   </trkpt>
   <trkpt lat="43.6320960" lon="-79.4094410">
    <ele>78.4</ele>
    <time>2024-07-27T11:20:37Z</time>
   </trkpt>
   <trkpt lat="43.6320890" lon="-79.4094300">
    <ele>78.4</ele>
    <time>2024-07-27T11:20:38Z</time>
   </trkpt>
   <trkpt lat="43.6320680" lon="-79.4093970">
    <ele>78.4</ele>
    <time>2024-07-27T11:20:39Z</time>
   </trkpt>
   <trkpt lat="43.6320630" lon="-79.4093860">
    <ele>78.4</ele>
    <time>2024-07-27T11:20:40Z</time>
   </trkpt>
   <trkpt lat="43.6320560" lon="-79.4093450">
    <ele>78.4</ele>
    <time>2024-07-27T11:20:41Z</time>
   </trkpt>
   <trkpt lat="43.6320540" lon="-79.4093280">
    <ele>78.4</ele>
    <time>2024-07-27T11:20:42Z</time>
   </trkpt>
   <trkpt lat="43.6320500" lon="-79.4092830">
    <ele>78.3</ele>
    <time>2024-07-27T11:20:43Z</time>
   </trkpt>
   <trkpt lat="43.6320500" lon="-79.4092660">
    <ele>78.3</ele>
    <time>2024-07-27T11:20:44Z</time>
   </trkpt>
   <trkpt lat="43.6320490" lon="-79.4092210">
    <ele>78.3</ele>
    <time>2024-07-27T11:20:45Z</time>
   </trkpt>
   <trkpt lat="43.6320500" lon="-79.4092080">
    <ele>78.3</ele>
    <time>2024-07-27T11:20:46Z</time>
   </trkpt>
   <trkpt lat="43.6320590" lon="-79.4091570">
    <ele>78.2</ele>
    <time>2024-07-27T11:20:47Z</time>
   </trkpt>
   <trkpt lat="43.6320610" lon="-79.4091400">
    <ele>78.2</ele>
    <time>2024-07-27T11:20:48Z</time>
   </trkpt>
   <trkpt lat="43.6320710" lon="-79.4090900">
    <ele>78.2</ele>
    <time>2024-07-27T11:20:49Z</time>
   </trkpt>
   <trkpt lat="43.6320730" lon="-79.4090740">
    <ele>78.1</ele>
    <time>2024-07-27T11:20:50Z</time>
   </trkpt>
   <trkpt lat="43.6320850" lon="-79.4090340">
    <ele>78.1</ele>
    <time>2024-07-27T11:20:51Z</time>
   </trkpt>
   <trkpt lat="43.6320930" lon="-79.4090220">
    <ele>78.1</ele>
    <time>2024-07-27T11:20:52Z</time>
   </trkpt>
   <trkpt lat="43.6321080" lon="-79.4089790">
    <ele>78.0</ele>
    <time>2024-07-27T11:20:53Z</time>
   </trkpt>
   <trkpt lat="43.6321120" lon="-79.4089620">
    <ele>78.0</ele>
    <time>2024-07-27T11:20:54Z</time>
   </trkpt>
   <trkpt lat="43.6321350" lon="-79.4089380">
    <ele>77.9</ele>
    <time>2024-07-27T11:20:55Z</time>
   </trkpt>
   <trkpt lat="43.6321400" lon="-79.4089260">
    <ele>77.9</ele>
    <time>2024-07-27T11:20:56Z</time>
   </trkpt>
   <trkpt lat="43.6321490" lon="-79.4088800">
    <ele>77.8</ele>
    <time>2024-07-27T11:20:57Z</time>
   </trkpt>
   <trkpt lat="43.6321560" lon="-79.4088630">
    <ele>77.8</ele>
    <time>2024-07-27T11:20:58Z</time>
   </trkpt>
   <trkpt lat="43.6321940" lon="-79.4088500">
    <ele>77.7</ele>
    <time>2024-07-27T11:20:59Z</time>
   </trkpt>
   <trkpt lat="43.6322080" lon="-79.4088440">
    <ele>77.7</ele>
    <time>2024-07-27T11:21:00Z</time>
   </trkpt>
   <trkpt lat="43.6322360" lon="-79.4088360">
    <ele>77.7</ele>
    <time>2024-07-27T11:21:01Z</time>
   </trkpt>
   <trkpt lat="43.6322720" lon="-79.4088280">
    <ele>77.7</ele>
    <time>2024-07-27T11:21:02Z</time>
   </trkpt>
   <trkpt lat="43.6322840" lon="-79.4088240">
    <ele>77.7</ele>
    <time>2024-07-27T11:21:03Z</time>
   </trkpt>
   <trkpt lat="43.6323060" lon="-79.4088170">
    <ele>77.7</ele>
    <time>2024-07-27T11:21:04Z</time>
   </trkpt>
   <trkpt lat="43.6323150" lon="-79.4088070">
    <ele>77.7</ele>
    <time>2024-07-27T11:21:05Z</time>
   </trkpt>
   <trkpt lat="43.6323460" lon="-79.4088020">
    <ele>77.7</ele>
    <time>2024-07-27T11:21:06Z</time>
   </trkpt>
   <trkpt lat="43.6323570" lon="-79.4088010">
    <ele>77.7</ele>
    <time>2024-07-27T11:21:07Z</time>
   </trkpt>
   <trkpt lat="43.6323890" lon="-79.4087950">
    <ele>77.7</ele>
    <time>2024-07-27T11:21:08Z</time>
   </trkpt>
   <trkpt lat="43.6324010" lon="-79.4087930">
    <ele>77.7</ele>
    <time>2024-07-27T11:21:09Z</time>
   </trkpt>
   <trkpt lat="43.6324300" lon="-79.4088060">
    <ele>77.7</ele>
    <time>2024-07-27T11:21:10Z</time>
   </trkpt>
   <trkpt lat="43.6324610" lon="-79.4088020">
    <ele>77.7</ele>
    <time>2024-07-27T11:21:11Z</time>
   </trkpt>
   <trkpt lat="43.6324730" lon="-79.4088020">
    <ele>77.7</ele>
    <time>2024-07-27T11:21:12Z</time>
   </trkpt>
   <trkpt lat="43.6325060" lon="-79.4087990">
    <ele>77.7</ele>
    <time>2024-07-27T11:21:13Z</time>
   </trkpt>
   <trkpt lat="43.6325160" lon="-79.4087960">
    <ele>77.7</ele>
    <time>2024-07-27T11:21:14Z</time>
   </trkpt>
   <trkpt lat="43.6325420" lon="-79.4087860">
    <ele>77.7</ele>
    <time>2024-07-27T11:21:15Z</time>
   </trkpt>
   <trkpt lat="43.6325530" lon="-79.4087830">
    <ele>77.7</ele>
    <time>2024-07-27T11:21:16Z</time>
   </trkpt>
   <trkpt lat="43.6325830" lon="-79.4087800">
    <ele>77.7</ele>
    <time>2024-07-27T11:21:17Z</time>
   </trkpt>
   <trkpt lat="43.6325930" lon="-79.4087820">
    <ele>77.7</ele>
    <time>2024-07-27T11:21:18Z</time>
   </trkpt>
   <trkpt lat="43.6326280" lon="-79.4087780">
    <ele>77.7</ele>
    <time>2024-07-27T11:21:19Z</time>
   </trkpt>
   <trkpt lat="43.6326390" lon="-79.4087740">
    <ele>77.7</ele>
    <time>2024-07-27T11:21:20Z</time>
   </trkpt>
   <trkpt lat="43.6326710" lon="-79.4087630">
    <ele>77.7</ele>
    <time>2024-07-27T11:21:21Z</time>
   </trkpt>
   <trkpt lat="43.6326810" lon="-79.4087610">
    <ele>77.6</ele>
    <time>2024-07-27T11:21:22Z</time>
   </trkpt>
   <trkpt lat="43.6327140" lon="-79.4087560">
    <ele>77.6</ele>
    <time>2024-07-27T11:21:23Z</time>
   </trkpt>
   <trkpt lat="43.6327250" lon="-79.4087550">
    <ele>77.6</ele>
    <time>2024-07-27T11:21:24Z</time>
   </trkpt>
   <trkpt lat="43.6327510" lon="-79.4087440">
    <ele>77.6</ele>
    <time>2024-07-27T11:21:25Z</time>
   </trkpt>
   <trkpt lat="43.6327610" lon="-79.4087420">
    <ele>77.6</ele>
    <time>2024-07-27T11:21:26Z</time>
   </trkpt>
   <trkpt lat="43.6327940" lon="-79.4087330">
    <ele>77.6</ele>
    <time>2024-07-27T11:21:27Z</time>
   </trkpt>
   <trkpt lat="43.6328040" lon="-79.4087310">
    <ele>77.6</ele>
    <time>2024-07-27T11:21:28Z</time>
   </trkpt>
   <trkpt lat="43.6328390" lon="-79.4087300">
    <ele>77.6</ele>
    <time>2024-07-27T11:21:29Z</time>
   </trkpt>
   <trkpt lat="43.6328530" lon="-79.4087280">
    <ele>77.6</ele>
    <time>2024-07-27T11:21:30Z</time>
   </trkpt>
   <trkpt lat="43.6328860" lon="-79.4087170">
    <ele>77.6</ele>
    <time>2024-07-27T11:21:31Z</time>
   </trkpt>
   <trkpt lat="43.6328970" lon="-79.4087110">
    <ele>77.6</ele>
    <time>2024-07-27T11:21:32Z</time>
   </trkpt>
   <trkpt lat="43.6329290" lon="-79.4087100">
    <ele>77.6</ele>
    <time>2024-07-27T11:21:33Z</time>
   </trkpt>
   <trkpt lat="43.6329410" lon="-79.4087080">
    <ele>77.6</ele>
    <time>2024-07-27T11:21:34Z</time>
   </trkpt>
   <trkpt lat="43.6329810" lon="-79.4087080">
    <ele>77.6</ele>
    <time>2024-07-27T11:21:35Z</time>
   </trkpt>
   <trkpt lat="43.6329930" lon="-79.4087070">
    <ele>77.6</ele>
    <time>2024-07-27T11:21:36Z</time>
   </trkpt>
   <trkpt lat="43.6330290" lon="-79.4086960">
    <ele>77.6</ele>
    <time>2024-07-27T11:21:37Z</time>
   </trkpt>
   <trkpt lat="43.6330400" lon="-79.4086920">
    <ele>77.5</ele>
    <time>2024-07-27T11:21:38Z</time>
   </trkpt>
   <trkpt lat="43.6330730" lon="-79.4086840">
    <ele>77.5</ele>
    <time>2024-07-27T11:21:39Z</time>
   </trkpt>
   <trkpt lat="43.6330830" lon="-79.4086790">
    <ele>77.5</ele>
    <time>2024-07-27T11:21:40Z</time>
   </trkpt>
   <trkpt lat="43.6331060" lon="-79.4086410">
    <ele>77.5</ele>
    <time>2024-07-27T11:21:41Z</time>
   </trkpt>
   <trkpt lat="43.6331030" lon="-79.4086180">
    <ele>77.5</ele>
    <time>2024-07-27T11:21:42Z</time>
   </trkpt>
   <trkpt lat="43.6330930" lon="-79.4085810">
    <ele>77.5</ele>
    <time>2024-07-27T11:21:43Z</time>
   </trkpt>
   <trkpt lat="43.6330940" lon="-79.4085360">
    <ele>77.5</ele>
    <time>2024-07-27T11:21:44Z</time>
   </trkpt>
   <trkpt lat="43.6330920" lon="-79.4085210">
    <ele>77.4</ele>
    <time>2024-07-27T11:21:45Z</time>
   </trkpt>
   <trkpt lat="43.6330810" lon="-79.4084730">
    <ele>77.4</ele>
    <time>2024-07-27T11:21:46Z</time>
   </trkpt>
   <trkpt lat="43.6330800" lon="-79.4084580">
    <ele>77.4</ele>
    <time>2024-07-27T11:21:47Z</time>
   </trkpt>
   <trkpt lat="43.6330720" lon="-79.4084090">
    <ele>77.4</ele>
    <time>2024-07-27T11:21:48Z</time>
   </trkpt>
   <trkpt lat="43.6330730" lon="-79.4083920">
    <ele>77.4</ele>
    <time>2024-07-27T11:21:49Z</time>
   </trkpt>
   <trkpt lat="43.6330690" lon="-79.4083560">
    <ele>77.4</ele>
    <time>2024-07-27T11:21:50Z</time>
   </trkpt>
   <trkpt lat="43.6330640" lon="-79.4083420">
    <ele>77.4</ele>
    <time>2024-07-27T11:21:51Z</time>
   </trkpt>
   <trkpt lat="43.6330620" lon="-79.4083000">
    <ele>77.3</ele>
    <time>2024-07-27T11:21:52Z</time>
   </trkpt>
   <trkpt lat="43.6330600" lon="-79.4082890">
    <ele>77.3</ele>
    <time>2024-07-27T11:21:53Z</time>
   </trkpt>
   <trkpt lat="43.6330600" lon="-79.4082510">
    <ele>77.3</ele>
    <time>2024-07-27T11:21:54Z</time>
   </trkpt>
   <trkpt lat="43.6330570" lon="-79.4082000">
    <ele>77.3</ele>
    <time>2024-07-27T11:21:55Z</time>
   </trkpt>
   <trkpt lat="43.6330570" lon="-79.4081830">
    <ele>77.3</ele>
    <time>2024-07-27T11:21:56Z</time>
   </trkpt>
   <trkpt lat="43.6330550" lon="-79.4081360">
    <ele>77.3</ele>
    <time>2024-07-27T11:21:57Z</time>
   </trkpt>
   <trkpt lat="43.6330510" lon="-79.4081230">
    <ele>77.3</ele>
    <time>2024-07-27T11:21:58Z</time>
   </trkpt>
   <trkpt lat="43.6330410" lon="-79.4080750">
    <ele>77.3</ele>
    <time>2024-07-27T11:21:59Z</time>
   </trkpt>
   <trkpt lat="43.6330360" lon="-79.4080580">
    <ele>77.3</ele>
    <time>2024-07-27T11:22:00Z</time>
   </trkpt>
   <trkpt lat="43.6330290" lon="-79.4080110">
    <ele>77.3</ele>
    <time>2024-07-27T11:22:01Z</time>
   </trkpt>
   <trkpt lat="43.6330240" lon="-79.4079940">
    <ele>77.3</ele>
    <time>2024-07-27T11:22:02Z</time>
   </trkpt>
   <trkpt lat="43.6330180" lon="-79.4079490">
    <ele>77.3</ele>
    <time>2024-07-27T11:22:03Z</time>
   </trkpt>
   <trkpt lat="43.6330170" lon="-79.4079340">
    <ele>77.3</ele>
    <time>2024-07-27T11:22:04Z</time>
   </trkpt>
   <trkpt lat="43.6330320" lon="-79.4078890">
    <ele>77.3</ele>
    <time>2024-07-27T11:22:05Z</time>
   </trkpt>
   <trkpt lat="43.6330350" lon="-79.4078770">
    <ele>77.3</ele>
    <time>2024-07-27T11:22:06Z</time>
   </trkpt>
   <trkpt lat="43.6330330" lon="-79.4078260">
    <ele>77.3</ele>
    <time>2024-07-27T11:22:07Z</time>
   </trkpt>
   <trkpt lat="43.6330300" lon="-79.4078070">
    <ele>77.3</ele>
    <time>2024-07-27T11:22:08Z</time>
   </trkpt>
   <trkpt lat="43.6330170" lon="-79.4077580">
    <ele>77.3</ele>
    <time>2024-07-27T11:22:09Z</time>
   </trkpt>
   <trkpt lat="43.6330120" lon="-79.4077420">
    <ele>77.3</ele>
    <time>2024-07-27T11:22:10Z</time>
   </trkpt>
   <trkpt lat="43.6330050" lon="-79.4076980">
    <ele>77.3</ele>
    <time>2024-07-27T11:22:11Z</time>
   </trkpt>
   <trkpt lat="43.6330010" lon="-79.4076840">
    <ele>77.3</ele>
    <time>2024-07-27T11:22:12Z</time>
   </trkpt>
   <trkpt lat="43.6329860" lon="-79.4076500">
    <ele>77.3</ele>
    <time>2024-07-27T11:22:13Z</time>
   </trkpt>
   <trkpt lat="43.6329800" lon="-79.4076000">
    <ele>77.3</ele>
    <time>2024-07-27T11:22:14Z</time>
   </trkpt>
   <trkpt lat="43.6329780" lon="-79.4075870">
    <ele>77.3</ele>
    <time>2024-07-27T11:22:15Z</time>
   </trkpt>
   <trkpt lat="43.6329720" lon="-79.4075430">
    <ele>77.3</ele>
    <time>2024-07-27T11:22:16Z</time>
   </trkpt>
   <trkpt lat="43.6329710" lon="-79.4075280">
    <ele>77.3</ele>
    <time>2024-07-27T11:22:17Z</time>
   </trkpt>
   <trkpt lat="43.6329630" lon="-79.4074870">
    <ele>77.3</ele>
    <time>2024-07-27T11:22:18Z</time>
   </trkpt>
   <trkpt lat="43.6329580" lon="-79.4074770">
    <ele>77.3</ele>
    <time>2024-07-27T11:22:19Z</time>
   </trkpt>
   <trkpt lat="43.6329570" lon="-79.4074290">
    <ele>77.3</ele>
    <time>2024-07-27T11:22:20Z</time>
   </trkpt>
   <trkpt lat="43.6329520" lon="-79.4074130">
    <ele>77.3</ele>
    <time>2024-07-27T11:22:21Z</time>
   </trkpt>
   <trkpt lat="43.6329640" lon="-79.4073760">
    <ele>77.3</ele>
    <time>2024-07-27T11:22:22Z</time>
   </trkpt>
   <trkpt lat="43.6329480" lon="-79.4073430">
    <ele>77.3</ele>
    <time>2024-07-27T11:22:23Z</time>
   </trkpt>
   <trkpt lat="43.6329360" lon="-79.4072970">
    <ele>77.3</ele>
    <time>2024-07-27T11:22:24Z</time>
   </trkpt>
   <trkpt lat="43.6329350" lon="-79.4072790">
    <ele>77.3</ele>
    <time>2024-07-27T11:22:25Z</time>
   </trkpt>
   <trkpt lat="43.6329290" lon="-79.4072410">
    <ele>77.3</ele>
    <time>2024-07-27T11:22:26Z</time>
   </trkpt>
   <trkpt lat="43.6329360" lon="-79.4071970">
    <ele>77.3</ele>
    <time>2024-07-27T11:22:27Z</time>
   </trkpt>
   <trkpt lat="43.6329380" lon="-79.4071780">
    <ele>77.3</ele>
    <time>2024-07-27T11:22:28Z</time>
   </trkpt>
   <trkpt lat="43.6329350" lon="-79.4071390">
    <ele>77.3</ele>
    <time>2024-07-27T11:22:29Z</time>
   </trkpt>
   <trkpt lat="43.6329190" lon="-79.4070880">
    <ele>77.3</ele>
    <time>2024-07-27T11:22:30Z</time>
   </trkpt>
   <trkpt lat="43.6329140" lon="-79.4070710">
    <ele>77.3</ele>
    <time>2024-07-27T11:22:31Z</time>
   </trkpt>
   <trkpt lat="43.6329090" lon="-79.4070210">
    <ele>77.3</ele>
    <time>2024-07-27T11:22:32Z</time>
   </trkpt>
   <trkpt lat="43.6329070" lon="-79.4070010">
    <ele>77.3</ele>
    <time>2024-07-27T11:22:33Z</time>
   </trkpt>
   <trkpt lat="43.6329030" lon="-79.4069570">
    <ele>77.3</ele>
    <time>2024-07-27T11:22:34Z</time>
   </trkpt>
   <trkpt lat="43.6329040" lon="-79.4069450">
    <ele>77.3</ele>
    <time>2024-07-27T11:22:35Z</time>
   </trkpt>
   <trkpt lat="43.6328960" lon="-79.4069000">
    <ele>77.3</ele>
    <time>2024-07-27T11:22:36Z</time>
   </trkpt>
   <trkpt lat="43.6328960" lon="-79.4068840">
    <ele>77.3</ele>
    <time>2024-07-27T11:22:37Z</time>
   </trkpt>
   <trkpt lat="43.6328890" lon="-79.4068390">
    <ele>77.3</ele>
    <time>2024-07-27T11:22:38Z</time>
   </trkpt>
   <trkpt lat="43.6328850" lon="-79.4068220">
    <ele>77.3</ele>
    <time>2024-07-27T11:22:39Z</time>
   </trkpt>
   <trkpt lat="43.6328820" lon="-79.4067710">
    <ele>77.3</ele>
    <time>2024-07-27T11:22:40Z</time>
   </trkpt>
   <trkpt lat="43.6328830" lon="-79.4067560">
    <ele>77.3</ele>
    <time>2024-07-27T11:22:41Z</time>
   </trkpt>
   <trkpt lat="43.6328830" lon="-79.4067080">
    <ele>77.3</ele>
    <time>2024-07-27T11:22:42Z</time>
   </trkpt>
   <trkpt lat="43.6328870" lon="-79.4066920">
    <ele>77.3</ele>
    <time>2024-07-27T11:22:43Z</time>
   </trkpt>
   <trkpt lat="43.6328820" lon="-79.4066540">
    <ele>77.3</ele>
    <time>2024-07-27T11:22:44Z</time>
   </trkpt>
   <trkpt lat="43.6328710" lon="-79.4066030">
    <ele>77.3</ele>
    <time>2024-07-27T11:22:45Z</time>
   </trkpt>
   <trkpt lat="43.6328660" lon="-79.4065880">
    <ele>77.3</ele>
    <time>2024-07-27T11:22:46Z</time>
   </trkpt>
   <trkpt lat="43.6328740" lon="-79.4065510">
    <ele>77.3</ele>
    <time>2024-07-27T11:22:47Z</time>
   </trkpt>
   <trkpt lat="43.6328890" lon="-79.4065080">
    <ele>77.3</ele>
    <time>2024-07-27T11:22:48Z</time>
   </trkpt>
   <trkpt lat="43.6328930" lon="-79.4064920">
    <ele>77.3</ele>
    <time>2024-07-27T11:22:49Z</time>
   </trkpt>
   <trkpt lat="43.6329050" lon="-79.4064490">
    <ele>77.3</ele>
    <time>2024-07-27T11:22:50Z</time>
   </trkpt>
   <trkpt lat="43.6329060" lon="-79.4064340">
    <ele>77.3</ele>
    <time>2024-07-27T11:22:51Z</time>
   </trkpt>
   <trkpt lat="43.6329190" lon="-79.4063860">
    <ele>77.3</ele>
    <time>2024-07-27T11:22:52Z</time>
   </trkpt>
   <trkpt lat="43.6329200" lon="-79.4063670">
    <ele>77.3</ele>
    <time>2024-07-27T11:22:53Z</time>
   </trkpt>
   <trkpt lat="43.6329420" lon="-79.4063360">
    <ele>77.3</ele>
    <time>2024-07-27T11:22:54Z</time>
   </trkpt>
   <trkpt lat="43.6329410" lon="-79.4062820">
    <ele>77.3</ele>
    <time>2024-07-27T11:22:55Z</time>
   </trkpt>
   <trkpt lat="43.6329370" lon="-79.4062640">
    <ele>77.3</ele>
    <time>2024-07-27T11:22:56Z</time>
   </trkpt>
   <trkpt lat="43.6329470" lon="-79.4062250">
    <ele>77.3</ele>
    <time>2024-07-27T11:22:57Z</time>
   </trkpt>
   <trkpt lat="43.6329480" lon="-79.4062120">
    <ele>77.3</ele>
    <time>2024-07-27T11:22:58Z</time>
   </trkpt>
   <trkpt lat="43.6329570" lon="-79.4061600">
    <ele>77.3</ele>
    <time>2024-07-27T11:22:59Z</time>
   </trkpt>
   <trkpt lat="43.6329590" lon="-79.4061380">
    <ele>77.3</ele>
    <time>2024-07-27T11:23:00Z</time>
   </trkpt>
   <trkpt lat="43.6329750" lon="-79.4061030">
    <ele>77.3</ele>
    <time>2024-07-27T11:23:01Z</time>
   </trkpt>
   <trkpt lat="43.6329870" lon="-79.4060620">
    <ele>77.3</ele>
    <time>2024-07-27T11:23:02Z</time>
   </trkpt>
   <trkpt lat="43.6329920" lon="-79.4060520">
    <ele>77.3</ele>
    <time>2024-07-27T11:23:03Z</time>
   </trkpt>
   <trkpt lat="43.6329980" lon="-79.4060070">
    <ele>77.3</ele>
    <time>2024-07-27T11:23:04Z</time>
   </trkpt>
   <trkpt lat="43.6329960" lon="-79.4059900">
    <ele>77.3</ele>
    <time>2024-07-27T11:23:05Z</time>
   </trkpt>
   <trkpt lat="43.6330010" lon="-79.4059390">
    <ele>77.3</ele>
    <time>2024-07-27T11:23:06Z</time>
   </trkpt>
   <trkpt lat="43.6330080" lon="-79.4059230">
    <ele>77.3</ele>
    <time>2024-07-27T11:23:07Z</time>
   </trkpt>
   <trkpt lat="43.6330150" lon="-79.4058840">
    <ele>77.3</ele>
    <time>2024-07-27T11:23:08Z</time>
   </trkpt>
   <trkpt lat="43.6330150" lon="-79.4058700">
    <ele>77.3</ele>
    <time>2024-07-27T11:23:09Z</time>
   </trkpt>
   <trkpt lat="43.6330180" lon="-79.4058170">
    <ele>77.3</ele>
    <time>2024-07-27T11:23:10Z</time>
   </trkpt>
   <trkpt lat="43.6330180" lon="-79.4058000">
    <ele>77.3</ele>
    <time>2024-07-27T11:23:11Z</time>
   </trkpt>
   <trkpt lat="43.6330250" lon="-79.4057620">
    <ele>77.4</ele>
    <time>2024-07-27T11:23:12Z</time>
   </trkpt>
   <trkpt lat="43.6330290" lon="-79.4057210">
    <ele>77.4</ele>
    <time>2024-07-27T11:23:13Z</time>
   </trkpt>
   <trkpt lat="43.6330390" lon="-79.4056790">
    <ele>77.4</ele>
    <time>2024-07-27T11:23:14Z</time>
   </trkpt>
   <trkpt lat="43.6330430" lon="-79.4056680">
    <ele>77.4</ele>
    <time>2024-07-27T11:23:15Z</time>
   </trkpt>
   <trkpt lat="43.6330460" lon="-79.4056270">
    <ele>77.4</ele>
    <time>2024-07-27T11:23:16Z</time>
   </trkpt>
   <trkpt lat="43.6330410" lon="-79.4055850">
    <ele>77.4</ele>
    <time>2024-07-27T11:23:17Z</time>
   </trkpt>
   <trkpt lat="43.6330450" lon="-79.4055730">
    <ele>77.4</ele>
    <time>2024-07-27T11:23:18Z</time>
   </trkpt>
   <trkpt lat="43.6330610" lon="-79.4055410">
    <ele>77.4</ele>
    <time>2024-07-27T11:23:19Z</time>
   </trkpt>
   <trkpt lat="43.6330550" lon="-79.4055050">
    <ele>77.4</ele>
    <time>2024-07-27T11:23:20Z</time>
   </trkpt>
   <trkpt lat="43.6330520" lon="-79.4054910">
    <ele>77.4</ele>
    <time>2024-07-27T11:23:21Z</time>
   </trkpt>
   <trkpt lat="43.6330660" lon="-79.4054530">
    <ele>77.4</ele>
    <time>2024-07-27T11:23:22Z</time>
   </trkpt>
   <trkpt lat="43.6330700" lon="-79.4054380">
    <ele>77.4</ele>
    <time>2024-07-27T11:23:23Z</time>
   </trkpt>
   <trkpt lat="43.6330760" lon="-79.4054000">
    <ele>77.4</ele>
    <time>2024-07-27T11:23:24Z</time>
   </trkpt>
   <trkpt lat="43.6330780" lon="-79.4053860">
    <ele>77.4</ele>
    <time>2024-07-27T11:23:25Z</time>
   </trkpt>
   <trkpt lat="43.6330810" lon="-79.4053470">
    <ele>77.4</ele>
    <time>2024-07-27T11:23:26Z</time>
   </trkpt>
   <trkpt lat="43.6330930" lon="-79.4052990">
    <ele>77.4</ele>
    <time>2024-07-27T11:23:27Z</time>
   </trkpt>
   <trkpt lat="43.6330970" lon="-79.4052810">
    <ele>77.4</ele>
    <time>2024-07-27T11:23:28Z</time>
   </trkpt>
   <trkpt lat="43.6331060" lon="-79.4052290">
    <ele>77.4</ele>
    <time>2024-07-27T11:23:29Z</time>
   </trkpt>
   <trkpt lat="43.6331100" lon="-79.4052140">
    <ele>77.4</ele>
    <time>2024-07-27T11:23:30Z</time>
   </trkpt>
   <trkpt lat="43.6331210" lon="-79.4051730">
    <ele>77.4</ele>
    <time>2024-07-27T11:23:31Z</time>
   </trkpt>
   <trkpt lat="43.6331190" lon="-79.4051530">
    <ele>77.4</ele>
    <time>2024-07-27T11:23:32Z</time>
   </trkpt>
   <trkpt lat="43.6331320" lon="-79.4051060">
    <ele>77.4</ele>
    <time>2024-07-27T11:23:33Z</time>
   </trkpt>
   <trkpt lat="43.6331370" lon="-79.4050900">
    <ele>77.4</ele>
    <time>2024-07-27T11:23:34Z</time>
   </trkpt>
   <trkpt lat="43.6331390" lon="-79.4050480">
    <ele>77.4</ele>
    <time>2024-07-27T11:23:35Z</time>
   </trkpt>
   <trkpt lat="43.6331470" lon="-79.4049970">
    <ele>77.4</ele>
    <time>2024-07-27T11:23:36Z</time>
   </trkpt>
   <trkpt lat="43.6331490" lon="-79.4049810">
    <ele>77.4</ele>
    <time>2024-07-27T11:23:37Z</time>
   </trkpt>
   <trkpt lat="43.6331400" lon="-79.4049390">
    <ele>77.4</ele>
    <time>2024-07-27T11:23:38Z</time>
   </trkpt>
   <trkpt lat="43.6331430" lon="-79.4049010">
    <ele>77.4</ele>
    <time>2024-07-27T11:23:39Z</time>
   </trkpt>
   <trkpt lat="43.6331530" lon="-79.4048530">
    <ele>77.4</ele>
    <time>2024-07-27T11:23:40Z</time>
   </trkpt>
   <trkpt lat="43.6331520" lon="-79.4048370">
    <ele>77.4</ele>
    <time>2024-07-27T11:23:41Z</time>
   </trkpt>
   <trkpt lat="43.6331610" lon="-79.4047900">
    <ele>77.4</ele>
    <time>2024-07-27T11:23:42Z</time>
   </trkpt>
   <trkpt lat="43.6331640" lon="-79.4047760">
    <ele>77.4</ele>
    <time>2024-07-27T11:23:43Z</time>
   </trkpt>
   <trkpt lat="43.6331650" lon="-79.4047260">
    <ele>77.3</ele>
    <time>2024-07-27T11:23:44Z</time>
   </trkpt>
   <trkpt lat="43.6331620" lon="-79.4047100">
    <ele>77.3</ele>
    <time>2024-07-27T11:23:45Z</time>
   </trkpt>
   <trkpt lat="43.6331820" lon="-79.4046690">
    <ele>77.3</ele>
    <time>2024-07-27T11:23:46Z</time>
   </trkpt>
   <trkpt lat="43.6331940" lon="-79.4046310">
    <ele>77.3</ele>
    <time>2024-07-27T11:23:47Z</time>
   </trkpt>
   <trkpt lat="43.6331960" lon="-79.4045900">
    <ele>77.3</ele>
    <time>2024-07-27T11:23:48Z</time>
   </trkpt>
   <trkpt lat="43.6332080" lon="-79.4045500">
    <ele>77.3</ele>
    <time>2024-07-27T11:23:49Z</time>
   </trkpt>
   <trkpt lat="43.6332180" lon="-79.4045450">
    <ele>77.3</ele>
    <time>2024-07-27T11:23:50Z</time>
   </trkpt>
   <trkpt lat="43.6332550" lon="-79.4045340">
    <ele>77.3</ele>
    <time>2024-07-27T11:23:51Z</time>
   </trkpt>
   <trkpt lat="43.6332670" lon="-79.4045260">
    <ele>77.3</ele>
    <time>2024-07-27T11:23:52Z</time>
   </trkpt>
   <trkpt lat="43.6332890" lon="-79.4044910">
    <ele>77.3</ele>
    <time>2024-07-27T11:23:53Z</time>
   </trkpt>
   <trkpt lat="43.6332950" lon="-79.4044770">
    <ele>77.4</ele>
    <time>2024-07-27T11:23:54Z</time>
   </trkpt>
   <trkpt lat="43.6333270" lon="-79.4044610">
    <ele>77.4</ele>
    <time>2024-07-27T11:23:55Z</time>
   </trkpt>
   <trkpt lat="43.6333330" lon="-79.4044510">
    <ele>77.4</ele>
    <time>2024-07-27T11:23:56Z</time>
   </trkpt>
   <trkpt lat="43.6333490" lon="-79.4044470">
    <ele>77.4</ele>
    <time>2024-07-27T11:23:57Z</time>
   </trkpt>
   <trkpt lat="43.6333550" lon="-79.4044240">
    <ele>77.4</ele>
    <time>2024-07-27T11:23:58Z</time>
   </trkpt>
   <trkpt lat="43.6333810" lon="-79.4043950">
    <ele>77.4</ele>
    <time>2024-07-27T11:23:59Z</time>
   </trkpt>
   <trkpt lat="43.6333910" lon="-79.4043840">
    <ele>77.4</ele>
    <time>2024-07-27T11:24:00Z</time>
   </trkpt>
   <trkpt lat="43.6334210" lon="-79.4043710">
    <ele>77.4</ele>
    <time>2024-07-27T11:24:01Z</time>
   </trkpt>
   <trkpt lat="43.6334360" lon="-79.4043700">
    <ele>77.4</ele>
    <time>2024-07-27T11:24:02Z</time>
   </trkpt>
   <trkpt lat="43.6334700" lon="-79.4043520">
    <ele>77.4</ele>
    <time>2024-07-27T11:24:03Z</time>
   </trkpt>
   <trkpt lat="43.6334850" lon="-79.4043420">
    <ele>77.4</ele>
    <time>2024-07-27T11:24:04Z</time>
   </trkpt>
   <trkpt lat="43.6335310" lon="-79.4043320">
    <ele>77.4</ele>
    <time>2024-07-27T11:24:05Z</time>
   </trkpt>
   <trkpt lat="43.6335570" lon="-79.4043270">
    <ele>77.5</ele>
    <time>2024-07-27T11:24:06Z</time>
   </trkpt>
   <trkpt lat="43.6335770" lon="-79.4043000">
    <ele>77.5</ele>
    <time>2024-07-27T11:24:07Z</time>
   </trkpt>
   <trkpt lat="43.6336110" lon="-79.4042620">
    <ele>77.5</ele>
    <time>2024-07-27T11:24:08Z</time>
   </trkpt>
   <trkpt lat="43.6336380" lon="-79.4042530">
    <ele>77.5</ele>
    <time>2024-07-27T11:24:09Z</time>
   </trkpt>
   <trkpt lat="43.6336740" lon="-79.4042340">
    <ele>77.5</ele>
    <time>2024-07-27T11:24:10Z</time>
   </trkpt>
   <trkpt lat="43.6336880" lon="-79.4042300">
    <ele>77.5</ele>
    <time>2024-07-27T11:24:11Z</time>
   </trkpt>
   <trkpt lat="43.6337180" lon="-79.4042030">
    <ele>77.5</ele>
    <time>2024-07-27T11:24:12Z</time>
   </trkpt>
   <trkpt lat="43.6337270" lon="-79.4041950">
    <ele>77.5</ele>
    <time>2024-07-27T11:24:13Z</time>
   </trkpt>
   <trkpt lat="43.6337560" lon="-79.4041990">
    <ele>77.5</ele>
    <time>2024-07-27T11:24:14Z</time>
   </trkpt>
   <trkpt lat="43.6337770" lon="-79.4041680">
    <ele>77.5</ele>
    <time>2024-07-27T11:24:15Z</time>
   </trkpt>
   <trkpt lat="43.6337860" lon="-79.4041660">
    <ele>77.5</ele>
    <time>2024-07-27T11:24:16Z</time>
   </trkpt>
   <trkpt lat="43.6338260" lon="-79.4041690">
    <ele>77.5</ele>
    <time>2024-07-27T11:24:17Z</time>
   </trkpt>
   <trkpt lat="43.6338510" lon="-79.4041550">
    <ele>77.5</ele>
    <time>2024-07-27T11:24:18Z</time>
   </trkpt>
   <trkpt lat="43.6338610" lon="-79.4041510">
    <ele>77.5</ele>
    <time>2024-07-27T11:24:19Z</time>
   </trkpt>
   <trkpt lat="43.6338810" lon="-79.4041280">
    <ele>77.6</ele>
    <time>2024-07-27T11:24:20Z</time>
   </trkpt>
   <trkpt lat="43.6339110" lon="-79.4041250">
    <ele>77.6</ele>
    <time>2024-07-27T11:24:21Z</time>
   </trkpt>
   <trkpt lat="43.6339230" lon="-79.4041210">
    <ele>77.6</ele>
    <time>2024-07-27T11:24:22Z</time>
   </trkpt>
   <trkpt lat="43.6339390" lon="-79.4041030">
    <ele>77.6</ele>
    <time>2024-07-27T11:24:23Z</time>
   </trkpt>
   <trkpt lat="43.6339500" lon="-79.4040950">
    <ele>77.6</ele>
    <time>2024-07-27T11:24:24Z</time>
   </trkpt>
   <trkpt lat="43.6339600" lon="-79.4040870">
    <ele>77.6</ele>
    <time>2024-07-27T11:24:25Z</time>
   </trkpt>
   <trkpt lat="43.6339890" lon="-79.4040690">
    <ele>77.6</ele>
    <time>2024-07-27T11:24:26Z</time>
   </trkpt>
   <trkpt lat="43.6339990" lon="-79.4040640">
    <ele>77.6</ele>
    <time>2024-07-27T11:24:27Z</time>
   </trkpt>
   <trkpt lat="43.6340220" lon="-79.4040560">
    <ele>77.7</ele>
    <time>2024-07-27T11:24:28Z</time>
   </trkpt>
   <trkpt lat="43.6340350" lon="-79.4040540">
    <ele>77.7</ele>
    <time>2024-07-27T11:24:29Z</time>
   </trkpt>
   <trkpt lat="43.6340720" lon="-79.4040490">
    <ele>77.7</ele>
    <time>2024-07-27T11:24:30Z</time>
   </trkpt>
   <trkpt lat="43.6340820" lon="-79.4040470">
    <ele>77.7</ele>
    <time>2024-07-27T11:24:31Z</time>
   </trkpt>
   <trkpt lat="43.6341130" lon="-79.4040580">
    <ele>77.7</ele>
    <time>2024-07-27T11:24:32Z</time>
   </trkpt>
   <trkpt lat="43.6341470" lon="-79.4040570">
    <ele>77.8</ele>
    <time>2024-07-27T11:24:33Z</time>
   </trkpt>
   <trkpt lat="43.6341560" lon="-79.4040630">
    <ele>77.8</ele>
    <time>2024-07-27T11:24:34Z</time>
   </trkpt>
   <trkpt lat="43.6341910" lon="-79.4040740">
    <ele>77.8</ele>
    <time>2024-07-27T11:24:35Z</time>
   </trkpt>
   <trkpt lat="43.6342010" lon="-79.4040730">
    <ele>77.8</ele>
    <time>2024-07-27T11:24:36Z</time>
   </trkpt>
   <trkpt lat="43.6342190" lon="-79.4040830">
    <ele>77.9</ele>
    <time>2024-07-27T11:24:37Z</time>
   </trkpt>
   <trkpt lat="43.6342300" lon="-79.4040900">
    <ele>77.9</ele>
    <time>2024-07-27T11:24:38Z</time>
   </trkpt>
   <trkpt lat="43.6342460" lon="-79.4040920">
    <ele>77.9</ele>
    <time>2024-07-27T11:24:39Z</time>
   </trkpt>
   <trkpt lat="43.6342610" lon="-79.4041020">
    <ele>77.9</ele>
    <time>2024-07-27T11:24:40Z</time>
   </trkpt>
   <trkpt lat="43.6342770" lon="-79.4041370">
    <ele>77.9</ele>
    <time>2024-07-27T11:24:41Z</time>
   </trkpt>
   <trkpt lat="43.6342810" lon="-79.4041530">
    <ele>77.9</ele>
    <time>2024-07-27T11:24:42Z</time>
   </trkpt>
   <trkpt lat="43.6342820" lon="-79.4041970">
    <ele>77.9</ele>
    <time>2024-07-27T11:24:43Z</time>
   </trkpt>
   <trkpt lat="43.6342670" lon="-79.4042390">
    <ele>77.9</ele>
    <time>2024-07-27T11:24:44Z</time>
   </trkpt>
   <trkpt lat="43.6342610" lon="-79.4042550">
    <ele>77.9</ele>
    <time>2024-07-27T11:24:45Z</time>
   </trkpt>
   <trkpt lat="43.6342550" lon="-79.4042810">
    <ele>77.8</ele>
    <time>2024-07-27T11:24:46Z</time>
   </trkpt>
   <trkpt lat="43.6342250" lon="-79.4043070">
    <ele>77.8</ele>
    <time>2024-07-27T11:24:48Z</time>
   </trkpt>
   <trkpt lat="43.6342240" lon="-79.4043550">
    <ele>77.8</ele>
    <time>2024-07-27T11:24:49Z</time>
   </trkpt>
   <trkpt lat="43.6342260" lon="-79.4043670">
    <ele>77.8</ele>
    <time>2024-07-27T11:24:50Z</time>
   </trkpt>
   <trkpt lat="43.6342400" lon="-79.4044100">
    <ele>77.8</ele>
    <time>2024-07-27T11:24:51Z</time>
   </trkpt>
   <trkpt lat="43.6342540" lon="-79.4044530">
    <ele>77.8</ele>
    <time>2024-07-27T11:24:52Z</time>
   </trkpt>
   <trkpt lat="43.6342600" lon="-79.4044690">
    <ele>77.8</ele>
    <time>2024-07-27T11:24:53Z</time>
   </trkpt>
   <trkpt lat="43.6342650" lon="-79.4044860">
    <ele>77.8</ele>
    <time>2024-07-27T11:24:54Z</time>
   </trkpt>
   <trkpt lat="43.6342630" lon="-79.4045130">
    <ele>77.8</ele>
    <time>2024-07-27T11:24:55Z</time>
   </trkpt>
   <trkpt lat="43.6342400" lon="-79.4045440">
    <ele>77.8</ele>
    <time>2024-07-27T11:24:56Z</time>
   </trkpt>
   <trkpt lat="43.6342290" lon="-79.4045560">
    <ele>77.8</ele>
    <time>2024-07-27T11:24:57Z</time>
   </trkpt>
   <trkpt lat="43.6342050" lon="-79.4045720">
    <ele>77.8</ele>
    <time>2024-07-27T11:24:58Z</time>
   </trkpt>
   <trkpt lat="43.6341790" lon="-79.4045820">
    <ele>77.8</ele>
    <time>2024-07-27T11:24:59Z</time>
   </trkpt>
   <trkpt lat="43.6341680" lon="-79.4045740">
    <ele>77.8</ele>
    <time>2024-07-27T11:25:00Z</time>
   </trkpt>
   <trkpt lat="43.6341720" lon="-79.4046050">
    <ele>77.8</ele>
    <time>2024-07-27T11:25:01Z</time>
   </trkpt>
   <trkpt lat="43.6341790" lon="-79.4046150">
    <ele>77.8</ele>
    <time>2024-07-27T11:25:02Z</time>
   </trkpt>
   <trkpt lat="43.6341580" lon="-79.4046500">
    <ele>77.8</ele>
    <time>2024-07-27T11:25:03Z</time>
   </trkpt>
   <trkpt lat="43.6341580" lon="-79.4046620">
    <ele>77.8</ele>
    <time>2024-07-27T11:25:04Z</time>
   </trkpt>
   <trkpt lat="43.6341300" lon="-79.4047180">
    <ele>77.8</ele>
    <time>2024-07-27T11:25:05Z</time>
   </trkpt>
   <trkpt lat="43.6341520" lon="-79.4047300">
    <ele>77.8</ele>
    <time>2024-07-27T11:25:06Z</time>
   </trkpt>
   <trkpt lat="43.6341490" lon="-79.4047640">
    <ele>77.8</ele>
    <time>2024-07-27T11:25:07Z</time>
   </trkpt>
   <trkpt lat="43.6341410" lon="-79.4047330">
    <ele>77.8</ele>
    <time>2024-07-27T11:25:08Z</time>
   </trkpt>
   <trkpt lat="43.6341370" lon="-79.4047410">
    <ele>77.8</ele>
    <time>2024-07-27T11:25:09Z</time>
   </trkpt>
   <trkpt lat="43.6341530" lon="-79.4047630">
    <ele>77.8</ele>
    <time>2024-07-27T11:25:10Z</time>
   </trkpt>
   <trkpt lat="43.6341540" lon="-79.4047600">
    <ele>77.8</ele>
    <time>2024-07-27T11:25:11Z</time>
   </trkpt>
   <trkpt lat="43.6341540" lon="-79.4047600">
    <ele>77.8</ele>
    <time>2024-07-27T11:25:12Z</time>
   </trkpt>
   <trkpt lat="43.6341540" lon="-79.4047600">
    <ele>77.8</ele>
    <time>2024-07-27T11:25:13Z</time>
   </trkpt>
   <trkpt lat="43.6341540" lon="-79.4047600">
    <ele>77.8</ele>
    <time>2024-07-27T11:25:14Z</time>
   </trkpt>
   <trkpt lat="43.6341540" lon="-79.4047600">
    <ele>77.8</ele>
    <time>2024-07-27T11:25:15Z</time>
   </trkpt>
   <trkpt lat="43.6341460" lon="-79.4046910">
    <ele>77.8</ele>
    <time>2024-07-27T11:25:16Z</time>
   </trkpt>
   <trkpt lat="43.6341450" lon="-79.4046570">
    <ele>77.7</ele>
    <time>2024-07-27T11:25:17Z</time>
   </trkpt>
   <trkpt lat="43.6341520" lon="-79.4046450">
    <ele>77.7</ele>
    <time>2024-07-27T11:25:18Z</time>
   </trkpt>
   <trkpt lat="43.6341410" lon="-79.4046290">
    <ele>77.7</ele>
    <time>2024-07-27T11:25:19Z</time>
   </trkpt>
   <trkpt lat="43.6341390" lon="-79.4046170">
    <ele>77.7</ele>
    <time>2024-07-27T11:25:20Z</time>
   </trkpt>
   <trkpt lat="43.6341380" lon="-79.4046060">
    <ele>77.7</ele>
    <time>2024-07-27T11:25:21Z</time>
   </trkpt>
   <trkpt lat="43.6341370" lon="-79.4045940">
    <ele>77.7</ele>
    <time>2024-07-27T11:25:22Z</time>
   </trkpt>
   <trkpt lat="43.6341360" lon="-79.4045830">
    <ele>77.7</ele>
    <time>2024-07-27T11:25:23Z</time>
   </trkpt>
   <trkpt lat="43.6341690" lon="-79.4046170">
    <ele>77.7</ele>
    <time>2024-07-27T11:25:24Z</time>
   </trkpt>
   <trkpt lat="43.6341840" lon="-79.4046240">
    <ele>77.7</ele>
    <time>2024-07-27T11:25:25Z</time>
   </trkpt>
   <trkpt lat="43.6341950" lon="-79.4046330">
    <ele>77.7</ele>
    <time>2024-07-27T11:25:26Z</time>
   </trkpt>
   <trkpt lat="43.6341990" lon="-79.4046410">
    <ele>77.7</ele>
    <time>2024-07-27T11:25:27Z</time>
   </trkpt>
   <trkpt lat="43.6342020" lon="-79.4046390">
    <ele>77.7</ele>
    <time>2024-07-27T11:25:28Z</time>
   </trkpt>
   <trkpt lat="43.6342010" lon="-79.4046450">
    <ele>77.7</ele>
    <time>2024-07-27T11:25:29Z</time>
   </trkpt>
   <trkpt lat="43.6342010" lon="-79.4046450">
    <ele>77.7</ele>
    <time>2024-07-27T11:25:30Z</time>
   </trkpt>
   <trkpt lat="43.6342030" lon="-79.4046370">
    <ele>77.7</ele>
    <time>2024-07-27T11:25:31Z</time>
   </trkpt>
   <trkpt lat="43.6342090" lon="-79.4046460">
    <ele>77.7</ele>
    <time>2024-07-27T11:25:32Z</time>
   </trkpt>
   <trkpt lat="43.6342190" lon="-79.4046550">
    <ele>77.7</ele>
    <time>2024-07-27T11:25:33Z</time>
   </trkpt>
   <trkpt lat="43.6342210" lon="-79.4046580">
    <ele>77.7</ele>
    <time>2024-07-27T11:25:34Z</time>
   </trkpt>
   <trkpt lat="43.6342230" lon="-79.4046560">
    <ele>77.7</ele>
    <time>2024-07-27T11:25:35Z</time>
   </trkpt>
   <trkpt lat="43.6342240" lon="-79.4046660">
    <ele>77.7</ele>
    <time>2024-07-27T11:25:36Z</time>
   </trkpt>
   <trkpt lat="43.6342240" lon="-79.4046660">
    <ele>77.7</ele>
    <time>2024-07-27T11:25:37Z</time>
   </trkpt>
   <trkpt lat="43.6342240" lon="-79.4046660">
    <ele>77.7</ele>
    <time>2024-07-27T11:25:38Z</time>
   </trkpt>
   <trkpt lat="43.6342240" lon="-79.4046660">
    <ele>77.7</ele>
    <time>2024-07-27T11:25:39Z</time>
   </trkpt>
   <trkpt lat="43.6342150" lon="-79.4046660">
    <ele>77.7</ele>
    <time>2024-07-27T11:25:40Z</time>
   </trkpt>
   <trkpt lat="43.6342180" lon="-79.4046690">
    <ele>77.7</ele>
    <time>2024-07-27T11:25:41Z</time>
   </trkpt>
   <trkpt lat="43.6342080" lon="-79.4046550">
    <ele>77.7</ele>
    <time>2024-07-27T11:25:42Z</time>
   </trkpt>
   <trkpt lat="43.6342070" lon="-79.4046400">
    <ele>77.7</ele>
    <time>2024-07-27T11:25:43Z</time>
   </trkpt>
   <trkpt lat="43.6342070" lon="-79.4046370">
    <ele>77.7</ele>
    <time>2024-07-27T11:25:44Z</time>
   </trkpt>
   <trkpt lat="43.6342070" lon="-79.4046370">
    <ele>77.7</ele>
    <time>2024-07-27T11:25:45Z</time>
   </trkpt>
   <trkpt lat="43.6342070" lon="-79.4046370">
    <ele>77.7</ele>
    <time>2024-07-27T11:25:46Z</time>
   </trkpt>
   <trkpt lat="43.6341990" lon="-79.4046540">
    <ele>77.7</ele>
    <time>2024-07-27T11:25:47Z</time>
   </trkpt>
   <trkpt lat="43.6341990" lon="-79.4046500">
    <ele>77.7</ele>
    <time>2024-07-27T11:25:48Z</time>
   </trkpt>
   <trkpt lat="43.6341950" lon="-79.4046450">
    <ele>77.7</ele>
    <time>2024-07-27T11:25:49Z</time>
   </trkpt>
   <trkpt lat="43.6341890" lon="-79.4046520">
    <ele>77.7</ele>
    <time>2024-07-27T11:25:50Z</time>
   </trkpt>
   <trkpt lat="43.6342010" lon="-79.4046800">
    <ele>77.7</ele>
    <time>2024-07-27T11:25:51Z</time>
   </trkpt>
   <trkpt lat="43.6341890" lon="-79.4046660">
    <ele>77.7</ele>
    <time>2024-07-27T11:25:52Z</time>
   </trkpt>
   <trkpt lat="43.6341790" lon="-79.4046640">
    <ele>77.7</ele>
    <time>2024-07-27T11:25:53Z</time>
   </trkpt>
   <trkpt lat="43.6341830" lon="-79.4046580">
    <ele>77.7</ele>
    <time>2024-07-27T11:25:54Z</time>
   </trkpt>
   <trkpt lat="43.6341870" lon="-79.4046570">
    <ele>77.7</ele>
    <time>2024-07-27T11:25:55Z</time>
   </trkpt>
   <trkpt lat="43.6341850" lon="-79.4046600">
    <ele>77.7</ele>
    <time>2024-07-27T11:25:56Z</time>
   </trkpt>
   <trkpt lat="43.6341850" lon="-79.4046600">
    <ele>77.7</ele>
    <time>2024-07-27T11:25:57Z</time>
   </trkpt>
   <trkpt lat="43.6341850" lon="-79.4046600">
    <ele>77.7</ele>
    <time>2024-07-27T11:25:58Z</time>
   </trkpt>
   <trkpt lat="43.6341850" lon="-79.4046600">
    <ele>77.7</ele>
    <time>2024-07-27T11:25:59Z</time>
   </trkpt>
   <trkpt lat="43.6341930" lon="-79.4046580">
    <ele>77.7</ele>
    <time>2024-07-27T11:26:00Z</time>
   </trkpt>
   <trkpt lat="43.6341870" lon="-79.4046580">
    <ele>77.7</ele>
    <time>2024-07-27T11:26:01Z</time>
   </trkpt>
   <trkpt lat="43.6341820" lon="-79.4046390">
    <ele>77.7</ele>
    <time>2024-07-27T11:26:02Z</time>
   </trkpt>
   <trkpt lat="43.6341690" lon="-79.4046280">
    <ele>77.7</ele>
    <time>2024-07-27T11:26:03Z</time>
   </trkpt>
   <trkpt lat="43.6341530" lon="-79.4046060">
    <ele>77.7</ele>
    <time>2024-07-27T11:26:04Z</time>
   </trkpt>
   <trkpt lat="43.6341360" lon="-79.4045960">
    <ele>77.7</ele>
    <time>2024-07-27T11:26:05Z</time>
   </trkpt>
   <trkpt lat="43.6341190" lon="-79.4045860">
    <ele>77.7</ele>
    <time>2024-07-27T11:26:06Z</time>
   </trkpt>
   <trkpt lat="43.6340840" lon="-79.4045520">
    <ele>77.8</ele>
    <time>2024-07-27T11:26:07Z</time>
   </trkpt>
   <trkpt lat="43.6340640" lon="-79.4045220">
    <ele>77.8</ele>
    <time>2024-07-27T11:26:08Z</time>
   </trkpt>
   <trkpt lat="43.6340470" lon="-79.4044920">
    <ele>77.8</ele>
    <time>2024-07-27T11:26:09Z</time>
   </trkpt>
   <trkpt lat="43.6340360" lon="-79.4044370">
    <ele>77.8</ele>
    <time>2024-07-27T11:26:10Z</time>
   </trkpt>
   <trkpt lat="43.6340340" lon="-79.4044160">
    <ele>77.8</ele>
    <time>2024-07-27T11:26:11Z</time>
   </trkpt>
   <trkpt lat="43.6340390" lon="-79.4043760">
    <ele>77.8</ele>
    <time>2024-07-27T11:26:12Z</time>
   </trkpt>
   <trkpt lat="43.6340490" lon="-79.4043400">
    <ele>77.8</ele>
    <time>2024-07-27T11:26:13Z</time>
   </trkpt>
   <trkpt lat="43.6340500" lon="-79.4043260">
    <ele>77.8</ele>
    <time>2024-07-27T11:26:14Z</time>
   </trkpt>
   <trkpt lat="43.6340710" lon="-79.4042840">
    <ele>77.8</ele>
    <time>2024-07-27T11:26:15Z</time>
   </trkpt>
   <trkpt lat="43.6340770" lon="-79.4042690">
    <ele>77.8</ele>
    <time>2024-07-27T11:26:16Z</time>
   </trkpt>
   <trkpt lat="43.6340960" lon="-79.4042370">
    <ele>77.8</ele>
    <time>2024-07-27T11:26:17Z</time>
   </trkpt>
   <trkpt lat="43.6341100" lon="-79.4042300">
    <ele>77.8</ele>
    <time>2024-07-27T11:26:18Z</time>
   </trkpt>
   <trkpt lat="43.6341290" lon="-79.4041990">
    <ele>77.8</ele>
    <time>2024-07-27T11:26:19Z</time>
   </trkpt>
   <trkpt lat="43.6341360" lon="-79.4041870">
    <ele>77.8</ele>
    <time>2024-07-27T11:26:20Z</time>
   </trkpt>
   <trkpt lat="43.6341670" lon="-79.4041810">
    <ele>77.8</ele>
    <time>2024-07-27T11:26:21Z</time>
   </trkpt>
   <trkpt lat="43.6341920" lon="-79.4041570">
    <ele>77.8</ele>
    <time>2024-07-27T11:26:22Z</time>
   </trkpt>
   <trkpt lat="43.6342120" lon="-79.4041160">
    <ele>77.9</ele>
    <time>2024-07-27T11:26:23Z</time>
   </trkpt>
   <trkpt lat="43.6342130" lon="-79.4040910">
    <ele>77.9</ele>
    <time>2024-07-27T11:26:24Z</time>
   </trkpt>
   <trkpt lat="43.6342310" lon="-79.4040570">
    <ele>77.9</ele>
    <time>2024-07-27T11:26:25Z</time>
   </trkpt>
   <trkpt lat="43.6342350" lon="-79.4040450">
    <ele>77.9</ele>
    <time>2024-07-27T11:26:26Z</time>
   </trkpt>
   <trkpt lat="43.6342570" lon="-79.4040110">
    <ele>77.9</ele>
    <time>2024-07-27T11:26:27Z</time>
   </trkpt>
   <trkpt lat="43.6342650" lon="-79.4040020">
    <ele>77.9</ele>
    <time>2024-07-27T11:26:28Z</time>
   </trkpt>
   <trkpt lat="43.6343000" lon="-79.4039740">
    <ele>77.9</ele>
    <time>2024-07-27T11:26:29Z</time>
   </trkpt>
   <trkpt lat="43.6343100" lon="-79.4039560">
    <ele>77.9</ele>
    <time>2024-07-27T11:26:30Z</time>
   </trkpt>
   <trkpt lat="43.6343430" lon="-79.4039490">
    <ele>78.0</ele>
    <time>2024-07-27T11:26:31Z</time>
   </trkpt>
   <trkpt lat="43.6343520" lon="-79.4039510">
    <ele>78.0</ele>
    <time>2024-07-27T11:26:32Z</time>
   </trkpt>
   <trkpt lat="43.6344100" lon="-79.4039450">
    <ele>78.0</ele>
    <time>2024-07-27T11:26:33Z</time>
   </trkpt>
   <trkpt lat="43.6344450" lon="-79.4039180">
    <ele>78.0</ele>
    <time>2024-07-27T11:26:34Z</time>
   </trkpt>
   <trkpt lat="43.6344990" lon="-79.4038910">
    <ele>78.0</ele>
    <time>2024-07-27T11:26:35Z</time>
   </trkpt>
   <trkpt lat="43.6345300" lon="-79.4038860">
    <ele>78.0</ele>
    <time>2024-07-27T11:26:36Z</time>
   </trkpt>
   <trkpt lat="43.6345680" lon="-79.4038720">
    <ele>78.0</ele>
    <time>2024-07-27T11:26:37Z</time>
   </trkpt>
   <trkpt lat="43.6345770" lon="-79.4038620">
    <ele>78.0</ele>
    <time>2024-07-27T11:26:38Z</time>
   </trkpt>
   <trkpt lat="43.6345930" lon="-79.4038480">
    <ele>78.0</ele>
    <time>2024-07-27T11:26:39Z</time>
   </trkpt>
   <trkpt lat="43.6346200" lon="-79.4038370">
    <ele>78.0</ele>
    <time>2024-07-27T11:26:40Z</time>
   </trkpt>
   <trkpt lat="43.6346490" lon="-79.4038200">
    <ele>78.1</ele>
    <time>2024-07-27T11:26:41Z</time>
   </trkpt>
   <trkpt lat="43.6346650" lon="-79.4038180">
    <ele>78.1</ele>
    <time>2024-07-27T11:26:42Z</time>
   </trkpt>
   <trkpt lat="43.6347030" lon="-79.4038050">
    <ele>78.1</ele>
    <time>2024-07-27T11:26:43Z</time>
   </trkpt>
   <trkpt lat="43.6347150" lon="-79.4037990">
    <ele>78.1</ele>
    <time>2024-07-27T11:26:44Z</time>
   </trkpt>
   <trkpt lat="43.6347400" lon="-79.4037790">
    <ele>78.1</ele>
    <time>2024-07-27T11:26:45Z</time>
   </trkpt>
   <trkpt lat="43.6347470" lon="-79.4037700">
    <ele>78.1</ele>
    <time>2024-07-27T11:26:46Z</time>
   </trkpt>
   <trkpt lat="43.6347760" lon="-79.4037600">
    <ele>78.1</ele>
    <time>2024-07-27T11:26:47Z</time>
   </trkpt>
   <trkpt lat="43.6347890" lon="-79.4037550">
    <ele>78.1</ele>
    <time>2024-07-27T11:26:48Z</time>
   </trkpt>
   <trkpt lat="43.6348210" lon="-79.4037390">
    <ele>78.1</ele>
    <time>2024-07-27T11:26:49Z</time>
   </trkpt>
   <trkpt lat="43.6348310" lon="-79.4037340">
    <ele>78.1</ele>
    <time>2024-07-27T11:26:50Z</time>
   </trkpt>
   <trkpt lat="43.6348620" lon="-79.4037210">
    <ele>78.1</ele>
    <time>2024-07-27T11:26:51Z</time>
   </trkpt>
   <trkpt lat="43.6348780" lon="-79.4037180">
    <ele>78.1</ele>
    <time>2024-07-27T11:26:52Z</time>
   </trkpt>
   <trkpt lat="43.6349090" lon="-79.4037110">
    <ele>78.1</ele>
    <time>2024-07-27T11:26:53Z</time>
   </trkpt>
   <trkpt lat="43.6349190" lon="-79.4037080">
    <ele>78.1</ele>
    <time>2024-07-27T11:26:54Z</time>
   </trkpt>
   <trkpt lat="43.6349550" lon="-79.4037030">
    <ele>78.1</ele>
    <time>2024-07-27T11:26:55Z</time>
   </trkpt>
   <trkpt lat="43.6349690" lon="-79.4037030">
    <ele>78.1</ele>
    <time>2024-07-27T11:26:56Z</time>
   </trkpt>
   <trkpt lat="43.6349960" lon="-79.4036910">
    <ele>78.1</ele>
    <time>2024-07-27T11:26:57Z</time>
   </trkpt>
   <trkpt lat="43.6350270" lon="-79.4036690">
    <ele>78.1</ele>
    <time>2024-07-27T11:26:58Z</time>
   </trkpt>
   <trkpt lat="43.6350370" lon="-79.4036560">
    <ele>78.1</ele>
    <time>2024-07-27T11:26:59Z</time>
   </trkpt>
   <trkpt lat="43.6350700" lon="-79.4036280">
    <ele>78.1</ele>
    <time>2024-07-27T11:27:00Z</time>
   </trkpt>
   <trkpt lat="43.6350790" lon="-79.4036120">
    <ele>78.1</ele>
    <time>2024-07-27T11:27:01Z</time>
   </trkpt>
   <trkpt lat="43.6351020" lon="-79.4035720">
    <ele>78.1</ele>
    <time>2024-07-27T11:27:02Z</time>
   </trkpt>
   <trkpt lat="43.6351110" lon="-79.4035590">
    <ele>78.1</ele>
    <time>2024-07-27T11:27:03Z</time>
   </trkpt>
   <trkpt lat="43.6351390" lon="-79.4035240">
    <ele>78.1</ele>
    <time>2024-07-27T11:27:04Z</time>
   </trkpt>
   <trkpt lat="43.6351500" lon="-79.4035150">
    <ele>78.1</ele>
    <time>2024-07-27T11:27:05Z</time>
   </trkpt>
   <trkpt lat="43.6351920" lon="-79.4035100">
    <ele>78.1</ele>
    <time>2024-07-27T11:27:06Z</time>
   </trkpt>
   <trkpt lat="43.6352310" lon="-79.4035080">
    <ele>78.1</ele>
    <time>2024-07-27T11:27:07Z</time>
   </trkpt>
   <trkpt lat="43.6352360" lon="-79.4034590">
    <ele>78.1</ele>
    <time>2024-07-27T11:27:08Z</time>
   </trkpt>
   <trkpt lat="43.6352200" lon="-79.4034190">
    <ele>78.1</ele>
    <time>2024-07-27T11:27:09Z</time>
   </trkpt>
   <trkpt lat="43.6352170" lon="-79.4033780">
    <ele>78.1</ele>
    <time>2024-07-27T11:27:10Z</time>
   </trkpt>
   <trkpt lat="43.6352400" lon="-79.4033400">
    <ele>78.0</ele>
    <time>2024-07-27T11:27:11Z</time>
   </trkpt>
   <trkpt lat="43.6352260" lon="-79.4033050">
    <ele>78.0</ele>
    <time>2024-07-27T11:27:12Z</time>
   </trkpt>
   <trkpt lat="43.6352220" lon="-79.4032510">
    <ele>78.0</ele>
    <time>2024-07-27T11:27:13Z</time>
   </trkpt>
   <trkpt lat="43.6352160" lon="-79.4032270">
    <ele>78.0</ele>
    <time>2024-07-27T11:27:14Z</time>
   </trkpt>
   <trkpt lat="43.6352270" lon="-79.4031850">
    <ele>78.0</ele>
    <time>2024-07-27T11:27:15Z</time>
   </trkpt>
   <trkpt lat="43.6352250" lon="-79.4031370">
    <ele>78.0</ele>
    <time>2024-07-27T11:27:16Z</time>
   </trkpt>
   <trkpt lat="43.6352200" lon="-79.4031230">
    <ele>78.0</ele>
    <time>2024-07-27T11:27:17Z</time>
   </trkpt>
   <trkpt lat="43.6351880" lon="-79.4030930">
    <ele>78.0</ele>
    <time>2024-07-27T11:27:18Z</time>
   </trkpt>
   <trkpt lat="43.6351880" lon="-79.4030440">
    <ele>78.0</ele>
    <time>2024-07-27T11:27:19Z</time>
   </trkpt>
   <trkpt lat="43.6351890" lon="-79.4030220">
    <ele>78.0</ele>
    <time>2024-07-27T11:27:20Z</time>
   </trkpt>
   <trkpt lat="43.6351890" lon="-79.4029730">
    <ele>78.0</ele>
    <time>2024-07-27T11:27:21Z</time>
   </trkpt>
   <trkpt lat="43.6351910" lon="-79.4029540">
    <ele>78.0</ele>
    <time>2024-07-27T11:27:22Z</time>
   </trkpt>
   <trkpt lat="43.6351930" lon="-79.4028970">
    <ele>78.0</ele>
    <time>2024-07-27T11:27:23Z</time>
   </trkpt>
   <trkpt lat="43.6351950" lon="-79.4028760">
    <ele>78.0</ele>
    <time>2024-07-27T11:27:24Z</time>
   </trkpt>
   <trkpt lat="43.6351830" lon="-79.4028410">
    <ele>78.0</ele>
    <time>2024-07-27T11:27:25Z</time>
   </trkpt>
   <trkpt lat="43.6351750" lon="-79.4027920">
    <ele>78.0</ele>
    <time>2024-07-27T11:27:26Z</time>
   </trkpt>
   <trkpt lat="43.6351530" lon="-79.4027640">
    <ele>78.0</ele>
    <time>2024-07-27T11:27:27Z</time>
   </trkpt>
   <trkpt lat="43.6351470" lon="-79.4027040">
    <ele>77.9</ele>
    <time>2024-07-27T11:27:28Z</time>
   </trkpt>
   <trkpt lat="43.6351400" lon="-79.4026570">
    <ele>77.9</ele>
    <time>2024-07-27T11:27:29Z</time>
   </trkpt>
   <trkpt lat="43.6351290" lon="-79.4025840">
    <ele>77.9</ele>
    <time>2024-07-27T11:27:30Z</time>
   </trkpt>
   <trkpt lat="43.6351160" lon="-79.4025530">
    <ele>77.9</ele>
    <time>2024-07-27T11:27:31Z</time>
   </trkpt>
   <trkpt lat="43.6351100" lon="-79.4025400">
    <ele>77.9</ele>
    <time>2024-07-27T11:27:32Z</time>
   </trkpt>
   <trkpt lat="43.6350980" lon="-79.4024930">
    <ele>77.9</ele>
    <time>2024-07-27T11:27:33Z</time>
   </trkpt>
   <trkpt lat="43.6350860" lon="-79.4024510">
    <ele>77.8</ele>
    <time>2024-07-27T11:27:34Z</time>
   </trkpt>
   <trkpt lat="43.6350830" lon="-79.4024360">
    <ele>77.8</ele>
    <time>2024-07-27T11:27:35Z</time>
   </trkpt>
   <trkpt lat="43.6350620" lon="-79.4023930">
    <ele>77.8</ele>
    <time>2024-07-27T11:27:36Z</time>
   </trkpt>
   <trkpt lat="43.6350530" lon="-79.4023700">
    <ele>77.8</ele>
    <time>2024-07-27T11:27:37Z</time>
   </trkpt>
   <trkpt lat="43.6350440" lon="-79.4023490">
    <ele>77.8</ele>
    <time>2024-07-27T11:27:38Z</time>
   </trkpt>
   <trkpt lat="43.6350300" lon="-79.4023340">
    <ele>77.8</ele>
    <time>2024-07-27T11:27:39Z</time>
   </trkpt>
   <trkpt lat="43.6350090" lon="-79.4022960">
    <ele>77.9</ele>
    <time>2024-07-27T11:27:40Z</time>
   </trkpt>
   <trkpt lat="43.6349960" lon="-79.4022860">
    <ele>77.9</ele>
    <time>2024-07-27T11:27:41Z</time>
   </trkpt>
   <trkpt lat="43.6349960" lon="-79.4022630">
    <ele>77.9</ele>
    <time>2024-07-27T11:27:42Z</time>
   </trkpt>
   <trkpt lat="43.6349880" lon="-79.4022440">
    <ele>77.9</ele>
    <time>2024-07-27T11:27:43Z</time>
   </trkpt>
   <trkpt lat="43.6349610" lon="-79.4022360">
    <ele>77.9</ele>
    <time>2024-07-27T11:27:44Z</time>
   </trkpt>
   <trkpt lat="43.6349460" lon="-79.4022220">
    <ele>77.9</ele>
    <time>2024-07-27T11:27:45Z</time>
   </trkpt>
   <trkpt lat="43.6349340" lon="-79.4022040">
    <ele>77.9</ele>
    <time>2024-07-27T11:27:46Z</time>
   </trkpt>
   <trkpt lat="43.6349050" lon="-79.4021890">
    <ele>77.9</ele>
    <time>2024-07-27T11:27:47Z</time>
   </trkpt>
   <trkpt lat="43.6348970" lon="-79.4021740">
    <ele>77.9</ele>
    <time>2024-07-27T11:27:48Z</time>
   </trkpt>
   <trkpt lat="43.6348860" lon="-79.4021440">
    <ele>77.9</ele>
    <time>2024-07-27T11:27:49Z</time>
   </trkpt>
   <trkpt lat="43.6348790" lon="-79.4021280">
    <ele>77.9</ele>
    <time>2024-07-27T11:27:50Z</time>
   </trkpt>
   <trkpt lat="43.6348720" lon="-79.4021130">
    <ele>77.9</ele>
    <time>2024-07-27T11:27:51Z</time>
   </trkpt>
   <trkpt lat="43.6348440" lon="-79.4021030">
    <ele>77.9</ele>
    <time>2024-07-27T11:27:52Z</time>
   </trkpt>
   <trkpt lat="43.6348340" lon="-79.4021100">
    <ele>77.9</ele>
    <time>2024-07-27T11:27:53Z</time>
   </trkpt>
   <trkpt lat="43.6347960" lon="-79.4021080">
    <ele>77.9</ele>
    <time>2024-07-27T11:27:54Z</time>
   </trkpt>
   <trkpt lat="43.6347700" lon="-79.4020950">
    <ele>77.9</ele>
    <time>2024-07-27T11:27:55Z</time>
   </trkpt>
   <trkpt lat="43.6347580" lon="-79.4020980">
    <ele>77.9</ele>
    <time>2024-07-27T11:27:56Z</time>
   </trkpt>
   <trkpt lat="43.6347260" lon="-79.4020930">
    <ele>77.9</ele>
    <time>2024-07-27T11:27:57Z</time>
   </trkpt>
   <trkpt lat="43.6347140" lon="-79.4020920">
    <ele>77.9</ele>
    <time>2024-07-27T11:27:58Z</time>
   </trkpt>
   <trkpt lat="43.6346790" lon="-79.4020890">
    <ele>77.9</ele>
    <time>2024-07-27T11:27:59Z</time>
   </trkpt>
   <trkpt lat="43.6346520" lon="-79.4020530">
    <ele>77.9</ele>
    <time>2024-07-27T11:28:00Z</time>
   </trkpt>
   <trkpt lat="43.6346200" lon="-79.4020400">
    <ele>77.9</ele>
    <time>2024-07-27T11:28:01Z</time>
   </trkpt>
   <trkpt lat="43.6346110" lon="-79.4020340">
    <ele>77.9</ele>
    <time>2024-07-27T11:28:02Z</time>
   </trkpt>
   <trkpt lat="43.6345910" lon="-79.4020220">
    <ele>77.9</ele>
    <time>2024-07-27T11:28:03Z</time>
   </trkpt>
   <trkpt lat="43.6345790" lon="-79.4020160">
    <ele>77.9</ele>
    <time>2024-07-27T11:28:04Z</time>
   </trkpt>
   <trkpt lat="43.6345470" lon="-79.4019810">
    <ele>77.9</ele>
    <time>2024-07-27T11:28:05Z</time>
   </trkpt>
   <trkpt lat="43.6345330" lon="-79.4019670">
    <ele>77.9</ele>
    <time>2024-07-27T11:28:06Z</time>
   </trkpt>
   <trkpt lat="43.6345060" lon="-79.4019380">
    <ele>77.8</ele>
    <time>2024-07-27T11:28:07Z</time>
   </trkpt>
   <trkpt lat="43.6344980" lon="-79.4019310">
    <ele>77.8</ele>
    <time>2024-07-27T11:28:08Z</time>
   </trkpt>
   <trkpt lat="43.6344700" lon="-79.4019090">
    <ele>77.8</ele>
    <time>2024-07-27T11:28:09Z</time>
   </trkpt>
   <trkpt lat="43.6344640" lon="-79.4018990">
    <ele>77.8</ele>
    <time>2024-07-27T11:28:10Z</time>
   </trkpt>
   <trkpt lat="43.6344630" lon="-79.4018840">
    <ele>77.8</ele>
    <time>2024-07-27T11:28:11Z</time>
   </trkpt>
   <trkpt lat="43.6344400" lon="-79.4018640">
    <ele>77.8</ele>
    <time>2024-07-27T11:28:12Z</time>
   </trkpt>
   <trkpt lat="43.6344320" lon="-79.4018260">
    <ele>77.8</ele>
    <time>2024-07-27T11:28:13Z</time>
   </trkpt>
   <trkpt lat="43.6344170" lon="-79.4018190">
    <ele>77.9</ele>
    <time>2024-07-27T11:28:14Z</time>
   </trkpt>
   <trkpt lat="43.6343840" lon="-79.4017930">
    <ele>77.9</ele>
    <time>2024-07-27T11:28:15Z</time>
   </trkpt>
   <trkpt lat="43.6343730" lon="-79.4017580">
    <ele>77.9</ele>
    <time>2024-07-27T11:28:16Z</time>
   </trkpt>
   <trkpt lat="43.6343700" lon="-79.4017450">
    <ele>77.9</ele>
    <time>2024-07-27T11:28:17Z</time>
   </trkpt>
   <trkpt lat="43.6343590" lon="-79.4016860">
    <ele>77.9</ele>
    <time>2024-07-27T11:28:18Z</time>
   </trkpt>
   <trkpt lat="43.6343650" lon="-79.4016530">
    <ele>78.0</ele>
    <time>2024-07-27T11:28:19Z</time>
   </trkpt>
   <trkpt lat="43.6343470" lon="-79.4015980">
    <ele>78.0</ele>
    <time>2024-07-27T11:28:20Z</time>
   </trkpt>
   <trkpt lat="43.6343190" lon="-79.4015750">
    <ele>78.1</ele>
    <time>2024-07-27T11:28:21Z</time>
   </trkpt>
   <trkpt lat="43.6343070" lon="-79.4015710">
    <ele>78.1</ele>
    <time>2024-07-27T11:28:22Z</time>
   </trkpt>
   <trkpt lat="43.6342670" lon="-79.4015550">
    <ele>78.1</ele>
    <time>2024-07-27T11:28:23Z</time>
   </trkpt>
   <trkpt lat="43.6342460" lon="-79.4015440">
    <ele>78.1</ele>
    <time>2024-07-27T11:28:24Z</time>
   </trkpt>
   <trkpt lat="43.6342330" lon="-79.4015290">
    <ele>78.2</ele>
    <time>2024-07-27T11:28:25Z</time>
   </trkpt>
   <trkpt lat="43.6342220" lon="-79.4015130">
    <ele>78.2</ele>
    <time>2024-07-27T11:28:26Z</time>
   </trkpt>
   <trkpt lat="43.6341940" lon="-79.4015020">
    <ele>78.2</ele>
    <time>2024-07-27T11:28:27Z</time>
   </trkpt>
   <trkpt lat="43.6341780" lon="-79.4014730">
    <ele>78.2</ele>
    <time>2024-07-27T11:28:28Z</time>
   </trkpt>
   <trkpt lat="43.6341700" lon="-79.4014620">
    <ele>78.2</ele>
    <time>2024-07-27T11:28:29Z</time>
   </trkpt>
   <trkpt lat="43.6341540" lon="-79.4014250">
    <ele>78.2</ele>
    <time>2024-07-27T11:28:30Z</time>
   </trkpt>
   <trkpt lat="43.6341500" lon="-79.4014110">
    <ele>78.3</ele>
    <time>2024-07-27T11:28:31Z</time>
   </trkpt>
   <trkpt lat="43.6341340" lon="-79.4013790">
    <ele>78.3</ele>
    <time>2024-07-27T11:28:32Z</time>
   </trkpt>
   <trkpt lat="43.6341250" lon="-79.4013720">
    <ele>78.3</ele>
    <time>2024-07-27T11:28:33Z</time>
   </trkpt>
   <trkpt lat="43.6341130" lon="-79.4013260">
    <ele>78.3</ele>
    <time>2024-07-27T11:28:34Z</time>
   </trkpt>
   <trkpt lat="43.6341120" lon="-79.4013110">
    <ele>78.3</ele>
    <time>2024-07-27T11:28:35Z</time>
   </trkpt>
   <trkpt lat="43.6341190" lon="-79.4012750">
    <ele>78.3</ele>
    <time>2024-07-27T11:28:36Z</time>
   </trkpt>
   <trkpt lat="43.6341430" lon="-79.4012360">
    <ele>78.3</ele>
    <time>2024-07-27T11:28:37Z</time>
   </trkpt>
   <trkpt lat="43.6341480" lon="-79.4012220">
    <ele>78.4</ele>
    <time>2024-07-27T11:28:38Z</time>
   </trkpt>
   <trkpt lat="43.6341800" lon="-79.4012010">
    <ele>78.4</ele>
    <time>2024-07-27T11:28:39Z</time>
   </trkpt>
   <trkpt lat="43.6341890" lon="-79.4011910">
    <ele>78.4</ele>
    <time>2024-07-27T11:28:40Z</time>
   </trkpt>
   <trkpt lat="43.6342290" lon="-79.4011750">
    <ele>78.4</ele>
    <time>2024-07-27T11:28:41Z</time>
   </trkpt>
   <trkpt lat="43.6342440" lon="-79.4011740">
    <ele>78.4</ele>
    <time>2024-07-27T11:28:42Z</time>
   </trkpt>
   <trkpt lat="43.6342720" lon="-79.4011470">
    <ele>78.4</ele>
    <time>2024-07-27T11:28:43Z</time>
   </trkpt>
   <trkpt lat="43.6342770" lon="-79.4011340">
    <ele>78.4</ele>
    <time>2024-07-27T11:28:44Z</time>
   </trkpt>
   <trkpt lat="43.6342920" lon="-79.4010990">
    <ele>78.5</ele>
    <time>2024-07-27T11:28:45Z</time>
   </trkpt>
   <trkpt lat="43.6343020" lon="-79.4010860">
    <ele>78.5</ele>
    <time>2024-07-27T11:28:46Z</time>
   </trkpt>
   <trkpt lat="43.6343260" lon="-79.4010460">
    <ele>78.5</ele>
    <time>2024-07-27T11:28:47Z</time>
   </trkpt>
   <trkpt lat="43.6343380" lon="-79.4009950">
    <ele>78.6</ele>
    <time>2024-07-27T11:28:48Z</time>
   </trkpt>
   <trkpt lat="43.6343400" lon="-79.4009770">
    <ele>78.6</ele>
    <time>2024-07-27T11:28:49Z</time>
   </trkpt>
   <trkpt lat="43.6343400" lon="-79.4009350">
    <ele>78.6</ele>
    <time>2024-07-27T11:28:50Z</time>
   </trkpt>
   <trkpt lat="43.6343690" lon="-79.4009130">
    <ele>78.7</ele>
    <time>2024-07-27T11:28:51Z</time>
   </trkpt>
   <trkpt lat="43.6343780" lon="-79.4009030">
    <ele>78.7</ele>
    <time>2024-07-27T11:28:52Z</time>
   </trkpt>
   <trkpt lat="43.6343900" lon="-79.4008520">
    <ele>78.7</ele>
    <time>2024-07-27T11:28:53Z</time>
   </trkpt>
   <trkpt lat="43.6343960" lon="-79.4008340">
    <ele>78.7</ele>
    <time>2024-07-27T11:28:54Z</time>
   </trkpt>
   <trkpt lat="43.6344180" lon="-79.4008110">
    <ele>78.8</ele>
    <time>2024-07-27T11:28:55Z</time>
   </trkpt>
   <trkpt lat="43.6344410" lon="-79.4007840">
    <ele>78.8</ele>
    <time>2024-07-27T11:28:56Z</time>
   </trkpt>
   <trkpt lat="43.6344430" lon="-79.4007710">
    <ele>78.8</ele>
    <time>2024-07-27T11:28:57Z</time>
   </trkpt>
   <trkpt lat="43.6344410" lon="-79.4007210">
    <ele>78.8</ele>
    <time>2024-07-27T11:28:58Z</time>
   </trkpt>
   <trkpt lat="43.6344380" lon="-79.4007020">
    <ele>78.9</ele>
    <time>2024-07-27T11:28:59Z</time>
   </trkpt>
   <trkpt lat="43.6344550" lon="-79.4006650">
    <ele>78.9</ele>
    <time>2024-07-27T11:29:00Z</time>
   </trkpt>
   <trkpt lat="43.6344600" lon="-79.4006500">
    <ele>78.9</ele>
    <time>2024-07-27T11:29:01Z</time>
   </trkpt>
   <trkpt lat="43.6344850" lon="-79.4006310">
    <ele>78.9</ele>
    <time>2024-07-27T11:29:02Z</time>
   </trkpt>
   <trkpt lat="43.6344900" lon="-79.4006220">
    <ele>78.9</ele>
    <time>2024-07-27T11:29:03Z</time>
   </trkpt>
   <trkpt lat="43.6344940" lon="-79.4005840">
    <ele>78.9</ele>
    <time>2024-07-27T11:29:04Z</time>
   </trkpt>
   <trkpt lat="43.6344970" lon="-79.4005690">
    <ele>78.9</ele>
    <time>2024-07-27T11:29:05Z</time>
   </trkpt>
   <trkpt lat="43.6345030" lon="-79.4005510">
    <ele>78.9</ele>
    <time>2024-07-27T11:29:06Z</time>
   </trkpt>
   <trkpt lat="43.6345010" lon="-79.4005370">
    <ele>78.9</ele>
    <time>2024-07-27T11:29:07Z</time>
   </trkpt>
   <trkpt lat="43.6345130" lon="-79.4005270">
    <ele>78.9</ele>
    <time>2024-07-27T11:29:08Z</time>
   </trkpt>
   <trkpt lat="43.6345290" lon="-79.4004900">
    <ele>78.9</ele>
    <time>2024-07-27T11:29:09Z</time>
   </trkpt>
   <trkpt lat="43.6345310" lon="-79.4004770">
    <ele>78.9</ele>
    <time>2024-07-27T11:29:10Z</time>
   </trkpt>
   <trkpt lat="43.6345550" lon="-79.4004410">
    <ele>78.9</ele>
    <time>2024-07-27T11:29:11Z</time>
   </trkpt>
   <trkpt lat="43.6345610" lon="-79.4004300">
    <ele>78.9</ele>
    <time>2024-07-27T11:29:12Z</time>
   </trkpt>
   <trkpt lat="43.6345740" lon="-79.4003960">
    <ele>78.9</ele>
    <time>2024-07-27T11:29:13Z</time>
   </trkpt>
   <trkpt lat="43.6345880" lon="-79.4003500">
    <ele>78.9</ele>
    <time>2024-07-27T11:29:14Z</time>
   </trkpt>
   <trkpt lat="43.6345930" lon="-79.4003390">
    <ele>78.9</ele>
    <time>2024-07-27T11:29:15Z</time>
   </trkpt>
   <trkpt lat="43.6345920" lon="-79.4003120">
    <ele>78.8</ele>
    <time>2024-07-27T11:29:16Z</time>
   </trkpt>
   <trkpt lat="43.6345970" lon="-79.4002920">
    <ele>78.8</ele>
    <time>2024-07-27T11:29:17Z</time>
   </trkpt>
   <trkpt lat="43.6346120" lon="-79.4002460">
    <ele>78.8</ele>
    <time>2024-07-27T11:29:18Z</time>
   </trkpt>
   <trkpt lat="43.6346190" lon="-79.4002260">
    <ele>78.8</ele>
    <time>2024-07-27T11:29:19Z</time>
   </trkpt>
   <trkpt lat="43.6346090" lon="-79.4001910">
    <ele>78.8</ele>
    <time>2024-07-27T11:29:20Z</time>
   </trkpt>
   <trkpt lat="43.6346210" lon="-79.4001680">
    <ele>78.8</ele>
    <time>2024-07-27T11:29:21Z</time>
   </trkpt>
   <trkpt lat="43.6346140" lon="-79.4001460">
    <ele>78.8</ele>
    <time>2024-07-27T11:29:22Z</time>
   </trkpt>
   <trkpt lat="43.6346450" lon="-79.4001180">
    <ele>78.8</ele>
    <time>2024-07-27T11:29:23Z</time>
   </trkpt>
   <trkpt lat="43.6346710" lon="-79.4000750">
    <ele>78.8</ele>
    <time>2024-07-27T11:29:24Z</time>
   </trkpt>
   <trkpt lat="43.6346810" lon="-79.4000570">
    <ele>78.8</ele>
    <time>2024-07-27T11:29:25Z</time>
   </trkpt>
   <trkpt lat="43.6347060" lon="-79.4000340">
    <ele>78.8</ele>
    <time>2024-07-27T11:29:26Z</time>
   </trkpt>
   <trkpt lat="43.6347220" lon="-79.4000200">
    <ele>78.8</ele>
    <time>2024-07-27T11:29:27Z</time>
   </trkpt>
   <trkpt lat="43.6347380" lon="-79.3999760">
    <ele>78.8</ele>
    <time>2024-07-27T11:29:28Z</time>
   </trkpt>
   <trkpt lat="43.6347460" lon="-79.3999640">
    <ele>78.8</ele>
    <time>2024-07-27T11:29:29Z</time>
   </trkpt>
   <trkpt lat="43.6347730" lon="-79.3999370">
    <ele>78.8</ele>
    <time>2024-07-27T11:29:30Z</time>
   </trkpt>
   <trkpt lat="43.6347880" lon="-79.3999270">
    <ele>78.8</ele>
    <time>2024-07-27T11:29:31Z</time>
   </trkpt>
   <trkpt lat="43.6348140" lon="-79.3998880">
    <ele>78.7</ele>
    <time>2024-07-27T11:29:32Z</time>
   </trkpt>
   <trkpt lat="43.6348300" lon="-79.3998790">
    <ele>78.7</ele>
    <time>2024-07-27T11:29:33Z</time>
   </trkpt>
   <trkpt lat="43.6348520" lon="-79.3998300">
    <ele>78.7</ele>
    <time>2024-07-27T11:29:34Z</time>
   </trkpt>
   <trkpt lat="43.6348580" lon="-79.3998040">
    <ele>78.7</ele>
    <time>2024-07-27T11:29:35Z</time>
   </trkpt>
   <trkpt lat="43.6348780" lon="-79.3997710">
    <ele>78.7</ele>
    <time>2024-07-27T11:29:36Z</time>
   </trkpt>
   <trkpt lat="43.6348980" lon="-79.3997320">
    <ele>78.7</ele>
    <time>2024-07-27T11:29:37Z</time>
   </trkpt>
   <trkpt lat="43.6349040" lon="-79.3997150">
    <ele>78.7</ele>
    <time>2024-07-27T11:29:38Z</time>
   </trkpt>
   <trkpt lat="43.6349150" lon="-79.3996790">
    <ele>78.7</ele>
    <time>2024-07-27T11:29:39Z</time>
   </trkpt>
   <trkpt lat="43.6349370" lon="-79.3996470">
    <ele>78.7</ele>
    <time>2024-07-27T11:29:40Z</time>
   </trkpt>
   <trkpt lat="43.6349420" lon="-79.3996380">
    <ele>78.7</ele>
    <time>2024-07-27T11:29:41Z</time>
   </trkpt>
   <trkpt lat="43.6349650" lon="-79.3996100">
    <ele>78.7</ele>
    <time>2024-07-27T11:29:42Z</time>
   </trkpt>
   <trkpt lat="43.6349830" lon="-79.3995790">
    <ele>78.7</ele>
    <time>2024-07-27T11:29:43Z</time>
   </trkpt>
   <trkpt lat="43.6349920" lon="-79.3995690">
    <ele>78.7</ele>
    <time>2024-07-27T11:29:44Z</time>
   </trkpt>
   <trkpt lat="43.6350280" lon="-79.3995450">
    <ele>78.7</ele>
    <time>2024-07-27T11:29:45Z</time>
   </trkpt>
   <trkpt lat="43.6350410" lon="-79.3995320">
    <ele>78.7</ele>
    <time>2024-07-27T11:29:46Z</time>
   </trkpt>
   <trkpt lat="43.6350670" lon="-79.3995110">
    <ele>78.7</ele>
    <time>2024-07-27T11:29:47Z</time>
   </trkpt>
   <trkpt lat="43.6350750" lon="-79.3995080">
    <ele>78.7</ele>
    <time>2024-07-27T11:29:48Z</time>
   </trkpt>
   <trkpt lat="43.6350760" lon="-79.3994650">
    <ele>78.7</ele>
    <time>2024-07-27T11:29:49Z</time>
   </trkpt>
   <trkpt lat="43.6350910" lon="-79.3994190">
    <ele>78.8</ele>
    <time>2024-07-27T11:29:50Z</time>
   </trkpt>
   <trkpt lat="43.6350950" lon="-79.3994080">
    <ele>78.8</ele>
    <time>2024-07-27T11:29:51Z</time>
   </trkpt>
   <trkpt lat="43.6351140" lon="-79.3993830">
    <ele>78.8</ele>
    <time>2024-07-27T11:29:52Z</time>
   </trkpt>
   <trkpt lat="43.6351250" lon="-79.3993700">
    <ele>78.8</ele>
    <time>2024-07-27T11:29:53Z</time>
   </trkpt>
   <trkpt lat="43.6351260" lon="-79.3993290">
    <ele>78.8</ele>
    <time>2024-07-27T11:29:54Z</time>
   </trkpt>
   <trkpt lat="43.6351300" lon="-79.3993140">
    <ele>78.8</ele>
    <time>2024-07-27T11:29:55Z</time>
   </trkpt>
   <trkpt lat="43.6351490" lon="-79.3992690">
    <ele>78.8</ele>
    <time>2024-07-27T11:29:56Z</time>
   </trkpt>
   <trkpt lat="43.6351570" lon="-79.3992560">
    <ele>78.8</ele>
    <time>2024-07-27T11:29:57Z</time>
   </trkpt>
   <trkpt lat="43.6351730" lon="-79.3992140">
    <ele>78.8</ele>
    <time>2024-07-27T11:29:58Z</time>
   </trkpt>
   <trkpt lat="43.6351830" lon="-79.3992050">
    <ele>78.8</ele>
    <time>2024-07-27T11:29:59Z</time>
   </trkpt>
   <trkpt lat="43.6351940" lon="-79.3991710">
    <ele>78.8</ele>
    <time>2024-07-27T11:30:00Z</time>
   </trkpt>
   <trkpt lat="43.6351980" lon="-79.3991590">
    <ele>78.8</ele>
    <time>2024-07-27T11:30:01Z</time>
   </trkpt>
   <trkpt lat="43.6352060" lon="-79.3991400">
    <ele>78.8</ele>
    <time>2024-07-27T11:30:02Z</time>
   </trkpt>
   <trkpt lat="43.6352040" lon="-79.3991160">
    <ele>78.8</ele>
    <time>2024-07-27T11:30:03Z</time>
   </trkpt>
   <trkpt lat="43.6352560" lon="-79.3990870">
    <ele>78.8</ele>
    <time>2024-07-27T11:30:04Z</time>
   </trkpt>
   <trkpt lat="43.6352900" lon="-79.3990830">
    <ele>78.8</ele>
    <time>2024-07-27T11:30:05Z</time>
   </trkpt>
   <trkpt lat="43.6353060" lon="-79.3990450">
    <ele>78.8</ele>
    <time>2024-07-27T11:30:06Z</time>
   </trkpt>
   <trkpt lat="43.6353270" lon="-79.3989990">
    <ele>78.8</ele>
    <time>2024-07-27T11:30:07Z</time>
   </trkpt>
   <trkpt lat="43.6353340" lon="-79.3989800">
    <ele>78.8</ele>
    <time>2024-07-27T11:30:08Z</time>
   </trkpt>
   <trkpt lat="43.6353610" lon="-79.3989410">
    <ele>78.7</ele>
    <time>2024-07-27T11:30:09Z</time>
   </trkpt>
   <trkpt lat="43.6353780" lon="-79.3989310">
    <ele>78.7</ele>
    <time>2024-07-27T11:30:10Z</time>
   </trkpt>
   <trkpt lat="43.6354090" lon="-79.3989060">
    <ele>78.7</ele>
    <time>2024-07-27T11:30:11Z</time>
   </trkpt>
   <trkpt lat="43.6354280" lon="-79.3989040">
    <ele>78.7</ele>
    <time>2024-07-27T11:30:12Z</time>
   </trkpt>
   <trkpt lat="43.6354230" lon="-79.3988690">
    <ele>78.7</ele>
    <time>2024-07-27T11:30:13Z</time>
   </trkpt>
   <trkpt lat="43.6354330" lon="-79.3988570">
    <ele>78.7</ele>
    <time>2024-07-27T11:30:14Z</time>
   </trkpt>
   <trkpt lat="43.6354440" lon="-79.3988460">
    <ele>78.7</ele>
    <time>2024-07-27T11:30:15Z</time>
   </trkpt>
   <trkpt lat="43.6354780" lon="-79.3988260">
    <ele>78.7</ele>
    <time>2024-07-27T11:30:16Z</time>
   </trkpt>
   <trkpt lat="43.6354770" lon="-79.3988440">
    <ele>78.7</ele>
    <time>2024-07-27T11:30:17Z</time>
   </trkpt>
   <trkpt lat="43.6354860" lon="-79.3987810">
    <ele>78.7</ele>
    <time>2024-07-27T11:30:18Z</time>
   </trkpt>
   <trkpt lat="43.6355150" lon="-79.3986740">
    <ele>78.7</ele>
    <time>2024-07-27T11:30:19Z</time>
   </trkpt>
   <trkpt lat="43.6355150" lon="-79.3986280">
    <ele>78.7</ele>
    <time>2024-07-27T11:30:20Z</time>
   </trkpt>
   <trkpt lat="43.6355230" lon="-79.3986120">
    <ele>78.7</ele>
    <time>2024-07-27T11:30:21Z</time>
   </trkpt>
   <trkpt lat="43.6355490" lon="-79.3985760">
    <ele>78.7</ele>
    <time>2024-07-27T11:30:22Z</time>
   </trkpt>
   <trkpt lat="43.6355580" lon="-79.3985650">
    <ele>78.7</ele>
    <time>2024-07-27T11:30:23Z</time>
   </trkpt>
   <trkpt lat="43.6355630" lon="-79.3985230">
    <ele>78.7</ele>
    <time>2024-07-27T11:30:24Z</time>
   </trkpt>
   <trkpt lat="43.6355760" lon="-79.3985100">
    <ele>78.7</ele>
    <time>2024-07-27T11:30:25Z</time>
   </trkpt>
   <trkpt lat="43.6355800" lon="-79.3984820">
    <ele>78.7</ele>
    <time>2024-07-27T11:30:26Z</time>
   </trkpt>
   <trkpt lat="43.6355880" lon="-79.3984360">
    <ele>78.7</ele>
    <time>2024-07-27T11:30:27Z</time>
   </trkpt>
   <trkpt lat="43.6356060" lon="-79.3984030">
    <ele>78.7</ele>
    <time>2024-07-27T11:30:28Z</time>
   </trkpt>
   <trkpt lat="43.6356050" lon="-79.3983580">
    <ele>78.7</ele>
    <time>2024-07-27T11:30:29Z</time>
   </trkpt>
   <trkpt lat="43.6356040" lon="-79.3983400">
    <ele>78.7</ele>
    <time>2024-07-27T11:30:30Z</time>
   </trkpt>
   <trkpt lat="43.6356100" lon="-79.3983030">
    <ele>78.7</ele>
    <time>2024-07-27T11:30:31Z</time>
   </trkpt>
   <trkpt lat="43.6356120" lon="-79.3982730">
    <ele>78.6</ele>
    <time>2024-07-27T11:30:32Z</time>
   </trkpt>
   <trkpt lat="43.6356210" lon="-79.3982570">
    <ele>78.6</ele>
    <time>2024-07-27T11:30:33Z</time>
   </trkpt>
   <trkpt lat="43.6356510" lon="-79.3982480">
    <ele>78.6</ele>
    <time>2024-07-27T11:30:34Z</time>
   </trkpt>
   <trkpt lat="43.6356550" lon="-79.3982380">
    <ele>78.6</ele>
    <time>2024-07-27T11:30:35Z</time>
   </trkpt>
   <trkpt lat="43.6356620" lon="-79.3981980">
    <ele>78.6</ele>
    <time>2024-07-27T11:30:36Z</time>
   </trkpt>
   <trkpt lat="43.6356630" lon="-79.3981850">
    <ele>78.6</ele>
    <time>2024-07-27T11:30:37Z</time>
   </trkpt>
   <trkpt lat="43.6356690" lon="-79.3981480">
    <ele>78.6</ele>
    <time>2024-07-27T11:30:38Z</time>
   </trkpt>
   <trkpt lat="43.6356650" lon="-79.3981090">
    <ele>78.6</ele>
    <time>2024-07-27T11:30:39Z</time>
   </trkpt>
   <trkpt lat="43.6356800" lon="-79.3980760">
    <ele>78.6</ele>
    <time>2024-07-27T11:30:40Z</time>
   </trkpt>
   <trkpt lat="43.6356960" lon="-79.3980430">
    <ele>78.6</ele>
    <time>2024-07-27T11:30:41Z</time>
   </trkpt>
   <trkpt lat="43.6357010" lon="-79.3980340">
    <ele>78.6</ele>
    <time>2024-07-27T11:30:42Z</time>
   </trkpt>
   <trkpt lat="43.6357110" lon="-79.3980270">
    <ele>78.6</ele>
    <time>2024-07-27T11:30:43Z</time>
   </trkpt>
   <trkpt lat="43.6357260" lon="-79.3979980">
    <ele>78.6</ele>
    <time>2024-07-27T11:30:44Z</time>
   </trkpt>
   <trkpt lat="43.6357450" lon="-79.3979700">
    <ele>78.6</ele>
    <time>2024-07-27T11:30:45Z</time>
   </trkpt>
   <trkpt lat="43.6357540" lon="-79.3979610">
    <ele>78.6</ele>
    <time>2024-07-27T11:30:46Z</time>
   </trkpt>
   <trkpt lat="43.6357780" lon="-79.3979400">
    <ele>78.6</ele>
    <time>2024-07-27T11:30:47Z</time>
   </trkpt>
   <trkpt lat="43.6357890" lon="-79.3979320">
    <ele>78.6</ele>
    <time>2024-07-27T11:30:48Z</time>
   </trkpt>
   <trkpt lat="43.6358200" lon="-79.3979060">
    <ele>78.6</ele>
    <time>2024-07-27T11:30:49Z</time>
   </trkpt>
   <trkpt lat="43.6358290" lon="-79.3978980">
    <ele>78.6</ele>
    <time>2024-07-27T11:30:50Z</time>
   </trkpt>
   <trkpt lat="43.6358500" lon="-79.3978750">
    <ele>78.6</ele>
    <time>2024-07-27T11:30:51Z</time>
   </trkpt>
   <trkpt lat="43.6358760" lon="-79.3978400">
    <ele>78.6</ele>
    <time>2024-07-27T11:30:52Z</time>
   </trkpt>
   <trkpt lat="43.6358880" lon="-79.3978320">
    <ele>78.6</ele>
    <time>2024-07-27T11:30:53Z</time>
   </trkpt>
   <trkpt lat="43.6359130" lon="-79.3978040">
    <ele>78.6</ele>
    <time>2024-07-27T11:30:54Z</time>
   </trkpt>
   <trkpt lat="43.6359190" lon="-79.3977950">
    <ele>78.7</ele>
    <time>2024-07-27T11:30:55Z</time>
   </trkpt>
   <trkpt lat="43.6359410" lon="-79.3977760">
    <ele>78.7</ele>
    <time>2024-07-27T11:30:56Z</time>
   </trkpt>
   <trkpt lat="43.6359370" lon="-79.3977620">
    <ele>78.7</ele>
    <time>2024-07-27T11:30:57Z</time>
   </trkpt>
   <trkpt lat="43.6359520" lon="-79.3977300">
    <ele>78.7</ele>
    <time>2024-07-27T11:30:58Z</time>
   </trkpt>
   <trkpt lat="43.6359570" lon="-79.3977120">
    <ele>78.7</ele>
    <time>2024-07-27T11:30:59Z</time>
   </trkpt>
   <trkpt lat="43.6359760" lon="-79.3976820">
    <ele>78.7</ele>
    <time>2024-07-27T11:31:00Z</time>
   </trkpt>
   <trkpt lat="43.6359810" lon="-79.3976740">
    <ele>78.7</ele>
    <time>2024-07-27T11:31:01Z</time>
   </trkpt>
   <trkpt lat="43.6359920" lon="-79.3976360">
    <ele>78.6</ele>
    <time>2024-07-27T11:31:02Z</time>
   </trkpt>
   <trkpt lat="43.6360090" lon="-79.3975910">
    <ele>78.6</ele>
    <time>2024-07-27T11:31:03Z</time>
   </trkpt>
   <trkpt lat="43.6360160" lon="-79.3975760">
    <ele>78.6</ele>
    <time>2024-07-27T11:31:04Z</time>
   </trkpt>
   <trkpt lat="43.6360390" lon="-79.3975460">
    <ele>78.6</ele>
    <time>2024-07-27T11:31:06Z</time>
   </trkpt>
   <trkpt lat="43.6360440" lon="-79.3975280">
    <ele>78.6</ele>
    <time>2024-07-27T11:31:07Z</time>
   </trkpt>
   <trkpt lat="43.6360550" lon="-79.3974930">
    <ele>78.6</ele>
    <time>2024-07-27T11:31:08Z</time>
   </trkpt>
   <trkpt lat="43.6360810" lon="-79.3974670">
    <ele>78.6</ele>
    <time>2024-07-27T11:31:09Z</time>
   </trkpt>
   <trkpt lat="43.6360930" lon="-79.3974580">
    <ele>78.6</ele>
    <time>2024-07-27T11:31:10Z</time>
   </trkpt>
   <trkpt lat="43.6361250" lon="-79.3974500">
    <ele>78.6</ele>
    <time>2024-07-27T11:31:11Z</time>
   </trkpt>
   <trkpt lat="43.6361340" lon="-79.3974040">
    <ele>78.6</ele>
    <time>2024-07-27T11:31:12Z</time>
   </trkpt>
   <trkpt lat="43.6361310" lon="-79.3973850">
    <ele>78.6</ele>
    <time>2024-07-27T11:31:13Z</time>
   </trkpt>
   <trkpt lat="43.6361450" lon="-79.3973720">
    <ele>78.6</ele>
    <time>2024-07-27T11:31:14Z</time>
   </trkpt>
   <trkpt lat="43.6361600" lon="-79.3973570">
    <ele>78.6</ele>
    <time>2024-07-27T11:31:15Z</time>
   </trkpt>
   <trkpt lat="43.6361750" lon="-79.3973270">
    <ele>78.6</ele>
    <time>2024-07-27T11:31:16Z</time>
   </trkpt>
   <trkpt lat="43.6361820" lon="-79.3973160">
    <ele>78.6</ele>
    <time>2024-07-27T11:31:17Z</time>
   </trkpt>
   <trkpt lat="43.6362180" lon="-79.3972790">
    <ele>78.6</ele>
    <time>2024-07-27T11:31:18Z</time>
   </trkpt>
   <trkpt lat="43.6362370" lon="-79.3972650">
    <ele>78.6</ele>
    <time>2024-07-27T11:31:19Z</time>
   </trkpt>
   <trkpt lat="43.6362550" lon="-79.3972360">
    <ele>78.5</ele>
    <time>2024-07-27T11:31:20Z</time>
   </trkpt>
   <trkpt lat="43.6362840" lon="-79.3971920">
    <ele>78.5</ele>
    <time>2024-07-27T11:31:21Z</time>
   </trkpt>
   <trkpt lat="43.6363040" lon="-79.3971750">
    <ele>78.5</ele>
    <time>2024-07-27T11:31:22Z</time>
   </trkpt>
   <trkpt lat="43.6363360" lon="-79.3971440">
    <ele>78.4</ele>
    <time>2024-07-27T11:31:23Z</time>
   </trkpt>
   <trkpt lat="43.6363510" lon="-79.3971370">
    <ele>78.4</ele>
    <time>2024-07-27T11:31:24Z</time>
   </trkpt>
   <trkpt lat="43.6363990" lon="-79.3971320">
    <ele>78.3</ele>
    <time>2024-07-27T11:31:25Z</time>
   </trkpt>
   <trkpt lat="43.6364310" lon="-79.3971100">
    <ele>78.3</ele>
    <time>2024-07-27T11:31:26Z</time>
   </trkpt>
   <trkpt lat="43.6364480" lon="-79.3970980">
    <ele>78.2</ele>
    <time>2024-07-27T11:31:27Z</time>
   </trkpt>
   <trkpt lat="43.6364430" lon="-79.3970560">
    <ele>78.2</ele>
    <time>2024-07-27T11:31:28Z</time>
   </trkpt>
   <trkpt lat="43.6364380" lon="-79.3970140">
    <ele>78.2</ele>
    <time>2024-07-27T11:31:29Z</time>
   </trkpt>
   <trkpt lat="43.6364510" lon="-79.3969770">
    <ele>78.2</ele>
    <time>2024-07-27T11:31:30Z</time>
   </trkpt>
   <trkpt lat="43.6364550" lon="-79.3969600">
    <ele>78.2</ele>
    <time>2024-07-27T11:31:31Z</time>
   </trkpt>
   <trkpt lat="43.6364640" lon="-79.3969190">
    <ele>78.1</ele>
    <time>2024-07-27T11:31:32Z</time>
   </trkpt>
   <trkpt lat="43.6364750" lon="-79.3968770">
    <ele>78.1</ele>
    <time>2024-07-27T11:31:33Z</time>
   </trkpt>
   <trkpt lat="43.6364800" lon="-79.3968640">
    <ele>78.1</ele>
    <time>2024-07-27T11:31:34Z</time>
   </trkpt>
   <trkpt lat="43.6364950" lon="-79.3968240">
    <ele>78.1</ele>
    <time>2024-07-27T11:31:35Z</time>
   </trkpt>
   <trkpt lat="43.6364980" lon="-79.3968110">
    <ele>78.1</ele>
    <time>2024-07-27T11:31:36Z</time>
   </trkpt>
   <trkpt lat="43.6365090" lon="-79.3967650">
    <ele>78.1</ele>
    <time>2024-07-27T11:31:37Z</time>
   </trkpt>
   <trkpt lat="43.6365130" lon="-79.3967520">
    <ele>78.1</ele>
    <time>2024-07-27T11:31:38Z</time>
   </trkpt>
   <trkpt lat="43.6365210" lon="-79.3967190">
    <ele>78.1</ele>
    <time>2024-07-27T11:31:39Z</time>
   </trkpt>
   <trkpt lat="43.6365240" lon="-79.3967020">
    <ele>78.1</ele>
    <time>2024-07-27T11:31:40Z</time>
   </trkpt>
   <trkpt lat="43.6365360" lon="-79.3966400">
    <ele>78.0</ele>
    <time>2024-07-27T11:31:41Z</time>
   </trkpt>
   <trkpt lat="43.6365400" lon="-79.3966030">
    <ele>78.0</ele>
    <time>2024-07-27T11:31:42Z</time>
   </trkpt>
   <trkpt lat="43.6365480" lon="-79.3965670">
    <ele>78.0</ele>
    <time>2024-07-27T11:31:43Z</time>
   </trkpt>
   <trkpt lat="43.6365500" lon="-79.3965220">
    <ele>77.9</ele>
    <time>2024-07-27T11:31:44Z</time>
   </trkpt>
   <trkpt lat="43.6365480" lon="-79.3965030">
    <ele>77.9</ele>
    <time>2024-07-27T11:31:45Z</time>
   </trkpt>
   <trkpt lat="43.6365490" lon="-79.3964620">
    <ele>77.9</ele>
    <time>2024-07-27T11:31:46Z</time>
   </trkpt>
   <trkpt lat="43.6365490" lon="-79.3964470">
    <ele>77.9</ele>
    <time>2024-07-27T11:31:47Z</time>
   </trkpt>
   <trkpt lat="43.6365490" lon="-79.3964080">
    <ele>77.9</ele>
    <time>2024-07-27T11:31:48Z</time>
   </trkpt>
   <trkpt lat="43.6365480" lon="-79.3963930">
    <ele>77.9</ele>
    <time>2024-07-27T11:31:49Z</time>
   </trkpt>
   <trkpt lat="43.6365490" lon="-79.3963520">
    <ele>77.9</ele>
    <time>2024-07-27T11:31:50Z</time>
   </trkpt>
   <trkpt lat="43.6365470" lon="-79.3963290">
    <ele>77.9</ele>
    <time>2024-07-27T11:31:51Z</time>
   </trkpt>
   <trkpt lat="43.6365470" lon="-79.3962840">
    <ele>77.9</ele>
    <time>2024-07-27T11:31:52Z</time>
   </trkpt>
   <trkpt lat="43.6365520" lon="-79.3962690">
    <ele>77.9</ele>
    <time>2024-07-27T11:31:53Z</time>
   </trkpt>
   <trkpt lat="43.6365570" lon="-79.3962200">
    <ele>77.8</ele>
    <time>2024-07-27T11:31:54Z</time>
   </trkpt>
   <trkpt lat="43.6365570" lon="-79.3962020">
    <ele>77.8</ele>
    <time>2024-07-27T11:31:55Z</time>
   </trkpt>
   <trkpt lat="43.6365580" lon="-79.3961630">
    <ele>77.8</ele>
    <time>2024-07-27T11:31:56Z</time>
   </trkpt>
   <trkpt lat="43.6365640" lon="-79.3961130">
    <ele>77.8</ele>
    <time>2024-07-27T11:31:57Z</time>
   </trkpt>
   <trkpt lat="43.6365680" lon="-79.3960990">
    <ele>77.8</ele>
    <time>2024-07-27T11:31:58Z</time>
   </trkpt>
   <trkpt lat="43.6365750" lon="-79.3960350">
    <ele>77.8</ele>
    <time>2024-07-27T11:31:59Z</time>
   </trkpt>
   <trkpt lat="43.6365760" lon="-79.3959920">
    <ele>77.8</ele>
    <time>2024-07-27T11:32:00Z</time>
   </trkpt>
   <trkpt lat="43.6365760" lon="-79.3959670">
    <ele>77.7</ele>
    <time>2024-07-27T11:32:01Z</time>
   </trkpt>
   <trkpt lat="43.6365800" lon="-79.3959440">
    <ele>77.7</ele>
    <time>2024-07-27T11:32:02Z</time>
   </trkpt>
   <trkpt lat="43.6365880" lon="-79.3959530">
    <ele>77.7</ele>
    <time>2024-07-27T11:32:03Z</time>
   </trkpt>
   <trkpt lat="43.6365890" lon="-79.3959340">
    <ele>77.7</ele>
    <time>2024-07-27T11:32:04Z</time>
   </trkpt>
   <trkpt lat="43.6365860" lon="-79.3959240">
    <ele>77.7</ele>
    <time>2024-07-27T11:32:05Z</time>
   </trkpt>
   <trkpt lat="43.6365950" lon="-79.3959000">
    <ele>77.7</ele>
    <time>2024-07-27T11:32:06Z</time>
   </trkpt>
   <trkpt lat="43.6365940" lon="-79.3958800">
    <ele>77.7</ele>
    <time>2024-07-27T11:32:07Z</time>
   </trkpt>
   <trkpt lat="43.6366000" lon="-79.3958640">
    <ele>77.7</ele>
    <time>2024-07-27T11:32:08Z</time>
   </trkpt>
   <trkpt lat="43.6366020" lon="-79.3958200">
    <ele>77.7</ele>
    <time>2024-07-27T11:32:09Z</time>
   </trkpt>
   <trkpt lat="43.6366030" lon="-79.3958010">
    <ele>77.7</ele>
    <time>2024-07-27T11:32:10Z</time>
   </trkpt>
   <trkpt lat="43.6366100" lon="-79.3957630">
    <ele>77.7</ele>
    <time>2024-07-27T11:32:11Z</time>
   </trkpt>
   <trkpt lat="43.6366050" lon="-79.3957220">
    <ele>77.7</ele>
    <time>2024-07-27T11:32:12Z</time>
   </trkpt>
   <trkpt lat="43.6366070" lon="-79.3956730">
    <ele>77.7</ele>
    <time>2024-07-27T11:32:13Z</time>
   </trkpt>
   <trkpt lat="43.6366080" lon="-79.3956570">
    <ele>77.7</ele>
    <time>2024-07-27T11:32:14Z</time>
   </trkpt>
   <trkpt lat="43.6366000" lon="-79.3956060">
    <ele>77.7</ele>
    <time>2024-07-27T11:32:15Z</time>
   </trkpt>
   <trkpt lat="43.6366010" lon="-79.3955870">
    <ele>77.7</ele>
    <time>2024-07-27T11:32:16Z</time>
   </trkpt>
   <trkpt lat="43.6366060" lon="-79.3955440">
    <ele>77.7</ele>
    <time>2024-07-27T11:32:17Z</time>
   </trkpt>
   <trkpt lat="43.6366020" lon="-79.3955270">
    <ele>77.7</ele>
    <time>2024-07-27T11:32:18Z</time>
   </trkpt>
   <trkpt lat="43.6366020" lon="-79.3954870">
    <ele>77.7</ele>
    <time>2024-07-27T11:32:19Z</time>
   </trkpt>
   <trkpt lat="43.6366140" lon="-79.3954370">
    <ele>77.7</ele>
    <time>2024-07-27T11:32:20Z</time>
   </trkpt>
   <trkpt lat="43.6366220" lon="-79.3954200">
    <ele>77.7</ele>
    <time>2024-07-27T11:32:21Z</time>
   </trkpt>
   <trkpt lat="43.6366310" lon="-79.3953820">
    <ele>77.7</ele>
    <time>2024-07-27T11:32:22Z</time>
   </trkpt>
   <trkpt lat="43.6366350" lon="-79.3953680">
    <ele>77.7</ele>
    <time>2024-07-27T11:32:23Z</time>
   </trkpt>
   <trkpt lat="43.6366380" lon="-79.3953270">
    <ele>77.7</ele>
    <time>2024-07-27T11:32:24Z</time>
   </trkpt>
   <trkpt lat="43.6366330" lon="-79.3953120">
    <ele>77.7</ele>
    <time>2024-07-27T11:32:25Z</time>
   </trkpt>
   <trkpt lat="43.6366470" lon="-79.3952650">
    <ele>77.7</ele>
    <time>2024-07-27T11:32:26Z</time>
   </trkpt>
   <trkpt lat="43.6366500" lon="-79.3952490">
    <ele>77.7</ele>
    <time>2024-07-27T11:32:27Z</time>
   </trkpt>
   <trkpt lat="43.6366390" lon="-79.3952140">
    <ele>77.7</ele>
    <time>2024-07-27T11:32:28Z</time>
   </trkpt>
   <trkpt lat="43.6366500" lon="-79.3951680">
    <ele>77.7</ele>
    <time>2024-07-27T11:32:29Z</time>
   </trkpt>
   <trkpt lat="43.6366540" lon="-79.3951540">
    <ele>77.7</ele>
    <time>2024-07-27T11:32:30Z</time>
   </trkpt>
   <trkpt lat="43.6366470" lon="-79.3951170">
    <ele>77.7</ele>
    <time>2024-07-27T11:32:31Z</time>
   </trkpt>
   <trkpt lat="43.6366560" lon="-79.3950780">
    <ele>77.7</ele>
    <time>2024-07-27T11:32:32Z</time>
   </trkpt>
   <trkpt lat="43.6366590" lon="-79.3950230">
    <ele>77.7</ele>
    <time>2024-07-27T11:32:33Z</time>
   </trkpt>
   <trkpt lat="43.6366600" lon="-79.3950020">
    <ele>77.7</ele>
    <time>2024-07-27T11:32:34Z</time>
   </trkpt>
   <trkpt lat="43.6366570" lon="-79.3949600">
    <ele>77.7</ele>
    <time>2024-07-27T11:32:35Z</time>
   </trkpt>
   <trkpt lat="43.6366690" lon="-79.3949080">
    <ele>77.7</ele>
    <time>2024-07-27T11:32:36Z</time>
   </trkpt>
   <trkpt lat="43.6366690" lon="-79.3948860">
    <ele>77.7</ele>
    <time>2024-07-27T11:32:37Z</time>
   </trkpt>
   <trkpt lat="43.6366680" lon="-79.3948410">
    <ele>77.7</ele>
    <time>2024-07-27T11:32:38Z</time>
   </trkpt>
   <trkpt lat="43.6366640" lon="-79.3947920">
    <ele>77.7</ele>
    <time>2024-07-27T11:32:39Z</time>
   </trkpt>
   <trkpt lat="43.6366580" lon="-79.3947750">
    <ele>77.7</ele>
    <time>2024-07-27T11:32:40Z</time>
   </trkpt>
   <trkpt lat="43.6366710" lon="-79.3947270">
    <ele>77.7</ele>
    <time>2024-07-27T11:32:41Z</time>
   </trkpt>
   <trkpt lat="43.6366820" lon="-79.3947120">
    <ele>77.7</ele>
    <time>2024-07-27T11:32:42Z</time>
   </trkpt>
   <trkpt lat="43.6366920" lon="-79.3946760">
    <ele>77.7</ele>
    <time>2024-07-27T11:32:43Z</time>
   </trkpt>
   <trkpt lat="43.6366940" lon="-79.3946630">
    <ele>77.7</ele>
    <time>2024-07-27T11:32:44Z</time>
   </trkpt>
   <trkpt lat="43.6367040" lon="-79.3946230">
    <ele>77.7</ele>
    <time>2024-07-27T11:32:45Z</time>
   </trkpt>
   <trkpt lat="43.6367080" lon="-79.3946110">
    <ele>77.7</ele>
    <time>2024-07-27T11:32:46Z</time>
   </trkpt>
   <trkpt lat="43.6367100" lon="-79.3945700">
    <ele>77.7</ele>
    <time>2024-07-27T11:32:47Z</time>
   </trkpt>
   <trkpt lat="43.6367110" lon="-79.3945570">
    <ele>77.7</ele>
    <time>2024-07-27T11:32:48Z</time>
   </trkpt>
   <trkpt lat="43.6367140" lon="-79.3945130">
    <ele>77.7</ele>
    <time>2024-07-27T11:32:49Z</time>
   </trkpt>
   <trkpt lat="43.6367150" lon="-79.3944940">
    <ele>77.7</ele>
    <time>2024-07-27T11:32:50Z</time>
   </trkpt>
   <trkpt lat="43.6367180" lon="-79.3944570">
    <ele>77.7</ele>
    <time>2024-07-27T11:32:51Z</time>
   </trkpt>
   <trkpt lat="43.6367180" lon="-79.3944410">
    <ele>77.7</ele>
    <time>2024-07-27T11:32:52Z</time>
   </trkpt>
   <trkpt lat="43.6367280" lon="-79.3944040">
    <ele>77.7</ele>
    <time>2024-07-27T11:32:53Z</time>
   </trkpt>
   <trkpt lat="43.6367320" lon="-79.3943930">
    <ele>77.7</ele>
    <time>2024-07-27T11:32:54Z</time>
   </trkpt>
   <trkpt lat="43.6367330" lon="-79.3943490">
    <ele>77.7</ele>
    <time>2024-07-27T11:32:55Z</time>
   </trkpt>
   <trkpt lat="43.6367330" lon="-79.3943400">
    <ele>77.7</ele>
    <time>2024-07-27T11:32:56Z</time>
   </trkpt>
   <trkpt lat="43.6367470" lon="-79.3942960">
    <ele>77.7</ele>
    <time>2024-07-27T11:32:57Z</time>
   </trkpt>
   <trkpt lat="43.6367540" lon="-79.3942810">
    <ele>77.7</ele>
    <time>2024-07-27T11:32:58Z</time>
   </trkpt>
   <trkpt lat="43.6367380" lon="-79.3942350">
    <ele>77.7</ele>
    <time>2024-07-27T11:32:59Z</time>
   </trkpt>
   <trkpt lat="43.6367300" lon="-79.3942170">
    <ele>77.7</ele>
    <time>2024-07-27T11:33:00Z</time>
   </trkpt>
   <trkpt lat="43.6367410" lon="-79.3941690">
    <ele>77.7</ele>
    <time>2024-07-27T11:33:01Z</time>
   </trkpt>
   <trkpt lat="43.6367410" lon="-79.3941530">
    <ele>77.7</ele>
    <time>2024-07-27T11:33:02Z</time>
   </trkpt>
   <trkpt lat="43.6367590" lon="-79.3941080">
    <ele>77.7</ele>
    <time>2024-07-27T11:33:03Z</time>
   </trkpt>
   <trkpt lat="43.6367700" lon="-79.3940900">
    <ele>77.8</ele>
    <time>2024-07-27T11:33:04Z</time>
   </trkpt>
   <trkpt lat="43.6367710" lon="-79.3940400">
    <ele>77.8</ele>
    <time>2024-07-27T11:33:05Z</time>
   </trkpt>
   <trkpt lat="43.6367720" lon="-79.3940210">
    <ele>77.8</ele>
    <time>2024-07-27T11:33:06Z</time>
   </trkpt>
   <trkpt lat="43.6367680" lon="-79.3939840">
    <ele>77.8</ele>
    <time>2024-07-27T11:33:07Z</time>
   </trkpt>
   <trkpt lat="43.6367670" lon="-79.3939330">
    <ele>77.8</ele>
    <time>2024-07-27T11:33:08Z</time>
   </trkpt>
   <trkpt lat="43.6367660" lon="-79.3939170">
    <ele>77.8</ele>
    <time>2024-07-27T11:33:09Z</time>
   </trkpt>
   <trkpt lat="43.6367740" lon="-79.3938940">
    <ele>77.8</ele>
    <time>2024-07-27T11:33:10Z</time>
   </trkpt>
   <trkpt lat="43.6367780" lon="-79.3938670">
    <ele>77.8</ele>
    <time>2024-07-27T11:33:12Z</time>
   </trkpt>
   <trkpt lat="43.6367810" lon="-79.3938190">
    <ele>77.8</ele>
    <time>2024-07-27T11:33:13Z</time>
   </trkpt>
   <trkpt lat="43.6367820" lon="-79.3937950">
    <ele>77.8</ele>
    <time>2024-07-27T11:33:14Z</time>
   </trkpt>
   <trkpt lat="43.6367890" lon="-79.3937480">
    <ele>77.8</ele>
    <time>2024-07-27T11:33:15Z</time>
   </trkpt>
   <trkpt lat="43.6367920" lon="-79.3937290">
    <ele>77.8</ele>
    <time>2024-07-27T11:33:16Z</time>
   </trkpt>
   <trkpt lat="43.6367940" lon="-79.3936910">
    <ele>77.8</ele>
    <time>2024-07-27T11:33:17Z</time>
   </trkpt>
   <trkpt lat="43.6368000" lon="-79.3936490">
    <ele>77.8</ele>
    <time>2024-07-27T11:33:18Z</time>
   </trkpt>
   <trkpt lat="43.6368020" lon="-79.3936360">
    <ele>77.8</ele>
    <time>2024-07-27T11:33:19Z</time>
   </trkpt>
   <trkpt lat="43.6368050" lon="-79.3936110">
    <ele>77.8</ele>
    <time>2024-07-27T11:33:20Z</time>
   </trkpt>
   <trkpt lat="43.6368110" lon="-79.3935880">
    <ele>77.8</ele>
    <time>2024-07-27T11:33:21Z</time>
   </trkpt>
   <trkpt lat="43.6368140" lon="-79.3935490">
    <ele>77.8</ele>
    <time>2024-07-27T11:33:22Z</time>
   </trkpt>
   <trkpt lat="43.6368160" lon="-79.3935340">
    <ele>77.8</ele>
    <time>2024-07-27T11:33:23Z</time>
   </trkpt>
   <trkpt lat="43.6368200" lon="-79.3934970">
    <ele>77.8</ele>
    <time>2024-07-27T11:33:24Z</time>
   </trkpt>
   <trkpt lat="43.6368190" lon="-79.3934830">
    <ele>77.8</ele>
    <time>2024-07-27T11:33:25Z</time>
   </trkpt>
   <trkpt lat="43.6368250" lon="-79.3934640">
    <ele>77.8</ele>
    <time>2024-07-27T11:33:26Z</time>
   </trkpt>
   <trkpt lat="43.6368350" lon="-79.3934390">
    <ele>77.8</ele>
    <time>2024-07-27T11:33:27Z</time>
   </trkpt>
   <trkpt lat="43.6368390" lon="-79.3933930">
    <ele>77.8</ele>
    <time>2024-07-27T11:33:28Z</time>
   </trkpt>
   <trkpt lat="43.6368420" lon="-79.3933810">
    <ele>77.8</ele>
    <time>2024-07-27T11:33:29Z</time>
   </trkpt>
   <trkpt lat="43.6368440" lon="-79.3933400">
    <ele>77.8</ele>
    <time>2024-07-27T11:33:30Z</time>
   </trkpt>
   <trkpt lat="43.6368430" lon="-79.3933250">
    <ele>77.8</ele>
    <time>2024-07-27T11:33:31Z</time>
   </trkpt>
   <trkpt lat="43.6368460" lon="-79.3932890">
    <ele>77.7</ele>
    <time>2024-07-27T11:33:32Z</time>
   </trkpt>
   <trkpt lat="43.6368510" lon="-79.3932760">
    <ele>77.7</ele>
    <time>2024-07-27T11:33:33Z</time>
   </trkpt>
   <trkpt lat="43.6368530" lon="-79.3932280">
    <ele>77.7</ele>
    <time>2024-07-27T11:33:34Z</time>
   </trkpt>
   <trkpt lat="43.6368510" lon="-79.3932120">
    <ele>77.7</ele>
    <time>2024-07-27T11:33:35Z</time>
   </trkpt>
   <trkpt lat="43.6368410" lon="-79.3931730">
    <ele>77.7</ele>
    <time>2024-07-27T11:33:36Z</time>
   </trkpt>
   <trkpt lat="43.6368390" lon="-79.3931290">
    <ele>77.7</ele>
    <time>2024-07-27T11:33:37Z</time>
   </trkpt>
   <trkpt lat="43.6368330" lon="-79.3931150">
    <ele>77.7</ele>
    <time>2024-07-27T11:33:38Z</time>
   </trkpt>
   <trkpt lat="43.6368250" lon="-79.3930730">
    <ele>77.7</ele>
    <time>2024-07-27T11:33:39Z</time>
   </trkpt>
   <trkpt lat="43.6368210" lon="-79.3930570">
    <ele>77.7</ele>
    <time>2024-07-27T11:33:40Z</time>
   </trkpt>
   <trkpt lat="43.6368200" lon="-79.3930040">
    <ele>77.7</ele>
    <time>2024-07-27T11:33:41Z</time>
   </trkpt>
   <trkpt lat="43.6368270" lon="-79.3929830">
    <ele>77.7</ele>
    <time>2024-07-27T11:33:42Z</time>
   </trkpt>
   <trkpt lat="43.6368450" lon="-79.3929440">
    <ele>77.7</ele>
    <time>2024-07-27T11:33:43Z</time>
   </trkpt>
   <trkpt lat="43.6368540" lon="-79.3929030">
    <ele>77.7</ele>
    <time>2024-07-27T11:33:44Z</time>
   </trkpt>
   <trkpt lat="43.6368570" lon="-79.3928860">
    <ele>77.7</ele>
    <time>2024-07-27T11:33:45Z</time>
   </trkpt>
   <trkpt lat="43.6368550" lon="-79.3928470">
    <ele>77.7</ele>
    <time>2024-07-27T11:33:46Z</time>
   </trkpt>
   <trkpt lat="43.6368550" lon="-79.3928010">
    <ele>77.7</ele>
    <time>2024-07-27T11:33:47Z</time>
   </trkpt>
   <trkpt lat="43.6368650" lon="-79.3927490">
    <ele>77.7</ele>
    <time>2024-07-27T11:33:48Z</time>
   </trkpt>
   <trkpt lat="43.6368720" lon="-79.3927310">
    <ele>77.6</ele>
    <time>2024-07-27T11:33:49Z</time>
   </trkpt>
   <trkpt lat="43.6368790" lon="-79.3926900">
    <ele>77.6</ele>
    <time>2024-07-27T11:33:50Z</time>
   </trkpt>
   <trkpt lat="43.6368850" lon="-79.3926730">
    <ele>77.6</ele>
    <time>2024-07-27T11:33:51Z</time>
   </trkpt>
   <trkpt lat="43.6368900" lon="-79.3926290">
    <ele>77.6</ele>
    <time>2024-07-27T11:33:52Z</time>
   </trkpt>
   <trkpt lat="43.6368910" lon="-79.3926150">
    <ele>77.6</ele>
    <time>2024-07-27T11:33:53Z</time>
   </trkpt>
   <trkpt lat="43.6368890" lon="-79.3925670">
    <ele>77.6</ele>
    <time>2024-07-27T11:33:54Z</time>
   </trkpt>
   <trkpt lat="43.6368860" lon="-79.3925520">
    <ele>77.6</ele>
    <time>2024-07-27T11:33:55Z</time>
   </trkpt>
   <trkpt lat="43.6368930" lon="-79.3925080">
    <ele>77.6</ele>
    <time>2024-07-27T11:33:56Z</time>
   </trkpt>
   <trkpt lat="43.6368950" lon="-79.3924880">
    <ele>77.6</ele>
    <time>2024-07-27T11:33:57Z</time>
   </trkpt>
   <trkpt lat="43.6368990" lon="-79.3924490">
    <ele>77.6</ele>
    <time>2024-07-27T11:33:58Z</time>
   </trkpt>
   <trkpt lat="43.6369000" lon="-79.3924300">
    <ele>77.6</ele>
    <time>2024-07-27T11:33:59Z</time>
   </trkpt>
   <trkpt lat="43.6369010" lon="-79.3924070">
    <ele>77.6</ele>
    <time>2024-07-27T11:34:00Z</time>
   </trkpt>
   <trkpt lat="43.6369030" lon="-79.3923820">
    <ele>77.6</ele>
    <time>2024-07-27T11:34:01Z</time>
   </trkpt>
   <trkpt lat="43.6369080" lon="-79.3923340">
    <ele>77.6</ele>
    <time>2024-07-27T11:34:02Z</time>
   </trkpt>
   <trkpt lat="43.6369140" lon="-79.3922920">
    <ele>77.6</ele>
    <time>2024-07-27T11:34:03Z</time>
   </trkpt>
   <trkpt lat="43.6369140" lon="-79.3922750">
    <ele>77.6</ele>
    <time>2024-07-27T11:34:04Z</time>
   </trkpt>
   <trkpt lat="43.6369150" lon="-79.3922340">
    <ele>77.6</ele>
    <time>2024-07-27T11:34:05Z</time>
   </trkpt>
   <trkpt lat="43.6369190" lon="-79.3921950">
    <ele>77.6</ele>
    <time>2024-07-27T11:34:06Z</time>
   </trkpt>
   <trkpt lat="43.6369190" lon="-79.3921800">
    <ele>77.6</ele>
    <time>2024-07-27T11:34:07Z</time>
   </trkpt>
   <trkpt lat="43.6369260" lon="-79.3921420">
    <ele>77.6</ele>
    <time>2024-07-27T11:34:08Z</time>
   </trkpt>
   <trkpt lat="43.6369260" lon="-79.3921280">
    <ele>77.6</ele>
    <time>2024-07-27T11:34:09Z</time>
   </trkpt>
   <trkpt lat="43.6369280" lon="-79.3921020">
    <ele>77.6</ele>
    <time>2024-07-27T11:34:10Z</time>
   </trkpt>
   <trkpt lat="43.6369370" lon="-79.3920810">
    <ele>77.6</ele>
    <time>2024-07-27T11:34:11Z</time>
   </trkpt>
   <trkpt lat="43.6369360" lon="-79.3920430">
    <ele>77.6</ele>
    <time>2024-07-27T11:34:12Z</time>
   </trkpt>
   <trkpt lat="43.6369450" lon="-79.3919960">
    <ele>77.6</ele>
    <time>2024-07-27T11:34:13Z</time>
   </trkpt>
   <trkpt lat="43.6369500" lon="-79.3919780">
    <ele>77.6</ele>
    <time>2024-07-27T11:34:14Z</time>
   </trkpt>
   <trkpt lat="43.6369530" lon="-79.3919290">
    <ele>77.6</ele>
    <time>2024-07-27T11:34:15Z</time>
   </trkpt>
   <trkpt lat="43.6369540" lon="-79.3919140">
    <ele>77.6</ele>
    <time>2024-07-27T11:34:16Z</time>
   </trkpt>
   <trkpt lat="43.6369680" lon="-79.3918670">
    <ele>77.6</ele>
    <time>2024-07-27T11:34:17Z</time>
   </trkpt>
   <trkpt lat="43.6369740" lon="-79.3918520">
    <ele>77.6</ele>
    <time>2024-07-27T11:34:18Z</time>
   </trkpt>
   <trkpt lat="43.6369900" lon="-79.3918210">
    <ele>77.6</ele>
    <time>2024-07-27T11:34:19Z</time>
   </trkpt>
   <trkpt lat="43.6370290" lon="-79.3918120">
    <ele>77.6</ele>
    <time>2024-07-27T11:34:20Z</time>
   </trkpt>
   <trkpt lat="43.6370440" lon="-79.3918140">
    <ele>77.6</ele>
    <time>2024-07-27T11:34:21Z</time>
   </trkpt>
   <trkpt lat="43.6370780" lon="-79.3918260">
    <ele>77.6</ele>
    <time>2024-07-27T11:34:22Z</time>
   </trkpt>
   <trkpt lat="43.6370920" lon="-79.3918290">
    <ele>77.6</ele>
    <time>2024-07-27T11:34:23Z</time>
   </trkpt>
   <trkpt lat="43.6371340" lon="-79.3918410">
    <ele>77.7</ele>
    <time>2024-07-27T11:34:24Z</time>
   </trkpt>
   <trkpt lat="43.6371510" lon="-79.3918490">
    <ele>77.7</ele>
    <time>2024-07-27T11:34:25Z</time>
   </trkpt>
   <trkpt lat="43.6371790" lon="-79.3918590">
    <ele>77.7</ele>
    <time>2024-07-27T11:34:26Z</time>
   </trkpt>
   <trkpt lat="43.6372080" lon="-79.3918790">
    <ele>77.7</ele>
    <time>2024-07-27T11:34:27Z</time>
   </trkpt>
   <trkpt lat="43.6372160" lon="-79.3918850">
    <ele>77.7</ele>
    <time>2024-07-27T11:34:28Z</time>
   </trkpt>
   <trkpt lat="43.6372250" lon="-79.3918940">
    <ele>77.7</ele>
    <time>2024-07-27T11:34:29Z</time>
   </trkpt>
   <trkpt lat="43.6372210" lon="-79.3919100">
    <ele>77.7</ele>
    <time>2024-07-27T11:34:30Z</time>
   </trkpt>
   <trkpt lat="43.6372350" lon="-79.3919170">
    <ele>77.7</ele>
    <time>2024-07-27T11:34:31Z</time>
   </trkpt>
   <trkpt lat="43.6372600" lon="-79.3919240">
    <ele>77.7</ele>
    <time>2024-07-27T11:34:32Z</time>
   </trkpt>
   <trkpt lat="43.6372740" lon="-79.3919300">
    <ele>77.7</ele>
    <time>2024-07-27T11:34:33Z</time>
   </trkpt>
   <trkpt lat="43.6372860" lon="-79.3919390">
    <ele>77.7</ele>
    <time>2024-07-27T11:34:34Z</time>
   </trkpt>
   <trkpt lat="43.6373040" lon="-79.3919450">
    <ele>77.8</ele>
    <time>2024-07-27T11:34:35Z</time>
   </trkpt>
   <trkpt lat="43.6373220" lon="-79.3919520">
    <ele>77.8</ele>
    <time>2024-07-27T11:34:36Z</time>
   </trkpt>
   <trkpt lat="43.6373550" lon="-79.3919660">
    <ele>77.8</ele>
    <time>2024-07-27T11:34:37Z</time>
   </trkpt>
   <trkpt lat="43.6373670" lon="-79.3919760">
    <ele>77.8</ele>
    <time>2024-07-27T11:34:38Z</time>
   </trkpt>
   <trkpt lat="43.6374030" lon="-79.3919900">
    <ele>77.8</ele>
    <time>2024-07-27T11:34:39Z</time>
   </trkpt>
   <trkpt lat="43.6374410" lon="-79.3920020">
    <ele>77.9</ele>
    <time>2024-07-27T11:34:40Z</time>
   </trkpt>
   <trkpt lat="43.6374550" lon="-79.3920080">
    <ele>77.9</ele>
    <time>2024-07-27T11:34:41Z</time>
   </trkpt>
   <trkpt lat="43.6374870" lon="-79.3919990">
    <ele>78.0</ele>
    <time>2024-07-27T11:34:42Z</time>
   </trkpt>
   <trkpt lat="43.6375000" lon="-79.3919950">
    <ele>78.0</ele>
    <time>2024-07-27T11:34:43Z</time>
   </trkpt>
   <trkpt lat="43.6375350" lon="-79.3919780">
    <ele>78.1</ele>
    <time>2024-07-27T11:34:44Z</time>
   </trkpt>
   <trkpt lat="43.6375460" lon="-79.3919720">
    <ele>78.1</ele>
    <time>2024-07-27T11:34:45Z</time>
   </trkpt>
   <trkpt lat="43.6375540" lon="-79.3919270">
    <ele>78.1</ele>
    <time>2024-07-27T11:34:46Z</time>
   </trkpt>
   <trkpt lat="43.6375570" lon="-79.3919130">
    <ele>78.1</ele>
    <time>2024-07-27T11:34:47Z</time>
   </trkpt>
   <trkpt lat="43.6375650" lon="-79.3918580">
    <ele>78.1</ele>
    <time>2024-07-27T11:34:48Z</time>
   </trkpt>
   <trkpt lat="43.6375640" lon="-79.3918370">
    <ele>78.1</ele>
    <time>2024-07-27T11:34:49Z</time>
   </trkpt>
   <trkpt lat="43.6375670" lon="-79.3917940">
    <ele>78.1</ele>
    <time>2024-07-27T11:34:50Z</time>
   </trkpt>
   <trkpt lat="43.6375600" lon="-79.3917720">
    <ele>78.1</ele>
    <time>2024-07-27T11:34:51Z</time>
   </trkpt>
   <trkpt lat="43.6375670" lon="-79.3917400">
    <ele>78.0</ele>
    <time>2024-07-27T11:34:52Z</time>
   </trkpt>
   <trkpt lat="43.6375740" lon="-79.3917270">
    <ele>78.0</ele>
    <time>2024-07-27T11:34:53Z</time>
   </trkpt>
   <trkpt lat="43.6375820" lon="-79.3917140">
    <ele>78.0</ele>
    <time>2024-07-27T11:34:54Z</time>
   </trkpt>
   <trkpt lat="43.6375760" lon="-79.3916600">
    <ele>78.0</ele>
    <time>2024-07-27T11:34:55Z</time>
   </trkpt>
   <trkpt lat="43.6375890" lon="-79.3916400">
    <ele>78.0</ele>
    <time>2024-07-27T11:34:56Z</time>
   </trkpt>
   <trkpt lat="43.6375950" lon="-79.3916420">
    <ele>78.0</ele>
    <time>2024-07-27T11:34:57Z</time>
   </trkpt>
   <trkpt lat="43.6376010" lon="-79.3916440">
    <ele>78.0</ele>
    <time>2024-07-27T11:34:58Z</time>
   </trkpt>
   <trkpt lat="43.6376070" lon="-79.3916460">
    <ele>78.0</ele>
    <time>2024-07-27T11:34:59Z</time>
   </trkpt>
   <trkpt lat="43.6376140" lon="-79.3916470">
    <ele>78.0</ele>
    <time>2024-07-27T11:35:00Z</time>
   </trkpt>
   <trkpt lat="43.6376300" lon="-79.3916170">
    <ele>78.0</ele>
    <time>2024-07-27T11:35:01Z</time>
   </trkpt>
   <trkpt lat="43.6376450" lon="-79.3916120">
    <ele>78.0</ele>
    <time>2024-07-27T11:35:02Z</time>
   </trkpt>
   <trkpt lat="43.6376530" lon="-79.3915920">
    <ele>78.0</ele>
    <time>2024-07-27T11:35:03Z</time>
   </trkpt>
   <trkpt lat="43.6376540" lon="-79.3915540">
    <ele>78.0</ele>
    <time>2024-07-27T11:35:04Z</time>
   </trkpt>
   <trkpt lat="43.6376690" lon="-79.3915200">
    <ele>78.0</ele>
    <time>2024-07-27T11:35:05Z</time>
   </trkpt>
   <trkpt lat="43.6376830" lon="-79.3914860">
    <ele>78.0</ele>
    <time>2024-07-27T11:35:06Z</time>
   </trkpt>
   <trkpt lat="43.6376950" lon="-79.3914350">
    <ele>78.0</ele>
    <time>2024-07-27T11:35:07Z</time>
   </trkpt>
   <trkpt lat="43.6377070" lon="-79.3913870">
    <ele>78.0</ele>
    <time>2024-07-27T11:35:08Z</time>
   </trkpt>
   <trkpt lat="43.6377190" lon="-79.3913400">
    <ele>78.0</ele>
    <time>2024-07-27T11:35:09Z</time>
   </trkpt>
   <trkpt lat="43.6377310" lon="-79.3912940">
    <ele>78.0</ele>
    <time>2024-07-27T11:35:10Z</time>
   </trkpt>
   <trkpt lat="43.6377620" lon="-79.3912720">
    <ele>78.0</ele>
    <time>2024-07-27T11:35:11Z</time>
   </trkpt>
   <trkpt lat="43.6377700" lon="-79.3912620">
    <ele>78.0</ele>
    <time>2024-07-27T11:35:12Z</time>
   </trkpt>
   <trkpt lat="43.6377990" lon="-79.3912460">
    <ele>78.1</ele>
    <time>2024-07-27T11:35:13Z</time>
   </trkpt>
   <trkpt lat="43.6378270" lon="-79.3912250">
    <ele>78.1</ele>
    <time>2024-07-27T11:35:14Z</time>
   </trkpt>
   <trkpt lat="43.6378550" lon="-79.3912030">
    <ele>78.1</ele>
    <time>2024-07-27T11:35:15Z</time>
   </trkpt>
   <trkpt lat="43.6378730" lon="-79.3911650">
    <ele>78.1</ele>
    <time>2024-07-27T11:35:16Z</time>
   </trkpt>
   <trkpt lat="43.6378780" lon="-79.3911070">
    <ele>78.2</ele>
    <time>2024-07-27T11:35:18Z</time>
   </trkpt>
   <trkpt lat="43.6378740" lon="-79.3910490">
    <ele>78.2</ele>
    <time>2024-07-27T11:35:19Z</time>
   </trkpt>
   <trkpt lat="43.6378840" lon="-79.3910050">
    <ele>78.2</ele>
    <time>2024-07-27T11:35:20Z</time>
   </trkpt>
   <trkpt lat="43.6379000" lon="-79.3909620">
    <ele>78.3</ele>
    <time>2024-07-27T11:35:21Z</time>
   </trkpt>
   <trkpt lat="43.6379220" lon="-79.3909180">
    <ele>78.3</ele>
    <time>2024-07-27T11:35:22Z</time>
   </trkpt>
   <trkpt lat="43.6379260" lon="-79.3908980">
    <ele>78.3</ele>
    <time>2024-07-27T11:35:23Z</time>
   </trkpt>
   <trkpt lat="43.6379320" lon="-79.3908840">
    <ele>78.3</ele>
    <time>2024-07-27T11:35:24Z</time>
   </trkpt>
   <trkpt lat="43.6379400" lon="-79.3908600">
    <ele>78.3</ele>
    <time>2024-07-27T11:35:25Z</time>
   </trkpt>
   <trkpt lat="43.6379370" lon="-79.3908240">
    <ele>78.4</ele>
    <time>2024-07-27T11:35:26Z</time>
   </trkpt>
   <trkpt lat="43.6379270" lon="-79.3908020">
    <ele>78.4</ele>
    <time>2024-07-27T11:35:27Z</time>
   </trkpt>
   <trkpt lat="43.6378150" lon="-79.3907060">
    <ele>78.4</ele>
    <time>2024-07-27T11:35:28Z</time>
   </trkpt>
   <trkpt lat="43.6378250" lon="-79.3906970">
    <ele>78.4</ele>
    <time>2024-07-27T11:35:29Z</time>
   </trkpt>
   <trkpt lat="43.6378330" lon="-79.3906570">
    <ele>78.5</ele>
    <time>2024-07-27T11:35:30Z</time>
   </trkpt>
   <trkpt lat="43.6378440" lon="-79.3906110">
    <ele>78.5</ele>
    <time>2024-07-27T11:35:31Z</time>
   </trkpt>
   <trkpt lat="43.6378480" lon="-79.3905700">
    <ele>78.5</ele>
    <time>2024-07-27T11:35:32Z</time>
   </trkpt>
   <trkpt lat="43.6378540" lon="-79.3905500">
    <ele>78.5</ele>
    <time>2024-07-27T11:35:33Z</time>
   </trkpt>
   <trkpt lat="43.6378650" lon="-79.3905320">
    <ele>78.5</ele>
    <time>2024-07-27T11:35:34Z</time>
   </trkpt>
   <trkpt lat="43.6378730" lon="-79.3904840">
    <ele>78.5</ele>
    <time>2024-07-27T11:35:35Z</time>
   </trkpt>
   <trkpt lat="43.6378750" lon="-79.3904700">
    <ele>78.5</ele>
    <time>2024-07-27T11:35:36Z</time>
   </trkpt>
   <trkpt lat="43.6378790" lon="-79.3904380">
    <ele>78.5</ele>
    <time>2024-07-27T11:35:37Z</time>
   </trkpt>
   <trkpt lat="43.6378820" lon="-79.3904240">
    <ele>78.5</ele>
    <time>2024-07-27T11:35:38Z</time>
   </trkpt>
   <trkpt lat="43.6378840" lon="-79.3904100">
    <ele>78.5</ele>
    <time>2024-07-27T11:35:39Z</time>
   </trkpt>
   <trkpt lat="43.6378920" lon="-79.3903720">
    <ele>78.5</ele>
    <time>2024-07-27T11:35:40Z</time>
   </trkpt>
   <trkpt lat="43.6378950" lon="-79.3903550">
    <ele>78.5</ele>
    <time>2024-07-27T11:35:41Z</time>
   </trkpt>
   <trkpt lat="43.6379050" lon="-79.3903180">
    <ele>78.6</ele>
    <time>2024-07-27T11:35:42Z</time>
   </trkpt>
   <trkpt lat="43.6379090" lon="-79.3902950">
    <ele>78.6</ele>
    <time>2024-07-27T11:35:43Z</time>
   </trkpt>
   <trkpt lat="43.6379190" lon="-79.3902490">
    <ele>78.6</ele>
    <time>2024-07-27T11:35:44Z</time>
   </trkpt>
   <trkpt lat="43.6379170" lon="-79.3902330">
    <ele>78.6</ele>
    <time>2024-07-27T11:35:45Z</time>
   </trkpt>
   <trkpt lat="43.6379260" lon="-79.3902220">
    <ele>78.6</ele>
    <time>2024-07-27T11:35:46Z</time>
   </trkpt>
   <trkpt lat="43.6379450" lon="-79.3902030">
    <ele>78.6</ele>
    <time>2024-07-27T11:35:47Z</time>
   </trkpt>
   <trkpt lat="43.6379630" lon="-79.3901620">
    <ele>78.6</ele>
    <time>2024-07-27T11:35:48Z</time>
   </trkpt>
   <trkpt lat="43.6379660" lon="-79.3901470">
    <ele>78.6</ele>
    <time>2024-07-27T11:35:49Z</time>
   </trkpt>
   <trkpt lat="43.6379810" lon="-79.3901070">
    <ele>78.6</ele>
    <time>2024-07-27T11:35:50Z</time>
   </trkpt>
   <trkpt lat="43.6379800" lon="-79.3900650">
    <ele>78.6</ele>
    <time>2024-07-27T11:35:51Z</time>
   </trkpt>
   <trkpt lat="43.6379860" lon="-79.3900270">
    <ele>78.6</ele>
    <time>2024-07-27T11:35:52Z</time>
   </trkpt>
   <trkpt lat="43.6380040" lon="-79.3899900">
    <ele>78.6</ele>
    <time>2024-07-27T11:35:53Z</time>
   </trkpt>
   <trkpt lat="43.6380090" lon="-79.3899760">
    <ele>78.6</ele>
    <time>2024-07-27T11:35:54Z</time>
   </trkpt>
   <trkpt lat="43.6380150" lon="-79.3899390">
    <ele>78.7</ele>
    <time>2024-07-27T11:35:55Z</time>
   </trkpt>
   <trkpt lat="43.6380220" lon="-79.3898730">
    <ele>78.7</ele>
    <time>2024-07-27T11:35:56Z</time>
   </trkpt>
   <trkpt lat="43.6380250" lon="-79.3898410">
    <ele>78.8</ele>
    <time>2024-07-27T11:35:57Z</time>
   </trkpt>
   <trkpt lat="43.6380220" lon="-79.3898030">
    <ele>78.8</ele>
    <time>2024-07-27T11:35:58Z</time>
   </trkpt>
   <trkpt lat="43.6380210" lon="-79.3897560">
    <ele>78.8</ele>
    <time>2024-07-27T11:35:59Z</time>
   </trkpt>
   <trkpt lat="43.6380400" lon="-79.3897200">
    <ele>78.8</ele>
    <time>2024-07-27T11:36:00Z</time>
   </trkpt>
   <trkpt lat="43.6380420" lon="-79.3897050">
    <ele>78.8</ele>
    <time>2024-07-27T11:36:01Z</time>
   </trkpt>
   <trkpt lat="43.6380410" lon="-79.3896640">
    <ele>78.8</ele>
    <time>2024-07-27T11:36:02Z</time>
   </trkpt>
   <trkpt lat="43.6380510" lon="-79.3896170">
    <ele>78.8</ele>
    <time>2024-07-27T11:36:03Z</time>
   </trkpt>
   <trkpt lat="43.6380650" lon="-79.3895660">
    <ele>78.8</ele>
    <time>2024-07-27T11:36:04Z</time>
   </trkpt>
   <trkpt lat="43.6380760" lon="-79.3895500">
    <ele>78.8</ele>
    <time>2024-07-27T11:36:05Z</time>
   </trkpt>
   <trkpt lat="43.6380760" lon="-79.3895020">
    <ele>78.8</ele>
    <time>2024-07-27T11:36:06Z</time>
   </trkpt>
   <trkpt lat="43.6380710" lon="-79.3894240">
    <ele>78.8</ele>
    <time>2024-07-27T11:36:07Z</time>
   </trkpt>
   <trkpt lat="43.6380930" lon="-79.3893820">
    <ele>78.8</ele>
    <time>2024-07-27T11:36:08Z</time>
   </trkpt>
   <trkpt lat="43.6380900" lon="-79.3893490">
    <ele>78.7</ele>
    <time>2024-07-27T11:36:09Z</time>
   </trkpt>
   <trkpt lat="43.6380910" lon="-79.3893100">
    <ele>78.7</ele>
    <time>2024-07-27T11:36:10Z</time>
   </trkpt>
   <trkpt lat="43.6380890" lon="-79.3892520">
    <ele>78.7</ele>
    <time>2024-07-27T11:36:11Z</time>
   </trkpt>
   <trkpt lat="43.6380970" lon="-79.3892140">
    <ele>78.6</ele>
    <time>2024-07-27T11:36:12Z</time>
   </trkpt>
   <trkpt lat="43.6380970" lon="-79.3892000">
    <ele>78.6</ele>
    <time>2024-07-27T11:36:13Z</time>
   </trkpt>
   <trkpt lat="43.6381010" lon="-79.3891590">
    <ele>78.6</ele>
    <time>2024-07-27T11:36:14Z</time>
   </trkpt>
   <trkpt lat="43.6381000" lon="-79.3891440">
    <ele>78.6</ele>
    <time>2024-07-27T11:36:15Z</time>
   </trkpt>
   <trkpt lat="43.6381220" lon="-79.3891220">
    <ele>78.5</ele>
    <time>2024-07-27T11:36:16Z</time>
   </trkpt>
   <trkpt lat="43.6381450" lon="-79.3890860">
    <ele>78.5</ele>
    <time>2024-07-27T11:36:17Z</time>
   </trkpt>
   <trkpt lat="43.6381480" lon="-79.3890730">
    <ele>78.5</ele>
    <time>2024-07-27T11:36:18Z</time>
   </trkpt>
   <trkpt lat="43.6381470" lon="-79.3890370">
    <ele>78.5</ele>
    <time>2024-07-27T11:36:19Z</time>
   </trkpt>
   <trkpt lat="43.6381500" lon="-79.3890270">
    <ele>78.5</ele>
    <time>2024-07-27T11:36:20Z</time>
   </trkpt>
   <trkpt lat="43.6381520" lon="-79.3890160">
    <ele>78.5</ele>
    <time>2024-07-27T11:36:21Z</time>
   </trkpt>
   <trkpt lat="43.6381570" lon="-79.3890060">
    <ele>78.5</ele>
    <time>2024-07-27T11:36:22Z</time>
   </trkpt>
   <trkpt lat="43.6381640" lon="-79.3889760">
    <ele>78.5</ele>
    <time>2024-07-27T11:36:23Z</time>
   </trkpt>
   <trkpt lat="43.6381670" lon="-79.3889720">
    <ele>78.5</ele>
    <time>2024-07-27T11:36:24Z</time>
   </trkpt>
   <trkpt lat="43.6381780" lon="-79.3889410">
    <ele>78.5</ele>
    <time>2024-07-27T11:36:25Z</time>
   </trkpt>
   <trkpt lat="43.6381800" lon="-79.3889240">
    <ele>78.5</ele>
    <time>2024-07-27T11:36:26Z</time>
   </trkpt>
   <trkpt lat="43.6381900" lon="-79.3889060">
    <ele>78.5</ele>
    <time>2024-07-27T11:36:27Z</time>
   </trkpt>
   <trkpt lat="43.6382130" lon="-79.3888730">
    <ele>78.5</ele>
    <time>2024-07-27T11:36:28Z</time>
   </trkpt>
   <trkpt lat="43.6382170" lon="-79.3888600">
    <ele>78.5</ele>
    <time>2024-07-27T11:36:29Z</time>
   </trkpt>
   <trkpt lat="43.6382150" lon="-79.3888110">
    <ele>78.5</ele>
    <time>2024-07-27T11:36:30Z</time>
   </trkpt>
   <trkpt lat="43.6382160" lon="-79.3887940">
    <ele>78.5</ele>
    <time>2024-07-27T11:36:31Z</time>
   </trkpt>
   <trkpt lat="43.6382200" lon="-79.3887430">
    <ele>78.5</ele>
    <time>2024-07-27T11:36:32Z</time>
   </trkpt>
   <trkpt lat="43.6382210" lon="-79.3887220">
    <ele>78.4</ele>
    <time>2024-07-27T11:36:33Z</time>
   </trkpt>
   <trkpt lat="43.6382380" lon="-79.3886740">
    <ele>78.4</ele>
    <time>2024-07-27T11:36:34Z</time>
   </trkpt>
   <trkpt lat="43.6382490" lon="-79.3886610">
    <ele>78.4</ele>
    <time>2024-07-27T11:36:35Z</time>
   </trkpt>
   <trkpt lat="43.6382560" lon="-79.3886230">
    <ele>78.4</ele>
    <time>2024-07-27T11:36:36Z</time>
   </trkpt>
   <trkpt lat="43.6382680" lon="-79.3885910">
    <ele>78.4</ele>
    <time>2024-07-27T11:36:37Z</time>
   </trkpt>
   <trkpt lat="43.6382700" lon="-79.3885690">
    <ele>78.4</ele>
    <time>2024-07-27T11:36:38Z</time>
   </trkpt>
   <trkpt lat="43.6382730" lon="-79.3885280">
    <ele>78.4</ele>
    <time>2024-07-27T11:36:39Z</time>
   </trkpt>
   <trkpt lat="43.6382800" lon="-79.3884740">
    <ele>78.3</ele>
    <time>2024-07-27T11:36:40Z</time>
   </trkpt>
   <trkpt lat="43.6382830" lon="-79.3884520">
    <ele>78.3</ele>
    <time>2024-07-27T11:36:41Z</time>
   </trkpt>
   <trkpt lat="43.6382820" lon="-79.3884310">
    <ele>78.3</ele>
    <time>2024-07-27T11:36:42Z</time>
   </trkpt>
   <trkpt lat="43.6382890" lon="-79.3884090">
    <ele>78.3</ele>
    <time>2024-07-27T11:36:43Z</time>
   </trkpt>
   <trkpt lat="43.6382900" lon="-79.3883650">
    <ele>78.3</ele>
    <time>2024-07-27T11:36:44Z</time>
   </trkpt>
   <trkpt lat="43.6383010" lon="-79.3883490">
    <ele>78.3</ele>
    <time>2024-07-27T11:36:45Z</time>
   </trkpt>
   <trkpt lat="43.6382980" lon="-79.3883190">
    <ele>78.3</ele>
    <time>2024-07-27T11:36:46Z</time>
   </trkpt>
   <trkpt lat="43.6383120" lon="-79.3882830">
    <ele>78.2</ele>
    <time>2024-07-27T11:36:47Z</time>
   </trkpt>
   <trkpt lat="43.6383140" lon="-79.3882670">
    <ele>78.2</ele>
    <time>2024-07-27T11:36:48Z</time>
   </trkpt>
   <trkpt lat="43.6383110" lon="-79.3882380">
    <ele>78.2</ele>
    <time>2024-07-27T11:36:49Z</time>
   </trkpt>
   <trkpt lat="43.6383260" lon="-79.3882210">
    <ele>78.2</ele>
    <time>2024-07-27T11:36:50Z</time>
   </trkpt>
   <trkpt lat="43.6383310" lon="-79.3881800">
    <ele>78.2</ele>
    <time>2024-07-27T11:36:51Z</time>
   </trkpt>
   <trkpt lat="43.6383310" lon="-79.3881650">
    <ele>78.2</ele>
    <time>2024-07-27T11:36:52Z</time>
   </trkpt>
   <trkpt lat="43.6383420" lon="-79.3881220">
    <ele>78.2</ele>
    <time>2024-07-27T11:36:53Z</time>
   </trkpt>
   <trkpt lat="43.6383460" lon="-79.3881070">
    <ele>78.2</ele>
    <time>2024-07-27T11:36:54Z</time>
   </trkpt>
   <trkpt lat="43.6383510" lon="-79.3880680">
    <ele>78.1</ele>
    <time>2024-07-27T11:36:55Z</time>
   </trkpt>
   <trkpt lat="43.6383550" lon="-79.3880550">
    <ele>78.1</ele>
    <time>2024-07-27T11:36:56Z</time>
   </trkpt>
   <trkpt lat="43.6383610" lon="-79.3880160">
    <ele>78.1</ele>
    <time>2024-07-27T11:36:57Z</time>
   </trkpt>
   <trkpt lat="43.6383790" lon="-79.3879830">
    <ele>78.1</ele>
    <time>2024-07-27T11:36:58Z</time>
   </trkpt>
   <trkpt lat="43.6383870" lon="-79.3879650">
    <ele>78.1</ele>
    <time>2024-07-27T11:36:59Z</time>
   </trkpt>
   <trkpt lat="43.6383960" lon="-79.3879420">
    <ele>78.1</ele>
    <time>2024-07-27T11:37:00Z</time>
   </trkpt>
   <trkpt lat="43.6384110" lon="-79.3878910">
    <ele>78.0</ele>
    <time>2024-07-27T11:37:01Z</time>
   </trkpt>
   <trkpt lat="43.6384140" lon="-79.3878710">
    <ele>78.0</ele>
    <time>2024-07-27T11:37:02Z</time>
   </trkpt>
   <trkpt lat="43.6384370" lon="-79.3878470">
    <ele>78.0</ele>
    <time>2024-07-27T11:37:03Z</time>
   </trkpt>
   <trkpt lat="43.6384450" lon="-79.3878370">
    <ele>78.0</ele>
    <time>2024-07-27T11:37:04Z</time>
   </trkpt>
   <trkpt lat="43.6384600" lon="-79.3877900">
    <ele>78.0</ele>
    <time>2024-07-27T11:37:05Z</time>
   </trkpt>
   <trkpt lat="43.6384710" lon="-79.3877780">
    <ele>78.0</ele>
    <time>2024-07-27T11:37:06Z</time>
   </trkpt>
   <trkpt lat="43.6384760" lon="-79.3877650">
    <ele>78.0</ele>
    <time>2024-07-27T11:37:07Z</time>
   </trkpt>
   <trkpt lat="43.6384760" lon="-79.3877400">
    <ele>77.9</ele>
    <time>2024-07-27T11:37:08Z</time>
   </trkpt>
   <trkpt lat="43.6384780" lon="-79.3877140">
    <ele>77.9</ele>
    <time>2024-07-27T11:37:09Z</time>
   </trkpt>
   <trkpt lat="43.6384790" lon="-79.3876960">
    <ele>77.9</ele>
    <time>2024-07-27T11:37:10Z</time>
   </trkpt>
   <trkpt lat="43.6384710" lon="-79.3876600">
    <ele>77.9</ele>
    <time>2024-07-27T11:37:11Z</time>
   </trkpt>
   <trkpt lat="43.6384860" lon="-79.3876230">
    <ele>77.9</ele>
    <time>2024-07-27T11:37:12Z</time>
   </trkpt>
   <trkpt lat="43.6384910" lon="-79.3876090">
    <ele>77.9</ele>
    <time>2024-07-27T11:37:13Z</time>
   </trkpt>
   <trkpt lat="43.6384900" lon="-79.3876000">
    <ele>77.9</ele>
    <time>2024-07-27T11:37:14Z</time>
   </trkpt>
   <trkpt lat="43.6385000" lon="-79.3875850">
    <ele>77.9</ele>
    <time>2024-07-27T11:37:15Z</time>
   </trkpt>
   <trkpt lat="43.6385080" lon="-79.3875710">
    <ele>77.9</ele>
    <time>2024-07-27T11:37:16Z</time>
   </trkpt>
   <trkpt lat="43.6385160" lon="-79.3875230">
    <ele>77.9</ele>
    <time>2024-07-27T11:37:17Z</time>
   </trkpt>
   <trkpt lat="43.6385180" lon="-79.3875080">
    <ele>77.9</ele>
    <time>2024-07-27T11:37:18Z</time>
   </trkpt>
   <trkpt lat="43.6385310" lon="-79.3874740">
    <ele>77.9</ele>
    <time>2024-07-27T11:37:19Z</time>
   </trkpt>
   <trkpt lat="43.6385330" lon="-79.3874590">
    <ele>77.9</ele>
    <time>2024-07-27T11:37:20Z</time>
   </trkpt>
   <trkpt lat="43.6385480" lon="-79.3874240">
    <ele>77.9</ele>
    <time>2024-07-27T11:37:21Z</time>
   </trkpt>
   <trkpt lat="43.6385550" lon="-79.3874110">
    <ele>77.9</ele>
    <time>2024-07-27T11:37:22Z</time>
   </trkpt>
   <trkpt lat="43.6385610" lon="-79.3873670">
    <ele>78.0</ele>
    <time>2024-07-27T11:37:24Z</time>
   </trkpt>
   <trkpt lat="43.6385640" lon="-79.3873560">
    <ele>78.0</ele>
    <time>2024-07-27T11:37:25Z</time>
   </trkpt>
   <trkpt lat="43.6385630" lon="-79.3873090">
    <ele>78.0</ele>
    <time>2024-07-27T11:37:26Z</time>
   </trkpt>
   <trkpt lat="43.6385640" lon="-79.3872930">
    <ele>78.0</ele>
    <time>2024-07-27T11:37:27Z</time>
   </trkpt>
   <trkpt lat="43.6385700" lon="-79.3872420">
    <ele>78.0</ele>
    <time>2024-07-27T11:37:28Z</time>
   </trkpt>
   <trkpt lat="43.6385760" lon="-79.3872220">
    <ele>78.0</ele>
    <time>2024-07-27T11:37:29Z</time>
   </trkpt>
   <trkpt lat="43.6385930" lon="-79.3871890">
    <ele>78.0</ele>
    <time>2024-07-27T11:37:30Z</time>
   </trkpt>
   <trkpt lat="43.6385920" lon="-79.3871650">
    <ele>78.0</ele>
    <time>2024-07-27T11:37:31Z</time>
   </trkpt>
   <trkpt lat="43.6386030" lon="-79.3871420">
    <ele>78.0</ele>
    <time>2024-07-27T11:37:32Z</time>
   </trkpt>
   <trkpt lat="43.6386010" lon="-79.3870910">
    <ele>78.0</ele>
    <time>2024-07-27T11:37:33Z</time>
   </trkpt>
   <trkpt lat="43.6385990" lon="-79.3870770">
    <ele>78.0</ele>
    <time>2024-07-27T11:37:34Z</time>
   </trkpt>
   <trkpt lat="43.6386010" lon="-79.3870280">
    <ele>78.0</ele>
    <time>2024-07-27T11:37:35Z</time>
   </trkpt>
   <trkpt lat="43.6386030" lon="-79.3870140">
    <ele>78.0</ele>
    <time>2024-07-27T11:37:36Z</time>
   </trkpt>
   <trkpt lat="43.6386030" lon="-79.3869640">
    <ele>78.0</ele>
    <time>2024-07-27T11:37:37Z</time>
   </trkpt>
   <trkpt lat="43.6386060" lon="-79.3869410">
    <ele>78.0</ele>
    <time>2024-07-27T11:37:38Z</time>
   </trkpt>
   <trkpt lat="43.6386130" lon="-79.3868940">
    <ele>78.0</ele>
    <time>2024-07-27T11:37:39Z</time>
   </trkpt>
   <trkpt lat="43.6386170" lon="-79.3868570">
    <ele>78.1</ele>
    <time>2024-07-27T11:37:40Z</time>
   </trkpt>
   <trkpt lat="43.6386310" lon="-79.3868220">
    <ele>78.1</ele>
    <time>2024-07-27T11:37:41Z</time>
   </trkpt>
   <trkpt lat="43.6386370" lon="-79.3867850">
    <ele>78.1</ele>
    <time>2024-07-27T11:37:42Z</time>
   </trkpt>
   <trkpt lat="43.6386360" lon="-79.3867690">
    <ele>78.1</ele>
    <time>2024-07-27T11:37:43Z</time>
   </trkpt>
   <trkpt lat="43.6386470" lon="-79.3867290">
    <ele>78.1</ele>
    <time>2024-07-27T11:37:44Z</time>
   </trkpt>
   <trkpt lat="43.6386520" lon="-79.3867130">
    <ele>78.1</ele>
    <time>2024-07-27T11:37:45Z</time>
   </trkpt>
   <trkpt lat="43.6386700" lon="-79.3866960">
    <ele>78.1</ele>
    <time>2024-07-27T11:37:46Z</time>
   </trkpt>
   <trkpt lat="43.6386790" lon="-79.3866750">
    <ele>78.2</ele>
    <time>2024-07-27T11:37:47Z</time>
   </trkpt>
   <trkpt lat="43.6386650" lon="-79.3866510">
    <ele>78.2</ele>
    <time>2024-07-27T11:37:48Z</time>
   </trkpt>
   <trkpt lat="43.6386760" lon="-79.3866340">
    <ele>78.2</ele>
    <time>2024-07-27T11:37:49Z</time>
   </trkpt>
   <trkpt lat="43.6386970" lon="-79.3865800">
    <ele>78.2</ele>
    <time>2024-07-27T11:37:50Z</time>
   </trkpt>
   <trkpt lat="43.6387150" lon="-79.3865190">
    <ele>78.2</ele>
    <time>2024-07-27T11:37:51Z</time>
   </trkpt>
   <trkpt lat="43.6387180" lon="-79.3864800">
    <ele>78.2</ele>
    <time>2024-07-27T11:37:52Z</time>
   </trkpt>
   <trkpt lat="43.6387370" lon="-79.3864460">
    <ele>78.2</ele>
    <time>2024-07-27T11:37:53Z</time>
   </trkpt>
   <trkpt lat="43.6387420" lon="-79.3864410">
    <ele>78.2</ele>
    <time>2024-07-27T11:37:54Z</time>
   </trkpt>
   <trkpt lat="43.6387450" lon="-79.3864190">
    <ele>78.2</ele>
    <time>2024-07-27T11:37:55Z</time>
   </trkpt>
   <trkpt lat="43.6387480" lon="-79.3863930">
    <ele>78.2</ele>
    <time>2024-07-27T11:37:56Z</time>
   </trkpt>
   <trkpt lat="43.6387680" lon="-79.3863520">
    <ele>78.2</ele>
    <time>2024-07-27T11:37:57Z</time>
   </trkpt>
   <trkpt lat="43.6387760" lon="-79.3863400">
    <ele>78.2</ele>
    <time>2024-07-27T11:37:58Z</time>
   </trkpt>
   <trkpt lat="43.6387990" lon="-79.3863100">
    <ele>78.2</ele>
    <time>2024-07-27T11:37:59Z</time>
   </trkpt>
   <trkpt lat="43.6388090" lon="-79.3862650">
    <ele>78.2</ele>
    <time>2024-07-27T11:38:00Z</time>
   </trkpt>
   <trkpt lat="43.6388120" lon="-79.3862500">
    <ele>78.2</ele>
    <time>2024-07-27T11:38:01Z</time>
   </trkpt>
   <trkpt lat="43.6388260" lon="-79.3862040">
    <ele>78.2</ele>
    <time>2024-07-27T11:38:02Z</time>
   </trkpt>
   <trkpt lat="43.6388320" lon="-79.3861930">
    <ele>78.2</ele>
    <time>2024-07-27T11:38:03Z</time>
   </trkpt>
   <trkpt lat="43.6388550" lon="-79.3861660">
    <ele>78.2</ele>
    <time>2024-07-27T11:38:04Z</time>
   </trkpt>
   <trkpt lat="43.6388820" lon="-79.3861330">
    <ele>78.2</ele>
    <time>2024-07-27T11:38:05Z</time>
   </trkpt>
   <trkpt lat="43.6388900" lon="-79.3861260">
    <ele>78.2</ele>
    <time>2024-07-27T11:38:06Z</time>
   </trkpt>
   <trkpt lat="43.6388840" lon="-79.3860930">
    <ele>78.2</ele>
    <time>2024-07-27T11:38:07Z</time>
   </trkpt>
   <trkpt lat="43.6388940" lon="-79.3860770">
    <ele>78.2</ele>
    <time>2024-07-27T11:38:08Z</time>
   </trkpt>
   <trkpt lat="43.6388920" lon="-79.3860400">
    <ele>78.2</ele>
    <time>2024-07-27T11:38:09Z</time>
   </trkpt>
   <trkpt lat="43.6388900" lon="-79.3860250">
    <ele>78.2</ele>
    <time>2024-07-27T11:38:10Z</time>
   </trkpt>
   <trkpt lat="43.6389130" lon="-79.3859870">
    <ele>78.2</ele>
    <time>2024-07-27T11:38:11Z</time>
   </trkpt>
   <trkpt lat="43.6389180" lon="-79.3859770">
    <ele>78.2</ele>
    <time>2024-07-27T11:38:12Z</time>
   </trkpt>
   <trkpt lat="43.6389400" lon="-79.3859420">
    <ele>78.2</ele>
    <time>2024-07-27T11:38:13Z</time>
   </trkpt>
   <trkpt lat="43.6389430" lon="-79.3859330">
    <ele>78.2</ele>
    <time>2024-07-27T11:38:14Z</time>
   </trkpt>
   <trkpt lat="43.6389530" lon="-79.3859160">
    <ele>78.2</ele>
    <time>2024-07-27T11:38:15Z</time>
   </trkpt>
   <trkpt lat="43.6389590" lon="-79.3858960">
    <ele>78.2</ele>
    <time>2024-07-27T11:38:16Z</time>
   </trkpt>
   <trkpt lat="43.6389720" lon="-79.3858570">
    <ele>78.2</ele>
    <time>2024-07-27T11:38:17Z</time>
   </trkpt>
   <trkpt lat="43.6389790" lon="-79.3858420">
    <ele>78.2</ele>
    <time>2024-07-27T11:38:18Z</time>
   </trkpt>
   <trkpt lat="43.6390080" lon="-79.3857970">
    <ele>78.1</ele>
    <time>2024-07-27T11:38:19Z</time>
   </trkpt>
   <trkpt lat="43.6390240" lon="-79.3857630">
    <ele>78.1</ele>
    <time>2024-07-27T11:38:20Z</time>
   </trkpt>
   <trkpt lat="43.6390290" lon="-79.3857480">
    <ele>78.1</ele>
    <time>2024-07-27T11:38:21Z</time>
   </trkpt>
   <trkpt lat="43.6390650" lon="-79.3857320">
    <ele>78.1</ele>
    <time>2024-07-27T11:38:22Z</time>
   </trkpt>
   <trkpt lat="43.6390690" lon="-79.3856850">
    <ele>78.1</ele>
    <time>2024-07-27T11:38:23Z</time>
   </trkpt>
   <trkpt lat="43.6390510" lon="-79.3856450">
    <ele>78.1</ele>
    <time>2024-07-27T11:38:24Z</time>
   </trkpt>
   <trkpt lat="43.6390390" lon="-79.3856020">
    <ele>78.1</ele>
    <time>2024-07-27T11:38:25Z</time>
   </trkpt>
   <trkpt lat="43.6390060" lon="-79.3855750">
    <ele>78.1</ele>
    <time>2024-07-27T11:38:26Z</time>
   </trkpt>
   <trkpt lat="43.6389560" lon="-79.3855350">
    <ele>78.0</ele>
    <time>2024-07-27T11:38:27Z</time>
   </trkpt>
   <trkpt lat="43.6389820" lon="-79.3855220">
    <ele>78.0</ele>
    <time>2024-07-27T11:38:28Z</time>
   </trkpt>
   <trkpt lat="43.6389790" lon="-79.3854790">
    <ele>78.0</ele>
    <time>2024-07-27T11:38:29Z</time>
   </trkpt>
   <trkpt lat="43.6389780" lon="-79.3854590">
    <ele>78.0</ele>
    <time>2024-07-27T11:38:30Z</time>
   </trkpt>
   <trkpt lat="43.6389840" lon="-79.3854320">
    <ele>78.0</ele>
    <time>2024-07-27T11:38:31Z</time>
   </trkpt>
   <trkpt lat="43.6389900" lon="-79.3854180">
    <ele>78.0</ele>
    <time>2024-07-27T11:38:32Z</time>
   </trkpt>
   <trkpt lat="43.6389970" lon="-79.3854040">
    <ele>77.9</ele>
    <time>2024-07-27T11:38:33Z</time>
   </trkpt>
   <trkpt lat="43.6390110" lon="-79.3853610">
    <ele>77.9</ele>
    <time>2024-07-27T11:38:34Z</time>
   </trkpt>
   <trkpt lat="43.6390170" lon="-79.3853410">
    <ele>77.9</ele>
    <time>2024-07-27T11:38:35Z</time>
   </trkpt>
   <trkpt lat="43.6390260" lon="-79.3853140">
    <ele>77.9</ele>
    <time>2024-07-27T11:38:36Z</time>
   </trkpt>
   <trkpt lat="43.6390310" lon="-79.3853030">
    <ele>77.9</ele>
    <time>2024-07-27T11:38:37Z</time>
   </trkpt>
   <trkpt lat="43.6390370" lon="-79.3852930">
    <ele>77.8</ele>
    <time>2024-07-27T11:38:38Z</time>
   </trkpt>
   <trkpt lat="43.6390400" lon="-79.3852500">
    <ele>77.8</ele>
    <time>2024-07-27T11:38:39Z</time>
   </trkpt>
   <trkpt lat="43.6390640" lon="-79.3852090">
    <ele>77.8</ele>
    <time>2024-07-27T11:38:40Z</time>
   </trkpt>
   <trkpt lat="43.6390710" lon="-79.3851950">
    <ele>77.8</ele>
    <time>2024-07-27T11:38:41Z</time>
   </trkpt>
   <trkpt lat="43.6390770" lon="-79.3851570">
    <ele>77.7</ele>
    <time>2024-07-27T11:38:42Z</time>
   </trkpt>
   <trkpt lat="43.6390900" lon="-79.3851340">
    <ele>77.7</ele>
    <time>2024-07-27T11:38:43Z</time>
   </trkpt>
   <trkpt lat="43.6390830" lon="-79.3851320">
    <ele>77.7</ele>
    <time>2024-07-27T11:38:44Z</time>
   </trkpt>
   <trkpt lat="43.6390790" lon="-79.3851080">
    <ele>77.7</ele>
    <time>2024-07-27T11:38:45Z</time>
   </trkpt>
   <trkpt lat="43.6390880" lon="-79.3850960">
    <ele>77.7</ele>
    <time>2024-07-27T11:38:46Z</time>
   </trkpt>
   <trkpt lat="43.6391030" lon="-79.3850810">
    <ele>77.7</ele>
    <time>2024-07-27T11:38:47Z</time>
   </trkpt>
   <trkpt lat="43.6391190" lon="-79.3850380">
    <ele>77.6</ele>
    <time>2024-07-27T11:38:48Z</time>
   </trkpt>
   <trkpt lat="43.6391200" lon="-79.3850070">
    <ele>77.6</ele>
    <time>2024-07-27T11:38:49Z</time>
   </trkpt>
   <trkpt lat="43.6391170" lon="-79.3849550">
    <ele>77.6</ele>
    <time>2024-07-27T11:38:50Z</time>
   </trkpt>
   <trkpt lat="43.6391170" lon="-79.3849100">
    <ele>77.6</ele>
    <time>2024-07-27T11:38:51Z</time>
   </trkpt>
   <trkpt lat="43.6391230" lon="-79.3848740">
    <ele>77.6</ele>
    <time>2024-07-27T11:38:52Z</time>
   </trkpt>
   <trkpt lat="43.6391270" lon="-79.3848570">
    <ele>77.6</ele>
    <time>2024-07-27T11:38:53Z</time>
   </trkpt>
   <trkpt lat="43.6391320" lon="-79.3848400">
    <ele>77.6</ele>
    <time>2024-07-27T11:38:54Z</time>
   </trkpt>
   <trkpt lat="43.6391250" lon="-79.3847690">
    <ele>77.6</ele>
    <time>2024-07-27T11:38:55Z</time>
   </trkpt>
   <trkpt lat="43.6391120" lon="-79.3847230">
    <ele>77.6</ele>
    <time>2024-07-27T11:38:56Z</time>
   </trkpt>
   <trkpt lat="43.6391020" lon="-79.3846960">
    <ele>77.6</ele>
    <time>2024-07-27T11:38:57Z</time>
   </trkpt>
   <trkpt lat="43.6390960" lon="-79.3846010">
    <ele>77.5</ele>
    <time>2024-07-27T11:38:58Z</time>
   </trkpt>
   <trkpt lat="43.6390920" lon="-79.3845850">
    <ele>77.5</ele>
    <time>2024-07-27T11:38:59Z</time>
   </trkpt>
   <trkpt lat="43.6390920" lon="-79.3845590">
    <ele>77.5</ele>
    <time>2024-07-27T11:39:00Z</time>
   </trkpt>
   <trkpt lat="43.6391050" lon="-79.3845110">
    <ele>77.5</ele>
    <time>2024-07-27T11:39:01Z</time>
   </trkpt>
   <trkpt lat="43.6391100" lon="-79.3844960">
    <ele>77.5</ele>
    <time>2024-07-27T11:39:02Z</time>
   </trkpt>
   <trkpt lat="43.6391190" lon="-79.3844510">
    <ele>77.5</ele>
    <time>2024-07-27T11:39:03Z</time>
   </trkpt>
   <trkpt lat="43.6391250" lon="-79.3844330">
    <ele>77.5</ele>
    <time>2024-07-27T11:39:04Z</time>
   </trkpt>
   <trkpt lat="43.6391180" lon="-79.3844120">
    <ele>77.5</ele>
    <time>2024-07-27T11:39:05Z</time>
   </trkpt>
   <trkpt lat="43.6391300" lon="-79.3843860">
    <ele>77.5</ele>
    <time>2024-07-27T11:39:06Z</time>
   </trkpt>
   <trkpt lat="43.6391330" lon="-79.3843640">
    <ele>77.5</ele>
    <time>2024-07-27T11:39:07Z</time>
   </trkpt>
   <trkpt lat="43.6391270" lon="-79.3843440">
    <ele>77.5</ele>
    <time>2024-07-27T11:39:08Z</time>
   </trkpt>
   <trkpt lat="43.6391270" lon="-79.3842820">
    <ele>77.5</ele>
    <time>2024-07-27T11:39:09Z</time>
   </trkpt>
   <trkpt lat="43.6391370" lon="-79.3842400">
    <ele>77.5</ele>
    <time>2024-07-27T11:39:10Z</time>
   </trkpt>
   <trkpt lat="43.6391390" lon="-79.3842290">
    <ele>77.5</ele>
    <time>2024-07-27T11:39:11Z</time>
   </trkpt>
   <trkpt lat="43.6391470" lon="-79.3841970">
    <ele>77.5</ele>
    <time>2024-07-27T11:39:12Z</time>
   </trkpt>
   <trkpt lat="43.6391510" lon="-79.3841830">
    <ele>77.5</ele>
    <time>2024-07-27T11:39:13Z</time>
   </trkpt>
   <trkpt lat="43.6391270" lon="-79.3841390">
    <ele>77.4</ele>
    <time>2024-07-27T11:39:14Z</time>
   </trkpt>
   <trkpt lat="43.6390950" lon="-79.3841180">
    <ele>77.3</ele>
    <time>2024-07-27T11:39:15Z</time>
   </trkpt>
   <trkpt lat="43.6390590" lon="-79.3841120">
    <ele>77.3</ele>
    <time>2024-07-27T11:39:16Z</time>
   </trkpt>
   <trkpt lat="43.6390480" lon="-79.3841100">
    <ele>77.3</ele>
    <time>2024-07-27T11:39:17Z</time>
   </trkpt>
   <trkpt lat="43.6390200" lon="-79.3840970">
    <ele>77.3</ele>
    <time>2024-07-27T11:39:18Z</time>
   </trkpt>
   <trkpt lat="43.6390050" lon="-79.3840840">
    <ele>77.3</ele>
    <time>2024-07-27T11:39:19Z</time>
   </trkpt>
   <trkpt lat="43.6389730" lon="-79.3840830">
    <ele>77.3</ele>
    <time>2024-07-27T11:39:20Z</time>
   </trkpt>
   <trkpt lat="43.6389620" lon="-79.3840830">
    <ele>77.3</ele>
    <time>2024-07-27T11:39:21Z</time>
   </trkpt>
   <trkpt lat="43.6389320" lon="-79.3840700">
    <ele>77.3</ele>
    <time>2024-07-27T11:39:22Z</time>
   </trkpt>
   <trkpt lat="43.6388980" lon="-79.3840690">
    <ele>77.3</ele>
    <time>2024-07-27T11:39:23Z</time>
   </trkpt>
   <trkpt lat="43.6388880" lon="-79.3840680">
    <ele>77.3</ele>
    <time>2024-07-27T11:39:24Z</time>
   </trkpt>
   <trkpt lat="43.6388550" lon="-79.3840700">
    <ele>77.3</ele>
    <time>2024-07-27T11:39:25Z</time>
   </trkpt>
   <trkpt lat="43.6388430" lon="-79.3840620">
    <ele>77.3</ele>
    <time>2024-07-27T11:39:26Z</time>
   </trkpt>
   <trkpt lat="43.6388220" lon="-79.3840360">
    <ele>77.3</ele>
    <time>2024-07-27T11:39:27Z</time>
   </trkpt>
   <trkpt lat="43.6387960" lon="-79.3840130">
    <ele>77.3</ele>
    <time>2024-07-27T11:39:28Z</time>
   </trkpt>
   <trkpt lat="43.6387860" lon="-79.3840030">
    <ele>77.3</ele>
    <time>2024-07-27T11:39:29Z</time>
   </trkpt>
   <trkpt lat="43.6387550" lon="-79.3839820">
    <ele>77.3</ele>
    <time>2024-07-27T11:39:30Z</time>
   </trkpt>
   <trkpt lat="43.6387440" lon="-79.3839760">
    <ele>77.3</ele>
    <time>2024-07-27T11:39:31Z</time>
   </trkpt>
   <trkpt lat="43.6387080" lon="-79.3839590">
    <ele>77.3</ele>
    <time>2024-07-27T11:39:32Z</time>
   </trkpt>
   <trkpt lat="43.6386960" lon="-79.3839550">
    <ele>77.3</ele>
    <time>2024-07-27T11:39:33Z</time>
   </trkpt>
   <trkpt lat="43.6386610" lon="-79.3839470">
    <ele>77.3</ele>
    <time>2024-07-27T11:39:34Z</time>
   </trkpt>
   <trkpt lat="43.6386520" lon="-79.3839410">
    <ele>77.3</ele>
    <time>2024-07-27T11:39:35Z</time>
   </trkpt>
   <trkpt lat="43.6386210" lon="-79.3839270">
    <ele>77.3</ele>
    <time>2024-07-27T11:39:36Z</time>
   </trkpt>
   <trkpt lat="43.6386120" lon="-79.3839210">
    <ele>77.3</ele>
    <time>2024-07-27T11:39:37Z</time>
   </trkpt>
   <trkpt lat="43.6385890" lon="-79.3839280">
    <ele>77.3</ele>
    <time>2024-07-27T11:39:38Z</time>
   </trkpt>
   <trkpt lat="43.6385510" lon="-79.3838960">
    <ele>77.3</ele>
    <time>2024-07-27T11:39:40Z</time>
   </trkpt>
   <trkpt lat="43.6385320" lon="-79.3838760">
    <ele>77.3</ele>
    <time>2024-07-27T11:39:41Z</time>
   </trkpt>
   <trkpt lat="43.6385000" lon="-79.3838570">
    <ele>77.3</ele>
    <time>2024-07-27T11:39:42Z</time>
   </trkpt>
   <trkpt lat="43.6384910" lon="-79.3838500">
    <ele>77.3</ele>
    <time>2024-07-27T11:39:43Z</time>
   </trkpt>
   <trkpt lat="43.6384640" lon="-79.3838390">
    <ele>77.3</ele>
    <time>2024-07-27T11:39:44Z</time>
   </trkpt>
   <trkpt lat="43.6384340" lon="-79.3838150">
    <ele>77.3</ele>
    <time>2024-07-27T11:39:45Z</time>
   </trkpt>
   <trkpt lat="43.6384220" lon="-79.3838100">
    <ele>77.3</ele>
    <time>2024-07-27T11:39:46Z</time>
   </trkpt>
   <trkpt lat="43.6384010" lon="-79.3837750">
    <ele>77.3</ele>
    <time>2024-07-27T11:39:47Z</time>
   </trkpt>
   <trkpt lat="43.6383890" lon="-79.3837690">
    <ele>77.3</ele>
    <time>2024-07-27T11:39:48Z</time>
   </trkpt>
   <trkpt lat="43.6383750" lon="-79.3837540">
    <ele>77.3</ele>
    <time>2024-07-27T11:39:49Z</time>
   </trkpt>
   <trkpt lat="43.6383590" lon="-79.3837410">
    <ele>77.3</ele>
    <time>2024-07-27T11:39:50Z</time>
   </trkpt>
   <trkpt lat="43.6383360" lon="-79.3837200">
    <ele>77.3</ele>
    <time>2024-07-27T11:39:51Z</time>
   </trkpt>
   <trkpt lat="43.6383020" lon="-79.3836980">
    <ele>77.4</ele>
    <time>2024-07-27T11:39:52Z</time>
   </trkpt>
   <trkpt lat="43.6382920" lon="-79.3836870">
    <ele>77.4</ele>
    <time>2024-07-27T11:39:53Z</time>
   </trkpt>
   <trkpt lat="43.6382720" lon="-79.3836540">
    <ele>77.4</ele>
    <time>2024-07-27T11:39:54Z</time>
   </trkpt>
   <trkpt lat="43.6382670" lon="-79.3836390">
    <ele>77.4</ele>
    <time>2024-07-27T11:39:55Z</time>
   </trkpt>
   <trkpt lat="43.6382750" lon="-79.3835950">
    <ele>77.4</ele>
    <time>2024-07-27T11:39:56Z</time>
   </trkpt>
   <trkpt lat="43.6382770" lon="-79.3835430">
    <ele>77.4</ele>
    <time>2024-07-27T11:39:57Z</time>
   </trkpt>
   <trkpt lat="43.6382780" lon="-79.3835240">
    <ele>77.4</ele>
    <time>2024-07-27T11:39:58Z</time>
   </trkpt>
   <trkpt lat="43.6382570" lon="-79.3835090">
    <ele>77.4</ele>
    <time>2024-07-27T11:39:59Z</time>
   </trkpt>
   <trkpt lat="43.6382810" lon="-79.3834860">
    <ele>77.4</ele>
    <time>2024-07-27T11:40:00Z</time>
   </trkpt>
   <trkpt lat="43.6382900" lon="-79.3834440">
    <ele>77.4</ele>
    <time>2024-07-27T11:40:01Z</time>
   </trkpt>
   <trkpt lat="43.6382970" lon="-79.3834070">
    <ele>77.4</ele>
    <time>2024-07-27T11:40:02Z</time>
   </trkpt>
   <trkpt lat="43.6382940" lon="-79.3833640">
    <ele>77.4</ele>
    <time>2024-07-27T11:40:03Z</time>
   </trkpt>
   <trkpt lat="43.6382890" lon="-79.3833470">
    <ele>77.4</ele>
    <time>2024-07-27T11:40:04Z</time>
   </trkpt>
   <trkpt lat="43.6382890" lon="-79.3833010">
    <ele>77.4</ele>
    <time>2024-07-27T11:40:05Z</time>
   </trkpt>
   <trkpt lat="43.6382850" lon="-79.3832880">
    <ele>77.4</ele>
    <time>2024-07-27T11:40:06Z</time>
   </trkpt>
   <trkpt lat="43.6382660" lon="-79.3832340">
    <ele>77.4</ele>
    <time>2024-07-27T11:40:07Z</time>
   </trkpt>
   <trkpt lat="43.6382820" lon="-79.3832180">
    <ele>77.4</ele>
    <time>2024-07-27T11:40:08Z</time>
   </trkpt>
   <trkpt lat="43.6382910" lon="-79.3832080">
    <ele>77.4</ele>
    <time>2024-07-27T11:40:09Z</time>
   </trkpt>
   <trkpt lat="43.6383000" lon="-79.3831970">
    <ele>77.4</ele>
    <time>2024-07-27T11:40:10Z</time>
   </trkpt>
   <trkpt lat="43.6382790" lon="-79.3831610">
    <ele>77.0</ele>
    <time>2024-07-27T11:40:11Z</time>
   </trkpt>
   <trkpt lat="43.6382760" lon="-79.3831440">
    <ele>76.9</ele>
    <time>2024-07-27T11:40:12Z</time>
   </trkpt>
   <trkpt lat="43.6382650" lon="-79.3831220">
    <ele>76.7</ele>
    <time>2024-07-27T11:40:13Z</time>
   </trkpt>
   <trkpt lat="43.6382590" lon="-79.3831020">
    <ele>76.5</ele>
    <time>2024-07-27T11:40:14Z</time>
   </trkpt>
   <trkpt lat="43.6382480" lon="-79.3830560">
    <ele>76.1</ele>
    <time>2024-07-27T11:40:15Z</time>
   </trkpt>
   <trkpt lat="43.6382460" lon="-79.3830410">
    <ele>76.0</ele>
    <time>2024-07-27T11:40:16Z</time>
   </trkpt>
   <trkpt lat="43.6382400" lon="-79.3829910">
    <ele>75.9</ele>
    <time>2024-07-27T11:40:17Z</time>
   </trkpt>
   <trkpt lat="43.6382360" lon="-79.3829710">
    <ele>75.9</ele>
    <time>2024-07-27T11:40:18Z</time>
   </trkpt>
   <trkpt lat="43.6382260" lon="-79.3829330">
    <ele>76.0</ele>
    <time>2024-07-27T11:40:19Z</time>
   </trkpt>
   <trkpt lat="43.6382080" lon="-79.3828920">
    <ele>76.1</ele>
    <time>2024-07-27T11:40:20Z</time>
   </trkpt>
   <trkpt lat="43.6382020" lon="-79.3828760">
    <ele>76.2</ele>
    <time>2024-07-27T11:40:21Z</time>
   </trkpt>
   <trkpt lat="43.6381830" lon="-79.3828400">
    <ele>76.3</ele>
    <time>2024-07-27T11:40:22Z</time>
   </trkpt>
   <trkpt lat="43.6381770" lon="-79.3828260">
    <ele>76.3</ele>
    <time>2024-07-27T11:40:23Z</time>
   </trkpt>
   <trkpt lat="43.6381540" lon="-79.3827880">
    <ele>76.4</ele>
    <time>2024-07-27T11:40:24Z</time>
   </trkpt>
   <trkpt lat="43.6381450" lon="-79.3827760">
    <ele>76.4</ele>
    <time>2024-07-27T11:40:25Z</time>
   </trkpt>
   <trkpt lat="43.6381190" lon="-79.3827390">
    <ele>76.5</ele>
    <time>2024-07-27T11:40:26Z</time>
   </trkpt>
   <trkpt lat="43.6381100" lon="-79.3827270">
    <ele>76.6</ele>
    <time>2024-07-27T11:40:27Z</time>
   </trkpt>
   <trkpt lat="43.6380850" lon="-79.3826910">
    <ele>76.7</ele>
    <time>2024-07-27T11:40:28Z</time>
   </trkpt>
   <trkpt lat="43.6380750" lon="-79.3826820">
    <ele>76.7</ele>
    <time>2024-07-27T11:40:29Z</time>
   </trkpt>
   <trkpt lat="43.6380450" lon="-79.3826560">
    <ele>76.8</ele>
    <time>2024-07-27T11:40:30Z</time>
   </trkpt>
   <trkpt lat="43.6380350" lon="-79.3826450">
    <ele>76.8</ele>
    <time>2024-07-27T11:40:31Z</time>
   </trkpt>
   <trkpt lat="43.6380210" lon="-79.3826260">
    <ele>76.9</ele>
    <time>2024-07-27T11:40:32Z</time>
   </trkpt>
   <trkpt lat="43.6380080" lon="-79.3826130">
    <ele>76.9</ele>
    <time>2024-07-27T11:40:33Z</time>
   </trkpt>
   <trkpt lat="43.6379810" lon="-79.3825880">
    <ele>77.0</ele>
    <time>2024-07-27T11:40:34Z</time>
   </trkpt>
   <trkpt lat="43.6379750" lon="-79.3825780">
    <ele>77.0</ele>
    <time>2024-07-27T11:40:35Z</time>
   </trkpt>
   <trkpt lat="43.6379410" lon="-79.3825610">
    <ele>77.1</ele>
    <time>2024-07-27T11:40:36Z</time>
   </trkpt>
   <trkpt lat="43.6379310" lon="-79.3825530">
    <ele>77.1</ele>
    <time>2024-07-27T11:40:37Z</time>
   </trkpt>
   <trkpt lat="43.6379090" lon="-79.3825420">
    <ele>77.1</ele>
    <time>2024-07-27T11:40:38Z</time>
   </trkpt>
   <trkpt lat="43.6379000" lon="-79.3825270">
    <ele>77.2</ele>
    <time>2024-07-27T11:40:39Z</time>
   </trkpt>
   <trkpt lat="43.6378900" lon="-79.3825120">
    <ele>77.2</ele>
    <time>2024-07-27T11:40:40Z</time>
   </trkpt>
   <trkpt lat="43.6378750" lon="-79.3824640">
    <ele>77.2</ele>
    <time>2024-07-27T11:40:41Z</time>
   </trkpt>
   <trkpt lat="43.6378750" lon="-79.3824460">
    <ele>77.2</ele>
    <time>2024-07-27T11:40:42Z</time>
   </trkpt>
   <trkpt lat="43.6378790" lon="-79.3823990">
    <ele>77.2</ele>
    <time>2024-07-27T11:40:43Z</time>
   </trkpt>
   <trkpt lat="43.6378770" lon="-79.3823860">
    <ele>77.2</ele>
    <time>2024-07-27T11:40:44Z</time>
   </trkpt>
   <trkpt lat="43.6378850" lon="-79.3823440">
    <ele>77.2</ele>
    <time>2024-07-27T11:40:45Z</time>
   </trkpt>
   <trkpt lat="43.6378860" lon="-79.3823320">
    <ele>77.2</ele>
    <time>2024-07-27T11:40:46Z</time>
   </trkpt>
   <trkpt lat="43.6378900" lon="-79.3822940">
    <ele>77.2</ele>
    <time>2024-07-27T11:40:47Z</time>
   </trkpt>
   <trkpt lat="43.6378870" lon="-79.3822480">
    <ele>77.2</ele>
    <time>2024-07-27T11:40:48Z</time>
   </trkpt>
   <trkpt lat="43.6378880" lon="-79.3822350">
    <ele>77.2</ele>
    <time>2024-07-27T11:40:49Z</time>
   </trkpt>
   <trkpt lat="43.6378820" lon="-79.3821940">
    <ele>77.2</ele>
    <time>2024-07-27T11:40:50Z</time>
   </trkpt>
   <trkpt lat="43.6378800" lon="-79.3821480">
    <ele>77.2</ele>
    <time>2024-07-27T11:40:51Z</time>
   </trkpt>
   <trkpt lat="43.6378820" lon="-79.3821310">
    <ele>77.2</ele>
    <time>2024-07-27T11:40:52Z</time>
   </trkpt>
   <trkpt lat="43.6378860" lon="-79.3820810">
    <ele>77.2</ele>
    <time>2024-07-27T11:40:53Z</time>
   </trkpt>
   <trkpt lat="43.6378920" lon="-79.3820670">
    <ele>77.2</ele>
    <time>2024-07-27T11:40:54Z</time>
   </trkpt>
   <trkpt lat="43.6378880" lon="-79.3820140">
    <ele>77.2</ele>
    <time>2024-07-27T11:40:55Z</time>
   </trkpt>
   <trkpt lat="43.6378860" lon="-79.3819970">
    <ele>77.2</ele>
    <time>2024-07-27T11:40:56Z</time>
   </trkpt>
   <trkpt lat="43.6378880" lon="-79.3819590">
    <ele>77.3</ele>
    <time>2024-07-27T11:40:57Z</time>
   </trkpt>
   <trkpt lat="43.6378910" lon="-79.3819470">
    <ele>77.3</ele>
    <time>2024-07-27T11:40:58Z</time>
   </trkpt>
   <trkpt lat="43.6379010" lon="-79.3819100">
    <ele>77.3</ele>
    <time>2024-07-27T11:40:59Z</time>
   </trkpt>
   <trkpt lat="43.6379150" lon="-79.3818710">
    <ele>77.3</ele>
    <time>2024-07-27T11:41:00Z</time>
   </trkpt>
   <trkpt lat="43.6379180" lon="-79.3818570">
    <ele>77.3</ele>
    <time>2024-07-27T11:41:01Z</time>
   </trkpt>
   <trkpt lat="43.6379310" lon="-79.3818280">
    <ele>77.3</ele>
    <time>2024-07-27T11:41:02Z</time>
   </trkpt>
   <trkpt lat="43.6379370" lon="-79.3818130">
    <ele>77.3</ele>
    <time>2024-07-27T11:41:03Z</time>
   </trkpt>
   <trkpt lat="43.6379440" lon="-79.3817970">
    <ele>77.3</ele>
    <time>2024-07-27T11:41:04Z</time>
   </trkpt>
   <trkpt lat="43.6379370" lon="-79.3817570">
    <ele>77.3</ele>
    <time>2024-07-27T11:41:05Z</time>
   </trkpt>
   <trkpt lat="43.6379340" lon="-79.3817370">
    <ele>77.3</ele>
    <time>2024-07-27T11:41:06Z</time>
   </trkpt>
   <trkpt lat="43.6379330" lon="-79.3816840">
    <ele>77.3</ele>
    <time>2024-07-27T11:41:07Z</time>
   </trkpt>
   <trkpt lat="43.6379380" lon="-79.3816430">
    <ele>77.3</ele>
    <time>2024-07-27T11:41:08Z</time>
   </trkpt>
   <trkpt lat="43.6379350" lon="-79.3815920">
    <ele>77.3</ele>
    <time>2024-07-27T11:41:09Z</time>
   </trkpt>
   <trkpt lat="43.6379430" lon="-79.3815510">
    <ele>77.3</ele>
    <time>2024-07-27T11:41:10Z</time>
   </trkpt>
   <trkpt lat="43.6379460" lon="-79.3815370">
    <ele>77.3</ele>
    <time>2024-07-27T11:41:11Z</time>
   </trkpt>
   <trkpt lat="43.6379490" lon="-79.3814980">
    <ele>77.3</ele>
    <time>2024-07-27T11:41:12Z</time>
   </trkpt>
   <trkpt lat="43.6379490" lon="-79.3814590">
    <ele>77.3</ele>
    <time>2024-07-27T11:41:13Z</time>
   </trkpt>
   <trkpt lat="43.6379480" lon="-79.3814410">
    <ele>77.3</ele>
    <time>2024-07-27T11:41:14Z</time>
   </trkpt>
   <trkpt lat="43.6379550" lon="-79.3814030">
    <ele>77.3</ele>
    <time>2024-07-27T11:41:15Z</time>
   </trkpt>
   <trkpt lat="43.6379590" lon="-79.3813870">
    <ele>77.3</ele>
    <time>2024-07-27T11:41:16Z</time>
   </trkpt>
   <trkpt lat="43.6379630" lon="-79.3813470">
    <ele>77.3</ele>
    <time>2024-07-27T11:41:17Z</time>
   </trkpt>
   <trkpt lat="43.6379660" lon="-79.3813290">
    <ele>77.3</ele>
    <time>2024-07-27T11:41:18Z</time>
   </trkpt>
   <trkpt lat="43.6379700" lon="-79.3812760">
    <ele>77.3</ele>
    <time>2024-07-27T11:41:19Z</time>
   </trkpt>
   <trkpt lat="43.6379710" lon="-79.3812560">
    <ele>77.3</ele>
    <time>2024-07-27T11:41:20Z</time>
   </trkpt>
   <trkpt lat="43.6379740" lon="-79.3812100">
    <ele>77.3</ele>
    <time>2024-07-27T11:41:21Z</time>
   </trkpt>
   <trkpt lat="43.6379740" lon="-79.3811910">
    <ele>77.3</ele>
    <time>2024-07-27T11:41:22Z</time>
   </trkpt>
   <trkpt lat="43.6379810" lon="-79.3811440">
    <ele>77.3</ele>
    <time>2024-07-27T11:41:23Z</time>
   </trkpt>
   <trkpt lat="43.6379810" lon="-79.3811280">
    <ele>77.3</ele>
    <time>2024-07-27T11:41:24Z</time>
   </trkpt>
   <trkpt lat="43.6379810" lon="-79.3810910">
    <ele>77.3</ele>
    <time>2024-07-27T11:41:25Z</time>
   </trkpt>
   <trkpt lat="43.6379800" lon="-79.3810780">
    <ele>77.3</ele>
    <time>2024-07-27T11:41:26Z</time>
   </trkpt>
   <trkpt lat="43.6379840" lon="-79.3810210">
    <ele>77.3</ele>
    <time>2024-07-27T11:41:27Z</time>
   </trkpt>
   <trkpt lat="43.6379900" lon="-79.3809970">
    <ele>77.3</ele>
    <time>2024-07-27T11:41:28Z</time>
   </trkpt>
   <trkpt lat="43.6379880" lon="-79.3809580">
    <ele>77.3</ele>
    <time>2024-07-27T11:41:29Z</time>
   </trkpt>
   <trkpt lat="43.6379840" lon="-79.3809130">
    <ele>77.4</ele>
    <time>2024-07-27T11:41:30Z</time>
   </trkpt>
   <trkpt lat="43.6379870" lon="-79.3808750">
    <ele>77.4</ele>
    <time>2024-07-27T11:41:31Z</time>
   </trkpt>
   <trkpt lat="43.6379910" lon="-79.3808240">
    <ele>77.4</ele>
    <time>2024-07-27T11:41:32Z</time>
   </trkpt>
   <trkpt lat="43.6379980" lon="-79.3808090">
    <ele>77.4</ele>
    <time>2024-07-27T11:41:33Z</time>
   </trkpt>
   <trkpt lat="43.6380060" lon="-79.3807770">
    <ele>77.3</ele>
    <time>2024-07-27T11:41:34Z</time>
   </trkpt>
   <trkpt lat="43.6380100" lon="-79.3807510">
    <ele>77.3</ele>
    <time>2024-07-27T11:41:36Z</time>
   </trkpt>
   <trkpt lat="43.6380160" lon="-79.3807120">
    <ele>77.3</ele>
    <time>2024-07-27T11:41:37Z</time>
   </trkpt>
   <trkpt lat="43.6380200" lon="-79.3806980">
    <ele>77.3</ele>
    <time>2024-07-27T11:41:38Z</time>
   </trkpt>
   <trkpt lat="43.6380280" lon="-79.3806560">
    <ele>77.4</ele>
    <time>2024-07-27T11:41:39Z</time>
   </trkpt>
   <trkpt lat="43.6380260" lon="-79.3806420">
    <ele>77.4</ele>
    <time>2024-07-27T11:41:40Z</time>
   </trkpt>
   <trkpt lat="43.6380390" lon="-79.3806000">
    <ele>77.4</ele>
    <time>2024-07-27T11:41:41Z</time>
   </trkpt>
   <trkpt lat="43.6380460" lon="-79.3805860">
    <ele>77.4</ele>
    <time>2024-07-27T11:41:42Z</time>
   </trkpt>
   <trkpt lat="43.6380420" lon="-79.3805330">
    <ele>77.4</ele>
    <time>2024-07-27T11:41:43Z</time>
   </trkpt>
   <trkpt lat="43.6380420" lon="-79.3804910">
    <ele>77.4</ele>
    <time>2024-07-27T11:41:44Z</time>
   </trkpt>
   <trkpt lat="43.6380370" lon="-79.3804710">
    <ele>77.4</ele>
    <time>2024-07-27T11:41:45Z</time>
   </trkpt>
   <trkpt lat="43.6380430" lon="-79.3804470">
    <ele>77.4</ele>
    <time>2024-07-27T11:41:46Z</time>
   </trkpt>
   <trkpt lat="43.6380540" lon="-79.3804290">
    <ele>77.4</ele>
    <time>2024-07-27T11:41:47Z</time>
   </trkpt>
   <trkpt lat="43.6380530" lon="-79.3803780">
    <ele>77.4</ele>
    <time>2024-07-27T11:41:48Z</time>
   </trkpt>
   <trkpt lat="43.6380560" lon="-79.3803600">
    <ele>77.4</ele>
    <time>2024-07-27T11:41:49Z</time>
   </trkpt>
   <trkpt lat="43.6380720" lon="-79.3803050">
    <ele>77.5</ele>
    <time>2024-07-27T11:41:50Z</time>
   </trkpt>
   <trkpt lat="43.6380800" lon="-79.3802670">
    <ele>77.5</ele>
    <time>2024-07-27T11:41:51Z</time>
   </trkpt>
   <trkpt lat="43.6380840" lon="-79.3802570">
    <ele>77.5</ele>
    <time>2024-07-27T11:41:52Z</time>
   </trkpt>
   <trkpt lat="43.6380850" lon="-79.3802100">
    <ele>77.5</ele>
    <time>2024-07-27T11:41:53Z</time>
   </trkpt>
   <trkpt lat="43.6380840" lon="-79.3801940">
    <ele>77.5</ele>
    <time>2024-07-27T11:41:54Z</time>
   </trkpt>
   <trkpt lat="43.6380890" lon="-79.3801530">
    <ele>77.5</ele>
    <time>2024-07-27T11:41:55Z</time>
   </trkpt>
   <trkpt lat="43.6380910" lon="-79.3801370">
    <ele>77.6</ele>
    <time>2024-07-27T11:41:56Z</time>
   </trkpt>
   <trkpt lat="43.6380910" lon="-79.3801060">
    <ele>77.6</ele>
    <time>2024-07-27T11:41:57Z</time>
   </trkpt>
   <trkpt lat="43.6380960" lon="-79.3800910">
    <ele>77.6</ele>
    <time>2024-07-27T11:41:58Z</time>
   </trkpt>
   <trkpt lat="43.6380930" lon="-79.3800680">
    <ele>77.6</ele>
    <time>2024-07-27T11:41:59Z</time>
   </trkpt>
   <trkpt lat="43.6381050" lon="-79.3800560">
    <ele>77.6</ele>
    <time>2024-07-27T11:42:00Z</time>
   </trkpt>
   <trkpt lat="43.6381210" lon="-79.3800840">
    <ele>77.6</ele>
    <time>2024-07-27T11:42:01Z</time>
   </trkpt>
   <trkpt lat="43.6381290" lon="-79.3800870">
    <ele>77.6</ele>
    <time>2024-07-27T11:42:02Z</time>
   </trkpt>
   <trkpt lat="43.6381480" lon="-79.3800530">
    <ele>77.6</ele>
    <time>2024-07-27T11:42:03Z</time>
   </trkpt>
   <trkpt lat="43.6381560" lon="-79.3800390">
    <ele>77.6</ele>
    <time>2024-07-27T11:42:04Z</time>
   </trkpt>
   <trkpt lat="43.6381610" lon="-79.3800160">
    <ele>77.7</ele>
    <time>2024-07-27T11:42:05Z</time>
   </trkpt>
   <trkpt lat="43.6381740" lon="-79.3799960">
    <ele>77.7</ele>
    <time>2024-07-27T11:42:06Z</time>
   </trkpt>
   <trkpt lat="43.6381980" lon="-79.3799600">
    <ele>77.7</ele>
    <time>2024-07-27T11:42:07Z</time>
   </trkpt>
   <trkpt lat="43.6382050" lon="-79.3799510">
    <ele>77.7</ele>
    <time>2024-07-27T11:42:08Z</time>
   </trkpt>
   <trkpt lat="43.6382300" lon="-79.3799130">
    <ele>77.7</ele>
    <time>2024-07-27T11:42:09Z</time>
   </trkpt>
   <trkpt lat="43.6382410" lon="-79.3798970">
    <ele>77.7</ele>
    <time>2024-07-27T11:42:10Z</time>
   </trkpt>
   <trkpt lat="43.6382620" lon="-79.3798720">
    <ele>77.7</ele>
    <time>2024-07-27T11:42:11Z</time>
   </trkpt>
   <trkpt lat="43.6382850" lon="-79.3798410">
    <ele>77.7</ele>
    <time>2024-07-27T11:42:12Z</time>
   </trkpt>
   <trkpt lat="43.6383190" lon="-79.3798420">
    <ele>77.7</ele>
    <time>2024-07-27T11:42:13Z</time>
   </trkpt>
   <trkpt lat="43.6383320" lon="-79.3798420">
    <ele>77.7</ele>
    <time>2024-07-27T11:42:14Z</time>
   </trkpt>
   <trkpt lat="43.6383650" lon="-79.3798380">
    <ele>77.8</ele>
    <time>2024-07-27T11:42:15Z</time>
   </trkpt>
   <trkpt lat="43.6383770" lon="-79.3798350">
    <ele>77.8</ele>
    <time>2024-07-27T11:42:16Z</time>
   </trkpt>
   <trkpt lat="43.6384060" lon="-79.3798570">
    <ele>77.8</ele>
    <time>2024-07-27T11:42:17Z</time>
   </trkpt>
   <trkpt lat="43.6384150" lon="-79.3798660">
    <ele>77.8</ele>
    <time>2024-07-27T11:42:18Z</time>
   </trkpt>
   <trkpt lat="43.6384460" lon="-79.3798820">
    <ele>77.8</ele>
    <time>2024-07-27T11:42:19Z</time>
   </trkpt>
   <trkpt lat="43.6384540" lon="-79.3798990">
    <ele>77.9</ele>
    <time>2024-07-27T11:42:20Z</time>
   </trkpt>
   <trkpt lat="43.6384750" lon="-79.3799490">
    <ele>77.9</ele>
    <time>2024-07-27T11:42:21Z</time>
   </trkpt>
   <trkpt lat="43.6384760" lon="-79.3799820">
    <ele>77.9</ele>
    <time>2024-07-27T11:42:22Z</time>
   </trkpt>
   <trkpt lat="43.6385110" lon="-79.3799550">
    <ele>77.9</ele>
    <time>2024-07-27T11:42:23Z</time>
   </trkpt>
   <trkpt lat="43.6385440" lon="-79.3799150">
    <ele>78.0</ele>
    <time>2024-07-27T11:42:24Z</time>
   </trkpt>
   <trkpt lat="43.6385820" lon="-79.3799100">
    <ele>78.0</ele>
    <time>2024-07-27T11:42:25Z</time>
   </trkpt>
   <trkpt lat="43.6385960" lon="-79.3798990">
    <ele>77.9</ele>
    <time>2024-07-27T11:42:26Z</time>
   </trkpt>
   <trkpt lat="43.6386320" lon="-79.3799070">
    <ele>77.9</ele>
    <time>2024-07-27T11:42:27Z</time>
   </trkpt>
   <trkpt lat="43.6386440" lon="-79.3799030">
    <ele>77.9</ele>
    <time>2024-07-27T11:42:28Z</time>
   </trkpt>
   <trkpt lat="43.6386730" lon="-79.3799170">
    <ele>77.9</ele>
    <time>2024-07-27T11:42:29Z</time>
   </trkpt>
   <trkpt lat="43.6386850" lon="-79.3799230">
    <ele>77.9</ele>
    <time>2024-07-27T11:42:30Z</time>
   </trkpt>
   <trkpt lat="43.6387150" lon="-79.3799420">
    <ele>77.9</ele>
    <time>2024-07-27T11:42:31Z</time>
   </trkpt>
   <trkpt lat="43.6387240" lon="-79.3799420">
    <ele>77.9</ele>
    <time>2024-07-27T11:42:32Z</time>
   </trkpt>
   <trkpt lat="43.6387460" lon="-79.3799630">
    <ele>77.9</ele>
    <time>2024-07-27T11:42:33Z</time>
   </trkpt>
   <trkpt lat="43.6387520" lon="-79.3799770">
    <ele>77.9</ele>
    <time>2024-07-27T11:42:34Z</time>
   </trkpt>
   <trkpt lat="43.6387700" lon="-79.3800090">
    <ele>77.9</ele>
    <time>2024-07-27T11:42:35Z</time>
   </trkpt>
   <trkpt lat="43.6387820" lon="-79.3800170">
    <ele>77.8</ele>
    <time>2024-07-27T11:42:36Z</time>
   </trkpt>
   <trkpt lat="43.6387880" lon="-79.3800290">
    <ele>77.8</ele>
    <time>2024-07-27T11:42:37Z</time>
   </trkpt>
   <trkpt lat="43.6388050" lon="-79.3800440">
    <ele>77.8</ele>
    <time>2024-07-27T11:42:38Z</time>
   </trkpt>
   <trkpt lat="43.6388300" lon="-79.3800810">
    <ele>77.8</ele>
    <time>2024-07-27T11:42:39Z</time>
   </trkpt>
   <trkpt lat="43.6388300" lon="-79.3801070">
    <ele>77.8</ele>
    <time>2024-07-27T11:42:40Z</time>
   </trkpt>
   <trkpt lat="43.6388180" lon="-79.3801820">
    <ele>77.8</ele>
    <time>2024-07-27T11:42:41Z</time>
   </trkpt>
   <trkpt lat="43.6388340" lon="-79.3802430">
    <ele>77.8</ele>
    <time>2024-07-27T11:42:42Z</time>
   </trkpt>
   <trkpt lat="43.6388430" lon="-79.3802660">
    <ele>77.8</ele>
    <time>2024-07-27T11:42:43Z</time>
   </trkpt>
   <trkpt lat="43.6388580" lon="-79.3802730">
    <ele>77.8</ele>
    <time>2024-07-27T11:42:44Z</time>
   </trkpt>
   <trkpt lat="43.6388760" lon="-79.3803040">
    <ele>77.8</ele>
    <time>2024-07-27T11:42:45Z</time>
   </trkpt>
   <trkpt lat="43.6389200" lon="-79.3802920">
    <ele>77.8</ele>
    <time>2024-07-27T11:42:46Z</time>
   </trkpt>
   <trkpt lat="43.6389400" lon="-79.3802730">
    <ele>77.8</ele>
    <time>2024-07-27T11:42:47Z</time>
   </trkpt>
   <trkpt lat="43.6389690" lon="-79.3802810">
    <ele>77.8</ele>
    <time>2024-07-27T11:42:48Z</time>
   </trkpt>
   <trkpt lat="43.6389790" lon="-79.3802830">
    <ele>77.8</ele>
    <time>2024-07-27T11:42:49Z</time>
   </trkpt>
   <trkpt lat="43.6390090" lon="-79.3802920">
    <ele>77.8</ele>
    <time>2024-07-27T11:42:50Z</time>
   </trkpt>
   <trkpt lat="43.6390180" lon="-79.3802940">
    <ele>77.8</ele>
    <time>2024-07-27T11:42:51Z</time>
   </trkpt>
   <trkpt lat="43.6390400" lon="-79.3802960">
    <ele>77.8</ele>
    <time>2024-07-27T11:42:52Z</time>
   </trkpt>
   <trkpt lat="43.6390530" lon="-79.3803010">
    <ele>77.8</ele>
    <time>2024-07-27T11:42:53Z</time>
   </trkpt>
   <trkpt lat="43.6390820" lon="-79.3803180">
    <ele>77.8</ele>
    <time>2024-07-27T11:42:54Z</time>
   </trkpt>
   <trkpt lat="43.6391110" lon="-79.3803340">
    <ele>77.8</ele>
    <time>2024-07-27T11:42:55Z</time>
   </trkpt>
   <trkpt lat="43.6391750" lon="-79.3803200">
    <ele>77.7</ele>
    <time>2024-07-27T11:42:56Z</time>
   </trkpt>
   <trkpt lat="43.6391860" lon="-79.3802870">
    <ele>77.7</ele>
    <time>2024-07-27T11:42:57Z</time>
   </trkpt>
   <trkpt lat="43.6392010" lon="-79.3802760">
    <ele>77.7</ele>
    <time>2024-07-27T11:42:58Z</time>
   </trkpt>
   <trkpt lat="43.6392280" lon="-79.3802920">
    <ele>77.7</ele>
    <time>2024-07-27T11:42:59Z</time>
   </trkpt>
   <trkpt lat="43.6392570" lon="-79.3802880">
    <ele>77.7</ele>
    <time>2024-07-27T11:43:00Z</time>
   </trkpt>
   <trkpt lat="43.6392710" lon="-79.3802800">
    <ele>77.7</ele>
    <time>2024-07-27T11:43:01Z</time>
   </trkpt>
   <trkpt lat="43.6393380" lon="-79.3803200">
    <ele>77.7</ele>
    <time>2024-07-27T11:43:02Z</time>
   </trkpt>
   <trkpt lat="43.6393490" lon="-79.3803130">
    <ele>77.7</ele>
    <time>2024-07-27T11:43:03Z</time>
   </trkpt>
   <trkpt lat="43.6393730" lon="-79.3803200">
    <ele>77.7</ele>
    <time>2024-07-27T11:43:04Z</time>
   </trkpt>
   <trkpt lat="43.6394000" lon="-79.3803120">
    <ele>77.7</ele>
    <time>2024-07-27T11:43:05Z</time>
   </trkpt>
   <trkpt lat="43.6394450" lon="-79.3803230">
    <ele>77.7</ele>
    <time>2024-07-27T11:43:06Z</time>
   </trkpt>
   <trkpt lat="43.6394670" lon="-79.3803280">
    <ele>77.7</ele>
    <time>2024-07-27T11:43:07Z</time>
   </trkpt>
   <trkpt lat="43.6395030" lon="-79.3803350">
    <ele>77.7</ele>
    <time>2024-07-27T11:43:08Z</time>
   </trkpt>
   <trkpt lat="43.6395210" lon="-79.3803390">
    <ele>77.7</ele>
    <time>2024-07-27T11:43:09Z</time>
   </trkpt>
   <trkpt lat="43.6395320" lon="-79.3803290">
    <ele>77.7</ele>
    <time>2024-07-27T11:43:10Z</time>
   </trkpt>
   <trkpt lat="43.6395500" lon="-79.3803130">
    <ele>77.7</ele>
    <time>2024-07-27T11:43:11Z</time>
   </trkpt>
   <trkpt lat="43.6395680" lon="-79.3802970">
    <ele>77.6</ele>
    <time>2024-07-27T11:43:12Z</time>
   </trkpt>
   <trkpt lat="43.6396000" lon="-79.3803010">
    <ele>77.6</ele>
    <time>2024-07-27T11:43:13Z</time>
   </trkpt>
   <trkpt lat="43.6396330" lon="-79.3802940">
    <ele>77.7</ele>
    <time>2024-07-27T11:43:14Z</time>
   </trkpt>
   <trkpt lat="43.6396400" lon="-79.3802840">
    <ele>77.7</ele>
    <time>2024-07-27T11:43:15Z</time>
   </trkpt>
   <trkpt lat="43.6396580" lon="-79.3803080">
    <ele>77.8</ele>
    <time>2024-07-27T11:43:16Z</time>
   </trkpt>
   <trkpt lat="43.6396660" lon="-79.3803090">
    <ele>77.8</ele>
    <time>2024-07-27T11:43:17Z</time>
   </trkpt>
   <trkpt lat="43.6396730" lon="-79.3803100">
    <ele>77.8</ele>
    <time>2024-07-27T11:43:18Z</time>
   </trkpt>
   <trkpt lat="43.6396810" lon="-79.3803100">
    <ele>77.8</ele>
    <time>2024-07-27T11:43:19Z</time>
   </trkpt>
   <trkpt lat="43.6397180" lon="-79.3803170">
    <ele>77.9</ele>
    <time>2024-07-27T11:43:20Z</time>
   </trkpt>
   <trkpt lat="43.6397480" lon="-79.3802800">
    <ele>77.9</ele>
    <time>2024-07-27T11:43:21Z</time>
   </trkpt>
   <trkpt lat="43.6397630" lon="-79.3802680">
    <ele>77.9</ele>
    <time>2024-07-27T11:43:22Z</time>
   </trkpt>
   <trkpt lat="43.6397790" lon="-79.3802490">
    <ele>77.9</ele>
    <time>2024-07-27T11:43:23Z</time>
   </trkpt>
   <trkpt lat="43.6397900" lon="-79.3802360">
    <ele>77.9</ele>
    <time>2024-07-27T11:43:24Z</time>
   </trkpt>
   <trkpt lat="43.6397980" lon="-79.3802170">
    <ele>77.9</ele>
    <time>2024-07-27T11:43:25Z</time>
   </trkpt>
   <trkpt lat="43.6398130" lon="-79.3802030">
    <ele>77.9</ele>
    <time>2024-07-27T11:43:26Z</time>
   </trkpt>
   <trkpt lat="43.6398270" lon="-79.3801730">
    <ele>77.9</ele>
    <time>2024-07-27T11:43:27Z</time>
   </trkpt>
   <trkpt lat="43.6398340" lon="-79.3801620">
    <ele>77.9</ele>
    <time>2024-07-27T11:43:28Z</time>
   </trkpt>
   <trkpt lat="43.6398780" lon="-79.3801300">
    <ele>77.8</ele>
    <time>2024-07-27T11:43:29Z</time>
   </trkpt>
   <trkpt lat="43.6398980" lon="-79.3801000">
    <ele>77.8</ele>
    <time>2024-07-27T11:43:30Z</time>
   </trkpt>
   <trkpt lat="43.6399180" lon="-79.3800630">
    <ele>77.8</ele>
    <time>2024-07-27T11:43:31Z</time>
   </trkpt>
   <trkpt lat="43.6399260" lon="-79.3800190">
    <ele>77.9</ele>
    <time>2024-07-27T11:43:32Z</time>
   </trkpt>
   <trkpt lat="43.6399360" lon="-79.3799850">
    <ele>77.9</ele>
    <time>2024-07-27T11:43:33Z</time>
   </trkpt>
   <trkpt lat="43.6399320" lon="-79.3799770">
    <ele>77.9</ele>
    <time>2024-07-27T11:43:34Z</time>
   </trkpt>
   <trkpt lat="43.6399270" lon="-79.3799690">
    <ele>77.9</ele>
    <time>2024-07-27T11:43:35Z</time>
   </trkpt>
   <trkpt lat="43.6399300" lon="-79.3799240">
    <ele>78.0</ele>
    <time>2024-07-27T11:43:36Z</time>
   </trkpt>
   <trkpt lat="43.6399290" lon="-79.3799050">
    <ele>78.0</ele>
    <time>2024-07-27T11:43:37Z</time>
   </trkpt>
   <trkpt lat="43.6399390" lon="-79.3798650">
    <ele>78.0</ele>
    <time>2024-07-27T11:43:38Z</time>
   </trkpt>
   <trkpt lat="43.6399410" lon="-79.3798490">
    <ele>78.0</ele>
    <time>2024-07-27T11:43:39Z</time>
   </trkpt>
   <trkpt lat="43.6399530" lon="-79.3798160">
    <ele>78.0</ele>
    <time>2024-07-27T11:43:40Z</time>
   </trkpt>
   <trkpt lat="43.6399630" lon="-79.3797810">
    <ele>78.0</ele>
    <time>2024-07-27T11:43:41Z</time>
   </trkpt>
   <trkpt lat="43.6399730" lon="-79.3797530">
    <ele>78.0</ele>
    <time>2024-07-27T11:43:42Z</time>
   </trkpt>
   <trkpt lat="43.6399770" lon="-79.3797340">
    <ele>78.0</ele>
    <time>2024-07-27T11:43:43Z</time>
   </trkpt>
   <trkpt lat="43.6399890" lon="-79.3796750">
    <ele>78.0</ele>
    <time>2024-07-27T11:43:44Z</time>
   </trkpt>
   <trkpt lat="43.6399940" lon="-79.3796460">
    <ele>78.0</ele>
    <time>2024-07-27T11:43:45Z</time>
   </trkpt>
   <trkpt lat="43.6400030" lon="-79.3796060">
    <ele>78.0</ele>
    <time>2024-07-27T11:43:46Z</time>
   </trkpt>
   <trkpt lat="43.6400050" lon="-79.3795910">
    <ele>78.0</ele>
    <time>2024-07-27T11:43:47Z</time>
   </trkpt>
   <trkpt lat="43.6399890" lon="-79.3796280">
    <ele>78.0</ele>
    <time>2024-07-27T11:43:48Z</time>
   </trkpt>
   <trkpt lat="43.6400090" lon="-79.3795970">
    <ele>78.0</ele>
    <time>2024-07-27T11:43:49Z</time>
   </trkpt>
   <trkpt lat="43.6400380" lon="-79.3795930">
    <ele>78.0</ele>
    <time>2024-07-27T11:43:50Z</time>
   </trkpt>
   <trkpt lat="43.6400460" lon="-79.3795460">
    <ele>78.1</ele>
    <time>2024-07-27T11:43:51Z</time>
   </trkpt>
   <trkpt lat="43.6400450" lon="-79.3795240">
    <ele>78.1</ele>
    <time>2024-07-27T11:43:52Z</time>
   </trkpt>
   <trkpt lat="43.6400490" lon="-79.3794800">
    <ele>78.1</ele>
    <time>2024-07-27T11:43:53Z</time>
   </trkpt>
   <trkpt lat="43.6400110" lon="-79.3794250">
    <ele>78.1</ele>
    <time>2024-07-27T11:43:54Z</time>
   </trkpt>
   <trkpt lat="43.6400040" lon="-79.3793670">
    <ele>78.1</ele>
    <time>2024-07-27T11:43:55Z</time>
   </trkpt>
   <trkpt lat="43.6400020" lon="-79.3793450">
    <ele>78.1</ele>
    <time>2024-07-27T11:43:56Z</time>
   </trkpt>
   <trkpt lat="43.6399760" lon="-79.3793090">
    <ele>78.1</ele>
    <time>2024-07-27T11:43:57Z</time>
   </trkpt>
   <trkpt lat="43.6399770" lon="-79.3792690">
    <ele>78.1</ele>
    <time>2024-07-27T11:43:58Z</time>
   </trkpt>
   <trkpt lat="43.6400120" lon="-79.3792570">
    <ele>78.1</ele>
    <time>2024-07-27T11:43:59Z</time>
   </trkpt>
   <trkpt lat="43.6400340" lon="-79.3792280">
    <ele>78.1</ele>
    <time>2024-07-27T11:44:00Z</time>
   </trkpt>
   <trkpt lat="43.6400470" lon="-79.3791850">
    <ele>78.1</ele>
    <time>2024-07-27T11:44:01Z</time>
   </trkpt>
   <trkpt lat="43.6400680" lon="-79.3791510">
    <ele>78.1</ele>
    <time>2024-07-27T11:44:02Z</time>
   </trkpt>
   <trkpt lat="43.6400890" lon="-79.3791020">
    <ele>78.1</ele>
    <time>2024-07-27T11:44:03Z</time>
   </trkpt>
   <trkpt lat="43.6400990" lon="-79.3790870">
    <ele>78.1</ele>
    <time>2024-07-27T11:44:04Z</time>
   </trkpt>
   <trkpt lat="43.6401400" lon="-79.3790760">
    <ele>78.1</ele>
    <time>2024-07-27T11:44:05Z</time>
   </trkpt>
   <trkpt lat="43.6401550" lon="-79.3790700">
    <ele>78.1</ele>
    <time>2024-07-27T11:44:06Z</time>
   </trkpt>
   <trkpt lat="43.6401750" lon="-79.3790370">
    <ele>78.1</ele>
    <time>2024-07-27T11:44:07Z</time>
   </trkpt>
   <trkpt lat="43.6402000" lon="-79.3790030">
    <ele>78.1</ele>
    <time>2024-07-27T11:44:08Z</time>
   </trkpt>
   <trkpt lat="43.6402140" lon="-79.3789950">
    <ele>78.1</ele>
    <time>2024-07-27T11:44:09Z</time>
   </trkpt>
   <trkpt lat="43.6402330" lon="-79.3789510">
    <ele>78.1</ele>
    <time>2024-07-27T11:44:10Z</time>
   </trkpt>
   <trkpt lat="43.6402400" lon="-79.3789340">
    <ele>78.1</ele>
    <time>2024-07-27T11:44:11Z</time>
   </trkpt>
   <trkpt lat="43.6402510" lon="-79.3788880">
    <ele>78.1</ele>
    <time>2024-07-27T11:44:12Z</time>
   </trkpt>
   <trkpt lat="43.6402590" lon="-79.3788760">
    <ele>78.1</ele>
    <time>2024-07-27T11:44:13Z</time>
   </trkpt>
   <trkpt lat="43.6402750" lon="-79.3788410">
    <ele>78.1</ele>
    <time>2024-07-27T11:44:14Z</time>
   </trkpt>
   <trkpt lat="43.6402800" lon="-79.3788280">
    <ele>78.1</ele>
    <time>2024-07-27T11:44:15Z</time>
   </trkpt>
   <trkpt lat="43.6403000" lon="-79.3787950">
    <ele>78.1</ele>
    <time>2024-07-27T11:44:16Z</time>
   </trkpt>
   <trkpt lat="43.6403070" lon="-79.3787830">
    <ele>78.1</ele>
    <time>2024-07-27T11:44:17Z</time>
   </trkpt>
   <trkpt lat="43.6403210" lon="-79.3787700">
    <ele>78.1</ele>
    <time>2024-07-27T11:44:18Z</time>
   </trkpt>
   <trkpt lat="43.6403280" lon="-79.3787540">
    <ele>78.1</ele>
    <time>2024-07-27T11:44:19Z</time>
   </trkpt>
   <trkpt lat="43.6403500" lon="-79.3787280">
    <ele>78.1</ele>
    <time>2024-07-27T11:44:20Z</time>
   </trkpt>
   <trkpt lat="43.6403550" lon="-79.3787180">
    <ele>78.1</ele>
    <time>2024-07-27T11:44:21Z</time>
   </trkpt>
   <trkpt lat="43.6404150" lon="-79.3786660">
    <ele>78.1</ele>
    <time>2024-07-27T11:44:22Z</time>
   </trkpt>
   <trkpt lat="43.6403910" lon="-79.3786250">
    <ele>78.1</ele>
    <time>2024-07-27T11:44:23Z</time>
   </trkpt>
   <trkpt lat="43.6403980" lon="-79.3785890">
    <ele>78.1</ele>
    <time>2024-07-27T11:44:24Z</time>
   </trkpt>
   <trkpt lat="43.6404110" lon="-79.3785410">
    <ele>78.1</ele>
    <time>2024-07-27T11:44:25Z</time>
   </trkpt>
   <trkpt lat="43.6404120" lon="-79.3785230">
    <ele>78.1</ele>
    <time>2024-07-27T11:44:26Z</time>
   </trkpt>
   <trkpt lat="43.6404190" lon="-79.3785030">
    <ele>78.1</ele>
    <time>2024-07-27T11:44:27Z</time>
   </trkpt>
   <trkpt lat="43.6404200" lon="-79.3785000">
    <ele>78.1</ele>
    <time>2024-07-27T11:44:28Z</time>
   </trkpt>
   <trkpt lat="43.6404360" lon="-79.3784870">
    <ele>78.1</ele>
    <time>2024-07-27T11:44:29Z</time>
   </trkpt>
   <trkpt lat="43.6404310" lon="-79.3784710">
    <ele>78.1</ele>
    <time>2024-07-27T11:44:30Z</time>
   </trkpt>
   <trkpt lat="43.6404340" lon="-79.3784390">
    <ele>78.1</ele>
    <time>2024-07-27T11:44:31Z</time>
   </trkpt>
   <trkpt lat="43.6404510" lon="-79.3784180">
    <ele>78.1</ele>
    <time>2024-07-27T11:44:32Z</time>
   </trkpt>
   <trkpt lat="43.6404540" lon="-79.3784020">
    <ele>78.1</ele>
    <time>2024-07-27T11:44:33Z</time>
   </trkpt>
   <trkpt lat="43.6404640" lon="-79.3783570">
    <ele>78.0</ele>
    <time>2024-07-27T11:44:34Z</time>
   </trkpt>
   <trkpt lat="43.6404810" lon="-79.3782820">
    <ele>78.0</ele>
    <time>2024-07-27T11:44:35Z</time>
   </trkpt>
   <trkpt lat="43.6404910" lon="-79.3782400">
    <ele>78.0</ele>
    <time>2024-07-27T11:44:36Z</time>
   </trkpt>
   <trkpt lat="43.6404870" lon="-79.3782280">
    <ele>78.0</ele>
    <time>2024-07-27T11:44:37Z</time>
   </trkpt>
   <trkpt lat="43.6404990" lon="-79.3781980">
    <ele>78.0</ele>
    <time>2024-07-27T11:44:38Z</time>
   </trkpt>
   <trkpt lat="43.6405320" lon="-79.3781790">
    <ele>78.0</ele>
    <time>2024-07-27T11:44:39Z</time>
   </trkpt>
   <trkpt lat="43.6405580" lon="-79.3781890">
    <ele>78.0</ele>
    <time>2024-07-27T11:44:40Z</time>
   </trkpt>
   <trkpt lat="43.6405390" lon="-79.3781100">
    <ele>78.0</ele>
    <time>2024-07-27T11:44:41Z</time>
   </trkpt>
   <trkpt lat="43.6405440" lon="-79.3780640">
    <ele>78.0</ele>
    <time>2024-07-27T11:44:42Z</time>
   </trkpt>
   <trkpt lat="43.6405460" lon="-79.3780460">
    <ele>78.0</ele>
    <time>2024-07-27T11:44:43Z</time>
   </trkpt>
   <trkpt lat="43.6405520" lon="-79.3780080">
    <ele>78.0</ele>
    <time>2024-07-27T11:44:44Z</time>
   </trkpt>
   <trkpt lat="43.6405850" lon="-79.3779970">
    <ele>78.0</ele>
    <time>2024-07-27T11:44:45Z</time>
   </trkpt>
   <trkpt lat="43.6405890" lon="-79.3779580">
    <ele>78.0</ele>
    <time>2024-07-27T11:44:46Z</time>
   </trkpt>
   <trkpt lat="43.6406230" lon="-79.3779380">
    <ele>78.0</ele>
    <time>2024-07-27T11:44:47Z</time>
   </trkpt>
   <trkpt lat="43.6406330" lon="-79.3779270">
    <ele>78.0</ele>
    <time>2024-07-27T11:44:48Z</time>
   </trkpt>
   <trkpt lat="43.6406500" lon="-79.3778910">
    <ele>78.0</ele>
    <time>2024-07-27T11:44:49Z</time>
   </trkpt>
   <trkpt lat="43.6406630" lon="-79.3778790">
    <ele>78.1</ele>
    <time>2024-07-27T11:44:50Z</time>
   </trkpt>
   <trkpt lat="43.6406830" lon="-79.3778470">
    <ele>78.1</ele>
    <time>2024-07-27T11:44:51Z</time>
   </trkpt>
   <trkpt lat="43.6406910" lon="-79.3778450">
    <ele>78.1</ele>
    <time>2024-07-27T11:44:52Z</time>
   </trkpt>
   <trkpt lat="43.6407130" lon="-79.3778080">
    <ele>78.1</ele>
    <time>2024-07-27T11:44:53Z</time>
   </trkpt>
   <trkpt lat="43.6407210" lon="-79.3777990">
    <ele>78.1</ele>
    <time>2024-07-27T11:44:54Z</time>
   </trkpt>
   <trkpt lat="43.6407410" lon="-79.3777490">
    <ele>78.1</ele>
    <time>2024-07-27T11:44:55Z</time>
   </trkpt>
   <trkpt lat="43.6407490" lon="-79.3777290">
    <ele>78.1</ele>
    <time>2024-07-27T11:44:56Z</time>
   </trkpt>
   <trkpt lat="43.6407780" lon="-79.3777130">
    <ele>78.1</ele>
    <time>2024-07-27T11:44:57Z</time>
   </trkpt>
   <trkpt lat="43.6408030" lon="-79.3776560">
    <ele>78.1</ele>
    <time>2024-07-27T11:44:58Z</time>
   </trkpt>
   <trkpt lat="43.6407760" lon="-79.3776140">
    <ele>78.1</ele>
    <time>2024-07-27T11:44:59Z</time>
   </trkpt>
   <trkpt lat="43.6408060" lon="-79.3775910">
    <ele>78.1</ele>
    <time>2024-07-27T11:45:00Z</time>
   </trkpt>
   <trkpt lat="43.6408450" lon="-79.3775670">
    <ele>78.1</ele>
    <time>2024-07-27T11:45:01Z</time>
   </trkpt>
   <trkpt lat="43.6408790" lon="-79.3775620">
    <ele>78.1</ele>
    <time>2024-07-27T11:45:02Z</time>
   </trkpt>
   <trkpt lat="43.6409360" lon="-79.3775440">
    <ele>78.1</ele>
    <time>2024-07-27T11:45:03Z</time>
   </trkpt>
   <trkpt lat="43.6409750" lon="-79.3775360">
    <ele>78.1</ele>
    <time>2024-07-27T11:45:04Z</time>
   </trkpt>
   <trkpt lat="43.6409770" lon="-79.3774920">
    <ele>78.1</ele>
    <time>2024-07-27T11:45:05Z</time>
   </trkpt>
   <trkpt lat="43.6409830" lon="-79.3774770">
    <ele>78.1</ele>
    <time>2024-07-27T11:45:06Z</time>
   </trkpt>
   <trkpt lat="43.6409880" lon="-79.3774620">
    <ele>78.1</ele>
    <time>2024-07-27T11:45:07Z</time>
   </trkpt>
   <trkpt lat="43.6409260" lon="-79.3774230">
    <ele>78.1</ele>
    <time>2024-07-27T11:45:08Z</time>
   </trkpt>
   <trkpt lat="43.6409170" lon="-79.3773680">
    <ele>78.1</ele>
    <time>2024-07-27T11:45:09Z</time>
   </trkpt>
   <trkpt lat="43.6410120" lon="-79.3774050">
    <ele>78.1</ele>
    <time>2024-07-27T11:45:10Z</time>
   </trkpt>
   <trkpt lat="43.6410810" lon="-79.3774170">
    <ele>78.2</ele>
    <time>2024-07-27T11:45:11Z</time>
   </trkpt>
   <trkpt lat="43.6411460" lon="-79.3774260">
    <ele>78.4</ele>
    <time>2024-07-27T11:45:12Z</time>
   </trkpt>
   <trkpt lat="43.6411660" lon="-79.3773950">
    <ele>78.3</ele>
    <time>2024-07-27T11:45:13Z</time>
   </trkpt>
   <trkpt lat="43.6411980" lon="-79.3773740">
    <ele>78.3</ele>
    <time>2024-07-27T11:45:14Z</time>
   </trkpt>
   <trkpt lat="43.6412190" lon="-79.3773680">
    <ele>78.3</ele>
    <time>2024-07-27T11:45:15Z</time>
   </trkpt>
   <trkpt lat="43.6412340" lon="-79.3773350">
    <ele>78.2</ele>
    <time>2024-07-27T11:45:16Z</time>
   </trkpt>
   <trkpt lat="43.6412280" lon="-79.3772920">
    <ele>78.0</ele>
    <time>2024-07-27T11:45:17Z</time>
   </trkpt>
   <trkpt lat="43.6412290" lon="-79.3772770">
    <ele>78.0</ele>
    <time>2024-07-27T11:45:18Z</time>
   </trkpt>
   <trkpt lat="43.6412550" lon="-79.3772410">
    <ele>78.0</ele>
    <time>2024-07-27T11:45:19Z</time>
   </trkpt>
   <trkpt lat="43.6412600" lon="-79.3772260">
    <ele>78.0</ele>
    <time>2024-07-27T11:45:20Z</time>
   </trkpt>
   <trkpt lat="43.6413310" lon="-79.3772230">
    <ele>78.4</ele>
    <time>2024-07-27T11:45:21Z</time>
   </trkpt>
   <trkpt lat="43.6413100" lon="-79.3771380">
    <ele>78.3</ele>
    <time>2024-07-27T11:45:22Z</time>
   </trkpt>
   <trkpt lat="43.6412650" lon="-79.3770980">
    <ele>78.1</ele>
    <time>2024-07-27T11:45:23Z</time>
   </trkpt>
   <trkpt lat="43.6413600" lon="-79.3771300">
    <ele>78.6</ele>
    <time>2024-07-27T11:45:24Z</time>
   </trkpt>
   <trkpt lat="43.6413680" lon="-79.3770930">
    <ele>78.6</ele>
    <time>2024-07-27T11:45:25Z</time>
   </trkpt>
   <trkpt lat="43.6413700" lon="-79.3770760">
    <ele>78.6</ele>
    <time>2024-07-27T11:45:26Z</time>
   </trkpt>
   <trkpt lat="43.6413070" lon="-79.3770030">
    <ele>78.3</ele>
    <time>2024-07-27T11:45:27Z</time>
   </trkpt>
   <trkpt lat="43.6412950" lon="-79.3769530">
    <ele>78.3</ele>
    <time>2024-07-27T11:45:28Z</time>
   </trkpt>
   <trkpt lat="43.6412780" lon="-79.3769280">
    <ele>78.1</ele>
    <time>2024-07-27T11:45:29Z</time>
   </trkpt>
   <trkpt lat="43.6412250" lon="-79.3768420">
    <ele>78.0</ele>
    <time>2024-07-27T11:45:30Z</time>
   </trkpt>
   <trkpt lat="43.6412310" lon="-79.3767970">
    <ele>78.0</ele>
    <time>2024-07-27T11:45:31Z</time>
   </trkpt>
   <trkpt lat="43.6412360" lon="-79.3767810">
    <ele>78.0</ele>
    <time>2024-07-27T11:45:32Z</time>
   </trkpt>
   <trkpt lat="43.6412440" lon="-79.3767420">
    <ele>78.0</ele>
    <time>2024-07-27T11:45:33Z</time>
   </trkpt>
   <trkpt lat="43.6412460" lon="-79.3767260">
    <ele>78.0</ele>
    <time>2024-07-27T11:45:34Z</time>
   </trkpt>
   <trkpt lat="43.6412490" lon="-79.3767060">
    <ele>78.0</ele>
    <time>2024-07-27T11:45:35Z</time>
   </trkpt>
   <trkpt lat="43.6412510" lon="-79.3766850">
    <ele>78.0</ele>
    <time>2024-07-27T11:45:36Z</time>
   </trkpt>
   <trkpt lat="43.6412500" lon="-79.3766400">
    <ele>78.0</ele>
    <time>2024-07-27T11:45:37Z</time>
   </trkpt>
   <trkpt lat="43.6412460" lon="-79.3765880">
    <ele>78.0</ele>
    <time>2024-07-27T11:45:38Z</time>
   </trkpt>
   <trkpt lat="43.6412470" lon="-79.3765750">
    <ele>78.0</ele>
    <time>2024-07-27T11:45:39Z</time>
   </trkpt>
   <trkpt lat="43.6412590" lon="-79.3765530">
    <ele>78.0</ele>
    <time>2024-07-27T11:45:40Z</time>
   </trkpt>
   <trkpt lat="43.6412430" lon="-79.3765060">
    <ele>78.0</ele>
    <time>2024-07-27T11:45:41Z</time>
   </trkpt>
   <trkpt lat="43.6412420" lon="-79.3764860">
    <ele>78.0</ele>
    <time>2024-07-27T11:45:42Z</time>
   </trkpt>
   <trkpt lat="43.6412560" lon="-79.3764480">
    <ele>78.0</ele>
    <time>2024-07-27T11:45:43Z</time>
   </trkpt>
   <trkpt lat="43.6412600" lon="-79.3764360">
    <ele>78.0</ele>
    <time>2024-07-27T11:45:44Z</time>
   </trkpt>
   <trkpt lat="43.6412710" lon="-79.3764170">
    <ele>78.0</ele>
    <time>2024-07-27T11:45:45Z</time>
   </trkpt>
   <trkpt lat="43.6412720" lon="-79.3763950">
    <ele>78.0</ele>
    <time>2024-07-27T11:45:46Z</time>
   </trkpt>
   <trkpt lat="43.6412330" lon="-79.3763690">
    <ele>78.0</ele>
    <time>2024-07-27T11:45:47Z</time>
   </trkpt>
   <trkpt lat="43.6412020" lon="-79.3763620">
    <ele>78.0</ele>
    <time>2024-07-27T11:45:48Z</time>
   </trkpt>
   <trkpt lat="43.6411870" lon="-79.3762830">
    <ele>78.0</ele>
    <time>2024-07-27T11:45:49Z</time>
   </trkpt>
   <trkpt lat="43.6411970" lon="-79.3762390">
    <ele>77.9</ele>
    <time>2024-07-27T11:45:50Z</time>
   </trkpt>
   <trkpt lat="43.6412010" lon="-79.3761970">
    <ele>77.9</ele>
    <time>2024-07-27T11:45:51Z</time>
   </trkpt>
   <trkpt lat="43.6412010" lon="-79.3761790">
    <ele>77.9</ele>
    <time>2024-07-27T11:45:52Z</time>
   </trkpt>
   <trkpt lat="43.6412120" lon="-79.3761380">
    <ele>77.9</ele>
    <time>2024-07-27T11:45:53Z</time>
   </trkpt>
   <trkpt lat="43.6411770" lon="-79.3761230">
    <ele>77.9</ele>
    <time>2024-07-27T11:45:54Z</time>
   </trkpt>
   <trkpt lat="43.6411760" lon="-79.3761010">
    <ele>77.9</ele>
    <time>2024-07-27T11:45:55Z</time>
   </trkpt>
   <trkpt lat="43.6411810" lon="-79.3760750">
    <ele>77.9</ele>
    <time>2024-07-27T11:45:56Z</time>
   </trkpt>
   <trkpt lat="43.6411680" lon="-79.3760380">
    <ele>77.9</ele>
    <time>2024-07-27T11:45:57Z</time>
   </trkpt>
   <trkpt lat="43.6411790" lon="-79.3760010">
    <ele>77.9</ele>
    <time>2024-07-27T11:45:58Z</time>
   </trkpt>
   <trkpt lat="43.6412050" lon="-79.3759700">
    <ele>77.9</ele>
    <time>2024-07-27T11:45:59Z</time>
   </trkpt>
   <trkpt lat="43.6412200" lon="-79.3759580">
    <ele>77.9</ele>
    <time>2024-07-27T11:46:00Z</time>
   </trkpt>
   <trkpt lat="43.6412570" lon="-79.3759430">
    <ele>77.9</ele>
    <time>2024-07-27T11:46:01Z</time>
   </trkpt>
   <trkpt lat="43.6412980" lon="-79.3759180">
    <ele>77.9</ele>
    <time>2024-07-27T11:46:02Z</time>
   </trkpt>
   <trkpt lat="43.6413180" lon="-79.3759110">
    <ele>77.9</ele>
    <time>2024-07-27T11:46:03Z</time>
   </trkpt>
   <trkpt lat="43.6413470" lon="-79.3758900">
    <ele>77.9</ele>
    <time>2024-07-27T11:46:04Z</time>
   </trkpt>
   <trkpt lat="43.6413800" lon="-79.3758580">
    <ele>77.8</ele>
    <time>2024-07-27T11:46:05Z</time>
   </trkpt>
   <trkpt lat="43.6414040" lon="-79.3758460">
    <ele>77.8</ele>
    <time>2024-07-27T11:46:06Z</time>
   </trkpt>
   <trkpt lat="43.6414310" lon="-79.3758180">
    <ele>77.8</ele>
    <time>2024-07-27T11:46:07Z</time>
   </trkpt>
   <trkpt lat="43.6414340" lon="-79.3757750">
    <ele>77.8</ele>
    <time>2024-07-27T11:46:08Z</time>
   </trkpt>
   <trkpt lat="43.6414580" lon="-79.3757270">
    <ele>77.8</ele>
    <time>2024-07-27T11:46:09Z</time>
   </trkpt>
   <trkpt lat="43.6414690" lon="-79.3757100">
    <ele>77.8</ele>
    <time>2024-07-27T11:46:10Z</time>
   </trkpt>
   <trkpt lat="43.6415010" lon="-79.3756990">
    <ele>77.8</ele>
    <time>2024-07-27T11:46:11Z</time>
   </trkpt>
   <trkpt lat="43.6415120" lon="-79.3756850">
    <ele>77.8</ele>
    <time>2024-07-27T11:46:12Z</time>
   </trkpt>
   <trkpt lat="43.6415830" lon="-79.3756700">
    <ele>77.8</ele>
    <time>2024-07-27T11:46:13Z</time>
   </trkpt>
   <trkpt lat="43.6415710" lon="-79.3756120">
    <ele>77.8</ele>
    <time>2024-07-27T11:46:14Z</time>
   </trkpt>
   <trkpt lat="43.6416390" lon="-79.3756220">
    <ele>77.8</ele>
    <time>2024-07-27T11:46:15Z</time>
   </trkpt>
   <trkpt lat="43.6416800" lon="-79.3755990">
    <ele>77.8</ele>
    <time>2024-07-27T11:46:16Z</time>
   </trkpt>
   <trkpt lat="43.6417010" lon="-79.3755820">
    <ele>77.8</ele>
    <time>2024-07-27T11:46:17Z</time>
   </trkpt>
   <trkpt lat="43.6417110" lon="-79.3755410">
    <ele>77.8</ele>
    <time>2024-07-27T11:46:18Z</time>
   </trkpt>
   <trkpt lat="43.6417160" lon="-79.3755210">
    <ele>77.8</ele>
    <time>2024-07-27T11:46:19Z</time>
   </trkpt>
   <trkpt lat="43.6417200" lon="-79.3754760">
    <ele>77.8</ele>
    <time>2024-07-27T11:46:20Z</time>
   </trkpt>
   <trkpt lat="43.6417190" lon="-79.3754620">
    <ele>77.8</ele>
    <time>2024-07-27T11:46:21Z</time>
   </trkpt>
   <trkpt lat="43.6417170" lon="-79.3754150">
    <ele>77.8</ele>
    <time>2024-07-27T11:46:22Z</time>
   </trkpt>
   <trkpt lat="43.6417180" lon="-79.3753980">
    <ele>77.8</ele>
    <time>2024-07-27T11:46:23Z</time>
   </trkpt>
   <trkpt lat="43.6416350" lon="-79.3753280">
    <ele>77.8</ele>
    <time>2024-07-27T11:46:24Z</time>
   </trkpt>
   <trkpt lat="43.6416300" lon="-79.3752800">
    <ele>77.8</ele>
    <time>2024-07-27T11:46:25Z</time>
   </trkpt>
   <trkpt lat="43.6416320" lon="-79.3752680">
    <ele>77.8</ele>
    <time>2024-07-27T11:46:26Z</time>
   </trkpt>
   <trkpt lat="43.6416460" lon="-79.3752450">
    <ele>77.8</ele>
    <time>2024-07-27T11:46:27Z</time>
   </trkpt>
   <trkpt lat="43.6416480" lon="-79.3752240">
    <ele>77.8</ele>
    <time>2024-07-27T11:46:28Z</time>
   </trkpt>
   <trkpt lat="43.6416120" lon="-79.3752070">
    <ele>77.8</ele>
    <time>2024-07-27T11:46:29Z</time>
   </trkpt>
   <trkpt lat="43.6415980" lon="-79.3752000">
    <ele>77.8</ele>
    <time>2024-07-27T11:46:30Z</time>
   </trkpt>
   <trkpt lat="43.6416070" lon="-79.3751710">
    <ele>77.8</ele>
    <time>2024-07-27T11:46:31Z</time>
   </trkpt>
   <trkpt lat="43.6416210" lon="-79.3751480">
    <ele>77.8</ele>
    <time>2024-07-27T11:46:32Z</time>
   </trkpt>
   <trkpt lat="43.6416360" lon="-79.3751250">
    <ele>77.8</ele>
    <time>2024-07-27T11:46:33Z</time>
   </trkpt>
   <trkpt lat="43.6416270" lon="-79.3750450">
    <ele>77.8</ele>
    <time>2024-07-27T11:46:34Z</time>
   </trkpt>
   <trkpt lat="43.6416550" lon="-79.3750970">
    <ele>77.8</ele>
    <time>2024-07-27T11:46:35Z</time>
   </trkpt>
   <trkpt lat="43.6416810" lon="-79.3750850">
    <ele>77.8</ele>
    <time>2024-07-27T11:46:36Z</time>
   </trkpt>
   <trkpt lat="43.6417000" lon="-79.3750460">
    <ele>77.8</ele>
    <time>2024-07-27T11:46:37Z</time>
   </trkpt>
   <trkpt lat="43.6417100" lon="-79.3750410">
    <ele>77.8</ele>
    <time>2024-07-27T11:46:38Z</time>
   </trkpt>
   <trkpt lat="43.6417310" lon="-79.3750020">
    <ele>77.8</ele>
    <time>2024-07-27T11:46:39Z</time>
   </trkpt>
   <trkpt lat="43.6417370" lon="-79.3749810">
    <ele>77.8</ele>
    <time>2024-07-27T11:46:40Z</time>
   </trkpt>
   <trkpt lat="43.6417440" lon="-79.3749590">
    <ele>77.8</ele>
    <time>2024-07-27T11:46:41Z</time>
   </trkpt>
   <trkpt lat="43.6417470" lon="-79.3749400">
    <ele>77.8</ele>
    <time>2024-07-27T11:46:42Z</time>
   </trkpt>
   <trkpt lat="43.6417500" lon="-79.3749210">
    <ele>77.8</ele>
    <time>2024-07-27T11:46:43Z</time>
   </trkpt>
   <trkpt lat="43.6417560" lon="-79.3749040">
    <ele>77.8</ele>
    <time>2024-07-27T11:46:44Z</time>
   </trkpt>
   <trkpt lat="43.6417610" lon="-79.3748770">
    <ele>77.8</ele>
    <time>2024-07-27T11:46:45Z</time>
   </trkpt>
   <trkpt lat="43.6417640" lon="-79.3748130">
    <ele>77.8</ele>
    <time>2024-07-27T11:46:46Z</time>
   </trkpt>
   <trkpt lat="43.6417670" lon="-79.3747640">
    <ele>77.8</ele>
    <time>2024-07-27T11:46:47Z</time>
   </trkpt>
   <trkpt lat="43.6417800" lon="-79.3747210">
    <ele>77.8</ele>
    <time>2024-07-27T11:46:48Z</time>
   </trkpt>
   <trkpt lat="43.6417900" lon="-79.3747090">
    <ele>77.8</ele>
    <time>2024-07-27T11:46:49Z</time>
   </trkpt>
   <trkpt lat="43.6418020" lon="-79.3746650">
    <ele>77.8</ele>
    <time>2024-07-27T11:46:50Z</time>
   </trkpt>
   <trkpt lat="43.6418110" lon="-79.3746250">
    <ele>77.8</ele>
    <time>2024-07-27T11:46:51Z</time>
   </trkpt>
   <trkpt lat="43.6418080" lon="-79.3745820">
    <ele>77.8</ele>
    <time>2024-07-27T11:46:52Z</time>
   </trkpt>
   <trkpt lat="43.6418230" lon="-79.3745370">
    <ele>77.8</ele>
    <time>2024-07-27T11:46:53Z</time>
   </trkpt>
   <trkpt lat="43.6418300" lon="-79.3745210">
    <ele>77.8</ele>
    <time>2024-07-27T11:46:54Z</time>
   </trkpt>
   <trkpt lat="43.6418520" lon="-79.3744920">
    <ele>77.8</ele>
    <time>2024-07-27T11:46:55Z</time>
   </trkpt>
   <trkpt lat="43.6418580" lon="-79.3744790">
    <ele>77.8</ele>
    <time>2024-07-27T11:46:56Z</time>
   </trkpt>
   <trkpt lat="43.6418720" lon="-79.3744490">
    <ele>77.8</ele>
    <time>2024-07-27T11:46:57Z</time>
   </trkpt>
   <trkpt lat="43.6418750" lon="-79.3744360">
    <ele>77.8</ele>
    <time>2024-07-27T11:46:58Z</time>
   </trkpt>
   <trkpt lat="43.6418570" lon="-79.3744030">
    <ele>77.8</ele>
    <time>2024-07-27T11:46:59Z</time>
   </trkpt>
   <trkpt lat="43.6418680" lon="-79.3743780">
    <ele>77.8</ele>
    <time>2024-07-27T11:47:00Z</time>
   </trkpt>
   <trkpt lat="43.6418730" lon="-79.3743530">
    <ele>77.8</ele>
    <time>2024-07-27T11:47:01Z</time>
   </trkpt>
   <trkpt lat="43.6418780" lon="-79.3743280">
    <ele>77.8</ele>
    <time>2024-07-27T11:47:02Z</time>
   </trkpt>
   <trkpt lat="43.6418920" lon="-79.3742740">
    <ele>77.8</ele>
    <time>2024-07-27T11:47:03Z</time>
   </trkpt>
   <trkpt lat="43.6419220" lon="-79.3742350">
    <ele>77.8</ele>
    <time>2024-07-27T11:47:04Z</time>
   </trkpt>
   <trkpt lat="43.6419500" lon="-79.3742160">
    <ele>77.8</ele>
    <time>2024-07-27T11:47:05Z</time>
   </trkpt>
   <trkpt lat="43.6419710" lon="-79.3741770">
    <ele>77.8</ele>
    <time>2024-07-27T11:47:06Z</time>
   </trkpt>
   <trkpt lat="43.6419800" lon="-79.3741650">
    <ele>77.8</ele>
    <time>2024-07-27T11:47:07Z</time>
   </trkpt>
   <trkpt lat="43.6419840" lon="-79.3741250">
    <ele>77.8</ele>
    <time>2024-07-27T11:47:08Z</time>
   </trkpt>
   <trkpt lat="43.6419880" lon="-79.3740870">
    <ele>77.8</ele>
    <time>2024-07-27T11:47:09Z</time>
   </trkpt>
   <trkpt lat="43.6419890" lon="-79.3740440">
    <ele>77.8</ele>
    <time>2024-07-27T11:47:10Z</time>
   </trkpt>
   <trkpt lat="43.6419960" lon="-79.3740340">
    <ele>77.8</ele>
    <time>2024-07-27T11:47:11Z</time>
   </trkpt>
   <trkpt lat="43.6420160" lon="-79.3739950">
    <ele>77.8</ele>
    <time>2024-07-27T11:47:12Z</time>
   </trkpt>
   <trkpt lat="43.6420230" lon="-79.3739790">
    <ele>77.8</ele>
    <time>2024-07-27T11:47:13Z</time>
   </trkpt>
   <trkpt lat="43.6420290" lon="-79.3739360">
    <ele>77.8</ele>
    <time>2024-07-27T11:47:14Z</time>
   </trkpt>
   <trkpt lat="43.6420340" lon="-79.3739220">
    <ele>77.8</ele>
    <time>2024-07-27T11:47:15Z</time>
   </trkpt>
   <trkpt lat="43.6420460" lon="-79.3738840">
    <ele>77.8</ele>
    <time>2024-07-27T11:47:16Z</time>
   </trkpt>
   <trkpt lat="43.6420490" lon="-79.3738690">
    <ele>77.8</ele>
    <time>2024-07-27T11:47:17Z</time>
   </trkpt>
   <trkpt lat="43.6420850" lon="-79.3738380">
    <ele>77.8</ele>
    <time>2024-07-27T11:47:18Z</time>
   </trkpt>
   <trkpt lat="43.6420990" lon="-79.3738230">
    <ele>77.8</ele>
    <time>2024-07-27T11:47:19Z</time>
   </trkpt>
   <trkpt lat="43.6421040" lon="-79.3737740">
    <ele>77.8</ele>
    <time>2024-07-27T11:47:20Z</time>
   </trkpt>
   <trkpt lat="43.6421030" lon="-79.3737590">
    <ele>77.8</ele>
    <time>2024-07-27T11:47:21Z</time>
   </trkpt>
   <trkpt lat="43.6421210" lon="-79.3737150">
    <ele>77.8</ele>
    <time>2024-07-27T11:47:22Z</time>
   </trkpt>
   <trkpt lat="43.6421300" lon="-79.3737020">
    <ele>77.8</ele>
    <time>2024-07-27T11:47:23Z</time>
   </trkpt>
   <trkpt lat="43.6421520" lon="-79.3736710">
    <ele>77.8</ele>
    <time>2024-07-27T11:47:24Z</time>
   </trkpt>
   <trkpt lat="43.6421640" lon="-79.3736630">
    <ele>77.8</ele>
    <time>2024-07-27T11:47:25Z</time>
   </trkpt>
   <trkpt lat="43.6421560" lon="-79.3736080">
    <ele>77.8</ele>
    <time>2024-07-27T11:47:26Z</time>
   </trkpt>
   <trkpt lat="43.6421910" lon="-79.3735750">
    <ele>77.8</ele>
    <time>2024-07-27T11:47:27Z</time>
   </trkpt>
   <trkpt lat="43.6422060" lon="-79.3735580">
    <ele>77.8</ele>
    <time>2024-07-27T11:47:28Z</time>
   </trkpt>
   <trkpt lat="43.6422620" lon="-79.3735530">
    <ele>77.8</ele>
    <time>2024-07-27T11:47:29Z</time>
   </trkpt>
   <trkpt lat="43.6422410" lon="-79.3735080">
    <ele>77.8</ele>
    <time>2024-07-27T11:47:30Z</time>
   </trkpt>
   <trkpt lat="43.6422320" lon="-79.3734690">
    <ele>77.8</ele>
    <time>2024-07-27T11:47:31Z</time>
   </trkpt>
   <trkpt lat="43.6422360" lon="-79.3734340">
    <ele>77.9</ele>
    <time>2024-07-27T11:47:32Z</time>
   </trkpt>
   <trkpt lat="43.6422380" lon="-79.3734190">
    <ele>77.9</ele>
    <time>2024-07-27T11:47:33Z</time>
   </trkpt>
   <trkpt lat="43.6422480" lon="-79.3733970">
    <ele>77.9</ele>
    <time>2024-07-27T11:47:34Z</time>
   </trkpt>
   <trkpt lat="43.6422480" lon="-79.3733720">
    <ele>77.9</ele>
    <time>2024-07-27T11:47:35Z</time>
   </trkpt>
   <trkpt lat="43.6422530" lon="-79.3733230">
    <ele>77.9</ele>
    <time>2024-07-27T11:47:36Z</time>
   </trkpt>
   <trkpt lat="43.6422540" lon="-79.3733060">
    <ele>77.9</ele>
    <time>2024-07-27T11:47:37Z</time>
   </trkpt>
   <trkpt lat="43.6422650" lon="-79.3732660">
    <ele>77.9</ele>
    <time>2024-07-27T11:47:38Z</time>
   </trkpt>
   <trkpt lat="43.6422690" lon="-79.3732550">
    <ele>77.9</ele>
    <time>2024-07-27T11:47:39Z</time>
   </trkpt>
   <trkpt lat="43.6422800" lon="-79.3732470">
    <ele>77.9</ele>
    <time>2024-07-27T11:47:40Z</time>
   </trkpt>
   <trkpt lat="43.6422970" lon="-79.3732280">
    <ele>77.9</ele>
    <time>2024-07-27T11:47:41Z</time>
   </trkpt>
   <trkpt lat="43.6423190" lon="-79.3731920">
    <ele>77.9</ele>
    <time>2024-07-27T11:47:42Z</time>
   </trkpt>
   <trkpt lat="43.6423250" lon="-79.3731840">
    <ele>77.9</ele>
    <time>2024-07-27T11:47:43Z</time>
   </trkpt>
   <trkpt lat="43.6423410" lon="-79.3731490">
    <ele>77.9</ele>
    <time>2024-07-27T11:47:44Z</time>
   </trkpt>
   <trkpt lat="43.6423470" lon="-79.3731340">
    <ele>77.9</ele>
    <time>2024-07-27T11:47:45Z</time>
   </trkpt>
   <trkpt lat="43.6423700" lon="-79.3730960">
    <ele>77.9</ele>
    <time>2024-07-27T11:47:46Z</time>
   </trkpt>
   <trkpt lat="43.6423750" lon="-79.3730810">
    <ele>77.9</ele>
    <time>2024-07-27T11:47:47Z</time>
   </trkpt>
   <trkpt lat="43.6423770" lon="-79.3730220">
    <ele>77.9</ele>
    <time>2024-07-27T11:47:48Z</time>
   </trkpt>
   <trkpt lat="43.6423780" lon="-79.3729960">
    <ele>77.9</ele>
    <time>2024-07-27T11:47:49Z</time>
   </trkpt>
   <trkpt lat="43.6423870" lon="-79.3729560">
    <ele>77.9</ele>
    <time>2024-07-27T11:47:50Z</time>
   </trkpt>
   <trkpt lat="43.6423880" lon="-79.3729170">
    <ele>77.9</ele>
    <time>2024-07-27T11:47:51Z</time>
   </trkpt>
   <trkpt lat="43.6424020" lon="-79.3728760">
    <ele>77.9</ele>
    <time>2024-07-27T11:47:52Z</time>
   </trkpt>
   <trkpt lat="43.6424240" lon="-79.3728530">
    <ele>77.9</ele>
    <time>2024-07-27T11:47:54Z</time>
   </trkpt>
   <trkpt lat="43.6424310" lon="-79.3728410">
    <ele>77.9</ele>
    <time>2024-07-27T11:47:55Z</time>
   </trkpt>
   <trkpt lat="43.6424360" lon="-79.3728170">
    <ele>77.9</ele>
    <time>2024-07-27T11:47:56Z</time>
   </trkpt>
   <trkpt lat="43.6424520" lon="-79.3728120">
    <ele>77.8</ele>
    <time>2024-07-27T11:47:57Z</time>
   </trkpt>
   <trkpt lat="43.6424590" lon="-79.3727860">
    <ele>77.8</ele>
    <time>2024-07-27T11:47:58Z</time>
   </trkpt>
   <trkpt lat="43.6424600" lon="-79.3727720">
    <ele>77.8</ele>
    <time>2024-07-27T11:47:59Z</time>
   </trkpt>
   <trkpt lat="43.6424620" lon="-79.3727590">
    <ele>77.8</ele>
    <time>2024-07-27T11:48:00Z</time>
   </trkpt>
   <trkpt lat="43.6424840" lon="-79.3727220">
    <ele>77.8</ele>
    <time>2024-07-27T11:48:01Z</time>
   </trkpt>
   <trkpt lat="43.6424950" lon="-79.3727030">
    <ele>77.8</ele>
    <time>2024-07-27T11:48:02Z</time>
   </trkpt>
   <trkpt lat="43.6425110" lon="-79.3726600">
    <ele>77.8</ele>
    <time>2024-07-27T11:48:03Z</time>
   </trkpt>
   <trkpt lat="43.6425330" lon="-79.3726220">
    <ele>77.8</ele>
    <time>2024-07-27T11:48:04Z</time>
   </trkpt>
   <trkpt lat="43.6425380" lon="-79.3726110">
    <ele>77.8</ele>
    <time>2024-07-27T11:48:05Z</time>
   </trkpt>
   <trkpt lat="43.6425530" lon="-79.3725710">
    <ele>77.8</ele>
    <time>2024-07-27T11:48:06Z</time>
   </trkpt>
   <trkpt lat="43.6425590" lon="-79.3725550">
    <ele>77.8</ele>
    <time>2024-07-27T11:48:07Z</time>
   </trkpt>
   <trkpt lat="43.6425520" lon="-79.3725080">
    <ele>77.8</ele>
    <time>2024-07-27T11:48:08Z</time>
   </trkpt>
   <trkpt lat="43.6426010" lon="-79.3724470">
    <ele>77.8</ele>
    <time>2024-07-27T11:48:09Z</time>
   </trkpt>
   <trkpt lat="43.6425910" lon="-79.3724060">
    <ele>77.8</ele>
    <time>2024-07-27T11:48:10Z</time>
   </trkpt>
   <trkpt lat="43.6425860" lon="-79.3723600">
    <ele>77.8</ele>
    <time>2024-07-27T11:48:11Z</time>
   </trkpt>
   <trkpt lat="43.6425890" lon="-79.3723220">
    <ele>77.8</ele>
    <time>2024-07-27T11:48:12Z</time>
   </trkpt>
   <trkpt lat="43.6426060" lon="-79.3722850">
    <ele>77.8</ele>
    <time>2024-07-27T11:48:13Z</time>
   </trkpt>
   <trkpt lat="43.6426150" lon="-79.3722360">
    <ele>77.8</ele>
    <time>2024-07-27T11:48:14Z</time>
   </trkpt>
   <trkpt lat="43.6426190" lon="-79.3722170">
    <ele>77.8</ele>
    <time>2024-07-27T11:48:15Z</time>
   </trkpt>
   <trkpt lat="43.6426300" lon="-79.3721810">
    <ele>77.8</ele>
    <time>2024-07-27T11:48:16Z</time>
   </trkpt>
   <trkpt lat="43.6426480" lon="-79.3721430">
    <ele>77.8</ele>
    <time>2024-07-27T11:48:17Z</time>
   </trkpt>
   <trkpt lat="43.6426540" lon="-79.3721280">
    <ele>77.8</ele>
    <time>2024-07-27T11:48:18Z</time>
   </trkpt>
   <trkpt lat="43.6426490" lon="-79.3720830">
    <ele>77.8</ele>
    <time>2024-07-27T11:48:19Z</time>
   </trkpt>
   <trkpt lat="43.6426590" lon="-79.3720460">
    <ele>77.8</ele>
    <time>2024-07-27T11:48:20Z</time>
   </trkpt>
   <trkpt lat="43.6426630" lon="-79.3720290">
    <ele>77.8</ele>
    <time>2024-07-27T11:48:21Z</time>
   </trkpt>
   <trkpt lat="43.6426740" lon="-79.3719860">
    <ele>77.8</ele>
    <time>2024-07-27T11:48:22Z</time>
   </trkpt>
   <trkpt lat="43.6426760" lon="-79.3719720">
    <ele>77.8</ele>
    <time>2024-07-27T11:48:23Z</time>
   </trkpt>
   <trkpt lat="43.6426970" lon="-79.3719490">
    <ele>77.8</ele>
    <time>2024-07-27T11:48:24Z</time>
   </trkpt>
   <trkpt lat="43.6426910" lon="-79.3719320">
    <ele>77.8</ele>
    <time>2024-07-27T11:48:25Z</time>
   </trkpt>
   <trkpt lat="43.6426670" lon="-79.3719190">
    <ele>77.8</ele>
    <time>2024-07-27T11:48:26Z</time>
   </trkpt>
   <trkpt lat="43.6426650" lon="-79.3719140">
    <ele>77.8</ele>
    <time>2024-07-27T11:48:27Z</time>
   </trkpt>
   <trkpt lat="43.6427060" lon="-79.3719180">
    <ele>77.8</ele>
    <time>2024-07-27T11:48:28Z</time>
   </trkpt>
   <trkpt lat="43.6427510" lon="-79.3719060">
    <ele>77.8</ele>
    <time>2024-07-27T11:48:29Z</time>
   </trkpt>
   <trkpt lat="43.6427610" lon="-79.3719090">
    <ele>77.8</ele>
    <time>2024-07-27T11:48:30Z</time>
   </trkpt>
   <trkpt lat="43.6427640" lon="-79.3718900">
    <ele>77.8</ele>
    <time>2024-07-27T11:48:31Z</time>
   </trkpt>
   <trkpt lat="43.6427810" lon="-79.3718940">
    <ele>77.8</ele>
    <time>2024-07-27T11:48:32Z</time>
   </trkpt>
   <trkpt lat="43.6427980" lon="-79.3718630">
    <ele>77.9</ele>
    <time>2024-07-27T11:48:33Z</time>
   </trkpt>
   <trkpt lat="43.6428150" lon="-79.3718320">
    <ele>77.9</ele>
    <time>2024-07-27T11:48:34Z</time>
   </trkpt>
   <trkpt lat="43.6428190" lon="-79.3718180">
    <ele>77.9</ele>
    <time>2024-07-27T11:48:35Z</time>
   </trkpt>
   <trkpt lat="43.6428330" lon="-79.3717880">
    <ele>77.9</ele>
    <time>2024-07-27T11:48:36Z</time>
   </trkpt>
   <trkpt lat="43.6428450" lon="-79.3717770">
    <ele>77.9</ele>
    <time>2024-07-27T11:48:37Z</time>
   </trkpt>
   <trkpt lat="43.6428760" lon="-79.3717490">
    <ele>77.9</ele>
    <time>2024-07-27T11:48:38Z</time>
   </trkpt>
   <trkpt lat="43.6428870" lon="-79.3717380">
    <ele>77.9</ele>
    <time>2024-07-27T11:48:39Z</time>
   </trkpt>
   <trkpt lat="43.6429130" lon="-79.3717150">
    <ele>77.9</ele>
    <time>2024-07-27T11:48:40Z</time>
   </trkpt>
   <trkpt lat="43.6429410" lon="-79.3716720">
    <ele>77.9</ele>
    <time>2024-07-27T11:48:41Z</time>
   </trkpt>
   <trkpt lat="43.6429520" lon="-79.3716560">
    <ele>77.9</ele>
    <time>2024-07-27T11:48:42Z</time>
   </trkpt>
   <trkpt lat="43.6429690" lon="-79.3716200">
    <ele>77.9</ele>
    <time>2024-07-27T11:48:43Z</time>
   </trkpt>
   <trkpt lat="43.6429850" lon="-79.3715870">
    <ele>77.9</ele>
    <time>2024-07-27T11:48:44Z</time>
   </trkpt>
   <trkpt lat="43.6429910" lon="-79.3715320">
    <ele>77.9</ele>
    <time>2024-07-27T11:48:45Z</time>
   </trkpt>
   <trkpt lat="43.6430040" lon="-79.3714960">
    <ele>77.9</ele>
    <time>2024-07-27T11:48:46Z</time>
   </trkpt>
   <trkpt lat="43.6430150" lon="-79.3714420">
    <ele>77.9</ele>
    <time>2024-07-27T11:48:47Z</time>
   </trkpt>
   <trkpt lat="43.6430350" lon="-79.3713920">
    <ele>77.8</ele>
    <time>2024-07-27T11:48:48Z</time>
   </trkpt>
   <trkpt lat="43.6430400" lon="-79.3713720">
    <ele>77.8</ele>
    <time>2024-07-27T11:48:49Z</time>
   </trkpt>
   <trkpt lat="43.6430550" lon="-79.3713250">
    <ele>77.8</ele>
    <time>2024-07-27T11:48:50Z</time>
   </trkpt>
   <trkpt lat="43.6430590" lon="-79.3713060">
    <ele>77.8</ele>
    <time>2024-07-27T11:48:51Z</time>
   </trkpt>
   <trkpt lat="43.6430590" lon="-79.3712650">
    <ele>77.8</ele>
    <time>2024-07-27T11:48:52Z</time>
   </trkpt>
   <trkpt lat="43.6430680" lon="-79.3712160">
    <ele>77.8</ele>
    <time>2024-07-27T11:48:53Z</time>
   </trkpt>
   <trkpt lat="43.6430680" lon="-79.3712000">
    <ele>77.8</ele>
    <time>2024-07-27T11:48:54Z</time>
   </trkpt>
   <trkpt lat="43.6430590" lon="-79.3711630">
    <ele>77.8</ele>
    <time>2024-07-27T11:48:55Z</time>
   </trkpt>
   <trkpt lat="43.6430810" lon="-79.3711150">
    <ele>77.8</ele>
    <time>2024-07-27T11:48:56Z</time>
   </trkpt>
   <trkpt lat="43.6431050" lon="-79.3710790">
    <ele>77.8</ele>
    <time>2024-07-27T11:48:57Z</time>
   </trkpt>
   <trkpt lat="43.6431150" lon="-79.3710390">
    <ele>77.8</ele>
    <time>2024-07-27T11:48:58Z</time>
   </trkpt>
   <trkpt lat="43.6431210" lon="-79.3709920">
    <ele>77.8</ele>
    <time>2024-07-27T11:48:59Z</time>
   </trkpt>
   <trkpt lat="43.6431210" lon="-79.3709730">
    <ele>77.8</ele>
    <time>2024-07-27T11:49:00Z</time>
   </trkpt>
   <trkpt lat="43.6431430" lon="-79.3709350">
    <ele>77.8</ele>
    <time>2024-07-27T11:49:01Z</time>
   </trkpt>
   <trkpt lat="43.6431560" lon="-79.3708900">
    <ele>77.8</ele>
    <time>2024-07-27T11:49:02Z</time>
   </trkpt>
   <trkpt lat="43.6431590" lon="-79.3708760">
    <ele>77.8</ele>
    <time>2024-07-27T11:49:03Z</time>
   </trkpt>
   <trkpt lat="43.6431750" lon="-79.3708400">
    <ele>77.8</ele>
    <time>2024-07-27T11:49:04Z</time>
   </trkpt>
   <trkpt lat="43.6431820" lon="-79.3708300">
    <ele>77.8</ele>
    <time>2024-07-27T11:49:05Z</time>
   </trkpt>
   <trkpt lat="43.6431970" lon="-79.3707860">
    <ele>77.8</ele>
    <time>2024-07-27T11:49:06Z</time>
   </trkpt>
   <trkpt lat="43.6432020" lon="-79.3707740">
    <ele>77.8</ele>
    <time>2024-07-27T11:49:07Z</time>
   </trkpt>
   <trkpt lat="43.6432080" lon="-79.3707360">
    <ele>77.8</ele>
    <time>2024-07-27T11:49:08Z</time>
   </trkpt>
   <trkpt lat="43.6432100" lon="-79.3707250">
    <ele>77.8</ele>
    <time>2024-07-27T11:49:09Z</time>
   </trkpt>
   <trkpt lat="43.6432080" lon="-79.3706800">
    <ele>77.8</ele>
    <time>2024-07-27T11:49:10Z</time>
   </trkpt>
   <trkpt lat="43.6432190" lon="-79.3706510">
    <ele>77.8</ele>
    <time>2024-07-27T11:49:11Z</time>
   </trkpt>
   <trkpt lat="43.6432280" lon="-79.3706400">
    <ele>77.8</ele>
    <time>2024-07-27T11:49:12Z</time>
   </trkpt>
   <trkpt lat="43.6432400" lon="-79.3706040">
    <ele>77.8</ele>
    <time>2024-07-27T11:49:13Z</time>
   </trkpt>
   <trkpt lat="43.6432440" lon="-79.3705940">
    <ele>77.8</ele>
    <time>2024-07-27T11:49:14Z</time>
   </trkpt>
   <trkpt lat="43.6432560" lon="-79.3705730">
    <ele>77.8</ele>
    <time>2024-07-27T11:49:15Z</time>
   </trkpt>
   <trkpt lat="43.6432560" lon="-79.3705590">
    <ele>77.8</ele>
    <time>2024-07-27T11:49:16Z</time>
   </trkpt>
   <trkpt lat="43.6432740" lon="-79.3705260">
    <ele>77.8</ele>
    <time>2024-07-27T11:49:17Z</time>
   </trkpt>
   <trkpt lat="43.6432810" lon="-79.3705170">
    <ele>77.8</ele>
    <time>2024-07-27T11:49:18Z</time>
   </trkpt>
   <trkpt lat="43.6433010" lon="-79.3705150">
    <ele>77.8</ele>
    <time>2024-07-27T11:49:19Z</time>
   </trkpt>
   <trkpt lat="43.6433120" lon="-79.3705060">
    <ele>77.8</ele>
    <time>2024-07-27T11:49:20Z</time>
   </trkpt>
   <trkpt lat="43.6433300" lon="-79.3705050">
    <ele>77.8</ele>
    <time>2024-07-27T11:49:21Z</time>
   </trkpt>
   <trkpt lat="43.6433440" lon="-79.3704880">
    <ele>77.8</ele>
    <time>2024-07-27T11:49:22Z</time>
   </trkpt>
   <trkpt lat="43.6433560" lon="-79.3704640">
    <ele>77.8</ele>
    <time>2024-07-27T11:49:23Z</time>
   </trkpt>
   <trkpt lat="43.6433610" lon="-79.3704530">
    <ele>77.8</ele>
    <time>2024-07-27T11:49:24Z</time>
   </trkpt>
   <trkpt lat="43.6433670" lon="-79.3704400">
    <ele>77.8</ele>
    <time>2024-07-27T11:49:25Z</time>
   </trkpt>
   <trkpt lat="43.6433850" lon="-79.3704460">
    <ele>77.8</ele>
    <time>2024-07-27T11:49:26Z</time>
   </trkpt>
   <trkpt lat="43.6433910" lon="-79.3704500">
    <ele>77.8</ele>
    <time>2024-07-27T11:49:27Z</time>
   </trkpt>
   <trkpt lat="43.6434000" lon="-79.3704490">
    <ele>77.8</ele>
    <time>2024-07-27T11:49:28Z</time>
   </trkpt>
   <trkpt lat="43.6434110" lon="-79.3704420">
    <ele>77.8</ele>
    <time>2024-07-27T11:49:29Z</time>
   </trkpt>
   <trkpt lat="43.6434150" lon="-79.3704320">
    <ele>77.8</ele>
    <time>2024-07-27T11:49:30Z</time>
   </trkpt>
   <trkpt lat="43.6434430" lon="-79.3703640">
    <ele>77.8</ele>
    <time>2024-07-27T11:49:31Z</time>
   </trkpt>
   <trkpt lat="43.6434700" lon="-79.3703540">
    <ele>77.8</ele>
    <time>2024-07-27T11:49:32Z</time>
   </trkpt>
   <trkpt lat="43.6434960" lon="-79.3703360">
    <ele>77.8</ele>
    <time>2024-07-27T11:49:33Z</time>
   </trkpt>
   <trkpt lat="43.6435110" lon="-79.3702340">
    <ele>77.8</ele>
    <time>2024-07-27T11:49:34Z</time>
   </trkpt>
   <trkpt lat="43.6435370" lon="-79.3701890">
    <ele>77.8</ele>
    <time>2024-07-27T11:49:35Z</time>
   </trkpt>
   <trkpt lat="43.6435570" lon="-79.3701280">
    <ele>77.8</ele>
    <time>2024-07-27T11:49:36Z</time>
   </trkpt>
   <trkpt lat="43.6435540" lon="-79.3700800">
    <ele>77.8</ele>
    <time>2024-07-27T11:49:37Z</time>
   </trkpt>
   <trkpt lat="43.6435610" lon="-79.3699890">
    <ele>77.8</ele>
    <time>2024-07-27T11:49:38Z</time>
   </trkpt>
   <trkpt lat="43.6435360" lon="-79.3698970">
    <ele>77.8</ele>
    <time>2024-07-27T11:49:39Z</time>
   </trkpt>
   <trkpt lat="43.6435740" lon="-79.3698980">
    <ele>77.8</ele>
    <time>2024-07-27T11:49:40Z</time>
   </trkpt>
   <trkpt lat="43.6435610" lon="-79.3698340">
    <ele>77.8</ele>
    <time>2024-07-27T11:49:41Z</time>
   </trkpt>
   <trkpt lat="43.6435720" lon="-79.3697900">
    <ele>77.8</ele>
    <time>2024-07-27T11:49:42Z</time>
   </trkpt>
   <trkpt lat="43.6435770" lon="-79.3697780">
    <ele>77.8</ele>
    <time>2024-07-27T11:49:43Z</time>
   </trkpt>
   <trkpt lat="43.6435800" lon="-79.3697340">
    <ele>77.8</ele>
    <time>2024-07-27T11:49:44Z</time>
   </trkpt>
   <trkpt lat="43.6435800" lon="-79.3697200">
    <ele>77.8</ele>
    <time>2024-07-27T11:49:45Z</time>
   </trkpt>
   <trkpt lat="43.6435840" lon="-79.3696920">
    <ele>77.8</ele>
    <time>2024-07-27T11:49:46Z</time>
   </trkpt>
   <trkpt lat="43.6435810" lon="-79.3696780">
    <ele>77.8</ele>
    <time>2024-07-27T11:49:47Z</time>
   </trkpt>
   <trkpt lat="43.6435780" lon="-79.3696630">
    <ele>77.8</ele>
    <time>2024-07-27T11:49:48Z</time>
   </trkpt>
   <trkpt lat="43.6435910" lon="-79.3695990">
    <ele>77.8</ele>
    <time>2024-07-27T11:49:49Z</time>
   </trkpt>
   <trkpt lat="43.6436090" lon="-79.3695440">
    <ele>77.8</ele>
    <time>2024-07-27T11:49:50Z</time>
   </trkpt>
   <trkpt lat="43.6436270" lon="-79.3695080">
    <ele>77.8</ele>
    <time>2024-07-27T11:49:51Z</time>
   </trkpt>
   <trkpt lat="43.6436340" lon="-79.3694920">
    <ele>77.8</ele>
    <time>2024-07-27T11:49:52Z</time>
   </trkpt>
   <trkpt lat="43.6436310" lon="-79.3694620">
    <ele>77.8</ele>
    <time>2024-07-27T11:49:53Z</time>
   </trkpt>
   <trkpt lat="43.6436480" lon="-79.3694560">
    <ele>77.8</ele>
    <time>2024-07-27T11:49:54Z</time>
   </trkpt>
   <trkpt lat="43.6436680" lon="-79.3694140">
    <ele>77.8</ele>
    <time>2024-07-27T11:49:55Z</time>
   </trkpt>
   <trkpt lat="43.6436830" lon="-79.3693960">
    <ele>77.8</ele>
    <time>2024-07-27T11:49:56Z</time>
   </trkpt>
   <trkpt lat="43.6436910" lon="-79.3693500">
    <ele>77.8</ele>
    <time>2024-07-27T11:49:57Z</time>
   </trkpt>
   <trkpt lat="43.6436870" lon="-79.3693200">
    <ele>77.8</ele>
    <time>2024-07-27T11:49:58Z</time>
   </trkpt>
   <trkpt lat="43.6436950" lon="-79.3692920">
    <ele>77.7</ele>
    <time>2024-07-27T11:50:00Z</time>
   </trkpt>
   <trkpt lat="43.6437010" lon="-79.3692560">
    <ele>77.7</ele>
    <time>2024-07-27T11:50:01Z</time>
   </trkpt>
   <trkpt lat="43.6437050" lon="-79.3692440">
    <ele>77.7</ele>
    <time>2024-07-27T11:50:02Z</time>
   </trkpt>
   <trkpt lat="43.6437130" lon="-79.3691990">
    <ele>77.7</ele>
    <time>2024-07-27T11:50:03Z</time>
   </trkpt>
   <trkpt lat="43.6437150" lon="-79.3691810">
    <ele>77.7</ele>
    <time>2024-07-27T11:50:04Z</time>
   </trkpt>
   <trkpt lat="43.6437190" lon="-79.3691400">
    <ele>77.7</ele>
    <time>2024-07-27T11:50:05Z</time>
   </trkpt>
   <trkpt lat="43.6437200" lon="-79.3691320">
    <ele>77.7</ele>
    <time>2024-07-27T11:50:06Z</time>
   </trkpt>
   <trkpt lat="43.6437210" lon="-79.3691240">
    <ele>77.7</ele>
    <time>2024-07-27T11:50:07Z</time>
   </trkpt>
   <trkpt lat="43.6437340" lon="-79.3690630">
    <ele>77.7</ele>
    <time>2024-07-27T11:50:08Z</time>
   </trkpt>
   <trkpt lat="43.6437450" lon="-79.3690300">
    <ele>77.7</ele>
    <time>2024-07-27T11:50:09Z</time>
   </trkpt>
   <trkpt lat="43.6437630" lon="-79.3689350">
    <ele>77.7</ele>
    <time>2024-07-27T11:50:10Z</time>
   </trkpt>
   <trkpt lat="43.6437700" lon="-79.3689140">
    <ele>77.7</ele>
    <time>2024-07-27T11:50:11Z</time>
   </trkpt>
   <trkpt lat="43.6437790" lon="-79.3688840">
    <ele>77.7</ele>
    <time>2024-07-27T11:50:12Z</time>
   </trkpt>
   <trkpt lat="43.6437820" lon="-79.3688690">
    <ele>77.7</ele>
    <time>2024-07-27T11:50:13Z</time>
   </trkpt>
   <trkpt lat="43.6437850" lon="-79.3688530">
    <ele>77.7</ele>
    <time>2024-07-27T11:50:14Z</time>
   </trkpt>
   <trkpt lat="43.6437630" lon="-79.3688540">
    <ele>77.7</ele>
    <time>2024-07-27T11:50:15Z</time>
   </trkpt>
   <trkpt lat="43.6437370" lon="-79.3688820">
    <ele>77.7</ele>
    <time>2024-07-27T11:50:16Z</time>
   </trkpt>
   <trkpt lat="43.6437110" lon="-79.3689180">
    <ele>77.7</ele>
    <time>2024-07-27T11:50:17Z</time>
   </trkpt>
   <trkpt lat="43.6437010" lon="-79.3689320">
    <ele>77.7</ele>
    <time>2024-07-27T11:50:18Z</time>
   </trkpt>
   <trkpt lat="43.6437170" lon="-79.3688570">
    <ele>77.7</ele>
    <time>2024-07-27T11:50:19Z</time>
   </trkpt>
   <trkpt lat="43.6437470" lon="-79.3687820">
    <ele>77.7</ele>
    <time>2024-07-27T11:50:20Z</time>
   </trkpt>
   <trkpt lat="43.6437760" lon="-79.3687070">
    <ele>77.7</ele>
    <time>2024-07-27T11:50:21Z</time>
   </trkpt>
   <trkpt lat="43.6438040" lon="-79.3686570">
    <ele>77.7</ele>
    <time>2024-07-27T11:50:22Z</time>
   </trkpt>
   <trkpt lat="43.6438230" lon="-79.3686190">
    <ele>77.7</ele>
    <time>2024-07-27T11:50:23Z</time>
   </trkpt>
   <trkpt lat="43.6438500" lon="-79.3685570">
    <ele>77.7</ele>
    <time>2024-07-27T11:50:24Z</time>
   </trkpt>
   <trkpt lat="43.6438620" lon="-79.3685140">
    <ele>77.7</ele>
    <time>2024-07-27T11:50:25Z</time>
   </trkpt>
   <trkpt lat="43.6438690" lon="-79.3684830">
    <ele>77.7</ele>
    <time>2024-07-27T11:50:26Z</time>
   </trkpt>
   <trkpt lat="43.6438600" lon="-79.3684650">
    <ele>77.7</ele>
    <time>2024-07-27T11:50:27Z</time>
   </trkpt>
   <trkpt lat="43.6438490" lon="-79.3684170">
    <ele>77.6</ele>
    <time>2024-07-27T11:50:28Z</time>
   </trkpt>
   <trkpt lat="43.6438460" lon="-79.3683990">
    <ele>77.5</ele>
    <time>2024-07-27T11:50:29Z</time>
   </trkpt>
   <trkpt lat="43.6438540" lon="-79.3683550">
    <ele>77.4</ele>
    <time>2024-07-27T11:50:30Z</time>
   </trkpt>
   <trkpt lat="43.6438600" lon="-79.3683170">
    <ele>77.3</ele>
    <time>2024-07-27T11:50:31Z</time>
   </trkpt>
   <trkpt lat="43.6438600" lon="-79.3683040">
    <ele>77.3</ele>
    <time>2024-07-27T11:50:32Z</time>
   </trkpt>
   <trkpt lat="43.6438680" lon="-79.3682540">
    <ele>77.3</ele>
    <time>2024-07-27T11:50:33Z</time>
   </trkpt>
   <trkpt lat="43.6438550" lon="-79.3682120">
    <ele>77.3</ele>
    <time>2024-07-27T11:50:34Z</time>
   </trkpt>
   <trkpt lat="43.6438480" lon="-79.3681970">
    <ele>77.3</ele>
    <time>2024-07-27T11:50:35Z</time>
   </trkpt>
   <trkpt lat="43.6438330" lon="-79.3681810">
    <ele>77.3</ele>
    <time>2024-07-27T11:50:36Z</time>
   </trkpt>
   <trkpt lat="43.6438200" lon="-79.3681710">
    <ele>77.3</ele>
    <time>2024-07-27T11:50:37Z</time>
   </trkpt>
   <trkpt lat="43.6437890" lon="-79.3681740">
    <ele>77.3</ele>
    <time>2024-07-27T11:50:38Z</time>
   </trkpt>
   <trkpt lat="43.6437620" lon="-79.3681710">
    <ele>77.3</ele>
    <time>2024-07-27T11:50:39Z</time>
   </trkpt>
   <trkpt lat="43.6437420" lon="-79.3681860">
    <ele>77.3</ele>
    <time>2024-07-27T11:50:40Z</time>
   </trkpt>
   <trkpt lat="43.6437230" lon="-79.3682010">
    <ele>77.3</ele>
    <time>2024-07-27T11:50:41Z</time>
   </trkpt>
   <trkpt lat="43.6436780" lon="-79.3682860">
    <ele>77.3</ele>
    <time>2024-07-27T11:50:42Z</time>
   </trkpt>
   <trkpt lat="43.6436800" lon="-79.3681860">
    <ele>77.3</ele>
    <time>2024-07-27T11:50:43Z</time>
   </trkpt>
   <trkpt lat="43.6436520" lon="-79.3681580">
    <ele>77.3</ele>
    <time>2024-07-27T11:50:44Z</time>
   </trkpt>
   <trkpt lat="43.6436330" lon="-79.3681570">
    <ele>77.3</ele>
    <time>2024-07-27T11:50:45Z</time>
   </trkpt>
   <trkpt lat="43.6436390" lon="-79.3681310">
    <ele>77.3</ele>
    <time>2024-07-27T11:50:46Z</time>
   </trkpt>
   <trkpt lat="43.6436510" lon="-79.3681070">
    <ele>77.3</ele>
    <time>2024-07-27T11:50:47Z</time>
   </trkpt>
   <trkpt lat="43.6436980" lon="-79.3680740">
    <ele>77.3</ele>
    <time>2024-07-27T11:50:48Z</time>
   </trkpt>
   <trkpt lat="43.6437320" lon="-79.3680790">
    <ele>77.3</ele>
    <time>2024-07-27T11:50:49Z</time>
   </trkpt>
   <trkpt lat="43.6437360" lon="-79.3680900">
    <ele>77.3</ele>
    <time>2024-07-27T11:50:50Z</time>
   </trkpt>
   <trkpt lat="43.6437420" lon="-79.3680860">
    <ele>77.3</ele>
    <time>2024-07-27T11:50:51Z</time>
   </trkpt>
   <trkpt lat="43.6437380" lon="-79.3680850">
    <ele>77.3</ele>
    <time>2024-07-27T11:50:52Z</time>
   </trkpt>
   <trkpt lat="43.6437470" lon="-79.3680750">
    <ele>77.3</ele>
    <time>2024-07-27T11:50:53Z</time>
   </trkpt>
   <trkpt lat="43.6437490" lon="-79.3680750">
    <ele>77.4</ele>
    <time>2024-07-27T11:50:54Z</time>
   </trkpt>
   <trkpt lat="43.6437550" lon="-79.3680670">
    <ele>77.4</ele>
    <time>2024-07-27T11:50:55Z</time>
   </trkpt>
   <trkpt lat="43.6437610" lon="-79.3680610">
    <ele>77.4</ele>
    <time>2024-07-27T11:50:56Z</time>
   </trkpt>
   <trkpt lat="43.6437620" lon="-79.3680560">
    <ele>77.4</ele>
    <time>2024-07-27T11:50:57Z</time>
   </trkpt>
   <trkpt lat="43.6437620" lon="-79.3680560">
    <ele>77.4</ele>
    <time>2024-07-27T11:50:58Z</time>
   </trkpt>
   <trkpt lat="43.6437600" lon="-79.3680550">
    <ele>77.4</ele>
    <time>2024-07-27T11:50:59Z</time>
   </trkpt>
   <trkpt lat="43.6437630" lon="-79.3680560">
    <ele>77.4</ele>
    <time>2024-07-27T11:51:00Z</time>
   </trkpt>
   <trkpt lat="43.6437630" lon="-79.3680570">
    <ele>77.4</ele>
    <time>2024-07-27T11:51:01Z</time>
   </trkpt>
   <trkpt lat="43.6437630" lon="-79.3680570">
    <ele>77.4</ele>
    <time>2024-07-27T11:51:02Z</time>
   </trkpt>
   <trkpt lat="43.6437630" lon="-79.3680570">
    <ele>77.4</ele>
    <time>2024-07-27T11:51:03Z</time>
   </trkpt>
   <trkpt lat="43.6437630" lon="-79.3680570">
    <ele>77.4</ele>
    <time>2024-07-27T11:51:04Z</time>
   </trkpt>
   <trkpt lat="43.6437550" lon="-79.3680710">
    <ele>77.4</ele>
    <time>2024-07-27T11:51:05Z</time>
   </trkpt>
   <trkpt lat="43.6437530" lon="-79.3680750">
    <ele>77.4</ele>
    <time>2024-07-27T11:51:06Z</time>
   </trkpt>
   <trkpt lat="43.6437570" lon="-79.3680730">
    <ele>77.4</ele>
    <time>2024-07-27T11:51:07Z</time>
   </trkpt>
   <trkpt lat="43.6437640" lon="-79.3680670">
    <ele>77.4</ele>
    <time>2024-07-27T11:51:08Z</time>
   </trkpt>
   <trkpt lat="43.6437660" lon="-79.3680610">
    <ele>77.4</ele>
    <time>2024-07-27T11:51:09Z</time>
   </trkpt>
   <trkpt lat="43.6437660" lon="-79.3680610">
    <ele>77.4</ele>
    <time>2024-07-27T11:51:10Z</time>
   </trkpt>
   <trkpt lat="43.6437660" lon="-79.3680610">
    <ele>77.4</ele>
    <time>2024-07-27T11:51:11Z</time>
   </trkpt>
   <trkpt lat="43.6437690" lon="-79.3680590">
    <ele>77.4</ele>
    <time>2024-07-27T11:51:12Z</time>
   </trkpt>
   <trkpt lat="43.6437710" lon="-79.3680550">
    <ele>77.4</ele>
    <time>2024-07-27T11:51:13Z</time>
   </trkpt>
   <trkpt lat="43.6437770" lon="-79.3680400">
    <ele>77.4</ele>
    <time>2024-07-27T11:51:14Z</time>
   </trkpt>
   <trkpt lat="43.6437810" lon="-79.3680320">
    <ele>77.4</ele>
    <time>2024-07-27T11:51:15Z</time>
   </trkpt>
   <trkpt lat="43.6437810" lon="-79.3680330">
    <ele>77.4</ele>
    <time>2024-07-27T11:51:16Z</time>
   </trkpt>
   <trkpt lat="43.6437820" lon="-79.3680340">
    <ele>77.4</ele>
    <time>2024-07-27T11:51:17Z</time>
   </trkpt>
   <trkpt lat="43.6437820" lon="-79.3680340">
    <ele>77.4</ele>
    <time>2024-07-27T11:51:18Z</time>
   </trkpt>
   <trkpt lat="43.6437910" lon="-79.3680100">
    <ele>77.4</ele>
    <time>2024-07-27T11:51:19Z</time>
   </trkpt>
   <trkpt lat="43.6437890" lon="-79.3680070">
    <ele>77.4</ele>
    <time>2024-07-27T11:51:20Z</time>
   </trkpt>
   <trkpt lat="43.6437890" lon="-79.3680100">
    <ele>77.4</ele>
    <time>2024-07-27T11:51:21Z</time>
   </trkpt>
   <trkpt lat="43.6437890" lon="-79.3680060">
    <ele>77.5</ele>
    <time>2024-07-27T11:51:22Z</time>
   </trkpt>
   <trkpt lat="43.6437930" lon="-79.3680030">
    <ele>77.5</ele>
    <time>2024-07-27T11:51:23Z</time>
   </trkpt>
   <trkpt lat="43.6437880" lon="-79.3680060">
    <ele>77.5</ele>
    <time>2024-07-27T11:51:24Z</time>
   </trkpt>
   <trkpt lat="43.6437900" lon="-79.3680050">
    <ele>77.5</ele>
    <time>2024-07-27T11:51:25Z</time>
   </trkpt>
   <trkpt lat="43.6437900" lon="-79.3680050">
    <ele>77.5</ele>
    <time>2024-07-27T11:51:26Z</time>
   </trkpt>
   <trkpt lat="43.6437840" lon="-79.3679980">
    <ele>77.5</ele>
    <time>2024-07-27T11:51:27Z</time>
   </trkpt>
   <trkpt lat="43.6437840" lon="-79.3679980">
    <ele>77.5</ele>
    <time>2024-07-27T11:51:28Z</time>
   </trkpt>
   <trkpt lat="43.6437730" lon="-79.3680110">
    <ele>77.5</ele>
    <time>2024-07-27T11:51:29Z</time>
   </trkpt>
   <trkpt lat="43.6437660" lon="-79.3680160">
    <ele>77.5</ele>
    <time>2024-07-27T11:51:30Z</time>
   </trkpt>
   <trkpt lat="43.6437600" lon="-79.3680280">
    <ele>77.5</ele>
    <time>2024-07-27T11:51:31Z</time>
   </trkpt>
   <trkpt lat="43.6437600" lon="-79.3680280">
    <ele>77.5</ele>
    <time>2024-07-27T11:51:32Z</time>
   </trkpt>
   <trkpt lat="43.6437600" lon="-79.3680280">
    <ele>77.5</ele>
    <time>2024-07-27T11:51:33Z</time>
   </trkpt>
   <trkpt lat="43.6437540" lon="-79.3680360">
    <ele>77.5</ele>
    <time>2024-07-27T11:51:34Z</time>
   </trkpt>
   <trkpt lat="43.6437570" lon="-79.3680310">
    <ele>77.5</ele>
    <time>2024-07-27T11:51:35Z</time>
   </trkpt>
   <trkpt lat="43.6437630" lon="-79.3680170">
    <ele>77.5</ele>
    <time>2024-07-27T11:51:36Z</time>
   </trkpt>
   <trkpt lat="43.6437690" lon="-79.3680020">
    <ele>77.5</ele>
    <time>2024-07-27T11:51:37Z</time>
   </trkpt>
   <trkpt lat="43.6437710" lon="-79.3679990">
    <ele>77.5</ele>
    <time>2024-07-27T11:51:38Z</time>
   </trkpt>
   <trkpt lat="43.6437720" lon="-79.3679960">
    <ele>77.5</ele>
    <time>2024-07-27T11:51:39Z</time>
   </trkpt>
   <trkpt lat="43.6437720" lon="-79.3679970">
    <ele>77.5</ele>
    <time>2024-07-27T11:51:40Z</time>
   </trkpt>
   <trkpt lat="43.6437730" lon="-79.3679950">
    <ele>77.5</ele>
    <time>2024-07-27T11:51:41Z</time>
   </trkpt>
   <trkpt lat="43.6437730" lon="-79.3679950">
    <ele>77.5</ele>
    <time>2024-07-27T11:51:42Z</time>
   </trkpt>
   <trkpt lat="43.6437650" lon="-79.3679920">
    <ele>77.5</ele>
    <time>2024-07-27T11:51:43Z</time>
   </trkpt>
   <trkpt lat="43.6437660" lon="-79.3679920">
    <ele>77.5</ele>
    <time>2024-07-27T11:51:44Z</time>
   </trkpt>
   <trkpt lat="43.6437640" lon="-79.3679940">
    <ele>77.5</ele>
    <time>2024-07-27T11:51:45Z</time>
   </trkpt>
   <trkpt lat="43.6437640" lon="-79.3679930">
    <ele>77.5</ele>
    <time>2024-07-27T11:51:46Z</time>
   </trkpt>
   <trkpt lat="43.6437640" lon="-79.3679930">
    <ele>77.5</ele>
    <time>2024-07-27T11:51:47Z</time>
   </trkpt>
   <trkpt lat="43.6437640" lon="-79.3679930">
    <ele>77.5</ele>
    <time>2024-07-27T11:51:48Z</time>
   </trkpt>
   <trkpt lat="43.6437640" lon="-79.3679930">
    <ele>77.5</ele>
    <time>2024-07-27T11:51:49Z</time>
   </trkpt>
   <trkpt lat="43.6437560" lon="-79.3679890">
    <ele>77.5</ele>
    <time>2024-07-27T11:51:50Z</time>
   </trkpt>
   <trkpt lat="43.6437540" lon="-79.3679900">
    <ele>77.5</ele>
    <time>2024-07-27T11:51:51Z</time>
   </trkpt>
   <trkpt lat="43.6437560" lon="-79.3679910">
    <ele>77.6</ele>
    <time>2024-07-27T11:51:52Z</time>
   </trkpt>
   <trkpt lat="43.6437560" lon="-79.3679910">
    <ele>77.6</ele>
    <time>2024-07-27T11:51:53Z</time>
   </trkpt>
   <trkpt lat="43.6437560" lon="-79.3679910">
    <ele>77.6</ele>
    <time>2024-07-27T11:51:54Z</time>
   </trkpt>
   <trkpt lat="43.6437560" lon="-79.3679910">
    <ele>77.6</ele>
    <time>2024-07-27T11:51:55Z</time>
   </trkpt>
   <trkpt lat="43.6437560" lon="-79.3679910">
    <ele>77.6</ele>
    <time>2024-07-27T11:51:56Z</time>
   </trkpt>
   <trkpt lat="43.6437530" lon="-79.3679860">
    <ele>77.6</ele>
    <time>2024-07-27T11:51:57Z</time>
   </trkpt>
   <trkpt lat="43.6437560" lon="-79.3679880">
    <ele>77.6</ele>
    <time>2024-07-27T11:51:58Z</time>
   </trkpt>
   <trkpt lat="43.6437540" lon="-79.3679890">
    <ele>77.6</ele>
    <time>2024-07-27T11:51:59Z</time>
   </trkpt>
   <trkpt lat="43.6437560" lon="-79.3679970">
    <ele>77.6</ele>
    <time>2024-07-27T11:52:00Z</time>
   </trkpt>
   <trkpt lat="43.6437550" lon="-79.3679980">
    <ele>77.6</ele>
    <time>2024-07-27T11:52:01Z</time>
   </trkpt>
   <trkpt lat="43.6437550" lon="-79.3679980">
    <ele>77.6</ele>
    <time>2024-07-27T11:52:02Z</time>
   </trkpt>
   <trkpt lat="43.6437490" lon="-79.3680240">
    <ele>77.6</ele>
    <time>2024-07-27T11:52:03Z</time>
   </trkpt>
   <trkpt lat="43.6437430" lon="-79.3680330">
    <ele>77.6</ele>
    <time>2024-07-27T11:52:04Z</time>
   </trkpt>
   <trkpt lat="43.6437430" lon="-79.3680330">
    <ele>77.6</ele>
    <time>2024-07-27T11:52:05Z</time>
   </trkpt>
   <trkpt lat="43.6437430" lon="-79.3680330">
    <ele>77.6</ele>
    <time>2024-07-27T11:52:06Z</time>
   </trkpt>
   <trkpt lat="43.6437590" lon="-79.3680270">
    <ele>77.6</ele>
    <time>2024-07-27T11:52:07Z</time>
   </trkpt>
   <trkpt lat="43.6437600" lon="-79.3680300">
    <ele>77.6</ele>
    <time>2024-07-27T11:52:08Z</time>
   </trkpt>
   <trkpt lat="43.6437650" lon="-79.3680270">
    <ele>77.6</ele>
    <time>2024-07-27T11:52:09Z</time>
   </trkpt>
   <trkpt lat="43.6437650" lon="-79.3680300">
    <ele>77.6</ele>
    <time>2024-07-27T11:52:10Z</time>
   </trkpt>
   <trkpt lat="43.6437640" lon="-79.3680350">
    <ele>77.6</ele>
    <time>2024-07-27T11:52:11Z</time>
   </trkpt>
   <trkpt lat="43.6437610" lon="-79.3680350">
    <ele>77.6</ele>
    <time>2024-07-27T11:52:12Z</time>
   </trkpt>
   <trkpt lat="43.6437610" lon="-79.3680350">
    <ele>77.6</ele>
    <time>2024-07-27T11:52:13Z</time>
   </trkpt>
   <trkpt lat="43.6437610" lon="-79.3680350">
    <ele>77.6</ele>
    <time>2024-07-27T11:52:14Z</time>
   </trkpt>
   <trkpt lat="43.6437610" lon="-79.3680350">
    <ele>77.6</ele>
    <time>2024-07-27T11:52:15Z</time>
   </trkpt>
   <trkpt lat="43.6437610" lon="-79.3680350">
    <ele>77.6</ele>
    <time>2024-07-27T11:52:16Z</time>
   </trkpt>
   <trkpt lat="43.6437610" lon="-79.3680350">
    <ele>77.6</ele>
    <time>2024-07-27T11:52:17Z</time>
   </trkpt>
   <trkpt lat="43.6437640" lon="-79.3680070">
    <ele>77.6</ele>
    <time>2024-07-27T11:52:18Z</time>
   </trkpt>
   <trkpt lat="43.6437630" lon="-79.3680080">
    <ele>77.6</ele>
    <time>2024-07-27T11:52:19Z</time>
   </trkpt>
   <trkpt lat="43.6437660" lon="-79.3680020">
    <ele>77.6</ele>
    <time>2024-07-27T11:52:20Z</time>
   </trkpt>
   <trkpt lat="43.6437660" lon="-79.3680020">
    <ele>77.7</ele>
    <time>2024-07-27T11:52:21Z</time>
   </trkpt>
   <trkpt lat="43.6437630" lon="-79.3679910">
    <ele>77.7</ele>
    <time>2024-07-27T11:52:22Z</time>
   </trkpt>
   <trkpt lat="43.6437620" lon="-79.3679960">
    <ele>77.7</ele>
    <time>2024-07-27T11:52:23Z</time>
   </trkpt>
   <trkpt lat="43.6437580" lon="-79.3680000">
    <ele>77.7</ele>
    <time>2024-07-27T11:52:24Z</time>
   </trkpt>
   <trkpt lat="43.6437640" lon="-79.3680010">
    <ele>77.7</ele>
    <time>2024-07-27T11:52:25Z</time>
   </trkpt>
   <trkpt lat="43.6437680" lon="-79.3679920">
    <ele>77.7</ele>
    <time>2024-07-27T11:52:26Z</time>
   </trkpt>
   <trkpt lat="43.6437680" lon="-79.3679940">
    <ele>77.7</ele>
    <time>2024-07-27T11:52:27Z</time>
   </trkpt>
   <trkpt lat="43.6437650" lon="-79.3679960">
    <ele>77.7</ele>
    <time>2024-07-27T11:52:28Z</time>
   </trkpt>
   <trkpt lat="43.6437650" lon="-79.3679950">
    <ele>77.7</ele>
    <time>2024-07-27T11:52:29Z</time>
   </trkpt>
   <trkpt lat="43.6437700" lon="-79.3679990">
    <ele>77.7</ele>
    <time>2024-07-27T11:52:30Z</time>
   </trkpt>
   <trkpt lat="43.6437700" lon="-79.3679990">
    <ele>77.7</ele>
    <time>2024-07-27T11:52:31Z</time>
   </trkpt>
   <trkpt lat="43.6437700" lon="-79.3679990">
    <ele>77.7</ele>
    <time>2024-07-27T11:52:32Z</time>
   </trkpt>
   <trkpt lat="43.6437700" lon="-79.3679990">
    <ele>77.7</ele>
    <time>2024-07-27T11:52:33Z</time>
   </trkpt>
   <trkpt lat="43.6437700" lon="-79.3679990">
    <ele>77.7</ele>
    <time>2024-07-27T11:52:34Z</time>
   </trkpt>
   <trkpt lat="43.6437700" lon="-79.3679990">
    <ele>77.7</ele>
    <time>2024-07-27T11:52:35Z</time>
   </trkpt>
   <trkpt lat="43.6437700" lon="-79.3679990">
    <ele>77.7</ele>
    <time>2024-07-27T11:52:36Z</time>
   </trkpt>
   <trkpt lat="43.6437770" lon="-79.3680030">
    <ele>77.7</ele>
    <time>2024-07-27T11:52:37Z</time>
   </trkpt>
   <trkpt lat="43.6437730" lon="-79.3680070">
    <ele>77.7</ele>
    <time>2024-07-27T11:52:38Z</time>
   </trkpt>
   <trkpt lat="43.6437730" lon="-79.3680070">
    <ele>77.7</ele>
    <time>2024-07-27T11:52:39Z</time>
   </trkpt>
   <trkpt lat="43.6437730" lon="-79.3680080">
    <ele>77.7</ele>
    <time>2024-07-27T11:52:40Z</time>
   </trkpt>
   <trkpt lat="43.6437750" lon="-79.3680050">
    <ele>77.7</ele>
    <time>2024-07-27T11:52:41Z</time>
   </trkpt>
   <trkpt lat="43.6437750" lon="-79.3680050">
    <ele>77.7</ele>
    <time>2024-07-27T11:52:42Z</time>
   </trkpt>
   <trkpt lat="43.6437750" lon="-79.3680050">
    <ele>77.7</ele>
    <time>2024-07-27T11:52:43Z</time>
   </trkpt>
   <trkpt lat="43.6437750" lon="-79.3680050">
    <ele>77.7</ele>
    <time>2024-07-27T11:52:44Z</time>
   </trkpt>
   <trkpt lat="43.6437710" lon="-79.3680130">
    <ele>77.7</ele>
    <time>2024-07-27T11:52:45Z</time>
   </trkpt>
   <trkpt lat="43.6437700" lon="-79.3680150">
    <ele>77.7</ele>
    <time>2024-07-27T11:52:46Z</time>
   </trkpt>
   <trkpt lat="43.6437740" lon="-79.3680140">
    <ele>77.7</ele>
    <time>2024-07-27T11:52:47Z</time>
   </trkpt>
   <trkpt lat="43.6437820" lon="-79.3680180">
    <ele>77.7</ele>
    <time>2024-07-27T11:52:48Z</time>
   </trkpt>
   <trkpt lat="43.6437870" lon="-79.3680120">
    <ele>77.7</ele>
    <time>2024-07-27T11:52:49Z</time>
   </trkpt>
   <trkpt lat="43.6437820" lon="-79.3680140">
    <ele>77.7</ele>
    <time>2024-07-27T11:52:50Z</time>
   </trkpt>
   <trkpt lat="43.6437810" lon="-79.3680150">
    <ele>77.8</ele>
    <time>2024-07-27T11:52:51Z</time>
   </trkpt>
   <trkpt lat="43.6437770" lon="-79.3680120">
    <ele>77.8</ele>
    <time>2024-07-27T11:52:52Z</time>
   </trkpt>
   <trkpt lat="43.6437820" lon="-79.3680050">
    <ele>77.8</ele>
    <time>2024-07-27T11:52:53Z</time>
   </trkpt>
   <trkpt lat="43.6437820" lon="-79.3680060">
    <ele>77.8</ele>
    <time>2024-07-27T11:52:54Z</time>
   </trkpt>
   <trkpt lat="43.6437650" lon="-79.3680250">
    <ele>77.8</ele>
    <time>2024-07-27T11:52:55Z</time>
   </trkpt>
   <trkpt lat="43.6437550" lon="-79.3680270">
    <ele>77.8</ele>
    <time>2024-07-27T11:52:56Z</time>
   </trkpt>
   <trkpt lat="43.6437710" lon="-79.3680130">
    <ele>77.8</ele>
    <time>2024-07-27T11:52:57Z</time>
   </trkpt>
   <trkpt lat="43.6437780" lon="-79.3680040">
    <ele>77.8</ele>
    <time>2024-07-27T11:52:58Z</time>
   </trkpt>
   <trkpt lat="43.6437830" lon="-79.3679970">
    <ele>77.8</ele>
    <time>2024-07-27T11:52:59Z</time>
   </trkpt>
   <trkpt lat="43.6437840" lon="-79.3679910">
    <ele>77.8</ele>
    <time>2024-07-27T11:53:00Z</time>
   </trkpt>
   <trkpt lat="43.6437810" lon="-79.3679910">
    <ele>77.8</ele>
    <time>2024-07-27T11:53:01Z</time>
   </trkpt>
   <trkpt lat="43.6437870" lon="-79.3679860">
    <ele>77.8</ele>
    <time>2024-07-27T11:53:02Z</time>
   </trkpt>
   <trkpt lat="43.6438040" lon="-79.3679730">
    <ele>77.8</ele>
    <time>2024-07-27T11:53:03Z</time>
   </trkpt>
   <trkpt lat="43.6438130" lon="-79.3679690">
    <ele>77.8</ele>
    <time>2024-07-27T11:53:04Z</time>
   </trkpt>
   <trkpt lat="43.6438130" lon="-79.3679690">
    <ele>77.8</ele>
    <time>2024-07-27T11:53:05Z</time>
   </trkpt>
   <trkpt lat="43.6438220" lon="-79.3679650">
    <ele>77.8</ele>
    <time>2024-07-27T11:53:06Z</time>
   </trkpt>
   <trkpt lat="43.6438310" lon="-79.3679400">
    <ele>77.8</ele>
    <time>2024-07-27T11:53:07Z</time>
   </trkpt>
   <trkpt lat="43.6438580" lon="-79.3679240">
    <ele>77.8</ele>
    <time>2024-07-27T11:53:08Z</time>
   </trkpt>
   <trkpt lat="43.6438800" lon="-79.3679120">
    <ele>77.8</ele>
    <time>2024-07-27T11:53:09Z</time>
   </trkpt>
   <trkpt lat="43.6438920" lon="-79.3679170">
    <ele>77.8</ele>
    <time>2024-07-27T11:53:10Z</time>
   </trkpt>
   <trkpt lat="43.6439100" lon="-79.3679140">
    <ele>77.8</ele>
    <time>2024-07-27T11:53:11Z</time>
   </trkpt>
   <trkpt lat="43.6439230" lon="-79.3679160">
    <ele>77.8</ele>
    <time>2024-07-27T11:53:12Z</time>
   </trkpt>
   <trkpt lat="43.6439390" lon="-79.3679510">
    <ele>77.8</ele>
    <time>2024-07-27T11:53:13Z</time>
   </trkpt>
   <trkpt lat="43.6439450" lon="-79.3679550">
    <ele>77.8</ele>
    <time>2024-07-27T11:53:14Z</time>
   </trkpt>
   <trkpt lat="43.6439600" lon="-79.3679470">
    <ele>77.8</ele>
    <time>2024-07-27T11:53:15Z</time>
   </trkpt>
   <trkpt lat="43.6439750" lon="-79.3679570">
    <ele>77.8</ele>
    <time>2024-07-27T11:53:16Z</time>
   </trkpt>
   <trkpt lat="43.6439710" lon="-79.3680280">
    <ele>77.8</ele>
    <time>2024-07-27T11:53:17Z</time>
   </trkpt>
   <trkpt lat="43.6439700" lon="-79.3681080">
    <ele>77.9</ele>
    <time>2024-07-27T11:53:18Z</time>
   </trkpt>
   <trkpt lat="43.6439370" lon="-79.3681350">
    <ele>77.8</ele>
    <time>2024-07-27T11:53:19Z</time>
   </trkpt>
   <trkpt lat="43.6439520" lon="-79.3681310">
    <ele>77.9</ele>
    <time>2024-07-27T11:53:20Z</time>
   </trkpt>
   <trkpt lat="43.6439610" lon="-79.3681160">
    <ele>77.9</ele>
    <time>2024-07-27T11:53:21Z</time>
   </trkpt>
   <trkpt lat="43.6439710" lon="-79.3681010">
    <ele>77.9</ele>
    <time>2024-07-27T11:53:22Z</time>
   </trkpt>
   <trkpt lat="43.6439810" lon="-79.3680630">
    <ele>77.9</ele>
    <time>2024-07-27T11:53:23Z</time>
   </trkpt>
   <trkpt lat="43.6440070" lon="-79.3680390">
    <ele>77.9</ele>
    <time>2024-07-27T11:53:24Z</time>
   </trkpt>
   <trkpt lat="43.6440150" lon="-79.3680260">
    <ele>77.9</ele>
    <time>2024-07-27T11:53:25Z</time>
   </trkpt>
   <trkpt lat="43.6440410" lon="-79.3680480">
    <ele>77.9</ele>
    <time>2024-07-27T11:53:26Z</time>
   </trkpt>
   <trkpt lat="43.6440510" lon="-79.3680590">
    <ele>77.9</ele>
    <time>2024-07-27T11:53:27Z</time>
   </trkpt>
   <trkpt lat="43.6440720" lon="-79.3680590">
    <ele>77.9</ele>
    <time>2024-07-27T11:53:28Z</time>
   </trkpt>
   <trkpt lat="43.6441000" lon="-79.3680430">
    <ele>77.9</ele>
    <time>2024-07-27T11:53:29Z</time>
   </trkpt>
   <trkpt lat="43.6441160" lon="-79.3680370">
    <ele>77.9</ele>
    <time>2024-07-27T11:53:30Z</time>
   </trkpt>
   <trkpt lat="43.6441350" lon="-79.3679950">
    <ele>77.9</ele>
    <time>2024-07-27T11:53:31Z</time>
   </trkpt>
   <trkpt lat="43.6441520" lon="-79.3679820">
    <ele>77.9</ele>
    <time>2024-07-27T11:53:32Z</time>
   </trkpt>
   <trkpt lat="43.6441870" lon="-79.3679880">
    <ele>77.9</ele>
    <time>2024-07-27T11:53:33Z</time>
   </trkpt>
   <trkpt lat="43.6442210" lon="-79.3679730">
    <ele>77.9</ele>
    <time>2024-07-27T11:53:34Z</time>
   </trkpt>
   <trkpt lat="43.6442500" lon="-79.3679820">
    <ele>77.9</ele>
    <time>2024-07-27T11:53:35Z</time>
   </trkpt>
   <trkpt lat="43.6442830" lon="-79.3679850">
    <ele>77.9</ele>
    <time>2024-07-27T11:53:36Z</time>
   </trkpt>
   <trkpt lat="43.6443070" lon="-79.3679750">
    <ele>77.9</ele>
    <time>2024-07-27T11:53:37Z</time>
   </trkpt>
   <trkpt lat="43.6443210" lon="-79.3679700">
    <ele>77.9</ele>
    <time>2024-07-27T11:53:38Z</time>
   </trkpt>
   <trkpt lat="43.6443370" lon="-79.3679510">
    <ele>77.9</ele>
    <time>2024-07-27T11:53:39Z</time>
   </trkpt>
   <trkpt lat="43.6443340" lon="-79.3679360">
    <ele>77.9</ele>
    <time>2024-07-27T11:53:40Z</time>
   </trkpt>
   <trkpt lat="43.6443080" lon="-79.3678760">
    <ele>77.8</ele>
    <time>2024-07-27T11:53:41Z</time>
   </trkpt>
   <trkpt lat="43.6443240" lon="-79.3678200">
    <ele>77.8</ele>
    <time>2024-07-27T11:53:42Z</time>
   </trkpt>
   <trkpt lat="43.6443290" lon="-79.3677970">
    <ele>77.8</ele>
    <time>2024-07-27T11:53:43Z</time>
   </trkpt>
   <trkpt lat="43.6443320" lon="-79.3677380">
    <ele>77.9</ele>
    <time>2024-07-27T11:53:44Z</time>
   </trkpt>
   <trkpt lat="43.6443420" lon="-79.3677000">
    <ele>77.9</ele>
    <time>2024-07-27T11:53:45Z</time>
   </trkpt>
   <trkpt lat="43.6443520" lon="-79.3676960">
    <ele>77.9</ele>
    <time>2024-07-27T11:53:46Z</time>
   </trkpt>
   <trkpt lat="43.6443630" lon="-79.3676690">
    <ele>77.9</ele>
    <time>2024-07-27T11:53:47Z</time>
   </trkpt>
   <trkpt lat="43.6443620" lon="-79.3676480">
    <ele>77.9</ele>
    <time>2024-07-27T11:53:48Z</time>
   </trkpt>
   <trkpt lat="43.6443610" lon="-79.3676260">
    <ele>77.9</ele>
    <time>2024-07-27T11:53:49Z</time>
   </trkpt>
   <trkpt lat="43.6443680" lon="-79.3675650">
    <ele>77.9</ele>
    <time>2024-07-27T11:53:50Z</time>
   </trkpt>
   <trkpt lat="43.6443780" lon="-79.3675430">
    <ele>77.9</ele>
    <time>2024-07-27T11:53:51Z</time>
   </trkpt>
   <trkpt lat="43.6443730" lon="-79.3675210">
    <ele>77.8</ele>
    <time>2024-07-27T11:53:52Z</time>
   </trkpt>
   <trkpt lat="43.6443930" lon="-79.3674620">
    <ele>77.8</ele>
    <time>2024-07-27T11:53:53Z</time>
   </trkpt>
   <trkpt lat="43.6444020" lon="-79.3674350">
    <ele>77.8</ele>
    <time>2024-07-27T11:53:54Z</time>
   </trkpt>
   <trkpt lat="43.6443970" lon="-79.3673470">
    <ele>77.8</ele>
    <time>2024-07-27T11:53:55Z</time>
   </trkpt>
   <trkpt lat="43.6443930" lon="-79.3673530">
    <ele>77.8</ele>
    <time>2024-07-27T11:53:56Z</time>
   </trkpt>
   <trkpt lat="43.6444210" lon="-79.3673270">
    <ele>77.8</ele>
    <time>2024-07-27T11:53:57Z</time>
   </trkpt>
   <trkpt lat="43.6444260" lon="-79.3673310">
    <ele>77.8</ele>
    <time>2024-07-27T11:53:58Z</time>
   </trkpt>
   <trkpt lat="43.6444380" lon="-79.3673240">
    <ele>77.8</ele>
    <time>2024-07-27T11:53:59Z</time>
   </trkpt>
   <trkpt lat="43.6444480" lon="-79.3673150">
    <ele>77.8</ele>
    <time>2024-07-27T11:54:00Z</time>
   </trkpt>
   <trkpt lat="43.6444590" lon="-79.3673020">
    <ele>77.8</ele>
    <time>2024-07-27T11:54:01Z</time>
   </trkpt>
   <trkpt lat="43.6444650" lon="-79.3672860">
    <ele>77.7</ele>
    <time>2024-07-27T11:54:02Z</time>
   </trkpt>
   <trkpt lat="43.6444710" lon="-79.3672710">
    <ele>77.7</ele>
    <time>2024-07-27T11:54:03Z</time>
   </trkpt>
   <trkpt lat="43.6444980" lon="-79.3672330">
    <ele>77.7</ele>
    <time>2024-07-27T11:54:04Z</time>
   </trkpt>
   <trkpt lat="43.6445090" lon="-79.3671990">
    <ele>77.7</ele>
    <time>2024-07-27T11:54:05Z</time>
   </trkpt>
   <trkpt lat="43.6445110" lon="-79.3671840">
    <ele>77.7</ele>
    <time>2024-07-27T11:54:06Z</time>
   </trkpt>
   <trkpt lat="43.6445050" lon="-79.3671420">
    <ele>77.7</ele>
    <time>2024-07-27T11:54:07Z</time>
   </trkpt>
   <trkpt lat="43.6444940" lon="-79.3671270">
    <ele>77.7</ele>
    <time>2024-07-27T11:54:08Z</time>
   </trkpt>
   <trkpt lat="43.6445180" lon="-79.3670940">
    <ele>77.7</ele>
    <time>2024-07-27T11:54:09Z</time>
   </trkpt>
   <trkpt lat="43.6445260" lon="-79.3670750">
    <ele>77.6</ele>
    <time>2024-07-27T11:54:10Z</time>
   </trkpt>
   <trkpt lat="43.6445300" lon="-79.3670160">
    <ele>77.6</ele>
    <time>2024-07-27T11:54:11Z</time>
   </trkpt>
   <trkpt lat="43.6445470" lon="-79.3669860">
    <ele>77.6</ele>
    <time>2024-07-27T11:54:12Z</time>
   </trkpt>
   <trkpt lat="43.6445420" lon="-79.3669340">
    <ele>77.6</ele>
    <time>2024-07-27T11:54:13Z</time>
   </trkpt>
   <trkpt lat="43.6445480" lon="-79.3668380">
    <ele>77.5</ele>
    <time>2024-07-27T11:54:14Z</time>
   </trkpt>
   <trkpt lat="43.6445260" lon="-79.3667800">
    <ele>77.5</ele>
    <time>2024-07-27T11:54:15Z</time>
   </trkpt>
   <trkpt lat="43.6445170" lon="-79.3667120">
    <ele>77.5</ele>
    <time>2024-07-27T11:54:16Z</time>
   </trkpt>
   <trkpt lat="43.6445230" lon="-79.3666700">
    <ele>77.5</ele>
    <time>2024-07-27T11:54:17Z</time>
   </trkpt>
   <trkpt lat="43.6445340" lon="-79.3666180">
    <ele>77.5</ele>
    <time>2024-07-27T11:54:18Z</time>
   </trkpt>
   <trkpt lat="43.6445500" lon="-79.3665920">
    <ele>77.5</ele>
    <time>2024-07-27T11:54:19Z</time>
   </trkpt>
   <trkpt lat="43.6445800" lon="-79.3665700">
    <ele>77.4</ele>
    <time>2024-07-27T11:54:20Z</time>
   </trkpt>
   <trkpt lat="43.6446130" lon="-79.3665460">
    <ele>77.4</ele>
    <time>2024-07-27T11:54:21Z</time>
   </trkpt>
   <trkpt lat="43.6446260" lon="-79.3665300">
    <ele>77.4</ele>
    <time>2024-07-27T11:54:22Z</time>
   </trkpt>
   <trkpt lat="43.6446580" lon="-79.3665100">
    <ele>77.4</ele>
    <time>2024-07-27T11:54:23Z</time>
   </trkpt>
   <trkpt lat="43.6446800" lon="-79.3664720">
    <ele>77.4</ele>
    <time>2024-07-27T11:54:24Z</time>
   </trkpt>
   <trkpt lat="43.6446950" lon="-79.3664310">
    <ele>77.4</ele>
    <time>2024-07-27T11:54:25Z</time>
   </trkpt>
   <trkpt lat="43.6447120" lon="-79.3663900">
    <ele>77.4</ele>
    <time>2024-07-27T11:54:26Z</time>
   </trkpt>
   <trkpt lat="43.6447170" lon="-79.3663750">
    <ele>77.4</ele>
    <time>2024-07-27T11:54:27Z</time>
   </trkpt>
   <trkpt lat="43.6447150" lon="-79.3663370">
    <ele>77.4</ele>
    <time>2024-07-27T11:54:28Z</time>
   </trkpt>
   <trkpt lat="43.6447120" lon="-79.3663270">
    <ele>77.4</ele>
    <time>2024-07-27T11:54:29Z</time>
   </trkpt>
   <trkpt lat="43.6447090" lon="-79.3663170">
    <ele>77.4</ele>
    <time>2024-07-27T11:54:30Z</time>
   </trkpt>
   <trkpt lat="43.6447160" lon="-79.3662980">
    <ele>77.4</ele>
    <time>2024-07-27T11:54:31Z</time>
   </trkpt>
   <trkpt lat="43.6447190" lon="-79.3662760">
    <ele>77.4</ele>
    <time>2024-07-27T11:54:32Z</time>
   </trkpt>
   <trkpt lat="43.6447250" lon="-79.3662560">
    <ele>77.4</ele>
    <time>2024-07-27T11:54:33Z</time>
   </trkpt>
   <trkpt lat="43.6447230" lon="-79.3662450">
    <ele>77.4</ele>
    <time>2024-07-27T11:54:34Z</time>
   </trkpt>
   <trkpt lat="43.6447030" lon="-79.3662380">
    <ele>77.4</ele>
    <time>2024-07-27T11:54:35Z</time>
   </trkpt>
   <trkpt lat="43.6447040" lon="-79.3661820">
    <ele>77.4</ele>
    <time>2024-07-27T11:54:36Z</time>
   </trkpt>
   <trkpt lat="43.6446990" lon="-79.3661550">
    <ele>77.4</ele>
    <time>2024-07-27T11:54:37Z</time>
   </trkpt>
   <trkpt lat="43.6447230" lon="-79.3661140">
    <ele>77.4</ele>
    <time>2024-07-27T11:54:38Z</time>
   </trkpt>
   <trkpt lat="43.6447330" lon="-79.3660740">
    <ele>77.4</ele>
    <time>2024-07-27T11:54:39Z</time>
   </trkpt>
   <trkpt lat="43.6447900" lon="-79.3660010">
    <ele>77.5</ele>
    <time>2024-07-27T11:54:40Z</time>
   </trkpt>
   <trkpt lat="43.6448340" lon="-79.3659610">
    <ele>77.5</ele>
    <time>2024-07-27T11:54:41Z</time>
   </trkpt>
   <trkpt lat="43.6449430" lon="-79.3659000">
    <ele>77.6</ele>
    <time>2024-07-27T11:54:42Z</time>
   </trkpt>
   <trkpt lat="43.6449730" lon="-79.3658550">
    <ele>77.6</ele>
    <time>2024-07-27T11:54:43Z</time>
   </trkpt>
   <trkpt lat="43.6449870" lon="-79.3658380">
    <ele>77.6</ele>
    <time>2024-07-27T11:54:44Z</time>
   </trkpt>
   <trkpt lat="43.6450090" lon="-79.3658120">
    <ele>77.7</ele>
    <time>2024-07-27T11:54:45Z</time>
   </trkpt>
   <trkpt lat="43.6450190" lon="-79.3657870">
    <ele>77.7</ele>
    <time>2024-07-27T11:54:46Z</time>
   </trkpt>
   <trkpt lat="43.6450180" lon="-79.3657710">
    <ele>77.7</ele>
    <time>2024-07-27T11:54:47Z</time>
   </trkpt>
   <trkpt lat="43.6449890" lon="-79.3656650">
    <ele>77.7</ele>
    <time>2024-07-27T11:54:48Z</time>
   </trkpt>
   <trkpt lat="43.6449660" lon="-79.3656410">
    <ele>77.7</ele>
    <time>2024-07-27T11:54:49Z</time>
   </trkpt>
   <trkpt lat="43.6449370" lon="-79.3656340">
    <ele>77.7</ele>
    <time>2024-07-27T11:54:50Z</time>
   </trkpt>
   <trkpt lat="43.6449250" lon="-79.3656380">
    <ele>77.7</ele>
    <time>2024-07-27T11:54:51Z</time>
   </trkpt>
   <trkpt lat="43.6449380" lon="-79.3655910">
    <ele>77.7</ele>
    <time>2024-07-27T11:54:52Z</time>
   </trkpt>
   <trkpt lat="43.6449540" lon="-79.3655700">
    <ele>77.7</ele>
    <time>2024-07-27T11:54:53Z</time>
   </trkpt>
   <trkpt lat="43.6449510" lon="-79.3655470">
    <ele>77.7</ele>
    <time>2024-07-27T11:54:54Z</time>
   </trkpt>
   <trkpt lat="43.6449500" lon="-79.3655280">
    <ele>77.7</ele>
    <time>2024-07-27T11:54:55Z</time>
   </trkpt>
   <trkpt lat="43.6449540" lon="-79.3655020">
    <ele>77.7</ele>
    <time>2024-07-27T11:54:56Z</time>
   </trkpt>
   <trkpt lat="43.6449670" lon="-79.3654670">
    <ele>77.7</ele>
    <time>2024-07-27T11:54:57Z</time>
   </trkpt>
   <trkpt lat="43.6449720" lon="-79.3654440">
    <ele>77.7</ele>
    <time>2024-07-27T11:54:58Z</time>
   </trkpt>
   <trkpt lat="43.6449880" lon="-79.3654060">
    <ele>77.7</ele>
    <time>2024-07-27T11:54:59Z</time>
   </trkpt>
   <trkpt lat="43.6449960" lon="-79.3653900">
    <ele>77.7</ele>
    <time>2024-07-27T11:55:00Z</time>
   </trkpt>
   <trkpt lat="43.6450100" lon="-79.3653520">
    <ele>77.7</ele>
    <time>2024-07-27T11:55:01Z</time>
   </trkpt>
   <trkpt lat="43.6450160" lon="-79.3653390">
    <ele>77.7</ele>
    <time>2024-07-27T11:55:02Z</time>
   </trkpt>
   <trkpt lat="43.6450280" lon="-79.3652910">
    <ele>77.7</ele>
    <time>2024-07-27T11:55:03Z</time>
   </trkpt>
   <trkpt lat="43.6450310" lon="-79.3652720">
    <ele>77.7</ele>
    <time>2024-07-27T11:55:04Z</time>
   </trkpt>
   <trkpt lat="43.6450450" lon="-79.3652200">
    <ele>77.7</ele>
    <time>2024-07-27T11:55:05Z</time>
   </trkpt>
   <trkpt lat="43.6450440" lon="-79.3651960">
    <ele>77.7</ele>
    <time>2024-07-27T11:55:06Z</time>
   </trkpt>
   <trkpt lat="43.6450590" lon="-79.3651610">
    <ele>77.7</ele>
    <time>2024-07-27T11:55:07Z</time>
   </trkpt>
   <trkpt lat="43.6450660" lon="-79.3651530">
    <ele>77.7</ele>
    <time>2024-07-27T11:55:08Z</time>
   </trkpt>
   <trkpt lat="43.6450710" lon="-79.3651330">
    <ele>77.7</ele>
    <time>2024-07-27T11:55:09Z</time>
   </trkpt>
   <trkpt lat="43.6450720" lon="-79.3651090">
    <ele>77.7</ele>
    <time>2024-07-27T11:55:10Z</time>
   </trkpt>
   <trkpt lat="43.6450970" lon="-79.3650630">
    <ele>77.7</ele>
    <time>2024-07-27T11:55:11Z</time>
   </trkpt>
   <trkpt lat="43.6451040" lon="-79.3650390">
    <ele>77.7</ele>
    <time>2024-07-27T11:55:12Z</time>
   </trkpt>
   <trkpt lat="43.6451330" lon="-79.3650290">
    <ele>77.7</ele>
    <time>2024-07-27T11:55:13Z</time>
   </trkpt>
   <trkpt lat="43.6451500" lon="-79.3649980">
    <ele>77.7</ele>
    <time>2024-07-27T11:55:14Z</time>
   </trkpt>
   <trkpt lat="43.6451770" lon="-79.3649770">
    <ele>77.7</ele>
    <time>2024-07-27T11:55:15Z</time>
   </trkpt>
   <trkpt lat="43.6451860" lon="-79.3649690">
    <ele>77.7</ele>
    <time>2024-07-27T11:55:16Z</time>
   </trkpt>
   <trkpt lat="43.6451970" lon="-79.3649170">
    <ele>77.7</ele>
    <time>2024-07-27T11:55:17Z</time>
   </trkpt>
   <trkpt lat="43.6451990" lon="-79.3648990">
    <ele>77.7</ele>
    <time>2024-07-27T11:55:18Z</time>
   </trkpt>
   <trkpt lat="43.6452060" lon="-79.3648620">
    <ele>77.7</ele>
    <time>2024-07-27T11:55:19Z</time>
   </trkpt>
   <trkpt lat="43.6452120" lon="-79.3648510">
    <ele>77.7</ele>
    <time>2024-07-27T11:55:20Z</time>
   </trkpt>
   <trkpt lat="43.6452400" lon="-79.3648240">
    <ele>77.7</ele>
    <time>2024-07-27T11:55:21Z</time>
   </trkpt>
   <trkpt lat="43.6452460" lon="-79.3648130">
    <ele>77.7</ele>
    <time>2024-07-27T11:55:22Z</time>
   </trkpt>
   <trkpt lat="43.6452610" lon="-79.3647810">
    <ele>77.7</ele>
    <time>2024-07-27T11:55:23Z</time>
   </trkpt>
   <trkpt lat="43.6452600" lon="-79.3647360">
    <ele>77.6</ele>
    <time>2024-07-27T11:55:24Z</time>
   </trkpt>
   <trkpt lat="43.6452640" lon="-79.3647220">
    <ele>77.6</ele>
    <time>2024-07-27T11:55:25Z</time>
   </trkpt>
   <trkpt lat="43.6452840" lon="-79.3646820">
    <ele>77.6</ele>
    <time>2024-07-27T11:55:26Z</time>
   </trkpt>
   <trkpt lat="43.6452910" lon="-79.3646700">
    <ele>77.6</ele>
    <time>2024-07-27T11:55:27Z</time>
   </trkpt>
   <trkpt lat="43.6453050" lon="-79.3646280">
    <ele>77.6</ele>
    <time>2024-07-27T11:55:28Z</time>
   </trkpt>
   <trkpt lat="43.6453090" lon="-79.3646150">
    <ele>77.6</ele>
    <time>2024-07-27T11:55:29Z</time>
   </trkpt>
   <trkpt lat="43.6453210" lon="-79.3645730">
    <ele>77.6</ele>
    <time>2024-07-27T11:55:30Z</time>
   </trkpt>
   <trkpt lat="43.6453220" lon="-79.3645580">
    <ele>77.6</ele>
    <time>2024-07-27T11:55:31Z</time>
   </trkpt>
   <trkpt lat="43.6453220" lon="-79.3645120">
    <ele>77.6</ele>
    <time>2024-07-27T11:55:32Z</time>
   </trkpt>
   <trkpt lat="43.6453200" lon="-79.3644960">
    <ele>77.6</ele>
    <time>2024-07-27T11:55:33Z</time>
   </trkpt>
   <trkpt lat="43.6453320" lon="-79.3644460">
    <ele>77.6</ele>
    <time>2024-07-27T11:55:34Z</time>
   </trkpt>
   <trkpt lat="43.6453370" lon="-79.3644290">
    <ele>77.6</ele>
    <time>2024-07-27T11:55:35Z</time>
   </trkpt>
   <trkpt lat="43.6453470" lon="-79.3643920">
    <ele>77.6</ele>
    <time>2024-07-27T11:55:36Z</time>
   </trkpt>
   <trkpt lat="43.6453570" lon="-79.3643790">
    <ele>77.6</ele>
    <time>2024-07-27T11:55:37Z</time>
   </trkpt>
   <trkpt lat="43.6453740" lon="-79.3643490">
    <ele>77.6</ele>
    <time>2024-07-27T11:55:38Z</time>
   </trkpt>
   <trkpt lat="43.6453920" lon="-79.3643020">
    <ele>77.6</ele>
    <time>2024-07-27T11:55:39Z</time>
   </trkpt>
   <trkpt lat="43.6454010" lon="-79.3642850">
    <ele>77.6</ele>
    <time>2024-07-27T11:55:40Z</time>
   </trkpt>
   <trkpt lat="43.6454270" lon="-79.3642640">
    <ele>77.6</ele>
    <time>2024-07-27T11:55:41Z</time>
   </trkpt>
   <trkpt lat="43.6454370" lon="-79.3642260">
    <ele>77.6</ele>
    <time>2024-07-27T11:55:42Z</time>
   </trkpt>
   <trkpt lat="43.6454530" lon="-79.3641910">
    <ele>77.6</ele>
    <time>2024-07-27T11:55:43Z</time>
   </trkpt>
   <trkpt lat="43.6454580" lon="-79.3641790">
    <ele>77.6</ele>
    <time>2024-07-27T11:55:44Z</time>
   </trkpt>
   <trkpt lat="43.6454780" lon="-79.3641500">
    <ele>77.6</ele>
    <time>2024-07-27T11:55:45Z</time>
   </trkpt>
   <trkpt lat="43.6454870" lon="-79.3641410">
    <ele>77.6</ele>
    <time>2024-07-27T11:55:46Z</time>
   </trkpt>
   <trkpt lat="43.6454910" lon="-79.3641040">
    <ele>77.6</ele>
    <time>2024-07-27T11:55:47Z</time>
   </trkpt>
   <trkpt lat="43.6455140" lon="-79.3640650">
    <ele>77.6</ele>
    <time>2024-07-27T11:55:48Z</time>
   </trkpt>
   <trkpt lat="43.6455210" lon="-79.3640560">
    <ele>77.6</ele>
    <time>2024-07-27T11:55:49Z</time>
   </trkpt>
   <trkpt lat="43.6455300" lon="-79.3640070">
    <ele>77.6</ele>
    <time>2024-07-27T11:55:50Z</time>
   </trkpt>
   <trkpt lat="43.6455310" lon="-79.3639910">
    <ele>77.6</ele>
    <time>2024-07-27T11:55:51Z</time>
   </trkpt>
   <trkpt lat="43.6455590" lon="-79.3639620">
    <ele>77.6</ele>
    <time>2024-07-27T11:55:52Z</time>
   </trkpt>
   <trkpt lat="43.6455680" lon="-79.3639540">
    <ele>77.6</ele>
    <time>2024-07-27T11:55:53Z</time>
   </trkpt>
   <trkpt lat="43.6455810" lon="-79.3639110">
    <ele>77.6</ele>
    <time>2024-07-27T11:55:54Z</time>
   </trkpt>
   <trkpt lat="43.6455850" lon="-79.3638950">
    <ele>77.6</ele>
    <time>2024-07-27T11:55:55Z</time>
   </trkpt>
   <trkpt lat="43.6455930" lon="-79.3638460">
    <ele>77.6</ele>
    <time>2024-07-27T11:55:56Z</time>
   </trkpt>
   <trkpt lat="43.6455900" lon="-79.3638250">
    <ele>77.6</ele>
    <time>2024-07-27T11:55:57Z</time>
   </trkpt>
   <trkpt lat="43.6456000" lon="-79.3637780">
    <ele>77.6</ele>
    <time>2024-07-27T11:55:58Z</time>
   </trkpt>
   <trkpt lat="43.6456070" lon="-79.3637640">
    <ele>77.6</ele>
    <time>2024-07-27T11:55:59Z</time>
   </trkpt>
   <trkpt lat="43.6456120" lon="-79.3637270">
    <ele>77.6</ele>
    <time>2024-07-27T11:56:00Z</time>
   </trkpt>
   <trkpt lat="43.6456290" lon="-79.3636990">
    <ele>77.6</ele>
    <time>2024-07-27T11:56:01Z</time>
   </trkpt>
   <trkpt lat="43.6456350" lon="-79.3636860">
    <ele>77.6</ele>
    <time>2024-07-27T11:56:02Z</time>
   </trkpt>
   <trkpt lat="43.6456510" lon="-79.3636720">
    <ele>77.6</ele>
    <time>2024-07-27T11:56:03Z</time>
   </trkpt>
   <trkpt lat="43.6456520" lon="-79.3636520">
    <ele>77.6</ele>
    <time>2024-07-27T11:56:04Z</time>
   </trkpt>
   <trkpt lat="43.6456920" lon="-79.3636410">
    <ele>77.6</ele>
    <time>2024-07-27T11:56:05Z</time>
   </trkpt>
   <trkpt lat="43.6456930" lon="-79.3636020">
    <ele>77.6</ele>
    <time>2024-07-27T11:56:06Z</time>
   </trkpt>
   <trkpt lat="43.6456920" lon="-79.3635880">
    <ele>77.6</ele>
    <time>2024-07-27T11:56:07Z</time>
   </trkpt>
   <trkpt lat="43.6457000" lon="-79.3635810">
    <ele>77.6</ele>
    <time>2024-07-27T11:56:08Z</time>
   </trkpt>
   <trkpt lat="43.6457220" lon="-79.3635620">
    <ele>77.6</ele>
    <time>2024-07-27T11:56:09Z</time>
   </trkpt>
   <trkpt lat="43.6456860" lon="-79.3635740">
    <ele>77.6</ele>
    <time>2024-07-27T11:56:10Z</time>
   </trkpt>
   <trkpt lat="43.6456930" lon="-79.3635810">
    <ele>77.6</ele>
    <time>2024-07-27T11:56:11Z</time>
   </trkpt>
   <trkpt lat="43.6456940" lon="-79.3635810">
    <ele>77.6</ele>
    <time>2024-07-27T11:56:12Z</time>
   </trkpt>
   <trkpt lat="43.6456860" lon="-79.3635520">
    <ele>77.6</ele>
    <time>2024-07-27T11:56:13Z</time>
   </trkpt>
   <trkpt lat="43.6456860" lon="-79.3635520">
    <ele>77.6</ele>
    <time>2024-07-27T11:56:14Z</time>
   </trkpt>
   <trkpt lat="43.6456870" lon="-79.3635910">
    <ele>77.6</ele>
    <time>2024-07-27T11:56:15Z</time>
   </trkpt>
   <trkpt lat="43.6456880" lon="-79.3636200">
    <ele>77.6</ele>
    <time>2024-07-27T11:56:16Z</time>
   </trkpt>
   <trkpt lat="43.6456810" lon="-79.3636550">
    <ele>77.6</ele>
    <time>2024-07-27T11:56:17Z</time>
   </trkpt>
   <trkpt lat="43.6456730" lon="-79.3636780">
    <ele>77.6</ele>
    <time>2024-07-27T11:56:18Z</time>
   </trkpt>
   <trkpt lat="43.6456720" lon="-79.3636950">
    <ele>77.6</ele>
    <time>2024-07-27T11:56:19Z</time>
   </trkpt>
   <trkpt lat="43.6456650" lon="-79.3637140">
    <ele>77.6</ele>
    <time>2024-07-27T11:56:20Z</time>
   </trkpt>
   <trkpt lat="43.6456570" lon="-79.3637320">
    <ele>77.6</ele>
    <time>2024-07-27T11:56:21Z</time>
   </trkpt>
   <trkpt lat="43.6456500" lon="-79.3637500">
    <ele>77.6</ele>
    <time>2024-07-27T11:56:22Z</time>
   </trkpt>
   <trkpt lat="43.6456240" lon="-79.3638190">
    <ele>77.6</ele>
    <time>2024-07-27T11:56:23Z</time>
   </trkpt>
   <trkpt lat="43.6456240" lon="-79.3638610">
    <ele>77.6</ele>
    <time>2024-07-27T11:56:24Z</time>
   </trkpt>
   <trkpt lat="43.6456040" lon="-79.3638800">
    <ele>77.6</ele>
    <time>2024-07-27T11:56:25Z</time>
   </trkpt>
   <trkpt lat="43.6455940" lon="-79.3638900">
    <ele>77.6</ele>
    <time>2024-07-27T11:56:26Z</time>
   </trkpt>
   <trkpt lat="43.6455920" lon="-79.3639200">
    <ele>77.6</ele>
    <time>2024-07-27T11:56:28Z</time>
   </trkpt>
   <trkpt lat="43.6455850" lon="-79.3639400">
    <ele>77.6</ele>
    <time>2024-07-27T11:56:29Z</time>
   </trkpt>
   <trkpt lat="43.6455830" lon="-79.3639510">
    <ele>77.6</ele>
    <time>2024-07-27T11:56:30Z</time>
   </trkpt>
   <trkpt lat="43.6455690" lon="-79.3639830">
    <ele>77.6</ele>
    <time>2024-07-27T11:56:31Z</time>
   </trkpt>
   <trkpt lat="43.6455690" lon="-79.3640270">
    <ele>77.6</ele>
    <time>2024-07-27T11:56:32Z</time>
   </trkpt>
   <trkpt lat="43.6455550" lon="-79.3640650">
    <ele>77.6</ele>
    <time>2024-07-27T11:56:33Z</time>
   </trkpt>
   <trkpt lat="43.6455470" lon="-79.3640850">
    <ele>77.6</ele>
    <time>2024-07-27T11:56:34Z</time>
   </trkpt>
   <trkpt lat="43.6455320" lon="-79.3641450">
    <ele>77.6</ele>
    <time>2024-07-27T11:56:35Z</time>
   </trkpt>
   <trkpt lat="43.6455210" lon="-79.3641710">
    <ele>77.6</ele>
    <time>2024-07-27T11:56:36Z</time>
   </trkpt>
   <trkpt lat="43.6455080" lon="-79.3642210">
    <ele>77.6</ele>
    <time>2024-07-27T11:56:37Z</time>
   </trkpt>
   <trkpt lat="43.6454970" lon="-79.3642900">
    <ele>77.6</ele>
    <time>2024-07-27T11:56:38Z</time>
   </trkpt>
   <trkpt lat="43.6454890" lon="-79.3643070">
    <ele>77.6</ele>
    <time>2024-07-27T11:56:39Z</time>
   </trkpt>
   <trkpt lat="43.6454810" lon="-79.3643300">
    <ele>77.6</ele>
    <time>2024-07-27T11:56:40Z</time>
   </trkpt>
   <trkpt lat="43.6454670" lon="-79.3643450">
    <ele>77.6</ele>
    <time>2024-07-27T11:56:41Z</time>
   </trkpt>
   <trkpt lat="43.6454640" lon="-79.3643680">
    <ele>77.6</ele>
    <time>2024-07-27T11:56:42Z</time>
   </trkpt>
   <trkpt lat="43.6454370" lon="-79.3644060">
    <ele>77.6</ele>
    <time>2024-07-27T11:56:43Z</time>
   </trkpt>
   <trkpt lat="43.6454310" lon="-79.3644280">
    <ele>77.6</ele>
    <time>2024-07-27T11:56:44Z</time>
   </trkpt>
   <trkpt lat="43.6454110" lon="-79.3644550">
    <ele>77.6</ele>
    <time>2024-07-27T11:56:45Z</time>
   </trkpt>
   <trkpt lat="43.6453870" lon="-79.3644920">
    <ele>77.6</ele>
    <time>2024-07-27T11:56:46Z</time>
   </trkpt>
   <trkpt lat="43.6453520" lon="-79.3645200">
    <ele>77.6</ele>
    <time>2024-07-27T11:56:47Z</time>
   </trkpt>
   <trkpt lat="43.6453310" lon="-79.3645650">
    <ele>77.6</ele>
    <time>2024-07-27T11:56:48Z</time>
   </trkpt>
   <trkpt lat="43.6453140" lon="-79.3646060">
    <ele>77.6</ele>
    <time>2024-07-27T11:56:49Z</time>
   </trkpt>
   <trkpt lat="43.6453120" lon="-79.3646240">
    <ele>77.6</ele>
    <time>2024-07-27T11:56:50Z</time>
   </trkpt>
   <trkpt lat="43.6453010" lon="-79.3646650">
    <ele>77.6</ele>
    <time>2024-07-27T11:56:51Z</time>
   </trkpt>
   <trkpt lat="43.6452790" lon="-79.3646960">
    <ele>77.6</ele>
    <time>2024-07-27T11:56:52Z</time>
   </trkpt>
   <trkpt lat="43.6452760" lon="-79.3647050">
    <ele>77.6</ele>
    <time>2024-07-27T11:56:53Z</time>
   </trkpt>
   <trkpt lat="43.6452770" lon="-79.3647140">
    <ele>77.6</ele>
    <time>2024-07-27T11:56:54Z</time>
   </trkpt>
   <trkpt lat="43.6452830" lon="-79.3647350">
    <ele>77.6</ele>
    <time>2024-07-27T11:56:55Z</time>
   </trkpt>
   <trkpt lat="43.6452890" lon="-79.3647570">
    <ele>77.6</ele>
    <time>2024-07-27T11:56:56Z</time>
   </trkpt>
   <trkpt lat="43.6452790" lon="-79.3647880">
    <ele>77.6</ele>
    <time>2024-07-27T11:56:57Z</time>
   </trkpt>
   <trkpt lat="43.6452690" lon="-79.3648110">
    <ele>77.6</ele>
    <time>2024-07-27T11:56:58Z</time>
   </trkpt>
   <trkpt lat="43.6452570" lon="-79.3648480">
    <ele>77.6</ele>
    <time>2024-07-27T11:56:59Z</time>
   </trkpt>
   <trkpt lat="43.6452540" lon="-79.3648610">
    <ele>77.6</ele>
    <time>2024-07-27T11:57:00Z</time>
   </trkpt>
   <trkpt lat="43.6452530" lon="-79.3649000">
    <ele>77.6</ele>
    <time>2024-07-27T11:57:01Z</time>
   </trkpt>
   <trkpt lat="43.6452490" lon="-79.3649120">
    <ele>77.6</ele>
    <time>2024-07-27T11:57:02Z</time>
   </trkpt>
   <trkpt lat="43.6452290" lon="-79.3649530">
    <ele>77.6</ele>
    <time>2024-07-27T11:57:03Z</time>
   </trkpt>
   <trkpt lat="43.6452200" lon="-79.3649720">
    <ele>77.6</ele>
    <time>2024-07-27T11:57:04Z</time>
   </trkpt>
   <trkpt lat="43.6452130" lon="-79.3649790">
    <ele>77.6</ele>
    <time>2024-07-27T11:57:05Z</time>
   </trkpt>
   <trkpt lat="43.6452020" lon="-79.3650090">
    <ele>77.6</ele>
    <time>2024-07-27T11:57:06Z</time>
   </trkpt>
   <trkpt lat="43.6451840" lon="-79.3650550">
    <ele>77.7</ele>
    <time>2024-07-27T11:57:07Z</time>
   </trkpt>
   <trkpt lat="43.6451780" lon="-79.3650700">
    <ele>77.7</ele>
    <time>2024-07-27T11:57:08Z</time>
   </trkpt>
   <trkpt lat="43.6451540" lon="-79.3651130">
    <ele>77.7</ele>
    <time>2024-07-27T11:57:09Z</time>
   </trkpt>
   <trkpt lat="43.6451370" lon="-79.3651440">
    <ele>77.7</ele>
    <time>2024-07-27T11:57:10Z</time>
   </trkpt>
   <trkpt lat="43.6451330" lon="-79.3651530">
    <ele>77.7</ele>
    <time>2024-07-27T11:57:11Z</time>
   </trkpt>
   <trkpt lat="43.6451300" lon="-79.3651800">
    <ele>77.7</ele>
    <time>2024-07-27T11:57:12Z</time>
   </trkpt>
   <trkpt lat="43.6451250" lon="-79.3651890">
    <ele>77.7</ele>
    <time>2024-07-27T11:57:13Z</time>
   </trkpt>
   <trkpt lat="43.6451210" lon="-79.3652120">
    <ele>77.7</ele>
    <time>2024-07-27T11:57:14Z</time>
   </trkpt>
   <trkpt lat="43.6451160" lon="-79.3652260">
    <ele>77.7</ele>
    <time>2024-07-27T11:57:15Z</time>
   </trkpt>
   <trkpt lat="43.6451110" lon="-79.3652400">
    <ele>77.7</ele>
    <time>2024-07-27T11:57:16Z</time>
   </trkpt>
   <trkpt lat="43.6451070" lon="-79.3652540">
    <ele>77.7</ele>
    <time>2024-07-27T11:57:17Z</time>
   </trkpt>
   <trkpt lat="43.6450950" lon="-79.3652790">
    <ele>77.7</ele>
    <time>2024-07-27T11:57:18Z</time>
   </trkpt>
   <trkpt lat="43.6450960" lon="-79.3652910">
    <ele>77.7</ele>
    <time>2024-07-27T11:57:19Z</time>
   </trkpt>
   <trkpt lat="43.6451080" lon="-79.3653440">
    <ele>77.8</ele>
    <time>2024-07-27T11:57:20Z</time>
   </trkpt>
   <trkpt lat="43.6451240" lon="-79.3653650">
    <ele>77.8</ele>
    <time>2024-07-27T11:57:21Z</time>
   </trkpt>
   <trkpt lat="43.6451360" lon="-79.3654090">
    <ele>77.9</ele>
    <time>2024-07-27T11:57:22Z</time>
   </trkpt>
   <trkpt lat="43.6451560" lon="-79.3654520">
    <ele>77.9</ele>
    <time>2024-07-27T11:57:23Z</time>
   </trkpt>
   <trkpt lat="43.6451620" lon="-79.3654660">
    <ele>77.9</ele>
    <time>2024-07-27T11:57:24Z</time>
   </trkpt>
   <trkpt lat="43.6451720" lon="-79.3655040">
    <ele>77.9</ele>
    <time>2024-07-27T11:57:25Z</time>
   </trkpt>
   <trkpt lat="43.6451740" lon="-79.3655200">
    <ele>77.9</ele>
    <time>2024-07-27T11:57:26Z</time>
   </trkpt>
   <trkpt lat="43.6451910" lon="-79.3655580">
    <ele>77.9</ele>
    <time>2024-07-27T11:57:27Z</time>
   </trkpt>
   <trkpt lat="43.6452120" lon="-79.3655830">
    <ele>77.9</ele>
    <time>2024-07-27T11:57:28Z</time>
   </trkpt>
   <trkpt lat="43.6452260" lon="-79.3656140">
    <ele>77.9</ele>
    <time>2024-07-27T11:57:29Z</time>
   </trkpt>
   <trkpt lat="43.6452300" lon="-79.3656290">
    <ele>77.9</ele>
    <time>2024-07-27T11:57:30Z</time>
   </trkpt>
   <trkpt lat="43.6452210" lon="-79.3656540">
    <ele>77.9</ele>
    <time>2024-07-27T11:57:31Z</time>
   </trkpt>
   <trkpt lat="43.6452160" lon="-79.3656630">
    <ele>77.9</ele>
    <time>2024-07-27T11:57:32Z</time>
   </trkpt>
   <trkpt lat="43.6452110" lon="-79.3656710">
    <ele>77.9</ele>
    <time>2024-07-27T11:57:33Z</time>
   </trkpt>
   <trkpt lat="43.6452060" lon="-79.3656800">
    <ele>77.8</ele>
    <time>2024-07-27T11:57:34Z</time>
   </trkpt>
   <trkpt lat="43.6451850" lon="-79.3656980">
    <ele>77.8</ele>
    <time>2024-07-27T11:57:35Z</time>
   </trkpt>
   <trkpt lat="43.6451710" lon="-79.3656950">
    <ele>77.8</ele>
    <time>2024-07-27T11:57:36Z</time>
   </trkpt>
   <trkpt lat="43.6451580" lon="-79.3656930">
    <ele>77.8</ele>
    <time>2024-07-27T11:57:37Z</time>
   </trkpt>
   <trkpt lat="43.6451420" lon="-79.3656990">
    <ele>77.8</ele>
    <time>2024-07-27T11:57:38Z</time>
   </trkpt>
   <trkpt lat="43.6451300" lon="-79.3657130">
    <ele>77.8</ele>
    <time>2024-07-27T11:57:39Z</time>
   </trkpt>
   <trkpt lat="43.6451220" lon="-79.3657260">
    <ele>77.8</ele>
    <time>2024-07-27T11:57:40Z</time>
   </trkpt>
   <trkpt lat="43.6451070" lon="-79.3657330">
    <ele>77.8</ele>
    <time>2024-07-27T11:57:41Z</time>
   </trkpt>
   <trkpt lat="43.6450960" lon="-79.3657410">
    <ele>77.8</ele>
    <time>2024-07-27T11:57:42Z</time>
   </trkpt>
   <trkpt lat="43.6450780" lon="-79.3657540">
    <ele>77.7</ele>
    <time>2024-07-27T11:57:43Z</time>
   </trkpt>
   <trkpt lat="43.6450560" lon="-79.3657680">
    <ele>77.7</ele>
    <time>2024-07-27T11:57:44Z</time>
   </trkpt>
   <trkpt lat="43.6450460" lon="-79.3657780">
    <ele>77.7</ele>
    <time>2024-07-27T11:57:45Z</time>
   </trkpt>
   <trkpt lat="43.6450370" lon="-79.3657890">
    <ele>77.7</ele>
    <time>2024-07-27T11:57:46Z</time>
   </trkpt>
   <trkpt lat="43.6450090" lon="-79.3657880">
    <ele>77.7</ele>
    <time>2024-07-27T11:57:47Z</time>
   </trkpt>
   <trkpt lat="43.6450000" lon="-79.3657960">
    <ele>77.7</ele>
    <time>2024-07-27T11:57:48Z</time>
   </trkpt>
   <trkpt lat="43.6449730" lon="-79.3658150">
    <ele>77.7</ele>
    <time>2024-07-27T11:57:49Z</time>
   </trkpt>
   <trkpt lat="43.6449660" lon="-79.3658280">
    <ele>77.7</ele>
    <time>2024-07-27T11:57:50Z</time>
   </trkpt>
   <trkpt lat="43.6449560" lon="-79.3658190">
    <ele>77.6</ele>
    <time>2024-07-27T11:57:51Z</time>
   </trkpt>
   <trkpt lat="43.6449360" lon="-79.3658480">
    <ele>77.6</ele>
    <time>2024-07-27T11:57:52Z</time>
   </trkpt>
   <trkpt lat="43.6449250" lon="-79.3658920">
    <ele>77.6</ele>
    <time>2024-07-27T11:57:53Z</time>
   </trkpt>
   <trkpt lat="43.6449030" lon="-79.3659190">
    <ele>77.6</ele>
    <time>2024-07-27T11:57:54Z</time>
   </trkpt>
   <trkpt lat="43.6448750" lon="-79.3659450">
    <ele>77.6</ele>
    <time>2024-07-27T11:57:55Z</time>
   </trkpt>
   <trkpt lat="43.6448650" lon="-79.3659610">
    <ele>77.5</ele>
    <time>2024-07-27T11:57:56Z</time>
   </trkpt>
   <trkpt lat="43.6448500" lon="-79.3659930">
    <ele>77.5</ele>
    <time>2024-07-27T11:57:57Z</time>
   </trkpt>
   <trkpt lat="43.6448230" lon="-79.3660190">
    <ele>77.5</ele>
    <time>2024-07-27T11:57:58Z</time>
   </trkpt>
   <trkpt lat="43.6447910" lon="-79.3660850">
    <ele>77.5</ele>
    <time>2024-07-27T11:57:59Z</time>
   </trkpt>
   <trkpt lat="43.6447830" lon="-79.3661390">
    <ele>77.5</ele>
    <time>2024-07-27T11:58:00Z</time>
   </trkpt>
   <trkpt lat="43.6447970" lon="-79.3662190">
    <ele>77.4</ele>
    <time>2024-07-27T11:58:01Z</time>
   </trkpt>
   <trkpt lat="43.6448250" lon="-79.3662670">
    <ele>77.4</ele>
    <time>2024-07-27T11:58:02Z</time>
   </trkpt>
   <trkpt lat="43.6448550" lon="-79.3663750">
    <ele>77.4</ele>
    <time>2024-07-27T11:58:03Z</time>
   </trkpt>
   <trkpt lat="43.6448620" lon="-79.3664140">
    <ele>77.4</ele>
    <time>2024-07-27T11:58:04Z</time>
   </trkpt>
   <trkpt lat="43.6448530" lon="-79.3664310">
    <ele>77.4</ele>
    <time>2024-07-27T11:58:05Z</time>
   </trkpt>
   <trkpt lat="43.6448360" lon="-79.3664310">
    <ele>77.4</ele>
    <time>2024-07-27T11:58:06Z</time>
   </trkpt>
   <trkpt lat="43.6448190" lon="-79.3664300">
    <ele>77.4</ele>
    <time>2024-07-27T11:58:07Z</time>
   </trkpt>
   <trkpt lat="43.6448020" lon="-79.3664290">
    <ele>77.4</ele>
    <time>2024-07-27T11:58:08Z</time>
   </trkpt>
   <trkpt lat="43.6447620" lon="-79.3664150">
    <ele>77.4</ele>
    <time>2024-07-27T11:58:09Z</time>
   </trkpt>
   <trkpt lat="43.6447500" lon="-79.3664130">
    <ele>77.4</ele>
    <time>2024-07-27T11:58:10Z</time>
   </trkpt>
   <trkpt lat="43.6447300" lon="-79.3664270">
    <ele>77.4</ele>
    <time>2024-07-27T11:58:11Z</time>
   </trkpt>
   <trkpt lat="43.6447260" lon="-79.3664420">
    <ele>77.4</ele>
    <time>2024-07-27T11:58:12Z</time>
   </trkpt>
   <trkpt lat="43.6447230" lon="-79.3664600">
    <ele>77.4</ele>
    <time>2024-07-27T11:58:13Z</time>
   </trkpt>
   <trkpt lat="43.6447200" lon="-79.3664780">
    <ele>77.4</ele>
    <time>2024-07-27T11:58:14Z</time>
   </trkpt>
   <trkpt lat="43.6447150" lon="-79.3664950">
    <ele>77.4</ele>
    <time>2024-07-27T11:58:15Z</time>
   </trkpt>
   <trkpt lat="43.6447180" lon="-79.3665000">
    <ele>77.4</ele>
    <time>2024-07-27T11:58:16Z</time>
   </trkpt>
   <trkpt lat="43.6447060" lon="-79.3665010">
    <ele>77.4</ele>
    <time>2024-07-27T11:58:17Z</time>
   </trkpt>
   <trkpt lat="43.6446970" lon="-79.3665080">
    <ele>77.4</ele>
    <time>2024-07-27T11:58:18Z</time>
   </trkpt>
   <trkpt lat="43.6446880" lon="-79.3665180">
    <ele>77.4</ele>
    <time>2024-07-27T11:58:19Z</time>
   </trkpt>
   <trkpt lat="43.6446940" lon="-79.3665310">
    <ele>77.4</ele>
    <time>2024-07-27T11:58:20Z</time>
   </trkpt>
   <trkpt lat="43.6446840" lon="-79.3665390">
    <ele>77.4</ele>
    <time>2024-07-27T11:58:21Z</time>
   </trkpt>
   <trkpt lat="43.6446830" lon="-79.3665420">
    <ele>77.4</ele>
    <time>2024-07-27T11:58:22Z</time>
   </trkpt>
   <trkpt lat="43.6446680" lon="-79.3665600">
    <ele>77.4</ele>
    <time>2024-07-27T11:58:24Z</time>
   </trkpt>
   <trkpt lat="43.6446580" lon="-79.3665720">
    <ele>77.4</ele>
    <time>2024-07-27T11:58:25Z</time>
   </trkpt>
   <trkpt lat="43.6446480" lon="-79.3665840">
    <ele>77.4</ele>
    <time>2024-07-27T11:58:26Z</time>
   </trkpt>
   <trkpt lat="43.6446240" lon="-79.3666030">
    <ele>77.5</ele>
    <time>2024-07-27T11:58:27Z</time>
   </trkpt>
   <trkpt lat="43.6445990" lon="-79.3666200">
    <ele>77.6</ele>
    <time>2024-07-27T11:58:28Z</time>
   </trkpt>
   <trkpt lat="43.6445710" lon="-79.3666190">
    <ele>77.6</ele>
    <time>2024-07-27T11:58:29Z</time>
   </trkpt>
   <trkpt lat="43.6445360" lon="-79.3666240">
    <ele>77.7</ele>
    <time>2024-07-27T11:58:30Z</time>
   </trkpt>
   <trkpt lat="43.6445130" lon="-79.3666440">
    <ele>77.8</ele>
    <time>2024-07-27T11:58:31Z</time>
   </trkpt>
   <trkpt lat="43.6445030" lon="-79.3666440">
    <ele>77.8</ele>
    <time>2024-07-27T11:58:32Z</time>
   </trkpt>
   <trkpt lat="43.6444890" lon="-79.3666550">
    <ele>77.8</ele>
    <time>2024-07-27T11:58:33Z</time>
   </trkpt>
   <trkpt lat="43.6444750" lon="-79.3666580">
    <ele>77.8</ele>
    <time>2024-07-27T11:58:34Z</time>
   </trkpt>
   <trkpt lat="43.6444400" lon="-79.3666710">
    <ele>77.9</ele>
    <time>2024-07-27T11:58:35Z</time>
   </trkpt>
   <trkpt lat="43.6444280" lon="-79.3666700">
    <ele>77.9</ele>
    <time>2024-07-27T11:58:36Z</time>
   </trkpt>
   <trkpt lat="43.6444040" lon="-79.3666790">
    <ele>77.9</ele>
    <time>2024-07-27T11:58:37Z</time>
   </trkpt>
   <trkpt lat="43.6443910" lon="-79.3666840">
    <ele>77.9</ele>
    <time>2024-07-27T11:58:38Z</time>
   </trkpt>
   <trkpt lat="43.6443620" lon="-79.3667150">
    <ele>77.7</ele>
    <time>2024-07-27T11:58:39Z</time>
   </trkpt>
   <trkpt lat="43.6443470" lon="-79.3667420">
    <ele>77.6</ele>
    <time>2024-07-27T11:58:40Z</time>
   </trkpt>
   <trkpt lat="43.6441940" lon="-79.3668790">
    <ele>77.1</ele>
    <time>2024-07-27T11:58:41Z</time>
   </trkpt>
   <trkpt lat="43.6441830" lon="-79.3669220">
    <ele>77.1</ele>
    <time>2024-07-27T11:58:42Z</time>
   </trkpt>
   <trkpt lat="43.6441680" lon="-79.3670030">
    <ele>77.2</ele>
    <time>2024-07-27T11:58:43Z</time>
   </trkpt>
   <trkpt lat="43.6441600" lon="-79.3670560">
    <ele>77.3</ele>
    <time>2024-07-27T11:58:44Z</time>
   </trkpt>
   <trkpt lat="43.6441530" lon="-79.3671270">
    <ele>77.3</ele>
    <time>2024-07-27T11:58:45Z</time>
   </trkpt>
   <trkpt lat="43.6441310" lon="-79.3671580">
    <ele>77.4</ele>
    <time>2024-07-27T11:58:46Z</time>
   </trkpt>
   <trkpt lat="43.6441150" lon="-79.3671750">
    <ele>77.3</ele>
    <time>2024-07-27T11:58:47Z</time>
   </trkpt>
   <trkpt lat="43.6440930" lon="-79.3672690">
    <ele>77.1</ele>
    <time>2024-07-27T11:58:48Z</time>
   </trkpt>
   <trkpt lat="43.6441160" lon="-79.3674180">
    <ele>76.8</ele>
    <time>2024-07-27T11:58:49Z</time>
   </trkpt>
   <trkpt lat="43.6441140" lon="-79.3674830">
    <ele>76.6</ele>
    <time>2024-07-27T11:58:50Z</time>
   </trkpt>
   <trkpt lat="43.6442060" lon="-79.3677860">
    <ele>76.8</ele>
    <time>2024-07-27T11:58:51Z</time>
   </trkpt>
   <trkpt lat="43.6442330" lon="-79.3678850">
    <ele>77.0</ele>
    <time>2024-07-27T11:58:52Z</time>
   </trkpt>
   <trkpt lat="43.6442220" lon="-79.3679150">
    <ele>77.0</ele>
    <time>2024-07-27T11:58:53Z</time>
   </trkpt>
   <trkpt lat="43.6442110" lon="-79.3679230">
    <ele>76.9</ele>
    <time>2024-07-27T11:58:54Z</time>
   </trkpt>
   <trkpt lat="43.6441750" lon="-79.3679310">
    <ele>76.9</ele>
    <time>2024-07-27T11:58:55Z</time>
   </trkpt>
   <trkpt lat="43.6441330" lon="-79.3679380">
    <ele>76.8</ele>
    <time>2024-07-27T11:58:56Z</time>
   </trkpt>
   <trkpt lat="43.6441160" lon="-79.3679610">
    <ele>76.8</ele>
    <time>2024-07-27T11:58:57Z</time>
   </trkpt>
   <trkpt lat="43.6441040" lon="-79.3679690">
    <ele>76.9</ele>
    <time>2024-07-27T11:58:58Z</time>
   </trkpt>
   <trkpt lat="43.6440930" lon="-79.3679780">
    <ele>76.9</ele>
    <time>2024-07-27T11:58:59Z</time>
   </trkpt>
   <trkpt lat="43.6440820" lon="-79.3679860">
    <ele>76.9</ele>
    <time>2024-07-27T11:59:00Z</time>
   </trkpt>
   <trkpt lat="43.6440630" lon="-79.3679860">
    <ele>77.0</ele>
    <time>2024-07-27T11:59:01Z</time>
   </trkpt>
   <trkpt lat="43.6440530" lon="-79.3679880">
    <ele>77.0</ele>
    <time>2024-07-27T11:59:02Z</time>
   </trkpt>
   <trkpt lat="43.6440430" lon="-79.3679900">
    <ele>77.1</ele>
    <time>2024-07-27T11:59:03Z</time>
   </trkpt>
   <trkpt lat="43.6440510" lon="-79.3679910">
    <ele>77.1</ele>
    <time>2024-07-27T11:59:04Z</time>
   </trkpt>
   <trkpt lat="43.6440530" lon="-79.3680050">
    <ele>77.2</ele>
    <time>2024-07-27T11:59:05Z</time>
   </trkpt>
   <trkpt lat="43.6440550" lon="-79.3680140">
    <ele>77.2</ele>
    <time>2024-07-27T11:59:06Z</time>
   </trkpt>
   <trkpt lat="43.6440560" lon="-79.3680150">
    <ele>77.3</ele>
    <time>2024-07-27T11:59:07Z</time>
   </trkpt>
   <trkpt lat="43.6440630" lon="-79.3680130">
    <ele>77.3</ele>
    <time>2024-07-27T11:59:08Z</time>
   </trkpt>
   <trkpt lat="43.6440620" lon="-79.3680210">
    <ele>77.3</ele>
    <time>2024-07-27T11:59:09Z</time>
   </trkpt>
   <trkpt lat="43.6440640" lon="-79.3680350">
    <ele>77.4</ele>
    <time>2024-07-27T11:59:10Z</time>
   </trkpt>
   <trkpt lat="43.6440690" lon="-79.3680580">
    <ele>77.4</ele>
    <time>2024-07-27T11:59:11Z</time>
   </trkpt>
   <trkpt lat="43.6440810" lon="-79.3680800">
    <ele>77.5</ele>
    <time>2024-07-27T11:59:12Z</time>
   </trkpt>
   <trkpt lat="43.6440900" lon="-79.3680990">
    <ele>77.5</ele>
    <time>2024-07-27T11:59:13Z</time>
   </trkpt>
   <trkpt lat="43.6441240" lon="-79.3681320">
    <ele>77.6</ele>
    <time>2024-07-27T11:59:14Z</time>
   </trkpt>
   <trkpt lat="43.6441530" lon="-79.3681690">
    <ele>77.7</ele>
    <time>2024-07-27T11:59:15Z</time>
   </trkpt>
   <trkpt lat="43.6441840" lon="-79.3682150">
    <ele>77.9</ele>
    <time>2024-07-27T11:59:16Z</time>
   </trkpt>
   <trkpt lat="43.6442230" lon="-79.3682960">
    <ele>78.0</ele>
    <time>2024-07-27T11:59:17Z</time>
   </trkpt>
   <trkpt lat="43.6442380" lon="-79.3683420">
    <ele>78.0</ele>
    <time>2024-07-27T11:59:18Z</time>
   </trkpt>
   <trkpt lat="43.6442250" lon="-79.3683870">
    <ele>78.0</ele>
    <time>2024-07-27T11:59:19Z</time>
   </trkpt>
   <trkpt lat="43.6442090" lon="-79.3684390">
    <ele>78.0</ele>
    <time>2024-07-27T11:59:20Z</time>
   </trkpt>
   <trkpt lat="43.6442030" lon="-79.3684610">
    <ele>78.0</ele>
    <time>2024-07-27T11:59:21Z</time>
   </trkpt>
   <trkpt lat="43.6441870" lon="-79.3685120">
    <ele>78.0</ele>
    <time>2024-07-27T11:59:22Z</time>
   </trkpt>
   <trkpt lat="43.6441800" lon="-79.3685300">
    <ele>78.0</ele>
    <time>2024-07-27T11:59:23Z</time>
   </trkpt>
   <trkpt lat="43.6441710" lon="-79.3685770">
    <ele>78.0</ele>
    <time>2024-07-27T11:59:24Z</time>
   </trkpt>
   <trkpt lat="43.6441660" lon="-79.3685910">
    <ele>78.0</ele>
    <time>2024-07-27T11:59:25Z</time>
   </trkpt>
   <trkpt lat="43.6441500" lon="-79.3686350">
    <ele>78.0</ele>
    <time>2024-07-27T11:59:26Z</time>
   </trkpt>
   <trkpt lat="43.6441450" lon="-79.3686500">
    <ele>78.0</ele>
    <time>2024-07-27T11:59:27Z</time>
   </trkpt>
   <trkpt lat="43.6441450" lon="-79.3686630">
    <ele>78.0</ele>
    <time>2024-07-27T11:59:28Z</time>
   </trkpt>
   <trkpt lat="43.6441310" lon="-79.3686900">
    <ele>78.0</ele>
    <time>2024-07-27T11:59:29Z</time>
   </trkpt>
   <trkpt lat="43.6441140" lon="-79.3687250">
    <ele>78.0</ele>
    <time>2024-07-27T11:59:30Z</time>
   </trkpt>
   <trkpt lat="43.6440920" lon="-79.3687730">
    <ele>78.0</ele>
    <time>2024-07-27T11:59:31Z</time>
   </trkpt>
   <trkpt lat="43.6440810" lon="-79.3688080">
    <ele>78.0</ele>
    <time>2024-07-27T11:59:32Z</time>
   </trkpt>
   <trkpt lat="43.6440690" lon="-79.3688510">
    <ele>78.0</ele>
    <time>2024-07-27T11:59:33Z</time>
   </trkpt>
   <trkpt lat="43.6440660" lon="-79.3688650">
    <ele>78.0</ele>
    <time>2024-07-27T11:59:34Z</time>
   </trkpt>
   <trkpt lat="43.6440460" lon="-79.3689010">
    <ele>78.0</ele>
    <time>2024-07-27T11:59:35Z</time>
   </trkpt>
   <trkpt lat="43.6440310" lon="-79.3689410">
    <ele>78.0</ele>
    <time>2024-07-27T11:59:36Z</time>
   </trkpt>
   <trkpt lat="43.6440260" lon="-79.3689600">
    <ele>78.0</ele>
    <time>2024-07-27T11:59:37Z</time>
   </trkpt>
   <trkpt lat="43.6440150" lon="-79.3690410">
    <ele>78.0</ele>
    <time>2024-07-27T11:59:38Z</time>
   </trkpt>
   <trkpt lat="43.6440210" lon="-79.3690850">
    <ele>78.0</ele>
    <time>2024-07-27T11:59:39Z</time>
   </trkpt>
   <trkpt lat="43.6440100" lon="-79.3691230">
    <ele>78.0</ele>
    <time>2024-07-27T11:59:40Z</time>
   </trkpt>
   <trkpt lat="43.6439940" lon="-79.3691540">
    <ele>78.0</ele>
    <time>2024-07-27T11:59:41Z</time>
   </trkpt>
   <trkpt lat="43.6439980" lon="-79.3691750">
    <ele>78.0</ele>
    <time>2024-07-27T11:59:42Z</time>
   </trkpt>
   <trkpt lat="43.6439910" lon="-79.3691970">
    <ele>78.0</ele>
    <time>2024-07-27T11:59:43Z</time>
   </trkpt>
   <trkpt lat="43.6439660" lon="-79.3692380">
    <ele>78.0</ele>
    <time>2024-07-27T11:59:44Z</time>
   </trkpt>
   <trkpt lat="43.6439580" lon="-79.3692730">
    <ele>78.0</ele>
    <time>2024-07-27T11:59:45Z</time>
   </trkpt>
   <trkpt lat="43.6439370" lon="-79.3693180">
    <ele>78.0</ele>
    <time>2024-07-27T11:59:46Z</time>
   </trkpt>
   <trkpt lat="43.6439280" lon="-79.3693790">
    <ele>78.0</ele>
    <time>2024-07-27T11:59:47Z</time>
   </trkpt>
   <trkpt lat="43.6439280" lon="-79.3694120">
    <ele>78.0</ele>
    <time>2024-07-27T11:59:48Z</time>
   </trkpt>
   <trkpt lat="43.6439300" lon="-79.3694290">
    <ele>78.0</ele>
    <time>2024-07-27T11:59:49Z</time>
   </trkpt>
   <trkpt lat="43.6439080" lon="-79.3694510">
    <ele>78.0</ele>
    <time>2024-07-27T11:59:50Z</time>
   </trkpt>
   <trkpt lat="43.6438920" lon="-79.3694980">
    <ele>78.0</ele>
    <time>2024-07-27T11:59:51Z</time>
   </trkpt>
   <trkpt lat="43.6438900" lon="-79.3695150">
    <ele>78.0</ele>
    <time>2024-07-27T11:59:52Z</time>
   </trkpt>
   <trkpt lat="43.6438960" lon="-79.3695530">
    <ele>78.0</ele>
    <time>2024-07-27T11:59:53Z</time>
   </trkpt>
   <trkpt lat="43.6438970" lon="-79.3695660">
    <ele>78.0</ele>
    <time>2024-07-27T11:59:54Z</time>
   </trkpt>
   <trkpt lat="43.6438970" lon="-79.3695620">
    <ele>78.0</ele>
    <time>2024-07-27T11:59:55Z</time>
   </trkpt>
   <trkpt lat="43.6438670" lon="-79.3695870">
    <ele>78.0</ele>
    <time>2024-07-27T11:59:56Z</time>
   </trkpt>
   <trkpt lat="43.6438520" lon="-79.3696200">
    <ele>78.0</ele>
    <time>2024-07-27T11:59:57Z</time>
   </trkpt>
   <trkpt lat="43.6438340" lon="-79.3696500">
    <ele>78.0</ele>
    <time>2024-07-27T11:59:58Z</time>
   </trkpt>
   <trkpt lat="43.6438360" lon="-79.3696690">
    <ele>78.0</ele>
    <time>2024-07-27T11:59:59Z</time>
   </trkpt>
   <trkpt lat="43.6438270" lon="-79.3696980">
    <ele>78.0</ele>
    <time>2024-07-27T12:00:00Z</time>
   </trkpt>
   <trkpt lat="43.6438230" lon="-79.3697560">
    <ele>78.0</ele>
    <time>2024-07-27T12:00:01Z</time>
   </trkpt>
   <trkpt lat="43.6438080" lon="-79.3697960">
    <ele>78.0</ele>
    <time>2024-07-27T12:00:02Z</time>
   </trkpt>
   <trkpt lat="43.6438090" lon="-79.3698060">
    <ele>78.0</ele>
    <time>2024-07-27T12:00:03Z</time>
   </trkpt>
   <trkpt lat="43.6438110" lon="-79.3698150">
    <ele>78.0</ele>
    <time>2024-07-27T12:00:04Z</time>
   </trkpt>
   <trkpt lat="43.6438240" lon="-79.3698160">
    <ele>78.0</ele>
    <time>2024-07-27T12:00:05Z</time>
   </trkpt>
   <trkpt lat="43.6438390" lon="-79.3698170">
    <ele>78.0</ele>
    <time>2024-07-27T12:00:06Z</time>
   </trkpt>
   <trkpt lat="43.6438410" lon="-79.3698480">
    <ele>78.0</ele>
    <time>2024-07-27T12:00:07Z</time>
   </trkpt>
   <trkpt lat="43.6438550" lon="-79.3698600">
    <ele>78.0</ele>
    <time>2024-07-27T12:00:08Z</time>
   </trkpt>
   <trkpt lat="43.6438110" lon="-79.3698850">
    <ele>78.0</ele>
    <time>2024-07-27T12:00:09Z</time>
   </trkpt>
   <trkpt lat="43.6437720" lon="-79.3699010">
    <ele>78.0</ele>
    <time>2024-07-27T12:00:10Z</time>
   </trkpt>
   <trkpt lat="43.6437260" lon="-79.3699240">
    <ele>78.0</ele>
    <time>2024-07-27T12:00:11Z</time>
   </trkpt>
   <trkpt lat="43.6436560" lon="-79.3699560">
    <ele>78.0</ele>
    <time>2024-07-27T12:00:12Z</time>
   </trkpt>
   <trkpt lat="43.6436640" lon="-79.3699610">
    <ele>78.0</ele>
    <time>2024-07-27T12:00:13Z</time>
   </trkpt>
   <trkpt lat="43.6436710" lon="-79.3699720">
    <ele>78.0</ele>
    <time>2024-07-27T12:00:14Z</time>
   </trkpt>
   <trkpt lat="43.6436780" lon="-79.3699820">
    <ele>78.0</ele>
    <time>2024-07-27T12:00:15Z</time>
   </trkpt>
   <trkpt lat="43.6436850" lon="-79.3699920">
    <ele>78.0</ele>
    <time>2024-07-27T12:00:16Z</time>
   </trkpt>
   <trkpt lat="43.6437040" lon="-79.3700220">
    <ele>78.0</ele>
    <time>2024-07-27T12:00:17Z</time>
   </trkpt>
   <trkpt lat="43.6437130" lon="-79.3700430">
    <ele>78.0</ele>
    <time>2024-07-27T12:00:18Z</time>
   </trkpt>
   <trkpt lat="43.6436930" lon="-79.3700900">
    <ele>78.0</ele>
    <time>2024-07-27T12:00:19Z</time>
   </trkpt>
   <trkpt lat="43.6436660" lon="-79.3701140">
    <ele>77.9</ele>
    <time>2024-07-27T12:00:20Z</time>
   </trkpt>
   <trkpt lat="43.6436370" lon="-79.3701710">
    <ele>77.9</ele>
    <time>2024-07-27T12:00:21Z</time>
   </trkpt>
   <trkpt lat="43.6436210" lon="-79.3701990">
    <ele>77.9</ele>
    <time>2024-07-27T12:00:22Z</time>
   </trkpt>
   <trkpt lat="43.6436040" lon="-79.3702610">
    <ele>77.9</ele>
    <time>2024-07-27T12:00:23Z</time>
   </trkpt>
   <trkpt lat="43.6436200" lon="-79.3702820">
    <ele>77.9</ele>
    <time>2024-07-27T12:00:24Z</time>
   </trkpt>
   <trkpt lat="43.6436030" lon="-79.3703060">
    <ele>77.9</ele>
    <time>2024-07-27T12:00:25Z</time>
   </trkpt>
   <trkpt lat="43.6436020" lon="-79.3703220">
    <ele>77.9</ele>
    <time>2024-07-27T12:00:26Z</time>
   </trkpt>
   <trkpt lat="43.6436080" lon="-79.3703480">
    <ele>77.9</ele>
    <time>2024-07-27T12:00:27Z</time>
   </trkpt>
   <trkpt lat="43.6436200" lon="-79.3703730">
    <ele>77.9</ele>
    <time>2024-07-27T12:00:28Z</time>
   </trkpt>
   <trkpt lat="43.6436300" lon="-79.3703920">
    <ele>77.9</ele>
    <time>2024-07-27T12:00:30Z</time>
   </trkpt>
   <trkpt lat="43.6436450" lon="-79.3704400">
    <ele>77.9</ele>
    <time>2024-07-27T12:00:31Z</time>
   </trkpt>
   <trkpt lat="43.6436490" lon="-79.3704610">
    <ele>77.9</ele>
    <time>2024-07-27T12:00:32Z</time>
   </trkpt>
   <trkpt lat="43.6436550" lon="-79.3705020">
    <ele>77.9</ele>
    <time>2024-07-27T12:00:33Z</time>
   </trkpt>
   <trkpt lat="43.6436420" lon="-79.3705380">
    <ele>77.9</ele>
    <time>2024-07-27T12:00:34Z</time>
   </trkpt>
   <trkpt lat="43.6436520" lon="-79.3705750">
    <ele>77.9</ele>
    <time>2024-07-27T12:00:35Z</time>
   </trkpt>
   <trkpt lat="43.6436700" lon="-79.3705780">
    <ele>77.9</ele>
    <time>2024-07-27T12:00:36Z</time>
   </trkpt>
   <trkpt lat="43.6436530" lon="-79.3706140">
    <ele>77.9</ele>
    <time>2024-07-27T12:00:37Z</time>
   </trkpt>
   <trkpt lat="43.6436310" lon="-79.3706620">
    <ele>77.9</ele>
    <time>2024-07-27T12:00:38Z</time>
   </trkpt>
   <trkpt lat="43.6436070" lon="-79.3706890">
    <ele>77.9</ele>
    <time>2024-07-27T12:00:39Z</time>
   </trkpt>
   <trkpt lat="43.6435800" lon="-79.3707270">
    <ele>77.9</ele>
    <time>2024-07-27T12:00:40Z</time>
   </trkpt>
   <trkpt lat="43.6435850" lon="-79.3707640">
    <ele>77.9</ele>
    <time>2024-07-27T12:00:41Z</time>
   </trkpt>
   <trkpt lat="43.6435530" lon="-79.3708160">
    <ele>77.9</ele>
    <time>2024-07-27T12:00:42Z</time>
   </trkpt>
   <trkpt lat="43.6435160" lon="-79.3708560">
    <ele>77.9</ele>
    <time>2024-07-27T12:00:43Z</time>
   </trkpt>
   <trkpt lat="43.6434980" lon="-79.3708980">
    <ele>77.9</ele>
    <time>2024-07-27T12:00:44Z</time>
   </trkpt>
   <trkpt lat="43.6434820" lon="-79.3709140">
    <ele>77.9</ele>
    <time>2024-07-27T12:00:45Z</time>
   </trkpt>
   <trkpt lat="43.6434590" lon="-79.3709610">
    <ele>77.9</ele>
    <time>2024-07-27T12:00:46Z</time>
   </trkpt>
   <trkpt lat="43.6434200" lon="-79.3709870">
    <ele>77.9</ele>
    <time>2024-07-27T12:00:47Z</time>
   </trkpt>
   <trkpt lat="43.6434060" lon="-79.3710240">
    <ele>77.9</ele>
    <time>2024-07-27T12:00:48Z</time>
   </trkpt>
   <trkpt lat="43.6433910" lon="-79.3710610">
    <ele>78.0</ele>
    <time>2024-07-27T12:00:49Z</time>
   </trkpt>
   <trkpt lat="43.6433850" lon="-79.3710730">
    <ele>78.0</ele>
    <time>2024-07-27T12:00:50Z</time>
   </trkpt>
   <trkpt lat="43.6433800" lon="-79.3711160">
    <ele>78.0</ele>
    <time>2024-07-27T12:00:51Z</time>
   </trkpt>
   <trkpt lat="43.6433620" lon="-79.3711600">
    <ele>78.0</ele>
    <time>2024-07-27T12:00:52Z</time>
   </trkpt>
   <trkpt lat="43.6433610" lon="-79.3711810">
    <ele>78.0</ele>
    <time>2024-07-27T12:00:53Z</time>
   </trkpt>
   <trkpt lat="43.6433320" lon="-79.3711990">
    <ele>78.0</ele>
    <time>2024-07-27T12:00:54Z</time>
   </trkpt>
   <trkpt lat="43.6433370" lon="-79.3712390">
    <ele>78.0</ele>
    <time>2024-07-27T12:00:55Z</time>
   </trkpt>
   <trkpt lat="43.6433260" lon="-79.3712760">
    <ele>78.0</ele>
    <time>2024-07-27T12:00:56Z</time>
   </trkpt>
   <trkpt lat="43.6433350" lon="-79.3713350">
    <ele>78.0</ele>
    <time>2024-07-27T12:00:57Z</time>
   </trkpt>
   <trkpt lat="43.6433190" lon="-79.3713710">
    <ele>78.0</ele>
    <time>2024-07-27T12:00:58Z</time>
   </trkpt>
   <trkpt lat="43.6433240" lon="-79.3713900">
    <ele>78.0</ele>
    <time>2024-07-27T12:00:59Z</time>
   </trkpt>
   <trkpt lat="43.6433160" lon="-79.3714010">
    <ele>78.0</ele>
    <time>2024-07-27T12:01:00Z</time>
   </trkpt>
   <trkpt lat="43.6432950" lon="-79.3713890">
    <ele>78.0</ele>
    <time>2024-07-27T12:01:01Z</time>
   </trkpt>
   <trkpt lat="43.6432740" lon="-79.3713760">
    <ele>78.0</ele>
    <time>2024-07-27T12:01:02Z</time>
   </trkpt>
   <trkpt lat="43.6432340" lon="-79.3713820">
    <ele>78.0</ele>
    <time>2024-07-27T12:01:03Z</time>
   </trkpt>
   <trkpt lat="43.6432180" lon="-79.3714160">
    <ele>78.0</ele>
    <time>2024-07-27T12:01:04Z</time>
   </trkpt>
   <trkpt lat="43.6432090" lon="-79.3714280">
    <ele>78.0</ele>
    <time>2024-07-27T12:01:05Z</time>
   </trkpt>
   <trkpt lat="43.6431990" lon="-79.3714390">
    <ele>78.0</ele>
    <time>2024-07-27T12:01:06Z</time>
   </trkpt>
   <trkpt lat="43.6431750" lon="-79.3714800">
    <ele>78.0</ele>
    <time>2024-07-27T12:01:07Z</time>
   </trkpt>
   <trkpt lat="43.6431580" lon="-79.3715070">
    <ele>78.0</ele>
    <time>2024-07-27T12:01:08Z</time>
   </trkpt>
   <trkpt lat="43.6431480" lon="-79.3715190">
    <ele>78.0</ele>
    <time>2024-07-27T12:01:09Z</time>
   </trkpt>
   <trkpt lat="43.6431260" lon="-79.3715520">
    <ele>78.0</ele>
    <time>2024-07-27T12:01:10Z</time>
   </trkpt>
   <trkpt lat="43.6431220" lon="-79.3715620">
    <ele>78.0</ele>
    <time>2024-07-27T12:01:11Z</time>
   </trkpt>
   <trkpt lat="43.6430980" lon="-79.3716030">
    <ele>78.0</ele>
    <time>2024-07-27T12:01:12Z</time>
   </trkpt>
   <trkpt lat="43.6430890" lon="-79.3716180">
    <ele>78.0</ele>
    <time>2024-07-27T12:01:13Z</time>
   </trkpt>
   <trkpt lat="43.6430770" lon="-79.3716590">
    <ele>78.0</ele>
    <time>2024-07-27T12:01:14Z</time>
   </trkpt>
   <trkpt lat="43.6430730" lon="-79.3716720">
    <ele>78.0</ele>
    <time>2024-07-27T12:01:15Z</time>
   </trkpt>
   <trkpt lat="43.6430660" lon="-79.3717150">
    <ele>78.0</ele>
    <time>2024-07-27T12:01:16Z</time>
   </trkpt>
   <trkpt lat="43.6430610" lon="-79.3717260">
    <ele>78.0</ele>
    <time>2024-07-27T12:01:17Z</time>
   </trkpt>
   <trkpt lat="43.6430460" lon="-79.3717730">
    <ele>78.0</ele>
    <time>2024-07-27T12:01:18Z</time>
   </trkpt>
   <trkpt lat="43.6430390" lon="-79.3717880">
    <ele>78.0</ele>
    <time>2024-07-27T12:01:19Z</time>
   </trkpt>
   <trkpt lat="43.6430240" lon="-79.3718270">
    <ele>78.0</ele>
    <time>2024-07-27T12:01:20Z</time>
   </trkpt>
   <trkpt lat="43.6430190" lon="-79.3718420">
    <ele>78.0</ele>
    <time>2024-07-27T12:01:21Z</time>
   </trkpt>
   <trkpt lat="43.6430060" lon="-79.3718850">
    <ele>78.0</ele>
    <time>2024-07-27T12:01:22Z</time>
   </trkpt>
   <trkpt lat="43.6430020" lon="-79.3719010">
    <ele>78.0</ele>
    <time>2024-07-27T12:01:23Z</time>
   </trkpt>
   <trkpt lat="43.6429900" lon="-79.3719180">
    <ele>78.0</ele>
    <time>2024-07-27T12:01:24Z</time>
   </trkpt>
   <trkpt lat="43.6429860" lon="-79.3719450">
    <ele>78.0</ele>
    <time>2024-07-27T12:01:25Z</time>
   </trkpt>
   <trkpt lat="43.6429650" lon="-79.3719860">
    <ele>77.9</ele>
    <time>2024-07-27T12:01:26Z</time>
   </trkpt>
   <trkpt lat="43.6429580" lon="-79.3720020">
    <ele>77.9</ele>
    <time>2024-07-27T12:01:27Z</time>
   </trkpt>
   <trkpt lat="43.6429400" lon="-79.3720460">
    <ele>77.9</ele>
    <time>2024-07-27T12:01:28Z</time>
   </trkpt>
   <trkpt lat="43.6429360" lon="-79.3720620">
    <ele>77.9</ele>
    <time>2024-07-27T12:01:29Z</time>
   </trkpt>
   <trkpt lat="43.6429110" lon="-79.3721010">
    <ele>77.9</ele>
    <time>2024-07-27T12:01:30Z</time>
   </trkpt>
   <trkpt lat="43.6429010" lon="-79.3721130">
    <ele>77.9</ele>
    <time>2024-07-27T12:01:31Z</time>
   </trkpt>
   <trkpt lat="43.6428790" lon="-79.3721550">
    <ele>77.9</ele>
    <time>2024-07-27T12:01:32Z</time>
   </trkpt>
   <trkpt lat="43.6428720" lon="-79.3721720">
    <ele>78.0</ele>
    <time>2024-07-27T12:01:33Z</time>
   </trkpt>
   <trkpt lat="43.6428530" lon="-79.3722270">
    <ele>78.0</ele>
    <time>2024-07-27T12:01:34Z</time>
   </trkpt>
   <trkpt lat="43.6428480" lon="-79.3722520">
    <ele>78.0</ele>
    <time>2024-07-27T12:01:35Z</time>
   </trkpt>
   <trkpt lat="43.6428350" lon="-79.3722780">
    <ele>78.0</ele>
    <time>2024-07-27T12:01:36Z</time>
   </trkpt>
   <trkpt lat="43.6428210" lon="-79.3723130">
    <ele>77.9</ele>
    <time>2024-07-27T12:01:37Z</time>
   </trkpt>
   <trkpt lat="43.6428170" lon="-79.3723230">
    <ele>77.9</ele>
    <time>2024-07-27T12:01:38Z</time>
   </trkpt>
   <trkpt lat="43.6428180" lon="-79.3723430">
    <ele>77.9</ele>
    <time>2024-07-27T12:01:39Z</time>
   </trkpt>
   <trkpt lat="43.6428090" lon="-79.3723690">
    <ele>77.9</ele>
    <time>2024-07-27T12:01:40Z</time>
   </trkpt>
   <trkpt lat="43.6427920" lon="-79.3724010">
    <ele>77.9</ele>
    <time>2024-07-27T12:01:41Z</time>
   </trkpt>
   <trkpt lat="43.6427840" lon="-79.3724520">
    <ele>77.9</ele>
    <time>2024-07-27T12:01:42Z</time>
   </trkpt>
   <trkpt lat="43.6427820" lon="-79.3724750">
    <ele>77.9</ele>
    <time>2024-07-27T12:01:43Z</time>
   </trkpt>
   <trkpt lat="43.6427740" lon="-79.3725120">
    <ele>77.9</ele>
    <time>2024-07-27T12:01:44Z</time>
   </trkpt>
   <trkpt lat="43.6427680" lon="-79.3725250">
    <ele>77.9</ele>
    <time>2024-07-27T12:01:45Z</time>
   </trkpt>
   <trkpt lat="43.6427550" lon="-79.3725600">
    <ele>77.9</ele>
    <time>2024-07-27T12:01:46Z</time>
   </trkpt>
   <trkpt lat="43.6427530" lon="-79.3725720">
    <ele>77.9</ele>
    <time>2024-07-27T12:01:47Z</time>
   </trkpt>
   <trkpt lat="43.6427360" lon="-79.3726180">
    <ele>77.9</ele>
    <time>2024-07-27T12:01:48Z</time>
   </trkpt>
   <trkpt lat="43.6427280" lon="-79.3726320">
    <ele>77.9</ele>
    <time>2024-07-27T12:01:49Z</time>
   </trkpt>
   <trkpt lat="43.6427140" lon="-79.3726680">
    <ele>77.9</ele>
    <time>2024-07-27T12:01:50Z</time>
   </trkpt>
   <trkpt lat="43.6427070" lon="-79.3726870">
    <ele>77.9</ele>
    <time>2024-07-27T12:01:51Z</time>
   </trkpt>
   <trkpt lat="43.6426980" lon="-79.3727370">
    <ele>77.9</ele>
    <time>2024-07-27T12:01:52Z</time>
   </trkpt>
   <trkpt lat="43.6426960" lon="-79.3727560">
    <ele>77.9</ele>
    <time>2024-07-27T12:01:53Z</time>
   </trkpt>
   <trkpt lat="43.6426850" lon="-79.3727940">
    <ele>77.9</ele>
    <time>2024-07-27T12:01:54Z</time>
   </trkpt>
   <trkpt lat="43.6426820" lon="-79.3728130">
    <ele>77.9</ele>
    <time>2024-07-27T12:01:55Z</time>
   </trkpt>
   <trkpt lat="43.6426670" lon="-79.3728600">
    <ele>78.0</ele>
    <time>2024-07-27T12:01:56Z</time>
   </trkpt>
   <trkpt lat="43.6426630" lon="-79.3728730">
    <ele>78.0</ele>
    <time>2024-07-27T12:01:57Z</time>
   </trkpt>
   <trkpt lat="43.6426590" lon="-79.3729120">
    <ele>78.0</ele>
    <time>2024-07-27T12:01:58Z</time>
   </trkpt>
   <trkpt lat="43.6426470" lon="-79.3729510">
    <ele>78.0</ele>
    <time>2024-07-27T12:01:59Z</time>
   </trkpt>
   <trkpt lat="43.6426190" lon="-79.3729950">
    <ele>78.0</ele>
    <time>2024-07-27T12:02:00Z</time>
   </trkpt>
   <trkpt lat="43.6426000" lon="-79.3730320">
    <ele>78.0</ele>
    <time>2024-07-27T12:02:01Z</time>
   </trkpt>
   <trkpt lat="43.6425960" lon="-79.3730710">
    <ele>78.0</ele>
    <time>2024-07-27T12:02:02Z</time>
   </trkpt>
   <trkpt lat="43.6425550" lon="-79.3731260">
    <ele>78.0</ele>
    <time>2024-07-27T12:02:03Z</time>
   </trkpt>
   <trkpt lat="43.6425480" lon="-79.3731590">
    <ele>78.0</ele>
    <time>2024-07-27T12:02:04Z</time>
   </trkpt>
   <trkpt lat="43.6425560" lon="-79.3731730">
    <ele>78.0</ele>
    <time>2024-07-27T12:02:05Z</time>
   </trkpt>
   <trkpt lat="43.6425520" lon="-79.3732000">
    <ele>78.0</ele>
    <time>2024-07-27T12:02:06Z</time>
   </trkpt>
   <trkpt lat="43.6425520" lon="-79.3732120">
    <ele>78.0</ele>
    <time>2024-07-27T12:02:07Z</time>
   </trkpt>
   <trkpt lat="43.6425720" lon="-79.3732240">
    <ele>78.0</ele>
    <time>2024-07-27T12:02:08Z</time>
   </trkpt>
   <trkpt lat="43.6425800" lon="-79.3732270">
    <ele>78.0</ele>
    <time>2024-07-27T12:02:09Z</time>
   </trkpt>
   <trkpt lat="43.6425880" lon="-79.3732300">
    <ele>78.0</ele>
    <time>2024-07-27T12:02:10Z</time>
   </trkpt>
   <trkpt lat="43.6425980" lon="-79.3732640">
    <ele>78.0</ele>
    <time>2024-07-27T12:02:11Z</time>
   </trkpt>
   <trkpt lat="43.6425970" lon="-79.3732780">
    <ele>78.0</ele>
    <time>2024-07-27T12:02:12Z</time>
   </trkpt>
   <trkpt lat="43.6425860" lon="-79.3733110">
    <ele>78.0</ele>
    <time>2024-07-27T12:02:13Z</time>
   </trkpt>
   <trkpt lat="43.6425800" lon="-79.3733230">
    <ele>78.0</ele>
    <time>2024-07-27T12:02:14Z</time>
   </trkpt>
   <trkpt lat="43.6425540" lon="-79.3733510">
    <ele>78.1</ele>
    <time>2024-07-27T12:02:15Z</time>
   </trkpt>
   <trkpt lat="43.6425360" lon="-79.3733800">
    <ele>78.1</ele>
    <time>2024-07-27T12:02:16Z</time>
   </trkpt>
   <trkpt lat="43.6425280" lon="-79.3733960">
    <ele>78.1</ele>
    <time>2024-07-27T12:02:17Z</time>
   </trkpt>
   <trkpt lat="43.6425270" lon="-79.3734190">
    <ele>78.1</ele>
    <time>2024-07-27T12:02:18Z</time>
   </trkpt>
   <trkpt lat="43.6425260" lon="-79.3734420">
    <ele>78.1</ele>
    <time>2024-07-27T12:02:19Z</time>
   </trkpt>
   <trkpt lat="43.6425120" lon="-79.3734790">
    <ele>78.1</ele>
    <time>2024-07-27T12:02:20Z</time>
   </trkpt>
   <trkpt lat="43.6424950" lon="-79.3735060">
    <ele>78.1</ele>
    <time>2024-07-27T12:02:21Z</time>
   </trkpt>
   <trkpt lat="43.6425020" lon="-79.3735220">
    <ele>78.1</ele>
    <time>2024-07-27T12:02:22Z</time>
   </trkpt>
   <trkpt lat="43.6425400" lon="-79.3734920">
    <ele>78.1</ele>
    <time>2024-07-27T12:02:23Z</time>
   </trkpt>
   <trkpt lat="43.6425590" lon="-79.3734810">
    <ele>78.1</ele>
    <time>2024-07-27T12:02:24Z</time>
   </trkpt>
   <trkpt lat="43.6426170" lon="-79.3735380">
    <ele>78.1</ele>
    <time>2024-07-27T12:02:25Z</time>
   </trkpt>
   <trkpt lat="43.6426310" lon="-79.3735530">
    <ele>78.1</ele>
    <time>2024-07-27T12:02:26Z</time>
   </trkpt>
   <trkpt lat="43.6426360" lon="-79.3735700">
    <ele>78.1</ele>
    <time>2024-07-27T12:02:27Z</time>
   </trkpt>
   <trkpt lat="43.6426470" lon="-79.3735910">
    <ele>78.1</ele>
    <time>2024-07-27T12:02:28Z</time>
   </trkpt>
   <trkpt lat="43.6426110" lon="-79.3735990">
    <ele>78.1</ele>
    <time>2024-07-27T12:02:29Z</time>
   </trkpt>
   <trkpt lat="43.6425960" lon="-79.3736320">
    <ele>78.1</ele>
    <time>2024-07-27T12:02:30Z</time>
   </trkpt>
   <trkpt lat="43.6425840" lon="-79.3736490">
    <ele>78.1</ele>
    <time>2024-07-27T12:02:31Z</time>
   </trkpt>
   <trkpt lat="43.6425730" lon="-79.3736660">
    <ele>78.1</ele>
    <time>2024-07-27T12:02:32Z</time>
   </trkpt>
   <trkpt lat="43.6425520" lon="-79.3736770">
    <ele>78.1</ele>
    <time>2024-07-27T12:02:33Z</time>
   </trkpt>
   <trkpt lat="43.6425600" lon="-79.3737000">
    <ele>78.1</ele>
    <time>2024-07-27T12:02:34Z</time>
   </trkpt>
   <trkpt lat="43.6425450" lon="-79.3737130">
    <ele>78.1</ele>
    <time>2024-07-27T12:02:36Z</time>
   </trkpt>
   <trkpt lat="43.6425340" lon="-79.3737290">
    <ele>78.1</ele>
    <time>2024-07-27T12:02:37Z</time>
   </trkpt>
   <trkpt lat="43.6425110" lon="-79.3737600">
    <ele>78.1</ele>
    <time>2024-07-27T12:02:38Z</time>
   </trkpt>
   <trkpt lat="43.6425040" lon="-79.3737680">
    <ele>78.1</ele>
    <time>2024-07-27T12:02:39Z</time>
   </trkpt>
   <trkpt lat="43.6424910" lon="-79.3738150">
    <ele>78.1</ele>
    <time>2024-07-27T12:02:40Z</time>
   </trkpt>
   <trkpt lat="43.6424860" lon="-79.3738320">
    <ele>78.1</ele>
    <time>2024-07-27T12:02:41Z</time>
   </trkpt>
   <trkpt lat="43.6424440" lon="-79.3738800">
    <ele>78.1</ele>
    <time>2024-07-27T12:02:42Z</time>
   </trkpt>
   <trkpt lat="43.6424120" lon="-79.3739200">
    <ele>78.1</ele>
    <time>2024-07-27T12:02:43Z</time>
   </trkpt>
   <trkpt lat="43.6424110" lon="-79.3739690">
    <ele>78.1</ele>
    <time>2024-07-27T12:02:44Z</time>
   </trkpt>
   <trkpt lat="43.6424060" lon="-79.3739860">
    <ele>78.1</ele>
    <time>2024-07-27T12:02:45Z</time>
   </trkpt>
   <trkpt lat="43.6423760" lon="-79.3740670">
    <ele>78.1</ele>
    <time>2024-07-27T12:02:46Z</time>
   </trkpt>
   <trkpt lat="43.6423720" lon="-79.3741060">
    <ele>78.1</ele>
    <time>2024-07-27T12:02:47Z</time>
   </trkpt>
   <trkpt lat="43.6423320" lon="-79.3741180">
    <ele>78.1</ele>
    <time>2024-07-27T12:02:48Z</time>
   </trkpt>
   <trkpt lat="43.6423050" lon="-79.3741780">
    <ele>78.1</ele>
    <time>2024-07-27T12:02:49Z</time>
   </trkpt>
   <trkpt lat="43.6422830" lon="-79.3742230">
    <ele>78.1</ele>
    <time>2024-07-27T12:02:50Z</time>
   </trkpt>
   <trkpt lat="43.6422620" lon="-79.3742640">
    <ele>78.1</ele>
    <time>2024-07-27T12:02:51Z</time>
   </trkpt>
   <trkpt lat="43.6422450" lon="-79.3742970">
    <ele>78.1</ele>
    <time>2024-07-27T12:02:52Z</time>
   </trkpt>
   <trkpt lat="43.6422280" lon="-79.3743310">
    <ele>78.1</ele>
    <time>2024-07-27T12:02:53Z</time>
   </trkpt>
   <trkpt lat="43.6422220" lon="-79.3743390">
    <ele>78.1</ele>
    <time>2024-07-27T12:02:54Z</time>
   </trkpt>
   <trkpt lat="43.6422050" lon="-79.3743660">
    <ele>78.1</ele>
    <time>2024-07-27T12:02:55Z</time>
   </trkpt>
   <trkpt lat="43.6421930" lon="-79.3743990">
    <ele>78.1</ele>
    <time>2024-07-27T12:02:56Z</time>
   </trkpt>
   <trkpt lat="43.6421820" lon="-79.3744130">
    <ele>78.1</ele>
    <time>2024-07-27T12:02:57Z</time>
   </trkpt>
   <trkpt lat="43.6421710" lon="-79.3744270">
    <ele>78.1</ele>
    <time>2024-07-27T12:02:58Z</time>
   </trkpt>
   <trkpt lat="43.6421470" lon="-79.3744660">
    <ele>78.1</ele>
    <time>2024-07-27T12:02:59Z</time>
   </trkpt>
   <trkpt lat="43.6421310" lon="-79.3744940">
    <ele>78.1</ele>
    <time>2024-07-27T12:03:00Z</time>
   </trkpt>
   <trkpt lat="43.6421140" lon="-79.3745210">
    <ele>78.1</ele>
    <time>2024-07-27T12:03:01Z</time>
   </trkpt>
   <trkpt lat="43.6420730" lon="-79.3745690">
    <ele>78.1</ele>
    <time>2024-07-27T12:03:02Z</time>
   </trkpt>
   <trkpt lat="43.6420660" lon="-79.3745720">
    <ele>78.1</ele>
    <time>2024-07-27T12:03:03Z</time>
   </trkpt>
   <trkpt lat="43.6420630" lon="-79.3745710">
    <ele>78.1</ele>
    <time>2024-07-27T12:03:04Z</time>
   </trkpt>
   <trkpt lat="43.6420540" lon="-79.3745750">
    <ele>78.1</ele>
    <time>2024-07-27T12:03:05Z</time>
   </trkpt>
   <trkpt lat="43.6420450" lon="-79.3746010">
    <ele>78.1</ele>
    <time>2024-07-27T12:03:06Z</time>
   </trkpt>
   <trkpt lat="43.6420410" lon="-79.3746600">
    <ele>78.1</ele>
    <time>2024-07-27T12:03:07Z</time>
   </trkpt>
   <trkpt lat="43.6420420" lon="-79.3746980">
    <ele>78.1</ele>
    <time>2024-07-27T12:03:08Z</time>
   </trkpt>
   <trkpt lat="43.6420390" lon="-79.3747000">
    <ele>78.1</ele>
    <time>2024-07-27T12:03:09Z</time>
   </trkpt>
   <trkpt lat="43.6420380" lon="-79.3747140">
    <ele>78.1</ele>
    <time>2024-07-27T12:03:10Z</time>
   </trkpt>
   <trkpt lat="43.6420360" lon="-79.3747280">
    <ele>78.1</ele>
    <time>2024-07-27T12:03:11Z</time>
   </trkpt>
   <trkpt lat="43.6420350" lon="-79.3747420">
    <ele>78.1</ele>
    <time>2024-07-27T12:03:12Z</time>
   </trkpt>
   <trkpt lat="43.6420340" lon="-79.3747560">
    <ele>78.1</ele>
    <time>2024-07-27T12:03:13Z</time>
   </trkpt>
   <trkpt lat="43.6420240" lon="-79.3747870">
    <ele>78.1</ele>
    <time>2024-07-27T12:03:14Z</time>
   </trkpt>
   <trkpt lat="43.6420220" lon="-79.3747930">
    <ele>78.1</ele>
    <time>2024-07-27T12:03:15Z</time>
   </trkpt>
   <trkpt lat="43.6420200" lon="-79.3747990">
    <ele>78.1</ele>
    <time>2024-07-27T12:03:16Z</time>
   </trkpt>
   <trkpt lat="43.6420180" lon="-79.3748050">
    <ele>78.1</ele>
    <time>2024-07-27T12:03:17Z</time>
   </trkpt>
   <trkpt lat="43.6419960" lon="-79.3748330">
    <ele>78.1</ele>
    <time>2024-07-27T12:03:18Z</time>
   </trkpt>
   <trkpt lat="43.6419760" lon="-79.3748480">
    <ele>78.1</ele>
    <time>2024-07-27T12:03:19Z</time>
   </trkpt>
   <trkpt lat="43.6419660" lon="-79.3748620">
    <ele>78.1</ele>
    <time>2024-07-27T12:03:20Z</time>
   </trkpt>
   <trkpt lat="43.6419570" lon="-79.3748760">
    <ele>78.1</ele>
    <time>2024-07-27T12:03:21Z</time>
   </trkpt>
   <trkpt lat="43.6419470" lon="-79.3748940">
    <ele>78.1</ele>
    <time>2024-07-27T12:03:22Z</time>
   </trkpt>
   <trkpt lat="43.6419410" lon="-79.3749060">
    <ele>78.1</ele>
    <time>2024-07-27T12:03:23Z</time>
   </trkpt>
   <trkpt lat="43.6419380" lon="-79.3749300">
    <ele>78.1</ele>
    <time>2024-07-27T12:03:24Z</time>
   </trkpt>
   <trkpt lat="43.6419330" lon="-79.3749440">
    <ele>78.1</ele>
    <time>2024-07-27T12:03:25Z</time>
   </trkpt>
   <trkpt lat="43.6419280" lon="-79.3749580">
    <ele>78.1</ele>
    <time>2024-07-27T12:03:26Z</time>
   </trkpt>
   <trkpt lat="43.6419240" lon="-79.3749710">
    <ele>78.1</ele>
    <time>2024-07-27T12:03:27Z</time>
   </trkpt>
   <trkpt lat="43.6419060" lon="-79.3750310">
    <ele>78.1</ele>
    <time>2024-07-27T12:03:28Z</time>
   </trkpt>
   <trkpt lat="43.6418940" lon="-79.3750610">
    <ele>78.1</ele>
    <time>2024-07-27T12:03:29Z</time>
   </trkpt>
   <trkpt lat="43.6419090" lon="-79.3750750">
    <ele>78.1</ele>
    <time>2024-07-27T12:03:30Z</time>
   </trkpt>
   <trkpt lat="43.6418990" lon="-79.3750980">
    <ele>78.1</ele>
    <time>2024-07-27T12:03:31Z</time>
   </trkpt>
   <trkpt lat="43.6418890" lon="-79.3751200">
    <ele>78.1</ele>
    <time>2024-07-27T12:03:32Z</time>
   </trkpt>
   <trkpt lat="43.6418910" lon="-79.3751440">
    <ele>78.0</ele>
    <time>2024-07-27T12:03:33Z</time>
   </trkpt>
   <trkpt lat="43.6418820" lon="-79.3751630">
    <ele>78.0</ele>
    <time>2024-07-27T12:03:34Z</time>
   </trkpt>
   <trkpt lat="43.6418650" lon="-79.3752050">
    <ele>78.0</ele>
    <time>2024-07-27T12:03:35Z</time>
   </trkpt>
   <trkpt lat="43.6418580" lon="-79.3752180">
    <ele>78.0</ele>
    <time>2024-07-27T12:03:36Z</time>
   </trkpt>
   <trkpt lat="43.6418540" lon="-79.3752630">
    <ele>78.0</ele>
    <time>2024-07-27T12:03:37Z</time>
   </trkpt>
   <trkpt lat="43.6418490" lon="-79.3752760">
    <ele>78.0</ele>
    <time>2024-07-27T12:03:38Z</time>
   </trkpt>
   <trkpt lat="43.6418420" lon="-79.3753150">
    <ele>78.0</ele>
    <time>2024-07-27T12:03:39Z</time>
   </trkpt>
   <trkpt lat="43.6418340" lon="-79.3753570">
    <ele>78.0</ele>
    <time>2024-07-27T12:03:40Z</time>
   </trkpt>
   <trkpt lat="43.6418330" lon="-79.3753660">
    <ele>78.0</ele>
    <time>2024-07-27T12:03:41Z</time>
   </trkpt>
   <trkpt lat="43.6418290" lon="-79.3753840">
    <ele>78.0</ele>
    <time>2024-07-27T12:03:42Z</time>
   </trkpt>
   <trkpt lat="43.6418210" lon="-79.3754060">
    <ele>78.0</ele>
    <time>2024-07-27T12:03:43Z</time>
   </trkpt>
   <trkpt lat="43.6417950" lon="-79.3754520">
    <ele>78.0</ele>
    <time>2024-07-27T12:03:44Z</time>
   </trkpt>
   <trkpt lat="43.6417760" lon="-79.3754940">
    <ele>78.0</ele>
    <time>2024-07-27T12:03:45Z</time>
   </trkpt>
   <trkpt lat="43.6417720" lon="-79.3755090">
    <ele>78.0</ele>
    <time>2024-07-27T12:03:46Z</time>
   </trkpt>
   <trkpt lat="43.6417600" lon="-79.3755520">
    <ele>78.0</ele>
    <time>2024-07-27T12:03:47Z</time>
   </trkpt>
   <trkpt lat="43.6417510" lon="-79.3755640">
    <ele>78.0</ele>
    <time>2024-07-27T12:03:48Z</time>
   </trkpt>
   <trkpt lat="43.6417300" lon="-79.3756030">
    <ele>78.0</ele>
    <time>2024-07-27T12:03:49Z</time>
   </trkpt>
   <trkpt lat="43.6417120" lon="-79.3756240">
    <ele>78.0</ele>
    <time>2024-07-27T12:03:50Z</time>
   </trkpt>
   <trkpt lat="43.6416930" lon="-79.3756560">
    <ele>77.9</ele>
    <time>2024-07-27T12:03:51Z</time>
   </trkpt>
   <trkpt lat="43.6416880" lon="-79.3756630">
    <ele>77.9</ele>
    <time>2024-07-27T12:03:52Z</time>
   </trkpt>
   <trkpt lat="43.6416750" lon="-79.3757130">
    <ele>77.9</ele>
    <time>2024-07-27T12:03:53Z</time>
   </trkpt>
   <trkpt lat="43.6416650" lon="-79.3757300">
    <ele>77.9</ele>
    <time>2024-07-27T12:03:54Z</time>
   </trkpt>
   <trkpt lat="43.6416690" lon="-79.3757780">
    <ele>77.9</ele>
    <time>2024-07-27T12:03:55Z</time>
   </trkpt>
   <trkpt lat="43.6416870" lon="-79.3758020">
    <ele>77.9</ele>
    <time>2024-07-27T12:03:56Z</time>
   </trkpt>
   <trkpt lat="43.6416830" lon="-79.3758500">
    <ele>77.9</ele>
    <time>2024-07-27T12:03:57Z</time>
   </trkpt>
   <trkpt lat="43.6416810" lon="-79.3758660">
    <ele>77.9</ele>
    <time>2024-07-27T12:03:58Z</time>
   </trkpt>
   <trkpt lat="43.6416740" lon="-79.3758820">
    <ele>77.9</ele>
    <time>2024-07-27T12:03:59Z</time>
   </trkpt>
   <trkpt lat="43.6416840" lon="-79.3759010">
    <ele>77.9</ele>
    <time>2024-07-27T12:04:00Z</time>
   </trkpt>
   <trkpt lat="43.6417110" lon="-79.3758850">
    <ele>77.9</ele>
    <time>2024-07-27T12:04:01Z</time>
   </trkpt>
   <trkpt lat="43.6416540" lon="-79.3759450">
    <ele>77.9</ele>
    <time>2024-07-27T12:04:02Z</time>
   </trkpt>
   <trkpt lat="43.6416060" lon="-79.3759980">
    <ele>77.9</ele>
    <time>2024-07-27T12:04:03Z</time>
   </trkpt>
   <trkpt lat="43.6415570" lon="-79.3760520">
    <ele>77.9</ele>
    <time>2024-07-27T12:04:04Z</time>
   </trkpt>
   <trkpt lat="43.6415570" lon="-79.3761000">
    <ele>78.0</ele>
    <time>2024-07-27T12:04:05Z</time>
   </trkpt>
   <trkpt lat="43.6415610" lon="-79.3761160">
    <ele>78.0</ele>
    <time>2024-07-27T12:04:06Z</time>
   </trkpt>
   <trkpt lat="43.6415500" lon="-79.3761780">
    <ele>78.0</ele>
    <time>2024-07-27T12:04:07Z</time>
   </trkpt>
   <trkpt lat="43.6415430" lon="-79.3762150">
    <ele>78.0</ele>
    <time>2024-07-27T12:04:08Z</time>
   </trkpt>
   <trkpt lat="43.6415320" lon="-79.3762570">
    <ele>78.0</ele>
    <time>2024-07-27T12:04:09Z</time>
   </trkpt>
   <trkpt lat="43.6415390" lon="-79.3762560">
    <ele>78.0</ele>
    <time>2024-07-27T12:04:10Z</time>
   </trkpt>
   <trkpt lat="43.6415400" lon="-79.3762700">
    <ele>78.0</ele>
    <time>2024-07-27T12:04:11Z</time>
   </trkpt>
   <trkpt lat="43.6415420" lon="-79.3762830">
    <ele>78.0</ele>
    <time>2024-07-27T12:04:12Z</time>
   </trkpt>
   <trkpt lat="43.6415430" lon="-79.3762970">
    <ele>78.0</ele>
    <time>2024-07-27T12:04:13Z</time>
   </trkpt>
   <trkpt lat="43.6415450" lon="-79.3763100">
    <ele>78.0</ele>
    <time>2024-07-27T12:04:14Z</time>
   </trkpt>
   <trkpt lat="43.6415390" lon="-79.3763600">
    <ele>78.0</ele>
    <time>2024-07-27T12:04:15Z</time>
   </trkpt>
   <trkpt lat="43.6415340" lon="-79.3764000">
    <ele>78.0</ele>
    <time>2024-07-27T12:04:16Z</time>
   </trkpt>
   <trkpt lat="43.6415270" lon="-79.3764420">
    <ele>78.0</ele>
    <time>2024-07-27T12:04:17Z</time>
   </trkpt>
   <trkpt lat="43.6414750" lon="-79.3764840">
    <ele>78.0</ele>
    <time>2024-07-27T12:04:18Z</time>
   </trkpt>
   <trkpt lat="43.6414300" lon="-79.3765130">
    <ele>78.0</ele>
    <time>2024-07-27T12:04:19Z</time>
   </trkpt>
   <trkpt lat="43.6413930" lon="-79.3765280">
    <ele>78.0</ele>
    <time>2024-07-27T12:04:20Z</time>
   </trkpt>
   <trkpt lat="43.6413690" lon="-79.3765770">
    <ele>78.0</ele>
    <time>2024-07-27T12:04:21Z</time>
   </trkpt>
   <trkpt lat="43.6413460" lon="-79.3766230">
    <ele>78.0</ele>
    <time>2024-07-27T12:04:22Z</time>
   </trkpt>
   <trkpt lat="43.6413120" lon="-79.3766340">
    <ele>78.0</ele>
    <time>2024-07-27T12:04:23Z</time>
   </trkpt>
   <trkpt lat="43.6413390" lon="-79.3766710">
    <ele>78.0</ele>
    <time>2024-07-27T12:04:24Z</time>
   </trkpt>
   <trkpt lat="43.6413150" lon="-79.3767330">
    <ele>78.0</ele>
    <time>2024-07-27T12:04:25Z</time>
   </trkpt>
   <trkpt lat="43.6412810" lon="-79.3767840">
    <ele>78.0</ele>
    <time>2024-07-27T12:04:26Z</time>
   </trkpt>
   <trkpt lat="43.6412840" lon="-79.3768120">
    <ele>78.0</ele>
    <time>2024-07-27T12:04:27Z</time>
   </trkpt>
   <trkpt lat="43.6413000" lon="-79.3768030">
    <ele>78.1</ele>
    <time>2024-07-27T12:04:28Z</time>
   </trkpt>
   <trkpt lat="43.6413050" lon="-79.3768040">
    <ele>78.1</ele>
    <time>2024-07-27T12:04:29Z</time>
   </trkpt>
   <trkpt lat="43.6413000" lon="-79.3768100">
    <ele>78.1</ele>
    <time>2024-07-27T12:04:30Z</time>
   </trkpt>
   <trkpt lat="43.6413010" lon="-79.3768130">
    <ele>78.1</ele>
    <time>2024-07-27T12:04:31Z</time>
   </trkpt>
   <trkpt lat="43.6413000" lon="-79.3768140">
    <ele>78.1</ele>
    <time>2024-07-27T12:04:32Z</time>
   </trkpt>
   <trkpt lat="43.6412980" lon="-79.3768110">
    <ele>78.1</ele>
    <time>2024-07-27T12:04:33Z</time>
   </trkpt>
   <trkpt lat="43.6412980" lon="-79.3768100">
    <ele>78.1</ele>
    <time>2024-07-27T12:04:34Z</time>
   </trkpt>
   <trkpt lat="43.6413000" lon="-79.3767950">
    <ele>78.1</ele>
    <time>2024-07-27T12:04:35Z</time>
   </trkpt>
   <trkpt lat="43.6413090" lon="-79.3767890">
    <ele>78.1</ele>
    <time>2024-07-27T12:04:36Z</time>
   </trkpt>
   <trkpt lat="43.6413090" lon="-79.3767890">
    <ele>78.1</ele>
    <time>2024-07-27T12:04:37Z</time>
   </trkpt>
   <trkpt lat="43.6413320" lon="-79.3767790">
    <ele>78.1</ele>
    <time>2024-07-27T12:04:38Z</time>
   </trkpt>
   <trkpt lat="43.6413320" lon="-79.3767790">
    <ele>78.1</ele>
    <time>2024-07-27T12:04:39Z</time>
   </trkpt>
   <trkpt lat="43.6413350" lon="-79.3768270">
    <ele>78.1</ele>
    <time>2024-07-27T12:04:40Z</time>
   </trkpt>
   <trkpt lat="43.6413420" lon="-79.3768390">
    <ele>78.1</ele>
    <time>2024-07-27T12:04:41Z</time>
   </trkpt>
   <trkpt lat="43.6413250" lon="-79.3768210">
    <ele>78.1</ele>
    <time>2024-07-27T12:04:42Z</time>
   </trkpt>
   <trkpt lat="43.6413230" lon="-79.3768190">
    <ele>78.1</ele>
    <time>2024-07-27T12:04:43Z</time>
   </trkpt>
   <trkpt lat="43.6413270" lon="-79.3768120">
    <ele>78.1</ele>
    <time>2024-07-27T12:04:44Z</time>
   </trkpt>
   <trkpt lat="43.6413260" lon="-79.3768090">
    <ele>78.1</ele>
    <time>2024-07-27T12:04:45Z</time>
   </trkpt>
   <trkpt lat="43.6413110" lon="-79.3768450">
    <ele>78.1</ele>
    <time>2024-07-27T12:04:46Z</time>
   </trkpt>
   <trkpt lat="43.6413110" lon="-79.3768450">
    <ele>78.1</ele>
    <time>2024-07-27T12:04:47Z</time>
   </trkpt>
   <trkpt lat="43.6413160" lon="-79.3768340">
    <ele>78.1</ele>
    <time>2024-07-27T12:04:48Z</time>
   </trkpt>
   <trkpt lat="43.6413170" lon="-79.3768300">
    <ele>78.1</ele>
    <time>2024-07-27T12:04:49Z</time>
   </trkpt>
   <trkpt lat="43.6413170" lon="-79.3768300">
    <ele>78.1</ele>
    <time>2024-07-27T12:04:50Z</time>
   </trkpt>
   <trkpt lat="43.6413170" lon="-79.3768300">
    <ele>78.1</ele>
    <time>2024-07-27T12:04:51Z</time>
   </trkpt>
   <trkpt lat="43.6413170" lon="-79.3768300">
    <ele>78.1</ele>
    <time>2024-07-27T12:04:52Z</time>
   </trkpt>
   <trkpt lat="43.6413170" lon="-79.3768300">
    <ele>78.1</ele>
    <time>2024-07-27T12:04:53Z</time>
   </trkpt>
   <trkpt lat="43.6413100" lon="-79.3767980">
    <ele>78.1</ele>
    <time>2024-07-27T12:04:54Z</time>
   </trkpt>
   <trkpt lat="43.6413040" lon="-79.3768050">
    <ele>78.1</ele>
    <time>2024-07-27T12:04:55Z</time>
   </trkpt>
   <trkpt lat="43.6413090" lon="-79.3767970">
    <ele>78.1</ele>
    <time>2024-07-27T12:04:56Z</time>
   </trkpt>
   <trkpt lat="43.6413090" lon="-79.3767970">
    <ele>78.1</ele>
    <time>2024-07-27T12:04:57Z</time>
   </trkpt>
   <trkpt lat="43.6413090" lon="-79.3767970">
    <ele>78.1</ele>
    <time>2024-07-27T12:04:58Z</time>
   </trkpt>
   <trkpt lat="43.6413000" lon="-79.3768030">
    <ele>78.1</ele>
    <time>2024-07-27T12:04:59Z</time>
   </trkpt>
   <trkpt lat="43.6412990" lon="-79.3768070">
    <ele>78.1</ele>
    <time>2024-07-27T12:05:00Z</time>
   </trkpt>
   <trkpt lat="43.6412950" lon="-79.3768320">
    <ele>78.1</ele>
    <time>2024-07-27T12:05:01Z</time>
   </trkpt>
   <trkpt lat="43.6412790" lon="-79.3768470">
    <ele>78.1</ele>
    <time>2024-07-27T12:05:02Z</time>
   </trkpt>
   <trkpt lat="43.6412740" lon="-79.3768640">
    <ele>78.1</ele>
    <time>2024-07-27T12:05:03Z</time>
   </trkpt>
   <trkpt lat="43.6412510" lon="-79.3769190">
    <ele>78.1</ele>
    <time>2024-07-27T12:05:04Z</time>
   </trkpt>
   <trkpt lat="43.6412460" lon="-79.3769610">
    <ele>78.1</ele>
    <time>2024-07-27T12:05:05Z</time>
   </trkpt>
   <trkpt lat="43.6412450" lon="-79.3769720">
    <ele>78.1</ele>
    <time>2024-07-27T12:05:06Z</time>
   </trkpt>
   <trkpt lat="43.6412530" lon="-79.3770090">
    <ele>78.1</ele>
    <time>2024-07-27T12:05:07Z</time>
   </trkpt>
   <trkpt lat="43.6412570" lon="-79.3770250">
    <ele>78.1</ele>
    <time>2024-07-27T12:05:08Z</time>
   </trkpt>
   <trkpt lat="43.6412620" lon="-79.3770370">
    <ele>78.1</ele>
    <time>2024-07-27T12:05:09Z</time>
   </trkpt>
   <trkpt lat="43.6412720" lon="-79.3770560">
    <ele>78.1</ele>
    <time>2024-07-27T12:05:10Z</time>
   </trkpt>
   <trkpt lat="43.6412780" lon="-79.3770750">
    <ele>78.1</ele>
    <time>2024-07-27T12:05:11Z</time>
   </trkpt>
   <trkpt lat="43.6412790" lon="-79.3770930">
    <ele>78.1</ele>
    <time>2024-07-27T12:05:12Z</time>
   </trkpt>
   <trkpt lat="43.6412790" lon="-79.3771240">
    <ele>78.1</ele>
    <time>2024-07-27T12:05:13Z</time>
   </trkpt>
   <trkpt lat="43.6412780" lon="-79.3771390">
    <ele>78.1</ele>
    <time>2024-07-27T12:05:14Z</time>
   </trkpt>
   <trkpt lat="43.6412760" lon="-79.3771550">
    <ele>78.1</ele>
    <time>2024-07-27T12:05:15Z</time>
   </trkpt>
   <trkpt lat="43.6412740" lon="-79.3772050">
    <ele>78.1</ele>
    <time>2024-07-27T12:05:16Z</time>
   </trkpt>
   <trkpt lat="43.6412670" lon="-79.3772300">
    <ele>78.1</ele>
    <time>2024-07-27T12:05:17Z</time>
   </trkpt>
   <trkpt lat="43.6412350" lon="-79.3772910">
    <ele>78.1</ele>
    <time>2024-07-27T12:05:18Z</time>
   </trkpt>
   <trkpt lat="43.6412180" lon="-79.3773450">
    <ele>78.1</ele>
    <time>2024-07-27T12:05:19Z</time>
   </trkpt>
   <trkpt lat="43.6412090" lon="-79.3773680">
    <ele>78.1</ele>
    <time>2024-07-27T12:05:20Z</time>
   </trkpt>
   <trkpt lat="43.6412010" lon="-79.3774090">
    <ele>78.1</ele>
    <time>2024-07-27T12:05:21Z</time>
   </trkpt>
   <trkpt lat="43.6411930" lon="-79.3774720">
    <ele>78.1</ele>
    <time>2024-07-27T12:05:22Z</time>
   </trkpt>
   <trkpt lat="43.6411910" lon="-79.3775290">
    <ele>78.1</ele>
    <time>2024-07-27T12:05:23Z</time>
   </trkpt>
   <trkpt lat="43.6411670" lon="-79.3775680">
    <ele>78.1</ele>
    <time>2024-07-27T12:05:24Z</time>
   </trkpt>
   <trkpt lat="43.6411560" lon="-79.3775860">
    <ele>78.1</ele>
    <time>2024-07-27T12:05:25Z</time>
   </trkpt>
   <trkpt lat="43.6411350" lon="-79.3776360">
    <ele>78.1</ele>
    <time>2024-07-27T12:05:26Z</time>
   </trkpt>
   <trkpt lat="43.6411510" lon="-79.3776700">
    <ele>78.1</ele>
    <time>2024-07-27T12:05:27Z</time>
   </trkpt>
   <trkpt lat="43.6411170" lon="-79.3776850">
    <ele>78.1</ele>
    <time>2024-07-27T12:05:28Z</time>
   </trkpt>
   <trkpt lat="43.6410920" lon="-79.3777090">
    <ele>78.1</ele>
    <time>2024-07-27T12:05:29Z</time>
   </trkpt>
   <trkpt lat="43.6410880" lon="-79.3777160">
    <ele>78.1</ele>
    <time>2024-07-27T12:05:30Z</time>
   </trkpt>
   <trkpt lat="43.6412070" lon="-79.3778830">
    <ele>77.5</ele>
    <time>2024-07-27T12:05:31Z</time>
   </trkpt>
   <trkpt lat="43.6411140" lon="-79.3778430">
    <ele>77.6</ele>
    <time>2024-07-27T12:05:32Z</time>
   </trkpt>
   <trkpt lat="43.6410590" lon="-79.3779060">
    <ele>77.9</ele>
    <time>2024-07-27T12:05:33Z</time>
   </trkpt>
   <trkpt lat="43.6409420" lon="-79.3779510">
    <ele>78.1</ele>
    <time>2024-07-27T12:05:34Z</time>
   </trkpt>
   <trkpt lat="43.6409110" lon="-79.3779680">
    <ele>78.1</ele>
    <time>2024-07-27T12:05:35Z</time>
   </trkpt>
   <trkpt lat="43.6408860" lon="-79.3780020">
    <ele>78.1</ele>
    <time>2024-07-27T12:05:36Z</time>
   </trkpt>
   <trkpt lat="43.6408960" lon="-79.3780450">
    <ele>78.1</ele>
    <time>2024-07-27T12:05:37Z</time>
   </trkpt>
   <trkpt lat="43.6408880" lon="-79.3780870">
    <ele>78.1</ele>
    <time>2024-07-27T12:05:38Z</time>
   </trkpt>
   <trkpt lat="43.6408760" lon="-79.3781110">
    <ele>78.1</ele>
    <time>2024-07-27T12:05:39Z</time>
   </trkpt>
   <trkpt lat="43.6408720" lon="-79.3781280">
    <ele>78.1</ele>
    <time>2024-07-27T12:05:40Z</time>
   </trkpt>
   <trkpt lat="43.6408660" lon="-79.3781480">
    <ele>78.1</ele>
    <time>2024-07-27T12:05:41Z</time>
   </trkpt>
   <trkpt lat="43.6408650" lon="-79.3781670">
    <ele>78.1</ele>
    <time>2024-07-27T12:05:42Z</time>
   </trkpt>
   <trkpt lat="43.6408670" lon="-79.3782080">
    <ele>78.1</ele>
    <time>2024-07-27T12:05:43Z</time>
   </trkpt>
   <trkpt lat="43.6408710" lon="-79.3782570">
    <ele>78.1</ele>
    <time>2024-07-27T12:05:44Z</time>
   </trkpt>
   <trkpt lat="43.6408710" lon="-79.3782700">
    <ele>78.1</ele>
    <time>2024-07-27T12:05:45Z</time>
   </trkpt>
   <trkpt lat="43.6408620" lon="-79.3783070">
    <ele>78.1</ele>
    <time>2024-07-27T12:05:46Z</time>
   </trkpt>
   <trkpt lat="43.6408590" lon="-79.3783210">
    <ele>78.1</ele>
    <time>2024-07-27T12:05:47Z</time>
   </trkpt>
   <trkpt lat="43.6408580" lon="-79.3783400">
    <ele>78.1</ele>
    <time>2024-07-27T12:05:48Z</time>
   </trkpt>
   <trkpt lat="43.6408540" lon="-79.3783630">
    <ele>78.1</ele>
    <time>2024-07-27T12:05:49Z</time>
   </trkpt>
   <trkpt lat="43.6408360" lon="-79.3784380">
    <ele>78.1</ele>
    <time>2024-07-27T12:05:50Z</time>
   </trkpt>
   <trkpt lat="43.6408270" lon="-79.3784800">
    <ele>78.1</ele>
    <time>2024-07-27T12:05:51Z</time>
   </trkpt>
   <trkpt lat="43.6408150" lon="-79.3785160">
    <ele>78.1</ele>
    <time>2024-07-27T12:05:52Z</time>
   </trkpt>
   <trkpt lat="43.6408010" lon="-79.3785660">
    <ele>78.1</ele>
    <time>2024-07-27T12:05:53Z</time>
   </trkpt>
   <trkpt lat="43.6407690" lon="-79.3785380">
    <ele>78.1</ele>
    <time>2024-07-27T12:05:54Z</time>
   </trkpt>
   <trkpt lat="43.6407480" lon="-79.3785750">
    <ele>78.1</ele>
    <time>2024-07-27T12:05:55Z</time>
   </trkpt>
   <trkpt lat="43.6407390" lon="-79.3786310">
    <ele>78.1</ele>
    <time>2024-07-27T12:05:56Z</time>
   </trkpt>
   <trkpt lat="43.6406920" lon="-79.3786630">
    <ele>78.1</ele>
    <time>2024-07-27T12:05:57Z</time>
   </trkpt>
   <trkpt lat="43.6406570" lon="-79.3786680">
    <ele>78.1</ele>
    <time>2024-07-27T12:05:58Z</time>
   </trkpt>
   <trkpt lat="43.6406850" lon="-79.3787130">
    <ele>78.1</ele>
    <time>2024-07-27T12:05:59Z</time>
   </trkpt>
   <trkpt lat="43.6406160" lon="-79.3787180">
    <ele>78.0</ele>
    <time>2024-07-27T12:06:00Z</time>
   </trkpt>
   <trkpt lat="43.6405350" lon="-79.3786980">
    <ele>77.6</ele>
    <time>2024-07-27T12:06:01Z</time>
   </trkpt>
   <trkpt lat="43.6404530" lon="-79.3786770">
    <ele>77.2</ele>
    <time>2024-07-27T12:06:02Z</time>
   </trkpt>
   <trkpt lat="43.6403720" lon="-79.3786570">
    <ele>76.9</ele>
    <time>2024-07-27T12:06:03Z</time>
   </trkpt>
   <trkpt lat="43.6403430" lon="-79.3786690">
    <ele>76.8</ele>
    <time>2024-07-27T12:06:04Z</time>
   </trkpt>
   <trkpt lat="43.6403360" lon="-79.3786740">
    <ele>76.8</ele>
    <time>2024-07-27T12:06:05Z</time>
   </trkpt>
   <trkpt lat="43.6403020" lon="-79.3786700">
    <ele>76.7</ele>
    <time>2024-07-27T12:06:06Z</time>
   </trkpt>
   <trkpt lat="43.6402710" lon="-79.3786710">
    <ele>76.5</ele>
    <time>2024-07-27T12:06:07Z</time>
   </trkpt>
   <trkpt lat="43.6402650" lon="-79.3787020">
    <ele>76.4</ele>
    <time>2024-07-27T12:06:08Z</time>
   </trkpt>
   <trkpt lat="43.6402780" lon="-79.3787240">
    <ele>76.6</ele>
    <time>2024-07-27T12:06:09Z</time>
   </trkpt>
   <trkpt lat="43.6402620" lon="-79.3787540">
    <ele>76.7</ele>
    <time>2024-07-27T12:06:10Z</time>
   </trkpt>
   <trkpt lat="43.6402820" lon="-79.3787970">
    <ele>76.9</ele>
    <time>2024-07-27T12:06:11Z</time>
   </trkpt>
   <trkpt lat="43.6404380" lon="-79.3789660">
    <ele>77.4</ele>
    <time>2024-07-27T12:06:12Z</time>
   </trkpt>
   <trkpt lat="43.6404540" lon="-79.3789990">
    <ele>77.5</ele>
    <time>2024-07-27T12:06:13Z</time>
   </trkpt>
   <trkpt lat="43.6405070" lon="-79.3791250">
    <ele>78.1</ele>
    <time>2024-07-27T12:06:14Z</time>
   </trkpt>
   <trkpt lat="43.6404990" lon="-79.3791640">
    <ele>78.1</ele>
    <time>2024-07-27T12:06:15Z</time>
   </trkpt>
   <trkpt lat="43.6404930" lon="-79.3791740">
    <ele>78.1</ele>
    <time>2024-07-27T12:06:16Z</time>
   </trkpt>
   <trkpt lat="43.6404920" lon="-79.3791770">
    <ele>78.1</ele>
    <time>2024-07-27T12:06:17Z</time>
   </trkpt>
   <trkpt lat="43.6404830" lon="-79.3792000">
    <ele>78.1</ele>
    <time>2024-07-27T12:06:18Z</time>
   </trkpt>
   <trkpt lat="43.6404660" lon="-79.3792310">
    <ele>78.1</ele>
    <time>2024-07-27T12:06:19Z</time>
   </trkpt>
   <trkpt lat="43.6404430" lon="-79.3792730">
    <ele>78.1</ele>
    <time>2024-07-27T12:06:20Z</time>
   </trkpt>
   <trkpt lat="43.6404360" lon="-79.3792880">
    <ele>78.1</ele>
    <time>2024-07-27T12:06:21Z</time>
   </trkpt>
   <trkpt lat="43.6404300" lon="-79.3793330">
    <ele>78.1</ele>
    <time>2024-07-27T12:06:22Z</time>
   </trkpt>
   <trkpt lat="43.6404160" lon="-79.3793690">
    <ele>78.1</ele>
    <time>2024-07-27T12:06:23Z</time>
   </trkpt>
   <trkpt lat="43.6404130" lon="-79.3793820">
    <ele>78.1</ele>
    <time>2024-07-27T12:06:24Z</time>
   </trkpt>
   <trkpt lat="43.6404040" lon="-79.3794270">
    <ele>78.1</ele>
    <time>2024-07-27T12:06:25Z</time>
   </trkpt>
   <trkpt lat="43.6404050" lon="-79.3794430">
    <ele>78.1</ele>
    <time>2024-07-27T12:06:26Z</time>
   </trkpt>
   <trkpt lat="43.6403920" lon="-79.3794780">
    <ele>78.1</ele>
    <time>2024-07-27T12:06:27Z</time>
   </trkpt>
   <trkpt lat="43.6403850" lon="-79.3794960">
    <ele>78.1</ele>
    <time>2024-07-27T12:06:28Z</time>
   </trkpt>
   <trkpt lat="43.6403720" lon="-79.3795300">
    <ele>78.1</ele>
    <time>2024-07-27T12:06:29Z</time>
   </trkpt>
   <trkpt lat="43.6403540" lon="-79.3795630">
    <ele>78.1</ele>
    <time>2024-07-27T12:06:30Z</time>
   </trkpt>
   <trkpt lat="43.6403440" lon="-79.3795760">
    <ele>78.1</ele>
    <time>2024-07-27T12:06:31Z</time>
   </trkpt>
   <trkpt lat="43.6403280" lon="-79.3796130">
    <ele>78.1</ele>
    <time>2024-07-27T12:06:32Z</time>
   </trkpt>
   <trkpt lat="43.6403060" lon="-79.3796430">
    <ele>78.1</ele>
    <time>2024-07-27T12:06:33Z</time>
   </trkpt>
   <trkpt lat="43.6402940" lon="-79.3796560">
    <ele>78.1</ele>
    <time>2024-07-27T12:06:34Z</time>
   </trkpt>
   <trkpt lat="43.6402990" lon="-79.3796800">
    <ele>78.1</ele>
    <time>2024-07-27T12:06:35Z</time>
   </trkpt>
   <trkpt lat="43.6402990" lon="-79.3796990">
    <ele>78.1</ele>
    <time>2024-07-27T12:06:36Z</time>
   </trkpt>
   <trkpt lat="43.6402910" lon="-79.3797460">
    <ele>78.1</ele>
    <time>2024-07-27T12:06:37Z</time>
   </trkpt>
   <trkpt lat="43.6402870" lon="-79.3797600">
    <ele>78.1</ele>
    <time>2024-07-27T12:06:38Z</time>
   </trkpt>
   <trkpt lat="43.6402750" lon="-79.3798020">
    <ele>78.1</ele>
    <time>2024-07-27T12:06:39Z</time>
   </trkpt>
   <trkpt lat="43.6402710" lon="-79.3798130">
    <ele>78.1</ele>
    <time>2024-07-27T12:06:40Z</time>
   </trkpt>
   <trkpt lat="43.6402640" lon="-79.3798520">
    <ele>78.1</ele>
    <time>2024-07-27T12:06:41Z</time>
   </trkpt>
   <trkpt lat="43.6402510" lon="-79.3798990">
    <ele>78.1</ele>
    <time>2024-07-27T12:06:42Z</time>
   </trkpt>
   <trkpt lat="43.6402340" lon="-79.3799330">
    <ele>78.1</ele>
    <time>2024-07-27T12:06:43Z</time>
   </trkpt>
   <trkpt lat="43.6402410" lon="-79.3799700">
    <ele>78.1</ele>
    <time>2024-07-27T12:06:44Z</time>
   </trkpt>
   <trkpt lat="43.6402200" lon="-79.3800050">
    <ele>78.1</ele>
    <time>2024-07-27T12:06:45Z</time>
   </trkpt>
   <trkpt lat="43.6401980" lon="-79.3800530">
    <ele>78.1</ele>
    <time>2024-07-27T12:06:46Z</time>
   </trkpt>
   <trkpt lat="43.6401930" lon="-79.3800700">
    <ele>78.1</ele>
    <time>2024-07-27T12:06:47Z</time>
   </trkpt>
   <trkpt lat="43.6401750" lon="-79.3800880">
    <ele>78.1</ele>
    <time>2024-07-27T12:06:48Z</time>
   </trkpt>
   <trkpt lat="43.6401610" lon="-79.3801110">
    <ele>78.1</ele>
    <time>2024-07-27T12:06:49Z</time>
   </trkpt>
   <trkpt lat="43.6401520" lon="-79.3801230">
    <ele>78.1</ele>
    <time>2024-07-27T12:06:50Z</time>
   </trkpt>
   <trkpt lat="43.6401570" lon="-79.3801210">
    <ele>78.1</ele>
    <time>2024-07-27T12:06:51Z</time>
   </trkpt>
   <trkpt lat="43.6401660" lon="-79.3801180">
    <ele>78.1</ele>
    <time>2024-07-27T12:06:52Z</time>
   </trkpt>
   <trkpt lat="43.6401750" lon="-79.3801150">
    <ele>78.1</ele>
    <time>2024-07-27T12:06:53Z</time>
   </trkpt>
   <trkpt lat="43.6401830" lon="-79.3801120">
    <ele>78.1</ele>
    <time>2024-07-27T12:06:54Z</time>
   </trkpt>
   <trkpt lat="43.6401920" lon="-79.3801100">
    <ele>78.1</ele>
    <time>2024-07-27T12:06:55Z</time>
   </trkpt>
   <trkpt lat="43.6402030" lon="-79.3801010">
    <ele>78.1</ele>
    <time>2024-07-27T12:06:56Z</time>
   </trkpt>
   <trkpt lat="43.6402040" lon="-79.3801000">
    <ele>78.1</ele>
    <time>2024-07-27T12:06:57Z</time>
   </trkpt>
   <trkpt lat="43.6402000" lon="-79.3800900">
    <ele>78.1</ele>
    <time>2024-07-27T12:06:58Z</time>
   </trkpt>
   <trkpt lat="43.6401990" lon="-79.3800920">
    <ele>78.1</ele>
    <time>2024-07-27T12:06:59Z</time>
   </trkpt>
   <trkpt lat="43.6401970" lon="-79.3800950">
    <ele>78.1</ele>
    <time>2024-07-27T12:07:00Z</time>
   </trkpt>
   <trkpt lat="43.6402160" lon="-79.3800780">
    <ele>78.1</ele>
    <time>2024-07-27T12:07:01Z</time>
   </trkpt>
   <trkpt lat="43.6402230" lon="-79.3800660">
    <ele>78.1</ele>
    <time>2024-07-27T12:07:02Z</time>
   </trkpt>
   <trkpt lat="43.6402230" lon="-79.3800640">
    <ele>78.1</ele>
    <time>2024-07-27T12:07:03Z</time>
   </trkpt>
   <trkpt lat="43.6402220" lon="-79.3800620">
    <ele>78.1</ele>
    <time>2024-07-27T12:07:04Z</time>
   </trkpt>
   <trkpt lat="43.6402210" lon="-79.3800600">
    <ele>78.1</ele>
    <time>2024-07-27T12:07:05Z</time>
   </trkpt>
   <trkpt lat="43.6402200" lon="-79.3800570">
    <ele>78.1</ele>
    <time>2024-07-27T12:07:06Z</time>
   </trkpt>
   <trkpt lat="43.6402200" lon="-79.3800550">
    <ele>78.1</ele>
    <time>2024-07-27T12:07:07Z</time>
   </trkpt>
   <trkpt lat="43.6402190" lon="-79.3800530">
    <ele>78.1</ele>
    <time>2024-07-27T12:07:08Z</time>
   </trkpt>
   <trkpt lat="43.6402180" lon="-79.3800510">
    <ele>78.1</ele>
    <time>2024-07-27T12:07:09Z</time>
   </trkpt>
   <trkpt lat="43.6402170" lon="-79.3800490">
    <ele>78.1</ele>
    <time>2024-07-27T12:07:10Z</time>
   </trkpt>
   <trkpt lat="43.6402170" lon="-79.3800470">
    <ele>78.1</ele>
    <time>2024-07-27T12:07:11Z</time>
   </trkpt>
   <trkpt lat="43.6402160" lon="-79.3800450">
    <ele>78.1</ele>
    <time>2024-07-27T12:07:12Z</time>
   </trkpt>
   <trkpt lat="43.6402150" lon="-79.3800420">
    <ele>78.1</ele>
    <time>2024-07-27T12:07:13Z</time>
   </trkpt>
   <trkpt lat="43.6402150" lon="-79.3800400">
    <ele>78.1</ele>
    <time>2024-07-27T12:07:14Z</time>
   </trkpt>
   <trkpt lat="43.6402140" lon="-79.3800380">
    <ele>78.1</ele>
    <time>2024-07-27T12:07:15Z</time>
   </trkpt>
   <trkpt lat="43.6402130" lon="-79.3800360">
    <ele>78.1</ele>
    <time>2024-07-27T12:07:16Z</time>
   </trkpt>
   <trkpt lat="43.6402120" lon="-79.3800340">
    <ele>78.1</ele>
    <time>2024-07-27T12:07:17Z</time>
   </trkpt>
   <trkpt lat="43.6402120" lon="-79.3800320">
    <ele>78.1</ele>
    <time>2024-07-27T12:07:18Z</time>
   </trkpt>
   <trkpt lat="43.6402110" lon="-79.3800300">
    <ele>78.1</ele>
    <time>2024-07-27T12:07:19Z</time>
   </trkpt>
   <trkpt lat="43.6402100" lon="-79.3800280">
    <ele>78.1</ele>
    <time>2024-07-27T12:07:20Z</time>
   </trkpt>
   <trkpt lat="43.6402090" lon="-79.3800250">
    <ele>78.1</ele>
    <time>2024-07-27T12:07:21Z</time>
   </trkpt>
   <trkpt lat="43.6402090" lon="-79.3800230">
    <ele>78.1</ele>
    <time>2024-07-27T12:07:22Z</time>
   </trkpt>
   <trkpt lat="43.6402080" lon="-79.3800210">
    <ele>78.1</ele>
    <time>2024-07-27T12:07:23Z</time>
   </trkpt>
   <trkpt lat="43.6402070" lon="-79.3800190">
    <ele>78.1</ele>
    <time>2024-07-27T12:07:24Z</time>
   </trkpt>
   <trkpt lat="43.6402070" lon="-79.3800170">
    <ele>78.1</ele>
    <time>2024-07-27T12:07:25Z</time>
   </trkpt>
   <trkpt lat="43.6402060" lon="-79.3800150">
    <ele>78.1</ele>
    <time>2024-07-27T12:07:26Z</time>
   </trkpt>
   <trkpt lat="43.6402050" lon="-79.3800130">
    <ele>78.1</ele>
    <time>2024-07-27T12:07:27Z</time>
   </trkpt>
   <trkpt lat="43.6402040" lon="-79.3800100">
    <ele>78.1</ele>
    <time>2024-07-27T12:07:28Z</time>
   </trkpt>
   <trkpt lat="43.6402060" lon="-79.3800130">
    <ele>78.1</ele>
    <time>2024-07-27T12:07:29Z</time>
   </trkpt>
   <trkpt lat="43.6402070" lon="-79.3800160">
    <ele>78.1</ele>
    <time>2024-07-27T12:07:30Z</time>
   </trkpt>
   <trkpt lat="43.6402080" lon="-79.3800190">
    <ele>78.1</ele>
    <time>2024-07-27T12:07:31Z</time>
   </trkpt>
   <trkpt lat="43.6402090" lon="-79.3800220">
    <ele>78.1</ele>
    <time>2024-07-27T12:07:32Z</time>
   </trkpt>
   <trkpt lat="43.6402110" lon="-79.3800250">
    <ele>78.1</ele>
    <time>2024-07-27T12:07:33Z</time>
   </trkpt>
   <trkpt lat="43.6402120" lon="-79.3800280">
    <ele>78.1</ele>
    <time>2024-07-27T12:07:34Z</time>
   </trkpt>
   <trkpt lat="43.6402130" lon="-79.3800320">
    <ele>78.1</ele>
    <time>2024-07-27T12:07:35Z</time>
   </trkpt>
   <trkpt lat="43.6402140" lon="-79.3800350">
    <ele>78.1</ele>
    <time>2024-07-27T12:07:36Z</time>
   </trkpt>
   <trkpt lat="43.6402150" lon="-79.3800380">
    <ele>78.1</ele>
    <time>2024-07-27T12:07:37Z</time>
   </trkpt>
   <trkpt lat="43.6402160" lon="-79.3800410">
    <ele>78.1</ele>
    <time>2024-07-27T12:07:38Z</time>
   </trkpt>
   <trkpt lat="43.6402170" lon="-79.3800440">
    <ele>78.1</ele>
    <time>2024-07-27T12:07:39Z</time>
   </trkpt>
   <trkpt lat="43.6402190" lon="-79.3800470">
    <ele>78.1</ele>
    <time>2024-07-27T12:07:40Z</time>
   </trkpt>
   <trkpt lat="43.6402200" lon="-79.3800510">
    <ele>78.1</ele>
    <time>2024-07-27T12:07:41Z</time>
   </trkpt>
   <trkpt lat="43.6402210" lon="-79.3800540">
    <ele>78.1</ele>
    <time>2024-07-27T12:07:42Z</time>
   </trkpt>
   <trkpt lat="43.6402220" lon="-79.3800570">
    <ele>78.1</ele>
    <time>2024-07-27T12:07:43Z</time>
   </trkpt>
   <trkpt lat="43.6402230" lon="-79.3800600">
    <ele>78.1</ele>
    <time>2024-07-27T12:07:44Z</time>
   </trkpt>
   <trkpt lat="43.6402240" lon="-79.3800630">
    <ele>78.1</ele>
    <time>2024-07-27T12:07:45Z</time>
   </trkpt>
   <trkpt lat="43.6402280" lon="-79.3800730">
    <ele>78.1</ele>
    <time>2024-07-27T12:07:46Z</time>
   </trkpt>
   <trkpt lat="43.6402050" lon="-79.3800990">
    <ele>78.1</ele>
    <time>2024-07-27T12:07:47Z</time>
   </trkpt>
   <trkpt lat="43.6401890" lon="-79.3801350">
    <ele>78.1</ele>
    <time>2024-07-27T12:07:48Z</time>
   </trkpt>
   <trkpt lat="43.6401850" lon="-79.3801450">
    <ele>78.1</ele>
    <time>2024-07-27T12:07:49Z</time>
   </trkpt>
   <trkpt lat="43.6401750" lon="-79.3801830">
    <ele>78.1</ele>
    <time>2024-07-27T12:07:50Z</time>
   </trkpt>
   <trkpt lat="43.6401570" lon="-79.3802190">
    <ele>78.1</ele>
    <time>2024-07-27T12:07:51Z</time>
   </trkpt>
   <trkpt lat="43.6401500" lon="-79.3802320">
    <ele>78.1</ele>
    <time>2024-07-27T12:07:52Z</time>
   </trkpt>
   <trkpt lat="43.6401360" lon="-79.3802720">
    <ele>78.1</ele>
    <time>2024-07-27T12:07:53Z</time>
   </trkpt>
   <trkpt lat="43.6401280" lon="-79.3802900">
    <ele>78.1</ele>
    <time>2024-07-27T12:07:54Z</time>
   </trkpt>
   <trkpt lat="43.6401310" lon="-79.3803410">
    <ele>78.1</ele>
    <time>2024-07-27T12:07:55Z</time>
   </trkpt>
   <trkpt lat="43.6401360" lon="-79.3803560">
    <ele>78.1</ele>
    <time>2024-07-27T12:07:56Z</time>
   </trkpt>
   <trkpt lat="43.6401270" lon="-79.3803750">
    <ele>78.1</ele>
    <time>2024-07-27T12:07:57Z</time>
   </trkpt>
   <trkpt lat="43.6401360" lon="-79.3803820">
    <ele>78.1</ele>
    <time>2024-07-27T12:07:58Z</time>
   </trkpt>
   <trkpt lat="43.6401300" lon="-79.3804050">
    <ele>78.1</ele>
    <time>2024-07-27T12:07:59Z</time>
   </trkpt>
   <trkpt lat="43.6401200" lon="-79.3804520">
    <ele>78.0</ele>
    <time>2024-07-27T12:08:00Z</time>
   </trkpt>
   <trkpt lat="43.6401140" lon="-79.3804650">
    <ele>78.0</ele>
    <time>2024-07-27T12:08:01Z</time>
   </trkpt>
   <trkpt lat="43.6401070" lon="-79.3805050">
    <ele>78.0</ele>
    <time>2024-07-27T12:08:02Z</time>
   </trkpt>
   <trkpt lat="43.6400960" lon="-79.3805280">
    <ele>78.0</ele>
    <time>2024-07-27T12:08:03Z</time>
   </trkpt>
   <trkpt lat="43.6400730" lon="-79.3805710">
    <ele>78.0</ele>
    <time>2024-07-27T12:08:04Z</time>
   </trkpt>
   <trkpt lat="43.6400500" lon="-79.3806180">
    <ele>78.0</ele>
    <time>2024-07-27T12:08:05Z</time>
   </trkpt>
   <trkpt lat="43.6400420" lon="-79.3806350">
    <ele>78.0</ele>
    <time>2024-07-27T12:08:06Z</time>
   </trkpt>
   <trkpt lat="43.6400280" lon="-79.3806850">
    <ele>78.0</ele>
    <time>2024-07-27T12:08:07Z</time>
   </trkpt>
   <trkpt lat="43.6400110" lon="-79.3807360">
    <ele>78.0</ele>
    <time>2024-07-27T12:08:08Z</time>
   </trkpt>
   <trkpt lat="43.6400060" lon="-79.3807580">
    <ele>78.0</ele>
    <time>2024-07-27T12:08:09Z</time>
   </trkpt>
   <trkpt lat="43.6400020" lon="-79.3807960">
    <ele>78.0</ele>
    <time>2024-07-27T12:08:10Z</time>
   </trkpt>
   <trkpt lat="43.6399950" lon="-79.3808190">
    <ele>78.0</ele>
    <time>2024-07-27T12:08:11Z</time>
   </trkpt>
   <trkpt lat="43.6399860" lon="-79.3808350">
    <ele>78.0</ele>
    <time>2024-07-27T12:08:12Z</time>
   </trkpt>
   <trkpt lat="43.6399800" lon="-79.3808790">
    <ele>78.0</ele>
    <time>2024-07-27T12:08:13Z</time>
   </trkpt>
   <trkpt lat="43.6399790" lon="-79.3808930">
    <ele>78.0</ele>
    <time>2024-07-27T12:08:14Z</time>
   </trkpt>
   <trkpt lat="43.6399590" lon="-79.3809300">
    <ele>78.0</ele>
    <time>2024-07-27T12:08:15Z</time>
   </trkpt>
   <trkpt lat="43.6399510" lon="-79.3809400">
    <ele>78.0</ele>
    <time>2024-07-27T12:08:16Z</time>
   </trkpt>
   <trkpt lat="43.6399420" lon="-79.3809860">
    <ele>78.0</ele>
    <time>2024-07-27T12:08:17Z</time>
   </trkpt>
   <trkpt lat="43.6399350" lon="-79.3809980">
    <ele>78.0</ele>
    <time>2024-07-27T12:08:18Z</time>
   </trkpt>
   <trkpt lat="43.6399060" lon="-79.3810550">
    <ele>78.0</ele>
    <time>2024-07-27T12:08:19Z</time>
   </trkpt>
   <trkpt lat="43.6399130" lon="-79.3811030">
    <ele>78.0</ele>
    <time>2024-07-27T12:08:20Z</time>
   </trkpt>
   <trkpt lat="43.6399170" lon="-79.3811220">
    <ele>78.0</ele>
    <time>2024-07-27T12:08:21Z</time>
   </trkpt>
   <trkpt lat="43.6399280" lon="-79.3811650">
    <ele>78.1</ele>
    <time>2024-07-27T12:08:22Z</time>
   </trkpt>
   <trkpt lat="43.6399300" lon="-79.3811790">
    <ele>78.1</ele>
    <time>2024-07-27T12:08:23Z</time>
   </trkpt>
   <trkpt lat="43.6399150" lon="-79.3812270">
    <ele>78.1</ele>
    <time>2024-07-27T12:08:24Z</time>
   </trkpt>
   <trkpt lat="43.6399010" lon="-79.3812470">
    <ele>78.1</ele>
    <time>2024-07-27T12:08:25Z</time>
   </trkpt>
   <trkpt lat="43.6399320" lon="-79.3812800">
    <ele>78.1</ele>
    <time>2024-07-27T12:08:26Z</time>
   </trkpt>
   <trkpt lat="43.6399330" lon="-79.3813210">
    <ele>78.1</ele>
    <time>2024-07-27T12:08:27Z</time>
   </trkpt>
   <trkpt lat="43.6399160" lon="-79.3813690">
    <ele>78.1</ele>
    <time>2024-07-27T12:08:28Z</time>
   </trkpt>
   <trkpt lat="43.6399020" lon="-79.3814090">
    <ele>78.1</ele>
    <time>2024-07-27T12:08:29Z</time>
   </trkpt>
   <trkpt lat="43.6398780" lon="-79.3814620">
    <ele>78.1</ele>
    <time>2024-07-27T12:08:30Z</time>
   </trkpt>
   <trkpt lat="43.6398950" lon="-79.3815300">
    <ele>78.0</ele>
    <time>2024-07-27T12:08:31Z</time>
   </trkpt>
   <trkpt lat="43.6398770" lon="-79.3815630">
    <ele>78.0</ele>
    <time>2024-07-27T12:08:32Z</time>
   </trkpt>
   <trkpt lat="43.6398790" lon="-79.3816060">
    <ele>78.0</ele>
    <time>2024-07-27T12:08:33Z</time>
   </trkpt>
   <trkpt lat="43.6398560" lon="-79.3816580">
    <ele>78.0</ele>
    <time>2024-07-27T12:08:34Z</time>
   </trkpt>
   <trkpt lat="43.6398490" lon="-79.3816830">
    <ele>78.0</ele>
    <time>2024-07-27T12:08:35Z</time>
   </trkpt>
   <trkpt lat="43.6398440" lon="-79.3817040">
    <ele>78.0</ele>
    <time>2024-07-27T12:08:36Z</time>
   </trkpt>
   <trkpt lat="43.6398410" lon="-79.3817280">
    <ele>78.0</ele>
    <time>2024-07-27T12:08:37Z</time>
   </trkpt>
   <trkpt lat="43.6398380" lon="-79.3817490">
    <ele>78.0</ele>
    <time>2024-07-27T12:08:38Z</time>
   </trkpt>
   <trkpt lat="43.6398320" lon="-79.3817870">
    <ele>78.0</ele>
    <time>2024-07-27T12:08:39Z</time>
   </trkpt>
   <trkpt lat="43.6398370" lon="-79.3818300">
    <ele>78.0</ele>
    <time>2024-07-27T12:08:40Z</time>
   </trkpt>
   <trkpt lat="43.6398390" lon="-79.3818420">
    <ele>78.0</ele>
    <time>2024-07-27T12:08:41Z</time>
   </trkpt>
   <trkpt lat="43.6398330" lon="-79.3818820">
    <ele>78.0</ele>
    <time>2024-07-27T12:08:42Z</time>
   </trkpt>
   <trkpt lat="43.6398240" lon="-79.3819290">
    <ele>78.0</ele>
    <time>2024-07-27T12:08:43Z</time>
   </trkpt>
   <trkpt lat="43.6398230" lon="-79.3819450">
    <ele>78.0</ele>
    <time>2024-07-27T12:08:44Z</time>
   </trkpt>
   <trkpt lat="43.6398200" lon="-79.3819900">
    <ele>78.0</ele>
    <time>2024-07-27T12:08:45Z</time>
   </trkpt>
   <trkpt lat="43.6398230" lon="-79.3820070">
    <ele>78.0</ele>
    <time>2024-07-27T12:08:46Z</time>
   </trkpt>
   <trkpt lat="43.6397930" lon="-79.3820660">
    <ele>78.0</ele>
    <time>2024-07-27T12:08:47Z</time>
   </trkpt>
   <trkpt lat="43.6397770" lon="-79.3820940">
    <ele>78.0</ele>
    <time>2024-07-27T12:08:48Z</time>
   </trkpt>
   <trkpt lat="43.6397650" lon="-79.3821380">
    <ele>78.0</ele>
    <time>2024-07-27T12:08:49Z</time>
   </trkpt>
   <trkpt lat="43.6397620" lon="-79.3821550">
    <ele>78.0</ele>
    <time>2024-07-27T12:08:50Z</time>
   </trkpt>
   <trkpt lat="43.6397600" lon="-79.3821790">
    <ele>78.0</ele>
    <time>2024-07-27T12:08:51Z</time>
   </trkpt>
   <trkpt lat="43.6397650" lon="-79.3822000">
    <ele>78.0</ele>
    <time>2024-07-27T12:08:52Z</time>
   </trkpt>
   <trkpt lat="43.6397680" lon="-79.3822200">
    <ele>78.0</ele>
    <time>2024-07-27T12:08:53Z</time>
   </trkpt>
   <trkpt lat="43.6397600" lon="-79.3822450">
    <ele>78.1</ele>
    <time>2024-07-27T12:08:54Z</time>
   </trkpt>
   <trkpt lat="43.6397530" lon="-79.3822950">
    <ele>78.1</ele>
    <time>2024-07-27T12:08:55Z</time>
   </trkpt>
   <trkpt lat="43.6397490" lon="-79.3823110">
    <ele>78.1</ele>
    <time>2024-07-27T12:08:56Z</time>
   </trkpt>
   <trkpt lat="43.6397440" lon="-79.3823570">
    <ele>78.1</ele>
    <time>2024-07-27T12:08:57Z</time>
   </trkpt>
   <trkpt lat="43.6397410" lon="-79.3823730">
    <ele>78.1</ele>
    <time>2024-07-27T12:08:58Z</time>
   </trkpt>
   <trkpt lat="43.6397360" lon="-79.3823860">
    <ele>78.1</ele>
    <time>2024-07-27T12:08:59Z</time>
   </trkpt>
   <trkpt lat="43.6397390" lon="-79.3824140">
    <ele>78.1</ele>
    <time>2024-07-27T12:09:00Z</time>
   </trkpt>
   <trkpt lat="43.6397370" lon="-79.3824340">
    <ele>78.1</ele>
    <time>2024-07-27T12:09:01Z</time>
   </trkpt>
   <trkpt lat="43.6397360" lon="-79.3824510">
    <ele>78.1</ele>
    <time>2024-07-27T12:09:02Z</time>
   </trkpt>
   <trkpt lat="43.6397380" lon="-79.3824690">
    <ele>78.1</ele>
    <time>2024-07-27T12:09:03Z</time>
   </trkpt>
   <trkpt lat="43.6397360" lon="-79.3824960">
    <ele>78.1</ele>
    <time>2024-07-27T12:09:04Z</time>
   </trkpt>
   <trkpt lat="43.6397370" lon="-79.3825250">
    <ele>78.1</ele>
    <time>2024-07-27T12:09:05Z</time>
   </trkpt>
   <trkpt lat="43.6397460" lon="-79.3825410">
    <ele>78.1</ele>
    <time>2024-07-27T12:09:06Z</time>
   </trkpt>
   <trkpt lat="43.6397520" lon="-79.3825620">
    <ele>78.1</ele>
    <time>2024-07-27T12:09:07Z</time>
   </trkpt>
   <trkpt lat="43.6397630" lon="-79.3825650">
    <ele>78.1</ele>
    <time>2024-07-27T12:09:08Z</time>
   </trkpt>
   <trkpt lat="43.6397480" lon="-79.3825800">
    <ele>78.1</ele>
    <time>2024-07-27T12:09:09Z</time>
   </trkpt>
   <trkpt lat="43.6397810" lon="-79.3825840">
    <ele>78.1</ele>
    <time>2024-07-27T12:09:10Z</time>
   </trkpt>
   <trkpt lat="43.6398010" lon="-79.3825890">
    <ele>78.1</ele>
    <time>2024-07-27T12:09:11Z</time>
   </trkpt>
   <trkpt lat="43.6398430" lon="-79.3825790">
    <ele>78.2</ele>
    <time>2024-07-27T12:09:12Z</time>
   </trkpt>
   <trkpt lat="43.6398610" lon="-79.3825770">
    <ele>78.2</ele>
    <time>2024-07-27T12:09:13Z</time>
   </trkpt>
   <trkpt lat="43.6398860" lon="-79.3826010">
    <ele>78.2</ele>
    <time>2024-07-27T12:09:14Z</time>
   </trkpt>
   <trkpt lat="43.6398950" lon="-79.3826080">
    <ele>78.2</ele>
    <time>2024-07-27T12:09:15Z</time>
   </trkpt>
   <trkpt lat="43.6399080" lon="-79.3826210">
    <ele>78.2</ele>
    <time>2024-07-27T12:09:16Z</time>
   </trkpt>
   <trkpt lat="43.6399140" lon="-79.3826450">
    <ele>78.2</ele>
    <time>2024-07-27T12:09:17Z</time>
   </trkpt>
   <trkpt lat="43.6399470" lon="-79.3826540">
    <ele>78.3</ele>
    <time>2024-07-27T12:09:18Z</time>
   </trkpt>
   <trkpt lat="43.6399560" lon="-79.3826700">
    <ele>78.3</ele>
    <time>2024-07-27T12:09:19Z</time>
   </trkpt>
   <trkpt lat="43.6399840" lon="-79.3826820">
    <ele>78.3</ele>
    <time>2024-07-27T12:09:20Z</time>
   </trkpt>
   <trkpt lat="43.6399990" lon="-79.3826730">
    <ele>78.3</ele>
    <time>2024-07-27T12:09:21Z</time>
   </trkpt>
   <trkpt lat="43.6399930" lon="-79.3826460">
    <ele>78.3</ele>
    <time>2024-07-27T12:09:22Z</time>
   </trkpt>
   <trkpt lat="43.6400100" lon="-79.3826140">
    <ele>78.3</ele>
    <time>2024-07-27T12:09:23Z</time>
   </trkpt>
   <trkpt lat="43.6400410" lon="-79.3826230">
    <ele>78.4</ele>
    <time>2024-07-27T12:09:24Z</time>
   </trkpt>
   <trkpt lat="43.6400520" lon="-79.3826240">
    <ele>78.4</ele>
    <time>2024-07-27T12:09:25Z</time>
   </trkpt>
   <trkpt lat="43.6400710" lon="-79.3826170">
    <ele>78.4</ele>
    <time>2024-07-27T12:09:26Z</time>
   </trkpt>
   <trkpt lat="43.6400820" lon="-79.3826280">
    <ele>78.4</ele>
    <time>2024-07-27T12:09:27Z</time>
   </trkpt>
   <trkpt lat="43.6400930" lon="-79.3826390">
    <ele>78.4</ele>
    <time>2024-07-27T12:09:28Z</time>
   </trkpt>
   <trkpt lat="43.6401180" lon="-79.3826600">
    <ele>78.4</ele>
    <time>2024-07-27T12:09:29Z</time>
   </trkpt>
   <trkpt lat="43.6401310" lon="-79.3826810">
    <ele>78.4</ele>
    <time>2024-07-27T12:09:30Z</time>
   </trkpt>
   <trkpt lat="43.6401300" lon="-79.3826980">
    <ele>78.5</ele>
    <time>2024-07-27T12:09:31Z</time>
   </trkpt>
   <trkpt lat="43.6401390" lon="-79.3827130">
    <ele>78.5</ele>
    <time>2024-07-27T12:09:32Z</time>
   </trkpt>
   <trkpt lat="43.6401450" lon="-79.3827370">
    <ele>78.5</ele>
    <time>2024-07-27T12:09:33Z</time>
   </trkpt>
   <trkpt lat="43.6401530" lon="-79.3827370">
    <ele>78.5</ele>
    <time>2024-07-27T12:09:34Z</time>
   </trkpt>
   <trkpt lat="43.6401570" lon="-79.3827510">
    <ele>78.5</ele>
    <time>2024-07-27T12:09:35Z</time>
   </trkpt>
   <trkpt lat="43.6401610" lon="-79.3827640">
    <ele>78.5</ele>
    <time>2024-07-27T12:09:36Z</time>
   </trkpt>
   <trkpt lat="43.6401640" lon="-79.3827780">
    <ele>78.5</ele>
    <time>2024-07-27T12:09:37Z</time>
   </trkpt>
   <trkpt lat="43.6401680" lon="-79.3827910">
    <ele>78.5</ele>
    <time>2024-07-27T12:09:38Z</time>
   </trkpt>
   <trkpt lat="43.6401720" lon="-79.3828040">
    <ele>78.5</ele>
    <time>2024-07-27T12:09:39Z</time>
   </trkpt>
   <trkpt lat="43.6401760" lon="-79.3828180">
    <ele>78.5</ele>
    <time>2024-07-27T12:09:40Z</time>
   </trkpt>
   <trkpt lat="43.6401790" lon="-79.3828310">
    <ele>78.5</ele>
    <time>2024-07-27T12:09:41Z</time>
   </trkpt>
   <trkpt lat="43.6401930" lon="-79.3828730">
    <ele>78.6</ele>
    <time>2024-07-27T12:09:42Z</time>
   </trkpt>
   <trkpt lat="43.6402070" lon="-79.3829150">
    <ele>78.6</ele>
    <time>2024-07-27T12:09:43Z</time>
   </trkpt>
   <trkpt lat="43.6402050" lon="-79.3829230">
    <ele>78.6</ele>
    <time>2024-07-27T12:09:44Z</time>
   </trkpt>
   <trkpt lat="43.6402150" lon="-79.3829370">
    <ele>78.6</ele>
    <time>2024-07-27T12:09:45Z</time>
   </trkpt>
   <trkpt lat="43.6402190" lon="-79.3829400">
    <ele>78.6</ele>
    <time>2024-07-27T12:09:46Z</time>
   </trkpt>
   <trkpt lat="43.6402310" lon="-79.3829490">
    <ele>78.6</ele>
    <time>2024-07-27T12:09:47Z</time>
   </trkpt>
   <trkpt lat="43.6402350" lon="-79.3829520">
    <ele>78.6</ele>
    <time>2024-07-27T12:09:48Z</time>
   </trkpt>
   <trkpt lat="43.6402380" lon="-79.3829550">
    <ele>78.6</ele>
    <time>2024-07-27T12:09:49Z</time>
   </trkpt>
   <trkpt lat="43.6402420" lon="-79.3829570">
    <ele>78.6</ele>
    <time>2024-07-27T12:09:50Z</time>
   </trkpt>
   <trkpt lat="43.6402450" lon="-79.3829600">
    <ele>78.6</ele>
    <time>2024-07-27T12:09:51Z</time>
   </trkpt>
   <trkpt lat="43.6402490" lon="-79.3829630">
    <ele>78.6</ele>
    <time>2024-07-27T12:09:52Z</time>
   </trkpt>
   <trkpt lat="43.6402520" lon="-79.3829650">
    <ele>78.6</ele>
    <time>2024-07-27T12:09:53Z</time>
   </trkpt>
   <trkpt lat="43.6402560" lon="-79.3829680">
    <ele>78.6</ele>
    <time>2024-07-27T12:09:54Z</time>
   </trkpt>
   <trkpt lat="43.6402590" lon="-79.3829710">
    <ele>78.6</ele>
    <time>2024-07-27T12:09:55Z</time>
   </trkpt>
   <trkpt lat="43.6402630" lon="-79.3829730">
    <ele>78.6</ele>
    <time>2024-07-27T12:09:56Z</time>
   </trkpt>
   <trkpt lat="43.6402620" lon="-79.3829730">
    <ele>78.7</ele>
    <time>2024-07-27T12:09:57Z</time>
   </trkpt>
   <trkpt lat="43.6402650" lon="-79.3829760">
    <ele>78.7</ele>
    <time>2024-07-27T12:09:58Z</time>
   </trkpt>
   <trkpt lat="43.6402790" lon="-79.3829790">
    <ele>78.7</ele>
    <time>2024-07-27T12:09:59Z</time>
   </trkpt>
   <trkpt lat="43.6402930" lon="-79.3829900">
    <ele>78.7</ele>
    <time>2024-07-27T12:10:00Z</time>
   </trkpt>
   <trkpt lat="43.6403250" lon="-79.3829830">
    <ele>78.8</ele>
    <time>2024-07-27T12:10:01Z</time>
   </trkpt>
   <trkpt lat="43.6403350" lon="-79.3829810">
    <ele>78.8</ele>
    <time>2024-07-27T12:10:02Z</time>
   </trkpt>
   <trkpt lat="43.6403340" lon="-79.3830030">
    <ele>78.8</ele>
    <time>2024-07-27T12:10:03Z</time>
   </trkpt>
   <trkpt lat="43.6403270" lon="-79.3830010">
    <ele>78.8</ele>
    <time>2024-07-27T12:10:04Z</time>
   </trkpt>
   <trkpt lat="43.6403260" lon="-79.3830080">
    <ele>78.8</ele>
    <time>2024-07-27T12:10:05Z</time>
   </trkpt>
   <trkpt lat="43.6403230" lon="-79.3830040">
    <ele>78.8</ele>
    <time>2024-07-27T12:10:06Z</time>
   </trkpt>
   <trkpt lat="43.6403300" lon="-79.3830090">
    <ele>78.8</ele>
    <time>2024-07-27T12:10:07Z</time>
   </trkpt>
   <trkpt lat="43.6403320" lon="-79.3830140">
    <ele>78.9</ele>
    <time>2024-07-27T12:10:08Z</time>
   </trkpt>
   <trkpt lat="43.6403290" lon="-79.3830090">
    <ele>78.9</ele>
    <time>2024-07-27T12:10:09Z</time>
   </trkpt>
   <trkpt lat="43.6403410" lon="-79.3830120">
    <ele>78.9</ele>
    <time>2024-07-27T12:10:10Z</time>
   </trkpt>
   <trkpt lat="43.6403550" lon="-79.3830180">
    <ele>78.9</ele>
    <time>2024-07-27T12:10:11Z</time>
   </trkpt>
   <trkpt lat="43.6403770" lon="-79.3830210">
    <ele>78.9</ele>
    <time>2024-07-27T12:10:12Z</time>
   </trkpt>
   <trkpt lat="43.6403920" lon="-79.3830210">
    <ele>78.9</ele>
    <time>2024-07-27T12:10:13Z</time>
   </trkpt>
   <trkpt lat="43.6404070" lon="-79.3830220">
    <ele>79.0</ele>
    <time>2024-07-27T12:10:14Z</time>
   </trkpt>
   <trkpt lat="43.6404220" lon="-79.3830230">
    <ele>79.0</ele>
    <time>2024-07-27T12:10:15Z</time>
   </trkpt>
   <trkpt lat="43.6404370" lon="-79.3830230">
    <ele>79.0</ele>
    <time>2024-07-27T12:10:16Z</time>
   </trkpt>
   <trkpt lat="43.6404510" lon="-79.3830240">
    <ele>79.0</ele>
    <time>2024-07-27T12:10:17Z</time>
   </trkpt>
   <trkpt lat="43.6405530" lon="-79.3828410">
    <ele>79.1</ele>
    <time>2024-07-27T12:10:18Z</time>
   </trkpt>
   <trkpt lat="43.6405880" lon="-79.3828250">
    <ele>79.0</ele>
    <time>2024-07-27T12:10:19Z</time>
   </trkpt>
   <trkpt lat="43.6406020" lon="-79.3828530">
    <ele>79.0</ele>
    <time>2024-07-27T12:10:20Z</time>
   </trkpt>
   <trkpt lat="43.6406230" lon="-79.3828550">
    <ele>79.0</ele>
    <time>2024-07-27T12:10:21Z</time>
   </trkpt>
   <trkpt lat="43.6407070" lon="-79.3831740">
    <ele>79.3</ele>
    <time>2024-07-27T12:10:22Z</time>
   </trkpt>
   <trkpt lat="43.6407390" lon="-79.3832220">
    <ele>79.3</ele>
    <time>2024-07-27T12:10:23Z</time>
   </trkpt>
   <trkpt lat="43.6407970" lon="-79.3832720">
    <ele>79.2</ele>
    <time>2024-07-27T12:10:24Z</time>
   </trkpt>
   <trkpt lat="43.6408350" lon="-79.3833200">
    <ele>79.1</ele>
    <time>2024-07-27T12:10:25Z</time>
   </trkpt>
   <trkpt lat="43.6408670" lon="-79.3833280">
    <ele>79.0</ele>
    <time>2024-07-27T12:10:26Z</time>
   </trkpt>
   <trkpt lat="43.6408800" lon="-79.3833310">
    <ele>79.0</ele>
    <time>2024-07-27T12:10:27Z</time>
   </trkpt>
   <trkpt lat="43.6409150" lon="-79.3833410">
    <ele>79.0</ele>
    <time>2024-07-27T12:10:28Z</time>
   </trkpt>
   <trkpt lat="43.6409290" lon="-79.3833420">
    <ele>79.0</ele>
    <time>2024-07-27T12:10:29Z</time>
   </trkpt>
   <trkpt lat="43.6409610" lon="-79.3833470">
    <ele>78.9</ele>
    <time>2024-07-27T12:10:30Z</time>
   </trkpt>
   <trkpt lat="43.6410100" lon="-79.3833190">
    <ele>78.9</ele>
    <time>2024-07-27T12:10:31Z</time>
   </trkpt>
   <trkpt lat="43.6410520" lon="-79.3833010">
    <ele>78.9</ele>
    <time>2024-07-27T12:10:32Z</time>
   </trkpt>
   <trkpt lat="43.6410940" lon="-79.3833000">
    <ele>78.8</ele>
    <time>2024-07-27T12:10:33Z</time>
   </trkpt>
   <trkpt lat="43.6411220" lon="-79.3833480">
    <ele>78.8</ele>
    <time>2024-07-27T12:10:34Z</time>
   </trkpt>
   <trkpt lat="43.6411500" lon="-79.3833310">
    <ele>78.8</ele>
    <time>2024-07-27T12:10:35Z</time>
   </trkpt>
   <trkpt lat="43.6411770" lon="-79.3833400">
    <ele>78.8</ele>
    <time>2024-07-27T12:10:36Z</time>
   </trkpt>
   <trkpt lat="43.6412110" lon="-79.3833610">
    <ele>78.8</ele>
    <time>2024-07-27T12:10:37Z</time>
   </trkpt>
   <trkpt lat="43.6412380" lon="-79.3833620">
    <ele>78.8</ele>
    <time>2024-07-27T12:10:38Z</time>
   </trkpt>
   <trkpt lat="43.6412500" lon="-79.3833620">
    <ele>78.9</ele>
    <time>2024-07-27T12:10:39Z</time>
   </trkpt>
   <trkpt lat="43.6412860" lon="-79.3833890">
    <ele>78.9</ele>
    <time>2024-07-27T12:10:40Z</time>
   </trkpt>
   <trkpt lat="43.6413000" lon="-79.3833960">
    <ele>78.9</ele>
    <time>2024-07-27T12:10:41Z</time>
   </trkpt>
   <trkpt lat="43.6413320" lon="-79.3833850">
    <ele>78.9</ele>
    <time>2024-07-27T12:10:42Z</time>
   </trkpt>
   <trkpt lat="43.6413440" lon="-79.3833870">
    <ele>78.9</ele>
    <time>2024-07-27T12:10:43Z</time>
   </trkpt>
   <trkpt lat="43.6413760" lon="-79.3834190">
    <ele>78.9</ele>
    <time>2024-07-27T12:10:44Z</time>
   </trkpt>
   <trkpt lat="43.6414080" lon="-79.3834220">
    <ele>78.9</ele>
    <time>2024-07-27T12:10:45Z</time>
   </trkpt>
   <trkpt lat="43.6414230" lon="-79.3834610">
    <ele>78.9</ele>
    <time>2024-07-27T12:10:46Z</time>
   </trkpt>
   <trkpt lat="43.6414480" lon="-79.3834400">
    <ele>78.9</ele>
    <time>2024-07-27T12:10:47Z</time>
   </trkpt>
   <trkpt lat="43.6414720" lon="-79.3834770">
    <ele>78.9</ele>
    <time>2024-07-27T12:10:48Z</time>
   </trkpt>
   <trkpt lat="43.6415030" lon="-79.3835000">
    <ele>78.9</ele>
    <time>2024-07-27T12:10:49Z</time>
   </trkpt>
   <trkpt lat="43.6415130" lon="-79.3835050">
    <ele>78.9</ele>
    <time>2024-07-27T12:10:50Z</time>
   </trkpt>
   <trkpt lat="43.6415270" lon="-79.3835400">
    <ele>78.9</ele>
    <time>2024-07-27T12:10:51Z</time>
   </trkpt>
   <trkpt lat="43.6415650" lon="-79.3835510">
    <ele>78.9</ele>
    <time>2024-07-27T12:10:52Z</time>
   </trkpt>
   <trkpt lat="43.6415860" lon="-79.3835650">
    <ele>79.0</ele>
    <time>2024-07-27T12:10:53Z</time>
   </trkpt>
   <trkpt lat="43.6416010" lon="-79.3835550">
    <ele>79.0</ele>
    <time>2024-07-27T12:10:54Z</time>
   </trkpt>
   <trkpt lat="43.6416140" lon="-79.3835600">
    <ele>79.0</ele>
    <time>2024-07-27T12:10:55Z</time>
   </trkpt>
   <trkpt lat="43.6416520" lon="-79.3835730">
    <ele>79.0</ele>
    <time>2024-07-27T12:10:56Z</time>
   </trkpt>
   <trkpt lat="43.6416800" lon="-79.3835860">
    <ele>79.1</ele>
    <time>2024-07-27T12:10:57Z</time>
   </trkpt>
   <trkpt lat="43.6417070" lon="-79.3835820">
    <ele>79.1</ele>
    <time>2024-07-27T12:10:58Z</time>
   </trkpt>
   <trkpt lat="43.6417400" lon="-79.3835920">
    <ele>79.1</ele>
    <time>2024-07-27T12:11:00Z</time>
   </trkpt>
   <trkpt lat="43.6417510" lon="-79.3835950">
    <ele>79.2</ele>
    <time>2024-07-27T12:11:01Z</time>
   </trkpt>
   <trkpt lat="43.6417900" lon="-79.3835960">
    <ele>79.2</ele>
    <time>2024-07-27T12:11:02Z</time>
   </trkpt>
   <trkpt lat="43.6418060" lon="-79.3835910">
    <ele>79.2</ele>
    <time>2024-07-27T12:11:03Z</time>
   </trkpt>
   <trkpt lat="43.6418240" lon="-79.3835800">
    <ele>79.2</ele>
    <time>2024-07-27T12:11:04Z</time>
   </trkpt>
   <trkpt lat="43.6418380" lon="-79.3835770">
    <ele>79.3</ele>
    <time>2024-07-27T12:11:05Z</time>
   </trkpt>
   <trkpt lat="43.6418680" lon="-79.3835500">
    <ele>79.3</ele>
    <time>2024-07-27T12:11:06Z</time>
   </trkpt>
   <trkpt lat="43.6418810" lon="-79.3835390">
    <ele>79.3</ele>
    <time>2024-07-27T12:11:07Z</time>
   </trkpt>
   <trkpt lat="43.6418980" lon="-79.3835110">
    <ele>79.4</ele>
    <time>2024-07-27T12:11:08Z</time>
   </trkpt>
   <trkpt lat="43.6418970" lon="-79.3834840">
    <ele>79.4</ele>
    <time>2024-07-27T12:11:09Z</time>
   </trkpt>
   <trkpt lat="43.6419310" lon="-79.3834870">
    <ele>79.5</ele>
    <time>2024-07-27T12:11:10Z</time>
   </trkpt>
   <trkpt lat="43.6419450" lon="-79.3834910">
    <ele>79.5</ele>
    <time>2024-07-27T12:11:11Z</time>
   </trkpt>
   <trkpt lat="43.6419630" lon="-79.3834600">
    <ele>79.5</ele>
    <time>2024-07-27T12:11:12Z</time>
   </trkpt>
   <trkpt lat="43.6419870" lon="-79.3834450">
    <ele>79.5</ele>
    <time>2024-07-27T12:11:13Z</time>
   </trkpt>
   <trkpt lat="43.6419970" lon="-79.3834350">
    <ele>79.6</ele>
    <time>2024-07-27T12:11:14Z</time>
   </trkpt>
   <trkpt lat="43.6420320" lon="-79.3834520">
    <ele>79.6</ele>
    <time>2024-07-27T12:11:15Z</time>
   </trkpt>
   <trkpt lat="43.6420400" lon="-79.3834670">
    <ele>79.6</ele>
    <time>2024-07-27T12:11:16Z</time>
   </trkpt>
   <trkpt lat="43.6420580" lon="-79.3834960">
    <ele>79.7</ele>
    <time>2024-07-27T12:11:17Z</time>
   </trkpt>
   <trkpt lat="43.6420840" lon="-79.3834780">
    <ele>79.7</ele>
    <time>2024-07-27T12:11:18Z</time>
   </trkpt>
   <trkpt lat="43.6420950" lon="-79.3834670">
    <ele>79.7</ele>
    <time>2024-07-27T12:11:19Z</time>
   </trkpt>
   <trkpt lat="43.6421220" lon="-79.3834580">
    <ele>79.8</ele>
    <time>2024-07-27T12:11:20Z</time>
   </trkpt>
   <trkpt lat="43.6421300" lon="-79.3834550">
    <ele>79.8</ele>
    <time>2024-07-27T12:11:21Z</time>
   </trkpt>
   <trkpt lat="43.6421550" lon="-79.3834420">
    <ele>79.8</ele>
    <time>2024-07-27T12:11:22Z</time>
   </trkpt>
   <trkpt lat="43.6421620" lon="-79.3834290">
    <ele>79.8</ele>
    <time>2024-07-27T12:11:23Z</time>
   </trkpt>
   <trkpt lat="43.6421830" lon="-79.3834270">
    <ele>79.9</ele>
    <time>2024-07-27T12:11:24Z</time>
   </trkpt>
   <trkpt lat="43.6421910" lon="-79.3834400">
    <ele>79.9</ele>
    <time>2024-07-27T12:11:25Z</time>
   </trkpt>
   <trkpt lat="43.6422290" lon="-79.3835400">
    <ele>80.0</ele>
    <time>2024-07-27T12:11:26Z</time>
   </trkpt>
   <trkpt lat="43.6422380" lon="-79.3835630">
    <ele>80.0</ele>
    <time>2024-07-27T12:11:27Z</time>
   </trkpt>
   <trkpt lat="43.6422530" lon="-79.3835990">
    <ele>80.0</ele>
    <time>2024-07-27T12:11:28Z</time>
   </trkpt>
   <trkpt lat="43.6422600" lon="-79.3836130">
    <ele>80.0</ele>
    <time>2024-07-27T12:11:29Z</time>
   </trkpt>
   <trkpt lat="43.6422640" lon="-79.3836320">
    <ele>80.0</ele>
    <time>2024-07-27T12:11:30Z</time>
   </trkpt>
   <trkpt lat="43.6422760" lon="-79.3836440">
    <ele>80.0</ele>
    <time>2024-07-27T12:11:31Z</time>
   </trkpt>
   <trkpt lat="43.6422810" lon="-79.3836410">
    <ele>80.0</ele>
    <time>2024-07-27T12:11:32Z</time>
   </trkpt>
   <trkpt lat="43.6422850" lon="-79.3836540">
    <ele>80.0</ele>
    <time>2024-07-27T12:11:33Z</time>
   </trkpt>
   <trkpt lat="43.6423040" lon="-79.3836730">
    <ele>80.1</ele>
    <time>2024-07-27T12:11:34Z</time>
   </trkpt>
   <trkpt lat="43.6423030" lon="-79.3836910">
    <ele>80.1</ele>
    <time>2024-07-27T12:11:35Z</time>
   </trkpt>
   <trkpt lat="43.6423180" lon="-79.3837020">
    <ele>80.1</ele>
    <time>2024-07-27T12:11:36Z</time>
   </trkpt>
   <trkpt lat="43.6423340" lon="-79.3837130">
    <ele>80.1</ele>
    <time>2024-07-27T12:11:37Z</time>
   </trkpt>
   <trkpt lat="43.6423490" lon="-79.3837240">
    <ele>80.1</ele>
    <time>2024-07-27T12:11:38Z</time>
   </trkpt>
   <trkpt lat="43.6423770" lon="-79.3837640">
    <ele>80.2</ele>
    <time>2024-07-27T12:11:39Z</time>
   </trkpt>
   <trkpt lat="43.6423900" lon="-79.3837780">
    <ele>80.2</ele>
    <time>2024-07-27T12:11:40Z</time>
   </trkpt>
   <trkpt lat="43.6424210" lon="-79.3838010">
    <ele>80.2</ele>
    <time>2024-07-27T12:11:41Z</time>
   </trkpt>
   <trkpt lat="43.6424310" lon="-79.3838070">
    <ele>80.2</ele>
    <time>2024-07-27T12:11:42Z</time>
   </trkpt>
   <trkpt lat="43.6424540" lon="-79.3838390">
    <ele>80.3</ele>
    <time>2024-07-27T12:11:43Z</time>
   </trkpt>
   <trkpt lat="43.6424540" lon="-79.3838550">
    <ele>80.3</ele>
    <time>2024-07-27T12:11:44Z</time>
   </trkpt>
   <trkpt lat="43.6424880" lon="-79.3838810">
    <ele>80.3</ele>
    <time>2024-07-27T12:11:45Z</time>
   </trkpt>
   <trkpt lat="43.6424990" lon="-79.3838900">
    <ele>80.3</ele>
    <time>2024-07-27T12:11:46Z</time>
   </trkpt>
   <trkpt lat="43.6425250" lon="-79.3839010">
    <ele>80.3</ele>
    <time>2024-07-27T12:11:47Z</time>
   </trkpt>
   <trkpt lat="43.6425560" lon="-79.3838990">
    <ele>80.2</ele>
    <time>2024-07-27T12:11:48Z</time>
   </trkpt>
   <trkpt lat="43.6425630" lon="-79.3838910">
    <ele>80.2</ele>
    <time>2024-07-27T12:11:49Z</time>
   </trkpt>
   <trkpt lat="43.6425940" lon="-79.3838720">
    <ele>80.2</ele>
    <time>2024-07-27T12:11:50Z</time>
   </trkpt>
   <trkpt lat="43.6426260" lon="-79.3838510">
    <ele>80.1</ele>
    <time>2024-07-27T12:11:51Z</time>
   </trkpt>
   <trkpt lat="43.6426550" lon="-79.3838440">
    <ele>80.1</ele>
    <time>2024-07-27T12:11:52Z</time>
   </trkpt>
   <trkpt lat="43.6426890" lon="-79.3838320">
    <ele>80.0</ele>
    <time>2024-07-27T12:11:53Z</time>
   </trkpt>
   <trkpt lat="43.6427030" lon="-79.3838310">
    <ele>80.0</ele>
    <time>2024-07-27T12:11:54Z</time>
   </trkpt>
   <trkpt lat="43.6427310" lon="-79.3838350">
    <ele>79.9</ele>
    <time>2024-07-27T12:11:55Z</time>
   </trkpt>
   <trkpt lat="43.6427630" lon="-79.3838560">
    <ele>79.8</ele>
    <time>2024-07-27T12:11:56Z</time>
   </trkpt>
   <trkpt lat="43.6427970" lon="-79.3838760">
    <ele>79.7</ele>
    <time>2024-07-27T12:11:57Z</time>
   </trkpt>
   <trkpt lat="43.6428090" lon="-79.3838800">
    <ele>79.7</ele>
    <time>2024-07-27T12:11:58Z</time>
   </trkpt>
   <trkpt lat="43.6428490" lon="-79.3838860">
    <ele>79.6</ele>
    <time>2024-07-27T12:11:59Z</time>
   </trkpt>
   <trkpt lat="43.6428660" lon="-79.3838780">
    <ele>79.7</ele>
    <time>2024-07-27T12:12:00Z</time>
   </trkpt>
   <trkpt lat="43.6428870" lon="-79.3838540">
    <ele>79.7</ele>
    <time>2024-07-27T12:12:01Z</time>
   </trkpt>
   <trkpt lat="43.6429000" lon="-79.3838210">
    <ele>79.7</ele>
    <time>2024-07-27T12:12:02Z</time>
   </trkpt>
   <trkpt lat="43.6429370" lon="-79.3838280">
    <ele>79.7</ele>
    <time>2024-07-27T12:12:03Z</time>
   </trkpt>
   <trkpt lat="43.6429470" lon="-79.3838280">
    <ele>79.7</ele>
    <time>2024-07-27T12:12:04Z</time>
   </trkpt>
   <trkpt lat="43.6429770" lon="-79.3838220">
    <ele>79.6</ele>
    <time>2024-07-27T12:12:05Z</time>
   </trkpt>
   <trkpt lat="43.6429850" lon="-79.3838110">
    <ele>79.7</ele>
    <time>2024-07-27T12:12:06Z</time>
   </trkpt>
   <trkpt lat="43.6429950" lon="-79.3837920">
    <ele>79.7</ele>
    <time>2024-07-27T12:12:07Z</time>
   </trkpt>
   <trkpt lat="43.6430110" lon="-79.3837770">
    <ele>79.6</ele>
    <time>2024-07-27T12:12:08Z</time>
   </trkpt>
   <trkpt lat="43.6430410" lon="-79.3838060">
    <ele>79.5</ele>
    <time>2024-07-27T12:12:09Z</time>
   </trkpt>
   <trkpt lat="43.6430500" lon="-79.3838140">
    <ele>79.6</ele>
    <time>2024-07-27T12:12:10Z</time>
   </trkpt>
   <trkpt lat="43.6430490" lon="-79.3837800">
    <ele>79.6</ele>
    <time>2024-07-27T12:12:11Z</time>
   </trkpt>
   <trkpt lat="43.6430410" lon="-79.3837600">
    <ele>79.7</ele>
    <time>2024-07-27T12:12:12Z</time>
   </trkpt>
   <trkpt lat="43.6430770" lon="-79.3837460">
    <ele>79.6</ele>
    <time>2024-07-27T12:12:13Z</time>
   </trkpt>
   <trkpt lat="43.6430950" lon="-79.3837450">
    <ele>79.5</ele>
    <time>2024-07-27T12:12:14Z</time>
   </trkpt>
   <trkpt lat="43.6431300" lon="-79.3837410">
    <ele>79.3</ele>
    <time>2024-07-27T12:12:15Z</time>
   </trkpt>
   <trkpt lat="43.6431420" lon="-79.3837360">
    <ele>79.4</ele>
    <time>2024-07-27T12:12:16Z</time>
   </trkpt>
   <trkpt lat="43.6431730" lon="-79.3837810">
    <ele>79.3</ele>
    <time>2024-07-27T12:12:17Z</time>
   </trkpt>
   <trkpt lat="43.6431860" lon="-79.3838260">
    <ele>79.3</ele>
    <time>2024-07-27T12:12:18Z</time>
   </trkpt>
   <trkpt lat="43.6432050" lon="-79.3838350">
    <ele>79.2</ele>
    <time>2024-07-27T12:12:19Z</time>
   </trkpt>
   <trkpt lat="43.6432170" lon="-79.3838370">
    <ele>79.3</ele>
    <time>2024-07-27T12:12:20Z</time>
   </trkpt>
   <trkpt lat="43.6432460" lon="-79.3838490">
    <ele>79.2</ele>
    <time>2024-07-27T12:12:22Z</time>
   </trkpt>
   <trkpt lat="43.6432560" lon="-79.3838540">
    <ele>79.1</ele>
    <time>2024-07-27T12:12:23Z</time>
   </trkpt>
   <trkpt lat="43.6432830" lon="-79.3838670">
    <ele>79.0</ele>
    <time>2024-07-27T12:12:24Z</time>
   </trkpt>
   <trkpt lat="43.6432920" lon="-79.3838720">
    <ele>79.0</ele>
    <time>2024-07-27T12:12:25Z</time>
   </trkpt>
   <trkpt lat="43.6433190" lon="-79.3838880">
    <ele>78.9</ele>
    <time>2024-07-27T12:12:26Z</time>
   </trkpt>
   <trkpt lat="43.6433280" lon="-79.3838920">
    <ele>79.0</ele>
    <time>2024-07-27T12:12:27Z</time>
   </trkpt>
   <trkpt lat="43.6433560" lon="-79.3839070">
    <ele>78.9</ele>
    <time>2024-07-27T12:12:28Z</time>
   </trkpt>
   <trkpt lat="43.6433650" lon="-79.3839120">
    <ele>78.9</ele>
    <time>2024-07-27T12:12:29Z</time>
   </trkpt>
   <trkpt lat="43.6443850" lon="-79.3844560">
    <ele>80.5</ele>
    <time>2024-07-27T12:12:47Z</time>
   </trkpt>
   <trkpt lat="43.6454050" lon="-79.3850010">
    <ele>83.5</ele>
    <time>2024-07-27T12:12:48Z</time>
   </trkpt>
   <trkpt lat="43.6464250" lon="-79.3855460">
    <ele>85.1</ele>
    <time>2024-07-27T12:12:51Z</time>
   </trkpt>
   <trkpt lat="43.6463280" lon="-79.3855960">
    <ele>85.1</ele>
    <time>2024-07-27T12:12:52Z</time>
   </trkpt>
   <trkpt lat="43.6464780" lon="-79.3857230">
    <ele>85.1</ele>
    <time>2024-07-27T12:12:53Z</time>
   </trkpt>
   <trkpt lat="43.6463720" lon="-79.3855660">
    <ele>85.0</ele>
    <time>2024-07-27T12:12:54Z</time>
   </trkpt>
   <trkpt lat="43.6458530" lon="-79.3854550">
    <ele>84.5</ele>
    <time>2024-07-27T12:12:55Z</time>
   </trkpt>
   <trkpt lat="43.6451480" lon="-79.3851600">
    <ele>83.4</ele>
    <time>2024-07-27T12:12:56Z</time>
   </trkpt>
   <trkpt lat="43.6449800" lon="-79.3851700">
    <ele>83.1</ele>
    <time>2024-07-27T12:12:57Z</time>
   </trkpt>
   <trkpt lat="43.6448920" lon="-79.3852060">
    <ele>82.9</ele>
    <time>2024-07-27T12:12:58Z</time>
   </trkpt>
   <trkpt lat="43.6448580" lon="-79.3852280">
    <ele>82.9</ele>
    <time>2024-07-27T12:12:59Z</time>
   </trkpt>
   <trkpt lat="43.6448110" lon="-79.3852300">
    <ele>82.8</ele>
    <time>2024-07-27T12:13:00Z</time>
   </trkpt>
   <trkpt lat="43.6448130" lon="-79.3852410">
    <ele>82.8</ele>
    <time>2024-07-27T12:13:01Z</time>
   </trkpt>
   <trkpt lat="43.6448230" lon="-79.3852420">
    <ele>82.8</ele>
    <time>2024-07-27T12:13:02Z</time>
   </trkpt>
   <trkpt lat="43.6448280" lon="-79.3852250">
    <ele>82.8</ele>
    <time>2024-07-27T12:13:03Z</time>
   </trkpt>
   <trkpt lat="43.6448310" lon="-79.3851900">
    <ele>82.8</ele>
    <time>2024-07-27T12:13:04Z</time>
   </trkpt>
   <trkpt lat="43.6447980" lon="-79.3850990">
    <ele>82.7</ele>
    <time>2024-07-27T12:13:05Z</time>
   </trkpt>
   <trkpt lat="43.6447620" lon="-79.3850350">
    <ele>82.7</ele>
    <time>2024-07-27T12:13:06Z</time>
   </trkpt>
   <trkpt lat="43.6448060" lon="-79.3850220">
    <ele>82.7</ele>
    <time>2024-07-27T12:13:07Z</time>
   </trkpt>
   <trkpt lat="43.6448240" lon="-79.3850140">
    <ele>82.7</ele>
    <time>2024-07-27T12:13:08Z</time>
   </trkpt>
   <trkpt lat="43.6447800" lon="-79.3850000">
    <ele>82.7</ele>
    <time>2024-07-27T12:13:09Z</time>
   </trkpt>
   <trkpt lat="43.6448140" lon="-79.3850010">
    <ele>82.7</ele>
    <time>2024-07-27T12:13:10Z</time>
   </trkpt>
   <trkpt lat="43.6448270" lon="-79.3850040">
    <ele>82.7</ele>
    <time>2024-07-27T12:13:11Z</time>
   </trkpt>
   <trkpt lat="43.6449270" lon="-79.3850040">
    <ele>82.9</ele>
    <time>2024-07-27T12:13:12Z</time>
   </trkpt>
   <trkpt lat="43.6449180" lon="-79.3850130">
    <ele>82.9</ele>
    <time>2024-07-27T12:13:13Z</time>
   </trkpt>
   <trkpt lat="43.6449170" lon="-79.3850410">
    <ele>82.9</ele>
    <time>2024-07-27T12:13:14Z</time>
   </trkpt>
   <trkpt lat="43.6449170" lon="-79.3850450">
    <ele>82.9</ele>
    <time>2024-07-27T12:13:15Z</time>
   </trkpt>
   <trkpt lat="43.6449090" lon="-79.3849990">
    <ele>83.0</ele>
    <time>2024-07-27T12:13:16Z</time>
   </trkpt>
   <trkpt lat="43.6449320" lon="-79.3849640">
    <ele>83.0</ele>
    <time>2024-07-27T12:13:17Z</time>
   </trkpt>
   <trkpt lat="43.6449620" lon="-79.3849550">
    <ele>83.1</ele>
    <time>2024-07-27T12:13:18Z</time>
   </trkpt>
   <trkpt lat="43.6449720" lon="-79.3849590">
    <ele>83.1</ele>
    <time>2024-07-27T12:13:19Z</time>
   </trkpt>
   <trkpt lat="43.6449930" lon="-79.3849730">
    <ele>83.1</ele>
    <time>2024-07-27T12:13:20Z</time>
   </trkpt>
   <trkpt lat="43.6450060" lon="-79.3849660">
    <ele>83.2</ele>
    <time>2024-07-27T12:13:21Z</time>
   </trkpt>
   <trkpt lat="43.6450150" lon="-79.3849720">
    <ele>83.2</ele>
    <time>2024-07-27T12:13:22Z</time>
   </trkpt>
   <trkpt lat="43.6450270" lon="-79.3849730">
    <ele>83.2</ele>
    <time>2024-07-27T12:13:23Z</time>
   </trkpt>
   <trkpt lat="43.6450390" lon="-79.3849750">
    <ele>83.2</ele>
    <time>2024-07-27T12:13:24Z</time>
   </trkpt>
   <trkpt lat="43.6450510" lon="-79.3849760">
    <ele>83.2</ele>
    <time>2024-07-27T12:13:25Z</time>
   </trkpt>
   <trkpt lat="43.6450560" lon="-79.3849790">
    <ele>83.2</ele>
    <time>2024-07-27T12:13:26Z</time>
   </trkpt>
   <trkpt lat="43.6450570" lon="-79.3850000">
    <ele>83.3</ele>
    <time>2024-07-27T12:13:27Z</time>
   </trkpt>
   <trkpt lat="43.6450660" lon="-79.3850050">
    <ele>83.3</ele>
    <time>2024-07-27T12:13:28Z</time>
   </trkpt>
   <trkpt lat="43.6450650" lon="-79.3850210">
    <ele>83.3</ele>
    <time>2024-07-27T12:13:29Z</time>
   </trkpt>
   <trkpt lat="43.6450850" lon="-79.3850240">
    <ele>83.3</ele>
    <time>2024-07-27T12:13:30Z</time>
   </trkpt>
   <trkpt lat="43.6450860" lon="-79.3850400">
    <ele>83.3</ele>
    <time>2024-07-27T12:13:31Z</time>
   </trkpt>
   <trkpt lat="43.6450880" lon="-79.3850490">
    <ele>83.3</ele>
    <time>2024-07-27T12:13:32Z</time>
   </trkpt>
   <trkpt lat="43.6451060" lon="-79.3850570">
    <ele>83.4</ele>
    <time>2024-07-27T12:13:33Z</time>
   </trkpt>
   <trkpt lat="43.6451010" lon="-79.3850580">
    <ele>83.4</ele>
    <time>2024-07-27T12:13:34Z</time>
   </trkpt>
   <trkpt lat="43.6451050" lon="-79.3850640">
    <ele>83.4</ele>
    <time>2024-07-27T12:13:35Z</time>
   </trkpt>
   <trkpt lat="43.6451060" lon="-79.3850600">
    <ele>83.4</ele>
    <time>2024-07-27T12:13:36Z</time>
   </trkpt>
   <trkpt lat="43.6451180" lon="-79.3850600">
    <ele>83.4</ele>
    <time>2024-07-27T12:13:37Z</time>
   </trkpt>
   <trkpt lat="43.6451660" lon="-79.3850920">
    <ele>83.4</ele>
    <time>2024-07-27T12:13:38Z</time>
   </trkpt>
   <trkpt lat="43.6451590" lon="-79.3850970">
    <ele>83.5</ele>
    <time>2024-07-27T12:13:39Z</time>
   </trkpt>
   <trkpt lat="43.6451680" lon="-79.3851020">
    <ele>83.5</ele>
    <time>2024-07-27T12:13:40Z</time>
   </trkpt>
   <trkpt lat="43.6451760" lon="-79.3851100">
    <ele>83.5</ele>
    <time>2024-07-27T12:13:41Z</time>
   </trkpt>
   <trkpt lat="43.6451850" lon="-79.3851160">
    <ele>83.5</ele>
    <time>2024-07-27T12:13:42Z</time>
   </trkpt>
   <trkpt lat="43.6451860" lon="-79.3851170">
    <ele>83.5</ele>
    <time>2024-07-27T12:13:43Z</time>
   </trkpt>
   <trkpt lat="43.6452110" lon="-79.3851350">
    <ele>83.5</ele>
    <time>2024-07-27T12:13:44Z</time>
   </trkpt>
   <trkpt lat="43.6452220" lon="-79.3851420">
    <ele>83.5</ele>
    <time>2024-07-27T12:13:45Z</time>
   </trkpt>
   <trkpt lat="43.6452390" lon="-79.3851540">
    <ele>83.6</ele>
    <time>2024-07-27T12:13:46Z</time>
   </trkpt>
   <trkpt lat="43.6452490" lon="-79.3851600">
    <ele>83.6</ele>
    <time>2024-07-27T12:13:47Z</time>
   </trkpt>
   <trkpt lat="43.6452590" lon="-79.3851670">
    <ele>83.6</ele>
    <time>2024-07-27T12:13:48Z</time>
   </trkpt>
   <trkpt lat="43.6452680" lon="-79.3851670">
    <ele>83.6</ele>
    <time>2024-07-27T12:13:49Z</time>
   </trkpt>
   <trkpt lat="43.6452870" lon="-79.3851780">
    <ele>83.6</ele>
    <time>2024-07-27T12:13:50Z</time>
   </trkpt>
   <trkpt lat="43.6453620" lon="-79.3852160">
    <ele>83.7</ele>
    <time>2024-07-27T12:13:51Z</time>
   </trkpt>
   <trkpt lat="43.6453720" lon="-79.3852330">
    <ele>83.8</ele>
    <time>2024-07-27T12:13:52Z</time>
   </trkpt>
   <trkpt lat="43.6453790" lon="-79.3852480">
    <ele>83.8</ele>
    <time>2024-07-27T12:13:53Z</time>
   </trkpt>
   <trkpt lat="43.6453860" lon="-79.3852620">
    <ele>83.8</ele>
    <time>2024-07-27T12:13:54Z</time>
   </trkpt>
   <trkpt lat="43.6454300" lon="-79.3852250">
    <ele>83.8</ele>
    <time>2024-07-27T12:13:55Z</time>
   </trkpt>
   <trkpt lat="43.6454650" lon="-79.3851740">
    <ele>83.9</ele>
    <time>2024-07-27T12:13:56Z</time>
   </trkpt>
   <trkpt lat="43.6455520" lon="-79.3852500">
    <ele>84.0</ele>
    <time>2024-07-27T12:13:57Z</time>
   </trkpt>
   <trkpt lat="43.6455920" lon="-79.3852300">
    <ele>84.0</ele>
    <time>2024-07-27T12:13:58Z</time>
   </trkpt>
   <trkpt lat="43.6456240" lon="-79.3852290">
    <ele>84.0</ele>
    <time>2024-07-27T12:13:59Z</time>
   </trkpt>
   <trkpt lat="43.6456500" lon="-79.3852160">
    <ele>84.0</ele>
    <time>2024-07-27T12:14:00Z</time>
   </trkpt>
   <trkpt lat="43.6456750" lon="-79.3852490">
    <ele>84.1</ele>
    <time>2024-07-27T12:14:01Z</time>
   </trkpt>
   <trkpt lat="43.6457270" lon="-79.3853030">
    <ele>84.1</ele>
    <time>2024-07-27T12:14:02Z</time>
   </trkpt>
   <trkpt lat="43.6457520" lon="-79.3853280">
    <ele>84.2</ele>
    <time>2024-07-27T12:14:03Z</time>
   </trkpt>
   <trkpt lat="43.6457480" lon="-79.3853310">
    <ele>84.2</ele>
    <time>2024-07-27T12:14:04Z</time>
   </trkpt>
   <trkpt lat="43.6457600" lon="-79.3853540">
    <ele>84.2</ele>
    <time>2024-07-27T12:14:05Z</time>
   </trkpt>
   <trkpt lat="43.6457710" lon="-79.3853760">
    <ele>84.2</ele>
    <time>2024-07-27T12:14:06Z</time>
   </trkpt>
   <trkpt lat="43.6457710" lon="-79.3853950">
    <ele>84.2</ele>
    <time>2024-07-27T12:14:07Z</time>
   </trkpt>
   <trkpt lat="43.6457890" lon="-79.3854090">
    <ele>84.2</ele>
    <time>2024-07-27T12:14:08Z</time>
   </trkpt>
   <trkpt lat="43.6457980" lon="-79.3854230">
    <ele>84.3</ele>
    <time>2024-07-27T12:14:09Z</time>
   </trkpt>
   <trkpt lat="43.6458030" lon="-79.3854470">
    <ele>84.3</ele>
    <time>2024-07-27T12:14:10Z</time>
   </trkpt>
   <trkpt lat="43.6458220" lon="-79.3854690">
    <ele>84.3</ele>
    <time>2024-07-27T12:14:11Z</time>
   </trkpt>
   <trkpt lat="43.6458320" lon="-79.3854850">
    <ele>84.3</ele>
    <time>2024-07-27T12:14:12Z</time>
   </trkpt>
   <trkpt lat="43.6458500" lon="-79.3855220">
    <ele>84.4</ele>
    <time>2024-07-27T12:14:13Z</time>
   </trkpt>
   <trkpt lat="43.6458520" lon="-79.3855340">
    <ele>84.4</ele>
    <time>2024-07-27T12:14:14Z</time>
   </trkpt>
   <trkpt lat="43.6458700" lon="-79.3855380">
    <ele>84.4</ele>
    <time>2024-07-27T12:14:15Z</time>
   </trkpt>
   <trkpt lat="43.6458690" lon="-79.3855480">
    <ele>84.4</ele>
    <time>2024-07-27T12:14:16Z</time>
   </trkpt>
   <trkpt lat="43.6458780" lon="-79.3855470">
    <ele>84.4</ele>
    <time>2024-07-27T12:14:17Z</time>
   </trkpt>
   <trkpt lat="43.6458770" lon="-79.3855510">
    <ele>84.4</ele>
    <time>2024-07-27T12:14:18Z</time>
   </trkpt>
   <trkpt lat="43.6459000" lon="-79.3855520">
    <ele>84.4</ele>
    <time>2024-07-27T12:14:19Z</time>
   </trkpt>
   <trkpt lat="43.6459120" lon="-79.3855550">
    <ele>84.4</ele>
    <time>2024-07-27T12:14:20Z</time>
   </trkpt>
   <trkpt lat="43.6459230" lon="-79.3855570">
    <ele>84.5</ele>
    <time>2024-07-27T12:14:21Z</time>
   </trkpt>
   <trkpt lat="43.6459130" lon="-79.3855690">
    <ele>84.5</ele>
    <time>2024-07-27T12:14:22Z</time>
   </trkpt>
   <trkpt lat="43.6459000" lon="-79.3855810">
    <ele>84.5</ele>
    <time>2024-07-27T12:14:23Z</time>
   </trkpt>
   <trkpt lat="43.6458870" lon="-79.3855930">
    <ele>84.5</ele>
    <time>2024-07-27T12:14:24Z</time>
   </trkpt>
   <trkpt lat="43.6458770" lon="-79.3855900">
    <ele>84.5</ele>
    <time>2024-07-27T12:14:25Z</time>
   </trkpt>
   <trkpt lat="43.6459140" lon="-79.3855760">
    <ele>84.6</ele>
    <time>2024-07-27T12:14:26Z</time>
   </trkpt>
   <trkpt lat="43.6459440" lon="-79.3855680">
    <ele>84.6</ele>
    <time>2024-07-27T12:14:27Z</time>
   </trkpt>
   <trkpt lat="43.6459510" lon="-79.3855670">
    <ele>84.6</ele>
    <time>2024-07-27T12:14:28Z</time>
   </trkpt>
   <trkpt lat="43.6459580" lon="-79.3855660">
    <ele>84.6</ele>
    <time>2024-07-27T12:14:29Z</time>
   </trkpt>
   <trkpt lat="43.6459780" lon="-79.3855540">
    <ele>84.6</ele>
    <time>2024-07-27T12:14:30Z</time>
   </trkpt>
   <trkpt lat="43.6459990" lon="-79.3855430">
    <ele>84.7</ele>
    <time>2024-07-27T12:14:31Z</time>
   </trkpt>
   <trkpt lat="43.6460060" lon="-79.3855380">
    <ele>84.7</ele>
    <time>2024-07-27T12:14:32Z</time>
   </trkpt>
   <trkpt lat="43.6460130" lon="-79.3855340">
    <ele>84.7</ele>
    <time>2024-07-27T12:14:33Z</time>
   </trkpt>
   <trkpt lat="43.6460080" lon="-79.3855220">
    <ele>84.7</ele>
    <time>2024-07-27T12:14:34Z</time>
   </trkpt>
   <trkpt lat="43.6460200" lon="-79.3855040">
    <ele>84.7</ele>
    <time>2024-07-27T12:14:35Z</time>
   </trkpt>
   <trkpt lat="43.6460210" lon="-79.3854990">
    <ele>84.7</ele>
    <time>2024-07-27T12:14:36Z</time>
   </trkpt>
   <trkpt lat="43.6460310" lon="-79.3854890">
    <ele>84.7</ele>
    <time>2024-07-27T12:14:37Z</time>
   </trkpt>
   <trkpt lat="43.6460320" lon="-79.3854850">
    <ele>84.7</ele>
    <time>2024-07-27T12:14:38Z</time>
   </trkpt>
   <trkpt lat="43.6460340" lon="-79.3854810">
    <ele>84.7</ele>
    <time>2024-07-27T12:14:39Z</time>
   </trkpt>
   <trkpt lat="43.6460360" lon="-79.3854770">
    <ele>84.7</ele>
    <time>2024-07-27T12:14:40Z</time>
   </trkpt>
   <trkpt lat="43.6460380" lon="-79.3854730">
    <ele>84.7</ele>
    <time>2024-07-27T12:14:41Z</time>
   </trkpt>
   <trkpt lat="43.6460390" lon="-79.3854690">
    <ele>84.6</ele>
    <time>2024-07-27T12:14:42Z</time>
   </trkpt>
   <trkpt lat="43.6460410" lon="-79.3854650">
    <ele>84.6</ele>
    <time>2024-07-27T12:14:43Z</time>
   </trkpt>
   <trkpt lat="43.6460430" lon="-79.3854610">
    <ele>84.6</ele>
    <time>2024-07-27T12:14:44Z</time>
   </trkpt>
   <trkpt lat="43.6460450" lon="-79.3854570">
    <ele>84.6</ele>
    <time>2024-07-27T12:14:45Z</time>
   </trkpt>
   <trkpt lat="43.6460460" lon="-79.3854530">
    <ele>84.6</ele>
    <time>2024-07-27T12:14:46Z</time>
   </trkpt>
   <trkpt lat="43.6460440" lon="-79.3854530">
    <ele>84.6</ele>
    <time>2024-07-27T12:14:47Z</time>
   </trkpt>
   <trkpt lat="43.6460430" lon="-79.3854520">
    <ele>84.6</ele>
    <time>2024-07-27T12:14:48Z</time>
   </trkpt>
   <trkpt lat="43.6460410" lon="-79.3854520">
    <ele>84.6</ele>
    <time>2024-07-27T12:14:49Z</time>
   </trkpt>
   <trkpt lat="43.6460390" lon="-79.3854510">
    <ele>84.6</ele>
    <time>2024-07-27T12:14:50Z</time>
   </trkpt>
   <trkpt lat="43.6460370" lon="-79.3854500">
    <ele>84.6</ele>
    <time>2024-07-27T12:14:51Z</time>
   </trkpt>
   <trkpt lat="43.6460350" lon="-79.3854500">
    <ele>84.6</ele>
    <time>2024-07-27T12:14:52Z</time>
   </trkpt>
   <trkpt lat="43.6460340" lon="-79.3854490">
    <ele>84.6</ele>
    <time>2024-07-27T12:14:53Z</time>
   </trkpt>
   <trkpt lat="43.6460320" lon="-79.3854490">
    <ele>84.6</ele>
    <time>2024-07-27T12:14:54Z</time>
   </trkpt>
   <trkpt lat="43.6460300" lon="-79.3854480">
    <ele>84.6</ele>
    <time>2024-07-27T12:14:55Z</time>
   </trkpt>
   <trkpt lat="43.6460280" lon="-79.3854480">
    <ele>84.6</ele>
    <time>2024-07-27T12:14:56Z</time>
   </trkpt>
   <trkpt lat="43.6460260" lon="-79.3854470">
    <ele>84.6</ele>
    <time>2024-07-27T12:14:57Z</time>
   </trkpt>
   <trkpt lat="43.6460250" lon="-79.3854460">
    <ele>84.6</ele>
    <time>2024-07-27T12:14:58Z</time>
   </trkpt>
   <trkpt lat="43.6460230" lon="-79.3854460">
    <ele>84.6</ele>
    <time>2024-07-27T12:14:59Z</time>
   </trkpt>
   <trkpt lat="43.6460210" lon="-79.3854450">
    <ele>84.6</ele>
    <time>2024-07-27T12:15:00Z</time>
   </trkpt>
   <trkpt lat="43.6460190" lon="-79.3854450">
    <ele>84.6</ele>
    <time>2024-07-27T12:15:01Z</time>
   </trkpt>
   <trkpt lat="43.6460180" lon="-79.3854440">
    <ele>84.6</ele>
    <time>2024-07-27T12:15:02Z</time>
   </trkpt>
   <trkpt lat="43.6460160" lon="-79.3854440">
    <ele>84.6</ele>
    <time>2024-07-27T12:15:03Z</time>
   </trkpt>
   <trkpt lat="43.6460140" lon="-79.3854430">
    <ele>84.6</ele>
    <time>2024-07-27T12:15:04Z</time>
   </trkpt>
   <trkpt lat="43.6460120" lon="-79.3854420">
    <ele>84.6</ele>
    <time>2024-07-27T12:15:05Z</time>
   </trkpt>
   <trkpt lat="43.6460100" lon="-79.3854420">
    <ele>84.6</ele>
    <time>2024-07-27T12:15:06Z</time>
   </trkpt>
   <trkpt lat="43.6460090" lon="-79.3854410">
    <ele>84.6</ele>
    <time>2024-07-27T12:15:07Z</time>
   </trkpt>
   <trkpt lat="43.6460070" lon="-79.3854410">
    <ele>84.6</ele>
    <time>2024-07-27T12:15:08Z</time>
   </trkpt>
   <trkpt lat="43.6460050" lon="-79.3854400">
    <ele>84.6</ele>
    <time>2024-07-27T12:15:09Z</time>
   </trkpt>
   <trkpt lat="43.6460010" lon="-79.3854490">
    <ele>84.6</ele>
    <time>2024-07-27T12:15:10Z</time>
   </trkpt>
   <trkpt lat="43.6460370" lon="-79.3854450">
    <ele>84.7</ele>
    <time>2024-07-27T12:15:11Z</time>
   </trkpt>
   <trkpt lat="43.6460660" lon="-79.3854480">
    <ele>84.7</ele>
    <time>2024-07-27T12:15:12Z</time>
   </trkpt>
   <trkpt lat="43.6460940" lon="-79.3854550">
    <ele>84.7</ele>
    <time>2024-07-27T12:15:13Z</time>
   </trkpt>
   <trkpt lat="43.6461200" lon="-79.3854710">
    <ele>84.7</ele>
    <time>2024-07-27T12:15:14Z</time>
   </trkpt>
   <trkpt lat="43.6461270" lon="-79.3854780">
    <ele>84.8</ele>
    <time>2024-07-27T12:15:15Z</time>
   </trkpt>
   <trkpt lat="43.6461560" lon="-79.3854690">
    <ele>84.8</ele>
    <time>2024-07-27T12:15:16Z</time>
   </trkpt>
   <trkpt lat="43.6461660" lon="-79.3854650">
    <ele>84.8</ele>
    <time>2024-07-27T12:15:17Z</time>
   </trkpt>
   <trkpt lat="43.6461960" lon="-79.3854640">
    <ele>84.8</ele>
    <time>2024-07-27T12:15:18Z</time>
   </trkpt>
   <trkpt lat="43.6462070" lon="-79.3854630">
    <ele>84.8</ele>
    <time>2024-07-27T12:15:19Z</time>
   </trkpt>
   <trkpt lat="43.6462240" lon="-79.3854630">
    <ele>84.9</ele>
    <time>2024-07-27T12:15:20Z</time>
   </trkpt>
   <trkpt lat="43.6462410" lon="-79.3854690">
    <ele>84.9</ele>
    <time>2024-07-27T12:15:21Z</time>
   </trkpt>
   <trkpt lat="43.6462920" lon="-79.3855100">
    <ele>84.9</ele>
    <time>2024-07-27T12:15:22Z</time>
   </trkpt>
   <trkpt lat="43.6463120" lon="-79.3855620">
    <ele>85.0</ele>
    <time>2024-07-27T12:15:23Z</time>
   </trkpt>
   <trkpt lat="43.6463430" lon="-79.3855480">
    <ele>85.0</ele>
    <time>2024-07-27T12:15:24Z</time>
   </trkpt>
   <trkpt lat="43.6463610" lon="-79.3855570">
    <ele>85.0</ele>
    <time>2024-07-27T12:15:25Z</time>
   </trkpt>
   <trkpt lat="43.6463790" lon="-79.3855870">
    <ele>85.1</ele>
    <time>2024-07-27T12:15:26Z</time>
   </trkpt>
   <trkpt lat="43.6464140" lon="-79.3855780">
    <ele>85.1</ele>
    <time>2024-07-27T12:15:27Z</time>
   </trkpt>
   <trkpt lat="43.6464530" lon="-79.3855820">
    <ele>85.1</ele>
    <time>2024-07-27T12:15:28Z</time>
   </trkpt>
   <trkpt lat="43.6464670" lon="-79.3855940">
    <ele>85.1</ele>
    <time>2024-07-27T12:15:29Z</time>
   </trkpt>
   <trkpt lat="43.6464890" lon="-79.3855640">
    <ele>85.1</ele>
    <time>2024-07-27T12:15:30Z</time>
   </trkpt>
   <trkpt lat="43.6465270" lon="-79.3855580">
    <ele>85.2</ele>
    <time>2024-07-27T12:15:31Z</time>
   </trkpt>
   <trkpt lat="43.6465430" lon="-79.3855610">
    <ele>85.2</ele>
    <time>2024-07-27T12:15:32Z</time>
   </trkpt>
   <trkpt lat="43.6465730" lon="-79.3855650">
    <ele>85.2</ele>
    <time>2024-07-27T12:15:33Z</time>
   </trkpt>
   <trkpt lat="43.6466040" lon="-79.3855900">
    <ele>85.2</ele>
    <time>2024-07-27T12:15:34Z</time>
   </trkpt>
   <trkpt lat="43.6466160" lon="-79.3856070">
    <ele>85.2</ele>
    <time>2024-07-27T12:15:35Z</time>
   </trkpt>
   <trkpt lat="43.6466180" lon="-79.3856240">
    <ele>85.2</ele>
    <time>2024-07-27T12:15:36Z</time>
   </trkpt>
   <trkpt lat="43.6466400" lon="-79.3856310">
    <ele>85.3</ele>
    <time>2024-07-27T12:15:37Z</time>
   </trkpt>
   <trkpt lat="43.6466660" lon="-79.3856540">
    <ele>85.3</ele>
    <time>2024-07-27T12:15:38Z</time>
   </trkpt>
   <trkpt lat="43.6467010" lon="-79.3856770">
    <ele>85.3</ele>
    <time>2024-07-27T12:15:39Z</time>
   </trkpt>
   <trkpt lat="43.6467280" lon="-79.3856940">
    <ele>85.4</ele>
    <time>2024-07-27T12:15:40Z</time>
   </trkpt>
   <trkpt lat="43.6467400" lon="-79.3857110">
    <ele>85.4</ele>
    <time>2024-07-27T12:15:41Z</time>
   </trkpt>
   <trkpt lat="43.6467750" lon="-79.3857300">
    <ele>85.4</ele>
    <time>2024-07-27T12:15:42Z</time>
   </trkpt>
   <trkpt lat="43.6468080" lon="-79.3857730">
    <ele>85.5</ele>
    <time>2024-07-27T12:15:43Z</time>
   </trkpt>
   <trkpt lat="43.6468370" lon="-79.3857800">
    <ele>85.5</ele>
    <time>2024-07-27T12:15:44Z</time>
   </trkpt>
   <trkpt lat="43.6468490" lon="-79.3857850">
    <ele>85.5</ele>
    <time>2024-07-27T12:15:45Z</time>
   </trkpt>
   <trkpt lat="43.6468790" lon="-79.3858020">
    <ele>85.6</ele>
    <time>2024-07-27T12:15:46Z</time>
   </trkpt>
   <trkpt lat="43.6469160" lon="-79.3858330">
    <ele>85.6</ele>
    <time>2024-07-27T12:15:47Z</time>
   </trkpt>
   <trkpt lat="43.6469440" lon="-79.3858370">
    <ele>85.7</ele>
    <time>2024-07-27T12:15:48Z</time>
   </trkpt>
   <trkpt lat="43.6469820" lon="-79.3858540">
    <ele>85.7</ele>
    <time>2024-07-27T12:15:49Z</time>
   </trkpt>
   <trkpt lat="43.6470100" lon="-79.3858690">
    <ele>85.8</ele>
    <time>2024-07-27T12:15:50Z</time>
   </trkpt>
   <trkpt lat="43.6470240" lon="-79.3858810">
    <ele>85.8</ele>
    <time>2024-07-27T12:15:51Z</time>
   </trkpt>
   <trkpt lat="43.6470200" lon="-79.3859080">
    <ele>85.8</ele>
    <time>2024-07-27T12:15:52Z</time>
   </trkpt>
   <trkpt lat="43.6470610" lon="-79.3859420">
    <ele>85.9</ele>
    <time>2024-07-27T12:15:53Z</time>
   </trkpt>
   <trkpt lat="43.6470640" lon="-79.3859360">
    <ele>85.9</ele>
    <time>2024-07-27T12:15:54Z</time>
   </trkpt>
   <trkpt lat="43.6470870" lon="-79.3859520">
    <ele>85.9</ele>
    <time>2024-07-27T12:15:55Z</time>
   </trkpt>
   <trkpt lat="43.6471290" lon="-79.3859540">
    <ele>86.0</ele>
    <time>2024-07-27T12:15:56Z</time>
   </trkpt>
   <trkpt lat="43.6471540" lon="-79.3859600">
    <ele>86.0</ele>
    <time>2024-07-27T12:15:57Z</time>
   </trkpt>
   <trkpt lat="43.6471890" lon="-79.3859730">
    <ele>86.1</ele>
    <time>2024-07-27T12:15:58Z</time>
   </trkpt>
   <trkpt lat="43.6472000" lon="-79.3859790">
    <ele>86.1</ele>
    <time>2024-07-27T12:15:59Z</time>
   </trkpt>
   <trkpt lat="43.6472370" lon="-79.3859790">
    <ele>86.1</ele>
    <time>2024-07-27T12:16:00Z</time>
   </trkpt>
   <trkpt lat="43.6472490" lon="-79.3859830">
    <ele>86.1</ele>
    <time>2024-07-27T12:16:01Z</time>
   </trkpt>
   <trkpt lat="43.6472760" lon="-79.3859910">
    <ele>86.1</ele>
    <time>2024-07-27T12:16:02Z</time>
   </trkpt>
   <trkpt lat="43.6472860" lon="-79.3859960">
    <ele>86.2</ele>
    <time>2024-07-27T12:16:03Z</time>
   </trkpt>
   <trkpt lat="43.6473220" lon="-79.3860030">
    <ele>86.2</ele>
    <time>2024-07-27T12:16:04Z</time>
   </trkpt>
   <trkpt lat="43.6473320" lon="-79.3860100">
    <ele>86.2</ele>
    <time>2024-07-27T12:16:05Z</time>
   </trkpt>
   <trkpt lat="43.6473500" lon="-79.3860250">
    <ele>86.3</ele>
    <time>2024-07-27T12:16:06Z</time>
   </trkpt>
   <trkpt lat="43.6473780" lon="-79.3860070">
    <ele>86.3</ele>
    <time>2024-07-27T12:16:07Z</time>
   </trkpt>
   <trkpt lat="43.6473870" lon="-79.3860080">
    <ele>86.3</ele>
    <time>2024-07-27T12:16:08Z</time>
   </trkpt>
   <trkpt lat="43.6474080" lon="-79.3860000">
    <ele>86.3</ele>
    <time>2024-07-27T12:16:09Z</time>
   </trkpt>
   <trkpt lat="43.6474200" lon="-79.3859950">
    <ele>86.4</ele>
    <time>2024-07-27T12:16:10Z</time>
   </trkpt>
   <trkpt lat="43.6474320" lon="-79.3859910">
    <ele>86.4</ele>
    <time>2024-07-27T12:16:11Z</time>
   </trkpt>
   <trkpt lat="43.6474680" lon="-79.3860190">
    <ele>86.5</ele>
    <time>2024-07-27T12:16:12Z</time>
   </trkpt>
   <trkpt lat="43.6474800" lon="-79.3860310">
    <ele>86.5</ele>
    <time>2024-07-27T12:16:13Z</time>
   </trkpt>
   <trkpt lat="43.6475040" lon="-79.3860500">
    <ele>86.6</ele>
    <time>2024-07-27T12:16:14Z</time>
   </trkpt>
   <trkpt lat="43.6475210" lon="-79.3860480">
    <ele>86.7</ele>
    <time>2024-07-27T12:16:15Z</time>
   </trkpt>
   <trkpt lat="43.6475390" lon="-79.3860550">
    <ele>86.8</ele>
    <time>2024-07-27T12:16:16Z</time>
   </trkpt>
   <trkpt lat="43.6475650" lon="-79.3860720">
    <ele>86.9</ele>
    <time>2024-07-27T12:16:17Z</time>
   </trkpt>
   <trkpt lat="43.6475720" lon="-79.3860790">
    <ele>86.9</ele>
    <time>2024-07-27T12:16:18Z</time>
   </trkpt>
   <trkpt lat="43.6476020" lon="-79.3860880">
    <ele>87.0</ele>
    <time>2024-07-27T12:16:19Z</time>
   </trkpt>
   <trkpt lat="43.6476120" lon="-79.3860830">
    <ele>87.0</ele>
    <time>2024-07-27T12:16:20Z</time>
   </trkpt>
   <trkpt lat="43.6476540" lon="-79.3860920">
    <ele>87.1</ele>
    <time>2024-07-27T12:16:21Z</time>
   </trkpt>
   <trkpt lat="43.6476820" lon="-79.3861150">
    <ele>87.2</ele>
    <time>2024-07-27T12:16:22Z</time>
   </trkpt>
   <trkpt lat="43.6477120" lon="-79.3861380">
    <ele>87.3</ele>
    <time>2024-07-27T12:16:23Z</time>
   </trkpt>
   <trkpt lat="43.6477230" lon="-79.3861450">
    <ele>87.3</ele>
    <time>2024-07-27T12:16:24Z</time>
   </trkpt>
   <trkpt lat="43.6477500" lon="-79.3861360">
    <ele>87.4</ele>
    <time>2024-07-27T12:16:25Z</time>
   </trkpt>
   <trkpt lat="43.6477590" lon="-79.3861320">
    <ele>87.4</ele>
    <time>2024-07-27T12:16:26Z</time>
   </trkpt>
   <trkpt lat="43.6477960" lon="-79.3861370">
    <ele>87.5</ele>
    <time>2024-07-27T12:16:27Z</time>
   </trkpt>
   <trkpt lat="43.6478300" lon="-79.3861360">
    <ele>87.5</ele>
    <time>2024-07-27T12:16:28Z</time>
   </trkpt>
   <trkpt lat="43.6478460" lon="-79.3861580">
    <ele>87.6</ele>
    <time>2024-07-27T12:16:29Z</time>
   </trkpt>
   <trkpt lat="43.6478480" lon="-79.3861740">
    <ele>87.6</ele>
    <time>2024-07-27T12:16:30Z</time>
   </trkpt>
   <trkpt lat="43.6478910" lon="-79.3861710">
    <ele>87.7</ele>
    <time>2024-07-27T12:16:31Z</time>
   </trkpt>
   <trkpt lat="43.6479130" lon="-79.3861750">
    <ele>87.8</ele>
    <time>2024-07-27T12:16:32Z</time>
   </trkpt>
   <trkpt lat="43.6479200" lon="-79.3861800">
    <ele>87.8</ele>
    <time>2024-07-27T12:16:33Z</time>
   </trkpt>
   <trkpt lat="43.6479280" lon="-79.3861840">
    <ele>87.8</ele>
    <time>2024-07-27T12:16:34Z</time>
   </trkpt>
   <trkpt lat="43.6479350" lon="-79.3861890">
    <ele>87.8</ele>
    <time>2024-07-27T12:16:35Z</time>
   </trkpt>
   <trkpt lat="43.6479400" lon="-79.3861980">
    <ele>87.9</ele>
    <time>2024-07-27T12:16:36Z</time>
   </trkpt>
   <trkpt lat="43.6479530" lon="-79.3862070">
    <ele>87.9</ele>
    <time>2024-07-27T12:16:37Z</time>
   </trkpt>
   <trkpt lat="43.6479470" lon="-79.3862290">
    <ele>87.8</ele>
    <time>2024-07-27T12:16:38Z</time>
   </trkpt>
   <trkpt lat="43.6479530" lon="-79.3862680">
    <ele>87.7</ele>
    <time>2024-07-27T12:16:39Z</time>
   </trkpt>
   <trkpt lat="43.6479540" lon="-79.3862980">
    <ele>87.6</ele>
    <time>2024-07-27T12:16:40Z</time>
   </trkpt>
   <trkpt lat="43.6479560" lon="-79.3863270">
    <ele>87.6</ele>
    <time>2024-07-27T12:16:41Z</time>
   </trkpt>
   <trkpt lat="43.6479590" lon="-79.3863430">
    <ele>87.5</ele>
    <time>2024-07-27T12:16:42Z</time>
   </trkpt>
   <trkpt lat="43.6479620" lon="-79.3863480">
    <ele>87.5</ele>
    <time>2024-07-27T12:16:43Z</time>
   </trkpt>
   <trkpt lat="43.6479710" lon="-79.3863620">
    <ele>87.5</ele>
    <time>2024-07-27T12:16:44Z</time>
   </trkpt>
   <trkpt lat="43.6479800" lon="-79.3864150">
    <ele>87.4</ele>
    <time>2024-07-27T12:16:45Z</time>
   </trkpt>
   <trkpt lat="43.6479850" lon="-79.3864620">
    <ele>87.4</ele>
    <time>2024-07-27T12:16:46Z</time>
   </trkpt>
   <trkpt lat="43.6479910" lon="-79.3865090">
    <ele>87.4</ele>
    <time>2024-07-27T12:16:47Z</time>
   </trkpt>
   <trkpt lat="43.6479980" lon="-79.3865740">
    <ele>87.4</ele>
    <time>2024-07-27T12:16:48Z</time>
   </trkpt>
   <trkpt lat="43.6480040" lon="-79.3866010">
    <ele>87.5</ele>
    <time>2024-07-27T12:16:49Z</time>
   </trkpt>
   <trkpt lat="43.6480150" lon="-79.3866580">
    <ele>87.5</ele>
    <time>2024-07-27T12:16:50Z</time>
   </trkpt>
   <trkpt lat="43.6480200" lon="-79.3866830">
    <ele>87.5</ele>
    <time>2024-07-27T12:16:51Z</time>
   </trkpt>
   <trkpt lat="43.6480270" lon="-79.3867010">
    <ele>87.5</ele>
    <time>2024-07-27T12:16:52Z</time>
   </trkpt>
   <trkpt lat="43.6479740" lon="-79.3867810">
    <ele>87.5</ele>
    <time>2024-07-27T12:16:53Z</time>
   </trkpt>
   <trkpt lat="43.6479700" lon="-79.3868410">
    <ele>87.5</ele>
    <time>2024-07-27T12:16:54Z</time>
   </trkpt>
   <trkpt lat="43.6479610" lon="-79.3868690">
    <ele>87.4</ele>
    <time>2024-07-27T12:16:55Z</time>
   </trkpt>
   <trkpt lat="43.6479460" lon="-79.3869310">
    <ele>87.4</ele>
    <time>2024-07-27T12:16:56Z</time>
   </trkpt>
   <trkpt lat="43.6479260" lon="-79.3870110">
    <ele>87.4</ele>
    <time>2024-07-27T12:16:57Z</time>
   </trkpt>
   <trkpt lat="43.6479080" lon="-79.3870410">
    <ele>87.4</ele>
    <time>2024-07-27T12:16:58Z</time>
   </trkpt>
   <trkpt lat="43.6478660" lon="-79.3871020">
    <ele>87.4</ele>
    <time>2024-07-27T12:16:59Z</time>
   </trkpt>
   <trkpt lat="43.6479140" lon="-79.3871470">
    <ele>87.3</ele>
    <time>2024-07-27T12:17:00Z</time>
   </trkpt>
   <trkpt lat="43.6479610" lon="-79.3872340">
    <ele>87.2</ele>
    <time>2024-07-27T12:17:01Z</time>
   </trkpt>
   <trkpt lat="43.6479500" lon="-79.3873160">
    <ele>87.2</ele>
    <time>2024-07-27T12:17:02Z</time>
   </trkpt>
   <trkpt lat="43.6479670" lon="-79.3873800">
    <ele>87.2</ele>
    <time>2024-07-27T12:17:03Z</time>
   </trkpt>
   <trkpt lat="43.6479730" lon="-79.3873200">
    <ele>87.2</ele>
    <time>2024-07-27T12:17:04Z</time>
   </trkpt>
   <trkpt lat="43.6479260" lon="-79.3873350">
    <ele>87.2</ele>
    <time>2024-07-27T12:17:05Z</time>
   </trkpt>
   <trkpt lat="43.6479470" lon="-79.3873700">
    <ele>87.2</ele>
    <time>2024-07-27T12:17:06Z</time>
   </trkpt>
   <trkpt lat="43.6479720" lon="-79.3873820">
    <ele>87.3</ele>
    <time>2024-07-27T12:17:07Z</time>
   </trkpt>
   <trkpt lat="43.6479650" lon="-79.3873990">
    <ele>87.3</ele>
    <time>2024-07-27T12:17:08Z</time>
   </trkpt>
   <trkpt lat="43.6479460" lon="-79.3874210">
    <ele>87.3</ele>
    <time>2024-07-27T12:17:09Z</time>
   </trkpt>
   <trkpt lat="43.6479500" lon="-79.3874410">
    <ele>87.3</ele>
    <time>2024-07-27T12:17:10Z</time>
   </trkpt>
   <trkpt lat="43.6479480" lon="-79.3874790">
    <ele>87.3</ele>
    <time>2024-07-27T12:17:11Z</time>
   </trkpt>
   <trkpt lat="43.6479430" lon="-79.3874950">
    <ele>87.3</ele>
    <time>2024-07-27T12:17:12Z</time>
   </trkpt>
   <trkpt lat="43.6478560" lon="-79.3875740">
    <ele>87.3</ele>
    <time>2024-07-27T12:17:13Z</time>
   </trkpt>
   <trkpt lat="43.6478370" lon="-79.3876020">
    <ele>87.3</ele>
    <time>2024-07-27T12:17:14Z</time>
   </trkpt>
   <trkpt lat="43.6478240" lon="-79.3876150">
    <ele>87.3</ele>
    <time>2024-07-27T12:17:15Z</time>
   </trkpt>
   <trkpt lat="43.6478240" lon="-79.3876310">
    <ele>87.3</ele>
    <time>2024-07-27T12:17:16Z</time>
   </trkpt>
   <trkpt lat="43.6478180" lon="-79.3876580">
    <ele>87.3</ele>
    <time>2024-07-27T12:17:18Z</time>
   </trkpt>
   <trkpt lat="43.6477720" lon="-79.3877450">
    <ele>87.3</ele>
    <time>2024-07-27T12:17:19Z</time>
   </trkpt>
   <trkpt lat="43.6477370" lon="-79.3878020">
    <ele>87.3</ele>
    <time>2024-07-27T12:17:20Z</time>
   </trkpt>
   <trkpt lat="43.6477340" lon="-79.3878400">
    <ele>87.3</ele>
    <time>2024-07-27T12:17:21Z</time>
   </trkpt>
   <trkpt lat="43.6477330" lon="-79.3878530">
    <ele>87.3</ele>
    <time>2024-07-27T12:17:22Z</time>
   </trkpt>
   <trkpt lat="43.6477210" lon="-79.3879060">
    <ele>87.3</ele>
    <time>2024-07-27T12:17:23Z</time>
   </trkpt>
   <trkpt lat="43.6477170" lon="-79.3879320">
    <ele>87.3</ele>
    <time>2024-07-27T12:17:24Z</time>
   </trkpt>
   <trkpt lat="43.6477130" lon="-79.3879870">
    <ele>87.3</ele>
    <time>2024-07-27T12:17:25Z</time>
   </trkpt>
   <trkpt lat="43.6476980" lon="-79.3880290">
    <ele>87.3</ele>
    <time>2024-07-27T12:17:26Z</time>
   </trkpt>
   <trkpt lat="43.6476570" lon="-79.3881020">
    <ele>87.3</ele>
    <time>2024-07-27T12:17:27Z</time>
   </trkpt>
   <trkpt lat="43.6476760" lon="-79.3881050">
    <ele>87.3</ele>
    <time>2024-07-27T12:17:28Z</time>
   </trkpt>
   <trkpt lat="43.6476700" lon="-79.3881360">
    <ele>87.3</ele>
    <time>2024-07-27T12:17:29Z</time>
   </trkpt>
   <trkpt lat="43.6476570" lon="-79.3881770">
    <ele>87.4</ele>
    <time>2024-07-27T12:17:30Z</time>
   </trkpt>
   <trkpt lat="43.6476480" lon="-79.3881870">
    <ele>87.4</ele>
    <time>2024-07-27T12:17:31Z</time>
   </trkpt>
   <trkpt lat="43.6475810" lon="-79.3882380">
    <ele>87.4</ele>
    <time>2024-07-27T12:17:32Z</time>
   </trkpt>
   <trkpt lat="43.6475440" lon="-79.3882800">
    <ele>87.3</ele>
    <time>2024-07-27T12:17:33Z</time>
   </trkpt>
   <trkpt lat="43.6475190" lon="-79.3883170">
    <ele>87.2</ele>
    <time>2024-07-27T12:17:34Z</time>
   </trkpt>
   <trkpt lat="43.6475090" lon="-79.3883250">
    <ele>87.2</ele>
    <time>2024-07-27T12:17:35Z</time>
   </trkpt>
   <trkpt lat="43.6474910" lon="-79.3883920">
    <ele>87.1</ele>
    <time>2024-07-27T12:17:36Z</time>
   </trkpt>
   <trkpt lat="43.6474800" lon="-79.3884290">
    <ele>87.1</ele>
    <time>2024-07-27T12:17:37Z</time>
   </trkpt>
   <trkpt lat="43.6474900" lon="-79.3884940">
    <ele>87.0</ele>
    <time>2024-07-27T12:17:38Z</time>
   </trkpt>
   <trkpt lat="43.6474930" lon="-79.3885330">
    <ele>87.0</ele>
    <time>2024-07-27T12:17:39Z</time>
   </trkpt>
   <trkpt lat="43.6474890" lon="-79.3885490">
    <ele>87.0</ele>
    <time>2024-07-27T12:17:40Z</time>
   </trkpt>
   <trkpt lat="43.6474860" lon="-79.3885710">
    <ele>87.0</ele>
    <time>2024-07-27T12:17:41Z</time>
   </trkpt>
   <trkpt lat="43.6474760" lon="-79.3886090">
    <ele>87.0</ele>
    <time>2024-07-27T12:17:42Z</time>
   </trkpt>
   <trkpt lat="43.6474740" lon="-79.3886200">
    <ele>87.0</ele>
    <time>2024-07-27T12:17:43Z</time>
   </trkpt>
   <trkpt lat="43.6474710" lon="-79.3886300">
    <ele>87.0</ele>
    <time>2024-07-27T12:17:44Z</time>
   </trkpt>
   <trkpt lat="43.6474570" lon="-79.3886650">
    <ele>87.0</ele>
    <time>2024-07-27T12:17:45Z</time>
   </trkpt>
   <trkpt lat="43.6474530" lon="-79.3886770">
    <ele>87.0</ele>
    <time>2024-07-27T12:17:46Z</time>
   </trkpt>
   <trkpt lat="43.6474470" lon="-79.3886980">
    <ele>87.0</ele>
    <time>2024-07-27T12:17:47Z</time>
   </trkpt>
   <trkpt lat="43.6474370" lon="-79.3887160">
    <ele>87.0</ele>
    <time>2024-07-27T12:17:48Z</time>
   </trkpt>
   <trkpt lat="43.6474470" lon="-79.3888070">
    <ele>87.0</ele>
    <time>2024-07-27T12:17:49Z</time>
   </trkpt>
   <trkpt lat="43.6474290" lon="-79.3888300">
    <ele>87.0</ele>
    <time>2024-07-27T12:17:50Z</time>
   </trkpt>
   <trkpt lat="43.6474190" lon="-79.3888420">
    <ele>87.0</ele>
    <time>2024-07-27T12:17:51Z</time>
   </trkpt>
   <trkpt lat="43.6474070" lon="-79.3888890">
    <ele>87.0</ele>
    <time>2024-07-27T12:17:52Z</time>
   </trkpt>
   <trkpt lat="43.6474020" lon="-79.3889060">
    <ele>87.0</ele>
    <time>2024-07-27T12:17:53Z</time>
   </trkpt>
   <trkpt lat="43.6473880" lon="-79.3889500">
    <ele>87.0</ele>
    <time>2024-07-27T12:17:54Z</time>
   </trkpt>
   <trkpt lat="43.6474360" lon="-79.3889910">
    <ele>87.0</ele>
    <time>2024-07-27T12:17:55Z</time>
   </trkpt>
   <trkpt lat="43.6474310" lon="-79.3890180">
    <ele>87.0</ele>
    <time>2024-07-27T12:17:56Z</time>
   </trkpt>
   <trkpt lat="43.6474300" lon="-79.3890310">
    <ele>87.0</ele>
    <time>2024-07-27T12:17:57Z</time>
   </trkpt>
   <trkpt lat="43.6474190" lon="-79.3890080">
    <ele>87.0</ele>
    <time>2024-07-27T12:17:58Z</time>
   </trkpt>
   <trkpt lat="43.6474040" lon="-79.3890090">
    <ele>87.0</ele>
    <time>2024-07-27T12:17:59Z</time>
   </trkpt>
   <trkpt lat="43.6474140" lon="-79.3890550">
    <ele>87.0</ele>
    <time>2024-07-27T12:18:00Z</time>
   </trkpt>
   <trkpt lat="43.6474220" lon="-79.3891090">
    <ele>87.0</ele>
    <time>2024-07-27T12:18:01Z</time>
   </trkpt>
   <trkpt lat="43.6474290" lon="-79.3891360">
    <ele>87.0</ele>
    <time>2024-07-27T12:18:02Z</time>
   </trkpt>
   <trkpt lat="43.6474280" lon="-79.3891470">
    <ele>87.0</ele>
    <time>2024-07-27T12:18:03Z</time>
   </trkpt>
   <trkpt lat="43.6474270" lon="-79.3891580">
    <ele>87.0</ele>
    <time>2024-07-27T12:18:04Z</time>
   </trkpt>
   <trkpt lat="43.6474210" lon="-79.3892000">
    <ele>87.0</ele>
    <time>2024-07-27T12:18:05Z</time>
   </trkpt>
   <trkpt lat="43.6474120" lon="-79.3892260">
    <ele>87.0</ele>
    <time>2024-07-27T12:18:06Z</time>
   </trkpt>
   <trkpt lat="43.6474020" lon="-79.3892520">
    <ele>87.0</ele>
    <time>2024-07-27T12:18:07Z</time>
   </trkpt>
   <trkpt lat="43.6474020" lon="-79.3892680">
    <ele>87.0</ele>
    <time>2024-07-27T12:18:08Z</time>
   </trkpt>
   <trkpt lat="43.6474010" lon="-79.3892820">
    <ele>87.0</ele>
    <time>2024-07-27T12:18:09Z</time>
   </trkpt>
   <trkpt lat="43.6473980" lon="-79.3892900">
    <ele>87.0</ele>
    <time>2024-07-27T12:18:10Z</time>
   </trkpt>
   <trkpt lat="43.6473960" lon="-79.3893180">
    <ele>87.0</ele>
    <time>2024-07-27T12:18:11Z</time>
   </trkpt>
   <trkpt lat="43.6473970" lon="-79.3893350">
    <ele>87.0</ele>
    <time>2024-07-27T12:18:12Z</time>
   </trkpt>
   <trkpt lat="43.6473970" lon="-79.3893510">
    <ele>87.0</ele>
    <time>2024-07-27T12:18:13Z</time>
   </trkpt>
   <trkpt lat="43.6473860" lon="-79.3894260">
    <ele>87.0</ele>
    <time>2024-07-27T12:18:14Z</time>
   </trkpt>
   <trkpt lat="43.6473850" lon="-79.3894630">
    <ele>87.0</ele>
    <time>2024-07-27T12:18:15Z</time>
   </trkpt>
   <trkpt lat="43.6473770" lon="-79.3894740">
    <ele>87.0</ele>
    <time>2024-07-27T12:18:16Z</time>
   </trkpt>
   <trkpt lat="43.6473640" lon="-79.3895080">
    <ele>87.0</ele>
    <time>2024-07-27T12:18:17Z</time>
   </trkpt>
   <trkpt lat="43.6473490" lon="-79.3895610">
    <ele>87.0</ele>
    <time>2024-07-27T12:18:18Z</time>
   </trkpt>
   <trkpt lat="43.6473470" lon="-79.3895550">
    <ele>87.0</ele>
    <time>2024-07-27T12:18:19Z</time>
   </trkpt>
   <trkpt lat="43.6473300" lon="-79.3895610">
    <ele>87.0</ele>
    <time>2024-07-27T12:18:20Z</time>
   </trkpt>
   <trkpt lat="43.6473250" lon="-79.3895650">
    <ele>87.0</ele>
    <time>2024-07-27T12:18:21Z</time>
   </trkpt>
   <trkpt lat="43.6473150" lon="-79.3895660">
    <ele>87.0</ele>
    <time>2024-07-27T12:18:22Z</time>
   </trkpt>
   <trkpt lat="43.6473130" lon="-79.3896000">
    <ele>87.1</ele>
    <time>2024-07-27T12:18:23Z</time>
   </trkpt>
   <trkpt lat="43.6473110" lon="-79.3896090">
    <ele>87.1</ele>
    <time>2024-07-27T12:18:24Z</time>
   </trkpt>
   <trkpt lat="43.6472990" lon="-79.3896350">
    <ele>87.1</ele>
    <time>2024-07-27T12:18:25Z</time>
   </trkpt>
   <trkpt lat="43.6472850" lon="-79.3896510">
    <ele>87.1</ele>
    <time>2024-07-27T12:18:26Z</time>
   </trkpt>
   <trkpt lat="43.6473000" lon="-79.3896880">
    <ele>87.1</ele>
    <time>2024-07-27T12:18:27Z</time>
   </trkpt>
   <trkpt lat="43.6473180" lon="-79.3897130">
    <ele>87.1</ele>
    <time>2024-07-27T12:18:28Z</time>
   </trkpt>
   <trkpt lat="43.6473970" lon="-79.3898010">
    <ele>87.2</ele>
    <time>2024-07-27T12:18:29Z</time>
   </trkpt>
   <trkpt lat="43.6473600" lon="-79.3897280">
    <ele>87.3</ele>
    <time>2024-07-27T12:18:30Z</time>
   </trkpt>
   <trkpt lat="43.6473850" lon="-79.3897510">
    <ele>87.3</ele>
    <time>2024-07-27T12:18:31Z</time>
   </trkpt>
   <trkpt lat="43.6473930" lon="-79.3897560">
    <ele>87.3</ele>
    <time>2024-07-27T12:18:32Z</time>
   </trkpt>
   <trkpt lat="43.6473970" lon="-79.3897350">
    <ele>87.3</ele>
    <time>2024-07-27T12:18:33Z</time>
   </trkpt>
   <trkpt lat="43.6474120" lon="-79.3897450">
    <ele>87.4</ele>
    <time>2024-07-27T12:18:34Z</time>
   </trkpt>
   <trkpt lat="43.6474270" lon="-79.3897560">
    <ele>87.4</ele>
    <time>2024-07-27T12:18:35Z</time>
   </trkpt>
   <trkpt lat="43.6474420" lon="-79.3897660">
    <ele>87.4</ele>
    <time>2024-07-27T12:18:36Z</time>
   </trkpt>
   <trkpt lat="43.6474710" lon="-79.3897950">
    <ele>87.4</ele>
    <time>2024-07-27T12:18:37Z</time>
   </trkpt>
   <trkpt lat="43.6474860" lon="-79.3898090">
    <ele>87.4</ele>
    <time>2024-07-27T12:18:38Z</time>
   </trkpt>
   <trkpt lat="43.6475020" lon="-79.3898460">
    <ele>87.5</ele>
    <time>2024-07-27T12:18:39Z</time>
   </trkpt>
   <trkpt lat="43.6475070" lon="-79.3898560">
    <ele>87.5</ele>
    <time>2024-07-27T12:18:40Z</time>
   </trkpt>
   <trkpt lat="43.6475630" lon="-79.3898890">
    <ele>87.5</ele>
    <time>2024-07-27T12:18:41Z</time>
   </trkpt>
   <trkpt lat="43.6476070" lon="-79.3899050">
    <ele>87.6</ele>
    <time>2024-07-27T12:18:42Z</time>
   </trkpt>
   <trkpt lat="43.6476300" lon="-79.3899100">
    <ele>87.6</ele>
    <time>2024-07-27T12:18:43Z</time>
   </trkpt>
   <trkpt lat="43.6476340" lon="-79.3899080">
    <ele>87.6</ele>
    <time>2024-07-27T12:18:44Z</time>
   </trkpt>
   <trkpt lat="43.6476550" lon="-79.3899330">
    <ele>87.6</ele>
    <time>2024-07-27T12:18:45Z</time>
   </trkpt>
   <trkpt lat="43.6476550" lon="-79.3899590">
    <ele>87.6</ele>
    <time>2024-07-27T12:18:46Z</time>
   </trkpt>
   <trkpt lat="43.6476560" lon="-79.3899840">
    <ele>87.6</ele>
    <time>2024-07-27T12:18:47Z</time>
   </trkpt>
   <trkpt lat="43.6476600" lon="-79.3900350">
    <ele>87.6</ele>
    <time>2024-07-27T12:18:48Z</time>
   </trkpt>
   <trkpt lat="43.6476960" lon="-79.3900930">
    <ele>87.7</ele>
    <time>2024-07-27T12:18:49Z</time>
   </trkpt>
   <trkpt lat="43.6477340" lon="-79.3901200">
    <ele>87.7</ele>
    <time>2024-07-27T12:18:50Z</time>
   </trkpt>
   <trkpt lat="43.6477510" lon="-79.3901270">
    <ele>87.7</ele>
    <time>2024-07-27T12:18:51Z</time>
   </trkpt>
   <trkpt lat="43.6477640" lon="-79.3901600">
    <ele>87.7</ele>
    <time>2024-07-27T12:18:52Z</time>
   </trkpt>
   <trkpt lat="43.6478050" lon="-79.3901900">
    <ele>87.8</ele>
    <time>2024-07-27T12:18:53Z</time>
   </trkpt>
   <trkpt lat="43.6478210" lon="-79.3902220">
    <ele>87.8</ele>
    <time>2024-07-27T12:18:54Z</time>
   </trkpt>
   <trkpt lat="43.6478660" lon="-79.3902500">
    <ele>87.8</ele>
    <time>2024-07-27T12:18:55Z</time>
   </trkpt>
   <trkpt lat="43.6478910" lon="-79.3902710">
    <ele>87.8</ele>
    <time>2024-07-27T12:18:56Z</time>
   </trkpt>
   <trkpt lat="43.6478980" lon="-79.3902770">
    <ele>87.8</ele>
    <time>2024-07-27T12:18:57Z</time>
   </trkpt>
   <trkpt lat="43.6479280" lon="-79.3902850">
    <ele>87.8</ele>
    <time>2024-07-27T12:18:58Z</time>
   </trkpt>
   <trkpt lat="43.6479570" lon="-79.3903180">
    <ele>87.9</ele>
    <time>2024-07-27T12:18:59Z</time>
   </trkpt>
   <trkpt lat="43.6479990" lon="-79.3903460">
    <ele>87.9</ele>
    <time>2024-07-27T12:19:00Z</time>
   </trkpt>
   <trkpt lat="43.6480410" lon="-79.3903600">
    <ele>87.9</ele>
    <time>2024-07-27T12:19:01Z</time>
   </trkpt>
   <trkpt lat="43.6480700" lon="-79.3903540">
    <ele>88.0</ele>
    <time>2024-07-27T12:19:02Z</time>
   </trkpt>
   <trkpt lat="43.6480710" lon="-79.3903580">
    <ele>88.0</ele>
    <time>2024-07-27T12:19:03Z</time>
   </trkpt>
   <trkpt lat="43.6481000" lon="-79.3903560">
    <ele>88.0</ele>
    <time>2024-07-27T12:19:04Z</time>
   </trkpt>
   <trkpt lat="43.6481080" lon="-79.3903960">
    <ele>88.0</ele>
    <time>2024-07-27T12:19:05Z</time>
   </trkpt>
   <trkpt lat="43.6481800" lon="-79.3904170">
    <ele>88.1</ele>
    <time>2024-07-27T12:19:06Z</time>
   </trkpt>
   <trkpt lat="43.6482140" lon="-79.3904230">
    <ele>88.1</ele>
    <time>2024-07-27T12:19:07Z</time>
   </trkpt>
   <trkpt lat="43.6482510" lon="-79.3904410">
    <ele>88.1</ele>
    <time>2024-07-27T12:19:08Z</time>
   </trkpt>
   <trkpt lat="43.6482670" lon="-79.3904500">
    <ele>88.1</ele>
    <time>2024-07-27T12:19:09Z</time>
   </trkpt>
   <trkpt lat="43.6482890" lon="-79.3904550">
    <ele>88.2</ele>
    <time>2024-07-27T12:19:10Z</time>
   </trkpt>
   <trkpt lat="43.6482950" lon="-79.3904780">
    <ele>88.2</ele>
    <time>2024-07-27T12:19:11Z</time>
   </trkpt>
   <trkpt lat="43.6483700" lon="-79.3904380">
    <ele>88.2</ele>
    <time>2024-07-27T12:19:12Z</time>
   </trkpt>
   <trkpt lat="43.6484020" lon="-79.3904460">
    <ele>88.2</ele>
    <time>2024-07-27T12:19:13Z</time>
   </trkpt>
   <trkpt lat="43.6484340" lon="-79.3904520">
    <ele>88.3</ele>
    <time>2024-07-27T12:19:14Z</time>
   </trkpt>
   <trkpt lat="43.6484670" lon="-79.3904760">
    <ele>88.3</ele>
    <time>2024-07-27T12:19:15Z</time>
   </trkpt>
   <trkpt lat="43.6484800" lon="-79.3904880">
    <ele>88.3</ele>
    <time>2024-07-27T12:19:16Z</time>
   </trkpt>
   <trkpt lat="43.6485160" lon="-79.3905070">
    <ele>88.3</ele>
    <time>2024-07-27T12:19:17Z</time>
   </trkpt>
   <trkpt lat="43.6485310" lon="-79.3905130">
    <ele>88.3</ele>
    <time>2024-07-27T12:19:18Z</time>
   </trkpt>
   <trkpt lat="43.6485670" lon="-79.3905260">
    <ele>88.4</ele>
    <time>2024-07-27T12:19:19Z</time>
   </trkpt>
   <trkpt lat="43.6486060" lon="-79.3905380">
    <ele>88.4</ele>
    <time>2024-07-27T12:19:20Z</time>
   </trkpt>
   <trkpt lat="43.6486310" lon="-79.3905600">
    <ele>88.5</ele>
    <time>2024-07-27T12:19:21Z</time>
   </trkpt>
   <trkpt lat="43.6486690" lon="-79.3905720">
    <ele>88.5</ele>
    <time>2024-07-27T12:19:22Z</time>
   </trkpt>
   <trkpt lat="43.6486950" lon="-79.3905880">
    <ele>88.6</ele>
    <time>2024-07-27T12:19:24Z</time>
   </trkpt>
   <trkpt lat="43.6487350" lon="-79.3906020">
    <ele>88.6</ele>
    <time>2024-07-27T12:19:25Z</time>
   </trkpt>
   <trkpt lat="43.6487730" lon="-79.3906350">
    <ele>88.6</ele>
    <time>2024-07-27T12:19:26Z</time>
   </trkpt>
   <trkpt lat="43.6487900" lon="-79.3906500">
    <ele>88.7</ele>
    <time>2024-07-27T12:19:27Z</time>
   </trkpt>
   <trkpt lat="43.6488230" lon="-79.3906770">
    <ele>88.7</ele>
    <time>2024-07-27T12:19:28Z</time>
   </trkpt>
   <trkpt lat="43.6488380" lon="-79.3906840">
    <ele>88.7</ele>
    <time>2024-07-27T12:19:29Z</time>
   </trkpt>
   <trkpt lat="43.6488660" lon="-79.3906990">
    <ele>88.7</ele>
    <time>2024-07-27T12:19:31Z</time>
   </trkpt>
   <trkpt lat="43.6488900" lon="-79.3907240">
    <ele>88.8</ele>
    <time>2024-07-27T12:19:32Z</time>
   </trkpt>
   <trkpt lat="43.6488980" lon="-79.3907310">
    <ele>88.8</ele>
    <time>2024-07-27T12:19:33Z</time>
   </trkpt>
   <trkpt lat="43.6489230" lon="-79.3907550">
    <ele>88.8</ele>
    <time>2024-07-27T12:19:34Z</time>
   </trkpt>
   <trkpt lat="43.6489370" lon="-79.3907650">
    <ele>88.8</ele>
    <time>2024-07-27T12:19:35Z</time>
   </trkpt>
   <trkpt lat="43.6489520" lon="-79.3907750">
    <ele>88.8</ele>
    <time>2024-07-27T12:19:36Z</time>
   </trkpt>
   <trkpt lat="43.6489940" lon="-79.3907370">
    <ele>88.9</ele>
    <time>2024-07-27T12:19:37Z</time>
   </trkpt>
   <trkpt lat="43.6490100" lon="-79.3907310">
    <ele>88.9</ele>
    <time>2024-07-27T12:19:38Z</time>
   </trkpt>
   <trkpt lat="43.6490260" lon="-79.3907360">
    <ele>88.9</ele>
    <time>2024-07-27T12:19:39Z</time>
   </trkpt>
   <trkpt lat="43.6490620" lon="-79.3907290">
    <ele>88.9</ele>
    <time>2024-07-27T12:19:40Z</time>
   </trkpt>
   <trkpt lat="43.6490830" lon="-79.3907200">
    <ele>88.9</ele>
    <time>2024-07-27T12:19:41Z</time>
   </trkpt>
   <trkpt lat="43.6491050" lon="-79.3907280">
    <ele>88.9</ele>
    <time>2024-07-27T12:19:42Z</time>
   </trkpt>
   <trkpt lat="43.6491290" lon="-79.3907300">
    <ele>88.9</ele>
    <time>2024-07-27T12:19:43Z</time>
   </trkpt>
   <trkpt lat="43.6491510" lon="-79.3907260">
    <ele>88.9</ele>
    <time>2024-07-27T12:19:44Z</time>
   </trkpt>
   <trkpt lat="43.6491730" lon="-79.3907210">
    <ele>88.9</ele>
    <time>2024-07-27T12:19:45Z</time>
   </trkpt>
   <trkpt lat="43.6491960" lon="-79.3907160">
    <ele>88.9</ele>
    <time>2024-07-27T12:19:46Z</time>
   </trkpt>
   <trkpt lat="43.6492550" lon="-79.3907270">
    <ele>88.9</ele>
    <time>2024-07-27T12:19:47Z</time>
   </trkpt>
   <trkpt lat="43.6492840" lon="-79.3907260">
    <ele>88.9</ele>
    <time>2024-07-27T12:19:48Z</time>
   </trkpt>
   <trkpt lat="43.6492950" lon="-79.3907240">
    <ele>88.9</ele>
    <time>2024-07-27T12:19:49Z</time>
   </trkpt>
   <trkpt lat="43.6492990" lon="-79.3907250">
    <ele>88.9</ele>
    <time>2024-07-27T12:19:50Z</time>
   </trkpt>
   <trkpt lat="43.6492940" lon="-79.3907320">
    <ele>88.9</ele>
    <time>2024-07-27T12:19:51Z</time>
   </trkpt>
   <trkpt lat="43.6492920" lon="-79.3907360">
    <ele>88.9</ele>
    <time>2024-07-27T12:19:52Z</time>
   </trkpt>
   <trkpt lat="43.6493010" lon="-79.3907410">
    <ele>88.9</ele>
    <time>2024-07-27T12:19:53Z</time>
   </trkpt>
   <trkpt lat="43.6492830" lon="-79.3907510">
    <ele>88.9</ele>
    <time>2024-07-27T12:19:54Z</time>
   </trkpt>
   <trkpt lat="43.6492680" lon="-79.3907330">
    <ele>88.9</ele>
    <time>2024-07-27T12:19:55Z</time>
   </trkpt>
   <trkpt lat="43.6492730" lon="-79.3907320">
    <ele>88.9</ele>
    <time>2024-07-27T12:19:56Z</time>
   </trkpt>
   <trkpt lat="43.6492800" lon="-79.3907260">
    <ele>88.9</ele>
    <time>2024-07-27T12:19:57Z</time>
   </trkpt>
   <trkpt lat="43.6492870" lon="-79.3907200">
    <ele>88.9</ele>
    <time>2024-07-27T12:19:58Z</time>
   </trkpt>
   <trkpt lat="43.6492940" lon="-79.3907140">
    <ele>88.9</ele>
    <time>2024-07-27T12:19:59Z</time>
   </trkpt>
   <trkpt lat="43.6493010" lon="-79.3907090">
    <ele>88.9</ele>
    <time>2024-07-27T12:20:00Z</time>
   </trkpt>
   <trkpt lat="43.6493120" lon="-79.3907140">
    <ele>88.9</ele>
    <time>2024-07-27T12:20:01Z</time>
   </trkpt>
  </trkseg>
 </trk>
</gpx>
