<?xml version="1.0" encoding="UTF-8"?>
<gpx xmlns:xsi="http://www.w3.org/2001/XMLSchema-instance" xsi:schemaLocation="http://www.topografix.com/GPX/1/1 http://www.topografix.com/GPX/1/1/gpx.xsd" creator="StravaGPX" version="1.1" xmlns="http://www.topografix.com/GPX/1/1">
 <metadata>
  <time>2020-05-01T19:25:45Z</time>
 </metadata>
 <trk>
  <name>Afternoon Run</name>
  <type>running</type>
  <trkseg>
   <trkpt lat="42.9372280" lon="-81.3085600">
    <ele>284.0</ele>
    <time>2020-05-01T19:25:45Z</time>
   </trkpt>
   <trkpt lat="42.9372580" lon="-81.3085590">
    <ele>284.0</ele>
    <time>2020-05-01T19:25:46Z</time>
   </trkpt>
   <trkpt lat="42.9372670" lon="-81.3085580">
    <ele>284.1</ele>
    <time>2020-05-01T19:25:47Z</time>
   </trkpt>
   <trkpt lat="42.9373050" lon="-81.3085500">
    <ele>284.1</ele>
    <time>2020-05-01T19:25:48Z</time>
   </trkpt>
   <trkpt lat="42.9373160" lon="-81.3085540">
    <ele>284.1</ele>
    <time>2020-05-01T19:25:49Z</time>
   </trkpt>
   <trkpt lat="42.9373520" lon="-81.3085650">
    <ele>284.2</ele>
    <time>2020-05-01T19:25:50Z</time>
   </trkpt>
   <trkpt lat="42.9373630" lon="-81.3085650">
    <ele>284.2</ele>
    <time>2020-05-01T19:25:51Z</time>
   </trkpt>
   <trkpt lat="42.9374000" lon="-81.3085700">
    <ele>284.3</ele>
    <time>2020-05-01T19:25:52Z</time>
   </trkpt>
   <trkpt lat="42.9374120" lon="-81.3085750">
    <ele>284.3</ele>
    <time>2020-05-01T19:25:53Z</time>
   </trkpt>
   <trkpt lat="42.9374490" lon="-81.3085810">
    <ele>284.4</ele>
    <time>2020-05-01T19:25:54Z</time>
   </trkpt>
   <trkpt lat="42.9374620" lon="-81.3085830">
    <ele>284.4</ele>
    <time>2020-05-01T19:25:55Z</time>
   </trkpt>
   <trkpt lat="42.9374930" lon="-81.3085900">
    <ele>284.5</ele>
    <time>2020-05-01T19:25:56Z</time>
   </trkpt>
   <trkpt lat="42.9375250" lon="-81.3085990">
    <ele>284.5</ele>
    <time>2020-05-01T19:25:57Z</time>
   </trkpt>
   <trkpt lat="42.9375540" lon="-81.3086060">
    <ele>284.6</ele>
    <time>2020-05-01T19:25:58Z</time>
   </trkpt>
   <trkpt lat="42.9376030" lon="-81.3086130">
    <ele>284.7</ele>
    <time>2020-05-01T19:25:59Z</time>
   </trkpt>
   <trkpt lat="42.9376480" lon="-81.3086170">
    <ele>284.9</ele>
    <time>2020-05-01T19:26:00Z</time>
   </trkpt>
   <trkpt lat="42.9376810" lon="-81.3086200">
    <ele>285.0</ele>
    <time>2020-05-01T19:26:01Z</time>
   </trkpt>
   <trkpt lat="42.9377130" lon="-81.3086340">
    <ele>285.1</ele>
    <time>2020-05-01T19:26:02Z</time>
   </trkpt>
   <trkpt lat="42.9377450" lon="-81.3086360">
    <ele>285.2</ele>
    <time>2020-05-01T19:26:03Z</time>
   </trkpt>
   <trkpt lat="42.9377770" lon="-81.3086450">
    <ele>285.3</ele>
    <time>2020-05-01T19:26:04Z</time>
   </trkpt>
   <trkpt lat="42.9378110" lon="-81.3086480">
    <ele>285.4</ele>
    <time>2020-05-01T19:26:05Z</time>
   </trkpt>
   <trkpt lat="42.9378440" lon="-81.3086580">
    <ele>285.5</ele>
    <time>2020-05-01T19:26:06Z</time>
   </trkpt>
   <trkpt lat="42.9378790" lon="-81.3086610">
    <ele>285.6</ele>
    <time>2020-05-01T19:26:07Z</time>
   </trkpt>
   <trkpt lat="42.9379070" lon="-81.3086640">
    <ele>285.7</ele>
    <time>2020-05-01T19:26:08Z</time>
   </trkpt>
   <trkpt lat="42.9379390" lon="-81.3086690">
    <ele>285.8</ele>
    <time>2020-05-01T19:26:09Z</time>
   </trkpt>
   <trkpt lat="42.9379750" lon="-81.3086740">
    <ele>285.9</ele>
    <time>2020-05-01T19:26:10Z</time>
   </trkpt>
   <trkpt lat="42.9379860" lon="-81.3086790">
    <ele>286.0</ele>
    <time>2020-05-01T19:26:11Z</time>
   </trkpt>
   <trkpt lat="42.9380150" lon="-81.3086780">
    <ele>286.1</ele>
    <time>2020-05-01T19:26:12Z</time>
   </trkpt>
   <trkpt lat="42.9380550" lon="-81.3086820">
    <ele>286.2</ele>
    <time>2020-05-01T19:26:13Z</time>
   </trkpt>
   <trkpt lat="42.9380680" lon="-81.3086860">
    <ele>286.3</ele>
    <time>2020-05-01T19:26:14Z</time>
   </trkpt>
   <trkpt lat="42.9380950" lon="-81.3086860">
    <ele>286.4</ele>
    <time>2020-05-01T19:26:15Z</time>
   </trkpt>
   <trkpt lat="42.9381210" lon="-81.3086970">
    <ele>286.4</ele>
    <time>2020-05-01T19:26:16Z</time>
   </trkpt>
   <trkpt lat="42.9381540" lon="-81.3087010">
    <ele>286.6</ele>
    <time>2020-05-01T19:26:17Z</time>
   </trkpt>
   <trkpt lat="42.9381950" lon="-81.3087120">
    <ele>286.7</ele>
    <time>2020-05-01T19:26:18Z</time>
   </trkpt>
   <trkpt lat="42.9382110" lon="-81.3087180">
    <ele>286.8</ele>
    <time>2020-05-01T19:26:19Z</time>
   </trkpt>
   <trkpt lat="42.9382370" lon="-81.3087340">
    <ele>286.9</ele>
    <time>2020-05-01T19:26:20Z</time>
   </trkpt>
   <trkpt lat="42.9382720" lon="-81.3087430">
    <ele>287.0</ele>
    <time>2020-05-01T19:26:21Z</time>
   </trkpt>
   <trkpt lat="42.9383050" lon="-81.3087550">
    <ele>287.1</ele>
    <time>2020-05-01T19:26:22Z</time>
   </trkpt>
   <trkpt lat="42.9383310" lon="-81.3087710">
    <ele>287.2</ele>
    <time>2020-05-01T19:26:23Z</time>
   </trkpt>
   <trkpt lat="42.9383750" lon="-81.3087610">
    <ele>287.4</ele>
    <time>2020-05-01T19:26:24Z</time>
   </trkpt>
   <trkpt lat="42.9384000" lon="-81.3087320">
    <ele>287.5</ele>
    <time>2020-05-01T19:26:25Z</time>
   </trkpt>
   <trkpt lat="42.9384090" lon="-81.3087090">
    <ele>287.6</ele>
    <time>2020-05-01T19:26:26Z</time>
   </trkpt>
   <trkpt lat="42.9384130" lon="-81.3086860">
    <ele>287.6</ele>
    <time>2020-05-01T19:26:27Z</time>
   </trkpt>
   <trkpt lat="42.9384260" lon="-81.3086470">
    <ele>287.7</ele>
    <time>2020-05-01T19:26:28Z</time>
   </trkpt>
   <trkpt lat="42.9384380" lon="-81.3086010">
    <ele>287.8</ele>
    <time>2020-05-01T19:26:29Z</time>
   </trkpt>
   <trkpt lat="42.9384410" lon="-81.3085850">
    <ele>287.8</ele>
    <time>2020-05-01T19:26:30Z</time>
   </trkpt>
   <trkpt lat="42.9384420" lon="-81.3085600">
    <ele>287.9</ele>
    <time>2020-05-01T19:26:31Z</time>
   </trkpt>
   <trkpt lat="42.9384490" lon="-81.3085280">
    <ele>287.9</ele>
    <time>2020-05-01T19:26:33Z</time>
   </trkpt>
   <trkpt lat="42.9384570" lon="-81.3084830">
    <ele>288.0</ele>
    <time>2020-05-01T19:26:34Z</time>
   </trkpt>
   <trkpt lat="42.9384600" lon="-81.3084690">
    <ele>288.0</ele>
    <time>2020-05-01T19:26:35Z</time>
   </trkpt>
   <trkpt lat="42.9384590" lon="-81.3084300">
    <ele>288.1</ele>
    <time>2020-05-01T19:26:36Z</time>
   </trkpt>
   <trkpt lat="42.9384720" lon="-81.3083880">
    <ele>288.2</ele>
    <time>2020-05-01T19:26:37Z</time>
   </trkpt>
   <trkpt lat="42.9384790" lon="-81.3083500">
    <ele>288.2</ele>
    <time>2020-05-01T19:26:38Z</time>
   </trkpt>
   <trkpt lat="42.9384860" lon="-81.3083120">
    <ele>288.2</ele>
    <time>2020-05-01T19:26:39Z</time>
   </trkpt>
   <trkpt lat="42.9384850" lon="-81.3082750">
    <ele>288.3</ele>
    <time>2020-05-01T19:26:40Z</time>
   </trkpt>
   <trkpt lat="42.9384950" lon="-81.3082390">
    <ele>288.3</ele>
    <time>2020-05-01T19:26:41Z</time>
   </trkpt>
   <trkpt lat="42.9385020" lon="-81.3081870">
    <ele>288.3</ele>
    <time>2020-05-01T19:26:42Z</time>
   </trkpt>
   <trkpt lat="42.9385020" lon="-81.3081660">
    <ele>288.3</ele>
    <time>2020-05-01T19:26:43Z</time>
   </trkpt>
   <trkpt lat="42.9385090" lon="-81.3081160">
    <ele>288.4</ele>
    <time>2020-05-01T19:26:44Z</time>
   </trkpt>
   <trkpt lat="42.9385120" lon="-81.3080980">
    <ele>288.4</ele>
    <time>2020-05-01T19:26:45Z</time>
   </trkpt>
   <trkpt lat="42.9385190" lon="-81.3080490">
    <ele>288.4</ele>
    <time>2020-05-01T19:26:46Z</time>
   </trkpt>
   <trkpt lat="42.9385210" lon="-81.3080340">
    <ele>288.4</ele>
    <time>2020-05-01T19:26:47Z</time>
   </trkpt>
   <trkpt lat="42.9385270" lon="-81.3079790">
    <ele>288.4</ele>
    <time>2020-05-01T19:26:48Z</time>
   </trkpt>
   <trkpt lat="42.9385280" lon="-81.3079570">
    <ele>288.4</ele>
    <time>2020-05-01T19:26:49Z</time>
   </trkpt>
   <trkpt lat="42.9385330" lon="-81.3079180">
    <ele>288.4</ele>
    <time>2020-05-01T19:26:50Z</time>
   </trkpt>
   <trkpt lat="42.9385420" lon="-81.3078640">
    <ele>288.4</ele>
    <time>2020-05-01T19:26:51Z</time>
   </trkpt>
   <trkpt lat="42.9385450" lon="-81.3078440">
    <ele>288.4</ele>
    <time>2020-05-01T19:26:52Z</time>
   </trkpt>
   <trkpt lat="42.9385460" lon="-81.3078010">
    <ele>288.4</ele>
    <time>2020-05-01T19:26:53Z</time>
   </trkpt>
   <trkpt lat="42.9385540" lon="-81.3077580">
    <ele>288.4</ele>
    <time>2020-05-01T19:26:54Z</time>
   </trkpt>
   <trkpt lat="42.9385550" lon="-81.3077200">
    <ele>288.4</ele>
    <time>2020-05-01T19:26:55Z</time>
   </trkpt>
   <trkpt lat="42.9385600" lon="-81.3076770">
    <ele>288.4</ele>
    <time>2020-05-01T19:26:56Z</time>
   </trkpt>
   <trkpt lat="42.9385670" lon="-81.3076210">
    <ele>288.4</ele>
    <time>2020-05-01T19:26:57Z</time>
   </trkpt>
   <trkpt lat="42.9385680" lon="-81.3075980">
    <ele>288.3</ele>
    <time>2020-05-01T19:26:58Z</time>
   </trkpt>
   <trkpt lat="42.9385760" lon="-81.3075610">
    <ele>288.3</ele>
    <time>2020-05-01T19:26:59Z</time>
   </trkpt>
   <trkpt lat="42.9385900" lon="-81.3075230">
    <ele>288.3</ele>
    <time>2020-05-01T19:27:00Z</time>
   </trkpt>
   <trkpt lat="42.9386000" lon="-81.3074890">
    <ele>288.3</ele>
    <time>2020-05-01T19:27:01Z</time>
   </trkpt>
   <trkpt lat="42.9386070" lon="-81.3074500">
    <ele>288.2</ele>
    <time>2020-05-01T19:27:02Z</time>
   </trkpt>
   <trkpt lat="42.9386140" lon="-81.3074100">
    <ele>288.2</ele>
    <time>2020-05-01T19:27:03Z</time>
   </trkpt>
   <trkpt lat="42.9386100" lon="-81.3073630">
    <ele>288.2</ele>
    <time>2020-05-01T19:27:04Z</time>
   </trkpt>
   <trkpt lat="42.9386180" lon="-81.3073200">
    <ele>288.1</ele>
    <time>2020-05-01T19:27:05Z</time>
   </trkpt>
   <trkpt lat="42.9386170" lon="-81.3072810">
    <ele>288.1</ele>
    <time>2020-05-01T19:27:06Z</time>
   </trkpt>
   <trkpt lat="42.9386250" lon="-81.3072370">
    <ele>288.0</ele>
    <time>2020-05-01T19:27:07Z</time>
   </trkpt>
   <trkpt lat="42.9386160" lon="-81.3071870">
    <ele>287.9</ele>
    <time>2020-05-01T19:27:08Z</time>
   </trkpt>
   <trkpt lat="42.9386120" lon="-81.3071680">
    <ele>287.9</ele>
    <time>2020-05-01T19:27:09Z</time>
   </trkpt>
   <trkpt lat="42.9386080" lon="-81.3071310">
    <ele>287.9</ele>
    <time>2020-05-01T19:27:10Z</time>
   </trkpt>
   <trkpt lat="42.9386080" lon="-81.3070910">
    <ele>287.8</ele>
    <time>2020-05-01T19:27:11Z</time>
   </trkpt>
   <trkpt lat="42.9386180" lon="-81.3070410">
    <ele>287.7</ele>
    <time>2020-05-01T19:27:12Z</time>
   </trkpt>
   <trkpt lat="42.9386220" lon="-81.3070240">
    <ele>287.7</ele>
    <time>2020-05-01T19:27:13Z</time>
   </trkpt>
   <trkpt lat="42.9386320" lon="-81.3069740">
    <ele>287.7</ele>
    <time>2020-05-01T19:27:14Z</time>
   </trkpt>
   <trkpt lat="42.9386370" lon="-81.3069550">
    <ele>287.7</ele>
    <time>2020-05-01T19:27:15Z</time>
   </trkpt>
   <trkpt lat="42.9386410" lon="-81.3069060">
    <ele>287.6</ele>
    <time>2020-05-01T19:27:16Z</time>
   </trkpt>
   <trkpt lat="42.9386430" lon="-81.3068890">
    <ele>287.6</ele>
    <time>2020-05-01T19:27:17Z</time>
   </trkpt>
   <trkpt lat="42.9386480" lon="-81.3068390">
    <ele>287.6</ele>
    <time>2020-05-01T19:27:18Z</time>
   </trkpt>
   <trkpt lat="42.9386470" lon="-81.3068170">
    <ele>287.6</ele>
    <time>2020-05-01T19:27:19Z</time>
   </trkpt>
   <trkpt lat="42.9386340" lon="-81.3067670">
    <ele>287.6</ele>
    <time>2020-05-01T19:27:20Z</time>
   </trkpt>
   <trkpt lat="42.9386260" lon="-81.3067500">
    <ele>287.5</ele>
    <time>2020-05-01T19:27:21Z</time>
   </trkpt>
   <trkpt lat="42.9386300" lon="-81.3067100">
    <ele>287.5</ele>
    <time>2020-05-01T19:27:22Z</time>
   </trkpt>
   <trkpt lat="42.9386330" lon="-81.3066640">
    <ele>287.5</ele>
    <time>2020-05-01T19:27:23Z</time>
   </trkpt>
   <trkpt lat="42.9386250" lon="-81.3066230">
    <ele>287.4</ele>
    <time>2020-05-01T19:27:24Z</time>
   </trkpt>
   <trkpt lat="42.9386210" lon="-81.3065790">
    <ele>287.4</ele>
    <time>2020-05-01T19:27:25Z</time>
   </trkpt>
   <trkpt lat="42.9386060" lon="-81.3065410">
    <ele>287.4</ele>
    <time>2020-05-01T19:27:26Z</time>
   </trkpt>
   <trkpt lat="42.9385940" lon="-81.3065020">
    <ele>287.3</ele>
    <time>2020-05-01T19:27:27Z</time>
   </trkpt>
   <trkpt lat="42.9386020" lon="-81.3064650">
    <ele>287.3</ele>
    <time>2020-05-01T19:27:28Z</time>
   </trkpt>
   <trkpt lat="42.9385990" lon="-81.3064280">
    <ele>287.2</ele>
    <time>2020-05-01T19:27:29Z</time>
   </trkpt>
   <trkpt lat="42.9385930" lon="-81.3063860">
    <ele>287.1</ele>
    <time>2020-05-01T19:27:30Z</time>
   </trkpt>
   <trkpt lat="42.9385790" lon="-81.3063320">
    <ele>287.0</ele>
    <time>2020-05-01T19:27:31Z</time>
   </trkpt>
   <trkpt lat="42.9385670" lon="-81.3062910">
    <ele>286.9</ele>
    <time>2020-05-01T19:27:32Z</time>
   </trkpt>
   <trkpt lat="42.9385530" lon="-81.3062500">
    <ele>286.8</ele>
    <time>2020-05-01T19:27:33Z</time>
   </trkpt>
   <trkpt lat="42.9385450" lon="-81.3062060">
    <ele>286.6</ele>
    <time>2020-05-01T19:27:34Z</time>
   </trkpt>
   <trkpt lat="42.9385390" lon="-81.3061680">
    <ele>286.5</ele>
    <time>2020-05-01T19:27:35Z</time>
   </trkpt>
   <trkpt lat="42.9385330" lon="-81.3061310">
    <ele>286.4</ele>
    <time>2020-05-01T19:27:36Z</time>
   </trkpt>
   <trkpt lat="42.9385310" lon="-81.3060930">
    <ele>286.2</ele>
    <time>2020-05-01T19:27:37Z</time>
   </trkpt>
   <trkpt lat="42.9385330" lon="-81.3060550">
    <ele>286.1</ele>
    <time>2020-05-01T19:27:38Z</time>
   </trkpt>
   <trkpt lat="42.9385380" lon="-81.3060170">
    <ele>286.0</ele>
    <time>2020-05-01T19:27:39Z</time>
   </trkpt>
   <trkpt lat="42.9385330" lon="-81.3059780">
    <ele>285.8</ele>
    <time>2020-05-01T19:27:40Z</time>
   </trkpt>
   <trkpt lat="42.9385370" lon="-81.3059360">
    <ele>285.7</ele>
    <time>2020-05-01T19:27:41Z</time>
   </trkpt>
   <trkpt lat="42.9385320" lon="-81.3058990">
    <ele>285.6</ele>
    <time>2020-05-01T19:27:42Z</time>
   </trkpt>
   <trkpt lat="42.9385370" lon="-81.3058540">
    <ele>285.4</ele>
    <time>2020-05-01T19:27:43Z</time>
   </trkpt>
   <trkpt lat="42.9385410" lon="-81.3058030">
    <ele>285.3</ele>
    <time>2020-05-01T19:27:44Z</time>
   </trkpt>
   <trkpt lat="42.9385430" lon="-81.3057860">
    <ele>285.2</ele>
    <time>2020-05-01T19:27:45Z</time>
   </trkpt>
   <trkpt lat="42.9385420" lon="-81.3057410">
    <ele>285.1</ele>
    <time>2020-05-01T19:27:46Z</time>
   </trkpt>
   <trkpt lat="42.9385500" lon="-81.3057010">
    <ele>285.0</ele>
    <time>2020-05-01T19:27:47Z</time>
   </trkpt>
   <trkpt lat="42.9385530" lon="-81.3056460">
    <ele>284.8</ele>
    <time>2020-05-01T19:27:48Z</time>
   </trkpt>
   <trkpt lat="42.9385570" lon="-81.3056080">
    <ele>284.7</ele>
    <time>2020-05-01T19:27:49Z</time>
   </trkpt>
   <trkpt lat="42.9385630" lon="-81.3055560">
    <ele>284.6</ele>
    <time>2020-05-01T19:27:50Z</time>
   </trkpt>
   <trkpt lat="42.9385640" lon="-81.3055390">
    <ele>284.6</ele>
    <time>2020-05-01T19:27:51Z</time>
   </trkpt>
   <trkpt lat="42.9385760" lon="-81.3054820">
    <ele>284.5</ele>
    <time>2020-05-01T19:27:52Z</time>
   </trkpt>
   <trkpt lat="42.9385880" lon="-81.3054330">
    <ele>284.4</ele>
    <time>2020-05-01T19:27:53Z</time>
   </trkpt>
   <trkpt lat="42.9385940" lon="-81.3053840">
    <ele>284.4</ele>
    <time>2020-05-01T19:27:54Z</time>
   </trkpt>
   <trkpt lat="42.9385940" lon="-81.3053340">
    <ele>284.4</ele>
    <time>2020-05-01T19:27:55Z</time>
   </trkpt>
   <trkpt lat="42.9385930" lon="-81.3053160">
    <ele>284.4</ele>
    <time>2020-05-01T19:27:56Z</time>
   </trkpt>
   <trkpt lat="42.9385930" lon="-81.3052750">
    <ele>284.4</ele>
    <time>2020-05-01T19:27:57Z</time>
   </trkpt>
   <trkpt lat="42.9385980" lon="-81.3052370">
    <ele>284.4</ele>
    <time>2020-05-01T19:27:58Z</time>
   </trkpt>
   <trkpt lat="42.9385980" lon="-81.3051950">
    <ele>284.3</ele>
    <time>2020-05-01T19:27:59Z</time>
   </trkpt>
   <trkpt lat="42.9385950" lon="-81.3051460">
    <ele>284.2</ele>
    <time>2020-05-01T19:28:00Z</time>
   </trkpt>
   <trkpt lat="42.9386010" lon="-81.3050970">
    <ele>284.1</ele>
    <time>2020-05-01T19:28:01Z</time>
   </trkpt>
   <trkpt lat="42.9386060" lon="-81.3050590">
    <ele>284.1</ele>
    <time>2020-05-01T19:28:02Z</time>
   </trkpt>
   <trkpt lat="42.9386140" lon="-81.3050040">
    <ele>284.0</ele>
    <time>2020-05-01T19:28:03Z</time>
   </trkpt>
   <trkpt lat="42.9386130" lon="-81.3049840">
    <ele>284.0</ele>
    <time>2020-05-01T19:28:04Z</time>
   </trkpt>
   <trkpt lat="42.9386230" lon="-81.3049360">
    <ele>283.9</ele>
    <time>2020-05-01T19:28:05Z</time>
   </trkpt>
   <trkpt lat="42.9386250" lon="-81.3049200">
    <ele>283.9</ele>
    <time>2020-05-01T19:28:06Z</time>
   </trkpt>
   <trkpt lat="42.9386370" lon="-81.3048720">
    <ele>283.8</ele>
    <time>2020-05-01T19:28:07Z</time>
   </trkpt>
   <trkpt lat="42.9386430" lon="-81.3048530">
    <ele>283.8</ele>
    <time>2020-05-01T19:28:08Z</time>
   </trkpt>
   <trkpt lat="42.9386590" lon="-81.3048030">
    <ele>283.8</ele>
    <time>2020-05-01T19:28:09Z</time>
   </trkpt>
   <trkpt lat="42.9386600" lon="-81.3047830">
    <ele>283.7</ele>
    <time>2020-05-01T19:28:10Z</time>
   </trkpt>
   <trkpt lat="42.9386720" lon="-81.3047470">
    <ele>283.7</ele>
    <time>2020-05-01T19:28:11Z</time>
   </trkpt>
   <trkpt lat="42.9386900" lon="-81.3047010">
    <ele>283.7</ele>
    <time>2020-05-01T19:28:12Z</time>
   </trkpt>
   <trkpt lat="42.9386940" lon="-81.3046790">
    <ele>283.7</ele>
    <time>2020-05-01T19:28:13Z</time>
   </trkpt>
   <trkpt lat="42.9387060" lon="-81.3046290">
    <ele>283.7</ele>
    <time>2020-05-01T19:28:14Z</time>
   </trkpt>
   <trkpt lat="42.9387110" lon="-81.3046120">
    <ele>283.7</ele>
    <time>2020-05-01T19:28:15Z</time>
   </trkpt>
   <trkpt lat="42.9387240" lon="-81.3045750">
    <ele>283.7</ele>
    <time>2020-05-01T19:28:16Z</time>
   </trkpt>
   <trkpt lat="42.9387490" lon="-81.3045410">
    <ele>283.6</ele>
    <time>2020-05-01T19:28:17Z</time>
   </trkpt>
   <trkpt lat="42.9387590" lon="-81.3045330">
    <ele>283.6</ele>
    <time>2020-05-01T19:28:18Z</time>
   </trkpt>
   <trkpt lat="42.9387720" lon="-81.3044980">
    <ele>283.6</ele>
    <time>2020-05-01T19:28:19Z</time>
   </trkpt>
   <trkpt lat="42.9387930" lon="-81.3044510">
    <ele>283.6</ele>
    <time>2020-05-01T19:28:20Z</time>
   </trkpt>
   <trkpt lat="42.9387980" lon="-81.3044310">
    <ele>283.6</ele>
    <time>2020-05-01T19:28:21Z</time>
   </trkpt>
   <trkpt lat="42.9388210" lon="-81.3043960">
    <ele>283.6</ele>
    <time>2020-05-01T19:28:22Z</time>
   </trkpt>
   <trkpt lat="42.9388360" lon="-81.3043580">
    <ele>283.5</ele>
    <time>2020-05-01T19:28:23Z</time>
   </trkpt>
   <trkpt lat="42.9388640" lon="-81.3043220">
    <ele>283.7</ele>
    <time>2020-05-01T19:28:24Z</time>
   </trkpt>
   <trkpt lat="42.9388710" lon="-81.3043060">
    <ele>283.7</ele>
    <time>2020-05-01T19:28:25Z</time>
   </trkpt>
   <trkpt lat="42.9388900" lon="-81.3042590">
    <ele>283.7</ele>
    <time>2020-05-01T19:28:26Z</time>
   </trkpt>
   <trkpt lat="42.9388980" lon="-81.3042440">
    <ele>283.7</ele>
    <time>2020-05-01T19:28:27Z</time>
   </trkpt>
   <trkpt lat="42.9389210" lon="-81.3042220">
    <ele>283.7</ele>
    <time>2020-05-01T19:28:28Z</time>
   </trkpt>
   <trkpt lat="42.9389410" lon="-81.3041950">
    <ele>283.8</ele>
    <time>2020-05-01T19:28:29Z</time>
   </trkpt>
   <trkpt lat="42.9389720" lon="-81.3041730">
    <ele>283.8</ele>
    <time>2020-05-01T19:28:30Z</time>
   </trkpt>
   <trkpt lat="42.9390090" lon="-81.3041520">
    <ele>283.9</ele>
    <time>2020-05-01T19:28:31Z</time>
   </trkpt>
   <trkpt lat="42.9390210" lon="-81.3041450">
    <ele>283.9</ele>
    <time>2020-05-01T19:28:32Z</time>
   </trkpt>
   <trkpt lat="42.9390490" lon="-81.3041290">
    <ele>283.9</ele>
    <time>2020-05-01T19:28:33Z</time>
   </trkpt>
   <trkpt lat="42.9390720" lon="-81.3040890">
    <ele>284.0</ele>
    <time>2020-05-01T19:28:34Z</time>
   </trkpt>
   <trkpt lat="42.9390820" lon="-81.3040760">
    <ele>284.0</ele>
    <time>2020-05-01T19:28:35Z</time>
   </trkpt>
   <trkpt lat="42.9391050" lon="-81.3040520">
    <ele>284.0</ele>
    <time>2020-05-01T19:28:36Z</time>
   </trkpt>
   <trkpt lat="42.9391320" lon="-81.3040220">
    <ele>284.1</ele>
    <time>2020-05-01T19:28:37Z</time>
   </trkpt>
   <trkpt lat="42.9391390" lon="-81.3040110">
    <ele>284.1</ele>
    <time>2020-05-01T19:28:38Z</time>
   </trkpt>
   <trkpt lat="42.9391700" lon="-81.3039820">
    <ele>284.2</ele>
    <time>2020-05-01T19:28:39Z</time>
   </trkpt>
   <trkpt lat="42.9391790" lon="-81.3039760">
    <ele>284.2</ele>
    <time>2020-05-01T19:28:40Z</time>
   </trkpt>
   <trkpt lat="42.9392160" lon="-81.3039610">
    <ele>284.3</ele>
    <time>2020-05-01T19:28:41Z</time>
   </trkpt>
   <trkpt lat="42.9392290" lon="-81.3039560">
    <ele>284.3</ele>
    <time>2020-05-01T19:28:42Z</time>
   </trkpt>
   <trkpt lat="42.9392590" lon="-81.3039340">
    <ele>284.4</ele>
    <time>2020-05-01T19:28:43Z</time>
   </trkpt>
   <trkpt lat="42.9392700" lon="-81.3039320">
    <ele>284.4</ele>
    <time>2020-05-01T19:28:44Z</time>
   </trkpt>
   <trkpt lat="42.9393040" lon="-81.3039120">
    <ele>284.5</ele>
    <time>2020-05-01T19:28:45Z</time>
   </trkpt>
   <trkpt lat="42.9393170" lon="-81.3039020">
    <ele>284.5</ele>
    <time>2020-05-01T19:28:46Z</time>
   </trkpt>
   <trkpt lat="42.9393410" lon="-81.3038750">
    <ele>284.5</ele>
    <time>2020-05-01T19:28:47Z</time>
   </trkpt>
   <trkpt lat="42.9393740" lon="-81.3038580">
    <ele>284.6</ele>
    <time>2020-05-01T19:28:48Z</time>
   </trkpt>
   <trkpt lat="42.9393860" lon="-81.3038550">
    <ele>284.6</ele>
    <time>2020-05-01T19:28:49Z</time>
   </trkpt>
   <trkpt lat="42.9394170" lon="-81.3038430">
    <ele>284.7</ele>
    <time>2020-05-01T19:28:50Z</time>
   </trkpt>
   <trkpt lat="42.9394290" lon="-81.3038400">
    <ele>284.7</ele>
    <time>2020-05-01T19:28:51Z</time>
   </trkpt>
   <trkpt lat="42.9394680" lon="-81.3038330">
    <ele>284.8</ele>
    <time>2020-05-01T19:28:52Z</time>
   </trkpt>
   <trkpt lat="42.9394800" lon="-81.3038300">
    <ele>284.8</ele>
    <time>2020-05-01T19:28:53Z</time>
   </trkpt>
   <trkpt lat="42.9395100" lon="-81.3038280">
    <ele>284.9</ele>
    <time>2020-05-01T19:28:54Z</time>
   </trkpt>
   <trkpt lat="42.9395210" lon="-81.3038270">
    <ele>284.9</ele>
    <time>2020-05-01T19:28:55Z</time>
   </trkpt>
   <trkpt lat="42.9395490" lon="-81.3038250">
    <ele>284.9</ele>
    <time>2020-05-01T19:28:56Z</time>
   </trkpt>
   <trkpt lat="42.9395650" lon="-81.3038230">
    <ele>284.9</ele>
    <time>2020-05-01T19:28:57Z</time>
   </trkpt>
   <trkpt lat="42.9396010" lon="-81.3038110">
    <ele>284.9</ele>
    <time>2020-05-01T19:28:58Z</time>
   </trkpt>
   <trkpt lat="42.9396150" lon="-81.3038040">
    <ele>285.0</ele>
    <time>2020-05-01T19:28:59Z</time>
   </trkpt>
   <trkpt lat="42.9396500" lon="-81.3038100">
    <ele>285.0</ele>
    <time>2020-05-01T19:29:00Z</time>
   </trkpt>
   <trkpt lat="42.9396830" lon="-81.3038060">
    <ele>284.9</ele>
    <time>2020-05-01T19:29:01Z</time>
   </trkpt>
   <trkpt lat="42.9397200" lon="-81.3037960">
    <ele>284.9</ele>
    <time>2020-05-01T19:29:02Z</time>
   </trkpt>
   <trkpt lat="42.9397340" lon="-81.3037910">
    <ele>284.9</ele>
    <time>2020-05-01T19:29:03Z</time>
   </trkpt>
   <trkpt lat="42.9397640" lon="-81.3037840">
    <ele>284.9</ele>
    <time>2020-05-01T19:29:04Z</time>
   </trkpt>
   <trkpt lat="42.9397930" lon="-81.3037700">
    <ele>284.9</ele>
    <time>2020-05-01T19:29:05Z</time>
   </trkpt>
   <trkpt lat="42.9398250" lon="-81.3037640">
    <ele>285.0</ele>
    <time>2020-05-01T19:29:06Z</time>
   </trkpt>
   <trkpt lat="42.9398550" lon="-81.3037590">
    <ele>285.1</ele>
    <time>2020-05-01T19:29:07Z</time>
   </trkpt>
   <trkpt lat="42.9398640" lon="-81.3037600">
    <ele>285.1</ele>
    <time>2020-05-01T19:29:08Z</time>
   </trkpt>
   <trkpt lat="42.9398940" lon="-81.3037680">
    <ele>285.2</ele>
    <time>2020-05-01T19:29:09Z</time>
   </trkpt>
   <trkpt lat="42.9399020" lon="-81.3037700">
    <ele>285.2</ele>
    <time>2020-05-01T19:29:10Z</time>
   </trkpt>
   <trkpt lat="42.9399100" lon="-81.3037670">
    <ele>285.2</ele>
    <time>2020-05-01T19:29:11Z</time>
   </trkpt>
   <trkpt lat="42.9399310" lon="-81.3037620">
    <ele>285.3</ele>
    <time>2020-05-01T19:29:12Z</time>
   </trkpt>
   <trkpt lat="42.9399630" lon="-81.3037640">
    <ele>285.4</ele>
    <time>2020-05-01T19:29:13Z</time>
   </trkpt>
   <trkpt lat="42.9399760" lon="-81.3037660">
    <ele>285.4</ele>
    <time>2020-05-01T19:29:14Z</time>
   </trkpt>
   <trkpt lat="42.9400070" lon="-81.3037640">
    <ele>285.5</ele>
    <time>2020-05-01T19:29:15Z</time>
   </trkpt>
   <trkpt lat="42.9400150" lon="-81.3037630">
    <ele>285.5</ele>
    <time>2020-05-01T19:29:16Z</time>
   </trkpt>
   <trkpt lat="42.9400460" lon="-81.3037630">
    <ele>285.6</ele>
    <time>2020-05-01T19:29:17Z</time>
   </trkpt>
   <trkpt lat="42.9400870" lon="-81.3037620">
    <ele>285.8</ele>
    <time>2020-05-01T19:29:18Z</time>
   </trkpt>
   <trkpt lat="42.9401020" lon="-81.3037570">
    <ele>285.8</ele>
    <time>2020-05-01T19:29:19Z</time>
   </trkpt>
   <trkpt lat="42.9401310" lon="-81.3037600">
    <ele>285.9</ele>
    <time>2020-05-01T19:29:20Z</time>
   </trkpt>
   <trkpt lat="42.9401410" lon="-81.3037640">
    <ele>286.0</ele>
    <time>2020-05-01T19:29:21Z</time>
   </trkpt>
   <trkpt lat="42.9401770" lon="-81.3037530">
    <ele>286.1</ele>
    <time>2020-05-01T19:29:22Z</time>
   </trkpt>
   <trkpt lat="42.9401940" lon="-81.3037450">
    <ele>286.2</ele>
    <time>2020-05-01T19:29:23Z</time>
   </trkpt>
   <trkpt lat="42.9402170" lon="-81.3037420">
    <ele>286.2</ele>
    <time>2020-05-01T19:29:24Z</time>
   </trkpt>
   <trkpt lat="42.9402290" lon="-81.3037370">
    <ele>286.3</ele>
    <time>2020-05-01T19:29:25Z</time>
   </trkpt>
   <trkpt lat="42.9402600" lon="-81.3037420">
    <ele>286.4</ele>
    <time>2020-05-01T19:29:26Z</time>
   </trkpt>
   <trkpt lat="42.9402680" lon="-81.3037400">
    <ele>286.4</ele>
    <time>2020-05-01T19:29:27Z</time>
   </trkpt>
   <trkpt lat="42.9403070" lon="-81.3037320">
    <ele>286.6</ele>
    <time>2020-05-01T19:29:28Z</time>
   </trkpt>
   <trkpt lat="42.9403210" lon="-81.3037310">
    <ele>286.6</ele>
    <time>2020-05-01T19:29:29Z</time>
   </trkpt>
   <trkpt lat="42.9403520" lon="-81.3037290">
    <ele>286.7</ele>
    <time>2020-05-01T19:29:30Z</time>
   </trkpt>
   <trkpt lat="42.9403850" lon="-81.3037310">
    <ele>286.8</ele>
    <time>2020-05-01T19:29:31Z</time>
   </trkpt>
   <trkpt lat="42.9404300" lon="-81.3037270">
    <ele>286.9</ele>
    <time>2020-05-01T19:29:32Z</time>
   </trkpt>
   <trkpt lat="42.9404480" lon="-81.3037250">
    <ele>286.9</ele>
    <time>2020-05-01T19:29:33Z</time>
   </trkpt>
   <trkpt lat="42.9404800" lon="-81.3037200">
    <ele>287.0</ele>
    <time>2020-05-01T19:29:34Z</time>
   </trkpt>
   <trkpt lat="42.9405070" lon="-81.3037050">
    <ele>287.0</ele>
    <time>2020-05-01T19:29:35Z</time>
   </trkpt>
   <trkpt lat="42.9405480" lon="-81.3036820">
    <ele>287.1</ele>
    <time>2020-05-01T19:29:36Z</time>
   </trkpt>
   <trkpt lat="42.9405640" lon="-81.3036770">
    <ele>287.1</ele>
    <time>2020-05-01T19:29:37Z</time>
   </trkpt>
   <trkpt lat="42.9405970" lon="-81.3036560">
    <ele>287.0</ele>
    <time>2020-05-01T19:29:38Z</time>
   </trkpt>
   <trkpt lat="42.9406240" lon="-81.3036460">
    <ele>287.1</ele>
    <time>2020-05-01T19:29:39Z</time>
   </trkpt>
   <trkpt lat="42.9406650" lon="-81.3036270">
    <ele>287.1</ele>
    <time>2020-05-01T19:29:40Z</time>
   </trkpt>
   <trkpt lat="42.9406810" lon="-81.3036230">
    <ele>287.1</ele>
    <time>2020-05-01T19:29:41Z</time>
   </trkpt>
   <trkpt lat="42.9407070" lon="-81.3036020">
    <ele>287.2</ele>
    <time>2020-05-01T19:29:42Z</time>
   </trkpt>
   <trkpt lat="42.9407370" lon="-81.3035910">
    <ele>288.1</ele>
    <time>2020-05-01T19:29:43Z</time>
   </trkpt>
   <trkpt lat="42.9407660" lon="-81.3035720">
    <ele>288.1</ele>
    <time>2020-05-01T19:29:44Z</time>
   </trkpt>
   <trkpt lat="42.9408030" lon="-81.3035700">
    <ele>288.1</ele>
    <time>2020-05-01T19:29:45Z</time>
   </trkpt>
   <trkpt lat="42.9408130" lon="-81.3035720">
    <ele>288.1</ele>
    <time>2020-05-01T19:29:46Z</time>
   </trkpt>
   <trkpt lat="42.9408300" lon="-81.3035670">
    <ele>288.1</ele>
    <time>2020-05-01T19:29:47Z</time>
   </trkpt>
   <trkpt lat="42.9408430" lon="-81.3035470">
    <ele>288.1</ele>
    <time>2020-05-01T19:29:48Z</time>
   </trkpt>
   <trkpt lat="42.9408710" lon="-81.3035300">
    <ele>288.2</ele>
    <time>2020-05-01T19:29:49Z</time>
   </trkpt>
   <trkpt lat="42.9408860" lon="-81.3035220">
    <ele>288.2</ele>
    <time>2020-05-01T19:29:50Z</time>
   </trkpt>
   <trkpt lat="42.9409140" lon="-81.3035070">
    <ele>288.2</ele>
    <time>2020-05-01T19:29:51Z</time>
   </trkpt>
   <trkpt lat="42.9409450" lon="-81.3034840">
    <ele>288.2</ele>
    <time>2020-05-01T19:29:52Z</time>
   </trkpt>
   <trkpt lat="42.9409550" lon="-81.3034780">
    <ele>288.2</ele>
    <time>2020-05-01T19:29:53Z</time>
   </trkpt>
   <trkpt lat="42.9409700" lon="-81.3034770">
    <ele>288.2</ele>
    <time>2020-05-01T19:29:54Z</time>
   </trkpt>
   <trkpt lat="42.9409840" lon="-81.3034630">
    <ele>288.2</ele>
    <time>2020-05-01T19:29:55Z</time>
   </trkpt>
   <trkpt lat="42.9410000" lon="-81.3034480">
    <ele>288.2</ele>
    <time>2020-05-01T19:29:56Z</time>
   </trkpt>
   <trkpt lat="42.9410120" lon="-81.3034360">
    <ele>288.3</ele>
    <time>2020-05-01T19:29:57Z</time>
   </trkpt>
   <trkpt lat="42.9410390" lon="-81.3034220">
    <ele>288.3</ele>
    <time>2020-05-01T19:29:58Z</time>
   </trkpt>
   <trkpt lat="42.9410690" lon="-81.3034110">
    <ele>288.3</ele>
    <time>2020-05-01T19:29:59Z</time>
   </trkpt>
   <trkpt lat="42.9410970" lon="-81.3033920">
    <ele>288.3</ele>
    <time>2020-05-01T19:30:00Z</time>
   </trkpt>
   <trkpt lat="42.9411630" lon="-81.3033700">
    <ele>288.3</ele>
    <time>2020-05-01T19:30:01Z</time>
   </trkpt>
   <trkpt lat="42.9411950" lon="-81.3033520">
    <ele>288.3</ele>
    <time>2020-05-01T19:30:02Z</time>
   </trkpt>
   <trkpt lat="42.9412060" lon="-81.3033460">
    <ele>288.3</ele>
    <time>2020-05-01T19:30:03Z</time>
   </trkpt>
   <trkpt lat="42.9412400" lon="-81.3033280">
    <ele>288.3</ele>
    <time>2020-05-01T19:30:04Z</time>
   </trkpt>
   <trkpt lat="42.9412540" lon="-81.3033200">
    <ele>288.3</ele>
    <time>2020-05-01T19:30:05Z</time>
   </trkpt>
   <trkpt lat="42.9412880" lon="-81.3033020">
    <ele>288.3</ele>
    <time>2020-05-01T19:30:06Z</time>
   </trkpt>
   <trkpt lat="42.9413150" lon="-81.3032860">
    <ele>288.3</ele>
    <time>2020-05-01T19:30:07Z</time>
   </trkpt>
   <trkpt lat="42.9413450" lon="-81.3032640">
    <ele>288.3</ele>
    <time>2020-05-01T19:30:08Z</time>
   </trkpt>
   <trkpt lat="42.9413810" lon="-81.3032510">
    <ele>288.2</ele>
    <time>2020-05-01T19:30:09Z</time>
   </trkpt>
   <trkpt lat="42.9413910" lon="-81.3032470">
    <ele>288.2</ele>
    <time>2020-05-01T19:30:10Z</time>
   </trkpt>
   <trkpt lat="42.9414250" lon="-81.3032480">
    <ele>288.2</ele>
    <time>2020-05-01T19:30:11Z</time>
   </trkpt>
   <trkpt lat="42.9414530" lon="-81.3032290">
    <ele>288.2</ele>
    <time>2020-05-01T19:30:12Z</time>
   </trkpt>
   <trkpt lat="42.9414970" lon="-81.3032100">
    <ele>288.1</ele>
    <time>2020-05-01T19:30:13Z</time>
   </trkpt>
   <trkpt lat="42.9415320" lon="-81.3032080">
    <ele>288.1</ele>
    <time>2020-05-01T19:30:14Z</time>
   </trkpt>
   <trkpt lat="42.9415660" lon="-81.3031890">
    <ele>288.2</ele>
    <time>2020-05-01T19:30:15Z</time>
   </trkpt>
   <trkpt lat="42.9415970" lon="-81.3031890">
    <ele>288.2</ele>
    <time>2020-05-01T19:30:16Z</time>
   </trkpt>
   <trkpt lat="42.9416380" lon="-81.3031790">
    <ele>288.2</ele>
    <time>2020-05-01T19:30:17Z</time>
   </trkpt>
   <trkpt lat="42.9416530" lon="-81.3031760">
    <ele>288.2</ele>
    <time>2020-05-01T19:30:18Z</time>
   </trkpt>
   <trkpt lat="42.9416880" lon="-81.3031620">
    <ele>288.2</ele>
    <time>2020-05-01T19:30:19Z</time>
   </trkpt>
   <trkpt lat="42.9417120" lon="-81.3031380">
    <ele>288.3</ele>
    <time>2020-05-01T19:30:20Z</time>
   </trkpt>
   <trkpt lat="42.9417520" lon="-81.3031200">
    <ele>288.3</ele>
    <time>2020-05-01T19:30:21Z</time>
   </trkpt>
   <trkpt lat="42.9417670" lon="-81.3031110">
    <ele>288.3</ele>
    <time>2020-05-01T19:30:22Z</time>
   </trkpt>
   <trkpt lat="42.9417900" lon="-81.3030910">
    <ele>288.3</ele>
    <time>2020-05-01T19:30:23Z</time>
   </trkpt>
   <trkpt lat="42.9418310" lon="-81.3030840">
    <ele>288.4</ele>
    <time>2020-05-01T19:30:24Z</time>
   </trkpt>
   <trkpt lat="42.9418450" lon="-81.3030790">
    <ele>288.4</ele>
    <time>2020-05-01T19:30:25Z</time>
   </trkpt>
   <trkpt lat="42.9418860" lon="-81.3030640">
    <ele>288.4</ele>
    <time>2020-05-01T19:30:26Z</time>
   </trkpt>
   <trkpt lat="42.9419020" lon="-81.3030580">
    <ele>288.4</ele>
    <time>2020-05-01T19:30:27Z</time>
   </trkpt>
   <trkpt lat="42.9419340" lon="-81.3030410">
    <ele>288.5</ele>
    <time>2020-05-01T19:30:28Z</time>
   </trkpt>
   <trkpt lat="42.9419450" lon="-81.3030360">
    <ele>288.5</ele>
    <time>2020-05-01T19:30:29Z</time>
   </trkpt>
   <trkpt lat="42.9419820" lon="-81.3030280">
    <ele>288.5</ele>
    <time>2020-05-01T19:30:30Z</time>
   </trkpt>
   <trkpt lat="42.9419970" lon="-81.3030230">
    <ele>288.5</ele>
    <time>2020-05-01T19:30:31Z</time>
   </trkpt>
   <trkpt lat="42.9420340" lon="-81.3030100">
    <ele>288.6</ele>
    <time>2020-05-01T19:30:32Z</time>
   </trkpt>
   <trkpt lat="42.9420640" lon="-81.3030020">
    <ele>288.6</ele>
    <time>2020-05-01T19:30:33Z</time>
   </trkpt>
   <trkpt lat="42.9420910" lon="-81.3029860">
    <ele>288.6</ele>
    <time>2020-05-01T19:30:34Z</time>
   </trkpt>
   <trkpt lat="42.9421270" lon="-81.3029680">
    <ele>288.7</ele>
    <time>2020-05-01T19:30:35Z</time>
   </trkpt>
   <trkpt lat="42.9421600" lon="-81.3029480">
    <ele>288.7</ele>
    <time>2020-05-01T19:30:36Z</time>
   </trkpt>
   <trkpt lat="42.9421680" lon="-81.3029420">
    <ele>288.7</ele>
    <time>2020-05-01T19:30:37Z</time>
   </trkpt>
   <trkpt lat="42.9421990" lon="-81.3029390">
    <ele>288.7</ele>
    <time>2020-05-01T19:30:38Z</time>
   </trkpt>
   <trkpt lat="42.9422360" lon="-81.3029280">
    <ele>288.8</ele>
    <time>2020-05-01T19:30:39Z</time>
   </trkpt>
   <trkpt lat="42.9422530" lon="-81.3029290">
    <ele>288.8</ele>
    <time>2020-05-01T19:30:40Z</time>
   </trkpt>
   <trkpt lat="42.9422770" lon="-81.3029070">
    <ele>288.8</ele>
    <time>2020-05-01T19:30:41Z</time>
   </trkpt>
   <trkpt lat="42.9422920" lon="-81.3029030">
    <ele>288.8</ele>
    <time>2020-05-01T19:30:42Z</time>
   </trkpt>
   <trkpt lat="42.9423300" lon="-81.3028970">
    <ele>288.9</ele>
    <time>2020-05-01T19:30:43Z</time>
   </trkpt>
   <trkpt lat="42.9423430" lon="-81.3028900">
    <ele>288.9</ele>
    <time>2020-05-01T19:30:44Z</time>
   </trkpt>
   <trkpt lat="42.9423750" lon="-81.3028890">
    <ele>288.9</ele>
    <time>2020-05-01T19:30:45Z</time>
   </trkpt>
   <trkpt lat="42.9423860" lon="-81.3028830">
    <ele>288.9</ele>
    <time>2020-05-01T19:30:46Z</time>
   </trkpt>
   <trkpt lat="42.9424200" lon="-81.3028820">
    <ele>289.0</ele>
    <time>2020-05-01T19:30:47Z</time>
   </trkpt>
   <trkpt lat="42.9424320" lon="-81.3028800">
    <ele>289.0</ele>
    <time>2020-05-01T19:30:48Z</time>
   </trkpt>
   <trkpt lat="42.9424680" lon="-81.3028650">
    <ele>289.0</ele>
    <time>2020-05-01T19:30:49Z</time>
   </trkpt>
   <trkpt lat="42.9424810" lon="-81.3028610">
    <ele>289.0</ele>
    <time>2020-05-01T19:30:50Z</time>
   </trkpt>
   <trkpt lat="42.9425110" lon="-81.3028540">
    <ele>289.1</ele>
    <time>2020-05-01T19:30:51Z</time>
   </trkpt>
   <trkpt lat="42.9425250" lon="-81.3028520">
    <ele>289.1</ele>
    <time>2020-05-01T19:30:52Z</time>
   </trkpt>
   <trkpt lat="42.9425530" lon="-81.3028420">
    <ele>289.1</ele>
    <time>2020-05-01T19:30:53Z</time>
   </trkpt>
   <trkpt lat="42.9425820" lon="-81.3028330">
    <ele>289.2</ele>
    <time>2020-05-01T19:30:54Z</time>
   </trkpt>
   <trkpt lat="42.9426100" lon="-81.3028300">
    <ele>289.2</ele>
    <time>2020-05-01T19:30:55Z</time>
   </trkpt>
   <trkpt lat="42.9426390" lon="-81.3028230">
    <ele>289.3</ele>
    <time>2020-05-01T19:30:56Z</time>
   </trkpt>
   <trkpt lat="42.9426720" lon="-81.3028200">
    <ele>289.3</ele>
    <time>2020-05-01T19:30:57Z</time>
   </trkpt>
   <trkpt lat="42.9427110" lon="-81.3028090">
    <ele>289.4</ele>
    <time>2020-05-01T19:30:58Z</time>
   </trkpt>
   <trkpt lat="42.9427260" lon="-81.3027970">
    <ele>289.4</ele>
    <time>2020-05-01T19:30:59Z</time>
   </trkpt>
   <trkpt lat="42.9427550" lon="-81.3027960">
    <ele>289.5</ele>
    <time>2020-05-01T19:31:00Z</time>
   </trkpt>
   <trkpt lat="42.9427870" lon="-81.3027910">
    <ele>289.5</ele>
    <time>2020-05-01T19:31:01Z</time>
   </trkpt>
   <trkpt lat="42.9428140" lon="-81.3027850">
    <ele>289.6</ele>
    <time>2020-05-01T19:31:02Z</time>
   </trkpt>
   <trkpt lat="42.9428520" lon="-81.3027750">
    <ele>289.7</ele>
    <time>2020-05-01T19:31:03Z</time>
   </trkpt>
   <trkpt lat="42.9428660" lon="-81.3027710">
    <ele>289.7</ele>
    <time>2020-05-01T19:31:04Z</time>
   </trkpt>
   <trkpt lat="42.9429030" lon="-81.3027730">
    <ele>289.8</ele>
    <time>2020-05-01T19:31:05Z</time>
   </trkpt>
   <trkpt lat="42.9429150" lon="-81.3027720">
    <ele>289.8</ele>
    <time>2020-05-01T19:31:06Z</time>
   </trkpt>
   <trkpt lat="42.9429460" lon="-81.3027690">
    <ele>289.9</ele>
    <time>2020-05-01T19:31:07Z</time>
   </trkpt>
   <trkpt lat="42.9429740" lon="-81.3027650">
    <ele>289.9</ele>
    <time>2020-05-01T19:31:08Z</time>
   </trkpt>
   <trkpt lat="42.9430090" lon="-81.3027560">
    <ele>290.0</ele>
    <time>2020-05-01T19:31:09Z</time>
   </trkpt>
   <trkpt lat="42.9430220" lon="-81.3027550">
    <ele>290.0</ele>
    <time>2020-05-01T19:31:10Z</time>
   </trkpt>
   <trkpt lat="42.9430530" lon="-81.3027490">
    <ele>290.0</ele>
    <time>2020-05-01T19:31:11Z</time>
   </trkpt>
   <trkpt lat="42.9430630" lon="-81.3027450">
    <ele>290.0</ele>
    <time>2020-05-01T19:31:12Z</time>
   </trkpt>
   <trkpt lat="42.9430990" lon="-81.3027360">
    <ele>290.1</ele>
    <time>2020-05-01T19:31:13Z</time>
   </trkpt>
   <trkpt lat="42.9431120" lon="-81.3027340">
    <ele>290.1</ele>
    <time>2020-05-01T19:31:14Z</time>
   </trkpt>
   <trkpt lat="42.9431520" lon="-81.3027300">
    <ele>290.2</ele>
    <time>2020-05-01T19:31:15Z</time>
   </trkpt>
   <trkpt lat="42.9431660" lon="-81.3027300">
    <ele>290.2</ele>
    <time>2020-05-01T19:31:16Z</time>
   </trkpt>
   <trkpt lat="42.9431950" lon="-81.3027320">
    <ele>290.2</ele>
    <time>2020-05-01T19:31:17Z</time>
   </trkpt>
   <trkpt lat="42.9432240" lon="-81.3027330">
    <ele>290.3</ele>
    <time>2020-05-01T19:31:18Z</time>
   </trkpt>
   <trkpt lat="42.9432340" lon="-81.3027300">
    <ele>290.3</ele>
    <time>2020-05-01T19:31:19Z</time>
   </trkpt>
   <trkpt lat="42.9432620" lon="-81.3027340">
    <ele>290.4</ele>
    <time>2020-05-01T19:31:20Z</time>
   </trkpt>
   <trkpt lat="42.9432910" lon="-81.3027390">
    <ele>290.4</ele>
    <time>2020-05-01T19:31:21Z</time>
   </trkpt>
   <trkpt lat="42.9433080" lon="-81.3027290">
    <ele>290.4</ele>
    <time>2020-05-01T19:31:22Z</time>
   </trkpt>
   <trkpt lat="42.9433210" lon="-81.3027330">
    <ele>290.5</ele>
    <time>2020-05-01T19:31:23Z</time>
   </trkpt>
   <trkpt lat="42.9433380" lon="-81.3027390">
    <ele>290.5</ele>
    <time>2020-05-01T19:31:24Z</time>
   </trkpt>
   <trkpt lat="42.9433570" lon="-81.3027400">
    <ele>290.6</ele>
    <time>2020-05-01T19:31:25Z</time>
   </trkpt>
   <trkpt lat="42.9433890" lon="-81.3027430">
    <ele>290.6</ele>
    <time>2020-05-01T19:31:26Z</time>
   </trkpt>
   <trkpt lat="42.9434000" lon="-81.3027430">
    <ele>290.7</ele>
    <time>2020-05-01T19:31:27Z</time>
   </trkpt>
   <trkpt lat="42.9434370" lon="-81.3027430">
    <ele>290.8</ele>
    <time>2020-05-01T19:31:28Z</time>
   </trkpt>
   <trkpt lat="42.9434500" lon="-81.3027420">
    <ele>290.8</ele>
    <time>2020-05-01T19:31:29Z</time>
   </trkpt>
   <trkpt lat="42.9434740" lon="-81.3027390">
    <ele>290.9</ele>
    <time>2020-05-01T19:31:30Z</time>
   </trkpt>
   <trkpt lat="42.9434860" lon="-81.3027360">
    <ele>290.9</ele>
    <time>2020-05-01T19:31:31Z</time>
   </trkpt>
   <trkpt lat="42.9434970" lon="-81.3027320">
    <ele>291.0</ele>
    <time>2020-05-01T19:31:32Z</time>
   </trkpt>
   <trkpt lat="42.9435130" lon="-81.3027290">
    <ele>291.0</ele>
    <time>2020-05-01T19:31:33Z</time>
   </trkpt>
   <trkpt lat="42.9435300" lon="-81.3027430">
    <ele>291.1</ele>
    <time>2020-05-01T19:31:34Z</time>
   </trkpt>
   <trkpt lat="42.9435610" lon="-81.3027320">
    <ele>291.2</ele>
    <time>2020-05-01T19:31:35Z</time>
   </trkpt>
   <trkpt lat="42.9435750" lon="-81.3027350">
    <ele>291.2</ele>
    <time>2020-05-01T19:31:36Z</time>
   </trkpt>
   <trkpt lat="42.9436050" lon="-81.3027460">
    <ele>291.3</ele>
    <time>2020-05-01T19:31:37Z</time>
   </trkpt>
   <trkpt lat="42.9436180" lon="-81.3027440">
    <ele>291.3</ele>
    <time>2020-05-01T19:31:38Z</time>
   </trkpt>
   <trkpt lat="42.9436300" lon="-81.3027430">
    <ele>291.4</ele>
    <time>2020-05-01T19:31:39Z</time>
   </trkpt>
   <trkpt lat="42.9436630" lon="-81.3027430">
    <ele>291.5</ele>
    <time>2020-05-01T19:31:40Z</time>
   </trkpt>
   <trkpt lat="42.9436690" lon="-81.3027450">
    <ele>291.5</ele>
    <time>2020-05-01T19:31:41Z</time>
   </trkpt>
   <trkpt lat="42.9436980" lon="-81.3027520">
    <ele>291.6</ele>
    <time>2020-05-01T19:31:42Z</time>
   </trkpt>
   <trkpt lat="42.9437260" lon="-81.3027650">
    <ele>291.7</ele>
    <time>2020-05-01T19:31:43Z</time>
   </trkpt>
   <trkpt lat="42.9437620" lon="-81.3027750">
    <ele>291.9</ele>
    <time>2020-05-01T19:31:44Z</time>
   </trkpt>
   <trkpt lat="42.9437930" lon="-81.3027800">
    <ele>292.0</ele>
    <time>2020-05-01T19:31:45Z</time>
   </trkpt>
   <trkpt lat="42.9438230" lon="-81.3027960">
    <ele>292.1</ele>
    <time>2020-05-01T19:31:46Z</time>
   </trkpt>
   <trkpt lat="42.9438320" lon="-81.3028020">
    <ele>292.2</ele>
    <time>2020-05-01T19:31:47Z</time>
   </trkpt>
   <trkpt lat="42.9438640" lon="-81.3028040">
    <ele>292.3</ele>
    <time>2020-05-01T19:31:48Z</time>
   </trkpt>
   <trkpt lat="42.9438720" lon="-81.3028070">
    <ele>292.3</ele>
    <time>2020-05-01T19:31:49Z</time>
   </trkpt>
   <trkpt lat="42.9438960" lon="-81.3028130">
    <ele>292.4</ele>
    <time>2020-05-01T19:31:50Z</time>
   </trkpt>
   <trkpt lat="42.9439070" lon="-81.3028210">
    <ele>292.5</ele>
    <time>2020-05-01T19:31:51Z</time>
   </trkpt>
   <trkpt lat="42.9439450" lon="-81.3028210">
    <ele>292.6</ele>
    <time>2020-05-01T19:31:52Z</time>
   </trkpt>
   <trkpt lat="42.9439580" lon="-81.3028170">
    <ele>292.7</ele>
    <time>2020-05-01T19:31:53Z</time>
   </trkpt>
   <trkpt lat="42.9439910" lon="-81.3028100">
    <ele>292.8</ele>
    <time>2020-05-01T19:31:54Z</time>
   </trkpt>
   <trkpt lat="42.9440020" lon="-81.3028120">
    <ele>292.9</ele>
    <time>2020-05-01T19:31:55Z</time>
   </trkpt>
   <trkpt lat="42.9440300" lon="-81.3028220">
    <ele>293.0</ele>
    <time>2020-05-01T19:31:56Z</time>
   </trkpt>
   <trkpt lat="42.9440400" lon="-81.3028240">
    <ele>293.1</ele>
    <time>2020-05-01T19:31:57Z</time>
   </trkpt>
   <trkpt lat="42.9440650" lon="-81.3028380">
    <ele>293.2</ele>
    <time>2020-05-01T19:31:58Z</time>
   </trkpt>
   <trkpt lat="42.9440990" lon="-81.3028490">
    <ele>293.3</ele>
    <time>2020-05-01T19:31:59Z</time>
   </trkpt>
   <trkpt lat="42.9441080" lon="-81.3028500">
    <ele>293.4</ele>
    <time>2020-05-01T19:32:00Z</time>
   </trkpt>
   <trkpt lat="42.9441360" lon="-81.3028590">
    <ele>293.5</ele>
    <time>2020-05-01T19:32:01Z</time>
   </trkpt>
   <trkpt lat="42.9441460" lon="-81.3028600">
    <ele>293.5</ele>
    <time>2020-05-01T19:32:02Z</time>
   </trkpt>
   <trkpt lat="42.9441840" lon="-81.3028700">
    <ele>293.6</ele>
    <time>2020-05-01T19:32:03Z</time>
   </trkpt>
   <trkpt lat="42.9441990" lon="-81.3028750">
    <ele>293.7</ele>
    <time>2020-05-01T19:32:04Z</time>
   </trkpt>
   <trkpt lat="42.9442270" lon="-81.3028880">
    <ele>293.8</ele>
    <time>2020-05-01T19:32:05Z</time>
   </trkpt>
   <trkpt lat="42.9442600" lon="-81.3028950">
    <ele>294.0</ele>
    <time>2020-05-01T19:32:06Z</time>
   </trkpt>
   <trkpt lat="42.9442910" lon="-81.3029020">
    <ele>293.9</ele>
    <time>2020-05-01T19:32:07Z</time>
   </trkpt>
   <trkpt lat="42.9443170" lon="-81.3029130">
    <ele>293.9</ele>
    <time>2020-05-01T19:32:08Z</time>
   </trkpt>
   <trkpt lat="42.9443500" lon="-81.3029230">
    <ele>293.9</ele>
    <time>2020-05-01T19:32:09Z</time>
   </trkpt>
   <trkpt lat="42.9443870" lon="-81.3029240">
    <ele>293.8</ele>
    <time>2020-05-01T19:32:10Z</time>
   </trkpt>
   <trkpt lat="42.9444250" lon="-81.3029310">
    <ele>293.8</ele>
    <time>2020-05-01T19:32:11Z</time>
   </trkpt>
   <trkpt lat="42.9444420" lon="-81.3029380">
    <ele>293.7</ele>
    <time>2020-05-01T19:32:12Z</time>
   </trkpt>
   <trkpt lat="42.9444720" lon="-81.3029420">
    <ele>293.7</ele>
    <time>2020-05-01T19:32:13Z</time>
   </trkpt>
   <trkpt lat="42.9444810" lon="-81.3029430">
    <ele>294.4</ele>
    <time>2020-05-01T19:32:14Z</time>
   </trkpt>
   <trkpt lat="42.9444960" lon="-81.3029450">
    <ele>294.4</ele>
    <time>2020-05-01T19:32:15Z</time>
   </trkpt>
   <trkpt lat="42.9445160" lon="-81.3029520">
    <ele>294.4</ele>
    <time>2020-05-01T19:32:16Z</time>
   </trkpt>
   <trkpt lat="42.9445430" lon="-81.3029650">
    <ele>294.5</ele>
    <time>2020-05-01T19:32:17Z</time>
   </trkpt>
   <trkpt lat="42.9445550" lon="-81.3029710">
    <ele>294.5</ele>
    <time>2020-05-01T19:32:18Z</time>
   </trkpt>
   <trkpt lat="42.9445670" lon="-81.3029710">
    <ele>294.6</ele>
    <time>2020-05-01T19:32:19Z</time>
   </trkpt>
   <trkpt lat="42.9445840" lon="-81.3029670">
    <ele>294.6</ele>
    <time>2020-05-01T19:32:20Z</time>
   </trkpt>
   <trkpt lat="42.9446130" lon="-81.3029690">
    <ele>294.7</ele>
    <time>2020-05-01T19:32:21Z</time>
   </trkpt>
   <trkpt lat="42.9446420" lon="-81.3029760">
    <ele>294.8</ele>
    <time>2020-05-01T19:32:22Z</time>
   </trkpt>
   <trkpt lat="42.9446730" lon="-81.3029940">
    <ele>294.9</ele>
    <time>2020-05-01T19:32:23Z</time>
   </trkpt>
   <trkpt lat="42.9447010" lon="-81.3030060">
    <ele>295.0</ele>
    <time>2020-05-01T19:32:24Z</time>
   </trkpt>
   <trkpt lat="42.9447330" lon="-81.3030180">
    <ele>295.2</ele>
    <time>2020-05-01T19:32:25Z</time>
   </trkpt>
   <trkpt lat="42.9447420" lon="-81.3030250">
    <ele>295.2</ele>
    <time>2020-05-01T19:32:26Z</time>
   </trkpt>
   <trkpt lat="42.9447680" lon="-81.3030270">
    <ele>295.3</ele>
    <time>2020-05-01T19:32:27Z</time>
   </trkpt>
   <trkpt lat="42.9447790" lon="-81.3030260">
    <ele>295.3</ele>
    <time>2020-05-01T19:32:28Z</time>
   </trkpt>
   <trkpt lat="42.9448000" lon="-81.3030300">
    <ele>295.4</ele>
    <time>2020-05-01T19:32:29Z</time>
   </trkpt>
   <trkpt lat="42.9448080" lon="-81.3030330">
    <ele>295.4</ele>
    <time>2020-05-01T19:32:30Z</time>
   </trkpt>
   <trkpt lat="42.9448160" lon="-81.3030360">
    <ele>295.5</ele>
    <time>2020-05-01T19:32:31Z</time>
   </trkpt>
   <trkpt lat="42.9448370" lon="-81.3030470">
    <ele>295.5</ele>
    <time>2020-05-01T19:32:32Z</time>
   </trkpt>
   <trkpt lat="42.9448500" lon="-81.3030540">
    <ele>295.6</ele>
    <time>2020-05-01T19:32:33Z</time>
   </trkpt>
   <trkpt lat="42.9448800" lon="-81.3030520">
    <ele>295.7</ele>
    <time>2020-05-01T19:32:34Z</time>
   </trkpt>
   <trkpt lat="42.9448870" lon="-81.3030480">
    <ele>295.7</ele>
    <time>2020-05-01T19:32:35Z</time>
   </trkpt>
   <trkpt lat="42.9449090" lon="-81.3030460">
    <ele>295.8</ele>
    <time>2020-05-01T19:32:36Z</time>
   </trkpt>
   <trkpt lat="42.9449200" lon="-81.3030430">
    <ele>295.8</ele>
    <time>2020-05-01T19:32:37Z</time>
   </trkpt>
   <trkpt lat="42.9449310" lon="-81.3030390">
    <ele>295.9</ele>
    <time>2020-05-01T19:32:38Z</time>
   </trkpt>
   <trkpt lat="42.9449630" lon="-81.3030400">
    <ele>296.0</ele>
    <time>2020-05-01T19:32:39Z</time>
   </trkpt>
   <trkpt lat="42.9449770" lon="-81.3030450">
    <ele>296.0</ele>
    <time>2020-05-01T19:32:40Z</time>
   </trkpt>
   <trkpt lat="42.9449910" lon="-81.3030510">
    <ele>296.1</ele>
    <time>2020-05-01T19:32:41Z</time>
   </trkpt>
   <trkpt lat="42.9450040" lon="-81.3030610">
    <ele>296.1</ele>
    <time>2020-05-01T19:32:42Z</time>
   </trkpt>
   <trkpt lat="42.9450360" lon="-81.3030750">
    <ele>296.2</ele>
    <time>2020-05-01T19:32:43Z</time>
   </trkpt>
   <trkpt lat="42.9450450" lon="-81.3030800">
    <ele>296.3</ele>
    <time>2020-05-01T19:32:44Z</time>
   </trkpt>
   <trkpt lat="42.9450640" lon="-81.3030890">
    <ele>296.3</ele>
    <time>2020-05-01T19:32:45Z</time>
   </trkpt>
   <trkpt lat="42.9450770" lon="-81.3030970">
    <ele>296.4</ele>
    <time>2020-05-01T19:32:46Z</time>
   </trkpt>
   <trkpt lat="42.9451070" lon="-81.3030970">
    <ele>296.5</ele>
    <time>2020-05-01T19:32:47Z</time>
   </trkpt>
   <trkpt lat="42.9451230" lon="-81.3030970">
    <ele>296.5</ele>
    <time>2020-05-01T19:32:48Z</time>
   </trkpt>
   <trkpt lat="42.9451670" lon="-81.3031040">
    <ele>296.6</ele>
    <time>2020-05-01T19:32:49Z</time>
   </trkpt>
   <trkpt lat="42.9451840" lon="-81.3031090">
    <ele>296.7</ele>
    <time>2020-05-01T19:32:50Z</time>
   </trkpt>
   <trkpt lat="42.9452100" lon="-81.3031250">
    <ele>296.7</ele>
    <time>2020-05-01T19:32:51Z</time>
   </trkpt>
   <trkpt lat="42.9452420" lon="-81.3031390">
    <ele>296.8</ele>
    <time>2020-05-01T19:32:52Z</time>
   </trkpt>
   <trkpt lat="42.9452700" lon="-81.3031430">
    <ele>296.8</ele>
    <time>2020-05-01T19:32:53Z</time>
   </trkpt>
   <trkpt lat="42.9453030" lon="-81.3031450">
    <ele>296.9</ele>
    <time>2020-05-01T19:32:54Z</time>
   </trkpt>
   <trkpt lat="42.9453320" lon="-81.3031500">
    <ele>296.9</ele>
    <time>2020-05-01T19:32:55Z</time>
   </trkpt>
   <trkpt lat="42.9453650" lon="-81.3031580">
    <ele>296.9</ele>
    <time>2020-05-01T19:32:56Z</time>
   </trkpt>
   <trkpt lat="42.9453750" lon="-81.3031630">
    <ele>296.9</ele>
    <time>2020-05-01T19:32:57Z</time>
   </trkpt>
   <trkpt lat="42.9454180" lon="-81.3031620">
    <ele>297.0</ele>
    <time>2020-05-01T19:32:58Z</time>
   </trkpt>
   <trkpt lat="42.9454340" lon="-81.3031630">
    <ele>297.0</ele>
    <time>2020-05-01T19:32:59Z</time>
   </trkpt>
   <trkpt lat="42.9454690" lon="-81.3031760">
    <ele>297.0</ele>
    <time>2020-05-01T19:33:00Z</time>
   </trkpt>
   <trkpt lat="42.9454990" lon="-81.3031770">
    <ele>297.0</ele>
    <time>2020-05-01T19:33:01Z</time>
   </trkpt>
   <trkpt lat="42.9455240" lon="-81.3031750">
    <ele>297.0</ele>
    <time>2020-05-01T19:33:02Z</time>
   </trkpt>
   <trkpt lat="42.9455350" lon="-81.3031810">
    <ele>297.0</ele>
    <time>2020-05-01T19:33:03Z</time>
   </trkpt>
   <trkpt lat="42.9455570" lon="-81.3031980">
    <ele>297.0</ele>
    <time>2020-05-01T19:33:04Z</time>
   </trkpt>
   <trkpt lat="42.9455680" lon="-81.3032070">
    <ele>297.0</ele>
    <time>2020-05-01T19:33:05Z</time>
   </trkpt>
   <trkpt lat="42.9455990" lon="-81.3032210">
    <ele>297.0</ele>
    <time>2020-05-01T19:33:06Z</time>
   </trkpt>
   <trkpt lat="42.9456100" lon="-81.3032240">
    <ele>297.0</ele>
    <time>2020-05-01T19:33:07Z</time>
   </trkpt>
   <trkpt lat="42.9456390" lon="-81.3032320">
    <ele>297.0</ele>
    <time>2020-05-01T19:33:08Z</time>
   </trkpt>
   <trkpt lat="42.9456470" lon="-81.3032350">
    <ele>297.0</ele>
    <time>2020-05-01T19:33:09Z</time>
   </trkpt>
   <trkpt lat="42.9456780" lon="-81.3032360">
    <ele>297.0</ele>
    <time>2020-05-01T19:33:10Z</time>
   </trkpt>
   <trkpt lat="42.9456860" lon="-81.3032420">
    <ele>297.0</ele>
    <time>2020-05-01T19:33:11Z</time>
   </trkpt>
   <trkpt lat="42.9457080" lon="-81.3032410">
    <ele>297.0</ele>
    <time>2020-05-01T19:33:12Z</time>
   </trkpt>
   <trkpt lat="42.9457190" lon="-81.3032420">
    <ele>296.9</ele>
    <time>2020-05-01T19:33:13Z</time>
   </trkpt>
   <trkpt lat="42.9457460" lon="-81.3032330">
    <ele>296.9</ele>
    <time>2020-05-01T19:33:14Z</time>
   </trkpt>
   <trkpt lat="42.9457820" lon="-81.3032390">
    <ele>296.9</ele>
    <time>2020-05-01T19:33:15Z</time>
   </trkpt>
   <trkpt lat="42.9457950" lon="-81.3032450">
    <ele>296.9</ele>
    <time>2020-05-01T19:33:16Z</time>
   </trkpt>
   <trkpt lat="42.9458230" lon="-81.3032580">
    <ele>296.9</ele>
    <time>2020-05-01T19:33:17Z</time>
   </trkpt>
   <trkpt lat="42.9458520" lon="-81.3032800">
    <ele>296.8</ele>
    <time>2020-05-01T19:33:18Z</time>
   </trkpt>
   <trkpt lat="42.9458840" lon="-81.3032940">
    <ele>296.8</ele>
    <time>2020-05-01T19:33:19Z</time>
   </trkpt>
   <trkpt lat="42.9458940" lon="-81.3032960">
    <ele>296.8</ele>
    <time>2020-05-01T19:33:20Z</time>
   </trkpt>
   <trkpt lat="42.9459220" lon="-81.3032950">
    <ele>296.8</ele>
    <time>2020-05-01T19:33:21Z</time>
   </trkpt>
   <trkpt lat="42.9459550" lon="-81.3032980">
    <ele>296.8</ele>
    <time>2020-05-01T19:33:22Z</time>
   </trkpt>
   <trkpt lat="42.9459910" lon="-81.3033080">
    <ele>296.7</ele>
    <time>2020-05-01T19:33:23Z</time>
   </trkpt>
   <trkpt lat="42.9460060" lon="-81.3033110">
    <ele>296.7</ele>
    <time>2020-05-01T19:33:24Z</time>
   </trkpt>
   <trkpt lat="42.9460350" lon="-81.3033240">
    <ele>296.6</ele>
    <time>2020-05-01T19:33:25Z</time>
   </trkpt>
   <trkpt lat="42.9460710" lon="-81.3033280">
    <ele>296.5</ele>
    <time>2020-05-01T19:33:26Z</time>
   </trkpt>
   <trkpt lat="42.9460820" lon="-81.3033290">
    <ele>296.5</ele>
    <time>2020-05-01T19:33:27Z</time>
   </trkpt>
   <trkpt lat="42.9461220" lon="-81.3033170">
    <ele>296.4</ele>
    <time>2020-05-01T19:33:28Z</time>
   </trkpt>
   <trkpt lat="42.9461380" lon="-81.3033150">
    <ele>296.4</ele>
    <time>2020-05-01T19:33:29Z</time>
   </trkpt>
   <trkpt lat="42.9461720" lon="-81.3033170">
    <ele>296.3</ele>
    <time>2020-05-01T19:33:30Z</time>
   </trkpt>
   <trkpt lat="42.9462020" lon="-81.3033320">
    <ele>296.2</ele>
    <time>2020-05-01T19:33:31Z</time>
   </trkpt>
   <trkpt lat="42.9462340" lon="-81.3033530">
    <ele>296.2</ele>
    <time>2020-05-01T19:33:32Z</time>
   </trkpt>
   <trkpt lat="42.9462500" lon="-81.3033580">
    <ele>296.1</ele>
    <time>2020-05-01T19:33:33Z</time>
   </trkpt>
   <trkpt lat="42.9462840" lon="-81.3033720">
    <ele>296.0</ele>
    <time>2020-05-01T19:33:34Z</time>
   </trkpt>
   <trkpt lat="42.9462930" lon="-81.3033770">
    <ele>296.0</ele>
    <time>2020-05-01T19:33:35Z</time>
   </trkpt>
   <trkpt lat="42.9463200" lon="-81.3033800">
    <ele>295.9</ele>
    <time>2020-05-01T19:33:36Z</time>
   </trkpt>
   <trkpt lat="42.9463330" lon="-81.3033800">
    <ele>295.9</ele>
    <time>2020-05-01T19:33:37Z</time>
   </trkpt>
   <trkpt lat="42.9463610" lon="-81.3033840">
    <ele>295.8</ele>
    <time>2020-05-01T19:33:38Z</time>
   </trkpt>
   <trkpt lat="42.9463890" lon="-81.3034010">
    <ele>295.7</ele>
    <time>2020-05-01T19:33:39Z</time>
   </trkpt>
   <trkpt lat="42.9464020" lon="-81.3034040">
    <ele>295.7</ele>
    <time>2020-05-01T19:33:40Z</time>
   </trkpt>
   <trkpt lat="42.9464330" lon="-81.3033980">
    <ele>295.6</ele>
    <time>2020-05-01T19:33:41Z</time>
   </trkpt>
   <trkpt lat="42.9464720" lon="-81.3034100">
    <ele>295.5</ele>
    <time>2020-05-01T19:33:42Z</time>
   </trkpt>
   <trkpt lat="42.9465290" lon="-81.3034190">
    <ele>295.4</ele>
    <time>2020-05-01T19:33:43Z</time>
   </trkpt>
   <trkpt lat="42.9465640" lon="-81.3034320">
    <ele>295.3</ele>
    <time>2020-05-01T19:33:44Z</time>
   </trkpt>
   <trkpt lat="42.9465930" lon="-81.3034380">
    <ele>295.2</ele>
    <time>2020-05-01T19:33:45Z</time>
   </trkpt>
   <trkpt lat="42.9466250" lon="-81.3034530">
    <ele>295.1</ele>
    <time>2020-05-01T19:33:46Z</time>
   </trkpt>
   <trkpt lat="42.9466610" lon="-81.3034730">
    <ele>295.0</ele>
    <time>2020-05-01T19:33:47Z</time>
   </trkpt>
   <trkpt lat="42.9466920" lon="-81.3034880">
    <ele>294.9</ele>
    <time>2020-05-01T19:33:48Z</time>
   </trkpt>
   <trkpt lat="42.9467250" lon="-81.3034960">
    <ele>294.8</ele>
    <time>2020-05-01T19:33:49Z</time>
   </trkpt>
   <trkpt lat="42.9467630" lon="-81.3035050">
    <ele>294.7</ele>
    <time>2020-05-01T19:33:50Z</time>
   </trkpt>
   <trkpt lat="42.9467910" lon="-81.3035170">
    <ele>294.6</ele>
    <time>2020-05-01T19:33:51Z</time>
   </trkpt>
   <trkpt lat="42.9468180" lon="-81.3035300">
    <ele>294.6</ele>
    <time>2020-05-01T19:33:52Z</time>
   </trkpt>
   <trkpt lat="42.9468520" lon="-81.3035390">
    <ele>294.5</ele>
    <time>2020-05-01T19:33:53Z</time>
   </trkpt>
   <trkpt lat="42.9468630" lon="-81.3035400">
    <ele>294.4</ele>
    <time>2020-05-01T19:33:54Z</time>
   </trkpt>
   <trkpt lat="42.9469010" lon="-81.3035530">
    <ele>294.3</ele>
    <time>2020-05-01T19:33:55Z</time>
   </trkpt>
   <trkpt lat="42.9469140" lon="-81.3035630">
    <ele>294.3</ele>
    <time>2020-05-01T19:33:56Z</time>
   </trkpt>
   <trkpt lat="42.9469470" lon="-81.3035700">
    <ele>294.2</ele>
    <time>2020-05-01T19:33:57Z</time>
   </trkpt>
   <trkpt lat="42.9469580" lon="-81.3035770">
    <ele>294.2</ele>
    <time>2020-05-01T19:33:58Z</time>
   </trkpt>
   <trkpt lat="42.9469850" lon="-81.3035960">
    <ele>294.1</ele>
    <time>2020-05-01T19:33:59Z</time>
   </trkpt>
   <trkpt lat="42.9469940" lon="-81.3036000">
    <ele>294.1</ele>
    <time>2020-05-01T19:34:00Z</time>
   </trkpt>
   <trkpt lat="42.9470250" lon="-81.3036040">
    <ele>294.1</ele>
    <time>2020-05-01T19:34:01Z</time>
   </trkpt>
   <trkpt lat="42.9470590" lon="-81.3036070">
    <ele>294.0</ele>
    <time>2020-05-01T19:34:02Z</time>
   </trkpt>
   <trkpt lat="42.9470690" lon="-81.3036060">
    <ele>294.0</ele>
    <time>2020-05-01T19:34:03Z</time>
   </trkpt>
   <trkpt lat="42.9470990" lon="-81.3036030">
    <ele>293.9</ele>
    <time>2020-05-01T19:34:04Z</time>
   </trkpt>
   <trkpt lat="42.9471300" lon="-81.3036100">
    <ele>293.8</ele>
    <time>2020-05-01T19:34:05Z</time>
   </trkpt>
   <trkpt lat="42.9471400" lon="-81.3036150">
    <ele>293.8</ele>
    <time>2020-05-01T19:34:06Z</time>
   </trkpt>
   <trkpt lat="42.9471830" lon="-81.3036300">
    <ele>293.8</ele>
    <time>2020-05-01T19:34:07Z</time>
   </trkpt>
   <trkpt lat="42.9472090" lon="-81.3036410">
    <ele>293.8</ele>
    <time>2020-05-01T19:34:08Z</time>
   </trkpt>
   <trkpt lat="42.9472390" lon="-81.3036480">
    <ele>293.8</ele>
    <time>2020-05-01T19:34:09Z</time>
   </trkpt>
   <trkpt lat="42.9472750" lon="-81.3036570">
    <ele>293.8</ele>
    <time>2020-05-01T19:34:10Z</time>
   </trkpt>
   <trkpt lat="42.9472870" lon="-81.3036600">
    <ele>293.7</ele>
    <time>2020-05-01T19:34:11Z</time>
   </trkpt>
   <trkpt lat="42.9473150" lon="-81.3036780">
    <ele>293.7</ele>
    <time>2020-05-01T19:34:12Z</time>
   </trkpt>
   <trkpt lat="42.9473230" lon="-81.3036800">
    <ele>293.7</ele>
    <time>2020-05-01T19:34:13Z</time>
   </trkpt>
   <trkpt lat="42.9473540" lon="-81.3036850">
    <ele>293.7</ele>
    <time>2020-05-01T19:34:14Z</time>
   </trkpt>
   <trkpt lat="42.9473630" lon="-81.3036860">
    <ele>293.6</ele>
    <time>2020-05-01T19:34:15Z</time>
   </trkpt>
   <trkpt lat="42.9473930" lon="-81.3036930">
    <ele>293.6</ele>
    <time>2020-05-01T19:34:16Z</time>
   </trkpt>
   <trkpt lat="42.9474060" lon="-81.3036860">
    <ele>293.6</ele>
    <time>2020-05-01T19:34:17Z</time>
   </trkpt>
   <trkpt lat="42.9474440" lon="-81.3036860">
    <ele>293.5</ele>
    <time>2020-05-01T19:34:18Z</time>
   </trkpt>
   <trkpt lat="42.9474570" lon="-81.3036940">
    <ele>293.5</ele>
    <time>2020-05-01T19:34:19Z</time>
   </trkpt>
   <trkpt lat="42.9474920" lon="-81.3036860">
    <ele>293.4</ele>
    <time>2020-05-01T19:34:20Z</time>
   </trkpt>
   <trkpt lat="42.9475200" lon="-81.3036720">
    <ele>293.3</ele>
    <time>2020-05-01T19:34:21Z</time>
   </trkpt>
   <trkpt lat="42.9475530" lon="-81.3036570">
    <ele>293.3</ele>
    <time>2020-05-01T19:34:22Z</time>
   </trkpt>
   <trkpt lat="42.9475900" lon="-81.3036500">
    <ele>293.2</ele>
    <time>2020-05-01T19:34:23Z</time>
   </trkpt>
   <trkpt lat="42.9476210" lon="-81.3036490">
    <ele>293.2</ele>
    <time>2020-05-01T19:34:24Z</time>
   </trkpt>
   <trkpt lat="42.9476710" lon="-81.3036620">
    <ele>293.1</ele>
    <time>2020-05-01T19:34:25Z</time>
   </trkpt>
   <trkpt lat="42.9477090" lon="-81.3036700">
    <ele>293.1</ele>
    <time>2020-05-01T19:34:26Z</time>
   </trkpt>
   <trkpt lat="42.9477380" lon="-81.3036700">
    <ele>293.1</ele>
    <time>2020-05-01T19:34:27Z</time>
   </trkpt>
   <trkpt lat="42.9477710" lon="-81.3036710">
    <ele>293.0</ele>
    <time>2020-05-01T19:34:28Z</time>
   </trkpt>
   <trkpt lat="42.9478090" lon="-81.3036680">
    <ele>293.0</ele>
    <time>2020-05-01T19:34:29Z</time>
   </trkpt>
   <trkpt lat="42.9478490" lon="-81.3036600">
    <ele>293.0</ele>
    <time>2020-05-01T19:34:30Z</time>
   </trkpt>
   <trkpt lat="42.9478870" lon="-81.3036650">
    <ele>292.9</ele>
    <time>2020-05-01T19:34:31Z</time>
   </trkpt>
   <trkpt lat="42.9478970" lon="-81.3036680">
    <ele>292.8</ele>
    <time>2020-05-01T19:34:32Z</time>
   </trkpt>
   <trkpt lat="42.9479100" lon="-81.3036730">
    <ele>292.8</ele>
    <time>2020-05-01T19:34:33Z</time>
   </trkpt>
   <trkpt lat="42.9479310" lon="-81.3036800">
    <ele>292.8</ele>
    <time>2020-05-01T19:34:34Z</time>
   </trkpt>
   <trkpt lat="42.9479680" lon="-81.3036680">
    <ele>292.7</ele>
    <time>2020-05-01T19:34:35Z</time>
   </trkpt>
   <trkpt lat="42.9479960" lon="-81.3036630">
    <ele>292.6</ele>
    <time>2020-05-01T19:34:36Z</time>
   </trkpt>
   <trkpt lat="42.9480260" lon="-81.3036490">
    <ele>292.5</ele>
    <time>2020-05-01T19:34:37Z</time>
   </trkpt>
   <trkpt lat="42.9480370" lon="-81.3036480">
    <ele>292.4</ele>
    <time>2020-05-01T19:34:38Z</time>
   </trkpt>
   <trkpt lat="42.9480770" lon="-81.3036470">
    <ele>292.3</ele>
    <time>2020-05-01T19:34:39Z</time>
   </trkpt>
   <trkpt lat="42.9480900" lon="-81.3036450">
    <ele>292.3</ele>
    <time>2020-05-01T19:34:40Z</time>
   </trkpt>
   <trkpt lat="42.9481230" lon="-81.3036430">
    <ele>292.2</ele>
    <time>2020-05-01T19:34:41Z</time>
   </trkpt>
   <trkpt lat="42.9481610" lon="-81.3036340">
    <ele>292.1</ele>
    <time>2020-05-01T19:34:42Z</time>
   </trkpt>
   <trkpt lat="42.9481730" lon="-81.3036300">
    <ele>292.0</ele>
    <time>2020-05-01T19:34:43Z</time>
   </trkpt>
   <trkpt lat="42.9482050" lon="-81.3036370">
    <ele>292.0</ele>
    <time>2020-05-01T19:34:44Z</time>
   </trkpt>
   <trkpt lat="42.9482320" lon="-81.3036410">
    <ele>291.9</ele>
    <time>2020-05-01T19:34:45Z</time>
   </trkpt>
   <trkpt lat="42.9482420" lon="-81.3036430">
    <ele>291.9</ele>
    <time>2020-05-01T19:34:46Z</time>
   </trkpt>
   <trkpt lat="42.9482730" lon="-81.3036440">
    <ele>291.8</ele>
    <time>2020-05-01T19:34:47Z</time>
   </trkpt>
   <trkpt lat="42.9483040" lon="-81.3036400">
    <ele>291.7</ele>
    <time>2020-05-01T19:34:48Z</time>
   </trkpt>
   <trkpt lat="42.9483400" lon="-81.3036190">
    <ele>291.6</ele>
    <time>2020-05-01T19:34:49Z</time>
   </trkpt>
   <trkpt lat="42.9483690" lon="-81.3035990">
    <ele>291.6</ele>
    <time>2020-05-01T19:34:50Z</time>
   </trkpt>
   <trkpt lat="42.9483800" lon="-81.3035920">
    <ele>291.5</ele>
    <time>2020-05-01T19:34:51Z</time>
   </trkpt>
   <trkpt lat="42.9484180" lon="-81.3035870">
    <ele>291.5</ele>
    <time>2020-05-01T19:34:52Z</time>
   </trkpt>
   <trkpt lat="42.9484330" lon="-81.3035840">
    <ele>291.4</ele>
    <time>2020-05-01T19:34:53Z</time>
   </trkpt>
   <trkpt lat="42.9484580" lon="-81.3035580">
    <ele>291.3</ele>
    <time>2020-05-01T19:34:54Z</time>
   </trkpt>
   <trkpt lat="42.9484940" lon="-81.3035420">
    <ele>291.3</ele>
    <time>2020-05-01T19:34:55Z</time>
   </trkpt>
   <trkpt lat="42.9485280" lon="-81.3035320">
    <ele>291.2</ele>
    <time>2020-05-01T19:34:56Z</time>
   </trkpt>
   <trkpt lat="42.9485360" lon="-81.3035310">
    <ele>291.2</ele>
    <time>2020-05-01T19:34:57Z</time>
   </trkpt>
   <trkpt lat="42.9485710" lon="-81.3035210">
    <ele>291.1</ele>
    <time>2020-05-01T19:34:58Z</time>
   </trkpt>
   <trkpt lat="42.9485910" lon="-81.3035210">
    <ele>291.0</ele>
    <time>2020-05-01T19:34:59Z</time>
   </trkpt>
   <trkpt lat="42.9486250" lon="-81.3035200">
    <ele>290.9</ele>
    <time>2020-05-01T19:35:00Z</time>
   </trkpt>
   <trkpt lat="42.9486560" lon="-81.3035160">
    <ele>290.9</ele>
    <time>2020-05-01T19:35:01Z</time>
   </trkpt>
   <trkpt lat="42.9486840" lon="-81.3034990">
    <ele>290.8</ele>
    <time>2020-05-01T19:35:02Z</time>
   </trkpt>
   <trkpt lat="42.9487160" lon="-81.3034770">
    <ele>290.7</ele>
    <time>2020-05-01T19:35:03Z</time>
   </trkpt>
   <trkpt lat="42.9487270" lon="-81.3034750">
    <ele>290.7</ele>
    <time>2020-05-01T19:35:04Z</time>
   </trkpt>
   <trkpt lat="42.9487560" lon="-81.3034710">
    <ele>290.6</ele>
    <time>2020-05-01T19:35:05Z</time>
   </trkpt>
   <trkpt lat="42.9487850" lon="-81.3034410">
    <ele>290.6</ele>
    <time>2020-05-01T19:35:06Z</time>
   </trkpt>
   <trkpt lat="42.9487960" lon="-81.3034330">
    <ele>290.6</ele>
    <time>2020-05-01T19:35:07Z</time>
   </trkpt>
   <trkpt lat="42.9488280" lon="-81.3034100">
    <ele>290.5</ele>
    <time>2020-05-01T19:35:08Z</time>
   </trkpt>
   <trkpt lat="42.9488640" lon="-81.3033980">
    <ele>290.5</ele>
    <time>2020-05-01T19:35:09Z</time>
   </trkpt>
   <trkpt lat="42.9488910" lon="-81.3033850">
    <ele>290.4</ele>
    <time>2020-05-01T19:35:10Z</time>
   </trkpt>
   <trkpt lat="42.9489210" lon="-81.3033950">
    <ele>290.4</ele>
    <time>2020-05-01T19:35:11Z</time>
   </trkpt>
   <trkpt lat="42.9489550" lon="-81.3033870">
    <ele>290.3</ele>
    <time>2020-05-01T19:35:12Z</time>
   </trkpt>
   <trkpt lat="42.9489670" lon="-81.3033860">
    <ele>290.3</ele>
    <time>2020-05-01T19:35:13Z</time>
   </trkpt>
   <trkpt lat="42.9490000" lon="-81.3033680">
    <ele>290.3</ele>
    <time>2020-05-01T19:35:14Z</time>
   </trkpt>
   <trkpt lat="42.9490100" lon="-81.3033580">
    <ele>290.3</ele>
    <time>2020-05-01T19:35:15Z</time>
   </trkpt>
   <trkpt lat="42.9490310" lon="-81.3033340">
    <ele>290.2</ele>
    <time>2020-05-01T19:35:16Z</time>
   </trkpt>
   <trkpt lat="42.9490610" lon="-81.3033080">
    <ele>290.2</ele>
    <time>2020-05-01T19:35:17Z</time>
   </trkpt>
   <trkpt lat="42.9490870" lon="-81.3032840">
    <ele>290.2</ele>
    <time>2020-05-01T19:35:18Z</time>
   </trkpt>
   <trkpt lat="42.9491240" lon="-81.3032700">
    <ele>290.1</ele>
    <time>2020-05-01T19:35:19Z</time>
   </trkpt>
   <trkpt lat="42.9491370" lon="-81.3032630">
    <ele>290.1</ele>
    <time>2020-05-01T19:35:20Z</time>
   </trkpt>
   <trkpt lat="42.9491740" lon="-81.3032360">
    <ele>290.0</ele>
    <time>2020-05-01T19:35:21Z</time>
   </trkpt>
   <trkpt lat="42.9491890" lon="-81.3032240">
    <ele>290.0</ele>
    <time>2020-05-01T19:35:22Z</time>
   </trkpt>
   <trkpt lat="42.9492200" lon="-81.3032110">
    <ele>290.0</ele>
    <time>2020-05-01T19:35:23Z</time>
   </trkpt>
   <trkpt lat="42.9492470" lon="-81.3032000">
    <ele>290.0</ele>
    <time>2020-05-01T19:35:24Z</time>
   </trkpt>
   <trkpt lat="42.9492740" lon="-81.3031800">
    <ele>289.9</ele>
    <time>2020-05-01T19:35:25Z</time>
   </trkpt>
   <trkpt lat="42.9493050" lon="-81.3031770">
    <ele>289.9</ele>
    <time>2020-05-01T19:35:26Z</time>
   </trkpt>
   <trkpt lat="42.9493140" lon="-81.3031740">
    <ele>289.9</ele>
    <time>2020-05-01T19:35:27Z</time>
   </trkpt>
   <trkpt lat="42.9493480" lon="-81.3031530">
    <ele>289.9</ele>
    <time>2020-05-01T19:35:28Z</time>
   </trkpt>
   <trkpt lat="42.9493570" lon="-81.3031440">
    <ele>289.9</ele>
    <time>2020-05-01T19:35:29Z</time>
   </trkpt>
   <trkpt lat="42.9493790" lon="-81.3031220">
    <ele>289.9</ele>
    <time>2020-05-01T19:35:30Z</time>
   </trkpt>
   <trkpt lat="42.9493860" lon="-81.3031140">
    <ele>289.9</ele>
    <time>2020-05-01T19:35:31Z</time>
   </trkpt>
   <trkpt lat="42.9494200" lon="-81.3030890">
    <ele>289.9</ele>
    <time>2020-05-01T19:35:32Z</time>
   </trkpt>
   <trkpt lat="42.9494350" lon="-81.3030810">
    <ele>289.9</ele>
    <time>2020-05-01T19:35:33Z</time>
   </trkpt>
   <trkpt lat="42.9494600" lon="-81.3030490">
    <ele>289.9</ele>
    <time>2020-05-01T19:35:34Z</time>
   </trkpt>
   <trkpt lat="42.9494860" lon="-81.3030390">
    <ele>289.9</ele>
    <time>2020-05-01T19:35:35Z</time>
   </trkpt>
   <trkpt lat="42.9495230" lon="-81.3030220">
    <ele>289.9</ele>
    <time>2020-05-01T19:35:36Z</time>
   </trkpt>
   <trkpt lat="42.9495350" lon="-81.3030140">
    <ele>289.9</ele>
    <time>2020-05-01T19:35:37Z</time>
   </trkpt>
   <trkpt lat="42.9495620" lon="-81.3029800">
    <ele>289.9</ele>
    <time>2020-05-01T19:35:38Z</time>
   </trkpt>
   <trkpt lat="42.9495910" lon="-81.3029590">
    <ele>289.9</ele>
    <time>2020-05-01T19:35:39Z</time>
   </trkpt>
   <trkpt lat="42.9496120" lon="-81.3029290">
    <ele>289.9</ele>
    <time>2020-05-01T19:35:40Z</time>
   </trkpt>
   <trkpt lat="42.9496430" lon="-81.3029000">
    <ele>289.9</ele>
    <time>2020-05-01T19:35:41Z</time>
   </trkpt>
   <trkpt lat="42.9496780" lon="-81.3028710">
    <ele>289.8</ele>
    <time>2020-05-01T19:35:42Z</time>
   </trkpt>
   <trkpt lat="42.9496920" lon="-81.3028640">
    <ele>289.8</ele>
    <time>2020-05-01T19:35:43Z</time>
   </trkpt>
   <trkpt lat="42.9497190" lon="-81.3028430">
    <ele>289.8</ele>
    <time>2020-05-01T19:35:44Z</time>
   </trkpt>
   <trkpt lat="42.9497480" lon="-81.3028330">
    <ele>289.8</ele>
    <time>2020-05-01T19:35:45Z</time>
   </trkpt>
   <trkpt lat="42.9497790" lon="-81.3028170">
    <ele>289.7</ele>
    <time>2020-05-01T19:35:46Z</time>
   </trkpt>
   <trkpt lat="42.9498110" lon="-81.3027910">
    <ele>289.7</ele>
    <time>2020-05-01T19:35:47Z</time>
   </trkpt>
   <trkpt lat="42.9498220" lon="-81.3027830">
    <ele>289.7</ele>
    <time>2020-05-01T19:35:48Z</time>
   </trkpt>
   <trkpt lat="42.9498540" lon="-81.3027560">
    <ele>289.6</ele>
    <time>2020-05-01T19:35:49Z</time>
   </trkpt>
   <trkpt lat="42.9498650" lon="-81.3027470">
    <ele>289.6</ele>
    <time>2020-05-01T19:35:50Z</time>
   </trkpt>
   <trkpt lat="42.9498930" lon="-81.3027370">
    <ele>289.6</ele>
    <time>2020-05-01T19:35:51Z</time>
   </trkpt>
   <trkpt lat="42.9499190" lon="-81.3027250">
    <ele>289.6</ele>
    <time>2020-05-01T19:35:52Z</time>
   </trkpt>
   <trkpt lat="42.9499470" lon="-81.3027170">
    <ele>289.5</ele>
    <time>2020-05-01T19:35:53Z</time>
   </trkpt>
   <trkpt lat="42.9499770" lon="-81.3026920">
    <ele>289.5</ele>
    <time>2020-05-01T19:35:54Z</time>
   </trkpt>
   <trkpt lat="42.9499910" lon="-81.3026940">
    <ele>289.5</ele>
    <time>2020-05-01T19:35:55Z</time>
   </trkpt>
   <trkpt lat="42.9500250" lon="-81.3026780">
    <ele>289.4</ele>
    <time>2020-05-01T19:35:56Z</time>
   </trkpt>
   <trkpt lat="42.9500360" lon="-81.3026680">
    <ele>289.4</ele>
    <time>2020-05-01T19:35:57Z</time>
   </trkpt>
   <trkpt lat="42.9500650" lon="-81.3026530">
    <ele>289.4</ele>
    <time>2020-05-01T19:35:58Z</time>
   </trkpt>
   <trkpt lat="42.9501010" lon="-81.3026340">
    <ele>289.3</ele>
    <time>2020-05-01T19:35:59Z</time>
   </trkpt>
   <trkpt lat="42.9501150" lon="-81.3026260">
    <ele>289.3</ele>
    <time>2020-05-01T19:36:00Z</time>
   </trkpt>
   <trkpt lat="42.9501410" lon="-81.3026100">
    <ele>289.3</ele>
    <time>2020-05-01T19:36:01Z</time>
   </trkpt>
   <trkpt lat="42.9501700" lon="-81.3026020">
    <ele>289.3</ele>
    <time>2020-05-01T19:36:02Z</time>
   </trkpt>
   <trkpt lat="42.9502050" lon="-81.3025720">
    <ele>289.2</ele>
    <time>2020-05-01T19:36:03Z</time>
   </trkpt>
   <trkpt lat="42.9502370" lon="-81.3025660">
    <ele>289.2</ele>
    <time>2020-05-01T19:36:04Z</time>
   </trkpt>
   <trkpt lat="42.9502670" lon="-81.3025480">
    <ele>289.2</ele>
    <time>2020-05-01T19:36:05Z</time>
   </trkpt>
   <trkpt lat="42.9502990" lon="-81.3025400">
    <ele>289.2</ele>
    <time>2020-05-01T19:36:06Z</time>
   </trkpt>
   <trkpt lat="42.9503340" lon="-81.3025300">
    <ele>289.1</ele>
    <time>2020-05-01T19:36:07Z</time>
   </trkpt>
   <trkpt lat="42.9503460" lon="-81.3025230">
    <ele>289.0</ele>
    <time>2020-05-01T19:36:08Z</time>
   </trkpt>
   <trkpt lat="42.9503730" lon="-81.3025190">
    <ele>289.0</ele>
    <time>2020-05-01T19:36:09Z</time>
   </trkpt>
   <trkpt lat="42.9504070" lon="-81.3025140">
    <ele>288.9</ele>
    <time>2020-05-01T19:36:10Z</time>
   </trkpt>
   <trkpt lat="42.9504170" lon="-81.3025120">
    <ele>288.9</ele>
    <time>2020-05-01T19:36:11Z</time>
   </trkpt>
   <trkpt lat="42.9504570" lon="-81.3025030">
    <ele>288.7</ele>
    <time>2020-05-01T19:36:13Z</time>
   </trkpt>
   <trkpt lat="42.9504710" lon="-81.3025050">
    <ele>288.7</ele>
    <time>2020-05-01T19:36:14Z</time>
   </trkpt>
   <trkpt lat="42.9504840" lon="-81.3025070">
    <ele>288.7</ele>
    <time>2020-05-01T19:36:15Z</time>
   </trkpt>
   <trkpt lat="42.9505220" lon="-81.3025080">
    <ele>288.6</ele>
    <time>2020-05-01T19:36:16Z</time>
   </trkpt>
   <trkpt lat="42.9505360" lon="-81.3025100">
    <ele>288.5</ele>
    <time>2020-05-01T19:36:17Z</time>
   </trkpt>
   <trkpt lat="42.9505640" lon="-81.3025110">
    <ele>288.4</ele>
    <time>2020-05-01T19:36:18Z</time>
   </trkpt>
   <trkpt lat="42.9506030" lon="-81.3025070">
    <ele>288.3</ele>
    <time>2020-05-01T19:36:19Z</time>
   </trkpt>
   <trkpt lat="42.9506170" lon="-81.3025060">
    <ele>288.3</ele>
    <time>2020-05-01T19:36:20Z</time>
   </trkpt>
   <trkpt lat="42.9506480" lon="-81.3025010">
    <ele>288.1</ele>
    <time>2020-05-01T19:36:21Z</time>
   </trkpt>
   <trkpt lat="42.9506810" lon="-81.3024990">
    <ele>288.0</ele>
    <time>2020-05-01T19:36:22Z</time>
   </trkpt>
   <trkpt lat="42.9507200" lon="-81.3024990">
    <ele>287.9</ele>
    <time>2020-05-01T19:36:23Z</time>
   </trkpt>
   <trkpt lat="42.9507350" lon="-81.3024980">
    <ele>287.8</ele>
    <time>2020-05-01T19:36:24Z</time>
   </trkpt>
   <trkpt lat="42.9507740" lon="-81.3024980">
    <ele>287.7</ele>
    <time>2020-05-01T19:36:25Z</time>
   </trkpt>
   <trkpt lat="42.9507860" lon="-81.3024990">
    <ele>287.6</ele>
    <time>2020-05-01T19:36:26Z</time>
   </trkpt>
   <trkpt lat="42.9508150" lon="-81.3024980">
    <ele>287.5</ele>
    <time>2020-05-01T19:36:27Z</time>
   </trkpt>
   <trkpt lat="42.9508530" lon="-81.3025030">
    <ele>287.4</ele>
    <time>2020-05-01T19:36:28Z</time>
   </trkpt>
   <trkpt lat="42.9508680" lon="-81.3025060">
    <ele>287.3</ele>
    <time>2020-05-01T19:36:29Z</time>
   </trkpt>
   <trkpt lat="42.9509060" lon="-81.3025150">
    <ele>287.2</ele>
    <time>2020-05-01T19:36:30Z</time>
   </trkpt>
   <trkpt lat="42.9509200" lon="-81.3025170">
    <ele>287.2</ele>
    <time>2020-05-01T19:36:31Z</time>
   </trkpt>
   <trkpt lat="42.9509450" lon="-81.3025350">
    <ele>287.1</ele>
    <time>2020-05-01T19:36:32Z</time>
   </trkpt>
   <trkpt lat="42.9509760" lon="-81.3025500">
    <ele>287.0</ele>
    <time>2020-05-01T19:36:33Z</time>
   </trkpt>
   <trkpt lat="42.9509880" lon="-81.3025510">
    <ele>287.0</ele>
    <time>2020-05-01T19:36:34Z</time>
   </trkpt>
   <trkpt lat="42.9510250" lon="-81.3025510">
    <ele>286.8</ele>
    <time>2020-05-01T19:36:35Z</time>
   </trkpt>
   <trkpt lat="42.9510430" lon="-81.3025550">
    <ele>286.8</ele>
    <time>2020-05-01T19:36:36Z</time>
   </trkpt>
   <trkpt lat="42.9510700" lon="-81.3025610">
    <ele>286.7</ele>
    <time>2020-05-01T19:36:37Z</time>
   </trkpt>
   <trkpt lat="42.9511080" lon="-81.3025680">
    <ele>286.6</ele>
    <time>2020-05-01T19:36:38Z</time>
   </trkpt>
   <trkpt lat="42.9511220" lon="-81.3025730">
    <ele>286.6</ele>
    <time>2020-05-01T19:36:39Z</time>
   </trkpt>
   <trkpt lat="42.9511510" lon="-81.3025710">
    <ele>286.5</ele>
    <time>2020-05-01T19:36:40Z</time>
   </trkpt>
   <trkpt lat="42.9511810" lon="-81.3025770">
    <ele>286.4</ele>
    <time>2020-05-01T19:36:41Z</time>
   </trkpt>
   <trkpt lat="42.9512220" lon="-81.3025840">
    <ele>286.3</ele>
    <time>2020-05-01T19:36:42Z</time>
   </trkpt>
   <trkpt lat="42.9512370" lon="-81.3025860">
    <ele>286.2</ele>
    <time>2020-05-01T19:36:43Z</time>
   </trkpt>
   <trkpt lat="42.9512640" lon="-81.3026040">
    <ele>286.2</ele>
    <time>2020-05-01T19:36:44Z</time>
   </trkpt>
   <trkpt lat="42.9512980" lon="-81.3026080">
    <ele>286.1</ele>
    <time>2020-05-01T19:36:45Z</time>
   </trkpt>
   <trkpt lat="42.9513290" lon="-81.3026120">
    <ele>286.0</ele>
    <time>2020-05-01T19:36:46Z</time>
   </trkpt>
   <trkpt lat="42.9513600" lon="-81.3026130">
    <ele>285.9</ele>
    <time>2020-05-01T19:36:47Z</time>
   </trkpt>
   <trkpt lat="42.9513930" lon="-81.3026180">
    <ele>285.9</ele>
    <time>2020-05-01T19:36:48Z</time>
   </trkpt>
   <trkpt lat="42.9514270" lon="-81.3026220">
    <ele>285.8</ele>
    <time>2020-05-01T19:36:49Z</time>
   </trkpt>
   <trkpt lat="42.9514390" lon="-81.3026240">
    <ele>285.8</ele>
    <time>2020-05-01T19:36:50Z</time>
   </trkpt>
   <trkpt lat="42.9514750" lon="-81.3026330">
    <ele>285.8</ele>
    <time>2020-05-01T19:36:51Z</time>
   </trkpt>
   <trkpt lat="42.9514870" lon="-81.3026380">
    <ele>285.8</ele>
    <time>2020-05-01T19:36:52Z</time>
   </trkpt>
   <trkpt lat="42.9515130" lon="-81.3026470">
    <ele>285.8</ele>
    <time>2020-05-01T19:36:53Z</time>
   </trkpt>
   <trkpt lat="42.9515510" lon="-81.3026480">
    <ele>285.7</ele>
    <time>2020-05-01T19:36:54Z</time>
   </trkpt>
   <trkpt lat="42.9515620" lon="-81.3026490">
    <ele>285.7</ele>
    <time>2020-05-01T19:36:55Z</time>
   </trkpt>
   <trkpt lat="42.9515990" lon="-81.3026700">
    <ele>285.7</ele>
    <time>2020-05-01T19:36:56Z</time>
   </trkpt>
   <trkpt lat="42.9516120" lon="-81.3026770">
    <ele>285.7</ele>
    <time>2020-05-01T19:36:57Z</time>
   </trkpt>
   <trkpt lat="42.9516440" lon="-81.3026670">
    <ele>285.7</ele>
    <time>2020-05-01T19:36:58Z</time>
   </trkpt>
   <trkpt lat="42.9516660" lon="-81.3026880">
    <ele>285.6</ele>
    <time>2020-05-01T19:36:59Z</time>
   </trkpt>
   <trkpt lat="42.9517050" lon="-81.3027000">
    <ele>285.6</ele>
    <time>2020-05-01T19:37:00Z</time>
   </trkpt>
   <trkpt lat="42.9517180" lon="-81.3027040">
    <ele>285.6</ele>
    <time>2020-05-01T19:37:01Z</time>
   </trkpt>
   <trkpt lat="42.9517530" lon="-81.3027080">
    <ele>285.5</ele>
    <time>2020-05-01T19:37:02Z</time>
   </trkpt>
   <trkpt lat="42.9517650" lon="-81.3027090">
    <ele>285.5</ele>
    <time>2020-05-01T19:37:03Z</time>
   </trkpt>
   <trkpt lat="42.9518020" lon="-81.3027230">
    <ele>285.5</ele>
    <time>2020-05-01T19:37:04Z</time>
   </trkpt>
   <trkpt lat="42.9518140" lon="-81.3027270">
    <ele>285.5</ele>
    <time>2020-05-01T19:37:05Z</time>
   </trkpt>
   <trkpt lat="42.9518430" lon="-81.3027280">
    <ele>285.4</ele>
    <time>2020-05-01T19:37:06Z</time>
   </trkpt>
   <trkpt lat="42.9518820" lon="-81.3027270">
    <ele>285.4</ele>
    <time>2020-05-01T19:37:07Z</time>
   </trkpt>
   <trkpt lat="42.9518970" lon="-81.3027260">
    <ele>285.4</ele>
    <time>2020-05-01T19:37:08Z</time>
   </trkpt>
   <trkpt lat="42.9519290" lon="-81.3027300">
    <ele>285.3</ele>
    <time>2020-05-01T19:37:09Z</time>
   </trkpt>
   <trkpt lat="42.9519650" lon="-81.3027310">
    <ele>285.3</ele>
    <time>2020-05-01T19:37:10Z</time>
   </trkpt>
   <trkpt lat="42.9519850" lon="-81.3027380">
    <ele>285.3</ele>
    <time>2020-05-01T19:37:11Z</time>
   </trkpt>
   <trkpt lat="42.9520010" lon="-81.3027390">
    <ele>285.3</ele>
    <time>2020-05-01T19:37:12Z</time>
   </trkpt>
   <trkpt lat="42.9520330" lon="-81.3027370">
    <ele>285.3</ele>
    <time>2020-05-01T19:37:13Z</time>
   </trkpt>
   <trkpt lat="42.9520450" lon="-81.3027340">
    <ele>285.2</ele>
    <time>2020-05-01T19:37:14Z</time>
   </trkpt>
   <trkpt lat="42.9520490" lon="-81.3027310">
    <ele>285.2</ele>
    <time>2020-05-01T19:37:15Z</time>
   </trkpt>
   <trkpt lat="42.9520570" lon="-81.3027360">
    <ele>285.2</ele>
    <time>2020-05-01T19:37:16Z</time>
   </trkpt>
   <trkpt lat="42.9520570" lon="-81.3027500">
    <ele>285.2</ele>
    <time>2020-05-01T19:37:17Z</time>
   </trkpt>
   <trkpt lat="42.9520710" lon="-81.3027570">
    <ele>285.2</ele>
    <time>2020-05-01T19:37:18Z</time>
   </trkpt>
   <trkpt lat="42.9520900" lon="-81.3027730">
    <ele>285.2</ele>
    <time>2020-05-01T19:37:19Z</time>
   </trkpt>
   <trkpt lat="42.9521000" lon="-81.3027780">
    <ele>285.2</ele>
    <time>2020-05-01T19:37:20Z</time>
   </trkpt>
   <trkpt lat="42.9521110" lon="-81.3027840">
    <ele>285.2</ele>
    <time>2020-05-01T19:37:21Z</time>
   </trkpt>
   <trkpt lat="42.9521260" lon="-81.3027860">
    <ele>285.2</ele>
    <time>2020-05-01T19:37:22Z</time>
   </trkpt>
   <trkpt lat="42.9521410" lon="-81.3027880">
    <ele>285.1</ele>
    <time>2020-05-01T19:37:23Z</time>
   </trkpt>
   <trkpt lat="42.9521550" lon="-81.3027990">
    <ele>285.1</ele>
    <time>2020-05-01T19:37:24Z</time>
   </trkpt>
   <trkpt lat="42.9521700" lon="-81.3028070">
    <ele>285.1</ele>
    <time>2020-05-01T19:37:25Z</time>
   </trkpt>
   <trkpt lat="42.9521870" lon="-81.3028300">
    <ele>285.1</ele>
    <time>2020-05-01T19:37:26Z</time>
   </trkpt>
   <trkpt lat="42.9521930" lon="-81.3028350">
    <ele>285.1</ele>
    <time>2020-05-01T19:37:27Z</time>
   </trkpt>
   <trkpt lat="42.9521990" lon="-81.3028400">
    <ele>285.0</ele>
    <time>2020-05-01T19:37:28Z</time>
   </trkpt>
   <trkpt lat="42.9522130" lon="-81.3028560">
    <ele>285.0</ele>
    <time>2020-05-01T19:37:29Z</time>
   </trkpt>
   <trkpt lat="42.9522170" lon="-81.3028680">
    <ele>285.0</ele>
    <time>2020-05-01T19:37:30Z</time>
   </trkpt>
   <trkpt lat="42.9522150" lon="-81.3028910">
    <ele>285.0</ele>
    <time>2020-05-01T19:37:31Z</time>
   </trkpt>
   <trkpt lat="42.9522150" lon="-81.3028920">
    <ele>285.0</ele>
    <time>2020-05-01T19:37:32Z</time>
   </trkpt>
   <trkpt lat="42.9522140" lon="-81.3028920">
    <ele>285.0</ele>
    <time>2020-05-01T19:37:33Z</time>
   </trkpt>
   <trkpt lat="42.9522150" lon="-81.3028930">
    <ele>285.0</ele>
    <time>2020-05-01T19:37:34Z</time>
   </trkpt>
   <trkpt lat="42.9522150" lon="-81.3028930">
    <ele>285.0</ele>
    <time>2020-05-01T19:37:35Z</time>
   </trkpt>
   <trkpt lat="42.9522150" lon="-81.3028930">
    <ele>285.0</ele>
    <time>2020-05-01T19:37:36Z</time>
   </trkpt>
   <trkpt lat="42.9522150" lon="-81.3028930">
    <ele>285.0</ele>
    <time>2020-05-01T19:37:37Z</time>
   </trkpt>
   <trkpt lat="42.9522150" lon="-81.3028940">
    <ele>285.0</ele>
    <time>2020-05-01T19:37:38Z</time>
   </trkpt>
   <trkpt lat="42.9522140" lon="-81.3028940">
    <ele>285.0</ele>
    <time>2020-05-01T19:37:39Z</time>
   </trkpt>
   <trkpt lat="42.9522140" lon="-81.3028940">
    <ele>285.0</ele>
    <time>2020-05-01T19:37:40Z</time>
   </trkpt>
   <trkpt lat="42.9522140" lon="-81.3028940">
    <ele>285.0</ele>
    <time>2020-05-01T19:37:41Z</time>
   </trkpt>
   <trkpt lat="42.9522150" lon="-81.3028950">
    <ele>285.0</ele>
    <time>2020-05-01T19:37:42Z</time>
   </trkpt>
   <trkpt lat="42.9522140" lon="-81.3028960">
    <ele>285.0</ele>
    <time>2020-05-01T19:37:43Z</time>
   </trkpt>
   <trkpt lat="42.9522140" lon="-81.3028960">
    <ele>285.0</ele>
    <time>2020-05-01T19:37:44Z</time>
   </trkpt>
   <trkpt lat="42.9522130" lon="-81.3028970">
    <ele>285.0</ele>
    <time>2020-05-01T19:37:45Z</time>
   </trkpt>
   <trkpt lat="42.9522130" lon="-81.3028970">
    <ele>285.0</ele>
    <time>2020-05-01T19:37:46Z</time>
   </trkpt>
   <trkpt lat="42.9522040" lon="-81.3028960">
    <ele>285.0</ele>
    <time>2020-05-01T19:37:47Z</time>
   </trkpt>
   <trkpt lat="42.9522020" lon="-81.3029070">
    <ele>285.0</ele>
    <time>2020-05-01T19:37:48Z</time>
   </trkpt>
   <trkpt lat="42.9521910" lon="-81.3029380">
    <ele>284.9</ele>
    <time>2020-05-01T19:37:49Z</time>
   </trkpt>
   <trkpt lat="42.9521890" lon="-81.3029530">
    <ele>284.9</ele>
    <time>2020-05-01T19:37:50Z</time>
   </trkpt>
   <trkpt lat="42.9521860" lon="-81.3029670">
    <ele>284.9</ele>
    <time>2020-05-01T19:37:51Z</time>
   </trkpt>
   <trkpt lat="42.9521810" lon="-81.3029910">
    <ele>284.9</ele>
    <time>2020-05-01T19:37:52Z</time>
   </trkpt>
   <trkpt lat="42.9521830" lon="-81.3030110">
    <ele>284.9</ele>
    <time>2020-05-01T19:37:53Z</time>
   </trkpt>
   <trkpt lat="42.9521840" lon="-81.3030310">
    <ele>284.9</ele>
    <time>2020-05-01T19:37:54Z</time>
   </trkpt>
   <trkpt lat="42.9522000" lon="-81.3030250">
    <ele>284.8</ele>
    <time>2020-05-01T19:37:55Z</time>
   </trkpt>
   <trkpt lat="42.9522080" lon="-81.3030310">
    <ele>284.8</ele>
    <time>2020-05-01T19:37:56Z</time>
   </trkpt>
   <trkpt lat="42.9522250" lon="-81.3030400">
    <ele>284.8</ele>
    <time>2020-05-01T19:37:57Z</time>
   </trkpt>
   <trkpt lat="42.9522350" lon="-81.3030410">
    <ele>284.8</ele>
    <time>2020-05-01T19:37:58Z</time>
   </trkpt>
   <trkpt lat="42.9522450" lon="-81.3030430">
    <ele>284.8</ele>
    <time>2020-05-01T19:37:59Z</time>
   </trkpt>
   <trkpt lat="42.9522630" lon="-81.3030470">
    <ele>284.8</ele>
    <time>2020-05-01T19:38:00Z</time>
   </trkpt>
   <trkpt lat="42.9522780" lon="-81.3030430">
    <ele>284.8</ele>
    <time>2020-05-01T19:38:01Z</time>
   </trkpt>
   <trkpt lat="42.9523080" lon="-81.3030350">
    <ele>284.8</ele>
    <time>2020-05-01T19:38:02Z</time>
   </trkpt>
   <trkpt lat="42.9523150" lon="-81.3030380">
    <ele>284.8</ele>
    <time>2020-05-01T19:38:03Z</time>
   </trkpt>
   <trkpt lat="42.9523370" lon="-81.3030280">
    <ele>284.8</ele>
    <time>2020-05-01T19:38:04Z</time>
   </trkpt>
   <trkpt lat="42.9523460" lon="-81.3030320">
    <ele>284.8</ele>
    <time>2020-05-01T19:38:05Z</time>
   </trkpt>
   <trkpt lat="42.9523610" lon="-81.3030470">
    <ele>284.8</ele>
    <time>2020-05-01T19:38:06Z</time>
   </trkpt>
   <trkpt lat="42.9523770" lon="-81.3030410">
    <ele>284.8</ele>
    <time>2020-05-01T19:38:07Z</time>
   </trkpt>
   <trkpt lat="42.9523880" lon="-81.3030390">
    <ele>284.8</ele>
    <time>2020-05-01T19:38:08Z</time>
   </trkpt>
   <trkpt lat="42.9524030" lon="-81.3030350">
    <ele>284.8</ele>
    <time>2020-05-01T19:38:09Z</time>
   </trkpt>
   <trkpt lat="42.9524250" lon="-81.3030370">
    <ele>284.8</ele>
    <time>2020-05-01T19:38:10Z</time>
   </trkpt>
   <trkpt lat="42.9524330" lon="-81.3030420">
    <ele>284.8</ele>
    <time>2020-05-01T19:38:11Z</time>
   </trkpt>
   <trkpt lat="42.9524400" lon="-81.3030470">
    <ele>284.8</ele>
    <time>2020-05-01T19:38:12Z</time>
   </trkpt>
   <trkpt lat="42.9524700" lon="-81.3030440">
    <ele>284.8</ele>
    <time>2020-05-01T19:38:13Z</time>
   </trkpt>
   <trkpt lat="42.9524830" lon="-81.3030430">
    <ele>284.8</ele>
    <time>2020-05-01T19:38:14Z</time>
   </trkpt>
   <trkpt lat="42.9524910" lon="-81.3030440">
    <ele>284.8</ele>
    <time>2020-05-01T19:38:15Z</time>
   </trkpt>
   <trkpt lat="42.9524950" lon="-81.3030470">
    <ele>284.8</ele>
    <time>2020-05-01T19:38:16Z</time>
   </trkpt>
   <trkpt lat="42.9525030" lon="-81.3030510">
    <ele>284.8</ele>
    <time>2020-05-01T19:38:17Z</time>
   </trkpt>
   <trkpt lat="42.9525180" lon="-81.3030570">
    <ele>284.8</ele>
    <time>2020-05-01T19:38:18Z</time>
   </trkpt>
   <trkpt lat="42.9525280" lon="-81.3030600">
    <ele>284.8</ele>
    <time>2020-05-01T19:38:19Z</time>
   </trkpt>
   <trkpt lat="42.9525450" lon="-81.3030600">
    <ele>284.9</ele>
    <time>2020-05-01T19:38:20Z</time>
   </trkpt>
   <trkpt lat="42.9525640" lon="-81.3030650">
    <ele>284.9</ele>
    <time>2020-05-01T19:38:21Z</time>
   </trkpt>
   <trkpt lat="42.9525740" lon="-81.3030670">
    <ele>284.9</ele>
    <time>2020-05-01T19:38:22Z</time>
   </trkpt>
   <trkpt lat="42.9525830" lon="-81.3030680">
    <ele>284.9</ele>
    <time>2020-05-01T19:38:23Z</time>
   </trkpt>
   <trkpt lat="42.9526100" lon="-81.3030830">
    <ele>285.0</ele>
    <time>2020-05-01T19:38:24Z</time>
   </trkpt>
   <trkpt lat="42.9526180" lon="-81.3030880">
    <ele>285.0</ele>
    <time>2020-05-01T19:38:25Z</time>
   </trkpt>
   <trkpt lat="42.9526350" lon="-81.3030910">
    <ele>285.0</ele>
    <time>2020-05-01T19:38:26Z</time>
   </trkpt>
   <trkpt lat="42.9526510" lon="-81.3030970">
    <ele>285.1</ele>
    <time>2020-05-01T19:38:27Z</time>
   </trkpt>
   <trkpt lat="42.9526770" lon="-81.3031070">
    <ele>285.1</ele>
    <time>2020-05-01T19:38:28Z</time>
   </trkpt>
   <trkpt lat="42.9526870" lon="-81.3031100">
    <ele>285.2</ele>
    <time>2020-05-01T19:38:29Z</time>
   </trkpt>
   <trkpt lat="42.9527040" lon="-81.3031160">
    <ele>285.2</ele>
    <time>2020-05-01T19:38:30Z</time>
   </trkpt>
   <trkpt lat="42.9527230" lon="-81.3031160">
    <ele>285.2</ele>
    <time>2020-05-01T19:38:31Z</time>
   </trkpt>
   <trkpt lat="42.9527390" lon="-81.3031220">
    <ele>285.3</ele>
    <time>2020-05-01T19:38:32Z</time>
   </trkpt>
   <trkpt lat="42.9527520" lon="-81.3031250">
    <ele>285.3</ele>
    <time>2020-05-01T19:38:33Z</time>
   </trkpt>
   <trkpt lat="42.9527590" lon="-81.3031170">
    <ele>285.3</ele>
    <time>2020-05-01T19:38:34Z</time>
   </trkpt>
   <trkpt lat="42.9527740" lon="-81.3031170">
    <ele>285.4</ele>
    <time>2020-05-01T19:38:35Z</time>
   </trkpt>
   <trkpt lat="42.9527850" lon="-81.3031220">
    <ele>285.4</ele>
    <time>2020-05-01T19:38:36Z</time>
   </trkpt>
   <trkpt lat="42.9528000" lon="-81.3031180">
    <ele>285.5</ele>
    <time>2020-05-01T19:38:37Z</time>
   </trkpt>
   <trkpt lat="42.9528150" lon="-81.3031240">
    <ele>285.5</ele>
    <time>2020-05-01T19:38:38Z</time>
   </trkpt>
   <trkpt lat="42.9528290" lon="-81.3031190">
    <ele>285.5</ele>
    <time>2020-05-01T19:38:39Z</time>
   </trkpt>
   <trkpt lat="42.9528470" lon="-81.3031250">
    <ele>285.6</ele>
    <time>2020-05-01T19:38:40Z</time>
   </trkpt>
   <trkpt lat="42.9528630" lon="-81.3031330">
    <ele>285.6</ele>
    <time>2020-05-01T19:38:41Z</time>
   </trkpt>
   <trkpt lat="42.9528730" lon="-81.3031420">
    <ele>285.7</ele>
    <time>2020-05-01T19:38:42Z</time>
   </trkpt>
   <trkpt lat="42.9528890" lon="-81.3031440">
    <ele>285.7</ele>
    <time>2020-05-01T19:38:43Z</time>
   </trkpt>
   <trkpt lat="42.9529060" lon="-81.3031500">
    <ele>285.8</ele>
    <time>2020-05-01T19:38:44Z</time>
   </trkpt>
   <trkpt lat="42.9529090" lon="-81.3031540">
    <ele>285.8</ele>
    <time>2020-05-01T19:38:45Z</time>
   </trkpt>
   <trkpt lat="42.9529170" lon="-81.3031570">
    <ele>285.8</ele>
    <time>2020-05-01T19:38:46Z</time>
   </trkpt>
   <trkpt lat="42.9529260" lon="-81.3031780">
    <ele>285.8</ele>
    <time>2020-05-01T19:38:47Z</time>
   </trkpt>
   <trkpt lat="42.9529370" lon="-81.3031870">
    <ele>285.9</ele>
    <time>2020-05-01T19:38:48Z</time>
   </trkpt>
   <trkpt lat="42.9529450" lon="-81.3032030">
    <ele>285.9</ele>
    <time>2020-05-01T19:38:49Z</time>
   </trkpt>
   <trkpt lat="42.9529570" lon="-81.3032090">
    <ele>285.9</ele>
    <time>2020-05-01T19:38:50Z</time>
   </trkpt>
   <trkpt lat="42.9529650" lon="-81.3032130">
    <ele>285.9</ele>
    <time>2020-05-01T19:38:51Z</time>
   </trkpt>
   <trkpt lat="42.9529780" lon="-81.3032210">
    <ele>285.9</ele>
    <time>2020-05-01T19:38:52Z</time>
   </trkpt>
   <trkpt lat="42.9529850" lon="-81.3032220">
    <ele>285.9</ele>
    <time>2020-05-01T19:38:53Z</time>
   </trkpt>
   <trkpt lat="42.9529910" lon="-81.3032210">
    <ele>286.0</ele>
    <time>2020-05-01T19:38:54Z</time>
   </trkpt>
   <trkpt lat="42.9530060" lon="-81.3032180">
    <ele>286.0</ele>
    <time>2020-05-01T19:38:55Z</time>
   </trkpt>
   <trkpt lat="42.9530220" lon="-81.3032160">
    <ele>286.0</ele>
    <time>2020-05-01T19:38:56Z</time>
   </trkpt>
   <trkpt lat="42.9530370" lon="-81.3032130">
    <ele>286.0</ele>
    <time>2020-05-01T19:38:57Z</time>
   </trkpt>
   <trkpt lat="42.9530530" lon="-81.3032190">
    <ele>286.1</ele>
    <time>2020-05-01T19:38:58Z</time>
   </trkpt>
   <trkpt lat="42.9530700" lon="-81.3032260">
    <ele>286.1</ele>
    <time>2020-05-01T19:38:59Z</time>
   </trkpt>
   <trkpt lat="42.9530840" lon="-81.3032320">
    <ele>286.1</ele>
    <time>2020-05-01T19:39:00Z</time>
   </trkpt>
   <trkpt lat="42.9531030" lon="-81.3032370">
    <ele>286.1</ele>
    <time>2020-05-01T19:39:01Z</time>
   </trkpt>
   <trkpt lat="42.9531240" lon="-81.3032480">
    <ele>286.1</ele>
    <time>2020-05-01T19:39:02Z</time>
   </trkpt>
   <trkpt lat="42.9531330" lon="-81.3032510">
    <ele>286.2</ele>
    <time>2020-05-01T19:39:03Z</time>
   </trkpt>
   <trkpt lat="42.9531420" lon="-81.3032550">
    <ele>286.2</ele>
    <time>2020-05-01T19:39:04Z</time>
   </trkpt>
   <trkpt lat="42.9531590" lon="-81.3032620">
    <ele>286.2</ele>
    <time>2020-05-01T19:39:05Z</time>
   </trkpt>
   <trkpt lat="42.9531760" lon="-81.3032730">
    <ele>286.2</ele>
    <time>2020-05-01T19:39:06Z</time>
   </trkpt>
   <trkpt lat="42.9531890" lon="-81.3032760">
    <ele>286.2</ele>
    <time>2020-05-01T19:39:07Z</time>
   </trkpt>
   <trkpt lat="42.9531950" lon="-81.3032740">
    <ele>286.3</ele>
    <time>2020-05-01T19:39:08Z</time>
   </trkpt>
   <trkpt lat="42.9532100" lon="-81.3032750">
    <ele>286.3</ele>
    <time>2020-05-01T19:39:09Z</time>
   </trkpt>
   <trkpt lat="42.9532380" lon="-81.3032840">
    <ele>286.3</ele>
    <time>2020-05-01T19:39:10Z</time>
   </trkpt>
   <trkpt lat="42.9532470" lon="-81.3032870">
    <ele>286.4</ele>
    <time>2020-05-01T19:39:11Z</time>
   </trkpt>
   <trkpt lat="42.9532610" lon="-81.3032910">
    <ele>286.4</ele>
    <time>2020-05-01T19:39:12Z</time>
   </trkpt>
   <trkpt lat="42.9532760" lon="-81.3032930">
    <ele>286.4</ele>
    <time>2020-05-01T19:39:13Z</time>
   </trkpt>
   <trkpt lat="42.9532870" lon="-81.3033020">
    <ele>286.5</ele>
    <time>2020-05-01T19:39:14Z</time>
   </trkpt>
   <trkpt lat="42.9533000" lon="-81.3033130">
    <ele>286.5</ele>
    <time>2020-05-01T19:39:15Z</time>
   </trkpt>
   <trkpt lat="42.9533090" lon="-81.3033170">
    <ele>286.5</ele>
    <time>2020-05-01T19:39:16Z</time>
   </trkpt>
   <trkpt lat="42.9533280" lon="-81.3033180">
    <ele>286.5</ele>
    <time>2020-05-01T19:39:17Z</time>
   </trkpt>
   <trkpt lat="42.9533460" lon="-81.3033180">
    <ele>286.6</ele>
    <time>2020-05-01T19:39:18Z</time>
   </trkpt>
   <trkpt lat="42.9533610" lon="-81.3033200">
    <ele>286.6</ele>
    <time>2020-05-01T19:39:19Z</time>
   </trkpt>
   <trkpt lat="42.9533740" lon="-81.3033220">
    <ele>286.6</ele>
    <time>2020-05-01T19:39:20Z</time>
   </trkpt>
   <trkpt lat="42.9533890" lon="-81.3033190">
    <ele>286.7</ele>
    <time>2020-05-01T19:39:21Z</time>
   </trkpt>
   <trkpt lat="42.9534030" lon="-81.3033270">
    <ele>286.7</ele>
    <time>2020-05-01T19:39:22Z</time>
   </trkpt>
   <trkpt lat="42.9534130" lon="-81.3033240">
    <ele>286.7</ele>
    <time>2020-05-01T19:39:23Z</time>
   </trkpt>
   <trkpt lat="42.9534230" lon="-81.3033260">
    <ele>286.7</ele>
    <time>2020-05-01T19:39:24Z</time>
   </trkpt>
   <trkpt lat="42.9534420" lon="-81.3033220">
    <ele>286.8</ele>
    <time>2020-05-01T19:39:25Z</time>
   </trkpt>
   <trkpt lat="42.9534530" lon="-81.3033230">
    <ele>286.8</ele>
    <time>2020-05-01T19:39:26Z</time>
   </trkpt>
   <trkpt lat="42.9534630" lon="-81.3033230">
    <ele>286.8</ele>
    <time>2020-05-01T19:39:27Z</time>
   </trkpt>
   <trkpt lat="42.9534750" lon="-81.3033260">
    <ele>286.8</ele>
    <time>2020-05-01T19:39:28Z</time>
   </trkpt>
   <trkpt lat="42.9534940" lon="-81.3033320">
    <ele>286.9</ele>
    <time>2020-05-01T19:39:29Z</time>
   </trkpt>
   <trkpt lat="42.9535070" lon="-81.3033410">
    <ele>286.9</ele>
    <time>2020-05-01T19:39:30Z</time>
   </trkpt>
   <trkpt lat="42.9535230" lon="-81.3033460">
    <ele>286.9</ele>
    <time>2020-05-01T19:39:31Z</time>
   </trkpt>
   <trkpt lat="42.9535470" lon="-81.3033400">
    <ele>287.0</ele>
    <time>2020-05-01T19:39:32Z</time>
   </trkpt>
   <trkpt lat="42.9535540" lon="-81.3033420">
    <ele>287.0</ele>
    <time>2020-05-01T19:39:33Z</time>
   </trkpt>
   <trkpt lat="42.9535610" lon="-81.3033440">
    <ele>287.0</ele>
    <time>2020-05-01T19:39:34Z</time>
   </trkpt>
   <trkpt lat="42.9535750" lon="-81.3033380">
    <ele>287.0</ele>
    <time>2020-05-01T19:39:35Z</time>
   </trkpt>
   <trkpt lat="42.9535890" lon="-81.3033410">
    <ele>287.0</ele>
    <time>2020-05-01T19:39:36Z</time>
   </trkpt>
   <trkpt lat="42.9536010" lon="-81.3033450">
    <ele>287.0</ele>
    <time>2020-05-01T19:39:37Z</time>
   </trkpt>
   <trkpt lat="42.9536160" lon="-81.3033510">
    <ele>287.1</ele>
    <time>2020-05-01T19:39:38Z</time>
   </trkpt>
   <trkpt lat="42.9536290" lon="-81.3033510">
    <ele>287.1</ele>
    <time>2020-05-01T19:39:39Z</time>
   </trkpt>
   <trkpt lat="42.9536420" lon="-81.3033680">
    <ele>287.1</ele>
    <time>2020-05-01T19:39:40Z</time>
   </trkpt>
   <trkpt lat="42.9536530" lon="-81.3033840">
    <ele>287.1</ele>
    <time>2020-05-01T19:39:41Z</time>
   </trkpt>
   <trkpt lat="42.9536670" lon="-81.3033920">
    <ele>287.1</ele>
    <time>2020-05-01T19:39:42Z</time>
   </trkpt>
   <trkpt lat="42.9536930" lon="-81.3033940">
    <ele>287.2</ele>
    <time>2020-05-01T19:39:43Z</time>
   </trkpt>
   <trkpt lat="42.9537020" lon="-81.3033940">
    <ele>287.2</ele>
    <time>2020-05-01T19:39:44Z</time>
   </trkpt>
   <trkpt lat="42.9537120" lon="-81.3033940">
    <ele>287.2</ele>
    <time>2020-05-01T19:39:45Z</time>
   </trkpt>
   <trkpt lat="42.9537280" lon="-81.3033990">
    <ele>287.2</ele>
    <time>2020-05-01T19:39:46Z</time>
   </trkpt>
   <trkpt lat="42.9537460" lon="-81.3033990">
    <ele>287.2</ele>
    <time>2020-05-01T19:39:47Z</time>
   </trkpt>
   <trkpt lat="42.9537600" lon="-81.3034000">
    <ele>287.2</ele>
    <time>2020-05-01T19:39:48Z</time>
   </trkpt>
   <trkpt lat="42.9537780" lon="-81.3033920">
    <ele>287.3</ele>
    <time>2020-05-01T19:39:49Z</time>
   </trkpt>
   <trkpt lat="42.9537890" lon="-81.3033880">
    <ele>287.3</ele>
    <time>2020-05-01T19:39:50Z</time>
   </trkpt>
   <trkpt lat="42.9537980" lon="-81.3033930">
    <ele>287.3</ele>
    <time>2020-05-01T19:39:51Z</time>
   </trkpt>
   <trkpt lat="42.9538100" lon="-81.3033880">
    <ele>287.3</ele>
    <time>2020-05-01T19:39:52Z</time>
   </trkpt>
   <trkpt lat="42.9538310" lon="-81.3033880">
    <ele>287.3</ele>
    <time>2020-05-01T19:39:53Z</time>
   </trkpt>
   <trkpt lat="42.9538400" lon="-81.3033910">
    <ele>287.3</ele>
    <time>2020-05-01T19:39:54Z</time>
   </trkpt>
   <trkpt lat="42.9538490" lon="-81.3033930">
    <ele>287.4</ele>
    <time>2020-05-01T19:39:55Z</time>
   </trkpt>
   <trkpt lat="42.9538580" lon="-81.3033940">
    <ele>287.4</ele>
    <time>2020-05-01T19:39:56Z</time>
   </trkpt>
   <trkpt lat="42.9538690" lon="-81.3033930">
    <ele>287.4</ele>
    <time>2020-05-01T19:39:57Z</time>
   </trkpt>
   <trkpt lat="42.9538790" lon="-81.3034000">
    <ele>287.4</ele>
    <time>2020-05-01T19:39:58Z</time>
   </trkpt>
   <trkpt lat="42.9538970" lon="-81.3033930">
    <ele>287.4</ele>
    <time>2020-05-01T19:39:59Z</time>
   </trkpt>
   <trkpt lat="42.9539080" lon="-81.3033970">
    <ele>287.5</ele>
    <time>2020-05-01T19:40:00Z</time>
   </trkpt>
   <trkpt lat="42.9539270" lon="-81.3034020">
    <ele>287.5</ele>
    <time>2020-05-01T19:40:01Z</time>
   </trkpt>
   <trkpt lat="42.9539370" lon="-81.3034020">
    <ele>287.5</ele>
    <time>2020-05-01T19:40:02Z</time>
   </trkpt>
   <trkpt lat="42.9539480" lon="-81.3034020">
    <ele>287.6</ele>
    <time>2020-05-01T19:40:03Z</time>
   </trkpt>
   <trkpt lat="42.9539610" lon="-81.3034100">
    <ele>287.6</ele>
    <time>2020-05-01T19:40:04Z</time>
   </trkpt>
   <trkpt lat="42.9539690" lon="-81.3034060">
    <ele>287.6</ele>
    <time>2020-05-01T19:40:05Z</time>
   </trkpt>
   <trkpt lat="42.9539800" lon="-81.3034030">
    <ele>287.6</ele>
    <time>2020-05-01T19:40:06Z</time>
   </trkpt>
   <trkpt lat="42.9539960" lon="-81.3033930">
    <ele>287.7</ele>
    <time>2020-05-01T19:40:07Z</time>
   </trkpt>
   <trkpt lat="42.9540100" lon="-81.3033890">
    <ele>287.7</ele>
    <time>2020-05-01T19:40:08Z</time>
   </trkpt>
   <trkpt lat="42.9540300" lon="-81.3034010">
    <ele>287.8</ele>
    <time>2020-05-01T19:40:09Z</time>
   </trkpt>
   <trkpt lat="42.9540380" lon="-81.3034040">
    <ele>287.8</ele>
    <time>2020-05-01T19:40:10Z</time>
   </trkpt>
   <trkpt lat="42.9540470" lon="-81.3034060">
    <ele>287.8</ele>
    <time>2020-05-01T19:40:11Z</time>
   </trkpt>
   <trkpt lat="42.9540700" lon="-81.3034020">
    <ele>287.9</ele>
    <time>2020-05-01T19:40:12Z</time>
   </trkpt>
   <trkpt lat="42.9540820" lon="-81.3034030">
    <ele>287.9</ele>
    <time>2020-05-01T19:40:13Z</time>
   </trkpt>
   <trkpt lat="42.9541120" lon="-81.3034030">
    <ele>288.0</ele>
    <time>2020-05-01T19:40:14Z</time>
   </trkpt>
   <trkpt lat="42.9541190" lon="-81.3034020">
    <ele>288.0</ele>
    <time>2020-05-01T19:40:15Z</time>
   </trkpt>
   <trkpt lat="42.9541240" lon="-81.3034080">
    <ele>288.0</ele>
    <time>2020-05-01T19:40:16Z</time>
   </trkpt>
   <trkpt lat="42.9541360" lon="-81.3034160">
    <ele>288.0</ele>
    <time>2020-05-01T19:40:17Z</time>
   </trkpt>
   <trkpt lat="42.9541530" lon="-81.3034200">
    <ele>288.1</ele>
    <time>2020-05-01T19:40:18Z</time>
   </trkpt>
   <trkpt lat="42.9541660" lon="-81.3034240">
    <ele>288.1</ele>
    <time>2020-05-01T19:40:19Z</time>
   </trkpt>
   <trkpt lat="42.9541830" lon="-81.3034320">
    <ele>288.1</ele>
    <time>2020-05-01T19:40:20Z</time>
   </trkpt>
   <trkpt lat="42.9542000" lon="-81.3034360">
    <ele>288.2</ele>
    <time>2020-05-01T19:40:21Z</time>
   </trkpt>
   <trkpt lat="42.9542140" lon="-81.3034460">
    <ele>288.2</ele>
    <time>2020-05-01T19:40:22Z</time>
   </trkpt>
   <trkpt lat="42.9542620" lon="-81.3034590">
    <ele>288.3</ele>
    <time>2020-05-01T19:40:23Z</time>
   </trkpt>
   <trkpt lat="42.9542910" lon="-81.3034710">
    <ele>288.3</ele>
    <time>2020-05-01T19:40:24Z</time>
   </trkpt>
   <trkpt lat="42.9543300" lon="-81.3034820">
    <ele>288.3</ele>
    <time>2020-05-01T19:40:25Z</time>
   </trkpt>
   <trkpt lat="42.9543590" lon="-81.3034910">
    <ele>288.4</ele>
    <time>2020-05-01T19:40:26Z</time>
   </trkpt>
   <trkpt lat="42.9543980" lon="-81.3034900">
    <ele>288.4</ele>
    <time>2020-05-01T19:40:27Z</time>
   </trkpt>
   <trkpt lat="42.9544360" lon="-81.3034970">
    <ele>288.4</ele>
    <time>2020-05-01T19:40:28Z</time>
   </trkpt>
   <trkpt lat="42.9544490" lon="-81.3034950">
    <ele>288.4</ele>
    <time>2020-05-01T19:40:29Z</time>
   </trkpt>
   <trkpt lat="42.9544840" lon="-81.3035140">
    <ele>288.4</ele>
    <time>2020-05-01T19:40:30Z</time>
   </trkpt>
   <trkpt lat="42.9544940" lon="-81.3035260">
    <ele>288.5</ele>
    <time>2020-05-01T19:40:31Z</time>
   </trkpt>
   <trkpt lat="42.9545240" lon="-81.3035410">
    <ele>288.5</ele>
    <time>2020-05-01T19:40:32Z</time>
   </trkpt>
   <trkpt lat="42.9545530" lon="-81.3035600">
    <ele>288.5</ele>
    <time>2020-05-01T19:40:33Z</time>
   </trkpt>
   <trkpt lat="42.9545840" lon="-81.3035800">
    <ele>288.5</ele>
    <time>2020-05-01T19:40:34Z</time>
   </trkpt>
   <trkpt lat="42.9546270" lon="-81.3036060">
    <ele>288.5</ele>
    <time>2020-05-01T19:40:35Z</time>
   </trkpt>
   <trkpt lat="42.9546530" lon="-81.3036220">
    <ele>288.5</ele>
    <time>2020-05-01T19:40:36Z</time>
   </trkpt>
   <trkpt lat="42.9546790" lon="-81.3036420">
    <ele>288.5</ele>
    <time>2020-05-01T19:40:37Z</time>
   </trkpt>
   <trkpt lat="42.9547170" lon="-81.3036480">
    <ele>288.5</ele>
    <time>2020-05-01T19:40:38Z</time>
   </trkpt>
   <trkpt lat="42.9547560" lon="-81.3036620">
    <ele>288.3</ele>
    <time>2020-05-01T19:40:39Z</time>
   </trkpt>
   <trkpt lat="42.9547700" lon="-81.3036650">
    <ele>288.3</ele>
    <time>2020-05-01T19:40:40Z</time>
   </trkpt>
   <trkpt lat="42.9548010" lon="-81.3036630">
    <ele>288.2</ele>
    <time>2020-05-01T19:40:41Z</time>
   </trkpt>
   <trkpt lat="42.9548430" lon="-81.3036550">
    <ele>288.0</ele>
    <time>2020-05-01T19:40:42Z</time>
   </trkpt>
   <trkpt lat="42.9548750" lon="-81.3036560">
    <ele>287.9</ele>
    <time>2020-05-01T19:40:43Z</time>
   </trkpt>
   <trkpt lat="42.9549110" lon="-81.3036700">
    <ele>287.7</ele>
    <time>2020-05-01T19:40:44Z</time>
   </trkpt>
   <trkpt lat="42.9549250" lon="-81.3036690">
    <ele>287.7</ele>
    <time>2020-05-01T19:40:45Z</time>
   </trkpt>
   <trkpt lat="42.9549530" lon="-81.3036660">
    <ele>287.5</ele>
    <time>2020-05-01T19:40:46Z</time>
   </trkpt>
   <trkpt lat="42.9549790" lon="-81.3036860">
    <ele>287.4</ele>
    <time>2020-05-01T19:40:47Z</time>
   </trkpt>
   <trkpt lat="42.9550070" lon="-81.3036950">
    <ele>287.2</ele>
    <time>2020-05-01T19:40:48Z</time>
   </trkpt>
   <trkpt lat="42.9550390" lon="-81.3037040">
    <ele>287.1</ele>
    <time>2020-05-01T19:40:49Z</time>
   </trkpt>
   <trkpt lat="42.9550720" lon="-81.3037040">
    <ele>286.9</ele>
    <time>2020-05-01T19:40:50Z</time>
   </trkpt>
   <trkpt lat="42.9551010" lon="-81.3037120">
    <ele>286.7</ele>
    <time>2020-05-01T19:40:51Z</time>
   </trkpt>
   <trkpt lat="42.9551320" lon="-81.3037090">
    <ele>286.5</ele>
    <time>2020-05-01T19:40:52Z</time>
   </trkpt>
   <trkpt lat="42.9551650" lon="-81.3037190">
    <ele>286.2</ele>
    <time>2020-05-01T19:40:53Z</time>
   </trkpt>
   <trkpt lat="42.9551760" lon="-81.3037250">
    <ele>286.1</ele>
    <time>2020-05-01T19:40:54Z</time>
   </trkpt>
   <trkpt lat="42.9552020" lon="-81.3037400">
    <ele>285.9</ele>
    <time>2020-05-01T19:40:55Z</time>
   </trkpt>
   <trkpt lat="42.9552270" lon="-81.3037560">
    <ele>285.7</ele>
    <time>2020-05-01T19:40:56Z</time>
   </trkpt>
   <trkpt lat="42.9552610" lon="-81.3037490">
    <ele>285.4</ele>
    <time>2020-05-01T19:40:57Z</time>
   </trkpt>
   <trkpt lat="42.9552980" lon="-81.3037640">
    <ele>285.1</ele>
    <time>2020-05-01T19:40:58Z</time>
   </trkpt>
   <trkpt lat="42.9553120" lon="-81.3037660">
    <ele>285.0</ele>
    <time>2020-05-01T19:40:59Z</time>
   </trkpt>
   <trkpt lat="42.9553460" lon="-81.3037830">
    <ele>284.8</ele>
    <time>2020-05-01T19:41:00Z</time>
   </trkpt>
   <trkpt lat="42.9553590" lon="-81.3037870">
    <ele>284.7</ele>
    <time>2020-05-01T19:41:01Z</time>
   </trkpt>
   <trkpt lat="42.9553920" lon="-81.3037900">
    <ele>284.6</ele>
    <time>2020-05-01T19:41:02Z</time>
   </trkpt>
   <trkpt lat="42.9554070" lon="-81.3037920">
    <ele>284.5</ele>
    <time>2020-05-01T19:41:03Z</time>
   </trkpt>
   <trkpt lat="42.9554260" lon="-81.3037950">
    <ele>284.5</ele>
    <time>2020-05-01T19:41:04Z</time>
   </trkpt>
   <trkpt lat="42.9554600" lon="-81.3038080">
    <ele>284.4</ele>
    <time>2020-05-01T19:41:05Z</time>
   </trkpt>
   <trkpt lat="42.9554750" lon="-81.3038150">
    <ele>284.4</ele>
    <time>2020-05-01T19:41:06Z</time>
   </trkpt>
   <trkpt lat="42.9555030" lon="-81.3038030">
    <ele>284.4</ele>
    <time>2020-05-01T19:41:07Z</time>
   </trkpt>
   <trkpt lat="42.9555040" lon="-81.3038040">
    <ele>284.4</ele>
    <time>2020-05-01T19:41:08Z</time>
   </trkpt>
   <trkpt lat="42.9555190" lon="-81.3038070">
    <ele>284.3</ele>
    <time>2020-05-01T19:41:09Z</time>
   </trkpt>
   <trkpt lat="42.9555350" lon="-81.3038150">
    <ele>284.3</ele>
    <time>2020-05-01T19:41:10Z</time>
   </trkpt>
   <trkpt lat="42.9555670" lon="-81.3038290">
    <ele>284.2</ele>
    <time>2020-05-01T19:41:11Z</time>
   </trkpt>
   <trkpt lat="42.9555760" lon="-81.3038340">
    <ele>284.2</ele>
    <time>2020-05-01T19:41:12Z</time>
   </trkpt>
   <trkpt lat="42.9556150" lon="-81.3038470">
    <ele>284.1</ele>
    <time>2020-05-01T19:41:13Z</time>
   </trkpt>
   <trkpt lat="42.9556310" lon="-81.3038510">
    <ele>284.0</ele>
    <time>2020-05-01T19:41:14Z</time>
   </trkpt>
   <trkpt lat="42.9556620" lon="-81.3038580">
    <ele>284.0</ele>
    <time>2020-05-01T19:41:15Z</time>
   </trkpt>
   <trkpt lat="42.9556970" lon="-81.3038670">
    <ele>283.9</ele>
    <time>2020-05-01T19:41:16Z</time>
   </trkpt>
   <trkpt lat="42.9557280" lon="-81.3038730">
    <ele>283.8</ele>
    <time>2020-05-01T19:41:17Z</time>
   </trkpt>
   <trkpt lat="42.9557650" lon="-81.3038830">
    <ele>283.7</ele>
    <time>2020-05-01T19:41:18Z</time>
   </trkpt>
   <trkpt lat="42.9557760" lon="-81.3038900">
    <ele>283.6</ele>
    <time>2020-05-01T19:41:19Z</time>
   </trkpt>
   <trkpt lat="42.9558070" lon="-81.3039030">
    <ele>283.6</ele>
    <time>2020-05-01T19:41:20Z</time>
   </trkpt>
   <trkpt lat="42.9558180" lon="-81.3039040">
    <ele>283.5</ele>
    <time>2020-05-01T19:41:21Z</time>
   </trkpt>
   <trkpt lat="42.9558490" lon="-81.3039070">
    <ele>283.5</ele>
    <time>2020-05-01T19:41:22Z</time>
   </trkpt>
   <trkpt lat="42.9558830" lon="-81.3039070">
    <ele>283.4</ele>
    <time>2020-05-01T19:41:23Z</time>
   </trkpt>
   <trkpt lat="42.9559200" lon="-81.3039170">
    <ele>283.3</ele>
    <time>2020-05-01T19:41:24Z</time>
   </trkpt>
   <trkpt lat="42.9559340" lon="-81.3039210">
    <ele>283.3</ele>
    <time>2020-05-01T19:41:25Z</time>
   </trkpt>
   <trkpt lat="42.9559630" lon="-81.3039350">
    <ele>283.2</ele>
    <time>2020-05-01T19:41:26Z</time>
   </trkpt>
   <trkpt lat="42.9559940" lon="-81.3039550">
    <ele>283.1</ele>
    <time>2020-05-01T19:41:27Z</time>
   </trkpt>
   <trkpt lat="42.9560070" lon="-81.3039530">
    <ele>283.1</ele>
    <time>2020-05-01T19:41:28Z</time>
   </trkpt>
   <trkpt lat="42.9560450" lon="-81.3039470">
    <ele>283.0</ele>
    <time>2020-05-01T19:41:29Z</time>
   </trkpt>
   <trkpt lat="42.9560590" lon="-81.3039430">
    <ele>283.0</ele>
    <time>2020-05-01T19:41:30Z</time>
   </trkpt>
   <trkpt lat="42.9560930" lon="-81.3039610">
    <ele>282.9</ele>
    <time>2020-05-01T19:41:31Z</time>
   </trkpt>
   <trkpt lat="42.9561040" lon="-81.3039770">
    <ele>282.9</ele>
    <time>2020-05-01T19:41:32Z</time>
   </trkpt>
   <trkpt lat="42.9561310" lon="-81.3039950">
    <ele>282.8</ele>
    <time>2020-05-01T19:41:33Z</time>
   </trkpt>
   <trkpt lat="42.9561630" lon="-81.3040060">
    <ele>282.7</ele>
    <time>2020-05-01T19:41:34Z</time>
   </trkpt>
   <trkpt lat="42.9561700" lon="-81.3040100">
    <ele>282.7</ele>
    <time>2020-05-01T19:41:35Z</time>
   </trkpt>
   <trkpt lat="42.9562070" lon="-81.3040180">
    <ele>282.6</ele>
    <time>2020-05-01T19:41:36Z</time>
   </trkpt>
   <trkpt lat="42.9562230" lon="-81.3040210">
    <ele>282.6</ele>
    <time>2020-05-01T19:41:37Z</time>
   </trkpt>
   <trkpt lat="42.9562410" lon="-81.3040430">
    <ele>282.6</ele>
    <time>2020-05-01T19:41:38Z</time>
   </trkpt>
   <trkpt lat="42.9516110" lon="-81.3027210">
    <ele>285.7</ele>
    <time>2020-05-01T19:56:02Z</time>
   </trkpt>
   <trkpt lat="42.9515930" lon="-81.3027150">
    <ele>285.7</ele>
    <time>2020-05-01T19:56:03Z</time>
   </trkpt>
   <trkpt lat="42.9515740" lon="-81.3027170">
    <ele>285.7</ele>
    <time>2020-05-01T19:56:04Z</time>
   </trkpt>
   <trkpt lat="42.9515610" lon="-81.3027100">
    <ele>285.7</ele>
    <time>2020-05-01T19:56:05Z</time>
   </trkpt>
   <trkpt lat="42.9515500" lon="-81.3027070">
    <ele>285.7</ele>
    <time>2020-05-01T19:56:06Z</time>
   </trkpt>
   <trkpt lat="42.9515310" lon="-81.3027040">
    <ele>285.7</ele>
    <time>2020-05-01T19:56:07Z</time>
   </trkpt>
   <trkpt lat="42.9515000" lon="-81.3026970">
    <ele>285.8</ele>
    <time>2020-05-01T19:56:08Z</time>
   </trkpt>
   <trkpt lat="42.9514900" lon="-81.3026950">
    <ele>285.8</ele>
    <time>2020-05-01T19:56:09Z</time>
   </trkpt>
   <trkpt lat="42.9514770" lon="-81.3026950">
    <ele>285.8</ele>
    <time>2020-05-01T19:56:10Z</time>
   </trkpt>
   <trkpt lat="42.9514540" lon="-81.3026960">
    <ele>285.8</ele>
    <time>2020-05-01T19:56:11Z</time>
   </trkpt>
   <trkpt lat="42.9514180" lon="-81.3026950">
    <ele>285.8</ele>
    <time>2020-05-01T19:56:12Z</time>
   </trkpt>
   <trkpt lat="42.9514030" lon="-81.3026940">
    <ele>285.9</ele>
    <time>2020-05-01T19:56:13Z</time>
   </trkpt>
   <trkpt lat="42.9513870" lon="-81.3026930">
    <ele>285.9</ele>
    <time>2020-05-01T19:56:14Z</time>
   </trkpt>
   <trkpt lat="42.9513720" lon="-81.3026920">
    <ele>285.9</ele>
    <time>2020-05-01T19:56:15Z</time>
   </trkpt>
   <trkpt lat="42.9513560" lon="-81.3026910">
    <ele>285.9</ele>
    <time>2020-05-01T19:56:16Z</time>
   </trkpt>
   <trkpt lat="42.9513290" lon="-81.3026760">
    <ele>286.0</ele>
    <time>2020-05-01T19:56:17Z</time>
   </trkpt>
   <trkpt lat="42.9513150" lon="-81.3026740">
    <ele>286.0</ele>
    <time>2020-05-01T19:56:18Z</time>
   </trkpt>
   <trkpt lat="42.9512840" lon="-81.3026640">
    <ele>286.1</ele>
    <time>2020-05-01T19:56:19Z</time>
   </trkpt>
   <trkpt lat="42.9512560" lon="-81.3026560">
    <ele>286.2</ele>
    <time>2020-05-01T19:56:20Z</time>
   </trkpt>
   <trkpt lat="42.9512280" lon="-81.3026510">
    <ele>286.2</ele>
    <time>2020-05-01T19:56:21Z</time>
   </trkpt>
   <trkpt lat="42.9512000" lon="-81.3026410">
    <ele>286.3</ele>
    <time>2020-05-01T19:56:22Z</time>
   </trkpt>
   <trkpt lat="42.9511620" lon="-81.3026320">
    <ele>286.4</ele>
    <time>2020-05-01T19:56:23Z</time>
   </trkpt>
   <trkpt lat="42.9511490" lon="-81.3026270">
    <ele>286.4</ele>
    <time>2020-05-01T19:56:24Z</time>
   </trkpt>
   <trkpt lat="42.9511220" lon="-81.3026190">
    <ele>286.5</ele>
    <time>2020-05-01T19:56:25Z</time>
   </trkpt>
   <trkpt lat="42.9510830" lon="-81.3026110">
    <ele>286.6</ele>
    <time>2020-05-01T19:56:26Z</time>
   </trkpt>
   <trkpt lat="42.9510690" lon="-81.3026100">
    <ele>286.7</ele>
    <time>2020-05-01T19:56:27Z</time>
   </trkpt>
   <trkpt lat="42.9510420" lon="-81.3026040">
    <ele>286.8</ele>
    <time>2020-05-01T19:56:28Z</time>
   </trkpt>
   <trkpt lat="42.9510130" lon="-81.3026030">
    <ele>286.8</ele>
    <time>2020-05-01T19:56:29Z</time>
   </trkpt>
   <trkpt lat="42.9509770" lon="-81.3026080">
    <ele>287.0</ele>
    <time>2020-05-01T19:56:30Z</time>
   </trkpt>
   <trkpt lat="42.9509630" lon="-81.3026030">
    <ele>287.0</ele>
    <time>2020-05-01T19:56:31Z</time>
   </trkpt>
   <trkpt lat="42.9509230" lon="-81.3025920">
    <ele>287.1</ele>
    <time>2020-05-01T19:56:32Z</time>
   </trkpt>
   <trkpt lat="42.9509080" lon="-81.3025870">
    <ele>287.2</ele>
    <time>2020-05-01T19:56:33Z</time>
   </trkpt>
   <trkpt lat="42.9508810" lon="-81.3025730">
    <ele>287.3</ele>
    <time>2020-05-01T19:56:34Z</time>
   </trkpt>
   <trkpt lat="42.9508500" lon="-81.3025770">
    <ele>287.4</ele>
    <time>2020-05-01T19:56:35Z</time>
   </trkpt>
   <trkpt lat="42.9508140" lon="-81.3025720">
    <ele>287.5</ele>
    <time>2020-05-01T19:56:36Z</time>
   </trkpt>
   <trkpt lat="42.9508010" lon="-81.3025710">
    <ele>287.5</ele>
    <time>2020-05-01T19:56:37Z</time>
   </trkpt>
   <trkpt lat="42.9507730" lon="-81.3025730">
    <ele>287.6</ele>
    <time>2020-05-01T19:56:38Z</time>
   </trkpt>
   <trkpt lat="42.9507430" lon="-81.3025630">
    <ele>287.7</ele>
    <time>2020-05-01T19:56:39Z</time>
   </trkpt>
   <trkpt lat="42.9507070" lon="-81.3025680">
    <ele>287.9</ele>
    <time>2020-05-01T19:56:40Z</time>
   </trkpt>
   <trkpt lat="42.9506660" lon="-81.3025690">
    <ele>288.0</ele>
    <time>2020-05-01T19:56:41Z</time>
   </trkpt>
   <trkpt lat="42.9506510" lon="-81.3025680">
    <ele>288.1</ele>
    <time>2020-05-01T19:56:42Z</time>
   </trkpt>
   <trkpt lat="42.9506210" lon="-81.3025640">
    <ele>288.2</ele>
    <time>2020-05-01T19:56:43Z</time>
   </trkpt>
   <trkpt lat="42.9505810" lon="-81.3025600">
    <ele>288.3</ele>
    <time>2020-05-01T19:56:44Z</time>
   </trkpt>
   <trkpt lat="42.9505660" lon="-81.3025580">
    <ele>288.4</ele>
    <time>2020-05-01T19:56:45Z</time>
   </trkpt>
   <trkpt lat="42.9505280" lon="-81.3025700">
    <ele>288.5</ele>
    <time>2020-05-01T19:56:46Z</time>
   </trkpt>
   <trkpt lat="42.9505110" lon="-81.3025760">
    <ele>288.6</ele>
    <time>2020-05-01T19:56:47Z</time>
   </trkpt>
   <trkpt lat="42.9504830" lon="-81.3025790">
    <ele>288.6</ele>
    <time>2020-05-01T19:56:48Z</time>
   </trkpt>
   <trkpt lat="42.9504540" lon="-81.3025880">
    <ele>288.7</ele>
    <time>2020-05-01T19:56:49Z</time>
   </trkpt>
   <trkpt lat="42.9504270" lon="-81.3025980">
    <ele>288.8</ele>
    <time>2020-05-01T19:56:50Z</time>
   </trkpt>
   <trkpt lat="42.9503940" lon="-81.3026030">
    <ele>288.9</ele>
    <time>2020-05-01T19:56:51Z</time>
   </trkpt>
   <trkpt lat="42.9503670" lon="-81.3026080">
    <ele>288.9</ele>
    <time>2020-05-01T19:56:52Z</time>
   </trkpt>
   <trkpt lat="42.9503320" lon="-81.3026060">
    <ele>289.0</ele>
    <time>2020-05-01T19:56:53Z</time>
   </trkpt>
   <trkpt lat="42.9503200" lon="-81.3026060">
    <ele>289.1</ele>
    <time>2020-05-01T19:56:54Z</time>
   </trkpt>
   <trkpt lat="42.9502840" lon="-81.3026090">
    <ele>289.2</ele>
    <time>2020-05-01T19:56:55Z</time>
   </trkpt>
   <trkpt lat="42.9502460" lon="-81.3026230">
    <ele>289.2</ele>
    <time>2020-05-01T19:56:56Z</time>
   </trkpt>
   <trkpt lat="42.9502330" lon="-81.3026290">
    <ele>289.2</ele>
    <time>2020-05-01T19:56:57Z</time>
   </trkpt>
   <trkpt lat="42.9502060" lon="-81.3026400">
    <ele>289.2</ele>
    <time>2020-05-01T19:56:58Z</time>
   </trkpt>
   <trkpt lat="42.9501770" lon="-81.3026500">
    <ele>289.2</ele>
    <time>2020-05-01T19:56:59Z</time>
   </trkpt>
   <trkpt lat="42.9501470" lon="-81.3026640">
    <ele>289.3</ele>
    <time>2020-05-01T19:57:00Z</time>
   </trkpt>
   <trkpt lat="42.9501340" lon="-81.3026680">
    <ele>289.3</ele>
    <time>2020-05-01T19:57:01Z</time>
   </trkpt>
   <trkpt lat="42.9501000" lon="-81.3026860">
    <ele>289.3</ele>
    <time>2020-05-01T19:57:02Z</time>
   </trkpt>
   <trkpt lat="42.9500870" lon="-81.3026930">
    <ele>289.3</ele>
    <time>2020-05-01T19:57:03Z</time>
   </trkpt>
   <trkpt lat="42.9500450" lon="-81.3027080">
    <ele>289.4</ele>
    <time>2020-05-01T19:57:04Z</time>
   </trkpt>
   <trkpt lat="42.9500280" lon="-81.3027140">
    <ele>289.4</ele>
    <time>2020-05-01T19:57:05Z</time>
   </trkpt>
   <trkpt lat="42.9500000" lon="-81.3027250">
    <ele>289.4</ele>
    <time>2020-05-01T19:57:06Z</time>
   </trkpt>
   <trkpt lat="42.9499700" lon="-81.3027440">
    <ele>289.5</ele>
    <time>2020-05-01T19:57:07Z</time>
   </trkpt>
   <trkpt lat="42.9499580" lon="-81.3027530">
    <ele>289.5</ele>
    <time>2020-05-01T19:57:08Z</time>
   </trkpt>
   <trkpt lat="42.9499230" lon="-81.3027700">
    <ele>289.6</ele>
    <time>2020-05-01T19:57:09Z</time>
   </trkpt>
   <trkpt lat="42.9499100" lon="-81.3027750">
    <ele>289.6</ele>
    <time>2020-05-01T19:57:10Z</time>
   </trkpt>
   <trkpt lat="42.9498800" lon="-81.3028040">
    <ele>289.6</ele>
    <time>2020-05-01T19:57:11Z</time>
   </trkpt>
   <trkpt lat="42.9498690" lon="-81.3028140">
    <ele>289.6</ele>
    <time>2020-05-01T19:57:12Z</time>
   </trkpt>
   <trkpt lat="42.9498460" lon="-81.3028400">
    <ele>289.7</ele>
    <time>2020-05-01T19:57:13Z</time>
   </trkpt>
   <trkpt lat="42.9498360" lon="-81.3028500">
    <ele>289.7</ele>
    <time>2020-05-01T19:57:14Z</time>
   </trkpt>
   <trkpt lat="42.9498100" lon="-81.3028650">
    <ele>289.7</ele>
    <time>2020-05-01T19:57:15Z</time>
   </trkpt>
   <trkpt lat="42.9497830" lon="-81.3028740">
    <ele>289.7</ele>
    <time>2020-05-01T19:57:16Z</time>
   </trkpt>
   <trkpt lat="42.9497500" lon="-81.3028930">
    <ele>289.8</ele>
    <time>2020-05-01T19:57:17Z</time>
   </trkpt>
   <trkpt lat="42.9497420" lon="-81.3029000">
    <ele>289.8</ele>
    <time>2020-05-01T19:57:18Z</time>
   </trkpt>
   <trkpt lat="42.9497140" lon="-81.3029190">
    <ele>289.8</ele>
    <time>2020-05-01T19:57:19Z</time>
   </trkpt>
   <trkpt lat="42.9496770" lon="-81.3029410">
    <ele>289.8</ele>
    <time>2020-05-01T19:57:20Z</time>
   </trkpt>
   <trkpt lat="42.9496630" lon="-81.3029510">
    <ele>289.8</ele>
    <time>2020-05-01T19:57:21Z</time>
   </trkpt>
   <trkpt lat="42.9496340" lon="-81.3029870">
    <ele>289.9</ele>
    <time>2020-05-01T19:57:22Z</time>
   </trkpt>
   <trkpt lat="42.9496240" lon="-81.3029960">
    <ele>289.9</ele>
    <time>2020-05-01T19:57:23Z</time>
   </trkpt>
   <trkpt lat="42.9495900" lon="-81.3030200">
    <ele>289.9</ele>
    <time>2020-05-01T19:57:24Z</time>
   </trkpt>
   <trkpt lat="42.9495790" lon="-81.3030270">
    <ele>289.9</ele>
    <time>2020-05-01T19:57:25Z</time>
   </trkpt>
   <trkpt lat="42.9495530" lon="-81.3030500">
    <ele>289.9</ele>
    <time>2020-05-01T19:57:26Z</time>
   </trkpt>
   <trkpt lat="42.9495260" lon="-81.3030670">
    <ele>289.9</ele>
    <time>2020-05-01T19:57:27Z</time>
   </trkpt>
   <trkpt lat="42.9494890" lon="-81.3030960">
    <ele>289.9</ele>
    <time>2020-05-01T19:57:28Z</time>
   </trkpt>
   <trkpt lat="42.9494700" lon="-81.3031110">
    <ele>289.9</ele>
    <time>2020-05-01T19:57:29Z</time>
   </trkpt>
   <trkpt lat="42.9494350" lon="-81.3031370">
    <ele>289.9</ele>
    <time>2020-05-01T19:57:30Z</time>
   </trkpt>
   <trkpt lat="42.9494240" lon="-81.3031460">
    <ele>289.9</ele>
    <time>2020-05-01T19:57:31Z</time>
   </trkpt>
   <trkpt lat="42.9493910" lon="-81.3031720">
    <ele>289.9</ele>
    <time>2020-05-01T19:57:32Z</time>
   </trkpt>
   <trkpt lat="42.9493810" lon="-81.3031810">
    <ele>289.9</ele>
    <time>2020-05-01T19:57:33Z</time>
   </trkpt>
   <trkpt lat="42.9493560" lon="-81.3032020">
    <ele>289.9</ele>
    <time>2020-05-01T19:57:34Z</time>
   </trkpt>
   <trkpt lat="42.9493300" lon="-81.3032280">
    <ele>289.9</ele>
    <time>2020-05-01T19:57:35Z</time>
   </trkpt>
   <trkpt lat="42.9492980" lon="-81.3032420">
    <ele>289.9</ele>
    <time>2020-05-01T19:57:36Z</time>
   </trkpt>
   <trkpt lat="42.9492710" lon="-81.3032610">
    <ele>290.0</ele>
    <time>2020-05-01T19:57:37Z</time>
   </trkpt>
   <trkpt lat="42.9492360" lon="-81.3032920">
    <ele>290.0</ele>
    <time>2020-05-01T19:57:38Z</time>
   </trkpt>
   <trkpt lat="42.9492220" lon="-81.3033040">
    <ele>290.0</ele>
    <time>2020-05-01T19:57:39Z</time>
   </trkpt>
   <trkpt lat="42.9491900" lon="-81.3033220">
    <ele>290.1</ele>
    <time>2020-05-01T19:57:40Z</time>
   </trkpt>
   <trkpt lat="42.9491770" lon="-81.3033310">
    <ele>290.1</ele>
    <time>2020-05-01T19:57:41Z</time>
   </trkpt>
   <trkpt lat="42.9491430" lon="-81.3033410">
    <ele>290.1</ele>
    <time>2020-05-01T19:57:42Z</time>
   </trkpt>
   <trkpt lat="42.9491140" lon="-81.3033560">
    <ele>290.2</ele>
    <time>2020-05-01T19:57:43Z</time>
   </trkpt>
   <trkpt lat="42.9490830" lon="-81.3033830">
    <ele>290.2</ele>
    <time>2020-05-01T19:57:44Z</time>
   </trkpt>
   <trkpt lat="42.9490740" lon="-81.3033900">
    <ele>290.2</ele>
    <time>2020-05-01T19:57:45Z</time>
   </trkpt>
   <trkpt lat="42.9490410" lon="-81.3034170">
    <ele>290.3</ele>
    <time>2020-05-01T19:57:46Z</time>
   </trkpt>
   <trkpt lat="42.9490290" lon="-81.3034230">
    <ele>290.3</ele>
    <time>2020-05-01T19:57:47Z</time>
   </trkpt>
   <trkpt lat="42.9489990" lon="-81.3034390">
    <ele>290.3</ele>
    <time>2020-05-01T19:57:48Z</time>
   </trkpt>
   <trkpt lat="42.9489860" lon="-81.3034480">
    <ele>290.3</ele>
    <time>2020-05-01T19:57:49Z</time>
   </trkpt>
   <trkpt lat="42.9489580" lon="-81.3034710">
    <ele>290.4</ele>
    <time>2020-05-01T19:57:50Z</time>
   </trkpt>
   <trkpt lat="42.9489230" lon="-81.3034970">
    <ele>290.4</ele>
    <time>2020-05-01T19:57:51Z</time>
   </trkpt>
   <trkpt lat="42.9489070" lon="-81.3035000">
    <ele>290.4</ele>
    <time>2020-05-01T19:57:52Z</time>
   </trkpt>
   <trkpt lat="42.9488710" lon="-81.3035210">
    <ele>290.5</ele>
    <time>2020-05-01T19:57:53Z</time>
   </trkpt>
   <trkpt lat="42.9488580" lon="-81.3035280">
    <ele>290.5</ele>
    <time>2020-05-01T19:57:54Z</time>
   </trkpt>
   <trkpt lat="42.9488300" lon="-81.3035370">
    <ele>290.5</ele>
    <time>2020-05-01T19:57:55Z</time>
   </trkpt>
   <trkpt lat="42.9488200" lon="-81.3035390">
    <ele>290.6</ele>
    <time>2020-05-01T19:57:56Z</time>
   </trkpt>
   <trkpt lat="42.9487890" lon="-81.3035630">
    <ele>290.6</ele>
    <time>2020-05-01T19:57:57Z</time>
   </trkpt>
   <trkpt lat="42.9487770" lon="-81.3035730">
    <ele>290.6</ele>
    <time>2020-05-01T19:57:58Z</time>
   </trkpt>
   <trkpt lat="42.9487430" lon="-81.3035750">
    <ele>290.7</ele>
    <time>2020-05-01T19:57:59Z</time>
   </trkpt>
   <trkpt lat="42.9487050" lon="-81.3035970">
    <ele>290.8</ele>
    <time>2020-05-01T19:58:00Z</time>
   </trkpt>
   <trkpt lat="42.9486930" lon="-81.3036090">
    <ele>290.8</ele>
    <time>2020-05-01T19:58:01Z</time>
   </trkpt>
   <trkpt lat="42.9486530" lon="-81.3036090">
    <ele>290.9</ele>
    <time>2020-05-01T19:58:02Z</time>
   </trkpt>
   <trkpt lat="42.9486260" lon="-81.3036190">
    <ele>291.0</ele>
    <time>2020-05-01T19:58:03Z</time>
   </trkpt>
   <trkpt lat="42.9485970" lon="-81.3036220">
    <ele>291.0</ele>
    <time>2020-05-01T19:58:04Z</time>
   </trkpt>
   <trkpt lat="42.9485630" lon="-81.3036230">
    <ele>291.1</ele>
    <time>2020-05-01T19:58:05Z</time>
   </trkpt>
   <trkpt lat="42.9485540" lon="-81.3036260">
    <ele>291.1</ele>
    <time>2020-05-01T19:58:06Z</time>
   </trkpt>
   <trkpt lat="42.9485270" lon="-81.3036330">
    <ele>291.2</ele>
    <time>2020-05-01T19:58:07Z</time>
   </trkpt>
   <trkpt lat="42.9485000" lon="-81.3036520">
    <ele>291.3</ele>
    <time>2020-05-01T19:58:08Z</time>
   </trkpt>
   <trkpt lat="42.9484670" lon="-81.3036590">
    <ele>291.3</ele>
    <time>2020-05-01T19:58:09Z</time>
   </trkpt>
   <trkpt lat="42.9484340" lon="-81.3036680">
    <ele>291.4</ele>
    <time>2020-05-01T19:58:10Z</time>
   </trkpt>
   <trkpt lat="42.9484200" lon="-81.3036710">
    <ele>291.5</ele>
    <time>2020-05-01T19:58:11Z</time>
   </trkpt>
   <trkpt lat="42.9483940" lon="-81.3036830">
    <ele>291.5</ele>
    <time>2020-05-01T19:58:12Z</time>
   </trkpt>
   <trkpt lat="42.9483630" lon="-81.3036850">
    <ele>291.6</ele>
    <time>2020-05-01T19:58:13Z</time>
   </trkpt>
   <trkpt lat="42.9483310" lon="-81.3036830">
    <ele>291.6</ele>
    <time>2020-05-01T19:58:14Z</time>
   </trkpt>
   <trkpt lat="42.9483190" lon="-81.3036830">
    <ele>291.7</ele>
    <time>2020-05-01T19:58:15Z</time>
   </trkpt>
   <trkpt lat="42.9482830" lon="-81.3036960">
    <ele>291.7</ele>
    <time>2020-05-01T19:58:16Z</time>
   </trkpt>
   <trkpt lat="42.9482710" lon="-81.3037000">
    <ele>291.8</ele>
    <time>2020-05-01T19:58:17Z</time>
   </trkpt>
   <trkpt lat="42.9482420" lon="-81.3037110">
    <ele>291.8</ele>
    <time>2020-05-01T19:58:18Z</time>
   </trkpt>
   <trkpt lat="42.9482110" lon="-81.3037170">
    <ele>291.9</ele>
    <time>2020-05-01T19:58:19Z</time>
   </trkpt>
   <trkpt lat="42.9481770" lon="-81.3037300">
    <ele>292.0</ele>
    <time>2020-05-01T19:58:20Z</time>
   </trkpt>
   <trkpt lat="42.9481620" lon="-81.3037330">
    <ele>292.0</ele>
    <time>2020-05-01T19:58:21Z</time>
   </trkpt>
   <trkpt lat="42.9481320" lon="-81.3037320">
    <ele>292.1</ele>
    <time>2020-05-01T19:58:22Z</time>
   </trkpt>
   <trkpt lat="42.9480980" lon="-81.3037230">
    <ele>292.2</ele>
    <time>2020-05-01T19:58:23Z</time>
   </trkpt>
   <trkpt lat="42.9480890" lon="-81.3037210">
    <ele>292.3</ele>
    <time>2020-05-01T19:58:24Z</time>
   </trkpt>
   <trkpt lat="42.9480500" lon="-81.3037210">
    <ele>292.4</ele>
    <time>2020-05-01T19:58:25Z</time>
   </trkpt>
   <trkpt lat="42.9480360" lon="-81.3037210">
    <ele>292.4</ele>
    <time>2020-05-01T19:58:26Z</time>
   </trkpt>
   <trkpt lat="42.9480010" lon="-81.3037160">
    <ele>292.5</ele>
    <time>2020-05-01T19:58:27Z</time>
   </trkpt>
   <trkpt lat="42.9479910" lon="-81.3037170">
    <ele>292.5</ele>
    <time>2020-05-01T19:58:28Z</time>
   </trkpt>
   <trkpt lat="42.9479570" lon="-81.3037130">
    <ele>292.6</ele>
    <time>2020-05-01T19:58:29Z</time>
   </trkpt>
   <trkpt lat="42.9479440" lon="-81.3037110">
    <ele>292.7</ele>
    <time>2020-05-01T19:58:30Z</time>
   </trkpt>
   <trkpt lat="42.9479160" lon="-81.3037070">
    <ele>292.7</ele>
    <time>2020-05-01T19:58:31Z</time>
   </trkpt>
   <trkpt lat="42.9478870" lon="-81.3037040">
    <ele>292.8</ele>
    <time>2020-05-01T19:58:32Z</time>
   </trkpt>
   <trkpt lat="42.9478520" lon="-81.3037070">
    <ele>292.9</ele>
    <time>2020-05-01T19:58:33Z</time>
   </trkpt>
   <trkpt lat="42.9478150" lon="-81.3037070">
    <ele>293.0</ele>
    <time>2020-05-01T19:58:34Z</time>
   </trkpt>
   <trkpt lat="42.9478040" lon="-81.3037050">
    <ele>293.0</ele>
    <time>2020-05-01T19:58:35Z</time>
   </trkpt>
   <trkpt lat="42.9477740" lon="-81.3037100">
    <ele>293.0</ele>
    <time>2020-05-01T19:58:36Z</time>
   </trkpt>
   <trkpt lat="42.9477460" lon="-81.3037140">
    <ele>293.1</ele>
    <time>2020-05-01T19:58:37Z</time>
   </trkpt>
   <trkpt lat="42.9477090" lon="-81.3037120">
    <ele>293.1</ele>
    <time>2020-05-01T19:58:38Z</time>
   </trkpt>
   <trkpt lat="42.9476970" lon="-81.3037120">
    <ele>293.1</ele>
    <time>2020-05-01T19:58:39Z</time>
   </trkpt>
   <trkpt lat="42.9476670" lon="-81.3037190">
    <ele>293.1</ele>
    <time>2020-05-01T19:58:40Z</time>
   </trkpt>
   <trkpt lat="42.9476310" lon="-81.3037130">
    <ele>293.2</ele>
    <time>2020-05-01T19:58:41Z</time>
   </trkpt>
   <trkpt lat="42.9476180" lon="-81.3037080">
    <ele>293.2</ele>
    <time>2020-05-01T19:58:42Z</time>
   </trkpt>
   <trkpt lat="42.9475830" lon="-81.3037110">
    <ele>293.2</ele>
    <time>2020-05-01T19:58:43Z</time>
   </trkpt>
   <trkpt lat="42.9475710" lon="-81.3037150">
    <ele>293.2</ele>
    <time>2020-05-01T19:58:44Z</time>
   </trkpt>
   <trkpt lat="42.9475380" lon="-81.3037150">
    <ele>293.3</ele>
    <time>2020-05-01T19:58:45Z</time>
   </trkpt>
   <trkpt lat="42.9475250" lon="-81.3037110">
    <ele>293.3</ele>
    <time>2020-05-01T19:58:46Z</time>
   </trkpt>
   <trkpt lat="42.9474990" lon="-81.3036990">
    <ele>293.4</ele>
    <time>2020-05-01T19:58:47Z</time>
   </trkpt>
   <trkpt lat="42.9474650" lon="-81.3037020">
    <ele>293.5</ele>
    <time>2020-05-01T19:58:48Z</time>
   </trkpt>
   <trkpt lat="42.9474520" lon="-81.3037050">
    <ele>293.5</ele>
    <time>2020-05-01T19:58:49Z</time>
   </trkpt>
   <trkpt lat="42.9474180" lon="-81.3036950">
    <ele>293.6</ele>
    <time>2020-05-01T19:58:50Z</time>
   </trkpt>
   <trkpt lat="42.9474090" lon="-81.3036910">
    <ele>293.6</ele>
    <time>2020-05-01T19:58:51Z</time>
   </trkpt>
   <trkpt lat="42.9473670" lon="-81.3036950">
    <ele>293.6</ele>
    <time>2020-05-01T19:58:52Z</time>
   </trkpt>
   <trkpt lat="42.9473500" lon="-81.3036970">
    <ele>293.7</ele>
    <time>2020-05-01T19:58:53Z</time>
   </trkpt>
   <trkpt lat="42.9473060" lon="-81.3036980">
    <ele>293.7</ele>
    <time>2020-05-01T19:58:54Z</time>
   </trkpt>
   <trkpt lat="42.9472880" lon="-81.3036930">
    <ele>293.7</ele>
    <time>2020-05-01T19:58:55Z</time>
   </trkpt>
   <trkpt lat="42.9472480" lon="-81.3036850">
    <ele>293.8</ele>
    <time>2020-05-01T19:58:56Z</time>
   </trkpt>
   <trkpt lat="42.9472320" lon="-81.3036760">
    <ele>293.8</ele>
    <time>2020-05-01T19:58:57Z</time>
   </trkpt>
   <trkpt lat="42.9472000" lon="-81.3036690">
    <ele>293.8</ele>
    <time>2020-05-01T19:58:58Z</time>
   </trkpt>
   <trkpt lat="42.9471610" lon="-81.3036580">
    <ele>293.8</ele>
    <time>2020-05-01T19:58:59Z</time>
   </trkpt>
   <trkpt lat="42.9471470" lon="-81.3036520">
    <ele>293.8</ele>
    <time>2020-05-01T19:59:00Z</time>
   </trkpt>
   <trkpt lat="42.9471130" lon="-81.3036380">
    <ele>293.9</ele>
    <time>2020-05-01T19:59:01Z</time>
   </trkpt>
   <trkpt lat="42.9470980" lon="-81.3036370">
    <ele>293.9</ele>
    <time>2020-05-01T19:59:02Z</time>
   </trkpt>
   <trkpt lat="42.9470640" lon="-81.3036240">
    <ele>294.0</ele>
    <time>2020-05-01T19:59:03Z</time>
   </trkpt>
   <trkpt lat="42.9470520" lon="-81.3036210">
    <ele>294.0</ele>
    <time>2020-05-01T19:59:04Z</time>
   </trkpt>
   <trkpt lat="42.9470180" lon="-81.3036270">
    <ele>294.1</ele>
    <time>2020-05-01T19:59:05Z</time>
   </trkpt>
   <trkpt lat="42.9470060" lon="-81.3036230">
    <ele>294.1</ele>
    <time>2020-05-01T19:59:06Z</time>
   </trkpt>
   <trkpt lat="42.9469690" lon="-81.3036160">
    <ele>294.2</ele>
    <time>2020-05-01T19:59:07Z</time>
   </trkpt>
   <trkpt lat="42.9469570" lon="-81.3036100">
    <ele>294.2</ele>
    <time>2020-05-01T19:59:08Z</time>
   </trkpt>
   <trkpt lat="42.9469390" lon="-81.3035990">
    <ele>294.3</ele>
    <time>2020-05-01T19:59:09Z</time>
   </trkpt>
   <trkpt lat="42.9469300" lon="-81.3035940">
    <ele>294.3</ele>
    <time>2020-05-01T19:59:10Z</time>
   </trkpt>
   <trkpt lat="42.9469040" lon="-81.3035800">
    <ele>294.3</ele>
    <time>2020-05-01T19:59:11Z</time>
   </trkpt>
   <trkpt lat="42.9468760" lon="-81.3035720">
    <ele>294.4</ele>
    <time>2020-05-01T19:59:12Z</time>
   </trkpt>
   <trkpt lat="42.9468410" lon="-81.3035830">
    <ele>294.5</ele>
    <time>2020-05-01T19:59:13Z</time>
   </trkpt>
   <trkpt lat="42.9468300" lon="-81.3035830">
    <ele>294.5</ele>
    <time>2020-05-01T19:59:14Z</time>
   </trkpt>
   <trkpt lat="42.9467970" lon="-81.3035630">
    <ele>294.6</ele>
    <time>2020-05-01T19:59:15Z</time>
   </trkpt>
   <trkpt lat="42.9467820" lon="-81.3035530">
    <ele>294.7</ele>
    <time>2020-05-01T19:59:16Z</time>
   </trkpt>
   <trkpt lat="42.9467490" lon="-81.3035490">
    <ele>294.8</ele>
    <time>2020-05-01T19:59:17Z</time>
   </trkpt>
   <trkpt lat="42.9467200" lon="-81.3035440">
    <ele>294.8</ele>
    <time>2020-05-01T19:59:18Z</time>
   </trkpt>
   <trkpt lat="42.9466780" lon="-81.3035370">
    <ele>295.0</ele>
    <time>2020-05-01T19:59:19Z</time>
   </trkpt>
   <trkpt lat="42.9466610" lon="-81.3035320">
    <ele>295.0</ele>
    <time>2020-05-01T19:59:20Z</time>
   </trkpt>
   <trkpt lat="42.9466300" lon="-81.3035170">
    <ele>295.1</ele>
    <time>2020-05-01T19:59:21Z</time>
   </trkpt>
   <trkpt lat="42.9465990" lon="-81.3035100">
    <ele>295.2</ele>
    <time>2020-05-01T19:59:22Z</time>
   </trkpt>
   <trkpt lat="42.9465690" lon="-81.3035040">
    <ele>295.2</ele>
    <time>2020-05-01T19:59:23Z</time>
   </trkpt>
   <trkpt lat="42.9465580" lon="-81.3035030">
    <ele>295.2</ele>
    <time>2020-05-01T19:59:24Z</time>
   </trkpt>
   <trkpt lat="42.9465290" lon="-81.3034900">
    <ele>295.3</ele>
    <time>2020-05-01T19:59:25Z</time>
   </trkpt>
   <trkpt lat="42.9465180" lon="-81.3034880">
    <ele>295.3</ele>
    <time>2020-05-01T19:59:26Z</time>
   </trkpt>
   <trkpt lat="42.9464760" lon="-81.3034810">
    <ele>295.4</ele>
    <time>2020-05-01T19:59:27Z</time>
   </trkpt>
   <trkpt lat="42.9464560" lon="-81.3034730">
    <ele>295.5</ele>
    <time>2020-05-01T19:59:28Z</time>
   </trkpt>
   <trkpt lat="42.9464210" lon="-81.3034620">
    <ele>295.6</ele>
    <time>2020-05-01T19:59:29Z</time>
   </trkpt>
   <trkpt lat="42.9463900" lon="-81.3034540">
    <ele>295.7</ele>
    <time>2020-05-01T19:59:30Z</time>
   </trkpt>
   <trkpt lat="42.9463570" lon="-81.3034440">
    <ele>295.7</ele>
    <time>2020-05-01T19:59:31Z</time>
   </trkpt>
   <trkpt lat="42.9463470" lon="-81.3034430">
    <ele>295.8</ele>
    <time>2020-05-01T19:59:32Z</time>
   </trkpt>
   <trkpt lat="42.9463180" lon="-81.3034320">
    <ele>295.8</ele>
    <time>2020-05-01T19:59:33Z</time>
   </trkpt>
   <trkpt lat="42.9462920" lon="-81.3034210">
    <ele>295.9</ele>
    <time>2020-05-01T19:59:34Z</time>
   </trkpt>
   <trkpt lat="42.9462540" lon="-81.3034060">
    <ele>296.0</ele>
    <time>2020-05-01T19:59:35Z</time>
   </trkpt>
   <trkpt lat="42.9462390" lon="-81.3033990">
    <ele>296.1</ele>
    <time>2020-05-01T19:59:36Z</time>
   </trkpt>
   <trkpt lat="42.9462100" lon="-81.3033960">
    <ele>296.1</ele>
    <time>2020-05-01T19:59:37Z</time>
   </trkpt>
   <trkpt lat="42.9461740" lon="-81.3033880">
    <ele>296.2</ele>
    <time>2020-05-01T19:59:38Z</time>
   </trkpt>
   <trkpt lat="42.9461610" lon="-81.3033850">
    <ele>296.3</ele>
    <time>2020-05-01T19:59:39Z</time>
   </trkpt>
   <trkpt lat="42.9461270" lon="-81.3033770">
    <ele>296.3</ele>
    <time>2020-05-01T19:59:40Z</time>
   </trkpt>
   <trkpt lat="42.9461170" lon="-81.3033730">
    <ele>296.4</ele>
    <time>2020-05-01T19:59:41Z</time>
   </trkpt>
   <trkpt lat="42.9460860" lon="-81.3033690">
    <ele>296.4</ele>
    <time>2020-05-01T19:59:42Z</time>
   </trkpt>
   <trkpt lat="42.9460730" lon="-81.3033670">
    <ele>296.5</ele>
    <time>2020-05-01T19:59:43Z</time>
   </trkpt>
   <trkpt lat="42.9460360" lon="-81.3033640">
    <ele>296.5</ele>
    <time>2020-05-01T19:59:44Z</time>
   </trkpt>
   <trkpt lat="42.9460240" lon="-81.3033610">
    <ele>296.6</ele>
    <time>2020-05-01T19:59:45Z</time>
   </trkpt>
   <trkpt lat="42.9459900" lon="-81.3033610">
    <ele>296.6</ele>
    <time>2020-05-01T19:59:46Z</time>
   </trkpt>
   <trkpt lat="42.9459750" lon="-81.3033570">
    <ele>296.6</ele>
    <time>2020-05-01T19:59:47Z</time>
   </trkpt>
   <trkpt lat="42.9459410" lon="-81.3033480">
    <ele>296.7</ele>
    <time>2020-05-01T19:59:48Z</time>
   </trkpt>
   <trkpt lat="42.9459270" lon="-81.3033440">
    <ele>296.7</ele>
    <time>2020-05-01T19:59:49Z</time>
   </trkpt>
   <trkpt lat="42.9458940" lon="-81.3033260">
    <ele>296.8</ele>
    <time>2020-05-01T19:59:50Z</time>
   </trkpt>
   <trkpt lat="42.9458820" lon="-81.3033240">
    <ele>296.8</ele>
    <time>2020-05-01T19:59:51Z</time>
   </trkpt>
   <trkpt lat="42.9458410" lon="-81.3033100">
    <ele>296.8</ele>
    <time>2020-05-01T19:59:52Z</time>
   </trkpt>
   <trkpt lat="42.9458240" lon="-81.3033050">
    <ele>296.9</ele>
    <time>2020-05-01T19:59:53Z</time>
   </trkpt>
   <trkpt lat="42.9457880" lon="-81.3032980">
    <ele>296.9</ele>
    <time>2020-05-01T19:59:54Z</time>
   </trkpt>
   <trkpt lat="42.9457740" lon="-81.3032990">
    <ele>296.9</ele>
    <time>2020-05-01T19:59:55Z</time>
   </trkpt>
   <trkpt lat="42.9457430" lon="-81.3032960">
    <ele>296.9</ele>
    <time>2020-05-01T19:59:56Z</time>
   </trkpt>
   <trkpt lat="42.9457350" lon="-81.3032960">
    <ele>296.9</ele>
    <time>2020-05-01T19:59:57Z</time>
   </trkpt>
   <trkpt lat="42.9457060" lon="-81.3032820">
    <ele>297.0</ele>
    <time>2020-05-01T19:59:58Z</time>
   </trkpt>
   <trkpt lat="42.9456970" lon="-81.3032770">
    <ele>297.0</ele>
    <time>2020-05-01T19:59:59Z</time>
   </trkpt>
   <trkpt lat="42.9456590" lon="-81.3032700">
    <ele>297.0</ele>
    <time>2020-05-01T20:00:00Z</time>
   </trkpt>
   <trkpt lat="42.9456450" lon="-81.3032670">
    <ele>297.0</ele>
    <time>2020-05-01T20:00:01Z</time>
   </trkpt>
   <trkpt lat="42.9456160" lon="-81.3032540">
    <ele>297.0</ele>
    <time>2020-05-01T20:00:02Z</time>
   </trkpt>
   <trkpt lat="42.9456010" lon="-81.3032520">
    <ele>297.0</ele>
    <time>2020-05-01T20:00:03Z</time>
   </trkpt>
   <trkpt lat="42.9455710" lon="-81.3032400">
    <ele>297.0</ele>
    <time>2020-05-01T20:00:04Z</time>
   </trkpt>
   <trkpt lat="42.9455350" lon="-81.3032400">
    <ele>297.0</ele>
    <time>2020-05-01T20:00:05Z</time>
   </trkpt>
   <trkpt lat="42.9455190" lon="-81.3032410">
    <ele>297.0</ele>
    <time>2020-05-01T20:00:06Z</time>
   </trkpt>
   <trkpt lat="42.9454810" lon="-81.3032340">
    <ele>297.0</ele>
    <time>2020-05-01T20:00:07Z</time>
   </trkpt>
   <trkpt lat="42.9454680" lon="-81.3032310">
    <ele>297.0</ele>
    <time>2020-05-01T20:00:08Z</time>
   </trkpt>
   <trkpt lat="42.9454400" lon="-81.3032290">
    <ele>297.0</ele>
    <time>2020-05-01T20:00:09Z</time>
   </trkpt>
   <trkpt lat="42.9454070" lon="-81.3032210">
    <ele>297.0</ele>
    <time>2020-05-01T20:00:10Z</time>
   </trkpt>
   <trkpt lat="42.9453940" lon="-81.3032190">
    <ele>297.0</ele>
    <time>2020-05-01T20:00:11Z</time>
   </trkpt>
   <trkpt lat="42.9453520" lon="-81.3032080">
    <ele>296.9</ele>
    <time>2020-05-01T20:00:12Z</time>
   </trkpt>
   <trkpt lat="42.9453370" lon="-81.3032030">
    <ele>296.9</ele>
    <time>2020-05-01T20:00:13Z</time>
   </trkpt>
   <trkpt lat="42.9453080" lon="-81.3031920">
    <ele>296.9</ele>
    <time>2020-05-01T20:00:14Z</time>
   </trkpt>
   <trkpt lat="42.9452670" lon="-81.3031770">
    <ele>296.8</ele>
    <time>2020-05-01T20:00:15Z</time>
   </trkpt>
   <trkpt lat="42.9452500" lon="-81.3031740">
    <ele>296.8</ele>
    <time>2020-05-01T20:00:16Z</time>
   </trkpt>
   <trkpt lat="42.9452180" lon="-81.3031650">
    <ele>296.8</ele>
    <time>2020-05-01T20:00:17Z</time>
   </trkpt>
   <trkpt lat="42.9452040" lon="-81.3031630">
    <ele>296.7</ele>
    <time>2020-05-01T20:00:18Z</time>
   </trkpt>
   <trkpt lat="42.9451640" lon="-81.3031460">
    <ele>296.6</ele>
    <time>2020-05-01T20:00:19Z</time>
   </trkpt>
   <trkpt lat="42.9451470" lon="-81.3031410">
    <ele>296.6</ele>
    <time>2020-05-01T20:00:20Z</time>
   </trkpt>
   <trkpt lat="42.9451140" lon="-81.3031360">
    <ele>296.5</ele>
    <time>2020-05-01T20:00:21Z</time>
   </trkpt>
   <trkpt lat="42.9450860" lon="-81.3031250">
    <ele>296.4</ele>
    <time>2020-05-01T20:00:22Z</time>
   </trkpt>
   <trkpt lat="42.9450550" lon="-81.3031180">
    <ele>296.3</ele>
    <time>2020-05-01T20:00:23Z</time>
   </trkpt>
   <trkpt lat="42.9450440" lon="-81.3031140">
    <ele>296.3</ele>
    <time>2020-05-01T20:00:24Z</time>
   </trkpt>
   <trkpt lat="42.9450160" lon="-81.3031150">
    <ele>296.2</ele>
    <time>2020-05-01T20:00:25Z</time>
   </trkpt>
   <trkpt lat="42.9450030" lon="-81.3031150">
    <ele>296.2</ele>
    <time>2020-05-01T20:00:26Z</time>
   </trkpt>
   <trkpt lat="42.9449660" lon="-81.3031120">
    <ele>296.0</ele>
    <time>2020-05-01T20:00:27Z</time>
   </trkpt>
   <trkpt lat="42.9449530" lon="-81.3031130">
    <ele>296.0</ele>
    <time>2020-05-01T20:00:28Z</time>
   </trkpt>
   <trkpt lat="42.9449180" lon="-81.3031140">
    <ele>295.9</ele>
    <time>2020-05-01T20:00:29Z</time>
   </trkpt>
   <trkpt lat="42.9449090" lon="-81.3031140">
    <ele>295.8</ele>
    <time>2020-05-01T20:00:30Z</time>
   </trkpt>
   <trkpt lat="42.9448800" lon="-81.3031200">
    <ele>295.7</ele>
    <time>2020-05-01T20:00:31Z</time>
   </trkpt>
   <trkpt lat="42.9448430" lon="-81.3031050">
    <ele>295.6</ele>
    <time>2020-05-01T20:00:32Z</time>
   </trkpt>
   <trkpt lat="42.9448140" lon="-81.3030940">
    <ele>295.5</ele>
    <time>2020-05-01T20:00:33Z</time>
   </trkpt>
   <trkpt lat="42.9448040" lon="-81.3030890">
    <ele>295.5</ele>
    <time>2020-05-01T20:00:34Z</time>
   </trkpt>
   <trkpt lat="42.9447690" lon="-81.3030840">
    <ele>295.3</ele>
    <time>2020-05-01T20:00:35Z</time>
   </trkpt>
   <trkpt lat="42.9447580" lon="-81.3030770">
    <ele>295.3</ele>
    <time>2020-05-01T20:00:36Z</time>
   </trkpt>
   <trkpt lat="42.9447290" lon="-81.3030780">
    <ele>295.2</ele>
    <time>2020-05-01T20:00:37Z</time>
   </trkpt>
   <trkpt lat="42.9447010" lon="-81.3030630">
    <ele>295.1</ele>
    <time>2020-05-01T20:00:38Z</time>
   </trkpt>
   <trkpt lat="42.9446690" lon="-81.3030550">
    <ele>295.0</ele>
    <time>2020-05-01T20:00:39Z</time>
   </trkpt>
   <trkpt lat="42.9446600" lon="-81.3030550">
    <ele>294.9</ele>
    <time>2020-05-01T20:00:40Z</time>
   </trkpt>
   <trkpt lat="42.9446260" lon="-81.3030500">
    <ele>294.8</ele>
    <time>2020-05-01T20:00:41Z</time>
   </trkpt>
   <trkpt lat="42.9446170" lon="-81.3030500">
    <ele>294.8</ele>
    <time>2020-05-01T20:00:42Z</time>
   </trkpt>
   <trkpt lat="42.9445880" lon="-81.3030470">
    <ele>294.7</ele>
    <time>2020-05-01T20:00:43Z</time>
   </trkpt>
   <trkpt lat="42.9445480" lon="-81.3030450">
    <ele>294.6</ele>
    <time>2020-05-01T20:00:44Z</time>
   </trkpt>
   <trkpt lat="42.9445340" lon="-81.3030460">
    <ele>294.5</ele>
    <time>2020-05-01T20:00:45Z</time>
   </trkpt>
   <trkpt lat="42.9445000" lon="-81.3030500">
    <ele>294.4</ele>
    <time>2020-05-01T20:00:46Z</time>
   </trkpt>
   <trkpt lat="42.9444720" lon="-81.3030510">
    <ele>294.4</ele>
    <time>2020-05-01T20:00:47Z</time>
   </trkpt>
   <trkpt lat="42.9444420" lon="-81.3030550">
    <ele>294.3</ele>
    <time>2020-05-01T20:00:48Z</time>
   </trkpt>
   <trkpt lat="42.9444150" lon="-81.3030470">
    <ele>294.2</ele>
    <time>2020-05-01T20:00:49Z</time>
   </trkpt>
   <trkpt lat="42.9443820" lon="-81.3030440">
    <ele>294.1</ele>
    <time>2020-05-01T20:00:50Z</time>
   </trkpt>
   <trkpt lat="42.9443700" lon="-81.3030400">
    <ele>294.1</ele>
    <time>2020-05-01T20:00:51Z</time>
   </trkpt>
   <trkpt lat="42.9443420" lon="-81.3030380">
    <ele>293.9</ele>
    <time>2020-05-01T20:00:52Z</time>
   </trkpt>
   <trkpt lat="42.9443160" lon="-81.3030260">
    <ele>293.9</ele>
    <time>2020-05-01T20:00:53Z</time>
   </trkpt>
   <trkpt lat="42.9442860" lon="-81.3030280">
    <ele>293.8</ele>
    <time>2020-05-01T20:00:54Z</time>
   </trkpt>
   <trkpt lat="42.9442500" lon="-81.3030200">
    <ele>293.8</ele>
    <time>2020-05-01T20:00:55Z</time>
   </trkpt>
   <trkpt lat="42.9442230" lon="-81.3030140">
    <ele>293.6</ele>
    <time>2020-05-01T20:00:56Z</time>
   </trkpt>
   <trkpt lat="42.9441860" lon="-81.3030020">
    <ele>293.4</ele>
    <time>2020-05-01T20:00:57Z</time>
   </trkpt>
   <trkpt lat="42.9441740" lon="-81.3030010">
    <ele>293.4</ele>
    <time>2020-05-01T20:00:58Z</time>
   </trkpt>
   <trkpt lat="42.9441410" lon="-81.3030010">
    <ele>293.2</ele>
    <time>2020-05-01T20:00:59Z</time>
   </trkpt>
   <trkpt lat="42.9441310" lon="-81.3029990">
    <ele>293.2</ele>
    <time>2020-05-01T20:01:00Z</time>
   </trkpt>
   <trkpt lat="42.9441030" lon="-81.3029900">
    <ele>293.1</ele>
    <time>2020-05-01T20:01:01Z</time>
   </trkpt>
   <trkpt lat="42.9440720" lon="-81.3029780">
    <ele>292.9</ele>
    <time>2020-05-01T20:01:02Z</time>
   </trkpt>
   <trkpt lat="42.9440420" lon="-81.3029680">
    <ele>292.8</ele>
    <time>2020-05-01T20:01:03Z</time>
   </trkpt>
   <trkpt lat="42.9440040" lon="-81.3029670">
    <ele>292.7</ele>
    <time>2020-05-01T20:01:04Z</time>
   </trkpt>
   <trkpt lat="42.9439890" lon="-81.3029680">
    <ele>292.6</ele>
    <time>2020-05-01T20:01:05Z</time>
   </trkpt>
   <trkpt lat="42.9439560" lon="-81.3029600">
    <ele>292.5</ele>
    <time>2020-05-01T20:01:06Z</time>
   </trkpt>
   <trkpt lat="42.9439450" lon="-81.3029570">
    <ele>292.5</ele>
    <time>2020-05-01T20:01:07Z</time>
   </trkpt>
   <trkpt lat="42.9439110" lon="-81.3029400">
    <ele>292.3</ele>
    <time>2020-05-01T20:01:08Z</time>
   </trkpt>
   <trkpt lat="42.9439000" lon="-81.3029360">
    <ele>292.3</ele>
    <time>2020-05-01T20:01:09Z</time>
   </trkpt>
   <trkpt lat="42.9438690" lon="-81.3029290">
    <ele>292.1</ele>
    <time>2020-05-01T20:01:10Z</time>
   </trkpt>
   <trkpt lat="42.9438380" lon="-81.3029240">
    <ele>292.0</ele>
    <time>2020-05-01T20:01:11Z</time>
   </trkpt>
   <trkpt lat="42.9438060" lon="-81.3029120">
    <ele>291.9</ele>
    <time>2020-05-01T20:01:12Z</time>
   </trkpt>
   <trkpt lat="42.9437750" lon="-81.3029030">
    <ele>291.7</ele>
    <time>2020-05-01T20:01:13Z</time>
   </trkpt>
   <trkpt lat="42.9437400" lon="-81.3028910">
    <ele>291.6</ele>
    <time>2020-05-01T20:01:14Z</time>
   </trkpt>
   <trkpt lat="42.9437260" lon="-81.3028860">
    <ele>291.5</ele>
    <time>2020-05-01T20:01:15Z</time>
   </trkpt>
   <trkpt lat="42.9436850" lon="-81.3028770">
    <ele>291.3</ele>
    <time>2020-05-01T20:01:16Z</time>
   </trkpt>
   <trkpt lat="42.9436680" lon="-81.3028750">
    <ele>291.3</ele>
    <time>2020-05-01T20:01:17Z</time>
   </trkpt>
   <trkpt lat="42.9436330" lon="-81.3028760">
    <ele>291.1</ele>
    <time>2020-05-01T20:01:18Z</time>
   </trkpt>
   <trkpt lat="42.9436220" lon="-81.3028760">
    <ele>291.1</ele>
    <time>2020-05-01T20:01:19Z</time>
   </trkpt>
   <trkpt lat="42.9435890" lon="-81.3028720">
    <ele>291.0</ele>
    <time>2020-05-01T20:01:20Z</time>
   </trkpt>
   <trkpt lat="42.9435740" lon="-81.3028730">
    <ele>290.9</ele>
    <time>2020-05-01T20:01:21Z</time>
   </trkpt>
   <trkpt lat="42.9435410" lon="-81.3028600">
    <ele>290.8</ele>
    <time>2020-05-01T20:01:22Z</time>
   </trkpt>
   <trkpt lat="42.9435290" lon="-81.3028590">
    <ele>290.8</ele>
    <time>2020-05-01T20:01:23Z</time>
   </trkpt>
   <trkpt lat="42.9434920" lon="-81.3028620">
    <ele>290.6</ele>
    <time>2020-05-01T20:01:24Z</time>
   </trkpt>
   <trkpt lat="42.9434790" lon="-81.3028620">
    <ele>290.6</ele>
    <time>2020-05-01T20:01:25Z</time>
   </trkpt>
   <trkpt lat="42.9434400" lon="-81.3028620">
    <ele>290.5</ele>
    <time>2020-05-01T20:01:26Z</time>
   </trkpt>
   <trkpt lat="42.9434260" lon="-81.3028630">
    <ele>290.4</ele>
    <time>2020-05-01T20:01:27Z</time>
   </trkpt>
   <trkpt lat="42.9433970" lon="-81.3028630">
    <ele>290.3</ele>
    <time>2020-05-01T20:01:28Z</time>
   </trkpt>
   <trkpt lat="42.9433690" lon="-81.3028640">
    <ele>290.2</ele>
    <time>2020-05-01T20:01:29Z</time>
   </trkpt>
   <trkpt lat="42.9433310" lon="-81.3028600">
    <ele>290.1</ele>
    <time>2020-05-01T20:01:30Z</time>
   </trkpt>
   <trkpt lat="42.9433190" lon="-81.3028590">
    <ele>290.1</ele>
    <time>2020-05-01T20:01:31Z</time>
   </trkpt>
   <trkpt lat="42.9432880" lon="-81.3028730">
    <ele>290.1</ele>
    <time>2020-05-01T20:01:32Z</time>
   </trkpt>
   <trkpt lat="42.9432770" lon="-81.3028790">
    <ele>290.0</ele>
    <time>2020-05-01T20:01:33Z</time>
   </trkpt>
   <trkpt lat="42.9432500" lon="-81.3028930">
    <ele>290.0</ele>
    <time>2020-05-01T20:01:34Z</time>
   </trkpt>
   <trkpt lat="42.9432390" lon="-81.3028930">
    <ele>290.0</ele>
    <time>2020-05-01T20:01:35Z</time>
   </trkpt>
   <trkpt lat="42.9431980" lon="-81.3028930">
    <ele>289.9</ele>
    <time>2020-05-01T20:01:36Z</time>
   </trkpt>
   <trkpt lat="42.9431830" lon="-81.3028970">
    <ele>289.9</ele>
    <time>2020-05-01T20:01:37Z</time>
   </trkpt>
   <trkpt lat="42.9431530" lon="-81.3029070">
    <ele>289.8</ele>
    <time>2020-05-01T20:01:38Z</time>
   </trkpt>
   <trkpt lat="42.9431230" lon="-81.3029050">
    <ele>289.8</ele>
    <time>2020-05-01T20:01:39Z</time>
   </trkpt>
   <trkpt lat="42.9430840" lon="-81.3029000">
    <ele>289.7</ele>
    <time>2020-05-01T20:01:40Z</time>
   </trkpt>
   <trkpt lat="42.9430710" lon="-81.3028970">
    <ele>289.7</ele>
    <time>2020-05-01T20:01:41Z</time>
   </trkpt>
   <trkpt lat="42.9430430" lon="-81.3028920">
    <ele>289.7</ele>
    <time>2020-05-01T20:01:42Z</time>
   </trkpt>
   <trkpt lat="42.9430110" lon="-81.3028910">
    <ele>289.7</ele>
    <time>2020-05-01T20:01:43Z</time>
   </trkpt>
   <trkpt lat="42.9429960" lon="-81.3028940">
    <ele>289.6</ele>
    <time>2020-05-01T20:01:44Z</time>
   </trkpt>
   <trkpt lat="42.9429690" lon="-81.3029040">
    <ele>289.6</ele>
    <time>2020-05-01T20:01:45Z</time>
   </trkpt>
   <trkpt lat="42.9429280" lon="-81.3029100">
    <ele>289.6</ele>
    <time>2020-05-01T20:01:46Z</time>
   </trkpt>
   <trkpt lat="42.9429130" lon="-81.3029100">
    <ele>289.6</ele>
    <time>2020-05-01T20:01:47Z</time>
   </trkpt>
   <trkpt lat="42.9428830" lon="-81.3029120">
    <ele>289.6</ele>
    <time>2020-05-01T20:01:48Z</time>
   </trkpt>
   <trkpt lat="42.9428470" lon="-81.3029000">
    <ele>289.5</ele>
    <time>2020-05-01T20:01:49Z</time>
   </trkpt>
   <trkpt lat="42.9428330" lon="-81.3028970">
    <ele>289.5</ele>
    <time>2020-05-01T20:01:50Z</time>
   </trkpt>
   <trkpt lat="42.9427990" lon="-81.3028990">
    <ele>289.5</ele>
    <time>2020-05-01T20:01:51Z</time>
   </trkpt>
   <trkpt lat="42.9427700" lon="-81.3029050">
    <ele>289.5</ele>
    <time>2020-05-01T20:01:52Z</time>
   </trkpt>
   <trkpt lat="42.9427040" lon="-81.3028960">
    <ele>289.4</ele>
    <time>2020-05-01T20:01:53Z</time>
   </trkpt>
   <trkpt lat="42.9426720" lon="-81.3029040">
    <ele>289.4</ele>
    <time>2020-05-01T20:01:54Z</time>
   </trkpt>
   <trkpt lat="42.9426430" lon="-81.3029020">
    <ele>289.4</ele>
    <time>2020-05-01T20:01:55Z</time>
   </trkpt>
   <trkpt lat="42.9426120" lon="-81.3029010">
    <ele>289.3</ele>
    <time>2020-05-01T20:01:56Z</time>
   </trkpt>
   <trkpt lat="42.9425720" lon="-81.3028980">
    <ele>289.3</ele>
    <time>2020-05-01T20:01:57Z</time>
   </trkpt>
   <trkpt lat="42.9425580" lon="-81.3028930">
    <ele>289.3</ele>
    <time>2020-05-01T20:01:58Z</time>
   </trkpt>
   <trkpt lat="42.9425400" lon="-81.3028570">
    <ele>289.2</ele>
    <time>2020-05-01T20:01:59Z</time>
   </trkpt>
   <trkpt lat="42.9425390" lon="-81.3028420">
    <ele>289.2</ele>
    <time>2020-05-01T20:02:00Z</time>
   </trkpt>
   <trkpt lat="42.9425090" lon="-81.3028530">
    <ele>289.2</ele>
    <time>2020-05-01T20:02:01Z</time>
   </trkpt>
   <trkpt lat="42.9424960" lon="-81.3028600">
    <ele>289.2</ele>
    <time>2020-05-01T20:02:02Z</time>
   </trkpt>
   <trkpt lat="42.9424630" lon="-81.3028570">
    <ele>289.1</ele>
    <time>2020-05-01T20:02:03Z</time>
   </trkpt>
   <trkpt lat="42.9424510" lon="-81.3028570">
    <ele>289.1</ele>
    <time>2020-05-01T20:02:04Z</time>
   </trkpt>
   <trkpt lat="42.9424200" lon="-81.3028730">
    <ele>289.1</ele>
    <time>2020-05-01T20:02:05Z</time>
   </trkpt>
   <trkpt lat="42.9424100" lon="-81.3028770">
    <ele>289.1</ele>
    <time>2020-05-01T20:02:06Z</time>
   </trkpt>
   <trkpt lat="42.9423740" lon="-81.3028890">
    <ele>289.0</ele>
    <time>2020-05-01T20:02:07Z</time>
   </trkpt>
   <trkpt lat="42.9423590" lon="-81.3028940">
    <ele>289.0</ele>
    <time>2020-05-01T20:02:08Z</time>
   </trkpt>
   <trkpt lat="42.9423270" lon="-81.3029010">
    <ele>289.0</ele>
    <time>2020-05-01T20:02:09Z</time>
   </trkpt>
   <trkpt lat="42.9422930" lon="-81.3029110">
    <ele>288.9</ele>
    <time>2020-05-01T20:02:10Z</time>
   </trkpt>
   <trkpt lat="42.9422770" lon="-81.3029140">
    <ele>288.9</ele>
    <time>2020-05-01T20:02:11Z</time>
   </trkpt>
   <trkpt lat="42.9422460" lon="-81.3029310">
    <ele>288.8</ele>
    <time>2020-05-01T20:02:12Z</time>
   </trkpt>
   <trkpt lat="42.9422190" lon="-81.3029510">
    <ele>288.8</ele>
    <time>2020-05-01T20:02:13Z</time>
   </trkpt>
   <trkpt lat="42.9421810" lon="-81.3029560">
    <ele>288.8</ele>
    <time>2020-05-01T20:02:14Z</time>
   </trkpt>
   <trkpt lat="42.9421550" lon="-81.3029690">
    <ele>288.7</ele>
    <time>2020-05-01T20:02:15Z</time>
   </trkpt>
   <trkpt lat="42.9421210" lon="-81.3029780">
    <ele>288.7</ele>
    <time>2020-05-01T20:02:16Z</time>
   </trkpt>
   <trkpt lat="42.9421100" lon="-81.3029830">
    <ele>288.7</ele>
    <time>2020-05-01T20:02:17Z</time>
   </trkpt>
   <trkpt lat="42.9420770" lon="-81.3030030">
    <ele>288.6</ele>
    <time>2020-05-01T20:02:18Z</time>
   </trkpt>
   <trkpt lat="42.9420660" lon="-81.3030060">
    <ele>288.6</ele>
    <time>2020-05-01T20:02:19Z</time>
   </trkpt>
   <trkpt lat="42.9420280" lon="-81.3030210">
    <ele>288.6</ele>
    <time>2020-05-01T20:02:20Z</time>
   </trkpt>
   <trkpt lat="42.9420100" lon="-81.3030290">
    <ele>288.5</ele>
    <time>2020-05-01T20:02:21Z</time>
   </trkpt>
   <trkpt lat="42.9419760" lon="-81.3030400">
    <ele>288.5</ele>
    <time>2020-05-01T20:02:22Z</time>
   </trkpt>
   <trkpt lat="42.9419650" lon="-81.3030460">
    <ele>288.5</ele>
    <time>2020-05-01T20:02:23Z</time>
   </trkpt>
   <trkpt lat="42.9419420" lon="-81.3030630">
    <ele>288.5</ele>
    <time>2020-05-01T20:02:24Z</time>
   </trkpt>
   <trkpt lat="42.9419310" lon="-81.3030710">
    <ele>288.5</ele>
    <time>2020-05-01T20:02:25Z</time>
   </trkpt>
   <trkpt lat="42.9418980" lon="-81.3030840">
    <ele>288.4</ele>
    <time>2020-05-01T20:02:26Z</time>
   </trkpt>
   <trkpt lat="42.9418840" lon="-81.3030870">
    <ele>288.4</ele>
    <time>2020-05-01T20:02:27Z</time>
   </trkpt>
   <trkpt lat="42.9418430" lon="-81.3030940">
    <ele>288.4</ele>
    <time>2020-05-01T20:02:28Z</time>
   </trkpt>
   <trkpt lat="42.9418270" lon="-81.3030980">
    <ele>288.4</ele>
    <time>2020-05-01T20:02:29Z</time>
   </trkpt>
   <trkpt lat="42.9418030" lon="-81.3031190">
    <ele>288.4</ele>
    <time>2020-05-01T20:02:30Z</time>
   </trkpt>
   <trkpt lat="42.9417780" lon="-81.3031380">
    <ele>288.4</ele>
    <time>2020-05-01T20:02:31Z</time>
   </trkpt>
   <trkpt lat="42.9417450" lon="-81.3031460">
    <ele>288.3</ele>
    <time>2020-05-01T20:02:32Z</time>
   </trkpt>
   <trkpt lat="42.9417310" lon="-81.3031490">
    <ele>288.3</ele>
    <time>2020-05-01T20:02:33Z</time>
   </trkpt>
   <trkpt lat="42.9417020" lon="-81.3031610">
    <ele>288.3</ele>
    <time>2020-05-01T20:02:34Z</time>
   </trkpt>
   <trkpt lat="42.9416740" lon="-81.3031750">
    <ele>288.3</ele>
    <time>2020-05-01T20:02:35Z</time>
   </trkpt>
   <trkpt lat="42.9416420" lon="-81.3031850">
    <ele>288.3</ele>
    <time>2020-05-01T20:02:36Z</time>
   </trkpt>
   <trkpt lat="42.9416120" lon="-81.3032110">
    <ele>288.3</ele>
    <time>2020-05-01T20:02:37Z</time>
   </trkpt>
   <trkpt lat="42.9416000" lon="-81.3032200">
    <ele>288.3</ele>
    <time>2020-05-01T20:02:38Z</time>
   </trkpt>
   <trkpt lat="42.9415660" lon="-81.3032410">
    <ele>288.3</ele>
    <time>2020-05-01T20:02:39Z</time>
   </trkpt>
   <trkpt lat="42.9415520" lon="-81.3032530">
    <ele>288.2</ele>
    <time>2020-05-01T20:02:40Z</time>
   </trkpt>
   <trkpt lat="42.9415230" lon="-81.3032680">
    <ele>288.2</ele>
    <time>2020-05-01T20:02:41Z</time>
   </trkpt>
   <trkpt lat="42.9415110" lon="-81.3032750">
    <ele>288.2</ele>
    <time>2020-05-01T20:02:42Z</time>
   </trkpt>
   <trkpt lat="42.9414810" lon="-81.3032760">
    <ele>288.2</ele>
    <time>2020-05-01T20:02:43Z</time>
   </trkpt>
   <trkpt lat="42.9414540" lon="-81.3032940">
    <ele>288.2</ele>
    <time>2020-05-01T20:02:44Z</time>
   </trkpt>
   <trkpt lat="42.9414460" lon="-81.3033010">
    <ele>288.2</ele>
    <time>2020-05-01T20:02:45Z</time>
   </trkpt>
   <trkpt lat="42.9414180" lon="-81.3033170">
    <ele>288.2</ele>
    <time>2020-05-01T20:02:46Z</time>
   </trkpt>
   <trkpt lat="42.9413800" lon="-81.3033360">
    <ele>288.2</ele>
    <time>2020-05-01T20:02:47Z</time>
   </trkpt>
   <trkpt lat="42.9413670" lon="-81.3033450">
    <ele>288.1</ele>
    <time>2020-05-01T20:02:48Z</time>
   </trkpt>
   <trkpt lat="42.9413420" lon="-81.3033650">
    <ele>288.1</ele>
    <time>2020-05-01T20:02:49Z</time>
   </trkpt>
   <trkpt lat="42.9413110" lon="-81.3033850">
    <ele>288.1</ele>
    <time>2020-05-01T20:02:50Z</time>
   </trkpt>
   <trkpt lat="42.9413010" lon="-81.3033890">
    <ele>288.1</ele>
    <time>2020-05-01T20:02:51Z</time>
   </trkpt>
   <trkpt lat="42.9412720" lon="-81.3034140">
    <ele>288.0</ele>
    <time>2020-05-01T20:02:52Z</time>
   </trkpt>
   <trkpt lat="42.9412440" lon="-81.3034260">
    <ele>288.0</ele>
    <time>2020-05-01T20:02:53Z</time>
   </trkpt>
   <trkpt lat="42.9412150" lon="-81.3034420">
    <ele>287.9</ele>
    <time>2020-05-01T20:02:54Z</time>
   </trkpt>
   <trkpt lat="42.9411870" lon="-81.3034540">
    <ele>287.9</ele>
    <time>2020-05-01T20:02:55Z</time>
   </trkpt>
   <trkpt lat="42.9411550" lon="-81.3034630">
    <ele>287.8</ele>
    <time>2020-05-01T20:02:56Z</time>
   </trkpt>
   <trkpt lat="42.9411260" lon="-81.3034870">
    <ele>287.8</ele>
    <time>2020-05-01T20:02:57Z</time>
   </trkpt>
   <trkpt lat="42.9411010" lon="-81.3035070">
    <ele>287.7</ele>
    <time>2020-05-01T20:02:58Z</time>
   </trkpt>
   <trkpt lat="42.9410730" lon="-81.3035330">
    <ele>287.7</ele>
    <time>2020-05-01T20:02:59Z</time>
   </trkpt>
   <trkpt lat="42.9410620" lon="-81.3035410">
    <ele>287.7</ele>
    <time>2020-05-01T20:03:00Z</time>
   </trkpt>
   <trkpt lat="42.9410280" lon="-81.3035610">
    <ele>287.6</ele>
    <time>2020-05-01T20:03:01Z</time>
   </trkpt>
   <trkpt lat="42.9410160" lon="-81.3035640">
    <ele>287.6</ele>
    <time>2020-05-01T20:03:02Z</time>
   </trkpt>
   <trkpt lat="42.9409920" lon="-81.3035820">
    <ele>287.6</ele>
    <time>2020-05-01T20:03:03Z</time>
   </trkpt>
   <trkpt lat="42.9409550" lon="-81.3036010">
    <ele>287.6</ele>
    <time>2020-05-01T20:03:04Z</time>
   </trkpt>
   <trkpt lat="42.9409410" lon="-81.3036070">
    <ele>287.6</ele>
    <time>2020-05-01T20:03:05Z</time>
   </trkpt>
   <trkpt lat="42.9409130" lon="-81.3036260">
    <ele>287.6</ele>
    <time>2020-05-01T20:03:06Z</time>
   </trkpt>
   <trkpt lat="42.9409010" lon="-81.3036310">
    <ele>287.6</ele>
    <time>2020-05-01T20:03:07Z</time>
   </trkpt>
   <trkpt lat="42.9408630" lon="-81.3036480">
    <ele>287.6</ele>
    <time>2020-05-01T20:03:08Z</time>
   </trkpt>
   <trkpt lat="42.9408480" lon="-81.3036550">
    <ele>287.6</ele>
    <time>2020-05-01T20:03:09Z</time>
   </trkpt>
   <trkpt lat="42.9408230" lon="-81.3036720">
    <ele>287.6</ele>
    <time>2020-05-01T20:03:10Z</time>
   </trkpt>
   <trkpt lat="42.9407880" lon="-81.3036960">
    <ele>287.6</ele>
    <time>2020-05-01T20:03:11Z</time>
   </trkpt>
   <trkpt lat="42.9407750" lon="-81.3037030">
    <ele>287.6</ele>
    <time>2020-05-01T20:03:12Z</time>
   </trkpt>
   <trkpt lat="42.9407480" lon="-81.3037190">
    <ele>287.5</ele>
    <time>2020-05-01T20:03:13Z</time>
   </trkpt>
   <trkpt lat="42.9407110" lon="-81.3037340">
    <ele>287.3</ele>
    <time>2020-05-01T20:03:14Z</time>
   </trkpt>
   <trkpt lat="42.9406960" lon="-81.3037390">
    <ele>287.3</ele>
    <time>2020-05-01T20:03:15Z</time>
   </trkpt>
   <trkpt lat="42.9406650" lon="-81.3037380">
    <ele>287.2</ele>
    <time>2020-05-01T20:03:16Z</time>
   </trkpt>
   <trkpt lat="42.9406380" lon="-81.3037480">
    <ele>287.2</ele>
    <time>2020-05-01T20:03:17Z</time>
   </trkpt>
   <trkpt lat="42.9406060" lon="-81.3037510">
    <ele>287.1</ele>
    <time>2020-05-01T20:03:18Z</time>
   </trkpt>
   <trkpt lat="42.9405780" lon="-81.3037670">
    <ele>287.1</ele>
    <time>2020-05-01T20:03:19Z</time>
   </trkpt>
   <trkpt lat="42.9405710" lon="-81.3037770">
    <ele>287.1</ele>
    <time>2020-05-01T20:03:20Z</time>
   </trkpt>
   <trkpt lat="42.9405460" lon="-81.3038000">
    <ele>287.1</ele>
    <time>2020-05-01T20:03:21Z</time>
   </trkpt>
   <trkpt lat="42.9405190" lon="-81.3038160">
    <ele>287.0</ele>
    <time>2020-05-01T20:03:22Z</time>
   </trkpt>
   <trkpt lat="42.9404860" lon="-81.3038120">
    <ele>287.0</ele>
    <time>2020-05-01T20:03:23Z</time>
   </trkpt>
   <trkpt lat="42.9404780" lon="-81.3038100">
    <ele>287.0</ele>
    <time>2020-05-01T20:03:24Z</time>
   </trkpt>
   <trkpt lat="42.9404500" lon="-81.3038300">
    <ele>286.9</ele>
    <time>2020-05-01T20:03:25Z</time>
   </trkpt>
   <trkpt lat="42.9404380" lon="-81.3038330">
    <ele>286.9</ele>
    <time>2020-05-01T20:03:26Z</time>
   </trkpt>
   <trkpt lat="42.9404010" lon="-81.3038410">
    <ele>286.8</ele>
    <time>2020-05-01T20:03:27Z</time>
   </trkpt>
   <trkpt lat="42.9403900" lon="-81.3038470">
    <ele>286.8</ele>
    <time>2020-05-01T20:03:28Z</time>
   </trkpt>
   <trkpt lat="42.9403630" lon="-81.3038560">
    <ele>286.7</ele>
    <time>2020-05-01T20:03:29Z</time>
   </trkpt>
   <trkpt lat="42.9403510" lon="-81.3038610">
    <ele>286.7</ele>
    <time>2020-05-01T20:03:30Z</time>
   </trkpt>
   <trkpt lat="42.9403160" lon="-81.3038660">
    <ele>286.6</ele>
    <time>2020-05-01T20:03:31Z</time>
   </trkpt>
   <trkpt lat="42.9402990" lon="-81.3038700">
    <ele>286.5</ele>
    <time>2020-05-01T20:03:32Z</time>
   </trkpt>
   <trkpt lat="42.9402650" lon="-81.3038810">
    <ele>286.4</ele>
    <time>2020-05-01T20:03:33Z</time>
   </trkpt>
   <trkpt lat="42.9402530" lon="-81.3038830">
    <ele>286.4</ele>
    <time>2020-05-01T20:03:34Z</time>
   </trkpt>
   <trkpt lat="42.9402250" lon="-81.3038870">
    <ele>286.3</ele>
    <time>2020-05-01T20:03:35Z</time>
   </trkpt>
   <trkpt lat="42.9401900" lon="-81.3038780">
    <ele>286.2</ele>
    <time>2020-05-01T20:03:36Z</time>
   </trkpt>
   <trkpt lat="42.9401550" lon="-81.3038750">
    <ele>286.0</ele>
    <time>2020-05-01T20:03:37Z</time>
   </trkpt>
   <trkpt lat="42.9401240" lon="-81.3038740">
    <ele>285.9</ele>
    <time>2020-05-01T20:03:38Z</time>
   </trkpt>
   <trkpt lat="42.9400930" lon="-81.3038720">
    <ele>285.8</ele>
    <time>2020-05-01T20:03:39Z</time>
   </trkpt>
   <trkpt lat="42.9400530" lon="-81.3038680">
    <ele>285.7</ele>
    <time>2020-05-01T20:03:40Z</time>
   </trkpt>
   <trkpt lat="42.9400390" lon="-81.3038660">
    <ele>285.7</ele>
    <time>2020-05-01T20:03:41Z</time>
   </trkpt>
   <trkpt lat="42.9400080" lon="-81.3038660">
    <ele>285.6</ele>
    <time>2020-05-01T20:03:42Z</time>
   </trkpt>
   <trkpt lat="42.9399740" lon="-81.3038650">
    <ele>285.5</ele>
    <time>2020-05-01T20:03:43Z</time>
   </trkpt>
   <trkpt lat="42.9399620" lon="-81.3038610">
    <ele>285.4</ele>
    <time>2020-05-01T20:03:44Z</time>
   </trkpt>
   <trkpt lat="42.9399300" lon="-81.3038580">
    <ele>285.3</ele>
    <time>2020-05-01T20:03:45Z</time>
   </trkpt>
   <trkpt lat="42.9399110" lon="-81.3038660">
    <ele>285.3</ele>
    <time>2020-05-01T20:03:46Z</time>
   </trkpt>
   <trkpt lat="42.9398730" lon="-81.3038680">
    <ele>285.2</ele>
    <time>2020-05-01T20:03:47Z</time>
   </trkpt>
   <trkpt lat="42.9398370" lon="-81.3038750">
    <ele>285.1</ele>
    <time>2020-05-01T20:03:48Z</time>
   </trkpt>
   <trkpt lat="42.9397970" lon="-81.3038770">
    <ele>285.0</ele>
    <time>2020-05-01T20:03:49Z</time>
   </trkpt>
   <trkpt lat="42.9397820" lon="-81.3038780">
    <ele>285.0</ele>
    <time>2020-05-01T20:03:50Z</time>
   </trkpt>
   <trkpt lat="42.9397430" lon="-81.3038780">
    <ele>284.9</ele>
    <time>2020-05-01T20:03:51Z</time>
   </trkpt>
   <trkpt lat="42.9397280" lon="-81.3038750">
    <ele>284.9</ele>
    <time>2020-05-01T20:03:52Z</time>
   </trkpt>
   <trkpt lat="42.9396960" lon="-81.3038740">
    <ele>284.9</ele>
    <time>2020-05-01T20:03:53Z</time>
   </trkpt>
   <trkpt lat="42.9396650" lon="-81.3038750">
    <ele>285.0</ele>
    <time>2020-05-01T20:03:54Z</time>
   </trkpt>
   <trkpt lat="42.9396380" lon="-81.3038700">
    <ele>285.0</ele>
    <time>2020-05-01T20:03:55Z</time>
   </trkpt>
   <trkpt lat="42.9396040" lon="-81.3038730">
    <ele>285.0</ele>
    <time>2020-05-01T20:03:56Z</time>
   </trkpt>
   <trkpt lat="42.9395770" lon="-81.3038700">
    <ele>284.9</ele>
    <time>2020-05-01T20:03:57Z</time>
   </trkpt>
   <trkpt lat="42.9395460" lon="-81.3038750">
    <ele>284.9</ele>
    <time>2020-05-01T20:03:58Z</time>
   </trkpt>
   <trkpt lat="42.9395130" lon="-81.3038850">
    <ele>284.9</ele>
    <time>2020-05-01T20:03:59Z</time>
   </trkpt>
   <trkpt lat="42.9394820" lon="-81.3038930">
    <ele>284.8</ele>
    <time>2020-05-01T20:04:00Z</time>
   </trkpt>
   <trkpt lat="42.9394420" lon="-81.3038900">
    <ele>284.7</ele>
    <time>2020-05-01T20:04:01Z</time>
   </trkpt>
   <trkpt lat="42.9394280" lon="-81.3038880">
    <ele>284.7</ele>
    <time>2020-05-01T20:04:02Z</time>
   </trkpt>
   <trkpt lat="42.9394020" lon="-81.3039020">
    <ele>284.7</ele>
    <time>2020-05-01T20:04:03Z</time>
   </trkpt>
   <trkpt lat="42.9393740" lon="-81.3039140">
    <ele>284.6</ele>
    <time>2020-05-01T20:04:04Z</time>
   </trkpt>
   <trkpt lat="42.9393420" lon="-81.3039220">
    <ele>284.5</ele>
    <time>2020-05-01T20:04:05Z</time>
   </trkpt>
   <trkpt lat="42.9393080" lon="-81.3039380">
    <ele>284.5</ele>
    <time>2020-05-01T20:04:06Z</time>
   </trkpt>
   <trkpt lat="42.9392990" lon="-81.3039450">
    <ele>284.5</ele>
    <time>2020-05-01T20:04:07Z</time>
   </trkpt>
   <trkpt lat="42.9392690" lon="-81.3039580">
    <ele>284.4</ele>
    <time>2020-05-01T20:04:09Z</time>
   </trkpt>
   <trkpt lat="42.9392390" lon="-81.3039680">
    <ele>284.3</ele>
    <time>2020-05-01T20:04:10Z</time>
   </trkpt>
   <trkpt lat="42.9392090" lon="-81.3039760">
    <ele>284.3</ele>
    <time>2020-05-01T20:04:11Z</time>
   </trkpt>
   <trkpt lat="42.9391830" lon="-81.3039980">
    <ele>284.2</ele>
    <time>2020-05-01T20:04:12Z</time>
   </trkpt>
   <trkpt lat="42.9391730" lon="-81.3040060">
    <ele>284.2</ele>
    <time>2020-05-01T20:04:13Z</time>
   </trkpt>
   <trkpt lat="42.9391460" lon="-81.3040240">
    <ele>284.1</ele>
    <time>2020-05-01T20:04:14Z</time>
   </trkpt>
   <trkpt lat="42.9391190" lon="-81.3040430">
    <ele>284.1</ele>
    <time>2020-05-01T20:04:15Z</time>
   </trkpt>
   <trkpt lat="42.9390920" lon="-81.3040600">
    <ele>284.0</ele>
    <time>2020-05-01T20:04:16Z</time>
   </trkpt>
   <trkpt lat="42.9390650" lon="-81.3041010">
    <ele>284.0</ele>
    <time>2020-05-01T20:04:17Z</time>
   </trkpt>
   <trkpt lat="42.9390560" lon="-81.3041170">
    <ele>283.9</ele>
    <time>2020-05-01T20:04:18Z</time>
   </trkpt>
   <trkpt lat="42.9390190" lon="-81.3041410">
    <ele>283.9</ele>
    <time>2020-05-01T20:04:19Z</time>
   </trkpt>
   <trkpt lat="42.9390060" lon="-81.3041520">
    <ele>283.9</ele>
    <time>2020-05-01T20:04:20Z</time>
   </trkpt>
   <trkpt lat="42.9389730" lon="-81.3041810">
    <ele>283.8</ele>
    <time>2020-05-01T20:04:21Z</time>
   </trkpt>
   <trkpt lat="42.9389630" lon="-81.3041940">
    <ele>283.8</ele>
    <time>2020-05-01T20:04:22Z</time>
   </trkpt>
   <trkpt lat="42.9389340" lon="-81.3042250">
    <ele>283.8</ele>
    <time>2020-05-01T20:04:23Z</time>
   </trkpt>
   <trkpt lat="42.9389110" lon="-81.3042630">
    <ele>283.7</ele>
    <time>2020-05-01T20:04:24Z</time>
   </trkpt>
   <trkpt lat="42.9389020" lon="-81.3042760">
    <ele>283.7</ele>
    <time>2020-05-01T20:04:25Z</time>
   </trkpt>
   <trkpt lat="42.9388850" lon="-81.3043060">
    <ele>283.7</ele>
    <time>2020-05-01T20:04:26Z</time>
   </trkpt>
   <trkpt lat="42.9388640" lon="-81.3043360">
    <ele>283.7</ele>
    <time>2020-05-01T20:04:27Z</time>
   </trkpt>
   <trkpt lat="42.9388470" lon="-81.3043710">
    <ele>283.6</ele>
    <time>2020-05-01T20:04:28Z</time>
   </trkpt>
   <trkpt lat="42.9388280" lon="-81.3043990">
    <ele>283.6</ele>
    <time>2020-05-01T20:04:29Z</time>
   </trkpt>
   <trkpt lat="42.9388090" lon="-81.3044450">
    <ele>283.6</ele>
    <time>2020-05-01T20:04:30Z</time>
   </trkpt>
   <trkpt lat="42.9388020" lon="-81.3044610">
    <ele>283.6</ele>
    <time>2020-05-01T20:04:31Z</time>
   </trkpt>
   <trkpt lat="42.9387900" lon="-81.3044970">
    <ele>283.5</ele>
    <time>2020-05-01T20:04:32Z</time>
   </trkpt>
   <trkpt lat="42.9387720" lon="-81.3045340">
    <ele>283.5</ele>
    <time>2020-05-01T20:04:33Z</time>
   </trkpt>
   <trkpt lat="42.9387510" lon="-81.3045570">
    <ele>283.5</ele>
    <time>2020-05-01T20:04:34Z</time>
   </trkpt>
   <trkpt lat="42.9387390" lon="-81.3045970">
    <ele>283.4</ele>
    <time>2020-05-01T20:04:35Z</time>
   </trkpt>
   <trkpt lat="42.9387350" lon="-81.3046060">
    <ele>283.4</ele>
    <time>2020-05-01T20:04:36Z</time>
   </trkpt>
   <trkpt lat="42.9387130" lon="-81.3046360">
    <ele>283.4</ele>
    <time>2020-05-01T20:04:37Z</time>
   </trkpt>
   <trkpt lat="42.9387070" lon="-81.3046450">
    <ele>283.4</ele>
    <time>2020-05-01T20:04:38Z</time>
   </trkpt>
   <trkpt lat="42.9386850" lon="-81.3046900">
    <ele>283.4</ele>
    <time>2020-05-01T20:04:39Z</time>
   </trkpt>
   <trkpt lat="42.9386800" lon="-81.3047080">
    <ele>283.4</ele>
    <time>2020-05-01T20:04:40Z</time>
   </trkpt>
   <trkpt lat="42.9386680" lon="-81.3047530">
    <ele>283.4</ele>
    <time>2020-05-01T20:04:41Z</time>
   </trkpt>
   <trkpt lat="42.9386610" lon="-81.3047670">
    <ele>283.4</ele>
    <time>2020-05-01T20:04:42Z</time>
   </trkpt>
   <trkpt lat="42.9386480" lon="-81.3048010">
    <ele>283.4</ele>
    <time>2020-05-01T20:04:43Z</time>
   </trkpt>
   <trkpt lat="42.9386380" lon="-81.3048110">
    <ele>283.4</ele>
    <time>2020-05-01T20:04:44Z</time>
   </trkpt>
   <trkpt lat="42.9386270" lon="-81.3048530">
    <ele>283.4</ele>
    <time>2020-05-01T20:04:45Z</time>
   </trkpt>
   <trkpt lat="42.9386200" lon="-81.3048660">
    <ele>283.4</ele>
    <time>2020-05-01T20:04:46Z</time>
   </trkpt>
   <trkpt lat="42.9386160" lon="-81.3049120">
    <ele>283.4</ele>
    <time>2020-05-01T20:04:47Z</time>
   </trkpt>
   <trkpt lat="42.9386170" lon="-81.3049300">
    <ele>283.4</ele>
    <time>2020-05-01T20:04:48Z</time>
   </trkpt>
   <trkpt lat="42.9386110" lon="-81.3049760">
    <ele>283.5</ele>
    <time>2020-05-01T20:04:49Z</time>
   </trkpt>
   <trkpt lat="42.9386050" lon="-81.3049870">
    <ele>283.5</ele>
    <time>2020-05-01T20:04:50Z</time>
   </trkpt>
   <trkpt lat="42.9386010" lon="-81.3050240">
    <ele>283.5</ele>
    <time>2020-05-01T20:04:51Z</time>
   </trkpt>
   <trkpt lat="42.9386000" lon="-81.3050740">
    <ele>283.6</ele>
    <time>2020-05-01T20:04:52Z</time>
   </trkpt>
   <trkpt lat="42.9386010" lon="-81.3050890">
    <ele>283.6</ele>
    <time>2020-05-01T20:04:53Z</time>
   </trkpt>
   <trkpt lat="42.9386030" lon="-81.3051260">
    <ele>283.7</ele>
    <time>2020-05-01T20:04:54Z</time>
   </trkpt>
   <trkpt lat="42.9385960" lon="-81.3051720">
    <ele>283.7</ele>
    <time>2020-05-01T20:04:55Z</time>
   </trkpt>
   <trkpt lat="42.9385930" lon="-81.3051900">
    <ele>283.7</ele>
    <time>2020-05-01T20:04:56Z</time>
   </trkpt>
   <trkpt lat="42.9385880" lon="-81.3052300">
    <ele>283.8</ele>
    <time>2020-05-01T20:04:57Z</time>
   </trkpt>
   <trkpt lat="42.9385800" lon="-81.3052410">
    <ele>283.8</ele>
    <time>2020-05-01T20:04:58Z</time>
   </trkpt>
   <trkpt lat="42.9385710" lon="-81.3052760">
    <ele>283.9</ele>
    <time>2020-05-01T20:04:59Z</time>
   </trkpt>
   <trkpt lat="42.9385740" lon="-81.3053260">
    <ele>283.9</ele>
    <time>2020-05-01T20:05:00Z</time>
   </trkpt>
   <trkpt lat="42.9385740" lon="-81.3053420">
    <ele>283.9</ele>
    <time>2020-05-01T20:05:01Z</time>
   </trkpt>
   <trkpt lat="42.9385680" lon="-81.3053880">
    <ele>283.9</ele>
    <time>2020-05-01T20:05:02Z</time>
   </trkpt>
   <trkpt lat="42.9385620" lon="-81.3054280">
    <ele>283.9</ele>
    <time>2020-05-01T20:05:03Z</time>
   </trkpt>
   <trkpt lat="42.9385520" lon="-81.3054770">
    <ele>284.0</ele>
    <time>2020-05-01T20:05:04Z</time>
   </trkpt>
   <trkpt lat="42.9385480" lon="-81.3054930">
    <ele>284.1</ele>
    <time>2020-05-01T20:05:05Z</time>
   </trkpt>
   <trkpt lat="42.9385440" lon="-81.3055440">
    <ele>284.2</ele>
    <time>2020-05-01T20:05:06Z</time>
   </trkpt>
   <trkpt lat="42.9385420" lon="-81.3055620">
    <ele>284.3</ele>
    <time>2020-05-01T20:05:07Z</time>
   </trkpt>
   <trkpt lat="42.9385420" lon="-81.3056050">
    <ele>284.4</ele>
    <time>2020-05-01T20:05:08Z</time>
   </trkpt>
   <trkpt lat="42.9385440" lon="-81.3056220">
    <ele>284.4</ele>
    <time>2020-05-01T20:05:09Z</time>
   </trkpt>
   <trkpt lat="42.9385400" lon="-81.3056690">
    <ele>284.6</ele>
    <time>2020-05-01T20:05:10Z</time>
   </trkpt>
   <trkpt lat="42.9385390" lon="-81.3056810">
    <ele>284.6</ele>
    <time>2020-05-01T20:05:11Z</time>
   </trkpt>
   <trkpt lat="42.9385240" lon="-81.3057150">
    <ele>284.8</ele>
    <time>2020-05-01T20:05:12Z</time>
   </trkpt>
   <trkpt lat="42.9385190" lon="-81.3057250">
    <ele>284.8</ele>
    <time>2020-05-01T20:05:13Z</time>
   </trkpt>
   <trkpt lat="42.9385110" lon="-81.3057640">
    <ele>284.9</ele>
    <time>2020-05-01T20:05:14Z</time>
   </trkpt>
   <trkpt lat="42.9385100" lon="-81.3057780">
    <ele>285.0</ele>
    <time>2020-05-01T20:05:15Z</time>
   </trkpt>
   <trkpt lat="42.9385090" lon="-81.3058150">
    <ele>285.1</ele>
    <time>2020-05-01T20:05:16Z</time>
   </trkpt>
   <trkpt lat="42.9385180" lon="-81.3058610">
    <ele>285.3</ele>
    <time>2020-05-01T20:05:17Z</time>
   </trkpt>
   <trkpt lat="42.9385240" lon="-81.3058790">
    <ele>285.3</ele>
    <time>2020-05-01T20:05:18Z</time>
   </trkpt>
   <trkpt lat="42.9385400" lon="-81.3059120">
    <ele>285.5</ele>
    <time>2020-05-01T20:05:19Z</time>
   </trkpt>
   <trkpt lat="42.9385500" lon="-81.3059530">
    <ele>285.6</ele>
    <time>2020-05-01T20:05:20Z</time>
   </trkpt>
   <trkpt lat="42.9385570" lon="-81.3060020">
    <ele>285.8</ele>
    <time>2020-05-01T20:05:21Z</time>
   </trkpt>
   <trkpt lat="42.9385500" lon="-81.3060410">
    <ele>285.9</ele>
    <time>2020-05-01T20:05:22Z</time>
   </trkpt>
   <trkpt lat="42.9385350" lon="-81.3060770">
    <ele>286.0</ele>
    <time>2020-05-01T20:05:23Z</time>
   </trkpt>
   <trkpt lat="42.9385240" lon="-81.3061140">
    <ele>286.2</ele>
    <time>2020-05-01T20:05:24Z</time>
   </trkpt>
   <trkpt lat="42.9385170" lon="-81.3061630">
    <ele>286.3</ele>
    <time>2020-05-01T20:05:25Z</time>
   </trkpt>
   <trkpt lat="42.9385170" lon="-81.3061780">
    <ele>286.3</ele>
    <time>2020-05-01T20:05:26Z</time>
   </trkpt>
   <trkpt lat="42.9385240" lon="-81.3062270">
    <ele>286.5</ele>
    <time>2020-05-01T20:05:27Z</time>
   </trkpt>
   <trkpt lat="42.9385290" lon="-81.3062410">
    <ele>286.5</ele>
    <time>2020-05-01T20:05:28Z</time>
   </trkpt>
   <trkpt lat="42.9385370" lon="-81.3062760">
    <ele>286.6</ele>
    <time>2020-05-01T20:05:29Z</time>
   </trkpt>
   <trkpt lat="42.9385480" lon="-81.3063280">
    <ele>286.8</ele>
    <time>2020-05-01T20:05:30Z</time>
   </trkpt>
   <trkpt lat="42.9385530" lon="-81.3063490">
    <ele>286.8</ele>
    <time>2020-05-01T20:05:31Z</time>
   </trkpt>
   <trkpt lat="42.9385550" lon="-81.3063870">
    <ele>286.9</ele>
    <time>2020-05-01T20:05:32Z</time>
   </trkpt>
   <trkpt lat="42.9385730" lon="-81.3064290">
    <ele>287.1</ele>
    <time>2020-05-01T20:05:33Z</time>
   </trkpt>
   <trkpt lat="42.9385790" lon="-81.3064400">
    <ele>287.1</ele>
    <time>2020-05-01T20:05:34Z</time>
   </trkpt>
   <trkpt lat="42.9385940" lon="-81.3064900">
    <ele>287.2</ele>
    <time>2020-05-01T20:05:35Z</time>
   </trkpt>
   <trkpt lat="42.9385990" lon="-81.3065110">
    <ele>287.2</ele>
    <time>2020-05-01T20:05:36Z</time>
   </trkpt>
   <trkpt lat="42.9386090" lon="-81.3065470">
    <ele>287.3</ele>
    <time>2020-05-01T20:05:37Z</time>
   </trkpt>
   <trkpt lat="42.9386180" lon="-81.3065970">
    <ele>287.4</ele>
    <time>2020-05-01T20:05:38Z</time>
   </trkpt>
   <trkpt lat="42.9386240" lon="-81.3066110">
    <ele>287.4</ele>
    <time>2020-05-01T20:05:39Z</time>
   </trkpt>
   <trkpt lat="42.9386270" lon="-81.3066480">
    <ele>287.5</ele>
    <time>2020-05-01T20:05:40Z</time>
   </trkpt>
   <trkpt lat="42.9386320" lon="-81.3066960">
    <ele>287.5</ele>
    <time>2020-05-01T20:05:41Z</time>
   </trkpt>
   <trkpt lat="42.9386350" lon="-81.3067140">
    <ele>287.6</ele>
    <time>2020-05-01T20:05:42Z</time>
   </trkpt>
   <trkpt lat="42.9386430" lon="-81.3067680">
    <ele>287.6</ele>
    <time>2020-05-01T20:05:43Z</time>
   </trkpt>
   <trkpt lat="42.9386440" lon="-81.3067890">
    <ele>287.6</ele>
    <time>2020-05-01T20:05:44Z</time>
   </trkpt>
   <trkpt lat="42.9386380" lon="-81.3068410">
    <ele>287.6</ele>
    <time>2020-05-01T20:05:45Z</time>
   </trkpt>
   <trkpt lat="42.9386320" lon="-81.3068560">
    <ele>287.6</ele>
    <time>2020-05-01T20:05:46Z</time>
   </trkpt>
   <trkpt lat="42.9386250" lon="-81.3069010">
    <ele>287.6</ele>
    <time>2020-05-01T20:05:47Z</time>
   </trkpt>
   <trkpt lat="42.9386230" lon="-81.3069180">
    <ele>287.6</ele>
    <time>2020-05-01T20:05:48Z</time>
   </trkpt>
   <trkpt lat="42.9386290" lon="-81.3069630">
    <ele>287.5</ele>
    <time>2020-05-01T20:05:49Z</time>
   </trkpt>
   <trkpt lat="42.9386310" lon="-81.3069740">
    <ele>287.5</ele>
    <time>2020-05-01T20:05:50Z</time>
   </trkpt>
   <trkpt lat="42.9386310" lon="-81.3070130">
    <ele>287.5</ele>
    <time>2020-05-01T20:05:51Z</time>
   </trkpt>
   <trkpt lat="42.9386260" lon="-81.3070570">
    <ele>287.5</ele>
    <time>2020-05-01T20:05:52Z</time>
   </trkpt>
   <trkpt lat="42.9386240" lon="-81.3070700">
    <ele>287.4</ele>
    <time>2020-05-01T20:05:53Z</time>
   </trkpt>
   <trkpt lat="42.9386230" lon="-81.3071140">
    <ele>287.4</ele>
    <time>2020-05-01T20:05:54Z</time>
   </trkpt>
   <trkpt lat="42.9386240" lon="-81.3071270">
    <ele>287.4</ele>
    <time>2020-05-01T20:05:55Z</time>
   </trkpt>
   <trkpt lat="42.9386180" lon="-81.3071730">
    <ele>287.3</ele>
    <time>2020-05-01T20:05:56Z</time>
   </trkpt>
   <trkpt lat="42.9386140" lon="-81.3071890">
    <ele>287.3</ele>
    <time>2020-05-01T20:05:57Z</time>
   </trkpt>
   <trkpt lat="42.9386040" lon="-81.3072400">
    <ele>287.3</ele>
    <time>2020-05-01T20:05:58Z</time>
   </trkpt>
   <trkpt lat="42.9386020" lon="-81.3072570">
    <ele>287.3</ele>
    <time>2020-05-01T20:05:59Z</time>
   </trkpt>
   <trkpt lat="42.9386010" lon="-81.3073110">
    <ele>287.2</ele>
    <time>2020-05-01T20:06:00Z</time>
   </trkpt>
   <trkpt lat="42.9385980" lon="-81.3073310">
    <ele>287.2</ele>
    <time>2020-05-01T20:06:01Z</time>
   </trkpt>
   <trkpt lat="42.9386000" lon="-81.3073860">
    <ele>287.2</ele>
    <time>2020-05-01T20:06:02Z</time>
   </trkpt>
   <trkpt lat="42.9386000" lon="-81.3074070">
    <ele>287.1</ele>
    <time>2020-05-01T20:06:03Z</time>
   </trkpt>
   <trkpt lat="42.9385920" lon="-81.3074300">
    <ele>287.1</ele>
    <time>2020-05-01T20:06:04Z</time>
   </trkpt>
   <trkpt lat="42.9385910" lon="-81.3074550">
    <ele>287.1</ele>
    <time>2020-05-01T20:06:05Z</time>
   </trkpt>
   <trkpt lat="42.9385850" lon="-81.3075040">
    <ele>287.0</ele>
    <time>2020-05-01T20:06:06Z</time>
   </trkpt>
   <trkpt lat="42.9385830" lon="-81.3075180">
    <ele>287.0</ele>
    <time>2020-05-01T20:06:07Z</time>
   </trkpt>
   <trkpt lat="42.9385770" lon="-81.3075630">
    <ele>287.0</ele>
    <time>2020-05-01T20:06:08Z</time>
   </trkpt>
   <trkpt lat="42.9385660" lon="-81.3076010">
    <ele>286.9</ele>
    <time>2020-05-01T20:06:09Z</time>
   </trkpt>
   <trkpt lat="42.9385500" lon="-81.3076470">
    <ele>286.9</ele>
    <time>2020-05-01T20:06:10Z</time>
   </trkpt>
   <trkpt lat="42.9385400" lon="-81.3076820">
    <ele>286.8</ele>
    <time>2020-05-01T20:06:11Z</time>
   </trkpt>
   <trkpt lat="42.9385330" lon="-81.3077200">
    <ele>286.8</ele>
    <time>2020-05-01T20:06:12Z</time>
   </trkpt>
   <trkpt lat="42.9385320" lon="-81.3077610">
    <ele>286.8</ele>
    <time>2020-05-01T20:06:13Z</time>
   </trkpt>
   <trkpt lat="42.9385330" lon="-81.3078140">
    <ele>286.7</ele>
    <time>2020-05-01T20:06:14Z</time>
   </trkpt>
   <trkpt lat="42.9385330" lon="-81.3078310">
    <ele>286.7</ele>
    <time>2020-05-01T20:06:15Z</time>
   </trkpt>
   <trkpt lat="42.9385320" lon="-81.3078740">
    <ele>286.7</ele>
    <time>2020-05-01T20:06:16Z</time>
   </trkpt>
   <trkpt lat="42.9385260" lon="-81.3079160">
    <ele>286.6</ele>
    <time>2020-05-01T20:06:17Z</time>
   </trkpt>
   <trkpt lat="42.9385250" lon="-81.3079530">
    <ele>286.6</ele>
    <time>2020-05-01T20:06:18Z</time>
   </trkpt>
   <trkpt lat="42.9385170" lon="-81.3079950">
    <ele>286.6</ele>
    <time>2020-05-01T20:06:19Z</time>
   </trkpt>
   <trkpt lat="42.9385120" lon="-81.3080520">
    <ele>286.6</ele>
    <time>2020-05-01T20:06:20Z</time>
   </trkpt>
   <trkpt lat="42.9385110" lon="-81.3080730">
    <ele>286.5</ele>
    <time>2020-05-01T20:06:21Z</time>
   </trkpt>
   <trkpt lat="42.9385100" lon="-81.3081240">
    <ele>286.5</ele>
    <time>2020-05-01T20:06:22Z</time>
   </trkpt>
   <trkpt lat="42.9385070" lon="-81.3081370">
    <ele>286.5</ele>
    <time>2020-05-01T20:06:23Z</time>
   </trkpt>
   <trkpt lat="42.9384950" lon="-81.3081740">
    <ele>286.4</ele>
    <time>2020-05-01T20:06:24Z</time>
   </trkpt>
   <trkpt lat="42.9384930" lon="-81.3082280">
    <ele>286.4</ele>
    <time>2020-05-01T20:06:25Z</time>
   </trkpt>
   <trkpt lat="42.9384940" lon="-81.3082470">
    <ele>286.4</ele>
    <time>2020-05-01T20:06:26Z</time>
   </trkpt>
   <trkpt lat="42.9384960" lon="-81.3082840">
    <ele>286.3</ele>
    <time>2020-05-01T20:06:27Z</time>
   </trkpt>
   <trkpt lat="42.9384860" lon="-81.3083320">
    <ele>286.2</ele>
    <time>2020-05-01T20:06:28Z</time>
   </trkpt>
   <trkpt lat="42.9384840" lon="-81.3083470">
    <ele>286.2</ele>
    <time>2020-05-01T20:06:29Z</time>
   </trkpt>
   <trkpt lat="42.9384740" lon="-81.3083980">
    <ele>286.1</ele>
    <time>2020-05-01T20:06:30Z</time>
   </trkpt>
   <trkpt lat="42.9384700" lon="-81.3084150">
    <ele>286.1</ele>
    <time>2020-05-01T20:06:31Z</time>
   </trkpt>
   <trkpt lat="42.9384640" lon="-81.3084600">
    <ele>286.0</ele>
    <time>2020-05-01T20:06:32Z</time>
   </trkpt>
   <trkpt lat="42.9384610" lon="-81.3084710">
    <ele>286.0</ele>
    <time>2020-05-01T20:06:33Z</time>
   </trkpt>
   <trkpt lat="42.9384530" lon="-81.3085310">
    <ele>285.9</ele>
    <time>2020-05-01T20:06:34Z</time>
   </trkpt>
   <trkpt lat="42.9384510" lon="-81.3085550">
    <ele>285.9</ele>
    <time>2020-05-01T20:06:35Z</time>
   </trkpt>
   <trkpt lat="42.9384460" lon="-81.3085950">
    <ele>285.8</ele>
    <time>2020-05-01T20:06:36Z</time>
   </trkpt>
   <trkpt lat="42.9384320" lon="-81.3086340">
    <ele>285.7</ele>
    <time>2020-05-01T20:06:37Z</time>
   </trkpt>
   <trkpt lat="42.9384250" lon="-81.3086440">
    <ele>285.7</ele>
    <time>2020-05-01T20:06:38Z</time>
   </trkpt>
   <trkpt lat="42.9384200" lon="-81.3086840">
    <ele>285.6</ele>
    <time>2020-05-01T20:06:39Z</time>
   </trkpt>
   <trkpt lat="42.9384180" lon="-81.3086990">
    <ele>285.6</ele>
    <time>2020-05-01T20:06:40Z</time>
   </trkpt>
   <trkpt lat="42.9384110" lon="-81.3087360">
    <ele>285.5</ele>
    <time>2020-05-01T20:06:41Z</time>
   </trkpt>
   <trkpt lat="42.9383940" lon="-81.3087790">
    <ele>285.5</ele>
    <time>2020-05-01T20:06:42Z</time>
   </trkpt>
   <trkpt lat="42.9383890" lon="-81.3087920">
    <ele>285.4</ele>
    <time>2020-05-01T20:06:43Z</time>
   </trkpt>
   <trkpt lat="42.9383640" lon="-81.3088190">
    <ele>285.0</ele>
    <time>2020-05-01T20:06:44Z</time>
   </trkpt>
   <trkpt lat="42.9383390" lon="-81.3088350">
    <ele>285.0</ele>
    <time>2020-05-01T20:06:45Z</time>
   </trkpt>
   <trkpt lat="42.9383050" lon="-81.3088290">
    <ele>284.9</ele>
    <time>2020-05-01T20:06:46Z</time>
   </trkpt>
   <trkpt lat="42.9382930" lon="-81.3088250">
    <ele>284.9</ele>
    <time>2020-05-01T20:06:47Z</time>
   </trkpt>
   <trkpt lat="42.9382550" lon="-81.3088180">
    <ele>284.8</ele>
    <time>2020-05-01T20:06:48Z</time>
   </trkpt>
   <trkpt lat="42.9382420" lon="-81.3088170">
    <ele>284.8</ele>
    <time>2020-05-01T20:06:49Z</time>
   </trkpt>
   <trkpt lat="42.9382050" lon="-81.3088160">
    <ele>284.7</ele>
    <time>2020-05-01T20:06:50Z</time>
   </trkpt>
   <trkpt lat="42.9381930" lon="-81.3088160">
    <ele>284.6</ele>
    <time>2020-05-01T20:06:51Z</time>
   </trkpt>
   <trkpt lat="42.9381610" lon="-81.3088100">
    <ele>284.5</ele>
    <time>2020-05-01T20:06:52Z</time>
   </trkpt>
   <trkpt lat="42.9381300" lon="-81.3088070">
    <ele>284.4</ele>
    <time>2020-05-01T20:06:53Z</time>
   </trkpt>
   <trkpt lat="42.9381000" lon="-81.3087990">
    <ele>284.3</ele>
    <time>2020-05-01T20:06:54Z</time>
   </trkpt>
   <trkpt lat="42.9380660" lon="-81.3087850">
    <ele>284.2</ele>
    <time>2020-05-01T20:06:55Z</time>
   </trkpt>
   <trkpt lat="42.9380560" lon="-81.3087830">
    <ele>284.2</ele>
    <time>2020-05-01T20:06:56Z</time>
   </trkpt>
   <trkpt lat="42.9380180" lon="-81.3087780">
    <ele>284.1</ele>
    <time>2020-05-01T20:06:57Z</time>
   </trkpt>
   <trkpt lat="42.9380040" lon="-81.3087760">
    <ele>284.1</ele>
    <time>2020-05-01T20:06:58Z</time>
   </trkpt>
   <trkpt lat="42.9379790" lon="-81.3087630">
    <ele>284.0</ele>
    <time>2020-05-01T20:06:59Z</time>
   </trkpt>
   <trkpt lat="42.9379450" lon="-81.3087550">
    <ele>283.9</ele>
    <time>2020-05-01T20:07:00Z</time>
   </trkpt>
   <trkpt lat="42.9379320" lon="-81.3087520">
    <ele>283.8</ele>
    <time>2020-05-01T20:07:01Z</time>
   </trkpt>
   <trkpt lat="42.9378960" lon="-81.3087410">
    <ele>283.7</ele>
    <time>2020-05-01T20:07:02Z</time>
   </trkpt>
   <trkpt lat="42.9378850" lon="-81.3087390">
    <ele>283.7</ele>
    <time>2020-05-01T20:07:03Z</time>
   </trkpt>
   <trkpt lat="42.9378550" lon="-81.3087340">
    <ele>283.6</ele>
    <time>2020-05-01T20:07:04Z</time>
   </trkpt>
   <trkpt lat="42.9378130" lon="-81.3087170">
    <ele>283.5</ele>
    <time>2020-05-01T20:07:05Z</time>
   </trkpt>
   <trkpt lat="42.9377960" lon="-81.3087090">
    <ele>283.4</ele>
    <time>2020-05-01T20:07:06Z</time>
   </trkpt>
   <trkpt lat="42.9377610" lon="-81.3087030">
    <ele>283.3</ele>
    <time>2020-05-01T20:07:07Z</time>
   </trkpt>
   <trkpt lat="42.9377480" lon="-81.3086980">
    <ele>283.3</ele>
    <time>2020-05-01T20:07:08Z</time>
   </trkpt>
   <trkpt lat="42.9377190" lon="-81.3086910">
    <ele>283.2</ele>
    <time>2020-05-01T20:07:09Z</time>
   </trkpt>
   <trkpt lat="42.9376890" lon="-81.3086860">
    <ele>283.1</ele>
    <time>2020-05-01T20:07:10Z</time>
   </trkpt>
   <trkpt lat="42.9376470" lon="-81.3086750">
    <ele>283.0</ele>
    <time>2020-05-01T20:07:11Z</time>
   </trkpt>
   <trkpt lat="42.9376070" lon="-81.3086650">
    <ele>282.9</ele>
    <time>2020-05-01T20:07:12Z</time>
   </trkpt>
   <trkpt lat="42.9375920" lon="-81.3086630">
    <ele>282.9</ele>
    <time>2020-05-01T20:07:13Z</time>
   </trkpt>
   <trkpt lat="42.9375550" lon="-81.3086580">
    <ele>282.8</ele>
    <time>2020-05-01T20:07:14Z</time>
   </trkpt>
   <trkpt lat="42.9375420" lon="-81.3086570">
    <ele>282.8</ele>
    <time>2020-05-01T20:07:15Z</time>
   </trkpt>
   <trkpt lat="42.9375070" lon="-81.3086490">
    <ele>282.8</ele>
    <time>2020-05-01T20:07:16Z</time>
   </trkpt>
   <trkpt lat="42.9374950" lon="-81.3086470">
    <ele>282.8</ele>
    <time>2020-05-01T20:07:17Z</time>
   </trkpt>
   <trkpt lat="42.9374600" lon="-81.3086450">
    <ele>282.7</ele>
    <time>2020-05-01T20:07:18Z</time>
   </trkpt>
   <trkpt lat="42.9374490" lon="-81.3086430">
    <ele>282.7</ele>
    <time>2020-05-01T20:07:19Z</time>
   </trkpt>
   <trkpt lat="42.9374120" lon="-81.3086360">
    <ele>282.7</ele>
    <time>2020-05-01T20:07:20Z</time>
   </trkpt>
   <trkpt lat="42.9374010" lon="-81.3086320">
    <ele>282.7</ele>
    <time>2020-05-01T20:07:21Z</time>
   </trkpt>
   <trkpt lat="42.9373630" lon="-81.3086230">
    <ele>282.6</ele>
    <time>2020-05-01T20:07:22Z</time>
   </trkpt>
   <trkpt lat="42.9373500" lon="-81.3086190">
    <ele>282.6</ele>
    <time>2020-05-01T20:07:23Z</time>
   </trkpt>
   <trkpt lat="42.9373120" lon="-81.3086190">
    <ele>282.6</ele>
    <time>2020-05-01T20:07:24Z</time>
   </trkpt>
   <trkpt lat="42.9372990" lon="-81.3086160">
    <ele>282.6</ele>
    <time>2020-05-01T20:07:25Z</time>
   </trkpt>
   <trkpt lat="42.9372670" lon="-81.3086090">
    <ele>282.5</ele>
    <time>2020-05-01T20:07:26Z</time>
   </trkpt>
   <trkpt lat="42.9372530" lon="-81.3086050">
    <ele>282.5</ele>
    <time>2020-05-01T20:07:27Z</time>
   </trkpt>
   <trkpt lat="42.9372260" lon="-81.3085970">
    <ele>282.5</ele>
    <time>2020-05-01T20:07:28Z</time>
   </trkpt>
   <trkpt lat="42.9371990" lon="-81.3085800">
    <ele>282.5</ele>
    <time>2020-05-01T20:07:29Z</time>
   </trkpt>
   <trkpt lat="42.9371880" lon="-81.3085750">
    <ele>282.5</ele>
    <time>2020-05-01T20:07:30Z</time>
   </trkpt>
   <trkpt lat="42.9371720" lon="-81.3085740">
    <ele>282.5</ele>
    <time>2020-05-01T20:07:31Z</time>
   </trkpt>
   <trkpt lat="42.9371520" lon="-81.3085650">
    <ele>282.5</ele>
    <time>2020-05-01T20:07:32Z</time>
   </trkpt>
   <trkpt lat="42.9371360" lon="-81.3085590">
    <ele>282.5</ele>
    <time>2020-05-01T20:07:33Z</time>
   </trkpt>
   <trkpt lat="42.9371250" lon="-81.3085480">
    <ele>282.5</ele>
    <time>2020-05-01T20:07:34Z</time>
   </trkpt>
   <trkpt lat="42.9371200" lon="-81.3085400">
    <ele>282.5</ele>
    <time>2020-05-01T20:07:35Z</time>
   </trkpt>
   <trkpt lat="42.9371120" lon="-81.3085390">
    <ele>282.5</ele>
    <time>2020-05-01T20:07:36Z</time>
   </trkpt>
   <trkpt lat="42.9371100" lon="-81.3085390">
    <ele>282.5</ele>
    <time>2020-05-01T20:07:37Z</time>
   </trkpt>
   <trkpt lat="42.9371080" lon="-81.3085390">
    <ele>282.5</ele>
    <time>2020-05-01T20:07:38Z</time>
   </trkpt>
   <trkpt lat="42.9371080" lon="-81.3085410">
    <ele>282.5</ele>
    <time>2020-05-01T20:07:39Z</time>
   </trkpt>
   <trkpt lat="42.9371090" lon="-81.3085420">
    <ele>282.5</ele>
    <time>2020-05-01T20:07:40Z</time>
   </trkpt>
   <trkpt lat="42.9371100" lon="-81.3085410">
    <ele>282.5</ele>
    <time>2020-05-01T20:07:41Z</time>
   </trkpt>
   <trkpt lat="42.9371110" lon="-81.3085420">
    <ele>282.5</ele>
    <time>2020-05-01T20:07:42Z</time>
   </trkpt>
   <trkpt lat="42.9371150" lon="-81.3085450">
    <ele>282.4</ele>
    <time>2020-05-01T20:07:43Z</time>
   </trkpt>
   <trkpt lat="42.9371220" lon="-81.3085640">
    <ele>282.4</ele>
    <time>2020-05-01T20:07:44Z</time>
   </trkpt>
   <trkpt lat="42.9371360" lon="-81.3085870">
    <ele>282.4</ele>
    <time>2020-05-01T20:07:45Z</time>
   </trkpt>
   <trkpt lat="42.9371490" lon="-81.3086000">
    <ele>282.4</ele>
    <time>2020-05-01T20:07:46Z</time>
   </trkpt>
   <trkpt lat="42.9371560" lon="-81.3086240">
    <ele>282.4</ele>
    <time>2020-05-01T20:07:47Z</time>
   </trkpt>
   <trkpt lat="42.9371720" lon="-81.3086640">
    <ele>282.4</ele>
    <time>2020-05-01T20:07:48Z</time>
   </trkpt>
   <trkpt lat="42.9371780" lon="-81.3086750">
    <ele>282.4</ele>
    <time>2020-05-01T20:07:49Z</time>
   </trkpt>
   <trkpt lat="42.9371800" lon="-81.3086960">
    <ele>282.4</ele>
    <time>2020-05-01T20:07:50Z</time>
   </trkpt>
   <trkpt lat="42.9371850" lon="-81.3087060">
    <ele>282.4</ele>
    <time>2020-05-01T20:07:51Z</time>
   </trkpt>
   <trkpt lat="42.9371790" lon="-81.3087200">
    <ele>282.4</ele>
    <time>2020-05-01T20:07:52Z</time>
   </trkpt>
   <trkpt lat="42.9371760" lon="-81.3087390">
    <ele>282.4</ele>
    <time>2020-05-01T20:07:53Z</time>
   </trkpt>
   <trkpt lat="42.9371650" lon="-81.3087590">
    <ele>282.3</ele>
    <time>2020-05-01T20:07:54Z</time>
   </trkpt>
   <trkpt lat="42.9371420" lon="-81.3087820">
    <ele>282.3</ele>
    <time>2020-05-01T20:07:55Z</time>
   </trkpt>
   <trkpt lat="42.9371350" lon="-81.3087900">
    <ele>282.3</ele>
    <time>2020-05-01T20:07:56Z</time>
   </trkpt>
   <trkpt lat="42.9371250" lon="-81.3088000">
    <ele>282.3</ele>
    <time>2020-05-01T20:07:57Z</time>
   </trkpt>
   <trkpt lat="42.9371160" lon="-81.3088190">
    <ele>282.3</ele>
    <time>2020-05-01T20:07:58Z</time>
   </trkpt>
   <trkpt lat="42.9371070" lon="-81.3088250">
    <ele>282.3</ele>
    <time>2020-05-01T20:07:59Z</time>
   </trkpt>
   <trkpt lat="42.9371040" lon="-81.3088330">
    <ele>282.3</ele>
    <time>2020-05-01T20:08:00Z</time>
   </trkpt>
   <trkpt lat="42.9370970" lon="-81.3088390">
    <ele>282.3</ele>
    <time>2020-05-01T20:08:01Z</time>
   </trkpt>
   <trkpt lat="42.9370960" lon="-81.3088500">
    <ele>282.2</ele>
    <time>2020-05-01T20:08:02Z</time>
   </trkpt>
   <trkpt lat="42.9371000" lon="-81.3088530">
    <ele>282.2</ele>
    <time>2020-05-01T20:08:03Z</time>
   </trkpt>
   <trkpt lat="42.9370960" lon="-81.3088560">
    <ele>282.2</ele>
    <time>2020-05-01T20:08:04Z</time>
   </trkpt>
   <trkpt lat="42.9370980" lon="-81.3088570">
    <ele>282.2</ele>
    <time>2020-05-01T20:08:05Z</time>
   </trkpt>
   <trkpt lat="42.9370980" lon="-81.3088580">
    <ele>282.2</ele>
    <time>2020-05-01T20:08:06Z</time>
   </trkpt>
   <trkpt lat="42.9370980" lon="-81.3088580">
    <ele>282.2</ele>
    <time>2020-05-01T20:08:07Z</time>
   </trkpt>
   <trkpt lat="42.9370960" lon="-81.3088590">
    <ele>282.2</ele>
    <time>2020-05-01T20:08:08Z</time>
   </trkpt>
   <trkpt lat="42.9370960" lon="-81.3088630">
    <ele>282.2</ele>
    <time>2020-05-01T20:08:09Z</time>
   </trkpt>
   <trkpt lat="42.9370920" lon="-81.3088620">
    <ele>282.2</ele>
    <time>2020-05-01T20:08:10Z</time>
   </trkpt>
   <trkpt lat="42.9370930" lon="-81.3088650">
    <ele>282.2</ele>
    <time>2020-05-01T20:08:11Z</time>
   </trkpt>
   <trkpt lat="42.9370940" lon="-81.3088640">
    <ele>282.2</ele>
    <time>2020-05-01T20:08:12Z</time>
   </trkpt>
   <trkpt lat="42.9370940" lon="-81.3088630">
    <ele>282.2</ele>
    <time>2020-05-01T20:08:13Z</time>
   </trkpt>
   <trkpt lat="42.9370940" lon="-81.3088640">
    <ele>282.2</ele>
    <time>2020-05-01T20:08:14Z</time>
   </trkpt>
   <trkpt lat="42.9370870" lon="-81.3088630">
    <ele>282.2</ele>
    <time>2020-05-01T20:08:15Z</time>
   </trkpt>
   <trkpt lat="42.9370650" lon="-81.3088700">
    <ele>282.2</ele>
    <time>2020-05-01T20:08:16Z</time>
   </trkpt>
   <trkpt lat="42.9370200" lon="-81.3088530">
    <ele>282.1</ele>
    <time>2020-05-01T20:08:17Z</time>
   </trkpt>
   <trkpt lat="42.9370000" lon="-81.3088470">
    <ele>282.1</ele>
    <time>2020-05-01T20:08:18Z</time>
   </trkpt>
   <trkpt lat="42.9369610" lon="-81.3088330">
    <ele>282.1</ele>
    <time>2020-05-01T20:08:19Z</time>
   </trkpt>
   <trkpt lat="42.9369250" lon="-81.3088170">
    <ele>282.1</ele>
    <time>2020-05-01T20:08:20Z</time>
   </trkpt>
   <trkpt lat="42.9368860" lon="-81.3088070">
    <ele>282.1</ele>
    <time>2020-05-01T20:08:21Z</time>
   </trkpt>
   <trkpt lat="42.9368570" lon="-81.3087920">
    <ele>282.0</ele>
    <time>2020-05-01T20:08:22Z</time>
   </trkpt>
   <trkpt lat="42.9368260" lon="-81.3087860">
    <ele>282.0</ele>
    <time>2020-05-01T20:08:23Z</time>
   </trkpt>
   <trkpt lat="42.9367930" lon="-81.3087790">
    <ele>282.0</ele>
    <time>2020-05-01T20:08:24Z</time>
   </trkpt>
   <trkpt lat="42.9367640" lon="-81.3087850">
    <ele>281.9</ele>
    <time>2020-05-01T20:08:25Z</time>
   </trkpt>
   <trkpt lat="42.9367370" lon="-81.3087910">
    <ele>281.9</ele>
    <time>2020-05-01T20:08:26Z</time>
   </trkpt>
   <trkpt lat="42.9367020" lon="-81.3087910">
    <ele>281.8</ele>
    <time>2020-05-01T20:08:27Z</time>
   </trkpt>
   <trkpt lat="42.9366660" lon="-81.3087970">
    <ele>281.8</ele>
    <time>2020-05-01T20:08:28Z</time>
   </trkpt>
   <trkpt lat="42.9366510" lon="-81.3087980">
    <ele>281.7</ele>
    <time>2020-05-01T20:08:29Z</time>
   </trkpt>
   <trkpt lat="42.9366140" lon="-81.3087950">
    <ele>281.7</ele>
    <time>2020-05-01T20:08:30Z</time>
   </trkpt>
   <trkpt lat="42.9366020" lon="-81.3087950">
    <ele>281.6</ele>
    <time>2020-05-01T20:08:31Z</time>
   </trkpt>
   <trkpt lat="42.9365700" lon="-81.3087860">
    <ele>281.6</ele>
    <time>2020-05-01T20:08:32Z</time>
   </trkpt>
   <trkpt lat="42.9365610" lon="-81.3087840">
    <ele>281.6</ele>
    <time>2020-05-01T20:08:33Z</time>
   </trkpt>
   <trkpt lat="42.9365260" lon="-81.3087920">
    <ele>281.5</ele>
    <time>2020-05-01T20:08:34Z</time>
   </trkpt>
   <trkpt lat="42.9365150" lon="-81.3087940">
    <ele>281.5</ele>
    <time>2020-05-01T20:08:35Z</time>
   </trkpt>
   <trkpt lat="42.9364890" lon="-81.3088000">
    <ele>281.4</ele>
    <time>2020-05-01T20:08:36Z</time>
   </trkpt>
   <trkpt lat="42.9364600" lon="-81.3088070">
    <ele>281.4</ele>
    <time>2020-05-01T20:08:37Z</time>
   </trkpt>
   <trkpt lat="42.9364210" lon="-81.3088110">
    <ele>281.3</ele>
    <time>2020-05-01T20:08:38Z</time>
   </trkpt>
   <trkpt lat="42.9364060" lon="-81.3088090">
    <ele>281.3</ele>
    <time>2020-05-01T20:08:39Z</time>
   </trkpt>
   <trkpt lat="42.9363660" lon="-81.3087770">
    <ele>281.3</ele>
    <time>2020-05-01T20:08:40Z</time>
   </trkpt>
   <trkpt lat="42.9363460" lon="-81.3087650">
    <ele>281.2</ele>
    <time>2020-05-01T20:08:41Z</time>
   </trkpt>
   <trkpt lat="42.9363050" lon="-81.3087450">
    <ele>281.2</ele>
    <time>2020-05-01T20:08:42Z</time>
   </trkpt>
   <trkpt lat="42.9362710" lon="-81.3087390">
    <ele>281.2</ele>
    <time>2020-05-01T20:08:43Z</time>
   </trkpt>
   <trkpt lat="42.9362410" lon="-81.3087340">
    <ele>281.1</ele>
    <time>2020-05-01T20:08:44Z</time>
   </trkpt>
   <trkpt lat="42.9362130" lon="-81.3087290">
    <ele>281.1</ele>
    <time>2020-05-01T20:08:45Z</time>
   </trkpt>
   <trkpt lat="42.9361830" lon="-81.3087330">
    <ele>281.1</ele>
    <time>2020-05-01T20:08:46Z</time>
   </trkpt>
   <trkpt lat="42.9361450" lon="-81.3087320">
    <ele>281.1</ele>
    <time>2020-05-01T20:08:47Z</time>
   </trkpt>
   <trkpt lat="42.9361280" lon="-81.3087310">
    <ele>281.1</ele>
    <time>2020-05-01T20:08:48Z</time>
   </trkpt>
   <trkpt lat="42.9360930" lon="-81.3087350">
    <ele>281.0</ele>
    <time>2020-05-01T20:08:49Z</time>
   </trkpt>
   <trkpt lat="42.9360560" lon="-81.3087420">
    <ele>281.0</ele>
    <time>2020-05-01T20:08:50Z</time>
   </trkpt>
   <trkpt lat="42.9360290" lon="-81.3087330">
    <ele>281.0</ele>
    <time>2020-05-01T20:08:51Z</time>
   </trkpt>
   <trkpt lat="42.9359960" lon="-81.3087310">
    <ele>280.9</ele>
    <time>2020-05-01T20:08:52Z</time>
   </trkpt>
   <trkpt lat="42.9359680" lon="-81.3087260">
    <ele>280.9</ele>
    <time>2020-05-01T20:08:53Z</time>
   </trkpt>
   <trkpt lat="42.9359290" lon="-81.3087240">
    <ele>280.8</ele>
    <time>2020-05-01T20:08:54Z</time>
   </trkpt>
   <trkpt lat="42.9359120" lon="-81.3087200">
    <ele>280.8</ele>
    <time>2020-05-01T20:08:55Z</time>
   </trkpt>
   <trkpt lat="42.9358830" lon="-81.3087210">
    <ele>280.8</ele>
    <time>2020-05-01T20:08:56Z</time>
   </trkpt>
   <trkpt lat="42.9358530" lon="-81.3087210">
    <ele>280.8</ele>
    <time>2020-05-01T20:08:57Z</time>
   </trkpt>
   <trkpt lat="42.9358260" lon="-81.3087130">
    <ele>280.7</ele>
    <time>2020-05-01T20:08:58Z</time>
   </trkpt>
   <trkpt lat="42.9357960" lon="-81.3087030">
    <ele>280.7</ele>
    <time>2020-05-01T20:08:59Z</time>
   </trkpt>
   <trkpt lat="42.9357680" lon="-81.3087040">
    <ele>280.7</ele>
    <time>2020-05-01T20:09:00Z</time>
   </trkpt>
   <trkpt lat="42.9357400" lon="-81.3087080">
    <ele>280.6</ele>
    <time>2020-05-01T20:09:01Z</time>
   </trkpt>
   <trkpt lat="42.9357130" lon="-81.3087170">
    <ele>280.6</ele>
    <time>2020-05-01T20:09:02Z</time>
   </trkpt>
   <trkpt lat="42.9356780" lon="-81.3087140">
    <ele>280.6</ele>
    <time>2020-05-01T20:09:03Z</time>
   </trkpt>
   <trkpt lat="42.9356670" lon="-81.3087110">
    <ele>280.5</ele>
    <time>2020-05-01T20:09:04Z</time>
   </trkpt>
   <trkpt lat="42.9356350" lon="-81.3087070">
    <ele>280.5</ele>
    <time>2020-05-01T20:09:05Z</time>
   </trkpt>
   <trkpt lat="42.9356080" lon="-81.3087090">
    <ele>280.5</ele>
    <time>2020-05-01T20:09:06Z</time>
   </trkpt>
   <trkpt lat="42.9355700" lon="-81.3086940">
    <ele>280.4</ele>
    <time>2020-05-01T20:09:07Z</time>
   </trkpt>
   <trkpt lat="42.9355560" lon="-81.3086940">
    <ele>280.4</ele>
    <time>2020-05-01T20:09:08Z</time>
   </trkpt>
   <trkpt lat="42.9355170" lon="-81.3086910">
    <ele>280.4</ele>
    <time>2020-05-01T20:09:09Z</time>
   </trkpt>
   <trkpt lat="42.9355040" lon="-81.3086920">
    <ele>280.3</ele>
    <time>2020-05-01T20:09:10Z</time>
   </trkpt>
   <trkpt lat="42.9354950" lon="-81.3086780">
    <ele>280.3</ele>
    <time>2020-05-01T20:09:11Z</time>
   </trkpt>
   <trkpt lat="42.9354720" lon="-81.3086720">
    <ele>280.3</ele>
    <time>2020-05-01T20:09:12Z</time>
   </trkpt>
   <trkpt lat="42.9354400" lon="-81.3086670">
    <ele>280.2</ele>
    <time>2020-05-01T20:09:13Z</time>
   </trkpt>
   <trkpt lat="42.9354240" lon="-81.3086710">
    <ele>280.2</ele>
    <time>2020-05-01T20:09:14Z</time>
   </trkpt>
   <trkpt lat="42.9353880" lon="-81.3086680">
    <ele>280.1</ele>
    <time>2020-05-01T20:09:15Z</time>
   </trkpt>
   <trkpt lat="42.9353740" lon="-81.3086670">
    <ele>280.1</ele>
    <time>2020-05-01T20:09:16Z</time>
   </trkpt>
   <trkpt lat="42.9353420" lon="-81.3086640">
    <ele>280.0</ele>
    <time>2020-05-01T20:09:17Z</time>
   </trkpt>
   <trkpt lat="42.9353120" lon="-81.3086590">
    <ele>279.9</ele>
    <time>2020-05-01T20:09:18Z</time>
   </trkpt>
   <trkpt lat="42.9352760" lon="-81.3086640">
    <ele>279.8</ele>
    <time>2020-05-01T20:09:19Z</time>
   </trkpt>
   <trkpt lat="42.9352470" lon="-81.3086660">
    <ele>279.7</ele>
    <time>2020-05-01T20:09:20Z</time>
   </trkpt>
   <trkpt lat="42.9352060" lon="-81.3086750">
    <ele>279.5</ele>
    <time>2020-05-01T20:09:21Z</time>
   </trkpt>
   <trkpt lat="42.9351900" lon="-81.3086760">
    <ele>279.5</ele>
    <time>2020-05-01T20:09:22Z</time>
   </trkpt>
   <trkpt lat="42.9351590" lon="-81.3086630">
    <ele>279.4</ele>
    <time>2020-05-01T20:09:23Z</time>
   </trkpt>
   <trkpt lat="42.9351320" lon="-81.3086600">
    <ele>279.3</ele>
    <time>2020-05-01T20:09:24Z</time>
   </trkpt>
   <trkpt lat="42.9351040" lon="-81.3086520">
    <ele>279.2</ele>
    <time>2020-05-01T20:09:25Z</time>
   </trkpt>
   <trkpt lat="42.9350750" lon="-81.3086410">
    <ele>279.1</ele>
    <time>2020-05-01T20:09:26Z</time>
   </trkpt>
   <trkpt lat="42.9350450" lon="-81.3086100">
    <ele>278.9</ele>
    <time>2020-05-01T20:09:27Z</time>
   </trkpt>
   <trkpt lat="42.9350330" lon="-81.3086000">
    <ele>278.9</ele>
    <time>2020-05-01T20:09:28Z</time>
   </trkpt>
   <trkpt lat="42.9350020" lon="-81.3085740">
    <ele>278.8</ele>
    <time>2020-05-01T20:09:29Z</time>
   </trkpt>
   <trkpt lat="42.9349920" lon="-81.3085650">
    <ele>278.8</ele>
    <time>2020-05-01T20:09:30Z</time>
   </trkpt>
   <trkpt lat="42.9349540" lon="-81.3085540">
    <ele>278.7</ele>
    <time>2020-05-01T20:09:31Z</time>
   </trkpt>
   <trkpt lat="42.9349410" lon="-81.3085560">
    <ele>278.7</ele>
    <time>2020-05-01T20:09:32Z</time>
   </trkpt>
   <trkpt lat="42.9349070" lon="-81.3085520">
    <ele>278.7</ele>
    <time>2020-05-01T20:09:33Z</time>
   </trkpt>
   <trkpt lat="42.9348970" lon="-81.3085430">
    <ele>278.7</ele>
    <time>2020-05-01T20:09:34Z</time>
   </trkpt>
   <trkpt lat="42.9348600" lon="-81.3085340">
    <ele>278.7</ele>
    <time>2020-05-01T20:09:35Z</time>
   </trkpt>
   <trkpt lat="42.9348470" lon="-81.3085310">
    <ele>278.7</ele>
    <time>2020-05-01T20:09:36Z</time>
   </trkpt>
   <trkpt lat="42.9348150" lon="-81.3085310">
    <ele>278.7</ele>
    <time>2020-05-01T20:09:37Z</time>
   </trkpt>
   <trkpt lat="42.9347770" lon="-81.3085340">
    <ele>278.9</ele>
    <time>2020-05-01T20:09:38Z</time>
   </trkpt>
   <trkpt lat="42.9347650" lon="-81.3085350">
    <ele>278.9</ele>
    <time>2020-05-01T20:09:39Z</time>
   </trkpt>
   <trkpt lat="42.9347360" lon="-81.3085550">
    <ele>278.9</ele>
    <time>2020-05-01T20:09:40Z</time>
   </trkpt>
   <trkpt lat="42.9347290" lon="-81.3085620">
    <ele>278.9</ele>
    <time>2020-05-01T20:09:41Z</time>
   </trkpt>
   <trkpt lat="42.9347010" lon="-81.3085940">
    <ele>279.0</ele>
    <time>2020-05-01T20:09:42Z</time>
   </trkpt>
   <trkpt lat="42.9346910" lon="-81.3086040">
    <ele>279.0</ele>
    <time>2020-05-01T20:09:43Z</time>
   </trkpt>
   <trkpt lat="42.9346560" lon="-81.3086050">
    <ele>279.0</ele>
    <time>2020-05-01T20:09:44Z</time>
   </trkpt>
   <trkpt lat="42.9346450" lon="-81.3086030">
    <ele>279.0</ele>
    <time>2020-05-01T20:09:45Z</time>
   </trkpt>
   <trkpt lat="42.9346300" lon="-81.3085650">
    <ele>279.0</ele>
    <time>2020-05-01T20:09:46Z</time>
   </trkpt>
   <trkpt lat="42.9345990" lon="-81.3085390">
    <ele>278.2</ele>
    <time>2020-05-01T20:09:47Z</time>
   </trkpt>
   <trkpt lat="42.9345880" lon="-81.3085360">
    <ele>278.7</ele>
    <time>2020-05-01T20:09:48Z</time>
   </trkpt>
   <trkpt lat="42.9345580" lon="-81.3085490">
    <ele>278.8</ele>
    <time>2020-05-01T20:09:49Z</time>
   </trkpt>
   <trkpt lat="42.9345460" lon="-81.3085560">
    <ele>278.9</ele>
    <time>2020-05-01T20:09:50Z</time>
   </trkpt>
   <trkpt lat="42.9345270" lon="-81.3085910">
    <ele>279.0</ele>
    <time>2020-05-01T20:09:51Z</time>
   </trkpt>
   <trkpt lat="42.9345190" lon="-81.3086040">
    <ele>279.0</ele>
    <time>2020-05-01T20:09:52Z</time>
   </trkpt>
   <trkpt lat="42.9345160" lon="-81.3086490">
    <ele>279.2</ele>
    <time>2020-05-01T20:09:53Z</time>
   </trkpt>
   <trkpt lat="42.9345150" lon="-81.3086630">
    <ele>279.2</ele>
    <time>2020-05-01T20:09:54Z</time>
   </trkpt>
   <trkpt lat="42.9345040" lon="-81.3087090">
    <ele>279.1</ele>
    <time>2020-05-01T20:09:55Z</time>
   </trkpt>
   <trkpt lat="42.9344990" lon="-81.3087260">
    <ele>279.0</ele>
    <time>2020-05-01T20:09:56Z</time>
   </trkpt>
   <trkpt lat="42.9344930" lon="-81.3087750">
    <ele>278.8</ele>
    <time>2020-05-01T20:09:57Z</time>
   </trkpt>
   <trkpt lat="42.9344930" lon="-81.3087880">
    <ele>278.7</ele>
    <time>2020-05-01T20:09:58Z</time>
   </trkpt>
   <trkpt lat="42.9344920" lon="-81.3088270">
    <ele>278.6</ele>
    <time>2020-05-01T20:09:59Z</time>
   </trkpt>
   <trkpt lat="42.9344890" lon="-81.3088830">
    <ele>278.4</ele>
    <time>2020-05-01T20:10:00Z</time>
   </trkpt>
   <trkpt lat="42.9344880" lon="-81.3089060">
    <ele>278.3</ele>
    <time>2020-05-01T20:10:01Z</time>
   </trkpt>
   <trkpt lat="42.9344840" lon="-81.3089450">
    <ele>278.1</ele>
    <time>2020-05-01T20:10:02Z</time>
   </trkpt>
   <trkpt lat="42.9344780" lon="-81.3089930">
    <ele>277.9</ele>
    <time>2020-05-01T20:10:03Z</time>
   </trkpt>
   <trkpt lat="42.9344540" lon="-81.3090420">
    <ele>277.7</ele>
    <time>2020-05-01T20:10:04Z</time>
   </trkpt>
   <trkpt lat="42.9344500" lon="-81.3090910">
    <ele>277.4</ele>
    <time>2020-05-01T20:10:05Z</time>
   </trkpt>
   <trkpt lat="42.9344370" lon="-81.3091450">
    <ele>277.2</ele>
    <time>2020-05-01T20:10:06Z</time>
   </trkpt>
   <trkpt lat="42.9344320" lon="-81.3091640">
    <ele>277.1</ele>
    <time>2020-05-01T20:10:07Z</time>
   </trkpt>
   <trkpt lat="42.9344140" lon="-81.3091990">
    <ele>276.9</ele>
    <time>2020-05-01T20:10:08Z</time>
   </trkpt>
   <trkpt lat="42.9343960" lon="-81.3092320">
    <ele>276.7</ele>
    <time>2020-05-01T20:10:09Z</time>
   </trkpt>
   <trkpt lat="42.9343760" lon="-81.3092780">
    <ele>276.6</ele>
    <time>2020-05-01T20:10:10Z</time>
   </trkpt>
   <trkpt lat="42.9343700" lon="-81.3092940">
    <ele>276.6</ele>
    <time>2020-05-01T20:10:11Z</time>
   </trkpt>
   <trkpt lat="42.9343550" lon="-81.3093410">
    <ele>276.5</ele>
    <time>2020-05-01T20:10:12Z</time>
   </trkpt>
   <trkpt lat="42.9343500" lon="-81.3093570">
    <ele>276.5</ele>
    <time>2020-05-01T20:10:13Z</time>
   </trkpt>
   <trkpt lat="42.9343400" lon="-81.3093960">
    <ele>276.4</ele>
    <time>2020-05-01T20:10:14Z</time>
   </trkpt>
   <trkpt lat="42.9343390" lon="-81.3094330">
    <ele>276.3</ele>
    <time>2020-05-01T20:10:15Z</time>
   </trkpt>
   <trkpt lat="42.9343280" lon="-81.3094680">
    <ele>276.3</ele>
    <time>2020-05-01T20:10:16Z</time>
   </trkpt>
   <trkpt lat="42.9343160" lon="-81.3095140">
    <ele>276.2</ele>
    <time>2020-05-01T20:10:17Z</time>
   </trkpt>
   <trkpt lat="42.9343140" lon="-81.3095300">
    <ele>276.2</ele>
    <time>2020-05-01T20:10:18Z</time>
   </trkpt>
   <trkpt lat="42.9343070" lon="-81.3095660">
    <ele>276.1</ele>
    <time>2020-05-01T20:10:19Z</time>
   </trkpt>
   <trkpt lat="42.9342890" lon="-81.3096030">
    <ele>276.0</ele>
    <time>2020-05-01T20:10:20Z</time>
   </trkpt>
   <trkpt lat="42.9342820" lon="-81.3096420">
    <ele>276.0</ele>
    <time>2020-05-01T20:10:21Z</time>
   </trkpt>
   <trkpt lat="42.9342720" lon="-81.3096810">
    <ele>275.9</ele>
    <time>2020-05-01T20:10:22Z</time>
   </trkpt>
   <trkpt lat="42.9342690" lon="-81.3096970">
    <ele>275.9</ele>
    <time>2020-05-01T20:10:23Z</time>
   </trkpt>
   <trkpt lat="42.9342590" lon="-81.3097420">
    <ele>275.8</ele>
    <time>2020-05-01T20:10:24Z</time>
   </trkpt>
   <trkpt lat="42.9342550" lon="-81.3097550">
    <ele>275.8</ele>
    <time>2020-05-01T20:10:25Z</time>
   </trkpt>
   <trkpt lat="42.9342440" lon="-81.3097920">
    <ele>275.8</ele>
    <time>2020-05-01T20:10:26Z</time>
   </trkpt>
   <trkpt lat="42.9342400" lon="-81.3098340">
    <ele>275.7</ele>
    <time>2020-05-01T20:10:27Z</time>
   </trkpt>
   <trkpt lat="42.9342340" lon="-81.3098700">
    <ele>275.7</ele>
    <time>2020-05-01T20:10:28Z</time>
   </trkpt>
   <trkpt lat="42.9342220" lon="-81.3099240">
    <ele>275.6</ele>
    <time>2020-05-01T20:10:29Z</time>
   </trkpt>
   <trkpt lat="42.9342180" lon="-81.3099430">
    <ele>275.6</ele>
    <time>2020-05-01T20:10:30Z</time>
   </trkpt>
   <trkpt lat="42.9341990" lon="-81.3099820">
    <ele>275.5</ele>
    <time>2020-05-01T20:10:31Z</time>
   </trkpt>
   <trkpt lat="42.9341860" lon="-81.3100220">
    <ele>275.5</ele>
    <time>2020-05-01T20:10:32Z</time>
   </trkpt>
   <trkpt lat="42.9341740" lon="-81.3100590">
    <ele>275.4</ele>
    <time>2020-05-01T20:10:33Z</time>
   </trkpt>
   <trkpt lat="42.9341620" lon="-81.3100950">
    <ele>275.4</ele>
    <time>2020-05-01T20:10:34Z</time>
   </trkpt>
   <trkpt lat="42.9341490" lon="-81.3101480">
    <ele>275.3</ele>
    <time>2020-05-01T20:10:35Z</time>
   </trkpt>
   <trkpt lat="42.9341400" lon="-81.3101660">
    <ele>275.3</ele>
    <time>2020-05-01T20:10:36Z</time>
   </trkpt>
   <trkpt lat="42.9341290" lon="-81.3102070">
    <ele>275.2</ele>
    <time>2020-05-01T20:10:37Z</time>
   </trkpt>
   <trkpt lat="42.9341180" lon="-81.3102570">
    <ele>275.1</ele>
    <time>2020-05-01T20:10:38Z</time>
   </trkpt>
   <trkpt lat="42.9341140" lon="-81.3102770">
    <ele>275.1</ele>
    <time>2020-05-01T20:10:39Z</time>
   </trkpt>
  </trkseg>
 </trk>
</gpx>
