<?xml version="1.0" encoding="UTF-8"?>
<gpx xmlns:xsi="http://www.w3.org/2001/XMLSchema-instance" xsi:schemaLocation="http://www.topografix.com/GPX/1/1 http://www.topografix.com/GPX/1/1/gpx.xsd" creator="StravaGPX" version="1.1" xmlns="http://www.topografix.com/GPX/1/1">
 <metadata>
  <time>2020-05-24T14:04:28Z</time>
 </metadata>
 <trk>
  <name>Morning Run</name>
  <type>running</type>
  <trkseg>
   <trkpt lat="43.6558560" lon="-79.4114150">
    <ele>106.4</ele>
    <time>2020-05-24T14:04:28Z</time>
   </trkpt>
   <trkpt lat="43.6558480" lon="-79.4113820">
    <ele>106.4</ele>
    <time>2020-05-24T14:04:29Z</time>
   </trkpt>
   <trkpt lat="43.6558510" lon="-79.4113700">
    <ele>106.4</ele>
    <time>2020-05-24T14:04:30Z</time>
   </trkpt>
   <trkpt lat="43.6558530" lon="-79.4113570">
    <ele>106.4</ele>
    <time>2020-05-24T14:04:31Z</time>
   </trkpt>
   <trkpt lat="43.6558550" lon="-79.4113450">
    <ele>106.4</ele>
    <time>2020-05-24T14:04:32Z</time>
   </trkpt>
   <trkpt lat="43.6558550" lon="-79.4113400">
    <ele>106.4</ele>
    <time>2020-05-24T14:04:33Z</time>
   </trkpt>
   <trkpt lat="43.6558540" lon="-79.4113410">
    <ele>106.4</ele>
    <time>2020-05-24T14:04:34Z</time>
   </trkpt>
   <trkpt lat="43.6558550" lon="-79.4113390">
    <ele>106.4</ele>
    <time>2020-05-24T14:04:35Z</time>
   </trkpt>
   <trkpt lat="43.6558550" lon="-79.4113370">
    <ele>106.4</ele>
    <time>2020-05-24T14:04:36Z</time>
   </trkpt>
   <trkpt lat="43.6558560" lon="-79.4113360">
    <ele>106.4</ele>
    <time>2020-05-24T14:04:37Z</time>
   </trkpt>
   <trkpt lat="43.6558560" lon="-79.4113320">
    <ele>106.4</ele>
    <time>2020-05-24T14:04:38Z</time>
   </trkpt>
   <trkpt lat="43.6558540" lon="-79.4113290">
    <ele>106.4</ele>
    <time>2020-05-24T14:04:39Z</time>
   </trkpt>
   <trkpt lat="43.6558540" lon="-79.4113210">
    <ele>106.4</ele>
    <time>2020-05-24T14:04:40Z</time>
   </trkpt>
   <trkpt lat="43.6558480" lon="-79.4113150">
    <ele>106.3</ele>
    <time>2020-05-24T14:04:41Z</time>
   </trkpt>
   <trkpt lat="43.6558500" lon="-79.4113050">
    <ele>106.3</ele>
    <time>2020-05-24T14:04:42Z</time>
   </trkpt>
   <trkpt lat="43.6558530" lon="-79.4112900">
    <ele>106.3</ele>
    <time>2020-05-24T14:04:43Z</time>
   </trkpt>
   <trkpt lat="43.6558550" lon="-79.4112680">
    <ele>106.3</ele>
    <time>2020-05-24T14:04:44Z</time>
   </trkpt>
   <trkpt lat="43.6558640" lon="-79.4112200">
    <ele>106.3</ele>
    <time>2020-05-24T14:04:45Z</time>
   </trkpt>
   <trkpt lat="43.6558690" lon="-79.4112010">
    <ele>106.3</ele>
    <time>2020-05-24T14:04:46Z</time>
   </trkpt>
   <trkpt lat="43.6558850" lon="-79.4111590">
    <ele>106.3</ele>
    <time>2020-05-24T14:04:47Z</time>
   </trkpt>
   <trkpt lat="43.6558910" lon="-79.4111460">
    <ele>106.2</ele>
    <time>2020-05-24T14:04:48Z</time>
   </trkpt>
   <trkpt lat="43.6559020" lon="-79.4111010">
    <ele>106.2</ele>
    <time>2020-05-24T14:04:49Z</time>
   </trkpt>
   <trkpt lat="43.6559070" lon="-79.4110820">
    <ele>106.2</ele>
    <time>2020-05-24T14:04:50Z</time>
   </trkpt>
   <trkpt lat="43.6559140" lon="-79.4110300">
    <ele>106.2</ele>
    <time>2020-05-24T14:04:51Z</time>
   </trkpt>
   <trkpt lat="43.6559160" lon="-79.4110130">
    <ele>106.2</ele>
    <time>2020-05-24T14:04:52Z</time>
   </trkpt>
   <trkpt lat="43.6559300" lon="-79.4109530">
    <ele>106.2</ele>
    <time>2020-05-24T14:04:53Z</time>
   </trkpt>
   <trkpt lat="43.6559360" lon="-79.4109220">
    <ele>106.2</ele>
    <time>2020-05-24T14:04:54Z</time>
   </trkpt>
   <trkpt lat="43.6559530" lon="-79.4108700">
    <ele>106.2</ele>
    <time>2020-05-24T14:04:55Z</time>
   </trkpt>
   <trkpt lat="43.6559560" lon="-79.4108190">
    <ele>106.2</ele>
    <time>2020-05-24T14:04:56Z</time>
   </trkpt>
   <trkpt lat="43.6559610" lon="-79.4107690">
    <ele>106.1</ele>
    <time>2020-05-24T14:04:57Z</time>
   </trkpt>
   <trkpt lat="43.6559680" lon="-79.4107280">
    <ele>106.1</ele>
    <time>2020-05-24T14:04:58Z</time>
   </trkpt>
   <trkpt lat="43.6559840" lon="-79.4106810">
    <ele>106.1</ele>
    <time>2020-05-24T14:04:59Z</time>
   </trkpt>
   <trkpt lat="43.6559900" lon="-79.4106650">
    <ele>106.1</ele>
    <time>2020-05-24T14:05:00Z</time>
   </trkpt>
   <trkpt lat="43.6560030" lon="-79.4106180">
    <ele>106.1</ele>
    <time>2020-05-24T14:05:01Z</time>
   </trkpt>
   <trkpt lat="43.6560080" lon="-79.4106040">
    <ele>106.1</ele>
    <time>2020-05-24T14:05:02Z</time>
   </trkpt>
   <trkpt lat="43.6560290" lon="-79.4105670">
    <ele>106.1</ele>
    <time>2020-05-24T14:05:03Z</time>
   </trkpt>
   <trkpt lat="43.6560530" lon="-79.4105210">
    <ele>106.0</ele>
    <time>2020-05-24T14:05:04Z</time>
   </trkpt>
   <trkpt lat="43.6560610" lon="-79.4105010">
    <ele>106.0</ele>
    <time>2020-05-24T14:05:05Z</time>
   </trkpt>
   <trkpt lat="43.6560810" lon="-79.4104500">
    <ele>106.0</ele>
    <time>2020-05-24T14:05:06Z</time>
   </trkpt>
   <trkpt lat="43.6560880" lon="-79.4104290">
    <ele>106.0</ele>
    <time>2020-05-24T14:05:07Z</time>
   </trkpt>
   <trkpt lat="43.6560880" lon="-79.4103790">
    <ele>106.0</ele>
    <time>2020-05-24T14:05:08Z</time>
   </trkpt>
   <trkpt lat="43.6561000" lon="-79.4103390">
    <ele>106.0</ele>
    <time>2020-05-24T14:05:09Z</time>
   </trkpt>
   <trkpt lat="43.6561080" lon="-79.4102860">
    <ele>106.0</ele>
    <time>2020-05-24T14:05:10Z</time>
   </trkpt>
   <trkpt lat="43.6561100" lon="-79.4102680">
    <ele>106.0</ele>
    <time>2020-05-24T14:05:11Z</time>
   </trkpt>
   <trkpt lat="43.6561190" lon="-79.4102240">
    <ele>105.9</ele>
    <time>2020-05-24T14:05:12Z</time>
   </trkpt>
   <trkpt lat="43.6561350" lon="-79.4101790">
    <ele>105.9</ele>
    <time>2020-05-24T14:05:13Z</time>
   </trkpt>
   <trkpt lat="43.6561480" lon="-79.4101390">
    <ele>105.9</ele>
    <time>2020-05-24T14:05:14Z</time>
   </trkpt>
   <trkpt lat="43.6561680" lon="-79.4101070">
    <ele>105.9</ele>
    <time>2020-05-24T14:05:15Z</time>
   </trkpt>
   <trkpt lat="43.6561850" lon="-79.4100770">
    <ele>105.9</ele>
    <time>2020-05-24T14:05:16Z</time>
   </trkpt>
   <trkpt lat="43.6562030" lon="-79.4100460">
    <ele>105.9</ele>
    <time>2020-05-24T14:05:17Z</time>
   </trkpt>
   <trkpt lat="43.6562270" lon="-79.4100010">
    <ele>105.9</ele>
    <time>2020-05-24T14:05:18Z</time>
   </trkpt>
   <trkpt lat="43.6562320" lon="-79.4099810">
    <ele>105.9</ele>
    <time>2020-05-24T14:05:19Z</time>
   </trkpt>
   <trkpt lat="43.6562450" lon="-79.4099470">
    <ele>105.9</ele>
    <time>2020-05-24T14:05:20Z</time>
   </trkpt>
   <trkpt lat="43.6562610" lon="-79.4099060">
    <ele>105.9</ele>
    <time>2020-05-24T14:05:21Z</time>
   </trkpt>
   <trkpt lat="43.6562680" lon="-79.4098930">
    <ele>105.9</ele>
    <time>2020-05-24T14:05:22Z</time>
   </trkpt>
   <trkpt lat="43.6562830" lon="-79.4098430">
    <ele>105.9</ele>
    <time>2020-05-24T14:05:23Z</time>
   </trkpt>
   <trkpt lat="43.6562840" lon="-79.4098220">
    <ele>105.9</ele>
    <time>2020-05-24T14:05:24Z</time>
   </trkpt>
   <trkpt lat="43.6562830" lon="-79.4097780">
    <ele>105.9</ele>
    <time>2020-05-24T14:05:25Z</time>
   </trkpt>
   <trkpt lat="43.6562740" lon="-79.4097300">
    <ele>105.9</ele>
    <time>2020-05-24T14:05:26Z</time>
   </trkpt>
   <trkpt lat="43.6562680" lon="-79.4096890">
    <ele>105.9</ele>
    <time>2020-05-24T14:05:27Z</time>
   </trkpt>
   <trkpt lat="43.6562760" lon="-79.4096520">
    <ele>105.9</ele>
    <time>2020-05-24T14:05:28Z</time>
   </trkpt>
   <trkpt lat="43.6562840" lon="-79.4096070">
    <ele>105.9</ele>
    <time>2020-05-24T14:05:29Z</time>
   </trkpt>
   <trkpt lat="43.6562850" lon="-79.4095690">
    <ele>105.9</ele>
    <time>2020-05-24T14:05:30Z</time>
   </trkpt>
   <trkpt lat="43.6562910" lon="-79.4095200">
    <ele>105.9</ele>
    <time>2020-05-24T14:05:31Z</time>
   </trkpt>
   <trkpt lat="43.6562920" lon="-79.4094970">
    <ele>105.9</ele>
    <time>2020-05-24T14:05:32Z</time>
   </trkpt>
   <trkpt lat="43.6562950" lon="-79.4094370">
    <ele>105.9</ele>
    <time>2020-05-24T14:05:33Z</time>
   </trkpt>
   <trkpt lat="43.6563020" lon="-79.4093970">
    <ele>105.9</ele>
    <time>2020-05-24T14:05:34Z</time>
   </trkpt>
   <trkpt lat="43.6563130" lon="-79.4093470">
    <ele>105.9</ele>
    <time>2020-05-24T14:05:35Z</time>
   </trkpt>
   <trkpt lat="43.6563280" lon="-79.4093110">
    <ele>105.9</ele>
    <time>2020-05-24T14:05:36Z</time>
   </trkpt>
   <trkpt lat="43.6563230" lon="-79.4092710">
    <ele>105.9</ele>
    <time>2020-05-24T14:05:37Z</time>
   </trkpt>
   <trkpt lat="43.6563280" lon="-79.4092340">
    <ele>105.9</ele>
    <time>2020-05-24T14:05:38Z</time>
   </trkpt>
   <trkpt lat="43.6563370" lon="-79.4091930">
    <ele>106.0</ele>
    <time>2020-05-24T14:05:39Z</time>
   </trkpt>
   <trkpt lat="43.6563510" lon="-79.4091380">
    <ele>106.0</ele>
    <time>2020-05-24T14:05:40Z</time>
   </trkpt>
   <trkpt lat="43.6563670" lon="-79.4090850">
    <ele>106.0</ele>
    <time>2020-05-24T14:05:41Z</time>
   </trkpt>
   <trkpt lat="43.6563720" lon="-79.4090660">
    <ele>106.0</ele>
    <time>2020-05-24T14:05:42Z</time>
   </trkpt>
   <trkpt lat="43.6563830" lon="-79.4090140">
    <ele>106.0</ele>
    <time>2020-05-24T14:05:43Z</time>
   </trkpt>
   <trkpt lat="43.6563900" lon="-79.4089880">
    <ele>105.9</ele>
    <time>2020-05-24T14:05:44Z</time>
   </trkpt>
   <trkpt lat="43.6564040" lon="-79.4089370">
    <ele>105.9</ele>
    <time>2020-05-24T14:05:45Z</time>
   </trkpt>
   <trkpt lat="43.6564170" lon="-79.4088960">
    <ele>105.9</ele>
    <time>2020-05-24T14:05:46Z</time>
   </trkpt>
   <trkpt lat="43.6564270" lon="-79.4088430">
    <ele>105.9</ele>
    <time>2020-05-24T14:05:47Z</time>
   </trkpt>
   <trkpt lat="43.6564390" lon="-79.4088040">
    <ele>105.8</ele>
    <time>2020-05-24T14:05:48Z</time>
   </trkpt>
   <trkpt lat="43.6564420" lon="-79.4087930">
    <ele>105.8</ele>
    <time>2020-05-24T14:05:49Z</time>
   </trkpt>
   <trkpt lat="43.6564400" lon="-79.4087370">
    <ele>105.8</ele>
    <time>2020-05-24T14:05:50Z</time>
   </trkpt>
   <trkpt lat="43.6564360" lon="-79.4087140">
    <ele>105.8</ele>
    <time>2020-05-24T14:05:51Z</time>
   </trkpt>
   <trkpt lat="43.6564310" lon="-79.4086730">
    <ele>105.8</ele>
    <time>2020-05-24T14:05:52Z</time>
   </trkpt>
   <trkpt lat="43.6564300" lon="-79.4086600">
    <ele>105.8</ele>
    <time>2020-05-24T14:05:53Z</time>
   </trkpt>
   <trkpt lat="43.6564320" lon="-79.4086110">
    <ele>105.8</ele>
    <time>2020-05-24T14:05:54Z</time>
   </trkpt>
   <trkpt lat="43.6564350" lon="-79.4085950">
    <ele>105.8</ele>
    <time>2020-05-24T14:05:55Z</time>
   </trkpt>
   <trkpt lat="43.6564480" lon="-79.4085500">
    <ele>105.9</ele>
    <time>2020-05-24T14:05:56Z</time>
   </trkpt>
   <trkpt lat="43.6564640" lon="-79.4084880">
    <ele>105.9</ele>
    <time>2020-05-24T14:05:57Z</time>
   </trkpt>
   <trkpt lat="43.6564800" lon="-79.4084470">
    <ele>105.9</ele>
    <time>2020-05-24T14:05:58Z</time>
   </trkpt>
   <trkpt lat="43.6564950" lon="-79.4084110">
    <ele>105.9</ele>
    <time>2020-05-24T14:05:59Z</time>
   </trkpt>
   <trkpt lat="43.6565120" lon="-79.4083580">
    <ele>105.9</ele>
    <time>2020-05-24T14:06:00Z</time>
   </trkpt>
   <trkpt lat="43.6565160" lon="-79.4083350">
    <ele>106.0</ele>
    <time>2020-05-24T14:06:01Z</time>
   </trkpt>
   <trkpt lat="43.6565310" lon="-79.4083020">
    <ele>106.0</ele>
    <time>2020-05-24T14:06:02Z</time>
   </trkpt>
   <trkpt lat="43.6565520" lon="-79.4082610">
    <ele>106.0</ele>
    <time>2020-05-24T14:06:03Z</time>
   </trkpt>
   <trkpt lat="43.6565580" lon="-79.4082450">
    <ele>106.0</ele>
    <time>2020-05-24T14:06:04Z</time>
   </trkpt>
   <trkpt lat="43.6565740" lon="-79.4082060">
    <ele>106.0</ele>
    <time>2020-05-24T14:06:05Z</time>
   </trkpt>
   <trkpt lat="43.6565850" lon="-79.4081670">
    <ele>106.0</ele>
    <time>2020-05-24T14:06:06Z</time>
   </trkpt>
   <trkpt lat="43.6565820" lon="-79.4081210">
    <ele>106.1</ele>
    <time>2020-05-24T14:06:07Z</time>
   </trkpt>
   <trkpt lat="43.6565770" lon="-79.4081090">
    <ele>106.1</ele>
    <time>2020-05-24T14:06:08Z</time>
   </trkpt>
   <trkpt lat="43.6565800" lon="-79.4080900">
    <ele>106.1</ele>
    <time>2020-05-24T14:06:09Z</time>
   </trkpt>
   <trkpt lat="43.6565830" lon="-79.4080700">
    <ele>106.1</ele>
    <time>2020-05-24T14:06:10Z</time>
   </trkpt>
   <trkpt lat="43.6565840" lon="-79.4080670">
    <ele>106.1</ele>
    <time>2020-05-24T14:06:11Z</time>
   </trkpt>
   <trkpt lat="43.6565850" lon="-79.4080660">
    <ele>106.1</ele>
    <time>2020-05-24T14:06:12Z</time>
   </trkpt>
   <trkpt lat="43.6565840" lon="-79.4080650">
    <ele>106.1</ele>
    <time>2020-05-24T14:06:13Z</time>
   </trkpt>
   <trkpt lat="43.6565840" lon="-79.4080640">
    <ele>106.1</ele>
    <time>2020-05-24T14:06:14Z</time>
   </trkpt>
   <trkpt lat="43.6565840" lon="-79.4080630">
    <ele>106.1</ele>
    <time>2020-05-24T14:06:15Z</time>
   </trkpt>
   <trkpt lat="43.6565850" lon="-79.4080600">
    <ele>106.1</ele>
    <time>2020-05-24T14:06:16Z</time>
   </trkpt>
   <trkpt lat="43.6565850" lon="-79.4080560">
    <ele>106.1</ele>
    <time>2020-05-24T14:06:17Z</time>
   </trkpt>
   <trkpt lat="43.6565850" lon="-79.4080530">
    <ele>106.1</ele>
    <time>2020-05-24T14:06:18Z</time>
   </trkpt>
   <trkpt lat="43.6565850" lon="-79.4080480">
    <ele>106.1</ele>
    <time>2020-05-24T14:06:19Z</time>
   </trkpt>
   <trkpt lat="43.6565850" lon="-79.4080460">
    <ele>106.1</ele>
    <time>2020-05-24T14:06:20Z</time>
   </trkpt>
   <trkpt lat="43.6565860" lon="-79.4080450">
    <ele>106.1</ele>
    <time>2020-05-24T14:06:21Z</time>
   </trkpt>
   <trkpt lat="43.6565860" lon="-79.4080420">
    <ele>106.1</ele>
    <time>2020-05-24T14:06:22Z</time>
   </trkpt>
   <trkpt lat="43.6565860" lon="-79.4080410">
    <ele>106.1</ele>
    <time>2020-05-24T14:06:23Z</time>
   </trkpt>
   <trkpt lat="43.6565860" lon="-79.4080400">
    <ele>106.1</ele>
    <time>2020-05-24T14:06:24Z</time>
   </trkpt>
   <trkpt lat="43.6565860" lon="-79.4080370">
    <ele>106.1</ele>
    <time>2020-05-24T14:06:25Z</time>
   </trkpt>
   <trkpt lat="43.6565870" lon="-79.4080360">
    <ele>106.1</ele>
    <time>2020-05-24T14:06:26Z</time>
   </trkpt>
   <trkpt lat="43.6565870" lon="-79.4080340">
    <ele>106.1</ele>
    <time>2020-05-24T14:06:27Z</time>
   </trkpt>
   <trkpt lat="43.6565870" lon="-79.4080330">
    <ele>106.1</ele>
    <time>2020-05-24T14:06:28Z</time>
   </trkpt>
   <trkpt lat="43.6565880" lon="-79.4080320">
    <ele>106.1</ele>
    <time>2020-05-24T14:06:29Z</time>
   </trkpt>
   <trkpt lat="43.6565880" lon="-79.4080310">
    <ele>106.1</ele>
    <time>2020-05-24T14:06:30Z</time>
   </trkpt>
   <trkpt lat="43.6565880" lon="-79.4080310">
    <ele>106.1</ele>
    <time>2020-05-24T14:06:31Z</time>
   </trkpt>
   <trkpt lat="43.6565880" lon="-79.4080290">
    <ele>106.1</ele>
    <time>2020-05-24T14:06:32Z</time>
   </trkpt>
   <trkpt lat="43.6565840" lon="-79.4080120">
    <ele>106.1</ele>
    <time>2020-05-24T14:06:33Z</time>
   </trkpt>
   <trkpt lat="43.6565820" lon="-79.4079870">
    <ele>106.1</ele>
    <time>2020-05-24T14:06:34Z</time>
   </trkpt>
   <trkpt lat="43.6565860" lon="-79.4079470">
    <ele>106.2</ele>
    <time>2020-05-24T14:06:35Z</time>
   </trkpt>
   <trkpt lat="43.6565840" lon="-79.4079040">
    <ele>106.3</ele>
    <time>2020-05-24T14:06:36Z</time>
   </trkpt>
   <trkpt lat="43.6565790" lon="-79.4078580">
    <ele>106.6</ele>
    <time>2020-05-24T14:06:37Z</time>
   </trkpt>
   <trkpt lat="43.6565750" lon="-79.4078040">
    <ele>106.9</ele>
    <time>2020-05-24T14:06:38Z</time>
   </trkpt>
   <trkpt lat="43.6565740" lon="-79.4077390">
    <ele>107.4</ele>
    <time>2020-05-24T14:06:39Z</time>
   </trkpt>
   <trkpt lat="43.6565730" lon="-79.4076940">
    <ele>107.2</ele>
    <time>2020-05-24T14:06:40Z</time>
   </trkpt>
   <trkpt lat="43.6565830" lon="-79.4076550">
    <ele>107.1</ele>
    <time>2020-05-24T14:06:41Z</time>
   </trkpt>
   <trkpt lat="43.6565950" lon="-79.4076180">
    <ele>106.9</ele>
    <time>2020-05-24T14:06:42Z</time>
   </trkpt>
   <trkpt lat="43.6566030" lon="-79.4075810">
    <ele>106.8</ele>
    <time>2020-05-24T14:06:43Z</time>
   </trkpt>
   <trkpt lat="43.6566140" lon="-79.4075350">
    <ele>106.7</ele>
    <time>2020-05-24T14:06:44Z</time>
   </trkpt>
   <trkpt lat="43.6566230" lon="-79.4074990">
    <ele>106.7</ele>
    <time>2020-05-24T14:06:45Z</time>
   </trkpt>
   <trkpt lat="43.6566430" lon="-79.4074540">
    <ele>106.7</ele>
    <time>2020-05-24T14:06:46Z</time>
   </trkpt>
   <trkpt lat="43.6566490" lon="-79.4074370">
    <ele>106.6</ele>
    <time>2020-05-24T14:06:47Z</time>
   </trkpt>
   <trkpt lat="43.6566620" lon="-79.4073490">
    <ele>106.6</ele>
    <time>2020-05-24T14:06:48Z</time>
   </trkpt>
   <trkpt lat="43.6566770" lon="-79.4073160">
    <ele>106.5</ele>
    <time>2020-05-24T14:06:49Z</time>
   </trkpt>
   <trkpt lat="43.6566990" lon="-79.4072820">
    <ele>106.4</ele>
    <time>2020-05-24T14:06:50Z</time>
   </trkpt>
   <trkpt lat="43.6567200" lon="-79.4072480">
    <ele>106.4</ele>
    <time>2020-05-24T14:06:51Z</time>
   </trkpt>
   <trkpt lat="43.6567220" lon="-79.4072360">
    <ele>106.4</ele>
    <time>2020-05-24T14:06:52Z</time>
   </trkpt>
   <trkpt lat="43.6567260" lon="-79.4071960">
    <ele>106.3</ele>
    <time>2020-05-24T14:06:53Z</time>
   </trkpt>
   <trkpt lat="43.6567290" lon="-79.4071830">
    <ele>106.3</ele>
    <time>2020-05-24T14:06:54Z</time>
   </trkpt>
   <trkpt lat="43.6567400" lon="-79.4071370">
    <ele>106.2</ele>
    <time>2020-05-24T14:06:55Z</time>
   </trkpt>
   <trkpt lat="43.6567600" lon="-79.4070890">
    <ele>106.2</ele>
    <time>2020-05-24T14:06:56Z</time>
   </trkpt>
   <trkpt lat="43.6567680" lon="-79.4070690">
    <ele>106.1</ele>
    <time>2020-05-24T14:06:57Z</time>
   </trkpt>
   <trkpt lat="43.6567750" lon="-79.4070270">
    <ele>106.1</ele>
    <time>2020-05-24T14:06:58Z</time>
   </trkpt>
   <trkpt lat="43.6567860" lon="-79.4069850">
    <ele>106.0</ele>
    <time>2020-05-24T14:06:59Z</time>
   </trkpt>
   <trkpt lat="43.6568000" lon="-79.4069490">
    <ele>106.0</ele>
    <time>2020-05-24T14:07:00Z</time>
   </trkpt>
   <trkpt lat="43.6568190" lon="-79.4069040">
    <ele>105.9</ele>
    <time>2020-05-24T14:07:01Z</time>
   </trkpt>
   <trkpt lat="43.6568280" lon="-79.4068690">
    <ele>105.9</ele>
    <time>2020-05-24T14:07:02Z</time>
   </trkpt>
   <trkpt lat="43.6568410" lon="-79.4068350">
    <ele>105.8</ele>
    <time>2020-05-24T14:07:03Z</time>
   </trkpt>
   <trkpt lat="43.6568580" lon="-79.4068040">
    <ele>105.8</ele>
    <time>2020-05-24T14:07:04Z</time>
   </trkpt>
   <trkpt lat="43.6568660" lon="-79.4067680">
    <ele>105.8</ele>
    <time>2020-05-24T14:07:05Z</time>
   </trkpt>
   <trkpt lat="43.6568780" lon="-79.4067120">
    <ele>105.7</ele>
    <time>2020-05-24T14:07:06Z</time>
   </trkpt>
   <trkpt lat="43.6568790" lon="-79.4066900">
    <ele>105.7</ele>
    <time>2020-05-24T14:07:07Z</time>
   </trkpt>
   <trkpt lat="43.6568800" lon="-79.4066370">
    <ele>105.6</ele>
    <time>2020-05-24T14:07:08Z</time>
   </trkpt>
   <trkpt lat="43.6568780" lon="-79.4065950">
    <ele>105.5</ele>
    <time>2020-05-24T14:07:09Z</time>
   </trkpt>
   <trkpt lat="43.6568780" lon="-79.4065440">
    <ele>105.5</ele>
    <time>2020-05-24T14:07:10Z</time>
   </trkpt>
   <trkpt lat="43.6568760" lon="-79.4065020">
    <ele>105.4</ele>
    <time>2020-05-24T14:07:11Z</time>
   </trkpt>
   <trkpt lat="43.6568840" lon="-79.4064580">
    <ele>105.4</ele>
    <time>2020-05-24T14:07:12Z</time>
   </trkpt>
   <trkpt lat="43.6568940" lon="-79.4064080">
    <ele>105.4</ele>
    <time>2020-05-24T14:07:13Z</time>
   </trkpt>
   <trkpt lat="43.6569030" lon="-79.4063690">
    <ele>105.3</ele>
    <time>2020-05-24T14:07:14Z</time>
   </trkpt>
   <trkpt lat="43.6569110" lon="-79.4063260">
    <ele>105.3</ele>
    <time>2020-05-24T14:07:15Z</time>
   </trkpt>
   <trkpt lat="43.6569210" lon="-79.4062800">
    <ele>105.3</ele>
    <time>2020-05-24T14:07:16Z</time>
   </trkpt>
   <trkpt lat="43.6569290" lon="-79.4062360">
    <ele>105.2</ele>
    <time>2020-05-24T14:07:17Z</time>
   </trkpt>
   <trkpt lat="43.6569400" lon="-79.4061910">
    <ele>105.2</ele>
    <time>2020-05-24T14:07:18Z</time>
   </trkpt>
   <trkpt lat="43.6569440" lon="-79.4061730">
    <ele>105.2</ele>
    <time>2020-05-24T14:07:19Z</time>
   </trkpt>
   <trkpt lat="43.6569520" lon="-79.4061310">
    <ele>105.2</ele>
    <time>2020-05-24T14:07:20Z</time>
   </trkpt>
   <trkpt lat="43.6569640" lon="-79.4060950">
    <ele>105.2</ele>
    <time>2020-05-24T14:07:21Z</time>
   </trkpt>
   <trkpt lat="43.6569680" lon="-79.4060820">
    <ele>105.1</ele>
    <time>2020-05-24T14:07:22Z</time>
   </trkpt>
   <trkpt lat="43.6569750" lon="-79.4060310">
    <ele>105.1</ele>
    <time>2020-05-24T14:07:23Z</time>
   </trkpt>
   <trkpt lat="43.6569780" lon="-79.4060100">
    <ele>105.1</ele>
    <time>2020-05-24T14:07:24Z</time>
   </trkpt>
   <trkpt lat="43.6569880" lon="-79.4059570">
    <ele>105.1</ele>
    <time>2020-05-24T14:07:25Z</time>
   </trkpt>
   <trkpt lat="43.6569990" lon="-79.4059130">
    <ele>105.0</ele>
    <time>2020-05-24T14:07:26Z</time>
   </trkpt>
   <trkpt lat="43.6570050" lon="-79.4058670">
    <ele>105.1</ele>
    <time>2020-05-24T14:07:27Z</time>
   </trkpt>
   <trkpt lat="43.6570120" lon="-79.4058140">
    <ele>105.2</ele>
    <time>2020-05-24T14:07:28Z</time>
   </trkpt>
   <trkpt lat="43.6570150" lon="-79.4057930">
    <ele>105.2</ele>
    <time>2020-05-24T14:07:29Z</time>
   </trkpt>
   <trkpt lat="43.6570270" lon="-79.4057350">
    <ele>105.3</ele>
    <time>2020-05-24T14:07:30Z</time>
   </trkpt>
   <trkpt lat="43.6570340" lon="-79.4057120">
    <ele>105.3</ele>
    <time>2020-05-24T14:07:31Z</time>
   </trkpt>
   <trkpt lat="43.6570480" lon="-79.4056570">
    <ele>105.4</ele>
    <time>2020-05-24T14:07:32Z</time>
   </trkpt>
   <trkpt lat="43.6570530" lon="-79.4056360">
    <ele>105.4</ele>
    <time>2020-05-24T14:07:33Z</time>
   </trkpt>
   <trkpt lat="43.6570690" lon="-79.4056020">
    <ele>105.4</ele>
    <time>2020-05-24T14:07:34Z</time>
   </trkpt>
   <trkpt lat="43.6570850" lon="-79.4055710">
    <ele>105.5</ele>
    <time>2020-05-24T14:07:35Z</time>
   </trkpt>
   <trkpt lat="43.6571030" lon="-79.4055410">
    <ele>105.5</ele>
    <time>2020-05-24T14:07:36Z</time>
   </trkpt>
   <trkpt lat="43.6571090" lon="-79.4055280">
    <ele>105.5</ele>
    <time>2020-05-24T14:07:37Z</time>
   </trkpt>
   <trkpt lat="43.6571250" lon="-79.4054850">
    <ele>105.5</ele>
    <time>2020-05-24T14:07:38Z</time>
   </trkpt>
   <trkpt lat="43.6571230" lon="-79.4054330">
    <ele>105.6</ele>
    <time>2020-05-24T14:07:39Z</time>
   </trkpt>
   <trkpt lat="43.6571220" lon="-79.4053750">
    <ele>105.6</ele>
    <time>2020-05-24T14:07:40Z</time>
   </trkpt>
   <trkpt lat="43.6571220" lon="-79.4053200">
    <ele>105.7</ele>
    <time>2020-05-24T14:07:41Z</time>
   </trkpt>
   <trkpt lat="43.6571260" lon="-79.4052680">
    <ele>105.7</ele>
    <time>2020-05-24T14:07:42Z</time>
   </trkpt>
   <trkpt lat="43.6571380" lon="-79.4052170">
    <ele>105.7</ele>
    <time>2020-05-24T14:07:43Z</time>
   </trkpt>
   <trkpt lat="43.6571410" lon="-79.4051800">
    <ele>105.7</ele>
    <time>2020-05-24T14:07:44Z</time>
   </trkpt>
   <trkpt lat="43.6571420" lon="-79.4051260">
    <ele>105.6</ele>
    <time>2020-05-24T14:07:45Z</time>
   </trkpt>
   <trkpt lat="43.6571480" lon="-79.4051070">
    <ele>105.5</ele>
    <time>2020-05-24T14:07:46Z</time>
   </trkpt>
   <trkpt lat="43.6571600" lon="-79.4050450">
    <ele>105.5</ele>
    <time>2020-05-24T14:07:47Z</time>
   </trkpt>
   <trkpt lat="43.6571600" lon="-79.4050090">
    <ele>105.5</ele>
    <time>2020-05-24T14:07:48Z</time>
   </trkpt>
   <trkpt lat="43.6571650" lon="-79.4049610">
    <ele>105.5</ele>
    <time>2020-05-24T14:07:49Z</time>
   </trkpt>
   <trkpt lat="43.6571750" lon="-79.4049140">
    <ele>105.6</ele>
    <time>2020-05-24T14:07:50Z</time>
   </trkpt>
   <trkpt lat="43.6571830" lon="-79.4048740">
    <ele>105.6</ele>
    <time>2020-05-24T14:07:51Z</time>
   </trkpt>
   <trkpt lat="43.6571880" lon="-79.4048300">
    <ele>105.6</ele>
    <time>2020-05-24T14:07:52Z</time>
   </trkpt>
   <trkpt lat="43.6571940" lon="-79.4047930">
    <ele>105.6</ele>
    <time>2020-05-24T14:07:53Z</time>
   </trkpt>
   <trkpt lat="43.6572060" lon="-79.4047290">
    <ele>105.6</ele>
    <time>2020-05-24T14:07:54Z</time>
   </trkpt>
   <trkpt lat="43.6572110" lon="-79.4046930">
    <ele>105.6</ele>
    <time>2020-05-24T14:07:55Z</time>
   </trkpt>
   <trkpt lat="43.6572190" lon="-79.4046550">
    <ele>105.6</ele>
    <time>2020-05-24T14:07:56Z</time>
   </trkpt>
   <trkpt lat="43.6572370" lon="-79.4046130">
    <ele>105.6</ele>
    <time>2020-05-24T14:07:57Z</time>
   </trkpt>
   <trkpt lat="43.6572410" lon="-79.4045660">
    <ele>105.6</ele>
    <time>2020-05-24T14:07:58Z</time>
   </trkpt>
   <trkpt lat="43.6572400" lon="-79.4045520">
    <ele>105.6</ele>
    <time>2020-05-24T14:07:59Z</time>
   </trkpt>
   <trkpt lat="43.6572520" lon="-79.4045050">
    <ele>105.6</ele>
    <time>2020-05-24T14:08:00Z</time>
   </trkpt>
   <trkpt lat="43.6572570" lon="-79.4044910">
    <ele>105.6</ele>
    <time>2020-05-24T14:08:01Z</time>
   </trkpt>
   <trkpt lat="43.6572650" lon="-79.4044390">
    <ele>105.5</ele>
    <time>2020-05-24T14:08:02Z</time>
   </trkpt>
   <trkpt lat="43.6572930" lon="-79.4044020">
    <ele>105.5</ele>
    <time>2020-05-24T14:08:03Z</time>
   </trkpt>
   <trkpt lat="43.6573050" lon="-79.4043850">
    <ele>105.5</ele>
    <time>2020-05-24T14:08:04Z</time>
   </trkpt>
   <trkpt lat="43.6573250" lon="-79.4043480">
    <ele>105.5</ele>
    <time>2020-05-24T14:08:05Z</time>
   </trkpt>
   <trkpt lat="43.6573380" lon="-79.4043030">
    <ele>105.5</ele>
    <time>2020-05-24T14:08:06Z</time>
   </trkpt>
   <trkpt lat="43.6573560" lon="-79.4042650">
    <ele>105.5</ele>
    <time>2020-05-24T14:08:07Z</time>
   </trkpt>
   <trkpt lat="43.6573700" lon="-79.4042270">
    <ele>105.5</ele>
    <time>2020-05-24T14:08:08Z</time>
   </trkpt>
   <trkpt lat="43.6573700" lon="-79.4041780">
    <ele>105.5</ele>
    <time>2020-05-24T14:08:09Z</time>
   </trkpt>
   <trkpt lat="43.6573640" lon="-79.4041260">
    <ele>105.5</ele>
    <time>2020-05-24T14:08:10Z</time>
   </trkpt>
   <trkpt lat="43.6573620" lon="-79.4040820">
    <ele>105.3</ele>
    <time>2020-05-24T14:08:11Z</time>
   </trkpt>
   <trkpt lat="43.6573540" lon="-79.4040320">
    <ele>105.2</ele>
    <time>2020-05-24T14:08:12Z</time>
   </trkpt>
   <trkpt lat="43.6573550" lon="-79.4039930">
    <ele>105.2</ele>
    <time>2020-05-24T14:08:13Z</time>
   </trkpt>
   <trkpt lat="43.6573600" lon="-79.4039380">
    <ele>105.0</ele>
    <time>2020-05-24T14:08:14Z</time>
   </trkpt>
   <trkpt lat="43.6573690" lon="-79.4038880">
    <ele>105.0</ele>
    <time>2020-05-24T14:08:15Z</time>
   </trkpt>
   <trkpt lat="43.6573750" lon="-79.4038350">
    <ele>105.0</ele>
    <time>2020-05-24T14:08:16Z</time>
   </trkpt>
   <trkpt lat="43.6573810" lon="-79.4037860">
    <ele>104.9</ele>
    <time>2020-05-24T14:08:17Z</time>
   </trkpt>
   <trkpt lat="43.6573930" lon="-79.4037520">
    <ele>104.9</ele>
    <time>2020-05-24T14:08:18Z</time>
   </trkpt>
   <trkpt lat="43.6574060" lon="-79.4037070">
    <ele>104.9</ele>
    <time>2020-05-24T14:08:19Z</time>
   </trkpt>
   <trkpt lat="43.6574080" lon="-79.4036930">
    <ele>104.9</ele>
    <time>2020-05-24T14:08:20Z</time>
   </trkpt>
   <trkpt lat="43.6574230" lon="-79.4036620">
    <ele>104.9</ele>
    <time>2020-05-24T14:08:21Z</time>
   </trkpt>
   <trkpt lat="43.6574360" lon="-79.4036220">
    <ele>104.9</ele>
    <time>2020-05-24T14:08:22Z</time>
   </trkpt>
   <trkpt lat="43.6574520" lon="-79.4035630">
    <ele>104.9</ele>
    <time>2020-05-24T14:08:23Z</time>
   </trkpt>
   <trkpt lat="43.6574560" lon="-79.4035330">
    <ele>104.9</ele>
    <time>2020-05-24T14:08:24Z</time>
   </trkpt>
   <trkpt lat="43.6574770" lon="-79.4034960">
    <ele>104.9</ele>
    <time>2020-05-24T14:08:25Z</time>
   </trkpt>
   <trkpt lat="43.6574840" lon="-79.4034800">
    <ele>104.9</ele>
    <time>2020-05-24T14:08:26Z</time>
   </trkpt>
   <trkpt lat="43.6574970" lon="-79.4034370">
    <ele>104.9</ele>
    <time>2020-05-24T14:08:27Z</time>
   </trkpt>
   <trkpt lat="43.6575140" lon="-79.4034010">
    <ele>104.9</ele>
    <time>2020-05-24T14:08:28Z</time>
   </trkpt>
   <trkpt lat="43.6575190" lon="-79.4033870">
    <ele>105.0</ele>
    <time>2020-05-24T14:08:29Z</time>
   </trkpt>
   <trkpt lat="43.6575340" lon="-79.4033290">
    <ele>105.0</ele>
    <time>2020-05-24T14:08:30Z</time>
   </trkpt>
   <trkpt lat="43.6575410" lon="-79.4032970">
    <ele>105.0</ele>
    <time>2020-05-24T14:08:31Z</time>
   </trkpt>
   <trkpt lat="43.6575580" lon="-79.4032610">
    <ele>105.0</ele>
    <time>2020-05-24T14:08:32Z</time>
   </trkpt>
   <trkpt lat="43.6575640" lon="-79.4032480">
    <ele>105.0</ele>
    <time>2020-05-24T14:08:33Z</time>
   </trkpt>
   <trkpt lat="43.6575820" lon="-79.4032110">
    <ele>105.0</ele>
    <time>2020-05-24T14:08:34Z</time>
   </trkpt>
   <trkpt lat="43.6575840" lon="-79.4031990">
    <ele>105.0</ele>
    <time>2020-05-24T14:08:35Z</time>
   </trkpt>
   <trkpt lat="43.6575970" lon="-79.4031600">
    <ele>105.0</ele>
    <time>2020-05-24T14:08:36Z</time>
   </trkpt>
   <trkpt lat="43.6576000" lon="-79.4031430">
    <ele>105.0</ele>
    <time>2020-05-24T14:08:37Z</time>
   </trkpt>
   <trkpt lat="43.6575910" lon="-79.4030800">
    <ele>105.0</ele>
    <time>2020-05-24T14:08:38Z</time>
   </trkpt>
   <trkpt lat="43.6575940" lon="-79.4030420">
    <ele>105.0</ele>
    <time>2020-05-24T14:08:39Z</time>
   </trkpt>
   <trkpt lat="43.6575900" lon="-79.4030010">
    <ele>105.0</ele>
    <time>2020-05-24T14:08:40Z</time>
   </trkpt>
   <trkpt lat="43.6575950" lon="-79.4029580">
    <ele>104.9</ele>
    <time>2020-05-24T14:08:41Z</time>
   </trkpt>
   <trkpt lat="43.6576040" lon="-79.4029140">
    <ele>104.9</ele>
    <time>2020-05-24T14:08:42Z</time>
   </trkpt>
   <trkpt lat="43.6576070" lon="-79.4028650">
    <ele>104.9</ele>
    <time>2020-05-24T14:08:43Z</time>
   </trkpt>
   <trkpt lat="43.6576170" lon="-79.4028260">
    <ele>104.8</ele>
    <time>2020-05-24T14:08:44Z</time>
   </trkpt>
   <trkpt lat="43.6576340" lon="-79.4027880">
    <ele>104.8</ele>
    <time>2020-05-24T14:08:45Z</time>
   </trkpt>
   <trkpt lat="43.6576430" lon="-79.4027710">
    <ele>104.8</ele>
    <time>2020-05-24T14:08:46Z</time>
   </trkpt>
   <trkpt lat="43.6576640" lon="-79.4027280">
    <ele>104.8</ele>
    <time>2020-05-24T14:08:47Z</time>
   </trkpt>
   <trkpt lat="43.6576690" lon="-79.4027090">
    <ele>104.8</ele>
    <time>2020-05-24T14:08:48Z</time>
   </trkpt>
   <trkpt lat="43.6576800" lon="-79.4026720">
    <ele>104.8</ele>
    <time>2020-05-24T14:08:49Z</time>
   </trkpt>
   <trkpt lat="43.6576840" lon="-79.4026560">
    <ele>104.8</ele>
    <time>2020-05-24T14:08:50Z</time>
   </trkpt>
   <trkpt lat="43.6576930" lon="-79.4026090">
    <ele>104.8</ele>
    <time>2020-05-24T14:08:51Z</time>
   </trkpt>
   <trkpt lat="43.6577010" lon="-79.4025680">
    <ele>104.8</ele>
    <time>2020-05-24T14:08:52Z</time>
   </trkpt>
   <trkpt lat="43.6577020" lon="-79.4025320">
    <ele>104.9</ele>
    <time>2020-05-24T14:08:53Z</time>
   </trkpt>
   <trkpt lat="43.6577140" lon="-79.4025250">
    <ele>104.9</ele>
    <time>2020-05-24T14:08:54Z</time>
   </trkpt>
   <trkpt lat="43.6577280" lon="-79.4024650">
    <ele>104.9</ele>
    <time>2020-05-24T14:08:55Z</time>
   </trkpt>
   <trkpt lat="43.6577340" lon="-79.4024370">
    <ele>104.9</ele>
    <time>2020-05-24T14:08:56Z</time>
   </trkpt>
   <trkpt lat="43.6577460" lon="-79.4024230">
    <ele>104.9</ele>
    <time>2020-05-24T14:08:57Z</time>
   </trkpt>
   <trkpt lat="43.6577570" lon="-79.4024000">
    <ele>104.9</ele>
    <time>2020-05-24T14:08:58Z</time>
   </trkpt>
   <trkpt lat="43.6577710" lon="-79.4023880">
    <ele>104.9</ele>
    <time>2020-05-24T14:08:59Z</time>
   </trkpt>
   <trkpt lat="43.6577880" lon="-79.4023780">
    <ele>104.9</ele>
    <time>2020-05-24T14:09:00Z</time>
   </trkpt>
   <trkpt lat="43.6578080" lon="-79.4023320">
    <ele>104.9</ele>
    <time>2020-05-24T14:09:01Z</time>
   </trkpt>
   <trkpt lat="43.6578240" lon="-79.4022920">
    <ele>104.9</ele>
    <time>2020-05-24T14:09:02Z</time>
   </trkpt>
   <trkpt lat="43.6578320" lon="-79.4022310">
    <ele>104.9</ele>
    <time>2020-05-24T14:09:03Z</time>
   </trkpt>
   <trkpt lat="43.6578190" lon="-79.4021770">
    <ele>105.0</ele>
    <time>2020-05-24T14:09:04Z</time>
   </trkpt>
   <trkpt lat="43.6578150" lon="-79.4021350">
    <ele>105.0</ele>
    <time>2020-05-24T14:09:05Z</time>
   </trkpt>
   <trkpt lat="43.6578130" lon="-79.4020830">
    <ele>105.0</ele>
    <time>2020-05-24T14:09:06Z</time>
   </trkpt>
   <trkpt lat="43.6578090" lon="-79.4020650">
    <ele>105.0</ele>
    <time>2020-05-24T14:09:07Z</time>
   </trkpt>
   <trkpt lat="43.6578130" lon="-79.4020220">
    <ele>105.0</ele>
    <time>2020-05-24T14:09:08Z</time>
   </trkpt>
   <trkpt lat="43.6578210" lon="-79.4019830">
    <ele>105.0</ele>
    <time>2020-05-24T14:09:09Z</time>
   </trkpt>
   <trkpt lat="43.6578220" lon="-79.4019310">
    <ele>105.0</ele>
    <time>2020-05-24T14:09:10Z</time>
   </trkpt>
   <trkpt lat="43.6578150" lon="-79.4018940">
    <ele>105.0</ele>
    <time>2020-05-24T14:09:11Z</time>
   </trkpt>
   <trkpt lat="43.6578130" lon="-79.4018790">
    <ele>105.0</ele>
    <time>2020-05-24T14:09:12Z</time>
   </trkpt>
   <trkpt lat="43.6578380" lon="-79.4018470">
    <ele>105.0</ele>
    <time>2020-05-24T14:09:13Z</time>
   </trkpt>
   <trkpt lat="43.6578530" lon="-79.4018000">
    <ele>104.9</ele>
    <time>2020-05-24T14:09:14Z</time>
   </trkpt>
   <trkpt lat="43.6578590" lon="-79.4017580">
    <ele>104.9</ele>
    <time>2020-05-24T14:09:15Z</time>
   </trkpt>
   <trkpt lat="43.6578700" lon="-79.4017190">
    <ele>104.8</ele>
    <time>2020-05-24T14:09:16Z</time>
   </trkpt>
   <trkpt lat="43.6578790" lon="-79.4016600">
    <ele>104.8</ele>
    <time>2020-05-24T14:09:17Z</time>
   </trkpt>
   <trkpt lat="43.6578790" lon="-79.4016020">
    <ele>104.8</ele>
    <time>2020-05-24T14:09:18Z</time>
   </trkpt>
   <trkpt lat="43.6578890" lon="-79.4015470">
    <ele>104.7</ele>
    <time>2020-05-24T14:09:19Z</time>
   </trkpt>
   <trkpt lat="43.6578970" lon="-79.4015080">
    <ele>104.7</ele>
    <time>2020-05-24T14:09:20Z</time>
   </trkpt>
   <trkpt lat="43.6579070" lon="-79.4014560">
    <ele>104.7</ele>
    <time>2020-05-24T14:09:21Z</time>
   </trkpt>
   <trkpt lat="43.6579100" lon="-79.4014370">
    <ele>104.7</ele>
    <time>2020-05-24T14:09:22Z</time>
   </trkpt>
   <trkpt lat="43.6579210" lon="-79.4013820">
    <ele>104.7</ele>
    <time>2020-05-24T14:09:23Z</time>
   </trkpt>
   <trkpt lat="43.6579240" lon="-79.4013600">
    <ele>104.7</ele>
    <time>2020-05-24T14:09:24Z</time>
   </trkpt>
   <trkpt lat="43.6579310" lon="-79.4012960">
    <ele>104.7</ele>
    <time>2020-05-24T14:09:25Z</time>
   </trkpt>
   <trkpt lat="43.6579470" lon="-79.4012520">
    <ele>104.7</ele>
    <time>2020-05-24T14:09:26Z</time>
   </trkpt>
   <trkpt lat="43.6579500" lon="-79.4012380">
    <ele>104.7</ele>
    <time>2020-05-24T14:09:27Z</time>
   </trkpt>
   <trkpt lat="43.6579660" lon="-79.4012030">
    <ele>104.7</ele>
    <time>2020-05-24T14:09:28Z</time>
   </trkpt>
   <trkpt lat="43.6579720" lon="-79.4011930">
    <ele>104.7</ele>
    <time>2020-05-24T14:09:29Z</time>
   </trkpt>
   <trkpt lat="43.6579890" lon="-79.4011450">
    <ele>104.7</ele>
    <time>2020-05-24T14:09:30Z</time>
   </trkpt>
   <trkpt lat="43.6579940" lon="-79.4011270">
    <ele>104.7</ele>
    <time>2020-05-24T14:09:31Z</time>
   </trkpt>
   <trkpt lat="43.6579890" lon="-79.4010270">
    <ele>104.7</ele>
    <time>2020-05-24T14:09:32Z</time>
   </trkpt>
   <trkpt lat="43.6579890" lon="-79.4009600">
    <ele>104.7</ele>
    <time>2020-05-24T14:09:33Z</time>
   </trkpt>
   <trkpt lat="43.6580040" lon="-79.4009050">
    <ele>104.7</ele>
    <time>2020-05-24T14:09:34Z</time>
   </trkpt>
   <trkpt lat="43.6580230" lon="-79.4008570">
    <ele>104.7</ele>
    <time>2020-05-24T14:09:35Z</time>
   </trkpt>
   <trkpt lat="43.6580320" lon="-79.4008150">
    <ele>104.7</ele>
    <time>2020-05-24T14:09:36Z</time>
   </trkpt>
   <trkpt lat="43.6580470" lon="-79.4007820">
    <ele>104.7</ele>
    <time>2020-05-24T14:09:37Z</time>
   </trkpt>
   <trkpt lat="43.6580600" lon="-79.4007300">
    <ele>104.7</ele>
    <time>2020-05-24T14:09:38Z</time>
   </trkpt>
   <trkpt lat="43.6580570" lon="-79.4007000">
    <ele>104.7</ele>
    <time>2020-05-24T14:09:39Z</time>
   </trkpt>
   <trkpt lat="43.6580590" lon="-79.4006820">
    <ele>104.7</ele>
    <time>2020-05-24T14:09:40Z</time>
   </trkpt>
   <trkpt lat="43.6580670" lon="-79.4006630">
    <ele>104.7</ele>
    <time>2020-05-24T14:09:41Z</time>
   </trkpt>
   <trkpt lat="43.6580840" lon="-79.4006290">
    <ele>104.7</ele>
    <time>2020-05-24T14:09:42Z</time>
   </trkpt>
   <trkpt lat="43.6580880" lon="-79.4006110">
    <ele>104.7</ele>
    <time>2020-05-24T14:09:43Z</time>
   </trkpt>
   <trkpt lat="43.6581000" lon="-79.4005950">
    <ele>104.8</ele>
    <time>2020-05-24T14:09:44Z</time>
   </trkpt>
   <trkpt lat="43.6581120" lon="-79.4005840">
    <ele>104.8</ele>
    <time>2020-05-24T14:09:45Z</time>
   </trkpt>
   <trkpt lat="43.6581290" lon="-79.4005450">
    <ele>104.8</ele>
    <time>2020-05-24T14:09:46Z</time>
   </trkpt>
   <trkpt lat="43.6581270" lon="-79.4005280">
    <ele>104.8</ele>
    <time>2020-05-24T14:09:47Z</time>
   </trkpt>
   <trkpt lat="43.6581330" lon="-79.4005100">
    <ele>104.8</ele>
    <time>2020-05-24T14:09:48Z</time>
   </trkpt>
   <trkpt lat="43.6581270" lon="-79.4004850">
    <ele>104.8</ele>
    <time>2020-05-24T14:09:49Z</time>
   </trkpt>
   <trkpt lat="43.6581110" lon="-79.4004380">
    <ele>104.8</ele>
    <time>2020-05-24T14:09:50Z</time>
   </trkpt>
   <trkpt lat="43.6580990" lon="-79.4003880">
    <ele>104.9</ele>
    <time>2020-05-24T14:09:51Z</time>
   </trkpt>
   <trkpt lat="43.6580940" lon="-79.4003480">
    <ele>104.9</ele>
    <time>2020-05-24T14:09:52Z</time>
   </trkpt>
   <trkpt lat="43.6580790" lon="-79.4003160">
    <ele>104.9</ele>
    <time>2020-05-24T14:09:53Z</time>
   </trkpt>
   <trkpt lat="43.6580590" lon="-79.4002670">
    <ele>104.9</ele>
    <time>2020-05-24T14:09:54Z</time>
   </trkpt>
   <trkpt lat="43.6580490" lon="-79.4002500">
    <ele>104.9</ele>
    <time>2020-05-24T14:09:55Z</time>
   </trkpt>
   <trkpt lat="43.6580230" lon="-79.4002010">
    <ele>104.9</ele>
    <time>2020-05-24T14:09:56Z</time>
   </trkpt>
   <trkpt lat="43.6580100" lon="-79.4001390">
    <ele>104.9</ele>
    <time>2020-05-24T14:09:57Z</time>
   </trkpt>
   <trkpt lat="43.6580100" lon="-79.4000900">
    <ele>104.9</ele>
    <time>2020-05-24T14:09:58Z</time>
   </trkpt>
   <trkpt lat="43.6580130" lon="-79.4000690">
    <ele>104.9</ele>
    <time>2020-05-24T14:09:59Z</time>
   </trkpt>
   <trkpt lat="43.6580240" lon="-79.4000320">
    <ele>104.9</ele>
    <time>2020-05-24T14:10:00Z</time>
   </trkpt>
   <trkpt lat="43.6580290" lon="-79.4000170">
    <ele>104.9</ele>
    <time>2020-05-24T14:10:01Z</time>
   </trkpt>
   <trkpt lat="43.6580490" lon="-79.3999720">
    <ele>104.9</ele>
    <time>2020-05-24T14:10:02Z</time>
   </trkpt>
   <trkpt lat="43.6580650" lon="-79.3999580">
    <ele>104.9</ele>
    <time>2020-05-24T14:10:03Z</time>
   </trkpt>
   <trkpt lat="43.6580720" lon="-79.3998910">
    <ele>104.9</ele>
    <time>2020-05-24T14:10:04Z</time>
   </trkpt>
   <trkpt lat="43.6580920" lon="-79.3998560">
    <ele>104.8</ele>
    <time>2020-05-24T14:10:05Z</time>
   </trkpt>
   <trkpt lat="43.6581230" lon="-79.3998210">
    <ele>104.8</ele>
    <time>2020-05-24T14:10:06Z</time>
   </trkpt>
   <trkpt lat="43.6581490" lon="-79.3997570">
    <ele>104.7</ele>
    <time>2020-05-24T14:10:07Z</time>
   </trkpt>
   <trkpt lat="43.6581660" lon="-79.3997120">
    <ele>104.6</ele>
    <time>2020-05-24T14:10:08Z</time>
   </trkpt>
   <trkpt lat="43.6581820" lon="-79.3996770">
    <ele>104.6</ele>
    <time>2020-05-24T14:10:09Z</time>
   </trkpt>
   <trkpt lat="43.6581890" lon="-79.3996380">
    <ele>104.5</ele>
    <time>2020-05-24T14:10:10Z</time>
   </trkpt>
   <trkpt lat="43.6581880" lon="-79.3995580">
    <ele>104.5</ele>
    <time>2020-05-24T14:10:11Z</time>
   </trkpt>
   <trkpt lat="43.6581990" lon="-79.3995210">
    <ele>104.4</ele>
    <time>2020-05-24T14:10:12Z</time>
   </trkpt>
   <trkpt lat="43.6581920" lon="-79.3994560">
    <ele>104.4</ele>
    <time>2020-05-24T14:10:13Z</time>
   </trkpt>
   <trkpt lat="43.6581790" lon="-79.3994230">
    <ele>104.3</ele>
    <time>2020-05-24T14:10:14Z</time>
   </trkpt>
   <trkpt lat="43.6581730" lon="-79.3993740">
    <ele>104.3</ele>
    <time>2020-05-24T14:10:15Z</time>
   </trkpt>
   <trkpt lat="43.6581650" lon="-79.3993200">
    <ele>104.2</ele>
    <time>2020-05-24T14:10:16Z</time>
   </trkpt>
   <trkpt lat="43.6581630" lon="-79.3992560">
    <ele>104.2</ele>
    <time>2020-05-24T14:10:17Z</time>
   </trkpt>
   <trkpt lat="43.6581620" lon="-79.3991730">
    <ele>104.1</ele>
    <time>2020-05-24T14:10:18Z</time>
   </trkpt>
   <trkpt lat="43.6581660" lon="-79.3991240">
    <ele>104.1</ele>
    <time>2020-05-24T14:10:19Z</time>
   </trkpt>
   <trkpt lat="43.6581700" lon="-79.3990750">
    <ele>104.1</ele>
    <time>2020-05-24T14:10:20Z</time>
   </trkpt>
   <trkpt lat="43.6581770" lon="-79.3990190">
    <ele>104.1</ele>
    <time>2020-05-24T14:10:21Z</time>
   </trkpt>
   <trkpt lat="43.6581830" lon="-79.3989720">
    <ele>104.1</ele>
    <time>2020-05-24T14:10:22Z</time>
   </trkpt>
   <trkpt lat="43.6581940" lon="-79.3989290">
    <ele>104.1</ele>
    <time>2020-05-24T14:10:23Z</time>
   </trkpt>
   <trkpt lat="43.6582100" lon="-79.3988730">
    <ele>104.1</ele>
    <time>2020-05-24T14:10:24Z</time>
   </trkpt>
   <trkpt lat="43.6582170" lon="-79.3988450">
    <ele>104.1</ele>
    <time>2020-05-24T14:10:25Z</time>
   </trkpt>
   <trkpt lat="43.6582290" lon="-79.3988060">
    <ele>104.1</ele>
    <time>2020-05-24T14:10:26Z</time>
   </trkpt>
   <trkpt lat="43.6582450" lon="-79.3987610">
    <ele>104.1</ele>
    <time>2020-05-24T14:10:27Z</time>
   </trkpt>
   <trkpt lat="43.6582590" lon="-79.3987220">
    <ele>104.1</ele>
    <time>2020-05-24T14:10:28Z</time>
   </trkpt>
   <trkpt lat="43.6582880" lon="-79.3986880">
    <ele>104.1</ele>
    <time>2020-05-24T14:10:29Z</time>
   </trkpt>
   <trkpt lat="43.6582990" lon="-79.3986810">
    <ele>104.1</ele>
    <time>2020-05-24T14:10:30Z</time>
   </trkpt>
   <trkpt lat="43.6583160" lon="-79.3986730">
    <ele>104.1</ele>
    <time>2020-05-24T14:10:31Z</time>
   </trkpt>
   <trkpt lat="43.6583290" lon="-79.3986700">
    <ele>104.1</ele>
    <time>2020-05-24T14:10:32Z</time>
   </trkpt>
   <trkpt lat="43.6583380" lon="-79.3986540">
    <ele>104.1</ele>
    <time>2020-05-24T14:10:33Z</time>
   </trkpt>
   <trkpt lat="43.6583500" lon="-79.3986390">
    <ele>104.1</ele>
    <time>2020-05-24T14:10:34Z</time>
   </trkpt>
   <trkpt lat="43.6583570" lon="-79.3986240">
    <ele>104.1</ele>
    <time>2020-05-24T14:10:35Z</time>
   </trkpt>
   <trkpt lat="43.6583590" lon="-79.3986170">
    <ele>104.1</ele>
    <time>2020-05-24T14:10:36Z</time>
   </trkpt>
   <trkpt lat="43.6583620" lon="-79.3986050">
    <ele>104.1</ele>
    <time>2020-05-24T14:10:37Z</time>
   </trkpt>
   <trkpt lat="43.6583780" lon="-79.3985620">
    <ele>104.1</ele>
    <time>2020-05-24T14:10:38Z</time>
   </trkpt>
   <trkpt lat="43.6583920" lon="-79.3985100">
    <ele>104.2</ele>
    <time>2020-05-24T14:10:39Z</time>
   </trkpt>
   <trkpt lat="43.6583980" lon="-79.3984910">
    <ele>104.2</ele>
    <time>2020-05-24T14:10:40Z</time>
   </trkpt>
   <trkpt lat="43.6584070" lon="-79.3984480">
    <ele>104.3</ele>
    <time>2020-05-24T14:10:41Z</time>
   </trkpt>
   <trkpt lat="43.6584180" lon="-79.3984050">
    <ele>104.3</ele>
    <time>2020-05-24T14:10:42Z</time>
   </trkpt>
   <trkpt lat="43.6584260" lon="-79.3983660">
    <ele>104.4</ele>
    <time>2020-05-24T14:10:43Z</time>
   </trkpt>
   <trkpt lat="43.6584320" lon="-79.3983290">
    <ele>104.4</ele>
    <time>2020-05-24T14:10:44Z</time>
   </trkpt>
   <trkpt lat="43.6584460" lon="-79.3982890">
    <ele>104.4</ele>
    <time>2020-05-24T14:10:45Z</time>
   </trkpt>
   <trkpt lat="43.6584500" lon="-79.3982740">
    <ele>104.4</ele>
    <time>2020-05-24T14:10:46Z</time>
   </trkpt>
   <trkpt lat="43.6584480" lon="-79.3982300">
    <ele>104.3</ele>
    <time>2020-05-24T14:10:47Z</time>
   </trkpt>
   <trkpt lat="43.6584440" lon="-79.3981870">
    <ele>104.3</ele>
    <time>2020-05-24T14:10:48Z</time>
   </trkpt>
   <trkpt lat="43.6584430" lon="-79.3981370">
    <ele>104.2</ele>
    <time>2020-05-24T14:10:49Z</time>
   </trkpt>
   <trkpt lat="43.6584560" lon="-79.3980860">
    <ele>104.2</ele>
    <time>2020-05-24T14:10:50Z</time>
   </trkpt>
   <trkpt lat="43.6584680" lon="-79.3980390">
    <ele>104.1</ele>
    <time>2020-05-24T14:10:51Z</time>
   </trkpt>
   <trkpt lat="43.6584730" lon="-79.3980230">
    <ele>104.1</ele>
    <time>2020-05-24T14:10:52Z</time>
   </trkpt>
   <trkpt lat="43.6584840" lon="-79.3979360">
    <ele>104.0</ele>
    <time>2020-05-24T14:10:53Z</time>
   </trkpt>
   <trkpt lat="43.6584960" lon="-79.3978900">
    <ele>104.0</ele>
    <time>2020-05-24T14:10:54Z</time>
   </trkpt>
   <trkpt lat="43.6585100" lon="-79.3978390">
    <ele>103.9</ele>
    <time>2020-05-24T14:10:55Z</time>
   </trkpt>
   <trkpt lat="43.6585240" lon="-79.3977990">
    <ele>103.9</ele>
    <time>2020-05-24T14:10:56Z</time>
   </trkpt>
   <trkpt lat="43.6585220" lon="-79.3977320">
    <ele>103.8</ele>
    <time>2020-05-24T14:10:57Z</time>
   </trkpt>
   <trkpt lat="43.6585290" lon="-79.3976820">
    <ele>103.8</ele>
    <time>2020-05-24T14:10:58Z</time>
   </trkpt>
   <trkpt lat="43.6585370" lon="-79.3976380">
    <ele>103.7</ele>
    <time>2020-05-24T14:10:59Z</time>
   </trkpt>
   <trkpt lat="43.6585320" lon="-79.3975490">
    <ele>103.7</ele>
    <time>2020-05-24T14:11:00Z</time>
   </trkpt>
   <trkpt lat="43.6585390" lon="-79.3975050">
    <ele>103.6</ele>
    <time>2020-05-24T14:11:01Z</time>
   </trkpt>
   <trkpt lat="43.6585450" lon="-79.3974630">
    <ele>103.6</ele>
    <time>2020-05-24T14:11:02Z</time>
   </trkpt>
   <trkpt lat="43.6585570" lon="-79.3974250">
    <ele>103.6</ele>
    <time>2020-05-24T14:11:03Z</time>
   </trkpt>
   <trkpt lat="43.6585640" lon="-79.3973810">
    <ele>103.5</ele>
    <time>2020-05-24T14:11:04Z</time>
   </trkpt>
   <trkpt lat="43.6585650" lon="-79.3973640">
    <ele>103.5</ele>
    <time>2020-05-24T14:11:05Z</time>
   </trkpt>
   <trkpt lat="43.6585740" lon="-79.3973250">
    <ele>103.5</ele>
    <time>2020-05-24T14:11:06Z</time>
   </trkpt>
   <trkpt lat="43.6585760" lon="-79.3972530">
    <ele>103.4</ele>
    <time>2020-05-24T14:11:07Z</time>
   </trkpt>
   <trkpt lat="43.6585890" lon="-79.3972220">
    <ele>103.4</ele>
    <time>2020-05-24T14:11:08Z</time>
   </trkpt>
   <trkpt lat="43.6585860" lon="-79.3971910">
    <ele>103.4</ele>
    <time>2020-05-24T14:11:10Z</time>
   </trkpt>
   <trkpt lat="43.6585930" lon="-79.3971400">
    <ele>103.4</ele>
    <time>2020-05-24T14:11:11Z</time>
   </trkpt>
   <trkpt lat="43.6585960" lon="-79.3971200">
    <ele>103.4</ele>
    <time>2020-05-24T14:11:12Z</time>
   </trkpt>
   <trkpt lat="43.6586120" lon="-79.3970890">
    <ele>103.4</ele>
    <time>2020-05-24T14:11:13Z</time>
   </trkpt>
   <trkpt lat="43.6586230" lon="-79.3970320">
    <ele>103.4</ele>
    <time>2020-05-24T14:11:14Z</time>
   </trkpt>
   <trkpt lat="43.6586400" lon="-79.3969840">
    <ele>103.4</ele>
    <time>2020-05-24T14:11:15Z</time>
   </trkpt>
   <trkpt lat="43.6586540" lon="-79.3969420">
    <ele>103.4</ele>
    <time>2020-05-24T14:11:16Z</time>
   </trkpt>
   <trkpt lat="43.6586590" lon="-79.3968940">
    <ele>103.4</ele>
    <time>2020-05-24T14:11:17Z</time>
   </trkpt>
   <trkpt lat="43.6586650" lon="-79.3968790">
    <ele>103.4</ele>
    <time>2020-05-24T14:11:18Z</time>
   </trkpt>
   <trkpt lat="43.6586800" lon="-79.3968220">
    <ele>103.4</ele>
    <time>2020-05-24T14:11:19Z</time>
   </trkpt>
   <trkpt lat="43.6586800" lon="-79.3967890">
    <ele>103.5</ele>
    <time>2020-05-24T14:11:20Z</time>
   </trkpt>
   <trkpt lat="43.6586990" lon="-79.3967410">
    <ele>103.5</ele>
    <time>2020-05-24T14:11:21Z</time>
   </trkpt>
   <trkpt lat="43.6587050" lon="-79.3967250">
    <ele>103.5</ele>
    <time>2020-05-24T14:11:22Z</time>
   </trkpt>
   <trkpt lat="43.6587150" lon="-79.3966810">
    <ele>103.5</ele>
    <time>2020-05-24T14:11:23Z</time>
   </trkpt>
   <trkpt lat="43.6587180" lon="-79.3966630">
    <ele>103.5</ele>
    <time>2020-05-24T14:11:24Z</time>
   </trkpt>
   <trkpt lat="43.6587290" lon="-79.3966200">
    <ele>103.5</ele>
    <time>2020-05-24T14:11:25Z</time>
   </trkpt>
   <trkpt lat="43.6587260" lon="-79.3965480">
    <ele>103.5</ele>
    <time>2020-05-24T14:11:26Z</time>
   </trkpt>
   <trkpt lat="43.6587350" lon="-79.3965080">
    <ele>103.6</ele>
    <time>2020-05-24T14:11:27Z</time>
   </trkpt>
   <trkpt lat="43.6587430" lon="-79.3964550">
    <ele>103.6</ele>
    <time>2020-05-24T14:11:28Z</time>
   </trkpt>
   <trkpt lat="43.6587460" lon="-79.3964320">
    <ele>103.6</ele>
    <time>2020-05-24T14:11:29Z</time>
   </trkpt>
   <trkpt lat="43.6587500" lon="-79.3963890">
    <ele>103.6</ele>
    <time>2020-05-24T14:11:30Z</time>
   </trkpt>
   <trkpt lat="43.6587510" lon="-79.3963750">
    <ele>103.7</ele>
    <time>2020-05-24T14:11:31Z</time>
   </trkpt>
   <trkpt lat="43.6587420" lon="-79.3963310">
    <ele>103.7</ele>
    <time>2020-05-24T14:11:32Z</time>
   </trkpt>
   <trkpt lat="43.6587420" lon="-79.3963210">
    <ele>103.7</ele>
    <time>2020-05-24T14:11:33Z</time>
   </trkpt>
   <trkpt lat="43.6587340" lon="-79.3963120">
    <ele>103.7</ele>
    <time>2020-05-24T14:11:34Z</time>
   </trkpt>
   <trkpt lat="43.6587350" lon="-79.3963100">
    <ele>103.7</ele>
    <time>2020-05-24T14:11:35Z</time>
   </trkpt>
   <trkpt lat="43.6587350" lon="-79.3963090">
    <ele>103.7</ele>
    <time>2020-05-24T14:11:36Z</time>
   </trkpt>
   <trkpt lat="43.6587350" lon="-79.3963070">
    <ele>103.7</ele>
    <time>2020-05-24T14:11:37Z</time>
   </trkpt>
   <trkpt lat="43.6587350" lon="-79.3963060">
    <ele>103.7</ele>
    <time>2020-05-24T14:11:38Z</time>
   </trkpt>
   <trkpt lat="43.6587360" lon="-79.3963040">
    <ele>103.7</ele>
    <time>2020-05-24T14:11:39Z</time>
   </trkpt>
   <trkpt lat="43.6587360" lon="-79.3963030">
    <ele>103.7</ele>
    <time>2020-05-24T14:11:40Z</time>
   </trkpt>
   <trkpt lat="43.6587360" lon="-79.3963020">
    <ele>103.7</ele>
    <time>2020-05-24T14:11:41Z</time>
   </trkpt>
   <trkpt lat="43.6587360" lon="-79.3963000">
    <ele>103.8</ele>
    <time>2020-05-24T14:11:42Z</time>
   </trkpt>
   <trkpt lat="43.6587370" lon="-79.3962990">
    <ele>103.8</ele>
    <time>2020-05-24T14:11:43Z</time>
   </trkpt>
   <trkpt lat="43.6587370" lon="-79.3962970">
    <ele>103.8</ele>
    <time>2020-05-24T14:11:44Z</time>
   </trkpt>
   <trkpt lat="43.6587370" lon="-79.3962960">
    <ele>103.8</ele>
    <time>2020-05-24T14:11:45Z</time>
   </trkpt>
   <trkpt lat="43.6587370" lon="-79.3962940">
    <ele>103.8</ele>
    <time>2020-05-24T14:11:46Z</time>
   </trkpt>
   <trkpt lat="43.6587380" lon="-79.3962930">
    <ele>103.8</ele>
    <time>2020-05-24T14:11:47Z</time>
   </trkpt>
   <trkpt lat="43.6587380" lon="-79.3962910">
    <ele>103.8</ele>
    <time>2020-05-24T14:11:48Z</time>
   </trkpt>
   <trkpt lat="43.6587380" lon="-79.3962900">
    <ele>103.8</ele>
    <time>2020-05-24T14:11:49Z</time>
   </trkpt>
   <trkpt lat="43.6587380" lon="-79.3962890">
    <ele>103.8</ele>
    <time>2020-05-24T14:11:50Z</time>
   </trkpt>
   <trkpt lat="43.6587390" lon="-79.3962870">
    <ele>103.8</ele>
    <time>2020-05-24T14:11:51Z</time>
   </trkpt>
   <trkpt lat="43.6587390" lon="-79.3962860">
    <ele>103.8</ele>
    <time>2020-05-24T14:11:52Z</time>
   </trkpt>
   <trkpt lat="43.6587390" lon="-79.3962840">
    <ele>103.8</ele>
    <time>2020-05-24T14:11:53Z</time>
   </trkpt>
   <trkpt lat="43.6587390" lon="-79.3962830">
    <ele>103.8</ele>
    <time>2020-05-24T14:11:54Z</time>
   </trkpt>
   <trkpt lat="43.6587400" lon="-79.3962810">
    <ele>103.8</ele>
    <time>2020-05-24T14:11:55Z</time>
   </trkpt>
   <trkpt lat="43.6587400" lon="-79.3962800">
    <ele>103.8</ele>
    <time>2020-05-24T14:11:56Z</time>
   </trkpt>
   <trkpt lat="43.6587400" lon="-79.3962790">
    <ele>103.8</ele>
    <time>2020-05-24T14:11:57Z</time>
   </trkpt>
   <trkpt lat="43.6587400" lon="-79.3962770">
    <ele>103.8</ele>
    <time>2020-05-24T14:11:58Z</time>
   </trkpt>
   <trkpt lat="43.6587410" lon="-79.3962760">
    <ele>103.8</ele>
    <time>2020-05-24T14:11:59Z</time>
   </trkpt>
   <trkpt lat="43.6587410" lon="-79.3962740">
    <ele>103.7</ele>
    <time>2020-05-24T14:12:00Z</time>
   </trkpt>
   <trkpt lat="43.6587410" lon="-79.3962730">
    <ele>103.7</ele>
    <time>2020-05-24T14:12:01Z</time>
   </trkpt>
   <trkpt lat="43.6587410" lon="-79.3962710">
    <ele>103.7</ele>
    <time>2020-05-24T14:12:02Z</time>
   </trkpt>
   <trkpt lat="43.6587420" lon="-79.3962700">
    <ele>103.7</ele>
    <time>2020-05-24T14:12:03Z</time>
   </trkpt>
   <trkpt lat="43.6587420" lon="-79.3962680">
    <ele>103.7</ele>
    <time>2020-05-24T14:12:04Z</time>
   </trkpt>
   <trkpt lat="43.6587420" lon="-79.3962670">
    <ele>103.7</ele>
    <time>2020-05-24T14:12:05Z</time>
   </trkpt>
   <trkpt lat="43.6587420" lon="-79.3962220">
    <ele>103.7</ele>
    <time>2020-05-24T14:12:06Z</time>
   </trkpt>
   <trkpt lat="43.6587430" lon="-79.3962070">
    <ele>103.7</ele>
    <time>2020-05-24T14:12:07Z</time>
   </trkpt>
   <trkpt lat="43.6587490" lon="-79.3961680">
    <ele>103.7</ele>
    <time>2020-05-24T14:12:08Z</time>
   </trkpt>
   <trkpt lat="43.6587590" lon="-79.3961110">
    <ele>103.7</ele>
    <time>2020-05-24T14:12:09Z</time>
   </trkpt>
   <trkpt lat="43.6587630" lon="-79.3960850">
    <ele>103.7</ele>
    <time>2020-05-24T14:12:10Z</time>
   </trkpt>
   <trkpt lat="43.6587780" lon="-79.3960300">
    <ele>103.7</ele>
    <time>2020-05-24T14:12:11Z</time>
   </trkpt>
   <trkpt lat="43.6587850" lon="-79.3959780">
    <ele>103.7</ele>
    <time>2020-05-24T14:12:12Z</time>
   </trkpt>
   <trkpt lat="43.6587870" lon="-79.3959340">
    <ele>103.6</ele>
    <time>2020-05-24T14:12:13Z</time>
   </trkpt>
   <trkpt lat="43.6587970" lon="-79.3958880">
    <ele>103.6</ele>
    <time>2020-05-24T14:12:14Z</time>
   </trkpt>
   <trkpt lat="43.6588120" lon="-79.3958570">
    <ele>103.6</ele>
    <time>2020-05-24T14:12:15Z</time>
   </trkpt>
   <trkpt lat="43.6588270" lon="-79.3958170">
    <ele>103.5</ele>
    <time>2020-05-24T14:12:16Z</time>
   </trkpt>
   <trkpt lat="43.6588390" lon="-79.3957780">
    <ele>103.5</ele>
    <time>2020-05-24T14:12:17Z</time>
   </trkpt>
   <trkpt lat="43.6588510" lon="-79.3957290">
    <ele>103.4</ele>
    <time>2020-05-24T14:12:18Z</time>
   </trkpt>
   <trkpt lat="43.6588660" lon="-79.3956910">
    <ele>103.4</ele>
    <time>2020-05-24T14:12:19Z</time>
   </trkpt>
   <trkpt lat="43.6588810" lon="-79.3956500">
    <ele>103.4</ele>
    <time>2020-05-24T14:12:20Z</time>
   </trkpt>
   <trkpt lat="43.6588920" lon="-79.3956090">
    <ele>103.4</ele>
    <time>2020-05-24T14:12:21Z</time>
   </trkpt>
   <trkpt lat="43.6589040" lon="-79.3955680">
    <ele>103.3</ele>
    <time>2020-05-24T14:12:22Z</time>
   </trkpt>
   <trkpt lat="43.6589130" lon="-79.3955160">
    <ele>103.3</ele>
    <time>2020-05-24T14:12:23Z</time>
   </trkpt>
   <trkpt lat="43.6589150" lon="-79.3954940">
    <ele>103.3</ele>
    <time>2020-05-24T14:12:24Z</time>
   </trkpt>
   <trkpt lat="43.6589130" lon="-79.3954440">
    <ele>103.2</ele>
    <time>2020-05-24T14:12:25Z</time>
   </trkpt>
   <trkpt lat="43.6589040" lon="-79.3954220">
    <ele>103.2</ele>
    <time>2020-05-24T14:12:26Z</time>
   </trkpt>
   <trkpt lat="43.6589100" lon="-79.3953710">
    <ele>103.2</ele>
    <time>2020-05-24T14:12:27Z</time>
   </trkpt>
   <trkpt lat="43.6589130" lon="-79.3953200">
    <ele>103.2</ele>
    <time>2020-05-24T14:12:28Z</time>
   </trkpt>
   <trkpt lat="43.6589190" lon="-79.3952780">
    <ele>103.1</ele>
    <time>2020-05-24T14:12:29Z</time>
   </trkpt>
   <trkpt lat="43.6589170" lon="-79.3952110">
    <ele>103.1</ele>
    <time>2020-05-24T14:12:30Z</time>
   </trkpt>
   <trkpt lat="43.6589210" lon="-79.3951740">
    <ele>103.1</ele>
    <time>2020-05-24T14:12:31Z</time>
   </trkpt>
   <trkpt lat="43.6589170" lon="-79.3951240">
    <ele>103.0</ele>
    <time>2020-05-24T14:12:32Z</time>
   </trkpt>
   <trkpt lat="43.6589190" lon="-79.3951070">
    <ele>103.0</ele>
    <time>2020-05-24T14:12:33Z</time>
   </trkpt>
   <trkpt lat="43.6589310" lon="-79.3950600">
    <ele>103.0</ele>
    <time>2020-05-24T14:12:34Z</time>
   </trkpt>
   <trkpt lat="43.6589520" lon="-79.3950130">
    <ele>103.0</ele>
    <time>2020-05-24T14:12:35Z</time>
   </trkpt>
   <trkpt lat="43.6589620" lon="-79.3949520">
    <ele>102.9</ele>
    <time>2020-05-24T14:12:36Z</time>
   </trkpt>
   <trkpt lat="43.6589750" lon="-79.3949160">
    <ele>102.9</ele>
    <time>2020-05-24T14:12:37Z</time>
   </trkpt>
   <trkpt lat="43.6589910" lon="-79.3948830">
    <ele>102.9</ele>
    <time>2020-05-24T14:12:38Z</time>
   </trkpt>
   <trkpt lat="43.6590120" lon="-79.3948450">
    <ele>102.9</ele>
    <time>2020-05-24T14:12:39Z</time>
   </trkpt>
   <trkpt lat="43.6590330" lon="-79.3948160">
    <ele>102.9</ele>
    <time>2020-05-24T14:12:40Z</time>
   </trkpt>
   <trkpt lat="43.6590500" lon="-79.3947610">
    <ele>102.8</ele>
    <time>2020-05-24T14:12:41Z</time>
   </trkpt>
   <trkpt lat="43.6590560" lon="-79.3947320">
    <ele>102.8</ele>
    <time>2020-05-24T14:12:42Z</time>
   </trkpt>
   <trkpt lat="43.6590760" lon="-79.3946940">
    <ele>102.8</ele>
    <time>2020-05-24T14:12:43Z</time>
   </trkpt>
   <trkpt lat="43.6590830" lon="-79.3946800">
    <ele>102.9</ele>
    <time>2020-05-24T14:12:44Z</time>
   </trkpt>
   <trkpt lat="43.6591020" lon="-79.3946390">
    <ele>102.9</ele>
    <time>2020-05-24T14:12:45Z</time>
   </trkpt>
   <trkpt lat="43.6591020" lon="-79.3946220">
    <ele>102.9</ele>
    <time>2020-05-24T14:12:46Z</time>
   </trkpt>
   <trkpt lat="43.6591160" lon="-79.3945640">
    <ele>102.9</ele>
    <time>2020-05-24T14:12:47Z</time>
   </trkpt>
   <trkpt lat="43.6591260" lon="-79.3945280">
    <ele>102.9</ele>
    <time>2020-05-24T14:12:48Z</time>
   </trkpt>
   <trkpt lat="43.6591440" lon="-79.3944940">
    <ele>102.9</ele>
    <time>2020-05-24T14:12:49Z</time>
   </trkpt>
   <trkpt lat="43.6591490" lon="-79.3944840">
    <ele>102.9</ele>
    <time>2020-05-24T14:12:50Z</time>
   </trkpt>
   <trkpt lat="43.6591690" lon="-79.3944460">
    <ele>102.9</ele>
    <time>2020-05-24T14:12:51Z</time>
   </trkpt>
   <trkpt lat="43.6591760" lon="-79.3944280">
    <ele>102.9</ele>
    <time>2020-05-24T14:12:52Z</time>
   </trkpt>
   <trkpt lat="43.6591880" lon="-79.3943620">
    <ele>103.0</ele>
    <time>2020-05-24T14:12:53Z</time>
   </trkpt>
   <trkpt lat="43.6591930" lon="-79.3943300">
    <ele>103.0</ele>
    <time>2020-05-24T14:12:54Z</time>
   </trkpt>
   <trkpt lat="43.6592030" lon="-79.3942890">
    <ele>103.0</ele>
    <time>2020-05-24T14:12:55Z</time>
   </trkpt>
   <trkpt lat="43.6592130" lon="-79.3942490">
    <ele>103.0</ele>
    <time>2020-05-24T14:12:56Z</time>
   </trkpt>
   <trkpt lat="43.6592140" lon="-79.3942100">
    <ele>103.0</ele>
    <time>2020-05-24T14:12:57Z</time>
   </trkpt>
   <trkpt lat="43.6592220" lon="-79.3941620">
    <ele>103.0</ele>
    <time>2020-05-24T14:12:58Z</time>
   </trkpt>
   <trkpt lat="43.6592230" lon="-79.3941150">
    <ele>103.0</ele>
    <time>2020-05-24T14:12:59Z</time>
   </trkpt>
   <trkpt lat="43.6592270" lon="-79.3940550">
    <ele>102.9</ele>
    <time>2020-05-24T14:13:00Z</time>
   </trkpt>
   <trkpt lat="43.6592360" lon="-79.3940060">
    <ele>102.8</ele>
    <time>2020-05-24T14:13:01Z</time>
   </trkpt>
   <trkpt lat="43.6592510" lon="-79.3939630">
    <ele>102.8</ele>
    <time>2020-05-24T14:13:02Z</time>
   </trkpt>
   <trkpt lat="43.6592590" lon="-79.3939170">
    <ele>102.8</ele>
    <time>2020-05-24T14:13:03Z</time>
   </trkpt>
   <trkpt lat="43.6592650" lon="-79.3938710">
    <ele>102.8</ele>
    <time>2020-05-24T14:13:04Z</time>
   </trkpt>
   <trkpt lat="43.6592780" lon="-79.3938190">
    <ele>102.7</ele>
    <time>2020-05-24T14:13:05Z</time>
   </trkpt>
   <trkpt lat="43.6592910" lon="-79.3937760">
    <ele>102.7</ele>
    <time>2020-05-24T14:13:06Z</time>
   </trkpt>
   <trkpt lat="43.6593070" lon="-79.3937300">
    <ele>102.7</ele>
    <time>2020-05-24T14:13:07Z</time>
   </trkpt>
   <trkpt lat="43.6593040" lon="-79.3936760">
    <ele>102.7</ele>
    <time>2020-05-24T14:13:08Z</time>
   </trkpt>
   <trkpt lat="43.6593040" lon="-79.3936570">
    <ele>102.7</ele>
    <time>2020-05-24T14:13:09Z</time>
   </trkpt>
   <trkpt lat="43.6593130" lon="-79.3936170">
    <ele>102.7</ele>
    <time>2020-05-24T14:13:10Z</time>
   </trkpt>
   <trkpt lat="43.6593240" lon="-79.3935780">
    <ele>102.7</ele>
    <time>2020-05-24T14:13:11Z</time>
   </trkpt>
   <trkpt lat="43.6593260" lon="-79.3935270">
    <ele>102.7</ele>
    <time>2020-05-24T14:13:12Z</time>
   </trkpt>
   <trkpt lat="43.6593400" lon="-79.3934890">
    <ele>102.7</ele>
    <time>2020-05-24T14:13:13Z</time>
   </trkpt>
   <trkpt lat="43.6593510" lon="-79.3934530">
    <ele>102.7</ele>
    <time>2020-05-24T14:13:14Z</time>
   </trkpt>
   <trkpt lat="43.6593660" lon="-79.3934090">
    <ele>102.7</ele>
    <time>2020-05-24T14:13:15Z</time>
   </trkpt>
   <trkpt lat="43.6593700" lon="-79.3933930">
    <ele>102.6</ele>
    <time>2020-05-24T14:13:16Z</time>
   </trkpt>
   <trkpt lat="43.6593880" lon="-79.3933260">
    <ele>102.6</ele>
    <time>2020-05-24T14:13:17Z</time>
   </trkpt>
   <trkpt lat="43.6593960" lon="-79.3932900">
    <ele>102.6</ele>
    <time>2020-05-24T14:13:18Z</time>
   </trkpt>
   <trkpt lat="43.6594100" lon="-79.3932560">
    <ele>102.6</ele>
    <time>2020-05-24T14:13:19Z</time>
   </trkpt>
   <trkpt lat="43.6594260" lon="-79.3932210">
    <ele>102.5</ele>
    <time>2020-05-24T14:13:20Z</time>
   </trkpt>
   <trkpt lat="43.6594560" lon="-79.3931550">
    <ele>102.5</ele>
    <time>2020-05-24T14:13:21Z</time>
   </trkpt>
   <trkpt lat="43.6594650" lon="-79.3931110">
    <ele>102.4</ele>
    <time>2020-05-24T14:13:22Z</time>
   </trkpt>
   <trkpt lat="43.6594840" lon="-79.3930670">
    <ele>102.4</ele>
    <time>2020-05-24T14:13:23Z</time>
   </trkpt>
   <trkpt lat="43.6594920" lon="-79.3930540">
    <ele>102.4</ele>
    <time>2020-05-24T14:13:24Z</time>
   </trkpt>
   <trkpt lat="43.6595110" lon="-79.3930240">
    <ele>102.4</ele>
    <time>2020-05-24T14:13:25Z</time>
   </trkpt>
   <trkpt lat="43.6595240" lon="-79.3929860">
    <ele>102.3</ele>
    <time>2020-05-24T14:13:26Z</time>
   </trkpt>
   <trkpt lat="43.6595280" lon="-79.3929770">
    <ele>102.3</ele>
    <time>2020-05-24T14:13:27Z</time>
   </trkpt>
   <trkpt lat="43.6595400" lon="-79.3929340">
    <ele>102.3</ele>
    <time>2020-05-24T14:13:28Z</time>
   </trkpt>
   <trkpt lat="43.6595440" lon="-79.3929230">
    <ele>102.3</ele>
    <time>2020-05-24T14:13:29Z</time>
   </trkpt>
   <trkpt lat="43.6595520" lon="-79.3928820">
    <ele>102.3</ele>
    <time>2020-05-24T14:13:30Z</time>
   </trkpt>
   <trkpt lat="43.6595510" lon="-79.3928680">
    <ele>102.2</ele>
    <time>2020-05-24T14:13:31Z</time>
   </trkpt>
   <trkpt lat="43.6595640" lon="-79.3928330">
    <ele>102.2</ele>
    <time>2020-05-24T14:13:32Z</time>
   </trkpt>
   <trkpt lat="43.6595720" lon="-79.3927850">
    <ele>102.2</ele>
    <time>2020-05-24T14:13:33Z</time>
   </trkpt>
   <trkpt lat="43.6595740" lon="-79.3927670">
    <ele>102.2</ele>
    <time>2020-05-24T14:13:34Z</time>
   </trkpt>
   <trkpt lat="43.6595720" lon="-79.3927160">
    <ele>102.2</ele>
    <time>2020-05-24T14:13:35Z</time>
   </trkpt>
   <trkpt lat="43.6595710" lon="-79.3926610">
    <ele>102.2</ele>
    <time>2020-05-24T14:13:36Z</time>
   </trkpt>
   <trkpt lat="43.6595680" lon="-79.3926150">
    <ele>102.2</ele>
    <time>2020-05-24T14:13:37Z</time>
   </trkpt>
   <trkpt lat="43.6595780" lon="-79.3925000">
    <ele>101.9</ele>
    <time>2020-05-24T14:13:38Z</time>
   </trkpt>
   <trkpt lat="43.6595790" lon="-79.3924590">
    <ele>101.9</ele>
    <time>2020-05-24T14:13:39Z</time>
   </trkpt>
   <trkpt lat="43.6595870" lon="-79.3924140">
    <ele>101.9</ele>
    <time>2020-05-24T14:13:40Z</time>
   </trkpt>
   <trkpt lat="43.6595980" lon="-79.3923620">
    <ele>101.8</ele>
    <time>2020-05-24T14:13:41Z</time>
   </trkpt>
   <trkpt lat="43.6596060" lon="-79.3923080">
    <ele>101.8</ele>
    <time>2020-05-24T14:13:42Z</time>
   </trkpt>
   <trkpt lat="43.6596300" lon="-79.3922700">
    <ele>101.8</ele>
    <time>2020-05-24T14:13:43Z</time>
   </trkpt>
   <trkpt lat="43.6596390" lon="-79.3922550">
    <ele>101.8</ele>
    <time>2020-05-24T14:13:44Z</time>
   </trkpt>
   <trkpt lat="43.6596550" lon="-79.3922020">
    <ele>101.8</ele>
    <time>2020-05-24T14:13:45Z</time>
   </trkpt>
   <trkpt lat="43.6596740" lon="-79.3921630">
    <ele>101.8</ele>
    <time>2020-05-24T14:13:46Z</time>
   </trkpt>
   <trkpt lat="43.6596810" lon="-79.3921470">
    <ele>101.8</ele>
    <time>2020-05-24T14:13:47Z</time>
   </trkpt>
   <trkpt lat="43.6596890" lon="-79.3921070">
    <ele>101.8</ele>
    <time>2020-05-24T14:13:48Z</time>
   </trkpt>
   <trkpt lat="43.6596930" lon="-79.3920680">
    <ele>101.9</ele>
    <time>2020-05-24T14:13:49Z</time>
   </trkpt>
   <trkpt lat="43.6596910" lon="-79.3920170">
    <ele>101.9</ele>
    <time>2020-05-24T14:13:50Z</time>
   </trkpt>
   <trkpt lat="43.6596910" lon="-79.3920000">
    <ele>101.9</ele>
    <time>2020-05-24T14:13:51Z</time>
   </trkpt>
   <trkpt lat="43.6597040" lon="-79.3919620">
    <ele>101.9</ele>
    <time>2020-05-24T14:13:52Z</time>
   </trkpt>
   <trkpt lat="43.6597160" lon="-79.3919180">
    <ele>101.9</ele>
    <time>2020-05-24T14:13:53Z</time>
   </trkpt>
   <trkpt lat="43.6597180" lon="-79.3919060">
    <ele>101.9</ele>
    <time>2020-05-24T14:13:54Z</time>
   </trkpt>
   <trkpt lat="43.6597270" lon="-79.3918590">
    <ele>102.0</ele>
    <time>2020-05-24T14:13:55Z</time>
   </trkpt>
   <trkpt lat="43.6597300" lon="-79.3918430">
    <ele>102.0</ele>
    <time>2020-05-24T14:13:56Z</time>
   </trkpt>
   <trkpt lat="43.6597320" lon="-79.3917740">
    <ele>102.0</ele>
    <time>2020-05-24T14:13:57Z</time>
   </trkpt>
   <trkpt lat="43.6597440" lon="-79.3917330">
    <ele>102.0</ele>
    <time>2020-05-24T14:13:58Z</time>
   </trkpt>
   <trkpt lat="43.6597490" lon="-79.3917200">
    <ele>102.0</ele>
    <time>2020-05-24T14:13:59Z</time>
   </trkpt>
   <trkpt lat="43.6597570" lon="-79.3916830">
    <ele>102.0</ele>
    <time>2020-05-24T14:14:00Z</time>
   </trkpt>
   <trkpt lat="43.6597590" lon="-79.3916680">
    <ele>102.0</ele>
    <time>2020-05-24T14:14:01Z</time>
   </trkpt>
   <trkpt lat="43.6597600" lon="-79.3916140">
    <ele>102.0</ele>
    <time>2020-05-24T14:14:02Z</time>
   </trkpt>
   <trkpt lat="43.6597740" lon="-79.3915720">
    <ele>102.1</ele>
    <time>2020-05-24T14:14:03Z</time>
   </trkpt>
   <trkpt lat="43.6597780" lon="-79.3915580">
    <ele>102.1</ele>
    <time>2020-05-24T14:14:04Z</time>
   </trkpt>
   <trkpt lat="43.6597820" lon="-79.3915180">
    <ele>102.1</ele>
    <time>2020-05-24T14:14:05Z</time>
   </trkpt>
   <trkpt lat="43.6597830" lon="-79.3915060">
    <ele>102.1</ele>
    <time>2020-05-24T14:14:06Z</time>
   </trkpt>
   <trkpt lat="43.6597910" lon="-79.3914650">
    <ele>102.1</ele>
    <time>2020-05-24T14:14:07Z</time>
   </trkpt>
   <trkpt lat="43.6598010" lon="-79.3914140">
    <ele>102.2</ele>
    <time>2020-05-24T14:14:08Z</time>
   </trkpt>
   <trkpt lat="43.6598060" lon="-79.3913940">
    <ele>102.2</ele>
    <time>2020-05-24T14:14:09Z</time>
   </trkpt>
   <trkpt lat="43.6598120" lon="-79.3912790">
    <ele>102.0</ele>
    <time>2020-05-24T14:14:10Z</time>
   </trkpt>
   <trkpt lat="43.6598140" lon="-79.3912280">
    <ele>101.9</ele>
    <time>2020-05-24T14:14:11Z</time>
   </trkpt>
   <trkpt lat="43.6598250" lon="-79.3911770">
    <ele>101.9</ele>
    <time>2020-05-24T14:14:12Z</time>
   </trkpt>
   <trkpt lat="43.6598290" lon="-79.3911590">
    <ele>101.9</ele>
    <time>2020-05-24T14:14:13Z</time>
   </trkpt>
   <trkpt lat="43.6598370" lon="-79.3911230">
    <ele>101.9</ele>
    <time>2020-05-24T14:14:14Z</time>
   </trkpt>
   <trkpt lat="43.6598500" lon="-79.3910710">
    <ele>102.0</ele>
    <time>2020-05-24T14:14:15Z</time>
   </trkpt>
   <trkpt lat="43.6598550" lon="-79.3910510">
    <ele>102.0</ele>
    <time>2020-05-24T14:14:16Z</time>
   </trkpt>
   <trkpt lat="43.6598610" lon="-79.3910130">
    <ele>102.0</ele>
    <time>2020-05-24T14:14:17Z</time>
   </trkpt>
   <trkpt lat="43.6598740" lon="-79.3909760">
    <ele>102.0</ele>
    <time>2020-05-24T14:14:18Z</time>
   </trkpt>
   <trkpt lat="43.6598880" lon="-79.3909260">
    <ele>102.1</ele>
    <time>2020-05-24T14:14:19Z</time>
   </trkpt>
   <trkpt lat="43.6598920" lon="-79.3909090">
    <ele>102.1</ele>
    <time>2020-05-24T14:14:20Z</time>
   </trkpt>
   <trkpt lat="43.6599020" lon="-79.3908730">
    <ele>102.1</ele>
    <time>2020-05-24T14:14:21Z</time>
   </trkpt>
   <trkpt lat="43.6598900" lon="-79.3908300">
    <ele>102.2</ele>
    <time>2020-05-24T14:14:22Z</time>
   </trkpt>
   <trkpt lat="43.6598820" lon="-79.3908180">
    <ele>102.2</ele>
    <time>2020-05-24T14:14:23Z</time>
   </trkpt>
   <trkpt lat="43.6598650" lon="-79.3908060">
    <ele>102.2</ele>
    <time>2020-05-24T14:14:24Z</time>
   </trkpt>
   <trkpt lat="43.6598670" lon="-79.3908030">
    <ele>102.2</ele>
    <time>2020-05-24T14:14:25Z</time>
   </trkpt>
   <trkpt lat="43.6598690" lon="-79.3908010">
    <ele>102.2</ele>
    <time>2020-05-24T14:14:26Z</time>
   </trkpt>
   <trkpt lat="43.6598700" lon="-79.3908000">
    <ele>102.2</ele>
    <time>2020-05-24T14:14:27Z</time>
   </trkpt>
   <trkpt lat="43.6598710" lon="-79.3907970">
    <ele>102.2</ele>
    <time>2020-05-24T14:14:28Z</time>
   </trkpt>
   <trkpt lat="43.6598610" lon="-79.3908050">
    <ele>102.2</ele>
    <time>2020-05-24T14:14:29Z</time>
   </trkpt>
   <trkpt lat="43.6598640" lon="-79.3908200">
    <ele>102.3</ele>
    <time>2020-05-24T14:14:30Z</time>
   </trkpt>
   <trkpt lat="43.6598630" lon="-79.3908470">
    <ele>102.3</ele>
    <time>2020-05-24T14:14:31Z</time>
   </trkpt>
   <trkpt lat="43.6598640" lon="-79.3908470">
    <ele>102.3</ele>
    <time>2020-05-24T14:14:32Z</time>
   </trkpt>
   <trkpt lat="43.6598640" lon="-79.3908490">
    <ele>102.3</ele>
    <time>2020-05-24T14:14:33Z</time>
   </trkpt>
   <trkpt lat="43.6598650" lon="-79.3908490">
    <ele>102.3</ele>
    <time>2020-05-24T14:14:34Z</time>
   </trkpt>
   <trkpt lat="43.6598650" lon="-79.3908490">
    <ele>102.3</ele>
    <time>2020-05-24T14:14:35Z</time>
   </trkpt>
   <trkpt lat="43.6598650" lon="-79.3908500">
    <ele>102.3</ele>
    <time>2020-05-24T14:14:36Z</time>
   </trkpt>
   <trkpt lat="43.6598640" lon="-79.3908490">
    <ele>102.3</ele>
    <time>2020-05-24T14:14:37Z</time>
   </trkpt>
   <trkpt lat="43.6598640" lon="-79.3908480">
    <ele>102.3</ele>
    <time>2020-05-24T14:14:38Z</time>
   </trkpt>
   <trkpt lat="43.6598640" lon="-79.3908480">
    <ele>102.3</ele>
    <time>2020-05-24T14:14:39Z</time>
   </trkpt>
   <trkpt lat="43.6598660" lon="-79.3908460">
    <ele>102.3</ele>
    <time>2020-05-24T14:14:40Z</time>
   </trkpt>
   <trkpt lat="43.6598660" lon="-79.3908460">
    <ele>102.3</ele>
    <time>2020-05-24T14:14:41Z</time>
   </trkpt>
   <trkpt lat="43.6598640" lon="-79.3908460">
    <ele>102.3</ele>
    <time>2020-05-24T14:14:42Z</time>
   </trkpt>
   <trkpt lat="43.6598630" lon="-79.3908450">
    <ele>102.3</ele>
    <time>2020-05-24T14:14:43Z</time>
   </trkpt>
   <trkpt lat="43.6598620" lon="-79.3908450">
    <ele>102.3</ele>
    <time>2020-05-24T14:14:44Z</time>
   </trkpt>
   <trkpt lat="43.6598620" lon="-79.3908440">
    <ele>102.3</ele>
    <time>2020-05-24T14:14:45Z</time>
   </trkpt>
   <trkpt lat="43.6598620" lon="-79.3908440">
    <ele>102.3</ele>
    <time>2020-05-24T14:14:46Z</time>
   </trkpt>
   <trkpt lat="43.6598620" lon="-79.3908440">
    <ele>102.3</ele>
    <time>2020-05-24T14:14:47Z</time>
   </trkpt>
   <trkpt lat="43.6598620" lon="-79.3908440">
    <ele>102.3</ele>
    <time>2020-05-24T14:14:48Z</time>
   </trkpt>
   <trkpt lat="43.6598620" lon="-79.3908440">
    <ele>102.3</ele>
    <time>2020-05-24T14:14:49Z</time>
   </trkpt>
   <trkpt lat="43.6598620" lon="-79.3908440">
    <ele>102.3</ele>
    <time>2020-05-24T14:14:50Z</time>
   </trkpt>
   <trkpt lat="43.6598620" lon="-79.3908450">
    <ele>102.3</ele>
    <time>2020-05-24T14:14:51Z</time>
   </trkpt>
   <trkpt lat="43.6598640" lon="-79.3908450">
    <ele>102.3</ele>
    <time>2020-05-24T14:14:52Z</time>
   </trkpt>
   <trkpt lat="43.6598640" lon="-79.3908450">
    <ele>102.3</ele>
    <time>2020-05-24T14:14:53Z</time>
   </trkpt>
   <trkpt lat="43.6598640" lon="-79.3908450">
    <ele>102.3</ele>
    <time>2020-05-24T14:14:54Z</time>
   </trkpt>
   <trkpt lat="43.6598650" lon="-79.3908440">
    <ele>102.3</ele>
    <time>2020-05-24T14:14:55Z</time>
   </trkpt>
   <trkpt lat="43.6598650" lon="-79.3908450">
    <ele>102.3</ele>
    <time>2020-05-24T14:14:56Z</time>
   </trkpt>
   <trkpt lat="43.6598640" lon="-79.3908450">
    <ele>102.3</ele>
    <time>2020-05-24T14:14:57Z</time>
   </trkpt>
   <trkpt lat="43.6598630" lon="-79.3908450">
    <ele>102.3</ele>
    <time>2020-05-24T14:14:58Z</time>
   </trkpt>
   <trkpt lat="43.6598630" lon="-79.3908450">
    <ele>102.3</ele>
    <time>2020-05-24T14:14:59Z</time>
   </trkpt>
   <trkpt lat="43.6598630" lon="-79.3908440">
    <ele>102.3</ele>
    <time>2020-05-24T14:15:00Z</time>
   </trkpt>
   <trkpt lat="43.6598640" lon="-79.3908430">
    <ele>102.3</ele>
    <time>2020-05-24T14:15:01Z</time>
   </trkpt>
   <trkpt lat="43.6598650" lon="-79.3908430">
    <ele>102.3</ele>
    <time>2020-05-24T14:15:02Z</time>
   </trkpt>
   <trkpt lat="43.6598650" lon="-79.3908430">
    <ele>102.3</ele>
    <time>2020-05-24T14:15:03Z</time>
   </trkpt>
   <trkpt lat="43.6598660" lon="-79.3908440">
    <ele>102.3</ele>
    <time>2020-05-24T14:15:04Z</time>
   </trkpt>
   <trkpt lat="43.6598660" lon="-79.3908430">
    <ele>102.3</ele>
    <time>2020-05-24T14:15:05Z</time>
   </trkpt>
   <trkpt lat="43.6598660" lon="-79.3908420">
    <ele>102.3</ele>
    <time>2020-05-24T14:15:06Z</time>
   </trkpt>
   <trkpt lat="43.6598630" lon="-79.3908280">
    <ele>102.3</ele>
    <time>2020-05-24T14:15:07Z</time>
   </trkpt>
   <trkpt lat="43.6598580" lon="-79.3907990">
    <ele>102.4</ele>
    <time>2020-05-24T14:15:08Z</time>
   </trkpt>
   <trkpt lat="43.6598610" lon="-79.3907530">
    <ele>102.5</ele>
    <time>2020-05-24T14:15:09Z</time>
   </trkpt>
   <trkpt lat="43.6598720" lon="-79.3907070">
    <ele>102.5</ele>
    <time>2020-05-24T14:15:10Z</time>
   </trkpt>
   <trkpt lat="43.6598850" lon="-79.3906580">
    <ele>102.5</ele>
    <time>2020-05-24T14:15:11Z</time>
   </trkpt>
   <trkpt lat="43.6598980" lon="-79.3906070">
    <ele>102.6</ele>
    <time>2020-05-24T14:15:12Z</time>
   </trkpt>
   <trkpt lat="43.6599120" lon="-79.3905600">
    <ele>102.6</ele>
    <time>2020-05-24T14:15:13Z</time>
   </trkpt>
   <trkpt lat="43.6599280" lon="-79.3905160">
    <ele>102.6</ele>
    <time>2020-05-24T14:15:14Z</time>
   </trkpt>
   <trkpt lat="43.6599460" lon="-79.3904770">
    <ele>102.7</ele>
    <time>2020-05-24T14:15:15Z</time>
   </trkpt>
   <trkpt lat="43.6599620" lon="-79.3904310">
    <ele>102.7</ele>
    <time>2020-05-24T14:15:16Z</time>
   </trkpt>
   <trkpt lat="43.6599690" lon="-79.3904140">
    <ele>102.7</ele>
    <time>2020-05-24T14:15:17Z</time>
   </trkpt>
   <trkpt lat="43.6599870" lon="-79.3903720">
    <ele>102.7</ele>
    <time>2020-05-24T14:15:18Z</time>
   </trkpt>
   <trkpt lat="43.6600070" lon="-79.3903390">
    <ele>102.5</ele>
    <time>2020-05-24T14:15:19Z</time>
   </trkpt>
   <trkpt lat="43.6600140" lon="-79.3903280">
    <ele>102.5</ele>
    <time>2020-05-24T14:15:20Z</time>
   </trkpt>
   <trkpt lat="43.6600500" lon="-79.3903120">
    <ele>102.4</ele>
    <time>2020-05-24T14:15:21Z</time>
   </trkpt>
   <trkpt lat="43.6600640" lon="-79.3903040">
    <ele>102.4</ele>
    <time>2020-05-24T14:15:22Z</time>
   </trkpt>
   <trkpt lat="43.6600930" lon="-79.3902920">
    <ele>102.4</ele>
    <time>2020-05-24T14:15:23Z</time>
   </trkpt>
   <trkpt lat="43.6601290" lon="-79.3902780">
    <ele>102.4</ele>
    <time>2020-05-24T14:15:24Z</time>
   </trkpt>
   <trkpt lat="43.6601580" lon="-79.3902690">
    <ele>102.4</ele>
    <time>2020-05-24T14:15:25Z</time>
   </trkpt>
   <trkpt lat="43.6601870" lon="-79.3902610">
    <ele>102.5</ele>
    <time>2020-05-24T14:15:26Z</time>
   </trkpt>
   <trkpt lat="43.6602210" lon="-79.3902520">
    <ele>102.5</ele>
    <time>2020-05-24T14:15:27Z</time>
   </trkpt>
   <trkpt lat="43.6602480" lon="-79.3902520">
    <ele>102.6</ele>
    <time>2020-05-24T14:15:28Z</time>
   </trkpt>
   <trkpt lat="43.6602830" lon="-79.3902510">
    <ele>102.6</ele>
    <time>2020-05-24T14:15:29Z</time>
   </trkpt>
   <trkpt lat="43.6603160" lon="-79.3902620">
    <ele>102.6</ele>
    <time>2020-05-24T14:15:30Z</time>
   </trkpt>
   <trkpt lat="43.6603600" lon="-79.3902610">
    <ele>102.7</ele>
    <time>2020-05-24T14:15:31Z</time>
   </trkpt>
   <trkpt lat="43.6603910" lon="-79.3902620">
    <ele>102.7</ele>
    <time>2020-05-24T14:15:32Z</time>
   </trkpt>
   <trkpt lat="43.6604200" lon="-79.3902610">
    <ele>102.8</ele>
    <time>2020-05-24T14:15:33Z</time>
   </trkpt>
   <trkpt lat="43.6604570" lon="-79.3902640">
    <ele>102.9</ele>
    <time>2020-05-24T14:15:34Z</time>
   </trkpt>
   <trkpt lat="43.6604970" lon="-79.3902700">
    <ele>103.0</ele>
    <time>2020-05-24T14:15:35Z</time>
   </trkpt>
   <trkpt lat="43.6605330" lon="-79.3902750">
    <ele>103.1</ele>
    <time>2020-05-24T14:15:36Z</time>
   </trkpt>
   <trkpt lat="43.6605720" lon="-79.3902820">
    <ele>103.3</ele>
    <time>2020-05-24T14:15:37Z</time>
   </trkpt>
   <trkpt lat="43.6606010" lon="-79.3902860">
    <ele>103.4</ele>
    <time>2020-05-24T14:15:38Z</time>
   </trkpt>
   <trkpt lat="43.6606450" lon="-79.3902850">
    <ele>103.6</ele>
    <time>2020-05-24T14:15:39Z</time>
   </trkpt>
   <trkpt lat="43.6606610" lon="-79.3902840">
    <ele>103.7</ele>
    <time>2020-05-24T14:15:40Z</time>
   </trkpt>
   <trkpt lat="43.6606940" lon="-79.3902780">
    <ele>103.8</ele>
    <time>2020-05-24T14:15:41Z</time>
   </trkpt>
   <trkpt lat="43.6607320" lon="-79.3902800">
    <ele>103.9</ele>
    <time>2020-05-24T14:15:42Z</time>
   </trkpt>
   <trkpt lat="43.6607450" lon="-79.3902790">
    <ele>104.0</ele>
    <time>2020-05-24T14:15:43Z</time>
   </trkpt>
   <trkpt lat="43.6607860" lon="-79.3902770">
    <ele>104.1</ele>
    <time>2020-05-24T14:15:44Z</time>
   </trkpt>
   <trkpt lat="43.6608010" lon="-79.3902760">
    <ele>104.2</ele>
    <time>2020-05-24T14:15:45Z</time>
   </trkpt>
   <trkpt lat="43.6608310" lon="-79.3902670">
    <ele>104.3</ele>
    <time>2020-05-24T14:15:46Z</time>
   </trkpt>
   <trkpt lat="43.6608630" lon="-79.3902530">
    <ele>104.3</ele>
    <time>2020-05-24T14:15:47Z</time>
   </trkpt>
   <trkpt lat="43.6608720" lon="-79.3902470">
    <ele>104.3</ele>
    <time>2020-05-24T14:15:48Z</time>
   </trkpt>
   <trkpt lat="43.6609040" lon="-79.3902130">
    <ele>104.4</ele>
    <time>2020-05-24T14:15:49Z</time>
   </trkpt>
   <trkpt lat="43.6609140" lon="-79.3901950">
    <ele>104.4</ele>
    <time>2020-05-24T14:15:50Z</time>
   </trkpt>
   <trkpt lat="43.6609380" lon="-79.3901610">
    <ele>104.5</ele>
    <time>2020-05-24T14:15:51Z</time>
   </trkpt>
   <trkpt lat="43.6609670" lon="-79.3901240">
    <ele>104.5</ele>
    <time>2020-05-24T14:15:52Z</time>
   </trkpt>
   <trkpt lat="43.6609760" lon="-79.3901120">
    <ele>104.6</ele>
    <time>2020-05-24T14:15:53Z</time>
   </trkpt>
   <trkpt lat="43.6610160" lon="-79.3900860">
    <ele>104.6</ele>
    <time>2020-05-24T14:15:54Z</time>
   </trkpt>
   <trkpt lat="43.6610380" lon="-79.3900600">
    <ele>104.7</ele>
    <time>2020-05-24T14:15:55Z</time>
   </trkpt>
   <trkpt lat="43.6610720" lon="-79.3900330">
    <ele>104.8</ele>
    <time>2020-05-24T14:15:56Z</time>
   </trkpt>
   <trkpt lat="43.6611020" lon="-79.3900040">
    <ele>104.9</ele>
    <time>2020-05-24T14:15:57Z</time>
   </trkpt>
   <trkpt lat="43.6611310" lon="-79.3899770">
    <ele>105.0</ele>
    <time>2020-05-24T14:15:58Z</time>
   </trkpt>
   <trkpt lat="43.6611640" lon="-79.3899480">
    <ele>105.1</ele>
    <time>2020-05-24T14:15:59Z</time>
   </trkpt>
   <trkpt lat="43.6611910" lon="-79.3899250">
    <ele>105.1</ele>
    <time>2020-05-24T14:16:00Z</time>
   </trkpt>
   <trkpt lat="43.6612260" lon="-79.3898990">
    <ele>105.2</ele>
    <time>2020-05-24T14:16:01Z</time>
   </trkpt>
   <trkpt lat="43.6612450" lon="-79.3898860">
    <ele>105.3</ele>
    <time>2020-05-24T14:16:02Z</time>
   </trkpt>
   <trkpt lat="43.6612690" lon="-79.3898640">
    <ele>105.3</ele>
    <time>2020-05-24T14:16:03Z</time>
   </trkpt>
   <trkpt lat="43.6612950" lon="-79.3898390">
    <ele>105.4</ele>
    <time>2020-05-24T14:16:04Z</time>
   </trkpt>
   <trkpt lat="43.6613240" lon="-79.3898160">
    <ele>105.5</ele>
    <time>2020-05-24T14:16:05Z</time>
   </trkpt>
   <trkpt lat="43.6613340" lon="-79.3898090">
    <ele>105.6</ele>
    <time>2020-05-24T14:16:06Z</time>
   </trkpt>
   <trkpt lat="43.6613580" lon="-79.3897840">
    <ele>105.7</ele>
    <time>2020-05-24T14:16:07Z</time>
   </trkpt>
   <trkpt lat="43.6613710" lon="-79.3897710">
    <ele>105.7</ele>
    <time>2020-05-24T14:16:08Z</time>
   </trkpt>
   <trkpt lat="43.6613870" lon="-79.3897580">
    <ele>105.8</ele>
    <time>2020-05-24T14:16:09Z</time>
   </trkpt>
   <trkpt lat="43.6614010" lon="-79.3897510">
    <ele>105.8</ele>
    <time>2020-05-24T14:16:10Z</time>
   </trkpt>
   <trkpt lat="43.6614240" lon="-79.3897270">
    <ele>105.9</ele>
    <time>2020-05-24T14:16:11Z</time>
   </trkpt>
   <trkpt lat="43.6614590" lon="-79.3897140">
    <ele>106.0</ele>
    <time>2020-05-24T14:16:12Z</time>
   </trkpt>
   <trkpt lat="43.6614720" lon="-79.3897110">
    <ele>106.1</ele>
    <time>2020-05-24T14:16:13Z</time>
   </trkpt>
   <trkpt lat="43.6615110" lon="-79.3897120">
    <ele>106.2</ele>
    <time>2020-05-24T14:16:14Z</time>
   </trkpt>
   <trkpt lat="43.6615400" lon="-79.3897070">
    <ele>106.3</ele>
    <time>2020-05-24T14:16:15Z</time>
   </trkpt>
   <trkpt lat="43.6615700" lon="-79.3897020">
    <ele>106.3</ele>
    <time>2020-05-24T14:16:16Z</time>
   </trkpt>
   <trkpt lat="43.6615980" lon="-79.3896910">
    <ele>106.4</ele>
    <time>2020-05-24T14:16:17Z</time>
   </trkpt>
   <trkpt lat="43.6616330" lon="-79.3896770">
    <ele>106.4</ele>
    <time>2020-05-24T14:16:18Z</time>
   </trkpt>
   <trkpt lat="43.6616600" lon="-79.3896650">
    <ele>106.4</ele>
    <time>2020-05-24T14:16:19Z</time>
   </trkpt>
   <trkpt lat="43.6616920" lon="-79.3896680">
    <ele>106.5</ele>
    <time>2020-05-24T14:16:20Z</time>
   </trkpt>
   <trkpt lat="43.6617310" lon="-79.3896750">
    <ele>106.5</ele>
    <time>2020-05-24T14:16:21Z</time>
   </trkpt>
   <trkpt lat="43.6617450" lon="-79.3896800">
    <ele>106.5</ele>
    <time>2020-05-24T14:16:22Z</time>
   </trkpt>
   <trkpt lat="43.6617730" lon="-79.3896800">
    <ele>106.5</ele>
    <time>2020-05-24T14:16:23Z</time>
   </trkpt>
   <trkpt lat="43.6618000" lon="-79.3896910">
    <ele>106.5</ele>
    <time>2020-05-24T14:16:24Z</time>
   </trkpt>
   <trkpt lat="43.6618350" lon="-79.3897040">
    <ele>106.5</ele>
    <time>2020-05-24T14:16:25Z</time>
   </trkpt>
   <trkpt lat="43.6618680" lon="-79.3897250">
    <ele>106.5</ele>
    <time>2020-05-24T14:16:26Z</time>
   </trkpt>
   <trkpt lat="43.6618980" lon="-79.3897490">
    <ele>106.6</ele>
    <time>2020-05-24T14:16:27Z</time>
   </trkpt>
   <trkpt lat="43.6619250" lon="-79.3897690">
    <ele>106.6</ele>
    <time>2020-05-24T14:16:28Z</time>
   </trkpt>
   <trkpt lat="43.6619640" lon="-79.3897900">
    <ele>106.6</ele>
    <time>2020-05-24T14:16:29Z</time>
   </trkpt>
   <trkpt lat="43.6619780" lon="-79.3897970">
    <ele>106.7</ele>
    <time>2020-05-24T14:16:30Z</time>
   </trkpt>
   <trkpt lat="43.6620050" lon="-79.3898080">
    <ele>106.7</ele>
    <time>2020-05-24T14:16:31Z</time>
   </trkpt>
   <trkpt lat="43.6620340" lon="-79.3898210">
    <ele>106.7</ele>
    <time>2020-05-24T14:16:32Z</time>
   </trkpt>
   <trkpt lat="43.6620610" lon="-79.3898330">
    <ele>106.7</ele>
    <time>2020-05-24T14:16:33Z</time>
   </trkpt>
   <trkpt lat="43.6620940" lon="-79.3898560">
    <ele>106.7</ele>
    <time>2020-05-24T14:16:34Z</time>
   </trkpt>
   <trkpt lat="43.6621050" lon="-79.3898590">
    <ele>106.8</ele>
    <time>2020-05-24T14:16:35Z</time>
   </trkpt>
   <trkpt lat="43.6621340" lon="-79.3898680">
    <ele>106.8</ele>
    <time>2020-05-24T14:16:36Z</time>
   </trkpt>
   <trkpt lat="43.6621610" lon="-79.3898780">
    <ele>106.8</ele>
    <time>2020-05-24T14:16:37Z</time>
   </trkpt>
   <trkpt lat="43.6621900" lon="-79.3898890">
    <ele>106.9</ele>
    <time>2020-05-24T14:16:38Z</time>
   </trkpt>
   <trkpt lat="43.6622280" lon="-79.3899090">
    <ele>107.0</ele>
    <time>2020-05-24T14:16:39Z</time>
   </trkpt>
   <trkpt lat="43.6622410" lon="-79.3899170">
    <ele>107.0</ele>
    <time>2020-05-24T14:16:40Z</time>
   </trkpt>
   <trkpt lat="43.6622680" lon="-79.3899360">
    <ele>107.1</ele>
    <time>2020-05-24T14:16:41Z</time>
   </trkpt>
   <trkpt lat="43.6622990" lon="-79.3899530">
    <ele>107.1</ele>
    <time>2020-05-24T14:16:42Z</time>
   </trkpt>
   <trkpt lat="43.6623370" lon="-79.3899720">
    <ele>107.2</ele>
    <time>2020-05-24T14:16:43Z</time>
   </trkpt>
   <trkpt lat="43.6623500" lon="-79.3899810">
    <ele>107.3</ele>
    <time>2020-05-24T14:16:44Z</time>
   </trkpt>
   <trkpt lat="43.6623830" lon="-79.3899990">
    <ele>107.3</ele>
    <time>2020-05-24T14:16:45Z</time>
   </trkpt>
   <trkpt lat="43.6623930" lon="-79.3900030">
    <ele>107.4</ele>
    <time>2020-05-24T14:16:46Z</time>
   </trkpt>
   <trkpt lat="43.6624290" lon="-79.3900240">
    <ele>107.4</ele>
    <time>2020-05-24T14:16:47Z</time>
   </trkpt>
   <trkpt lat="43.6624420" lon="-79.3900310">
    <ele>107.4</ele>
    <time>2020-05-24T14:16:48Z</time>
   </trkpt>
   <trkpt lat="43.6624690" lon="-79.3900470">
    <ele>107.5</ele>
    <time>2020-05-24T14:16:49Z</time>
   </trkpt>
   <trkpt lat="43.6624960" lon="-79.3900600">
    <ele>107.5</ele>
    <time>2020-05-24T14:16:50Z</time>
   </trkpt>
   <trkpt lat="43.6625290" lon="-79.3900750">
    <ele>107.6</ele>
    <time>2020-05-24T14:16:51Z</time>
   </trkpt>
   <trkpt lat="43.6625580" lon="-79.3900840">
    <ele>107.6</ele>
    <time>2020-05-24T14:16:52Z</time>
   </trkpt>
   <trkpt lat="43.6625870" lon="-79.3900890">
    <ele>107.6</ele>
    <time>2020-05-24T14:16:53Z</time>
   </trkpt>
   <trkpt lat="43.6626230" lon="-79.3900940">
    <ele>107.6</ele>
    <time>2020-05-24T14:16:54Z</time>
   </trkpt>
   <trkpt lat="43.6626340" lon="-79.3900970">
    <ele>107.7</ele>
    <time>2020-05-24T14:16:55Z</time>
   </trkpt>
   <trkpt lat="43.6626620" lon="-79.3901060">
    <ele>107.7</ele>
    <time>2020-05-24T14:16:56Z</time>
   </trkpt>
   <trkpt lat="43.6627000" lon="-79.3901190">
    <ele>107.7</ele>
    <time>2020-05-24T14:16:57Z</time>
   </trkpt>
   <trkpt lat="43.6627140" lon="-79.3901240">
    <ele>107.7</ele>
    <time>2020-05-24T14:16:58Z</time>
   </trkpt>
   <trkpt lat="43.6627420" lon="-79.3901370">
    <ele>107.7</ele>
    <time>2020-05-24T14:16:59Z</time>
   </trkpt>
   <trkpt lat="43.6627820" lon="-79.3901560">
    <ele>107.8</ele>
    <time>2020-05-24T14:17:00Z</time>
   </trkpt>
   <trkpt lat="43.6627960" lon="-79.3901620">
    <ele>107.8</ele>
    <time>2020-05-24T14:17:01Z</time>
   </trkpt>
   <trkpt lat="43.6628270" lon="-79.3901750">
    <ele>107.8</ele>
    <time>2020-05-24T14:17:02Z</time>
   </trkpt>
   <trkpt lat="43.6628570" lon="-79.3901810">
    <ele>107.8</ele>
    <time>2020-05-24T14:17:03Z</time>
   </trkpt>
   <trkpt lat="43.6628940" lon="-79.3901920">
    <ele>107.9</ele>
    <time>2020-05-24T14:17:04Z</time>
   </trkpt>
   <trkpt lat="43.6629070" lon="-79.3901960">
    <ele>107.9</ele>
    <time>2020-05-24T14:17:05Z</time>
   </trkpt>
   <trkpt lat="43.6629360" lon="-79.3902100">
    <ele>107.9</ele>
    <time>2020-05-24T14:17:06Z</time>
   </trkpt>
   <trkpt lat="43.6629640" lon="-79.3902230">
    <ele>107.9</ele>
    <time>2020-05-24T14:17:07Z</time>
   </trkpt>
   <trkpt lat="43.6629910" lon="-79.3902400">
    <ele>107.9</ele>
    <time>2020-05-24T14:17:08Z</time>
   </trkpt>
   <trkpt lat="43.6630220" lon="-79.3902590">
    <ele>107.8</ele>
    <time>2020-05-24T14:17:09Z</time>
   </trkpt>
   <trkpt lat="43.6630310" lon="-79.3902660">
    <ele>107.8</ele>
    <time>2020-05-24T14:17:10Z</time>
   </trkpt>
   <trkpt lat="43.6630610" lon="-79.3902790">
    <ele>107.8</ele>
    <time>2020-05-24T14:17:11Z</time>
   </trkpt>
   <trkpt lat="43.6630730" lon="-79.3902840">
    <ele>107.8</ele>
    <time>2020-05-24T14:17:12Z</time>
   </trkpt>
   <trkpt lat="43.6631100" lon="-79.3902970">
    <ele>107.8</ele>
    <time>2020-05-24T14:17:13Z</time>
   </trkpt>
   <trkpt lat="43.6631270" lon="-79.3903020">
    <ele>107.8</ele>
    <time>2020-05-24T14:17:14Z</time>
   </trkpt>
   <trkpt lat="43.6631610" lon="-79.3903130">
    <ele>107.8</ele>
    <time>2020-05-24T14:17:15Z</time>
   </trkpt>
   <trkpt lat="43.6631720" lon="-79.3903170">
    <ele>107.8</ele>
    <time>2020-05-24T14:17:16Z</time>
   </trkpt>
   <trkpt lat="43.6632050" lon="-79.3903290">
    <ele>107.8</ele>
    <time>2020-05-24T14:17:17Z</time>
   </trkpt>
   <trkpt lat="43.6632150" lon="-79.3903350">
    <ele>107.7</ele>
    <time>2020-05-24T14:17:18Z</time>
   </trkpt>
   <trkpt lat="43.6632430" lon="-79.3903510">
    <ele>107.7</ele>
    <time>2020-05-24T14:17:19Z</time>
   </trkpt>
   <trkpt lat="43.6632760" lon="-79.3903790">
    <ele>107.7</ele>
    <time>2020-05-24T14:17:20Z</time>
   </trkpt>
   <trkpt lat="43.6632880" lon="-79.3903880">
    <ele>107.7</ele>
    <time>2020-05-24T14:17:21Z</time>
   </trkpt>
   <trkpt lat="43.6633230" lon="-79.3904160">
    <ele>107.7</ele>
    <time>2020-05-24T14:17:22Z</time>
   </trkpt>
   <trkpt lat="43.6633350" lon="-79.3904240">
    <ele>107.7</ele>
    <time>2020-05-24T14:17:23Z</time>
   </trkpt>
   <trkpt lat="43.6633700" lon="-79.3904390">
    <ele>107.7</ele>
    <time>2020-05-24T14:17:24Z</time>
   </trkpt>
   <trkpt lat="43.6633810" lon="-79.3904430">
    <ele>107.7</ele>
    <time>2020-05-24T14:17:25Z</time>
   </trkpt>
   <trkpt lat="43.6634140" lon="-79.3904670">
    <ele>107.7</ele>
    <time>2020-05-24T14:17:26Z</time>
   </trkpt>
   <trkpt lat="43.6634220" lon="-79.3904770">
    <ele>107.7</ele>
    <time>2020-05-24T14:17:27Z</time>
   </trkpt>
   <trkpt lat="43.6634470" lon="-79.3905050">
    <ele>107.7</ele>
    <time>2020-05-24T14:17:28Z</time>
   </trkpt>
   <trkpt lat="43.6634570" lon="-79.3905120">
    <ele>107.7</ele>
    <time>2020-05-24T14:17:29Z</time>
   </trkpt>
   <trkpt lat="43.6634800" lon="-79.3905260">
    <ele>107.7</ele>
    <time>2020-05-24T14:17:30Z</time>
   </trkpt>
   <trkpt lat="43.6634790" lon="-79.3905280">
    <ele>107.7</ele>
    <time>2020-05-24T14:17:31Z</time>
   </trkpt>
   <trkpt lat="43.6634810" lon="-79.3905310">
    <ele>107.7</ele>
    <time>2020-05-24T14:17:32Z</time>
   </trkpt>
   <trkpt lat="43.6634820" lon="-79.3905370">
    <ele>107.7</ele>
    <time>2020-05-24T14:17:33Z</time>
   </trkpt>
   <trkpt lat="43.6634860" lon="-79.3905460">
    <ele>107.7</ele>
    <time>2020-05-24T14:17:34Z</time>
   </trkpt>
   <trkpt lat="43.6634890" lon="-79.3905540">
    <ele>108.8</ele>
    <time>2020-05-24T14:17:35Z</time>
   </trkpt>
   <trkpt lat="43.6634930" lon="-79.3905620">
    <ele>108.8</ele>
    <time>2020-05-24T14:17:36Z</time>
   </trkpt>
   <trkpt lat="43.6634960" lon="-79.3905700">
    <ele>108.9</ele>
    <time>2020-05-24T14:17:37Z</time>
   </trkpt>
   <trkpt lat="43.6635000" lon="-79.3905790">
    <ele>108.9</ele>
    <time>2020-05-24T14:17:38Z</time>
   </trkpt>
   <trkpt lat="43.6635030" lon="-79.3905870">
    <ele>108.9</ele>
    <time>2020-05-24T14:17:39Z</time>
   </trkpt>
   <trkpt lat="43.6635000" lon="-79.3906270">
    <ele>109.0</ele>
    <time>2020-05-24T14:17:40Z</time>
   </trkpt>
   <trkpt lat="43.6635030" lon="-79.3906420">
    <ele>109.2</ele>
    <time>2020-05-24T14:17:41Z</time>
   </trkpt>
   <trkpt lat="43.6635140" lon="-79.3906850">
    <ele>109.2</ele>
    <time>2020-05-24T14:17:42Z</time>
   </trkpt>
   <trkpt lat="43.6635160" lon="-79.3906960">
    <ele>109.2</ele>
    <time>2020-05-24T14:17:43Z</time>
   </trkpt>
   <trkpt lat="43.6635130" lon="-79.3907010">
    <ele>109.2</ele>
    <time>2020-05-24T14:17:44Z</time>
   </trkpt>
   <trkpt lat="43.6635180" lon="-79.3907160">
    <ele>109.3</ele>
    <time>2020-05-24T14:17:45Z</time>
   </trkpt>
   <trkpt lat="43.6635260" lon="-79.3907340">
    <ele>109.3</ele>
    <time>2020-05-24T14:17:46Z</time>
   </trkpt>
   <trkpt lat="43.6635240" lon="-79.3907370">
    <ele>109.3</ele>
    <time>2020-05-24T14:17:47Z</time>
   </trkpt>
   <trkpt lat="43.6635190" lon="-79.3907370">
    <ele>109.3</ele>
    <time>2020-05-24T14:17:48Z</time>
   </trkpt>
   <trkpt lat="43.6635190" lon="-79.3907370">
    <ele>109.3</ele>
    <time>2020-05-24T14:17:49Z</time>
   </trkpt>
   <trkpt lat="43.6635180" lon="-79.3907370">
    <ele>109.3</ele>
    <time>2020-05-24T14:17:50Z</time>
   </trkpt>
   <trkpt lat="43.6635180" lon="-79.3907360">
    <ele>109.3</ele>
    <time>2020-05-24T14:17:51Z</time>
   </trkpt>
   <trkpt lat="43.6635180" lon="-79.3907360">
    <ele>109.3</ele>
    <time>2020-05-24T14:17:52Z</time>
   </trkpt>
   <trkpt lat="43.6635160" lon="-79.3907340">
    <ele>109.3</ele>
    <time>2020-05-24T14:17:53Z</time>
   </trkpt>
   <trkpt lat="43.6635160" lon="-79.3907330">
    <ele>109.3</ele>
    <time>2020-05-24T14:17:54Z</time>
   </trkpt>
   <trkpt lat="43.6635150" lon="-79.3907370">
    <ele>109.3</ele>
    <time>2020-05-24T14:17:55Z</time>
   </trkpt>
   <trkpt lat="43.6635150" lon="-79.3907380">
    <ele>109.3</ele>
    <time>2020-05-24T14:17:56Z</time>
   </trkpt>
   <trkpt lat="43.6635150" lon="-79.3907380">
    <ele>109.3</ele>
    <time>2020-05-24T14:17:57Z</time>
   </trkpt>
   <trkpt lat="43.6635150" lon="-79.3907390">
    <ele>109.3</ele>
    <time>2020-05-24T14:17:58Z</time>
   </trkpt>
   <trkpt lat="43.6635150" lon="-79.3907390">
    <ele>109.3</ele>
    <time>2020-05-24T14:17:59Z</time>
   </trkpt>
   <trkpt lat="43.6635150" lon="-79.3907390">
    <ele>109.3</ele>
    <time>2020-05-24T14:18:00Z</time>
   </trkpt>
   <trkpt lat="43.6635150" lon="-79.3907380">
    <ele>109.3</ele>
    <time>2020-05-24T14:18:01Z</time>
   </trkpt>
   <trkpt lat="43.6635180" lon="-79.3907560">
    <ele>109.3</ele>
    <time>2020-05-24T14:18:02Z</time>
   </trkpt>
   <trkpt lat="43.6635380" lon="-79.3907780">
    <ele>109.4</ele>
    <time>2020-05-24T14:18:03Z</time>
   </trkpt>
   <trkpt lat="43.6635690" lon="-79.3907900">
    <ele>109.5</ele>
    <time>2020-05-24T14:18:04Z</time>
   </trkpt>
   <trkpt lat="43.6635820" lon="-79.3907910">
    <ele>109.5</ele>
    <time>2020-05-24T14:18:05Z</time>
   </trkpt>
   <trkpt lat="43.6636150" lon="-79.3907940">
    <ele>109.4</ele>
    <time>2020-05-24T14:18:06Z</time>
   </trkpt>
   <trkpt lat="43.6636460" lon="-79.3908060">
    <ele>109.3</ele>
    <time>2020-05-24T14:18:07Z</time>
   </trkpt>
   <trkpt lat="43.6636740" lon="-79.3908060">
    <ele>109.3</ele>
    <time>2020-05-24T14:18:08Z</time>
   </trkpt>
   <trkpt lat="43.6637040" lon="-79.3908150">
    <ele>109.4</ele>
    <time>2020-05-24T14:18:09Z</time>
   </trkpt>
   <trkpt lat="43.6637160" lon="-79.3908170">
    <ele>109.4</ele>
    <time>2020-05-24T14:18:10Z</time>
   </trkpt>
   <trkpt lat="43.6637440" lon="-79.3908250">
    <ele>109.4</ele>
    <time>2020-05-24T14:18:11Z</time>
   </trkpt>
   <trkpt lat="43.6637760" lon="-79.3908370">
    <ele>109.5</ele>
    <time>2020-05-24T14:18:12Z</time>
   </trkpt>
   <trkpt lat="43.6638040" lon="-79.3908520">
    <ele>109.5</ele>
    <time>2020-05-24T14:18:13Z</time>
   </trkpt>
   <trkpt lat="43.6638390" lon="-79.3908700">
    <ele>109.6</ele>
    <time>2020-05-24T14:18:14Z</time>
   </trkpt>
   <trkpt lat="43.6638500" lon="-79.3908750">
    <ele>109.6</ele>
    <time>2020-05-24T14:18:15Z</time>
   </trkpt>
   <trkpt lat="43.6638820" lon="-79.3908910">
    <ele>109.7</ele>
    <time>2020-05-24T14:18:16Z</time>
   </trkpt>
   <trkpt lat="43.6638950" lon="-79.3908970">
    <ele>109.7</ele>
    <time>2020-05-24T14:18:17Z</time>
   </trkpt>
   <trkpt lat="43.6639240" lon="-79.3909110">
    <ele>109.8</ele>
    <time>2020-05-24T14:18:18Z</time>
   </trkpt>
   <trkpt lat="43.6639520" lon="-79.3909240">
    <ele>109.8</ele>
    <time>2020-05-24T14:18:19Z</time>
   </trkpt>
   <trkpt lat="43.6639840" lon="-79.3909200">
    <ele>109.9</ele>
    <time>2020-05-24T14:18:20Z</time>
   </trkpt>
   <trkpt lat="43.6639940" lon="-79.3909180">
    <ele>109.9</ele>
    <time>2020-05-24T14:18:21Z</time>
   </trkpt>
   <trkpt lat="43.6640230" lon="-79.3909180">
    <ele>110.0</ele>
    <time>2020-05-24T14:18:22Z</time>
   </trkpt>
   <trkpt lat="43.6640570" lon="-79.3909240">
    <ele>110.0</ele>
    <time>2020-05-24T14:18:23Z</time>
   </trkpt>
   <trkpt lat="43.6640970" lon="-79.3909410">
    <ele>110.0</ele>
    <time>2020-05-24T14:18:24Z</time>
   </trkpt>
   <trkpt lat="43.6641120" lon="-79.3909500">
    <ele>110.0</ele>
    <time>2020-05-24T14:18:25Z</time>
   </trkpt>
   <trkpt lat="43.6641450" lon="-79.3909680">
    <ele>110.0</ele>
    <time>2020-05-24T14:18:26Z</time>
   </trkpt>
   <trkpt lat="43.6641800" lon="-79.3909920">
    <ele>110.0</ele>
    <time>2020-05-24T14:18:27Z</time>
   </trkpt>
   <trkpt lat="43.6642180" lon="-79.3910200">
    <ele>110.1</ele>
    <time>2020-05-24T14:18:28Z</time>
   </trkpt>
   <trkpt lat="43.6642540" lon="-79.3910230">
    <ele>110.1</ele>
    <time>2020-05-24T14:18:29Z</time>
   </trkpt>
   <trkpt lat="43.6642860" lon="-79.3910340">
    <ele>110.2</ele>
    <time>2020-05-24T14:18:30Z</time>
   </trkpt>
   <trkpt lat="43.6643240" lon="-79.3910510">
    <ele>110.2</ele>
    <time>2020-05-24T14:18:31Z</time>
   </trkpt>
   <trkpt lat="43.6643680" lon="-79.3910630">
    <ele>110.2</ele>
    <time>2020-05-24T14:18:32Z</time>
   </trkpt>
   <trkpt lat="43.6644040" lon="-79.3910780">
    <ele>110.3</ele>
    <time>2020-05-24T14:18:33Z</time>
   </trkpt>
   <trkpt lat="43.6644430" lon="-79.3910900">
    <ele>110.3</ele>
    <time>2020-05-24T14:18:34Z</time>
   </trkpt>
   <trkpt lat="43.6644730" lon="-79.3911020">
    <ele>110.4</ele>
    <time>2020-05-24T14:18:35Z</time>
   </trkpt>
   <trkpt lat="43.6645120" lon="-79.3911080">
    <ele>110.4</ele>
    <time>2020-05-24T14:18:36Z</time>
   </trkpt>
   <trkpt lat="43.6645460" lon="-79.3911230">
    <ele>110.4</ele>
    <time>2020-05-24T14:18:37Z</time>
   </trkpt>
   <trkpt lat="43.6645570" lon="-79.3911280">
    <ele>110.5</ele>
    <time>2020-05-24T14:18:38Z</time>
   </trkpt>
   <trkpt lat="43.6645840" lon="-79.3911320">
    <ele>110.5</ele>
    <time>2020-05-24T14:18:39Z</time>
   </trkpt>
   <trkpt lat="43.6646150" lon="-79.3911380">
    <ele>110.5</ele>
    <time>2020-05-24T14:18:40Z</time>
   </trkpt>
   <trkpt lat="43.6646210" lon="-79.3911380">
    <ele>110.5</ele>
    <time>2020-05-24T14:18:41Z</time>
   </trkpt>
   <trkpt lat="43.6646520" lon="-79.3911510">
    <ele>110.5</ele>
    <time>2020-05-24T14:18:42Z</time>
   </trkpt>
   <trkpt lat="43.6646630" lon="-79.3911550">
    <ele>110.5</ele>
    <time>2020-05-24T14:18:43Z</time>
   </trkpt>
   <trkpt lat="43.6646920" lon="-79.3911610">
    <ele>110.6</ele>
    <time>2020-05-24T14:18:44Z</time>
   </trkpt>
   <trkpt lat="43.6647290" lon="-79.3911570">
    <ele>110.6</ele>
    <time>2020-05-24T14:18:45Z</time>
   </trkpt>
   <trkpt lat="43.6647400" lon="-79.3911560">
    <ele>110.6</ele>
    <time>2020-05-24T14:18:46Z</time>
   </trkpt>
   <trkpt lat="43.6647790" lon="-79.3911860">
    <ele>110.6</ele>
    <time>2020-05-24T14:18:47Z</time>
   </trkpt>
   <trkpt lat="43.6648120" lon="-79.3912050">
    <ele>110.6</ele>
    <time>2020-05-24T14:18:48Z</time>
   </trkpt>
   <trkpt lat="43.6648410" lon="-79.3912250">
    <ele>110.6</ele>
    <time>2020-05-24T14:18:49Z</time>
   </trkpt>
   <trkpt lat="43.6648750" lon="-79.3912350">
    <ele>110.6</ele>
    <time>2020-05-24T14:18:50Z</time>
   </trkpt>
   <trkpt lat="43.6649050" lon="-79.3912370">
    <ele>110.6</ele>
    <time>2020-05-24T14:18:51Z</time>
   </trkpt>
   <trkpt lat="43.6649320" lon="-79.3912610">
    <ele>110.7</ele>
    <time>2020-05-24T14:18:52Z</time>
   </trkpt>
   <trkpt lat="43.6649640" lon="-79.3912840">
    <ele>110.7</ele>
    <time>2020-05-24T14:18:53Z</time>
   </trkpt>
   <trkpt lat="43.6649890" lon="-79.3912950">
    <ele>110.7</ele>
    <time>2020-05-24T14:18:54Z</time>
   </trkpt>
   <trkpt lat="43.6650210" lon="-79.3913140">
    <ele>110.8</ele>
    <time>2020-05-24T14:18:55Z</time>
   </trkpt>
   <trkpt lat="43.6650320" lon="-79.3913220">
    <ele>110.8</ele>
    <time>2020-05-24T14:18:56Z</time>
   </trkpt>
   <trkpt lat="43.6650720" lon="-79.3913390">
    <ele>110.9</ele>
    <time>2020-05-24T14:18:57Z</time>
   </trkpt>
   <trkpt lat="43.6651120" lon="-79.3913580">
    <ele>110.9</ele>
    <time>2020-05-24T14:18:58Z</time>
   </trkpt>
   <trkpt lat="43.6651430" lon="-79.3913690">
    <ele>110.9</ele>
    <time>2020-05-24T14:18:59Z</time>
   </trkpt>
   <trkpt lat="43.6651730" lon="-79.3913880">
    <ele>110.9</ele>
    <time>2020-05-24T14:19:00Z</time>
   </trkpt>
   <trkpt lat="43.6651980" lon="-79.3914090">
    <ele>110.9</ele>
    <time>2020-05-24T14:19:01Z</time>
   </trkpt>
   <trkpt lat="43.6652340" lon="-79.3914220">
    <ele>110.9</ele>
    <time>2020-05-24T14:19:02Z</time>
   </trkpt>
   <trkpt lat="43.6652630" lon="-79.3914370">
    <ele>111.0</ele>
    <time>2020-05-24T14:19:03Z</time>
   </trkpt>
   <trkpt lat="43.6653010" lon="-79.3914690">
    <ele>111.0</ele>
    <time>2020-05-24T14:19:04Z</time>
   </trkpt>
   <trkpt lat="43.6653350" lon="-79.3914920">
    <ele>111.1</ele>
    <time>2020-05-24T14:19:05Z</time>
   </trkpt>
   <trkpt lat="43.6653690" lon="-79.3915070">
    <ele>111.1</ele>
    <time>2020-05-24T14:19:06Z</time>
   </trkpt>
   <trkpt lat="43.6654070" lon="-79.3915130">
    <ele>111.2</ele>
    <time>2020-05-24T14:19:07Z</time>
   </trkpt>
   <trkpt lat="43.6654430" lon="-79.3915270">
    <ele>111.2</ele>
    <time>2020-05-24T14:19:08Z</time>
   </trkpt>
   <trkpt lat="43.6654720" lon="-79.3915370">
    <ele>111.3</ele>
    <time>2020-05-24T14:19:09Z</time>
   </trkpt>
   <trkpt lat="43.6655060" lon="-79.3915570">
    <ele>111.3</ele>
    <time>2020-05-24T14:19:10Z</time>
   </trkpt>
   <trkpt lat="43.6655340" lon="-79.3915750">
    <ele>111.4</ele>
    <time>2020-05-24T14:19:11Z</time>
   </trkpt>
   <trkpt lat="43.6655630" lon="-79.3916100">
    <ele>111.4</ele>
    <time>2020-05-24T14:19:12Z</time>
   </trkpt>
   <trkpt lat="43.6655760" lon="-79.3916250">
    <ele>111.4</ele>
    <time>2020-05-24T14:19:13Z</time>
   </trkpt>
   <trkpt lat="43.6656010" lon="-79.3916470">
    <ele>111.4</ele>
    <time>2020-05-24T14:19:14Z</time>
   </trkpt>
   <trkpt lat="43.6656230" lon="-79.3916810">
    <ele>111.5</ele>
    <time>2020-05-24T14:19:15Z</time>
   </trkpt>
   <trkpt lat="43.6656470" lon="-79.3917030">
    <ele>111.5</ele>
    <time>2020-05-24T14:19:16Z</time>
   </trkpt>
   <trkpt lat="43.6656700" lon="-79.3917310">
    <ele>111.5</ele>
    <time>2020-05-24T14:19:17Z</time>
   </trkpt>
   <trkpt lat="43.6656960" lon="-79.3917620">
    <ele>111.6</ele>
    <time>2020-05-24T14:19:18Z</time>
   </trkpt>
   <trkpt lat="43.6657260" lon="-79.3917960">
    <ele>111.6</ele>
    <time>2020-05-24T14:19:19Z</time>
   </trkpt>
   <trkpt lat="43.6657500" lon="-79.3918210">
    <ele>111.6</ele>
    <time>2020-05-24T14:19:20Z</time>
   </trkpt>
   <trkpt lat="43.6657720" lon="-79.3918510">
    <ele>111.7</ele>
    <time>2020-05-24T14:19:21Z</time>
   </trkpt>
   <trkpt lat="43.6657970" lon="-79.3918720">
    <ele>111.7</ele>
    <time>2020-05-24T14:19:22Z</time>
   </trkpt>
   <trkpt lat="43.6658220" lon="-79.3919000">
    <ele>111.7</ele>
    <time>2020-05-24T14:19:23Z</time>
   </trkpt>
   <trkpt lat="43.6658460" lon="-79.3919310">
    <ele>111.8</ele>
    <time>2020-05-24T14:19:24Z</time>
   </trkpt>
   <trkpt lat="43.6658710" lon="-79.3919590">
    <ele>111.8</ele>
    <time>2020-05-24T14:19:25Z</time>
   </trkpt>
   <trkpt lat="43.6659020" lon="-79.3919800">
    <ele>111.8</ele>
    <time>2020-05-24T14:19:26Z</time>
   </trkpt>
   <trkpt lat="43.6659360" lon="-79.3920000">
    <ele>111.8</ele>
    <time>2020-05-24T14:19:27Z</time>
   </trkpt>
   <trkpt lat="43.6659470" lon="-79.3920090">
    <ele>111.8</ele>
    <time>2020-05-24T14:19:28Z</time>
   </trkpt>
   <trkpt lat="43.6659700" lon="-79.3920440">
    <ele>111.8</ele>
    <time>2020-05-24T14:19:29Z</time>
   </trkpt>
   <trkpt lat="43.6659810" lon="-79.3920590">
    <ele>111.8</ele>
    <time>2020-05-24T14:19:30Z</time>
   </trkpt>
   <trkpt lat="43.6659940" lon="-79.3920980">
    <ele>111.8</ele>
    <time>2020-05-24T14:19:31Z</time>
   </trkpt>
   <trkpt lat="43.6660060" lon="-79.3921520">
    <ele>111.8</ele>
    <time>2020-05-24T14:19:32Z</time>
   </trkpt>
   <trkpt lat="43.6660120" lon="-79.3921710">
    <ele>111.8</ele>
    <time>2020-05-24T14:19:33Z</time>
   </trkpt>
   <trkpt lat="43.6660240" lon="-79.3922110">
    <ele>111.8</ele>
    <time>2020-05-24T14:19:34Z</time>
   </trkpt>
   <trkpt lat="43.6660270" lon="-79.3922510">
    <ele>111.9</ele>
    <time>2020-05-24T14:19:35Z</time>
   </trkpt>
   <trkpt lat="43.6660320" lon="-79.3922940">
    <ele>111.9</ele>
    <time>2020-05-24T14:19:36Z</time>
   </trkpt>
   <trkpt lat="43.6660370" lon="-79.3923340">
    <ele>111.9</ele>
    <time>2020-05-24T14:19:37Z</time>
   </trkpt>
   <trkpt lat="43.6660530" lon="-79.3923780">
    <ele>112.0</ele>
    <time>2020-05-24T14:19:38Z</time>
   </trkpt>
   <trkpt lat="43.6660580" lon="-79.3923890">
    <ele>112.0</ele>
    <time>2020-05-24T14:19:39Z</time>
   </trkpt>
   <trkpt lat="43.6660710" lon="-79.3924290">
    <ele>112.0</ele>
    <time>2020-05-24T14:19:40Z</time>
   </trkpt>
   <trkpt lat="43.6660770" lon="-79.3924470">
    <ele>112.0</ele>
    <time>2020-05-24T14:19:41Z</time>
   </trkpt>
   <trkpt lat="43.6660720" lon="-79.3924870">
    <ele>112.0</ele>
    <time>2020-05-24T14:19:42Z</time>
   </trkpt>
   <trkpt lat="43.6660680" lon="-79.3925020">
    <ele>112.0</ele>
    <time>2020-05-24T14:19:43Z</time>
   </trkpt>
   <trkpt lat="43.6660500" lon="-79.3925560">
    <ele>112.0</ele>
    <time>2020-05-24T14:19:44Z</time>
   </trkpt>
   <trkpt lat="43.6660390" lon="-79.3925770">
    <ele>112.0</ele>
    <time>2020-05-24T14:19:45Z</time>
   </trkpt>
   <trkpt lat="43.6660340" lon="-79.3926320">
    <ele>112.0</ele>
    <time>2020-05-24T14:19:46Z</time>
   </trkpt>
   <trkpt lat="43.6660250" lon="-79.3926720">
    <ele>112.0</ele>
    <time>2020-05-24T14:19:47Z</time>
   </trkpt>
   <trkpt lat="43.6660100" lon="-79.3927380">
    <ele>111.9</ele>
    <time>2020-05-24T14:19:48Z</time>
   </trkpt>
   <trkpt lat="43.6659940" lon="-79.3927970">
    <ele>111.9</ele>
    <time>2020-05-24T14:19:49Z</time>
   </trkpt>
   <trkpt lat="43.6659810" lon="-79.3928430">
    <ele>111.9</ele>
    <time>2020-05-24T14:19:50Z</time>
   </trkpt>
   <trkpt lat="43.6659640" lon="-79.3929030">
    <ele>111.8</ele>
    <time>2020-05-24T14:19:51Z</time>
   </trkpt>
   <trkpt lat="43.6659440" lon="-79.3929620">
    <ele>111.7</ele>
    <time>2020-05-24T14:19:52Z</time>
   </trkpt>
   <trkpt lat="43.6659320" lon="-79.3930070">
    <ele>111.6</ele>
    <time>2020-05-24T14:19:53Z</time>
   </trkpt>
   <trkpt lat="43.6659160" lon="-79.3930600">
    <ele>111.3</ele>
    <time>2020-05-24T14:19:54Z</time>
   </trkpt>
   <trkpt lat="43.6659080" lon="-79.3931090">
    <ele>111.3</ele>
    <time>2020-05-24T14:19:55Z</time>
   </trkpt>
   <trkpt lat="43.6658940" lon="-79.3931500">
    <ele>111.3</ele>
    <time>2020-05-24T14:19:56Z</time>
   </trkpt>
   <trkpt lat="43.6658680" lon="-79.3931740">
    <ele>111.3</ele>
    <time>2020-05-24T14:19:57Z</time>
   </trkpt>
   <trkpt lat="43.6658470" lon="-79.3932080">
    <ele>111.3</ele>
    <time>2020-05-24T14:19:58Z</time>
   </trkpt>
   <trkpt lat="43.6658330" lon="-79.3932410">
    <ele>111.2</ele>
    <time>2020-05-24T14:19:59Z</time>
   </trkpt>
   <trkpt lat="43.6658070" lon="-79.3932820">
    <ele>111.2</ele>
    <time>2020-05-24T14:20:00Z</time>
   </trkpt>
   <trkpt lat="43.6657890" lon="-79.3933100">
    <ele>111.2</ele>
    <time>2020-05-24T14:20:01Z</time>
   </trkpt>
   <trkpt lat="43.6657690" lon="-79.3933550">
    <ele>111.1</ele>
    <time>2020-05-24T14:20:02Z</time>
   </trkpt>
   <trkpt lat="43.6657620" lon="-79.3933720">
    <ele>111.1</ele>
    <time>2020-05-24T14:20:03Z</time>
   </trkpt>
   <trkpt lat="43.6657440" lon="-79.3933990">
    <ele>111.1</ele>
    <time>2020-05-24T14:20:04Z</time>
   </trkpt>
   <trkpt lat="43.6657290" lon="-79.3934360">
    <ele>111.0</ele>
    <time>2020-05-24T14:20:05Z</time>
   </trkpt>
   <trkpt lat="43.6657050" lon="-79.3934880">
    <ele>111.0</ele>
    <time>2020-05-24T14:20:06Z</time>
   </trkpt>
   <trkpt lat="43.6656760" lon="-79.3935200">
    <ele>110.9</ele>
    <time>2020-05-24T14:20:07Z</time>
   </trkpt>
   <trkpt lat="43.6656510" lon="-79.3935650">
    <ele>110.8</ele>
    <time>2020-05-24T14:20:08Z</time>
   </trkpt>
   <trkpt lat="43.6656280" lon="-79.3936080">
    <ele>110.8</ele>
    <time>2020-05-24T14:20:09Z</time>
   </trkpt>
   <trkpt lat="43.6656000" lon="-79.3936510">
    <ele>110.7</ele>
    <time>2020-05-24T14:20:10Z</time>
   </trkpt>
   <trkpt lat="43.6655690" lon="-79.3936910">
    <ele>110.6</ele>
    <time>2020-05-24T14:20:11Z</time>
   </trkpt>
   <trkpt lat="43.6655460" lon="-79.3937220">
    <ele>110.6</ele>
    <time>2020-05-24T14:20:12Z</time>
   </trkpt>
   <trkpt lat="43.6655190" lon="-79.3937530">
    <ele>110.5</ele>
    <time>2020-05-24T14:20:13Z</time>
   </trkpt>
   <trkpt lat="43.6654900" lon="-79.3937750">
    <ele>110.4</ele>
    <time>2020-05-24T14:20:14Z</time>
   </trkpt>
   <trkpt lat="43.6654610" lon="-79.3937990">
    <ele>110.4</ele>
    <time>2020-05-24T14:20:15Z</time>
   </trkpt>
   <trkpt lat="43.6654360" lon="-79.3938140">
    <ele>110.3</ele>
    <time>2020-05-24T14:20:16Z</time>
   </trkpt>
   <trkpt lat="43.6654020" lon="-79.3938290">
    <ele>110.2</ele>
    <time>2020-05-24T14:20:17Z</time>
   </trkpt>
   <trkpt lat="43.6653910" lon="-79.3938290">
    <ele>110.2</ele>
    <time>2020-05-24T14:20:18Z</time>
   </trkpt>
   <trkpt lat="43.6653530" lon="-79.3938360">
    <ele>110.0</ele>
    <time>2020-05-24T14:20:19Z</time>
   </trkpt>
   <trkpt lat="43.6653340" lon="-79.3938390">
    <ele>109.9</ele>
    <time>2020-05-24T14:20:20Z</time>
   </trkpt>
   <trkpt lat="43.6652890" lon="-79.3938540">
    <ele>109.8</ele>
    <time>2020-05-24T14:20:21Z</time>
   </trkpt>
   <trkpt lat="43.6652540" lon="-79.3938720">
    <ele>109.6</ele>
    <time>2020-05-24T14:20:22Z</time>
   </trkpt>
   <trkpt lat="43.6652150" lon="-79.3938580">
    <ele>109.4</ele>
    <time>2020-05-24T14:20:23Z</time>
   </trkpt>
   <trkpt lat="43.6651990" lon="-79.3938540">
    <ele>109.4</ele>
    <time>2020-05-24T14:20:24Z</time>
   </trkpt>
   <trkpt lat="43.6651610" lon="-79.3938470">
    <ele>109.2</ele>
    <time>2020-05-24T14:20:25Z</time>
   </trkpt>
   <trkpt lat="43.6651130" lon="-79.3938360">
    <ele>108.9</ele>
    <time>2020-05-24T14:20:26Z</time>
   </trkpt>
   <trkpt lat="43.6650690" lon="-79.3938360">
    <ele>108.9</ele>
    <time>2020-05-24T14:20:27Z</time>
   </trkpt>
   <trkpt lat="43.6650490" lon="-79.3938360">
    <ele>108.9</ele>
    <time>2020-05-24T14:20:28Z</time>
   </trkpt>
   <trkpt lat="43.6650200" lon="-79.3938380">
    <ele>108.9</ele>
    <time>2020-05-24T14:20:29Z</time>
   </trkpt>
   <trkpt lat="43.6649790" lon="-79.3938210">
    <ele>108.8</ele>
    <time>2020-05-24T14:20:30Z</time>
   </trkpt>
   <trkpt lat="43.6649610" lon="-79.3938160">
    <ele>108.8</ele>
    <time>2020-05-24T14:20:31Z</time>
   </trkpt>
   <trkpt lat="43.6649340" lon="-79.3938170">
    <ele>108.8</ele>
    <time>2020-05-24T14:20:32Z</time>
   </trkpt>
   <trkpt lat="43.6649030" lon="-79.3938070">
    <ele>108.8</ele>
    <time>2020-05-24T14:20:33Z</time>
   </trkpt>
   <trkpt lat="43.6648760" lon="-79.3937890">
    <ele>108.8</ele>
    <time>2020-05-24T14:20:34Z</time>
   </trkpt>
   <trkpt lat="43.6648480" lon="-79.3937710">
    <ele>108.7</ele>
    <time>2020-05-24T14:20:35Z</time>
   </trkpt>
   <trkpt lat="43.6648150" lon="-79.3937550">
    <ele>108.7</ele>
    <time>2020-05-24T14:20:36Z</time>
   </trkpt>
   <trkpt lat="43.6648040" lon="-79.3937510">
    <ele>108.7</ele>
    <time>2020-05-24T14:20:37Z</time>
   </trkpt>
   <trkpt lat="43.6647800" lon="-79.3937210">
    <ele>108.7</ele>
    <time>2020-05-24T14:20:38Z</time>
   </trkpt>
   <trkpt lat="43.6647730" lon="-79.3937060">
    <ele>108.7</ele>
    <time>2020-05-24T14:20:39Z</time>
   </trkpt>
   <trkpt lat="43.6647460" lon="-79.3936850">
    <ele>108.7</ele>
    <time>2020-05-24T14:20:40Z</time>
   </trkpt>
   <trkpt lat="43.6647360" lon="-79.3936790">
    <ele>108.7</ele>
    <time>2020-05-24T14:20:41Z</time>
   </trkpt>
   <trkpt lat="43.6647000" lon="-79.3936800">
    <ele>108.7</ele>
    <time>2020-05-24T14:20:42Z</time>
   </trkpt>
   <trkpt lat="43.6646850" lon="-79.3936800">
    <ele>108.7</ele>
    <time>2020-05-24T14:20:43Z</time>
   </trkpt>
   <trkpt lat="43.6646580" lon="-79.3936710">
    <ele>108.7</ele>
    <time>2020-05-24T14:20:44Z</time>
   </trkpt>
   <trkpt lat="43.6646260" lon="-79.3936510">
    <ele>108.7</ele>
    <time>2020-05-24T14:20:45Z</time>
   </trkpt>
   <trkpt lat="43.6645900" lon="-79.3936490">
    <ele>108.7</ele>
    <time>2020-05-24T14:20:46Z</time>
   </trkpt>
   <trkpt lat="43.6645790" lon="-79.3936490">
    <ele>108.7</ele>
    <time>2020-05-24T14:20:47Z</time>
   </trkpt>
   <trkpt lat="43.6645470" lon="-79.3936440">
    <ele>108.7</ele>
    <time>2020-05-24T14:20:48Z</time>
   </trkpt>
   <trkpt lat="43.6645360" lon="-79.3936410">
    <ele>108.7</ele>
    <time>2020-05-24T14:20:49Z</time>
   </trkpt>
   <trkpt lat="43.6645040" lon="-79.3936270">
    <ele>108.7</ele>
    <time>2020-05-24T14:20:50Z</time>
   </trkpt>
   <trkpt lat="43.6644890" lon="-79.3936200">
    <ele>108.7</ele>
    <time>2020-05-24T14:20:51Z</time>
   </trkpt>
   <trkpt lat="43.6644670" lon="-79.3936040">
    <ele>108.7</ele>
    <time>2020-05-24T14:20:52Z</time>
   </trkpt>
   <trkpt lat="43.6644340" lon="-79.3935820">
    <ele>108.6</ele>
    <time>2020-05-24T14:20:54Z</time>
   </trkpt>
   <trkpt lat="43.6644040" lon="-79.3935640">
    <ele>108.6</ele>
    <time>2020-05-24T14:20:55Z</time>
   </trkpt>
   <trkpt lat="43.6643730" lon="-79.3935520">
    <ele>108.6</ele>
    <time>2020-05-24T14:20:56Z</time>
   </trkpt>
   <trkpt lat="43.6643430" lon="-79.3935300">
    <ele>108.5</ele>
    <time>2020-05-24T14:20:57Z</time>
   </trkpt>
   <trkpt lat="43.6643180" lon="-79.3935160">
    <ele>108.5</ele>
    <time>2020-05-24T14:20:58Z</time>
   </trkpt>
   <trkpt lat="43.6642870" lon="-79.3934970">
    <ele>108.4</ele>
    <time>2020-05-24T14:20:59Z</time>
   </trkpt>
   <trkpt lat="43.6642520" lon="-79.3934800">
    <ele>108.4</ele>
    <time>2020-05-24T14:21:00Z</time>
   </trkpt>
   <trkpt lat="43.6642170" lon="-79.3934600">
    <ele>108.4</ele>
    <time>2020-05-24T14:21:01Z</time>
   </trkpt>
   <trkpt lat="43.6641870" lon="-79.3934490">
    <ele>108.3</ele>
    <time>2020-05-24T14:21:02Z</time>
   </trkpt>
   <trkpt lat="43.6641600" lon="-79.3934350">
    <ele>108.3</ele>
    <time>2020-05-24T14:21:03Z</time>
   </trkpt>
   <trkpt lat="43.6641210" lon="-79.3934110">
    <ele>108.3</ele>
    <time>2020-05-24T14:21:04Z</time>
   </trkpt>
   <trkpt lat="43.6641030" lon="-79.3934050">
    <ele>108.2</ele>
    <time>2020-05-24T14:21:05Z</time>
   </trkpt>
   <trkpt lat="43.6640680" lon="-79.3933890">
    <ele>108.2</ele>
    <time>2020-05-24T14:21:06Z</time>
   </trkpt>
   <trkpt lat="43.6640560" lon="-79.3933850">
    <ele>108.2</ele>
    <time>2020-05-24T14:21:07Z</time>
   </trkpt>
   <trkpt lat="43.6640260" lon="-79.3933600">
    <ele>108.2</ele>
    <time>2020-05-24T14:21:08Z</time>
   </trkpt>
   <trkpt lat="43.6640170" lon="-79.3933490">
    <ele>108.2</ele>
    <time>2020-05-24T14:21:09Z</time>
   </trkpt>
   <trkpt lat="43.6639860" lon="-79.3933170">
    <ele>108.2</ele>
    <time>2020-05-24T14:21:10Z</time>
   </trkpt>
   <trkpt lat="43.6639570" lon="-79.3933100">
    <ele>108.2</ele>
    <time>2020-05-24T14:21:11Z</time>
   </trkpt>
   <trkpt lat="43.6639480" lon="-79.3933040">
    <ele>108.2</ele>
    <time>2020-05-24T14:21:12Z</time>
   </trkpt>
   <trkpt lat="43.6639180" lon="-79.3932930">
    <ele>108.2</ele>
    <time>2020-05-24T14:21:13Z</time>
   </trkpt>
   <trkpt lat="43.6639070" lon="-79.3932920">
    <ele>108.2</ele>
    <time>2020-05-24T14:21:14Z</time>
   </trkpt>
   <trkpt lat="43.6638720" lon="-79.3932730">
    <ele>108.2</ele>
    <time>2020-05-24T14:21:15Z</time>
   </trkpt>
   <trkpt lat="43.6638560" lon="-79.3932700">
    <ele>108.2</ele>
    <time>2020-05-24T14:21:16Z</time>
   </trkpt>
   <trkpt lat="43.6638250" lon="-79.3932320">
    <ele>108.3</ele>
    <time>2020-05-24T14:21:17Z</time>
   </trkpt>
   <trkpt lat="43.6638140" lon="-79.3932190">
    <ele>108.3</ele>
    <time>2020-05-24T14:21:18Z</time>
   </trkpt>
   <trkpt lat="43.6637910" lon="-79.3931900">
    <ele>108.3</ele>
    <time>2020-05-24T14:21:19Z</time>
   </trkpt>
   <trkpt lat="43.6637680" lon="-79.3931640">
    <ele>108.3</ele>
    <time>2020-05-24T14:21:20Z</time>
   </trkpt>
   <trkpt lat="43.6637400" lon="-79.3931350">
    <ele>108.3</ele>
    <time>2020-05-24T14:21:21Z</time>
   </trkpt>
   <trkpt lat="43.6637160" lon="-79.3931080">
    <ele>108.3</ele>
    <time>2020-05-24T14:21:22Z</time>
   </trkpt>
   <trkpt lat="43.6636890" lon="-79.3930780">
    <ele>108.3</ele>
    <time>2020-05-24T14:21:23Z</time>
   </trkpt>
   <trkpt lat="43.6636650" lon="-79.3930520">
    <ele>108.3</ele>
    <time>2020-05-24T14:21:24Z</time>
   </trkpt>
   <trkpt lat="43.6636400" lon="-79.3930290">
    <ele>108.2</ele>
    <time>2020-05-24T14:21:25Z</time>
   </trkpt>
   <trkpt lat="43.6636020" lon="-79.3930030">
    <ele>108.2</ele>
    <time>2020-05-24T14:21:26Z</time>
   </trkpt>
   <trkpt lat="43.6635880" lon="-79.3929890">
    <ele>108.2</ele>
    <time>2020-05-24T14:21:27Z</time>
   </trkpt>
   <trkpt lat="43.6635640" lon="-79.3929650">
    <ele>108.2</ele>
    <time>2020-05-24T14:21:28Z</time>
   </trkpt>
   <trkpt lat="43.6635360" lon="-79.3929340">
    <ele>108.2</ele>
    <time>2020-05-24T14:21:29Z</time>
   </trkpt>
   <trkpt lat="43.6635120" lon="-79.3929030">
    <ele>108.2</ele>
    <time>2020-05-24T14:21:30Z</time>
   </trkpt>
   <trkpt lat="43.6634910" lon="-79.3928800">
    <ele>108.2</ele>
    <time>2020-05-24T14:21:31Z</time>
   </trkpt>
   <trkpt lat="43.6634600" lon="-79.3928480">
    <ele>108.2</ele>
    <time>2020-05-24T14:21:32Z</time>
   </trkpt>
   <trkpt lat="43.6634480" lon="-79.3928360">
    <ele>108.2</ele>
    <time>2020-05-24T14:21:33Z</time>
   </trkpt>
   <trkpt lat="43.6634160" lon="-79.3928110">
    <ele>108.2</ele>
    <time>2020-05-24T14:21:34Z</time>
   </trkpt>
   <trkpt lat="43.6633880" lon="-79.3927780">
    <ele>108.1</ele>
    <time>2020-05-24T14:21:35Z</time>
   </trkpt>
   <trkpt lat="43.6633650" lon="-79.3927330">
    <ele>108.1</ele>
    <time>2020-05-24T14:21:36Z</time>
   </trkpt>
   <trkpt lat="43.6633550" lon="-79.3927190">
    <ele>108.1</ele>
    <time>2020-05-24T14:21:37Z</time>
   </trkpt>
   <trkpt lat="43.6633300" lon="-79.3926870">
    <ele>108.1</ele>
    <time>2020-05-24T14:21:38Z</time>
   </trkpt>
   <trkpt lat="43.6633010" lon="-79.3926530">
    <ele>108.2</ele>
    <time>2020-05-24T14:21:39Z</time>
   </trkpt>
   <trkpt lat="43.6632900" lon="-79.3926430">
    <ele>108.2</ele>
    <time>2020-05-24T14:21:40Z</time>
   </trkpt>
   <trkpt lat="43.6632720" lon="-79.3926140">
    <ele>108.2</ele>
    <time>2020-05-24T14:21:41Z</time>
   </trkpt>
   <trkpt lat="43.6632610" lon="-79.3925960">
    <ele>108.2</ele>
    <time>2020-05-24T14:21:42Z</time>
   </trkpt>
   <trkpt lat="43.6632610" lon="-79.3925670">
    <ele>108.2</ele>
    <time>2020-05-24T14:21:43Z</time>
   </trkpt>
   <trkpt lat="43.6632590" lon="-79.3925170">
    <ele>108.2</ele>
    <time>2020-05-24T14:21:44Z</time>
   </trkpt>
   <trkpt lat="43.6632600" lon="-79.3925000">
    <ele>108.2</ele>
    <time>2020-05-24T14:21:45Z</time>
   </trkpt>
   <trkpt lat="43.6632670" lon="-79.3924590">
    <ele>108.1</ele>
    <time>2020-05-24T14:21:46Z</time>
   </trkpt>
   <trkpt lat="43.6632730" lon="-79.3924120">
    <ele>108.1</ele>
    <time>2020-05-24T14:21:47Z</time>
   </trkpt>
   <trkpt lat="43.6632740" lon="-79.3923980">
    <ele>108.1</ele>
    <time>2020-05-24T14:21:48Z</time>
   </trkpt>
   <trkpt lat="43.6632770" lon="-79.3923580">
    <ele>108.1</ele>
    <time>2020-05-24T14:21:49Z</time>
   </trkpt>
   <trkpt lat="43.6632890" lon="-79.3923110">
    <ele>108.1</ele>
    <time>2020-05-24T14:21:50Z</time>
   </trkpt>
   <trkpt lat="43.6632950" lon="-79.3922940">
    <ele>108.1</ele>
    <time>2020-05-24T14:21:51Z</time>
   </trkpt>
   <trkpt lat="43.6633080" lon="-79.3922530">
    <ele>108.1</ele>
    <time>2020-05-24T14:21:52Z</time>
   </trkpt>
   <trkpt lat="43.6633270" lon="-79.3922090">
    <ele>108.1</ele>
    <time>2020-05-24T14:21:53Z</time>
   </trkpt>
   <trkpt lat="43.6633320" lon="-79.3921960">
    <ele>108.1</ele>
    <time>2020-05-24T14:21:54Z</time>
   </trkpt>
   <trkpt lat="43.6633460" lon="-79.3921520">
    <ele>108.1</ele>
    <time>2020-05-24T14:21:55Z</time>
   </trkpt>
   <trkpt lat="43.6633510" lon="-79.3921330">
    <ele>108.1</ele>
    <time>2020-05-24T14:21:56Z</time>
   </trkpt>
   <trkpt lat="43.6633680" lon="-79.3920860">
    <ele>108.1</ele>
    <time>2020-05-24T14:21:57Z</time>
   </trkpt>
   <trkpt lat="43.6633730" lon="-79.3920710">
    <ele>108.1</ele>
    <time>2020-05-24T14:21:58Z</time>
   </trkpt>
   <trkpt lat="43.6633820" lon="-79.3920350">
    <ele>108.1</ele>
    <time>2020-05-24T14:21:59Z</time>
   </trkpt>
   <trkpt lat="43.6633780" lon="-79.3919850">
    <ele>108.1</ele>
    <time>2020-05-24T14:22:00Z</time>
   </trkpt>
   <trkpt lat="43.6633780" lon="-79.3919660">
    <ele>108.1</ele>
    <time>2020-05-24T14:22:01Z</time>
   </trkpt>
   <trkpt lat="43.6633880" lon="-79.3919140">
    <ele>108.1</ele>
    <time>2020-05-24T14:22:02Z</time>
   </trkpt>
   <trkpt lat="43.6633920" lon="-79.3918950">
    <ele>108.1</ele>
    <time>2020-05-24T14:22:03Z</time>
   </trkpt>
   <trkpt lat="43.6633980" lon="-79.3918490">
    <ele>108.1</ele>
    <time>2020-05-24T14:22:04Z</time>
   </trkpt>
   <trkpt lat="43.6633980" lon="-79.3918120">
    <ele>108.1</ele>
    <time>2020-05-24T14:22:05Z</time>
   </trkpt>
   <trkpt lat="43.6634040" lon="-79.3917600">
    <ele>108.1</ele>
    <time>2020-05-24T14:22:06Z</time>
   </trkpt>
   <trkpt lat="43.6634080" lon="-79.3917430">
    <ele>108.1</ele>
    <time>2020-05-24T14:22:07Z</time>
   </trkpt>
   <trkpt lat="43.6634130" lon="-79.3917040">
    <ele>108.1</ele>
    <time>2020-05-24T14:22:08Z</time>
   </trkpt>
   <trkpt lat="43.6634190" lon="-79.3916510">
    <ele>108.1</ele>
    <time>2020-05-24T14:22:09Z</time>
   </trkpt>
   <trkpt lat="43.6634240" lon="-79.3916290">
    <ele>108.1</ele>
    <time>2020-05-24T14:22:10Z</time>
   </trkpt>
   <trkpt lat="43.6634250" lon="-79.3915890">
    <ele>108.1</ele>
    <time>2020-05-24T14:22:11Z</time>
   </trkpt>
   <trkpt lat="43.6634340" lon="-79.3915450">
    <ele>108.1</ele>
    <time>2020-05-24T14:22:12Z</time>
   </trkpt>
   <trkpt lat="43.6634420" lon="-79.3915040">
    <ele>108.1</ele>
    <time>2020-05-24T14:22:13Z</time>
   </trkpt>
   <trkpt lat="43.6634590" lon="-79.3914440">
    <ele>108.0</ele>
    <time>2020-05-24T14:22:14Z</time>
   </trkpt>
   <trkpt lat="43.6634720" lon="-79.3914000">
    <ele>108.0</ele>
    <time>2020-05-24T14:22:15Z</time>
   </trkpt>
   <trkpt lat="43.6634930" lon="-79.3913700">
    <ele>108.0</ele>
    <time>2020-05-24T14:22:16Z</time>
   </trkpt>
   <trkpt lat="43.6635000" lon="-79.3913560">
    <ele>108.0</ele>
    <time>2020-05-24T14:22:17Z</time>
   </trkpt>
   <trkpt lat="43.6635200" lon="-79.3913190">
    <ele>108.0</ele>
    <time>2020-05-24T14:22:18Z</time>
   </trkpt>
   <trkpt lat="43.6635420" lon="-79.3912660">
    <ele>108.0</ele>
    <time>2020-05-24T14:22:19Z</time>
   </trkpt>
   <trkpt lat="43.6635500" lon="-79.3912430">
    <ele>108.0</ele>
    <time>2020-05-24T14:22:20Z</time>
   </trkpt>
   <trkpt lat="43.6635760" lon="-79.3912070">
    <ele>107.9</ele>
    <time>2020-05-24T14:22:21Z</time>
   </trkpt>
   <trkpt lat="43.6636000" lon="-79.3911640">
    <ele>107.9</ele>
    <time>2020-05-24T14:22:22Z</time>
   </trkpt>
   <trkpt lat="43.6636220" lon="-79.3911420">
    <ele>107.9</ele>
    <time>2020-05-24T14:22:23Z</time>
   </trkpt>
   <trkpt lat="43.6636520" lon="-79.3911080">
    <ele>108.0</ele>
    <time>2020-05-24T14:22:24Z</time>
   </trkpt>
   <trkpt lat="43.6636630" lon="-79.3910940">
    <ele>108.0</ele>
    <time>2020-05-24T14:22:25Z</time>
   </trkpt>
   <trkpt lat="43.6636980" lon="-79.3910620">
    <ele>108.0</ele>
    <time>2020-05-24T14:22:26Z</time>
   </trkpt>
   <trkpt lat="43.6637110" lon="-79.3910520">
    <ele>108.0</ele>
    <time>2020-05-24T14:22:27Z</time>
   </trkpt>
   <trkpt lat="43.6637370" lon="-79.3910350">
    <ele>108.1</ele>
    <time>2020-05-24T14:22:28Z</time>
   </trkpt>
   <trkpt lat="43.6637660" lon="-79.3910080">
    <ele>108.2</ele>
    <time>2020-05-24T14:22:29Z</time>
   </trkpt>
   <trkpt lat="43.6637930" lon="-79.3909830">
    <ele>108.4</ele>
    <time>2020-05-24T14:22:30Z</time>
   </trkpt>
   <trkpt lat="43.6638030" lon="-79.3909780">
    <ele>108.4</ele>
    <time>2020-05-24T14:22:31Z</time>
   </trkpt>
   <trkpt lat="43.6638350" lon="-79.3909670">
    <ele>108.7</ele>
    <time>2020-05-24T14:22:32Z</time>
   </trkpt>
   <trkpt lat="43.6638630" lon="-79.3909540">
    <ele>108.9</ele>
    <time>2020-05-24T14:22:33Z</time>
   </trkpt>
   <trkpt lat="43.6638910" lon="-79.3909410">
    <ele>109.0</ele>
    <time>2020-05-24T14:22:34Z</time>
   </trkpt>
   <trkpt lat="43.6639220" lon="-79.3909290">
    <ele>109.3</ele>
    <time>2020-05-24T14:22:35Z</time>
   </trkpt>
   <trkpt lat="43.6639320" lon="-79.3909270">
    <ele>109.3</ele>
    <time>2020-05-24T14:22:36Z</time>
   </trkpt>
   <trkpt lat="43.6639680" lon="-79.3909160">
    <ele>109.6</ele>
    <time>2020-05-24T14:22:37Z</time>
   </trkpt>
   <trkpt lat="43.6639820" lon="-79.3909130">
    <ele>109.7</ele>
    <time>2020-05-24T14:22:38Z</time>
   </trkpt>
   <trkpt lat="43.6640180" lon="-79.3909110">
    <ele>109.9</ele>
    <time>2020-05-24T14:22:39Z</time>
   </trkpt>
   <trkpt lat="43.6640310" lon="-79.3909120">
    <ele>110.0</ele>
    <time>2020-05-24T14:22:40Z</time>
   </trkpt>
   <trkpt lat="43.6640670" lon="-79.3909170">
    <ele>110.0</ele>
    <time>2020-05-24T14:22:41Z</time>
   </trkpt>
   <trkpt lat="43.6640760" lon="-79.3909220">
    <ele>110.0</ele>
    <time>2020-05-24T14:22:42Z</time>
   </trkpt>
   <trkpt lat="43.6641200" lon="-79.3909370">
    <ele>110.0</ele>
    <time>2020-05-24T14:22:43Z</time>
   </trkpt>
   <trkpt lat="43.6641400" lon="-79.3909480">
    <ele>110.0</ele>
    <time>2020-05-24T14:22:44Z</time>
   </trkpt>
   <trkpt lat="43.6641610" lon="-79.3909620">
    <ele>110.0</ele>
    <time>2020-05-24T14:22:45Z</time>
   </trkpt>
   <trkpt lat="43.6641860" lon="-79.3909810">
    <ele>110.0</ele>
    <time>2020-05-24T14:22:46Z</time>
   </trkpt>
   <trkpt lat="43.6642200" lon="-79.3909990">
    <ele>110.1</ele>
    <time>2020-05-24T14:22:47Z</time>
   </trkpt>
   <trkpt lat="43.6642580" lon="-79.3910070">
    <ele>110.1</ele>
    <time>2020-05-24T14:22:48Z</time>
   </trkpt>
   <trkpt lat="43.6642700" lon="-79.3910120">
    <ele>110.1</ele>
    <time>2020-05-24T14:22:49Z</time>
   </trkpt>
   <trkpt lat="43.6643000" lon="-79.3910300">
    <ele>110.1</ele>
    <time>2020-05-24T14:22:50Z</time>
   </trkpt>
   <trkpt lat="43.6643250" lon="-79.3910590">
    <ele>110.2</ele>
    <time>2020-05-24T14:22:51Z</time>
   </trkpt>
   <trkpt lat="43.6643610" lon="-79.3910920">
    <ele>110.2</ele>
    <time>2020-05-24T14:22:52Z</time>
   </trkpt>
   <trkpt lat="43.6643760" lon="-79.3911030">
    <ele>110.2</ele>
    <time>2020-05-24T14:22:53Z</time>
   </trkpt>
   <trkpt lat="43.6644040" lon="-79.3911170">
    <ele>110.3</ele>
    <time>2020-05-24T14:22:54Z</time>
   </trkpt>
   <trkpt lat="43.6644360" lon="-79.3911240">
    <ele>110.3</ele>
    <time>2020-05-24T14:22:55Z</time>
   </trkpt>
   <trkpt lat="43.6644730" lon="-79.3911330">
    <ele>110.3</ele>
    <time>2020-05-24T14:22:56Z</time>
   </trkpt>
   <trkpt lat="43.6644850" lon="-79.3911380">
    <ele>110.4</ele>
    <time>2020-05-24T14:22:57Z</time>
   </trkpt>
   <trkpt lat="43.6645130" lon="-79.3911470">
    <ele>110.4</ele>
    <time>2020-05-24T14:22:58Z</time>
   </trkpt>
   <trkpt lat="43.6645470" lon="-79.3911640">
    <ele>110.4</ele>
    <time>2020-05-24T14:22:59Z</time>
   </trkpt>
   <trkpt lat="43.6645590" lon="-79.3911690">
    <ele>110.4</ele>
    <time>2020-05-24T14:23:00Z</time>
   </trkpt>
   <trkpt lat="43.6645890" lon="-79.3911760">
    <ele>110.5</ele>
    <time>2020-05-24T14:23:01Z</time>
   </trkpt>
   <trkpt lat="43.6645980" lon="-79.3911800">
    <ele>110.5</ele>
    <time>2020-05-24T14:23:02Z</time>
   </trkpt>
   <trkpt lat="43.6646360" lon="-79.3911930">
    <ele>110.5</ele>
    <time>2020-05-24T14:23:03Z</time>
   </trkpt>
   <trkpt lat="43.6646470" lon="-79.3911970">
    <ele>110.5</ele>
    <time>2020-05-24T14:23:04Z</time>
   </trkpt>
   <trkpt lat="43.6646910" lon="-79.3912060">
    <ele>110.5</ele>
    <time>2020-05-24T14:23:05Z</time>
   </trkpt>
   <trkpt lat="43.6647100" lon="-79.3912150">
    <ele>110.5</ele>
    <time>2020-05-24T14:23:06Z</time>
   </trkpt>
   <trkpt lat="43.6647430" lon="-79.3912180">
    <ele>110.5</ele>
    <time>2020-05-24T14:23:07Z</time>
   </trkpt>
   <trkpt lat="43.6647740" lon="-79.3912180">
    <ele>110.6</ele>
    <time>2020-05-24T14:23:08Z</time>
   </trkpt>
   <trkpt lat="43.6648010" lon="-79.3912310">
    <ele>110.6</ele>
    <time>2020-05-24T14:23:09Z</time>
   </trkpt>
   <trkpt lat="43.6648290" lon="-79.3912370">
    <ele>110.6</ele>
    <time>2020-05-24T14:23:10Z</time>
   </trkpt>
   <trkpt lat="43.6648600" lon="-79.3912430">
    <ele>110.6</ele>
    <time>2020-05-24T14:23:11Z</time>
   </trkpt>
   <trkpt lat="43.6648960" lon="-79.3912400">
    <ele>110.6</ele>
    <time>2020-05-24T14:23:12Z</time>
   </trkpt>
   <trkpt lat="43.6649070" lon="-79.3912370">
    <ele>110.6</ele>
    <time>2020-05-24T14:23:13Z</time>
   </trkpt>
   <trkpt lat="43.6649340" lon="-79.3912440">
    <ele>110.7</ele>
    <time>2020-05-24T14:23:14Z</time>
   </trkpt>
   <trkpt lat="43.6649540" lon="-79.3912730">
    <ele>110.7</ele>
    <time>2020-05-24T14:23:15Z</time>
   </trkpt>
   <trkpt lat="43.6649610" lon="-79.3912850">
    <ele>110.7</ele>
    <time>2020-05-24T14:23:16Z</time>
   </trkpt>
   <trkpt lat="43.6650020" lon="-79.3912930">
    <ele>110.7</ele>
    <time>2020-05-24T14:23:17Z</time>
   </trkpt>
   <trkpt lat="43.6650200" lon="-79.3912980">
    <ele>110.8</ele>
    <time>2020-05-24T14:23:18Z</time>
   </trkpt>
   <trkpt lat="43.6650460" lon="-79.3913120">
    <ele>110.8</ele>
    <time>2020-05-24T14:23:19Z</time>
   </trkpt>
   <trkpt lat="43.6650810" lon="-79.3913230">
    <ele>110.8</ele>
    <time>2020-05-24T14:23:20Z</time>
   </trkpt>
   <trkpt lat="43.6650920" lon="-79.3913280">
    <ele>110.8</ele>
    <time>2020-05-24T14:23:21Z</time>
   </trkpt>
   <trkpt lat="43.6651280" lon="-79.3913510">
    <ele>110.9</ele>
    <time>2020-05-24T14:23:22Z</time>
   </trkpt>
   <trkpt lat="43.6651510" lon="-79.3913780">
    <ele>110.9</ele>
    <time>2020-05-24T14:23:23Z</time>
   </trkpt>
   <trkpt lat="43.6651820" lon="-79.3914010">
    <ele>110.9</ele>
    <time>2020-05-24T14:23:24Z</time>
   </trkpt>
   <trkpt lat="43.6651930" lon="-79.3914090">
    <ele>110.9</ele>
    <time>2020-05-24T14:23:25Z</time>
   </trkpt>
   <trkpt lat="43.6652390" lon="-79.3914370">
    <ele>110.9</ele>
    <time>2020-05-24T14:23:26Z</time>
   </trkpt>
   <trkpt lat="43.6652740" lon="-79.3914520">
    <ele>110.9</ele>
    <time>2020-05-24T14:23:27Z</time>
   </trkpt>
   <trkpt lat="43.6653100" lon="-79.3914710">
    <ele>111.0</ele>
    <time>2020-05-24T14:23:28Z</time>
   </trkpt>
   <trkpt lat="43.6653390" lon="-79.3914830">
    <ele>111.0</ele>
    <time>2020-05-24T14:23:29Z</time>
   </trkpt>
   <trkpt lat="43.6653650" lon="-79.3914960">
    <ele>111.1</ele>
    <time>2020-05-24T14:23:30Z</time>
   </trkpt>
   <trkpt lat="43.6653740" lon="-79.3915000">
    <ele>111.1</ele>
    <time>2020-05-24T14:23:31Z</time>
   </trkpt>
   <trkpt lat="43.6654040" lon="-79.3915090">
    <ele>111.1</ele>
    <time>2020-05-24T14:23:32Z</time>
   </trkpt>
   <trkpt lat="43.6654380" lon="-79.3915190">
    <ele>111.2</ele>
    <time>2020-05-24T14:23:33Z</time>
   </trkpt>
   <trkpt lat="43.6654490" lon="-79.3915210">
    <ele>111.2</ele>
    <time>2020-05-24T14:23:34Z</time>
   </trkpt>
   <trkpt lat="43.6654800" lon="-79.3915400">
    <ele>111.3</ele>
    <time>2020-05-24T14:23:35Z</time>
   </trkpt>
   <trkpt lat="43.6655160" lon="-79.3915650">
    <ele>111.3</ele>
    <time>2020-05-24T14:23:36Z</time>
   </trkpt>
   <trkpt lat="43.6655410" lon="-79.3915830">
    <ele>111.3</ele>
    <time>2020-05-24T14:23:37Z</time>
   </trkpt>
   <trkpt lat="43.6655640" lon="-79.3916050">
    <ele>111.4</ele>
    <time>2020-05-24T14:23:38Z</time>
   </trkpt>
   <trkpt lat="43.6655940" lon="-79.3916270">
    <ele>111.4</ele>
    <time>2020-05-24T14:23:39Z</time>
   </trkpt>
   <trkpt lat="43.6656220" lon="-79.3916650">
    <ele>111.5</ele>
    <time>2020-05-24T14:23:40Z</time>
   </trkpt>
   <trkpt lat="43.6656320" lon="-79.3916800">
    <ele>111.5</ele>
    <time>2020-05-24T14:23:41Z</time>
   </trkpt>
   <trkpt lat="43.6656580" lon="-79.3917170">
    <ele>111.5</ele>
    <time>2020-05-24T14:23:42Z</time>
   </trkpt>
   <trkpt lat="43.6656660" lon="-79.3917280">
    <ele>111.5</ele>
    <time>2020-05-24T14:23:43Z</time>
   </trkpt>
   <trkpt lat="43.6656920" lon="-79.3917570">
    <ele>111.6</ele>
    <time>2020-05-24T14:23:44Z</time>
   </trkpt>
   <trkpt lat="43.6657170" lon="-79.3917930">
    <ele>111.6</ele>
    <time>2020-05-24T14:23:45Z</time>
   </trkpt>
   <trkpt lat="43.6657250" lon="-79.3918020">
    <ele>111.6</ele>
    <time>2020-05-24T14:23:46Z</time>
   </trkpt>
   <trkpt lat="43.6657550" lon="-79.3918400">
    <ele>111.6</ele>
    <time>2020-05-24T14:23:47Z</time>
   </trkpt>
   <trkpt lat="43.6657650" lon="-79.3918540">
    <ele>111.7</ele>
    <time>2020-05-24T14:23:48Z</time>
   </trkpt>
   <trkpt lat="43.6657950" lon="-79.3918830">
    <ele>111.7</ele>
    <time>2020-05-24T14:23:49Z</time>
   </trkpt>
   <trkpt lat="43.6658030" lon="-79.3918910">
    <ele>111.7</ele>
    <time>2020-05-24T14:23:50Z</time>
   </trkpt>
   <trkpt lat="43.6658260" lon="-79.3919150">
    <ele>111.7</ele>
    <time>2020-05-24T14:23:51Z</time>
   </trkpt>
   <trkpt lat="43.6658460" lon="-79.3919470">
    <ele>111.8</ele>
    <time>2020-05-24T14:23:52Z</time>
   </trkpt>
   <trkpt lat="43.6658670" lon="-79.3919780">
    <ele>111.8</ele>
    <time>2020-05-24T14:23:53Z</time>
   </trkpt>
   <trkpt lat="43.6658870" lon="-79.3920130">
    <ele>111.8</ele>
    <time>2020-05-24T14:23:54Z</time>
   </trkpt>
   <trkpt lat="43.6659060" lon="-79.3920620">
    <ele>111.8</ele>
    <time>2020-05-24T14:23:55Z</time>
   </trkpt>
   <trkpt lat="43.6659140" lon="-79.3920820">
    <ele>111.8</ele>
    <time>2020-05-24T14:23:56Z</time>
   </trkpt>
   <trkpt lat="43.6659310" lon="-79.3921270">
    <ele>111.8</ele>
    <time>2020-05-24T14:23:57Z</time>
   </trkpt>
   <trkpt lat="43.6659350" lon="-79.3921440">
    <ele>111.8</ele>
    <time>2020-05-24T14:23:58Z</time>
   </trkpt>
   <trkpt lat="43.6659500" lon="-79.3921940">
    <ele>111.8</ele>
    <time>2020-05-24T14:23:59Z</time>
   </trkpt>
   <trkpt lat="43.6659550" lon="-79.3922120">
    <ele>111.8</ele>
    <time>2020-05-24T14:24:00Z</time>
   </trkpt>
   <trkpt lat="43.6659680" lon="-79.3922470">
    <ele>111.8</ele>
    <time>2020-05-24T14:24:01Z</time>
   </trkpt>
   <trkpt lat="43.6659760" lon="-79.3922840">
    <ele>111.9</ele>
    <time>2020-05-24T14:24:02Z</time>
   </trkpt>
   <trkpt lat="43.6659930" lon="-79.3923180">
    <ele>111.9</ele>
    <time>2020-05-24T14:24:03Z</time>
   </trkpt>
   <trkpt lat="43.6660050" lon="-79.3923650">
    <ele>111.9</ele>
    <time>2020-05-24T14:24:04Z</time>
   </trkpt>
   <trkpt lat="43.6660090" lon="-79.3923810">
    <ele>111.9</ele>
    <time>2020-05-24T14:24:05Z</time>
   </trkpt>
   <trkpt lat="43.6660190" lon="-79.3924290">
    <ele>112.0</ele>
    <time>2020-05-24T14:24:06Z</time>
   </trkpt>
   <trkpt lat="43.6660230" lon="-79.3924440">
    <ele>112.0</ele>
    <time>2020-05-24T14:24:07Z</time>
   </trkpt>
   <trkpt lat="43.6660350" lon="-79.3924770">
    <ele>112.0</ele>
    <time>2020-05-24T14:24:08Z</time>
   </trkpt>
   <trkpt lat="43.6660280" lon="-79.3925330">
    <ele>112.0</ele>
    <time>2020-05-24T14:24:09Z</time>
   </trkpt>
   <trkpt lat="43.6660230" lon="-79.3925540">
    <ele>112.0</ele>
    <time>2020-05-24T14:24:10Z</time>
   </trkpt>
   <trkpt lat="43.6660100" lon="-79.3925930">
    <ele>112.0</ele>
    <time>2020-05-24T14:24:11Z</time>
   </trkpt>
   <trkpt lat="43.6660190" lon="-79.3926360">
    <ele>112.0</ele>
    <time>2020-05-24T14:24:12Z</time>
   </trkpt>
   <trkpt lat="43.6660180" lon="-79.3926500">
    <ele>112.0</ele>
    <time>2020-05-24T14:24:13Z</time>
   </trkpt>
   <trkpt lat="43.6660120" lon="-79.3926890">
    <ele>112.0</ele>
    <time>2020-05-24T14:24:14Z</time>
   </trkpt>
   <trkpt lat="43.6660020" lon="-79.3927340">
    <ele>111.9</ele>
    <time>2020-05-24T14:24:15Z</time>
   </trkpt>
   <trkpt lat="43.6659970" lon="-79.3927750">
    <ele>111.9</ele>
    <time>2020-05-24T14:24:16Z</time>
   </trkpt>
   <trkpt lat="43.6659890" lon="-79.3928140">
    <ele>111.9</ele>
    <time>2020-05-24T14:24:17Z</time>
   </trkpt>
   <trkpt lat="43.6659770" lon="-79.3928610">
    <ele>111.9</ele>
    <time>2020-05-24T14:24:18Z</time>
   </trkpt>
   <trkpt lat="43.6659570" lon="-79.3929000">
    <ele>111.8</ele>
    <time>2020-05-24T14:24:19Z</time>
   </trkpt>
   <trkpt lat="43.6659260" lon="-79.3929440">
    <ele>111.7</ele>
    <time>2020-05-24T14:24:20Z</time>
   </trkpt>
   <trkpt lat="43.6659050" lon="-79.3929890">
    <ele>111.6</ele>
    <time>2020-05-24T14:24:21Z</time>
   </trkpt>
   <trkpt lat="43.6658930" lon="-79.3930280">
    <ele>111.5</ele>
    <time>2020-05-24T14:24:22Z</time>
   </trkpt>
   <trkpt lat="43.6658880" lon="-79.3930690">
    <ele>111.4</ele>
    <time>2020-05-24T14:24:23Z</time>
   </trkpt>
   <trkpt lat="43.6658730" lon="-79.3931140">
    <ele>111.3</ele>
    <time>2020-05-24T14:24:24Z</time>
   </trkpt>
   <trkpt lat="43.6658680" lon="-79.3931320">
    <ele>111.3</ele>
    <time>2020-05-24T14:24:25Z</time>
   </trkpt>
   <trkpt lat="43.6658580" lon="-79.3931750">
    <ele>111.3</ele>
    <time>2020-05-24T14:24:26Z</time>
   </trkpt>
   <trkpt lat="43.6658530" lon="-79.3931890">
    <ele>111.3</ele>
    <time>2020-05-24T14:24:27Z</time>
   </trkpt>
   <trkpt lat="43.6658410" lon="-79.3932230">
    <ele>111.3</ele>
    <time>2020-05-24T14:24:28Z</time>
   </trkpt>
   <trkpt lat="43.6658270" lon="-79.3932620">
    <ele>111.2</ele>
    <time>2020-05-24T14:24:29Z</time>
   </trkpt>
   <trkpt lat="43.6658150" lon="-79.3933020">
    <ele>111.2</ele>
    <time>2020-05-24T14:24:30Z</time>
   </trkpt>
   <trkpt lat="43.6658010" lon="-79.3933370">
    <ele>111.2</ele>
    <time>2020-05-24T14:24:31Z</time>
   </trkpt>
   <trkpt lat="43.6657860" lon="-79.3933680">
    <ele>111.1</ele>
    <time>2020-05-24T14:24:32Z</time>
   </trkpt>
   <trkpt lat="43.6657700" lon="-79.3934100">
    <ele>111.1</ele>
    <time>2020-05-24T14:24:33Z</time>
   </trkpt>
   <trkpt lat="43.6657660" lon="-79.3934260">
    <ele>111.1</ele>
    <time>2020-05-24T14:24:34Z</time>
   </trkpt>
   <trkpt lat="43.6657340" lon="-79.3934730">
    <ele>111.0</ele>
    <time>2020-05-24T14:24:35Z</time>
   </trkpt>
   <trkpt lat="43.6657210" lon="-79.3934990">
    <ele>111.0</ele>
    <time>2020-05-24T14:24:36Z</time>
   </trkpt>
   <trkpt lat="43.6656970" lon="-79.3935260">
    <ele>110.9</ele>
    <time>2020-05-24T14:24:37Z</time>
   </trkpt>
   <trkpt lat="43.6656690" lon="-79.3935610">
    <ele>110.9</ele>
    <time>2020-05-24T14:24:38Z</time>
   </trkpt>
   <trkpt lat="43.6656610" lon="-79.3935740">
    <ele>110.9</ele>
    <time>2020-05-24T14:24:39Z</time>
   </trkpt>
   <trkpt lat="43.6656410" lon="-79.3936040">
    <ele>110.8</ele>
    <time>2020-05-24T14:24:40Z</time>
   </trkpt>
   <trkpt lat="43.6656250" lon="-79.3936350">
    <ele>110.8</ele>
    <time>2020-05-24T14:24:41Z</time>
   </trkpt>
   <trkpt lat="43.6655930" lon="-79.3936670">
    <ele>110.7</ele>
    <time>2020-05-24T14:24:42Z</time>
   </trkpt>
   <trkpt lat="43.6655800" lon="-79.3936780">
    <ele>110.7</ele>
    <time>2020-05-24T14:24:43Z</time>
   </trkpt>
   <trkpt lat="43.6655470" lon="-79.3937120">
    <ele>110.6</ele>
    <time>2020-05-24T14:24:44Z</time>
   </trkpt>
   <trkpt lat="43.6655130" lon="-79.3937370">
    <ele>110.5</ele>
    <time>2020-05-24T14:24:45Z</time>
   </trkpt>
   <trkpt lat="43.6654840" lon="-79.3937620">
    <ele>110.5</ele>
    <time>2020-05-24T14:24:46Z</time>
   </trkpt>
   <trkpt lat="43.6654580" lon="-79.3937830">
    <ele>110.4</ele>
    <time>2020-05-24T14:24:47Z</time>
   </trkpt>
   <trkpt lat="43.6654310" lon="-79.3938000">
    <ele>110.3</ele>
    <time>2020-05-24T14:24:48Z</time>
   </trkpt>
   <trkpt lat="43.6654000" lon="-79.3938160">
    <ele>110.2</ele>
    <time>2020-05-24T14:24:49Z</time>
   </trkpt>
   <trkpt lat="43.6653880" lon="-79.3938220">
    <ele>110.2</ele>
    <time>2020-05-24T14:24:50Z</time>
   </trkpt>
   <trkpt lat="43.6653540" lon="-79.3938220">
    <ele>110.0</ele>
    <time>2020-05-24T14:24:51Z</time>
   </trkpt>
   <trkpt lat="43.6653420" lon="-79.3938220">
    <ele>110.0</ele>
    <time>2020-05-24T14:24:52Z</time>
   </trkpt>
   <trkpt lat="43.6653080" lon="-79.3938310">
    <ele>109.8</ele>
    <time>2020-05-24T14:24:53Z</time>
   </trkpt>
   <trkpt lat="43.6652950" lon="-79.3938330">
    <ele>109.8</ele>
    <time>2020-05-24T14:24:54Z</time>
   </trkpt>
   <trkpt lat="43.6652620" lon="-79.3938510">
    <ele>109.6</ele>
    <time>2020-05-24T14:24:55Z</time>
   </trkpt>
   <trkpt lat="43.6652270" lon="-79.3938700">
    <ele>109.5</ele>
    <time>2020-05-24T14:24:56Z</time>
   </trkpt>
   <trkpt lat="43.6651990" lon="-79.3938800">
    <ele>109.4</ele>
    <time>2020-05-24T14:24:57Z</time>
   </trkpt>
   <trkpt lat="43.6651600" lon="-79.3938790">
    <ele>109.2</ele>
    <time>2020-05-24T14:24:58Z</time>
   </trkpt>
   <trkpt lat="43.6651450" lon="-79.3938740">
    <ele>109.1</ele>
    <time>2020-05-24T14:24:59Z</time>
   </trkpt>
   <trkpt lat="43.6651130" lon="-79.3938700">
    <ele>109.0</ele>
    <time>2020-05-24T14:25:00Z</time>
   </trkpt>
   <trkpt lat="43.6651020" lon="-79.3938670">
    <ele>108.9</ele>
    <time>2020-05-24T14:25:01Z</time>
   </trkpt>
   <trkpt lat="43.6650730" lon="-79.3938680">
    <ele>108.9</ele>
    <time>2020-05-24T14:25:02Z</time>
   </trkpt>
   <trkpt lat="43.6650350" lon="-79.3938530">
    <ele>108.9</ele>
    <time>2020-05-24T14:25:03Z</time>
   </trkpt>
   <trkpt lat="43.6649940" lon="-79.3938750">
    <ele>108.9</ele>
    <time>2020-05-24T14:25:04Z</time>
   </trkpt>
   <trkpt lat="43.6649590" lon="-79.3938660">
    <ele>108.8</ele>
    <time>2020-05-24T14:25:05Z</time>
   </trkpt>
   <trkpt lat="43.6649290" lon="-79.3938610">
    <ele>108.8</ele>
    <time>2020-05-24T14:25:06Z</time>
   </trkpt>
   <trkpt lat="43.6648930" lon="-79.3938500">
    <ele>108.8</ele>
    <time>2020-05-24T14:25:07Z</time>
   </trkpt>
   <trkpt lat="43.6648830" lon="-79.3938480">
    <ele>108.8</ele>
    <time>2020-05-24T14:25:08Z</time>
   </trkpt>
   <trkpt lat="43.6648490" lon="-79.3938200">
    <ele>108.8</ele>
    <time>2020-05-24T14:25:09Z</time>
   </trkpt>
   <trkpt lat="43.6648360" lon="-79.3938070">
    <ele>108.7</ele>
    <time>2020-05-24T14:25:10Z</time>
   </trkpt>
   <trkpt lat="43.6648090" lon="-79.3937810">
    <ele>108.7</ele>
    <time>2020-05-24T14:25:11Z</time>
   </trkpt>
   <trkpt lat="43.6648010" lon="-79.3937750">
    <ele>108.7</ele>
    <time>2020-05-24T14:25:12Z</time>
   </trkpt>
   <trkpt lat="43.6647890" lon="-79.3937630">
    <ele>108.7</ele>
    <time>2020-05-24T14:25:13Z</time>
   </trkpt>
   <trkpt lat="43.6647740" lon="-79.3937510">
    <ele>108.7</ele>
    <time>2020-05-24T14:25:14Z</time>
   </trkpt>
   <trkpt lat="43.6647610" lon="-79.3937370">
    <ele>108.7</ele>
    <time>2020-05-24T14:25:15Z</time>
   </trkpt>
   <trkpt lat="43.6647500" lon="-79.3937140">
    <ele>108.7</ele>
    <time>2020-05-24T14:25:16Z</time>
   </trkpt>
   <trkpt lat="43.6647230" lon="-79.3936840">
    <ele>108.7</ele>
    <time>2020-05-24T14:25:17Z</time>
   </trkpt>
   <trkpt lat="43.6647120" lon="-79.3936730">
    <ele>108.7</ele>
    <time>2020-05-24T14:25:18Z</time>
   </trkpt>
   <trkpt lat="43.6646850" lon="-79.3936590">
    <ele>108.7</ele>
    <time>2020-05-24T14:25:19Z</time>
   </trkpt>
   <trkpt lat="43.6646570" lon="-79.3936540">
    <ele>108.7</ele>
    <time>2020-05-24T14:25:20Z</time>
   </trkpt>
   <trkpt lat="43.6646160" lon="-79.3936510">
    <ele>108.7</ele>
    <time>2020-05-24T14:25:22Z</time>
   </trkpt>
   <trkpt lat="43.6645850" lon="-79.3936500">
    <ele>108.7</ele>
    <time>2020-05-24T14:25:23Z</time>
   </trkpt>
   <trkpt lat="43.6645550" lon="-79.3936430">
    <ele>108.7</ele>
    <time>2020-05-24T14:25:24Z</time>
   </trkpt>
   <trkpt lat="43.6645250" lon="-79.3936360">
    <ele>108.7</ele>
    <time>2020-05-24T14:25:25Z</time>
   </trkpt>
   <trkpt lat="43.6644840" lon="-79.3936310">
    <ele>108.7</ele>
    <time>2020-05-24T14:25:26Z</time>
   </trkpt>
   <trkpt lat="43.6644690" lon="-79.3936280">
    <ele>108.7</ele>
    <time>2020-05-24T14:25:27Z</time>
   </trkpt>
   <trkpt lat="43.6644430" lon="-79.3936220">
    <ele>108.6</ele>
    <time>2020-05-24T14:25:28Z</time>
   </trkpt>
   <trkpt lat="43.6644100" lon="-79.3936080">
    <ele>108.6</ele>
    <time>2020-05-24T14:25:29Z</time>
   </trkpt>
   <trkpt lat="43.6643990" lon="-79.3935990">
    <ele>108.6</ele>
    <time>2020-05-24T14:25:30Z</time>
   </trkpt>
   <trkpt lat="43.6643760" lon="-79.3935760">
    <ele>108.6</ele>
    <time>2020-05-24T14:25:31Z</time>
   </trkpt>
   <trkpt lat="43.6643380" lon="-79.3935480">
    <ele>108.5</ele>
    <time>2020-05-24T14:25:32Z</time>
   </trkpt>
   <trkpt lat="43.6643220" lon="-79.3935390">
    <ele>108.5</ele>
    <time>2020-05-24T14:25:33Z</time>
   </trkpt>
   <trkpt lat="43.6642960" lon="-79.3935120">
    <ele>108.5</ele>
    <time>2020-05-24T14:25:34Z</time>
   </trkpt>
   <trkpt lat="43.6642580" lon="-79.3935010">
    <ele>108.4</ele>
    <time>2020-05-24T14:25:35Z</time>
   </trkpt>
   <trkpt lat="43.6642430" lon="-79.3934950">
    <ele>108.4</ele>
    <time>2020-05-24T14:25:36Z</time>
   </trkpt>
   <trkpt lat="43.6642110" lon="-79.3934870">
    <ele>108.4</ele>
    <time>2020-05-24T14:25:37Z</time>
   </trkpt>
   <trkpt lat="43.6641820" lon="-79.3934700">
    <ele>108.3</ele>
    <time>2020-05-24T14:25:38Z</time>
   </trkpt>
   <trkpt lat="43.6641560" lon="-79.3934520">
    <ele>108.3</ele>
    <time>2020-05-24T14:25:39Z</time>
   </trkpt>
   <trkpt lat="43.6641440" lon="-79.3934480">
    <ele>108.3</ele>
    <time>2020-05-24T14:25:40Z</time>
   </trkpt>
   <trkpt lat="43.6641170" lon="-79.3934450">
    <ele>108.3</ele>
    <time>2020-05-24T14:25:41Z</time>
   </trkpt>
   <trkpt lat="43.6640900" lon="-79.3934310">
    <ele>108.2</ele>
    <time>2020-05-24T14:25:42Z</time>
   </trkpt>
   <trkpt lat="43.6640590" lon="-79.3934130">
    <ele>108.2</ele>
    <time>2020-05-24T14:25:43Z</time>
   </trkpt>
   <trkpt lat="43.6640320" lon="-79.3933840">
    <ele>108.2</ele>
    <time>2020-05-24T14:25:44Z</time>
   </trkpt>
   <trkpt lat="43.6640030" lon="-79.3933670">
    <ele>108.2</ele>
    <time>2020-05-24T14:25:45Z</time>
   </trkpt>
   <trkpt lat="43.6639690" lon="-79.3933420">
    <ele>108.2</ele>
    <time>2020-05-24T14:25:46Z</time>
   </trkpt>
   <trkpt lat="43.6639430" lon="-79.3933180">
    <ele>108.2</ele>
    <time>2020-05-24T14:25:47Z</time>
   </trkpt>
   <trkpt lat="43.6639130" lon="-79.3932890">
    <ele>108.2</ele>
    <time>2020-05-24T14:25:48Z</time>
   </trkpt>
   <trkpt lat="43.6638840" lon="-79.3932870">
    <ele>108.2</ele>
    <time>2020-05-24T14:25:49Z</time>
   </trkpt>
   <trkpt lat="43.6638740" lon="-79.3932820">
    <ele>108.2</ele>
    <time>2020-05-24T14:25:50Z</time>
   </trkpt>
   <trkpt lat="43.6638650" lon="-79.3932680">
    <ele>108.2</ele>
    <time>2020-05-24T14:25:51Z</time>
   </trkpt>
   <trkpt lat="43.6638470" lon="-79.3932550">
    <ele>108.2</ele>
    <time>2020-05-24T14:25:52Z</time>
   </trkpt>
   <trkpt lat="43.6638230" lon="-79.3932330">
    <ele>108.3</ele>
    <time>2020-05-24T14:25:53Z</time>
   </trkpt>
   <trkpt lat="43.6638150" lon="-79.3932250">
    <ele>108.3</ele>
    <time>2020-05-24T14:25:54Z</time>
   </trkpt>
   <trkpt lat="43.6637990" lon="-79.3931890">
    <ele>108.3</ele>
    <time>2020-05-24T14:25:55Z</time>
   </trkpt>
   <trkpt lat="43.6637640" lon="-79.3931570">
    <ele>108.3</ele>
    <time>2020-05-24T14:25:56Z</time>
   </trkpt>
   <trkpt lat="43.6637480" lon="-79.3931430">
    <ele>108.3</ele>
    <time>2020-05-24T14:25:57Z</time>
   </trkpt>
   <trkpt lat="43.6637280" lon="-79.3931170">
    <ele>108.3</ele>
    <time>2020-05-24T14:25:58Z</time>
   </trkpt>
   <trkpt lat="43.6636980" lon="-79.3930800">
    <ele>108.3</ele>
    <time>2020-05-24T14:25:59Z</time>
   </trkpt>
   <trkpt lat="43.6636880" lon="-79.3930690">
    <ele>108.3</ele>
    <time>2020-05-24T14:26:00Z</time>
   </trkpt>
   <trkpt lat="43.6636620" lon="-79.3930490">
    <ele>108.2</ele>
    <time>2020-05-24T14:26:01Z</time>
   </trkpt>
   <trkpt lat="43.6636360" lon="-79.3930290">
    <ele>108.2</ele>
    <time>2020-05-24T14:26:02Z</time>
   </trkpt>
   <trkpt lat="43.6636070" lon="-79.3930040">
    <ele>108.2</ele>
    <time>2020-05-24T14:26:03Z</time>
   </trkpt>
   <trkpt lat="43.6635960" lon="-79.3929980">
    <ele>108.2</ele>
    <time>2020-05-24T14:26:04Z</time>
   </trkpt>
   <trkpt lat="43.6635680" lon="-79.3929760">
    <ele>108.2</ele>
    <time>2020-05-24T14:26:05Z</time>
   </trkpt>
   <trkpt lat="43.6635560" lon="-79.3929670">
    <ele>108.2</ele>
    <time>2020-05-24T14:26:06Z</time>
   </trkpt>
   <trkpt lat="43.6635340" lon="-79.3929400">
    <ele>108.2</ele>
    <time>2020-05-24T14:26:07Z</time>
   </trkpt>
   <trkpt lat="43.6635050" lon="-79.3929050">
    <ele>108.2</ele>
    <time>2020-05-24T14:26:08Z</time>
   </trkpt>
   <trkpt lat="43.6634740" lon="-79.3928680">
    <ele>108.2</ele>
    <time>2020-05-24T14:26:09Z</time>
   </trkpt>
   <trkpt lat="43.6634510" lon="-79.3928380">
    <ele>108.2</ele>
    <time>2020-05-24T14:26:10Z</time>
   </trkpt>
   <trkpt lat="43.6634260" lon="-79.3928060">
    <ele>108.1</ele>
    <time>2020-05-24T14:26:11Z</time>
   </trkpt>
   <trkpt lat="43.6634170" lon="-79.3927920">
    <ele>108.1</ele>
    <time>2020-05-24T14:26:12Z</time>
   </trkpt>
   <trkpt lat="43.6633980" lon="-79.3927520">
    <ele>108.1</ele>
    <time>2020-05-24T14:26:13Z</time>
   </trkpt>
   <trkpt lat="43.6633910" lon="-79.3927390">
    <ele>108.1</ele>
    <time>2020-05-24T14:26:14Z</time>
   </trkpt>
   <trkpt lat="43.6633670" lon="-79.3926980">
    <ele>108.1</ele>
    <time>2020-05-24T14:26:15Z</time>
   </trkpt>
   <trkpt lat="43.6633580" lon="-79.3926850">
    <ele>108.1</ele>
    <time>2020-05-24T14:26:16Z</time>
   </trkpt>
   <trkpt lat="43.6633270" lon="-79.3926550">
    <ele>108.1</ele>
    <time>2020-05-24T14:26:17Z</time>
   </trkpt>
   <trkpt lat="43.6633130" lon="-79.3926470">
    <ele>108.2</ele>
    <time>2020-05-24T14:26:18Z</time>
   </trkpt>
   <trkpt lat="43.6632890" lon="-79.3926190">
    <ele>108.2</ele>
    <time>2020-05-24T14:26:19Z</time>
   </trkpt>
   <trkpt lat="43.6632740" lon="-79.3925870">
    <ele>108.2</ele>
    <time>2020-05-24T14:26:20Z</time>
   </trkpt>
   <trkpt lat="43.6632690" lon="-79.3925700">
    <ele>108.2</ele>
    <time>2020-05-24T14:26:21Z</time>
   </trkpt>
   <trkpt lat="43.6632650" lon="-79.3925300">
    <ele>108.2</ele>
    <time>2020-05-24T14:26:22Z</time>
   </trkpt>
   <trkpt lat="43.6632740" lon="-79.3924910">
    <ele>108.1</ele>
    <time>2020-05-24T14:26:23Z</time>
   </trkpt>
   <trkpt lat="43.6632830" lon="-79.3924550">
    <ele>108.1</ele>
    <time>2020-05-24T14:26:24Z</time>
   </trkpt>
   <trkpt lat="43.6632920" lon="-79.3924160">
    <ele>108.1</ele>
    <time>2020-05-24T14:26:25Z</time>
   </trkpt>
   <trkpt lat="43.6632950" lon="-79.3924040">
    <ele>108.1</ele>
    <time>2020-05-24T14:26:26Z</time>
   </trkpt>
   <trkpt lat="43.6633030" lon="-79.3923500">
    <ele>108.1</ele>
    <time>2020-05-24T14:26:27Z</time>
   </trkpt>
   <trkpt lat="43.6633040" lon="-79.3923300">
    <ele>108.1</ele>
    <time>2020-05-24T14:26:28Z</time>
   </trkpt>
   <trkpt lat="43.6633120" lon="-79.3922900">
    <ele>108.1</ele>
    <time>2020-05-24T14:26:29Z</time>
   </trkpt>
   <trkpt lat="43.6633210" lon="-79.3922520">
    <ele>108.1</ele>
    <time>2020-05-24T14:26:30Z</time>
   </trkpt>
   <trkpt lat="43.6633290" lon="-79.3922150">
    <ele>108.1</ele>
    <time>2020-05-24T14:26:31Z</time>
   </trkpt>
   <trkpt lat="43.6633420" lon="-79.3921620">
    <ele>108.1</ele>
    <time>2020-05-24T14:26:32Z</time>
   </trkpt>
   <trkpt lat="43.6633450" lon="-79.3921430">
    <ele>108.1</ele>
    <time>2020-05-24T14:26:33Z</time>
   </trkpt>
   <trkpt lat="43.6633520" lon="-79.3920870">
    <ele>108.1</ele>
    <time>2020-05-24T14:26:34Z</time>
   </trkpt>
   <trkpt lat="43.6633530" lon="-79.3920670">
    <ele>108.1</ele>
    <time>2020-05-24T14:26:35Z</time>
   </trkpt>
   <trkpt lat="43.6633530" lon="-79.3920240">
    <ele>108.1</ele>
    <time>2020-05-24T14:26:36Z</time>
   </trkpt>
   <trkpt lat="43.6633560" lon="-79.3919840">
    <ele>108.1</ele>
    <time>2020-05-24T14:26:37Z</time>
   </trkpt>
   <trkpt lat="43.6633640" lon="-79.3919350">
    <ele>108.1</ele>
    <time>2020-05-24T14:26:38Z</time>
   </trkpt>
   <trkpt lat="43.6633680" lon="-79.3918830">
    <ele>108.1</ele>
    <time>2020-05-24T14:26:39Z</time>
   </trkpt>
   <trkpt lat="43.6633680" lon="-79.3918650">
    <ele>108.1</ele>
    <time>2020-05-24T14:26:40Z</time>
   </trkpt>
   <trkpt lat="43.6633690" lon="-79.3918220">
    <ele>108.1</ele>
    <time>2020-05-24T14:26:41Z</time>
   </trkpt>
   <trkpt lat="43.6633710" lon="-79.3918090">
    <ele>108.1</ele>
    <time>2020-05-24T14:26:42Z</time>
   </trkpt>
   <trkpt lat="43.6633850" lon="-79.3917670">
    <ele>108.1</ele>
    <time>2020-05-24T14:26:43Z</time>
   </trkpt>
   <trkpt lat="43.6633910" lon="-79.3917500">
    <ele>108.1</ele>
    <time>2020-05-24T14:26:44Z</time>
   </trkpt>
   <trkpt lat="43.6633990" lon="-79.3917030">
    <ele>108.1</ele>
    <time>2020-05-24T14:26:45Z</time>
   </trkpt>
   <trkpt lat="43.6634010" lon="-79.3916850">
    <ele>108.1</ele>
    <time>2020-05-24T14:26:46Z</time>
   </trkpt>
   <trkpt lat="43.6634080" lon="-79.3916300">
    <ele>108.1</ele>
    <time>2020-05-24T14:26:47Z</time>
   </trkpt>
   <trkpt lat="43.6634110" lon="-79.3916090">
    <ele>108.1</ele>
    <time>2020-05-24T14:26:48Z</time>
   </trkpt>
   <trkpt lat="43.6634130" lon="-79.3915600">
    <ele>108.1</ele>
    <time>2020-05-24T14:26:49Z</time>
   </trkpt>
   <trkpt lat="43.6634230" lon="-79.3915040">
    <ele>108.1</ele>
    <time>2020-05-24T14:26:50Z</time>
   </trkpt>
   <trkpt lat="43.6634280" lon="-79.3914840">
    <ele>108.1</ele>
    <time>2020-05-24T14:26:51Z</time>
   </trkpt>
   <trkpt lat="43.6634390" lon="-79.3914310">
    <ele>108.0</ele>
    <time>2020-05-24T14:26:52Z</time>
   </trkpt>
   <trkpt lat="43.6634440" lon="-79.3914130">
    <ele>108.0</ele>
    <time>2020-05-24T14:26:53Z</time>
   </trkpt>
   <trkpt lat="43.6634560" lon="-79.3913940">
    <ele>108.0</ele>
    <time>2020-05-24T14:26:54Z</time>
   </trkpt>
   <trkpt lat="43.6634650" lon="-79.3913730">
    <ele>108.0</ele>
    <time>2020-05-24T14:26:55Z</time>
   </trkpt>
   <trkpt lat="43.6634820" lon="-79.3913230">
    <ele>108.0</ele>
    <time>2020-05-24T14:26:56Z</time>
   </trkpt>
   <trkpt lat="43.6634860" lon="-79.3913040">
    <ele>108.0</ele>
    <time>2020-05-24T14:26:57Z</time>
   </trkpt>
   <trkpt lat="43.6635040" lon="-79.3912590">
    <ele>108.0</ele>
    <time>2020-05-24T14:26:58Z</time>
   </trkpt>
   <trkpt lat="43.6635100" lon="-79.3912410">
    <ele>108.0</ele>
    <time>2020-05-24T14:26:59Z</time>
   </trkpt>
   <trkpt lat="43.6635280" lon="-79.3912030">
    <ele>108.0</ele>
    <time>2020-05-24T14:27:00Z</time>
   </trkpt>
   <trkpt lat="43.6635580" lon="-79.3911760">
    <ele>107.9</ele>
    <time>2020-05-24T14:27:01Z</time>
   </trkpt>
   <trkpt lat="43.6635890" lon="-79.3911540">
    <ele>107.9</ele>
    <time>2020-05-24T14:27:02Z</time>
   </trkpt>
   <trkpt lat="43.6636160" lon="-79.3911390">
    <ele>107.9</ele>
    <time>2020-05-24T14:27:03Z</time>
   </trkpt>
   <trkpt lat="43.6636400" lon="-79.3911070">
    <ele>107.9</ele>
    <time>2020-05-24T14:27:04Z</time>
   </trkpt>
   <trkpt lat="43.6636680" lon="-79.3910840">
    <ele>108.0</ele>
    <time>2020-05-24T14:27:05Z</time>
   </trkpt>
   <trkpt lat="43.6636770" lon="-79.3910780">
    <ele>108.0</ele>
    <time>2020-05-24T14:27:06Z</time>
   </trkpt>
   <trkpt lat="43.6637030" lon="-79.3910470">
    <ele>108.0</ele>
    <time>2020-05-24T14:27:07Z</time>
   </trkpt>
   <trkpt lat="43.6637320" lon="-79.3910220">
    <ele>108.1</ele>
    <time>2020-05-24T14:27:08Z</time>
   </trkpt>
   <trkpt lat="43.6637560" lon="-79.3909920">
    <ele>108.1</ele>
    <time>2020-05-24T14:27:09Z</time>
   </trkpt>
   <trkpt lat="43.6637830" lon="-79.3909750">
    <ele>108.3</ele>
    <time>2020-05-24T14:27:10Z</time>
   </trkpt>
   <trkpt lat="43.6638130" lon="-79.3909530">
    <ele>108.6</ele>
    <time>2020-05-24T14:27:11Z</time>
   </trkpt>
   <trkpt lat="43.6638510" lon="-79.3909510">
    <ele>108.8</ele>
    <time>2020-05-24T14:27:12Z</time>
   </trkpt>
   <trkpt lat="43.6638630" lon="-79.3909480">
    <ele>108.9</ele>
    <time>2020-05-24T14:27:13Z</time>
   </trkpt>
   <trkpt lat="43.6638960" lon="-79.3909550">
    <ele>109.1</ele>
    <time>2020-05-24T14:27:14Z</time>
   </trkpt>
   <trkpt lat="43.6639240" lon="-79.3909580">
    <ele>109.3</ele>
    <time>2020-05-24T14:27:15Z</time>
   </trkpt>
   <trkpt lat="43.6639620" lon="-79.3909570">
    <ele>109.6</ele>
    <time>2020-05-24T14:27:16Z</time>
   </trkpt>
   <trkpt lat="43.6639750" lon="-79.3909540">
    <ele>109.7</ele>
    <time>2020-05-24T14:27:17Z</time>
   </trkpt>
   <trkpt lat="43.6640100" lon="-79.3909540">
    <ele>110.0</ele>
    <time>2020-05-24T14:27:18Z</time>
   </trkpt>
   <trkpt lat="43.6640230" lon="-79.3909550">
    <ele>110.0</ele>
    <time>2020-05-24T14:27:19Z</time>
   </trkpt>
   <trkpt lat="43.6640510" lon="-79.3909570">
    <ele>110.0</ele>
    <time>2020-05-24T14:27:20Z</time>
   </trkpt>
   <trkpt lat="43.6640780" lon="-79.3909560">
    <ele>110.0</ele>
    <time>2020-05-24T14:27:21Z</time>
   </trkpt>
   <trkpt lat="43.6641220" lon="-79.3909660">
    <ele>110.0</ele>
    <time>2020-05-24T14:27:22Z</time>
   </trkpt>
   <trkpt lat="43.6641390" lon="-79.3909740">
    <ele>110.0</ele>
    <time>2020-05-24T14:27:23Z</time>
   </trkpt>
   <trkpt lat="43.6641640" lon="-79.3909870">
    <ele>110.0</ele>
    <time>2020-05-24T14:27:24Z</time>
   </trkpt>
   <trkpt lat="43.6642000" lon="-79.3910040">
    <ele>110.0</ele>
    <time>2020-05-24T14:27:25Z</time>
   </trkpt>
   <trkpt lat="43.6642110" lon="-79.3910090">
    <ele>110.1</ele>
    <time>2020-05-24T14:27:26Z</time>
   </trkpt>
   <trkpt lat="43.6642490" lon="-79.3910260">
    <ele>110.1</ele>
    <time>2020-05-24T14:27:27Z</time>
   </trkpt>
   <trkpt lat="43.6642760" lon="-79.3910310">
    <ele>110.1</ele>
    <time>2020-05-24T14:27:28Z</time>
   </trkpt>
   <trkpt lat="43.6643070" lon="-79.3910390">
    <ele>110.2</ele>
    <time>2020-05-24T14:27:29Z</time>
   </trkpt>
   <trkpt lat="43.6643370" lon="-79.3910490">
    <ele>110.2</ele>
    <time>2020-05-24T14:27:30Z</time>
   </trkpt>
   <trkpt lat="43.6643640" lon="-79.3910660">
    <ele>110.2</ele>
    <time>2020-05-24T14:27:31Z</time>
   </trkpt>
   <trkpt lat="43.6643950" lon="-79.3910790">
    <ele>110.3</ele>
    <time>2020-05-24T14:27:32Z</time>
   </trkpt>
   <trkpt lat="43.6644220" lon="-79.3910920">
    <ele>110.3</ele>
    <time>2020-05-24T14:27:33Z</time>
   </trkpt>
   <trkpt lat="43.6644550" lon="-79.3911060">
    <ele>110.3</ele>
    <time>2020-05-24T14:27:34Z</time>
   </trkpt>
   <trkpt lat="43.6644670" lon="-79.3911120">
    <ele>110.3</ele>
    <time>2020-05-24T14:27:35Z</time>
   </trkpt>
   <trkpt lat="43.6644910" lon="-79.3911310">
    <ele>110.4</ele>
    <time>2020-05-24T14:27:36Z</time>
   </trkpt>
   <trkpt lat="43.6645240" lon="-79.3911400">
    <ele>110.4</ele>
    <time>2020-05-24T14:27:37Z</time>
   </trkpt>
   <trkpt lat="43.6645340" lon="-79.3911440">
    <ele>110.4</ele>
    <time>2020-05-24T14:27:38Z</time>
   </trkpt>
   <trkpt lat="43.6645500" lon="-79.3911420">
    <ele>110.4</ele>
    <time>2020-05-24T14:27:39Z</time>
   </trkpt>
   <trkpt lat="43.6645680" lon="-79.3911420">
    <ele>110.4</ele>
    <time>2020-05-24T14:27:40Z</time>
   </trkpt>
   <trkpt lat="43.6646020" lon="-79.3911450">
    <ele>110.5</ele>
    <time>2020-05-24T14:27:41Z</time>
   </trkpt>
   <trkpt lat="43.6646100" lon="-79.3911470">
    <ele>110.5</ele>
    <time>2020-05-24T14:27:42Z</time>
   </trkpt>
   <trkpt lat="43.6646460" lon="-79.3911480">
    <ele>110.5</ele>
    <time>2020-05-24T14:27:43Z</time>
   </trkpt>
   <trkpt lat="43.6646590" lon="-79.3911510">
    <ele>110.5</ele>
    <time>2020-05-24T14:27:44Z</time>
   </trkpt>
   <trkpt lat="43.6646980" lon="-79.3911650">
    <ele>110.5</ele>
    <time>2020-05-24T14:27:45Z</time>
   </trkpt>
   <trkpt lat="43.6647330" lon="-79.3911680">
    <ele>110.5</ele>
    <time>2020-05-24T14:27:46Z</time>
   </trkpt>
   <trkpt lat="43.6647470" lon="-79.3911670">
    <ele>110.5</ele>
    <time>2020-05-24T14:27:47Z</time>
   </trkpt>
   <trkpt lat="43.6647750" lon="-79.3911800">
    <ele>110.6</ele>
    <time>2020-05-24T14:27:48Z</time>
   </trkpt>
   <trkpt lat="43.6648010" lon="-79.3911930">
    <ele>110.6</ele>
    <time>2020-05-24T14:27:49Z</time>
   </trkpt>
   <trkpt lat="43.6648320" lon="-79.3912090">
    <ele>110.6</ele>
    <time>2020-05-24T14:27:50Z</time>
   </trkpt>
   <trkpt lat="43.6648680" lon="-79.3912300">
    <ele>110.6</ele>
    <time>2020-05-24T14:27:51Z</time>
   </trkpt>
   <trkpt lat="43.6648980" lon="-79.3912440">
    <ele>110.6</ele>
    <time>2020-05-24T14:27:52Z</time>
   </trkpt>
   <trkpt lat="43.6649390" lon="-79.3912690">
    <ele>110.7</ele>
    <time>2020-05-24T14:27:53Z</time>
   </trkpt>
   <trkpt lat="43.6649680" lon="-79.3912870">
    <ele>110.7</ele>
    <time>2020-05-24T14:27:54Z</time>
   </trkpt>
   <trkpt lat="43.6649790" lon="-79.3912920">
    <ele>110.7</ele>
    <time>2020-05-24T14:27:55Z</time>
   </trkpt>
   <trkpt lat="43.6650140" lon="-79.3913060">
    <ele>110.7</ele>
    <time>2020-05-24T14:27:56Z</time>
   </trkpt>
   <trkpt lat="43.6650260" lon="-79.3913120">
    <ele>110.8</ele>
    <time>2020-05-24T14:27:57Z</time>
   </trkpt>
   <trkpt lat="43.6650620" lon="-79.3913270">
    <ele>110.8</ele>
    <time>2020-05-24T14:27:58Z</time>
   </trkpt>
   <trkpt lat="43.6651020" lon="-79.3913490">
    <ele>110.8</ele>
    <time>2020-05-24T14:27:59Z</time>
   </trkpt>
   <trkpt lat="43.6651180" lon="-79.3913610">
    <ele>110.9</ele>
    <time>2020-05-24T14:28:00Z</time>
   </trkpt>
   <trkpt lat="43.6651480" lon="-79.3913860">
    <ele>110.9</ele>
    <time>2020-05-24T14:28:01Z</time>
   </trkpt>
   <trkpt lat="43.6651850" lon="-79.3914030">
    <ele>110.9</ele>
    <time>2020-05-24T14:28:02Z</time>
   </trkpt>
   <trkpt lat="43.6651970" lon="-79.3914100">
    <ele>110.9</ele>
    <time>2020-05-24T14:28:03Z</time>
   </trkpt>
   <trkpt lat="43.6652300" lon="-79.3914240">
    <ele>110.9</ele>
    <time>2020-05-24T14:28:04Z</time>
   </trkpt>
   <trkpt lat="43.6652420" lon="-79.3914300">
    <ele>110.9</ele>
    <time>2020-05-24T14:28:05Z</time>
   </trkpt>
   <trkpt lat="43.6652710" lon="-79.3914450">
    <ele>110.9</ele>
    <time>2020-05-24T14:28:06Z</time>
   </trkpt>
   <trkpt lat="43.6653010" lon="-79.3914640">
    <ele>111.0</ele>
    <time>2020-05-24T14:28:07Z</time>
   </trkpt>
   <trkpt lat="43.6653390" lon="-79.3914810">
    <ele>111.0</ele>
    <time>2020-05-24T14:28:08Z</time>
   </trkpt>
   <trkpt lat="43.6653520" lon="-79.3914870">
    <ele>111.1</ele>
    <time>2020-05-24T14:28:09Z</time>
   </trkpt>
   <trkpt lat="43.6653880" lon="-79.3914990">
    <ele>111.1</ele>
    <time>2020-05-24T14:28:10Z</time>
   </trkpt>
   <trkpt lat="43.6654010" lon="-79.3915010">
    <ele>111.1</ele>
    <time>2020-05-24T14:28:11Z</time>
   </trkpt>
   <trkpt lat="43.6654340" lon="-79.3915120">
    <ele>111.2</ele>
    <time>2020-05-24T14:28:12Z</time>
   </trkpt>
   <trkpt lat="43.6654460" lon="-79.3915150">
    <ele>111.2</ele>
    <time>2020-05-24T14:28:13Z</time>
   </trkpt>
   <trkpt lat="43.6654790" lon="-79.3915340">
    <ele>111.3</ele>
    <time>2020-05-24T14:28:14Z</time>
   </trkpt>
   <trkpt lat="43.6655090" lon="-79.3915540">
    <ele>111.3</ele>
    <time>2020-05-24T14:28:15Z</time>
   </trkpt>
   <trkpt lat="43.6655440" lon="-79.3915740">
    <ele>111.3</ele>
    <time>2020-05-24T14:28:16Z</time>
   </trkpt>
   <trkpt lat="43.6655690" lon="-79.3915950">
    <ele>111.4</ele>
    <time>2020-05-24T14:28:17Z</time>
   </trkpt>
   <trkpt lat="43.6656000" lon="-79.3916220">
    <ele>111.4</ele>
    <time>2020-05-24T14:28:18Z</time>
   </trkpt>
   <trkpt lat="43.6656110" lon="-79.3916370">
    <ele>111.4</ele>
    <time>2020-05-24T14:28:19Z</time>
   </trkpt>
   <trkpt lat="43.6656430" lon="-79.3916800">
    <ele>111.5</ele>
    <time>2020-05-24T14:28:20Z</time>
   </trkpt>
   <trkpt lat="43.6656590" lon="-79.3916970">
    <ele>111.5</ele>
    <time>2020-05-24T14:28:21Z</time>
   </trkpt>
   <trkpt lat="43.6656890" lon="-79.3917320">
    <ele>111.5</ele>
    <time>2020-05-24T14:28:22Z</time>
   </trkpt>
   <trkpt lat="43.6656980" lon="-79.3917450">
    <ele>111.6</ele>
    <time>2020-05-24T14:28:23Z</time>
   </trkpt>
   <trkpt lat="43.6657270" lon="-79.3917680">
    <ele>111.6</ele>
    <time>2020-05-24T14:28:24Z</time>
   </trkpt>
   <trkpt lat="43.6657470" lon="-79.3918020">
    <ele>111.6</ele>
    <time>2020-05-24T14:28:25Z</time>
   </trkpt>
   <trkpt lat="43.6657690" lon="-79.3918390">
    <ele>111.7</ele>
    <time>2020-05-24T14:28:26Z</time>
   </trkpt>
   <trkpt lat="43.6657910" lon="-79.3918730">
    <ele>111.7</ele>
    <time>2020-05-24T14:28:27Z</time>
   </trkpt>
   <trkpt lat="43.6658040" lon="-79.3919140">
    <ele>111.7</ele>
    <time>2020-05-24T14:28:28Z</time>
   </trkpt>
   <trkpt lat="43.6658210" lon="-79.3919470">
    <ele>111.8</ele>
    <time>2020-05-24T14:28:29Z</time>
   </trkpt>
   <trkpt lat="43.6658480" lon="-79.3919890">
    <ele>111.8</ele>
    <time>2020-05-24T14:28:30Z</time>
   </trkpt>
   <trkpt lat="43.6658610" lon="-79.3920060">
    <ele>111.8</ele>
    <time>2020-05-24T14:28:31Z</time>
   </trkpt>
   <trkpt lat="43.6658840" lon="-79.3920330">
    <ele>111.8</ele>
    <time>2020-05-24T14:28:32Z</time>
   </trkpt>
   <trkpt lat="43.6659060" lon="-79.3920730">
    <ele>111.8</ele>
    <time>2020-05-24T14:28:33Z</time>
   </trkpt>
   <trkpt lat="43.6659120" lon="-79.3920870">
    <ele>111.8</ele>
    <time>2020-05-24T14:28:34Z</time>
   </trkpt>
   <trkpt lat="43.6659290" lon="-79.3921380">
    <ele>111.8</ele>
    <time>2020-05-24T14:28:35Z</time>
   </trkpt>
   <trkpt lat="43.6659300" lon="-79.3921590">
    <ele>111.8</ele>
    <time>2020-05-24T14:28:36Z</time>
   </trkpt>
   <trkpt lat="43.6659410" lon="-79.3922040">
    <ele>111.8</ele>
    <time>2020-05-24T14:28:37Z</time>
   </trkpt>
   <trkpt lat="43.6659480" lon="-79.3922240">
    <ele>111.8</ele>
    <time>2020-05-24T14:28:38Z</time>
   </trkpt>
   <trkpt lat="43.6659560" lon="-79.3922680">
    <ele>111.9</ele>
    <time>2020-05-24T14:28:39Z</time>
   </trkpt>
   <trkpt lat="43.6659720" lon="-79.3923130">
    <ele>111.9</ele>
    <time>2020-05-24T14:28:40Z</time>
   </trkpt>
   <trkpt lat="43.6659770" lon="-79.3923280">
    <ele>111.9</ele>
    <time>2020-05-24T14:28:41Z</time>
   </trkpt>
   <trkpt lat="43.6659820" lon="-79.3923720">
    <ele>111.9</ele>
    <time>2020-05-24T14:28:42Z</time>
   </trkpt>
   <trkpt lat="43.6659840" lon="-79.3923870">
    <ele>111.9</ele>
    <time>2020-05-24T14:28:43Z</time>
   </trkpt>
   <trkpt lat="43.6659890" lon="-79.3924330">
    <ele>112.0</ele>
    <time>2020-05-24T14:28:44Z</time>
   </trkpt>
   <trkpt lat="43.6659940" lon="-79.3924520">
    <ele>112.0</ele>
    <time>2020-05-24T14:28:45Z</time>
   </trkpt>
   <trkpt lat="43.6660000" lon="-79.3924890">
    <ele>112.0</ele>
    <time>2020-05-24T14:28:46Z</time>
   </trkpt>
   <trkpt lat="43.6660010" lon="-79.3925090">
    <ele>112.0</ele>
    <time>2020-05-24T14:28:47Z</time>
   </trkpt>
   <trkpt lat="43.6659910" lon="-79.3925450">
    <ele>112.0</ele>
    <time>2020-05-24T14:28:48Z</time>
   </trkpt>
   <trkpt lat="43.6659860" lon="-79.3925890">
    <ele>112.0</ele>
    <time>2020-05-24T14:28:49Z</time>
   </trkpt>
   <trkpt lat="43.6659860" lon="-79.3926070">
    <ele>112.0</ele>
    <time>2020-05-24T14:28:50Z</time>
   </trkpt>
   <trkpt lat="43.6659800" lon="-79.3926520">
    <ele>112.0</ele>
    <time>2020-05-24T14:28:51Z</time>
   </trkpt>
   <trkpt lat="43.6659800" lon="-79.3926920">
    <ele>112.0</ele>
    <time>2020-05-24T14:28:52Z</time>
   </trkpt>
   <trkpt lat="43.6659670" lon="-79.3927270">
    <ele>111.9</ele>
    <time>2020-05-24T14:28:53Z</time>
   </trkpt>
   <trkpt lat="43.6659610" lon="-79.3927650">
    <ele>111.9</ele>
    <time>2020-05-24T14:28:54Z</time>
   </trkpt>
   <trkpt lat="43.6659530" lon="-79.3928050">
    <ele>111.9</ele>
    <time>2020-05-24T14:28:55Z</time>
   </trkpt>
   <trkpt lat="43.6659390" lon="-79.3928590">
    <ele>111.9</ele>
    <time>2020-05-24T14:28:56Z</time>
   </trkpt>
   <trkpt lat="43.6659320" lon="-79.3928790">
    <ele>111.9</ele>
    <time>2020-05-24T14:28:57Z</time>
   </trkpt>
   <trkpt lat="43.6659160" lon="-79.3929170">
    <ele>111.8</ele>
    <time>2020-05-24T14:28:58Z</time>
   </trkpt>
   <trkpt lat="43.6658950" lon="-79.3929670">
    <ele>111.7</ele>
    <time>2020-05-24T14:28:59Z</time>
   </trkpt>
   <trkpt lat="43.6658860" lon="-79.3930020">
    <ele>111.6</ele>
    <time>2020-05-24T14:29:00Z</time>
   </trkpt>
   <trkpt lat="43.6658820" lon="-79.3930470">
    <ele>111.4</ele>
    <time>2020-05-24T14:29:01Z</time>
   </trkpt>
   <trkpt lat="43.6658650" lon="-79.3930890">
    <ele>111.4</ele>
    <time>2020-05-24T14:29:02Z</time>
   </trkpt>
   <trkpt lat="43.6658540" lon="-79.3931010">
    <ele>111.3</ele>
    <time>2020-05-24T14:29:03Z</time>
   </trkpt>
   <trkpt lat="43.6658440" lon="-79.3931380">
    <ele>111.3</ele>
    <time>2020-05-24T14:29:04Z</time>
   </trkpt>
   <trkpt lat="43.6658340" lon="-79.3931880">
    <ele>111.3</ele>
    <time>2020-05-24T14:29:05Z</time>
   </trkpt>
   <trkpt lat="43.6658300" lon="-79.3932030">
    <ele>111.3</ele>
    <time>2020-05-24T14:29:06Z</time>
   </trkpt>
   <trkpt lat="43.6658160" lon="-79.3932480">
    <ele>111.2</ele>
    <time>2020-05-24T14:29:07Z</time>
   </trkpt>
   <trkpt lat="43.6658090" lon="-79.3932620">
    <ele>111.2</ele>
    <time>2020-05-24T14:29:08Z</time>
   </trkpt>
   <trkpt lat="43.6657890" lon="-79.3932940">
    <ele>111.2</ele>
    <time>2020-05-24T14:29:09Z</time>
   </trkpt>
   <trkpt lat="43.6657820" lon="-79.3933320">
    <ele>111.2</ele>
    <time>2020-05-24T14:29:10Z</time>
   </trkpt>
   <trkpt lat="43.6657490" lon="-79.3934040">
    <ele>111.1</ele>
    <time>2020-05-24T14:29:11Z</time>
   </trkpt>
   <trkpt lat="43.6657250" lon="-79.3934490">
    <ele>111.0</ele>
    <time>2020-05-24T14:29:12Z</time>
   </trkpt>
   <trkpt lat="43.6657040" lon="-79.3934880">
    <ele>111.0</ele>
    <time>2020-05-24T14:29:13Z</time>
   </trkpt>
   <trkpt lat="43.6656790" lon="-79.3935310">
    <ele>110.9</ele>
    <time>2020-05-24T14:29:14Z</time>
   </trkpt>
   <trkpt lat="43.6656550" lon="-79.3935720">
    <ele>110.9</ele>
    <time>2020-05-24T14:29:15Z</time>
   </trkpt>
   <trkpt lat="43.6656310" lon="-79.3936170">
    <ele>110.8</ele>
    <time>2020-05-24T14:29:16Z</time>
   </trkpt>
   <trkpt lat="43.6656070" lon="-79.3936510">
    <ele>110.8</ele>
    <time>2020-05-24T14:29:17Z</time>
   </trkpt>
   <trkpt lat="43.6655810" lon="-79.3936830">
    <ele>110.7</ele>
    <time>2020-05-24T14:29:18Z</time>
   </trkpt>
   <trkpt lat="43.6655500" lon="-79.3937160">
    <ele>110.6</ele>
    <time>2020-05-24T14:29:19Z</time>
   </trkpt>
   <trkpt lat="43.6655210" lon="-79.3937480">
    <ele>110.6</ele>
    <time>2020-05-24T14:29:20Z</time>
   </trkpt>
   <trkpt lat="43.6655120" lon="-79.3937570">
    <ele>110.5</ele>
    <time>2020-05-24T14:29:21Z</time>
   </trkpt>
   <trkpt lat="43.6654890" lon="-79.3937890">
    <ele>110.5</ele>
    <time>2020-05-24T14:29:22Z</time>
   </trkpt>
   <trkpt lat="43.6654570" lon="-79.3938030">
    <ele>110.4</ele>
    <time>2020-05-24T14:29:23Z</time>
   </trkpt>
   <trkpt lat="43.6654440" lon="-79.3938090">
    <ele>110.3</ele>
    <time>2020-05-24T14:29:24Z</time>
   </trkpt>
   <trkpt lat="43.6654180" lon="-79.3938190">
    <ele>110.3</ele>
    <time>2020-05-24T14:29:25Z</time>
   </trkpt>
   <trkpt lat="43.6654050" lon="-79.3938210">
    <ele>110.2</ele>
    <time>2020-05-24T14:29:26Z</time>
   </trkpt>
   <trkpt lat="43.6653760" lon="-79.3938330">
    <ele>110.1</ele>
    <time>2020-05-24T14:29:27Z</time>
   </trkpt>
   <trkpt lat="43.6653650" lon="-79.3938390">
    <ele>110.1</ele>
    <time>2020-05-24T14:29:28Z</time>
   </trkpt>
   <trkpt lat="43.6653340" lon="-79.3938470">
    <ele>110.0</ele>
    <time>2020-05-24T14:29:29Z</time>
   </trkpt>
   <trkpt lat="43.6653220" lon="-79.3938490">
    <ele>109.9</ele>
    <time>2020-05-24T14:29:30Z</time>
   </trkpt>
   <trkpt lat="43.6652860" lon="-79.3938510">
    <ele>109.8</ele>
    <time>2020-05-24T14:29:31Z</time>
   </trkpt>
   <trkpt lat="43.6652510" lon="-79.3938560">
    <ele>109.6</ele>
    <time>2020-05-24T14:29:32Z</time>
   </trkpt>
   <trkpt lat="43.6652230" lon="-79.3938700">
    <ele>109.5</ele>
    <time>2020-05-24T14:29:33Z</time>
   </trkpt>
   <trkpt lat="43.6651950" lon="-79.3938750">
    <ele>109.4</ele>
    <time>2020-05-24T14:29:34Z</time>
   </trkpt>
   <trkpt lat="43.6651650" lon="-79.3938760">
    <ele>109.3</ele>
    <time>2020-05-24T14:29:35Z</time>
   </trkpt>
   <trkpt lat="43.6651350" lon="-79.3938580">
    <ele>109.2</ele>
    <time>2020-05-24T14:29:36Z</time>
   </trkpt>
   <trkpt lat="43.6651080" lon="-79.3938550">
    <ele>109.1</ele>
    <time>2020-05-24T14:29:37Z</time>
   </trkpt>
   <trkpt lat="43.6650700" lon="-79.3938660">
    <ele>108.9</ele>
    <time>2020-05-24T14:29:38Z</time>
   </trkpt>
   <trkpt lat="43.6650400" lon="-79.3938690">
    <ele>108.9</ele>
    <time>2020-05-24T14:29:39Z</time>
   </trkpt>
   <trkpt lat="43.6650020" lon="-79.3938690">
    <ele>108.9</ele>
    <time>2020-05-24T14:29:40Z</time>
   </trkpt>
   <trkpt lat="43.6649870" lon="-79.3938690">
    <ele>108.9</ele>
    <time>2020-05-24T14:29:41Z</time>
   </trkpt>
   <trkpt lat="43.6649570" lon="-79.3938710">
    <ele>108.8</ele>
    <time>2020-05-24T14:29:42Z</time>
   </trkpt>
   <trkpt lat="43.6649230" lon="-79.3938750">
    <ele>108.8</ele>
    <time>2020-05-24T14:29:43Z</time>
   </trkpt>
   <trkpt lat="43.6648950" lon="-79.3938650">
    <ele>108.8</ele>
    <time>2020-05-24T14:29:44Z</time>
   </trkpt>
   <trkpt lat="43.6648670" lon="-79.3938480">
    <ele>108.8</ele>
    <time>2020-05-24T14:29:45Z</time>
   </trkpt>
   <trkpt lat="43.6648380" lon="-79.3938360">
    <ele>108.8</ele>
    <time>2020-05-24T14:29:46Z</time>
   </trkpt>
   <trkpt lat="43.6648130" lon="-79.3938220">
    <ele>108.7</ele>
    <time>2020-05-24T14:29:47Z</time>
   </trkpt>
   <trkpt lat="43.6647900" lon="-79.3937890">
    <ele>108.7</ele>
    <time>2020-05-24T14:29:48Z</time>
   </trkpt>
   <trkpt lat="43.6647820" lon="-79.3937780">
    <ele>108.7</ele>
    <time>2020-05-24T14:29:49Z</time>
   </trkpt>
   <trkpt lat="43.6647690" lon="-79.3937610">
    <ele>108.7</ele>
    <time>2020-05-24T14:29:50Z</time>
   </trkpt>
   <trkpt lat="43.6647620" lon="-79.3937510">
    <ele>108.7</ele>
    <time>2020-05-24T14:29:51Z</time>
   </trkpt>
   <trkpt lat="43.6647540" lon="-79.3937300">
    <ele>108.7</ele>
    <time>2020-05-24T14:29:52Z</time>
   </trkpt>
   <trkpt lat="43.6647450" lon="-79.3937120">
    <ele>108.7</ele>
    <time>2020-05-24T14:29:53Z</time>
   </trkpt>
   <trkpt lat="43.6647120" lon="-79.3936980">
    <ele>108.7</ele>
    <time>2020-05-24T14:29:54Z</time>
   </trkpt>
   <trkpt lat="43.6646990" lon="-79.3936930">
    <ele>108.7</ele>
    <time>2020-05-24T14:29:55Z</time>
   </trkpt>
   <trkpt lat="43.6646640" lon="-79.3936790">
    <ele>108.7</ele>
    <time>2020-05-24T14:29:56Z</time>
   </trkpt>
   <trkpt lat="43.6646490" lon="-79.3936730">
    <ele>108.7</ele>
    <time>2020-05-24T14:29:57Z</time>
   </trkpt>
   <trkpt lat="43.6646120" lon="-79.3936610">
    <ele>108.7</ele>
    <time>2020-05-24T14:29:58Z</time>
   </trkpt>
   <trkpt lat="43.6645680" lon="-79.3936430">
    <ele>108.7</ele>
    <time>2020-05-24T14:29:59Z</time>
   </trkpt>
   <trkpt lat="43.6645480" lon="-79.3936380">
    <ele>108.7</ele>
    <time>2020-05-24T14:30:00Z</time>
   </trkpt>
   <trkpt lat="43.6645380" lon="-79.3936350">
    <ele>108.7</ele>
    <time>2020-05-24T14:30:01Z</time>
   </trkpt>
   <trkpt lat="43.6645190" lon="-79.3936380">
    <ele>108.7</ele>
    <time>2020-05-24T14:30:02Z</time>
   </trkpt>
   <trkpt lat="43.6644960" lon="-79.3936220">
    <ele>108.7</ele>
    <time>2020-05-24T14:30:03Z</time>
   </trkpt>
   <trkpt lat="43.6644850" lon="-79.3936180">
    <ele>108.7</ele>
    <time>2020-05-24T14:30:04Z</time>
   </trkpt>
   <trkpt lat="43.6644500" lon="-79.3935940">
    <ele>108.6</ele>
    <time>2020-05-24T14:30:05Z</time>
   </trkpt>
   <trkpt lat="43.6644390" lon="-79.3935840">
    <ele>108.6</ele>
    <time>2020-05-24T14:30:06Z</time>
   </trkpt>
   <trkpt lat="43.6644090" lon="-79.3935700">
    <ele>108.6</ele>
    <time>2020-05-24T14:30:07Z</time>
   </trkpt>
   <trkpt lat="43.6643760" lon="-79.3935580">
    <ele>108.6</ele>
    <time>2020-05-24T14:30:08Z</time>
   </trkpt>
   <trkpt lat="43.6643430" lon="-79.3935440">
    <ele>108.5</ele>
    <time>2020-05-24T14:30:09Z</time>
   </trkpt>
   <trkpt lat="43.6643080" lon="-79.3935160">
    <ele>108.5</ele>
    <time>2020-05-24T14:30:10Z</time>
   </trkpt>
   <trkpt lat="43.6642810" lon="-79.3935010">
    <ele>108.4</ele>
    <time>2020-05-24T14:30:11Z</time>
   </trkpt>
   <trkpt lat="43.6642540" lon="-79.3934920">
    <ele>108.4</ele>
    <time>2020-05-24T14:30:12Z</time>
   </trkpt>
   <trkpt lat="43.6642270" lon="-79.3934790">
    <ele>108.4</ele>
    <time>2020-05-24T14:30:13Z</time>
   </trkpt>
   <trkpt lat="43.6641900" lon="-79.3934480">
    <ele>108.3</ele>
    <time>2020-05-24T14:30:14Z</time>
   </trkpt>
   <trkpt lat="43.6641750" lon="-79.3934350">
    <ele>108.3</ele>
    <time>2020-05-24T14:30:15Z</time>
   </trkpt>
   <trkpt lat="43.6641510" lon="-79.3934160">
    <ele>108.3</ele>
    <time>2020-05-24T14:30:16Z</time>
   </trkpt>
   <trkpt lat="43.6641390" lon="-79.3934080">
    <ele>108.3</ele>
    <time>2020-05-24T14:30:17Z</time>
   </trkpt>
   <trkpt lat="43.6641080" lon="-79.3933860">
    <ele>108.2</ele>
    <time>2020-05-24T14:30:18Z</time>
   </trkpt>
   <trkpt lat="43.6640970" lon="-79.3933770">
    <ele>108.2</ele>
    <time>2020-05-24T14:30:19Z</time>
   </trkpt>
   <trkpt lat="43.6640630" lon="-79.3933720">
    <ele>108.2</ele>
    <time>2020-05-24T14:30:20Z</time>
   </trkpt>
   <trkpt lat="43.6640470" lon="-79.3933690">
    <ele>108.2</ele>
    <time>2020-05-24T14:30:21Z</time>
   </trkpt>
   <trkpt lat="43.6640100" lon="-79.3933490">
    <ele>108.2</ele>
    <time>2020-05-24T14:30:22Z</time>
   </trkpt>
   <trkpt lat="43.6639950" lon="-79.3933390">
    <ele>108.2</ele>
    <time>2020-05-24T14:30:23Z</time>
   </trkpt>
   <trkpt lat="43.6639650" lon="-79.3933230">
    <ele>108.2</ele>
    <time>2020-05-24T14:30:24Z</time>
   </trkpt>
   <trkpt lat="43.6639410" lon="-79.3932990">
    <ele>108.2</ele>
    <time>2020-05-24T14:30:25Z</time>
   </trkpt>
   <trkpt lat="43.6639140" lon="-79.3932720">
    <ele>108.2</ele>
    <time>2020-05-24T14:30:26Z</time>
   </trkpt>
   <trkpt lat="43.6639050" lon="-79.3932650">
    <ele>108.2</ele>
    <time>2020-05-24T14:30:27Z</time>
   </trkpt>
   <trkpt lat="43.6638750" lon="-79.3932330">
    <ele>108.2</ele>
    <time>2020-05-24T14:30:28Z</time>
   </trkpt>
   <trkpt lat="43.6638650" lon="-79.3932230">
    <ele>108.2</ele>
    <time>2020-05-24T14:30:29Z</time>
   </trkpt>
   <trkpt lat="43.6638430" lon="-79.3931990">
    <ele>108.3</ele>
    <time>2020-05-24T14:30:30Z</time>
   </trkpt>
   <trkpt lat="43.6638190" lon="-79.3931720">
    <ele>108.3</ele>
    <time>2020-05-24T14:30:31Z</time>
   </trkpt>
   <trkpt lat="43.6637930" lon="-79.3931460">
    <ele>108.3</ele>
    <time>2020-05-24T14:30:32Z</time>
   </trkpt>
   <trkpt lat="43.6637700" lon="-79.3931280">
    <ele>108.3</ele>
    <time>2020-05-24T14:30:33Z</time>
   </trkpt>
   <trkpt lat="43.6637400" lon="-79.3931110">
    <ele>108.3</ele>
    <time>2020-05-24T14:30:34Z</time>
   </trkpt>
   <trkpt lat="43.6637130" lon="-79.3931020">
    <ele>108.3</ele>
    <time>2020-05-24T14:30:35Z</time>
   </trkpt>
   <trkpt lat="43.6636910" lon="-79.3930790">
    <ele>108.3</ele>
    <time>2020-05-24T14:30:36Z</time>
   </trkpt>
   <trkpt lat="43.6636690" lon="-79.3930500">
    <ele>108.3</ele>
    <time>2020-05-24T14:30:37Z</time>
   </trkpt>
   <trkpt lat="43.6636470" lon="-79.3930270">
    <ele>108.2</ele>
    <time>2020-05-24T14:30:38Z</time>
   </trkpt>
   <trkpt lat="43.6636190" lon="-79.3930010">
    <ele>108.2</ele>
    <time>2020-05-24T14:30:39Z</time>
   </trkpt>
   <trkpt lat="43.6635850" lon="-79.3929760">
    <ele>108.2</ele>
    <time>2020-05-24T14:30:40Z</time>
   </trkpt>
   <trkpt lat="43.6635710" lon="-79.3929600">
    <ele>108.2</ele>
    <time>2020-05-24T14:30:41Z</time>
   </trkpt>
   <trkpt lat="43.6635510" lon="-79.3929320">
    <ele>108.2</ele>
    <time>2020-05-24T14:30:42Z</time>
   </trkpt>
   <trkpt lat="43.6635270" lon="-79.3929080">
    <ele>108.2</ele>
    <time>2020-05-24T14:30:43Z</time>
   </trkpt>
   <trkpt lat="43.6634990" lon="-79.3928850">
    <ele>108.2</ele>
    <time>2020-05-24T14:30:44Z</time>
   </trkpt>
   <trkpt lat="43.6634880" lon="-79.3928760">
    <ele>108.2</ele>
    <time>2020-05-24T14:30:45Z</time>
   </trkpt>
   <trkpt lat="43.6634540" lon="-79.3928490">
    <ele>108.2</ele>
    <time>2020-05-24T14:30:46Z</time>
   </trkpt>
   <trkpt lat="43.6634420" lon="-79.3928400">
    <ele>108.2</ele>
    <time>2020-05-24T14:30:47Z</time>
   </trkpt>
   <trkpt lat="43.6634190" lon="-79.3928140">
    <ele>108.1</ele>
    <time>2020-05-24T14:30:48Z</time>
   </trkpt>
   <trkpt lat="43.6633900" lon="-79.3927710">
    <ele>108.1</ele>
    <time>2020-05-24T14:30:49Z</time>
   </trkpt>
   <trkpt lat="43.6633790" lon="-79.3927540">
    <ele>108.1</ele>
    <time>2020-05-24T14:30:50Z</time>
   </trkpt>
   <trkpt lat="43.6633680" lon="-79.3927170">
    <ele>108.1</ele>
    <time>2020-05-24T14:30:51Z</time>
   </trkpt>
   <trkpt lat="43.6633400" lon="-79.3926850">
    <ele>108.1</ele>
    <time>2020-05-24T14:30:52Z</time>
   </trkpt>
   <trkpt lat="43.6633320" lon="-79.3926750">
    <ele>108.1</ele>
    <time>2020-05-24T14:30:53Z</time>
   </trkpt>
   <trkpt lat="43.6633100" lon="-79.3926340">
    <ele>108.1</ele>
    <time>2020-05-24T14:30:54Z</time>
   </trkpt>
   <trkpt lat="43.6633000" lon="-79.3926190">
    <ele>108.1</ele>
    <time>2020-05-24T14:30:55Z</time>
   </trkpt>
   <trkpt lat="43.6632910" lon="-79.3925800">
    <ele>108.1</ele>
    <time>2020-05-24T14:30:56Z</time>
   </trkpt>
   <trkpt lat="43.6632890" lon="-79.3925350">
    <ele>108.1</ele>
    <time>2020-05-24T14:30:57Z</time>
   </trkpt>
   <trkpt lat="43.6632890" lon="-79.3925180">
    <ele>108.1</ele>
    <time>2020-05-24T14:30:58Z</time>
   </trkpt>
   <trkpt lat="43.6632900" lon="-79.3924760">
    <ele>108.1</ele>
    <time>2020-05-24T14:30:59Z</time>
   </trkpt>
   <trkpt lat="43.6633040" lon="-79.3924440">
    <ele>108.1</ele>
    <time>2020-05-24T14:31:00Z</time>
   </trkpt>
   <trkpt lat="43.6633230" lon="-79.3924070">
    <ele>108.1</ele>
    <time>2020-05-24T14:31:01Z</time>
   </trkpt>
   <trkpt lat="43.6633370" lon="-79.3923710">
    <ele>108.1</ele>
    <time>2020-05-24T14:31:02Z</time>
   </trkpt>
   <trkpt lat="43.6633390" lon="-79.3923300">
    <ele>108.1</ele>
    <time>2020-05-24T14:31:03Z</time>
   </trkpt>
   <trkpt lat="43.6633510" lon="-79.3922940">
    <ele>108.1</ele>
    <time>2020-05-24T14:31:04Z</time>
   </trkpt>
   <trkpt lat="43.6633600" lon="-79.3922450">
    <ele>108.1</ele>
    <time>2020-05-24T14:31:05Z</time>
   </trkpt>
   <trkpt lat="43.6633630" lon="-79.3922300">
    <ele>108.1</ele>
    <time>2020-05-24T14:31:06Z</time>
   </trkpt>
   <trkpt lat="43.6633780" lon="-79.3921950">
    <ele>108.1</ele>
    <time>2020-05-24T14:31:07Z</time>
   </trkpt>
   <trkpt lat="43.6633850" lon="-79.3921480">
    <ele>108.1</ele>
    <time>2020-05-24T14:31:08Z</time>
   </trkpt>
   <trkpt lat="43.6633900" lon="-79.3921320">
    <ele>108.1</ele>
    <time>2020-05-24T14:31:09Z</time>
   </trkpt>
   <trkpt lat="43.6634020" lon="-79.3920910">
    <ele>108.1</ele>
    <time>2020-05-24T14:31:10Z</time>
   </trkpt>
   <trkpt lat="43.6634080" lon="-79.3920420">
    <ele>108.1</ele>
    <time>2020-05-24T14:31:11Z</time>
   </trkpt>
   <trkpt lat="43.6634120" lon="-79.3919990">
    <ele>108.1</ele>
    <time>2020-05-24T14:31:12Z</time>
   </trkpt>
   <trkpt lat="43.6634190" lon="-79.3919520">
    <ele>108.1</ele>
    <time>2020-05-24T14:31:13Z</time>
   </trkpt>
   <trkpt lat="43.6634300" lon="-79.3919060">
    <ele>108.1</ele>
    <time>2020-05-24T14:31:14Z</time>
   </trkpt>
   <trkpt lat="43.6634340" lon="-79.3918680">
    <ele>108.1</ele>
    <time>2020-05-24T14:31:15Z</time>
   </trkpt>
   <trkpt lat="43.6634460" lon="-79.3918270">
    <ele>108.1</ele>
    <time>2020-05-24T14:31:16Z</time>
   </trkpt>
   <trkpt lat="43.6634540" lon="-79.3917890">
    <ele>108.1</ele>
    <time>2020-05-24T14:31:17Z</time>
   </trkpt>
   <trkpt lat="43.6634680" lon="-79.3917560">
    <ele>108.1</ele>
    <time>2020-05-24T14:31:18Z</time>
   </trkpt>
   <trkpt lat="43.6634750" lon="-79.3917090">
    <ele>108.1</ele>
    <time>2020-05-24T14:31:19Z</time>
   </trkpt>
   <trkpt lat="43.6634830" lon="-79.3916700">
    <ele>108.1</ele>
    <time>2020-05-24T14:31:20Z</time>
   </trkpt>
   <trkpt lat="43.6634870" lon="-79.3916210">
    <ele>108.1</ele>
    <time>2020-05-24T14:31:21Z</time>
   </trkpt>
   <trkpt lat="43.6634870" lon="-79.3916060">
    <ele>108.1</ele>
    <time>2020-05-24T14:31:22Z</time>
   </trkpt>
   <trkpt lat="43.6634920" lon="-79.3915580">
    <ele>108.1</ele>
    <time>2020-05-24T14:31:23Z</time>
   </trkpt>
   <trkpt lat="43.6634960" lon="-79.3915400">
    <ele>108.1</ele>
    <time>2020-05-24T14:31:24Z</time>
   </trkpt>
   <trkpt lat="43.6635060" lon="-79.3915040">
    <ele>108.0</ele>
    <time>2020-05-24T14:31:25Z</time>
   </trkpt>
   <trkpt lat="43.6635170" lon="-79.3914520">
    <ele>108.0</ele>
    <time>2020-05-24T14:31:26Z</time>
   </trkpt>
   <trkpt lat="43.6635200" lon="-79.3914320">
    <ele>108.0</ele>
    <time>2020-05-24T14:31:27Z</time>
   </trkpt>
   <trkpt lat="43.6635310" lon="-79.3913880">
    <ele>108.0</ele>
    <time>2020-05-24T14:31:28Z</time>
   </trkpt>
   <trkpt lat="43.6635380" lon="-79.3913340">
    <ele>108.0</ele>
    <time>2020-05-24T14:31:29Z</time>
   </trkpt>
   <trkpt lat="43.6635620" lon="-79.3912920">
    <ele>108.0</ele>
    <time>2020-05-24T14:31:30Z</time>
   </trkpt>
   <trkpt lat="43.6635790" lon="-79.3912420">
    <ele>107.9</ele>
    <time>2020-05-24T14:31:31Z</time>
   </trkpt>
   <trkpt lat="43.6635850" lon="-79.3912240">
    <ele>107.9</ele>
    <time>2020-05-24T14:31:32Z</time>
   </trkpt>
   <trkpt lat="43.6636040" lon="-79.3911930">
    <ele>107.9</ele>
    <time>2020-05-24T14:31:33Z</time>
   </trkpt>
   <trkpt lat="43.6636240" lon="-79.3911580">
    <ele>107.9</ele>
    <time>2020-05-24T14:31:34Z</time>
   </trkpt>
   <trkpt lat="43.6636480" lon="-79.3911160">
    <ele>108.0</ele>
    <time>2020-05-24T14:31:35Z</time>
   </trkpt>
   <trkpt lat="43.6636570" lon="-79.3911030">
    <ele>108.0</ele>
    <time>2020-05-24T14:31:36Z</time>
   </trkpt>
   <trkpt lat="43.6636800" lon="-79.3910800">
    <ele>108.0</ele>
    <time>2020-05-24T14:31:37Z</time>
   </trkpt>
   <trkpt lat="43.6637090" lon="-79.3910550">
    <ele>108.0</ele>
    <time>2020-05-24T14:31:38Z</time>
   </trkpt>
   <trkpt lat="43.6637190" lon="-79.3910400">
    <ele>108.1</ele>
    <time>2020-05-24T14:31:39Z</time>
   </trkpt>
   <trkpt lat="43.6637370" lon="-79.3910100">
    <ele>108.1</ele>
    <time>2020-05-24T14:31:40Z</time>
   </trkpt>
   <trkpt lat="43.6637660" lon="-79.3910010">
    <ele>108.2</ele>
    <time>2020-05-24T14:31:41Z</time>
   </trkpt>
   <trkpt lat="43.6637970" lon="-79.3909880">
    <ele>108.4</ele>
    <time>2020-05-24T14:31:42Z</time>
   </trkpt>
   <trkpt lat="43.6638260" lon="-79.3909710">
    <ele>108.6</ele>
    <time>2020-05-24T14:31:43Z</time>
   </trkpt>
   <trkpt lat="43.6638380" lon="-79.3909650">
    <ele>108.7</ele>
    <time>2020-05-24T14:31:44Z</time>
   </trkpt>
   <trkpt lat="43.6638650" lon="-79.3909570">
    <ele>108.8</ele>
    <time>2020-05-24T14:31:45Z</time>
   </trkpt>
   <trkpt lat="43.6638930" lon="-79.3909370">
    <ele>109.0</ele>
    <time>2020-05-24T14:31:46Z</time>
   </trkpt>
   <trkpt lat="43.6639030" lon="-79.3909330">
    <ele>109.1</ele>
    <time>2020-05-24T14:31:47Z</time>
   </trkpt>
   <trkpt lat="43.6639400" lon="-79.3909160">
    <ele>109.4</ele>
    <time>2020-05-24T14:31:48Z</time>
   </trkpt>
   <trkpt lat="43.6639550" lon="-79.3909170">
    <ele>109.5</ele>
    <time>2020-05-24T14:31:49Z</time>
   </trkpt>
   <trkpt lat="43.6639850" lon="-79.3909190">
    <ele>109.7</ele>
    <time>2020-05-24T14:31:50Z</time>
   </trkpt>
   <trkpt lat="43.6640230" lon="-79.3909220">
    <ele>109.9</ele>
    <time>2020-05-24T14:31:51Z</time>
   </trkpt>
   <trkpt lat="43.6640350" lon="-79.3909250">
    <ele>110.0</ele>
    <time>2020-05-24T14:31:52Z</time>
   </trkpt>
   <trkpt lat="43.6640670" lon="-79.3909300">
    <ele>110.0</ele>
    <time>2020-05-24T14:31:53Z</time>
   </trkpt>
   <trkpt lat="43.6640760" lon="-79.3909330">
    <ele>110.0</ele>
    <time>2020-05-24T14:31:54Z</time>
   </trkpt>
   <trkpt lat="43.6641070" lon="-79.3909430">
    <ele>110.0</ele>
    <time>2020-05-24T14:31:55Z</time>
   </trkpt>
   <trkpt lat="43.6641390" lon="-79.3909460">
    <ele>110.0</ele>
    <time>2020-05-24T14:31:56Z</time>
   </trkpt>
   <trkpt lat="43.6641670" lon="-79.3909570">
    <ele>110.0</ele>
    <time>2020-05-24T14:31:57Z</time>
   </trkpt>
   <trkpt lat="43.6641980" lon="-79.3909640">
    <ele>110.0</ele>
    <time>2020-05-24T14:31:58Z</time>
   </trkpt>
   <trkpt lat="43.6642260" lon="-79.3909750">
    <ele>110.1</ele>
    <time>2020-05-24T14:31:59Z</time>
   </trkpt>
   <trkpt lat="43.6642590" lon="-79.3909950">
    <ele>110.1</ele>
    <time>2020-05-24T14:32:00Z</time>
   </trkpt>
   <trkpt lat="43.6642690" lon="-79.3909970">
    <ele>110.1</ele>
    <time>2020-05-24T14:32:01Z</time>
   </trkpt>
   <trkpt lat="43.6643000" lon="-79.3910090">
    <ele>110.2</ele>
    <time>2020-05-24T14:32:02Z</time>
   </trkpt>
   <trkpt lat="43.6643090" lon="-79.3910130">
    <ele>110.2</ele>
    <time>2020-05-24T14:32:03Z</time>
   </trkpt>
   <trkpt lat="43.6643400" lon="-79.3910420">
    <ele>110.2</ele>
    <time>2020-05-24T14:32:04Z</time>
   </trkpt>
   <trkpt lat="43.6643750" lon="-79.3910540">
    <ele>110.3</ele>
    <time>2020-05-24T14:32:05Z</time>
   </trkpt>
   <trkpt lat="43.6643830" lon="-79.3910620">
    <ele>110.3</ele>
    <time>2020-05-24T14:32:06Z</time>
   </trkpt>
   <trkpt lat="43.6644090" lon="-79.3910810">
    <ele>110.3</ele>
    <time>2020-05-24T14:32:07Z</time>
   </trkpt>
   <trkpt lat="43.6644370" lon="-79.3910900">
    <ele>110.3</ele>
    <time>2020-05-24T14:32:08Z</time>
   </trkpt>
   <trkpt lat="43.6644630" lon="-79.3911070">
    <ele>110.4</ele>
    <time>2020-05-24T14:32:09Z</time>
   </trkpt>
   <trkpt lat="43.6644950" lon="-79.3911140">
    <ele>110.4</ele>
    <time>2020-05-24T14:32:10Z</time>
   </trkpt>
   <trkpt lat="43.6645050" lon="-79.3911200">
    <ele>110.4</ele>
    <time>2020-05-24T14:32:11Z</time>
   </trkpt>
   <trkpt lat="43.6645320" lon="-79.3911280">
    <ele>110.4</ele>
    <time>2020-05-24T14:32:12Z</time>
   </trkpt>
   <trkpt lat="43.6645570" lon="-79.3911410">
    <ele>110.5</ele>
    <time>2020-05-24T14:32:13Z</time>
   </trkpt>
   <trkpt lat="43.6645870" lon="-79.3911540">
    <ele>110.5</ele>
    <time>2020-05-24T14:32:14Z</time>
   </trkpt>
   <trkpt lat="43.6646170" lon="-79.3911640">
    <ele>110.5</ele>
    <time>2020-05-24T14:32:15Z</time>
   </trkpt>
   <trkpt lat="43.6646280" lon="-79.3911650">
    <ele>110.5</ele>
    <time>2020-05-24T14:32:16Z</time>
   </trkpt>
   <trkpt lat="43.6646560" lon="-79.3911820">
    <ele>110.5</ele>
    <time>2020-05-24T14:32:17Z</time>
   </trkpt>
   <trkpt lat="43.6646680" lon="-79.3911840">
    <ele>110.5</ele>
    <time>2020-05-24T14:32:18Z</time>
   </trkpt>
   <trkpt lat="43.6646950" lon="-79.3912010">
    <ele>110.5</ele>
    <time>2020-05-24T14:32:19Z</time>
   </trkpt>
   <trkpt lat="43.6647330" lon="-79.3912030">
    <ele>110.6</ele>
    <time>2020-05-24T14:32:20Z</time>
   </trkpt>
   <trkpt lat="43.6647460" lon="-79.3912090">
    <ele>110.6</ele>
    <time>2020-05-24T14:32:21Z</time>
   </trkpt>
   <trkpt lat="43.6647780" lon="-79.3912110">
    <ele>110.6</ele>
    <time>2020-05-24T14:32:22Z</time>
   </trkpt>
   <trkpt lat="43.6648140" lon="-79.3912260">
    <ele>110.6</ele>
    <time>2020-05-24T14:32:23Z</time>
   </trkpt>
   <trkpt lat="43.6648410" lon="-79.3912350">
    <ele>110.6</ele>
    <time>2020-05-24T14:32:24Z</time>
   </trkpt>
   <trkpt lat="43.6648660" lon="-79.3912610">
    <ele>110.6</ele>
    <time>2020-05-24T14:32:25Z</time>
   </trkpt>
   <trkpt lat="43.6648900" lon="-79.3912740">
    <ele>110.6</ele>
    <time>2020-05-24T14:32:26Z</time>
   </trkpt>
   <trkpt lat="43.6649140" lon="-79.3912890">
    <ele>110.7</ele>
    <time>2020-05-24T14:32:28Z</time>
   </trkpt>
   <trkpt lat="43.6649430" lon="-79.3912920">
    <ele>110.7</ele>
    <time>2020-05-24T14:32:29Z</time>
   </trkpt>
   <trkpt lat="43.6649720" lon="-79.3913050">
    <ele>110.7</ele>
    <time>2020-05-24T14:32:30Z</time>
   </trkpt>
   <trkpt lat="43.6650000" lon="-79.3913110">
    <ele>110.7</ele>
    <time>2020-05-24T14:32:31Z</time>
   </trkpt>
   <trkpt lat="43.6650320" lon="-79.3913220">
    <ele>110.8</ele>
    <time>2020-05-24T14:32:32Z</time>
   </trkpt>
   <trkpt lat="43.6650660" lon="-79.3913310">
    <ele>110.8</ele>
    <time>2020-05-24T14:32:33Z</time>
   </trkpt>
   <trkpt lat="43.6650780" lon="-79.3913320">
    <ele>110.8</ele>
    <time>2020-05-24T14:32:34Z</time>
   </trkpt>
   <trkpt lat="43.6651080" lon="-79.3913470">
    <ele>110.9</ele>
    <time>2020-05-24T14:32:35Z</time>
   </trkpt>
   <trkpt lat="43.6651400" lon="-79.3913650">
    <ele>110.9</ele>
    <time>2020-05-24T14:32:36Z</time>
   </trkpt>
   <trkpt lat="43.6651780" lon="-79.3913800">
    <ele>110.9</ele>
    <time>2020-05-24T14:32:37Z</time>
   </trkpt>
   <trkpt lat="43.6651940" lon="-79.3913860">
    <ele>110.9</ele>
    <time>2020-05-24T14:32:38Z</time>
   </trkpt>
   <trkpt lat="43.6652230" lon="-79.3914230">
    <ele>110.9</ele>
    <time>2020-05-24T14:32:39Z</time>
   </trkpt>
   <trkpt lat="43.6652450" lon="-79.3914180">
    <ele>110.9</ele>
    <time>2020-05-24T14:32:40Z</time>
   </trkpt>
  </trkseg>
 </trk>
</gpx>
