<?xml version="1.0" encoding="UTF-8"?>
<gpx xmlns:xsi="http://www.w3.org/2001/XMLSchema-instance" xsi:schemaLocation="http://www.topografix.com/GPX/1/1 http://www.topografix.com/GPX/1/1/gpx.xsd" creator="StravaGPX" version="1.1" xmlns="http://www.topografix.com/GPX/1/1">
 <metadata>
  <time>2020-06-01T21:06:41Z</time>
 </metadata>
 <trk>
  <name>Afternoon Run</name>
  <type>running</type>
  <trkseg>
   <trkpt lat="43.6556530" lon="-79.4113750">
    <ele>105.1</ele>
    <time>2020-06-01T21:06:41Z</time>
   </trkpt>
   <trkpt lat="43.6556570" lon="-79.4113690">
    <ele>105.1</ele>
    <time>2020-06-01T21:06:42Z</time>
   </trkpt>
   <trkpt lat="43.6556310" lon="-79.4113590">
    <ele>105.1</ele>
    <time>2020-06-01T21:06:43Z</time>
   </trkpt>
   <trkpt lat="43.6556400" lon="-79.4113060">
    <ele>105.2</ele>
    <time>2020-06-01T21:06:44Z</time>
   </trkpt>
   <trkpt lat="43.6556380" lon="-79.4112860">
    <ele>105.2</ele>
    <time>2020-06-01T21:06:45Z</time>
   </trkpt>
   <trkpt lat="43.6556390" lon="-79.4112600">
    <ele>105.2</ele>
    <time>2020-06-01T21:06:46Z</time>
   </trkpt>
   <trkpt lat="43.6556290" lon="-79.4112510">
    <ele>105.2</ele>
    <time>2020-06-01T21:06:47Z</time>
   </trkpt>
   <trkpt lat="43.6556200" lon="-79.4112320">
    <ele>105.2</ele>
    <time>2020-06-01T21:06:48Z</time>
   </trkpt>
   <trkpt lat="43.6556140" lon="-79.4112070">
    <ele>105.2</ele>
    <time>2020-06-01T21:06:49Z</time>
   </trkpt>
   <trkpt lat="43.6556160" lon="-79.4111660">
    <ele>105.2</ele>
    <time>2020-06-01T21:06:50Z</time>
   </trkpt>
   <trkpt lat="43.6556160" lon="-79.4111200">
    <ele>105.2</ele>
    <time>2020-06-01T21:06:51Z</time>
   </trkpt>
   <trkpt lat="43.6556190" lon="-79.4110730">
    <ele>105.2</ele>
    <time>2020-06-01T21:06:52Z</time>
   </trkpt>
   <trkpt lat="43.6556220" lon="-79.4110570">
    <ele>105.2</ele>
    <time>2020-06-01T21:06:53Z</time>
   </trkpt>
   <trkpt lat="43.6556260" lon="-79.4110160">
    <ele>105.2</ele>
    <time>2020-06-01T21:06:54Z</time>
   </trkpt>
   <trkpt lat="43.6556330" lon="-79.4109710">
    <ele>105.2</ele>
    <time>2020-06-01T21:06:55Z</time>
   </trkpt>
   <trkpt lat="43.6556410" lon="-79.4109280">
    <ele>105.2</ele>
    <time>2020-06-01T21:06:56Z</time>
   </trkpt>
   <trkpt lat="43.6556510" lon="-79.4108920">
    <ele>105.2</ele>
    <time>2020-06-01T21:06:57Z</time>
   </trkpt>
   <trkpt lat="43.6556600" lon="-79.4108560">
    <ele>105.2</ele>
    <time>2020-06-01T21:06:58Z</time>
   </trkpt>
   <trkpt lat="43.6556620" lon="-79.4107960">
    <ele>105.2</ele>
    <time>2020-06-01T21:06:59Z</time>
   </trkpt>
   <trkpt lat="43.6556710" lon="-79.4107610">
    <ele>105.2</ele>
    <time>2020-06-01T21:07:00Z</time>
   </trkpt>
   <trkpt lat="43.6556820" lon="-79.4107170">
    <ele>105.2</ele>
    <time>2020-06-01T21:07:01Z</time>
   </trkpt>
   <trkpt lat="43.6556880" lon="-79.4106690">
    <ele>105.2</ele>
    <time>2020-06-01T21:07:02Z</time>
   </trkpt>
   <trkpt lat="43.6556890" lon="-79.4106550">
    <ele>105.2</ele>
    <time>2020-06-01T21:07:03Z</time>
   </trkpt>
   <trkpt lat="43.6557120" lon="-79.4106210">
    <ele>105.2</ele>
    <time>2020-06-01T21:07:04Z</time>
   </trkpt>
   <trkpt lat="43.6557240" lon="-79.4106100">
    <ele>105.2</ele>
    <time>2020-06-01T21:07:05Z</time>
   </trkpt>
   <trkpt lat="43.6557350" lon="-79.4105730">
    <ele>105.2</ele>
    <time>2020-06-01T21:07:06Z</time>
   </trkpt>
   <trkpt lat="43.6557630" lon="-79.4105100">
    <ele>105.2</ele>
    <time>2020-06-01T21:07:07Z</time>
   </trkpt>
   <trkpt lat="43.6557670" lon="-79.4104500">
    <ele>105.2</ele>
    <time>2020-06-01T21:07:08Z</time>
   </trkpt>
   <trkpt lat="43.6557520" lon="-79.4103950">
    <ele>105.2</ele>
    <time>2020-06-01T21:07:09Z</time>
   </trkpt>
   <trkpt lat="43.6557460" lon="-79.4103700">
    <ele>105.2</ele>
    <time>2020-06-01T21:07:10Z</time>
   </trkpt>
   <trkpt lat="43.6557400" lon="-79.4103170">
    <ele>105.2</ele>
    <time>2020-06-01T21:07:11Z</time>
   </trkpt>
   <trkpt lat="43.6557400" lon="-79.4102770">
    <ele>105.2</ele>
    <time>2020-06-01T21:07:12Z</time>
   </trkpt>
   <trkpt lat="43.6557460" lon="-79.4102380">
    <ele>105.2</ele>
    <time>2020-06-01T21:07:13Z</time>
   </trkpt>
   <trkpt lat="43.6557730" lon="-79.4101900">
    <ele>105.2</ele>
    <time>2020-06-01T21:07:14Z</time>
   </trkpt>
   <trkpt lat="43.6557860" lon="-79.4101490">
    <ele>105.3</ele>
    <time>2020-06-01T21:07:15Z</time>
   </trkpt>
   <trkpt lat="43.6558090" lon="-79.4101060">
    <ele>105.3</ele>
    <time>2020-06-01T21:07:16Z</time>
   </trkpt>
   <trkpt lat="43.6558150" lon="-79.4100900">
    <ele>105.4</ele>
    <time>2020-06-01T21:07:17Z</time>
   </trkpt>
   <trkpt lat="43.6558390" lon="-79.4100600">
    <ele>105.4</ele>
    <time>2020-06-01T21:07:18Z</time>
   </trkpt>
   <trkpt lat="43.6558470" lon="-79.4100450">
    <ele>105.1</ele>
    <time>2020-06-01T21:07:19Z</time>
   </trkpt>
   <trkpt lat="43.6558550" lon="-79.4099950">
    <ele>105.0</ele>
    <time>2020-06-01T21:07:20Z</time>
   </trkpt>
   <trkpt lat="43.6558580" lon="-79.4099760">
    <ele>105.0</ele>
    <time>2020-06-01T21:07:21Z</time>
   </trkpt>
   <trkpt lat="43.6558660" lon="-79.4099370">
    <ele>105.0</ele>
    <time>2020-06-01T21:07:22Z</time>
   </trkpt>
   <trkpt lat="43.6558710" lon="-79.4098960">
    <ele>105.0</ele>
    <time>2020-06-01T21:07:23Z</time>
   </trkpt>
   <trkpt lat="43.6558730" lon="-79.4098550">
    <ele>104.9</ele>
    <time>2020-06-01T21:07:24Z</time>
   </trkpt>
   <trkpt lat="43.6558790" lon="-79.4098120">
    <ele>104.9</ele>
    <time>2020-06-01T21:07:25Z</time>
   </trkpt>
   <trkpt lat="43.6558840" lon="-79.4097680">
    <ele>104.9</ele>
    <time>2020-06-01T21:07:26Z</time>
   </trkpt>
   <trkpt lat="43.6558880" lon="-79.4097270">
    <ele>104.8</ele>
    <time>2020-06-01T21:07:27Z</time>
   </trkpt>
   <trkpt lat="43.6558900" lon="-79.4096810">
    <ele>104.8</ele>
    <time>2020-06-01T21:07:28Z</time>
   </trkpt>
   <trkpt lat="43.6558910" lon="-79.4096350">
    <ele>104.8</ele>
    <time>2020-06-01T21:07:29Z</time>
   </trkpt>
   <trkpt lat="43.6558920" lon="-79.4095980">
    <ele>104.7</ele>
    <time>2020-06-01T21:07:30Z</time>
   </trkpt>
   <trkpt lat="43.6559040" lon="-79.4095460">
    <ele>104.7</ele>
    <time>2020-06-01T21:07:31Z</time>
   </trkpt>
   <trkpt lat="43.6559080" lon="-79.4095270">
    <ele>104.7</ele>
    <time>2020-06-01T21:07:32Z</time>
   </trkpt>
   <trkpt lat="43.6559210" lon="-79.4094850">
    <ele>104.7</ele>
    <time>2020-06-01T21:07:33Z</time>
   </trkpt>
   <trkpt lat="43.6559250" lon="-79.4094480">
    <ele>104.6</ele>
    <time>2020-06-01T21:07:34Z</time>
   </trkpt>
   <trkpt lat="43.6559390" lon="-79.4094020">
    <ele>104.6</ele>
    <time>2020-06-01T21:07:35Z</time>
   </trkpt>
   <trkpt lat="43.6559430" lon="-79.4093860">
    <ele>104.6</ele>
    <time>2020-06-01T21:07:36Z</time>
   </trkpt>
   <trkpt lat="43.6559470" lon="-79.4093340">
    <ele>104.6</ele>
    <time>2020-06-01T21:07:37Z</time>
   </trkpt>
   <trkpt lat="43.6559480" lon="-79.4092930">
    <ele>104.6</ele>
    <time>2020-06-01T21:07:38Z</time>
   </trkpt>
   <trkpt lat="43.6559610" lon="-79.4092400">
    <ele>104.6</ele>
    <time>2020-06-01T21:07:39Z</time>
   </trkpt>
   <trkpt lat="43.6559660" lon="-79.4091980">
    <ele>104.5</ele>
    <time>2020-06-01T21:07:40Z</time>
   </trkpt>
   <trkpt lat="43.6559690" lon="-79.4091440">
    <ele>104.5</ele>
    <time>2020-06-01T21:07:41Z</time>
   </trkpt>
   <trkpt lat="43.6559720" lon="-79.4091260">
    <ele>104.5</ele>
    <time>2020-06-01T21:07:42Z</time>
   </trkpt>
   <trkpt lat="43.6559920" lon="-79.4090800">
    <ele>104.5</ele>
    <time>2020-06-01T21:07:43Z</time>
   </trkpt>
   <trkpt lat="43.6559980" lon="-79.4090630">
    <ele>104.5</ele>
    <time>2020-06-01T21:07:44Z</time>
   </trkpt>
   <trkpt lat="43.6560170" lon="-79.4090250">
    <ele>104.5</ele>
    <time>2020-06-01T21:07:45Z</time>
   </trkpt>
   <trkpt lat="43.6560510" lon="-79.4089840">
    <ele>104.5</ele>
    <time>2020-06-01T21:07:46Z</time>
   </trkpt>
   <trkpt lat="43.6560770" lon="-79.4089410">
    <ele>104.4</ele>
    <time>2020-06-01T21:07:47Z</time>
   </trkpt>
   <trkpt lat="43.6561060" lon="-79.4088910">
    <ele>104.4</ele>
    <time>2020-06-01T21:07:48Z</time>
   </trkpt>
   <trkpt lat="43.6561230" lon="-79.4088410">
    <ele>104.5</ele>
    <time>2020-06-01T21:07:49Z</time>
   </trkpt>
   <trkpt lat="43.6561290" lon="-79.4088230">
    <ele>104.5</ele>
    <time>2020-06-01T21:07:50Z</time>
   </trkpt>
   <trkpt lat="43.6561390" lon="-79.4087840">
    <ele>104.4</ele>
    <time>2020-06-01T21:07:51Z</time>
   </trkpt>
   <trkpt lat="43.6561520" lon="-79.4087470">
    <ele>104.5</ele>
    <time>2020-06-01T21:07:52Z</time>
   </trkpt>
   <trkpt lat="43.6561680" lon="-79.4086980">
    <ele>104.5</ele>
    <time>2020-06-01T21:07:53Z</time>
   </trkpt>
   <trkpt lat="43.6561700" lon="-79.4086800">
    <ele>104.5</ele>
    <time>2020-06-01T21:07:54Z</time>
   </trkpt>
   <trkpt lat="43.6561890" lon="-79.4086410">
    <ele>104.5</ele>
    <time>2020-06-01T21:07:55Z</time>
   </trkpt>
   <trkpt lat="43.6561960" lon="-79.4086280">
    <ele>104.5</ele>
    <time>2020-06-01T21:07:56Z</time>
   </trkpt>
   <trkpt lat="43.6562070" lon="-79.4085850">
    <ele>104.5</ele>
    <time>2020-06-01T21:07:57Z</time>
   </trkpt>
   <trkpt lat="43.6562240" lon="-79.4085490">
    <ele>104.6</ele>
    <time>2020-06-01T21:07:58Z</time>
   </trkpt>
   <trkpt lat="43.6562480" lon="-79.4085100">
    <ele>104.6</ele>
    <time>2020-06-01T21:07:59Z</time>
   </trkpt>
   <trkpt lat="43.6562570" lon="-79.4084970">
    <ele>104.6</ele>
    <time>2020-06-01T21:08:00Z</time>
   </trkpt>
   <trkpt lat="43.6562690" lon="-79.4084440">
    <ele>104.6</ele>
    <time>2020-06-01T21:08:01Z</time>
   </trkpt>
   <trkpt lat="43.6562740" lon="-79.4083990">
    <ele>104.6</ele>
    <time>2020-06-01T21:08:02Z</time>
   </trkpt>
   <trkpt lat="43.6562710" lon="-79.4083400">
    <ele>104.7</ele>
    <time>2020-06-01T21:08:03Z</time>
   </trkpt>
   <trkpt lat="43.6562570" lon="-79.4082960">
    <ele>104.7</ele>
    <time>2020-06-01T21:08:04Z</time>
   </trkpt>
   <trkpt lat="43.6562620" lon="-79.4082550">
    <ele>104.8</ele>
    <time>2020-06-01T21:08:05Z</time>
   </trkpt>
   <trkpt lat="43.6562600" lon="-79.4082400">
    <ele>104.8</ele>
    <time>2020-06-01T21:08:06Z</time>
   </trkpt>
   <trkpt lat="43.6562560" lon="-79.4081990">
    <ele>104.8</ele>
    <time>2020-06-01T21:08:07Z</time>
   </trkpt>
   <trkpt lat="43.6562550" lon="-79.4081510">
    <ele>104.9</ele>
    <time>2020-06-01T21:08:08Z</time>
   </trkpt>
   <trkpt lat="43.6562530" lon="-79.4081370">
    <ele>104.9</ele>
    <time>2020-06-01T21:08:09Z</time>
   </trkpt>
   <trkpt lat="43.6562650" lon="-79.4080940">
    <ele>105.0</ele>
    <time>2020-06-01T21:08:10Z</time>
   </trkpt>
   <trkpt lat="43.6562660" lon="-79.4080420">
    <ele>105.0</ele>
    <time>2020-06-01T21:08:11Z</time>
   </trkpt>
   <trkpt lat="43.6562630" lon="-79.4080220">
    <ele>105.1</ele>
    <time>2020-06-01T21:08:12Z</time>
   </trkpt>
   <trkpt lat="43.6562430" lon="-79.4079880">
    <ele>105.1</ele>
    <time>2020-06-01T21:08:13Z</time>
   </trkpt>
   <trkpt lat="43.6562320" lon="-79.4079430">
    <ele>105.2</ele>
    <time>2020-06-01T21:08:14Z</time>
   </trkpt>
   <trkpt lat="43.6562230" lon="-79.4078830">
    <ele>105.4</ele>
    <time>2020-06-01T21:08:15Z</time>
   </trkpt>
   <trkpt lat="43.6562170" lon="-79.4078590">
    <ele>105.4</ele>
    <time>2020-06-01T21:08:16Z</time>
   </trkpt>
   <trkpt lat="43.6562010" lon="-79.4078240">
    <ele>105.4</ele>
    <time>2020-06-01T21:08:17Z</time>
   </trkpt>
   <trkpt lat="43.6561850" lon="-79.4077920">
    <ele>105.4</ele>
    <time>2020-06-01T21:08:18Z</time>
   </trkpt>
   <trkpt lat="43.6561700" lon="-79.4077560">
    <ele>105.4</ele>
    <time>2020-06-01T21:08:19Z</time>
   </trkpt>
   <trkpt lat="43.6561550" lon="-79.4077180">
    <ele>105.4</ele>
    <time>2020-06-01T21:08:20Z</time>
   </trkpt>
   <trkpt lat="43.6561290" lon="-79.4077050">
    <ele>105.4</ele>
    <time>2020-06-01T21:08:21Z</time>
   </trkpt>
   <trkpt lat="43.6561040" lon="-79.4076860">
    <ele>105.4</ele>
    <time>2020-06-01T21:08:22Z</time>
   </trkpt>
   <trkpt lat="43.6560790" lon="-79.4076610">
    <ele>105.3</ele>
    <time>2020-06-01T21:08:23Z</time>
   </trkpt>
   <trkpt lat="43.6560680" lon="-79.4076650">
    <ele>105.3</ele>
    <time>2020-06-01T21:08:24Z</time>
   </trkpt>
   <trkpt lat="43.6560360" lon="-79.4076620">
    <ele>105.3</ele>
    <time>2020-06-01T21:08:25Z</time>
   </trkpt>
   <trkpt lat="43.6560260" lon="-79.4076570">
    <ele>105.3</ele>
    <time>2020-06-01T21:08:26Z</time>
   </trkpt>
   <trkpt lat="43.6559940" lon="-79.4076550">
    <ele>105.2</ele>
    <time>2020-06-01T21:08:27Z</time>
   </trkpt>
   <trkpt lat="43.6559570" lon="-79.4076570">
    <ele>105.2</ele>
    <time>2020-06-01T21:08:28Z</time>
   </trkpt>
   <trkpt lat="43.6559440" lon="-79.4076600">
    <ele>105.2</ele>
    <time>2020-06-01T21:08:29Z</time>
   </trkpt>
   <trkpt lat="43.6559260" lon="-79.4076520">
    <ele>105.2</ele>
    <time>2020-06-01T21:08:30Z</time>
   </trkpt>
   <trkpt lat="43.6559120" lon="-79.4076360">
    <ele>105.1</ele>
    <time>2020-06-01T21:08:31Z</time>
   </trkpt>
   <trkpt lat="43.6558960" lon="-79.4076290">
    <ele>105.1</ele>
    <time>2020-06-01T21:08:32Z</time>
   </trkpt>
   <trkpt lat="43.6558830" lon="-79.4076210">
    <ele>105.1</ele>
    <time>2020-06-01T21:08:33Z</time>
   </trkpt>
   <trkpt lat="43.6558620" lon="-79.4075930">
    <ele>105.1</ele>
    <time>2020-06-01T21:08:34Z</time>
   </trkpt>
   <trkpt lat="43.6558340" lon="-79.4075640">
    <ele>105.1</ele>
    <time>2020-06-01T21:08:35Z</time>
   </trkpt>
   <trkpt lat="43.6558060" lon="-79.4075410">
    <ele>105.0</ele>
    <time>2020-06-01T21:08:36Z</time>
   </trkpt>
   <trkpt lat="43.6557810" lon="-79.4075220">
    <ele>105.0</ele>
    <time>2020-06-01T21:08:37Z</time>
   </trkpt>
   <trkpt lat="43.6557520" lon="-79.4075020">
    <ele>105.0</ele>
    <time>2020-06-01T21:08:38Z</time>
   </trkpt>
   <trkpt lat="43.6557420" lon="-79.4074960">
    <ele>105.0</ele>
    <time>2020-06-01T21:08:39Z</time>
   </trkpt>
   <trkpt lat="43.6557090" lon="-79.4074950">
    <ele>104.9</ele>
    <time>2020-06-01T21:08:40Z</time>
   </trkpt>
   <trkpt lat="43.6556730" lon="-79.4075040">
    <ele>104.9</ele>
    <time>2020-06-01T21:08:41Z</time>
   </trkpt>
   <trkpt lat="43.6556410" lon="-79.4075030">
    <ele>104.9</ele>
    <time>2020-06-01T21:08:42Z</time>
   </trkpt>
   <trkpt lat="43.6556080" lon="-79.4075020">
    <ele>104.9</ele>
    <time>2020-06-01T21:08:43Z</time>
   </trkpt>
   <trkpt lat="43.6555970" lon="-79.4075020">
    <ele>104.9</ele>
    <time>2020-06-01T21:08:44Z</time>
   </trkpt>
   <trkpt lat="43.6555740" lon="-79.4074830">
    <ele>104.9</ele>
    <time>2020-06-01T21:08:45Z</time>
   </trkpt>
   <trkpt lat="43.6555450" lon="-79.4074610">
    <ele>104.9</ele>
    <time>2020-06-01T21:08:46Z</time>
   </trkpt>
   <trkpt lat="43.6555330" lon="-79.4074530">
    <ele>104.9</ele>
    <time>2020-06-01T21:08:47Z</time>
   </trkpt>
   <trkpt lat="43.6554950" lon="-79.4074450">
    <ele>104.9</ele>
    <time>2020-06-01T21:08:48Z</time>
   </trkpt>
   <trkpt lat="43.6554820" lon="-79.4074400">
    <ele>104.9</ele>
    <time>2020-06-01T21:08:49Z</time>
   </trkpt>
   <trkpt lat="43.6554550" lon="-79.4074240">
    <ele>104.9</ele>
    <time>2020-06-01T21:08:50Z</time>
   </trkpt>
   <trkpt lat="43.6554220" lon="-79.4073990">
    <ele>104.9</ele>
    <time>2020-06-01T21:08:51Z</time>
   </trkpt>
   <trkpt lat="43.6554070" lon="-79.4073910">
    <ele>104.9</ele>
    <time>2020-06-01T21:08:52Z</time>
   </trkpt>
   <trkpt lat="43.6553790" lon="-79.4073660">
    <ele>104.9</ele>
    <time>2020-06-01T21:08:53Z</time>
   </trkpt>
   <trkpt lat="43.6553520" lon="-79.4073510">
    <ele>104.9</ele>
    <time>2020-06-01T21:08:54Z</time>
   </trkpt>
   <trkpt lat="43.6553090" lon="-79.4073440">
    <ele>104.9</ele>
    <time>2020-06-01T21:08:55Z</time>
   </trkpt>
   <trkpt lat="43.6552910" lon="-79.4073440">
    <ele>104.9</ele>
    <time>2020-06-01T21:08:56Z</time>
   </trkpt>
   <trkpt lat="43.6552550" lon="-79.4073390">
    <ele>104.9</ele>
    <time>2020-06-01T21:08:57Z</time>
   </trkpt>
   <trkpt lat="43.6552400" lon="-79.4073350">
    <ele>104.9</ele>
    <time>2020-06-01T21:08:58Z</time>
   </trkpt>
   <trkpt lat="43.6552110" lon="-79.4073300">
    <ele>104.9</ele>
    <time>2020-06-01T21:08:59Z</time>
   </trkpt>
   <trkpt lat="43.6551800" lon="-79.4073200">
    <ele>104.9</ele>
    <time>2020-06-01T21:09:00Z</time>
   </trkpt>
   <trkpt lat="43.6551480" lon="-79.4073180">
    <ele>104.9</ele>
    <time>2020-06-01T21:09:01Z</time>
   </trkpt>
   <trkpt lat="43.6551360" lon="-79.4073140">
    <ele>104.8</ele>
    <time>2020-06-01T21:09:02Z</time>
   </trkpt>
   <trkpt lat="43.6551250" lon="-79.4073050">
    <ele>104.8</ele>
    <time>2020-06-01T21:09:03Z</time>
   </trkpt>
   <trkpt lat="43.6551050" lon="-79.4072910">
    <ele>104.8</ele>
    <time>2020-06-01T21:09:04Z</time>
   </trkpt>
   <trkpt lat="43.6550710" lon="-79.4072750">
    <ele>104.8</ele>
    <time>2020-06-01T21:09:05Z</time>
   </trkpt>
   <trkpt lat="43.6550610" lon="-79.4072710">
    <ele>104.8</ele>
    <time>2020-06-01T21:09:06Z</time>
   </trkpt>
   <trkpt lat="43.6550280" lon="-79.4072630">
    <ele>104.8</ele>
    <time>2020-06-01T21:09:07Z</time>
   </trkpt>
   <trkpt lat="43.6550160" lon="-79.4072630">
    <ele>104.7</ele>
    <time>2020-06-01T21:09:08Z</time>
   </trkpt>
   <trkpt lat="43.6549790" lon="-79.4072600">
    <ele>104.7</ele>
    <time>2020-06-01T21:09:09Z</time>
   </trkpt>
   <trkpt lat="43.6549660" lon="-79.4072600">
    <ele>104.7</ele>
    <time>2020-06-01T21:09:10Z</time>
   </trkpt>
   <trkpt lat="43.6549380" lon="-79.4072370">
    <ele>104.7</ele>
    <time>2020-06-01T21:09:11Z</time>
   </trkpt>
   <trkpt lat="43.6549120" lon="-79.4072300">
    <ele>104.7</ele>
    <time>2020-06-01T21:09:12Z</time>
   </trkpt>
   <trkpt lat="43.6548760" lon="-79.4072260">
    <ele>104.6</ele>
    <time>2020-06-01T21:09:13Z</time>
   </trkpt>
   <trkpt lat="43.6548600" lon="-79.4072220">
    <ele>104.6</ele>
    <time>2020-06-01T21:09:14Z</time>
   </trkpt>
   <trkpt lat="43.6548290" lon="-79.4071960">
    <ele>104.6</ele>
    <time>2020-06-01T21:09:15Z</time>
   </trkpt>
   <trkpt lat="43.6548190" lon="-79.4071870">
    <ele>104.6</ele>
    <time>2020-06-01T21:09:16Z</time>
   </trkpt>
   <trkpt lat="43.6547850" lon="-79.4071730">
    <ele>104.6</ele>
    <time>2020-06-01T21:09:17Z</time>
   </trkpt>
   <trkpt lat="43.6547710" lon="-79.4071690">
    <ele>104.6</ele>
    <time>2020-06-01T21:09:18Z</time>
   </trkpt>
   <trkpt lat="43.6547350" lon="-79.4071680">
    <ele>104.6</ele>
    <time>2020-06-01T21:09:19Z</time>
   </trkpt>
   <trkpt lat="43.6547250" lon="-79.4071670">
    <ele>104.6</ele>
    <time>2020-06-01T21:09:20Z</time>
   </trkpt>
   <trkpt lat="43.6546830" lon="-79.4071640">
    <ele>104.6</ele>
    <time>2020-06-01T21:09:21Z</time>
   </trkpt>
   <trkpt lat="43.6546530" lon="-79.4071640">
    <ele>104.6</ele>
    <time>2020-06-01T21:09:22Z</time>
   </trkpt>
   <trkpt lat="43.6546130" lon="-79.4071620">
    <ele>104.6</ele>
    <time>2020-06-01T21:09:23Z</time>
   </trkpt>
   <trkpt lat="43.6545980" lon="-79.4071640">
    <ele>104.6</ele>
    <time>2020-06-01T21:09:24Z</time>
   </trkpt>
   <trkpt lat="43.6545800" lon="-79.4071620">
    <ele>104.6</ele>
    <time>2020-06-01T21:09:25Z</time>
   </trkpt>
   <trkpt lat="43.6545620" lon="-79.4071610">
    <ele>104.6</ele>
    <time>2020-06-01T21:09:26Z</time>
   </trkpt>
   <trkpt lat="43.6545430" lon="-79.4071600">
    <ele>104.6</ele>
    <time>2020-06-01T21:09:27Z</time>
   </trkpt>
   <trkpt lat="43.6545300" lon="-79.4071650">
    <ele>104.6</ele>
    <time>2020-06-01T21:09:28Z</time>
   </trkpt>
   <trkpt lat="43.6545200" lon="-79.4071580">
    <ele>104.6</ele>
    <time>2020-06-01T21:09:29Z</time>
   </trkpt>
   <trkpt lat="43.6545140" lon="-79.4071430">
    <ele>104.6</ele>
    <time>2020-06-01T21:09:30Z</time>
   </trkpt>
   <trkpt lat="43.6545100" lon="-79.4071340">
    <ele>104.6</ele>
    <time>2020-06-01T21:09:31Z</time>
   </trkpt>
   <trkpt lat="43.6545070" lon="-79.4071210">
    <ele>104.6</ele>
    <time>2020-06-01T21:09:32Z</time>
   </trkpt>
   <trkpt lat="43.6545070" lon="-79.4071190">
    <ele>104.6</ele>
    <time>2020-06-01T21:09:33Z</time>
   </trkpt>
   <trkpt lat="43.6545010" lon="-79.4071170">
    <ele>104.6</ele>
    <time>2020-06-01T21:09:34Z</time>
   </trkpt>
   <trkpt lat="43.6544950" lon="-79.4071100">
    <ele>104.6</ele>
    <time>2020-06-01T21:09:35Z</time>
   </trkpt>
   <trkpt lat="43.6544910" lon="-79.4071090">
    <ele>104.6</ele>
    <time>2020-06-01T21:09:36Z</time>
   </trkpt>
   <trkpt lat="43.6544890" lon="-79.4070960">
    <ele>104.6</ele>
    <time>2020-06-01T21:09:37Z</time>
   </trkpt>
   <trkpt lat="43.6544850" lon="-79.4070880">
    <ele>104.6</ele>
    <time>2020-06-01T21:09:38Z</time>
   </trkpt>
   <trkpt lat="43.6544790" lon="-79.4070780">
    <ele>104.7</ele>
    <time>2020-06-01T21:09:39Z</time>
   </trkpt>
   <trkpt lat="43.6544700" lon="-79.4070640">
    <ele>104.7</ele>
    <time>2020-06-01T21:09:40Z</time>
   </trkpt>
   <trkpt lat="43.6544450" lon="-79.4070410">
    <ele>104.7</ele>
    <time>2020-06-01T21:09:41Z</time>
   </trkpt>
   <trkpt lat="43.6544350" lon="-79.4070300">
    <ele>104.7</ele>
    <time>2020-06-01T21:09:42Z</time>
   </trkpt>
   <trkpt lat="43.6544100" lon="-79.4070160">
    <ele>104.7</ele>
    <time>2020-06-01T21:09:43Z</time>
   </trkpt>
   <trkpt lat="43.6543710" lon="-79.4070010">
    <ele>104.7</ele>
    <time>2020-06-01T21:09:44Z</time>
   </trkpt>
   <trkpt lat="43.6543580" lon="-79.4069970">
    <ele>104.7</ele>
    <time>2020-06-01T21:09:45Z</time>
   </trkpt>
   <trkpt lat="43.6543110" lon="-79.4069990">
    <ele>104.7</ele>
    <time>2020-06-01T21:09:46Z</time>
   </trkpt>
   <trkpt lat="43.6542910" lon="-79.4069990">
    <ele>104.7</ele>
    <time>2020-06-01T21:09:47Z</time>
   </trkpt>
   <trkpt lat="43.6542580" lon="-79.4069710">
    <ele>104.6</ele>
    <time>2020-06-01T21:09:48Z</time>
   </trkpt>
   <trkpt lat="43.6542180" lon="-79.4069330">
    <ele>104.6</ele>
    <time>2020-06-01T21:09:49Z</time>
   </trkpt>
   <trkpt lat="43.6541860" lon="-79.4069070">
    <ele>104.6</ele>
    <time>2020-06-01T21:09:50Z</time>
   </trkpt>
   <trkpt lat="43.6541580" lon="-79.4068710">
    <ele>104.6</ele>
    <time>2020-06-01T21:09:51Z</time>
   </trkpt>
   <trkpt lat="43.6541420" lon="-79.4068410">
    <ele>104.6</ele>
    <time>2020-06-01T21:09:52Z</time>
   </trkpt>
   <trkpt lat="43.6541200" lon="-79.4068160">
    <ele>104.6</ele>
    <time>2020-06-01T21:09:53Z</time>
   </trkpt>
   <trkpt lat="43.6540540" lon="-79.4067690">
    <ele>104.6</ele>
    <time>2020-06-01T21:09:54Z</time>
   </trkpt>
   <trkpt lat="43.6540240" lon="-79.4067560">
    <ele>104.5</ele>
    <time>2020-06-01T21:09:55Z</time>
   </trkpt>
   <trkpt lat="43.6540150" lon="-79.4067500">
    <ele>104.5</ele>
    <time>2020-06-01T21:09:56Z</time>
   </trkpt>
   <trkpt lat="43.6539870" lon="-79.4067430">
    <ele>104.5</ele>
    <time>2020-06-01T21:09:57Z</time>
   </trkpt>
   <trkpt lat="43.6539530" lon="-79.4067330">
    <ele>104.5</ele>
    <time>2020-06-01T21:09:58Z</time>
   </trkpt>
   <trkpt lat="43.6539420" lon="-79.4067300">
    <ele>104.5</ele>
    <time>2020-06-01T21:09:59Z</time>
   </trkpt>
   <trkpt lat="43.6538990" lon="-79.4067000">
    <ele>104.4</ele>
    <time>2020-06-01T21:10:00Z</time>
   </trkpt>
   <trkpt lat="43.6538720" lon="-79.4066860">
    <ele>104.4</ele>
    <time>2020-06-01T21:10:01Z</time>
   </trkpt>
   <trkpt lat="43.6538610" lon="-79.4066840">
    <ele>104.4</ele>
    <time>2020-06-01T21:10:02Z</time>
   </trkpt>
   <trkpt lat="43.6538310" lon="-79.4066770">
    <ele>104.4</ele>
    <time>2020-06-01T21:10:03Z</time>
   </trkpt>
   <trkpt lat="43.6538210" lon="-79.4066720">
    <ele>104.4</ele>
    <time>2020-06-01T21:10:04Z</time>
   </trkpt>
   <trkpt lat="43.6537920" lon="-79.4066470">
    <ele>104.3</ele>
    <time>2020-06-01T21:10:05Z</time>
   </trkpt>
   <trkpt lat="43.6537730" lon="-79.4066320">
    <ele>104.3</ele>
    <time>2020-06-01T21:10:06Z</time>
   </trkpt>
   <trkpt lat="43.6537430" lon="-79.4066230">
    <ele>104.3</ele>
    <time>2020-06-01T21:10:07Z</time>
   </trkpt>
   <trkpt lat="43.6537190" lon="-79.4066050">
    <ele>104.3</ele>
    <time>2020-06-01T21:10:08Z</time>
   </trkpt>
   <trkpt lat="43.6536860" lon="-79.4065820">
    <ele>104.3</ele>
    <time>2020-06-01T21:10:09Z</time>
   </trkpt>
   <trkpt lat="43.6536740" lon="-79.4065750">
    <ele>104.3</ele>
    <time>2020-06-01T21:10:10Z</time>
   </trkpt>
   <trkpt lat="43.6536290" lon="-79.4065760">
    <ele>104.2</ele>
    <time>2020-06-01T21:10:11Z</time>
   </trkpt>
   <trkpt lat="43.6535870" lon="-79.4065370">
    <ele>104.2</ele>
    <time>2020-06-01T21:10:12Z</time>
   </trkpt>
   <trkpt lat="43.6535740" lon="-79.4065450">
    <ele>104.2</ele>
    <time>2020-06-01T21:10:13Z</time>
   </trkpt>
   <trkpt lat="43.6535570" lon="-79.4065390">
    <ele>104.2</ele>
    <time>2020-06-01T21:10:14Z</time>
   </trkpt>
   <trkpt lat="43.6535400" lon="-79.4065210">
    <ele>104.2</ele>
    <time>2020-06-01T21:10:15Z</time>
   </trkpt>
   <trkpt lat="43.6535280" lon="-79.4065150">
    <ele>104.2</ele>
    <time>2020-06-01T21:10:16Z</time>
   </trkpt>
   <trkpt lat="43.6535140" lon="-79.4064780">
    <ele>104.1</ele>
    <time>2020-06-01T21:10:17Z</time>
   </trkpt>
   <trkpt lat="43.6535050" lon="-79.4064650">
    <ele>104.1</ele>
    <time>2020-06-01T21:10:18Z</time>
   </trkpt>
   <trkpt lat="43.6534780" lon="-79.4064400">
    <ele>104.1</ele>
    <time>2020-06-01T21:10:19Z</time>
   </trkpt>
   <trkpt lat="43.6534670" lon="-79.4064310">
    <ele>104.1</ele>
    <time>2020-06-01T21:10:20Z</time>
   </trkpt>
   <trkpt lat="43.6534490" lon="-79.4064040">
    <ele>104.0</ele>
    <time>2020-06-01T21:10:21Z</time>
   </trkpt>
   <trkpt lat="43.6534400" lon="-79.4063940">
    <ele>104.0</ele>
    <time>2020-06-01T21:10:22Z</time>
   </trkpt>
   <trkpt lat="43.6533900" lon="-79.4064030">
    <ele>103.9</ele>
    <time>2020-06-01T21:10:23Z</time>
   </trkpt>
   <trkpt lat="43.6533600" lon="-79.4064160">
    <ele>103.9</ele>
    <time>2020-06-01T21:10:24Z</time>
   </trkpt>
   <trkpt lat="43.6533210" lon="-79.4064140">
    <ele>103.8</ele>
    <time>2020-06-01T21:10:25Z</time>
   </trkpt>
   <trkpt lat="43.6532730" lon="-79.4064180">
    <ele>103.8</ele>
    <time>2020-06-01T21:10:26Z</time>
   </trkpt>
   <trkpt lat="43.6532360" lon="-79.4064200">
    <ele>103.7</ele>
    <time>2020-06-01T21:10:27Z</time>
   </trkpt>
   <trkpt lat="43.6531950" lon="-79.4064290">
    <ele>103.7</ele>
    <time>2020-06-01T21:10:28Z</time>
   </trkpt>
   <trkpt lat="43.6531530" lon="-79.4064350">
    <ele>103.6</ele>
    <time>2020-06-01T21:10:29Z</time>
   </trkpt>
   <trkpt lat="43.6531160" lon="-79.4064270">
    <ele>103.6</ele>
    <time>2020-06-01T21:10:30Z</time>
   </trkpt>
   <trkpt lat="43.6530880" lon="-79.4064100">
    <ele>103.6</ele>
    <time>2020-06-01T21:10:31Z</time>
   </trkpt>
   <trkpt lat="43.6530570" lon="-79.4063940">
    <ele>103.5</ele>
    <time>2020-06-01T21:10:32Z</time>
   </trkpt>
   <trkpt lat="43.6530480" lon="-79.4063900">
    <ele>103.5</ele>
    <time>2020-06-01T21:10:33Z</time>
   </trkpt>
   <trkpt lat="43.6530200" lon="-79.4063820">
    <ele>103.5</ele>
    <time>2020-06-01T21:10:34Z</time>
   </trkpt>
   <trkpt lat="43.6530080" lon="-79.4063730">
    <ele>103.5</ele>
    <time>2020-06-01T21:10:35Z</time>
   </trkpt>
   <trkpt lat="43.6529660" lon="-79.4063430">
    <ele>103.4</ele>
    <time>2020-06-01T21:10:36Z</time>
   </trkpt>
   <trkpt lat="43.6529470" lon="-79.4063300">
    <ele>103.4</ele>
    <time>2020-06-01T21:10:37Z</time>
   </trkpt>
   <trkpt lat="43.6529120" lon="-79.4063020">
    <ele>103.3</ele>
    <time>2020-06-01T21:10:38Z</time>
   </trkpt>
   <trkpt lat="43.6528990" lon="-79.4062920">
    <ele>103.3</ele>
    <time>2020-06-01T21:10:39Z</time>
   </trkpt>
   <trkpt lat="43.6528720" lon="-79.4062780">
    <ele>103.3</ele>
    <time>2020-06-01T21:10:40Z</time>
   </trkpt>
   <trkpt lat="43.6528450" lon="-79.4062520">
    <ele>103.2</ele>
    <time>2020-06-01T21:10:41Z</time>
   </trkpt>
   <trkpt lat="43.6528200" lon="-79.4062310">
    <ele>103.1</ele>
    <time>2020-06-01T21:10:42Z</time>
   </trkpt>
   <trkpt lat="43.6527860" lon="-79.4061980">
    <ele>103.1</ele>
    <time>2020-06-01T21:10:43Z</time>
   </trkpt>
   <trkpt lat="43.6527540" lon="-79.4061740">
    <ele>103.0</ele>
    <time>2020-06-01T21:10:44Z</time>
   </trkpt>
   <trkpt lat="43.6527220" lon="-79.4061610">
    <ele>102.9</ele>
    <time>2020-06-01T21:10:45Z</time>
   </trkpt>
   <trkpt lat="43.6527120" lon="-79.4061580">
    <ele>102.9</ele>
    <time>2020-06-01T21:10:46Z</time>
   </trkpt>
   <trkpt lat="43.6526800" lon="-79.4061560">
    <ele>102.8</ele>
    <time>2020-06-01T21:10:47Z</time>
   </trkpt>
   <trkpt lat="43.6526690" lon="-79.4061560">
    <ele>102.8</ele>
    <time>2020-06-01T21:10:48Z</time>
   </trkpt>
   <trkpt lat="43.6526250" lon="-79.4061550">
    <ele>102.7</ele>
    <time>2020-06-01T21:10:49Z</time>
   </trkpt>
   <trkpt lat="43.6526010" lon="-79.4061510">
    <ele>102.7</ele>
    <time>2020-06-01T21:10:50Z</time>
   </trkpt>
   <trkpt lat="43.6525500" lon="-79.4061750">
    <ele>102.6</ele>
    <time>2020-06-01T21:10:51Z</time>
   </trkpt>
   <trkpt lat="43.6525220" lon="-79.4061880">
    <ele>102.6</ele>
    <time>2020-06-01T21:10:52Z</time>
   </trkpt>
   <trkpt lat="43.6524870" lon="-79.4062230">
    <ele>102.6</ele>
    <time>2020-06-01T21:10:53Z</time>
   </trkpt>
   <trkpt lat="43.6524490" lon="-79.4062280">
    <ele>102.5</ele>
    <time>2020-06-01T21:10:54Z</time>
   </trkpt>
   <trkpt lat="43.6524380" lon="-79.4062280">
    <ele>102.5</ele>
    <time>2020-06-01T21:10:55Z</time>
   </trkpt>
   <trkpt lat="43.6524310" lon="-79.4062170">
    <ele>102.5</ele>
    <time>2020-06-01T21:10:56Z</time>
   </trkpt>
   <trkpt lat="43.6524290" lon="-79.4062150">
    <ele>102.5</ele>
    <time>2020-06-01T21:10:57Z</time>
   </trkpt>
   <trkpt lat="43.6524280" lon="-79.4062130">
    <ele>102.5</ele>
    <time>2020-06-01T21:10:58Z</time>
   </trkpt>
   <trkpt lat="43.6524280" lon="-79.4062110">
    <ele>102.5</ele>
    <time>2020-06-01T21:10:59Z</time>
   </trkpt>
   <trkpt lat="43.6524240" lon="-79.4062080">
    <ele>102.5</ele>
    <time>2020-06-01T21:11:00Z</time>
   </trkpt>
   <trkpt lat="43.6524110" lon="-79.4062120">
    <ele>102.5</ele>
    <time>2020-06-01T21:11:01Z</time>
   </trkpt>
   <trkpt lat="43.6524020" lon="-79.4062110">
    <ele>102.5</ele>
    <time>2020-06-01T21:11:02Z</time>
   </trkpt>
   <trkpt lat="43.6523990" lon="-79.4062150">
    <ele>102.5</ele>
    <time>2020-06-01T21:11:03Z</time>
   </trkpt>
   <trkpt lat="43.6523990" lon="-79.4062150">
    <ele>102.5</ele>
    <time>2020-06-01T21:11:04Z</time>
   </trkpt>
   <trkpt lat="43.6523980" lon="-79.4062160">
    <ele>102.5</ele>
    <time>2020-06-01T21:11:05Z</time>
   </trkpt>
   <trkpt lat="43.6523980" lon="-79.4062170">
    <ele>102.5</ele>
    <time>2020-06-01T21:11:06Z</time>
   </trkpt>
   <trkpt lat="43.6523970" lon="-79.4062170">
    <ele>102.5</ele>
    <time>2020-06-01T21:11:07Z</time>
   </trkpt>
   <trkpt lat="43.6523970" lon="-79.4062180">
    <ele>102.5</ele>
    <time>2020-06-01T21:11:08Z</time>
   </trkpt>
   <trkpt lat="43.6523950" lon="-79.4062190">
    <ele>102.5</ele>
    <time>2020-06-01T21:11:09Z</time>
   </trkpt>
   <trkpt lat="43.6523970" lon="-79.4062160">
    <ele>102.5</ele>
    <time>2020-06-01T21:11:10Z</time>
   </trkpt>
   <trkpt lat="43.6523960" lon="-79.4062160">
    <ele>102.5</ele>
    <time>2020-06-01T21:11:11Z</time>
   </trkpt>
   <trkpt lat="43.6523920" lon="-79.4062110">
    <ele>102.5</ele>
    <time>2020-06-01T21:11:12Z</time>
   </trkpt>
   <trkpt lat="43.6523880" lon="-79.4062070">
    <ele>102.4</ele>
    <time>2020-06-01T21:11:13Z</time>
   </trkpt>
   <trkpt lat="43.6523860" lon="-79.4062070">
    <ele>102.4</ele>
    <time>2020-06-01T21:11:14Z</time>
   </trkpt>
   <trkpt lat="43.6523860" lon="-79.4062070">
    <ele>102.4</ele>
    <time>2020-06-01T21:11:15Z</time>
   </trkpt>
   <trkpt lat="43.6523850" lon="-79.4062070">
    <ele>102.4</ele>
    <time>2020-06-01T21:11:16Z</time>
   </trkpt>
   <trkpt lat="43.6523840" lon="-79.4062070">
    <ele>102.4</ele>
    <time>2020-06-01T21:11:17Z</time>
   </trkpt>
   <trkpt lat="43.6523840" lon="-79.4062070">
    <ele>102.4</ele>
    <time>2020-06-01T21:11:18Z</time>
   </trkpt>
   <trkpt lat="43.6523830" lon="-79.4062070">
    <ele>102.4</ele>
    <time>2020-06-01T21:11:19Z</time>
   </trkpt>
   <trkpt lat="43.6523820" lon="-79.4062060">
    <ele>102.4</ele>
    <time>2020-06-01T21:11:20Z</time>
   </trkpt>
   <trkpt lat="43.6523820" lon="-79.4062060">
    <ele>102.4</ele>
    <time>2020-06-01T21:11:21Z</time>
   </trkpt>
   <trkpt lat="43.6523820" lon="-79.4062060">
    <ele>102.4</ele>
    <time>2020-06-01T21:11:22Z</time>
   </trkpt>
   <trkpt lat="43.6523800" lon="-79.4062040">
    <ele>102.4</ele>
    <time>2020-06-01T21:11:23Z</time>
   </trkpt>
   <trkpt lat="43.6523800" lon="-79.4062030">
    <ele>102.4</ele>
    <time>2020-06-01T21:11:24Z</time>
   </trkpt>
   <trkpt lat="43.6523800" lon="-79.4062020">
    <ele>102.4</ele>
    <time>2020-06-01T21:11:25Z</time>
   </trkpt>
   <trkpt lat="43.6523790" lon="-79.4062010">
    <ele>102.4</ele>
    <time>2020-06-01T21:11:26Z</time>
   </trkpt>
   <trkpt lat="43.6523760" lon="-79.4062010">
    <ele>102.4</ele>
    <time>2020-06-01T21:11:27Z</time>
   </trkpt>
   <trkpt lat="43.6523750" lon="-79.4061960">
    <ele>102.4</ele>
    <time>2020-06-01T21:11:28Z</time>
   </trkpt>
   <trkpt lat="43.6523600" lon="-79.4061880">
    <ele>102.3</ele>
    <time>2020-06-01T21:11:29Z</time>
   </trkpt>
   <trkpt lat="43.6523450" lon="-79.4061700">
    <ele>102.3</ele>
    <time>2020-06-01T21:11:30Z</time>
   </trkpt>
   <trkpt lat="43.6523390" lon="-79.4061600">
    <ele>102.3</ele>
    <time>2020-06-01T21:11:31Z</time>
   </trkpt>
   <trkpt lat="43.6523340" lon="-79.4061510">
    <ele>102.2</ele>
    <time>2020-06-01T21:11:32Z</time>
   </trkpt>
   <trkpt lat="43.6522970" lon="-79.4061310">
    <ele>102.1</ele>
    <time>2020-06-01T21:11:33Z</time>
   </trkpt>
   <trkpt lat="43.6522830" lon="-79.4061250">
    <ele>102.1</ele>
    <time>2020-06-01T21:11:34Z</time>
   </trkpt>
   <trkpt lat="43.6522530" lon="-79.4061160">
    <ele>102.0</ele>
    <time>2020-06-01T21:11:35Z</time>
   </trkpt>
   <trkpt lat="43.6522230" lon="-79.4061010">
    <ele>102.0</ele>
    <time>2020-06-01T21:11:36Z</time>
   </trkpt>
   <trkpt lat="43.6521940" lon="-79.4060880">
    <ele>101.6</ele>
    <time>2020-06-01T21:11:37Z</time>
   </trkpt>
   <trkpt lat="43.6521660" lon="-79.4060770">
    <ele>101.6</ele>
    <time>2020-06-01T21:11:38Z</time>
   </trkpt>
   <trkpt lat="43.6521360" lon="-79.4060700">
    <ele>101.6</ele>
    <time>2020-06-01T21:11:39Z</time>
   </trkpt>
   <trkpt lat="43.6521020" lon="-79.4060590">
    <ele>101.6</ele>
    <time>2020-06-01T21:11:40Z</time>
   </trkpt>
   <trkpt lat="43.6520670" lon="-79.4060420">
    <ele>101.5</ele>
    <time>2020-06-01T21:11:41Z</time>
   </trkpt>
   <trkpt lat="43.6520370" lon="-79.4060370">
    <ele>101.5</ele>
    <time>2020-06-01T21:11:42Z</time>
   </trkpt>
   <trkpt lat="43.6520040" lon="-79.4060280">
    <ele>101.5</ele>
    <time>2020-06-01T21:11:43Z</time>
   </trkpt>
   <trkpt lat="43.6519760" lon="-79.4060190">
    <ele>101.4</ele>
    <time>2020-06-01T21:11:44Z</time>
   </trkpt>
   <trkpt lat="43.6519430" lon="-79.4060070">
    <ele>101.4</ele>
    <time>2020-06-01T21:11:45Z</time>
   </trkpt>
   <trkpt lat="43.6519070" lon="-79.4059930">
    <ele>101.4</ele>
    <time>2020-06-01T21:11:46Z</time>
   </trkpt>
   <trkpt lat="43.6518620" lon="-79.4059910">
    <ele>101.3</ele>
    <time>2020-06-01T21:11:47Z</time>
   </trkpt>
   <trkpt lat="43.6518260" lon="-79.4059790">
    <ele>101.3</ele>
    <time>2020-06-01T21:11:48Z</time>
   </trkpt>
   <trkpt lat="43.6517890" lon="-79.4059660">
    <ele>101.3</ele>
    <time>2020-06-01T21:11:49Z</time>
   </trkpt>
   <trkpt lat="43.6517610" lon="-79.4059550">
    <ele>101.3</ele>
    <time>2020-06-01T21:11:50Z</time>
   </trkpt>
   <trkpt lat="43.6517220" lon="-79.4059380">
    <ele>101.3</ele>
    <time>2020-06-01T21:11:51Z</time>
   </trkpt>
   <trkpt lat="43.6516920" lon="-79.4059320">
    <ele>101.1</ele>
    <time>2020-06-01T21:11:52Z</time>
   </trkpt>
   <trkpt lat="43.6516650" lon="-79.4059240">
    <ele>101.0</ele>
    <time>2020-06-01T21:11:53Z</time>
   </trkpt>
   <trkpt lat="43.6516320" lon="-79.4059110">
    <ele>100.9</ele>
    <time>2020-06-01T21:11:54Z</time>
   </trkpt>
   <trkpt lat="43.6516240" lon="-79.4059070">
    <ele>100.9</ele>
    <time>2020-06-01T21:11:55Z</time>
   </trkpt>
   <trkpt lat="43.6516090" lon="-79.4058980">
    <ele>100.8</ele>
    <time>2020-06-01T21:11:56Z</time>
   </trkpt>
   <trkpt lat="43.6515930" lon="-79.4058910">
    <ele>100.8</ele>
    <time>2020-06-01T21:11:57Z</time>
   </trkpt>
   <trkpt lat="43.6515590" lon="-79.4058810">
    <ele>100.7</ele>
    <time>2020-06-01T21:11:58Z</time>
   </trkpt>
   <trkpt lat="43.6515470" lon="-79.4058780">
    <ele>100.6</ele>
    <time>2020-06-01T21:11:59Z</time>
   </trkpt>
   <trkpt lat="43.6515190" lon="-79.4058680">
    <ele>100.6</ele>
    <time>2020-06-01T21:12:00Z</time>
   </trkpt>
   <trkpt lat="43.6514880" lon="-79.4058490">
    <ele>100.5</ele>
    <time>2020-06-01T21:12:01Z</time>
   </trkpt>
   <trkpt lat="43.6514500" lon="-79.4058310">
    <ele>100.4</ele>
    <time>2020-06-01T21:12:02Z</time>
   </trkpt>
   <trkpt lat="43.6514120" lon="-79.4058100">
    <ele>100.3</ele>
    <time>2020-06-01T21:12:03Z</time>
   </trkpt>
   <trkpt lat="43.6513760" lon="-79.4057880">
    <ele>100.3</ele>
    <time>2020-06-01T21:12:04Z</time>
   </trkpt>
   <trkpt lat="43.6513480" lon="-79.4057740">
    <ele>100.2</ele>
    <time>2020-06-01T21:12:05Z</time>
   </trkpt>
   <trkpt lat="43.6513210" lon="-79.4057530">
    <ele>100.2</ele>
    <time>2020-06-01T21:12:06Z</time>
   </trkpt>
   <trkpt lat="43.6512970" lon="-79.4057330">
    <ele>100.2</ele>
    <time>2020-06-01T21:12:07Z</time>
   </trkpt>
   <trkpt lat="43.6512690" lon="-79.4057160">
    <ele>100.2</ele>
    <time>2020-06-01T21:12:08Z</time>
   </trkpt>
   <trkpt lat="43.6512400" lon="-79.4056950">
    <ele>100.2</ele>
    <time>2020-06-01T21:12:09Z</time>
   </trkpt>
   <trkpt lat="43.6512060" lon="-79.4056750">
    <ele>100.2</ele>
    <time>2020-06-01T21:12:10Z</time>
   </trkpt>
   <trkpt lat="43.6511690" lon="-79.4056520">
    <ele>100.8</ele>
    <time>2020-06-01T21:12:11Z</time>
   </trkpt>
   <trkpt lat="43.6511550" lon="-79.4056460">
    <ele>100.8</ele>
    <time>2020-06-01T21:12:12Z</time>
   </trkpt>
   <trkpt lat="43.6511310" lon="-79.4056300">
    <ele>100.7</ele>
    <time>2020-06-01T21:12:13Z</time>
   </trkpt>
   <trkpt lat="43.6511040" lon="-79.4056220">
    <ele>100.6</ele>
    <time>2020-06-01T21:12:14Z</time>
   </trkpt>
   <trkpt lat="43.6510710" lon="-79.4056020">
    <ele>100.5</ele>
    <time>2020-06-01T21:12:15Z</time>
   </trkpt>
   <trkpt lat="43.6510600" lon="-79.4055970">
    <ele>100.5</ele>
    <time>2020-06-01T21:12:16Z</time>
   </trkpt>
   <trkpt lat="43.6510320" lon="-79.4055830">
    <ele>100.4</ele>
    <time>2020-06-01T21:12:17Z</time>
   </trkpt>
   <trkpt lat="43.6510070" lon="-79.4055660">
    <ele>100.3</ele>
    <time>2020-06-01T21:12:18Z</time>
   </trkpt>
   <trkpt lat="43.6509750" lon="-79.4055410">
    <ele>100.2</ele>
    <time>2020-06-01T21:12:19Z</time>
   </trkpt>
   <trkpt lat="43.6509620" lon="-79.4055340">
    <ele>100.2</ele>
    <time>2020-06-01T21:12:20Z</time>
   </trkpt>
   <trkpt lat="43.6509270" lon="-79.4055180">
    <ele>100.1</ele>
    <time>2020-06-01T21:12:21Z</time>
   </trkpt>
   <trkpt lat="43.6509160" lon="-79.4055140">
    <ele>100.1</ele>
    <time>2020-06-01T21:12:22Z</time>
   </trkpt>
   <trkpt lat="43.6508750" lon="-79.4054930">
    <ele>100.0</ele>
    <time>2020-06-01T21:12:23Z</time>
   </trkpt>
   <trkpt lat="43.6508580" lon="-79.4054760">
    <ele>99.9</ele>
    <time>2020-06-01T21:12:24Z</time>
   </trkpt>
   <trkpt lat="43.6508310" lon="-79.4054650">
    <ele>99.9</ele>
    <time>2020-06-01T21:12:25Z</time>
   </trkpt>
   <trkpt lat="43.6507960" lon="-79.4054520">
    <ele>99.8</ele>
    <time>2020-06-01T21:12:26Z</time>
   </trkpt>
   <trkpt lat="43.6507670" lon="-79.4054440">
    <ele>99.8</ele>
    <time>2020-06-01T21:12:27Z</time>
   </trkpt>
   <trkpt lat="43.6507370" lon="-79.4054210">
    <ele>99.7</ele>
    <time>2020-06-01T21:12:28Z</time>
   </trkpt>
   <trkpt lat="43.6507110" lon="-79.4054030">
    <ele>99.7</ele>
    <time>2020-06-01T21:12:29Z</time>
   </trkpt>
   <trkpt lat="43.6506720" lon="-79.4053820">
    <ele>99.6</ele>
    <time>2020-06-01T21:12:30Z</time>
   </trkpt>
   <trkpt lat="43.6506200" lon="-79.4053700">
    <ele>99.5</ele>
    <time>2020-06-01T21:12:31Z</time>
   </trkpt>
   <trkpt lat="43.6505830" lon="-79.4053700">
    <ele>99.4</ele>
    <time>2020-06-01T21:12:32Z</time>
   </trkpt>
   <trkpt lat="43.6505550" lon="-79.4053450">
    <ele>99.3</ele>
    <time>2020-06-01T21:12:33Z</time>
   </trkpt>
   <trkpt lat="43.6505210" lon="-79.4053210">
    <ele>99.2</ele>
    <time>2020-06-01T21:12:34Z</time>
   </trkpt>
   <trkpt lat="43.6504980" lon="-79.4053020">
    <ele>99.2</ele>
    <time>2020-06-01T21:12:35Z</time>
   </trkpt>
   <trkpt lat="43.6504730" lon="-79.4052780">
    <ele>99.1</ele>
    <time>2020-06-01T21:12:36Z</time>
   </trkpt>
   <trkpt lat="43.6504450" lon="-79.4052570">
    <ele>99.1</ele>
    <time>2020-06-01T21:12:37Z</time>
   </trkpt>
   <trkpt lat="43.6504060" lon="-79.4052260">
    <ele>99.0</ele>
    <time>2020-06-01T21:12:38Z</time>
   </trkpt>
   <trkpt lat="43.6503890" lon="-79.4052150">
    <ele>98.9</ele>
    <time>2020-06-01T21:12:39Z</time>
   </trkpt>
   <trkpt lat="43.6503610" lon="-79.4051990">
    <ele>98.9</ele>
    <time>2020-06-01T21:12:40Z</time>
   </trkpt>
   <trkpt lat="43.6503310" lon="-79.4051750">
    <ele>98.8</ele>
    <time>2020-06-01T21:12:41Z</time>
   </trkpt>
   <trkpt lat="43.6502990" lon="-79.4051540">
    <ele>98.7</ele>
    <time>2020-06-01T21:12:42Z</time>
   </trkpt>
   <trkpt lat="43.6502670" lon="-79.4051300">
    <ele>98.6</ele>
    <time>2020-06-01T21:12:43Z</time>
   </trkpt>
   <trkpt lat="43.6502360" lon="-79.4051050">
    <ele>98.5</ele>
    <time>2020-06-01T21:12:44Z</time>
   </trkpt>
   <trkpt lat="43.6502030" lon="-79.4050870">
    <ele>98.4</ele>
    <time>2020-06-01T21:12:45Z</time>
   </trkpt>
   <trkpt lat="43.6501700" lon="-79.4050600">
    <ele>98.4</ele>
    <time>2020-06-01T21:12:46Z</time>
   </trkpt>
   <trkpt lat="43.6501580" lon="-79.4050520">
    <ele>98.3</ele>
    <time>2020-06-01T21:12:47Z</time>
   </trkpt>
   <trkpt lat="43.6501290" lon="-79.4050430">
    <ele>98.3</ele>
    <time>2020-06-01T21:12:48Z</time>
   </trkpt>
   <trkpt lat="43.6500900" lon="-79.4050440">
    <ele>98.3</ele>
    <time>2020-06-01T21:12:49Z</time>
   </trkpt>
   <trkpt lat="43.6500720" lon="-79.4050450">
    <ele>98.3</ele>
    <time>2020-06-01T21:12:50Z</time>
   </trkpt>
   <trkpt lat="43.6500440" lon="-79.4050400">
    <ele>98.2</ele>
    <time>2020-06-01T21:12:51Z</time>
   </trkpt>
   <trkpt lat="43.6500120" lon="-79.4050190">
    <ele>98.2</ele>
    <time>2020-06-01T21:12:52Z</time>
   </trkpt>
   <trkpt lat="43.6500020" lon="-79.4050130">
    <ele>98.2</ele>
    <time>2020-06-01T21:12:53Z</time>
   </trkpt>
   <trkpt lat="43.6499710" lon="-79.4049920">
    <ele>98.2</ele>
    <time>2020-06-01T21:12:54Z</time>
   </trkpt>
   <trkpt lat="43.6499580" lon="-79.4049860">
    <ele>98.2</ele>
    <time>2020-06-01T21:12:55Z</time>
   </trkpt>
   <trkpt lat="43.6499210" lon="-79.4049860">
    <ele>98.2</ele>
    <time>2020-06-01T21:12:56Z</time>
   </trkpt>
   <trkpt lat="43.6498710" lon="-79.4049750">
    <ele>98.1</ele>
    <time>2020-06-01T21:12:57Z</time>
   </trkpt>
   <trkpt lat="43.6498410" lon="-79.4049630">
    <ele>98.1</ele>
    <time>2020-06-01T21:12:58Z</time>
   </trkpt>
   <trkpt lat="43.6498140" lon="-79.4049570">
    <ele>98.0</ele>
    <time>2020-06-01T21:12:59Z</time>
   </trkpt>
   <trkpt lat="43.6497780" lon="-79.4049540">
    <ele>98.0</ele>
    <time>2020-06-01T21:13:00Z</time>
   </trkpt>
   <trkpt lat="43.6497660" lon="-79.4049520">
    <ele>98.0</ele>
    <time>2020-06-01T21:13:01Z</time>
   </trkpt>
   <trkpt lat="43.6497310" lon="-79.4049320">
    <ele>97.9</ele>
    <time>2020-06-01T21:13:02Z</time>
   </trkpt>
   <trkpt lat="43.6497000" lon="-79.4049110">
    <ele>97.8</ele>
    <time>2020-06-01T21:13:03Z</time>
   </trkpt>
   <trkpt lat="43.6496690" lon="-79.4048910">
    <ele>97.8</ele>
    <time>2020-06-01T21:13:04Z</time>
   </trkpt>
   <trkpt lat="43.6496400" lon="-79.4048690">
    <ele>97.7</ele>
    <time>2020-06-01T21:13:05Z</time>
   </trkpt>
   <trkpt lat="43.6495970" lon="-79.4048390">
    <ele>97.6</ele>
    <time>2020-06-01T21:13:06Z</time>
   </trkpt>
   <trkpt lat="43.6495770" lon="-79.4048290">
    <ele>97.6</ele>
    <time>2020-06-01T21:13:07Z</time>
   </trkpt>
   <trkpt lat="43.6495490" lon="-79.4048080">
    <ele>97.5</ele>
    <time>2020-06-01T21:13:08Z</time>
   </trkpt>
   <trkpt lat="43.6495210" lon="-79.4047890">
    <ele>97.5</ele>
    <time>2020-06-01T21:13:09Z</time>
   </trkpt>
   <trkpt lat="43.6494810" lon="-79.4047970">
    <ele>97.4</ele>
    <time>2020-06-01T21:13:10Z</time>
   </trkpt>
   <trkpt lat="43.6494470" lon="-79.4048010">
    <ele>97.3</ele>
    <time>2020-06-01T21:13:11Z</time>
   </trkpt>
   <trkpt lat="43.6494130" lon="-79.4047970">
    <ele>97.3</ele>
    <time>2020-06-01T21:13:12Z</time>
   </trkpt>
   <trkpt lat="43.6493640" lon="-79.4047730">
    <ele>97.2</ele>
    <time>2020-06-01T21:13:13Z</time>
   </trkpt>
   <trkpt lat="43.6493210" lon="-79.4047550">
    <ele>97.1</ele>
    <time>2020-06-01T21:13:14Z</time>
   </trkpt>
   <trkpt lat="43.6492880" lon="-79.4047460">
    <ele>97.0</ele>
    <time>2020-06-01T21:13:15Z</time>
   </trkpt>
   <trkpt lat="43.6492520" lon="-79.4047450">
    <ele>96.9</ele>
    <time>2020-06-01T21:13:16Z</time>
   </trkpt>
   <trkpt lat="43.6492380" lon="-79.4047460">
    <ele>96.9</ele>
    <time>2020-06-01T21:13:17Z</time>
   </trkpt>
   <trkpt lat="43.6492030" lon="-79.4047480">
    <ele>96.8</ele>
    <time>2020-06-01T21:13:18Z</time>
   </trkpt>
   <trkpt lat="43.6491930" lon="-79.4047440">
    <ele>96.8</ele>
    <time>2020-06-01T21:13:19Z</time>
   </trkpt>
   <trkpt lat="43.6491610" lon="-79.4047420">
    <ele>96.7</ele>
    <time>2020-06-01T21:13:20Z</time>
   </trkpt>
   <trkpt lat="43.6491340" lon="-79.4047360">
    <ele>96.7</ele>
    <time>2020-06-01T21:13:21Z</time>
   </trkpt>
   <trkpt lat="43.6490960" lon="-79.4047290">
    <ele>96.6</ele>
    <time>2020-06-01T21:13:22Z</time>
   </trkpt>
   <trkpt lat="43.6490800" lon="-79.4047230">
    <ele>96.6</ele>
    <time>2020-06-01T21:13:23Z</time>
   </trkpt>
   <trkpt lat="43.6490480" lon="-79.4047270">
    <ele>96.5</ele>
    <time>2020-06-01T21:13:24Z</time>
   </trkpt>
   <trkpt lat="43.6490090" lon="-79.4047350">
    <ele>96.4</ele>
    <time>2020-06-01T21:13:25Z</time>
   </trkpt>
   <trkpt lat="43.6489770" lon="-79.4047480">
    <ele>96.1</ele>
    <time>2020-06-01T21:13:26Z</time>
   </trkpt>
   <trkpt lat="43.6489490" lon="-79.4047600">
    <ele>96.1</ele>
    <time>2020-06-01T21:13:27Z</time>
   </trkpt>
   <trkpt lat="43.6489370" lon="-79.4047720">
    <ele>96.1</ele>
    <time>2020-06-01T21:13:28Z</time>
   </trkpt>
   <trkpt lat="43.6489280" lon="-79.4047860">
    <ele>96.1</ele>
    <time>2020-06-01T21:13:29Z</time>
   </trkpt>
   <trkpt lat="43.6489110" lon="-79.4048000">
    <ele>96.0</ele>
    <time>2020-06-01T21:13:30Z</time>
   </trkpt>
   <trkpt lat="43.6489000" lon="-79.4048020">
    <ele>96.0</ele>
    <time>2020-06-01T21:13:31Z</time>
   </trkpt>
   <trkpt lat="43.6488760" lon="-79.4048010">
    <ele>96.0</ele>
    <time>2020-06-01T21:13:32Z</time>
   </trkpt>
   <trkpt lat="43.6488390" lon="-79.4047800">
    <ele>95.9</ele>
    <time>2020-06-01T21:13:33Z</time>
   </trkpt>
   <trkpt lat="43.6488250" lon="-79.4047730">
    <ele>95.8</ele>
    <time>2020-06-01T21:13:34Z</time>
   </trkpt>
   <trkpt lat="43.6487820" lon="-79.4047560">
    <ele>95.4</ele>
    <time>2020-06-01T21:13:35Z</time>
   </trkpt>
   <trkpt lat="43.6487650" lon="-79.4047490">
    <ele>95.3</ele>
    <time>2020-06-01T21:13:36Z</time>
   </trkpt>
   <trkpt lat="43.6487280" lon="-79.4047330">
    <ele>95.2</ele>
    <time>2020-06-01T21:13:37Z</time>
   </trkpt>
   <trkpt lat="43.6486970" lon="-79.4047070">
    <ele>95.2</ele>
    <time>2020-06-01T21:13:38Z</time>
   </trkpt>
   <trkpt lat="43.6486650" lon="-79.4046970">
    <ele>95.1</ele>
    <time>2020-06-01T21:13:39Z</time>
   </trkpt>
   <trkpt lat="43.6486500" lon="-79.4046940">
    <ele>95.1</ele>
    <time>2020-06-01T21:13:40Z</time>
   </trkpt>
   <trkpt lat="43.6486160" lon="-79.4046800">
    <ele>95.0</ele>
    <time>2020-06-01T21:13:41Z</time>
   </trkpt>
   <trkpt lat="43.6485910" lon="-79.4046620">
    <ele>94.9</ele>
    <time>2020-06-01T21:13:42Z</time>
   </trkpt>
   <trkpt lat="43.6485650" lon="-79.4046350">
    <ele>94.8</ele>
    <time>2020-06-01T21:13:43Z</time>
   </trkpt>
   <trkpt lat="43.6485350" lon="-79.4046070">
    <ele>94.7</ele>
    <time>2020-06-01T21:13:44Z</time>
   </trkpt>
   <trkpt lat="43.6484890" lon="-79.4045860">
    <ele>94.6</ele>
    <time>2020-06-01T21:13:46Z</time>
   </trkpt>
   <trkpt lat="43.6484730" lon="-79.4045820">
    <ele>94.5</ele>
    <time>2020-06-01T21:13:47Z</time>
   </trkpt>
   <trkpt lat="43.6484570" lon="-79.4045780">
    <ele>94.5</ele>
    <time>2020-06-01T21:13:48Z</time>
   </trkpt>
   <trkpt lat="43.6484190" lon="-79.4045650">
    <ele>94.4</ele>
    <time>2020-06-01T21:13:49Z</time>
   </trkpt>
   <trkpt lat="43.6484040" lon="-79.4045610">
    <ele>94.4</ele>
    <time>2020-06-01T21:13:50Z</time>
   </trkpt>
   <trkpt lat="43.6483670" lon="-79.4045440">
    <ele>94.3</ele>
    <time>2020-06-01T21:13:51Z</time>
   </trkpt>
   <trkpt lat="43.6483540" lon="-79.4045340">
    <ele>94.2</ele>
    <time>2020-06-01T21:13:52Z</time>
   </trkpt>
   <trkpt lat="43.6483250" lon="-79.4045240">
    <ele>94.2</ele>
    <time>2020-06-01T21:13:53Z</time>
   </trkpt>
   <trkpt lat="43.6482870" lon="-79.4045140">
    <ele>94.1</ele>
    <time>2020-06-01T21:13:54Z</time>
   </trkpt>
   <trkpt lat="43.6482760" lon="-79.4045080">
    <ele>94.1</ele>
    <time>2020-06-01T21:13:55Z</time>
   </trkpt>
   <trkpt lat="43.6482410" lon="-79.4044820">
    <ele>94.0</ele>
    <time>2020-06-01T21:13:56Z</time>
   </trkpt>
   <trkpt lat="43.6482280" lon="-79.4044740">
    <ele>94.0</ele>
    <time>2020-06-01T21:13:57Z</time>
   </trkpt>
   <trkpt lat="43.6481980" lon="-79.4044390">
    <ele>93.9</ele>
    <time>2020-06-01T21:13:58Z</time>
   </trkpt>
   <trkpt lat="43.6481660" lon="-79.4044090">
    <ele>93.8</ele>
    <time>2020-06-01T21:13:59Z</time>
   </trkpt>
   <trkpt lat="43.6481390" lon="-79.4043950">
    <ele>93.8</ele>
    <time>2020-06-01T21:14:00Z</time>
   </trkpt>
   <trkpt lat="43.6481090" lon="-79.4043870">
    <ele>93.7</ele>
    <time>2020-06-01T21:14:01Z</time>
   </trkpt>
   <trkpt lat="43.6480750" lon="-79.4043810">
    <ele>93.6</ele>
    <time>2020-06-01T21:14:02Z</time>
   </trkpt>
   <trkpt lat="43.6480380" lon="-79.4043690">
    <ele>93.5</ele>
    <time>2020-06-01T21:14:03Z</time>
   </trkpt>
   <trkpt lat="43.6480260" lon="-79.4043630">
    <ele>93.5</ele>
    <time>2020-06-01T21:14:04Z</time>
   </trkpt>
   <trkpt lat="43.6479930" lon="-79.4043520">
    <ele>93.4</ele>
    <time>2020-06-01T21:14:05Z</time>
   </trkpt>
   <trkpt lat="43.6479790" lon="-79.4043490">
    <ele>93.3</ele>
    <time>2020-06-01T21:14:06Z</time>
   </trkpt>
   <trkpt lat="43.6479460" lon="-79.4043500">
    <ele>93.3</ele>
    <time>2020-06-01T21:14:07Z</time>
   </trkpt>
   <trkpt lat="43.6479170" lon="-79.4043420">
    <ele>93.2</ele>
    <time>2020-06-01T21:14:08Z</time>
   </trkpt>
   <trkpt lat="43.6478850" lon="-79.4043220">
    <ele>93.2</ele>
    <time>2020-06-01T21:14:09Z</time>
   </trkpt>
   <trkpt lat="43.6478750" lon="-79.4043140">
    <ele>93.2</ele>
    <time>2020-06-01T21:14:10Z</time>
   </trkpt>
   <trkpt lat="43.6478490" lon="-79.4042960">
    <ele>93.1</ele>
    <time>2020-06-01T21:14:11Z</time>
   </trkpt>
   <trkpt lat="43.6478240" lon="-79.4042700">
    <ele>93.1</ele>
    <time>2020-06-01T21:14:12Z</time>
   </trkpt>
   <trkpt lat="43.6477760" lon="-79.4042760">
    <ele>93.0</ele>
    <time>2020-06-01T21:14:13Z</time>
   </trkpt>
   <trkpt lat="43.6477400" lon="-79.4042660">
    <ele>92.9</ele>
    <time>2020-06-01T21:14:14Z</time>
   </trkpt>
   <trkpt lat="43.6477300" lon="-79.4042580">
    <ele>92.9</ele>
    <time>2020-06-01T21:14:15Z</time>
   </trkpt>
   <trkpt lat="43.6477050" lon="-79.4042340">
    <ele>92.8</ele>
    <time>2020-06-01T21:14:16Z</time>
   </trkpt>
   <trkpt lat="43.6476810" lon="-79.4042120">
    <ele>92.7</ele>
    <time>2020-06-01T21:14:17Z</time>
   </trkpt>
   <trkpt lat="43.6476460" lon="-79.4041870">
    <ele>92.6</ele>
    <time>2020-06-01T21:14:18Z</time>
   </trkpt>
   <trkpt lat="43.6476320" lon="-79.4041820">
    <ele>92.6</ele>
    <time>2020-06-01T21:14:19Z</time>
   </trkpt>
   <trkpt lat="43.6476010" lon="-79.4041780">
    <ele>92.6</ele>
    <time>2020-06-01T21:14:20Z</time>
   </trkpt>
   <trkpt lat="43.6475720" lon="-79.4041610">
    <ele>92.5</ele>
    <time>2020-06-01T21:14:21Z</time>
   </trkpt>
   <trkpt lat="43.6475440" lon="-79.4041410">
    <ele>92.5</ele>
    <time>2020-06-01T21:14:22Z</time>
   </trkpt>
   <trkpt lat="43.6475200" lon="-79.4041240">
    <ele>92.5</ele>
    <time>2020-06-01T21:14:23Z</time>
   </trkpt>
   <trkpt lat="43.6474850" lon="-79.4040930">
    <ele>92.5</ele>
    <time>2020-06-01T21:14:24Z</time>
   </trkpt>
   <trkpt lat="43.6474720" lon="-79.4040820">
    <ele>92.5</ele>
    <time>2020-06-01T21:14:25Z</time>
   </trkpt>
   <trkpt lat="43.6474340" lon="-79.4040710">
    <ele>92.4</ele>
    <time>2020-06-01T21:14:26Z</time>
   </trkpt>
   <trkpt lat="43.6474220" lon="-79.4040700">
    <ele>92.4</ele>
    <time>2020-06-01T21:14:27Z</time>
   </trkpt>
   <trkpt lat="43.6473910" lon="-79.4040850">
    <ele>92.4</ele>
    <time>2020-06-01T21:14:28Z</time>
   </trkpt>
   <trkpt lat="43.6473810" lon="-79.4040910">
    <ele>92.4</ele>
    <time>2020-06-01T21:14:29Z</time>
   </trkpt>
   <trkpt lat="43.6473530" lon="-79.4041220">
    <ele>92.4</ele>
    <time>2020-06-01T21:14:30Z</time>
   </trkpt>
   <trkpt lat="43.6473250" lon="-79.4041440">
    <ele>92.4</ele>
    <time>2020-06-01T21:14:31Z</time>
   </trkpt>
   <trkpt lat="43.6473150" lon="-79.4041420">
    <ele>92.4</ele>
    <time>2020-06-01T21:14:32Z</time>
   </trkpt>
   <trkpt lat="43.6473070" lon="-79.4041460">
    <ele>92.3</ele>
    <time>2020-06-01T21:14:33Z</time>
   </trkpt>
   <trkpt lat="43.6473030" lon="-79.4041470">
    <ele>92.3</ele>
    <time>2020-06-01T21:14:34Z</time>
   </trkpt>
   <trkpt lat="43.6473000" lon="-79.4041470">
    <ele>92.3</ele>
    <time>2020-06-01T21:14:35Z</time>
   </trkpt>
   <trkpt lat="43.6472980" lon="-79.4041480">
    <ele>92.3</ele>
    <time>2020-06-01T21:14:36Z</time>
   </trkpt>
   <trkpt lat="43.6472970" lon="-79.4041470">
    <ele>92.3</ele>
    <time>2020-06-01T21:14:37Z</time>
   </trkpt>
   <trkpt lat="43.6472970" lon="-79.4041490">
    <ele>92.3</ele>
    <time>2020-06-01T21:14:38Z</time>
   </trkpt>
   <trkpt lat="43.6472960" lon="-79.4041510">
    <ele>92.3</ele>
    <time>2020-06-01T21:14:39Z</time>
   </trkpt>
   <trkpt lat="43.6472960" lon="-79.4041510">
    <ele>92.3</ele>
    <time>2020-06-01T21:14:40Z</time>
   </trkpt>
   <trkpt lat="43.6472970" lon="-79.4041520">
    <ele>92.3</ele>
    <time>2020-06-01T21:14:41Z</time>
   </trkpt>
   <trkpt lat="43.6472970" lon="-79.4041520">
    <ele>92.3</ele>
    <time>2020-06-01T21:14:42Z</time>
   </trkpt>
   <trkpt lat="43.6472970" lon="-79.4041510">
    <ele>92.3</ele>
    <time>2020-06-01T21:14:43Z</time>
   </trkpt>
   <trkpt lat="43.6472970" lon="-79.4041510">
    <ele>92.3</ele>
    <time>2020-06-01T21:14:44Z</time>
   </trkpt>
   <trkpt lat="43.6472970" lon="-79.4041510">
    <ele>92.3</ele>
    <time>2020-06-01T21:14:45Z</time>
   </trkpt>
   <trkpt lat="43.6472960" lon="-79.4041500">
    <ele>92.3</ele>
    <time>2020-06-01T21:14:46Z</time>
   </trkpt>
   <trkpt lat="43.6472960" lon="-79.4041520">
    <ele>92.3</ele>
    <time>2020-06-01T21:14:47Z</time>
   </trkpt>
   <trkpt lat="43.6472950" lon="-79.4041520">
    <ele>92.3</ele>
    <time>2020-06-01T21:14:48Z</time>
   </trkpt>
   <trkpt lat="43.6472940" lon="-79.4041540">
    <ele>92.3</ele>
    <time>2020-06-01T21:14:49Z</time>
   </trkpt>
   <trkpt lat="43.6472930" lon="-79.4041550">
    <ele>92.3</ele>
    <time>2020-06-01T21:14:50Z</time>
   </trkpt>
   <trkpt lat="43.6472920" lon="-79.4041560">
    <ele>92.3</ele>
    <time>2020-06-01T21:14:51Z</time>
   </trkpt>
   <trkpt lat="43.6472920" lon="-79.4041560">
    <ele>92.3</ele>
    <time>2020-06-01T21:14:52Z</time>
   </trkpt>
   <trkpt lat="43.6472910" lon="-79.4041570">
    <ele>92.3</ele>
    <time>2020-06-01T21:14:53Z</time>
   </trkpt>
   <trkpt lat="43.6472910" lon="-79.4041570">
    <ele>92.3</ele>
    <time>2020-06-01T21:14:54Z</time>
   </trkpt>
   <trkpt lat="43.6472920" lon="-79.4041570">
    <ele>92.3</ele>
    <time>2020-06-01T21:14:55Z</time>
   </trkpt>
   <trkpt lat="43.6472910" lon="-79.4041580">
    <ele>92.3</ele>
    <time>2020-06-01T21:14:56Z</time>
   </trkpt>
   <trkpt lat="43.6472910" lon="-79.4041580">
    <ele>92.3</ele>
    <time>2020-06-01T21:14:57Z</time>
   </trkpt>
   <trkpt lat="43.6472910" lon="-79.4041580">
    <ele>92.3</ele>
    <time>2020-06-01T21:14:58Z</time>
   </trkpt>
   <trkpt lat="43.6472900" lon="-79.4041580">
    <ele>92.3</ele>
    <time>2020-06-01T21:14:59Z</time>
   </trkpt>
   <trkpt lat="43.6472900" lon="-79.4041580">
    <ele>92.3</ele>
    <time>2020-06-01T21:15:00Z</time>
   </trkpt>
   <trkpt lat="43.6472900" lon="-79.4041590">
    <ele>92.3</ele>
    <time>2020-06-01T21:15:01Z</time>
   </trkpt>
   <trkpt lat="43.6472900" lon="-79.4041600">
    <ele>92.3</ele>
    <time>2020-06-01T21:15:02Z</time>
   </trkpt>
   <trkpt lat="43.6472900" lon="-79.4041600">
    <ele>92.3</ele>
    <time>2020-06-01T21:15:03Z</time>
   </trkpt>
   <trkpt lat="43.6472890" lon="-79.4041590">
    <ele>92.3</ele>
    <time>2020-06-01T21:15:04Z</time>
   </trkpt>
   <trkpt lat="43.6472890" lon="-79.4041580">
    <ele>92.3</ele>
    <time>2020-06-01T21:15:05Z</time>
   </trkpt>
   <trkpt lat="43.6472890" lon="-79.4041570">
    <ele>92.3</ele>
    <time>2020-06-01T21:15:06Z</time>
   </trkpt>
   <trkpt lat="43.6472880" lon="-79.4041570">
    <ele>92.3</ele>
    <time>2020-06-01T21:15:07Z</time>
   </trkpt>
   <trkpt lat="43.6472890" lon="-79.4041550">
    <ele>92.3</ele>
    <time>2020-06-01T21:15:08Z</time>
   </trkpt>
   <trkpt lat="43.6472890" lon="-79.4041550">
    <ele>92.3</ele>
    <time>2020-06-01T21:15:09Z</time>
   </trkpt>
   <trkpt lat="43.6472890" lon="-79.4041550">
    <ele>92.3</ele>
    <time>2020-06-01T21:15:10Z</time>
   </trkpt>
   <trkpt lat="43.6472880" lon="-79.4041540">
    <ele>92.3</ele>
    <time>2020-06-01T21:15:11Z</time>
   </trkpt>
   <trkpt lat="43.6472880" lon="-79.4041530">
    <ele>92.3</ele>
    <time>2020-06-01T21:15:12Z</time>
   </trkpt>
   <trkpt lat="43.6472880" lon="-79.4041520">
    <ele>92.3</ele>
    <time>2020-06-01T21:15:13Z</time>
   </trkpt>
   <trkpt lat="43.6472870" lon="-79.4041520">
    <ele>92.3</ele>
    <time>2020-06-01T21:15:14Z</time>
   </trkpt>
   <trkpt lat="43.6472870" lon="-79.4041500">
    <ele>92.3</ele>
    <time>2020-06-01T21:15:15Z</time>
   </trkpt>
   <trkpt lat="43.6472840" lon="-79.4041490">
    <ele>92.3</ele>
    <time>2020-06-01T21:15:16Z</time>
   </trkpt>
   <trkpt lat="43.6472850" lon="-79.4041380">
    <ele>92.3</ele>
    <time>2020-06-01T21:15:17Z</time>
   </trkpt>
   <trkpt lat="43.6472640" lon="-79.4041400">
    <ele>92.1</ele>
    <time>2020-06-01T21:15:18Z</time>
   </trkpt>
   <trkpt lat="43.6472460" lon="-79.4041360">
    <ele>92.1</ele>
    <time>2020-06-01T21:15:19Z</time>
   </trkpt>
   <trkpt lat="43.6472280" lon="-79.4041330">
    <ele>92.1</ele>
    <time>2020-06-01T21:15:20Z</time>
   </trkpt>
   <trkpt lat="43.6472010" lon="-79.4041110">
    <ele>92.1</ele>
    <time>2020-06-01T21:15:21Z</time>
   </trkpt>
   <trkpt lat="43.6471730" lon="-79.4040940">
    <ele>92.1</ele>
    <time>2020-06-01T21:15:22Z</time>
   </trkpt>
   <trkpt lat="43.6471310" lon="-79.4040710">
    <ele>92.1</ele>
    <time>2020-06-01T21:15:23Z</time>
   </trkpt>
   <trkpt lat="43.6471130" lon="-79.4040610">
    <ele>92.1</ele>
    <time>2020-06-01T21:15:24Z</time>
   </trkpt>
   <trkpt lat="43.6470820" lon="-79.4040430">
    <ele>91.9</ele>
    <time>2020-06-01T21:15:25Z</time>
   </trkpt>
   <trkpt lat="43.6470480" lon="-79.4040190">
    <ele>91.9</ele>
    <time>2020-06-01T21:15:26Z</time>
   </trkpt>
   <trkpt lat="43.6470370" lon="-79.4040120">
    <ele>91.9</ele>
    <time>2020-06-01T21:15:27Z</time>
   </trkpt>
   <trkpt lat="43.6469990" lon="-79.4039890">
    <ele>91.9</ele>
    <time>2020-06-01T21:15:28Z</time>
   </trkpt>
   <trkpt lat="43.6469850" lon="-79.4039810">
    <ele>91.9</ele>
    <time>2020-06-01T21:15:29Z</time>
   </trkpt>
   <trkpt lat="43.6469500" lon="-79.4039670">
    <ele>91.8</ele>
    <time>2020-06-01T21:15:30Z</time>
   </trkpt>
   <trkpt lat="43.6469380" lon="-79.4039610">
    <ele>91.8</ele>
    <time>2020-06-01T21:15:31Z</time>
   </trkpt>
   <trkpt lat="43.6469020" lon="-79.4039440">
    <ele>91.8</ele>
    <time>2020-06-01T21:15:32Z</time>
   </trkpt>
   <trkpt lat="43.6468860" lon="-79.4039380">
    <ele>91.8</ele>
    <time>2020-06-01T21:15:33Z</time>
   </trkpt>
   <trkpt lat="43.6468530" lon="-79.4039150">
    <ele>91.8</ele>
    <time>2020-06-01T21:15:34Z</time>
   </trkpt>
   <trkpt lat="43.6468440" lon="-79.4039070">
    <ele>91.8</ele>
    <time>2020-06-01T21:15:35Z</time>
   </trkpt>
   <trkpt lat="43.6468170" lon="-79.4038960">
    <ele>91.8</ele>
    <time>2020-06-01T21:15:36Z</time>
   </trkpt>
   <trkpt lat="43.6467780" lon="-79.4038820">
    <ele>91.7</ele>
    <time>2020-06-01T21:15:37Z</time>
   </trkpt>
   <trkpt lat="43.6467640" lon="-79.4038770">
    <ele>91.7</ele>
    <time>2020-06-01T21:15:38Z</time>
   </trkpt>
   <trkpt lat="43.6467330" lon="-79.4038690">
    <ele>91.6</ele>
    <time>2020-06-01T21:15:39Z</time>
   </trkpt>
   <trkpt lat="43.6466980" lon="-79.4038660">
    <ele>91.5</ele>
    <time>2020-06-01T21:15:40Z</time>
   </trkpt>
   <trkpt lat="43.6466590" lon="-79.4038840">
    <ele>91.5</ele>
    <time>2020-06-01T21:15:41Z</time>
   </trkpt>
   <trkpt lat="43.6466170" lon="-79.4038990">
    <ele>91.4</ele>
    <time>2020-06-01T21:15:42Z</time>
   </trkpt>
   <trkpt lat="43.6465920" lon="-79.4039130">
    <ele>91.3</ele>
    <time>2020-06-01T21:15:43Z</time>
   </trkpt>
   <trkpt lat="43.6465730" lon="-79.4039080">
    <ele>91.3</ele>
    <time>2020-06-01T21:15:44Z</time>
   </trkpt>
   <trkpt lat="43.6465690" lon="-79.4039090">
    <ele>91.3</ele>
    <time>2020-06-01T21:15:45Z</time>
   </trkpt>
   <trkpt lat="43.6465620" lon="-79.4039080">
    <ele>91.3</ele>
    <time>2020-06-01T21:15:46Z</time>
   </trkpt>
   <trkpt lat="43.6465590" lon="-79.4039100">
    <ele>91.3</ele>
    <time>2020-06-01T21:15:47Z</time>
   </trkpt>
   <trkpt lat="43.6465560" lon="-79.4039110">
    <ele>91.3</ele>
    <time>2020-06-01T21:15:48Z</time>
   </trkpt>
   <trkpt lat="43.6465470" lon="-79.4039130">
    <ele>91.3</ele>
    <time>2020-06-01T21:15:49Z</time>
   </trkpt>
   <trkpt lat="43.6465280" lon="-79.4039060">
    <ele>91.2</ele>
    <time>2020-06-01T21:15:50Z</time>
   </trkpt>
   <trkpt lat="43.6464980" lon="-79.4038910">
    <ele>91.0</ele>
    <time>2020-06-01T21:15:51Z</time>
   </trkpt>
   <trkpt lat="43.6464650" lon="-79.4038860">
    <ele>90.9</ele>
    <time>2020-06-01T21:15:52Z</time>
   </trkpt>
   <trkpt lat="43.6464310" lon="-79.4038790">
    <ele>90.9</ele>
    <time>2020-06-01T21:15:53Z</time>
   </trkpt>
   <trkpt lat="43.6464200" lon="-79.4038760">
    <ele>90.8</ele>
    <time>2020-06-01T21:15:54Z</time>
   </trkpt>
   <trkpt lat="43.6463850" lon="-79.4038630">
    <ele>90.7</ele>
    <time>2020-06-01T21:15:55Z</time>
   </trkpt>
   <trkpt lat="43.6463410" lon="-79.4038450">
    <ele>90.7</ele>
    <time>2020-06-01T21:15:56Z</time>
   </trkpt>
   <trkpt lat="43.6463020" lon="-79.4038350">
    <ele>90.7</ele>
    <time>2020-06-01T21:15:57Z</time>
   </trkpt>
   <trkpt lat="43.6462720" lon="-79.4038220">
    <ele>90.7</ele>
    <time>2020-06-01T21:15:58Z</time>
   </trkpt>
   <trkpt lat="43.6462430" lon="-79.4038100">
    <ele>90.7</ele>
    <time>2020-06-01T21:15:59Z</time>
   </trkpt>
   <trkpt lat="43.6462050" lon="-79.4037890">
    <ele>90.6</ele>
    <time>2020-06-01T21:16:00Z</time>
   </trkpt>
   <trkpt lat="43.6461920" lon="-79.4037780">
    <ele>90.6</ele>
    <time>2020-06-01T21:16:01Z</time>
   </trkpt>
   <trkpt lat="43.6461640" lon="-79.4037620">
    <ele>90.6</ele>
    <time>2020-06-01T21:16:02Z</time>
   </trkpt>
   <trkpt lat="43.6461380" lon="-79.4037440">
    <ele>90.6</ele>
    <time>2020-06-01T21:16:03Z</time>
   </trkpt>
   <trkpt lat="43.6461100" lon="-79.4037260">
    <ele>90.5</ele>
    <time>2020-06-01T21:16:04Z</time>
   </trkpt>
   <trkpt lat="43.6460750" lon="-79.4037020">
    <ele>90.5</ele>
    <time>2020-06-01T21:16:05Z</time>
   </trkpt>
   <trkpt lat="43.6460600" lon="-79.4036940">
    <ele>90.4</ele>
    <time>2020-06-01T21:16:06Z</time>
   </trkpt>
   <trkpt lat="43.6460250" lon="-79.4036710">
    <ele>90.4</ele>
    <time>2020-06-01T21:16:07Z</time>
   </trkpt>
   <trkpt lat="43.6460120" lon="-79.4036620">
    <ele>90.4</ele>
    <time>2020-06-01T21:16:08Z</time>
   </trkpt>
   <trkpt lat="43.6459810" lon="-79.4036440">
    <ele>90.3</ele>
    <time>2020-06-01T21:16:09Z</time>
   </trkpt>
   <trkpt lat="43.6459670" lon="-79.4036360">
    <ele>90.3</ele>
    <time>2020-06-01T21:16:10Z</time>
   </trkpt>
   <trkpt lat="43.6459400" lon="-79.4036110">
    <ele>90.2</ele>
    <time>2020-06-01T21:16:11Z</time>
   </trkpt>
   <trkpt lat="43.6459290" lon="-79.4036070">
    <ele>90.2</ele>
    <time>2020-06-01T21:16:12Z</time>
   </trkpt>
   <trkpt lat="43.6459010" lon="-79.4035970">
    <ele>90.2</ele>
    <time>2020-06-01T21:16:13Z</time>
   </trkpt>
   <trkpt lat="43.6458920" lon="-79.4035970">
    <ele>90.2</ele>
    <time>2020-06-01T21:16:14Z</time>
   </trkpt>
   <trkpt lat="43.6458600" lon="-79.4035940">
    <ele>90.1</ele>
    <time>2020-06-01T21:16:15Z</time>
   </trkpt>
   <trkpt lat="43.6458470" lon="-79.4035910">
    <ele>90.1</ele>
    <time>2020-06-01T21:16:16Z</time>
   </trkpt>
   <trkpt lat="43.6458070" lon="-79.4035930">
    <ele>90.0</ele>
    <time>2020-06-01T21:16:17Z</time>
   </trkpt>
   <trkpt lat="43.6457910" lon="-79.4035920">
    <ele>90.0</ele>
    <time>2020-06-01T21:16:18Z</time>
   </trkpt>
   <trkpt lat="43.6457590" lon="-79.4035970">
    <ele>90.0</ele>
    <time>2020-06-01T21:16:19Z</time>
   </trkpt>
   <trkpt lat="43.6457170" lon="-79.4036260">
    <ele>89.9</ele>
    <time>2020-06-01T21:16:20Z</time>
   </trkpt>
   <trkpt lat="43.6456700" lon="-79.4036220">
    <ele>89.9</ele>
    <time>2020-06-01T21:16:21Z</time>
   </trkpt>
   <trkpt lat="43.6456480" lon="-79.4036190">
    <ele>89.9</ele>
    <time>2020-06-01T21:16:22Z</time>
   </trkpt>
   <trkpt lat="43.6456230" lon="-79.4036060">
    <ele>89.9</ele>
    <time>2020-06-01T21:16:23Z</time>
   </trkpt>
   <trkpt lat="43.6455890" lon="-79.4035790">
    <ele>89.9</ele>
    <time>2020-06-01T21:16:24Z</time>
   </trkpt>
   <trkpt lat="43.6455760" lon="-79.4035700">
    <ele>89.9</ele>
    <time>2020-06-01T21:16:25Z</time>
   </trkpt>
   <trkpt lat="43.6455500" lon="-79.4035340">
    <ele>89.9</ele>
    <time>2020-06-01T21:16:26Z</time>
   </trkpt>
   <trkpt lat="43.6455290" lon="-79.4035080">
    <ele>89.8</ele>
    <time>2020-06-01T21:16:27Z</time>
   </trkpt>
   <trkpt lat="43.6455000" lon="-79.4034670">
    <ele>89.8</ele>
    <time>2020-06-01T21:16:28Z</time>
   </trkpt>
   <trkpt lat="43.6454890" lon="-79.4034520">
    <ele>89.8</ele>
    <time>2020-06-01T21:16:29Z</time>
   </trkpt>
   <trkpt lat="43.6454690" lon="-79.4034230">
    <ele>89.7</ele>
    <time>2020-06-01T21:16:30Z</time>
   </trkpt>
   <trkpt lat="43.6454600" lon="-79.4034170">
    <ele>89.7</ele>
    <time>2020-06-01T21:16:31Z</time>
   </trkpt>
   <trkpt lat="43.6454470" lon="-79.4034000">
    <ele>89.7</ele>
    <time>2020-06-01T21:16:32Z</time>
   </trkpt>
   <trkpt lat="43.6454270" lon="-79.4033990">
    <ele>89.6</ele>
    <time>2020-06-01T21:16:33Z</time>
   </trkpt>
   <trkpt lat="43.6453600" lon="-79.4034080">
    <ele>89.5</ele>
    <time>2020-06-01T21:16:34Z</time>
   </trkpt>
   <trkpt lat="43.6453070" lon="-79.4034110">
    <ele>89.4</ele>
    <time>2020-06-01T21:16:35Z</time>
   </trkpt>
   <trkpt lat="43.6452700" lon="-79.4034020">
    <ele>89.3</ele>
    <time>2020-06-01T21:16:36Z</time>
   </trkpt>
   <trkpt lat="43.6452350" lon="-79.4033900">
    <ele>89.2</ele>
    <time>2020-06-01T21:16:37Z</time>
   </trkpt>
   <trkpt lat="43.6451990" lon="-79.4033650">
    <ele>89.1</ele>
    <time>2020-06-01T21:16:38Z</time>
   </trkpt>
   <trkpt lat="43.6451870" lon="-79.4033550">
    <ele>89.1</ele>
    <time>2020-06-01T21:16:39Z</time>
   </trkpt>
   <trkpt lat="43.6451570" lon="-79.4033270">
    <ele>89.0</ele>
    <time>2020-06-01T21:16:40Z</time>
   </trkpt>
   <trkpt lat="43.6451230" lon="-79.4032880">
    <ele>88.9</ele>
    <time>2020-06-01T21:16:41Z</time>
   </trkpt>
   <trkpt lat="43.6450960" lon="-79.4032590">
    <ele>88.8</ele>
    <time>2020-06-01T21:16:42Z</time>
   </trkpt>
   <trkpt lat="43.6450770" lon="-79.4032560">
    <ele>88.8</ele>
    <time>2020-06-01T21:16:43Z</time>
   </trkpt>
   <trkpt lat="43.6450610" lon="-79.4032510">
    <ele>88.8</ele>
    <time>2020-06-01T21:16:44Z</time>
   </trkpt>
   <trkpt lat="43.6450310" lon="-79.4032310">
    <ele>88.7</ele>
    <time>2020-06-01T21:16:45Z</time>
   </trkpt>
   <trkpt lat="43.6450190" lon="-79.4032260">
    <ele>88.7</ele>
    <time>2020-06-01T21:16:46Z</time>
   </trkpt>
   <trkpt lat="43.6449940" lon="-79.4032000">
    <ele>88.6</ele>
    <time>2020-06-01T21:16:47Z</time>
   </trkpt>
   <trkpt lat="43.6449840" lon="-79.4031910">
    <ele>88.6</ele>
    <time>2020-06-01T21:16:48Z</time>
   </trkpt>
   <trkpt lat="43.6449490" lon="-79.4031640">
    <ele>88.5</ele>
    <time>2020-06-01T21:16:49Z</time>
   </trkpt>
   <trkpt lat="43.6449130" lon="-79.4031470">
    <ele>88.4</ele>
    <time>2020-06-01T21:16:50Z</time>
   </trkpt>
   <trkpt lat="43.6448810" lon="-79.4031170">
    <ele>88.3</ele>
    <time>2020-06-01T21:16:51Z</time>
   </trkpt>
   <trkpt lat="43.6448540" lon="-79.4030910">
    <ele>88.8</ele>
    <time>2020-06-01T21:16:52Z</time>
   </trkpt>
   <trkpt lat="43.6448180" lon="-79.4030720">
    <ele>88.7</ele>
    <time>2020-06-01T21:16:53Z</time>
   </trkpt>
   <trkpt lat="43.6447900" lon="-79.4030410">
    <ele>88.7</ele>
    <time>2020-06-01T21:16:54Z</time>
   </trkpt>
   <trkpt lat="43.6447810" lon="-79.4030320">
    <ele>88.7</ele>
    <time>2020-06-01T21:16:55Z</time>
   </trkpt>
   <trkpt lat="43.6447490" lon="-79.4030090">
    <ele>88.7</ele>
    <time>2020-06-01T21:16:56Z</time>
   </trkpt>
   <trkpt lat="43.6447390" lon="-79.4029970">
    <ele>88.7</ele>
    <time>2020-06-01T21:16:57Z</time>
   </trkpt>
   <trkpt lat="43.6447080" lon="-79.4029610">
    <ele>88.6</ele>
    <time>2020-06-01T21:16:58Z</time>
   </trkpt>
   <trkpt lat="43.6446800" lon="-79.4029300">
    <ele>88.6</ele>
    <time>2020-06-01T21:16:59Z</time>
   </trkpt>
   <trkpt lat="43.6446520" lon="-79.4029020">
    <ele>88.6</ele>
    <time>2020-06-01T21:17:00Z</time>
   </trkpt>
   <trkpt lat="43.6446420" lon="-79.4028950">
    <ele>88.6</ele>
    <time>2020-06-01T21:17:01Z</time>
   </trkpt>
   <trkpt lat="43.6446090" lon="-79.4028770">
    <ele>88.5</ele>
    <time>2020-06-01T21:17:02Z</time>
   </trkpt>
   <trkpt lat="43.6445950" lon="-79.4028750">
    <ele>88.5</ele>
    <time>2020-06-01T21:17:03Z</time>
   </trkpt>
   <trkpt lat="43.6445570" lon="-79.4028580">
    <ele>88.5</ele>
    <time>2020-06-01T21:17:04Z</time>
   </trkpt>
   <trkpt lat="43.6445410" lon="-79.4028450">
    <ele>88.5</ele>
    <time>2020-06-01T21:17:05Z</time>
   </trkpt>
   <trkpt lat="43.6445090" lon="-79.4028310">
    <ele>88.4</ele>
    <time>2020-06-01T21:17:06Z</time>
   </trkpt>
   <trkpt lat="43.6444670" lon="-79.4028190">
    <ele>88.3</ele>
    <time>2020-06-01T21:17:07Z</time>
   </trkpt>
   <trkpt lat="43.6444500" lon="-79.4028120">
    <ele>88.3</ele>
    <time>2020-06-01T21:17:08Z</time>
   </trkpt>
   <trkpt lat="43.6444260" lon="-79.4027940">
    <ele>88.3</ele>
    <time>2020-06-01T21:17:09Z</time>
   </trkpt>
   <trkpt lat="43.6443990" lon="-79.4027770">
    <ele>88.2</ele>
    <time>2020-06-01T21:17:10Z</time>
   </trkpt>
   <trkpt lat="43.6443560" lon="-79.4027720">
    <ele>88.2</ele>
    <time>2020-06-01T21:17:11Z</time>
   </trkpt>
   <trkpt lat="43.6443160" lon="-79.4027740">
    <ele>88.1</ele>
    <time>2020-06-01T21:17:12Z</time>
   </trkpt>
   <trkpt lat="43.6442510" lon="-79.4028020">
    <ele>88.0</ele>
    <time>2020-06-01T21:17:13Z</time>
   </trkpt>
   <trkpt lat="43.6441820" lon="-79.4028370">
    <ele>87.9</ele>
    <time>2020-06-01T21:17:14Z</time>
   </trkpt>
   <trkpt lat="43.6441390" lon="-79.4028530">
    <ele>87.8</ele>
    <time>2020-06-01T21:17:15Z</time>
   </trkpt>
   <trkpt lat="43.6441010" lon="-79.4028510">
    <ele>87.7</ele>
    <time>2020-06-01T21:17:16Z</time>
   </trkpt>
   <trkpt lat="43.6440860" lon="-79.4028520">
    <ele>87.7</ele>
    <time>2020-06-01T21:17:17Z</time>
   </trkpt>
   <trkpt lat="43.6440580" lon="-79.4028640">
    <ele>87.7</ele>
    <time>2020-06-01T21:17:18Z</time>
   </trkpt>
   <trkpt lat="43.6440240" lon="-79.4028650">
    <ele>87.6</ele>
    <time>2020-06-01T21:17:19Z</time>
   </trkpt>
   <trkpt lat="43.6440130" lon="-79.4028600">
    <ele>87.6</ele>
    <time>2020-06-01T21:17:20Z</time>
   </trkpt>
   <trkpt lat="43.6439860" lon="-79.4028570">
    <ele>87.6</ele>
    <time>2020-06-01T21:17:21Z</time>
   </trkpt>
   <trkpt lat="43.6439540" lon="-79.4028490">
    <ele>87.6</ele>
    <time>2020-06-01T21:17:22Z</time>
   </trkpt>
   <trkpt lat="43.6439250" lon="-79.4028390">
    <ele>87.6</ele>
    <time>2020-06-01T21:17:23Z</time>
   </trkpt>
   <trkpt lat="43.6439180" lon="-79.4028380">
    <ele>87.5</ele>
    <time>2020-06-01T21:17:24Z</time>
   </trkpt>
   <trkpt lat="43.6438840" lon="-79.4028150">
    <ele>87.5</ele>
    <time>2020-06-01T21:17:25Z</time>
   </trkpt>
   <trkpt lat="43.6438710" lon="-79.4028060">
    <ele>87.5</ele>
    <time>2020-06-01T21:17:26Z</time>
   </trkpt>
   <trkpt lat="43.6438410" lon="-79.4027710">
    <ele>87.5</ele>
    <time>2020-06-01T21:17:27Z</time>
   </trkpt>
   <trkpt lat="43.6438210" lon="-79.4027420">
    <ele>87.5</ele>
    <time>2020-06-01T21:17:28Z</time>
   </trkpt>
   <trkpt lat="43.6437990" lon="-79.4027160">
    <ele>87.5</ele>
    <time>2020-06-01T21:17:29Z</time>
   </trkpt>
   <trkpt lat="43.6437910" lon="-79.4027080">
    <ele>87.5</ele>
    <time>2020-06-01T21:17:30Z</time>
   </trkpt>
   <trkpt lat="43.6437580" lon="-79.4026730">
    <ele>87.5</ele>
    <time>2020-06-01T21:17:31Z</time>
   </trkpt>
   <trkpt lat="43.6437440" lon="-79.4026620">
    <ele>87.5</ele>
    <time>2020-06-01T21:17:32Z</time>
   </trkpt>
   <trkpt lat="43.6437180" lon="-79.4026520">
    <ele>87.4</ele>
    <time>2020-06-01T21:17:33Z</time>
   </trkpt>
   <trkpt lat="43.6436850" lon="-79.4026330">
    <ele>87.4</ele>
    <time>2020-06-01T21:17:34Z</time>
   </trkpt>
   <trkpt lat="43.6436750" lon="-79.4026290">
    <ele>87.4</ele>
    <time>2020-06-01T21:17:35Z</time>
   </trkpt>
   <trkpt lat="43.6436490" lon="-79.4026130">
    <ele>87.4</ele>
    <time>2020-06-01T21:17:36Z</time>
   </trkpt>
   <trkpt lat="43.6436360" lon="-79.4026070">
    <ele>87.4</ele>
    <time>2020-06-01T21:17:37Z</time>
   </trkpt>
   <trkpt lat="43.6436190" lon="-79.4025720">
    <ele>87.4</ele>
    <time>2020-06-01T21:17:38Z</time>
   </trkpt>
   <trkpt lat="43.6435950" lon="-79.4025530">
    <ele>87.4</ele>
    <time>2020-06-01T21:17:39Z</time>
   </trkpt>
   <trkpt lat="43.6435640" lon="-79.4025340">
    <ele>87.3</ele>
    <time>2020-06-01T21:17:40Z</time>
   </trkpt>
   <trkpt lat="43.6435520" lon="-79.4025320">
    <ele>87.3</ele>
    <time>2020-06-01T21:17:41Z</time>
   </trkpt>
   <trkpt lat="43.6435160" lon="-79.4025180">
    <ele>87.3</ele>
    <time>2020-06-01T21:17:42Z</time>
   </trkpt>
   <trkpt lat="43.6435030" lon="-79.4025130">
    <ele>87.3</ele>
    <time>2020-06-01T21:17:43Z</time>
   </trkpt>
   <trkpt lat="43.6434660" lon="-79.4024930">
    <ele>87.2</ele>
    <time>2020-06-01T21:17:44Z</time>
   </trkpt>
   <trkpt lat="43.6434370" lon="-79.4024810">
    <ele>87.2</ele>
    <time>2020-06-01T21:17:45Z</time>
   </trkpt>
   <trkpt lat="43.6434020" lon="-79.4024660">
    <ele>87.2</ele>
    <time>2020-06-01T21:17:46Z</time>
   </trkpt>
   <trkpt lat="43.6433400" lon="-79.4024530">
    <ele>87.1</ele>
    <time>2020-06-01T21:17:47Z</time>
   </trkpt>
   <trkpt lat="43.6432880" lon="-79.4024590">
    <ele>87.0</ele>
    <time>2020-06-01T21:17:48Z</time>
   </trkpt>
   <trkpt lat="43.6432500" lon="-79.4024570">
    <ele>87.0</ele>
    <time>2020-06-01T21:17:49Z</time>
   </trkpt>
   <trkpt lat="43.6432140" lon="-79.4024450">
    <ele>86.9</ele>
    <time>2020-06-01T21:17:50Z</time>
   </trkpt>
   <trkpt lat="43.6432010" lon="-79.4024380">
    <ele>86.9</ele>
    <time>2020-06-01T21:17:51Z</time>
   </trkpt>
   <trkpt lat="43.6431740" lon="-79.4024290">
    <ele>86.9</ele>
    <time>2020-06-01T21:17:52Z</time>
   </trkpt>
   <trkpt lat="43.6431640" lon="-79.4024250">
    <ele>86.9</ele>
    <time>2020-06-01T21:17:53Z</time>
   </trkpt>
   <trkpt lat="43.6431220" lon="-79.4024210">
    <ele>86.8</ele>
    <time>2020-06-01T21:17:54Z</time>
   </trkpt>
   <trkpt lat="43.6430990" lon="-79.4024210">
    <ele>86.8</ele>
    <time>2020-06-01T21:17:55Z</time>
   </trkpt>
   <trkpt lat="43.6430410" lon="-79.4024240">
    <ele>86.8</ele>
    <time>2020-06-01T21:17:56Z</time>
   </trkpt>
   <trkpt lat="43.6430100" lon="-79.4024210">
    <ele>86.7</ele>
    <time>2020-06-01T21:17:57Z</time>
   </trkpt>
   <trkpt lat="43.6429740" lon="-79.4024040">
    <ele>86.7</ele>
    <time>2020-06-01T21:17:58Z</time>
   </trkpt>
   <trkpt lat="43.6429460" lon="-79.4023920">
    <ele>86.6</ele>
    <time>2020-06-01T21:17:59Z</time>
   </trkpt>
   <trkpt lat="43.6429170" lon="-79.4023730">
    <ele>86.6</ele>
    <time>2020-06-01T21:18:00Z</time>
   </trkpt>
   <trkpt lat="43.6428860" lon="-79.4023480">
    <ele>86.5</ele>
    <time>2020-06-01T21:18:01Z</time>
   </trkpt>
   <trkpt lat="43.6428760" lon="-79.4023370">
    <ele>86.5</ele>
    <time>2020-06-01T21:18:02Z</time>
   </trkpt>
   <trkpt lat="43.6428510" lon="-79.4023120">
    <ele>86.5</ele>
    <time>2020-06-01T21:18:03Z</time>
   </trkpt>
   <trkpt lat="43.6428410" lon="-79.4022990">
    <ele>86.4</ele>
    <time>2020-06-01T21:18:04Z</time>
   </trkpt>
   <trkpt lat="43.6428220" lon="-79.4022690">
    <ele>86.4</ele>
    <time>2020-06-01T21:18:05Z</time>
   </trkpt>
   <trkpt lat="43.6428130" lon="-79.4022560">
    <ele>86.4</ele>
    <time>2020-06-01T21:18:06Z</time>
   </trkpt>
   <trkpt lat="43.6428000" lon="-79.4022540">
    <ele>86.4</ele>
    <time>2020-06-01T21:18:07Z</time>
   </trkpt>
   <trkpt lat="43.6427850" lon="-79.4022390">
    <ele>86.3</ele>
    <time>2020-06-01T21:18:08Z</time>
   </trkpt>
   <trkpt lat="43.6427660" lon="-79.4022400">
    <ele>86.3</ele>
    <time>2020-06-01T21:18:09Z</time>
   </trkpt>
   <trkpt lat="43.6427520" lon="-79.4022310">
    <ele>86.3</ele>
    <time>2020-06-01T21:18:10Z</time>
   </trkpt>
   <trkpt lat="43.6427400" lon="-79.4022320">
    <ele>86.3</ele>
    <time>2020-06-01T21:18:11Z</time>
   </trkpt>
   <trkpt lat="43.6427220" lon="-79.4022290">
    <ele>86.3</ele>
    <time>2020-06-01T21:18:12Z</time>
   </trkpt>
   <trkpt lat="43.6426950" lon="-79.4022120">
    <ele>86.2</ele>
    <time>2020-06-01T21:18:13Z</time>
   </trkpt>
   <trkpt lat="43.6426830" lon="-79.4022060">
    <ele>86.2</ele>
    <time>2020-06-01T21:18:14Z</time>
   </trkpt>
   <trkpt lat="43.6426660" lon="-79.4021970">
    <ele>86.2</ele>
    <time>2020-06-01T21:18:15Z</time>
   </trkpt>
   <trkpt lat="43.6426500" lon="-79.4021870">
    <ele>86.2</ele>
    <time>2020-06-01T21:18:16Z</time>
   </trkpt>
   <trkpt lat="43.6426230" lon="-79.4021760">
    <ele>86.1</ele>
    <time>2020-06-01T21:18:17Z</time>
   </trkpt>
   <trkpt lat="43.6425930" lon="-79.4021660">
    <ele>86.1</ele>
    <time>2020-06-01T21:18:18Z</time>
   </trkpt>
   <trkpt lat="43.6425810" lon="-79.4021640">
    <ele>86.1</ele>
    <time>2020-06-01T21:18:19Z</time>
   </trkpt>
   <trkpt lat="43.6425490" lon="-79.4021500">
    <ele>86.1</ele>
    <time>2020-06-01T21:18:20Z</time>
   </trkpt>
   <trkpt lat="43.6425230" lon="-79.4021350">
    <ele>86.1</ele>
    <time>2020-06-01T21:18:21Z</time>
   </trkpt>
   <trkpt lat="43.6424950" lon="-79.4021250">
    <ele>86.1</ele>
    <time>2020-06-01T21:18:22Z</time>
   </trkpt>
   <trkpt lat="43.6424640" lon="-79.4021140">
    <ele>86.0</ele>
    <time>2020-06-01T21:18:23Z</time>
   </trkpt>
   <trkpt lat="43.6424300" lon="-79.4020990">
    <ele>86.0</ele>
    <time>2020-06-01T21:18:24Z</time>
   </trkpt>
   <trkpt lat="43.6424180" lon="-79.4020950">
    <ele>86.0</ele>
    <time>2020-06-01T21:18:25Z</time>
   </trkpt>
   <trkpt lat="43.6423820" lon="-79.4020770">
    <ele>86.0</ele>
    <time>2020-06-01T21:18:26Z</time>
   </trkpt>
   <trkpt lat="43.6423530" lon="-79.4020500">
    <ele>86.0</ele>
    <time>2020-06-01T21:18:27Z</time>
   </trkpt>
   <trkpt lat="43.6423400" lon="-79.4020390">
    <ele>86.0</ele>
    <time>2020-06-01T21:18:28Z</time>
   </trkpt>
   <trkpt lat="43.6423060" lon="-79.4020260">
    <ele>85.9</ele>
    <time>2020-06-01T21:18:29Z</time>
   </trkpt>
   <trkpt lat="43.6422500" lon="-79.4020390">
    <ele>85.9</ele>
    <time>2020-06-01T21:18:30Z</time>
   </trkpt>
   <trkpt lat="43.6422010" lon="-79.4020490">
    <ele>85.8</ele>
    <time>2020-06-01T21:18:31Z</time>
   </trkpt>
   <trkpt lat="43.6421450" lon="-79.4020570">
    <ele>85.7</ele>
    <time>2020-06-01T21:18:32Z</time>
   </trkpt>
   <trkpt lat="43.6421120" lon="-79.4020450">
    <ele>85.7</ele>
    <time>2020-06-01T21:18:33Z</time>
   </trkpt>
   <trkpt lat="43.6420900" lon="-79.4020180">
    <ele>85.7</ele>
    <time>2020-06-01T21:18:34Z</time>
   </trkpt>
   <trkpt lat="43.6420850" lon="-79.4020060">
    <ele>85.6</ele>
    <time>2020-06-01T21:18:35Z</time>
   </trkpt>
   <trkpt lat="43.6420550" lon="-79.4020080">
    <ele>85.6</ele>
    <time>2020-06-01T21:18:36Z</time>
   </trkpt>
   <trkpt lat="43.6420430" lon="-79.4019960">
    <ele>85.6</ele>
    <time>2020-06-01T21:18:37Z</time>
   </trkpt>
   <trkpt lat="43.6420260" lon="-79.4019880">
    <ele>85.6</ele>
    <time>2020-06-01T21:18:38Z</time>
   </trkpt>
   <trkpt lat="43.6419970" lon="-79.4019780">
    <ele>85.5</ele>
    <time>2020-06-01T21:18:39Z</time>
   </trkpt>
   <trkpt lat="43.6419900" lon="-79.4019760">
    <ele>85.5</ele>
    <time>2020-06-01T21:18:40Z</time>
   </trkpt>
   <trkpt lat="43.6419650" lon="-79.4019700">
    <ele>85.5</ele>
    <time>2020-06-01T21:18:41Z</time>
   </trkpt>
   <trkpt lat="43.6419520" lon="-79.4019690">
    <ele>85.5</ele>
    <time>2020-06-01T21:18:42Z</time>
   </trkpt>
   <trkpt lat="43.6419180" lon="-79.4019780">
    <ele>85.3</ele>
    <time>2020-06-01T21:18:43Z</time>
   </trkpt>
   <trkpt lat="43.6418660" lon="-79.4019940">
    <ele>85.3</ele>
    <time>2020-06-01T21:18:44Z</time>
   </trkpt>
   <trkpt lat="43.6418370" lon="-79.4019980">
    <ele>85.2</ele>
    <time>2020-06-01T21:18:45Z</time>
   </trkpt>
   <trkpt lat="43.6418070" lon="-79.4020070">
    <ele>85.1</ele>
    <time>2020-06-01T21:18:46Z</time>
   </trkpt>
   <trkpt lat="43.6417640" lon="-79.4020300">
    <ele>85.0</ele>
    <time>2020-06-01T21:18:47Z</time>
   </trkpt>
   <trkpt lat="43.6417430" lon="-79.4020330">
    <ele>85.0</ele>
    <time>2020-06-01T21:18:48Z</time>
   </trkpt>
   <trkpt lat="43.6417150" lon="-79.4020540">
    <ele>85.0</ele>
    <time>2020-06-01T21:18:49Z</time>
   </trkpt>
   <trkpt lat="43.6416950" lon="-79.4020600">
    <ele>85.0</ele>
    <time>2020-06-01T21:18:50Z</time>
   </trkpt>
   <trkpt lat="43.6416670" lon="-79.4020450">
    <ele>85.0</ele>
    <time>2020-06-01T21:18:51Z</time>
   </trkpt>
   <trkpt lat="43.6416390" lon="-79.4020100">
    <ele>84.9</ele>
    <time>2020-06-01T21:18:52Z</time>
   </trkpt>
   <trkpt lat="43.6416280" lon="-79.4020040">
    <ele>84.9</ele>
    <time>2020-06-01T21:18:53Z</time>
   </trkpt>
   <trkpt lat="43.6415990" lon="-79.4019880">
    <ele>84.9</ele>
    <time>2020-06-01T21:18:54Z</time>
   </trkpt>
   <trkpt lat="43.6415900" lon="-79.4019800">
    <ele>84.9</ele>
    <time>2020-06-01T21:18:55Z</time>
   </trkpt>
   <trkpt lat="43.6415710" lon="-79.4019710">
    <ele>84.9</ele>
    <time>2020-06-01T21:18:56Z</time>
   </trkpt>
   <trkpt lat="43.6415590" lon="-79.4019580">
    <ele>84.9</ele>
    <time>2020-06-01T21:18:57Z</time>
   </trkpt>
   <trkpt lat="43.6415290" lon="-79.4019570">
    <ele>84.8</ele>
    <time>2020-06-01T21:18:58Z</time>
   </trkpt>
   <trkpt lat="43.6415160" lon="-79.4019580">
    <ele>84.8</ele>
    <time>2020-06-01T21:18:59Z</time>
   </trkpt>
   <trkpt lat="43.6414810" lon="-79.4019790">
    <ele>84.8</ele>
    <time>2020-06-01T21:19:00Z</time>
   </trkpt>
   <trkpt lat="43.6414660" lon="-79.4019500">
    <ele>84.8</ele>
    <time>2020-06-01T21:19:01Z</time>
   </trkpt>
   <trkpt lat="43.6414590" lon="-79.4019380">
    <ele>84.8</ele>
    <time>2020-06-01T21:19:02Z</time>
   </trkpt>
   <trkpt lat="43.6414410" lon="-79.4019090">
    <ele>84.9</ele>
    <time>2020-06-01T21:19:03Z</time>
   </trkpt>
   <trkpt lat="43.6414340" lon="-79.4019000">
    <ele>84.9</ele>
    <time>2020-06-01T21:19:04Z</time>
   </trkpt>
   <trkpt lat="43.6414190" lon="-79.4018640">
    <ele>84.9</ele>
    <time>2020-06-01T21:19:05Z</time>
   </trkpt>
   <trkpt lat="43.6414100" lon="-79.4018500">
    <ele>84.9</ele>
    <time>2020-06-01T21:19:06Z</time>
   </trkpt>
   <trkpt lat="43.6413780" lon="-79.4018160">
    <ele>84.9</ele>
    <time>2020-06-01T21:19:07Z</time>
   </trkpt>
   <trkpt lat="43.6413490" lon="-79.4018070">
    <ele>84.9</ele>
    <time>2020-06-01T21:19:08Z</time>
   </trkpt>
   <trkpt lat="43.6413220" lon="-79.4017570">
    <ele>84.9</ele>
    <time>2020-06-01T21:19:09Z</time>
   </trkpt>
   <trkpt lat="43.6412980" lon="-79.4016670">
    <ele>84.9</ele>
    <time>2020-06-01T21:19:10Z</time>
   </trkpt>
   <trkpt lat="43.6412620" lon="-79.4016140">
    <ele>84.9</ele>
    <time>2020-06-01T21:19:11Z</time>
   </trkpt>
   <trkpt lat="43.6412290" lon="-79.4015610">
    <ele>85.0</ele>
    <time>2020-06-01T21:19:12Z</time>
   </trkpt>
   <trkpt lat="43.6411950" lon="-79.4015280">
    <ele>85.0</ele>
    <time>2020-06-01T21:19:13Z</time>
   </trkpt>
   <trkpt lat="43.6411640" lon="-79.4014890">
    <ele>85.1</ele>
    <time>2020-06-01T21:19:14Z</time>
   </trkpt>
   <trkpt lat="43.6411530" lon="-79.4014750">
    <ele>85.1</ele>
    <time>2020-06-01T21:19:15Z</time>
   </trkpt>
   <trkpt lat="43.6411170" lon="-79.4014400">
    <ele>85.1</ele>
    <time>2020-06-01T21:19:16Z</time>
   </trkpt>
   <trkpt lat="43.6411000" lon="-79.4014240">
    <ele>85.2</ele>
    <time>2020-06-01T21:19:17Z</time>
   </trkpt>
   <trkpt lat="43.6410660" lon="-79.4013860">
    <ele>85.2</ele>
    <time>2020-06-01T21:19:18Z</time>
   </trkpt>
   <trkpt lat="43.6410230" lon="-79.4013510">
    <ele>85.3</ele>
    <time>2020-06-01T21:19:19Z</time>
   </trkpt>
   <trkpt lat="43.6409870" lon="-79.4013590">
    <ele>85.4</ele>
    <time>2020-06-01T21:19:20Z</time>
   </trkpt>
   <trkpt lat="43.6409480" lon="-79.4013620">
    <ele>85.4</ele>
    <time>2020-06-01T21:19:21Z</time>
   </trkpt>
   <trkpt lat="43.6409080" lon="-79.4013690">
    <ele>85.4</ele>
    <time>2020-06-01T21:19:22Z</time>
   </trkpt>
   <trkpt lat="43.6408770" lon="-79.4013770">
    <ele>85.5</ele>
    <time>2020-06-01T21:19:23Z</time>
   </trkpt>
   <trkpt lat="43.6408250" lon="-79.4013840">
    <ele>85.5</ele>
    <time>2020-06-01T21:19:24Z</time>
   </trkpt>
   <trkpt lat="43.6407850" lon="-79.4013970">
    <ele>85.5</ele>
    <time>2020-06-01T21:19:25Z</time>
   </trkpt>
   <trkpt lat="43.6407590" lon="-79.4014120">
    <ele>85.5</ele>
    <time>2020-06-01T21:19:26Z</time>
   </trkpt>
   <trkpt lat="43.6407240" lon="-79.4014170">
    <ele>85.6</ele>
    <time>2020-06-01T21:19:27Z</time>
   </trkpt>
   <trkpt lat="43.6406760" lon="-79.4014220">
    <ele>85.6</ele>
    <time>2020-06-01T21:19:28Z</time>
   </trkpt>
   <trkpt lat="43.6406350" lon="-79.4014210">
    <ele>85.6</ele>
    <time>2020-06-01T21:19:29Z</time>
   </trkpt>
   <trkpt lat="43.6405950" lon="-79.4014250">
    <ele>85.6</ele>
    <time>2020-06-01T21:19:30Z</time>
   </trkpt>
   <trkpt lat="43.6405760" lon="-79.4014260">
    <ele>85.6</ele>
    <time>2020-06-01T21:19:31Z</time>
   </trkpt>
   <trkpt lat="43.6405390" lon="-79.4014240">
    <ele>85.7</ele>
    <time>2020-06-01T21:19:32Z</time>
   </trkpt>
   <trkpt lat="43.6405100" lon="-79.4014220">
    <ele>85.7</ele>
    <time>2020-06-01T21:19:33Z</time>
   </trkpt>
   <trkpt lat="43.6404780" lon="-79.4014320">
    <ele>85.7</ele>
    <time>2020-06-01T21:19:34Z</time>
   </trkpt>
   <trkpt lat="43.6404430" lon="-79.4014280">
    <ele>85.7</ele>
    <time>2020-06-01T21:19:35Z</time>
   </trkpt>
   <trkpt lat="43.6404040" lon="-79.4014160">
    <ele>85.7</ele>
    <time>2020-06-01T21:19:36Z</time>
   </trkpt>
   <trkpt lat="43.6403890" lon="-79.4014100">
    <ele>85.7</ele>
    <time>2020-06-01T21:19:37Z</time>
   </trkpt>
   <trkpt lat="43.6403590" lon="-79.4014050">
    <ele>85.8</ele>
    <time>2020-06-01T21:19:38Z</time>
   </trkpt>
   <trkpt lat="43.6403200" lon="-79.4013940">
    <ele>85.8</ele>
    <time>2020-06-01T21:19:39Z</time>
   </trkpt>
   <trkpt lat="43.6403050" lon="-79.4013940">
    <ele>85.8</ele>
    <time>2020-06-01T21:19:40Z</time>
   </trkpt>
   <trkpt lat="43.6402700" lon="-79.4013840">
    <ele>85.8</ele>
    <time>2020-06-01T21:19:41Z</time>
   </trkpt>
   <trkpt lat="43.6402420" lon="-79.4013730">
    <ele>85.8</ele>
    <time>2020-06-01T21:19:42Z</time>
   </trkpt>
   <trkpt lat="43.6402050" lon="-79.4013610">
    <ele>85.8</ele>
    <time>2020-06-01T21:19:43Z</time>
   </trkpt>
   <trkpt lat="43.6401930" lon="-79.4013570">
    <ele>85.8</ele>
    <time>2020-06-01T21:19:44Z</time>
   </trkpt>
   <trkpt lat="43.6401600" lon="-79.4013370">
    <ele>85.7</ele>
    <time>2020-06-01T21:19:45Z</time>
   </trkpt>
   <trkpt lat="43.6401480" lon="-79.4013290">
    <ele>85.7</ele>
    <time>2020-06-01T21:19:46Z</time>
   </trkpt>
   <trkpt lat="43.6401210" lon="-79.4013130">
    <ele>85.7</ele>
    <time>2020-06-01T21:19:47Z</time>
   </trkpt>
   <trkpt lat="43.6400960" lon="-79.4012960">
    <ele>85.7</ele>
    <time>2020-06-01T21:19:48Z</time>
   </trkpt>
   <trkpt lat="43.6400550" lon="-79.4012820">
    <ele>85.7</ele>
    <time>2020-06-01T21:19:49Z</time>
   </trkpt>
   <trkpt lat="43.6400330" lon="-79.4012780">
    <ele>85.7</ele>
    <time>2020-06-01T21:19:50Z</time>
   </trkpt>
   <trkpt lat="43.6400000" lon="-79.4012530">
    <ele>85.6</ele>
    <time>2020-06-01T21:19:51Z</time>
   </trkpt>
   <trkpt lat="43.6399900" lon="-79.4012430">
    <ele>85.6</ele>
    <time>2020-06-01T21:19:52Z</time>
   </trkpt>
   <trkpt lat="43.6399750" lon="-79.4012290">
    <ele>85.6</ele>
    <time>2020-06-01T21:19:53Z</time>
   </trkpt>
   <trkpt lat="43.6399610" lon="-79.4012170">
    <ele>85.6</ele>
    <time>2020-06-01T21:19:54Z</time>
   </trkpt>
   <trkpt lat="43.6399470" lon="-79.4012080">
    <ele>85.6</ele>
    <time>2020-06-01T21:19:55Z</time>
   </trkpt>
   <trkpt lat="43.6399360" lon="-79.4012010">
    <ele>85.6</ele>
    <time>2020-06-01T21:19:56Z</time>
   </trkpt>
   <trkpt lat="43.6399170" lon="-79.4011910">
    <ele>85.5</ele>
    <time>2020-06-01T21:19:57Z</time>
   </trkpt>
   <trkpt lat="43.6398960" lon="-79.4011890">
    <ele>85.5</ele>
    <time>2020-06-01T21:19:58Z</time>
   </trkpt>
   <trkpt lat="43.6398580" lon="-79.4011770">
    <ele>85.5</ele>
    <time>2020-06-01T21:19:59Z</time>
   </trkpt>
   <trkpt lat="43.6398450" lon="-79.4011720">
    <ele>85.5</ele>
    <time>2020-06-01T21:20:00Z</time>
   </trkpt>
   <trkpt lat="43.6398050" lon="-79.4011570">
    <ele>85.5</ele>
    <time>2020-06-01T21:20:01Z</time>
   </trkpt>
   <trkpt lat="43.6397860" lon="-79.4011520">
    <ele>85.5</ele>
    <time>2020-06-01T21:20:02Z</time>
   </trkpt>
   <trkpt lat="43.6397570" lon="-79.4011470">
    <ele>85.5</ele>
    <time>2020-06-01T21:20:03Z</time>
   </trkpt>
   <trkpt lat="43.6397240" lon="-79.4011340">
    <ele>85.5</ele>
    <time>2020-06-01T21:20:04Z</time>
   </trkpt>
   <trkpt lat="43.6397160" lon="-79.4011280">
    <ele>85.5</ele>
    <time>2020-06-01T21:20:05Z</time>
   </trkpt>
   <trkpt lat="43.6396820" lon="-79.4011190">
    <ele>85.5</ele>
    <time>2020-06-01T21:20:06Z</time>
   </trkpt>
   <trkpt lat="43.6396550" lon="-79.4011030">
    <ele>85.5</ele>
    <time>2020-06-01T21:20:07Z</time>
   </trkpt>
   <trkpt lat="43.6396480" lon="-79.4010960">
    <ele>85.5</ele>
    <time>2020-06-01T21:20:08Z</time>
   </trkpt>
   <trkpt lat="43.6396090" lon="-79.4010690">
    <ele>85.5</ele>
    <time>2020-06-01T21:20:09Z</time>
   </trkpt>
   <trkpt lat="43.6395910" lon="-79.4010590">
    <ele>85.5</ele>
    <time>2020-06-01T21:20:10Z</time>
   </trkpt>
   <trkpt lat="43.6395580" lon="-79.4010420">
    <ele>85.5</ele>
    <time>2020-06-01T21:20:11Z</time>
   </trkpt>
   <trkpt lat="43.6395180" lon="-79.4010290">
    <ele>85.5</ele>
    <time>2020-06-01T21:20:12Z</time>
   </trkpt>
   <trkpt lat="43.6395040" lon="-79.4010240">
    <ele>85.4</ele>
    <time>2020-06-01T21:20:13Z</time>
   </trkpt>
   <trkpt lat="43.6394670" lon="-79.4010110">
    <ele>85.3</ele>
    <time>2020-06-01T21:20:14Z</time>
   </trkpt>
   <trkpt lat="43.6394540" lon="-79.4010070">
    <ele>85.3</ele>
    <time>2020-06-01T21:20:15Z</time>
   </trkpt>
   <trkpt lat="43.6394240" lon="-79.4009990">
    <ele>85.3</ele>
    <time>2020-06-01T21:20:16Z</time>
   </trkpt>
   <trkpt lat="43.6393910" lon="-79.4009980">
    <ele>85.2</ele>
    <time>2020-06-01T21:20:17Z</time>
   </trkpt>
   <trkpt lat="43.6393500" lon="-79.4009920">
    <ele>85.1</ele>
    <time>2020-06-01T21:20:18Z</time>
   </trkpt>
   <trkpt lat="43.6393360" lon="-79.4009890">
    <ele>85.1</ele>
    <time>2020-06-01T21:20:19Z</time>
   </trkpt>
   <trkpt lat="43.6393180" lon="-79.4009780">
    <ele>85.0</ele>
    <time>2020-06-01T21:20:20Z</time>
   </trkpt>
   <trkpt lat="43.6393040" lon="-79.4009650">
    <ele>85.0</ele>
    <time>2020-06-01T21:20:21Z</time>
   </trkpt>
   <trkpt lat="43.6392730" lon="-79.4009610">
    <ele>84.9</ele>
    <time>2020-06-01T21:20:22Z</time>
   </trkpt>
   <trkpt lat="43.6392470" lon="-79.4009490">
    <ele>84.8</ele>
    <time>2020-06-01T21:20:23Z</time>
   </trkpt>
   <trkpt lat="43.6392140" lon="-79.4009450">
    <ele>84.7</ele>
    <time>2020-06-01T21:20:24Z</time>
   </trkpt>
   <trkpt lat="43.6391820" lon="-79.4009280">
    <ele>84.6</ele>
    <time>2020-06-01T21:20:25Z</time>
   </trkpt>
   <trkpt lat="43.6391470" lon="-79.4009150">
    <ele>84.5</ele>
    <time>2020-06-01T21:20:26Z</time>
   </trkpt>
   <trkpt lat="43.6391180" lon="-79.4009000">
    <ele>84.4</ele>
    <time>2020-06-01T21:20:27Z</time>
   </trkpt>
   <trkpt lat="43.6390860" lon="-79.4008870">
    <ele>84.3</ele>
    <time>2020-06-01T21:20:28Z</time>
   </trkpt>
   <trkpt lat="43.6390510" lon="-79.4008760">
    <ele>84.2</ele>
    <time>2020-06-01T21:20:29Z</time>
   </trkpt>
   <trkpt lat="43.6390170" lon="-79.4008580">
    <ele>84.1</ele>
    <time>2020-06-01T21:20:30Z</time>
   </trkpt>
   <trkpt lat="43.6390040" lon="-79.4008520">
    <ele>84.0</ele>
    <time>2020-06-01T21:20:31Z</time>
   </trkpt>
   <trkpt lat="43.6389770" lon="-79.4008410">
    <ele>83.9</ele>
    <time>2020-06-01T21:20:32Z</time>
   </trkpt>
   <trkpt lat="43.6389440" lon="-79.4008300">
    <ele>83.8</ele>
    <time>2020-06-01T21:20:33Z</time>
   </trkpt>
   <trkpt lat="43.6389320" lon="-79.4008270">
    <ele>83.8</ele>
    <time>2020-06-01T21:20:34Z</time>
   </trkpt>
   <trkpt lat="43.6389020" lon="-79.4008140">
    <ele>83.7</ele>
    <time>2020-06-01T21:20:35Z</time>
   </trkpt>
   <trkpt lat="43.6388740" lon="-79.4007930">
    <ele>83.2</ele>
    <time>2020-06-01T21:20:36Z</time>
   </trkpt>
   <trkpt lat="43.6388670" lon="-79.4007890">
    <ele>83.2</ele>
    <time>2020-06-01T21:20:37Z</time>
   </trkpt>
   <trkpt lat="43.6388510" lon="-79.4007790">
    <ele>83.1</ele>
    <time>2020-06-01T21:20:38Z</time>
   </trkpt>
   <trkpt lat="43.6388380" lon="-79.4007660">
    <ele>83.0</ele>
    <time>2020-06-01T21:20:39Z</time>
   </trkpt>
   <trkpt lat="43.6388320" lon="-79.4007510">
    <ele>83.0</ele>
    <time>2020-06-01T21:20:40Z</time>
   </trkpt>
   <trkpt lat="43.6388170" lon="-79.4007300">
    <ele>82.9</ele>
    <time>2020-06-01T21:20:41Z</time>
   </trkpt>
   <trkpt lat="43.6388010" lon="-79.4007290">
    <ele>82.6</ele>
    <time>2020-06-01T21:20:42Z</time>
   </trkpt>
   <trkpt lat="43.6387820" lon="-79.4007280">
    <ele>82.5</ele>
    <time>2020-06-01T21:20:43Z</time>
   </trkpt>
   <trkpt lat="43.6387650" lon="-79.4007230">
    <ele>82.5</ele>
    <time>2020-06-01T21:20:44Z</time>
   </trkpt>
   <trkpt lat="43.6387500" lon="-79.4007140">
    <ele>82.5</ele>
    <time>2020-06-01T21:20:45Z</time>
   </trkpt>
   <trkpt lat="43.6387160" lon="-79.4007110">
    <ele>82.0</ele>
    <time>2020-06-01T21:20:46Z</time>
   </trkpt>
   <trkpt lat="43.6387050" lon="-79.4007110">
    <ele>82.0</ele>
    <time>2020-06-01T21:20:47Z</time>
   </trkpt>
   <trkpt lat="43.6386760" lon="-79.4007010">
    <ele>82.0</ele>
    <time>2020-06-01T21:20:48Z</time>
   </trkpt>
   <trkpt lat="43.6386690" lon="-79.4006920">
    <ele>82.0</ele>
    <time>2020-06-01T21:20:49Z</time>
   </trkpt>
   <trkpt lat="43.6386450" lon="-79.4006740">
    <ele>82.0</ele>
    <time>2020-06-01T21:20:50Z</time>
   </trkpt>
   <trkpt lat="43.6386360" lon="-79.4006670">
    <ele>82.0</ele>
    <time>2020-06-01T21:20:51Z</time>
   </trkpt>
   <trkpt lat="43.6386070" lon="-79.4006250">
    <ele>82.0</ele>
    <time>2020-06-01T21:20:52Z</time>
   </trkpt>
   <trkpt lat="43.6385910" lon="-79.4006080">
    <ele>82.1</ele>
    <time>2020-06-01T21:20:53Z</time>
   </trkpt>
   <trkpt lat="43.6385610" lon="-79.4005610">
    <ele>81.3</ele>
    <time>2020-06-01T21:20:54Z</time>
   </trkpt>
   <trkpt lat="43.6385340" lon="-79.4005210">
    <ele>81.1</ele>
    <time>2020-06-01T21:20:55Z</time>
   </trkpt>
   <trkpt lat="43.6385110" lon="-79.4004740">
    <ele>80.9</ele>
    <time>2020-06-01T21:20:56Z</time>
   </trkpt>
   <trkpt lat="43.6384700" lon="-79.4004250">
    <ele>80.7</ele>
    <time>2020-06-01T21:20:57Z</time>
   </trkpt>
   <trkpt lat="43.6384340" lon="-79.4003520">
    <ele>80.4</ele>
    <time>2020-06-01T21:20:58Z</time>
   </trkpt>
   <trkpt lat="43.6384160" lon="-79.4003020">
    <ele>80.2</ele>
    <time>2020-06-01T21:20:59Z</time>
   </trkpt>
   <trkpt lat="43.6383870" lon="-79.4002690">
    <ele>80.0</ele>
    <time>2020-06-01T21:21:00Z</time>
   </trkpt>
   <trkpt lat="43.6383670" lon="-79.4002640">
    <ele>80.0</ele>
    <time>2020-06-01T21:21:01Z</time>
   </trkpt>
   <trkpt lat="43.6383580" lon="-79.4002600">
    <ele>79.9</ele>
    <time>2020-06-01T21:21:02Z</time>
   </trkpt>
   <trkpt lat="43.6383500" lon="-79.4002560">
    <ele>79.9</ele>
    <time>2020-06-01T21:21:03Z</time>
   </trkpt>
   <trkpt lat="43.6383350" lon="-79.4002450">
    <ele>79.8</ele>
    <time>2020-06-01T21:21:04Z</time>
   </trkpt>
   <trkpt lat="43.6383210" lon="-79.4002440">
    <ele>79.8</ele>
    <time>2020-06-01T21:21:05Z</time>
   </trkpt>
   <trkpt lat="43.6382410" lon="-79.4002220">
    <ele>79.5</ele>
    <time>2020-06-01T21:21:06Z</time>
   </trkpt>
   <trkpt lat="43.6382290" lon="-79.4002150">
    <ele>79.4</ele>
    <time>2020-06-01T21:21:07Z</time>
   </trkpt>
   <trkpt lat="43.6382180" lon="-79.4002150">
    <ele>79.4</ele>
    <time>2020-06-01T21:21:08Z</time>
   </trkpt>
   <trkpt lat="43.6382060" lon="-79.4002190">
    <ele>79.3</ele>
    <time>2020-06-01T21:21:09Z</time>
   </trkpt>
   <trkpt lat="43.6381730" lon="-79.4002260">
    <ele>79.2</ele>
    <time>2020-06-01T21:21:10Z</time>
   </trkpt>
   <trkpt lat="43.6381520" lon="-79.4002260">
    <ele>79.2</ele>
    <time>2020-06-01T21:21:11Z</time>
   </trkpt>
   <trkpt lat="43.6381300" lon="-79.4002250">
    <ele>79.1</ele>
    <time>2020-06-01T21:21:12Z</time>
   </trkpt>
   <trkpt lat="43.6381160" lon="-79.4002360">
    <ele>79.1</ele>
    <time>2020-06-01T21:21:13Z</time>
   </trkpt>
   <trkpt lat="43.6380980" lon="-79.4002480">
    <ele>79.1</ele>
    <time>2020-06-01T21:21:14Z</time>
   </trkpt>
   <trkpt lat="43.6380960" lon="-79.4002340">
    <ele>79.0</ele>
    <time>2020-06-01T21:21:15Z</time>
   </trkpt>
   <trkpt lat="43.6380880" lon="-79.4002270">
    <ele>79.0</ele>
    <time>2020-06-01T21:21:16Z</time>
   </trkpt>
   <trkpt lat="43.6380760" lon="-79.4002160">
    <ele>79.0</ele>
    <time>2020-06-01T21:21:17Z</time>
   </trkpt>
   <trkpt lat="43.6380470" lon="-79.4002180">
    <ele>78.9</ele>
    <time>2020-06-01T21:21:18Z</time>
   </trkpt>
   <trkpt lat="43.6380290" lon="-79.4002360">
    <ele>78.9</ele>
    <time>2020-06-01T21:21:19Z</time>
   </trkpt>
   <trkpt lat="43.6380210" lon="-79.4002410">
    <ele>78.9</ele>
    <time>2020-06-01T21:21:20Z</time>
   </trkpt>
   <trkpt lat="43.6380140" lon="-79.4002470">
    <ele>78.8</ele>
    <time>2020-06-01T21:21:21Z</time>
   </trkpt>
   <trkpt lat="43.6379840" lon="-79.4002450">
    <ele>78.8</ele>
    <time>2020-06-01T21:21:22Z</time>
   </trkpt>
   <trkpt lat="43.6379740" lon="-79.4002440">
    <ele>78.7</ele>
    <time>2020-06-01T21:21:23Z</time>
   </trkpt>
   <trkpt lat="43.6379020" lon="-79.4002120">
    <ele>78.5</ele>
    <time>2020-06-01T21:21:24Z</time>
   </trkpt>
   <trkpt lat="43.6378620" lon="-79.4001820">
    <ele>78.4</ele>
    <time>2020-06-01T21:21:25Z</time>
   </trkpt>
   <trkpt lat="43.6378240" lon="-79.4001380">
    <ele>78.3</ele>
    <time>2020-06-01T21:21:26Z</time>
   </trkpt>
   <trkpt lat="43.6377920" lon="-79.4001010">
    <ele>78.2</ele>
    <time>2020-06-01T21:21:27Z</time>
   </trkpt>
   <trkpt lat="43.6377730" lon="-79.4000730">
    <ele>78.2</ele>
    <time>2020-06-01T21:21:28Z</time>
   </trkpt>
   <trkpt lat="43.6377570" lon="-79.4000300">
    <ele>78.1</ele>
    <time>2020-06-01T21:21:29Z</time>
   </trkpt>
   <trkpt lat="43.6376720" lon="-79.3999820">
    <ele>78.0</ele>
    <time>2020-06-01T21:21:30Z</time>
   </trkpt>
   <trkpt lat="43.6376400" lon="-79.3999390">
    <ele>77.9</ele>
    <time>2020-06-01T21:21:31Z</time>
   </trkpt>
   <trkpt lat="43.6376080" lon="-79.3999030">
    <ele>77.9</ele>
    <time>2020-06-01T21:21:32Z</time>
   </trkpt>
   <trkpt lat="43.6375750" lon="-79.3998750">
    <ele>77.8</ele>
    <time>2020-06-01T21:21:33Z</time>
   </trkpt>
   <trkpt lat="43.6375450" lon="-79.3998460">
    <ele>77.8</ele>
    <time>2020-06-01T21:21:34Z</time>
   </trkpt>
   <trkpt lat="43.6375350" lon="-79.3998360">
    <ele>77.8</ele>
    <time>2020-06-01T21:21:35Z</time>
   </trkpt>
   <trkpt lat="43.6374960" lon="-79.3998480">
    <ele>77.7</ele>
    <time>2020-06-01T21:21:36Z</time>
   </trkpt>
   <trkpt lat="43.6374660" lon="-79.3998320">
    <ele>77.7</ele>
    <time>2020-06-01T21:21:37Z</time>
   </trkpt>
   <trkpt lat="43.6374580" lon="-79.3998280">
    <ele>77.7</ele>
    <time>2020-06-01T21:21:38Z</time>
   </trkpt>
   <trkpt lat="43.6374260" lon="-79.3998320">
    <ele>77.7</ele>
    <time>2020-06-01T21:21:39Z</time>
   </trkpt>
   <trkpt lat="43.6374140" lon="-79.3998300">
    <ele>77.7</ele>
    <time>2020-06-01T21:21:40Z</time>
   </trkpt>
   <trkpt lat="43.6373780" lon="-79.3998290">
    <ele>77.6</ele>
    <time>2020-06-01T21:21:41Z</time>
   </trkpt>
   <trkpt lat="43.6373650" lon="-79.3998280">
    <ele>77.6</ele>
    <time>2020-06-01T21:21:42Z</time>
   </trkpt>
   <trkpt lat="43.6373560" lon="-79.3998420">
    <ele>77.6</ele>
    <time>2020-06-01T21:21:43Z</time>
   </trkpt>
   <trkpt lat="43.6373340" lon="-79.3998220">
    <ele>77.6</ele>
    <time>2020-06-01T21:21:44Z</time>
   </trkpt>
   <trkpt lat="43.6373010" lon="-79.3997880">
    <ele>77.6</ele>
    <time>2020-06-01T21:21:45Z</time>
   </trkpt>
   <trkpt lat="43.6372750" lon="-79.3997660">
    <ele>77.5</ele>
    <time>2020-06-01T21:21:46Z</time>
   </trkpt>
   <trkpt lat="43.6372500" lon="-79.3997450">
    <ele>77.5</ele>
    <time>2020-06-01T21:21:47Z</time>
   </trkpt>
   <trkpt lat="43.6372350" lon="-79.3997370">
    <ele>77.5</ele>
    <time>2020-06-01T21:21:48Z</time>
   </trkpt>
   <trkpt lat="43.6372180" lon="-79.3997300">
    <ele>77.5</ele>
    <time>2020-06-01T21:21:49Z</time>
   </trkpt>
   <trkpt lat="43.6371690" lon="-79.3997340">
    <ele>77.4</ele>
    <time>2020-06-01T21:21:50Z</time>
   </trkpt>
   <trkpt lat="43.6371390" lon="-79.3997470">
    <ele>77.4</ele>
    <time>2020-06-01T21:21:51Z</time>
   </trkpt>
   <trkpt lat="43.6371100" lon="-79.3997340">
    <ele>77.3</ele>
    <time>2020-06-01T21:21:52Z</time>
   </trkpt>
   <trkpt lat="43.6370820" lon="-79.3997190">
    <ele>77.3</ele>
    <time>2020-06-01T21:21:53Z</time>
   </trkpt>
   <trkpt lat="43.6370510" lon="-79.3996980">
    <ele>77.3</ele>
    <time>2020-06-01T21:21:54Z</time>
   </trkpt>
   <trkpt lat="43.6370400" lon="-79.3996920">
    <ele>77.3</ele>
    <time>2020-06-01T21:21:55Z</time>
   </trkpt>
   <trkpt lat="43.6370080" lon="-79.3997050">
    <ele>77.2</ele>
    <time>2020-06-01T21:21:56Z</time>
   </trkpt>
   <trkpt lat="43.6369950" lon="-79.3997110">
    <ele>77.2</ele>
    <time>2020-06-01T21:21:57Z</time>
   </trkpt>
   <trkpt lat="43.6369760" lon="-79.3997100">
    <ele>77.2</ele>
    <time>2020-06-01T21:21:58Z</time>
   </trkpt>
   <trkpt lat="43.6369640" lon="-79.3997140">
    <ele>77.2</ele>
    <time>2020-06-01T21:21:59Z</time>
   </trkpt>
   <trkpt lat="43.6369030" lon="-79.3997790">
    <ele>77.2</ele>
    <time>2020-06-01T21:22:00Z</time>
   </trkpt>
   <trkpt lat="43.6368730" lon="-79.3998110">
    <ele>77.1</ele>
    <time>2020-06-01T21:22:01Z</time>
   </trkpt>
   <trkpt lat="43.6368690" lon="-79.3998150">
    <ele>77.1</ele>
    <time>2020-06-01T21:22:02Z</time>
   </trkpt>
   <trkpt lat="43.6368690" lon="-79.3998150">
    <ele>77.1</ele>
    <time>2020-06-01T21:22:03Z</time>
   </trkpt>
   <trkpt lat="43.6368680" lon="-79.3998150">
    <ele>77.1</ele>
    <time>2020-06-01T21:22:04Z</time>
   </trkpt>
   <trkpt lat="43.6368670" lon="-79.3998160">
    <ele>77.1</ele>
    <time>2020-06-01T21:22:05Z</time>
   </trkpt>
   <trkpt lat="43.6368670" lon="-79.3998150">
    <ele>77.1</ele>
    <time>2020-06-01T21:22:06Z</time>
   </trkpt>
   <trkpt lat="43.6368650" lon="-79.3998150">
    <ele>77.1</ele>
    <time>2020-06-01T21:22:07Z</time>
   </trkpt>
   <trkpt lat="43.6368640" lon="-79.3998160">
    <ele>77.1</ele>
    <time>2020-06-01T21:22:08Z</time>
   </trkpt>
   <trkpt lat="43.6368620" lon="-79.3998150">
    <ele>77.1</ele>
    <time>2020-06-01T21:22:09Z</time>
   </trkpt>
   <trkpt lat="43.6368610" lon="-79.3998100">
    <ele>77.1</ele>
    <time>2020-06-01T21:22:10Z</time>
   </trkpt>
   <trkpt lat="43.6368590" lon="-79.3998070">
    <ele>77.1</ele>
    <time>2020-06-01T21:22:11Z</time>
   </trkpt>
   <trkpt lat="43.6368420" lon="-79.3997910">
    <ele>77.1</ele>
    <time>2020-06-01T21:22:12Z</time>
   </trkpt>
   <trkpt lat="43.6368250" lon="-79.3997840">
    <ele>76.9</ele>
    <time>2020-06-01T21:22:13Z</time>
   </trkpt>
   <trkpt lat="43.6368140" lon="-79.3997820">
    <ele>76.9</ele>
    <time>2020-06-01T21:22:14Z</time>
   </trkpt>
   <trkpt lat="43.6367810" lon="-79.3998260">
    <ele>76.9</ele>
    <time>2020-06-01T21:22:15Z</time>
   </trkpt>
   <trkpt lat="43.6367870" lon="-79.3998530">
    <ele>76.8</ele>
    <time>2020-06-01T21:22:16Z</time>
   </trkpt>
   <trkpt lat="43.6367900" lon="-79.3998610">
    <ele>76.8</ele>
    <time>2020-06-01T21:22:17Z</time>
   </trkpt>
   <trkpt lat="43.6367930" lon="-79.3998690">
    <ele>76.8</ele>
    <time>2020-06-01T21:22:18Z</time>
   </trkpt>
   <trkpt lat="43.6367960" lon="-79.3998770">
    <ele>76.8</ele>
    <time>2020-06-01T21:22:19Z</time>
   </trkpt>
   <trkpt lat="43.6367890" lon="-79.3998850">
    <ele>76.8</ele>
    <time>2020-06-01T21:22:20Z</time>
   </trkpt>
   <trkpt lat="43.6367820" lon="-79.3998940">
    <ele>76.8</ele>
    <time>2020-06-01T21:22:21Z</time>
   </trkpt>
   <trkpt lat="43.6367760" lon="-79.3999030">
    <ele>76.8</ele>
    <time>2020-06-01T21:22:22Z</time>
   </trkpt>
   <trkpt lat="43.6367690" lon="-79.3999120">
    <ele>76.8</ele>
    <time>2020-06-01T21:22:23Z</time>
   </trkpt>
   <trkpt lat="43.6367640" lon="-79.3999130">
    <ele>76.8</ele>
    <time>2020-06-01T21:22:24Z</time>
   </trkpt>
   <trkpt lat="43.6367570" lon="-79.3999170">
    <ele>76.8</ele>
    <time>2020-06-01T21:22:25Z</time>
   </trkpt>
   <trkpt lat="43.6367560" lon="-79.3999180">
    <ele>76.8</ele>
    <time>2020-06-01T21:22:26Z</time>
   </trkpt>
   <trkpt lat="43.6367500" lon="-79.3998910">
    <ele>76.8</ele>
    <time>2020-06-01T21:22:27Z</time>
   </trkpt>
   <trkpt lat="43.6367410" lon="-79.3999090">
    <ele>76.8</ele>
    <time>2020-06-01T21:22:28Z</time>
   </trkpt>
   <trkpt lat="43.6367340" lon="-79.3999150">
    <ele>76.8</ele>
    <time>2020-06-01T21:22:29Z</time>
   </trkpt>
   <trkpt lat="43.6367330" lon="-79.3999200">
    <ele>76.8</ele>
    <time>2020-06-01T21:22:30Z</time>
   </trkpt>
   <trkpt lat="43.6367390" lon="-79.3999190">
    <ele>76.8</ele>
    <time>2020-06-01T21:22:31Z</time>
   </trkpt>
   <trkpt lat="43.6367390" lon="-79.3999300">
    <ele>76.8</ele>
    <time>2020-06-01T21:22:32Z</time>
   </trkpt>
   <trkpt lat="43.6367350" lon="-79.3999390">
    <ele>76.8</ele>
    <time>2020-06-01T21:22:33Z</time>
   </trkpt>
   <trkpt lat="43.6367310" lon="-79.3999550">
    <ele>76.8</ele>
    <time>2020-06-01T21:22:34Z</time>
   </trkpt>
   <trkpt lat="43.6367240" lon="-79.3999650">
    <ele>76.8</ele>
    <time>2020-06-01T21:22:35Z</time>
   </trkpt>
   <trkpt lat="43.6367050" lon="-79.3999760">
    <ele>76.8</ele>
    <time>2020-06-01T21:22:36Z</time>
   </trkpt>
   <trkpt lat="43.6366780" lon="-79.3999780">
    <ele>76.9</ele>
    <time>2020-06-01T21:22:37Z</time>
   </trkpt>
   <trkpt lat="43.6366690" lon="-79.3999770">
    <ele>76.9</ele>
    <time>2020-06-01T21:22:38Z</time>
   </trkpt>
   <trkpt lat="43.6366600" lon="-79.3999760">
    <ele>76.9</ele>
    <time>2020-06-01T21:22:39Z</time>
   </trkpt>
   <trkpt lat="43.6366450" lon="-79.3999640">
    <ele>76.9</ele>
    <time>2020-06-01T21:22:40Z</time>
   </trkpt>
   <trkpt lat="43.6366310" lon="-79.3999610">
    <ele>76.9</ele>
    <time>2020-06-01T21:22:41Z</time>
   </trkpt>
   <trkpt lat="43.6366000" lon="-79.3999630">
    <ele>76.9</ele>
    <time>2020-06-01T21:22:42Z</time>
   </trkpt>
   <trkpt lat="43.6365930" lon="-79.3999590">
    <ele>76.9</ele>
    <time>2020-06-01T21:22:43Z</time>
   </trkpt>
   <trkpt lat="43.6365640" lon="-79.3999430">
    <ele>76.9</ele>
    <time>2020-06-01T21:22:44Z</time>
   </trkpt>
   <trkpt lat="43.6365530" lon="-79.3999390">
    <ele>76.9</ele>
    <time>2020-06-01T21:22:45Z</time>
   </trkpt>
   <trkpt lat="43.6365360" lon="-79.3999160">
    <ele>76.9</ele>
    <time>2020-06-01T21:22:46Z</time>
   </trkpt>
   <trkpt lat="43.6365280" lon="-79.3999050">
    <ele>76.9</ele>
    <time>2020-06-01T21:22:47Z</time>
   </trkpt>
   <trkpt lat="43.6365200" lon="-79.3998940">
    <ele>76.9</ele>
    <time>2020-06-01T21:22:48Z</time>
   </trkpt>
   <trkpt lat="43.6364980" lon="-79.3998490">
    <ele>76.9</ele>
    <time>2020-06-01T21:22:49Z</time>
   </trkpt>
   <trkpt lat="43.6364900" lon="-79.3998320">
    <ele>76.8</ele>
    <time>2020-06-01T21:22:50Z</time>
   </trkpt>
   <trkpt lat="43.6364680" lon="-79.3997870">
    <ele>76.8</ele>
    <time>2020-06-01T21:22:51Z</time>
   </trkpt>
   <trkpt lat="43.6364430" lon="-79.3997420">
    <ele>76.8</ele>
    <time>2020-06-01T21:22:52Z</time>
   </trkpt>
   <trkpt lat="43.6364120" lon="-79.3996900">
    <ele>76.8</ele>
    <time>2020-06-01T21:22:53Z</time>
   </trkpt>
   <trkpt lat="43.6363810" lon="-79.3996360">
    <ele>76.8</ele>
    <time>2020-06-01T21:22:54Z</time>
   </trkpt>
   <trkpt lat="43.6363640" lon="-79.3996060">
    <ele>76.8</ele>
    <time>2020-06-01T21:22:55Z</time>
   </trkpt>
   <trkpt lat="43.6363470" lon="-79.3995660">
    <ele>76.8</ele>
    <time>2020-06-01T21:22:56Z</time>
   </trkpt>
   <trkpt lat="43.6363410" lon="-79.3995510">
    <ele>76.8</ele>
    <time>2020-06-01T21:22:57Z</time>
   </trkpt>
   <trkpt lat="43.6363230" lon="-79.3995120">
    <ele>76.8</ele>
    <time>2020-06-01T21:22:58Z</time>
   </trkpt>
   <trkpt lat="43.6363000" lon="-79.3994640">
    <ele>76.8</ele>
    <time>2020-06-01T21:22:59Z</time>
   </trkpt>
   <trkpt lat="43.6362910" lon="-79.3994430">
    <ele>76.8</ele>
    <time>2020-06-01T21:23:00Z</time>
   </trkpt>
   <trkpt lat="43.6362380" lon="-79.3994260">
    <ele>76.8</ele>
    <time>2020-06-01T21:23:01Z</time>
   </trkpt>
   <trkpt lat="43.6362080" lon="-79.3993950">
    <ele>76.8</ele>
    <time>2020-06-01T21:23:02Z</time>
   </trkpt>
   <trkpt lat="43.6361870" lon="-79.3993520">
    <ele>76.8</ele>
    <time>2020-06-01T21:23:03Z</time>
   </trkpt>
   <trkpt lat="43.6361560" lon="-79.3993080">
    <ele>76.8</ele>
    <time>2020-06-01T21:23:04Z</time>
   </trkpt>
   <trkpt lat="43.6361400" lon="-79.3992720">
    <ele>76.8</ele>
    <time>2020-06-01T21:23:05Z</time>
   </trkpt>
   <trkpt lat="43.6361210" lon="-79.3992350">
    <ele>76.8</ele>
    <time>2020-06-01T21:23:06Z</time>
   </trkpt>
   <trkpt lat="43.6361150" lon="-79.3992250">
    <ele>76.8</ele>
    <time>2020-06-01T21:23:07Z</time>
   </trkpt>
   <trkpt lat="43.6360970" lon="-79.3991900">
    <ele>76.8</ele>
    <time>2020-06-01T21:23:08Z</time>
   </trkpt>
   <trkpt lat="43.6360680" lon="-79.3991350">
    <ele>76.8</ele>
    <time>2020-06-01T21:23:09Z</time>
   </trkpt>
   <trkpt lat="43.6360470" lon="-79.3990830">
    <ele>76.8</ele>
    <time>2020-06-01T21:23:10Z</time>
   </trkpt>
   <trkpt lat="43.6360230" lon="-79.3990430">
    <ele>76.8</ele>
    <time>2020-06-01T21:23:11Z</time>
   </trkpt>
   <trkpt lat="43.6360140" lon="-79.3990270">
    <ele>76.8</ele>
    <time>2020-06-01T21:23:12Z</time>
   </trkpt>
   <trkpt lat="43.6359870" lon="-79.3989840">
    <ele>76.8</ele>
    <time>2020-06-01T21:23:13Z</time>
   </trkpt>
   <trkpt lat="43.6359600" lon="-79.3989460">
    <ele>76.9</ele>
    <time>2020-06-01T21:23:14Z</time>
   </trkpt>
   <trkpt lat="43.6359390" lon="-79.3989140">
    <ele>76.9</ele>
    <time>2020-06-01T21:23:15Z</time>
   </trkpt>
   <trkpt lat="43.6359210" lon="-79.3988730">
    <ele>76.9</ele>
    <time>2020-06-01T21:23:16Z</time>
   </trkpt>
   <trkpt lat="43.6359030" lon="-79.3988450">
    <ele>76.9</ele>
    <time>2020-06-01T21:23:17Z</time>
   </trkpt>
   <trkpt lat="43.6358860" lon="-79.3988120">
    <ele>76.9</ele>
    <time>2020-06-01T21:23:18Z</time>
   </trkpt>
   <trkpt lat="43.6358610" lon="-79.3987640">
    <ele>76.9</ele>
    <time>2020-06-01T21:23:19Z</time>
   </trkpt>
   <trkpt lat="43.6358500" lon="-79.3987470">
    <ele>76.9</ele>
    <time>2020-06-01T21:23:20Z</time>
   </trkpt>
   <trkpt lat="43.6358310" lon="-79.3987140">
    <ele>76.9</ele>
    <time>2020-06-01T21:23:21Z</time>
   </trkpt>
   <trkpt lat="43.6358190" lon="-79.3986570">
    <ele>76.9</ele>
    <time>2020-06-01T21:23:22Z</time>
   </trkpt>
   <trkpt lat="43.6357960" lon="-79.3986300">
    <ele>77.0</ele>
    <time>2020-06-01T21:23:23Z</time>
   </trkpt>
   <trkpt lat="43.6357880" lon="-79.3986210">
    <ele>77.0</ele>
    <time>2020-06-01T21:23:24Z</time>
   </trkpt>
   <trkpt lat="43.6357750" lon="-79.3986110">
    <ele>77.0</ele>
    <time>2020-06-01T21:23:25Z</time>
   </trkpt>
   <trkpt lat="43.6357620" lon="-79.3985940">
    <ele>77.0</ele>
    <time>2020-06-01T21:23:26Z</time>
   </trkpt>
   <trkpt lat="43.6357340" lon="-79.3985800">
    <ele>77.0</ele>
    <time>2020-06-01T21:23:27Z</time>
   </trkpt>
   <trkpt lat="43.6357260" lon="-79.3985770">
    <ele>77.0</ele>
    <time>2020-06-01T21:23:28Z</time>
   </trkpt>
   <trkpt lat="43.6356980" lon="-79.3985750">
    <ele>77.0</ele>
    <time>2020-06-01T21:23:29Z</time>
   </trkpt>
   <trkpt lat="43.6356720" lon="-79.3985600">
    <ele>77.0</ele>
    <time>2020-06-01T21:23:30Z</time>
   </trkpt>
   <trkpt lat="43.6356510" lon="-79.3985490">
    <ele>77.0</ele>
    <time>2020-06-01T21:23:31Z</time>
   </trkpt>
   <trkpt lat="43.6356440" lon="-79.3985480">
    <ele>77.0</ele>
    <time>2020-06-01T21:23:32Z</time>
   </trkpt>
   <trkpt lat="43.6356340" lon="-79.3985650">
    <ele>77.0</ele>
    <time>2020-06-01T21:23:33Z</time>
   </trkpt>
   <trkpt lat="43.6356270" lon="-79.3985900">
    <ele>77.0</ele>
    <time>2020-06-01T21:23:34Z</time>
   </trkpt>
   <trkpt lat="43.6356130" lon="-79.3986270">
    <ele>77.0</ele>
    <time>2020-06-01T21:23:35Z</time>
   </trkpt>
   <trkpt lat="43.6356100" lon="-79.3986410">
    <ele>77.0</ele>
    <time>2020-06-01T21:23:36Z</time>
   </trkpt>
   <trkpt lat="43.6355990" lon="-79.3986780">
    <ele>77.0</ele>
    <time>2020-06-01T21:23:37Z</time>
   </trkpt>
   <trkpt lat="43.6355850" lon="-79.3987180">
    <ele>77.0</ele>
    <time>2020-06-01T21:23:38Z</time>
   </trkpt>
   <trkpt lat="43.6355790" lon="-79.3987330">
    <ele>77.0</ele>
    <time>2020-06-01T21:23:39Z</time>
   </trkpt>
   <trkpt lat="43.6355620" lon="-79.3987690">
    <ele>77.0</ele>
    <time>2020-06-01T21:23:40Z</time>
   </trkpt>
   <trkpt lat="43.6355570" lon="-79.3987800">
    <ele>77.0</ele>
    <time>2020-06-01T21:23:41Z</time>
   </trkpt>
   <trkpt lat="43.6355330" lon="-79.3988190">
    <ele>77.0</ele>
    <time>2020-06-01T21:23:42Z</time>
   </trkpt>
   <trkpt lat="43.6355240" lon="-79.3988330">
    <ele>77.0</ele>
    <time>2020-06-01T21:23:43Z</time>
   </trkpt>
   <trkpt lat="43.6355030" lon="-79.3988730">
    <ele>77.0</ele>
    <time>2020-06-01T21:23:44Z</time>
   </trkpt>
   <trkpt lat="43.6354930" lon="-79.3988870">
    <ele>77.0</ele>
    <time>2020-06-01T21:23:45Z</time>
   </trkpt>
   <trkpt lat="43.6354720" lon="-79.3989280">
    <ele>77.0</ele>
    <time>2020-06-01T21:23:46Z</time>
   </trkpt>
   <trkpt lat="43.6354560" lon="-79.3989640">
    <ele>77.0</ele>
    <time>2020-06-01T21:23:47Z</time>
   </trkpt>
   <trkpt lat="43.6354440" lon="-79.3990000">
    <ele>77.0</ele>
    <time>2020-06-01T21:23:48Z</time>
   </trkpt>
   <trkpt lat="43.6354210" lon="-79.3990430">
    <ele>77.0</ele>
    <time>2020-06-01T21:23:49Z</time>
   </trkpt>
   <trkpt lat="43.6354130" lon="-79.3990580">
    <ele>77.0</ele>
    <time>2020-06-01T21:23:50Z</time>
   </trkpt>
   <trkpt lat="43.6353980" lon="-79.3990900">
    <ele>77.0</ele>
    <time>2020-06-01T21:23:51Z</time>
   </trkpt>
   <trkpt lat="43.6353720" lon="-79.3991330">
    <ele>77.0</ele>
    <time>2020-06-01T21:23:52Z</time>
   </trkpt>
   <trkpt lat="43.6353600" lon="-79.3991470">
    <ele>77.0</ele>
    <time>2020-06-01T21:23:53Z</time>
   </trkpt>
   <trkpt lat="43.6353340" lon="-79.3991840">
    <ele>77.0</ele>
    <time>2020-06-01T21:23:54Z</time>
   </trkpt>
   <trkpt lat="43.6353270" lon="-79.3991980">
    <ele>77.0</ele>
    <time>2020-06-01T21:23:55Z</time>
   </trkpt>
   <trkpt lat="43.6353010" lon="-79.3992340">
    <ele>77.0</ele>
    <time>2020-06-01T21:23:56Z</time>
   </trkpt>
   <trkpt lat="43.6352920" lon="-79.3992460">
    <ele>77.0</ele>
    <time>2020-06-01T21:23:57Z</time>
   </trkpt>
   <trkpt lat="43.6352770" lon="-79.3992780">
    <ele>77.0</ele>
    <time>2020-06-01T21:23:58Z</time>
   </trkpt>
   <trkpt lat="43.6352600" lon="-79.3993080">
    <ele>77.1</ele>
    <time>2020-06-01T21:23:59Z</time>
   </trkpt>
   <trkpt lat="43.6352490" lon="-79.3993420">
    <ele>77.1</ele>
    <time>2020-06-01T21:24:00Z</time>
   </trkpt>
   <trkpt lat="43.6352260" lon="-79.3993630">
    <ele>77.1</ele>
    <time>2020-06-01T21:24:01Z</time>
   </trkpt>
   <trkpt lat="43.6352080" lon="-79.3993970">
    <ele>77.1</ele>
    <time>2020-06-01T21:24:02Z</time>
   </trkpt>
   <trkpt lat="43.6351880" lon="-79.3994380">
    <ele>77.1</ele>
    <time>2020-06-01T21:24:03Z</time>
   </trkpt>
   <trkpt lat="43.6351780" lon="-79.3994520">
    <ele>77.1</ele>
    <time>2020-06-01T21:24:04Z</time>
   </trkpt>
   <trkpt lat="43.6351660" lon="-79.3994970">
    <ele>77.1</ele>
    <time>2020-06-01T21:24:05Z</time>
   </trkpt>
   <trkpt lat="43.6351620" lon="-79.3995150">
    <ele>77.1</ele>
    <time>2020-06-01T21:24:06Z</time>
   </trkpt>
   <trkpt lat="43.6351500" lon="-79.3995680">
    <ele>77.1</ele>
    <time>2020-06-01T21:24:07Z</time>
   </trkpt>
   <trkpt lat="43.6351460" lon="-79.3995860">
    <ele>77.1</ele>
    <time>2020-06-01T21:24:08Z</time>
   </trkpt>
   <trkpt lat="43.6351380" lon="-79.3996230">
    <ele>77.1</ele>
    <time>2020-06-01T21:24:09Z</time>
   </trkpt>
   <trkpt lat="43.6351280" lon="-79.3996580">
    <ele>77.1</ele>
    <time>2020-06-01T21:24:10Z</time>
   </trkpt>
   <trkpt lat="43.6351180" lon="-79.3997090">
    <ele>77.1</ele>
    <time>2020-06-01T21:24:11Z</time>
   </trkpt>
   <trkpt lat="43.6351130" lon="-79.3997250">
    <ele>77.1</ele>
    <time>2020-06-01T21:24:12Z</time>
   </trkpt>
   <trkpt lat="43.6350950" lon="-79.3997730">
    <ele>77.1</ele>
    <time>2020-06-01T21:24:13Z</time>
   </trkpt>
   <trkpt lat="43.6350840" lon="-79.3997890">
    <ele>77.2</ele>
    <time>2020-06-01T21:24:14Z</time>
   </trkpt>
   <trkpt lat="43.6350600" lon="-79.3998260">
    <ele>77.2</ele>
    <time>2020-06-01T21:24:15Z</time>
   </trkpt>
   <trkpt lat="43.6350370" lon="-79.3998700">
    <ele>77.2</ele>
    <time>2020-06-01T21:24:16Z</time>
   </trkpt>
   <trkpt lat="43.6350270" lon="-79.3998820">
    <ele>77.2</ele>
    <time>2020-06-01T21:24:17Z</time>
   </trkpt>
   <trkpt lat="43.6349890" lon="-79.3999090">
    <ele>77.2</ele>
    <time>2020-06-01T21:24:18Z</time>
   </trkpt>
   <trkpt lat="43.6349740" lon="-79.3999190">
    <ele>77.2</ele>
    <time>2020-06-01T21:24:19Z</time>
   </trkpt>
   <trkpt lat="43.6349490" lon="-79.3999610">
    <ele>77.2</ele>
    <time>2020-06-01T21:24:20Z</time>
   </trkpt>
   <trkpt lat="43.6349420" lon="-79.3999760">
    <ele>77.2</ele>
    <time>2020-06-01T21:24:21Z</time>
   </trkpt>
   <trkpt lat="43.6349230" lon="-79.4000030">
    <ele>77.2</ele>
    <time>2020-06-01T21:24:22Z</time>
   </trkpt>
   <trkpt lat="43.6349020" lon="-79.4000350">
    <ele>77.3</ele>
    <time>2020-06-01T21:24:23Z</time>
   </trkpt>
   <trkpt lat="43.6348680" lon="-79.4000620">
    <ele>77.3</ele>
    <time>2020-06-01T21:24:24Z</time>
   </trkpt>
   <trkpt lat="43.6348360" lon="-79.4000930">
    <ele>77.3</ele>
    <time>2020-06-01T21:24:25Z</time>
   </trkpt>
   <trkpt lat="43.6348220" lon="-79.4001020">
    <ele>77.3</ele>
    <time>2020-06-01T21:24:26Z</time>
   </trkpt>
   <trkpt lat="43.6347940" lon="-79.4001180">
    <ele>77.3</ele>
    <time>2020-06-01T21:24:27Z</time>
   </trkpt>
   <trkpt lat="43.6347660" lon="-79.4001340">
    <ele>77.3</ele>
    <time>2020-06-01T21:24:28Z</time>
   </trkpt>
   <trkpt lat="43.6347360" lon="-79.4001660">
    <ele>77.3</ele>
    <time>2020-06-01T21:24:29Z</time>
   </trkpt>
   <trkpt lat="43.6347250" lon="-79.4001770">
    <ele>77.3</ele>
    <time>2020-06-01T21:24:30Z</time>
   </trkpt>
   <trkpt lat="43.6347020" lon="-79.4001970">
    <ele>77.3</ele>
    <time>2020-06-01T21:24:31Z</time>
   </trkpt>
   <trkpt lat="43.6346800" lon="-79.4002310">
    <ele>77.3</ele>
    <time>2020-06-01T21:24:32Z</time>
   </trkpt>
   <trkpt lat="43.6346620" lon="-79.4002590">
    <ele>77.3</ele>
    <time>2020-06-01T21:24:33Z</time>
   </trkpt>
   <trkpt lat="43.6346350" lon="-79.4003030">
    <ele>77.3</ele>
    <time>2020-06-01T21:24:34Z</time>
   </trkpt>
   <trkpt lat="43.6346260" lon="-79.4003200">
    <ele>77.3</ele>
    <time>2020-06-01T21:24:35Z</time>
   </trkpt>
   <trkpt lat="43.6346060" lon="-79.4003680">
    <ele>77.3</ele>
    <time>2020-06-01T21:24:36Z</time>
   </trkpt>
   <trkpt lat="43.6345920" lon="-79.4004230">
    <ele>77.4</ele>
    <time>2020-06-01T21:24:37Z</time>
   </trkpt>
   <trkpt lat="43.6345870" lon="-79.4004440">
    <ele>77.4</ele>
    <time>2020-06-01T21:24:38Z</time>
   </trkpt>
   <trkpt lat="43.6345890" lon="-79.4004830">
    <ele>77.4</ele>
    <time>2020-06-01T21:24:39Z</time>
   </trkpt>
   <trkpt lat="43.6345950" lon="-79.4005250">
    <ele>77.4</ele>
    <time>2020-06-01T21:24:40Z</time>
   </trkpt>
   <trkpt lat="43.6345990" lon="-79.4005430">
    <ele>77.4</ele>
    <time>2020-06-01T21:24:41Z</time>
   </trkpt>
   <trkpt lat="43.6346080" lon="-79.4005610">
    <ele>77.4</ele>
    <time>2020-06-01T21:24:42Z</time>
   </trkpt>
   <trkpt lat="43.6346150" lon="-79.4005840">
    <ele>77.4</ele>
    <time>2020-06-01T21:24:43Z</time>
   </trkpt>
   <trkpt lat="43.6346120" lon="-79.4006120">
    <ele>77.3</ele>
    <time>2020-06-01T21:24:44Z</time>
   </trkpt>
   <trkpt lat="43.6346150" lon="-79.4006310">
    <ele>77.3</ele>
    <time>2020-06-01T21:24:45Z</time>
   </trkpt>
   <trkpt lat="43.6346210" lon="-79.4006580">
    <ele>77.3</ele>
    <time>2020-06-01T21:24:46Z</time>
   </trkpt>
   <trkpt lat="43.6346260" lon="-79.4006730">
    <ele>77.3</ele>
    <time>2020-06-01T21:24:47Z</time>
   </trkpt>
   <trkpt lat="43.6346330" lon="-79.4006930">
    <ele>77.3</ele>
    <time>2020-06-01T21:24:48Z</time>
   </trkpt>
   <trkpt lat="43.6346400" lon="-79.4007010">
    <ele>77.3</ele>
    <time>2020-06-01T21:24:49Z</time>
   </trkpt>
   <trkpt lat="43.6346450" lon="-79.4007100">
    <ele>77.3</ele>
    <time>2020-06-01T21:24:50Z</time>
   </trkpt>
   <trkpt lat="43.6346470" lon="-79.4007230">
    <ele>77.4</ele>
    <time>2020-06-01T21:24:51Z</time>
   </trkpt>
   <trkpt lat="43.6346510" lon="-79.4007320">
    <ele>77.4</ele>
    <time>2020-06-01T21:24:52Z</time>
   </trkpt>
   <trkpt lat="43.6346600" lon="-79.4007480">
    <ele>77.4</ele>
    <time>2020-06-01T21:24:53Z</time>
   </trkpt>
   <trkpt lat="43.6346700" lon="-79.4007850">
    <ele>77.4</ele>
    <time>2020-06-01T21:24:54Z</time>
   </trkpt>
   <trkpt lat="43.6346750" lon="-79.4007990">
    <ele>77.4</ele>
    <time>2020-06-01T21:24:55Z</time>
   </trkpt>
   <trkpt lat="43.6346770" lon="-79.4008290">
    <ele>77.5</ele>
    <time>2020-06-01T21:24:56Z</time>
   </trkpt>
   <trkpt lat="43.6346800" lon="-79.4008460">
    <ele>77.6</ele>
    <time>2020-06-01T21:24:57Z</time>
   </trkpt>
   <trkpt lat="43.6346900" lon="-79.4008850">
    <ele>77.7</ele>
    <time>2020-06-01T21:24:58Z</time>
   </trkpt>
   <trkpt lat="43.6346940" lon="-79.4008980">
    <ele>77.7</ele>
    <time>2020-06-01T21:24:59Z</time>
   </trkpt>
   <trkpt lat="43.6347060" lon="-79.4009330">
    <ele>77.7</ele>
    <time>2020-06-01T21:25:00Z</time>
   </trkpt>
   <trkpt lat="43.6347100" lon="-79.4009470">
    <ele>77.8</ele>
    <time>2020-06-01T21:25:01Z</time>
   </trkpt>
   <trkpt lat="43.6347300" lon="-79.4009820">
    <ele>77.8</ele>
    <time>2020-06-01T21:25:02Z</time>
   </trkpt>
   <trkpt lat="43.6347380" lon="-79.4009950">
    <ele>77.8</ele>
    <time>2020-06-01T21:25:03Z</time>
   </trkpt>
   <trkpt lat="43.6347570" lon="-79.4010300">
    <ele>77.8</ele>
    <time>2020-06-01T21:25:04Z</time>
   </trkpt>
   <trkpt lat="43.6347690" lon="-79.4010660">
    <ele>77.8</ele>
    <time>2020-06-01T21:25:05Z</time>
   </trkpt>
   <trkpt lat="43.6347710" lon="-79.4010800">
    <ele>77.7</ele>
    <time>2020-06-01T21:25:06Z</time>
   </trkpt>
   <trkpt lat="43.6347710" lon="-79.4011110">
    <ele>77.7</ele>
    <time>2020-06-01T21:25:07Z</time>
   </trkpt>
   <trkpt lat="43.6347740" lon="-79.4011300">
    <ele>77.6</ele>
    <time>2020-06-01T21:25:08Z</time>
   </trkpt>
   <trkpt lat="43.6347800" lon="-79.4011460">
    <ele>77.6</ele>
    <time>2020-06-01T21:25:09Z</time>
   </trkpt>
   <trkpt lat="43.6347840" lon="-79.4011550">
    <ele>77.3</ele>
    <time>2020-06-01T21:25:10Z</time>
   </trkpt>
   <trkpt lat="43.6347980" lon="-79.4011750">
    <ele>77.3</ele>
    <time>2020-06-01T21:25:11Z</time>
   </trkpt>
   <trkpt lat="43.6348160" lon="-79.4012090">
    <ele>77.3</ele>
    <time>2020-06-01T21:25:12Z</time>
   </trkpt>
   <trkpt lat="43.6348210" lon="-79.4012170">
    <ele>77.2</ele>
    <time>2020-06-01T21:25:13Z</time>
   </trkpt>
   <trkpt lat="43.6348340" lon="-79.4012270">
    <ele>77.4</ele>
    <time>2020-06-01T21:25:14Z</time>
   </trkpt>
   <trkpt lat="43.6348470" lon="-79.4012390">
    <ele>77.4</ele>
    <time>2020-06-01T21:25:15Z</time>
   </trkpt>
   <trkpt lat="43.6348690" lon="-79.4012650">
    <ele>77.3</ele>
    <time>2020-06-01T21:25:16Z</time>
   </trkpt>
   <trkpt lat="43.6348740" lon="-79.4012770">
    <ele>77.3</ele>
    <time>2020-06-01T21:25:17Z</time>
   </trkpt>
   <trkpt lat="43.6348870" lon="-79.4013030">
    <ele>77.1</ele>
    <time>2020-06-01T21:25:18Z</time>
   </trkpt>
   <trkpt lat="43.6348960" lon="-79.4013150">
    <ele>77.3</ele>
    <time>2020-06-01T21:25:19Z</time>
   </trkpt>
   <trkpt lat="43.6349060" lon="-79.4013300">
    <ele>77.1</ele>
    <time>2020-06-01T21:25:20Z</time>
   </trkpt>
   <trkpt lat="43.6349170" lon="-79.4013490">
    <ele>77.1</ele>
    <time>2020-06-01T21:25:21Z</time>
   </trkpt>
   <trkpt lat="43.6349290" lon="-79.4013660">
    <ele>77.2</ele>
    <time>2020-06-01T21:25:22Z</time>
   </trkpt>
   <trkpt lat="43.6349310" lon="-79.4013890">
    <ele>77.0</ele>
    <time>2020-06-01T21:25:23Z</time>
   </trkpt>
   <trkpt lat="43.6349390" lon="-79.4014010">
    <ele>77.0</ele>
    <time>2020-06-01T21:25:24Z</time>
   </trkpt>
   <trkpt lat="43.6349460" lon="-79.4014140">
    <ele>76.8</ele>
    <time>2020-06-01T21:25:25Z</time>
   </trkpt>
   <trkpt lat="43.6349640" lon="-79.4014310">
    <ele>76.9</ele>
    <time>2020-06-01T21:25:26Z</time>
   </trkpt>
   <trkpt lat="43.6350350" lon="-79.4014410">
    <ele>77.0</ele>
    <time>2020-06-01T21:25:27Z</time>
   </trkpt>
   <trkpt lat="43.6350750" lon="-79.4014710">
    <ele>76.8</ele>
    <time>2020-06-01T21:25:28Z</time>
   </trkpt>
   <trkpt lat="43.6351030" lon="-79.4014870">
    <ele>76.9</ele>
    <time>2020-06-01T21:25:29Z</time>
   </trkpt>
   <trkpt lat="43.6351050" lon="-79.4014940">
    <ele>76.9</ele>
    <time>2020-06-01T21:25:30Z</time>
   </trkpt>
   <trkpt lat="43.6351040" lon="-79.4015100">
    <ele>76.7</ele>
    <time>2020-06-01T21:25:31Z</time>
   </trkpt>
   <trkpt lat="43.6351220" lon="-79.4015260">
    <ele>76.8</ele>
    <time>2020-06-01T21:25:32Z</time>
   </trkpt>
   <trkpt lat="43.6351320" lon="-79.4015470">
    <ele>76.7</ele>
    <time>2020-06-01T21:25:33Z</time>
   </trkpt>
   <trkpt lat="43.6351340" lon="-79.4015630">
    <ele>76.6</ele>
    <time>2020-06-01T21:25:34Z</time>
   </trkpt>
   <trkpt lat="43.6351350" lon="-79.4015800">
    <ele>76.6</ele>
    <time>2020-06-01T21:25:35Z</time>
   </trkpt>
   <trkpt lat="43.6351360" lon="-79.4015970">
    <ele>76.5</ele>
    <time>2020-06-01T21:25:36Z</time>
   </trkpt>
   <trkpt lat="43.6351300" lon="-79.4016380">
    <ele>76.4</ele>
    <time>2020-06-01T21:25:37Z</time>
   </trkpt>
   <trkpt lat="43.6351270" lon="-79.4016500">
    <ele>76.4</ele>
    <time>2020-06-01T21:25:38Z</time>
   </trkpt>
   <trkpt lat="43.6351400" lon="-79.4016860">
    <ele>76.3</ele>
    <time>2020-06-01T21:25:39Z</time>
   </trkpt>
   <trkpt lat="43.6351400" lon="-79.4016990">
    <ele>76.3</ele>
    <time>2020-06-01T21:25:40Z</time>
   </trkpt>
   <trkpt lat="43.6351420" lon="-79.4017250">
    <ele>76.2</ele>
    <time>2020-06-01T21:25:41Z</time>
   </trkpt>
   <trkpt lat="43.6351470" lon="-79.4017450">
    <ele>76.3</ele>
    <time>2020-06-01T21:25:42Z</time>
   </trkpt>
   <trkpt lat="43.6351480" lon="-79.4017980">
    <ele>76.2</ele>
    <time>2020-06-01T21:25:43Z</time>
   </trkpt>
   <trkpt lat="43.6351470" lon="-79.4018150">
    <ele>76.0</ele>
    <time>2020-06-01T21:25:44Z</time>
   </trkpt>
   <trkpt lat="43.6351570" lon="-79.4018660">
    <ele>75.9</ele>
    <time>2020-06-01T21:25:45Z</time>
   </trkpt>
   <trkpt lat="43.6351370" lon="-79.4019140">
    <ele>75.8</ele>
    <time>2020-06-01T21:25:46Z</time>
   </trkpt>
   <trkpt lat="43.6351250" lon="-79.4019270">
    <ele>75.8</ele>
    <time>2020-06-01T21:25:47Z</time>
   </trkpt>
   <trkpt lat="43.6350980" lon="-79.4019410">
    <ele>75.8</ele>
    <time>2020-06-01T21:25:48Z</time>
   </trkpt>
   <trkpt lat="43.6350720" lon="-79.4019550">
    <ele>75.8</ele>
    <time>2020-06-01T21:25:49Z</time>
   </trkpt>
   <trkpt lat="43.6350490" lon="-79.4019880">
    <ele>75.7</ele>
    <time>2020-06-01T21:25:50Z</time>
   </trkpt>
   <trkpt lat="43.6350210" lon="-79.4020160">
    <ele>75.7</ele>
    <time>2020-06-01T21:25:51Z</time>
   </trkpt>
   <trkpt lat="43.6350130" lon="-79.4020270">
    <ele>75.7</ele>
    <time>2020-06-01T21:25:52Z</time>
   </trkpt>
   <trkpt lat="43.6349950" lon="-79.4020680">
    <ele>75.7</ele>
    <time>2020-06-01T21:25:53Z</time>
   </trkpt>
   <trkpt lat="43.6349790" lon="-79.4021020">
    <ele>75.6</ele>
    <time>2020-06-01T21:25:54Z</time>
   </trkpt>
   <trkpt lat="43.6349790" lon="-79.4021190">
    <ele>75.6</ele>
    <time>2020-06-01T21:25:55Z</time>
   </trkpt>
   <trkpt lat="43.6349900" lon="-79.4021670">
    <ele>75.7</ele>
    <time>2020-06-01T21:25:56Z</time>
   </trkpt>
   <trkpt lat="43.6350220" lon="-79.4022110">
    <ele>75.8</ele>
    <time>2020-06-01T21:25:57Z</time>
   </trkpt>
   <trkpt lat="43.6350130" lon="-79.4022220">
    <ele>75.7</ele>
    <time>2020-06-01T21:25:58Z</time>
   </trkpt>
   <trkpt lat="43.6350010" lon="-79.4022380">
    <ele>75.7</ele>
    <time>2020-06-01T21:25:59Z</time>
   </trkpt>
   <trkpt lat="43.6349930" lon="-79.4022620">
    <ele>75.7</ele>
    <time>2020-06-01T21:26:00Z</time>
   </trkpt>
   <trkpt lat="43.6349920" lon="-79.4022800">
    <ele>75.6</ele>
    <time>2020-06-01T21:26:01Z</time>
   </trkpt>
   <trkpt lat="43.6350200" lon="-79.4023360">
    <ele>75.5</ele>
    <time>2020-06-01T21:26:02Z</time>
   </trkpt>
   <trkpt lat="43.6350520" lon="-79.4023780">
    <ele>75.4</ele>
    <time>2020-06-01T21:26:03Z</time>
   </trkpt>
   <trkpt lat="43.6350290" lon="-79.4024020">
    <ele>75.2</ele>
    <time>2020-06-01T21:26:04Z</time>
   </trkpt>
   <trkpt lat="43.6350180" lon="-79.4024130">
    <ele>75.1</ele>
    <time>2020-06-01T21:26:05Z</time>
   </trkpt>
   <trkpt lat="43.6350200" lon="-79.4024790">
    <ele>75.1</ele>
    <time>2020-06-01T21:26:06Z</time>
   </trkpt>
   <trkpt lat="43.6350130" lon="-79.4025290">
    <ele>75.0</ele>
    <time>2020-06-01T21:26:07Z</time>
   </trkpt>
   <trkpt lat="43.6350230" lon="-79.4025570">
    <ele>75.1</ele>
    <time>2020-06-01T21:26:08Z</time>
   </trkpt>
   <trkpt lat="43.6350080" lon="-79.4025880">
    <ele>75.1</ele>
    <time>2020-06-01T21:26:09Z</time>
   </trkpt>
   <trkpt lat="43.6350280" lon="-79.4026510">
    <ele>75.4</ele>
    <time>2020-06-01T21:26:10Z</time>
   </trkpt>
   <trkpt lat="43.6350090" lon="-79.4026940">
    <ele>75.4</ele>
    <time>2020-06-01T21:26:11Z</time>
   </trkpt>
   <trkpt lat="43.6349990" lon="-79.4027060">
    <ele>75.5</ele>
    <time>2020-06-01T21:26:12Z</time>
   </trkpt>
   <trkpt lat="43.6349860" lon="-79.4027170">
    <ele>75.4</ele>
    <time>2020-06-01T21:26:13Z</time>
   </trkpt>
   <trkpt lat="43.6349740" lon="-79.4027300">
    <ele>75.4</ele>
    <time>2020-06-01T21:26:14Z</time>
   </trkpt>
   <trkpt lat="43.6350000" lon="-79.4027890">
    <ele>75.6</ele>
    <time>2020-06-01T21:26:15Z</time>
   </trkpt>
   <trkpt lat="43.6350370" lon="-79.4028330">
    <ele>75.7</ele>
    <time>2020-06-01T21:26:16Z</time>
   </trkpt>
   <trkpt lat="43.6350270" lon="-79.4028670">
    <ele>75.7</ele>
    <time>2020-06-01T21:26:17Z</time>
   </trkpt>
   <trkpt lat="43.6350240" lon="-79.4028800">
    <ele>75.6</ele>
    <time>2020-06-01T21:26:18Z</time>
   </trkpt>
   <trkpt lat="43.6350210" lon="-79.4029020">
    <ele>75.6</ele>
    <time>2020-06-01T21:26:19Z</time>
   </trkpt>
   <trkpt lat="43.6350200" lon="-79.4029270">
    <ele>75.6</ele>
    <time>2020-06-01T21:26:20Z</time>
   </trkpt>
   <trkpt lat="43.6352440" lon="-79.4031830">
    <ele>75.8</ele>
    <time>2020-06-01T21:26:21Z</time>
   </trkpt>
   <trkpt lat="43.6352560" lon="-79.4032140">
    <ele>75.8</ele>
    <time>2020-06-01T21:26:22Z</time>
   </trkpt>
   <trkpt lat="43.6352710" lon="-79.4032580">
    <ele>76.0</ele>
    <time>2020-06-01T21:26:23Z</time>
   </trkpt>
   <trkpt lat="43.6352780" lon="-79.4033010">
    <ele>76.0</ele>
    <time>2020-06-01T21:26:24Z</time>
   </trkpt>
   <trkpt lat="43.6352810" lon="-79.4033450">
    <ele>76.1</ele>
    <time>2020-06-01T21:26:25Z</time>
   </trkpt>
   <trkpt lat="43.6353010" lon="-79.4034060">
    <ele>76.3</ele>
    <time>2020-06-01T21:26:26Z</time>
   </trkpt>
   <trkpt lat="43.6353180" lon="-79.4034500">
    <ele>76.4</ele>
    <time>2020-06-01T21:26:27Z</time>
   </trkpt>
   <trkpt lat="43.6353480" lon="-79.4035060">
    <ele>76.5</ele>
    <time>2020-06-01T21:26:28Z</time>
   </trkpt>
   <trkpt lat="43.6353600" lon="-79.4035600">
    <ele>76.6</ele>
    <time>2020-06-01T21:26:29Z</time>
   </trkpt>
   <trkpt lat="43.6353710" lon="-79.4036020">
    <ele>76.6</ele>
    <time>2020-06-01T21:26:30Z</time>
   </trkpt>
   <trkpt lat="43.6353900" lon="-79.4036460">
    <ele>76.6</ele>
    <time>2020-06-01T21:26:31Z</time>
   </trkpt>
   <trkpt lat="43.6354050" lon="-79.4037000">
    <ele>76.7</ele>
    <time>2020-06-01T21:26:32Z</time>
   </trkpt>
   <trkpt lat="43.6354030" lon="-79.4037540">
    <ele>76.7</ele>
    <time>2020-06-01T21:26:33Z</time>
   </trkpt>
   <trkpt lat="43.6354210" lon="-79.4038230">
    <ele>76.7</ele>
    <time>2020-06-01T21:26:34Z</time>
   </trkpt>
   <trkpt lat="43.6354200" lon="-79.4038740">
    <ele>76.7</ele>
    <time>2020-06-01T21:26:35Z</time>
   </trkpt>
   <trkpt lat="43.6354170" lon="-79.4039360">
    <ele>76.7</ele>
    <time>2020-06-01T21:26:36Z</time>
   </trkpt>
   <trkpt lat="43.6354180" lon="-79.4039920">
    <ele>76.7</ele>
    <time>2020-06-01T21:26:37Z</time>
   </trkpt>
   <trkpt lat="43.6354200" lon="-79.4040420">
    <ele>76.7</ele>
    <time>2020-06-01T21:26:38Z</time>
   </trkpt>
   <trkpt lat="43.6354170" lon="-79.4040860">
    <ele>76.7</ele>
    <time>2020-06-01T21:26:39Z</time>
   </trkpt>
   <trkpt lat="43.6354180" lon="-79.4040980">
    <ele>76.7</ele>
    <time>2020-06-01T21:26:40Z</time>
   </trkpt>
   <trkpt lat="43.6354160" lon="-79.4041360">
    <ele>76.7</ele>
    <time>2020-06-01T21:26:41Z</time>
   </trkpt>
   <trkpt lat="43.6354240" lon="-79.4041800">
    <ele>76.7</ele>
    <time>2020-06-01T21:26:42Z</time>
   </trkpt>
   <trkpt lat="43.6354190" lon="-79.4042210">
    <ele>76.7</ele>
    <time>2020-06-01T21:26:43Z</time>
   </trkpt>
   <trkpt lat="43.6354230" lon="-79.4042630">
    <ele>76.7</ele>
    <time>2020-06-01T21:26:44Z</time>
   </trkpt>
   <trkpt lat="43.6354300" lon="-79.4043060">
    <ele>76.7</ele>
    <time>2020-06-01T21:26:45Z</time>
   </trkpt>
   <trkpt lat="43.6354290" lon="-79.4043210">
    <ele>76.7</ele>
    <time>2020-06-01T21:26:46Z</time>
   </trkpt>
   <trkpt lat="43.6354290" lon="-79.4043740">
    <ele>76.7</ele>
    <time>2020-06-01T21:26:47Z</time>
   </trkpt>
   <trkpt lat="43.6354290" lon="-79.4043950">
    <ele>76.7</ele>
    <time>2020-06-01T21:26:48Z</time>
   </trkpt>
   <trkpt lat="43.6354290" lon="-79.4044330">
    <ele>76.7</ele>
    <time>2020-06-01T21:26:49Z</time>
   </trkpt>
   <trkpt lat="43.6354350" lon="-79.4044770">
    <ele>76.7</ele>
    <time>2020-06-01T21:26:50Z</time>
   </trkpt>
   <trkpt lat="43.6354380" lon="-79.4044960">
    <ele>76.7</ele>
    <time>2020-06-01T21:26:51Z</time>
   </trkpt>
   <trkpt lat="43.6354480" lon="-79.4045510">
    <ele>76.7</ele>
    <time>2020-06-01T21:26:52Z</time>
   </trkpt>
   <trkpt lat="43.6354470" lon="-79.4045860">
    <ele>76.7</ele>
    <time>2020-06-01T21:26:53Z</time>
   </trkpt>
   <trkpt lat="43.6354480" lon="-79.4046040">
    <ele>76.7</ele>
    <time>2020-06-01T21:26:54Z</time>
   </trkpt>
   <trkpt lat="43.6354450" lon="-79.4046490">
    <ele>76.7</ele>
    <time>2020-06-01T21:26:55Z</time>
   </trkpt>
   <trkpt lat="43.6354440" lon="-79.4046610">
    <ele>76.7</ele>
    <time>2020-06-01T21:26:56Z</time>
   </trkpt>
   <trkpt lat="43.6354430" lon="-79.4047000">
    <ele>76.7</ele>
    <time>2020-06-01T21:26:57Z</time>
   </trkpt>
   <trkpt lat="43.6354410" lon="-79.4047130">
    <ele>76.7</ele>
    <time>2020-06-01T21:26:58Z</time>
   </trkpt>
   <trkpt lat="43.6354380" lon="-79.4047650">
    <ele>76.7</ele>
    <time>2020-06-01T21:26:59Z</time>
   </trkpt>
   <trkpt lat="43.6354330" lon="-79.4047870">
    <ele>76.8</ele>
    <time>2020-06-01T21:27:00Z</time>
   </trkpt>
   <trkpt lat="43.6354250" lon="-79.4048270">
    <ele>76.8</ele>
    <time>2020-06-01T21:27:01Z</time>
   </trkpt>
   <trkpt lat="43.6354150" lon="-79.4048630">
    <ele>76.8</ele>
    <time>2020-06-01T21:27:02Z</time>
   </trkpt>
   <trkpt lat="43.6354170" lon="-79.4049080">
    <ele>76.8</ele>
    <time>2020-06-01T21:27:03Z</time>
   </trkpt>
   <trkpt lat="43.6354150" lon="-79.4049270">
    <ele>76.8</ele>
    <time>2020-06-01T21:27:04Z</time>
   </trkpt>
   <trkpt lat="43.6354180" lon="-79.4049820">
    <ele>76.8</ele>
    <time>2020-06-01T21:27:05Z</time>
   </trkpt>
   <trkpt lat="43.6354150" lon="-79.4050030">
    <ele>76.8</ele>
    <time>2020-06-01T21:27:06Z</time>
   </trkpt>
   <trkpt lat="43.6354160" lon="-79.4050420">
    <ele>76.8</ele>
    <time>2020-06-01T21:27:07Z</time>
   </trkpt>
   <trkpt lat="43.6354170" lon="-79.4050820">
    <ele>76.9</ele>
    <time>2020-06-01T21:27:08Z</time>
   </trkpt>
   <trkpt lat="43.6354160" lon="-79.4050950">
    <ele>76.9</ele>
    <time>2020-06-01T21:27:09Z</time>
   </trkpt>
   <trkpt lat="43.6354170" lon="-79.4051410">
    <ele>76.9</ele>
    <time>2020-06-01T21:27:10Z</time>
   </trkpt>
   <trkpt lat="43.6354160" lon="-79.4051550">
    <ele>76.9</ele>
    <time>2020-06-01T21:27:11Z</time>
   </trkpt>
   <trkpt lat="43.6354140" lon="-79.4052030">
    <ele>76.9</ele>
    <time>2020-06-01T21:27:12Z</time>
   </trkpt>
   <trkpt lat="43.6354150" lon="-79.4052210">
    <ele>76.9</ele>
    <time>2020-06-01T21:27:13Z</time>
   </trkpt>
   <trkpt lat="43.6354130" lon="-79.4052590">
    <ele>76.9</ele>
    <time>2020-06-01T21:27:14Z</time>
   </trkpt>
   <trkpt lat="43.6354100" lon="-79.4053040">
    <ele>76.9</ele>
    <time>2020-06-01T21:27:15Z</time>
   </trkpt>
   <trkpt lat="43.6354090" lon="-79.4053200">
    <ele>76.9</ele>
    <time>2020-06-01T21:27:16Z</time>
   </trkpt>
   <trkpt lat="43.6354030" lon="-79.4053670">
    <ele>76.9</ele>
    <time>2020-06-01T21:27:17Z</time>
   </trkpt>
   <trkpt lat="43.6353950" lon="-79.4054100">
    <ele>76.9</ele>
    <time>2020-06-01T21:27:18Z</time>
   </trkpt>
   <trkpt lat="43.6353850" lon="-79.4054640">
    <ele>76.9</ele>
    <time>2020-06-01T21:27:19Z</time>
   </trkpt>
   <trkpt lat="43.6353780" lon="-79.4055180">
    <ele>76.9</ele>
    <time>2020-06-01T21:27:20Z</time>
   </trkpt>
   <trkpt lat="43.6353710" lon="-79.4055660">
    <ele>76.9</ele>
    <time>2020-06-01T21:27:21Z</time>
   </trkpt>
   <trkpt lat="43.6353680" lon="-79.4056100">
    <ele>76.9</ele>
    <time>2020-06-01T21:27:22Z</time>
   </trkpt>
   <trkpt lat="43.6353660" lon="-79.4056690">
    <ele>77.0</ele>
    <time>2020-06-01T21:27:23Z</time>
   </trkpt>
   <trkpt lat="43.6353640" lon="-79.4056930">
    <ele>77.0</ele>
    <time>2020-06-01T21:27:24Z</time>
   </trkpt>
   <trkpt lat="43.6353620" lon="-79.4057360">
    <ele>77.1</ele>
    <time>2020-06-01T21:27:25Z</time>
   </trkpt>
   <trkpt lat="43.6353570" lon="-79.4057760">
    <ele>77.1</ele>
    <time>2020-06-01T21:27:26Z</time>
   </trkpt>
   <trkpt lat="43.6353490" lon="-79.4058230">
    <ele>77.2</ele>
    <time>2020-06-01T21:27:27Z</time>
   </trkpt>
   <trkpt lat="43.6353480" lon="-79.4058660">
    <ele>77.3</ele>
    <time>2020-06-01T21:27:28Z</time>
   </trkpt>
   <trkpt lat="43.6353380" lon="-79.4059040">
    <ele>77.4</ele>
    <time>2020-06-01T21:27:29Z</time>
   </trkpt>
   <trkpt lat="43.6353310" lon="-79.4059550">
    <ele>77.5</ele>
    <time>2020-06-01T21:27:30Z</time>
   </trkpt>
   <trkpt lat="43.6353280" lon="-79.4059950">
    <ele>77.5</ele>
    <time>2020-06-01T21:27:31Z</time>
   </trkpt>
   <trkpt lat="43.6353240" lon="-79.4060370">
    <ele>77.6</ele>
    <time>2020-06-01T21:27:32Z</time>
   </trkpt>
   <trkpt lat="43.6353230" lon="-79.4060540">
    <ele>77.6</ele>
    <time>2020-06-01T21:27:33Z</time>
   </trkpt>
   <trkpt lat="43.6353180" lon="-79.4060920">
    <ele>77.7</ele>
    <time>2020-06-01T21:27:34Z</time>
   </trkpt>
   <trkpt lat="43.6353140" lon="-79.4061420">
    <ele>77.7</ele>
    <time>2020-06-01T21:27:35Z</time>
   </trkpt>
   <trkpt lat="43.6353120" lon="-79.4061570">
    <ele>77.7</ele>
    <time>2020-06-01T21:27:36Z</time>
   </trkpt>
   <trkpt lat="43.6353090" lon="-79.4062040">
    <ele>77.7</ele>
    <time>2020-06-01T21:27:37Z</time>
   </trkpt>
   <trkpt lat="43.6353060" lon="-79.4062220">
    <ele>77.8</ele>
    <time>2020-06-01T21:27:38Z</time>
   </trkpt>
   <trkpt lat="43.6352960" lon="-79.4062760">
    <ele>77.8</ele>
    <time>2020-06-01T21:27:39Z</time>
   </trkpt>
   <trkpt lat="43.6352910" lon="-79.4062930">
    <ele>77.8</ele>
    <time>2020-06-01T21:27:40Z</time>
   </trkpt>
   <trkpt lat="43.6352850" lon="-79.4063450">
    <ele>77.8</ele>
    <time>2020-06-01T21:27:41Z</time>
   </trkpt>
   <trkpt lat="43.6352810" lon="-79.4063620">
    <ele>77.8</ele>
    <time>2020-06-01T21:27:42Z</time>
   </trkpt>
   <trkpt lat="43.6352730" lon="-79.4064090">
    <ele>77.8</ele>
    <time>2020-06-01T21:27:43Z</time>
   </trkpt>
   <trkpt lat="43.6352610" lon="-79.4064500">
    <ele>77.8</ele>
    <time>2020-06-01T21:27:44Z</time>
   </trkpt>
   <trkpt lat="43.6352580" lon="-79.4064970">
    <ele>77.8</ele>
    <time>2020-06-01T21:27:45Z</time>
   </trkpt>
   <trkpt lat="43.6352590" lon="-79.4065110">
    <ele>77.8</ele>
    <time>2020-06-01T21:27:46Z</time>
   </trkpt>
   <trkpt lat="43.6352430" lon="-79.4065490">
    <ele>77.9</ele>
    <time>2020-06-01T21:27:47Z</time>
   </trkpt>
   <trkpt lat="43.6352370" lon="-79.4065980">
    <ele>77.9</ele>
    <time>2020-06-01T21:27:48Z</time>
   </trkpt>
   <trkpt lat="43.6352340" lon="-79.4066140">
    <ele>77.9</ele>
    <time>2020-06-01T21:27:49Z</time>
   </trkpt>
   <trkpt lat="43.6352290" lon="-79.4066620">
    <ele>78.0</ele>
    <time>2020-06-01T21:27:50Z</time>
   </trkpt>
   <trkpt lat="43.6352280" lon="-79.4066780">
    <ele>78.0</ele>
    <time>2020-06-01T21:27:51Z</time>
   </trkpt>
   <trkpt lat="43.6352130" lon="-79.4067160">
    <ele>78.0</ele>
    <time>2020-06-01T21:27:52Z</time>
   </trkpt>
   <trkpt lat="43.6352110" lon="-79.4067700">
    <ele>78.1</ele>
    <time>2020-06-01T21:27:53Z</time>
   </trkpt>
   <trkpt lat="43.6352090" lon="-79.4067860">
    <ele>78.1</ele>
    <time>2020-06-01T21:27:54Z</time>
   </trkpt>
   <trkpt lat="43.6352000" lon="-79.4068380">
    <ele>78.1</ele>
    <time>2020-06-01T21:27:55Z</time>
   </trkpt>
   <trkpt lat="43.6351970" lon="-79.4068560">
    <ele>78.1</ele>
    <time>2020-06-01T21:27:56Z</time>
   </trkpt>
   <trkpt lat="43.6351860" lon="-79.4069010">
    <ele>78.2</ele>
    <time>2020-06-01T21:27:58Z</time>
   </trkpt>
   <trkpt lat="43.6351820" lon="-79.4069140">
    <ele>78.2</ele>
    <time>2020-06-01T21:27:59Z</time>
   </trkpt>
   <trkpt lat="43.6351740" lon="-79.4069530">
    <ele>78.2</ele>
    <time>2020-06-01T21:28:00Z</time>
   </trkpt>
   <trkpt lat="43.6351700" lon="-79.4069660">
    <ele>78.2</ele>
    <time>2020-06-01T21:28:01Z</time>
   </trkpt>
   <trkpt lat="43.6351600" lon="-79.4070030">
    <ele>78.2</ele>
    <time>2020-06-01T21:28:02Z</time>
   </trkpt>
   <trkpt lat="43.6351550" lon="-79.4070150">
    <ele>78.2</ele>
    <time>2020-06-01T21:28:03Z</time>
   </trkpt>
   <trkpt lat="43.6351370" lon="-79.4070500">
    <ele>78.3</ele>
    <time>2020-06-01T21:28:04Z</time>
   </trkpt>
   <trkpt lat="43.6351260" lon="-79.4070850">
    <ele>78.3</ele>
    <time>2020-06-01T21:28:05Z</time>
   </trkpt>
   <trkpt lat="43.6351140" lon="-79.4071280">
    <ele>78.3</ele>
    <time>2020-06-01T21:28:06Z</time>
   </trkpt>
   <trkpt lat="43.6351090" lon="-79.4071430">
    <ele>78.3</ele>
    <time>2020-06-01T21:28:07Z</time>
   </trkpt>
   <trkpt lat="43.6350910" lon="-79.4071880">
    <ele>78.4</ele>
    <time>2020-06-01T21:28:08Z</time>
   </trkpt>
   <trkpt lat="43.6350850" lon="-79.4072030">
    <ele>78.4</ele>
    <time>2020-06-01T21:28:09Z</time>
   </trkpt>
   <trkpt lat="43.6350740" lon="-79.4072450">
    <ele>78.4</ele>
    <time>2020-06-01T21:28:10Z</time>
   </trkpt>
   <trkpt lat="43.6350700" lon="-79.4072570">
    <ele>78.4</ele>
    <time>2020-06-01T21:28:11Z</time>
   </trkpt>
   <trkpt lat="43.6350580" lon="-79.4073020">
    <ele>78.4</ele>
    <time>2020-06-01T21:28:12Z</time>
   </trkpt>
   <trkpt lat="43.6350540" lon="-79.4073190">
    <ele>78.4</ele>
    <time>2020-06-01T21:28:13Z</time>
   </trkpt>
   <trkpt lat="43.6350450" lon="-79.4073560">
    <ele>78.4</ele>
    <time>2020-06-01T21:28:14Z</time>
   </trkpt>
   <trkpt lat="43.6350310" lon="-79.4074060">
    <ele>78.5</ele>
    <time>2020-06-01T21:28:15Z</time>
   </trkpt>
   <trkpt lat="43.6350270" lon="-79.4074230">
    <ele>78.5</ele>
    <time>2020-06-01T21:28:16Z</time>
   </trkpt>
   <trkpt lat="43.6350110" lon="-79.4074660">
    <ele>78.5</ele>
    <time>2020-06-01T21:28:17Z</time>
   </trkpt>
   <trkpt lat="43.6350060" lon="-79.4074810">
    <ele>78.5</ele>
    <time>2020-06-01T21:28:18Z</time>
   </trkpt>
   <trkpt lat="43.6349910" lon="-79.4075280">
    <ele>78.5</ele>
    <time>2020-06-01T21:28:19Z</time>
   </trkpt>
   <trkpt lat="43.6349850" lon="-79.4075420">
    <ele>78.5</ele>
    <time>2020-06-01T21:28:20Z</time>
   </trkpt>
   <trkpt lat="43.6349670" lon="-79.4075770">
    <ele>78.6</ele>
    <time>2020-06-01T21:28:21Z</time>
   </trkpt>
   <trkpt lat="43.6349580" lon="-79.4075890">
    <ele>78.6</ele>
    <time>2020-06-01T21:28:22Z</time>
   </trkpt>
   <trkpt lat="43.6349390" lon="-79.4076260">
    <ele>78.6</ele>
    <time>2020-06-01T21:28:23Z</time>
   </trkpt>
   <trkpt lat="43.6349350" lon="-79.4076380">
    <ele>78.6</ele>
    <time>2020-06-01T21:28:24Z</time>
   </trkpt>
   <trkpt lat="43.6349090" lon="-79.4076800">
    <ele>78.6</ele>
    <time>2020-06-01T21:28:25Z</time>
   </trkpt>
   <trkpt lat="43.6348990" lon="-79.4076950">
    <ele>78.7</ele>
    <time>2020-06-01T21:28:26Z</time>
   </trkpt>
   <trkpt lat="43.6348840" lon="-79.4077270">
    <ele>78.7</ele>
    <time>2020-06-01T21:28:27Z</time>
   </trkpt>
   <trkpt lat="43.6348720" lon="-79.4077630">
    <ele>78.7</ele>
    <time>2020-06-01T21:28:28Z</time>
   </trkpt>
   <trkpt lat="43.6348490" lon="-79.4078090">
    <ele>78.7</ele>
    <time>2020-06-01T21:28:29Z</time>
   </trkpt>
   <trkpt lat="43.6348400" lon="-79.4078270">
    <ele>78.7</ele>
    <time>2020-06-01T21:28:30Z</time>
   </trkpt>
   <trkpt lat="43.6348140" lon="-79.4078620">
    <ele>78.8</ele>
    <time>2020-06-01T21:28:31Z</time>
   </trkpt>
   <trkpt lat="43.6348060" lon="-79.4078750">
    <ele>78.8</ele>
    <time>2020-06-01T21:28:32Z</time>
   </trkpt>
   <trkpt lat="43.6347940" lon="-79.4079150">
    <ele>78.8</ele>
    <time>2020-06-01T21:28:33Z</time>
   </trkpt>
   <trkpt lat="43.6347730" lon="-79.4079500">
    <ele>78.8</ele>
    <time>2020-06-01T21:28:34Z</time>
   </trkpt>
   <trkpt lat="43.6347640" lon="-79.4079590">
    <ele>78.8</ele>
    <time>2020-06-01T21:28:35Z</time>
   </trkpt>
   <trkpt lat="43.6347430" lon="-79.4080060">
    <ele>78.8</ele>
    <time>2020-06-01T21:28:36Z</time>
   </trkpt>
   <trkpt lat="43.6347340" lon="-79.4080200">
    <ele>78.8</ele>
    <time>2020-06-01T21:28:37Z</time>
   </trkpt>
   <trkpt lat="43.6347030" lon="-79.4080450">
    <ele>78.8</ele>
    <time>2020-06-01T21:28:38Z</time>
   </trkpt>
   <trkpt lat="43.6346800" lon="-79.4080880">
    <ele>78.8</ele>
    <time>2020-06-01T21:28:39Z</time>
   </trkpt>
   <trkpt lat="43.6346640" lon="-79.4081090">
    <ele>78.8</ele>
    <time>2020-06-01T21:28:40Z</time>
   </trkpt>
   <trkpt lat="43.6346510" lon="-79.4081260">
    <ele>78.8</ele>
    <time>2020-06-01T21:28:41Z</time>
   </trkpt>
   <trkpt lat="43.6346220" lon="-79.4081410">
    <ele>78.8</ele>
    <time>2020-06-01T21:28:42Z</time>
   </trkpt>
   <trkpt lat="43.6346130" lon="-79.4081450">
    <ele>78.8</ele>
    <time>2020-06-01T21:28:43Z</time>
   </trkpt>
   <trkpt lat="43.6346030" lon="-79.4081480">
    <ele>78.8</ele>
    <time>2020-06-01T21:28:44Z</time>
   </trkpt>
   <trkpt lat="43.6345980" lon="-79.4081430">
    <ele>78.8</ele>
    <time>2020-06-01T21:28:45Z</time>
   </trkpt>
   <trkpt lat="43.6346000" lon="-79.4081310">
    <ele>78.8</ele>
    <time>2020-06-01T21:28:46Z</time>
   </trkpt>
   <trkpt lat="43.6345980" lon="-79.4081130">
    <ele>78.8</ele>
    <time>2020-06-01T21:28:47Z</time>
   </trkpt>
   <trkpt lat="43.6346010" lon="-79.4080770">
    <ele>78.8</ele>
    <time>2020-06-01T21:28:48Z</time>
   </trkpt>
   <trkpt lat="43.6346030" lon="-79.4080630">
    <ele>78.8</ele>
    <time>2020-06-01T21:28:49Z</time>
   </trkpt>
   <trkpt lat="43.6346150" lon="-79.4080210">
    <ele>78.8</ele>
    <time>2020-06-01T21:28:50Z</time>
   </trkpt>
   <trkpt lat="43.6346210" lon="-79.4080070">
    <ele>78.8</ele>
    <time>2020-06-01T21:28:51Z</time>
   </trkpt>
   <trkpt lat="43.6346480" lon="-79.4079860">
    <ele>78.8</ele>
    <time>2020-06-01T21:28:52Z</time>
   </trkpt>
   <trkpt lat="43.6346750" lon="-79.4079620">
    <ele>78.8</ele>
    <time>2020-06-01T21:28:53Z</time>
   </trkpt>
   <trkpt lat="43.6346960" lon="-79.4079330">
    <ele>78.8</ele>
    <time>2020-06-01T21:28:54Z</time>
   </trkpt>
   <trkpt lat="43.6347150" lon="-79.4079010">
    <ele>78.7</ele>
    <time>2020-06-01T21:28:55Z</time>
   </trkpt>
   <trkpt lat="43.6347340" lon="-79.4078730">
    <ele>78.7</ele>
    <time>2020-06-01T21:28:56Z</time>
   </trkpt>
   <trkpt lat="43.6347620" lon="-79.4078340">
    <ele>78.7</ele>
    <time>2020-06-01T21:28:57Z</time>
   </trkpt>
   <trkpt lat="43.6347720" lon="-79.4078210">
    <ele>78.7</ele>
    <time>2020-06-01T21:28:58Z</time>
   </trkpt>
   <trkpt lat="43.6347960" lon="-79.4077790">
    <ele>78.7</ele>
    <time>2020-06-01T21:28:59Z</time>
   </trkpt>
   <trkpt lat="43.6348240" lon="-79.4077360">
    <ele>78.6</ele>
    <time>2020-06-01T21:29:00Z</time>
   </trkpt>
   <trkpt lat="43.6348420" lon="-79.4077000">
    <ele>78.6</ele>
    <time>2020-06-01T21:29:01Z</time>
   </trkpt>
   <trkpt lat="43.6348700" lon="-79.4076720">
    <ele>78.6</ele>
    <time>2020-06-01T21:29:02Z</time>
   </trkpt>
   <trkpt lat="43.6348960" lon="-79.4076370">
    <ele>78.6</ele>
    <time>2020-06-01T21:29:03Z</time>
   </trkpt>
   <trkpt lat="43.6349190" lon="-79.4076030">
    <ele>78.6</ele>
    <time>2020-06-01T21:29:04Z</time>
   </trkpt>
   <trkpt lat="43.6349410" lon="-79.4075570">
    <ele>78.5</ele>
    <time>2020-06-01T21:29:05Z</time>
   </trkpt>
   <trkpt lat="43.6349570" lon="-79.4075230">
    <ele>78.5</ele>
    <time>2020-06-01T21:29:06Z</time>
   </trkpt>
   <trkpt lat="43.6349720" lon="-79.4074860">
    <ele>78.5</ele>
    <time>2020-06-01T21:29:07Z</time>
   </trkpt>
   <trkpt lat="43.6349940" lon="-79.4074410">
    <ele>78.5</ele>
    <time>2020-06-01T21:29:08Z</time>
   </trkpt>
   <trkpt lat="43.6350040" lon="-79.4074240">
    <ele>78.5</ele>
    <time>2020-06-01T21:29:09Z</time>
   </trkpt>
   <trkpt lat="43.6350250" lon="-79.4073930">
    <ele>78.5</ele>
    <time>2020-06-01T21:29:10Z</time>
   </trkpt>
   <trkpt lat="43.6350450" lon="-79.4073600">
    <ele>78.4</ele>
    <time>2020-06-01T21:29:11Z</time>
   </trkpt>
   <trkpt lat="43.6350630" lon="-79.4073150">
    <ele>78.4</ele>
    <time>2020-06-01T21:29:12Z</time>
   </trkpt>
   <trkpt lat="43.6350680" lon="-79.4072990">
    <ele>78.4</ele>
    <time>2020-06-01T21:29:13Z</time>
   </trkpt>
   <trkpt lat="43.6350790" lon="-79.4072650">
    <ele>78.4</ele>
    <time>2020-06-01T21:29:14Z</time>
   </trkpt>
   <trkpt lat="43.6350890" lon="-79.4072270">
    <ele>78.4</ele>
    <time>2020-06-01T21:29:15Z</time>
   </trkpt>
   <trkpt lat="43.6350930" lon="-79.4071770">
    <ele>78.4</ele>
    <time>2020-06-01T21:29:16Z</time>
   </trkpt>
   <trkpt lat="43.6351020" lon="-79.4071370">
    <ele>78.3</ele>
    <time>2020-06-01T21:29:17Z</time>
   </trkpt>
   <trkpt lat="43.6351220" lon="-79.4070900">
    <ele>78.3</ele>
    <time>2020-06-01T21:29:18Z</time>
   </trkpt>
   <trkpt lat="43.6351290" lon="-79.4070740">
    <ele>78.3</ele>
    <time>2020-06-01T21:29:19Z</time>
   </trkpt>
   <trkpt lat="43.6351430" lon="-79.4070250">
    <ele>78.3</ele>
    <time>2020-06-01T21:29:20Z</time>
   </trkpt>
   <trkpt lat="43.6351460" lon="-79.4070090">
    <ele>78.3</ele>
    <time>2020-06-01T21:29:21Z</time>
   </trkpt>
   <trkpt lat="43.6351470" lon="-79.4069650">
    <ele>78.3</ele>
    <time>2020-06-01T21:29:22Z</time>
   </trkpt>
   <trkpt lat="43.6351500" lon="-79.4069500">
    <ele>78.3</ele>
    <time>2020-06-01T21:29:23Z</time>
   </trkpt>
   <trkpt lat="43.6351590" lon="-79.4069110">
    <ele>78.2</ele>
    <time>2020-06-01T21:29:24Z</time>
   </trkpt>
   <trkpt lat="43.6351770" lon="-79.4068630">
    <ele>78.2</ele>
    <time>2020-06-01T21:29:25Z</time>
   </trkpt>
   <trkpt lat="43.6351820" lon="-79.4068440">
    <ele>78.2</ele>
    <time>2020-06-01T21:29:26Z</time>
   </trkpt>
   <trkpt lat="43.6351930" lon="-79.4067980">
    <ele>78.2</ele>
    <time>2020-06-01T21:29:27Z</time>
   </trkpt>
   <trkpt lat="43.6351940" lon="-79.4067830">
    <ele>78.2</ele>
    <time>2020-06-01T21:29:28Z</time>
   </trkpt>
   <trkpt lat="43.6351990" lon="-79.4067420">
    <ele>78.1</ele>
    <time>2020-06-01T21:29:29Z</time>
   </trkpt>
   <trkpt lat="43.6352020" lon="-79.4066860">
    <ele>78.1</ele>
    <time>2020-06-01T21:29:30Z</time>
   </trkpt>
   <trkpt lat="43.6352020" lon="-79.4066670">
    <ele>78.1</ele>
    <time>2020-06-01T21:29:31Z</time>
   </trkpt>
   <trkpt lat="43.6352110" lon="-79.4066150">
    <ele>78.1</ele>
    <time>2020-06-01T21:29:32Z</time>
   </trkpt>
   <trkpt lat="43.6352160" lon="-79.4065970">
    <ele>78.1</ele>
    <time>2020-06-01T21:29:33Z</time>
   </trkpt>
   <trkpt lat="43.6352100" lon="-79.4065820">
    <ele>78.1</ele>
    <time>2020-06-01T21:29:34Z</time>
   </trkpt>
   <trkpt lat="43.6351960" lon="-79.4065790">
    <ele>78.0</ele>
    <time>2020-06-01T21:29:35Z</time>
   </trkpt>
   <trkpt lat="43.6351930" lon="-79.4065750">
    <ele>78.0</ele>
    <time>2020-06-01T21:29:36Z</time>
   </trkpt>
   <trkpt lat="43.6352050" lon="-79.4065910">
    <ele>78.0</ele>
    <time>2020-06-01T21:29:37Z</time>
   </trkpt>
   <trkpt lat="43.6351990" lon="-79.4066040">
    <ele>78.0</ele>
    <time>2020-06-01T21:43:38Z</time>
   </trkpt>
   <trkpt lat="43.6351930" lon="-79.4066170">
    <ele>78.0</ele>
    <time>2020-06-01T21:43:39Z</time>
   </trkpt>
   <trkpt lat="43.6351880" lon="-79.4066290">
    <ele>78.0</ele>
    <time>2020-06-01T21:43:40Z</time>
   </trkpt>
   <trkpt lat="43.6351820" lon="-79.4066420">
    <ele>78.0</ele>
    <time>2020-06-01T21:43:41Z</time>
   </trkpt>
   <trkpt lat="43.6351760" lon="-79.4066550">
    <ele>78.0</ele>
    <time>2020-06-01T21:43:42Z</time>
   </trkpt>
   <trkpt lat="43.6351700" lon="-79.4066680">
    <ele>78.0</ele>
    <time>2020-06-01T21:43:43Z</time>
   </trkpt>
   <trkpt lat="43.6351740" lon="-79.4066180">
    <ele>77.9</ele>
    <time>2020-06-01T21:43:44Z</time>
   </trkpt>
   <trkpt lat="43.6351750" lon="-79.4066040">
    <ele>77.9</ele>
    <time>2020-06-01T21:43:45Z</time>
   </trkpt>
   <trkpt lat="43.6351850" lon="-79.4065530">
    <ele>77.9</ele>
    <time>2020-06-01T21:43:46Z</time>
   </trkpt>
   <trkpt lat="43.6351890" lon="-79.4065350">
    <ele>77.9</ele>
    <time>2020-06-01T21:43:47Z</time>
   </trkpt>
   <trkpt lat="43.6351910" lon="-79.4064830">
    <ele>77.8</ele>
    <time>2020-06-01T21:43:48Z</time>
   </trkpt>
   <trkpt lat="43.6351920" lon="-79.4064390">
    <ele>77.8</ele>
    <time>2020-06-01T21:43:49Z</time>
   </trkpt>
   <trkpt lat="43.6352020" lon="-79.4064000">
    <ele>77.8</ele>
    <time>2020-06-01T21:43:50Z</time>
   </trkpt>
   <trkpt lat="43.6352130" lon="-79.4063570">
    <ele>77.8</ele>
    <time>2020-06-01T21:43:51Z</time>
   </trkpt>
   <trkpt lat="43.6352180" lon="-79.4063420">
    <ele>77.8</ele>
    <time>2020-06-01T21:43:52Z</time>
   </trkpt>
   <trkpt lat="43.6352380" lon="-79.4062960">
    <ele>77.8</ele>
    <time>2020-06-01T21:43:53Z</time>
   </trkpt>
   <trkpt lat="43.6352440" lon="-79.4062800">
    <ele>77.8</ele>
    <time>2020-06-01T21:43:54Z</time>
   </trkpt>
   <trkpt lat="43.6352570" lon="-79.4062340">
    <ele>77.8</ele>
    <time>2020-06-01T21:43:55Z</time>
   </trkpt>
   <trkpt lat="43.6352590" lon="-79.4062200">
    <ele>77.8</ele>
    <time>2020-06-01T21:43:56Z</time>
   </trkpt>
   <trkpt lat="43.6352690" lon="-79.4061970">
    <ele>77.7</ele>
    <time>2020-06-01T21:43:57Z</time>
   </trkpt>
   <trkpt lat="43.6352720" lon="-79.4061730">
    <ele>77.7</ele>
    <time>2020-06-01T21:43:58Z</time>
   </trkpt>
   <trkpt lat="43.6352840" lon="-79.4061200">
    <ele>77.7</ele>
    <time>2020-06-01T21:43:59Z</time>
   </trkpt>
   <trkpt lat="43.6352880" lon="-79.4061010">
    <ele>77.7</ele>
    <time>2020-06-01T21:44:00Z</time>
   </trkpt>
   <trkpt lat="43.6352940" lon="-79.4060630">
    <ele>77.6</ele>
    <time>2020-06-01T21:44:01Z</time>
   </trkpt>
   <trkpt lat="43.6352980" lon="-79.4060150">
    <ele>77.6</ele>
    <time>2020-06-01T21:44:02Z</time>
   </trkpt>
   <trkpt lat="43.6353020" lon="-79.4059940">
    <ele>77.5</ele>
    <time>2020-06-01T21:44:03Z</time>
   </trkpt>
   <trkpt lat="43.6353180" lon="-79.4059440">
    <ele>77.4</ele>
    <time>2020-06-01T21:44:04Z</time>
   </trkpt>
   <trkpt lat="43.6353230" lon="-79.4059010">
    <ele>77.4</ele>
    <time>2020-06-01T21:44:05Z</time>
   </trkpt>
   <trkpt lat="43.6353270" lon="-79.4058580">
    <ele>77.3</ele>
    <time>2020-06-01T21:44:06Z</time>
   </trkpt>
   <trkpt lat="43.6353350" lon="-79.4058070">
    <ele>77.2</ele>
    <time>2020-06-01T21:44:07Z</time>
   </trkpt>
   <trkpt lat="43.6353390" lon="-79.4057620">
    <ele>77.1</ele>
    <time>2020-06-01T21:44:08Z</time>
   </trkpt>
   <trkpt lat="43.6353470" lon="-79.4057130">
    <ele>77.0</ele>
    <time>2020-06-01T21:44:09Z</time>
   </trkpt>
   <trkpt lat="43.6353480" lon="-79.4056680">
    <ele>77.0</ele>
    <time>2020-06-01T21:44:10Z</time>
   </trkpt>
   <trkpt lat="43.6353530" lon="-79.4056290">
    <ele>76.9</ele>
    <time>2020-06-01T21:44:11Z</time>
   </trkpt>
   <trkpt lat="43.6353570" lon="-79.4055850">
    <ele>76.9</ele>
    <time>2020-06-01T21:44:12Z</time>
   </trkpt>
   <trkpt lat="43.6353560" lon="-79.4055390">
    <ele>76.9</ele>
    <time>2020-06-01T21:44:13Z</time>
   </trkpt>
   <trkpt lat="43.6353620" lon="-79.4054980">
    <ele>76.9</ele>
    <time>2020-06-01T21:44:14Z</time>
   </trkpt>
   <trkpt lat="43.6353610" lon="-79.4054510">
    <ele>76.9</ele>
    <time>2020-06-01T21:44:15Z</time>
   </trkpt>
   <trkpt lat="43.6353580" lon="-79.4054120">
    <ele>76.9</ele>
    <time>2020-06-01T21:44:16Z</time>
   </trkpt>
   <trkpt lat="43.6353570" lon="-79.4053720">
    <ele>76.9</ele>
    <time>2020-06-01T21:44:17Z</time>
   </trkpt>
   <trkpt lat="43.6353600" lon="-79.4053300">
    <ele>76.9</ele>
    <time>2020-06-01T21:44:18Z</time>
   </trkpt>
   <trkpt lat="43.6353640" lon="-79.4052870">
    <ele>76.9</ele>
    <time>2020-06-01T21:44:19Z</time>
   </trkpt>
   <trkpt lat="43.6353700" lon="-79.4052370">
    <ele>76.9</ele>
    <time>2020-06-01T21:44:20Z</time>
   </trkpt>
   <trkpt lat="43.6353740" lon="-79.4052210">
    <ele>76.9</ele>
    <time>2020-06-01T21:44:21Z</time>
   </trkpt>
   <trkpt lat="43.6353860" lon="-79.4051710">
    <ele>76.9</ele>
    <time>2020-06-01T21:44:22Z</time>
   </trkpt>
   <trkpt lat="43.6353880" lon="-79.4051540">
    <ele>76.9</ele>
    <time>2020-06-01T21:44:23Z</time>
   </trkpt>
   <trkpt lat="43.6353900" lon="-79.4051050">
    <ele>76.9</ele>
    <time>2020-06-01T21:44:24Z</time>
   </trkpt>
   <trkpt lat="43.6353920" lon="-79.4050890">
    <ele>76.9</ele>
    <time>2020-06-01T21:44:25Z</time>
   </trkpt>
   <trkpt lat="43.6354030" lon="-79.4050450">
    <ele>76.8</ele>
    <time>2020-06-01T21:44:26Z</time>
   </trkpt>
   <trkpt lat="43.6354090" lon="-79.4050300">
    <ele>76.8</ele>
    <time>2020-06-01T21:44:27Z</time>
   </trkpt>
   <trkpt lat="43.6354110" lon="-79.4049890">
    <ele>76.8</ele>
    <time>2020-06-01T21:44:28Z</time>
   </trkpt>
   <trkpt lat="43.6354180" lon="-79.4049330">
    <ele>76.8</ele>
    <time>2020-06-01T21:44:29Z</time>
   </trkpt>
   <trkpt lat="43.6354220" lon="-79.4049110">
    <ele>76.8</ele>
    <time>2020-06-01T21:44:30Z</time>
   </trkpt>
   <trkpt lat="43.6354220" lon="-79.4048690">
    <ele>76.8</ele>
    <time>2020-06-01T21:44:31Z</time>
   </trkpt>
   <trkpt lat="43.6354270" lon="-79.4048270">
    <ele>76.8</ele>
    <time>2020-06-01T21:44:32Z</time>
   </trkpt>
   <trkpt lat="43.6354250" lon="-79.4047750">
    <ele>76.7</ele>
    <time>2020-06-01T21:44:33Z</time>
   </trkpt>
   <trkpt lat="43.6354250" lon="-79.4047550">
    <ele>76.7</ele>
    <time>2020-06-01T21:44:34Z</time>
   </trkpt>
   <trkpt lat="43.6354270" lon="-79.4047120">
    <ele>76.7</ele>
    <time>2020-06-01T21:44:35Z</time>
   </trkpt>
   <trkpt lat="43.6354290" lon="-79.4046980">
    <ele>76.7</ele>
    <time>2020-06-01T21:44:36Z</time>
   </trkpt>
   <trkpt lat="43.6354420" lon="-79.4046560">
    <ele>76.7</ele>
    <time>2020-06-01T21:44:37Z</time>
   </trkpt>
   <trkpt lat="43.6354500" lon="-79.4046200">
    <ele>76.7</ele>
    <time>2020-06-01T21:44:38Z</time>
   </trkpt>
   <trkpt lat="43.6354640" lon="-79.4045650">
    <ele>76.7</ele>
    <time>2020-06-01T21:44:39Z</time>
   </trkpt>
   <trkpt lat="43.6354700" lon="-79.4045430">
    <ele>76.7</ele>
    <time>2020-06-01T21:44:40Z</time>
   </trkpt>
   <trkpt lat="43.6354830" lon="-79.4044910">
    <ele>76.7</ele>
    <time>2020-06-01T21:44:41Z</time>
   </trkpt>
   <trkpt lat="43.6354840" lon="-79.4044660">
    <ele>76.7</ele>
    <time>2020-06-01T21:44:42Z</time>
   </trkpt>
   <trkpt lat="43.6354860" lon="-79.4044230">
    <ele>76.7</ele>
    <time>2020-06-01T21:44:43Z</time>
   </trkpt>
   <trkpt lat="43.6354820" lon="-79.4043830">
    <ele>76.7</ele>
    <time>2020-06-01T21:44:44Z</time>
   </trkpt>
   <trkpt lat="43.6354780" lon="-79.4043410">
    <ele>76.7</ele>
    <time>2020-06-01T21:44:45Z</time>
   </trkpt>
   <trkpt lat="43.6354720" lon="-79.4042950">
    <ele>76.7</ele>
    <time>2020-06-01T21:44:46Z</time>
   </trkpt>
   <trkpt lat="43.6354690" lon="-79.4042810">
    <ele>76.7</ele>
    <time>2020-06-01T21:44:47Z</time>
   </trkpt>
   <trkpt lat="43.6354690" lon="-79.4042400">
    <ele>76.7</ele>
    <time>2020-06-01T21:44:48Z</time>
   </trkpt>
   <trkpt lat="43.6354760" lon="-79.4041890">
    <ele>76.7</ele>
    <time>2020-06-01T21:44:49Z</time>
   </trkpt>
   <trkpt lat="43.6354770" lon="-79.4041680">
    <ele>76.7</ele>
    <time>2020-06-01T21:44:50Z</time>
   </trkpt>
   <trkpt lat="43.6354860" lon="-79.4041300">
    <ele>76.7</ele>
    <time>2020-06-01T21:44:51Z</time>
   </trkpt>
   <trkpt lat="43.6354930" lon="-79.4040940">
    <ele>76.7</ele>
    <time>2020-06-01T21:44:52Z</time>
   </trkpt>
   <trkpt lat="43.6355040" lon="-79.4040450">
    <ele>76.7</ele>
    <time>2020-06-01T21:44:53Z</time>
   </trkpt>
   <trkpt lat="43.6355090" lon="-79.4040280">
    <ele>76.7</ele>
    <time>2020-06-01T21:44:54Z</time>
   </trkpt>
   <trkpt lat="43.6355170" lon="-79.4039810">
    <ele>76.7</ele>
    <time>2020-06-01T21:44:55Z</time>
   </trkpt>
   <trkpt lat="43.6355160" lon="-79.4039580">
    <ele>76.7</ele>
    <time>2020-06-01T21:44:56Z</time>
   </trkpt>
   <trkpt lat="43.6355180" lon="-79.4039180">
    <ele>76.7</ele>
    <time>2020-06-01T21:44:57Z</time>
   </trkpt>
   <trkpt lat="43.6355210" lon="-79.4038800">
    <ele>76.7</ele>
    <time>2020-06-01T21:44:58Z</time>
   </trkpt>
   <trkpt lat="43.6355150" lon="-79.4038350">
    <ele>76.7</ele>
    <time>2020-06-01T21:44:59Z</time>
   </trkpt>
   <trkpt lat="43.6355220" lon="-79.4037820">
    <ele>76.7</ele>
    <time>2020-06-01T21:45:00Z</time>
   </trkpt>
   <trkpt lat="43.6355280" lon="-79.4037570">
    <ele>76.7</ele>
    <time>2020-06-01T21:45:01Z</time>
   </trkpt>
   <trkpt lat="43.6355430" lon="-79.4036980">
    <ele>76.7</ele>
    <time>2020-06-01T21:45:02Z</time>
   </trkpt>
   <trkpt lat="43.6355460" lon="-79.4036690">
    <ele>76.7</ele>
    <time>2020-06-01T21:45:03Z</time>
   </trkpt>
   <trkpt lat="43.6355580" lon="-79.4036270">
    <ele>76.7</ele>
    <time>2020-06-01T21:45:04Z</time>
   </trkpt>
   <trkpt lat="43.6355660" lon="-79.4036110">
    <ele>76.7</ele>
    <time>2020-06-01T21:45:05Z</time>
   </trkpt>
   <trkpt lat="43.6355810" lon="-79.4035770">
    <ele>76.7</ele>
    <time>2020-06-01T21:45:06Z</time>
   </trkpt>
   <trkpt lat="43.6355830" lon="-79.4035400">
    <ele>76.7</ele>
    <time>2020-06-01T21:45:07Z</time>
   </trkpt>
   <trkpt lat="43.6355870" lon="-79.4034840">
    <ele>76.7</ele>
    <time>2020-06-01T21:45:08Z</time>
   </trkpt>
   <trkpt lat="43.6355920" lon="-79.4034640">
    <ele>76.7</ele>
    <time>2020-06-01T21:45:09Z</time>
   </trkpt>
   <trkpt lat="43.6356040" lon="-79.4034110">
    <ele>76.6</ele>
    <time>2020-06-01T21:45:10Z</time>
   </trkpt>
   <trkpt lat="43.6356080" lon="-79.4033920">
    <ele>76.6</ele>
    <time>2020-06-01T21:45:11Z</time>
   </trkpt>
   <trkpt lat="43.6356140" lon="-79.4033490">
    <ele>76.6</ele>
    <time>2020-06-01T21:45:12Z</time>
   </trkpt>
   <trkpt lat="43.6356180" lon="-79.4032930">
    <ele>76.6</ele>
    <time>2020-06-01T21:45:13Z</time>
   </trkpt>
   <trkpt lat="43.6356170" lon="-79.4032710">
    <ele>76.6</ele>
    <time>2020-06-01T21:45:14Z</time>
   </trkpt>
   <trkpt lat="43.6356320" lon="-79.4032240">
    <ele>76.6</ele>
    <time>2020-06-01T21:45:15Z</time>
   </trkpt>
   <trkpt lat="43.6356410" lon="-79.4031830">
    <ele>76.7</ele>
    <time>2020-06-01T21:45:16Z</time>
   </trkpt>
   <trkpt lat="43.6356510" lon="-79.4031370">
    <ele>76.7</ele>
    <time>2020-06-01T21:45:17Z</time>
   </trkpt>
   <trkpt lat="43.6356620" lon="-79.4031000">
    <ele>76.7</ele>
    <time>2020-06-01T21:45:18Z</time>
   </trkpt>
   <trkpt lat="43.6356770" lon="-79.4030460">
    <ele>76.7</ele>
    <time>2020-06-01T21:45:19Z</time>
   </trkpt>
   <trkpt lat="43.6356870" lon="-79.4030050">
    <ele>76.7</ele>
    <time>2020-06-01T21:45:20Z</time>
   </trkpt>
   <trkpt lat="43.6356980" lon="-79.4029580">
    <ele>76.7</ele>
    <time>2020-06-01T21:45:21Z</time>
   </trkpt>
   <trkpt lat="43.6357020" lon="-79.4029430">
    <ele>76.7</ele>
    <time>2020-06-01T21:45:22Z</time>
   </trkpt>
   <trkpt lat="43.6357210" lon="-79.4028990">
    <ele>77.0</ele>
    <time>2020-06-01T21:45:23Z</time>
   </trkpt>
   <trkpt lat="43.6357280" lon="-79.4028840">
    <ele>77.0</ele>
    <time>2020-06-01T21:45:24Z</time>
   </trkpt>
   <trkpt lat="43.6357430" lon="-79.4028480">
    <ele>77.0</ele>
    <time>2020-06-01T21:45:25Z</time>
   </trkpt>
   <trkpt lat="43.6357480" lon="-79.4028320">
    <ele>77.0</ele>
    <time>2020-06-01T21:45:26Z</time>
   </trkpt>
   <trkpt lat="43.6357640" lon="-79.4027960">
    <ele>77.1</ele>
    <time>2020-06-01T21:45:27Z</time>
   </trkpt>
   <trkpt lat="43.6357820" lon="-79.4027450">
    <ele>77.2</ele>
    <time>2020-06-01T21:45:28Z</time>
   </trkpt>
   <trkpt lat="43.6357890" lon="-79.4027270">
    <ele>77.1</ele>
    <time>2020-06-01T21:45:29Z</time>
   </trkpt>
   <trkpt lat="43.6358040" lon="-79.4026900">
    <ele>77.1</ele>
    <time>2020-06-01T21:45:30Z</time>
   </trkpt>
   <trkpt lat="43.6358180" lon="-79.4026510">
    <ele>77.1</ele>
    <time>2020-06-01T21:45:31Z</time>
   </trkpt>
   <trkpt lat="43.6358220" lon="-79.4026360">
    <ele>77.1</ele>
    <time>2020-06-01T21:45:32Z</time>
   </trkpt>
   <trkpt lat="43.6358310" lon="-79.4026150">
    <ele>77.1</ele>
    <time>2020-06-01T21:45:33Z</time>
   </trkpt>
   <trkpt lat="43.6358360" lon="-79.4025920">
    <ele>77.1</ele>
    <time>2020-06-01T21:45:34Z</time>
   </trkpt>
   <trkpt lat="43.6358480" lon="-79.4025560">
    <ele>77.0</ele>
    <time>2020-06-01T21:45:35Z</time>
   </trkpt>
   <trkpt lat="43.6358520" lon="-79.4025410">
    <ele>77.0</ele>
    <time>2020-06-01T21:45:36Z</time>
   </trkpt>
   <trkpt lat="43.6358560" lon="-79.4024970">
    <ele>77.0</ele>
    <time>2020-06-01T21:45:37Z</time>
   </trkpt>
   <trkpt lat="43.6358590" lon="-79.4024840">
    <ele>77.0</ele>
    <time>2020-06-01T21:45:38Z</time>
   </trkpt>
   <trkpt lat="43.6358710" lon="-79.4024360">
    <ele>77.0</ele>
    <time>2020-06-01T21:45:39Z</time>
   </trkpt>
   <trkpt lat="43.6358770" lon="-79.4024230">
    <ele>77.0</ele>
    <time>2020-06-01T21:45:40Z</time>
   </trkpt>
   <trkpt lat="43.6358890" lon="-79.4023770">
    <ele>76.9</ele>
    <time>2020-06-01T21:45:41Z</time>
   </trkpt>
   <trkpt lat="43.6358930" lon="-79.4023630">
    <ele>76.9</ele>
    <time>2020-06-01T21:45:42Z</time>
   </trkpt>
   <trkpt lat="43.6358830" lon="-79.4023140">
    <ele>76.9</ele>
    <time>2020-06-01T21:45:43Z</time>
   </trkpt>
   <trkpt lat="43.6358770" lon="-79.4022630">
    <ele>76.9</ele>
    <time>2020-06-01T21:45:44Z</time>
   </trkpt>
   <trkpt lat="43.6358810" lon="-79.4022110">
    <ele>76.9</ele>
    <time>2020-06-01T21:45:45Z</time>
   </trkpt>
   <trkpt lat="43.6358820" lon="-79.4021900">
    <ele>76.9</ele>
    <time>2020-06-01T21:45:46Z</time>
   </trkpt>
   <trkpt lat="43.6358710" lon="-79.4021440">
    <ele>76.9</ele>
    <time>2020-06-01T21:45:47Z</time>
   </trkpt>
   <trkpt lat="43.6358630" lon="-79.4021010">
    <ele>76.8</ele>
    <time>2020-06-01T21:45:48Z</time>
   </trkpt>
   <trkpt lat="43.6358600" lon="-79.4020810">
    <ele>76.8</ele>
    <time>2020-06-01T21:45:49Z</time>
   </trkpt>
   <trkpt lat="43.6358450" lon="-79.4020410">
    <ele>76.8</ele>
    <time>2020-06-01T21:45:50Z</time>
   </trkpt>
   <trkpt lat="43.6358450" lon="-79.4020280">
    <ele>76.8</ele>
    <time>2020-06-01T21:45:51Z</time>
   </trkpt>
   <trkpt lat="43.6358330" lon="-79.4019770">
    <ele>76.8</ele>
    <time>2020-06-01T21:45:52Z</time>
   </trkpt>
   <trkpt lat="43.6358320" lon="-79.4019380">
    <ele>76.8</ele>
    <time>2020-06-01T21:45:53Z</time>
   </trkpt>
   <trkpt lat="43.6358320" lon="-79.4018750">
    <ele>76.8</ele>
    <time>2020-06-01T21:45:54Z</time>
   </trkpt>
   <trkpt lat="43.6358300" lon="-79.4018490">
    <ele>76.8</ele>
    <time>2020-06-01T21:45:55Z</time>
   </trkpt>
   <trkpt lat="43.6358260" lon="-79.4018000">
    <ele>76.7</ele>
    <time>2020-06-01T21:45:56Z</time>
   </trkpt>
   <trkpt lat="43.6358250" lon="-79.4017600">
    <ele>76.7</ele>
    <time>2020-06-01T21:45:57Z</time>
   </trkpt>
   <trkpt lat="43.6358270" lon="-79.4017070">
    <ele>76.7</ele>
    <time>2020-06-01T21:45:58Z</time>
   </trkpt>
   <trkpt lat="43.6358240" lon="-79.4016850">
    <ele>76.7</ele>
    <time>2020-06-01T21:45:59Z</time>
   </trkpt>
   <trkpt lat="43.6358200" lon="-79.4016450">
    <ele>76.7</ele>
    <time>2020-06-01T21:46:00Z</time>
   </trkpt>
   <trkpt lat="43.6358230" lon="-79.4016070">
    <ele>76.7</ele>
    <time>2020-06-01T21:46:01Z</time>
   </trkpt>
   <trkpt lat="43.6358380" lon="-79.4015620">
    <ele>76.7</ele>
    <time>2020-06-01T21:46:02Z</time>
   </trkpt>
   <trkpt lat="43.6358460" lon="-79.4015480">
    <ele>76.7</ele>
    <time>2020-06-01T21:46:03Z</time>
   </trkpt>
   <trkpt lat="43.6358500" lon="-79.4015050">
    <ele>76.7</ele>
    <time>2020-06-01T21:46:04Z</time>
   </trkpt>
   <trkpt lat="43.6358520" lon="-79.4014510">
    <ele>76.7</ele>
    <time>2020-06-01T21:46:05Z</time>
   </trkpt>
   <trkpt lat="43.6358520" lon="-79.4014310">
    <ele>76.7</ele>
    <time>2020-06-01T21:46:06Z</time>
   </trkpt>
   <trkpt lat="43.6358550" lon="-79.4013920">
    <ele>76.7</ele>
    <time>2020-06-01T21:46:07Z</time>
   </trkpt>
   <trkpt lat="43.6358580" lon="-79.4013520">
    <ele>76.7</ele>
    <time>2020-06-01T21:46:08Z</time>
   </trkpt>
   <trkpt lat="43.6358750" lon="-79.4013040">
    <ele>76.7</ele>
    <time>2020-06-01T21:46:09Z</time>
   </trkpt>
   <trkpt lat="43.6358780" lon="-79.4012600">
    <ele>76.7</ele>
    <time>2020-06-01T21:46:10Z</time>
   </trkpt>
   <trkpt lat="43.6358830" lon="-79.4012130">
    <ele>76.7</ele>
    <time>2020-06-01T21:46:11Z</time>
   </trkpt>
   <trkpt lat="43.6358850" lon="-79.4011620">
    <ele>76.7</ele>
    <time>2020-06-01T21:46:12Z</time>
   </trkpt>
   <trkpt lat="43.6358850" lon="-79.4011430">
    <ele>76.7</ele>
    <time>2020-06-01T21:46:13Z</time>
   </trkpt>
   <trkpt lat="43.6358850" lon="-79.4010890">
    <ele>76.7</ele>
    <time>2020-06-01T21:46:14Z</time>
   </trkpt>
   <trkpt lat="43.6358890" lon="-79.4010640">
    <ele>76.7</ele>
    <time>2020-06-01T21:46:15Z</time>
   </trkpt>
   <trkpt lat="43.6358790" lon="-79.4010180">
    <ele>76.7</ele>
    <time>2020-06-01T21:46:16Z</time>
   </trkpt>
   <trkpt lat="43.6358750" lon="-79.4010020">
    <ele>76.7</ele>
    <time>2020-06-01T21:46:17Z</time>
   </trkpt>
   <trkpt lat="43.6358800" lon="-79.4009510">
    <ele>76.7</ele>
    <time>2020-06-01T21:46:18Z</time>
   </trkpt>
   <trkpt lat="43.6358820" lon="-79.4009330">
    <ele>76.7</ele>
    <time>2020-06-01T21:46:19Z</time>
   </trkpt>
   <trkpt lat="43.6358930" lon="-79.4008680">
    <ele>76.7</ele>
    <time>2020-06-01T21:46:20Z</time>
   </trkpt>
   <trkpt lat="43.6359080" lon="-79.4008290">
    <ele>76.7</ele>
    <time>2020-06-01T21:46:21Z</time>
   </trkpt>
   <trkpt lat="43.6359040" lon="-79.4007880">
    <ele>76.7</ele>
    <time>2020-06-01T21:46:22Z</time>
   </trkpt>
   <trkpt lat="43.6359040" lon="-79.4007740">
    <ele>76.7</ele>
    <time>2020-06-01T21:46:23Z</time>
   </trkpt>
   <trkpt lat="43.6358910" lon="-79.4007380">
    <ele>76.8</ele>
    <time>2020-06-01T21:46:24Z</time>
   </trkpt>
   <trkpt lat="43.6358840" lon="-79.4007240">
    <ele>76.9</ele>
    <time>2020-06-01T21:46:25Z</time>
   </trkpt>
   <trkpt lat="43.6358870" lon="-79.4006800">
    <ele>77.0</ele>
    <time>2020-06-01T21:46:26Z</time>
   </trkpt>
   <trkpt lat="43.6358990" lon="-79.4006610">
    <ele>77.0</ele>
    <time>2020-06-01T21:46:27Z</time>
   </trkpt>
   <trkpt lat="43.6358930" lon="-79.4006160">
    <ele>77.0</ele>
    <time>2020-06-01T21:46:28Z</time>
   </trkpt>
   <trkpt lat="43.6358890" lon="-79.4006010">
    <ele>77.0</ele>
    <time>2020-06-01T21:46:29Z</time>
   </trkpt>
   <trkpt lat="43.6358690" lon="-79.4005650">
    <ele>77.0</ele>
    <time>2020-06-01T21:46:30Z</time>
   </trkpt>
   <trkpt lat="43.6358650" lon="-79.4005530">
    <ele>77.0</ele>
    <time>2020-06-01T21:46:31Z</time>
   </trkpt>
   <trkpt lat="43.6358760" lon="-79.4005050">
    <ele>76.9</ele>
    <time>2020-06-01T21:46:32Z</time>
   </trkpt>
   <trkpt lat="43.6359020" lon="-79.4004750">
    <ele>76.9</ele>
    <time>2020-06-01T21:46:33Z</time>
   </trkpt>
   <trkpt lat="43.6358950" lon="-79.4004310">
    <ele>76.9</ele>
    <time>2020-06-01T21:46:34Z</time>
   </trkpt>
   <trkpt lat="43.6358950" lon="-79.4004150">
    <ele>77.0</ele>
    <time>2020-06-01T21:46:35Z</time>
   </trkpt>
   <trkpt lat="43.6358850" lon="-79.4003740">
    <ele>77.1</ele>
    <time>2020-06-01T21:46:36Z</time>
   </trkpt>
   <trkpt lat="43.6358620" lon="-79.4003320">
    <ele>77.2</ele>
    <time>2020-06-01T21:46:37Z</time>
   </trkpt>
   <trkpt lat="43.6358380" lon="-79.4002930">
    <ele>77.4</ele>
    <time>2020-06-01T21:46:38Z</time>
   </trkpt>
   <trkpt lat="43.6359390" lon="-79.4002360">
    <ele>77.6</ele>
    <time>2020-06-01T21:46:39Z</time>
   </trkpt>
   <trkpt lat="43.6359290" lon="-79.4001850">
    <ele>77.7</ele>
    <time>2020-06-01T21:46:40Z</time>
   </trkpt>
   <trkpt lat="43.6359270" lon="-79.4001680">
    <ele>77.7</ele>
    <time>2020-06-01T21:46:41Z</time>
   </trkpt>
   <trkpt lat="43.6359250" lon="-79.4001310">
    <ele>77.7</ele>
    <time>2020-06-01T21:46:42Z</time>
   </trkpt>
   <trkpt lat="43.6359260" lon="-79.4000860">
    <ele>77.7</ele>
    <time>2020-06-01T21:46:43Z</time>
   </trkpt>
   <trkpt lat="43.6359250" lon="-79.4000460">
    <ele>77.7</ele>
    <time>2020-06-01T21:46:44Z</time>
   </trkpt>
   <trkpt lat="43.6359600" lon="-79.4000040">
    <ele>77.6</ele>
    <time>2020-06-01T21:46:45Z</time>
   </trkpt>
   <trkpt lat="43.6359530" lon="-79.3999680">
    <ele>77.6</ele>
    <time>2020-06-01T21:46:46Z</time>
   </trkpt>
   <trkpt lat="43.6359480" lon="-79.3999250">
    <ele>77.5</ele>
    <time>2020-06-01T21:46:47Z</time>
   </trkpt>
   <trkpt lat="43.6359440" lon="-79.3999100">
    <ele>77.5</ele>
    <time>2020-06-01T21:46:48Z</time>
   </trkpt>
   <trkpt lat="43.6359340" lon="-79.3998640">
    <ele>77.5</ele>
    <time>2020-06-01T21:46:49Z</time>
   </trkpt>
   <trkpt lat="43.6359290" lon="-79.3998480">
    <ele>77.4</ele>
    <time>2020-06-01T21:46:50Z</time>
   </trkpt>
   <trkpt lat="43.6359640" lon="-79.3998170">
    <ele>77.4</ele>
    <time>2020-06-01T21:46:51Z</time>
   </trkpt>
   <trkpt lat="43.6359910" lon="-79.3997800">
    <ele>77.4</ele>
    <time>2020-06-01T21:46:52Z</time>
   </trkpt>
   <trkpt lat="43.6359990" lon="-79.3997640">
    <ele>77.3</ele>
    <time>2020-06-01T21:46:53Z</time>
   </trkpt>
   <trkpt lat="43.6360090" lon="-79.3997280">
    <ele>77.3</ele>
    <time>2020-06-01T21:46:54Z</time>
   </trkpt>
   <trkpt lat="43.6360110" lon="-79.3996770">
    <ele>77.3</ele>
    <time>2020-06-01T21:46:55Z</time>
   </trkpt>
   <trkpt lat="43.6360140" lon="-79.3996600">
    <ele>77.3</ele>
    <time>2020-06-01T21:46:56Z</time>
   </trkpt>
   <trkpt lat="43.6360270" lon="-79.3996380">
    <ele>77.2</ele>
    <time>2020-06-01T21:46:57Z</time>
   </trkpt>
   <trkpt lat="43.6360210" lon="-79.3996180">
    <ele>77.2</ele>
    <time>2020-06-01T21:46:58Z</time>
   </trkpt>
   <trkpt lat="43.6360540" lon="-79.3995940">
    <ele>77.2</ele>
    <time>2020-06-01T21:46:59Z</time>
   </trkpt>
   <trkpt lat="43.6360660" lon="-79.3995890">
    <ele>77.2</ele>
    <time>2020-06-01T21:47:00Z</time>
   </trkpt>
   <trkpt lat="43.6360790" lon="-79.3995820">
    <ele>77.1</ele>
    <time>2020-06-01T21:47:01Z</time>
   </trkpt>
   <trkpt lat="43.6360870" lon="-79.3995580">
    <ele>77.1</ele>
    <time>2020-06-01T21:47:02Z</time>
   </trkpt>
   <trkpt lat="43.6361010" lon="-79.3995190">
    <ele>77.0</ele>
    <time>2020-06-01T21:47:03Z</time>
   </trkpt>
   <trkpt lat="43.6361040" lon="-79.3994940">
    <ele>77.0</ele>
    <time>2020-06-01T21:47:04Z</time>
   </trkpt>
   <trkpt lat="43.6361070" lon="-79.3994690">
    <ele>76.8</ele>
    <time>2020-06-01T21:47:05Z</time>
   </trkpt>
   <trkpt lat="43.6361050" lon="-79.3994260">
    <ele>76.8</ele>
    <time>2020-06-01T21:47:06Z</time>
   </trkpt>
   <trkpt lat="43.6361010" lon="-79.3994120">
    <ele>76.8</ele>
    <time>2020-06-01T21:47:07Z</time>
   </trkpt>
   <trkpt lat="43.6361030" lon="-79.3993850">
    <ele>76.6</ele>
    <time>2020-06-01T21:47:08Z</time>
   </trkpt>
   <trkpt lat="43.6360990" lon="-79.3993630">
    <ele>76.6</ele>
    <time>2020-06-01T21:47:09Z</time>
   </trkpt>
   <trkpt lat="43.6360890" lon="-79.3993190">
    <ele>76.4</ele>
    <time>2020-06-01T21:47:10Z</time>
   </trkpt>
   <trkpt lat="43.6360840" lon="-79.3993050">
    <ele>76.3</ele>
    <time>2020-06-01T21:47:11Z</time>
   </trkpt>
   <trkpt lat="43.6360730" lon="-79.3992700">
    <ele>76.4</ele>
    <time>2020-06-01T21:47:12Z</time>
   </trkpt>
   <trkpt lat="43.6360630" lon="-79.3992350">
    <ele>76.2</ele>
    <time>2020-06-01T21:47:13Z</time>
   </trkpt>
   <trkpt lat="43.6360580" lon="-79.3992210">
    <ele>76.0</ele>
    <time>2020-06-01T21:47:14Z</time>
   </trkpt>
   <trkpt lat="43.6360440" lon="-79.3991860">
    <ele>76.1</ele>
    <time>2020-06-01T21:47:15Z</time>
   </trkpt>
   <trkpt lat="43.6360410" lon="-79.3991740">
    <ele>75.9</ele>
    <time>2020-06-01T21:47:16Z</time>
   </trkpt>
   <trkpt lat="43.6368270" lon="-79.4006130">
    <ele>76.7</ele>
    <time>2020-06-01T21:57:06Z</time>
   </trkpt>
   <trkpt lat="43.6367120" lon="-79.4001840">
    <ele>76.6</ele>
    <time>2020-06-01T21:57:07Z</time>
   </trkpt>
   <trkpt lat="43.6367130" lon="-79.4001900">
    <ele>76.6</ele>
    <time>2020-06-01T21:57:08Z</time>
   </trkpt>
   <trkpt lat="43.6366510" lon="-79.4000880">
    <ele>76.6</ele>
    <time>2020-06-01T21:57:09Z</time>
   </trkpt>
   <trkpt lat="43.6367210" lon="-79.3999770">
    <ele>76.7</ele>
    <time>2020-06-01T21:57:10Z</time>
   </trkpt>
   <trkpt lat="43.6367350" lon="-79.3998960">
    <ele>76.7</ele>
    <time>2020-06-01T21:57:11Z</time>
   </trkpt>
   <trkpt lat="43.6367360" lon="-79.3999040">
    <ele>76.7</ele>
    <time>2020-06-01T21:57:12Z</time>
   </trkpt>
   <trkpt lat="43.6367510" lon="-79.3999320">
    <ele>76.7</ele>
    <time>2020-06-01T21:57:13Z</time>
   </trkpt>
   <trkpt lat="43.6367950" lon="-79.3999290">
    <ele>76.7</ele>
    <time>2020-06-01T21:57:14Z</time>
   </trkpt>
   <trkpt lat="43.6368330" lon="-79.3999330">
    <ele>76.7</ele>
    <time>2020-06-01T21:57:15Z</time>
   </trkpt>
   <trkpt lat="43.6368480" lon="-79.3999300">
    <ele>76.7</ele>
    <time>2020-06-01T21:57:16Z</time>
   </trkpt>
   <trkpt lat="43.6368770" lon="-79.3999260">
    <ele>76.8</ele>
    <time>2020-06-01T21:57:17Z</time>
   </trkpt>
   <trkpt lat="43.6369220" lon="-79.3999200">
    <ele>76.8</ele>
    <time>2020-06-01T21:57:18Z</time>
   </trkpt>
   <trkpt lat="43.6369810" lon="-79.3999110">
    <ele>76.8</ele>
    <time>2020-06-01T21:57:19Z</time>
   </trkpt>
   <trkpt lat="43.6370550" lon="-79.3999000">
    <ele>76.8</ele>
    <time>2020-06-01T21:57:20Z</time>
   </trkpt>
   <trkpt lat="43.6370000" lon="-79.3999390">
    <ele>76.8</ele>
    <time>2020-06-01T21:57:21Z</time>
   </trkpt>
   <trkpt lat="43.6367360" lon="-79.3999520">
    <ele>76.6</ele>
    <time>2020-06-01T21:57:22Z</time>
   </trkpt>
   <trkpt lat="43.6367120" lon="-79.4000310">
    <ele>76.6</ele>
    <time>2020-06-01T21:57:23Z</time>
   </trkpt>
   <trkpt lat="43.6367280" lon="-79.3999900">
    <ele>76.6</ele>
    <time>2020-06-01T21:57:24Z</time>
   </trkpt>
   <trkpt lat="43.6367310" lon="-79.3999990">
    <ele>76.6</ele>
    <time>2020-06-01T21:57:25Z</time>
   </trkpt>
   <trkpt lat="43.6369840" lon="-79.4001430">
    <ele>76.9</ele>
    <time>2020-06-01T21:57:26Z</time>
   </trkpt>
   <trkpt lat="43.6371180" lon="-79.4001920">
    <ele>77.0</ele>
    <time>2020-06-01T21:57:27Z</time>
   </trkpt>
   <trkpt lat="43.6372530" lon="-79.4002330">
    <ele>77.0</ele>
    <time>2020-06-01T21:57:28Z</time>
   </trkpt>
   <trkpt lat="43.6372450" lon="-79.4002340">
    <ele>77.0</ele>
    <time>2020-06-01T21:57:29Z</time>
   </trkpt>
   <trkpt lat="43.6373000" lon="-79.4002060">
    <ele>77.0</ele>
    <time>2020-06-01T21:57:30Z</time>
   </trkpt>
   <trkpt lat="43.6372930" lon="-79.4002040">
    <ele>77.0</ele>
    <time>2020-06-01T21:57:31Z</time>
   </trkpt>
   <trkpt lat="43.6372770" lon="-79.4001990">
    <ele>77.0</ele>
    <time>2020-06-01T21:57:32Z</time>
   </trkpt>
   <trkpt lat="43.6372550" lon="-79.4001930">
    <ele>77.0</ele>
    <time>2020-06-01T21:57:33Z</time>
   </trkpt>
   <trkpt lat="43.6373500" lon="-79.4002060">
    <ele>77.1</ele>
    <time>2020-06-01T21:57:34Z</time>
   </trkpt>
   <trkpt lat="43.6374470" lon="-79.4002550">
    <ele>77.4</ele>
    <time>2020-06-01T21:57:35Z</time>
   </trkpt>
   <trkpt lat="43.6375390" lon="-79.4001930">
    <ele>77.4</ele>
    <time>2020-06-01T21:57:36Z</time>
   </trkpt>
   <trkpt lat="43.6375640" lon="-79.4001540">
    <ele>77.4</ele>
    <time>2020-06-01T21:57:37Z</time>
   </trkpt>
   <trkpt lat="43.6375400" lon="-79.4001490">
    <ele>77.4</ele>
    <time>2020-06-01T21:57:38Z</time>
   </trkpt>
   <trkpt lat="43.6375320" lon="-79.4000750">
    <ele>77.5</ele>
    <time>2020-06-01T21:57:39Z</time>
   </trkpt>
   <trkpt lat="43.6375360" lon="-79.4000550">
    <ele>77.5</ele>
    <time>2020-06-01T21:57:40Z</time>
   </trkpt>
   <trkpt lat="43.6375690" lon="-79.4000010">
    <ele>77.5</ele>
    <time>2020-06-01T21:57:41Z</time>
   </trkpt>
   <trkpt lat="43.6375890" lon="-79.3999880">
    <ele>77.5</ele>
    <time>2020-06-01T21:57:42Z</time>
   </trkpt>
   <trkpt lat="43.6376130" lon="-79.3999850">
    <ele>77.5</ele>
    <time>2020-06-01T21:57:43Z</time>
   </trkpt>
   <trkpt lat="43.6376340" lon="-79.3999840">
    <ele>77.5</ele>
    <time>2020-06-01T21:57:44Z</time>
   </trkpt>
   <trkpt lat="43.6376510" lon="-79.3999880">
    <ele>77.5</ele>
    <time>2020-06-01T21:57:45Z</time>
   </trkpt>
   <trkpt lat="43.6376670" lon="-79.3999910">
    <ele>77.5</ele>
    <time>2020-06-01T21:57:46Z</time>
   </trkpt>
   <trkpt lat="43.6376610" lon="-79.4000030">
    <ele>77.6</ele>
    <time>2020-06-01T21:57:47Z</time>
   </trkpt>
   <trkpt lat="43.6376480" lon="-79.4000260">
    <ele>77.6</ele>
    <time>2020-06-01T21:57:48Z</time>
   </trkpt>
   <trkpt lat="43.6376290" lon="-79.4000600">
    <ele>77.6</ele>
    <time>2020-06-01T21:57:49Z</time>
   </trkpt>
   <trkpt lat="43.6376040" lon="-79.4001060">
    <ele>77.6</ele>
    <time>2020-06-01T21:57:50Z</time>
   </trkpt>
   <trkpt lat="43.6375730" lon="-79.4001640">
    <ele>77.7</ele>
    <time>2020-06-01T21:57:51Z</time>
   </trkpt>
   <trkpt lat="43.6381080" lon="-79.4007470">
    <ele>79.9</ele>
    <time>2020-06-01T21:57:52Z</time>
   </trkpt>
   <trkpt lat="43.6382060" lon="-79.4006940">
    <ele>80.1</ele>
    <time>2020-06-01T21:57:53Z</time>
   </trkpt>
   <trkpt lat="43.6382380" lon="-79.4007450">
    <ele>80.2</ele>
    <time>2020-06-01T21:57:54Z</time>
   </trkpt>
   <trkpt lat="43.6382410" lon="-79.4007490">
    <ele>80.2</ele>
    <time>2020-06-01T21:57:55Z</time>
   </trkpt>
   <trkpt lat="43.6382450" lon="-79.4007530">
    <ele>80.2</ele>
    <time>2020-06-01T21:57:56Z</time>
   </trkpt>
   <trkpt lat="43.6382480" lon="-79.4007580">
    <ele>80.2</ele>
    <time>2020-06-01T21:57:57Z</time>
   </trkpt>
   <trkpt lat="43.6382510" lon="-79.4007620">
    <ele>80.3</ele>
    <time>2020-06-01T21:57:58Z</time>
   </trkpt>
   <trkpt lat="43.6382540" lon="-79.4007660">
    <ele>80.3</ele>
    <time>2020-06-01T21:57:59Z</time>
   </trkpt>
   <trkpt lat="43.6382680" lon="-79.4008730">
    <ele>80.5</ele>
    <time>2020-06-01T21:58:00Z</time>
   </trkpt>
   <trkpt lat="43.6382940" lon="-79.4008190">
    <ele>80.6</ele>
    <time>2020-06-01T21:58:01Z</time>
   </trkpt>
   <trkpt lat="43.6383250" lon="-79.4007040">
    <ele>80.8</ele>
    <time>2020-06-01T21:58:02Z</time>
   </trkpt>
   <trkpt lat="43.6383690" lon="-79.4007670">
    <ele>81.0</ele>
    <time>2020-06-01T21:58:03Z</time>
   </trkpt>
   <trkpt lat="43.6384100" lon="-79.4007860">
    <ele>81.1</ele>
    <time>2020-06-01T21:58:04Z</time>
   </trkpt>
   <trkpt lat="43.6384160" lon="-79.4008230">
    <ele>81.2</ele>
    <time>2020-06-01T21:58:05Z</time>
   </trkpt>
   <trkpt lat="43.6384320" lon="-79.4007790">
    <ele>81.3</ele>
    <time>2020-06-01T21:58:06Z</time>
   </trkpt>
   <trkpt lat="43.6384360" lon="-79.4007670">
    <ele>81.3</ele>
    <time>2020-06-01T21:58:07Z</time>
   </trkpt>
   <trkpt lat="43.6384600" lon="-79.4007370">
    <ele>81.3</ele>
    <time>2020-06-01T21:58:08Z</time>
   </trkpt>
   <trkpt lat="43.6384660" lon="-79.4007310">
    <ele>81.4</ele>
    <time>2020-06-01T21:58:09Z</time>
   </trkpt>
   <trkpt lat="43.6384790" lon="-79.4007150">
    <ele>81.4</ele>
    <time>2020-06-01T21:58:10Z</time>
   </trkpt>
   <trkpt lat="43.6384830" lon="-79.4007060">
    <ele>81.4</ele>
    <time>2020-06-01T21:58:11Z</time>
   </trkpt>
   <trkpt lat="43.6384860" lon="-79.4006970">
    <ele>81.4</ele>
    <time>2020-06-01T21:58:12Z</time>
   </trkpt>
   <trkpt lat="43.6384890" lon="-79.4006880">
    <ele>81.4</ele>
    <time>2020-06-01T21:58:13Z</time>
   </trkpt>
   <trkpt lat="43.6384980" lon="-79.4007000">
    <ele>81.5</ele>
    <time>2020-06-01T21:58:14Z</time>
   </trkpt>
   <trkpt lat="43.6385050" lon="-79.4006980">
    <ele>81.5</ele>
    <time>2020-06-01T21:58:15Z</time>
   </trkpt>
   <trkpt lat="43.6385210" lon="-79.4006930">
    <ele>81.5</ele>
    <time>2020-06-01T21:58:16Z</time>
   </trkpt>
   <trkpt lat="43.6385400" lon="-79.4006970">
    <ele>81.5</ele>
    <time>2020-06-01T21:58:17Z</time>
   </trkpt>
   <trkpt lat="43.6385550" lon="-79.4006860">
    <ele>81.6</ele>
    <time>2020-06-01T21:58:18Z</time>
   </trkpt>
   <trkpt lat="43.6385690" lon="-79.4006230">
    <ele>81.6</ele>
    <time>2020-06-01T21:58:19Z</time>
   </trkpt>
   <trkpt lat="43.6385970" lon="-79.4005830">
    <ele>81.7</ele>
    <time>2020-06-01T21:58:20Z</time>
   </trkpt>
   <trkpt lat="43.6386160" lon="-79.4005430">
    <ele>81.8</ele>
    <time>2020-06-01T21:58:21Z</time>
   </trkpt>
   <trkpt lat="43.6386310" lon="-79.4004770">
    <ele>81.8</ele>
    <time>2020-06-01T21:58:22Z</time>
   </trkpt>
   <trkpt lat="43.6386650" lon="-79.4004560">
    <ele>81.9</ele>
    <time>2020-06-01T21:58:23Z</time>
   </trkpt>
   <trkpt lat="43.6386760" lon="-79.4004520">
    <ele>81.9</ele>
    <time>2020-06-01T21:58:24Z</time>
   </trkpt>
   <trkpt lat="43.6386890" lon="-79.4004860">
    <ele>81.9</ele>
    <time>2020-06-01T21:58:25Z</time>
   </trkpt>
   <trkpt lat="43.6386930" lon="-79.4004970">
    <ele>82.0</ele>
    <time>2020-06-01T21:58:26Z</time>
   </trkpt>
   <trkpt lat="43.6387120" lon="-79.4005320">
    <ele>82.0</ele>
    <time>2020-06-01T21:58:27Z</time>
   </trkpt>
   <trkpt lat="43.6387230" lon="-79.4005420">
    <ele>82.0</ele>
    <time>2020-06-01T21:58:28Z</time>
   </trkpt>
   <trkpt lat="43.6387530" lon="-79.4005760">
    <ele>82.6</ele>
    <time>2020-06-01T21:58:29Z</time>
   </trkpt>
   <trkpt lat="43.6387620" lon="-79.4005900">
    <ele>82.6</ele>
    <time>2020-06-01T21:58:30Z</time>
   </trkpt>
   <trkpt lat="43.6387960" lon="-79.4006110">
    <ele>82.7</ele>
    <time>2020-06-01T21:58:31Z</time>
   </trkpt>
   <trkpt lat="43.6388160" lon="-79.4006490">
    <ele>82.8</ele>
    <time>2020-06-01T21:58:32Z</time>
   </trkpt>
   <trkpt lat="43.6388220" lon="-79.4006580">
    <ele>82.8</ele>
    <time>2020-06-01T21:58:33Z</time>
   </trkpt>
   <trkpt lat="43.6388490" lon="-79.4006820">
    <ele>83.2</ele>
    <time>2020-06-01T21:58:34Z</time>
   </trkpt>
   <trkpt lat="43.6388600" lon="-79.4006900">
    <ele>83.3</ele>
    <time>2020-06-01T21:58:35Z</time>
   </trkpt>
   <trkpt lat="43.6388960" lon="-79.4007080">
    <ele>83.5</ele>
    <time>2020-06-01T21:58:36Z</time>
   </trkpt>
   <trkpt lat="43.6389070" lon="-79.4007150">
    <ele>83.5</ele>
    <time>2020-06-01T21:58:37Z</time>
   </trkpt>
   <trkpt lat="43.6389320" lon="-79.4007330">
    <ele>83.6</ele>
    <time>2020-06-01T21:58:38Z</time>
   </trkpt>
   <trkpt lat="43.6389730" lon="-79.4007440">
    <ele>83.9</ele>
    <time>2020-06-01T21:58:39Z</time>
   </trkpt>
   <trkpt lat="43.6390090" lon="-79.4007580">
    <ele>83.9</ele>
    <time>2020-06-01T21:58:40Z</time>
   </trkpt>
   <trkpt lat="43.6390210" lon="-79.4007660">
    <ele>84.0</ele>
    <time>2020-06-01T21:58:41Z</time>
   </trkpt>
   <trkpt lat="43.6390590" lon="-79.4007880">
    <ele>84.0</ele>
    <time>2020-06-01T21:58:42Z</time>
   </trkpt>
   <trkpt lat="43.6390770" lon="-79.4007990">
    <ele>84.2</ele>
    <time>2020-06-01T21:58:43Z</time>
   </trkpt>
   <trkpt lat="43.6391110" lon="-79.4008090">
    <ele>84.3</ele>
    <time>2020-06-01T21:58:44Z</time>
   </trkpt>
   <trkpt lat="43.6391460" lon="-79.4008300">
    <ele>84.4</ele>
    <time>2020-06-01T21:58:45Z</time>
   </trkpt>
   <trkpt lat="43.6391610" lon="-79.4008400">
    <ele>84.5</ele>
    <time>2020-06-01T21:58:46Z</time>
   </trkpt>
   <trkpt lat="43.6391960" lon="-79.4008550">
    <ele>84.6</ele>
    <time>2020-06-01T21:58:47Z</time>
   </trkpt>
   <trkpt lat="43.6392060" lon="-79.4008580">
    <ele>84.6</ele>
    <time>2020-06-01T21:58:48Z</time>
   </trkpt>
   <trkpt lat="43.6392440" lon="-79.4008790">
    <ele>84.8</ele>
    <time>2020-06-01T21:58:49Z</time>
   </trkpt>
   <trkpt lat="43.6392780" lon="-79.4008910">
    <ele>84.9</ele>
    <time>2020-06-01T21:58:50Z</time>
   </trkpt>
   <trkpt lat="43.6392880" lon="-79.4008950">
    <ele>84.9</ele>
    <time>2020-06-01T21:58:51Z</time>
   </trkpt>
   <trkpt lat="43.6393100" lon="-79.4008980">
    <ele>85.0</ele>
    <time>2020-06-01T21:58:52Z</time>
   </trkpt>
   <trkpt lat="43.6393250" lon="-79.4009040">
    <ele>85.0</ele>
    <time>2020-06-01T21:58:53Z</time>
   </trkpt>
   <trkpt lat="43.6393410" lon="-79.4009110">
    <ele>85.0</ele>
    <time>2020-06-01T21:58:54Z</time>
   </trkpt>
   <trkpt lat="43.6393790" lon="-79.4009310">
    <ele>85.1</ele>
    <time>2020-06-01T21:58:55Z</time>
   </trkpt>
   <trkpt lat="43.6393910" lon="-79.4009370">
    <ele>85.2</ele>
    <time>2020-06-01T21:58:56Z</time>
   </trkpt>
   <trkpt lat="43.6394250" lon="-79.4009500">
    <ele>85.2</ele>
    <time>2020-06-01T21:58:57Z</time>
   </trkpt>
   <trkpt lat="43.6394360" lon="-79.4009530">
    <ele>85.2</ele>
    <time>2020-06-01T21:58:58Z</time>
   </trkpt>
   <trkpt lat="43.6394640" lon="-79.4009610">
    <ele>85.3</ele>
    <time>2020-06-01T21:58:59Z</time>
   </trkpt>
   <trkpt lat="43.6394960" lon="-79.4009810">
    <ele>85.3</ele>
    <time>2020-06-01T21:59:00Z</time>
   </trkpt>
   <trkpt lat="43.6395050" lon="-79.4009870">
    <ele>85.4</ele>
    <time>2020-06-01T21:59:01Z</time>
   </trkpt>
   <trkpt lat="43.6395340" lon="-79.4009990">
    <ele>85.4</ele>
    <time>2020-06-01T21:59:02Z</time>
   </trkpt>
   <trkpt lat="43.6395680" lon="-79.4010180">
    <ele>85.5</ele>
    <time>2020-06-01T21:59:03Z</time>
   </trkpt>
   <trkpt lat="43.6395780" lon="-79.4010230">
    <ele>85.5</ele>
    <time>2020-06-01T21:59:04Z</time>
   </trkpt>
   <trkpt lat="43.6396080" lon="-79.4010380">
    <ele>85.5</ele>
    <time>2020-06-01T21:59:05Z</time>
   </trkpt>
   <trkpt lat="43.6396180" lon="-79.4010440">
    <ele>85.5</ele>
    <time>2020-06-01T21:59:06Z</time>
   </trkpt>
   <trkpt lat="43.6396520" lon="-79.4010530">
    <ele>85.5</ele>
    <time>2020-06-01T21:59:07Z</time>
   </trkpt>
   <trkpt lat="43.6396680" lon="-79.4010610">
    <ele>85.5</ele>
    <time>2020-06-01T21:59:08Z</time>
   </trkpt>
   <trkpt lat="43.6396960" lon="-79.4010730">
    <ele>85.5</ele>
    <time>2020-06-01T21:59:09Z</time>
   </trkpt>
   <trkpt lat="43.6397230" lon="-79.4010890">
    <ele>85.5</ele>
    <time>2020-06-01T21:59:10Z</time>
   </trkpt>
   <trkpt lat="43.6397600" lon="-79.4011070">
    <ele>85.5</ele>
    <time>2020-06-01T21:59:11Z</time>
   </trkpt>
   <trkpt lat="43.6397710" lon="-79.4011120">
    <ele>85.5</ele>
    <time>2020-06-01T21:59:12Z</time>
   </trkpt>
   <trkpt lat="43.6398060" lon="-79.4011240">
    <ele>85.5</ele>
    <time>2020-06-01T21:59:13Z</time>
   </trkpt>
   <trkpt lat="43.6398180" lon="-79.4011280">
    <ele>85.5</ele>
    <time>2020-06-01T21:59:14Z</time>
   </trkpt>
   <trkpt lat="43.6398540" lon="-79.4011440">
    <ele>85.5</ele>
    <time>2020-06-01T21:59:15Z</time>
   </trkpt>
   <trkpt lat="43.6398660" lon="-79.4011510">
    <ele>85.5</ele>
    <time>2020-06-01T21:59:16Z</time>
   </trkpt>
   <trkpt lat="43.6398990" lon="-79.4011650">
    <ele>85.5</ele>
    <time>2020-06-01T21:59:17Z</time>
   </trkpt>
   <trkpt lat="43.6399080" lon="-79.4011700">
    <ele>85.5</ele>
    <time>2020-06-01T21:59:18Z</time>
   </trkpt>
   <trkpt lat="43.6399100" lon="-79.4011750">
    <ele>85.5</ele>
    <time>2020-06-01T21:59:19Z</time>
   </trkpt>
   <trkpt lat="43.6399400" lon="-79.4011790">
    <ele>85.5</ele>
    <time>2020-06-01T21:59:20Z</time>
   </trkpt>
   <trkpt lat="43.6399850" lon="-79.4011940">
    <ele>85.6</ele>
    <time>2020-06-01T21:59:21Z</time>
   </trkpt>
   <trkpt lat="43.6400030" lon="-79.4012010">
    <ele>85.6</ele>
    <time>2020-06-01T21:59:22Z</time>
   </trkpt>
   <trkpt lat="43.6400290" lon="-79.4012190">
    <ele>85.6</ele>
    <time>2020-06-01T21:59:23Z</time>
   </trkpt>
   <trkpt lat="43.6400640" lon="-79.4012340">
    <ele>85.6</ele>
    <time>2020-06-01T21:59:24Z</time>
   </trkpt>
   <trkpt lat="43.6400740" lon="-79.4012380">
    <ele>85.7</ele>
    <time>2020-06-01T21:59:25Z</time>
   </trkpt>
   <trkpt lat="43.6401120" lon="-79.4012570">
    <ele>85.7</ele>
    <time>2020-06-01T21:59:26Z</time>
   </trkpt>
   <trkpt lat="43.6401250" lon="-79.4012640">
    <ele>85.7</ele>
    <time>2020-06-01T21:59:27Z</time>
   </trkpt>
   <trkpt lat="43.6401610" lon="-79.4012770">
    <ele>85.7</ele>
    <time>2020-06-01T21:59:28Z</time>
   </trkpt>
   <trkpt lat="43.6401740" lon="-79.4012800">
    <ele>85.7</ele>
    <time>2020-06-01T21:59:29Z</time>
   </trkpt>
   <trkpt lat="43.6402020" lon="-79.4012880">
    <ele>85.7</ele>
    <time>2020-06-01T21:59:30Z</time>
   </trkpt>
   <trkpt lat="43.6402170" lon="-79.4012890">
    <ele>85.7</ele>
    <time>2020-06-01T21:59:31Z</time>
   </trkpt>
   <trkpt lat="43.6402350" lon="-79.4013050">
    <ele>85.8</ele>
    <time>2020-06-01T21:59:32Z</time>
   </trkpt>
   <trkpt lat="43.6402700" lon="-79.4013160">
    <ele>85.8</ele>
    <time>2020-06-01T21:59:33Z</time>
   </trkpt>
   <trkpt lat="43.6402830" lon="-79.4013210">
    <ele>85.8</ele>
    <time>2020-06-01T21:59:34Z</time>
   </trkpt>
   <trkpt lat="43.6403160" lon="-79.4013310">
    <ele>85.8</ele>
    <time>2020-06-01T21:59:35Z</time>
   </trkpt>
   <trkpt lat="43.6403270" lon="-79.4013370">
    <ele>85.8</ele>
    <time>2020-06-01T21:59:36Z</time>
   </trkpt>
   <trkpt lat="43.6403410" lon="-79.4013520">
    <ele>85.8</ele>
    <time>2020-06-01T21:59:37Z</time>
   </trkpt>
   <trkpt lat="43.6403580" lon="-79.4013580">
    <ele>85.8</ele>
    <time>2020-06-01T21:59:38Z</time>
   </trkpt>
   <trkpt lat="43.6403940" lon="-79.4013690">
    <ele>85.8</ele>
    <time>2020-06-01T21:59:39Z</time>
   </trkpt>
   <trkpt lat="43.6404260" lon="-79.4013800">
    <ele>85.7</ele>
    <time>2020-06-01T21:59:40Z</time>
   </trkpt>
   <trkpt lat="43.6404350" lon="-79.4013820">
    <ele>85.7</ele>
    <time>2020-06-01T21:59:41Z</time>
   </trkpt>
   <trkpt lat="43.6404710" lon="-79.4013870">
    <ele>85.7</ele>
    <time>2020-06-01T21:59:42Z</time>
   </trkpt>
   <trkpt lat="43.6404820" lon="-79.4013870">
    <ele>85.7</ele>
    <time>2020-06-01T21:59:43Z</time>
   </trkpt>
   <trkpt lat="43.6405090" lon="-79.4013950">
    <ele>85.7</ele>
    <time>2020-06-01T21:59:44Z</time>
   </trkpt>
   <trkpt lat="43.6405190" lon="-79.4014030">
    <ele>85.7</ele>
    <time>2020-06-01T21:59:45Z</time>
   </trkpt>
   <trkpt lat="43.6405250" lon="-79.4013970">
    <ele>85.7</ele>
    <time>2020-06-01T21:59:46Z</time>
   </trkpt>
   <trkpt lat="43.6405410" lon="-79.4013990">
    <ele>85.7</ele>
    <time>2020-06-01T21:59:47Z</time>
   </trkpt>
   <trkpt lat="43.6405540" lon="-79.4013950">
    <ele>85.7</ele>
    <time>2020-06-01T21:59:48Z</time>
   </trkpt>
   <trkpt lat="43.6405640" lon="-79.4013870">
    <ele>85.7</ele>
    <time>2020-06-01T21:59:49Z</time>
   </trkpt>
   <trkpt lat="43.6405690" lon="-79.4013880">
    <ele>85.6</ele>
    <time>2020-06-01T21:59:50Z</time>
   </trkpt>
   <trkpt lat="43.6405830" lon="-79.4013960">
    <ele>85.6</ele>
    <time>2020-06-01T21:59:51Z</time>
   </trkpt>
   <trkpt lat="43.6406140" lon="-79.4014000">
    <ele>85.6</ele>
    <time>2020-06-01T21:59:52Z</time>
   </trkpt>
   <trkpt lat="43.6406270" lon="-79.4014030">
    <ele>85.6</ele>
    <time>2020-06-01T21:59:53Z</time>
   </trkpt>
   <trkpt lat="43.6406640" lon="-79.4014060">
    <ele>85.6</ele>
    <time>2020-06-01T21:59:54Z</time>
   </trkpt>
   <trkpt lat="43.6407000" lon="-79.4014030">
    <ele>85.6</ele>
    <time>2020-06-01T21:59:55Z</time>
   </trkpt>
   <trkpt lat="43.6407350" lon="-79.4014070">
    <ele>85.6</ele>
    <time>2020-06-01T21:59:56Z</time>
   </trkpt>
   <trkpt lat="43.6407820" lon="-79.4013910">
    <ele>85.6</ele>
    <time>2020-06-01T21:59:57Z</time>
   </trkpt>
   <trkpt lat="43.6408040" lon="-79.4013870">
    <ele>85.6</ele>
    <time>2020-06-01T21:59:58Z</time>
   </trkpt>
   <trkpt lat="43.6408390" lon="-79.4013700">
    <ele>85.6</ele>
    <time>2020-06-01T21:59:59Z</time>
   </trkpt>
   <trkpt lat="43.6408520" lon="-79.4013620">
    <ele>85.6</ele>
    <time>2020-06-01T22:00:00Z</time>
   </trkpt>
   <trkpt lat="43.6408890" lon="-79.4013550">
    <ele>85.6</ele>
    <time>2020-06-01T22:00:01Z</time>
   </trkpt>
   <trkpt lat="43.6409210" lon="-79.4013440">
    <ele>85.5</ele>
    <time>2020-06-01T22:00:02Z</time>
   </trkpt>
   <trkpt lat="43.6409650" lon="-79.4013590">
    <ele>85.5</ele>
    <time>2020-06-01T22:00:03Z</time>
   </trkpt>
   <trkpt lat="43.6410010" lon="-79.4013700">
    <ele>85.4</ele>
    <time>2020-06-01T22:00:04Z</time>
   </trkpt>
   <trkpt lat="43.6410200" lon="-79.4014000">
    <ele>85.4</ele>
    <time>2020-06-01T22:00:05Z</time>
   </trkpt>
   <trkpt lat="43.6410300" lon="-79.4014070">
    <ele>85.4</ele>
    <time>2020-06-01T22:00:06Z</time>
   </trkpt>
   <trkpt lat="43.6410560" lon="-79.4014200">
    <ele>85.3</ele>
    <time>2020-06-01T22:00:07Z</time>
   </trkpt>
   <trkpt lat="43.6410840" lon="-79.4014180">
    <ele>85.3</ele>
    <time>2020-06-01T22:00:08Z</time>
   </trkpt>
   <trkpt lat="43.6410950" lon="-79.4014150">
    <ele>85.3</ele>
    <time>2020-06-01T22:00:09Z</time>
   </trkpt>
   <trkpt lat="43.6411240" lon="-79.4014180">
    <ele>85.2</ele>
    <time>2020-06-01T22:00:10Z</time>
   </trkpt>
   <trkpt lat="43.6411560" lon="-79.4014250">
    <ele>85.2</ele>
    <time>2020-06-01T22:00:11Z</time>
   </trkpt>
   <trkpt lat="43.6411870" lon="-79.4014380">
    <ele>85.1</ele>
    <time>2020-06-01T22:00:12Z</time>
   </trkpt>
   <trkpt lat="43.6412240" lon="-79.4014850">
    <ele>85.1</ele>
    <time>2020-06-01T22:00:13Z</time>
   </trkpt>
   <trkpt lat="43.6412580" lon="-79.4015080">
    <ele>85.1</ele>
    <time>2020-06-01T22:00:14Z</time>
   </trkpt>
   <trkpt lat="43.6412840" lon="-79.4015370">
    <ele>85.1</ele>
    <time>2020-06-01T22:00:15Z</time>
   </trkpt>
   <trkpt lat="43.6413150" lon="-79.4015430">
    <ele>85.1</ele>
    <time>2020-06-01T22:00:16Z</time>
   </trkpt>
   <trkpt lat="43.6413360" lon="-79.4015770">
    <ele>85.1</ele>
    <time>2020-06-01T22:00:17Z</time>
   </trkpt>
   <trkpt lat="43.6413660" lon="-79.4015780">
    <ele>85.1</ele>
    <time>2020-06-01T22:00:18Z</time>
   </trkpt>
   <trkpt lat="43.6413950" lon="-79.4015680">
    <ele>85.1</ele>
    <time>2020-06-01T22:00:19Z</time>
   </trkpt>
   <trkpt lat="43.6414040" lon="-79.4015700">
    <ele>85.1</ele>
    <time>2020-06-01T22:00:20Z</time>
   </trkpt>
   <trkpt lat="43.6414290" lon="-79.4015770">
    <ele>85.1</ele>
    <time>2020-06-01T22:00:21Z</time>
   </trkpt>
   <trkpt lat="43.6414400" lon="-79.4015800">
    <ele>85.1</ele>
    <time>2020-06-01T22:00:22Z</time>
   </trkpt>
   <trkpt lat="43.6414590" lon="-79.4015860">
    <ele>85.1</ele>
    <time>2020-06-01T22:00:23Z</time>
   </trkpt>
   <trkpt lat="43.6414730" lon="-79.4015720">
    <ele>85.1</ele>
    <time>2020-06-01T22:00:24Z</time>
   </trkpt>
   <trkpt lat="43.6415040" lon="-79.4015790">
    <ele>85.1</ele>
    <time>2020-06-01T22:00:25Z</time>
   </trkpt>
   <trkpt lat="43.6415170" lon="-79.4015770">
    <ele>85.1</ele>
    <time>2020-06-01T22:00:26Z</time>
   </trkpt>
   <trkpt lat="43.6415520" lon="-79.4015580">
    <ele>85.1</ele>
    <time>2020-06-01T22:00:27Z</time>
   </trkpt>
   <trkpt lat="43.6415650" lon="-79.4015520">
    <ele>85.1</ele>
    <time>2020-06-01T22:00:28Z</time>
   </trkpt>
   <trkpt lat="43.6415810" lon="-79.4015420">
    <ele>85.1</ele>
    <time>2020-06-01T22:00:29Z</time>
   </trkpt>
   <trkpt lat="43.6415960" lon="-79.4015480">
    <ele>85.2</ele>
    <time>2020-06-01T22:00:30Z</time>
   </trkpt>
   <trkpt lat="43.6416110" lon="-79.4015640">
    <ele>85.2</ele>
    <time>2020-06-01T22:00:31Z</time>
   </trkpt>
   <trkpt lat="43.6416140" lon="-79.4015820">
    <ele>85.2</ele>
    <time>2020-06-01T22:00:32Z</time>
   </trkpt>
   <trkpt lat="43.6416170" lon="-79.4015990">
    <ele>85.2</ele>
    <time>2020-06-01T22:00:33Z</time>
   </trkpt>
   <trkpt lat="43.6416400" lon="-79.4016320">
    <ele>85.2</ele>
    <time>2020-06-01T22:00:34Z</time>
   </trkpt>
   <trkpt lat="43.6416460" lon="-79.4016490">
    <ele>85.2</ele>
    <time>2020-06-01T22:00:35Z</time>
   </trkpt>
   <trkpt lat="43.6416500" lon="-79.4016530">
    <ele>85.2</ele>
    <time>2020-06-01T22:00:36Z</time>
   </trkpt>
   <trkpt lat="43.6416520" lon="-79.4016560">
    <ele>85.2</ele>
    <time>2020-06-01T22:00:37Z</time>
   </trkpt>
   <trkpt lat="43.6416540" lon="-79.4016600">
    <ele>85.2</ele>
    <time>2020-06-01T22:00:38Z</time>
   </trkpt>
   <trkpt lat="43.6416560" lon="-79.4016640">
    <ele>85.2</ele>
    <time>2020-06-01T22:00:39Z</time>
   </trkpt>
   <trkpt lat="43.6416580" lon="-79.4016670">
    <ele>85.2</ele>
    <time>2020-06-01T22:00:40Z</time>
   </trkpt>
   <trkpt lat="43.6416610" lon="-79.4016710">
    <ele>85.2</ele>
    <time>2020-06-01T22:00:41Z</time>
   </trkpt>
   <trkpt lat="43.6416630" lon="-79.4016750">
    <ele>85.2</ele>
    <time>2020-06-01T22:00:42Z</time>
   </trkpt>
   <trkpt lat="43.6416650" lon="-79.4016780">
    <ele>85.2</ele>
    <time>2020-06-01T22:00:43Z</time>
   </trkpt>
   <trkpt lat="43.6416670" lon="-79.4016820">
    <ele>85.2</ele>
    <time>2020-06-01T22:00:44Z</time>
   </trkpt>
   <trkpt lat="43.6416690" lon="-79.4016860">
    <ele>85.2</ele>
    <time>2020-06-01T22:00:45Z</time>
   </trkpt>
   <trkpt lat="43.6416710" lon="-79.4016890">
    <ele>85.2</ele>
    <time>2020-06-01T22:00:46Z</time>
   </trkpt>
   <trkpt lat="43.6416730" lon="-79.4016930">
    <ele>85.2</ele>
    <time>2020-06-01T22:00:47Z</time>
   </trkpt>
   <trkpt lat="43.6416740" lon="-79.4016940">
    <ele>85.2</ele>
    <time>2020-06-01T22:00:48Z</time>
   </trkpt>
   <trkpt lat="43.6416750" lon="-79.4016940">
    <ele>85.2</ele>
    <time>2020-06-01T22:00:49Z</time>
   </trkpt>
   <trkpt lat="43.6416760" lon="-79.4016930">
    <ele>85.2</ele>
    <time>2020-06-01T22:00:50Z</time>
   </trkpt>
   <trkpt lat="43.6416760" lon="-79.4016920">
    <ele>85.2</ele>
    <time>2020-06-01T22:00:51Z</time>
   </trkpt>
   <trkpt lat="43.6416770" lon="-79.4016910">
    <ele>85.2</ele>
    <time>2020-06-01T22:00:52Z</time>
   </trkpt>
   <trkpt lat="43.6416770" lon="-79.4016900">
    <ele>85.2</ele>
    <time>2020-06-01T22:00:53Z</time>
   </trkpt>
   <trkpt lat="43.6416780" lon="-79.4016900">
    <ele>85.2</ele>
    <time>2020-06-01T22:00:54Z</time>
   </trkpt>
   <trkpt lat="43.6416780" lon="-79.4016890">
    <ele>85.2</ele>
    <time>2020-06-01T22:00:55Z</time>
   </trkpt>
   <trkpt lat="43.6416780" lon="-79.4016890">
    <ele>85.2</ele>
    <time>2020-06-01T22:00:56Z</time>
   </trkpt>
   <trkpt lat="43.6416790" lon="-79.4016910">
    <ele>85.2</ele>
    <time>2020-06-01T22:00:57Z</time>
   </trkpt>
   <trkpt lat="43.6416810" lon="-79.4017060">
    <ele>85.2</ele>
    <time>2020-06-01T22:00:58Z</time>
   </trkpt>
   <trkpt lat="43.6416890" lon="-79.4017220">
    <ele>85.2</ele>
    <time>2020-06-01T22:00:59Z</time>
   </trkpt>
   <trkpt lat="43.6416950" lon="-79.4017370">
    <ele>85.2</ele>
    <time>2020-06-01T22:01:00Z</time>
   </trkpt>
   <trkpt lat="43.6416940" lon="-79.4017530">
    <ele>85.2</ele>
    <time>2020-06-01T22:01:01Z</time>
   </trkpt>
   <trkpt lat="43.6416980" lon="-79.4017680">
    <ele>85.2</ele>
    <time>2020-06-01T22:01:02Z</time>
   </trkpt>
   <trkpt lat="43.6417150" lon="-79.4017790">
    <ele>85.3</ele>
    <time>2020-06-01T22:01:03Z</time>
   </trkpt>
   <trkpt lat="43.6417280" lon="-79.4017850">
    <ele>85.3</ele>
    <time>2020-06-01T22:01:04Z</time>
   </trkpt>
   <trkpt lat="43.6417400" lon="-79.4017900">
    <ele>85.3</ele>
    <time>2020-06-01T22:01:05Z</time>
   </trkpt>
   <trkpt lat="43.6417740" lon="-79.4017970">
    <ele>85.3</ele>
    <time>2020-06-01T22:01:06Z</time>
   </trkpt>
   <trkpt lat="43.6417850" lon="-79.4017950">
    <ele>85.3</ele>
    <time>2020-06-01T22:01:07Z</time>
   </trkpt>
   <trkpt lat="43.6418230" lon="-79.4018070">
    <ele>85.3</ele>
    <time>2020-06-01T22:01:08Z</time>
   </trkpt>
   <trkpt lat="43.6418350" lon="-79.4018130">
    <ele>85.3</ele>
    <time>2020-06-01T22:01:09Z</time>
   </trkpt>
   <trkpt lat="43.6418620" lon="-79.4018290">
    <ele>85.3</ele>
    <time>2020-06-01T22:01:10Z</time>
   </trkpt>
   <trkpt lat="43.6418730" lon="-79.4018350">
    <ele>85.3</ele>
    <time>2020-06-01T22:01:11Z</time>
   </trkpt>
   <trkpt lat="43.6419050" lon="-79.4018390">
    <ele>85.4</ele>
    <time>2020-06-01T22:01:12Z</time>
   </trkpt>
   <trkpt lat="43.6419130" lon="-79.4018450">
    <ele>85.4</ele>
    <time>2020-06-01T22:01:13Z</time>
   </trkpt>
   <trkpt lat="43.6419300" lon="-79.4018540">
    <ele>85.4</ele>
    <time>2020-06-01T22:01:14Z</time>
   </trkpt>
   <trkpt lat="43.6419460" lon="-79.4018660">
    <ele>85.4</ele>
    <time>2020-06-01T22:01:15Z</time>
   </trkpt>
   <trkpt lat="43.6419830" lon="-79.4018910">
    <ele>85.5</ele>
    <time>2020-06-01T22:01:16Z</time>
   </trkpt>
   <trkpt lat="43.6420020" lon="-79.4019000">
    <ele>85.5</ele>
    <time>2020-06-01T22:01:17Z</time>
   </trkpt>
   <trkpt lat="43.6420270" lon="-79.4019100">
    <ele>85.5</ele>
    <time>2020-06-01T22:01:18Z</time>
   </trkpt>
   <trkpt lat="43.6420370" lon="-79.4019160">
    <ele>85.6</ele>
    <time>2020-06-01T22:01:19Z</time>
   </trkpt>
   <trkpt lat="43.6420630" lon="-79.4019410">
    <ele>85.6</ele>
    <time>2020-06-01T22:01:20Z</time>
   </trkpt>
   <trkpt lat="43.6420690" lon="-79.4019470">
    <ele>85.6</ele>
    <time>2020-06-01T22:01:21Z</time>
   </trkpt>
   <trkpt lat="43.6420980" lon="-79.4019720">
    <ele>85.7</ele>
    <time>2020-06-01T22:01:22Z</time>
   </trkpt>
   <trkpt lat="43.6421240" lon="-79.4019930">
    <ele>85.7</ele>
    <time>2020-06-01T22:01:23Z</time>
   </trkpt>
   <trkpt lat="43.6421320" lon="-79.4020580">
    <ele>85.7</ele>
    <time>2020-06-01T22:01:24Z</time>
   </trkpt>
   <trkpt lat="43.6421320" lon="-79.4020880">
    <ele>85.8</ele>
    <time>2020-06-01T22:01:25Z</time>
   </trkpt>
   <trkpt lat="43.6421520" lon="-79.4021000">
    <ele>85.8</ele>
    <time>2020-06-01T22:01:26Z</time>
   </trkpt>
   <trkpt lat="43.6421640" lon="-79.4021060">
    <ele>85.8</ele>
    <time>2020-06-01T22:01:27Z</time>
   </trkpt>
   <trkpt lat="43.6421760" lon="-79.4021120">
    <ele>85.8</ele>
    <time>2020-06-01T22:01:28Z</time>
   </trkpt>
   <trkpt lat="43.6422070" lon="-79.4021100">
    <ele>85.9</ele>
    <time>2020-06-01T22:01:29Z</time>
   </trkpt>
   <trkpt lat="43.6422640" lon="-79.4021160">
    <ele>85.9</ele>
    <time>2020-06-01T22:01:30Z</time>
   </trkpt>
   <trkpt lat="43.6422960" lon="-79.4021120">
    <ele>85.9</ele>
    <time>2020-06-01T22:01:31Z</time>
   </trkpt>
   <trkpt lat="43.6423280" lon="-79.4021070">
    <ele>86.0</ele>
    <time>2020-06-01T22:01:32Z</time>
   </trkpt>
   <trkpt lat="43.6423570" lon="-79.4021080">
    <ele>86.0</ele>
    <time>2020-06-01T22:01:33Z</time>
   </trkpt>
   <trkpt lat="43.6423900" lon="-79.4021110">
    <ele>86.0</ele>
    <time>2020-06-01T22:01:34Z</time>
   </trkpt>
   <trkpt lat="43.6424010" lon="-79.4021130">
    <ele>86.0</ele>
    <time>2020-06-01T22:01:35Z</time>
   </trkpt>
   <trkpt lat="43.6424710" lon="-79.4021470">
    <ele>86.1</ele>
    <time>2020-06-01T22:01:36Z</time>
   </trkpt>
   <trkpt lat="43.6425070" lon="-79.4021620">
    <ele>86.1</ele>
    <time>2020-06-01T22:01:37Z</time>
   </trkpt>
   <trkpt lat="43.6425370" lon="-79.4021940">
    <ele>86.1</ele>
    <time>2020-06-01T22:01:38Z</time>
   </trkpt>
   <trkpt lat="43.6425590" lon="-79.4022180">
    <ele>86.1</ele>
    <time>2020-06-01T22:01:39Z</time>
   </trkpt>
   <trkpt lat="43.6425940" lon="-79.4022290">
    <ele>86.1</ele>
    <time>2020-06-01T22:01:40Z</time>
   </trkpt>
   <trkpt lat="43.6426340" lon="-79.4022310">
    <ele>86.1</ele>
    <time>2020-06-01T22:01:41Z</time>
   </trkpt>
   <trkpt lat="43.6426730" lon="-79.4022380">
    <ele>86.2</ele>
    <time>2020-06-01T22:01:42Z</time>
   </trkpt>
   <trkpt lat="43.6427480" lon="-79.4022390">
    <ele>86.3</ele>
    <time>2020-06-01T22:01:43Z</time>
   </trkpt>
   <trkpt lat="43.6427870" lon="-79.4022500">
    <ele>86.3</ele>
    <time>2020-06-01T22:01:44Z</time>
   </trkpt>
   <trkpt lat="43.6428310" lon="-79.4022700">
    <ele>86.4</ele>
    <time>2020-06-01T22:01:45Z</time>
   </trkpt>
   <trkpt lat="43.6428730" lon="-79.4022780">
    <ele>86.5</ele>
    <time>2020-06-01T22:01:46Z</time>
   </trkpt>
   <trkpt lat="43.6429050" lon="-79.4022830">
    <ele>86.5</ele>
    <time>2020-06-01T22:01:47Z</time>
   </trkpt>
   <trkpt lat="43.6429420" lon="-79.4022800">
    <ele>86.6</ele>
    <time>2020-06-01T22:01:48Z</time>
   </trkpt>
   <trkpt lat="43.6430070" lon="-79.4022900">
    <ele>86.7</ele>
    <time>2020-06-01T22:01:49Z</time>
   </trkpt>
   <trkpt lat="43.6430370" lon="-79.4023130">
    <ele>86.7</ele>
    <time>2020-06-01T22:01:50Z</time>
   </trkpt>
   <trkpt lat="43.6430690" lon="-79.4023230">
    <ele>86.8</ele>
    <time>2020-06-01T22:01:51Z</time>
   </trkpt>
   <trkpt lat="43.6430800" lon="-79.4023280">
    <ele>86.8</ele>
    <time>2020-06-01T22:01:52Z</time>
   </trkpt>
   <trkpt lat="43.6431180" lon="-79.4023450">
    <ele>86.8</ele>
    <time>2020-06-01T22:01:53Z</time>
   </trkpt>
   <trkpt lat="43.6431330" lon="-79.4023520">
    <ele>86.8</ele>
    <time>2020-06-01T22:01:54Z</time>
   </trkpt>
   <trkpt lat="43.6432040" lon="-79.4023700">
    <ele>86.9</ele>
    <time>2020-06-01T22:01:55Z</time>
   </trkpt>
   <trkpt lat="43.6432400" lon="-79.4023670">
    <ele>86.9</ele>
    <time>2020-06-01T22:01:56Z</time>
   </trkpt>
   <trkpt lat="43.6432520" lon="-79.4023680">
    <ele>86.9</ele>
    <time>2020-06-01T22:01:57Z</time>
   </trkpt>
   <trkpt lat="43.6432890" lon="-79.4023780">
    <ele>87.0</ele>
    <time>2020-06-01T22:01:58Z</time>
   </trkpt>
   <trkpt lat="43.6432990" lon="-79.4023830">
    <ele>87.0</ele>
    <time>2020-06-01T22:01:59Z</time>
   </trkpt>
   <trkpt lat="43.6433410" lon="-79.4024100">
    <ele>87.1</ele>
    <time>2020-06-01T22:02:00Z</time>
   </trkpt>
   <trkpt lat="43.6433660" lon="-79.4024210">
    <ele>87.1</ele>
    <time>2020-06-01T22:02:01Z</time>
   </trkpt>
   <trkpt lat="43.6433930" lon="-79.4024340">
    <ele>87.1</ele>
    <time>2020-06-01T22:02:02Z</time>
   </trkpt>
   <trkpt lat="43.6434060" lon="-79.4024330">
    <ele>87.1</ele>
    <time>2020-06-01T22:02:03Z</time>
   </trkpt>
   <trkpt lat="43.6434360" lon="-79.4024390">
    <ele>87.2</ele>
    <time>2020-06-01T22:02:04Z</time>
   </trkpt>
   <trkpt lat="43.6434460" lon="-79.4024410">
    <ele>87.2</ele>
    <time>2020-06-01T22:02:05Z</time>
   </trkpt>
   <trkpt lat="43.6434900" lon="-79.4024450">
    <ele>87.2</ele>
    <time>2020-06-01T22:02:06Z</time>
   </trkpt>
   <trkpt lat="43.6435090" lon="-79.4024450">
    <ele>87.3</ele>
    <time>2020-06-01T22:02:07Z</time>
   </trkpt>
   <trkpt lat="43.6435310" lon="-79.4024450">
    <ele>87.3</ele>
    <time>2020-06-01T22:02:08Z</time>
   </trkpt>
   <trkpt lat="43.6435410" lon="-79.4024500">
    <ele>87.3</ele>
    <time>2020-06-01T22:02:09Z</time>
   </trkpt>
   <trkpt lat="43.6435580" lon="-79.4024510">
    <ele>87.3</ele>
    <time>2020-06-01T22:02:10Z</time>
   </trkpt>
   <trkpt lat="43.6435690" lon="-79.4024550">
    <ele>87.3</ele>
    <time>2020-06-01T22:02:11Z</time>
   </trkpt>
   <trkpt lat="43.6435830" lon="-79.4024630">
    <ele>87.3</ele>
    <time>2020-06-01T22:02:12Z</time>
   </trkpt>
   <trkpt lat="43.6435990" lon="-79.4024650">
    <ele>87.3</ele>
    <time>2020-06-01T22:02:13Z</time>
   </trkpt>
   <trkpt lat="43.6436050" lon="-79.4024870">
    <ele>87.4</ele>
    <time>2020-06-01T22:02:14Z</time>
   </trkpt>
   <trkpt lat="43.6436120" lon="-79.4024950">
    <ele>87.4</ele>
    <time>2020-06-01T22:02:15Z</time>
   </trkpt>
   <trkpt lat="43.6436170" lon="-79.4025040">
    <ele>87.4</ele>
    <time>2020-06-01T22:02:16Z</time>
   </trkpt>
   <trkpt lat="43.6436370" lon="-79.4025090">
    <ele>87.4</ele>
    <time>2020-06-01T22:02:17Z</time>
   </trkpt>
   <trkpt lat="43.6436430" lon="-79.4025220">
    <ele>87.4</ele>
    <time>2020-06-01T22:02:18Z</time>
   </trkpt>
   <trkpt lat="43.6436480" lon="-79.4025360">
    <ele>87.4</ele>
    <time>2020-06-01T22:02:19Z</time>
   </trkpt>
   <trkpt lat="43.6436540" lon="-79.4025500">
    <ele>87.4</ele>
    <time>2020-06-01T22:02:20Z</time>
   </trkpt>
   <trkpt lat="43.6436610" lon="-79.4025890">
    <ele>87.4</ele>
    <time>2020-06-01T22:02:21Z</time>
   </trkpt>
   <trkpt lat="43.6436650" lon="-79.4026130">
    <ele>87.4</ele>
    <time>2020-06-01T22:02:22Z</time>
   </trkpt>
   <trkpt lat="43.6436780" lon="-79.4026290">
    <ele>87.4</ele>
    <time>2020-06-01T22:02:23Z</time>
   </trkpt>
   <trkpt lat="43.6437080" lon="-79.4026520">
    <ele>87.4</ele>
    <time>2020-06-01T22:02:24Z</time>
   </trkpt>
   <trkpt lat="43.6437160" lon="-79.4026610">
    <ele>87.5</ele>
    <time>2020-06-01T22:02:25Z</time>
   </trkpt>
   <trkpt lat="43.6437430" lon="-79.4026830">
    <ele>87.5</ele>
    <time>2020-06-01T22:02:26Z</time>
   </trkpt>
   <trkpt lat="43.6437520" lon="-79.4026900">
    <ele>87.5</ele>
    <time>2020-06-01T22:02:27Z</time>
   </trkpt>
   <trkpt lat="43.6437810" lon="-79.4027090">
    <ele>87.5</ele>
    <time>2020-06-01T22:02:28Z</time>
   </trkpt>
   <trkpt lat="43.6437900" lon="-79.4027180">
    <ele>87.5</ele>
    <time>2020-06-01T22:02:29Z</time>
   </trkpt>
   <trkpt lat="43.6438190" lon="-79.4027430">
    <ele>87.5</ele>
    <time>2020-06-01T22:02:30Z</time>
   </trkpt>
   <trkpt lat="43.6438320" lon="-79.4027540">
    <ele>87.5</ele>
    <time>2020-06-01T22:02:31Z</time>
   </trkpt>
   <trkpt lat="43.6438590" lon="-79.4027770">
    <ele>87.5</ele>
    <time>2020-06-01T22:02:32Z</time>
   </trkpt>
   <trkpt lat="43.6438680" lon="-79.4027800">
    <ele>87.5</ele>
    <time>2020-06-01T22:02:33Z</time>
   </trkpt>
   <trkpt lat="43.6438860" lon="-79.4027830">
    <ele>87.5</ele>
    <time>2020-06-01T22:02:34Z</time>
   </trkpt>
   <trkpt lat="43.6439000" lon="-79.4027910">
    <ele>87.5</ele>
    <time>2020-06-01T22:02:35Z</time>
   </trkpt>
   <trkpt lat="43.6439130" lon="-79.4027900">
    <ele>87.5</ele>
    <time>2020-06-01T22:02:36Z</time>
   </trkpt>
   <trkpt lat="43.6439320" lon="-79.4028000">
    <ele>87.6</ele>
    <time>2020-06-01T22:02:37Z</time>
   </trkpt>
   <trkpt lat="43.6439570" lon="-79.4028340">
    <ele>87.6</ele>
    <time>2020-06-01T22:02:38Z</time>
   </trkpt>
   <trkpt lat="43.6439670" lon="-79.4028530">
    <ele>87.6</ele>
    <time>2020-06-01T22:02:39Z</time>
   </trkpt>
   <trkpt lat="43.6439900" lon="-79.4028740">
    <ele>87.6</ele>
    <time>2020-06-01T22:02:40Z</time>
   </trkpt>
   <trkpt lat="43.6440160" lon="-79.4028940">
    <ele>87.6</ele>
    <time>2020-06-01T22:02:41Z</time>
   </trkpt>
   <trkpt lat="43.6440240" lon="-79.4029000">
    <ele>87.7</ele>
    <time>2020-06-01T22:02:42Z</time>
   </trkpt>
   <trkpt lat="43.6440350" lon="-79.4029090">
    <ele>87.7</ele>
    <time>2020-06-01T22:02:43Z</time>
   </trkpt>
   <trkpt lat="43.6440480" lon="-79.4029210">
    <ele>87.7</ele>
    <time>2020-06-01T22:02:44Z</time>
   </trkpt>
   <trkpt lat="43.6440750" lon="-79.4029100">
    <ele>87.7</ele>
    <time>2020-06-01T22:02:45Z</time>
   </trkpt>
   <trkpt lat="43.6440880" lon="-79.4029050">
    <ele>87.8</ele>
    <time>2020-06-01T22:02:46Z</time>
   </trkpt>
   <trkpt lat="43.6441140" lon="-79.4028990">
    <ele>87.8</ele>
    <time>2020-06-01T22:02:47Z</time>
   </trkpt>
   <trkpt lat="43.6441240" lon="-79.4028930">
    <ele>87.8</ele>
    <time>2020-06-01T22:02:48Z</time>
   </trkpt>
   <trkpt lat="43.6441620" lon="-79.4028950">
    <ele>87.9</ele>
    <time>2020-06-01T22:02:49Z</time>
   </trkpt>
   <trkpt lat="43.6441780" lon="-79.4028970">
    <ele>87.9</ele>
    <time>2020-06-01T22:02:50Z</time>
   </trkpt>
   <trkpt lat="43.6442190" lon="-79.4029020">
    <ele>88.0</ele>
    <time>2020-06-01T22:02:51Z</time>
   </trkpt>
   <trkpt lat="43.6442540" lon="-79.4029070">
    <ele>88.0</ele>
    <time>2020-06-01T22:02:52Z</time>
   </trkpt>
   <trkpt lat="43.6442750" lon="-79.4029330">
    <ele>88.1</ele>
    <time>2020-06-01T22:02:53Z</time>
   </trkpt>
   <trkpt lat="43.6442820" lon="-79.4029410">
    <ele>88.1</ele>
    <time>2020-06-01T22:02:54Z</time>
   </trkpt>
   <trkpt lat="43.6442900" lon="-79.4029790">
    <ele>88.1</ele>
    <time>2020-06-01T22:02:55Z</time>
   </trkpt>
   <trkpt lat="43.6443080" lon="-79.4030120">
    <ele>88.2</ele>
    <time>2020-06-01T22:02:56Z</time>
   </trkpt>
   <trkpt lat="43.6443170" lon="-79.4030240">
    <ele>88.2</ele>
    <time>2020-06-01T22:02:57Z</time>
   </trkpt>
   <trkpt lat="43.6443650" lon="-79.4030380">
    <ele>88.2</ele>
    <time>2020-06-01T22:02:58Z</time>
   </trkpt>
   <trkpt lat="43.6444050" lon="-79.4030460">
    <ele>88.3</ele>
    <time>2020-06-01T22:02:59Z</time>
   </trkpt>
   <trkpt lat="43.6444190" lon="-79.4030460">
    <ele>88.3</ele>
    <time>2020-06-01T22:03:00Z</time>
   </trkpt>
   <trkpt lat="43.6444680" lon="-79.4030600">
    <ele>88.4</ele>
    <time>2020-06-01T22:03:01Z</time>
   </trkpt>
   <trkpt lat="43.6445030" lon="-79.4030800">
    <ele>88.4</ele>
    <time>2020-06-01T22:03:02Z</time>
   </trkpt>
   <trkpt lat="43.6445340" lon="-79.4030930">
    <ele>88.5</ele>
    <time>2020-06-01T22:03:03Z</time>
   </trkpt>
   <trkpt lat="43.6446000" lon="-79.4030950">
    <ele>88.6</ele>
    <time>2020-06-01T22:03:04Z</time>
   </trkpt>
   <trkpt lat="43.6446320" lon="-79.4030950">
    <ele>88.6</ele>
    <time>2020-06-01T22:03:05Z</time>
   </trkpt>
   <trkpt lat="43.6446770" lon="-79.4030940">
    <ele>88.6</ele>
    <time>2020-06-01T22:03:06Z</time>
   </trkpt>
   <trkpt lat="43.6447080" lon="-79.4030850">
    <ele>88.7</ele>
    <time>2020-06-01T22:03:07Z</time>
   </trkpt>
   <trkpt lat="43.6447410" lon="-79.4030830">
    <ele>88.7</ele>
    <time>2020-06-01T22:03:08Z</time>
   </trkpt>
   <trkpt lat="43.6447520" lon="-79.4030790">
    <ele>88.7</ele>
    <time>2020-06-01T22:03:09Z</time>
   </trkpt>
   <trkpt lat="43.6448000" lon="-79.4030800">
    <ele>88.7</ele>
    <time>2020-06-01T22:03:10Z</time>
   </trkpt>
   <trkpt lat="43.6448470" lon="-79.4030880">
    <ele>88.8</ele>
    <time>2020-06-01T22:03:11Z</time>
   </trkpt>
   <trkpt lat="43.6448840" lon="-79.4030910">
    <ele>88.8</ele>
    <time>2020-06-01T22:03:12Z</time>
   </trkpt>
   <trkpt lat="43.6449230" lon="-79.4031040">
    <ele>88.8</ele>
    <time>2020-06-01T22:03:13Z</time>
   </trkpt>
   <trkpt lat="43.6449370" lon="-79.4031120">
    <ele>88.8</ele>
    <time>2020-06-01T22:03:14Z</time>
   </trkpt>
   <trkpt lat="43.6449680" lon="-79.4031500">
    <ele>88.8</ele>
    <time>2020-06-01T22:03:15Z</time>
   </trkpt>
   <trkpt lat="43.6450070" lon="-79.4031780">
    <ele>88.8</ele>
    <time>2020-06-01T22:03:16Z</time>
   </trkpt>
   <trkpt lat="43.6450350" lon="-79.4031990">
    <ele>88.9</ele>
    <time>2020-06-01T22:03:17Z</time>
   </trkpt>
   <trkpt lat="43.6450650" lon="-79.4032350">
    <ele>88.9</ele>
    <time>2020-06-01T22:03:18Z</time>
   </trkpt>
   <trkpt lat="43.6450770" lon="-79.4032460">
    <ele>88.9</ele>
    <time>2020-06-01T22:03:19Z</time>
   </trkpt>
   <trkpt lat="43.6451030" lon="-79.4032610">
    <ele>88.9</ele>
    <time>2020-06-01T22:03:20Z</time>
   </trkpt>
   <trkpt lat="43.6451130" lon="-79.4032700">
    <ele>88.9</ele>
    <time>2020-06-01T22:03:21Z</time>
   </trkpt>
   <trkpt lat="43.6451460" lon="-79.4032920">
    <ele>89.0</ele>
    <time>2020-06-01T22:03:22Z</time>
   </trkpt>
   <trkpt lat="43.6451570" lon="-79.4032990">
    <ele>89.0</ele>
    <time>2020-06-01T22:03:23Z</time>
   </trkpt>
   <trkpt lat="43.6451950" lon="-79.4033180">
    <ele>89.1</ele>
    <time>2020-06-01T22:03:24Z</time>
   </trkpt>
   <trkpt lat="43.6452220" lon="-79.4033290">
    <ele>89.1</ele>
    <time>2020-06-01T22:03:25Z</time>
   </trkpt>
   <trkpt lat="43.6452500" lon="-79.4033360">
    <ele>89.2</ele>
    <time>2020-06-01T22:03:26Z</time>
   </trkpt>
   <trkpt lat="43.6452920" lon="-79.4033450">
    <ele>89.3</ele>
    <time>2020-06-01T22:03:27Z</time>
   </trkpt>
   <trkpt lat="43.6453080" lon="-79.4033460">
    <ele>89.4</ele>
    <time>2020-06-01T22:03:28Z</time>
   </trkpt>
   <trkpt lat="43.6453370" lon="-79.4033510">
    <ele>89.4</ele>
    <time>2020-06-01T22:03:29Z</time>
   </trkpt>
   <trkpt lat="43.6453760" lon="-79.4033530">
    <ele>89.5</ele>
    <time>2020-06-01T22:03:30Z</time>
   </trkpt>
   <trkpt lat="43.6453890" lon="-79.4033550">
    <ele>89.5</ele>
    <time>2020-06-01T22:03:31Z</time>
   </trkpt>
   <trkpt lat="43.6454170" lon="-79.4033540">
    <ele>89.6</ele>
    <time>2020-06-01T22:03:32Z</time>
   </trkpt>
   <trkpt lat="43.6454350" lon="-79.4033550">
    <ele>89.6</ele>
    <time>2020-06-01T22:03:33Z</time>
   </trkpt>
   <trkpt lat="43.6454520" lon="-79.4033570">
    <ele>89.7</ele>
    <time>2020-06-01T22:03:34Z</time>
   </trkpt>
   <trkpt lat="43.6454640" lon="-79.4033620">
    <ele>89.7</ele>
    <time>2020-06-01T22:03:35Z</time>
   </trkpt>
   <trkpt lat="43.6454710" lon="-79.4033580">
    <ele>89.7</ele>
    <time>2020-06-01T22:03:36Z</time>
   </trkpt>
   <trkpt lat="43.6454810" lon="-79.4033650">
    <ele>89.7</ele>
    <time>2020-06-01T22:03:37Z</time>
   </trkpt>
   <trkpt lat="43.6455000" lon="-79.4033690">
    <ele>89.7</ele>
    <time>2020-06-01T22:03:38Z</time>
   </trkpt>
   <trkpt lat="43.6455120" lon="-79.4033760">
    <ele>89.8</ele>
    <time>2020-06-01T22:03:39Z</time>
   </trkpt>
   <trkpt lat="43.6455250" lon="-79.4033820">
    <ele>89.8</ele>
    <time>2020-06-01T22:03:40Z</time>
   </trkpt>
   <trkpt lat="43.6455570" lon="-79.4034000">
    <ele>89.9</ele>
    <time>2020-06-01T22:03:41Z</time>
   </trkpt>
   <trkpt lat="43.6455680" lon="-79.4034090">
    <ele>89.9</ele>
    <time>2020-06-01T22:03:42Z</time>
   </trkpt>
   <trkpt lat="43.6455990" lon="-79.4034170">
    <ele>90.0</ele>
    <time>2020-06-01T22:03:43Z</time>
   </trkpt>
   <trkpt lat="43.6456090" lon="-79.4034210">
    <ele>90.0</ele>
    <time>2020-06-01T22:03:44Z</time>
   </trkpt>
   <trkpt lat="43.6456490" lon="-79.4034140">
    <ele>90.1</ele>
    <time>2020-06-01T22:03:45Z</time>
   </trkpt>
   <trkpt lat="43.6456650" lon="-79.4034160">
    <ele>90.1</ele>
    <time>2020-06-01T22:03:46Z</time>
   </trkpt>
   <trkpt lat="43.6457020" lon="-79.4034270">
    <ele>90.2</ele>
    <time>2020-06-01T22:03:47Z</time>
   </trkpt>
   <trkpt lat="43.6457150" lon="-79.4034350">
    <ele>90.2</ele>
    <time>2020-06-01T22:03:48Z</time>
   </trkpt>
   <trkpt lat="43.6457550" lon="-79.4034440">
    <ele>90.3</ele>
    <time>2020-06-01T22:03:49Z</time>
   </trkpt>
   <trkpt lat="43.6457700" lon="-79.4034430">
    <ele>90.3</ele>
    <time>2020-06-01T22:03:50Z</time>
   </trkpt>
   <trkpt lat="43.6458050" lon="-79.4034510">
    <ele>90.4</ele>
    <time>2020-06-01T22:03:51Z</time>
   </trkpt>
   <trkpt lat="43.6458600" lon="-79.4034540">
    <ele>90.5</ele>
    <time>2020-06-01T22:03:52Z</time>
   </trkpt>
   <trkpt lat="43.6458880" lon="-79.4034730">
    <ele>90.6</ele>
    <time>2020-06-01T22:03:53Z</time>
   </trkpt>
   <trkpt lat="43.6459170" lon="-79.4035410">
    <ele>90.6</ele>
    <time>2020-06-01T22:03:54Z</time>
   </trkpt>
   <trkpt lat="43.6459380" lon="-79.4035770">
    <ele>90.6</ele>
    <time>2020-06-01T22:03:55Z</time>
   </trkpt>
   <trkpt lat="43.6459700" lon="-79.4035990">
    <ele>90.6</ele>
    <time>2020-06-01T22:03:56Z</time>
   </trkpt>
   <trkpt lat="43.6460060" lon="-79.4036070">
    <ele>90.7</ele>
    <time>2020-06-01T22:03:57Z</time>
   </trkpt>
   <trkpt lat="43.6460390" lon="-79.4036130">
    <ele>90.7</ele>
    <time>2020-06-01T22:03:58Z</time>
   </trkpt>
   <trkpt lat="43.6460670" lon="-79.4036040">
    <ele>90.7</ele>
    <time>2020-06-01T22:03:59Z</time>
   </trkpt>
   <trkpt lat="43.6460950" lon="-79.4036070">
    <ele>90.8</ele>
    <time>2020-06-01T22:04:00Z</time>
   </trkpt>
   <trkpt lat="43.6461250" lon="-79.4036040">
    <ele>90.8</ele>
    <time>2020-06-01T22:04:01Z</time>
   </trkpt>
   <trkpt lat="43.6461600" lon="-79.4036180">
    <ele>90.9</ele>
    <time>2020-06-01T22:04:02Z</time>
   </trkpt>
   <trkpt lat="43.6461770" lon="-79.4036340">
    <ele>90.9</ele>
    <time>2020-06-01T22:04:03Z</time>
   </trkpt>
   <trkpt lat="43.6462100" lon="-79.4036530">
    <ele>91.0</ele>
    <time>2020-06-01T22:04:04Z</time>
   </trkpt>
   <trkpt lat="43.6462360" lon="-79.4036470">
    <ele>91.0</ele>
    <time>2020-06-01T22:04:05Z</time>
   </trkpt>
   <trkpt lat="43.6462480" lon="-79.4036530">
    <ele>91.0</ele>
    <time>2020-06-01T22:04:06Z</time>
   </trkpt>
   <trkpt lat="43.6462530" lon="-79.4036580">
    <ele>91.0</ele>
    <time>2020-06-01T22:04:07Z</time>
   </trkpt>
   <trkpt lat="43.6462550" lon="-79.4036600">
    <ele>91.0</ele>
    <time>2020-06-01T22:04:08Z</time>
   </trkpt>
   <trkpt lat="43.6462560" lon="-79.4036590">
    <ele>91.0</ele>
    <time>2020-06-01T22:04:09Z</time>
   </trkpt>
   <trkpt lat="43.6462560" lon="-79.4036590">
    <ele>91.0</ele>
    <time>2020-06-01T22:04:10Z</time>
   </trkpt>
   <trkpt lat="43.6462580" lon="-79.4036590">
    <ele>91.0</ele>
    <time>2020-06-01T22:04:11Z</time>
   </trkpt>
   <trkpt lat="43.6462570" lon="-79.4036600">
    <ele>91.0</ele>
    <time>2020-06-01T22:04:12Z</time>
   </trkpt>
   <trkpt lat="43.6462580" lon="-79.4036590">
    <ele>91.0</ele>
    <time>2020-06-01T22:04:13Z</time>
   </trkpt>
   <trkpt lat="43.6462590" lon="-79.4036680">
    <ele>91.1</ele>
    <time>2020-06-01T22:04:14Z</time>
   </trkpt>
   <trkpt lat="43.6462640" lon="-79.4036790">
    <ele>91.1</ele>
    <time>2020-06-01T22:04:15Z</time>
   </trkpt>
   <trkpt lat="43.6462680" lon="-79.4036820">
    <ele>91.1</ele>
    <time>2020-06-01T22:04:16Z</time>
   </trkpt>
   <trkpt lat="43.6462720" lon="-79.4036840">
    <ele>91.1</ele>
    <time>2020-06-01T22:04:18Z</time>
   </trkpt>
   <trkpt lat="43.6462840" lon="-79.4036880">
    <ele>91.1</ele>
    <time>2020-06-01T22:04:19Z</time>
   </trkpt>
   <trkpt lat="43.6463020" lon="-79.4036910">
    <ele>91.1</ele>
    <time>2020-06-01T22:04:20Z</time>
   </trkpt>
   <trkpt lat="43.6463370" lon="-79.4037030">
    <ele>91.1</ele>
    <time>2020-06-01T22:04:21Z</time>
   </trkpt>
   <trkpt lat="43.6463480" lon="-79.4037060">
    <ele>91.2</ele>
    <time>2020-06-01T22:04:22Z</time>
   </trkpt>
   <trkpt lat="43.6463870" lon="-79.4037150">
    <ele>91.2</ele>
    <time>2020-06-01T22:04:23Z</time>
   </trkpt>
   <trkpt lat="43.6464010" lon="-79.4037190">
    <ele>91.2</ele>
    <time>2020-06-01T22:04:24Z</time>
   </trkpt>
   <trkpt lat="43.6464390" lon="-79.4037380">
    <ele>91.1</ele>
    <time>2020-06-01T22:04:25Z</time>
   </trkpt>
   <trkpt lat="43.6464500" lon="-79.4037470">
    <ele>91.1</ele>
    <time>2020-06-01T22:04:26Z</time>
   </trkpt>
   <trkpt lat="43.6464800" lon="-79.4037660">
    <ele>91.1</ele>
    <time>2020-06-01T22:04:27Z</time>
   </trkpt>
   <trkpt lat="43.6465130" lon="-79.4037710">
    <ele>91.5</ele>
    <time>2020-06-01T22:04:28Z</time>
   </trkpt>
   <trkpt lat="43.6465510" lon="-79.4037810">
    <ele>91.5</ele>
    <time>2020-06-01T22:04:29Z</time>
   </trkpt>
   <trkpt lat="43.6465820" lon="-79.4038020">
    <ele>91.6</ele>
    <time>2020-06-01T22:04:30Z</time>
   </trkpt>
   <trkpt lat="43.6466080" lon="-79.4038270">
    <ele>91.7</ele>
    <time>2020-06-01T22:04:31Z</time>
   </trkpt>
   <trkpt lat="43.6466120" lon="-79.4038520">
    <ele>91.7</ele>
    <time>2020-06-01T22:04:32Z</time>
   </trkpt>
   <trkpt lat="43.6466300" lon="-79.4038590">
    <ele>91.7</ele>
    <time>2020-06-01T22:04:33Z</time>
   </trkpt>
   <trkpt lat="43.6466590" lon="-79.4038650">
    <ele>91.8</ele>
    <time>2020-06-01T22:04:34Z</time>
   </trkpt>
   <trkpt lat="43.6466900" lon="-79.4038640">
    <ele>91.9</ele>
    <time>2020-06-01T22:04:35Z</time>
   </trkpt>
   <trkpt lat="43.6467270" lon="-79.4038680">
    <ele>92.0</ele>
    <time>2020-06-01T22:04:36Z</time>
   </trkpt>
   <trkpt lat="43.6467570" lon="-79.4038770">
    <ele>92.0</ele>
    <time>2020-06-01T22:04:37Z</time>
   </trkpt>
   <trkpt lat="43.6467900" lon="-79.4038980">
    <ele>92.1</ele>
    <time>2020-06-01T22:04:38Z</time>
   </trkpt>
   <trkpt lat="43.6468190" lon="-79.4039140">
    <ele>92.1</ele>
    <time>2020-06-01T22:04:39Z</time>
   </trkpt>
   <trkpt lat="43.6468530" lon="-79.4039230">
    <ele>92.2</ele>
    <time>2020-06-01T22:04:40Z</time>
   </trkpt>
   <trkpt lat="43.6468800" lon="-79.4039340">
    <ele>92.3</ele>
    <time>2020-06-01T22:04:41Z</time>
   </trkpt>
   <trkpt lat="43.6469200" lon="-79.4039680">
    <ele>92.3</ele>
    <time>2020-06-01T22:04:42Z</time>
   </trkpt>
   <trkpt lat="43.6469450" lon="-79.4039870">
    <ele>92.4</ele>
    <time>2020-06-01T22:04:43Z</time>
   </trkpt>
   <trkpt lat="43.6469560" lon="-79.4039910">
    <ele>92.4</ele>
    <time>2020-06-01T22:04:44Z</time>
   </trkpt>
   <trkpt lat="43.6470050" lon="-79.4040080">
    <ele>92.5</ele>
    <time>2020-06-01T22:04:45Z</time>
   </trkpt>
   <trkpt lat="43.6470310" lon="-79.4040100">
    <ele>92.5</ele>
    <time>2020-06-01T22:04:46Z</time>
   </trkpt>
   <trkpt lat="43.6470570" lon="-79.4040060">
    <ele>92.5</ele>
    <time>2020-06-01T22:04:47Z</time>
   </trkpt>
   <trkpt lat="43.6470940" lon="-79.4040070">
    <ele>92.6</ele>
    <time>2020-06-01T22:04:48Z</time>
   </trkpt>
   <trkpt lat="43.6471360" lon="-79.4040060">
    <ele>92.6</ele>
    <time>2020-06-01T22:04:49Z</time>
   </trkpt>
   <trkpt lat="43.6471730" lon="-79.4040100">
    <ele>92.6</ele>
    <time>2020-06-01T22:04:50Z</time>
   </trkpt>
   <trkpt lat="43.6471900" lon="-79.4040120">
    <ele>92.6</ele>
    <time>2020-06-01T22:04:51Z</time>
   </trkpt>
   <trkpt lat="43.6472050" lon="-79.4040190">
    <ele>92.6</ele>
    <time>2020-06-01T22:04:52Z</time>
   </trkpt>
   <trkpt lat="43.6472300" lon="-79.4040340">
    <ele>92.7</ele>
    <time>2020-06-01T22:04:53Z</time>
   </trkpt>
   <trkpt lat="43.6472380" lon="-79.4040340">
    <ele>92.7</ele>
    <time>2020-06-01T22:04:54Z</time>
   </trkpt>
   <trkpt lat="43.6472530" lon="-79.4040410">
    <ele>92.7</ele>
    <time>2020-06-01T22:04:55Z</time>
   </trkpt>
   <trkpt lat="43.6472600" lon="-79.4040450">
    <ele>92.7</ele>
    <time>2020-06-01T22:04:56Z</time>
   </trkpt>
   <trkpt lat="43.6472670" lon="-79.4040500">
    <ele>92.7</ele>
    <time>2020-06-01T22:04:57Z</time>
   </trkpt>
   <trkpt lat="43.6472740" lon="-79.4040550">
    <ele>92.7</ele>
    <time>2020-06-01T22:04:58Z</time>
   </trkpt>
   <trkpt lat="43.6472850" lon="-79.4040640">
    <ele>92.8</ele>
    <time>2020-06-01T22:04:59Z</time>
   </trkpt>
   <trkpt lat="43.6472990" lon="-79.4040770">
    <ele>92.8</ele>
    <time>2020-06-01T22:05:00Z</time>
   </trkpt>
   <trkpt lat="43.6473100" lon="-79.4040940">
    <ele>92.8</ele>
    <time>2020-06-01T22:05:01Z</time>
   </trkpt>
   <trkpt lat="43.6473260" lon="-79.4041020">
    <ele>92.9</ele>
    <time>2020-06-01T22:05:02Z</time>
   </trkpt>
   <trkpt lat="43.6473520" lon="-79.4041080">
    <ele>92.9</ele>
    <time>2020-06-01T22:05:03Z</time>
   </trkpt>
   <trkpt lat="43.6473630" lon="-79.4041120">
    <ele>93.0</ele>
    <time>2020-06-01T22:05:04Z</time>
   </trkpt>
   <trkpt lat="43.6473840" lon="-79.4041100">
    <ele>93.0</ele>
    <time>2020-06-01T22:05:05Z</time>
   </trkpt>
   <trkpt lat="43.6473980" lon="-79.4041190">
    <ele>93.0</ele>
    <time>2020-06-01T22:05:06Z</time>
   </trkpt>
   <trkpt lat="43.6474280" lon="-79.4041210">
    <ele>93.1</ele>
    <time>2020-06-01T22:05:07Z</time>
   </trkpt>
   <trkpt lat="43.6474390" lon="-79.4041220">
    <ele>93.1</ele>
    <time>2020-06-01T22:05:08Z</time>
   </trkpt>
   <trkpt lat="43.6474670" lon="-79.4041220">
    <ele>93.2</ele>
    <time>2020-06-01T22:05:09Z</time>
   </trkpt>
   <trkpt lat="43.6474750" lon="-79.4041220">
    <ele>93.2</ele>
    <time>2020-06-01T22:05:10Z</time>
   </trkpt>
   <trkpt lat="43.6474970" lon="-79.4041270">
    <ele>93.3</ele>
    <time>2020-06-01T22:05:11Z</time>
   </trkpt>
   <trkpt lat="43.6475060" lon="-79.4041310">
    <ele>93.3</ele>
    <time>2020-06-01T22:05:12Z</time>
   </trkpt>
   <trkpt lat="43.6475150" lon="-79.4041310">
    <ele>93.3</ele>
    <time>2020-06-01T22:05:13Z</time>
   </trkpt>
   <trkpt lat="43.6475390" lon="-79.4041250">
    <ele>93.3</ele>
    <time>2020-06-01T22:05:14Z</time>
   </trkpt>
   <trkpt lat="43.6475780" lon="-79.4041300">
    <ele>93.4</ele>
    <time>2020-06-01T22:05:15Z</time>
   </trkpt>
   <trkpt lat="43.6476130" lon="-79.4041420">
    <ele>93.5</ele>
    <time>2020-06-01T22:05:16Z</time>
   </trkpt>
   <trkpt lat="43.6476250" lon="-79.4041480">
    <ele>93.5</ele>
    <time>2020-06-01T22:05:17Z</time>
   </trkpt>
   <trkpt lat="43.6476550" lon="-79.4041860">
    <ele>93.6</ele>
    <time>2020-06-01T22:05:18Z</time>
   </trkpt>
   <trkpt lat="43.6476930" lon="-79.4042230">
    <ele>93.6</ele>
    <time>2020-06-01T22:05:19Z</time>
   </trkpt>
   <trkpt lat="43.6477250" lon="-79.4042520">
    <ele>93.7</ele>
    <time>2020-06-01T22:05:20Z</time>
   </trkpt>
   <trkpt lat="43.6477590" lon="-79.4042780">
    <ele>93.8</ele>
    <time>2020-06-01T22:05:21Z</time>
   </trkpt>
   <trkpt lat="43.6477710" lon="-79.4042820">
    <ele>93.8</ele>
    <time>2020-06-01T22:05:22Z</time>
   </trkpt>
   <trkpt lat="43.6477990" lon="-79.4042820">
    <ele>93.9</ele>
    <time>2020-06-01T22:05:23Z</time>
   </trkpt>
   <trkpt lat="43.6478350" lon="-79.4042730">
    <ele>93.9</ele>
    <time>2020-06-01T22:05:24Z</time>
   </trkpt>
   <trkpt lat="43.6478690" lon="-79.4042610">
    <ele>94.0</ele>
    <time>2020-06-01T22:05:25Z</time>
   </trkpt>
   <trkpt lat="43.6478940" lon="-79.4042670">
    <ele>94.0</ele>
    <time>2020-06-01T22:05:26Z</time>
   </trkpt>
   <trkpt lat="43.6479020" lon="-79.4042660">
    <ele>94.0</ele>
    <time>2020-06-01T22:05:27Z</time>
   </trkpt>
   <trkpt lat="43.6479130" lon="-79.4042730">
    <ele>94.1</ele>
    <time>2020-06-01T22:05:28Z</time>
   </trkpt>
   <trkpt lat="43.6479270" lon="-79.4042850">
    <ele>94.1</ele>
    <time>2020-06-01T22:05:29Z</time>
   </trkpt>
   <trkpt lat="43.6479590" lon="-79.4042930">
    <ele>94.1</ele>
    <time>2020-06-01T22:05:30Z</time>
   </trkpt>
   <trkpt lat="43.6479710" lon="-79.4042960">
    <ele>94.2</ele>
    <time>2020-06-01T22:05:31Z</time>
   </trkpt>
   <trkpt lat="43.6480080" lon="-79.4043070">
    <ele>94.2</ele>
    <time>2020-06-01T22:05:32Z</time>
   </trkpt>
   <trkpt lat="43.6480200" lon="-79.4043090">
    <ele>94.2</ele>
    <time>2020-06-01T22:05:33Z</time>
   </trkpt>
   <trkpt lat="43.6480500" lon="-79.4043160">
    <ele>94.3</ele>
    <time>2020-06-01T22:05:34Z</time>
   </trkpt>
   <trkpt lat="43.6480600" lon="-79.4043190">
    <ele>94.3</ele>
    <time>2020-06-01T22:05:35Z</time>
   </trkpt>
   <trkpt lat="43.6480940" lon="-79.4043330">
    <ele>94.4</ele>
    <time>2020-06-01T22:05:36Z</time>
   </trkpt>
   <trkpt lat="43.6481060" lon="-79.4043410">
    <ele>94.5</ele>
    <time>2020-06-01T22:05:37Z</time>
   </trkpt>
   <trkpt lat="43.6481490" lon="-79.4043830">
    <ele>94.6</ele>
    <time>2020-06-01T22:05:38Z</time>
   </trkpt>
   <trkpt lat="43.6481690" lon="-79.4044090">
    <ele>94.7</ele>
    <time>2020-06-01T22:05:39Z</time>
   </trkpt>
   <trkpt lat="43.6482080" lon="-79.4044550">
    <ele>94.8</ele>
    <time>2020-06-01T22:05:40Z</time>
   </trkpt>
   <trkpt lat="43.6482380" lon="-79.4044770">
    <ele>94.8</ele>
    <time>2020-06-01T22:05:41Z</time>
   </trkpt>
   <trkpt lat="43.6482700" lon="-79.4044840">
    <ele>94.9</ele>
    <time>2020-06-01T22:05:42Z</time>
   </trkpt>
   <trkpt lat="43.6483160" lon="-79.4044880">
    <ele>95.0</ele>
    <time>2020-06-01T22:05:43Z</time>
   </trkpt>
   <trkpt lat="43.6483370" lon="-79.4044870">
    <ele>95.0</ele>
    <time>2020-06-01T22:05:44Z</time>
   </trkpt>
   <trkpt lat="43.6483920" lon="-79.4045240">
    <ele>95.1</ele>
    <time>2020-06-01T22:05:45Z</time>
   </trkpt>
   <trkpt lat="43.6484180" lon="-79.4045630">
    <ele>95.2</ele>
    <time>2020-06-01T22:05:46Z</time>
   </trkpt>
   <trkpt lat="43.6484620" lon="-79.4045770">
    <ele>95.3</ele>
    <time>2020-06-01T22:05:47Z</time>
   </trkpt>
   <trkpt lat="43.6485020" lon="-79.4045900">
    <ele>95.4</ele>
    <time>2020-06-01T22:05:48Z</time>
   </trkpt>
   <trkpt lat="43.6485350" lon="-79.4046150">
    <ele>95.5</ele>
    <time>2020-06-01T22:05:49Z</time>
   </trkpt>
   <trkpt lat="43.6485450" lon="-79.4046300">
    <ele>95.5</ele>
    <time>2020-06-01T22:05:50Z</time>
   </trkpt>
   <trkpt lat="43.6485800" lon="-79.4046470">
    <ele>95.6</ele>
    <time>2020-06-01T22:05:51Z</time>
   </trkpt>
   <trkpt lat="43.6485920" lon="-79.4046520">
    <ele>95.6</ele>
    <time>2020-06-01T22:05:52Z</time>
   </trkpt>
   <trkpt lat="43.6486100" lon="-79.4046410">
    <ele>95.7</ele>
    <time>2020-06-01T22:05:53Z</time>
   </trkpt>
   <trkpt lat="43.6486200" lon="-79.4046340">
    <ele>95.7</ele>
    <time>2020-06-01T22:05:54Z</time>
   </trkpt>
   <trkpt lat="43.6488250" lon="-79.4047470">
    <ele>96.1</ele>
    <time>2020-06-01T22:06:20Z</time>
   </trkpt>
   <trkpt lat="43.6488310" lon="-79.4047430">
    <ele>96.1</ele>
    <time>2020-06-01T22:06:21Z</time>
   </trkpt>
   <trkpt lat="43.6488380" lon="-79.4047390">
    <ele>96.1</ele>
    <time>2020-06-01T22:06:22Z</time>
   </trkpt>
   <trkpt lat="43.6488440" lon="-79.4047350">
    <ele>96.1</ele>
    <time>2020-06-01T22:06:23Z</time>
   </trkpt>
   <trkpt lat="43.6488510" lon="-79.4047310">
    <ele>96.1</ele>
    <time>2020-06-01T22:06:24Z</time>
   </trkpt>
   <trkpt lat="43.6488720" lon="-79.4047400">
    <ele>96.2</ele>
    <time>2020-06-01T22:06:25Z</time>
   </trkpt>
   <trkpt lat="43.6488820" lon="-79.4047410">
    <ele>96.2</ele>
    <time>2020-06-01T22:06:26Z</time>
   </trkpt>
   <trkpt lat="43.6488910" lon="-79.4047420">
    <ele>96.2</ele>
    <time>2020-06-01T22:06:27Z</time>
   </trkpt>
   <trkpt lat="43.6489290" lon="-79.4047560">
    <ele>96.3</ele>
    <time>2020-06-01T22:06:28Z</time>
   </trkpt>
   <trkpt lat="43.6489430" lon="-79.4047590">
    <ele>96.3</ele>
    <time>2020-06-01T22:06:29Z</time>
   </trkpt>
   <trkpt lat="43.6489770" lon="-79.4047650">
    <ele>96.4</ele>
    <time>2020-06-01T22:06:30Z</time>
   </trkpt>
   <trkpt lat="43.6489900" lon="-79.4047670">
    <ele>96.4</ele>
    <time>2020-06-01T22:06:31Z</time>
   </trkpt>
   <trkpt lat="43.6490210" lon="-79.4047700">
    <ele>96.4</ele>
    <time>2020-06-01T22:06:32Z</time>
   </trkpt>
   <trkpt lat="43.6490320" lon="-79.4047710">
    <ele>96.4</ele>
    <time>2020-06-01T22:06:33Z</time>
   </trkpt>
   <trkpt lat="43.6490610" lon="-79.4047700">
    <ele>96.4</ele>
    <time>2020-06-01T22:06:34Z</time>
   </trkpt>
   <trkpt lat="43.6490730" lon="-79.4047660">
    <ele>96.5</ele>
    <time>2020-06-01T22:06:35Z</time>
   </trkpt>
   <trkpt lat="43.6491110" lon="-79.4047750">
    <ele>96.6</ele>
    <time>2020-06-01T22:06:36Z</time>
   </trkpt>
   <trkpt lat="43.6491240" lon="-79.4047820">
    <ele>96.7</ele>
    <time>2020-06-01T22:06:37Z</time>
   </trkpt>
   <trkpt lat="43.6491530" lon="-79.4047930">
    <ele>96.7</ele>
    <time>2020-06-01T22:06:38Z</time>
   </trkpt>
   <trkpt lat="43.6491640" lon="-79.4047980">
    <ele>96.7</ele>
    <time>2020-06-01T22:06:39Z</time>
   </trkpt>
   <trkpt lat="43.6492020" lon="-79.4048090">
    <ele>96.8</ele>
    <time>2020-06-01T22:06:40Z</time>
   </trkpt>
   <trkpt lat="43.6492300" lon="-79.4048070">
    <ele>96.9</ele>
    <time>2020-06-01T22:06:41Z</time>
   </trkpt>
   <trkpt lat="43.6492460" lon="-79.4048090">
    <ele>96.9</ele>
    <time>2020-06-01T22:06:42Z</time>
   </trkpt>
   <trkpt lat="43.6492660" lon="-79.4048130">
    <ele>96.9</ele>
    <time>2020-06-01T22:06:43Z</time>
   </trkpt>
   <trkpt lat="43.6492950" lon="-79.4048100">
    <ele>97.0</ele>
    <time>2020-06-01T22:06:44Z</time>
   </trkpt>
   <trkpt lat="43.6493040" lon="-79.4048120">
    <ele>97.0</ele>
    <time>2020-06-01T22:06:45Z</time>
   </trkpt>
   <trkpt lat="43.6493120" lon="-79.4048140">
    <ele>97.0</ele>
    <time>2020-06-01T22:06:46Z</time>
   </trkpt>
   <trkpt lat="43.6493200" lon="-79.4048110">
    <ele>97.1</ele>
    <time>2020-06-01T22:06:47Z</time>
   </trkpt>
   <trkpt lat="43.6493350" lon="-79.4048140">
    <ele>97.1</ele>
    <time>2020-06-01T22:06:48Z</time>
   </trkpt>
   <trkpt lat="43.6493660" lon="-79.4048120">
    <ele>97.2</ele>
    <time>2020-06-01T22:06:49Z</time>
   </trkpt>
   <trkpt lat="43.6494050" lon="-79.4048260">
    <ele>97.2</ele>
    <time>2020-06-01T22:06:50Z</time>
   </trkpt>
   <trkpt lat="43.6494210" lon="-79.4048330">
    <ele>97.3</ele>
    <time>2020-06-01T22:06:51Z</time>
   </trkpt>
   <trkpt lat="43.6494490" lon="-79.4048350">
    <ele>97.3</ele>
    <time>2020-06-01T22:06:52Z</time>
   </trkpt>
   <trkpt lat="43.6494810" lon="-79.4048470">
    <ele>97.4</ele>
    <time>2020-06-01T22:06:53Z</time>
   </trkpt>
   <trkpt lat="43.6494910" lon="-79.4048500">
    <ele>97.4</ele>
    <time>2020-06-01T22:06:54Z</time>
   </trkpt>
   <trkpt lat="43.6495290" lon="-79.4048600">
    <ele>97.5</ele>
    <time>2020-06-01T22:06:55Z</time>
   </trkpt>
   <trkpt lat="43.6495620" lon="-79.4048700">
    <ele>97.6</ele>
    <time>2020-06-01T22:06:56Z</time>
   </trkpt>
   <trkpt lat="43.6496020" lon="-79.4048740">
    <ele>97.6</ele>
    <time>2020-06-01T22:06:57Z</time>
   </trkpt>
   <trkpt lat="43.6496500" lon="-79.4048950">
    <ele>97.7</ele>
    <time>2020-06-01T22:06:58Z</time>
   </trkpt>
   <trkpt lat="43.6496890" lon="-79.4049180">
    <ele>97.8</ele>
    <time>2020-06-01T22:06:59Z</time>
   </trkpt>
   <trkpt lat="43.6497250" lon="-79.4049370">
    <ele>97.9</ele>
    <time>2020-06-01T22:07:00Z</time>
   </trkpt>
   <trkpt lat="43.6497540" lon="-79.4049610">
    <ele>97.9</ele>
    <time>2020-06-01T22:07:01Z</time>
   </trkpt>
   <trkpt lat="43.6497900" lon="-79.4049890">
    <ele>98.0</ele>
    <time>2020-06-01T22:07:02Z</time>
   </trkpt>
   <trkpt lat="43.6498070" lon="-79.4050030">
    <ele>98.0</ele>
    <time>2020-06-01T22:07:03Z</time>
   </trkpt>
   <trkpt lat="43.6498400" lon="-79.4050260">
    <ele>98.1</ele>
    <time>2020-06-01T22:07:04Z</time>
   </trkpt>
   <trkpt lat="43.6498530" lon="-79.4050360">
    <ele>98.1</ele>
    <time>2020-06-01T22:07:05Z</time>
   </trkpt>
   <trkpt lat="43.6498820" lon="-79.4050520">
    <ele>98.1</ele>
    <time>2020-06-01T22:07:06Z</time>
   </trkpt>
   <trkpt lat="43.6498930" lon="-79.4050540">
    <ele>98.1</ele>
    <time>2020-06-01T22:07:07Z</time>
   </trkpt>
   <trkpt lat="43.6499200" lon="-79.4050740">
    <ele>98.2</ele>
    <time>2020-06-01T22:07:08Z</time>
   </trkpt>
   <trkpt lat="43.6499710" lon="-79.4050820">
    <ele>98.2</ele>
    <time>2020-06-01T22:07:09Z</time>
   </trkpt>
   <trkpt lat="43.6500200" lon="-79.4050830">
    <ele>98.2</ele>
    <time>2020-06-01T22:07:10Z</time>
   </trkpt>
   <trkpt lat="43.6500700" lon="-79.4050950">
    <ele>98.2</ele>
    <time>2020-06-01T22:07:11Z</time>
   </trkpt>
   <trkpt lat="43.6501000" lon="-79.4051090">
    <ele>98.3</ele>
    <time>2020-06-01T22:07:12Z</time>
   </trkpt>
   <trkpt lat="43.6501420" lon="-79.4051130">
    <ele>98.3</ele>
    <time>2020-06-01T22:07:13Z</time>
   </trkpt>
   <trkpt lat="43.6501760" lon="-79.4051250">
    <ele>98.4</ele>
    <time>2020-06-01T22:07:14Z</time>
   </trkpt>
   <trkpt lat="43.6501880" lon="-79.4051320">
    <ele>98.4</ele>
    <time>2020-06-01T22:07:15Z</time>
   </trkpt>
   <trkpt lat="43.6502220" lon="-79.4051370">
    <ele>98.5</ele>
    <time>2020-06-01T22:07:16Z</time>
   </trkpt>
   <trkpt lat="43.6502340" lon="-79.4051420">
    <ele>98.5</ele>
    <time>2020-06-01T22:07:17Z</time>
   </trkpt>
   <trkpt lat="43.6502590" lon="-79.4051660">
    <ele>98.6</ele>
    <time>2020-06-01T22:07:18Z</time>
   </trkpt>
   <trkpt lat="43.6502770" lon="-79.4051980">
    <ele>98.6</ele>
    <time>2020-06-01T22:07:19Z</time>
   </trkpt>
   <trkpt lat="43.6502840" lon="-79.4052080">
    <ele>98.7</ele>
    <time>2020-06-01T22:07:20Z</time>
   </trkpt>
   <trkpt lat="43.6503130" lon="-79.4052280">
    <ele>98.7</ele>
    <time>2020-06-01T22:07:21Z</time>
   </trkpt>
   <trkpt lat="43.6503260" lon="-79.4052340">
    <ele>98.8</ele>
    <time>2020-06-01T22:07:22Z</time>
   </trkpt>
   <trkpt lat="43.6503600" lon="-79.4052600">
    <ele>98.9</ele>
    <time>2020-06-01T22:07:23Z</time>
   </trkpt>
   <trkpt lat="43.6503700" lon="-79.4052710">
    <ele>98.9</ele>
    <time>2020-06-01T22:07:24Z</time>
   </trkpt>
   <trkpt lat="43.6504020" lon="-79.4052950">
    <ele>99.0</ele>
    <time>2020-06-01T22:07:25Z</time>
   </trkpt>
   <trkpt lat="43.6504120" lon="-79.4053050">
    <ele>99.0</ele>
    <time>2020-06-01T22:07:26Z</time>
   </trkpt>
   <trkpt lat="43.6504380" lon="-79.4053270">
    <ele>99.1</ele>
    <time>2020-06-01T22:07:27Z</time>
   </trkpt>
   <trkpt lat="43.6504620" lon="-79.4053430">
    <ele>99.1</ele>
    <time>2020-06-01T22:07:28Z</time>
   </trkpt>
   <trkpt lat="43.6504710" lon="-79.4053500">
    <ele>99.1</ele>
    <time>2020-06-01T22:07:29Z</time>
   </trkpt>
   <trkpt lat="43.6505160" lon="-79.4053600">
    <ele>99.2</ele>
    <time>2020-06-01T22:07:30Z</time>
   </trkpt>
   <trkpt lat="43.6505480" lon="-79.4053700">
    <ele>99.3</ele>
    <time>2020-06-01T22:07:31Z</time>
   </trkpt>
  </trkseg>
 </trk>
</gpx>
