<?xml version="1.0" encoding="UTF-8"?>
<gpx xmlns:xsi="http://www.w3.org/2001/XMLSchema-instance" xsi:schemaLocation="http://www.topografix.com/GPX/1/1 http://www.topografix.com/GPX/1/1/gpx.xsd" creator="StravaGPX" version="1.1" xmlns="http://www.topografix.com/GPX/1/1">
 <metadata>
  <time>2020-06-13T14:37:35Z</time>
 </metadata>
 <trk>
  <name>Morning Run</name>
  <type>running</type>
  <trkseg>
   <trkpt lat="43.6558390" lon="-79.4114330">
    <ele>106.5</ele>
    <time>2020-06-13T14:37:35Z</time>
   </trkpt>
   <trkpt lat="43.6558470" lon="-79.4114520">
    <ele>106.4</ele>
    <time>2020-06-13T14:37:36Z</time>
   </trkpt>
   <trkpt lat="43.6558450" lon="-79.4114440">
    <ele>106.4</ele>
    <time>2020-06-13T14:37:37Z</time>
   </trkpt>
   <trkpt lat="43.6558390" lon="-79.4114400">
    <ele>106.4</ele>
    <time>2020-06-13T14:37:38Z</time>
   </trkpt>
   <trkpt lat="43.6558450" lon="-79.4114030">
    <ele>106.4</ele>
    <time>2020-06-13T14:37:39Z</time>
   </trkpt>
   <trkpt lat="43.6558390" lon="-79.4113650">
    <ele>106.4</ele>
    <time>2020-06-13T14:37:40Z</time>
   </trkpt>
   <trkpt lat="43.6558510" lon="-79.4113320">
    <ele>106.4</ele>
    <time>2020-06-13T14:37:41Z</time>
   </trkpt>
   <trkpt lat="43.6558630" lon="-79.4113180">
    <ele>106.4</ele>
    <time>2020-06-13T14:37:42Z</time>
   </trkpt>
   <trkpt lat="43.6558750" lon="-79.4113020">
    <ele>106.3</ele>
    <time>2020-06-13T14:37:43Z</time>
   </trkpt>
   <trkpt lat="43.6558900" lon="-79.4112700">
    <ele>106.3</ele>
    <time>2020-06-13T14:37:44Z</time>
   </trkpt>
   <trkpt lat="43.6558930" lon="-79.4112590">
    <ele>106.3</ele>
    <time>2020-06-13T14:37:45Z</time>
   </trkpt>
   <trkpt lat="43.6559010" lon="-79.4112200">
    <ele>106.3</ele>
    <time>2020-06-13T14:37:46Z</time>
   </trkpt>
   <trkpt lat="43.6559060" lon="-79.4112090">
    <ele>106.3</ele>
    <time>2020-06-13T14:37:47Z</time>
   </trkpt>
   <trkpt lat="43.6559240" lon="-79.4111740">
    <ele>106.3</ele>
    <time>2020-06-13T14:37:48Z</time>
   </trkpt>
   <trkpt lat="43.6559530" lon="-79.4111510">
    <ele>106.2</ele>
    <time>2020-06-13T14:37:49Z</time>
   </trkpt>
   <trkpt lat="43.6559740" lon="-79.4111220">
    <ele>106.2</ele>
    <time>2020-06-13T14:37:50Z</time>
   </trkpt>
   <trkpt lat="43.6559920" lon="-79.4110840">
    <ele>106.2</ele>
    <time>2020-06-13T14:37:51Z</time>
   </trkpt>
   <trkpt lat="43.6559950" lon="-79.4110690">
    <ele>106.2</ele>
    <time>2020-06-13T14:37:52Z</time>
   </trkpt>
   <trkpt lat="43.6560060" lon="-79.4110310">
    <ele>106.2</ele>
    <time>2020-06-13T14:37:53Z</time>
   </trkpt>
   <trkpt lat="43.6560080" lon="-79.4110190">
    <ele>106.2</ele>
    <time>2020-06-13T14:37:54Z</time>
   </trkpt>
   <trkpt lat="43.6560250" lon="-79.4109750">
    <ele>106.2</ele>
    <time>2020-06-13T14:37:55Z</time>
   </trkpt>
   <trkpt lat="43.6560350" lon="-79.4109120">
    <ele>106.2</ele>
    <time>2020-06-13T14:37:56Z</time>
   </trkpt>
   <trkpt lat="43.6560460" lon="-79.4108490">
    <ele>106.2</ele>
    <time>2020-06-13T14:37:57Z</time>
   </trkpt>
   <trkpt lat="43.6560560" lon="-79.4107910">
    <ele>106.1</ele>
    <time>2020-06-13T14:37:58Z</time>
   </trkpt>
   <trkpt lat="43.6560570" lon="-79.4107040">
    <ele>106.1</ele>
    <time>2020-06-13T14:37:59Z</time>
   </trkpt>
   <trkpt lat="43.6560740" lon="-79.4106330">
    <ele>106.1</ele>
    <time>2020-06-13T14:38:00Z</time>
   </trkpt>
   <trkpt lat="43.6561020" lon="-79.4106060">
    <ele>106.1</ele>
    <time>2020-06-13T14:38:01Z</time>
   </trkpt>
   <trkpt lat="43.6561280" lon="-79.4105850">
    <ele>106.1</ele>
    <time>2020-06-13T14:38:02Z</time>
   </trkpt>
   <trkpt lat="43.6561500" lon="-79.4105480">
    <ele>106.1</ele>
    <time>2020-06-13T14:38:03Z</time>
   </trkpt>
   <trkpt lat="43.6561690" lon="-79.4105180">
    <ele>106.0</ele>
    <time>2020-06-13T14:38:04Z</time>
   </trkpt>
   <trkpt lat="43.6561870" lon="-79.4104870">
    <ele>106.0</ele>
    <time>2020-06-13T14:38:05Z</time>
   </trkpt>
   <trkpt lat="43.6562050" lon="-79.4104540">
    <ele>106.0</ele>
    <time>2020-06-13T14:38:06Z</time>
   </trkpt>
   <trkpt lat="43.6562170" lon="-79.4104170">
    <ele>106.0</ele>
    <time>2020-06-13T14:38:07Z</time>
   </trkpt>
   <trkpt lat="43.6562360" lon="-79.4103810">
    <ele>106.0</ele>
    <time>2020-06-13T14:38:08Z</time>
   </trkpt>
   <trkpt lat="43.6562390" lon="-79.4103670">
    <ele>106.0</ele>
    <time>2020-06-13T14:38:09Z</time>
   </trkpt>
   <trkpt lat="43.6562540" lon="-79.4103220">
    <ele>106.0</ele>
    <time>2020-06-13T14:38:10Z</time>
   </trkpt>
   <trkpt lat="43.6562590" lon="-79.4103050">
    <ele>106.0</ele>
    <time>2020-06-13T14:38:11Z</time>
   </trkpt>
   <trkpt lat="43.6562770" lon="-79.4102680">
    <ele>106.0</ele>
    <time>2020-06-13T14:38:12Z</time>
   </trkpt>
   <trkpt lat="43.6562860" lon="-79.4102240">
    <ele>105.9</ele>
    <time>2020-06-13T14:38:13Z</time>
   </trkpt>
   <trkpt lat="43.6562970" lon="-79.4101850">
    <ele>105.9</ele>
    <time>2020-06-13T14:38:14Z</time>
   </trkpt>
   <trkpt lat="43.6563060" lon="-79.4101420">
    <ele>105.9</ele>
    <time>2020-06-13T14:38:15Z</time>
   </trkpt>
   <trkpt lat="43.6563150" lon="-79.4101010">
    <ele>105.9</ele>
    <time>2020-06-13T14:38:16Z</time>
   </trkpt>
   <trkpt lat="43.6563290" lon="-79.4100600">
    <ele>105.9</ele>
    <time>2020-06-13T14:38:17Z</time>
   </trkpt>
   <trkpt lat="43.6563310" lon="-79.4100470">
    <ele>105.9</ele>
    <time>2020-06-13T14:38:18Z</time>
   </trkpt>
   <trkpt lat="43.6563350" lon="-79.4100010">
    <ele>105.9</ele>
    <time>2020-06-13T14:38:19Z</time>
   </trkpt>
   <trkpt lat="43.6563380" lon="-79.4099460">
    <ele>105.9</ele>
    <time>2020-06-13T14:38:20Z</time>
   </trkpt>
   <trkpt lat="43.6563350" lon="-79.4099230">
    <ele>105.9</ele>
    <time>2020-06-13T14:38:21Z</time>
   </trkpt>
   <trkpt lat="43.6563440" lon="-79.4098810">
    <ele>105.9</ele>
    <time>2020-06-13T14:38:22Z</time>
   </trkpt>
   <trkpt lat="43.6563460" lon="-79.4098620">
    <ele>105.9</ele>
    <time>2020-06-13T14:38:23Z</time>
   </trkpt>
   <trkpt lat="43.6563500" lon="-79.4098250">
    <ele>105.9</ele>
    <time>2020-06-13T14:38:24Z</time>
   </trkpt>
   <trkpt lat="43.6563640" lon="-79.4097830">
    <ele>105.9</ele>
    <time>2020-06-13T14:38:25Z</time>
   </trkpt>
   <trkpt lat="43.6563700" lon="-79.4097680">
    <ele>105.9</ele>
    <time>2020-06-13T14:38:26Z</time>
   </trkpt>
   <trkpt lat="43.6563760" lon="-79.4097160">
    <ele>105.9</ele>
    <time>2020-06-13T14:38:27Z</time>
   </trkpt>
   <trkpt lat="43.6563810" lon="-79.4096650">
    <ele>105.9</ele>
    <time>2020-06-13T14:38:28Z</time>
   </trkpt>
   <trkpt lat="43.6563850" lon="-79.4096150">
    <ele>105.9</ele>
    <time>2020-06-13T14:38:29Z</time>
   </trkpt>
   <trkpt lat="43.6564050" lon="-79.4095700">
    <ele>105.9</ele>
    <time>2020-06-13T14:38:30Z</time>
   </trkpt>
   <trkpt lat="43.6564120" lon="-79.4095550">
    <ele>105.9</ele>
    <time>2020-06-13T14:38:31Z</time>
   </trkpt>
   <trkpt lat="43.6564370" lon="-79.4095220">
    <ele>105.9</ele>
    <time>2020-06-13T14:38:32Z</time>
   </trkpt>
   <trkpt lat="43.6564430" lon="-79.4095100">
    <ele>105.9</ele>
    <time>2020-06-13T14:38:33Z</time>
   </trkpt>
   <trkpt lat="43.6564680" lon="-79.4094670">
    <ele>105.9</ele>
    <time>2020-06-13T14:38:34Z</time>
   </trkpt>
   <trkpt lat="43.6564780" lon="-79.4094510">
    <ele>105.9</ele>
    <time>2020-06-13T14:38:35Z</time>
   </trkpt>
   <trkpt lat="43.6564930" lon="-79.4094180">
    <ele>105.9</ele>
    <time>2020-06-13T14:38:36Z</time>
   </trkpt>
   <trkpt lat="43.6565010" lon="-79.4093750">
    <ele>105.9</ele>
    <time>2020-06-13T14:38:37Z</time>
   </trkpt>
   <trkpt lat="43.6565030" lon="-79.4093560">
    <ele>105.9</ele>
    <time>2020-06-13T14:38:38Z</time>
   </trkpt>
   <trkpt lat="43.6564990" lon="-79.4093130">
    <ele>106.0</ele>
    <time>2020-06-13T14:38:39Z</time>
   </trkpt>
   <trkpt lat="43.6564970" lon="-79.4093030">
    <ele>106.0</ele>
    <time>2020-06-13T14:38:40Z</time>
   </trkpt>
   <trkpt lat="43.6564950" lon="-79.4092550">
    <ele>106.0</ele>
    <time>2020-06-13T14:38:41Z</time>
   </trkpt>
   <trkpt lat="43.6565020" lon="-79.4091990">
    <ele>106.0</ele>
    <time>2020-06-13T14:38:42Z</time>
   </trkpt>
   <trkpt lat="43.6565060" lon="-79.4091280">
    <ele>106.0</ele>
    <time>2020-06-13T14:38:43Z</time>
   </trkpt>
   <trkpt lat="43.6565060" lon="-79.4090770">
    <ele>106.0</ele>
    <time>2020-06-13T14:38:44Z</time>
   </trkpt>
   <trkpt lat="43.6565030" lon="-79.4090260">
    <ele>106.0</ele>
    <time>2020-06-13T14:38:45Z</time>
   </trkpt>
   <trkpt lat="43.6565130" lon="-79.4089890">
    <ele>105.9</ele>
    <time>2020-06-13T14:38:46Z</time>
   </trkpt>
   <trkpt lat="43.6565160" lon="-79.4089300">
    <ele>105.9</ele>
    <time>2020-06-13T14:38:47Z</time>
   </trkpt>
   <trkpt lat="43.6565160" lon="-79.4089020">
    <ele>105.9</ele>
    <time>2020-06-13T14:38:48Z</time>
   </trkpt>
   <trkpt lat="43.6565240" lon="-79.4088530">
    <ele>105.9</ele>
    <time>2020-06-13T14:38:49Z</time>
   </trkpt>
   <trkpt lat="43.6565260" lon="-79.4088160">
    <ele>105.9</ele>
    <time>2020-06-13T14:38:50Z</time>
   </trkpt>
   <trkpt lat="43.6565170" lon="-79.4087510">
    <ele>105.8</ele>
    <time>2020-06-13T14:38:51Z</time>
   </trkpt>
   <trkpt lat="43.6565190" lon="-79.4086980">
    <ele>105.8</ele>
    <time>2020-06-13T14:38:52Z</time>
   </trkpt>
   <trkpt lat="43.6565360" lon="-79.4086560">
    <ele>105.8</ele>
    <time>2020-06-13T14:38:53Z</time>
   </trkpt>
   <trkpt lat="43.6565450" lon="-79.4086460">
    <ele>105.8</ele>
    <time>2020-06-13T14:38:54Z</time>
   </trkpt>
   <trkpt lat="43.6565670" lon="-79.4086150">
    <ele>105.8</ele>
    <time>2020-06-13T14:38:55Z</time>
   </trkpt>
   <trkpt lat="43.6565950" lon="-79.4085790">
    <ele>105.8</ele>
    <time>2020-06-13T14:38:56Z</time>
   </trkpt>
   <trkpt lat="43.6566050" lon="-79.4085660">
    <ele>105.8</ele>
    <time>2020-06-13T14:38:57Z</time>
   </trkpt>
   <trkpt lat="43.6566270" lon="-79.4085330">
    <ele>105.9</ele>
    <time>2020-06-13T14:38:58Z</time>
   </trkpt>
   <trkpt lat="43.6566390" lon="-79.4085180">
    <ele>105.9</ele>
    <time>2020-06-13T14:38:59Z</time>
   </trkpt>
   <trkpt lat="43.6566590" lon="-79.4084850">
    <ele>105.9</ele>
    <time>2020-06-13T14:39:00Z</time>
   </trkpt>
   <trkpt lat="43.6566630" lon="-79.4084720">
    <ele>105.9</ele>
    <time>2020-06-13T14:39:01Z</time>
   </trkpt>
   <trkpt lat="43.6566830" lon="-79.4084330">
    <ele>105.9</ele>
    <time>2020-06-13T14:39:02Z</time>
   </trkpt>
   <trkpt lat="43.6566880" lon="-79.4084180">
    <ele>105.9</ele>
    <time>2020-06-13T14:39:03Z</time>
   </trkpt>
   <trkpt lat="43.6567050" lon="-79.4083720">
    <ele>105.9</ele>
    <time>2020-06-13T14:39:04Z</time>
   </trkpt>
   <trkpt lat="43.6567100" lon="-79.4083560">
    <ele>105.9</ele>
    <time>2020-06-13T14:39:05Z</time>
   </trkpt>
   <trkpt lat="43.6567130" lon="-79.4083290">
    <ele>105.9</ele>
    <time>2020-06-13T14:39:06Z</time>
   </trkpt>
   <trkpt lat="43.6567060" lon="-79.4083200">
    <ele>105.9</ele>
    <time>2020-06-13T14:39:07Z</time>
   </trkpt>
   <trkpt lat="43.6567060" lon="-79.4083090">
    <ele>106.0</ele>
    <time>2020-06-13T14:39:08Z</time>
   </trkpt>
   <trkpt lat="43.6567070" lon="-79.4082990">
    <ele>106.0</ele>
    <time>2020-06-13T14:39:09Z</time>
   </trkpt>
   <trkpt lat="43.6567020" lon="-79.4083040">
    <ele>106.0</ele>
    <time>2020-06-13T14:39:10Z</time>
   </trkpt>
   <trkpt lat="43.6566950" lon="-79.4083080">
    <ele>106.0</ele>
    <time>2020-06-13T14:39:11Z</time>
   </trkpt>
   <trkpt lat="43.6566950" lon="-79.4083170">
    <ele>106.0</ele>
    <time>2020-06-13T14:39:12Z</time>
   </trkpt>
   <trkpt lat="43.6566910" lon="-79.4083100">
    <ele>106.0</ele>
    <time>2020-06-13T14:39:13Z</time>
   </trkpt>
   <trkpt lat="43.6566830" lon="-79.4083000">
    <ele>106.0</ele>
    <time>2020-06-13T14:39:14Z</time>
   </trkpt>
   <trkpt lat="43.6566820" lon="-79.4082810">
    <ele>106.0</ele>
    <time>2020-06-13T14:39:15Z</time>
   </trkpt>
   <trkpt lat="43.6566820" lon="-79.4082720">
    <ele>106.0</ele>
    <time>2020-06-13T14:39:16Z</time>
   </trkpt>
   <trkpt lat="43.6566820" lon="-79.4082720">
    <ele>106.0</ele>
    <time>2020-06-13T14:39:17Z</time>
   </trkpt>
   <trkpt lat="43.6566810" lon="-79.4082720">
    <ele>106.0</ele>
    <time>2020-06-13T14:39:18Z</time>
   </trkpt>
   <trkpt lat="43.6566860" lon="-79.4082630">
    <ele>106.0</ele>
    <time>2020-06-13T14:39:19Z</time>
   </trkpt>
   <trkpt lat="43.6566820" lon="-79.4082410">
    <ele>106.0</ele>
    <time>2020-06-13T14:39:20Z</time>
   </trkpt>
   <trkpt lat="43.6566780" lon="-79.4082160">
    <ele>106.0</ele>
    <time>2020-06-13T14:39:21Z</time>
   </trkpt>
   <trkpt lat="43.6566800" lon="-79.4082040">
    <ele>106.0</ele>
    <time>2020-06-13T14:39:22Z</time>
   </trkpt>
   <trkpt lat="43.6566770" lon="-79.4082010">
    <ele>106.0</ele>
    <time>2020-06-13T14:39:23Z</time>
   </trkpt>
   <trkpt lat="43.6566700" lon="-79.4082020">
    <ele>106.0</ele>
    <time>2020-06-13T14:39:24Z</time>
   </trkpt>
   <trkpt lat="43.6566690" lon="-79.4081940">
    <ele>106.0</ele>
    <time>2020-06-13T14:39:25Z</time>
   </trkpt>
   <trkpt lat="43.6566670" lon="-79.4081960">
    <ele>106.0</ele>
    <time>2020-06-13T14:39:26Z</time>
   </trkpt>
   <trkpt lat="43.6566660" lon="-79.4081920">
    <ele>106.0</ele>
    <time>2020-06-13T14:39:27Z</time>
   </trkpt>
   <trkpt lat="43.6566710" lon="-79.4081840">
    <ele>106.0</ele>
    <time>2020-06-13T14:39:28Z</time>
   </trkpt>
   <trkpt lat="43.6566820" lon="-79.4081810">
    <ele>106.0</ele>
    <time>2020-06-13T14:39:29Z</time>
   </trkpt>
   <trkpt lat="43.6566910" lon="-79.4081790">
    <ele>106.0</ele>
    <time>2020-06-13T14:39:30Z</time>
   </trkpt>
   <trkpt lat="43.6566880" lon="-79.4081610">
    <ele>106.1</ele>
    <time>2020-06-13T14:39:31Z</time>
   </trkpt>
   <trkpt lat="43.6566790" lon="-79.4081080">
    <ele>106.1</ele>
    <time>2020-06-13T14:39:32Z</time>
   </trkpt>
   <trkpt lat="43.6566720" lon="-79.4080850">
    <ele>106.1</ele>
    <time>2020-06-13T14:39:33Z</time>
   </trkpt>
   <trkpt lat="43.6566700" lon="-79.4080680">
    <ele>106.1</ele>
    <time>2020-06-13T14:39:34Z</time>
   </trkpt>
   <trkpt lat="43.6566690" lon="-79.4080660">
    <ele>106.1</ele>
    <time>2020-06-13T14:39:35Z</time>
   </trkpt>
   <trkpt lat="43.6566690" lon="-79.4080650">
    <ele>106.1</ele>
    <time>2020-06-13T14:39:36Z</time>
   </trkpt>
   <trkpt lat="43.6566690" lon="-79.4080640">
    <ele>106.1</ele>
    <time>2020-06-13T14:39:37Z</time>
   </trkpt>
   <trkpt lat="43.6566690" lon="-79.4080630">
    <ele>106.1</ele>
    <time>2020-06-13T14:39:38Z</time>
   </trkpt>
   <trkpt lat="43.6566680" lon="-79.4080620">
    <ele>106.1</ele>
    <time>2020-06-13T14:39:39Z</time>
   </trkpt>
   <trkpt lat="43.6566600" lon="-79.4080520">
    <ele>106.1</ele>
    <time>2020-06-13T14:39:40Z</time>
   </trkpt>
   <trkpt lat="43.6566470" lon="-79.4080440">
    <ele>106.1</ele>
    <time>2020-06-13T14:39:41Z</time>
   </trkpt>
   <trkpt lat="43.6566390" lon="-79.4080330">
    <ele>106.1</ele>
    <time>2020-06-13T14:39:42Z</time>
   </trkpt>
   <trkpt lat="43.6566390" lon="-79.4080280">
    <ele>106.1</ele>
    <time>2020-06-13T14:39:43Z</time>
   </trkpt>
   <trkpt lat="43.6566400" lon="-79.4080240">
    <ele>106.1</ele>
    <time>2020-06-13T14:39:44Z</time>
   </trkpt>
   <trkpt lat="43.6566400" lon="-79.4080200">
    <ele>106.1</ele>
    <time>2020-06-13T14:39:45Z</time>
   </trkpt>
   <trkpt lat="43.6566410" lon="-79.4080150">
    <ele>106.1</ele>
    <time>2020-06-13T14:39:46Z</time>
   </trkpt>
   <trkpt lat="43.6566410" lon="-79.4080110">
    <ele>106.1</ele>
    <time>2020-06-13T14:39:47Z</time>
   </trkpt>
   <trkpt lat="43.6566420" lon="-79.4080060">
    <ele>106.1</ele>
    <time>2020-06-13T14:39:48Z</time>
   </trkpt>
   <trkpt lat="43.6566420" lon="-79.4080020">
    <ele>106.1</ele>
    <time>2020-06-13T14:39:49Z</time>
   </trkpt>
   <trkpt lat="43.6566430" lon="-79.4079980">
    <ele>106.1</ele>
    <time>2020-06-13T14:39:50Z</time>
   </trkpt>
   <trkpt lat="43.6566430" lon="-79.4079930">
    <ele>106.1</ele>
    <time>2020-06-13T14:39:51Z</time>
   </trkpt>
   <trkpt lat="43.6566440" lon="-79.4079890">
    <ele>106.1</ele>
    <time>2020-06-13T14:39:52Z</time>
   </trkpt>
   <trkpt lat="43.6566340" lon="-79.4079810">
    <ele>106.1</ele>
    <time>2020-06-13T14:39:53Z</time>
   </trkpt>
   <trkpt lat="43.6566400" lon="-79.4079560">
    <ele>106.2</ele>
    <time>2020-06-13T14:39:54Z</time>
   </trkpt>
   <trkpt lat="43.6566410" lon="-79.4079470">
    <ele>106.2</ele>
    <time>2020-06-13T14:39:55Z</time>
   </trkpt>
   <trkpt lat="43.6566460" lon="-79.4079120">
    <ele>106.3</ele>
    <time>2020-06-13T14:39:56Z</time>
   </trkpt>
   <trkpt lat="43.6566520" lon="-79.4078930">
    <ele>106.5</ele>
    <time>2020-06-13T14:39:57Z</time>
   </trkpt>
   <trkpt lat="43.6566650" lon="-79.4078470">
    <ele>106.9</ele>
    <time>2020-06-13T14:39:58Z</time>
   </trkpt>
   <trkpt lat="43.6566680" lon="-79.4078330">
    <ele>107.0</ele>
    <time>2020-06-13T14:39:59Z</time>
   </trkpt>
   <trkpt lat="43.6566730" lon="-79.4077880">
    <ele>107.3</ele>
    <time>2020-06-13T14:40:00Z</time>
   </trkpt>
   <trkpt lat="43.6566750" lon="-79.4077740">
    <ele>107.4</ele>
    <time>2020-06-13T14:40:01Z</time>
   </trkpt>
   <trkpt lat="43.6566880" lon="-79.4077340">
    <ele>107.2</ele>
    <time>2020-06-13T14:40:02Z</time>
   </trkpt>
   <trkpt lat="43.6566920" lon="-79.4077180">
    <ele>107.2</ele>
    <time>2020-06-13T14:40:03Z</time>
   </trkpt>
   <trkpt lat="43.6566930" lon="-79.4076650">
    <ele>106.9</ele>
    <time>2020-06-13T14:40:04Z</time>
   </trkpt>
   <trkpt lat="43.6566940" lon="-79.4076450">
    <ele>106.8</ele>
    <time>2020-06-13T14:40:05Z</time>
   </trkpt>
   <trkpt lat="43.6567030" lon="-79.4076040">
    <ele>106.8</ele>
    <time>2020-06-13T14:40:06Z</time>
   </trkpt>
   <trkpt lat="43.6567020" lon="-79.4075570">
    <ele>106.7</ele>
    <time>2020-06-13T14:40:07Z</time>
   </trkpt>
   <trkpt lat="43.6567050" lon="-79.4075200">
    <ele>106.7</ele>
    <time>2020-06-13T14:40:08Z</time>
   </trkpt>
   <trkpt lat="43.6567060" lon="-79.4075040">
    <ele>106.7</ele>
    <time>2020-06-13T14:40:09Z</time>
   </trkpt>
   <trkpt lat="43.6567140" lon="-79.4074600">
    <ele>106.6</ele>
    <time>2020-06-13T14:40:10Z</time>
   </trkpt>
   <trkpt lat="43.6567160" lon="-79.4074440">
    <ele>106.6</ele>
    <time>2020-06-13T14:40:11Z</time>
   </trkpt>
   <trkpt lat="43.6567250" lon="-79.4074060">
    <ele>106.6</ele>
    <time>2020-06-13T14:40:12Z</time>
   </trkpt>
   <trkpt lat="43.6567280" lon="-79.4073940">
    <ele>106.6</ele>
    <time>2020-06-13T14:40:13Z</time>
   </trkpt>
   <trkpt lat="43.6567380" lon="-79.4073510">
    <ele>106.5</ele>
    <time>2020-06-13T14:40:14Z</time>
   </trkpt>
   <trkpt lat="43.6567410" lon="-79.4073360">
    <ele>106.5</ele>
    <time>2020-06-13T14:40:15Z</time>
   </trkpt>
   <trkpt lat="43.6567520" lon="-79.4073170">
    <ele>106.5</ele>
    <time>2020-06-13T14:40:16Z</time>
   </trkpt>
   <trkpt lat="43.6567610" lon="-79.4072980">
    <ele>106.4</ele>
    <time>2020-06-13T14:40:17Z</time>
   </trkpt>
   <trkpt lat="43.6567790" lon="-79.4072580">
    <ele>106.4</ele>
    <time>2020-06-13T14:40:18Z</time>
   </trkpt>
   <trkpt lat="43.6567820" lon="-79.4072420">
    <ele>106.4</ele>
    <time>2020-06-13T14:40:19Z</time>
   </trkpt>
   <trkpt lat="43.6568000" lon="-79.4071960">
    <ele>106.3</ele>
    <time>2020-06-13T14:40:20Z</time>
   </trkpt>
   <trkpt lat="43.6568180" lon="-79.4071520">
    <ele>106.2</ele>
    <time>2020-06-13T14:40:21Z</time>
   </trkpt>
   <trkpt lat="43.6568310" lon="-79.4071110">
    <ele>106.2</ele>
    <time>2020-06-13T14:40:22Z</time>
   </trkpt>
   <trkpt lat="43.6568470" lon="-79.4070650">
    <ele>106.1</ele>
    <time>2020-06-13T14:40:23Z</time>
   </trkpt>
   <trkpt lat="43.6568540" lon="-79.4070450">
    <ele>106.1</ele>
    <time>2020-06-13T14:40:24Z</time>
   </trkpt>
   <trkpt lat="43.6568720" lon="-79.4069950">
    <ele>106.0</ele>
    <time>2020-06-13T14:40:25Z</time>
   </trkpt>
   <trkpt lat="43.6568780" lon="-79.4069780">
    <ele>106.0</ele>
    <time>2020-06-13T14:40:26Z</time>
   </trkpt>
   <trkpt lat="43.6568950" lon="-79.4069440">
    <ele>105.9</ele>
    <time>2020-06-13T14:40:27Z</time>
   </trkpt>
   <trkpt lat="43.6569070" lon="-79.4069010">
    <ele>105.9</ele>
    <time>2020-06-13T14:40:28Z</time>
   </trkpt>
   <trkpt lat="43.6569230" lon="-79.4068560">
    <ele>105.8</ele>
    <time>2020-06-13T14:40:29Z</time>
   </trkpt>
   <trkpt lat="43.6569310" lon="-79.4068400">
    <ele>105.8</ele>
    <time>2020-06-13T14:40:30Z</time>
   </trkpt>
   <trkpt lat="43.6569480" lon="-79.4068090">
    <ele>105.8</ele>
    <time>2020-06-13T14:40:31Z</time>
   </trkpt>
   <trkpt lat="43.6569690" lon="-79.4067780">
    <ele>105.7</ele>
    <time>2020-06-13T14:40:32Z</time>
   </trkpt>
   <trkpt lat="43.6569970" lon="-79.4067370">
    <ele>105.7</ele>
    <time>2020-06-13T14:40:33Z</time>
   </trkpt>
   <trkpt lat="43.6570140" lon="-79.4067000">
    <ele>105.7</ele>
    <time>2020-06-13T14:40:34Z</time>
   </trkpt>
   <trkpt lat="43.6570120" lon="-79.4066380">
    <ele>105.5</ele>
    <time>2020-06-13T14:40:35Z</time>
   </trkpt>
   <trkpt lat="43.6570130" lon="-79.4065830">
    <ele>105.5</ele>
    <time>2020-06-13T14:40:36Z</time>
   </trkpt>
   <trkpt lat="43.6570190" lon="-79.4065240">
    <ele>105.4</ele>
    <time>2020-06-13T14:40:37Z</time>
   </trkpt>
   <trkpt lat="43.6570310" lon="-79.4064900">
    <ele>105.4</ele>
    <time>2020-06-13T14:40:38Z</time>
   </trkpt>
   <trkpt lat="43.6570400" lon="-79.4064420">
    <ele>105.3</ele>
    <time>2020-06-13T14:40:39Z</time>
   </trkpt>
   <trkpt lat="43.6570430" lon="-79.4064210">
    <ele>105.3</ele>
    <time>2020-06-13T14:40:40Z</time>
   </trkpt>
   <trkpt lat="43.6570500" lon="-79.4063760">
    <ele>105.3</ele>
    <time>2020-06-13T14:40:41Z</time>
   </trkpt>
   <trkpt lat="43.6570580" lon="-79.4062720">
    <ele>105.2</ele>
    <time>2020-06-13T14:40:42Z</time>
   </trkpt>
   <trkpt lat="43.6570710" lon="-79.4062360">
    <ele>105.2</ele>
    <time>2020-06-13T14:40:43Z</time>
   </trkpt>
   <trkpt lat="43.6570840" lon="-79.4061750">
    <ele>105.2</ele>
    <time>2020-06-13T14:40:44Z</time>
   </trkpt>
   <trkpt lat="43.6570950" lon="-79.4061490">
    <ele>105.2</ele>
    <time>2020-06-13T14:40:45Z</time>
   </trkpt>
   <trkpt lat="43.6571200" lon="-79.4061030">
    <ele>105.1</ele>
    <time>2020-06-13T14:40:46Z</time>
   </trkpt>
   <trkpt lat="43.6571370" lon="-79.4060620">
    <ele>105.1</ele>
    <time>2020-06-13T14:40:47Z</time>
   </trkpt>
   <trkpt lat="43.6571460" lon="-79.4060060">
    <ele>105.1</ele>
    <time>2020-06-13T14:40:48Z</time>
   </trkpt>
   <trkpt lat="43.6571480" lon="-79.4059810">
    <ele>105.0</ele>
    <time>2020-06-13T14:40:49Z</time>
   </trkpt>
   <trkpt lat="43.6571660" lon="-79.4059370">
    <ele>105.0</ele>
    <time>2020-06-13T14:40:50Z</time>
   </trkpt>
   <trkpt lat="43.6571720" lon="-79.4059200">
    <ele>105.1</ele>
    <time>2020-06-13T14:40:51Z</time>
   </trkpt>
   <trkpt lat="43.6571880" lon="-79.4058900">
    <ele>105.1</ele>
    <time>2020-06-13T14:40:52Z</time>
   </trkpt>
   <trkpt lat="43.6571940" lon="-79.4058250">
    <ele>105.2</ele>
    <time>2020-06-13T14:40:53Z</time>
   </trkpt>
   <trkpt lat="43.6571910" lon="-79.4057910">
    <ele>105.3</ele>
    <time>2020-06-13T14:40:54Z</time>
   </trkpt>
   <trkpt lat="43.6571780" lon="-79.4057060">
    <ele>105.4</ele>
    <time>2020-06-13T14:40:55Z</time>
   </trkpt>
   <trkpt lat="43.6571850" lon="-79.4056430">
    <ele>105.4</ele>
    <time>2020-06-13T14:40:56Z</time>
   </trkpt>
   <trkpt lat="43.6571860" lon="-79.4056150">
    <ele>105.5</ele>
    <time>2020-06-13T14:40:57Z</time>
   </trkpt>
   <trkpt lat="43.6571910" lon="-79.4055730">
    <ele>105.5</ele>
    <time>2020-06-13T14:40:58Z</time>
   </trkpt>
   <trkpt lat="43.6572050" lon="-79.4055320">
    <ele>105.5</ele>
    <time>2020-06-13T14:40:59Z</time>
   </trkpt>
   <trkpt lat="43.6572160" lon="-79.4054640">
    <ele>105.6</ele>
    <time>2020-06-13T14:41:00Z</time>
   </trkpt>
   <trkpt lat="43.6572240" lon="-79.4054200">
    <ele>105.6</ele>
    <time>2020-06-13T14:41:01Z</time>
   </trkpt>
   <trkpt lat="43.6572220" lon="-79.4053820">
    <ele>105.7</ele>
    <time>2020-06-13T14:41:02Z</time>
   </trkpt>
   <trkpt lat="43.6572170" lon="-79.4053370">
    <ele>105.7</ele>
    <time>2020-06-13T14:41:03Z</time>
   </trkpt>
   <trkpt lat="43.6572160" lon="-79.4053240">
    <ele>105.7</ele>
    <time>2020-06-13T14:41:04Z</time>
   </trkpt>
   <trkpt lat="43.6572150" lon="-79.4052660">
    <ele>105.7</ele>
    <time>2020-06-13T14:41:05Z</time>
   </trkpt>
   <trkpt lat="43.6572100" lon="-79.4052380">
    <ele>105.7</ele>
    <time>2020-06-13T14:41:06Z</time>
   </trkpt>
   <trkpt lat="43.6572130" lon="-79.4051540">
    <ele>105.5</ele>
    <time>2020-06-13T14:41:07Z</time>
   </trkpt>
   <trkpt lat="43.6572410" lon="-79.4051080">
    <ele>105.5</ele>
    <time>2020-06-13T14:41:08Z</time>
   </trkpt>
   <trkpt lat="43.6572530" lon="-79.4050880">
    <ele>105.5</ele>
    <time>2020-06-13T14:41:09Z</time>
   </trkpt>
   <trkpt lat="43.6572710" lon="-79.4050580">
    <ele>105.5</ele>
    <time>2020-06-13T14:41:10Z</time>
   </trkpt>
   <trkpt lat="43.6572860" lon="-79.4050240">
    <ele>105.5</ele>
    <time>2020-06-13T14:41:11Z</time>
   </trkpt>
   <trkpt lat="43.6572980" lon="-79.4049910">
    <ele>105.6</ele>
    <time>2020-06-13T14:41:12Z</time>
   </trkpt>
   <trkpt lat="43.6573170" lon="-79.4049510">
    <ele>105.6</ele>
    <time>2020-06-13T14:41:13Z</time>
   </trkpt>
   <trkpt lat="43.6573200" lon="-79.4048660">
    <ele>105.6</ele>
    <time>2020-06-13T14:41:14Z</time>
   </trkpt>
   <trkpt lat="43.6573320" lon="-79.4048150">
    <ele>105.6</ele>
    <time>2020-06-13T14:41:15Z</time>
   </trkpt>
   <trkpt lat="43.6573360" lon="-79.4047980">
    <ele>105.6</ele>
    <time>2020-06-13T14:41:16Z</time>
   </trkpt>
   <trkpt lat="43.6573190" lon="-79.4047370">
    <ele>105.6</ele>
    <time>2020-06-13T14:41:17Z</time>
   </trkpt>
   <trkpt lat="43.6573040" lon="-79.4046540">
    <ele>105.6</ele>
    <time>2020-06-13T14:41:18Z</time>
   </trkpt>
   <trkpt lat="43.6572940" lon="-79.4046040">
    <ele>105.6</ele>
    <time>2020-06-13T14:41:19Z</time>
   </trkpt>
   <trkpt lat="43.6572880" lon="-79.4045570">
    <ele>105.6</ele>
    <time>2020-06-13T14:41:20Z</time>
   </trkpt>
   <trkpt lat="43.6572900" lon="-79.4045100">
    <ele>105.5</ele>
    <time>2020-06-13T14:41:21Z</time>
   </trkpt>
   <trkpt lat="43.6572900" lon="-79.4044670">
    <ele>105.5</ele>
    <time>2020-06-13T14:41:22Z</time>
   </trkpt>
   <trkpt lat="43.6572920" lon="-79.4044230">
    <ele>105.5</ele>
    <time>2020-06-13T14:41:23Z</time>
   </trkpt>
   <trkpt lat="43.6572970" lon="-79.4043800">
    <ele>105.5</ele>
    <time>2020-06-13T14:41:24Z</time>
   </trkpt>
   <trkpt lat="43.6573050" lon="-79.4043360">
    <ele>105.5</ele>
    <time>2020-06-13T14:41:25Z</time>
   </trkpt>
   <trkpt lat="43.6573130" lon="-79.4042950">
    <ele>105.5</ele>
    <time>2020-06-13T14:41:26Z</time>
   </trkpt>
   <trkpt lat="43.6573120" lon="-79.4042470">
    <ele>105.5</ele>
    <time>2020-06-13T14:41:27Z</time>
   </trkpt>
   <trkpt lat="43.6573120" lon="-79.4041910">
    <ele>105.5</ele>
    <time>2020-06-13T14:41:28Z</time>
   </trkpt>
   <trkpt lat="43.6573120" lon="-79.4041460">
    <ele>105.5</ele>
    <time>2020-06-13T14:41:29Z</time>
   </trkpt>
   <trkpt lat="43.6573090" lon="-79.4040910">
    <ele>105.4</ele>
    <time>2020-06-13T14:41:30Z</time>
   </trkpt>
   <trkpt lat="43.6573010" lon="-79.4040370">
    <ele>105.3</ele>
    <time>2020-06-13T14:41:31Z</time>
   </trkpt>
   <trkpt lat="43.6573090" lon="-79.4039820">
    <ele>105.2</ele>
    <time>2020-06-13T14:41:32Z</time>
   </trkpt>
   <trkpt lat="43.6573230" lon="-79.4039330">
    <ele>105.1</ele>
    <time>2020-06-13T14:41:33Z</time>
   </trkpt>
   <trkpt lat="43.6573280" lon="-79.4039160">
    <ele>105.0</ele>
    <time>2020-06-13T14:41:34Z</time>
   </trkpt>
   <trkpt lat="43.6573360" lon="-79.4038700">
    <ele>105.0</ele>
    <time>2020-06-13T14:41:35Z</time>
   </trkpt>
   <trkpt lat="43.6573380" lon="-79.4038500">
    <ele>105.0</ele>
    <time>2020-06-13T14:41:36Z</time>
   </trkpt>
   <trkpt lat="43.6573490" lon="-79.4037930">
    <ele>105.0</ele>
    <time>2020-06-13T14:41:37Z</time>
   </trkpt>
   <trkpt lat="43.6573540" lon="-79.4037710">
    <ele>104.9</ele>
    <time>2020-06-13T14:41:38Z</time>
   </trkpt>
   <trkpt lat="43.6573670" lon="-79.4037260">
    <ele>104.9</ele>
    <time>2020-06-13T14:41:39Z</time>
   </trkpt>
   <trkpt lat="43.6573700" lon="-79.4037140">
    <ele>104.9</ele>
    <time>2020-06-13T14:41:40Z</time>
   </trkpt>
   <trkpt lat="43.6573910" lon="-79.4036710">
    <ele>104.9</ele>
    <time>2020-06-13T14:41:41Z</time>
   </trkpt>
   <trkpt lat="43.6573980" lon="-79.4036560">
    <ele>104.9</ele>
    <time>2020-06-13T14:41:42Z</time>
   </trkpt>
   <trkpt lat="43.6574160" lon="-79.4036130">
    <ele>104.9</ele>
    <time>2020-06-13T14:41:43Z</time>
   </trkpt>
   <trkpt lat="43.6574240" lon="-79.4035930">
    <ele>104.9</ele>
    <time>2020-06-13T14:41:44Z</time>
   </trkpt>
   <trkpt lat="43.6574400" lon="-79.4035620">
    <ele>104.9</ele>
    <time>2020-06-13T14:41:45Z</time>
   </trkpt>
   <trkpt lat="43.6574590" lon="-79.4035320">
    <ele>104.9</ele>
    <time>2020-06-13T14:41:46Z</time>
   </trkpt>
   <trkpt lat="43.6574710" lon="-79.4034950">
    <ele>104.9</ele>
    <time>2020-06-13T14:41:47Z</time>
   </trkpt>
   <trkpt lat="43.6574730" lon="-79.4034830">
    <ele>104.9</ele>
    <time>2020-06-13T14:41:48Z</time>
   </trkpt>
   <trkpt lat="43.6574910" lon="-79.4034320">
    <ele>104.9</ele>
    <time>2020-06-13T14:41:49Z</time>
   </trkpt>
   <trkpt lat="43.6574930" lon="-79.4034060">
    <ele>104.9</ele>
    <time>2020-06-13T14:41:50Z</time>
   </trkpt>
   <trkpt lat="43.6575070" lon="-79.4033740">
    <ele>105.0</ele>
    <time>2020-06-13T14:41:51Z</time>
   </trkpt>
   <trkpt lat="43.6575180" lon="-79.4033340">
    <ele>105.0</ele>
    <time>2020-06-13T14:41:52Z</time>
   </trkpt>
   <trkpt lat="43.6575320" lon="-79.4032830">
    <ele>105.0</ele>
    <time>2020-06-13T14:41:53Z</time>
   </trkpt>
   <trkpt lat="43.6575360" lon="-79.4032640">
    <ele>105.0</ele>
    <time>2020-06-13T14:41:54Z</time>
   </trkpt>
   <trkpt lat="43.6575460" lon="-79.4032260">
    <ele>105.0</ele>
    <time>2020-06-13T14:41:55Z</time>
   </trkpt>
   <trkpt lat="43.6575580" lon="-79.4031910">
    <ele>105.0</ele>
    <time>2020-06-13T14:41:56Z</time>
   </trkpt>
   <trkpt lat="43.6575750" lon="-79.4031550">
    <ele>105.0</ele>
    <time>2020-06-13T14:41:57Z</time>
   </trkpt>
   <trkpt lat="43.6575830" lon="-79.4031130">
    <ele>105.0</ele>
    <time>2020-06-13T14:41:58Z</time>
   </trkpt>
   <trkpt lat="43.6575920" lon="-79.4030650">
    <ele>105.0</ele>
    <time>2020-06-13T14:41:59Z</time>
   </trkpt>
   <trkpt lat="43.6575940" lon="-79.4030460">
    <ele>105.0</ele>
    <time>2020-06-13T14:42:00Z</time>
   </trkpt>
   <trkpt lat="43.6575860" lon="-79.4029840">
    <ele>105.0</ele>
    <time>2020-06-13T14:42:01Z</time>
   </trkpt>
   <trkpt lat="43.6575850" lon="-79.4029360">
    <ele>105.0</ele>
    <time>2020-06-13T14:42:02Z</time>
   </trkpt>
   <trkpt lat="43.6575770" lon="-79.4028810">
    <ele>104.8</ele>
    <time>2020-06-13T14:42:03Z</time>
   </trkpt>
   <trkpt lat="43.6575970" lon="-79.4028380">
    <ele>104.8</ele>
    <time>2020-06-13T14:42:04Z</time>
   </trkpt>
   <trkpt lat="43.6575930" lon="-79.4027880">
    <ele>104.8</ele>
    <time>2020-06-13T14:42:05Z</time>
   </trkpt>
   <trkpt lat="43.6576060" lon="-79.4027300">
    <ele>104.8</ele>
    <time>2020-06-13T14:42:06Z</time>
   </trkpt>
   <trkpt lat="43.6576130" lon="-79.4026810">
    <ele>104.8</ele>
    <time>2020-06-13T14:42:07Z</time>
   </trkpt>
   <trkpt lat="43.6576220" lon="-79.4026330">
    <ele>104.8</ele>
    <time>2020-06-13T14:42:08Z</time>
   </trkpt>
   <trkpt lat="43.6576310" lon="-79.4025970">
    <ele>104.8</ele>
    <time>2020-06-13T14:42:09Z</time>
   </trkpt>
   <trkpt lat="43.6576400" lon="-79.4025510">
    <ele>104.8</ele>
    <time>2020-06-13T14:42:10Z</time>
   </trkpt>
   <trkpt lat="43.6576410" lon="-79.4025070">
    <ele>104.8</ele>
    <time>2020-06-13T14:42:11Z</time>
   </trkpt>
   <trkpt lat="43.6576420" lon="-79.4024860">
    <ele>104.9</ele>
    <time>2020-06-13T14:42:12Z</time>
   </trkpt>
   <trkpt lat="43.6576410" lon="-79.4024400">
    <ele>104.9</ele>
    <time>2020-06-13T14:42:13Z</time>
   </trkpt>
   <trkpt lat="43.6576410" lon="-79.4024250">
    <ele>104.9</ele>
    <time>2020-06-13T14:42:14Z</time>
   </trkpt>
   <trkpt lat="43.6576430" lon="-79.4023880">
    <ele>104.9</ele>
    <time>2020-06-13T14:42:15Z</time>
   </trkpt>
   <trkpt lat="43.6576480" lon="-79.4023740">
    <ele>104.9</ele>
    <time>2020-06-13T14:42:16Z</time>
   </trkpt>
   <trkpt lat="43.6576490" lon="-79.4023250">
    <ele>104.9</ele>
    <time>2020-06-13T14:42:17Z</time>
   </trkpt>
   <trkpt lat="43.6576530" lon="-79.4023050">
    <ele>104.9</ele>
    <time>2020-06-13T14:42:18Z</time>
   </trkpt>
   <trkpt lat="43.6576570" lon="-79.4022530">
    <ele>104.9</ele>
    <time>2020-06-13T14:42:19Z</time>
   </trkpt>
   <trkpt lat="43.6576620" lon="-79.4022120">
    <ele>104.9</ele>
    <time>2020-06-13T14:42:20Z</time>
   </trkpt>
   <trkpt lat="43.6576730" lon="-79.4021720">
    <ele>104.9</ele>
    <time>2020-06-13T14:42:21Z</time>
   </trkpt>
   <trkpt lat="43.6576870" lon="-79.4021310">
    <ele>104.9</ele>
    <time>2020-06-13T14:42:22Z</time>
   </trkpt>
   <trkpt lat="43.6576940" lon="-79.4020760">
    <ele>105.0</ele>
    <time>2020-06-13T14:42:23Z</time>
   </trkpt>
   <trkpt lat="43.6576970" lon="-79.4020570">
    <ele>105.0</ele>
    <time>2020-06-13T14:42:24Z</time>
   </trkpt>
   <trkpt lat="43.6576940" lon="-79.4019730">
    <ele>105.0</ele>
    <time>2020-06-13T14:42:25Z</time>
   </trkpt>
   <trkpt lat="43.6576910" lon="-79.4019250">
    <ele>105.0</ele>
    <time>2020-06-13T14:42:26Z</time>
   </trkpt>
   <trkpt lat="43.6576880" lon="-79.4018750">
    <ele>104.9</ele>
    <time>2020-06-13T14:42:27Z</time>
   </trkpt>
   <trkpt lat="43.6576850" lon="-79.4018190">
    <ele>104.8</ele>
    <time>2020-06-13T14:42:28Z</time>
   </trkpt>
   <trkpt lat="43.6576780" lon="-79.4017740">
    <ele>104.8</ele>
    <time>2020-06-13T14:42:29Z</time>
   </trkpt>
   <trkpt lat="43.6576750" lon="-79.4017170">
    <ele>104.8</ele>
    <time>2020-06-13T14:42:30Z</time>
   </trkpt>
   <trkpt lat="43.6576790" lon="-79.4016650">
    <ele>104.8</ele>
    <time>2020-06-13T14:42:31Z</time>
   </trkpt>
   <trkpt lat="43.6576780" lon="-79.4016060">
    <ele>104.8</ele>
    <time>2020-06-13T14:42:32Z</time>
   </trkpt>
   <trkpt lat="43.6576900" lon="-79.4015640">
    <ele>104.8</ele>
    <time>2020-06-13T14:42:33Z</time>
   </trkpt>
   <trkpt lat="43.6577010" lon="-79.4015190">
    <ele>104.9</ele>
    <time>2020-06-13T14:42:34Z</time>
   </trkpt>
   <trkpt lat="43.6577060" lon="-79.4014660">
    <ele>104.9</ele>
    <time>2020-06-13T14:42:35Z</time>
   </trkpt>
   <trkpt lat="43.6577040" lon="-79.4014170">
    <ele>104.9</ele>
    <time>2020-06-13T14:42:36Z</time>
   </trkpt>
   <trkpt lat="43.6577100" lon="-79.4013610">
    <ele>104.9</ele>
    <time>2020-06-13T14:42:37Z</time>
   </trkpt>
   <trkpt lat="43.6577090" lon="-79.4013330">
    <ele>104.9</ele>
    <time>2020-06-13T14:42:38Z</time>
   </trkpt>
   <trkpt lat="43.6577120" lon="-79.4012890">
    <ele>105.0</ele>
    <time>2020-06-13T14:42:39Z</time>
   </trkpt>
   <trkpt lat="43.6577210" lon="-79.4012310">
    <ele>105.0</ele>
    <time>2020-06-13T14:42:40Z</time>
   </trkpt>
   <trkpt lat="43.6577330" lon="-79.4011870">
    <ele>105.0</ele>
    <time>2020-06-13T14:42:41Z</time>
   </trkpt>
   <trkpt lat="43.6577300" lon="-79.4011250">
    <ele>105.0</ele>
    <time>2020-06-13T14:42:42Z</time>
   </trkpt>
   <trkpt lat="43.6577310" lon="-79.4010650">
    <ele>104.9</ele>
    <time>2020-06-13T14:42:43Z</time>
   </trkpt>
   <trkpt lat="43.6577310" lon="-79.4010410">
    <ele>104.9</ele>
    <time>2020-06-13T14:42:44Z</time>
   </trkpt>
   <trkpt lat="43.6577350" lon="-79.4010000">
    <ele>104.8</ele>
    <time>2020-06-13T14:42:45Z</time>
   </trkpt>
   <trkpt lat="43.6577350" lon="-79.4009380">
    <ele>104.7</ele>
    <time>2020-06-13T14:42:46Z</time>
   </trkpt>
   <trkpt lat="43.6577480" lon="-79.4008830">
    <ele>104.7</ele>
    <time>2020-06-13T14:42:47Z</time>
   </trkpt>
   <trkpt lat="43.6577590" lon="-79.4008360">
    <ele>104.6</ele>
    <time>2020-06-13T14:42:48Z</time>
   </trkpt>
   <trkpt lat="43.6577610" lon="-79.4008190">
    <ele>104.6</ele>
    <time>2020-06-13T14:42:49Z</time>
   </trkpt>
   <trkpt lat="43.6577670" lon="-79.4007800">
    <ele>104.6</ele>
    <time>2020-06-13T14:42:50Z</time>
   </trkpt>
   <trkpt lat="43.6577750" lon="-79.4007450">
    <ele>104.6</ele>
    <time>2020-06-13T14:42:51Z</time>
   </trkpt>
   <trkpt lat="43.6577840" lon="-79.4006960">
    <ele>104.6</ele>
    <time>2020-06-13T14:42:52Z</time>
   </trkpt>
   <trkpt lat="43.6577860" lon="-79.4006790">
    <ele>104.6</ele>
    <time>2020-06-13T14:42:53Z</time>
   </trkpt>
   <trkpt lat="43.6578060" lon="-79.4006380">
    <ele>104.6</ele>
    <time>2020-06-13T14:42:54Z</time>
   </trkpt>
   <trkpt lat="43.6578140" lon="-79.4005940">
    <ele>104.6</ele>
    <time>2020-06-13T14:42:55Z</time>
   </trkpt>
   <trkpt lat="43.6578130" lon="-79.4005560">
    <ele>104.6</ele>
    <time>2020-06-13T14:42:56Z</time>
   </trkpt>
   <trkpt lat="43.6578220" lon="-79.4005110">
    <ele>104.7</ele>
    <time>2020-06-13T14:42:57Z</time>
   </trkpt>
   <trkpt lat="43.6578260" lon="-79.4004710">
    <ele>104.7</ele>
    <time>2020-06-13T14:42:58Z</time>
   </trkpt>
   <trkpt lat="43.6578430" lon="-79.4004210">
    <ele>104.7</ele>
    <time>2020-06-13T14:42:59Z</time>
   </trkpt>
   <trkpt lat="43.6578470" lon="-79.4003990">
    <ele>104.7</ele>
    <time>2020-06-13T14:43:00Z</time>
   </trkpt>
   <trkpt lat="43.6578590" lon="-79.4003780">
    <ele>104.7</ele>
    <time>2020-06-13T14:43:01Z</time>
   </trkpt>
   <trkpt lat="43.6578660" lon="-79.4003570">
    <ele>104.8</ele>
    <time>2020-06-13T14:43:02Z</time>
   </trkpt>
   <trkpt lat="43.6578840" lon="-79.4003280">
    <ele>104.8</ele>
    <time>2020-06-13T14:43:03Z</time>
   </trkpt>
   <trkpt lat="43.6578840" lon="-79.4003100">
    <ele>104.8</ele>
    <time>2020-06-13T14:43:04Z</time>
   </trkpt>
   <trkpt lat="43.6578890" lon="-79.4003000">
    <ele>104.8</ele>
    <time>2020-06-13T14:43:05Z</time>
   </trkpt>
   <trkpt lat="43.6578940" lon="-79.4002910">
    <ele>104.8</ele>
    <time>2020-06-13T14:43:06Z</time>
   </trkpt>
   <trkpt lat="43.6578990" lon="-79.4002810">
    <ele>104.8</ele>
    <time>2020-06-13T14:43:07Z</time>
   </trkpt>
   <trkpt lat="43.6579220" lon="-79.4002420">
    <ele>104.8</ele>
    <time>2020-06-13T14:43:08Z</time>
   </trkpt>
   <trkpt lat="43.6579280" lon="-79.4002260">
    <ele>104.8</ele>
    <time>2020-06-13T14:43:09Z</time>
   </trkpt>
   <trkpt lat="43.6579490" lon="-79.4001820">
    <ele>104.8</ele>
    <time>2020-06-13T14:43:10Z</time>
   </trkpt>
   <trkpt lat="43.6579580" lon="-79.4001660">
    <ele>104.8</ele>
    <time>2020-06-13T14:43:11Z</time>
   </trkpt>
   <trkpt lat="43.6579740" lon="-79.4001310">
    <ele>104.8</ele>
    <time>2020-06-13T14:43:12Z</time>
   </trkpt>
   <trkpt lat="43.6579800" lon="-79.4001190">
    <ele>104.8</ele>
    <time>2020-06-13T14:43:13Z</time>
   </trkpt>
   <trkpt lat="43.6579950" lon="-79.4000720">
    <ele>104.8</ele>
    <time>2020-06-13T14:43:14Z</time>
   </trkpt>
   <trkpt lat="43.6580010" lon="-79.4000580">
    <ele>104.8</ele>
    <time>2020-06-13T14:43:15Z</time>
   </trkpt>
   <trkpt lat="43.6580090" lon="-79.4000140">
    <ele>104.8</ele>
    <time>2020-06-13T14:43:16Z</time>
   </trkpt>
   <trkpt lat="43.6580110" lon="-79.3999960">
    <ele>104.8</ele>
    <time>2020-06-13T14:43:17Z</time>
   </trkpt>
   <trkpt lat="43.6580220" lon="-79.3999590">
    <ele>104.8</ele>
    <time>2020-06-13T14:43:18Z</time>
   </trkpt>
   <trkpt lat="43.6580270" lon="-79.3999480">
    <ele>104.8</ele>
    <time>2020-06-13T14:43:19Z</time>
   </trkpt>
   <trkpt lat="43.6580310" lon="-79.3998910">
    <ele>104.7</ele>
    <time>2020-06-13T14:43:20Z</time>
   </trkpt>
   <trkpt lat="43.6580360" lon="-79.3998670">
    <ele>104.7</ele>
    <time>2020-06-13T14:43:21Z</time>
   </trkpt>
   <trkpt lat="43.6580370" lon="-79.3998250">
    <ele>104.7</ele>
    <time>2020-06-13T14:43:22Z</time>
   </trkpt>
   <trkpt lat="43.6580500" lon="-79.3997870">
    <ele>104.7</ele>
    <time>2020-06-13T14:43:23Z</time>
   </trkpt>
   <trkpt lat="43.6580560" lon="-79.3997460">
    <ele>104.7</ele>
    <time>2020-06-13T14:43:24Z</time>
   </trkpt>
   <trkpt lat="43.6580580" lon="-79.3997060">
    <ele>104.6</ele>
    <time>2020-06-13T14:43:25Z</time>
   </trkpt>
   <trkpt lat="43.6580590" lon="-79.3996610">
    <ele>104.6</ele>
    <time>2020-06-13T14:43:26Z</time>
   </trkpt>
   <trkpt lat="43.6580660" lon="-79.3996220">
    <ele>104.6</ele>
    <time>2020-06-13T14:43:27Z</time>
   </trkpt>
   <trkpt lat="43.6580710" lon="-79.3995700">
    <ele>104.6</ele>
    <time>2020-06-13T14:43:28Z</time>
   </trkpt>
   <trkpt lat="43.6580800" lon="-79.3995160">
    <ele>104.6</ele>
    <time>2020-06-13T14:43:29Z</time>
   </trkpt>
   <trkpt lat="43.6580910" lon="-79.3994760">
    <ele>104.5</ele>
    <time>2020-06-13T14:43:30Z</time>
   </trkpt>
   <trkpt lat="43.6580970" lon="-79.3994240">
    <ele>104.5</ele>
    <time>2020-06-13T14:43:31Z</time>
   </trkpt>
   <trkpt lat="43.6580970" lon="-79.3994060">
    <ele>104.5</ele>
    <time>2020-06-13T14:43:32Z</time>
   </trkpt>
   <trkpt lat="43.6580980" lon="-79.3993640">
    <ele>104.5</ele>
    <time>2020-06-13T14:43:33Z</time>
   </trkpt>
   <trkpt lat="43.6580880" lon="-79.3993260">
    <ele>104.5</ele>
    <time>2020-06-13T14:43:34Z</time>
   </trkpt>
   <trkpt lat="43.6580830" lon="-79.3992850">
    <ele>104.4</ele>
    <time>2020-06-13T14:43:35Z</time>
   </trkpt>
   <trkpt lat="43.6580750" lon="-79.3992300">
    <ele>104.4</ele>
    <time>2020-06-13T14:43:36Z</time>
   </trkpt>
   <trkpt lat="43.6580770" lon="-79.3991250">
    <ele>104.4</ele>
    <time>2020-06-13T14:43:37Z</time>
   </trkpt>
   <trkpt lat="43.6580670" lon="-79.3990630">
    <ele>104.4</ele>
    <time>2020-06-13T14:43:38Z</time>
   </trkpt>
   <trkpt lat="43.6580640" lon="-79.3990060">
    <ele>104.3</ele>
    <time>2020-06-13T14:43:39Z</time>
   </trkpt>
   <trkpt lat="43.6580630" lon="-79.3989840">
    <ele>104.3</ele>
    <time>2020-06-13T14:43:40Z</time>
   </trkpt>
   <trkpt lat="43.6580530" lon="-79.3989220">
    <ele>104.3</ele>
    <time>2020-06-13T14:43:41Z</time>
   </trkpt>
   <trkpt lat="43.6580480" lon="-79.3988670">
    <ele>104.3</ele>
    <time>2020-06-13T14:43:42Z</time>
   </trkpt>
   <trkpt lat="43.6580480" lon="-79.3988250">
    <ele>104.3</ele>
    <time>2020-06-13T14:43:43Z</time>
   </trkpt>
   <trkpt lat="43.6580580" lon="-79.3987750">
    <ele>104.3</ele>
    <time>2020-06-13T14:43:44Z</time>
   </trkpt>
   <trkpt lat="43.6580560" lon="-79.3987320">
    <ele>104.3</ele>
    <time>2020-06-13T14:43:45Z</time>
   </trkpt>
   <trkpt lat="43.6580630" lon="-79.3986830">
    <ele>104.3</ele>
    <time>2020-06-13T14:43:46Z</time>
   </trkpt>
   <trkpt lat="43.6580620" lon="-79.3986670">
    <ele>104.3</ele>
    <time>2020-06-13T14:43:47Z</time>
   </trkpt>
   <trkpt lat="43.6580610" lon="-79.3986250">
    <ele>104.3</ele>
    <time>2020-06-13T14:43:48Z</time>
   </trkpt>
   <trkpt lat="43.6580590" lon="-79.3985800">
    <ele>104.3</ele>
    <time>2020-06-13T14:43:49Z</time>
   </trkpt>
   <trkpt lat="43.6580580" lon="-79.3985680">
    <ele>104.3</ele>
    <time>2020-06-13T14:43:50Z</time>
   </trkpt>
   <trkpt lat="43.6580620" lon="-79.3985440">
    <ele>104.3</ele>
    <time>2020-06-13T14:43:51Z</time>
   </trkpt>
   <trkpt lat="43.6580620" lon="-79.3985280">
    <ele>104.3</ele>
    <time>2020-06-13T14:43:52Z</time>
   </trkpt>
   <trkpt lat="43.6580630" lon="-79.3985120">
    <ele>104.3</ele>
    <time>2020-06-13T14:43:53Z</time>
   </trkpt>
   <trkpt lat="43.6580760" lon="-79.3984690">
    <ele>104.3</ele>
    <time>2020-06-13T14:43:54Z</time>
   </trkpt>
   <trkpt lat="43.6580800" lon="-79.3984500">
    <ele>104.3</ele>
    <time>2020-06-13T14:43:55Z</time>
   </trkpt>
   <trkpt lat="43.6580920" lon="-79.3984050">
    <ele>104.3</ele>
    <time>2020-06-13T14:43:56Z</time>
   </trkpt>
   <trkpt lat="43.6580940" lon="-79.3983890">
    <ele>104.3</ele>
    <time>2020-06-13T14:43:57Z</time>
   </trkpt>
   <trkpt lat="43.6581130" lon="-79.3983350">
    <ele>104.3</ele>
    <time>2020-06-13T14:43:58Z</time>
   </trkpt>
   <trkpt lat="43.6581220" lon="-79.3982960">
    <ele>104.3</ele>
    <time>2020-06-13T14:43:59Z</time>
   </trkpt>
   <trkpt lat="43.6581390" lon="-79.3982550">
    <ele>104.3</ele>
    <time>2020-06-13T14:44:00Z</time>
   </trkpt>
   <trkpt lat="43.6581550" lon="-79.3982130">
    <ele>104.3</ele>
    <time>2020-06-13T14:44:01Z</time>
   </trkpt>
   <trkpt lat="43.6581670" lon="-79.3981710">
    <ele>104.3</ele>
    <time>2020-06-13T14:44:02Z</time>
   </trkpt>
   <trkpt lat="43.6581820" lon="-79.3981210">
    <ele>104.4</ele>
    <time>2020-06-13T14:44:03Z</time>
   </trkpt>
   <trkpt lat="43.6581900" lon="-79.3980780">
    <ele>104.4</ele>
    <time>2020-06-13T14:44:04Z</time>
   </trkpt>
   <trkpt lat="43.6581910" lon="-79.3980630">
    <ele>104.4</ele>
    <time>2020-06-13T14:44:05Z</time>
   </trkpt>
   <trkpt lat="43.6581990" lon="-79.3980140">
    <ele>104.3</ele>
    <time>2020-06-13T14:44:06Z</time>
   </trkpt>
   <trkpt lat="43.6582060" lon="-79.3979960">
    <ele>104.3</ele>
    <time>2020-06-13T14:44:07Z</time>
   </trkpt>
   <trkpt lat="43.6582150" lon="-79.3979500">
    <ele>104.3</ele>
    <time>2020-06-13T14:44:08Z</time>
   </trkpt>
   <trkpt lat="43.6582180" lon="-79.3979350">
    <ele>104.2</ele>
    <time>2020-06-13T14:44:09Z</time>
   </trkpt>
   <trkpt lat="43.6582140" lon="-79.3978990">
    <ele>104.2</ele>
    <time>2020-06-13T14:44:10Z</time>
   </trkpt>
   <trkpt lat="43.6582150" lon="-79.3978840">
    <ele>104.2</ele>
    <time>2020-06-13T14:44:11Z</time>
   </trkpt>
   <trkpt lat="43.6582240" lon="-79.3978410">
    <ele>104.2</ele>
    <time>2020-06-13T14:44:12Z</time>
   </trkpt>
   <trkpt lat="43.6582260" lon="-79.3978240">
    <ele>104.1</ele>
    <time>2020-06-13T14:44:13Z</time>
   </trkpt>
   <trkpt lat="43.6582380" lon="-79.3977790">
    <ele>104.1</ele>
    <time>2020-06-13T14:44:14Z</time>
   </trkpt>
   <trkpt lat="43.6582510" lon="-79.3977250">
    <ele>104.1</ele>
    <time>2020-06-13T14:44:15Z</time>
   </trkpt>
   <trkpt lat="43.6582570" lon="-79.3977040">
    <ele>104.0</ele>
    <time>2020-06-13T14:44:16Z</time>
   </trkpt>
   <trkpt lat="43.6582710" lon="-79.3976620">
    <ele>104.0</ele>
    <time>2020-06-13T14:44:17Z</time>
   </trkpt>
   <trkpt lat="43.6582790" lon="-79.3976110">
    <ele>104.0</ele>
    <time>2020-06-13T14:44:18Z</time>
   </trkpt>
   <trkpt lat="43.6582810" lon="-79.3975890">
    <ele>104.0</ele>
    <time>2020-06-13T14:44:19Z</time>
   </trkpt>
   <trkpt lat="43.6582850" lon="-79.3975520">
    <ele>103.9</ele>
    <time>2020-06-13T14:44:20Z</time>
   </trkpt>
   <trkpt lat="43.6582890" lon="-79.3975040">
    <ele>103.9</ele>
    <time>2020-06-13T14:44:21Z</time>
   </trkpt>
   <trkpt lat="43.6582910" lon="-79.3974650">
    <ele>103.9</ele>
    <time>2020-06-13T14:44:22Z</time>
   </trkpt>
   <trkpt lat="43.6582960" lon="-79.3974270">
    <ele>103.8</ele>
    <time>2020-06-13T14:44:23Z</time>
   </trkpt>
   <trkpt lat="43.6582950" lon="-79.3973890">
    <ele>103.8</ele>
    <time>2020-06-13T14:44:24Z</time>
   </trkpt>
   <trkpt lat="43.6583010" lon="-79.3973520">
    <ele>103.8</ele>
    <time>2020-06-13T14:44:25Z</time>
   </trkpt>
   <trkpt lat="43.6583090" lon="-79.3973070">
    <ele>103.8</ele>
    <time>2020-06-13T14:44:26Z</time>
   </trkpt>
   <trkpt lat="43.6583130" lon="-79.3972660">
    <ele>103.7</ele>
    <time>2020-06-13T14:44:27Z</time>
   </trkpt>
   <trkpt lat="43.6583130" lon="-79.3972120">
    <ele>103.7</ele>
    <time>2020-06-13T14:44:28Z</time>
   </trkpt>
   <trkpt lat="43.6583170" lon="-79.3971870">
    <ele>103.7</ele>
    <time>2020-06-13T14:44:29Z</time>
   </trkpt>
   <trkpt lat="43.6583190" lon="-79.3971470">
    <ele>103.6</ele>
    <time>2020-06-13T14:44:30Z</time>
   </trkpt>
   <trkpt lat="43.6583250" lon="-79.3971000">
    <ele>103.6</ele>
    <time>2020-06-13T14:44:31Z</time>
   </trkpt>
   <trkpt lat="43.6583340" lon="-79.3970510">
    <ele>103.6</ele>
    <time>2020-06-13T14:44:32Z</time>
   </trkpt>
   <trkpt lat="43.6583410" lon="-79.3970130">
    <ele>103.6</ele>
    <time>2020-06-13T14:44:33Z</time>
   </trkpt>
   <trkpt lat="43.6583550" lon="-79.3969690">
    <ele>103.5</ele>
    <time>2020-06-13T14:44:34Z</time>
   </trkpt>
   <trkpt lat="43.6583700" lon="-79.3969320">
    <ele>103.5</ele>
    <time>2020-06-13T14:44:35Z</time>
   </trkpt>
   <trkpt lat="43.6583830" lon="-79.3968960">
    <ele>103.5</ele>
    <time>2020-06-13T14:44:36Z</time>
   </trkpt>
   <trkpt lat="43.6583990" lon="-79.3968600">
    <ele>103.5</ele>
    <time>2020-06-13T14:44:38Z</time>
   </trkpt>
   <trkpt lat="43.6584120" lon="-79.3968190">
    <ele>103.5</ele>
    <time>2020-06-13T14:44:39Z</time>
   </trkpt>
   <trkpt lat="43.6584280" lon="-79.3967820">
    <ele>103.6</ele>
    <time>2020-06-13T14:44:40Z</time>
   </trkpt>
   <trkpt lat="43.6584470" lon="-79.3967470">
    <ele>103.6</ele>
    <time>2020-06-13T14:44:41Z</time>
   </trkpt>
   <trkpt lat="43.6584630" lon="-79.3967010">
    <ele>103.6</ele>
    <time>2020-06-13T14:44:42Z</time>
   </trkpt>
   <trkpt lat="43.6584690" lon="-79.3966810">
    <ele>103.6</ele>
    <time>2020-06-13T14:44:43Z</time>
   </trkpt>
   <trkpt lat="43.6584850" lon="-79.3966450">
    <ele>103.6</ele>
    <time>2020-06-13T14:44:44Z</time>
   </trkpt>
   <trkpt lat="43.6585010" lon="-79.3966040">
    <ele>103.7</ele>
    <time>2020-06-13T14:44:45Z</time>
   </trkpt>
   <trkpt lat="43.6585180" lon="-79.3965710">
    <ele>103.7</ele>
    <time>2020-06-13T14:44:46Z</time>
   </trkpt>
   <trkpt lat="43.6585240" lon="-79.3965180">
    <ele>103.7</ele>
    <time>2020-06-13T14:44:47Z</time>
   </trkpt>
   <trkpt lat="43.6585270" lon="-79.3964960">
    <ele>103.7</ele>
    <time>2020-06-13T14:44:48Z</time>
   </trkpt>
   <trkpt lat="43.6585360" lon="-79.3964580">
    <ele>103.7</ele>
    <time>2020-06-13T14:44:49Z</time>
   </trkpt>
   <trkpt lat="43.6585550" lon="-79.3964170">
    <ele>103.7</ele>
    <time>2020-06-13T14:44:50Z</time>
   </trkpt>
   <trkpt lat="43.6585650" lon="-79.3964080">
    <ele>103.7</ele>
    <time>2020-06-13T14:44:51Z</time>
   </trkpt>
   <trkpt lat="43.6585680" lon="-79.3963700">
    <ele>103.7</ele>
    <time>2020-06-13T14:44:52Z</time>
   </trkpt>
   <trkpt lat="43.6585830" lon="-79.3963330">
    <ele>103.7</ele>
    <time>2020-06-13T14:44:53Z</time>
   </trkpt>
   <trkpt lat="43.6585920" lon="-79.3962950">
    <ele>103.8</ele>
    <time>2020-06-13T14:44:54Z</time>
   </trkpt>
   <trkpt lat="43.6586000" lon="-79.3962500">
    <ele>103.8</ele>
    <time>2020-06-13T14:44:55Z</time>
   </trkpt>
   <trkpt lat="43.6586160" lon="-79.3962130">
    <ele>103.8</ele>
    <time>2020-06-13T14:44:56Z</time>
   </trkpt>
   <trkpt lat="43.6586220" lon="-79.3962000">
    <ele>103.8</ele>
    <time>2020-06-13T14:44:57Z</time>
   </trkpt>
   <trkpt lat="43.6586350" lon="-79.3961530">
    <ele>103.7</ele>
    <time>2020-06-13T14:44:58Z</time>
   </trkpt>
   <trkpt lat="43.6586410" lon="-79.3961390">
    <ele>103.7</ele>
    <time>2020-06-13T14:44:59Z</time>
   </trkpt>
   <trkpt lat="43.6586610" lon="-79.3960980">
    <ele>103.7</ele>
    <time>2020-06-13T14:45:00Z</time>
   </trkpt>
   <trkpt lat="43.6586680" lon="-79.3960830">
    <ele>103.7</ele>
    <time>2020-06-13T14:45:01Z</time>
   </trkpt>
   <trkpt lat="43.6586710" lon="-79.3960530">
    <ele>103.7</ele>
    <time>2020-06-13T14:45:02Z</time>
   </trkpt>
   <trkpt lat="43.6586750" lon="-79.3960390">
    <ele>103.6</ele>
    <time>2020-06-13T14:45:03Z</time>
   </trkpt>
   <trkpt lat="43.6586780" lon="-79.3960260">
    <ele>103.6</ele>
    <time>2020-06-13T14:45:04Z</time>
   </trkpt>
   <trkpt lat="43.6586770" lon="-79.3960120">
    <ele>103.6</ele>
    <time>2020-06-13T14:45:05Z</time>
   </trkpt>
   <trkpt lat="43.6586790" lon="-79.3959970">
    <ele>103.6</ele>
    <time>2020-06-13T14:45:06Z</time>
   </trkpt>
   <trkpt lat="43.6586850" lon="-79.3959950">
    <ele>103.6</ele>
    <time>2020-06-13T14:45:07Z</time>
   </trkpt>
   <trkpt lat="43.6586880" lon="-79.3959810">
    <ele>103.6</ele>
    <time>2020-06-13T14:45:08Z</time>
   </trkpt>
   <trkpt lat="43.6586890" lon="-79.3959770">
    <ele>103.6</ele>
    <time>2020-06-13T14:45:09Z</time>
   </trkpt>
   <trkpt lat="43.6586890" lon="-79.3959750">
    <ele>103.6</ele>
    <time>2020-06-13T14:45:10Z</time>
   </trkpt>
   <trkpt lat="43.6586900" lon="-79.3959730">
    <ele>103.6</ele>
    <time>2020-06-13T14:45:11Z</time>
   </trkpt>
   <trkpt lat="43.6586910" lon="-79.3959720">
    <ele>103.5</ele>
    <time>2020-06-13T14:45:12Z</time>
   </trkpt>
   <trkpt lat="43.6586910" lon="-79.3959710">
    <ele>103.5</ele>
    <time>2020-06-13T14:45:13Z</time>
   </trkpt>
   <trkpt lat="43.6586910" lon="-79.3959700">
    <ele>103.5</ele>
    <time>2020-06-13T14:45:14Z</time>
   </trkpt>
   <trkpt lat="43.6586910" lon="-79.3959700">
    <ele>103.5</ele>
    <time>2020-06-13T14:45:15Z</time>
   </trkpt>
   <trkpt lat="43.6586910" lon="-79.3959700">
    <ele>103.5</ele>
    <time>2020-06-13T14:45:16Z</time>
   </trkpt>
   <trkpt lat="43.6586910" lon="-79.3959690">
    <ele>103.5</ele>
    <time>2020-06-13T14:45:17Z</time>
   </trkpt>
   <trkpt lat="43.6586900" lon="-79.3959690">
    <ele>103.5</ele>
    <time>2020-06-13T14:45:18Z</time>
   </trkpt>
   <trkpt lat="43.6586870" lon="-79.3959650">
    <ele>103.5</ele>
    <time>2020-06-13T14:45:19Z</time>
   </trkpt>
   <trkpt lat="43.6586860" lon="-79.3959500">
    <ele>103.5</ele>
    <time>2020-06-13T14:45:20Z</time>
   </trkpt>
   <trkpt lat="43.6586840" lon="-79.3959410">
    <ele>103.5</ele>
    <time>2020-06-13T14:45:21Z</time>
   </trkpt>
   <trkpt lat="43.6586850" lon="-79.3959310">
    <ele>103.5</ele>
    <time>2020-06-13T14:45:22Z</time>
   </trkpt>
   <trkpt lat="43.6586880" lon="-79.3959210">
    <ele>103.5</ele>
    <time>2020-06-13T14:45:23Z</time>
   </trkpt>
   <trkpt lat="43.6586900" lon="-79.3959120">
    <ele>103.5</ele>
    <time>2020-06-13T14:45:24Z</time>
   </trkpt>
   <trkpt lat="43.6586920" lon="-79.3959020">
    <ele>103.5</ele>
    <time>2020-06-13T14:45:25Z</time>
   </trkpt>
   <trkpt lat="43.6586950" lon="-79.3958920">
    <ele>103.5</ele>
    <time>2020-06-13T14:45:26Z</time>
   </trkpt>
   <trkpt lat="43.6586970" lon="-79.3958820">
    <ele>103.5</ele>
    <time>2020-06-13T14:45:27Z</time>
   </trkpt>
   <trkpt lat="43.6587000" lon="-79.3958320">
    <ele>103.4</ele>
    <time>2020-06-13T14:45:28Z</time>
   </trkpt>
   <trkpt lat="43.6586970" lon="-79.3958160">
    <ele>103.4</ele>
    <time>2020-06-13T14:45:29Z</time>
   </trkpt>
   <trkpt lat="43.6586950" lon="-79.3957700">
    <ele>103.4</ele>
    <time>2020-06-13T14:45:30Z</time>
   </trkpt>
   <trkpt lat="43.6586970" lon="-79.3957590">
    <ele>103.4</ele>
    <time>2020-06-13T14:45:31Z</time>
   </trkpt>
   <trkpt lat="43.6587090" lon="-79.3957260">
    <ele>103.3</ele>
    <time>2020-06-13T14:45:32Z</time>
   </trkpt>
   <trkpt lat="43.6587140" lon="-79.3957140">
    <ele>103.3</ele>
    <time>2020-06-13T14:45:33Z</time>
   </trkpt>
   <trkpt lat="43.6587250" lon="-79.3956770">
    <ele>103.3</ele>
    <time>2020-06-13T14:45:34Z</time>
   </trkpt>
   <trkpt lat="43.6587430" lon="-79.3956290">
    <ele>103.2</ele>
    <time>2020-06-13T14:45:35Z</time>
   </trkpt>
   <trkpt lat="43.6587510" lon="-79.3956110">
    <ele>103.2</ele>
    <time>2020-06-13T14:45:36Z</time>
   </trkpt>
   <trkpt lat="43.6587680" lon="-79.3955770">
    <ele>103.1</ele>
    <time>2020-06-13T14:45:37Z</time>
   </trkpt>
   <trkpt lat="43.6587710" lon="-79.3955680">
    <ele>103.1</ele>
    <time>2020-06-13T14:45:38Z</time>
   </trkpt>
   <trkpt lat="43.6587790" lon="-79.3955410">
    <ele>103.1</ele>
    <time>2020-06-13T14:45:39Z</time>
   </trkpt>
   <trkpt lat="43.6587870" lon="-79.3955300">
    <ele>103.1</ele>
    <time>2020-06-13T14:45:40Z</time>
   </trkpt>
   <trkpt lat="43.6587970" lon="-79.3954910">
    <ele>103.1</ele>
    <time>2020-06-13T14:45:41Z</time>
   </trkpt>
   <trkpt lat="43.6588030" lon="-79.3954330">
    <ele>103.0</ele>
    <time>2020-06-13T14:45:42Z</time>
   </trkpt>
   <trkpt lat="43.6588070" lon="-79.3954110">
    <ele>103.0</ele>
    <time>2020-06-13T14:45:43Z</time>
   </trkpt>
   <trkpt lat="43.6588160" lon="-79.3953740">
    <ele>103.0</ele>
    <time>2020-06-13T14:45:44Z</time>
   </trkpt>
   <trkpt lat="43.6588130" lon="-79.3953330">
    <ele>102.9</ele>
    <time>2020-06-13T14:45:45Z</time>
   </trkpt>
   <trkpt lat="43.6588050" lon="-79.3952830">
    <ele>102.9</ele>
    <time>2020-06-13T14:45:46Z</time>
   </trkpt>
   <trkpt lat="43.6587960" lon="-79.3952670">
    <ele>102.9</ele>
    <time>2020-06-13T14:45:47Z</time>
   </trkpt>
   <trkpt lat="43.6587950" lon="-79.3952150">
    <ele>102.9</ele>
    <time>2020-06-13T14:45:48Z</time>
   </trkpt>
   <trkpt lat="43.6587920" lon="-79.3952000">
    <ele>102.9</ele>
    <time>2020-06-13T14:45:49Z</time>
   </trkpt>
   <trkpt lat="43.6587940" lon="-79.3951560">
    <ele>102.9</ele>
    <time>2020-06-13T14:45:50Z</time>
   </trkpt>
   <trkpt lat="43.6587930" lon="-79.3951400">
    <ele>102.9</ele>
    <time>2020-06-13T14:45:51Z</time>
   </trkpt>
   <trkpt lat="43.6587950" lon="-79.3950990">
    <ele>102.9</ele>
    <time>2020-06-13T14:45:52Z</time>
   </trkpt>
   <trkpt lat="43.6588050" lon="-79.3950460">
    <ele>102.9</ele>
    <time>2020-06-13T14:45:53Z</time>
   </trkpt>
   <trkpt lat="43.6588090" lon="-79.3950260">
    <ele>102.9</ele>
    <time>2020-06-13T14:45:54Z</time>
   </trkpt>
   <trkpt lat="43.6588180" lon="-79.3949840">
    <ele>102.9</ele>
    <time>2020-06-13T14:45:55Z</time>
   </trkpt>
   <trkpt lat="43.6588220" lon="-79.3949330">
    <ele>102.9</ele>
    <time>2020-06-13T14:45:56Z</time>
   </trkpt>
   <trkpt lat="43.6588240" lon="-79.3949180">
    <ele>102.9</ele>
    <time>2020-06-13T14:45:57Z</time>
   </trkpt>
   <trkpt lat="43.6588270" lon="-79.3948650">
    <ele>102.9</ele>
    <time>2020-06-13T14:45:58Z</time>
   </trkpt>
   <trkpt lat="43.6588280" lon="-79.3948450">
    <ele>102.9</ele>
    <time>2020-06-13T14:45:59Z</time>
   </trkpt>
   <trkpt lat="43.6588350" lon="-79.3948050">
    <ele>103.0</ele>
    <time>2020-06-13T14:46:00Z</time>
   </trkpt>
   <trkpt lat="43.6588450" lon="-79.3947600">
    <ele>103.0</ele>
    <time>2020-06-13T14:46:01Z</time>
   </trkpt>
   <trkpt lat="43.6588470" lon="-79.3947460">
    <ele>103.0</ele>
    <time>2020-06-13T14:46:02Z</time>
   </trkpt>
   <trkpt lat="43.6588520" lon="-79.3947250">
    <ele>103.0</ele>
    <time>2020-06-13T14:46:03Z</time>
   </trkpt>
   <trkpt lat="43.6588550" lon="-79.3947000">
    <ele>103.0</ele>
    <time>2020-06-13T14:46:04Z</time>
   </trkpt>
   <trkpt lat="43.6588670" lon="-79.3946520">
    <ele>103.0</ele>
    <time>2020-06-13T14:46:05Z</time>
   </trkpt>
   <trkpt lat="43.6588710" lon="-79.3946330">
    <ele>103.0</ele>
    <time>2020-06-13T14:46:06Z</time>
   </trkpt>
   <trkpt lat="43.6588840" lon="-79.3945910">
    <ele>103.0</ele>
    <time>2020-06-13T14:46:07Z</time>
   </trkpt>
   <trkpt lat="43.6588890" lon="-79.3945450">
    <ele>103.0</ele>
    <time>2020-06-13T14:46:08Z</time>
   </trkpt>
   <trkpt lat="43.6589020" lon="-79.3944990">
    <ele>103.0</ele>
    <time>2020-06-13T14:46:09Z</time>
   </trkpt>
   <trkpt lat="43.6589030" lon="-79.3944590">
    <ele>102.9</ele>
    <time>2020-06-13T14:46:10Z</time>
   </trkpt>
   <trkpt lat="43.6589110" lon="-79.3944220">
    <ele>102.9</ele>
    <time>2020-06-13T14:46:11Z</time>
   </trkpt>
   <trkpt lat="43.6589170" lon="-79.3943800">
    <ele>102.9</ele>
    <time>2020-06-13T14:46:12Z</time>
   </trkpt>
   <trkpt lat="43.6589170" lon="-79.3943680">
    <ele>102.9</ele>
    <time>2020-06-13T14:46:13Z</time>
   </trkpt>
   <trkpt lat="43.6589190" lon="-79.3943280">
    <ele>102.9</ele>
    <time>2020-06-13T14:46:14Z</time>
   </trkpt>
   <trkpt lat="43.6589270" lon="-79.3942800">
    <ele>102.8</ele>
    <time>2020-06-13T14:46:15Z</time>
   </trkpt>
   <trkpt lat="43.6589360" lon="-79.3942410">
    <ele>102.8</ele>
    <time>2020-06-13T14:46:16Z</time>
   </trkpt>
   <trkpt lat="43.6589400" lon="-79.3941990">
    <ele>102.8</ele>
    <time>2020-06-13T14:46:17Z</time>
   </trkpt>
   <trkpt lat="43.6589560" lon="-79.3941440">
    <ele>102.7</ele>
    <time>2020-06-13T14:46:18Z</time>
   </trkpt>
   <trkpt lat="43.6589640" lon="-79.3941220">
    <ele>102.7</ele>
    <time>2020-06-13T14:46:19Z</time>
   </trkpt>
   <trkpt lat="43.6589730" lon="-79.3940660">
    <ele>102.7</ele>
    <time>2020-06-13T14:46:20Z</time>
   </trkpt>
   <trkpt lat="43.6589780" lon="-79.3940100">
    <ele>102.6</ele>
    <time>2020-06-13T14:46:21Z</time>
   </trkpt>
   <trkpt lat="43.6589810" lon="-79.3939880">
    <ele>102.6</ele>
    <time>2020-06-13T14:46:22Z</time>
   </trkpt>
   <trkpt lat="43.6589920" lon="-79.3939410">
    <ele>102.6</ele>
    <time>2020-06-13T14:46:23Z</time>
   </trkpt>
   <trkpt lat="43.6590080" lon="-79.3938980">
    <ele>102.6</ele>
    <time>2020-06-13T14:46:24Z</time>
   </trkpt>
   <trkpt lat="43.6590140" lon="-79.3938790">
    <ele>102.6</ele>
    <time>2020-06-13T14:46:25Z</time>
   </trkpt>
   <trkpt lat="43.6590300" lon="-79.3938370">
    <ele>102.6</ele>
    <time>2020-06-13T14:46:26Z</time>
   </trkpt>
   <trkpt lat="43.6590380" lon="-79.3937870">
    <ele>102.7</ele>
    <time>2020-06-13T14:46:27Z</time>
   </trkpt>
   <trkpt lat="43.6590550" lon="-79.3937390">
    <ele>102.7</ele>
    <time>2020-06-13T14:46:28Z</time>
   </trkpt>
   <trkpt lat="43.6590740" lon="-79.3937010">
    <ele>102.7</ele>
    <time>2020-06-13T14:46:29Z</time>
   </trkpt>
   <trkpt lat="43.6590920" lon="-79.3936600">
    <ele>102.7</ele>
    <time>2020-06-13T14:46:30Z</time>
   </trkpt>
   <trkpt lat="43.6591060" lon="-79.3936260">
    <ele>102.7</ele>
    <time>2020-06-13T14:46:31Z</time>
   </trkpt>
   <trkpt lat="43.6591140" lon="-79.3935890">
    <ele>102.8</ele>
    <time>2020-06-13T14:46:32Z</time>
   </trkpt>
   <trkpt lat="43.6591260" lon="-79.3935430">
    <ele>102.8</ele>
    <time>2020-06-13T14:46:33Z</time>
   </trkpt>
   <trkpt lat="43.6591300" lon="-79.3935220">
    <ele>102.8</ele>
    <time>2020-06-13T14:46:34Z</time>
   </trkpt>
   <trkpt lat="43.6591330" lon="-79.3934700">
    <ele>102.8</ele>
    <time>2020-06-13T14:46:35Z</time>
   </trkpt>
   <trkpt lat="43.6591360" lon="-79.3934520">
    <ele>102.8</ele>
    <time>2020-06-13T14:46:36Z</time>
   </trkpt>
   <trkpt lat="43.6591430" lon="-79.3933950">
    <ele>102.8</ele>
    <time>2020-06-13T14:46:37Z</time>
   </trkpt>
   <trkpt lat="43.6591470" lon="-79.3933750">
    <ele>102.8</ele>
    <time>2020-06-13T14:46:38Z</time>
   </trkpt>
   <trkpt lat="43.6591590" lon="-79.3933340">
    <ele>102.8</ele>
    <time>2020-06-13T14:46:39Z</time>
   </trkpt>
   <trkpt lat="43.6591730" lon="-79.3932800">
    <ele>102.7</ele>
    <time>2020-06-13T14:46:40Z</time>
   </trkpt>
   <trkpt lat="43.6591770" lon="-79.3932580">
    <ele>102.7</ele>
    <time>2020-06-13T14:46:41Z</time>
   </trkpt>
   <trkpt lat="43.6591860" lon="-79.3932090">
    <ele>102.6</ele>
    <time>2020-06-13T14:46:42Z</time>
   </trkpt>
   <trkpt lat="43.6591900" lon="-79.3931880">
    <ele>102.6</ele>
    <time>2020-06-13T14:46:43Z</time>
   </trkpt>
   <trkpt lat="43.6592000" lon="-79.3931480">
    <ele>102.6</ele>
    <time>2020-06-13T14:46:44Z</time>
   </trkpt>
   <trkpt lat="43.6592040" lon="-79.3931060">
    <ele>102.5</ele>
    <time>2020-06-13T14:46:45Z</time>
   </trkpt>
   <trkpt lat="43.6592050" lon="-79.3930660">
    <ele>102.5</ele>
    <time>2020-06-13T14:46:46Z</time>
   </trkpt>
   <trkpt lat="43.6592220" lon="-79.3930260">
    <ele>102.5</ele>
    <time>2020-06-13T14:46:47Z</time>
   </trkpt>
   <trkpt lat="43.6592290" lon="-79.3930170">
    <ele>102.5</ele>
    <time>2020-06-13T14:46:48Z</time>
   </trkpt>
   <trkpt lat="43.6592470" lon="-79.3929870">
    <ele>102.4</ele>
    <time>2020-06-13T14:46:49Z</time>
   </trkpt>
   <trkpt lat="43.6592550" lon="-79.3929490">
    <ele>102.4</ele>
    <time>2020-06-13T14:46:50Z</time>
   </trkpt>
   <trkpt lat="43.6592700" lon="-79.3929060">
    <ele>102.4</ele>
    <time>2020-06-13T14:46:51Z</time>
   </trkpt>
   <trkpt lat="43.6592740" lon="-79.3928900">
    <ele>102.4</ele>
    <time>2020-06-13T14:46:52Z</time>
   </trkpt>
   <trkpt lat="43.6592810" lon="-79.3928460">
    <ele>102.3</ele>
    <time>2020-06-13T14:46:53Z</time>
   </trkpt>
   <trkpt lat="43.6592820" lon="-79.3928340">
    <ele>102.3</ele>
    <time>2020-06-13T14:46:54Z</time>
   </trkpt>
   <trkpt lat="43.6592800" lon="-79.3927890">
    <ele>102.3</ele>
    <time>2020-06-13T14:46:55Z</time>
   </trkpt>
   <trkpt lat="43.6592790" lon="-79.3927770">
    <ele>102.3</ele>
    <time>2020-06-13T14:46:56Z</time>
   </trkpt>
   <trkpt lat="43.6592820" lon="-79.3927350">
    <ele>102.3</ele>
    <time>2020-06-13T14:46:57Z</time>
   </trkpt>
   <trkpt lat="43.6592970" lon="-79.3926710">
    <ele>102.3</ele>
    <time>2020-06-13T14:46:58Z</time>
   </trkpt>
   <trkpt lat="43.6592880" lon="-79.3926330">
    <ele>102.2</ele>
    <time>2020-06-13T14:46:59Z</time>
   </trkpt>
   <trkpt lat="43.6592800" lon="-79.3925870">
    <ele>102.2</ele>
    <time>2020-06-13T14:47:00Z</time>
   </trkpt>
   <trkpt lat="43.6592890" lon="-79.3925290">
    <ele>102.2</ele>
    <time>2020-06-13T14:47:01Z</time>
   </trkpt>
   <trkpt lat="43.6592940" lon="-79.3924700">
    <ele>102.2</ele>
    <time>2020-06-13T14:47:02Z</time>
   </trkpt>
   <trkpt lat="43.6592990" lon="-79.3924300">
    <ele>102.2</ele>
    <time>2020-06-13T14:47:03Z</time>
   </trkpt>
   <trkpt lat="43.6593230" lon="-79.3923770">
    <ele>102.1</ele>
    <time>2020-06-13T14:47:04Z</time>
   </trkpt>
   <trkpt lat="43.6593020" lon="-79.3923400">
    <ele>102.1</ele>
    <time>2020-06-13T14:47:05Z</time>
   </trkpt>
   <trkpt lat="43.6592980" lon="-79.3923300">
    <ele>102.1</ele>
    <time>2020-06-13T14:47:06Z</time>
   </trkpt>
   <trkpt lat="43.6592990" lon="-79.3922740">
    <ele>102.1</ele>
    <time>2020-06-13T14:47:07Z</time>
   </trkpt>
   <trkpt lat="43.6593050" lon="-79.3922360">
    <ele>102.1</ele>
    <time>2020-06-13T14:47:08Z</time>
   </trkpt>
   <trkpt lat="43.6593150" lon="-79.3921820">
    <ele>102.1</ele>
    <time>2020-06-13T14:47:09Z</time>
   </trkpt>
   <trkpt lat="43.6593200" lon="-79.3921610">
    <ele>102.1</ele>
    <time>2020-06-13T14:47:10Z</time>
   </trkpt>
   <trkpt lat="43.6593330" lon="-79.3921140">
    <ele>102.1</ele>
    <time>2020-06-13T14:47:11Z</time>
   </trkpt>
   <trkpt lat="43.6593560" lon="-79.3920640">
    <ele>102.1</ele>
    <time>2020-06-13T14:47:12Z</time>
   </trkpt>
   <trkpt lat="43.6593630" lon="-79.3920010">
    <ele>102.1</ele>
    <time>2020-06-13T14:47:13Z</time>
   </trkpt>
   <trkpt lat="43.6593670" lon="-79.3919730">
    <ele>102.1</ele>
    <time>2020-06-13T14:47:14Z</time>
   </trkpt>
   <trkpt lat="43.6593750" lon="-79.3919250">
    <ele>102.1</ele>
    <time>2020-06-13T14:47:15Z</time>
   </trkpt>
   <trkpt lat="43.6593800" lon="-79.3918870">
    <ele>102.1</ele>
    <time>2020-06-13T14:47:16Z</time>
   </trkpt>
   <trkpt lat="43.6593970" lon="-79.3918410">
    <ele>102.1</ele>
    <time>2020-06-13T14:47:17Z</time>
   </trkpt>
   <trkpt lat="43.6594180" lon="-79.3917910">
    <ele>102.1</ele>
    <time>2020-06-13T14:47:18Z</time>
   </trkpt>
   <trkpt lat="43.6594260" lon="-79.3917460">
    <ele>102.0</ele>
    <time>2020-06-13T14:47:19Z</time>
   </trkpt>
   <trkpt lat="43.6594410" lon="-79.3917020">
    <ele>102.1</ele>
    <time>2020-06-13T14:47:20Z</time>
   </trkpt>
   <trkpt lat="43.6594360" lon="-79.3916560">
    <ele>102.1</ele>
    <time>2020-06-13T14:47:21Z</time>
   </trkpt>
   <trkpt lat="43.6594360" lon="-79.3916050">
    <ele>102.1</ele>
    <time>2020-06-13T14:47:22Z</time>
   </trkpt>
   <trkpt lat="43.6594460" lon="-79.3915460">
    <ele>102.1</ele>
    <time>2020-06-13T14:47:23Z</time>
   </trkpt>
   <trkpt lat="43.6594650" lon="-79.3914730">
    <ele>102.0</ele>
    <time>2020-06-13T14:47:24Z</time>
   </trkpt>
   <trkpt lat="43.6594850" lon="-79.3914380">
    <ele>102.0</ele>
    <time>2020-06-13T14:47:25Z</time>
   </trkpt>
   <trkpt lat="43.6595080" lon="-79.3913930">
    <ele>102.0</ele>
    <time>2020-06-13T14:47:26Z</time>
   </trkpt>
   <trkpt lat="43.6595160" lon="-79.3913770">
    <ele>102.0</ele>
    <time>2020-06-13T14:47:27Z</time>
   </trkpt>
   <trkpt lat="43.6595440" lon="-79.3913440">
    <ele>102.0</ele>
    <time>2020-06-13T14:47:28Z</time>
   </trkpt>
   <trkpt lat="43.6595570" lon="-79.3912970">
    <ele>102.0</ele>
    <time>2020-06-13T14:47:29Z</time>
   </trkpt>
   <trkpt lat="43.6595650" lon="-79.3912500">
    <ele>102.0</ele>
    <time>2020-06-13T14:47:30Z</time>
   </trkpt>
   <trkpt lat="43.6595670" lon="-79.3912320">
    <ele>102.0</ele>
    <time>2020-06-13T14:47:31Z</time>
   </trkpt>
   <trkpt lat="43.6595760" lon="-79.3911900">
    <ele>102.0</ele>
    <time>2020-06-13T14:47:32Z</time>
   </trkpt>
   <trkpt lat="43.6595930" lon="-79.3911520">
    <ele>102.0</ele>
    <time>2020-06-13T14:47:33Z</time>
   </trkpt>
   <trkpt lat="43.6596150" lon="-79.3910980">
    <ele>102.0</ele>
    <time>2020-06-13T14:47:34Z</time>
   </trkpt>
   <trkpt lat="43.6596240" lon="-79.3910740">
    <ele>102.0</ele>
    <time>2020-06-13T14:47:35Z</time>
   </trkpt>
   <trkpt lat="43.6596530" lon="-79.3910230">
    <ele>102.0</ele>
    <time>2020-06-13T14:47:36Z</time>
   </trkpt>
   <trkpt lat="43.6596720" lon="-79.3909910">
    <ele>102.0</ele>
    <time>2020-06-13T14:47:37Z</time>
   </trkpt>
   <trkpt lat="43.6596770" lon="-79.3909530">
    <ele>102.0</ele>
    <time>2020-06-13T14:47:38Z</time>
   </trkpt>
   <trkpt lat="43.6596870" lon="-79.3909010">
    <ele>102.1</ele>
    <time>2020-06-13T14:47:39Z</time>
   </trkpt>
   <trkpt lat="43.6596870" lon="-79.3908820">
    <ele>102.1</ele>
    <time>2020-06-13T14:47:40Z</time>
   </trkpt>
   <trkpt lat="43.6596900" lon="-79.3908530">
    <ele>102.1</ele>
    <time>2020-06-13T14:47:41Z</time>
   </trkpt>
   <trkpt lat="43.6596930" lon="-79.3908340">
    <ele>102.1</ele>
    <time>2020-06-13T14:47:42Z</time>
   </trkpt>
   <trkpt lat="43.6597240" lon="-79.3908010">
    <ele>102.1</ele>
    <time>2020-06-13T14:47:43Z</time>
   </trkpt>
   <trkpt lat="43.6597320" lon="-79.3907770">
    <ele>102.1</ele>
    <time>2020-06-13T14:47:44Z</time>
   </trkpt>
   <trkpt lat="43.6597280" lon="-79.3907690">
    <ele>102.2</ele>
    <time>2020-06-13T14:47:45Z</time>
   </trkpt>
   <trkpt lat="43.6597320" lon="-79.3907570">
    <ele>102.2</ele>
    <time>2020-06-13T14:47:46Z</time>
   </trkpt>
   <trkpt lat="43.6597360" lon="-79.3907400">
    <ele>102.2</ele>
    <time>2020-06-13T14:47:47Z</time>
   </trkpt>
   <trkpt lat="43.6597370" lon="-79.3907270">
    <ele>102.2</ele>
    <time>2020-06-13T14:47:48Z</time>
   </trkpt>
   <trkpt lat="43.6597400" lon="-79.3907240">
    <ele>102.2</ele>
    <time>2020-06-13T14:47:49Z</time>
   </trkpt>
   <trkpt lat="43.6597470" lon="-79.3907130">
    <ele>102.2</ele>
    <time>2020-06-13T14:47:50Z</time>
   </trkpt>
   <trkpt lat="43.6597580" lon="-79.3907060">
    <ele>102.2</ele>
    <time>2020-06-13T14:47:51Z</time>
   </trkpt>
   <trkpt lat="43.6597510" lon="-79.3906920">
    <ele>102.2</ele>
    <time>2020-06-13T14:47:52Z</time>
   </trkpt>
   <trkpt lat="43.6597490" lon="-79.3906770">
    <ele>102.3</ele>
    <time>2020-06-13T14:47:53Z</time>
   </trkpt>
   <trkpt lat="43.6597520" lon="-79.3906650">
    <ele>102.3</ele>
    <time>2020-06-13T14:47:54Z</time>
   </trkpt>
   <trkpt lat="43.6597500" lon="-79.3906500">
    <ele>102.3</ele>
    <time>2020-06-13T14:47:55Z</time>
   </trkpt>
   <trkpt lat="43.6597430" lon="-79.3906420">
    <ele>102.3</ele>
    <time>2020-06-13T14:47:56Z</time>
   </trkpt>
   <trkpt lat="43.6597380" lon="-79.3906410">
    <ele>102.3</ele>
    <time>2020-06-13T14:47:57Z</time>
   </trkpt>
   <trkpt lat="43.6597330" lon="-79.3906410">
    <ele>102.4</ele>
    <time>2020-06-13T14:47:58Z</time>
   </trkpt>
   <trkpt lat="43.6597290" lon="-79.3906410">
    <ele>102.4</ele>
    <time>2020-06-13T14:47:59Z</time>
   </trkpt>
   <trkpt lat="43.6597240" lon="-79.3906360">
    <ele>102.4</ele>
    <time>2020-06-13T14:48:00Z</time>
   </trkpt>
   <trkpt lat="43.6597180" lon="-79.3906320">
    <ele>102.4</ele>
    <time>2020-06-13T14:48:01Z</time>
   </trkpt>
   <trkpt lat="43.6597130" lon="-79.3906270">
    <ele>102.4</ele>
    <time>2020-06-13T14:48:02Z</time>
   </trkpt>
   <trkpt lat="43.6597080" lon="-79.3906220">
    <ele>102.4</ele>
    <time>2020-06-13T14:48:03Z</time>
   </trkpt>
   <trkpt lat="43.6597020" lon="-79.3906180">
    <ele>102.4</ele>
    <time>2020-06-13T14:48:04Z</time>
   </trkpt>
   <trkpt lat="43.6596970" lon="-79.3906130">
    <ele>102.4</ele>
    <time>2020-06-13T14:48:05Z</time>
   </trkpt>
   <trkpt lat="43.6596880" lon="-79.3906020">
    <ele>102.5</ele>
    <time>2020-06-13T14:48:06Z</time>
   </trkpt>
   <trkpt lat="43.6596860" lon="-79.3906000">
    <ele>102.5</ele>
    <time>2020-06-13T14:48:07Z</time>
   </trkpt>
   <trkpt lat="43.6596860" lon="-79.3905960">
    <ele>102.5</ele>
    <time>2020-06-13T14:48:08Z</time>
   </trkpt>
   <trkpt lat="43.6596840" lon="-79.3905920">
    <ele>102.5</ele>
    <time>2020-06-13T14:48:09Z</time>
   </trkpt>
   <trkpt lat="43.6596840" lon="-79.3905880">
    <ele>102.5</ele>
    <time>2020-06-13T14:48:10Z</time>
   </trkpt>
   <trkpt lat="43.6596850" lon="-79.3905820">
    <ele>102.5</ele>
    <time>2020-06-13T14:48:11Z</time>
   </trkpt>
   <trkpt lat="43.6596860" lon="-79.3905760">
    <ele>102.5</ele>
    <time>2020-06-13T14:48:12Z</time>
   </trkpt>
   <trkpt lat="43.6596880" lon="-79.3905720">
    <ele>102.5</ele>
    <time>2020-06-13T14:48:13Z</time>
   </trkpt>
   <trkpt lat="43.6596950" lon="-79.3905750">
    <ele>102.5</ele>
    <time>2020-06-13T14:48:14Z</time>
   </trkpt>
   <trkpt lat="43.6596950" lon="-79.3905750">
    <ele>102.5</ele>
    <time>2020-06-13T14:48:15Z</time>
   </trkpt>
   <trkpt lat="43.6596950" lon="-79.3905750">
    <ele>102.5</ele>
    <time>2020-06-13T14:48:16Z</time>
   </trkpt>
   <trkpt lat="43.6596950" lon="-79.3905740">
    <ele>102.5</ele>
    <time>2020-06-13T14:48:17Z</time>
   </trkpt>
   <trkpt lat="43.6596960" lon="-79.3905750">
    <ele>102.5</ele>
    <time>2020-06-13T14:48:18Z</time>
   </trkpt>
   <trkpt lat="43.6596970" lon="-79.3905750">
    <ele>102.5</ele>
    <time>2020-06-13T14:48:19Z</time>
   </trkpt>
   <trkpt lat="43.6596960" lon="-79.3905740">
    <ele>102.5</ele>
    <time>2020-06-13T14:48:20Z</time>
   </trkpt>
   <trkpt lat="43.6596890" lon="-79.3905630">
    <ele>102.5</ele>
    <time>2020-06-13T14:48:21Z</time>
   </trkpt>
   <trkpt lat="43.6596860" lon="-79.3905410">
    <ele>102.6</ele>
    <time>2020-06-13T14:48:22Z</time>
   </trkpt>
   <trkpt lat="43.6596820" lon="-79.3905260">
    <ele>102.6</ele>
    <time>2020-06-13T14:48:23Z</time>
   </trkpt>
   <trkpt lat="43.6596820" lon="-79.3905170">
    <ele>102.6</ele>
    <time>2020-06-13T14:48:24Z</time>
   </trkpt>
   <trkpt lat="43.6596850" lon="-79.3905140">
    <ele>102.6</ele>
    <time>2020-06-13T14:48:25Z</time>
   </trkpt>
   <trkpt lat="43.6596880" lon="-79.3905110">
    <ele>102.6</ele>
    <time>2020-06-13T14:48:26Z</time>
   </trkpt>
   <trkpt lat="43.6596930" lon="-79.3905090">
    <ele>102.6</ele>
    <time>2020-06-13T14:48:27Z</time>
   </trkpt>
   <trkpt lat="43.6596960" lon="-79.3905070">
    <ele>102.6</ele>
    <time>2020-06-13T14:48:28Z</time>
   </trkpt>
   <trkpt lat="43.6596950" lon="-79.3905030">
    <ele>102.6</ele>
    <time>2020-06-13T14:48:29Z</time>
   </trkpt>
   <trkpt lat="43.6596970" lon="-79.3904900">
    <ele>102.6</ele>
    <time>2020-06-13T14:48:30Z</time>
   </trkpt>
   <trkpt lat="43.6597030" lon="-79.3904730">
    <ele>102.6</ele>
    <time>2020-06-13T14:48:31Z</time>
   </trkpt>
   <trkpt lat="43.6597070" lon="-79.3904780">
    <ele>102.6</ele>
    <time>2020-06-13T14:48:32Z</time>
   </trkpt>
   <trkpt lat="43.6597070" lon="-79.3904810">
    <ele>102.6</ele>
    <time>2020-06-13T14:48:33Z</time>
   </trkpt>
   <trkpt lat="43.6597080" lon="-79.3904850">
    <ele>102.6</ele>
    <time>2020-06-13T14:48:34Z</time>
   </trkpt>
   <trkpt lat="43.6597080" lon="-79.3904860">
    <ele>102.6</ele>
    <time>2020-06-13T14:48:35Z</time>
   </trkpt>
   <trkpt lat="43.6597100" lon="-79.3904880">
    <ele>102.6</ele>
    <time>2020-06-13T14:48:36Z</time>
   </trkpt>
   <trkpt lat="43.6597230" lon="-79.3905000">
    <ele>102.6</ele>
    <time>2020-06-13T14:48:37Z</time>
   </trkpt>
   <trkpt lat="43.6597330" lon="-79.3905100">
    <ele>102.6</ele>
    <time>2020-06-13T14:48:38Z</time>
   </trkpt>
   <trkpt lat="43.6597420" lon="-79.3905180">
    <ele>102.6</ele>
    <time>2020-06-13T14:48:39Z</time>
   </trkpt>
   <trkpt lat="43.6597500" lon="-79.3905120">
    <ele>102.6</ele>
    <time>2020-06-13T14:48:40Z</time>
   </trkpt>
   <trkpt lat="43.6597590" lon="-79.3905080">
    <ele>102.6</ele>
    <time>2020-06-13T14:48:41Z</time>
   </trkpt>
   <trkpt lat="43.6597680" lon="-79.3905130">
    <ele>102.6</ele>
    <time>2020-06-13T14:48:42Z</time>
   </trkpt>
   <trkpt lat="43.6597500" lon="-79.3905250">
    <ele>102.7</ele>
    <time>2020-06-13T14:48:43Z</time>
   </trkpt>
   <trkpt lat="43.6597420" lon="-79.3905130">
    <ele>102.7</ele>
    <time>2020-06-13T14:48:44Z</time>
   </trkpt>
   <trkpt lat="43.6597360" lon="-79.3904940">
    <ele>102.7</ele>
    <time>2020-06-13T14:48:45Z</time>
   </trkpt>
   <trkpt lat="43.6597380" lon="-79.3904710">
    <ele>102.7</ele>
    <time>2020-06-13T14:48:46Z</time>
   </trkpt>
   <trkpt lat="43.6597600" lon="-79.3904270">
    <ele>102.6</ele>
    <time>2020-06-13T14:48:47Z</time>
   </trkpt>
   <trkpt lat="43.6597770" lon="-79.3904010">
    <ele>102.6</ele>
    <time>2020-06-13T14:48:48Z</time>
   </trkpt>
   <trkpt lat="43.6597840" lon="-79.3903540">
    <ele>102.5</ele>
    <time>2020-06-13T14:48:49Z</time>
   </trkpt>
   <trkpt lat="43.6597910" lon="-79.3903100">
    <ele>102.3</ele>
    <time>2020-06-13T14:48:50Z</time>
   </trkpt>
   <trkpt lat="43.6597990" lon="-79.3902700">
    <ele>102.2</ele>
    <time>2020-06-13T14:48:51Z</time>
   </trkpt>
   <trkpt lat="43.6597940" lon="-79.3902210">
    <ele>102.1</ele>
    <time>2020-06-13T14:48:52Z</time>
   </trkpt>
   <trkpt lat="43.6597920" lon="-79.3902010">
    <ele>101.9</ele>
    <time>2020-06-13T14:48:53Z</time>
   </trkpt>
   <trkpt lat="43.6597850" lon="-79.3901650">
    <ele>101.8</ele>
    <time>2020-06-13T14:48:54Z</time>
   </trkpt>
   <trkpt lat="43.6597820" lon="-79.3901530">
    <ele>101.8</ele>
    <time>2020-06-13T14:48:55Z</time>
   </trkpt>
   <trkpt lat="43.6597700" lon="-79.3901360">
    <ele>101.8</ele>
    <time>2020-06-13T14:48:56Z</time>
   </trkpt>
   <trkpt lat="43.6597580" lon="-79.3901270">
    <ele>101.8</ele>
    <time>2020-06-13T14:48:57Z</time>
   </trkpt>
   <trkpt lat="43.6597420" lon="-79.3901310">
    <ele>101.7</ele>
    <time>2020-06-13T14:48:58Z</time>
   </trkpt>
   <trkpt lat="43.6597340" lon="-79.3901320">
    <ele>101.7</ele>
    <time>2020-06-13T14:48:59Z</time>
   </trkpt>
   <trkpt lat="43.6597260" lon="-79.3901340">
    <ele>101.7</ele>
    <time>2020-06-13T14:49:00Z</time>
   </trkpt>
   <trkpt lat="43.6597180" lon="-79.3901350">
    <ele>101.7</ele>
    <time>2020-06-13T14:49:01Z</time>
   </trkpt>
   <trkpt lat="43.6596890" lon="-79.3901230">
    <ele>101.6</ele>
    <time>2020-06-13T14:49:02Z</time>
   </trkpt>
   <trkpt lat="43.6596670" lon="-79.3901130">
    <ele>101.5</ele>
    <time>2020-06-13T14:49:03Z</time>
   </trkpt>
   <trkpt lat="43.6596580" lon="-79.3901100">
    <ele>101.5</ele>
    <time>2020-06-13T14:49:04Z</time>
   </trkpt>
   <trkpt lat="43.6596360" lon="-79.3900840">
    <ele>101.5</ele>
    <time>2020-06-13T14:49:05Z</time>
   </trkpt>
   <trkpt lat="43.6596110" lon="-79.3900700">
    <ele>101.4</ele>
    <time>2020-06-13T14:49:06Z</time>
   </trkpt>
   <trkpt lat="43.6595790" lon="-79.3900650">
    <ele>101.4</ele>
    <time>2020-06-13T14:49:07Z</time>
   </trkpt>
   <trkpt lat="43.6595400" lon="-79.3900470">
    <ele>101.4</ele>
    <time>2020-06-13T14:49:08Z</time>
   </trkpt>
   <trkpt lat="43.6595240" lon="-79.3900370">
    <ele>101.3</ele>
    <time>2020-06-13T14:49:09Z</time>
   </trkpt>
   <trkpt lat="43.6594940" lon="-79.3900290">
    <ele>101.3</ele>
    <time>2020-06-13T14:49:10Z</time>
   </trkpt>
   <trkpt lat="43.6594590" lon="-79.3900040">
    <ele>101.3</ele>
    <time>2020-06-13T14:49:11Z</time>
   </trkpt>
   <trkpt lat="43.6594300" lon="-79.3899770">
    <ele>101.2</ele>
    <time>2020-06-13T14:49:12Z</time>
   </trkpt>
   <trkpt lat="43.6593920" lon="-79.3899610">
    <ele>101.2</ele>
    <time>2020-06-13T14:49:13Z</time>
   </trkpt>
   <trkpt lat="43.6593640" lon="-79.3899350">
    <ele>101.1</ele>
    <time>2020-06-13T14:49:14Z</time>
   </trkpt>
   <trkpt lat="43.6593030" lon="-79.3899510">
    <ele>101.0</ele>
    <time>2020-06-13T14:49:15Z</time>
   </trkpt>
   <trkpt lat="43.6592690" lon="-79.3899310">
    <ele>100.9</ele>
    <time>2020-06-13T14:49:16Z</time>
   </trkpt>
   <trkpt lat="43.6592310" lon="-79.3898970">
    <ele>100.9</ele>
    <time>2020-06-13T14:49:17Z</time>
   </trkpt>
   <trkpt lat="43.6591920" lon="-79.3898660">
    <ele>100.8</ele>
    <time>2020-06-13T14:49:18Z</time>
   </trkpt>
   <trkpt lat="43.6591530" lon="-79.3898440">
    <ele>100.7</ele>
    <time>2020-06-13T14:49:19Z</time>
   </trkpt>
   <trkpt lat="43.6591270" lon="-79.3898100">
    <ele>100.7</ele>
    <time>2020-06-13T14:49:20Z</time>
   </trkpt>
   <trkpt lat="43.6590750" lon="-79.3898110">
    <ele>100.6</ele>
    <time>2020-06-13T14:49:21Z</time>
   </trkpt>
   <trkpt lat="43.6590480" lon="-79.3897760">
    <ele>100.5</ele>
    <time>2020-06-13T14:49:22Z</time>
   </trkpt>
   <trkpt lat="43.6590210" lon="-79.3897440">
    <ele>100.5</ele>
    <time>2020-06-13T14:49:23Z</time>
   </trkpt>
   <trkpt lat="43.6589930" lon="-79.3897090">
    <ele>100.4</ele>
    <time>2020-06-13T14:49:24Z</time>
   </trkpt>
   <trkpt lat="43.6589830" lon="-79.3896970">
    <ele>100.4</ele>
    <time>2020-06-13T14:49:25Z</time>
   </trkpt>
   <trkpt lat="43.6589580" lon="-79.3896590">
    <ele>100.4</ele>
    <time>2020-06-13T14:49:26Z</time>
   </trkpt>
   <trkpt lat="43.6589130" lon="-79.3896760">
    <ele>100.3</ele>
    <time>2020-06-13T14:49:27Z</time>
   </trkpt>
   <trkpt lat="43.6588630" lon="-79.3896900">
    <ele>100.2</ele>
    <time>2020-06-13T14:49:28Z</time>
   </trkpt>
   <trkpt lat="43.6588450" lon="-79.3896800">
    <ele>100.2</ele>
    <time>2020-06-13T14:49:29Z</time>
   </trkpt>
   <trkpt lat="43.6588300" lon="-79.3896730">
    <ele>100.2</ele>
    <time>2020-06-13T14:49:30Z</time>
   </trkpt>
   <trkpt lat="43.6588020" lon="-79.3896720">
    <ele>100.1</ele>
    <time>2020-06-13T14:49:31Z</time>
   </trkpt>
   <trkpt lat="43.6587910" lon="-79.3896660">
    <ele>100.1</ele>
    <time>2020-06-13T14:49:32Z</time>
   </trkpt>
   <trkpt lat="43.6587770" lon="-79.3896590">
    <ele>100.1</ele>
    <time>2020-06-13T14:49:33Z</time>
   </trkpt>
   <trkpt lat="43.6587610" lon="-79.3896590">
    <ele>100.1</ele>
    <time>2020-06-13T14:49:34Z</time>
   </trkpt>
   <trkpt lat="43.6587330" lon="-79.3896690">
    <ele>100.0</ele>
    <time>2020-06-13T14:49:35Z</time>
   </trkpt>
   <trkpt lat="43.6587060" lon="-79.3896740">
    <ele>100.0</ele>
    <time>2020-06-13T14:49:36Z</time>
   </trkpt>
   <trkpt lat="43.6586680" lon="-79.3896850">
    <ele>99.9</ele>
    <time>2020-06-13T14:49:37Z</time>
   </trkpt>
   <trkpt lat="43.6586480" lon="-79.3896960">
    <ele>99.9</ele>
    <time>2020-06-13T14:49:38Z</time>
   </trkpt>
   <trkpt lat="43.6586210" lon="-79.3896810">
    <ele>99.9</ele>
    <time>2020-06-13T14:49:39Z</time>
   </trkpt>
   <trkpt lat="43.6585350" lon="-79.3896510">
    <ele>99.8</ele>
    <time>2020-06-13T14:49:40Z</time>
   </trkpt>
   <trkpt lat="43.6585030" lon="-79.3896240">
    <ele>99.8</ele>
    <time>2020-06-13T14:49:41Z</time>
   </trkpt>
   <trkpt lat="43.6584910" lon="-79.3896180">
    <ele>99.8</ele>
    <time>2020-06-13T14:49:42Z</time>
   </trkpt>
   <trkpt lat="43.6584630" lon="-79.3895960">
    <ele>99.7</ele>
    <time>2020-06-13T14:49:43Z</time>
   </trkpt>
   <trkpt lat="43.6584540" lon="-79.3895850">
    <ele>99.7</ele>
    <time>2020-06-13T14:49:44Z</time>
   </trkpt>
   <trkpt lat="43.6584140" lon="-79.3895470">
    <ele>99.6</ele>
    <time>2020-06-13T14:49:45Z</time>
   </trkpt>
   <trkpt lat="43.6583920" lon="-79.3895360">
    <ele>99.5</ele>
    <time>2020-06-13T14:49:46Z</time>
   </trkpt>
   <trkpt lat="43.6583560" lon="-79.3895120">
    <ele>99.5</ele>
    <time>2020-06-13T14:49:47Z</time>
   </trkpt>
   <trkpt lat="43.6583310" lon="-79.3894860">
    <ele>99.4</ele>
    <time>2020-06-13T14:49:48Z</time>
   </trkpt>
   <trkpt lat="43.6583040" lon="-79.3894690">
    <ele>99.4</ele>
    <time>2020-06-13T14:49:49Z</time>
   </trkpt>
   <trkpt lat="43.6582790" lon="-79.3894520">
    <ele>99.3</ele>
    <time>2020-06-13T14:49:50Z</time>
   </trkpt>
   <trkpt lat="43.6582570" lon="-79.3894310">
    <ele>99.3</ele>
    <time>2020-06-13T14:49:51Z</time>
   </trkpt>
   <trkpt lat="43.6581990" lon="-79.3894280">
    <ele>99.2</ele>
    <time>2020-06-13T14:49:52Z</time>
   </trkpt>
   <trkpt lat="43.6581710" lon="-79.3894140">
    <ele>99.1</ele>
    <time>2020-06-13T14:49:53Z</time>
   </trkpt>
   <trkpt lat="43.6581600" lon="-79.3894100">
    <ele>99.1</ele>
    <time>2020-06-13T14:49:54Z</time>
   </trkpt>
   <trkpt lat="43.6581310" lon="-79.3893950">
    <ele>99.1</ele>
    <time>2020-06-13T14:49:55Z</time>
   </trkpt>
   <trkpt lat="43.6581210" lon="-79.3893900">
    <ele>99.1</ele>
    <time>2020-06-13T14:49:56Z</time>
   </trkpt>
   <trkpt lat="43.6580640" lon="-79.3893720">
    <ele>99.0</ele>
    <time>2020-06-13T14:49:57Z</time>
   </trkpt>
   <trkpt lat="43.6580310" lon="-79.3893720">
    <ele>99.0</ele>
    <time>2020-06-13T14:49:58Z</time>
   </trkpt>
   <trkpt lat="43.6579950" lon="-79.3893490">
    <ele>98.9</ele>
    <time>2020-06-13T14:49:59Z</time>
   </trkpt>
   <trkpt lat="43.6579840" lon="-79.3893370">
    <ele>98.9</ele>
    <time>2020-06-13T14:50:00Z</time>
   </trkpt>
   <trkpt lat="43.6579620" lon="-79.3893240">
    <ele>98.9</ele>
    <time>2020-06-13T14:50:01Z</time>
   </trkpt>
   <trkpt lat="43.6579500" lon="-79.3893210">
    <ele>98.9</ele>
    <time>2020-06-13T14:50:02Z</time>
   </trkpt>
   <trkpt lat="43.6579200" lon="-79.3893250">
    <ele>98.8</ele>
    <time>2020-06-13T14:50:03Z</time>
   </trkpt>
   <trkpt lat="43.6579060" lon="-79.3893290">
    <ele>98.8</ele>
    <time>2020-06-13T14:50:04Z</time>
   </trkpt>
   <trkpt lat="43.6578780" lon="-79.3893000">
    <ele>98.8</ele>
    <time>2020-06-13T14:50:05Z</time>
   </trkpt>
   <trkpt lat="43.6578680" lon="-79.3892800">
    <ele>98.8</ele>
    <time>2020-06-13T14:50:06Z</time>
   </trkpt>
   <trkpt lat="43.6578330" lon="-79.3892680">
    <ele>98.7</ele>
    <time>2020-06-13T14:50:07Z</time>
   </trkpt>
   <trkpt lat="43.6578180" lon="-79.3892630">
    <ele>98.7</ele>
    <time>2020-06-13T14:50:08Z</time>
   </trkpt>
   <trkpt lat="43.6577750" lon="-79.3892670">
    <ele>98.7</ele>
    <time>2020-06-13T14:50:09Z</time>
   </trkpt>
   <trkpt lat="43.6577580" lon="-79.3892720">
    <ele>98.7</ele>
    <time>2020-06-13T14:50:10Z</time>
   </trkpt>
   <trkpt lat="43.6577250" lon="-79.3892760">
    <ele>98.6</ele>
    <time>2020-06-13T14:50:11Z</time>
   </trkpt>
   <trkpt lat="43.6577140" lon="-79.3892780">
    <ele>98.6</ele>
    <time>2020-06-13T14:50:12Z</time>
   </trkpt>
   <trkpt lat="43.6576860" lon="-79.3892850">
    <ele>98.6</ele>
    <time>2020-06-13T14:50:13Z</time>
   </trkpt>
   <trkpt lat="43.6576570" lon="-79.3892870">
    <ele>98.5</ele>
    <time>2020-06-13T14:50:14Z</time>
   </trkpt>
   <trkpt lat="43.6576460" lon="-79.3892870">
    <ele>98.5</ele>
    <time>2020-06-13T14:50:15Z</time>
   </trkpt>
   <trkpt lat="43.6576130" lon="-79.3892890">
    <ele>98.7</ele>
    <time>2020-06-13T14:50:16Z</time>
   </trkpt>
   <trkpt lat="43.6575700" lon="-79.3893110">
    <ele>98.7</ele>
    <time>2020-06-13T14:50:17Z</time>
   </trkpt>
   <trkpt lat="43.6575390" lon="-79.3893200">
    <ele>98.6</ele>
    <time>2020-06-13T14:50:18Z</time>
   </trkpt>
   <trkpt lat="43.6575030" lon="-79.3893200">
    <ele>98.6</ele>
    <time>2020-06-13T14:50:19Z</time>
   </trkpt>
   <trkpt lat="43.6574920" lon="-79.3893180">
    <ele>98.6</ele>
    <time>2020-06-13T14:50:20Z</time>
   </trkpt>
   <trkpt lat="43.6574500" lon="-79.3893150">
    <ele>98.5</ele>
    <time>2020-06-13T14:50:21Z</time>
   </trkpt>
   <trkpt lat="43.6574290" lon="-79.3893100">
    <ele>98.5</ele>
    <time>2020-06-13T14:50:22Z</time>
   </trkpt>
   <trkpt lat="43.6573880" lon="-79.3893090">
    <ele>98.4</ele>
    <time>2020-06-13T14:50:23Z</time>
   </trkpt>
   <trkpt lat="43.6573710" lon="-79.3893100">
    <ele>98.4</ele>
    <time>2020-06-13T14:50:24Z</time>
   </trkpt>
   <trkpt lat="43.6573440" lon="-79.3893040">
    <ele>98.3</ele>
    <time>2020-06-13T14:50:25Z</time>
   </trkpt>
   <trkpt lat="43.6573150" lon="-79.3892890">
    <ele>98.3</ele>
    <time>2020-06-13T14:50:26Z</time>
   </trkpt>
   <trkpt lat="43.6572800" lon="-79.3892840">
    <ele>98.2</ele>
    <time>2020-06-13T14:50:27Z</time>
   </trkpt>
   <trkpt lat="43.6572320" lon="-79.3892700">
    <ele>98.1</ele>
    <time>2020-06-13T14:50:28Z</time>
   </trkpt>
   <trkpt lat="43.6571930" lon="-79.3892470">
    <ele>98.1</ele>
    <time>2020-06-13T14:50:29Z</time>
   </trkpt>
   <trkpt lat="43.6571600" lon="-79.3892380">
    <ele>97.9</ele>
    <time>2020-06-13T14:50:30Z</time>
   </trkpt>
   <trkpt lat="43.6571500" lon="-79.3892360">
    <ele>97.9</ele>
    <time>2020-06-13T14:50:31Z</time>
   </trkpt>
   <trkpt lat="43.6571190" lon="-79.3892260">
    <ele>97.8</ele>
    <time>2020-06-13T14:50:32Z</time>
   </trkpt>
   <trkpt lat="43.6571090" lon="-79.3892250">
    <ele>97.8</ele>
    <time>2020-06-13T14:50:33Z</time>
   </trkpt>
   <trkpt lat="43.6570590" lon="-79.3892180">
    <ele>97.7</ele>
    <time>2020-06-13T14:50:34Z</time>
   </trkpt>
   <trkpt lat="43.6570280" lon="-79.3892110">
    <ele>97.6</ele>
    <time>2020-06-13T14:50:35Z</time>
   </trkpt>
   <trkpt lat="43.6570160" lon="-79.3892100">
    <ele>97.6</ele>
    <time>2020-06-13T14:50:36Z</time>
   </trkpt>
   <trkpt lat="43.6569980" lon="-79.3892060">
    <ele>97.6</ele>
    <time>2020-06-13T14:50:37Z</time>
   </trkpt>
   <trkpt lat="43.6569620" lon="-79.3891980">
    <ele>97.5</ele>
    <time>2020-06-13T14:50:38Z</time>
   </trkpt>
   <trkpt lat="43.6569510" lon="-79.3891980">
    <ele>97.4</ele>
    <time>2020-06-13T14:50:39Z</time>
   </trkpt>
   <trkpt lat="43.6569200" lon="-79.3891750">
    <ele>97.4</ele>
    <time>2020-06-13T14:50:40Z</time>
   </trkpt>
   <trkpt lat="43.6569040" lon="-79.3891640">
    <ele>97.3</ele>
    <time>2020-06-13T14:50:41Z</time>
   </trkpt>
   <trkpt lat="43.6568720" lon="-79.3891460">
    <ele>97.2</ele>
    <time>2020-06-13T14:50:42Z</time>
   </trkpt>
   <trkpt lat="43.6568620" lon="-79.3891390">
    <ele>97.2</ele>
    <time>2020-06-13T14:50:43Z</time>
   </trkpt>
   <trkpt lat="43.6568290" lon="-79.3891020">
    <ele>97.1</ele>
    <time>2020-06-13T14:50:44Z</time>
   </trkpt>
   <trkpt lat="43.6568110" lon="-79.3890810">
    <ele>97.1</ele>
    <time>2020-06-13T14:50:45Z</time>
   </trkpt>
   <trkpt lat="43.6567850" lon="-79.3890310">
    <ele>97.0</ele>
    <time>2020-06-13T14:50:46Z</time>
   </trkpt>
   <trkpt lat="43.6567600" lon="-79.3889920">
    <ele>96.9</ele>
    <time>2020-06-13T14:50:47Z</time>
   </trkpt>
   <trkpt lat="43.6567340" lon="-79.3889490">
    <ele>96.8</ele>
    <time>2020-06-13T14:50:48Z</time>
   </trkpt>
   <trkpt lat="43.6567070" lon="-79.3889080">
    <ele>96.7</ele>
    <time>2020-06-13T14:50:49Z</time>
   </trkpt>
   <trkpt lat="43.6566770" lon="-79.3888840">
    <ele>96.7</ele>
    <time>2020-06-13T14:50:50Z</time>
   </trkpt>
   <trkpt lat="43.6566490" lon="-79.3888550">
    <ele>96.7</ele>
    <time>2020-06-13T14:50:51Z</time>
   </trkpt>
   <trkpt lat="43.6566190" lon="-79.3888290">
    <ele>96.7</ele>
    <time>2020-06-13T14:50:52Z</time>
   </trkpt>
   <trkpt lat="43.6565940" lon="-79.3888130">
    <ele>96.7</ele>
    <time>2020-06-13T14:50:53Z</time>
   </trkpt>
   <trkpt lat="43.6565630" lon="-79.3887910">
    <ele>96.7</ele>
    <time>2020-06-13T14:50:54Z</time>
   </trkpt>
   <trkpt lat="43.6565320" lon="-79.3887640">
    <ele>96.7</ele>
    <time>2020-06-13T14:50:55Z</time>
   </trkpt>
   <trkpt lat="43.6565200" lon="-79.3887570">
    <ele>96.6</ele>
    <time>2020-06-13T14:50:56Z</time>
   </trkpt>
   <trkpt lat="43.6564870" lon="-79.3887270">
    <ele>96.6</ele>
    <time>2020-06-13T14:50:57Z</time>
   </trkpt>
   <trkpt lat="43.6564640" lon="-79.3887220">
    <ele>96.6</ele>
    <time>2020-06-13T14:50:58Z</time>
   </trkpt>
   <trkpt lat="43.6564610" lon="-79.3887200">
    <ele>96.6</ele>
    <time>2020-06-13T14:50:59Z</time>
   </trkpt>
   <trkpt lat="43.6564450" lon="-79.3887080">
    <ele>96.6</ele>
    <time>2020-06-13T14:51:00Z</time>
   </trkpt>
   <trkpt lat="43.6564300" lon="-79.3886990">
    <ele>96.5</ele>
    <time>2020-06-13T14:51:01Z</time>
   </trkpt>
   <trkpt lat="43.6564150" lon="-79.3886910">
    <ele>96.5</ele>
    <time>2020-06-13T14:51:02Z</time>
   </trkpt>
   <trkpt lat="43.6564060" lon="-79.3886880">
    <ele>96.4</ele>
    <time>2020-06-13T14:51:03Z</time>
   </trkpt>
   <trkpt lat="43.6563980" lon="-79.3886870">
    <ele>96.4</ele>
    <time>2020-06-13T14:51:04Z</time>
   </trkpt>
   <trkpt lat="43.6563910" lon="-79.3886790">
    <ele>96.4</ele>
    <time>2020-06-13T14:51:05Z</time>
   </trkpt>
   <trkpt lat="43.6563880" lon="-79.3886730">
    <ele>96.4</ele>
    <time>2020-06-13T14:51:06Z</time>
   </trkpt>
   <trkpt lat="43.6563850" lon="-79.3886720">
    <ele>96.4</ele>
    <time>2020-06-13T14:51:07Z</time>
   </trkpt>
   <trkpt lat="43.6563830" lon="-79.3886710">
    <ele>96.4</ele>
    <time>2020-06-13T14:51:08Z</time>
   </trkpt>
   <trkpt lat="43.6563820" lon="-79.3886700">
    <ele>96.4</ele>
    <time>2020-06-13T14:51:09Z</time>
   </trkpt>
   <trkpt lat="43.6563810" lon="-79.3886680">
    <ele>96.4</ele>
    <time>2020-06-13T14:51:10Z</time>
   </trkpt>
   <trkpt lat="43.6563790" lon="-79.3886670">
    <ele>96.4</ele>
    <time>2020-06-13T14:51:11Z</time>
   </trkpt>
   <trkpt lat="43.6563780" lon="-79.3886660">
    <ele>96.4</ele>
    <time>2020-06-13T14:51:12Z</time>
   </trkpt>
   <trkpt lat="43.6563760" lon="-79.3886650">
    <ele>96.4</ele>
    <time>2020-06-13T14:51:13Z</time>
   </trkpt>
   <trkpt lat="43.6563750" lon="-79.3886640">
    <ele>96.4</ele>
    <time>2020-06-13T14:51:14Z</time>
   </trkpt>
   <trkpt lat="43.6563740" lon="-79.3886630">
    <ele>96.4</ele>
    <time>2020-06-13T14:51:15Z</time>
   </trkpt>
   <trkpt lat="43.6563720" lon="-79.3886620">
    <ele>96.4</ele>
    <time>2020-06-13T14:51:16Z</time>
   </trkpt>
   <trkpt lat="43.6563710" lon="-79.3886610">
    <ele>96.4</ele>
    <time>2020-06-13T14:51:17Z</time>
   </trkpt>
   <trkpt lat="43.6563700" lon="-79.3886590">
    <ele>96.4</ele>
    <time>2020-06-13T14:51:18Z</time>
   </trkpt>
   <trkpt lat="43.6563680" lon="-79.3886580">
    <ele>96.4</ele>
    <time>2020-06-13T14:51:19Z</time>
   </trkpt>
   <trkpt lat="43.6563670" lon="-79.3886570">
    <ele>96.3</ele>
    <time>2020-06-13T14:51:20Z</time>
   </trkpt>
   <trkpt lat="43.6563650" lon="-79.3886560">
    <ele>96.3</ele>
    <time>2020-06-13T14:51:21Z</time>
   </trkpt>
   <trkpt lat="43.6563640" lon="-79.3886550">
    <ele>96.3</ele>
    <time>2020-06-13T14:51:22Z</time>
   </trkpt>
   <trkpt lat="43.6563630" lon="-79.3886540">
    <ele>96.3</ele>
    <time>2020-06-13T14:51:23Z</time>
   </trkpt>
   <trkpt lat="43.6563610" lon="-79.3886530">
    <ele>96.3</ele>
    <time>2020-06-13T14:51:24Z</time>
   </trkpt>
   <trkpt lat="43.6563600" lon="-79.3886520">
    <ele>96.3</ele>
    <time>2020-06-13T14:51:25Z</time>
   </trkpt>
   <trkpt lat="43.6563590" lon="-79.3886500">
    <ele>96.3</ele>
    <time>2020-06-13T14:51:26Z</time>
   </trkpt>
   <trkpt lat="43.6563570" lon="-79.3886490">
    <ele>96.3</ele>
    <time>2020-06-13T14:51:27Z</time>
   </trkpt>
   <trkpt lat="43.6563560" lon="-79.3886480">
    <ele>96.3</ele>
    <time>2020-06-13T14:51:28Z</time>
   </trkpt>
   <trkpt lat="43.6563540" lon="-79.3886470">
    <ele>96.3</ele>
    <time>2020-06-13T14:51:29Z</time>
   </trkpt>
   <trkpt lat="43.6563530" lon="-79.3886460">
    <ele>96.3</ele>
    <time>2020-06-13T14:51:30Z</time>
   </trkpt>
   <trkpt lat="43.6563290" lon="-79.3886540">
    <ele>96.1</ele>
    <time>2020-06-13T14:51:31Z</time>
   </trkpt>
   <trkpt lat="43.6563160" lon="-79.3886560">
    <ele>96.0</ele>
    <time>2020-06-13T14:51:32Z</time>
   </trkpt>
   <trkpt lat="43.6562960" lon="-79.3886520">
    <ele>96.0</ele>
    <time>2020-06-13T14:51:33Z</time>
   </trkpt>
   <trkpt lat="43.6562830" lon="-79.3886460">
    <ele>96.0</ele>
    <time>2020-06-13T14:51:34Z</time>
   </trkpt>
   <trkpt lat="43.6562460" lon="-79.3886380">
    <ele>95.9</ele>
    <time>2020-06-13T14:51:35Z</time>
   </trkpt>
   <trkpt lat="43.6562340" lon="-79.3886330">
    <ele>95.9</ele>
    <time>2020-06-13T14:51:36Z</time>
   </trkpt>
   <trkpt lat="43.6562110" lon="-79.3886090">
    <ele>95.9</ele>
    <time>2020-06-13T14:51:37Z</time>
   </trkpt>
   <trkpt lat="43.6562030" lon="-79.3886130">
    <ele>95.9</ele>
    <time>2020-06-13T14:51:38Z</time>
   </trkpt>
   <trkpt lat="43.6561800" lon="-79.3885930">
    <ele>95.8</ele>
    <time>2020-06-13T14:51:39Z</time>
   </trkpt>
   <trkpt lat="43.6561580" lon="-79.3885640">
    <ele>95.8</ele>
    <time>2020-06-13T14:51:40Z</time>
   </trkpt>
   <trkpt lat="43.6561320" lon="-79.3885290">
    <ele>95.7</ele>
    <time>2020-06-13T14:51:41Z</time>
   </trkpt>
   <trkpt lat="43.6561230" lon="-79.3885170">
    <ele>95.7</ele>
    <time>2020-06-13T14:51:42Z</time>
   </trkpt>
   <trkpt lat="43.6560910" lon="-79.3885170">
    <ele>95.6</ele>
    <time>2020-06-13T14:51:43Z</time>
   </trkpt>
   <trkpt lat="43.6560390" lon="-79.3884960">
    <ele>95.6</ele>
    <time>2020-06-13T14:51:44Z</time>
   </trkpt>
   <trkpt lat="43.6559910" lon="-79.3884780">
    <ele>95.5</ele>
    <time>2020-06-13T14:51:45Z</time>
   </trkpt>
   <trkpt lat="43.6559550" lon="-79.3884810">
    <ele>95.4</ele>
    <time>2020-06-13T14:51:46Z</time>
   </trkpt>
   <trkpt lat="43.6559230" lon="-79.3884870">
    <ele>95.3</ele>
    <time>2020-06-13T14:51:47Z</time>
   </trkpt>
   <trkpt lat="43.6558870" lon="-79.3884860">
    <ele>95.3</ele>
    <time>2020-06-13T14:51:48Z</time>
   </trkpt>
   <trkpt lat="43.6558490" lon="-79.3884810">
    <ele>95.2</ele>
    <time>2020-06-13T14:51:49Z</time>
   </trkpt>
   <trkpt lat="43.6558240" lon="-79.3884680">
    <ele>95.2</ele>
    <time>2020-06-13T14:51:50Z</time>
   </trkpt>
   <trkpt lat="43.6557710" lon="-79.3884250">
    <ele>95.1</ele>
    <time>2020-06-13T14:51:51Z</time>
   </trkpt>
   <trkpt lat="43.6557490" lon="-79.3884070">
    <ele>95.0</ele>
    <time>2020-06-13T14:51:52Z</time>
   </trkpt>
   <trkpt lat="43.6557280" lon="-79.3883900">
    <ele>95.0</ele>
    <time>2020-06-13T14:51:53Z</time>
   </trkpt>
   <trkpt lat="43.6557060" lon="-79.3883730">
    <ele>94.9</ele>
    <time>2020-06-13T14:51:54Z</time>
   </trkpt>
   <trkpt lat="43.6556730" lon="-79.3883670">
    <ele>94.9</ele>
    <time>2020-06-13T14:51:55Z</time>
   </trkpt>
   <trkpt lat="43.6556400" lon="-79.3883560">
    <ele>94.9</ele>
    <time>2020-06-13T14:51:56Z</time>
   </trkpt>
   <trkpt lat="43.6556280" lon="-79.3883510">
    <ele>94.8</ele>
    <time>2020-06-13T14:51:57Z</time>
   </trkpt>
   <trkpt lat="43.6555960" lon="-79.3883590">
    <ele>94.8</ele>
    <time>2020-06-13T14:51:58Z</time>
   </trkpt>
   <trkpt lat="43.6555810" lon="-79.3883630">
    <ele>94.8</ele>
    <time>2020-06-13T14:51:59Z</time>
   </trkpt>
   <trkpt lat="43.6555650" lon="-79.3883680">
    <ele>94.8</ele>
    <time>2020-06-13T14:52:00Z</time>
   </trkpt>
   <trkpt lat="43.6555340" lon="-79.3883730">
    <ele>94.8</ele>
    <time>2020-06-13T14:52:01Z</time>
   </trkpt>
   <trkpt lat="43.6554940" lon="-79.3883930">
    <ele>94.9</ele>
    <time>2020-06-13T14:52:02Z</time>
   </trkpt>
   <trkpt lat="43.6554800" lon="-79.3884010">
    <ele>94.9</ele>
    <time>2020-06-13T14:52:03Z</time>
   </trkpt>
   <trkpt lat="43.6554420" lon="-79.3883810">
    <ele>94.9</ele>
    <time>2020-06-13T14:52:04Z</time>
   </trkpt>
   <trkpt lat="43.6554280" lon="-79.3883690">
    <ele>94.9</ele>
    <time>2020-06-13T14:52:05Z</time>
   </trkpt>
   <trkpt lat="43.6553350" lon="-79.3884870">
    <ele>94.9</ele>
    <time>2020-06-13T14:52:06Z</time>
   </trkpt>
   <trkpt lat="43.6553050" lon="-79.3884750">
    <ele>94.8</ele>
    <time>2020-06-13T14:52:07Z</time>
   </trkpt>
   <trkpt lat="43.6552630" lon="-79.3884440">
    <ele>94.8</ele>
    <time>2020-06-13T14:52:08Z</time>
   </trkpt>
   <trkpt lat="43.6552430" lon="-79.3884320">
    <ele>94.8</ele>
    <time>2020-06-13T14:52:09Z</time>
   </trkpt>
   <trkpt lat="43.6552120" lon="-79.3884080">
    <ele>94.7</ele>
    <time>2020-06-13T14:52:10Z</time>
   </trkpt>
   <trkpt lat="43.6551740" lon="-79.3883910">
    <ele>94.7</ele>
    <time>2020-06-13T14:52:11Z</time>
   </trkpt>
   <trkpt lat="43.6551600" lon="-79.3883860">
    <ele>94.7</ele>
    <time>2020-06-13T14:52:12Z</time>
   </trkpt>
   <trkpt lat="43.6551320" lon="-79.3883690">
    <ele>94.7</ele>
    <time>2020-06-13T14:52:13Z</time>
   </trkpt>
   <trkpt lat="43.6551000" lon="-79.3883420">
    <ele>94.6</ele>
    <time>2020-06-13T14:52:14Z</time>
   </trkpt>
   <trkpt lat="43.6550720" lon="-79.3883280">
    <ele>94.6</ele>
    <time>2020-06-13T14:52:15Z</time>
   </trkpt>
   <trkpt lat="43.6550620" lon="-79.3883280">
    <ele>94.6</ele>
    <time>2020-06-13T14:52:16Z</time>
   </trkpt>
   <trkpt lat="43.6550380" lon="-79.3882960">
    <ele>94.6</ele>
    <time>2020-06-13T14:52:17Z</time>
   </trkpt>
   <trkpt lat="43.6550320" lon="-79.3882900">
    <ele>94.6</ele>
    <time>2020-06-13T14:52:18Z</time>
   </trkpt>
   <trkpt lat="43.6550140" lon="-79.3882800">
    <ele>94.6</ele>
    <time>2020-06-13T14:52:19Z</time>
   </trkpt>
   <trkpt lat="43.6549990" lon="-79.3882840">
    <ele>94.6</ele>
    <time>2020-06-13T14:52:20Z</time>
   </trkpt>
   <trkpt lat="43.6549700" lon="-79.3882720">
    <ele>94.6</ele>
    <time>2020-06-13T14:52:21Z</time>
   </trkpt>
   <trkpt lat="43.6549490" lon="-79.3882660">
    <ele>94.6</ele>
    <time>2020-06-13T14:52:22Z</time>
   </trkpt>
   <trkpt lat="43.6549370" lon="-79.3882610">
    <ele>94.6</ele>
    <time>2020-06-13T14:52:23Z</time>
   </trkpt>
   <trkpt lat="43.6549250" lon="-79.3882570">
    <ele>94.6</ele>
    <time>2020-06-13T14:52:24Z</time>
   </trkpt>
   <trkpt lat="43.6548920" lon="-79.3882450">
    <ele>94.5</ele>
    <time>2020-06-13T14:52:25Z</time>
   </trkpt>
   <trkpt lat="43.6548780" lon="-79.3882390">
    <ele>94.5</ele>
    <time>2020-06-13T14:52:26Z</time>
   </trkpt>
   <trkpt lat="43.6548650" lon="-79.3882360">
    <ele>94.5</ele>
    <time>2020-06-13T14:52:27Z</time>
   </trkpt>
   <trkpt lat="43.6548630" lon="-79.3882340">
    <ele>94.5</ele>
    <time>2020-06-13T14:52:28Z</time>
   </trkpt>
   <trkpt lat="43.6548620" lon="-79.3882330">
    <ele>94.5</ele>
    <time>2020-06-13T14:52:29Z</time>
   </trkpt>
   <trkpt lat="43.6548600" lon="-79.3882310">
    <ele>94.5</ele>
    <time>2020-06-13T14:52:30Z</time>
   </trkpt>
   <trkpt lat="43.6548590" lon="-79.3882300">
    <ele>94.5</ele>
    <time>2020-06-13T14:52:31Z</time>
   </trkpt>
   <trkpt lat="43.6548580" lon="-79.3882280">
    <ele>94.5</ele>
    <time>2020-06-13T14:52:32Z</time>
   </trkpt>
   <trkpt lat="43.6548560" lon="-79.3882270">
    <ele>94.5</ele>
    <time>2020-06-13T14:52:33Z</time>
   </trkpt>
   <trkpt lat="43.6548550" lon="-79.3882250">
    <ele>94.5</ele>
    <time>2020-06-13T14:52:34Z</time>
   </trkpt>
   <trkpt lat="43.6548530" lon="-79.3882240">
    <ele>94.5</ele>
    <time>2020-06-13T14:52:35Z</time>
   </trkpt>
   <trkpt lat="43.6548520" lon="-79.3882220">
    <ele>94.5</ele>
    <time>2020-06-13T14:52:36Z</time>
   </trkpt>
   <trkpt lat="43.6548500" lon="-79.3882210">
    <ele>94.5</ele>
    <time>2020-06-13T14:52:37Z</time>
   </trkpt>
   <trkpt lat="43.6548490" lon="-79.3882190">
    <ele>94.5</ele>
    <time>2020-06-13T14:52:38Z</time>
   </trkpt>
   <trkpt lat="43.6548480" lon="-79.3882180">
    <ele>94.5</ele>
    <time>2020-06-13T14:52:39Z</time>
   </trkpt>
   <trkpt lat="43.6548460" lon="-79.3882160">
    <ele>94.5</ele>
    <time>2020-06-13T14:52:40Z</time>
   </trkpt>
   <trkpt lat="43.6548450" lon="-79.3882150">
    <ele>94.5</ele>
    <time>2020-06-13T14:52:41Z</time>
   </trkpt>
   <trkpt lat="43.6548430" lon="-79.3882130">
    <ele>94.5</ele>
    <time>2020-06-13T14:52:42Z</time>
   </trkpt>
   <trkpt lat="43.6548420" lon="-79.3882120">
    <ele>94.5</ele>
    <time>2020-06-13T14:52:43Z</time>
   </trkpt>
   <trkpt lat="43.6548100" lon="-79.3881940">
    <ele>94.4</ele>
    <time>2020-06-13T14:52:44Z</time>
   </trkpt>
   <trkpt lat="43.6547980" lon="-79.3881860">
    <ele>94.4</ele>
    <time>2020-06-13T14:52:45Z</time>
   </trkpt>
   <trkpt lat="43.6547620" lon="-79.3881750">
    <ele>94.3</ele>
    <time>2020-06-13T14:52:46Z</time>
   </trkpt>
   <trkpt lat="43.6547440" lon="-79.3881770">
    <ele>94.3</ele>
    <time>2020-06-13T14:52:47Z</time>
   </trkpt>
   <trkpt lat="43.6547180" lon="-79.3881600">
    <ele>94.3</ele>
    <time>2020-06-13T14:52:48Z</time>
   </trkpt>
   <trkpt lat="43.6546880" lon="-79.3881400">
    <ele>94.2</ele>
    <time>2020-06-13T14:52:49Z</time>
   </trkpt>
   <trkpt lat="43.6546580" lon="-79.3881330">
    <ele>94.2</ele>
    <time>2020-06-13T14:52:50Z</time>
   </trkpt>
   <trkpt lat="43.6546200" lon="-79.3881230">
    <ele>94.1</ele>
    <time>2020-06-13T14:52:51Z</time>
   </trkpt>
   <trkpt lat="43.6545830" lon="-79.3881160">
    <ele>94.0</ele>
    <time>2020-06-13T14:52:52Z</time>
   </trkpt>
   <trkpt lat="43.6545460" lon="-79.3881000">
    <ele>94.0</ele>
    <time>2020-06-13T14:52:53Z</time>
   </trkpt>
   <trkpt lat="43.6545090" lon="-79.3881110">
    <ele>93.9</ele>
    <time>2020-06-13T14:52:54Z</time>
   </trkpt>
   <trkpt lat="43.6544830" lon="-79.3880970">
    <ele>93.9</ele>
    <time>2020-06-13T14:52:55Z</time>
   </trkpt>
   <trkpt lat="43.6544320" lon="-79.3880890">
    <ele>93.8</ele>
    <time>2020-06-13T14:52:56Z</time>
   </trkpt>
   <trkpt lat="43.6543690" lon="-79.3880760">
    <ele>93.7</ele>
    <time>2020-06-13T14:52:57Z</time>
   </trkpt>
   <trkpt lat="43.6543390" lon="-79.3880740">
    <ele>93.6</ele>
    <time>2020-06-13T14:52:58Z</time>
   </trkpt>
   <trkpt lat="43.6543290" lon="-79.3880690">
    <ele>93.6</ele>
    <time>2020-06-13T14:52:59Z</time>
   </trkpt>
   <trkpt lat="43.6542910" lon="-79.3880520">
    <ele>93.6</ele>
    <time>2020-06-13T14:53:00Z</time>
   </trkpt>
   <trkpt lat="43.6542740" lon="-79.3880410">
    <ele>93.6</ele>
    <time>2020-06-13T14:53:01Z</time>
   </trkpt>
   <trkpt lat="43.6542470" lon="-79.3880280">
    <ele>93.5</ele>
    <time>2020-06-13T14:53:02Z</time>
   </trkpt>
   <trkpt lat="43.6542180" lon="-79.3880160">
    <ele>93.5</ele>
    <time>2020-06-13T14:53:03Z</time>
   </trkpt>
   <trkpt lat="43.6541840" lon="-79.3880010">
    <ele>93.5</ele>
    <time>2020-06-13T14:53:04Z</time>
   </trkpt>
   <trkpt lat="43.6541710" lon="-79.3879940">
    <ele>93.5</ele>
    <time>2020-06-13T14:53:05Z</time>
   </trkpt>
   <trkpt lat="43.6541400" lon="-79.3879760">
    <ele>93.4</ele>
    <time>2020-06-13T14:53:06Z</time>
   </trkpt>
   <trkpt lat="43.6541030" lon="-79.3879540">
    <ele>93.4</ele>
    <time>2020-06-13T14:53:07Z</time>
   </trkpt>
   <trkpt lat="43.6540860" lon="-79.3879530">
    <ele>93.4</ele>
    <time>2020-06-13T14:53:08Z</time>
   </trkpt>
   <trkpt lat="43.6540480" lon="-79.3879430">
    <ele>93.3</ele>
    <time>2020-06-13T14:53:09Z</time>
   </trkpt>
   <trkpt lat="43.6540110" lon="-79.3879290">
    <ele>93.3</ele>
    <time>2020-06-13T14:53:10Z</time>
   </trkpt>
   <trkpt lat="43.6539790" lon="-79.3879110">
    <ele>93.3</ele>
    <time>2020-06-13T14:53:11Z</time>
   </trkpt>
   <trkpt lat="43.6539490" lon="-79.3878920">
    <ele>93.2</ele>
    <time>2020-06-13T14:53:12Z</time>
   </trkpt>
   <trkpt lat="43.6539220" lon="-79.3878780">
    <ele>93.2</ele>
    <time>2020-06-13T14:53:13Z</time>
   </trkpt>
   <trkpt lat="43.6538860" lon="-79.3878730">
    <ele>93.2</ele>
    <time>2020-06-13T14:53:14Z</time>
   </trkpt>
   <trkpt lat="43.6538340" lon="-79.3878710">
    <ele>93.1</ele>
    <time>2020-06-13T14:53:15Z</time>
   </trkpt>
   <trkpt lat="43.6538110" lon="-79.3878500">
    <ele>93.1</ele>
    <time>2020-06-13T14:53:16Z</time>
   </trkpt>
   <trkpt lat="43.6537770" lon="-79.3878150">
    <ele>93.1</ele>
    <time>2020-06-13T14:53:17Z</time>
   </trkpt>
   <trkpt lat="43.6537440" lon="-79.3877910">
    <ele>93.1</ele>
    <time>2020-06-13T14:53:18Z</time>
   </trkpt>
   <trkpt lat="43.6537190" lon="-79.3877800">
    <ele>93.1</ele>
    <time>2020-06-13T14:53:19Z</time>
   </trkpt>
   <trkpt lat="43.6536900" lon="-79.3877810">
    <ele>93.1</ele>
    <time>2020-06-13T14:53:20Z</time>
   </trkpt>
   <trkpt lat="43.6536510" lon="-79.3877730">
    <ele>93.1</ele>
    <time>2020-06-13T14:53:21Z</time>
   </trkpt>
   <trkpt lat="43.6536120" lon="-79.3877680">
    <ele>93.1</ele>
    <time>2020-06-13T14:53:22Z</time>
   </trkpt>
   <trkpt lat="43.6535860" lon="-79.3877480">
    <ele>93.2</ele>
    <time>2020-06-13T14:53:23Z</time>
   </trkpt>
   <trkpt lat="43.6535600" lon="-79.3877320">
    <ele>93.2</ele>
    <time>2020-06-13T14:53:24Z</time>
   </trkpt>
   <trkpt lat="43.6535260" lon="-79.3877350">
    <ele>93.3</ele>
    <time>2020-06-13T14:53:25Z</time>
   </trkpt>
   <trkpt lat="43.6534850" lon="-79.3877020">
    <ele>93.4</ele>
    <time>2020-06-13T14:53:26Z</time>
   </trkpt>
   <trkpt lat="43.6534640" lon="-79.3876930">
    <ele>93.4</ele>
    <time>2020-06-13T14:53:27Z</time>
   </trkpt>
   <trkpt lat="43.6534320" lon="-79.3876750">
    <ele>93.5</ele>
    <time>2020-06-13T14:53:28Z</time>
   </trkpt>
   <trkpt lat="43.6534200" lon="-79.3876690">
    <ele>93.5</ele>
    <time>2020-06-13T14:53:29Z</time>
   </trkpt>
   <trkpt lat="43.6533970" lon="-79.3876490">
    <ele>93.6</ele>
    <time>2020-06-13T14:53:30Z</time>
   </trkpt>
   <trkpt lat="43.6533750" lon="-79.3876070">
    <ele>93.6</ele>
    <time>2020-06-13T14:53:31Z</time>
   </trkpt>
   <trkpt lat="43.6533650" lon="-79.3875940">
    <ele>93.7</ele>
    <time>2020-06-13T14:53:32Z</time>
   </trkpt>
   <trkpt lat="43.6533330" lon="-79.3875610">
    <ele>93.8</ele>
    <time>2020-06-13T14:53:33Z</time>
   </trkpt>
   <trkpt lat="43.6533190" lon="-79.3875270">
    <ele>93.8</ele>
    <time>2020-06-13T14:53:34Z</time>
   </trkpt>
   <trkpt lat="43.6533120" lon="-79.3875170">
    <ele>93.8</ele>
    <time>2020-06-13T14:53:35Z</time>
   </trkpt>
   <trkpt lat="43.6532870" lon="-79.3874870">
    <ele>93.9</ele>
    <time>2020-06-13T14:53:36Z</time>
   </trkpt>
   <trkpt lat="43.6532780" lon="-79.3874800">
    <ele>93.9</ele>
    <time>2020-06-13T14:53:37Z</time>
   </trkpt>
   <trkpt lat="43.6532370" lon="-79.3874510">
    <ele>94.0</ele>
    <time>2020-06-13T14:53:38Z</time>
   </trkpt>
   <trkpt lat="43.6532140" lon="-79.3874450">
    <ele>94.0</ele>
    <time>2020-06-13T14:53:39Z</time>
   </trkpt>
   <trkpt lat="43.6531880" lon="-79.3874290">
    <ele>94.0</ele>
    <time>2020-06-13T14:53:40Z</time>
   </trkpt>
   <trkpt lat="43.6531600" lon="-79.3874230">
    <ele>94.0</ele>
    <time>2020-06-13T14:53:41Z</time>
   </trkpt>
   <trkpt lat="43.6531270" lon="-79.3874080">
    <ele>93.9</ele>
    <time>2020-06-13T14:53:42Z</time>
   </trkpt>
   <trkpt lat="43.6531160" lon="-79.3874020">
    <ele>93.9</ele>
    <time>2020-06-13T14:53:43Z</time>
   </trkpt>
   <trkpt lat="43.6530770" lon="-79.3873800">
    <ele>93.8</ele>
    <time>2020-06-13T14:53:44Z</time>
   </trkpt>
   <trkpt lat="43.6530560" lon="-79.3873760">
    <ele>93.8</ele>
    <time>2020-06-13T14:53:45Z</time>
   </trkpt>
   <trkpt lat="43.6530300" lon="-79.3873570">
    <ele>93.7</ele>
    <time>2020-06-13T14:53:46Z</time>
   </trkpt>
   <trkpt lat="43.6530220" lon="-79.3873530">
    <ele>93.7</ele>
    <time>2020-06-13T14:53:47Z</time>
   </trkpt>
   <trkpt lat="43.6529990" lon="-79.3873260">
    <ele>93.7</ele>
    <time>2020-06-13T14:53:48Z</time>
   </trkpt>
   <trkpt lat="43.6529880" lon="-79.3873150">
    <ele>93.6</ele>
    <time>2020-06-13T14:53:49Z</time>
   </trkpt>
   <trkpt lat="43.6529530" lon="-79.3872930">
    <ele>93.6</ele>
    <time>2020-06-13T14:53:50Z</time>
   </trkpt>
   <trkpt lat="43.6529370" lon="-79.3872880">
    <ele>93.6</ele>
    <time>2020-06-13T14:53:51Z</time>
   </trkpt>
   <trkpt lat="43.6529070" lon="-79.3872820">
    <ele>93.5</ele>
    <time>2020-06-13T14:53:52Z</time>
   </trkpt>
   <trkpt lat="43.6528940" lon="-79.3872790">
    <ele>93.5</ele>
    <time>2020-06-13T14:53:53Z</time>
   </trkpt>
   <trkpt lat="43.6528640" lon="-79.3872610">
    <ele>93.4</ele>
    <time>2020-06-13T14:53:54Z</time>
   </trkpt>
   <trkpt lat="43.6528540" lon="-79.3872570">
    <ele>93.4</ele>
    <time>2020-06-13T14:53:55Z</time>
   </trkpt>
   <trkpt lat="43.6528140" lon="-79.3872330">
    <ele>93.3</ele>
    <time>2020-06-13T14:53:56Z</time>
   </trkpt>
   <trkpt lat="43.6527980" lon="-79.3872190">
    <ele>93.3</ele>
    <time>2020-06-13T14:53:57Z</time>
   </trkpt>
   <trkpt lat="43.6527520" lon="-79.3871990">
    <ele>93.2</ele>
    <time>2020-06-13T14:53:58Z</time>
   </trkpt>
   <trkpt lat="43.6527210" lon="-79.3871800">
    <ele>93.2</ele>
    <time>2020-06-13T14:53:59Z</time>
   </trkpt>
   <trkpt lat="43.6526890" lon="-79.3871570">
    <ele>93.1</ele>
    <time>2020-06-13T14:54:00Z</time>
   </trkpt>
   <trkpt lat="43.6526620" lon="-79.3871370">
    <ele>93.0</ele>
    <time>2020-06-13T14:54:01Z</time>
   </trkpt>
   <trkpt lat="43.6526350" lon="-79.3871210">
    <ele>93.0</ele>
    <time>2020-06-13T14:54:02Z</time>
   </trkpt>
   <trkpt lat="43.6526040" lon="-79.3871060">
    <ele>92.9</ele>
    <time>2020-06-13T14:54:03Z</time>
   </trkpt>
   <trkpt lat="43.6525680" lon="-79.3871050">
    <ele>92.9</ele>
    <time>2020-06-13T14:54:04Z</time>
   </trkpt>
   <trkpt lat="43.6525540" lon="-79.3871020">
    <ele>92.8</ele>
    <time>2020-06-13T14:54:05Z</time>
   </trkpt>
   <trkpt lat="43.6525220" lon="-79.3870810">
    <ele>92.8</ele>
    <time>2020-06-13T14:54:06Z</time>
   </trkpt>
   <trkpt lat="43.6524940" lon="-79.3870640">
    <ele>92.8</ele>
    <time>2020-06-13T14:54:07Z</time>
   </trkpt>
   <trkpt lat="43.6524620" lon="-79.3870460">
    <ele>92.7</ele>
    <time>2020-06-13T14:54:08Z</time>
   </trkpt>
   <trkpt lat="43.6524320" lon="-79.3870280">
    <ele>92.7</ele>
    <time>2020-06-13T14:54:09Z</time>
   </trkpt>
   <trkpt lat="43.6523880" lon="-79.3870120">
    <ele>92.7</ele>
    <time>2020-06-13T14:54:10Z</time>
   </trkpt>
   <trkpt lat="43.6523530" lon="-79.3869950">
    <ele>92.6</ele>
    <time>2020-06-13T14:54:11Z</time>
   </trkpt>
   <trkpt lat="43.6523400" lon="-79.3869890">
    <ele>92.6</ele>
    <time>2020-06-13T14:54:12Z</time>
   </trkpt>
   <trkpt lat="43.6522980" lon="-79.3869680">
    <ele>92.4</ele>
    <time>2020-06-13T14:54:13Z</time>
   </trkpt>
   <trkpt lat="43.6522790" lon="-79.3869600">
    <ele>92.4</ele>
    <time>2020-06-13T14:54:14Z</time>
   </trkpt>
   <trkpt lat="43.6522500" lon="-79.3869360">
    <ele>92.3</ele>
    <time>2020-06-13T14:54:15Z</time>
   </trkpt>
   <trkpt lat="43.6522380" lon="-79.3869270">
    <ele>92.3</ele>
    <time>2020-06-13T14:54:16Z</time>
   </trkpt>
   <trkpt lat="43.6522130" lon="-79.3869110">
    <ele>92.2</ele>
    <time>2020-06-13T14:54:17Z</time>
   </trkpt>
   <trkpt lat="43.6522020" lon="-79.3869090">
    <ele>92.2</ele>
    <time>2020-06-13T14:54:18Z</time>
   </trkpt>
   <trkpt lat="43.6521940" lon="-79.3869000">
    <ele>92.2</ele>
    <time>2020-06-13T14:54:19Z</time>
   </trkpt>
   <trkpt lat="43.6521760" lon="-79.3868920">
    <ele>92.2</ele>
    <time>2020-06-13T14:54:20Z</time>
   </trkpt>
   <trkpt lat="43.6521610" lon="-79.3868880">
    <ele>92.1</ele>
    <time>2020-06-13T14:54:21Z</time>
   </trkpt>
   <trkpt lat="43.6521420" lon="-79.3868800">
    <ele>92.1</ele>
    <time>2020-06-13T14:54:22Z</time>
   </trkpt>
   <trkpt lat="43.6521280" lon="-79.3868760">
    <ele>92.1</ele>
    <time>2020-06-13T14:54:23Z</time>
   </trkpt>
   <trkpt lat="43.6521110" lon="-79.3868710">
    <ele>92.1</ele>
    <time>2020-06-13T14:54:24Z</time>
   </trkpt>
   <trkpt lat="43.6520770" lon="-79.3868760">
    <ele>92.0</ele>
    <time>2020-06-13T14:54:25Z</time>
   </trkpt>
   <trkpt lat="43.6520640" lon="-79.3868770">
    <ele>92.0</ele>
    <time>2020-06-13T14:54:26Z</time>
   </trkpt>
   <trkpt lat="43.6520260" lon="-79.3868770">
    <ele>91.9</ele>
    <time>2020-06-13T14:54:27Z</time>
   </trkpt>
   <trkpt lat="43.6520110" lon="-79.3868780">
    <ele>91.9</ele>
    <time>2020-06-13T14:54:28Z</time>
   </trkpt>
   <trkpt lat="43.6519830" lon="-79.3868710">
    <ele>91.8</ele>
    <time>2020-06-13T14:54:29Z</time>
   </trkpt>
   <trkpt lat="43.6519510" lon="-79.3868700">
    <ele>91.8</ele>
    <time>2020-06-13T14:54:30Z</time>
   </trkpt>
   <trkpt lat="43.6519430" lon="-79.3868670">
    <ele>91.8</ele>
    <time>2020-06-13T14:54:31Z</time>
   </trkpt>
   <trkpt lat="43.6519130" lon="-79.3868680">
    <ele>91.7</ele>
    <time>2020-06-13T14:54:32Z</time>
   </trkpt>
   <trkpt lat="43.6518740" lon="-79.3868650">
    <ele>91.7</ele>
    <time>2020-06-13T14:54:33Z</time>
   </trkpt>
   <trkpt lat="43.6518580" lon="-79.3868610">
    <ele>91.6</ele>
    <time>2020-06-13T14:54:34Z</time>
   </trkpt>
   <trkpt lat="43.6518310" lon="-79.3868490">
    <ele>91.6</ele>
    <time>2020-06-13T14:54:35Z</time>
   </trkpt>
   <trkpt lat="43.6518060" lon="-79.3868320">
    <ele>91.5</ele>
    <time>2020-06-13T14:54:36Z</time>
   </trkpt>
   <trkpt lat="43.6517790" lon="-79.3868150">
    <ele>91.5</ele>
    <time>2020-06-13T14:54:37Z</time>
   </trkpt>
   <trkpt lat="43.6517480" lon="-79.3868040">
    <ele>91.4</ele>
    <time>2020-06-13T14:54:38Z</time>
   </trkpt>
   <trkpt lat="43.6517090" lon="-79.3868000">
    <ele>91.3</ele>
    <time>2020-06-13T14:54:39Z</time>
   </trkpt>
   <trkpt lat="43.6516950" lon="-79.3867990">
    <ele>91.3</ele>
    <time>2020-06-13T14:54:40Z</time>
   </trkpt>
   <trkpt lat="43.6516570" lon="-79.3868010">
    <ele>91.2</ele>
    <time>2020-06-13T14:54:41Z</time>
   </trkpt>
   <trkpt lat="43.6516440" lon="-79.3868010">
    <ele>91.2</ele>
    <time>2020-06-13T14:54:42Z</time>
   </trkpt>
   <trkpt lat="43.6516030" lon="-79.3867970">
    <ele>91.1</ele>
    <time>2020-06-13T14:54:43Z</time>
   </trkpt>
   <trkpt lat="43.6515850" lon="-79.3867970">
    <ele>91.1</ele>
    <time>2020-06-13T14:54:44Z</time>
   </trkpt>
   <trkpt lat="43.6515540" lon="-79.3867980">
    <ele>91.0</ele>
    <time>2020-06-13T14:54:45Z</time>
   </trkpt>
   <trkpt lat="43.6515210" lon="-79.3867850">
    <ele>91.0</ele>
    <time>2020-06-13T14:54:46Z</time>
   </trkpt>
   <trkpt lat="43.6515080" lon="-79.3867770">
    <ele>90.9</ele>
    <time>2020-06-13T14:54:47Z</time>
   </trkpt>
   <trkpt lat="43.6514630" lon="-79.3867380">
    <ele>90.8</ele>
    <time>2020-06-13T14:54:49Z</time>
   </trkpt>
   <trkpt lat="43.6514460" lon="-79.3867180">
    <ele>90.8</ele>
    <time>2020-06-13T14:54:50Z</time>
   </trkpt>
   <trkpt lat="43.6514120" lon="-79.3866990">
    <ele>90.7</ele>
    <time>2020-06-13T14:54:51Z</time>
   </trkpt>
   <trkpt lat="43.6513930" lon="-79.3866850">
    <ele>90.7</ele>
    <time>2020-06-13T14:54:52Z</time>
   </trkpt>
   <trkpt lat="43.6513810" lon="-79.3866760">
    <ele>90.7</ele>
    <time>2020-06-13T14:54:53Z</time>
   </trkpt>
   <trkpt lat="43.6513430" lon="-79.3866500">
    <ele>90.6</ele>
    <time>2020-06-13T14:54:54Z</time>
   </trkpt>
   <trkpt lat="43.6513280" lon="-79.3866420">
    <ele>90.6</ele>
    <time>2020-06-13T14:54:55Z</time>
   </trkpt>
   <trkpt lat="43.6513000" lon="-79.3866130">
    <ele>90.6</ele>
    <time>2020-06-13T14:54:56Z</time>
   </trkpt>
   <trkpt lat="43.6512640" lon="-79.3865870">
    <ele>90.5</ele>
    <time>2020-06-13T14:54:57Z</time>
   </trkpt>
   <trkpt lat="43.6512350" lon="-79.3865540">
    <ele>90.5</ele>
    <time>2020-06-13T14:54:58Z</time>
   </trkpt>
   <trkpt lat="43.6512220" lon="-79.3865440">
    <ele>90.5</ele>
    <time>2020-06-13T14:54:59Z</time>
   </trkpt>
   <trkpt lat="43.6511850" lon="-79.3865320">
    <ele>90.4</ele>
    <time>2020-06-13T14:55:00Z</time>
   </trkpt>
   <trkpt lat="43.6511720" lon="-79.3865310">
    <ele>90.4</ele>
    <time>2020-06-13T14:55:01Z</time>
   </trkpt>
   <trkpt lat="43.6511340" lon="-79.3865110">
    <ele>90.4</ele>
    <time>2020-06-13T14:55:02Z</time>
   </trkpt>
   <trkpt lat="43.6511170" lon="-79.3865020">
    <ele>90.4</ele>
    <time>2020-06-13T14:55:03Z</time>
   </trkpt>
   <trkpt lat="43.6510890" lon="-79.3864930">
    <ele>90.3</ele>
    <time>2020-06-13T14:55:04Z</time>
   </trkpt>
   <trkpt lat="43.6510810" lon="-79.3864860">
    <ele>90.3</ele>
    <time>2020-06-13T14:55:05Z</time>
   </trkpt>
   <trkpt lat="43.6510660" lon="-79.3864720">
    <ele>90.3</ele>
    <time>2020-06-13T14:55:06Z</time>
   </trkpt>
   <trkpt lat="43.6510570" lon="-79.3864610">
    <ele>90.3</ele>
    <time>2020-06-13T14:55:07Z</time>
   </trkpt>
   <trkpt lat="43.6510360" lon="-79.3864560">
    <ele>90.3</ele>
    <time>2020-06-13T14:55:08Z</time>
   </trkpt>
   <trkpt lat="43.6509700" lon="-79.3864260">
    <ele>90.3</ele>
    <time>2020-06-13T14:55:09Z</time>
   </trkpt>
   <trkpt lat="43.6509550" lon="-79.3864250">
    <ele>90.2</ele>
    <time>2020-06-13T14:55:10Z</time>
   </trkpt>
   <trkpt lat="43.6509530" lon="-79.3864130">
    <ele>90.2</ele>
    <time>2020-06-13T14:55:11Z</time>
   </trkpt>
   <trkpt lat="43.6509480" lon="-79.3864130">
    <ele>90.2</ele>
    <time>2020-06-13T14:55:12Z</time>
   </trkpt>
   <trkpt lat="43.6509380" lon="-79.3864060">
    <ele>90.2</ele>
    <time>2020-06-13T14:55:13Z</time>
   </trkpt>
   <trkpt lat="43.6509270" lon="-79.3863990">
    <ele>90.2</ele>
    <time>2020-06-13T14:55:14Z</time>
   </trkpt>
   <trkpt lat="43.6509090" lon="-79.3863890">
    <ele>90.2</ele>
    <time>2020-06-13T14:55:15Z</time>
   </trkpt>
   <trkpt lat="43.6508730" lon="-79.3863610">
    <ele>90.1</ele>
    <time>2020-06-13T14:55:16Z</time>
   </trkpt>
   <trkpt lat="43.6508300" lon="-79.3863350">
    <ele>90.0</ele>
    <time>2020-06-13T14:55:17Z</time>
   </trkpt>
   <trkpt lat="43.6507970" lon="-79.3863020">
    <ele>89.9</ele>
    <time>2020-06-13T14:55:18Z</time>
   </trkpt>
   <trkpt lat="43.6507400" lon="-79.3862720">
    <ele>89.8</ele>
    <time>2020-06-13T14:55:19Z</time>
   </trkpt>
   <trkpt lat="43.6507060" lon="-79.3862640">
    <ele>89.8</ele>
    <time>2020-06-13T14:55:20Z</time>
   </trkpt>
   <trkpt lat="43.6506720" lon="-79.3862570">
    <ele>89.7</ele>
    <time>2020-06-13T14:55:21Z</time>
   </trkpt>
   <trkpt lat="43.6506340" lon="-79.3862630">
    <ele>89.7</ele>
    <time>2020-06-13T14:55:22Z</time>
   </trkpt>
   <trkpt lat="43.6505910" lon="-79.3862590">
    <ele>89.6</ele>
    <time>2020-06-13T14:55:23Z</time>
   </trkpt>
   <trkpt lat="43.6505300" lon="-79.3862440">
    <ele>89.6</ele>
    <time>2020-06-13T14:55:24Z</time>
   </trkpt>
   <trkpt lat="43.6504940" lon="-79.3862360">
    <ele>89.5</ele>
    <time>2020-06-13T14:55:25Z</time>
   </trkpt>
   <trkpt lat="43.6504690" lon="-79.3862530">
    <ele>89.5</ele>
    <time>2020-06-13T14:55:26Z</time>
   </trkpt>
   <trkpt lat="43.6504350" lon="-79.3862640">
    <ele>89.4</ele>
    <time>2020-06-13T14:55:27Z</time>
   </trkpt>
   <trkpt lat="43.6504050" lon="-79.3862540">
    <ele>89.3</ele>
    <time>2020-06-13T14:55:28Z</time>
   </trkpt>
   <trkpt lat="43.6503450" lon="-79.3862330">
    <ele>89.2</ele>
    <time>2020-06-13T14:55:29Z</time>
   </trkpt>
   <trkpt lat="43.6503080" lon="-79.3862250">
    <ele>89.2</ele>
    <time>2020-06-13T14:55:30Z</time>
   </trkpt>
   <trkpt lat="43.6502110" lon="-79.3861870">
    <ele>89.0</ele>
    <time>2020-06-13T14:55:31Z</time>
   </trkpt>
   <trkpt lat="43.6501640" lon="-79.3862240">
    <ele>89.0</ele>
    <time>2020-06-13T14:55:32Z</time>
   </trkpt>
   <trkpt lat="43.6501280" lon="-79.3862590">
    <ele>88.9</ele>
    <time>2020-06-13T14:55:33Z</time>
   </trkpt>
   <trkpt lat="43.6501340" lon="-79.3862560">
    <ele>88.9</ele>
    <time>2020-06-13T14:55:34Z</time>
   </trkpt>
   <trkpt lat="43.6501250" lon="-79.3862520">
    <ele>88.9</ele>
    <time>2020-06-13T14:55:35Z</time>
   </trkpt>
   <trkpt lat="43.6501260" lon="-79.3862460">
    <ele>88.9</ele>
    <time>2020-06-13T14:55:36Z</time>
   </trkpt>
   <trkpt lat="43.6501250" lon="-79.3862480">
    <ele>88.9</ele>
    <time>2020-06-13T14:55:37Z</time>
   </trkpt>
   <trkpt lat="43.6501250" lon="-79.3862530">
    <ele>88.9</ele>
    <time>2020-06-13T14:55:38Z</time>
   </trkpt>
   <trkpt lat="43.6501190" lon="-79.3862660">
    <ele>88.9</ele>
    <time>2020-06-13T14:55:39Z</time>
   </trkpt>
   <trkpt lat="43.6501130" lon="-79.3862750">
    <ele>88.9</ele>
    <time>2020-06-13T14:55:40Z</time>
   </trkpt>
   <trkpt lat="43.6501130" lon="-79.3862760">
    <ele>88.9</ele>
    <time>2020-06-13T14:55:41Z</time>
   </trkpt>
   <trkpt lat="43.6501120" lon="-79.3862750">
    <ele>88.9</ele>
    <time>2020-06-13T14:55:42Z</time>
   </trkpt>
   <trkpt lat="43.6501120" lon="-79.3862740">
    <ele>88.9</ele>
    <time>2020-06-13T14:55:43Z</time>
   </trkpt>
   <trkpt lat="43.6501120" lon="-79.3862720">
    <ele>88.9</ele>
    <time>2020-06-13T14:55:44Z</time>
   </trkpt>
   <trkpt lat="43.6501120" lon="-79.3862730">
    <ele>88.9</ele>
    <time>2020-06-13T14:55:45Z</time>
   </trkpt>
   <trkpt lat="43.6501120" lon="-79.3862780">
    <ele>88.9</ele>
    <time>2020-06-13T14:55:46Z</time>
   </trkpt>
   <trkpt lat="43.6501040" lon="-79.3862770">
    <ele>88.9</ele>
    <time>2020-06-13T14:55:47Z</time>
   </trkpt>
   <trkpt lat="43.6500990" lon="-79.3862940">
    <ele>88.9</ele>
    <time>2020-06-13T14:55:48Z</time>
   </trkpt>
   <trkpt lat="43.6500980" lon="-79.3862950">
    <ele>88.9</ele>
    <time>2020-06-13T14:55:49Z</time>
   </trkpt>
   <trkpt lat="43.6500990" lon="-79.3862990">
    <ele>88.9</ele>
    <time>2020-06-13T14:55:50Z</time>
   </trkpt>
   <trkpt lat="43.6500990" lon="-79.3863020">
    <ele>88.9</ele>
    <time>2020-06-13T14:55:51Z</time>
   </trkpt>
   <trkpt lat="43.6500990" lon="-79.3863050">
    <ele>88.9</ele>
    <time>2020-06-13T14:55:52Z</time>
   </trkpt>
   <trkpt lat="43.6501000" lon="-79.3863080">
    <ele>88.9</ele>
    <time>2020-06-13T14:55:53Z</time>
   </trkpt>
   <trkpt lat="43.6501010" lon="-79.3863100">
    <ele>88.9</ele>
    <time>2020-06-13T14:55:54Z</time>
   </trkpt>
   <trkpt lat="43.6501120" lon="-79.3863350">
    <ele>89.0</ele>
    <time>2020-06-13T14:55:55Z</time>
   </trkpt>
   <trkpt lat="43.6501220" lon="-79.3863570">
    <ele>89.0</ele>
    <time>2020-06-13T14:55:56Z</time>
   </trkpt>
   <trkpt lat="43.6501310" lon="-79.3863760">
    <ele>89.0</ele>
    <time>2020-06-13T14:55:58Z</time>
   </trkpt>
   <trkpt lat="43.6501320" lon="-79.3863770">
    <ele>89.0</ele>
    <time>2020-06-13T14:55:59Z</time>
   </trkpt>
   <trkpt lat="43.6501320" lon="-79.3863760">
    <ele>89.0</ele>
    <time>2020-06-13T14:56:01Z</time>
   </trkpt>
   <trkpt lat="43.6501320" lon="-79.3863760">
    <ele>89.0</ele>
    <time>2020-06-13T14:56:03Z</time>
   </trkpt>
   <trkpt lat="43.6501520" lon="-79.3863720">
    <ele>89.1</ele>
    <time>2020-06-13T14:56:04Z</time>
   </trkpt>
   <trkpt lat="43.6501510" lon="-79.3864010">
    <ele>89.1</ele>
    <time>2020-06-13T14:56:05Z</time>
   </trkpt>
   <trkpt lat="43.6501240" lon="-79.3864910">
    <ele>89.3</ele>
    <time>2020-06-13T14:56:06Z</time>
   </trkpt>
   <trkpt lat="43.6500950" lon="-79.3865540">
    <ele>89.3</ele>
    <time>2020-06-13T14:56:07Z</time>
   </trkpt>
   <trkpt lat="43.6500670" lon="-79.3866170">
    <ele>89.3</ele>
    <time>2020-06-13T14:56:08Z</time>
   </trkpt>
   <trkpt lat="43.6500380" lon="-79.3866800">
    <ele>89.3</ele>
    <time>2020-06-13T14:56:09Z</time>
   </trkpt>
   <trkpt lat="43.6500090" lon="-79.3867430">
    <ele>89.2</ele>
    <time>2020-06-13T14:56:10Z</time>
   </trkpt>
   <trkpt lat="43.6500020" lon="-79.3867370">
    <ele>89.2</ele>
    <time>2020-06-13T14:56:11Z</time>
   </trkpt>
   <trkpt lat="43.6499930" lon="-79.3867370">
    <ele>89.2</ele>
    <time>2020-06-13T14:56:12Z</time>
   </trkpt>
   <trkpt lat="43.6499840" lon="-79.3867370">
    <ele>89.2</ele>
    <time>2020-06-13T14:56:13Z</time>
   </trkpt>
   <trkpt lat="43.6499750" lon="-79.3867370">
    <ele>89.2</ele>
    <time>2020-06-13T14:56:14Z</time>
   </trkpt>
   <trkpt lat="43.6499660" lon="-79.3867370">
    <ele>89.2</ele>
    <time>2020-06-13T14:56:15Z</time>
   </trkpt>
   <trkpt lat="43.6499680" lon="-79.3866840">
    <ele>89.2</ele>
    <time>2020-06-13T14:56:16Z</time>
   </trkpt>
   <trkpt lat="43.6499680" lon="-79.3866610">
    <ele>89.2</ele>
    <time>2020-06-13T14:56:17Z</time>
   </trkpt>
   <trkpt lat="43.6499910" lon="-79.3866140">
    <ele>89.2</ele>
    <time>2020-06-13T14:56:18Z</time>
   </trkpt>
   <trkpt lat="43.6499950" lon="-79.3866160">
    <ele>89.2</ele>
    <time>2020-06-13T14:56:19Z</time>
   </trkpt>
   <trkpt lat="43.6499980" lon="-79.3866190">
    <ele>89.2</ele>
    <time>2020-06-13T14:56:20Z</time>
   </trkpt>
   <trkpt lat="43.6499990" lon="-79.3866140">
    <ele>89.2</ele>
    <time>2020-06-13T14:56:21Z</time>
   </trkpt>
   <trkpt lat="43.6499980" lon="-79.3866000">
    <ele>89.2</ele>
    <time>2020-06-13T14:56:22Z</time>
   </trkpt>
   <trkpt lat="43.6500030" lon="-79.3865960">
    <ele>89.2</ele>
    <time>2020-06-13T14:56:23Z</time>
   </trkpt>
   <trkpt lat="43.6500110" lon="-79.3865870">
    <ele>89.2</ele>
    <time>2020-06-13T14:56:24Z</time>
   </trkpt>
   <trkpt lat="43.6500030" lon="-79.3866030">
    <ele>89.2</ele>
    <time>2020-06-13T14:56:25Z</time>
   </trkpt>
   <trkpt lat="43.6499940" lon="-79.3866230">
    <ele>89.2</ele>
    <time>2020-06-13T14:56:26Z</time>
   </trkpt>
   <trkpt lat="43.6499740" lon="-79.3866440">
    <ele>89.2</ele>
    <time>2020-06-13T14:56:27Z</time>
   </trkpt>
   <trkpt lat="43.6499420" lon="-79.3866630">
    <ele>89.2</ele>
    <time>2020-06-13T14:56:28Z</time>
   </trkpt>
   <trkpt lat="43.6499330" lon="-79.3866710">
    <ele>89.2</ele>
    <time>2020-06-13T14:56:29Z</time>
   </trkpt>
   <trkpt lat="43.6499090" lon="-79.3866990">
    <ele>89.2</ele>
    <time>2020-06-13T14:56:30Z</time>
   </trkpt>
   <trkpt lat="43.6499000" lon="-79.3867070">
    <ele>89.2</ele>
    <time>2020-06-13T14:56:31Z</time>
   </trkpt>
   <trkpt lat="43.6498710" lon="-79.3867150">
    <ele>89.2</ele>
    <time>2020-06-13T14:56:32Z</time>
   </trkpt>
   <trkpt lat="43.6498560" lon="-79.3867100">
    <ele>89.2</ele>
    <time>2020-06-13T14:56:33Z</time>
   </trkpt>
   <trkpt lat="43.6498260" lon="-79.3866980">
    <ele>89.2</ele>
    <time>2020-06-13T14:56:34Z</time>
   </trkpt>
   <trkpt lat="43.6497960" lon="-79.3866820">
    <ele>89.2</ele>
    <time>2020-06-13T14:56:35Z</time>
   </trkpt>
   <trkpt lat="43.6497900" lon="-79.3866640">
    <ele>89.2</ele>
    <time>2020-06-13T14:56:36Z</time>
   </trkpt>
   <trkpt lat="43.6497660" lon="-79.3865550">
    <ele>89.1</ele>
    <time>2020-06-13T14:56:37Z</time>
   </trkpt>
   <trkpt lat="43.6497440" lon="-79.3864930">
    <ele>89.1</ele>
    <time>2020-06-13T14:56:38Z</time>
   </trkpt>
   <trkpt lat="43.6497250" lon="-79.3864560">
    <ele>89.1</ele>
    <time>2020-06-13T14:56:39Z</time>
   </trkpt>
   <trkpt lat="43.6497050" lon="-79.3864190">
    <ele>89.0</ele>
    <time>2020-06-13T14:56:40Z</time>
   </trkpt>
   <trkpt lat="43.6496990" lon="-79.3864050">
    <ele>89.0</ele>
    <time>2020-06-13T14:56:41Z</time>
   </trkpt>
   <trkpt lat="43.6496730" lon="-79.3863630">
    <ele>89.0</ele>
    <time>2020-06-13T14:56:42Z</time>
   </trkpt>
   <trkpt lat="43.6496370" lon="-79.3863720">
    <ele>88.9</ele>
    <time>2020-06-13T14:56:43Z</time>
   </trkpt>
   <trkpt lat="43.6495950" lon="-79.3863510">
    <ele>88.9</ele>
    <time>2020-06-13T14:56:44Z</time>
   </trkpt>
   <trkpt lat="43.6495660" lon="-79.3863440">
    <ele>88.8</ele>
    <time>2020-06-13T14:56:45Z</time>
   </trkpt>
   <trkpt lat="43.6495160" lon="-79.3863430">
    <ele>88.8</ele>
    <time>2020-06-13T14:56:46Z</time>
   </trkpt>
   <trkpt lat="43.6495080" lon="-79.3863710">
    <ele>88.8</ele>
    <time>2020-06-13T14:56:47Z</time>
   </trkpt>
   <trkpt lat="43.6495020" lon="-79.3863820">
    <ele>88.7</ele>
    <time>2020-06-13T14:56:48Z</time>
   </trkpt>
   <trkpt lat="43.6494970" lon="-79.3863920">
    <ele>88.7</ele>
    <time>2020-06-13T14:56:49Z</time>
   </trkpt>
   <trkpt lat="43.6494420" lon="-79.3863640">
    <ele>88.7</ele>
    <time>2020-06-13T14:56:50Z</time>
   </trkpt>
   <trkpt lat="43.6494340" lon="-79.3863730">
    <ele>88.7</ele>
    <time>2020-06-13T14:56:51Z</time>
   </trkpt>
   <trkpt lat="43.6494310" lon="-79.3863600">
    <ele>88.6</ele>
    <time>2020-06-13T14:56:52Z</time>
   </trkpt>
   <trkpt lat="43.6494370" lon="-79.3863520">
    <ele>88.6</ele>
    <time>2020-06-13T14:56:53Z</time>
   </trkpt>
   <trkpt lat="43.6494320" lon="-79.3863460">
    <ele>88.6</ele>
    <time>2020-06-13T14:56:54Z</time>
   </trkpt>
   <trkpt lat="43.6494290" lon="-79.3863410">
    <ele>88.6</ele>
    <time>2020-06-13T14:56:55Z</time>
   </trkpt>
   <trkpt lat="43.6494140" lon="-79.3863340">
    <ele>88.6</ele>
    <time>2020-06-13T14:56:56Z</time>
   </trkpt>
   <trkpt lat="43.6494020" lon="-79.3863350">
    <ele>88.6</ele>
    <time>2020-06-13T14:56:57Z</time>
   </trkpt>
   <trkpt lat="43.6493980" lon="-79.3863120">
    <ele>88.6</ele>
    <time>2020-06-13T14:56:58Z</time>
   </trkpt>
   <trkpt lat="43.6493970" lon="-79.3863030">
    <ele>88.6</ele>
    <time>2020-06-13T14:56:59Z</time>
   </trkpt>
   <trkpt lat="43.6493950" lon="-79.3862950">
    <ele>88.6</ele>
    <time>2020-06-13T14:57:00Z</time>
   </trkpt>
   <trkpt lat="43.6493880" lon="-79.3862820">
    <ele>88.6</ele>
    <time>2020-06-13T14:57:01Z</time>
   </trkpt>
   <trkpt lat="43.6493700" lon="-79.3862720">
    <ele>88.5</ele>
    <time>2020-06-13T14:57:02Z</time>
   </trkpt>
   <trkpt lat="43.6493550" lon="-79.3862480">
    <ele>88.5</ele>
    <time>2020-06-13T14:57:03Z</time>
   </trkpt>
   <trkpt lat="43.6493450" lon="-79.3862330">
    <ele>88.5</ele>
    <time>2020-06-13T14:57:04Z</time>
   </trkpt>
   <trkpt lat="43.6493360" lon="-79.3862190">
    <ele>88.5</ele>
    <time>2020-06-13T14:57:05Z</time>
   </trkpt>
   <trkpt lat="43.6493260" lon="-79.3862040">
    <ele>88.5</ele>
    <time>2020-06-13T14:57:06Z</time>
   </trkpt>
   <trkpt lat="43.6492940" lon="-79.3861840">
    <ele>88.5</ele>
    <time>2020-06-13T14:57:07Z</time>
   </trkpt>
   <trkpt lat="43.6492810" lon="-79.3861780">
    <ele>88.5</ele>
    <time>2020-06-13T14:57:08Z</time>
   </trkpt>
   <trkpt lat="43.6492510" lon="-79.3861690">
    <ele>88.5</ele>
    <time>2020-06-13T14:57:09Z</time>
   </trkpt>
   <trkpt lat="43.6492120" lon="-79.3861230">
    <ele>88.5</ele>
    <time>2020-06-13T14:57:10Z</time>
   </trkpt>
   <trkpt lat="43.6492140" lon="-79.3861280">
    <ele>88.5</ele>
    <time>2020-06-13T14:57:11Z</time>
   </trkpt>
   <trkpt lat="43.6492170" lon="-79.3861270">
    <ele>88.5</ele>
    <time>2020-06-13T14:57:12Z</time>
   </trkpt>
   <trkpt lat="43.6492030" lon="-79.3861210">
    <ele>88.5</ele>
    <time>2020-06-13T14:57:13Z</time>
   </trkpt>
   <trkpt lat="43.6491830" lon="-79.3861170">
    <ele>88.5</ele>
    <time>2020-06-13T14:57:14Z</time>
   </trkpt>
   <trkpt lat="43.6491190" lon="-79.3860550">
    <ele>88.5</ele>
    <time>2020-06-13T14:57:15Z</time>
   </trkpt>
   <trkpt lat="43.6490660" lon="-79.3860010">
    <ele>88.5</ele>
    <time>2020-06-13T14:57:16Z</time>
   </trkpt>
   <trkpt lat="43.6490130" lon="-79.3859480">
    <ele>88.4</ele>
    <time>2020-06-13T14:57:17Z</time>
   </trkpt>
   <trkpt lat="43.6489790" lon="-79.3859430">
    <ele>88.4</ele>
    <time>2020-06-13T14:57:18Z</time>
   </trkpt>
   <trkpt lat="43.6489320" lon="-79.3858900">
    <ele>88.3</ele>
    <time>2020-06-13T14:57:19Z</time>
   </trkpt>
   <trkpt lat="43.6489120" lon="-79.3858500">
    <ele>88.2</ele>
    <time>2020-06-13T14:57:20Z</time>
   </trkpt>
   <trkpt lat="43.6489080" lon="-79.3858340">
    <ele>88.2</ele>
    <time>2020-06-13T14:57:21Z</time>
   </trkpt>
   <trkpt lat="43.6487550" lon="-79.3857530">
    <ele>87.8</ele>
    <time>2020-06-13T14:57:22Z</time>
   </trkpt>
   <trkpt lat="43.6487260" lon="-79.3857590">
    <ele>87.8</ele>
    <time>2020-06-13T14:57:23Z</time>
   </trkpt>
   <trkpt lat="43.6486650" lon="-79.3857630">
    <ele>87.7</ele>
    <time>2020-06-13T14:57:24Z</time>
   </trkpt>
   <trkpt lat="43.6486380" lon="-79.3857660">
    <ele>87.6</ele>
    <time>2020-06-13T14:57:25Z</time>
   </trkpt>
   <trkpt lat="43.6486110" lon="-79.3857710">
    <ele>87.5</ele>
    <time>2020-06-13T14:57:26Z</time>
   </trkpt>
   <trkpt lat="43.6485420" lon="-79.3857280">
    <ele>87.4</ele>
    <time>2020-06-13T14:57:27Z</time>
   </trkpt>
   <trkpt lat="43.6485010" lon="-79.3856840">
    <ele>87.3</ele>
    <time>2020-06-13T14:57:28Z</time>
   </trkpt>
   <trkpt lat="43.6484690" lon="-79.3856830">
    <ele>87.2</ele>
    <time>2020-06-13T14:57:29Z</time>
   </trkpt>
   <trkpt lat="43.6484540" lon="-79.3856850">
    <ele>87.2</ele>
    <time>2020-06-13T14:57:30Z</time>
   </trkpt>
   <trkpt lat="43.6484400" lon="-79.3856860">
    <ele>87.1</ele>
    <time>2020-06-13T14:57:31Z</time>
   </trkpt>
   <trkpt lat="43.6484150" lon="-79.3856840">
    <ele>87.1</ele>
    <time>2020-06-13T14:57:32Z</time>
   </trkpt>
   <trkpt lat="43.6484030" lon="-79.3856840">
    <ele>87.1</ele>
    <time>2020-06-13T14:57:33Z</time>
   </trkpt>
   <trkpt lat="43.6483910" lon="-79.3856840">
    <ele>87.1</ele>
    <time>2020-06-13T14:57:34Z</time>
   </trkpt>
   <trkpt lat="43.6483630" lon="-79.3856820">
    <ele>87.1</ele>
    <time>2020-06-13T14:57:35Z</time>
   </trkpt>
   <trkpt lat="43.6483240" lon="-79.3856790">
    <ele>87.1</ele>
    <time>2020-06-13T14:57:36Z</time>
   </trkpt>
   <trkpt lat="43.6483070" lon="-79.3856750">
    <ele>87.0</ele>
    <time>2020-06-13T14:57:37Z</time>
   </trkpt>
   <trkpt lat="43.6483010" lon="-79.3856800">
    <ele>87.0</ele>
    <time>2020-06-13T14:57:38Z</time>
   </trkpt>
   <trkpt lat="43.6482900" lon="-79.3856770">
    <ele>87.0</ele>
    <time>2020-06-13T14:57:39Z</time>
   </trkpt>
   <trkpt lat="43.6482420" lon="-79.3856350">
    <ele>87.0</ele>
    <time>2020-06-13T14:57:40Z</time>
   </trkpt>
   <trkpt lat="43.6482130" lon="-79.3856040">
    <ele>87.0</ele>
    <time>2020-06-13T14:57:41Z</time>
   </trkpt>
   <trkpt lat="43.6482040" lon="-79.3855910">
    <ele>87.0</ele>
    <time>2020-06-13T14:57:42Z</time>
   </trkpt>
   <trkpt lat="43.6481820" lon="-79.3855570">
    <ele>87.1</ele>
    <time>2020-06-13T14:57:43Z</time>
   </trkpt>
   <trkpt lat="43.6481410" lon="-79.3855280">
    <ele>87.0</ele>
    <time>2020-06-13T14:57:44Z</time>
   </trkpt>
   <trkpt lat="43.6480610" lon="-79.3853910">
    <ele>86.8</ele>
    <time>2020-06-13T14:57:45Z</time>
   </trkpt>
   <trkpt lat="43.6480420" lon="-79.3853350">
    <ele>86.7</ele>
    <time>2020-06-13T14:57:46Z</time>
   </trkpt>
   <trkpt lat="43.6480280" lon="-79.3852670">
    <ele>86.6</ele>
    <time>2020-06-13T14:57:47Z</time>
   </trkpt>
   <trkpt lat="43.6480080" lon="-79.3852390">
    <ele>86.6</ele>
    <time>2020-06-13T14:57:48Z</time>
   </trkpt>
   <trkpt lat="43.6479830" lon="-79.3852070">
    <ele>86.6</ele>
    <time>2020-06-13T14:57:49Z</time>
   </trkpt>
   <trkpt lat="43.6479210" lon="-79.3851320">
    <ele>86.4</ele>
    <time>2020-06-13T14:57:50Z</time>
   </trkpt>
   <trkpt lat="43.6478730" lon="-79.3850860">
    <ele>86.2</ele>
    <time>2020-06-13T14:57:51Z</time>
   </trkpt>
   <trkpt lat="43.6478440" lon="-79.3850730">
    <ele>86.1</ele>
    <time>2020-06-13T14:57:52Z</time>
   </trkpt>
   <trkpt lat="43.6478130" lon="-79.3850510">
    <ele>86.0</ele>
    <time>2020-06-13T14:57:53Z</time>
   </trkpt>
   <trkpt lat="43.6478020" lon="-79.3850390">
    <ele>86.0</ele>
    <time>2020-06-13T14:57:54Z</time>
   </trkpt>
   <trkpt lat="43.6477160" lon="-79.3849350">
    <ele>85.9</ele>
    <time>2020-06-13T14:57:55Z</time>
   </trkpt>
   <trkpt lat="43.6476880" lon="-79.3849000">
    <ele>85.9</ele>
    <time>2020-06-13T14:57:56Z</time>
   </trkpt>
   <trkpt lat="43.6476600" lon="-79.3848640">
    <ele>85.9</ele>
    <time>2020-06-13T14:57:57Z</time>
   </trkpt>
   <trkpt lat="43.6476370" lon="-79.3848410">
    <ele>85.9</ele>
    <time>2020-06-13T14:57:58Z</time>
   </trkpt>
   <trkpt lat="43.6476170" lon="-79.3848140">
    <ele>85.9</ele>
    <time>2020-06-13T14:57:59Z</time>
   </trkpt>
   <trkpt lat="43.6476100" lon="-79.3848050">
    <ele>85.9</ele>
    <time>2020-06-13T14:58:00Z</time>
   </trkpt>
   <trkpt lat="43.6476030" lon="-79.3847900">
    <ele>85.9</ele>
    <time>2020-06-13T14:58:01Z</time>
   </trkpt>
   <trkpt lat="43.6475910" lon="-79.3847760">
    <ele>85.9</ele>
    <time>2020-06-13T14:58:02Z</time>
   </trkpt>
   <trkpt lat="43.6475010" lon="-79.3847000">
    <ele>85.8</ele>
    <time>2020-06-13T14:58:03Z</time>
   </trkpt>
   <trkpt lat="43.6474660" lon="-79.3846640">
    <ele>85.7</ele>
    <time>2020-06-13T14:58:04Z</time>
   </trkpt>
   <trkpt lat="43.6474430" lon="-79.3846330">
    <ele>85.7</ele>
    <time>2020-06-13T14:58:05Z</time>
   </trkpt>
   <trkpt lat="43.6474200" lon="-79.3845900">
    <ele>85.6</ele>
    <time>2020-06-13T14:58:06Z</time>
   </trkpt>
   <trkpt lat="43.6473810" lon="-79.3845460">
    <ele>85.6</ele>
    <time>2020-06-13T14:58:07Z</time>
   </trkpt>
   <trkpt lat="43.6473580" lon="-79.3844890">
    <ele>85.5</ele>
    <time>2020-06-13T14:58:08Z</time>
   </trkpt>
   <trkpt lat="43.6472650" lon="-79.3844550">
    <ele>85.4</ele>
    <time>2020-06-13T14:58:09Z</time>
   </trkpt>
   <trkpt lat="43.6472110" lon="-79.3844390">
    <ele>85.4</ele>
    <time>2020-06-13T14:58:10Z</time>
   </trkpt>
   <trkpt lat="43.6471530" lon="-79.3844350">
    <ele>85.3</ele>
    <time>2020-06-13T14:58:11Z</time>
   </trkpt>
   <trkpt lat="43.6471080" lon="-79.3844260">
    <ele>85.3</ele>
    <time>2020-06-13T14:58:12Z</time>
   </trkpt>
   <trkpt lat="43.6470720" lon="-79.3844180">
    <ele>85.2</ele>
    <time>2020-06-13T14:58:13Z</time>
   </trkpt>
   <trkpt lat="43.6470370" lon="-79.3844150">
    <ele>85.2</ele>
    <time>2020-06-13T14:58:14Z</time>
   </trkpt>
   <trkpt lat="43.6469830" lon="-79.3844090">
    <ele>85.1</ele>
    <time>2020-06-13T14:58:15Z</time>
   </trkpt>
   <trkpt lat="43.6469510" lon="-79.3844010">
    <ele>85.0</ele>
    <time>2020-06-13T14:58:16Z</time>
   </trkpt>
   <trkpt lat="43.6469150" lon="-79.3843940">
    <ele>85.0</ele>
    <time>2020-06-13T14:58:17Z</time>
   </trkpt>
   <trkpt lat="43.6468780" lon="-79.3843860">
    <ele>84.9</ele>
    <time>2020-06-13T14:58:18Z</time>
   </trkpt>
   <trkpt lat="43.6468490" lon="-79.3843830">
    <ele>84.9</ele>
    <time>2020-06-13T14:58:19Z</time>
   </trkpt>
   <trkpt lat="43.6468220" lon="-79.3843760">
    <ele>84.9</ele>
    <time>2020-06-13T14:58:20Z</time>
   </trkpt>
   <trkpt lat="43.6467580" lon="-79.3843330">
    <ele>84.8</ele>
    <time>2020-06-13T14:58:21Z</time>
   </trkpt>
   <trkpt lat="43.6467390" lon="-79.3843090">
    <ele>84.8</ele>
    <time>2020-06-13T14:58:22Z</time>
   </trkpt>
   <trkpt lat="43.6467340" lon="-79.3843100">
    <ele>84.8</ele>
    <time>2020-06-13T14:58:23Z</time>
   </trkpt>
   <trkpt lat="43.6467320" lon="-79.3843120">
    <ele>84.8</ele>
    <time>2020-06-13T14:58:24Z</time>
   </trkpt>
   <trkpt lat="43.6467310" lon="-79.3843120">
    <ele>84.8</ele>
    <time>2020-06-13T14:58:25Z</time>
   </trkpt>
   <trkpt lat="43.6467240" lon="-79.3843000">
    <ele>84.7</ele>
    <time>2020-06-13T14:58:26Z</time>
   </trkpt>
   <trkpt lat="43.6467150" lon="-79.3842930">
    <ele>84.7</ele>
    <time>2020-06-13T14:58:27Z</time>
   </trkpt>
   <trkpt lat="43.6467080" lon="-79.3842910">
    <ele>84.7</ele>
    <time>2020-06-13T14:58:28Z</time>
   </trkpt>
   <trkpt lat="43.6467050" lon="-79.3842670">
    <ele>84.7</ele>
    <time>2020-06-13T14:58:29Z</time>
   </trkpt>
   <trkpt lat="43.6467020" lon="-79.3842590">
    <ele>84.7</ele>
    <time>2020-06-13T14:58:30Z</time>
   </trkpt>
   <trkpt lat="43.6466970" lon="-79.3842560">
    <ele>84.7</ele>
    <time>2020-06-13T14:58:31Z</time>
   </trkpt>
   <trkpt lat="43.6466940" lon="-79.3842420">
    <ele>84.7</ele>
    <time>2020-06-13T14:58:32Z</time>
   </trkpt>
   <trkpt lat="43.6466800" lon="-79.3842120">
    <ele>84.6</ele>
    <time>2020-06-13T14:58:33Z</time>
   </trkpt>
   <trkpt lat="43.6466640" lon="-79.3842000">
    <ele>84.6</ele>
    <time>2020-06-13T14:58:34Z</time>
   </trkpt>
   <trkpt lat="43.6466540" lon="-79.3842050">
    <ele>84.6</ele>
    <time>2020-06-13T14:58:35Z</time>
   </trkpt>
   <trkpt lat="43.6466430" lon="-79.3842100">
    <ele>84.6</ele>
    <time>2020-06-13T14:58:36Z</time>
   </trkpt>
   <trkpt lat="43.6466100" lon="-79.3842150">
    <ele>84.6</ele>
    <time>2020-06-13T14:58:37Z</time>
   </trkpt>
   <trkpt lat="43.6465940" lon="-79.3842160">
    <ele>84.5</ele>
    <time>2020-06-13T14:58:38Z</time>
   </trkpt>
   <trkpt lat="43.6465480" lon="-79.3842170">
    <ele>84.5</ele>
    <time>2020-06-13T14:58:39Z</time>
   </trkpt>
   <trkpt lat="43.6465020" lon="-79.3842300">
    <ele>84.4</ele>
    <time>2020-06-13T14:58:40Z</time>
   </trkpt>
   <trkpt lat="43.6464510" lon="-79.3842390">
    <ele>84.3</ele>
    <time>2020-06-13T14:58:41Z</time>
   </trkpt>
   <trkpt lat="43.6464040" lon="-79.3842220">
    <ele>84.3</ele>
    <time>2020-06-13T14:58:42Z</time>
   </trkpt>
   <trkpt lat="43.6463510" lon="-79.3841900">
    <ele>84.4</ele>
    <time>2020-06-13T14:58:43Z</time>
   </trkpt>
   <trkpt lat="43.6463160" lon="-79.3841850">
    <ele>84.4</ele>
    <time>2020-06-13T14:58:44Z</time>
   </trkpt>
   <trkpt lat="43.6462820" lon="-79.3841890">
    <ele>84.4</ele>
    <time>2020-06-13T14:58:45Z</time>
   </trkpt>
   <trkpt lat="43.6462750" lon="-79.3841920">
    <ele>84.4</ele>
    <time>2020-06-13T14:58:46Z</time>
   </trkpt>
   <trkpt lat="43.6462400" lon="-79.3841990">
    <ele>84.3</ele>
    <time>2020-06-13T14:58:47Z</time>
   </trkpt>
   <trkpt lat="43.6462280" lon="-79.3841990">
    <ele>84.3</ele>
    <time>2020-06-13T14:58:48Z</time>
   </trkpt>
   <trkpt lat="43.6462030" lon="-79.3841870">
    <ele>84.3</ele>
    <time>2020-06-13T14:58:49Z</time>
   </trkpt>
   <trkpt lat="43.6461660" lon="-79.3841770">
    <ele>84.3</ele>
    <time>2020-06-13T14:58:50Z</time>
   </trkpt>
   <trkpt lat="43.6461400" lon="-79.3841800">
    <ele>84.2</ele>
    <time>2020-06-13T14:58:51Z</time>
   </trkpt>
   <trkpt lat="43.6461300" lon="-79.3841710">
    <ele>84.2</ele>
    <time>2020-06-13T14:58:52Z</time>
   </trkpt>
   <trkpt lat="43.6461200" lon="-79.3841620">
    <ele>84.2</ele>
    <time>2020-06-13T14:58:53Z</time>
   </trkpt>
   <trkpt lat="43.6461020" lon="-79.3841250">
    <ele>84.1</ele>
    <time>2020-06-13T14:58:54Z</time>
   </trkpt>
   <trkpt lat="43.6460820" lon="-79.3840980">
    <ele>84.1</ele>
    <time>2020-06-13T14:58:55Z</time>
   </trkpt>
   <trkpt lat="43.6460470" lon="-79.3840520">
    <ele>84.0</ele>
    <time>2020-06-13T14:58:56Z</time>
   </trkpt>
   <trkpt lat="43.6460170" lon="-79.3840140">
    <ele>83.9</ele>
    <time>2020-06-13T14:58:57Z</time>
   </trkpt>
   <trkpt lat="43.6460010" lon="-79.3839800">
    <ele>83.8</ele>
    <time>2020-06-13T14:58:58Z</time>
   </trkpt>
   <trkpt lat="43.6459890" lon="-79.3839430">
    <ele>83.7</ele>
    <time>2020-06-13T14:58:59Z</time>
   </trkpt>
   <trkpt lat="43.6459840" lon="-79.3839300">
    <ele>83.7</ele>
    <time>2020-06-13T14:59:00Z</time>
   </trkpt>
   <trkpt lat="43.6459560" lon="-79.3838840">
    <ele>83.6</ele>
    <time>2020-06-13T14:59:01Z</time>
   </trkpt>
   <trkpt lat="43.6459410" lon="-79.3838610">
    <ele>83.6</ele>
    <time>2020-06-13T14:59:02Z</time>
   </trkpt>
   <trkpt lat="43.6459230" lon="-79.3838160">
    <ele>83.5</ele>
    <time>2020-06-13T14:59:03Z</time>
   </trkpt>
   <trkpt lat="43.6459140" lon="-79.3837870">
    <ele>83.5</ele>
    <time>2020-06-13T14:59:04Z</time>
   </trkpt>
   <trkpt lat="43.6459040" lon="-79.3837590">
    <ele>83.4</ele>
    <time>2020-06-13T14:59:05Z</time>
   </trkpt>
   <trkpt lat="43.6458950" lon="-79.3837300">
    <ele>83.3</ele>
    <time>2020-06-13T14:59:06Z</time>
   </trkpt>
   <trkpt lat="43.6458850" lon="-79.3837010">
    <ele>83.2</ele>
    <time>2020-06-13T14:59:07Z</time>
   </trkpt>
   <trkpt lat="43.6457980" lon="-79.3835930">
    <ele>82.9</ele>
    <time>2020-06-13T14:59:08Z</time>
   </trkpt>
   <trkpt lat="43.6457660" lon="-79.3835180">
    <ele>82.9</ele>
    <time>2020-06-13T14:59:09Z</time>
   </trkpt>
   <trkpt lat="43.6457630" lon="-79.3834130">
    <ele>82.7</ele>
    <time>2020-06-13T14:59:10Z</time>
   </trkpt>
   <trkpt lat="43.6457540" lon="-79.3833410">
    <ele>82.6</ele>
    <time>2020-06-13T14:59:11Z</time>
   </trkpt>
   <trkpt lat="43.6457380" lon="-79.3831990">
    <ele>82.4</ele>
    <time>2020-06-13T14:59:12Z</time>
   </trkpt>
   <trkpt lat="43.6457330" lon="-79.3831580">
    <ele>82.4</ele>
    <time>2020-06-13T14:59:13Z</time>
   </trkpt>
   <trkpt lat="43.6457350" lon="-79.3831160">
    <ele>82.3</ele>
    <time>2020-06-13T14:59:14Z</time>
   </trkpt>
   <trkpt lat="43.6457150" lon="-79.3830660">
    <ele>82.3</ele>
    <time>2020-06-13T14:59:15Z</time>
   </trkpt>
   <trkpt lat="43.6456390" lon="-79.3829380">
    <ele>82.1</ele>
    <time>2020-06-13T14:59:16Z</time>
   </trkpt>
   <trkpt lat="43.6455950" lon="-79.3828670">
    <ele>82.1</ele>
    <time>2020-06-13T14:59:17Z</time>
   </trkpt>
   <trkpt lat="43.6455800" lon="-79.3828300">
    <ele>82.0</ele>
    <time>2020-06-13T14:59:18Z</time>
   </trkpt>
   <trkpt lat="43.6455630" lon="-79.3827910">
    <ele>82.0</ele>
    <time>2020-06-13T14:59:19Z</time>
   </trkpt>
   <trkpt lat="43.6455570" lon="-79.3827810">
    <ele>82.0</ele>
    <time>2020-06-13T14:59:20Z</time>
   </trkpt>
   <trkpt lat="43.6455220" lon="-79.3827480">
    <ele>81.9</ele>
    <time>2020-06-13T14:59:21Z</time>
   </trkpt>
   <trkpt lat="43.6454990" lon="-79.3827050">
    <ele>81.8</ele>
    <time>2020-06-13T14:59:22Z</time>
   </trkpt>
   <trkpt lat="43.6454770" lon="-79.3826640">
    <ele>81.8</ele>
    <time>2020-06-13T14:59:23Z</time>
   </trkpt>
   <trkpt lat="43.6454650" lon="-79.3826200">
    <ele>81.7</ele>
    <time>2020-06-13T14:59:24Z</time>
   </trkpt>
   <trkpt lat="43.6454630" lon="-79.3826100">
    <ele>81.7</ele>
    <time>2020-06-13T14:59:25Z</time>
   </trkpt>
   <trkpt lat="43.6454510" lon="-79.3825760">
    <ele>81.7</ele>
    <time>2020-06-13T14:59:26Z</time>
   </trkpt>
   <trkpt lat="43.6454480" lon="-79.3825620">
    <ele>81.7</ele>
    <time>2020-06-13T14:59:27Z</time>
   </trkpt>
   <trkpt lat="43.6454420" lon="-79.3825110">
    <ele>81.7</ele>
    <time>2020-06-13T14:59:28Z</time>
   </trkpt>
   <trkpt lat="43.6454390" lon="-79.3824950">
    <ele>81.7</ele>
    <time>2020-06-13T14:59:29Z</time>
   </trkpt>
   <trkpt lat="43.6454310" lon="-79.3824140">
    <ele>81.5</ele>
    <time>2020-06-13T14:59:30Z</time>
   </trkpt>
   <trkpt lat="43.6454190" lon="-79.3823620">
    <ele>81.5</ele>
    <time>2020-06-13T14:59:31Z</time>
   </trkpt>
   <trkpt lat="43.6454140" lon="-79.3823190">
    <ele>81.4</ele>
    <time>2020-06-13T14:59:32Z</time>
   </trkpt>
   <trkpt lat="43.6454140" lon="-79.3822730">
    <ele>81.3</ele>
    <time>2020-06-13T14:59:33Z</time>
   </trkpt>
   <trkpt lat="43.6454060" lon="-79.3822230">
    <ele>81.2</ele>
    <time>2020-06-13T14:59:34Z</time>
   </trkpt>
   <trkpt lat="43.6454010" lon="-79.3821770">
    <ele>81.2</ele>
    <time>2020-06-13T14:59:35Z</time>
   </trkpt>
   <trkpt lat="43.6453980" lon="-79.3821360">
    <ele>81.1</ele>
    <time>2020-06-13T14:59:36Z</time>
   </trkpt>
   <trkpt lat="43.6454070" lon="-79.3820950">
    <ele>81.1</ele>
    <time>2020-06-13T14:59:37Z</time>
   </trkpt>
   <trkpt lat="43.6454070" lon="-79.3820380">
    <ele>81.1</ele>
    <time>2020-06-13T14:59:38Z</time>
   </trkpt>
   <trkpt lat="43.6454090" lon="-79.3820170">
    <ele>81.0</ele>
    <time>2020-06-13T14:59:39Z</time>
   </trkpt>
   <trkpt lat="43.6454150" lon="-79.3819830">
    <ele>81.0</ele>
    <time>2020-06-13T14:59:40Z</time>
   </trkpt>
   <trkpt lat="43.6454190" lon="-79.3819650">
    <ele>81.0</ele>
    <time>2020-06-13T14:59:41Z</time>
   </trkpt>
   <trkpt lat="43.6454310" lon="-79.3819220">
    <ele>81.0</ele>
    <time>2020-06-13T14:59:42Z</time>
   </trkpt>
   <trkpt lat="43.6454400" lon="-79.3818860">
    <ele>80.9</ele>
    <time>2020-06-13T14:59:43Z</time>
   </trkpt>
   <trkpt lat="43.6454520" lon="-79.3818340">
    <ele>80.9</ele>
    <time>2020-06-13T14:59:44Z</time>
   </trkpt>
   <trkpt lat="43.6454570" lon="-79.3818180">
    <ele>80.9</ele>
    <time>2020-06-13T14:59:45Z</time>
   </trkpt>
   <trkpt lat="43.6454680" lon="-79.3817810">
    <ele>80.9</ele>
    <time>2020-06-13T14:59:46Z</time>
   </trkpt>
   <trkpt lat="43.6454810" lon="-79.3817420">
    <ele>80.9</ele>
    <time>2020-06-13T14:59:47Z</time>
   </trkpt>
   <trkpt lat="43.6454870" lon="-79.3817020">
    <ele>80.9</ele>
    <time>2020-06-13T14:59:48Z</time>
   </trkpt>
   <trkpt lat="43.6454980" lon="-79.3816650">
    <ele>80.8</ele>
    <time>2020-06-13T14:59:49Z</time>
   </trkpt>
   <trkpt lat="43.6455150" lon="-79.3816230">
    <ele>80.8</ele>
    <time>2020-06-13T14:59:50Z</time>
   </trkpt>
   <trkpt lat="43.6455370" lon="-79.3815930">
    <ele>80.8</ele>
    <time>2020-06-13T14:59:51Z</time>
   </trkpt>
   <trkpt lat="43.6455460" lon="-79.3815440">
    <ele>80.8</ele>
    <time>2020-06-13T14:59:52Z</time>
   </trkpt>
   <trkpt lat="43.6455560" lon="-79.3815090">
    <ele>80.8</ele>
    <time>2020-06-13T14:59:53Z</time>
   </trkpt>
   <trkpt lat="43.6455680" lon="-79.3814720">
    <ele>80.8</ele>
    <time>2020-06-13T14:59:54Z</time>
   </trkpt>
   <trkpt lat="43.6455810" lon="-79.3814240">
    <ele>80.8</ele>
    <time>2020-06-13T14:59:55Z</time>
   </trkpt>
   <trkpt lat="43.6455830" lon="-79.3814080">
    <ele>80.8</ele>
    <time>2020-06-13T14:59:56Z</time>
   </trkpt>
   <trkpt lat="43.6455680" lon="-79.3813670">
    <ele>80.8</ele>
    <time>2020-06-13T14:59:57Z</time>
   </trkpt>
   <trkpt lat="43.6455630" lon="-79.3813520">
    <ele>80.8</ele>
    <time>2020-06-13T14:59:58Z</time>
   </trkpt>
   <trkpt lat="43.6455500" lon="-79.3813370">
    <ele>80.8</ele>
    <time>2020-06-13T14:59:59Z</time>
   </trkpt>
   <trkpt lat="43.6455400" lon="-79.3813180">
    <ele>80.8</ele>
    <time>2020-06-13T15:00:00Z</time>
   </trkpt>
   <trkpt lat="43.6455310" lon="-79.3812620">
    <ele>80.8</ele>
    <time>2020-06-13T15:00:01Z</time>
   </trkpt>
   <trkpt lat="43.6455250" lon="-79.3812420">
    <ele>80.8</ele>
    <time>2020-06-13T15:00:02Z</time>
   </trkpt>
   <trkpt lat="43.6455240" lon="-79.3811990">
    <ele>80.7</ele>
    <time>2020-06-13T15:00:03Z</time>
   </trkpt>
   <trkpt lat="43.6455170" lon="-79.3811550">
    <ele>80.7</ele>
    <time>2020-06-13T15:00:04Z</time>
   </trkpt>
   <trkpt lat="43.6455260" lon="-79.3811040">
    <ele>80.7</ele>
    <time>2020-06-13T15:00:05Z</time>
   </trkpt>
   <trkpt lat="43.6455450" lon="-79.3810530">
    <ele>80.6</ele>
    <time>2020-06-13T15:00:06Z</time>
   </trkpt>
   <trkpt lat="43.6455430" lon="-79.3809630">
    <ele>80.6</ele>
    <time>2020-06-13T15:00:07Z</time>
   </trkpt>
   <trkpt lat="43.6455510" lon="-79.3809220">
    <ele>80.6</ele>
    <time>2020-06-13T15:00:08Z</time>
   </trkpt>
   <trkpt lat="43.6455660" lon="-79.3808810">
    <ele>80.6</ele>
    <time>2020-06-13T15:00:09Z</time>
   </trkpt>
   <trkpt lat="43.6455700" lon="-79.3808670">
    <ele>80.6</ele>
    <time>2020-06-13T15:00:10Z</time>
   </trkpt>
   <trkpt lat="43.6455730" lon="-79.3808520">
    <ele>80.6</ele>
    <time>2020-06-13T15:00:11Z</time>
   </trkpt>
   <trkpt lat="43.6455970" lon="-79.3807850">
    <ele>80.6</ele>
    <time>2020-06-13T15:00:12Z</time>
   </trkpt>
   <trkpt lat="43.6456080" lon="-79.3807430">
    <ele>80.6</ele>
    <time>2020-06-13T15:00:13Z</time>
   </trkpt>
   <trkpt lat="43.6456170" lon="-79.3807130">
    <ele>80.5</ele>
    <time>2020-06-13T15:00:14Z</time>
   </trkpt>
   <trkpt lat="43.6456210" lon="-79.3806980">
    <ele>80.5</ele>
    <time>2020-06-13T15:00:15Z</time>
   </trkpt>
   <trkpt lat="43.6456260" lon="-79.3806830">
    <ele>80.5</ele>
    <time>2020-06-13T15:00:16Z</time>
   </trkpt>
   <trkpt lat="43.6456250" lon="-79.3806530">
    <ele>80.5</ele>
    <time>2020-06-13T15:00:17Z</time>
   </trkpt>
   <trkpt lat="43.6456270" lon="-79.3806460">
    <ele>80.5</ele>
    <time>2020-06-13T15:00:18Z</time>
   </trkpt>
   <trkpt lat="43.6456280" lon="-79.3806390">
    <ele>80.5</ele>
    <time>2020-06-13T15:00:19Z</time>
   </trkpt>
   <trkpt lat="43.6456290" lon="-79.3806320">
    <ele>80.5</ele>
    <time>2020-06-13T15:00:20Z</time>
   </trkpt>
   <trkpt lat="43.6456310" lon="-79.3806250">
    <ele>80.5</ele>
    <time>2020-06-13T15:00:21Z</time>
   </trkpt>
   <trkpt lat="43.6456320" lon="-79.3806180">
    <ele>80.5</ele>
    <time>2020-06-13T15:00:22Z</time>
   </trkpt>
   <trkpt lat="43.6456190" lon="-79.3805750">
    <ele>80.5</ele>
    <time>2020-06-13T15:00:23Z</time>
   </trkpt>
   <trkpt lat="43.6456040" lon="-79.3805320">
    <ele>80.5</ele>
    <time>2020-06-13T15:00:24Z</time>
   </trkpt>
   <trkpt lat="43.6455980" lon="-79.3804870">
    <ele>80.5</ele>
    <time>2020-06-13T15:00:25Z</time>
   </trkpt>
   <trkpt lat="43.6455930" lon="-79.3804420">
    <ele>80.5</ele>
    <time>2020-06-13T15:00:26Z</time>
   </trkpt>
   <trkpt lat="43.6455920" lon="-79.3804310">
    <ele>80.5</ele>
    <time>2020-06-13T15:00:27Z</time>
   </trkpt>
   <trkpt lat="43.6455970" lon="-79.3804180">
    <ele>80.5</ele>
    <time>2020-06-13T15:00:28Z</time>
   </trkpt>
   <trkpt lat="43.6455950" lon="-79.3804050">
    <ele>80.5</ele>
    <time>2020-06-13T15:00:29Z</time>
   </trkpt>
   <trkpt lat="43.6455950" lon="-79.3803860">
    <ele>80.5</ele>
    <time>2020-06-13T15:00:30Z</time>
   </trkpt>
   <trkpt lat="43.6456030" lon="-79.3803440">
    <ele>80.5</ele>
    <time>2020-06-13T15:00:31Z</time>
   </trkpt>
   <trkpt lat="43.6456080" lon="-79.3802980">
    <ele>80.5</ele>
    <time>2020-06-13T15:00:32Z</time>
   </trkpt>
   <trkpt lat="43.6456070" lon="-79.3802860">
    <ele>80.5</ele>
    <time>2020-06-13T15:00:33Z</time>
   </trkpt>
   <trkpt lat="43.6455970" lon="-79.3802400">
    <ele>80.5</ele>
    <time>2020-06-13T15:00:34Z</time>
   </trkpt>
   <trkpt lat="43.6455950" lon="-79.3802140">
    <ele>80.5</ele>
    <time>2020-06-13T15:00:35Z</time>
   </trkpt>
   <trkpt lat="43.6455890" lon="-79.3801680">
    <ele>80.5</ele>
    <time>2020-06-13T15:00:36Z</time>
   </trkpt>
   <trkpt lat="43.6455820" lon="-79.3801110">
    <ele>80.5</ele>
    <time>2020-06-13T15:00:37Z</time>
   </trkpt>
   <trkpt lat="43.6455750" lon="-79.3800450">
    <ele>80.4</ele>
    <time>2020-06-13T15:00:38Z</time>
   </trkpt>
   <trkpt lat="43.6455660" lon="-79.3800040">
    <ele>80.4</ele>
    <time>2020-06-13T15:00:39Z</time>
   </trkpt>
   <trkpt lat="43.6455810" lon="-79.3799170">
    <ele>80.4</ele>
    <time>2020-06-13T15:00:40Z</time>
   </trkpt>
   <trkpt lat="43.6455850" lon="-79.3798820">
    <ele>80.4</ele>
    <time>2020-06-13T15:00:41Z</time>
   </trkpt>
   <trkpt lat="43.6455830" lon="-79.3798500">
    <ele>80.4</ele>
    <time>2020-06-13T15:00:43Z</time>
   </trkpt>
   <trkpt lat="43.6455950" lon="-79.3797980">
    <ele>80.4</ele>
    <time>2020-06-13T15:00:44Z</time>
   </trkpt>
   <trkpt lat="43.6455990" lon="-79.3797760">
    <ele>80.4</ele>
    <time>2020-06-13T15:00:45Z</time>
   </trkpt>
   <trkpt lat="43.6456170" lon="-79.3797260">
    <ele>80.4</ele>
    <time>2020-06-13T15:00:46Z</time>
   </trkpt>
   <trkpt lat="43.6456300" lon="-79.3797090">
    <ele>80.4</ele>
    <time>2020-06-13T15:00:47Z</time>
   </trkpt>
   <trkpt lat="43.6456470" lon="-79.3796580">
    <ele>80.4</ele>
    <time>2020-06-13T15:00:48Z</time>
   </trkpt>
   <trkpt lat="43.6456530" lon="-79.3796410">
    <ele>80.4</ele>
    <time>2020-06-13T15:00:49Z</time>
   </trkpt>
   <trkpt lat="43.6456680" lon="-79.3796010">
    <ele>80.4</ele>
    <time>2020-06-13T15:00:50Z</time>
   </trkpt>
   <trkpt lat="43.6456910" lon="-79.3795530">
    <ele>80.4</ele>
    <time>2020-06-13T15:00:51Z</time>
   </trkpt>
   <trkpt lat="43.6457230" lon="-79.3795050">
    <ele>80.4</ele>
    <time>2020-06-13T15:00:52Z</time>
   </trkpt>
   <trkpt lat="43.6457850" lon="-79.3794340">
    <ele>80.5</ele>
    <time>2020-06-13T15:00:53Z</time>
   </trkpt>
   <trkpt lat="43.6458060" lon="-79.3793760">
    <ele>80.5</ele>
    <time>2020-06-13T15:00:54Z</time>
   </trkpt>
   <trkpt lat="43.6458280" lon="-79.3793300">
    <ele>80.5</ele>
    <time>2020-06-13T15:00:55Z</time>
   </trkpt>
   <trkpt lat="43.6458470" lon="-79.3792970">
    <ele>80.6</ele>
    <time>2020-06-13T15:00:56Z</time>
   </trkpt>
   <trkpt lat="43.6458690" lon="-79.3792650">
    <ele>80.6</ele>
    <time>2020-06-13T15:00:57Z</time>
   </trkpt>
   <trkpt lat="43.6458760" lon="-79.3792570">
    <ele>80.6</ele>
    <time>2020-06-13T15:00:58Z</time>
   </trkpt>
   <trkpt lat="43.6458870" lon="-79.3792510">
    <ele>80.6</ele>
    <time>2020-06-13T15:00:59Z</time>
   </trkpt>
   <trkpt lat="43.6458930" lon="-79.3792420">
    <ele>80.7</ele>
    <time>2020-06-13T15:01:00Z</time>
   </trkpt>
   <trkpt lat="43.6459030" lon="-79.3792230">
    <ele>80.7</ele>
    <time>2020-06-13T15:01:01Z</time>
   </trkpt>
   <trkpt lat="43.6459130" lon="-79.3791990">
    <ele>80.7</ele>
    <time>2020-06-13T15:01:02Z</time>
   </trkpt>
   <trkpt lat="43.6459160" lon="-79.3791820">
    <ele>80.7</ele>
    <time>2020-06-13T15:01:03Z</time>
   </trkpt>
   <trkpt lat="43.6459110" lon="-79.3791830">
    <ele>80.7</ele>
    <time>2020-06-13T15:01:04Z</time>
   </trkpt>
   <trkpt lat="43.6459090" lon="-79.3791800">
    <ele>80.7</ele>
    <time>2020-06-13T15:01:05Z</time>
   </trkpt>
   <trkpt lat="43.6459150" lon="-79.3791680">
    <ele>80.7</ele>
    <time>2020-06-13T15:01:06Z</time>
   </trkpt>
   <trkpt lat="43.6459160" lon="-79.3791600">
    <ele>80.7</ele>
    <time>2020-06-13T15:01:07Z</time>
   </trkpt>
   <trkpt lat="43.6459170" lon="-79.3791650">
    <ele>80.7</ele>
    <time>2020-06-13T15:01:08Z</time>
   </trkpt>
   <trkpt lat="43.6459030" lon="-79.3791740">
    <ele>80.8</ele>
    <time>2020-06-13T15:01:09Z</time>
   </trkpt>
   <trkpt lat="43.6458860" lon="-79.3791810">
    <ele>80.8</ele>
    <time>2020-06-13T15:01:10Z</time>
   </trkpt>
   <trkpt lat="43.6458490" lon="-79.3791940">
    <ele>80.5</ele>
    <time>2020-06-13T15:01:11Z</time>
   </trkpt>
   <trkpt lat="43.6458290" lon="-79.3792000">
    <ele>80.4</ele>
    <time>2020-06-13T15:01:12Z</time>
   </trkpt>
   <trkpt lat="43.6457960" lon="-79.3792090">
    <ele>80.3</ele>
    <time>2020-06-13T15:01:13Z</time>
   </trkpt>
   <trkpt lat="43.6457650" lon="-79.3792300">
    <ele>80.1</ele>
    <time>2020-06-13T15:01:14Z</time>
   </trkpt>
   <trkpt lat="43.6457530" lon="-79.3792350">
    <ele>80.0</ele>
    <time>2020-06-13T15:01:15Z</time>
   </trkpt>
   <trkpt lat="43.6457300" lon="-79.3792570">
    <ele>79.9</ele>
    <time>2020-06-13T15:01:16Z</time>
   </trkpt>
   <trkpt lat="43.6457140" lon="-79.3792760">
    <ele>79.8</ele>
    <time>2020-06-13T15:01:17Z</time>
   </trkpt>
   <trkpt lat="43.6457040" lon="-79.3792840">
    <ele>79.7</ele>
    <time>2020-06-13T15:01:18Z</time>
   </trkpt>
   <trkpt lat="43.6456970" lon="-79.3792870">
    <ele>79.7</ele>
    <time>2020-06-13T15:01:19Z</time>
   </trkpt>
   <trkpt lat="43.6456860" lon="-79.3792690">
    <ele>79.6</ele>
    <time>2020-06-13T15:01:20Z</time>
   </trkpt>
   <trkpt lat="43.6456690" lon="-79.3792540">
    <ele>79.5</ele>
    <time>2020-06-13T15:01:21Z</time>
   </trkpt>
   <trkpt lat="43.6456470" lon="-79.3792350">
    <ele>79.3</ele>
    <time>2020-06-13T15:01:22Z</time>
   </trkpt>
   <trkpt lat="43.6456260" lon="-79.3792220">
    <ele>79.2</ele>
    <time>2020-06-13T15:01:23Z</time>
   </trkpt>
   <trkpt lat="43.6456050" lon="-79.3792080">
    <ele>79.1</ele>
    <time>2020-06-13T15:01:24Z</time>
   </trkpt>
   <trkpt lat="43.6455840" lon="-79.3791940">
    <ele>79.0</ele>
    <time>2020-06-13T15:01:25Z</time>
   </trkpt>
   <trkpt lat="43.6455630" lon="-79.3791800">
    <ele>78.8</ele>
    <time>2020-06-13T15:01:26Z</time>
   </trkpt>
   <trkpt lat="43.6448640" lon="-79.3786620">
    <ele>78.7</ele>
    <time>2020-06-13T15:01:39Z</time>
   </trkpt>
   <trkpt lat="43.6438310" lon="-79.3781070">
    <ele>76.8</ele>
    <time>2020-06-13T15:01:45Z</time>
   </trkpt>
   <trkpt lat="43.6431100" lon="-79.3775680">
    <ele>78.0</ele>
    <time>2020-06-13T15:01:51Z</time>
   </trkpt>
   <trkpt lat="43.6428360" lon="-79.3772380">
    <ele>77.4</ele>
    <time>2020-06-13T15:01:52Z</time>
   </trkpt>
   <trkpt lat="43.6431510" lon="-79.3775510">
    <ele>78.0</ele>
    <time>2020-06-13T15:01:56Z</time>
   </trkpt>
   <trkpt lat="43.6434670" lon="-79.3778640">
    <ele>78.1</ele>
    <time>2020-06-13T15:01:57Z</time>
   </trkpt>
   <trkpt lat="43.6437820" lon="-79.3781770">
    <ele>78.1</ele>
    <time>2020-06-13T15:01:58Z</time>
   </trkpt>
   <trkpt lat="43.6440970" lon="-79.3784900">
    <ele>78.1</ele>
    <time>2020-06-13T15:01:59Z</time>
   </trkpt>
   <trkpt lat="43.6440440" lon="-79.3784040">
    <ele>78.1</ele>
    <time>2020-06-13T15:02:00Z</time>
   </trkpt>
   <trkpt lat="43.6440550" lon="-79.3782670">
    <ele>78.1</ele>
    <time>2020-06-13T15:02:01Z</time>
   </trkpt>
   <trkpt lat="43.6440560" lon="-79.3781650">
    <ele>78.1</ele>
    <time>2020-06-13T15:02:02Z</time>
   </trkpt>
   <trkpt lat="43.6440530" lon="-79.3781030">
    <ele>78.1</ele>
    <time>2020-06-13T15:02:03Z</time>
   </trkpt>
   <trkpt lat="43.6440940" lon="-79.3780030">
    <ele>78.1</ele>
    <time>2020-06-13T15:02:04Z</time>
   </trkpt>
   <trkpt lat="43.6440910" lon="-79.3779630">
    <ele>78.1</ele>
    <time>2020-06-13T15:02:05Z</time>
   </trkpt>
   <trkpt lat="43.6440870" lon="-79.3779510">
    <ele>78.1</ele>
    <time>2020-06-13T15:02:06Z</time>
   </trkpt>
   <trkpt lat="43.6440780" lon="-79.3779150">
    <ele>78.1</ele>
    <time>2020-06-13T15:02:07Z</time>
   </trkpt>
   <trkpt lat="43.6440770" lon="-79.3778750">
    <ele>78.2</ele>
    <time>2020-06-13T15:02:08Z</time>
   </trkpt>
   <trkpt lat="43.6440840" lon="-79.3778310">
    <ele>78.2</ele>
    <time>2020-06-13T15:02:09Z</time>
   </trkpt>
   <trkpt lat="43.6440900" lon="-79.3777910">
    <ele>78.2</ele>
    <time>2020-06-13T15:02:10Z</time>
   </trkpt>
   <trkpt lat="43.6440880" lon="-79.3777540">
    <ele>78.2</ele>
    <time>2020-06-13T15:02:11Z</time>
   </trkpt>
   <trkpt lat="43.6440860" lon="-79.3777140">
    <ele>78.2</ele>
    <time>2020-06-13T15:02:12Z</time>
   </trkpt>
   <trkpt lat="43.6440870" lon="-79.3776630">
    <ele>78.2</ele>
    <time>2020-06-13T15:02:13Z</time>
   </trkpt>
   <trkpt lat="43.6440860" lon="-79.3776160">
    <ele>78.2</ele>
    <time>2020-06-13T15:02:14Z</time>
   </trkpt>
   <trkpt lat="43.6441000" lon="-79.3776130">
    <ele>78.2</ele>
    <time>2020-06-13T15:02:15Z</time>
   </trkpt>
   <trkpt lat="43.6441110" lon="-79.3775840">
    <ele>78.2</ele>
    <time>2020-06-13T15:02:16Z</time>
   </trkpt>
   <trkpt lat="43.6441240" lon="-79.3775470">
    <ele>78.2</ele>
    <time>2020-06-13T15:02:17Z</time>
   </trkpt>
   <trkpt lat="43.6441250" lon="-79.3775030">
    <ele>78.2</ele>
    <time>2020-06-13T15:02:18Z</time>
   </trkpt>
   <trkpt lat="43.6440750" lon="-79.3774500">
    <ele>78.3</ele>
    <time>2020-06-13T15:02:19Z</time>
   </trkpt>
   <trkpt lat="43.6440790" lon="-79.3774120">
    <ele>78.3</ele>
    <time>2020-06-13T15:02:20Z</time>
   </trkpt>
   <trkpt lat="43.6440820" lon="-79.3773990">
    <ele>78.3</ele>
    <time>2020-06-13T15:02:21Z</time>
   </trkpt>
   <trkpt lat="43.6440770" lon="-79.3773990">
    <ele>78.3</ele>
    <time>2020-06-13T15:02:22Z</time>
   </trkpt>
   <trkpt lat="43.6440750" lon="-79.3773810">
    <ele>78.3</ele>
    <time>2020-06-13T15:02:23Z</time>
   </trkpt>
   <trkpt lat="43.6440630" lon="-79.3773650">
    <ele>78.3</ele>
    <time>2020-06-13T15:02:24Z</time>
   </trkpt>
   <trkpt lat="43.6439980" lon="-79.3773890">
    <ele>78.3</ele>
    <time>2020-06-13T15:02:25Z</time>
   </trkpt>
   <trkpt lat="43.6440020" lon="-79.3773590">
    <ele>78.3</ele>
    <time>2020-06-13T15:02:26Z</time>
   </trkpt>
   <trkpt lat="43.6439950" lon="-79.3773810">
    <ele>78.3</ele>
    <time>2020-06-13T15:02:27Z</time>
   </trkpt>
   <trkpt lat="43.6439760" lon="-79.3773780">
    <ele>78.3</ele>
    <time>2020-06-13T15:02:28Z</time>
   </trkpt>
   <trkpt lat="43.6439640" lon="-79.3773770">
    <ele>78.3</ele>
    <time>2020-06-13T15:02:29Z</time>
   </trkpt>
   <trkpt lat="43.6439520" lon="-79.3773970">
    <ele>78.4</ele>
    <time>2020-06-13T15:02:30Z</time>
   </trkpt>
   <trkpt lat="43.6439460" lon="-79.3774100">
    <ele>78.4</ele>
    <time>2020-06-13T15:02:31Z</time>
   </trkpt>
   <trkpt lat="43.6439410" lon="-79.3774240">
    <ele>78.4</ele>
    <time>2020-06-13T15:02:32Z</time>
   </trkpt>
   <trkpt lat="43.6439360" lon="-79.3774290">
    <ele>78.4</ele>
    <time>2020-06-13T15:02:33Z</time>
   </trkpt>
   <trkpt lat="43.6439330" lon="-79.3774300">
    <ele>78.4</ele>
    <time>2020-06-13T15:02:34Z</time>
   </trkpt>
   <trkpt lat="43.6439250" lon="-79.3774300">
    <ele>78.4</ele>
    <time>2020-06-13T15:02:35Z</time>
   </trkpt>
   <trkpt lat="43.6439140" lon="-79.3774140">
    <ele>78.4</ele>
    <time>2020-06-13T15:02:36Z</time>
   </trkpt>
   <trkpt lat="43.6439070" lon="-79.3774140">
    <ele>78.4</ele>
    <time>2020-06-13T15:02:37Z</time>
   </trkpt>
   <trkpt lat="43.6439130" lon="-79.3774040">
    <ele>78.4</ele>
    <time>2020-06-13T15:02:38Z</time>
   </trkpt>
   <trkpt lat="43.6439020" lon="-79.3774150">
    <ele>78.4</ele>
    <time>2020-06-13T15:02:39Z</time>
   </trkpt>
   <trkpt lat="43.6439030" lon="-79.3774280">
    <ele>78.4</ele>
    <time>2020-06-13T15:02:40Z</time>
   </trkpt>
   <trkpt lat="43.6438960" lon="-79.3774450">
    <ele>78.5</ele>
    <time>2020-06-13T15:02:41Z</time>
   </trkpt>
   <trkpt lat="43.6438620" lon="-79.3774850">
    <ele>78.5</ele>
    <time>2020-06-13T15:02:42Z</time>
   </trkpt>
   <trkpt lat="43.6438390" lon="-79.3775110">
    <ele>78.5</ele>
    <time>2020-06-13T15:02:43Z</time>
   </trkpt>
   <trkpt lat="43.6438070" lon="-79.3776020">
    <ele>78.5</ele>
    <time>2020-06-13T15:02:44Z</time>
   </trkpt>
   <trkpt lat="43.6437670" lon="-79.3776180">
    <ele>78.5</ele>
    <time>2020-06-13T15:02:45Z</time>
   </trkpt>
   <trkpt lat="43.6437470" lon="-79.3776260">
    <ele>78.5</ele>
    <time>2020-06-13T15:02:46Z</time>
   </trkpt>
   <trkpt lat="43.6437130" lon="-79.3776350">
    <ele>78.5</ele>
    <time>2020-06-13T15:02:47Z</time>
   </trkpt>
   <trkpt lat="43.6436970" lon="-79.3776420">
    <ele>78.5</ele>
    <time>2020-06-13T15:02:48Z</time>
   </trkpt>
   <trkpt lat="43.6436840" lon="-79.3776410">
    <ele>78.5</ele>
    <time>2020-06-13T15:02:49Z</time>
   </trkpt>
   <trkpt lat="43.6436960" lon="-79.3776340">
    <ele>78.5</ele>
    <time>2020-06-13T15:02:50Z</time>
   </trkpt>
   <trkpt lat="43.6437130" lon="-79.3776320">
    <ele>78.5</ele>
    <time>2020-06-13T15:02:51Z</time>
   </trkpt>
   <trkpt lat="43.6437290" lon="-79.3776300">
    <ele>78.6</ele>
    <time>2020-06-13T15:02:52Z</time>
   </trkpt>
   <trkpt lat="43.6437450" lon="-79.3776280">
    <ele>78.6</ele>
    <time>2020-06-13T15:02:53Z</time>
   </trkpt>
   <trkpt lat="43.6437360" lon="-79.3776460">
    <ele>78.6</ele>
    <time>2020-06-13T15:02:54Z</time>
   </trkpt>
   <trkpt lat="43.6437420" lon="-79.3776480">
    <ele>78.6</ele>
    <time>2020-06-13T15:02:55Z</time>
   </trkpt>
   <trkpt lat="43.6437480" lon="-79.3776490">
    <ele>78.6</ele>
    <time>2020-06-13T15:02:56Z</time>
   </trkpt>
   <trkpt lat="43.6437550" lon="-79.3776500">
    <ele>78.6</ele>
    <time>2020-06-13T15:02:57Z</time>
   </trkpt>
   <trkpt lat="43.6437610" lon="-79.3776520">
    <ele>78.6</ele>
    <time>2020-06-13T15:02:58Z</time>
   </trkpt>
   <trkpt lat="43.6437670" lon="-79.3776530">
    <ele>78.6</ele>
    <time>2020-06-13T15:02:59Z</time>
   </trkpt>
   <trkpt lat="43.6437730" lon="-79.3776550">
    <ele>78.6</ele>
    <time>2020-06-13T15:03:00Z</time>
   </trkpt>
   <trkpt lat="43.6437790" lon="-79.3776560">
    <ele>78.6</ele>
    <time>2020-06-13T15:03:01Z</time>
   </trkpt>
   <trkpt lat="43.6437720" lon="-79.3776870">
    <ele>78.6</ele>
    <time>2020-06-13T15:03:02Z</time>
   </trkpt>
   <trkpt lat="43.6437680" lon="-79.3776970">
    <ele>78.6</ele>
    <time>2020-06-13T15:03:03Z</time>
   </trkpt>
   <trkpt lat="43.6437640" lon="-79.3777060">
    <ele>78.7</ele>
    <time>2020-06-13T15:03:04Z</time>
   </trkpt>
   <trkpt lat="43.6437440" lon="-79.3777360">
    <ele>78.7</ele>
    <time>2020-06-13T15:03:05Z</time>
   </trkpt>
   <trkpt lat="43.6437400" lon="-79.3777510">
    <ele>78.7</ele>
    <time>2020-06-13T15:03:06Z</time>
   </trkpt>
   <trkpt lat="43.6437350" lon="-79.3777660">
    <ele>78.7</ele>
    <time>2020-06-13T15:03:07Z</time>
   </trkpt>
   <trkpt lat="43.6437300" lon="-79.3777800">
    <ele>78.7</ele>
    <time>2020-06-13T15:03:08Z</time>
   </trkpt>
   <trkpt lat="43.6437250" lon="-79.3777950">
    <ele>78.7</ele>
    <time>2020-06-13T15:03:09Z</time>
   </trkpt>
   <trkpt lat="43.6437210" lon="-79.3778100">
    <ele>78.7</ele>
    <time>2020-06-13T15:03:10Z</time>
   </trkpt>
   <trkpt lat="43.6437160" lon="-79.3778250">
    <ele>78.7</ele>
    <time>2020-06-13T15:03:11Z</time>
   </trkpt>
   <trkpt lat="43.6436920" lon="-79.3778420">
    <ele>78.7</ele>
    <time>2020-06-13T15:03:12Z</time>
   </trkpt>
   <trkpt lat="43.6436570" lon="-79.3778230">
    <ele>78.7</ele>
    <time>2020-06-13T15:03:13Z</time>
   </trkpt>
   <trkpt lat="43.6436430" lon="-79.3778070">
    <ele>78.7</ele>
    <time>2020-06-13T15:03:14Z</time>
   </trkpt>
   <trkpt lat="43.6436280" lon="-79.3777900">
    <ele>78.8</ele>
    <time>2020-06-13T15:03:15Z</time>
   </trkpt>
   <trkpt lat="43.6436110" lon="-79.3777770">
    <ele>78.8</ele>
    <time>2020-06-13T15:03:16Z</time>
   </trkpt>
   <trkpt lat="43.6435980" lon="-79.3777700">
    <ele>78.8</ele>
    <time>2020-06-13T15:03:17Z</time>
   </trkpt>
   <trkpt lat="43.6435750" lon="-79.3777800">
    <ele>78.8</ele>
    <time>2020-06-13T15:03:18Z</time>
   </trkpt>
   <trkpt lat="43.6435800" lon="-79.3778090">
    <ele>78.8</ele>
    <time>2020-06-13T15:03:19Z</time>
   </trkpt>
   <trkpt lat="43.6435670" lon="-79.3778570">
    <ele>78.8</ele>
    <time>2020-06-13T15:03:20Z</time>
   </trkpt>
   <trkpt lat="43.6435500" lon="-79.3779230">
    <ele>78.8</ele>
    <time>2020-06-13T15:03:21Z</time>
   </trkpt>
   <trkpt lat="43.6435480" lon="-79.3779430">
    <ele>78.8</ele>
    <time>2020-06-13T15:03:22Z</time>
   </trkpt>
   <trkpt lat="43.6435460" lon="-79.3779620">
    <ele>78.8</ele>
    <time>2020-06-13T15:03:23Z</time>
   </trkpt>
   <trkpt lat="43.6435480" lon="-79.3780000">
    <ele>78.8</ele>
    <time>2020-06-13T15:03:24Z</time>
   </trkpt>
   <trkpt lat="43.6435470" lon="-79.3780210">
    <ele>78.8</ele>
    <time>2020-06-13T15:03:25Z</time>
   </trkpt>
   <trkpt lat="43.6435470" lon="-79.3780410">
    <ele>78.9</ele>
    <time>2020-06-13T15:03:26Z</time>
   </trkpt>
   <trkpt lat="43.6435470" lon="-79.3780610">
    <ele>78.9</ele>
    <time>2020-06-13T15:03:27Z</time>
   </trkpt>
   <trkpt lat="43.6435460" lon="-79.3780820">
    <ele>78.9</ele>
    <time>2020-06-13T15:03:28Z</time>
   </trkpt>
   <trkpt lat="43.6435460" lon="-79.3781020">
    <ele>78.9</ele>
    <time>2020-06-13T15:03:29Z</time>
   </trkpt>
   <trkpt lat="43.6434960" lon="-79.3781110">
    <ele>78.9</ele>
    <time>2020-06-13T15:03:30Z</time>
   </trkpt>
   <trkpt lat="43.6434930" lon="-79.3781050">
    <ele>78.9</ele>
    <time>2020-06-13T15:03:31Z</time>
   </trkpt>
   <trkpt lat="43.6434890" lon="-79.3780990">
    <ele>78.9</ele>
    <time>2020-06-13T15:03:32Z</time>
   </trkpt>
   <trkpt lat="43.6434800" lon="-79.3781040">
    <ele>78.9</ele>
    <time>2020-06-13T15:03:33Z</time>
   </trkpt>
   <trkpt lat="43.6434570" lon="-79.3781200">
    <ele>78.9</ele>
    <time>2020-06-13T15:03:34Z</time>
   </trkpt>
   <trkpt lat="43.6433400" lon="-79.3781610">
    <ele>78.9</ele>
    <time>2020-06-13T15:03:35Z</time>
   </trkpt>
   <trkpt lat="43.6432600" lon="-79.3782140">
    <ele>78.9</ele>
    <time>2020-06-13T15:03:36Z</time>
   </trkpt>
   <trkpt lat="43.6432160" lon="-79.3782490">
    <ele>79.0</ele>
    <time>2020-06-13T15:03:37Z</time>
   </trkpt>
   <trkpt lat="43.6431400" lon="-79.3783500">
    <ele>79.0</ele>
    <time>2020-06-13T15:03:38Z</time>
   </trkpt>
   <trkpt lat="43.6431110" lon="-79.3783570">
    <ele>79.0</ele>
    <time>2020-06-13T15:03:39Z</time>
   </trkpt>
   <trkpt lat="43.6431010" lon="-79.3783650">
    <ele>79.0</ele>
    <time>2020-06-13T15:03:40Z</time>
   </trkpt>
   <trkpt lat="43.6430270" lon="-79.3784220">
    <ele>79.0</ele>
    <time>2020-06-13T15:03:41Z</time>
   </trkpt>
   <trkpt lat="43.6429990" lon="-79.3784300">
    <ele>79.0</ele>
    <time>2020-06-13T15:03:42Z</time>
   </trkpt>
   <trkpt lat="43.6429720" lon="-79.3784370">
    <ele>79.0</ele>
    <time>2020-06-13T15:03:43Z</time>
   </trkpt>
   <trkpt lat="43.6428430" lon="-79.3784290">
    <ele>79.0</ele>
    <time>2020-06-13T15:03:44Z</time>
   </trkpt>
   <trkpt lat="43.6427750" lon="-79.3784310">
    <ele>79.0</ele>
    <time>2020-06-13T15:03:45Z</time>
   </trkpt>
   <trkpt lat="43.6427080" lon="-79.3784340">
    <ele>79.0</ele>
    <time>2020-06-13T15:03:46Z</time>
   </trkpt>
   <trkpt lat="43.6426400" lon="-79.3784360">
    <ele>79.0</ele>
    <time>2020-06-13T15:03:47Z</time>
   </trkpt>
   <trkpt lat="43.6425860" lon="-79.3784500">
    <ele>79.0</ele>
    <time>2020-06-13T15:03:48Z</time>
   </trkpt>
   <trkpt lat="43.6425590" lon="-79.3784820">
    <ele>79.1</ele>
    <time>2020-06-13T15:03:49Z</time>
   </trkpt>
   <trkpt lat="43.6425330" lon="-79.3785140">
    <ele>79.1</ele>
    <time>2020-06-13T15:03:50Z</time>
   </trkpt>
   <trkpt lat="43.6424740" lon="-79.3785940">
    <ele>79.1</ele>
    <time>2020-06-13T15:03:51Z</time>
   </trkpt>
   <trkpt lat="43.6423640" lon="-79.3785920">
    <ele>79.1</ele>
    <time>2020-06-13T15:03:52Z</time>
   </trkpt>
   <trkpt lat="43.6423360" lon="-79.3786490">
    <ele>79.1</ele>
    <time>2020-06-13T15:03:53Z</time>
   </trkpt>
   <trkpt lat="43.6421950" lon="-79.3783610">
    <ele>78.7</ele>
    <time>2020-06-13T15:03:54Z</time>
   </trkpt>
   <trkpt lat="43.6421670" lon="-79.3783360">
    <ele>78.6</ele>
    <time>2020-06-13T15:03:55Z</time>
   </trkpt>
   <trkpt lat="43.6421670" lon="-79.3783350">
    <ele>78.6</ele>
    <time>2020-06-13T15:03:56Z</time>
   </trkpt>
   <trkpt lat="43.6421690" lon="-79.3783380">
    <ele>78.6</ele>
    <time>2020-06-13T15:03:57Z</time>
   </trkpt>
   <trkpt lat="43.6421500" lon="-79.3783240">
    <ele>78.5</ele>
    <time>2020-06-13T15:03:58Z</time>
   </trkpt>
   <trkpt lat="43.6421440" lon="-79.3783310">
    <ele>78.5</ele>
    <time>2020-06-13T15:03:59Z</time>
   </trkpt>
   <trkpt lat="43.6421380" lon="-79.3783210">
    <ele>78.4</ele>
    <time>2020-06-13T15:04:00Z</time>
   </trkpt>
   <trkpt lat="43.6421260" lon="-79.3783120">
    <ele>78.3</ele>
    <time>2020-06-13T15:04:01Z</time>
   </trkpt>
   <trkpt lat="43.6421090" lon="-79.3783070">
    <ele>78.3</ele>
    <time>2020-06-13T15:04:02Z</time>
   </trkpt>
   <trkpt lat="43.6420900" lon="-79.3782940">
    <ele>78.3</ele>
    <time>2020-06-13T15:04:03Z</time>
   </trkpt>
   <trkpt lat="43.6420780" lon="-79.3782830">
    <ele>78.3</ele>
    <time>2020-06-13T15:04:04Z</time>
   </trkpt>
   <trkpt lat="43.6420740" lon="-79.3782450">
    <ele>78.2</ele>
    <time>2020-06-13T15:04:05Z</time>
   </trkpt>
   <trkpt lat="43.6420750" lon="-79.3782110">
    <ele>78.2</ele>
    <time>2020-06-13T15:04:06Z</time>
   </trkpt>
   <trkpt lat="43.6420770" lon="-79.3781700">
    <ele>78.2</ele>
    <time>2020-06-13T15:04:07Z</time>
   </trkpt>
   <trkpt lat="43.6420780" lon="-79.3781360">
    <ele>78.2</ele>
    <time>2020-06-13T15:04:08Z</time>
   </trkpt>
   <trkpt lat="43.6420850" lon="-79.3780730">
    <ele>78.2</ele>
    <time>2020-06-13T15:04:09Z</time>
   </trkpt>
   <trkpt lat="43.6420880" lon="-79.3780350">
    <ele>78.2</ele>
    <time>2020-06-13T15:04:10Z</time>
   </trkpt>
   <trkpt lat="43.6420890" lon="-79.3779920">
    <ele>78.2</ele>
    <time>2020-06-13T15:04:11Z</time>
   </trkpt>
   <trkpt lat="43.6420890" lon="-79.3779520">
    <ele>78.2</ele>
    <time>2020-06-13T15:04:12Z</time>
   </trkpt>
   <trkpt lat="43.6420800" lon="-79.3779000">
    <ele>78.2</ele>
    <time>2020-06-13T15:04:13Z</time>
   </trkpt>
   <trkpt lat="43.6420760" lon="-79.3778820">
    <ele>78.2</ele>
    <time>2020-06-13T15:04:14Z</time>
   </trkpt>
   <trkpt lat="43.6420720" lon="-79.3778330">
    <ele>78.2</ele>
    <time>2020-06-13T15:04:15Z</time>
   </trkpt>
   <trkpt lat="43.6420570" lon="-79.3777060">
    <ele>78.0</ele>
    <time>2020-06-13T15:04:16Z</time>
   </trkpt>
   <trkpt lat="43.6420200" lon="-79.3776390">
    <ele>77.8</ele>
    <time>2020-06-13T15:04:17Z</time>
   </trkpt>
   <trkpt lat="43.6419990" lon="-79.3775960">
    <ele>77.8</ele>
    <time>2020-06-13T15:04:18Z</time>
   </trkpt>
   <trkpt lat="43.6419620" lon="-79.3775860">
    <ele>77.8</ele>
    <time>2020-06-13T15:04:19Z</time>
   </trkpt>
   <trkpt lat="43.6419480" lon="-79.3775810">
    <ele>77.8</ele>
    <time>2020-06-13T15:04:20Z</time>
   </trkpt>
   <trkpt lat="43.6419090" lon="-79.3775690">
    <ele>77.8</ele>
    <time>2020-06-13T15:04:21Z</time>
   </trkpt>
   <trkpt lat="43.6418960" lon="-79.3775650">
    <ele>77.8</ele>
    <time>2020-06-13T15:04:22Z</time>
   </trkpt>
   <trkpt lat="43.6418690" lon="-79.3775580">
    <ele>77.7</ele>
    <time>2020-06-13T15:04:23Z</time>
   </trkpt>
   <trkpt lat="43.6418290" lon="-79.3775360">
    <ele>77.7</ele>
    <time>2020-06-13T15:04:24Z</time>
   </trkpt>
   <trkpt lat="43.6418020" lon="-79.3775290">
    <ele>77.6</ele>
    <time>2020-06-13T15:04:25Z</time>
   </trkpt>
   <trkpt lat="43.6417780" lon="-79.3775090">
    <ele>77.6</ele>
    <time>2020-06-13T15:04:26Z</time>
   </trkpt>
   <trkpt lat="43.6417720" lon="-79.3774980">
    <ele>77.6</ele>
    <time>2020-06-13T15:04:27Z</time>
   </trkpt>
   <trkpt lat="43.6417440" lon="-79.3774680">
    <ele>77.5</ele>
    <time>2020-06-13T15:04:28Z</time>
   </trkpt>
   <trkpt lat="43.6417350" lon="-79.3774580">
    <ele>77.5</ele>
    <time>2020-06-13T15:04:29Z</time>
   </trkpt>
   <trkpt lat="43.6417050" lon="-79.3774070">
    <ele>77.5</ele>
    <time>2020-06-13T15:04:30Z</time>
   </trkpt>
   <trkpt lat="43.6417030" lon="-79.3773500">
    <ele>77.4</ele>
    <time>2020-06-13T15:04:31Z</time>
   </trkpt>
   <trkpt lat="43.6417050" lon="-79.3772850">
    <ele>77.4</ele>
    <time>2020-06-13T15:04:32Z</time>
   </trkpt>
   <trkpt lat="43.6416720" lon="-79.3772570">
    <ele>77.3</ele>
    <time>2020-06-13T15:04:33Z</time>
   </trkpt>
   <trkpt lat="43.6416580" lon="-79.3772490">
    <ele>77.3</ele>
    <time>2020-06-13T15:04:34Z</time>
   </trkpt>
   <trkpt lat="43.6416000" lon="-79.3772320">
    <ele>77.3</ele>
    <time>2020-06-13T15:04:35Z</time>
   </trkpt>
   <trkpt lat="43.6415620" lon="-79.3772180">
    <ele>77.2</ele>
    <time>2020-06-13T15:04:36Z</time>
   </trkpt>
   <trkpt lat="43.6415540" lon="-79.3772060">
    <ele>77.2</ele>
    <time>2020-06-13T15:04:37Z</time>
   </trkpt>
   <trkpt lat="43.6415450" lon="-79.3772000">
    <ele>77.2</ele>
    <time>2020-06-13T15:04:38Z</time>
   </trkpt>
   <trkpt lat="43.6415370" lon="-79.3771930">
    <ele>77.2</ele>
    <time>2020-06-13T15:04:39Z</time>
   </trkpt>
   <trkpt lat="43.6415280" lon="-79.3771870">
    <ele>77.2</ele>
    <time>2020-06-13T15:04:40Z</time>
   </trkpt>
   <trkpt lat="43.6414920" lon="-79.3771740">
    <ele>77.2</ele>
    <time>2020-06-13T15:04:41Z</time>
   </trkpt>
   <trkpt lat="43.6414760" lon="-79.3771660">
    <ele>77.2</ele>
    <time>2020-06-13T15:04:42Z</time>
   </trkpt>
   <trkpt lat="43.6414580" lon="-79.3771470">
    <ele>77.2</ele>
    <time>2020-06-13T15:04:43Z</time>
   </trkpt>
   <trkpt lat="43.6414410" lon="-79.3771620">
    <ele>77.2</ele>
    <time>2020-06-13T15:04:44Z</time>
   </trkpt>
   <trkpt lat="43.6414170" lon="-79.3771790">
    <ele>77.2</ele>
    <time>2020-06-13T15:04:45Z</time>
   </trkpt>
   <trkpt lat="43.6414070" lon="-79.3771860">
    <ele>77.2</ele>
    <time>2020-06-13T15:04:46Z</time>
   </trkpt>
   <trkpt lat="43.6413760" lon="-79.3771650">
    <ele>77.2</ele>
    <time>2020-06-13T15:04:47Z</time>
   </trkpt>
   <trkpt lat="43.6413570" lon="-79.3771430">
    <ele>77.2</ele>
    <time>2020-06-13T15:04:48Z</time>
   </trkpt>
   <trkpt lat="43.6413300" lon="-79.3771180">
    <ele>77.2</ele>
    <time>2020-06-13T15:04:49Z</time>
   </trkpt>
   <trkpt lat="43.6413200" lon="-79.3771130">
    <ele>77.2</ele>
    <time>2020-06-13T15:04:50Z</time>
   </trkpt>
   <trkpt lat="43.6412840" lon="-79.3770940">
    <ele>77.2</ele>
    <time>2020-06-13T15:04:51Z</time>
   </trkpt>
   <trkpt lat="43.6412700" lon="-79.3770860">
    <ele>77.2</ele>
    <time>2020-06-13T15:04:52Z</time>
   </trkpt>
   <trkpt lat="43.6412430" lon="-79.3770540">
    <ele>77.2</ele>
    <time>2020-06-13T15:04:53Z</time>
   </trkpt>
   <trkpt lat="43.6406970" lon="-79.3764680">
    <ele>76.2</ele>
    <time>2020-06-13T15:15:15Z</time>
   </trkpt>
   <trkpt lat="43.6406920" lon="-79.3764920">
    <ele>76.2</ele>
    <time>2020-06-13T15:15:16Z</time>
   </trkpt>
   <trkpt lat="43.6406870" lon="-79.3765160">
    <ele>76.2</ele>
    <time>2020-06-13T15:15:17Z</time>
   </trkpt>
   <trkpt lat="43.6406820" lon="-79.3765400">
    <ele>76.2</ele>
    <time>2020-06-13T15:15:18Z</time>
   </trkpt>
   <trkpt lat="43.6406700" lon="-79.3765650">
    <ele>76.2</ele>
    <time>2020-06-13T15:15:19Z</time>
   </trkpt>
   <trkpt lat="43.6406680" lon="-79.3765680">
    <ele>76.2</ele>
    <time>2020-06-13T15:15:20Z</time>
   </trkpt>
   <trkpt lat="43.6406750" lon="-79.3765590">
    <ele>76.2</ele>
    <time>2020-06-13T15:15:21Z</time>
   </trkpt>
   <trkpt lat="43.6406850" lon="-79.3765570">
    <ele>76.2</ele>
    <time>2020-06-13T15:15:22Z</time>
   </trkpt>
   <trkpt lat="43.6406850" lon="-79.3765660">
    <ele>76.3</ele>
    <time>2020-06-13T15:15:23Z</time>
   </trkpt>
   <trkpt lat="43.6406770" lon="-79.3765850">
    <ele>76.3</ele>
    <time>2020-06-13T15:15:24Z</time>
   </trkpt>
   <trkpt lat="43.6406700" lon="-79.3766290">
    <ele>76.3</ele>
    <time>2020-06-13T15:15:25Z</time>
   </trkpt>
   <trkpt lat="43.6406650" lon="-79.3766880">
    <ele>76.3</ele>
    <time>2020-06-13T15:15:26Z</time>
   </trkpt>
   <trkpt lat="43.6406720" lon="-79.3767360">
    <ele>76.3</ele>
    <time>2020-06-13T15:15:27Z</time>
   </trkpt>
   <trkpt lat="43.6406710" lon="-79.3767850">
    <ele>76.3</ele>
    <time>2020-06-13T15:15:28Z</time>
   </trkpt>
   <trkpt lat="43.6406720" lon="-79.3768390">
    <ele>76.4</ele>
    <time>2020-06-13T15:15:29Z</time>
   </trkpt>
   <trkpt lat="43.6406630" lon="-79.3768920">
    <ele>76.4</ele>
    <time>2020-06-13T15:15:30Z</time>
   </trkpt>
   <trkpt lat="43.6406620" lon="-79.3769090">
    <ele>76.4</ele>
    <time>2020-06-13T15:15:31Z</time>
   </trkpt>
   <trkpt lat="43.6406720" lon="-79.3769620">
    <ele>76.4</ele>
    <time>2020-06-13T15:15:32Z</time>
   </trkpt>
   <trkpt lat="43.6406830" lon="-79.3769910">
    <ele>76.4</ele>
    <time>2020-06-13T15:15:33Z</time>
   </trkpt>
   <trkpt lat="43.6406950" lon="-79.3770080">
    <ele>76.4</ele>
    <time>2020-06-13T15:15:34Z</time>
   </trkpt>
   <trkpt lat="43.6407040" lon="-79.3770160">
    <ele>76.5</ele>
    <time>2020-06-13T15:15:35Z</time>
   </trkpt>
   <trkpt lat="43.6407080" lon="-79.3769970">
    <ele>76.5</ele>
    <time>2020-06-13T15:15:36Z</time>
   </trkpt>
   <trkpt lat="43.6407080" lon="-79.3770110">
    <ele>76.5</ele>
    <time>2020-06-13T15:15:37Z</time>
   </trkpt>
   <trkpt lat="43.6407210" lon="-79.3770060">
    <ele>76.5</ele>
    <time>2020-06-13T15:15:38Z</time>
   </trkpt>
   <trkpt lat="43.6407260" lon="-79.3770100">
    <ele>76.5</ele>
    <time>2020-06-13T15:15:39Z</time>
   </trkpt>
   <trkpt lat="43.6407300" lon="-79.3770110">
    <ele>76.6</ele>
    <time>2020-06-13T15:15:40Z</time>
   </trkpt>
   <trkpt lat="43.6407340" lon="-79.3770080">
    <ele>76.6</ele>
    <time>2020-06-13T15:15:41Z</time>
   </trkpt>
   <trkpt lat="43.6407330" lon="-79.3770320">
    <ele>76.6</ele>
    <time>2020-06-13T15:15:42Z</time>
   </trkpt>
   <trkpt lat="43.6407330" lon="-79.3770590">
    <ele>76.6</ele>
    <time>2020-06-13T15:15:43Z</time>
   </trkpt>
   <trkpt lat="43.6407320" lon="-79.3770850">
    <ele>76.6</ele>
    <time>2020-06-13T15:15:44Z</time>
   </trkpt>
   <trkpt lat="43.6407280" lon="-79.3770930">
    <ele>76.7</ele>
    <time>2020-06-13T15:15:45Z</time>
   </trkpt>
   <trkpt lat="43.6407470" lon="-79.3770970">
    <ele>76.7</ele>
    <time>2020-06-13T15:15:46Z</time>
   </trkpt>
   <trkpt lat="43.6407470" lon="-79.3771030">
    <ele>76.7</ele>
    <time>2020-06-13T15:15:47Z</time>
   </trkpt>
   <trkpt lat="43.6407470" lon="-79.3771030">
    <ele>76.7</ele>
    <time>2020-06-13T15:15:48Z</time>
   </trkpt>
   <trkpt lat="43.6407480" lon="-79.3771010">
    <ele>76.7</ele>
    <time>2020-06-13T15:15:49Z</time>
   </trkpt>
   <trkpt lat="43.6407520" lon="-79.3771230">
    <ele>76.8</ele>
    <time>2020-06-13T15:15:50Z</time>
   </trkpt>
   <trkpt lat="43.6407570" lon="-79.3771380">
    <ele>76.8</ele>
    <time>2020-06-13T15:15:51Z</time>
   </trkpt>
   <trkpt lat="43.6407590" lon="-79.3771690">
    <ele>76.8</ele>
    <time>2020-06-13T15:15:52Z</time>
   </trkpt>
   <trkpt lat="43.6407600" lon="-79.3773390">
    <ele>76.8</ele>
    <time>2020-06-13T15:15:53Z</time>
   </trkpt>
   <trkpt lat="43.6407650" lon="-79.3773390">
    <ele>76.8</ele>
    <time>2020-06-13T15:15:54Z</time>
   </trkpt>
   <trkpt lat="43.6407460" lon="-79.3774100">
    <ele>76.8</ele>
    <time>2020-06-13T15:15:55Z</time>
   </trkpt>
   <trkpt lat="43.6407370" lon="-79.3774520">
    <ele>76.8</ele>
    <time>2020-06-13T15:15:56Z</time>
   </trkpt>
   <trkpt lat="43.6407020" lon="-79.3775130">
    <ele>76.8</ele>
    <time>2020-06-13T15:15:57Z</time>
   </trkpt>
   <trkpt lat="43.6406590" lon="-79.3775620">
    <ele>76.8</ele>
    <time>2020-06-13T15:15:58Z</time>
   </trkpt>
   <trkpt lat="43.6406520" lon="-79.3776220">
    <ele>76.7</ele>
    <time>2020-06-13T15:15:59Z</time>
   </trkpt>
   <trkpt lat="43.6406430" lon="-79.3776800">
    <ele>76.7</ele>
    <time>2020-06-13T15:16:00Z</time>
   </trkpt>
   <trkpt lat="43.6406380" lon="-79.3777020">
    <ele>76.7</ele>
    <time>2020-06-13T15:16:01Z</time>
   </trkpt>
   <trkpt lat="43.6406160" lon="-79.3779340">
    <ele>76.6</ele>
    <time>2020-06-13T15:16:02Z</time>
   </trkpt>
   <trkpt lat="43.6406150" lon="-79.3779610">
    <ele>76.6</ele>
    <time>2020-06-13T15:16:03Z</time>
   </trkpt>
   <trkpt lat="43.6406090" lon="-79.3780500">
    <ele>76.6</ele>
    <time>2020-06-13T15:16:04Z</time>
   </trkpt>
   <trkpt lat="43.6406090" lon="-79.3781250">
    <ele>76.6</ele>
    <time>2020-06-13T15:16:05Z</time>
   </trkpt>
   <trkpt lat="43.6405970" lon="-79.3781650">
    <ele>76.6</ele>
    <time>2020-06-13T15:16:06Z</time>
   </trkpt>
   <trkpt lat="43.6405840" lon="-79.3782110">
    <ele>76.6</ele>
    <time>2020-06-13T15:16:07Z</time>
   </trkpt>
   <trkpt lat="43.6405730" lon="-79.3782530">
    <ele>76.6</ele>
    <time>2020-06-13T15:16:08Z</time>
   </trkpt>
   <trkpt lat="43.6405550" lon="-79.3782980">
    <ele>76.6</ele>
    <time>2020-06-13T15:16:09Z</time>
   </trkpt>
   <trkpt lat="43.6405260" lon="-79.3783430">
    <ele>76.7</ele>
    <time>2020-06-13T15:16:10Z</time>
   </trkpt>
   <trkpt lat="43.6405170" lon="-79.3783630">
    <ele>76.7</ele>
    <time>2020-06-13T15:16:11Z</time>
   </trkpt>
   <trkpt lat="43.6404870" lon="-79.3784000">
    <ele>76.7</ele>
    <time>2020-06-13T15:16:12Z</time>
   </trkpt>
   <trkpt lat="43.6404770" lon="-79.3785430">
    <ele>76.7</ele>
    <time>2020-06-13T15:16:13Z</time>
   </trkpt>
   <trkpt lat="43.6404480" lon="-79.3786010">
    <ele>76.7</ele>
    <time>2020-06-13T15:16:14Z</time>
   </trkpt>
   <trkpt lat="43.6404350" lon="-79.3786500">
    <ele>76.7</ele>
    <time>2020-06-13T15:16:15Z</time>
   </trkpt>
   <trkpt lat="43.6404190" lon="-79.3787390">
    <ele>76.7</ele>
    <time>2020-06-13T15:16:16Z</time>
   </trkpt>
   <trkpt lat="43.6404100" lon="-79.3787770">
    <ele>76.7</ele>
    <time>2020-06-13T15:16:17Z</time>
   </trkpt>
   <trkpt lat="43.6403870" lon="-79.3788460">
    <ele>76.8</ele>
    <time>2020-06-13T15:16:18Z</time>
   </trkpt>
   <trkpt lat="43.6403870" lon="-79.3788890">
    <ele>76.8</ele>
    <time>2020-06-13T15:16:19Z</time>
   </trkpt>
   <trkpt lat="43.6403860" lon="-79.3789620">
    <ele>76.8</ele>
    <time>2020-06-13T15:16:20Z</time>
   </trkpt>
   <trkpt lat="43.6403720" lon="-79.3789960">
    <ele>76.8</ele>
    <time>2020-06-13T15:16:21Z</time>
   </trkpt>
   <trkpt lat="43.6403540" lon="-79.3790300">
    <ele>76.8</ele>
    <time>2020-06-13T15:16:22Z</time>
   </trkpt>
   <trkpt lat="43.6403470" lon="-79.3790360">
    <ele>76.8</ele>
    <time>2020-06-13T15:16:23Z</time>
   </trkpt>
   <trkpt lat="43.6403370" lon="-79.3790770">
    <ele>76.8</ele>
    <time>2020-06-13T15:16:24Z</time>
   </trkpt>
   <trkpt lat="43.6403360" lon="-79.3791050">
    <ele>76.9</ele>
    <time>2020-06-13T15:16:25Z</time>
   </trkpt>
   <trkpt lat="43.6403340" lon="-79.3791340">
    <ele>76.9</ele>
    <time>2020-06-13T15:16:26Z</time>
   </trkpt>
   <trkpt lat="43.6403490" lon="-79.3791900">
    <ele>76.9</ele>
    <time>2020-06-13T15:16:27Z</time>
   </trkpt>
   <trkpt lat="43.6403620" lon="-79.3792250">
    <ele>76.9</ele>
    <time>2020-06-13T15:16:28Z</time>
   </trkpt>
   <trkpt lat="43.6403640" lon="-79.3792580">
    <ele>77.0</ele>
    <time>2020-06-13T15:16:29Z</time>
   </trkpt>
   <trkpt lat="43.6403590" lon="-79.3792730">
    <ele>77.0</ele>
    <time>2020-06-13T15:16:30Z</time>
   </trkpt>
   <trkpt lat="43.6403530" lon="-79.3792890">
    <ele>77.0</ele>
    <time>2020-06-13T15:16:31Z</time>
   </trkpt>
   <trkpt lat="43.6403310" lon="-79.3793380">
    <ele>77.0</ele>
    <time>2020-06-13T15:16:32Z</time>
   </trkpt>
   <trkpt lat="43.6403200" lon="-79.3793570">
    <ele>77.0</ele>
    <time>2020-06-13T15:16:33Z</time>
   </trkpt>
   <trkpt lat="43.6402890" lon="-79.3794260">
    <ele>77.1</ele>
    <time>2020-06-13T15:16:34Z</time>
   </trkpt>
   <trkpt lat="43.6402660" lon="-79.3794580">
    <ele>77.1</ele>
    <time>2020-06-13T15:16:35Z</time>
   </trkpt>
   <trkpt lat="43.6402360" lon="-79.3794890">
    <ele>77.1</ele>
    <time>2020-06-13T15:16:36Z</time>
   </trkpt>
   <trkpt lat="43.6402050" lon="-79.3795350">
    <ele>77.2</ele>
    <time>2020-06-13T15:16:37Z</time>
   </trkpt>
   <trkpt lat="43.6401720" lon="-79.3795840">
    <ele>77.2</ele>
    <time>2020-06-13T15:16:38Z</time>
   </trkpt>
   <trkpt lat="43.6401420" lon="-79.3796030">
    <ele>77.2</ele>
    <time>2020-06-13T15:16:39Z</time>
   </trkpt>
   <trkpt lat="43.6401080" lon="-79.3796710">
    <ele>77.3</ele>
    <time>2020-06-13T15:16:40Z</time>
   </trkpt>
   <trkpt lat="43.6400750" lon="-79.3796930">
    <ele>77.3</ele>
    <time>2020-06-13T15:16:41Z</time>
   </trkpt>
   <trkpt lat="43.6400630" lon="-79.3797000">
    <ele>77.4</ele>
    <time>2020-06-13T15:16:42Z</time>
   </trkpt>
   <trkpt lat="43.6400370" lon="-79.3797260">
    <ele>77.4</ele>
    <time>2020-06-13T15:16:43Z</time>
   </trkpt>
   <trkpt lat="43.6400270" lon="-79.3797400">
    <ele>77.4</ele>
    <time>2020-06-13T15:16:44Z</time>
   </trkpt>
   <trkpt lat="43.6400150" lon="-79.3797610">
    <ele>77.4</ele>
    <time>2020-06-13T15:16:45Z</time>
   </trkpt>
   <trkpt lat="43.6400150" lon="-79.3798260">
    <ele>77.5</ele>
    <time>2020-06-13T15:16:46Z</time>
   </trkpt>
   <trkpt lat="43.6399940" lon="-79.3798630">
    <ele>77.5</ele>
    <time>2020-06-13T15:16:47Z</time>
   </trkpt>
   <trkpt lat="43.6399780" lon="-79.3799020">
    <ele>77.4</ele>
    <time>2020-06-13T15:16:48Z</time>
   </trkpt>
   <trkpt lat="43.6399690" lon="-79.3799130">
    <ele>77.4</ele>
    <time>2020-06-13T15:16:49Z</time>
   </trkpt>
   <trkpt lat="43.6399450" lon="-79.3799510">
    <ele>77.4</ele>
    <time>2020-06-13T15:16:50Z</time>
   </trkpt>
   <trkpt lat="43.6399370" lon="-79.3799600">
    <ele>77.4</ele>
    <time>2020-06-13T15:16:51Z</time>
   </trkpt>
   <trkpt lat="43.6399240" lon="-79.3800530">
    <ele>77.3</ele>
    <time>2020-06-13T15:16:52Z</time>
   </trkpt>
   <trkpt lat="43.6399040" lon="-79.3801040">
    <ele>77.2</ele>
    <time>2020-06-13T15:16:53Z</time>
   </trkpt>
   <trkpt lat="43.6398930" lon="-79.3801250">
    <ele>77.2</ele>
    <time>2020-06-13T15:16:54Z</time>
   </trkpt>
   <trkpt lat="43.6398870" lon="-79.3801460">
    <ele>77.2</ele>
    <time>2020-06-13T15:16:55Z</time>
   </trkpt>
   <trkpt lat="43.6398930" lon="-79.3801640">
    <ele>77.2</ele>
    <time>2020-06-13T15:16:56Z</time>
   </trkpt>
   <trkpt lat="43.6398840" lon="-79.3802210">
    <ele>77.1</ele>
    <time>2020-06-13T15:16:57Z</time>
   </trkpt>
   <trkpt lat="43.6398840" lon="-79.3802570">
    <ele>77.1</ele>
    <time>2020-06-13T15:16:58Z</time>
   </trkpt>
   <trkpt lat="43.6398890" lon="-79.3802960">
    <ele>77.0</ele>
    <time>2020-06-13T15:16:59Z</time>
   </trkpt>
   <trkpt lat="43.6399010" lon="-79.3803350">
    <ele>77.0</ele>
    <time>2020-06-13T15:17:00Z</time>
   </trkpt>
   <trkpt lat="43.6399070" lon="-79.3803470">
    <ele>77.0</ele>
    <time>2020-06-13T15:17:01Z</time>
   </trkpt>
   <trkpt lat="43.6398940" lon="-79.3803980">
    <ele>77.0</ele>
    <time>2020-06-13T15:17:02Z</time>
   </trkpt>
   <trkpt lat="43.6398720" lon="-79.3804600">
    <ele>76.9</ele>
    <time>2020-06-13T15:17:03Z</time>
   </trkpt>
   <trkpt lat="43.6398580" lon="-79.3805060">
    <ele>76.9</ele>
    <time>2020-06-13T15:17:04Z</time>
   </trkpt>
   <trkpt lat="43.6398540" lon="-79.3805260">
    <ele>76.9</ele>
    <time>2020-06-13T15:17:05Z</time>
   </trkpt>
   <trkpt lat="43.6398550" lon="-79.3805650">
    <ele>76.9</ele>
    <time>2020-06-13T15:17:06Z</time>
   </trkpt>
   <trkpt lat="43.6398520" lon="-79.3805840">
    <ele>76.9</ele>
    <time>2020-06-13T15:17:07Z</time>
   </trkpt>
   <trkpt lat="43.6398380" lon="-79.3806260">
    <ele>76.9</ele>
    <time>2020-06-13T15:17:08Z</time>
   </trkpt>
   <trkpt lat="43.6398330" lon="-79.3806390">
    <ele>76.9</ele>
    <time>2020-06-13T15:17:09Z</time>
   </trkpt>
   <trkpt lat="43.6398190" lon="-79.3806920">
    <ele>76.9</ele>
    <time>2020-06-13T15:17:10Z</time>
   </trkpt>
   <trkpt lat="43.6398150" lon="-79.3807140">
    <ele>76.9</ele>
    <time>2020-06-13T15:17:11Z</time>
   </trkpt>
   <trkpt lat="43.6398040" lon="-79.3807690">
    <ele>76.9</ele>
    <time>2020-06-13T15:17:12Z</time>
   </trkpt>
   <trkpt lat="43.6397920" lon="-79.3808110">
    <ele>76.9</ele>
    <time>2020-06-13T15:17:13Z</time>
   </trkpt>
   <trkpt lat="43.6397880" lon="-79.3808250">
    <ele>76.9</ele>
    <time>2020-06-13T15:17:14Z</time>
   </trkpt>
   <trkpt lat="43.6397830" lon="-79.3808740">
    <ele>77.0</ele>
    <time>2020-06-13T15:17:15Z</time>
   </trkpt>
   <trkpt lat="43.6397820" lon="-79.3808860">
    <ele>77.0</ele>
    <time>2020-06-13T15:17:16Z</time>
   </trkpt>
   <trkpt lat="43.6397730" lon="-79.3809320">
    <ele>77.0</ele>
    <time>2020-06-13T15:17:17Z</time>
   </trkpt>
   <trkpt lat="43.6397600" lon="-79.3809820">
    <ele>77.0</ele>
    <time>2020-06-13T15:17:18Z</time>
   </trkpt>
   <trkpt lat="43.6397530" lon="-79.3810260">
    <ele>77.0</ele>
    <time>2020-06-13T15:17:19Z</time>
   </trkpt>
   <trkpt lat="43.6397400" lon="-79.3810820">
    <ele>77.0</ele>
    <time>2020-06-13T15:17:20Z</time>
   </trkpt>
   <trkpt lat="43.6397340" lon="-79.3811260">
    <ele>77.0</ele>
    <time>2020-06-13T15:17:21Z</time>
   </trkpt>
   <trkpt lat="43.6397250" lon="-79.3811710">
    <ele>77.0</ele>
    <time>2020-06-13T15:17:22Z</time>
   </trkpt>
   <trkpt lat="43.6397130" lon="-79.3812180">
    <ele>77.0</ele>
    <time>2020-06-13T15:17:23Z</time>
   </trkpt>
   <trkpt lat="43.6397060" lon="-79.3812880">
    <ele>77.0</ele>
    <time>2020-06-13T15:17:24Z</time>
   </trkpt>
   <trkpt lat="43.6396890" lon="-79.3813180">
    <ele>77.0</ele>
    <time>2020-06-13T15:17:25Z</time>
   </trkpt>
   <trkpt lat="43.6396790" lon="-79.3813670">
    <ele>77.0</ele>
    <time>2020-06-13T15:17:26Z</time>
   </trkpt>
   <trkpt lat="43.6396730" lon="-79.3813840">
    <ele>77.0</ele>
    <time>2020-06-13T15:17:27Z</time>
   </trkpt>
   <trkpt lat="43.6396640" lon="-79.3814240">
    <ele>77.0</ele>
    <time>2020-06-13T15:17:28Z</time>
   </trkpt>
   <trkpt lat="43.6396610" lon="-79.3814340">
    <ele>77.0</ele>
    <time>2020-06-13T15:17:29Z</time>
   </trkpt>
   <trkpt lat="43.6396520" lon="-79.3814770">
    <ele>77.0</ele>
    <time>2020-06-13T15:17:30Z</time>
   </trkpt>
   <trkpt lat="43.6396440" lon="-79.3815190">
    <ele>77.0</ele>
    <time>2020-06-13T15:17:31Z</time>
   </trkpt>
   <trkpt lat="43.6396320" lon="-79.3815580">
    <ele>77.0</ele>
    <time>2020-06-13T15:17:32Z</time>
   </trkpt>
   <trkpt lat="43.6396200" lon="-79.3816040">
    <ele>77.0</ele>
    <time>2020-06-13T15:17:33Z</time>
   </trkpt>
   <trkpt lat="43.6396160" lon="-79.3816220">
    <ele>77.0</ele>
    <time>2020-06-13T15:17:34Z</time>
   </trkpt>
   <trkpt lat="43.6396090" lon="-79.3816590">
    <ele>77.1</ele>
    <time>2020-06-13T15:17:35Z</time>
   </trkpt>
   <trkpt lat="43.6396050" lon="-79.3817130">
    <ele>77.0</ele>
    <time>2020-06-13T15:17:36Z</time>
   </trkpt>
   <trkpt lat="43.6395910" lon="-79.3817590">
    <ele>77.0</ele>
    <time>2020-06-13T15:17:37Z</time>
   </trkpt>
   <trkpt lat="43.6395860" lon="-79.3818070">
    <ele>76.9</ele>
    <time>2020-06-13T15:17:38Z</time>
   </trkpt>
   <trkpt lat="43.6395760" lon="-79.3818560">
    <ele>76.9</ele>
    <time>2020-06-13T15:17:39Z</time>
   </trkpt>
   <trkpt lat="43.6395690" lon="-79.3818930">
    <ele>76.9</ele>
    <time>2020-06-13T15:17:40Z</time>
   </trkpt>
   <trkpt lat="43.6395720" lon="-79.3819380">
    <ele>76.8</ele>
    <time>2020-06-13T15:17:41Z</time>
   </trkpt>
   <trkpt lat="43.6395590" lon="-79.3819890">
    <ele>76.8</ele>
    <time>2020-06-13T15:17:42Z</time>
   </trkpt>
   <trkpt lat="43.6395520" lon="-79.3820110">
    <ele>76.8</ele>
    <time>2020-06-13T15:17:43Z</time>
   </trkpt>
   <trkpt lat="43.6395470" lon="-79.3820670">
    <ele>76.8</ele>
    <time>2020-06-13T15:17:44Z</time>
   </trkpt>
   <trkpt lat="43.6395390" lon="-79.3821020">
    <ele>76.8</ele>
    <time>2020-06-13T15:17:45Z</time>
   </trkpt>
   <trkpt lat="43.6395330" lon="-79.3821460">
    <ele>76.8</ele>
    <time>2020-06-13T15:17:46Z</time>
   </trkpt>
   <trkpt lat="43.6395320" lon="-79.3821570">
    <ele>76.8</ele>
    <time>2020-06-13T15:17:47Z</time>
   </trkpt>
   <trkpt lat="43.6395210" lon="-79.3821970">
    <ele>76.8</ele>
    <time>2020-06-13T15:17:48Z</time>
   </trkpt>
   <trkpt lat="43.6395180" lon="-79.3822220">
    <ele>76.8</ele>
    <time>2020-06-13T15:17:49Z</time>
   </trkpt>
   <trkpt lat="43.6395200" lon="-79.3822700">
    <ele>76.8</ele>
    <time>2020-06-13T15:17:50Z</time>
   </trkpt>
   <trkpt lat="43.6395190" lon="-79.3823150">
    <ele>76.8</ele>
    <time>2020-06-13T15:17:51Z</time>
   </trkpt>
   <trkpt lat="43.6395160" lon="-79.3823690">
    <ele>76.8</ele>
    <time>2020-06-13T15:17:52Z</time>
   </trkpt>
   <trkpt lat="43.6395190" lon="-79.3824120">
    <ele>76.8</ele>
    <time>2020-06-13T15:17:53Z</time>
   </trkpt>
   <trkpt lat="43.6395100" lon="-79.3824570">
    <ele>76.9</ele>
    <time>2020-06-13T15:17:54Z</time>
   </trkpt>
   <trkpt lat="43.6395060" lon="-79.3824720">
    <ele>76.9</ele>
    <time>2020-06-13T15:17:55Z</time>
   </trkpt>
   <trkpt lat="43.6395020" lon="-79.3825400">
    <ele>76.9</ele>
    <time>2020-06-13T15:17:56Z</time>
   </trkpt>
   <trkpt lat="43.6394900" lon="-79.3826040">
    <ele>76.9</ele>
    <time>2020-06-13T15:17:57Z</time>
   </trkpt>
   <trkpt lat="43.6394880" lon="-79.3826350">
    <ele>77.0</ele>
    <time>2020-06-13T15:17:58Z</time>
   </trkpt>
   <trkpt lat="43.6394710" lon="-79.3826780">
    <ele>77.0</ele>
    <time>2020-06-13T15:17:59Z</time>
   </trkpt>
   <trkpt lat="43.6394560" lon="-79.3827340">
    <ele>77.0</ele>
    <time>2020-06-13T15:18:00Z</time>
   </trkpt>
   <trkpt lat="43.6394500" lon="-79.3827550">
    <ele>77.0</ele>
    <time>2020-06-13T15:18:01Z</time>
   </trkpt>
   <trkpt lat="43.6394410" lon="-79.3827940">
    <ele>77.0</ele>
    <time>2020-06-13T15:18:02Z</time>
   </trkpt>
   <trkpt lat="43.6394390" lon="-79.3828660">
    <ele>77.0</ele>
    <time>2020-06-13T15:18:03Z</time>
   </trkpt>
   <trkpt lat="43.6394410" lon="-79.3829030">
    <ele>77.0</ele>
    <time>2020-06-13T15:18:04Z</time>
   </trkpt>
   <trkpt lat="43.6394320" lon="-79.3829460">
    <ele>77.0</ele>
    <time>2020-06-13T15:18:05Z</time>
   </trkpt>
   <trkpt lat="43.6394290" lon="-79.3829620">
    <ele>77.0</ele>
    <time>2020-06-13T15:18:06Z</time>
   </trkpt>
   <trkpt lat="43.6394210" lon="-79.3830150">
    <ele>77.0</ele>
    <time>2020-06-13T15:18:07Z</time>
   </trkpt>
   <trkpt lat="43.6394170" lon="-79.3830320">
    <ele>77.0</ele>
    <time>2020-06-13T15:18:08Z</time>
   </trkpt>
   <trkpt lat="43.6394110" lon="-79.3830810">
    <ele>76.9</ele>
    <time>2020-06-13T15:18:09Z</time>
   </trkpt>
   <trkpt lat="43.6394100" lon="-79.3831010">
    <ele>76.9</ele>
    <time>2020-06-13T15:18:10Z</time>
   </trkpt>
   <trkpt lat="43.6394020" lon="-79.3831400">
    <ele>76.9</ele>
    <time>2020-06-13T15:18:11Z</time>
   </trkpt>
   <trkpt lat="43.6393930" lon="-79.3831760">
    <ele>76.9</ele>
    <time>2020-06-13T15:18:12Z</time>
   </trkpt>
   <trkpt lat="43.6393840" lon="-79.3832150">
    <ele>76.9</ele>
    <time>2020-06-13T15:18:13Z</time>
   </trkpt>
   <trkpt lat="43.6393760" lon="-79.3832680">
    <ele>76.9</ele>
    <time>2020-06-13T15:18:14Z</time>
   </trkpt>
   <trkpt lat="43.6393730" lon="-79.3832880">
    <ele>76.9</ele>
    <time>2020-06-13T15:18:15Z</time>
   </trkpt>
   <trkpt lat="43.6393720" lon="-79.3833440">
    <ele>76.9</ele>
    <time>2020-06-13T15:18:16Z</time>
   </trkpt>
   <trkpt lat="43.6393600" lon="-79.3833940">
    <ele>76.9</ele>
    <time>2020-06-13T15:18:17Z</time>
   </trkpt>
   <trkpt lat="43.6393540" lon="-79.3834110">
    <ele>76.9</ele>
    <time>2020-06-13T15:18:18Z</time>
   </trkpt>
   <trkpt lat="43.6393470" lon="-79.3834470">
    <ele>76.9</ele>
    <time>2020-06-13T15:18:19Z</time>
   </trkpt>
   <trkpt lat="43.6393380" lon="-79.3834880">
    <ele>76.9</ele>
    <time>2020-06-13T15:18:20Z</time>
   </trkpt>
   <trkpt lat="43.6393220" lon="-79.3835300">
    <ele>76.9</ele>
    <time>2020-06-13T15:18:21Z</time>
   </trkpt>
   <trkpt lat="43.6393220" lon="-79.3835880">
    <ele>76.8</ele>
    <time>2020-06-13T15:18:22Z</time>
   </trkpt>
   <trkpt lat="43.6393150" lon="-79.3836430">
    <ele>76.8</ele>
    <time>2020-06-13T15:18:23Z</time>
   </trkpt>
   <trkpt lat="43.6393120" lon="-79.3836630">
    <ele>76.8</ele>
    <time>2020-06-13T15:18:24Z</time>
   </trkpt>
   <trkpt lat="43.6393080" lon="-79.3837160">
    <ele>76.8</ele>
    <time>2020-06-13T15:18:25Z</time>
   </trkpt>
   <trkpt lat="43.6393070" lon="-79.3837320">
    <ele>76.8</ele>
    <time>2020-06-13T15:18:26Z</time>
   </trkpt>
   <trkpt lat="43.6392880" lon="-79.3837960">
    <ele>76.8</ele>
    <time>2020-06-13T15:18:27Z</time>
   </trkpt>
   <trkpt lat="43.6392760" lon="-79.3838830">
    <ele>76.8</ele>
    <time>2020-06-13T15:18:28Z</time>
   </trkpt>
   <trkpt lat="43.6392700" lon="-79.3839260">
    <ele>76.8</ele>
    <time>2020-06-13T15:18:29Z</time>
   </trkpt>
   <trkpt lat="43.6392650" lon="-79.3839700">
    <ele>76.8</ele>
    <time>2020-06-13T15:18:30Z</time>
   </trkpt>
   <trkpt lat="43.6392630" lon="-79.3839860">
    <ele>76.8</ele>
    <time>2020-06-13T15:18:31Z</time>
   </trkpt>
   <trkpt lat="43.6392560" lon="-79.3840320">
    <ele>76.8</ele>
    <time>2020-06-13T15:18:32Z</time>
   </trkpt>
   <trkpt lat="43.6392540" lon="-79.3840450">
    <ele>76.8</ele>
    <time>2020-06-13T15:18:33Z</time>
   </trkpt>
   <trkpt lat="43.6392660" lon="-79.3840960">
    <ele>76.7</ele>
    <time>2020-06-13T15:18:34Z</time>
   </trkpt>
   <trkpt lat="43.6392670" lon="-79.3841350">
    <ele>76.7</ele>
    <time>2020-06-13T15:18:35Z</time>
   </trkpt>
   <trkpt lat="43.6392680" lon="-79.3841480">
    <ele>76.7</ele>
    <time>2020-06-13T15:18:36Z</time>
   </trkpt>
   <trkpt lat="43.6392620" lon="-79.3841870">
    <ele>76.7</ele>
    <time>2020-06-13T15:18:37Z</time>
   </trkpt>
   <trkpt lat="43.6392520" lon="-79.3842460">
    <ele>76.7</ele>
    <time>2020-06-13T15:18:38Z</time>
   </trkpt>
   <trkpt lat="43.6392450" lon="-79.3842670">
    <ele>76.7</ele>
    <time>2020-06-13T15:18:39Z</time>
   </trkpt>
   <trkpt lat="43.6392360" lon="-79.3843320">
    <ele>76.7</ele>
    <time>2020-06-13T15:18:40Z</time>
   </trkpt>
   <trkpt lat="43.6392190" lon="-79.3843950">
    <ele>76.7</ele>
    <time>2020-06-13T15:18:41Z</time>
   </trkpt>
   <trkpt lat="43.6392100" lon="-79.3844390">
    <ele>76.7</ele>
    <time>2020-06-13T15:18:42Z</time>
   </trkpt>
   <trkpt lat="43.6392030" lon="-79.3844800">
    <ele>76.7</ele>
    <time>2020-06-13T15:18:43Z</time>
   </trkpt>
   <trkpt lat="43.6391940" lon="-79.3845370">
    <ele>76.6</ele>
    <time>2020-06-13T15:18:44Z</time>
   </trkpt>
   <trkpt lat="43.6391920" lon="-79.3845600">
    <ele>76.6</ele>
    <time>2020-06-13T15:18:45Z</time>
   </trkpt>
   <trkpt lat="43.6391860" lon="-79.3846060">
    <ele>76.6</ele>
    <time>2020-06-13T15:18:46Z</time>
   </trkpt>
   <trkpt lat="43.6391780" lon="-79.3846590">
    <ele>76.6</ele>
    <time>2020-06-13T15:18:47Z</time>
   </trkpt>
   <trkpt lat="43.6391710" lon="-79.3847080">
    <ele>76.6</ele>
    <time>2020-06-13T15:18:48Z</time>
   </trkpt>
   <trkpt lat="43.6391670" lon="-79.3847250">
    <ele>76.6</ele>
    <time>2020-06-13T15:18:49Z</time>
   </trkpt>
   <trkpt lat="43.6391650" lon="-79.3847650">
    <ele>76.6</ele>
    <time>2020-06-13T15:18:50Z</time>
   </trkpt>
   <trkpt lat="43.6391640" lon="-79.3847800">
    <ele>76.6</ele>
    <time>2020-06-13T15:18:51Z</time>
   </trkpt>
   <trkpt lat="43.6391590" lon="-79.3848320">
    <ele>76.6</ele>
    <time>2020-06-13T15:18:52Z</time>
   </trkpt>
   <trkpt lat="43.6391560" lon="-79.3848540">
    <ele>76.6</ele>
    <time>2020-06-13T15:18:53Z</time>
   </trkpt>
   <trkpt lat="43.6391540" lon="-79.3848930">
    <ele>76.6</ele>
    <time>2020-06-13T15:18:54Z</time>
   </trkpt>
   <trkpt lat="43.6391530" lon="-79.3849350">
    <ele>76.6</ele>
    <time>2020-06-13T15:18:55Z</time>
   </trkpt>
   <trkpt lat="43.6391490" lon="-79.3849750">
    <ele>76.6</ele>
    <time>2020-06-13T15:18:56Z</time>
   </trkpt>
   <trkpt lat="43.6391450" lon="-79.3850160">
    <ele>76.6</ele>
    <time>2020-06-13T15:18:57Z</time>
   </trkpt>
   <trkpt lat="43.6391360" lon="-79.3850620">
    <ele>76.6</ele>
    <time>2020-06-13T15:18:58Z</time>
   </trkpt>
   <trkpt lat="43.6391290" lon="-79.3850730">
    <ele>76.6</ele>
    <time>2020-06-13T15:18:59Z</time>
   </trkpt>
   <trkpt lat="43.6391140" lon="-79.3851180">
    <ele>76.6</ele>
    <time>2020-06-13T15:19:00Z</time>
   </trkpt>
   <trkpt lat="43.6391090" lon="-79.3851370">
    <ele>76.6</ele>
    <time>2020-06-13T15:19:01Z</time>
   </trkpt>
   <trkpt lat="43.6390970" lon="-79.3851790">
    <ele>76.6</ele>
    <time>2020-06-13T15:19:02Z</time>
   </trkpt>
   <trkpt lat="43.6390930" lon="-79.3851950">
    <ele>76.7</ele>
    <time>2020-06-13T15:19:03Z</time>
   </trkpt>
   <trkpt lat="43.6390790" lon="-79.3852440">
    <ele>76.7</ele>
    <time>2020-06-13T15:19:04Z</time>
   </trkpt>
   <trkpt lat="43.6390730" lon="-79.3852900">
    <ele>76.7</ele>
    <time>2020-06-13T15:19:05Z</time>
   </trkpt>
   <trkpt lat="43.6390660" lon="-79.3853500">
    <ele>76.8</ele>
    <time>2020-06-13T15:19:06Z</time>
   </trkpt>
   <trkpt lat="43.6390610" lon="-79.3853840">
    <ele>76.8</ele>
    <time>2020-06-13T15:19:07Z</time>
   </trkpt>
   <trkpt lat="43.6390580" lon="-79.3854190">
    <ele>76.8</ele>
    <time>2020-06-13T15:19:08Z</time>
   </trkpt>
   <trkpt lat="43.6390570" lon="-79.3854750">
    <ele>76.9</ele>
    <time>2020-06-13T15:19:09Z</time>
   </trkpt>
   <trkpt lat="43.6390560" lon="-79.3854950">
    <ele>76.9</ele>
    <time>2020-06-13T15:19:10Z</time>
   </trkpt>
   <trkpt lat="43.6390570" lon="-79.3855390">
    <ele>76.9</ele>
    <time>2020-06-13T15:19:11Z</time>
   </trkpt>
   <trkpt lat="43.6390480" lon="-79.3855790">
    <ele>76.9</ele>
    <time>2020-06-13T15:19:12Z</time>
   </trkpt>
   <trkpt lat="43.6390480" lon="-79.3856030">
    <ele>76.9</ele>
    <time>2020-06-13T15:19:13Z</time>
   </trkpt>
   <trkpt lat="43.6390280" lon="-79.3856160">
    <ele>76.9</ele>
    <time>2020-06-13T15:19:14Z</time>
   </trkpt>
   <trkpt lat="43.6390110" lon="-79.3856610">
    <ele>76.9</ele>
    <time>2020-06-13T15:19:15Z</time>
   </trkpt>
   <trkpt lat="43.6390060" lon="-79.3856760">
    <ele>76.9</ele>
    <time>2020-06-13T15:19:16Z</time>
   </trkpt>
   <trkpt lat="43.6389870" lon="-79.3857090">
    <ele>76.9</ele>
    <time>2020-06-13T15:19:17Z</time>
   </trkpt>
   <trkpt lat="43.6389800" lon="-79.3857230">
    <ele>76.9</ele>
    <time>2020-06-13T15:19:18Z</time>
   </trkpt>
   <trkpt lat="43.6389620" lon="-79.3857540">
    <ele>76.9</ele>
    <time>2020-06-13T15:19:19Z</time>
   </trkpt>
   <trkpt lat="43.6389560" lon="-79.3857640">
    <ele>76.9</ele>
    <time>2020-06-13T15:19:20Z</time>
   </trkpt>
   <trkpt lat="43.6389390" lon="-79.3858020">
    <ele>77.0</ele>
    <time>2020-06-13T15:19:21Z</time>
   </trkpt>
   <trkpt lat="43.6389330" lon="-79.3858150">
    <ele>77.0</ele>
    <time>2020-06-13T15:19:22Z</time>
   </trkpt>
   <trkpt lat="43.6389160" lon="-79.3858500">
    <ele>77.0</ele>
    <time>2020-06-13T15:19:23Z</time>
   </trkpt>
   <trkpt lat="43.6389090" lon="-79.3858620">
    <ele>77.0</ele>
    <time>2020-06-13T15:19:24Z</time>
   </trkpt>
   <trkpt lat="43.6388890" lon="-79.3859130">
    <ele>77.0</ele>
    <time>2020-06-13T15:19:25Z</time>
   </trkpt>
   <trkpt lat="43.6388810" lon="-79.3859330">
    <ele>77.0</ele>
    <time>2020-06-13T15:19:26Z</time>
   </trkpt>
   <trkpt lat="43.6388580" lon="-79.3859730">
    <ele>77.0</ele>
    <time>2020-06-13T15:19:27Z</time>
   </trkpt>
   <trkpt lat="43.6388510" lon="-79.3859900">
    <ele>77.0</ele>
    <time>2020-06-13T15:19:28Z</time>
   </trkpt>
   <trkpt lat="43.6388390" lon="-79.3860290">
    <ele>77.0</ele>
    <time>2020-06-13T15:19:29Z</time>
   </trkpt>
   <trkpt lat="43.6388310" lon="-79.3860380">
    <ele>77.0</ele>
    <time>2020-06-13T15:19:30Z</time>
   </trkpt>
   <trkpt lat="43.6388200" lon="-79.3860860">
    <ele>77.0</ele>
    <time>2020-06-13T15:19:31Z</time>
   </trkpt>
   <trkpt lat="43.6388130" lon="-79.3861020">
    <ele>77.0</ele>
    <time>2020-06-13T15:19:32Z</time>
   </trkpt>
   <trkpt lat="43.6388010" lon="-79.3861410">
    <ele>77.0</ele>
    <time>2020-06-13T15:19:33Z</time>
   </trkpt>
   <trkpt lat="43.6387990" lon="-79.3861560">
    <ele>77.0</ele>
    <time>2020-06-13T15:19:34Z</time>
   </trkpt>
   <trkpt lat="43.6387940" lon="-79.3861740">
    <ele>77.0</ele>
    <time>2020-06-13T15:19:35Z</time>
   </trkpt>
   <trkpt lat="43.6387900" lon="-79.3862010">
    <ele>77.1</ele>
    <time>2020-06-13T15:19:36Z</time>
   </trkpt>
   <trkpt lat="43.6387810" lon="-79.3862410">
    <ele>77.1</ele>
    <time>2020-06-13T15:19:37Z</time>
   </trkpt>
   <trkpt lat="43.6387750" lon="-79.3862540">
    <ele>77.1</ele>
    <time>2020-06-13T15:19:38Z</time>
   </trkpt>
   <trkpt lat="43.6387650" lon="-79.3863070">
    <ele>77.1</ele>
    <time>2020-06-13T15:19:39Z</time>
   </trkpt>
   <trkpt lat="43.6387530" lon="-79.3863620">
    <ele>77.2</ele>
    <time>2020-06-13T15:19:40Z</time>
   </trkpt>
   <trkpt lat="43.6387520" lon="-79.3863840">
    <ele>77.2</ele>
    <time>2020-06-13T15:19:41Z</time>
   </trkpt>
   <trkpt lat="43.6387400" lon="-79.3864250">
    <ele>77.2</ele>
    <time>2020-06-13T15:19:42Z</time>
   </trkpt>
   <trkpt lat="43.6387280" lon="-79.3864800">
    <ele>77.2</ele>
    <time>2020-06-13T15:19:43Z</time>
   </trkpt>
   <trkpt lat="43.6387180" lon="-79.3865340">
    <ele>77.2</ele>
    <time>2020-06-13T15:19:44Z</time>
   </trkpt>
   <trkpt lat="43.6387060" lon="-79.3865830">
    <ele>77.2</ele>
    <time>2020-06-13T15:19:45Z</time>
   </trkpt>
   <trkpt lat="43.6387030" lon="-79.3866040">
    <ele>77.2</ele>
    <time>2020-06-13T15:19:46Z</time>
   </trkpt>
   <trkpt lat="43.6386960" lon="-79.3866430">
    <ele>77.2</ele>
    <time>2020-06-13T15:19:47Z</time>
   </trkpt>
   <trkpt lat="43.6386870" lon="-79.3866980">
    <ele>77.2</ele>
    <time>2020-06-13T15:19:48Z</time>
   </trkpt>
   <trkpt lat="43.6386850" lon="-79.3867220">
    <ele>77.2</ele>
    <time>2020-06-13T15:19:49Z</time>
   </trkpt>
   <trkpt lat="43.6386780" lon="-79.3867660">
    <ele>77.2</ele>
    <time>2020-06-13T15:19:50Z</time>
   </trkpt>
   <trkpt lat="43.6386740" lon="-79.3867820">
    <ele>77.2</ele>
    <time>2020-06-13T15:19:51Z</time>
   </trkpt>
   <trkpt lat="43.6386660" lon="-79.3868410">
    <ele>77.2</ele>
    <time>2020-06-13T15:19:52Z</time>
   </trkpt>
   <trkpt lat="43.6386610" lon="-79.3868680">
    <ele>77.2</ele>
    <time>2020-06-13T15:19:53Z</time>
   </trkpt>
   <trkpt lat="43.6386610" lon="-79.3869180">
    <ele>77.2</ele>
    <time>2020-06-13T15:19:54Z</time>
   </trkpt>
   <trkpt lat="43.6386520" lon="-79.3869580">
    <ele>77.2</ele>
    <time>2020-06-13T15:19:55Z</time>
   </trkpt>
   <trkpt lat="43.6386390" lon="-79.3870060">
    <ele>77.2</ele>
    <time>2020-06-13T15:19:56Z</time>
   </trkpt>
   <trkpt lat="43.6386280" lon="-79.3870610">
    <ele>77.2</ele>
    <time>2020-06-13T15:19:57Z</time>
   </trkpt>
   <trkpt lat="43.6386100" lon="-79.3871260">
    <ele>77.2</ele>
    <time>2020-06-13T15:19:58Z</time>
   </trkpt>
   <trkpt lat="43.6385910" lon="-79.3871870">
    <ele>77.1</ele>
    <time>2020-06-13T15:19:59Z</time>
   </trkpt>
   <trkpt lat="43.6385680" lon="-79.3872340">
    <ele>77.1</ele>
    <time>2020-06-13T15:20:00Z</time>
   </trkpt>
   <trkpt lat="43.6385630" lon="-79.3872760">
    <ele>77.1</ele>
    <time>2020-06-13T15:20:01Z</time>
   </trkpt>
   <trkpt lat="43.6385610" lon="-79.3873150">
    <ele>77.0</ele>
    <time>2020-06-13T15:20:02Z</time>
   </trkpt>
   <trkpt lat="43.6385580" lon="-79.3873690">
    <ele>77.0</ele>
    <time>2020-06-13T15:20:03Z</time>
   </trkpt>
   <trkpt lat="43.6385570" lon="-79.3874180">
    <ele>77.0</ele>
    <time>2020-06-13T15:20:04Z</time>
   </trkpt>
   <trkpt lat="43.6385660" lon="-79.3875020">
    <ele>76.9</ele>
    <time>2020-06-13T15:20:05Z</time>
   </trkpt>
   <trkpt lat="43.6385580" lon="-79.3875600">
    <ele>76.9</ele>
    <time>2020-06-13T15:20:06Z</time>
   </trkpt>
   <trkpt lat="43.6385450" lon="-79.3876100">
    <ele>76.9</ele>
    <time>2020-06-13T15:20:07Z</time>
   </trkpt>
   <trkpt lat="43.6385220" lon="-79.3876650">
    <ele>76.9</ele>
    <time>2020-06-13T15:20:08Z</time>
   </trkpt>
   <trkpt lat="43.6385000" lon="-79.3877180">
    <ele>76.9</ele>
    <time>2020-06-13T15:20:09Z</time>
   </trkpt>
   <trkpt lat="43.6384860" lon="-79.3877630">
    <ele>76.9</ele>
    <time>2020-06-13T15:20:10Z</time>
   </trkpt>
   <trkpt lat="43.6384750" lon="-79.3878120">
    <ele>76.9</ele>
    <time>2020-06-13T15:20:11Z</time>
   </trkpt>
   <trkpt lat="43.6384740" lon="-79.3878890">
    <ele>76.9</ele>
    <time>2020-06-13T15:20:12Z</time>
   </trkpt>
   <trkpt lat="43.6384590" lon="-79.3879400">
    <ele>76.9</ele>
    <time>2020-06-13T15:20:13Z</time>
   </trkpt>
   <trkpt lat="43.6384470" lon="-79.3879810">
    <ele>76.9</ele>
    <time>2020-06-13T15:20:14Z</time>
   </trkpt>
   <trkpt lat="43.6384420" lon="-79.3880200">
    <ele>76.9</ele>
    <time>2020-06-13T15:20:15Z</time>
   </trkpt>
   <trkpt lat="43.6384280" lon="-79.3880600">
    <ele>76.9</ele>
    <time>2020-06-13T15:20:16Z</time>
   </trkpt>
   <trkpt lat="43.6384270" lon="-79.3881060">
    <ele>77.0</ele>
    <time>2020-06-13T15:20:17Z</time>
   </trkpt>
   <trkpt lat="43.6384240" lon="-79.3881430">
    <ele>77.0</ele>
    <time>2020-06-13T15:20:18Z</time>
   </trkpt>
   <trkpt lat="43.6384200" lon="-79.3881840">
    <ele>77.0</ele>
    <time>2020-06-13T15:20:19Z</time>
   </trkpt>
   <trkpt lat="43.6384100" lon="-79.3882190">
    <ele>77.0</ele>
    <time>2020-06-13T15:20:20Z</time>
   </trkpt>
   <trkpt lat="43.6383960" lon="-79.3882550">
    <ele>77.0</ele>
    <time>2020-06-13T15:20:21Z</time>
   </trkpt>
   <trkpt lat="43.6383690" lon="-79.3882970">
    <ele>77.1</ele>
    <time>2020-06-13T15:20:22Z</time>
   </trkpt>
   <trkpt lat="43.6383580" lon="-79.3883480">
    <ele>77.1</ele>
    <time>2020-06-13T15:20:23Z</time>
   </trkpt>
   <trkpt lat="43.6383490" lon="-79.3884010">
    <ele>77.1</ele>
    <time>2020-06-13T15:20:24Z</time>
   </trkpt>
   <trkpt lat="43.6383450" lon="-79.3884230">
    <ele>77.1</ele>
    <time>2020-06-13T15:20:25Z</time>
   </trkpt>
   <trkpt lat="43.6383360" lon="-79.3884690">
    <ele>77.2</ele>
    <time>2020-06-13T15:20:26Z</time>
   </trkpt>
   <trkpt lat="43.6383250" lon="-79.3885070">
    <ele>77.2</ele>
    <time>2020-06-13T15:20:27Z</time>
   </trkpt>
   <trkpt lat="43.6383170" lon="-79.3885430">
    <ele>77.2</ele>
    <time>2020-06-13T15:20:28Z</time>
   </trkpt>
   <trkpt lat="43.6383050" lon="-79.3885970">
    <ele>77.3</ele>
    <time>2020-06-13T15:20:29Z</time>
   </trkpt>
   <trkpt lat="43.6382980" lon="-79.3886140">
    <ele>77.3</ele>
    <time>2020-06-13T15:20:30Z</time>
   </trkpt>
   <trkpt lat="43.6382840" lon="-79.3886560">
    <ele>77.3</ele>
    <time>2020-06-13T15:20:31Z</time>
   </trkpt>
   <trkpt lat="43.6382680" lon="-79.3887030">
    <ele>77.3</ele>
    <time>2020-06-13T15:20:32Z</time>
   </trkpt>
   <trkpt lat="43.6382670" lon="-79.3887430">
    <ele>77.3</ele>
    <time>2020-06-13T15:20:33Z</time>
   </trkpt>
   <trkpt lat="43.6382670" lon="-79.3887540">
    <ele>77.3</ele>
    <time>2020-06-13T15:20:34Z</time>
   </trkpt>
   <trkpt lat="43.6382630" lon="-79.3888170">
    <ele>77.3</ele>
    <time>2020-06-13T15:20:35Z</time>
   </trkpt>
   <trkpt lat="43.6382620" lon="-79.3888440">
    <ele>77.3</ele>
    <time>2020-06-13T15:20:36Z</time>
   </trkpt>
   <trkpt lat="43.6382620" lon="-79.3888840">
    <ele>77.3</ele>
    <time>2020-06-13T15:20:37Z</time>
   </trkpt>
   <trkpt lat="43.6382570" lon="-79.3889250">
    <ele>77.3</ele>
    <time>2020-06-13T15:20:38Z</time>
   </trkpt>
   <trkpt lat="43.6382560" lon="-79.3889400">
    <ele>77.3</ele>
    <time>2020-06-13T15:20:39Z</time>
   </trkpt>
   <trkpt lat="43.6382500" lon="-79.3889770">
    <ele>77.3</ele>
    <time>2020-06-13T15:20:40Z</time>
   </trkpt>
   <trkpt lat="43.6382440" lon="-79.3890250">
    <ele>77.3</ele>
    <time>2020-06-13T15:20:41Z</time>
   </trkpt>
   <trkpt lat="43.6382420" lon="-79.3890410">
    <ele>77.3</ele>
    <time>2020-06-13T15:20:42Z</time>
   </trkpt>
   <trkpt lat="43.6382330" lon="-79.3891080">
    <ele>77.3</ele>
    <time>2020-06-13T15:20:43Z</time>
   </trkpt>
   <trkpt lat="43.6382270" lon="-79.3891280">
    <ele>77.3</ele>
    <time>2020-06-13T15:20:44Z</time>
   </trkpt>
   <trkpt lat="43.6382250" lon="-79.3891450">
    <ele>77.3</ele>
    <time>2020-06-13T15:20:45Z</time>
   </trkpt>
   <trkpt lat="43.6382180" lon="-79.3891810">
    <ele>77.3</ele>
    <time>2020-06-13T15:20:46Z</time>
   </trkpt>
   <trkpt lat="43.6382150" lon="-79.3891910">
    <ele>77.3</ele>
    <time>2020-06-13T15:20:47Z</time>
   </trkpt>
   <trkpt lat="43.6382120" lon="-79.3892020">
    <ele>77.3</ele>
    <time>2020-06-13T15:20:48Z</time>
   </trkpt>
   <trkpt lat="43.6381980" lon="-79.3892410">
    <ele>77.4</ele>
    <time>2020-06-13T15:20:49Z</time>
   </trkpt>
   <trkpt lat="43.6381920" lon="-79.3892560">
    <ele>77.4</ele>
    <time>2020-06-13T15:20:50Z</time>
   </trkpt>
   <trkpt lat="43.6381950" lon="-79.3892970">
    <ele>77.4</ele>
    <time>2020-06-13T15:20:51Z</time>
   </trkpt>
   <trkpt lat="43.6381830" lon="-79.3893460">
    <ele>77.4</ele>
    <time>2020-06-13T15:20:52Z</time>
   </trkpt>
   <trkpt lat="43.6381750" lon="-79.3893670">
    <ele>77.4</ele>
    <time>2020-06-13T15:20:53Z</time>
   </trkpt>
   <trkpt lat="43.6381650" lon="-79.3894230">
    <ele>77.4</ele>
    <time>2020-06-13T15:20:54Z</time>
   </trkpt>
   <trkpt lat="43.6381600" lon="-79.3894460">
    <ele>77.5</ele>
    <time>2020-06-13T15:20:55Z</time>
   </trkpt>
   <trkpt lat="43.6381470" lon="-79.3894920">
    <ele>77.5</ele>
    <time>2020-06-13T15:20:56Z</time>
   </trkpt>
   <trkpt lat="43.6381340" lon="-79.3895380">
    <ele>77.5</ele>
    <time>2020-06-13T15:20:57Z</time>
   </trkpt>
   <trkpt lat="43.6381320" lon="-79.3895840">
    <ele>77.5</ele>
    <time>2020-06-13T15:20:58Z</time>
   </trkpt>
   <trkpt lat="43.6381250" lon="-79.3896400">
    <ele>77.5</ele>
    <time>2020-06-13T15:20:59Z</time>
   </trkpt>
   <trkpt lat="43.6381230" lon="-79.3896600">
    <ele>77.5</ele>
    <time>2020-06-13T15:21:00Z</time>
   </trkpt>
   <trkpt lat="43.6381120" lon="-79.3897000">
    <ele>77.5</ele>
    <time>2020-06-13T15:21:01Z</time>
   </trkpt>
   <trkpt lat="43.6381090" lon="-79.3897250">
    <ele>77.5</ele>
    <time>2020-06-13T15:21:02Z</time>
   </trkpt>
   <trkpt lat="43.6381030" lon="-79.3897430">
    <ele>77.5</ele>
    <time>2020-06-13T15:21:03Z</time>
   </trkpt>
   <trkpt lat="43.6380940" lon="-79.3897800">
    <ele>77.5</ele>
    <time>2020-06-13T15:21:04Z</time>
   </trkpt>
   <trkpt lat="43.6380870" lon="-79.3898230">
    <ele>77.5</ele>
    <time>2020-06-13T15:21:05Z</time>
   </trkpt>
   <trkpt lat="43.6380840" lon="-79.3898390">
    <ele>77.5</ele>
    <time>2020-06-13T15:21:06Z</time>
   </trkpt>
   <trkpt lat="43.6380800" lon="-79.3898840">
    <ele>77.5</ele>
    <time>2020-06-13T15:21:07Z</time>
   </trkpt>
   <trkpt lat="43.6380780" lon="-79.3899040">
    <ele>77.5</ele>
    <time>2020-06-13T15:21:08Z</time>
   </trkpt>
   <trkpt lat="43.6380740" lon="-79.3899430">
    <ele>77.5</ele>
    <time>2020-06-13T15:21:09Z</time>
   </trkpt>
   <trkpt lat="43.6380660" lon="-79.3899810">
    <ele>77.4</ele>
    <time>2020-06-13T15:21:10Z</time>
   </trkpt>
   <trkpt lat="43.6380580" lon="-79.3900260">
    <ele>77.4</ele>
    <time>2020-06-13T15:21:11Z</time>
   </trkpt>
   <trkpt lat="43.6380520" lon="-79.3900850">
    <ele>77.4</ele>
    <time>2020-06-13T15:21:12Z</time>
   </trkpt>
   <trkpt lat="43.6380400" lon="-79.3901320">
    <ele>77.4</ele>
    <time>2020-06-13T15:21:13Z</time>
   </trkpt>
   <trkpt lat="43.6380350" lon="-79.3901460">
    <ele>77.4</ele>
    <time>2020-06-13T15:21:14Z</time>
   </trkpt>
   <trkpt lat="43.6380200" lon="-79.3901780">
    <ele>77.4</ele>
    <time>2020-06-13T15:21:15Z</time>
   </trkpt>
   <trkpt lat="43.6380010" lon="-79.3902090">
    <ele>77.4</ele>
    <time>2020-06-13T15:21:16Z</time>
   </trkpt>
   <trkpt lat="43.6379940" lon="-79.3902170">
    <ele>77.3</ele>
    <time>2020-06-13T15:21:17Z</time>
   </trkpt>
   <trkpt lat="43.6379790" lon="-79.3902720">
    <ele>77.3</ele>
    <time>2020-06-13T15:21:18Z</time>
   </trkpt>
   <trkpt lat="43.6379750" lon="-79.3903040">
    <ele>77.3</ele>
    <time>2020-06-13T15:21:19Z</time>
   </trkpt>
   <trkpt lat="43.6379580" lon="-79.3903340">
    <ele>77.3</ele>
    <time>2020-06-13T15:21:20Z</time>
   </trkpt>
   <trkpt lat="43.6379480" lon="-79.3903770">
    <ele>77.3</ele>
    <time>2020-06-13T15:21:21Z</time>
   </trkpt>
   <trkpt lat="43.6379450" lon="-79.3903930">
    <ele>77.3</ele>
    <time>2020-06-13T15:21:22Z</time>
   </trkpt>
   <trkpt lat="43.6379400" lon="-79.3904170">
    <ele>77.3</ele>
    <time>2020-06-13T15:21:23Z</time>
   </trkpt>
   <trkpt lat="43.6379350" lon="-79.3904310">
    <ele>77.3</ele>
    <time>2020-06-13T15:21:24Z</time>
   </trkpt>
   <trkpt lat="43.6379320" lon="-79.3904750">
    <ele>77.3</ele>
    <time>2020-06-13T15:21:25Z</time>
   </trkpt>
   <trkpt lat="43.6379320" lon="-79.3904930">
    <ele>77.3</ele>
    <time>2020-06-13T15:21:26Z</time>
   </trkpt>
   <trkpt lat="43.6379220" lon="-79.3905430">
    <ele>77.3</ele>
    <time>2020-06-13T15:21:27Z</time>
   </trkpt>
   <trkpt lat="43.6379170" lon="-79.3905620">
    <ele>77.3</ele>
    <time>2020-06-13T15:21:28Z</time>
   </trkpt>
   <trkpt lat="43.6379070" lon="-79.3906100">
    <ele>77.3</ele>
    <time>2020-06-13T15:21:29Z</time>
   </trkpt>
   <trkpt lat="43.6379030" lon="-79.3906270">
    <ele>77.3</ele>
    <time>2020-06-13T15:21:30Z</time>
   </trkpt>
   <trkpt lat="43.6378930" lon="-79.3906630">
    <ele>77.3</ele>
    <time>2020-06-13T15:21:31Z</time>
   </trkpt>
   <trkpt lat="43.6378870" lon="-79.3907160">
    <ele>77.2</ele>
    <time>2020-06-13T15:21:32Z</time>
   </trkpt>
   <trkpt lat="43.6378860" lon="-79.3907430">
    <ele>77.2</ele>
    <time>2020-06-13T15:21:33Z</time>
   </trkpt>
   <trkpt lat="43.6378760" lon="-79.3907920">
    <ele>77.2</ele>
    <time>2020-06-13T15:21:34Z</time>
   </trkpt>
   <trkpt lat="43.6378660" lon="-79.3908350">
    <ele>77.1</ele>
    <time>2020-06-13T15:21:35Z</time>
   </trkpt>
   <trkpt lat="43.6378530" lon="-79.3908740">
    <ele>77.1</ele>
    <time>2020-06-13T15:21:36Z</time>
   </trkpt>
   <trkpt lat="43.6378450" lon="-79.3908890">
    <ele>77.1</ele>
    <time>2020-06-13T15:21:37Z</time>
   </trkpt>
   <trkpt lat="43.6378340" lon="-79.3909420">
    <ele>77.1</ele>
    <time>2020-06-13T15:21:38Z</time>
   </trkpt>
   <trkpt lat="43.6378320" lon="-79.3909600">
    <ele>77.0</ele>
    <time>2020-06-13T15:21:39Z</time>
   </trkpt>
   <trkpt lat="43.6378250" lon="-79.3909960">
    <ele>77.0</ele>
    <time>2020-06-13T15:21:40Z</time>
   </trkpt>
   <trkpt lat="43.6378120" lon="-79.3910320">
    <ele>77.0</ele>
    <time>2020-06-13T15:21:41Z</time>
   </trkpt>
   <trkpt lat="43.6378010" lon="-79.3910720">
    <ele>77.0</ele>
    <time>2020-06-13T15:21:42Z</time>
   </trkpt>
   <trkpt lat="43.6377850" lon="-79.3911180">
    <ele>76.9</ele>
    <time>2020-06-13T15:21:43Z</time>
   </trkpt>
   <trkpt lat="43.6377780" lon="-79.3911600">
    <ele>76.9</ele>
    <time>2020-06-13T15:21:44Z</time>
   </trkpt>
   <trkpt lat="43.6377640" lon="-79.3911930">
    <ele>76.9</ele>
    <time>2020-06-13T15:21:45Z</time>
   </trkpt>
   <trkpt lat="43.6377500" lon="-79.3912480">
    <ele>76.9</ele>
    <time>2020-06-13T15:21:46Z</time>
   </trkpt>
   <trkpt lat="43.6377430" lon="-79.3912680">
    <ele>76.9</ele>
    <time>2020-06-13T15:21:47Z</time>
   </trkpt>
   <trkpt lat="43.6377320" lon="-79.3913090">
    <ele>76.9</ele>
    <time>2020-06-13T15:21:48Z</time>
   </trkpt>
   <trkpt lat="43.6377240" lon="-79.3913720">
    <ele>76.9</ele>
    <time>2020-06-13T15:21:49Z</time>
   </trkpt>
   <trkpt lat="43.6377220" lon="-79.3914260">
    <ele>76.9</ele>
    <time>2020-06-13T15:21:50Z</time>
   </trkpt>
   <trkpt lat="43.6377200" lon="-79.3914440">
    <ele>76.9</ele>
    <time>2020-06-13T15:21:51Z</time>
   </trkpt>
   <trkpt lat="43.6377100" lon="-79.3914900">
    <ele>76.8</ele>
    <time>2020-06-13T15:21:52Z</time>
   </trkpt>
   <trkpt lat="43.6377060" lon="-79.3915080">
    <ele>76.8</ele>
    <time>2020-06-13T15:21:53Z</time>
   </trkpt>
   <trkpt lat="43.6377000" lon="-79.3915310">
    <ele>76.8</ele>
    <time>2020-06-13T15:21:54Z</time>
   </trkpt>
   <trkpt lat="43.6376910" lon="-79.3915510">
    <ele>76.8</ele>
    <time>2020-06-13T15:21:55Z</time>
   </trkpt>
   <trkpt lat="43.6376790" lon="-79.3915950">
    <ele>76.8</ele>
    <time>2020-06-13T15:21:56Z</time>
   </trkpt>
   <trkpt lat="43.6376610" lon="-79.3916330">
    <ele>76.9</ele>
    <time>2020-06-13T15:21:57Z</time>
   </trkpt>
   <trkpt lat="43.6376560" lon="-79.3916410">
    <ele>76.9</ele>
    <time>2020-06-13T15:21:58Z</time>
   </trkpt>
   <trkpt lat="43.6376470" lon="-79.3916810">
    <ele>76.9</ele>
    <time>2020-06-13T15:21:59Z</time>
   </trkpt>
   <trkpt lat="43.6376450" lon="-79.3916940">
    <ele>76.9</ele>
    <time>2020-06-13T15:22:00Z</time>
   </trkpt>
   <trkpt lat="43.6376300" lon="-79.3917390">
    <ele>76.9</ele>
    <time>2020-06-13T15:22:01Z</time>
   </trkpt>
   <trkpt lat="43.6376250" lon="-79.3917500">
    <ele>76.9</ele>
    <time>2020-06-13T15:22:02Z</time>
   </trkpt>
   <trkpt lat="43.6376080" lon="-79.3917980">
    <ele>77.0</ele>
    <time>2020-06-13T15:22:03Z</time>
   </trkpt>
   <trkpt lat="43.6376020" lon="-79.3918150">
    <ele>77.0</ele>
    <time>2020-06-13T15:22:04Z</time>
   </trkpt>
   <trkpt lat="43.6375880" lon="-79.3918610">
    <ele>77.0</ele>
    <time>2020-06-13T15:22:05Z</time>
   </trkpt>
   <trkpt lat="43.6375780" lon="-79.3919060">
    <ele>77.1</ele>
    <time>2020-06-13T15:22:06Z</time>
   </trkpt>
   <trkpt lat="43.6375670" lon="-79.3919550">
    <ele>77.1</ele>
    <time>2020-06-13T15:22:08Z</time>
   </trkpt>
   <trkpt lat="43.6375580" lon="-79.3920010">
    <ele>77.1</ele>
    <time>2020-06-13T15:22:09Z</time>
   </trkpt>
   <trkpt lat="43.6375500" lon="-79.3920510">
    <ele>77.1</ele>
    <time>2020-06-13T15:22:10Z</time>
   </trkpt>
   <trkpt lat="43.6375360" lon="-79.3920980">
    <ele>77.1</ele>
    <time>2020-06-13T15:22:11Z</time>
   </trkpt>
   <trkpt lat="43.6375310" lon="-79.3921120">
    <ele>77.1</ele>
    <time>2020-06-13T15:22:12Z</time>
   </trkpt>
   <trkpt lat="43.6375230" lon="-79.3921520">
    <ele>77.1</ele>
    <time>2020-06-13T15:22:13Z</time>
   </trkpt>
   <trkpt lat="43.6375220" lon="-79.3921700">
    <ele>77.1</ele>
    <time>2020-06-13T15:22:14Z</time>
   </trkpt>
   <trkpt lat="43.6375220" lon="-79.3922150">
    <ele>77.1</ele>
    <time>2020-06-13T15:22:15Z</time>
   </trkpt>
   <trkpt lat="43.6375220" lon="-79.3922690">
    <ele>77.0</ele>
    <time>2020-06-13T15:22:16Z</time>
   </trkpt>
   <trkpt lat="43.6375190" lon="-79.3923100">
    <ele>77.0</ele>
    <time>2020-06-13T15:22:17Z</time>
   </trkpt>
   <trkpt lat="43.6375140" lon="-79.3923650">
    <ele>77.0</ele>
    <time>2020-06-13T15:22:18Z</time>
   </trkpt>
   <trkpt lat="43.6375130" lon="-79.3924200">
    <ele>77.0</ele>
    <time>2020-06-13T15:22:19Z</time>
   </trkpt>
   <trkpt lat="43.6375120" lon="-79.3924620">
    <ele>77.0</ele>
    <time>2020-06-13T15:22:20Z</time>
   </trkpt>
   <trkpt lat="43.6375070" lon="-79.3925230">
    <ele>77.0</ele>
    <time>2020-06-13T15:22:21Z</time>
   </trkpt>
   <trkpt lat="43.6375040" lon="-79.3925510">
    <ele>77.0</ele>
    <time>2020-06-13T15:22:22Z</time>
   </trkpt>
   <trkpt lat="43.6375010" lon="-79.3926020">
    <ele>77.0</ele>
    <time>2020-06-13T15:22:23Z</time>
   </trkpt>
   <trkpt lat="43.6374970" lon="-79.3926210">
    <ele>77.0</ele>
    <time>2020-06-13T15:22:24Z</time>
   </trkpt>
   <trkpt lat="43.6374820" lon="-79.3926610">
    <ele>77.0</ele>
    <time>2020-06-13T15:22:25Z</time>
   </trkpt>
   <trkpt lat="43.6374750" lon="-79.3926720">
    <ele>77.0</ele>
    <time>2020-06-13T15:22:26Z</time>
   </trkpt>
   <trkpt lat="43.6374680" lon="-79.3927230">
    <ele>77.1</ele>
    <time>2020-06-13T15:22:27Z</time>
   </trkpt>
   <trkpt lat="43.6374620" lon="-79.3927430">
    <ele>77.1</ele>
    <time>2020-06-13T15:22:28Z</time>
   </trkpt>
   <trkpt lat="43.6374530" lon="-79.3927940">
    <ele>77.1</ele>
    <time>2020-06-13T15:22:29Z</time>
   </trkpt>
   <trkpt lat="43.6374490" lon="-79.3928100">
    <ele>77.1</ele>
    <time>2020-06-13T15:22:30Z</time>
   </trkpt>
   <trkpt lat="43.6374410" lon="-79.3928550">
    <ele>77.1</ele>
    <time>2020-06-13T15:22:31Z</time>
   </trkpt>
   <trkpt lat="43.6374400" lon="-79.3928660">
    <ele>77.1</ele>
    <time>2020-06-13T15:22:32Z</time>
   </trkpt>
   <trkpt lat="43.6374310" lon="-79.3929210">
    <ele>77.1</ele>
    <time>2020-06-13T15:22:33Z</time>
   </trkpt>
   <trkpt lat="43.6374260" lon="-79.3929460">
    <ele>77.1</ele>
    <time>2020-06-13T15:22:34Z</time>
   </trkpt>
   <trkpt lat="43.6374130" lon="-79.3930000">
    <ele>77.1</ele>
    <time>2020-06-13T15:22:35Z</time>
   </trkpt>
   <trkpt lat="43.6374090" lon="-79.3930190">
    <ele>77.1</ele>
    <time>2020-06-13T15:22:36Z</time>
   </trkpt>
   <trkpt lat="43.6374030" lon="-79.3930600">
    <ele>77.2</ele>
    <time>2020-06-13T15:22:37Z</time>
   </trkpt>
   <trkpt lat="43.6373950" lon="-79.3931200">
    <ele>77.2</ele>
    <time>2020-06-13T15:22:38Z</time>
   </trkpt>
   <trkpt lat="43.6373910" lon="-79.3931440">
    <ele>77.2</ele>
    <time>2020-06-13T15:22:39Z</time>
   </trkpt>
   <trkpt lat="43.6373850" lon="-79.3931990">
    <ele>77.2</ele>
    <time>2020-06-13T15:22:40Z</time>
   </trkpt>
   <trkpt lat="43.6373800" lon="-79.3932180">
    <ele>77.2</ele>
    <time>2020-06-13T15:22:41Z</time>
   </trkpt>
   <trkpt lat="43.6373740" lon="-79.3932590">
    <ele>77.2</ele>
    <time>2020-06-13T15:22:42Z</time>
   </trkpt>
   <trkpt lat="43.6373670" lon="-79.3933060">
    <ele>77.2</ele>
    <time>2020-06-13T15:22:43Z</time>
   </trkpt>
   <trkpt lat="43.6373630" lon="-79.3933190">
    <ele>77.2</ele>
    <time>2020-06-13T15:22:44Z</time>
   </trkpt>
   <trkpt lat="43.6373570" lon="-79.3933600">
    <ele>77.2</ele>
    <time>2020-06-13T15:22:45Z</time>
   </trkpt>
   <trkpt lat="43.6373490" lon="-79.3934170">
    <ele>77.3</ele>
    <time>2020-06-13T15:22:46Z</time>
   </trkpt>
   <trkpt lat="43.6373450" lon="-79.3934400">
    <ele>77.3</ele>
    <time>2020-06-13T15:22:47Z</time>
   </trkpt>
   <trkpt lat="43.6373420" lon="-79.3934860">
    <ele>77.3</ele>
    <time>2020-06-13T15:22:48Z</time>
   </trkpt>
   <trkpt lat="43.6373400" lon="-79.3935040">
    <ele>77.3</ele>
    <time>2020-06-13T15:22:49Z</time>
   </trkpt>
   <trkpt lat="43.6373340" lon="-79.3935580">
    <ele>77.2</ele>
    <time>2020-06-13T15:22:50Z</time>
   </trkpt>
   <trkpt lat="43.6373310" lon="-79.3935770">
    <ele>77.2</ele>
    <time>2020-06-13T15:22:51Z</time>
   </trkpt>
   <trkpt lat="43.6373260" lon="-79.3936140">
    <ele>77.2</ele>
    <time>2020-06-13T15:22:52Z</time>
   </trkpt>
   <trkpt lat="43.6373210" lon="-79.3936530">
    <ele>77.2</ele>
    <time>2020-06-13T15:22:53Z</time>
   </trkpt>
   <trkpt lat="43.6373130" lon="-79.3937130">
    <ele>77.2</ele>
    <time>2020-06-13T15:22:54Z</time>
   </trkpt>
   <trkpt lat="43.6373090" lon="-79.3937380">
    <ele>77.2</ele>
    <time>2020-06-13T15:22:55Z</time>
   </trkpt>
   <trkpt lat="43.6373140" lon="-79.3937780">
    <ele>77.2</ele>
    <time>2020-06-13T15:22:56Z</time>
   </trkpt>
   <trkpt lat="43.6373120" lon="-79.3937910">
    <ele>77.2</ele>
    <time>2020-06-13T15:22:57Z</time>
   </trkpt>
   <trkpt lat="43.6373140" lon="-79.3938350">
    <ele>77.2</ele>
    <time>2020-06-13T15:22:58Z</time>
   </trkpt>
   <trkpt lat="43.6373120" lon="-79.3938530">
    <ele>77.2</ele>
    <time>2020-06-13T15:22:59Z</time>
   </trkpt>
   <trkpt lat="43.6373000" lon="-79.3938950">
    <ele>77.2</ele>
    <time>2020-06-13T15:23:00Z</time>
   </trkpt>
   <trkpt lat="43.6372940" lon="-79.3939110">
    <ele>77.2</ele>
    <time>2020-06-13T15:23:01Z</time>
   </trkpt>
   <trkpt lat="43.6372810" lon="-79.3939590">
    <ele>77.2</ele>
    <time>2020-06-13T15:23:02Z</time>
   </trkpt>
   <trkpt lat="43.6372750" lon="-79.3939800">
    <ele>77.2</ele>
    <time>2020-06-13T15:23:03Z</time>
   </trkpt>
   <trkpt lat="43.6372630" lon="-79.3940260">
    <ele>77.2</ele>
    <time>2020-06-13T15:23:04Z</time>
   </trkpt>
   <trkpt lat="43.6372600" lon="-79.3940460">
    <ele>77.2</ele>
    <time>2020-06-13T15:23:05Z</time>
   </trkpt>
   <trkpt lat="43.6372550" lon="-79.3940860">
    <ele>77.2</ele>
    <time>2020-06-13T15:23:06Z</time>
   </trkpt>
   <trkpt lat="43.6372450" lon="-79.3941370">
    <ele>77.2</ele>
    <time>2020-06-13T15:23:07Z</time>
   </trkpt>
   <trkpt lat="43.6372340" lon="-79.3941740">
    <ele>77.1</ele>
    <time>2020-06-13T15:23:08Z</time>
   </trkpt>
   <trkpt lat="43.6372280" lon="-79.3942120">
    <ele>77.1</ele>
    <time>2020-06-13T15:23:09Z</time>
   </trkpt>
   <trkpt lat="43.6372220" lon="-79.3942530">
    <ele>77.1</ele>
    <time>2020-06-13T15:23:10Z</time>
   </trkpt>
   <trkpt lat="43.6372220" lon="-79.3942930">
    <ele>77.1</ele>
    <time>2020-06-13T15:23:11Z</time>
   </trkpt>
   <trkpt lat="43.6372150" lon="-79.3943320">
    <ele>77.0</ele>
    <time>2020-06-13T15:23:12Z</time>
   </trkpt>
   <trkpt lat="43.6372080" lon="-79.3943820">
    <ele>77.0</ele>
    <time>2020-06-13T15:23:13Z</time>
   </trkpt>
   <trkpt lat="43.6372020" lon="-79.3944240">
    <ele>77.0</ele>
    <time>2020-06-13T15:23:14Z</time>
   </trkpt>
   <trkpt lat="43.6371940" lon="-79.3944650">
    <ele>76.9</ele>
    <time>2020-06-13T15:23:15Z</time>
   </trkpt>
   <trkpt lat="43.6371850" lon="-79.3945060">
    <ele>76.9</ele>
    <time>2020-06-13T15:23:16Z</time>
   </trkpt>
   <trkpt lat="43.6371810" lon="-79.3945620">
    <ele>76.9</ele>
    <time>2020-06-13T15:23:17Z</time>
   </trkpt>
   <trkpt lat="43.6371780" lon="-79.3945830">
    <ele>76.9</ele>
    <time>2020-06-13T15:23:18Z</time>
   </trkpt>
   <trkpt lat="43.6371690" lon="-79.3946240">
    <ele>76.8</ele>
    <time>2020-06-13T15:23:19Z</time>
   </trkpt>
   <trkpt lat="43.6371660" lon="-79.3946360">
    <ele>76.8</ele>
    <time>2020-06-13T15:23:20Z</time>
   </trkpt>
   <trkpt lat="43.6371600" lon="-79.3946750">
    <ele>76.8</ele>
    <time>2020-06-13T15:23:21Z</time>
   </trkpt>
   <trkpt lat="43.6371580" lon="-79.3947310">
    <ele>76.8</ele>
    <time>2020-06-13T15:23:22Z</time>
   </trkpt>
   <trkpt lat="43.6371570" lon="-79.3947510">
    <ele>76.8</ele>
    <time>2020-06-13T15:23:23Z</time>
   </trkpt>
   <trkpt lat="43.6371480" lon="-79.3948050">
    <ele>76.8</ele>
    <time>2020-06-13T15:23:24Z</time>
   </trkpt>
   <trkpt lat="43.6371450" lon="-79.3948230">
    <ele>76.8</ele>
    <time>2020-06-13T15:23:25Z</time>
   </trkpt>
   <trkpt lat="43.6371380" lon="-79.3948620">
    <ele>76.8</ele>
    <time>2020-06-13T15:23:26Z</time>
   </trkpt>
   <trkpt lat="43.6371330" lon="-79.3949040">
    <ele>76.8</ele>
    <time>2020-06-13T15:23:27Z</time>
   </trkpt>
   <trkpt lat="43.6371230" lon="-79.3949490">
    <ele>76.8</ele>
    <time>2020-06-13T15:23:28Z</time>
   </trkpt>
   <trkpt lat="43.6371200" lon="-79.3950070">
    <ele>76.8</ele>
    <time>2020-06-13T15:23:29Z</time>
   </trkpt>
   <trkpt lat="43.6371190" lon="-79.3950560">
    <ele>76.9</ele>
    <time>2020-06-13T15:23:30Z</time>
   </trkpt>
   <trkpt lat="43.6371070" lon="-79.3951030">
    <ele>76.9</ele>
    <time>2020-06-13T15:23:31Z</time>
   </trkpt>
   <trkpt lat="43.6370920" lon="-79.3951450">
    <ele>76.9</ele>
    <time>2020-06-13T15:23:32Z</time>
   </trkpt>
   <trkpt lat="43.6370870" lon="-79.3951840">
    <ele>76.9</ele>
    <time>2020-06-13T15:23:33Z</time>
   </trkpt>
   <trkpt lat="43.6370770" lon="-79.3952210">
    <ele>76.9</ele>
    <time>2020-06-13T15:23:34Z</time>
   </trkpt>
   <trkpt lat="43.6370660" lon="-79.3952740">
    <ele>76.9</ele>
    <time>2020-06-13T15:23:35Z</time>
   </trkpt>
   <trkpt lat="43.6370630" lon="-79.3952930">
    <ele>76.9</ele>
    <time>2020-06-13T15:23:36Z</time>
   </trkpt>
   <trkpt lat="43.6370520" lon="-79.3953500">
    <ele>76.9</ele>
    <time>2020-06-13T15:23:37Z</time>
   </trkpt>
   <trkpt lat="43.6370470" lon="-79.3953720">
    <ele>76.9</ele>
    <time>2020-06-13T15:23:38Z</time>
   </trkpt>
   <trkpt lat="43.6370370" lon="-79.3954180">
    <ele>76.9</ele>
    <time>2020-06-13T15:23:39Z</time>
   </trkpt>
   <trkpt lat="43.6370310" lon="-79.3954320">
    <ele>76.9</ele>
    <time>2020-06-13T15:23:40Z</time>
   </trkpt>
   <trkpt lat="43.6370210" lon="-79.3954670">
    <ele>76.9</ele>
    <time>2020-06-13T15:23:41Z</time>
   </trkpt>
   <trkpt lat="43.6370130" lon="-79.3955130">
    <ele>76.9</ele>
    <time>2020-06-13T15:23:42Z</time>
   </trkpt>
   <trkpt lat="43.6370060" lon="-79.3955290">
    <ele>76.9</ele>
    <time>2020-06-13T15:23:43Z</time>
   </trkpt>
   <trkpt lat="43.6369910" lon="-79.3955740">
    <ele>76.8</ele>
    <time>2020-06-13T15:23:44Z</time>
   </trkpt>
   <trkpt lat="43.6369840" lon="-79.3956210">
    <ele>76.8</ele>
    <time>2020-06-13T15:23:45Z</time>
   </trkpt>
   <trkpt lat="43.6369820" lon="-79.3956370">
    <ele>76.8</ele>
    <time>2020-06-13T15:23:46Z</time>
   </trkpt>
   <trkpt lat="43.6369750" lon="-79.3956860">
    <ele>76.8</ele>
    <time>2020-06-13T15:23:47Z</time>
   </trkpt>
   <trkpt lat="43.6369730" lon="-79.3956980">
    <ele>76.8</ele>
    <time>2020-06-13T15:23:48Z</time>
   </trkpt>
   <trkpt lat="43.6369630" lon="-79.3957410">
    <ele>76.8</ele>
    <time>2020-06-13T15:23:49Z</time>
   </trkpt>
   <trkpt lat="43.6369510" lon="-79.3957770">
    <ele>76.8</ele>
    <time>2020-06-13T15:23:50Z</time>
   </trkpt>
   <trkpt lat="43.6369420" lon="-79.3958200">
    <ele>76.8</ele>
    <time>2020-06-13T15:23:51Z</time>
   </trkpt>
   <trkpt lat="43.6369360" lon="-79.3958660">
    <ele>76.8</ele>
    <time>2020-06-13T15:23:52Z</time>
   </trkpt>
   <trkpt lat="43.6369250" lon="-79.3959130">
    <ele>76.8</ele>
    <time>2020-06-13T15:23:53Z</time>
   </trkpt>
   <trkpt lat="43.6369210" lon="-79.3959260">
    <ele>76.8</ele>
    <time>2020-06-13T15:23:54Z</time>
   </trkpt>
   <trkpt lat="43.6369140" lon="-79.3959660">
    <ele>76.8</ele>
    <time>2020-06-13T15:23:55Z</time>
   </trkpt>
   <trkpt lat="43.6368970" lon="-79.3960110">
    <ele>76.7</ele>
    <time>2020-06-13T15:23:56Z</time>
   </trkpt>
   <trkpt lat="43.6368890" lon="-79.3960300">
    <ele>76.7</ele>
    <time>2020-06-13T15:23:57Z</time>
   </trkpt>
   <trkpt lat="43.6368740" lon="-79.3960630">
    <ele>76.7</ele>
    <time>2020-06-13T15:23:58Z</time>
   </trkpt>
   <trkpt lat="43.6368610" lon="-79.3960970">
    <ele>76.7</ele>
    <time>2020-06-13T15:23:59Z</time>
   </trkpt>
   <trkpt lat="43.6368450" lon="-79.3961360">
    <ele>76.7</ele>
    <time>2020-06-13T15:24:00Z</time>
   </trkpt>
   <trkpt lat="43.6368290" lon="-79.3961720">
    <ele>76.7</ele>
    <time>2020-06-13T15:24:01Z</time>
   </trkpt>
   <trkpt lat="43.6368140" lon="-79.3962060">
    <ele>76.7</ele>
    <time>2020-06-13T15:24:02Z</time>
   </trkpt>
   <trkpt lat="43.6367970" lon="-79.3962520">
    <ele>76.8</ele>
    <time>2020-06-13T15:24:03Z</time>
   </trkpt>
   <trkpt lat="43.6367910" lon="-79.3962680">
    <ele>76.8</ele>
    <time>2020-06-13T15:24:04Z</time>
   </trkpt>
   <trkpt lat="43.6367700" lon="-79.3963150">
    <ele>76.8</ele>
    <time>2020-06-13T15:24:05Z</time>
   </trkpt>
   <trkpt lat="43.6367650" lon="-79.3963320">
    <ele>76.8</ele>
    <time>2020-06-13T15:24:06Z</time>
   </trkpt>
   <trkpt lat="43.6367500" lon="-79.3963680">
    <ele>76.8</ele>
    <time>2020-06-13T15:24:07Z</time>
   </trkpt>
   <trkpt lat="43.6367390" lon="-79.3964030">
    <ele>76.8</ele>
    <time>2020-06-13T15:24:08Z</time>
   </trkpt>
   <trkpt lat="43.6367220" lon="-79.3964370">
    <ele>76.9</ele>
    <time>2020-06-13T15:24:09Z</time>
   </trkpt>
   <trkpt lat="43.6367030" lon="-79.3964890">
    <ele>76.9</ele>
    <time>2020-06-13T15:24:10Z</time>
   </trkpt>
   <trkpt lat="43.6366850" lon="-79.3965240">
    <ele>76.9</ele>
    <time>2020-06-13T15:24:11Z</time>
   </trkpt>
   <trkpt lat="43.6366800" lon="-79.3965340">
    <ele>76.9</ele>
    <time>2020-06-13T15:24:12Z</time>
   </trkpt>
   <trkpt lat="43.6366640" lon="-79.3965680">
    <ele>76.9</ele>
    <time>2020-06-13T15:24:13Z</time>
   </trkpt>
   <trkpt lat="43.6366510" lon="-79.3966020">
    <ele>77.0</ele>
    <time>2020-06-13T15:24:14Z</time>
   </trkpt>
   <trkpt lat="43.6366310" lon="-79.3966360">
    <ele>77.0</ele>
    <time>2020-06-13T15:24:15Z</time>
   </trkpt>
   <trkpt lat="43.6366120" lon="-79.3966700">
    <ele>77.0</ele>
    <time>2020-06-13T15:24:16Z</time>
   </trkpt>
   <trkpt lat="43.6365980" lon="-79.3967060">
    <ele>77.0</ele>
    <time>2020-06-13T15:24:17Z</time>
   </trkpt>
   <trkpt lat="43.6365900" lon="-79.3967550">
    <ele>76.9</ele>
    <time>2020-06-13T15:24:18Z</time>
   </trkpt>
   <trkpt lat="43.6365850" lon="-79.3967740">
    <ele>76.9</ele>
    <time>2020-06-13T15:24:19Z</time>
   </trkpt>
   <trkpt lat="43.6365690" lon="-79.3968210">
    <ele>76.9</ele>
    <time>2020-06-13T15:24:20Z</time>
   </trkpt>
   <trkpt lat="43.6365560" lon="-79.3968580">
    <ele>76.9</ele>
    <time>2020-06-13T15:24:21Z</time>
   </trkpt>
   <trkpt lat="43.6365460" lon="-79.3968920">
    <ele>76.9</ele>
    <time>2020-06-13T15:24:22Z</time>
   </trkpt>
   <trkpt lat="43.6365340" lon="-79.3969260">
    <ele>76.9</ele>
    <time>2020-06-13T15:24:23Z</time>
   </trkpt>
   <trkpt lat="43.6365280" lon="-79.3969400">
    <ele>76.9</ele>
    <time>2020-06-13T15:24:24Z</time>
   </trkpt>
   <trkpt lat="43.6365120" lon="-79.3969750">
    <ele>76.9</ele>
    <time>2020-06-13T15:24:25Z</time>
   </trkpt>
   <trkpt lat="43.6364950" lon="-79.3970080">
    <ele>76.9</ele>
    <time>2020-06-13T15:24:26Z</time>
   </trkpt>
   <trkpt lat="43.6364750" lon="-79.3970610">
    <ele>77.0</ele>
    <time>2020-06-13T15:24:27Z</time>
   </trkpt>
   <trkpt lat="43.6364660" lon="-79.3970820">
    <ele>77.0</ele>
    <time>2020-06-13T15:24:28Z</time>
   </trkpt>
   <trkpt lat="43.6364520" lon="-79.3971210">
    <ele>77.0</ele>
    <time>2020-06-13T15:24:29Z</time>
   </trkpt>
   <trkpt lat="43.6364360" lon="-79.3971560">
    <ele>77.2</ele>
    <time>2020-06-13T15:24:30Z</time>
   </trkpt>
   <trkpt lat="43.6364140" lon="-79.3971990">
    <ele>77.3</ele>
    <time>2020-06-13T15:24:31Z</time>
   </trkpt>
   <trkpt lat="43.6363890" lon="-79.3972500">
    <ele>77.3</ele>
    <time>2020-06-13T15:24:32Z</time>
   </trkpt>
   <trkpt lat="43.6363640" lon="-79.3972900">
    <ele>77.4</ele>
    <time>2020-06-13T15:24:33Z</time>
   </trkpt>
   <trkpt lat="43.6363380" lon="-79.3973300">
    <ele>77.5</ele>
    <time>2020-06-13T15:24:34Z</time>
   </trkpt>
   <trkpt lat="43.6363090" lon="-79.3973640">
    <ele>77.5</ele>
    <time>2020-06-13T15:24:35Z</time>
   </trkpt>
   <trkpt lat="43.6362810" lon="-79.3973940">
    <ele>77.6</ele>
    <time>2020-06-13T15:24:36Z</time>
   </trkpt>
   <trkpt lat="43.6362540" lon="-79.3974330">
    <ele>77.6</ele>
    <time>2020-06-13T15:24:37Z</time>
   </trkpt>
   <trkpt lat="43.6362310" lon="-79.3974620">
    <ele>77.6</ele>
    <time>2020-06-13T15:24:38Z</time>
   </trkpt>
   <trkpt lat="43.6362130" lon="-79.3975000">
    <ele>77.7</ele>
    <time>2020-06-13T15:24:39Z</time>
   </trkpt>
   <trkpt lat="43.6361730" lon="-79.3975440">
    <ele>77.8</ele>
    <time>2020-06-13T15:24:40Z</time>
   </trkpt>
   <trkpt lat="43.6361350" lon="-79.3975710">
    <ele>77.8</ele>
    <time>2020-06-13T15:24:41Z</time>
   </trkpt>
   <trkpt lat="43.6361050" lon="-79.3976050">
    <ele>77.8</ele>
    <time>2020-06-13T15:24:42Z</time>
   </trkpt>
   <trkpt lat="43.6360710" lon="-79.3976190">
    <ele>77.8</ele>
    <time>2020-06-13T15:24:43Z</time>
   </trkpt>
  </trkseg>
 </trk>
</gpx>
