<?xml version="1.0" encoding="UTF-8"?>
<gpx xmlns:xsi="http://www.w3.org/2001/XMLSchema-instance" xsi:schemaLocation="http://www.topografix.com/GPX/1/1 http://www.topografix.com/GPX/1/1/gpx.xsd" creator="StravaGPX" version="1.1" xmlns="http://www.topografix.com/GPX/1/1">
 <metadata>
  <time>2021-01-22T18:34:40Z</time>
 </metadata>
 <trk>
  <name>Afternoon Run</name>
  <type>running</type>
  <trkseg>
   <trkpt lat="43.6358100" lon="-79.3979990">
    <ele>77.9</ele>
    <time>2021-01-22T18:34:40Z</time>
   </trkpt>
   <trkpt lat="43.6358270" lon="-79.3979810">
    <ele>77.9</ele>
    <time>2021-01-22T18:34:41Z</time>
   </trkpt>
   <trkpt lat="43.6358530" lon="-79.3979740">
    <ele>77.9</ele>
    <time>2021-01-22T18:34:42Z</time>
   </trkpt>
   <trkpt lat="43.6358800" lon="-79.3979680">
    <ele>77.8</ele>
    <time>2021-01-22T18:34:43Z</time>
   </trkpt>
   <trkpt lat="43.6359060" lon="-79.3979610">
    <ele>77.8</ele>
    <time>2021-01-22T18:34:44Z</time>
   </trkpt>
   <trkpt lat="43.6359320" lon="-79.3979540">
    <ele>77.8</ele>
    <time>2021-01-22T18:34:45Z</time>
   </trkpt>
   <trkpt lat="43.6359420" lon="-79.3979360">
    <ele>77.8</ele>
    <time>2021-01-22T18:34:46Z</time>
   </trkpt>
   <trkpt lat="43.6359310" lon="-79.3979040">
    <ele>77.8</ele>
    <time>2021-01-22T18:34:47Z</time>
   </trkpt>
   <trkpt lat="43.6359620" lon="-79.3978720">
    <ele>77.8</ele>
    <time>2021-01-22T18:34:48Z</time>
   </trkpt>
   <trkpt lat="43.6359870" lon="-79.3978290">
    <ele>77.8</ele>
    <time>2021-01-22T18:34:49Z</time>
   </trkpt>
   <trkpt lat="43.6359980" lon="-79.3978090">
    <ele>77.8</ele>
    <time>2021-01-22T18:34:50Z</time>
   </trkpt>
   <trkpt lat="43.6360160" lon="-79.3977810">
    <ele>77.8</ele>
    <time>2021-01-22T18:34:51Z</time>
   </trkpt>
   <trkpt lat="43.6360630" lon="-79.3977250">
    <ele>77.8</ele>
    <time>2021-01-22T18:34:52Z</time>
   </trkpt>
   <trkpt lat="43.6360940" lon="-79.3976850">
    <ele>77.8</ele>
    <time>2021-01-22T18:34:53Z</time>
   </trkpt>
   <trkpt lat="43.6361030" lon="-79.3976510">
    <ele>77.9</ele>
    <time>2021-01-22T18:34:54Z</time>
   </trkpt>
   <trkpt lat="43.6361070" lon="-79.3976380">
    <ele>77.9</ele>
    <time>2021-01-22T18:34:55Z</time>
   </trkpt>
   <trkpt lat="43.6361100" lon="-79.3976250">
    <ele>77.9</ele>
    <time>2021-01-22T18:34:56Z</time>
   </trkpt>
   <trkpt lat="43.6361290" lon="-79.3976020">
    <ele>77.9</ele>
    <time>2021-01-22T18:34:57Z</time>
   </trkpt>
   <trkpt lat="43.6361370" lon="-79.3975910">
    <ele>77.9</ele>
    <time>2021-01-22T18:34:58Z</time>
   </trkpt>
   <trkpt lat="43.6361540" lon="-79.3975520">
    <ele>77.9</ele>
    <time>2021-01-22T18:34:59Z</time>
   </trkpt>
   <trkpt lat="43.6361590" lon="-79.3975300">
    <ele>77.8</ele>
    <time>2021-01-22T18:35:00Z</time>
   </trkpt>
   <trkpt lat="43.6361840" lon="-79.3975150">
    <ele>77.8</ele>
    <time>2021-01-22T18:35:01Z</time>
   </trkpt>
   <trkpt lat="43.6362160" lon="-79.3974970">
    <ele>77.8</ele>
    <time>2021-01-22T18:35:02Z</time>
   </trkpt>
   <trkpt lat="43.6362300" lon="-79.3974950">
    <ele>77.8</ele>
    <time>2021-01-22T18:35:03Z</time>
   </trkpt>
   <trkpt lat="43.6362580" lon="-79.3974600">
    <ele>77.8</ele>
    <time>2021-01-22T18:35:04Z</time>
   </trkpt>
   <trkpt lat="43.6362860" lon="-79.3974200">
    <ele>77.8</ele>
    <time>2021-01-22T18:35:05Z</time>
   </trkpt>
   <trkpt lat="43.6362960" lon="-79.3974080">
    <ele>77.8</ele>
    <time>2021-01-22T18:35:06Z</time>
   </trkpt>
   <trkpt lat="43.6363040" lon="-79.3973870">
    <ele>77.8</ele>
    <time>2021-01-22T18:35:07Z</time>
   </trkpt>
   <trkpt lat="43.6363070" lon="-79.3973650">
    <ele>77.8</ele>
    <time>2021-01-22T18:35:08Z</time>
   </trkpt>
   <trkpt lat="43.6363180" lon="-79.3973270">
    <ele>77.7</ele>
    <time>2021-01-22T18:35:09Z</time>
   </trkpt>
   <trkpt lat="43.6363490" lon="-79.3973000">
    <ele>77.7</ele>
    <time>2021-01-22T18:35:10Z</time>
   </trkpt>
   <trkpt lat="43.6363570" lon="-79.3972900">
    <ele>77.7</ele>
    <time>2021-01-22T18:35:11Z</time>
   </trkpt>
   <trkpt lat="43.6363650" lon="-79.3972540">
    <ele>77.7</ele>
    <time>2021-01-22T18:35:12Z</time>
   </trkpt>
   <trkpt lat="43.6363820" lon="-79.3972180">
    <ele>77.6</ele>
    <time>2021-01-22T18:35:13Z</time>
   </trkpt>
   <trkpt lat="43.6363990" lon="-79.3971860">
    <ele>77.6</ele>
    <time>2021-01-22T18:35:14Z</time>
   </trkpt>
   <trkpt lat="43.6364260" lon="-79.3971340">
    <ele>77.5</ele>
    <time>2021-01-22T18:35:15Z</time>
   </trkpt>
   <trkpt lat="43.6364400" lon="-79.3971130">
    <ele>77.5</ele>
    <time>2021-01-22T18:35:16Z</time>
   </trkpt>
   <trkpt lat="43.6364640" lon="-79.3970800">
    <ele>77.5</ele>
    <time>2021-01-22T18:35:17Z</time>
   </trkpt>
   <trkpt lat="43.6364930" lon="-79.3970400">
    <ele>77.4</ele>
    <time>2021-01-22T18:35:18Z</time>
   </trkpt>
   <trkpt lat="43.6365120" lon="-79.3970010">
    <ele>77.4</ele>
    <time>2021-01-22T18:35:19Z</time>
   </trkpt>
   <trkpt lat="43.6365220" lon="-79.3969610">
    <ele>77.4</ele>
    <time>2021-01-22T18:35:20Z</time>
   </trkpt>
   <trkpt lat="43.6365430" lon="-79.3969160">
    <ele>77.4</ele>
    <time>2021-01-22T18:35:21Z</time>
   </trkpt>
   <trkpt lat="43.6365500" lon="-79.3968990">
    <ele>77.4</ele>
    <time>2021-01-22T18:35:22Z</time>
   </trkpt>
   <trkpt lat="43.6365600" lon="-79.3968570">
    <ele>77.4</ele>
    <time>2021-01-22T18:35:23Z</time>
   </trkpt>
   <trkpt lat="43.6365730" lon="-79.3968120">
    <ele>77.4</ele>
    <time>2021-01-22T18:35:24Z</time>
   </trkpt>
   <trkpt lat="43.6365820" lon="-79.3967730">
    <ele>77.4</ele>
    <time>2021-01-22T18:35:25Z</time>
   </trkpt>
   <trkpt lat="43.6365910" lon="-79.3967370">
    <ele>77.3</ele>
    <time>2021-01-22T18:35:26Z</time>
   </trkpt>
   <trkpt lat="43.6365960" lon="-79.3966900">
    <ele>77.3</ele>
    <time>2021-01-22T18:35:27Z</time>
   </trkpt>
   <trkpt lat="43.6366050" lon="-79.3966370">
    <ele>77.3</ele>
    <time>2021-01-22T18:35:28Z</time>
   </trkpt>
   <trkpt lat="43.6366100" lon="-79.3966190">
    <ele>77.3</ele>
    <time>2021-01-22T18:35:29Z</time>
   </trkpt>
   <trkpt lat="43.6366200" lon="-79.3965590">
    <ele>77.3</ele>
    <time>2021-01-22T18:35:30Z</time>
   </trkpt>
   <trkpt lat="43.6366230" lon="-79.3965340">
    <ele>77.3</ele>
    <time>2021-01-22T18:35:31Z</time>
   </trkpt>
   <trkpt lat="43.6366350" lon="-79.3964800">
    <ele>77.2</ele>
    <time>2021-01-22T18:35:32Z</time>
   </trkpt>
   <trkpt lat="43.6366390" lon="-79.3964580">
    <ele>77.2</ele>
    <time>2021-01-22T18:35:33Z</time>
   </trkpt>
   <trkpt lat="43.6366440" lon="-79.3964210">
    <ele>77.2</ele>
    <time>2021-01-22T18:35:34Z</time>
   </trkpt>
   <trkpt lat="43.6366580" lon="-79.3963860">
    <ele>77.2</ele>
    <time>2021-01-22T18:35:35Z</time>
   </trkpt>
   <trkpt lat="43.6366760" lon="-79.3963470">
    <ele>77.2</ele>
    <time>2021-01-22T18:35:36Z</time>
   </trkpt>
   <trkpt lat="43.6366940" lon="-79.3963100">
    <ele>77.2</ele>
    <time>2021-01-22T18:35:37Z</time>
   </trkpt>
   <trkpt lat="43.6367100" lon="-79.3962690">
    <ele>77.2</ele>
    <time>2021-01-22T18:35:38Z</time>
   </trkpt>
   <trkpt lat="43.6367300" lon="-79.3962290">
    <ele>77.2</ele>
    <time>2021-01-22T18:35:39Z</time>
   </trkpt>
   <trkpt lat="43.6367540" lon="-79.3961880">
    <ele>77.2</ele>
    <time>2021-01-22T18:35:40Z</time>
   </trkpt>
   <trkpt lat="43.6367630" lon="-79.3961770">
    <ele>77.2</ele>
    <time>2021-01-22T18:35:41Z</time>
   </trkpt>
   <trkpt lat="43.6367810" lon="-79.3961410">
    <ele>77.2</ele>
    <time>2021-01-22T18:35:42Z</time>
   </trkpt>
   <trkpt lat="43.6367860" lon="-79.3961260">
    <ele>77.2</ele>
    <time>2021-01-22T18:35:43Z</time>
   </trkpt>
   <trkpt lat="43.6367960" lon="-79.3960900">
    <ele>77.2</ele>
    <time>2021-01-22T18:35:44Z</time>
   </trkpt>
   <trkpt lat="43.6368130" lon="-79.3960490">
    <ele>77.2</ele>
    <time>2021-01-22T18:35:45Z</time>
   </trkpt>
   <trkpt lat="43.6368170" lon="-79.3960340">
    <ele>77.2</ele>
    <time>2021-01-22T18:35:46Z</time>
   </trkpt>
   <trkpt lat="43.6368220" lon="-79.3959950">
    <ele>77.2</ele>
    <time>2021-01-22T18:35:47Z</time>
   </trkpt>
   <trkpt lat="43.6368470" lon="-79.3959450">
    <ele>77.2</ele>
    <time>2021-01-22T18:35:48Z</time>
   </trkpt>
   <trkpt lat="43.6368550" lon="-79.3959230">
    <ele>77.2</ele>
    <time>2021-01-22T18:35:49Z</time>
   </trkpt>
   <trkpt lat="43.6368750" lon="-79.3958780">
    <ele>77.2</ele>
    <time>2021-01-22T18:35:50Z</time>
   </trkpt>
   <trkpt lat="43.6368810" lon="-79.3958600">
    <ele>77.2</ele>
    <time>2021-01-22T18:35:51Z</time>
   </trkpt>
   <trkpt lat="43.6368900" lon="-79.3958210">
    <ele>77.3</ele>
    <time>2021-01-22T18:35:52Z</time>
   </trkpt>
   <trkpt lat="43.6369050" lon="-79.3957780">
    <ele>77.3</ele>
    <time>2021-01-22T18:35:53Z</time>
   </trkpt>
   <trkpt lat="43.6369100" lon="-79.3957630">
    <ele>77.3</ele>
    <time>2021-01-22T18:35:54Z</time>
   </trkpt>
   <trkpt lat="43.6369270" lon="-79.3957200">
    <ele>77.3</ele>
    <time>2021-01-22T18:35:55Z</time>
   </trkpt>
   <trkpt lat="43.6369330" lon="-79.3957040">
    <ele>77.3</ele>
    <time>2021-01-22T18:35:56Z</time>
   </trkpt>
   <trkpt lat="43.6369420" lon="-79.3956620">
    <ele>77.3</ele>
    <time>2021-01-22T18:35:57Z</time>
   </trkpt>
   <trkpt lat="43.6369450" lon="-79.3956540">
    <ele>77.3</ele>
    <time>2021-01-22T18:35:58Z</time>
   </trkpt>
   <trkpt lat="43.6369580" lon="-79.3956130">
    <ele>77.3</ele>
    <time>2021-01-22T18:35:59Z</time>
   </trkpt>
   <trkpt lat="43.6369660" lon="-79.3956040">
    <ele>77.3</ele>
    <time>2021-01-22T18:36:00Z</time>
   </trkpt>
   <trkpt lat="43.6369750" lon="-79.3955680">
    <ele>77.3</ele>
    <time>2021-01-22T18:36:01Z</time>
   </trkpt>
   <trkpt lat="43.6369920" lon="-79.3955260">
    <ele>77.3</ele>
    <time>2021-01-22T18:36:02Z</time>
   </trkpt>
   <trkpt lat="43.6369990" lon="-79.3955120">
    <ele>77.3</ele>
    <time>2021-01-22T18:36:03Z</time>
   </trkpt>
   <trkpt lat="43.6370140" lon="-79.3954740">
    <ele>77.3</ele>
    <time>2021-01-22T18:36:04Z</time>
   </trkpt>
   <trkpt lat="43.6370190" lon="-79.3954350">
    <ele>77.3</ele>
    <time>2021-01-22T18:36:05Z</time>
   </trkpt>
   <trkpt lat="43.6370260" lon="-79.3953960">
    <ele>77.3</ele>
    <time>2021-01-22T18:36:06Z</time>
   </trkpt>
   <trkpt lat="43.6370380" lon="-79.3953580">
    <ele>77.3</ele>
    <time>2021-01-22T18:36:07Z</time>
   </trkpt>
   <trkpt lat="43.6370420" lon="-79.3953450">
    <ele>77.3</ele>
    <time>2021-01-22T18:36:08Z</time>
   </trkpt>
   <trkpt lat="43.6370430" lon="-79.3953080">
    <ele>77.3</ele>
    <time>2021-01-22T18:36:09Z</time>
   </trkpt>
   <trkpt lat="43.6370610" lon="-79.3952630">
    <ele>77.3</ele>
    <time>2021-01-22T18:36:10Z</time>
   </trkpt>
   <trkpt lat="43.6370650" lon="-79.3952450">
    <ele>77.3</ele>
    <time>2021-01-22T18:36:11Z</time>
   </trkpt>
   <trkpt lat="43.6370710" lon="-79.3952070">
    <ele>77.3</ele>
    <time>2021-01-22T18:36:12Z</time>
   </trkpt>
   <trkpt lat="43.6370930" lon="-79.3951580">
    <ele>77.2</ele>
    <time>2021-01-22T18:36:13Z</time>
   </trkpt>
   <trkpt lat="43.6371020" lon="-79.3951330">
    <ele>77.2</ele>
    <time>2021-01-22T18:36:14Z</time>
   </trkpt>
   <trkpt lat="43.6371220" lon="-79.3950830">
    <ele>77.2</ele>
    <time>2021-01-22T18:36:15Z</time>
   </trkpt>
   <trkpt lat="43.6371260" lon="-79.3950620">
    <ele>77.2</ele>
    <time>2021-01-22T18:36:16Z</time>
   </trkpt>
   <trkpt lat="43.6371380" lon="-79.3950150">
    <ele>77.2</ele>
    <time>2021-01-22T18:36:17Z</time>
   </trkpt>
   <trkpt lat="43.6371400" lon="-79.3950000">
    <ele>77.2</ele>
    <time>2021-01-22T18:36:18Z</time>
   </trkpt>
   <trkpt lat="43.6371500" lon="-79.3949600">
    <ele>77.2</ele>
    <time>2021-01-22T18:36:19Z</time>
   </trkpt>
   <trkpt lat="43.6371650" lon="-79.3949080">
    <ele>77.1</ele>
    <time>2021-01-22T18:36:20Z</time>
   </trkpt>
   <trkpt lat="43.6371700" lon="-79.3948900">
    <ele>77.1</ele>
    <time>2021-01-22T18:36:21Z</time>
   </trkpt>
   <trkpt lat="43.6371750" lon="-79.3948450">
    <ele>77.1</ele>
    <time>2021-01-22T18:36:22Z</time>
   </trkpt>
   <trkpt lat="43.6371750" lon="-79.3948270">
    <ele>77.1</ele>
    <time>2021-01-22T18:36:23Z</time>
   </trkpt>
   <trkpt lat="43.6371710" lon="-79.3947860">
    <ele>77.2</ele>
    <time>2021-01-22T18:36:24Z</time>
   </trkpt>
   <trkpt lat="43.6371800" lon="-79.3947340">
    <ele>77.2</ele>
    <time>2021-01-22T18:36:25Z</time>
   </trkpt>
   <trkpt lat="43.6371840" lon="-79.3947140">
    <ele>77.2</ele>
    <time>2021-01-22T18:36:26Z</time>
   </trkpt>
   <trkpt lat="43.6372050" lon="-79.3946680">
    <ele>77.2</ele>
    <time>2021-01-22T18:36:27Z</time>
   </trkpt>
   <trkpt lat="43.6372120" lon="-79.3946510">
    <ele>77.2</ele>
    <time>2021-01-22T18:36:28Z</time>
   </trkpt>
   <trkpt lat="43.6372240" lon="-79.3946140">
    <ele>77.2</ele>
    <time>2021-01-22T18:36:29Z</time>
   </trkpt>
   <trkpt lat="43.6372310" lon="-79.3945650">
    <ele>77.2</ele>
    <time>2021-01-22T18:36:30Z</time>
   </trkpt>
   <trkpt lat="43.6372330" lon="-79.3945470">
    <ele>77.2</ele>
    <time>2021-01-22T18:36:31Z</time>
   </trkpt>
   <trkpt lat="43.6372430" lon="-79.3945000">
    <ele>77.2</ele>
    <time>2021-01-22T18:36:32Z</time>
   </trkpt>
   <trkpt lat="43.6372460" lon="-79.3944820">
    <ele>77.2</ele>
    <time>2021-01-22T18:36:33Z</time>
   </trkpt>
   <trkpt lat="43.6372470" lon="-79.3944360">
    <ele>77.2</ele>
    <time>2021-01-22T18:36:34Z</time>
   </trkpt>
   <trkpt lat="43.6372470" lon="-79.3944210">
    <ele>77.2</ele>
    <time>2021-01-22T18:36:35Z</time>
   </trkpt>
   <trkpt lat="43.6372530" lon="-79.3943840">
    <ele>77.3</ele>
    <time>2021-01-22T18:36:36Z</time>
   </trkpt>
   <trkpt lat="43.6372550" lon="-79.3943680">
    <ele>77.3</ele>
    <time>2021-01-22T18:36:37Z</time>
   </trkpt>
   <trkpt lat="43.6372630" lon="-79.3943300">
    <ele>77.3</ele>
    <time>2021-01-22T18:36:38Z</time>
   </trkpt>
   <trkpt lat="43.6372710" lon="-79.3942770">
    <ele>77.3</ele>
    <time>2021-01-22T18:36:39Z</time>
   </trkpt>
   <trkpt lat="43.6372760" lon="-79.3942580">
    <ele>77.3</ele>
    <time>2021-01-22T18:36:40Z</time>
   </trkpt>
   <trkpt lat="43.6372830" lon="-79.3942100">
    <ele>77.3</ele>
    <time>2021-01-22T18:36:41Z</time>
   </trkpt>
   <trkpt lat="43.6372850" lon="-79.3941890">
    <ele>77.3</ele>
    <time>2021-01-22T18:36:42Z</time>
   </trkpt>
   <trkpt lat="43.6372900" lon="-79.3941510">
    <ele>77.3</ele>
    <time>2021-01-22T18:36:43Z</time>
   </trkpt>
   <trkpt lat="43.6372970" lon="-79.3941000">
    <ele>77.4</ele>
    <time>2021-01-22T18:36:44Z</time>
   </trkpt>
   <trkpt lat="43.6372990" lon="-79.3940810">
    <ele>77.4</ele>
    <time>2021-01-22T18:36:45Z</time>
   </trkpt>
   <trkpt lat="43.6372980" lon="-79.3940270">
    <ele>77.4</ele>
    <time>2021-01-22T18:36:46Z</time>
   </trkpt>
   <trkpt lat="43.6372970" lon="-79.3940040">
    <ele>77.4</ele>
    <time>2021-01-22T18:36:47Z</time>
   </trkpt>
   <trkpt lat="43.6373130" lon="-79.3939610">
    <ele>77.4</ele>
    <time>2021-01-22T18:36:48Z</time>
   </trkpt>
   <trkpt lat="43.6373180" lon="-79.3939480">
    <ele>77.4</ele>
    <time>2021-01-22T18:36:49Z</time>
   </trkpt>
   <trkpt lat="43.6373280" lon="-79.3939070">
    <ele>77.4</ele>
    <time>2021-01-22T18:36:50Z</time>
   </trkpt>
   <trkpt lat="43.6373270" lon="-79.3938830">
    <ele>77.4</ele>
    <time>2021-01-22T18:36:51Z</time>
   </trkpt>
   <trkpt lat="43.6373280" lon="-79.3938570">
    <ele>77.4</ele>
    <time>2021-01-22T18:36:52Z</time>
   </trkpt>
   <trkpt lat="43.6373380" lon="-79.3938240">
    <ele>77.4</ele>
    <time>2021-01-22T18:36:53Z</time>
   </trkpt>
   <trkpt lat="43.6373410" lon="-79.3938090">
    <ele>77.4</ele>
    <time>2021-01-22T18:36:54Z</time>
   </trkpt>
   <trkpt lat="43.6373340" lon="-79.3937720">
    <ele>77.4</ele>
    <time>2021-01-22T18:36:55Z</time>
   </trkpt>
   <trkpt lat="43.6373260" lon="-79.3937220">
    <ele>77.4</ele>
    <time>2021-01-22T18:36:56Z</time>
   </trkpt>
   <trkpt lat="43.6373230" lon="-79.3936820">
    <ele>77.4</ele>
    <time>2021-01-22T18:36:57Z</time>
   </trkpt>
   <trkpt lat="43.6373230" lon="-79.3936310">
    <ele>77.4</ele>
    <time>2021-01-22T18:36:58Z</time>
   </trkpt>
   <trkpt lat="43.6373350" lon="-79.3935950">
    <ele>77.4</ele>
    <time>2021-01-22T18:36:59Z</time>
   </trkpt>
   <trkpt lat="43.6373360" lon="-79.3935480">
    <ele>77.4</ele>
    <time>2021-01-22T18:37:00Z</time>
   </trkpt>
   <trkpt lat="43.6373430" lon="-79.3935030">
    <ele>77.4</ele>
    <time>2021-01-22T18:37:01Z</time>
   </trkpt>
   <trkpt lat="43.6373490" lon="-79.3934550">
    <ele>77.4</ele>
    <time>2021-01-22T18:37:02Z</time>
   </trkpt>
   <trkpt lat="43.6373510" lon="-79.3934060">
    <ele>77.4</ele>
    <time>2021-01-22T18:37:03Z</time>
   </trkpt>
   <trkpt lat="43.6373550" lon="-79.3933520">
    <ele>77.4</ele>
    <time>2021-01-22T18:37:04Z</time>
   </trkpt>
   <trkpt lat="43.6373530" lon="-79.3933310">
    <ele>77.4</ele>
    <time>2021-01-22T18:37:05Z</time>
   </trkpt>
   <trkpt lat="43.6373720" lon="-79.3932980">
    <ele>77.4</ele>
    <time>2021-01-22T18:37:06Z</time>
   </trkpt>
   <trkpt lat="43.6373720" lon="-79.3932530">
    <ele>77.4</ele>
    <time>2021-01-22T18:37:07Z</time>
   </trkpt>
   <trkpt lat="43.6373650" lon="-79.3932070">
    <ele>77.4</ele>
    <time>2021-01-22T18:37:08Z</time>
   </trkpt>
   <trkpt lat="43.6373660" lon="-79.3931900">
    <ele>77.4</ele>
    <time>2021-01-22T18:37:09Z</time>
   </trkpt>
   <trkpt lat="43.6373670" lon="-79.3931510">
    <ele>77.4</ele>
    <time>2021-01-22T18:37:10Z</time>
   </trkpt>
   <trkpt lat="43.6373720" lon="-79.3931140">
    <ele>77.4</ele>
    <time>2021-01-22T18:37:11Z</time>
   </trkpt>
   <trkpt lat="43.6373730" lon="-79.3930680">
    <ele>77.4</ele>
    <time>2021-01-22T18:37:12Z</time>
   </trkpt>
   <trkpt lat="43.6373680" lon="-79.3930190">
    <ele>77.4</ele>
    <time>2021-01-22T18:37:13Z</time>
   </trkpt>
   <trkpt lat="43.6373700" lon="-79.3929760">
    <ele>77.4</ele>
    <time>2021-01-22T18:37:14Z</time>
   </trkpt>
   <trkpt lat="43.6373700" lon="-79.3929330">
    <ele>77.4</ele>
    <time>2021-01-22T18:37:15Z</time>
   </trkpt>
   <trkpt lat="43.6373680" lon="-79.3928950">
    <ele>77.4</ele>
    <time>2021-01-22T18:37:16Z</time>
   </trkpt>
   <trkpt lat="43.6373770" lon="-79.3928570">
    <ele>77.4</ele>
    <time>2021-01-22T18:37:17Z</time>
   </trkpt>
   <trkpt lat="43.6373890" lon="-79.3928120">
    <ele>77.4</ele>
    <time>2021-01-22T18:37:18Z</time>
   </trkpt>
   <trkpt lat="43.6373960" lon="-79.3928010">
    <ele>77.4</ele>
    <time>2021-01-22T18:37:19Z</time>
   </trkpt>
   <trkpt lat="43.6374150" lon="-79.3927550">
    <ele>77.4</ele>
    <time>2021-01-22T18:37:20Z</time>
   </trkpt>
   <trkpt lat="43.6374150" lon="-79.3927100">
    <ele>77.4</ele>
    <time>2021-01-22T18:37:21Z</time>
   </trkpt>
   <trkpt lat="43.6374160" lon="-79.3926620">
    <ele>77.4</ele>
    <time>2021-01-22T18:37:22Z</time>
   </trkpt>
   <trkpt lat="43.6374170" lon="-79.3926440">
    <ele>77.4</ele>
    <time>2021-01-22T18:37:23Z</time>
   </trkpt>
   <trkpt lat="43.6374260" lon="-79.3925950">
    <ele>77.4</ele>
    <time>2021-01-22T18:37:24Z</time>
   </trkpt>
   <trkpt lat="43.6374310" lon="-79.3925820">
    <ele>77.4</ele>
    <time>2021-01-22T18:37:25Z</time>
   </trkpt>
   <trkpt lat="43.6374390" lon="-79.3925420">
    <ele>77.4</ele>
    <time>2021-01-22T18:37:26Z</time>
   </trkpt>
   <trkpt lat="43.6374450" lon="-79.3925250">
    <ele>77.4</ele>
    <time>2021-01-22T18:37:27Z</time>
   </trkpt>
   <trkpt lat="43.6374530" lon="-79.3924710">
    <ele>77.4</ele>
    <time>2021-01-22T18:37:28Z</time>
   </trkpt>
   <trkpt lat="43.6374530" lon="-79.3924510">
    <ele>77.4</ele>
    <time>2021-01-22T18:37:29Z</time>
   </trkpt>
   <trkpt lat="43.6374590" lon="-79.3924000">
    <ele>77.4</ele>
    <time>2021-01-22T18:37:30Z</time>
   </trkpt>
   <trkpt lat="43.6374650" lon="-79.3923830">
    <ele>77.4</ele>
    <time>2021-01-22T18:37:31Z</time>
   </trkpt>
   <trkpt lat="43.6374810" lon="-79.3923370">
    <ele>77.4</ele>
    <time>2021-01-22T18:37:32Z</time>
   </trkpt>
   <trkpt lat="43.6374860" lon="-79.3923190">
    <ele>77.4</ele>
    <time>2021-01-22T18:37:33Z</time>
   </trkpt>
   <trkpt lat="43.6374980" lon="-79.3922700">
    <ele>77.3</ele>
    <time>2021-01-22T18:37:34Z</time>
   </trkpt>
   <trkpt lat="43.6375060" lon="-79.3922260">
    <ele>77.3</ele>
    <time>2021-01-22T18:37:35Z</time>
   </trkpt>
   <trkpt lat="43.6375110" lon="-79.3921760">
    <ele>77.3</ele>
    <time>2021-01-22T18:37:36Z</time>
   </trkpt>
   <trkpt lat="43.6375110" lon="-79.3921580">
    <ele>77.3</ele>
    <time>2021-01-22T18:37:37Z</time>
   </trkpt>
   <trkpt lat="43.6375030" lon="-79.3921150">
    <ele>77.3</ele>
    <time>2021-01-22T18:37:38Z</time>
   </trkpt>
   <trkpt lat="43.6375040" lon="-79.3920780">
    <ele>77.3</ele>
    <time>2021-01-22T18:37:39Z</time>
   </trkpt>
   <trkpt lat="43.6375070" lon="-79.3920320">
    <ele>77.3</ele>
    <time>2021-01-22T18:37:40Z</time>
   </trkpt>
   <trkpt lat="43.6375100" lon="-79.3920170">
    <ele>77.3</ele>
    <time>2021-01-22T18:37:41Z</time>
   </trkpt>
   <trkpt lat="43.6375250" lon="-79.3919820">
    <ele>77.3</ele>
    <time>2021-01-22T18:37:42Z</time>
   </trkpt>
   <trkpt lat="43.6375400" lon="-79.3919260">
    <ele>77.3</ele>
    <time>2021-01-22T18:37:43Z</time>
   </trkpt>
   <trkpt lat="43.6375460" lon="-79.3919050">
    <ele>77.3</ele>
    <time>2021-01-22T18:37:44Z</time>
   </trkpt>
   <trkpt lat="43.6375590" lon="-79.3918560">
    <ele>77.3</ele>
    <time>2021-01-22T18:37:45Z</time>
   </trkpt>
   <trkpt lat="43.6375620" lon="-79.3918340">
    <ele>77.3</ele>
    <time>2021-01-22T18:37:46Z</time>
   </trkpt>
   <trkpt lat="43.6375790" lon="-79.3917970">
    <ele>77.2</ele>
    <time>2021-01-22T18:37:47Z</time>
   </trkpt>
   <trkpt lat="43.6375830" lon="-79.3917810">
    <ele>77.2</ele>
    <time>2021-01-22T18:37:48Z</time>
   </trkpt>
   <trkpt lat="43.6375920" lon="-79.3917360">
    <ele>77.2</ele>
    <time>2021-01-22T18:37:49Z</time>
   </trkpt>
   <trkpt lat="43.6375960" lon="-79.3917240">
    <ele>77.2</ele>
    <time>2021-01-22T18:37:50Z</time>
   </trkpt>
   <trkpt lat="43.6375950" lon="-79.3916770">
    <ele>77.2</ele>
    <time>2021-01-22T18:37:51Z</time>
   </trkpt>
   <trkpt lat="43.6376010" lon="-79.3916260">
    <ele>77.2</ele>
    <time>2021-01-22T18:37:52Z</time>
   </trkpt>
   <trkpt lat="43.6376020" lon="-79.3916080">
    <ele>77.2</ele>
    <time>2021-01-22T18:37:53Z</time>
   </trkpt>
   <trkpt lat="43.6376070" lon="-79.3915670">
    <ele>77.2</ele>
    <time>2021-01-22T18:37:54Z</time>
   </trkpt>
   <trkpt lat="43.6376190" lon="-79.3915180">
    <ele>77.2</ele>
    <time>2021-01-22T18:37:55Z</time>
   </trkpt>
   <trkpt lat="43.6376240" lon="-79.3915020">
    <ele>77.2</ele>
    <time>2021-01-22T18:37:56Z</time>
   </trkpt>
   <trkpt lat="43.6376330" lon="-79.3914760">
    <ele>77.2</ele>
    <time>2021-01-22T18:37:57Z</time>
   </trkpt>
   <trkpt lat="43.6376380" lon="-79.3914630">
    <ele>77.2</ele>
    <time>2021-01-22T18:37:58Z</time>
   </trkpt>
   <trkpt lat="43.6376440" lon="-79.3914490">
    <ele>77.2</ele>
    <time>2021-01-22T18:37:59Z</time>
   </trkpt>
   <trkpt lat="43.6376600" lon="-79.3914210">
    <ele>77.2</ele>
    <time>2021-01-22T18:38:00Z</time>
   </trkpt>
   <trkpt lat="43.6376650" lon="-79.3914020">
    <ele>77.2</ele>
    <time>2021-01-22T18:38:01Z</time>
   </trkpt>
   <trkpt lat="43.6376700" lon="-79.3913610">
    <ele>77.2</ele>
    <time>2021-01-22T18:38:02Z</time>
   </trkpt>
   <trkpt lat="43.6376860" lon="-79.3913210">
    <ele>77.2</ele>
    <time>2021-01-22T18:38:03Z</time>
   </trkpt>
   <trkpt lat="43.6376890" lon="-79.3913100">
    <ele>77.2</ele>
    <time>2021-01-22T18:38:04Z</time>
   </trkpt>
   <trkpt lat="43.6377090" lon="-79.3912830">
    <ele>77.3</ele>
    <time>2021-01-22T18:38:05Z</time>
   </trkpt>
   <trkpt lat="43.6377170" lon="-79.3912730">
    <ele>77.3</ele>
    <time>2021-01-22T18:38:06Z</time>
   </trkpt>
   <trkpt lat="43.6377290" lon="-79.3912310">
    <ele>77.3</ele>
    <time>2021-01-22T18:38:07Z</time>
   </trkpt>
   <trkpt lat="43.6377320" lon="-79.3912150">
    <ele>77.3</ele>
    <time>2021-01-22T18:38:08Z</time>
   </trkpt>
   <trkpt lat="43.6377420" lon="-79.3911710">
    <ele>77.3</ele>
    <time>2021-01-22T18:38:09Z</time>
   </trkpt>
   <trkpt lat="43.6377440" lon="-79.3911550">
    <ele>77.3</ele>
    <time>2021-01-22T18:38:10Z</time>
   </trkpt>
   <trkpt lat="43.6377560" lon="-79.3911130">
    <ele>77.3</ele>
    <time>2021-01-22T18:38:11Z</time>
   </trkpt>
   <trkpt lat="43.6377600" lon="-79.3910980">
    <ele>77.3</ele>
    <time>2021-01-22T18:38:12Z</time>
   </trkpt>
   <trkpt lat="43.6377680" lon="-79.3910480">
    <ele>77.4</ele>
    <time>2021-01-22T18:38:13Z</time>
   </trkpt>
   <trkpt lat="43.6377700" lon="-79.3910310">
    <ele>77.4</ele>
    <time>2021-01-22T18:38:14Z</time>
   </trkpt>
   <trkpt lat="43.6377870" lon="-79.3909870">
    <ele>77.4</ele>
    <time>2021-01-22T18:38:15Z</time>
   </trkpt>
   <trkpt lat="43.6377920" lon="-79.3909670">
    <ele>77.4</ele>
    <time>2021-01-22T18:38:16Z</time>
   </trkpt>
   <trkpt lat="43.6377970" lon="-79.3909250">
    <ele>77.4</ele>
    <time>2021-01-22T18:38:17Z</time>
   </trkpt>
   <trkpt lat="43.6377990" lon="-79.3908780">
    <ele>77.5</ele>
    <time>2021-01-22T18:38:18Z</time>
   </trkpt>
   <trkpt lat="43.6377990" lon="-79.3908630">
    <ele>77.5</ele>
    <time>2021-01-22T18:38:19Z</time>
   </trkpt>
   <trkpt lat="43.6378110" lon="-79.3908230">
    <ele>77.5</ele>
    <time>2021-01-22T18:38:20Z</time>
   </trkpt>
   <trkpt lat="43.6378290" lon="-79.3907740">
    <ele>77.5</ele>
    <time>2021-01-22T18:38:21Z</time>
   </trkpt>
   <trkpt lat="43.6378390" lon="-79.3907430">
    <ele>77.5</ele>
    <time>2021-01-22T18:38:22Z</time>
   </trkpt>
   <trkpt lat="43.6378550" lon="-79.3907010">
    <ele>77.6</ele>
    <time>2021-01-22T18:38:23Z</time>
   </trkpt>
   <trkpt lat="43.6378780" lon="-79.3906570">
    <ele>77.6</ele>
    <time>2021-01-22T18:38:24Z</time>
   </trkpt>
   <trkpt lat="43.6379010" lon="-79.3906040">
    <ele>77.6</ele>
    <time>2021-01-22T18:38:25Z</time>
   </trkpt>
   <trkpt lat="43.6379160" lon="-79.3905680">
    <ele>77.6</ele>
    <time>2021-01-22T18:38:26Z</time>
   </trkpt>
   <trkpt lat="43.6379330" lon="-79.3905260">
    <ele>77.6</ele>
    <time>2021-01-22T18:38:27Z</time>
   </trkpt>
   <trkpt lat="43.6379380" lon="-79.3905080">
    <ele>77.6</ele>
    <time>2021-01-22T18:38:28Z</time>
   </trkpt>
   <trkpt lat="43.6379520" lon="-79.3904590">
    <ele>77.6</ele>
    <time>2021-01-22T18:38:29Z</time>
   </trkpt>
   <trkpt lat="43.6379550" lon="-79.3904430">
    <ele>77.6</ele>
    <time>2021-01-22T18:38:30Z</time>
   </trkpt>
   <trkpt lat="43.6379620" lon="-79.3904020">
    <ele>77.6</ele>
    <time>2021-01-22T18:38:31Z</time>
   </trkpt>
   <trkpt lat="43.6379680" lon="-79.3903580">
    <ele>77.6</ele>
    <time>2021-01-22T18:38:32Z</time>
   </trkpt>
   <trkpt lat="43.6379760" lon="-79.3903050">
    <ele>77.6</ele>
    <time>2021-01-22T18:38:33Z</time>
   </trkpt>
   <trkpt lat="43.6379920" lon="-79.3902590">
    <ele>77.6</ele>
    <time>2021-01-22T18:38:34Z</time>
   </trkpt>
   <trkpt lat="43.6380020" lon="-79.3902210">
    <ele>77.6</ele>
    <time>2021-01-22T18:38:35Z</time>
   </trkpt>
   <trkpt lat="43.6380090" lon="-79.3901840">
    <ele>77.6</ele>
    <time>2021-01-22T18:38:36Z</time>
   </trkpt>
   <trkpt lat="43.6380140" lon="-79.3901430">
    <ele>77.6</ele>
    <time>2021-01-22T18:38:37Z</time>
   </trkpt>
   <trkpt lat="43.6380220" lon="-79.3901050">
    <ele>77.6</ele>
    <time>2021-01-22T18:38:38Z</time>
   </trkpt>
   <trkpt lat="43.6380320" lon="-79.3900690">
    <ele>77.6</ele>
    <time>2021-01-22T18:38:39Z</time>
   </trkpt>
   <trkpt lat="43.6380380" lon="-79.3900310">
    <ele>77.6</ele>
    <time>2021-01-22T18:38:40Z</time>
   </trkpt>
   <trkpt lat="43.6380450" lon="-79.3899820">
    <ele>77.7</ele>
    <time>2021-01-22T18:38:41Z</time>
   </trkpt>
   <trkpt lat="43.6380480" lon="-79.3899660">
    <ele>77.7</ele>
    <time>2021-01-22T18:38:42Z</time>
   </trkpt>
   <trkpt lat="43.6380550" lon="-79.3899170">
    <ele>77.7</ele>
    <time>2021-01-22T18:38:43Z</time>
   </trkpt>
   <trkpt lat="43.6380540" lon="-79.3898760">
    <ele>77.7</ele>
    <time>2021-01-22T18:38:44Z</time>
   </trkpt>
   <trkpt lat="43.6380590" lon="-79.3898350">
    <ele>77.8</ele>
    <time>2021-01-22T18:38:45Z</time>
   </trkpt>
   <trkpt lat="43.6380670" lon="-79.3897910">
    <ele>77.8</ele>
    <time>2021-01-22T18:38:46Z</time>
   </trkpt>
   <trkpt lat="43.6380800" lon="-79.3897560">
    <ele>77.8</ele>
    <time>2021-01-22T18:38:47Z</time>
   </trkpt>
   <trkpt lat="43.6380850" lon="-79.3897400">
    <ele>77.9</ele>
    <time>2021-01-22T18:38:48Z</time>
   </trkpt>
   <trkpt lat="43.6380980" lon="-79.3896920">
    <ele>77.9</ele>
    <time>2021-01-22T18:38:49Z</time>
   </trkpt>
   <trkpt lat="43.6380980" lon="-79.3896410">
    <ele>77.9</ele>
    <time>2021-01-22T18:38:50Z</time>
   </trkpt>
   <trkpt lat="43.6380980" lon="-79.3896210">
    <ele>77.9</ele>
    <time>2021-01-22T18:38:51Z</time>
   </trkpt>
   <trkpt lat="43.6380970" lon="-79.3895820">
    <ele>77.9</ele>
    <time>2021-01-22T18:38:52Z</time>
   </trkpt>
   <trkpt lat="43.6380940" lon="-79.3895400">
    <ele>77.9</ele>
    <time>2021-01-22T18:38:53Z</time>
   </trkpt>
   <trkpt lat="43.6380910" lon="-79.3895000">
    <ele>77.9</ele>
    <time>2021-01-22T18:38:54Z</time>
   </trkpt>
   <trkpt lat="43.6380910" lon="-79.3894620">
    <ele>77.9</ele>
    <time>2021-01-22T18:38:55Z</time>
   </trkpt>
   <trkpt lat="43.6380990" lon="-79.3894260">
    <ele>77.9</ele>
    <time>2021-01-22T18:38:56Z</time>
   </trkpt>
   <trkpt lat="43.6381040" lon="-79.3893870">
    <ele>77.8</ele>
    <time>2021-01-22T18:38:57Z</time>
   </trkpt>
   <trkpt lat="43.6381160" lon="-79.3893450">
    <ele>77.8</ele>
    <time>2021-01-22T18:38:58Z</time>
   </trkpt>
   <trkpt lat="43.6381320" lon="-79.3892940">
    <ele>77.8</ele>
    <time>2021-01-22T18:38:59Z</time>
   </trkpt>
   <trkpt lat="43.6381390" lon="-79.3892780">
    <ele>77.8</ele>
    <time>2021-01-22T18:39:00Z</time>
   </trkpt>
   <trkpt lat="43.6381440" lon="-79.3892410">
    <ele>77.8</ele>
    <time>2021-01-22T18:39:01Z</time>
   </trkpt>
   <trkpt lat="43.6381560" lon="-79.3891970">
    <ele>77.8</ele>
    <time>2021-01-22T18:39:02Z</time>
   </trkpt>
   <trkpt lat="43.6381650" lon="-79.3891480">
    <ele>77.7</ele>
    <time>2021-01-22T18:39:03Z</time>
   </trkpt>
   <trkpt lat="43.6381770" lon="-79.3891090">
    <ele>77.7</ele>
    <time>2021-01-22T18:39:04Z</time>
   </trkpt>
   <trkpt lat="43.6381860" lon="-79.3890570">
    <ele>77.7</ele>
    <time>2021-01-22T18:39:05Z</time>
   </trkpt>
   <trkpt lat="43.6381910" lon="-79.3890370">
    <ele>77.7</ele>
    <time>2021-01-22T18:39:06Z</time>
   </trkpt>
   <trkpt lat="43.6381980" lon="-79.3890000">
    <ele>77.7</ele>
    <time>2021-01-22T18:39:07Z</time>
   </trkpt>
   <trkpt lat="43.6382070" lon="-79.3889520">
    <ele>77.7</ele>
    <time>2021-01-22T18:39:08Z</time>
   </trkpt>
   <trkpt lat="43.6382090" lon="-79.3889390">
    <ele>77.6</ele>
    <time>2021-01-22T18:39:09Z</time>
   </trkpt>
   <trkpt lat="43.6382000" lon="-79.3888920">
    <ele>77.6</ele>
    <time>2021-01-22T18:39:10Z</time>
   </trkpt>
   <trkpt lat="43.6382060" lon="-79.3888530">
    <ele>77.6</ele>
    <time>2021-01-22T18:39:11Z</time>
   </trkpt>
   <trkpt lat="43.6382250" lon="-79.3888070">
    <ele>77.6</ele>
    <time>2021-01-22T18:39:12Z</time>
   </trkpt>
   <trkpt lat="43.6382310" lon="-79.3887900">
    <ele>77.6</ele>
    <time>2021-01-22T18:39:13Z</time>
   </trkpt>
   <trkpt lat="43.6382440" lon="-79.3887490">
    <ele>77.6</ele>
    <time>2021-01-22T18:39:14Z</time>
   </trkpt>
   <trkpt lat="43.6382610" lon="-79.3886990">
    <ele>77.6</ele>
    <time>2021-01-22T18:39:15Z</time>
   </trkpt>
   <trkpt lat="43.6382670" lon="-79.3886800">
    <ele>77.6</ele>
    <time>2021-01-22T18:39:16Z</time>
   </trkpt>
   <trkpt lat="43.6382780" lon="-79.3886390">
    <ele>77.6</ele>
    <time>2021-01-22T18:39:17Z</time>
   </trkpt>
   <trkpt lat="43.6382830" lon="-79.3886190">
    <ele>77.6</ele>
    <time>2021-01-22T18:39:18Z</time>
   </trkpt>
   <trkpt lat="43.6382910" lon="-79.3885710">
    <ele>77.5</ele>
    <time>2021-01-22T18:39:19Z</time>
   </trkpt>
   <trkpt lat="43.6382950" lon="-79.3885570">
    <ele>77.5</ele>
    <time>2021-01-22T18:39:20Z</time>
   </trkpt>
   <trkpt lat="43.6383060" lon="-79.3885130">
    <ele>77.5</ele>
    <time>2021-01-22T18:39:21Z</time>
   </trkpt>
   <trkpt lat="43.6383080" lon="-79.3884940">
    <ele>77.5</ele>
    <time>2021-01-22T18:39:22Z</time>
   </trkpt>
   <trkpt lat="43.6383280" lon="-79.3884470">
    <ele>77.5</ele>
    <time>2021-01-22T18:39:23Z</time>
   </trkpt>
   <trkpt lat="43.6383330" lon="-79.3884300">
    <ele>77.5</ele>
    <time>2021-01-22T18:39:24Z</time>
   </trkpt>
   <trkpt lat="43.6383440" lon="-79.3884060">
    <ele>77.4</ele>
    <time>2021-01-22T18:39:25Z</time>
   </trkpt>
   <trkpt lat="43.6383520" lon="-79.3883890">
    <ele>77.4</ele>
    <time>2021-01-22T18:39:26Z</time>
   </trkpt>
   <trkpt lat="43.6383530" lon="-79.3883470">
    <ele>77.4</ele>
    <time>2021-01-22T18:39:27Z</time>
   </trkpt>
   <trkpt lat="43.6383520" lon="-79.3883340">
    <ele>77.4</ele>
    <time>2021-01-22T18:39:28Z</time>
   </trkpt>
   <trkpt lat="43.6383520" lon="-79.3882930">
    <ele>77.4</ele>
    <time>2021-01-22T18:39:29Z</time>
   </trkpt>
   <trkpt lat="43.6383630" lon="-79.3882460">
    <ele>77.4</ele>
    <time>2021-01-22T18:39:30Z</time>
   </trkpt>
   <trkpt lat="43.6383690" lon="-79.3882340">
    <ele>77.4</ele>
    <time>2021-01-22T18:39:31Z</time>
   </trkpt>
   <trkpt lat="43.6383800" lon="-79.3881950">
    <ele>77.3</ele>
    <time>2021-01-22T18:39:32Z</time>
   </trkpt>
   <trkpt lat="43.6383810" lon="-79.3881860">
    <ele>77.3</ele>
    <time>2021-01-22T18:39:33Z</time>
   </trkpt>
   <trkpt lat="43.6383910" lon="-79.3881510">
    <ele>77.3</ele>
    <time>2021-01-22T18:39:34Z</time>
   </trkpt>
   <trkpt lat="43.6384060" lon="-79.3881180">
    <ele>77.3</ele>
    <time>2021-01-22T18:39:35Z</time>
   </trkpt>
   <trkpt lat="43.6384090" lon="-79.3880790">
    <ele>77.3</ele>
    <time>2021-01-22T18:39:36Z</time>
   </trkpt>
   <trkpt lat="43.6384090" lon="-79.3880650">
    <ele>77.2</ele>
    <time>2021-01-22T18:39:37Z</time>
   </trkpt>
   <trkpt lat="43.6384250" lon="-79.3880200">
    <ele>77.2</ele>
    <time>2021-01-22T18:39:38Z</time>
   </trkpt>
   <trkpt lat="43.6384280" lon="-79.3880060">
    <ele>77.2</ele>
    <time>2021-01-22T18:39:39Z</time>
   </trkpt>
   <trkpt lat="43.6384380" lon="-79.3879760">
    <ele>77.2</ele>
    <time>2021-01-22T18:39:40Z</time>
   </trkpt>
   <trkpt lat="43.6384440" lon="-79.3879590">
    <ele>77.2</ele>
    <time>2021-01-22T18:39:41Z</time>
   </trkpt>
   <trkpt lat="43.6384600" lon="-79.3879210">
    <ele>77.1</ele>
    <time>2021-01-22T18:39:42Z</time>
   </trkpt>
   <trkpt lat="43.6384630" lon="-79.3879110">
    <ele>77.1</ele>
    <time>2021-01-22T18:39:43Z</time>
   </trkpt>
   <trkpt lat="43.6384760" lon="-79.3878680">
    <ele>77.1</ele>
    <time>2021-01-22T18:39:44Z</time>
   </trkpt>
   <trkpt lat="43.6384770" lon="-79.3878480">
    <ele>77.1</ele>
    <time>2021-01-22T18:39:45Z</time>
   </trkpt>
   <trkpt lat="43.6384910" lon="-79.3878110">
    <ele>77.1</ele>
    <time>2021-01-22T18:39:46Z</time>
   </trkpt>
   <trkpt lat="43.6384910" lon="-79.3877980">
    <ele>77.1</ele>
    <time>2021-01-22T18:39:47Z</time>
   </trkpt>
   <trkpt lat="43.6385100" lon="-79.3877620">
    <ele>77.0</ele>
    <time>2021-01-22T18:39:48Z</time>
   </trkpt>
   <trkpt lat="43.6385310" lon="-79.3877230">
    <ele>77.0</ele>
    <time>2021-01-22T18:39:49Z</time>
   </trkpt>
   <trkpt lat="43.6385470" lon="-79.3876750">
    <ele>77.0</ele>
    <time>2021-01-22T18:39:50Z</time>
   </trkpt>
   <trkpt lat="43.6385500" lon="-79.3876570">
    <ele>77.0</ele>
    <time>2021-01-22T18:39:51Z</time>
   </trkpt>
   <trkpt lat="43.6385570" lon="-79.3876090">
    <ele>77.0</ele>
    <time>2021-01-22T18:39:52Z</time>
   </trkpt>
   <trkpt lat="43.6385620" lon="-79.3875920">
    <ele>77.0</ele>
    <time>2021-01-22T18:39:53Z</time>
   </trkpt>
   <trkpt lat="43.6385720" lon="-79.3875450">
    <ele>77.0</ele>
    <time>2021-01-22T18:39:54Z</time>
   </trkpt>
   <trkpt lat="43.6385760" lon="-79.3875280">
    <ele>77.0</ele>
    <time>2021-01-22T18:39:55Z</time>
   </trkpt>
   <trkpt lat="43.6385870" lon="-79.3874730">
    <ele>77.0</ele>
    <time>2021-01-22T18:39:56Z</time>
   </trkpt>
   <trkpt lat="43.6385960" lon="-79.3874360">
    <ele>77.0</ele>
    <time>2021-01-22T18:39:57Z</time>
   </trkpt>
   <trkpt lat="43.6385990" lon="-79.3874160">
    <ele>77.0</ele>
    <time>2021-01-22T18:39:58Z</time>
   </trkpt>
   <trkpt lat="43.6386100" lon="-79.3873800">
    <ele>77.0</ele>
    <time>2021-01-22T18:39:59Z</time>
   </trkpt>
   <trkpt lat="43.6386230" lon="-79.3873360">
    <ele>77.1</ele>
    <time>2021-01-22T18:40:00Z</time>
   </trkpt>
   <trkpt lat="43.6386280" lon="-79.3873190">
    <ele>77.1</ele>
    <time>2021-01-22T18:40:01Z</time>
   </trkpt>
   <trkpt lat="43.6386350" lon="-79.3872670">
    <ele>77.1</ele>
    <time>2021-01-22T18:40:02Z</time>
   </trkpt>
   <trkpt lat="43.6386380" lon="-79.3872450">
    <ele>77.1</ele>
    <time>2021-01-22T18:40:03Z</time>
   </trkpt>
   <trkpt lat="43.6386490" lon="-79.3871930">
    <ele>77.1</ele>
    <time>2021-01-22T18:40:04Z</time>
   </trkpt>
   <trkpt lat="43.6386530" lon="-79.3871760">
    <ele>77.1</ele>
    <time>2021-01-22T18:40:05Z</time>
   </trkpt>
   <trkpt lat="43.6386710" lon="-79.3871410">
    <ele>77.2</ele>
    <time>2021-01-22T18:40:06Z</time>
   </trkpt>
   <trkpt lat="43.6386760" lon="-79.3871330">
    <ele>77.2</ele>
    <time>2021-01-22T18:40:07Z</time>
   </trkpt>
   <trkpt lat="43.6386950" lon="-79.3871060">
    <ele>77.2</ele>
    <time>2021-01-22T18:40:08Z</time>
   </trkpt>
   <trkpt lat="43.6387170" lon="-79.3870700">
    <ele>77.2</ele>
    <time>2021-01-22T18:40:09Z</time>
   </trkpt>
   <trkpt lat="43.6387390" lon="-79.3870440">
    <ele>77.2</ele>
    <time>2021-01-22T18:40:10Z</time>
   </trkpt>
   <trkpt lat="43.6387460" lon="-79.3870380">
    <ele>77.2</ele>
    <time>2021-01-22T18:40:11Z</time>
   </trkpt>
   <trkpt lat="43.6387620" lon="-79.3870020">
    <ele>77.2</ele>
    <time>2021-01-22T18:40:12Z</time>
   </trkpt>
   <trkpt lat="43.6387650" lon="-79.3869920">
    <ele>77.2</ele>
    <time>2021-01-22T18:40:13Z</time>
   </trkpt>
   <trkpt lat="43.6387870" lon="-79.3869760">
    <ele>77.2</ele>
    <time>2021-01-22T18:40:14Z</time>
   </trkpt>
   <trkpt lat="43.6387970" lon="-79.3869640">
    <ele>77.2</ele>
    <time>2021-01-22T18:40:15Z</time>
   </trkpt>
   <trkpt lat="43.6388170" lon="-79.3869280">
    <ele>77.2</ele>
    <time>2021-01-22T18:40:16Z</time>
   </trkpt>
   <trkpt lat="43.6388250" lon="-79.3869190">
    <ele>77.2</ele>
    <time>2021-01-22T18:40:17Z</time>
   </trkpt>
   <trkpt lat="43.6388400" lon="-79.3869150">
    <ele>77.3</ele>
    <time>2021-01-22T18:40:18Z</time>
   </trkpt>
   <trkpt lat="43.6388590" lon="-79.3869170">
    <ele>77.3</ele>
    <time>2021-01-22T18:40:19Z</time>
   </trkpt>
   <trkpt lat="43.6388880" lon="-79.3868900">
    <ele>77.3</ele>
    <time>2021-01-22T18:40:20Z</time>
   </trkpt>
   <trkpt lat="43.6388960" lon="-79.3868760">
    <ele>77.3</ele>
    <time>2021-01-22T18:40:21Z</time>
   </trkpt>
   <trkpt lat="43.6389190" lon="-79.3868530">
    <ele>77.3</ele>
    <time>2021-01-22T18:40:22Z</time>
   </trkpt>
   <trkpt lat="43.6389220" lon="-79.3868370">
    <ele>77.3</ele>
    <time>2021-01-22T18:40:23Z</time>
   </trkpt>
   <trkpt lat="43.6389270" lon="-79.3868100">
    <ele>77.3</ele>
    <time>2021-01-22T18:40:24Z</time>
   </trkpt>
   <trkpt lat="43.6389370" lon="-79.3867930">
    <ele>77.3</ele>
    <time>2021-01-22T18:40:25Z</time>
   </trkpt>
   <trkpt lat="43.6389410" lon="-79.3867730">
    <ele>77.3</ele>
    <time>2021-01-22T18:40:26Z</time>
   </trkpt>
   <trkpt lat="43.6389530" lon="-79.3867420">
    <ele>77.3</ele>
    <time>2021-01-22T18:40:27Z</time>
   </trkpt>
   <trkpt lat="43.6389580" lon="-79.3867290">
    <ele>77.3</ele>
    <time>2021-01-22T18:40:28Z</time>
   </trkpt>
   <trkpt lat="43.6389690" lon="-79.3866900">
    <ele>77.3</ele>
    <time>2021-01-22T18:40:29Z</time>
   </trkpt>
   <trkpt lat="43.6389690" lon="-79.3866470">
    <ele>77.3</ele>
    <time>2021-01-22T18:40:30Z</time>
   </trkpt>
   <trkpt lat="43.6389680" lon="-79.3866010">
    <ele>77.3</ele>
    <time>2021-01-22T18:40:31Z</time>
   </trkpt>
   <trkpt lat="43.6389650" lon="-79.3865880">
    <ele>77.3</ele>
    <time>2021-01-22T18:40:32Z</time>
   </trkpt>
   <trkpt lat="43.6389620" lon="-79.3865440">
    <ele>77.3</ele>
    <time>2021-01-22T18:40:33Z</time>
   </trkpt>
   <trkpt lat="43.6389620" lon="-79.3865260">
    <ele>77.3</ele>
    <time>2021-01-22T18:40:34Z</time>
   </trkpt>
   <trkpt lat="43.6389620" lon="-79.3864760">
    <ele>77.3</ele>
    <time>2021-01-22T18:40:35Z</time>
   </trkpt>
   <trkpt lat="43.6389610" lon="-79.3864590">
    <ele>77.3</ele>
    <time>2021-01-22T18:40:36Z</time>
   </trkpt>
   <trkpt lat="43.6389700" lon="-79.3864090">
    <ele>77.3</ele>
    <time>2021-01-22T18:40:37Z</time>
   </trkpt>
   <trkpt lat="43.6389700" lon="-79.3863660">
    <ele>77.3</ele>
    <time>2021-01-22T18:40:38Z</time>
   </trkpt>
   <trkpt lat="43.6389580" lon="-79.3863260">
    <ele>77.3</ele>
    <time>2021-01-22T18:40:39Z</time>
   </trkpt>
   <trkpt lat="43.6389550" lon="-79.3863050">
    <ele>77.2</ele>
    <time>2021-01-22T18:40:40Z</time>
   </trkpt>
   <trkpt lat="43.6389570" lon="-79.3862560">
    <ele>77.2</ele>
    <time>2021-01-22T18:40:41Z</time>
   </trkpt>
   <trkpt lat="43.6389570" lon="-79.3862400">
    <ele>77.2</ele>
    <time>2021-01-22T18:40:42Z</time>
   </trkpt>
   <trkpt lat="43.6389530" lon="-79.3861950">
    <ele>77.2</ele>
    <time>2021-01-22T18:40:43Z</time>
   </trkpt>
   <trkpt lat="43.6389520" lon="-79.3861500">
    <ele>77.2</ele>
    <time>2021-01-22T18:40:44Z</time>
   </trkpt>
   <trkpt lat="43.6389490" lon="-79.3861020">
    <ele>77.2</ele>
    <time>2021-01-22T18:40:45Z</time>
   </trkpt>
   <trkpt lat="43.6389440" lon="-79.3860630">
    <ele>77.2</ele>
    <time>2021-01-22T18:40:46Z</time>
   </trkpt>
   <trkpt lat="43.6389400" lon="-79.3860280">
    <ele>77.2</ele>
    <time>2021-01-22T18:40:47Z</time>
   </trkpt>
   <trkpt lat="43.6389400" lon="-79.3860080">
    <ele>77.2</ele>
    <time>2021-01-22T18:40:48Z</time>
   </trkpt>
   <trkpt lat="43.6389310" lon="-79.3859700">
    <ele>77.2</ele>
    <time>2021-01-22T18:40:49Z</time>
   </trkpt>
   <trkpt lat="43.6389310" lon="-79.3859560">
    <ele>77.2</ele>
    <time>2021-01-22T18:40:50Z</time>
   </trkpt>
   <trkpt lat="43.6389230" lon="-79.3859010">
    <ele>77.2</ele>
    <time>2021-01-22T18:40:51Z</time>
   </trkpt>
   <trkpt lat="43.6389200" lon="-79.3858830">
    <ele>77.2</ele>
    <time>2021-01-22T18:40:52Z</time>
   </trkpt>
   <trkpt lat="43.6389120" lon="-79.3858450">
    <ele>77.2</ele>
    <time>2021-01-22T18:40:53Z</time>
   </trkpt>
   <trkpt lat="43.6389110" lon="-79.3858030">
    <ele>77.2</ele>
    <time>2021-01-22T18:40:54Z</time>
   </trkpt>
   <trkpt lat="43.6389160" lon="-79.3857550">
    <ele>77.2</ele>
    <time>2021-01-22T18:40:55Z</time>
   </trkpt>
   <trkpt lat="43.6389220" lon="-79.3856980">
    <ele>77.1</ele>
    <time>2021-01-22T18:40:56Z</time>
   </trkpt>
   <trkpt lat="43.6389240" lon="-79.3856330">
    <ele>77.1</ele>
    <time>2021-01-22T18:40:57Z</time>
   </trkpt>
   <trkpt lat="43.6389610" lon="-79.3855720">
    <ele>77.1</ele>
    <time>2021-01-22T18:40:58Z</time>
   </trkpt>
   <trkpt lat="43.6389850" lon="-79.3855380">
    <ele>77.1</ele>
    <time>2021-01-22T18:40:59Z</time>
   </trkpt>
   <trkpt lat="43.6390070" lon="-79.3854980">
    <ele>77.1</ele>
    <time>2021-01-22T18:41:00Z</time>
   </trkpt>
   <trkpt lat="43.6390290" lon="-79.3854680">
    <ele>77.1</ele>
    <time>2021-01-22T18:41:01Z</time>
   </trkpt>
   <trkpt lat="43.6390480" lon="-79.3854320">
    <ele>77.1</ele>
    <time>2021-01-22T18:41:02Z</time>
   </trkpt>
   <trkpt lat="43.6390650" lon="-79.3853860">
    <ele>77.1</ele>
    <time>2021-01-22T18:41:03Z</time>
   </trkpt>
   <trkpt lat="43.6390700" lon="-79.3853720">
    <ele>77.1</ele>
    <time>2021-01-22T18:41:04Z</time>
   </trkpt>
   <trkpt lat="43.6390920" lon="-79.3853300">
    <ele>77.0</ele>
    <time>2021-01-22T18:41:05Z</time>
   </trkpt>
   <trkpt lat="43.6390990" lon="-79.3853130">
    <ele>77.0</ele>
    <time>2021-01-22T18:41:06Z</time>
   </trkpt>
   <trkpt lat="43.6391030" lon="-79.3852720">
    <ele>77.0</ele>
    <time>2021-01-22T18:41:07Z</time>
   </trkpt>
   <trkpt lat="43.6391080" lon="-79.3852300">
    <ele>77.0</ele>
    <time>2021-01-22T18:41:08Z</time>
   </trkpt>
   <trkpt lat="43.6391080" lon="-79.3851820">
    <ele>76.9</ele>
    <time>2021-01-22T18:41:09Z</time>
   </trkpt>
   <trkpt lat="43.6391140" lon="-79.3851330">
    <ele>76.9</ele>
    <time>2021-01-22T18:41:10Z</time>
   </trkpt>
   <trkpt lat="43.6391150" lon="-79.3851160">
    <ele>76.9</ele>
    <time>2021-01-22T18:41:11Z</time>
   </trkpt>
   <trkpt lat="43.6391280" lon="-79.3850680">
    <ele>76.8</ele>
    <time>2021-01-22T18:41:12Z</time>
   </trkpt>
   <trkpt lat="43.6391310" lon="-79.3850480">
    <ele>76.8</ele>
    <time>2021-01-22T18:41:13Z</time>
   </trkpt>
   <trkpt lat="43.6391320" lon="-79.3849990">
    <ele>76.8</ele>
    <time>2021-01-22T18:41:14Z</time>
   </trkpt>
   <trkpt lat="43.6391410" lon="-79.3849620">
    <ele>76.8</ele>
    <time>2021-01-22T18:41:15Z</time>
   </trkpt>
   <trkpt lat="43.6391540" lon="-79.3849260">
    <ele>76.8</ele>
    <time>2021-01-22T18:41:16Z</time>
   </trkpt>
   <trkpt lat="43.6391570" lon="-79.3849130">
    <ele>76.8</ele>
    <time>2021-01-22T18:41:17Z</time>
   </trkpt>
   <trkpt lat="43.6391650" lon="-79.3848560">
    <ele>76.8</ele>
    <time>2021-01-22T18:41:18Z</time>
   </trkpt>
   <trkpt lat="43.6391670" lon="-79.3848320">
    <ele>76.8</ele>
    <time>2021-01-22T18:41:19Z</time>
   </trkpt>
   <trkpt lat="43.6391740" lon="-79.3847910">
    <ele>76.8</ele>
    <time>2021-01-22T18:41:20Z</time>
   </trkpt>
   <trkpt lat="43.6391760" lon="-79.3847720">
    <ele>76.8</ele>
    <time>2021-01-22T18:41:21Z</time>
   </trkpt>
   <trkpt lat="43.6391820" lon="-79.3847250">
    <ele>76.8</ele>
    <time>2021-01-22T18:41:22Z</time>
   </trkpt>
   <trkpt lat="43.6391870" lon="-79.3847110">
    <ele>76.8</ele>
    <time>2021-01-22T18:41:23Z</time>
   </trkpt>
   <trkpt lat="43.6392000" lon="-79.3846610">
    <ele>76.8</ele>
    <time>2021-01-22T18:41:24Z</time>
   </trkpt>
   <trkpt lat="43.6392030" lon="-79.3846380">
    <ele>76.8</ele>
    <time>2021-01-22T18:41:25Z</time>
   </trkpt>
   <trkpt lat="43.6392160" lon="-79.3845970">
    <ele>76.8</ele>
    <time>2021-01-22T18:41:26Z</time>
   </trkpt>
   <trkpt lat="43.6392170" lon="-79.3845870">
    <ele>76.8</ele>
    <time>2021-01-22T18:41:27Z</time>
   </trkpt>
   <trkpt lat="43.6392230" lon="-79.3845400">
    <ele>76.8</ele>
    <time>2021-01-22T18:41:28Z</time>
   </trkpt>
   <trkpt lat="43.6392190" lon="-79.3845270">
    <ele>76.8</ele>
    <time>2021-01-22T18:41:29Z</time>
   </trkpt>
   <trkpt lat="43.6392090" lon="-79.3844690">
    <ele>76.8</ele>
    <time>2021-01-22T18:41:30Z</time>
   </trkpt>
   <trkpt lat="43.6392050" lon="-79.3844420">
    <ele>76.8</ele>
    <time>2021-01-22T18:41:31Z</time>
   </trkpt>
   <trkpt lat="43.6391950" lon="-79.3843900">
    <ele>76.8</ele>
    <time>2021-01-22T18:41:32Z</time>
   </trkpt>
   <trkpt lat="43.6391850" lon="-79.3843390">
    <ele>76.8</ele>
    <time>2021-01-22T18:41:33Z</time>
   </trkpt>
   <trkpt lat="43.6391800" lon="-79.3842980">
    <ele>76.7</ele>
    <time>2021-01-22T18:41:34Z</time>
   </trkpt>
   <trkpt lat="43.6391610" lon="-79.3842470">
    <ele>76.7</ele>
    <time>2021-01-22T18:41:35Z</time>
   </trkpt>
   <trkpt lat="43.6391540" lon="-79.3842290">
    <ele>76.7</ele>
    <time>2021-01-22T18:41:36Z</time>
   </trkpt>
   <trkpt lat="43.6391390" lon="-79.3841960">
    <ele>76.7</ele>
    <time>2021-01-22T18:41:37Z</time>
   </trkpt>
   <trkpt lat="43.6391140" lon="-79.3841530">
    <ele>76.5</ele>
    <time>2021-01-22T18:41:38Z</time>
   </trkpt>
   <trkpt lat="43.6391050" lon="-79.3841400">
    <ele>76.5</ele>
    <time>2021-01-22T18:41:39Z</time>
   </trkpt>
   <trkpt lat="43.6390720" lon="-79.3841100">
    <ele>76.4</ele>
    <time>2021-01-22T18:41:40Z</time>
   </trkpt>
   <trkpt lat="43.6390600" lon="-79.3841000">
    <ele>76.4</ele>
    <time>2021-01-22T18:41:41Z</time>
   </trkpt>
   <trkpt lat="43.6390290" lon="-79.3840860">
    <ele>76.4</ele>
    <time>2021-01-22T18:41:42Z</time>
   </trkpt>
   <trkpt lat="43.6390160" lon="-79.3840800">
    <ele>76.4</ele>
    <time>2021-01-22T18:41:43Z</time>
   </trkpt>
   <trkpt lat="43.6389810" lon="-79.3840610">
    <ele>76.4</ele>
    <time>2021-01-22T18:41:44Z</time>
   </trkpt>
   <trkpt lat="43.6389690" lon="-79.3840570">
    <ele>76.4</ele>
    <time>2021-01-22T18:41:45Z</time>
   </trkpt>
   <trkpt lat="43.6389390" lon="-79.3840410">
    <ele>76.3</ele>
    <time>2021-01-22T18:41:46Z</time>
   </trkpt>
   <trkpt lat="43.6389280" lon="-79.3840340">
    <ele>76.3</ele>
    <time>2021-01-22T18:41:47Z</time>
   </trkpt>
   <trkpt lat="43.6388940" lon="-79.3840120">
    <ele>76.3</ele>
    <time>2021-01-22T18:41:48Z</time>
   </trkpt>
   <trkpt lat="43.6388840" lon="-79.3840030">
    <ele>76.3</ele>
    <time>2021-01-22T18:41:49Z</time>
   </trkpt>
   <trkpt lat="43.6388480" lon="-79.3839800">
    <ele>76.3</ele>
    <time>2021-01-22T18:41:50Z</time>
   </trkpt>
   <trkpt lat="43.6388360" lon="-79.3839720">
    <ele>76.3</ele>
    <time>2021-01-22T18:41:51Z</time>
   </trkpt>
   <trkpt lat="43.6388050" lon="-79.3839580">
    <ele>76.3</ele>
    <time>2021-01-22T18:41:52Z</time>
   </trkpt>
   <trkpt lat="43.6387710" lon="-79.3839420">
    <ele>76.3</ele>
    <time>2021-01-22T18:41:53Z</time>
   </trkpt>
   <trkpt lat="43.6387400" lon="-79.3839280">
    <ele>76.3</ele>
    <time>2021-01-22T18:41:54Z</time>
   </trkpt>
   <trkpt lat="43.6387150" lon="-79.3839140">
    <ele>76.3</ele>
    <time>2021-01-22T18:41:55Z</time>
   </trkpt>
   <trkpt lat="43.6386830" lon="-79.3838890">
    <ele>76.3</ele>
    <time>2021-01-22T18:41:56Z</time>
   </trkpt>
   <trkpt lat="43.6386710" lon="-79.3838800">
    <ele>76.3</ele>
    <time>2021-01-22T18:41:57Z</time>
   </trkpt>
   <trkpt lat="43.6386370" lon="-79.3838540">
    <ele>76.2</ele>
    <time>2021-01-22T18:41:58Z</time>
   </trkpt>
   <trkpt lat="43.6386260" lon="-79.3838470">
    <ele>76.2</ele>
    <time>2021-01-22T18:41:59Z</time>
   </trkpt>
   <trkpt lat="43.6386030" lon="-79.3838110">
    <ele>76.2</ele>
    <time>2021-01-22T18:42:00Z</time>
   </trkpt>
   <trkpt lat="43.6386000" lon="-79.3837970">
    <ele>76.2</ele>
    <time>2021-01-22T18:42:01Z</time>
   </trkpt>
   <trkpt lat="43.6385830" lon="-79.3837510">
    <ele>76.1</ele>
    <time>2021-01-22T18:42:02Z</time>
   </trkpt>
   <trkpt lat="43.6385790" lon="-79.3837330">
    <ele>76.1</ele>
    <time>2021-01-22T18:42:03Z</time>
   </trkpt>
   <trkpt lat="43.6385650" lon="-79.3836820">
    <ele>75.9</ele>
    <time>2021-01-22T18:42:04Z</time>
   </trkpt>
   <trkpt lat="43.6385610" lon="-79.3836650">
    <ele>75.9</ele>
    <time>2021-01-22T18:42:05Z</time>
   </trkpt>
   <trkpt lat="43.6385530" lon="-79.3836220">
    <ele>75.9</ele>
    <time>2021-01-22T18:42:06Z</time>
   </trkpt>
   <trkpt lat="43.6385450" lon="-79.3835640">
    <ele>75.8</ele>
    <time>2021-01-22T18:42:07Z</time>
   </trkpt>
   <trkpt lat="43.6385410" lon="-79.3835430">
    <ele>75.8</ele>
    <time>2021-01-22T18:42:08Z</time>
   </trkpt>
   <trkpt lat="43.6385290" lon="-79.3834950">
    <ele>75.8</ele>
    <time>2021-01-22T18:42:09Z</time>
   </trkpt>
   <trkpt lat="43.6385220" lon="-79.3834840">
    <ele>75.8</ele>
    <time>2021-01-22T18:42:10Z</time>
   </trkpt>
   <trkpt lat="43.6384920" lon="-79.3834520">
    <ele>75.8</ele>
    <time>2021-01-22T18:42:11Z</time>
   </trkpt>
   <trkpt lat="43.6384820" lon="-79.3834440">
    <ele>75.8</ele>
    <time>2021-01-22T18:42:12Z</time>
   </trkpt>
   <trkpt lat="43.6384550" lon="-79.3834190">
    <ele>75.8</ele>
    <time>2021-01-22T18:42:13Z</time>
   </trkpt>
   <trkpt lat="43.6384460" lon="-79.3834100">
    <ele>75.8</ele>
    <time>2021-01-22T18:42:14Z</time>
   </trkpt>
   <trkpt lat="43.6384190" lon="-79.3833700">
    <ele>75.8</ele>
    <time>2021-01-22T18:42:15Z</time>
   </trkpt>
   <trkpt lat="43.6384090" lon="-79.3833560">
    <ele>75.8</ele>
    <time>2021-01-22T18:42:16Z</time>
   </trkpt>
   <trkpt lat="43.6383800" lon="-79.3833260">
    <ele>75.8</ele>
    <time>2021-01-22T18:42:17Z</time>
   </trkpt>
   <trkpt lat="43.6383600" lon="-79.3832980">
    <ele>75.8</ele>
    <time>2021-01-22T18:42:18Z</time>
   </trkpt>
   <trkpt lat="43.6383350" lon="-79.3832810">
    <ele>75.8</ele>
    <time>2021-01-22T18:42:19Z</time>
   </trkpt>
   <trkpt lat="43.6383080" lon="-79.3832570">
    <ele>75.9</ele>
    <time>2021-01-22T18:42:20Z</time>
   </trkpt>
   <trkpt lat="43.6382830" lon="-79.3832290">
    <ele>75.8</ele>
    <time>2021-01-22T18:42:21Z</time>
   </trkpt>
   <trkpt lat="43.6382550" lon="-79.3832140">
    <ele>75.8</ele>
    <time>2021-01-22T18:42:22Z</time>
   </trkpt>
   <trkpt lat="43.6382290" lon="-79.3832000">
    <ele>75.8</ele>
    <time>2021-01-22T18:42:23Z</time>
   </trkpt>
   <trkpt lat="43.6382010" lon="-79.3831850">
    <ele>75.9</ele>
    <time>2021-01-22T18:42:24Z</time>
   </trkpt>
   <trkpt lat="43.6381900" lon="-79.3831790">
    <ele>75.9</ele>
    <time>2021-01-22T18:42:25Z</time>
   </trkpt>
   <trkpt lat="43.6381640" lon="-79.3831750">
    <ele>75.9</ele>
    <time>2021-01-22T18:42:26Z</time>
   </trkpt>
   <trkpt lat="43.6381540" lon="-79.3831740">
    <ele>75.9</ele>
    <time>2021-01-22T18:42:27Z</time>
   </trkpt>
   <trkpt lat="43.6381270" lon="-79.3831490">
    <ele>75.9</ele>
    <time>2021-01-22T18:42:28Z</time>
   </trkpt>
   <trkpt lat="43.6381160" lon="-79.3831370">
    <ele>76.0</ele>
    <time>2021-01-22T18:42:29Z</time>
   </trkpt>
   <trkpt lat="43.6380890" lon="-79.3831030">
    <ele>76.0</ele>
    <time>2021-01-22T18:42:30Z</time>
   </trkpt>
   <trkpt lat="43.6380790" lon="-79.3830940">
    <ele>76.0</ele>
    <time>2021-01-22T18:42:31Z</time>
   </trkpt>
   <trkpt lat="43.6380610" lon="-79.3830660">
    <ele>76.0</ele>
    <time>2021-01-22T18:42:32Z</time>
   </trkpt>
   <trkpt lat="43.6380510" lon="-79.3830530">
    <ele>76.0</ele>
    <time>2021-01-22T18:42:33Z</time>
   </trkpt>
   <trkpt lat="43.6380350" lon="-79.3830200">
    <ele>76.0</ele>
    <time>2021-01-22T18:42:34Z</time>
   </trkpt>
   <trkpt lat="43.6380100" lon="-79.3829850">
    <ele>76.0</ele>
    <time>2021-01-22T18:42:35Z</time>
   </trkpt>
   <trkpt lat="43.6379970" lon="-79.3829500">
    <ele>76.0</ele>
    <time>2021-01-22T18:42:36Z</time>
   </trkpt>
   <trkpt lat="43.6379690" lon="-79.3829180">
    <ele>76.0</ele>
    <time>2021-01-22T18:42:38Z</time>
   </trkpt>
   <trkpt lat="43.6379480" lon="-79.3828860">
    <ele>76.1</ele>
    <time>2021-01-22T18:42:39Z</time>
   </trkpt>
   <trkpt lat="43.6379220" lon="-79.3828490">
    <ele>76.1</ele>
    <time>2021-01-22T18:42:40Z</time>
   </trkpt>
   <trkpt lat="43.6379140" lon="-79.3828370">
    <ele>76.1</ele>
    <time>2021-01-22T18:42:41Z</time>
   </trkpt>
   <trkpt lat="43.6379060" lon="-79.3828200">
    <ele>76.1</ele>
    <time>2021-01-22T18:42:42Z</time>
   </trkpt>
   <trkpt lat="43.6378910" lon="-79.3828020">
    <ele>76.1</ele>
    <time>2021-01-22T18:42:43Z</time>
   </trkpt>
   <trkpt lat="43.6378740" lon="-79.3827610">
    <ele>76.1</ele>
    <time>2021-01-22T18:42:44Z</time>
   </trkpt>
   <trkpt lat="43.6378690" lon="-79.3827430">
    <ele>76.1</ele>
    <time>2021-01-22T18:42:45Z</time>
   </trkpt>
   <trkpt lat="43.6378560" lon="-79.3827040">
    <ele>76.1</ele>
    <time>2021-01-22T18:42:46Z</time>
   </trkpt>
   <trkpt lat="43.6378500" lon="-79.3826920">
    <ele>76.1</ele>
    <time>2021-01-22T18:42:47Z</time>
   </trkpt>
   <trkpt lat="43.6378330" lon="-79.3826620">
    <ele>76.1</ele>
    <time>2021-01-22T18:42:48Z</time>
   </trkpt>
   <trkpt lat="43.6378100" lon="-79.3826270">
    <ele>76.1</ele>
    <time>2021-01-22T18:42:49Z</time>
   </trkpt>
   <trkpt lat="43.6378030" lon="-79.3826190">
    <ele>76.1</ele>
    <time>2021-01-22T18:42:50Z</time>
   </trkpt>
   <trkpt lat="43.6377900" lon="-79.3825680">
    <ele>76.1</ele>
    <time>2021-01-22T18:42:51Z</time>
   </trkpt>
   <trkpt lat="43.6377870" lon="-79.3825480">
    <ele>76.1</ele>
    <time>2021-01-22T18:42:52Z</time>
   </trkpt>
   <trkpt lat="43.6377820" lon="-79.3825100">
    <ele>76.1</ele>
    <time>2021-01-22T18:42:53Z</time>
   </trkpt>
   <trkpt lat="43.6377950" lon="-79.3824610">
    <ele>76.1</ele>
    <time>2021-01-22T18:42:54Z</time>
   </trkpt>
   <trkpt lat="43.6377980" lon="-79.3824430">
    <ele>76.1</ele>
    <time>2021-01-22T18:42:55Z</time>
   </trkpt>
   <trkpt lat="43.6378020" lon="-79.3824000">
    <ele>76.1</ele>
    <time>2021-01-22T18:42:56Z</time>
   </trkpt>
   <trkpt lat="43.6378110" lon="-79.3823590">
    <ele>76.1</ele>
    <time>2021-01-22T18:42:57Z</time>
   </trkpt>
   <trkpt lat="43.6378120" lon="-79.3823410">
    <ele>76.1</ele>
    <time>2021-01-22T18:42:58Z</time>
   </trkpt>
   <trkpt lat="43.6378160" lon="-79.3823000">
    <ele>76.1</ele>
    <time>2021-01-22T18:42:59Z</time>
   </trkpt>
   <trkpt lat="43.6378150" lon="-79.3822880">
    <ele>76.1</ele>
    <time>2021-01-22T18:43:00Z</time>
   </trkpt>
   <trkpt lat="43.6378140" lon="-79.3822490">
    <ele>76.1</ele>
    <time>2021-01-22T18:43:01Z</time>
   </trkpt>
   <trkpt lat="43.6378150" lon="-79.3822330">
    <ele>76.1</ele>
    <time>2021-01-22T18:43:02Z</time>
   </trkpt>
   <trkpt lat="43.6378260" lon="-79.3821810">
    <ele>76.1</ele>
    <time>2021-01-22T18:43:03Z</time>
   </trkpt>
   <trkpt lat="43.6378320" lon="-79.3821440">
    <ele>76.1</ele>
    <time>2021-01-22T18:43:04Z</time>
   </trkpt>
   <trkpt lat="43.6378340" lon="-79.3821290">
    <ele>76.1</ele>
    <time>2021-01-22T18:43:05Z</time>
   </trkpt>
   <trkpt lat="43.6378320" lon="-79.3820870">
    <ele>76.1</ele>
    <time>2021-01-22T18:43:06Z</time>
   </trkpt>
   <trkpt lat="43.6378320" lon="-79.3820710">
    <ele>76.1</ele>
    <time>2021-01-22T18:43:07Z</time>
   </trkpt>
   <trkpt lat="43.6378390" lon="-79.3820330">
    <ele>76.1</ele>
    <time>2021-01-22T18:43:08Z</time>
   </trkpt>
   <trkpt lat="43.6378490" lon="-79.3819930">
    <ele>76.1</ele>
    <time>2021-01-22T18:43:09Z</time>
   </trkpt>
   <trkpt lat="43.6378520" lon="-79.3819410">
    <ele>76.1</ele>
    <time>2021-01-22T18:43:10Z</time>
   </trkpt>
   <trkpt lat="43.6378520" lon="-79.3819240">
    <ele>76.1</ele>
    <time>2021-01-22T18:43:11Z</time>
   </trkpt>
   <trkpt lat="43.6378640" lon="-79.3818830">
    <ele>76.1</ele>
    <time>2021-01-22T18:43:12Z</time>
   </trkpt>
   <trkpt lat="43.6378660" lon="-79.3818670">
    <ele>76.1</ele>
    <time>2021-01-22T18:43:13Z</time>
   </trkpt>
   <trkpt lat="43.6378670" lon="-79.3818250">
    <ele>76.1</ele>
    <time>2021-01-22T18:43:14Z</time>
   </trkpt>
   <trkpt lat="43.6378680" lon="-79.3818090">
    <ele>76.1</ele>
    <time>2021-01-22T18:43:15Z</time>
   </trkpt>
   <trkpt lat="43.6378650" lon="-79.3817720">
    <ele>76.1</ele>
    <time>2021-01-22T18:43:16Z</time>
   </trkpt>
   <trkpt lat="43.6378770" lon="-79.3817270">
    <ele>76.1</ele>
    <time>2021-01-22T18:43:17Z</time>
   </trkpt>
   <trkpt lat="43.6378790" lon="-79.3817110">
    <ele>76.1</ele>
    <time>2021-01-22T18:43:18Z</time>
   </trkpt>
   <trkpt lat="43.6378830" lon="-79.3816610">
    <ele>76.1</ele>
    <time>2021-01-22T18:43:19Z</time>
   </trkpt>
   <trkpt lat="43.6378890" lon="-79.3816440">
    <ele>76.1</ele>
    <time>2021-01-22T18:43:20Z</time>
   </trkpt>
   <trkpt lat="43.6378870" lon="-79.3816040">
    <ele>76.1</ele>
    <time>2021-01-22T18:43:21Z</time>
   </trkpt>
   <trkpt lat="43.6378880" lon="-79.3815910">
    <ele>76.1</ele>
    <time>2021-01-22T18:43:22Z</time>
   </trkpt>
   <trkpt lat="43.6379020" lon="-79.3815420">
    <ele>76.1</ele>
    <time>2021-01-22T18:43:23Z</time>
   </trkpt>
   <trkpt lat="43.6379050" lon="-79.3815240">
    <ele>76.1</ele>
    <time>2021-01-22T18:43:24Z</time>
   </trkpt>
   <trkpt lat="43.6379160" lon="-79.3814780">
    <ele>76.1</ele>
    <time>2021-01-22T18:43:25Z</time>
   </trkpt>
   <trkpt lat="43.6379200" lon="-79.3814630">
    <ele>76.1</ele>
    <time>2021-01-22T18:43:26Z</time>
   </trkpt>
   <trkpt lat="43.6379260" lon="-79.3814220">
    <ele>76.1</ele>
    <time>2021-01-22T18:43:27Z</time>
   </trkpt>
   <trkpt lat="43.6379270" lon="-79.3813750">
    <ele>76.1</ele>
    <time>2021-01-22T18:43:28Z</time>
   </trkpt>
   <trkpt lat="43.6379290" lon="-79.3813580">
    <ele>76.1</ele>
    <time>2021-01-22T18:43:29Z</time>
   </trkpt>
   <trkpt lat="43.6379330" lon="-79.3813190">
    <ele>76.0</ele>
    <time>2021-01-22T18:43:30Z</time>
   </trkpt>
   <trkpt lat="43.6379390" lon="-79.3812720">
    <ele>76.0</ele>
    <time>2021-01-22T18:43:31Z</time>
   </trkpt>
   <trkpt lat="43.6379400" lon="-79.3812530">
    <ele>76.0</ele>
    <time>2021-01-22T18:43:32Z</time>
   </trkpt>
   <trkpt lat="43.6379490" lon="-79.3812120">
    <ele>76.0</ele>
    <time>2021-01-22T18:43:33Z</time>
   </trkpt>
   <trkpt lat="43.6379530" lon="-79.3811750">
    <ele>76.0</ele>
    <time>2021-01-22T18:43:34Z</time>
   </trkpt>
   <trkpt lat="43.6379600" lon="-79.3811220">
    <ele>76.0</ele>
    <time>2021-01-22T18:43:35Z</time>
   </trkpt>
   <trkpt lat="43.6379620" lon="-79.3811040">
    <ele>76.0</ele>
    <time>2021-01-22T18:43:36Z</time>
   </trkpt>
   <trkpt lat="43.6379620" lon="-79.3810520">
    <ele>76.0</ele>
    <time>2021-01-22T18:43:37Z</time>
   </trkpt>
   <trkpt lat="43.6379630" lon="-79.3810320">
    <ele>76.0</ele>
    <time>2021-01-22T18:43:38Z</time>
   </trkpt>
   <trkpt lat="43.6379650" lon="-79.3809830">
    <ele>76.0</ele>
    <time>2021-01-22T18:43:39Z</time>
   </trkpt>
   <trkpt lat="43.6379640" lon="-79.3809700">
    <ele>76.0</ele>
    <time>2021-01-22T18:43:40Z</time>
   </trkpt>
   <trkpt lat="43.6379690" lon="-79.3809220">
    <ele>76.0</ele>
    <time>2021-01-22T18:43:41Z</time>
   </trkpt>
   <trkpt lat="43.6379700" lon="-79.3809060">
    <ele>76.0</ele>
    <time>2021-01-22T18:43:42Z</time>
   </trkpt>
   <trkpt lat="43.6379660" lon="-79.3808650">
    <ele>76.3</ele>
    <time>2021-01-22T18:43:43Z</time>
   </trkpt>
   <trkpt lat="43.6379610" lon="-79.3808280">
    <ele>76.3</ele>
    <time>2021-01-22T18:43:44Z</time>
   </trkpt>
   <trkpt lat="43.6379610" lon="-79.3807780">
    <ele>76.3</ele>
    <time>2021-01-22T18:43:45Z</time>
   </trkpt>
   <trkpt lat="43.6379560" lon="-79.3807630">
    <ele>76.3</ele>
    <time>2021-01-22T18:43:46Z</time>
   </trkpt>
   <trkpt lat="43.6379560" lon="-79.3807130">
    <ele>76.3</ele>
    <time>2021-01-22T18:43:47Z</time>
   </trkpt>
   <trkpt lat="43.6379590" lon="-79.3806970">
    <ele>76.3</ele>
    <time>2021-01-22T18:43:48Z</time>
   </trkpt>
   <trkpt lat="43.6379730" lon="-79.3806420">
    <ele>76.4</ele>
    <time>2021-01-22T18:43:49Z</time>
   </trkpt>
   <trkpt lat="43.6379780" lon="-79.3806210">
    <ele>76.4</ele>
    <time>2021-01-22T18:43:50Z</time>
   </trkpt>
   <trkpt lat="43.6379840" lon="-79.3805800">
    <ele>76.4</ele>
    <time>2021-01-22T18:43:51Z</time>
   </trkpt>
   <trkpt lat="43.6379860" lon="-79.3805350">
    <ele>76.4</ele>
    <time>2021-01-22T18:43:52Z</time>
   </trkpt>
   <trkpt lat="43.6379850" lon="-79.3805140">
    <ele>76.4</ele>
    <time>2021-01-22T18:43:53Z</time>
   </trkpt>
   <trkpt lat="43.6379990" lon="-79.3804680">
    <ele>76.4</ele>
    <time>2021-01-22T18:43:54Z</time>
   </trkpt>
   <trkpt lat="43.6379990" lon="-79.3804510">
    <ele>76.4</ele>
    <time>2021-01-22T18:43:55Z</time>
   </trkpt>
   <trkpt lat="43.6380090" lon="-79.3804060">
    <ele>76.4</ele>
    <time>2021-01-22T18:43:56Z</time>
   </trkpt>
   <trkpt lat="43.6380110" lon="-79.3803890">
    <ele>76.4</ele>
    <time>2021-01-22T18:43:57Z</time>
   </trkpt>
   <trkpt lat="43.6380170" lon="-79.3803530">
    <ele>76.4</ele>
    <time>2021-01-22T18:43:58Z</time>
   </trkpt>
   <trkpt lat="43.6380250" lon="-79.3803080">
    <ele>76.4</ele>
    <time>2021-01-22T18:43:59Z</time>
   </trkpt>
   <trkpt lat="43.6380270" lon="-79.3802890">
    <ele>76.4</ele>
    <time>2021-01-22T18:44:00Z</time>
   </trkpt>
   <trkpt lat="43.6380260" lon="-79.3802460">
    <ele>76.4</ele>
    <time>2021-01-22T18:44:01Z</time>
   </trkpt>
   <trkpt lat="43.6380280" lon="-79.3802340">
    <ele>76.4</ele>
    <time>2021-01-22T18:44:02Z</time>
   </trkpt>
   <trkpt lat="43.6380280" lon="-79.3801970">
    <ele>76.4</ele>
    <time>2021-01-22T18:44:03Z</time>
   </trkpt>
   <trkpt lat="43.6380370" lon="-79.3801560">
    <ele>76.4</ele>
    <time>2021-01-22T18:44:04Z</time>
   </trkpt>
   <trkpt lat="43.6380400" lon="-79.3801380">
    <ele>76.4</ele>
    <time>2021-01-22T18:44:05Z</time>
   </trkpt>
   <trkpt lat="43.6380470" lon="-79.3800800">
    <ele>76.4</ele>
    <time>2021-01-22T18:44:06Z</time>
   </trkpt>
   <trkpt lat="43.6380490" lon="-79.3800580">
    <ele>76.4</ele>
    <time>2021-01-22T18:44:07Z</time>
   </trkpt>
   <trkpt lat="43.6380550" lon="-79.3800080">
    <ele>76.4</ele>
    <time>2021-01-22T18:44:08Z</time>
   </trkpt>
   <trkpt lat="43.6380570" lon="-79.3799880">
    <ele>76.4</ele>
    <time>2021-01-22T18:44:09Z</time>
   </trkpt>
   <trkpt lat="43.6380590" lon="-79.3799410">
    <ele>76.4</ele>
    <time>2021-01-22T18:44:10Z</time>
   </trkpt>
   <trkpt lat="43.6380690" lon="-79.3798950">
    <ele>76.4</ele>
    <time>2021-01-22T18:44:11Z</time>
   </trkpt>
   <trkpt lat="43.6380710" lon="-79.3798780">
    <ele>76.4</ele>
    <time>2021-01-22T18:44:12Z</time>
   </trkpt>
   <trkpt lat="43.6380840" lon="-79.3798370">
    <ele>76.4</ele>
    <time>2021-01-22T18:44:13Z</time>
   </trkpt>
   <trkpt lat="43.6380880" lon="-79.3798250">
    <ele>76.4</ele>
    <time>2021-01-22T18:44:14Z</time>
   </trkpt>
   <trkpt lat="43.6380940" lon="-79.3797770">
    <ele>76.4</ele>
    <time>2021-01-22T18:44:15Z</time>
   </trkpt>
   <trkpt lat="43.6380980" lon="-79.3797630">
    <ele>76.4</ele>
    <time>2021-01-22T18:44:16Z</time>
   </trkpt>
   <trkpt lat="43.6381160" lon="-79.3797190">
    <ele>76.5</ele>
    <time>2021-01-22T18:44:17Z</time>
   </trkpt>
   <trkpt lat="43.6381210" lon="-79.3797030">
    <ele>76.5</ele>
    <time>2021-01-22T18:44:18Z</time>
   </trkpt>
   <trkpt lat="43.6381260" lon="-79.3796650">
    <ele>76.5</ele>
    <time>2021-01-22T18:44:19Z</time>
   </trkpt>
   <trkpt lat="43.6381550" lon="-79.3796650">
    <ele>76.5</ele>
    <time>2021-01-22T18:44:20Z</time>
   </trkpt>
   <trkpt lat="43.6381670" lon="-79.3796670">
    <ele>76.5</ele>
    <time>2021-01-22T18:44:21Z</time>
   </trkpt>
   <trkpt lat="43.6381960" lon="-79.3796850">
    <ele>76.5</ele>
    <time>2021-01-22T18:44:22Z</time>
   </trkpt>
   <trkpt lat="43.6382030" lon="-79.3796910">
    <ele>76.5</ele>
    <time>2021-01-22T18:44:23Z</time>
   </trkpt>
   <trkpt lat="43.6382350" lon="-79.3797020">
    <ele>76.5</ele>
    <time>2021-01-22T18:44:24Z</time>
   </trkpt>
   <trkpt lat="43.6382500" lon="-79.3797040">
    <ele>76.5</ele>
    <time>2021-01-22T18:44:25Z</time>
   </trkpt>
   <trkpt lat="43.6382870" lon="-79.3797050">
    <ele>76.5</ele>
    <time>2021-01-22T18:44:26Z</time>
   </trkpt>
   <trkpt lat="43.6383000" lon="-79.3797060">
    <ele>76.5</ele>
    <time>2021-01-22T18:44:27Z</time>
   </trkpt>
   <trkpt lat="43.6383160" lon="-79.3797070">
    <ele>76.5</ele>
    <time>2021-01-22T18:44:28Z</time>
   </trkpt>
   <trkpt lat="43.6383320" lon="-79.3797070">
    <ele>76.5</ele>
    <time>2021-01-22T18:44:29Z</time>
   </trkpt>
   <trkpt lat="43.6383570" lon="-79.3797360">
    <ele>76.5</ele>
    <time>2021-01-22T18:44:30Z</time>
   </trkpt>
   <trkpt lat="43.6383830" lon="-79.3797540">
    <ele>76.5</ele>
    <time>2021-01-22T18:44:31Z</time>
   </trkpt>
   <trkpt lat="43.6384180" lon="-79.3797740">
    <ele>76.6</ele>
    <time>2021-01-22T18:44:32Z</time>
   </trkpt>
   <trkpt lat="43.6384280" lon="-79.3797830">
    <ele>76.6</ele>
    <time>2021-01-22T18:44:33Z</time>
   </trkpt>
   <trkpt lat="43.6384600" lon="-79.3797900">
    <ele>76.6</ele>
    <time>2021-01-22T18:44:34Z</time>
   </trkpt>
   <trkpt lat="43.6384690" lon="-79.3797910">
    <ele>76.6</ele>
    <time>2021-01-22T18:44:35Z</time>
   </trkpt>
   <trkpt lat="43.6384830" lon="-79.3797900">
    <ele>76.7</ele>
    <time>2021-01-22T18:44:36Z</time>
   </trkpt>
   <trkpt lat="43.6384980" lon="-79.3797860">
    <ele>76.7</ele>
    <time>2021-01-22T18:44:37Z</time>
   </trkpt>
   <trkpt lat="43.6385240" lon="-79.3798030">
    <ele>76.7</ele>
    <time>2021-01-22T18:44:38Z</time>
   </trkpt>
   <trkpt lat="43.6385590" lon="-79.3798120">
    <ele>76.7</ele>
    <time>2021-01-22T18:44:39Z</time>
   </trkpt>
   <trkpt lat="43.6385690" lon="-79.3798160">
    <ele>76.7</ele>
    <time>2021-01-22T18:44:40Z</time>
   </trkpt>
   <trkpt lat="43.6386060" lon="-79.3798400">
    <ele>76.7</ele>
    <time>2021-01-22T18:44:41Z</time>
   </trkpt>
   <trkpt lat="43.6386180" lon="-79.3798480">
    <ele>76.7</ele>
    <time>2021-01-22T18:44:42Z</time>
   </trkpt>
   <trkpt lat="43.6386550" lon="-79.3798630">
    <ele>76.7</ele>
    <time>2021-01-22T18:44:43Z</time>
   </trkpt>
   <trkpt lat="43.6386910" lon="-79.3798750">
    <ele>76.7</ele>
    <time>2021-01-22T18:44:44Z</time>
   </trkpt>
   <trkpt lat="43.6387140" lon="-79.3798990">
    <ele>76.7</ele>
    <time>2021-01-22T18:44:45Z</time>
   </trkpt>
   <trkpt lat="43.6387400" lon="-79.3799130">
    <ele>76.7</ele>
    <time>2021-01-22T18:44:46Z</time>
   </trkpt>
   <trkpt lat="43.6387530" lon="-79.3799110">
    <ele>76.7</ele>
    <time>2021-01-22T18:44:47Z</time>
   </trkpt>
   <trkpt lat="43.6387570" lon="-79.3799060">
    <ele>76.7</ele>
    <time>2021-01-22T18:44:48Z</time>
   </trkpt>
   <trkpt lat="43.6387710" lon="-79.3799190">
    <ele>76.7</ele>
    <time>2021-01-22T18:44:49Z</time>
   </trkpt>
   <trkpt lat="43.6388050" lon="-79.3799380">
    <ele>76.7</ele>
    <time>2021-01-22T18:44:50Z</time>
   </trkpt>
   <trkpt lat="43.6388160" lon="-79.3799480">
    <ele>76.7</ele>
    <time>2021-01-22T18:44:51Z</time>
   </trkpt>
   <trkpt lat="43.6388440" lon="-79.3799780">
    <ele>76.7</ele>
    <time>2021-01-22T18:44:52Z</time>
   </trkpt>
   <trkpt lat="43.6388550" lon="-79.3799800">
    <ele>76.7</ele>
    <time>2021-01-22T18:44:53Z</time>
   </trkpt>
   <trkpt lat="43.6388840" lon="-79.3799820">
    <ele>76.7</ele>
    <time>2021-01-22T18:44:54Z</time>
   </trkpt>
   <trkpt lat="43.6388920" lon="-79.3799820">
    <ele>76.7</ele>
    <time>2021-01-22T18:44:55Z</time>
   </trkpt>
   <trkpt lat="43.6389210" lon="-79.3799860">
    <ele>76.7</ele>
    <time>2021-01-22T18:44:56Z</time>
   </trkpt>
   <trkpt lat="43.6389280" lon="-79.3799890">
    <ele>76.7</ele>
    <time>2021-01-22T18:44:57Z</time>
   </trkpt>
   <trkpt lat="43.6389570" lon="-79.3799920">
    <ele>76.7</ele>
    <time>2021-01-22T18:44:58Z</time>
   </trkpt>
   <trkpt lat="43.6389660" lon="-79.3799970">
    <ele>76.7</ele>
    <time>2021-01-22T18:44:59Z</time>
   </trkpt>
   <trkpt lat="43.6389970" lon="-79.3800160">
    <ele>76.7</ele>
    <time>2021-01-22T18:45:00Z</time>
   </trkpt>
   <trkpt lat="43.6390230" lon="-79.3800360">
    <ele>76.7</ele>
    <time>2021-01-22T18:45:01Z</time>
   </trkpt>
   <trkpt lat="43.6390290" lon="-79.3800440">
    <ele>76.7</ele>
    <time>2021-01-22T18:45:02Z</time>
   </trkpt>
   <trkpt lat="43.6390450" lon="-79.3800560">
    <ele>76.8</ele>
    <time>2021-01-22T18:45:03Z</time>
   </trkpt>
   <trkpt lat="43.6390550" lon="-79.3800600">
    <ele>76.8</ele>
    <time>2021-01-22T18:45:04Z</time>
   </trkpt>
   <trkpt lat="43.6390740" lon="-79.3800760">
    <ele>76.8</ele>
    <time>2021-01-22T18:45:05Z</time>
   </trkpt>
   <trkpt lat="43.6390840" lon="-79.3800850">
    <ele>76.8</ele>
    <time>2021-01-22T18:45:06Z</time>
   </trkpt>
   <trkpt lat="43.6390930" lon="-79.3800930">
    <ele>76.8</ele>
    <time>2021-01-22T18:45:07Z</time>
   </trkpt>
   <trkpt lat="43.6391030" lon="-79.3801110">
    <ele>76.8</ele>
    <time>2021-01-22T18:45:08Z</time>
   </trkpt>
   <trkpt lat="43.6391200" lon="-79.3801210">
    <ele>76.8</ele>
    <time>2021-01-22T18:45:09Z</time>
   </trkpt>
   <trkpt lat="43.6391290" lon="-79.3801300">
    <ele>76.8</ele>
    <time>2021-01-22T18:45:10Z</time>
   </trkpt>
   <trkpt lat="43.6391410" lon="-79.3801530">
    <ele>76.8</ele>
    <time>2021-01-22T18:45:11Z</time>
   </trkpt>
   <trkpt lat="43.6391670" lon="-79.3801820">
    <ele>76.8</ele>
    <time>2021-01-22T18:45:12Z</time>
   </trkpt>
   <trkpt lat="43.6391740" lon="-79.3801870">
    <ele>76.8</ele>
    <time>2021-01-22T18:45:13Z</time>
   </trkpt>
   <trkpt lat="43.6392100" lon="-79.3802040">
    <ele>76.8</ele>
    <time>2021-01-22T18:45:14Z</time>
   </trkpt>
   <trkpt lat="43.6392230" lon="-79.3802120">
    <ele>76.8</ele>
    <time>2021-01-22T18:45:15Z</time>
   </trkpt>
   <trkpt lat="43.6392510" lon="-79.3802160">
    <ele>76.9</ele>
    <time>2021-01-22T18:45:16Z</time>
   </trkpt>
   <trkpt lat="43.6392820" lon="-79.3802330">
    <ele>76.9</ele>
    <time>2021-01-22T18:45:17Z</time>
   </trkpt>
   <trkpt lat="43.6393160" lon="-79.3802490">
    <ele>76.9</ele>
    <time>2021-01-22T18:45:18Z</time>
   </trkpt>
   <trkpt lat="43.6393250" lon="-79.3802540">
    <ele>76.9</ele>
    <time>2021-01-22T18:45:19Z</time>
   </trkpt>
   <trkpt lat="43.6393590" lon="-79.3802630">
    <ele>76.9</ele>
    <time>2021-01-22T18:45:20Z</time>
   </trkpt>
   <trkpt lat="43.6393690" lon="-79.3802660">
    <ele>76.9</ele>
    <time>2021-01-22T18:45:21Z</time>
   </trkpt>
   <trkpt lat="43.6394010" lon="-79.3802640">
    <ele>76.9</ele>
    <time>2021-01-22T18:45:22Z</time>
   </trkpt>
   <trkpt lat="43.6394070" lon="-79.3802650">
    <ele>76.9</ele>
    <time>2021-01-22T18:45:23Z</time>
   </trkpt>
   <trkpt lat="43.6394370" lon="-79.3802650">
    <ele>76.9</ele>
    <time>2021-01-22T18:45:24Z</time>
   </trkpt>
   <trkpt lat="43.6394500" lon="-79.3802640">
    <ele>76.9</ele>
    <time>2021-01-22T18:45:25Z</time>
   </trkpt>
   <trkpt lat="43.6394790" lon="-79.3802610">
    <ele>76.9</ele>
    <time>2021-01-22T18:45:26Z</time>
   </trkpt>
   <trkpt lat="43.6395130" lon="-79.3802520">
    <ele>76.9</ele>
    <time>2021-01-22T18:45:27Z</time>
   </trkpt>
   <trkpt lat="43.6395430" lon="-79.3802410">
    <ele>76.9</ele>
    <time>2021-01-22T18:45:28Z</time>
   </trkpt>
   <trkpt lat="43.6395810" lon="-79.3802340">
    <ele>76.9</ele>
    <time>2021-01-22T18:45:29Z</time>
   </trkpt>
   <trkpt lat="43.6395940" lon="-79.3802300">
    <ele>76.9</ele>
    <time>2021-01-22T18:45:30Z</time>
   </trkpt>
   <trkpt lat="43.6396330" lon="-79.3802120">
    <ele>77.2</ele>
    <time>2021-01-22T18:45:31Z</time>
   </trkpt>
   <trkpt lat="43.6396460" lon="-79.3802000">
    <ele>77.2</ele>
    <time>2021-01-22T18:45:32Z</time>
   </trkpt>
   <trkpt lat="43.6396740" lon="-79.3801790">
    <ele>77.2</ele>
    <time>2021-01-22T18:45:33Z</time>
   </trkpt>
   <trkpt lat="43.6396920" lon="-79.3801450">
    <ele>77.2</ele>
    <time>2021-01-22T18:45:34Z</time>
   </trkpt>
   <trkpt lat="43.6397210" lon="-79.3801100">
    <ele>77.2</ele>
    <time>2021-01-22T18:45:35Z</time>
   </trkpt>
   <trkpt lat="43.6397310" lon="-79.3801010">
    <ele>77.2</ele>
    <time>2021-01-22T18:45:36Z</time>
   </trkpt>
   <trkpt lat="43.6397640" lon="-79.3800970">
    <ele>77.2</ele>
    <time>2021-01-22T18:45:37Z</time>
   </trkpt>
   <trkpt lat="43.6397750" lon="-79.3801020">
    <ele>77.2</ele>
    <time>2021-01-22T18:45:38Z</time>
   </trkpt>
   <trkpt lat="43.6398200" lon="-79.3800780">
    <ele>77.2</ele>
    <time>2021-01-22T18:45:39Z</time>
   </trkpt>
   <trkpt lat="43.6398400" lon="-79.3800420">
    <ele>77.2</ele>
    <time>2021-01-22T18:45:40Z</time>
   </trkpt>
   <trkpt lat="43.6398590" lon="-79.3800030">
    <ele>77.2</ele>
    <time>2021-01-22T18:45:41Z</time>
   </trkpt>
   <trkpt lat="43.6398790" lon="-79.3799650">
    <ele>77.3</ele>
    <time>2021-01-22T18:45:42Z</time>
   </trkpt>
   <trkpt lat="43.6398990" lon="-79.3799290">
    <ele>77.3</ele>
    <time>2021-01-22T18:45:43Z</time>
   </trkpt>
   <trkpt lat="43.6399320" lon="-79.3799010">
    <ele>77.3</ele>
    <time>2021-01-22T18:45:44Z</time>
   </trkpt>
   <trkpt lat="43.6399510" lon="-79.3798920">
    <ele>77.3</ele>
    <time>2021-01-22T18:45:45Z</time>
   </trkpt>
   <trkpt lat="43.6399730" lon="-79.3798650">
    <ele>77.3</ele>
    <time>2021-01-22T18:45:46Z</time>
   </trkpt>
   <trkpt lat="43.6399780" lon="-79.3798520">
    <ele>77.3</ele>
    <time>2021-01-22T18:45:47Z</time>
   </trkpt>
   <trkpt lat="43.6399940" lon="-79.3798090">
    <ele>77.3</ele>
    <time>2021-01-22T18:45:48Z</time>
   </trkpt>
   <trkpt lat="43.6399990" lon="-79.3797980">
    <ele>77.3</ele>
    <time>2021-01-22T18:45:49Z</time>
   </trkpt>
   <trkpt lat="43.6400130" lon="-79.3797500">
    <ele>77.3</ele>
    <time>2021-01-22T18:45:50Z</time>
   </trkpt>
   <trkpt lat="43.6400210" lon="-79.3797230">
    <ele>77.2</ele>
    <time>2021-01-22T18:45:51Z</time>
   </trkpt>
   <trkpt lat="43.6400320" lon="-79.3796780">
    <ele>77.2</ele>
    <time>2021-01-22T18:45:52Z</time>
   </trkpt>
   <trkpt lat="43.6400400" lon="-79.3796410">
    <ele>77.2</ele>
    <time>2021-01-22T18:45:53Z</time>
   </trkpt>
   <trkpt lat="43.6400690" lon="-79.3796050">
    <ele>77.2</ele>
    <time>2021-01-22T18:45:54Z</time>
   </trkpt>
   <trkpt lat="43.6400770" lon="-79.3795880">
    <ele>77.2</ele>
    <time>2021-01-22T18:45:55Z</time>
   </trkpt>
   <trkpt lat="43.6400910" lon="-79.3795470">
    <ele>77.2</ele>
    <time>2021-01-22T18:45:56Z</time>
   </trkpt>
   <trkpt lat="43.6400950" lon="-79.3795320">
    <ele>77.2</ele>
    <time>2021-01-22T18:45:57Z</time>
   </trkpt>
   <trkpt lat="43.6401120" lon="-79.3794910">
    <ele>77.2</ele>
    <time>2021-01-22T18:45:58Z</time>
   </trkpt>
   <trkpt lat="43.6401390" lon="-79.3794760">
    <ele>77.2</ele>
    <time>2021-01-22T18:45:59Z</time>
   </trkpt>
   <trkpt lat="43.6401520" lon="-79.3794360">
    <ele>77.2</ele>
    <time>2021-01-22T18:46:00Z</time>
   </trkpt>
   <trkpt lat="43.6401600" lon="-79.3793960">
    <ele>77.2</ele>
    <time>2021-01-22T18:46:01Z</time>
   </trkpt>
   <trkpt lat="43.6401720" lon="-79.3793430">
    <ele>77.2</ele>
    <time>2021-01-22T18:46:02Z</time>
   </trkpt>
   <trkpt lat="43.6401760" lon="-79.3793240">
    <ele>77.2</ele>
    <time>2021-01-22T18:46:03Z</time>
   </trkpt>
   <trkpt lat="43.6401850" lon="-79.3792710">
    <ele>77.2</ele>
    <time>2021-01-22T18:46:04Z</time>
   </trkpt>
   <trkpt lat="43.6401880" lon="-79.3792540">
    <ele>77.2</ele>
    <time>2021-01-22T18:46:05Z</time>
   </trkpt>
   <trkpt lat="43.6401960" lon="-79.3792090">
    <ele>77.2</ele>
    <time>2021-01-22T18:46:06Z</time>
   </trkpt>
   <trkpt lat="43.6401980" lon="-79.3791960">
    <ele>77.2</ele>
    <time>2021-01-22T18:46:07Z</time>
   </trkpt>
   <trkpt lat="43.6402070" lon="-79.3791530">
    <ele>77.2</ele>
    <time>2021-01-22T18:46:08Z</time>
   </trkpt>
   <trkpt lat="43.6402130" lon="-79.3791340">
    <ele>77.2</ele>
    <time>2021-01-22T18:46:09Z</time>
   </trkpt>
   <trkpt lat="43.6402380" lon="-79.3791090">
    <ele>77.2</ele>
    <time>2021-01-22T18:46:10Z</time>
   </trkpt>
   <trkpt lat="43.6402560" lon="-79.3790720">
    <ele>77.2</ele>
    <time>2021-01-22T18:46:11Z</time>
   </trkpt>
   <trkpt lat="43.6402580" lon="-79.3790570">
    <ele>77.2</ele>
    <time>2021-01-22T18:46:12Z</time>
   </trkpt>
   <trkpt lat="43.6402790" lon="-79.3790090">
    <ele>77.2</ele>
    <time>2021-01-22T18:46:13Z</time>
   </trkpt>
   <trkpt lat="43.6402850" lon="-79.3789920">
    <ele>77.2</ele>
    <time>2021-01-22T18:46:14Z</time>
   </trkpt>
   <trkpt lat="43.6403130" lon="-79.3789530">
    <ele>77.2</ele>
    <time>2021-01-22T18:46:15Z</time>
   </trkpt>
   <trkpt lat="43.6403340" lon="-79.3789270">
    <ele>77.2</ele>
    <time>2021-01-22T18:46:16Z</time>
   </trkpt>
   <trkpt lat="43.6403600" lon="-79.3789110">
    <ele>77.2</ele>
    <time>2021-01-22T18:46:17Z</time>
   </trkpt>
   <trkpt lat="43.6403660" lon="-79.3788480">
    <ele>77.2</ele>
    <time>2021-01-22T18:46:18Z</time>
   </trkpt>
   <trkpt lat="43.6403650" lon="-79.3788140">
    <ele>77.2</ele>
    <time>2021-01-22T18:46:19Z</time>
   </trkpt>
   <trkpt lat="43.6403800" lon="-79.3787780">
    <ele>77.2</ele>
    <time>2021-01-22T18:46:20Z</time>
   </trkpt>
   <trkpt lat="43.6403810" lon="-79.3787640">
    <ele>77.2</ele>
    <time>2021-01-22T18:46:21Z</time>
   </trkpt>
   <trkpt lat="43.6403820" lon="-79.3787250">
    <ele>77.2</ele>
    <time>2021-01-22T18:46:22Z</time>
   </trkpt>
   <trkpt lat="43.6403820" lon="-79.3787110">
    <ele>77.2</ele>
    <time>2021-01-22T18:46:23Z</time>
   </trkpt>
   <trkpt lat="43.6403920" lon="-79.3786740">
    <ele>77.2</ele>
    <time>2021-01-22T18:46:24Z</time>
   </trkpt>
   <trkpt lat="43.6403940" lon="-79.3786600">
    <ele>77.2</ele>
    <time>2021-01-22T18:46:25Z</time>
   </trkpt>
   <trkpt lat="43.6403980" lon="-79.3786180">
    <ele>77.2</ele>
    <time>2021-01-22T18:46:26Z</time>
   </trkpt>
   <trkpt lat="43.6403970" lon="-79.3786060">
    <ele>77.2</ele>
    <time>2021-01-22T18:46:27Z</time>
   </trkpt>
   <trkpt lat="43.6404130" lon="-79.3785710">
    <ele>77.2</ele>
    <time>2021-01-22T18:46:28Z</time>
   </trkpt>
   <trkpt lat="43.6404200" lon="-79.3785590">
    <ele>77.2</ele>
    <time>2021-01-22T18:46:29Z</time>
   </trkpt>
   <trkpt lat="43.6404460" lon="-79.3785180">
    <ele>77.2</ele>
    <time>2021-01-22T18:46:30Z</time>
   </trkpt>
   <trkpt lat="43.6404590" lon="-79.3785060">
    <ele>77.2</ele>
    <time>2021-01-22T18:46:31Z</time>
   </trkpt>
   <trkpt lat="43.6404870" lon="-79.3784760">
    <ele>77.2</ele>
    <time>2021-01-22T18:46:32Z</time>
   </trkpt>
   <trkpt lat="43.6404930" lon="-79.3784590">
    <ele>77.2</ele>
    <time>2021-01-22T18:46:33Z</time>
   </trkpt>
   <trkpt lat="43.6405140" lon="-79.3784230">
    <ele>77.2</ele>
    <time>2021-01-22T18:46:34Z</time>
   </trkpt>
   <trkpt lat="43.6405350" lon="-79.3783880">
    <ele>77.2</ele>
    <time>2021-01-22T18:46:35Z</time>
   </trkpt>
   <trkpt lat="43.6405560" lon="-79.3783510">
    <ele>77.1</ele>
    <time>2021-01-22T18:46:36Z</time>
   </trkpt>
   <trkpt lat="43.6405910" lon="-79.3783030">
    <ele>77.1</ele>
    <time>2021-01-22T18:46:37Z</time>
   </trkpt>
   <trkpt lat="43.6406010" lon="-79.3782530">
    <ele>77.1</ele>
    <time>2021-01-22T18:46:38Z</time>
   </trkpt>
   <trkpt lat="43.6406040" lon="-79.3782390">
    <ele>77.2</ele>
    <time>2021-01-22T18:46:39Z</time>
   </trkpt>
   <trkpt lat="43.6406260" lon="-79.3782090">
    <ele>77.2</ele>
    <time>2021-01-22T18:46:40Z</time>
   </trkpt>
   <trkpt lat="43.6406290" lon="-79.3781970">
    <ele>77.2</ele>
    <time>2021-01-22T18:46:41Z</time>
   </trkpt>
   <trkpt lat="43.6406420" lon="-79.3781750">
    <ele>77.2</ele>
    <time>2021-01-22T18:46:42Z</time>
   </trkpt>
   <trkpt lat="43.6406450" lon="-79.3781540">
    <ele>77.2</ele>
    <time>2021-01-22T18:46:43Z</time>
   </trkpt>
   <trkpt lat="43.6406600" lon="-79.3781050">
    <ele>77.2</ele>
    <time>2021-01-22T18:46:44Z</time>
   </trkpt>
   <trkpt lat="43.6406710" lon="-79.3780820">
    <ele>77.2</ele>
    <time>2021-01-22T18:46:45Z</time>
   </trkpt>
   <trkpt lat="43.6406860" lon="-79.3780440">
    <ele>77.2</ele>
    <time>2021-01-22T18:46:46Z</time>
   </trkpt>
   <trkpt lat="43.6406950" lon="-79.3780300">
    <ele>77.2</ele>
    <time>2021-01-22T18:46:47Z</time>
   </trkpt>
   <trkpt lat="43.6407110" lon="-79.3779990">
    <ele>77.2</ele>
    <time>2021-01-22T18:46:48Z</time>
   </trkpt>
   <trkpt lat="43.6407200" lon="-79.3779640">
    <ele>77.2</ele>
    <time>2021-01-22T18:46:49Z</time>
   </trkpt>
   <trkpt lat="43.6407250" lon="-79.3779490">
    <ele>77.2</ele>
    <time>2021-01-22T18:46:50Z</time>
   </trkpt>
   <trkpt lat="43.6407330" lon="-79.3779060">
    <ele>77.2</ele>
    <time>2021-01-22T18:46:51Z</time>
   </trkpt>
   <trkpt lat="43.6407370" lon="-79.3778910">
    <ele>77.2</ele>
    <time>2021-01-22T18:46:52Z</time>
   </trkpt>
   <trkpt lat="43.6407550" lon="-79.3778440">
    <ele>77.2</ele>
    <time>2021-01-22T18:46:53Z</time>
   </trkpt>
   <trkpt lat="43.6407600" lon="-79.3778250">
    <ele>77.2</ele>
    <time>2021-01-22T18:46:54Z</time>
   </trkpt>
   <trkpt lat="43.6407680" lon="-79.3777810">
    <ele>77.2</ele>
    <time>2021-01-22T18:46:55Z</time>
   </trkpt>
   <trkpt lat="43.6407850" lon="-79.3777350">
    <ele>77.2</ele>
    <time>2021-01-22T18:46:56Z</time>
   </trkpt>
   <trkpt lat="43.6407890" lon="-79.3776880">
    <ele>77.2</ele>
    <time>2021-01-22T18:46:57Z</time>
   </trkpt>
   <trkpt lat="43.6407930" lon="-79.3776670">
    <ele>77.2</ele>
    <time>2021-01-22T18:46:58Z</time>
   </trkpt>
   <trkpt lat="43.6408090" lon="-79.3776190">
    <ele>77.2</ele>
    <time>2021-01-22T18:46:59Z</time>
   </trkpt>
   <trkpt lat="43.6408150" lon="-79.3776000">
    <ele>77.2</ele>
    <time>2021-01-22T18:47:00Z</time>
   </trkpt>
   <trkpt lat="43.6408280" lon="-79.3775480">
    <ele>77.2</ele>
    <time>2021-01-22T18:47:01Z</time>
   </trkpt>
   <trkpt lat="43.6408320" lon="-79.3775300">
    <ele>77.2</ele>
    <time>2021-01-22T18:47:02Z</time>
   </trkpt>
   <trkpt lat="43.6408480" lon="-79.3774890">
    <ele>77.2</ele>
    <time>2021-01-22T18:47:03Z</time>
   </trkpt>
   <trkpt lat="43.6408440" lon="-79.3774520">
    <ele>77.2</ele>
    <time>2021-01-22T18:47:04Z</time>
   </trkpt>
   <trkpt lat="43.6408490" lon="-79.3773930">
    <ele>77.2</ele>
    <time>2021-01-22T18:47:05Z</time>
   </trkpt>
   <trkpt lat="43.6408520" lon="-79.3773670">
    <ele>77.2</ele>
    <time>2021-01-22T18:47:06Z</time>
   </trkpt>
   <trkpt lat="43.6408530" lon="-79.3773120">
    <ele>77.2</ele>
    <time>2021-01-22T18:47:07Z</time>
   </trkpt>
   <trkpt lat="43.6408520" lon="-79.3772900">
    <ele>77.2</ele>
    <time>2021-01-22T18:47:08Z</time>
   </trkpt>
   <trkpt lat="43.6408600" lon="-79.3772540">
    <ele>77.2</ele>
    <time>2021-01-22T18:47:09Z</time>
   </trkpt>
   <trkpt lat="43.6408790" lon="-79.3772080">
    <ele>77.2</ele>
    <time>2021-01-22T18:47:10Z</time>
   </trkpt>
   <trkpt lat="43.6408870" lon="-79.3771900">
    <ele>77.3</ele>
    <time>2021-01-22T18:47:11Z</time>
   </trkpt>
   <trkpt lat="43.6408900" lon="-79.3771660">
    <ele>77.3</ele>
    <time>2021-01-22T18:47:12Z</time>
   </trkpt>
   <trkpt lat="43.6408950" lon="-79.3771410">
    <ele>77.3</ele>
    <time>2021-01-22T18:47:13Z</time>
   </trkpt>
   <trkpt lat="43.6409000" lon="-79.3771200">
    <ele>77.3</ele>
    <time>2021-01-22T18:47:14Z</time>
   </trkpt>
   <trkpt lat="43.6409050" lon="-79.3771000">
    <ele>77.3</ele>
    <time>2021-01-22T18:47:15Z</time>
   </trkpt>
   <trkpt lat="43.6409170" lon="-79.3770560">
    <ele>77.3</ele>
    <time>2021-01-22T18:47:16Z</time>
   </trkpt>
   <trkpt lat="43.6409210" lon="-79.3770400">
    <ele>77.3</ele>
    <time>2021-01-22T18:47:17Z</time>
   </trkpt>
   <trkpt lat="43.6409350" lon="-79.3770070">
    <ele>77.3</ele>
    <time>2021-01-22T18:47:18Z</time>
   </trkpt>
   <trkpt lat="43.6409540" lon="-79.3769580">
    <ele>77.4</ele>
    <time>2021-01-22T18:47:19Z</time>
   </trkpt>
   <trkpt lat="43.6409660" lon="-79.3769400">
    <ele>77.4</ele>
    <time>2021-01-22T18:47:20Z</time>
   </trkpt>
   <trkpt lat="43.6409820" lon="-79.3769050">
    <ele>77.4</ele>
    <time>2021-01-22T18:47:21Z</time>
   </trkpt>
   <trkpt lat="43.6410010" lon="-79.3768750">
    <ele>77.4</ele>
    <time>2021-01-22T18:47:22Z</time>
   </trkpt>
   <trkpt lat="43.6410270" lon="-79.3768400">
    <ele>77.4</ele>
    <time>2021-01-22T18:47:23Z</time>
   </trkpt>
   <trkpt lat="43.6410470" lon="-79.3768130">
    <ele>77.3</ele>
    <time>2021-01-22T18:47:24Z</time>
   </trkpt>
   <trkpt lat="43.6410720" lon="-79.3767790">
    <ele>77.3</ele>
    <time>2021-01-22T18:47:25Z</time>
   </trkpt>
   <trkpt lat="43.6410820" lon="-79.3767690">
    <ele>77.3</ele>
    <time>2021-01-22T18:47:26Z</time>
   </trkpt>
   <trkpt lat="43.6411140" lon="-79.3767270">
    <ele>77.3</ele>
    <time>2021-01-22T18:47:27Z</time>
   </trkpt>
   <trkpt lat="43.6411360" lon="-79.3767000">
    <ele>77.3</ele>
    <time>2021-01-22T18:47:28Z</time>
   </trkpt>
   <trkpt lat="43.6411550" lon="-79.3766680">
    <ele>77.3</ele>
    <time>2021-01-22T18:47:29Z</time>
   </trkpt>
   <trkpt lat="43.6411660" lon="-79.3766240">
    <ele>77.3</ele>
    <time>2021-01-22T18:47:30Z</time>
   </trkpt>
   <trkpt lat="43.6411720" lon="-79.3766090">
    <ele>77.2</ele>
    <time>2021-01-22T18:47:31Z</time>
   </trkpt>
   <trkpt lat="43.6411830" lon="-79.3765730">
    <ele>77.2</ele>
    <time>2021-01-22T18:47:32Z</time>
   </trkpt>
   <trkpt lat="43.6411980" lon="-79.3765260">
    <ele>77.2</ele>
    <time>2021-01-22T18:47:33Z</time>
   </trkpt>
   <trkpt lat="43.6412040" lon="-79.3765120">
    <ele>77.2</ele>
    <time>2021-01-22T18:47:34Z</time>
   </trkpt>
   <trkpt lat="43.6412210" lon="-79.3764770">
    <ele>77.2</ele>
    <time>2021-01-22T18:47:35Z</time>
   </trkpt>
   <trkpt lat="43.6412280" lon="-79.3764590">
    <ele>77.2</ele>
    <time>2021-01-22T18:47:36Z</time>
   </trkpt>
   <trkpt lat="43.6412270" lon="-79.3764460">
    <ele>77.2</ele>
    <time>2021-01-22T18:47:37Z</time>
   </trkpt>
   <trkpt lat="43.6412220" lon="-79.3764320">
    <ele>77.1</ele>
    <time>2021-01-22T18:47:38Z</time>
   </trkpt>
   <trkpt lat="43.6412210" lon="-79.3763930">
    <ele>77.1</ele>
    <time>2021-01-22T18:47:39Z</time>
   </trkpt>
   <trkpt lat="43.6412380" lon="-79.3763600">
    <ele>77.1</ele>
    <time>2021-01-22T18:47:40Z</time>
   </trkpt>
   <trkpt lat="43.6412470" lon="-79.3763490">
    <ele>77.1</ele>
    <time>2021-01-22T18:47:41Z</time>
   </trkpt>
   <trkpt lat="43.6412580" lon="-79.3763060">
    <ele>77.1</ele>
    <time>2021-01-22T18:47:42Z</time>
   </trkpt>
   <trkpt lat="43.6412610" lon="-79.3762890">
    <ele>77.1</ele>
    <time>2021-01-22T18:47:43Z</time>
   </trkpt>
   <trkpt lat="43.6412810" lon="-79.3762540">
    <ele>77.0</ele>
    <time>2021-01-22T18:47:44Z</time>
   </trkpt>
   <trkpt lat="43.6412860" lon="-79.3762410">
    <ele>77.0</ele>
    <time>2021-01-22T18:47:45Z</time>
   </trkpt>
   <trkpt lat="43.6412940" lon="-79.3762030">
    <ele>77.0</ele>
    <time>2021-01-22T18:47:46Z</time>
   </trkpt>
   <trkpt lat="43.6413230" lon="-79.3761780">
    <ele>77.0</ele>
    <time>2021-01-22T18:47:47Z</time>
   </trkpt>
   <trkpt lat="43.6413390" lon="-79.3761470">
    <ele>77.0</ele>
    <time>2021-01-22T18:47:48Z</time>
   </trkpt>
   <trkpt lat="43.6413670" lon="-79.3761050">
    <ele>77.0</ele>
    <time>2021-01-22T18:47:49Z</time>
   </trkpt>
   <trkpt lat="43.6413770" lon="-79.3760870">
    <ele>77.0</ele>
    <time>2021-01-22T18:47:50Z</time>
   </trkpt>
   <trkpt lat="43.6413910" lon="-79.3760540">
    <ele>76.9</ele>
    <time>2021-01-22T18:47:51Z</time>
   </trkpt>
   <trkpt lat="43.6414000" lon="-79.3760160">
    <ele>76.9</ele>
    <time>2021-01-22T18:47:52Z</time>
   </trkpt>
   <trkpt lat="43.6414200" lon="-79.3759630">
    <ele>76.9</ele>
    <time>2021-01-22T18:47:53Z</time>
   </trkpt>
   <trkpt lat="43.6414270" lon="-79.3759410">
    <ele>76.9</ele>
    <time>2021-01-22T18:47:54Z</time>
   </trkpt>
   <trkpt lat="43.6414430" lon="-79.3758960">
    <ele>76.9</ele>
    <time>2021-01-22T18:47:55Z</time>
   </trkpt>
   <trkpt lat="43.6414470" lon="-79.3758780">
    <ele>76.9</ele>
    <time>2021-01-22T18:47:56Z</time>
   </trkpt>
   <trkpt lat="43.6414610" lon="-79.3758390">
    <ele>76.9</ele>
    <time>2021-01-22T18:47:57Z</time>
   </trkpt>
   <trkpt lat="43.6414760" lon="-79.3757880">
    <ele>77.0</ele>
    <time>2021-01-22T18:47:58Z</time>
   </trkpt>
   <trkpt lat="43.6414830" lon="-79.3757690">
    <ele>77.0</ele>
    <time>2021-01-22T18:47:59Z</time>
   </trkpt>
   <trkpt lat="43.6414840" lon="-79.3756770">
    <ele>77.0</ele>
    <time>2021-01-22T18:48:00Z</time>
   </trkpt>
   <trkpt lat="43.6414880" lon="-79.3756020">
    <ele>77.1</ele>
    <time>2021-01-22T18:48:01Z</time>
   </trkpt>
   <trkpt lat="43.6414950" lon="-79.3755560">
    <ele>77.1</ele>
    <time>2021-01-22T18:48:02Z</time>
   </trkpt>
   <trkpt lat="43.6415110" lon="-79.3755050">
    <ele>77.1</ele>
    <time>2021-01-22T18:48:03Z</time>
   </trkpt>
   <trkpt lat="43.6415150" lon="-79.3754870">
    <ele>77.1</ele>
    <time>2021-01-22T18:48:04Z</time>
   </trkpt>
   <trkpt lat="43.6415310" lon="-79.3754530">
    <ele>77.1</ele>
    <time>2021-01-22T18:48:05Z</time>
   </trkpt>
   <trkpt lat="43.6415390" lon="-79.3754150">
    <ele>77.1</ele>
    <time>2021-01-22T18:48:06Z</time>
   </trkpt>
   <trkpt lat="43.6415460" lon="-79.3753790">
    <ele>77.1</ele>
    <time>2021-01-22T18:48:07Z</time>
   </trkpt>
   <trkpt lat="43.6415520" lon="-79.3753400">
    <ele>77.1</ele>
    <time>2021-01-22T18:48:08Z</time>
   </trkpt>
   <trkpt lat="43.6415540" lon="-79.3753290">
    <ele>77.1</ele>
    <time>2021-01-22T18:48:09Z</time>
   </trkpt>
   <trkpt lat="43.6415580" lon="-79.3753040">
    <ele>77.1</ele>
    <time>2021-01-22T18:48:10Z</time>
   </trkpt>
   <trkpt lat="43.6415420" lon="-79.3752930">
    <ele>77.1</ele>
    <time>2021-01-22T18:48:11Z</time>
   </trkpt>
   <trkpt lat="43.6415710" lon="-79.3752520">
    <ele>77.1</ele>
    <time>2021-01-22T18:48:12Z</time>
   </trkpt>
   <trkpt lat="43.6415820" lon="-79.3752340">
    <ele>77.1</ele>
    <time>2021-01-22T18:48:13Z</time>
   </trkpt>
   <trkpt lat="43.6415910" lon="-79.3752130">
    <ele>77.1</ele>
    <time>2021-01-22T18:48:14Z</time>
   </trkpt>
   <trkpt lat="43.6415970" lon="-79.3752000">
    <ele>77.1</ele>
    <time>2021-01-22T18:48:15Z</time>
   </trkpt>
   <trkpt lat="43.6416070" lon="-79.3751760">
    <ele>77.1</ele>
    <time>2021-01-22T18:48:16Z</time>
   </trkpt>
   <trkpt lat="43.6416330" lon="-79.3751350">
    <ele>77.1</ele>
    <time>2021-01-22T18:48:17Z</time>
   </trkpt>
   <trkpt lat="43.6416450" lon="-79.3751190">
    <ele>77.1</ele>
    <time>2021-01-22T18:48:18Z</time>
   </trkpt>
   <trkpt lat="43.6416730" lon="-79.3750830">
    <ele>77.1</ele>
    <time>2021-01-22T18:48:19Z</time>
   </trkpt>
   <trkpt lat="43.6416840" lon="-79.3750680">
    <ele>77.1</ele>
    <time>2021-01-22T18:48:20Z</time>
   </trkpt>
   <trkpt lat="43.6417030" lon="-79.3750340">
    <ele>77.1</ele>
    <time>2021-01-22T18:48:21Z</time>
   </trkpt>
   <trkpt lat="43.6417100" lon="-79.3750280">
    <ele>77.1</ele>
    <time>2021-01-22T18:48:22Z</time>
   </trkpt>
   <trkpt lat="43.6417240" lon="-79.3749970">
    <ele>77.1</ele>
    <time>2021-01-22T18:48:23Z</time>
   </trkpt>
   <trkpt lat="43.6417510" lon="-79.3749560">
    <ele>77.1</ele>
    <time>2021-01-22T18:48:24Z</time>
   </trkpt>
   <trkpt lat="43.6417570" lon="-79.3749380">
    <ele>77.1</ele>
    <time>2021-01-22T18:48:25Z</time>
   </trkpt>
   <trkpt lat="43.6417710" lon="-79.3748840">
    <ele>77.2</ele>
    <time>2021-01-22T18:48:26Z</time>
   </trkpt>
   <trkpt lat="43.6417900" lon="-79.3748340">
    <ele>77.2</ele>
    <time>2021-01-22T18:48:27Z</time>
   </trkpt>
   <trkpt lat="43.6418020" lon="-79.3747860">
    <ele>77.2</ele>
    <time>2021-01-22T18:48:28Z</time>
   </trkpt>
   <trkpt lat="43.6418040" lon="-79.3747690">
    <ele>77.2</ele>
    <time>2021-01-22T18:48:29Z</time>
   </trkpt>
   <trkpt lat="43.6418100" lon="-79.3747060">
    <ele>77.2</ele>
    <time>2021-01-22T18:48:30Z</time>
   </trkpt>
   <trkpt lat="43.6418140" lon="-79.3746740">
    <ele>77.2</ele>
    <time>2021-01-22T18:48:31Z</time>
   </trkpt>
   <trkpt lat="43.6418320" lon="-79.3746320">
    <ele>77.2</ele>
    <time>2021-01-22T18:48:32Z</time>
   </trkpt>
   <trkpt lat="43.6418390" lon="-79.3745900">
    <ele>77.2</ele>
    <time>2021-01-22T18:48:33Z</time>
   </trkpt>
   <trkpt lat="43.6418420" lon="-79.3745780">
    <ele>77.2</ele>
    <time>2021-01-22T18:48:34Z</time>
   </trkpt>
   <trkpt lat="43.6418650" lon="-79.3745460">
    <ele>77.2</ele>
    <time>2021-01-22T18:48:35Z</time>
   </trkpt>
   <trkpt lat="43.6418860" lon="-79.3745070">
    <ele>77.2</ele>
    <time>2021-01-22T18:48:36Z</time>
   </trkpt>
   <trkpt lat="43.6418940" lon="-79.3744950">
    <ele>77.2</ele>
    <time>2021-01-22T18:48:37Z</time>
   </trkpt>
   <trkpt lat="43.6419150" lon="-79.3744550">
    <ele>77.2</ele>
    <time>2021-01-22T18:48:38Z</time>
   </trkpt>
   <trkpt lat="43.6419210" lon="-79.3744430">
    <ele>77.2</ele>
    <time>2021-01-22T18:48:39Z</time>
   </trkpt>
   <trkpt lat="43.6419420" lon="-79.3744190">
    <ele>77.2</ele>
    <time>2021-01-22T18:48:40Z</time>
   </trkpt>
   <trkpt lat="43.6419630" lon="-79.3743900">
    <ele>77.2</ele>
    <time>2021-01-22T18:48:41Z</time>
   </trkpt>
   <trkpt lat="43.6419690" lon="-79.3743820">
    <ele>77.2</ele>
    <time>2021-01-22T18:48:42Z</time>
   </trkpt>
   <trkpt lat="43.6419880" lon="-79.3743490">
    <ele>77.2</ele>
    <time>2021-01-22T18:48:43Z</time>
   </trkpt>
   <trkpt lat="43.6419950" lon="-79.3743370">
    <ele>77.2</ele>
    <time>2021-01-22T18:48:44Z</time>
   </trkpt>
   <trkpt lat="43.6420180" lon="-79.3742920">
    <ele>77.2</ele>
    <time>2021-01-22T18:48:45Z</time>
   </trkpt>
   <trkpt lat="43.6420270" lon="-79.3742740">
    <ele>77.2</ele>
    <time>2021-01-22T18:48:46Z</time>
   </trkpt>
   <trkpt lat="43.6420350" lon="-79.3742170">
    <ele>77.2</ele>
    <time>2021-01-22T18:48:47Z</time>
   </trkpt>
   <trkpt lat="43.6420340" lon="-79.3741790">
    <ele>77.2</ele>
    <time>2021-01-22T18:48:48Z</time>
   </trkpt>
   <trkpt lat="43.6420400" lon="-79.3741300">
    <ele>77.2</ele>
    <time>2021-01-22T18:48:49Z</time>
   </trkpt>
   <trkpt lat="43.6420470" lon="-79.3740730">
    <ele>77.2</ele>
    <time>2021-01-22T18:48:50Z</time>
   </trkpt>
   <trkpt lat="43.6420520" lon="-79.3740370">
    <ele>77.2</ele>
    <time>2021-01-22T18:48:51Z</time>
   </trkpt>
   <trkpt lat="43.6420540" lon="-79.3740220">
    <ele>77.2</ele>
    <time>2021-01-22T18:48:52Z</time>
   </trkpt>
   <trkpt lat="43.6420570" lon="-79.3739730">
    <ele>77.2</ele>
    <time>2021-01-22T18:48:53Z</time>
   </trkpt>
   <trkpt lat="43.6420580" lon="-79.3739550">
    <ele>77.2</ele>
    <time>2021-01-22T18:48:54Z</time>
   </trkpt>
   <trkpt lat="43.6420590" lon="-79.3739130">
    <ele>77.3</ele>
    <time>2021-01-22T18:48:55Z</time>
   </trkpt>
   <trkpt lat="43.6420670" lon="-79.3738660">
    <ele>77.3</ele>
    <time>2021-01-22T18:48:56Z</time>
   </trkpt>
   <trkpt lat="43.6420680" lon="-79.3738510">
    <ele>77.3</ele>
    <time>2021-01-22T18:48:57Z</time>
   </trkpt>
   <trkpt lat="43.6420730" lon="-79.3738070">
    <ele>77.3</ele>
    <time>2021-01-22T18:48:58Z</time>
   </trkpt>
   <trkpt lat="43.6420740" lon="-79.3737890">
    <ele>77.3</ele>
    <time>2021-01-22T18:48:59Z</time>
   </trkpt>
   <trkpt lat="43.6420780" lon="-79.3737430">
    <ele>77.3</ele>
    <time>2021-01-22T18:49:00Z</time>
   </trkpt>
   <trkpt lat="43.6420790" lon="-79.3737250">
    <ele>77.3</ele>
    <time>2021-01-22T18:49:01Z</time>
   </trkpt>
   <trkpt lat="43.6420930" lon="-79.3736780">
    <ele>77.3</ele>
    <time>2021-01-22T18:49:02Z</time>
   </trkpt>
   <trkpt lat="43.6420950" lon="-79.3736630">
    <ele>77.3</ele>
    <time>2021-01-22T18:49:03Z</time>
   </trkpt>
   <trkpt lat="43.6420990" lon="-79.3736150">
    <ele>77.3</ele>
    <time>2021-01-22T18:49:04Z</time>
   </trkpt>
   <trkpt lat="43.6420990" lon="-79.3735950">
    <ele>77.3</ele>
    <time>2021-01-22T18:49:05Z</time>
   </trkpt>
   <trkpt lat="43.6421110" lon="-79.3735510">
    <ele>77.3</ele>
    <time>2021-01-22T18:49:06Z</time>
   </trkpt>
   <trkpt lat="43.6421120" lon="-79.3735340">
    <ele>77.3</ele>
    <time>2021-01-22T18:49:07Z</time>
   </trkpt>
   <trkpt lat="43.6421270" lon="-79.3734890">
    <ele>77.3</ele>
    <time>2021-01-22T18:49:08Z</time>
   </trkpt>
   <trkpt lat="43.6421310" lon="-79.3734740">
    <ele>77.3</ele>
    <time>2021-01-22T18:49:09Z</time>
   </trkpt>
   <trkpt lat="43.6421370" lon="-79.3734350">
    <ele>77.3</ele>
    <time>2021-01-22T18:49:10Z</time>
   </trkpt>
   <trkpt lat="43.6421370" lon="-79.3734140">
    <ele>77.3</ele>
    <time>2021-01-22T18:49:11Z</time>
   </trkpt>
   <trkpt lat="43.6421470" lon="-79.3733770">
    <ele>77.3</ele>
    <time>2021-01-22T18:49:12Z</time>
   </trkpt>
   <trkpt lat="43.6421510" lon="-79.3733590">
    <ele>77.3</ele>
    <time>2021-01-22T18:49:13Z</time>
   </trkpt>
   <trkpt lat="43.6421630" lon="-79.3733130">
    <ele>77.3</ele>
    <time>2021-01-22T18:49:14Z</time>
   </trkpt>
   <trkpt lat="43.6421670" lon="-79.3733010">
    <ele>77.3</ele>
    <time>2021-01-22T18:49:15Z</time>
   </trkpt>
   <trkpt lat="43.6421820" lon="-79.3732610">
    <ele>77.2</ele>
    <time>2021-01-22T18:49:16Z</time>
   </trkpt>
   <trkpt lat="43.6421870" lon="-79.3732460">
    <ele>77.2</ele>
    <time>2021-01-22T18:49:17Z</time>
   </trkpt>
   <trkpt lat="43.6422020" lon="-79.3732100">
    <ele>77.2</ele>
    <time>2021-01-22T18:49:18Z</time>
   </trkpt>
   <trkpt lat="43.6422090" lon="-79.3731930">
    <ele>77.2</ele>
    <time>2021-01-22T18:49:19Z</time>
   </trkpt>
   <trkpt lat="43.6422220" lon="-79.3731560">
    <ele>77.2</ele>
    <time>2021-01-22T18:49:20Z</time>
   </trkpt>
   <trkpt lat="43.6422270" lon="-79.3731420">
    <ele>77.2</ele>
    <time>2021-01-22T18:49:21Z</time>
   </trkpt>
   <trkpt lat="43.6422350" lon="-79.3731040">
    <ele>77.2</ele>
    <time>2021-01-22T18:49:22Z</time>
   </trkpt>
   <trkpt lat="43.6422410" lon="-79.3730890">
    <ele>77.2</ele>
    <time>2021-01-22T18:49:23Z</time>
   </trkpt>
   <trkpt lat="43.6422570" lon="-79.3730560">
    <ele>77.2</ele>
    <time>2021-01-22T18:49:24Z</time>
   </trkpt>
   <trkpt lat="43.6422750" lon="-79.3730270">
    <ele>77.2</ele>
    <time>2021-01-22T18:49:25Z</time>
   </trkpt>
   <trkpt lat="43.6422890" lon="-79.3729740">
    <ele>77.2</ele>
    <time>2021-01-22T18:49:26Z</time>
   </trkpt>
   <trkpt lat="43.6422920" lon="-79.3729490">
    <ele>77.2</ele>
    <time>2021-01-22T18:49:27Z</time>
   </trkpt>
   <trkpt lat="43.6423050" lon="-79.3728990">
    <ele>77.2</ele>
    <time>2021-01-22T18:49:28Z</time>
   </trkpt>
   <trkpt lat="43.6423080" lon="-79.3728780">
    <ele>77.2</ele>
    <time>2021-01-22T18:49:29Z</time>
   </trkpt>
   <trkpt lat="43.6423200" lon="-79.3728240">
    <ele>77.2</ele>
    <time>2021-01-22T18:49:30Z</time>
   </trkpt>
   <trkpt lat="43.6423250" lon="-79.3728020">
    <ele>77.2</ele>
    <time>2021-01-22T18:49:31Z</time>
   </trkpt>
   <trkpt lat="43.6423490" lon="-79.3727730">
    <ele>77.2</ele>
    <time>2021-01-22T18:49:32Z</time>
   </trkpt>
   <trkpt lat="43.6423670" lon="-79.3727560">
    <ele>77.2</ele>
    <time>2021-01-22T18:49:33Z</time>
   </trkpt>
   <trkpt lat="43.6423830" lon="-79.3727600">
    <ele>77.2</ele>
    <time>2021-01-22T18:49:34Z</time>
   </trkpt>
   <trkpt lat="43.6424020" lon="-79.3728110">
    <ele>77.2</ele>
    <time>2021-01-22T18:49:35Z</time>
   </trkpt>
   <trkpt lat="43.6424100" lon="-79.3728540">
    <ele>77.2</ele>
    <time>2021-01-22T18:49:36Z</time>
   </trkpt>
   <trkpt lat="43.6424010" lon="-79.3728920">
    <ele>77.2</ele>
    <time>2021-01-22T18:49:37Z</time>
   </trkpt>
   <trkpt lat="43.6423860" lon="-79.3729380">
    <ele>77.2</ele>
    <time>2021-01-22T18:49:38Z</time>
   </trkpt>
   <trkpt lat="43.6423750" lon="-79.3729940">
    <ele>77.2</ele>
    <time>2021-01-22T18:49:39Z</time>
   </trkpt>
   <trkpt lat="43.6423600" lon="-79.3730380">
    <ele>77.2</ele>
    <time>2021-01-22T18:49:40Z</time>
   </trkpt>
   <trkpt lat="43.6423500" lon="-79.3730770">
    <ele>77.2</ele>
    <time>2021-01-22T18:49:41Z</time>
   </trkpt>
   <trkpt lat="43.6423350" lon="-79.3731180">
    <ele>77.2</ele>
    <time>2021-01-22T18:49:42Z</time>
   </trkpt>
   <trkpt lat="43.6423170" lon="-79.3731590">
    <ele>77.2</ele>
    <time>2021-01-22T18:49:43Z</time>
   </trkpt>
   <trkpt lat="43.6423020" lon="-79.3732000">
    <ele>77.2</ele>
    <time>2021-01-22T18:49:44Z</time>
   </trkpt>
   <trkpt lat="43.6422970" lon="-79.3732120">
    <ele>77.2</ele>
    <time>2021-01-22T18:49:45Z</time>
   </trkpt>
   <trkpt lat="43.6422830" lon="-79.3732590">
    <ele>77.2</ele>
    <time>2021-01-22T18:49:46Z</time>
   </trkpt>
   <trkpt lat="43.6422780" lon="-79.3732730">
    <ele>77.2</ele>
    <time>2021-01-22T18:49:47Z</time>
   </trkpt>
   <trkpt lat="43.6422620" lon="-79.3733170">
    <ele>77.2</ele>
    <time>2021-01-22T18:49:48Z</time>
   </trkpt>
   <trkpt lat="43.6422580" lon="-79.3733310">
    <ele>77.2</ele>
    <time>2021-01-22T18:49:49Z</time>
   </trkpt>
   <trkpt lat="43.6422430" lon="-79.3733700">
    <ele>77.3</ele>
    <time>2021-01-22T18:49:50Z</time>
   </trkpt>
   <trkpt lat="43.6422310" lon="-79.3734040">
    <ele>77.3</ele>
    <time>2021-01-22T18:49:51Z</time>
   </trkpt>
   <trkpt lat="43.6422200" lon="-79.3734410">
    <ele>77.3</ele>
    <time>2021-01-22T18:49:52Z</time>
   </trkpt>
   <trkpt lat="43.6422060" lon="-79.3734830">
    <ele>77.3</ele>
    <time>2021-01-22T18:49:53Z</time>
   </trkpt>
   <trkpt lat="43.6422020" lon="-79.3734960">
    <ele>77.3</ele>
    <time>2021-01-22T18:49:54Z</time>
   </trkpt>
   <trkpt lat="43.6421880" lon="-79.3735500">
    <ele>77.3</ele>
    <time>2021-01-22T18:49:55Z</time>
   </trkpt>
   <trkpt lat="43.6421830" lon="-79.3735690">
    <ele>77.3</ele>
    <time>2021-01-22T18:49:56Z</time>
   </trkpt>
   <trkpt lat="43.6421740" lon="-79.3736140">
    <ele>77.3</ele>
    <time>2021-01-22T18:49:57Z</time>
   </trkpt>
   <trkpt lat="43.6421700" lon="-79.3736310">
    <ele>77.3</ele>
    <time>2021-01-22T18:49:58Z</time>
   </trkpt>
   <trkpt lat="43.6421630" lon="-79.3736820">
    <ele>77.3</ele>
    <time>2021-01-22T18:49:59Z</time>
   </trkpt>
   <trkpt lat="43.6421600" lon="-79.3737000">
    <ele>77.3</ele>
    <time>2021-01-22T18:50:00Z</time>
   </trkpt>
   <trkpt lat="43.6421550" lon="-79.3737370">
    <ele>77.3</ele>
    <time>2021-01-22T18:50:01Z</time>
   </trkpt>
   <trkpt lat="43.6421510" lon="-79.3737710">
    <ele>77.3</ele>
    <time>2021-01-22T18:50:02Z</time>
   </trkpt>
   <trkpt lat="43.6421460" lon="-79.3738100">
    <ele>77.3</ele>
    <time>2021-01-22T18:50:04Z</time>
   </trkpt>
   <trkpt lat="43.6421360" lon="-79.3738620">
    <ele>77.3</ele>
    <time>2021-01-22T18:50:05Z</time>
   </trkpt>
   <trkpt lat="43.6421310" lon="-79.3738780">
    <ele>77.3</ele>
    <time>2021-01-22T18:50:06Z</time>
   </trkpt>
   <trkpt lat="43.6421240" lon="-79.3739260">
    <ele>77.3</ele>
    <time>2021-01-22T18:50:07Z</time>
   </trkpt>
   <trkpt lat="43.6421230" lon="-79.3739430">
    <ele>77.3</ele>
    <time>2021-01-22T18:50:08Z</time>
   </trkpt>
   <trkpt lat="43.6421130" lon="-79.3739920">
    <ele>77.2</ele>
    <time>2021-01-22T18:50:09Z</time>
   </trkpt>
   <trkpt lat="43.6421100" lon="-79.3740100">
    <ele>77.2</ele>
    <time>2021-01-22T18:50:10Z</time>
   </trkpt>
   <trkpt lat="43.6421150" lon="-79.3740590">
    <ele>77.2</ele>
    <time>2021-01-22T18:50:11Z</time>
   </trkpt>
   <trkpt lat="43.6421130" lon="-79.3741090">
    <ele>77.2</ele>
    <time>2021-01-22T18:50:12Z</time>
   </trkpt>
   <trkpt lat="43.6421110" lon="-79.3741230">
    <ele>77.2</ele>
    <time>2021-01-22T18:50:13Z</time>
   </trkpt>
   <trkpt lat="43.6421060" lon="-79.3741600">
    <ele>77.2</ele>
    <time>2021-01-22T18:50:14Z</time>
   </trkpt>
   <trkpt lat="43.6420990" lon="-79.3741980">
    <ele>77.2</ele>
    <time>2021-01-22T18:50:15Z</time>
   </trkpt>
   <trkpt lat="43.6420940" lon="-79.3742120">
    <ele>77.2</ele>
    <time>2021-01-22T18:50:16Z</time>
   </trkpt>
   <trkpt lat="43.6420870" lon="-79.3742660">
    <ele>77.2</ele>
    <time>2021-01-22T18:50:17Z</time>
   </trkpt>
   <trkpt lat="43.6420850" lon="-79.3742840">
    <ele>77.2</ele>
    <time>2021-01-22T18:50:18Z</time>
   </trkpt>
   <trkpt lat="43.6420770" lon="-79.3743370">
    <ele>77.2</ele>
    <time>2021-01-22T18:50:19Z</time>
   </trkpt>
   <trkpt lat="43.6420730" lon="-79.3743540">
    <ele>77.2</ele>
    <time>2021-01-22T18:50:20Z</time>
   </trkpt>
   <trkpt lat="43.6420610" lon="-79.3743990">
    <ele>77.2</ele>
    <time>2021-01-22T18:50:21Z</time>
   </trkpt>
   <trkpt lat="43.6420560" lon="-79.3744090">
    <ele>77.2</ele>
    <time>2021-01-22T18:50:22Z</time>
   </trkpt>
   <trkpt lat="43.6420440" lon="-79.3744280">
    <ele>77.2</ele>
    <time>2021-01-22T18:50:23Z</time>
   </trkpt>
   <trkpt lat="43.6420360" lon="-79.3744430">
    <ele>77.2</ele>
    <time>2021-01-22T18:50:24Z</time>
   </trkpt>
   <trkpt lat="43.6420230" lon="-79.3744570">
    <ele>77.2</ele>
    <time>2021-01-22T18:50:25Z</time>
   </trkpt>
   <trkpt lat="43.6420090" lon="-79.3744750">
    <ele>77.2</ele>
    <time>2021-01-22T18:50:26Z</time>
   </trkpt>
   <trkpt lat="43.6419840" lon="-79.3744980">
    <ele>77.2</ele>
    <time>2021-01-22T18:50:27Z</time>
   </trkpt>
   <trkpt lat="43.6419690" lon="-79.3745100">
    <ele>77.2</ele>
    <time>2021-01-22T18:50:28Z</time>
   </trkpt>
   <trkpt lat="43.6419440" lon="-79.3745380">
    <ele>77.2</ele>
    <time>2021-01-22T18:50:29Z</time>
   </trkpt>
   <trkpt lat="43.6419200" lon="-79.3745660">
    <ele>77.2</ele>
    <time>2021-01-22T18:50:30Z</time>
   </trkpt>
   <trkpt lat="43.6418980" lon="-79.3745930">
    <ele>77.2</ele>
    <time>2021-01-22T18:50:31Z</time>
   </trkpt>
   <trkpt lat="43.6418800" lon="-79.3746320">
    <ele>77.2</ele>
    <time>2021-01-22T18:50:32Z</time>
   </trkpt>
   <trkpt lat="43.6418710" lon="-79.3746490">
    <ele>77.2</ele>
    <time>2021-01-22T18:50:33Z</time>
   </trkpt>
   <trkpt lat="43.6418590" lon="-79.3746870">
    <ele>77.2</ele>
    <time>2021-01-22T18:50:34Z</time>
   </trkpt>
   <trkpt lat="43.6418440" lon="-79.3747260">
    <ele>77.2</ele>
    <time>2021-01-22T18:50:35Z</time>
   </trkpt>
   <trkpt lat="43.6418290" lon="-79.3747710">
    <ele>77.2</ele>
    <time>2021-01-22T18:50:36Z</time>
   </trkpt>
   <trkpt lat="43.6418100" lon="-79.3748020">
    <ele>77.2</ele>
    <time>2021-01-22T18:50:37Z</time>
   </trkpt>
   <trkpt lat="43.6418030" lon="-79.3748120">
    <ele>77.2</ele>
    <time>2021-01-22T18:50:38Z</time>
   </trkpt>
   <trkpt lat="43.6417830" lon="-79.3748450">
    <ele>77.2</ele>
    <time>2021-01-22T18:50:39Z</time>
   </trkpt>
   <trkpt lat="43.6417770" lon="-79.3748570">
    <ele>77.2</ele>
    <time>2021-01-22T18:50:40Z</time>
   </trkpt>
   <trkpt lat="43.6417570" lon="-79.3748950">
    <ele>77.1</ele>
    <time>2021-01-22T18:50:41Z</time>
   </trkpt>
   <trkpt lat="43.6417500" lon="-79.3749090">
    <ele>77.1</ele>
    <time>2021-01-22T18:50:42Z</time>
   </trkpt>
   <trkpt lat="43.6417240" lon="-79.3749470">
    <ele>77.1</ele>
    <time>2021-01-22T18:50:43Z</time>
   </trkpt>
   <trkpt lat="43.6417160" lon="-79.3749590">
    <ele>77.1</ele>
    <time>2021-01-22T18:50:44Z</time>
   </trkpt>
   <trkpt lat="43.6416980" lon="-79.3749930">
    <ele>77.1</ele>
    <time>2021-01-22T18:50:45Z</time>
   </trkpt>
   <trkpt lat="43.6416770" lon="-79.3750300">
    <ele>77.1</ele>
    <time>2021-01-22T18:50:46Z</time>
   </trkpt>
   <trkpt lat="43.6416610" lon="-79.3750630">
    <ele>77.1</ele>
    <time>2021-01-22T18:50:47Z</time>
   </trkpt>
   <trkpt lat="43.6416440" lon="-79.3751020">
    <ele>77.1</ele>
    <time>2021-01-22T18:50:48Z</time>
   </trkpt>
   <trkpt lat="43.6416380" lon="-79.3751140">
    <ele>77.1</ele>
    <time>2021-01-22T18:50:49Z</time>
   </trkpt>
   <trkpt lat="43.6416250" lon="-79.3751520">
    <ele>77.1</ele>
    <time>2021-01-22T18:50:50Z</time>
   </trkpt>
   <trkpt lat="43.6416200" lon="-79.3751650">
    <ele>77.1</ele>
    <time>2021-01-22T18:50:51Z</time>
   </trkpt>
   <trkpt lat="43.6416120" lon="-79.3752030">
    <ele>77.1</ele>
    <time>2021-01-22T18:50:52Z</time>
   </trkpt>
   <trkpt lat="43.6416070" lon="-79.3752530">
    <ele>77.1</ele>
    <time>2021-01-22T18:50:53Z</time>
   </trkpt>
   <trkpt lat="43.6416010" lon="-79.3752940">
    <ele>77.1</ele>
    <time>2021-01-22T18:50:54Z</time>
   </trkpt>
   <trkpt lat="43.6415960" lon="-79.3753540">
    <ele>77.1</ele>
    <time>2021-01-22T18:50:55Z</time>
   </trkpt>
   <trkpt lat="43.6415940" lon="-79.3753780">
    <ele>77.1</ele>
    <time>2021-01-22T18:50:56Z</time>
   </trkpt>
   <trkpt lat="43.6415910" lon="-79.3754170">
    <ele>77.1</ele>
    <time>2021-01-22T18:50:57Z</time>
   </trkpt>
   <trkpt lat="43.6415870" lon="-79.3754630">
    <ele>77.1</ele>
    <time>2021-01-22T18:50:58Z</time>
   </trkpt>
   <trkpt lat="43.6415830" lon="-79.3754770">
    <ele>77.1</ele>
    <time>2021-01-22T18:50:59Z</time>
   </trkpt>
   <trkpt lat="43.6415630" lon="-79.3755260">
    <ele>77.1</ele>
    <time>2021-01-22T18:51:00Z</time>
   </trkpt>
   <trkpt lat="43.6415530" lon="-79.3755430">
    <ele>77.1</ele>
    <time>2021-01-22T18:51:01Z</time>
   </trkpt>
   <trkpt lat="43.6415360" lon="-79.3755780">
    <ele>77.1</ele>
    <time>2021-01-22T18:51:02Z</time>
   </trkpt>
   <trkpt lat="43.6415220" lon="-79.3756180">
    <ele>77.1</ele>
    <time>2021-01-22T18:51:03Z</time>
   </trkpt>
   <trkpt lat="43.6415160" lon="-79.3756300">
    <ele>77.1</ele>
    <time>2021-01-22T18:51:04Z</time>
   </trkpt>
   <trkpt lat="43.6415070" lon="-79.3756670">
    <ele>77.0</ele>
    <time>2021-01-22T18:51:05Z</time>
   </trkpt>
   <trkpt lat="43.6414890" lon="-79.3757020">
    <ele>77.0</ele>
    <time>2021-01-22T18:51:06Z</time>
   </trkpt>
   <trkpt lat="43.6414830" lon="-79.3757140">
    <ele>77.0</ele>
    <time>2021-01-22T18:51:07Z</time>
   </trkpt>
   <trkpt lat="43.6414590" lon="-79.3757340">
    <ele>77.0</ele>
    <time>2021-01-22T18:51:08Z</time>
   </trkpt>
   <trkpt lat="43.6414370" lon="-79.3757590">
    <ele>77.0</ele>
    <time>2021-01-22T18:51:09Z</time>
   </trkpt>
   <trkpt lat="43.6414180" lon="-79.3757940">
    <ele>76.9</ele>
    <time>2021-01-22T18:51:10Z</time>
   </trkpt>
   <trkpt lat="43.6414130" lon="-79.3758080">
    <ele>76.9</ele>
    <time>2021-01-22T18:51:11Z</time>
   </trkpt>
   <trkpt lat="43.6414050" lon="-79.3758310">
    <ele>76.9</ele>
    <time>2021-01-22T18:51:12Z</time>
   </trkpt>
   <trkpt lat="43.6414000" lon="-79.3758490">
    <ele>76.9</ele>
    <time>2021-01-22T18:51:13Z</time>
   </trkpt>
   <trkpt lat="43.6413860" lon="-79.3758880">
    <ele>76.9</ele>
    <time>2021-01-22T18:51:14Z</time>
   </trkpt>
   <trkpt lat="43.6413680" lon="-79.3759270">
    <ele>76.9</ele>
    <time>2021-01-22T18:51:15Z</time>
   </trkpt>
   <trkpt lat="43.6413520" lon="-79.3759600">
    <ele>76.9</ele>
    <time>2021-01-22T18:51:16Z</time>
   </trkpt>
   <trkpt lat="43.6413280" lon="-79.3760030">
    <ele>76.9</ele>
    <time>2021-01-22T18:51:17Z</time>
   </trkpt>
   <trkpt lat="43.6413190" lon="-79.3760180">
    <ele>76.9</ele>
    <time>2021-01-22T18:51:18Z</time>
   </trkpt>
   <trkpt lat="43.6412970" lon="-79.3760510">
    <ele>77.0</ele>
    <time>2021-01-22T18:51:19Z</time>
   </trkpt>
   <trkpt lat="43.6412780" lon="-79.3760850">
    <ele>77.0</ele>
    <time>2021-01-22T18:51:20Z</time>
   </trkpt>
   <trkpt lat="43.6412650" lon="-79.3761110">
    <ele>77.0</ele>
    <time>2021-01-22T18:51:21Z</time>
   </trkpt>
   <trkpt lat="43.6412540" lon="-79.3761210">
    <ele>77.0</ele>
    <time>2021-01-22T18:51:22Z</time>
   </trkpt>
   <trkpt lat="43.6412430" lon="-79.3761430">
    <ele>77.0</ele>
    <time>2021-01-22T18:51:23Z</time>
   </trkpt>
   <trkpt lat="43.6412380" lon="-79.3761560">
    <ele>77.0</ele>
    <time>2021-01-22T18:51:24Z</time>
   </trkpt>
   <trkpt lat="43.6412320" lon="-79.3761690">
    <ele>77.0</ele>
    <time>2021-01-22T18:51:25Z</time>
   </trkpt>
   <trkpt lat="43.6412310" lon="-79.3761710">
    <ele>77.0</ele>
    <time>2021-01-22T18:51:26Z</time>
   </trkpt>
   <trkpt lat="43.6412190" lon="-79.3761960">
    <ele>77.0</ele>
    <time>2021-01-22T18:51:27Z</time>
   </trkpt>
   <trkpt lat="43.6412140" lon="-79.3762110">
    <ele>77.1</ele>
    <time>2021-01-22T18:51:28Z</time>
   </trkpt>
   <trkpt lat="43.6412100" lon="-79.3762230">
    <ele>77.1</ele>
    <time>2021-01-22T18:51:29Z</time>
   </trkpt>
   <trkpt lat="43.6412060" lon="-79.3762340">
    <ele>77.1</ele>
    <time>2021-01-22T18:51:30Z</time>
   </trkpt>
   <trkpt lat="43.6412090" lon="-79.3762570">
    <ele>77.1</ele>
    <time>2021-01-22T18:51:31Z</time>
   </trkpt>
   <trkpt lat="43.6411940" lon="-79.3762940">
    <ele>77.1</ele>
    <time>2021-01-22T18:51:32Z</time>
   </trkpt>
   <trkpt lat="43.6411870" lon="-79.3763030">
    <ele>77.1</ele>
    <time>2021-01-22T18:51:33Z</time>
   </trkpt>
   <trkpt lat="43.6411640" lon="-79.3763480">
    <ele>77.1</ele>
    <time>2021-01-22T18:51:34Z</time>
   </trkpt>
   <trkpt lat="43.6411580" lon="-79.3763660">
    <ele>77.1</ele>
    <time>2021-01-22T18:51:35Z</time>
   </trkpt>
   <trkpt lat="43.6411440" lon="-79.3764110">
    <ele>77.2</ele>
    <time>2021-01-22T18:51:36Z</time>
   </trkpt>
   <trkpt lat="43.6411360" lon="-79.3764670">
    <ele>77.2</ele>
    <time>2021-01-22T18:51:37Z</time>
   </trkpt>
   <trkpt lat="43.6411230" lon="-79.3765050">
    <ele>77.2</ele>
    <time>2021-01-22T18:51:38Z</time>
   </trkpt>
   <trkpt lat="43.6411140" lon="-79.3765480">
    <ele>77.2</ele>
    <time>2021-01-22T18:51:39Z</time>
   </trkpt>
   <trkpt lat="43.6411130" lon="-79.3765950">
    <ele>77.3</ele>
    <time>2021-01-22T18:51:40Z</time>
   </trkpt>
   <trkpt lat="43.6411040" lon="-79.3766350">
    <ele>77.3</ele>
    <time>2021-01-22T18:51:41Z</time>
   </trkpt>
   <trkpt lat="43.6411030" lon="-79.3766880">
    <ele>77.3</ele>
    <time>2021-01-22T18:51:42Z</time>
   </trkpt>
   <trkpt lat="43.6411020" lon="-79.3767060">
    <ele>77.3</ele>
    <time>2021-01-22T18:51:43Z</time>
   </trkpt>
   <trkpt lat="43.6411060" lon="-79.3767440">
    <ele>77.3</ele>
    <time>2021-01-22T18:51:44Z</time>
   </trkpt>
   <trkpt lat="43.6410960" lon="-79.3768000">
    <ele>77.3</ele>
    <time>2021-01-22T18:51:45Z</time>
   </trkpt>
   <trkpt lat="43.6410940" lon="-79.3768210">
    <ele>77.3</ele>
    <time>2021-01-22T18:51:46Z</time>
   </trkpt>
   <trkpt lat="43.6410840" lon="-79.3768650">
    <ele>77.4</ele>
    <time>2021-01-22T18:51:47Z</time>
   </trkpt>
   <trkpt lat="43.6410660" lon="-79.3769070">
    <ele>77.4</ele>
    <time>2021-01-22T18:51:48Z</time>
   </trkpt>
   <trkpt lat="43.6410530" lon="-79.3769480">
    <ele>77.4</ele>
    <time>2021-01-22T18:51:49Z</time>
   </trkpt>
   <trkpt lat="43.6410380" lon="-79.3769850">
    <ele>77.4</ele>
    <time>2021-01-22T18:51:50Z</time>
   </trkpt>
   <trkpt lat="43.6410340" lon="-79.3769940">
    <ele>77.4</ele>
    <time>2021-01-22T18:51:51Z</time>
   </trkpt>
   <trkpt lat="43.6410180" lon="-79.3770350">
    <ele>77.4</ele>
    <time>2021-01-22T18:51:52Z</time>
   </trkpt>
   <trkpt lat="43.6410130" lon="-79.3770480">
    <ele>77.4</ele>
    <time>2021-01-22T18:51:53Z</time>
   </trkpt>
   <trkpt lat="43.6410020" lon="-79.3770900">
    <ele>77.3</ele>
    <time>2021-01-22T18:51:54Z</time>
   </trkpt>
   <trkpt lat="43.6409980" lon="-79.3771040">
    <ele>77.3</ele>
    <time>2021-01-22T18:51:55Z</time>
   </trkpt>
   <trkpt lat="43.6409910" lon="-79.3771400">
    <ele>77.3</ele>
    <time>2021-01-22T18:51:56Z</time>
   </trkpt>
   <trkpt lat="43.6409900" lon="-79.3771530">
    <ele>77.3</ele>
    <time>2021-01-22T18:51:57Z</time>
   </trkpt>
   <trkpt lat="43.6409750" lon="-79.3771890">
    <ele>77.3</ele>
    <time>2021-01-22T18:51:58Z</time>
   </trkpt>
   <trkpt lat="43.6409710" lon="-79.3772000">
    <ele>77.3</ele>
    <time>2021-01-22T18:51:59Z</time>
   </trkpt>
   <trkpt lat="43.6409550" lon="-79.3772360">
    <ele>77.3</ele>
    <time>2021-01-22T18:52:00Z</time>
   </trkpt>
   <trkpt lat="43.6409500" lon="-79.3772440">
    <ele>77.3</ele>
    <time>2021-01-22T18:52:01Z</time>
   </trkpt>
   <trkpt lat="43.6409380" lon="-79.3773040">
    <ele>77.2</ele>
    <time>2021-01-22T18:52:02Z</time>
   </trkpt>
   <trkpt lat="43.6409340" lon="-79.3773290">
    <ele>77.2</ele>
    <time>2021-01-22T18:52:03Z</time>
   </trkpt>
   <trkpt lat="43.6409180" lon="-79.3773720">
    <ele>77.2</ele>
    <time>2021-01-22T18:52:04Z</time>
   </trkpt>
   <trkpt lat="43.6409100" lon="-79.3773860">
    <ele>77.2</ele>
    <time>2021-01-22T18:52:05Z</time>
   </trkpt>
   <trkpt lat="43.6408950" lon="-79.3774190">
    <ele>77.2</ele>
    <time>2021-01-22T18:52:06Z</time>
   </trkpt>
   <trkpt lat="43.6408780" lon="-79.3774490">
    <ele>77.2</ele>
    <time>2021-01-22T18:52:07Z</time>
   </trkpt>
   <trkpt lat="43.6408600" lon="-79.3774790">
    <ele>77.2</ele>
    <time>2021-01-22T18:52:08Z</time>
   </trkpt>
   <trkpt lat="43.6408510" lon="-79.3775150">
    <ele>77.2</ele>
    <time>2021-01-22T18:52:09Z</time>
   </trkpt>
   <trkpt lat="43.6408230" lon="-79.3775500">
    <ele>77.2</ele>
    <time>2021-01-22T18:52:10Z</time>
   </trkpt>
   <trkpt lat="43.6408130" lon="-79.3775620">
    <ele>77.2</ele>
    <time>2021-01-22T18:52:11Z</time>
   </trkpt>
   <trkpt lat="43.6408020" lon="-79.3775770">
    <ele>77.2</ele>
    <time>2021-01-22T18:52:12Z</time>
   </trkpt>
   <trkpt lat="43.6407920" lon="-79.3775980">
    <ele>77.2</ele>
    <time>2021-01-22T18:52:13Z</time>
   </trkpt>
   <trkpt lat="43.6407790" lon="-79.3776470">
    <ele>77.2</ele>
    <time>2021-01-22T18:52:14Z</time>
   </trkpt>
   <trkpt lat="43.6407760" lon="-79.3776720">
    <ele>77.2</ele>
    <time>2021-01-22T18:52:15Z</time>
   </trkpt>
   <trkpt lat="43.6407700" lon="-79.3776930">
    <ele>77.2</ele>
    <time>2021-01-22T18:52:16Z</time>
   </trkpt>
   <trkpt lat="43.6407640" lon="-79.3777150">
    <ele>77.2</ele>
    <time>2021-01-22T18:52:17Z</time>
   </trkpt>
   <trkpt lat="43.6407560" lon="-79.3777550">
    <ele>77.2</ele>
    <time>2021-01-22T18:52:18Z</time>
   </trkpt>
   <trkpt lat="43.6407540" lon="-79.3777690">
    <ele>77.2</ele>
    <time>2021-01-22T18:52:19Z</time>
   </trkpt>
   <trkpt lat="43.6407390" lon="-79.3778190">
    <ele>77.2</ele>
    <time>2021-01-22T18:52:20Z</time>
   </trkpt>
   <trkpt lat="43.6407340" lon="-79.3778370">
    <ele>77.2</ele>
    <time>2021-01-22T18:52:21Z</time>
   </trkpt>
   <trkpt lat="43.6407210" lon="-79.3778720">
    <ele>77.2</ele>
    <time>2021-01-22T18:52:22Z</time>
   </trkpt>
   <trkpt lat="43.6407060" lon="-79.3779150">
    <ele>77.2</ele>
    <time>2021-01-22T18:52:23Z</time>
   </trkpt>
   <trkpt lat="43.6407020" lon="-79.3779290">
    <ele>77.2</ele>
    <time>2021-01-22T18:52:24Z</time>
   </trkpt>
   <trkpt lat="43.6406830" lon="-79.3779720">
    <ele>77.2</ele>
    <time>2021-01-22T18:52:25Z</time>
   </trkpt>
   <trkpt lat="43.6406750" lon="-79.3779850">
    <ele>77.2</ele>
    <time>2021-01-22T18:52:26Z</time>
   </trkpt>
   <trkpt lat="43.6406530" lon="-79.3780420">
    <ele>77.2</ele>
    <time>2021-01-22T18:52:27Z</time>
   </trkpt>
   <trkpt lat="43.6406490" lon="-79.3780750">
    <ele>77.2</ele>
    <time>2021-01-22T18:52:28Z</time>
   </trkpt>
   <trkpt lat="43.6406230" lon="-79.3781150">
    <ele>77.2</ele>
    <time>2021-01-22T18:52:29Z</time>
   </trkpt>
   <trkpt lat="43.6406110" lon="-79.3781340">
    <ele>77.2</ele>
    <time>2021-01-22T18:52:30Z</time>
   </trkpt>
   <trkpt lat="43.6405900" lon="-79.3781760">
    <ele>77.2</ele>
    <time>2021-01-22T18:52:31Z</time>
   </trkpt>
   <trkpt lat="43.6405840" lon="-79.3781900">
    <ele>77.2</ele>
    <time>2021-01-22T18:52:32Z</time>
   </trkpt>
   <trkpt lat="43.6405680" lon="-79.3782200">
    <ele>77.2</ele>
    <time>2021-01-22T18:52:33Z</time>
   </trkpt>
   <trkpt lat="43.6405480" lon="-79.3782520">
    <ele>77.1</ele>
    <time>2021-01-22T18:52:34Z</time>
   </trkpt>
   <trkpt lat="43.6405420" lon="-79.3783070">
    <ele>77.1</ele>
    <time>2021-01-22T18:52:35Z</time>
   </trkpt>
   <trkpt lat="43.6405200" lon="-79.3783450">
    <ele>77.1</ele>
    <time>2021-01-22T18:52:36Z</time>
   </trkpt>
   <trkpt lat="43.6405120" lon="-79.3783580">
    <ele>77.1</ele>
    <time>2021-01-22T18:52:37Z</time>
   </trkpt>
   <trkpt lat="43.6404950" lon="-79.3783940">
    <ele>77.2</ele>
    <time>2021-01-22T18:52:38Z</time>
   </trkpt>
   <trkpt lat="43.6404900" lon="-79.3784040">
    <ele>77.2</ele>
    <time>2021-01-22T18:52:39Z</time>
   </trkpt>
   <trkpt lat="43.6404690" lon="-79.3784290">
    <ele>77.2</ele>
    <time>2021-01-22T18:52:40Z</time>
   </trkpt>
   <trkpt lat="43.6404610" lon="-79.3784880">
    <ele>77.2</ele>
    <time>2021-01-22T18:52:41Z</time>
   </trkpt>
   <trkpt lat="43.6404650" lon="-79.3785220">
    <ele>77.2</ele>
    <time>2021-01-22T18:52:42Z</time>
   </trkpt>
   <trkpt lat="43.6404520" lon="-79.3785580">
    <ele>77.2</ele>
    <time>2021-01-22T18:52:43Z</time>
   </trkpt>
   <trkpt lat="43.6404330" lon="-79.3785870">
    <ele>77.2</ele>
    <time>2021-01-22T18:52:44Z</time>
   </trkpt>
   <trkpt lat="43.6404250" lon="-79.3785990">
    <ele>77.2</ele>
    <time>2021-01-22T18:52:45Z</time>
   </trkpt>
   <trkpt lat="43.6403990" lon="-79.3786330">
    <ele>77.2</ele>
    <time>2021-01-22T18:52:46Z</time>
   </trkpt>
   <trkpt lat="43.6403890" lon="-79.3786450">
    <ele>77.2</ele>
    <time>2021-01-22T18:52:47Z</time>
   </trkpt>
   <trkpt lat="43.6403940" lon="-79.3786980">
    <ele>77.2</ele>
    <time>2021-01-22T18:52:48Z</time>
   </trkpt>
   <trkpt lat="43.6403650" lon="-79.3787270">
    <ele>77.2</ele>
    <time>2021-01-22T18:52:49Z</time>
   </trkpt>
   <trkpt lat="43.6403450" lon="-79.3787290">
    <ele>77.2</ele>
    <time>2021-01-22T18:52:50Z</time>
   </trkpt>
   <trkpt lat="43.6403370" lon="-79.3787750">
    <ele>77.2</ele>
    <time>2021-01-22T18:52:51Z</time>
   </trkpt>
   <trkpt lat="43.6403430" lon="-79.3787990">
    <ele>77.2</ele>
    <time>2021-01-22T18:52:52Z</time>
   </trkpt>
   <trkpt lat="43.6403430" lon="-79.3788230">
    <ele>77.2</ele>
    <time>2021-01-22T18:52:53Z</time>
   </trkpt>
   <trkpt lat="43.6403420" lon="-79.3788480">
    <ele>77.2</ele>
    <time>2021-01-22T18:52:54Z</time>
   </trkpt>
   <trkpt lat="43.6403370" lon="-79.3788970">
    <ele>77.2</ele>
    <time>2021-01-22T18:52:55Z</time>
   </trkpt>
   <trkpt lat="43.6403340" lon="-79.3789160">
    <ele>77.2</ele>
    <time>2021-01-22T18:52:56Z</time>
   </trkpt>
   <trkpt lat="43.6403210" lon="-79.3789510">
    <ele>77.2</ele>
    <time>2021-01-22T18:52:57Z</time>
   </trkpt>
   <trkpt lat="43.6403270" lon="-79.3790130">
    <ele>77.2</ele>
    <time>2021-01-22T18:52:58Z</time>
   </trkpt>
   <trkpt lat="43.6403100" lon="-79.3790630">
    <ele>77.2</ele>
    <time>2021-01-22T18:52:59Z</time>
   </trkpt>
   <trkpt lat="43.6403020" lon="-79.3790850">
    <ele>77.2</ele>
    <time>2021-01-22T18:53:00Z</time>
   </trkpt>
   <trkpt lat="43.6402820" lon="-79.3791330">
    <ele>77.2</ele>
    <time>2021-01-22T18:53:01Z</time>
   </trkpt>
   <trkpt lat="43.6402750" lon="-79.3791500">
    <ele>77.2</ele>
    <time>2021-01-22T18:53:02Z</time>
   </trkpt>
   <trkpt lat="43.6402550" lon="-79.3791840">
    <ele>77.2</ele>
    <time>2021-01-22T18:53:03Z</time>
   </trkpt>
   <trkpt lat="43.6402500" lon="-79.3791990">
    <ele>77.2</ele>
    <time>2021-01-22T18:53:04Z</time>
   </trkpt>
   <trkpt lat="43.6402290" lon="-79.3792360">
    <ele>77.2</ele>
    <time>2021-01-22T18:53:05Z</time>
   </trkpt>
   <trkpt lat="43.6402180" lon="-79.3792480">
    <ele>77.2</ele>
    <time>2021-01-22T18:53:06Z</time>
   </trkpt>
   <trkpt lat="43.6402010" lon="-79.3792790">
    <ele>77.2</ele>
    <time>2021-01-22T18:53:07Z</time>
   </trkpt>
   <trkpt lat="43.6401780" lon="-79.3793190">
    <ele>77.2</ele>
    <time>2021-01-22T18:53:08Z</time>
   </trkpt>
   <trkpt lat="43.6401700" lon="-79.3793340">
    <ele>77.2</ele>
    <time>2021-01-22T18:53:09Z</time>
   </trkpt>
   <trkpt lat="43.6401580" lon="-79.3793800">
    <ele>77.2</ele>
    <time>2021-01-22T18:53:10Z</time>
   </trkpt>
   <trkpt lat="43.6401490" lon="-79.3793910">
    <ele>77.2</ele>
    <time>2021-01-22T18:53:11Z</time>
   </trkpt>
   <trkpt lat="43.6401350" lon="-79.3794350">
    <ele>77.2</ele>
    <time>2021-01-22T18:53:12Z</time>
   </trkpt>
   <trkpt lat="43.6401300" lon="-79.3794480">
    <ele>77.2</ele>
    <time>2021-01-22T18:53:13Z</time>
   </trkpt>
   <trkpt lat="43.6401280" lon="-79.3794790">
    <ele>77.2</ele>
    <time>2021-01-22T18:53:14Z</time>
   </trkpt>
   <trkpt lat="43.6401280" lon="-79.3794900">
    <ele>77.2</ele>
    <time>2021-01-22T18:53:15Z</time>
   </trkpt>
   <trkpt lat="43.6401280" lon="-79.3795020">
    <ele>77.2</ele>
    <time>2021-01-22T18:53:16Z</time>
   </trkpt>
   <trkpt lat="43.6401190" lon="-79.3795350">
    <ele>77.2</ele>
    <time>2021-01-22T18:53:17Z</time>
   </trkpt>
   <trkpt lat="43.6401150" lon="-79.3795520">
    <ele>77.2</ele>
    <time>2021-01-22T18:53:18Z</time>
   </trkpt>
   <trkpt lat="43.6401020" lon="-79.3795920">
    <ele>77.2</ele>
    <time>2021-01-22T18:53:19Z</time>
   </trkpt>
   <trkpt lat="43.6400900" lon="-79.3796260">
    <ele>77.2</ele>
    <time>2021-01-22T18:53:20Z</time>
   </trkpt>
   <trkpt lat="43.6400750" lon="-79.3796610">
    <ele>77.2</ele>
    <time>2021-01-22T18:53:21Z</time>
   </trkpt>
   <trkpt lat="43.6400560" lon="-79.3797060">
    <ele>77.2</ele>
    <time>2021-01-22T18:53:22Z</time>
   </trkpt>
   <trkpt lat="43.6400460" lon="-79.3797190">
    <ele>77.2</ele>
    <time>2021-01-22T18:53:23Z</time>
   </trkpt>
   <trkpt lat="43.6400270" lon="-79.3797600">
    <ele>77.3</ele>
    <time>2021-01-22T18:53:24Z</time>
   </trkpt>
   <trkpt lat="43.6400180" lon="-79.3797760">
    <ele>77.3</ele>
    <time>2021-01-22T18:53:25Z</time>
   </trkpt>
   <trkpt lat="43.6399990" lon="-79.3798090">
    <ele>77.3</ele>
    <time>2021-01-22T18:53:26Z</time>
   </trkpt>
   <trkpt lat="43.6399790" lon="-79.3798660">
    <ele>77.3</ele>
    <time>2021-01-22T18:53:27Z</time>
   </trkpt>
   <trkpt lat="43.6399720" lon="-79.3798920">
    <ele>77.3</ele>
    <time>2021-01-22T18:53:28Z</time>
   </trkpt>
   <trkpt lat="43.6399640" lon="-79.3799300">
    <ele>77.3</ele>
    <time>2021-01-22T18:53:29Z</time>
   </trkpt>
   <trkpt lat="43.6399570" lon="-79.3799800">
    <ele>77.3</ele>
    <time>2021-01-22T18:53:30Z</time>
   </trkpt>
   <trkpt lat="43.6399590" lon="-79.3799980">
    <ele>77.3</ele>
    <time>2021-01-22T18:53:31Z</time>
   </trkpt>
   <trkpt lat="43.6399520" lon="-79.3800480">
    <ele>77.3</ele>
    <time>2021-01-22T18:53:32Z</time>
   </trkpt>
   <trkpt lat="43.6399490" lon="-79.3800620">
    <ele>77.3</ele>
    <time>2021-01-22T18:53:33Z</time>
   </trkpt>
   <trkpt lat="43.6399420" lon="-79.3800990">
    <ele>77.3</ele>
    <time>2021-01-22T18:53:34Z</time>
   </trkpt>
   <trkpt lat="43.6399330" lon="-79.3801390">
    <ele>77.3</ele>
    <time>2021-01-22T18:53:35Z</time>
   </trkpt>
   <trkpt lat="43.6399330" lon="-79.3801530">
    <ele>77.3</ele>
    <time>2021-01-22T18:53:36Z</time>
   </trkpt>
   <trkpt lat="43.6399310" lon="-79.3802010">
    <ele>77.2</ele>
    <time>2021-01-22T18:53:37Z</time>
   </trkpt>
   <trkpt lat="43.6399270" lon="-79.3802140">
    <ele>77.2</ele>
    <time>2021-01-22T18:53:38Z</time>
   </trkpt>
   <trkpt lat="43.6399200" lon="-79.3802600">
    <ele>77.2</ele>
    <time>2021-01-22T18:53:39Z</time>
   </trkpt>
   <trkpt lat="43.6399190" lon="-79.3802750">
    <ele>77.2</ele>
    <time>2021-01-22T18:53:40Z</time>
   </trkpt>
   <trkpt lat="43.6399120" lon="-79.3803260">
    <ele>77.2</ele>
    <time>2021-01-22T18:53:41Z</time>
   </trkpt>
   <trkpt lat="43.6399100" lon="-79.3803430">
    <ele>77.2</ele>
    <time>2021-01-22T18:53:42Z</time>
   </trkpt>
   <trkpt lat="43.6398990" lon="-79.3803850">
    <ele>77.2</ele>
    <time>2021-01-22T18:53:43Z</time>
   </trkpt>
   <trkpt lat="43.6398920" lon="-79.3804030">
    <ele>77.2</ele>
    <time>2021-01-22T18:53:44Z</time>
   </trkpt>
   <trkpt lat="43.6398880" lon="-79.3804490">
    <ele>77.2</ele>
    <time>2021-01-22T18:53:45Z</time>
   </trkpt>
   <trkpt lat="43.6398870" lon="-79.3804690">
    <ele>77.2</ele>
    <time>2021-01-22T18:53:46Z</time>
   </trkpt>
   <trkpt lat="43.6398800" lon="-79.3805230">
    <ele>77.2</ele>
    <time>2021-01-22T18:53:47Z</time>
   </trkpt>
   <trkpt lat="43.6398760" lon="-79.3805410">
    <ele>77.2</ele>
    <time>2021-01-22T18:53:48Z</time>
   </trkpt>
   <trkpt lat="43.6398710" lon="-79.3805800">
    <ele>77.2</ele>
    <time>2021-01-22T18:53:49Z</time>
   </trkpt>
   <trkpt lat="43.6398630" lon="-79.3806370">
    <ele>77.1</ele>
    <time>2021-01-22T18:53:50Z</time>
   </trkpt>
   <trkpt lat="43.6398600" lon="-79.3806570">
    <ele>77.1</ele>
    <time>2021-01-22T18:53:51Z</time>
   </trkpt>
   <trkpt lat="43.6398560" lon="-79.3807130">
    <ele>77.1</ele>
    <time>2021-01-22T18:53:52Z</time>
   </trkpt>
   <trkpt lat="43.6398530" lon="-79.3807320">
    <ele>77.1</ele>
    <time>2021-01-22T18:53:53Z</time>
   </trkpt>
   <trkpt lat="43.6398460" lon="-79.3807830">
    <ele>77.2</ele>
    <time>2021-01-22T18:53:54Z</time>
   </trkpt>
   <trkpt lat="43.6398430" lon="-79.3808010">
    <ele>77.2</ele>
    <time>2021-01-22T18:53:55Z</time>
   </trkpt>
   <trkpt lat="43.6398360" lon="-79.3808580">
    <ele>77.2</ele>
    <time>2021-01-22T18:53:56Z</time>
   </trkpt>
   <trkpt lat="43.6398340" lon="-79.3808820">
    <ele>77.2</ele>
    <time>2021-01-22T18:53:57Z</time>
   </trkpt>
   <trkpt lat="43.6398340" lon="-79.3809060">
    <ele>77.2</ele>
    <time>2021-01-22T18:53:58Z</time>
   </trkpt>
   <trkpt lat="43.6398320" lon="-79.3809300">
    <ele>77.2</ele>
    <time>2021-01-22T18:53:59Z</time>
   </trkpt>
   <trkpt lat="43.6398320" lon="-79.3809830">
    <ele>77.2</ele>
    <time>2021-01-22T18:54:00Z</time>
   </trkpt>
   <trkpt lat="43.6398310" lon="-79.3809980">
    <ele>77.2</ele>
    <time>2021-01-22T18:54:01Z</time>
   </trkpt>
   <trkpt lat="43.6398320" lon="-79.3810380">
    <ele>77.2</ele>
    <time>2021-01-22T18:54:02Z</time>
   </trkpt>
   <trkpt lat="43.6398310" lon="-79.3810510">
    <ele>77.2</ele>
    <time>2021-01-22T18:54:03Z</time>
   </trkpt>
   <trkpt lat="43.6398280" lon="-79.3810910">
    <ele>77.2</ele>
    <time>2021-01-22T18:54:04Z</time>
   </trkpt>
   <trkpt lat="43.6398260" lon="-79.3811400">
    <ele>77.2</ele>
    <time>2021-01-22T18:54:05Z</time>
   </trkpt>
   <trkpt lat="43.6398270" lon="-79.3811590">
    <ele>77.2</ele>
    <time>2021-01-22T18:54:06Z</time>
   </trkpt>
   <trkpt lat="43.6398210" lon="-79.3812050">
    <ele>77.2</ele>
    <time>2021-01-22T18:54:07Z</time>
   </trkpt>
   <trkpt lat="43.6398180" lon="-79.3812160">
    <ele>77.2</ele>
    <time>2021-01-22T18:54:08Z</time>
   </trkpt>
   <trkpt lat="43.6398150" lon="-79.3812580">
    <ele>77.2</ele>
    <time>2021-01-22T18:54:09Z</time>
   </trkpt>
   <trkpt lat="43.6398140" lon="-79.3812720">
    <ele>77.2</ele>
    <time>2021-01-22T18:54:10Z</time>
   </trkpt>
   <trkpt lat="43.6398130" lon="-79.3813000">
    <ele>77.2</ele>
    <time>2021-01-22T18:54:11Z</time>
   </trkpt>
   <trkpt lat="43.6398090" lon="-79.3813170">
    <ele>77.2</ele>
    <time>2021-01-22T18:54:12Z</time>
   </trkpt>
   <trkpt lat="43.6398040" lon="-79.3813380">
    <ele>77.2</ele>
    <time>2021-01-22T18:54:13Z</time>
   </trkpt>
   <trkpt lat="43.6398000" lon="-79.3813600">
    <ele>77.2</ele>
    <time>2021-01-22T18:54:14Z</time>
   </trkpt>
   <trkpt lat="43.6397920" lon="-79.3814080">
    <ele>77.2</ele>
    <time>2021-01-22T18:54:15Z</time>
   </trkpt>
   <trkpt lat="43.6397910" lon="-79.3814230">
    <ele>77.2</ele>
    <time>2021-01-22T18:54:16Z</time>
   </trkpt>
   <trkpt lat="43.6397880" lon="-79.3814490">
    <ele>77.2</ele>
    <time>2021-01-22T18:54:17Z</time>
   </trkpt>
   <trkpt lat="43.6397860" lon="-79.3814700">
    <ele>77.2</ele>
    <time>2021-01-22T18:54:18Z</time>
   </trkpt>
   <trkpt lat="43.6397810" lon="-79.3815080">
    <ele>77.2</ele>
    <time>2021-01-22T18:54:19Z</time>
   </trkpt>
   <trkpt lat="43.6397770" lon="-79.3815210">
    <ele>77.2</ele>
    <time>2021-01-22T18:54:20Z</time>
   </trkpt>
   <trkpt lat="43.6397660" lon="-79.3815580">
    <ele>77.2</ele>
    <time>2021-01-22T18:54:21Z</time>
   </trkpt>
   <trkpt lat="43.6397600" lon="-79.3815730">
    <ele>77.2</ele>
    <time>2021-01-22T18:54:22Z</time>
   </trkpt>
   <trkpt lat="43.6397510" lon="-79.3816090">
    <ele>77.2</ele>
    <time>2021-01-22T18:54:23Z</time>
   </trkpt>
   <trkpt lat="43.6397460" lon="-79.3816460">
    <ele>77.2</ele>
    <time>2021-01-22T18:54:24Z</time>
   </trkpt>
   <trkpt lat="43.6397430" lon="-79.3816870">
    <ele>77.2</ele>
    <time>2021-01-22T18:54:25Z</time>
   </trkpt>
   <trkpt lat="43.6397360" lon="-79.3817380">
    <ele>77.2</ele>
    <time>2021-01-22T18:54:26Z</time>
   </trkpt>
   <trkpt lat="43.6397330" lon="-79.3817530">
    <ele>77.2</ele>
    <time>2021-01-22T18:54:27Z</time>
   </trkpt>
   <trkpt lat="43.6397250" lon="-79.3817930">
    <ele>77.2</ele>
    <time>2021-01-22T18:54:28Z</time>
   </trkpt>
   <trkpt lat="43.6397180" lon="-79.3818310">
    <ele>77.2</ele>
    <time>2021-01-22T18:54:29Z</time>
   </trkpt>
   <trkpt lat="43.6397120" lon="-79.3818710">
    <ele>77.2</ele>
    <time>2021-01-22T18:54:30Z</time>
   </trkpt>
   <trkpt lat="43.6397060" lon="-79.3819090">
    <ele>77.2</ele>
    <time>2021-01-22T18:54:31Z</time>
   </trkpt>
   <trkpt lat="43.6396980" lon="-79.3819630">
    <ele>77.1</ele>
    <time>2021-01-22T18:54:32Z</time>
   </trkpt>
   <trkpt lat="43.6396920" lon="-79.3819830">
    <ele>77.1</ele>
    <time>2021-01-22T18:54:33Z</time>
   </trkpt>
   <trkpt lat="43.6396800" lon="-79.3820270">
    <ele>77.1</ele>
    <time>2021-01-22T18:54:34Z</time>
   </trkpt>
   <trkpt lat="43.6396770" lon="-79.3820430">
    <ele>77.1</ele>
    <time>2021-01-22T18:54:35Z</time>
   </trkpt>
   <trkpt lat="43.6396670" lon="-79.3820870">
    <ele>77.1</ele>
    <time>2021-01-22T18:54:36Z</time>
   </trkpt>
   <trkpt lat="43.6396630" lon="-79.3821010">
    <ele>77.1</ele>
    <time>2021-01-22T18:54:37Z</time>
   </trkpt>
   <trkpt lat="43.6396560" lon="-79.3821240">
    <ele>77.1</ele>
    <time>2021-01-22T18:54:38Z</time>
   </trkpt>
   <trkpt lat="43.6396460" lon="-79.3821440">
    <ele>77.1</ele>
    <time>2021-01-22T18:54:39Z</time>
   </trkpt>
   <trkpt lat="43.6396350" lon="-79.3821780">
    <ele>77.1</ele>
    <time>2021-01-22T18:54:40Z</time>
   </trkpt>
   <trkpt lat="43.6396310" lon="-79.3821910">
    <ele>77.1</ele>
    <time>2021-01-22T18:54:41Z</time>
   </trkpt>
   <trkpt lat="43.6396220" lon="-79.3822310">
    <ele>77.1</ele>
    <time>2021-01-22T18:54:42Z</time>
   </trkpt>
   <trkpt lat="43.6396180" lon="-79.3822450">
    <ele>77.1</ele>
    <time>2021-01-22T18:54:43Z</time>
   </trkpt>
   <trkpt lat="43.6396090" lon="-79.3822910">
    <ele>77.1</ele>
    <time>2021-01-22T18:54:44Z</time>
   </trkpt>
   <trkpt lat="43.6396090" lon="-79.3823080">
    <ele>77.1</ele>
    <time>2021-01-22T18:54:45Z</time>
   </trkpt>
   <trkpt lat="43.6396020" lon="-79.3823460">
    <ele>77.1</ele>
    <time>2021-01-22T18:54:46Z</time>
   </trkpt>
   <trkpt lat="43.6396000" lon="-79.3823580">
    <ele>77.1</ele>
    <time>2021-01-22T18:54:47Z</time>
   </trkpt>
   <trkpt lat="43.6395890" lon="-79.3824020">
    <ele>77.1</ele>
    <time>2021-01-22T18:54:48Z</time>
   </trkpt>
   <trkpt lat="43.6395850" lon="-79.3824170">
    <ele>77.1</ele>
    <time>2021-01-22T18:54:49Z</time>
   </trkpt>
   <trkpt lat="43.6395740" lon="-79.3824530">
    <ele>77.1</ele>
    <time>2021-01-22T18:54:50Z</time>
   </trkpt>
   <trkpt lat="43.6395650" lon="-79.3825050">
    <ele>77.1</ele>
    <time>2021-01-22T18:54:51Z</time>
   </trkpt>
   <trkpt lat="43.6395610" lon="-79.3825520">
    <ele>77.1</ele>
    <time>2021-01-22T18:54:52Z</time>
   </trkpt>
   <trkpt lat="43.6395590" lon="-79.3825670">
    <ele>77.1</ele>
    <time>2021-01-22T18:54:53Z</time>
   </trkpt>
   <trkpt lat="43.6395570" lon="-79.3826160">
    <ele>77.1</ele>
    <time>2021-01-22T18:54:54Z</time>
   </trkpt>
   <trkpt lat="43.6395560" lon="-79.3826310">
    <ele>77.1</ele>
    <time>2021-01-22T18:54:55Z</time>
   </trkpt>
   <trkpt lat="43.6395520" lon="-79.3826700">
    <ele>77.1</ele>
    <time>2021-01-22T18:54:56Z</time>
   </trkpt>
   <trkpt lat="43.6395510" lon="-79.3826820">
    <ele>77.1</ele>
    <time>2021-01-22T18:54:57Z</time>
   </trkpt>
   <trkpt lat="43.6395440" lon="-79.3827040">
    <ele>77.1</ele>
    <time>2021-01-22T18:54:58Z</time>
   </trkpt>
   <trkpt lat="43.6395410" lon="-79.3827170">
    <ele>77.1</ele>
    <time>2021-01-22T18:54:59Z</time>
   </trkpt>
   <trkpt lat="43.6395350" lon="-79.3827460">
    <ele>77.1</ele>
    <time>2021-01-22T18:55:00Z</time>
   </trkpt>
   <trkpt lat="43.6395330" lon="-79.3827610">
    <ele>77.1</ele>
    <time>2021-01-22T18:55:01Z</time>
   </trkpt>
   <trkpt lat="43.6395320" lon="-79.3827750">
    <ele>77.1</ele>
    <time>2021-01-22T18:55:02Z</time>
   </trkpt>
   <trkpt lat="43.6395270" lon="-79.3827910">
    <ele>77.1</ele>
    <time>2021-01-22T18:55:03Z</time>
   </trkpt>
   <trkpt lat="43.6395180" lon="-79.3828140">
    <ele>77.1</ele>
    <time>2021-01-22T18:55:04Z</time>
   </trkpt>
   <trkpt lat="43.6395070" lon="-79.3828550">
    <ele>77.1</ele>
    <time>2021-01-22T18:55:05Z</time>
   </trkpt>
   <trkpt lat="43.6395050" lon="-79.3828660">
    <ele>77.1</ele>
    <time>2021-01-22T18:55:06Z</time>
   </trkpt>
   <trkpt lat="43.6394960" lon="-79.3829090">
    <ele>77.1</ele>
    <time>2021-01-22T18:55:07Z</time>
   </trkpt>
   <trkpt lat="43.6394920" lon="-79.3829240">
    <ele>77.1</ele>
    <time>2021-01-22T18:55:08Z</time>
   </trkpt>
   <trkpt lat="43.6394820" lon="-79.3829670">
    <ele>77.1</ele>
    <time>2021-01-22T18:55:09Z</time>
   </trkpt>
   <trkpt lat="43.6394780" lon="-79.3829840">
    <ele>77.1</ele>
    <time>2021-01-22T18:55:10Z</time>
   </trkpt>
   <trkpt lat="43.6394600" lon="-79.3830340">
    <ele>77.1</ele>
    <time>2021-01-22T18:55:11Z</time>
   </trkpt>
   <trkpt lat="43.6394520" lon="-79.3830530">
    <ele>77.1</ele>
    <time>2021-01-22T18:55:12Z</time>
   </trkpt>
   <trkpt lat="43.6394410" lon="-79.3830950">
    <ele>77.0</ele>
    <time>2021-01-22T18:55:13Z</time>
   </trkpt>
   <trkpt lat="43.6394380" lon="-79.3831040">
    <ele>77.0</ele>
    <time>2021-01-22T18:55:14Z</time>
   </trkpt>
   <trkpt lat="43.6394330" lon="-79.3831530">
    <ele>77.0</ele>
    <time>2021-01-22T18:55:15Z</time>
   </trkpt>
   <trkpt lat="43.6394220" lon="-79.3831910">
    <ele>77.0</ele>
    <time>2021-01-22T18:55:16Z</time>
   </trkpt>
   <trkpt lat="43.6394240" lon="-79.3832290">
    <ele>77.0</ele>
    <time>2021-01-22T18:55:17Z</time>
   </trkpt>
   <trkpt lat="43.6394250" lon="-79.3832470">
    <ele>77.0</ele>
    <time>2021-01-22T18:55:18Z</time>
   </trkpt>
   <trkpt lat="43.6394270" lon="-79.3832950">
    <ele>77.0</ele>
    <time>2021-01-22T18:55:19Z</time>
   </trkpt>
   <trkpt lat="43.6394260" lon="-79.3833130">
    <ele>77.0</ele>
    <time>2021-01-22T18:55:20Z</time>
   </trkpt>
   <trkpt lat="43.6394200" lon="-79.3833510">
    <ele>77.0</ele>
    <time>2021-01-22T18:55:21Z</time>
   </trkpt>
   <trkpt lat="43.6394110" lon="-79.3833900">
    <ele>77.0</ele>
    <time>2021-01-22T18:55:22Z</time>
   </trkpt>
   <trkpt lat="43.6394000" lon="-79.3834290">
    <ele>77.0</ele>
    <time>2021-01-22T18:55:23Z</time>
   </trkpt>
   <trkpt lat="43.6393890" lon="-79.3834880">
    <ele>77.0</ele>
    <time>2021-01-22T18:55:24Z</time>
   </trkpt>
   <trkpt lat="43.6393790" lon="-79.3835350">
    <ele>76.9</ele>
    <time>2021-01-22T18:55:25Z</time>
   </trkpt>
   <trkpt lat="43.6393650" lon="-79.3835790">
    <ele>76.9</ele>
    <time>2021-01-22T18:55:26Z</time>
   </trkpt>
   <trkpt lat="43.6393580" lon="-79.3836220">
    <ele>76.9</ele>
    <time>2021-01-22T18:55:27Z</time>
   </trkpt>
   <trkpt lat="43.6393550" lon="-79.3836320">
    <ele>76.9</ele>
    <time>2021-01-22T18:55:28Z</time>
   </trkpt>
   <trkpt lat="43.6393460" lon="-79.3836700">
    <ele>76.9</ele>
    <time>2021-01-22T18:55:29Z</time>
   </trkpt>
   <trkpt lat="43.6393420" lon="-79.3836820">
    <ele>76.9</ele>
    <time>2021-01-22T18:55:30Z</time>
   </trkpt>
   <trkpt lat="43.6393360" lon="-79.3837310">
    <ele>76.8</ele>
    <time>2021-01-22T18:55:31Z</time>
   </trkpt>
   <trkpt lat="43.6393350" lon="-79.3837520">
    <ele>76.8</ele>
    <time>2021-01-22T18:55:32Z</time>
   </trkpt>
   <trkpt lat="43.6393350" lon="-79.3837960">
    <ele>76.8</ele>
    <time>2021-01-22T18:55:33Z</time>
   </trkpt>
   <trkpt lat="43.6393340" lon="-79.3838070">
    <ele>76.8</ele>
    <time>2021-01-22T18:55:34Z</time>
   </trkpt>
   <trkpt lat="43.6393230" lon="-79.3838550">
    <ele>76.8</ele>
    <time>2021-01-22T18:55:35Z</time>
   </trkpt>
   <trkpt lat="43.6393240" lon="-79.3839000">
    <ele>76.8</ele>
    <time>2021-01-22T18:55:36Z</time>
   </trkpt>
   <trkpt lat="43.6393250" lon="-79.3839180">
    <ele>76.8</ele>
    <time>2021-01-22T18:55:37Z</time>
   </trkpt>
   <trkpt lat="43.6393300" lon="-79.3839590">
    <ele>76.7</ele>
    <time>2021-01-22T18:55:38Z</time>
   </trkpt>
   <trkpt lat="43.6393250" lon="-79.3839980">
    <ele>76.7</ele>
    <time>2021-01-22T18:55:39Z</time>
   </trkpt>
   <trkpt lat="43.6393160" lon="-79.3840370">
    <ele>76.7</ele>
    <time>2021-01-22T18:55:40Z</time>
   </trkpt>
   <trkpt lat="43.6393160" lon="-79.3840790">
    <ele>76.7</ele>
    <time>2021-01-22T18:55:41Z</time>
   </trkpt>
   <trkpt lat="43.6392960" lon="-79.3841140">
    <ele>76.7</ele>
    <time>2021-01-22T18:55:42Z</time>
   </trkpt>
   <trkpt lat="43.6392810" lon="-79.3841600">
    <ele>76.7</ele>
    <time>2021-01-22T18:55:43Z</time>
   </trkpt>
   <trkpt lat="43.6392770" lon="-79.3841720">
    <ele>76.7</ele>
    <time>2021-01-22T18:55:44Z</time>
   </trkpt>
   <trkpt lat="43.6392730" lon="-79.3841900">
    <ele>76.7</ele>
    <time>2021-01-22T18:55:45Z</time>
   </trkpt>
   <trkpt lat="43.6392680" lon="-79.3842200">
    <ele>76.7</ele>
    <time>2021-01-22T18:55:46Z</time>
   </trkpt>
   <trkpt lat="43.6392560" lon="-79.3842590">
    <ele>76.7</ele>
    <time>2021-01-22T18:55:47Z</time>
   </trkpt>
   <trkpt lat="43.6392520" lon="-79.3842760">
    <ele>76.7</ele>
    <time>2021-01-22T18:55:48Z</time>
   </trkpt>
   <trkpt lat="43.6392430" lon="-79.3843120">
    <ele>76.8</ele>
    <time>2021-01-22T18:55:49Z</time>
   </trkpt>
   <trkpt lat="43.6392360" lon="-79.3843610">
    <ele>76.8</ele>
    <time>2021-01-22T18:55:50Z</time>
   </trkpt>
   <trkpt lat="43.6392330" lon="-79.3843780">
    <ele>76.8</ele>
    <time>2021-01-22T18:55:51Z</time>
   </trkpt>
   <trkpt lat="43.6392250" lon="-79.3844340">
    <ele>76.8</ele>
    <time>2021-01-22T18:55:52Z</time>
   </trkpt>
   <trkpt lat="43.6392160" lon="-79.3844580">
    <ele>76.8</ele>
    <time>2021-01-22T18:55:53Z</time>
   </trkpt>
   <trkpt lat="43.6392070" lon="-79.3844930">
    <ele>76.8</ele>
    <time>2021-01-22T18:55:54Z</time>
   </trkpt>
   <trkpt lat="43.6392000" lon="-79.3845340">
    <ele>76.8</ele>
    <time>2021-01-22T18:55:55Z</time>
   </trkpt>
   <trkpt lat="43.6391860" lon="-79.3845760">
    <ele>76.7</ele>
    <time>2021-01-22T18:55:56Z</time>
   </trkpt>
   <trkpt lat="43.6391840" lon="-79.3845900">
    <ele>76.7</ele>
    <time>2021-01-22T18:55:57Z</time>
   </trkpt>
   <trkpt lat="43.6391670" lon="-79.3846370">
    <ele>76.7</ele>
    <time>2021-01-22T18:55:58Z</time>
   </trkpt>
   <trkpt lat="43.6391560" lon="-79.3846570">
    <ele>76.7</ele>
    <time>2021-01-22T18:55:59Z</time>
   </trkpt>
   <trkpt lat="43.6391480" lon="-79.3846950">
    <ele>76.7</ele>
    <time>2021-01-22T18:56:00Z</time>
   </trkpt>
   <trkpt lat="43.6391410" lon="-79.3847390">
    <ele>76.7</ele>
    <time>2021-01-22T18:56:01Z</time>
   </trkpt>
   <trkpt lat="43.6391350" lon="-79.3847830">
    <ele>76.7</ele>
    <time>2021-01-22T18:56:02Z</time>
   </trkpt>
   <trkpt lat="43.6391310" lon="-79.3847930">
    <ele>76.7</ele>
    <time>2021-01-22T18:56:03Z</time>
   </trkpt>
   <trkpt lat="43.6391190" lon="-79.3848400">
    <ele>76.7</ele>
    <time>2021-01-22T18:56:04Z</time>
   </trkpt>
   <trkpt lat="43.6391160" lon="-79.3848580">
    <ele>76.7</ele>
    <time>2021-01-22T18:56:05Z</time>
   </trkpt>
   <trkpt lat="43.6391080" lon="-79.3848940">
    <ele>76.8</ele>
    <time>2021-01-22T18:56:06Z</time>
   </trkpt>
   <trkpt lat="43.6390920" lon="-79.3849480">
    <ele>76.8</ele>
    <time>2021-01-22T18:56:07Z</time>
   </trkpt>
   <trkpt lat="43.6390760" lon="-79.3849900">
    <ele>76.8</ele>
    <time>2021-01-22T18:56:08Z</time>
   </trkpt>
   <trkpt lat="43.6390740" lon="-79.3850000">
    <ele>76.8</ele>
    <time>2021-01-22T18:56:09Z</time>
   </trkpt>
   <trkpt lat="43.6390720" lon="-79.3850490">
    <ele>76.8</ele>
    <time>2021-01-22T18:56:10Z</time>
   </trkpt>
   <trkpt lat="43.6390710" lon="-79.3850630">
    <ele>76.8</ele>
    <time>2021-01-22T18:56:11Z</time>
   </trkpt>
   <trkpt lat="43.6390640" lon="-79.3850910">
    <ele>76.9</ele>
    <time>2021-01-22T18:56:12Z</time>
   </trkpt>
   <trkpt lat="43.6390620" lon="-79.3851070">
    <ele>76.9</ele>
    <time>2021-01-22T18:56:13Z</time>
   </trkpt>
   <trkpt lat="43.6390590" lon="-79.3851230">
    <ele>76.9</ele>
    <time>2021-01-22T18:56:14Z</time>
   </trkpt>
   <trkpt lat="43.6390630" lon="-79.3851630">
    <ele>76.9</ele>
    <time>2021-01-22T18:56:15Z</time>
   </trkpt>
   <trkpt lat="43.6390670" lon="-79.3851830">
    <ele>76.9</ele>
    <time>2021-01-22T18:56:16Z</time>
   </trkpt>
   <trkpt lat="43.6390660" lon="-79.3852260">
    <ele>76.9</ele>
    <time>2021-01-22T18:56:17Z</time>
   </trkpt>
   <trkpt lat="43.6390640" lon="-79.3852430">
    <ele>76.9</ele>
    <time>2021-01-22T18:56:18Z</time>
   </trkpt>
   <trkpt lat="43.6390580" lon="-79.3852660">
    <ele>77.0</ele>
    <time>2021-01-22T18:56:19Z</time>
   </trkpt>
   <trkpt lat="43.6390670" lon="-79.3852920">
    <ele>77.0</ele>
    <time>2021-01-22T18:56:20Z</time>
   </trkpt>
   <trkpt lat="43.6390730" lon="-79.3853350">
    <ele>77.0</ele>
    <time>2021-01-22T18:56:21Z</time>
   </trkpt>
   <trkpt lat="43.6390730" lon="-79.3853490">
    <ele>77.0</ele>
    <time>2021-01-22T18:56:22Z</time>
   </trkpt>
   <trkpt lat="43.6390760" lon="-79.3853960">
    <ele>77.1</ele>
    <time>2021-01-22T18:56:23Z</time>
   </trkpt>
   <trkpt lat="43.6390780" lon="-79.3854120">
    <ele>77.1</ele>
    <time>2021-01-22T18:56:24Z</time>
   </trkpt>
   <trkpt lat="43.6390780" lon="-79.3854570">
    <ele>77.1</ele>
    <time>2021-01-22T18:56:25Z</time>
   </trkpt>
   <trkpt lat="43.6390750" lon="-79.3854750">
    <ele>77.1</ele>
    <time>2021-01-22T18:56:26Z</time>
   </trkpt>
   <trkpt lat="43.6390720" lon="-79.3855210">
    <ele>77.1</ele>
    <time>2021-01-22T18:56:27Z</time>
   </trkpt>
   <trkpt lat="43.6390700" lon="-79.3855380">
    <ele>77.1</ele>
    <time>2021-01-22T18:56:28Z</time>
   </trkpt>
   <trkpt lat="43.6390590" lon="-79.3855900">
    <ele>77.1</ele>
    <time>2021-01-22T18:56:29Z</time>
   </trkpt>
   <trkpt lat="43.6390540" lon="-79.3856080">
    <ele>77.1</ele>
    <time>2021-01-22T18:56:30Z</time>
   </trkpt>
   <trkpt lat="43.6390470" lon="-79.3856450">
    <ele>77.1</ele>
    <time>2021-01-22T18:56:31Z</time>
   </trkpt>
   <trkpt lat="43.6390480" lon="-79.3856850">
    <ele>77.1</ele>
    <time>2021-01-22T18:56:32Z</time>
   </trkpt>
   <trkpt lat="43.6390400" lon="-79.3857220">
    <ele>77.1</ele>
    <time>2021-01-22T18:56:33Z</time>
   </trkpt>
   <trkpt lat="43.6390290" lon="-79.3857650">
    <ele>77.1</ele>
    <time>2021-01-22T18:56:34Z</time>
   </trkpt>
   <trkpt lat="43.6390230" lon="-79.3857810">
    <ele>77.2</ele>
    <time>2021-01-22T18:56:35Z</time>
   </trkpt>
   <trkpt lat="43.6390090" lon="-79.3858300">
    <ele>77.2</ele>
    <time>2021-01-22T18:56:36Z</time>
   </trkpt>
   <trkpt lat="43.6390010" lon="-79.3858450">
    <ele>77.2</ele>
    <time>2021-01-22T18:56:37Z</time>
   </trkpt>
   <trkpt lat="43.6389900" lon="-79.3858840">
    <ele>77.2</ele>
    <time>2021-01-22T18:56:38Z</time>
   </trkpt>
   <trkpt lat="43.6389800" lon="-79.3859310">
    <ele>77.2</ele>
    <time>2021-01-22T18:56:39Z</time>
   </trkpt>
   <trkpt lat="43.6389740" lon="-79.3859700">
    <ele>77.2</ele>
    <time>2021-01-22T18:56:40Z</time>
   </trkpt>
   <trkpt lat="43.6389710" lon="-79.3860160">
    <ele>77.2</ele>
    <time>2021-01-22T18:56:41Z</time>
   </trkpt>
   <trkpt lat="43.6389720" lon="-79.3860310">
    <ele>77.2</ele>
    <time>2021-01-22T18:56:42Z</time>
   </trkpt>
   <trkpt lat="43.6389830" lon="-79.3860680">
    <ele>77.2</ele>
    <time>2021-01-22T18:56:43Z</time>
   </trkpt>
   <trkpt lat="43.6389870" lon="-79.3860840">
    <ele>77.2</ele>
    <time>2021-01-22T18:56:44Z</time>
   </trkpt>
   <trkpt lat="43.6389810" lon="-79.3861250">
    <ele>77.2</ele>
    <time>2021-01-22T18:56:45Z</time>
   </trkpt>
   <trkpt lat="43.6389780" lon="-79.3861350">
    <ele>77.2</ele>
    <time>2021-01-22T18:56:46Z</time>
   </trkpt>
   <trkpt lat="43.6389580" lon="-79.3861840">
    <ele>77.2</ele>
    <time>2021-01-22T18:56:47Z</time>
   </trkpt>
   <trkpt lat="43.6389450" lon="-79.3861970">
    <ele>77.2</ele>
    <time>2021-01-22T18:56:48Z</time>
   </trkpt>
   <trkpt lat="43.6389190" lon="-79.3862320">
    <ele>77.2</ele>
    <time>2021-01-22T18:56:49Z</time>
   </trkpt>
   <trkpt lat="43.6389050" lon="-79.3862760">
    <ele>77.2</ele>
    <time>2021-01-22T18:56:50Z</time>
   </trkpt>
   <trkpt lat="43.6388970" lon="-79.3862930">
    <ele>77.3</ele>
    <time>2021-01-22T18:56:51Z</time>
   </trkpt>
   <trkpt lat="43.6388860" lon="-79.3863290">
    <ele>77.3</ele>
    <time>2021-01-22T18:56:52Z</time>
   </trkpt>
   <trkpt lat="43.6388740" lon="-79.3863730">
    <ele>77.3</ele>
    <time>2021-01-22T18:56:53Z</time>
   </trkpt>
   <trkpt lat="43.6388670" lon="-79.3863890">
    <ele>77.3</ele>
    <time>2021-01-22T18:56:54Z</time>
   </trkpt>
   <trkpt lat="43.6388570" lon="-79.3864370">
    <ele>77.3</ele>
    <time>2021-01-22T18:56:55Z</time>
   </trkpt>
   <trkpt lat="43.6388540" lon="-79.3864520">
    <ele>77.3</ele>
    <time>2021-01-22T18:56:56Z</time>
   </trkpt>
   <trkpt lat="43.6388420" lon="-79.3864930">
    <ele>77.3</ele>
    <time>2021-01-22T18:56:57Z</time>
   </trkpt>
   <trkpt lat="43.6388380" lon="-79.3865110">
    <ele>77.3</ele>
    <time>2021-01-22T18:56:58Z</time>
   </trkpt>
   <trkpt lat="43.6388470" lon="-79.3865650">
    <ele>77.3</ele>
    <time>2021-01-22T18:56:59Z</time>
   </trkpt>
   <trkpt lat="43.6388390" lon="-79.3866220">
    <ele>77.3</ele>
    <time>2021-01-22T18:57:00Z</time>
   </trkpt>
   <trkpt lat="43.6388310" lon="-79.3866420">
    <ele>77.3</ele>
    <time>2021-01-22T18:57:01Z</time>
   </trkpt>
   <trkpt lat="43.6388190" lon="-79.3866720">
    <ele>77.3</ele>
    <time>2021-01-22T18:57:02Z</time>
   </trkpt>
   <trkpt lat="43.6388150" lon="-79.3866830">
    <ele>77.3</ele>
    <time>2021-01-22T18:57:03Z</time>
   </trkpt>
   <trkpt lat="43.6387980" lon="-79.3867350">
    <ele>77.3</ele>
    <time>2021-01-22T18:57:04Z</time>
   </trkpt>
   <trkpt lat="43.6387920" lon="-79.3867580">
    <ele>77.3</ele>
    <time>2021-01-22T18:57:05Z</time>
   </trkpt>
   <trkpt lat="43.6387750" lon="-79.3868000">
    <ele>77.3</ele>
    <time>2021-01-22T18:57:06Z</time>
   </trkpt>
   <trkpt lat="43.6387680" lon="-79.3868170">
    <ele>77.3</ele>
    <time>2021-01-22T18:57:07Z</time>
   </trkpt>
   <trkpt lat="43.6387610" lon="-79.3868590">
    <ele>77.3</ele>
    <time>2021-01-22T18:57:08Z</time>
   </trkpt>
   <trkpt lat="43.6387570" lon="-79.3868750">
    <ele>77.3</ele>
    <time>2021-01-22T18:57:09Z</time>
   </trkpt>
   <trkpt lat="43.6387480" lon="-79.3869160">
    <ele>77.3</ele>
    <time>2021-01-22T18:57:10Z</time>
   </trkpt>
   <trkpt lat="43.6387450" lon="-79.3869330">
    <ele>77.2</ele>
    <time>2021-01-22T18:57:11Z</time>
   </trkpt>
   <trkpt lat="43.6387260" lon="-79.3869630">
    <ele>77.2</ele>
    <time>2021-01-22T18:57:12Z</time>
   </trkpt>
   <trkpt lat="43.6387180" lon="-79.3870170">
    <ele>77.2</ele>
    <time>2021-01-22T18:57:13Z</time>
   </trkpt>
   <trkpt lat="43.6387160" lon="-79.3870400">
    <ele>77.2</ele>
    <time>2021-01-22T18:57:14Z</time>
   </trkpt>
   <trkpt lat="43.6387100" lon="-79.3870830">
    <ele>77.2</ele>
    <time>2021-01-22T18:57:15Z</time>
   </trkpt>
   <trkpt lat="43.6387020" lon="-79.3871200">
    <ele>77.2</ele>
    <time>2021-01-22T18:57:16Z</time>
   </trkpt>
   <trkpt lat="43.6386950" lon="-79.3871510">
    <ele>77.2</ele>
    <time>2021-01-22T18:57:17Z</time>
   </trkpt>
   <trkpt lat="43.6386880" lon="-79.3871690">
    <ele>77.2</ele>
    <time>2021-01-22T18:57:18Z</time>
   </trkpt>
   <trkpt lat="43.6386810" lon="-79.3871860">
    <ele>77.2</ele>
    <time>2021-01-22T18:57:19Z</time>
   </trkpt>
   <trkpt lat="43.6386750" lon="-79.3872040">
    <ele>77.2</ele>
    <time>2021-01-22T18:57:20Z</time>
   </trkpt>
   <trkpt lat="43.6386660" lon="-79.3872260">
    <ele>77.1</ele>
    <time>2021-01-22T18:57:21Z</time>
   </trkpt>
   <trkpt lat="43.6386560" lon="-79.3872740">
    <ele>77.1</ele>
    <time>2021-01-22T18:57:22Z</time>
   </trkpt>
   <trkpt lat="43.6386500" lon="-79.3872900">
    <ele>77.1</ele>
    <time>2021-01-22T18:57:23Z</time>
   </trkpt>
   <trkpt lat="43.6386390" lon="-79.3873250">
    <ele>77.1</ele>
    <time>2021-01-22T18:57:24Z</time>
   </trkpt>
   <trkpt lat="43.6386220" lon="-79.3873630">
    <ele>77.1</ele>
    <time>2021-01-22T18:57:25Z</time>
   </trkpt>
   <trkpt lat="43.6386140" lon="-79.3873850">
    <ele>77.1</ele>
    <time>2021-01-22T18:57:26Z</time>
   </trkpt>
   <trkpt lat="43.6386080" lon="-79.3874280">
    <ele>77.0</ele>
    <time>2021-01-22T18:57:27Z</time>
   </trkpt>
   <trkpt lat="43.6386040" lon="-79.3874470">
    <ele>77.0</ele>
    <time>2021-01-22T18:57:28Z</time>
   </trkpt>
   <trkpt lat="43.6385970" lon="-79.3874860">
    <ele>77.0</ele>
    <time>2021-01-22T18:57:29Z</time>
   </trkpt>
   <trkpt lat="43.6385930" lon="-79.3875240">
    <ele>77.0</ele>
    <time>2021-01-22T18:57:30Z</time>
   </trkpt>
   <trkpt lat="43.6385850" lon="-79.3875750">
    <ele>77.0</ele>
    <time>2021-01-22T18:57:31Z</time>
   </trkpt>
   <trkpt lat="43.6385820" lon="-79.3875910">
    <ele>77.0</ele>
    <time>2021-01-22T18:57:32Z</time>
   </trkpt>
   <trkpt lat="43.6385730" lon="-79.3876400">
    <ele>77.0</ele>
    <time>2021-01-22T18:57:33Z</time>
   </trkpt>
   <trkpt lat="43.6385690" lon="-79.3876580">
    <ele>77.0</ele>
    <time>2021-01-22T18:57:34Z</time>
   </trkpt>
   <trkpt lat="43.6385560" lon="-79.3876990">
    <ele>77.0</ele>
    <time>2021-01-22T18:57:35Z</time>
   </trkpt>
   <trkpt lat="43.6385420" lon="-79.3877440">
    <ele>77.0</ele>
    <time>2021-01-22T18:57:36Z</time>
   </trkpt>
   <trkpt lat="43.6385350" lon="-79.3877840">
    <ele>77.0</ele>
    <time>2021-01-22T18:57:37Z</time>
   </trkpt>
   <trkpt lat="43.6385240" lon="-79.3878360">
    <ele>77.0</ele>
    <time>2021-01-22T18:57:38Z</time>
   </trkpt>
   <trkpt lat="43.6385210" lon="-79.3878560">
    <ele>77.1</ele>
    <time>2021-01-22T18:57:39Z</time>
   </trkpt>
   <trkpt lat="43.6385190" lon="-79.3878980">
    <ele>77.1</ele>
    <time>2021-01-22T18:57:40Z</time>
   </trkpt>
   <trkpt lat="43.6385080" lon="-79.3879460">
    <ele>77.1</ele>
    <time>2021-01-22T18:57:41Z</time>
   </trkpt>
   <trkpt lat="43.6384970" lon="-79.3879850">
    <ele>77.1</ele>
    <time>2021-01-22T18:57:42Z</time>
   </trkpt>
   <trkpt lat="43.6384800" lon="-79.3880460">
    <ele>77.2</ele>
    <time>2021-01-22T18:57:43Z</time>
   </trkpt>
   <trkpt lat="43.6384710" lon="-79.3880710">
    <ele>77.2</ele>
    <time>2021-01-22T18:57:44Z</time>
   </trkpt>
   <trkpt lat="43.6384600" lon="-79.3881130">
    <ele>77.2</ele>
    <time>2021-01-22T18:57:45Z</time>
   </trkpt>
   <trkpt lat="43.6384450" lon="-79.3881490">
    <ele>77.3</ele>
    <time>2021-01-22T18:57:46Z</time>
   </trkpt>
   <trkpt lat="43.6384300" lon="-79.3881840">
    <ele>77.3</ele>
    <time>2021-01-22T18:57:47Z</time>
   </trkpt>
   <trkpt lat="43.6384210" lon="-79.3882330">
    <ele>77.3</ele>
    <time>2021-01-22T18:57:48Z</time>
   </trkpt>
   <trkpt lat="43.6384190" lon="-79.3882490">
    <ele>77.3</ele>
    <time>2021-01-22T18:57:49Z</time>
   </trkpt>
   <trkpt lat="43.6384130" lon="-79.3882990">
    <ele>77.4</ele>
    <time>2021-01-22T18:57:50Z</time>
   </trkpt>
   <trkpt lat="43.6384130" lon="-79.3883130">
    <ele>77.4</ele>
    <time>2021-01-22T18:57:51Z</time>
   </trkpt>
   <trkpt lat="43.6383950" lon="-79.3883510">
    <ele>77.4</ele>
    <time>2021-01-22T18:57:52Z</time>
   </trkpt>
   <trkpt lat="43.6383890" lon="-79.3883630">
    <ele>77.4</ele>
    <time>2021-01-22T18:57:53Z</time>
   </trkpt>
   <trkpt lat="43.6383730" lon="-79.3884030">
    <ele>77.4</ele>
    <time>2021-01-22T18:57:54Z</time>
   </trkpt>
   <trkpt lat="43.6383620" lon="-79.3884450">
    <ele>77.4</ele>
    <time>2021-01-22T18:57:55Z</time>
   </trkpt>
   <trkpt lat="43.6383580" lon="-79.3884610">
    <ele>77.5</ele>
    <time>2021-01-22T18:57:56Z</time>
   </trkpt>
   <trkpt lat="43.6383520" lon="-79.3885120">
    <ele>77.5</ele>
    <time>2021-01-22T18:57:57Z</time>
   </trkpt>
   <trkpt lat="43.6383490" lon="-79.3885290">
    <ele>77.5</ele>
    <time>2021-01-22T18:57:58Z</time>
   </trkpt>
   <trkpt lat="43.6383360" lon="-79.3885820">
    <ele>77.5</ele>
    <time>2021-01-22T18:57:59Z</time>
   </trkpt>
   <trkpt lat="43.6383320" lon="-79.3886050">
    <ele>77.5</ele>
    <time>2021-01-22T18:58:00Z</time>
   </trkpt>
   <trkpt lat="43.6383220" lon="-79.3886480">
    <ele>77.6</ele>
    <time>2021-01-22T18:58:01Z</time>
   </trkpt>
   <trkpt lat="43.6383160" lon="-79.3886680">
    <ele>77.6</ele>
    <time>2021-01-22T18:58:02Z</time>
   </trkpt>
   <trkpt lat="43.6383040" lon="-79.3887120">
    <ele>77.6</ele>
    <time>2021-01-22T18:58:03Z</time>
   </trkpt>
   <trkpt lat="43.6382980" lon="-79.3887250">
    <ele>77.6</ele>
    <time>2021-01-22T18:58:04Z</time>
   </trkpt>
   <trkpt lat="43.6382880" lon="-79.3887610">
    <ele>77.6</ele>
    <time>2021-01-22T18:58:05Z</time>
   </trkpt>
   <trkpt lat="43.6382820" lon="-79.3887790">
    <ele>77.6</ele>
    <time>2021-01-22T18:58:06Z</time>
   </trkpt>
   <trkpt lat="43.6382900" lon="-79.3888220">
    <ele>77.6</ele>
    <time>2021-01-22T18:58:07Z</time>
   </trkpt>
   <trkpt lat="43.6382930" lon="-79.3888370">
    <ele>77.6</ele>
    <time>2021-01-22T18:58:08Z</time>
   </trkpt>
   <trkpt lat="43.6382940" lon="-79.3888800">
    <ele>77.6</ele>
    <time>2021-01-22T18:58:09Z</time>
   </trkpt>
   <trkpt lat="43.6382890" lon="-79.3889260">
    <ele>77.6</ele>
    <time>2021-01-22T18:58:10Z</time>
   </trkpt>
   <trkpt lat="43.6382860" lon="-79.3889640">
    <ele>77.6</ele>
    <time>2021-01-22T18:58:11Z</time>
   </trkpt>
   <trkpt lat="43.6382900" lon="-79.3890190">
    <ele>77.7</ele>
    <time>2021-01-22T18:58:12Z</time>
   </trkpt>
   <trkpt lat="43.6382870" lon="-79.3890420">
    <ele>77.7</ele>
    <time>2021-01-22T18:58:13Z</time>
   </trkpt>
   <trkpt lat="43.6382850" lon="-79.3890820">
    <ele>77.7</ele>
    <time>2021-01-22T18:58:14Z</time>
   </trkpt>
   <trkpt lat="43.6382680" lon="-79.3891290">
    <ele>77.7</ele>
    <time>2021-01-22T18:58:15Z</time>
   </trkpt>
   <trkpt lat="43.6382550" lon="-79.3891760">
    <ele>77.7</ele>
    <time>2021-01-22T18:58:16Z</time>
   </trkpt>
   <trkpt lat="43.6382360" lon="-79.3892220">
    <ele>77.8</ele>
    <time>2021-01-22T18:58:17Z</time>
   </trkpt>
   <trkpt lat="43.6382200" lon="-79.3892590">
    <ele>77.8</ele>
    <time>2021-01-22T18:58:18Z</time>
   </trkpt>
   <trkpt lat="43.6382010" lon="-79.3892960">
    <ele>77.8</ele>
    <time>2021-01-22T18:58:19Z</time>
   </trkpt>
   <trkpt lat="43.6381980" lon="-79.3893080">
    <ele>77.8</ele>
    <time>2021-01-22T18:58:20Z</time>
   </trkpt>
   <trkpt lat="43.6381960" lon="-79.3893600">
    <ele>77.8</ele>
    <time>2021-01-22T18:58:21Z</time>
   </trkpt>
   <trkpt lat="43.6381950" lon="-79.3893800">
    <ele>77.8</ele>
    <time>2021-01-22T18:58:22Z</time>
   </trkpt>
   <trkpt lat="43.6382010" lon="-79.3894240">
    <ele>77.8</ele>
    <time>2021-01-22T18:58:23Z</time>
   </trkpt>
   <trkpt lat="43.6381990" lon="-79.3894420">
    <ele>77.9</ele>
    <time>2021-01-22T18:58:24Z</time>
   </trkpt>
   <trkpt lat="43.6382020" lon="-79.3894820">
    <ele>77.9</ele>
    <time>2021-01-22T18:58:25Z</time>
   </trkpt>
   <trkpt lat="43.6382010" lon="-79.3894930">
    <ele>77.9</ele>
    <time>2021-01-22T18:58:26Z</time>
   </trkpt>
   <trkpt lat="43.6381910" lon="-79.3895380">
    <ele>77.9</ele>
    <time>2021-01-22T18:58:27Z</time>
   </trkpt>
   <trkpt lat="43.6381890" lon="-79.3895510">
    <ele>77.9</ele>
    <time>2021-01-22T18:58:28Z</time>
   </trkpt>
   <trkpt lat="43.6381800" lon="-79.3895950">
    <ele>77.9</ele>
    <time>2021-01-22T18:58:29Z</time>
   </trkpt>
   <trkpt lat="43.6381750" lon="-79.3896120">
    <ele>77.9</ele>
    <time>2021-01-22T18:58:30Z</time>
   </trkpt>
   <trkpt lat="43.6381610" lon="-79.3896550">
    <ele>77.9</ele>
    <time>2021-01-22T18:58:31Z</time>
   </trkpt>
   <trkpt lat="43.6381570" lon="-79.3896710">
    <ele>77.9</ele>
    <time>2021-01-22T18:58:32Z</time>
   </trkpt>
   <trkpt lat="43.6381520" lon="-79.3897140">
    <ele>77.9</ele>
    <time>2021-01-22T18:58:33Z</time>
   </trkpt>
   <trkpt lat="43.6381470" lon="-79.3897280">
    <ele>77.9</ele>
    <time>2021-01-22T18:58:34Z</time>
   </trkpt>
   <trkpt lat="43.6381280" lon="-79.3897710">
    <ele>77.8</ele>
    <time>2021-01-22T18:58:35Z</time>
   </trkpt>
   <trkpt lat="43.6381210" lon="-79.3897860">
    <ele>77.8</ele>
    <time>2021-01-22T18:58:36Z</time>
   </trkpt>
   <trkpt lat="43.6381140" lon="-79.3898230">
    <ele>77.8</ele>
    <time>2021-01-22T18:58:37Z</time>
   </trkpt>
   <trkpt lat="43.6381090" lon="-79.3898430">
    <ele>77.8</ele>
    <time>2021-01-22T18:58:38Z</time>
   </trkpt>
   <trkpt lat="43.6380990" lon="-79.3898880">
    <ele>77.7</ele>
    <time>2021-01-22T18:58:39Z</time>
   </trkpt>
   <trkpt lat="43.6380850" lon="-79.3899310">
    <ele>77.7</ele>
    <time>2021-01-22T18:58:40Z</time>
   </trkpt>
   <trkpt lat="43.6380780" lon="-79.3899800">
    <ele>77.7</ele>
    <time>2021-01-22T18:58:41Z</time>
   </trkpt>
   <trkpt lat="43.6380730" lon="-79.3899980">
    <ele>77.7</ele>
    <time>2021-01-22T18:58:42Z</time>
   </trkpt>
   <trkpt lat="43.6380670" lon="-79.3900340">
    <ele>77.6</ele>
    <time>2021-01-22T18:58:43Z</time>
   </trkpt>
   <trkpt lat="43.6380670" lon="-79.3900480">
    <ele>77.6</ele>
    <time>2021-01-22T18:58:44Z</time>
   </trkpt>
   <trkpt lat="43.6380670" lon="-79.3900930">
    <ele>77.6</ele>
    <time>2021-01-22T18:58:45Z</time>
   </trkpt>
   <trkpt lat="43.6380630" lon="-79.3901060">
    <ele>77.6</ele>
    <time>2021-01-22T18:58:46Z</time>
   </trkpt>
   <trkpt lat="43.6380630" lon="-79.3901370">
    <ele>77.6</ele>
    <time>2021-01-22T18:58:47Z</time>
   </trkpt>
   <trkpt lat="43.6380600" lon="-79.3901540">
    <ele>77.6</ele>
    <time>2021-01-22T18:58:48Z</time>
   </trkpt>
   <trkpt lat="43.6380580" lon="-79.3901710">
    <ele>77.6</ele>
    <time>2021-01-22T18:58:49Z</time>
   </trkpt>
   <trkpt lat="43.6380590" lon="-79.3902150">
    <ele>77.6</ele>
    <time>2021-01-22T18:58:50Z</time>
   </trkpt>
   <trkpt lat="43.6380600" lon="-79.3902320">
    <ele>77.6</ele>
    <time>2021-01-22T18:58:51Z</time>
   </trkpt>
   <trkpt lat="43.6380480" lon="-79.3902780">
    <ele>77.6</ele>
    <time>2021-01-22T18:58:52Z</time>
   </trkpt>
   <trkpt lat="43.6380440" lon="-79.3902950">
    <ele>77.6</ele>
    <time>2021-01-22T18:58:53Z</time>
   </trkpt>
   <trkpt lat="43.6380330" lon="-79.3903280">
    <ele>77.6</ele>
    <time>2021-01-22T18:58:54Z</time>
   </trkpt>
   <trkpt lat="43.6380280" lon="-79.3903400">
    <ele>77.6</ele>
    <time>2021-01-22T18:58:55Z</time>
   </trkpt>
   <trkpt lat="43.6380100" lon="-79.3903860">
    <ele>77.6</ele>
    <time>2021-01-22T18:58:56Z</time>
   </trkpt>
   <trkpt lat="43.6380050" lon="-79.3904000">
    <ele>77.6</ele>
    <time>2021-01-22T18:58:57Z</time>
   </trkpt>
   <trkpt lat="43.6379910" lon="-79.3904390">
    <ele>77.6</ele>
    <time>2021-01-22T18:58:58Z</time>
   </trkpt>
   <trkpt lat="43.6379860" lon="-79.3904520">
    <ele>77.6</ele>
    <time>2021-01-22T18:58:59Z</time>
   </trkpt>
   <trkpt lat="43.6379710" lon="-79.3904860">
    <ele>77.6</ele>
    <time>2021-01-22T18:59:00Z</time>
   </trkpt>
   <trkpt lat="43.6379670" lon="-79.3904970">
    <ele>77.6</ele>
    <time>2021-01-22T18:59:01Z</time>
   </trkpt>
   <trkpt lat="43.6379530" lon="-79.3905310">
    <ele>77.6</ele>
    <time>2021-01-22T18:59:02Z</time>
   </trkpt>
   <trkpt lat="43.6379470" lon="-79.3905470">
    <ele>77.6</ele>
    <time>2021-01-22T18:59:03Z</time>
   </trkpt>
   <trkpt lat="43.6379420" lon="-79.3905900">
    <ele>77.6</ele>
    <time>2021-01-22T18:59:04Z</time>
   </trkpt>
   <trkpt lat="43.6379400" lon="-79.3906020">
    <ele>77.6</ele>
    <time>2021-01-22T18:59:05Z</time>
   </trkpt>
   <trkpt lat="43.6379400" lon="-79.3906310">
    <ele>77.6</ele>
    <time>2021-01-22T18:59:06Z</time>
   </trkpt>
   <trkpt lat="43.6379370" lon="-79.3906500">
    <ele>77.6</ele>
    <time>2021-01-22T18:59:07Z</time>
   </trkpt>
   <trkpt lat="43.6379330" lon="-79.3906730">
    <ele>77.6</ele>
    <time>2021-01-22T18:59:08Z</time>
   </trkpt>
   <trkpt lat="43.6379280" lon="-79.3906880">
    <ele>77.6</ele>
    <time>2021-01-22T18:59:09Z</time>
   </trkpt>
   <trkpt lat="43.6379120" lon="-79.3907350">
    <ele>77.6</ele>
    <time>2021-01-22T18:59:10Z</time>
   </trkpt>
   <trkpt lat="43.6379040" lon="-79.3907770">
    <ele>77.5</ele>
    <time>2021-01-22T18:59:11Z</time>
   </trkpt>
   <trkpt lat="43.6379030" lon="-79.3907900">
    <ele>77.5</ele>
    <time>2021-01-22T18:59:12Z</time>
   </trkpt>
   <trkpt lat="43.6378970" lon="-79.3908080">
    <ele>77.5</ele>
    <time>2021-01-22T18:59:13Z</time>
   </trkpt>
   <trkpt lat="43.6378920" lon="-79.3908370">
    <ele>77.5</ele>
    <time>2021-01-22T18:59:14Z</time>
   </trkpt>
   <trkpt lat="43.6378900" lon="-79.3908700">
    <ele>77.5</ele>
    <time>2021-01-22T18:59:15Z</time>
   </trkpt>
   <trkpt lat="43.6378900" lon="-79.3908810">
    <ele>77.5</ele>
    <time>2021-01-22T18:59:16Z</time>
   </trkpt>
   <trkpt lat="43.6378890" lon="-79.3908970">
    <ele>77.5</ele>
    <time>2021-01-22T18:59:17Z</time>
   </trkpt>
   <trkpt lat="43.6378730" lon="-79.3909190">
    <ele>77.5</ele>
    <time>2021-01-22T18:59:18Z</time>
   </trkpt>
   <trkpt lat="43.6378620" lon="-79.3909550">
    <ele>77.4</ele>
    <time>2021-01-22T18:59:19Z</time>
   </trkpt>
   <trkpt lat="43.6378400" lon="-79.3909980">
    <ele>77.4</ele>
    <time>2021-01-22T18:59:20Z</time>
   </trkpt>
   <trkpt lat="43.6378310" lon="-79.3910090">
    <ele>77.4</ele>
    <time>2021-01-22T18:59:21Z</time>
   </trkpt>
   <trkpt lat="43.6378120" lon="-79.3910510">
    <ele>77.4</ele>
    <time>2021-01-22T18:59:22Z</time>
   </trkpt>
   <trkpt lat="43.6377920" lon="-79.3910940">
    <ele>77.3</ele>
    <time>2021-01-22T18:59:23Z</time>
   </trkpt>
   <trkpt lat="43.6377720" lon="-79.3911380">
    <ele>77.3</ele>
    <time>2021-01-22T18:59:24Z</time>
   </trkpt>
   <trkpt lat="43.6377670" lon="-79.3911550">
    <ele>77.3</ele>
    <time>2021-01-22T18:59:25Z</time>
   </trkpt>
   <trkpt lat="43.6377540" lon="-79.3911920">
    <ele>77.3</ele>
    <time>2021-01-22T18:59:26Z</time>
   </trkpt>
   <trkpt lat="43.6377440" lon="-79.3912410">
    <ele>77.3</ele>
    <time>2021-01-22T18:59:27Z</time>
   </trkpt>
   <trkpt lat="43.6377410" lon="-79.3912600">
    <ele>77.3</ele>
    <time>2021-01-22T18:59:28Z</time>
   </trkpt>
   <trkpt lat="43.6377360" lon="-79.3913180">
    <ele>77.2</ele>
    <time>2021-01-22T18:59:29Z</time>
   </trkpt>
   <trkpt lat="43.6377290" lon="-79.3913390">
    <ele>77.2</ele>
    <time>2021-01-22T18:59:30Z</time>
   </trkpt>
   <trkpt lat="43.6377270" lon="-79.3913790">
    <ele>77.2</ele>
    <time>2021-01-22T18:59:31Z</time>
   </trkpt>
   <trkpt lat="43.6377200" lon="-79.3914150">
    <ele>77.2</ele>
    <time>2021-01-22T18:59:32Z</time>
   </trkpt>
   <trkpt lat="43.6377160" lon="-79.3914330">
    <ele>77.2</ele>
    <time>2021-01-22T18:59:33Z</time>
   </trkpt>
   <trkpt lat="43.6377110" lon="-79.3914540">
    <ele>77.2</ele>
    <time>2021-01-22T18:59:34Z</time>
   </trkpt>
   <trkpt lat="43.6377080" lon="-79.3914710">
    <ele>77.2</ele>
    <time>2021-01-22T18:59:35Z</time>
   </trkpt>
   <trkpt lat="43.6376960" lon="-79.3915120">
    <ele>77.2</ele>
    <time>2021-01-22T18:59:36Z</time>
   </trkpt>
   <trkpt lat="43.6376940" lon="-79.3915230">
    <ele>77.2</ele>
    <time>2021-01-22T18:59:37Z</time>
   </trkpt>
   <trkpt lat="43.6376880" lon="-79.3915610">
    <ele>77.2</ele>
    <time>2021-01-22T18:59:38Z</time>
   </trkpt>
   <trkpt lat="43.6376690" lon="-79.3916110">
    <ele>77.2</ele>
    <time>2021-01-22T18:59:39Z</time>
   </trkpt>
   <trkpt lat="43.6376660" lon="-79.3916550">
    <ele>77.2</ele>
    <time>2021-01-22T18:59:40Z</time>
   </trkpt>
   <trkpt lat="43.6376640" lon="-79.3916720">
    <ele>77.2</ele>
    <time>2021-01-22T18:59:41Z</time>
   </trkpt>
   <trkpt lat="43.6376500" lon="-79.3917210">
    <ele>77.2</ele>
    <time>2021-01-22T18:59:42Z</time>
   </trkpt>
   <trkpt lat="43.6376410" lon="-79.3917410">
    <ele>77.2</ele>
    <time>2021-01-22T18:59:43Z</time>
   </trkpt>
   <trkpt lat="43.6376190" lon="-79.3917840">
    <ele>77.2</ele>
    <time>2021-01-22T18:59:44Z</time>
   </trkpt>
   <trkpt lat="43.6375990" lon="-79.3918440">
    <ele>77.3</ele>
    <time>2021-01-22T18:59:45Z</time>
   </trkpt>
   <trkpt lat="43.6375860" lon="-79.3918930">
    <ele>77.3</ele>
    <time>2021-01-22T18:59:46Z</time>
   </trkpt>
   <trkpt lat="43.6375750" lon="-79.3919410">
    <ele>77.3</ele>
    <time>2021-01-22T18:59:47Z</time>
   </trkpt>
   <trkpt lat="43.6375610" lon="-79.3919890">
    <ele>77.3</ele>
    <time>2021-01-22T18:59:48Z</time>
   </trkpt>
   <trkpt lat="43.6375530" lon="-79.3920340">
    <ele>77.3</ele>
    <time>2021-01-22T18:59:49Z</time>
   </trkpt>
   <trkpt lat="43.6375490" lon="-79.3920860">
    <ele>77.3</ele>
    <time>2021-01-22T18:59:50Z</time>
   </trkpt>
   <trkpt lat="43.6375460" lon="-79.3921060">
    <ele>77.3</ele>
    <time>2021-01-22T18:59:51Z</time>
   </trkpt>
   <trkpt lat="43.6375410" lon="-79.3921530">
    <ele>77.3</ele>
    <time>2021-01-22T18:59:52Z</time>
   </trkpt>
   <trkpt lat="43.6375380" lon="-79.3921700">
    <ele>77.3</ele>
    <time>2021-01-22T18:59:53Z</time>
   </trkpt>
   <trkpt lat="43.6375400" lon="-79.3922070">
    <ele>77.3</ele>
    <time>2021-01-22T18:59:54Z</time>
   </trkpt>
   <trkpt lat="43.6375400" lon="-79.3922570">
    <ele>77.3</ele>
    <time>2021-01-22T18:59:55Z</time>
   </trkpt>
   <trkpt lat="43.6375360" lon="-79.3922750">
    <ele>77.3</ele>
    <time>2021-01-22T18:59:56Z</time>
   </trkpt>
   <trkpt lat="43.6375290" lon="-79.3923150">
    <ele>77.4</ele>
    <time>2021-01-22T18:59:57Z</time>
   </trkpt>
   <trkpt lat="43.6375190" lon="-79.3923550">
    <ele>77.4</ele>
    <time>2021-01-22T18:59:58Z</time>
   </trkpt>
   <trkpt lat="43.6375150" lon="-79.3923970">
    <ele>77.4</ele>
    <time>2021-01-22T18:59:59Z</time>
   </trkpt>
   <trkpt lat="43.6375160" lon="-79.3924160">
    <ele>77.4</ele>
    <time>2021-01-22T19:00:00Z</time>
   </trkpt>
   <trkpt lat="43.6375100" lon="-79.3924590">
    <ele>77.4</ele>
    <time>2021-01-22T19:00:01Z</time>
   </trkpt>
   <trkpt lat="43.6375060" lon="-79.3925080">
    <ele>77.4</ele>
    <time>2021-01-22T19:00:02Z</time>
   </trkpt>
   <trkpt lat="43.6375050" lon="-79.3925200">
    <ele>77.4</ele>
    <time>2021-01-22T19:00:03Z</time>
   </trkpt>
   <trkpt lat="43.6374950" lon="-79.3925660">
    <ele>77.4</ele>
    <time>2021-01-22T19:00:04Z</time>
   </trkpt>
   <trkpt lat="43.6374900" lon="-79.3925830">
    <ele>77.4</ele>
    <time>2021-01-22T19:00:05Z</time>
   </trkpt>
   <trkpt lat="43.6374730" lon="-79.3926210">
    <ele>77.4</ele>
    <time>2021-01-22T19:00:06Z</time>
   </trkpt>
   <trkpt lat="43.6374680" lon="-79.3926320">
    <ele>77.4</ele>
    <time>2021-01-22T19:00:07Z</time>
   </trkpt>
   <trkpt lat="43.6374640" lon="-79.3926670">
    <ele>77.4</ele>
    <time>2021-01-22T19:00:08Z</time>
   </trkpt>
   <trkpt lat="43.6374600" lon="-79.3926840">
    <ele>77.4</ele>
    <time>2021-01-22T19:00:09Z</time>
   </trkpt>
   <trkpt lat="43.6374470" lon="-79.3927260">
    <ele>77.4</ele>
    <time>2021-01-22T19:00:10Z</time>
   </trkpt>
   <trkpt lat="43.6374390" lon="-79.3927680">
    <ele>77.4</ele>
    <time>2021-01-22T19:00:11Z</time>
   </trkpt>
   <trkpt lat="43.6374330" lon="-79.3928220">
    <ele>77.4</ele>
    <time>2021-01-22T19:00:12Z</time>
   </trkpt>
   <trkpt lat="43.6374280" lon="-79.3928390">
    <ele>77.4</ele>
    <time>2021-01-22T19:00:13Z</time>
   </trkpt>
   <trkpt lat="43.6374200" lon="-79.3928920">
    <ele>77.4</ele>
    <time>2021-01-22T19:00:14Z</time>
   </trkpt>
   <trkpt lat="43.6374190" lon="-79.3929100">
    <ele>77.4</ele>
    <time>2021-01-22T19:00:15Z</time>
   </trkpt>
   <trkpt lat="43.6374060" lon="-79.3929550">
    <ele>77.4</ele>
    <time>2021-01-22T19:00:16Z</time>
   </trkpt>
   <trkpt lat="43.6374050" lon="-79.3929980">
    <ele>77.4</ele>
    <time>2021-01-22T19:00:17Z</time>
   </trkpt>
   <trkpt lat="43.6374040" lon="-79.3930110">
    <ele>77.4</ele>
    <time>2021-01-22T19:00:18Z</time>
   </trkpt>
   <trkpt lat="43.6373960" lon="-79.3930610">
    <ele>77.4</ele>
    <time>2021-01-22T19:00:19Z</time>
   </trkpt>
   <trkpt lat="43.6373950" lon="-79.3930780">
    <ele>77.4</ele>
    <time>2021-01-22T19:00:20Z</time>
   </trkpt>
   <trkpt lat="43.6373920" lon="-79.3931310">
    <ele>77.4</ele>
    <time>2021-01-22T19:00:21Z</time>
   </trkpt>
   <trkpt lat="43.6373910" lon="-79.3931490">
    <ele>77.4</ele>
    <time>2021-01-22T19:00:22Z</time>
   </trkpt>
   <trkpt lat="43.6373880" lon="-79.3931860">
    <ele>77.4</ele>
    <time>2021-01-22T19:00:23Z</time>
   </trkpt>
   <trkpt lat="43.6373840" lon="-79.3932250">
    <ele>77.4</ele>
    <time>2021-01-22T19:00:24Z</time>
   </trkpt>
   <trkpt lat="43.6373830" lon="-79.3932770">
    <ele>77.4</ele>
    <time>2021-01-22T19:00:25Z</time>
   </trkpt>
   <trkpt lat="43.6373820" lon="-79.3932920">
    <ele>77.4</ele>
    <time>2021-01-22T19:00:26Z</time>
   </trkpt>
   <trkpt lat="43.6373870" lon="-79.3933410">
    <ele>77.4</ele>
    <time>2021-01-22T19:00:27Z</time>
   </trkpt>
   <trkpt lat="43.6373890" lon="-79.3933610">
    <ele>77.4</ele>
    <time>2021-01-22T19:00:28Z</time>
   </trkpt>
   <trkpt lat="43.6373760" lon="-79.3934030">
    <ele>77.4</ele>
    <time>2021-01-22T19:00:29Z</time>
   </trkpt>
   <trkpt lat="43.6373760" lon="-79.3934430">
    <ele>77.4</ele>
    <time>2021-01-22T19:00:30Z</time>
   </trkpt>
   <trkpt lat="43.6373750" lon="-79.3934910">
    <ele>77.4</ele>
    <time>2021-01-22T19:00:31Z</time>
   </trkpt>
   <trkpt lat="43.6373720" lon="-79.3935340">
    <ele>77.4</ele>
    <time>2021-01-22T19:00:32Z</time>
   </trkpt>
   <trkpt lat="43.6373850" lon="-79.3935820">
    <ele>77.4</ele>
    <time>2021-01-22T19:00:33Z</time>
   </trkpt>
   <trkpt lat="43.6373850" lon="-79.3935970">
    <ele>77.4</ele>
    <time>2021-01-22T19:00:34Z</time>
   </trkpt>
   <trkpt lat="43.6373790" lon="-79.3936410">
    <ele>77.4</ele>
    <time>2021-01-22T19:00:35Z</time>
   </trkpt>
   <trkpt lat="43.6373750" lon="-79.3936580">
    <ele>77.4</ele>
    <time>2021-01-22T19:00:36Z</time>
   </trkpt>
   <trkpt lat="43.6373730" lon="-79.3936970">
    <ele>77.4</ele>
    <time>2021-01-22T19:00:37Z</time>
   </trkpt>
   <trkpt lat="43.6373720" lon="-79.3937410">
    <ele>77.4</ele>
    <time>2021-01-22T19:00:38Z</time>
   </trkpt>
   <trkpt lat="43.6373700" lon="-79.3937520">
    <ele>77.4</ele>
    <time>2021-01-22T19:00:39Z</time>
   </trkpt>
   <trkpt lat="43.6373650" lon="-79.3937930">
    <ele>77.4</ele>
    <time>2021-01-22T19:00:40Z</time>
   </trkpt>
   <trkpt lat="43.6373630" lon="-79.3938090">
    <ele>77.4</ele>
    <time>2021-01-22T19:00:41Z</time>
   </trkpt>
   <trkpt lat="43.6373440" lon="-79.3938550">
    <ele>77.4</ele>
    <time>2021-01-22T19:00:42Z</time>
   </trkpt>
   <trkpt lat="43.6373300" lon="-79.3938990">
    <ele>77.4</ele>
    <time>2021-01-22T19:00:43Z</time>
   </trkpt>
   <trkpt lat="43.6373170" lon="-79.3939370">
    <ele>77.4</ele>
    <time>2021-01-22T19:00:44Z</time>
   </trkpt>
   <trkpt lat="43.6373020" lon="-79.3939730">
    <ele>77.4</ele>
    <time>2021-01-22T19:00:45Z</time>
   </trkpt>
   <trkpt lat="43.6372920" lon="-79.3940200">
    <ele>77.4</ele>
    <time>2021-01-22T19:00:46Z</time>
   </trkpt>
   <trkpt lat="43.6372920" lon="-79.3940350">
    <ele>77.4</ele>
    <time>2021-01-22T19:00:47Z</time>
   </trkpt>
   <trkpt lat="43.6372900" lon="-79.3940750">
    <ele>77.4</ele>
    <time>2021-01-22T19:00:48Z</time>
   </trkpt>
   <trkpt lat="43.6372970" lon="-79.3941110">
    <ele>77.4</ele>
    <time>2021-01-22T19:00:49Z</time>
   </trkpt>
   <trkpt lat="43.6373000" lon="-79.3941250">
    <ele>77.4</ele>
    <time>2021-01-22T19:00:50Z</time>
   </trkpt>
   <trkpt lat="43.6372980" lon="-79.3941870">
    <ele>77.3</ele>
    <time>2021-01-22T19:00:51Z</time>
   </trkpt>
   <trkpt lat="43.6372940" lon="-79.3942120">
    <ele>77.3</ele>
    <time>2021-01-22T19:00:52Z</time>
   </trkpt>
   <trkpt lat="43.6372780" lon="-79.3942610">
    <ele>77.3</ele>
    <time>2021-01-22T19:00:53Z</time>
   </trkpt>
   <trkpt lat="43.6372720" lon="-79.3942790">
    <ele>77.3</ele>
    <time>2021-01-22T19:00:54Z</time>
   </trkpt>
   <trkpt lat="43.6372620" lon="-79.3943190">
    <ele>77.3</ele>
    <time>2021-01-22T19:00:55Z</time>
   </trkpt>
   <trkpt lat="43.6372620" lon="-79.3943280">
    <ele>77.3</ele>
    <time>2021-01-22T19:00:56Z</time>
   </trkpt>
   <trkpt lat="43.6372560" lon="-79.3943730">
    <ele>77.3</ele>
    <time>2021-01-22T19:00:57Z</time>
   </trkpt>
   <trkpt lat="43.6372470" lon="-79.3944230">
    <ele>77.3</ele>
    <time>2021-01-22T19:00:58Z</time>
   </trkpt>
   <trkpt lat="43.6372470" lon="-79.3944670">
    <ele>77.2</ele>
    <time>2021-01-22T19:00:59Z</time>
   </trkpt>
   <trkpt lat="43.6372420" lon="-79.3945170">
    <ele>77.2</ele>
    <time>2021-01-22T19:01:00Z</time>
   </trkpt>
   <trkpt lat="43.6372420" lon="-79.3945330">
    <ele>77.2</ele>
    <time>2021-01-22T19:01:01Z</time>
   </trkpt>
   <trkpt lat="43.6372430" lon="-79.3945880">
    <ele>77.2</ele>
    <time>2021-01-22T19:01:02Z</time>
   </trkpt>
   <trkpt lat="43.6372420" lon="-79.3946070">
    <ele>77.2</ele>
    <time>2021-01-22T19:01:03Z</time>
   </trkpt>
   <trkpt lat="43.6372370" lon="-79.3946560">
    <ele>77.2</ele>
    <time>2021-01-22T19:01:04Z</time>
   </trkpt>
   <trkpt lat="43.6372260" lon="-79.3946740">
    <ele>77.2</ele>
    <time>2021-01-22T19:01:05Z</time>
   </trkpt>
   <trkpt lat="43.6372120" lon="-79.3947260">
    <ele>77.2</ele>
    <time>2021-01-22T19:01:06Z</time>
   </trkpt>
   <trkpt lat="43.6372050" lon="-79.3947440">
    <ele>77.2</ele>
    <time>2021-01-22T19:01:07Z</time>
   </trkpt>
   <trkpt lat="43.6372080" lon="-79.3947840">
    <ele>77.2</ele>
    <time>2021-01-22T19:01:08Z</time>
   </trkpt>
   <trkpt lat="43.6372090" lon="-79.3948010">
    <ele>77.2</ele>
    <time>2021-01-22T19:01:09Z</time>
   </trkpt>
   <trkpt lat="43.6372130" lon="-79.3948420">
    <ele>77.2</ele>
    <time>2021-01-22T19:01:10Z</time>
   </trkpt>
   <trkpt lat="43.6372050" lon="-79.3948770">
    <ele>77.1</ele>
    <time>2021-01-22T19:01:11Z</time>
   </trkpt>
   <trkpt lat="43.6372020" lon="-79.3948910">
    <ele>77.1</ele>
    <time>2021-01-22T19:01:12Z</time>
   </trkpt>
   <trkpt lat="43.6371860" lon="-79.3949300">
    <ele>77.1</ele>
    <time>2021-01-22T19:01:13Z</time>
   </trkpt>
   <trkpt lat="43.6371840" lon="-79.3949390">
    <ele>77.1</ele>
    <time>2021-01-22T19:01:14Z</time>
   </trkpt>
   <trkpt lat="43.6371780" lon="-79.3949750">
    <ele>77.2</ele>
    <time>2021-01-22T19:01:15Z</time>
   </trkpt>
   <trkpt lat="43.6371780" lon="-79.3949910">
    <ele>77.2</ele>
    <time>2021-01-22T19:01:16Z</time>
   </trkpt>
   <trkpt lat="43.6371760" lon="-79.3950170">
    <ele>77.2</ele>
    <time>2021-01-22T19:01:17Z</time>
   </trkpt>
   <trkpt lat="43.6371770" lon="-79.3950400">
    <ele>77.2</ele>
    <time>2021-01-22T19:01:18Z</time>
   </trkpt>
   <trkpt lat="43.6371790" lon="-79.3950680">
    <ele>77.2</ele>
    <time>2021-01-22T19:01:19Z</time>
   </trkpt>
   <trkpt lat="43.6371740" lon="-79.3950900">
    <ele>77.2</ele>
    <time>2021-01-22T19:01:20Z</time>
   </trkpt>
   <trkpt lat="43.6371800" lon="-79.3951390">
    <ele>77.2</ele>
    <time>2021-01-22T19:01:21Z</time>
   </trkpt>
   <trkpt lat="43.6371800" lon="-79.3951550">
    <ele>77.2</ele>
    <time>2021-01-22T19:01:22Z</time>
   </trkpt>
   <trkpt lat="43.6371680" lon="-79.3951960">
    <ele>77.2</ele>
    <time>2021-01-22T19:01:23Z</time>
   </trkpt>
   <trkpt lat="43.6371650" lon="-79.3952080">
    <ele>77.2</ele>
    <time>2021-01-22T19:01:24Z</time>
   </trkpt>
   <trkpt lat="43.6371510" lon="-79.3952580">
    <ele>77.3</ele>
    <time>2021-01-22T19:01:25Z</time>
   </trkpt>
   <trkpt lat="43.6371460" lon="-79.3952750">
    <ele>77.3</ele>
    <time>2021-01-22T19:01:26Z</time>
   </trkpt>
   <trkpt lat="43.6371240" lon="-79.3953220">
    <ele>77.3</ele>
    <time>2021-01-22T19:01:27Z</time>
   </trkpt>
   <trkpt lat="43.6371050" lon="-79.3953600">
    <ele>77.3</ele>
    <time>2021-01-22T19:01:28Z</time>
   </trkpt>
   <trkpt lat="43.6370840" lon="-79.3954040">
    <ele>77.3</ele>
    <time>2021-01-22T19:01:29Z</time>
   </trkpt>
   <trkpt lat="43.6370680" lon="-79.3954480">
    <ele>77.3</ele>
    <time>2021-01-22T19:01:30Z</time>
   </trkpt>
   <trkpt lat="43.6370630" lon="-79.3954860">
    <ele>77.3</ele>
    <time>2021-01-22T19:01:31Z</time>
   </trkpt>
   <trkpt lat="43.6370620" lon="-79.3955030">
    <ele>77.3</ele>
    <time>2021-01-22T19:01:32Z</time>
   </trkpt>
   <trkpt lat="43.6370400" lon="-79.3955490">
    <ele>77.3</ele>
    <time>2021-01-22T19:01:33Z</time>
   </trkpt>
   <trkpt lat="43.6370300" lon="-79.3955650">
    <ele>77.3</ele>
    <time>2021-01-22T19:01:34Z</time>
   </trkpt>
   <trkpt lat="43.6370110" lon="-79.3956080">
    <ele>77.3</ele>
    <time>2021-01-22T19:01:35Z</time>
   </trkpt>
   <trkpt lat="43.6370040" lon="-79.3956240">
    <ele>77.3</ele>
    <time>2021-01-22T19:01:36Z</time>
   </trkpt>
   <trkpt lat="43.6369990" lon="-79.3956610">
    <ele>77.3</ele>
    <time>2021-01-22T19:01:37Z</time>
   </trkpt>
   <trkpt lat="43.6369830" lon="-79.3956950">
    <ele>77.3</ele>
    <time>2021-01-22T19:01:38Z</time>
   </trkpt>
   <trkpt lat="43.6369680" lon="-79.3957310">
    <ele>77.3</ele>
    <time>2021-01-22T19:01:39Z</time>
   </trkpt>
   <trkpt lat="43.6369490" lon="-79.3957720">
    <ele>77.3</ele>
    <time>2021-01-22T19:01:40Z</time>
   </trkpt>
   <trkpt lat="43.6369330" lon="-79.3958070">
    <ele>77.3</ele>
    <time>2021-01-22T19:01:41Z</time>
   </trkpt>
   <trkpt lat="43.6369250" lon="-79.3958180">
    <ele>77.3</ele>
    <time>2021-01-22T19:01:42Z</time>
   </trkpt>
   <trkpt lat="43.6369100" lon="-79.3958540">
    <ele>77.2</ele>
    <time>2021-01-22T19:01:43Z</time>
   </trkpt>
   <trkpt lat="43.6369030" lon="-79.3958640">
    <ele>77.2</ele>
    <time>2021-01-22T19:01:44Z</time>
   </trkpt>
   <trkpt lat="43.6368910" lon="-79.3959010">
    <ele>77.2</ele>
    <time>2021-01-22T19:01:45Z</time>
   </trkpt>
   <trkpt lat="43.6368760" lon="-79.3959500">
    <ele>77.2</ele>
    <time>2021-01-22T19:01:46Z</time>
   </trkpt>
   <trkpt lat="43.6368690" lon="-79.3959650">
    <ele>77.2</ele>
    <time>2021-01-22T19:01:47Z</time>
   </trkpt>
   <trkpt lat="43.6368530" lon="-79.3959960">
    <ele>77.2</ele>
    <time>2021-01-22T19:01:48Z</time>
   </trkpt>
   <trkpt lat="43.6368350" lon="-79.3960280">
    <ele>77.2</ele>
    <time>2021-01-22T19:01:49Z</time>
   </trkpt>
   <trkpt lat="43.6368150" lon="-79.3960750">
    <ele>77.2</ele>
    <time>2021-01-22T19:01:50Z</time>
   </trkpt>
   <trkpt lat="43.6368080" lon="-79.3960900">
    <ele>77.2</ele>
    <time>2021-01-22T19:01:51Z</time>
   </trkpt>
   <trkpt lat="43.6367970" lon="-79.3961440">
    <ele>77.2</ele>
    <time>2021-01-22T19:01:52Z</time>
   </trkpt>
   <trkpt lat="43.6367910" lon="-79.3961640">
    <ele>77.2</ele>
    <time>2021-01-22T19:01:53Z</time>
   </trkpt>
   <trkpt lat="43.6367840" lon="-79.3962090">
    <ele>77.2</ele>
    <time>2021-01-22T19:01:54Z</time>
   </trkpt>
   <trkpt lat="43.6367800" lon="-79.3962560">
    <ele>77.2</ele>
    <time>2021-01-22T19:01:55Z</time>
   </trkpt>
   <trkpt lat="43.6367650" lon="-79.3962980">
    <ele>77.2</ele>
    <time>2021-01-22T19:01:56Z</time>
   </trkpt>
   <trkpt lat="43.6367500" lon="-79.3963350">
    <ele>77.2</ele>
    <time>2021-01-22T19:01:57Z</time>
   </trkpt>
   <trkpt lat="43.6367350" lon="-79.3963800">
    <ele>77.2</ele>
    <time>2021-01-22T19:01:58Z</time>
   </trkpt>
   <trkpt lat="43.6367290" lon="-79.3963900">
    <ele>77.2</ele>
    <time>2021-01-22T19:01:59Z</time>
   </trkpt>
   <trkpt lat="43.6367050" lon="-79.3964150">
    <ele>77.2</ele>
    <time>2021-01-22T19:02:00Z</time>
   </trkpt>
   <trkpt lat="43.6366910" lon="-79.3964530">
    <ele>77.2</ele>
    <time>2021-01-22T19:02:01Z</time>
   </trkpt>
   <trkpt lat="43.6366740" lon="-79.3964960">
    <ele>77.2</ele>
    <time>2021-01-22T19:02:02Z</time>
   </trkpt>
   <trkpt lat="43.6366680" lon="-79.3965160">
    <ele>77.2</ele>
    <time>2021-01-22T19:02:03Z</time>
   </trkpt>
   <trkpt lat="43.6366470" lon="-79.3965410">
    <ele>77.2</ele>
    <time>2021-01-22T19:02:04Z</time>
   </trkpt>
   <trkpt lat="43.6366280" lon="-79.3965690">
    <ele>77.2</ele>
    <time>2021-01-22T19:02:05Z</time>
   </trkpt>
   <trkpt lat="43.6366090" lon="-79.3966040">
    <ele>77.3</ele>
    <time>2021-01-22T19:02:06Z</time>
   </trkpt>
   <trkpt lat="43.6366020" lon="-79.3966130">
    <ele>77.3</ele>
    <time>2021-01-22T19:02:07Z</time>
   </trkpt>
   <trkpt lat="43.6365820" lon="-79.3966530">
    <ele>77.3</ele>
    <time>2021-01-22T19:02:08Z</time>
   </trkpt>
   <trkpt lat="43.6365700" lon="-79.3966960">
    <ele>77.3</ele>
    <time>2021-01-22T19:02:09Z</time>
   </trkpt>
   <trkpt lat="43.6365650" lon="-79.3967090">
    <ele>77.3</ele>
    <time>2021-01-22T19:02:10Z</time>
   </trkpt>
   <trkpt lat="43.6365590" lon="-79.3967590">
    <ele>77.3</ele>
    <time>2021-01-22T19:02:11Z</time>
   </trkpt>
   <trkpt lat="43.6365580" lon="-79.3967730">
    <ele>77.3</ele>
    <time>2021-01-22T19:02:12Z</time>
   </trkpt>
   <trkpt lat="43.6365490" lon="-79.3968120">
    <ele>77.3</ele>
    <time>2021-01-22T19:02:13Z</time>
   </trkpt>
   <trkpt lat="43.6365300" lon="-79.3968630">
    <ele>77.4</ele>
    <time>2021-01-22T19:02:14Z</time>
   </trkpt>
   <trkpt lat="43.6365240" lon="-79.3968820">
    <ele>77.4</ele>
    <time>2021-01-22T19:02:15Z</time>
   </trkpt>
   <trkpt lat="43.6365140" lon="-79.3969200">
    <ele>77.4</ele>
    <time>2021-01-22T19:02:16Z</time>
   </trkpt>
   <trkpt lat="43.6365140" lon="-79.3969320">
    <ele>77.4</ele>
    <time>2021-01-22T19:02:17Z</time>
   </trkpt>
   <trkpt lat="43.6365020" lon="-79.3969490">
    <ele>77.4</ele>
    <time>2021-01-22T19:02:18Z</time>
   </trkpt>
   <trkpt lat="43.6364990" lon="-79.3969630">
    <ele>77.4</ele>
    <time>2021-01-22T19:02:19Z</time>
   </trkpt>
   <trkpt lat="43.6364960" lon="-79.3969730">
    <ele>77.4</ele>
    <time>2021-01-22T19:02:20Z</time>
   </trkpt>
   <trkpt lat="43.6364810" lon="-79.3970050">
    <ele>77.4</ele>
    <time>2021-01-22T19:02:21Z</time>
   </trkpt>
   <trkpt lat="43.6364800" lon="-79.3970640">
    <ele>77.4</ele>
    <time>2021-01-22T19:02:22Z</time>
   </trkpt>
   <trkpt lat="43.6364840" lon="-79.3970880">
    <ele>77.4</ele>
    <time>2021-01-22T19:02:23Z</time>
   </trkpt>
   <trkpt lat="43.6364830" lon="-79.3970790">
    <ele>77.4</ele>
    <time>2021-01-22T19:02:24Z</time>
   </trkpt>
   <trkpt lat="43.6364670" lon="-79.3970860">
    <ele>77.5</ele>
    <time>2021-01-22T19:02:25Z</time>
   </trkpt>
   <trkpt lat="43.6364520" lon="-79.3970960">
    <ele>77.5</ele>
    <time>2021-01-22T19:02:26Z</time>
   </trkpt>
   <trkpt lat="43.6364290" lon="-79.3971300">
    <ele>77.5</ele>
    <time>2021-01-22T19:02:27Z</time>
   </trkpt>
   <trkpt lat="43.6364200" lon="-79.3971420">
    <ele>77.5</ele>
    <time>2021-01-22T19:02:28Z</time>
   </trkpt>
   <trkpt lat="43.6363960" lon="-79.3971870">
    <ele>77.5</ele>
    <time>2021-01-22T19:02:29Z</time>
   </trkpt>
   <trkpt lat="43.6363830" lon="-79.3972060">
    <ele>77.6</ele>
    <time>2021-01-22T19:02:30Z</time>
   </trkpt>
   <trkpt lat="43.6363640" lon="-79.3972350">
    <ele>77.6</ele>
    <time>2021-01-22T19:02:31Z</time>
   </trkpt>
   <trkpt lat="43.6363530" lon="-79.3972500">
    <ele>77.6</ele>
    <time>2021-01-22T19:02:32Z</time>
   </trkpt>
   <trkpt lat="43.6363220" lon="-79.3972780">
    <ele>77.6</ele>
    <time>2021-01-22T19:02:33Z</time>
   </trkpt>
   <trkpt lat="43.6363120" lon="-79.3972860">
    <ele>77.6</ele>
    <time>2021-01-22T19:02:34Z</time>
   </trkpt>
   <trkpt lat="43.6362830" lon="-79.3973130">
    <ele>77.7</ele>
    <time>2021-01-22T19:02:35Z</time>
   </trkpt>
   <trkpt lat="43.6362700" lon="-79.3973230">
    <ele>77.7</ele>
    <time>2021-01-22T19:02:36Z</time>
   </trkpt>
   <trkpt lat="43.6362410" lon="-79.3973460">
    <ele>77.7</ele>
    <time>2021-01-22T19:02:37Z</time>
   </trkpt>
   <trkpt lat="43.6362320" lon="-79.3973540">
    <ele>77.7</ele>
    <time>2021-01-22T19:02:38Z</time>
   </trkpt>
   <trkpt lat="43.6362050" lon="-79.3973860">
    <ele>77.7</ele>
    <time>2021-01-22T19:02:39Z</time>
   </trkpt>
   <trkpt lat="43.6361960" lon="-79.3973960">
    <ele>77.7</ele>
    <time>2021-01-22T19:02:40Z</time>
   </trkpt>
   <trkpt lat="43.6361620" lon="-79.3974230">
    <ele>77.7</ele>
    <time>2021-01-22T19:02:41Z</time>
   </trkpt>
   <trkpt lat="43.6361520" lon="-79.3974330">
    <ele>77.7</ele>
    <time>2021-01-22T19:02:42Z</time>
   </trkpt>
   <trkpt lat="43.6361230" lon="-79.3974550">
    <ele>77.7</ele>
    <time>2021-01-22T19:02:43Z</time>
   </trkpt>
   <trkpt lat="43.6360960" lon="-79.3974790">
    <ele>77.7</ele>
    <time>2021-01-22T19:02:44Z</time>
   </trkpt>
   <trkpt lat="43.6360800" lon="-79.3975180">
    <ele>77.7</ele>
    <time>2021-01-22T19:02:45Z</time>
   </trkpt>
   <trkpt lat="43.6360710" lon="-79.3975270">
    <ele>77.8</ele>
    <time>2021-01-22T19:02:46Z</time>
   </trkpt>
   <trkpt lat="43.6360550" lon="-79.3975790">
    <ele>77.8</ele>
    <time>2021-01-22T19:02:47Z</time>
   </trkpt>
   <trkpt lat="43.6360460" lon="-79.3975950">
    <ele>77.8</ele>
    <time>2021-01-22T19:02:48Z</time>
   </trkpt>
   <trkpt lat="43.6360300" lon="-79.3976320">
    <ele>77.8</ele>
    <time>2021-01-22T19:02:49Z</time>
   </trkpt>
   <trkpt lat="43.6360040" lon="-79.3976690">
    <ele>77.8</ele>
    <time>2021-01-22T19:02:50Z</time>
   </trkpt>
   <trkpt lat="43.6359930" lon="-79.3976810">
    <ele>77.8</ele>
    <time>2021-01-22T19:02:51Z</time>
   </trkpt>
   <trkpt lat="43.6359720" lon="-79.3977280">
    <ele>77.8</ele>
    <time>2021-01-22T19:02:52Z</time>
   </trkpt>
   <trkpt lat="43.6359660" lon="-79.3977460">
    <ele>77.8</ele>
    <time>2021-01-22T19:02:53Z</time>
   </trkpt>
   <trkpt lat="43.6359480" lon="-79.3977870">
    <ele>77.8</ele>
    <time>2021-01-22T19:02:54Z</time>
   </trkpt>
   <trkpt lat="43.6359320" lon="-79.3978200">
    <ele>77.8</ele>
    <time>2021-01-22T19:02:55Z</time>
   </trkpt>
   <trkpt lat="43.6359100" lon="-79.3978620">
    <ele>77.8</ele>
    <time>2021-01-22T19:02:56Z</time>
   </trkpt>
   <trkpt lat="43.6359020" lon="-79.3978810">
    <ele>77.8</ele>
    <time>2021-01-22T19:02:57Z</time>
   </trkpt>
   <trkpt lat="43.6358820" lon="-79.3979170">
    <ele>77.8</ele>
    <time>2021-01-22T19:02:58Z</time>
   </trkpt>
   <trkpt lat="43.6358610" lon="-79.3979460">
    <ele>77.8</ele>
    <time>2021-01-22T19:02:59Z</time>
   </trkpt>
   <trkpt lat="43.6358350" lon="-79.3979850">
    <ele>77.8</ele>
    <time>2021-01-22T19:03:00Z</time>
   </trkpt>
   <trkpt lat="43.6358230" lon="-79.3979980">
    <ele>77.9</ele>
    <time>2021-01-22T19:03:01Z</time>
   </trkpt>
   <trkpt lat="43.6357810" lon="-79.3980500">
    <ele>77.9</ele>
    <time>2021-01-22T19:03:02Z</time>
   </trkpt>
   <trkpt lat="43.6357580" lon="-79.3980780">
    <ele>77.9</ele>
    <time>2021-01-22T19:03:03Z</time>
   </trkpt>
   <trkpt lat="43.6357300" lon="-79.3981100">
    <ele>77.9</ele>
    <time>2021-01-22T19:03:04Z</time>
   </trkpt>
   <trkpt lat="43.6357200" lon="-79.3981200">
    <ele>77.9</ele>
    <time>2021-01-22T19:03:05Z</time>
   </trkpt>
   <trkpt lat="43.6356930" lon="-79.3981470">
    <ele>77.9</ele>
    <time>2021-01-22T19:03:06Z</time>
   </trkpt>
   <trkpt lat="43.6356840" lon="-79.3981560">
    <ele>77.9</ele>
    <time>2021-01-22T19:03:07Z</time>
   </trkpt>
   <trkpt lat="43.6356690" lon="-79.3981930">
    <ele>77.9</ele>
    <time>2021-01-22T19:03:08Z</time>
   </trkpt>
   <trkpt lat="43.6356630" lon="-79.3982040">
    <ele>78.0</ele>
    <time>2021-01-22T19:03:09Z</time>
   </trkpt>
   <trkpt lat="43.6356440" lon="-79.3982420">
    <ele>78.0</ele>
    <time>2021-01-22T19:03:10Z</time>
   </trkpt>
   <trkpt lat="43.6356370" lon="-79.3982540">
    <ele>78.0</ele>
    <time>2021-01-22T19:03:11Z</time>
   </trkpt>
   <trkpt lat="43.6356280" lon="-79.3982800">
    <ele>78.0</ele>
    <time>2021-01-22T19:03:12Z</time>
   </trkpt>
   <trkpt lat="43.6356240" lon="-79.3982970">
    <ele>78.0</ele>
    <time>2021-01-22T19:03:13Z</time>
   </trkpt>
   <trkpt lat="43.6356190" lon="-79.3983140">
    <ele>78.0</ele>
    <time>2021-01-22T19:03:14Z</time>
   </trkpt>
   <trkpt lat="43.6356050" lon="-79.3983530">
    <ele>78.0</ele>
    <time>2021-01-22T19:03:15Z</time>
   </trkpt>
   <trkpt lat="43.6356030" lon="-79.3983660">
    <ele>78.0</ele>
    <time>2021-01-22T19:03:16Z</time>
   </trkpt>
   <trkpt lat="43.6355980" lon="-79.3984100">
    <ele>78.0</ele>
    <time>2021-01-22T19:03:17Z</time>
   </trkpt>
   <trkpt lat="43.6355970" lon="-79.3984560">
    <ele>78.0</ele>
    <time>2021-01-22T19:03:18Z</time>
   </trkpt>
   <trkpt lat="43.6355930" lon="-79.3984660">
    <ele>78.0</ele>
    <time>2021-01-22T19:03:19Z</time>
   </trkpt>
   <trkpt lat="43.6355720" lon="-79.3985090">
    <ele>78.0</ele>
    <time>2021-01-22T19:03:20Z</time>
   </trkpt>
   <trkpt lat="43.6355630" lon="-79.3985200">
    <ele>78.0</ele>
    <time>2021-01-22T19:03:21Z</time>
   </trkpt>
   <trkpt lat="43.6355470" lon="-79.3985630">
    <ele>78.0</ele>
    <time>2021-01-22T19:03:22Z</time>
   </trkpt>
   <trkpt lat="43.6355430" lon="-79.3985810">
    <ele>78.0</ele>
    <time>2021-01-22T19:03:23Z</time>
   </trkpt>
   <trkpt lat="43.6355390" lon="-79.3986290">
    <ele>78.0</ele>
    <time>2021-01-22T19:03:24Z</time>
   </trkpt>
   <trkpt lat="43.6355340" lon="-79.3986420">
    <ele>78.0</ele>
    <time>2021-01-22T19:03:25Z</time>
   </trkpt>
   <trkpt lat="43.6355230" lon="-79.3986800">
    <ele>78.0</ele>
    <time>2021-01-22T19:03:26Z</time>
   </trkpt>
   <trkpt lat="43.6355140" lon="-79.3987290">
    <ele>77.9</ele>
    <time>2021-01-22T19:03:27Z</time>
   </trkpt>
   <trkpt lat="43.6355080" lon="-79.3987410">
    <ele>77.9</ele>
    <time>2021-01-22T19:03:28Z</time>
   </trkpt>
   <trkpt lat="43.6354990" lon="-79.3987880">
    <ele>77.9</ele>
    <time>2021-01-22T19:03:29Z</time>
   </trkpt>
   <trkpt lat="43.6354890" lon="-79.3988000">
    <ele>77.9</ele>
    <time>2021-01-22T19:03:30Z</time>
   </trkpt>
   <trkpt lat="43.6354700" lon="-79.3988480">
    <ele>77.9</ele>
    <time>2021-01-22T19:03:31Z</time>
   </trkpt>
   <trkpt lat="43.6354620" lon="-79.3988610">
    <ele>77.9</ele>
    <time>2021-01-22T19:03:32Z</time>
   </trkpt>
   <trkpt lat="43.6354340" lon="-79.3988980">
    <ele>77.9</ele>
    <time>2021-01-22T19:03:33Z</time>
   </trkpt>
   <trkpt lat="43.6354220" lon="-79.3989060">
    <ele>77.9</ele>
    <time>2021-01-22T19:03:34Z</time>
   </trkpt>
   <trkpt lat="43.6353960" lon="-79.3989260">
    <ele>77.9</ele>
    <time>2021-01-22T19:03:35Z</time>
   </trkpt>
   <trkpt lat="43.6353710" lon="-79.3989520">
    <ele>77.9</ele>
    <time>2021-01-22T19:03:36Z</time>
   </trkpt>
   <trkpt lat="43.6353490" lon="-79.3989810">
    <ele>77.9</ele>
    <time>2021-01-22T19:03:37Z</time>
   </trkpt>
   <trkpt lat="43.6353180" lon="-79.3989970">
    <ele>77.9</ele>
    <time>2021-01-22T19:03:38Z</time>
   </trkpt>
   <trkpt lat="43.6352910" lon="-79.3990320">
    <ele>77.9</ele>
    <time>2021-01-22T19:03:39Z</time>
   </trkpt>
   <trkpt lat="43.6352830" lon="-79.3990440">
    <ele>77.9</ele>
    <time>2021-01-22T19:03:40Z</time>
   </trkpt>
   <trkpt lat="43.6352560" lon="-79.3990730">
    <ele>77.9</ele>
    <time>2021-01-22T19:03:41Z</time>
   </trkpt>
   <trkpt lat="43.6352270" lon="-79.3991170">
    <ele>77.9</ele>
    <time>2021-01-22T19:03:42Z</time>
   </trkpt>
   <trkpt lat="43.6352160" lon="-79.3991330">
    <ele>77.9</ele>
    <time>2021-01-22T19:03:43Z</time>
   </trkpt>
   <trkpt lat="43.6351960" lon="-79.3991710">
    <ele>77.9</ele>
    <time>2021-01-22T19:03:45Z</time>
   </trkpt>
   <trkpt lat="43.6351880" lon="-79.3991860">
    <ele>77.9</ele>
    <time>2021-01-22T19:03:46Z</time>
   </trkpt>
   <trkpt lat="43.6351600" lon="-79.3992320">
    <ele>77.9</ele>
    <time>2021-01-22T19:03:47Z</time>
   </trkpt>
   <trkpt lat="43.6351450" lon="-79.3992740">
    <ele>78.0</ele>
    <time>2021-01-22T19:03:48Z</time>
   </trkpt>
   <trkpt lat="43.6351310" lon="-79.3993170">
    <ele>78.0</ele>
    <time>2021-01-22T19:03:49Z</time>
   </trkpt>
   <trkpt lat="43.6351140" lon="-79.3993480">
    <ele>78.0</ele>
    <time>2021-01-22T19:03:50Z</time>
   </trkpt>
   <trkpt lat="43.6350970" lon="-79.3993950">
    <ele>78.0</ele>
    <time>2021-01-22T19:03:51Z</time>
   </trkpt>
   <trkpt lat="43.6350900" lon="-79.3994090">
    <ele>78.0</ele>
    <time>2021-01-22T19:03:52Z</time>
   </trkpt>
   <trkpt lat="43.6350760" lon="-79.3994520">
    <ele>78.1</ele>
    <time>2021-01-22T19:03:53Z</time>
   </trkpt>
   <trkpt lat="43.6350680" lon="-79.3994630">
    <ele>78.1</ele>
    <time>2021-01-22T19:03:54Z</time>
   </trkpt>
   <trkpt lat="43.6350450" lon="-79.3994840">
    <ele>78.1</ele>
    <time>2021-01-22T19:03:55Z</time>
   </trkpt>
   <trkpt lat="43.6350330" lon="-79.3995380">
    <ele>78.1</ele>
    <time>2021-01-22T19:03:56Z</time>
   </trkpt>
   <trkpt lat="43.6350170" lon="-79.3995850">
    <ele>78.1</ele>
    <time>2021-01-22T19:03:57Z</time>
   </trkpt>
   <trkpt lat="43.6350020" lon="-79.3996240">
    <ele>78.1</ele>
    <time>2021-01-22T19:03:58Z</time>
   </trkpt>
   <trkpt lat="43.6349850" lon="-79.3996540">
    <ele>78.1</ele>
    <time>2021-01-22T19:03:59Z</time>
   </trkpt>
   <trkpt lat="43.6349570" lon="-79.3997030">
    <ele>78.1</ele>
    <time>2021-01-22T19:04:00Z</time>
   </trkpt>
   <trkpt lat="43.6349420" lon="-79.3997400">
    <ele>78.1</ele>
    <time>2021-01-22T19:04:01Z</time>
   </trkpt>
   <trkpt lat="43.6349250" lon="-79.3997850">
    <ele>78.1</ele>
    <time>2021-01-22T19:04:02Z</time>
   </trkpt>
   <trkpt lat="43.6349060" lon="-79.3998140">
    <ele>78.1</ele>
    <time>2021-01-22T19:04:03Z</time>
   </trkpt>
   <trkpt lat="43.6348840" lon="-79.3998560">
    <ele>78.1</ele>
    <time>2021-01-22T19:04:04Z</time>
   </trkpt>
   <trkpt lat="43.6348660" lon="-79.3998930">
    <ele>78.1</ele>
    <time>2021-01-22T19:04:05Z</time>
   </trkpt>
   <trkpt lat="43.6348430" lon="-79.3999250">
    <ele>78.1</ele>
    <time>2021-01-22T19:04:06Z</time>
   </trkpt>
   <trkpt lat="43.6348250" lon="-79.3999570">
    <ele>78.1</ele>
    <time>2021-01-22T19:04:07Z</time>
   </trkpt>
   <trkpt lat="43.6348070" lon="-79.3999910">
    <ele>78.1</ele>
    <time>2021-01-22T19:04:08Z</time>
   </trkpt>
   <trkpt lat="43.6347850" lon="-79.4000220">
    <ele>78.1</ele>
    <time>2021-01-22T19:04:09Z</time>
   </trkpt>
   <trkpt lat="43.6347600" lon="-79.4000580">
    <ele>78.1</ele>
    <time>2021-01-22T19:04:10Z</time>
   </trkpt>
   <trkpt lat="43.6347400" lon="-79.4000900">
    <ele>78.1</ele>
    <time>2021-01-22T19:04:11Z</time>
   </trkpt>
   <trkpt lat="43.6347240" lon="-79.4001250">
    <ele>78.1</ele>
    <time>2021-01-22T19:04:12Z</time>
   </trkpt>
   <trkpt lat="43.6346970" lon="-79.4001610">
    <ele>78.1</ele>
    <time>2021-01-22T19:04:13Z</time>
   </trkpt>
  </trkseg>
 </trk>
</gpx>
