<?xml version="1.0" encoding="UTF-8"?>
<gpx xmlns:xsi="http://www.w3.org/2001/XMLSchema-instance" xsi:schemaLocation="http://www.topografix.com/GPX/1/1 http://www.topografix.com/GPX/1/1/gpx.xsd" creator="StravaGPX" version="1.1" xmlns="http://www.topografix.com/GPX/1/1">
 <metadata>
  <time>2021-02-26T18:06:01Z</time>
 </metadata>
 <trk>
  <name>Afternoon Run</name>
  <type>running</type>
  <trkseg>
   <trkpt lat="43.6615820" lon="-79.4096300">
    <ele>111.3</ele>
    <time>2021-02-26T18:06:01Z</time>
   </trkpt>
   <trkpt lat="43.6616080" lon="-79.4095970">
    <ele>111.3</ele>
    <time>2021-02-26T18:06:02Z</time>
   </trkpt>
   <trkpt lat="43.6616170" lon="-79.4095590">
    <ele>111.3</ele>
    <time>2021-02-26T18:06:03Z</time>
   </trkpt>
   <trkpt lat="43.6616170" lon="-79.4095200">
    <ele>111.2</ele>
    <time>2021-02-26T18:06:04Z</time>
   </trkpt>
   <trkpt lat="43.6616160" lon="-79.4095080">
    <ele>111.2</ele>
    <time>2021-02-26T18:06:05Z</time>
   </trkpt>
   <trkpt lat="43.6616210" lon="-79.4094680">
    <ele>111.2</ele>
    <time>2021-02-26T18:06:06Z</time>
   </trkpt>
   <trkpt lat="43.6616420" lon="-79.4094290">
    <ele>111.2</ele>
    <time>2021-02-26T18:06:07Z</time>
   </trkpt>
   <trkpt lat="43.6616600" lon="-79.4093890">
    <ele>111.2</ele>
    <time>2021-02-26T18:06:08Z</time>
   </trkpt>
   <trkpt lat="43.6616830" lon="-79.4093300">
    <ele>111.1</ele>
    <time>2021-02-26T18:06:09Z</time>
   </trkpt>
   <trkpt lat="43.6616940" lon="-79.4093030">
    <ele>111.1</ele>
    <time>2021-02-26T18:06:10Z</time>
   </trkpt>
   <trkpt lat="43.6617130" lon="-79.4092560">
    <ele>111.1</ele>
    <time>2021-02-26T18:06:11Z</time>
   </trkpt>
   <trkpt lat="43.6617310" lon="-79.4092180">
    <ele>111.1</ele>
    <time>2021-02-26T18:06:12Z</time>
   </trkpt>
   <trkpt lat="43.6617440" lon="-79.4091840">
    <ele>111.1</ele>
    <time>2021-02-26T18:06:13Z</time>
   </trkpt>
   <trkpt lat="43.6617510" lon="-79.4091290">
    <ele>111.0</ele>
    <time>2021-02-26T18:06:14Z</time>
   </trkpt>
   <trkpt lat="43.6617610" lon="-79.4090710">
    <ele>111.0</ele>
    <time>2021-02-26T18:06:15Z</time>
   </trkpt>
   <trkpt lat="43.6617650" lon="-79.4090170">
    <ele>111.0</ele>
    <time>2021-02-26T18:06:16Z</time>
   </trkpt>
   <trkpt lat="43.6617720" lon="-79.4089590">
    <ele>111.0</ele>
    <time>2021-02-26T18:06:17Z</time>
   </trkpt>
   <trkpt lat="43.6617790" lon="-79.4089130">
    <ele>111.0</ele>
    <time>2021-02-26T18:06:18Z</time>
   </trkpt>
   <trkpt lat="43.6617870" lon="-79.4088990">
    <ele>111.0</ele>
    <time>2021-02-26T18:06:19Z</time>
   </trkpt>
   <trkpt lat="43.6618000" lon="-79.4088800">
    <ele>111.0</ele>
    <time>2021-02-26T18:06:20Z</time>
   </trkpt>
   <trkpt lat="43.6618050" lon="-79.4088740">
    <ele>111.0</ele>
    <time>2021-02-26T18:06:21Z</time>
   </trkpt>
   <trkpt lat="43.6618100" lon="-79.4088710">
    <ele>111.0</ele>
    <time>2021-02-26T18:06:22Z</time>
   </trkpt>
   <trkpt lat="43.6618130" lon="-79.4088450">
    <ele>111.0</ele>
    <time>2021-02-26T18:06:23Z</time>
   </trkpt>
   <trkpt lat="43.6618280" lon="-79.4088200">
    <ele>111.0</ele>
    <time>2021-02-26T18:06:24Z</time>
   </trkpt>
   <trkpt lat="43.6618360" lon="-79.4088050">
    <ele>111.0</ele>
    <time>2021-02-26T18:06:25Z</time>
   </trkpt>
   <trkpt lat="43.6618430" lon="-79.4087910">
    <ele>111.0</ele>
    <time>2021-02-26T18:06:26Z</time>
   </trkpt>
   <trkpt lat="43.6618650" lon="-79.4087550">
    <ele>111.0</ele>
    <time>2021-02-26T18:06:27Z</time>
   </trkpt>
   <trkpt lat="43.6618710" lon="-79.4087410">
    <ele>111.0</ele>
    <time>2021-02-26T18:06:28Z</time>
   </trkpt>
   <trkpt lat="43.6618860" lon="-79.4087030">
    <ele>111.0</ele>
    <time>2021-02-26T18:06:29Z</time>
   </trkpt>
   <trkpt lat="43.6618880" lon="-79.4086880">
    <ele>110.9</ele>
    <time>2021-02-26T18:06:30Z</time>
   </trkpt>
   <trkpt lat="43.6618970" lon="-79.4086390">
    <ele>110.9</ele>
    <time>2021-02-26T18:06:31Z</time>
   </trkpt>
   <trkpt lat="43.6618980" lon="-79.4086170">
    <ele>110.9</ele>
    <time>2021-02-26T18:06:32Z</time>
   </trkpt>
   <trkpt lat="43.6619070" lon="-79.4085660">
    <ele>110.9</ele>
    <time>2021-02-26T18:06:33Z</time>
   </trkpt>
   <trkpt lat="43.6619190" lon="-79.4085320">
    <ele>110.9</ele>
    <time>2021-02-26T18:06:34Z</time>
   </trkpt>
   <trkpt lat="43.6619300" lon="-79.4084950">
    <ele>110.9</ele>
    <time>2021-02-26T18:06:35Z</time>
   </trkpt>
   <trkpt lat="43.6619460" lon="-79.4084470">
    <ele>110.9</ele>
    <time>2021-02-26T18:06:36Z</time>
   </trkpt>
   <trkpt lat="43.6619650" lon="-79.4084150">
    <ele>110.9</ele>
    <time>2021-02-26T18:06:37Z</time>
   </trkpt>
   <trkpt lat="43.6619800" lon="-79.4083650">
    <ele>110.9</ele>
    <time>2021-02-26T18:06:38Z</time>
   </trkpt>
   <trkpt lat="43.6619920" lon="-79.4083240">
    <ele>110.9</ele>
    <time>2021-02-26T18:06:39Z</time>
   </trkpt>
   <trkpt lat="43.6620060" lon="-79.4082840">
    <ele>110.9</ele>
    <time>2021-02-26T18:06:40Z</time>
   </trkpt>
   <trkpt lat="43.6620110" lon="-79.4082640">
    <ele>110.9</ele>
    <time>2021-02-26T18:06:41Z</time>
   </trkpt>
   <trkpt lat="43.6620220" lon="-79.4082290">
    <ele>110.8</ele>
    <time>2021-02-26T18:06:42Z</time>
   </trkpt>
   <trkpt lat="43.6620340" lon="-79.4081860">
    <ele>110.8</ele>
    <time>2021-02-26T18:06:43Z</time>
   </trkpt>
   <trkpt lat="43.6620470" lon="-79.4081360">
    <ele>110.8</ele>
    <time>2021-02-26T18:06:44Z</time>
   </trkpt>
   <trkpt lat="43.6620540" lon="-79.4081200">
    <ele>110.8</ele>
    <time>2021-02-26T18:06:45Z</time>
   </trkpt>
   <trkpt lat="43.6620700" lon="-79.4080710">
    <ele>110.8</ele>
    <time>2021-02-26T18:06:46Z</time>
   </trkpt>
   <trkpt lat="43.6620730" lon="-79.4080520">
    <ele>110.8</ele>
    <time>2021-02-26T18:06:47Z</time>
   </trkpt>
   <trkpt lat="43.6620880" lon="-79.4080010">
    <ele>110.8</ele>
    <time>2021-02-26T18:06:48Z</time>
   </trkpt>
   <trkpt lat="43.6620920" lon="-79.4079820">
    <ele>110.8</ele>
    <time>2021-02-26T18:06:49Z</time>
   </trkpt>
   <trkpt lat="43.6621080" lon="-79.4079460">
    <ele>110.8</ele>
    <time>2021-02-26T18:06:50Z</time>
   </trkpt>
   <trkpt lat="43.6621200" lon="-79.4079050">
    <ele>110.8</ele>
    <time>2021-02-26T18:06:51Z</time>
   </trkpt>
   <trkpt lat="43.6621220" lon="-79.4078570">
    <ele>110.9</ele>
    <time>2021-02-26T18:06:52Z</time>
   </trkpt>
   <trkpt lat="43.6621290" lon="-79.4078140">
    <ele>110.9</ele>
    <time>2021-02-26T18:06:53Z</time>
   </trkpt>
   <trkpt lat="43.6621390" lon="-79.4077750">
    <ele>110.9</ele>
    <time>2021-02-26T18:06:54Z</time>
   </trkpt>
   <trkpt lat="43.6621370" lon="-79.4077330">
    <ele>110.9</ele>
    <time>2021-02-26T18:06:55Z</time>
   </trkpt>
   <trkpt lat="43.6621360" lon="-79.4076940">
    <ele>110.9</ele>
    <time>2021-02-26T18:06:56Z</time>
   </trkpt>
   <trkpt lat="43.6621400" lon="-79.4076510">
    <ele>110.9</ele>
    <time>2021-02-26T18:06:57Z</time>
   </trkpt>
   <trkpt lat="43.6621480" lon="-79.4076070">
    <ele>110.9</ele>
    <time>2021-02-26T18:06:58Z</time>
   </trkpt>
   <trkpt lat="43.6621520" lon="-79.4075630">
    <ele>110.9</ele>
    <time>2021-02-26T18:06:59Z</time>
   </trkpt>
   <trkpt lat="43.6621630" lon="-79.4075180">
    <ele>110.9</ele>
    <time>2021-02-26T18:07:00Z</time>
   </trkpt>
   <trkpt lat="43.6621710" lon="-79.4074690">
    <ele>110.9</ele>
    <time>2021-02-26T18:07:01Z</time>
   </trkpt>
   <trkpt lat="43.6621770" lon="-79.4074230">
    <ele>110.9</ele>
    <time>2021-02-26T18:07:02Z</time>
   </trkpt>
   <trkpt lat="43.6621890" lon="-79.4073790">
    <ele>110.9</ele>
    <time>2021-02-26T18:07:03Z</time>
   </trkpt>
   <trkpt lat="43.6621940" lon="-79.4073410">
    <ele>110.9</ele>
    <time>2021-02-26T18:07:04Z</time>
   </trkpt>
   <trkpt lat="43.6622030" lon="-79.4072840">
    <ele>110.9</ele>
    <time>2021-02-26T18:07:05Z</time>
   </trkpt>
   <trkpt lat="43.6622080" lon="-79.4072570">
    <ele>110.9</ele>
    <time>2021-02-26T18:07:06Z</time>
   </trkpt>
   <trkpt lat="43.6622140" lon="-79.4072110">
    <ele>110.9</ele>
    <time>2021-02-26T18:07:07Z</time>
   </trkpt>
   <trkpt lat="43.6622170" lon="-79.4071680">
    <ele>110.9</ele>
    <time>2021-02-26T18:07:08Z</time>
   </trkpt>
   <trkpt lat="43.6622260" lon="-79.4071320">
    <ele>110.9</ele>
    <time>2021-02-26T18:07:09Z</time>
   </trkpt>
   <trkpt lat="43.6622290" lon="-79.4071190">
    <ele>110.9</ele>
    <time>2021-02-26T18:07:10Z</time>
   </trkpt>
   <trkpt lat="43.6622410" lon="-79.4070830">
    <ele>110.9</ele>
    <time>2021-02-26T18:07:11Z</time>
   </trkpt>
   <trkpt lat="43.6622450" lon="-79.4070690">
    <ele>110.9</ele>
    <time>2021-02-26T18:07:12Z</time>
   </trkpt>
   <trkpt lat="43.6622520" lon="-79.4070280">
    <ele>110.9</ele>
    <time>2021-02-26T18:07:13Z</time>
   </trkpt>
   <trkpt lat="43.6622590" lon="-79.4069810">
    <ele>110.9</ele>
    <time>2021-02-26T18:07:14Z</time>
   </trkpt>
   <trkpt lat="43.6622610" lon="-79.4069660">
    <ele>110.9</ele>
    <time>2021-02-26T18:07:15Z</time>
   </trkpt>
   <trkpt lat="43.6622680" lon="-79.4069230">
    <ele>110.9</ele>
    <time>2021-02-26T18:07:16Z</time>
   </trkpt>
   <trkpt lat="43.6622700" lon="-79.4069080">
    <ele>110.9</ele>
    <time>2021-02-26T18:07:17Z</time>
   </trkpt>
   <trkpt lat="43.6622850" lon="-79.4068550">
    <ele>110.9</ele>
    <time>2021-02-26T18:07:18Z</time>
   </trkpt>
   <trkpt lat="43.6622890" lon="-79.4068360">
    <ele>110.9</ele>
    <time>2021-02-26T18:07:19Z</time>
   </trkpt>
   <trkpt lat="43.6622920" lon="-79.4067980">
    <ele>110.9</ele>
    <time>2021-02-26T18:07:20Z</time>
   </trkpt>
   <trkpt lat="43.6622990" lon="-79.4067500">
    <ele>110.9</ele>
    <time>2021-02-26T18:07:21Z</time>
   </trkpt>
   <trkpt lat="43.6623060" lon="-79.4067050">
    <ele>110.9</ele>
    <time>2021-02-26T18:07:22Z</time>
   </trkpt>
   <trkpt lat="43.6623180" lon="-79.4066500">
    <ele>110.8</ele>
    <time>2021-02-26T18:07:23Z</time>
   </trkpt>
   <trkpt lat="43.6623270" lon="-79.4066030">
    <ele>110.8</ele>
    <time>2021-02-26T18:07:24Z</time>
   </trkpt>
   <trkpt lat="43.6623340" lon="-79.4065500">
    <ele>110.8</ele>
    <time>2021-02-26T18:07:25Z</time>
   </trkpt>
   <trkpt lat="43.6623420" lon="-79.4065120">
    <ele>110.8</ele>
    <time>2021-02-26T18:07:26Z</time>
   </trkpt>
   <trkpt lat="43.6623610" lon="-79.4064690">
    <ele>110.8</ele>
    <time>2021-02-26T18:07:27Z</time>
   </trkpt>
   <trkpt lat="43.6623680" lon="-79.4064550">
    <ele>110.8</ele>
    <time>2021-02-26T18:07:28Z</time>
   </trkpt>
   <trkpt lat="43.6623760" lon="-79.4064350">
    <ele>110.8</ele>
    <time>2021-02-26T18:07:29Z</time>
   </trkpt>
   <trkpt lat="43.6623800" lon="-79.4064140">
    <ele>110.8</ele>
    <time>2021-02-26T18:07:30Z</time>
   </trkpt>
   <trkpt lat="43.6623880" lon="-79.4063710">
    <ele>110.8</ele>
    <time>2021-02-26T18:07:31Z</time>
   </trkpt>
   <trkpt lat="43.6623920" lon="-79.4063490">
    <ele>110.8</ele>
    <time>2021-02-26T18:07:32Z</time>
   </trkpt>
   <trkpt lat="43.6624010" lon="-79.4063040">
    <ele>110.8</ele>
    <time>2021-02-26T18:07:33Z</time>
   </trkpt>
   <trkpt lat="43.6624050" lon="-79.4062530">
    <ele>110.8</ele>
    <time>2021-02-26T18:07:34Z</time>
   </trkpt>
   <trkpt lat="43.6624070" lon="-79.4062060">
    <ele>110.8</ele>
    <time>2021-02-26T18:07:35Z</time>
   </trkpt>
   <trkpt lat="43.6624120" lon="-79.4061590">
    <ele>110.8</ele>
    <time>2021-02-26T18:07:36Z</time>
   </trkpt>
   <trkpt lat="43.6624220" lon="-79.4061170">
    <ele>110.8</ele>
    <time>2021-02-26T18:07:37Z</time>
   </trkpt>
   <trkpt lat="43.6624340" lon="-79.4060670">
    <ele>110.8</ele>
    <time>2021-02-26T18:07:38Z</time>
   </trkpt>
   <trkpt lat="43.6624370" lon="-79.4060500">
    <ele>110.8</ele>
    <time>2021-02-26T18:07:39Z</time>
   </trkpt>
   <trkpt lat="43.6624440" lon="-79.4059930">
    <ele>110.8</ele>
    <time>2021-02-26T18:07:40Z</time>
   </trkpt>
   <trkpt lat="43.6624480" lon="-79.4059720">
    <ele>110.8</ele>
    <time>2021-02-26T18:07:41Z</time>
   </trkpt>
   <trkpt lat="43.6624610" lon="-79.4059360">
    <ele>110.8</ele>
    <time>2021-02-26T18:07:42Z</time>
   </trkpt>
   <trkpt lat="43.6624780" lon="-79.4059000">
    <ele>110.8</ele>
    <time>2021-02-26T18:07:43Z</time>
   </trkpt>
   <trkpt lat="43.6624840" lon="-79.4058600">
    <ele>110.8</ele>
    <time>2021-02-26T18:07:44Z</time>
   </trkpt>
   <trkpt lat="43.6624940" lon="-79.4058170">
    <ele>110.8</ele>
    <time>2021-02-26T18:07:45Z</time>
   </trkpt>
   <trkpt lat="43.6625010" lon="-79.4057800">
    <ele>110.8</ele>
    <time>2021-02-26T18:07:46Z</time>
   </trkpt>
   <trkpt lat="43.6625120" lon="-79.4057440">
    <ele>110.8</ele>
    <time>2021-02-26T18:07:47Z</time>
   </trkpt>
   <trkpt lat="43.6625150" lon="-79.4057030">
    <ele>110.8</ele>
    <time>2021-02-26T18:07:48Z</time>
   </trkpt>
   <trkpt lat="43.6625260" lon="-79.4056540">
    <ele>110.8</ele>
    <time>2021-02-26T18:07:49Z</time>
   </trkpt>
   <trkpt lat="43.6625250" lon="-79.4056340">
    <ele>110.8</ele>
    <time>2021-02-26T18:07:50Z</time>
   </trkpt>
   <trkpt lat="43.6625330" lon="-79.4055830">
    <ele>110.8</ele>
    <time>2021-02-26T18:07:51Z</time>
   </trkpt>
   <trkpt lat="43.6625360" lon="-79.4055670">
    <ele>110.8</ele>
    <time>2021-02-26T18:07:52Z</time>
   </trkpt>
   <trkpt lat="43.6625450" lon="-79.4055230">
    <ele>110.8</ele>
    <time>2021-02-26T18:07:53Z</time>
   </trkpt>
   <trkpt lat="43.6625540" lon="-79.4054720">
    <ele>110.8</ele>
    <time>2021-02-26T18:07:54Z</time>
   </trkpt>
   <trkpt lat="43.6625560" lon="-79.4054530">
    <ele>110.8</ele>
    <time>2021-02-26T18:07:55Z</time>
   </trkpt>
   <trkpt lat="43.6625630" lon="-79.4054010">
    <ele>110.7</ele>
    <time>2021-02-26T18:07:56Z</time>
   </trkpt>
   <trkpt lat="43.6625630" lon="-79.4053840">
    <ele>110.7</ele>
    <time>2021-02-26T18:07:57Z</time>
   </trkpt>
   <trkpt lat="43.6625780" lon="-79.4053320">
    <ele>110.7</ele>
    <time>2021-02-26T18:07:58Z</time>
   </trkpt>
   <trkpt lat="43.6625810" lon="-79.4053130">
    <ele>110.7</ele>
    <time>2021-02-26T18:07:59Z</time>
   </trkpt>
   <trkpt lat="43.6625950" lon="-79.4052700">
    <ele>110.7</ele>
    <time>2021-02-26T18:08:00Z</time>
   </trkpt>
   <trkpt lat="43.6625980" lon="-79.4052540">
    <ele>110.7</ele>
    <time>2021-02-26T18:08:01Z</time>
   </trkpt>
   <trkpt lat="43.6626050" lon="-79.4052100">
    <ele>110.7</ele>
    <time>2021-02-26T18:08:02Z</time>
   </trkpt>
   <trkpt lat="43.6626240" lon="-79.4051610">
    <ele>110.7</ele>
    <time>2021-02-26T18:08:03Z</time>
   </trkpt>
   <trkpt lat="43.6626300" lon="-79.4051450">
    <ele>110.7</ele>
    <time>2021-02-26T18:08:04Z</time>
   </trkpt>
   <trkpt lat="43.6626350" lon="-79.4051070">
    <ele>110.7</ele>
    <time>2021-02-26T18:08:05Z</time>
   </trkpt>
   <trkpt lat="43.6626430" lon="-79.4050580">
    <ele>110.7</ele>
    <time>2021-02-26T18:08:06Z</time>
   </trkpt>
   <trkpt lat="43.6626450" lon="-79.4050420">
    <ele>110.7</ele>
    <time>2021-02-26T18:08:07Z</time>
   </trkpt>
   <trkpt lat="43.6626480" lon="-79.4049960">
    <ele>110.7</ele>
    <time>2021-02-26T18:08:08Z</time>
   </trkpt>
   <trkpt lat="43.6626630" lon="-79.4049480">
    <ele>110.7</ele>
    <time>2021-02-26T18:08:09Z</time>
   </trkpt>
   <trkpt lat="43.6626700" lon="-79.4049350">
    <ele>110.7</ele>
    <time>2021-02-26T18:08:10Z</time>
   </trkpt>
   <trkpt lat="43.6626830" lon="-79.4048980">
    <ele>110.7</ele>
    <time>2021-02-26T18:08:11Z</time>
   </trkpt>
   <trkpt lat="43.6626950" lon="-79.4048500">
    <ele>110.7</ele>
    <time>2021-02-26T18:08:12Z</time>
   </trkpt>
   <trkpt lat="43.6626950" lon="-79.4048330">
    <ele>110.7</ele>
    <time>2021-02-26T18:08:13Z</time>
   </trkpt>
   <trkpt lat="43.6626960" lon="-79.4047840">
    <ele>110.7</ele>
    <time>2021-02-26T18:08:14Z</time>
   </trkpt>
   <trkpt lat="43.6627010" lon="-79.4047330">
    <ele>110.6</ele>
    <time>2021-02-26T18:08:15Z</time>
   </trkpt>
   <trkpt lat="43.6627030" lon="-79.4047180">
    <ele>110.6</ele>
    <time>2021-02-26T18:08:16Z</time>
   </trkpt>
   <trkpt lat="43.6627190" lon="-79.4046700">
    <ele>110.6</ele>
    <time>2021-02-26T18:08:17Z</time>
   </trkpt>
   <trkpt lat="43.6627230" lon="-79.4046530">
    <ele>110.6</ele>
    <time>2021-02-26T18:08:18Z</time>
   </trkpt>
   <trkpt lat="43.6627260" lon="-79.4046090">
    <ele>110.6</ele>
    <time>2021-02-26T18:08:19Z</time>
   </trkpt>
   <trkpt lat="43.6627240" lon="-79.4045900">
    <ele>110.6</ele>
    <time>2021-02-26T18:08:20Z</time>
   </trkpt>
   <trkpt lat="43.6627370" lon="-79.4045410">
    <ele>110.6</ele>
    <time>2021-02-26T18:08:21Z</time>
   </trkpt>
   <trkpt lat="43.6627420" lon="-79.4045270">
    <ele>110.6</ele>
    <time>2021-02-26T18:08:22Z</time>
   </trkpt>
   <trkpt lat="43.6627580" lon="-79.4044930">
    <ele>110.6</ele>
    <time>2021-02-26T18:08:23Z</time>
   </trkpt>
   <trkpt lat="43.6627650" lon="-79.4044450">
    <ele>110.6</ele>
    <time>2021-02-26T18:08:24Z</time>
   </trkpt>
   <trkpt lat="43.6627670" lon="-79.4044240">
    <ele>110.6</ele>
    <time>2021-02-26T18:08:25Z</time>
   </trkpt>
   <trkpt lat="43.6627640" lon="-79.4043840">
    <ele>110.6</ele>
    <time>2021-02-26T18:08:26Z</time>
   </trkpt>
   <trkpt lat="43.6627770" lon="-79.4043430">
    <ele>110.6</ele>
    <time>2021-02-26T18:08:27Z</time>
   </trkpt>
   <trkpt lat="43.6627840" lon="-79.4043270">
    <ele>110.6</ele>
    <time>2021-02-26T18:08:28Z</time>
   </trkpt>
   <trkpt lat="43.6627890" lon="-79.4042860">
    <ele>110.6</ele>
    <time>2021-02-26T18:08:29Z</time>
   </trkpt>
   <trkpt lat="43.6627980" lon="-79.4042370">
    <ele>110.6</ele>
    <time>2021-02-26T18:08:30Z</time>
   </trkpt>
   <trkpt lat="43.6628080" lon="-79.4041890">
    <ele>110.6</ele>
    <time>2021-02-26T18:08:31Z</time>
   </trkpt>
   <trkpt lat="43.6628270" lon="-79.4041340">
    <ele>110.6</ele>
    <time>2021-02-26T18:08:32Z</time>
   </trkpt>
   <trkpt lat="43.6628350" lon="-79.4041120">
    <ele>110.6</ele>
    <time>2021-02-26T18:08:33Z</time>
   </trkpt>
   <trkpt lat="43.6628430" lon="-79.4040700">
    <ele>110.6</ele>
    <time>2021-02-26T18:08:34Z</time>
   </trkpt>
   <trkpt lat="43.6628560" lon="-79.4040360">
    <ele>110.6</ele>
    <time>2021-02-26T18:08:35Z</time>
   </trkpt>
   <trkpt lat="43.6628710" lon="-79.4039980">
    <ele>110.6</ele>
    <time>2021-02-26T18:08:36Z</time>
   </trkpt>
   <trkpt lat="43.6628790" lon="-79.4039590">
    <ele>110.6</ele>
    <time>2021-02-26T18:08:37Z</time>
   </trkpt>
   <trkpt lat="43.6628910" lon="-79.4039250">
    <ele>110.5</ele>
    <time>2021-02-26T18:08:38Z</time>
   </trkpt>
   <trkpt lat="43.6629050" lon="-79.4038870">
    <ele>110.5</ele>
    <time>2021-02-26T18:08:39Z</time>
   </trkpt>
   <trkpt lat="43.6629160" lon="-79.4038360">
    <ele>110.5</ele>
    <time>2021-02-26T18:08:40Z</time>
   </trkpt>
   <trkpt lat="43.6629190" lon="-79.4038130">
    <ele>110.5</ele>
    <time>2021-02-26T18:08:41Z</time>
   </trkpt>
   <trkpt lat="43.6629300" lon="-79.4037560">
    <ele>110.5</ele>
    <time>2021-02-26T18:08:42Z</time>
   </trkpt>
   <trkpt lat="43.6629320" lon="-79.4037330">
    <ele>110.5</ele>
    <time>2021-02-26T18:08:43Z</time>
   </trkpt>
   <trkpt lat="43.6629330" lon="-79.4036840">
    <ele>110.5</ele>
    <time>2021-02-26T18:08:44Z</time>
   </trkpt>
   <trkpt lat="43.6629400" lon="-79.4036370">
    <ele>110.5</ele>
    <time>2021-02-26T18:08:45Z</time>
   </trkpt>
   <trkpt lat="43.6629550" lon="-79.4036020">
    <ele>110.5</ele>
    <time>2021-02-26T18:08:46Z</time>
   </trkpt>
   <trkpt lat="43.6629600" lon="-79.4035870">
    <ele>110.5</ele>
    <time>2021-02-26T18:08:47Z</time>
   </trkpt>
   <trkpt lat="43.6629680" lon="-79.4035460">
    <ele>110.5</ele>
    <time>2021-02-26T18:08:48Z</time>
   </trkpt>
   <trkpt lat="43.6629660" lon="-79.4035330">
    <ele>110.5</ele>
    <time>2021-02-26T18:08:49Z</time>
   </trkpt>
   <trkpt lat="43.6629770" lon="-79.4034950">
    <ele>110.4</ele>
    <time>2021-02-26T18:08:50Z</time>
   </trkpt>
   <trkpt lat="43.6629880" lon="-79.4034580">
    <ele>110.4</ele>
    <time>2021-02-26T18:08:51Z</time>
   </trkpt>
   <trkpt lat="43.6630060" lon="-79.4034250">
    <ele>110.4</ele>
    <time>2021-02-26T18:08:52Z</time>
   </trkpt>
   <trkpt lat="43.6630080" lon="-79.4034160">
    <ele>110.4</ele>
    <time>2021-02-26T18:08:53Z</time>
   </trkpt>
   <trkpt lat="43.6630270" lon="-79.4033740">
    <ele>110.4</ele>
    <time>2021-02-26T18:08:54Z</time>
   </trkpt>
   <trkpt lat="43.6630340" lon="-79.4033600">
    <ele>110.4</ele>
    <time>2021-02-26T18:08:55Z</time>
   </trkpt>
   <trkpt lat="43.6630460" lon="-79.4033150">
    <ele>110.4</ele>
    <time>2021-02-26T18:08:56Z</time>
   </trkpt>
   <trkpt lat="43.6630480" lon="-79.4033020">
    <ele>110.4</ele>
    <time>2021-02-26T18:08:57Z</time>
   </trkpt>
   <trkpt lat="43.6630510" lon="-79.4032460">
    <ele>110.4</ele>
    <time>2021-02-26T18:08:58Z</time>
   </trkpt>
   <trkpt lat="43.6630520" lon="-79.4032210">
    <ele>110.4</ele>
    <time>2021-02-26T18:08:59Z</time>
   </trkpt>
   <trkpt lat="43.6630540" lon="-79.4031760">
    <ele>110.4</ele>
    <time>2021-02-26T18:09:00Z</time>
   </trkpt>
   <trkpt lat="43.6630590" lon="-79.4031330">
    <ele>110.4</ele>
    <time>2021-02-26T18:09:01Z</time>
   </trkpt>
   <trkpt lat="43.6630650" lon="-79.4030860">
    <ele>110.4</ele>
    <time>2021-02-26T18:09:02Z</time>
   </trkpt>
   <trkpt lat="43.6630720" lon="-79.4030400">
    <ele>110.4</ele>
    <time>2021-02-26T18:09:03Z</time>
   </trkpt>
   <trkpt lat="43.6630740" lon="-79.4030260">
    <ele>110.4</ele>
    <time>2021-02-26T18:09:04Z</time>
   </trkpt>
   <trkpt lat="43.6630860" lon="-79.4029850">
    <ele>110.4</ele>
    <time>2021-02-26T18:09:05Z</time>
   </trkpt>
   <trkpt lat="43.6630950" lon="-79.4029460">
    <ele>110.4</ele>
    <time>2021-02-26T18:09:06Z</time>
   </trkpt>
   <trkpt lat="43.6631010" lon="-79.4028990">
    <ele>110.4</ele>
    <time>2021-02-26T18:09:07Z</time>
   </trkpt>
   <trkpt lat="43.6631010" lon="-79.4028550">
    <ele>110.4</ele>
    <time>2021-02-26T18:09:08Z</time>
   </trkpt>
   <trkpt lat="43.6631120" lon="-79.4028040">
    <ele>110.4</ele>
    <time>2021-02-26T18:09:09Z</time>
   </trkpt>
   <trkpt lat="43.6631170" lon="-79.4027830">
    <ele>110.4</ele>
    <time>2021-02-26T18:09:10Z</time>
   </trkpt>
   <trkpt lat="43.6631290" lon="-79.4027380">
    <ele>110.4</ele>
    <time>2021-02-26T18:09:11Z</time>
   </trkpt>
   <trkpt lat="43.6631340" lon="-79.4027250">
    <ele>110.4</ele>
    <time>2021-02-26T18:09:12Z</time>
   </trkpt>
   <trkpt lat="43.6631470" lon="-79.4026760">
    <ele>110.5</ele>
    <time>2021-02-26T18:09:13Z</time>
   </trkpt>
   <trkpt lat="43.6631500" lon="-79.4026580">
    <ele>110.5</ele>
    <time>2021-02-26T18:09:14Z</time>
   </trkpt>
   <trkpt lat="43.6631610" lon="-79.4026230">
    <ele>110.5</ele>
    <time>2021-02-26T18:09:15Z</time>
   </trkpt>
   <trkpt lat="43.6631720" lon="-79.4025830">
    <ele>110.5</ele>
    <time>2021-02-26T18:09:16Z</time>
   </trkpt>
   <trkpt lat="43.6631710" lon="-79.4025380">
    <ele>110.5</ele>
    <time>2021-02-26T18:09:17Z</time>
   </trkpt>
   <trkpt lat="43.6631700" lon="-79.4024900">
    <ele>110.5</ele>
    <time>2021-02-26T18:09:18Z</time>
   </trkpt>
   <trkpt lat="43.6631780" lon="-79.4024380">
    <ele>110.5</ele>
    <time>2021-02-26T18:09:19Z</time>
   </trkpt>
   <trkpt lat="43.6631810" lon="-79.4024190">
    <ele>110.5</ele>
    <time>2021-02-26T18:09:20Z</time>
   </trkpt>
   <trkpt lat="43.6632010" lon="-79.4023780">
    <ele>110.5</ele>
    <time>2021-02-26T18:09:21Z</time>
   </trkpt>
   <trkpt lat="43.6632040" lon="-79.4023620">
    <ele>110.5</ele>
    <time>2021-02-26T18:09:22Z</time>
   </trkpt>
   <trkpt lat="43.6632170" lon="-79.4023260">
    <ele>110.5</ele>
    <time>2021-02-26T18:09:23Z</time>
   </trkpt>
   <trkpt lat="43.6632370" lon="-79.4022890">
    <ele>110.5</ele>
    <time>2021-02-26T18:09:24Z</time>
   </trkpt>
   <trkpt lat="43.6632430" lon="-79.4022790">
    <ele>110.5</ele>
    <time>2021-02-26T18:09:25Z</time>
   </trkpt>
   <trkpt lat="43.6632490" lon="-79.4022320">
    <ele>110.5</ele>
    <time>2021-02-26T18:09:26Z</time>
   </trkpt>
   <trkpt lat="43.6632620" lon="-79.4021880">
    <ele>110.5</ele>
    <time>2021-02-26T18:09:27Z</time>
   </trkpt>
   <trkpt lat="43.6632670" lon="-79.4021710">
    <ele>110.5</ele>
    <time>2021-02-26T18:09:28Z</time>
   </trkpt>
   <trkpt lat="43.6632790" lon="-79.4021310">
    <ele>110.5</ele>
    <time>2021-02-26T18:09:29Z</time>
   </trkpt>
   <trkpt lat="43.6632860" lon="-79.4020710">
    <ele>110.5</ele>
    <time>2021-02-26T18:09:30Z</time>
   </trkpt>
   <trkpt lat="43.6632900" lon="-79.4020470">
    <ele>110.5</ele>
    <time>2021-02-26T18:09:31Z</time>
   </trkpt>
   <trkpt lat="43.6633030" lon="-79.4019970">
    <ele>110.4</ele>
    <time>2021-02-26T18:09:32Z</time>
   </trkpt>
   <trkpt lat="43.6633090" lon="-79.4019820">
    <ele>110.4</ele>
    <time>2021-02-26T18:09:33Z</time>
   </trkpt>
   <trkpt lat="43.6633180" lon="-79.4019430">
    <ele>110.4</ele>
    <time>2021-02-26T18:09:34Z</time>
   </trkpt>
   <trkpt lat="43.6633190" lon="-79.4018990">
    <ele>110.4</ele>
    <time>2021-02-26T18:09:35Z</time>
   </trkpt>
   <trkpt lat="43.6633200" lon="-79.4018850">
    <ele>110.4</ele>
    <time>2021-02-26T18:09:36Z</time>
   </trkpt>
   <trkpt lat="43.6633340" lon="-79.4018500">
    <ele>110.4</ele>
    <time>2021-02-26T18:09:37Z</time>
   </trkpt>
   <trkpt lat="43.6633420" lon="-79.4018100">
    <ele>110.3</ele>
    <time>2021-02-26T18:09:38Z</time>
   </trkpt>
   <trkpt lat="43.6633550" lon="-79.4017760">
    <ele>110.3</ele>
    <time>2021-02-26T18:09:39Z</time>
   </trkpt>
   <trkpt lat="43.6633640" lon="-79.4017320">
    <ele>110.3</ele>
    <time>2021-02-26T18:09:40Z</time>
   </trkpt>
   <trkpt lat="43.6633710" lon="-79.4016890">
    <ele>110.3</ele>
    <time>2021-02-26T18:09:41Z</time>
   </trkpt>
   <trkpt lat="43.6633780" lon="-79.4016350">
    <ele>110.2</ele>
    <time>2021-02-26T18:09:42Z</time>
   </trkpt>
   <trkpt lat="43.6633770" lon="-79.4016120">
    <ele>110.2</ele>
    <time>2021-02-26T18:09:43Z</time>
   </trkpt>
   <trkpt lat="43.6633820" lon="-79.4015750">
    <ele>110.2</ele>
    <time>2021-02-26T18:09:44Z</time>
   </trkpt>
   <trkpt lat="43.6634000" lon="-79.4015210">
    <ele>110.2</ele>
    <time>2021-02-26T18:09:45Z</time>
   </trkpt>
   <trkpt lat="43.6634080" lon="-79.4014960">
    <ele>110.2</ele>
    <time>2021-02-26T18:09:46Z</time>
   </trkpt>
   <trkpt lat="43.6634080" lon="-79.4014560">
    <ele>110.1</ele>
    <time>2021-02-26T18:09:47Z</time>
   </trkpt>
   <trkpt lat="43.6634110" lon="-79.4014110">
    <ele>110.1</ele>
    <time>2021-02-26T18:09:48Z</time>
   </trkpt>
   <trkpt lat="43.6634050" lon="-79.4013580">
    <ele>110.1</ele>
    <time>2021-02-26T18:09:49Z</time>
   </trkpt>
   <trkpt lat="43.6634040" lon="-79.4013360">
    <ele>110.1</ele>
    <time>2021-02-26T18:09:50Z</time>
   </trkpt>
   <trkpt lat="43.6634110" lon="-79.4012930">
    <ele>110.1</ele>
    <time>2021-02-26T18:09:51Z</time>
   </trkpt>
   <trkpt lat="43.6634130" lon="-79.4012400">
    <ele>110.1</ele>
    <time>2021-02-26T18:09:52Z</time>
   </trkpt>
   <trkpt lat="43.6634330" lon="-79.4011910">
    <ele>110.1</ele>
    <time>2021-02-26T18:09:53Z</time>
   </trkpt>
   <trkpt lat="43.6634410" lon="-79.4011680">
    <ele>110.1</ele>
    <time>2021-02-26T18:09:54Z</time>
   </trkpt>
   <trkpt lat="43.6634460" lon="-79.4011100">
    <ele>110.1</ele>
    <time>2021-02-26T18:09:55Z</time>
   </trkpt>
   <trkpt lat="43.6634460" lon="-79.4010600">
    <ele>110.1</ele>
    <time>2021-02-26T18:09:56Z</time>
   </trkpt>
   <trkpt lat="43.6634670" lon="-79.4010180">
    <ele>110.1</ele>
    <time>2021-02-26T18:09:57Z</time>
   </trkpt>
   <trkpt lat="43.6634840" lon="-79.4009870">
    <ele>110.1</ele>
    <time>2021-02-26T18:09:58Z</time>
   </trkpt>
   <trkpt lat="43.6634960" lon="-79.4009380">
    <ele>110.1</ele>
    <time>2021-02-26T18:09:59Z</time>
   </trkpt>
   <trkpt lat="43.6635020" lon="-79.4009210">
    <ele>110.1</ele>
    <time>2021-02-26T18:10:00Z</time>
   </trkpt>
   <trkpt lat="43.6635170" lon="-79.4008880">
    <ele>110.0</ele>
    <time>2021-02-26T18:10:01Z</time>
   </trkpt>
   <trkpt lat="43.6635220" lon="-79.4008450">
    <ele>110.0</ele>
    <time>2021-02-26T18:10:02Z</time>
   </trkpt>
   <trkpt lat="43.6635310" lon="-79.4008060">
    <ele>110.0</ele>
    <time>2021-02-26T18:10:03Z</time>
   </trkpt>
   <trkpt lat="43.6635430" lon="-79.4007650">
    <ele>110.0</ele>
    <time>2021-02-26T18:10:04Z</time>
   </trkpt>
   <trkpt lat="43.6635550" lon="-79.4007260">
    <ele>110.0</ele>
    <time>2021-02-26T18:10:05Z</time>
   </trkpt>
   <trkpt lat="43.6635660" lon="-79.4006830">
    <ele>110.0</ele>
    <time>2021-02-26T18:10:06Z</time>
   </trkpt>
   <trkpt lat="43.6635710" lon="-79.4006650">
    <ele>110.0</ele>
    <time>2021-02-26T18:10:07Z</time>
   </trkpt>
   <trkpt lat="43.6635890" lon="-79.4006310">
    <ele>110.0</ele>
    <time>2021-02-26T18:10:08Z</time>
   </trkpt>
   <trkpt lat="43.6636020" lon="-79.4005930">
    <ele>110.0</ele>
    <time>2021-02-26T18:10:09Z</time>
   </trkpt>
   <trkpt lat="43.6636140" lon="-79.4005540">
    <ele>110.0</ele>
    <time>2021-02-26T18:10:10Z</time>
   </trkpt>
   <trkpt lat="43.6636200" lon="-79.4005370">
    <ele>110.0</ele>
    <time>2021-02-26T18:10:11Z</time>
   </trkpt>
   <trkpt lat="43.6636390" lon="-79.4005080">
    <ele>110.0</ele>
    <time>2021-02-26T18:10:12Z</time>
   </trkpt>
   <trkpt lat="43.6636480" lon="-79.4004960">
    <ele>110.0</ele>
    <time>2021-02-26T18:10:13Z</time>
   </trkpt>
   <trkpt lat="43.6636470" lon="-79.4004460">
    <ele>110.0</ele>
    <time>2021-02-26T18:10:14Z</time>
   </trkpt>
   <trkpt lat="43.6636410" lon="-79.4004260">
    <ele>110.0</ele>
    <time>2021-02-26T18:10:15Z</time>
   </trkpt>
   <trkpt lat="43.6636230" lon="-79.4003790">
    <ele>110.0</ele>
    <time>2021-02-26T18:10:16Z</time>
   </trkpt>
   <trkpt lat="43.6636190" lon="-79.4003260">
    <ele>110.0</ele>
    <time>2021-02-26T18:10:17Z</time>
   </trkpt>
   <trkpt lat="43.6636250" lon="-79.4002870">
    <ele>110.0</ele>
    <time>2021-02-26T18:10:18Z</time>
   </trkpt>
   <trkpt lat="43.6636340" lon="-79.4002420">
    <ele>110.0</ele>
    <time>2021-02-26T18:10:19Z</time>
   </trkpt>
   <trkpt lat="43.6636460" lon="-79.4001900">
    <ele>110.0</ele>
    <time>2021-02-26T18:10:20Z</time>
   </trkpt>
   <trkpt lat="43.6636560" lon="-79.4001320">
    <ele>110.0</ele>
    <time>2021-02-26T18:10:21Z</time>
   </trkpt>
   <trkpt lat="43.6636650" lon="-79.4000920">
    <ele>109.9</ele>
    <time>2021-02-26T18:10:22Z</time>
   </trkpt>
   <trkpt lat="43.6636750" lon="-79.4000440">
    <ele>109.9</ele>
    <time>2021-02-26T18:10:23Z</time>
   </trkpt>
   <trkpt lat="43.6636860" lon="-79.4000040">
    <ele>109.9</ele>
    <time>2021-02-26T18:10:24Z</time>
   </trkpt>
   <trkpt lat="43.6636950" lon="-79.3999440">
    <ele>109.9</ele>
    <time>2021-02-26T18:10:25Z</time>
   </trkpt>
   <trkpt lat="43.6637130" lon="-79.3998880">
    <ele>109.8</ele>
    <time>2021-02-26T18:10:26Z</time>
   </trkpt>
   <trkpt lat="43.6637210" lon="-79.3998360">
    <ele>109.8</ele>
    <time>2021-02-26T18:10:27Z</time>
   </trkpt>
   <trkpt lat="43.6637320" lon="-79.3997860">
    <ele>109.8</ele>
    <time>2021-02-26T18:10:28Z</time>
   </trkpt>
   <trkpt lat="43.6637330" lon="-79.3997690">
    <ele>109.8</ele>
    <time>2021-02-26T18:10:29Z</time>
   </trkpt>
   <trkpt lat="43.6637460" lon="-79.3997280">
    <ele>109.8</ele>
    <time>2021-02-26T18:10:30Z</time>
   </trkpt>
   <trkpt lat="43.6637500" lon="-79.3997130">
    <ele>109.8</ele>
    <time>2021-02-26T18:10:31Z</time>
   </trkpt>
   <trkpt lat="43.6637570" lon="-79.3996600">
    <ele>109.8</ele>
    <time>2021-02-26T18:10:32Z</time>
   </trkpt>
   <trkpt lat="43.6637610" lon="-79.3996410">
    <ele>109.8</ele>
    <time>2021-02-26T18:10:33Z</time>
   </trkpt>
   <trkpt lat="43.6637630" lon="-79.3995870">
    <ele>109.8</ele>
    <time>2021-02-26T18:10:34Z</time>
   </trkpt>
   <trkpt lat="43.6637660" lon="-79.3995670">
    <ele>109.8</ele>
    <time>2021-02-26T18:10:35Z</time>
   </trkpt>
   <trkpt lat="43.6637810" lon="-79.3995200">
    <ele>109.7</ele>
    <time>2021-02-26T18:10:36Z</time>
   </trkpt>
   <trkpt lat="43.6637860" lon="-79.3995040">
    <ele>109.7</ele>
    <time>2021-02-26T18:10:37Z</time>
   </trkpt>
   <trkpt lat="43.6637950" lon="-79.3994610">
    <ele>109.7</ele>
    <time>2021-02-26T18:10:38Z</time>
   </trkpt>
   <trkpt lat="43.6638020" lon="-79.3994200">
    <ele>109.7</ele>
    <time>2021-02-26T18:10:39Z</time>
   </trkpt>
   <trkpt lat="43.6638050" lon="-79.3993730">
    <ele>109.7</ele>
    <time>2021-02-26T18:10:40Z</time>
   </trkpt>
   <trkpt lat="43.6638090" lon="-79.3993560">
    <ele>109.7</ele>
    <time>2021-02-26T18:10:41Z</time>
   </trkpt>
   <trkpt lat="43.6638210" lon="-79.3993220">
    <ele>109.7</ele>
    <time>2021-02-26T18:10:42Z</time>
   </trkpt>
   <trkpt lat="43.6638390" lon="-79.3992820">
    <ele>109.7</ele>
    <time>2021-02-26T18:10:43Z</time>
   </trkpt>
   <trkpt lat="43.6638460" lon="-79.3992700">
    <ele>109.7</ele>
    <time>2021-02-26T18:10:44Z</time>
   </trkpt>
   <trkpt lat="43.6638680" lon="-79.3992330">
    <ele>109.7</ele>
    <time>2021-02-26T18:10:45Z</time>
   </trkpt>
   <trkpt lat="43.6638770" lon="-79.3992180">
    <ele>109.7</ele>
    <time>2021-02-26T18:10:46Z</time>
   </trkpt>
   <trkpt lat="43.6639030" lon="-79.3991780">
    <ele>109.6</ele>
    <time>2021-02-26T18:10:47Z</time>
   </trkpt>
   <trkpt lat="43.6639130" lon="-79.3991630">
    <ele>109.6</ele>
    <time>2021-02-26T18:10:48Z</time>
   </trkpt>
   <trkpt lat="43.6639350" lon="-79.3991150">
    <ele>109.6</ele>
    <time>2021-02-26T18:10:49Z</time>
   </trkpt>
   <trkpt lat="43.6639420" lon="-79.3990980">
    <ele>109.6</ele>
    <time>2021-02-26T18:10:50Z</time>
   </trkpt>
   <trkpt lat="43.6639650" lon="-79.3990680">
    <ele>109.6</ele>
    <time>2021-02-26T18:10:51Z</time>
   </trkpt>
   <trkpt lat="43.6639700" lon="-79.3990600">
    <ele>109.6</ele>
    <time>2021-02-26T18:10:52Z</time>
   </trkpt>
   <trkpt lat="43.6639950" lon="-79.3990350">
    <ele>109.6</ele>
    <time>2021-02-26T18:10:53Z</time>
   </trkpt>
   <trkpt lat="43.6640020" lon="-79.3990300">
    <ele>109.6</ele>
    <time>2021-02-26T18:10:54Z</time>
   </trkpt>
   <trkpt lat="43.6640340" lon="-79.3990210">
    <ele>109.7</ele>
    <time>2021-02-26T18:10:55Z</time>
   </trkpt>
   <trkpt lat="43.6640440" lon="-79.3990210">
    <ele>109.7</ele>
    <time>2021-02-26T18:10:56Z</time>
   </trkpt>
   <trkpt lat="43.6640770" lon="-79.3990080">
    <ele>109.7</ele>
    <time>2021-02-26T18:10:57Z</time>
   </trkpt>
   <trkpt lat="43.6640870" lon="-79.3990020">
    <ele>109.7</ele>
    <time>2021-02-26T18:10:58Z</time>
   </trkpt>
   <trkpt lat="43.6641150" lon="-79.3989870">
    <ele>109.7</ele>
    <time>2021-02-26T18:10:59Z</time>
   </trkpt>
   <trkpt lat="43.6641430" lon="-79.3989790">
    <ele>109.7</ele>
    <time>2021-02-26T18:11:00Z</time>
   </trkpt>
   <trkpt lat="43.6641650" lon="-79.3989520">
    <ele>109.7</ele>
    <time>2021-02-26T18:11:01Z</time>
   </trkpt>
   <trkpt lat="43.6641890" lon="-79.3989260">
    <ele>109.7</ele>
    <time>2021-02-26T18:11:02Z</time>
   </trkpt>
   <trkpt lat="43.6641950" lon="-79.3989120">
    <ele>109.7</ele>
    <time>2021-02-26T18:11:03Z</time>
   </trkpt>
   <trkpt lat="43.6642110" lon="-79.3988660">
    <ele>109.7</ele>
    <time>2021-02-26T18:11:04Z</time>
   </trkpt>
   <trkpt lat="43.6642130" lon="-79.3988460">
    <ele>109.7</ele>
    <time>2021-02-26T18:11:05Z</time>
   </trkpt>
   <trkpt lat="43.6642070" lon="-79.3988030">
    <ele>109.7</ele>
    <time>2021-02-26T18:11:06Z</time>
   </trkpt>
   <trkpt lat="43.6642020" lon="-79.3987950">
    <ele>109.7</ele>
    <time>2021-02-26T18:11:07Z</time>
   </trkpt>
   <trkpt lat="43.6641950" lon="-79.3987510">
    <ele>109.7</ele>
    <time>2021-02-26T18:11:08Z</time>
   </trkpt>
   <trkpt lat="43.6641910" lon="-79.3987360">
    <ele>109.9</ele>
    <time>2021-02-26T18:11:09Z</time>
   </trkpt>
   <trkpt lat="43.6641930" lon="-79.3987230">
    <ele>109.9</ele>
    <time>2021-02-26T18:11:10Z</time>
   </trkpt>
   <trkpt lat="43.6642040" lon="-79.3987130">
    <ele>109.9</ele>
    <time>2021-02-26T18:11:11Z</time>
   </trkpt>
   <trkpt lat="43.6642070" lon="-79.3987110">
    <ele>109.9</ele>
    <time>2021-02-26T18:11:12Z</time>
   </trkpt>
   <trkpt lat="43.6642070" lon="-79.3987100">
    <ele>109.9</ele>
    <time>2021-02-26T18:11:13Z</time>
   </trkpt>
   <trkpt lat="43.6642080" lon="-79.3987080">
    <ele>109.9</ele>
    <time>2021-02-26T18:11:14Z</time>
   </trkpt>
   <trkpt lat="43.6642080" lon="-79.3987070">
    <ele>109.9</ele>
    <time>2021-02-26T18:11:15Z</time>
   </trkpt>
   <trkpt lat="43.6642080" lon="-79.3987070">
    <ele>109.9</ele>
    <time>2021-02-26T18:11:16Z</time>
   </trkpt>
   <trkpt lat="43.6642080" lon="-79.3987060">
    <ele>109.9</ele>
    <time>2021-02-26T18:11:17Z</time>
   </trkpt>
   <trkpt lat="43.6642090" lon="-79.3987020">
    <ele>109.9</ele>
    <time>2021-02-26T18:11:18Z</time>
   </trkpt>
   <trkpt lat="43.6642110" lon="-79.3986980">
    <ele>109.9</ele>
    <time>2021-02-26T18:11:19Z</time>
   </trkpt>
   <trkpt lat="43.6642120" lon="-79.3986940">
    <ele>109.9</ele>
    <time>2021-02-26T18:11:20Z</time>
   </trkpt>
   <trkpt lat="43.6642140" lon="-79.3986890">
    <ele>109.9</ele>
    <time>2021-02-26T18:11:21Z</time>
   </trkpt>
   <trkpt lat="43.6642150" lon="-79.3986850">
    <ele>109.9</ele>
    <time>2021-02-26T18:11:22Z</time>
   </trkpt>
   <trkpt lat="43.6642170" lon="-79.3986810">
    <ele>109.9</ele>
    <time>2021-02-26T18:11:23Z</time>
   </trkpt>
   <trkpt lat="43.6642180" lon="-79.3986770">
    <ele>109.9</ele>
    <time>2021-02-26T18:11:24Z</time>
   </trkpt>
   <trkpt lat="43.6642190" lon="-79.3986730">
    <ele>109.9</ele>
    <time>2021-02-26T18:11:25Z</time>
   </trkpt>
   <trkpt lat="43.6642210" lon="-79.3986690">
    <ele>109.9</ele>
    <time>2021-02-26T18:11:26Z</time>
   </trkpt>
   <trkpt lat="43.6642220" lon="-79.3986650">
    <ele>109.9</ele>
    <time>2021-02-26T18:11:27Z</time>
   </trkpt>
   <trkpt lat="43.6642240" lon="-79.3986600">
    <ele>110.0</ele>
    <time>2021-02-26T18:11:28Z</time>
   </trkpt>
   <trkpt lat="43.6642250" lon="-79.3986560">
    <ele>110.0</ele>
    <time>2021-02-26T18:11:29Z</time>
   </trkpt>
   <trkpt lat="43.6642270" lon="-79.3986520">
    <ele>110.0</ele>
    <time>2021-02-26T18:11:30Z</time>
   </trkpt>
   <trkpt lat="43.6642280" lon="-79.3986480">
    <ele>110.0</ele>
    <time>2021-02-26T18:11:31Z</time>
   </trkpt>
   <trkpt lat="43.6642490" lon="-79.3985930">
    <ele>110.1</ele>
    <time>2021-02-26T18:11:32Z</time>
   </trkpt>
   <trkpt lat="43.6642570" lon="-79.3985440">
    <ele>110.2</ele>
    <time>2021-02-26T18:11:33Z</time>
   </trkpt>
   <trkpt lat="43.6642620" lon="-79.3985070">
    <ele>110.2</ele>
    <time>2021-02-26T18:11:34Z</time>
   </trkpt>
   <trkpt lat="43.6642730" lon="-79.3984630">
    <ele>110.2</ele>
    <time>2021-02-26T18:11:35Z</time>
   </trkpt>
   <trkpt lat="43.6642790" lon="-79.3984430">
    <ele>110.3</ele>
    <time>2021-02-26T18:11:36Z</time>
   </trkpt>
   <trkpt lat="43.6642820" lon="-79.3983910">
    <ele>110.3</ele>
    <time>2021-02-26T18:11:37Z</time>
   </trkpt>
   <trkpt lat="43.6642820" lon="-79.3983720">
    <ele>110.3</ele>
    <time>2021-02-26T18:11:38Z</time>
   </trkpt>
   <trkpt lat="43.6642880" lon="-79.3983310">
    <ele>110.1</ele>
    <time>2021-02-26T18:11:39Z</time>
   </trkpt>
   <trkpt lat="43.6643010" lon="-79.3982950">
    <ele>110.0</ele>
    <time>2021-02-26T18:11:40Z</time>
   </trkpt>
   <trkpt lat="43.6643140" lon="-79.3982410">
    <ele>110.0</ele>
    <time>2021-02-26T18:11:41Z</time>
   </trkpt>
   <trkpt lat="43.6643260" lon="-79.3981950">
    <ele>109.9</ele>
    <time>2021-02-26T18:11:42Z</time>
   </trkpt>
   <trkpt lat="43.6643370" lon="-79.3981580">
    <ele>109.8</ele>
    <time>2021-02-26T18:11:43Z</time>
   </trkpt>
   <trkpt lat="43.6643550" lon="-79.3981240">
    <ele>109.7</ele>
    <time>2021-02-26T18:11:44Z</time>
   </trkpt>
   <trkpt lat="43.6643750" lon="-79.3980740">
    <ele>109.6</ele>
    <time>2021-02-26T18:11:45Z</time>
   </trkpt>
   <trkpt lat="43.6643810" lon="-79.3980570">
    <ele>109.6</ele>
    <time>2021-02-26T18:11:46Z</time>
   </trkpt>
   <trkpt lat="43.6644000" lon="-79.3980240">
    <ele>109.5</ele>
    <time>2021-02-26T18:11:47Z</time>
   </trkpt>
   <trkpt lat="43.6644120" lon="-79.3979830">
    <ele>109.5</ele>
    <time>2021-02-26T18:11:48Z</time>
   </trkpt>
   <trkpt lat="43.6644150" lon="-79.3979270">
    <ele>109.4</ele>
    <time>2021-02-26T18:11:49Z</time>
   </trkpt>
   <trkpt lat="43.6644080" lon="-79.3978790">
    <ele>109.3</ele>
    <time>2021-02-26T18:11:50Z</time>
   </trkpt>
   <trkpt lat="43.6644060" lon="-79.3978320">
    <ele>109.3</ele>
    <time>2021-02-26T18:11:51Z</time>
   </trkpt>
   <trkpt lat="43.6644100" lon="-79.3977910">
    <ele>109.3</ele>
    <time>2021-02-26T18:11:52Z</time>
   </trkpt>
   <trkpt lat="43.6644180" lon="-79.3977560">
    <ele>109.2</ele>
    <time>2021-02-26T18:11:53Z</time>
   </trkpt>
   <trkpt lat="43.6644300" lon="-79.3977170">
    <ele>109.2</ele>
    <time>2021-02-26T18:11:54Z</time>
   </trkpt>
   <trkpt lat="43.6644350" lon="-79.3976620">
    <ele>109.2</ele>
    <time>2021-02-26T18:11:55Z</time>
   </trkpt>
   <trkpt lat="43.6644370" lon="-79.3976380">
    <ele>109.2</ele>
    <time>2021-02-26T18:11:56Z</time>
   </trkpt>
   <trkpt lat="43.6644400" lon="-79.3975960">
    <ele>109.2</ele>
    <time>2021-02-26T18:11:57Z</time>
   </trkpt>
   <trkpt lat="43.6644490" lon="-79.3975540">
    <ele>109.2</ele>
    <time>2021-02-26T18:11:58Z</time>
   </trkpt>
   <trkpt lat="43.6644590" lon="-79.3975080">
    <ele>109.1</ele>
    <time>2021-02-26T18:11:59Z</time>
   </trkpt>
   <trkpt lat="43.6644640" lon="-79.3974880">
    <ele>109.1</ele>
    <time>2021-02-26T18:12:00Z</time>
   </trkpt>
   <trkpt lat="43.6644790" lon="-79.3974480">
    <ele>109.1</ele>
    <time>2021-02-26T18:12:01Z</time>
   </trkpt>
   <trkpt lat="43.6644890" lon="-79.3974110">
    <ele>109.1</ele>
    <time>2021-02-26T18:12:02Z</time>
   </trkpt>
   <trkpt lat="43.6644930" lon="-79.3973550">
    <ele>109.1</ele>
    <time>2021-02-26T18:12:03Z</time>
   </trkpt>
   <trkpt lat="43.6644970" lon="-79.3973360">
    <ele>109.1</ele>
    <time>2021-02-26T18:12:04Z</time>
   </trkpt>
   <trkpt lat="43.6645100" lon="-79.3972960">
    <ele>109.1</ele>
    <time>2021-02-26T18:12:05Z</time>
   </trkpt>
   <trkpt lat="43.6645260" lon="-79.3972410">
    <ele>109.0</ele>
    <time>2021-02-26T18:12:06Z</time>
   </trkpt>
   <trkpt lat="43.6645300" lon="-79.3972150">
    <ele>109.0</ele>
    <time>2021-02-26T18:12:07Z</time>
   </trkpt>
   <trkpt lat="43.6645370" lon="-79.3971690">
    <ele>109.0</ele>
    <time>2021-02-26T18:12:08Z</time>
   </trkpt>
   <trkpt lat="43.6645360" lon="-79.3971280">
    <ele>109.0</ele>
    <time>2021-02-26T18:12:09Z</time>
   </trkpt>
   <trkpt lat="43.6645370" lon="-79.3970730">
    <ele>109.0</ele>
    <time>2021-02-26T18:12:10Z</time>
   </trkpt>
   <trkpt lat="43.6645400" lon="-79.3970280">
    <ele>109.0</ele>
    <time>2021-02-26T18:12:11Z</time>
   </trkpt>
   <trkpt lat="43.6645520" lon="-79.3969780">
    <ele>108.9</ele>
    <time>2021-02-26T18:12:12Z</time>
   </trkpt>
   <trkpt lat="43.6645640" lon="-79.3969310">
    <ele>108.9</ele>
    <time>2021-02-26T18:12:13Z</time>
   </trkpt>
   <trkpt lat="43.6645670" lon="-79.3969160">
    <ele>108.9</ele>
    <time>2021-02-26T18:12:14Z</time>
   </trkpt>
   <trkpt lat="43.6645750" lon="-79.3968680">
    <ele>108.9</ele>
    <time>2021-02-26T18:12:15Z</time>
   </trkpt>
   <trkpt lat="43.6645910" lon="-79.3968150">
    <ele>108.8</ele>
    <time>2021-02-26T18:12:16Z</time>
   </trkpt>
   <trkpt lat="43.6645960" lon="-79.3967940">
    <ele>108.8</ele>
    <time>2021-02-26T18:12:17Z</time>
   </trkpt>
   <trkpt lat="43.6646150" lon="-79.3967490">
    <ele>108.8</ele>
    <time>2021-02-26T18:12:18Z</time>
   </trkpt>
   <trkpt lat="43.6646230" lon="-79.3967320">
    <ele>108.8</ele>
    <time>2021-02-26T18:12:19Z</time>
   </trkpt>
   <trkpt lat="43.6646340" lon="-79.3966890">
    <ele>108.8</ele>
    <time>2021-02-26T18:12:20Z</time>
   </trkpt>
   <trkpt lat="43.6646550" lon="-79.3966430">
    <ele>108.7</ele>
    <time>2021-02-26T18:12:21Z</time>
   </trkpt>
   <trkpt lat="43.6646700" lon="-79.3966110">
    <ele>108.7</ele>
    <time>2021-02-26T18:12:22Z</time>
   </trkpt>
   <trkpt lat="43.6646870" lon="-79.3965740">
    <ele>108.7</ele>
    <time>2021-02-26T18:12:23Z</time>
   </trkpt>
   <trkpt lat="43.6647030" lon="-79.3965380">
    <ele>108.7</ele>
    <time>2021-02-26T18:12:24Z</time>
   </trkpt>
   <trkpt lat="43.6647080" lon="-79.3965250">
    <ele>108.7</ele>
    <time>2021-02-26T18:12:25Z</time>
   </trkpt>
   <trkpt lat="43.6647220" lon="-79.3964770">
    <ele>108.7</ele>
    <time>2021-02-26T18:12:26Z</time>
   </trkpt>
   <trkpt lat="43.6647270" lon="-79.3964610">
    <ele>108.7</ele>
    <time>2021-02-26T18:12:27Z</time>
   </trkpt>
   <trkpt lat="43.6647420" lon="-79.3964180">
    <ele>108.6</ele>
    <time>2021-02-26T18:12:28Z</time>
   </trkpt>
   <trkpt lat="43.6647480" lon="-79.3964050">
    <ele>108.6</ele>
    <time>2021-02-26T18:12:29Z</time>
   </trkpt>
   <trkpt lat="43.6647670" lon="-79.3963630">
    <ele>108.6</ele>
    <time>2021-02-26T18:12:30Z</time>
   </trkpt>
   <trkpt lat="43.6647720" lon="-79.3963510">
    <ele>108.6</ele>
    <time>2021-02-26T18:12:31Z</time>
   </trkpt>
   <trkpt lat="43.6647840" lon="-79.3963150">
    <ele>108.6</ele>
    <time>2021-02-26T18:12:32Z</time>
   </trkpt>
   <trkpt lat="43.6647950" lon="-79.3962650">
    <ele>108.6</ele>
    <time>2021-02-26T18:12:33Z</time>
   </trkpt>
   <trkpt lat="43.6647970" lon="-79.3962480">
    <ele>108.6</ele>
    <time>2021-02-26T18:12:34Z</time>
   </trkpt>
   <trkpt lat="43.6648030" lon="-79.3962060">
    <ele>108.5</ele>
    <time>2021-02-26T18:12:35Z</time>
   </trkpt>
   <trkpt lat="43.6647900" lon="-79.3961660">
    <ele>108.5</ele>
    <time>2021-02-26T18:12:36Z</time>
   </trkpt>
   <trkpt lat="43.6647870" lon="-79.3961270">
    <ele>108.5</ele>
    <time>2021-02-26T18:12:37Z</time>
   </trkpt>
   <trkpt lat="43.6647850" lon="-79.3960740">
    <ele>108.5</ele>
    <time>2021-02-26T18:12:38Z</time>
   </trkpt>
   <trkpt lat="43.6647900" lon="-79.3960260">
    <ele>108.5</ele>
    <time>2021-02-26T18:12:39Z</time>
   </trkpt>
   <trkpt lat="43.6647970" lon="-79.3959840">
    <ele>108.4</ele>
    <time>2021-02-26T18:12:40Z</time>
   </trkpt>
   <trkpt lat="43.6648070" lon="-79.3959460">
    <ele>108.4</ele>
    <time>2021-02-26T18:12:41Z</time>
   </trkpt>
   <trkpt lat="43.6648200" lon="-79.3959070">
    <ele>108.4</ele>
    <time>2021-02-26T18:12:42Z</time>
   </trkpt>
   <trkpt lat="43.6648270" lon="-79.3958680">
    <ele>108.4</ele>
    <time>2021-02-26T18:12:43Z</time>
   </trkpt>
   <trkpt lat="43.6648290" lon="-79.3958180">
    <ele>108.3</ele>
    <time>2021-02-26T18:12:44Z</time>
   </trkpt>
   <trkpt lat="43.6648340" lon="-79.3957740">
    <ele>108.3</ele>
    <time>2021-02-26T18:12:45Z</time>
   </trkpt>
   <trkpt lat="43.6648340" lon="-79.3957240">
    <ele>108.3</ele>
    <time>2021-02-26T18:12:46Z</time>
   </trkpt>
   <trkpt lat="43.6648420" lon="-79.3956820">
    <ele>108.2</ele>
    <time>2021-02-26T18:12:47Z</time>
   </trkpt>
   <trkpt lat="43.6648480" lon="-79.3956390">
    <ele>108.2</ele>
    <time>2021-02-26T18:12:48Z</time>
   </trkpt>
   <trkpt lat="43.6648580" lon="-79.3955850">
    <ele>108.2</ele>
    <time>2021-02-26T18:12:49Z</time>
   </trkpt>
   <trkpt lat="43.6648660" lon="-79.3955230">
    <ele>108.2</ele>
    <time>2021-02-26T18:12:50Z</time>
   </trkpt>
   <trkpt lat="43.6648750" lon="-79.3954740">
    <ele>108.2</ele>
    <time>2021-02-26T18:12:51Z</time>
   </trkpt>
   <trkpt lat="43.6648810" lon="-79.3954180">
    <ele>108.2</ele>
    <time>2021-02-26T18:12:52Z</time>
   </trkpt>
   <trkpt lat="43.6648860" lon="-79.3953800">
    <ele>108.1</ele>
    <time>2021-02-26T18:12:53Z</time>
   </trkpt>
   <trkpt lat="43.6648940" lon="-79.3953310">
    <ele>108.1</ele>
    <time>2021-02-26T18:12:54Z</time>
   </trkpt>
   <trkpt lat="43.6648950" lon="-79.3952930">
    <ele>108.1</ele>
    <time>2021-02-26T18:12:55Z</time>
   </trkpt>
   <trkpt lat="43.6649020" lon="-79.3952470">
    <ele>108.1</ele>
    <time>2021-02-26T18:12:56Z</time>
   </trkpt>
   <trkpt lat="43.6649100" lon="-79.3951980">
    <ele>108.1</ele>
    <time>2021-02-26T18:12:57Z</time>
   </trkpt>
   <trkpt lat="43.6649140" lon="-79.3951790">
    <ele>108.1</ele>
    <time>2021-02-26T18:12:58Z</time>
   </trkpt>
   <trkpt lat="43.6649190" lon="-79.3951370">
    <ele>108.1</ele>
    <time>2021-02-26T18:12:59Z</time>
   </trkpt>
   <trkpt lat="43.6649360" lon="-79.3950950">
    <ele>108.1</ele>
    <time>2021-02-26T18:13:00Z</time>
   </trkpt>
   <trkpt lat="43.6649490" lon="-79.3950470">
    <ele>108.1</ele>
    <time>2021-02-26T18:13:01Z</time>
   </trkpt>
   <trkpt lat="43.6649540" lon="-79.3950270">
    <ele>108.1</ele>
    <time>2021-02-26T18:13:02Z</time>
   </trkpt>
   <trkpt lat="43.6649660" lon="-79.3949890">
    <ele>108.0</ele>
    <time>2021-02-26T18:13:03Z</time>
   </trkpt>
   <trkpt lat="43.6649690" lon="-79.3949480">
    <ele>108.0</ele>
    <time>2021-02-26T18:13:04Z</time>
   </trkpt>
   <trkpt lat="43.6649780" lon="-79.3949050">
    <ele>108.0</ele>
    <time>2021-02-26T18:13:05Z</time>
   </trkpt>
   <trkpt lat="43.6649920" lon="-79.3948540">
    <ele>108.0</ele>
    <time>2021-02-26T18:13:06Z</time>
   </trkpt>
   <trkpt lat="43.6649970" lon="-79.3948160">
    <ele>108.0</ele>
    <time>2021-02-26T18:13:07Z</time>
   </trkpt>
   <trkpt lat="43.6650150" lon="-79.3947770">
    <ele>108.0</ele>
    <time>2021-02-26T18:13:08Z</time>
   </trkpt>
   <trkpt lat="43.6650300" lon="-79.3947300">
    <ele>108.0</ele>
    <time>2021-02-26T18:13:09Z</time>
   </trkpt>
   <trkpt lat="43.6650340" lon="-79.3947120">
    <ele>108.0</ele>
    <time>2021-02-26T18:13:10Z</time>
   </trkpt>
   <trkpt lat="43.6650440" lon="-79.3946590">
    <ele>108.0</ele>
    <time>2021-02-26T18:13:11Z</time>
   </trkpt>
   <trkpt lat="43.6650460" lon="-79.3946150">
    <ele>108.0</ele>
    <time>2021-02-26T18:13:12Z</time>
   </trkpt>
   <trkpt lat="43.6650550" lon="-79.3945750">
    <ele>108.0</ele>
    <time>2021-02-26T18:13:13Z</time>
   </trkpt>
   <trkpt lat="43.6650670" lon="-79.3945320">
    <ele>108.0</ele>
    <time>2021-02-26T18:13:14Z</time>
   </trkpt>
   <trkpt lat="43.6650780" lon="-79.3944850">
    <ele>108.0</ele>
    <time>2021-02-26T18:13:15Z</time>
   </trkpt>
   <trkpt lat="43.6650840" lon="-79.3944470">
    <ele>108.0</ele>
    <time>2021-02-26T18:13:16Z</time>
   </trkpt>
   <trkpt lat="43.6650980" lon="-79.3944220">
    <ele>108.0</ele>
    <time>2021-02-26T18:13:17Z</time>
   </trkpt>
   <trkpt lat="43.6651090" lon="-79.3943960">
    <ele>108.0</ele>
    <time>2021-02-26T18:13:19Z</time>
   </trkpt>
   <trkpt lat="43.6651190" lon="-79.3943560">
    <ele>108.0</ele>
    <time>2021-02-26T18:13:20Z</time>
   </trkpt>
   <trkpt lat="43.6651260" lon="-79.3943190">
    <ele>108.1</ele>
    <time>2021-02-26T18:13:21Z</time>
   </trkpt>
   <trkpt lat="43.6651280" lon="-79.3942680">
    <ele>108.1</ele>
    <time>2021-02-26T18:13:22Z</time>
   </trkpt>
   <trkpt lat="43.6651360" lon="-79.3942290">
    <ele>108.2</ele>
    <time>2021-02-26T18:13:23Z</time>
   </trkpt>
   <trkpt lat="43.6651440" lon="-79.3941860">
    <ele>108.2</ele>
    <time>2021-02-26T18:13:24Z</time>
   </trkpt>
   <trkpt lat="43.6651510" lon="-79.3941410">
    <ele>108.3</ele>
    <time>2021-02-26T18:13:25Z</time>
   </trkpt>
   <trkpt lat="43.6651590" lon="-79.3940920">
    <ele>108.3</ele>
    <time>2021-02-26T18:13:26Z</time>
   </trkpt>
   <trkpt lat="43.6651640" lon="-79.3940510">
    <ele>108.4</ele>
    <time>2021-02-26T18:13:27Z</time>
   </trkpt>
   <trkpt lat="43.6651650" lon="-79.3940410">
    <ele>108.4</ele>
    <time>2021-02-26T18:13:28Z</time>
   </trkpt>
   <trkpt lat="43.6651630" lon="-79.3940330">
    <ele>108.4</ele>
    <time>2021-02-26T18:13:29Z</time>
   </trkpt>
   <trkpt lat="43.6651520" lon="-79.3940210">
    <ele>108.4</ele>
    <time>2021-02-26T18:13:30Z</time>
   </trkpt>
   <trkpt lat="43.6651490" lon="-79.3940140">
    <ele>108.4</ele>
    <time>2021-02-26T18:13:31Z</time>
   </trkpt>
   <trkpt lat="43.6651490" lon="-79.3940090">
    <ele>108.4</ele>
    <time>2021-02-26T18:13:32Z</time>
   </trkpt>
   <trkpt lat="43.6651440" lon="-79.3940060">
    <ele>108.4</ele>
    <time>2021-02-26T18:13:33Z</time>
   </trkpt>
   <trkpt lat="43.6651440" lon="-79.3940050">
    <ele>108.4</ele>
    <time>2021-02-26T18:13:34Z</time>
   </trkpt>
   <trkpt lat="43.6651430" lon="-79.3940040">
    <ele>108.4</ele>
    <time>2021-02-26T18:13:35Z</time>
   </trkpt>
   <trkpt lat="43.6651410" lon="-79.3940090">
    <ele>108.4</ele>
    <time>2021-02-26T18:13:36Z</time>
   </trkpt>
   <trkpt lat="43.6651420" lon="-79.3940110">
    <ele>108.4</ele>
    <time>2021-02-26T18:13:37Z</time>
   </trkpt>
   <trkpt lat="43.6651420" lon="-79.3940090">
    <ele>108.4</ele>
    <time>2021-02-26T18:13:38Z</time>
   </trkpt>
   <trkpt lat="43.6651410" lon="-79.3940100">
    <ele>108.4</ele>
    <time>2021-02-26T18:13:39Z</time>
   </trkpt>
   <trkpt lat="43.6651400" lon="-79.3940100">
    <ele>108.4</ele>
    <time>2021-02-26T18:13:40Z</time>
   </trkpt>
   <trkpt lat="43.6651390" lon="-79.3940100">
    <ele>108.4</ele>
    <time>2021-02-26T18:13:41Z</time>
   </trkpt>
   <trkpt lat="43.6651380" lon="-79.3940100">
    <ele>108.4</ele>
    <time>2021-02-26T18:13:42Z</time>
   </trkpt>
   <trkpt lat="43.6651380" lon="-79.3940100">
    <ele>108.4</ele>
    <time>2021-02-26T18:13:43Z</time>
   </trkpt>
   <trkpt lat="43.6651370" lon="-79.3940100">
    <ele>108.4</ele>
    <time>2021-02-26T18:13:44Z</time>
   </trkpt>
   <trkpt lat="43.6651370" lon="-79.3940100">
    <ele>108.4</ele>
    <time>2021-02-26T18:13:45Z</time>
   </trkpt>
   <trkpt lat="43.6651370" lon="-79.3940090">
    <ele>108.4</ele>
    <time>2021-02-26T18:13:46Z</time>
   </trkpt>
   <trkpt lat="43.6651360" lon="-79.3940100">
    <ele>108.4</ele>
    <time>2021-02-26T18:13:47Z</time>
   </trkpt>
   <trkpt lat="43.6651360" lon="-79.3940100">
    <ele>108.4</ele>
    <time>2021-02-26T18:13:48Z</time>
   </trkpt>
   <trkpt lat="43.6651350" lon="-79.3940090">
    <ele>108.4</ele>
    <time>2021-02-26T18:13:49Z</time>
   </trkpt>
   <trkpt lat="43.6651340" lon="-79.3940100">
    <ele>108.4</ele>
    <time>2021-02-26T18:13:50Z</time>
   </trkpt>
   <trkpt lat="43.6651330" lon="-79.3940110">
    <ele>108.4</ele>
    <time>2021-02-26T18:13:51Z</time>
   </trkpt>
   <trkpt lat="43.6651330" lon="-79.3940110">
    <ele>108.4</ele>
    <time>2021-02-26T18:13:52Z</time>
   </trkpt>
   <trkpt lat="43.6651330" lon="-79.3940120">
    <ele>108.4</ele>
    <time>2021-02-26T18:13:53Z</time>
   </trkpt>
   <trkpt lat="43.6651330" lon="-79.3940120">
    <ele>108.4</ele>
    <time>2021-02-26T18:13:54Z</time>
   </trkpt>
   <trkpt lat="43.6651330" lon="-79.3940120">
    <ele>108.4</ele>
    <time>2021-02-26T18:13:55Z</time>
   </trkpt>
   <trkpt lat="43.6651330" lon="-79.3940120">
    <ele>108.4</ele>
    <time>2021-02-26T18:13:56Z</time>
   </trkpt>
   <trkpt lat="43.6651330" lon="-79.3940060">
    <ele>108.4</ele>
    <time>2021-02-26T18:13:57Z</time>
   </trkpt>
   <trkpt lat="43.6651290" lon="-79.3939900">
    <ele>108.4</ele>
    <time>2021-02-26T18:13:58Z</time>
   </trkpt>
   <trkpt lat="43.6651280" lon="-79.3939700">
    <ele>108.4</ele>
    <time>2021-02-26T18:13:59Z</time>
   </trkpt>
   <trkpt lat="43.6651220" lon="-79.3939290">
    <ele>108.5</ele>
    <time>2021-02-26T18:14:00Z</time>
   </trkpt>
   <trkpt lat="43.6651190" lon="-79.3939160">
    <ele>108.5</ele>
    <time>2021-02-26T18:14:01Z</time>
   </trkpt>
   <trkpt lat="43.6650890" lon="-79.3938850">
    <ele>108.5</ele>
    <time>2021-02-26T18:14:02Z</time>
   </trkpt>
   <trkpt lat="43.6650730" lon="-79.3938790">
    <ele>108.5</ele>
    <time>2021-02-26T18:14:03Z</time>
   </trkpt>
   <trkpt lat="43.6650420" lon="-79.3938720">
    <ele>108.5</ele>
    <time>2021-02-26T18:14:04Z</time>
   </trkpt>
   <trkpt lat="43.6650030" lon="-79.3938710">
    <ele>108.4</ele>
    <time>2021-02-26T18:14:05Z</time>
   </trkpt>
   <trkpt lat="43.6649640" lon="-79.3938530">
    <ele>108.4</ele>
    <time>2021-02-26T18:14:06Z</time>
   </trkpt>
   <trkpt lat="43.6649240" lon="-79.3938390">
    <ele>108.4</ele>
    <time>2021-02-26T18:14:07Z</time>
   </trkpt>
   <trkpt lat="43.6648920" lon="-79.3938200">
    <ele>108.4</ele>
    <time>2021-02-26T18:14:08Z</time>
   </trkpt>
   <trkpt lat="43.6648690" lon="-79.3938010">
    <ele>108.3</ele>
    <time>2021-02-26T18:14:09Z</time>
   </trkpt>
   <trkpt lat="43.6648410" lon="-79.3937880">
    <ele>108.3</ele>
    <time>2021-02-26T18:14:10Z</time>
   </trkpt>
   <trkpt lat="43.6648120" lon="-79.3937780">
    <ele>108.3</ele>
    <time>2021-02-26T18:14:11Z</time>
   </trkpt>
   <trkpt lat="43.6647850" lon="-79.3937680">
    <ele>108.3</ele>
    <time>2021-02-26T18:14:12Z</time>
   </trkpt>
   <trkpt lat="43.6647560" lon="-79.3937570">
    <ele>108.2</ele>
    <time>2021-02-26T18:14:13Z</time>
   </trkpt>
   <trkpt lat="43.6647230" lon="-79.3937460">
    <ele>108.2</ele>
    <time>2021-02-26T18:14:14Z</time>
   </trkpt>
   <trkpt lat="43.6646910" lon="-79.3937360">
    <ele>108.2</ele>
    <time>2021-02-26T18:14:15Z</time>
   </trkpt>
   <trkpt lat="43.6646550" lon="-79.3937170">
    <ele>108.2</ele>
    <time>2021-02-26T18:14:16Z</time>
   </trkpt>
   <trkpt lat="43.6646400" lon="-79.3937100">
    <ele>108.2</ele>
    <time>2021-02-26T18:14:17Z</time>
   </trkpt>
   <trkpt lat="43.6646090" lon="-79.3936960">
    <ele>108.2</ele>
    <time>2021-02-26T18:14:18Z</time>
   </trkpt>
   <trkpt lat="43.6645800" lon="-79.3936840">
    <ele>108.2</ele>
    <time>2021-02-26T18:14:19Z</time>
   </trkpt>
   <trkpt lat="43.6645550" lon="-79.3936670">
    <ele>108.2</ele>
    <time>2021-02-26T18:14:20Z</time>
   </trkpt>
   <trkpt lat="43.6645260" lon="-79.3936570">
    <ele>108.2</ele>
    <time>2021-02-26T18:14:21Z</time>
   </trkpt>
   <trkpt lat="43.6644880" lon="-79.3936400">
    <ele>108.2</ele>
    <time>2021-02-26T18:14:22Z</time>
   </trkpt>
   <trkpt lat="43.6644550" lon="-79.3936270">
    <ele>108.2</ele>
    <time>2021-02-26T18:14:23Z</time>
   </trkpt>
   <trkpt lat="43.6644190" lon="-79.3936260">
    <ele>108.2</ele>
    <time>2021-02-26T18:14:24Z</time>
   </trkpt>
   <trkpt lat="43.6643920" lon="-79.3936100">
    <ele>108.3</ele>
    <time>2021-02-26T18:14:25Z</time>
   </trkpt>
   <trkpt lat="43.6643540" lon="-79.3935900">
    <ele>108.3</ele>
    <time>2021-02-26T18:14:26Z</time>
   </trkpt>
   <trkpt lat="43.6643390" lon="-79.3935830">
    <ele>108.3</ele>
    <time>2021-02-26T18:14:27Z</time>
   </trkpt>
   <trkpt lat="43.6643080" lon="-79.3935830">
    <ele>108.3</ele>
    <time>2021-02-26T18:14:28Z</time>
   </trkpt>
   <trkpt lat="43.6642700" lon="-79.3935670">
    <ele>108.3</ele>
    <time>2021-02-26T18:14:29Z</time>
   </trkpt>
   <trkpt lat="43.6642560" lon="-79.3935610">
    <ele>108.3</ele>
    <time>2021-02-26T18:14:30Z</time>
   </trkpt>
   <trkpt lat="43.6642250" lon="-79.3935480">
    <ele>108.3</ele>
    <time>2021-02-26T18:14:31Z</time>
   </trkpt>
   <trkpt lat="43.6641920" lon="-79.3935370">
    <ele>108.4</ele>
    <time>2021-02-26T18:14:32Z</time>
   </trkpt>
   <trkpt lat="43.6641600" lon="-79.3935280">
    <ele>108.4</ele>
    <time>2021-02-26T18:14:33Z</time>
   </trkpt>
   <trkpt lat="43.6641310" lon="-79.3935020">
    <ele>108.4</ele>
    <time>2021-02-26T18:14:34Z</time>
   </trkpt>
   <trkpt lat="43.6640930" lon="-79.3934820">
    <ele>108.4</ele>
    <time>2021-02-26T18:14:35Z</time>
   </trkpt>
   <trkpt lat="43.6640800" lon="-79.3934730">
    <ele>108.4</ele>
    <time>2021-02-26T18:14:36Z</time>
   </trkpt>
   <trkpt lat="43.6640490" lon="-79.3934530">
    <ele>108.4</ele>
    <time>2021-02-26T18:14:37Z</time>
   </trkpt>
   <trkpt lat="43.6640350" lon="-79.3934440">
    <ele>108.4</ele>
    <time>2021-02-26T18:14:38Z</time>
   </trkpt>
   <trkpt lat="43.6640000" lon="-79.3934160">
    <ele>108.4</ele>
    <time>2021-02-26T18:14:39Z</time>
   </trkpt>
   <trkpt lat="43.6639880" lon="-79.3934050">
    <ele>108.4</ele>
    <time>2021-02-26T18:14:40Z</time>
   </trkpt>
   <trkpt lat="43.6639540" lon="-79.3933740">
    <ele>108.4</ele>
    <time>2021-02-26T18:14:41Z</time>
   </trkpt>
   <trkpt lat="43.6639420" lon="-79.3933640">
    <ele>108.4</ele>
    <time>2021-02-26T18:14:42Z</time>
   </trkpt>
   <trkpt lat="43.6639170" lon="-79.3933430">
    <ele>108.4</ele>
    <time>2021-02-26T18:14:43Z</time>
   </trkpt>
   <trkpt lat="43.6638880" lon="-79.3933160">
    <ele>108.4</ele>
    <time>2021-02-26T18:14:44Z</time>
   </trkpt>
   <trkpt lat="43.6638760" lon="-79.3933070">
    <ele>108.4</ele>
    <time>2021-02-26T18:14:45Z</time>
   </trkpt>
   <trkpt lat="43.6638520" lon="-79.3932880">
    <ele>108.4</ele>
    <time>2021-02-26T18:14:46Z</time>
   </trkpt>
   <trkpt lat="43.6638200" lon="-79.3932630">
    <ele>108.4</ele>
    <time>2021-02-26T18:14:47Z</time>
   </trkpt>
   <trkpt lat="43.6638080" lon="-79.3932560">
    <ele>108.3</ele>
    <time>2021-02-26T18:14:48Z</time>
   </trkpt>
   <trkpt lat="43.6637830" lon="-79.3932350">
    <ele>108.3</ele>
    <time>2021-02-26T18:14:49Z</time>
   </trkpt>
   <trkpt lat="43.6637500" lon="-79.3932110">
    <ele>108.3</ele>
    <time>2021-02-26T18:14:50Z</time>
   </trkpt>
   <trkpt lat="43.6637380" lon="-79.3932030">
    <ele>108.3</ele>
    <time>2021-02-26T18:14:51Z</time>
   </trkpt>
   <trkpt lat="43.6637160" lon="-79.3931760">
    <ele>108.3</ele>
    <time>2021-02-26T18:14:52Z</time>
   </trkpt>
   <trkpt lat="43.6636910" lon="-79.3931530">
    <ele>108.3</ele>
    <time>2021-02-26T18:14:53Z</time>
   </trkpt>
   <trkpt lat="43.6636700" lon="-79.3931370">
    <ele>108.3</ele>
    <time>2021-02-26T18:14:54Z</time>
   </trkpt>
   <trkpt lat="43.6636740" lon="-79.3931160">
    <ele>108.3</ele>
    <time>2021-02-26T18:14:55Z</time>
   </trkpt>
   <trkpt lat="43.6636450" lon="-79.3931000">
    <ele>108.3</ele>
    <time>2021-02-26T18:14:56Z</time>
   </trkpt>
   <trkpt lat="43.6636320" lon="-79.3930940">
    <ele>108.3</ele>
    <time>2021-02-26T18:14:57Z</time>
   </trkpt>
   <trkpt lat="43.6636110" lon="-79.3930700">
    <ele>108.2</ele>
    <time>2021-02-26T18:14:58Z</time>
   </trkpt>
   <trkpt lat="43.6635900" lon="-79.3930430">
    <ele>108.2</ele>
    <time>2021-02-26T18:14:59Z</time>
   </trkpt>
   <trkpt lat="43.6635700" lon="-79.3930140">
    <ele>108.2</ele>
    <time>2021-02-26T18:15:00Z</time>
   </trkpt>
   <trkpt lat="43.6635640" lon="-79.3930030">
    <ele>108.2</ele>
    <time>2021-02-26T18:15:01Z</time>
   </trkpt>
   <trkpt lat="43.6635380" lon="-79.3929690">
    <ele>108.2</ele>
    <time>2021-02-26T18:15:02Z</time>
   </trkpt>
   <trkpt lat="43.6635290" lon="-79.3929600">
    <ele>108.2</ele>
    <time>2021-02-26T18:15:03Z</time>
   </trkpt>
   <trkpt lat="43.6635070" lon="-79.3929380">
    <ele>108.2</ele>
    <time>2021-02-26T18:15:04Z</time>
   </trkpt>
   <trkpt lat="43.6634760" lon="-79.3929070">
    <ele>108.2</ele>
    <time>2021-02-26T18:15:05Z</time>
   </trkpt>
   <trkpt lat="43.6634660" lon="-79.3928970">
    <ele>108.2</ele>
    <time>2021-02-26T18:15:06Z</time>
   </trkpt>
   <trkpt lat="43.6634410" lon="-79.3928820">
    <ele>108.2</ele>
    <time>2021-02-26T18:15:07Z</time>
   </trkpt>
   <trkpt lat="43.6634180" lon="-79.3928530">
    <ele>108.2</ele>
    <time>2021-02-26T18:15:08Z</time>
   </trkpt>
   <trkpt lat="43.6634070" lon="-79.3928430">
    <ele>108.2</ele>
    <time>2021-02-26T18:15:09Z</time>
   </trkpt>
   <trkpt lat="43.6633840" lon="-79.3928120">
    <ele>108.2</ele>
    <time>2021-02-26T18:15:10Z</time>
   </trkpt>
   <trkpt lat="43.6633770" lon="-79.3928010">
    <ele>108.2</ele>
    <time>2021-02-26T18:15:11Z</time>
   </trkpt>
   <trkpt lat="43.6633470" lon="-79.3927730">
    <ele>108.2</ele>
    <time>2021-02-26T18:15:12Z</time>
   </trkpt>
   <trkpt lat="43.6633360" lon="-79.3927640">
    <ele>108.2</ele>
    <time>2021-02-26T18:15:13Z</time>
   </trkpt>
   <trkpt lat="43.6633060" lon="-79.3927330">
    <ele>108.2</ele>
    <time>2021-02-26T18:15:14Z</time>
   </trkpt>
   <trkpt lat="43.6632930" lon="-79.3927210">
    <ele>108.2</ele>
    <time>2021-02-26T18:15:15Z</time>
   </trkpt>
   <trkpt lat="43.6632810" lon="-79.3926850">
    <ele>108.2</ele>
    <time>2021-02-26T18:15:16Z</time>
   </trkpt>
   <trkpt lat="43.6632810" lon="-79.3926660">
    <ele>108.1</ele>
    <time>2021-02-26T18:15:17Z</time>
   </trkpt>
   <trkpt lat="43.6632950" lon="-79.3926280">
    <ele>108.2</ele>
    <time>2021-02-26T18:15:18Z</time>
   </trkpt>
   <trkpt lat="43.6632980" lon="-79.3926160">
    <ele>108.2</ele>
    <time>2021-02-26T18:15:19Z</time>
   </trkpt>
   <trkpt lat="43.6633020" lon="-79.3925630">
    <ele>108.2</ele>
    <time>2021-02-26T18:15:20Z</time>
   </trkpt>
   <trkpt lat="43.6633020" lon="-79.3925440">
    <ele>108.2</ele>
    <time>2021-02-26T18:15:21Z</time>
   </trkpt>
   <trkpt lat="43.6633050" lon="-79.3924920">
    <ele>108.2</ele>
    <time>2021-02-26T18:15:22Z</time>
   </trkpt>
   <trkpt lat="43.6633150" lon="-79.3924560">
    <ele>108.1</ele>
    <time>2021-02-26T18:15:23Z</time>
   </trkpt>
   <trkpt lat="43.6633230" lon="-79.3924140">
    <ele>108.1</ele>
    <time>2021-02-26T18:15:24Z</time>
   </trkpt>
   <trkpt lat="43.6633240" lon="-79.3924010">
    <ele>108.1</ele>
    <time>2021-02-26T18:15:25Z</time>
   </trkpt>
   <trkpt lat="43.6633270" lon="-79.3923590">
    <ele>108.1</ele>
    <time>2021-02-26T18:15:26Z</time>
   </trkpt>
   <trkpt lat="43.6633370" lon="-79.3923210">
    <ele>108.1</ele>
    <time>2021-02-26T18:15:27Z</time>
   </trkpt>
   <trkpt lat="43.6633490" lon="-79.3922770">
    <ele>108.1</ele>
    <time>2021-02-26T18:15:28Z</time>
   </trkpt>
   <trkpt lat="43.6633530" lon="-79.3922620">
    <ele>108.1</ele>
    <time>2021-02-26T18:15:29Z</time>
   </trkpt>
   <trkpt lat="43.6633650" lon="-79.3922110">
    <ele>108.1</ele>
    <time>2021-02-26T18:15:30Z</time>
   </trkpt>
   <trkpt lat="43.6633700" lon="-79.3921910">
    <ele>108.1</ele>
    <time>2021-02-26T18:15:31Z</time>
   </trkpt>
   <trkpt lat="43.6633820" lon="-79.3921420">
    <ele>108.1</ele>
    <time>2021-02-26T18:15:32Z</time>
   </trkpt>
   <trkpt lat="43.6633860" lon="-79.3921250">
    <ele>108.1</ele>
    <time>2021-02-26T18:15:33Z</time>
   </trkpt>
   <trkpt lat="43.6633920" lon="-79.3920740">
    <ele>108.1</ele>
    <time>2021-02-26T18:15:34Z</time>
   </trkpt>
   <trkpt lat="43.6633990" lon="-79.3920310">
    <ele>108.1</ele>
    <time>2021-02-26T18:15:35Z</time>
   </trkpt>
   <trkpt lat="43.6634050" lon="-79.3919840">
    <ele>108.1</ele>
    <time>2021-02-26T18:15:36Z</time>
   </trkpt>
   <trkpt lat="43.6634210" lon="-79.3919390">
    <ele>108.1</ele>
    <time>2021-02-26T18:15:37Z</time>
   </trkpt>
   <trkpt lat="43.6634320" lon="-79.3919020">
    <ele>108.1</ele>
    <time>2021-02-26T18:15:38Z</time>
   </trkpt>
   <trkpt lat="43.6634370" lon="-79.3918640">
    <ele>108.1</ele>
    <time>2021-02-26T18:15:39Z</time>
   </trkpt>
   <trkpt lat="43.6634410" lon="-79.3918270">
    <ele>108.1</ele>
    <time>2021-02-26T18:15:40Z</time>
   </trkpt>
   <trkpt lat="43.6634530" lon="-79.3917890">
    <ele>108.1</ele>
    <time>2021-02-26T18:15:41Z</time>
   </trkpt>
   <trkpt lat="43.6634660" lon="-79.3917480">
    <ele>108.1</ele>
    <time>2021-02-26T18:15:42Z</time>
   </trkpt>
   <trkpt lat="43.6634670" lon="-79.3917080">
    <ele>108.1</ele>
    <time>2021-02-26T18:15:43Z</time>
   </trkpt>
   <trkpt lat="43.6634690" lon="-79.3916690">
    <ele>108.1</ele>
    <time>2021-02-26T18:15:44Z</time>
   </trkpt>
   <trkpt lat="43.6634720" lon="-79.3916180">
    <ele>108.1</ele>
    <time>2021-02-26T18:15:45Z</time>
   </trkpt>
   <trkpt lat="43.6634740" lon="-79.3916000">
    <ele>108.1</ele>
    <time>2021-02-26T18:15:46Z</time>
   </trkpt>
   <trkpt lat="43.6634900" lon="-79.3915550">
    <ele>108.0</ele>
    <time>2021-02-26T18:15:47Z</time>
   </trkpt>
   <trkpt lat="43.6634920" lon="-79.3915400">
    <ele>108.0</ele>
    <time>2021-02-26T18:15:48Z</time>
   </trkpt>
   <trkpt lat="43.6635050" lon="-79.3914880">
    <ele>108.0</ele>
    <time>2021-02-26T18:15:49Z</time>
   </trkpt>
   <trkpt lat="43.6635100" lon="-79.3914690">
    <ele>108.0</ele>
    <time>2021-02-26T18:15:50Z</time>
   </trkpt>
   <trkpt lat="43.6635260" lon="-79.3914360">
    <ele>108.0</ele>
    <time>2021-02-26T18:15:51Z</time>
   </trkpt>
   <trkpt lat="43.6635530" lon="-79.3913940">
    <ele>107.9</ele>
    <time>2021-02-26T18:15:52Z</time>
   </trkpt>
   <trkpt lat="43.6635630" lon="-79.3913780">
    <ele>107.9</ele>
    <time>2021-02-26T18:15:53Z</time>
   </trkpt>
   <trkpt lat="43.6635840" lon="-79.3913500">
    <ele>107.9</ele>
    <time>2021-02-26T18:15:54Z</time>
   </trkpt>
   <trkpt lat="43.6636040" lon="-79.3913060">
    <ele>107.9</ele>
    <time>2021-02-26T18:15:55Z</time>
   </trkpt>
   <trkpt lat="43.6636120" lon="-79.3912900">
    <ele>107.9</ele>
    <time>2021-02-26T18:15:56Z</time>
   </trkpt>
   <trkpt lat="43.6636300" lon="-79.3912600">
    <ele>107.9</ele>
    <time>2021-02-26T18:15:57Z</time>
   </trkpt>
   <trkpt lat="43.6636450" lon="-79.3912280">
    <ele>107.9</ele>
    <time>2021-02-26T18:15:58Z</time>
   </trkpt>
   <trkpt lat="43.6636650" lon="-79.3912010">
    <ele>107.9</ele>
    <time>2021-02-26T18:15:59Z</time>
   </trkpt>
   <trkpt lat="43.6636910" lon="-79.3911640">
    <ele>107.8</ele>
    <time>2021-02-26T18:16:00Z</time>
   </trkpt>
   <trkpt lat="43.6636980" lon="-79.3911490">
    <ele>107.8</ele>
    <time>2021-02-26T18:16:01Z</time>
   </trkpt>
   <trkpt lat="43.6637310" lon="-79.3911140">
    <ele>107.8</ele>
    <time>2021-02-26T18:16:02Z</time>
   </trkpt>
   <trkpt lat="43.6637440" lon="-79.3911000">
    <ele>107.8</ele>
    <time>2021-02-26T18:16:03Z</time>
   </trkpt>
   <trkpt lat="43.6637700" lon="-79.3910600">
    <ele>107.8</ele>
    <time>2021-02-26T18:16:04Z</time>
   </trkpt>
   <trkpt lat="43.6637780" lon="-79.3910480">
    <ele>107.8</ele>
    <time>2021-02-26T18:16:05Z</time>
   </trkpt>
   <trkpt lat="43.6637940" lon="-79.3910140">
    <ele>107.9</ele>
    <time>2021-02-26T18:16:06Z</time>
   </trkpt>
   <trkpt lat="43.6637980" lon="-79.3910000">
    <ele>107.9</ele>
    <time>2021-02-26T18:16:07Z</time>
   </trkpt>
   <trkpt lat="43.6638100" lon="-79.3909720">
    <ele>107.9</ele>
    <time>2021-02-26T18:16:08Z</time>
   </trkpt>
   <trkpt lat="43.6638140" lon="-79.3909650">
    <ele>107.9</ele>
    <time>2021-02-26T18:16:09Z</time>
   </trkpt>
   <trkpt lat="43.6638170" lon="-79.3909570">
    <ele>107.9</ele>
    <time>2021-02-26T18:16:10Z</time>
   </trkpt>
   <trkpt lat="43.6638330" lon="-79.3909390">
    <ele>107.9</ele>
    <time>2021-02-26T18:16:11Z</time>
   </trkpt>
   <trkpt lat="43.6638400" lon="-79.3909300">
    <ele>108.0</ele>
    <time>2021-02-26T18:16:12Z</time>
   </trkpt>
   <trkpt lat="43.6638460" lon="-79.3909220">
    <ele>108.0</ele>
    <time>2021-02-26T18:16:13Z</time>
   </trkpt>
   <trkpt lat="43.6638570" lon="-79.3909300">
    <ele>108.0</ele>
    <time>2021-02-26T18:16:14Z</time>
   </trkpt>
   <trkpt lat="43.6638600" lon="-79.3909210">
    <ele>108.0</ele>
    <time>2021-02-26T18:16:15Z</time>
   </trkpt>
   <trkpt lat="43.6638780" lon="-79.3909340">
    <ele>108.0</ele>
    <time>2021-02-26T18:16:16Z</time>
   </trkpt>
   <trkpt lat="43.6639090" lon="-79.3909420">
    <ele>108.1</ele>
    <time>2021-02-26T18:16:17Z</time>
   </trkpt>
   <trkpt lat="43.6639390" lon="-79.3909470">
    <ele>108.1</ele>
    <time>2021-02-26T18:16:18Z</time>
   </trkpt>
   <trkpt lat="43.6639480" lon="-79.3909550">
    <ele>108.1</ele>
    <time>2021-02-26T18:16:19Z</time>
   </trkpt>
   <trkpt lat="43.6639800" lon="-79.3909680">
    <ele>108.2</ele>
    <time>2021-02-26T18:16:20Z</time>
   </trkpt>
   <trkpt lat="43.6640050" lon="-79.3909840">
    <ele>108.2</ele>
    <time>2021-02-26T18:16:21Z</time>
   </trkpt>
   <trkpt lat="43.6640360" lon="-79.3909880">
    <ele>108.3</ele>
    <time>2021-02-26T18:16:22Z</time>
   </trkpt>
   <trkpt lat="43.6640510" lon="-79.3909850">
    <ele>108.3</ele>
    <time>2021-02-26T18:16:23Z</time>
   </trkpt>
   <trkpt lat="43.6640860" lon="-79.3909820">
    <ele>108.4</ele>
    <time>2021-02-26T18:16:24Z</time>
   </trkpt>
   <trkpt lat="43.6640980" lon="-79.3909830">
    <ele>108.4</ele>
    <time>2021-02-26T18:16:25Z</time>
   </trkpt>
   <trkpt lat="43.6641350" lon="-79.3910040">
    <ele>108.4</ele>
    <time>2021-02-26T18:16:26Z</time>
   </trkpt>
   <trkpt lat="43.6641480" lon="-79.3910120">
    <ele>108.4</ele>
    <time>2021-02-26T18:16:27Z</time>
   </trkpt>
   <trkpt lat="43.6641870" lon="-79.3910250">
    <ele>108.5</ele>
    <time>2021-02-26T18:16:28Z</time>
   </trkpt>
   <trkpt lat="43.6642000" lon="-79.3910320">
    <ele>108.5</ele>
    <time>2021-02-26T18:16:29Z</time>
   </trkpt>
   <trkpt lat="43.6642430" lon="-79.3910470">
    <ele>108.6</ele>
    <time>2021-02-26T18:16:30Z</time>
   </trkpt>
   <trkpt lat="43.6642730" lon="-79.3910510">
    <ele>108.6</ele>
    <time>2021-02-26T18:16:31Z</time>
   </trkpt>
   <trkpt lat="43.6643020" lon="-79.3910590">
    <ele>108.6</ele>
    <time>2021-02-26T18:16:32Z</time>
   </trkpt>
   <trkpt lat="43.6643410" lon="-79.3910820">
    <ele>108.7</ele>
    <time>2021-02-26T18:16:33Z</time>
   </trkpt>
   <trkpt lat="43.6643770" lon="-79.3910980">
    <ele>108.7</ele>
    <time>2021-02-26T18:16:34Z</time>
   </trkpt>
   <trkpt lat="43.6644050" lon="-79.3911160">
    <ele>108.7</ele>
    <time>2021-02-26T18:16:35Z</time>
   </trkpt>
   <trkpt lat="43.6644370" lon="-79.3911350">
    <ele>108.8</ele>
    <time>2021-02-26T18:16:36Z</time>
   </trkpt>
   <trkpt lat="43.6644730" lon="-79.3911510">
    <ele>108.8</ele>
    <time>2021-02-26T18:16:37Z</time>
   </trkpt>
   <trkpt lat="43.6644850" lon="-79.3911530">
    <ele>108.8</ele>
    <time>2021-02-26T18:16:38Z</time>
   </trkpt>
   <trkpt lat="43.6645200" lon="-79.3911650">
    <ele>108.9</ele>
    <time>2021-02-26T18:16:39Z</time>
   </trkpt>
   <trkpt lat="43.6645590" lon="-79.3911790">
    <ele>108.9</ele>
    <time>2021-02-26T18:16:40Z</time>
   </trkpt>
   <trkpt lat="43.6645720" lon="-79.3911840">
    <ele>108.9</ele>
    <time>2021-02-26T18:16:41Z</time>
   </trkpt>
   <trkpt lat="43.6645980" lon="-79.3911980">
    <ele>108.9</ele>
    <time>2021-02-26T18:16:42Z</time>
   </trkpt>
   <trkpt lat="43.6646290" lon="-79.3912070">
    <ele>108.9</ele>
    <time>2021-02-26T18:16:43Z</time>
   </trkpt>
   <trkpt lat="43.6646370" lon="-79.3912100">
    <ele>108.9</ele>
    <time>2021-02-26T18:16:44Z</time>
   </trkpt>
   <trkpt lat="43.6646660" lon="-79.3912270">
    <ele>109.0</ele>
    <time>2021-02-26T18:16:45Z</time>
   </trkpt>
   <trkpt lat="43.6646770" lon="-79.3912310">
    <ele>109.0</ele>
    <time>2021-02-26T18:16:46Z</time>
   </trkpt>
   <trkpt lat="43.6647030" lon="-79.3912440">
    <ele>109.0</ele>
    <time>2021-02-26T18:16:47Z</time>
   </trkpt>
   <trkpt lat="43.6647130" lon="-79.3912490">
    <ele>109.0</ele>
    <time>2021-02-26T18:16:48Z</time>
   </trkpt>
   <trkpt lat="43.6647490" lon="-79.3912680">
    <ele>109.1</ele>
    <time>2021-02-26T18:16:49Z</time>
   </trkpt>
   <trkpt lat="43.6647600" lon="-79.3912760">
    <ele>109.1</ele>
    <time>2021-02-26T18:16:50Z</time>
   </trkpt>
   <trkpt lat="43.6647870" lon="-79.3912860">
    <ele>109.1</ele>
    <time>2021-02-26T18:16:51Z</time>
   </trkpt>
   <trkpt lat="43.6648270" lon="-79.3912980">
    <ele>109.1</ele>
    <time>2021-02-26T18:16:52Z</time>
   </trkpt>
   <trkpt lat="43.6648430" lon="-79.3913060">
    <ele>109.1</ele>
    <time>2021-02-26T18:16:53Z</time>
   </trkpt>
   <trkpt lat="43.6648770" lon="-79.3913170">
    <ele>109.2</ele>
    <time>2021-02-26T18:16:54Z</time>
   </trkpt>
   <trkpt lat="43.6649150" lon="-79.3913310">
    <ele>109.2</ele>
    <time>2021-02-26T18:16:55Z</time>
   </trkpt>
   <trkpt lat="43.6649300" lon="-79.3913360">
    <ele>109.2</ele>
    <time>2021-02-26T18:16:56Z</time>
   </trkpt>
   <trkpt lat="43.6649670" lon="-79.3913470">
    <ele>109.3</ele>
    <time>2021-02-26T18:16:57Z</time>
   </trkpt>
   <trkpt lat="43.6649790" lon="-79.3913490">
    <ele>109.3</ele>
    <time>2021-02-26T18:16:58Z</time>
   </trkpt>
   <trkpt lat="43.6650120" lon="-79.3913540">
    <ele>109.4</ele>
    <time>2021-02-26T18:16:59Z</time>
   </trkpt>
   <trkpt lat="43.6650220" lon="-79.3913560">
    <ele>109.4</ele>
    <time>2021-02-26T18:17:00Z</time>
   </trkpt>
   <trkpt lat="43.6650390" lon="-79.3913560">
    <ele>109.4</ele>
    <time>2021-02-26T18:17:01Z</time>
   </trkpt>
   <trkpt lat="43.6650560" lon="-79.3913610">
    <ele>109.4</ele>
    <time>2021-02-26T18:17:02Z</time>
   </trkpt>
   <trkpt lat="43.6650810" lon="-79.3913790">
    <ele>109.4</ele>
    <time>2021-02-26T18:17:03Z</time>
   </trkpt>
   <trkpt lat="43.6651180" lon="-79.3913960">
    <ele>109.5</ele>
    <time>2021-02-26T18:17:04Z</time>
   </trkpt>
   <trkpt lat="43.6651340" lon="-79.3914010">
    <ele>109.5</ele>
    <time>2021-02-26T18:17:05Z</time>
   </trkpt>
   <trkpt lat="43.6651700" lon="-79.3914070">
    <ele>109.6</ele>
    <time>2021-02-26T18:17:06Z</time>
   </trkpt>
   <trkpt lat="43.6652040" lon="-79.3914230">
    <ele>109.6</ele>
    <time>2021-02-26T18:17:07Z</time>
   </trkpt>
   <trkpt lat="43.6652130" lon="-79.3914310">
    <ele>109.6</ele>
    <time>2021-02-26T18:17:08Z</time>
   </trkpt>
   <trkpt lat="43.6652520" lon="-79.3914430">
    <ele>109.7</ele>
    <time>2021-02-26T18:17:09Z</time>
   </trkpt>
   <trkpt lat="43.6652670" lon="-79.3914490">
    <ele>109.7</ele>
    <time>2021-02-26T18:17:10Z</time>
   </trkpt>
   <trkpt lat="43.6652990" lon="-79.3914650">
    <ele>109.7</ele>
    <time>2021-02-26T18:17:11Z</time>
   </trkpt>
   <trkpt lat="43.6653070" lon="-79.3914700">
    <ele>109.7</ele>
    <time>2021-02-26T18:17:12Z</time>
   </trkpt>
   <trkpt lat="43.6653160" lon="-79.3914780">
    <ele>109.8</ele>
    <time>2021-02-26T18:17:13Z</time>
   </trkpt>
   <trkpt lat="43.6653370" lon="-79.3914860">
    <ele>109.8</ele>
    <time>2021-02-26T18:17:14Z</time>
   </trkpt>
   <trkpt lat="43.6653690" lon="-79.3915020">
    <ele>109.8</ele>
    <time>2021-02-26T18:17:15Z</time>
   </trkpt>
   <trkpt lat="43.6653790" lon="-79.3915080">
    <ele>109.9</ele>
    <time>2021-02-26T18:17:16Z</time>
   </trkpt>
   <trkpt lat="43.6654080" lon="-79.3915300">
    <ele>109.9</ele>
    <time>2021-02-26T18:17:17Z</time>
   </trkpt>
   <trkpt lat="43.6654190" lon="-79.3915390">
    <ele>109.9</ele>
    <time>2021-02-26T18:17:18Z</time>
   </trkpt>
   <trkpt lat="43.6654520" lon="-79.3915570">
    <ele>110.0</ele>
    <time>2021-02-26T18:17:19Z</time>
   </trkpt>
   <trkpt lat="43.6654590" lon="-79.3915620">
    <ele>110.0</ele>
    <time>2021-02-26T18:17:20Z</time>
   </trkpt>
   <trkpt lat="43.6654710" lon="-79.3915640">
    <ele>110.0</ele>
    <time>2021-02-26T18:17:21Z</time>
   </trkpt>
   <trkpt lat="43.6654870" lon="-79.3915870">
    <ele>110.1</ele>
    <time>2021-02-26T18:17:22Z</time>
   </trkpt>
   <trkpt lat="43.6655080" lon="-79.3916170">
    <ele>110.1</ele>
    <time>2021-02-26T18:17:23Z</time>
   </trkpt>
   <trkpt lat="43.6655160" lon="-79.3916250">
    <ele>110.1</ele>
    <time>2021-02-26T18:17:24Z</time>
   </trkpt>
   <trkpt lat="43.6655450" lon="-79.3916520">
    <ele>110.2</ele>
    <time>2021-02-26T18:17:25Z</time>
   </trkpt>
   <trkpt lat="43.6655530" lon="-79.3916590">
    <ele>110.2</ele>
    <time>2021-02-26T18:17:26Z</time>
   </trkpt>
   <trkpt lat="43.6655800" lon="-79.3916690">
    <ele>110.2</ele>
    <time>2021-02-26T18:17:27Z</time>
   </trkpt>
   <trkpt lat="43.6655890" lon="-79.3916770">
    <ele>110.3</ele>
    <time>2021-02-26T18:17:28Z</time>
   </trkpt>
   <trkpt lat="43.6656220" lon="-79.3916980">
    <ele>110.3</ele>
    <time>2021-02-26T18:17:29Z</time>
   </trkpt>
   <trkpt lat="43.6656350" lon="-79.3917070">
    <ele>110.3</ele>
    <time>2021-02-26T18:17:30Z</time>
   </trkpt>
   <trkpt lat="43.6656620" lon="-79.3917320">
    <ele>110.4</ele>
    <time>2021-02-26T18:17:31Z</time>
   </trkpt>
   <trkpt lat="43.6656700" lon="-79.3917380">
    <ele>110.4</ele>
    <time>2021-02-26T18:17:32Z</time>
   </trkpt>
   <trkpt lat="43.6656940" lon="-79.3917570">
    <ele>110.4</ele>
    <time>2021-02-26T18:17:33Z</time>
   </trkpt>
   <trkpt lat="43.6657020" lon="-79.3917730">
    <ele>110.4</ele>
    <time>2021-02-26T18:17:34Z</time>
   </trkpt>
   <trkpt lat="43.6657210" lon="-79.3917880">
    <ele>110.5</ele>
    <time>2021-02-26T18:17:35Z</time>
   </trkpt>
   <trkpt lat="43.6657430" lon="-79.3918110">
    <ele>110.5</ele>
    <time>2021-02-26T18:17:36Z</time>
   </trkpt>
   <trkpt lat="43.6657770" lon="-79.3918340">
    <ele>110.5</ele>
    <time>2021-02-26T18:17:37Z</time>
   </trkpt>
   <trkpt lat="43.6657860" lon="-79.3918430">
    <ele>110.5</ele>
    <time>2021-02-26T18:17:38Z</time>
   </trkpt>
   <trkpt lat="43.6658010" lon="-79.3918500">
    <ele>110.5</ele>
    <time>2021-02-26T18:17:39Z</time>
   </trkpt>
   <trkpt lat="43.6658130" lon="-79.3918700">
    <ele>110.6</ele>
    <time>2021-02-26T18:17:40Z</time>
   </trkpt>
   <trkpt lat="43.6658460" lon="-79.3919060">
    <ele>110.6</ele>
    <time>2021-02-26T18:17:41Z</time>
   </trkpt>
   <trkpt lat="43.6658580" lon="-79.3919210">
    <ele>110.6</ele>
    <time>2021-02-26T18:17:42Z</time>
   </trkpt>
   <trkpt lat="43.6658850" lon="-79.3919460">
    <ele>110.7</ele>
    <time>2021-02-26T18:17:43Z</time>
   </trkpt>
   <trkpt lat="43.6658930" lon="-79.3919550">
    <ele>110.7</ele>
    <time>2021-02-26T18:17:44Z</time>
   </trkpt>
   <trkpt lat="43.6659080" lon="-79.3919910">
    <ele>110.7</ele>
    <time>2021-02-26T18:17:45Z</time>
   </trkpt>
   <trkpt lat="43.6659090" lon="-79.3920040">
    <ele>110.7</ele>
    <time>2021-02-26T18:17:46Z</time>
   </trkpt>
   <trkpt lat="43.6659370" lon="-79.3920440">
    <ele>110.7</ele>
    <time>2021-02-26T18:17:47Z</time>
   </trkpt>
   <trkpt lat="43.6659460" lon="-79.3920570">
    <ele>110.7</ele>
    <time>2021-02-26T18:17:48Z</time>
   </trkpt>
   <trkpt lat="43.6659590" lon="-79.3920910">
    <ele>110.7</ele>
    <time>2021-02-26T18:17:49Z</time>
   </trkpt>
   <trkpt lat="43.6659650" lon="-79.3921370">
    <ele>110.7</ele>
    <time>2021-02-26T18:17:50Z</time>
   </trkpt>
   <trkpt lat="43.6659670" lon="-79.3921500">
    <ele>110.7</ele>
    <time>2021-02-26T18:17:51Z</time>
   </trkpt>
   <trkpt lat="43.6659700" lon="-79.3921990">
    <ele>110.8</ele>
    <time>2021-02-26T18:17:52Z</time>
   </trkpt>
   <trkpt lat="43.6659710" lon="-79.3922170">
    <ele>110.8</ele>
    <time>2021-02-26T18:17:53Z</time>
   </trkpt>
   <trkpt lat="43.6659720" lon="-79.3922600">
    <ele>110.8</ele>
    <time>2021-02-26T18:17:54Z</time>
   </trkpt>
   <trkpt lat="43.6659740" lon="-79.3922720">
    <ele>110.8</ele>
    <time>2021-02-26T18:17:55Z</time>
   </trkpt>
   <trkpt lat="43.6659800" lon="-79.3922970">
    <ele>110.8</ele>
    <time>2021-02-26T18:17:56Z</time>
   </trkpt>
   <trkpt lat="43.6659790" lon="-79.3923190">
    <ele>110.8</ele>
    <time>2021-02-26T18:17:57Z</time>
   </trkpt>
   <trkpt lat="43.6659860" lon="-79.3923590">
    <ele>110.9</ele>
    <time>2021-02-26T18:17:58Z</time>
   </trkpt>
   <trkpt lat="43.6659880" lon="-79.3923790">
    <ele>110.9</ele>
    <time>2021-02-26T18:17:59Z</time>
   </trkpt>
   <trkpt lat="43.6659790" lon="-79.3924250">
    <ele>110.9</ele>
    <time>2021-02-26T18:18:00Z</time>
   </trkpt>
   <trkpt lat="43.6659800" lon="-79.3924380">
    <ele>110.9</ele>
    <time>2021-02-26T18:18:01Z</time>
   </trkpt>
   <trkpt lat="43.6659760" lon="-79.3924590">
    <ele>110.9</ele>
    <time>2021-02-26T18:18:02Z</time>
   </trkpt>
   <trkpt lat="43.6659810" lon="-79.3924800">
    <ele>110.9</ele>
    <time>2021-02-26T18:18:03Z</time>
   </trkpt>
   <trkpt lat="43.6659910" lon="-79.3924970">
    <ele>110.9</ele>
    <time>2021-02-26T18:18:04Z</time>
   </trkpt>
   <trkpt lat="43.6659970" lon="-79.3925050">
    <ele>110.9</ele>
    <time>2021-02-26T18:18:05Z</time>
   </trkpt>
   <trkpt lat="43.6659980" lon="-79.3925120">
    <ele>110.9</ele>
    <time>2021-02-26T18:18:06Z</time>
   </trkpt>
   <trkpt lat="43.6659990" lon="-79.3925220">
    <ele>110.9</ele>
    <time>2021-02-26T18:18:07Z</time>
   </trkpt>
   <trkpt lat="43.6660030" lon="-79.3925410">
    <ele>110.9</ele>
    <time>2021-02-26T18:18:08Z</time>
   </trkpt>
   <trkpt lat="43.6660060" lon="-79.3925530">
    <ele>110.9</ele>
    <time>2021-02-26T18:18:09Z</time>
   </trkpt>
   <trkpt lat="43.6660030" lon="-79.3925840">
    <ele>110.9</ele>
    <time>2021-02-26T18:18:10Z</time>
   </trkpt>
   <trkpt lat="43.6660030" lon="-79.3925990">
    <ele>110.9</ele>
    <time>2021-02-26T18:18:11Z</time>
   </trkpt>
   <trkpt lat="43.6660020" lon="-79.3926150">
    <ele>110.9</ele>
    <time>2021-02-26T18:18:12Z</time>
   </trkpt>
   <trkpt lat="43.6659920" lon="-79.3926550">
    <ele>110.9</ele>
    <time>2021-02-26T18:18:13Z</time>
   </trkpt>
   <trkpt lat="43.6659890" lon="-79.3926690">
    <ele>110.9</ele>
    <time>2021-02-26T18:18:14Z</time>
   </trkpt>
   <trkpt lat="43.6659870" lon="-79.3926930">
    <ele>110.9</ele>
    <time>2021-02-26T18:18:15Z</time>
   </trkpt>
   <trkpt lat="43.6659830" lon="-79.3927170">
    <ele>110.9</ele>
    <time>2021-02-26T18:18:16Z</time>
   </trkpt>
   <trkpt lat="43.6659800" lon="-79.3927580">
    <ele>110.9</ele>
    <time>2021-02-26T18:18:17Z</time>
   </trkpt>
   <trkpt lat="43.6659800" lon="-79.3927690">
    <ele>110.9</ele>
    <time>2021-02-26T18:18:18Z</time>
   </trkpt>
   <trkpt lat="43.6659750" lon="-79.3927820">
    <ele>110.9</ele>
    <time>2021-02-26T18:18:19Z</time>
   </trkpt>
   <trkpt lat="43.6659790" lon="-79.3928080">
    <ele>110.9</ele>
    <time>2021-02-26T18:18:20Z</time>
   </trkpt>
   <trkpt lat="43.6659520" lon="-79.3928230">
    <ele>110.9</ele>
    <time>2021-02-26T18:18:21Z</time>
   </trkpt>
   <trkpt lat="43.6659210" lon="-79.3928270">
    <ele>110.9</ele>
    <time>2021-02-26T18:18:22Z</time>
   </trkpt>
   <trkpt lat="43.6659110" lon="-79.3928290">
    <ele>110.8</ele>
    <time>2021-02-26T18:18:23Z</time>
   </trkpt>
   <trkpt lat="43.6658850" lon="-79.3928350">
    <ele>110.8</ele>
    <time>2021-02-26T18:18:24Z</time>
   </trkpt>
   <trkpt lat="43.6658520" lon="-79.3928510">
    <ele>110.8</ele>
    <time>2021-02-26T18:18:25Z</time>
   </trkpt>
   <trkpt lat="43.6658240" lon="-79.3928510">
    <ele>110.7</ele>
    <time>2021-02-26T18:18:26Z</time>
   </trkpt>
   <trkpt lat="43.6657820" lon="-79.3928560">
    <ele>110.5</ele>
    <time>2021-02-26T18:18:27Z</time>
   </trkpt>
   <trkpt lat="43.6657660" lon="-79.3928590">
    <ele>110.4</ele>
    <time>2021-02-26T18:18:28Z</time>
   </trkpt>
   <trkpt lat="43.6657280" lon="-79.3928470">
    <ele>110.3</ele>
    <time>2021-02-26T18:18:29Z</time>
   </trkpt>
   <trkpt lat="43.6657140" lon="-79.3928410">
    <ele>110.3</ele>
    <time>2021-02-26T18:18:30Z</time>
   </trkpt>
   <trkpt lat="43.6656820" lon="-79.3928260">
    <ele>110.2</ele>
    <time>2021-02-26T18:18:31Z</time>
   </trkpt>
   <trkpt lat="43.6656560" lon="-79.3928390">
    <ele>110.1</ele>
    <time>2021-02-26T18:18:32Z</time>
   </trkpt>
   <trkpt lat="43.6656210" lon="-79.3928420">
    <ele>110.0</ele>
    <time>2021-02-26T18:18:33Z</time>
   </trkpt>
   <trkpt lat="43.6655890" lon="-79.3928540">
    <ele>109.9</ele>
    <time>2021-02-26T18:18:34Z</time>
   </trkpt>
   <trkpt lat="43.6655490" lon="-79.3928480">
    <ele>109.8</ele>
    <time>2021-02-26T18:18:35Z</time>
   </trkpt>
   <trkpt lat="43.6655350" lon="-79.3928480">
    <ele>109.8</ele>
    <time>2021-02-26T18:18:36Z</time>
   </trkpt>
   <trkpt lat="43.6654990" lon="-79.3928330">
    <ele>109.7</ele>
    <time>2021-02-26T18:18:37Z</time>
   </trkpt>
   <trkpt lat="43.6654670" lon="-79.3928300">
    <ele>109.6</ele>
    <time>2021-02-26T18:18:38Z</time>
   </trkpt>
   <trkpt lat="43.6654360" lon="-79.3928050">
    <ele>109.5</ele>
    <time>2021-02-26T18:18:39Z</time>
   </trkpt>
   <trkpt lat="43.6654090" lon="-79.3927900">
    <ele>109.4</ele>
    <time>2021-02-26T18:18:40Z</time>
   </trkpt>
   <trkpt lat="43.6653730" lon="-79.3927770">
    <ele>109.4</ele>
    <time>2021-02-26T18:18:41Z</time>
   </trkpt>
   <trkpt lat="43.6653590" lon="-79.3927720">
    <ele>109.3</ele>
    <time>2021-02-26T18:18:42Z</time>
   </trkpt>
   <trkpt lat="43.6653230" lon="-79.3927630">
    <ele>109.3</ele>
    <time>2021-02-26T18:18:43Z</time>
   </trkpt>
   <trkpt lat="43.6652880" lon="-79.3927510">
    <ele>109.3</ele>
    <time>2021-02-26T18:18:44Z</time>
   </trkpt>
   <trkpt lat="43.6652570" lon="-79.3927340">
    <ele>109.2</ele>
    <time>2021-02-26T18:18:45Z</time>
   </trkpt>
   <trkpt lat="43.6652210" lon="-79.3927200">
    <ele>109.2</ele>
    <time>2021-02-26T18:18:46Z</time>
   </trkpt>
   <trkpt lat="43.6652090" lon="-79.3927150">
    <ele>109.2</ele>
    <time>2021-02-26T18:18:47Z</time>
   </trkpt>
   <trkpt lat="43.6651820" lon="-79.3927000">
    <ele>109.2</ele>
    <time>2021-02-26T18:18:48Z</time>
   </trkpt>
   <trkpt lat="43.6651710" lon="-79.3926960">
    <ele>109.1</ele>
    <time>2021-02-26T18:18:49Z</time>
   </trkpt>
   <trkpt lat="43.6651420" lon="-79.3926930">
    <ele>109.1</ele>
    <time>2021-02-26T18:18:50Z</time>
   </trkpt>
   <trkpt lat="43.6651310" lon="-79.3926930">
    <ele>109.1</ele>
    <time>2021-02-26T18:18:51Z</time>
   </trkpt>
   <trkpt lat="43.6651010" lon="-79.3926860">
    <ele>109.1</ele>
    <time>2021-02-26T18:18:52Z</time>
   </trkpt>
   <trkpt lat="43.6650900" lon="-79.3926840">
    <ele>109.1</ele>
    <time>2021-02-26T18:18:53Z</time>
   </trkpt>
   <trkpt lat="43.6650540" lon="-79.3926780">
    <ele>109.1</ele>
    <time>2021-02-26T18:18:54Z</time>
   </trkpt>
   <trkpt lat="43.6650430" lon="-79.3926760">
    <ele>109.1</ele>
    <time>2021-02-26T18:18:55Z</time>
   </trkpt>
   <trkpt lat="43.6650160" lon="-79.3926730">
    <ele>109.1</ele>
    <time>2021-02-26T18:18:56Z</time>
   </trkpt>
   <trkpt lat="43.6649820" lon="-79.3926700">
    <ele>109.0</ele>
    <time>2021-02-26T18:18:57Z</time>
   </trkpt>
   <trkpt lat="43.6649470" lon="-79.3926710">
    <ele>109.0</ele>
    <time>2021-02-26T18:18:58Z</time>
   </trkpt>
   <trkpt lat="43.6649310" lon="-79.3926730">
    <ele>109.0</ele>
    <time>2021-02-26T18:18:59Z</time>
   </trkpt>
   <trkpt lat="43.6648930" lon="-79.3926670">
    <ele>109.0</ele>
    <time>2021-02-26T18:19:00Z</time>
   </trkpt>
   <trkpt lat="43.6648680" lon="-79.3926550">
    <ele>109.0</ele>
    <time>2021-02-26T18:19:01Z</time>
   </trkpt>
   <trkpt lat="43.6648390" lon="-79.3926460">
    <ele>109.0</ele>
    <time>2021-02-26T18:19:02Z</time>
   </trkpt>
   <trkpt lat="43.6648070" lon="-79.3926310">
    <ele>109.0</ele>
    <time>2021-02-26T18:19:03Z</time>
   </trkpt>
   <trkpt lat="43.6647800" lon="-79.3926170">
    <ele>109.0</ele>
    <time>2021-02-26T18:19:04Z</time>
   </trkpt>
   <trkpt lat="43.6647450" lon="-79.3925940">
    <ele>109.0</ele>
    <time>2021-02-26T18:19:05Z</time>
   </trkpt>
   <trkpt lat="43.6647190" lon="-79.3925710">
    <ele>109.0</ele>
    <time>2021-02-26T18:19:06Z</time>
   </trkpt>
   <trkpt lat="43.6646930" lon="-79.3925500">
    <ele>109.0</ele>
    <time>2021-02-26T18:19:07Z</time>
   </trkpt>
   <trkpt lat="43.6646630" lon="-79.3925310">
    <ele>109.0</ele>
    <time>2021-02-26T18:19:08Z</time>
   </trkpt>
   <trkpt lat="43.6646470" lon="-79.3924980">
    <ele>109.0</ele>
    <time>2021-02-26T18:19:09Z</time>
   </trkpt>
   <trkpt lat="43.6646210" lon="-79.3924670">
    <ele>109.0</ele>
    <time>2021-02-26T18:19:10Z</time>
   </trkpt>
   <trkpt lat="43.6646000" lon="-79.3924360">
    <ele>109.0</ele>
    <time>2021-02-26T18:19:11Z</time>
   </trkpt>
   <trkpt lat="43.6645790" lon="-79.3924120">
    <ele>109.0</ele>
    <time>2021-02-26T18:19:12Z</time>
   </trkpt>
   <trkpt lat="43.6645550" lon="-79.3923850">
    <ele>109.0</ele>
    <time>2021-02-26T18:19:13Z</time>
   </trkpt>
   <trkpt lat="43.6645220" lon="-79.3923590">
    <ele>109.0</ele>
    <time>2021-02-26T18:19:14Z</time>
   </trkpt>
   <trkpt lat="43.6645060" lon="-79.3923510">
    <ele>109.0</ele>
    <time>2021-02-26T18:19:15Z</time>
   </trkpt>
   <trkpt lat="43.6644780" lon="-79.3923380">
    <ele>108.9</ele>
    <time>2021-02-26T18:19:16Z</time>
   </trkpt>
   <trkpt lat="43.6644510" lon="-79.3923220">
    <ele>108.9</ele>
    <time>2021-02-26T18:19:17Z</time>
   </trkpt>
   <trkpt lat="43.6644190" lon="-79.3923040">
    <ele>108.8</ele>
    <time>2021-02-26T18:19:18Z</time>
   </trkpt>
   <trkpt lat="43.6644060" lon="-79.3922960">
    <ele>108.9</ele>
    <time>2021-02-26T18:19:19Z</time>
   </trkpt>
   <trkpt lat="43.6643780" lon="-79.3922760">
    <ele>108.9</ele>
    <time>2021-02-26T18:19:20Z</time>
   </trkpt>
   <trkpt lat="43.6643470" lon="-79.3922470">
    <ele>108.9</ele>
    <time>2021-02-26T18:19:21Z</time>
   </trkpt>
   <trkpt lat="43.6643360" lon="-79.3922360">
    <ele>108.9</ele>
    <time>2021-02-26T18:19:22Z</time>
   </trkpt>
   <trkpt lat="43.6643050" lon="-79.3922010">
    <ele>108.8</ele>
    <time>2021-02-26T18:19:23Z</time>
   </trkpt>
   <trkpt lat="43.6642940" lon="-79.3921880">
    <ele>108.8</ele>
    <time>2021-02-26T18:19:24Z</time>
   </trkpt>
   <trkpt lat="43.6642690" lon="-79.3921530">
    <ele>108.8</ele>
    <time>2021-02-26T18:19:25Z</time>
   </trkpt>
   <trkpt lat="43.6642620" lon="-79.3921430">
    <ele>108.8</ele>
    <time>2021-02-26T18:19:26Z</time>
   </trkpt>
   <trkpt lat="43.6642320" lon="-79.3921120">
    <ele>108.8</ele>
    <time>2021-02-26T18:19:27Z</time>
   </trkpt>
   <trkpt lat="43.6642230" lon="-79.3921020">
    <ele>108.8</ele>
    <time>2021-02-26T18:19:28Z</time>
   </trkpt>
   <trkpt lat="43.6641990" lon="-79.3920700">
    <ele>108.8</ele>
    <time>2021-02-26T18:19:29Z</time>
   </trkpt>
   <trkpt lat="43.6641910" lon="-79.3920580">
    <ele>108.7</ele>
    <time>2021-02-26T18:19:30Z</time>
   </trkpt>
   <trkpt lat="43.6641680" lon="-79.3920360">
    <ele>108.7</ele>
    <time>2021-02-26T18:19:31Z</time>
   </trkpt>
   <trkpt lat="43.6641590" lon="-79.3920300">
    <ele>108.7</ele>
    <time>2021-02-26T18:19:32Z</time>
   </trkpt>
   <trkpt lat="43.6641430" lon="-79.3919880">
    <ele>108.7</ele>
    <time>2021-02-26T18:19:33Z</time>
   </trkpt>
   <trkpt lat="43.6641400" lon="-79.3919740">
    <ele>108.7</ele>
    <time>2021-02-26T18:19:34Z</time>
   </trkpt>
   <trkpt lat="43.6641280" lon="-79.3919370">
    <ele>108.6</ele>
    <time>2021-02-26T18:19:35Z</time>
   </trkpt>
   <trkpt lat="43.6640980" lon="-79.3919030">
    <ele>108.6</ele>
    <time>2021-02-26T18:19:36Z</time>
   </trkpt>
   <trkpt lat="43.6640730" lon="-79.3918720">
    <ele>108.6</ele>
    <time>2021-02-26T18:19:37Z</time>
   </trkpt>
   <trkpt lat="43.6640600" lon="-79.3918290">
    <ele>108.5</ele>
    <time>2021-02-26T18:19:38Z</time>
   </trkpt>
   <trkpt lat="43.6640550" lon="-79.3918140">
    <ele>108.5</ele>
    <time>2021-02-26T18:19:39Z</time>
   </trkpt>
   <trkpt lat="43.6640360" lon="-79.3917790">
    <ele>108.5</ele>
    <time>2021-02-26T18:19:40Z</time>
   </trkpt>
   <trkpt lat="43.6640240" lon="-79.3917420">
    <ele>108.5</ele>
    <time>2021-02-26T18:19:41Z</time>
   </trkpt>
   <trkpt lat="43.6640190" lon="-79.3917040">
    <ele>108.4</ele>
    <time>2021-02-26T18:19:42Z</time>
   </trkpt>
   <trkpt lat="43.6640020" lon="-79.3916580">
    <ele>108.4</ele>
    <time>2021-02-26T18:19:43Z</time>
   </trkpt>
   <trkpt lat="43.6639960" lon="-79.3916420">
    <ele>108.4</ele>
    <time>2021-02-26T18:19:44Z</time>
   </trkpt>
   <trkpt lat="43.6639810" lon="-79.3916070">
    <ele>108.3</ele>
    <time>2021-02-26T18:19:45Z</time>
   </trkpt>
   <trkpt lat="43.6639710" lon="-79.3915570">
    <ele>108.3</ele>
    <time>2021-02-26T18:19:46Z</time>
   </trkpt>
   <trkpt lat="43.6639650" lon="-79.3915440">
    <ele>108.3</ele>
    <time>2021-02-26T18:19:47Z</time>
   </trkpt>
   <trkpt lat="43.6639480" lon="-79.3915100">
    <ele>108.3</ele>
    <time>2021-02-26T18:19:48Z</time>
   </trkpt>
   <trkpt lat="43.6639350" lon="-79.3914720">
    <ele>108.3</ele>
    <time>2021-02-26T18:19:49Z</time>
   </trkpt>
   <trkpt lat="43.6639150" lon="-79.3914440">
    <ele>108.2</ele>
    <time>2021-02-26T18:19:50Z</time>
   </trkpt>
   <trkpt lat="43.6639090" lon="-79.3914320">
    <ele>108.2</ele>
    <time>2021-02-26T18:19:51Z</time>
   </trkpt>
   <trkpt lat="43.6639060" lon="-79.3913940">
    <ele>108.2</ele>
    <time>2021-02-26T18:19:52Z</time>
   </trkpt>
   <trkpt lat="43.6638920" lon="-79.3913570">
    <ele>108.1</ele>
    <time>2021-02-26T18:19:53Z</time>
   </trkpt>
   <trkpt lat="43.6638740" lon="-79.3913130">
    <ele>108.1</ele>
    <time>2021-02-26T18:19:54Z</time>
   </trkpt>
   <trkpt lat="43.6638580" lon="-79.3912700">
    <ele>108.1</ele>
    <time>2021-02-26T18:19:55Z</time>
   </trkpt>
   <trkpt lat="43.6638440" lon="-79.3912180">
    <ele>108.0</ele>
    <time>2021-02-26T18:19:56Z</time>
   </trkpt>
   <trkpt lat="43.6638380" lon="-79.3911970">
    <ele>108.0</ele>
    <time>2021-02-26T18:19:57Z</time>
   </trkpt>
   <trkpt lat="43.6638270" lon="-79.3911520">
    <ele>108.0</ele>
    <time>2021-02-26T18:19:58Z</time>
   </trkpt>
   <trkpt lat="43.6638070" lon="-79.3911140">
    <ele>107.9</ele>
    <time>2021-02-26T18:19:59Z</time>
   </trkpt>
   <trkpt lat="43.6637970" lon="-79.3911020">
    <ele>107.9</ele>
    <time>2021-02-26T18:20:00Z</time>
   </trkpt>
   <trkpt lat="43.6637770" lon="-79.3910610">
    <ele>107.9</ele>
    <time>2021-02-26T18:20:01Z</time>
   </trkpt>
   <trkpt lat="43.6637570" lon="-79.3910270">
    <ele>107.8</ele>
    <time>2021-02-26T18:20:02Z</time>
   </trkpt>
   <trkpt lat="43.6637430" lon="-79.3909930">
    <ele>107.9</ele>
    <time>2021-02-26T18:20:03Z</time>
   </trkpt>
   <trkpt lat="43.6637310" lon="-79.3909510">
    <ele>107.9</ele>
    <time>2021-02-26T18:20:04Z</time>
   </trkpt>
   <trkpt lat="43.6637280" lon="-79.3909370">
    <ele>107.9</ele>
    <time>2021-02-26T18:20:05Z</time>
   </trkpt>
   <trkpt lat="43.6637130" lon="-79.3909030">
    <ele>108.0</ele>
    <time>2021-02-26T18:20:06Z</time>
   </trkpt>
   <trkpt lat="43.6637080" lon="-79.3908900">
    <ele>108.0</ele>
    <time>2021-02-26T18:20:07Z</time>
   </trkpt>
   <trkpt lat="43.6636930" lon="-79.3908510">
    <ele>108.1</ele>
    <time>2021-02-26T18:20:08Z</time>
   </trkpt>
   <trkpt lat="43.6636820" lon="-79.3908390">
    <ele>108.1</ele>
    <time>2021-02-26T18:20:09Z</time>
   </trkpt>
   <trkpt lat="43.6636460" lon="-79.3908160">
    <ele>108.2</ele>
    <time>2021-02-26T18:20:10Z</time>
   </trkpt>
   <trkpt lat="43.6636330" lon="-79.3908090">
    <ele>108.2</ele>
    <time>2021-02-26T18:20:11Z</time>
   </trkpt>
   <trkpt lat="43.6635940" lon="-79.3907940">
    <ele>108.2</ele>
    <time>2021-02-26T18:20:12Z</time>
   </trkpt>
   <trkpt lat="43.6635810" lon="-79.3907880">
    <ele>108.3</ele>
    <time>2021-02-26T18:20:13Z</time>
   </trkpt>
   <trkpt lat="43.6635490" lon="-79.3907740">
    <ele>108.4</ele>
    <time>2021-02-26T18:20:14Z</time>
   </trkpt>
   <trkpt lat="43.6635360" lon="-79.3907470">
    <ele>108.4</ele>
    <time>2021-02-26T18:20:15Z</time>
   </trkpt>
   <trkpt lat="43.6635290" lon="-79.3907330">
    <ele>108.4</ele>
    <time>2021-02-26T18:20:16Z</time>
   </trkpt>
   <trkpt lat="43.6635200" lon="-79.3907270">
    <ele>108.4</ele>
    <time>2021-02-26T18:20:17Z</time>
   </trkpt>
   <trkpt lat="43.6635180" lon="-79.3907170">
    <ele>108.4</ele>
    <time>2021-02-26T18:20:18Z</time>
   </trkpt>
   <trkpt lat="43.6635170" lon="-79.3907120">
    <ele>108.4</ele>
    <time>2021-02-26T18:20:19Z</time>
   </trkpt>
   <trkpt lat="43.6635220" lon="-79.3907010">
    <ele>108.4</ele>
    <time>2021-02-26T18:20:20Z</time>
   </trkpt>
   <trkpt lat="43.6635220" lon="-79.3906910">
    <ele>108.4</ele>
    <time>2021-02-26T18:20:21Z</time>
   </trkpt>
   <trkpt lat="43.6635200" lon="-79.3906890">
    <ele>108.4</ele>
    <time>2021-02-26T18:20:22Z</time>
   </trkpt>
   <trkpt lat="43.6635200" lon="-79.3906880">
    <ele>108.4</ele>
    <time>2021-02-26T18:20:23Z</time>
   </trkpt>
   <trkpt lat="43.6635200" lon="-79.3906880">
    <ele>108.4</ele>
    <time>2021-02-26T18:20:24Z</time>
   </trkpt>
   <trkpt lat="43.6635200" lon="-79.3906890">
    <ele>108.4</ele>
    <time>2021-02-26T18:20:25Z</time>
   </trkpt>
   <trkpt lat="43.6635200" lon="-79.3906900">
    <ele>108.4</ele>
    <time>2021-02-26T18:20:26Z</time>
   </trkpt>
   <trkpt lat="43.6635200" lon="-79.3906900">
    <ele>108.4</ele>
    <time>2021-02-26T18:20:27Z</time>
   </trkpt>
   <trkpt lat="43.6635200" lon="-79.3906900">
    <ele>108.4</ele>
    <time>2021-02-26T18:20:28Z</time>
   </trkpt>
   <trkpt lat="43.6635190" lon="-79.3906890">
    <ele>108.4</ele>
    <time>2021-02-26T18:20:29Z</time>
   </trkpt>
   <trkpt lat="43.6635200" lon="-79.3906890">
    <ele>108.4</ele>
    <time>2021-02-26T18:20:30Z</time>
   </trkpt>
   <trkpt lat="43.6635200" lon="-79.3906900">
    <ele>108.4</ele>
    <time>2021-02-26T18:20:31Z</time>
   </trkpt>
   <trkpt lat="43.6635200" lon="-79.3906920">
    <ele>108.4</ele>
    <time>2021-02-26T18:20:32Z</time>
   </trkpt>
   <trkpt lat="43.6635200" lon="-79.3906930">
    <ele>108.4</ele>
    <time>2021-02-26T18:20:33Z</time>
   </trkpt>
   <trkpt lat="43.6635190" lon="-79.3906940">
    <ele>108.4</ele>
    <time>2021-02-26T18:20:34Z</time>
   </trkpt>
   <trkpt lat="43.6635190" lon="-79.3906950">
    <ele>108.4</ele>
    <time>2021-02-26T18:20:35Z</time>
   </trkpt>
   <trkpt lat="43.6635190" lon="-79.3906950">
    <ele>108.4</ele>
    <time>2021-02-26T18:20:36Z</time>
   </trkpt>
   <trkpt lat="43.6635190" lon="-79.3906950">
    <ele>108.4</ele>
    <time>2021-02-26T18:20:37Z</time>
   </trkpt>
   <trkpt lat="43.6635190" lon="-79.3906960">
    <ele>108.4</ele>
    <time>2021-02-26T18:20:38Z</time>
   </trkpt>
   <trkpt lat="43.6635190" lon="-79.3906960">
    <ele>108.4</ele>
    <time>2021-02-26T18:20:39Z</time>
   </trkpt>
   <trkpt lat="43.6635220" lon="-79.3906970">
    <ele>108.4</ele>
    <time>2021-02-26T18:20:40Z</time>
   </trkpt>
   <trkpt lat="43.6635310" lon="-79.3906920">
    <ele>108.3</ele>
    <time>2021-02-26T18:20:41Z</time>
   </trkpt>
   <trkpt lat="43.6635400" lon="-79.3906830">
    <ele>108.3</ele>
    <time>2021-02-26T18:20:42Z</time>
   </trkpt>
   <trkpt lat="43.6635550" lon="-79.3906710">
    <ele>108.3</ele>
    <time>2021-02-26T18:20:43Z</time>
   </trkpt>
   <trkpt lat="43.6635600" lon="-79.3906570">
    <ele>108.3</ele>
    <time>2021-02-26T18:20:44Z</time>
   </trkpt>
   <trkpt lat="43.6635700" lon="-79.3906400">
    <ele>108.3</ele>
    <time>2021-02-26T18:20:45Z</time>
   </trkpt>
   <trkpt lat="43.6635700" lon="-79.3906140">
    <ele>107.8</ele>
    <time>2021-02-26T18:20:46Z</time>
   </trkpt>
   <trkpt lat="43.6635600" lon="-79.3906120">
    <ele>107.8</ele>
    <time>2021-02-26T18:20:47Z</time>
   </trkpt>
   <trkpt lat="43.6635390" lon="-79.3906190">
    <ele>107.8</ele>
    <time>2021-02-26T18:20:48Z</time>
   </trkpt>
   <trkpt lat="43.6635120" lon="-79.3906150">
    <ele>107.8</ele>
    <time>2021-02-26T18:20:49Z</time>
   </trkpt>
   <trkpt lat="43.6634800" lon="-79.3905900">
    <ele>107.8</ele>
    <time>2021-02-26T18:20:50Z</time>
   </trkpt>
   <trkpt lat="43.6634670" lon="-79.3905840">
    <ele>107.8</ele>
    <time>2021-02-26T18:20:51Z</time>
   </trkpt>
   <trkpt lat="43.6634370" lon="-79.3905780">
    <ele>107.8</ele>
    <time>2021-02-26T18:20:52Z</time>
   </trkpt>
   <trkpt lat="43.6634030" lon="-79.3905610">
    <ele>107.8</ele>
    <time>2021-02-26T18:20:53Z</time>
   </trkpt>
   <trkpt lat="43.6633690" lon="-79.3905390">
    <ele>107.8</ele>
    <time>2021-02-26T18:20:54Z</time>
   </trkpt>
   <trkpt lat="43.6633560" lon="-79.3905360">
    <ele>107.8</ele>
    <time>2021-02-26T18:20:55Z</time>
   </trkpt>
   <trkpt lat="43.6633150" lon="-79.3905280">
    <ele>107.8</ele>
    <time>2021-02-26T18:20:56Z</time>
   </trkpt>
   <trkpt lat="43.6632770" lon="-79.3904980">
    <ele>107.9</ele>
    <time>2021-02-26T18:20:57Z</time>
   </trkpt>
   <trkpt lat="43.6632260" lon="-79.3904760">
    <ele>107.9</ele>
    <time>2021-02-26T18:20:58Z</time>
   </trkpt>
   <trkpt lat="43.6631830" lon="-79.3904530">
    <ele>107.9</ele>
    <time>2021-02-26T18:20:59Z</time>
   </trkpt>
   <trkpt lat="43.6631530" lon="-79.3904230">
    <ele>107.9</ele>
    <time>2021-02-26T18:21:00Z</time>
   </trkpt>
   <trkpt lat="43.6631230" lon="-79.3904020">
    <ele>107.9</ele>
    <time>2021-02-26T18:21:01Z</time>
   </trkpt>
   <trkpt lat="43.6630930" lon="-79.3903770">
    <ele>107.9</ele>
    <time>2021-02-26T18:21:02Z</time>
   </trkpt>
   <trkpt lat="43.6630820" lon="-79.3903660">
    <ele>107.9</ele>
    <time>2021-02-26T18:21:03Z</time>
   </trkpt>
   <trkpt lat="43.6630560" lon="-79.3903480">
    <ele>108.0</ele>
    <time>2021-02-26T18:21:04Z</time>
   </trkpt>
   <trkpt lat="43.6630280" lon="-79.3903330">
    <ele>108.0</ele>
    <time>2021-02-26T18:21:05Z</time>
   </trkpt>
   <trkpt lat="43.6629940" lon="-79.3903020">
    <ele>108.0</ele>
    <time>2021-02-26T18:21:06Z</time>
   </trkpt>
   <trkpt lat="43.6629690" lon="-79.3902800">
    <ele>108.0</ele>
    <time>2021-02-26T18:21:07Z</time>
   </trkpt>
   <trkpt lat="43.6629400" lon="-79.3902700">
    <ele>108.0</ele>
    <time>2021-02-26T18:21:08Z</time>
   </trkpt>
   <trkpt lat="43.6629150" lon="-79.3902540">
    <ele>108.0</ele>
    <time>2021-02-26T18:21:09Z</time>
   </trkpt>
   <trkpt lat="43.6628790" lon="-79.3902240">
    <ele>108.0</ele>
    <time>2021-02-26T18:21:10Z</time>
   </trkpt>
   <trkpt lat="43.6628410" lon="-79.3901970">
    <ele>108.0</ele>
    <time>2021-02-26T18:21:11Z</time>
   </trkpt>
   <trkpt lat="43.6628280" lon="-79.3901860">
    <ele>108.0</ele>
    <time>2021-02-26T18:21:12Z</time>
   </trkpt>
   <trkpt lat="43.6628030" lon="-79.3901640">
    <ele>108.0</ele>
    <time>2021-02-26T18:21:13Z</time>
   </trkpt>
   <trkpt lat="43.6627770" lon="-79.3901470">
    <ele>108.0</ele>
    <time>2021-02-26T18:21:14Z</time>
   </trkpt>
   <trkpt lat="43.6627500" lon="-79.3901240">
    <ele>107.9</ele>
    <time>2021-02-26T18:21:15Z</time>
   </trkpt>
   <trkpt lat="43.6627200" lon="-79.3901070">
    <ele>107.9</ele>
    <time>2021-02-26T18:21:16Z</time>
   </trkpt>
   <trkpt lat="43.6626890" lon="-79.3900830">
    <ele>107.9</ele>
    <time>2021-02-26T18:21:17Z</time>
   </trkpt>
   <trkpt lat="43.6626770" lon="-79.3900770">
    <ele>107.9</ele>
    <time>2021-02-26T18:21:18Z</time>
   </trkpt>
   <trkpt lat="43.6626450" lon="-79.3900570">
    <ele>107.8</ele>
    <time>2021-02-26T18:21:19Z</time>
   </trkpt>
   <trkpt lat="43.6626330" lon="-79.3900470">
    <ele>107.8</ele>
    <time>2021-02-26T18:21:20Z</time>
   </trkpt>
   <trkpt lat="43.6625990" lon="-79.3900100">
    <ele>107.8</ele>
    <time>2021-02-26T18:21:21Z</time>
   </trkpt>
   <trkpt lat="43.6625850" lon="-79.3899960">
    <ele>107.8</ele>
    <time>2021-02-26T18:21:22Z</time>
   </trkpt>
   <trkpt lat="43.6625550" lon="-79.3899680">
    <ele>107.7</ele>
    <time>2021-02-26T18:21:23Z</time>
   </trkpt>
   <trkpt lat="43.6625460" lon="-79.3899590">
    <ele>107.7</ele>
    <time>2021-02-26T18:21:24Z</time>
   </trkpt>
   <trkpt lat="43.6625080" lon="-79.3899470">
    <ele>107.6</ele>
    <time>2021-02-26T18:21:25Z</time>
   </trkpt>
   <trkpt lat="43.6624920" lon="-79.3899440">
    <ele>107.6</ele>
    <time>2021-02-26T18:21:26Z</time>
   </trkpt>
   <trkpt lat="43.6624480" lon="-79.3899450">
    <ele>107.5</ele>
    <time>2021-02-26T18:21:27Z</time>
   </trkpt>
   <trkpt lat="43.6624310" lon="-79.3899460">
    <ele>107.5</ele>
    <time>2021-02-26T18:21:28Z</time>
   </trkpt>
   <trkpt lat="43.6623870" lon="-79.3899510">
    <ele>107.4</ele>
    <time>2021-02-26T18:21:29Z</time>
   </trkpt>
   <trkpt lat="43.6623520" lon="-79.3899550">
    <ele>107.4</ele>
    <time>2021-02-26T18:21:30Z</time>
   </trkpt>
   <trkpt lat="43.6623140" lon="-79.3899670">
    <ele>107.3</ele>
    <time>2021-02-26T18:21:31Z</time>
   </trkpt>
   <trkpt lat="43.6622870" lon="-79.3899640">
    <ele>107.2</ele>
    <time>2021-02-26T18:21:32Z</time>
   </trkpt>
   <trkpt lat="43.6622550" lon="-79.3899580">
    <ele>107.2</ele>
    <time>2021-02-26T18:21:33Z</time>
   </trkpt>
   <trkpt lat="43.6622200" lon="-79.3899480">
    <ele>107.1</ele>
    <time>2021-02-26T18:21:34Z</time>
   </trkpt>
   <trkpt lat="43.6621920" lon="-79.3899410">
    <ele>107.1</ele>
    <time>2021-02-26T18:21:35Z</time>
   </trkpt>
   <trkpt lat="43.6621520" lon="-79.3899290">
    <ele>107.0</ele>
    <time>2021-02-26T18:21:36Z</time>
   </trkpt>
   <trkpt lat="43.6621360" lon="-79.3899270">
    <ele>107.0</ele>
    <time>2021-02-26T18:21:37Z</time>
   </trkpt>
   <trkpt lat="43.6621060" lon="-79.3899150">
    <ele>106.9</ele>
    <time>2021-02-26T18:21:38Z</time>
   </trkpt>
   <trkpt lat="43.6620940" lon="-79.3899090">
    <ele>106.9</ele>
    <time>2021-02-26T18:21:39Z</time>
   </trkpt>
   <trkpt lat="43.6620690" lon="-79.3898910">
    <ele>106.9</ele>
    <time>2021-02-26T18:21:40Z</time>
   </trkpt>
   <trkpt lat="43.6620420" lon="-79.3898780">
    <ele>106.8</ele>
    <time>2021-02-26T18:21:41Z</time>
   </trkpt>
   <trkpt lat="43.6620170" lon="-79.3898590">
    <ele>106.8</ele>
    <time>2021-02-26T18:21:42Z</time>
   </trkpt>
   <trkpt lat="43.6619750" lon="-79.3898480">
    <ele>106.7</ele>
    <time>2021-02-26T18:21:43Z</time>
   </trkpt>
   <trkpt lat="43.6619550" lon="-79.3898440">
    <ele>106.7</ele>
    <time>2021-02-26T18:21:44Z</time>
   </trkpt>
   <trkpt lat="43.6619250" lon="-79.3898330">
    <ele>106.7</ele>
    <time>2021-02-26T18:21:45Z</time>
   </trkpt>
   <trkpt lat="43.6618940" lon="-79.3898280">
    <ele>106.6</ele>
    <time>2021-02-26T18:21:46Z</time>
   </trkpt>
   <trkpt lat="43.6618600" lon="-79.3898100">
    <ele>106.6</ele>
    <time>2021-02-26T18:21:47Z</time>
   </trkpt>
   <trkpt lat="43.6618420" lon="-79.3898020">
    <ele>106.6</ele>
    <time>2021-02-26T18:21:48Z</time>
   </trkpt>
   <trkpt lat="43.6618030" lon="-79.3897860">
    <ele>106.6</ele>
    <time>2021-02-26T18:21:49Z</time>
   </trkpt>
   <trkpt lat="43.6617650" lon="-79.3897750">
    <ele>106.5</ele>
    <time>2021-02-26T18:21:50Z</time>
   </trkpt>
   <trkpt lat="43.6617310" lon="-79.3897720">
    <ele>106.4</ele>
    <time>2021-02-26T18:21:51Z</time>
   </trkpt>
   <trkpt lat="43.6617170" lon="-79.3897710">
    <ele>106.4</ele>
    <time>2021-02-26T18:21:52Z</time>
   </trkpt>
   <trkpt lat="43.6616860" lon="-79.3897490">
    <ele>106.3</ele>
    <time>2021-02-26T18:21:53Z</time>
   </trkpt>
   <trkpt lat="43.6616590" lon="-79.3897400">
    <ele>106.2</ele>
    <time>2021-02-26T18:21:54Z</time>
   </trkpt>
   <trkpt lat="43.6616470" lon="-79.3897360">
    <ele>106.2</ele>
    <time>2021-02-26T18:21:55Z</time>
   </trkpt>
   <trkpt lat="43.6616190" lon="-79.3897400">
    <ele>106.2</ele>
    <time>2021-02-26T18:21:56Z</time>
   </trkpt>
   <trkpt lat="43.6615870" lon="-79.3897420">
    <ele>106.1</ele>
    <time>2021-02-26T18:21:57Z</time>
   </trkpt>
   <trkpt lat="43.6615560" lon="-79.3897440">
    <ele>106.0</ele>
    <time>2021-02-26T18:21:58Z</time>
   </trkpt>
   <trkpt lat="43.6615160" lon="-79.3897500">
    <ele>105.9</ele>
    <time>2021-02-26T18:21:59Z</time>
   </trkpt>
   <trkpt lat="43.6615010" lon="-79.3897500">
    <ele>105.9</ele>
    <time>2021-02-26T18:22:00Z</time>
   </trkpt>
   <trkpt lat="43.6614740" lon="-79.3897510">
    <ele>105.8</ele>
    <time>2021-02-26T18:22:01Z</time>
   </trkpt>
   <trkpt lat="43.6614400" lon="-79.3897550">
    <ele>105.7</ele>
    <time>2021-02-26T18:22:02Z</time>
   </trkpt>
   <trkpt lat="43.6614040" lon="-79.3897640">
    <ele>105.6</ele>
    <time>2021-02-26T18:22:03Z</time>
   </trkpt>
   <trkpt lat="43.6613890" lon="-79.3897710">
    <ele>105.5</ele>
    <time>2021-02-26T18:22:04Z</time>
   </trkpt>
   <trkpt lat="43.6613490" lon="-79.3897900">
    <ele>105.4</ele>
    <time>2021-02-26T18:22:05Z</time>
   </trkpt>
   <trkpt lat="43.6613330" lon="-79.3897970">
    <ele>105.4</ele>
    <time>2021-02-26T18:22:06Z</time>
   </trkpt>
   <trkpt lat="43.6613060" lon="-79.3898080">
    <ele>105.3</ele>
    <time>2021-02-26T18:22:07Z</time>
   </trkpt>
   <trkpt lat="43.6612700" lon="-79.3898340">
    <ele>105.2</ele>
    <time>2021-02-26T18:22:08Z</time>
   </trkpt>
   <trkpt lat="43.6612540" lon="-79.3898420">
    <ele>105.1</ele>
    <time>2021-02-26T18:22:09Z</time>
   </trkpt>
   <trkpt lat="43.6612170" lon="-79.3898540">
    <ele>105.1</ele>
    <time>2021-02-26T18:22:10Z</time>
   </trkpt>
   <trkpt lat="43.6612010" lon="-79.3898570">
    <ele>105.0</ele>
    <time>2021-02-26T18:22:11Z</time>
   </trkpt>
   <trkpt lat="43.6611740" lon="-79.3898720">
    <ele>104.9</ele>
    <time>2021-02-26T18:22:12Z</time>
   </trkpt>
   <trkpt lat="43.6611500" lon="-79.3898980">
    <ele>104.9</ele>
    <time>2021-02-26T18:22:13Z</time>
   </trkpt>
   <trkpt lat="43.6611320" lon="-79.3899260">
    <ele>104.8</ele>
    <time>2021-02-26T18:22:14Z</time>
   </trkpt>
   <trkpt lat="43.6611060" lon="-79.3899510">
    <ele>104.7</ele>
    <time>2021-02-26T18:22:15Z</time>
   </trkpt>
   <trkpt lat="43.6610690" lon="-79.3899660">
    <ele>104.7</ele>
    <time>2021-02-26T18:22:16Z</time>
   </trkpt>
   <trkpt lat="43.6610320" lon="-79.3899930">
    <ele>104.6</ele>
    <time>2021-02-26T18:22:17Z</time>
   </trkpt>
   <trkpt lat="43.6610160" lon="-79.3900030">
    <ele>104.5</ele>
    <time>2021-02-26T18:22:18Z</time>
   </trkpt>
   <trkpt lat="43.6609910" lon="-79.3900300">
    <ele>104.4</ele>
    <time>2021-02-26T18:22:19Z</time>
   </trkpt>
   <trkpt lat="43.6609690" lon="-79.3900730">
    <ele>104.4</ele>
    <time>2021-02-26T18:22:20Z</time>
   </trkpt>
   <trkpt lat="43.6609360" lon="-79.3901110">
    <ele>104.3</ele>
    <time>2021-02-26T18:22:21Z</time>
   </trkpt>
   <trkpt lat="43.6609240" lon="-79.3901270">
    <ele>104.2</ele>
    <time>2021-02-26T18:22:22Z</time>
   </trkpt>
   <trkpt lat="43.6608950" lon="-79.3901490">
    <ele>104.1</ele>
    <time>2021-02-26T18:22:23Z</time>
   </trkpt>
   <trkpt lat="43.6608750" lon="-79.3901760">
    <ele>104.1</ele>
    <time>2021-02-26T18:22:24Z</time>
   </trkpt>
   <trkpt lat="43.6608520" lon="-79.3902030">
    <ele>103.9</ele>
    <time>2021-02-26T18:22:25Z</time>
   </trkpt>
   <trkpt lat="43.6608190" lon="-79.3902350">
    <ele>103.8</ele>
    <time>2021-02-26T18:22:26Z</time>
   </trkpt>
   <trkpt lat="43.6607880" lon="-79.3902680">
    <ele>103.7</ele>
    <time>2021-02-26T18:22:27Z</time>
   </trkpt>
   <trkpt lat="43.6607570" lon="-79.3902770">
    <ele>103.6</ele>
    <time>2021-02-26T18:22:28Z</time>
   </trkpt>
   <trkpt lat="43.6607200" lon="-79.3902740">
    <ele>103.5</ele>
    <time>2021-02-26T18:22:29Z</time>
   </trkpt>
   <trkpt lat="43.6606860" lon="-79.3902720">
    <ele>103.4</ele>
    <time>2021-02-26T18:22:30Z</time>
   </trkpt>
   <trkpt lat="43.6606760" lon="-79.3902730">
    <ele>103.4</ele>
    <time>2021-02-26T18:22:31Z</time>
   </trkpt>
   <trkpt lat="43.6606420" lon="-79.3902700">
    <ele>103.3</ele>
    <time>2021-02-26T18:22:32Z</time>
   </trkpt>
   <trkpt lat="43.6606310" lon="-79.3902710">
    <ele>103.2</ele>
    <time>2021-02-26T18:22:33Z</time>
   </trkpt>
   <trkpt lat="43.6605900" lon="-79.3902680">
    <ele>103.1</ele>
    <time>2021-02-26T18:22:34Z</time>
   </trkpt>
   <trkpt lat="43.6605710" lon="-79.3902670">
    <ele>103.0</ele>
    <time>2021-02-26T18:22:35Z</time>
   </trkpt>
   <trkpt lat="43.6605350" lon="-79.3902570">
    <ele>102.9</ele>
    <time>2021-02-26T18:22:36Z</time>
   </trkpt>
   <trkpt lat="43.6605210" lon="-79.3902560">
    <ele>102.9</ele>
    <time>2021-02-26T18:22:37Z</time>
   </trkpt>
   <trkpt lat="43.6604850" lon="-79.3902510">
    <ele>102.8</ele>
    <time>2021-02-26T18:22:38Z</time>
   </trkpt>
   <trkpt lat="43.6604750" lon="-79.3902500">
    <ele>102.7</ele>
    <time>2021-02-26T18:22:39Z</time>
   </trkpt>
   <trkpt lat="43.6604410" lon="-79.3902490">
    <ele>102.7</ele>
    <time>2021-02-26T18:22:40Z</time>
   </trkpt>
   <trkpt lat="43.6604230" lon="-79.3902470">
    <ele>102.6</ele>
    <time>2021-02-26T18:22:41Z</time>
   </trkpt>
   <trkpt lat="43.6603870" lon="-79.3902390">
    <ele>102.5</ele>
    <time>2021-02-26T18:22:42Z</time>
   </trkpt>
   <trkpt lat="43.6603590" lon="-79.3902320">
    <ele>102.4</ele>
    <time>2021-02-26T18:22:43Z</time>
   </trkpt>
   <trkpt lat="43.6603200" lon="-79.3902370">
    <ele>102.4</ele>
    <time>2021-02-26T18:22:44Z</time>
   </trkpt>
   <trkpt lat="43.6603020" lon="-79.3902350">
    <ele>102.3</ele>
    <time>2021-02-26T18:22:45Z</time>
   </trkpt>
   <trkpt lat="43.6602650" lon="-79.3902380">
    <ele>102.3</ele>
    <time>2021-02-26T18:22:46Z</time>
   </trkpt>
   <trkpt lat="43.6602500" lon="-79.3902390">
    <ele>102.3</ele>
    <time>2021-02-26T18:22:47Z</time>
   </trkpt>
   <trkpt lat="43.6602190" lon="-79.3902400">
    <ele>102.3</ele>
    <time>2021-02-26T18:22:48Z</time>
   </trkpt>
   <trkpt lat="43.6601830" lon="-79.3902270">
    <ele>102.2</ele>
    <time>2021-02-26T18:22:49Z</time>
   </trkpt>
   <trkpt lat="43.6601700" lon="-79.3902260">
    <ele>102.2</ele>
    <time>2021-02-26T18:22:50Z</time>
   </trkpt>
   <trkpt lat="43.6601320" lon="-79.3902250">
    <ele>102.2</ele>
    <time>2021-02-26T18:22:51Z</time>
   </trkpt>
   <trkpt lat="43.6601170" lon="-79.3902250">
    <ele>102.2</ele>
    <time>2021-02-26T18:22:52Z</time>
   </trkpt>
   <trkpt lat="43.6600780" lon="-79.3902360">
    <ele>102.2</ele>
    <time>2021-02-26T18:22:53Z</time>
   </trkpt>
   <trkpt lat="43.6600620" lon="-79.3902400">
    <ele>102.2</ele>
    <time>2021-02-26T18:22:54Z</time>
   </trkpt>
   <trkpt lat="43.6600350" lon="-79.3902520">
    <ele>102.2</ele>
    <time>2021-02-26T18:22:55Z</time>
   </trkpt>
   <trkpt lat="43.6600070" lon="-79.3902570">
    <ele>102.3</ele>
    <time>2021-02-26T18:22:56Z</time>
   </trkpt>
   <trkpt lat="43.6599990" lon="-79.3902590">
    <ele>102.3</ele>
    <time>2021-02-26T18:22:57Z</time>
   </trkpt>
   <trkpt lat="43.6599840" lon="-79.3902680">
    <ele>102.3</ele>
    <time>2021-02-26T18:22:58Z</time>
   </trkpt>
   <trkpt lat="43.6599770" lon="-79.3902750">
    <ele>102.3</ele>
    <time>2021-02-26T18:22:59Z</time>
   </trkpt>
   <trkpt lat="43.6599850" lon="-79.3902890">
    <ele>102.4</ele>
    <time>2021-02-26T18:23:00Z</time>
   </trkpt>
   <trkpt lat="43.6599950" lon="-79.3902970">
    <ele>102.4</ele>
    <time>2021-02-26T18:23:01Z</time>
   </trkpt>
   <trkpt lat="43.6599950" lon="-79.3902980">
    <ele>102.4</ele>
    <time>2021-02-26T18:23:02Z</time>
   </trkpt>
   <trkpt lat="43.6599950" lon="-79.3902990">
    <ele>102.4</ele>
    <time>2021-02-26T18:23:03Z</time>
   </trkpt>
   <trkpt lat="43.6599960" lon="-79.3902990">
    <ele>102.4</ele>
    <time>2021-02-26T18:23:04Z</time>
   </trkpt>
   <trkpt lat="43.6599960" lon="-79.3902990">
    <ele>102.4</ele>
    <time>2021-02-26T18:23:05Z</time>
   </trkpt>
   <trkpt lat="43.6599960" lon="-79.3903000">
    <ele>102.4</ele>
    <time>2021-02-26T18:23:06Z</time>
   </trkpt>
   <trkpt lat="43.6599960" lon="-79.3903000">
    <ele>102.4</ele>
    <time>2021-02-26T18:23:07Z</time>
   </trkpt>
   <trkpt lat="43.6599960" lon="-79.3903010">
    <ele>102.4</ele>
    <time>2021-02-26T18:23:08Z</time>
   </trkpt>
   <trkpt lat="43.6599950" lon="-79.3903010">
    <ele>102.4</ele>
    <time>2021-02-26T18:23:09Z</time>
   </trkpt>
   <trkpt lat="43.6599950" lon="-79.3903010">
    <ele>102.4</ele>
    <time>2021-02-26T18:23:10Z</time>
   </trkpt>
   <trkpt lat="43.6599950" lon="-79.3903020">
    <ele>102.4</ele>
    <time>2021-02-26T18:23:11Z</time>
   </trkpt>
   <trkpt lat="43.6599940" lon="-79.3903040">
    <ele>102.4</ele>
    <time>2021-02-26T18:23:12Z</time>
   </trkpt>
   <trkpt lat="43.6599950" lon="-79.3903080">
    <ele>102.4</ele>
    <time>2021-02-26T18:23:13Z</time>
   </trkpt>
   <trkpt lat="43.6599930" lon="-79.3903090">
    <ele>102.4</ele>
    <time>2021-02-26T18:23:14Z</time>
   </trkpt>
   <trkpt lat="43.6599910" lon="-79.3903100">
    <ele>102.4</ele>
    <time>2021-02-26T18:23:15Z</time>
   </trkpt>
   <trkpt lat="43.6599940" lon="-79.3903190">
    <ele>102.4</ele>
    <time>2021-02-26T18:23:16Z</time>
   </trkpt>
   <trkpt lat="43.6599980" lon="-79.3903440">
    <ele>102.4</ele>
    <time>2021-02-26T18:23:17Z</time>
   </trkpt>
   <trkpt lat="43.6599910" lon="-79.3903590">
    <ele>102.5</ele>
    <time>2021-02-26T18:23:18Z</time>
   </trkpt>
   <trkpt lat="43.6599870" lon="-79.3903850">
    <ele>102.5</ele>
    <time>2021-02-26T18:23:19Z</time>
   </trkpt>
   <trkpt lat="43.6599940" lon="-79.3904260">
    <ele>102.5</ele>
    <time>2021-02-26T18:23:20Z</time>
   </trkpt>
   <trkpt lat="43.6599970" lon="-79.3904370">
    <ele>102.5</ele>
    <time>2021-02-26T18:23:21Z</time>
   </trkpt>
   <trkpt lat="43.6599940" lon="-79.3904920">
    <ele>102.5</ele>
    <time>2021-02-26T18:23:22Z</time>
   </trkpt>
   <trkpt lat="43.6599920" lon="-79.3905150">
    <ele>102.5</ele>
    <time>2021-02-26T18:23:23Z</time>
   </trkpt>
   <trkpt lat="43.6599760" lon="-79.3905580">
    <ele>102.5</ele>
    <time>2021-02-26T18:23:24Z</time>
   </trkpt>
   <trkpt lat="43.6599700" lon="-79.3905730">
    <ele>102.5</ele>
    <time>2021-02-26T18:23:25Z</time>
   </trkpt>
   <trkpt lat="43.6599580" lon="-79.3906080">
    <ele>102.5</ele>
    <time>2021-02-26T18:23:26Z</time>
   </trkpt>
   <trkpt lat="43.6599540" lon="-79.3906220">
    <ele>102.5</ele>
    <time>2021-02-26T18:23:27Z</time>
   </trkpt>
   <trkpt lat="43.6599520" lon="-79.3906600">
    <ele>102.5</ele>
    <time>2021-02-26T18:23:28Z</time>
   </trkpt>
   <trkpt lat="43.6599410" lon="-79.3907010">
    <ele>102.5</ele>
    <time>2021-02-26T18:23:29Z</time>
   </trkpt>
   <trkpt lat="43.6599370" lon="-79.3907110">
    <ele>102.4</ele>
    <time>2021-02-26T18:23:30Z</time>
   </trkpt>
   <trkpt lat="43.6599120" lon="-79.3907410">
    <ele>102.4</ele>
    <time>2021-02-26T18:23:31Z</time>
   </trkpt>
   <trkpt lat="43.6599050" lon="-79.3907510">
    <ele>102.4</ele>
    <time>2021-02-26T18:23:32Z</time>
   </trkpt>
   <trkpt lat="43.6598810" lon="-79.3907930">
    <ele>102.4</ele>
    <time>2021-02-26T18:23:33Z</time>
   </trkpt>
   <trkpt lat="43.6598740" lon="-79.3908060">
    <ele>102.4</ele>
    <time>2021-02-26T18:23:34Z</time>
   </trkpt>
   <trkpt lat="43.6598510" lon="-79.3908410">
    <ele>102.4</ele>
    <time>2021-02-26T18:23:35Z</time>
   </trkpt>
   <trkpt lat="43.6598470" lon="-79.3908490">
    <ele>102.4</ele>
    <time>2021-02-26T18:23:36Z</time>
   </trkpt>
   <trkpt lat="43.6598320" lon="-79.3908890">
    <ele>102.3</ele>
    <time>2021-02-26T18:23:37Z</time>
   </trkpt>
   <trkpt lat="43.6598300" lon="-79.3909050">
    <ele>102.3</ele>
    <time>2021-02-26T18:23:38Z</time>
   </trkpt>
   <trkpt lat="43.6598250" lon="-79.3909440">
    <ele>102.3</ele>
    <time>2021-02-26T18:23:39Z</time>
   </trkpt>
   <trkpt lat="43.6598160" lon="-79.3909970">
    <ele>102.3</ele>
    <time>2021-02-26T18:23:40Z</time>
   </trkpt>
   <trkpt lat="43.6598080" lon="-79.3910150">
    <ele>102.3</ele>
    <time>2021-02-26T18:23:41Z</time>
   </trkpt>
   <trkpt lat="43.6597950" lon="-79.3910610">
    <ele>102.2</ele>
    <time>2021-02-26T18:23:42Z</time>
   </trkpt>
   <trkpt lat="43.6597890" lon="-79.3910780">
    <ele>102.2</ele>
    <time>2021-02-26T18:23:43Z</time>
   </trkpt>
   <trkpt lat="43.6597670" lon="-79.3911060">
    <ele>102.2</ele>
    <time>2021-02-26T18:23:44Z</time>
   </trkpt>
   <trkpt lat="43.6597200" lon="-79.3911250">
    <ele>102.2</ele>
    <time>2021-02-26T18:23:45Z</time>
   </trkpt>
   <trkpt lat="43.6596990" lon="-79.3911520">
    <ele>102.2</ele>
    <time>2021-02-26T18:23:46Z</time>
   </trkpt>
   <trkpt lat="43.6596750" lon="-79.3912020">
    <ele>102.1</ele>
    <time>2021-02-26T18:23:47Z</time>
   </trkpt>
   <trkpt lat="43.6596640" lon="-79.3912210">
    <ele>102.1</ele>
    <time>2021-02-26T18:23:48Z</time>
   </trkpt>
   <trkpt lat="43.6596460" lon="-79.3912590">
    <ele>102.1</ele>
    <time>2021-02-26T18:23:49Z</time>
   </trkpt>
   <trkpt lat="43.6596310" lon="-79.3912900">
    <ele>102.1</ele>
    <time>2021-02-26T18:23:50Z</time>
   </trkpt>
   <trkpt lat="43.6596110" lon="-79.3913320">
    <ele>102.1</ele>
    <time>2021-02-26T18:23:51Z</time>
   </trkpt>
   <trkpt lat="43.6596010" lon="-79.3913700">
    <ele>102.1</ele>
    <time>2021-02-26T18:23:52Z</time>
   </trkpt>
   <trkpt lat="43.6595820" lon="-79.3914020">
    <ele>102.1</ele>
    <time>2021-02-26T18:23:53Z</time>
   </trkpt>
   <trkpt lat="43.6595700" lon="-79.3914400">
    <ele>102.1</ele>
    <time>2021-02-26T18:23:54Z</time>
   </trkpt>
   <trkpt lat="43.6595700" lon="-79.3914840">
    <ele>102.1</ele>
    <time>2021-02-26T18:23:55Z</time>
   </trkpt>
   <trkpt lat="43.6595700" lon="-79.3915430">
    <ele>102.1</ele>
    <time>2021-02-26T18:23:56Z</time>
   </trkpt>
   <trkpt lat="43.6595840" lon="-79.3915720">
    <ele>102.1</ele>
    <time>2021-02-26T18:23:57Z</time>
   </trkpt>
   <trkpt lat="43.6595820" lon="-79.3916170">
    <ele>102.1</ele>
    <time>2021-02-26T18:23:58Z</time>
   </trkpt>
   <trkpt lat="43.6596010" lon="-79.3916670">
    <ele>102.1</ele>
    <time>2021-02-26T18:23:59Z</time>
   </trkpt>
   <trkpt lat="43.6596220" lon="-79.3917110">
    <ele>102.2</ele>
    <time>2021-02-26T18:24:00Z</time>
   </trkpt>
   <trkpt lat="43.6596430" lon="-79.3917640">
    <ele>102.2</ele>
    <time>2021-02-26T18:24:01Z</time>
   </trkpt>
   <trkpt lat="43.6596420" lon="-79.3918070">
    <ele>102.2</ele>
    <time>2021-02-26T18:24:02Z</time>
   </trkpt>
   <trkpt lat="43.6596470" lon="-79.3918510">
    <ele>102.2</ele>
    <time>2021-02-26T18:24:03Z</time>
   </trkpt>
   <trkpt lat="43.6596470" lon="-79.3918620">
    <ele>102.2</ele>
    <time>2021-02-26T18:24:04Z</time>
   </trkpt>
   <trkpt lat="43.6596460" lon="-79.3919070">
    <ele>102.2</ele>
    <time>2021-02-26T18:24:05Z</time>
   </trkpt>
   <trkpt lat="43.6596330" lon="-79.3919560">
    <ele>102.2</ele>
    <time>2021-02-26T18:24:06Z</time>
   </trkpt>
   <trkpt lat="43.6596290" lon="-79.3919720">
    <ele>102.2</ele>
    <time>2021-02-26T18:24:07Z</time>
   </trkpt>
   <trkpt lat="43.6596150" lon="-79.3920250">
    <ele>102.2</ele>
    <time>2021-02-26T18:24:08Z</time>
   </trkpt>
   <trkpt lat="43.6596100" lon="-79.3920470">
    <ele>102.2</ele>
    <time>2021-02-26T18:24:09Z</time>
   </trkpt>
   <trkpt lat="43.6595930" lon="-79.3920860">
    <ele>102.2</ele>
    <time>2021-02-26T18:24:10Z</time>
   </trkpt>
   <trkpt lat="43.6595800" lon="-79.3921360">
    <ele>102.3</ele>
    <time>2021-02-26T18:24:11Z</time>
   </trkpt>
   <trkpt lat="43.6595760" lon="-79.3921510">
    <ele>102.3</ele>
    <time>2021-02-26T18:24:12Z</time>
   </trkpt>
   <trkpt lat="43.6595650" lon="-79.3921960">
    <ele>102.3</ele>
    <time>2021-02-26T18:24:13Z</time>
   </trkpt>
   <trkpt lat="43.6595590" lon="-79.3922100">
    <ele>102.3</ele>
    <time>2021-02-26T18:24:14Z</time>
   </trkpt>
   <trkpt lat="43.6595480" lon="-79.3922600">
    <ele>102.3</ele>
    <time>2021-02-26T18:24:15Z</time>
   </trkpt>
   <trkpt lat="43.6595440" lon="-79.3922750">
    <ele>102.3</ele>
    <time>2021-02-26T18:24:16Z</time>
   </trkpt>
   <trkpt lat="43.6595370" lon="-79.3923190">
    <ele>102.3</ele>
    <time>2021-02-26T18:24:17Z</time>
   </trkpt>
   <trkpt lat="43.6595290" lon="-79.3923620">
    <ele>102.3</ele>
    <time>2021-02-26T18:24:18Z</time>
   </trkpt>
   <trkpt lat="43.6595350" lon="-79.3924070">
    <ele>102.4</ele>
    <time>2021-02-26T18:24:19Z</time>
   </trkpt>
   <trkpt lat="43.6595370" lon="-79.3924510">
    <ele>102.4</ele>
    <time>2021-02-26T18:24:20Z</time>
   </trkpt>
   <trkpt lat="43.6595190" lon="-79.3925000">
    <ele>102.4</ele>
    <time>2021-02-26T18:24:21Z</time>
   </trkpt>
   <trkpt lat="43.6595080" lon="-79.3925220">
    <ele>102.4</ele>
    <time>2021-02-26T18:24:22Z</time>
   </trkpt>
   <trkpt lat="43.6594980" lon="-79.3925630">
    <ele>102.4</ele>
    <time>2021-02-26T18:24:23Z</time>
   </trkpt>
   <trkpt lat="43.6594840" lon="-79.3926240">
    <ele>102.4</ele>
    <time>2021-02-26T18:24:24Z</time>
   </trkpt>
   <trkpt lat="43.6594800" lon="-79.3926530">
    <ele>102.4</ele>
    <time>2021-02-26T18:24:25Z</time>
   </trkpt>
   <trkpt lat="43.6594710" lon="-79.3926930">
    <ele>102.5</ele>
    <time>2021-02-26T18:24:26Z</time>
   </trkpt>
   <trkpt lat="43.6594620" lon="-79.3927280">
    <ele>102.5</ele>
    <time>2021-02-26T18:24:27Z</time>
   </trkpt>
   <trkpt lat="43.6594520" lon="-79.3927790">
    <ele>102.5</ele>
    <time>2021-02-26T18:24:28Z</time>
   </trkpt>
   <trkpt lat="43.6594480" lon="-79.3927950">
    <ele>102.5</ele>
    <time>2021-02-26T18:24:29Z</time>
   </trkpt>
   <trkpt lat="43.6594410" lon="-79.3928350">
    <ele>102.5</ele>
    <time>2021-02-26T18:24:30Z</time>
   </trkpt>
   <trkpt lat="43.6594350" lon="-79.3928820">
    <ele>102.5</ele>
    <time>2021-02-26T18:24:31Z</time>
   </trkpt>
   <trkpt lat="43.6594310" lon="-79.3928980">
    <ele>102.5</ele>
    <time>2021-02-26T18:24:32Z</time>
   </trkpt>
   <trkpt lat="43.6594250" lon="-79.3929490">
    <ele>102.5</ele>
    <time>2021-02-26T18:24:33Z</time>
   </trkpt>
   <trkpt lat="43.6594230" lon="-79.3929660">
    <ele>102.5</ele>
    <time>2021-02-26T18:24:34Z</time>
   </trkpt>
   <trkpt lat="43.6594190" lon="-79.3930130">
    <ele>102.5</ele>
    <time>2021-02-26T18:24:35Z</time>
   </trkpt>
   <trkpt lat="43.6594170" lon="-79.3930270">
    <ele>102.5</ele>
    <time>2021-02-26T18:24:36Z</time>
   </trkpt>
   <trkpt lat="43.6594070" lon="-79.3930650">
    <ele>102.5</ele>
    <time>2021-02-26T18:24:37Z</time>
   </trkpt>
   <trkpt lat="43.6594040" lon="-79.3930790">
    <ele>102.5</ele>
    <time>2021-02-26T18:24:38Z</time>
   </trkpt>
   <trkpt lat="43.6593930" lon="-79.3931320">
    <ele>102.5</ele>
    <time>2021-02-26T18:24:39Z</time>
   </trkpt>
   <trkpt lat="43.6593860" lon="-79.3931500">
    <ele>102.5</ele>
    <time>2021-02-26T18:24:40Z</time>
   </trkpt>
   <trkpt lat="43.6593730" lon="-79.3932000">
    <ele>102.6</ele>
    <time>2021-02-26T18:24:41Z</time>
   </trkpt>
   <trkpt lat="43.6593680" lon="-79.3932180">
    <ele>102.6</ele>
    <time>2021-02-26T18:24:42Z</time>
   </trkpt>
   <trkpt lat="43.6593620" lon="-79.3932520">
    <ele>102.6</ele>
    <time>2021-02-26T18:24:43Z</time>
   </trkpt>
   <trkpt lat="43.6593640" lon="-79.3932690">
    <ele>102.6</ele>
    <time>2021-02-26T18:24:44Z</time>
   </trkpt>
   <trkpt lat="43.6593560" lon="-79.3933260">
    <ele>102.6</ele>
    <time>2021-02-26T18:24:45Z</time>
   </trkpt>
   <trkpt lat="43.6593530" lon="-79.3933470">
    <ele>102.6</ele>
    <time>2021-02-26T18:24:46Z</time>
   </trkpt>
   <trkpt lat="43.6593500" lon="-79.3933870">
    <ele>102.7</ele>
    <time>2021-02-26T18:24:47Z</time>
   </trkpt>
   <trkpt lat="43.6593460" lon="-79.3933980">
    <ele>102.7</ele>
    <time>2021-02-26T18:24:48Z</time>
   </trkpt>
   <trkpt lat="43.6593280" lon="-79.3934340">
    <ele>102.7</ele>
    <time>2021-02-26T18:24:49Z</time>
   </trkpt>
   <trkpt lat="43.6593210" lon="-79.3934490">
    <ele>102.7</ele>
    <time>2021-02-26T18:24:50Z</time>
   </trkpt>
   <trkpt lat="43.6593100" lon="-79.3934960">
    <ele>102.7</ele>
    <time>2021-02-26T18:24:51Z</time>
   </trkpt>
   <trkpt lat="43.6593070" lon="-79.3935120">
    <ele>102.7</ele>
    <time>2021-02-26T18:24:52Z</time>
   </trkpt>
   <trkpt lat="43.6593090" lon="-79.3935590">
    <ele>102.7</ele>
    <time>2021-02-26T18:24:53Z</time>
   </trkpt>
   <trkpt lat="43.6593050" lon="-79.3936000">
    <ele>102.7</ele>
    <time>2021-02-26T18:24:54Z</time>
   </trkpt>
   <trkpt lat="43.6592980" lon="-79.3936490">
    <ele>102.7</ele>
    <time>2021-02-26T18:24:55Z</time>
   </trkpt>
   <trkpt lat="43.6592930" lon="-79.3936650">
    <ele>102.7</ele>
    <time>2021-02-26T18:24:56Z</time>
   </trkpt>
   <trkpt lat="43.6592800" lon="-79.3937020">
    <ele>102.7</ele>
    <time>2021-02-26T18:24:57Z</time>
   </trkpt>
   <trkpt lat="43.6592750" lon="-79.3937150">
    <ele>102.7</ele>
    <time>2021-02-26T18:24:58Z</time>
   </trkpt>
   <trkpt lat="43.6592680" lon="-79.3937660">
    <ele>102.8</ele>
    <time>2021-02-26T18:24:59Z</time>
   </trkpt>
   <trkpt lat="43.6592640" lon="-79.3937910">
    <ele>102.8</ele>
    <time>2021-02-26T18:25:00Z</time>
   </trkpt>
   <trkpt lat="43.6592500" lon="-79.3938270">
    <ele>102.8</ele>
    <time>2021-02-26T18:25:01Z</time>
   </trkpt>
   <trkpt lat="43.6592400" lon="-79.3938790">
    <ele>102.8</ele>
    <time>2021-02-26T18:25:02Z</time>
   </trkpt>
   <trkpt lat="43.6592360" lon="-79.3938980">
    <ele>102.8</ele>
    <time>2021-02-26T18:25:03Z</time>
   </trkpt>
   <trkpt lat="43.6592260" lon="-79.3939430">
    <ele>102.8</ele>
    <time>2021-02-26T18:25:04Z</time>
   </trkpt>
   <trkpt lat="43.6592210" lon="-79.3939580">
    <ele>102.8</ele>
    <time>2021-02-26T18:25:05Z</time>
   </trkpt>
   <trkpt lat="43.6592000" lon="-79.3940060">
    <ele>102.8</ele>
    <time>2021-02-26T18:25:06Z</time>
   </trkpt>
   <trkpt lat="43.6591890" lon="-79.3940250">
    <ele>102.8</ele>
    <time>2021-02-26T18:25:07Z</time>
   </trkpt>
   <trkpt lat="43.6591750" lon="-79.3940650">
    <ele>102.8</ele>
    <time>2021-02-26T18:25:08Z</time>
   </trkpt>
   <trkpt lat="43.6591610" lon="-79.3941070">
    <ele>102.9</ele>
    <time>2021-02-26T18:25:09Z</time>
   </trkpt>
   <trkpt lat="43.6591510" lon="-79.3941580">
    <ele>102.9</ele>
    <time>2021-02-26T18:25:10Z</time>
   </trkpt>
   <trkpt lat="43.6591480" lon="-79.3942110">
    <ele>102.9</ele>
    <time>2021-02-26T18:25:11Z</time>
   </trkpt>
   <trkpt lat="43.6591480" lon="-79.3942290">
    <ele>102.9</ele>
    <time>2021-02-26T18:25:12Z</time>
   </trkpt>
   <trkpt lat="43.6591400" lon="-79.3942810">
    <ele>102.9</ele>
    <time>2021-02-26T18:25:13Z</time>
   </trkpt>
   <trkpt lat="43.6591370" lon="-79.3943030">
    <ele>102.9</ele>
    <time>2021-02-26T18:25:14Z</time>
   </trkpt>
   <trkpt lat="43.6591310" lon="-79.3943500">
    <ele>102.9</ele>
    <time>2021-02-26T18:25:15Z</time>
   </trkpt>
   <trkpt lat="43.6591290" lon="-79.3943680">
    <ele>102.9</ele>
    <time>2021-02-26T18:25:16Z</time>
   </trkpt>
   <trkpt lat="43.6591160" lon="-79.3944190">
    <ele>102.9</ele>
    <time>2021-02-26T18:25:17Z</time>
   </trkpt>
   <trkpt lat="43.6591130" lon="-79.3944380">
    <ele>102.9</ele>
    <time>2021-02-26T18:25:18Z</time>
   </trkpt>
   <trkpt lat="43.6590950" lon="-79.3944870">
    <ele>102.9</ele>
    <time>2021-02-26T18:25:19Z</time>
   </trkpt>
   <trkpt lat="43.6590890" lon="-79.3945050">
    <ele>102.9</ele>
    <time>2021-02-26T18:25:20Z</time>
   </trkpt>
   <trkpt lat="43.6590770" lon="-79.3945520">
    <ele>102.9</ele>
    <time>2021-02-26T18:25:21Z</time>
   </trkpt>
   <trkpt lat="43.6590650" lon="-79.3945930">
    <ele>102.9</ele>
    <time>2021-02-26T18:25:22Z</time>
   </trkpt>
   <trkpt lat="43.6590610" lon="-79.3946080">
    <ele>102.9</ele>
    <time>2021-02-26T18:25:23Z</time>
   </trkpt>
   <trkpt lat="43.6590510" lon="-79.3946510">
    <ele>102.9</ele>
    <time>2021-02-26T18:25:24Z</time>
   </trkpt>
   <trkpt lat="43.6590440" lon="-79.3947060">
    <ele>102.9</ele>
    <time>2021-02-26T18:25:25Z</time>
   </trkpt>
   <trkpt lat="43.6590400" lon="-79.3947280">
    <ele>102.9</ele>
    <time>2021-02-26T18:25:26Z</time>
   </trkpt>
   <trkpt lat="43.6590240" lon="-79.3947770">
    <ele>102.9</ele>
    <time>2021-02-26T18:25:27Z</time>
   </trkpt>
   <trkpt lat="43.6590160" lon="-79.3947940">
    <ele>102.9</ele>
    <time>2021-02-26T18:25:28Z</time>
   </trkpt>
   <trkpt lat="43.6590010" lon="-79.3948270">
    <ele>103.0</ele>
    <time>2021-02-26T18:25:29Z</time>
   </trkpt>
   <trkpt lat="43.6589880" lon="-79.3948680">
    <ele>103.0</ele>
    <time>2021-02-26T18:25:30Z</time>
   </trkpt>
   <trkpt lat="43.6589720" lon="-79.3949180">
    <ele>103.0</ele>
    <time>2021-02-26T18:25:31Z</time>
   </trkpt>
   <trkpt lat="43.6589580" lon="-79.3949600">
    <ele>103.0</ele>
    <time>2021-02-26T18:25:32Z</time>
   </trkpt>
   <trkpt lat="43.6589520" lon="-79.3949760">
    <ele>103.0</ele>
    <time>2021-02-26T18:25:33Z</time>
   </trkpt>
   <trkpt lat="43.6589400" lon="-79.3950140">
    <ele>103.0</ele>
    <time>2021-02-26T18:25:34Z</time>
   </trkpt>
   <trkpt lat="43.6589290" lon="-79.3950590">
    <ele>103.1</ele>
    <time>2021-02-26T18:25:35Z</time>
   </trkpt>
   <trkpt lat="43.6589160" lon="-79.3950990">
    <ele>103.1</ele>
    <time>2021-02-26T18:25:36Z</time>
   </trkpt>
   <trkpt lat="43.6589030" lon="-79.3951400">
    <ele>103.1</ele>
    <time>2021-02-26T18:25:37Z</time>
   </trkpt>
   <trkpt lat="43.6588910" lon="-79.3951880">
    <ele>103.1</ele>
    <time>2021-02-26T18:25:38Z</time>
   </trkpt>
   <trkpt lat="43.6588830" lon="-79.3952350">
    <ele>103.2</ele>
    <time>2021-02-26T18:25:39Z</time>
   </trkpt>
   <trkpt lat="43.6588760" lon="-79.3952740">
    <ele>103.2</ele>
    <time>2021-02-26T18:25:40Z</time>
   </trkpt>
   <trkpt lat="43.6588650" lon="-79.3953140">
    <ele>103.2</ele>
    <time>2021-02-26T18:25:41Z</time>
   </trkpt>
   <trkpt lat="43.6588430" lon="-79.3953700">
    <ele>103.2</ele>
    <time>2021-02-26T18:25:42Z</time>
   </trkpt>
   <trkpt lat="43.6588330" lon="-79.3953930">
    <ele>103.2</ele>
    <time>2021-02-26T18:25:43Z</time>
   </trkpt>
   <trkpt lat="43.6588110" lon="-79.3954290">
    <ele>103.3</ele>
    <time>2021-02-26T18:25:44Z</time>
   </trkpt>
   <trkpt lat="43.6587960" lon="-79.3954680">
    <ele>103.3</ele>
    <time>2021-02-26T18:25:45Z</time>
   </trkpt>
   <trkpt lat="43.6587950" lon="-79.3954770">
    <ele>103.3</ele>
    <time>2021-02-26T18:25:46Z</time>
   </trkpt>
   <trkpt lat="43.6587890" lon="-79.3955160">
    <ele>103.3</ele>
    <time>2021-02-26T18:25:47Z</time>
   </trkpt>
   <trkpt lat="43.6587850" lon="-79.3955350">
    <ele>103.3</ele>
    <time>2021-02-26T18:25:48Z</time>
   </trkpt>
   <trkpt lat="43.6587780" lon="-79.3955570">
    <ele>103.3</ele>
    <time>2021-02-26T18:25:49Z</time>
   </trkpt>
   <trkpt lat="43.6587800" lon="-79.3955790">
    <ele>103.3</ele>
    <time>2021-02-26T18:25:50Z</time>
   </trkpt>
   <trkpt lat="43.6587760" lon="-79.3956220">
    <ele>103.4</ele>
    <time>2021-02-26T18:25:51Z</time>
   </trkpt>
   <trkpt lat="43.6587860" lon="-79.3956640">
    <ele>103.4</ele>
    <time>2021-02-26T18:25:52Z</time>
   </trkpt>
   <trkpt lat="43.6587950" lon="-79.3957090">
    <ele>103.4</ele>
    <time>2021-02-26T18:25:53Z</time>
   </trkpt>
   <trkpt lat="43.6587970" lon="-79.3957570">
    <ele>103.4</ele>
    <time>2021-02-26T18:25:54Z</time>
   </trkpt>
   <trkpt lat="43.6587990" lon="-79.3957960">
    <ele>103.5</ele>
    <time>2021-02-26T18:25:55Z</time>
   </trkpt>
   <trkpt lat="43.6587990" lon="-79.3958330">
    <ele>103.5</ele>
    <time>2021-02-26T18:25:56Z</time>
   </trkpt>
   <trkpt lat="43.6587960" lon="-79.3958830">
    <ele>103.5</ele>
    <time>2021-02-26T18:25:57Z</time>
   </trkpt>
   <trkpt lat="43.6587960" lon="-79.3959000">
    <ele>103.6</ele>
    <time>2021-02-26T18:25:58Z</time>
   </trkpt>
   <trkpt lat="43.6587970" lon="-79.3959290">
    <ele>103.6</ele>
    <time>2021-02-26T18:25:59Z</time>
   </trkpt>
   <trkpt lat="43.6587950" lon="-79.3959450">
    <ele>103.6</ele>
    <time>2021-02-26T18:26:00Z</time>
   </trkpt>
   <trkpt lat="43.6588090" lon="-79.3959740">
    <ele>103.6</ele>
    <time>2021-02-26T18:26:01Z</time>
   </trkpt>
   <trkpt lat="43.6588120" lon="-79.3959860">
    <ele>103.6</ele>
    <time>2021-02-26T18:26:02Z</time>
   </trkpt>
   <trkpt lat="43.6588140" lon="-79.3959990">
    <ele>103.6</ele>
    <time>2021-02-26T18:26:03Z</time>
   </trkpt>
   <trkpt lat="43.6588150" lon="-79.3960110">
    <ele>103.6</ele>
    <time>2021-02-26T18:26:04Z</time>
   </trkpt>
   <trkpt lat="43.6588160" lon="-79.3960130">
    <ele>103.6</ele>
    <time>2021-02-26T18:26:05Z</time>
   </trkpt>
   <trkpt lat="43.6588180" lon="-79.3960110">
    <ele>103.6</ele>
    <time>2021-02-26T18:26:06Z</time>
   </trkpt>
   <trkpt lat="43.6588180" lon="-79.3960110">
    <ele>103.6</ele>
    <time>2021-02-26T18:26:07Z</time>
   </trkpt>
   <trkpt lat="43.6588200" lon="-79.3960110">
    <ele>103.6</ele>
    <time>2021-02-26T18:26:08Z</time>
   </trkpt>
   <trkpt lat="43.6588180" lon="-79.3960060">
    <ele>103.6</ele>
    <time>2021-02-26T18:26:09Z</time>
   </trkpt>
   <trkpt lat="43.6588170" lon="-79.3960000">
    <ele>103.6</ele>
    <time>2021-02-26T18:26:10Z</time>
   </trkpt>
   <trkpt lat="43.6588170" lon="-79.3960000">
    <ele>103.6</ele>
    <time>2021-02-26T18:26:11Z</time>
   </trkpt>
   <trkpt lat="43.6588160" lon="-79.3960000">
    <ele>103.6</ele>
    <time>2021-02-26T18:26:12Z</time>
   </trkpt>
   <trkpt lat="43.6588160" lon="-79.3960000">
    <ele>103.6</ele>
    <time>2021-02-26T18:26:13Z</time>
   </trkpt>
   <trkpt lat="43.6588160" lon="-79.3960010">
    <ele>103.6</ele>
    <time>2021-02-26T18:26:14Z</time>
   </trkpt>
   <trkpt lat="43.6588150" lon="-79.3960020">
    <ele>103.6</ele>
    <time>2021-02-26T18:26:15Z</time>
   </trkpt>
   <trkpt lat="43.6588150" lon="-79.3960020">
    <ele>103.6</ele>
    <time>2021-02-26T18:26:16Z</time>
   </trkpt>
   <trkpt lat="43.6588140" lon="-79.3960020">
    <ele>103.6</ele>
    <time>2021-02-26T18:26:17Z</time>
   </trkpt>
   <trkpt lat="43.6588140" lon="-79.3960030">
    <ele>103.6</ele>
    <time>2021-02-26T18:26:18Z</time>
   </trkpt>
   <trkpt lat="43.6588140" lon="-79.3960020">
    <ele>103.6</ele>
    <time>2021-02-26T18:26:19Z</time>
   </trkpt>
   <trkpt lat="43.6588130" lon="-79.3960020">
    <ele>103.6</ele>
    <time>2021-02-26T18:26:20Z</time>
   </trkpt>
   <trkpt lat="43.6588130" lon="-79.3960020">
    <ele>103.6</ele>
    <time>2021-02-26T18:26:21Z</time>
   </trkpt>
   <trkpt lat="43.6588120" lon="-79.3960020">
    <ele>103.6</ele>
    <time>2021-02-26T18:26:22Z</time>
   </trkpt>
   <trkpt lat="43.6588120" lon="-79.3960010">
    <ele>103.6</ele>
    <time>2021-02-26T18:26:23Z</time>
   </trkpt>
   <trkpt lat="43.6588120" lon="-79.3960010">
    <ele>103.6</ele>
    <time>2021-02-26T18:26:24Z</time>
   </trkpt>
   <trkpt lat="43.6588110" lon="-79.3960010">
    <ele>103.6</ele>
    <time>2021-02-26T18:26:25Z</time>
   </trkpt>
   <trkpt lat="43.6588100" lon="-79.3960000">
    <ele>103.6</ele>
    <time>2021-02-26T18:26:26Z</time>
   </trkpt>
   <trkpt lat="43.6588090" lon="-79.3960000">
    <ele>103.6</ele>
    <time>2021-02-26T18:26:27Z</time>
   </trkpt>
   <trkpt lat="43.6588090" lon="-79.3959990">
    <ele>103.6</ele>
    <time>2021-02-26T18:26:28Z</time>
   </trkpt>
   <trkpt lat="43.6588080" lon="-79.3959990">
    <ele>103.6</ele>
    <time>2021-02-26T18:26:29Z</time>
   </trkpt>
   <trkpt lat="43.6588080" lon="-79.3959980">
    <ele>103.6</ele>
    <time>2021-02-26T18:26:30Z</time>
   </trkpt>
   <trkpt lat="43.6588090" lon="-79.3959980">
    <ele>103.6</ele>
    <time>2021-02-26T18:26:31Z</time>
   </trkpt>
   <trkpt lat="43.6588090" lon="-79.3959970">
    <ele>103.6</ele>
    <time>2021-02-26T18:26:32Z</time>
   </trkpt>
   <trkpt lat="43.6588090" lon="-79.3959980">
    <ele>103.6</ele>
    <time>2021-02-26T18:26:33Z</time>
   </trkpt>
   <trkpt lat="43.6588080" lon="-79.3959980">
    <ele>103.6</ele>
    <time>2021-02-26T18:26:34Z</time>
   </trkpt>
   <trkpt lat="43.6588080" lon="-79.3959980">
    <ele>103.6</ele>
    <time>2021-02-26T18:26:35Z</time>
   </trkpt>
   <trkpt lat="43.6588080" lon="-79.3959980">
    <ele>103.6</ele>
    <time>2021-02-26T18:26:36Z</time>
   </trkpt>
   <trkpt lat="43.6588080" lon="-79.3959990">
    <ele>103.6</ele>
    <time>2021-02-26T18:26:37Z</time>
   </trkpt>
   <trkpt lat="43.6588080" lon="-79.3960000">
    <ele>103.6</ele>
    <time>2021-02-26T18:26:38Z</time>
   </trkpt>
   <trkpt lat="43.6588080" lon="-79.3959990">
    <ele>103.6</ele>
    <time>2021-02-26T18:26:39Z</time>
   </trkpt>
   <trkpt lat="43.6588090" lon="-79.3960000">
    <ele>103.6</ele>
    <time>2021-02-26T18:26:40Z</time>
   </trkpt>
   <trkpt lat="43.6588110" lon="-79.3959970">
    <ele>103.6</ele>
    <time>2021-02-26T18:26:41Z</time>
   </trkpt>
   <trkpt lat="43.6588120" lon="-79.3959990">
    <ele>103.6</ele>
    <time>2021-02-26T18:26:42Z</time>
   </trkpt>
   <trkpt lat="43.6588140" lon="-79.3960000">
    <ele>103.6</ele>
    <time>2021-02-26T18:26:43Z</time>
   </trkpt>
   <trkpt lat="43.6588150" lon="-79.3960000">
    <ele>103.6</ele>
    <time>2021-02-26T18:26:44Z</time>
   </trkpt>
   <trkpt lat="43.6588160" lon="-79.3959990">
    <ele>103.6</ele>
    <time>2021-02-26T18:26:45Z</time>
   </trkpt>
   <trkpt lat="43.6588170" lon="-79.3959990">
    <ele>103.6</ele>
    <time>2021-02-26T18:26:46Z</time>
   </trkpt>
   <trkpt lat="43.6588140" lon="-79.3960030">
    <ele>103.6</ele>
    <time>2021-02-26T18:26:47Z</time>
   </trkpt>
   <trkpt lat="43.6588030" lon="-79.3960120">
    <ele>103.6</ele>
    <time>2021-02-26T18:26:48Z</time>
   </trkpt>
   <trkpt lat="43.6587900" lon="-79.3960190">
    <ele>103.7</ele>
    <time>2021-02-26T18:26:49Z</time>
   </trkpt>
   <trkpt lat="43.6587820" lon="-79.3960660">
    <ele>103.7</ele>
    <time>2021-02-26T18:26:50Z</time>
   </trkpt>
   <trkpt lat="43.6587720" lon="-79.3961190">
    <ele>103.7</ele>
    <time>2021-02-26T18:26:51Z</time>
   </trkpt>
   <trkpt lat="43.6587600" lon="-79.3961640">
    <ele>103.7</ele>
    <time>2021-02-26T18:26:52Z</time>
   </trkpt>
   <trkpt lat="43.6587550" lon="-79.3962170">
    <ele>103.7</ele>
    <time>2021-02-26T18:26:53Z</time>
   </trkpt>
   <trkpt lat="43.6587540" lon="-79.3962620">
    <ele>103.7</ele>
    <time>2021-02-26T18:26:54Z</time>
   </trkpt>
   <trkpt lat="43.6587510" lon="-79.3963030">
    <ele>103.7</ele>
    <time>2021-02-26T18:26:55Z</time>
   </trkpt>
   <trkpt lat="43.6587490" lon="-79.3963160">
    <ele>103.7</ele>
    <time>2021-02-26T18:26:56Z</time>
   </trkpt>
   <trkpt lat="43.6587400" lon="-79.3963650">
    <ele>103.7</ele>
    <time>2021-02-26T18:26:57Z</time>
   </trkpt>
   <trkpt lat="43.6587370" lon="-79.3963790">
    <ele>103.7</ele>
    <time>2021-02-26T18:26:58Z</time>
   </trkpt>
   <trkpt lat="43.6587340" lon="-79.3964260">
    <ele>103.7</ele>
    <time>2021-02-26T18:26:59Z</time>
   </trkpt>
   <trkpt lat="43.6587310" lon="-79.3964420">
    <ele>103.7</ele>
    <time>2021-02-26T18:27:00Z</time>
   </trkpt>
   <trkpt lat="43.6587180" lon="-79.3964810">
    <ele>103.7</ele>
    <time>2021-02-26T18:27:01Z</time>
   </trkpt>
   <trkpt lat="43.6587080" lon="-79.3965340">
    <ele>103.7</ele>
    <time>2021-02-26T18:27:02Z</time>
   </trkpt>
   <trkpt lat="43.6587020" lon="-79.3965530">
    <ele>103.7</ele>
    <time>2021-02-26T18:27:03Z</time>
   </trkpt>
   <trkpt lat="43.6586930" lon="-79.3965990">
    <ele>103.7</ele>
    <time>2021-02-26T18:27:04Z</time>
   </trkpt>
   <trkpt lat="43.6586910" lon="-79.3966130">
    <ele>103.7</ele>
    <time>2021-02-26T18:27:05Z</time>
   </trkpt>
   <trkpt lat="43.6586800" lon="-79.3966480">
    <ele>103.7</ele>
    <time>2021-02-26T18:27:06Z</time>
   </trkpt>
   <trkpt lat="43.6586730" lon="-79.3966610">
    <ele>103.7</ele>
    <time>2021-02-26T18:27:07Z</time>
   </trkpt>
   <trkpt lat="43.6586660" lon="-79.3967060">
    <ele>103.7</ele>
    <time>2021-02-26T18:27:08Z</time>
   </trkpt>
   <trkpt lat="43.6586550" lon="-79.3967580">
    <ele>103.7</ele>
    <time>2021-02-26T18:27:09Z</time>
   </trkpt>
   <trkpt lat="43.6586520" lon="-79.3967790">
    <ele>103.7</ele>
    <time>2021-02-26T18:27:10Z</time>
   </trkpt>
   <trkpt lat="43.6586360" lon="-79.3968180">
    <ele>103.7</ele>
    <time>2021-02-26T18:27:11Z</time>
   </trkpt>
   <trkpt lat="43.6586300" lon="-79.3968600">
    <ele>103.7</ele>
    <time>2021-02-26T18:27:12Z</time>
   </trkpt>
   <trkpt lat="43.6586290" lon="-79.3969050">
    <ele>103.7</ele>
    <time>2021-02-26T18:27:13Z</time>
   </trkpt>
   <trkpt lat="43.6586190" lon="-79.3969420">
    <ele>103.7</ele>
    <time>2021-02-26T18:27:14Z</time>
   </trkpt>
   <trkpt lat="43.6586070" lon="-79.3969920">
    <ele>103.8</ele>
    <time>2021-02-26T18:27:15Z</time>
   </trkpt>
   <trkpt lat="43.6586030" lon="-79.3970360">
    <ele>103.8</ele>
    <time>2021-02-26T18:27:16Z</time>
   </trkpt>
   <trkpt lat="43.6585950" lon="-79.3970750">
    <ele>103.8</ele>
    <time>2021-02-26T18:27:17Z</time>
   </trkpt>
   <trkpt lat="43.6585780" lon="-79.3971050">
    <ele>103.8</ele>
    <time>2021-02-26T18:27:18Z</time>
   </trkpt>
   <trkpt lat="43.6585600" lon="-79.3971640">
    <ele>103.8</ele>
    <time>2021-02-26T18:27:19Z</time>
   </trkpt>
   <trkpt lat="43.6585520" lon="-79.3971900">
    <ele>103.8</ele>
    <time>2021-02-26T18:27:20Z</time>
   </trkpt>
   <trkpt lat="43.6585570" lon="-79.3972390">
    <ele>103.8</ele>
    <time>2021-02-26T18:27:21Z</time>
   </trkpt>
   <trkpt lat="43.6585550" lon="-79.3972540">
    <ele>103.8</ele>
    <time>2021-02-26T18:27:22Z</time>
   </trkpt>
   <trkpt lat="43.6585410" lon="-79.3973100">
    <ele>103.9</ele>
    <time>2021-02-26T18:27:23Z</time>
   </trkpt>
   <trkpt lat="43.6585340" lon="-79.3973310">
    <ele>103.9</ele>
    <time>2021-02-26T18:27:24Z</time>
   </trkpt>
   <trkpt lat="43.6585230" lon="-79.3973860">
    <ele>103.9</ele>
    <time>2021-02-26T18:27:25Z</time>
   </trkpt>
   <trkpt lat="43.6585200" lon="-79.3974100">
    <ele>103.9</ele>
    <time>2021-02-26T18:27:26Z</time>
   </trkpt>
   <trkpt lat="43.6585080" lon="-79.3974630">
    <ele>103.9</ele>
    <time>2021-02-26T18:27:27Z</time>
   </trkpt>
   <trkpt lat="43.6585060" lon="-79.3974840">
    <ele>103.9</ele>
    <time>2021-02-26T18:27:28Z</time>
   </trkpt>
   <trkpt lat="43.6584890" lon="-79.3975360">
    <ele>103.9</ele>
    <time>2021-02-26T18:27:29Z</time>
   </trkpt>
   <trkpt lat="43.6584840" lon="-79.3975550">
    <ele>104.0</ele>
    <time>2021-02-26T18:27:30Z</time>
   </trkpt>
   <trkpt lat="43.6584700" lon="-79.3975900">
    <ele>104.0</ele>
    <time>2021-02-26T18:27:31Z</time>
   </trkpt>
   <trkpt lat="43.6584620" lon="-79.3976050">
    <ele>104.0</ele>
    <time>2021-02-26T18:27:32Z</time>
   </trkpt>
   <trkpt lat="43.6584540" lon="-79.3976520">
    <ele>104.0</ele>
    <time>2021-02-26T18:27:33Z</time>
   </trkpt>
   <trkpt lat="43.6584400" lon="-79.3976960">
    <ele>104.0</ele>
    <time>2021-02-26T18:27:34Z</time>
   </trkpt>
   <trkpt lat="43.6584350" lon="-79.3977440">
    <ele>104.0</ele>
    <time>2021-02-26T18:27:35Z</time>
   </trkpt>
   <trkpt lat="43.6584260" lon="-79.3977790">
    <ele>104.0</ele>
    <time>2021-02-26T18:27:36Z</time>
   </trkpt>
   <trkpt lat="43.6584090" lon="-79.3978190">
    <ele>104.0</ele>
    <time>2021-02-26T18:27:37Z</time>
   </trkpt>
   <trkpt lat="43.6584050" lon="-79.3978330">
    <ele>104.0</ele>
    <time>2021-02-26T18:27:38Z</time>
   </trkpt>
   <trkpt lat="43.6583970" lon="-79.3978810">
    <ele>104.0</ele>
    <time>2021-02-26T18:27:39Z</time>
   </trkpt>
   <trkpt lat="43.6583920" lon="-79.3979010">
    <ele>104.0</ele>
    <time>2021-02-26T18:27:40Z</time>
   </trkpt>
   <trkpt lat="43.6583870" lon="-79.3979500">
    <ele>104.1</ele>
    <time>2021-02-26T18:27:41Z</time>
   </trkpt>
   <trkpt lat="43.6583860" lon="-79.3979620">
    <ele>104.1</ele>
    <time>2021-02-26T18:27:42Z</time>
   </trkpt>
   <trkpt lat="43.6583790" lon="-79.3980100">
    <ele>104.1</ele>
    <time>2021-02-26T18:27:43Z</time>
   </trkpt>
   <trkpt lat="43.6583740" lon="-79.3980300">
    <ele>104.1</ele>
    <time>2021-02-26T18:27:44Z</time>
   </trkpt>
   <trkpt lat="43.6583600" lon="-79.3980640">
    <ele>104.1</ele>
    <time>2021-02-26T18:27:45Z</time>
   </trkpt>
   <trkpt lat="43.6583460" lon="-79.3981160">
    <ele>104.1</ele>
    <time>2021-02-26T18:27:46Z</time>
   </trkpt>
   <trkpt lat="43.6583420" lon="-79.3981640">
    <ele>104.1</ele>
    <time>2021-02-26T18:27:47Z</time>
   </trkpt>
   <trkpt lat="43.6583340" lon="-79.3982070">
    <ele>104.2</ele>
    <time>2021-02-26T18:27:48Z</time>
   </trkpt>
   <trkpt lat="43.6583260" lon="-79.3982550">
    <ele>104.2</ele>
    <time>2021-02-26T18:27:49Z</time>
   </trkpt>
   <trkpt lat="43.6583230" lon="-79.3982730">
    <ele>104.2</ele>
    <time>2021-02-26T18:27:50Z</time>
   </trkpt>
   <trkpt lat="43.6583210" lon="-79.3983120">
    <ele>104.2</ele>
    <time>2021-02-26T18:27:51Z</time>
   </trkpt>
   <trkpt lat="43.6583030" lon="-79.3983670">
    <ele>104.2</ele>
    <time>2021-02-26T18:27:52Z</time>
   </trkpt>
   <trkpt lat="43.6582910" lon="-79.3984190">
    <ele>104.2</ele>
    <time>2021-02-26T18:27:53Z</time>
   </trkpt>
   <trkpt lat="43.6582920" lon="-79.3984590">
    <ele>104.2</ele>
    <time>2021-02-26T18:27:54Z</time>
   </trkpt>
   <trkpt lat="43.6582870" lon="-79.3984960">
    <ele>104.2</ele>
    <time>2021-02-26T18:27:55Z</time>
   </trkpt>
   <trkpt lat="43.6582830" lon="-79.3985390">
    <ele>104.2</ele>
    <time>2021-02-26T18:27:56Z</time>
   </trkpt>
   <trkpt lat="43.6582840" lon="-79.3985840">
    <ele>104.2</ele>
    <time>2021-02-26T18:27:57Z</time>
   </trkpt>
   <trkpt lat="43.6582800" lon="-79.3986260">
    <ele>104.2</ele>
    <time>2021-02-26T18:27:58Z</time>
   </trkpt>
   <trkpt lat="43.6582810" lon="-79.3986450">
    <ele>104.3</ele>
    <time>2021-02-26T18:27:59Z</time>
   </trkpt>
   <trkpt lat="43.6582730" lon="-79.3986930">
    <ele>104.3</ele>
    <time>2021-02-26T18:28:00Z</time>
   </trkpt>
   <trkpt lat="43.6582700" lon="-79.3987100">
    <ele>104.3</ele>
    <time>2021-02-26T18:28:01Z</time>
   </trkpt>
   <trkpt lat="43.6582590" lon="-79.3987590">
    <ele>104.3</ele>
    <time>2021-02-26T18:28:02Z</time>
   </trkpt>
   <trkpt lat="43.6582520" lon="-79.3987730">
    <ele>104.3</ele>
    <time>2021-02-26T18:28:03Z</time>
   </trkpt>
   <trkpt lat="43.6582330" lon="-79.3988120">
    <ele>104.3</ele>
    <time>2021-02-26T18:28:04Z</time>
   </trkpt>
   <trkpt lat="43.6582260" lon="-79.3988290">
    <ele>104.3</ele>
    <time>2021-02-26T18:28:05Z</time>
   </trkpt>
   <trkpt lat="43.6582050" lon="-79.3988630">
    <ele>104.3</ele>
    <time>2021-02-26T18:28:06Z</time>
   </trkpt>
   <trkpt lat="43.6582020" lon="-79.3989170">
    <ele>104.3</ele>
    <time>2021-02-26T18:28:07Z</time>
   </trkpt>
   <trkpt lat="43.6581930" lon="-79.3989340">
    <ele>104.3</ele>
    <time>2021-02-26T18:28:08Z</time>
   </trkpt>
   <trkpt lat="43.6581720" lon="-79.3989750">
    <ele>104.3</ele>
    <time>2021-02-26T18:28:09Z</time>
   </trkpt>
   <trkpt lat="43.6581650" lon="-79.3989870">
    <ele>104.4</ele>
    <time>2021-02-26T18:28:10Z</time>
   </trkpt>
   <trkpt lat="43.6581550" lon="-79.3990380">
    <ele>104.4</ele>
    <time>2021-02-26T18:28:11Z</time>
   </trkpt>
   <trkpt lat="43.6581520" lon="-79.3990550">
    <ele>104.4</ele>
    <time>2021-02-26T18:28:12Z</time>
   </trkpt>
   <trkpt lat="43.6581460" lon="-79.3991040">
    <ele>104.4</ele>
    <time>2021-02-26T18:28:13Z</time>
   </trkpt>
   <trkpt lat="43.6581440" lon="-79.3991230">
    <ele>104.4</ele>
    <time>2021-02-26T18:28:14Z</time>
   </trkpt>
   <trkpt lat="43.6581460" lon="-79.3991730">
    <ele>104.4</ele>
    <time>2021-02-26T18:28:15Z</time>
   </trkpt>
   <trkpt lat="43.6581450" lon="-79.3992250">
    <ele>104.4</ele>
    <time>2021-02-26T18:28:16Z</time>
   </trkpt>
   <trkpt lat="43.6581510" lon="-79.3992850">
    <ele>104.5</ele>
    <time>2021-02-26T18:28:17Z</time>
   </trkpt>
   <trkpt lat="43.6581430" lon="-79.3993320">
    <ele>104.5</ele>
    <time>2021-02-26T18:28:18Z</time>
   </trkpt>
   <trkpt lat="43.6581380" lon="-79.3993510">
    <ele>104.5</ele>
    <time>2021-02-26T18:28:19Z</time>
   </trkpt>
   <trkpt lat="43.6581300" lon="-79.3994010">
    <ele>104.5</ele>
    <time>2021-02-26T18:28:20Z</time>
   </trkpt>
   <trkpt lat="43.6581280" lon="-79.3994430">
    <ele>104.6</ele>
    <time>2021-02-26T18:28:21Z</time>
   </trkpt>
   <trkpt lat="43.6581180" lon="-79.3994850">
    <ele>104.6</ele>
    <time>2021-02-26T18:28:22Z</time>
   </trkpt>
   <trkpt lat="43.6581130" lon="-79.3994980">
    <ele>104.6</ele>
    <time>2021-02-26T18:28:23Z</time>
   </trkpt>
   <trkpt lat="43.6581130" lon="-79.3995160">
    <ele>104.6</ele>
    <time>2021-02-26T18:28:24Z</time>
   </trkpt>
   <trkpt lat="43.6581060" lon="-79.3995380">
    <ele>104.6</ele>
    <time>2021-02-26T18:28:25Z</time>
   </trkpt>
   <trkpt lat="43.6581070" lon="-79.3995810">
    <ele>104.6</ele>
    <time>2021-02-26T18:28:26Z</time>
   </trkpt>
   <trkpt lat="43.6581090" lon="-79.3995970">
    <ele>104.7</ele>
    <time>2021-02-26T18:28:27Z</time>
   </trkpt>
   <trkpt lat="43.6581020" lon="-79.3996220">
    <ele>104.7</ele>
    <time>2021-02-26T18:28:28Z</time>
   </trkpt>
   <trkpt lat="43.6580970" lon="-79.3996430">
    <ele>104.7</ele>
    <time>2021-02-26T18:28:29Z</time>
   </trkpt>
   <trkpt lat="43.6581000" lon="-79.3997000">
    <ele>104.7</ele>
    <time>2021-02-26T18:28:30Z</time>
   </trkpt>
   <trkpt lat="43.6581030" lon="-79.3997420">
    <ele>104.7</ele>
    <time>2021-02-26T18:28:31Z</time>
   </trkpt>
   <trkpt lat="43.6581040" lon="-79.3997560">
    <ele>104.7</ele>
    <time>2021-02-26T18:28:32Z</time>
   </trkpt>
   <trkpt lat="43.6580950" lon="-79.3998030">
    <ele>104.8</ele>
    <time>2021-02-26T18:28:33Z</time>
   </trkpt>
   <trkpt lat="43.6581020" lon="-79.3998450">
    <ele>104.8</ele>
    <time>2021-02-26T18:28:34Z</time>
   </trkpt>
   <trkpt lat="43.6581020" lon="-79.3998600">
    <ele>104.8</ele>
    <time>2021-02-26T18:28:35Z</time>
   </trkpt>
   <trkpt lat="43.6581100" lon="-79.3998760">
    <ele>104.8</ele>
    <time>2021-02-26T18:28:36Z</time>
   </trkpt>
   <trkpt lat="43.6581140" lon="-79.3999070">
    <ele>104.8</ele>
    <time>2021-02-26T18:28:37Z</time>
   </trkpt>
   <trkpt lat="43.6581140" lon="-79.3999690">
    <ele>104.9</ele>
    <time>2021-02-26T18:28:38Z</time>
   </trkpt>
   <trkpt lat="43.6581130" lon="-79.3999960">
    <ele>104.9</ele>
    <time>2021-02-26T18:28:39Z</time>
   </trkpt>
   <trkpt lat="43.6581040" lon="-79.4000430">
    <ele>104.9</ele>
    <time>2021-02-26T18:28:40Z</time>
   </trkpt>
   <trkpt lat="43.6580940" lon="-79.4000970">
    <ele>104.9</ele>
    <time>2021-02-26T18:28:41Z</time>
   </trkpt>
   <trkpt lat="43.6580930" lon="-79.4001170">
    <ele>105.0</ele>
    <time>2021-02-26T18:28:42Z</time>
   </trkpt>
   <trkpt lat="43.6580880" lon="-79.4001680">
    <ele>105.0</ele>
    <time>2021-02-26T18:28:43Z</time>
   </trkpt>
   <trkpt lat="43.6580880" lon="-79.4001890">
    <ele>105.0</ele>
    <time>2021-02-26T18:28:44Z</time>
   </trkpt>
   <trkpt lat="43.6580860" lon="-79.4002430">
    <ele>105.0</ele>
    <time>2021-02-26T18:28:45Z</time>
   </trkpt>
   <trkpt lat="43.6580840" lon="-79.4002920">
    <ele>105.0</ele>
    <time>2021-02-26T18:28:46Z</time>
   </trkpt>
   <trkpt lat="43.6580810" lon="-79.4003050">
    <ele>105.0</ele>
    <time>2021-02-26T18:28:47Z</time>
   </trkpt>
   <trkpt lat="43.6580830" lon="-79.4003430">
    <ele>105.0</ele>
    <time>2021-02-26T18:28:48Z</time>
   </trkpt>
   <trkpt lat="43.6580740" lon="-79.4003870">
    <ele>105.0</ele>
    <time>2021-02-26T18:28:49Z</time>
   </trkpt>
   <trkpt lat="43.6580710" lon="-79.4004040">
    <ele>105.0</ele>
    <time>2021-02-26T18:28:50Z</time>
   </trkpt>
   <trkpt lat="43.6580650" lon="-79.4004490">
    <ele>105.0</ele>
    <time>2021-02-26T18:28:51Z</time>
   </trkpt>
   <trkpt lat="43.6580630" lon="-79.4004580">
    <ele>105.0</ele>
    <time>2021-02-26T18:28:52Z</time>
   </trkpt>
   <trkpt lat="43.6580540" lon="-79.4004970">
    <ele>105.0</ele>
    <time>2021-02-26T18:28:53Z</time>
   </trkpt>
   <trkpt lat="43.6580490" lon="-79.4005090">
    <ele>105.0</ele>
    <time>2021-02-26T18:28:54Z</time>
   </trkpt>
   <trkpt lat="43.6580470" lon="-79.4005560">
    <ele>105.0</ele>
    <time>2021-02-26T18:28:55Z</time>
   </trkpt>
   <trkpt lat="43.6580520" lon="-79.4005750">
    <ele>105.0</ele>
    <time>2021-02-26T18:28:56Z</time>
   </trkpt>
   <trkpt lat="43.6580460" lon="-79.4006300">
    <ele>105.0</ele>
    <time>2021-02-26T18:28:57Z</time>
   </trkpt>
   <trkpt lat="43.6580430" lon="-79.4006470">
    <ele>105.0</ele>
    <time>2021-02-26T18:28:58Z</time>
   </trkpt>
   <trkpt lat="43.6580400" lon="-79.4006610">
    <ele>105.0</ele>
    <time>2021-02-26T18:28:59Z</time>
   </trkpt>
   <trkpt lat="43.6580280" lon="-79.4006880">
    <ele>105.0</ele>
    <time>2021-02-26T18:29:00Z</time>
   </trkpt>
   <trkpt lat="43.6580190" lon="-79.4007250">
    <ele>105.0</ele>
    <time>2021-02-26T18:29:01Z</time>
   </trkpt>
   <trkpt lat="43.6580180" lon="-79.4007420">
    <ele>105.0</ele>
    <time>2021-02-26T18:29:02Z</time>
   </trkpt>
   <trkpt lat="43.6580010" lon="-79.4007830">
    <ele>105.0</ele>
    <time>2021-02-26T18:29:03Z</time>
   </trkpt>
   <trkpt lat="43.6580010" lon="-79.4008240">
    <ele>105.0</ele>
    <time>2021-02-26T18:29:04Z</time>
   </trkpt>
   <trkpt lat="43.6579860" lon="-79.4008620">
    <ele>105.0</ele>
    <time>2021-02-26T18:29:05Z</time>
   </trkpt>
   <trkpt lat="43.6579850" lon="-79.4009090">
    <ele>105.0</ele>
    <time>2021-02-26T18:29:06Z</time>
   </trkpt>
   <trkpt lat="43.6579820" lon="-79.4009280">
    <ele>105.0</ele>
    <time>2021-02-26T18:29:07Z</time>
   </trkpt>
   <trkpt lat="43.6579670" lon="-79.4009750">
    <ele>105.0</ele>
    <time>2021-02-26T18:29:08Z</time>
   </trkpt>
   <trkpt lat="43.6579610" lon="-79.4009900">
    <ele>105.0</ele>
    <time>2021-02-26T18:29:09Z</time>
   </trkpt>
   <trkpt lat="43.6579520" lon="-79.4010430">
    <ele>105.0</ele>
    <time>2021-02-26T18:29:10Z</time>
   </trkpt>
   <trkpt lat="43.6579470" lon="-79.4010610">
    <ele>105.0</ele>
    <time>2021-02-26T18:29:11Z</time>
   </trkpt>
   <trkpt lat="43.6579360" lon="-79.4011070">
    <ele>105.0</ele>
    <time>2021-02-26T18:29:12Z</time>
   </trkpt>
   <trkpt lat="43.6579260" lon="-79.4011470">
    <ele>105.0</ele>
    <time>2021-02-26T18:29:13Z</time>
   </trkpt>
   <trkpt lat="43.6579130" lon="-79.4011960">
    <ele>105.0</ele>
    <time>2021-02-26T18:29:14Z</time>
   </trkpt>
   <trkpt lat="43.6578940" lon="-79.4012320">
    <ele>105.0</ele>
    <time>2021-02-26T18:29:15Z</time>
   </trkpt>
   <trkpt lat="43.6578840" lon="-79.4012650">
    <ele>105.0</ele>
    <time>2021-02-26T18:29:16Z</time>
   </trkpt>
   <trkpt lat="43.6578810" lon="-79.4012790">
    <ele>105.0</ele>
    <time>2021-02-26T18:29:17Z</time>
   </trkpt>
   <trkpt lat="43.6578730" lon="-79.4013290">
    <ele>105.0</ele>
    <time>2021-02-26T18:29:18Z</time>
   </trkpt>
   <trkpt lat="43.6578590" lon="-79.4013730">
    <ele>105.0</ele>
    <time>2021-02-26T18:29:19Z</time>
   </trkpt>
   <trkpt lat="43.6578490" lon="-79.4013870">
    <ele>105.0</ele>
    <time>2021-02-26T18:29:20Z</time>
   </trkpt>
   <trkpt lat="43.6578340" lon="-79.4014260">
    <ele>105.0</ele>
    <time>2021-02-26T18:29:21Z</time>
   </trkpt>
   <trkpt lat="43.6578240" lon="-79.4014610">
    <ele>105.0</ele>
    <time>2021-02-26T18:29:22Z</time>
   </trkpt>
   <trkpt lat="43.6578090" lon="-79.4014970">
    <ele>105.0</ele>
    <time>2021-02-26T18:29:23Z</time>
   </trkpt>
   <trkpt lat="43.6578050" lon="-79.4015060">
    <ele>105.0</ele>
    <time>2021-02-26T18:29:24Z</time>
   </trkpt>
   <trkpt lat="43.6577940" lon="-79.4015430">
    <ele>105.0</ele>
    <time>2021-02-26T18:29:25Z</time>
   </trkpt>
   <trkpt lat="43.6577870" lon="-79.4015960">
    <ele>105.0</ele>
    <time>2021-02-26T18:29:26Z</time>
   </trkpt>
   <trkpt lat="43.6577870" lon="-79.4016190">
    <ele>105.0</ele>
    <time>2021-02-26T18:29:27Z</time>
   </trkpt>
   <trkpt lat="43.6577930" lon="-79.4016600">
    <ele>105.0</ele>
    <time>2021-02-26T18:29:28Z</time>
   </trkpt>
   <trkpt lat="43.6577920" lon="-79.4016750">
    <ele>105.0</ele>
    <time>2021-02-26T18:29:29Z</time>
   </trkpt>
   <trkpt lat="43.6577780" lon="-79.4017110">
    <ele>105.0</ele>
    <time>2021-02-26T18:29:30Z</time>
   </trkpt>
   <trkpt lat="43.6577720" lon="-79.4017230">
    <ele>105.0</ele>
    <time>2021-02-26T18:29:31Z</time>
   </trkpt>
   <trkpt lat="43.6577660" lon="-79.4017720">
    <ele>105.0</ele>
    <time>2021-02-26T18:29:32Z</time>
   </trkpt>
   <trkpt lat="43.6577620" lon="-79.4017870">
    <ele>105.0</ele>
    <time>2021-02-26T18:29:33Z</time>
   </trkpt>
   <trkpt lat="43.6577480" lon="-79.4018330">
    <ele>105.0</ele>
    <time>2021-02-26T18:29:34Z</time>
   </trkpt>
   <trkpt lat="43.6577390" lon="-79.4018770">
    <ele>105.0</ele>
    <time>2021-02-26T18:29:35Z</time>
   </trkpt>
   <trkpt lat="43.6577270" lon="-79.4019260">
    <ele>104.9</ele>
    <time>2021-02-26T18:29:36Z</time>
   </trkpt>
   <trkpt lat="43.6577210" lon="-79.4019690">
    <ele>104.9</ele>
    <time>2021-02-26T18:29:37Z</time>
   </trkpt>
   <trkpt lat="43.6577110" lon="-79.4020100">
    <ele>104.9</ele>
    <time>2021-02-26T18:29:38Z</time>
   </trkpt>
   <trkpt lat="43.6577080" lon="-79.4020270">
    <ele>104.9</ele>
    <time>2021-02-26T18:29:39Z</time>
   </trkpt>
   <trkpt lat="43.6577070" lon="-79.4020470">
    <ele>104.9</ele>
    <time>2021-02-26T18:29:40Z</time>
   </trkpt>
   <trkpt lat="43.6577050" lon="-79.4020740">
    <ele>104.9</ele>
    <time>2021-02-26T18:29:41Z</time>
   </trkpt>
   <trkpt lat="43.6576980" lon="-79.4021120">
    <ele>104.9</ele>
    <time>2021-02-26T18:29:42Z</time>
   </trkpt>
   <trkpt lat="43.6576940" lon="-79.4021250">
    <ele>104.9</ele>
    <time>2021-02-26T18:29:43Z</time>
   </trkpt>
   <trkpt lat="43.6576900" lon="-79.4021620">
    <ele>104.9</ele>
    <time>2021-02-26T18:29:44Z</time>
   </trkpt>
   <trkpt lat="43.6576840" lon="-79.4021980">
    <ele>104.9</ele>
    <time>2021-02-26T18:29:45Z</time>
   </trkpt>
   <trkpt lat="43.6576830" lon="-79.4022170">
    <ele>104.9</ele>
    <time>2021-02-26T18:29:46Z</time>
   </trkpt>
   <trkpt lat="43.6576870" lon="-79.4022600">
    <ele>104.9</ele>
    <time>2021-02-26T18:29:47Z</time>
   </trkpt>
   <trkpt lat="43.6576720" lon="-79.4022990">
    <ele>104.9</ele>
    <time>2021-02-26T18:29:48Z</time>
   </trkpt>
   <trkpt lat="43.6576590" lon="-79.4023350">
    <ele>104.9</ele>
    <time>2021-02-26T18:29:49Z</time>
   </trkpt>
   <trkpt lat="43.6576530" lon="-79.4023810">
    <ele>104.9</ele>
    <time>2021-02-26T18:29:50Z</time>
   </trkpt>
   <trkpt lat="43.6576510" lon="-79.4023930">
    <ele>104.9</ele>
    <time>2021-02-26T18:29:51Z</time>
   </trkpt>
   <trkpt lat="43.6576500" lon="-79.4024410">
    <ele>104.9</ele>
    <time>2021-02-26T18:29:52Z</time>
   </trkpt>
   <trkpt lat="43.6576510" lon="-79.4024860">
    <ele>104.9</ele>
    <time>2021-02-26T18:29:53Z</time>
   </trkpt>
   <trkpt lat="43.6576480" lon="-79.4025160">
    <ele>104.8</ele>
    <time>2021-02-26T18:29:54Z</time>
   </trkpt>
   <trkpt lat="43.6576480" lon="-79.4025280">
    <ele>104.8</ele>
    <time>2021-02-26T18:29:55Z</time>
   </trkpt>
   <trkpt lat="43.6576480" lon="-79.4025400">
    <ele>104.8</ele>
    <time>2021-02-26T18:29:56Z</time>
   </trkpt>
   <trkpt lat="43.6576450" lon="-79.4025580">
    <ele>104.8</ele>
    <time>2021-02-26T18:29:57Z</time>
   </trkpt>
   <trkpt lat="43.6576360" lon="-79.4025820">
    <ele>104.8</ele>
    <time>2021-02-26T18:29:58Z</time>
   </trkpt>
   <trkpt lat="43.6576120" lon="-79.4026080">
    <ele>104.8</ele>
    <time>2021-02-26T18:29:59Z</time>
   </trkpt>
   <trkpt lat="43.6576080" lon="-79.4026180">
    <ele>104.8</ele>
    <time>2021-02-26T18:30:00Z</time>
   </trkpt>
   <trkpt lat="43.6576060" lon="-79.4026620">
    <ele>104.8</ele>
    <time>2021-02-26T18:30:01Z</time>
   </trkpt>
   <trkpt lat="43.6575980" lon="-79.4027110">
    <ele>104.8</ele>
    <time>2021-02-26T18:30:02Z</time>
   </trkpt>
   <trkpt lat="43.6575890" lon="-79.4027670">
    <ele>104.8</ele>
    <time>2021-02-26T18:30:03Z</time>
   </trkpt>
   <trkpt lat="43.6575800" lon="-79.4028110">
    <ele>104.8</ele>
    <time>2021-02-26T18:30:04Z</time>
   </trkpt>
   <trkpt lat="43.6575700" lon="-79.4028560">
    <ele>104.8</ele>
    <time>2021-02-26T18:30:05Z</time>
   </trkpt>
   <trkpt lat="43.6575640" lon="-79.4029100">
    <ele>104.8</ele>
    <time>2021-02-26T18:30:06Z</time>
   </trkpt>
   <trkpt lat="43.6575600" lon="-79.4029570">
    <ele>104.8</ele>
    <time>2021-02-26T18:30:07Z</time>
   </trkpt>
   <trkpt lat="43.6575670" lon="-79.4030070">
    <ele>104.9</ele>
    <time>2021-02-26T18:30:08Z</time>
   </trkpt>
   <trkpt lat="43.6575630" lon="-79.4030710">
    <ele>104.9</ele>
    <time>2021-02-26T18:30:09Z</time>
   </trkpt>
   <trkpt lat="43.6575610" lon="-79.4030980">
    <ele>104.9</ele>
    <time>2021-02-26T18:30:10Z</time>
   </trkpt>
   <trkpt lat="43.6575590" lon="-79.4031360">
    <ele>104.9</ele>
    <time>2021-02-26T18:30:11Z</time>
   </trkpt>
   <trkpt lat="43.6575570" lon="-79.4031710">
    <ele>104.9</ele>
    <time>2021-02-26T18:30:12Z</time>
   </trkpt>
   <trkpt lat="43.6575510" lon="-79.4031810">
    <ele>104.9</ele>
    <time>2021-02-26T18:30:13Z</time>
   </trkpt>
   <trkpt lat="43.6575390" lon="-79.4032210">
    <ele>104.9</ele>
    <time>2021-02-26T18:30:14Z</time>
   </trkpt>
   <trkpt lat="43.6575340" lon="-79.4032340">
    <ele>104.9</ele>
    <time>2021-02-26T18:30:15Z</time>
   </trkpt>
   <trkpt lat="43.6575170" lon="-79.4032780">
    <ele>104.9</ele>
    <time>2021-02-26T18:30:16Z</time>
   </trkpt>
   <trkpt lat="43.6575110" lon="-79.4032950">
    <ele>104.9</ele>
    <time>2021-02-26T18:30:17Z</time>
   </trkpt>
   <trkpt lat="43.6575020" lon="-79.4033300">
    <ele>104.9</ele>
    <time>2021-02-26T18:30:18Z</time>
   </trkpt>
   <trkpt lat="43.6574880" lon="-79.4033650">
    <ele>104.9</ele>
    <time>2021-02-26T18:30:19Z</time>
   </trkpt>
   <trkpt lat="43.6574790" lon="-79.4034150">
    <ele>104.9</ele>
    <time>2021-02-26T18:30:20Z</time>
   </trkpt>
   <trkpt lat="43.6574730" lon="-79.4034290">
    <ele>104.9</ele>
    <time>2021-02-26T18:30:21Z</time>
   </trkpt>
   <trkpt lat="43.6574700" lon="-79.4034760">
    <ele>105.0</ele>
    <time>2021-02-26T18:30:22Z</time>
   </trkpt>
   <trkpt lat="43.6574610" lon="-79.4035160">
    <ele>105.0</ele>
    <time>2021-02-26T18:30:23Z</time>
   </trkpt>
   <trkpt lat="43.6574600" lon="-79.4035300">
    <ele>105.0</ele>
    <time>2021-02-26T18:30:24Z</time>
   </trkpt>
   <trkpt lat="43.6574550" lon="-79.4035710">
    <ele>105.0</ele>
    <time>2021-02-26T18:30:25Z</time>
   </trkpt>
   <trkpt lat="43.6574430" lon="-79.4036140">
    <ele>105.0</ele>
    <time>2021-02-26T18:30:26Z</time>
   </trkpt>
   <trkpt lat="43.6574400" lon="-79.4036310">
    <ele>105.0</ele>
    <time>2021-02-26T18:30:27Z</time>
   </trkpt>
   <trkpt lat="43.6574280" lon="-79.4036660">
    <ele>105.0</ele>
    <time>2021-02-26T18:30:28Z</time>
   </trkpt>
   <trkpt lat="43.6574090" lon="-79.4037140">
    <ele>105.1</ele>
    <time>2021-02-26T18:30:29Z</time>
   </trkpt>
   <trkpt lat="43.6574020" lon="-79.4037360">
    <ele>105.1</ele>
    <time>2021-02-26T18:30:30Z</time>
   </trkpt>
   <trkpt lat="43.6573980" lon="-79.4037910">
    <ele>105.1</ele>
    <time>2021-02-26T18:30:31Z</time>
   </trkpt>
   <trkpt lat="43.6573840" lon="-79.4038470">
    <ele>105.2</ele>
    <time>2021-02-26T18:30:32Z</time>
   </trkpt>
   <trkpt lat="43.6573730" lon="-79.4038830">
    <ele>105.2</ele>
    <time>2021-02-26T18:30:33Z</time>
   </trkpt>
   <trkpt lat="43.6573600" lon="-79.4039320">
    <ele>105.2</ele>
    <time>2021-02-26T18:30:34Z</time>
   </trkpt>
   <trkpt lat="43.6573460" lon="-79.4039810">
    <ele>105.3</ele>
    <time>2021-02-26T18:30:35Z</time>
   </trkpt>
   <trkpt lat="43.6573290" lon="-79.4040260">
    <ele>105.3</ele>
    <time>2021-02-26T18:30:36Z</time>
   </trkpt>
   <trkpt lat="43.6573180" lon="-79.4040750">
    <ele>105.3</ele>
    <time>2021-02-26T18:30:37Z</time>
   </trkpt>
   <trkpt lat="43.6573100" lon="-79.4040980">
    <ele>105.3</ele>
    <time>2021-02-26T18:30:38Z</time>
   </trkpt>
   <trkpt lat="43.6572980" lon="-79.4041530">
    <ele>105.3</ele>
    <time>2021-02-26T18:30:39Z</time>
   </trkpt>
   <trkpt lat="43.6572900" lon="-79.4041960">
    <ele>105.3</ele>
    <time>2021-02-26T18:30:40Z</time>
   </trkpt>
   <trkpt lat="43.6572940" lon="-79.4042340">
    <ele>105.3</ele>
    <time>2021-02-26T18:30:41Z</time>
   </trkpt>
   <trkpt lat="43.6572960" lon="-79.4042750">
    <ele>105.3</ele>
    <time>2021-02-26T18:30:42Z</time>
   </trkpt>
   <trkpt lat="43.6572960" lon="-79.4042850">
    <ele>105.3</ele>
    <time>2021-02-26T18:30:43Z</time>
   </trkpt>
   <trkpt lat="43.6573080" lon="-79.4043220">
    <ele>105.3</ele>
    <time>2021-02-26T18:30:44Z</time>
   </trkpt>
   <trkpt lat="43.6573110" lon="-79.4043340">
    <ele>105.3</ele>
    <time>2021-02-26T18:30:45Z</time>
   </trkpt>
   <trkpt lat="43.6573050" lon="-79.4043640">
    <ele>105.3</ele>
    <time>2021-02-26T18:30:46Z</time>
   </trkpt>
   <trkpt lat="43.6573020" lon="-79.4043730">
    <ele>105.3</ele>
    <time>2021-02-26T18:30:47Z</time>
   </trkpt>
   <trkpt lat="43.6573000" lon="-79.4043830">
    <ele>105.3</ele>
    <time>2021-02-26T18:30:48Z</time>
   </trkpt>
   <trkpt lat="43.6572960" lon="-79.4044290">
    <ele>105.3</ele>
    <time>2021-02-26T18:30:49Z</time>
   </trkpt>
   <trkpt lat="43.6572940" lon="-79.4044430">
    <ele>105.3</ele>
    <time>2021-02-26T18:30:50Z</time>
   </trkpt>
   <trkpt lat="43.6572900" lon="-79.4044840">
    <ele>105.3</ele>
    <time>2021-02-26T18:30:51Z</time>
   </trkpt>
   <trkpt lat="43.6572900" lon="-79.4045010">
    <ele>105.3</ele>
    <time>2021-02-26T18:30:52Z</time>
   </trkpt>
   <trkpt lat="43.6572870" lon="-79.4045160">
    <ele>105.3</ele>
    <time>2021-02-26T18:30:53Z</time>
   </trkpt>
   <trkpt lat="43.6572870" lon="-79.4045470">
    <ele>105.3</ele>
    <time>2021-02-26T18:30:54Z</time>
   </trkpt>
   <trkpt lat="43.6572790" lon="-79.4045640">
    <ele>105.3</ele>
    <time>2021-02-26T18:30:55Z</time>
   </trkpt>
   <trkpt lat="43.6572740" lon="-79.4045830">
    <ele>105.3</ele>
    <time>2021-02-26T18:30:56Z</time>
   </trkpt>
   <trkpt lat="43.6572680" lon="-79.4046210">
    <ele>105.4</ele>
    <time>2021-02-26T18:30:57Z</time>
   </trkpt>
   <trkpt lat="43.6572600" lon="-79.4046570">
    <ele>105.4</ele>
    <time>2021-02-26T18:30:58Z</time>
   </trkpt>
   <trkpt lat="43.6572480" lon="-79.4047080">
    <ele>105.4</ele>
    <time>2021-02-26T18:30:59Z</time>
   </trkpt>
   <trkpt lat="43.6572430" lon="-79.4047270">
    <ele>105.4</ele>
    <time>2021-02-26T18:31:00Z</time>
   </trkpt>
   <trkpt lat="43.6572320" lon="-79.4047720">
    <ele>105.4</ele>
    <time>2021-02-26T18:31:01Z</time>
   </trkpt>
   <trkpt lat="43.6572260" lon="-79.4047830">
    <ele>105.4</ele>
    <time>2021-02-26T18:31:02Z</time>
   </trkpt>
   <trkpt lat="43.6572170" lon="-79.4048200">
    <ele>105.4</ele>
    <time>2021-02-26T18:31:03Z</time>
   </trkpt>
   <trkpt lat="43.6572130" lon="-79.4048340">
    <ele>105.4</ele>
    <time>2021-02-26T18:31:04Z</time>
   </trkpt>
   <trkpt lat="43.6572020" lon="-79.4048810">
    <ele>105.4</ele>
    <time>2021-02-26T18:31:05Z</time>
   </trkpt>
   <trkpt lat="43.6571980" lon="-79.4048990">
    <ele>105.4</ele>
    <time>2021-02-26T18:31:06Z</time>
   </trkpt>
   <trkpt lat="43.6571830" lon="-79.4049430">
    <ele>105.4</ele>
    <time>2021-02-26T18:31:07Z</time>
   </trkpt>
   <trkpt lat="43.6571630" lon="-79.4049800">
    <ele>105.4</ele>
    <time>2021-02-26T18:31:08Z</time>
   </trkpt>
   <trkpt lat="43.6571540" lon="-79.4050160">
    <ele>105.4</ele>
    <time>2021-02-26T18:31:09Z</time>
   </trkpt>
   <trkpt lat="43.6571390" lon="-79.4050720">
    <ele>105.5</ele>
    <time>2021-02-26T18:31:10Z</time>
   </trkpt>
   <trkpt lat="43.6571210" lon="-79.4051260">
    <ele>105.5</ele>
    <time>2021-02-26T18:31:11Z</time>
   </trkpt>
   <trkpt lat="43.6571040" lon="-79.4051830">
    <ele>105.5</ele>
    <time>2021-02-26T18:31:12Z</time>
   </trkpt>
   <trkpt lat="43.6570920" lon="-79.4052330">
    <ele>105.5</ele>
    <time>2021-02-26T18:31:13Z</time>
   </trkpt>
   <trkpt lat="43.6570840" lon="-79.4052750">
    <ele>105.5</ele>
    <time>2021-02-26T18:31:14Z</time>
   </trkpt>
   <trkpt lat="43.6570820" lon="-79.4053020">
    <ele>105.4</ele>
    <time>2021-02-26T18:31:15Z</time>
   </trkpt>
   <trkpt lat="43.6570770" lon="-79.4053220">
    <ele>105.4</ele>
    <time>2021-02-26T18:31:16Z</time>
   </trkpt>
   <trkpt lat="43.6570630" lon="-79.4053760">
    <ele>105.4</ele>
    <time>2021-02-26T18:31:17Z</time>
   </trkpt>
   <trkpt lat="43.6570540" lon="-79.4053990">
    <ele>105.4</ele>
    <time>2021-02-26T18:31:18Z</time>
   </trkpt>
   <trkpt lat="43.6570460" lon="-79.4054500">
    <ele>105.4</ele>
    <time>2021-02-26T18:31:19Z</time>
   </trkpt>
   <trkpt lat="43.6570420" lon="-79.4054660">
    <ele>105.4</ele>
    <time>2021-02-26T18:31:20Z</time>
   </trkpt>
   <trkpt lat="43.6570390" lon="-79.4055090">
    <ele>105.4</ele>
    <time>2021-02-26T18:31:21Z</time>
   </trkpt>
   <trkpt lat="43.6570360" lon="-79.4055240">
    <ele>105.4</ele>
    <time>2021-02-26T18:31:22Z</time>
   </trkpt>
   <trkpt lat="43.6570280" lon="-79.4055720">
    <ele>105.4</ele>
    <time>2021-02-26T18:31:23Z</time>
   </trkpt>
   <trkpt lat="43.6570300" lon="-79.4055880">
    <ele>105.4</ele>
    <time>2021-02-26T18:31:24Z</time>
   </trkpt>
   <trkpt lat="43.6570380" lon="-79.4056260">
    <ele>105.3</ele>
    <time>2021-02-26T18:31:25Z</time>
   </trkpt>
   <trkpt lat="43.6570390" lon="-79.4056390">
    <ele>105.3</ele>
    <time>2021-02-26T18:31:26Z</time>
   </trkpt>
   <trkpt lat="43.6570380" lon="-79.4056760">
    <ele>105.3</ele>
    <time>2021-02-26T18:31:27Z</time>
   </trkpt>
   <trkpt lat="43.6570290" lon="-79.4057280">
    <ele>105.3</ele>
    <time>2021-02-26T18:31:28Z</time>
   </trkpt>
   <trkpt lat="43.6570250" lon="-79.4057480">
    <ele>105.3</ele>
    <time>2021-02-26T18:31:29Z</time>
   </trkpt>
   <trkpt lat="43.6570230" lon="-79.4057970">
    <ele>105.3</ele>
    <time>2021-02-26T18:31:30Z</time>
   </trkpt>
   <trkpt lat="43.6570210" lon="-79.4058120">
    <ele>105.3</ele>
    <time>2021-02-26T18:31:31Z</time>
   </trkpt>
   <trkpt lat="43.6570080" lon="-79.4058540">
    <ele>105.3</ele>
    <time>2021-02-26T18:31:32Z</time>
   </trkpt>
   <trkpt lat="43.6570060" lon="-79.4058690">
    <ele>105.3</ele>
    <time>2021-02-26T18:31:33Z</time>
   </trkpt>
   <trkpt lat="43.6570040" lon="-79.4059180">
    <ele>105.3</ele>
    <time>2021-02-26T18:31:34Z</time>
   </trkpt>
   <trkpt lat="43.6570020" lon="-79.4059370">
    <ele>105.3</ele>
    <time>2021-02-26T18:31:35Z</time>
   </trkpt>
   <trkpt lat="43.6569900" lon="-79.4059800">
    <ele>105.3</ele>
    <time>2021-02-26T18:31:36Z</time>
   </trkpt>
   <trkpt lat="43.6569820" lon="-79.4059960">
    <ele>105.3</ele>
    <time>2021-02-26T18:31:37Z</time>
   </trkpt>
   <trkpt lat="43.6569740" lon="-79.4060330">
    <ele>105.3</ele>
    <time>2021-02-26T18:31:38Z</time>
   </trkpt>
   <trkpt lat="43.6569630" lon="-79.4060890">
    <ele>105.3</ele>
    <time>2021-02-26T18:31:39Z</time>
   </trkpt>
   <trkpt lat="43.6569510" lon="-79.4061320">
    <ele>105.3</ele>
    <time>2021-02-26T18:31:40Z</time>
   </trkpt>
   <trkpt lat="43.6569390" lon="-79.4061820">
    <ele>105.3</ele>
    <time>2021-02-26T18:31:41Z</time>
   </trkpt>
   <trkpt lat="43.6569240" lon="-79.4062320">
    <ele>105.3</ele>
    <time>2021-02-26T18:31:42Z</time>
   </trkpt>
   <trkpt lat="43.6569050" lon="-79.4062790">
    <ele>105.3</ele>
    <time>2021-02-26T18:31:43Z</time>
   </trkpt>
   <trkpt lat="43.6568790" lon="-79.4063270">
    <ele>105.2</ele>
    <time>2021-02-26T18:31:44Z</time>
   </trkpt>
   <trkpt lat="43.6568630" lon="-79.4063720">
    <ele>105.2</ele>
    <time>2021-02-26T18:31:45Z</time>
   </trkpt>
   <trkpt lat="43.6568510" lon="-79.4064100">
    <ele>105.2</ele>
    <time>2021-02-26T18:31:46Z</time>
   </trkpt>
   <trkpt lat="43.6568400" lon="-79.4064450">
    <ele>105.2</ele>
    <time>2021-02-26T18:31:47Z</time>
   </trkpt>
   <trkpt lat="43.6568290" lon="-79.4064900">
    <ele>105.2</ele>
    <time>2021-02-26T18:31:48Z</time>
   </trkpt>
   <trkpt lat="43.6568190" lon="-79.4065290">
    <ele>105.2</ele>
    <time>2021-02-26T18:31:49Z</time>
   </trkpt>
   <trkpt lat="43.6568080" lon="-79.4065660">
    <ele>105.3</ele>
    <time>2021-02-26T18:31:50Z</time>
   </trkpt>
   <trkpt lat="43.6568030" lon="-79.4066050">
    <ele>105.3</ele>
    <time>2021-02-26T18:31:51Z</time>
   </trkpt>
   <trkpt lat="43.6567900" lon="-79.4066490">
    <ele>105.3</ele>
    <time>2021-02-26T18:31:52Z</time>
   </trkpt>
   <trkpt lat="43.6567740" lon="-79.4066820">
    <ele>105.3</ele>
    <time>2021-02-26T18:31:53Z</time>
   </trkpt>
   <trkpt lat="43.6567620" lon="-79.4067220">
    <ele>105.4</ele>
    <time>2021-02-26T18:31:54Z</time>
   </trkpt>
   <trkpt lat="43.6567500" lon="-79.4067600">
    <ele>105.4</ele>
    <time>2021-02-26T18:31:55Z</time>
   </trkpt>
   <trkpt lat="43.6567470" lon="-79.4067720">
    <ele>105.4</ele>
    <time>2021-02-26T18:31:56Z</time>
   </trkpt>
   <trkpt lat="43.6567440" lon="-79.4068130">
    <ele>105.4</ele>
    <time>2021-02-26T18:31:57Z</time>
   </trkpt>
   <trkpt lat="43.6567420" lon="-79.4068290">
    <ele>105.4</ele>
    <time>2021-02-26T18:31:58Z</time>
   </trkpt>
   <trkpt lat="43.6567340" lon="-79.4068770">
    <ele>105.5</ele>
    <time>2021-02-26T18:31:59Z</time>
   </trkpt>
   <trkpt lat="43.6567280" lon="-79.4069190">
    <ele>105.5</ele>
    <time>2021-02-26T18:32:00Z</time>
   </trkpt>
   <trkpt lat="43.6567240" lon="-79.4069580">
    <ele>105.5</ele>
    <time>2021-02-26T18:32:01Z</time>
   </trkpt>
   <trkpt lat="43.6567120" lon="-79.4070080">
    <ele>105.6</ele>
    <time>2021-02-26T18:32:02Z</time>
   </trkpt>
   <trkpt lat="43.6567040" lon="-79.4070230">
    <ele>105.6</ele>
    <time>2021-02-26T18:32:03Z</time>
   </trkpt>
   <trkpt lat="43.6567030" lon="-79.4070640">
    <ele>105.6</ele>
    <time>2021-02-26T18:32:04Z</time>
   </trkpt>
   <trkpt lat="43.6567000" lon="-79.4070810">
    <ele>105.6</ele>
    <time>2021-02-26T18:32:05Z</time>
   </trkpt>
   <trkpt lat="43.6566970" lon="-79.4071070">
    <ele>105.6</ele>
    <time>2021-02-26T18:32:06Z</time>
   </trkpt>
   <trkpt lat="43.6567000" lon="-79.4071260">
    <ele>105.6</ele>
    <time>2021-02-26T18:32:07Z</time>
   </trkpt>
   <trkpt lat="43.6566940" lon="-79.4071650">
    <ele>105.7</ele>
    <time>2021-02-26T18:32:08Z</time>
   </trkpt>
   <trkpt lat="43.6566940" lon="-79.4071770">
    <ele>105.7</ele>
    <time>2021-02-26T18:32:09Z</time>
   </trkpt>
   <trkpt lat="43.6566850" lon="-79.4072180">
    <ele>105.7</ele>
    <time>2021-02-26T18:32:10Z</time>
   </trkpt>
   <trkpt lat="43.6566800" lon="-79.4072350">
    <ele>105.7</ele>
    <time>2021-02-26T18:32:11Z</time>
   </trkpt>
   <trkpt lat="43.6566750" lon="-79.4072860">
    <ele>105.8</ele>
    <time>2021-02-26T18:32:12Z</time>
   </trkpt>
   <trkpt lat="43.6566730" lon="-79.4073040">
    <ele>105.8</ele>
    <time>2021-02-26T18:32:13Z</time>
   </trkpt>
   <trkpt lat="43.6566640" lon="-79.4073440">
    <ele>105.8</ele>
    <time>2021-02-26T18:32:14Z</time>
   </trkpt>
   <trkpt lat="43.6566600" lon="-79.4073610">
    <ele>105.9</ele>
    <time>2021-02-26T18:32:15Z</time>
   </trkpt>
   <trkpt lat="43.6566590" lon="-79.4074130">
    <ele>105.9</ele>
    <time>2021-02-26T18:32:16Z</time>
   </trkpt>
   <trkpt lat="43.6566520" lon="-79.4074620">
    <ele>105.9</ele>
    <time>2021-02-26T18:32:17Z</time>
   </trkpt>
   <trkpt lat="43.6566570" lon="-79.4075020">
    <ele>106.0</ele>
    <time>2021-02-26T18:32:18Z</time>
   </trkpt>
   <trkpt lat="43.6566450" lon="-79.4075530">
    <ele>106.0</ele>
    <time>2021-02-26T18:32:19Z</time>
   </trkpt>
   <trkpt lat="43.6566400" lon="-79.4075720">
    <ele>106.0</ele>
    <time>2021-02-26T18:32:20Z</time>
   </trkpt>
   <trkpt lat="43.6566400" lon="-79.4076150">
    <ele>106.1</ele>
    <time>2021-02-26T18:32:21Z</time>
   </trkpt>
   <trkpt lat="43.6566340" lon="-79.4076540">
    <ele>106.2</ele>
    <time>2021-02-26T18:32:22Z</time>
   </trkpt>
   <trkpt lat="43.6566290" lon="-79.4076770">
    <ele>106.2</ele>
    <time>2021-02-26T18:32:23Z</time>
   </trkpt>
   <trkpt lat="43.6566320" lon="-79.4077000">
    <ele>106.2</ele>
    <time>2021-02-26T18:32:24Z</time>
   </trkpt>
   <trkpt lat="43.6566330" lon="-79.4077380">
    <ele>106.3</ele>
    <time>2021-02-26T18:32:25Z</time>
   </trkpt>
   <trkpt lat="43.6566330" lon="-79.4077760">
    <ele>106.3</ele>
    <time>2021-02-26T18:32:26Z</time>
   </trkpt>
   <trkpt lat="43.6566430" lon="-79.4078210">
    <ele>106.1</ele>
    <time>2021-02-26T18:32:27Z</time>
   </trkpt>
   <trkpt lat="43.6566450" lon="-79.4078380">
    <ele>105.9</ele>
    <time>2021-02-26T18:32:28Z</time>
   </trkpt>
   <trkpt lat="43.6566520" lon="-79.4078650">
    <ele>106.0</ele>
    <time>2021-02-26T18:32:29Z</time>
   </trkpt>
   <trkpt lat="43.6566620" lon="-79.4078750">
    <ele>106.0</ele>
    <time>2021-02-26T18:32:30Z</time>
   </trkpt>
   <trkpt lat="43.6566680" lon="-79.4078930">
    <ele>106.0</ele>
    <time>2021-02-26T18:32:31Z</time>
   </trkpt>
   <trkpt lat="43.6566690" lon="-79.4078980">
    <ele>106.0</ele>
    <time>2021-02-26T18:32:32Z</time>
   </trkpt>
   <trkpt lat="43.6566730" lon="-79.4079010">
    <ele>106.0</ele>
    <time>2021-02-26T18:32:33Z</time>
   </trkpt>
   <trkpt lat="43.6566740" lon="-79.4079020">
    <ele>106.0</ele>
    <time>2021-02-26T18:32:34Z</time>
   </trkpt>
   <trkpt lat="43.6566740" lon="-79.4079040">
    <ele>106.0</ele>
    <time>2021-02-26T18:32:35Z</time>
   </trkpt>
   <trkpt lat="43.6566750" lon="-79.4079050">
    <ele>106.0</ele>
    <time>2021-02-26T18:32:36Z</time>
   </trkpt>
   <trkpt lat="43.6566750" lon="-79.4079050">
    <ele>106.0</ele>
    <time>2021-02-26T18:32:37Z</time>
   </trkpt>
   <trkpt lat="43.6566750" lon="-79.4079050">
    <ele>106.0</ele>
    <time>2021-02-26T18:32:38Z</time>
   </trkpt>
   <trkpt lat="43.6566750" lon="-79.4079040">
    <ele>106.0</ele>
    <time>2021-02-26T18:32:39Z</time>
   </trkpt>
   <trkpt lat="43.6566740" lon="-79.4079040">
    <ele>106.0</ele>
    <time>2021-02-26T18:32:40Z</time>
   </trkpt>
   <trkpt lat="43.6566740" lon="-79.4079040">
    <ele>106.0</ele>
    <time>2021-02-26T18:32:41Z</time>
   </trkpt>
   <trkpt lat="43.6566740" lon="-79.4079040">
    <ele>106.0</ele>
    <time>2021-02-26T18:32:42Z</time>
   </trkpt>
   <trkpt lat="43.6566730" lon="-79.4079050">
    <ele>106.0</ele>
    <time>2021-02-26T18:32:43Z</time>
   </trkpt>
   <trkpt lat="43.6566740" lon="-79.4079050">
    <ele>106.0</ele>
    <time>2021-02-26T18:32:44Z</time>
   </trkpt>
   <trkpt lat="43.6566740" lon="-79.4079070">
    <ele>106.0</ele>
    <time>2021-02-26T18:32:45Z</time>
   </trkpt>
   <trkpt lat="43.6566720" lon="-79.4079090">
    <ele>106.0</ele>
    <time>2021-02-26T18:32:46Z</time>
   </trkpt>
   <trkpt lat="43.6566730" lon="-79.4079100">
    <ele>106.0</ele>
    <time>2021-02-26T18:32:47Z</time>
   </trkpt>
   <trkpt lat="43.6566720" lon="-79.4079120">
    <ele>106.0</ele>
    <time>2021-02-26T18:32:48Z</time>
   </trkpt>
   <trkpt lat="43.6566730" lon="-79.4079130">
    <ele>106.0</ele>
    <time>2021-02-26T18:32:49Z</time>
   </trkpt>
   <trkpt lat="43.6566740" lon="-79.4079170">
    <ele>106.0</ele>
    <time>2021-02-26T18:32:50Z</time>
   </trkpt>
   <trkpt lat="43.6566750" lon="-79.4079170">
    <ele>106.0</ele>
    <time>2021-02-26T18:32:51Z</time>
   </trkpt>
   <trkpt lat="43.6566790" lon="-79.4079190">
    <ele>106.0</ele>
    <time>2021-02-26T18:32:52Z</time>
   </trkpt>
   <trkpt lat="43.6566820" lon="-79.4079210">
    <ele>106.0</ele>
    <time>2021-02-26T18:32:53Z</time>
   </trkpt>
   <trkpt lat="43.6566840" lon="-79.4079350">
    <ele>106.0</ele>
    <time>2021-02-26T18:32:54Z</time>
   </trkpt>
   <trkpt lat="43.6566810" lon="-79.4079370">
    <ele>106.0</ele>
    <time>2021-02-26T18:32:55Z</time>
   </trkpt>
   <trkpt lat="43.6566940" lon="-79.4079370">
    <ele>106.1</ele>
    <time>2021-02-26T18:32:56Z</time>
   </trkpt>
   <trkpt lat="43.6566940" lon="-79.4079380">
    <ele>106.1</ele>
    <time>2021-02-26T18:32:57Z</time>
   </trkpt>
   <trkpt lat="43.6566940" lon="-79.4079390">
    <ele>106.1</ele>
    <time>2021-02-26T18:32:58Z</time>
   </trkpt>
   <trkpt lat="43.6566920" lon="-79.4079400">
    <ele>106.1</ele>
    <time>2021-02-26T18:32:59Z</time>
   </trkpt>
   <trkpt lat="43.6566920" lon="-79.4079400">
    <ele>106.1</ele>
    <time>2021-02-26T18:33:00Z</time>
   </trkpt>
   <trkpt lat="43.6566930" lon="-79.4079400">
    <ele>106.1</ele>
    <time>2021-02-26T18:33:01Z</time>
   </trkpt>
   <trkpt lat="43.6566940" lon="-79.4079400">
    <ele>106.1</ele>
    <time>2021-02-26T18:33:02Z</time>
   </trkpt>
   <trkpt lat="43.6566950" lon="-79.4079390">
    <ele>106.1</ele>
    <time>2021-02-26T18:33:03Z</time>
   </trkpt>
   <trkpt lat="43.6566950" lon="-79.4079380">
    <ele>106.1</ele>
    <time>2021-02-26T18:33:04Z</time>
   </trkpt>
   <trkpt lat="43.6566950" lon="-79.4079390">
    <ele>106.1</ele>
    <time>2021-02-26T18:33:05Z</time>
   </trkpt>
   <trkpt lat="43.6566950" lon="-79.4079380">
    <ele>106.1</ele>
    <time>2021-02-26T18:33:06Z</time>
   </trkpt>
   <trkpt lat="43.6566950" lon="-79.4079380">
    <ele>106.1</ele>
    <time>2021-02-26T18:33:07Z</time>
   </trkpt>
   <trkpt lat="43.6566940" lon="-79.4079400">
    <ele>106.1</ele>
    <time>2021-02-26T18:33:08Z</time>
   </trkpt>
   <trkpt lat="43.6566940" lon="-79.4079430">
    <ele>106.1</ele>
    <time>2021-02-26T18:33:09Z</time>
   </trkpt>
   <trkpt lat="43.6567000" lon="-79.4079370">
    <ele>106.1</ele>
    <time>2021-02-26T18:33:10Z</time>
   </trkpt>
   <trkpt lat="43.6567000" lon="-79.4079380">
    <ele>106.1</ele>
    <time>2021-02-26T18:33:11Z</time>
   </trkpt>
   <trkpt lat="43.6567090" lon="-79.4079370">
    <ele>106.1</ele>
    <time>2021-02-26T18:33:12Z</time>
   </trkpt>
   <trkpt lat="43.6567210" lon="-79.4079400">
    <ele>106.1</ele>
    <time>2021-02-26T18:33:13Z</time>
   </trkpt>
   <trkpt lat="43.6567400" lon="-79.4079650">
    <ele>106.1</ele>
    <time>2021-02-26T18:33:14Z</time>
   </trkpt>
   <trkpt lat="43.6567470" lon="-79.4079830">
    <ele>106.2</ele>
    <time>2021-02-26T18:33:15Z</time>
   </trkpt>
   <trkpt lat="43.6567540" lon="-79.4080000">
    <ele>106.2</ele>
    <time>2021-02-26T18:33:16Z</time>
   </trkpt>
   <trkpt lat="43.6567670" lon="-79.4080080">
    <ele>106.2</ele>
    <time>2021-02-26T18:33:17Z</time>
   </trkpt>
   <trkpt lat="43.6567810" lon="-79.4080220">
    <ele>106.2</ele>
    <time>2021-02-26T18:33:18Z</time>
   </trkpt>
   <trkpt lat="43.6567840" lon="-79.4080490">
    <ele>106.2</ele>
    <time>2021-02-26T18:33:19Z</time>
   </trkpt>
   <trkpt lat="43.6567970" lon="-79.4080560">
    <ele>106.3</ele>
    <time>2021-02-26T18:33:20Z</time>
   </trkpt>
   <trkpt lat="43.6568080" lon="-79.4080740">
    <ele>106.3</ele>
    <time>2021-02-26T18:33:21Z</time>
   </trkpt>
   <trkpt lat="43.6568130" lon="-79.4080850">
    <ele>106.3</ele>
    <time>2021-02-26T18:33:22Z</time>
   </trkpt>
   <trkpt lat="43.6568270" lon="-79.4081000">
    <ele>106.3</ele>
    <time>2021-02-26T18:33:23Z</time>
   </trkpt>
   <trkpt lat="43.6568430" lon="-79.4081050">
    <ele>106.3</ele>
    <time>2021-02-26T18:33:24Z</time>
   </trkpt>
   <trkpt lat="43.6568540" lon="-79.4081170">
    <ele>106.4</ele>
    <time>2021-02-26T18:33:25Z</time>
   </trkpt>
   <trkpt lat="43.6568660" lon="-79.4081350">
    <ele>106.4</ele>
    <time>2021-02-26T18:33:26Z</time>
   </trkpt>
   <trkpt lat="43.6568900" lon="-79.4081440">
    <ele>106.4</ele>
    <time>2021-02-26T18:33:27Z</time>
   </trkpt>
   <trkpt lat="43.6569030" lon="-79.4081460">
    <ele>106.5</ele>
    <time>2021-02-26T18:33:28Z</time>
   </trkpt>
   <trkpt lat="43.6569160" lon="-79.4081470">
    <ele>106.5</ele>
    <time>2021-02-26T18:33:29Z</time>
   </trkpt>
   <trkpt lat="43.6569470" lon="-79.4081310">
    <ele>106.5</ele>
    <time>2021-02-26T18:33:30Z</time>
   </trkpt>
   <trkpt lat="43.6569600" lon="-79.4081380">
    <ele>106.5</ele>
    <time>2021-02-26T18:33:31Z</time>
   </trkpt>
   <trkpt lat="43.6569890" lon="-79.4081700">
    <ele>106.6</ele>
    <time>2021-02-26T18:33:32Z</time>
   </trkpt>
   <trkpt lat="43.6570130" lon="-79.4081980">
    <ele>106.7</ele>
    <time>2021-02-26T18:33:33Z</time>
   </trkpt>
   <trkpt lat="43.6570200" lon="-79.4082050">
    <ele>106.7</ele>
    <time>2021-02-26T18:33:34Z</time>
   </trkpt>
   <trkpt lat="43.6570500" lon="-79.4082090">
    <ele>106.7</ele>
    <time>2021-02-26T18:33:35Z</time>
   </trkpt>
   <trkpt lat="43.6570600" lon="-79.4082140">
    <ele>106.7</ele>
    <time>2021-02-26T18:33:36Z</time>
   </trkpt>
   <trkpt lat="43.6570880" lon="-79.4082280">
    <ele>106.8</ele>
    <time>2021-02-26T18:33:37Z</time>
   </trkpt>
   <trkpt lat="43.6571120" lon="-79.4082440">
    <ele>106.8</ele>
    <time>2021-02-26T18:33:38Z</time>
   </trkpt>
   <trkpt lat="43.6571220" lon="-79.4082530">
    <ele>106.8</ele>
    <time>2021-02-26T18:33:39Z</time>
   </trkpt>
   <trkpt lat="43.6571500" lon="-79.4082760">
    <ele>106.9</ele>
    <time>2021-02-26T18:33:40Z</time>
   </trkpt>
   <trkpt lat="43.6571580" lon="-79.4082840">
    <ele>106.9</ele>
    <time>2021-02-26T18:33:41Z</time>
   </trkpt>
   <trkpt lat="43.6571810" lon="-79.4083090">
    <ele>106.9</ele>
    <time>2021-02-26T18:33:42Z</time>
   </trkpt>
   <trkpt lat="43.6572070" lon="-79.4083320">
    <ele>107.0</ele>
    <time>2021-02-26T18:33:43Z</time>
   </trkpt>
   <trkpt lat="43.6572170" lon="-79.4083390">
    <ele>107.0</ele>
    <time>2021-02-26T18:33:44Z</time>
   </trkpt>
   <trkpt lat="43.6572500" lon="-79.4083410">
    <ele>107.0</ele>
    <time>2021-02-26T18:33:45Z</time>
   </trkpt>
   <trkpt lat="43.6572760" lon="-79.4083520">
    <ele>107.1</ele>
    <time>2021-02-26T18:33:46Z</time>
   </trkpt>
   <trkpt lat="43.6573110" lon="-79.4083460">
    <ele>107.1</ele>
    <time>2021-02-26T18:33:47Z</time>
   </trkpt>
   <trkpt lat="43.6573410" lon="-79.4083540">
    <ele>107.2</ele>
    <time>2021-02-26T18:33:48Z</time>
   </trkpt>
   <trkpt lat="43.6573720" lon="-79.4083740">
    <ele>107.2</ele>
    <time>2021-02-26T18:33:49Z</time>
   </trkpt>
   <trkpt lat="43.6573990" lon="-79.4083950">
    <ele>107.3</ele>
    <time>2021-02-26T18:33:50Z</time>
   </trkpt>
   <trkpt lat="43.6574050" lon="-79.4084060">
    <ele>107.3</ele>
    <time>2021-02-26T18:33:51Z</time>
   </trkpt>
   <trkpt lat="43.6574180" lon="-79.4084050">
    <ele>107.3</ele>
    <time>2021-02-26T18:33:52Z</time>
   </trkpt>
   <trkpt lat="43.6574340" lon="-79.4084150">
    <ele>107.3</ele>
    <time>2021-02-26T18:33:53Z</time>
   </trkpt>
   <trkpt lat="43.6574530" lon="-79.4084140">
    <ele>107.4</ele>
    <time>2021-02-26T18:33:54Z</time>
   </trkpt>
   <trkpt lat="43.6574680" lon="-79.4084200">
    <ele>107.4</ele>
    <time>2021-02-26T18:33:55Z</time>
   </trkpt>
   <trkpt lat="43.6574950" lon="-79.4084400">
    <ele>107.4</ele>
    <time>2021-02-26T18:33:56Z</time>
   </trkpt>
   <trkpt lat="43.6575020" lon="-79.4084470">
    <ele>107.4</ele>
    <time>2021-02-26T18:33:57Z</time>
   </trkpt>
   <trkpt lat="43.6575150" lon="-79.4084540">
    <ele>107.5</ele>
    <time>2021-02-26T18:33:58Z</time>
   </trkpt>
   <trkpt lat="43.6575300" lon="-79.4084630">
    <ele>107.5</ele>
    <time>2021-02-26T18:33:59Z</time>
   </trkpt>
   <trkpt lat="43.6575500" lon="-79.4084940">
    <ele>107.5</ele>
    <time>2021-02-26T18:34:00Z</time>
   </trkpt>
   <trkpt lat="43.6575540" lon="-79.4085040">
    <ele>107.5</ele>
    <time>2021-02-26T18:34:01Z</time>
   </trkpt>
   <trkpt lat="43.6575900" lon="-79.4085210">
    <ele>107.6</ele>
    <time>2021-02-26T18:34:02Z</time>
   </trkpt>
   <trkpt lat="43.6576010" lon="-79.4085270">
    <ele>107.6</ele>
    <time>2021-02-26T18:34:03Z</time>
   </trkpt>
   <trkpt lat="43.6576390" lon="-79.4085360">
    <ele>107.7</ele>
    <time>2021-02-26T18:34:04Z</time>
   </trkpt>
   <trkpt lat="43.6576510" lon="-79.4085390">
    <ele>107.7</ele>
    <time>2021-02-26T18:34:05Z</time>
   </trkpt>
   <trkpt lat="43.6576760" lon="-79.4085550">
    <ele>107.7</ele>
    <time>2021-02-26T18:34:06Z</time>
   </trkpt>
   <trkpt lat="43.6577130" lon="-79.4085630">
    <ele>107.8</ele>
    <time>2021-02-26T18:34:07Z</time>
   </trkpt>
   <trkpt lat="43.6577230" lon="-79.4085700">
    <ele>107.8</ele>
    <time>2021-02-26T18:34:08Z</time>
   </trkpt>
   <trkpt lat="43.6577630" lon="-79.4085650">
    <ele>107.9</ele>
    <time>2021-02-26T18:34:09Z</time>
   </trkpt>
   <trkpt lat="43.6577900" lon="-79.4085890">
    <ele>107.9</ele>
    <time>2021-02-26T18:34:10Z</time>
   </trkpt>
   <trkpt lat="43.6578260" lon="-79.4086130">
    <ele>107.9</ele>
    <time>2021-02-26T18:34:11Z</time>
   </trkpt>
   <trkpt lat="43.6578720" lon="-79.4086430">
    <ele>108.0</ele>
    <time>2021-02-26T18:34:12Z</time>
   </trkpt>
   <trkpt lat="43.6578990" lon="-79.4086560">
    <ele>108.1</ele>
    <time>2021-02-26T18:34:13Z</time>
   </trkpt>
   <trkpt lat="43.6579360" lon="-79.4086670">
    <ele>108.1</ele>
    <time>2021-02-26T18:34:14Z</time>
   </trkpt>
   <trkpt lat="43.6579790" lon="-79.4086810">
    <ele>108.2</ele>
    <time>2021-02-26T18:34:15Z</time>
   </trkpt>
   <trkpt lat="43.6579960" lon="-79.4086880">
    <ele>108.2</ele>
    <time>2021-02-26T18:34:16Z</time>
   </trkpt>
   <trkpt lat="43.6580230" lon="-79.4087020">
    <ele>108.2</ele>
    <time>2021-02-26T18:34:17Z</time>
   </trkpt>
   <trkpt lat="43.6580620" lon="-79.4086980">
    <ele>108.3</ele>
    <time>2021-02-26T18:34:18Z</time>
   </trkpt>
   <trkpt lat="43.6580980" lon="-79.4087100">
    <ele>108.3</ele>
    <time>2021-02-26T18:34:19Z</time>
   </trkpt>
   <trkpt lat="43.6581300" lon="-79.4087230">
    <ele>108.3</ele>
    <time>2021-02-26T18:34:20Z</time>
   </trkpt>
   <trkpt lat="43.6581670" lon="-79.4087310">
    <ele>108.4</ele>
    <time>2021-02-26T18:34:21Z</time>
   </trkpt>
   <trkpt lat="43.6582180" lon="-79.4087360">
    <ele>108.4</ele>
    <time>2021-02-26T18:34:22Z</time>
   </trkpt>
   <trkpt lat="43.6582450" lon="-79.4087400">
    <ele>108.4</ele>
    <time>2021-02-26T18:34:23Z</time>
   </trkpt>
   <trkpt lat="43.6582720" lon="-79.4087530">
    <ele>108.5</ele>
    <time>2021-02-26T18:34:24Z</time>
   </trkpt>
   <trkpt lat="43.6583000" lon="-79.4087640">
    <ele>108.5</ele>
    <time>2021-02-26T18:34:25Z</time>
   </trkpt>
   <trkpt lat="43.6583290" lon="-79.4087770">
    <ele>108.5</ele>
    <time>2021-02-26T18:34:26Z</time>
   </trkpt>
   <trkpt lat="43.6583680" lon="-79.4087720">
    <ele>108.6</ele>
    <time>2021-02-26T18:34:27Z</time>
   </trkpt>
   <trkpt lat="43.6584220" lon="-79.4087720">
    <ele>108.6</ele>
    <time>2021-02-26T18:34:28Z</time>
   </trkpt>
   <trkpt lat="43.6584500" lon="-79.4087880">
    <ele>108.6</ele>
    <time>2021-02-26T18:34:29Z</time>
   </trkpt>
   <trkpt lat="43.6584850" lon="-79.4087970">
    <ele>108.7</ele>
    <time>2021-02-26T18:34:30Z</time>
   </trkpt>
   <trkpt lat="43.6585260" lon="-79.4088010">
    <ele>108.7</ele>
    <time>2021-02-26T18:34:31Z</time>
   </trkpt>
   <trkpt lat="43.6585570" lon="-79.4088110">
    <ele>108.8</ele>
    <time>2021-02-26T18:34:32Z</time>
   </trkpt>
   <trkpt lat="43.6585670" lon="-79.4088180">
    <ele>108.8</ele>
    <time>2021-02-26T18:34:33Z</time>
   </trkpt>
   <trkpt lat="43.6585980" lon="-79.4088320">
    <ele>108.8</ele>
    <time>2021-02-26T18:34:34Z</time>
   </trkpt>
   <trkpt lat="43.6586290" lon="-79.4088370">
    <ele>108.9</ele>
    <time>2021-02-26T18:34:35Z</time>
   </trkpt>
   <trkpt lat="43.6586600" lon="-79.4088590">
    <ele>108.9</ele>
    <time>2021-02-26T18:34:36Z</time>
   </trkpt>
   <trkpt lat="43.6586950" lon="-79.4088670">
    <ele>109.0</ele>
    <time>2021-02-26T18:34:37Z</time>
   </trkpt>
   <trkpt lat="43.6587280" lon="-79.4088870">
    <ele>109.0</ele>
    <time>2021-02-26T18:34:38Z</time>
   </trkpt>
   <trkpt lat="43.6587640" lon="-79.4088920">
    <ele>109.1</ele>
    <time>2021-02-26T18:34:39Z</time>
   </trkpt>
   <trkpt lat="43.6588070" lon="-79.4089100">
    <ele>109.1</ele>
    <time>2021-02-26T18:34:40Z</time>
   </trkpt>
   <trkpt lat="43.6588410" lon="-79.4089140">
    <ele>109.1</ele>
    <time>2021-02-26T18:34:41Z</time>
   </trkpt>
   <trkpt lat="43.6588730" lon="-79.4089170">
    <ele>109.2</ele>
    <time>2021-02-26T18:34:42Z</time>
   </trkpt>
   <trkpt lat="43.6589030" lon="-79.4089170">
    <ele>109.2</ele>
    <time>2021-02-26T18:34:43Z</time>
   </trkpt>
   <trkpt lat="43.6589330" lon="-79.4089190">
    <ele>109.2</ele>
    <time>2021-02-26T18:34:44Z</time>
   </trkpt>
   <trkpt lat="43.6589690" lon="-79.4089240">
    <ele>109.2</ele>
    <time>2021-02-26T18:34:45Z</time>
   </trkpt>
   <trkpt lat="43.6589980" lon="-79.4089330">
    <ele>109.3</ele>
    <time>2021-02-26T18:34:46Z</time>
   </trkpt>
   <trkpt lat="43.6590310" lon="-79.4089450">
    <ele>109.3</ele>
    <time>2021-02-26T18:34:47Z</time>
   </trkpt>
   <trkpt lat="43.6590760" lon="-79.4089710">
    <ele>109.3</ele>
    <time>2021-02-26T18:34:48Z</time>
   </trkpt>
   <trkpt lat="43.6590960" lon="-79.4089840">
    <ele>109.4</ele>
    <time>2021-02-26T18:34:49Z</time>
   </trkpt>
   <trkpt lat="43.6591380" lon="-79.4089980">
    <ele>109.4</ele>
    <time>2021-02-26T18:34:50Z</time>
   </trkpt>
   <trkpt lat="43.6591540" lon="-79.4090050">
    <ele>109.4</ele>
    <time>2021-02-26T18:34:51Z</time>
   </trkpt>
   <trkpt lat="43.6591970" lon="-79.4090140">
    <ele>109.5</ele>
    <time>2021-02-26T18:34:52Z</time>
   </trkpt>
   <trkpt lat="43.6592360" lon="-79.4090280">
    <ele>109.5</ele>
    <time>2021-02-26T18:34:53Z</time>
   </trkpt>
   <trkpt lat="43.6592680" lon="-79.4090330">
    <ele>109.6</ele>
    <time>2021-02-26T18:34:54Z</time>
   </trkpt>
   <trkpt lat="43.6592940" lon="-79.4090430">
    <ele>109.6</ele>
    <time>2021-02-26T18:34:55Z</time>
   </trkpt>
   <trkpt lat="43.6593340" lon="-79.4090520">
    <ele>109.7</ele>
    <time>2021-02-26T18:34:56Z</time>
   </trkpt>
   <trkpt lat="43.6593470" lon="-79.4090550">
    <ele>109.7</ele>
    <time>2021-02-26T18:34:57Z</time>
   </trkpt>
   <trkpt lat="43.6593740" lon="-79.4090630">
    <ele>109.8</ele>
    <time>2021-02-26T18:34:58Z</time>
   </trkpt>
   <trkpt lat="43.6594080" lon="-79.4090840">
    <ele>109.8</ele>
    <time>2021-02-26T18:34:59Z</time>
   </trkpt>
   <trkpt lat="43.6594200" lon="-79.4090880">
    <ele>109.8</ele>
    <time>2021-02-26T18:35:00Z</time>
   </trkpt>
   <trkpt lat="43.6594510" lon="-79.4090980">
    <ele>109.9</ele>
    <time>2021-02-26T18:35:01Z</time>
   </trkpt>
   <trkpt lat="43.6594620" lon="-79.4091050">
    <ele>109.9</ele>
    <time>2021-02-26T18:35:02Z</time>
   </trkpt>
   <trkpt lat="43.6594910" lon="-79.4091230">
    <ele>109.9</ele>
    <time>2021-02-26T18:35:03Z</time>
   </trkpt>
   <trkpt lat="43.6595300" lon="-79.4091340">
    <ele>110.0</ele>
    <time>2021-02-26T18:35:04Z</time>
   </trkpt>
   <trkpt lat="43.6595430" lon="-79.4091330">
    <ele>110.0</ele>
    <time>2021-02-26T18:35:05Z</time>
   </trkpt>
   <trkpt lat="43.6595750" lon="-79.4091420">
    <ele>110.1</ele>
    <time>2021-02-26T18:35:06Z</time>
   </trkpt>
   <trkpt lat="43.6595830" lon="-79.4091450">
    <ele>110.1</ele>
    <time>2021-02-26T18:35:07Z</time>
   </trkpt>
   <trkpt lat="43.6596050" lon="-79.4091680">
    <ele>110.1</ele>
    <time>2021-02-26T18:35:08Z</time>
   </trkpt>
   <trkpt lat="43.6596150" lon="-79.4091790">
    <ele>110.1</ele>
    <time>2021-02-26T18:35:09Z</time>
   </trkpt>
   <trkpt lat="43.6596350" lon="-79.4091880">
    <ele>110.1</ele>
    <time>2021-02-26T18:35:10Z</time>
   </trkpt>
   <trkpt lat="43.6596430" lon="-79.4091880">
    <ele>110.1</ele>
    <time>2021-02-26T18:35:11Z</time>
   </trkpt>
   <trkpt lat="43.6596780" lon="-79.4091720">
    <ele>110.2</ele>
    <time>2021-02-26T18:35:12Z</time>
   </trkpt>
   <trkpt lat="43.6596930" lon="-79.4091630">
    <ele>110.2</ele>
    <time>2021-02-26T18:35:13Z</time>
   </trkpt>
   <trkpt lat="43.6597010" lon="-79.4091570">
    <ele>110.2</ele>
    <time>2021-02-26T18:35:14Z</time>
   </trkpt>
   <trkpt lat="43.6597030" lon="-79.4091570">
    <ele>110.2</ele>
    <time>2021-02-26T18:35:15Z</time>
   </trkpt>
   <trkpt lat="43.6597030" lon="-79.4091580">
    <ele>110.2</ele>
    <time>2021-02-26T18:35:16Z</time>
   </trkpt>
   <trkpt lat="43.6597040" lon="-79.4091570">
    <ele>110.2</ele>
    <time>2021-02-26T18:35:17Z</time>
   </trkpt>
   <trkpt lat="43.6597060" lon="-79.4091590">
    <ele>110.2</ele>
    <time>2021-02-26T18:35:18Z</time>
   </trkpt>
   <trkpt lat="43.6597090" lon="-79.4091640">
    <ele>110.2</ele>
    <time>2021-02-26T18:35:19Z</time>
   </trkpt>
   <trkpt lat="43.6597100" lon="-79.4091640">
    <ele>110.2</ele>
    <time>2021-02-26T18:35:20Z</time>
   </trkpt>
   <trkpt lat="43.6597120" lon="-79.4091650">
    <ele>110.2</ele>
    <time>2021-02-26T18:35:21Z</time>
   </trkpt>
   <trkpt lat="43.6597140" lon="-79.4091670">
    <ele>110.2</ele>
    <time>2021-02-26T18:35:22Z</time>
   </trkpt>
   <trkpt lat="43.6597170" lon="-79.4091720">
    <ele>110.2</ele>
    <time>2021-02-26T18:35:23Z</time>
   </trkpt>
   <trkpt lat="43.6597250" lon="-79.4091770">
    <ele>110.2</ele>
    <time>2021-02-26T18:35:24Z</time>
   </trkpt>
   <trkpt lat="43.6597400" lon="-79.4091760">
    <ele>110.2</ele>
    <time>2021-02-26T18:35:25Z</time>
   </trkpt>
   <trkpt lat="43.6597560" lon="-79.4091800">
    <ele>110.2</ele>
    <time>2021-02-26T18:35:26Z</time>
   </trkpt>
   <trkpt lat="43.6597750" lon="-79.4091820">
    <ele>110.2</ele>
    <time>2021-02-26T18:35:27Z</time>
   </trkpt>
   <trkpt lat="43.6597920" lon="-79.4091870">
    <ele>110.2</ele>
    <time>2021-02-26T18:35:28Z</time>
   </trkpt>
   <trkpt lat="43.6598200" lon="-79.4091950">
    <ele>110.2</ele>
    <time>2021-02-26T18:35:29Z</time>
   </trkpt>
   <trkpt lat="43.6598560" lon="-79.4092220">
    <ele>110.3</ele>
    <time>2021-02-26T18:35:30Z</time>
   </trkpt>
   <trkpt lat="43.6598690" lon="-79.4092350">
    <ele>110.3</ele>
    <time>2021-02-26T18:35:31Z</time>
   </trkpt>
   <trkpt lat="43.6599010" lon="-79.4092590">
    <ele>110.3</ele>
    <time>2021-02-26T18:35:32Z</time>
   </trkpt>
   <trkpt lat="43.6599120" lon="-79.4092710">
    <ele>110.3</ele>
    <time>2021-02-26T18:35:33Z</time>
   </trkpt>
   <trkpt lat="43.6599360" lon="-79.4093030">
    <ele>110.3</ele>
    <time>2021-02-26T18:35:34Z</time>
   </trkpt>
   <trkpt lat="43.6599470" lon="-79.4093090">
    <ele>110.3</ele>
    <time>2021-02-26T18:35:35Z</time>
   </trkpt>
   <trkpt lat="43.6599680" lon="-79.4093450">
    <ele>110.4</ele>
    <time>2021-02-26T18:35:36Z</time>
   </trkpt>
   <trkpt lat="43.6600000" lon="-79.4093550">
    <ele>110.4</ele>
    <time>2021-02-26T18:35:37Z</time>
   </trkpt>
   <trkpt lat="43.6600140" lon="-79.4093660">
    <ele>110.4</ele>
    <time>2021-02-26T18:35:38Z</time>
   </trkpt>
   <trkpt lat="43.6600420" lon="-79.4093720">
    <ele>110.4</ele>
    <time>2021-02-26T18:35:39Z</time>
   </trkpt>
   <trkpt lat="43.6600760" lon="-79.4093860">
    <ele>110.4</ele>
    <time>2021-02-26T18:35:40Z</time>
   </trkpt>
   <trkpt lat="43.6601010" lon="-79.4093960">
    <ele>110.4</ele>
    <time>2021-02-26T18:35:41Z</time>
   </trkpt>
   <trkpt lat="43.6601150" lon="-79.4094050">
    <ele>110.4</ele>
    <time>2021-02-26T18:35:42Z</time>
   </trkpt>
   <trkpt lat="43.6601460" lon="-79.4094130">
    <ele>110.4</ele>
    <time>2021-02-26T18:35:44Z</time>
   </trkpt>
   <trkpt lat="43.6601810" lon="-79.4094140">
    <ele>110.5</ele>
    <time>2021-02-26T18:35:45Z</time>
   </trkpt>
   <trkpt lat="43.6602080" lon="-79.4094130">
    <ele>110.5</ele>
    <time>2021-02-26T18:35:46Z</time>
   </trkpt>
   <trkpt lat="43.6602330" lon="-79.4094350">
    <ele>110.5</ele>
    <time>2021-02-26T18:35:47Z</time>
   </trkpt>
   <trkpt lat="43.6602750" lon="-79.4094490">
    <ele>110.5</ele>
    <time>2021-02-26T18:35:48Z</time>
   </trkpt>
   <trkpt lat="43.6603070" lon="-79.4094630">
    <ele>110.5</ele>
    <time>2021-02-26T18:35:49Z</time>
   </trkpt>
   <trkpt lat="43.6603410" lon="-79.4094700">
    <ele>110.6</ele>
    <time>2021-02-26T18:35:50Z</time>
   </trkpt>
   <trkpt lat="43.6603700" lon="-79.4094780">
    <ele>110.6</ele>
    <time>2021-02-26T18:35:51Z</time>
   </trkpt>
   <trkpt lat="43.6604020" lon="-79.4094910">
    <ele>110.6</ele>
    <time>2021-02-26T18:35:52Z</time>
   </trkpt>
   <trkpt lat="43.6604350" lon="-79.4095150">
    <ele>110.6</ele>
    <time>2021-02-26T18:35:53Z</time>
   </trkpt>
   <trkpt lat="43.6604660" lon="-79.4095380">
    <ele>110.6</ele>
    <time>2021-02-26T18:35:54Z</time>
   </trkpt>
   <trkpt lat="43.6605030" lon="-79.4095540">
    <ele>110.7</ele>
    <time>2021-02-26T18:35:55Z</time>
   </trkpt>
   <trkpt lat="43.6605160" lon="-79.4095630">
    <ele>110.7</ele>
    <time>2021-02-26T18:35:56Z</time>
   </trkpt>
   <trkpt lat="43.6605540" lon="-79.4095710">
    <ele>110.7</ele>
    <time>2021-02-26T18:35:57Z</time>
   </trkpt>
   <trkpt lat="43.6605830" lon="-79.4095960">
    <ele>110.7</ele>
    <time>2021-02-26T18:35:58Z</time>
   </trkpt>
   <trkpt lat="43.6606240" lon="-79.4095950">
    <ele>110.7</ele>
    <time>2021-02-26T18:35:59Z</time>
   </trkpt>
   <trkpt lat="43.6606390" lon="-79.4096010">
    <ele>110.7</ele>
    <time>2021-02-26T18:36:00Z</time>
   </trkpt>
   <trkpt lat="43.6606710" lon="-79.4096050">
    <ele>110.7</ele>
    <time>2021-02-26T18:36:01Z</time>
   </trkpt>
   <trkpt lat="43.6607000" lon="-79.4096160">
    <ele>110.7</ele>
    <time>2021-02-26T18:36:02Z</time>
   </trkpt>
   <trkpt lat="43.6607440" lon="-79.4096270">
    <ele>110.8</ele>
    <time>2021-02-26T18:36:03Z</time>
   </trkpt>
   <trkpt lat="43.6607620" lon="-79.4096330">
    <ele>110.8</ele>
    <time>2021-02-26T18:36:04Z</time>
   </trkpt>
   <trkpt lat="43.6607910" lon="-79.4096450">
    <ele>110.8</ele>
    <time>2021-02-26T18:36:05Z</time>
   </trkpt>
   <trkpt lat="43.6608270" lon="-79.4096520">
    <ele>110.8</ele>
    <time>2021-02-26T18:36:06Z</time>
   </trkpt>
   <trkpt lat="43.6608570" lon="-79.4096420">
    <ele>110.9</ele>
    <time>2021-02-26T18:36:07Z</time>
   </trkpt>
   <trkpt lat="43.6612460" lon="-79.4097670">
    <ele>111.2</ele>
    <time>2021-02-26T18:36:22Z</time>
   </trkpt>
   <trkpt lat="43.6612700" lon="-79.4097750">
    <ele>111.2</ele>
    <time>2021-02-26T18:36:23Z</time>
   </trkpt>
   <trkpt lat="43.6612990" lon="-79.4097860">
    <ele>111.3</ele>
    <time>2021-02-26T18:36:24Z</time>
   </trkpt>
   <trkpt lat="43.6613200" lon="-79.4098160">
    <ele>111.3</ele>
    <time>2021-02-26T18:36:25Z</time>
   </trkpt>
   <trkpt lat="43.6613500" lon="-79.4098270">
    <ele>111.3</ele>
    <time>2021-02-26T18:36:26Z</time>
   </trkpt>
   <trkpt lat="43.6613600" lon="-79.4098260">
    <ele>111.3</ele>
    <time>2021-02-26T18:36:27Z</time>
   </trkpt>
   <trkpt lat="43.6613920" lon="-79.4098340">
    <ele>111.4</ele>
    <time>2021-02-26T18:36:28Z</time>
   </trkpt>
   <trkpt lat="43.6614210" lon="-79.4098340">
    <ele>111.4</ele>
    <time>2021-02-26T18:36:29Z</time>
   </trkpt>
   <trkpt lat="43.6614530" lon="-79.4098390">
    <ele>111.4</ele>
    <time>2021-02-26T18:36:30Z</time>
   </trkpt>
   <trkpt lat="43.6614930" lon="-79.4098530">
    <ele>111.3</ele>
    <time>2021-02-26T18:36:31Z</time>
   </trkpt>
   <trkpt lat="43.6615080" lon="-79.4098520">
    <ele>111.3</ele>
    <time>2021-02-26T18:36:32Z</time>
   </trkpt>
   <trkpt lat="43.6615330" lon="-79.4098780">
    <ele>111.3</ele>
    <time>2021-02-26T18:36:33Z</time>
   </trkpt>
   <trkpt lat="43.6615350" lon="-79.4098940">
    <ele>111.3</ele>
    <time>2021-02-26T18:36:34Z</time>
   </trkpt>
   <trkpt lat="43.6615270" lon="-79.4099410">
    <ele>111.3</ele>
    <time>2021-02-26T18:36:35Z</time>
   </trkpt>
   <trkpt lat="43.6615210" lon="-79.4099570">
    <ele>111.3</ele>
    <time>2021-02-26T18:36:36Z</time>
   </trkpt>
   <trkpt lat="43.6615120" lon="-79.4100000">
    <ele>111.3</ele>
    <time>2021-02-26T18:36:37Z</time>
   </trkpt>
   <trkpt lat="43.6615030" lon="-79.4100390">
    <ele>111.2</ele>
    <time>2021-02-26T18:36:38Z</time>
   </trkpt>
   <trkpt lat="43.6614950" lon="-79.4100850">
    <ele>111.2</ele>
    <time>2021-02-26T18:36:39Z</time>
   </trkpt>
   <trkpt lat="43.6614890" lon="-79.4101400">
    <ele>111.2</ele>
    <time>2021-02-26T18:36:40Z</time>
   </trkpt>
   <trkpt lat="43.6614800" lon="-79.4101790">
    <ele>111.2</ele>
    <time>2021-02-26T18:36:41Z</time>
   </trkpt>
   <trkpt lat="43.6614710" lon="-79.4102220">
    <ele>111.2</ele>
    <time>2021-02-26T18:36:42Z</time>
   </trkpt>
   <trkpt lat="43.6614560" lon="-79.4102670">
    <ele>111.2</ele>
    <time>2021-02-26T18:36:43Z</time>
   </trkpt>
   <trkpt lat="43.6614510" lon="-79.4102850">
    <ele>111.2</ele>
    <time>2021-02-26T18:36:44Z</time>
   </trkpt>
   <trkpt lat="43.6614370" lon="-79.4103300">
    <ele>111.1</ele>
    <time>2021-02-26T18:36:45Z</time>
   </trkpt>
   <trkpt lat="43.6614320" lon="-79.4103450">
    <ele>111.1</ele>
    <time>2021-02-26T18:36:46Z</time>
   </trkpt>
   <trkpt lat="43.6614270" lon="-79.4103910">
    <ele>111.1</ele>
    <time>2021-02-26T18:36:47Z</time>
   </trkpt>
   <trkpt lat="43.6614230" lon="-79.4104040">
    <ele>111.1</ele>
    <time>2021-02-26T18:36:48Z</time>
   </trkpt>
   <trkpt lat="43.6614120" lon="-79.4104410">
    <ele>111.1</ele>
    <time>2021-02-26T18:36:49Z</time>
   </trkpt>
   <trkpt lat="43.6614110" lon="-79.4104940">
    <ele>111.1</ele>
    <time>2021-02-26T18:36:50Z</time>
   </trkpt>
   <trkpt lat="43.6614130" lon="-79.4105120">
    <ele>111.1</ele>
    <time>2021-02-26T18:36:51Z</time>
   </trkpt>
   <trkpt lat="43.6614040" lon="-79.4105580">
    <ele>111.1</ele>
    <time>2021-02-26T18:36:52Z</time>
   </trkpt>
   <trkpt lat="43.6613970" lon="-79.4105720">
    <ele>111.1</ele>
    <time>2021-02-26T18:36:53Z</time>
   </trkpt>
   <trkpt lat="43.6613850" lon="-79.4106210">
    <ele>111.1</ele>
    <time>2021-02-26T18:36:54Z</time>
   </trkpt>
   <trkpt lat="43.6613750" lon="-79.4106360">
    <ele>111.1</ele>
    <time>2021-02-26T18:36:55Z</time>
   </trkpt>
   <trkpt lat="43.6613620" lon="-79.4106880">
    <ele>111.0</ele>
    <time>2021-02-26T18:36:56Z</time>
   </trkpt>
   <trkpt lat="43.6613580" lon="-79.4107090">
    <ele>111.0</ele>
    <time>2021-02-26T18:36:57Z</time>
   </trkpt>
   <trkpt lat="43.6613570" lon="-79.4107510">
    <ele>111.0</ele>
    <time>2021-02-26T18:36:58Z</time>
   </trkpt>
   <trkpt lat="43.6613560" lon="-79.4107970">
    <ele>111.0</ele>
    <time>2021-02-26T18:36:59Z</time>
   </trkpt>
   <trkpt lat="43.6613530" lon="-79.4108470">
    <ele>111.0</ele>
    <time>2021-02-26T18:37:00Z</time>
   </trkpt>
   <trkpt lat="43.6613510" lon="-79.4108660">
    <ele>111.0</ele>
    <time>2021-02-26T18:37:01Z</time>
   </trkpt>
   <trkpt lat="43.6613580" lon="-79.4109100">
    <ele>111.0</ele>
    <time>2021-02-26T18:37:02Z</time>
   </trkpt>
   <trkpt lat="43.6613650" lon="-79.4109260">
    <ele>111.0</ele>
    <time>2021-02-26T18:37:03Z</time>
   </trkpt>
   <trkpt lat="43.6613660" lon="-79.4109380">
    <ele>111.0</ele>
    <time>2021-02-26T18:37:04Z</time>
   </trkpt>
   <trkpt lat="43.6613790" lon="-79.4109630">
    <ele>111.1</ele>
    <time>2021-02-26T18:37:05Z</time>
   </trkpt>
   <trkpt lat="43.6613920" lon="-79.4109730">
    <ele>111.1</ele>
    <time>2021-02-26T18:37:06Z</time>
   </trkpt>
  </trkseg>
 </trk>
</gpx>
