<?xml version="1.0" encoding="UTF-8"?>
<gpx xmlns:xsi="http://www.w3.org/2001/XMLSchema-instance" xsi:schemaLocation="http://www.topografix.com/GPX/1/1 http://www.topografix.com/GPX/1/1/gpx.xsd" creator="StravaGPX" version="1.1" xmlns="http://www.topografix.com/GPX/1/1">
 <metadata>
  <time>2022-03-07T17:21:59Z</time>
 </metadata>
 <trk>
  <name>moist run</name>
  <type>running</type>
  <trkseg>
   <trkpt lat="43.6616260" lon="-79.4096050">
    <ele>111.4</ele>
    <time>2022-03-07T17:21:59Z</time>
   </trkpt>
   <trkpt lat="43.6616400" lon="-79.4095760">
    <ele>111.4</ele>
    <time>2022-03-07T17:22:00Z</time>
   </trkpt>
   <trkpt lat="43.6616040" lon="-79.4095760">
    <ele>111.4</ele>
    <time>2022-03-07T17:22:01Z</time>
   </trkpt>
   <trkpt lat="43.6616080" lon="-79.4095360">
    <ele>111.3</ele>
    <time>2022-03-07T17:22:02Z</time>
   </trkpt>
   <trkpt lat="43.6616160" lon="-79.4094940">
    <ele>111.3</ele>
    <time>2022-03-07T17:22:03Z</time>
   </trkpt>
   <trkpt lat="43.6616290" lon="-79.4094470">
    <ele>111.3</ele>
    <time>2022-03-07T17:22:04Z</time>
   </trkpt>
   <trkpt lat="43.6616360" lon="-79.4094290">
    <ele>111.3</ele>
    <time>2022-03-07T17:22:05Z</time>
   </trkpt>
   <trkpt lat="43.6616400" lon="-79.4093870">
    <ele>111.3</ele>
    <time>2022-03-07T17:22:06Z</time>
   </trkpt>
   <trkpt lat="43.6616580" lon="-79.4093500">
    <ele>111.3</ele>
    <time>2022-03-07T17:22:07Z</time>
   </trkpt>
   <trkpt lat="43.6616780" lon="-79.4093040">
    <ele>111.2</ele>
    <time>2022-03-07T17:22:08Z</time>
   </trkpt>
   <trkpt lat="43.6616870" lon="-79.4092590">
    <ele>111.2</ele>
    <time>2022-03-07T17:22:09Z</time>
   </trkpt>
   <trkpt lat="43.6616920" lon="-79.4092190">
    <ele>111.2</ele>
    <time>2022-03-07T17:22:10Z</time>
   </trkpt>
   <trkpt lat="43.6617000" lon="-79.4091720">
    <ele>111.2</ele>
    <time>2022-03-07T17:22:11Z</time>
   </trkpt>
   <trkpt lat="43.6617170" lon="-79.4091310">
    <ele>111.2</ele>
    <time>2022-03-07T17:22:12Z</time>
   </trkpt>
   <trkpt lat="43.6617310" lon="-79.4090860">
    <ele>111.2</ele>
    <time>2022-03-07T17:22:13Z</time>
   </trkpt>
   <trkpt lat="43.6617360" lon="-79.4090760">
    <ele>111.2</ele>
    <time>2022-03-07T17:22:14Z</time>
   </trkpt>
   <trkpt lat="43.6617560" lon="-79.4090300">
    <ele>111.2</ele>
    <time>2022-03-07T17:22:15Z</time>
   </trkpt>
   <trkpt lat="43.6617710" lon="-79.4089890">
    <ele>111.2</ele>
    <time>2022-03-07T17:22:16Z</time>
   </trkpt>
   <trkpt lat="43.6617790" lon="-79.4089710">
    <ele>111.2</ele>
    <time>2022-03-07T17:22:17Z</time>
   </trkpt>
   <trkpt lat="43.6617940" lon="-79.4089290">
    <ele>111.2</ele>
    <time>2022-03-07T17:22:18Z</time>
   </trkpt>
   <trkpt lat="43.6618120" lon="-79.4088810">
    <ele>111.2</ele>
    <time>2022-03-07T17:22:19Z</time>
   </trkpt>
   <trkpt lat="43.6618170" lon="-79.4088650">
    <ele>111.2</ele>
    <time>2022-03-07T17:22:20Z</time>
   </trkpt>
   <trkpt lat="43.6618320" lon="-79.4088090">
    <ele>111.2</ele>
    <time>2022-03-07T17:22:21Z</time>
   </trkpt>
   <trkpt lat="43.6618400" lon="-79.4087850">
    <ele>111.2</ele>
    <time>2022-03-07T17:22:22Z</time>
   </trkpt>
   <trkpt lat="43.6618580" lon="-79.4087460">
    <ele>111.2</ele>
    <time>2022-03-07T17:22:23Z</time>
   </trkpt>
   <trkpt lat="43.6618720" lon="-79.4087090">
    <ele>111.2</ele>
    <time>2022-03-07T17:22:24Z</time>
   </trkpt>
   <trkpt lat="43.6618920" lon="-79.4086820">
    <ele>111.2</ele>
    <time>2022-03-07T17:22:25Z</time>
   </trkpt>
   <trkpt lat="43.6619000" lon="-79.4086280">
    <ele>111.2</ele>
    <time>2022-03-07T17:22:26Z</time>
   </trkpt>
   <trkpt lat="43.6619060" lon="-79.4086070">
    <ele>111.2</ele>
    <time>2022-03-07T17:22:27Z</time>
   </trkpt>
   <trkpt lat="43.6619240" lon="-79.4085680">
    <ele>111.2</ele>
    <time>2022-03-07T17:22:28Z</time>
   </trkpt>
   <trkpt lat="43.6619340" lon="-79.4085300">
    <ele>111.1</ele>
    <time>2022-03-07T17:22:29Z</time>
   </trkpt>
   <trkpt lat="43.6619370" lon="-79.4085120">
    <ele>111.1</ele>
    <time>2022-03-07T17:22:30Z</time>
   </trkpt>
   <trkpt lat="43.6619490" lon="-79.4084620">
    <ele>111.1</ele>
    <time>2022-03-07T17:22:31Z</time>
   </trkpt>
   <trkpt lat="43.6619540" lon="-79.4084440">
    <ele>111.1</ele>
    <time>2022-03-07T17:22:32Z</time>
   </trkpt>
   <trkpt lat="43.6619630" lon="-79.4084010">
    <ele>111.1</ele>
    <time>2022-03-07T17:22:33Z</time>
   </trkpt>
   <trkpt lat="43.6619640" lon="-79.4083450">
    <ele>111.1</ele>
    <time>2022-03-07T17:22:34Z</time>
   </trkpt>
   <trkpt lat="43.6619660" lon="-79.4083260">
    <ele>111.1</ele>
    <time>2022-03-07T17:22:35Z</time>
   </trkpt>
   <trkpt lat="43.6619800" lon="-79.4082860">
    <ele>111.1</ele>
    <time>2022-03-07T17:22:36Z</time>
   </trkpt>
   <trkpt lat="43.6619870" lon="-79.4082480">
    <ele>111.1</ele>
    <time>2022-03-07T17:22:37Z</time>
   </trkpt>
   <trkpt lat="43.6619940" lon="-79.4081970">
    <ele>111.1</ele>
    <time>2022-03-07T17:22:38Z</time>
   </trkpt>
   <trkpt lat="43.6620000" lon="-79.4081510">
    <ele>111.1</ele>
    <time>2022-03-07T17:22:39Z</time>
   </trkpt>
   <trkpt lat="43.6620120" lon="-79.4081020">
    <ele>111.1</ele>
    <time>2022-03-07T17:22:40Z</time>
   </trkpt>
   <trkpt lat="43.6620140" lon="-79.4080860">
    <ele>111.1</ele>
    <time>2022-03-07T17:22:41Z</time>
   </trkpt>
   <trkpt lat="43.6620220" lon="-79.4080390">
    <ele>111.1</ele>
    <time>2022-03-07T17:22:42Z</time>
   </trkpt>
   <trkpt lat="43.6620240" lon="-79.4080250">
    <ele>111.1</ele>
    <time>2022-03-07T17:22:43Z</time>
   </trkpt>
   <trkpt lat="43.6620340" lon="-79.4079850">
    <ele>111.1</ele>
    <time>2022-03-07T17:22:44Z</time>
   </trkpt>
   <trkpt lat="43.6620430" lon="-79.4079460">
    <ele>111.1</ele>
    <time>2022-03-07T17:22:45Z</time>
   </trkpt>
   <trkpt lat="43.6620550" lon="-79.4079090">
    <ele>111.1</ele>
    <time>2022-03-07T17:22:46Z</time>
   </trkpt>
   <trkpt lat="43.6620540" lon="-79.4078650">
    <ele>111.1</ele>
    <time>2022-03-07T17:22:47Z</time>
   </trkpt>
   <trkpt lat="43.6620540" lon="-79.4078260">
    <ele>111.1</ele>
    <time>2022-03-07T17:22:48Z</time>
   </trkpt>
   <trkpt lat="43.6620650" lon="-79.4077720">
    <ele>111.1</ele>
    <time>2022-03-07T17:22:49Z</time>
   </trkpt>
   <trkpt lat="43.6620680" lon="-79.4077520">
    <ele>111.1</ele>
    <time>2022-03-07T17:22:50Z</time>
   </trkpt>
   <trkpt lat="43.6620720" lon="-79.4077030">
    <ele>111.1</ele>
    <time>2022-03-07T17:22:51Z</time>
   </trkpt>
   <trkpt lat="43.6620760" lon="-79.4076560">
    <ele>111.1</ele>
    <time>2022-03-07T17:22:52Z</time>
   </trkpt>
   <trkpt lat="43.6620720" lon="-79.4076090">
    <ele>111.1</ele>
    <time>2022-03-07T17:22:53Z</time>
   </trkpt>
   <trkpt lat="43.6620770" lon="-79.4075540">
    <ele>111.1</ele>
    <time>2022-03-07T17:22:54Z</time>
   </trkpt>
   <trkpt lat="43.6620830" lon="-79.4075070">
    <ele>111.1</ele>
    <time>2022-03-07T17:22:55Z</time>
   </trkpt>
   <trkpt lat="43.6620860" lon="-79.4074680">
    <ele>111.1</ele>
    <time>2022-03-07T17:22:56Z</time>
   </trkpt>
   <trkpt lat="43.6620860" lon="-79.4074310">
    <ele>111.1</ele>
    <time>2022-03-07T17:22:57Z</time>
   </trkpt>
   <trkpt lat="43.6620930" lon="-79.4073870">
    <ele>111.1</ele>
    <time>2022-03-07T17:22:58Z</time>
   </trkpt>
   <trkpt lat="43.6621030" lon="-79.4073400">
    <ele>111.1</ele>
    <time>2022-03-07T17:22:59Z</time>
   </trkpt>
   <trkpt lat="43.6621080" lon="-79.4072960">
    <ele>111.1</ele>
    <time>2022-03-07T17:23:00Z</time>
   </trkpt>
   <trkpt lat="43.6621120" lon="-79.4072580">
    <ele>111.1</ele>
    <time>2022-03-07T17:23:01Z</time>
   </trkpt>
   <trkpt lat="43.6621250" lon="-79.4072140">
    <ele>111.1</ele>
    <time>2022-03-07T17:23:02Z</time>
   </trkpt>
   <trkpt lat="43.6621310" lon="-79.4072010">
    <ele>111.1</ele>
    <time>2022-03-07T17:23:03Z</time>
   </trkpt>
   <trkpt lat="43.6621390" lon="-79.4071530">
    <ele>111.1</ele>
    <time>2022-03-07T17:23:04Z</time>
   </trkpt>
   <trkpt lat="43.6621400" lon="-79.4071370">
    <ele>111.1</ele>
    <time>2022-03-07T17:23:05Z</time>
   </trkpt>
   <trkpt lat="43.6621430" lon="-79.4070990">
    <ele>111.1</ele>
    <time>2022-03-07T17:23:06Z</time>
   </trkpt>
   <trkpt lat="43.6621500" lon="-79.4070600">
    <ele>111.1</ele>
    <time>2022-03-07T17:23:07Z</time>
   </trkpt>
   <trkpt lat="43.6621510" lon="-79.4070210">
    <ele>111.1</ele>
    <time>2022-03-07T17:23:08Z</time>
   </trkpt>
   <trkpt lat="43.6621510" lon="-79.4069670">
    <ele>111.1</ele>
    <time>2022-03-07T17:23:09Z</time>
   </trkpt>
   <trkpt lat="43.6621520" lon="-79.4069480">
    <ele>111.1</ele>
    <time>2022-03-07T17:23:10Z</time>
   </trkpt>
   <trkpt lat="43.6621630" lon="-79.4069000">
    <ele>111.0</ele>
    <time>2022-03-07T17:23:11Z</time>
   </trkpt>
   <trkpt lat="43.6621670" lon="-79.4068540">
    <ele>111.0</ele>
    <time>2022-03-07T17:23:12Z</time>
   </trkpt>
   <trkpt lat="43.6621730" lon="-79.4068140">
    <ele>111.0</ele>
    <time>2022-03-07T17:23:13Z</time>
   </trkpt>
   <trkpt lat="43.6621720" lon="-79.4067690">
    <ele>111.0</ele>
    <time>2022-03-07T17:23:14Z</time>
   </trkpt>
   <trkpt lat="43.6621730" lon="-79.4067260">
    <ele>111.0</ele>
    <time>2022-03-07T17:23:15Z</time>
   </trkpt>
   <trkpt lat="43.6621790" lon="-79.4066850">
    <ele>111.0</ele>
    <time>2022-03-07T17:23:16Z</time>
   </trkpt>
   <trkpt lat="43.6621930" lon="-79.4066370">
    <ele>111.0</ele>
    <time>2022-03-07T17:23:17Z</time>
   </trkpt>
   <trkpt lat="43.6621980" lon="-79.4066200">
    <ele>111.0</ele>
    <time>2022-03-07T17:23:18Z</time>
   </trkpt>
   <trkpt lat="43.6622150" lon="-79.4065760">
    <ele>111.0</ele>
    <time>2022-03-07T17:23:19Z</time>
   </trkpt>
   <trkpt lat="43.6622220" lon="-79.4065560">
    <ele>111.0</ele>
    <time>2022-03-07T17:23:20Z</time>
   </trkpt>
   <trkpt lat="43.6622320" lon="-79.4065060">
    <ele>111.0</ele>
    <time>2022-03-07T17:23:21Z</time>
   </trkpt>
   <trkpt lat="43.6622340" lon="-79.4064890">
    <ele>111.0</ele>
    <time>2022-03-07T17:23:22Z</time>
   </trkpt>
   <trkpt lat="43.6622540" lon="-79.4064570">
    <ele>111.0</ele>
    <time>2022-03-07T17:23:23Z</time>
   </trkpt>
   <trkpt lat="43.6622600" lon="-79.4064000">
    <ele>111.0</ele>
    <time>2022-03-07T17:23:24Z</time>
   </trkpt>
   <trkpt lat="43.6622620" lon="-79.4063780">
    <ele>111.0</ele>
    <time>2022-03-07T17:23:25Z</time>
   </trkpt>
   <trkpt lat="43.6622660" lon="-79.4063370">
    <ele>111.0</ele>
    <time>2022-03-07T17:23:26Z</time>
   </trkpt>
   <trkpt lat="43.6622740" lon="-79.4063000">
    <ele>110.9</ele>
    <time>2022-03-07T17:23:27Z</time>
   </trkpt>
   <trkpt lat="43.6622840" lon="-79.4062620">
    <ele>110.9</ele>
    <time>2022-03-07T17:23:28Z</time>
   </trkpt>
   <trkpt lat="43.6623030" lon="-79.4062280">
    <ele>110.9</ele>
    <time>2022-03-07T17:23:29Z</time>
   </trkpt>
   <trkpt lat="43.6623200" lon="-79.4061840">
    <ele>110.9</ele>
    <time>2022-03-07T17:23:30Z</time>
   </trkpt>
   <trkpt lat="43.6623290" lon="-79.4061690">
    <ele>110.9</ele>
    <time>2022-03-07T17:23:31Z</time>
   </trkpt>
   <trkpt lat="43.6623350" lon="-79.4061270">
    <ele>110.9</ele>
    <time>2022-03-07T17:23:32Z</time>
   </trkpt>
   <trkpt lat="43.6623320" lon="-79.4061090">
    <ele>110.9</ele>
    <time>2022-03-07T17:23:33Z</time>
   </trkpt>
   <trkpt lat="43.6623440" lon="-79.4060560">
    <ele>110.9</ele>
    <time>2022-03-07T17:23:34Z</time>
   </trkpt>
   <trkpt lat="43.6623460" lon="-79.4060370">
    <ele>110.9</ele>
    <time>2022-03-07T17:23:35Z</time>
   </trkpt>
   <trkpt lat="43.6623470" lon="-79.4059950">
    <ele>110.9</ele>
    <time>2022-03-07T17:23:36Z</time>
   </trkpt>
   <trkpt lat="43.6623590" lon="-79.4059530">
    <ele>110.9</ele>
    <time>2022-03-07T17:23:37Z</time>
   </trkpt>
   <trkpt lat="43.6623610" lon="-79.4059370">
    <ele>110.9</ele>
    <time>2022-03-07T17:23:38Z</time>
   </trkpt>
   <trkpt lat="43.6623700" lon="-79.4058990">
    <ele>110.9</ele>
    <time>2022-03-07T17:23:39Z</time>
   </trkpt>
   <trkpt lat="43.6623810" lon="-79.4058510">
    <ele>110.9</ele>
    <time>2022-03-07T17:23:40Z</time>
   </trkpt>
   <trkpt lat="43.6623880" lon="-79.4058340">
    <ele>110.9</ele>
    <time>2022-03-07T17:23:41Z</time>
   </trkpt>
   <trkpt lat="43.6623970" lon="-79.4057950">
    <ele>110.9</ele>
    <time>2022-03-07T17:23:42Z</time>
   </trkpt>
   <trkpt lat="43.6624100" lon="-79.4057540">
    <ele>110.9</ele>
    <time>2022-03-07T17:23:43Z</time>
   </trkpt>
   <trkpt lat="43.6624120" lon="-79.4057070">
    <ele>110.9</ele>
    <time>2022-03-07T17:23:44Z</time>
   </trkpt>
   <trkpt lat="43.6624160" lon="-79.4056640">
    <ele>110.9</ele>
    <time>2022-03-07T17:23:45Z</time>
   </trkpt>
   <trkpt lat="43.6624200" lon="-79.4056100">
    <ele>110.9</ele>
    <time>2022-03-07T17:23:46Z</time>
   </trkpt>
   <trkpt lat="43.6624220" lon="-79.4055870">
    <ele>110.9</ele>
    <time>2022-03-07T17:23:47Z</time>
   </trkpt>
   <trkpt lat="43.6624340" lon="-79.4055520">
    <ele>110.9</ele>
    <time>2022-03-07T17:23:48Z</time>
   </trkpt>
   <trkpt lat="43.6624500" lon="-79.4055000">
    <ele>110.9</ele>
    <time>2022-03-07T17:23:49Z</time>
   </trkpt>
   <trkpt lat="43.6624530" lon="-79.4054790">
    <ele>110.9</ele>
    <time>2022-03-07T17:23:50Z</time>
   </trkpt>
   <trkpt lat="43.6624640" lon="-79.4054350">
    <ele>110.9</ele>
    <time>2022-03-07T17:23:51Z</time>
   </trkpt>
   <trkpt lat="43.6624670" lon="-79.4053770">
    <ele>110.9</ele>
    <time>2022-03-07T17:23:52Z</time>
   </trkpt>
   <trkpt lat="43.6624690" lon="-79.4053540">
    <ele>110.9</ele>
    <time>2022-03-07T17:23:53Z</time>
   </trkpt>
   <trkpt lat="43.6624770" lon="-79.4053180">
    <ele>110.8</ele>
    <time>2022-03-07T17:23:54Z</time>
   </trkpt>
   <trkpt lat="43.6624840" lon="-79.4052680">
    <ele>110.8</ele>
    <time>2022-03-07T17:23:55Z</time>
   </trkpt>
   <trkpt lat="43.6624860" lon="-79.4052520">
    <ele>110.8</ele>
    <time>2022-03-07T17:23:56Z</time>
   </trkpt>
   <trkpt lat="43.6625020" lon="-79.4052090">
    <ele>110.8</ele>
    <time>2022-03-07T17:23:57Z</time>
   </trkpt>
   <trkpt lat="43.6625070" lon="-79.4051930">
    <ele>110.8</ele>
    <time>2022-03-07T17:23:58Z</time>
   </trkpt>
   <trkpt lat="43.6625190" lon="-79.4051570">
    <ele>110.8</ele>
    <time>2022-03-07T17:23:59Z</time>
   </trkpt>
   <trkpt lat="43.6625230" lon="-79.4051430">
    <ele>110.8</ele>
    <time>2022-03-07T17:24:00Z</time>
   </trkpt>
   <trkpt lat="43.6625340" lon="-79.4051250">
    <ele>110.8</ele>
    <time>2022-03-07T17:24:01Z</time>
   </trkpt>
   <trkpt lat="43.6625410" lon="-79.4051040">
    <ele>110.8</ele>
    <time>2022-03-07T17:24:02Z</time>
   </trkpt>
   <trkpt lat="43.6625520" lon="-79.4050640">
    <ele>110.8</ele>
    <time>2022-03-07T17:24:03Z</time>
   </trkpt>
   <trkpt lat="43.6625510" lon="-79.4050540">
    <ele>110.8</ele>
    <time>2022-03-07T17:24:04Z</time>
   </trkpt>
   <trkpt lat="43.6625710" lon="-79.4050170">
    <ele>110.8</ele>
    <time>2022-03-07T17:24:05Z</time>
   </trkpt>
   <trkpt lat="43.6625730" lon="-79.4050040">
    <ele>110.8</ele>
    <time>2022-03-07T17:24:06Z</time>
   </trkpt>
   <trkpt lat="43.6625900" lon="-79.4049510">
    <ele>110.8</ele>
    <time>2022-03-07T17:24:07Z</time>
   </trkpt>
   <trkpt lat="43.6625950" lon="-79.4049300">
    <ele>110.8</ele>
    <time>2022-03-07T17:24:08Z</time>
   </trkpt>
   <trkpt lat="43.6626050" lon="-79.4048850">
    <ele>110.8</ele>
    <time>2022-03-07T17:24:09Z</time>
   </trkpt>
   <trkpt lat="43.6626150" lon="-79.4048390">
    <ele>110.8</ele>
    <time>2022-03-07T17:24:10Z</time>
   </trkpt>
   <trkpt lat="43.6626160" lon="-79.4047970">
    <ele>110.8</ele>
    <time>2022-03-07T17:24:11Z</time>
   </trkpt>
   <trkpt lat="43.6626230" lon="-79.4047600">
    <ele>110.8</ele>
    <time>2022-03-07T17:24:12Z</time>
   </trkpt>
   <trkpt lat="43.6626320" lon="-79.4047080">
    <ele>110.8</ele>
    <time>2022-03-07T17:24:13Z</time>
   </trkpt>
   <trkpt lat="43.6626320" lon="-79.4046900">
    <ele>110.8</ele>
    <time>2022-03-07T17:24:14Z</time>
   </trkpt>
   <trkpt lat="43.6626300" lon="-79.4046500">
    <ele>110.8</ele>
    <time>2022-03-07T17:24:15Z</time>
   </trkpt>
   <trkpt lat="43.6626350" lon="-79.4046090">
    <ele>110.8</ele>
    <time>2022-03-07T17:24:16Z</time>
   </trkpt>
   <trkpt lat="43.6626390" lon="-79.4045940">
    <ele>110.8</ele>
    <time>2022-03-07T17:24:17Z</time>
   </trkpt>
   <trkpt lat="43.6626510" lon="-79.4045460">
    <ele>110.8</ele>
    <time>2022-03-07T17:24:18Z</time>
   </trkpt>
   <trkpt lat="43.6626550" lon="-79.4045310">
    <ele>110.8</ele>
    <time>2022-03-07T17:24:19Z</time>
   </trkpt>
   <trkpt lat="43.6626620" lon="-79.4044820">
    <ele>110.8</ele>
    <time>2022-03-07T17:24:20Z</time>
   </trkpt>
   <trkpt lat="43.6626640" lon="-79.4044660">
    <ele>110.7</ele>
    <time>2022-03-07T17:24:21Z</time>
   </trkpt>
   <trkpt lat="43.6626710" lon="-79.4044250">
    <ele>110.7</ele>
    <time>2022-03-07T17:24:22Z</time>
   </trkpt>
   <trkpt lat="43.6626720" lon="-79.4044090">
    <ele>110.7</ele>
    <time>2022-03-07T17:24:23Z</time>
   </trkpt>
   <trkpt lat="43.6626770" lon="-79.4043550">
    <ele>110.7</ele>
    <time>2022-03-07T17:24:24Z</time>
   </trkpt>
   <trkpt lat="43.6626790" lon="-79.4043370">
    <ele>110.7</ele>
    <time>2022-03-07T17:24:25Z</time>
   </trkpt>
   <trkpt lat="43.6626930" lon="-79.4042910">
    <ele>110.7</ele>
    <time>2022-03-07T17:24:26Z</time>
   </trkpt>
   <trkpt lat="43.6626930" lon="-79.4042520">
    <ele>110.7</ele>
    <time>2022-03-07T17:24:27Z</time>
   </trkpt>
   <trkpt lat="43.6626980" lon="-79.4042110">
    <ele>110.7</ele>
    <time>2022-03-07T17:24:28Z</time>
   </trkpt>
   <trkpt lat="43.6627020" lon="-79.4041630">
    <ele>110.7</ele>
    <time>2022-03-07T17:24:29Z</time>
   </trkpt>
   <trkpt lat="43.6627130" lon="-79.4041280">
    <ele>110.7</ele>
    <time>2022-03-07T17:24:30Z</time>
   </trkpt>
   <trkpt lat="43.6627210" lon="-79.4040770">
    <ele>110.7</ele>
    <time>2022-03-07T17:24:31Z</time>
   </trkpt>
   <trkpt lat="43.6627220" lon="-79.4040590">
    <ele>110.7</ele>
    <time>2022-03-07T17:24:32Z</time>
   </trkpt>
   <trkpt lat="43.6627340" lon="-79.4040210">
    <ele>110.7</ele>
    <time>2022-03-07T17:24:33Z</time>
   </trkpt>
   <trkpt lat="43.6627380" lon="-79.4039930">
    <ele>110.7</ele>
    <time>2022-03-07T17:24:34Z</time>
   </trkpt>
   <trkpt lat="43.6627450" lon="-79.4039760">
    <ele>110.7</ele>
    <time>2022-03-07T17:24:35Z</time>
   </trkpt>
   <trkpt lat="43.6627640" lon="-79.4039370">
    <ele>110.7</ele>
    <time>2022-03-07T17:24:36Z</time>
   </trkpt>
   <trkpt lat="43.6627690" lon="-79.4039240">
    <ele>110.7</ele>
    <time>2022-03-07T17:24:37Z</time>
   </trkpt>
   <trkpt lat="43.6627810" lon="-79.4038750">
    <ele>110.7</ele>
    <time>2022-03-07T17:24:38Z</time>
   </trkpt>
   <trkpt lat="43.6627890" lon="-79.4038570">
    <ele>110.7</ele>
    <time>2022-03-07T17:24:39Z</time>
   </trkpt>
   <trkpt lat="43.6628120" lon="-79.4038200">
    <ele>110.7</ele>
    <time>2022-03-07T17:24:40Z</time>
   </trkpt>
   <trkpt lat="43.6628190" lon="-79.4038080">
    <ele>110.7</ele>
    <time>2022-03-07T17:24:41Z</time>
   </trkpt>
   <trkpt lat="43.6628240" lon="-79.4037670">
    <ele>110.7</ele>
    <time>2022-03-07T17:24:42Z</time>
   </trkpt>
   <trkpt lat="43.6628260" lon="-79.4037490">
    <ele>110.7</ele>
    <time>2022-03-07T17:24:43Z</time>
   </trkpt>
   <trkpt lat="43.6628330" lon="-79.4037090">
    <ele>110.6</ele>
    <time>2022-03-07T17:24:44Z</time>
   </trkpt>
   <trkpt lat="43.6628430" lon="-79.4036600">
    <ele>110.6</ele>
    <time>2022-03-07T17:24:45Z</time>
   </trkpt>
   <trkpt lat="43.6628460" lon="-79.4036460">
    <ele>110.6</ele>
    <time>2022-03-07T17:24:46Z</time>
   </trkpt>
   <trkpt lat="43.6628600" lon="-79.4036110">
    <ele>110.6</ele>
    <time>2022-03-07T17:24:47Z</time>
   </trkpt>
   <trkpt lat="43.6628750" lon="-79.4035790">
    <ele>110.6</ele>
    <time>2022-03-07T17:24:48Z</time>
   </trkpt>
   <trkpt lat="43.6628790" lon="-79.4035280">
    <ele>110.6</ele>
    <time>2022-03-07T17:24:49Z</time>
   </trkpt>
   <trkpt lat="43.6628780" lon="-79.4035110">
    <ele>110.6</ele>
    <time>2022-03-07T17:24:50Z</time>
   </trkpt>
   <trkpt lat="43.6628970" lon="-79.4034640">
    <ele>110.6</ele>
    <time>2022-03-07T17:24:51Z</time>
   </trkpt>
   <trkpt lat="43.6629020" lon="-79.4034470">
    <ele>110.6</ele>
    <time>2022-03-07T17:24:52Z</time>
   </trkpt>
   <trkpt lat="43.6629070" lon="-79.4034100">
    <ele>110.6</ele>
    <time>2022-03-07T17:24:53Z</time>
   </trkpt>
   <trkpt lat="43.6629120" lon="-79.4033660">
    <ele>110.6</ele>
    <time>2022-03-07T17:24:54Z</time>
   </trkpt>
   <trkpt lat="43.6629160" lon="-79.4033510">
    <ele>110.6</ele>
    <time>2022-03-07T17:24:55Z</time>
   </trkpt>
   <trkpt lat="43.6629180" lon="-79.4032960">
    <ele>110.6</ele>
    <time>2022-03-07T17:24:56Z</time>
   </trkpt>
   <trkpt lat="43.6629190" lon="-79.4032780">
    <ele>110.6</ele>
    <time>2022-03-07T17:24:57Z</time>
   </trkpt>
   <trkpt lat="43.6629230" lon="-79.4032370">
    <ele>110.6</ele>
    <time>2022-03-07T17:24:58Z</time>
   </trkpt>
   <trkpt lat="43.6629230" lon="-79.4031920">
    <ele>110.6</ele>
    <time>2022-03-07T17:24:59Z</time>
   </trkpt>
   <trkpt lat="43.6629290" lon="-79.4031520">
    <ele>110.6</ele>
    <time>2022-03-07T17:25:00Z</time>
   </trkpt>
   <trkpt lat="43.6629310" lon="-79.4031070">
    <ele>110.6</ele>
    <time>2022-03-07T17:25:01Z</time>
   </trkpt>
   <trkpt lat="43.6629380" lon="-79.4030640">
    <ele>110.6</ele>
    <time>2022-03-07T17:25:02Z</time>
   </trkpt>
   <trkpt lat="43.6629480" lon="-79.4030220">
    <ele>110.6</ele>
    <time>2022-03-07T17:25:03Z</time>
   </trkpt>
   <trkpt lat="43.6629510" lon="-79.4030080">
    <ele>110.6</ele>
    <time>2022-03-07T17:25:04Z</time>
   </trkpt>
   <trkpt lat="43.6629600" lon="-79.4029560">
    <ele>110.6</ele>
    <time>2022-03-07T17:25:05Z</time>
   </trkpt>
   <trkpt lat="43.6629640" lon="-79.4029390">
    <ele>110.6</ele>
    <time>2022-03-07T17:25:06Z</time>
   </trkpt>
   <trkpt lat="43.6629710" lon="-79.4028970">
    <ele>110.6</ele>
    <time>2022-03-07T17:25:07Z</time>
   </trkpt>
   <trkpt lat="43.6629750" lon="-79.4028550">
    <ele>110.6</ele>
    <time>2022-03-07T17:25:08Z</time>
   </trkpt>
   <trkpt lat="43.6629860" lon="-79.4028040">
    <ele>110.6</ele>
    <time>2022-03-07T17:25:09Z</time>
   </trkpt>
   <trkpt lat="43.6629880" lon="-79.4027860">
    <ele>110.6</ele>
    <time>2022-03-07T17:25:10Z</time>
   </trkpt>
   <trkpt lat="43.6630000" lon="-79.4027490">
    <ele>110.6</ele>
    <time>2022-03-07T17:25:11Z</time>
   </trkpt>
   <trkpt lat="43.6630120" lon="-79.4027000">
    <ele>110.6</ele>
    <time>2022-03-07T17:25:12Z</time>
   </trkpt>
   <trkpt lat="43.6630170" lon="-79.4026830">
    <ele>110.6</ele>
    <time>2022-03-07T17:25:13Z</time>
   </trkpt>
   <trkpt lat="43.6630320" lon="-79.4026480">
    <ele>110.6</ele>
    <time>2022-03-07T17:25:14Z</time>
   </trkpt>
   <trkpt lat="43.6630410" lon="-79.4026000">
    <ele>110.7</ele>
    <time>2022-03-07T17:25:15Z</time>
   </trkpt>
   <trkpt lat="43.6630470" lon="-79.4025840">
    <ele>110.7</ele>
    <time>2022-03-07T17:25:16Z</time>
   </trkpt>
   <trkpt lat="43.6630530" lon="-79.4025370">
    <ele>110.7</ele>
    <time>2022-03-07T17:25:17Z</time>
   </trkpt>
   <trkpt lat="43.6630570" lon="-79.4025210">
    <ele>110.7</ele>
    <time>2022-03-07T17:25:18Z</time>
   </trkpt>
   <trkpt lat="43.6630730" lon="-79.4024750">
    <ele>110.7</ele>
    <time>2022-03-07T17:25:19Z</time>
   </trkpt>
   <trkpt lat="43.6630790" lon="-79.4024630">
    <ele>110.7</ele>
    <time>2022-03-07T17:25:20Z</time>
   </trkpt>
   <trkpt lat="43.6630930" lon="-79.4024310">
    <ele>110.7</ele>
    <time>2022-03-07T17:25:21Z</time>
   </trkpt>
   <trkpt lat="43.6631110" lon="-79.4023860">
    <ele>110.7</ele>
    <time>2022-03-07T17:25:22Z</time>
   </trkpt>
   <trkpt lat="43.6631150" lon="-79.4023720">
    <ele>110.7</ele>
    <time>2022-03-07T17:25:23Z</time>
   </trkpt>
   <trkpt lat="43.6631280" lon="-79.4023560">
    <ele>110.7</ele>
    <time>2022-03-07T17:25:24Z</time>
   </trkpt>
   <trkpt lat="43.6631360" lon="-79.4023480">
    <ele>110.7</ele>
    <time>2022-03-07T17:25:25Z</time>
   </trkpt>
   <trkpt lat="43.6631430" lon="-79.4023400">
    <ele>110.7</ele>
    <time>2022-03-07T17:25:26Z</time>
   </trkpt>
   <trkpt lat="43.6631510" lon="-79.4023250">
    <ele>110.7</ele>
    <time>2022-03-07T17:25:27Z</time>
   </trkpt>
   <trkpt lat="43.6631430" lon="-79.4023170">
    <ele>110.7</ele>
    <time>2022-03-07T17:25:28Z</time>
   </trkpt>
   <trkpt lat="43.6631440" lon="-79.4022970">
    <ele>110.7</ele>
    <time>2022-03-07T17:25:29Z</time>
   </trkpt>
   <trkpt lat="43.6631470" lon="-79.4022970">
    <ele>110.7</ele>
    <time>2022-03-07T17:25:30Z</time>
   </trkpt>
   <trkpt lat="43.6631450" lon="-79.4023000">
    <ele>110.7</ele>
    <time>2022-03-07T17:25:31Z</time>
   </trkpt>
   <trkpt lat="43.6631450" lon="-79.4023000">
    <ele>110.7</ele>
    <time>2022-03-07T17:25:32Z</time>
   </trkpt>
   <trkpt lat="43.6631420" lon="-79.4023070">
    <ele>110.7</ele>
    <time>2022-03-07T17:25:33Z</time>
   </trkpt>
   <trkpt lat="43.6631410" lon="-79.4023080">
    <ele>110.7</ele>
    <time>2022-03-07T17:25:34Z</time>
   </trkpt>
   <trkpt lat="43.6631410" lon="-79.4023080">
    <ele>110.7</ele>
    <time>2022-03-07T17:25:35Z</time>
   </trkpt>
   <trkpt lat="43.6631410" lon="-79.4023070">
    <ele>110.7</ele>
    <time>2022-03-07T17:25:36Z</time>
   </trkpt>
   <trkpt lat="43.6631420" lon="-79.4023070">
    <ele>110.7</ele>
    <time>2022-03-07T17:25:37Z</time>
   </trkpt>
   <trkpt lat="43.6631430" lon="-79.4023070">
    <ele>110.7</ele>
    <time>2022-03-07T17:25:38Z</time>
   </trkpt>
   <trkpt lat="43.6631430" lon="-79.4023070">
    <ele>110.7</ele>
    <time>2022-03-07T17:25:39Z</time>
   </trkpt>
   <trkpt lat="43.6631430" lon="-79.4023070">
    <ele>110.7</ele>
    <time>2022-03-07T17:25:40Z</time>
   </trkpt>
   <trkpt lat="43.6631420" lon="-79.4023050">
    <ele>110.7</ele>
    <time>2022-03-07T17:25:41Z</time>
   </trkpt>
   <trkpt lat="43.6631360" lon="-79.4023040">
    <ele>110.7</ele>
    <time>2022-03-07T17:25:42Z</time>
   </trkpt>
   <trkpt lat="43.6631310" lon="-79.4023000">
    <ele>110.7</ele>
    <time>2022-03-07T17:25:43Z</time>
   </trkpt>
   <trkpt lat="43.6631240" lon="-79.4022940">
    <ele>110.7</ele>
    <time>2022-03-07T17:25:44Z</time>
   </trkpt>
   <trkpt lat="43.6631240" lon="-79.4022940">
    <ele>110.7</ele>
    <time>2022-03-07T17:25:45Z</time>
   </trkpt>
   <trkpt lat="43.6631220" lon="-79.4022930">
    <ele>110.7</ele>
    <time>2022-03-07T17:25:46Z</time>
   </trkpt>
   <trkpt lat="43.6631210" lon="-79.4022930">
    <ele>110.7</ele>
    <time>2022-03-07T17:25:47Z</time>
   </trkpt>
   <trkpt lat="43.6631200" lon="-79.4022930">
    <ele>110.7</ele>
    <time>2022-03-07T17:25:48Z</time>
   </trkpt>
   <trkpt lat="43.6631190" lon="-79.4022950">
    <ele>110.7</ele>
    <time>2022-03-07T17:25:49Z</time>
   </trkpt>
   <trkpt lat="43.6631180" lon="-79.4022950">
    <ele>110.7</ele>
    <time>2022-03-07T17:25:50Z</time>
   </trkpt>
   <trkpt lat="43.6631170" lon="-79.4022960">
    <ele>110.7</ele>
    <time>2022-03-07T17:25:51Z</time>
   </trkpt>
   <trkpt lat="43.6631170" lon="-79.4022960">
    <ele>110.7</ele>
    <time>2022-03-07T17:25:52Z</time>
   </trkpt>
   <trkpt lat="43.6631170" lon="-79.4022960">
    <ele>110.7</ele>
    <time>2022-03-07T17:25:53Z</time>
   </trkpt>
   <trkpt lat="43.6631160" lon="-79.4022970">
    <ele>110.7</ele>
    <time>2022-03-07T17:25:54Z</time>
   </trkpt>
   <trkpt lat="43.6631160" lon="-79.4022970">
    <ele>110.7</ele>
    <time>2022-03-07T17:25:55Z</time>
   </trkpt>
   <trkpt lat="43.6631160" lon="-79.4022980">
    <ele>110.7</ele>
    <time>2022-03-07T17:25:56Z</time>
   </trkpt>
   <trkpt lat="43.6631150" lon="-79.4022990">
    <ele>110.7</ele>
    <time>2022-03-07T17:25:57Z</time>
   </trkpt>
   <trkpt lat="43.6631150" lon="-79.4022990">
    <ele>110.7</ele>
    <time>2022-03-07T17:25:58Z</time>
   </trkpt>
   <trkpt lat="43.6631140" lon="-79.4023000">
    <ele>110.7</ele>
    <time>2022-03-07T17:25:59Z</time>
   </trkpt>
   <trkpt lat="43.6631120" lon="-79.4022990">
    <ele>110.7</ele>
    <time>2022-03-07T17:26:00Z</time>
   </trkpt>
   <trkpt lat="43.6631090" lon="-79.4022990">
    <ele>110.7</ele>
    <time>2022-03-07T17:26:01Z</time>
   </trkpt>
   <trkpt lat="43.6631090" lon="-79.4022990">
    <ele>110.7</ele>
    <time>2022-03-07T17:26:02Z</time>
   </trkpt>
   <trkpt lat="43.6631070" lon="-79.4022990">
    <ele>110.7</ele>
    <time>2022-03-07T17:26:03Z</time>
   </trkpt>
   <trkpt lat="43.6631060" lon="-79.4022950">
    <ele>110.7</ele>
    <time>2022-03-07T17:26:04Z</time>
   </trkpt>
   <trkpt lat="43.6631070" lon="-79.4022870">
    <ele>110.7</ele>
    <time>2022-03-07T17:26:05Z</time>
   </trkpt>
   <trkpt lat="43.6631060" lon="-79.4022850">
    <ele>110.7</ele>
    <time>2022-03-07T17:26:06Z</time>
   </trkpt>
   <trkpt lat="43.6631040" lon="-79.4022840">
    <ele>110.7</ele>
    <time>2022-03-07T17:26:07Z</time>
   </trkpt>
   <trkpt lat="43.6631040" lon="-79.4022860">
    <ele>110.7</ele>
    <time>2022-03-07T17:26:08Z</time>
   </trkpt>
   <trkpt lat="43.6631030" lon="-79.4022880">
    <ele>110.7</ele>
    <time>2022-03-07T17:26:09Z</time>
   </trkpt>
   <trkpt lat="43.6631030" lon="-79.4022900">
    <ele>110.7</ele>
    <time>2022-03-07T17:26:10Z</time>
   </trkpt>
   <trkpt lat="43.6631010" lon="-79.4022960">
    <ele>110.7</ele>
    <time>2022-03-07T17:26:11Z</time>
   </trkpt>
   <trkpt lat="43.6630990" lon="-79.4022990">
    <ele>110.7</ele>
    <time>2022-03-07T17:26:12Z</time>
   </trkpt>
   <trkpt lat="43.6630980" lon="-79.4023060">
    <ele>110.7</ele>
    <time>2022-03-07T17:26:13Z</time>
   </trkpt>
   <trkpt lat="43.6630910" lon="-79.4023090">
    <ele>110.7</ele>
    <time>2022-03-07T17:26:14Z</time>
   </trkpt>
   <trkpt lat="43.6630950" lon="-79.4023030">
    <ele>110.7</ele>
    <time>2022-03-07T17:26:15Z</time>
   </trkpt>
   <trkpt lat="43.6630980" lon="-79.4023160">
    <ele>110.7</ele>
    <time>2022-03-07T17:26:16Z</time>
   </trkpt>
   <trkpt lat="43.6630950" lon="-79.4023190">
    <ele>110.7</ele>
    <time>2022-03-07T17:26:17Z</time>
   </trkpt>
   <trkpt lat="43.6630970" lon="-79.4023150">
    <ele>110.7</ele>
    <time>2022-03-07T17:26:18Z</time>
   </trkpt>
   <trkpt lat="43.6630940" lon="-79.4023170">
    <ele>110.7</ele>
    <time>2022-03-07T17:26:19Z</time>
   </trkpt>
   <trkpt lat="43.6630860" lon="-79.4023270">
    <ele>110.7</ele>
    <time>2022-03-07T17:26:20Z</time>
   </trkpt>
   <trkpt lat="43.6630820" lon="-79.4023350">
    <ele>110.7</ele>
    <time>2022-03-07T17:26:21Z</time>
   </trkpt>
   <trkpt lat="43.6630750" lon="-79.4023410">
    <ele>110.7</ele>
    <time>2022-03-07T17:26:22Z</time>
   </trkpt>
   <trkpt lat="43.6630700" lon="-79.4023370">
    <ele>110.7</ele>
    <time>2022-03-07T17:26:23Z</time>
   </trkpt>
   <trkpt lat="43.6630690" lon="-79.4023320">
    <ele>110.7</ele>
    <time>2022-03-07T17:26:24Z</time>
   </trkpt>
   <trkpt lat="43.6630690" lon="-79.4023270">
    <ele>110.7</ele>
    <time>2022-03-07T17:26:25Z</time>
   </trkpt>
   <trkpt lat="43.6630680" lon="-79.4023210">
    <ele>110.7</ele>
    <time>2022-03-07T17:26:26Z</time>
   </trkpt>
   <trkpt lat="43.6630670" lon="-79.4023160">
    <ele>110.7</ele>
    <time>2022-03-07T17:26:27Z</time>
   </trkpt>
   <trkpt lat="43.6630670" lon="-79.4023110">
    <ele>110.7</ele>
    <time>2022-03-07T17:26:28Z</time>
   </trkpt>
   <trkpt lat="43.6630660" lon="-79.4023060">
    <ele>110.7</ele>
    <time>2022-03-07T17:26:29Z</time>
   </trkpt>
   <trkpt lat="43.6630650" lon="-79.4023010">
    <ele>110.7</ele>
    <time>2022-03-07T17:26:30Z</time>
   </trkpt>
   <trkpt lat="43.6630640" lon="-79.4022960">
    <ele>110.7</ele>
    <time>2022-03-07T17:26:31Z</time>
   </trkpt>
   <trkpt lat="43.6630640" lon="-79.4022910">
    <ele>110.7</ele>
    <time>2022-03-07T17:26:32Z</time>
   </trkpt>
   <trkpt lat="43.6630850" lon="-79.4022550">
    <ele>110.7</ele>
    <time>2022-03-07T17:26:33Z</time>
   </trkpt>
   <trkpt lat="43.6631210" lon="-79.4022160">
    <ele>110.7</ele>
    <time>2022-03-07T17:26:34Z</time>
   </trkpt>
   <trkpt lat="43.6631550" lon="-79.4021910">
    <ele>110.7</ele>
    <time>2022-03-07T17:26:35Z</time>
   </trkpt>
   <trkpt lat="43.6631800" lon="-79.4021460">
    <ele>110.7</ele>
    <time>2022-03-07T17:26:36Z</time>
   </trkpt>
   <trkpt lat="43.6631960" lon="-79.4021080">
    <ele>110.7</ele>
    <time>2022-03-07T17:26:37Z</time>
   </trkpt>
   <trkpt lat="43.6632190" lon="-79.4020580">
    <ele>110.7</ele>
    <time>2022-03-07T17:26:38Z</time>
   </trkpt>
   <trkpt lat="43.6632300" lon="-79.4020130">
    <ele>110.6</ele>
    <time>2022-03-07T17:26:39Z</time>
   </trkpt>
   <trkpt lat="43.6632490" lon="-79.4019560">
    <ele>110.6</ele>
    <time>2022-03-07T17:26:40Z</time>
   </trkpt>
   <trkpt lat="43.6632630" lon="-79.4019220">
    <ele>110.6</ele>
    <time>2022-03-07T17:26:41Z</time>
   </trkpt>
   <trkpt lat="43.6632840" lon="-79.4018760">
    <ele>110.6</ele>
    <time>2022-03-07T17:26:42Z</time>
   </trkpt>
   <trkpt lat="43.6632930" lon="-79.4018360">
    <ele>110.6</ele>
    <time>2022-03-07T17:26:43Z</time>
   </trkpt>
   <trkpt lat="43.6633090" lon="-79.4018000">
    <ele>110.6</ele>
    <time>2022-03-07T17:26:44Z</time>
   </trkpt>
   <trkpt lat="43.6633240" lon="-79.4017500">
    <ele>110.6</ele>
    <time>2022-03-07T17:26:45Z</time>
   </trkpt>
   <trkpt lat="43.6633420" lon="-79.4017110">
    <ele>110.5</ele>
    <time>2022-03-07T17:26:46Z</time>
   </trkpt>
   <trkpt lat="43.6633430" lon="-79.4016730">
    <ele>110.5</ele>
    <time>2022-03-07T17:26:47Z</time>
   </trkpt>
   <trkpt lat="43.6633440" lon="-79.4016190">
    <ele>110.5</ele>
    <time>2022-03-07T17:26:48Z</time>
   </trkpt>
   <trkpt lat="43.6633440" lon="-79.4016020">
    <ele>110.5</ele>
    <time>2022-03-07T17:26:49Z</time>
   </trkpt>
   <trkpt lat="43.6633550" lon="-79.4015630">
    <ele>110.5</ele>
    <time>2022-03-07T17:26:50Z</time>
   </trkpt>
   <trkpt lat="43.6633650" lon="-79.4015060">
    <ele>110.5</ele>
    <time>2022-03-07T17:26:51Z</time>
   </trkpt>
   <trkpt lat="43.6633640" lon="-79.4014550">
    <ele>110.4</ele>
    <time>2022-03-07T17:26:52Z</time>
   </trkpt>
   <trkpt lat="43.6633680" lon="-79.4014170">
    <ele>110.4</ele>
    <time>2022-03-07T17:26:53Z</time>
   </trkpt>
   <trkpt lat="43.6633720" lon="-79.4013730">
    <ele>110.4</ele>
    <time>2022-03-07T17:26:54Z</time>
   </trkpt>
   <trkpt lat="43.6633770" lon="-79.4013340">
    <ele>110.4</ele>
    <time>2022-03-07T17:26:55Z</time>
   </trkpt>
   <trkpt lat="43.6633920" lon="-79.4012810">
    <ele>110.4</ele>
    <time>2022-03-07T17:26:56Z</time>
   </trkpt>
   <trkpt lat="43.6634000" lon="-79.4012330">
    <ele>110.4</ele>
    <time>2022-03-07T17:26:57Z</time>
   </trkpt>
   <trkpt lat="43.6634070" lon="-79.4011940">
    <ele>110.4</ele>
    <time>2022-03-07T17:26:58Z</time>
   </trkpt>
   <trkpt lat="43.6634130" lon="-79.4011400">
    <ele>110.4</ele>
    <time>2022-03-07T17:26:59Z</time>
   </trkpt>
   <trkpt lat="43.6634150" lon="-79.4011220">
    <ele>110.4</ele>
    <time>2022-03-07T17:27:00Z</time>
   </trkpt>
   <trkpt lat="43.6634250" lon="-79.4010780">
    <ele>110.4</ele>
    <time>2022-03-07T17:27:01Z</time>
   </trkpt>
   <trkpt lat="43.6634250" lon="-79.4010390">
    <ele>110.4</ele>
    <time>2022-03-07T17:27:02Z</time>
   </trkpt>
   <trkpt lat="43.6634300" lon="-79.4009960">
    <ele>110.4</ele>
    <time>2022-03-07T17:27:03Z</time>
   </trkpt>
   <trkpt lat="43.6634250" lon="-79.4009420">
    <ele>110.3</ele>
    <time>2022-03-07T17:27:04Z</time>
   </trkpt>
   <trkpt lat="43.6634270" lon="-79.4009240">
    <ele>110.3</ele>
    <time>2022-03-07T17:27:05Z</time>
   </trkpt>
   <trkpt lat="43.6634410" lon="-79.4008790">
    <ele>110.3</ele>
    <time>2022-03-07T17:27:06Z</time>
   </trkpt>
   <trkpt lat="43.6634410" lon="-79.4008350">
    <ele>110.3</ele>
    <time>2022-03-07T17:27:07Z</time>
   </trkpt>
   <trkpt lat="43.6634420" lon="-79.4007910">
    <ele>110.3</ele>
    <time>2022-03-07T17:27:08Z</time>
   </trkpt>
   <trkpt lat="43.6634580" lon="-79.4007440">
    <ele>110.3</ele>
    <time>2022-03-07T17:27:09Z</time>
   </trkpt>
   <trkpt lat="43.6634710" lon="-79.4007030">
    <ele>110.3</ele>
    <time>2022-03-07T17:27:10Z</time>
   </trkpt>
   <trkpt lat="43.6634730" lon="-79.4006650">
    <ele>110.3</ele>
    <time>2022-03-07T17:27:11Z</time>
   </trkpt>
   <trkpt lat="43.6634810" lon="-79.4006210">
    <ele>110.3</ele>
    <time>2022-03-07T17:27:12Z</time>
   </trkpt>
   <trkpt lat="43.6634900" lon="-79.4005730">
    <ele>110.3</ele>
    <time>2022-03-07T17:27:13Z</time>
   </trkpt>
   <trkpt lat="43.6635060" lon="-79.4005340">
    <ele>110.3</ele>
    <time>2022-03-07T17:27:14Z</time>
   </trkpt>
   <trkpt lat="43.6635190" lon="-79.4004800">
    <ele>110.3</ele>
    <time>2022-03-07T17:27:15Z</time>
   </trkpt>
   <trkpt lat="43.6635230" lon="-79.4004610">
    <ele>110.3</ele>
    <time>2022-03-07T17:27:16Z</time>
   </trkpt>
   <trkpt lat="43.6635330" lon="-79.4004110">
    <ele>110.3</ele>
    <time>2022-03-07T17:27:17Z</time>
   </trkpt>
   <trkpt lat="43.6635380" lon="-79.4003620">
    <ele>110.3</ele>
    <time>2022-03-07T17:27:18Z</time>
   </trkpt>
   <trkpt lat="43.6635440" lon="-79.4003230">
    <ele>110.3</ele>
    <time>2022-03-07T17:27:19Z</time>
   </trkpt>
   <trkpt lat="43.6635550" lon="-79.4002730">
    <ele>110.3</ele>
    <time>2022-03-07T17:27:20Z</time>
   </trkpt>
   <trkpt lat="43.6635580" lon="-79.4002580">
    <ele>110.3</ele>
    <time>2022-03-07T17:27:21Z</time>
   </trkpt>
   <trkpt lat="43.6635730" lon="-79.4002240">
    <ele>110.3</ele>
    <time>2022-03-07T17:27:22Z</time>
   </trkpt>
   <trkpt lat="43.6635840" lon="-79.4001880">
    <ele>110.3</ele>
    <time>2022-03-07T17:27:23Z</time>
   </trkpt>
   <trkpt lat="43.6636000" lon="-79.4001430">
    <ele>110.3</ele>
    <time>2022-03-07T17:27:24Z</time>
   </trkpt>
   <trkpt lat="43.6636060" lon="-79.4001220">
    <ele>110.3</ele>
    <time>2022-03-07T17:27:25Z</time>
   </trkpt>
   <trkpt lat="43.6636170" lon="-79.4000810">
    <ele>110.3</ele>
    <time>2022-03-07T17:27:26Z</time>
   </trkpt>
   <trkpt lat="43.6636240" lon="-79.4000410">
    <ele>110.3</ele>
    <time>2022-03-07T17:27:27Z</time>
   </trkpt>
   <trkpt lat="43.6636340" lon="-79.4000000">
    <ele>110.3</ele>
    <time>2022-03-07T17:27:28Z</time>
   </trkpt>
   <trkpt lat="43.6636350" lon="-79.3999560">
    <ele>110.3</ele>
    <time>2022-03-07T17:27:29Z</time>
   </trkpt>
   <trkpt lat="43.6636390" lon="-79.3999420">
    <ele>110.3</ele>
    <time>2022-03-07T17:27:30Z</time>
   </trkpt>
   <trkpt lat="43.6636490" lon="-79.3999060">
    <ele>110.3</ele>
    <time>2022-03-07T17:27:31Z</time>
   </trkpt>
   <trkpt lat="43.6636420" lon="-79.3998660">
    <ele>110.3</ele>
    <time>2022-03-07T17:27:32Z</time>
   </trkpt>
   <trkpt lat="43.6636440" lon="-79.3998160">
    <ele>110.3</ele>
    <time>2022-03-07T17:27:33Z</time>
   </trkpt>
   <trkpt lat="43.6636530" lon="-79.3997670">
    <ele>110.3</ele>
    <time>2022-03-07T17:27:34Z</time>
   </trkpt>
   <trkpt lat="43.6636580" lon="-79.3997490">
    <ele>110.3</ele>
    <time>2022-03-07T17:27:35Z</time>
   </trkpt>
   <trkpt lat="43.6636700" lon="-79.3997070">
    <ele>110.3</ele>
    <time>2022-03-07T17:27:36Z</time>
   </trkpt>
   <trkpt lat="43.6636750" lon="-79.3996950">
    <ele>110.2</ele>
    <time>2022-03-07T17:27:37Z</time>
   </trkpt>
   <trkpt lat="43.6636830" lon="-79.3996590">
    <ele>110.2</ele>
    <time>2022-03-07T17:27:38Z</time>
   </trkpt>
   <trkpt lat="43.6636870" lon="-79.3996080">
    <ele>110.2</ele>
    <time>2022-03-07T17:27:39Z</time>
   </trkpt>
   <trkpt lat="43.6636920" lon="-79.3995850">
    <ele>110.2</ele>
    <time>2022-03-07T17:27:40Z</time>
   </trkpt>
   <trkpt lat="43.6637040" lon="-79.3995360">
    <ele>110.2</ele>
    <time>2022-03-07T17:27:41Z</time>
   </trkpt>
   <trkpt lat="43.6637100" lon="-79.3995180">
    <ele>110.2</ele>
    <time>2022-03-07T17:27:42Z</time>
   </trkpt>
   <trkpt lat="43.6637290" lon="-79.3994670">
    <ele>110.2</ele>
    <time>2022-03-07T17:27:43Z</time>
   </trkpt>
   <trkpt lat="43.6637360" lon="-79.3994500">
    <ele>110.2</ele>
    <time>2022-03-07T17:27:44Z</time>
   </trkpt>
   <trkpt lat="43.6637540" lon="-79.3993980">
    <ele>110.1</ele>
    <time>2022-03-07T17:27:45Z</time>
   </trkpt>
   <trkpt lat="43.6637620" lon="-79.3993800">
    <ele>110.1</ele>
    <time>2022-03-07T17:27:46Z</time>
   </trkpt>
   <trkpt lat="43.6637770" lon="-79.3993450">
    <ele>110.1</ele>
    <time>2022-03-07T17:27:47Z</time>
   </trkpt>
   <trkpt lat="43.6638000" lon="-79.3993110">
    <ele>110.1</ele>
    <time>2022-03-07T17:27:48Z</time>
   </trkpt>
   <trkpt lat="43.6638050" lon="-79.3993000">
    <ele>110.1</ele>
    <time>2022-03-07T17:27:49Z</time>
   </trkpt>
   <trkpt lat="43.6638160" lon="-79.3992630">
    <ele>110.1</ele>
    <time>2022-03-07T17:27:50Z</time>
   </trkpt>
   <trkpt lat="43.6638280" lon="-79.3992130">
    <ele>110.1</ele>
    <time>2022-03-07T17:27:51Z</time>
   </trkpt>
   <trkpt lat="43.6638340" lon="-79.3991940">
    <ele>110.1</ele>
    <time>2022-03-07T17:27:52Z</time>
   </trkpt>
   <trkpt lat="43.6638440" lon="-79.3991570">
    <ele>110.1</ele>
    <time>2022-03-07T17:27:53Z</time>
   </trkpt>
   <trkpt lat="43.6638530" lon="-79.3991180">
    <ele>110.1</ele>
    <time>2022-03-07T17:27:54Z</time>
   </trkpt>
   <trkpt lat="43.6638650" lon="-79.3990670">
    <ele>110.1</ele>
    <time>2022-03-07T17:27:55Z</time>
   </trkpt>
   <trkpt lat="43.6638720" lon="-79.3990500">
    <ele>110.1</ele>
    <time>2022-03-07T17:27:56Z</time>
   </trkpt>
   <trkpt lat="43.6638920" lon="-79.3990180">
    <ele>110.1</ele>
    <time>2022-03-07T17:27:57Z</time>
   </trkpt>
   <trkpt lat="43.6638990" lon="-79.3990020">
    <ele>110.1</ele>
    <time>2022-03-07T17:27:58Z</time>
   </trkpt>
   <trkpt lat="43.6639210" lon="-79.3989640">
    <ele>110.1</ele>
    <time>2022-03-07T17:27:59Z</time>
   </trkpt>
   <trkpt lat="43.6639300" lon="-79.3989500">
    <ele>110.1</ele>
    <time>2022-03-07T17:28:00Z</time>
   </trkpt>
   <trkpt lat="43.6639520" lon="-79.3989130">
    <ele>110.1</ele>
    <time>2022-03-07T17:28:01Z</time>
   </trkpt>
   <trkpt lat="43.6639560" lon="-79.3989010">
    <ele>110.1</ele>
    <time>2022-03-07T17:28:02Z</time>
   </trkpt>
   <trkpt lat="43.6639730" lon="-79.3988650">
    <ele>110.1</ele>
    <time>2022-03-07T17:28:03Z</time>
   </trkpt>
   <trkpt lat="43.6639810" lon="-79.3988470">
    <ele>110.1</ele>
    <time>2022-03-07T17:28:04Z</time>
   </trkpt>
   <trkpt lat="43.6640010" lon="-79.3988160">
    <ele>110.1</ele>
    <time>2022-03-07T17:28:05Z</time>
   </trkpt>
   <trkpt lat="43.6640260" lon="-79.3987880">
    <ele>110.1</ele>
    <time>2022-03-07T17:28:06Z</time>
   </trkpt>
   <trkpt lat="43.6640350" lon="-79.3987760">
    <ele>110.1</ele>
    <time>2022-03-07T17:28:07Z</time>
   </trkpt>
   <trkpt lat="43.6640600" lon="-79.3987490">
    <ele>110.0</ele>
    <time>2022-03-07T17:28:08Z</time>
   </trkpt>
   <trkpt lat="43.6640830" lon="-79.3987210">
    <ele>110.0</ele>
    <time>2022-03-07T17:28:09Z</time>
   </trkpt>
   <trkpt lat="43.6641080" lon="-79.3986830">
    <ele>110.0</ele>
    <time>2022-03-07T17:28:10Z</time>
   </trkpt>
   <trkpt lat="43.6641170" lon="-79.3986730">
    <ele>110.0</ele>
    <time>2022-03-07T17:28:11Z</time>
   </trkpt>
   <trkpt lat="43.6641410" lon="-79.3986500">
    <ele>110.0</ele>
    <time>2022-03-07T17:28:12Z</time>
   </trkpt>
   <trkpt lat="43.6641500" lon="-79.3986440">
    <ele>110.0</ele>
    <time>2022-03-07T17:28:13Z</time>
   </trkpt>
   <trkpt lat="43.6641640" lon="-79.3986290">
    <ele>110.0</ele>
    <time>2022-03-07T17:28:14Z</time>
   </trkpt>
   <trkpt lat="43.6641680" lon="-79.3986280">
    <ele>110.0</ele>
    <time>2022-03-07T17:28:15Z</time>
   </trkpt>
   <trkpt lat="43.6641750" lon="-79.3986230">
    <ele>110.0</ele>
    <time>2022-03-07T17:28:16Z</time>
   </trkpt>
   <trkpt lat="43.6641780" lon="-79.3986130">
    <ele>110.0</ele>
    <time>2022-03-07T17:28:17Z</time>
   </trkpt>
   <trkpt lat="43.6641830" lon="-79.3986060">
    <ele>110.0</ele>
    <time>2022-03-07T17:28:18Z</time>
   </trkpt>
   <trkpt lat="43.6641880" lon="-79.3985990">
    <ele>110.0</ele>
    <time>2022-03-07T17:28:19Z</time>
   </trkpt>
   <trkpt lat="43.6641940" lon="-79.3985910">
    <ele>110.0</ele>
    <time>2022-03-07T17:28:20Z</time>
   </trkpt>
   <trkpt lat="43.6641990" lon="-79.3985840">
    <ele>110.0</ele>
    <time>2022-03-07T17:28:21Z</time>
   </trkpt>
   <trkpt lat="43.6642040" lon="-79.3985770">
    <ele>110.0</ele>
    <time>2022-03-07T17:28:22Z</time>
   </trkpt>
   <trkpt lat="43.6642100" lon="-79.3985690">
    <ele>110.0</ele>
    <time>2022-03-07T17:28:23Z</time>
   </trkpt>
   <trkpt lat="43.6642350" lon="-79.3985350">
    <ele>110.0</ele>
    <time>2022-03-07T17:28:24Z</time>
   </trkpt>
   <trkpt lat="43.6642440" lon="-79.3985260">
    <ele>110.0</ele>
    <time>2022-03-07T17:28:25Z</time>
   </trkpt>
   <trkpt lat="43.6642490" lon="-79.3984810">
    <ele>109.9</ele>
    <time>2022-03-07T17:28:26Z</time>
   </trkpt>
   <trkpt lat="43.6642600" lon="-79.3984420">
    <ele>109.9</ele>
    <time>2022-03-07T17:28:27Z</time>
   </trkpt>
   <trkpt lat="43.6642740" lon="-79.3983940">
    <ele>109.9</ele>
    <time>2022-03-07T17:28:28Z</time>
   </trkpt>
   <trkpt lat="43.6642790" lon="-79.3983810">
    <ele>109.9</ele>
    <time>2022-03-07T17:28:29Z</time>
   </trkpt>
   <trkpt lat="43.6642830" lon="-79.3983600">
    <ele>109.9</ele>
    <time>2022-03-07T17:28:30Z</time>
   </trkpt>
   <trkpt lat="43.6642850" lon="-79.3983380">
    <ele>109.9</ele>
    <time>2022-03-07T17:28:31Z</time>
   </trkpt>
   <trkpt lat="43.6642980" lon="-79.3983000">
    <ele>109.8</ele>
    <time>2022-03-07T17:28:32Z</time>
   </trkpt>
   <trkpt lat="43.6643030" lon="-79.3982840">
    <ele>109.8</ele>
    <time>2022-03-07T17:28:33Z</time>
   </trkpt>
   <trkpt lat="43.6643100" lon="-79.3982320">
    <ele>109.8</ele>
    <time>2022-03-07T17:28:34Z</time>
   </trkpt>
   <trkpt lat="43.6643140" lon="-79.3982090">
    <ele>109.8</ele>
    <time>2022-03-07T17:28:35Z</time>
   </trkpt>
   <trkpt lat="43.6643200" lon="-79.3981590">
    <ele>109.8</ele>
    <time>2022-03-07T17:28:36Z</time>
   </trkpt>
   <trkpt lat="43.6643280" lon="-79.3981130">
    <ele>109.7</ele>
    <time>2022-03-07T17:28:37Z</time>
   </trkpt>
   <trkpt lat="43.6643400" lon="-79.3980790">
    <ele>109.7</ele>
    <time>2022-03-07T17:28:38Z</time>
   </trkpt>
   <trkpt lat="43.6643440" lon="-79.3980350">
    <ele>109.7</ele>
    <time>2022-03-07T17:28:39Z</time>
   </trkpt>
   <trkpt lat="43.6643550" lon="-79.3979780">
    <ele>109.6</ele>
    <time>2022-03-07T17:28:40Z</time>
   </trkpt>
   <trkpt lat="43.6643580" lon="-79.3979560">
    <ele>109.6</ele>
    <time>2022-03-07T17:28:41Z</time>
   </trkpt>
   <trkpt lat="43.6643650" lon="-79.3979140">
    <ele>109.6</ele>
    <time>2022-03-07T17:28:42Z</time>
   </trkpt>
   <trkpt lat="43.6643710" lon="-79.3978720">
    <ele>109.6</ele>
    <time>2022-03-07T17:28:43Z</time>
   </trkpt>
   <trkpt lat="43.6643800" lon="-79.3978360">
    <ele>109.5</ele>
    <time>2022-03-07T17:28:44Z</time>
   </trkpt>
   <trkpt lat="43.6643880" lon="-79.3977940">
    <ele>109.5</ele>
    <time>2022-03-07T17:28:45Z</time>
   </trkpt>
   <trkpt lat="43.6643910" lon="-79.3977530">
    <ele>109.5</ele>
    <time>2022-03-07T17:28:46Z</time>
   </trkpt>
   <trkpt lat="43.6643950" lon="-79.3977150">
    <ele>109.5</ele>
    <time>2022-03-07T17:28:47Z</time>
   </trkpt>
   <trkpt lat="43.6643980" lon="-79.3976680">
    <ele>109.5</ele>
    <time>2022-03-07T17:28:48Z</time>
   </trkpt>
   <trkpt lat="43.6644020" lon="-79.3976550">
    <ele>109.5</ele>
    <time>2022-03-07T17:28:49Z</time>
   </trkpt>
   <trkpt lat="43.6644160" lon="-79.3976160">
    <ele>109.4</ele>
    <time>2022-03-07T17:28:50Z</time>
   </trkpt>
   <trkpt lat="43.6644280" lon="-79.3975660">
    <ele>109.4</ele>
    <time>2022-03-07T17:28:51Z</time>
   </trkpt>
   <trkpt lat="43.6644340" lon="-79.3975280">
    <ele>109.4</ele>
    <time>2022-03-07T17:28:52Z</time>
   </trkpt>
   <trkpt lat="43.6644350" lon="-79.3974900">
    <ele>109.4</ele>
    <time>2022-03-07T17:28:53Z</time>
   </trkpt>
   <trkpt lat="43.6644360" lon="-79.3974420">
    <ele>109.4</ele>
    <time>2022-03-07T17:28:54Z</time>
   </trkpt>
   <trkpt lat="43.6644380" lon="-79.3973980">
    <ele>109.4</ele>
    <time>2022-03-07T17:28:55Z</time>
   </trkpt>
   <trkpt lat="43.6644490" lon="-79.3973580">
    <ele>109.4</ele>
    <time>2022-03-07T17:28:56Z</time>
   </trkpt>
   <trkpt lat="43.6644630" lon="-79.3973190">
    <ele>109.4</ele>
    <time>2022-03-07T17:28:57Z</time>
   </trkpt>
   <trkpt lat="43.6644550" lon="-79.3972770">
    <ele>109.4</ele>
    <time>2022-03-07T17:28:58Z</time>
   </trkpt>
   <trkpt lat="43.6644530" lon="-79.3972610">
    <ele>109.4</ele>
    <time>2022-03-07T17:28:59Z</time>
   </trkpt>
   <trkpt lat="43.6644550" lon="-79.3972180">
    <ele>109.3</ele>
    <time>2022-03-07T17:29:00Z</time>
   </trkpt>
   <trkpt lat="43.6644590" lon="-79.3971800">
    <ele>109.3</ele>
    <time>2022-03-07T17:29:01Z</time>
   </trkpt>
   <trkpt lat="43.6644650" lon="-79.3971420">
    <ele>109.3</ele>
    <time>2022-03-07T17:29:02Z</time>
   </trkpt>
   <trkpt lat="43.6644660" lon="-79.3970980">
    <ele>109.3</ele>
    <time>2022-03-07T17:29:03Z</time>
   </trkpt>
   <trkpt lat="43.6644700" lon="-79.3970510">
    <ele>109.3</ele>
    <time>2022-03-07T17:29:04Z</time>
   </trkpt>
   <trkpt lat="43.6644720" lon="-79.3970350">
    <ele>109.3</ele>
    <time>2022-03-07T17:29:05Z</time>
   </trkpt>
   <trkpt lat="43.6644770" lon="-79.3969860">
    <ele>109.2</ele>
    <time>2022-03-07T17:29:06Z</time>
   </trkpt>
   <trkpt lat="43.6644770" lon="-79.3969720">
    <ele>109.2</ele>
    <time>2022-03-07T17:29:07Z</time>
   </trkpt>
   <trkpt lat="43.6644940" lon="-79.3969230">
    <ele>109.2</ele>
    <time>2022-03-07T17:29:08Z</time>
   </trkpt>
   <trkpt lat="43.6644990" lon="-79.3969060">
    <ele>109.2</ele>
    <time>2022-03-07T17:29:09Z</time>
   </trkpt>
   <trkpt lat="43.6645240" lon="-79.3968640">
    <ele>109.1</ele>
    <time>2022-03-07T17:29:10Z</time>
   </trkpt>
   <trkpt lat="43.6645320" lon="-79.3968490">
    <ele>109.1</ele>
    <time>2022-03-07T17:29:11Z</time>
   </trkpt>
   <trkpt lat="43.6645440" lon="-79.3968100">
    <ele>109.1</ele>
    <time>2022-03-07T17:29:12Z</time>
   </trkpt>
   <trkpt lat="43.6645470" lon="-79.3967970">
    <ele>109.1</ele>
    <time>2022-03-07T17:29:13Z</time>
   </trkpt>
   <trkpt lat="43.6645540" lon="-79.3967620">
    <ele>109.1</ele>
    <time>2022-03-07T17:29:14Z</time>
   </trkpt>
   <trkpt lat="43.6645570" lon="-79.3967480">
    <ele>109.1</ele>
    <time>2022-03-07T17:29:15Z</time>
   </trkpt>
   <trkpt lat="43.6645670" lon="-79.3966980">
    <ele>109.1</ele>
    <time>2022-03-07T17:29:16Z</time>
   </trkpt>
   <trkpt lat="43.6645710" lon="-79.3966810">
    <ele>109.1</ele>
    <time>2022-03-07T17:29:17Z</time>
   </trkpt>
   <trkpt lat="43.6645860" lon="-79.3966300">
    <ele>109.0</ele>
    <time>2022-03-07T17:29:18Z</time>
   </trkpt>
   <trkpt lat="43.6645930" lon="-79.3966140">
    <ele>109.0</ele>
    <time>2022-03-07T17:29:19Z</time>
   </trkpt>
   <trkpt lat="43.6646050" lon="-79.3965780">
    <ele>109.0</ele>
    <time>2022-03-07T17:29:20Z</time>
   </trkpt>
   <trkpt lat="43.6646100" lon="-79.3965390">
    <ele>109.0</ele>
    <time>2022-03-07T17:29:21Z</time>
   </trkpt>
   <trkpt lat="43.6646230" lon="-79.3964950">
    <ele>109.0</ele>
    <time>2022-03-07T17:29:22Z</time>
   </trkpt>
   <trkpt lat="43.6646270" lon="-79.3964790">
    <ele>109.0</ele>
    <time>2022-03-07T17:29:23Z</time>
   </trkpt>
   <trkpt lat="43.6646330" lon="-79.3964400">
    <ele>108.9</ele>
    <time>2022-03-07T17:29:24Z</time>
   </trkpt>
   <trkpt lat="43.6646450" lon="-79.3963880">
    <ele>108.9</ele>
    <time>2022-03-07T17:29:25Z</time>
   </trkpt>
   <trkpt lat="43.6646480" lon="-79.3963690">
    <ele>108.9</ele>
    <time>2022-03-07T17:29:26Z</time>
   </trkpt>
   <trkpt lat="43.6646550" lon="-79.3963260">
    <ele>108.9</ele>
    <time>2022-03-07T17:29:27Z</time>
   </trkpt>
   <trkpt lat="43.6646660" lon="-79.3962830">
    <ele>108.9</ele>
    <time>2022-03-07T17:29:28Z</time>
   </trkpt>
   <trkpt lat="43.6646710" lon="-79.3962680">
    <ele>108.9</ele>
    <time>2022-03-07T17:29:29Z</time>
   </trkpt>
   <trkpt lat="43.6646750" lon="-79.3962300">
    <ele>108.9</ele>
    <time>2022-03-07T17:29:30Z</time>
   </trkpt>
   <trkpt lat="43.6646860" lon="-79.3961920">
    <ele>108.8</ele>
    <time>2022-03-07T17:29:31Z</time>
   </trkpt>
   <trkpt lat="43.6646860" lon="-79.3961590">
    <ele>108.8</ele>
    <time>2022-03-07T17:29:32Z</time>
   </trkpt>
   <trkpt lat="43.6646870" lon="-79.3961230">
    <ele>108.8</ele>
    <time>2022-03-07T17:29:34Z</time>
   </trkpt>
   <trkpt lat="43.6646970" lon="-79.3960860">
    <ele>108.8</ele>
    <time>2022-03-07T17:29:35Z</time>
   </trkpt>
   <trkpt lat="43.6647020" lon="-79.3960330">
    <ele>108.8</ele>
    <time>2022-03-07T17:29:36Z</time>
   </trkpt>
   <trkpt lat="43.6647060" lon="-79.3960120">
    <ele>108.8</ele>
    <time>2022-03-07T17:29:37Z</time>
   </trkpt>
   <trkpt lat="43.6647190" lon="-79.3959650">
    <ele>108.7</ele>
    <time>2022-03-07T17:29:38Z</time>
   </trkpt>
   <trkpt lat="43.6647250" lon="-79.3959260">
    <ele>108.7</ele>
    <time>2022-03-07T17:29:39Z</time>
   </trkpt>
   <trkpt lat="43.6647300" lon="-79.3958780">
    <ele>108.7</ele>
    <time>2022-03-07T17:29:40Z</time>
   </trkpt>
   <trkpt lat="43.6647330" lon="-79.3958590">
    <ele>108.7</ele>
    <time>2022-03-07T17:29:41Z</time>
   </trkpt>
   <trkpt lat="43.6647430" lon="-79.3958180">
    <ele>108.7</ele>
    <time>2022-03-07T17:29:42Z</time>
   </trkpt>
   <trkpt lat="43.6647500" lon="-79.3957800">
    <ele>108.6</ele>
    <time>2022-03-07T17:29:43Z</time>
   </trkpt>
   <trkpt lat="43.6647660" lon="-79.3957440">
    <ele>108.6</ele>
    <time>2022-03-07T17:29:44Z</time>
   </trkpt>
   <trkpt lat="43.6647810" lon="-79.3957040">
    <ele>108.6</ele>
    <time>2022-03-07T17:29:45Z</time>
   </trkpt>
   <trkpt lat="43.6647850" lon="-79.3956940">
    <ele>108.6</ele>
    <time>2022-03-07T17:29:46Z</time>
   </trkpt>
   <trkpt lat="43.6647930" lon="-79.3956540">
    <ele>108.6</ele>
    <time>2022-03-07T17:29:47Z</time>
   </trkpt>
   <trkpt lat="43.6647890" lon="-79.3956410">
    <ele>108.6</ele>
    <time>2022-03-07T17:29:48Z</time>
   </trkpt>
   <trkpt lat="43.6647940" lon="-79.3956000">
    <ele>108.5</ele>
    <time>2022-03-07T17:29:49Z</time>
   </trkpt>
   <trkpt lat="43.6647930" lon="-79.3955890">
    <ele>108.5</ele>
    <time>2022-03-07T17:29:50Z</time>
   </trkpt>
   <trkpt lat="43.6647970" lon="-79.3955680">
    <ele>108.5</ele>
    <time>2022-03-07T17:29:51Z</time>
   </trkpt>
   <trkpt lat="43.6648060" lon="-79.3955480">
    <ele>108.5</ele>
    <time>2022-03-07T17:29:52Z</time>
   </trkpt>
   <trkpt lat="43.6648200" lon="-79.3954970">
    <ele>108.5</ele>
    <time>2022-03-07T17:29:53Z</time>
   </trkpt>
   <trkpt lat="43.6648230" lon="-79.3954790">
    <ele>108.5</ele>
    <time>2022-03-07T17:29:54Z</time>
   </trkpt>
   <trkpt lat="43.6648320" lon="-79.3954410">
    <ele>108.5</ele>
    <time>2022-03-07T17:29:55Z</time>
   </trkpt>
   <trkpt lat="43.6648440" lon="-79.3954050">
    <ele>108.5</ele>
    <time>2022-03-07T17:29:56Z</time>
   </trkpt>
   <trkpt lat="43.6648520" lon="-79.3953510">
    <ele>108.4</ele>
    <time>2022-03-07T17:29:57Z</time>
   </trkpt>
   <trkpt lat="43.6648560" lon="-79.3953310">
    <ele>108.4</ele>
    <time>2022-03-07T17:29:58Z</time>
   </trkpt>
   <trkpt lat="43.6648670" lon="-79.3952890">
    <ele>108.4</ele>
    <time>2022-03-07T17:29:59Z</time>
   </trkpt>
   <trkpt lat="43.6648700" lon="-79.3952300">
    <ele>108.4</ele>
    <time>2022-03-07T17:30:00Z</time>
   </trkpt>
   <trkpt lat="43.6648720" lon="-79.3952040">
    <ele>108.4</ele>
    <time>2022-03-07T17:30:01Z</time>
   </trkpt>
   <trkpt lat="43.6648750" lon="-79.3951660">
    <ele>108.4</ele>
    <time>2022-03-07T17:30:02Z</time>
   </trkpt>
   <trkpt lat="43.6648790" lon="-79.3951150">
    <ele>108.4</ele>
    <time>2022-03-07T17:30:03Z</time>
   </trkpt>
   <trkpt lat="43.6648780" lon="-79.3950990">
    <ele>108.4</ele>
    <time>2022-03-07T17:30:04Z</time>
   </trkpt>
   <trkpt lat="43.6648810" lon="-79.3950550">
    <ele>108.3</ele>
    <time>2022-03-07T17:30:05Z</time>
   </trkpt>
   <trkpt lat="43.6648840" lon="-79.3950370">
    <ele>108.3</ele>
    <time>2022-03-07T17:30:06Z</time>
   </trkpt>
   <trkpt lat="43.6648950" lon="-79.3949850">
    <ele>108.3</ele>
    <time>2022-03-07T17:30:07Z</time>
   </trkpt>
   <trkpt lat="43.6648970" lon="-79.3949650">
    <ele>108.3</ele>
    <time>2022-03-07T17:30:08Z</time>
   </trkpt>
   <trkpt lat="43.6649000" lon="-79.3949240">
    <ele>108.3</ele>
    <time>2022-03-07T17:30:09Z</time>
   </trkpt>
   <trkpt lat="43.6649100" lon="-79.3948700">
    <ele>108.3</ele>
    <time>2022-03-07T17:30:10Z</time>
   </trkpt>
   <trkpt lat="43.6649160" lon="-79.3948470">
    <ele>108.3</ele>
    <time>2022-03-07T17:30:11Z</time>
   </trkpt>
   <trkpt lat="43.6649250" lon="-79.3948070">
    <ele>108.2</ele>
    <time>2022-03-07T17:30:12Z</time>
   </trkpt>
   <trkpt lat="43.6649330" lon="-79.3947690">
    <ele>108.2</ele>
    <time>2022-03-07T17:30:13Z</time>
   </trkpt>
   <trkpt lat="43.6649440" lon="-79.3947340">
    <ele>108.2</ele>
    <time>2022-03-07T17:30:14Z</time>
   </trkpt>
   <trkpt lat="43.6649460" lon="-79.3946870">
    <ele>108.2</ele>
    <time>2022-03-07T17:30:15Z</time>
   </trkpt>
   <trkpt lat="43.6649480" lon="-79.3946690">
    <ele>108.2</ele>
    <time>2022-03-07T17:30:16Z</time>
   </trkpt>
   <trkpt lat="43.6649560" lon="-79.3946170">
    <ele>108.2</ele>
    <time>2022-03-07T17:30:17Z</time>
   </trkpt>
   <trkpt lat="43.6649590" lon="-79.3946010">
    <ele>108.2</ele>
    <time>2022-03-07T17:30:18Z</time>
   </trkpt>
   <trkpt lat="43.6649660" lon="-79.3945620">
    <ele>108.2</ele>
    <time>2022-03-07T17:30:19Z</time>
   </trkpt>
   <trkpt lat="43.6649810" lon="-79.3945220">
    <ele>108.2</ele>
    <time>2022-03-07T17:30:20Z</time>
   </trkpt>
   <trkpt lat="43.6649940" lon="-79.3944870">
    <ele>108.2</ele>
    <time>2022-03-07T17:30:21Z</time>
   </trkpt>
   <trkpt lat="43.6650140" lon="-79.3944490">
    <ele>108.2</ele>
    <time>2022-03-07T17:30:22Z</time>
   </trkpt>
   <trkpt lat="43.6650210" lon="-79.3944340">
    <ele>108.2</ele>
    <time>2022-03-07T17:30:23Z</time>
   </trkpt>
   <trkpt lat="43.6650340" lon="-79.3943990">
    <ele>108.2</ele>
    <time>2022-03-07T17:30:24Z</time>
   </trkpt>
   <trkpt lat="43.6650520" lon="-79.3943680">
    <ele>108.2</ele>
    <time>2022-03-07T17:30:25Z</time>
   </trkpt>
   <trkpt lat="43.6650590" lon="-79.3943600">
    <ele>108.3</ele>
    <time>2022-03-07T17:30:26Z</time>
   </trkpt>
   <trkpt lat="43.6650700" lon="-79.3943250">
    <ele>108.3</ele>
    <time>2022-03-07T17:30:27Z</time>
   </trkpt>
   <trkpt lat="43.6650880" lon="-79.3942780">
    <ele>108.3</ele>
    <time>2022-03-07T17:30:28Z</time>
   </trkpt>
   <trkpt lat="43.6650940" lon="-79.3942620">
    <ele>108.4</ele>
    <time>2022-03-07T17:30:29Z</time>
   </trkpt>
   <trkpt lat="43.6651010" lon="-79.3942220">
    <ele>108.4</ele>
    <time>2022-03-07T17:30:30Z</time>
   </trkpt>
   <trkpt lat="43.6651070" lon="-79.3941850">
    <ele>108.5</ele>
    <time>2022-03-07T17:30:31Z</time>
   </trkpt>
   <trkpt lat="43.6651220" lon="-79.3941430">
    <ele>108.5</ele>
    <time>2022-03-07T17:30:32Z</time>
   </trkpt>
   <trkpt lat="43.6651290" lon="-79.3941050">
    <ele>108.6</ele>
    <time>2022-03-07T17:30:33Z</time>
   </trkpt>
   <trkpt lat="43.6651360" lon="-79.3940690">
    <ele>108.6</ele>
    <time>2022-03-07T17:30:34Z</time>
   </trkpt>
   <trkpt lat="43.6651350" lon="-79.3940320">
    <ele>108.7</ele>
    <time>2022-03-07T17:30:35Z</time>
   </trkpt>
   <trkpt lat="43.6651350" lon="-79.3940200">
    <ele>108.7</ele>
    <time>2022-03-07T17:30:36Z</time>
   </trkpt>
   <trkpt lat="43.6651350" lon="-79.3940090">
    <ele>108.7</ele>
    <time>2022-03-07T17:30:37Z</time>
   </trkpt>
   <trkpt lat="43.6651340" lon="-79.3939970">
    <ele>108.7</ele>
    <time>2022-03-07T17:30:38Z</time>
   </trkpt>
   <trkpt lat="43.6651360" lon="-79.3939830">
    <ele>108.7</ele>
    <time>2022-03-07T17:30:39Z</time>
   </trkpt>
   <trkpt lat="43.6651260" lon="-79.3939760">
    <ele>108.7</ele>
    <time>2022-03-07T17:30:40Z</time>
   </trkpt>
   <trkpt lat="43.6651180" lon="-79.3939780">
    <ele>108.7</ele>
    <time>2022-03-07T17:30:41Z</time>
   </trkpt>
   <trkpt lat="43.6651080" lon="-79.3939760">
    <ele>108.7</ele>
    <time>2022-03-07T17:30:42Z</time>
   </trkpt>
   <trkpt lat="43.6651080" lon="-79.3939750">
    <ele>108.7</ele>
    <time>2022-03-07T17:30:43Z</time>
   </trkpt>
   <trkpt lat="43.6651080" lon="-79.3939740">
    <ele>108.7</ele>
    <time>2022-03-07T17:30:44Z</time>
   </trkpt>
   <trkpt lat="43.6651090" lon="-79.3939730">
    <ele>108.7</ele>
    <time>2022-03-07T17:30:45Z</time>
   </trkpt>
   <trkpt lat="43.6651090" lon="-79.3939730">
    <ele>108.7</ele>
    <time>2022-03-07T17:30:46Z</time>
   </trkpt>
   <trkpt lat="43.6651080" lon="-79.3939730">
    <ele>108.7</ele>
    <time>2022-03-07T17:30:47Z</time>
   </trkpt>
   <trkpt lat="43.6651080" lon="-79.3939730">
    <ele>108.7</ele>
    <time>2022-03-07T17:30:48Z</time>
   </trkpt>
   <trkpt lat="43.6651080" lon="-79.3939730">
    <ele>108.7</ele>
    <time>2022-03-07T17:30:49Z</time>
   </trkpt>
   <trkpt lat="43.6651070" lon="-79.3939740">
    <ele>108.7</ele>
    <time>2022-03-07T17:30:50Z</time>
   </trkpt>
   <trkpt lat="43.6651070" lon="-79.3939740">
    <ele>108.7</ele>
    <time>2022-03-07T17:30:51Z</time>
   </trkpt>
   <trkpt lat="43.6651070" lon="-79.3939720">
    <ele>108.7</ele>
    <time>2022-03-07T17:30:52Z</time>
   </trkpt>
   <trkpt lat="43.6651070" lon="-79.3939720">
    <ele>108.7</ele>
    <time>2022-03-07T17:30:53Z</time>
   </trkpt>
   <trkpt lat="43.6651080" lon="-79.3939700">
    <ele>108.7</ele>
    <time>2022-03-07T17:30:54Z</time>
   </trkpt>
   <trkpt lat="43.6651090" lon="-79.3939690">
    <ele>108.7</ele>
    <time>2022-03-07T17:30:55Z</time>
   </trkpt>
   <trkpt lat="43.6651090" lon="-79.3939680">
    <ele>108.7</ele>
    <time>2022-03-07T17:30:56Z</time>
   </trkpt>
   <trkpt lat="43.6651090" lon="-79.3939680">
    <ele>108.7</ele>
    <time>2022-03-07T17:30:57Z</time>
   </trkpt>
   <trkpt lat="43.6651080" lon="-79.3939690">
    <ele>108.8</ele>
    <time>2022-03-07T17:30:58Z</time>
   </trkpt>
   <trkpt lat="43.6651080" lon="-79.3939690">
    <ele>108.8</ele>
    <time>2022-03-07T17:30:59Z</time>
   </trkpt>
   <trkpt lat="43.6651090" lon="-79.3939690">
    <ele>108.8</ele>
    <time>2022-03-07T17:31:00Z</time>
   </trkpt>
   <trkpt lat="43.6651110" lon="-79.3939720">
    <ele>108.8</ele>
    <time>2022-03-07T17:31:01Z</time>
   </trkpt>
   <trkpt lat="43.6651110" lon="-79.3939730">
    <ele>108.8</ele>
    <time>2022-03-07T17:31:02Z</time>
   </trkpt>
   <trkpt lat="43.6651110" lon="-79.3939750">
    <ele>108.8</ele>
    <time>2022-03-07T17:31:03Z</time>
   </trkpt>
   <trkpt lat="43.6651120" lon="-79.3939750">
    <ele>108.8</ele>
    <time>2022-03-07T17:31:04Z</time>
   </trkpt>
   <trkpt lat="43.6651110" lon="-79.3939750">
    <ele>108.8</ele>
    <time>2022-03-07T17:31:05Z</time>
   </trkpt>
   <trkpt lat="43.6651110" lon="-79.3939750">
    <ele>108.8</ele>
    <time>2022-03-07T17:31:06Z</time>
   </trkpt>
   <trkpt lat="43.6651120" lon="-79.3939720">
    <ele>108.8</ele>
    <time>2022-03-07T17:31:07Z</time>
   </trkpt>
   <trkpt lat="43.6651120" lon="-79.3939710">
    <ele>108.8</ele>
    <time>2022-03-07T17:31:08Z</time>
   </trkpt>
   <trkpt lat="43.6651120" lon="-79.3939700">
    <ele>108.8</ele>
    <time>2022-03-07T17:31:09Z</time>
   </trkpt>
   <trkpt lat="43.6651120" lon="-79.3939700">
    <ele>108.8</ele>
    <time>2022-03-07T17:31:10Z</time>
   </trkpt>
   <trkpt lat="43.6651130" lon="-79.3939690">
    <ele>108.8</ele>
    <time>2022-03-07T17:31:11Z</time>
   </trkpt>
   <trkpt lat="43.6651130" lon="-79.3939700">
    <ele>108.8</ele>
    <time>2022-03-07T17:31:12Z</time>
   </trkpt>
   <trkpt lat="43.6651130" lon="-79.3939710">
    <ele>108.8</ele>
    <time>2022-03-07T17:31:13Z</time>
   </trkpt>
   <trkpt lat="43.6651140" lon="-79.3939700">
    <ele>108.8</ele>
    <time>2022-03-07T17:31:14Z</time>
   </trkpt>
   <trkpt lat="43.6651150" lon="-79.3939690">
    <ele>108.8</ele>
    <time>2022-03-07T17:31:15Z</time>
   </trkpt>
   <trkpt lat="43.6651170" lon="-79.3939700">
    <ele>108.8</ele>
    <time>2022-03-07T17:31:16Z</time>
   </trkpt>
   <trkpt lat="43.6651160" lon="-79.3939690">
    <ele>108.8</ele>
    <time>2022-03-07T17:31:17Z</time>
   </trkpt>
   <trkpt lat="43.6651170" lon="-79.3939700">
    <ele>108.8</ele>
    <time>2022-03-07T17:31:18Z</time>
   </trkpt>
   <trkpt lat="43.6651170" lon="-79.3939700">
    <ele>108.8</ele>
    <time>2022-03-07T17:31:19Z</time>
   </trkpt>
   <trkpt lat="43.6651180" lon="-79.3939700">
    <ele>108.8</ele>
    <time>2022-03-07T17:31:20Z</time>
   </trkpt>
   <trkpt lat="43.6651190" lon="-79.3939700">
    <ele>108.8</ele>
    <time>2022-03-07T17:31:21Z</time>
   </trkpt>
   <trkpt lat="43.6651190" lon="-79.3939700">
    <ele>108.8</ele>
    <time>2022-03-07T17:31:22Z</time>
   </trkpt>
   <trkpt lat="43.6651190" lon="-79.3939710">
    <ele>108.8</ele>
    <time>2022-03-07T17:31:23Z</time>
   </trkpt>
   <trkpt lat="43.6651190" lon="-79.3939710">
    <ele>108.8</ele>
    <time>2022-03-07T17:31:24Z</time>
   </trkpt>
   <trkpt lat="43.6651210" lon="-79.3939710">
    <ele>108.8</ele>
    <time>2022-03-07T17:31:25Z</time>
   </trkpt>
   <trkpt lat="43.6651220" lon="-79.3939710">
    <ele>108.8</ele>
    <time>2022-03-07T17:31:26Z</time>
   </trkpt>
   <trkpt lat="43.6651210" lon="-79.3939720">
    <ele>108.8</ele>
    <time>2022-03-07T17:31:27Z</time>
   </trkpt>
   <trkpt lat="43.6651210" lon="-79.3939730">
    <ele>108.8</ele>
    <time>2022-03-07T17:31:28Z</time>
   </trkpt>
   <trkpt lat="43.6651200" lon="-79.3939730">
    <ele>108.8</ele>
    <time>2022-03-07T17:31:29Z</time>
   </trkpt>
   <trkpt lat="43.6651220" lon="-79.3939660">
    <ele>108.8</ele>
    <time>2022-03-07T17:31:30Z</time>
   </trkpt>
   <trkpt lat="43.6651230" lon="-79.3939610">
    <ele>108.8</ele>
    <time>2022-03-07T17:31:31Z</time>
   </trkpt>
   <trkpt lat="43.6651260" lon="-79.3939560">
    <ele>108.8</ele>
    <time>2022-03-07T17:31:32Z</time>
   </trkpt>
   <trkpt lat="43.6651270" lon="-79.3939530">
    <ele>108.8</ele>
    <time>2022-03-07T17:31:33Z</time>
   </trkpt>
   <trkpt lat="43.6651280" lon="-79.3939510">
    <ele>108.8</ele>
    <time>2022-03-07T17:31:34Z</time>
   </trkpt>
   <trkpt lat="43.6651280" lon="-79.3939510">
    <ele>108.8</ele>
    <time>2022-03-07T17:31:35Z</time>
   </trkpt>
   <trkpt lat="43.6651290" lon="-79.3939500">
    <ele>108.8</ele>
    <time>2022-03-07T17:31:36Z</time>
   </trkpt>
   <trkpt lat="43.6651300" lon="-79.3939480">
    <ele>108.8</ele>
    <time>2022-03-07T17:31:37Z</time>
   </trkpt>
   <trkpt lat="43.6651310" lon="-79.3939470">
    <ele>108.8</ele>
    <time>2022-03-07T17:31:38Z</time>
   </trkpt>
   <trkpt lat="43.6651320" lon="-79.3939460">
    <ele>108.8</ele>
    <time>2022-03-07T17:31:39Z</time>
   </trkpt>
   <trkpt lat="43.6651310" lon="-79.3939470">
    <ele>108.8</ele>
    <time>2022-03-07T17:31:40Z</time>
   </trkpt>
   <trkpt lat="43.6651320" lon="-79.3939460">
    <ele>108.8</ele>
    <time>2022-03-07T17:31:41Z</time>
   </trkpt>
   <trkpt lat="43.6651310" lon="-79.3939420">
    <ele>108.8</ele>
    <time>2022-03-07T17:31:42Z</time>
   </trkpt>
   <trkpt lat="43.6651310" lon="-79.3939380">
    <ele>108.8</ele>
    <time>2022-03-07T17:31:43Z</time>
   </trkpt>
   <trkpt lat="43.6651300" lon="-79.3939340">
    <ele>108.8</ele>
    <time>2022-03-07T17:31:44Z</time>
   </trkpt>
   <trkpt lat="43.6651290" lon="-79.3939290">
    <ele>108.8</ele>
    <time>2022-03-07T17:31:45Z</time>
   </trkpt>
   <trkpt lat="43.6651280" lon="-79.3939250">
    <ele>108.8</ele>
    <time>2022-03-07T17:31:46Z</time>
   </trkpt>
   <trkpt lat="43.6651280" lon="-79.3939210">
    <ele>108.8</ele>
    <time>2022-03-07T17:31:47Z</time>
   </trkpt>
   <trkpt lat="43.6651270" lon="-79.3939160">
    <ele>108.8</ele>
    <time>2022-03-07T17:31:48Z</time>
   </trkpt>
   <trkpt lat="43.6651260" lon="-79.3939120">
    <ele>108.8</ele>
    <time>2022-03-07T17:31:49Z</time>
   </trkpt>
   <trkpt lat="43.6651250" lon="-79.3939080">
    <ele>108.8</ele>
    <time>2022-03-07T17:31:50Z</time>
   </trkpt>
   <trkpt lat="43.6651250" lon="-79.3939030">
    <ele>108.8</ele>
    <time>2022-03-07T17:31:51Z</time>
   </trkpt>
   <trkpt lat="43.6651240" lon="-79.3938990">
    <ele>108.8</ele>
    <time>2022-03-07T17:31:52Z</time>
   </trkpt>
   <trkpt lat="43.6651230" lon="-79.3938950">
    <ele>108.8</ele>
    <time>2022-03-07T17:31:53Z</time>
   </trkpt>
   <trkpt lat="43.6651220" lon="-79.3938900">
    <ele>108.8</ele>
    <time>2022-03-07T17:31:54Z</time>
   </trkpt>
   <trkpt lat="43.6651180" lon="-79.3938430">
    <ele>108.8</ele>
    <time>2022-03-07T17:31:55Z</time>
   </trkpt>
   <trkpt lat="43.6651090" lon="-79.3938250">
    <ele>108.7</ele>
    <time>2022-03-07T17:31:56Z</time>
   </trkpt>
   <trkpt lat="43.6650830" lon="-79.3937990">
    <ele>108.7</ele>
    <time>2022-03-07T17:31:57Z</time>
   </trkpt>
   <trkpt lat="43.6650460" lon="-79.3937930">
    <ele>108.7</ele>
    <time>2022-03-07T17:31:58Z</time>
   </trkpt>
   <trkpt lat="43.6650160" lon="-79.3937940">
    <ele>108.7</ele>
    <time>2022-03-07T17:31:59Z</time>
   </trkpt>
   <trkpt lat="43.6649730" lon="-79.3938100">
    <ele>108.7</ele>
    <time>2022-03-07T17:32:00Z</time>
   </trkpt>
   <trkpt lat="43.6649550" lon="-79.3938140">
    <ele>108.6</ele>
    <time>2022-03-07T17:32:01Z</time>
   </trkpt>
   <trkpt lat="43.6649240" lon="-79.3938060">
    <ele>108.6</ele>
    <time>2022-03-07T17:32:02Z</time>
   </trkpt>
   <trkpt lat="43.6648900" lon="-79.3938020">
    <ele>108.6</ele>
    <time>2022-03-07T17:32:03Z</time>
   </trkpt>
   <trkpt lat="43.6648600" lon="-79.3937950">
    <ele>108.6</ele>
    <time>2022-03-07T17:32:04Z</time>
   </trkpt>
   <trkpt lat="43.6648500" lon="-79.3937950">
    <ele>108.6</ele>
    <time>2022-03-07T17:32:05Z</time>
   </trkpt>
   <trkpt lat="43.6648200" lon="-79.3937820">
    <ele>108.6</ele>
    <time>2022-03-07T17:32:06Z</time>
   </trkpt>
   <trkpt lat="43.6648110" lon="-79.3937770">
    <ele>108.6</ele>
    <time>2022-03-07T17:32:07Z</time>
   </trkpt>
   <trkpt lat="43.6647990" lon="-79.3937730">
    <ele>108.7</ele>
    <time>2022-03-07T17:32:08Z</time>
   </trkpt>
   <trkpt lat="43.6647840" lon="-79.3937630">
    <ele>108.7</ele>
    <time>2022-03-07T17:32:09Z</time>
   </trkpt>
   <trkpt lat="43.6647500" lon="-79.3937520">
    <ele>108.7</ele>
    <time>2022-03-07T17:32:10Z</time>
   </trkpt>
   <trkpt lat="43.6647380" lon="-79.3937510">
    <ele>108.7</ele>
    <time>2022-03-07T17:32:11Z</time>
   </trkpt>
   <trkpt lat="43.6647090" lon="-79.3937340">
    <ele>108.7</ele>
    <time>2022-03-07T17:32:12Z</time>
   </trkpt>
   <trkpt lat="43.6647020" lon="-79.3937280">
    <ele>108.7</ele>
    <time>2022-03-07T17:32:13Z</time>
   </trkpt>
   <trkpt lat="43.6646690" lon="-79.3937010">
    <ele>108.8</ele>
    <time>2022-03-07T17:32:14Z</time>
   </trkpt>
   <trkpt lat="43.6646520" lon="-79.3936890">
    <ele>108.8</ele>
    <time>2022-03-07T17:32:15Z</time>
   </trkpt>
   <trkpt lat="43.6646170" lon="-79.3936710">
    <ele>108.8</ele>
    <time>2022-03-07T17:32:16Z</time>
   </trkpt>
   <trkpt lat="43.6646060" lon="-79.3936670">
    <ele>108.8</ele>
    <time>2022-03-07T17:32:17Z</time>
   </trkpt>
   <trkpt lat="43.6645790" lon="-79.3936610">
    <ele>108.8</ele>
    <time>2022-03-07T17:32:18Z</time>
   </trkpt>
   <trkpt lat="43.6645480" lon="-79.3936500">
    <ele>108.8</ele>
    <time>2022-03-07T17:32:19Z</time>
   </trkpt>
   <trkpt lat="43.6645140" lon="-79.3936380">
    <ele>108.8</ele>
    <time>2022-03-07T17:32:20Z</time>
   </trkpt>
   <trkpt lat="43.6644990" lon="-79.3936340">
    <ele>108.8</ele>
    <time>2022-03-07T17:32:21Z</time>
   </trkpt>
   <trkpt lat="43.6644740" lon="-79.3936200">
    <ele>108.8</ele>
    <time>2022-03-07T17:32:22Z</time>
   </trkpt>
   <trkpt lat="43.6644470" lon="-79.3935950">
    <ele>108.7</ele>
    <time>2022-03-07T17:32:23Z</time>
   </trkpt>
   <trkpt lat="43.6644270" lon="-79.3935700">
    <ele>108.7</ele>
    <time>2022-03-07T17:32:24Z</time>
   </trkpt>
   <trkpt lat="43.6644010" lon="-79.3935480">
    <ele>108.7</ele>
    <time>2022-03-07T17:32:25Z</time>
   </trkpt>
   <trkpt lat="43.6643660" lon="-79.3935260">
    <ele>108.7</ele>
    <time>2022-03-07T17:32:26Z</time>
   </trkpt>
   <trkpt lat="43.6643300" lon="-79.3935050">
    <ele>108.7</ele>
    <time>2022-03-07T17:32:27Z</time>
   </trkpt>
   <trkpt lat="43.6643150" lon="-79.3934970">
    <ele>108.7</ele>
    <time>2022-03-07T17:32:28Z</time>
   </trkpt>
   <trkpt lat="43.6642830" lon="-79.3934860">
    <ele>108.7</ele>
    <time>2022-03-07T17:32:29Z</time>
   </trkpt>
   <trkpt lat="43.6642460" lon="-79.3934630">
    <ele>108.6</ele>
    <time>2022-03-07T17:32:30Z</time>
   </trkpt>
   <trkpt lat="43.6642320" lon="-79.3934560">
    <ele>108.6</ele>
    <time>2022-03-07T17:32:31Z</time>
   </trkpt>
   <trkpt lat="43.6642050" lon="-79.3934370">
    <ele>108.6</ele>
    <time>2022-03-07T17:32:32Z</time>
   </trkpt>
   <trkpt lat="43.6641810" lon="-79.3934090">
    <ele>108.6</ele>
    <time>2022-03-07T17:32:33Z</time>
   </trkpt>
   <trkpt lat="43.6641520" lon="-79.3933850">
    <ele>108.6</ele>
    <time>2022-03-07T17:32:34Z</time>
   </trkpt>
   <trkpt lat="43.6641270" lon="-79.3933710">
    <ele>108.6</ele>
    <time>2022-03-07T17:32:35Z</time>
   </trkpt>
   <trkpt lat="43.6640920" lon="-79.3933500">
    <ele>108.6</ele>
    <time>2022-03-07T17:32:36Z</time>
   </trkpt>
   <trkpt lat="43.6640590" lon="-79.3933250">
    <ele>108.5</ele>
    <time>2022-03-07T17:32:37Z</time>
   </trkpt>
   <trkpt lat="43.6640490" lon="-79.3933180">
    <ele>108.5</ele>
    <time>2022-03-07T17:32:38Z</time>
   </trkpt>
   <trkpt lat="43.6640230" lon="-79.3932990">
    <ele>108.5</ele>
    <time>2022-03-07T17:32:39Z</time>
   </trkpt>
   <trkpt lat="43.6639930" lon="-79.3932790">
    <ele>108.5</ele>
    <time>2022-03-07T17:32:40Z</time>
   </trkpt>
   <trkpt lat="43.6639630" lon="-79.3932670">
    <ele>108.5</ele>
    <time>2022-03-07T17:32:41Z</time>
   </trkpt>
   <trkpt lat="43.6639510" lon="-79.3932610">
    <ele>108.5</ele>
    <time>2022-03-07T17:32:42Z</time>
   </trkpt>
   <trkpt lat="43.6639200" lon="-79.3932530">
    <ele>108.5</ele>
    <time>2022-03-07T17:32:43Z</time>
   </trkpt>
   <trkpt lat="43.6638940" lon="-79.3932300">
    <ele>108.5</ele>
    <time>2022-03-07T17:32:44Z</time>
   </trkpt>
   <trkpt lat="43.6638670" lon="-79.3932130">
    <ele>108.5</ele>
    <time>2022-03-07T17:32:45Z</time>
   </trkpt>
   <trkpt lat="43.6638600" lon="-79.3932060">
    <ele>108.5</ele>
    <time>2022-03-07T17:32:46Z</time>
   </trkpt>
   <trkpt lat="43.6638300" lon="-79.3931910">
    <ele>108.5</ele>
    <time>2022-03-07T17:32:47Z</time>
   </trkpt>
   <trkpt lat="43.6637930" lon="-79.3931640">
    <ele>108.5</ele>
    <time>2022-03-07T17:32:48Z</time>
   </trkpt>
   <trkpt lat="43.6637790" lon="-79.3931530">
    <ele>108.5</ele>
    <time>2022-03-07T17:32:49Z</time>
   </trkpt>
   <trkpt lat="43.6637580" lon="-79.3931200">
    <ele>108.6</ele>
    <time>2022-03-07T17:32:50Z</time>
   </trkpt>
   <trkpt lat="43.6637530" lon="-79.3931090">
    <ele>108.6</ele>
    <time>2022-03-07T17:32:51Z</time>
   </trkpt>
   <trkpt lat="43.6637240" lon="-79.3930840">
    <ele>108.6</ele>
    <time>2022-03-07T17:32:52Z</time>
   </trkpt>
   <trkpt lat="43.6637120" lon="-79.3930750">
    <ele>108.6</ele>
    <time>2022-03-07T17:32:53Z</time>
   </trkpt>
   <trkpt lat="43.6636810" lon="-79.3930470">
    <ele>108.6</ele>
    <time>2022-03-07T17:32:54Z</time>
   </trkpt>
   <trkpt lat="43.6636720" lon="-79.3930410">
    <ele>108.6</ele>
    <time>2022-03-07T17:32:55Z</time>
   </trkpt>
   <trkpt lat="43.6636500" lon="-79.3930190">
    <ele>108.6</ele>
    <time>2022-03-07T17:32:56Z</time>
   </trkpt>
   <trkpt lat="43.6636410" lon="-79.3930090">
    <ele>108.6</ele>
    <time>2022-03-07T17:32:57Z</time>
   </trkpt>
   <trkpt lat="43.6636070" lon="-79.3929830">
    <ele>108.6</ele>
    <time>2022-03-07T17:32:58Z</time>
   </trkpt>
   <trkpt lat="43.6635960" lon="-79.3929730">
    <ele>108.6</ele>
    <time>2022-03-07T17:32:59Z</time>
   </trkpt>
   <trkpt lat="43.6635630" lon="-79.3929490">
    <ele>108.6</ele>
    <time>2022-03-07T17:33:00Z</time>
   </trkpt>
   <trkpt lat="43.6635530" lon="-79.3929380">
    <ele>108.6</ele>
    <time>2022-03-07T17:33:01Z</time>
   </trkpt>
   <trkpt lat="43.6635270" lon="-79.3929190">
    <ele>108.6</ele>
    <time>2022-03-07T17:33:02Z</time>
   </trkpt>
   <trkpt lat="43.6634960" lon="-79.3928890">
    <ele>108.6</ele>
    <time>2022-03-07T17:33:03Z</time>
   </trkpt>
   <trkpt lat="43.6634840" lon="-79.3928810">
    <ele>108.6</ele>
    <time>2022-03-07T17:33:04Z</time>
   </trkpt>
   <trkpt lat="43.6634560" lon="-79.3928430">
    <ele>108.5</ele>
    <time>2022-03-07T17:33:05Z</time>
   </trkpt>
   <trkpt lat="43.6634400" lon="-79.3928300">
    <ele>108.5</ele>
    <time>2022-03-07T17:33:06Z</time>
   </trkpt>
   <trkpt lat="43.6634170" lon="-79.3927880">
    <ele>108.5</ele>
    <time>2022-03-07T17:33:07Z</time>
   </trkpt>
   <trkpt lat="43.6634080" lon="-79.3927730">
    <ele>108.5</ele>
    <time>2022-03-07T17:33:08Z</time>
   </trkpt>
   <trkpt lat="43.6633940" lon="-79.3927410">
    <ele>108.5</ele>
    <time>2022-03-07T17:33:09Z</time>
   </trkpt>
   <trkpt lat="43.6633770" lon="-79.3927050">
    <ele>108.5</ele>
    <time>2022-03-07T17:33:10Z</time>
   </trkpt>
   <trkpt lat="43.6633550" lon="-79.3926740">
    <ele>108.5</ele>
    <time>2022-03-07T17:33:11Z</time>
   </trkpt>
   <trkpt lat="43.6633350" lon="-79.3926380">
    <ele>108.5</ele>
    <time>2022-03-07T17:33:12Z</time>
   </trkpt>
   <trkpt lat="43.6633180" lon="-79.3926020">
    <ele>108.4</ele>
    <time>2022-03-07T17:33:13Z</time>
   </trkpt>
   <trkpt lat="43.6633070" lon="-79.3925620">
    <ele>108.4</ele>
    <time>2022-03-07T17:33:14Z</time>
   </trkpt>
   <trkpt lat="43.6633070" lon="-79.3925170">
    <ele>108.4</ele>
    <time>2022-03-07T17:33:15Z</time>
   </trkpt>
   <trkpt lat="43.6633020" lon="-79.3924720">
    <ele>108.4</ele>
    <time>2022-03-07T17:33:16Z</time>
   </trkpt>
   <trkpt lat="43.6633030" lon="-79.3924210">
    <ele>108.4</ele>
    <time>2022-03-07T17:33:17Z</time>
   </trkpt>
   <trkpt lat="43.6633020" lon="-79.3924040">
    <ele>108.4</ele>
    <time>2022-03-07T17:33:18Z</time>
   </trkpt>
   <trkpt lat="43.6633050" lon="-79.3923570">
    <ele>108.4</ele>
    <time>2022-03-07T17:33:19Z</time>
   </trkpt>
   <trkpt lat="43.6633070" lon="-79.3923380">
    <ele>108.4</ele>
    <time>2022-03-07T17:33:20Z</time>
   </trkpt>
   <trkpt lat="43.6633200" lon="-79.3922920">
    <ele>108.4</ele>
    <time>2022-03-07T17:33:21Z</time>
   </trkpt>
   <trkpt lat="43.6633340" lon="-79.3922460">
    <ele>108.4</ele>
    <time>2022-03-07T17:33:22Z</time>
   </trkpt>
   <trkpt lat="43.6633440" lon="-79.3922050">
    <ele>108.4</ele>
    <time>2022-03-07T17:33:23Z</time>
   </trkpt>
   <trkpt lat="43.6633460" lon="-79.3921860">
    <ele>108.4</ele>
    <time>2022-03-07T17:33:24Z</time>
   </trkpt>
   <trkpt lat="43.6633500" lon="-79.3921610">
    <ele>108.4</ele>
    <time>2022-03-07T17:33:25Z</time>
   </trkpt>
   <trkpt lat="43.6633470" lon="-79.3921400">
    <ele>108.4</ele>
    <time>2022-03-07T17:33:26Z</time>
   </trkpt>
   <trkpt lat="43.6633510" lon="-79.3921170">
    <ele>108.4</ele>
    <time>2022-03-07T17:33:27Z</time>
   </trkpt>
   <trkpt lat="43.6633620" lon="-79.3920970">
    <ele>108.4</ele>
    <time>2022-03-07T17:33:28Z</time>
   </trkpt>
   <trkpt lat="43.6633680" lon="-79.3920740">
    <ele>108.3</ele>
    <time>2022-03-07T17:33:29Z</time>
   </trkpt>
   <trkpt lat="43.6633860" lon="-79.3920420">
    <ele>108.3</ele>
    <time>2022-03-07T17:33:30Z</time>
   </trkpt>
   <trkpt lat="43.6633910" lon="-79.3920290">
    <ele>108.3</ele>
    <time>2022-03-07T17:33:31Z</time>
   </trkpt>
   <trkpt lat="43.6634040" lon="-79.3919900">
    <ele>108.3</ele>
    <time>2022-03-07T17:33:32Z</time>
   </trkpt>
   <trkpt lat="43.6634100" lon="-79.3919460">
    <ele>108.3</ele>
    <time>2022-03-07T17:33:33Z</time>
   </trkpt>
   <trkpt lat="43.6634210" lon="-79.3919070">
    <ele>108.3</ele>
    <time>2022-03-07T17:33:34Z</time>
   </trkpt>
   <trkpt lat="43.6634230" lon="-79.3918640">
    <ele>108.3</ele>
    <time>2022-03-07T17:33:35Z</time>
   </trkpt>
   <trkpt lat="43.6634280" lon="-79.3918140">
    <ele>108.2</ele>
    <time>2022-03-07T17:33:36Z</time>
   </trkpt>
   <trkpt lat="43.6634300" lon="-79.3917950">
    <ele>108.2</ele>
    <time>2022-03-07T17:33:37Z</time>
   </trkpt>
   <trkpt lat="43.6634350" lon="-79.3917480">
    <ele>108.2</ele>
    <time>2022-03-07T17:33:38Z</time>
   </trkpt>
   <trkpt lat="43.6634380" lon="-79.3917320">
    <ele>108.2</ele>
    <time>2022-03-07T17:33:39Z</time>
   </trkpt>
   <trkpt lat="43.6634570" lon="-79.3916950">
    <ele>108.2</ele>
    <time>2022-03-07T17:33:40Z</time>
   </trkpt>
   <trkpt lat="43.6634740" lon="-79.3916570">
    <ele>108.2</ele>
    <time>2022-03-07T17:33:41Z</time>
   </trkpt>
   <trkpt lat="43.6634810" lon="-79.3916170">
    <ele>108.1</ele>
    <time>2022-03-07T17:33:42Z</time>
   </trkpt>
   <trkpt lat="43.6634820" lon="-79.3916030">
    <ele>108.1</ele>
    <time>2022-03-07T17:33:43Z</time>
   </trkpt>
   <trkpt lat="43.6634870" lon="-79.3915530">
    <ele>108.1</ele>
    <time>2022-03-07T17:33:44Z</time>
   </trkpt>
   <trkpt lat="43.6634860" lon="-79.3915390">
    <ele>108.1</ele>
    <time>2022-03-07T17:33:45Z</time>
   </trkpt>
   <trkpt lat="43.6634980" lon="-79.3914990">
    <ele>108.1</ele>
    <time>2022-03-07T17:33:46Z</time>
   </trkpt>
   <trkpt lat="43.6635030" lon="-79.3914880">
    <ele>108.1</ele>
    <time>2022-03-07T17:33:47Z</time>
   </trkpt>
   <trkpt lat="43.6635210" lon="-79.3914580">
    <ele>108.0</ele>
    <time>2022-03-07T17:33:48Z</time>
   </trkpt>
   <trkpt lat="43.6635470" lon="-79.3914170">
    <ele>108.0</ele>
    <time>2022-03-07T17:33:49Z</time>
   </trkpt>
   <trkpt lat="43.6635540" lon="-79.3914000">
    <ele>108.0</ele>
    <time>2022-03-07T17:33:50Z</time>
   </trkpt>
   <trkpt lat="43.6635760" lon="-79.3913590">
    <ele>108.0</ele>
    <time>2022-03-07T17:33:51Z</time>
   </trkpt>
   <trkpt lat="43.6635840" lon="-79.3913470">
    <ele>108.0</ele>
    <time>2022-03-07T17:33:52Z</time>
   </trkpt>
   <trkpt lat="43.6635950" lon="-79.3913110">
    <ele>107.9</ele>
    <time>2022-03-07T17:33:53Z</time>
   </trkpt>
   <trkpt lat="43.6636090" lon="-79.3912770">
    <ele>107.9</ele>
    <time>2022-03-07T17:33:54Z</time>
   </trkpt>
   <trkpt lat="43.6636240" lon="-79.3912450">
    <ele>107.9</ele>
    <time>2022-03-07T17:33:55Z</time>
   </trkpt>
   <trkpt lat="43.6636470" lon="-79.3912010">
    <ele>107.9</ele>
    <time>2022-03-07T17:33:56Z</time>
   </trkpt>
   <trkpt lat="43.6636560" lon="-79.3911820">
    <ele>107.9</ele>
    <time>2022-03-07T17:33:57Z</time>
   </trkpt>
   <trkpt lat="43.6636730" lon="-79.3911490">
    <ele>107.8</ele>
    <time>2022-03-07T17:33:58Z</time>
   </trkpt>
   <trkpt lat="43.6636960" lon="-79.3911110">
    <ele>107.8</ele>
    <time>2022-03-07T17:33:59Z</time>
   </trkpt>
   <trkpt lat="43.6637050" lon="-79.3911030">
    <ele>107.8</ele>
    <time>2022-03-07T17:34:00Z</time>
   </trkpt>
   <trkpt lat="43.6637320" lon="-79.3910770">
    <ele>107.8</ele>
    <time>2022-03-07T17:34:01Z</time>
   </trkpt>
   <trkpt lat="43.6637430" lon="-79.3910660">
    <ele>107.8</ele>
    <time>2022-03-07T17:34:02Z</time>
   </trkpt>
   <trkpt lat="43.6637680" lon="-79.3910390">
    <ele>107.8</ele>
    <time>2022-03-07T17:34:03Z</time>
   </trkpt>
   <trkpt lat="43.6637770" lon="-79.3910290">
    <ele>107.8</ele>
    <time>2022-03-07T17:34:04Z</time>
   </trkpt>
   <trkpt lat="43.6638080" lon="-79.3909960">
    <ele>107.8</ele>
    <time>2022-03-07T17:34:05Z</time>
   </trkpt>
   <trkpt lat="43.6638180" lon="-79.3909800">
    <ele>107.8</ele>
    <time>2022-03-07T17:34:06Z</time>
   </trkpt>
   <trkpt lat="43.6638470" lon="-79.3909640">
    <ele>107.8</ele>
    <time>2022-03-07T17:34:07Z</time>
   </trkpt>
   <trkpt lat="43.6638560" lon="-79.3909560">
    <ele>107.8</ele>
    <time>2022-03-07T17:34:08Z</time>
   </trkpt>
   <trkpt lat="43.6638800" lon="-79.3909360">
    <ele>107.8</ele>
    <time>2022-03-07T17:34:09Z</time>
   </trkpt>
   <trkpt lat="43.6638880" lon="-79.3909290">
    <ele>107.8</ele>
    <time>2022-03-07T17:34:10Z</time>
   </trkpt>
   <trkpt lat="43.6639060" lon="-79.3909260">
    <ele>107.8</ele>
    <time>2022-03-07T17:34:11Z</time>
   </trkpt>
   <trkpt lat="43.6639210" lon="-79.3909190">
    <ele>107.9</ele>
    <time>2022-03-07T17:34:12Z</time>
   </trkpt>
   <trkpt lat="43.6639480" lon="-79.3909100">
    <ele>107.9</ele>
    <time>2022-03-07T17:34:13Z</time>
   </trkpt>
   <trkpt lat="43.6639570" lon="-79.3909120">
    <ele>107.9</ele>
    <time>2022-03-07T17:34:14Z</time>
   </trkpt>
   <trkpt lat="43.6639850" lon="-79.3909160">
    <ele>107.9</ele>
    <time>2022-03-07T17:34:15Z</time>
   </trkpt>
   <trkpt lat="43.6639960" lon="-79.3909150">
    <ele>107.9</ele>
    <time>2022-03-07T17:34:16Z</time>
   </trkpt>
   <trkpt lat="43.6640240" lon="-79.3909170">
    <ele>107.9</ele>
    <time>2022-03-07T17:34:17Z</time>
   </trkpt>
   <trkpt lat="43.6640560" lon="-79.3909360">
    <ele>108.0</ele>
    <time>2022-03-07T17:34:18Z</time>
   </trkpt>
   <trkpt lat="43.6640960" lon="-79.3909640">
    <ele>108.0</ele>
    <time>2022-03-07T17:34:19Z</time>
   </trkpt>
   <trkpt lat="43.6641110" lon="-79.3909770">
    <ele>108.0</ele>
    <time>2022-03-07T17:34:20Z</time>
   </trkpt>
   <trkpt lat="43.6641450" lon="-79.3910020">
    <ele>108.1</ele>
    <time>2022-03-07T17:34:21Z</time>
   </trkpt>
   <trkpt lat="43.6641570" lon="-79.3910090">
    <ele>108.1</ele>
    <time>2022-03-07T17:34:22Z</time>
   </trkpt>
   <trkpt lat="43.6641870" lon="-79.3910250">
    <ele>108.2</ele>
    <time>2022-03-07T17:34:23Z</time>
   </trkpt>
   <trkpt lat="43.6642180" lon="-79.3910440">
    <ele>108.3</ele>
    <time>2022-03-07T17:34:24Z</time>
   </trkpt>
   <trkpt lat="43.6642270" lon="-79.3910490">
    <ele>108.3</ele>
    <time>2022-03-07T17:34:25Z</time>
   </trkpt>
   <trkpt lat="43.6642610" lon="-79.3910650">
    <ele>108.3</ele>
    <time>2022-03-07T17:34:26Z</time>
   </trkpt>
   <trkpt lat="43.6642720" lon="-79.3910690">
    <ele>108.3</ele>
    <time>2022-03-07T17:34:27Z</time>
   </trkpt>
   <trkpt lat="43.6643070" lon="-79.3910800">
    <ele>108.4</ele>
    <time>2022-03-07T17:34:28Z</time>
   </trkpt>
   <trkpt lat="43.6643190" lon="-79.3910840">
    <ele>108.4</ele>
    <time>2022-03-07T17:34:29Z</time>
   </trkpt>
   <trkpt lat="43.6643460" lon="-79.3910960">
    <ele>108.4</ele>
    <time>2022-03-07T17:34:30Z</time>
   </trkpt>
   <trkpt lat="43.6643590" lon="-79.3911020">
    <ele>108.4</ele>
    <time>2022-03-07T17:34:31Z</time>
   </trkpt>
   <trkpt lat="43.6643870" lon="-79.3911070">
    <ele>108.5</ele>
    <time>2022-03-07T17:34:32Z</time>
   </trkpt>
   <trkpt lat="43.6644190" lon="-79.3911150">
    <ele>108.5</ele>
    <time>2022-03-07T17:34:33Z</time>
   </trkpt>
   <trkpt lat="43.6644480" lon="-79.3911190">
    <ele>108.5</ele>
    <time>2022-03-07T17:34:34Z</time>
   </trkpt>
   <trkpt lat="43.6644570" lon="-79.3911160">
    <ele>108.5</ele>
    <time>2022-03-07T17:34:35Z</time>
   </trkpt>
   <trkpt lat="43.6644900" lon="-79.3911350">
    <ele>108.5</ele>
    <time>2022-03-07T17:34:36Z</time>
   </trkpt>
   <trkpt lat="43.6645040" lon="-79.3911460">
    <ele>108.5</ele>
    <time>2022-03-07T17:34:37Z</time>
   </trkpt>
   <trkpt lat="43.6645390" lon="-79.3911770">
    <ele>108.5</ele>
    <time>2022-03-07T17:34:38Z</time>
   </trkpt>
   <trkpt lat="43.6645690" lon="-79.3911860">
    <ele>108.5</ele>
    <time>2022-03-07T17:34:39Z</time>
   </trkpt>
   <trkpt lat="43.6646040" lon="-79.3912000">
    <ele>108.6</ele>
    <time>2022-03-07T17:34:40Z</time>
   </trkpt>
   <trkpt lat="43.6646320" lon="-79.3912180">
    <ele>108.6</ele>
    <time>2022-03-07T17:34:41Z</time>
   </trkpt>
   <trkpt lat="43.6646420" lon="-79.3912210">
    <ele>108.6</ele>
    <time>2022-03-07T17:34:42Z</time>
   </trkpt>
   <trkpt lat="43.6646780" lon="-79.3912380">
    <ele>108.6</ele>
    <time>2022-03-07T17:34:43Z</time>
   </trkpt>
   <trkpt lat="43.6646890" lon="-79.3912400">
    <ele>108.6</ele>
    <time>2022-03-07T17:34:44Z</time>
   </trkpt>
   <trkpt lat="43.6647230" lon="-79.3912450">
    <ele>108.7</ele>
    <time>2022-03-07T17:34:45Z</time>
   </trkpt>
   <trkpt lat="43.6647330" lon="-79.3912450">
    <ele>108.7</ele>
    <time>2022-03-07T17:34:46Z</time>
   </trkpt>
   <trkpt lat="43.6647690" lon="-79.3912530">
    <ele>108.7</ele>
    <time>2022-03-07T17:34:47Z</time>
   </trkpt>
   <trkpt lat="43.6647810" lon="-79.3912550">
    <ele>108.7</ele>
    <time>2022-03-07T17:34:48Z</time>
   </trkpt>
   <trkpt lat="43.6648130" lon="-79.3912740">
    <ele>108.8</ele>
    <time>2022-03-07T17:34:49Z</time>
   </trkpt>
   <trkpt lat="43.6648480" lon="-79.3912950">
    <ele>108.8</ele>
    <time>2022-03-07T17:34:50Z</time>
   </trkpt>
   <trkpt lat="43.6648590" lon="-79.3913060">
    <ele>108.8</ele>
    <time>2022-03-07T17:34:51Z</time>
   </trkpt>
   <trkpt lat="43.6648920" lon="-79.3913170">
    <ele>108.8</ele>
    <time>2022-03-07T17:34:52Z</time>
   </trkpt>
   <trkpt lat="43.6649010" lon="-79.3913210">
    <ele>108.8</ele>
    <time>2022-03-07T17:34:53Z</time>
   </trkpt>
   <trkpt lat="43.6649320" lon="-79.3913420">
    <ele>108.9</ele>
    <time>2022-03-07T17:34:54Z</time>
   </trkpt>
   <trkpt lat="43.6649430" lon="-79.3913470">
    <ele>108.9</ele>
    <time>2022-03-07T17:34:55Z</time>
   </trkpt>
   <trkpt lat="43.6649750" lon="-79.3913560">
    <ele>108.9</ele>
    <time>2022-03-07T17:34:56Z</time>
   </trkpt>
   <trkpt lat="43.6649830" lon="-79.3913600">
    <ele>108.9</ele>
    <time>2022-03-07T17:34:57Z</time>
   </trkpt>
   <trkpt lat="43.6650100" lon="-79.3913670">
    <ele>108.9</ele>
    <time>2022-03-07T17:34:58Z</time>
   </trkpt>
   <trkpt lat="43.6650210" lon="-79.3913690">
    <ele>108.9</ele>
    <time>2022-03-07T17:34:59Z</time>
   </trkpt>
   <trkpt lat="43.6650490" lon="-79.3913730">
    <ele>109.0</ele>
    <time>2022-03-07T17:35:00Z</time>
   </trkpt>
   <trkpt lat="43.6650810" lon="-79.3913730">
    <ele>109.0</ele>
    <time>2022-03-07T17:35:01Z</time>
   </trkpt>
   <trkpt lat="43.6650910" lon="-79.3913750">
    <ele>109.0</ele>
    <time>2022-03-07T17:35:02Z</time>
   </trkpt>
   <trkpt lat="43.6651280" lon="-79.3914020">
    <ele>109.1</ele>
    <time>2022-03-07T17:35:03Z</time>
   </trkpt>
   <trkpt lat="43.6651440" lon="-79.3914120">
    <ele>109.1</ele>
    <time>2022-03-07T17:35:04Z</time>
   </trkpt>
   <trkpt lat="43.6651780" lon="-79.3914270">
    <ele>109.1</ele>
    <time>2022-03-07T17:35:05Z</time>
   </trkpt>
   <trkpt lat="43.6651900" lon="-79.3914340">
    <ele>109.2</ele>
    <time>2022-03-07T17:35:06Z</time>
   </trkpt>
   <trkpt lat="43.6652260" lon="-79.3914450">
    <ele>109.2</ele>
    <time>2022-03-07T17:35:07Z</time>
   </trkpt>
   <trkpt lat="43.6652370" lon="-79.3914470">
    <ele>109.2</ele>
    <time>2022-03-07T17:35:08Z</time>
   </trkpt>
   <trkpt lat="43.6652460" lon="-79.3914490">
    <ele>109.3</ele>
    <time>2022-03-07T17:35:09Z</time>
   </trkpt>
   <trkpt lat="43.6652680" lon="-79.3914600">
    <ele>109.3</ele>
    <time>2022-03-07T17:35:10Z</time>
   </trkpt>
   <trkpt lat="43.6652990" lon="-79.3914770">
    <ele>109.4</ele>
    <time>2022-03-07T17:35:11Z</time>
   </trkpt>
   <trkpt lat="43.6653110" lon="-79.3914820">
    <ele>109.4</ele>
    <time>2022-03-07T17:35:12Z</time>
   </trkpt>
   <trkpt lat="43.6653350" lon="-79.3915040">
    <ele>109.5</ele>
    <time>2022-03-07T17:35:13Z</time>
   </trkpt>
   <trkpt lat="43.6653420" lon="-79.3915110">
    <ele>109.5</ele>
    <time>2022-03-07T17:35:14Z</time>
   </trkpt>
   <trkpt lat="43.6653830" lon="-79.3915330">
    <ele>109.6</ele>
    <time>2022-03-07T17:35:15Z</time>
   </trkpt>
   <trkpt lat="43.6654060" lon="-79.3915430">
    <ele>109.6</ele>
    <time>2022-03-07T17:35:16Z</time>
   </trkpt>
   <trkpt lat="43.6654330" lon="-79.3915510">
    <ele>109.7</ele>
    <time>2022-03-07T17:35:17Z</time>
   </trkpt>
   <trkpt lat="43.6654610" lon="-79.3915630">
    <ele>109.7</ele>
    <time>2022-03-07T17:35:18Z</time>
   </trkpt>
   <trkpt lat="43.6654680" lon="-79.3915680">
    <ele>109.7</ele>
    <time>2022-03-07T17:35:19Z</time>
   </trkpt>
   <trkpt lat="43.6654810" lon="-79.3915800">
    <ele>109.8</ele>
    <time>2022-03-07T17:35:20Z</time>
   </trkpt>
   <trkpt lat="43.6655030" lon="-79.3915800">
    <ele>109.8</ele>
    <time>2022-03-07T17:35:21Z</time>
   </trkpt>
   <trkpt lat="43.6655180" lon="-79.3915940">
    <ele>109.8</ele>
    <time>2022-03-07T17:35:22Z</time>
   </trkpt>
   <trkpt lat="43.6655300" lon="-79.3916060">
    <ele>109.9</ele>
    <time>2022-03-07T17:35:23Z</time>
   </trkpt>
   <trkpt lat="43.6655600" lon="-79.3916360">
    <ele>109.9</ele>
    <time>2022-03-07T17:35:24Z</time>
   </trkpt>
   <trkpt lat="43.6655680" lon="-79.3916470">
    <ele>110.0</ele>
    <time>2022-03-07T17:35:25Z</time>
   </trkpt>
   <trkpt lat="43.6655940" lon="-79.3916640">
    <ele>110.0</ele>
    <time>2022-03-07T17:35:26Z</time>
   </trkpt>
   <trkpt lat="43.6656300" lon="-79.3916800">
    <ele>110.1</ele>
    <time>2022-03-07T17:35:27Z</time>
   </trkpt>
   <trkpt lat="43.6656400" lon="-79.3916860">
    <ele>110.1</ele>
    <time>2022-03-07T17:35:28Z</time>
   </trkpt>
   <trkpt lat="43.6656660" lon="-79.3917100">
    <ele>110.2</ele>
    <time>2022-03-07T17:35:29Z</time>
   </trkpt>
   <trkpt lat="43.6656740" lon="-79.3917200">
    <ele>110.2</ele>
    <time>2022-03-07T17:35:30Z</time>
   </trkpt>
   <trkpt lat="43.6657060" lon="-79.3917470">
    <ele>110.2</ele>
    <time>2022-03-07T17:35:31Z</time>
   </trkpt>
   <trkpt lat="43.6657270" lon="-79.3917820">
    <ele>110.3</ele>
    <time>2022-03-07T17:35:32Z</time>
   </trkpt>
   <trkpt lat="43.6657350" lon="-79.3917960">
    <ele>110.3</ele>
    <time>2022-03-07T17:35:33Z</time>
   </trkpt>
   <trkpt lat="43.6657550" lon="-79.3918350">
    <ele>110.3</ele>
    <time>2022-03-07T17:35:34Z</time>
   </trkpt>
   <trkpt lat="43.6657620" lon="-79.3918480">
    <ele>110.3</ele>
    <time>2022-03-07T17:35:35Z</time>
   </trkpt>
   <trkpt lat="43.6657750" lon="-79.3918820">
    <ele>110.4</ele>
    <time>2022-03-07T17:35:36Z</time>
   </trkpt>
   <trkpt lat="43.6657770" lon="-79.3918930">
    <ele>110.4</ele>
    <time>2022-03-07T17:35:37Z</time>
   </trkpt>
   <trkpt lat="43.6658020" lon="-79.3919320">
    <ele>110.4</ele>
    <time>2022-03-07T17:35:38Z</time>
   </trkpt>
   <trkpt lat="43.6658070" lon="-79.3919440">
    <ele>110.4</ele>
    <time>2022-03-07T17:35:39Z</time>
   </trkpt>
   <trkpt lat="43.6658280" lon="-79.3919830">
    <ele>110.5</ele>
    <time>2022-03-07T17:35:40Z</time>
   </trkpt>
   <trkpt lat="43.6658370" lon="-79.3919880">
    <ele>110.5</ele>
    <time>2022-03-07T17:35:41Z</time>
   </trkpt>
   <trkpt lat="43.6658500" lon="-79.3920010">
    <ele>110.5</ele>
    <time>2022-03-07T17:35:42Z</time>
   </trkpt>
   <trkpt lat="43.6658540" lon="-79.3920250">
    <ele>110.5</ele>
    <time>2022-03-07T17:35:43Z</time>
   </trkpt>
   <trkpt lat="43.6658750" lon="-79.3920690">
    <ele>110.6</ele>
    <time>2022-03-07T17:35:44Z</time>
   </trkpt>
   <trkpt lat="43.6658820" lon="-79.3920820">
    <ele>110.6</ele>
    <time>2022-03-07T17:35:45Z</time>
   </trkpt>
   <trkpt lat="43.6659010" lon="-79.3921230">
    <ele>110.7</ele>
    <time>2022-03-07T17:35:46Z</time>
   </trkpt>
   <trkpt lat="43.6659050" lon="-79.3921360">
    <ele>110.7</ele>
    <time>2022-03-07T17:35:47Z</time>
   </trkpt>
   <trkpt lat="43.6659170" lon="-79.3921840">
    <ele>110.7</ele>
    <time>2022-03-07T17:35:48Z</time>
   </trkpt>
   <trkpt lat="43.6659230" lon="-79.3922030">
    <ele>110.8</ele>
    <time>2022-03-07T17:35:49Z</time>
   </trkpt>
   <trkpt lat="43.6659440" lon="-79.3922470">
    <ele>110.8</ele>
    <time>2022-03-07T17:35:50Z</time>
   </trkpt>
   <trkpt lat="43.6659500" lon="-79.3922610">
    <ele>110.8</ele>
    <time>2022-03-07T17:35:51Z</time>
   </trkpt>
   <trkpt lat="43.6659660" lon="-79.3923040">
    <ele>110.9</ele>
    <time>2022-03-07T17:35:52Z</time>
   </trkpt>
   <trkpt lat="43.6659690" lon="-79.3923190">
    <ele>110.9</ele>
    <time>2022-03-07T17:35:53Z</time>
   </trkpt>
   <trkpt lat="43.6659760" lon="-79.3923550">
    <ele>110.9</ele>
    <time>2022-03-07T17:35:54Z</time>
   </trkpt>
   <trkpt lat="43.6659790" lon="-79.3923680">
    <ele>110.9</ele>
    <time>2022-03-07T17:35:55Z</time>
   </trkpt>
   <trkpt lat="43.6659870" lon="-79.3924110">
    <ele>110.9</ele>
    <time>2022-03-07T17:35:56Z</time>
   </trkpt>
   <trkpt lat="43.6659880" lon="-79.3924240">
    <ele>111.0</ele>
    <time>2022-03-07T17:35:57Z</time>
   </trkpt>
   <trkpt lat="43.6660030" lon="-79.3924680">
    <ele>111.0</ele>
    <time>2022-03-07T17:35:58Z</time>
   </trkpt>
   <trkpt lat="43.6660070" lon="-79.3924850">
    <ele>111.0</ele>
    <time>2022-03-07T17:35:59Z</time>
   </trkpt>
   <trkpt lat="43.6660060" lon="-79.3925250">
    <ele>111.0</ele>
    <time>2022-03-07T17:36:00Z</time>
   </trkpt>
   <trkpt lat="43.6660060" lon="-79.3925790">
    <ele>111.0</ele>
    <time>2022-03-07T17:36:01Z</time>
   </trkpt>
   <trkpt lat="43.6660060" lon="-79.3925980">
    <ele>111.1</ele>
    <time>2022-03-07T17:36:02Z</time>
   </trkpt>
   <trkpt lat="43.6660000" lon="-79.3926440">
    <ele>111.1</ele>
    <time>2022-03-07T17:36:03Z</time>
   </trkpt>
   <trkpt lat="43.6660000" lon="-79.3926900">
    <ele>111.1</ele>
    <time>2022-03-07T17:36:04Z</time>
   </trkpt>
   <trkpt lat="43.6659960" lon="-79.3927410">
    <ele>111.1</ele>
    <time>2022-03-07T17:36:05Z</time>
   </trkpt>
   <trkpt lat="43.6659930" lon="-79.3927580">
    <ele>111.1</ele>
    <time>2022-03-07T17:36:06Z</time>
   </trkpt>
   <trkpt lat="43.6659890" lon="-79.3928010">
    <ele>111.1</ele>
    <time>2022-03-07T17:36:07Z</time>
   </trkpt>
   <trkpt lat="43.6659870" lon="-79.3928140">
    <ele>111.1</ele>
    <time>2022-03-07T17:36:08Z</time>
   </trkpt>
   <trkpt lat="43.6659650" lon="-79.3928730">
    <ele>111.2</ele>
    <time>2022-03-07T17:36:09Z</time>
   </trkpt>
   <trkpt lat="43.6659520" lon="-79.3929020">
    <ele>111.2</ele>
    <time>2022-03-07T17:36:10Z</time>
   </trkpt>
   <trkpt lat="43.6659350" lon="-79.3929400">
    <ele>111.2</ele>
    <time>2022-03-07T17:36:11Z</time>
   </trkpt>
   <trkpt lat="43.6659210" lon="-79.3929890">
    <ele>111.2</ele>
    <time>2022-03-07T17:36:12Z</time>
   </trkpt>
   <trkpt lat="43.6659150" lon="-79.3930070">
    <ele>111.2</ele>
    <time>2022-03-07T17:36:13Z</time>
   </trkpt>
   <trkpt lat="43.6659090" lon="-79.3930460">
    <ele>111.2</ele>
    <time>2022-03-07T17:36:14Z</time>
   </trkpt>
   <trkpt lat="43.6659000" lon="-79.3930910">
    <ele>111.2</ele>
    <time>2022-03-07T17:36:15Z</time>
   </trkpt>
   <trkpt lat="43.6658940" lon="-79.3931460">
    <ele>111.1</ele>
    <time>2022-03-07T17:36:16Z</time>
   </trkpt>
   <trkpt lat="43.6658920" lon="-79.3931670">
    <ele>111.1</ele>
    <time>2022-03-07T17:36:17Z</time>
   </trkpt>
   <trkpt lat="43.6658800" lon="-79.3932050">
    <ele>111.0</ele>
    <time>2022-03-07T17:36:18Z</time>
   </trkpt>
   <trkpt lat="43.6658660" lon="-79.3932360">
    <ele>111.0</ele>
    <time>2022-03-07T17:36:19Z</time>
   </trkpt>
   <trkpt lat="43.6658440" lon="-79.3932720">
    <ele>111.0</ele>
    <time>2022-03-07T17:36:20Z</time>
   </trkpt>
   <trkpt lat="43.6658370" lon="-79.3932820">
    <ele>110.9</ele>
    <time>2022-03-07T17:36:21Z</time>
   </trkpt>
   <trkpt lat="43.6658120" lon="-79.3933210">
    <ele>110.9</ele>
    <time>2022-03-07T17:36:22Z</time>
   </trkpt>
   <trkpt lat="43.6658040" lon="-79.3933360">
    <ele>110.9</ele>
    <time>2022-03-07T17:36:23Z</time>
   </trkpt>
   <trkpt lat="43.6657800" lon="-79.3933750">
    <ele>110.8</ele>
    <time>2022-03-07T17:36:24Z</time>
   </trkpt>
   <trkpt lat="43.6657710" lon="-79.3933860">
    <ele>110.8</ele>
    <time>2022-03-07T17:36:25Z</time>
   </trkpt>
   <trkpt lat="43.6657450" lon="-79.3934140">
    <ele>110.8</ele>
    <time>2022-03-07T17:36:26Z</time>
   </trkpt>
   <trkpt lat="43.6657250" lon="-79.3934450">
    <ele>110.7</ele>
    <time>2022-03-07T17:36:27Z</time>
   </trkpt>
   <trkpt lat="43.6657050" lon="-79.3934810">
    <ele>110.7</ele>
    <time>2022-03-07T17:36:28Z</time>
   </trkpt>
   <trkpt lat="43.6656980" lon="-79.3934920">
    <ele>110.7</ele>
    <time>2022-03-07T17:36:29Z</time>
   </trkpt>
   <trkpt lat="43.6656820" lon="-79.3935240">
    <ele>110.6</ele>
    <time>2022-03-07T17:36:30Z</time>
   </trkpt>
   <trkpt lat="43.6656620" lon="-79.3935550">
    <ele>110.6</ele>
    <time>2022-03-07T17:36:31Z</time>
   </trkpt>
   <trkpt lat="43.6656400" lon="-79.3935820">
    <ele>110.6</ele>
    <time>2022-03-07T17:36:32Z</time>
   </trkpt>
   <trkpt lat="43.6656120" lon="-79.3936020">
    <ele>110.5</ele>
    <time>2022-03-07T17:36:33Z</time>
   </trkpt>
   <trkpt lat="43.6655860" lon="-79.3936420">
    <ele>110.5</ele>
    <time>2022-03-07T17:36:34Z</time>
   </trkpt>
   <trkpt lat="43.6655690" lon="-79.3936820">
    <ele>110.4</ele>
    <time>2022-03-07T17:36:35Z</time>
   </trkpt>
   <trkpt lat="43.6655440" lon="-79.3937100">
    <ele>110.4</ele>
    <time>2022-03-07T17:36:36Z</time>
   </trkpt>
   <trkpt lat="43.6655350" lon="-79.3937190">
    <ele>110.4</ele>
    <time>2022-03-07T17:36:37Z</time>
   </trkpt>
   <trkpt lat="43.6655080" lon="-79.3937440">
    <ele>110.3</ele>
    <time>2022-03-07T17:36:38Z</time>
   </trkpt>
   <trkpt lat="43.6654990" lon="-79.3937560">
    <ele>110.3</ele>
    <time>2022-03-07T17:36:39Z</time>
   </trkpt>
   <trkpt lat="43.6654760" lon="-79.3937770">
    <ele>110.2</ele>
    <time>2022-03-07T17:36:40Z</time>
   </trkpt>
   <trkpt lat="43.6654500" lon="-79.3937950">
    <ele>110.1</ele>
    <time>2022-03-07T17:36:41Z</time>
   </trkpt>
   <trkpt lat="43.6654230" lon="-79.3938200">
    <ele>110.0</ele>
    <time>2022-03-07T17:36:42Z</time>
   </trkpt>
   <trkpt lat="43.6653920" lon="-79.3938240">
    <ele>109.9</ele>
    <time>2022-03-07T17:36:43Z</time>
   </trkpt>
   <trkpt lat="43.6653660" lon="-79.3938060">
    <ele>109.8</ele>
    <time>2022-03-07T17:36:44Z</time>
   </trkpt>
   <trkpt lat="43.6653360" lon="-79.3937840">
    <ele>109.6</ele>
    <time>2022-03-07T17:36:45Z</time>
   </trkpt>
   <trkpt lat="43.6653040" lon="-79.3937850">
    <ele>109.5</ele>
    <time>2022-03-07T17:36:46Z</time>
   </trkpt>
   <trkpt lat="43.6652920" lon="-79.3937830">
    <ele>109.4</ele>
    <time>2022-03-07T17:36:47Z</time>
   </trkpt>
   <trkpt lat="43.6652580" lon="-79.3937910">
    <ele>109.3</ele>
    <time>2022-03-07T17:36:48Z</time>
   </trkpt>
   <trkpt lat="43.6652480" lon="-79.3937940">
    <ele>109.2</ele>
    <time>2022-03-07T17:36:49Z</time>
   </trkpt>
   <trkpt lat="43.6652120" lon="-79.3937990">
    <ele>109.1</ele>
    <time>2022-03-07T17:36:50Z</time>
   </trkpt>
   <trkpt lat="43.6651980" lon="-79.3938020">
    <ele>109.0</ele>
    <time>2022-03-07T17:36:51Z</time>
   </trkpt>
   <trkpt lat="43.6651600" lon="-79.3938150">
    <ele>108.9</ele>
    <time>2022-03-07T17:36:52Z</time>
   </trkpt>
   <trkpt lat="43.6651480" lon="-79.3938170">
    <ele>108.8</ele>
    <time>2022-03-07T17:36:53Z</time>
   </trkpt>
   <trkpt lat="43.6651080" lon="-79.3938300">
    <ele>108.7</ele>
    <time>2022-03-07T17:36:54Z</time>
   </trkpt>
   <trkpt lat="43.6650790" lon="-79.3938300">
    <ele>108.7</ele>
    <time>2022-03-07T17:36:55Z</time>
   </trkpt>
   <trkpt lat="43.6650510" lon="-79.3938050">
    <ele>108.7</ele>
    <time>2022-03-07T17:36:56Z</time>
   </trkpt>
   <trkpt lat="43.6650390" lon="-79.3937990">
    <ele>108.7</ele>
    <time>2022-03-07T17:36:57Z</time>
   </trkpt>
   <trkpt lat="43.6650200" lon="-79.3937690">
    <ele>108.7</ele>
    <time>2022-03-07T17:36:58Z</time>
   </trkpt>
   <trkpt lat="43.6650010" lon="-79.3937340">
    <ele>108.7</ele>
    <time>2022-03-07T17:36:59Z</time>
   </trkpt>
   <trkpt lat="43.6649740" lon="-79.3937030">
    <ele>108.6</ele>
    <time>2022-03-07T17:37:00Z</time>
   </trkpt>
   <trkpt lat="43.6649670" lon="-79.3936950">
    <ele>108.6</ele>
    <time>2022-03-07T17:37:01Z</time>
   </trkpt>
   <trkpt lat="43.6649470" lon="-79.3936560">
    <ele>108.6</ele>
    <time>2022-03-07T17:37:02Z</time>
   </trkpt>
   <trkpt lat="43.6649410" lon="-79.3936410">
    <ele>108.6</ele>
    <time>2022-03-07T17:37:03Z</time>
   </trkpt>
   <trkpt lat="43.6649130" lon="-79.3935980">
    <ele>108.7</ele>
    <time>2022-03-07T17:37:04Z</time>
   </trkpt>
   <trkpt lat="43.6649040" lon="-79.3935810">
    <ele>108.7</ele>
    <time>2022-03-07T17:37:05Z</time>
   </trkpt>
   <trkpt lat="43.6648790" lon="-79.3935420">
    <ele>108.7</ele>
    <time>2022-03-07T17:37:06Z</time>
   </trkpt>
   <trkpt lat="43.6648710" lon="-79.3935300">
    <ele>108.8</ele>
    <time>2022-03-07T17:37:07Z</time>
   </trkpt>
   <trkpt lat="43.6648600" lon="-79.3934910">
    <ele>108.8</ele>
    <time>2022-03-07T17:37:08Z</time>
   </trkpt>
   <trkpt lat="43.6648560" lon="-79.3934770">
    <ele>108.8</ele>
    <time>2022-03-07T17:37:09Z</time>
   </trkpt>
   <trkpt lat="43.6648410" lon="-79.3934360">
    <ele>108.8</ele>
    <time>2022-03-07T17:37:11Z</time>
   </trkpt>
   <trkpt lat="43.6648360" lon="-79.3934230">
    <ele>108.8</ele>
    <time>2022-03-07T17:37:12Z</time>
   </trkpt>
   <trkpt lat="43.6648130" lon="-79.3933870">
    <ele>108.9</ele>
    <time>2022-03-07T17:37:13Z</time>
   </trkpt>
   <trkpt lat="43.6648040" lon="-79.3933730">
    <ele>108.9</ele>
    <time>2022-03-07T17:37:14Z</time>
   </trkpt>
   <trkpt lat="43.6647910" lon="-79.3933390">
    <ele>108.9</ele>
    <time>2022-03-07T17:37:15Z</time>
   </trkpt>
   <trkpt lat="43.6647810" lon="-79.3932990">
    <ele>108.9</ele>
    <time>2022-03-07T17:37:16Z</time>
   </trkpt>
   <trkpt lat="43.6647780" lon="-79.3932870">
    <ele>108.9</ele>
    <time>2022-03-07T17:37:17Z</time>
   </trkpt>
   <trkpt lat="43.6647670" lon="-79.3932370">
    <ele>108.9</ele>
    <time>2022-03-07T17:37:18Z</time>
   </trkpt>
   <trkpt lat="43.6647640" lon="-79.3932210">
    <ele>109.0</ele>
    <time>2022-03-07T17:37:19Z</time>
   </trkpt>
   <trkpt lat="43.6647540" lon="-79.3931810">
    <ele>109.0</ele>
    <time>2022-03-07T17:37:20Z</time>
   </trkpt>
   <trkpt lat="43.6647490" lon="-79.3931670">
    <ele>109.0</ele>
    <time>2022-03-07T17:37:21Z</time>
   </trkpt>
   <trkpt lat="43.6647350" lon="-79.3931340">
    <ele>109.0</ele>
    <time>2022-03-07T17:37:22Z</time>
   </trkpt>
   <trkpt lat="43.6647200" lon="-79.3930920">
    <ele>109.0</ele>
    <time>2022-03-07T17:37:23Z</time>
   </trkpt>
   <trkpt lat="43.6647160" lon="-79.3930740">
    <ele>109.0</ele>
    <time>2022-03-07T17:37:24Z</time>
   </trkpt>
   <trkpt lat="43.6647020" lon="-79.3930260">
    <ele>109.0</ele>
    <time>2022-03-07T17:37:25Z</time>
   </trkpt>
   <trkpt lat="43.6646960" lon="-79.3930090">
    <ele>109.0</ele>
    <time>2022-03-07T17:37:26Z</time>
   </trkpt>
   <trkpt lat="43.6646870" lon="-79.3929640">
    <ele>109.0</ele>
    <time>2022-03-07T17:37:27Z</time>
   </trkpt>
   <trkpt lat="43.6646830" lon="-79.3929500">
    <ele>109.0</ele>
    <time>2022-03-07T17:37:28Z</time>
   </trkpt>
   <trkpt lat="43.6646730" lon="-79.3929150">
    <ele>109.0</ele>
    <time>2022-03-07T17:37:29Z</time>
   </trkpt>
   <trkpt lat="43.6646570" lon="-79.3928640">
    <ele>109.0</ele>
    <time>2022-03-07T17:37:30Z</time>
   </trkpt>
   <trkpt lat="43.6646510" lon="-79.3928450">
    <ele>109.0</ele>
    <time>2022-03-07T17:37:31Z</time>
   </trkpt>
   <trkpt lat="43.6646430" lon="-79.3928090">
    <ele>109.0</ele>
    <time>2022-03-07T17:37:32Z</time>
   </trkpt>
   <trkpt lat="43.6646400" lon="-79.3927640">
    <ele>109.0</ele>
    <time>2022-03-07T17:37:33Z</time>
   </trkpt>
   <trkpt lat="43.6646360" lon="-79.3927210">
    <ele>109.0</ele>
    <time>2022-03-07T17:37:34Z</time>
   </trkpt>
   <trkpt lat="43.6646300" lon="-79.3926690">
    <ele>109.0</ele>
    <time>2022-03-07T17:37:35Z</time>
   </trkpt>
   <trkpt lat="43.6646300" lon="-79.3926510">
    <ele>109.0</ele>
    <time>2022-03-07T17:37:36Z</time>
   </trkpt>
   <trkpt lat="43.6646220" lon="-79.3926100">
    <ele>109.0</ele>
    <time>2022-03-07T17:37:37Z</time>
   </trkpt>
   <trkpt lat="43.6646240" lon="-79.3925950">
    <ele>109.0</ele>
    <time>2022-03-07T17:37:38Z</time>
   </trkpt>
   <trkpt lat="43.6646190" lon="-79.3925580">
    <ele>109.0</ele>
    <time>2022-03-07T17:37:39Z</time>
   </trkpt>
   <trkpt lat="43.6646190" lon="-79.3925450">
    <ele>109.0</ele>
    <time>2022-03-07T17:37:40Z</time>
   </trkpt>
   <trkpt lat="43.6646140" lon="-79.3925000">
    <ele>109.0</ele>
    <time>2022-03-07T17:37:41Z</time>
   </trkpt>
   <trkpt lat="43.6646130" lon="-79.3924810">
    <ele>109.0</ele>
    <time>2022-03-07T17:37:42Z</time>
   </trkpt>
   <trkpt lat="43.6645990" lon="-79.3924340">
    <ele>108.9</ele>
    <time>2022-03-07T17:37:43Z</time>
   </trkpt>
   <trkpt lat="43.6645930" lon="-79.3924200">
    <ele>108.9</ele>
    <time>2022-03-07T17:37:44Z</time>
   </trkpt>
   <trkpt lat="43.6645720" lon="-79.3923960">
    <ele>108.9</ele>
    <time>2022-03-07T17:37:45Z</time>
   </trkpt>
   <trkpt lat="43.6645560" lon="-79.3923640">
    <ele>108.9</ele>
    <time>2022-03-07T17:37:46Z</time>
   </trkpt>
   <trkpt lat="43.6645280" lon="-79.3923430">
    <ele>108.9</ele>
    <time>2022-03-07T17:37:47Z</time>
   </trkpt>
   <trkpt lat="43.6645040" lon="-79.3923240">
    <ele>108.9</ele>
    <time>2022-03-07T17:37:48Z</time>
   </trkpt>
   <trkpt lat="43.6644710" lon="-79.3923000">
    <ele>108.9</ele>
    <time>2022-03-07T17:37:49Z</time>
   </trkpt>
   <trkpt lat="43.6644600" lon="-79.3922970">
    <ele>108.9</ele>
    <time>2022-03-07T17:37:50Z</time>
   </trkpt>
   <trkpt lat="43.6644260" lon="-79.3922840">
    <ele>108.9</ele>
    <time>2022-03-07T17:37:51Z</time>
   </trkpt>
   <trkpt lat="43.6644150" lon="-79.3922810">
    <ele>108.9</ele>
    <time>2022-03-07T17:37:52Z</time>
   </trkpt>
   <trkpt lat="43.6643850" lon="-79.3922600">
    <ele>108.9</ele>
    <time>2022-03-07T17:37:53Z</time>
   </trkpt>
   <trkpt lat="43.6643750" lon="-79.3922560">
    <ele>108.9</ele>
    <time>2022-03-07T17:37:54Z</time>
   </trkpt>
   <trkpt lat="43.6643520" lon="-79.3922260">
    <ele>108.8</ele>
    <time>2022-03-07T17:37:55Z</time>
   </trkpt>
   <trkpt lat="43.6643430" lon="-79.3922150">
    <ele>108.8</ele>
    <time>2022-03-07T17:37:56Z</time>
   </trkpt>
   <trkpt lat="43.6643220" lon="-79.3921850">
    <ele>108.8</ele>
    <time>2022-03-07T17:37:57Z</time>
   </trkpt>
   <trkpt lat="43.6643040" lon="-79.3921580">
    <ele>108.8</ele>
    <time>2022-03-07T17:37:58Z</time>
   </trkpt>
   <trkpt lat="43.6642770" lon="-79.3921200">
    <ele>108.8</ele>
    <time>2022-03-07T17:37:59Z</time>
   </trkpt>
   <trkpt lat="43.6642680" lon="-79.3921080">
    <ele>108.8</ele>
    <time>2022-03-07T17:38:00Z</time>
   </trkpt>
   <trkpt lat="43.6642410" lon="-79.3920770">
    <ele>108.8</ele>
    <time>2022-03-07T17:38:01Z</time>
   </trkpt>
   <trkpt lat="43.6642360" lon="-79.3920670">
    <ele>108.7</ele>
    <time>2022-03-07T17:38:02Z</time>
   </trkpt>
   <trkpt lat="43.6642150" lon="-79.3920240">
    <ele>108.7</ele>
    <time>2022-03-07T17:38:03Z</time>
   </trkpt>
   <trkpt lat="43.6642060" lon="-79.3920080">
    <ele>108.7</ele>
    <time>2022-03-07T17:38:04Z</time>
   </trkpt>
   <trkpt lat="43.6641900" lon="-79.3919750">
    <ele>108.7</ele>
    <time>2022-03-07T17:38:05Z</time>
   </trkpt>
   <trkpt lat="43.6641850" lon="-79.3919630">
    <ele>108.7</ele>
    <time>2022-03-07T17:38:06Z</time>
   </trkpt>
   <trkpt lat="43.6641690" lon="-79.3919310">
    <ele>108.6</ele>
    <time>2022-03-07T17:38:07Z</time>
   </trkpt>
   <trkpt lat="43.6641650" lon="-79.3919210">
    <ele>108.6</ele>
    <time>2022-03-07T17:38:08Z</time>
   </trkpt>
   <trkpt lat="43.6641420" lon="-79.3918800">
    <ele>108.6</ele>
    <time>2022-03-07T17:38:09Z</time>
   </trkpt>
   <trkpt lat="43.6641350" lon="-79.3918690">
    <ele>108.6</ele>
    <time>2022-03-07T17:38:10Z</time>
   </trkpt>
   <trkpt lat="43.6641180" lon="-79.3918380">
    <ele>108.5</ele>
    <time>2022-03-07T17:38:11Z</time>
   </trkpt>
   <trkpt lat="43.6641030" lon="-79.3918030">
    <ele>108.5</ele>
    <time>2022-03-07T17:38:12Z</time>
   </trkpt>
   <trkpt lat="43.6640960" lon="-79.3917900">
    <ele>108.5</ele>
    <time>2022-03-07T17:38:13Z</time>
   </trkpt>
   <trkpt lat="43.6640780" lon="-79.3917550">
    <ele>108.5</ele>
    <time>2022-03-07T17:38:14Z</time>
   </trkpt>
   <trkpt lat="43.6640630" lon="-79.3917230">
    <ele>108.4</ele>
    <time>2022-03-07T17:38:15Z</time>
   </trkpt>
   <trkpt lat="43.6640510" lon="-79.3916800">
    <ele>108.4</ele>
    <time>2022-03-07T17:38:16Z</time>
   </trkpt>
   <trkpt lat="43.6640440" lon="-79.3916660">
    <ele>108.4</ele>
    <time>2022-03-07T17:38:17Z</time>
   </trkpt>
   <trkpt lat="43.6640230" lon="-79.3916230">
    <ele>108.3</ele>
    <time>2022-03-07T17:38:18Z</time>
   </trkpt>
   <trkpt lat="43.6640140" lon="-79.3916100">
    <ele>108.3</ele>
    <time>2022-03-07T17:38:19Z</time>
   </trkpt>
   <trkpt lat="43.6639970" lon="-79.3915740">
    <ele>108.3</ele>
    <time>2022-03-07T17:38:20Z</time>
   </trkpt>
   <trkpt lat="43.6639840" lon="-79.3915400">
    <ele>108.2</ele>
    <time>2022-03-07T17:38:21Z</time>
   </trkpt>
   <trkpt lat="43.6639670" lon="-79.3915080">
    <ele>108.2</ele>
    <time>2022-03-07T17:38:22Z</time>
   </trkpt>
   <trkpt lat="43.6639490" lon="-79.3914630">
    <ele>108.2</ele>
    <time>2022-03-07T17:38:23Z</time>
   </trkpt>
   <trkpt lat="43.6639440" lon="-79.3914490">
    <ele>108.2</ele>
    <time>2022-03-07T17:38:24Z</time>
   </trkpt>
   <trkpt lat="43.6639360" lon="-79.3914250">
    <ele>108.1</ele>
    <time>2022-03-07T17:38:25Z</time>
   </trkpt>
   <trkpt lat="43.6639350" lon="-79.3914110">
    <ele>108.1</ele>
    <time>2022-03-07T17:38:26Z</time>
   </trkpt>
   <trkpt lat="43.6639190" lon="-79.3913630">
    <ele>108.1</ele>
    <time>2022-03-07T17:38:27Z</time>
   </trkpt>
   <trkpt lat="43.6639130" lon="-79.3913460">
    <ele>108.1</ele>
    <time>2022-03-07T17:38:28Z</time>
   </trkpt>
   <trkpt lat="43.6638940" lon="-79.3913080">
    <ele>108.1</ele>
    <time>2022-03-07T17:38:29Z</time>
   </trkpt>
   <trkpt lat="43.6638900" lon="-79.3912940">
    <ele>108.1</ele>
    <time>2022-03-07T17:38:30Z</time>
   </trkpt>
   <trkpt lat="43.6638790" lon="-79.3912600">
    <ele>108.0</ele>
    <time>2022-03-07T17:38:31Z</time>
   </trkpt>
   <trkpt lat="43.6638630" lon="-79.3912250">
    <ele>108.0</ele>
    <time>2022-03-07T17:38:32Z</time>
   </trkpt>
   <trkpt lat="43.6638470" lon="-79.3911860">
    <ele>108.0</ele>
    <time>2022-03-07T17:38:33Z</time>
   </trkpt>
   <trkpt lat="43.6638310" lon="-79.3911420">
    <ele>107.9</ele>
    <time>2022-03-07T17:38:34Z</time>
   </trkpt>
   <trkpt lat="43.6638230" lon="-79.3911280">
    <ele>107.9</ele>
    <time>2022-03-07T17:38:35Z</time>
   </trkpt>
   <trkpt lat="43.6638120" lon="-79.3910930">
    <ele>107.9</ele>
    <time>2022-03-07T17:38:36Z</time>
   </trkpt>
   <trkpt lat="43.6637950" lon="-79.3910630">
    <ele>107.9</ele>
    <time>2022-03-07T17:38:37Z</time>
   </trkpt>
   <trkpt lat="43.6637770" lon="-79.3910170">
    <ele>107.8</ele>
    <time>2022-03-07T17:38:38Z</time>
   </trkpt>
   <trkpt lat="43.6637710" lon="-79.3910010">
    <ele>107.8</ele>
    <time>2022-03-07T17:38:39Z</time>
   </trkpt>
   <trkpt lat="43.6637590" lon="-79.3909670">
    <ele>107.8</ele>
    <time>2022-03-07T17:38:40Z</time>
   </trkpt>
   <trkpt lat="43.6637350" lon="-79.3909280">
    <ele>107.8</ele>
    <time>2022-03-07T17:38:41Z</time>
   </trkpt>
   <trkpt lat="43.6637280" lon="-79.3909120">
    <ele>107.8</ele>
    <time>2022-03-07T17:38:42Z</time>
   </trkpt>
   <trkpt lat="43.6637090" lon="-79.3908850">
    <ele>107.8</ele>
    <time>2022-03-07T17:38:43Z</time>
   </trkpt>
   <trkpt lat="43.6636870" lon="-79.3908550">
    <ele>107.8</ele>
    <time>2022-03-07T17:38:44Z</time>
   </trkpt>
   <trkpt lat="43.6636820" lon="-79.3908470">
    <ele>107.8</ele>
    <time>2022-03-07T17:38:45Z</time>
   </trkpt>
   <trkpt lat="43.6636570" lon="-79.3908200">
    <ele>107.8</ele>
    <time>2022-03-07T17:38:46Z</time>
   </trkpt>
   <trkpt lat="43.6636410" lon="-79.3907780">
    <ele>107.8</ele>
    <time>2022-03-07T17:38:47Z</time>
   </trkpt>
   <trkpt lat="43.6636330" lon="-79.3907640">
    <ele>107.9</ele>
    <time>2022-03-07T17:38:48Z</time>
   </trkpt>
   <trkpt lat="43.6636120" lon="-79.3907400">
    <ele>107.9</ele>
    <time>2022-03-07T17:38:49Z</time>
   </trkpt>
   <trkpt lat="43.6636030" lon="-79.3907360">
    <ele>107.9</ele>
    <time>2022-03-07T17:38:50Z</time>
   </trkpt>
   <trkpt lat="43.6635750" lon="-79.3907140">
    <ele>108.0</ele>
    <time>2022-03-07T17:38:51Z</time>
   </trkpt>
   <trkpt lat="43.6635670" lon="-79.3907070">
    <ele>108.0</ele>
    <time>2022-03-07T17:38:52Z</time>
   </trkpt>
   <trkpt lat="43.6635650" lon="-79.3906760">
    <ele>108.0</ele>
    <time>2022-03-07T17:38:53Z</time>
   </trkpt>
   <trkpt lat="43.6635670" lon="-79.3906570">
    <ele>108.0</ele>
    <time>2022-03-07T17:38:54Z</time>
   </trkpt>
   <trkpt lat="43.6635760" lon="-79.3906170">
    <ele>108.0</ele>
    <time>2022-03-07T17:38:55Z</time>
   </trkpt>
   <trkpt lat="43.6635800" lon="-79.3905990">
    <ele>108.0</ele>
    <time>2022-03-07T17:38:56Z</time>
   </trkpt>
   <trkpt lat="43.6635930" lon="-79.3905470">
    <ele>108.0</ele>
    <time>2022-03-07T17:38:57Z</time>
   </trkpt>
   <trkpt lat="43.6636000" lon="-79.3905290">
    <ele>107.9</ele>
    <time>2022-03-07T17:38:58Z</time>
   </trkpt>
   <trkpt lat="43.6635980" lon="-79.3904880">
    <ele>107.9</ele>
    <time>2022-03-07T17:38:59Z</time>
   </trkpt>
   <trkpt lat="43.6635940" lon="-79.3904780">
    <ele>107.9</ele>
    <time>2022-03-07T17:39:00Z</time>
   </trkpt>
   <trkpt lat="43.6635700" lon="-79.3904660">
    <ele>107.9</ele>
    <time>2022-03-07T17:39:01Z</time>
   </trkpt>
   <trkpt lat="43.6635600" lon="-79.3904620">
    <ele>107.9</ele>
    <time>2022-03-07T17:39:02Z</time>
   </trkpt>
   <trkpt lat="43.6635340" lon="-79.3904730">
    <ele>107.9</ele>
    <time>2022-03-07T17:39:03Z</time>
   </trkpt>
   <trkpt lat="43.6635000" lon="-79.3904610">
    <ele>107.9</ele>
    <time>2022-03-07T17:39:04Z</time>
   </trkpt>
   <trkpt lat="43.6634810" lon="-79.3904600">
    <ele>107.9</ele>
    <time>2022-03-07T17:39:05Z</time>
   </trkpt>
   <trkpt lat="43.6634580" lon="-79.3904350">
    <ele>107.9</ele>
    <time>2022-03-07T17:39:06Z</time>
   </trkpt>
   <trkpt lat="43.6634460" lon="-79.3904260">
    <ele>107.9</ele>
    <time>2022-03-07T17:39:07Z</time>
   </trkpt>
   <trkpt lat="43.6634090" lon="-79.3904130">
    <ele>107.9</ele>
    <time>2022-03-07T17:39:08Z</time>
   </trkpt>
   <trkpt lat="43.6633960" lon="-79.3904090">
    <ele>107.9</ele>
    <time>2022-03-07T17:39:09Z</time>
   </trkpt>
   <trkpt lat="43.6633620" lon="-79.3903790">
    <ele>107.9</ele>
    <time>2022-03-07T17:39:10Z</time>
   </trkpt>
   <trkpt lat="43.6633490" lon="-79.3903680">
    <ele>107.9</ele>
    <time>2022-03-07T17:39:11Z</time>
   </trkpt>
   <trkpt lat="43.6633140" lon="-79.3903580">
    <ele>107.9</ele>
    <time>2022-03-07T17:39:12Z</time>
   </trkpt>
   <trkpt lat="43.6632850" lon="-79.3903400">
    <ele>107.9</ele>
    <time>2022-03-07T17:39:13Z</time>
   </trkpt>
   <trkpt lat="43.6632520" lon="-79.3903330">
    <ele>108.0</ele>
    <time>2022-03-07T17:39:14Z</time>
   </trkpt>
   <trkpt lat="43.6632380" lon="-79.3903290">
    <ele>108.0</ele>
    <time>2022-03-07T17:39:15Z</time>
   </trkpt>
   <trkpt lat="43.6632100" lon="-79.3903280">
    <ele>108.0</ele>
    <time>2022-03-07T17:39:16Z</time>
   </trkpt>
   <trkpt lat="43.6631800" lon="-79.3903200">
    <ele>108.0</ele>
    <time>2022-03-07T17:39:17Z</time>
   </trkpt>
   <trkpt lat="43.6631410" lon="-79.3903090">
    <ele>108.0</ele>
    <time>2022-03-07T17:39:18Z</time>
   </trkpt>
   <trkpt lat="43.6631250" lon="-79.3903060">
    <ele>108.0</ele>
    <time>2022-03-07T17:39:19Z</time>
   </trkpt>
   <trkpt lat="43.6630950" lon="-79.3902960">
    <ele>108.1</ele>
    <time>2022-03-07T17:39:20Z</time>
   </trkpt>
   <trkpt lat="43.6630700" lon="-79.3902780">
    <ele>108.1</ele>
    <time>2022-03-07T17:39:21Z</time>
   </trkpt>
   <trkpt lat="43.6630350" lon="-79.3902680">
    <ele>108.1</ele>
    <time>2022-03-07T17:39:22Z</time>
   </trkpt>
   <trkpt lat="43.6630220" lon="-79.3902630">
    <ele>108.1</ele>
    <time>2022-03-07T17:39:23Z</time>
   </trkpt>
   <trkpt lat="43.6629940" lon="-79.3902480">
    <ele>108.1</ele>
    <time>2022-03-07T17:39:24Z</time>
   </trkpt>
   <trkpt lat="43.6629630" lon="-79.3902220">
    <ele>108.1</ele>
    <time>2022-03-07T17:39:25Z</time>
   </trkpt>
   <trkpt lat="43.6629530" lon="-79.3902140">
    <ele>108.1</ele>
    <time>2022-03-07T17:39:26Z</time>
   </trkpt>
   <trkpt lat="43.6629170" lon="-79.3902100">
    <ele>108.1</ele>
    <time>2022-03-07T17:39:27Z</time>
   </trkpt>
   <trkpt lat="43.6629050" lon="-79.3902050">
    <ele>108.1</ele>
    <time>2022-03-07T17:39:28Z</time>
   </trkpt>
   <trkpt lat="43.6628710" lon="-79.3901840">
    <ele>108.1</ele>
    <time>2022-03-07T17:39:29Z</time>
   </trkpt>
   <trkpt lat="43.6628590" lon="-79.3901840">
    <ele>108.1</ele>
    <time>2022-03-07T17:39:30Z</time>
   </trkpt>
   <trkpt lat="43.6628210" lon="-79.3901890">
    <ele>108.2</ele>
    <time>2022-03-07T17:39:31Z</time>
   </trkpt>
   <trkpt lat="43.6628080" lon="-79.3901800">
    <ele>108.2</ele>
    <time>2022-03-07T17:39:32Z</time>
   </trkpt>
   <trkpt lat="43.6627760" lon="-79.3901760">
    <ele>108.2</ele>
    <time>2022-03-07T17:39:33Z</time>
   </trkpt>
   <trkpt lat="43.6627440" lon="-79.3901650">
    <ele>108.2</ele>
    <time>2022-03-07T17:39:34Z</time>
   </trkpt>
   <trkpt lat="43.6627330" lon="-79.3901590">
    <ele>108.2</ele>
    <time>2022-03-07T17:39:35Z</time>
   </trkpt>
   <trkpt lat="43.6627000" lon="-79.3901370">
    <ele>108.1</ele>
    <time>2022-03-07T17:39:36Z</time>
   </trkpt>
   <trkpt lat="43.6626910" lon="-79.3901270">
    <ele>108.1</ele>
    <time>2022-03-07T17:39:37Z</time>
   </trkpt>
   <trkpt lat="43.6626620" lon="-79.3901140">
    <ele>108.1</ele>
    <time>2022-03-07T17:39:38Z</time>
   </trkpt>
   <trkpt lat="43.6626270" lon="-79.3901000">
    <ele>108.1</ele>
    <time>2022-03-07T17:39:39Z</time>
   </trkpt>
   <trkpt lat="43.6626160" lon="-79.3900950">
    <ele>108.1</ele>
    <time>2022-03-07T17:39:40Z</time>
   </trkpt>
   <trkpt lat="43.6625920" lon="-79.3900650">
    <ele>108.0</ele>
    <time>2022-03-07T17:39:41Z</time>
   </trkpt>
   <trkpt lat="43.6625830" lon="-79.3900560">
    <ele>108.0</ele>
    <time>2022-03-07T17:39:42Z</time>
   </trkpt>
   <trkpt lat="43.6625500" lon="-79.3900420">
    <ele>108.0</ele>
    <time>2022-03-07T17:39:43Z</time>
   </trkpt>
   <trkpt lat="43.6625390" lon="-79.3900370">
    <ele>108.0</ele>
    <time>2022-03-07T17:39:44Z</time>
   </trkpt>
   <trkpt lat="43.6625080" lon="-79.3900290">
    <ele>108.0</ele>
    <time>2022-03-07T17:39:45Z</time>
   </trkpt>
   <trkpt lat="43.6625000" lon="-79.3900240">
    <ele>108.0</ele>
    <time>2022-03-07T17:39:46Z</time>
   </trkpt>
   <trkpt lat="43.6624590" lon="-79.3900190">
    <ele>107.9</ele>
    <time>2022-03-07T17:39:47Z</time>
   </trkpt>
   <trkpt lat="43.6624430" lon="-79.3900160">
    <ele>107.9</ele>
    <time>2022-03-07T17:39:48Z</time>
   </trkpt>
   <trkpt lat="43.6624160" lon="-79.3900130">
    <ele>107.8</ele>
    <time>2022-03-07T17:39:49Z</time>
   </trkpt>
   <trkpt lat="43.6623870" lon="-79.3900000">
    <ele>107.8</ele>
    <time>2022-03-07T17:39:50Z</time>
   </trkpt>
   <trkpt lat="43.6623760" lon="-79.3899970">
    <ele>107.8</ele>
    <time>2022-03-07T17:39:51Z</time>
   </trkpt>
   <trkpt lat="43.6623480" lon="-79.3899900">
    <ele>107.7</ele>
    <time>2022-03-07T17:39:52Z</time>
   </trkpt>
   <trkpt lat="43.6623400" lon="-79.3899890">
    <ele>107.7</ele>
    <time>2022-03-07T17:39:53Z</time>
   </trkpt>
   <trkpt lat="43.6623040" lon="-79.3899890">
    <ele>107.6</ele>
    <time>2022-03-07T17:39:54Z</time>
   </trkpt>
   <trkpt lat="43.6622900" lon="-79.3899880">
    <ele>107.6</ele>
    <time>2022-03-07T17:39:55Z</time>
   </trkpt>
   <trkpt lat="43.6622500" lon="-79.3899840">
    <ele>107.5</ele>
    <time>2022-03-07T17:39:56Z</time>
   </trkpt>
   <trkpt lat="43.6622330" lon="-79.3899830">
    <ele>107.5</ele>
    <time>2022-03-07T17:39:57Z</time>
   </trkpt>
   <trkpt lat="43.6622020" lon="-79.3899720">
    <ele>107.5</ele>
    <time>2022-03-07T17:39:58Z</time>
   </trkpt>
   <trkpt lat="43.6621680" lon="-79.3899540">
    <ele>107.4</ele>
    <time>2022-03-07T17:39:59Z</time>
   </trkpt>
   <trkpt lat="43.6621560" lon="-79.3899480">
    <ele>107.4</ele>
    <time>2022-03-07T17:40:00Z</time>
   </trkpt>
   <trkpt lat="43.6621270" lon="-79.3899370">
    <ele>107.3</ele>
    <time>2022-03-07T17:40:01Z</time>
   </trkpt>
   <trkpt lat="43.6621000" lon="-79.3899250">
    <ele>107.3</ele>
    <time>2022-03-07T17:40:02Z</time>
   </trkpt>
   <trkpt lat="43.6620760" lon="-79.3899040">
    <ele>107.2</ele>
    <time>2022-03-07T17:40:03Z</time>
   </trkpt>
   <trkpt lat="43.6620450" lon="-79.3898900">
    <ele>107.2</ele>
    <time>2022-03-07T17:40:04Z</time>
   </trkpt>
   <trkpt lat="43.6620360" lon="-79.3898840">
    <ele>107.1</ele>
    <time>2022-03-07T17:40:05Z</time>
   </trkpt>
   <trkpt lat="43.6620070" lon="-79.3898620">
    <ele>107.1</ele>
    <time>2022-03-07T17:40:06Z</time>
   </trkpt>
   <trkpt lat="43.6619970" lon="-79.3898500">
    <ele>107.1</ele>
    <time>2022-03-07T17:40:07Z</time>
   </trkpt>
   <trkpt lat="43.6619650" lon="-79.3898360">
    <ele>107.0</ele>
    <time>2022-03-07T17:40:08Z</time>
   </trkpt>
   <trkpt lat="43.6619540" lon="-79.3898320">
    <ele>107.0</ele>
    <time>2022-03-07T17:40:09Z</time>
   </trkpt>
   <trkpt lat="43.6619220" lon="-79.3898190">
    <ele>107.0</ele>
    <time>2022-03-07T17:40:10Z</time>
   </trkpt>
   <trkpt lat="43.6618850" lon="-79.3898070">
    <ele>106.9</ele>
    <time>2022-03-07T17:40:11Z</time>
   </trkpt>
   <trkpt lat="43.6618740" lon="-79.3898030">
    <ele>106.9</ele>
    <time>2022-03-07T17:40:12Z</time>
   </trkpt>
   <trkpt lat="43.6618440" lon="-79.3898020">
    <ele>106.9</ele>
    <time>2022-03-07T17:40:13Z</time>
   </trkpt>
   <trkpt lat="43.6618090" lon="-79.3897980">
    <ele>106.8</ele>
    <time>2022-03-07T17:40:14Z</time>
   </trkpt>
   <trkpt lat="43.6617820" lon="-79.3897920">
    <ele>106.8</ele>
    <time>2022-03-07T17:40:15Z</time>
   </trkpt>
   <trkpt lat="43.6617490" lon="-79.3897840">
    <ele>106.8</ele>
    <time>2022-03-07T17:40:16Z</time>
   </trkpt>
   <trkpt lat="43.6617180" lon="-79.3897700">
    <ele>106.7</ele>
    <time>2022-03-07T17:40:17Z</time>
   </trkpt>
   <trkpt lat="43.6616830" lon="-79.3897580">
    <ele>106.6</ele>
    <time>2022-03-07T17:40:18Z</time>
   </trkpt>
   <trkpt lat="43.6616490" lon="-79.3897460">
    <ele>106.5</ele>
    <time>2022-03-07T17:40:19Z</time>
   </trkpt>
   <trkpt lat="43.6616160" lon="-79.3897450">
    <ele>106.4</ele>
    <time>2022-03-07T17:40:20Z</time>
   </trkpt>
   <trkpt lat="43.6615850" lon="-79.3897460">
    <ele>106.3</ele>
    <time>2022-03-07T17:40:21Z</time>
   </trkpt>
   <trkpt lat="43.6615580" lon="-79.3897650">
    <ele>106.2</ele>
    <time>2022-03-07T17:40:22Z</time>
   </trkpt>
   <trkpt lat="43.6615300" lon="-79.3897840">
    <ele>106.2</ele>
    <time>2022-03-07T17:40:23Z</time>
   </trkpt>
   <trkpt lat="43.6614920" lon="-79.3898070">
    <ele>106.1</ele>
    <time>2022-03-07T17:40:24Z</time>
   </trkpt>
   <trkpt lat="43.6614780" lon="-79.3898140">
    <ele>106.0</ele>
    <time>2022-03-07T17:40:25Z</time>
   </trkpt>
   <trkpt lat="43.6614450" lon="-79.3898190">
    <ele>106.0</ele>
    <time>2022-03-07T17:40:26Z</time>
   </trkpt>
   <trkpt lat="43.6614130" lon="-79.3898360">
    <ele>105.9</ele>
    <time>2022-03-07T17:40:27Z</time>
   </trkpt>
   <trkpt lat="43.6613840" lon="-79.3898560">
    <ele>105.8</ele>
    <time>2022-03-07T17:40:28Z</time>
   </trkpt>
   <trkpt lat="43.6613470" lon="-79.3898770">
    <ele>105.7</ele>
    <time>2022-03-07T17:40:29Z</time>
   </trkpt>
   <trkpt lat="43.6613290" lon="-79.3898810">
    <ele>105.6</ele>
    <time>2022-03-07T17:40:30Z</time>
   </trkpt>
   <trkpt lat="43.6612890" lon="-79.3899000">
    <ele>105.5</ele>
    <time>2022-03-07T17:40:31Z</time>
   </trkpt>
   <trkpt lat="43.6612580" lon="-79.3899170">
    <ele>105.4</ele>
    <time>2022-03-07T17:40:32Z</time>
   </trkpt>
   <trkpt lat="43.6612310" lon="-79.3899300">
    <ele>105.4</ele>
    <time>2022-03-07T17:40:33Z</time>
   </trkpt>
   <trkpt lat="43.6611950" lon="-79.3899480">
    <ele>105.3</ele>
    <time>2022-03-07T17:40:34Z</time>
   </trkpt>
   <trkpt lat="43.6611650" lon="-79.3899610">
    <ele>105.2</ele>
    <time>2022-03-07T17:40:35Z</time>
   </trkpt>
   <trkpt lat="43.6611330" lon="-79.3899830">
    <ele>105.1</ele>
    <time>2022-03-07T17:40:36Z</time>
   </trkpt>
   <trkpt lat="43.6611090" lon="-79.3900000">
    <ele>105.1</ele>
    <time>2022-03-07T17:40:37Z</time>
   </trkpt>
   <trkpt lat="43.6610820" lon="-79.3900230">
    <ele>105.0</ele>
    <time>2022-03-07T17:40:38Z</time>
   </trkpt>
   <trkpt lat="43.6610530" lon="-79.3900400">
    <ele>104.9</ele>
    <time>2022-03-07T17:40:39Z</time>
   </trkpt>
   <trkpt lat="43.6610190" lon="-79.3900660">
    <ele>104.8</ele>
    <time>2022-03-07T17:40:40Z</time>
   </trkpt>
   <trkpt lat="43.6610080" lon="-79.3900780">
    <ele>104.8</ele>
    <time>2022-03-07T17:40:41Z</time>
   </trkpt>
   <trkpt lat="43.6609910" lon="-79.3901120">
    <ele>104.7</ele>
    <time>2022-03-07T17:40:42Z</time>
   </trkpt>
   <trkpt lat="43.6609840" lon="-79.3901190">
    <ele>104.7</ele>
    <time>2022-03-07T17:40:43Z</time>
   </trkpt>
   <trkpt lat="43.6609480" lon="-79.3901460">
    <ele>104.6</ele>
    <time>2022-03-07T17:40:44Z</time>
   </trkpt>
   <trkpt lat="43.6609290" lon="-79.3901560">
    <ele>104.6</ele>
    <time>2022-03-07T17:40:45Z</time>
   </trkpt>
   <trkpt lat="43.6609040" lon="-79.3901850">
    <ele>104.5</ele>
    <time>2022-03-07T17:40:46Z</time>
   </trkpt>
   <trkpt lat="43.6608810" lon="-79.3902150">
    <ele>104.4</ele>
    <time>2022-03-07T17:40:47Z</time>
   </trkpt>
   <trkpt lat="43.6608720" lon="-79.3902270">
    <ele>104.4</ele>
    <time>2022-03-07T17:40:48Z</time>
   </trkpt>
   <trkpt lat="43.6608510" lon="-79.3902620">
    <ele>104.3</ele>
    <time>2022-03-07T17:40:49Z</time>
   </trkpt>
   <trkpt lat="43.6608450" lon="-79.3902750">
    <ele>104.3</ele>
    <time>2022-03-07T17:40:50Z</time>
   </trkpt>
   <trkpt lat="43.6608330" lon="-79.3902990">
    <ele>104.3</ele>
    <time>2022-03-07T17:40:51Z</time>
   </trkpt>
   <trkpt lat="43.6608270" lon="-79.3903160">
    <ele>104.3</ele>
    <time>2022-03-07T17:40:52Z</time>
   </trkpt>
   <trkpt lat="43.6608020" lon="-79.3903350">
    <ele>104.2</ele>
    <time>2022-03-07T17:40:53Z</time>
   </trkpt>
   <trkpt lat="43.6607940" lon="-79.3903430">
    <ele>104.1</ele>
    <time>2022-03-07T17:40:54Z</time>
   </trkpt>
   <trkpt lat="43.6607740" lon="-79.3903530">
    <ele>104.1</ele>
    <time>2022-03-07T17:40:55Z</time>
   </trkpt>
   <trkpt lat="43.6607630" lon="-79.3903530">
    <ele>104.1</ele>
    <time>2022-03-07T17:40:56Z</time>
   </trkpt>
   <trkpt lat="43.6607400" lon="-79.3903220">
    <ele>104.0</ele>
    <time>2022-03-07T17:40:57Z</time>
   </trkpt>
   <trkpt lat="43.6607150" lon="-79.3902990">
    <ele>104.0</ele>
    <time>2022-03-07T17:40:58Z</time>
   </trkpt>
   <trkpt lat="43.6606870" lon="-79.3902920">
    <ele>103.9</ele>
    <time>2022-03-07T17:40:59Z</time>
   </trkpt>
   <trkpt lat="43.6606600" lon="-79.3902870">
    <ele>103.9</ele>
    <time>2022-03-07T17:41:00Z</time>
   </trkpt>
   <trkpt lat="43.6606320" lon="-79.3902860">
    <ele>103.8</ele>
    <time>2022-03-07T17:41:01Z</time>
   </trkpt>
   <trkpt lat="43.6605980" lon="-79.3902890">
    <ele>103.7</ele>
    <time>2022-03-07T17:41:02Z</time>
   </trkpt>
   <trkpt lat="43.6605620" lon="-79.3902930">
    <ele>103.6</ele>
    <time>2022-03-07T17:41:03Z</time>
   </trkpt>
   <trkpt lat="43.6605320" lon="-79.3902890">
    <ele>103.5</ele>
    <time>2022-03-07T17:41:04Z</time>
   </trkpt>
   <trkpt lat="43.6605210" lon="-79.3902860">
    <ele>103.5</ele>
    <time>2022-03-07T17:41:05Z</time>
   </trkpt>
   <trkpt lat="43.6604930" lon="-79.3902820">
    <ele>103.4</ele>
    <time>2022-03-07T17:41:06Z</time>
   </trkpt>
   <trkpt lat="43.6604810" lon="-79.3902830">
    <ele>103.4</ele>
    <time>2022-03-07T17:41:07Z</time>
   </trkpt>
   <trkpt lat="43.6604460" lon="-79.3903000">
    <ele>103.3</ele>
    <time>2022-03-07T17:41:08Z</time>
   </trkpt>
   <trkpt lat="43.6604370" lon="-79.3903070">
    <ele>103.3</ele>
    <time>2022-03-07T17:41:09Z</time>
   </trkpt>
   <trkpt lat="43.6604030" lon="-79.3903130">
    <ele>103.2</ele>
    <time>2022-03-07T17:41:10Z</time>
   </trkpt>
   <trkpt lat="43.6603920" lon="-79.3903150">
    <ele>103.2</ele>
    <time>2022-03-07T17:41:11Z</time>
   </trkpt>
   <trkpt lat="43.6603540" lon="-79.3903160">
    <ele>103.0</ele>
    <time>2022-03-07T17:41:12Z</time>
   </trkpt>
   <trkpt lat="43.6603410" lon="-79.3903150">
    <ele>103.0</ele>
    <time>2022-03-07T17:41:13Z</time>
   </trkpt>
   <trkpt lat="43.6602980" lon="-79.3903190">
    <ele>102.9</ele>
    <time>2022-03-07T17:41:14Z</time>
   </trkpt>
   <trkpt lat="43.6602810" lon="-79.3903190">
    <ele>102.9</ele>
    <time>2022-03-07T17:41:15Z</time>
   </trkpt>
   <trkpt lat="43.6602560" lon="-79.3903050">
    <ele>102.8</ele>
    <time>2022-03-07T17:41:16Z</time>
   </trkpt>
   <trkpt lat="43.6602260" lon="-79.3902830">
    <ele>102.8</ele>
    <time>2022-03-07T17:41:17Z</time>
   </trkpt>
   <trkpt lat="43.6601950" lon="-79.3902870">
    <ele>102.7</ele>
    <time>2022-03-07T17:41:18Z</time>
   </trkpt>
   <trkpt lat="43.6601600" lon="-79.3903040">
    <ele>102.6</ele>
    <time>2022-03-07T17:41:19Z</time>
   </trkpt>
   <trkpt lat="43.6601500" lon="-79.3903120">
    <ele>102.6</ele>
    <time>2022-03-07T17:41:20Z</time>
   </trkpt>
   <trkpt lat="43.6601200" lon="-79.3903220">
    <ele>102.5</ele>
    <time>2022-03-07T17:41:21Z</time>
   </trkpt>
   <trkpt lat="43.6600820" lon="-79.3903280">
    <ele>102.5</ele>
    <time>2022-03-07T17:41:22Z</time>
   </trkpt>
   <trkpt lat="43.6600660" lon="-79.3903250">
    <ele>102.5</ele>
    <time>2022-03-07T17:41:23Z</time>
   </trkpt>
   <trkpt lat="43.6600320" lon="-79.3903160">
    <ele>102.5</ele>
    <time>2022-03-07T17:41:24Z</time>
   </trkpt>
   <trkpt lat="43.6600220" lon="-79.3903130">
    <ele>102.5</ele>
    <time>2022-03-07T17:41:25Z</time>
   </trkpt>
   <trkpt lat="43.6600160" lon="-79.3903160">
    <ele>102.5</ele>
    <time>2022-03-07T17:41:26Z</time>
   </trkpt>
   <trkpt lat="43.6599980" lon="-79.3903210">
    <ele>102.4</ele>
    <time>2022-03-07T17:41:27Z</time>
   </trkpt>
   <trkpt lat="43.6599870" lon="-79.3903230">
    <ele>102.4</ele>
    <time>2022-03-07T17:41:28Z</time>
   </trkpt>
   <trkpt lat="43.6599760" lon="-79.3902880">
    <ele>102.4</ele>
    <time>2022-03-07T17:41:29Z</time>
   </trkpt>
   <trkpt lat="43.6599730" lon="-79.3902860">
    <ele>102.4</ele>
    <time>2022-03-07T17:41:30Z</time>
   </trkpt>
   <trkpt lat="43.6599630" lon="-79.3902850">
    <ele>102.4</ele>
    <time>2022-03-07T17:41:31Z</time>
   </trkpt>
   <trkpt lat="43.6599590" lon="-79.3902880">
    <ele>102.4</ele>
    <time>2022-03-07T17:41:32Z</time>
   </trkpt>
   <trkpt lat="43.6599530" lon="-79.3902840">
    <ele>102.4</ele>
    <time>2022-03-07T17:41:33Z</time>
   </trkpt>
   <trkpt lat="43.6599510" lon="-79.3902840">
    <ele>102.4</ele>
    <time>2022-03-07T17:41:34Z</time>
   </trkpt>
   <trkpt lat="43.6599510" lon="-79.3902850">
    <ele>102.4</ele>
    <time>2022-03-07T17:41:35Z</time>
   </trkpt>
   <trkpt lat="43.6599500" lon="-79.3902860">
    <ele>102.4</ele>
    <time>2022-03-07T17:41:36Z</time>
   </trkpt>
   <trkpt lat="43.6599500" lon="-79.3902870">
    <ele>102.4</ele>
    <time>2022-03-07T17:41:37Z</time>
   </trkpt>
   <trkpt lat="43.6599510" lon="-79.3902870">
    <ele>102.4</ele>
    <time>2022-03-07T17:41:38Z</time>
   </trkpt>
   <trkpt lat="43.6599500" lon="-79.3902870">
    <ele>102.4</ele>
    <time>2022-03-07T17:41:39Z</time>
   </trkpt>
   <trkpt lat="43.6599500" lon="-79.3902870">
    <ele>102.4</ele>
    <time>2022-03-07T17:41:40Z</time>
   </trkpt>
   <trkpt lat="43.6599500" lon="-79.3902870">
    <ele>102.4</ele>
    <time>2022-03-07T17:41:41Z</time>
   </trkpt>
   <trkpt lat="43.6599490" lon="-79.3902870">
    <ele>102.4</ele>
    <time>2022-03-07T17:41:42Z</time>
   </trkpt>
   <trkpt lat="43.6599490" lon="-79.3902870">
    <ele>102.4</ele>
    <time>2022-03-07T17:41:43Z</time>
   </trkpt>
   <trkpt lat="43.6599480" lon="-79.3902860">
    <ele>102.4</ele>
    <time>2022-03-07T17:41:44Z</time>
   </trkpt>
   <trkpt lat="43.6599490" lon="-79.3902880">
    <ele>102.4</ele>
    <time>2022-03-07T17:41:45Z</time>
   </trkpt>
   <trkpt lat="43.6599490" lon="-79.3902890">
    <ele>102.4</ele>
    <time>2022-03-07T17:41:46Z</time>
   </trkpt>
   <trkpt lat="43.6599490" lon="-79.3902900">
    <ele>102.4</ele>
    <time>2022-03-07T17:41:47Z</time>
   </trkpt>
   <trkpt lat="43.6599500" lon="-79.3902910">
    <ele>102.4</ele>
    <time>2022-03-07T17:41:48Z</time>
   </trkpt>
   <trkpt lat="43.6599500" lon="-79.3902920">
    <ele>102.4</ele>
    <time>2022-03-07T17:41:49Z</time>
   </trkpt>
   <trkpt lat="43.6599500" lon="-79.3902920">
    <ele>102.4</ele>
    <time>2022-03-07T17:41:50Z</time>
   </trkpt>
   <trkpt lat="43.6599500" lon="-79.3902920">
    <ele>102.4</ele>
    <time>2022-03-07T17:41:51Z</time>
   </trkpt>
   <trkpt lat="43.6599510" lon="-79.3902920">
    <ele>102.4</ele>
    <time>2022-03-07T17:41:52Z</time>
   </trkpt>
   <trkpt lat="43.6599510" lon="-79.3902920">
    <ele>102.4</ele>
    <time>2022-03-07T17:41:53Z</time>
   </trkpt>
   <trkpt lat="43.6599510" lon="-79.3902920">
    <ele>102.4</ele>
    <time>2022-03-07T17:41:54Z</time>
   </trkpt>
   <trkpt lat="43.6599500" lon="-79.3902930">
    <ele>102.4</ele>
    <time>2022-03-07T17:41:55Z</time>
   </trkpt>
   <trkpt lat="43.6599510" lon="-79.3902940">
    <ele>102.4</ele>
    <time>2022-03-07T17:41:56Z</time>
   </trkpt>
   <trkpt lat="43.6599510" lon="-79.3902950">
    <ele>102.4</ele>
    <time>2022-03-07T17:41:57Z</time>
   </trkpt>
   <trkpt lat="43.6599600" lon="-79.3902940">
    <ele>102.4</ele>
    <time>2022-03-07T17:41:58Z</time>
   </trkpt>
   <trkpt lat="43.6599710" lon="-79.3902910">
    <ele>102.5</ele>
    <time>2022-03-07T17:41:59Z</time>
   </trkpt>
   <trkpt lat="43.6599720" lon="-79.3902890">
    <ele>102.5</ele>
    <time>2022-03-07T17:42:00Z</time>
   </trkpt>
   <trkpt lat="43.6599690" lon="-79.3902890">
    <ele>102.5</ele>
    <time>2022-03-07T17:42:01Z</time>
   </trkpt>
   <trkpt lat="43.6599670" lon="-79.3902870">
    <ele>102.5</ele>
    <time>2022-03-07T17:42:02Z</time>
   </trkpt>
   <trkpt lat="43.6599670" lon="-79.3902860">
    <ele>102.5</ele>
    <time>2022-03-07T17:42:03Z</time>
   </trkpt>
   <trkpt lat="43.6599710" lon="-79.3903030">
    <ele>102.5</ele>
    <time>2022-03-07T17:42:04Z</time>
   </trkpt>
   <trkpt lat="43.6599690" lon="-79.3903210">
    <ele>102.5</ele>
    <time>2022-03-07T17:42:05Z</time>
   </trkpt>
   <trkpt lat="43.6599660" lon="-79.3903240">
    <ele>102.5</ele>
    <time>2022-03-07T17:42:06Z</time>
   </trkpt>
   <trkpt lat="43.6599660" lon="-79.3903240">
    <ele>102.5</ele>
    <time>2022-03-07T17:42:07Z</time>
   </trkpt>
   <trkpt lat="43.6599650" lon="-79.3903260">
    <ele>102.5</ele>
    <time>2022-03-07T17:42:08Z</time>
   </trkpt>
   <trkpt lat="43.6599640" lon="-79.3903280">
    <ele>102.5</ele>
    <time>2022-03-07T17:42:09Z</time>
   </trkpt>
   <trkpt lat="43.6599630" lon="-79.3903300">
    <ele>102.5</ele>
    <time>2022-03-07T17:42:10Z</time>
   </trkpt>
   <trkpt lat="43.6599620" lon="-79.3903340">
    <ele>102.5</ele>
    <time>2022-03-07T17:42:11Z</time>
   </trkpt>
   <trkpt lat="43.6599580" lon="-79.3903410">
    <ele>102.5</ele>
    <time>2022-03-07T17:42:12Z</time>
   </trkpt>
   <trkpt lat="43.6599550" lon="-79.3903550">
    <ele>102.5</ele>
    <time>2022-03-07T17:42:13Z</time>
   </trkpt>
   <trkpt lat="43.6599400" lon="-79.3903730">
    <ele>102.5</ele>
    <time>2022-03-07T17:42:14Z</time>
   </trkpt>
   <trkpt lat="43.6599320" lon="-79.3903760">
    <ele>102.5</ele>
    <time>2022-03-07T17:42:15Z</time>
   </trkpt>
   <trkpt lat="43.6599300" lon="-79.3904240">
    <ele>102.5</ele>
    <time>2022-03-07T17:42:16Z</time>
   </trkpt>
   <trkpt lat="43.6599300" lon="-79.3904440">
    <ele>102.5</ele>
    <time>2022-03-07T17:42:17Z</time>
   </trkpt>
   <trkpt lat="43.6599180" lon="-79.3904810">
    <ele>102.5</ele>
    <time>2022-03-07T17:42:18Z</time>
   </trkpt>
   <trkpt lat="43.6599100" lon="-79.3904940">
    <ele>102.5</ele>
    <time>2022-03-07T17:42:19Z</time>
   </trkpt>
   <trkpt lat="43.6598950" lon="-79.3905300">
    <ele>102.5</ele>
    <time>2022-03-07T17:42:20Z</time>
   </trkpt>
   <trkpt lat="43.6599080" lon="-79.3905800">
    <ele>102.5</ele>
    <time>2022-03-07T17:42:21Z</time>
   </trkpt>
   <trkpt lat="43.6599100" lon="-79.3906020">
    <ele>102.6</ele>
    <time>2022-03-07T17:42:22Z</time>
   </trkpt>
   <trkpt lat="43.6598980" lon="-79.3906420">
    <ele>102.6</ele>
    <time>2022-03-07T17:42:23Z</time>
   </trkpt>
   <trkpt lat="43.6598860" lon="-79.3906910">
    <ele>102.6</ele>
    <time>2022-03-07T17:42:24Z</time>
   </trkpt>
   <trkpt lat="43.6598810" lon="-79.3907440">
    <ele>102.7</ele>
    <time>2022-03-07T17:42:25Z</time>
   </trkpt>
   <trkpt lat="43.6598800" lon="-79.3907970">
    <ele>102.7</ele>
    <time>2022-03-07T17:42:26Z</time>
   </trkpt>
   <trkpt lat="43.6598710" lon="-79.3908440">
    <ele>102.6</ele>
    <time>2022-03-07T17:42:27Z</time>
   </trkpt>
   <trkpt lat="43.6598700" lon="-79.3908890">
    <ele>102.6</ele>
    <time>2022-03-07T17:42:28Z</time>
   </trkpt>
   <trkpt lat="43.6598710" lon="-79.3909330">
    <ele>102.6</ele>
    <time>2022-03-07T17:42:29Z</time>
   </trkpt>
   <trkpt lat="43.6598610" lon="-79.3909550">
    <ele>102.6</ele>
    <time>2022-03-07T17:42:30Z</time>
   </trkpt>
   <trkpt lat="43.6598550" lon="-79.3909770">
    <ele>102.6</ele>
    <time>2022-03-07T17:42:31Z</time>
   </trkpt>
   <trkpt lat="43.6598480" lon="-79.3910220">
    <ele>102.5</ele>
    <time>2022-03-07T17:42:32Z</time>
   </trkpt>
   <trkpt lat="43.6598460" lon="-79.3910330">
    <ele>102.5</ele>
    <time>2022-03-07T17:42:33Z</time>
   </trkpt>
   <trkpt lat="43.6598350" lon="-79.3910870">
    <ele>102.5</ele>
    <time>2022-03-07T17:42:34Z</time>
   </trkpt>
   <trkpt lat="43.6598290" lon="-79.3911070">
    <ele>102.5</ele>
    <time>2022-03-07T17:42:35Z</time>
   </trkpt>
   <trkpt lat="43.6598150" lon="-79.3911460">
    <ele>102.4</ele>
    <time>2022-03-07T17:42:36Z</time>
   </trkpt>
   <trkpt lat="43.6598060" lon="-79.3911830">
    <ele>102.4</ele>
    <time>2022-03-07T17:42:37Z</time>
   </trkpt>
   <trkpt lat="43.6597940" lon="-79.3912310">
    <ele>102.4</ele>
    <time>2022-03-07T17:42:38Z</time>
   </trkpt>
   <trkpt lat="43.6597900" lon="-79.3912450">
    <ele>102.4</ele>
    <time>2022-03-07T17:42:39Z</time>
   </trkpt>
   <trkpt lat="43.6597760" lon="-79.3912860">
    <ele>102.4</ele>
    <time>2022-03-07T17:42:40Z</time>
   </trkpt>
   <trkpt lat="43.6597730" lon="-79.3913010">
    <ele>102.3</ele>
    <time>2022-03-07T17:42:41Z</time>
   </trkpt>
   <trkpt lat="43.6597360" lon="-79.3913530">
    <ele>102.3</ele>
    <time>2022-03-07T17:42:42Z</time>
   </trkpt>
   <trkpt lat="43.6597360" lon="-79.3913580">
    <ele>102.3</ele>
    <time>2022-03-07T17:42:43Z</time>
   </trkpt>
   <trkpt lat="43.6597230" lon="-79.3913900">
    <ele>102.4</ele>
    <time>2022-03-07T17:42:44Z</time>
   </trkpt>
   <trkpt lat="43.6597070" lon="-79.3914270">
    <ele>102.4</ele>
    <time>2022-03-07T17:42:45Z</time>
   </trkpt>
   <trkpt lat="43.6596950" lon="-79.3914690">
    <ele>102.4</ele>
    <time>2022-03-07T17:42:46Z</time>
   </trkpt>
   <trkpt lat="43.6596930" lon="-79.3914800">
    <ele>102.4</ele>
    <time>2022-03-07T17:42:47Z</time>
   </trkpt>
   <trkpt lat="43.6596950" lon="-79.3915090">
    <ele>102.4</ele>
    <time>2022-03-07T17:42:48Z</time>
   </trkpt>
   <trkpt lat="43.6596950" lon="-79.3915290">
    <ele>102.4</ele>
    <time>2022-03-07T17:42:49Z</time>
   </trkpt>
   <trkpt lat="43.6596950" lon="-79.3915490">
    <ele>102.4</ele>
    <time>2022-03-07T17:42:50Z</time>
   </trkpt>
   <trkpt lat="43.6596880" lon="-79.3915860">
    <ele>102.4</ele>
    <time>2022-03-07T17:42:51Z</time>
   </trkpt>
   <trkpt lat="43.6596770" lon="-79.3916390">
    <ele>102.4</ele>
    <time>2022-03-07T17:42:52Z</time>
   </trkpt>
   <trkpt lat="43.6596670" lon="-79.3916900">
    <ele>102.4</ele>
    <time>2022-03-07T17:42:53Z</time>
   </trkpt>
   <trkpt lat="43.6596660" lon="-79.3917070">
    <ele>102.4</ele>
    <time>2022-03-07T17:42:54Z</time>
   </trkpt>
   <trkpt lat="43.6596570" lon="-79.3917590">
    <ele>102.4</ele>
    <time>2022-03-07T17:42:55Z</time>
   </trkpt>
   <trkpt lat="43.6596490" lon="-79.3917750">
    <ele>102.4</ele>
    <time>2022-03-07T17:42:56Z</time>
   </trkpt>
   <trkpt lat="43.6596420" lon="-79.3918280">
    <ele>102.4</ele>
    <time>2022-03-07T17:42:57Z</time>
   </trkpt>
   <trkpt lat="43.6596380" lon="-79.3918450">
    <ele>102.4</ele>
    <time>2022-03-07T17:42:58Z</time>
   </trkpt>
   <trkpt lat="43.6596270" lon="-79.3918940">
    <ele>102.4</ele>
    <time>2022-03-07T17:42:59Z</time>
   </trkpt>
   <trkpt lat="43.6596250" lon="-79.3919120">
    <ele>102.4</ele>
    <time>2022-03-07T17:43:00Z</time>
   </trkpt>
   <trkpt lat="43.6596360" lon="-79.3919490">
    <ele>102.4</ele>
    <time>2022-03-07T17:43:01Z</time>
   </trkpt>
   <trkpt lat="43.6596300" lon="-79.3919850">
    <ele>102.4</ele>
    <time>2022-03-07T17:43:02Z</time>
   </trkpt>
   <trkpt lat="43.6596230" lon="-79.3920270">
    <ele>102.4</ele>
    <time>2022-03-07T17:43:03Z</time>
   </trkpt>
   <trkpt lat="43.6596260" lon="-79.3920700">
    <ele>102.4</ele>
    <time>2022-03-07T17:43:04Z</time>
   </trkpt>
   <trkpt lat="43.6596280" lon="-79.3921140">
    <ele>102.4</ele>
    <time>2022-03-07T17:43:05Z</time>
   </trkpt>
   <trkpt lat="43.6596280" lon="-79.3921600">
    <ele>102.4</ele>
    <time>2022-03-07T17:43:06Z</time>
   </trkpt>
   <trkpt lat="43.6596260" lon="-79.3921750">
    <ele>102.5</ele>
    <time>2022-03-07T17:43:07Z</time>
   </trkpt>
   <trkpt lat="43.6596170" lon="-79.3922180">
    <ele>102.5</ele>
    <time>2022-03-07T17:43:08Z</time>
   </trkpt>
   <trkpt lat="43.6596140" lon="-79.3922340">
    <ele>102.5</ele>
    <time>2022-03-07T17:43:09Z</time>
   </trkpt>
   <trkpt lat="43.6595970" lon="-79.3922770">
    <ele>102.5</ele>
    <time>2022-03-07T17:43:10Z</time>
   </trkpt>
   <trkpt lat="43.6595890" lon="-79.3922900">
    <ele>102.5</ele>
    <time>2022-03-07T17:43:11Z</time>
   </trkpt>
   <trkpt lat="43.6595650" lon="-79.3923120">
    <ele>102.5</ele>
    <time>2022-03-07T17:43:12Z</time>
   </trkpt>
   <trkpt lat="43.6595370" lon="-79.3923480">
    <ele>102.5</ele>
    <time>2022-03-07T17:43:13Z</time>
   </trkpt>
   <trkpt lat="43.6595250" lon="-79.3923610">
    <ele>102.5</ele>
    <time>2022-03-07T17:43:14Z</time>
   </trkpt>
   <trkpt lat="43.6595020" lon="-79.3924000">
    <ele>102.5</ele>
    <time>2022-03-07T17:43:15Z</time>
   </trkpt>
   <trkpt lat="43.6594950" lon="-79.3924120">
    <ele>102.6</ele>
    <time>2022-03-07T17:43:16Z</time>
   </trkpt>
   <trkpt lat="43.6595170" lon="-79.3924740">
    <ele>102.6</ele>
    <time>2022-03-07T17:43:17Z</time>
   </trkpt>
   <trkpt lat="43.6595100" lon="-79.3925140">
    <ele>102.6</ele>
    <time>2022-03-07T17:43:18Z</time>
   </trkpt>
   <trkpt lat="43.6595120" lon="-79.3925590">
    <ele>102.6</ele>
    <time>2022-03-07T17:43:19Z</time>
   </trkpt>
   <trkpt lat="43.6595030" lon="-79.3926020">
    <ele>102.6</ele>
    <time>2022-03-07T17:43:20Z</time>
   </trkpt>
   <trkpt lat="43.6594950" lon="-79.3926530">
    <ele>102.7</ele>
    <time>2022-03-07T17:43:21Z</time>
   </trkpt>
   <trkpt lat="43.6594910" lon="-79.3926690">
    <ele>102.7</ele>
    <time>2022-03-07T17:43:22Z</time>
   </trkpt>
   <trkpt lat="43.6594810" lon="-79.3927050">
    <ele>102.7</ele>
    <time>2022-03-07T17:43:23Z</time>
   </trkpt>
   <trkpt lat="43.6594590" lon="-79.3927450">
    <ele>102.7</ele>
    <time>2022-03-07T17:43:24Z</time>
   </trkpt>
   <trkpt lat="43.6594370" lon="-79.3927800">
    <ele>102.7</ele>
    <time>2022-03-07T17:43:25Z</time>
   </trkpt>
   <trkpt lat="43.6594280" lon="-79.3927870">
    <ele>102.7</ele>
    <time>2022-03-07T17:43:26Z</time>
   </trkpt>
   <trkpt lat="43.6594050" lon="-79.3928210">
    <ele>102.7</ele>
    <time>2022-03-07T17:43:27Z</time>
   </trkpt>
   <trkpt lat="43.6593970" lon="-79.3928340">
    <ele>102.7</ele>
    <time>2022-03-07T17:43:28Z</time>
   </trkpt>
   <trkpt lat="43.6593830" lon="-79.3928730">
    <ele>102.7</ele>
    <time>2022-03-07T17:43:29Z</time>
   </trkpt>
   <trkpt lat="43.6593780" lon="-79.3928870">
    <ele>102.7</ele>
    <time>2022-03-07T17:43:30Z</time>
   </trkpt>
   <trkpt lat="43.6593600" lon="-79.3929250">
    <ele>102.7</ele>
    <time>2022-03-07T17:43:31Z</time>
   </trkpt>
   <trkpt lat="43.6593550" lon="-79.3929350">
    <ele>102.7</ele>
    <time>2022-03-07T17:43:32Z</time>
   </trkpt>
   <trkpt lat="43.6593380" lon="-79.3929790">
    <ele>102.7</ele>
    <time>2022-03-07T17:43:33Z</time>
   </trkpt>
   <trkpt lat="43.6593310" lon="-79.3929940">
    <ele>102.8</ele>
    <time>2022-03-07T17:43:34Z</time>
   </trkpt>
   <trkpt lat="43.6593160" lon="-79.3930260">
    <ele>102.8</ele>
    <time>2022-03-07T17:43:35Z</time>
   </trkpt>
   <trkpt lat="43.6593100" lon="-79.3930410">
    <ele>102.8</ele>
    <time>2022-03-07T17:43:36Z</time>
   </trkpt>
   <trkpt lat="43.6592930" lon="-79.3930850">
    <ele>102.8</ele>
    <time>2022-03-07T17:43:37Z</time>
   </trkpt>
   <trkpt lat="43.6592880" lon="-79.3931020">
    <ele>102.8</ele>
    <time>2022-03-07T17:43:38Z</time>
   </trkpt>
   <trkpt lat="43.6592680" lon="-79.3931430">
    <ele>102.8</ele>
    <time>2022-03-07T17:43:39Z</time>
   </trkpt>
   <trkpt lat="43.6592640" lon="-79.3931580">
    <ele>102.8</ele>
    <time>2022-03-07T17:43:40Z</time>
   </trkpt>
   <trkpt lat="43.6592590" lon="-79.3932040">
    <ele>102.8</ele>
    <time>2022-03-07T17:43:41Z</time>
   </trkpt>
   <trkpt lat="43.6592590" lon="-79.3932220">
    <ele>102.8</ele>
    <time>2022-03-07T17:43:42Z</time>
   </trkpt>
   <trkpt lat="43.6592630" lon="-79.3932650">
    <ele>102.8</ele>
    <time>2022-03-07T17:43:43Z</time>
   </trkpt>
   <trkpt lat="43.6592840" lon="-79.3933400">
    <ele>102.8</ele>
    <time>2022-03-07T17:43:44Z</time>
   </trkpt>
   <trkpt lat="43.6592910" lon="-79.3933920">
    <ele>102.8</ele>
    <time>2022-03-07T17:43:45Z</time>
   </trkpt>
   <trkpt lat="43.6592930" lon="-79.3934310">
    <ele>102.8</ele>
    <time>2022-03-07T17:43:46Z</time>
   </trkpt>
   <trkpt lat="43.6592830" lon="-79.3934790">
    <ele>102.8</ele>
    <time>2022-03-07T17:43:47Z</time>
   </trkpt>
   <trkpt lat="43.6592790" lon="-79.3934930">
    <ele>102.8</ele>
    <time>2022-03-07T17:43:48Z</time>
   </trkpt>
   <trkpt lat="43.6592700" lon="-79.3935290">
    <ele>102.9</ele>
    <time>2022-03-07T17:43:49Z</time>
   </trkpt>
   <trkpt lat="43.6592600" lon="-79.3935640">
    <ele>102.9</ele>
    <time>2022-03-07T17:43:50Z</time>
   </trkpt>
   <trkpt lat="43.6592470" lon="-79.3936120">
    <ele>102.9</ele>
    <time>2022-03-07T17:43:51Z</time>
   </trkpt>
   <trkpt lat="43.6592410" lon="-79.3936310">
    <ele>102.9</ele>
    <time>2022-03-07T17:43:52Z</time>
   </trkpt>
   <trkpt lat="43.6592410" lon="-79.3936740">
    <ele>102.9</ele>
    <time>2022-03-07T17:43:53Z</time>
   </trkpt>
   <trkpt lat="43.6592330" lon="-79.3937130">
    <ele>102.9</ele>
    <time>2022-03-07T17:43:54Z</time>
   </trkpt>
   <trkpt lat="43.6592240" lon="-79.3937640">
    <ele>102.9</ele>
    <time>2022-03-07T17:43:55Z</time>
   </trkpt>
   <trkpt lat="43.6592200" lon="-79.3937820">
    <ele>102.9</ele>
    <time>2022-03-07T17:43:56Z</time>
   </trkpt>
   <trkpt lat="43.6592060" lon="-79.3938250">
    <ele>103.0</ele>
    <time>2022-03-07T17:43:57Z</time>
   </trkpt>
   <trkpt lat="43.6592020" lon="-79.3938410">
    <ele>103.0</ele>
    <time>2022-03-07T17:43:58Z</time>
   </trkpt>
   <trkpt lat="43.6591940" lon="-79.3938900">
    <ele>103.0</ele>
    <time>2022-03-07T17:43:59Z</time>
   </trkpt>
   <trkpt lat="43.6591930" lon="-79.3939070">
    <ele>103.0</ele>
    <time>2022-03-07T17:44:00Z</time>
   </trkpt>
   <trkpt lat="43.6591950" lon="-79.3939460">
    <ele>103.0</ele>
    <time>2022-03-07T17:44:01Z</time>
   </trkpt>
   <trkpt lat="43.6591910" lon="-79.3939920">
    <ele>103.0</ele>
    <time>2022-03-07T17:44:02Z</time>
   </trkpt>
   <trkpt lat="43.6591850" lon="-79.3940360">
    <ele>103.0</ele>
    <time>2022-03-07T17:44:03Z</time>
   </trkpt>
   <trkpt lat="43.6591750" lon="-79.3940720">
    <ele>103.1</ele>
    <time>2022-03-07T17:44:04Z</time>
   </trkpt>
   <trkpt lat="43.6591700" lon="-79.3941150">
    <ele>103.1</ele>
    <time>2022-03-07T17:44:05Z</time>
   </trkpt>
   <trkpt lat="43.6591630" lon="-79.3941570">
    <ele>103.1</ele>
    <time>2022-03-07T17:44:06Z</time>
   </trkpt>
   <trkpt lat="43.6591610" lon="-79.3942040">
    <ele>103.1</ele>
    <time>2022-03-07T17:44:07Z</time>
   </trkpt>
   <trkpt lat="43.6591530" lon="-79.3942440">
    <ele>103.1</ele>
    <time>2022-03-07T17:44:08Z</time>
   </trkpt>
   <trkpt lat="43.6591460" lon="-79.3942800">
    <ele>103.1</ele>
    <time>2022-03-07T17:44:09Z</time>
   </trkpt>
   <trkpt lat="43.6591450" lon="-79.3943250">
    <ele>103.1</ele>
    <time>2022-03-07T17:44:10Z</time>
   </trkpt>
   <trkpt lat="43.6591450" lon="-79.3943380">
    <ele>103.1</ele>
    <time>2022-03-07T17:44:11Z</time>
   </trkpt>
   <trkpt lat="43.6591420" lon="-79.3943860">
    <ele>103.1</ele>
    <time>2022-03-07T17:44:12Z</time>
   </trkpt>
   <trkpt lat="43.6591400" lon="-79.3944020">
    <ele>103.1</ele>
    <time>2022-03-07T17:44:13Z</time>
   </trkpt>
   <trkpt lat="43.6591430" lon="-79.3944400">
    <ele>103.1</ele>
    <time>2022-03-07T17:44:14Z</time>
   </trkpt>
   <trkpt lat="43.6591370" lon="-79.3944870">
    <ele>103.2</ele>
    <time>2022-03-07T17:44:15Z</time>
   </trkpt>
   <trkpt lat="43.6591320" lon="-79.3945020">
    <ele>103.2</ele>
    <time>2022-03-07T17:44:16Z</time>
   </trkpt>
   <trkpt lat="43.6591360" lon="-79.3945520">
    <ele>103.2</ele>
    <time>2022-03-07T17:44:17Z</time>
   </trkpt>
   <trkpt lat="43.6591260" lon="-79.3945970">
    <ele>103.2</ele>
    <time>2022-03-07T17:44:18Z</time>
   </trkpt>
   <trkpt lat="43.6591220" lon="-79.3946120">
    <ele>103.2</ele>
    <time>2022-03-07T17:44:19Z</time>
   </trkpt>
   <trkpt lat="43.6591210" lon="-79.3946620">
    <ele>103.2</ele>
    <time>2022-03-07T17:44:20Z</time>
   </trkpt>
   <trkpt lat="43.6591200" lon="-79.3946810">
    <ele>103.2</ele>
    <time>2022-03-07T17:44:21Z</time>
   </trkpt>
   <trkpt lat="43.6591150" lon="-79.3947230">
    <ele>103.2</ele>
    <time>2022-03-07T17:44:22Z</time>
   </trkpt>
   <trkpt lat="43.6591180" lon="-79.3947740">
    <ele>103.2</ele>
    <time>2022-03-07T17:44:23Z</time>
   </trkpt>
   <trkpt lat="43.6591180" lon="-79.3948190">
    <ele>103.2</ele>
    <time>2022-03-07T17:44:24Z</time>
   </trkpt>
   <trkpt lat="43.6591190" lon="-79.3948730">
    <ele>103.3</ele>
    <time>2022-03-07T17:44:25Z</time>
   </trkpt>
   <trkpt lat="43.6591170" lon="-79.3948930">
    <ele>103.3</ele>
    <time>2022-03-07T17:44:26Z</time>
   </trkpt>
   <trkpt lat="43.6591150" lon="-79.3949130">
    <ele>103.3</ele>
    <time>2022-03-07T17:44:27Z</time>
   </trkpt>
   <trkpt lat="43.6591090" lon="-79.3949410">
    <ele>103.3</ele>
    <time>2022-03-07T17:44:28Z</time>
   </trkpt>
   <trkpt lat="43.6590970" lon="-79.3949740">
    <ele>103.3</ele>
    <time>2022-03-07T17:44:29Z</time>
   </trkpt>
   <trkpt lat="43.6590930" lon="-79.3949860">
    <ele>103.3</ele>
    <time>2022-03-07T17:44:30Z</time>
   </trkpt>
   <trkpt lat="43.6590910" lon="-79.3950330">
    <ele>103.3</ele>
    <time>2022-03-07T17:44:31Z</time>
   </trkpt>
   <trkpt lat="43.6590930" lon="-79.3950450">
    <ele>103.3</ele>
    <time>2022-03-07T17:44:32Z</time>
   </trkpt>
   <trkpt lat="43.6590870" lon="-79.3950930">
    <ele>103.4</ele>
    <time>2022-03-07T17:44:33Z</time>
   </trkpt>
   <trkpt lat="43.6590850" lon="-79.3951110">
    <ele>103.4</ele>
    <time>2022-03-07T17:44:34Z</time>
   </trkpt>
   <trkpt lat="43.6590790" lon="-79.3951550">
    <ele>103.4</ele>
    <time>2022-03-07T17:44:35Z</time>
   </trkpt>
   <trkpt lat="43.6590770" lon="-79.3951710">
    <ele>103.4</ele>
    <time>2022-03-07T17:44:36Z</time>
   </trkpt>
   <trkpt lat="43.6590700" lon="-79.3952100">
    <ele>103.4</ele>
    <time>2022-03-07T17:44:37Z</time>
   </trkpt>
   <trkpt lat="43.6590670" lon="-79.3952220">
    <ele>103.4</ele>
    <time>2022-03-07T17:44:38Z</time>
   </trkpt>
   <trkpt lat="43.6590500" lon="-79.3952560">
    <ele>103.4</ele>
    <time>2022-03-07T17:44:39Z</time>
   </trkpt>
   <trkpt lat="43.6590440" lon="-79.3952700">
    <ele>103.4</ele>
    <time>2022-03-07T17:44:40Z</time>
   </trkpt>
   <trkpt lat="43.6590330" lon="-79.3953070">
    <ele>103.4</ele>
    <time>2022-03-07T17:44:41Z</time>
   </trkpt>
   <trkpt lat="43.6590170" lon="-79.3953430">
    <ele>103.5</ele>
    <time>2022-03-07T17:44:42Z</time>
   </trkpt>
   <trkpt lat="43.6589950" lon="-79.3953760">
    <ele>103.5</ele>
    <time>2022-03-07T17:44:43Z</time>
   </trkpt>
   <trkpt lat="43.6589870" lon="-79.3953870">
    <ele>103.5</ele>
    <time>2022-03-07T17:44:44Z</time>
   </trkpt>
   <trkpt lat="43.6589750" lon="-79.3954200">
    <ele>103.5</ele>
    <time>2022-03-07T17:44:45Z</time>
   </trkpt>
   <trkpt lat="43.6589690" lon="-79.3954560">
    <ele>103.5</ele>
    <time>2022-03-07T17:44:46Z</time>
   </trkpt>
   <trkpt lat="43.6589700" lon="-79.3955010">
    <ele>103.6</ele>
    <time>2022-03-07T17:44:47Z</time>
   </trkpt>
   <trkpt lat="43.6589620" lon="-79.3955450">
    <ele>103.6</ele>
    <time>2022-03-07T17:44:48Z</time>
   </trkpt>
   <trkpt lat="43.6589550" lon="-79.3955890">
    <ele>103.6</ele>
    <time>2022-03-07T17:44:49Z</time>
   </trkpt>
   <trkpt lat="43.6589520" lon="-79.3956280">
    <ele>103.6</ele>
    <time>2022-03-07T17:44:50Z</time>
   </trkpt>
   <trkpt lat="43.6589460" lon="-79.3956660">
    <ele>103.6</ele>
    <time>2022-03-07T17:44:51Z</time>
   </trkpt>
   <trkpt lat="43.6589320" lon="-79.3956980">
    <ele>103.7</ele>
    <time>2022-03-07T17:44:52Z</time>
   </trkpt>
   <trkpt lat="43.6589150" lon="-79.3957450">
    <ele>103.7</ele>
    <time>2022-03-07T17:44:53Z</time>
   </trkpt>
   <trkpt lat="43.6589070" lon="-79.3957590">
    <ele>103.7</ele>
    <time>2022-03-07T17:44:54Z</time>
   </trkpt>
   <trkpt lat="43.6589000" lon="-79.3958060">
    <ele>103.7</ele>
    <time>2022-03-07T17:44:55Z</time>
   </trkpt>
   <trkpt lat="43.6588980" lon="-79.3958240">
    <ele>103.7</ele>
    <time>2022-03-07T17:44:56Z</time>
   </trkpt>
   <trkpt lat="43.6588920" lon="-79.3958700">
    <ele>103.7</ele>
    <time>2022-03-07T17:44:57Z</time>
   </trkpt>
   <trkpt lat="43.6588900" lon="-79.3958900">
    <ele>103.8</ele>
    <time>2022-03-07T17:44:58Z</time>
   </trkpt>
   <trkpt lat="43.6588730" lon="-79.3959360">
    <ele>103.8</ele>
    <time>2022-03-07T17:44:59Z</time>
   </trkpt>
   <trkpt lat="43.6588680" lon="-79.3959540">
    <ele>103.8</ele>
    <time>2022-03-07T17:45:00Z</time>
   </trkpt>
   <trkpt lat="43.6588410" lon="-79.3959700">
    <ele>103.8</ele>
    <time>2022-03-07T17:45:01Z</time>
   </trkpt>
   <trkpt lat="43.6588310" lon="-79.3959760">
    <ele>103.8</ele>
    <time>2022-03-07T17:45:02Z</time>
   </trkpt>
   <trkpt lat="43.6588280" lon="-79.3959900">
    <ele>103.8</ele>
    <time>2022-03-07T17:45:03Z</time>
   </trkpt>
   <trkpt lat="43.6588230" lon="-79.3959990">
    <ele>103.8</ele>
    <time>2022-03-07T17:45:04Z</time>
   </trkpt>
   <trkpt lat="43.6588180" lon="-79.3960050">
    <ele>103.8</ele>
    <time>2022-03-07T17:45:05Z</time>
   </trkpt>
   <trkpt lat="43.6588200" lon="-79.3960110">
    <ele>103.8</ele>
    <time>2022-03-07T17:45:06Z</time>
   </trkpt>
   <trkpt lat="43.6588190" lon="-79.3960110">
    <ele>103.8</ele>
    <time>2022-03-07T17:45:07Z</time>
   </trkpt>
   <trkpt lat="43.6588170" lon="-79.3960170">
    <ele>103.8</ele>
    <time>2022-03-07T17:45:08Z</time>
   </trkpt>
   <trkpt lat="43.6588130" lon="-79.3960220">
    <ele>103.9</ele>
    <time>2022-03-07T17:45:09Z</time>
   </trkpt>
   <trkpt lat="43.6588130" lon="-79.3960200">
    <ele>103.9</ele>
    <time>2022-03-07T17:45:10Z</time>
   </trkpt>
   <trkpt lat="43.6588120" lon="-79.3960190">
    <ele>103.9</ele>
    <time>2022-03-07T17:45:11Z</time>
   </trkpt>
   <trkpt lat="43.6588110" lon="-79.3960210">
    <ele>103.9</ele>
    <time>2022-03-07T17:45:12Z</time>
   </trkpt>
   <trkpt lat="43.6588120" lon="-79.3960220">
    <ele>103.9</ele>
    <time>2022-03-07T17:45:13Z</time>
   </trkpt>
   <trkpt lat="43.6588120" lon="-79.3960210">
    <ele>103.9</ele>
    <time>2022-03-07T17:45:14Z</time>
   </trkpt>
   <trkpt lat="43.6588150" lon="-79.3960280">
    <ele>103.9</ele>
    <time>2022-03-07T17:45:15Z</time>
   </trkpt>
   <trkpt lat="43.6588150" lon="-79.3960310">
    <ele>103.9</ele>
    <time>2022-03-07T17:45:16Z</time>
   </trkpt>
   <trkpt lat="43.6588180" lon="-79.3960380">
    <ele>103.9</ele>
    <time>2022-03-07T17:45:17Z</time>
   </trkpt>
   <trkpt lat="43.6588180" lon="-79.3960380">
    <ele>103.9</ele>
    <time>2022-03-07T17:45:18Z</time>
   </trkpt>
   <trkpt lat="43.6588180" lon="-79.3960390">
    <ele>103.9</ele>
    <time>2022-03-07T17:45:19Z</time>
   </trkpt>
   <trkpt lat="43.6588170" lon="-79.3960410">
    <ele>103.9</ele>
    <time>2022-03-07T17:45:20Z</time>
   </trkpt>
   <trkpt lat="43.6588170" lon="-79.3960420">
    <ele>103.9</ele>
    <time>2022-03-07T17:45:21Z</time>
   </trkpt>
   <trkpt lat="43.6588160" lon="-79.3960420">
    <ele>103.9</ele>
    <time>2022-03-07T17:45:22Z</time>
   </trkpt>
   <trkpt lat="43.6588140" lon="-79.3960400">
    <ele>103.9</ele>
    <time>2022-03-07T17:45:23Z</time>
   </trkpt>
   <trkpt lat="43.6588120" lon="-79.3960380">
    <ele>103.9</ele>
    <time>2022-03-07T17:45:24Z</time>
   </trkpt>
   <trkpt lat="43.6588060" lon="-79.3960450">
    <ele>103.9</ele>
    <time>2022-03-07T17:45:25Z</time>
   </trkpt>
   <trkpt lat="43.6588010" lon="-79.3960540">
    <ele>103.9</ele>
    <time>2022-03-07T17:45:26Z</time>
   </trkpt>
   <trkpt lat="43.6588040" lon="-79.3960580">
    <ele>103.9</ele>
    <time>2022-03-07T17:45:27Z</time>
   </trkpt>
   <trkpt lat="43.6588070" lon="-79.3960560">
    <ele>103.9</ele>
    <time>2022-03-07T17:45:28Z</time>
   </trkpt>
   <trkpt lat="43.6588040" lon="-79.3960660">
    <ele>103.9</ele>
    <time>2022-03-07T17:45:29Z</time>
   </trkpt>
   <trkpt lat="43.6587910" lon="-79.3960840">
    <ele>103.9</ele>
    <time>2022-03-07T17:45:30Z</time>
   </trkpt>
   <trkpt lat="43.6587860" lon="-79.3961270">
    <ele>103.9</ele>
    <time>2022-03-07T17:45:31Z</time>
   </trkpt>
   <trkpt lat="43.6587830" lon="-79.3961390">
    <ele>103.9</ele>
    <time>2022-03-07T17:45:32Z</time>
   </trkpt>
   <trkpt lat="43.6587850" lon="-79.3961570">
    <ele>103.9</ele>
    <time>2022-03-07T17:45:33Z</time>
   </trkpt>
   <trkpt lat="43.6587910" lon="-79.3961840">
    <ele>104.0</ele>
    <time>2022-03-07T17:45:34Z</time>
   </trkpt>
   <trkpt lat="43.6587960" lon="-79.3962290">
    <ele>104.0</ele>
    <time>2022-03-07T17:45:35Z</time>
   </trkpt>
   <trkpt lat="43.6587960" lon="-79.3962440">
    <ele>104.0</ele>
    <time>2022-03-07T17:45:36Z</time>
   </trkpt>
   <trkpt lat="43.6587970" lon="-79.3962850">
    <ele>104.1</ele>
    <time>2022-03-07T17:45:37Z</time>
   </trkpt>
   <trkpt lat="43.6588020" lon="-79.3963280">
    <ele>104.1</ele>
    <time>2022-03-07T17:45:38Z</time>
   </trkpt>
   <trkpt lat="43.6588030" lon="-79.3963360">
    <ele>104.1</ele>
    <time>2022-03-07T17:45:39Z</time>
   </trkpt>
   <trkpt lat="43.6588140" lon="-79.3963520">
    <ele>104.1</ele>
    <time>2022-03-07T17:45:40Z</time>
   </trkpt>
   <trkpt lat="43.6588250" lon="-79.3963700">
    <ele>104.1</ele>
    <time>2022-03-07T17:45:41Z</time>
   </trkpt>
   <trkpt lat="43.6588470" lon="-79.3964050">
    <ele>104.1</ele>
    <time>2022-03-07T17:45:42Z</time>
   </trkpt>
   <trkpt lat="43.6588570" lon="-79.3964140">
    <ele>104.2</ele>
    <time>2022-03-07T17:45:43Z</time>
   </trkpt>
   <trkpt lat="43.6588800" lon="-79.3964500">
    <ele>104.2</ele>
    <time>2022-03-07T17:45:44Z</time>
   </trkpt>
   <trkpt lat="43.6588860" lon="-79.3964610">
    <ele>104.2</ele>
    <time>2022-03-07T17:45:45Z</time>
   </trkpt>
   <trkpt lat="43.6588990" lon="-79.3964800">
    <ele>104.2</ele>
    <time>2022-03-07T17:45:46Z</time>
   </trkpt>
   <trkpt lat="43.6589100" lon="-79.3964930">
    <ele>104.2</ele>
    <time>2022-03-07T17:45:47Z</time>
   </trkpt>
   <trkpt lat="43.6589190" lon="-79.3965100">
    <ele>104.2</ele>
    <time>2022-03-07T17:45:48Z</time>
   </trkpt>
   <trkpt lat="43.6589340" lon="-79.3965170">
    <ele>104.3</ele>
    <time>2022-03-07T17:45:49Z</time>
   </trkpt>
   <trkpt lat="43.6589550" lon="-79.3965220">
    <ele>104.3</ele>
    <time>2022-03-07T17:45:50Z</time>
   </trkpt>
   <trkpt lat="43.6589670" lon="-79.3965310">
    <ele>104.3</ele>
    <time>2022-03-07T17:45:51Z</time>
   </trkpt>
   <trkpt lat="43.6590070" lon="-79.3965300">
    <ele>104.4</ele>
    <time>2022-03-07T17:45:52Z</time>
   </trkpt>
   <trkpt lat="43.6590220" lon="-79.3965280">
    <ele>104.4</ele>
    <time>2022-03-07T17:45:53Z</time>
   </trkpt>
   <trkpt lat="43.6590540" lon="-79.3965350">
    <ele>104.4</ele>
    <time>2022-03-07T17:45:54Z</time>
   </trkpt>
   <trkpt lat="43.6590630" lon="-79.3965350">
    <ele>104.4</ele>
    <time>2022-03-07T17:45:55Z</time>
   </trkpt>
   <trkpt lat="43.6590900" lon="-79.3965420">
    <ele>104.5</ele>
    <time>2022-03-07T17:45:56Z</time>
   </trkpt>
   <trkpt lat="43.6591290" lon="-79.3965410">
    <ele>104.6</ele>
    <time>2022-03-07T17:45:57Z</time>
   </trkpt>
   <trkpt lat="43.6591420" lon="-79.3965420">
    <ele>104.6</ele>
    <time>2022-03-07T17:45:58Z</time>
   </trkpt>
   <trkpt lat="43.6591560" lon="-79.3965560">
    <ele>104.6</ele>
    <time>2022-03-07T17:45:59Z</time>
   </trkpt>
   <trkpt lat="43.6591710" lon="-79.3965610">
    <ele>104.7</ele>
    <time>2022-03-07T17:46:00Z</time>
   </trkpt>
   <trkpt lat="43.6592070" lon="-79.3965700">
    <ele>104.7</ele>
    <time>2022-03-07T17:46:01Z</time>
   </trkpt>
   <trkpt lat="43.6592200" lon="-79.3965740">
    <ele>104.8</ele>
    <time>2022-03-07T17:46:02Z</time>
   </trkpt>
   <trkpt lat="43.6592650" lon="-79.3965750">
    <ele>104.8</ele>
    <time>2022-03-07T17:46:03Z</time>
   </trkpt>
   <trkpt lat="43.6592820" lon="-79.3965790">
    <ele>104.9</ele>
    <time>2022-03-07T17:46:04Z</time>
   </trkpt>
   <trkpt lat="43.6593170" lon="-79.3965790">
    <ele>104.9</ele>
    <time>2022-03-07T17:46:05Z</time>
   </trkpt>
   <trkpt lat="43.6593300" lon="-79.3965760">
    <ele>105.0</ele>
    <time>2022-03-07T17:46:06Z</time>
   </trkpt>
   <trkpt lat="43.6593580" lon="-79.3965730">
    <ele>105.0</ele>
    <time>2022-03-07T17:46:07Z</time>
   </trkpt>
   <trkpt lat="43.6593880" lon="-79.3965650">
    <ele>105.1</ele>
    <time>2022-03-07T17:46:08Z</time>
   </trkpt>
   <trkpt lat="43.6594200" lon="-79.3965570">
    <ele>105.1</ele>
    <time>2022-03-07T17:46:09Z</time>
   </trkpt>
   <trkpt lat="43.6594310" lon="-79.3965560">
    <ele>105.1</ele>
    <time>2022-03-07T17:46:10Z</time>
   </trkpt>
   <trkpt lat="43.6594600" lon="-79.3965740">
    <ele>105.2</ele>
    <time>2022-03-07T17:46:11Z</time>
   </trkpt>
   <trkpt lat="43.6594710" lon="-79.3965830">
    <ele>105.2</ele>
    <time>2022-03-07T17:46:12Z</time>
   </trkpt>
   <trkpt lat="43.6595000" lon="-79.3965980">
    <ele>105.3</ele>
    <time>2022-03-07T17:46:13Z</time>
   </trkpt>
   <trkpt lat="43.6595110" lon="-79.3966000">
    <ele>105.3</ele>
    <time>2022-03-07T17:46:14Z</time>
   </trkpt>
   <trkpt lat="43.6595390" lon="-79.3966090">
    <ele>105.3</ele>
    <time>2022-03-07T17:46:15Z</time>
   </trkpt>
   <trkpt lat="43.6595760" lon="-79.3966130">
    <ele>105.4</ele>
    <time>2022-03-07T17:46:16Z</time>
   </trkpt>
   <trkpt lat="43.6596160" lon="-79.3966220">
    <ele>105.5</ele>
    <time>2022-03-07T17:46:17Z</time>
   </trkpt>
   <trkpt lat="43.6596290" lon="-79.3966250">
    <ele>105.5</ele>
    <time>2022-03-07T17:46:18Z</time>
   </trkpt>
   <trkpt lat="43.6596640" lon="-79.3966460">
    <ele>105.6</ele>
    <time>2022-03-07T17:46:19Z</time>
   </trkpt>
   <trkpt lat="43.6596730" lon="-79.3966540">
    <ele>105.6</ele>
    <time>2022-03-07T17:46:20Z</time>
   </trkpt>
   <trkpt lat="43.6597080" lon="-79.3966580">
    <ele>105.6</ele>
    <time>2022-03-07T17:46:21Z</time>
   </trkpt>
   <trkpt lat="43.6597360" lon="-79.3966640">
    <ele>105.7</ele>
    <time>2022-03-07T17:46:22Z</time>
   </trkpt>
   <trkpt lat="43.6597640" lon="-79.3966670">
    <ele>105.7</ele>
    <time>2022-03-07T17:46:23Z</time>
   </trkpt>
   <trkpt lat="43.6597990" lon="-79.3966870">
    <ele>105.8</ele>
    <time>2022-03-07T17:46:24Z</time>
   </trkpt>
   <trkpt lat="43.6598160" lon="-79.3966920">
    <ele>105.8</ele>
    <time>2022-03-07T17:46:25Z</time>
   </trkpt>
   <trkpt lat="43.6598500" lon="-79.3967130">
    <ele>105.9</ele>
    <time>2022-03-07T17:46:26Z</time>
   </trkpt>
   <trkpt lat="43.6598630" lon="-79.3967250">
    <ele>105.9</ele>
    <time>2022-03-07T17:46:27Z</time>
   </trkpt>
   <trkpt lat="43.6598900" lon="-79.3967460">
    <ele>106.0</ele>
    <time>2022-03-07T17:46:28Z</time>
   </trkpt>
   <trkpt lat="43.6599250" lon="-79.3967440">
    <ele>106.0</ele>
    <time>2022-03-07T17:46:29Z</time>
   </trkpt>
   <trkpt lat="43.6599570" lon="-79.3967530">
    <ele>106.1</ele>
    <time>2022-03-07T17:46:30Z</time>
   </trkpt>
   <trkpt lat="43.6599680" lon="-79.3967580">
    <ele>106.1</ele>
    <time>2022-03-07T17:46:31Z</time>
   </trkpt>
   <trkpt lat="43.6600070" lon="-79.3968020">
    <ele>106.2</ele>
    <time>2022-03-07T17:46:32Z</time>
   </trkpt>
   <trkpt lat="43.6600350" lon="-79.3968270">
    <ele>106.2</ele>
    <time>2022-03-07T17:46:33Z</time>
   </trkpt>
   <trkpt lat="43.6600700" lon="-79.3968370">
    <ele>106.3</ele>
    <time>2022-03-07T17:46:34Z</time>
   </trkpt>
   <trkpt lat="43.6600810" lon="-79.3968430">
    <ele>106.3</ele>
    <time>2022-03-07T17:46:35Z</time>
   </trkpt>
   <trkpt lat="43.6601090" lon="-79.3968600">
    <ele>106.3</ele>
    <time>2022-03-07T17:46:36Z</time>
   </trkpt>
   <trkpt lat="43.6601450" lon="-79.3968930">
    <ele>106.4</ele>
    <time>2022-03-07T17:46:37Z</time>
   </trkpt>
   <trkpt lat="43.6601730" lon="-79.3969130">
    <ele>106.5</ele>
    <time>2022-03-07T17:46:38Z</time>
   </trkpt>
   <trkpt lat="43.6601840" lon="-79.3969120">
    <ele>106.5</ele>
    <time>2022-03-07T17:46:39Z</time>
   </trkpt>
   <trkpt lat="43.6602180" lon="-79.3969230">
    <ele>106.5</ele>
    <time>2022-03-07T17:46:40Z</time>
   </trkpt>
   <trkpt lat="43.6602270" lon="-79.3969230">
    <ele>106.5</ele>
    <time>2022-03-07T17:46:41Z</time>
   </trkpt>
   <trkpt lat="43.6602540" lon="-79.3969370">
    <ele>106.6</ele>
    <time>2022-03-07T17:46:42Z</time>
   </trkpt>
   <trkpt lat="43.6602850" lon="-79.3969440">
    <ele>106.6</ele>
    <time>2022-03-07T17:46:43Z</time>
   </trkpt>
   <trkpt lat="43.6602980" lon="-79.3969510">
    <ele>106.6</ele>
    <time>2022-03-07T17:46:44Z</time>
   </trkpt>
   <trkpt lat="43.6603080" lon="-79.3969680">
    <ele>106.6</ele>
    <time>2022-03-07T17:46:45Z</time>
   </trkpt>
   <trkpt lat="43.6603190" lon="-79.3969750">
    <ele>106.6</ele>
    <time>2022-03-07T17:46:46Z</time>
   </trkpt>
   <trkpt lat="43.6603550" lon="-79.3969860">
    <ele>106.7</ele>
    <time>2022-03-07T17:46:47Z</time>
   </trkpt>
   <trkpt lat="43.6603680" lon="-79.3969870">
    <ele>106.7</ele>
    <time>2022-03-07T17:46:48Z</time>
   </trkpt>
   <trkpt lat="43.6603970" lon="-79.3969910">
    <ele>106.8</ele>
    <time>2022-03-07T17:46:49Z</time>
   </trkpt>
   <trkpt lat="43.6604320" lon="-79.3969940">
    <ele>106.8</ele>
    <time>2022-03-07T17:46:50Z</time>
   </trkpt>
   <trkpt lat="43.6604430" lon="-79.3969940">
    <ele>106.8</ele>
    <time>2022-03-07T17:46:51Z</time>
   </trkpt>
   <trkpt lat="43.6604570" lon="-79.3970080">
    <ele>106.8</ele>
    <time>2022-03-07T17:46:52Z</time>
   </trkpt>
   <trkpt lat="43.6604710" lon="-79.3970160">
    <ele>106.9</ele>
    <time>2022-03-07T17:46:53Z</time>
   </trkpt>
   <trkpt lat="43.6604850" lon="-79.3970180">
    <ele>106.9</ele>
    <time>2022-03-07T17:46:54Z</time>
   </trkpt>
   <trkpt lat="43.6605000" lon="-79.3970140">
    <ele>106.9</ele>
    <time>2022-03-07T17:46:55Z</time>
   </trkpt>
   <trkpt lat="43.6605290" lon="-79.3970140">
    <ele>106.9</ele>
    <time>2022-03-07T17:46:56Z</time>
   </trkpt>
   <trkpt lat="43.6605400" lon="-79.3970150">
    <ele>106.9</ele>
    <time>2022-03-07T17:46:57Z</time>
   </trkpt>
   <trkpt lat="43.6605700" lon="-79.3970130">
    <ele>106.9</ele>
    <time>2022-03-07T17:46:58Z</time>
   </trkpt>
   <trkpt lat="43.6606010" lon="-79.3970110">
    <ele>107.0</ele>
    <time>2022-03-07T17:46:59Z</time>
   </trkpt>
   <trkpt lat="43.6606370" lon="-79.3970100">
    <ele>107.0</ele>
    <time>2022-03-07T17:47:00Z</time>
   </trkpt>
   <trkpt lat="43.6606640" lon="-79.3970090">
    <ele>107.0</ele>
    <time>2022-03-07T17:47:01Z</time>
   </trkpt>
   <trkpt lat="43.6607010" lon="-79.3970100">
    <ele>107.1</ele>
    <time>2022-03-07T17:47:02Z</time>
   </trkpt>
   <trkpt lat="43.6607130" lon="-79.3970110">
    <ele>107.1</ele>
    <time>2022-03-07T17:47:03Z</time>
   </trkpt>
   <trkpt lat="43.6607520" lon="-79.3970230">
    <ele>107.1</ele>
    <time>2022-03-07T17:47:04Z</time>
   </trkpt>
   <trkpt lat="43.6608030" lon="-79.3970560">
    <ele>107.2</ele>
    <time>2022-03-07T17:47:05Z</time>
   </trkpt>
   <trkpt lat="43.6608420" lon="-79.3970800">
    <ele>107.2</ele>
    <time>2022-03-07T17:47:06Z</time>
   </trkpt>
   <trkpt lat="43.6608660" lon="-79.3971160">
    <ele>107.3</ele>
    <time>2022-03-07T17:47:07Z</time>
   </trkpt>
   <trkpt lat="43.6608720" lon="-79.3971260">
    <ele>107.3</ele>
    <time>2022-03-07T17:47:08Z</time>
   </trkpt>
   <trkpt lat="43.6609010" lon="-79.3971450">
    <ele>107.3</ele>
    <time>2022-03-07T17:47:09Z</time>
   </trkpt>
   <trkpt lat="43.6609150" lon="-79.3971480">
    <ele>107.3</ele>
    <time>2022-03-07T17:47:10Z</time>
   </trkpt>
   <trkpt lat="43.6609510" lon="-79.3971540">
    <ele>107.3</ele>
    <time>2022-03-07T17:47:11Z</time>
   </trkpt>
   <trkpt lat="43.6609630" lon="-79.3971520">
    <ele>107.3</ele>
    <time>2022-03-07T17:47:12Z</time>
   </trkpt>
   <trkpt lat="43.6609880" lon="-79.3971620">
    <ele>107.4</ele>
    <time>2022-03-07T17:47:13Z</time>
   </trkpt>
   <trkpt lat="43.6610000" lon="-79.3971680">
    <ele>107.4</ele>
    <time>2022-03-07T17:47:14Z</time>
   </trkpt>
   <trkpt lat="43.6610180" lon="-79.3971760">
    <ele>107.4</ele>
    <time>2022-03-07T17:47:15Z</time>
   </trkpt>
   <trkpt lat="43.6610330" lon="-79.3971850">
    <ele>107.4</ele>
    <time>2022-03-07T17:47:16Z</time>
   </trkpt>
   <trkpt lat="43.6610420" lon="-79.3972070">
    <ele>107.4</ele>
    <time>2022-03-07T17:47:17Z</time>
   </trkpt>
   <trkpt lat="43.6610600" lon="-79.3972130">
    <ele>107.4</ele>
    <time>2022-03-07T17:47:18Z</time>
   </trkpt>
   <trkpt lat="43.6610780" lon="-79.3972470">
    <ele>107.5</ele>
    <time>2022-03-07T17:47:19Z</time>
   </trkpt>
   <trkpt lat="43.6610860" lon="-79.3972550">
    <ele>107.5</ele>
    <time>2022-03-07T17:47:20Z</time>
   </trkpt>
   <trkpt lat="43.6611180" lon="-79.3972780">
    <ele>107.5</ele>
    <time>2022-03-07T17:47:21Z</time>
   </trkpt>
   <trkpt lat="43.6611310" lon="-79.3972780">
    <ele>107.6</ele>
    <time>2022-03-07T17:47:22Z</time>
   </trkpt>
   <trkpt lat="43.6611680" lon="-79.3972910">
    <ele>107.6</ele>
    <time>2022-03-07T17:47:23Z</time>
   </trkpt>
   <trkpt lat="43.6611790" lon="-79.3972990">
    <ele>107.6</ele>
    <time>2022-03-07T17:47:24Z</time>
   </trkpt>
   <trkpt lat="43.6612070" lon="-79.3973060">
    <ele>107.7</ele>
    <time>2022-03-07T17:47:25Z</time>
   </trkpt>
   <trkpt lat="43.6612310" lon="-79.3973240">
    <ele>107.7</ele>
    <time>2022-03-07T17:47:26Z</time>
   </trkpt>
   <trkpt lat="43.6612650" lon="-79.3973450">
    <ele>107.8</ele>
    <time>2022-03-07T17:47:27Z</time>
   </trkpt>
   <trkpt lat="43.6612770" lon="-79.3973500">
    <ele>107.8</ele>
    <time>2022-03-07T17:47:28Z</time>
   </trkpt>
   <trkpt lat="43.6613030" lon="-79.3973660">
    <ele>107.8</ele>
    <time>2022-03-07T17:47:29Z</time>
   </trkpt>
   <trkpt lat="43.6613320" lon="-79.3973920">
    <ele>107.9</ele>
    <time>2022-03-07T17:47:30Z</time>
   </trkpt>
   <trkpt lat="43.6613600" lon="-79.3974040">
    <ele>107.9</ele>
    <time>2022-03-07T17:47:31Z</time>
   </trkpt>
   <trkpt lat="43.6613880" lon="-79.3974150">
    <ele>108.0</ele>
    <time>2022-03-07T17:47:32Z</time>
   </trkpt>
   <trkpt lat="43.6614000" lon="-79.3974200">
    <ele>108.0</ele>
    <time>2022-03-07T17:47:33Z</time>
   </trkpt>
   <trkpt lat="43.6614230" lon="-79.3974430">
    <ele>108.0</ele>
    <time>2022-03-07T17:47:34Z</time>
   </trkpt>
   <trkpt lat="43.6614460" lon="-79.3974630">
    <ele>108.0</ele>
    <time>2022-03-07T17:47:35Z</time>
   </trkpt>
   <trkpt lat="43.6614770" lon="-79.3974840">
    <ele>108.1</ele>
    <time>2022-03-07T17:47:36Z</time>
   </trkpt>
   <trkpt lat="43.6614870" lon="-79.3974900">
    <ele>108.1</ele>
    <time>2022-03-07T17:47:37Z</time>
   </trkpt>
   <trkpt lat="43.6615150" lon="-79.3974880">
    <ele>108.1</ele>
    <time>2022-03-07T17:47:38Z</time>
   </trkpt>
   <trkpt lat="43.6615450" lon="-79.3974980">
    <ele>108.2</ele>
    <time>2022-03-07T17:47:39Z</time>
   </trkpt>
   <trkpt lat="43.6615870" lon="-79.3975090">
    <ele>108.2</ele>
    <time>2022-03-07T17:47:40Z</time>
   </trkpt>
   <trkpt lat="43.6616020" lon="-79.3975140">
    <ele>108.2</ele>
    <time>2022-03-07T17:47:41Z</time>
   </trkpt>
   <trkpt lat="43.6616310" lon="-79.3975170">
    <ele>108.3</ele>
    <time>2022-03-07T17:47:42Z</time>
   </trkpt>
   <trkpt lat="43.6616660" lon="-79.3975280">
    <ele>108.3</ele>
    <time>2022-03-07T17:47:43Z</time>
   </trkpt>
   <trkpt lat="43.6616930" lon="-79.3975530">
    <ele>108.3</ele>
    <time>2022-03-07T17:47:44Z</time>
   </trkpt>
   <trkpt lat="43.6617280" lon="-79.3975790">
    <ele>108.3</ele>
    <time>2022-03-07T17:47:45Z</time>
   </trkpt>
   <trkpt lat="43.6617390" lon="-79.3975870">
    <ele>108.4</ele>
    <time>2022-03-07T17:47:46Z</time>
   </trkpt>
   <trkpt lat="43.6617690" lon="-79.3976030">
    <ele>108.4</ele>
    <time>2022-03-07T17:47:47Z</time>
   </trkpt>
   <trkpt lat="43.6618010" lon="-79.3976260">
    <ele>108.4</ele>
    <time>2022-03-07T17:47:48Z</time>
   </trkpt>
   <trkpt lat="43.6618110" lon="-79.3976350">
    <ele>108.4</ele>
    <time>2022-03-07T17:47:49Z</time>
   </trkpt>
   <trkpt lat="43.6618470" lon="-79.3976520">
    <ele>108.4</ele>
    <time>2022-03-07T17:47:50Z</time>
   </trkpt>
   <trkpt lat="43.6618610" lon="-79.3976540">
    <ele>108.5</ele>
    <time>2022-03-07T17:47:51Z</time>
   </trkpt>
   <trkpt lat="43.6619010" lon="-79.3976520">
    <ele>108.5</ele>
    <time>2022-03-07T17:47:52Z</time>
   </trkpt>
   <trkpt lat="43.6619150" lon="-79.3976530">
    <ele>108.5</ele>
    <time>2022-03-07T17:47:53Z</time>
   </trkpt>
   <trkpt lat="43.6619520" lon="-79.3976600">
    <ele>108.5</ele>
    <time>2022-03-07T17:47:54Z</time>
   </trkpt>
   <trkpt lat="43.6619660" lon="-79.3976630">
    <ele>108.5</ele>
    <time>2022-03-07T17:47:55Z</time>
   </trkpt>
   <trkpt lat="43.6619920" lon="-79.3976740">
    <ele>108.6</ele>
    <time>2022-03-07T17:47:56Z</time>
   </trkpt>
   <trkpt lat="43.6620230" lon="-79.3976880">
    <ele>108.6</ele>
    <time>2022-03-07T17:47:57Z</time>
   </trkpt>
   <trkpt lat="43.6620290" lon="-79.3976910">
    <ele>108.6</ele>
    <time>2022-03-07T17:47:58Z</time>
   </trkpt>
   <trkpt lat="43.6620540" lon="-79.3976980">
    <ele>108.6</ele>
    <time>2022-03-07T17:47:59Z</time>
   </trkpt>
   <trkpt lat="43.6620670" lon="-79.3977010">
    <ele>108.6</ele>
    <time>2022-03-07T17:48:00Z</time>
   </trkpt>
   <trkpt lat="43.6620970" lon="-79.3977210">
    <ele>108.6</ele>
    <time>2022-03-07T17:48:01Z</time>
   </trkpt>
   <trkpt lat="43.6621270" lon="-79.3977280">
    <ele>108.6</ele>
    <time>2022-03-07T17:48:02Z</time>
   </trkpt>
   <trkpt lat="43.6621610" lon="-79.3977510">
    <ele>108.6</ele>
    <time>2022-03-07T17:48:03Z</time>
   </trkpt>
   <trkpt lat="43.6621730" lon="-79.3977620">
    <ele>108.6</ele>
    <time>2022-03-07T17:48:04Z</time>
   </trkpt>
   <trkpt lat="43.6622010" lon="-79.3977820">
    <ele>108.7</ele>
    <time>2022-03-07T17:48:05Z</time>
   </trkpt>
   <trkpt lat="43.6622340" lon="-79.3978150">
    <ele>108.7</ele>
    <time>2022-03-07T17:48:06Z</time>
   </trkpt>
   <trkpt lat="43.6622450" lon="-79.3978270">
    <ele>108.7</ele>
    <time>2022-03-07T17:48:07Z</time>
   </trkpt>
   <trkpt lat="43.6622650" lon="-79.3978550">
    <ele>108.7</ele>
    <time>2022-03-07T17:48:08Z</time>
   </trkpt>
   <trkpt lat="43.6622850" lon="-79.3978820">
    <ele>108.7</ele>
    <time>2022-03-07T17:48:09Z</time>
   </trkpt>
   <trkpt lat="43.6623100" lon="-79.3979110">
    <ele>108.7</ele>
    <time>2022-03-07T17:48:10Z</time>
   </trkpt>
   <trkpt lat="43.6623160" lon="-79.3979200">
    <ele>108.7</ele>
    <time>2022-03-07T17:48:11Z</time>
   </trkpt>
   <trkpt lat="43.6623430" lon="-79.3979550">
    <ele>108.7</ele>
    <time>2022-03-07T17:48:12Z</time>
   </trkpt>
   <trkpt lat="43.6623500" lon="-79.3979640">
    <ele>108.7</ele>
    <time>2022-03-07T17:48:13Z</time>
   </trkpt>
   <trkpt lat="43.6623770" lon="-79.3979840">
    <ele>108.7</ele>
    <time>2022-03-07T17:48:14Z</time>
   </trkpt>
   <trkpt lat="43.6623850" lon="-79.3979930">
    <ele>108.7</ele>
    <time>2022-03-07T17:48:15Z</time>
   </trkpt>
   <trkpt lat="43.6624140" lon="-79.3980030">
    <ele>108.7</ele>
    <time>2022-03-07T17:48:16Z</time>
   </trkpt>
   <trkpt lat="43.6624230" lon="-79.3980090">
    <ele>108.7</ele>
    <time>2022-03-07T17:48:17Z</time>
   </trkpt>
   <trkpt lat="43.6624600" lon="-79.3980140">
    <ele>108.7</ele>
    <time>2022-03-07T17:48:18Z</time>
   </trkpt>
   <trkpt lat="43.6624740" lon="-79.3980160">
    <ele>108.7</ele>
    <time>2022-03-07T17:48:19Z</time>
   </trkpt>
   <trkpt lat="43.6625030" lon="-79.3980330">
    <ele>108.7</ele>
    <time>2022-03-07T17:48:20Z</time>
   </trkpt>
   <trkpt lat="43.6625430" lon="-79.3980460">
    <ele>108.7</ele>
    <time>2022-03-07T17:48:21Z</time>
   </trkpt>
   <trkpt lat="43.6625850" lon="-79.3980580">
    <ele>108.7</ele>
    <time>2022-03-07T17:48:22Z</time>
   </trkpt>
   <trkpt lat="43.6626010" lon="-79.3980620">
    <ele>108.8</ele>
    <time>2022-03-07T17:48:23Z</time>
   </trkpt>
   <trkpt lat="43.6626320" lon="-79.3980720">
    <ele>108.8</ele>
    <time>2022-03-07T17:48:24Z</time>
   </trkpt>
   <trkpt lat="43.6626640" lon="-79.3980760">
    <ele>108.8</ele>
    <time>2022-03-07T17:48:25Z</time>
   </trkpt>
   <trkpt lat="43.6626950" lon="-79.3980840">
    <ele>108.8</ele>
    <time>2022-03-07T17:48:26Z</time>
   </trkpt>
   <trkpt lat="43.6627270" lon="-79.3980920">
    <ele>108.8</ele>
    <time>2022-03-07T17:48:27Z</time>
   </trkpt>
   <trkpt lat="43.6627680" lon="-79.3981010">
    <ele>108.8</ele>
    <time>2022-03-07T17:48:28Z</time>
   </trkpt>
   <trkpt lat="43.6627850" lon="-79.3981060">
    <ele>108.8</ele>
    <time>2022-03-07T17:48:29Z</time>
   </trkpt>
   <trkpt lat="43.6628190" lon="-79.3981140">
    <ele>108.9</ele>
    <time>2022-03-07T17:48:30Z</time>
   </trkpt>
   <trkpt lat="43.6628330" lon="-79.3981190">
    <ele>108.9</ele>
    <time>2022-03-07T17:48:31Z</time>
   </trkpt>
   <trkpt lat="43.6628580" lon="-79.3981230">
    <ele>108.9</ele>
    <time>2022-03-07T17:48:32Z</time>
   </trkpt>
   <trkpt lat="43.6628700" lon="-79.3981200">
    <ele>108.9</ele>
    <time>2022-03-07T17:48:33Z</time>
   </trkpt>
   <trkpt lat="43.6628820" lon="-79.3981170">
    <ele>108.9</ele>
    <time>2022-03-07T17:48:34Z</time>
   </trkpt>
   <trkpt lat="43.6629040" lon="-79.3981260">
    <ele>108.9</ele>
    <time>2022-03-07T17:48:35Z</time>
   </trkpt>
   <trkpt lat="43.6629120" lon="-79.3981280">
    <ele>108.9</ele>
    <time>2022-03-07T17:48:36Z</time>
   </trkpt>
   <trkpt lat="43.6629190" lon="-79.3981310">
    <ele>108.9</ele>
    <time>2022-03-07T17:48:37Z</time>
   </trkpt>
   <trkpt lat="43.6629490" lon="-79.3981390">
    <ele>109.0</ele>
    <time>2022-03-07T17:48:38Z</time>
   </trkpt>
   <trkpt lat="43.6629620" lon="-79.3981440">
    <ele>109.0</ele>
    <time>2022-03-07T17:48:39Z</time>
   </trkpt>
   <trkpt lat="43.6629930" lon="-79.3981550">
    <ele>109.0</ele>
    <time>2022-03-07T17:48:40Z</time>
   </trkpt>
   <trkpt lat="43.6630050" lon="-79.3981520">
    <ele>109.0</ele>
    <time>2022-03-07T17:48:41Z</time>
   </trkpt>
   <trkpt lat="43.6630400" lon="-79.3981520">
    <ele>109.0</ele>
    <time>2022-03-07T17:48:42Z</time>
   </trkpt>
   <trkpt lat="43.6630520" lon="-79.3981510">
    <ele>109.0</ele>
    <time>2022-03-07T17:48:43Z</time>
   </trkpt>
   <trkpt lat="43.6630850" lon="-79.3981530">
    <ele>109.0</ele>
    <time>2022-03-07T17:48:44Z</time>
   </trkpt>
   <trkpt lat="43.6630970" lon="-79.3981540">
    <ele>109.0</ele>
    <time>2022-03-07T17:48:45Z</time>
   </trkpt>
   <trkpt lat="43.6631260" lon="-79.3981480">
    <ele>109.1</ele>
    <time>2022-03-07T17:48:46Z</time>
   </trkpt>
   <trkpt lat="43.6631340" lon="-79.3981400">
    <ele>109.1</ele>
    <time>2022-03-07T17:48:47Z</time>
   </trkpt>
   <trkpt lat="43.6631640" lon="-79.3981180">
    <ele>109.1</ele>
    <time>2022-03-07T17:48:48Z</time>
   </trkpt>
   <trkpt lat="43.6631770" lon="-79.3981080">
    <ele>109.1</ele>
    <time>2022-03-07T17:48:49Z</time>
   </trkpt>
   <trkpt lat="43.6632110" lon="-79.3981170">
    <ele>109.1</ele>
    <time>2022-03-07T17:48:50Z</time>
   </trkpt>
   <trkpt lat="43.6632240" lon="-79.3981140">
    <ele>109.1</ele>
    <time>2022-03-07T17:48:51Z</time>
   </trkpt>
   <trkpt lat="43.6632620" lon="-79.3981060">
    <ele>109.1</ele>
    <time>2022-03-07T17:48:52Z</time>
   </trkpt>
   <trkpt lat="43.6632750" lon="-79.3981030">
    <ele>109.1</ele>
    <time>2022-03-07T17:48:53Z</time>
   </trkpt>
   <trkpt lat="43.6633070" lon="-79.3981130">
    <ele>109.1</ele>
    <time>2022-03-07T17:48:54Z</time>
   </trkpt>
   <trkpt lat="43.6633460" lon="-79.3982050">
    <ele>109.1</ele>
    <time>2022-03-07T17:48:55Z</time>
   </trkpt>
   <trkpt lat="43.6633860" lon="-79.3982740">
    <ele>109.2</ele>
    <time>2022-03-07T17:48:56Z</time>
   </trkpt>
   <trkpt lat="43.6634200" lon="-79.3983030">
    <ele>109.2</ele>
    <time>2022-03-07T17:48:57Z</time>
   </trkpt>
   <trkpt lat="43.6634480" lon="-79.3983280">
    <ele>109.2</ele>
    <time>2022-03-07T17:48:58Z</time>
   </trkpt>
   <trkpt lat="43.6634800" lon="-79.3983450">
    <ele>109.2</ele>
    <time>2022-03-07T17:48:59Z</time>
   </trkpt>
   <trkpt lat="43.6634920" lon="-79.3983490">
    <ele>109.2</ele>
    <time>2022-03-07T17:49:00Z</time>
   </trkpt>
   <trkpt lat="43.6635220" lon="-79.3983610">
    <ele>109.3</ele>
    <time>2022-03-07T17:49:01Z</time>
   </trkpt>
   <trkpt lat="43.6635490" lon="-79.3983740">
    <ele>109.3</ele>
    <time>2022-03-07T17:49:02Z</time>
   </trkpt>
   <trkpt lat="43.6635850" lon="-79.3983970">
    <ele>109.3</ele>
    <time>2022-03-07T17:49:03Z</time>
   </trkpt>
   <trkpt lat="43.6635980" lon="-79.3984080">
    <ele>109.4</ele>
    <time>2022-03-07T17:49:04Z</time>
   </trkpt>
   <trkpt lat="43.6636280" lon="-79.3984280">
    <ele>109.4</ele>
    <time>2022-03-07T17:49:05Z</time>
   </trkpt>
   <trkpt lat="43.6636380" lon="-79.3984440">
    <ele>109.4</ele>
    <time>2022-03-07T17:49:06Z</time>
   </trkpt>
   <trkpt lat="43.6636600" lon="-79.3984720">
    <ele>109.4</ele>
    <time>2022-03-07T17:49:07Z</time>
   </trkpt>
   <trkpt lat="43.6636810" lon="-79.3985000">
    <ele>109.5</ele>
    <time>2022-03-07T17:49:08Z</time>
   </trkpt>
   <trkpt lat="43.6636990" lon="-79.3985280">
    <ele>109.5</ele>
    <time>2022-03-07T17:49:09Z</time>
   </trkpt>
   <trkpt lat="43.6637090" lon="-79.3985720">
    <ele>109.5</ele>
    <time>2022-03-07T17:49:10Z</time>
   </trkpt>
   <trkpt lat="43.6637120" lon="-79.3985890">
    <ele>109.6</ele>
    <time>2022-03-07T17:49:11Z</time>
   </trkpt>
   <trkpt lat="43.6637130" lon="-79.3986470">
    <ele>109.6</ele>
    <time>2022-03-07T17:49:12Z</time>
   </trkpt>
   <trkpt lat="43.6637140" lon="-79.3986680">
    <ele>109.6</ele>
    <time>2022-03-07T17:49:13Z</time>
   </trkpt>
   <trkpt lat="43.6637230" lon="-79.3987250">
    <ele>109.7</ele>
    <time>2022-03-07T17:49:14Z</time>
   </trkpt>
   <trkpt lat="43.6637270" lon="-79.3987450">
    <ele>109.7</ele>
    <time>2022-03-07T17:49:15Z</time>
   </trkpt>
   <trkpt lat="43.6637270" lon="-79.3987880">
    <ele>109.8</ele>
    <time>2022-03-07T17:49:16Z</time>
   </trkpt>
   <trkpt lat="43.6637240" lon="-79.3988360">
    <ele>109.8</ele>
    <time>2022-03-07T17:49:17Z</time>
   </trkpt>
   <trkpt lat="43.6637220" lon="-79.3988520">
    <ele>109.8</ele>
    <time>2022-03-07T17:49:18Z</time>
   </trkpt>
   <trkpt lat="43.6637110" lon="-79.3989020">
    <ele>109.9</ele>
    <time>2022-03-07T17:49:19Z</time>
   </trkpt>
   <trkpt lat="43.6637090" lon="-79.3989190">
    <ele>109.9</ele>
    <time>2022-03-07T17:49:20Z</time>
   </trkpt>
   <trkpt lat="43.6636960" lon="-79.3989650">
    <ele>109.9</ele>
    <time>2022-03-07T17:49:21Z</time>
   </trkpt>
   <trkpt lat="43.6636930" lon="-79.3989800">
    <ele>109.9</ele>
    <time>2022-03-07T17:49:22Z</time>
   </trkpt>
   <trkpt lat="43.6636960" lon="-79.3990320">
    <ele>109.9</ele>
    <time>2022-03-07T17:49:23Z</time>
   </trkpt>
   <trkpt lat="43.6636910" lon="-79.3990530">
    <ele>109.9</ele>
    <time>2022-03-07T17:49:24Z</time>
   </trkpt>
   <trkpt lat="43.6636860" lon="-79.3990930">
    <ele>109.9</ele>
    <time>2022-03-07T17:49:25Z</time>
   </trkpt>
   <trkpt lat="43.6636690" lon="-79.3991230">
    <ele>109.9</ele>
    <time>2022-03-07T17:49:26Z</time>
   </trkpt>
   <trkpt lat="43.6636550" lon="-79.3991730">
    <ele>109.9</ele>
    <time>2022-03-07T17:49:27Z</time>
   </trkpt>
   <trkpt lat="43.6636510" lon="-79.3991900">
    <ele>109.9</ele>
    <time>2022-03-07T17:49:28Z</time>
   </trkpt>
   <trkpt lat="43.6636370" lon="-79.3992310">
    <ele>109.9</ele>
    <time>2022-03-07T17:49:29Z</time>
   </trkpt>
   <trkpt lat="43.6636320" lon="-79.3992460">
    <ele>110.0</ele>
    <time>2022-03-07T17:49:30Z</time>
   </trkpt>
   <trkpt lat="43.6636180" lon="-79.3992860">
    <ele>110.0</ele>
    <time>2022-03-07T17:49:31Z</time>
   </trkpt>
   <trkpt lat="43.6636130" lon="-79.3992980">
    <ele>110.0</ele>
    <time>2022-03-07T17:49:32Z</time>
   </trkpt>
   <trkpt lat="43.6636060" lon="-79.3993410">
    <ele>110.0</ele>
    <time>2022-03-07T17:49:33Z</time>
   </trkpt>
   <trkpt lat="43.6636010" lon="-79.3993480">
    <ele>110.0</ele>
    <time>2022-03-07T17:49:34Z</time>
   </trkpt>
   <trkpt lat="43.6635950" lon="-79.3993850">
    <ele>110.0</ele>
    <time>2022-03-07T17:49:35Z</time>
   </trkpt>
   <trkpt lat="43.6636000" lon="-79.3994000">
    <ele>110.0</ele>
    <time>2022-03-07T17:49:36Z</time>
   </trkpt>
   <trkpt lat="43.6635820" lon="-79.3994370">
    <ele>110.0</ele>
    <time>2022-03-07T17:49:37Z</time>
   </trkpt>
   <trkpt lat="43.6635780" lon="-79.3994510">
    <ele>110.0</ele>
    <time>2022-03-07T17:49:38Z</time>
   </trkpt>
   <trkpt lat="43.6635690" lon="-79.3995010">
    <ele>110.0</ele>
    <time>2022-03-07T17:49:39Z</time>
   </trkpt>
   <trkpt lat="43.6635710" lon="-79.3995200">
    <ele>110.0</ele>
    <time>2022-03-07T17:49:40Z</time>
   </trkpt>
   <trkpt lat="43.6635700" lon="-79.3995740">
    <ele>110.0</ele>
    <time>2022-03-07T17:49:41Z</time>
   </trkpt>
   <trkpt lat="43.6635700" lon="-79.3995930">
    <ele>110.0</ele>
    <time>2022-03-07T17:49:42Z</time>
   </trkpt>
   <trkpt lat="43.6635690" lon="-79.3996310">
    <ele>110.0</ele>
    <time>2022-03-07T17:49:43Z</time>
   </trkpt>
   <trkpt lat="43.6635580" lon="-79.3996720">
    <ele>110.0</ele>
    <time>2022-03-07T17:49:44Z</time>
   </trkpt>
   <trkpt lat="43.6635440" lon="-79.3997120">
    <ele>110.0</ele>
    <time>2022-03-07T17:49:45Z</time>
   </trkpt>
   <trkpt lat="43.6635310" lon="-79.3997520">
    <ele>110.1</ele>
    <time>2022-03-07T17:49:46Z</time>
   </trkpt>
   <trkpt lat="43.6635190" lon="-79.3997990">
    <ele>110.1</ele>
    <time>2022-03-07T17:49:47Z</time>
   </trkpt>
   <trkpt lat="43.6635150" lon="-79.3998160">
    <ele>110.1</ele>
    <time>2022-03-07T17:49:48Z</time>
   </trkpt>
   <trkpt lat="43.6634940" lon="-79.3998540">
    <ele>110.1</ele>
    <time>2022-03-07T17:49:49Z</time>
   </trkpt>
   <trkpt lat="43.6634870" lon="-79.3998660">
    <ele>110.1</ele>
    <time>2022-03-07T17:49:50Z</time>
   </trkpt>
   <trkpt lat="43.6634740" lon="-79.3999050">
    <ele>110.1</ele>
    <time>2022-03-07T17:49:51Z</time>
   </trkpt>
   <trkpt lat="43.6634700" lon="-79.3999210">
    <ele>110.1</ele>
    <time>2022-03-07T17:49:52Z</time>
   </trkpt>
   <trkpt lat="43.6634610" lon="-79.3999470">
    <ele>110.2</ele>
    <time>2022-03-07T17:49:53Z</time>
   </trkpt>
   <trkpt lat="43.6634590" lon="-79.3999650">
    <ele>110.2</ele>
    <time>2022-03-07T17:49:54Z</time>
   </trkpt>
   <trkpt lat="43.6634570" lon="-79.3999780">
    <ele>110.2</ele>
    <time>2022-03-07T17:49:55Z</time>
   </trkpt>
   <trkpt lat="43.6634450" lon="-79.3999750">
    <ele>110.2</ele>
    <time>2022-03-07T17:49:56Z</time>
   </trkpt>
   <trkpt lat="43.6634400" lon="-79.3999710">
    <ele>110.2</ele>
    <time>2022-03-07T17:49:57Z</time>
   </trkpt>
   <trkpt lat="43.6634390" lon="-79.3999710">
    <ele>110.2</ele>
    <time>2022-03-07T17:49:58Z</time>
   </trkpt>
   <trkpt lat="43.6634360" lon="-79.3999690">
    <ele>110.2</ele>
    <time>2022-03-07T17:49:59Z</time>
   </trkpt>
   <trkpt lat="43.6634340" lon="-79.3999700">
    <ele>110.2</ele>
    <time>2022-03-07T17:50:00Z</time>
   </trkpt>
   <trkpt lat="43.6634340" lon="-79.3999700">
    <ele>110.2</ele>
    <time>2022-03-07T17:50:01Z</time>
   </trkpt>
   <trkpt lat="43.6634330" lon="-79.3999710">
    <ele>110.2</ele>
    <time>2022-03-07T17:50:02Z</time>
   </trkpt>
   <trkpt lat="43.6634320" lon="-79.3999710">
    <ele>110.2</ele>
    <time>2022-03-07T17:50:03Z</time>
   </trkpt>
   <trkpt lat="43.6634330" lon="-79.3999700">
    <ele>110.2</ele>
    <time>2022-03-07T17:50:04Z</time>
   </trkpt>
   <trkpt lat="43.6634330" lon="-79.3999650">
    <ele>110.2</ele>
    <time>2022-03-07T17:50:05Z</time>
   </trkpt>
   <trkpt lat="43.6634340" lon="-79.3999670">
    <ele>110.2</ele>
    <time>2022-03-07T17:50:06Z</time>
   </trkpt>
   <trkpt lat="43.6634360" lon="-79.3999700">
    <ele>110.2</ele>
    <time>2022-03-07T17:50:07Z</time>
   </trkpt>
   <trkpt lat="43.6634390" lon="-79.3999740">
    <ele>110.2</ele>
    <time>2022-03-07T17:50:08Z</time>
   </trkpt>
   <trkpt lat="43.6634410" lon="-79.3999820">
    <ele>110.2</ele>
    <time>2022-03-07T17:50:09Z</time>
   </trkpt>
   <trkpt lat="43.6634430" lon="-79.3999770">
    <ele>110.2</ele>
    <time>2022-03-07T17:50:10Z</time>
   </trkpt>
   <trkpt lat="43.6634390" lon="-79.3999720">
    <ele>110.2</ele>
    <time>2022-03-07T17:50:11Z</time>
   </trkpt>
   <trkpt lat="43.6634380" lon="-79.3999710">
    <ele>110.2</ele>
    <time>2022-03-07T17:50:12Z</time>
   </trkpt>
   <trkpt lat="43.6634380" lon="-79.3999710">
    <ele>110.2</ele>
    <time>2022-03-07T17:50:13Z</time>
   </trkpt>
   <trkpt lat="43.6634380" lon="-79.3999700">
    <ele>110.2</ele>
    <time>2022-03-07T17:50:14Z</time>
   </trkpt>
   <trkpt lat="43.6634380" lon="-79.3999700">
    <ele>110.2</ele>
    <time>2022-03-07T17:50:15Z</time>
   </trkpt>
   <trkpt lat="43.6634380" lon="-79.3999700">
    <ele>110.2</ele>
    <time>2022-03-07T17:50:16Z</time>
   </trkpt>
   <trkpt lat="43.6634380" lon="-79.3999710">
    <ele>110.2</ele>
    <time>2022-03-07T17:50:17Z</time>
   </trkpt>
   <trkpt lat="43.6634380" lon="-79.3999710">
    <ele>110.2</ele>
    <time>2022-03-07T17:50:18Z</time>
   </trkpt>
   <trkpt lat="43.6634370" lon="-79.3999720">
    <ele>110.2</ele>
    <time>2022-03-07T17:50:19Z</time>
   </trkpt>
   <trkpt lat="43.6634380" lon="-79.3999740">
    <ele>110.2</ele>
    <time>2022-03-07T17:50:20Z</time>
   </trkpt>
   <trkpt lat="43.6634390" lon="-79.3999750">
    <ele>110.2</ele>
    <time>2022-03-07T17:50:21Z</time>
   </trkpt>
   <trkpt lat="43.6634380" lon="-79.3999880">
    <ele>110.2</ele>
    <time>2022-03-07T17:50:22Z</time>
   </trkpt>
   <trkpt lat="43.6634420" lon="-79.3999940">
    <ele>110.2</ele>
    <time>2022-03-07T17:50:23Z</time>
   </trkpt>
   <trkpt lat="43.6634470" lon="-79.3999950">
    <ele>110.2</ele>
    <time>2022-03-07T17:50:24Z</time>
   </trkpt>
   <trkpt lat="43.6634470" lon="-79.3999970">
    <ele>110.2</ele>
    <time>2022-03-07T17:50:25Z</time>
   </trkpt>
   <trkpt lat="43.6634380" lon="-79.3999980">
    <ele>110.2</ele>
    <time>2022-03-07T17:50:26Z</time>
   </trkpt>
   <trkpt lat="43.6634340" lon="-79.3999940">
    <ele>110.2</ele>
    <time>2022-03-07T17:50:27Z</time>
   </trkpt>
   <trkpt lat="43.6634330" lon="-79.3999970">
    <ele>110.2</ele>
    <time>2022-03-07T17:50:28Z</time>
   </trkpt>
   <trkpt lat="43.6634330" lon="-79.3999930">
    <ele>110.2</ele>
    <time>2022-03-07T17:50:29Z</time>
   </trkpt>
   <trkpt lat="43.6634310" lon="-79.3999900">
    <ele>110.2</ele>
    <time>2022-03-07T17:50:30Z</time>
   </trkpt>
   <trkpt lat="43.6634290" lon="-79.3999830">
    <ele>110.2</ele>
    <time>2022-03-07T17:50:31Z</time>
   </trkpt>
   <trkpt lat="43.6634280" lon="-79.3999860">
    <ele>110.2</ele>
    <time>2022-03-07T17:50:32Z</time>
   </trkpt>
   <trkpt lat="43.6634210" lon="-79.3999990">
    <ele>110.2</ele>
    <time>2022-03-07T17:50:33Z</time>
   </trkpt>
   <trkpt lat="43.6634240" lon="-79.4000310">
    <ele>110.2</ele>
    <time>2022-03-07T17:50:34Z</time>
   </trkpt>
   <trkpt lat="43.6634170" lon="-79.4000710">
    <ele>110.2</ele>
    <time>2022-03-07T17:50:35Z</time>
   </trkpt>
   <trkpt lat="43.6634080" lon="-79.4000840">
    <ele>110.2</ele>
    <time>2022-03-07T17:50:36Z</time>
   </trkpt>
   <trkpt lat="43.6633860" lon="-79.4001060">
    <ele>110.2</ele>
    <time>2022-03-07T17:50:37Z</time>
   </trkpt>
   <trkpt lat="43.6633530" lon="-79.4001540">
    <ele>110.2</ele>
    <time>2022-03-07T17:50:38Z</time>
   </trkpt>
   <trkpt lat="43.6633330" lon="-79.4001750">
    <ele>110.2</ele>
    <time>2022-03-07T17:50:39Z</time>
   </trkpt>
   <trkpt lat="43.6633110" lon="-79.4001990">
    <ele>110.3</ele>
    <time>2022-03-07T17:50:40Z</time>
   </trkpt>
   <trkpt lat="43.6632940" lon="-79.4002490">
    <ele>110.3</ele>
    <time>2022-03-07T17:50:41Z</time>
   </trkpt>
   <trkpt lat="43.6632880" lon="-79.4002680">
    <ele>110.3</ele>
    <time>2022-03-07T17:50:42Z</time>
   </trkpt>
   <trkpt lat="43.6632920" lon="-79.4003250">
    <ele>110.3</ele>
    <time>2022-03-07T17:50:43Z</time>
   </trkpt>
   <trkpt lat="43.6632930" lon="-79.4003450">
    <ele>110.3</ele>
    <time>2022-03-07T17:50:44Z</time>
   </trkpt>
   <trkpt lat="43.6632880" lon="-79.4003940">
    <ele>110.3</ele>
    <time>2022-03-07T17:50:45Z</time>
   </trkpt>
   <trkpt lat="43.6632860" lon="-79.4004120">
    <ele>110.3</ele>
    <time>2022-03-07T17:50:46Z</time>
   </trkpt>
   <trkpt lat="43.6632890" lon="-79.4004650">
    <ele>110.3</ele>
    <time>2022-03-07T17:50:47Z</time>
   </trkpt>
   <trkpt lat="43.6632950" lon="-79.4004840">
    <ele>110.3</ele>
    <time>2022-03-07T17:50:48Z</time>
   </trkpt>
   <trkpt lat="43.6632920" lon="-79.4005260">
    <ele>110.3</ele>
    <time>2022-03-07T17:50:49Z</time>
   </trkpt>
   <trkpt lat="43.6632850" lon="-79.4005780">
    <ele>110.3</ele>
    <time>2022-03-07T17:50:50Z</time>
   </trkpt>
   <trkpt lat="43.6632820" lon="-79.4005960">
    <ele>110.3</ele>
    <time>2022-03-07T17:50:51Z</time>
   </trkpt>
   <trkpt lat="43.6632710" lon="-79.4006510">
    <ele>110.3</ele>
    <time>2022-03-07T17:50:52Z</time>
   </trkpt>
   <trkpt lat="43.6632640" lon="-79.4006760">
    <ele>110.3</ele>
    <time>2022-03-07T17:50:53Z</time>
   </trkpt>
   <trkpt lat="43.6632600" lon="-79.4007210">
    <ele>110.3</ele>
    <time>2022-03-07T17:50:54Z</time>
   </trkpt>
   <trkpt lat="43.6632540" lon="-79.4007780">
    <ele>110.3</ele>
    <time>2022-03-07T17:50:55Z</time>
   </trkpt>
   <trkpt lat="43.6632480" lon="-79.4007990">
    <ele>110.3</ele>
    <time>2022-03-07T17:50:56Z</time>
   </trkpt>
   <trkpt lat="43.6632360" lon="-79.4008470">
    <ele>110.4</ele>
    <time>2022-03-07T17:50:58Z</time>
   </trkpt>
   <trkpt lat="43.6632330" lon="-79.4008630">
    <ele>110.4</ele>
    <time>2022-03-07T17:50:59Z</time>
   </trkpt>
   <trkpt lat="43.6632400" lon="-79.4009050">
    <ele>110.4</ele>
    <time>2022-03-07T17:51:00Z</time>
   </trkpt>
   <trkpt lat="43.6632460" lon="-79.4009440">
    <ele>110.4</ele>
    <time>2022-03-07T17:51:01Z</time>
   </trkpt>
   <trkpt lat="43.6632510" lon="-79.4009560">
    <ele>110.4</ele>
    <time>2022-03-07T17:51:02Z</time>
   </trkpt>
   <trkpt lat="43.6632620" lon="-79.4010050">
    <ele>110.4</ele>
    <time>2022-03-07T17:51:03Z</time>
   </trkpt>
   <trkpt lat="43.6632660" lon="-79.4010230">
    <ele>110.4</ele>
    <time>2022-03-07T17:51:04Z</time>
   </trkpt>
   <trkpt lat="43.6632770" lon="-79.4010740">
    <ele>110.4</ele>
    <time>2022-03-07T17:51:05Z</time>
   </trkpt>
   <trkpt lat="43.6632860" lon="-79.4010900">
    <ele>110.4</ele>
    <time>2022-03-07T17:51:06Z</time>
   </trkpt>
   <trkpt lat="43.6633010" lon="-79.4011380">
    <ele>110.4</ele>
    <time>2022-03-07T17:51:07Z</time>
   </trkpt>
   <trkpt lat="43.6633080" lon="-79.4011540">
    <ele>110.4</ele>
    <time>2022-03-07T17:51:08Z</time>
   </trkpt>
   <trkpt lat="43.6633120" lon="-79.4012000">
    <ele>110.4</ele>
    <time>2022-03-07T17:51:09Z</time>
   </trkpt>
   <trkpt lat="43.6633130" lon="-79.4012130">
    <ele>110.4</ele>
    <time>2022-03-07T17:51:10Z</time>
   </trkpt>
   <trkpt lat="43.6633070" lon="-79.4012670">
    <ele>110.4</ele>
    <time>2022-03-07T17:51:11Z</time>
   </trkpt>
   <trkpt lat="43.6633060" lon="-79.4012870">
    <ele>110.4</ele>
    <time>2022-03-07T17:51:12Z</time>
   </trkpt>
   <trkpt lat="43.6632990" lon="-79.4013320">
    <ele>110.4</ele>
    <time>2022-03-07T17:51:13Z</time>
   </trkpt>
   <trkpt lat="43.6632910" lon="-79.4013750">
    <ele>110.4</ele>
    <time>2022-03-07T17:51:14Z</time>
   </trkpt>
   <trkpt lat="43.6632820" lon="-79.4014160">
    <ele>110.4</ele>
    <time>2022-03-07T17:51:15Z</time>
   </trkpt>
   <trkpt lat="43.6632730" lon="-79.4014710">
    <ele>110.4</ele>
    <time>2022-03-07T17:51:16Z</time>
   </trkpt>
   <trkpt lat="43.6632710" lon="-79.4014910">
    <ele>110.4</ele>
    <time>2022-03-07T17:51:17Z</time>
   </trkpt>
   <trkpt lat="43.6632730" lon="-79.4015370">
    <ele>110.4</ele>
    <time>2022-03-07T17:51:18Z</time>
   </trkpt>
   <trkpt lat="43.6632460" lon="-79.4015790">
    <ele>110.4</ele>
    <time>2022-03-07T17:51:19Z</time>
   </trkpt>
   <trkpt lat="43.6632180" lon="-79.4016080">
    <ele>110.4</ele>
    <time>2022-03-07T17:51:20Z</time>
   </trkpt>
   <trkpt lat="43.6631940" lon="-79.4016420">
    <ele>110.4</ele>
    <time>2022-03-07T17:51:21Z</time>
   </trkpt>
   <trkpt lat="43.6631680" lon="-79.4016840">
    <ele>110.4</ele>
    <time>2022-03-07T17:51:22Z</time>
   </trkpt>
   <trkpt lat="43.6631520" lon="-79.4017210">
    <ele>110.4</ele>
    <time>2022-03-07T17:51:23Z</time>
   </trkpt>
   <trkpt lat="43.6631350" lon="-79.4017520">
    <ele>110.4</ele>
    <time>2022-03-07T17:51:24Z</time>
   </trkpt>
   <trkpt lat="43.6631120" lon="-79.4017780">
    <ele>110.4</ele>
    <time>2022-03-07T17:51:25Z</time>
   </trkpt>
   <trkpt lat="43.6631040" lon="-79.4017920">
    <ele>110.4</ele>
    <time>2022-03-07T17:51:26Z</time>
   </trkpt>
   <trkpt lat="43.6630850" lon="-79.4018350">
    <ele>110.4</ele>
    <time>2022-03-07T17:51:27Z</time>
   </trkpt>
   <trkpt lat="43.6630810" lon="-79.4018500">
    <ele>110.4</ele>
    <time>2022-03-07T17:51:28Z</time>
   </trkpt>
   <trkpt lat="43.6630680" lon="-79.4018850">
    <ele>110.5</ele>
    <time>2022-03-07T17:51:29Z</time>
   </trkpt>
   <trkpt lat="43.6630570" lon="-79.4019210">
    <ele>110.5</ele>
    <time>2022-03-07T17:51:30Z</time>
   </trkpt>
   <trkpt lat="43.6630470" lon="-79.4019590">
    <ele>110.5</ele>
    <time>2022-03-07T17:51:31Z</time>
   </trkpt>
   <trkpt lat="43.6630380" lon="-79.4019980">
    <ele>110.5</ele>
    <time>2022-03-07T17:51:32Z</time>
   </trkpt>
   <trkpt lat="43.6630280" lon="-79.4020340">
    <ele>110.5</ele>
    <time>2022-03-07T17:51:33Z</time>
   </trkpt>
   <trkpt lat="43.6630160" lon="-79.4020780">
    <ele>110.5</ele>
    <time>2022-03-07T17:51:34Z</time>
   </trkpt>
   <trkpt lat="43.6630130" lon="-79.4020950">
    <ele>110.5</ele>
    <time>2022-03-07T17:51:35Z</time>
   </trkpt>
   <trkpt lat="43.6629990" lon="-79.4021390">
    <ele>110.5</ele>
    <time>2022-03-07T17:51:36Z</time>
   </trkpt>
   <trkpt lat="43.6629940" lon="-79.4021510">
    <ele>110.5</ele>
    <time>2022-03-07T17:51:37Z</time>
   </trkpt>
   <trkpt lat="43.6629860" lon="-79.4022040">
    <ele>110.6</ele>
    <time>2022-03-07T17:51:38Z</time>
   </trkpt>
   <trkpt lat="43.6629850" lon="-79.4022230">
    <ele>110.6</ele>
    <time>2022-03-07T17:51:39Z</time>
   </trkpt>
   <trkpt lat="43.6629780" lon="-79.4022640">
    <ele>110.6</ele>
    <time>2022-03-07T17:51:40Z</time>
   </trkpt>
   <trkpt lat="43.6629700" lon="-79.4023180">
    <ele>110.5</ele>
    <time>2022-03-07T17:51:41Z</time>
   </trkpt>
   <trkpt lat="43.6629680" lon="-79.4023410">
    <ele>110.5</ele>
    <time>2022-03-07T17:51:42Z</time>
   </trkpt>
   <trkpt lat="43.6629650" lon="-79.4023800">
    <ele>110.5</ele>
    <time>2022-03-07T17:51:43Z</time>
   </trkpt>
   <trkpt lat="43.6629520" lon="-79.4024270">
    <ele>110.5</ele>
    <time>2022-03-07T17:51:44Z</time>
   </trkpt>
   <trkpt lat="43.6629480" lon="-79.4024470">
    <ele>110.5</ele>
    <time>2022-03-07T17:51:45Z</time>
   </trkpt>
   <trkpt lat="43.6629420" lon="-79.4024960">
    <ele>110.5</ele>
    <time>2022-03-07T17:51:46Z</time>
   </trkpt>
   <trkpt lat="43.6629400" lon="-79.4025120">
    <ele>110.5</ele>
    <time>2022-03-07T17:51:47Z</time>
   </trkpt>
   <trkpt lat="43.6629110" lon="-79.4025490">
    <ele>110.5</ele>
    <time>2022-03-07T17:51:48Z</time>
   </trkpt>
   <trkpt lat="43.6628960" lon="-79.4025950">
    <ele>110.5</ele>
    <time>2022-03-07T17:51:49Z</time>
   </trkpt>
   <trkpt lat="43.6628900" lon="-79.4026150">
    <ele>110.5</ele>
    <time>2022-03-07T17:51:50Z</time>
   </trkpt>
   <trkpt lat="43.6628800" lon="-79.4026680">
    <ele>110.5</ele>
    <time>2022-03-07T17:51:51Z</time>
   </trkpt>
   <trkpt lat="43.6628730" lon="-79.4026860">
    <ele>110.5</ele>
    <time>2022-03-07T17:51:52Z</time>
   </trkpt>
   <trkpt lat="43.6628650" lon="-79.4027230">
    <ele>110.5</ele>
    <time>2022-03-07T17:51:53Z</time>
   </trkpt>
   <trkpt lat="43.6628580" lon="-79.4027760">
    <ele>110.5</ele>
    <time>2022-03-07T17:51:54Z</time>
   </trkpt>
   <trkpt lat="43.6628570" lon="-79.4027950">
    <ele>110.5</ele>
    <time>2022-03-07T17:51:55Z</time>
   </trkpt>
   <trkpt lat="43.6628580" lon="-79.4028350">
    <ele>110.5</ele>
    <time>2022-03-07T17:51:56Z</time>
   </trkpt>
   <trkpt lat="43.6628540" lon="-79.4028840">
    <ele>110.5</ele>
    <time>2022-03-07T17:51:57Z</time>
   </trkpt>
   <trkpt lat="43.6628520" lon="-79.4029020">
    <ele>110.5</ele>
    <time>2022-03-07T17:51:58Z</time>
   </trkpt>
   <trkpt lat="43.6628450" lon="-79.4029500">
    <ele>110.5</ele>
    <time>2022-03-07T17:51:59Z</time>
   </trkpt>
   <trkpt lat="43.6628470" lon="-79.4029680">
    <ele>110.5</ele>
    <time>2022-03-07T17:52:00Z</time>
   </trkpt>
   <trkpt lat="43.6628440" lon="-79.4030060">
    <ele>110.5</ele>
    <time>2022-03-07T17:52:01Z</time>
   </trkpt>
   <trkpt lat="43.6628450" lon="-79.4030570">
    <ele>110.6</ele>
    <time>2022-03-07T17:52:02Z</time>
   </trkpt>
   <trkpt lat="43.6628430" lon="-79.4030760">
    <ele>110.6</ele>
    <time>2022-03-07T17:52:03Z</time>
   </trkpt>
   <trkpt lat="43.6628410" lon="-79.4031030">
    <ele>110.6</ele>
    <time>2022-03-07T17:52:04Z</time>
   </trkpt>
   <trkpt lat="43.6628370" lon="-79.4031230">
    <ele>110.6</ele>
    <time>2022-03-07T17:52:05Z</time>
   </trkpt>
   <trkpt lat="43.6628200" lon="-79.4031680">
    <ele>110.6</ele>
    <time>2022-03-07T17:52:06Z</time>
   </trkpt>
   <trkpt lat="43.6628150" lon="-79.4031840">
    <ele>110.6</ele>
    <time>2022-03-07T17:52:07Z</time>
   </trkpt>
   <trkpt lat="43.6628050" lon="-79.4032240">
    <ele>110.6</ele>
    <time>2022-03-07T17:52:08Z</time>
   </trkpt>
   <trkpt lat="43.6627930" lon="-79.4032720">
    <ele>110.6</ele>
    <time>2022-03-07T17:52:09Z</time>
   </trkpt>
   <trkpt lat="43.6627890" lon="-79.4032910">
    <ele>110.6</ele>
    <time>2022-03-07T17:52:10Z</time>
   </trkpt>
   <trkpt lat="43.6627660" lon="-79.4033400">
    <ele>110.6</ele>
    <time>2022-03-07T17:52:11Z</time>
   </trkpt>
   <trkpt lat="43.6627590" lon="-79.4033590">
    <ele>110.6</ele>
    <time>2022-03-07T17:52:12Z</time>
   </trkpt>
   <trkpt lat="43.6627500" lon="-79.4033980">
    <ele>110.6</ele>
    <time>2022-03-07T17:52:13Z</time>
   </trkpt>
   <trkpt lat="43.6627440" lon="-79.4034410">
    <ele>110.6</ele>
    <time>2022-03-07T17:52:14Z</time>
   </trkpt>
   <trkpt lat="43.6627390" lon="-79.4034850">
    <ele>110.6</ele>
    <time>2022-03-07T17:52:15Z</time>
   </trkpt>
   <trkpt lat="43.6627300" lon="-79.4035230">
    <ele>110.6</ele>
    <time>2022-03-07T17:52:16Z</time>
   </trkpt>
   <trkpt lat="43.6627180" lon="-79.4035740">
    <ele>110.6</ele>
    <time>2022-03-07T17:52:17Z</time>
   </trkpt>
   <trkpt lat="43.6627120" lon="-79.4035920">
    <ele>110.6</ele>
    <time>2022-03-07T17:52:18Z</time>
   </trkpt>
   <trkpt lat="43.6627010" lon="-79.4036480">
    <ele>110.6</ele>
    <time>2022-03-07T17:52:19Z</time>
   </trkpt>
   <trkpt lat="43.6626970" lon="-79.4036670">
    <ele>110.6</ele>
    <time>2022-03-07T17:52:20Z</time>
   </trkpt>
   <trkpt lat="43.6626850" lon="-79.4037190">
    <ele>110.6</ele>
    <time>2022-03-07T17:52:21Z</time>
   </trkpt>
   <trkpt lat="43.6626770" lon="-79.4037350">
    <ele>110.6</ele>
    <time>2022-03-07T17:52:22Z</time>
   </trkpt>
   <trkpt lat="43.6626780" lon="-79.4037730">
    <ele>110.6</ele>
    <time>2022-03-07T17:52:23Z</time>
   </trkpt>
   <trkpt lat="43.6626760" lon="-79.4038270">
    <ele>110.7</ele>
    <time>2022-03-07T17:52:24Z</time>
   </trkpt>
   <trkpt lat="43.6626740" lon="-79.4038440">
    <ele>110.7</ele>
    <time>2022-03-07T17:52:25Z</time>
   </trkpt>
   <trkpt lat="43.6626640" lon="-79.4038870">
    <ele>110.7</ele>
    <time>2022-03-07T17:52:26Z</time>
   </trkpt>
   <trkpt lat="43.6626610" lon="-79.4039000">
    <ele>110.7</ele>
    <time>2022-03-07T17:52:27Z</time>
   </trkpt>
   <trkpt lat="43.6626540" lon="-79.4039520">
    <ele>110.7</ele>
    <time>2022-03-07T17:52:28Z</time>
   </trkpt>
   <trkpt lat="43.6626520" lon="-79.4039700">
    <ele>110.7</ele>
    <time>2022-03-07T17:52:29Z</time>
   </trkpt>
   <trkpt lat="43.6626430" lon="-79.4040090">
    <ele>110.7</ele>
    <time>2022-03-07T17:52:30Z</time>
   </trkpt>
   <trkpt lat="43.6626350" lon="-79.4040610">
    <ele>110.7</ele>
    <time>2022-03-07T17:52:31Z</time>
   </trkpt>
   <trkpt lat="43.6626320" lon="-79.4040780">
    <ele>110.7</ele>
    <time>2022-03-07T17:52:32Z</time>
   </trkpt>
   <trkpt lat="43.6626220" lon="-79.4041250">
    <ele>110.7</ele>
    <time>2022-03-07T17:52:33Z</time>
   </trkpt>
   <trkpt lat="43.6626170" lon="-79.4041410">
    <ele>110.7</ele>
    <time>2022-03-07T17:52:34Z</time>
   </trkpt>
   <trkpt lat="43.6626110" lon="-79.4041790">
    <ele>110.7</ele>
    <time>2022-03-07T17:52:35Z</time>
   </trkpt>
   <trkpt lat="43.6625950" lon="-79.4042200">
    <ele>110.7</ele>
    <time>2022-03-07T17:52:36Z</time>
   </trkpt>
   <trkpt lat="43.6625890" lon="-79.4042330">
    <ele>110.7</ele>
    <time>2022-03-07T17:52:37Z</time>
   </trkpt>
   <trkpt lat="43.6625740" lon="-79.4042720">
    <ele>110.7</ele>
    <time>2022-03-07T17:52:38Z</time>
   </trkpt>
   <trkpt lat="43.6625720" lon="-79.4042890">
    <ele>110.7</ele>
    <time>2022-03-07T17:52:39Z</time>
   </trkpt>
   <trkpt lat="43.6625630" lon="-79.4043400">
    <ele>110.7</ele>
    <time>2022-03-07T17:52:40Z</time>
   </trkpt>
   <trkpt lat="43.6625620" lon="-79.4043590">
    <ele>110.7</ele>
    <time>2022-03-07T17:52:41Z</time>
   </trkpt>
   <trkpt lat="43.6625510" lon="-79.4044070">
    <ele>110.7</ele>
    <time>2022-03-07T17:52:42Z</time>
   </trkpt>
   <trkpt lat="43.6625470" lon="-79.4044210">
    <ele>110.7</ele>
    <time>2022-03-07T17:52:43Z</time>
   </trkpt>
   <trkpt lat="43.6625290" lon="-79.4044710">
    <ele>110.7</ele>
    <time>2022-03-07T17:52:44Z</time>
   </trkpt>
   <trkpt lat="43.6625240" lon="-79.4044900">
    <ele>110.8</ele>
    <time>2022-03-07T17:52:45Z</time>
   </trkpt>
   <trkpt lat="43.6625190" lon="-79.4045300">
    <ele>110.8</ele>
    <time>2022-03-07T17:52:46Z</time>
   </trkpt>
   <trkpt lat="43.6625110" lon="-79.4045790">
    <ele>110.8</ele>
    <time>2022-03-07T17:52:47Z</time>
   </trkpt>
   <trkpt lat="43.6625090" lon="-79.4045960">
    <ele>110.8</ele>
    <time>2022-03-07T17:52:48Z</time>
   </trkpt>
   <trkpt lat="43.6625020" lon="-79.4046470">
    <ele>110.8</ele>
    <time>2022-03-07T17:52:49Z</time>
   </trkpt>
   <trkpt lat="43.6624890" lon="-79.4046980">
    <ele>110.8</ele>
    <time>2022-03-07T17:52:50Z</time>
   </trkpt>
   <trkpt lat="43.6624790" lon="-79.4047130">
    <ele>110.8</ele>
    <time>2022-03-07T17:52:51Z</time>
   </trkpt>
   <trkpt lat="43.6624480" lon="-79.4047370">
    <ele>110.8</ele>
    <time>2022-03-07T17:52:52Z</time>
   </trkpt>
   <trkpt lat="43.6624340" lon="-79.4047390">
    <ele>110.8</ele>
    <time>2022-03-07T17:52:53Z</time>
   </trkpt>
   <trkpt lat="43.6624030" lon="-79.4047200">
    <ele>110.7</ele>
    <time>2022-03-07T17:52:54Z</time>
   </trkpt>
   <trkpt lat="43.6623890" lon="-79.4047170">
    <ele>110.7</ele>
    <time>2022-03-07T17:52:55Z</time>
   </trkpt>
   <trkpt lat="43.6623640" lon="-79.4047020">
    <ele>110.7</ele>
    <time>2022-03-07T17:52:56Z</time>
   </trkpt>
   <trkpt lat="43.6623380" lon="-79.4046830">
    <ele>110.7</ele>
    <time>2022-03-07T17:52:57Z</time>
   </trkpt>
   <trkpt lat="43.6623270" lon="-79.4046770">
    <ele>110.6</ele>
    <time>2022-03-07T17:52:58Z</time>
   </trkpt>
   <trkpt lat="43.6622950" lon="-79.4046700">
    <ele>110.6</ele>
    <time>2022-03-07T17:52:59Z</time>
   </trkpt>
   <trkpt lat="43.6622850" lon="-79.4046660">
    <ele>110.6</ele>
    <time>2022-03-07T17:53:00Z</time>
   </trkpt>
   <trkpt lat="43.6622590" lon="-79.4046510">
    <ele>110.6</ele>
    <time>2022-03-07T17:53:01Z</time>
   </trkpt>
   <trkpt lat="43.6622260" lon="-79.4046480">
    <ele>110.5</ele>
    <time>2022-03-07T17:53:02Z</time>
   </trkpt>
   <trkpt lat="43.6621820" lon="-79.4046450">
    <ele>110.4</ele>
    <time>2022-03-07T17:53:03Z</time>
   </trkpt>
   <trkpt lat="43.6621650" lon="-79.4046440">
    <ele>110.4</ele>
    <time>2022-03-07T17:53:04Z</time>
   </trkpt>
   <trkpt lat="43.6621310" lon="-79.4046300">
    <ele>110.4</ele>
    <time>2022-03-07T17:53:05Z</time>
   </trkpt>
   <trkpt lat="43.6621070" lon="-79.4046090">
    <ele>110.3</ele>
    <time>2022-03-07T17:53:06Z</time>
   </trkpt>
   <trkpt lat="43.6620800" lon="-79.4046060">
    <ele>110.3</ele>
    <time>2022-03-07T17:53:07Z</time>
   </trkpt>
   <trkpt lat="43.6620490" lon="-79.4045900">
    <ele>110.3</ele>
    <time>2022-03-07T17:53:08Z</time>
   </trkpt>
   <trkpt lat="43.6620200" lon="-79.4045800">
    <ele>110.3</ele>
    <time>2022-03-07T17:53:09Z</time>
   </trkpt>
   <trkpt lat="43.6619910" lon="-79.4045830">
    <ele>110.2</ele>
    <time>2022-03-07T17:53:10Z</time>
   </trkpt>
   <trkpt lat="43.6619530" lon="-79.4045670">
    <ele>110.2</ele>
    <time>2022-03-07T17:53:11Z</time>
   </trkpt>
   <trkpt lat="43.6619370" lon="-79.4045610">
    <ele>110.2</ele>
    <time>2022-03-07T17:53:12Z</time>
   </trkpt>
   <trkpt lat="43.6619070" lon="-79.4045500">
    <ele>110.2</ele>
    <time>2022-03-07T17:53:13Z</time>
   </trkpt>
   <trkpt lat="43.6618670" lon="-79.4045360">
    <ele>110.1</ele>
    <time>2022-03-07T17:53:14Z</time>
   </trkpt>
   <trkpt lat="43.6618530" lon="-79.4045320">
    <ele>110.1</ele>
    <time>2022-03-07T17:53:15Z</time>
   </trkpt>
   <trkpt lat="43.6618180" lon="-79.4045180">
    <ele>110.1</ele>
    <time>2022-03-07T17:53:16Z</time>
   </trkpt>
   <trkpt lat="43.6618080" lon="-79.4045110">
    <ele>110.1</ele>
    <time>2022-03-07T17:53:17Z</time>
   </trkpt>
   <trkpt lat="43.6617820" lon="-79.4044970">
    <ele>110.0</ele>
    <time>2022-03-07T17:53:18Z</time>
   </trkpt>
   <trkpt lat="43.6617510" lon="-79.4044810">
    <ele>110.0</ele>
    <time>2022-03-07T17:53:19Z</time>
   </trkpt>
   <trkpt lat="43.6617210" lon="-79.4044700">
    <ele>110.0</ele>
    <time>2022-03-07T17:53:20Z</time>
   </trkpt>
   <trkpt lat="43.6616910" lon="-79.4044580">
    <ele>109.9</ele>
    <time>2022-03-07T17:53:21Z</time>
   </trkpt>
   <trkpt lat="43.6616530" lon="-79.4044450">
    <ele>109.9</ele>
    <time>2022-03-07T17:53:22Z</time>
   </trkpt>
   <trkpt lat="43.6616400" lon="-79.4044380">
    <ele>109.9</ele>
    <time>2022-03-07T17:53:23Z</time>
   </trkpt>
   <trkpt lat="43.6616100" lon="-79.4044270">
    <ele>109.9</ele>
    <time>2022-03-07T17:53:24Z</time>
   </trkpt>
   <trkpt lat="43.6615840" lon="-79.4044120">
    <ele>109.8</ele>
    <time>2022-03-07T17:53:25Z</time>
   </trkpt>
   <trkpt lat="43.6615440" lon="-79.4043990">
    <ele>109.8</ele>
    <time>2022-03-07T17:53:26Z</time>
   </trkpt>
   <trkpt lat="43.6615300" lon="-79.4043920">
    <ele>109.8</ele>
    <time>2022-03-07T17:53:27Z</time>
   </trkpt>
   <trkpt lat="43.6614990" lon="-79.4043800">
    <ele>109.8</ele>
    <time>2022-03-07T17:53:28Z</time>
   </trkpt>
   <trkpt lat="43.6614650" lon="-79.4043720">
    <ele>109.7</ele>
    <time>2022-03-07T17:53:29Z</time>
   </trkpt>
   <trkpt lat="43.6614310" lon="-79.4043710">
    <ele>109.7</ele>
    <time>2022-03-07T17:53:30Z</time>
   </trkpt>
   <trkpt lat="43.6613970" lon="-79.4043610">
    <ele>109.7</ele>
    <time>2022-03-07T17:53:31Z</time>
   </trkpt>
   <trkpt lat="43.6613690" lon="-79.4043450">
    <ele>109.7</ele>
    <time>2022-03-07T17:53:32Z</time>
   </trkpt>
   <trkpt lat="43.6613360" lon="-79.4043360">
    <ele>109.6</ele>
    <time>2022-03-07T17:53:33Z</time>
   </trkpt>
   <trkpt lat="43.6613080" lon="-79.4043310">
    <ele>109.6</ele>
    <time>2022-03-07T17:53:34Z</time>
   </trkpt>
   <trkpt lat="43.6612820" lon="-79.4043180">
    <ele>109.6</ele>
    <time>2022-03-07T17:53:35Z</time>
   </trkpt>
   <trkpt lat="43.6612510" lon="-79.4042960">
    <ele>109.6</ele>
    <time>2022-03-07T17:53:36Z</time>
   </trkpt>
   <trkpt lat="43.6612400" lon="-79.4042930">
    <ele>109.6</ele>
    <time>2022-03-07T17:53:37Z</time>
   </trkpt>
   <trkpt lat="43.6612140" lon="-79.4042810">
    <ele>109.5</ele>
    <time>2022-03-07T17:53:38Z</time>
   </trkpt>
   <trkpt lat="43.6611870" lon="-79.4042670">
    <ele>109.5</ele>
    <time>2022-03-07T17:53:39Z</time>
   </trkpt>
   <trkpt lat="43.6611480" lon="-79.4042490">
    <ele>109.5</ele>
    <time>2022-03-07T17:53:40Z</time>
   </trkpt>
   <trkpt lat="43.6611340" lon="-79.4042390">
    <ele>109.4</ele>
    <time>2022-03-07T17:53:41Z</time>
   </trkpt>
   <trkpt lat="43.6611000" lon="-79.4042240">
    <ele>109.4</ele>
    <time>2022-03-07T17:53:42Z</time>
   </trkpt>
   <trkpt lat="43.6610850" lon="-79.4042170">
    <ele>109.4</ele>
    <time>2022-03-07T17:53:43Z</time>
   </trkpt>
   <trkpt lat="43.6610560" lon="-79.4042000">
    <ele>109.4</ele>
    <time>2022-03-07T17:53:44Z</time>
   </trkpt>
   <trkpt lat="43.6610280" lon="-79.4041920">
    <ele>109.3</ele>
    <time>2022-03-07T17:53:45Z</time>
   </trkpt>
   <trkpt lat="43.6609880" lon="-79.4041790">
    <ele>109.3</ele>
    <time>2022-03-07T17:53:46Z</time>
   </trkpt>
   <trkpt lat="43.6609730" lon="-79.4041750">
    <ele>109.3</ele>
    <time>2022-03-07T17:53:47Z</time>
   </trkpt>
   <trkpt lat="43.6609370" lon="-79.4041680">
    <ele>109.2</ele>
    <time>2022-03-07T17:53:48Z</time>
   </trkpt>
   <trkpt lat="43.6609240" lon="-79.4041670">
    <ele>109.2</ele>
    <time>2022-03-07T17:53:49Z</time>
   </trkpt>
   <trkpt lat="43.6608910" lon="-79.4041580">
    <ele>109.2</ele>
    <time>2022-03-07T17:53:50Z</time>
   </trkpt>
   <trkpt lat="43.6608600" lon="-79.4041500">
    <ele>109.1</ele>
    <time>2022-03-07T17:53:51Z</time>
   </trkpt>
   <trkpt lat="43.6608370" lon="-79.4041290">
    <ele>109.1</ele>
    <time>2022-03-07T17:53:52Z</time>
   </trkpt>
   <trkpt lat="43.6608060" lon="-79.4041190">
    <ele>109.1</ele>
    <time>2022-03-07T17:53:53Z</time>
   </trkpt>
   <trkpt lat="43.6607710" lon="-79.4041010">
    <ele>109.1</ele>
    <time>2022-03-07T17:53:54Z</time>
   </trkpt>
   <trkpt lat="43.6607600" lon="-79.4040930">
    <ele>109.0</ele>
    <time>2022-03-07T17:53:55Z</time>
   </trkpt>
   <trkpt lat="43.6607250" lon="-79.4040730">
    <ele>109.0</ele>
    <time>2022-03-07T17:53:56Z</time>
   </trkpt>
   <trkpt lat="43.6607150" lon="-79.4040650">
    <ele>109.0</ele>
    <time>2022-03-07T17:53:57Z</time>
   </trkpt>
   <trkpt lat="43.6606790" lon="-79.4040360">
    <ele>109.0</ele>
    <time>2022-03-07T17:53:58Z</time>
   </trkpt>
   <trkpt lat="43.6606630" lon="-79.4040290">
    <ele>108.9</ele>
    <time>2022-03-07T17:53:59Z</time>
   </trkpt>
   <trkpt lat="43.6606340" lon="-79.4040140">
    <ele>108.9</ele>
    <time>2022-03-07T17:54:00Z</time>
   </trkpt>
   <trkpt lat="43.6606250" lon="-79.4040120">
    <ele>108.9</ele>
    <time>2022-03-07T17:54:01Z</time>
   </trkpt>
   <trkpt lat="43.6605940" lon="-79.4039910">
    <ele>108.8</ele>
    <time>2022-03-07T17:54:02Z</time>
   </trkpt>
   <trkpt lat="43.6605860" lon="-79.4039820">
    <ele>108.8</ele>
    <time>2022-03-07T17:54:03Z</time>
   </trkpt>
   <trkpt lat="43.6605540" lon="-79.4039680">
    <ele>108.8</ele>
    <time>2022-03-07T17:54:04Z</time>
   </trkpt>
   <trkpt lat="43.6605430" lon="-79.4039640">
    <ele>108.8</ele>
    <time>2022-03-07T17:54:05Z</time>
   </trkpt>
   <trkpt lat="43.6605080" lon="-79.4039470">
    <ele>108.7</ele>
    <time>2022-03-07T17:54:06Z</time>
   </trkpt>
   <trkpt lat="43.6604960" lon="-79.4039380">
    <ele>108.7</ele>
    <time>2022-03-07T17:54:07Z</time>
   </trkpt>
   <trkpt lat="43.6604570" lon="-79.4039250">
    <ele>108.6</ele>
    <time>2022-03-07T17:54:08Z</time>
   </trkpt>
   <trkpt lat="43.6604210" lon="-79.4039090">
    <ele>108.6</ele>
    <time>2022-03-07T17:54:09Z</time>
   </trkpt>
   <trkpt lat="43.6603810" lon="-79.4038970">
    <ele>108.5</ele>
    <time>2022-03-07T17:54:10Z</time>
   </trkpt>
   <trkpt lat="43.6603470" lon="-79.4038830">
    <ele>108.5</ele>
    <time>2022-03-07T17:54:11Z</time>
   </trkpt>
   <trkpt lat="43.6603130" lon="-79.4038790">
    <ele>108.5</ele>
    <time>2022-03-07T17:54:12Z</time>
   </trkpt>
   <trkpt lat="43.6602830" lon="-79.4038660">
    <ele>108.4</ele>
    <time>2022-03-07T17:54:13Z</time>
   </trkpt>
   <trkpt lat="43.6602520" lon="-79.4038410">
    <ele>108.4</ele>
    <time>2022-03-07T17:54:14Z</time>
   </trkpt>
   <trkpt lat="43.6602090" lon="-79.4038300">
    <ele>108.3</ele>
    <time>2022-03-07T17:54:15Z</time>
   </trkpt>
   <trkpt lat="43.6601850" lon="-79.4038110">
    <ele>108.3</ele>
    <time>2022-03-07T17:54:16Z</time>
   </trkpt>
   <trkpt lat="43.6601590" lon="-79.4038000">
    <ele>108.3</ele>
    <time>2022-03-07T17:54:17Z</time>
   </trkpt>
   <trkpt lat="43.6601250" lon="-79.4037810">
    <ele>108.2</ele>
    <time>2022-03-07T17:54:18Z</time>
   </trkpt>
   <trkpt lat="43.6600900" lon="-79.4037600">
    <ele>108.2</ele>
    <time>2022-03-07T17:54:19Z</time>
   </trkpt>
   <trkpt lat="43.6600550" lon="-79.4037620">
    <ele>108.1</ele>
    <time>2022-03-07T17:54:20Z</time>
   </trkpt>
   <trkpt lat="43.6600270" lon="-79.4037510">
    <ele>108.1</ele>
    <time>2022-03-07T17:54:21Z</time>
   </trkpt>
   <trkpt lat="43.6599990" lon="-79.4037280">
    <ele>108.1</ele>
    <time>2022-03-07T17:54:22Z</time>
   </trkpt>
   <trkpt lat="43.6599580" lon="-79.4037140">
    <ele>108.0</ele>
    <time>2022-03-07T17:54:23Z</time>
   </trkpt>
   <trkpt lat="43.6599290" lon="-79.4037020">
    <ele>108.0</ele>
    <time>2022-03-07T17:54:24Z</time>
   </trkpt>
   <trkpt lat="43.6598930" lon="-79.4036840">
    <ele>107.9</ele>
    <time>2022-03-07T17:54:25Z</time>
   </trkpt>
   <trkpt lat="43.6598760" lon="-79.4036800">
    <ele>107.9</ele>
    <time>2022-03-07T17:54:26Z</time>
   </trkpt>
   <trkpt lat="43.6598490" lon="-79.4036680">
    <ele>107.9</ele>
    <time>2022-03-07T17:54:27Z</time>
   </trkpt>
   <trkpt lat="43.6598200" lon="-79.4036600">
    <ele>107.8</ele>
    <time>2022-03-07T17:54:28Z</time>
   </trkpt>
   <trkpt lat="43.6597880" lon="-79.4036510">
    <ele>107.8</ele>
    <time>2022-03-07T17:54:29Z</time>
   </trkpt>
   <trkpt lat="43.6597600" lon="-79.4036380">
    <ele>107.7</ele>
    <time>2022-03-07T17:54:30Z</time>
   </trkpt>
   <trkpt lat="43.6597320" lon="-79.4036260">
    <ele>107.7</ele>
    <time>2022-03-07T17:54:31Z</time>
   </trkpt>
   <trkpt lat="43.6597000" lon="-79.4036180">
    <ele>107.7</ele>
    <time>2022-03-07T17:54:32Z</time>
   </trkpt>
   <trkpt lat="43.6596680" lon="-79.4036150">
    <ele>107.6</ele>
    <time>2022-03-07T17:54:33Z</time>
   </trkpt>
   <trkpt lat="43.6596370" lon="-79.4035960">
    <ele>107.6</ele>
    <time>2022-03-07T17:54:34Z</time>
   </trkpt>
   <trkpt lat="43.6596260" lon="-79.4035920">
    <ele>107.6</ele>
    <time>2022-03-07T17:54:35Z</time>
   </trkpt>
   <trkpt lat="43.6595960" lon="-79.4035840">
    <ele>107.5</ele>
    <time>2022-03-07T17:54:36Z</time>
   </trkpt>
   <trkpt lat="43.6595610" lon="-79.4035780">
    <ele>107.5</ele>
    <time>2022-03-07T17:54:37Z</time>
   </trkpt>
   <trkpt lat="43.6595180" lon="-79.4035660">
    <ele>107.4</ele>
    <time>2022-03-07T17:54:38Z</time>
   </trkpt>
   <trkpt lat="43.6594820" lon="-79.4035620">
    <ele>107.4</ele>
    <time>2022-03-07T17:54:39Z</time>
   </trkpt>
   <trkpt lat="43.6594480" lon="-79.4035540">
    <ele>107.3</ele>
    <time>2022-03-07T17:54:40Z</time>
   </trkpt>
   <trkpt lat="43.6594190" lon="-79.4035390">
    <ele>107.3</ele>
    <time>2022-03-07T17:54:41Z</time>
   </trkpt>
  </trkseg>
 </trk>
</gpx>
