<?xml version="1.0" encoding="UTF-8"?>
<gpx xmlns:xsi="http://www.w3.org/2001/XMLSchema-instance" xsi:schemaLocation="http://www.topografix.com/GPX/1/1 http://www.topografix.com/GPX/1/1/gpx.xsd" creator="StravaGPX" version="1.1" xmlns="http://www.topografix.com/GPX/1/1">
 <metadata>
  <time>2023-08-27T15:37:12Z</time>
 </metadata>
 <trk>
  <name>Lunch Run</name>
  <type>running</type>
  <trkseg>
   <trkpt lat="43.6471980" lon="-79.3903320">
    <ele>87.4</ele>
    <time>2023-08-27T15:37:12Z</time>
   </trkpt>
   <trkpt lat="43.6472310" lon="-79.3903500">
    <ele>87.4</ele>
    <time>2023-08-27T15:37:13Z</time>
   </trkpt>
   <trkpt lat="43.6472260" lon="-79.3903430">
    <ele>87.4</ele>
    <time>2023-08-27T15:37:14Z</time>
   </trkpt>
   <trkpt lat="43.6472280" lon="-79.3903230">
    <ele>87.4</ele>
    <time>2023-08-27T15:37:15Z</time>
   </trkpt>
   <trkpt lat="43.6472340" lon="-79.3903080">
    <ele>87.4</ele>
    <time>2023-08-27T15:37:16Z</time>
   </trkpt>
   <trkpt lat="43.6472230" lon="-79.3902860">
    <ele>87.4</ele>
    <time>2023-08-27T15:37:17Z</time>
   </trkpt>
   <trkpt lat="43.6472170" lon="-79.3902760">
    <ele>87.4</ele>
    <time>2023-08-27T15:37:18Z</time>
   </trkpt>
   <trkpt lat="43.6472100" lon="-79.3902650">
    <ele>87.4</ele>
    <time>2023-08-27T15:37:19Z</time>
   </trkpt>
   <trkpt lat="43.6472030" lon="-79.3902550">
    <ele>87.4</ele>
    <time>2023-08-27T15:37:20Z</time>
   </trkpt>
   <trkpt lat="43.6471960" lon="-79.3902440">
    <ele>87.4</ele>
    <time>2023-08-27T15:37:21Z</time>
   </trkpt>
   <trkpt lat="43.6471900" lon="-79.3902340">
    <ele>87.4</ele>
    <time>2023-08-27T15:37:22Z</time>
   </trkpt>
   <trkpt lat="43.6471830" lon="-79.3902240">
    <ele>87.4</ele>
    <time>2023-08-27T15:37:23Z</time>
   </trkpt>
   <trkpt lat="43.6471760" lon="-79.3902130">
    <ele>87.4</ele>
    <time>2023-08-27T15:37:24Z</time>
   </trkpt>
   <trkpt lat="43.6471690" lon="-79.3902030">
    <ele>87.4</ele>
    <time>2023-08-27T15:37:25Z</time>
   </trkpt>
   <trkpt lat="43.6471630" lon="-79.3901920">
    <ele>87.4</ele>
    <time>2023-08-27T15:37:26Z</time>
   </trkpt>
   <trkpt lat="43.6471560" lon="-79.3901820">
    <ele>87.4</ele>
    <time>2023-08-27T15:37:27Z</time>
   </trkpt>
   <trkpt lat="43.6471490" lon="-79.3901710">
    <ele>87.3</ele>
    <time>2023-08-27T15:37:28Z</time>
   </trkpt>
   <trkpt lat="43.6471430" lon="-79.3901610">
    <ele>87.3</ele>
    <time>2023-08-27T15:37:29Z</time>
   </trkpt>
   <trkpt lat="43.6471360" lon="-79.3901500">
    <ele>87.3</ele>
    <time>2023-08-27T15:37:30Z</time>
   </trkpt>
   <trkpt lat="43.6471290" lon="-79.3901400">
    <ele>87.3</ele>
    <time>2023-08-27T15:37:31Z</time>
   </trkpt>
   <trkpt lat="43.6471220" lon="-79.3901300">
    <ele>87.3</ele>
    <time>2023-08-27T15:37:32Z</time>
   </trkpt>
   <trkpt lat="43.6471160" lon="-79.3901190">
    <ele>87.3</ele>
    <time>2023-08-27T15:37:33Z</time>
   </trkpt>
   <trkpt lat="43.6471090" lon="-79.3901090">
    <ele>87.3</ele>
    <time>2023-08-27T15:37:34Z</time>
   </trkpt>
   <trkpt lat="43.6471020" lon="-79.3900980">
    <ele>87.3</ele>
    <time>2023-08-27T15:37:35Z</time>
   </trkpt>
   <trkpt lat="43.6470950" lon="-79.3900880">
    <ele>87.3</ele>
    <time>2023-08-27T15:37:36Z</time>
   </trkpt>
   <trkpt lat="43.6470890" lon="-79.3900770">
    <ele>87.3</ele>
    <time>2023-08-27T15:37:37Z</time>
   </trkpt>
   <trkpt lat="43.6470820" lon="-79.3900670">
    <ele>87.3</ele>
    <time>2023-08-27T15:37:38Z</time>
   </trkpt>
   <trkpt lat="43.6470750" lon="-79.3900560">
    <ele>87.3</ele>
    <time>2023-08-27T15:37:39Z</time>
   </trkpt>
   <trkpt lat="43.6470640" lon="-79.3900600">
    <ele>87.3</ele>
    <time>2023-08-27T15:37:40Z</time>
   </trkpt>
   <trkpt lat="43.6470570" lon="-79.3900480">
    <ele>87.3</ele>
    <time>2023-08-27T15:37:41Z</time>
   </trkpt>
   <trkpt lat="43.6470760" lon="-79.3900370">
    <ele>87.3</ele>
    <time>2023-08-27T15:37:42Z</time>
   </trkpt>
   <trkpt lat="43.6470910" lon="-79.3900420">
    <ele>87.3</ele>
    <time>2023-08-27T15:37:43Z</time>
   </trkpt>
   <trkpt lat="43.6470950" lon="-79.3900290">
    <ele>87.3</ele>
    <time>2023-08-27T15:37:44Z</time>
   </trkpt>
   <trkpt lat="43.6471010" lon="-79.3900070">
    <ele>87.3</ele>
    <time>2023-08-27T15:37:45Z</time>
   </trkpt>
   <trkpt lat="43.6470910" lon="-79.3900070">
    <ele>87.3</ele>
    <time>2023-08-27T15:37:46Z</time>
   </trkpt>
   <trkpt lat="43.6470810" lon="-79.3900070">
    <ele>87.2</ele>
    <time>2023-08-27T15:37:47Z</time>
   </trkpt>
   <trkpt lat="43.6470720" lon="-79.3900070">
    <ele>87.2</ele>
    <time>2023-08-27T15:37:48Z</time>
   </trkpt>
   <trkpt lat="43.6470620" lon="-79.3900060">
    <ele>87.2</ele>
    <time>2023-08-27T15:37:49Z</time>
   </trkpt>
   <trkpt lat="43.6470230" lon="-79.3899910">
    <ele>87.2</ele>
    <time>2023-08-27T15:37:50Z</time>
   </trkpt>
   <trkpt lat="43.6470080" lon="-79.3899890">
    <ele>87.2</ele>
    <time>2023-08-27T15:37:51Z</time>
   </trkpt>
   <trkpt lat="43.6469570" lon="-79.3899880">
    <ele>87.2</ele>
    <time>2023-08-27T15:37:52Z</time>
   </trkpt>
   <trkpt lat="43.6469300" lon="-79.3899780">
    <ele>87.2</ele>
    <time>2023-08-27T15:37:53Z</time>
   </trkpt>
   <trkpt lat="43.6468710" lon="-79.3899730">
    <ele>87.2</ele>
    <time>2023-08-27T15:37:54Z</time>
   </trkpt>
   <trkpt lat="43.6468880" lon="-79.3899850">
    <ele>87.2</ele>
    <time>2023-08-27T15:37:55Z</time>
   </trkpt>
   <trkpt lat="43.6468840" lon="-79.3899990">
    <ele>87.1</ele>
    <time>2023-08-27T15:37:56Z</time>
   </trkpt>
   <trkpt lat="43.6468800" lon="-79.3900130">
    <ele>87.1</ele>
    <time>2023-08-27T15:37:57Z</time>
   </trkpt>
   <trkpt lat="43.6468760" lon="-79.3900270">
    <ele>87.1</ele>
    <time>2023-08-27T15:37:58Z</time>
   </trkpt>
   <trkpt lat="43.6468680" lon="-79.3901510">
    <ele>87.1</ele>
    <time>2023-08-27T15:37:59Z</time>
   </trkpt>
   <trkpt lat="43.6468310" lon="-79.3901670">
    <ele>87.0</ele>
    <time>2023-08-27T15:38:00Z</time>
   </trkpt>
   <trkpt lat="43.6468160" lon="-79.3901660">
    <ele>87.0</ele>
    <time>2023-08-27T15:38:01Z</time>
   </trkpt>
   <trkpt lat="43.6467980" lon="-79.3901380">
    <ele>87.0</ele>
    <time>2023-08-27T15:38:02Z</time>
   </trkpt>
   <trkpt lat="43.6467900" lon="-79.3901290">
    <ele>87.0</ele>
    <time>2023-08-27T15:38:03Z</time>
   </trkpt>
   <trkpt lat="43.6468160" lon="-79.3901230">
    <ele>87.0</ele>
    <time>2023-08-27T15:38:04Z</time>
   </trkpt>
   <trkpt lat="43.6468530" lon="-79.3901200">
    <ele>86.9</ele>
    <time>2023-08-27T15:38:05Z</time>
   </trkpt>
   <trkpt lat="43.6468630" lon="-79.3901190">
    <ele>86.9</ele>
    <time>2023-08-27T15:38:06Z</time>
   </trkpt>
   <trkpt lat="43.6468490" lon="-79.3901120">
    <ele>86.9</ele>
    <time>2023-08-27T15:38:07Z</time>
   </trkpt>
   <trkpt lat="43.6468340" lon="-79.3901060">
    <ele>86.9</ele>
    <time>2023-08-27T15:38:08Z</time>
   </trkpt>
   <trkpt lat="43.6468200" lon="-79.3901000">
    <ele>86.8</ele>
    <time>2023-08-27T15:38:09Z</time>
   </trkpt>
   <trkpt lat="43.6468090" lon="-79.3900820">
    <ele>86.8</ele>
    <time>2023-08-27T15:38:10Z</time>
   </trkpt>
   <trkpt lat="43.6467970" lon="-79.3900690">
    <ele>86.8</ele>
    <time>2023-08-27T15:38:11Z</time>
   </trkpt>
   <trkpt lat="43.6467860" lon="-79.3900560">
    <ele>86.8</ele>
    <time>2023-08-27T15:38:12Z</time>
   </trkpt>
   <trkpt lat="43.6467740" lon="-79.3900430">
    <ele>86.8</ele>
    <time>2023-08-27T15:38:13Z</time>
   </trkpt>
   <trkpt lat="43.6467620" lon="-79.3900300">
    <ele>86.8</ele>
    <time>2023-08-27T15:38:14Z</time>
   </trkpt>
   <trkpt lat="43.6467200" lon="-79.3899790">
    <ele>86.7</ele>
    <time>2023-08-27T15:38:15Z</time>
   </trkpt>
   <trkpt lat="43.6466860" lon="-79.3899650">
    <ele>86.7</ele>
    <time>2023-08-27T15:38:16Z</time>
   </trkpt>
   <trkpt lat="43.6466610" lon="-79.3899410">
    <ele>86.6</ele>
    <time>2023-08-27T15:38:17Z</time>
   </trkpt>
   <trkpt lat="43.6466530" lon="-79.3899340">
    <ele>86.6</ele>
    <time>2023-08-27T15:38:18Z</time>
   </trkpt>
   <trkpt lat="43.6466450" lon="-79.3899270">
    <ele>86.6</ele>
    <time>2023-08-27T15:38:19Z</time>
   </trkpt>
   <trkpt lat="43.6466370" lon="-79.3899200">
    <ele>86.6</ele>
    <time>2023-08-27T15:38:20Z</time>
   </trkpt>
   <trkpt lat="43.6466290" lon="-79.3899130">
    <ele>86.6</ele>
    <time>2023-08-27T15:38:21Z</time>
   </trkpt>
   <trkpt lat="43.6466210" lon="-79.3899060">
    <ele>86.6</ele>
    <time>2023-08-27T15:38:22Z</time>
   </trkpt>
   <trkpt lat="43.6466140" lon="-79.3898990">
    <ele>86.6</ele>
    <time>2023-08-27T15:38:23Z</time>
   </trkpt>
   <trkpt lat="43.6466060" lon="-79.3898920">
    <ele>86.6</ele>
    <time>2023-08-27T15:38:24Z</time>
   </trkpt>
   <trkpt lat="43.6465700" lon="-79.3898690">
    <ele>86.6</ele>
    <time>2023-08-27T15:38:25Z</time>
   </trkpt>
   <trkpt lat="43.6466600" lon="-79.3898820">
    <ele>86.5</ele>
    <time>2023-08-27T15:38:26Z</time>
   </trkpt>
   <trkpt lat="43.6466500" lon="-79.3898740">
    <ele>86.5</ele>
    <time>2023-08-27T15:38:27Z</time>
   </trkpt>
   <trkpt lat="43.6466420" lon="-79.3898670">
    <ele>86.5</ele>
    <time>2023-08-27T15:38:28Z</time>
   </trkpt>
   <trkpt lat="43.6466430" lon="-79.3898660">
    <ele>86.5</ele>
    <time>2023-08-27T15:38:29Z</time>
   </trkpt>
   <trkpt lat="43.6466400" lon="-79.3898670">
    <ele>86.5</ele>
    <time>2023-08-27T15:38:30Z</time>
   </trkpt>
   <trkpt lat="43.6466350" lon="-79.3898750">
    <ele>86.5</ele>
    <time>2023-08-27T15:38:31Z</time>
   </trkpt>
   <trkpt lat="43.6466290" lon="-79.3898860">
    <ele>86.5</ele>
    <time>2023-08-27T15:38:32Z</time>
   </trkpt>
   <trkpt lat="43.6465950" lon="-79.3898830">
    <ele>86.5</ele>
    <time>2023-08-27T15:38:33Z</time>
   </trkpt>
   <trkpt lat="43.6465780" lon="-79.3898830">
    <ele>86.5</ele>
    <time>2023-08-27T15:38:34Z</time>
   </trkpt>
   <trkpt lat="43.6465080" lon="-79.3899150">
    <ele>86.5</ele>
    <time>2023-08-27T15:38:35Z</time>
   </trkpt>
   <trkpt lat="43.6464630" lon="-79.3899320">
    <ele>86.5</ele>
    <time>2023-08-27T15:38:36Z</time>
   </trkpt>
   <trkpt lat="43.6464390" lon="-79.3899330">
    <ele>86.5</ele>
    <time>2023-08-27T15:38:37Z</time>
   </trkpt>
   <trkpt lat="43.6463900" lon="-79.3899440">
    <ele>86.4</ele>
    <time>2023-08-27T15:38:38Z</time>
   </trkpt>
   <trkpt lat="43.6463620" lon="-79.3899520">
    <ele>86.4</ele>
    <time>2023-08-27T15:38:39Z</time>
   </trkpt>
   <trkpt lat="43.6463270" lon="-79.3899370">
    <ele>86.3</ele>
    <time>2023-08-27T15:38:40Z</time>
   </trkpt>
   <trkpt lat="43.6463140" lon="-79.3899270">
    <ele>86.3</ele>
    <time>2023-08-27T15:38:41Z</time>
   </trkpt>
   <trkpt lat="43.6462870" lon="-79.3898810">
    <ele>86.3</ele>
    <time>2023-08-27T15:38:42Z</time>
   </trkpt>
   <trkpt lat="43.6462510" lon="-79.3898590">
    <ele>86.2</ele>
    <time>2023-08-27T15:38:43Z</time>
   </trkpt>
   <trkpt lat="43.6462360" lon="-79.3898500">
    <ele>86.2</ele>
    <time>2023-08-27T15:38:44Z</time>
   </trkpt>
   <trkpt lat="43.6462080" lon="-79.3898390">
    <ele>86.1</ele>
    <time>2023-08-27T15:38:45Z</time>
   </trkpt>
   <trkpt lat="43.6461850" lon="-79.3898080">
    <ele>86.1</ele>
    <time>2023-08-27T15:38:46Z</time>
   </trkpt>
   <trkpt lat="43.6461750" lon="-79.3898000">
    <ele>86.1</ele>
    <time>2023-08-27T15:38:47Z</time>
   </trkpt>
   <trkpt lat="43.6461500" lon="-79.3897830">
    <ele>86.0</ele>
    <time>2023-08-27T15:38:48Z</time>
   </trkpt>
   <trkpt lat="43.6461090" lon="-79.3897540">
    <ele>86.0</ele>
    <time>2023-08-27T15:38:49Z</time>
   </trkpt>
   <trkpt lat="43.6460740" lon="-79.3897300">
    <ele>85.9</ele>
    <time>2023-08-27T15:38:50Z</time>
   </trkpt>
   <trkpt lat="43.6460480" lon="-79.3897580">
    <ele>85.9</ele>
    <time>2023-08-27T15:38:51Z</time>
   </trkpt>
   <trkpt lat="43.6460270" lon="-79.3897290">
    <ele>85.9</ele>
    <time>2023-08-27T15:38:52Z</time>
   </trkpt>
   <trkpt lat="43.6460000" lon="-79.3897350">
    <ele>85.8</ele>
    <time>2023-08-27T15:38:53Z</time>
   </trkpt>
   <trkpt lat="43.6459720" lon="-79.3897240">
    <ele>85.8</ele>
    <time>2023-08-27T15:38:54Z</time>
   </trkpt>
   <trkpt lat="43.6459600" lon="-79.3897240">
    <ele>85.8</ele>
    <time>2023-08-27T15:38:55Z</time>
   </trkpt>
   <trkpt lat="43.6459350" lon="-79.3897060">
    <ele>85.8</ele>
    <time>2023-08-27T15:38:56Z</time>
   </trkpt>
   <trkpt lat="43.6459250" lon="-79.3897050">
    <ele>85.8</ele>
    <time>2023-08-27T15:38:57Z</time>
   </trkpt>
   <trkpt lat="43.6459020" lon="-79.3896670">
    <ele>85.7</ele>
    <time>2023-08-27T15:38:58Z</time>
   </trkpt>
   <trkpt lat="43.6458730" lon="-79.3896550">
    <ele>85.7</ele>
    <time>2023-08-27T15:38:59Z</time>
   </trkpt>
   <trkpt lat="43.6458620" lon="-79.3896520">
    <ele>85.7</ele>
    <time>2023-08-27T15:39:00Z</time>
   </trkpt>
   <trkpt lat="43.6458560" lon="-79.3896150">
    <ele>85.7</ele>
    <time>2023-08-27T15:39:01Z</time>
   </trkpt>
   <trkpt lat="43.6458260" lon="-79.3896020">
    <ele>85.6</ele>
    <time>2023-08-27T15:39:02Z</time>
   </trkpt>
   <trkpt lat="43.6458180" lon="-79.3895960">
    <ele>85.6</ele>
    <time>2023-08-27T15:39:03Z</time>
   </trkpt>
   <trkpt lat="43.6457860" lon="-79.3895500">
    <ele>85.6</ele>
    <time>2023-08-27T15:39:04Z</time>
   </trkpt>
   <trkpt lat="43.6457710" lon="-79.3895330">
    <ele>85.6</ele>
    <time>2023-08-27T15:39:05Z</time>
   </trkpt>
   <trkpt lat="43.6457560" lon="-79.3895250">
    <ele>85.5</ele>
    <time>2023-08-27T15:39:06Z</time>
   </trkpt>
   <trkpt lat="43.6457280" lon="-79.3895330">
    <ele>85.5</ele>
    <time>2023-08-27T15:39:07Z</time>
   </trkpt>
   <trkpt lat="43.6457170" lon="-79.3895410">
    <ele>85.5</ele>
    <time>2023-08-27T15:39:08Z</time>
   </trkpt>
   <trkpt lat="43.6457040" lon="-79.3895440">
    <ele>85.5</ele>
    <time>2023-08-27T15:39:09Z</time>
   </trkpt>
   <trkpt lat="43.6456850" lon="-79.3895330">
    <ele>85.4</ele>
    <time>2023-08-27T15:39:10Z</time>
   </trkpt>
   <trkpt lat="43.6456340" lon="-79.3895210">
    <ele>85.4</ele>
    <time>2023-08-27T15:39:11Z</time>
   </trkpt>
   <trkpt lat="43.6456010" lon="-79.3895210">
    <ele>85.3</ele>
    <time>2023-08-27T15:39:12Z</time>
   </trkpt>
   <trkpt lat="43.6455640" lon="-79.3895640">
    <ele>85.2</ele>
    <time>2023-08-27T15:39:13Z</time>
   </trkpt>
   <trkpt lat="43.6455540" lon="-79.3895120">
    <ele>85.2</ele>
    <time>2023-08-27T15:39:14Z</time>
   </trkpt>
   <trkpt lat="43.6455500" lon="-79.3894760">
    <ele>85.2</ele>
    <time>2023-08-27T15:39:15Z</time>
   </trkpt>
   <trkpt lat="43.6455360" lon="-79.3894680">
    <ele>85.1</ele>
    <time>2023-08-27T15:39:16Z</time>
   </trkpt>
   <trkpt lat="43.6455220" lon="-79.3894600">
    <ele>85.1</ele>
    <time>2023-08-27T15:39:17Z</time>
   </trkpt>
   <trkpt lat="43.6455000" lon="-79.3894400">
    <ele>85.1</ele>
    <time>2023-08-27T15:39:19Z</time>
   </trkpt>
   <trkpt lat="43.6454820" lon="-79.3894430">
    <ele>85.1</ele>
    <time>2023-08-27T15:39:20Z</time>
   </trkpt>
   <trkpt lat="43.6454640" lon="-79.3894460">
    <ele>85.0</ele>
    <time>2023-08-27T15:39:21Z</time>
   </trkpt>
   <trkpt lat="43.6454050" lon="-79.3894270">
    <ele>85.0</ele>
    <time>2023-08-27T15:39:22Z</time>
   </trkpt>
   <trkpt lat="43.6453490" lon="-79.3894300">
    <ele>84.9</ele>
    <time>2023-08-27T15:39:23Z</time>
   </trkpt>
   <trkpt lat="43.6452980" lon="-79.3894060">
    <ele>84.9</ele>
    <time>2023-08-27T15:39:24Z</time>
   </trkpt>
   <trkpt lat="43.6452550" lon="-79.3893950">
    <ele>85.0</ele>
    <time>2023-08-27T15:39:25Z</time>
   </trkpt>
   <trkpt lat="43.6452330" lon="-79.3893750">
    <ele>85.0</ele>
    <time>2023-08-27T15:39:26Z</time>
   </trkpt>
   <trkpt lat="43.6452210" lon="-79.3893720">
    <ele>85.0</ele>
    <time>2023-08-27T15:39:27Z</time>
   </trkpt>
   <trkpt lat="43.6451980" lon="-79.3893480">
    <ele>85.0</ele>
    <time>2023-08-27T15:39:28Z</time>
   </trkpt>
   <trkpt lat="43.6451730" lon="-79.3893120">
    <ele>85.1</ele>
    <time>2023-08-27T15:39:29Z</time>
   </trkpt>
   <trkpt lat="43.6451630" lon="-79.3893000">
    <ele>85.1</ele>
    <time>2023-08-27T15:39:30Z</time>
   </trkpt>
   <trkpt lat="43.6451250" lon="-79.3892780">
    <ele>85.1</ele>
    <time>2023-08-27T15:39:31Z</time>
   </trkpt>
   <trkpt lat="43.6451070" lon="-79.3892630">
    <ele>85.1</ele>
    <time>2023-08-27T15:39:32Z</time>
   </trkpt>
   <trkpt lat="43.6450770" lon="-79.3892400">
    <ele>85.1</ele>
    <time>2023-08-27T15:39:33Z</time>
   </trkpt>
   <trkpt lat="43.6450510" lon="-79.3892270">
    <ele>85.1</ele>
    <time>2023-08-27T15:39:34Z</time>
   </trkpt>
   <trkpt lat="43.6450170" lon="-79.3892150">
    <ele>85.1</ele>
    <time>2023-08-27T15:39:35Z</time>
   </trkpt>
   <trkpt lat="43.6450030" lon="-79.3892120">
    <ele>85.1</ele>
    <time>2023-08-27T15:39:36Z</time>
   </trkpt>
   <trkpt lat="43.6449770" lon="-79.3892010">
    <ele>85.1</ele>
    <time>2023-08-27T15:39:37Z</time>
   </trkpt>
   <trkpt lat="43.6449490" lon="-79.3891930">
    <ele>85.1</ele>
    <time>2023-08-27T15:39:38Z</time>
   </trkpt>
   <trkpt lat="43.6449150" lon="-79.3891850">
    <ele>85.1</ele>
    <time>2023-08-27T15:39:39Z</time>
   </trkpt>
   <trkpt lat="43.6449020" lon="-79.3891880">
    <ele>85.1</ele>
    <time>2023-08-27T15:39:40Z</time>
   </trkpt>
   <trkpt lat="43.6448740" lon="-79.3891650">
    <ele>85.1</ele>
    <time>2023-08-27T15:39:41Z</time>
   </trkpt>
   <trkpt lat="43.6448650" lon="-79.3891520">
    <ele>85.1</ele>
    <time>2023-08-27T15:39:42Z</time>
   </trkpt>
   <trkpt lat="43.6448400" lon="-79.3891370">
    <ele>85.1</ele>
    <time>2023-08-27T15:39:43Z</time>
   </trkpt>
   <trkpt lat="43.6448310" lon="-79.3891270">
    <ele>85.1</ele>
    <time>2023-08-27T15:39:44Z</time>
   </trkpt>
   <trkpt lat="43.6447950" lon="-79.3891040">
    <ele>85.1</ele>
    <time>2023-08-27T15:39:45Z</time>
   </trkpt>
   <trkpt lat="43.6447800" lon="-79.3890980">
    <ele>85.1</ele>
    <time>2023-08-27T15:39:46Z</time>
   </trkpt>
   <trkpt lat="43.6447550" lon="-79.3890770">
    <ele>85.1</ele>
    <time>2023-08-27T15:39:47Z</time>
   </trkpt>
   <trkpt lat="43.6447450" lon="-79.3890730">
    <ele>85.1</ele>
    <time>2023-08-27T15:39:48Z</time>
   </trkpt>
   <trkpt lat="43.6447170" lon="-79.3890560">
    <ele>85.1</ele>
    <time>2023-08-27T15:39:49Z</time>
   </trkpt>
   <trkpt lat="43.6447080" lon="-79.3890540">
    <ele>85.1</ele>
    <time>2023-08-27T15:39:50Z</time>
   </trkpt>
   <trkpt lat="43.6446670" lon="-79.3890310">
    <ele>85.1</ele>
    <time>2023-08-27T15:39:51Z</time>
   </trkpt>
   <trkpt lat="43.6446480" lon="-79.3890250">
    <ele>85.1</ele>
    <time>2023-08-27T15:39:52Z</time>
   </trkpt>
   <trkpt lat="43.6446220" lon="-79.3890030">
    <ele>85.1</ele>
    <time>2023-08-27T15:39:53Z</time>
   </trkpt>
   <trkpt lat="43.6446130" lon="-79.3889980">
    <ele>85.1</ele>
    <time>2023-08-27T15:39:54Z</time>
   </trkpt>
   <trkpt lat="43.6445830" lon="-79.3889590">
    <ele>85.2</ele>
    <time>2023-08-27T15:39:55Z</time>
   </trkpt>
   <trkpt lat="43.6445770" lon="-79.3889330">
    <ele>85.2</ele>
    <time>2023-08-27T15:39:56Z</time>
   </trkpt>
   <trkpt lat="43.6445170" lon="-79.3889220">
    <ele>85.2</ele>
    <time>2023-08-27T15:39:57Z</time>
   </trkpt>
   <trkpt lat="43.6444710" lon="-79.3889250">
    <ele>85.2</ele>
    <time>2023-08-27T15:39:58Z</time>
   </trkpt>
   <trkpt lat="43.6444390" lon="-79.3889040">
    <ele>85.2</ele>
    <time>2023-08-27T15:39:59Z</time>
   </trkpt>
   <trkpt lat="43.6444270" lon="-79.3888980">
    <ele>85.2</ele>
    <time>2023-08-27T15:40:00Z</time>
   </trkpt>
   <trkpt lat="43.6444120" lon="-79.3889380">
    <ele>85.2</ele>
    <time>2023-08-27T15:40:01Z</time>
   </trkpt>
   <trkpt lat="43.6444260" lon="-79.3889230">
    <ele>85.2</ele>
    <time>2023-08-27T15:40:02Z</time>
   </trkpt>
   <trkpt lat="43.6443780" lon="-79.3889260">
    <ele>85.2</ele>
    <time>2023-08-27T15:40:03Z</time>
   </trkpt>
   <trkpt lat="43.6443120" lon="-79.3889240">
    <ele>85.2</ele>
    <time>2023-08-27T15:40:04Z</time>
   </trkpt>
   <trkpt lat="43.6443150" lon="-79.3889000">
    <ele>85.2</ele>
    <time>2023-08-27T15:40:05Z</time>
   </trkpt>
   <trkpt lat="43.6443210" lon="-79.3888850">
    <ele>85.2</ele>
    <time>2023-08-27T15:40:06Z</time>
   </trkpt>
   <trkpt lat="43.6443280" lon="-79.3888700">
    <ele>85.2</ele>
    <time>2023-08-27T15:40:07Z</time>
   </trkpt>
   <trkpt lat="43.6443280" lon="-79.3888270">
    <ele>85.2</ele>
    <time>2023-08-27T15:40:08Z</time>
   </trkpt>
   <trkpt lat="43.6443230" lon="-79.3888140">
    <ele>85.2</ele>
    <time>2023-08-27T15:40:09Z</time>
   </trkpt>
   <trkpt lat="43.6442750" lon="-79.3888170">
    <ele>85.2</ele>
    <time>2023-08-27T15:40:10Z</time>
   </trkpt>
   <trkpt lat="43.6441870" lon="-79.3891100">
    <ele>85.2</ele>
    <time>2023-08-27T15:40:11Z</time>
   </trkpt>
   <trkpt lat="43.6441900" lon="-79.3891200">
    <ele>85.2</ele>
    <time>2023-08-27T15:40:12Z</time>
   </trkpt>
   <trkpt lat="43.6441750" lon="-79.3891660">
    <ele>85.3</ele>
    <time>2023-08-27T15:40:13Z</time>
   </trkpt>
   <trkpt lat="43.6442010" lon="-79.3892020">
    <ele>85.3</ele>
    <time>2023-08-27T15:40:14Z</time>
   </trkpt>
   <trkpt lat="43.6442090" lon="-79.3892150">
    <ele>85.4</ele>
    <time>2023-08-27T15:40:15Z</time>
   </trkpt>
   <trkpt lat="43.6441780" lon="-79.3892740">
    <ele>85.5</ele>
    <time>2023-08-27T15:40:16Z</time>
   </trkpt>
   <trkpt lat="43.6441520" lon="-79.3892980">
    <ele>85.5</ele>
    <time>2023-08-27T15:40:17Z</time>
   </trkpt>
   <trkpt lat="43.6441430" lon="-79.3893380">
    <ele>85.6</ele>
    <time>2023-08-27T15:40:18Z</time>
   </trkpt>
   <trkpt lat="43.6441380" lon="-79.3893530">
    <ele>85.6</ele>
    <time>2023-08-27T15:40:19Z</time>
   </trkpt>
   <trkpt lat="43.6441400" lon="-79.3893950">
    <ele>85.5</ele>
    <time>2023-08-27T15:40:20Z</time>
   </trkpt>
   <trkpt lat="43.6441410" lon="-79.3894100">
    <ele>85.5</ele>
    <time>2023-08-27T15:40:21Z</time>
   </trkpt>
   <trkpt lat="43.6441120" lon="-79.3894370">
    <ele>85.5</ele>
    <time>2023-08-27T15:40:22Z</time>
   </trkpt>
   <trkpt lat="43.6441010" lon="-79.3894780">
    <ele>85.5</ele>
    <time>2023-08-27T15:40:23Z</time>
   </trkpt>
   <trkpt lat="43.6441030" lon="-79.3894900">
    <ele>85.5</ele>
    <time>2023-08-27T15:40:24Z</time>
   </trkpt>
   <trkpt lat="43.6441140" lon="-79.3895300">
    <ele>85.6</ele>
    <time>2023-08-27T15:40:25Z</time>
   </trkpt>
   <trkpt lat="43.6441150" lon="-79.3895430">
    <ele>85.6</ele>
    <time>2023-08-27T15:40:26Z</time>
   </trkpt>
   <trkpt lat="43.6441130" lon="-79.3895810">
    <ele>85.6</ele>
    <time>2023-08-27T15:40:27Z</time>
   </trkpt>
   <trkpt lat="43.6441150" lon="-79.3895930">
    <ele>85.6</ele>
    <time>2023-08-27T15:40:28Z</time>
   </trkpt>
   <trkpt lat="43.6440850" lon="-79.3896360">
    <ele>85.6</ele>
    <time>2023-08-27T15:40:29Z</time>
   </trkpt>
   <trkpt lat="43.6440670" lon="-79.3896680">
    <ele>85.6</ele>
    <time>2023-08-27T15:40:30Z</time>
   </trkpt>
   <trkpt lat="43.6440690" lon="-79.3897140">
    <ele>85.6</ele>
    <time>2023-08-27T15:40:31Z</time>
   </trkpt>
   <trkpt lat="43.6440720" lon="-79.3897340">
    <ele>85.7</ele>
    <time>2023-08-27T15:40:32Z</time>
   </trkpt>
   <trkpt lat="43.6440700" lon="-79.3897770">
    <ele>85.7</ele>
    <time>2023-08-27T15:40:33Z</time>
   </trkpt>
   <trkpt lat="43.6440680" lon="-79.3897910">
    <ele>85.7</ele>
    <time>2023-08-27T15:40:34Z</time>
   </trkpt>
   <trkpt lat="43.6440380" lon="-79.3898310">
    <ele>85.7</ele>
    <time>2023-08-27T15:40:35Z</time>
   </trkpt>
   <trkpt lat="43.6440450" lon="-79.3898770">
    <ele>85.7</ele>
    <time>2023-08-27T15:40:36Z</time>
   </trkpt>
   <trkpt lat="43.6440510" lon="-79.3898940">
    <ele>85.7</ele>
    <time>2023-08-27T15:40:37Z</time>
   </trkpt>
   <trkpt lat="43.6440740" lon="-79.3899390">
    <ele>85.8</ele>
    <time>2023-08-27T15:40:38Z</time>
   </trkpt>
   <trkpt lat="43.6440820" lon="-79.3899570">
    <ele>85.8</ele>
    <time>2023-08-27T15:40:39Z</time>
   </trkpt>
   <trkpt lat="43.6440770" lon="-79.3900120">
    <ele>85.8</ele>
    <time>2023-08-27T15:40:40Z</time>
   </trkpt>
   <trkpt lat="43.6440560" lon="-79.3900360">
    <ele>85.8</ele>
    <time>2023-08-27T15:40:41Z</time>
   </trkpt>
   <trkpt lat="43.6440470" lon="-79.3900810">
    <ele>85.8</ele>
    <time>2023-08-27T15:40:42Z</time>
   </trkpt>
   <trkpt lat="43.6440400" lon="-79.3900950">
    <ele>85.8</ele>
    <time>2023-08-27T15:40:43Z</time>
   </trkpt>
   <trkpt lat="43.6440350" lon="-79.3901380">
    <ele>85.8</ele>
    <time>2023-08-27T15:40:44Z</time>
   </trkpt>
   <trkpt lat="43.6440300" lon="-79.3901530">
    <ele>85.8</ele>
    <time>2023-08-27T15:40:45Z</time>
   </trkpt>
   <trkpt lat="43.6440030" lon="-79.3901830">
    <ele>85.8</ele>
    <time>2023-08-27T15:40:46Z</time>
   </trkpt>
   <trkpt lat="43.6439640" lon="-79.3902330">
    <ele>85.8</ele>
    <time>2023-08-27T15:40:47Z</time>
   </trkpt>
   <trkpt lat="43.6439340" lon="-79.3902560">
    <ele>85.8</ele>
    <time>2023-08-27T15:40:48Z</time>
   </trkpt>
   <trkpt lat="43.6439200" lon="-79.3903000">
    <ele>85.8</ele>
    <time>2023-08-27T15:40:49Z</time>
   </trkpt>
   <trkpt lat="43.6439130" lon="-79.3903140">
    <ele>85.8</ele>
    <time>2023-08-27T15:40:50Z</time>
   </trkpt>
   <trkpt lat="43.6439050" lon="-79.3903630">
    <ele>85.7</ele>
    <time>2023-08-27T15:40:51Z</time>
   </trkpt>
   <trkpt lat="43.6439010" lon="-79.3903790">
    <ele>85.7</ele>
    <time>2023-08-27T15:40:52Z</time>
   </trkpt>
   <trkpt lat="43.6438840" lon="-79.3904140">
    <ele>85.7</ele>
    <time>2023-08-27T15:40:53Z</time>
   </trkpt>
   <trkpt lat="43.6438770" lon="-79.3904270">
    <ele>85.7</ele>
    <time>2023-08-27T15:40:54Z</time>
   </trkpt>
   <trkpt lat="43.6438640" lon="-79.3904640">
    <ele>85.7</ele>
    <time>2023-08-27T15:40:55Z</time>
   </trkpt>
   <trkpt lat="43.6438590" lon="-79.3904780">
    <ele>85.7</ele>
    <time>2023-08-27T15:40:56Z</time>
   </trkpt>
   <trkpt lat="43.6438530" lon="-79.3905200">
    <ele>85.7</ele>
    <time>2023-08-27T15:40:57Z</time>
   </trkpt>
   <trkpt lat="43.6438500" lon="-79.3905330">
    <ele>85.7</ele>
    <time>2023-08-27T15:40:58Z</time>
   </trkpt>
   <trkpt lat="43.6438040" lon="-79.3905750">
    <ele>85.7</ele>
    <time>2023-08-27T15:40:59Z</time>
   </trkpt>
   <trkpt lat="43.6437610" lon="-79.3905880">
    <ele>85.7</ele>
    <time>2023-08-27T15:41:00Z</time>
   </trkpt>
   <trkpt lat="43.6437460" lon="-79.3906190">
    <ele>85.7</ele>
    <time>2023-08-27T15:41:01Z</time>
   </trkpt>
   <trkpt lat="43.6437420" lon="-79.3906350">
    <ele>85.7</ele>
    <time>2023-08-27T15:41:02Z</time>
   </trkpt>
   <trkpt lat="43.6437260" lon="-79.3906720">
    <ele>85.7</ele>
    <time>2023-08-27T15:41:03Z</time>
   </trkpt>
   <trkpt lat="43.6437210" lon="-79.3906860">
    <ele>85.7</ele>
    <time>2023-08-27T15:41:04Z</time>
   </trkpt>
   <trkpt lat="43.6436740" lon="-79.3907380">
    <ele>85.7</ele>
    <time>2023-08-27T15:41:05Z</time>
   </trkpt>
   <trkpt lat="43.6436470" lon="-79.3907670">
    <ele>85.7</ele>
    <time>2023-08-27T15:41:06Z</time>
   </trkpt>
   <trkpt lat="43.6436280" lon="-79.3908070">
    <ele>85.6</ele>
    <time>2023-08-27T15:41:07Z</time>
   </trkpt>
   <trkpt lat="43.6435920" lon="-79.3908090">
    <ele>85.6</ele>
    <time>2023-08-27T15:41:08Z</time>
   </trkpt>
   <trkpt lat="43.6435830" lon="-79.3908160">
    <ele>85.6</ele>
    <time>2023-08-27T15:41:09Z</time>
   </trkpt>
   <trkpt lat="43.6435780" lon="-79.3908330">
    <ele>85.6</ele>
    <time>2023-08-27T15:41:10Z</time>
   </trkpt>
   <trkpt lat="43.6435890" lon="-79.3908170">
    <ele>85.6</ele>
    <time>2023-08-27T15:41:11Z</time>
   </trkpt>
   <trkpt lat="43.6435990" lon="-79.3908120">
    <ele>85.6</ele>
    <time>2023-08-27T15:41:12Z</time>
   </trkpt>
   <trkpt lat="43.6436040" lon="-79.3908300">
    <ele>85.6</ele>
    <time>2023-08-27T15:41:13Z</time>
   </trkpt>
   <trkpt lat="43.6436140" lon="-79.3908200">
    <ele>85.6</ele>
    <time>2023-08-27T15:41:14Z</time>
   </trkpt>
   <trkpt lat="43.6436120" lon="-79.3908480">
    <ele>85.6</ele>
    <time>2023-08-27T15:41:15Z</time>
   </trkpt>
   <trkpt lat="43.6436120" lon="-79.3908650">
    <ele>85.6</ele>
    <time>2023-08-27T15:41:16Z</time>
   </trkpt>
   <trkpt lat="43.6436120" lon="-79.3908830">
    <ele>85.6</ele>
    <time>2023-08-27T15:41:17Z</time>
   </trkpt>
   <trkpt lat="43.6435870" lon="-79.3909050">
    <ele>85.5</ele>
    <time>2023-08-27T15:41:18Z</time>
   </trkpt>
   <trkpt lat="43.6435860" lon="-79.3909870">
    <ele>85.5</ele>
    <time>2023-08-27T15:41:19Z</time>
   </trkpt>
   <trkpt lat="43.6435550" lon="-79.3910160">
    <ele>85.5</ele>
    <time>2023-08-27T15:41:20Z</time>
   </trkpt>
   <trkpt lat="43.6435430" lon="-79.3910500">
    <ele>85.5</ele>
    <time>2023-08-27T15:41:21Z</time>
   </trkpt>
   <trkpt lat="43.6435120" lon="-79.3910970">
    <ele>85.5</ele>
    <time>2023-08-27T15:41:22Z</time>
   </trkpt>
   <trkpt lat="43.6434970" lon="-79.3911200">
    <ele>85.5</ele>
    <time>2023-08-27T15:41:23Z</time>
   </trkpt>
   <trkpt lat="43.6434840" lon="-79.3911630">
    <ele>85.5</ele>
    <time>2023-08-27T15:41:24Z</time>
   </trkpt>
   <trkpt lat="43.6434800" lon="-79.3911850">
    <ele>85.5</ele>
    <time>2023-08-27T15:41:25Z</time>
   </trkpt>
   <trkpt lat="43.6434520" lon="-79.3912170">
    <ele>85.5</ele>
    <time>2023-08-27T15:41:26Z</time>
   </trkpt>
   <trkpt lat="43.6434410" lon="-79.3912530">
    <ele>85.5</ele>
    <time>2023-08-27T15:41:27Z</time>
   </trkpt>
   <trkpt lat="43.6434360" lon="-79.3912620">
    <ele>85.5</ele>
    <time>2023-08-27T15:41:28Z</time>
   </trkpt>
   <trkpt lat="43.6434290" lon="-79.3912760">
    <ele>85.5</ele>
    <time>2023-08-27T15:41:29Z</time>
   </trkpt>
   <trkpt lat="43.6434260" lon="-79.3913010">
    <ele>85.5</ele>
    <time>2023-08-27T15:41:30Z</time>
   </trkpt>
   <trkpt lat="43.6433970" lon="-79.3913370">
    <ele>85.5</ele>
    <time>2023-08-27T15:41:31Z</time>
   </trkpt>
   <trkpt lat="43.6433810" lon="-79.3913550">
    <ele>85.5</ele>
    <time>2023-08-27T15:41:32Z</time>
   </trkpt>
   <trkpt lat="43.6433730" lon="-79.3913820">
    <ele>85.5</ele>
    <time>2023-08-27T15:41:33Z</time>
   </trkpt>
   <trkpt lat="43.6433680" lon="-79.3913940">
    <ele>85.5</ele>
    <time>2023-08-27T15:41:34Z</time>
   </trkpt>
   <trkpt lat="43.6433610" lon="-79.3914090">
    <ele>85.5</ele>
    <time>2023-08-27T15:41:35Z</time>
   </trkpt>
   <trkpt lat="43.6433490" lon="-79.3914270">
    <ele>85.5</ele>
    <time>2023-08-27T15:41:36Z</time>
   </trkpt>
   <trkpt lat="43.6434120" lon="-79.3915340">
    <ele>85.5</ele>
    <time>2023-08-27T15:41:37Z</time>
   </trkpt>
   <trkpt lat="43.6433810" lon="-79.3915660">
    <ele>85.5</ele>
    <time>2023-08-27T15:41:38Z</time>
   </trkpt>
   <trkpt lat="43.6433730" lon="-79.3915910">
    <ele>85.5</ele>
    <time>2023-08-27T15:41:39Z</time>
   </trkpt>
   <trkpt lat="43.6433670" lon="-79.3916080">
    <ele>85.5</ele>
    <time>2023-08-27T15:41:40Z</time>
   </trkpt>
   <trkpt lat="43.6433400" lon="-79.3916370">
    <ele>85.5</ele>
    <time>2023-08-27T15:41:41Z</time>
   </trkpt>
   <trkpt lat="43.6433320" lon="-79.3916440">
    <ele>85.5</ele>
    <time>2023-08-27T15:41:42Z</time>
   </trkpt>
   <trkpt lat="43.6433320" lon="-79.3916650">
    <ele>85.5</ele>
    <time>2023-08-27T15:41:43Z</time>
   </trkpt>
   <trkpt lat="43.6433280" lon="-79.3916800">
    <ele>85.5</ele>
    <time>2023-08-27T15:41:44Z</time>
   </trkpt>
   <trkpt lat="43.6433170" lon="-79.3917010">
    <ele>85.5</ele>
    <time>2023-08-27T15:41:45Z</time>
   </trkpt>
   <trkpt lat="43.6433130" lon="-79.3917130">
    <ele>85.5</ele>
    <time>2023-08-27T15:41:46Z</time>
   </trkpt>
   <trkpt lat="43.6433090" lon="-79.3917250">
    <ele>85.5</ele>
    <time>2023-08-27T15:41:47Z</time>
   </trkpt>
   <trkpt lat="43.6433070" lon="-79.3917380">
    <ele>85.5</ele>
    <time>2023-08-27T15:41:48Z</time>
   </trkpt>
   <trkpt lat="43.6433060" lon="-79.3917510">
    <ele>85.5</ele>
    <time>2023-08-27T15:41:49Z</time>
   </trkpt>
   <trkpt lat="43.6433000" lon="-79.3917580">
    <ele>85.5</ele>
    <time>2023-08-27T15:41:50Z</time>
   </trkpt>
   <trkpt lat="43.6433150" lon="-79.3917730">
    <ele>85.5</ele>
    <time>2023-08-27T15:41:51Z</time>
   </trkpt>
   <trkpt lat="43.6433150" lon="-79.3917810">
    <ele>85.5</ele>
    <time>2023-08-27T15:41:52Z</time>
   </trkpt>
   <trkpt lat="43.6433340" lon="-79.3918050">
    <ele>85.5</ele>
    <time>2023-08-27T15:41:53Z</time>
   </trkpt>
   <trkpt lat="43.6433520" lon="-79.3918130">
    <ele>85.5</ele>
    <time>2023-08-27T15:41:54Z</time>
   </trkpt>
   <trkpt lat="43.6433610" lon="-79.3918140">
    <ele>85.5</ele>
    <time>2023-08-27T15:41:55Z</time>
   </trkpt>
   <trkpt lat="43.6433700" lon="-79.3918150">
    <ele>85.5</ele>
    <time>2023-08-27T15:41:56Z</time>
   </trkpt>
   <trkpt lat="43.6433800" lon="-79.3918150">
    <ele>85.5</ele>
    <time>2023-08-27T15:41:57Z</time>
   </trkpt>
   <trkpt lat="43.6433850" lon="-79.3918270">
    <ele>85.5</ele>
    <time>2023-08-27T15:41:58Z</time>
   </trkpt>
   <trkpt lat="43.6433950" lon="-79.3918510">
    <ele>85.4</ele>
    <time>2023-08-27T15:41:59Z</time>
   </trkpt>
   <trkpt lat="43.6434030" lon="-79.3918880">
    <ele>85.4</ele>
    <time>2023-08-27T15:42:00Z</time>
   </trkpt>
   <trkpt lat="43.6433920" lon="-79.3919340">
    <ele>85.4</ele>
    <time>2023-08-27T15:42:01Z</time>
   </trkpt>
   <trkpt lat="43.6433890" lon="-79.3919480">
    <ele>85.4</ele>
    <time>2023-08-27T15:42:02Z</time>
   </trkpt>
   <trkpt lat="43.6433980" lon="-79.3919870">
    <ele>85.4</ele>
    <time>2023-08-27T15:42:03Z</time>
   </trkpt>
   <trkpt lat="43.6434000" lon="-79.3920380">
    <ele>85.4</ele>
    <time>2023-08-27T15:42:04Z</time>
   </trkpt>
   <trkpt lat="43.6434000" lon="-79.3920570">
    <ele>85.4</ele>
    <time>2023-08-27T15:42:05Z</time>
   </trkpt>
   <trkpt lat="43.6433940" lon="-79.3921080">
    <ele>85.4</ele>
    <time>2023-08-27T15:42:06Z</time>
   </trkpt>
   <trkpt lat="43.6433930" lon="-79.3921230">
    <ele>85.4</ele>
    <time>2023-08-27T15:42:07Z</time>
   </trkpt>
   <trkpt lat="43.6433830" lon="-79.3921610">
    <ele>85.4</ele>
    <time>2023-08-27T15:42:08Z</time>
   </trkpt>
   <trkpt lat="43.6433780" lon="-79.3921720">
    <ele>85.4</ele>
    <time>2023-08-27T15:42:09Z</time>
   </trkpt>
   <trkpt lat="43.6433720" lon="-79.3921830">
    <ele>85.4</ele>
    <time>2023-08-27T15:42:10Z</time>
   </trkpt>
   <trkpt lat="43.6433700" lon="-79.3922010">
    <ele>85.4</ele>
    <time>2023-08-27T15:42:11Z</time>
   </trkpt>
   <trkpt lat="43.6433600" lon="-79.3922130">
    <ele>85.4</ele>
    <time>2023-08-27T15:42:12Z</time>
   </trkpt>
   <trkpt lat="43.6433720" lon="-79.3922320">
    <ele>85.4</ele>
    <time>2023-08-27T15:42:13Z</time>
   </trkpt>
   <trkpt lat="43.6433500" lon="-79.3922500">
    <ele>85.4</ele>
    <time>2023-08-27T15:42:14Z</time>
   </trkpt>
   <trkpt lat="43.6433460" lon="-79.3922660">
    <ele>85.4</ele>
    <time>2023-08-27T15:42:15Z</time>
   </trkpt>
   <trkpt lat="43.6433410" lon="-79.3922780">
    <ele>85.4</ele>
    <time>2023-08-27T15:42:16Z</time>
   </trkpt>
   <trkpt lat="43.6433420" lon="-79.3922890">
    <ele>85.4</ele>
    <time>2023-08-27T15:42:17Z</time>
   </trkpt>
   <trkpt lat="43.6432990" lon="-79.3924380">
    <ele>85.4</ele>
    <time>2023-08-27T15:42:18Z</time>
   </trkpt>
   <trkpt lat="43.6432610" lon="-79.3925800">
    <ele>85.5</ele>
    <time>2023-08-27T15:42:19Z</time>
   </trkpt>
   <trkpt lat="43.6432220" lon="-79.3927230">
    <ele>85.4</ele>
    <time>2023-08-27T15:42:20Z</time>
   </trkpt>
   <trkpt lat="43.6431130" lon="-79.3929880">
    <ele>85.4</ele>
    <time>2023-08-27T15:42:21Z</time>
   </trkpt>
   <trkpt lat="43.6430900" lon="-79.3930680">
    <ele>85.4</ele>
    <time>2023-08-27T15:42:22Z</time>
   </trkpt>
   <trkpt lat="43.6430670" lon="-79.3931490">
    <ele>85.3</ele>
    <time>2023-08-27T15:42:23Z</time>
   </trkpt>
   <trkpt lat="43.6430430" lon="-79.3932290">
    <ele>85.3</ele>
    <time>2023-08-27T15:42:24Z</time>
   </trkpt>
   <trkpt lat="43.6430140" lon="-79.3932880">
    <ele>85.3</ele>
    <time>2023-08-27T15:42:25Z</time>
   </trkpt>
   <trkpt lat="43.6429940" lon="-79.3933500">
    <ele>85.3</ele>
    <time>2023-08-27T15:42:26Z</time>
   </trkpt>
   <trkpt lat="43.6429840" lon="-79.3933780">
    <ele>85.2</ele>
    <time>2023-08-27T15:42:27Z</time>
   </trkpt>
   <trkpt lat="43.6429690" lon="-79.3934230">
    <ele>85.2</ele>
    <time>2023-08-27T15:42:28Z</time>
   </trkpt>
   <trkpt lat="43.6429590" lon="-79.3934400">
    <ele>85.2</ele>
    <time>2023-08-27T15:42:29Z</time>
   </trkpt>
   <trkpt lat="43.6429450" lon="-79.3934860">
    <ele>85.2</ele>
    <time>2023-08-27T15:42:30Z</time>
   </trkpt>
   <trkpt lat="43.6429250" lon="-79.3935510">
    <ele>85.2</ele>
    <time>2023-08-27T15:42:31Z</time>
   </trkpt>
   <trkpt lat="43.6429280" lon="-79.3935640">
    <ele>85.2</ele>
    <time>2023-08-27T15:42:32Z</time>
   </trkpt>
   <trkpt lat="43.6429250" lon="-79.3935680">
    <ele>85.2</ele>
    <time>2023-08-27T15:42:33Z</time>
   </trkpt>
   <trkpt lat="43.6429120" lon="-79.3935960">
    <ele>85.2</ele>
    <time>2023-08-27T15:42:34Z</time>
   </trkpt>
   <trkpt lat="43.6429040" lon="-79.3936000">
    <ele>85.1</ele>
    <time>2023-08-27T15:42:35Z</time>
   </trkpt>
   <trkpt lat="43.6428970" lon="-79.3936050">
    <ele>85.1</ele>
    <time>2023-08-27T15:42:36Z</time>
   </trkpt>
   <trkpt lat="43.6428900" lon="-79.3936100">
    <ele>85.1</ele>
    <time>2023-08-27T15:42:37Z</time>
   </trkpt>
   <trkpt lat="43.6428820" lon="-79.3936140">
    <ele>85.1</ele>
    <time>2023-08-27T15:42:38Z</time>
   </trkpt>
   <trkpt lat="43.6428750" lon="-79.3936190">
    <ele>85.1</ele>
    <time>2023-08-27T15:42:39Z</time>
   </trkpt>
   <trkpt lat="43.6428740" lon="-79.3936180">
    <ele>85.1</ele>
    <time>2023-08-27T15:42:40Z</time>
   </trkpt>
   <trkpt lat="43.6428740" lon="-79.3936180">
    <ele>85.1</ele>
    <time>2023-08-27T15:42:41Z</time>
   </trkpt>
   <trkpt lat="43.6428850" lon="-79.3936050">
    <ele>85.1</ele>
    <time>2023-08-27T15:42:42Z</time>
   </trkpt>
   <trkpt lat="43.6428840" lon="-79.3936050">
    <ele>85.1</ele>
    <time>2023-08-27T15:42:43Z</time>
   </trkpt>
   <trkpt lat="43.6428840" lon="-79.3936050">
    <ele>85.1</ele>
    <time>2023-08-27T15:42:44Z</time>
   </trkpt>
   <trkpt lat="43.6428840" lon="-79.3936050">
    <ele>85.1</ele>
    <time>2023-08-27T15:42:45Z</time>
   </trkpt>
   <trkpt lat="43.6428800" lon="-79.3935840">
    <ele>85.1</ele>
    <time>2023-08-27T15:42:46Z</time>
   </trkpt>
   <trkpt lat="43.6428800" lon="-79.3935840">
    <ele>85.1</ele>
    <time>2023-08-27T15:42:47Z</time>
   </trkpt>
   <trkpt lat="43.6428800" lon="-79.3935840">
    <ele>85.1</ele>
    <time>2023-08-27T15:42:48Z</time>
   </trkpt>
   <trkpt lat="43.6428800" lon="-79.3935840">
    <ele>85.1</ele>
    <time>2023-08-27T15:42:49Z</time>
   </trkpt>
   <trkpt lat="43.6428930" lon="-79.3936070">
    <ele>85.1</ele>
    <time>2023-08-27T15:42:50Z</time>
   </trkpt>
   <trkpt lat="43.6428990" lon="-79.3936210">
    <ele>85.1</ele>
    <time>2023-08-27T15:42:51Z</time>
   </trkpt>
   <trkpt lat="43.6428870" lon="-79.3936290">
    <ele>85.1</ele>
    <time>2023-08-27T15:42:52Z</time>
   </trkpt>
   <trkpt lat="43.6428990" lon="-79.3936390">
    <ele>85.1</ele>
    <time>2023-08-27T15:42:53Z</time>
   </trkpt>
   <trkpt lat="43.6429010" lon="-79.3936510">
    <ele>85.1</ele>
    <time>2023-08-27T15:42:54Z</time>
   </trkpt>
   <trkpt lat="43.6429010" lon="-79.3936510">
    <ele>85.1</ele>
    <time>2023-08-27T15:42:55Z</time>
   </trkpt>
   <trkpt lat="43.6429060" lon="-79.3936500">
    <ele>85.1</ele>
    <time>2023-08-27T15:42:56Z</time>
   </trkpt>
   <trkpt lat="43.6429060" lon="-79.3936500">
    <ele>85.1</ele>
    <time>2023-08-27T15:42:57Z</time>
   </trkpt>
   <trkpt lat="43.6429040" lon="-79.3936710">
    <ele>85.1</ele>
    <time>2023-08-27T15:42:58Z</time>
   </trkpt>
   <trkpt lat="43.6429170" lon="-79.3936780">
    <ele>85.1</ele>
    <time>2023-08-27T15:42:59Z</time>
   </trkpt>
   <trkpt lat="43.6429140" lon="-79.3937120">
    <ele>85.0</ele>
    <time>2023-08-27T15:43:00Z</time>
   </trkpt>
   <trkpt lat="43.6429120" lon="-79.3937350">
    <ele>85.0</ele>
    <time>2023-08-27T15:43:01Z</time>
   </trkpt>
   <trkpt lat="43.6429080" lon="-79.3937510">
    <ele>85.0</ele>
    <time>2023-08-27T15:43:02Z</time>
   </trkpt>
   <trkpt lat="43.6428970" lon="-79.3937700">
    <ele>85.0</ele>
    <time>2023-08-27T15:43:03Z</time>
   </trkpt>
   <trkpt lat="43.6428700" lon="-79.3937860">
    <ele>85.0</ele>
    <time>2023-08-27T15:43:04Z</time>
   </trkpt>
   <trkpt lat="43.6428640" lon="-79.3937930">
    <ele>85.1</ele>
    <time>2023-08-27T15:43:05Z</time>
   </trkpt>
   <trkpt lat="43.6428580" lon="-79.3938000">
    <ele>85.1</ele>
    <time>2023-08-27T15:43:06Z</time>
   </trkpt>
   <trkpt lat="43.6428360" lon="-79.3937710">
    <ele>85.2</ele>
    <time>2023-08-27T15:43:07Z</time>
   </trkpt>
   <trkpt lat="43.6428440" lon="-79.3937700">
    <ele>85.2</ele>
    <time>2023-08-27T15:43:08Z</time>
   </trkpt>
   <trkpt lat="43.6428460" lon="-79.3937470">
    <ele>85.3</ele>
    <time>2023-08-27T15:43:09Z</time>
   </trkpt>
   <trkpt lat="43.6428490" lon="-79.3937240">
    <ele>85.3</ele>
    <time>2023-08-27T15:43:10Z</time>
   </trkpt>
   <trkpt lat="43.6428590" lon="-79.3936770">
    <ele>85.4</ele>
    <time>2023-08-27T15:43:11Z</time>
   </trkpt>
   <trkpt lat="43.6428680" lon="-79.3936610">
    <ele>85.4</ele>
    <time>2023-08-27T15:43:12Z</time>
   </trkpt>
   <trkpt lat="43.6428740" lon="-79.3936190">
    <ele>85.5</ele>
    <time>2023-08-27T15:43:13Z</time>
   </trkpt>
   <trkpt lat="43.6428860" lon="-79.3936000">
    <ele>85.5</ele>
    <time>2023-08-27T15:43:14Z</time>
   </trkpt>
   <trkpt lat="43.6428860" lon="-79.3935850">
    <ele>85.5</ele>
    <time>2023-08-27T15:43:15Z</time>
   </trkpt>
   <trkpt lat="43.6428850" lon="-79.3935710">
    <ele>85.5</ele>
    <time>2023-08-27T15:43:16Z</time>
   </trkpt>
   <trkpt lat="43.6428830" lon="-79.3935720">
    <ele>85.5</ele>
    <time>2023-08-27T15:43:17Z</time>
   </trkpt>
   <trkpt lat="43.6428840" lon="-79.3935590">
    <ele>85.6</ele>
    <time>2023-08-27T15:43:18Z</time>
   </trkpt>
   <trkpt lat="43.6428630" lon="-79.3935330">
    <ele>85.6</ele>
    <time>2023-08-27T15:43:19Z</time>
   </trkpt>
   <trkpt lat="43.6428310" lon="-79.3935120">
    <ele>85.7</ele>
    <time>2023-08-27T15:43:20Z</time>
   </trkpt>
   <trkpt lat="43.6428200" lon="-79.3935070">
    <ele>85.8</ele>
    <time>2023-08-27T15:43:21Z</time>
   </trkpt>
   <trkpt lat="43.6427880" lon="-79.3935100">
    <ele>85.7</ele>
    <time>2023-08-27T15:43:22Z</time>
   </trkpt>
   <trkpt lat="43.6427690" lon="-79.3935090">
    <ele>85.7</ele>
    <time>2023-08-27T15:43:23Z</time>
   </trkpt>
   <trkpt lat="43.6427280" lon="-79.3935100">
    <ele>85.7</ele>
    <time>2023-08-27T15:43:24Z</time>
   </trkpt>
   <trkpt lat="43.6427070" lon="-79.3935110">
    <ele>85.7</ele>
    <time>2023-08-27T15:43:25Z</time>
   </trkpt>
   <trkpt lat="43.6426720" lon="-79.3935050">
    <ele>85.8</ele>
    <time>2023-08-27T15:43:26Z</time>
   </trkpt>
   <trkpt lat="43.6426260" lon="-79.3934660">
    <ele>85.9</ele>
    <time>2023-08-27T15:43:27Z</time>
   </trkpt>
   <trkpt lat="43.6425440" lon="-79.3934620">
    <ele>86.1</ele>
    <time>2023-08-27T15:43:28Z</time>
   </trkpt>
   <trkpt lat="43.6425110" lon="-79.3934530">
    <ele>86.2</ele>
    <time>2023-08-27T15:43:29Z</time>
   </trkpt>
   <trkpt lat="43.6424990" lon="-79.3934440">
    <ele>86.3</ele>
    <time>2023-08-27T15:43:30Z</time>
   </trkpt>
   <trkpt lat="43.6424520" lon="-79.3934370">
    <ele>86.4</ele>
    <time>2023-08-27T15:43:31Z</time>
   </trkpt>
   <trkpt lat="43.6424160" lon="-79.3934350">
    <ele>86.5</ele>
    <time>2023-08-27T15:43:32Z</time>
   </trkpt>
   <trkpt lat="43.6423790" lon="-79.3934260">
    <ele>86.6</ele>
    <time>2023-08-27T15:43:33Z</time>
   </trkpt>
   <trkpt lat="43.6423410" lon="-79.3934370">
    <ele>86.7</ele>
    <time>2023-08-27T15:43:34Z</time>
   </trkpt>
   <trkpt lat="43.6422970" lon="-79.3934610">
    <ele>86.9</ele>
    <time>2023-08-27T15:43:35Z</time>
   </trkpt>
   <trkpt lat="43.6422760" lon="-79.3934820">
    <ele>87.0</ele>
    <time>2023-08-27T15:43:36Z</time>
   </trkpt>
   <trkpt lat="43.6422420" lon="-79.3934930">
    <ele>87.2</ele>
    <time>2023-08-27T15:43:37Z</time>
   </trkpt>
   <trkpt lat="43.6422290" lon="-79.3935070">
    <ele>87.2</ele>
    <time>2023-08-27T15:43:38Z</time>
   </trkpt>
   <trkpt lat="43.6422150" lon="-79.3934920">
    <ele>87.3</ele>
    <time>2023-08-27T15:43:39Z</time>
   </trkpt>
   <trkpt lat="43.6421840" lon="-79.3934860">
    <ele>87.4</ele>
    <time>2023-08-27T15:43:40Z</time>
   </trkpt>
   <trkpt lat="43.6421710" lon="-79.3934770">
    <ele>87.5</ele>
    <time>2023-08-27T15:43:41Z</time>
   </trkpt>
   <trkpt lat="43.6421530" lon="-79.3934630">
    <ele>87.5</ele>
    <time>2023-08-27T15:43:42Z</time>
   </trkpt>
   <trkpt lat="43.6421400" lon="-79.3934590">
    <ele>87.6</ele>
    <time>2023-08-27T15:43:43Z</time>
   </trkpt>
   <trkpt lat="43.6421050" lon="-79.3934430">
    <ele>87.7</ele>
    <time>2023-08-27T15:43:44Z</time>
   </trkpt>
   <trkpt lat="43.6420820" lon="-79.3934380">
    <ele>87.8</ele>
    <time>2023-08-27T15:43:45Z</time>
   </trkpt>
   <trkpt lat="43.6420400" lon="-79.3934270">
    <ele>87.9</ele>
    <time>2023-08-27T15:43:46Z</time>
   </trkpt>
   <trkpt lat="43.6419880" lon="-79.3934100">
    <ele>88.0</ele>
    <time>2023-08-27T15:43:47Z</time>
   </trkpt>
   <trkpt lat="43.6419260" lon="-79.3933760">
    <ele>88.1</ele>
    <time>2023-08-27T15:43:48Z</time>
   </trkpt>
   <trkpt lat="43.6418600" lon="-79.3933430">
    <ele>88.3</ele>
    <time>2023-08-27T15:43:49Z</time>
   </trkpt>
   <trkpt lat="43.6418160" lon="-79.3933280">
    <ele>88.4</ele>
    <time>2023-08-27T15:43:50Z</time>
   </trkpt>
   <trkpt lat="43.6417730" lon="-79.3933110">
    <ele>88.4</ele>
    <time>2023-08-27T15:43:51Z</time>
   </trkpt>
   <trkpt lat="43.6417310" lon="-79.3932930">
    <ele>88.4</ele>
    <time>2023-08-27T15:43:52Z</time>
   </trkpt>
   <trkpt lat="43.6416890" lon="-79.3932760">
    <ele>88.4</ele>
    <time>2023-08-27T15:43:53Z</time>
   </trkpt>
   <trkpt lat="43.6416530" lon="-79.3932690">
    <ele>88.4</ele>
    <time>2023-08-27T15:43:54Z</time>
   </trkpt>
   <trkpt lat="43.6416120" lon="-79.3932620">
    <ele>88.4</ele>
    <time>2023-08-27T15:43:55Z</time>
   </trkpt>
   <trkpt lat="43.6415740" lon="-79.3932530">
    <ele>88.4</ele>
    <time>2023-08-27T15:43:56Z</time>
   </trkpt>
   <trkpt lat="43.6415570" lon="-79.3932510">
    <ele>88.4</ele>
    <time>2023-08-27T15:43:57Z</time>
   </trkpt>
   <trkpt lat="43.6415270" lon="-79.3932430">
    <ele>88.4</ele>
    <time>2023-08-27T15:43:58Z</time>
   </trkpt>
   <trkpt lat="43.6414970" lon="-79.3932470">
    <ele>88.4</ele>
    <time>2023-08-27T15:43:59Z</time>
   </trkpt>
   <trkpt lat="43.6414680" lon="-79.3932380">
    <ele>88.3</ele>
    <time>2023-08-27T15:44:00Z</time>
   </trkpt>
   <trkpt lat="43.6414570" lon="-79.3932340">
    <ele>87.9</ele>
    <time>2023-08-27T15:44:01Z</time>
   </trkpt>
   <trkpt lat="43.6414420" lon="-79.3932240">
    <ele>87.9</ele>
    <time>2023-08-27T15:44:02Z</time>
   </trkpt>
   <trkpt lat="43.6414230" lon="-79.3932290">
    <ele>87.9</ele>
    <time>2023-08-27T15:44:03Z</time>
   </trkpt>
   <trkpt lat="43.6414100" lon="-79.3932320">
    <ele>87.9</ele>
    <time>2023-08-27T15:44:04Z</time>
   </trkpt>
   <trkpt lat="43.6413950" lon="-79.3932260">
    <ele>87.9</ele>
    <time>2023-08-27T15:44:05Z</time>
   </trkpt>
   <trkpt lat="43.6413910" lon="-79.3932330">
    <ele>87.9</ele>
    <time>2023-08-27T15:44:06Z</time>
   </trkpt>
   <trkpt lat="43.6413970" lon="-79.3932190">
    <ele>87.9</ele>
    <time>2023-08-27T15:44:07Z</time>
   </trkpt>
   <trkpt lat="43.6413890" lon="-79.3932230">
    <ele>87.9</ele>
    <time>2023-08-27T15:44:08Z</time>
   </trkpt>
   <trkpt lat="43.6413840" lon="-79.3932240">
    <ele>87.9</ele>
    <time>2023-08-27T15:44:09Z</time>
   </trkpt>
   <trkpt lat="43.6413770" lon="-79.3932200">
    <ele>87.9</ele>
    <time>2023-08-27T15:44:10Z</time>
   </trkpt>
   <trkpt lat="43.6413620" lon="-79.3932190">
    <ele>87.9</ele>
    <time>2023-08-27T15:44:11Z</time>
   </trkpt>
   <trkpt lat="43.6413320" lon="-79.3931980">
    <ele>87.8</ele>
    <time>2023-08-27T15:44:12Z</time>
   </trkpt>
   <trkpt lat="43.6413180" lon="-79.3931960">
    <ele>87.8</ele>
    <time>2023-08-27T15:44:13Z</time>
   </trkpt>
   <trkpt lat="43.6413010" lon="-79.3931900">
    <ele>87.8</ele>
    <time>2023-08-27T15:44:14Z</time>
   </trkpt>
   <trkpt lat="43.6412830" lon="-79.3931900">
    <ele>87.8</ele>
    <time>2023-08-27T15:44:15Z</time>
   </trkpt>
   <trkpt lat="43.6412690" lon="-79.3931740">
    <ele>87.7</ele>
    <time>2023-08-27T15:44:16Z</time>
   </trkpt>
   <trkpt lat="43.6412430" lon="-79.3931540">
    <ele>87.7</ele>
    <time>2023-08-27T15:44:17Z</time>
   </trkpt>
   <trkpt lat="43.6412220" lon="-79.3931500">
    <ele>87.6</ele>
    <time>2023-08-27T15:44:18Z</time>
   </trkpt>
   <trkpt lat="43.6412070" lon="-79.3931550">
    <ele>87.6</ele>
    <time>2023-08-27T15:44:19Z</time>
   </trkpt>
   <trkpt lat="43.6411830" lon="-79.3931280">
    <ele>87.6</ele>
    <time>2023-08-27T15:44:20Z</time>
   </trkpt>
   <trkpt lat="43.6411450" lon="-79.3931560">
    <ele>87.5</ele>
    <time>2023-08-27T15:44:21Z</time>
   </trkpt>
   <trkpt lat="43.6410910" lon="-79.3931730">
    <ele>87.4</ele>
    <time>2023-08-27T15:44:22Z</time>
   </trkpt>
   <trkpt lat="43.6410540" lon="-79.3931780">
    <ele>87.4</ele>
    <time>2023-08-27T15:44:23Z</time>
   </trkpt>
   <trkpt lat="43.6410270" lon="-79.3931890">
    <ele>87.3</ele>
    <time>2023-08-27T15:44:24Z</time>
   </trkpt>
   <trkpt lat="43.6410000" lon="-79.3932110">
    <ele>87.3</ele>
    <time>2023-08-27T15:44:25Z</time>
   </trkpt>
   <trkpt lat="43.6409940" lon="-79.3932190">
    <ele>87.2</ele>
    <time>2023-08-27T15:44:26Z</time>
   </trkpt>
   <trkpt lat="43.6409820" lon="-79.3932240">
    <ele>87.2</ele>
    <time>2023-08-27T15:44:27Z</time>
   </trkpt>
   <trkpt lat="43.6409730" lon="-79.3932440">
    <ele>87.2</ele>
    <time>2023-08-27T15:44:28Z</time>
   </trkpt>
   <trkpt lat="43.6409720" lon="-79.3932580">
    <ele>87.2</ele>
    <time>2023-08-27T15:44:29Z</time>
   </trkpt>
   <trkpt lat="43.6409460" lon="-79.3932540">
    <ele>87.1</ele>
    <time>2023-08-27T15:44:30Z</time>
   </trkpt>
   <trkpt lat="43.6409170" lon="-79.3932670">
    <ele>87.1</ele>
    <time>2023-08-27T15:44:31Z</time>
   </trkpt>
   <trkpt lat="43.6409050" lon="-79.3932750">
    <ele>87.0</ele>
    <time>2023-08-27T15:44:32Z</time>
   </trkpt>
   <trkpt lat="43.6408740" lon="-79.3932940">
    <ele>86.8</ele>
    <time>2023-08-27T15:44:33Z</time>
   </trkpt>
   <trkpt lat="43.6408430" lon="-79.3932950">
    <ele>86.8</ele>
    <time>2023-08-27T15:44:34Z</time>
   </trkpt>
   <trkpt lat="43.6408260" lon="-79.3932930">
    <ele>86.8</ele>
    <time>2023-08-27T15:44:35Z</time>
   </trkpt>
   <trkpt lat="43.6407860" lon="-79.3932960">
    <ele>86.9</ele>
    <time>2023-08-27T15:44:36Z</time>
   </trkpt>
   <trkpt lat="43.6407800" lon="-79.3932960">
    <ele>86.9</ele>
    <time>2023-08-27T15:44:37Z</time>
   </trkpt>
   <trkpt lat="43.6407790" lon="-79.3932930">
    <ele>86.9</ele>
    <time>2023-08-27T15:44:38Z</time>
   </trkpt>
   <trkpt lat="43.6407770" lon="-79.3932970">
    <ele>86.9</ele>
    <time>2023-08-27T15:44:39Z</time>
   </trkpt>
   <trkpt lat="43.6407710" lon="-79.3933130">
    <ele>86.9</ele>
    <time>2023-08-27T15:44:40Z</time>
   </trkpt>
   <trkpt lat="43.6407780" lon="-79.3933060">
    <ele>86.9</ele>
    <time>2023-08-27T15:44:41Z</time>
   </trkpt>
   <trkpt lat="43.6407600" lon="-79.3932940">
    <ele>86.9</ele>
    <time>2023-08-27T15:44:42Z</time>
   </trkpt>
   <trkpt lat="43.6407540" lon="-79.3932970">
    <ele>86.9</ele>
    <time>2023-08-27T15:44:43Z</time>
   </trkpt>
   <trkpt lat="43.6407410" lon="-79.3932960">
    <ele>86.9</ele>
    <time>2023-08-27T15:44:44Z</time>
   </trkpt>
   <trkpt lat="43.6407260" lon="-79.3933000">
    <ele>86.9</ele>
    <time>2023-08-27T15:44:45Z</time>
   </trkpt>
   <trkpt lat="43.6407240" lon="-79.3932980">
    <ele>86.9</ele>
    <time>2023-08-27T15:44:46Z</time>
   </trkpt>
   <trkpt lat="43.6407210" lon="-79.3932980">
    <ele>86.9</ele>
    <time>2023-08-27T15:44:47Z</time>
   </trkpt>
   <trkpt lat="43.6407180" lon="-79.3932990">
    <ele>86.9</ele>
    <time>2023-08-27T15:44:48Z</time>
   </trkpt>
   <trkpt lat="43.6407150" lon="-79.3932990">
    <ele>86.9</ele>
    <time>2023-08-27T15:44:49Z</time>
   </trkpt>
   <trkpt lat="43.6407110" lon="-79.3932990">
    <ele>86.9</ele>
    <time>2023-08-27T15:44:50Z</time>
   </trkpt>
   <trkpt lat="43.6407080" lon="-79.3932990">
    <ele>86.9</ele>
    <time>2023-08-27T15:44:51Z</time>
   </trkpt>
   <trkpt lat="43.6407050" lon="-79.3933000">
    <ele>86.9</ele>
    <time>2023-08-27T15:44:52Z</time>
   </trkpt>
   <trkpt lat="43.6407020" lon="-79.3933000">
    <ele>86.9</ele>
    <time>2023-08-27T15:44:53Z</time>
   </trkpt>
   <trkpt lat="43.6406990" lon="-79.3933000">
    <ele>86.9</ele>
    <time>2023-08-27T15:44:54Z</time>
   </trkpt>
   <trkpt lat="43.6406960" lon="-79.3933000">
    <ele>86.9</ele>
    <time>2023-08-27T15:44:55Z</time>
   </trkpt>
   <trkpt lat="43.6406920" lon="-79.3933010">
    <ele>86.9</ele>
    <time>2023-08-27T15:44:56Z</time>
   </trkpt>
   <trkpt lat="43.6406890" lon="-79.3933010">
    <ele>86.9</ele>
    <time>2023-08-27T15:44:57Z</time>
   </trkpt>
   <trkpt lat="43.6406860" lon="-79.3933010">
    <ele>86.9</ele>
    <time>2023-08-27T15:44:58Z</time>
   </trkpt>
   <trkpt lat="43.6406830" lon="-79.3933010">
    <ele>86.9</ele>
    <time>2023-08-27T15:44:59Z</time>
   </trkpt>
   <trkpt lat="43.6406800" lon="-79.3932870">
    <ele>86.9</ele>
    <time>2023-08-27T15:45:00Z</time>
   </trkpt>
   <trkpt lat="43.6406780" lon="-79.3932800">
    <ele>86.9</ele>
    <time>2023-08-27T15:45:01Z</time>
   </trkpt>
   <trkpt lat="43.6406750" lon="-79.3932730">
    <ele>86.8</ele>
    <time>2023-08-27T15:45:02Z</time>
   </trkpt>
   <trkpt lat="43.6406730" lon="-79.3932650">
    <ele>86.8</ele>
    <time>2023-08-27T15:45:03Z</time>
   </trkpt>
   <trkpt lat="43.6406700" lon="-79.3932580">
    <ele>86.8</ele>
    <time>2023-08-27T15:45:04Z</time>
   </trkpt>
   <trkpt lat="43.6406680" lon="-79.3932510">
    <ele>86.8</ele>
    <time>2023-08-27T15:45:05Z</time>
   </trkpt>
   <trkpt lat="43.6406660" lon="-79.3932440">
    <ele>86.8</ele>
    <time>2023-08-27T15:45:06Z</time>
   </trkpt>
   <trkpt lat="43.6406630" lon="-79.3932370">
    <ele>86.8</ele>
    <time>2023-08-27T15:45:07Z</time>
   </trkpt>
   <trkpt lat="43.6406610" lon="-79.3932300">
    <ele>86.8</ele>
    <time>2023-08-27T15:45:08Z</time>
   </trkpt>
   <trkpt lat="43.6406590" lon="-79.3932230">
    <ele>86.8</ele>
    <time>2023-08-27T15:45:09Z</time>
   </trkpt>
   <trkpt lat="43.6406560" lon="-79.3932150">
    <ele>86.6</ele>
    <time>2023-08-27T15:45:10Z</time>
   </trkpt>
   <trkpt lat="43.6406540" lon="-79.3932080">
    <ele>86.6</ele>
    <time>2023-08-27T15:45:11Z</time>
   </trkpt>
   <trkpt lat="43.6406520" lon="-79.3932010">
    <ele>86.6</ele>
    <time>2023-08-27T15:45:12Z</time>
   </trkpt>
   <trkpt lat="43.6406490" lon="-79.3931940">
    <ele>86.6</ele>
    <time>2023-08-27T15:45:13Z</time>
   </trkpt>
   <trkpt lat="43.6406470" lon="-79.3931870">
    <ele>86.6</ele>
    <time>2023-08-27T15:45:14Z</time>
   </trkpt>
   <trkpt lat="43.6406310" lon="-79.3931800">
    <ele>86.6</ele>
    <time>2023-08-27T15:45:15Z</time>
   </trkpt>
   <trkpt lat="43.6406150" lon="-79.3931490">
    <ele>86.5</ele>
    <time>2023-08-27T15:45:16Z</time>
   </trkpt>
   <trkpt lat="43.6405990" lon="-79.3931190">
    <ele>86.5</ele>
    <time>2023-08-27T15:45:17Z</time>
   </trkpt>
   <trkpt lat="43.6405490" lon="-79.3930920">
    <ele>86.3</ele>
    <time>2023-08-27T15:45:18Z</time>
   </trkpt>
   <trkpt lat="43.6405060" lon="-79.3930980">
    <ele>86.3</ele>
    <time>2023-08-27T15:45:19Z</time>
   </trkpt>
   <trkpt lat="43.6404690" lon="-79.3931000">
    <ele>86.3</ele>
    <time>2023-08-27T15:45:20Z</time>
   </trkpt>
   <trkpt lat="43.6404360" lon="-79.3930840">
    <ele>86.3</ele>
    <time>2023-08-27T15:45:21Z</time>
   </trkpt>
   <trkpt lat="43.6403940" lon="-79.3931310">
    <ele>86.1</ele>
    <time>2023-08-27T15:45:22Z</time>
   </trkpt>
   <trkpt lat="43.6403520" lon="-79.3931440">
    <ele>85.9</ele>
    <time>2023-08-27T15:45:23Z</time>
   </trkpt>
   <trkpt lat="43.6403190" lon="-79.3931450">
    <ele>85.8</ele>
    <time>2023-08-27T15:45:24Z</time>
   </trkpt>
   <trkpt lat="43.6402820" lon="-79.3931520">
    <ele>85.6</ele>
    <time>2023-08-27T15:45:25Z</time>
   </trkpt>
   <trkpt lat="43.6402400" lon="-79.3931490">
    <ele>85.4</ele>
    <time>2023-08-27T15:45:26Z</time>
   </trkpt>
   <trkpt lat="43.6402240" lon="-79.3931580">
    <ele>85.3</ele>
    <time>2023-08-27T15:45:27Z</time>
   </trkpt>
   <trkpt lat="43.6402100" lon="-79.3931540">
    <ele>85.3</ele>
    <time>2023-08-27T15:45:28Z</time>
   </trkpt>
   <trkpt lat="43.6401770" lon="-79.3931400">
    <ele>85.1</ele>
    <time>2023-08-27T15:45:29Z</time>
   </trkpt>
   <trkpt lat="43.6401680" lon="-79.3931430">
    <ele>85.1</ele>
    <time>2023-08-27T15:45:30Z</time>
   </trkpt>
   <trkpt lat="43.6401330" lon="-79.3931480">
    <ele>84.9</ele>
    <time>2023-08-27T15:45:31Z</time>
   </trkpt>
   <trkpt lat="43.6401220" lon="-79.3931400">
    <ele>84.8</ele>
    <time>2023-08-27T15:45:32Z</time>
   </trkpt>
   <trkpt lat="43.6400920" lon="-79.3931280">
    <ele>84.6</ele>
    <time>2023-08-27T15:45:33Z</time>
   </trkpt>
   <trkpt lat="43.6400500" lon="-79.3930920">
    <ele>84.4</ele>
    <time>2023-08-27T15:45:34Z</time>
   </trkpt>
   <trkpt lat="43.6400310" lon="-79.3930860">
    <ele>84.2</ele>
    <time>2023-08-27T15:45:35Z</time>
   </trkpt>
   <trkpt lat="43.6399890" lon="-79.3930710">
    <ele>84.0</ele>
    <time>2023-08-27T15:45:37Z</time>
   </trkpt>
   <trkpt lat="43.6399640" lon="-79.3930620">
    <ele>83.8</ele>
    <time>2023-08-27T15:45:38Z</time>
   </trkpt>
   <trkpt lat="43.6399560" lon="-79.3930560">
    <ele>83.8</ele>
    <time>2023-08-27T15:45:39Z</time>
   </trkpt>
   <trkpt lat="43.6399190" lon="-79.3930040">
    <ele>83.4</ele>
    <time>2023-08-27T15:45:40Z</time>
   </trkpt>
   <trkpt lat="43.6399320" lon="-79.3928270">
    <ele>82.7</ele>
    <time>2023-08-27T15:45:41Z</time>
   </trkpt>
   <trkpt lat="43.6399070" lon="-79.3928140">
    <ele>82.5</ele>
    <time>2023-08-27T15:45:42Z</time>
   </trkpt>
   <trkpt lat="43.6398800" lon="-79.3928020">
    <ele>82.4</ele>
    <time>2023-08-27T15:45:43Z</time>
   </trkpt>
   <trkpt lat="43.6398330" lon="-79.3927660">
    <ele>82.1</ele>
    <time>2023-08-27T15:45:44Z</time>
   </trkpt>
   <trkpt lat="43.6398080" lon="-79.3927410">
    <ele>81.9</ele>
    <time>2023-08-27T15:45:45Z</time>
   </trkpt>
   <trkpt lat="43.6397740" lon="-79.3927730">
    <ele>81.7</ele>
    <time>2023-08-27T15:45:46Z</time>
   </trkpt>
   <trkpt lat="43.6397340" lon="-79.3927910">
    <ele>81.4</ele>
    <time>2023-08-27T15:45:47Z</time>
   </trkpt>
   <trkpt lat="43.6396950" lon="-79.3927840">
    <ele>81.2</ele>
    <time>2023-08-27T15:45:48Z</time>
   </trkpt>
   <trkpt lat="43.6396800" lon="-79.3927890">
    <ele>81.1</ele>
    <time>2023-08-27T15:45:49Z</time>
   </trkpt>
   <trkpt lat="43.6396440" lon="-79.3927860">
    <ele>80.9</ele>
    <time>2023-08-27T15:45:50Z</time>
   </trkpt>
   <trkpt lat="43.6396200" lon="-79.3927680">
    <ele>80.8</ele>
    <time>2023-08-27T15:45:51Z</time>
   </trkpt>
   <trkpt lat="43.6395920" lon="-79.3927720">
    <ele>80.7</ele>
    <time>2023-08-27T15:45:52Z</time>
   </trkpt>
   <trkpt lat="43.6395380" lon="-79.3928050">
    <ele>80.4</ele>
    <time>2023-08-27T15:45:53Z</time>
   </trkpt>
   <trkpt lat="43.6395050" lon="-79.3927950">
    <ele>80.2</ele>
    <time>2023-08-27T15:45:54Z</time>
   </trkpt>
   <trkpt lat="43.6394900" lon="-79.3928000">
    <ele>80.1</ele>
    <time>2023-08-27T15:45:55Z</time>
   </trkpt>
   <trkpt lat="43.6394550" lon="-79.3928100">
    <ele>80.0</ele>
    <time>2023-08-27T15:45:56Z</time>
   </trkpt>
   <trkpt lat="43.6394150" lon="-79.3928050">
    <ele>79.8</ele>
    <time>2023-08-27T15:45:57Z</time>
   </trkpt>
   <trkpt lat="43.6393980" lon="-79.3928050">
    <ele>79.7</ele>
    <time>2023-08-27T15:45:58Z</time>
   </trkpt>
   <trkpt lat="43.6393660" lon="-79.3928020">
    <ele>79.6</ele>
    <time>2023-08-27T15:45:59Z</time>
   </trkpt>
   <trkpt lat="43.6393360" lon="-79.3928170">
    <ele>79.5</ele>
    <time>2023-08-27T15:46:00Z</time>
   </trkpt>
   <trkpt lat="43.6393080" lon="-79.3928170">
    <ele>79.4</ele>
    <time>2023-08-27T15:46:01Z</time>
   </trkpt>
   <trkpt lat="43.6392750" lon="-79.3927970">
    <ele>79.3</ele>
    <time>2023-08-27T15:46:02Z</time>
   </trkpt>
   <trkpt lat="43.6392630" lon="-79.3927930">
    <ele>79.2</ele>
    <time>2023-08-27T15:46:03Z</time>
   </trkpt>
   <trkpt lat="43.6392330" lon="-79.3927620">
    <ele>79.1</ele>
    <time>2023-08-27T15:46:04Z</time>
   </trkpt>
   <trkpt lat="43.6392070" lon="-79.3927550">
    <ele>79.0</ele>
    <time>2023-08-27T15:46:05Z</time>
   </trkpt>
   <trkpt lat="43.6391830" lon="-79.3927320">
    <ele>78.9</ele>
    <time>2023-08-27T15:46:06Z</time>
   </trkpt>
   <trkpt lat="43.6391560" lon="-79.3927090">
    <ele>78.9</ele>
    <time>2023-08-27T15:46:07Z</time>
   </trkpt>
   <trkpt lat="43.6391290" lon="-79.3926900">
    <ele>78.8</ele>
    <time>2023-08-27T15:46:08Z</time>
   </trkpt>
   <trkpt lat="43.6391040" lon="-79.3926680">
    <ele>78.7</ele>
    <time>2023-08-27T15:46:09Z</time>
   </trkpt>
   <trkpt lat="43.6390970" lon="-79.3926570">
    <ele>78.7</ele>
    <time>2023-08-27T15:46:10Z</time>
   </trkpt>
   <trkpt lat="43.6390740" lon="-79.3926250">
    <ele>78.6</ele>
    <time>2023-08-27T15:46:11Z</time>
   </trkpt>
   <trkpt lat="43.6390650" lon="-79.3926140">
    <ele>78.5</ele>
    <time>2023-08-27T15:46:12Z</time>
   </trkpt>
   <trkpt lat="43.6390390" lon="-79.3926030">
    <ele>78.5</ele>
    <time>2023-08-27T15:46:13Z</time>
   </trkpt>
   <trkpt lat="43.6390150" lon="-79.3925820">
    <ele>78.4</ele>
    <time>2023-08-27T15:46:14Z</time>
   </trkpt>
   <trkpt lat="43.6389930" lon="-79.3925600">
    <ele>78.3</ele>
    <time>2023-08-27T15:46:15Z</time>
   </trkpt>
   <trkpt lat="43.6389470" lon="-79.3925540">
    <ele>78.2</ele>
    <time>2023-08-27T15:46:16Z</time>
   </trkpt>
   <trkpt lat="43.6389230" lon="-79.3925610">
    <ele>78.1</ele>
    <time>2023-08-27T15:46:17Z</time>
   </trkpt>
   <trkpt lat="43.6388900" lon="-79.3925810">
    <ele>78.0</ele>
    <time>2023-08-27T15:46:18Z</time>
   </trkpt>
   <trkpt lat="43.6388520" lon="-79.3925930">
    <ele>78.0</ele>
    <time>2023-08-27T15:46:19Z</time>
   </trkpt>
   <trkpt lat="43.6388340" lon="-79.3925920">
    <ele>78.0</ele>
    <time>2023-08-27T15:46:20Z</time>
   </trkpt>
   <trkpt lat="43.6388380" lon="-79.3925880">
    <ele>78.0</ele>
    <time>2023-08-27T15:46:21Z</time>
   </trkpt>
   <trkpt lat="43.6388380" lon="-79.3925880">
    <ele>78.0</ele>
    <time>2023-08-27T15:46:22Z</time>
   </trkpt>
   <trkpt lat="43.6388380" lon="-79.3925880">
    <ele>78.0</ele>
    <time>2023-08-27T15:46:23Z</time>
   </trkpt>
   <trkpt lat="43.6388380" lon="-79.3925880">
    <ele>78.0</ele>
    <time>2023-08-27T15:46:24Z</time>
   </trkpt>
   <trkpt lat="43.6388380" lon="-79.3925880">
    <ele>78.0</ele>
    <time>2023-08-27T15:46:25Z</time>
   </trkpt>
   <trkpt lat="43.6388380" lon="-79.3925880">
    <ele>78.0</ele>
    <time>2023-08-27T15:46:26Z</time>
   </trkpt>
   <trkpt lat="43.6388300" lon="-79.3925830">
    <ele>78.0</ele>
    <time>2023-08-27T15:46:27Z</time>
   </trkpt>
   <trkpt lat="43.6388290" lon="-79.3925810">
    <ele>78.0</ele>
    <time>2023-08-27T15:46:28Z</time>
   </trkpt>
   <trkpt lat="43.6388290" lon="-79.3925830">
    <ele>78.0</ele>
    <time>2023-08-27T15:46:29Z</time>
   </trkpt>
   <trkpt lat="43.6388250" lon="-79.3925860">
    <ele>78.0</ele>
    <time>2023-08-27T15:46:30Z</time>
   </trkpt>
   <trkpt lat="43.6388190" lon="-79.3925820">
    <ele>78.0</ele>
    <time>2023-08-27T15:46:31Z</time>
   </trkpt>
   <trkpt lat="43.6388120" lon="-79.3925840">
    <ele>78.0</ele>
    <time>2023-08-27T15:46:32Z</time>
   </trkpt>
   <trkpt lat="43.6388050" lon="-79.3925850">
    <ele>78.0</ele>
    <time>2023-08-27T15:46:33Z</time>
   </trkpt>
   <trkpt lat="43.6387990" lon="-79.3925870">
    <ele>78.0</ele>
    <time>2023-08-27T15:46:34Z</time>
   </trkpt>
   <trkpt lat="43.6387920" lon="-79.3925890">
    <ele>78.0</ele>
    <time>2023-08-27T15:46:35Z</time>
   </trkpt>
   <trkpt lat="43.6387850" lon="-79.3925910">
    <ele>78.0</ele>
    <time>2023-08-27T15:46:36Z</time>
   </trkpt>
   <trkpt lat="43.6387780" lon="-79.3925920">
    <ele>78.0</ele>
    <time>2023-08-27T15:46:37Z</time>
   </trkpt>
   <trkpt lat="43.6387710" lon="-79.3925940">
    <ele>78.0</ele>
    <time>2023-08-27T15:46:38Z</time>
   </trkpt>
   <trkpt lat="43.6387640" lon="-79.3925960">
    <ele>78.0</ele>
    <time>2023-08-27T15:46:39Z</time>
   </trkpt>
   <trkpt lat="43.6387380" lon="-79.3926050">
    <ele>78.0</ele>
    <time>2023-08-27T15:46:40Z</time>
   </trkpt>
   <trkpt lat="43.6387290" lon="-79.3926140">
    <ele>78.0</ele>
    <time>2023-08-27T15:46:41Z</time>
   </trkpt>
   <trkpt lat="43.6387200" lon="-79.3926230">
    <ele>78.0</ele>
    <time>2023-08-27T15:46:42Z</time>
   </trkpt>
   <trkpt lat="43.6387210" lon="-79.3926230">
    <ele>78.0</ele>
    <time>2023-08-27T15:46:43Z</time>
   </trkpt>
   <trkpt lat="43.6387210" lon="-79.3926230">
    <ele>78.0</ele>
    <time>2023-08-27T15:46:44Z</time>
   </trkpt>
   <trkpt lat="43.6387090" lon="-79.3926430">
    <ele>78.0</ele>
    <time>2023-08-27T15:46:45Z</time>
   </trkpt>
   <trkpt lat="43.6387250" lon="-79.3926290">
    <ele>78.0</ele>
    <time>2023-08-27T15:46:46Z</time>
   </trkpt>
   <trkpt lat="43.6387250" lon="-79.3926150">
    <ele>78.0</ele>
    <time>2023-08-27T15:46:47Z</time>
   </trkpt>
   <trkpt lat="43.6387250" lon="-79.3926150">
    <ele>78.0</ele>
    <time>2023-08-27T15:46:48Z</time>
   </trkpt>
   <trkpt lat="43.6387250" lon="-79.3926150">
    <ele>78.0</ele>
    <time>2023-08-27T15:46:49Z</time>
   </trkpt>
   <trkpt lat="43.6387250" lon="-79.3926150">
    <ele>78.0</ele>
    <time>2023-08-27T15:46:50Z</time>
   </trkpt>
   <trkpt lat="43.6387250" lon="-79.3926150">
    <ele>78.0</ele>
    <time>2023-08-27T15:46:51Z</time>
   </trkpt>
   <trkpt lat="43.6387250" lon="-79.3926150">
    <ele>78.0</ele>
    <time>2023-08-27T15:46:52Z</time>
   </trkpt>
   <trkpt lat="43.6387250" lon="-79.3926150">
    <ele>78.0</ele>
    <time>2023-08-27T15:46:53Z</time>
   </trkpt>
   <trkpt lat="43.6387250" lon="-79.3926150">
    <ele>78.0</ele>
    <time>2023-08-27T15:46:54Z</time>
   </trkpt>
   <trkpt lat="43.6387250" lon="-79.3926150">
    <ele>78.0</ele>
    <time>2023-08-27T15:46:55Z</time>
   </trkpt>
   <trkpt lat="43.6387250" lon="-79.3926150">
    <ele>78.0</ele>
    <time>2023-08-27T15:46:56Z</time>
   </trkpt>
   <trkpt lat="43.6387250" lon="-79.3926150">
    <ele>78.0</ele>
    <time>2023-08-27T15:46:57Z</time>
   </trkpt>
   <trkpt lat="43.6387250" lon="-79.3926150">
    <ele>78.0</ele>
    <time>2023-08-27T15:46:58Z</time>
   </trkpt>
   <trkpt lat="43.6387250" lon="-79.3926150">
    <ele>78.0</ele>
    <time>2023-08-27T15:46:59Z</time>
   </trkpt>
   <trkpt lat="43.6387250" lon="-79.3926150">
    <ele>78.0</ele>
    <time>2023-08-27T15:47:00Z</time>
   </trkpt>
   <trkpt lat="43.6387250" lon="-79.3926150">
    <ele>78.0</ele>
    <time>2023-08-27T15:47:01Z</time>
   </trkpt>
   <trkpt lat="43.6387250" lon="-79.3926150">
    <ele>78.0</ele>
    <time>2023-08-27T15:47:02Z</time>
   </trkpt>
   <trkpt lat="43.6387250" lon="-79.3926150">
    <ele>78.0</ele>
    <time>2023-08-27T15:47:03Z</time>
   </trkpt>
   <trkpt lat="43.6387470" lon="-79.3926250">
    <ele>78.0</ele>
    <time>2023-08-27T15:47:04Z</time>
   </trkpt>
   <trkpt lat="43.6387390" lon="-79.3926240">
    <ele>78.0</ele>
    <time>2023-08-27T15:47:05Z</time>
   </trkpt>
   <trkpt lat="43.6387500" lon="-79.3926290">
    <ele>78.0</ele>
    <time>2023-08-27T15:47:06Z</time>
   </trkpt>
   <trkpt lat="43.6387490" lon="-79.3926330">
    <ele>78.0</ele>
    <time>2023-08-27T15:47:07Z</time>
   </trkpt>
   <trkpt lat="43.6387490" lon="-79.3926310">
    <ele>78.0</ele>
    <time>2023-08-27T15:47:08Z</time>
   </trkpt>
   <trkpt lat="43.6387490" lon="-79.3926310">
    <ele>78.0</ele>
    <time>2023-08-27T15:47:09Z</time>
   </trkpt>
   <trkpt lat="43.6387490" lon="-79.3926310">
    <ele>78.0</ele>
    <time>2023-08-27T15:47:10Z</time>
   </trkpt>
   <trkpt lat="43.6387490" lon="-79.3926310">
    <ele>78.0</ele>
    <time>2023-08-27T15:47:11Z</time>
   </trkpt>
   <trkpt lat="43.6387230" lon="-79.3926030">
    <ele>78.0</ele>
    <time>2023-08-27T15:47:12Z</time>
   </trkpt>
   <trkpt lat="43.6387160" lon="-79.3926110">
    <ele>78.0</ele>
    <time>2023-08-27T15:47:13Z</time>
   </trkpt>
   <trkpt lat="43.6387070" lon="-79.3926170">
    <ele>78.0</ele>
    <time>2023-08-27T15:47:14Z</time>
   </trkpt>
   <trkpt lat="43.6386970" lon="-79.3926220">
    <ele>78.0</ele>
    <time>2023-08-27T15:47:15Z</time>
   </trkpt>
   <trkpt lat="43.6386880" lon="-79.3926280">
    <ele>78.0</ele>
    <time>2023-08-27T15:47:16Z</time>
   </trkpt>
   <trkpt lat="43.6386910" lon="-79.3926250">
    <ele>78.0</ele>
    <time>2023-08-27T15:47:17Z</time>
   </trkpt>
   <trkpt lat="43.6386920" lon="-79.3926210">
    <ele>78.0</ele>
    <time>2023-08-27T15:47:18Z</time>
   </trkpt>
   <trkpt lat="43.6386940" lon="-79.3926180">
    <ele>78.0</ele>
    <time>2023-08-27T15:47:19Z</time>
   </trkpt>
   <trkpt lat="43.6386950" lon="-79.3926140">
    <ele>78.0</ele>
    <time>2023-08-27T15:47:20Z</time>
   </trkpt>
   <trkpt lat="43.6386970" lon="-79.3926110">
    <ele>77.9</ele>
    <time>2023-08-27T15:47:21Z</time>
   </trkpt>
   <trkpt lat="43.6386980" lon="-79.3926070">
    <ele>77.9</ele>
    <time>2023-08-27T15:47:22Z</time>
   </trkpt>
   <trkpt lat="43.6387000" lon="-79.3926040">
    <ele>77.9</ele>
    <time>2023-08-27T15:47:23Z</time>
   </trkpt>
   <trkpt lat="43.6387010" lon="-79.3926010">
    <ele>77.9</ele>
    <time>2023-08-27T15:47:24Z</time>
   </trkpt>
   <trkpt lat="43.6387030" lon="-79.3925970">
    <ele>77.9</ele>
    <time>2023-08-27T15:47:25Z</time>
   </trkpt>
   <trkpt lat="43.6387040" lon="-79.3925940">
    <ele>77.9</ele>
    <time>2023-08-27T15:47:26Z</time>
   </trkpt>
   <trkpt lat="43.6387050" lon="-79.3925900">
    <ele>77.9</ele>
    <time>2023-08-27T15:47:27Z</time>
   </trkpt>
   <trkpt lat="43.6387070" lon="-79.3925870">
    <ele>77.9</ele>
    <time>2023-08-27T15:47:28Z</time>
   </trkpt>
   <trkpt lat="43.6387080" lon="-79.3925830">
    <ele>77.9</ele>
    <time>2023-08-27T15:47:29Z</time>
   </trkpt>
   <trkpt lat="43.6387100" lon="-79.3925800">
    <ele>77.9</ele>
    <time>2023-08-27T15:47:30Z</time>
   </trkpt>
   <trkpt lat="43.6387130" lon="-79.3925810">
    <ele>77.9</ele>
    <time>2023-08-27T15:47:31Z</time>
   </trkpt>
   <trkpt lat="43.6387130" lon="-79.3925810">
    <ele>77.9</ele>
    <time>2023-08-27T15:47:32Z</time>
   </trkpt>
   <trkpt lat="43.6387140" lon="-79.3925780">
    <ele>77.9</ele>
    <time>2023-08-27T15:47:33Z</time>
   </trkpt>
   <trkpt lat="43.6387130" lon="-79.3925790">
    <ele>77.9</ele>
    <time>2023-08-27T15:47:34Z</time>
   </trkpt>
   <trkpt lat="43.6387130" lon="-79.3925790">
    <ele>77.9</ele>
    <time>2023-08-27T15:47:35Z</time>
   </trkpt>
   <trkpt lat="43.6387130" lon="-79.3925790">
    <ele>77.9</ele>
    <time>2023-08-27T15:47:36Z</time>
   </trkpt>
   <trkpt lat="43.6387130" lon="-79.3925790">
    <ele>77.9</ele>
    <time>2023-08-27T15:47:37Z</time>
   </trkpt>
   <trkpt lat="43.6387080" lon="-79.3925640">
    <ele>77.9</ele>
    <time>2023-08-27T15:47:38Z</time>
   </trkpt>
   <trkpt lat="43.6387140" lon="-79.3925630">
    <ele>77.9</ele>
    <time>2023-08-27T15:47:39Z</time>
   </trkpt>
   <trkpt lat="43.6387140" lon="-79.3925630">
    <ele>77.9</ele>
    <time>2023-08-27T15:47:40Z</time>
   </trkpt>
   <trkpt lat="43.6387140" lon="-79.3925630">
    <ele>77.9</ele>
    <time>2023-08-27T15:47:41Z</time>
   </trkpt>
   <trkpt lat="43.6387660" lon="-79.3925360">
    <ele>77.9</ele>
    <time>2023-08-27T15:47:43Z</time>
   </trkpt>
   <trkpt lat="43.6387770" lon="-79.3925290">
    <ele>77.9</ele>
    <time>2023-08-27T15:47:44Z</time>
   </trkpt>
   <trkpt lat="43.6387880" lon="-79.3925220">
    <ele>77.9</ele>
    <time>2023-08-27T15:47:45Z</time>
   </trkpt>
   <trkpt lat="43.6387990" lon="-79.3925140">
    <ele>77.9</ele>
    <time>2023-08-27T15:47:46Z</time>
   </trkpt>
   <trkpt lat="43.6388140" lon="-79.3925180">
    <ele>77.9</ele>
    <time>2023-08-27T15:47:47Z</time>
   </trkpt>
   <trkpt lat="43.6388150" lon="-79.3925150">
    <ele>77.9</ele>
    <time>2023-08-27T15:47:48Z</time>
   </trkpt>
   <trkpt lat="43.6388110" lon="-79.3925240">
    <ele>77.9</ele>
    <time>2023-08-27T15:47:49Z</time>
   </trkpt>
   <trkpt lat="43.6388040" lon="-79.3925280">
    <ele>77.9</ele>
    <time>2023-08-27T15:47:50Z</time>
   </trkpt>
   <trkpt lat="43.6388030" lon="-79.3925290">
    <ele>77.9</ele>
    <time>2023-08-27T15:47:51Z</time>
   </trkpt>
   <trkpt lat="43.6387750" lon="-79.3925400">
    <ele>77.9</ele>
    <time>2023-08-27T15:47:52Z</time>
   </trkpt>
   <trkpt lat="43.6387580" lon="-79.3925290">
    <ele>77.9</ele>
    <time>2023-08-27T15:47:53Z</time>
   </trkpt>
   <trkpt lat="43.6387450" lon="-79.3925190">
    <ele>77.9</ele>
    <time>2023-08-27T15:47:54Z</time>
   </trkpt>
   <trkpt lat="43.6387310" lon="-79.3925100">
    <ele>77.9</ele>
    <time>2023-08-27T15:47:55Z</time>
   </trkpt>
   <trkpt lat="43.6387130" lon="-79.3925110">
    <ele>77.9</ele>
    <time>2023-08-27T15:47:56Z</time>
   </trkpt>
   <trkpt lat="43.6386990" lon="-79.3925230">
    <ele>77.9</ele>
    <time>2023-08-27T15:47:57Z</time>
   </trkpt>
   <trkpt lat="43.6386800" lon="-79.3925450">
    <ele>77.9</ele>
    <time>2023-08-27T15:47:58Z</time>
   </trkpt>
   <trkpt lat="43.6386690" lon="-79.3925510">
    <ele>77.9</ele>
    <time>2023-08-27T15:47:59Z</time>
   </trkpt>
   <trkpt lat="43.6386470" lon="-79.3925830">
    <ele>77.9</ele>
    <time>2023-08-27T15:48:00Z</time>
   </trkpt>
   <trkpt lat="43.6386160" lon="-79.3925900">
    <ele>77.9</ele>
    <time>2023-08-27T15:48:01Z</time>
   </trkpt>
   <trkpt lat="43.6385830" lon="-79.3926010">
    <ele>77.9</ele>
    <time>2023-08-27T15:48:02Z</time>
   </trkpt>
   <trkpt lat="43.6385690" lon="-79.3926130">
    <ele>77.9</ele>
    <time>2023-08-27T15:48:03Z</time>
   </trkpt>
   <trkpt lat="43.6385550" lon="-79.3926120">
    <ele>77.9</ele>
    <time>2023-08-27T15:48:04Z</time>
   </trkpt>
   <trkpt lat="43.6385330" lon="-79.3925660">
    <ele>78.0</ele>
    <time>2023-08-27T15:48:05Z</time>
   </trkpt>
   <trkpt lat="43.6384950" lon="-79.3925330">
    <ele>78.0</ele>
    <time>2023-08-27T15:48:06Z</time>
   </trkpt>
   <trkpt lat="43.6384530" lon="-79.3924840">
    <ele>78.0</ele>
    <time>2023-08-27T15:48:07Z</time>
   </trkpt>
   <trkpt lat="43.6384250" lon="-79.3924230">
    <ele>78.1</ele>
    <time>2023-08-27T15:48:08Z</time>
   </trkpt>
   <trkpt lat="43.6383930" lon="-79.3923950">
    <ele>78.1</ele>
    <time>2023-08-27T15:48:09Z</time>
   </trkpt>
   <trkpt lat="43.6383620" lon="-79.3923900">
    <ele>78.1</ele>
    <time>2023-08-27T15:48:10Z</time>
   </trkpt>
   <trkpt lat="43.6383290" lon="-79.3923630">
    <ele>78.1</ele>
    <time>2023-08-27T15:48:11Z</time>
   </trkpt>
   <trkpt lat="43.6382910" lon="-79.3923490">
    <ele>78.1</ele>
    <time>2023-08-27T15:48:12Z</time>
   </trkpt>
   <trkpt lat="43.6382780" lon="-79.3923400">
    <ele>78.1</ele>
    <time>2023-08-27T15:48:13Z</time>
   </trkpt>
   <trkpt lat="43.6382390" lon="-79.3923410">
    <ele>78.1</ele>
    <time>2023-08-27T15:48:14Z</time>
   </trkpt>
   <trkpt lat="43.6382250" lon="-79.3923410">
    <ele>78.0</ele>
    <time>2023-08-27T15:48:15Z</time>
   </trkpt>
   <trkpt lat="43.6381770" lon="-79.3923290">
    <ele>78.0</ele>
    <time>2023-08-27T15:48:16Z</time>
   </trkpt>
   <trkpt lat="43.6381480" lon="-79.3923060">
    <ele>78.0</ele>
    <time>2023-08-27T15:48:17Z</time>
   </trkpt>
   <trkpt lat="43.6381210" lon="-79.3922930">
    <ele>78.0</ele>
    <time>2023-08-27T15:48:18Z</time>
   </trkpt>
   <trkpt lat="43.6380950" lon="-79.3922850">
    <ele>78.0</ele>
    <time>2023-08-27T15:48:19Z</time>
   </trkpt>
   <trkpt lat="43.6380680" lon="-79.3922760">
    <ele>78.0</ele>
    <time>2023-08-27T15:48:20Z</time>
   </trkpt>
   <trkpt lat="43.6380400" lon="-79.3922620">
    <ele>77.9</ele>
    <time>2023-08-27T15:48:21Z</time>
   </trkpt>
   <trkpt lat="43.6380070" lon="-79.3922450">
    <ele>77.9</ele>
    <time>2023-08-27T15:48:22Z</time>
   </trkpt>
   <trkpt lat="43.6379950" lon="-79.3922400">
    <ele>77.9</ele>
    <time>2023-08-27T15:48:23Z</time>
   </trkpt>
   <trkpt lat="43.6379590" lon="-79.3922280">
    <ele>77.9</ele>
    <time>2023-08-27T15:48:24Z</time>
   </trkpt>
   <trkpt lat="43.6379470" lon="-79.3922250">
    <ele>77.9</ele>
    <time>2023-08-27T15:48:25Z</time>
   </trkpt>
   <trkpt lat="43.6379150" lon="-79.3922010">
    <ele>77.9</ele>
    <time>2023-08-27T15:48:26Z</time>
   </trkpt>
   <trkpt lat="43.6378810" lon="-79.3921790">
    <ele>77.9</ele>
    <time>2023-08-27T15:48:27Z</time>
   </trkpt>
   <trkpt lat="43.6378540" lon="-79.3921720">
    <ele>77.9</ele>
    <time>2023-08-27T15:48:28Z</time>
   </trkpt>
   <trkpt lat="43.6378130" lon="-79.3921590">
    <ele>77.9</ele>
    <time>2023-08-27T15:48:29Z</time>
   </trkpt>
   <trkpt lat="43.6377970" lon="-79.3921640">
    <ele>77.9</ele>
    <time>2023-08-27T15:48:30Z</time>
   </trkpt>
   <trkpt lat="43.6377760" lon="-79.3921560">
    <ele>77.9</ele>
    <time>2023-08-27T15:48:31Z</time>
   </trkpt>
   <trkpt lat="43.6377620" lon="-79.3921620">
    <ele>77.9</ele>
    <time>2023-08-27T15:48:32Z</time>
   </trkpt>
   <trkpt lat="43.6377380" lon="-79.3921980">
    <ele>77.9</ele>
    <time>2023-08-27T15:48:33Z</time>
   </trkpt>
   <trkpt lat="43.6377220" lon="-79.3922400">
    <ele>77.9</ele>
    <time>2023-08-27T15:48:34Z</time>
   </trkpt>
   <trkpt lat="43.6377080" lon="-79.3922880">
    <ele>78.0</ele>
    <time>2023-08-27T15:48:35Z</time>
   </trkpt>
   <trkpt lat="43.6377050" lon="-79.3923110">
    <ele>78.0</ele>
    <time>2023-08-27T15:48:36Z</time>
   </trkpt>
   <trkpt lat="43.6377000" lon="-79.3923520">
    <ele>78.0</ele>
    <time>2023-08-27T15:48:37Z</time>
   </trkpt>
   <trkpt lat="43.6376860" lon="-79.3924050">
    <ele>78.0</ele>
    <time>2023-08-27T15:48:38Z</time>
   </trkpt>
   <trkpt lat="43.6376830" lon="-79.3924260">
    <ele>78.0</ele>
    <time>2023-08-27T15:48:39Z</time>
   </trkpt>
   <trkpt lat="43.6376780" lon="-79.3924800">
    <ele>78.0</ele>
    <time>2023-08-27T15:48:40Z</time>
   </trkpt>
   <trkpt lat="43.6376750" lon="-79.3924980">
    <ele>78.0</ele>
    <time>2023-08-27T15:48:41Z</time>
   </trkpt>
   <trkpt lat="43.6376640" lon="-79.3925500">
    <ele>78.0</ele>
    <time>2023-08-27T15:48:42Z</time>
   </trkpt>
   <trkpt lat="43.6376600" lon="-79.3925670">
    <ele>78.0</ele>
    <time>2023-08-27T15:48:43Z</time>
   </trkpt>
   <trkpt lat="43.6376500" lon="-79.3926050">
    <ele>78.0</ele>
    <time>2023-08-27T15:48:44Z</time>
   </trkpt>
   <trkpt lat="43.6376380" lon="-79.3926460">
    <ele>78.1</ele>
    <time>2023-08-27T15:48:45Z</time>
   </trkpt>
   <trkpt lat="43.6376270" lon="-79.3926820">
    <ele>78.1</ele>
    <time>2023-08-27T15:48:46Z</time>
   </trkpt>
   <trkpt lat="43.6376230" lon="-79.3927200">
    <ele>78.1</ele>
    <time>2023-08-27T15:48:47Z</time>
   </trkpt>
   <trkpt lat="43.6376090" lon="-79.3927620">
    <ele>78.1</ele>
    <time>2023-08-27T15:48:48Z</time>
   </trkpt>
   <trkpt lat="43.6375930" lon="-79.3928010">
    <ele>78.2</ele>
    <time>2023-08-27T15:48:49Z</time>
   </trkpt>
   <trkpt lat="43.6375730" lon="-79.3928510">
    <ele>78.2</ele>
    <time>2023-08-27T15:48:50Z</time>
   </trkpt>
   <trkpt lat="43.6375660" lon="-79.3928710">
    <ele>78.2</ele>
    <time>2023-08-27T15:48:51Z</time>
   </trkpt>
   <trkpt lat="43.6375630" lon="-79.3929080">
    <ele>78.2</ele>
    <time>2023-08-27T15:48:52Z</time>
   </trkpt>
   <trkpt lat="43.6375490" lon="-79.3929570">
    <ele>78.2</ele>
    <time>2023-08-27T15:48:53Z</time>
   </trkpt>
   <trkpt lat="43.6375470" lon="-79.3929740">
    <ele>78.2</ele>
    <time>2023-08-27T15:48:54Z</time>
   </trkpt>
   <trkpt lat="43.6375450" lon="-79.3930280">
    <ele>78.2</ele>
    <time>2023-08-27T15:48:55Z</time>
   </trkpt>
   <trkpt lat="43.6375310" lon="-79.3930630">
    <ele>78.3</ele>
    <time>2023-08-27T15:48:56Z</time>
   </trkpt>
   <trkpt lat="43.6375340" lon="-79.3931050">
    <ele>78.3</ele>
    <time>2023-08-27T15:48:57Z</time>
   </trkpt>
   <trkpt lat="43.6375250" lon="-79.3931530">
    <ele>78.3</ele>
    <time>2023-08-27T15:48:58Z</time>
   </trkpt>
   <trkpt lat="43.6375280" lon="-79.3931730">
    <ele>78.3</ele>
    <time>2023-08-27T15:48:59Z</time>
   </trkpt>
   <trkpt lat="43.6375250" lon="-79.3932110">
    <ele>78.3</ele>
    <time>2023-08-27T15:49:00Z</time>
   </trkpt>
   <trkpt lat="43.6375210" lon="-79.3932540">
    <ele>78.3</ele>
    <time>2023-08-27T15:49:01Z</time>
   </trkpt>
   <trkpt lat="43.6375160" lon="-79.3932920">
    <ele>78.3</ele>
    <time>2023-08-27T15:49:02Z</time>
   </trkpt>
   <trkpt lat="43.6375150" lon="-79.3933430">
    <ele>78.3</ele>
    <time>2023-08-27T15:49:03Z</time>
   </trkpt>
   <trkpt lat="43.6375170" lon="-79.3933860">
    <ele>78.3</ele>
    <time>2023-08-27T15:49:04Z</time>
   </trkpt>
   <trkpt lat="43.6375200" lon="-79.3934390">
    <ele>78.3</ele>
    <time>2023-08-27T15:49:05Z</time>
   </trkpt>
   <trkpt lat="43.6375200" lon="-79.3934570">
    <ele>78.3</ele>
    <time>2023-08-27T15:49:06Z</time>
   </trkpt>
   <trkpt lat="43.6375150" lon="-79.3934970">
    <ele>78.3</ele>
    <time>2023-08-27T15:49:07Z</time>
   </trkpt>
   <trkpt lat="43.6375160" lon="-79.3935390">
    <ele>78.3</ele>
    <time>2023-08-27T15:49:08Z</time>
   </trkpt>
   <trkpt lat="43.6375230" lon="-79.3935780">
    <ele>78.3</ele>
    <time>2023-08-27T15:49:09Z</time>
   </trkpt>
   <trkpt lat="43.6375190" lon="-79.3936180">
    <ele>78.3</ele>
    <time>2023-08-27T15:49:10Z</time>
   </trkpt>
   <trkpt lat="43.6375160" lon="-79.3936570">
    <ele>78.3</ele>
    <time>2023-08-27T15:49:11Z</time>
   </trkpt>
   <trkpt lat="43.6375140" lon="-79.3937090">
    <ele>78.3</ele>
    <time>2023-08-27T15:49:12Z</time>
   </trkpt>
   <trkpt lat="43.6375140" lon="-79.3937260">
    <ele>78.3</ele>
    <time>2023-08-27T15:49:13Z</time>
   </trkpt>
   <trkpt lat="43.6375090" lon="-79.3937760">
    <ele>78.3</ele>
    <time>2023-08-27T15:49:14Z</time>
   </trkpt>
   <trkpt lat="43.6375040" lon="-79.3937950">
    <ele>78.3</ele>
    <time>2023-08-27T15:49:15Z</time>
   </trkpt>
   <trkpt lat="43.6375010" lon="-79.3938370">
    <ele>78.3</ele>
    <time>2023-08-27T15:49:16Z</time>
   </trkpt>
   <trkpt lat="43.6374850" lon="-79.3938870">
    <ele>78.3</ele>
    <time>2023-08-27T15:49:17Z</time>
   </trkpt>
   <trkpt lat="43.6374930" lon="-79.3939280">
    <ele>78.3</ele>
    <time>2023-08-27T15:49:18Z</time>
   </trkpt>
   <trkpt lat="43.6374860" lon="-79.3939650">
    <ele>78.3</ele>
    <time>2023-08-27T15:49:19Z</time>
   </trkpt>
   <trkpt lat="43.6374780" lon="-79.3940090">
    <ele>78.3</ele>
    <time>2023-08-27T15:49:20Z</time>
   </trkpt>
   <trkpt lat="43.6374690" lon="-79.3940460">
    <ele>78.3</ele>
    <time>2023-08-27T15:49:21Z</time>
   </trkpt>
   <trkpt lat="43.6374590" lon="-79.3940900">
    <ele>78.3</ele>
    <time>2023-08-27T15:49:22Z</time>
   </trkpt>
   <trkpt lat="43.6374570" lon="-79.3941430">
    <ele>78.2</ele>
    <time>2023-08-27T15:49:23Z</time>
   </trkpt>
   <trkpt lat="43.6374610" lon="-79.3941590">
    <ele>78.2</ele>
    <time>2023-08-27T15:49:24Z</time>
   </trkpt>
   <trkpt lat="43.6374600" lon="-79.3942170">
    <ele>78.2</ele>
    <time>2023-08-27T15:49:25Z</time>
   </trkpt>
   <trkpt lat="43.6374520" lon="-79.3942390">
    <ele>78.2</ele>
    <time>2023-08-27T15:49:26Z</time>
   </trkpt>
   <trkpt lat="43.6374430" lon="-79.3942760">
    <ele>78.2</ele>
    <time>2023-08-27T15:49:27Z</time>
   </trkpt>
   <trkpt lat="43.6374400" lon="-79.3943140">
    <ele>78.2</ele>
    <time>2023-08-27T15:49:28Z</time>
   </trkpt>
   <trkpt lat="43.6374490" lon="-79.3943530">
    <ele>78.2</ele>
    <time>2023-08-27T15:49:29Z</time>
   </trkpt>
   <trkpt lat="43.6374380" lon="-79.3944100">
    <ele>78.2</ele>
    <time>2023-08-27T15:49:30Z</time>
   </trkpt>
   <trkpt lat="43.6374340" lon="-79.3944340">
    <ele>78.2</ele>
    <time>2023-08-27T15:49:31Z</time>
   </trkpt>
   <trkpt lat="43.6374200" lon="-79.3944670">
    <ele>78.2</ele>
    <time>2023-08-27T15:49:32Z</time>
   </trkpt>
   <trkpt lat="43.6374460" lon="-79.3945030">
    <ele>78.2</ele>
    <time>2023-08-27T15:49:33Z</time>
   </trkpt>
   <trkpt lat="43.6374360" lon="-79.3945480">
    <ele>78.2</ele>
    <time>2023-08-27T15:49:34Z</time>
   </trkpt>
   <trkpt lat="43.6374370" lon="-79.3945850">
    <ele>78.2</ele>
    <time>2023-08-27T15:49:35Z</time>
   </trkpt>
   <trkpt lat="43.6374350" lon="-79.3946240">
    <ele>78.2</ele>
    <time>2023-08-27T15:49:36Z</time>
   </trkpt>
   <trkpt lat="43.6374300" lon="-79.3946410">
    <ele>78.2</ele>
    <time>2023-08-27T15:49:37Z</time>
   </trkpt>
   <trkpt lat="43.6374230" lon="-79.3946860">
    <ele>78.2</ele>
    <time>2023-08-27T15:49:38Z</time>
   </trkpt>
   <trkpt lat="43.6374050" lon="-79.3947290">
    <ele>78.2</ele>
    <time>2023-08-27T15:49:39Z</time>
   </trkpt>
   <trkpt lat="43.6373830" lon="-79.3947650">
    <ele>78.2</ele>
    <time>2023-08-27T15:49:40Z</time>
   </trkpt>
   <trkpt lat="43.6373760" lon="-79.3948130">
    <ele>78.2</ele>
    <time>2023-08-27T15:49:41Z</time>
   </trkpt>
   <trkpt lat="43.6373710" lon="-79.3948660">
    <ele>78.2</ele>
    <time>2023-08-27T15:49:42Z</time>
   </trkpt>
   <trkpt lat="43.6373680" lon="-79.3948830">
    <ele>78.2</ele>
    <time>2023-08-27T15:49:43Z</time>
   </trkpt>
   <trkpt lat="43.6373620" lon="-79.3949270">
    <ele>78.2</ele>
    <time>2023-08-27T15:49:44Z</time>
   </trkpt>
   <trkpt lat="43.6373470" lon="-79.3949700">
    <ele>78.2</ele>
    <time>2023-08-27T15:49:45Z</time>
   </trkpt>
   <trkpt lat="43.6373310" lon="-79.3950190">
    <ele>78.2</ele>
    <time>2023-08-27T15:49:46Z</time>
   </trkpt>
   <trkpt lat="43.6373280" lon="-79.3950400">
    <ele>78.2</ele>
    <time>2023-08-27T15:49:47Z</time>
   </trkpt>
   <trkpt lat="43.6373290" lon="-79.3950890">
    <ele>78.3</ele>
    <time>2023-08-27T15:49:48Z</time>
   </trkpt>
   <trkpt lat="43.6373300" lon="-79.3951050">
    <ele>78.3</ele>
    <time>2023-08-27T15:49:49Z</time>
   </trkpt>
   <trkpt lat="43.6373160" lon="-79.3951580">
    <ele>78.3</ele>
    <time>2023-08-27T15:49:50Z</time>
   </trkpt>
   <trkpt lat="43.6373050" lon="-79.3951800">
    <ele>78.3</ele>
    <time>2023-08-27T15:49:51Z</time>
   </trkpt>
   <trkpt lat="43.6372980" lon="-79.3952340">
    <ele>78.3</ele>
    <time>2023-08-27T15:49:52Z</time>
   </trkpt>
   <trkpt lat="43.6372960" lon="-79.3952540">
    <ele>78.3</ele>
    <time>2023-08-27T15:49:53Z</time>
   </trkpt>
   <trkpt lat="43.6372910" lon="-79.3953070">
    <ele>78.3</ele>
    <time>2023-08-27T15:49:54Z</time>
   </trkpt>
   <trkpt lat="43.6372890" lon="-79.3953250">
    <ele>78.3</ele>
    <time>2023-08-27T15:49:55Z</time>
   </trkpt>
   <trkpt lat="43.6373240" lon="-79.3953710">
    <ele>78.3</ele>
    <time>2023-08-27T15:49:56Z</time>
   </trkpt>
   <trkpt lat="43.6373440" lon="-79.3953870">
    <ele>78.3</ele>
    <time>2023-08-27T15:49:57Z</time>
   </trkpt>
   <trkpt lat="43.6373340" lon="-79.3954280">
    <ele>78.3</ele>
    <time>2023-08-27T15:49:58Z</time>
   </trkpt>
   <trkpt lat="43.6373250" lon="-79.3954490">
    <ele>78.3</ele>
    <time>2023-08-27T15:49:59Z</time>
   </trkpt>
   <trkpt lat="43.6373050" lon="-79.3954850">
    <ele>78.2</ele>
    <time>2023-08-27T15:50:00Z</time>
   </trkpt>
   <trkpt lat="43.6373150" lon="-79.3955270">
    <ele>78.2</ele>
    <time>2023-08-27T15:50:01Z</time>
   </trkpt>
   <trkpt lat="43.6373140" lon="-79.3955430">
    <ele>78.2</ele>
    <time>2023-08-27T15:50:02Z</time>
   </trkpt>
   <trkpt lat="43.6373010" lon="-79.3955770">
    <ele>78.2</ele>
    <time>2023-08-27T15:50:03Z</time>
   </trkpt>
   <trkpt lat="43.6373070" lon="-79.3956290">
    <ele>78.2</ele>
    <time>2023-08-27T15:50:04Z</time>
   </trkpt>
   <trkpt lat="43.6373030" lon="-79.3956500">
    <ele>78.1</ele>
    <time>2023-08-27T15:50:05Z</time>
   </trkpt>
   <trkpt lat="43.6372710" lon="-79.3956930">
    <ele>78.1</ele>
    <time>2023-08-27T15:50:06Z</time>
   </trkpt>
   <trkpt lat="43.6372430" lon="-79.3957380">
    <ele>78.1</ele>
    <time>2023-08-27T15:50:07Z</time>
   </trkpt>
   <trkpt lat="43.6372290" lon="-79.3957860">
    <ele>78.1</ele>
    <time>2023-08-27T15:50:08Z</time>
   </trkpt>
   <trkpt lat="43.6372230" lon="-79.3958000">
    <ele>78.1</ele>
    <time>2023-08-27T15:50:09Z</time>
   </trkpt>
   <trkpt lat="43.6372060" lon="-79.3958420">
    <ele>78.1</ele>
    <time>2023-08-27T15:50:10Z</time>
   </trkpt>
   <trkpt lat="43.6371870" lon="-79.3958800">
    <ele>78.0</ele>
    <time>2023-08-27T15:50:11Z</time>
   </trkpt>
   <trkpt lat="43.6371620" lon="-79.3959250">
    <ele>78.0</ele>
    <time>2023-08-27T15:50:12Z</time>
   </trkpt>
   <trkpt lat="43.6371350" lon="-79.3959710">
    <ele>78.0</ele>
    <time>2023-08-27T15:50:13Z</time>
   </trkpt>
   <trkpt lat="43.6371140" lon="-79.3960020">
    <ele>78.0</ele>
    <time>2023-08-27T15:50:14Z</time>
   </trkpt>
   <trkpt lat="43.6371210" lon="-79.3960220">
    <ele>78.0</ele>
    <time>2023-08-27T15:50:15Z</time>
   </trkpt>
   <trkpt lat="43.6371130" lon="-79.3960510">
    <ele>78.0</ele>
    <time>2023-08-27T15:50:16Z</time>
   </trkpt>
   <trkpt lat="43.6370910" lon="-79.3960940">
    <ele>78.0</ele>
    <time>2023-08-27T15:50:17Z</time>
   </trkpt>
   <trkpt lat="43.6370810" lon="-79.3961080">
    <ele>78.0</ele>
    <time>2023-08-27T15:50:18Z</time>
   </trkpt>
   <trkpt lat="43.6370590" lon="-79.3961560">
    <ele>78.0</ele>
    <time>2023-08-27T15:50:19Z</time>
   </trkpt>
   <trkpt lat="43.6370420" lon="-79.3961950">
    <ele>78.0</ele>
    <time>2023-08-27T15:50:20Z</time>
   </trkpt>
   <trkpt lat="43.6370380" lon="-79.3962350">
    <ele>78.0</ele>
    <time>2023-08-27T15:50:21Z</time>
   </trkpt>
   <trkpt lat="43.6370240" lon="-79.3962720">
    <ele>78.0</ele>
    <time>2023-08-27T15:50:22Z</time>
   </trkpt>
   <trkpt lat="43.6370030" lon="-79.3963130">
    <ele>78.0</ele>
    <time>2023-08-27T15:50:23Z</time>
   </trkpt>
   <trkpt lat="43.6369940" lon="-79.3963490">
    <ele>78.0</ele>
    <time>2023-08-27T15:50:24Z</time>
   </trkpt>
   <trkpt lat="43.6369770" lon="-79.3963940">
    <ele>78.0</ele>
    <time>2023-08-27T15:50:25Z</time>
   </trkpt>
   <trkpt lat="43.6369730" lon="-79.3964100">
    <ele>78.0</ele>
    <time>2023-08-27T15:50:26Z</time>
   </trkpt>
   <trkpt lat="43.6369550" lon="-79.3964420">
    <ele>78.0</ele>
    <time>2023-08-27T15:50:27Z</time>
   </trkpt>
   <trkpt lat="43.6369450" lon="-79.3964820">
    <ele>78.0</ele>
    <time>2023-08-27T15:50:28Z</time>
   </trkpt>
   <trkpt lat="43.6369400" lon="-79.3965310">
    <ele>78.0</ele>
    <time>2023-08-27T15:50:29Z</time>
   </trkpt>
   <trkpt lat="43.6369340" lon="-79.3965460">
    <ele>78.0</ele>
    <time>2023-08-27T15:50:30Z</time>
   </trkpt>
   <trkpt lat="43.6369170" lon="-79.3965910">
    <ele>78.0</ele>
    <time>2023-08-27T15:50:31Z</time>
   </trkpt>
   <trkpt lat="43.6369030" lon="-79.3966050">
    <ele>78.0</ele>
    <time>2023-08-27T15:50:32Z</time>
   </trkpt>
   <trkpt lat="43.6368520" lon="-79.3966390">
    <ele>78.0</ele>
    <time>2023-08-27T15:50:33Z</time>
   </trkpt>
   <trkpt lat="43.6368150" lon="-79.3966450">
    <ele>78.0</ele>
    <time>2023-08-27T15:50:34Z</time>
   </trkpt>
   <trkpt lat="43.6367810" lon="-79.3966520">
    <ele>77.9</ele>
    <time>2023-08-27T15:50:35Z</time>
   </trkpt>
   <trkpt lat="43.6367490" lon="-79.3966500">
    <ele>77.8</ele>
    <time>2023-08-27T15:50:36Z</time>
   </trkpt>
   <trkpt lat="43.6367180" lon="-79.3966290">
    <ele>77.8</ele>
    <time>2023-08-27T15:50:37Z</time>
   </trkpt>
   <trkpt lat="43.6366790" lon="-79.3966130">
    <ele>77.8</ele>
    <time>2023-08-27T15:50:38Z</time>
   </trkpt>
   <trkpt lat="43.6366650" lon="-79.3966100">
    <ele>77.7</ele>
    <time>2023-08-27T15:50:39Z</time>
   </trkpt>
   <trkpt lat="43.6366280" lon="-79.3965940">
    <ele>77.8</ele>
    <time>2023-08-27T15:50:40Z</time>
   </trkpt>
   <trkpt lat="43.6366150" lon="-79.3965900">
    <ele>77.8</ele>
    <time>2023-08-27T15:50:41Z</time>
   </trkpt>
   <trkpt lat="43.6365890" lon="-79.3966210">
    <ele>77.8</ele>
    <time>2023-08-27T15:50:42Z</time>
   </trkpt>
   <trkpt lat="43.6365770" lon="-79.3966560">
    <ele>77.8</ele>
    <time>2023-08-27T15:50:43Z</time>
   </trkpt>
   <trkpt lat="43.6365710" lon="-79.3967000">
    <ele>77.8</ele>
    <time>2023-08-27T15:50:44Z</time>
   </trkpt>
   <trkpt lat="43.6365690" lon="-79.3967100">
    <ele>77.8</ele>
    <time>2023-08-27T15:50:45Z</time>
   </trkpt>
   <trkpt lat="43.6365530" lon="-79.3967590">
    <ele>77.8</ele>
    <time>2023-08-27T15:50:46Z</time>
   </trkpt>
   <trkpt lat="43.6365470" lon="-79.3967770">
    <ele>77.8</ele>
    <time>2023-08-27T15:50:47Z</time>
   </trkpt>
   <trkpt lat="43.6365490" lon="-79.3968160">
    <ele>77.9</ele>
    <time>2023-08-27T15:50:48Z</time>
   </trkpt>
   <trkpt lat="43.6365450" lon="-79.3968270">
    <ele>77.9</ele>
    <time>2023-08-27T15:50:49Z</time>
   </trkpt>
   <trkpt lat="43.6365410" lon="-79.3968790">
    <ele>77.9</ele>
    <time>2023-08-27T15:50:50Z</time>
   </trkpt>
   <trkpt lat="43.6365370" lon="-79.3969030">
    <ele>77.9</ele>
    <time>2023-08-27T15:50:51Z</time>
   </trkpt>
   <trkpt lat="43.6365150" lon="-79.3969360">
    <ele>77.9</ele>
    <time>2023-08-27T15:50:52Z</time>
   </trkpt>
   <trkpt lat="43.6365080" lon="-79.3969820">
    <ele>78.0</ele>
    <time>2023-08-27T15:50:53Z</time>
   </trkpt>
   <trkpt lat="43.6365050" lon="-79.3969980">
    <ele>78.0</ele>
    <time>2023-08-27T15:50:54Z</time>
   </trkpt>
   <trkpt lat="43.6364980" lon="-79.3970360">
    <ele>78.0</ele>
    <time>2023-08-27T15:50:55Z</time>
   </trkpt>
   <trkpt lat="43.6364830" lon="-79.3970680">
    <ele>78.1</ele>
    <time>2023-08-27T15:50:56Z</time>
   </trkpt>
   <trkpt lat="43.6364640" lon="-79.3971070">
    <ele>78.1</ele>
    <time>2023-08-27T15:50:57Z</time>
   </trkpt>
   <trkpt lat="43.6364390" lon="-79.3971320">
    <ele>78.1</ele>
    <time>2023-08-27T15:50:58Z</time>
   </trkpt>
   <trkpt lat="43.6364200" lon="-79.3971620">
    <ele>78.2</ele>
    <time>2023-08-27T15:50:59Z</time>
   </trkpt>
   <trkpt lat="43.6364010" lon="-79.3971910">
    <ele>78.2</ele>
    <time>2023-08-27T15:51:00Z</time>
   </trkpt>
   <trkpt lat="43.6363840" lon="-79.3972400">
    <ele>78.2</ele>
    <time>2023-08-27T15:51:01Z</time>
   </trkpt>
   <trkpt lat="43.6363780" lon="-79.3972550">
    <ele>78.2</ele>
    <time>2023-08-27T15:51:02Z</time>
   </trkpt>
   <trkpt lat="43.6363530" lon="-79.3972960">
    <ele>78.3</ele>
    <time>2023-08-27T15:51:03Z</time>
   </trkpt>
   <trkpt lat="43.6363450" lon="-79.3973090">
    <ele>78.3</ele>
    <time>2023-08-27T15:51:04Z</time>
   </trkpt>
   <trkpt lat="43.6363210" lon="-79.3973490">
    <ele>78.3</ele>
    <time>2023-08-27T15:51:05Z</time>
   </trkpt>
   <trkpt lat="43.6363070" lon="-79.3973600">
    <ele>78.3</ele>
    <time>2023-08-27T15:51:06Z</time>
   </trkpt>
   <trkpt lat="43.6362840" lon="-79.3973970">
    <ele>78.3</ele>
    <time>2023-08-27T15:51:07Z</time>
   </trkpt>
   <trkpt lat="43.6362770" lon="-79.3974120">
    <ele>78.3</ele>
    <time>2023-08-27T15:51:08Z</time>
   </trkpt>
   <trkpt lat="43.6362520" lon="-79.3974300">
    <ele>78.3</ele>
    <time>2023-08-27T15:51:09Z</time>
   </trkpt>
   <trkpt lat="43.6362290" lon="-79.3974610">
    <ele>78.4</ele>
    <time>2023-08-27T15:51:10Z</time>
   </trkpt>
   <trkpt lat="43.6361960" lon="-79.3974630">
    <ele>78.4</ele>
    <time>2023-08-27T15:51:11Z</time>
   </trkpt>
   <trkpt lat="43.6361740" lon="-79.3974850">
    <ele>78.4</ele>
    <time>2023-08-27T15:51:12Z</time>
   </trkpt>
   <trkpt lat="43.6361440" lon="-79.3974900">
    <ele>78.4</ele>
    <time>2023-08-27T15:51:13Z</time>
   </trkpt>
   <trkpt lat="43.6361130" lon="-79.3975270">
    <ele>78.4</ele>
    <time>2023-08-27T15:51:14Z</time>
   </trkpt>
   <trkpt lat="43.6360960" lon="-79.3975380">
    <ele>78.4</ele>
    <time>2023-08-27T15:51:15Z</time>
   </trkpt>
   <trkpt lat="43.6360800" lon="-79.3975740">
    <ele>78.3</ele>
    <time>2023-08-27T15:51:16Z</time>
   </trkpt>
   <trkpt lat="43.6360560" lon="-79.3976000">
    <ele>78.3</ele>
    <time>2023-08-27T15:51:17Z</time>
   </trkpt>
   <trkpt lat="43.6360390" lon="-79.3976370">
    <ele>78.3</ele>
    <time>2023-08-27T15:51:18Z</time>
   </trkpt>
   <trkpt lat="43.6360230" lon="-79.3976680">
    <ele>78.3</ele>
    <time>2023-08-27T15:51:19Z</time>
   </trkpt>
   <trkpt lat="43.6360170" lon="-79.3977060">
    <ele>78.3</ele>
    <time>2023-08-27T15:51:20Z</time>
   </trkpt>
   <trkpt lat="43.6360040" lon="-79.3977430">
    <ele>78.3</ele>
    <time>2023-08-27T15:51:21Z</time>
   </trkpt>
   <trkpt lat="43.6359880" lon="-79.3977750">
    <ele>78.3</ele>
    <time>2023-08-27T15:51:22Z</time>
   </trkpt>
   <trkpt lat="43.6359700" lon="-79.3978090">
    <ele>78.3</ele>
    <time>2023-08-27T15:51:23Z</time>
   </trkpt>
   <trkpt lat="43.6359530" lon="-79.3978410">
    <ele>78.3</ele>
    <time>2023-08-27T15:51:24Z</time>
   </trkpt>
   <trkpt lat="43.6359350" lon="-79.3978740">
    <ele>78.3</ele>
    <time>2023-08-27T15:51:25Z</time>
   </trkpt>
   <trkpt lat="43.6359090" lon="-79.3979060">
    <ele>78.3</ele>
    <time>2023-08-27T15:51:26Z</time>
   </trkpt>
   <trkpt lat="43.6358970" lon="-79.3979190">
    <ele>78.3</ele>
    <time>2023-08-27T15:51:27Z</time>
   </trkpt>
   <trkpt lat="43.6358780" lon="-79.3979490">
    <ele>78.3</ele>
    <time>2023-08-27T15:51:28Z</time>
   </trkpt>
   <trkpt lat="43.6358540" lon="-79.3979700">
    <ele>78.3</ele>
    <time>2023-08-27T15:51:29Z</time>
   </trkpt>
   <trkpt lat="43.6358260" lon="-79.3979840">
    <ele>78.3</ele>
    <time>2023-08-27T15:51:30Z</time>
   </trkpt>
   <trkpt lat="43.6358050" lon="-79.3980100">
    <ele>78.4</ele>
    <time>2023-08-27T15:51:31Z</time>
   </trkpt>
   <trkpt lat="43.6357680" lon="-79.3980440">
    <ele>78.4</ele>
    <time>2023-08-27T15:51:32Z</time>
   </trkpt>
   <trkpt lat="43.6357540" lon="-79.3980600">
    <ele>78.4</ele>
    <time>2023-08-27T15:51:33Z</time>
   </trkpt>
   <trkpt lat="43.6357300" lon="-79.3980860">
    <ele>78.4</ele>
    <time>2023-08-27T15:51:34Z</time>
   </trkpt>
   <trkpt lat="43.6357030" lon="-79.3981180">
    <ele>78.4</ele>
    <time>2023-08-27T15:51:35Z</time>
   </trkpt>
   <trkpt lat="43.6356920" lon="-79.3981260">
    <ele>78.4</ele>
    <time>2023-08-27T15:51:36Z</time>
   </trkpt>
   <trkpt lat="43.6356740" lon="-79.3981380">
    <ele>78.4</ele>
    <time>2023-08-27T15:51:37Z</time>
   </trkpt>
   <trkpt lat="43.6356680" lon="-79.3981520">
    <ele>78.4</ele>
    <time>2023-08-27T15:51:38Z</time>
   </trkpt>
   <trkpt lat="43.6356540" lon="-79.3981530">
    <ele>78.4</ele>
    <time>2023-08-27T15:51:39Z</time>
   </trkpt>
   <trkpt lat="43.6356340" lon="-79.3981650">
    <ele>78.4</ele>
    <time>2023-08-27T15:51:40Z</time>
   </trkpt>
   <trkpt lat="43.6356300" lon="-79.3981580">
    <ele>78.4</ele>
    <time>2023-08-27T15:51:41Z</time>
   </trkpt>
   <trkpt lat="43.6356320" lon="-79.3981570">
    <ele>78.4</ele>
    <time>2023-08-27T15:51:42Z</time>
   </trkpt>
   <trkpt lat="43.6356240" lon="-79.3981590">
    <ele>78.4</ele>
    <time>2023-08-27T15:51:43Z</time>
   </trkpt>
   <trkpt lat="43.6356240" lon="-79.3981620">
    <ele>78.4</ele>
    <time>2023-08-27T15:51:44Z</time>
   </trkpt>
   <trkpt lat="43.6356240" lon="-79.3981620">
    <ele>78.4</ele>
    <time>2023-08-27T15:51:45Z</time>
   </trkpt>
   <trkpt lat="43.6356200" lon="-79.3981620">
    <ele>78.4</ele>
    <time>2023-08-27T15:51:46Z</time>
   </trkpt>
   <trkpt lat="43.6356210" lon="-79.3981660">
    <ele>78.4</ele>
    <time>2023-08-27T15:51:47Z</time>
   </trkpt>
   <trkpt lat="43.6356220" lon="-79.3981660">
    <ele>78.4</ele>
    <time>2023-08-27T15:51:48Z</time>
   </trkpt>
   <trkpt lat="43.6356220" lon="-79.3981660">
    <ele>78.4</ele>
    <time>2023-08-27T15:51:49Z</time>
   </trkpt>
   <trkpt lat="43.6356310" lon="-79.3981650">
    <ele>78.4</ele>
    <time>2023-08-27T15:51:50Z</time>
   </trkpt>
   <trkpt lat="43.6356220" lon="-79.3981690">
    <ele>78.4</ele>
    <time>2023-08-27T15:51:51Z</time>
   </trkpt>
   <trkpt lat="43.6356200" lon="-79.3981690">
    <ele>78.4</ele>
    <time>2023-08-27T15:51:52Z</time>
   </trkpt>
   <trkpt lat="43.6356260" lon="-79.3981680">
    <ele>78.4</ele>
    <time>2023-08-27T15:51:53Z</time>
   </trkpt>
   <trkpt lat="43.6356320" lon="-79.3981730">
    <ele>78.4</ele>
    <time>2023-08-27T15:51:54Z</time>
   </trkpt>
   <trkpt lat="43.6356270" lon="-79.3981690">
    <ele>78.4</ele>
    <time>2023-08-27T15:51:55Z</time>
   </trkpt>
   <trkpt lat="43.6356200" lon="-79.3981690">
    <ele>78.4</ele>
    <time>2023-08-27T15:51:56Z</time>
   </trkpt>
   <trkpt lat="43.6356210" lon="-79.3981700">
    <ele>78.4</ele>
    <time>2023-08-27T15:51:57Z</time>
   </trkpt>
   <trkpt lat="43.6356280" lon="-79.3981800">
    <ele>78.4</ele>
    <time>2023-08-27T15:51:58Z</time>
   </trkpt>
   <trkpt lat="43.6356280" lon="-79.3981890">
    <ele>78.4</ele>
    <time>2023-08-27T15:51:59Z</time>
   </trkpt>
   <trkpt lat="43.6356360" lon="-79.3981930">
    <ele>78.4</ele>
    <time>2023-08-27T15:52:00Z</time>
   </trkpt>
   <trkpt lat="43.6356330" lon="-79.3982020">
    <ele>78.4</ele>
    <time>2023-08-27T15:52:01Z</time>
   </trkpt>
   <trkpt lat="43.6356300" lon="-79.3982080">
    <ele>78.4</ele>
    <time>2023-08-27T15:52:02Z</time>
   </trkpt>
   <trkpt lat="43.6356300" lon="-79.3982080">
    <ele>78.4</ele>
    <time>2023-08-27T15:52:03Z</time>
   </trkpt>
   <trkpt lat="43.6356300" lon="-79.3982080">
    <ele>78.4</ele>
    <time>2023-08-27T15:52:04Z</time>
   </trkpt>
   <trkpt lat="43.6356300" lon="-79.3982080">
    <ele>78.4</ele>
    <time>2023-08-27T15:52:05Z</time>
   </trkpt>
   <trkpt lat="43.6356320" lon="-79.3981910">
    <ele>78.4</ele>
    <time>2023-08-27T15:52:06Z</time>
   </trkpt>
   <trkpt lat="43.6356370" lon="-79.3981860">
    <ele>78.4</ele>
    <time>2023-08-27T15:52:07Z</time>
   </trkpt>
   <trkpt lat="43.6356370" lon="-79.3981860">
    <ele>78.4</ele>
    <time>2023-08-27T15:52:08Z</time>
   </trkpt>
   <trkpt lat="43.6356370" lon="-79.3981860">
    <ele>78.4</ele>
    <time>2023-08-27T15:52:09Z</time>
   </trkpt>
   <trkpt lat="43.6356370" lon="-79.3981860">
    <ele>78.4</ele>
    <time>2023-08-27T15:52:10Z</time>
   </trkpt>
   <trkpt lat="43.6356370" lon="-79.3981860">
    <ele>78.4</ele>
    <time>2023-08-27T15:52:11Z</time>
   </trkpt>
   <trkpt lat="43.6356350" lon="-79.3981800">
    <ele>78.4</ele>
    <time>2023-08-27T15:52:12Z</time>
   </trkpt>
   <trkpt lat="43.6356350" lon="-79.3981710">
    <ele>78.4</ele>
    <time>2023-08-27T15:52:13Z</time>
   </trkpt>
   <trkpt lat="43.6356370" lon="-79.3981900">
    <ele>78.4</ele>
    <time>2023-08-27T15:52:14Z</time>
   </trkpt>
   <trkpt lat="43.6356240" lon="-79.3982140">
    <ele>78.4</ele>
    <time>2023-08-27T15:52:15Z</time>
   </trkpt>
   <trkpt lat="43.6356160" lon="-79.3982540">
    <ele>78.5</ele>
    <time>2023-08-27T15:52:16Z</time>
   </trkpt>
   <trkpt lat="43.6356120" lon="-79.3983110">
    <ele>78.5</ele>
    <time>2023-08-27T15:52:17Z</time>
   </trkpt>
   <trkpt lat="43.6356070" lon="-79.3983480">
    <ele>78.5</ele>
    <time>2023-08-27T15:52:18Z</time>
   </trkpt>
   <trkpt lat="43.6355940" lon="-79.3983910">
    <ele>78.5</ele>
    <time>2023-08-27T15:52:19Z</time>
   </trkpt>
   <trkpt lat="43.6355890" lon="-79.3984010">
    <ele>78.5</ele>
    <time>2023-08-27T15:52:20Z</time>
   </trkpt>
   <trkpt lat="43.6355490" lon="-79.3984550">
    <ele>78.5</ele>
    <time>2023-08-27T15:52:21Z</time>
   </trkpt>
   <trkpt lat="43.6355320" lon="-79.3984930">
    <ele>78.5</ele>
    <time>2023-08-27T15:52:22Z</time>
   </trkpt>
   <trkpt lat="43.6355420" lon="-79.3985430">
    <ele>78.5</ele>
    <time>2023-08-27T15:52:23Z</time>
   </trkpt>
   <trkpt lat="43.6355470" lon="-79.3985590">
    <ele>78.5</ele>
    <time>2023-08-27T15:52:24Z</time>
   </trkpt>
   <trkpt lat="43.6355290" lon="-79.3986000">
    <ele>78.5</ele>
    <time>2023-08-27T15:52:25Z</time>
   </trkpt>
   <trkpt lat="43.6355250" lon="-79.3986260">
    <ele>78.5</ele>
    <time>2023-08-27T15:52:26Z</time>
   </trkpt>
   <trkpt lat="43.6355110" lon="-79.3986680">
    <ele>78.5</ele>
    <time>2023-08-27T15:52:27Z</time>
   </trkpt>
   <trkpt lat="43.6355020" lon="-79.3986840">
    <ele>78.5</ele>
    <time>2023-08-27T15:52:28Z</time>
   </trkpt>
   <trkpt lat="43.6354870" lon="-79.3987210">
    <ele>78.5</ele>
    <time>2023-08-27T15:52:29Z</time>
   </trkpt>
   <trkpt lat="43.6354820" lon="-79.3987370">
    <ele>78.6</ele>
    <time>2023-08-27T15:52:30Z</time>
   </trkpt>
   <trkpt lat="43.6354820" lon="-79.3987740">
    <ele>78.6</ele>
    <time>2023-08-27T15:52:31Z</time>
   </trkpt>
   <trkpt lat="43.6354740" lon="-79.3988120">
    <ele>78.6</ele>
    <time>2023-08-27T15:52:32Z</time>
   </trkpt>
   <trkpt lat="43.6354460" lon="-79.3988480">
    <ele>78.6</ele>
    <time>2023-08-27T15:52:33Z</time>
   </trkpt>
   <trkpt lat="43.6354320" lon="-79.3989000">
    <ele>78.6</ele>
    <time>2023-08-27T15:52:34Z</time>
   </trkpt>
   <trkpt lat="43.6354240" lon="-79.3989160">
    <ele>78.6</ele>
    <time>2023-08-27T15:52:35Z</time>
   </trkpt>
   <trkpt lat="43.6353990" lon="-79.3989360">
    <ele>78.6</ele>
    <time>2023-08-27T15:52:36Z</time>
   </trkpt>
   <trkpt lat="43.6353550" lon="-79.3989510">
    <ele>78.6</ele>
    <time>2023-08-27T15:52:37Z</time>
   </trkpt>
   <trkpt lat="43.6353270" lon="-79.3989890">
    <ele>78.6</ele>
    <time>2023-08-27T15:52:38Z</time>
   </trkpt>
   <trkpt lat="43.6353180" lon="-79.3990020">
    <ele>78.6</ele>
    <time>2023-08-27T15:52:39Z</time>
   </trkpt>
   <trkpt lat="43.6353110" lon="-79.3990410">
    <ele>78.6</ele>
    <time>2023-08-27T15:52:40Z</time>
   </trkpt>
   <trkpt lat="43.6352750" lon="-79.3990700">
    <ele>78.6</ele>
    <time>2023-08-27T15:52:41Z</time>
   </trkpt>
   <trkpt lat="43.6352540" lon="-79.3990930">
    <ele>78.7</ele>
    <time>2023-08-27T15:52:42Z</time>
   </trkpt>
   <trkpt lat="43.6352320" lon="-79.3991200">
    <ele>78.7</ele>
    <time>2023-08-27T15:52:43Z</time>
   </trkpt>
   <trkpt lat="43.6352100" lon="-79.3991460">
    <ele>78.7</ele>
    <time>2023-08-27T15:52:44Z</time>
   </trkpt>
   <trkpt lat="43.6351890" lon="-79.3991720">
    <ele>78.7</ele>
    <time>2023-08-27T15:52:45Z</time>
   </trkpt>
   <trkpt lat="43.6351810" lon="-79.3992080">
    <ele>78.7</ele>
    <time>2023-08-27T15:52:46Z</time>
   </trkpt>
   <trkpt lat="43.6351570" lon="-79.3992430">
    <ele>78.7</ele>
    <time>2023-08-27T15:52:47Z</time>
   </trkpt>
   <trkpt lat="43.6351500" lon="-79.3992550">
    <ele>78.7</ele>
    <time>2023-08-27T15:52:48Z</time>
   </trkpt>
   <trkpt lat="43.6351280" lon="-79.3992980">
    <ele>78.7</ele>
    <time>2023-08-27T15:52:49Z</time>
   </trkpt>
   <trkpt lat="43.6351210" lon="-79.3993130">
    <ele>78.7</ele>
    <time>2023-08-27T15:52:50Z</time>
   </trkpt>
   <trkpt lat="43.6351090" lon="-79.3993660">
    <ele>78.7</ele>
    <time>2023-08-27T15:52:51Z</time>
   </trkpt>
   <trkpt lat="43.6351040" lon="-79.3993830">
    <ele>78.7</ele>
    <time>2023-08-27T15:52:52Z</time>
   </trkpt>
   <trkpt lat="43.6350760" lon="-79.3994250">
    <ele>78.7</ele>
    <time>2023-08-27T15:52:53Z</time>
   </trkpt>
   <trkpt lat="43.6350630" lon="-79.3994400">
    <ele>78.7</ele>
    <time>2023-08-27T15:52:54Z</time>
   </trkpt>
   <trkpt lat="43.6350440" lon="-79.3994740">
    <ele>78.7</ele>
    <time>2023-08-27T15:52:55Z</time>
   </trkpt>
   <trkpt lat="43.6350450" lon="-79.3995530">
    <ele>78.7</ele>
    <time>2023-08-27T15:52:56Z</time>
   </trkpt>
   <trkpt lat="43.6350300" lon="-79.3995910">
    <ele>78.7</ele>
    <time>2023-08-27T15:52:57Z</time>
   </trkpt>
   <trkpt lat="43.6350110" lon="-79.3996380">
    <ele>78.7</ele>
    <time>2023-08-27T15:52:58Z</time>
   </trkpt>
   <trkpt lat="43.6350090" lon="-79.3996580">
    <ele>78.7</ele>
    <time>2023-08-27T15:52:59Z</time>
   </trkpt>
   <trkpt lat="43.6349830" lon="-79.3996980">
    <ele>78.7</ele>
    <time>2023-08-27T15:53:00Z</time>
   </trkpt>
   <trkpt lat="43.6349690" lon="-79.3997060">
    <ele>78.7</ele>
    <time>2023-08-27T15:53:01Z</time>
   </trkpt>
   <trkpt lat="43.6349570" lon="-79.3997540">
    <ele>78.7</ele>
    <time>2023-08-27T15:53:02Z</time>
   </trkpt>
   <trkpt lat="43.6349320" lon="-79.3997910">
    <ele>78.8</ele>
    <time>2023-08-27T15:53:03Z</time>
   </trkpt>
   <trkpt lat="43.6348930" lon="-79.3998160">
    <ele>78.8</ele>
    <time>2023-08-27T15:53:04Z</time>
   </trkpt>
   <trkpt lat="43.6348520" lon="-79.3998370">
    <ele>78.8</ele>
    <time>2023-08-27T15:53:05Z</time>
   </trkpt>
   <trkpt lat="43.6348210" lon="-79.3998620">
    <ele>78.8</ele>
    <time>2023-08-27T15:53:06Z</time>
   </trkpt>
   <trkpt lat="43.6347930" lon="-79.3998960">
    <ele>78.8</ele>
    <time>2023-08-27T15:53:07Z</time>
   </trkpt>
   <trkpt lat="43.6347630" lon="-79.3999180">
    <ele>78.8</ele>
    <time>2023-08-27T15:53:08Z</time>
   </trkpt>
   <trkpt lat="43.6347330" lon="-79.3999380">
    <ele>78.8</ele>
    <time>2023-08-27T15:53:09Z</time>
   </trkpt>
   <trkpt lat="43.6347150" lon="-79.3999780">
    <ele>78.8</ele>
    <time>2023-08-27T15:53:10Z</time>
   </trkpt>
   <trkpt lat="43.6346960" lon="-79.4000240">
    <ele>78.8</ele>
    <time>2023-08-27T15:53:11Z</time>
   </trkpt>
   <trkpt lat="43.6346890" lon="-79.4000380">
    <ele>78.8</ele>
    <time>2023-08-27T15:53:12Z</time>
   </trkpt>
   <trkpt lat="43.6346690" lon="-79.4000730">
    <ele>78.8</ele>
    <time>2023-08-27T15:53:13Z</time>
   </trkpt>
   <trkpt lat="43.6346460" lon="-79.4001120">
    <ele>78.8</ele>
    <time>2023-08-27T15:53:14Z</time>
   </trkpt>
   <trkpt lat="43.6346200" lon="-79.4001520">
    <ele>78.9</ele>
    <time>2023-08-27T15:53:15Z</time>
   </trkpt>
   <trkpt lat="43.6346120" lon="-79.4001680">
    <ele>78.9</ele>
    <time>2023-08-27T15:53:16Z</time>
   </trkpt>
   <trkpt lat="43.6346000" lon="-79.4002030">
    <ele>78.9</ele>
    <time>2023-08-27T15:53:17Z</time>
   </trkpt>
   <trkpt lat="43.6345850" lon="-79.4002360">
    <ele>78.9</ele>
    <time>2023-08-27T15:53:18Z</time>
   </trkpt>
   <trkpt lat="43.6345690" lon="-79.4002680">
    <ele>78.9</ele>
    <time>2023-08-27T15:53:19Z</time>
   </trkpt>
   <trkpt lat="43.6345520" lon="-79.4003000">
    <ele>79.0</ele>
    <time>2023-08-27T15:53:20Z</time>
   </trkpt>
   <trkpt lat="43.6345500" lon="-79.4003410">
    <ele>79.0</ele>
    <time>2023-08-27T15:53:21Z</time>
   </trkpt>
   <trkpt lat="43.6345370" lon="-79.4003870">
    <ele>79.0</ele>
    <time>2023-08-27T15:53:22Z</time>
   </trkpt>
   <trkpt lat="43.6345310" lon="-79.4004010">
    <ele>79.0</ele>
    <time>2023-08-27T15:53:23Z</time>
   </trkpt>
   <trkpt lat="43.6345180" lon="-79.4004470">
    <ele>79.0</ele>
    <time>2023-08-27T15:53:24Z</time>
   </trkpt>
   <trkpt lat="43.6345120" lon="-79.4004620">
    <ele>79.0</ele>
    <time>2023-08-27T15:53:25Z</time>
   </trkpt>
   <trkpt lat="43.6344960" lon="-79.4004930">
    <ele>79.1</ele>
    <time>2023-08-27T15:53:26Z</time>
   </trkpt>
   <trkpt lat="43.6344810" lon="-79.4005110">
    <ele>79.1</ele>
    <time>2023-08-27T15:53:27Z</time>
   </trkpt>
   <trkpt lat="43.6344650" lon="-79.4005150">
    <ele>79.1</ele>
    <time>2023-08-27T15:53:28Z</time>
   </trkpt>
   <trkpt lat="43.6344560" lon="-79.4005360">
    <ele>79.1</ele>
    <time>2023-08-27T15:53:29Z</time>
   </trkpt>
   <trkpt lat="43.6344540" lon="-79.4005440">
    <ele>79.1</ele>
    <time>2023-08-27T15:53:30Z</time>
   </trkpt>
   <trkpt lat="43.6344550" lon="-79.4005560">
    <ele>79.1</ele>
    <time>2023-08-27T15:53:31Z</time>
   </trkpt>
   <trkpt lat="43.6344430" lon="-79.4005700">
    <ele>79.1</ele>
    <time>2023-08-27T15:53:32Z</time>
   </trkpt>
   <trkpt lat="43.6344350" lon="-79.4005860">
    <ele>79.1</ele>
    <time>2023-08-27T15:53:33Z</time>
   </trkpt>
   <trkpt lat="43.6344310" lon="-79.4006060">
    <ele>79.1</ele>
    <time>2023-08-27T15:53:34Z</time>
   </trkpt>
   <trkpt lat="43.6344270" lon="-79.4006230">
    <ele>79.1</ele>
    <time>2023-08-27T15:53:35Z</time>
   </trkpt>
   <trkpt lat="43.6344230" lon="-79.4006410">
    <ele>79.0</ele>
    <time>2023-08-27T15:53:36Z</time>
   </trkpt>
   <trkpt lat="43.6344000" lon="-79.4006820">
    <ele>79.0</ele>
    <time>2023-08-27T15:53:37Z</time>
   </trkpt>
   <trkpt lat="43.6343740" lon="-79.4007430">
    <ele>78.9</ele>
    <time>2023-08-27T15:53:38Z</time>
   </trkpt>
   <trkpt lat="43.6343690" lon="-79.4007810">
    <ele>78.9</ele>
    <time>2023-08-27T15:53:39Z</time>
   </trkpt>
   <trkpt lat="43.6343810" lon="-79.4008160">
    <ele>78.8</ele>
    <time>2023-08-27T15:53:40Z</time>
   </trkpt>
   <trkpt lat="43.6343810" lon="-79.4008610">
    <ele>78.8</ele>
    <time>2023-08-27T15:53:41Z</time>
   </trkpt>
   <trkpt lat="43.6343810" lon="-79.4008840">
    <ele>78.8</ele>
    <time>2023-08-27T15:53:42Z</time>
   </trkpt>
   <trkpt lat="43.6343810" lon="-79.4009350">
    <ele>78.7</ele>
    <time>2023-08-27T15:53:43Z</time>
   </trkpt>
   <trkpt lat="43.6343460" lon="-79.4009640">
    <ele>78.7</ele>
    <time>2023-08-27T15:53:44Z</time>
   </trkpt>
   <trkpt lat="43.6343090" lon="-79.4009940">
    <ele>78.6</ele>
    <time>2023-08-27T15:53:45Z</time>
   </trkpt>
   <trkpt lat="43.6342770" lon="-79.4010270">
    <ele>78.6</ele>
    <time>2023-08-27T15:53:46Z</time>
   </trkpt>
   <trkpt lat="43.6342670" lon="-79.4010680">
    <ele>78.5</ele>
    <time>2023-08-27T15:53:47Z</time>
   </trkpt>
   <trkpt lat="43.6342590" lon="-79.4011150">
    <ele>78.5</ele>
    <time>2023-08-27T15:53:48Z</time>
   </trkpt>
   <trkpt lat="43.6342530" lon="-79.4011600">
    <ele>78.5</ele>
    <time>2023-08-27T15:53:49Z</time>
   </trkpt>
   <trkpt lat="43.6342290" lon="-79.4011920">
    <ele>78.5</ele>
    <time>2023-08-27T15:53:50Z</time>
   </trkpt>
   <trkpt lat="43.6342210" lon="-79.4012070">
    <ele>78.5</ele>
    <time>2023-08-27T15:53:51Z</time>
   </trkpt>
   <trkpt lat="43.6341910" lon="-79.4012420">
    <ele>78.5</ele>
    <time>2023-08-27T15:53:52Z</time>
   </trkpt>
   <trkpt lat="43.6341830" lon="-79.4012560">
    <ele>78.5</ele>
    <time>2023-08-27T15:53:53Z</time>
   </trkpt>
   <trkpt lat="43.6341560" lon="-79.4012830">
    <ele>78.5</ele>
    <time>2023-08-27T15:53:54Z</time>
   </trkpt>
   <trkpt lat="43.6341370" lon="-79.4013130">
    <ele>78.5</ele>
    <time>2023-08-27T15:53:55Z</time>
   </trkpt>
   <trkpt lat="43.6341390" lon="-79.4013580">
    <ele>78.5</ele>
    <time>2023-08-27T15:53:56Z</time>
   </trkpt>
   <trkpt lat="43.6341150" lon="-79.4013890">
    <ele>78.5</ele>
    <time>2023-08-27T15:53:57Z</time>
   </trkpt>
   <trkpt lat="43.6341300" lon="-79.4014470">
    <ele>78.4</ele>
    <time>2023-08-27T15:53:58Z</time>
   </trkpt>
   <trkpt lat="43.6341440" lon="-79.4014690">
    <ele>78.4</ele>
    <time>2023-08-27T15:53:59Z</time>
   </trkpt>
   <trkpt lat="43.6341730" lon="-79.4015160">
    <ele>78.4</ele>
    <time>2023-08-27T15:54:00Z</time>
   </trkpt>
   <trkpt lat="43.6342010" lon="-79.4015310">
    <ele>78.3</ele>
    <time>2023-08-27T15:54:01Z</time>
   </trkpt>
   <trkpt lat="43.6342300" lon="-79.4015520">
    <ele>78.3</ele>
    <time>2023-08-27T15:54:02Z</time>
   </trkpt>
   <trkpt lat="43.6342400" lon="-79.4015630">
    <ele>78.3</ele>
    <time>2023-08-27T15:54:03Z</time>
   </trkpt>
   <trkpt lat="43.6342720" lon="-79.4015870">
    <ele>78.2</ele>
    <time>2023-08-27T15:54:04Z</time>
   </trkpt>
   <trkpt lat="43.6342830" lon="-79.4016000">
    <ele>78.2</ele>
    <time>2023-08-27T15:54:05Z</time>
   </trkpt>
   <trkpt lat="43.6343010" lon="-79.4016340">
    <ele>78.2</ele>
    <time>2023-08-27T15:54:06Z</time>
   </trkpt>
   <trkpt lat="43.6343210" lon="-79.4016590">
    <ele>78.2</ele>
    <time>2023-08-27T15:54:07Z</time>
   </trkpt>
   <trkpt lat="43.6343450" lon="-79.4016790">
    <ele>78.1</ele>
    <time>2023-08-27T15:54:08Z</time>
   </trkpt>
   <trkpt lat="43.6343740" lon="-79.4016960">
    <ele>78.1</ele>
    <time>2023-08-27T15:54:09Z</time>
   </trkpt>
   <trkpt lat="43.6343870" lon="-79.4017010">
    <ele>78.1</ele>
    <time>2023-08-27T15:54:10Z</time>
   </trkpt>
   <trkpt lat="43.6344290" lon="-79.4016780">
    <ele>78.1</ele>
    <time>2023-08-27T15:54:11Z</time>
   </trkpt>
   <trkpt lat="43.6344760" lon="-79.4016510">
    <ele>78.0</ele>
    <time>2023-08-27T15:54:12Z</time>
   </trkpt>
   <trkpt lat="43.6345110" lon="-79.4016400">
    <ele>78.0</ele>
    <time>2023-08-27T15:54:13Z</time>
   </trkpt>
   <trkpt lat="43.6345450" lon="-79.4016250">
    <ele>78.0</ele>
    <time>2023-08-27T15:54:14Z</time>
   </trkpt>
   <trkpt lat="43.6345580" lon="-79.4016230">
    <ele>78.0</ele>
    <time>2023-08-27T15:54:15Z</time>
   </trkpt>
   <trkpt lat="43.6345890" lon="-79.4016190">
    <ele>78.0</ele>
    <time>2023-08-27T15:54:16Z</time>
   </trkpt>
   <trkpt lat="43.6346130" lon="-79.4016390">
    <ele>78.0</ele>
    <time>2023-08-27T15:54:17Z</time>
   </trkpt>
   <trkpt lat="43.6346450" lon="-79.4016410">
    <ele>78.0</ele>
    <time>2023-08-27T15:54:18Z</time>
   </trkpt>
   <trkpt lat="43.6346580" lon="-79.4016400">
    <ele>78.0</ele>
    <time>2023-08-27T15:54:19Z</time>
   </trkpt>
   <trkpt lat="43.6346760" lon="-79.4016580">
    <ele>78.0</ele>
    <time>2023-08-27T15:54:20Z</time>
   </trkpt>
   <trkpt lat="43.6346880" lon="-79.4016660">
    <ele>78.0</ele>
    <time>2023-08-27T15:54:21Z</time>
   </trkpt>
   <trkpt lat="43.6347130" lon="-79.4016910">
    <ele>78.0</ele>
    <time>2023-08-27T15:54:22Z</time>
   </trkpt>
   <trkpt lat="43.6347230" lon="-79.4016990">
    <ele>78.0</ele>
    <time>2023-08-27T15:54:23Z</time>
   </trkpt>
   <trkpt lat="43.6347210" lon="-79.4017940">
    <ele>78.0</ele>
    <time>2023-08-27T15:54:24Z</time>
   </trkpt>
   <trkpt lat="43.6347230" lon="-79.4018740">
    <ele>78.0</ele>
    <time>2023-08-27T15:54:25Z</time>
   </trkpt>
   <trkpt lat="43.6347130" lon="-79.4019640">
    <ele>78.0</ele>
    <time>2023-08-27T15:54:26Z</time>
   </trkpt>
   <trkpt lat="43.6347210" lon="-79.4020230">
    <ele>78.0</ele>
    <time>2023-08-27T15:54:27Z</time>
   </trkpt>
   <trkpt lat="43.6347420" lon="-79.4020600">
    <ele>78.0</ele>
    <time>2023-08-27T15:54:28Z</time>
   </trkpt>
   <trkpt lat="43.6347660" lon="-79.4021020">
    <ele>78.0</ele>
    <time>2023-08-27T15:54:29Z</time>
   </trkpt>
   <trkpt lat="43.6347720" lon="-79.4021180">
    <ele>78.0</ele>
    <time>2023-08-27T15:54:30Z</time>
   </trkpt>
   <trkpt lat="43.6347990" lon="-79.4021510">
    <ele>78.0</ele>
    <time>2023-08-27T15:54:31Z</time>
   </trkpt>
   <trkpt lat="43.6348090" lon="-79.4021620">
    <ele>78.0</ele>
    <time>2023-08-27T15:54:32Z</time>
   </trkpt>
   <trkpt lat="43.6348390" lon="-79.4021970">
    <ele>78.0</ele>
    <time>2023-08-27T15:54:33Z</time>
   </trkpt>
   <trkpt lat="43.6348550" lon="-79.4022040">
    <ele>78.0</ele>
    <time>2023-08-27T15:54:34Z</time>
   </trkpt>
   <trkpt lat="43.6348830" lon="-79.4022260">
    <ele>78.0</ele>
    <time>2023-08-27T15:54:35Z</time>
   </trkpt>
   <trkpt lat="43.6349250" lon="-79.4022120">
    <ele>78.0</ele>
    <time>2023-08-27T15:54:36Z</time>
   </trkpt>
   <trkpt lat="43.6349590" lon="-79.4022010">
    <ele>78.0</ele>
    <time>2023-08-27T15:54:37Z</time>
   </trkpt>
   <trkpt lat="43.6349810" lon="-79.4022300">
    <ele>78.0</ele>
    <time>2023-08-27T15:54:38Z</time>
   </trkpt>
   <trkpt lat="43.6350140" lon="-79.4022460">
    <ele>78.0</ele>
    <time>2023-08-27T15:54:39Z</time>
   </trkpt>
   <trkpt lat="43.6350260" lon="-79.4022500">
    <ele>78.0</ele>
    <time>2023-08-27T15:54:40Z</time>
   </trkpt>
   <trkpt lat="43.6350620" lon="-79.4022680">
    <ele>78.0</ele>
    <time>2023-08-27T15:54:41Z</time>
   </trkpt>
   <trkpt lat="43.6350750" lon="-79.4023130">
    <ele>78.0</ele>
    <time>2023-08-27T15:54:42Z</time>
   </trkpt>
   <trkpt lat="43.6350990" lon="-79.4023320">
    <ele>78.0</ele>
    <time>2023-08-27T15:54:43Z</time>
   </trkpt>
   <trkpt lat="43.6351200" lon="-79.4023560">
    <ele>78.0</ele>
    <time>2023-08-27T15:54:44Z</time>
   </trkpt>
   <trkpt lat="43.6351530" lon="-79.4023800">
    <ele>78.0</ele>
    <time>2023-08-27T15:54:45Z</time>
   </trkpt>
   <trkpt lat="43.6351730" lon="-79.4023760">
    <ele>78.0</ele>
    <time>2023-08-27T15:54:46Z</time>
   </trkpt>
   <trkpt lat="43.6351950" lon="-79.4024180">
    <ele>78.0</ele>
    <time>2023-08-27T15:54:47Z</time>
   </trkpt>
   <trkpt lat="43.6352290" lon="-79.4024460">
    <ele>78.0</ele>
    <time>2023-08-27T15:54:48Z</time>
   </trkpt>
   <trkpt lat="43.6352400" lon="-79.4024560">
    <ele>78.0</ele>
    <time>2023-08-27T15:54:49Z</time>
   </trkpt>
   <trkpt lat="43.6352440" lon="-79.4025300">
    <ele>78.0</ele>
    <time>2023-08-27T15:54:50Z</time>
   </trkpt>
   <trkpt lat="43.6352480" lon="-79.4025910">
    <ele>78.0</ele>
    <time>2023-08-27T15:54:51Z</time>
   </trkpt>
   <trkpt lat="43.6352650" lon="-79.4026480">
    <ele>78.0</ele>
    <time>2023-08-27T15:54:52Z</time>
   </trkpt>
   <trkpt lat="43.6352710" lon="-79.4026710">
    <ele>78.0</ele>
    <time>2023-08-27T15:54:53Z</time>
   </trkpt>
   <trkpt lat="43.6352660" lon="-79.4027140">
    <ele>78.0</ele>
    <time>2023-08-27T15:54:54Z</time>
   </trkpt>
   <trkpt lat="43.6352660" lon="-79.4027610">
    <ele>78.0</ele>
    <time>2023-08-27T15:54:55Z</time>
   </trkpt>
   <trkpt lat="43.6352680" lon="-79.4027750">
    <ele>78.0</ele>
    <time>2023-08-27T15:54:56Z</time>
   </trkpt>
   <trkpt lat="43.6352610" lon="-79.4028230">
    <ele>78.1</ele>
    <time>2023-08-27T15:54:57Z</time>
   </trkpt>
   <trkpt lat="43.6352480" lon="-79.4028660">
    <ele>78.1</ele>
    <time>2023-08-27T15:54:58Z</time>
   </trkpt>
   <trkpt lat="43.6352380" lon="-79.4029140">
    <ele>78.1</ele>
    <time>2023-08-27T15:54:59Z</time>
   </trkpt>
   <trkpt lat="43.6352200" lon="-79.4029620">
    <ele>78.1</ele>
    <time>2023-08-27T15:55:00Z</time>
   </trkpt>
   <trkpt lat="43.6352090" lon="-79.4030100">
    <ele>78.1</ele>
    <time>2023-08-27T15:55:01Z</time>
   </trkpt>
   <trkpt lat="43.6352060" lon="-79.4030250">
    <ele>78.1</ele>
    <time>2023-08-27T15:55:02Z</time>
   </trkpt>
   <trkpt lat="43.6351980" lon="-79.4030660">
    <ele>78.1</ele>
    <time>2023-08-27T15:55:03Z</time>
   </trkpt>
   <trkpt lat="43.6351930" lon="-79.4031080">
    <ele>78.1</ele>
    <time>2023-08-27T15:55:04Z</time>
   </trkpt>
   <trkpt lat="43.6351730" lon="-79.4031630">
    <ele>78.1</ele>
    <time>2023-08-27T15:55:05Z</time>
   </trkpt>
   <trkpt lat="43.6351650" lon="-79.4031850">
    <ele>78.1</ele>
    <time>2023-08-27T15:55:06Z</time>
   </trkpt>
   <trkpt lat="43.6351580" lon="-79.4032360">
    <ele>78.1</ele>
    <time>2023-08-27T15:55:07Z</time>
   </trkpt>
   <trkpt lat="43.6351560" lon="-79.4032560">
    <ele>78.1</ele>
    <time>2023-08-27T15:55:08Z</time>
   </trkpt>
   <trkpt lat="43.6351490" lon="-79.4033010">
    <ele>78.1</ele>
    <time>2023-08-27T15:55:09Z</time>
   </trkpt>
   <trkpt lat="43.6351380" lon="-79.4033460">
    <ele>78.1</ele>
    <time>2023-08-27T15:55:10Z</time>
   </trkpt>
   <trkpt lat="43.6351300" lon="-79.4033890">
    <ele>78.1</ele>
    <time>2023-08-27T15:55:11Z</time>
   </trkpt>
   <trkpt lat="43.6351190" lon="-79.4034230">
    <ele>78.1</ele>
    <time>2023-08-27T15:55:12Z</time>
   </trkpt>
   <trkpt lat="43.6350930" lon="-79.4034670">
    <ele>78.2</ele>
    <time>2023-08-27T15:55:13Z</time>
   </trkpt>
   <trkpt lat="43.6350850" lon="-79.4034840">
    <ele>78.2</ele>
    <time>2023-08-27T15:55:14Z</time>
   </trkpt>
   <trkpt lat="43.6350630" lon="-79.4035240">
    <ele>78.2</ele>
    <time>2023-08-27T15:55:15Z</time>
   </trkpt>
   <trkpt lat="43.6350550" lon="-79.4035360">
    <ele>78.2</ele>
    <time>2023-08-27T15:55:16Z</time>
   </trkpt>
   <trkpt lat="43.6350540" lon="-79.4035920">
    <ele>78.2</ele>
    <time>2023-08-27T15:55:17Z</time>
   </trkpt>
   <trkpt lat="43.6350520" lon="-79.4036120">
    <ele>78.2</ele>
    <time>2023-08-27T15:55:18Z</time>
   </trkpt>
   <trkpt lat="43.6350700" lon="-79.4036270">
    <ele>78.2</ele>
    <time>2023-08-27T15:55:19Z</time>
   </trkpt>
   <trkpt lat="43.6350670" lon="-79.4036470">
    <ele>78.2</ele>
    <time>2023-08-27T15:55:20Z</time>
   </trkpt>
   <trkpt lat="43.6350770" lon="-79.4036860">
    <ele>78.2</ele>
    <time>2023-08-27T15:55:21Z</time>
   </trkpt>
   <trkpt lat="43.6350850" lon="-79.4037070">
    <ele>78.2</ele>
    <time>2023-08-27T15:55:22Z</time>
   </trkpt>
   <trkpt lat="43.6350900" lon="-79.4036900">
    <ele>78.2</ele>
    <time>2023-08-27T15:55:23Z</time>
   </trkpt>
   <trkpt lat="43.6350880" lon="-79.4036720">
    <ele>78.2</ele>
    <time>2023-08-27T15:55:24Z</time>
   </trkpt>
   <trkpt lat="43.6350930" lon="-79.4036790">
    <ele>78.2</ele>
    <time>2023-08-27T15:55:25Z</time>
   </trkpt>
   <trkpt lat="43.6350870" lon="-79.4036650">
    <ele>78.2</ele>
    <time>2023-08-27T15:55:26Z</time>
   </trkpt>
   <trkpt lat="43.6350890" lon="-79.4036500">
    <ele>78.2</ele>
    <time>2023-08-27T15:55:27Z</time>
   </trkpt>
   <trkpt lat="43.6350830" lon="-79.4036340">
    <ele>78.2</ele>
    <time>2023-08-27T15:55:28Z</time>
   </trkpt>
   <trkpt lat="43.6350700" lon="-79.4036420">
    <ele>78.2</ele>
    <time>2023-08-27T15:55:29Z</time>
   </trkpt>
   <trkpt lat="43.6350590" lon="-79.4036510">
    <ele>78.2</ele>
    <time>2023-08-27T15:55:30Z</time>
   </trkpt>
   <trkpt lat="43.6350510" lon="-79.4036630">
    <ele>78.2</ele>
    <time>2023-08-27T15:55:31Z</time>
   </trkpt>
   <trkpt lat="43.6350380" lon="-79.4036810">
    <ele>78.2</ele>
    <time>2023-08-27T15:55:32Z</time>
   </trkpt>
   <trkpt lat="43.6350280" lon="-79.4036780">
    <ele>78.2</ele>
    <time>2023-08-27T15:55:33Z</time>
   </trkpt>
   <trkpt lat="43.6350210" lon="-79.4036910">
    <ele>78.2</ele>
    <time>2023-08-27T15:55:34Z</time>
   </trkpt>
   <trkpt lat="43.6350060" lon="-79.4036920">
    <ele>78.2</ele>
    <time>2023-08-27T15:55:35Z</time>
   </trkpt>
   <trkpt lat="43.6349760" lon="-79.4036710">
    <ele>78.2</ele>
    <time>2023-08-27T15:55:36Z</time>
   </trkpt>
   <trkpt lat="43.6349650" lon="-79.4036740">
    <ele>78.2</ele>
    <time>2023-08-27T15:55:37Z</time>
   </trkpt>
   <trkpt lat="43.6349420" lon="-79.4036850">
    <ele>78.2</ele>
    <time>2023-08-27T15:55:38Z</time>
   </trkpt>
   <trkpt lat="43.6349290" lon="-79.4036890">
    <ele>78.2</ele>
    <time>2023-08-27T15:55:39Z</time>
   </trkpt>
   <trkpt lat="43.6349300" lon="-79.4037060">
    <ele>78.2</ele>
    <time>2023-08-27T15:55:40Z</time>
   </trkpt>
   <trkpt lat="43.6349240" lon="-79.4037170">
    <ele>78.2</ele>
    <time>2023-08-27T15:55:41Z</time>
   </trkpt>
   <trkpt lat="43.6349170" lon="-79.4037270">
    <ele>78.2</ele>
    <time>2023-08-27T15:55:42Z</time>
   </trkpt>
   <trkpt lat="43.6349110" lon="-79.4037370">
    <ele>78.2</ele>
    <time>2023-08-27T15:55:43Z</time>
   </trkpt>
   <trkpt lat="43.6348980" lon="-79.4037380">
    <ele>78.2</ele>
    <time>2023-08-27T15:55:44Z</time>
   </trkpt>
   <trkpt lat="43.6348930" lon="-79.4037350">
    <ele>78.2</ele>
    <time>2023-08-27T15:55:45Z</time>
   </trkpt>
   <trkpt lat="43.6348880" lon="-79.4037310">
    <ele>78.2</ele>
    <time>2023-08-27T15:55:46Z</time>
   </trkpt>
   <trkpt lat="43.6348830" lon="-79.4037280">
    <ele>78.2</ele>
    <time>2023-08-27T15:55:47Z</time>
   </trkpt>
   <trkpt lat="43.6348770" lon="-79.4037240">
    <ele>78.2</ele>
    <time>2023-08-27T15:55:48Z</time>
   </trkpt>
   <trkpt lat="43.6348720" lon="-79.4037210">
    <ele>78.2</ele>
    <time>2023-08-27T15:55:49Z</time>
   </trkpt>
   <trkpt lat="43.6348540" lon="-79.4037230">
    <ele>78.2</ele>
    <time>2023-08-27T15:55:50Z</time>
   </trkpt>
   <trkpt lat="43.6348460" lon="-79.4037240">
    <ele>78.2</ele>
    <time>2023-08-27T15:55:51Z</time>
   </trkpt>
   <trkpt lat="43.6348380" lon="-79.4037250">
    <ele>78.2</ele>
    <time>2023-08-27T15:55:52Z</time>
   </trkpt>
   <trkpt lat="43.6348300" lon="-79.4037270">
    <ele>78.2</ele>
    <time>2023-08-27T15:55:53Z</time>
   </trkpt>
   <trkpt lat="43.6348200" lon="-79.4037310">
    <ele>78.2</ele>
    <time>2023-08-27T15:55:54Z</time>
   </trkpt>
   <trkpt lat="43.6348120" lon="-79.4037360">
    <ele>78.2</ele>
    <time>2023-08-27T15:55:55Z</time>
   </trkpt>
   <trkpt lat="43.6348040" lon="-79.4037400">
    <ele>78.2</ele>
    <time>2023-08-27T15:55:56Z</time>
   </trkpt>
   <trkpt lat="43.6347960" lon="-79.4037450">
    <ele>78.2</ele>
    <time>2023-08-27T15:55:57Z</time>
   </trkpt>
   <trkpt lat="43.6347940" lon="-79.4037480">
    <ele>78.2</ele>
    <time>2023-08-27T15:55:58Z</time>
   </trkpt>
   <trkpt lat="43.6347850" lon="-79.4037480">
    <ele>78.2</ele>
    <time>2023-08-27T15:55:59Z</time>
   </trkpt>
   <trkpt lat="43.6347720" lon="-79.4037560">
    <ele>78.2</ele>
    <time>2023-08-27T15:56:00Z</time>
   </trkpt>
   <trkpt lat="43.6347670" lon="-79.4037490">
    <ele>78.2</ele>
    <time>2023-08-27T15:56:01Z</time>
   </trkpt>
   <trkpt lat="43.6347230" lon="-79.4037570">
    <ele>78.2</ele>
    <time>2023-08-27T15:56:02Z</time>
   </trkpt>
   <trkpt lat="43.6346830" lon="-79.4037680">
    <ele>78.2</ele>
    <time>2023-08-27T15:56:03Z</time>
   </trkpt>
   <trkpt lat="43.6347080" lon="-79.4037650">
    <ele>78.2</ele>
    <time>2023-08-27T15:56:04Z</time>
   </trkpt>
   <trkpt lat="43.6347140" lon="-79.4037690">
    <ele>78.2</ele>
    <time>2023-08-27T15:56:05Z</time>
   </trkpt>
   <trkpt lat="43.6347050" lon="-79.4037710">
    <ele>78.2</ele>
    <time>2023-08-27T15:56:07Z</time>
   </trkpt>
   <trkpt lat="43.6346940" lon="-79.4037720">
    <ele>78.2</ele>
    <time>2023-08-27T15:56:08Z</time>
   </trkpt>
   <trkpt lat="43.6346810" lon="-79.4037770">
    <ele>78.2</ele>
    <time>2023-08-27T15:56:09Z</time>
   </trkpt>
   <trkpt lat="43.6343920" lon="-79.4039720">
    <ele>78.2</ele>
    <time>2023-08-27T16:17:25Z</time>
   </trkpt>
   <trkpt lat="43.6343970" lon="-79.4039600">
    <ele>78.2</ele>
    <time>2023-08-27T16:17:26Z</time>
   </trkpt>
   <trkpt lat="43.6344040" lon="-79.4039510">
    <ele>78.2</ele>
    <time>2023-08-27T16:17:27Z</time>
   </trkpt>
   <trkpt lat="43.6344110" lon="-79.4039450">
    <ele>78.2</ele>
    <time>2023-08-27T16:17:28Z</time>
   </trkpt>
   <trkpt lat="43.6344150" lon="-79.4039450">
    <ele>78.2</ele>
    <time>2023-08-27T16:17:29Z</time>
   </trkpt>
   <trkpt lat="43.6344230" lon="-79.4039420">
    <ele>78.2</ele>
    <time>2023-08-27T16:17:30Z</time>
   </trkpt>
   <trkpt lat="43.6344260" lon="-79.4039330">
    <ele>78.2</ele>
    <time>2023-08-27T16:17:31Z</time>
   </trkpt>
   <trkpt lat="43.6344160" lon="-79.4039240">
    <ele>78.2</ele>
    <time>2023-08-27T16:17:32Z</time>
   </trkpt>
   <trkpt lat="43.6344120" lon="-79.4039220">
    <ele>78.2</ele>
    <time>2023-08-27T16:17:33Z</time>
   </trkpt>
   <trkpt lat="43.6344150" lon="-79.4039150">
    <ele>78.2</ele>
    <time>2023-08-27T16:17:34Z</time>
   </trkpt>
   <trkpt lat="43.6344170" lon="-79.4039020">
    <ele>78.2</ele>
    <time>2023-08-27T16:17:35Z</time>
   </trkpt>
   <trkpt lat="43.6344270" lon="-79.4038830">
    <ele>78.2</ele>
    <time>2023-08-27T16:17:36Z</time>
   </trkpt>
   <trkpt lat="43.6344360" lon="-79.4038810">
    <ele>78.2</ele>
    <time>2023-08-27T16:17:37Z</time>
   </trkpt>
   <trkpt lat="43.6344450" lon="-79.4038760">
    <ele>78.2</ele>
    <time>2023-08-27T16:17:38Z</time>
   </trkpt>
   <trkpt lat="43.6344420" lon="-79.4038820">
    <ele>78.2</ele>
    <time>2023-08-27T16:17:39Z</time>
   </trkpt>
   <trkpt lat="43.6344500" lon="-79.4038740">
    <ele>78.2</ele>
    <time>2023-08-27T16:17:40Z</time>
   </trkpt>
   <trkpt lat="43.6378920" lon="-79.3917280">
    <ele>77.8</ele>
    <time>2023-08-27T16:37:43Z</time>
   </trkpt>
   <trkpt lat="43.6378610" lon="-79.3914800">
    <ele>77.8</ele>
    <time>2023-08-27T16:37:44Z</time>
   </trkpt>
   <trkpt lat="43.6378270" lon="-79.3914640">
    <ele>77.8</ele>
    <time>2023-08-27T16:37:45Z</time>
   </trkpt>
   <trkpt lat="43.6378130" lon="-79.3914510">
    <ele>77.8</ele>
    <time>2023-08-27T16:37:46Z</time>
   </trkpt>
   <trkpt lat="43.6378110" lon="-79.3914270">
    <ele>77.8</ele>
    <time>2023-08-27T16:37:47Z</time>
   </trkpt>
   <trkpt lat="43.6378080" lon="-79.3913830">
    <ele>77.8</ele>
    <time>2023-08-27T16:37:48Z</time>
   </trkpt>
   <trkpt lat="43.6378070" lon="-79.3913670">
    <ele>77.8</ele>
    <time>2023-08-27T16:37:49Z</time>
   </trkpt>
   <trkpt lat="43.6378100" lon="-79.3913270">
    <ele>77.8</ele>
    <time>2023-08-27T16:37:50Z</time>
   </trkpt>
   <trkpt lat="43.6378110" lon="-79.3912840">
    <ele>77.8</ele>
    <time>2023-08-27T16:37:51Z</time>
   </trkpt>
   <trkpt lat="43.6378140" lon="-79.3912350">
    <ele>77.9</ele>
    <time>2023-08-27T16:37:52Z</time>
   </trkpt>
   <trkpt lat="43.6378180" lon="-79.3911900">
    <ele>77.9</ele>
    <time>2023-08-27T16:37:53Z</time>
   </trkpt>
   <trkpt lat="43.6378300" lon="-79.3911540">
    <ele>77.9</ele>
    <time>2023-08-27T16:37:54Z</time>
   </trkpt>
   <trkpt lat="43.6378410" lon="-79.3911160">
    <ele>77.9</ele>
    <time>2023-08-27T16:37:55Z</time>
   </trkpt>
   <trkpt lat="43.6378670" lon="-79.3910790">
    <ele>77.9</ele>
    <time>2023-08-27T16:37:56Z</time>
   </trkpt>
   <trkpt lat="43.6378840" lon="-79.3910470">
    <ele>78.0</ele>
    <time>2023-08-27T16:37:57Z</time>
   </trkpt>
   <trkpt lat="43.6378970" lon="-79.3909960">
    <ele>78.0</ele>
    <time>2023-08-27T16:37:58Z</time>
   </trkpt>
   <trkpt lat="43.6379010" lon="-79.3909780">
    <ele>78.0</ele>
    <time>2023-08-27T16:37:59Z</time>
   </trkpt>
   <trkpt lat="43.6379030" lon="-79.3909300">
    <ele>78.0</ele>
    <time>2023-08-27T16:38:00Z</time>
   </trkpt>
   <trkpt lat="43.6379010" lon="-79.3909180">
    <ele>78.0</ele>
    <time>2023-08-27T16:38:01Z</time>
   </trkpt>
   <trkpt lat="43.6378980" lon="-79.3908700">
    <ele>78.0</ele>
    <time>2023-08-27T16:38:02Z</time>
   </trkpt>
   <trkpt lat="43.6378940" lon="-79.3908580">
    <ele>78.0</ele>
    <time>2023-08-27T16:38:03Z</time>
   </trkpt>
   <trkpt lat="43.6378840" lon="-79.3908130">
    <ele>78.0</ele>
    <time>2023-08-27T16:38:04Z</time>
   </trkpt>
   <trkpt lat="43.6378820" lon="-79.3907970">
    <ele>78.1</ele>
    <time>2023-08-27T16:38:05Z</time>
   </trkpt>
   <trkpt lat="43.6378890" lon="-79.3907580">
    <ele>78.1</ele>
    <time>2023-08-27T16:38:06Z</time>
   </trkpt>
   <trkpt lat="43.6378950" lon="-79.3907490">
    <ele>78.1</ele>
    <time>2023-08-27T16:38:07Z</time>
   </trkpt>
   <trkpt lat="43.6379060" lon="-79.3907240">
    <ele>78.1</ele>
    <time>2023-08-27T16:38:08Z</time>
   </trkpt>
   <trkpt lat="43.6379140" lon="-79.3907090">
    <ele>78.1</ele>
    <time>2023-08-27T16:38:09Z</time>
   </trkpt>
   <trkpt lat="43.6379180" lon="-79.3906900">
    <ele>78.1</ele>
    <time>2023-08-27T16:38:10Z</time>
   </trkpt>
   <trkpt lat="43.6379250" lon="-79.3906750">
    <ele>78.1</ele>
    <time>2023-08-27T16:38:11Z</time>
   </trkpt>
   <trkpt lat="43.6379330" lon="-79.3906610">
    <ele>78.1</ele>
    <time>2023-08-27T16:38:12Z</time>
   </trkpt>
   <trkpt lat="43.6379350" lon="-79.3906360">
    <ele>78.1</ele>
    <time>2023-08-27T16:38:13Z</time>
   </trkpt>
   <trkpt lat="43.6379320" lon="-79.3906120">
    <ele>78.1</ele>
    <time>2023-08-27T16:38:14Z</time>
   </trkpt>
   <trkpt lat="43.6379220" lon="-79.3904040">
    <ele>78.1</ele>
    <time>2023-08-27T16:38:15Z</time>
   </trkpt>
   <trkpt lat="43.6379260" lon="-79.3903760">
    <ele>78.2</ele>
    <time>2023-08-27T16:38:16Z</time>
   </trkpt>
   <trkpt lat="43.6379410" lon="-79.3903310">
    <ele>78.2</ele>
    <time>2023-08-27T16:38:17Z</time>
   </trkpt>
   <trkpt lat="43.6379440" lon="-79.3903110">
    <ele>78.2</ele>
    <time>2023-08-27T16:38:18Z</time>
   </trkpt>
   <trkpt lat="43.6379560" lon="-79.3902620">
    <ele>78.2</ele>
    <time>2023-08-27T16:38:19Z</time>
   </trkpt>
   <trkpt lat="43.6379580" lon="-79.3902430">
    <ele>78.2</ele>
    <time>2023-08-27T16:38:20Z</time>
   </trkpt>
   <trkpt lat="43.6379660" lon="-79.3901910">
    <ele>78.3</ele>
    <time>2023-08-27T16:38:21Z</time>
   </trkpt>
   <trkpt lat="43.6379670" lon="-79.3901710">
    <ele>78.3</ele>
    <time>2023-08-27T16:38:22Z</time>
   </trkpt>
   <trkpt lat="43.6379740" lon="-79.3901300">
    <ele>78.3</ele>
    <time>2023-08-27T16:38:23Z</time>
   </trkpt>
   <trkpt lat="43.6379850" lon="-79.3900920">
    <ele>78.3</ele>
    <time>2023-08-27T16:38:24Z</time>
   </trkpt>
   <trkpt lat="43.6380020" lon="-79.3900590">
    <ele>78.3</ele>
    <time>2023-08-27T16:38:25Z</time>
   </trkpt>
   <trkpt lat="43.6380100" lon="-79.3900100">
    <ele>78.4</ele>
    <time>2023-08-27T16:38:26Z</time>
   </trkpt>
   <trkpt lat="43.6380150" lon="-79.3899950">
    <ele>78.4</ele>
    <time>2023-08-27T16:38:27Z</time>
   </trkpt>
   <trkpt lat="43.6380360" lon="-79.3899600">
    <ele>78.4</ele>
    <time>2023-08-27T16:38:28Z</time>
   </trkpt>
   <trkpt lat="43.6380450" lon="-79.3899240">
    <ele>78.4</ele>
    <time>2023-08-27T16:38:29Z</time>
   </trkpt>
   <trkpt lat="43.6380580" lon="-79.3898740">
    <ele>78.4</ele>
    <time>2023-08-27T16:38:30Z</time>
   </trkpt>
   <trkpt lat="43.6380700" lon="-79.3898260">
    <ele>78.5</ele>
    <time>2023-08-27T16:38:31Z</time>
   </trkpt>
   <trkpt lat="43.6380720" lon="-79.3898070">
    <ele>78.5</ele>
    <time>2023-08-27T16:38:32Z</time>
   </trkpt>
   <trkpt lat="43.6380820" lon="-79.3897640">
    <ele>78.5</ele>
    <time>2023-08-27T16:38:33Z</time>
   </trkpt>
   <trkpt lat="43.6380850" lon="-79.3897510">
    <ele>78.5</ele>
    <time>2023-08-27T16:38:34Z</time>
   </trkpt>
   <trkpt lat="43.6381010" lon="-79.3897000">
    <ele>78.5</ele>
    <time>2023-08-27T16:38:35Z</time>
   </trkpt>
   <trkpt lat="43.6381070" lon="-79.3896800">
    <ele>78.5</ele>
    <time>2023-08-27T16:38:36Z</time>
   </trkpt>
   <trkpt lat="43.6381130" lon="-79.3896410">
    <ele>78.5</ele>
    <time>2023-08-27T16:38:37Z</time>
   </trkpt>
   <trkpt lat="43.6381160" lon="-79.3896270">
    <ele>78.5</ele>
    <time>2023-08-27T16:38:38Z</time>
   </trkpt>
   <trkpt lat="43.6381200" lon="-79.3895730">
    <ele>78.5</ele>
    <time>2023-08-27T16:38:39Z</time>
   </trkpt>
   <trkpt lat="43.6381220" lon="-79.3895550">
    <ele>78.5</ele>
    <time>2023-08-27T16:38:40Z</time>
   </trkpt>
   <trkpt lat="43.6381330" lon="-79.3895090">
    <ele>78.5</ele>
    <time>2023-08-27T16:38:41Z</time>
   </trkpt>
   <trkpt lat="43.6381470" lon="-79.3894890">
    <ele>78.5</ele>
    <time>2023-08-27T16:38:42Z</time>
   </trkpt>
   <trkpt lat="43.6381610" lon="-79.3894430">
    <ele>78.5</ele>
    <time>2023-08-27T16:38:43Z</time>
   </trkpt>
   <trkpt lat="43.6381800" lon="-79.3894100">
    <ele>78.4</ele>
    <time>2023-08-27T16:38:44Z</time>
   </trkpt>
   <trkpt lat="43.6381910" lon="-79.3893630">
    <ele>78.4</ele>
    <time>2023-08-27T16:38:45Z</time>
   </trkpt>
   <trkpt lat="43.6381990" lon="-79.3893250">
    <ele>78.4</ele>
    <time>2023-08-27T16:38:46Z</time>
   </trkpt>
   <trkpt lat="43.6381930" lon="-79.3892790">
    <ele>78.3</ele>
    <time>2023-08-27T16:38:47Z</time>
   </trkpt>
   <trkpt lat="43.6381980" lon="-79.3892630">
    <ele>78.3</ele>
    <time>2023-08-27T16:38:48Z</time>
   </trkpt>
   <trkpt lat="43.6382100" lon="-79.3892200">
    <ele>78.3</ele>
    <time>2023-08-27T16:38:49Z</time>
   </trkpt>
   <trkpt lat="43.6382240" lon="-79.3891820">
    <ele>78.3</ele>
    <time>2023-08-27T16:38:50Z</time>
   </trkpt>
   <trkpt lat="43.6382310" lon="-79.3891260">
    <ele>78.3</ele>
    <time>2023-08-27T16:38:51Z</time>
   </trkpt>
   <trkpt lat="43.6382320" lon="-79.3891050">
    <ele>78.2</ele>
    <time>2023-08-27T16:38:52Z</time>
   </trkpt>
   <trkpt lat="43.6382430" lon="-79.3890530">
    <ele>78.2</ele>
    <time>2023-08-27T16:38:53Z</time>
   </trkpt>
   <trkpt lat="43.6382470" lon="-79.3890320">
    <ele>78.2</ele>
    <time>2023-08-27T16:38:54Z</time>
   </trkpt>
   <trkpt lat="43.6382610" lon="-79.3889980">
    <ele>78.2</ele>
    <time>2023-08-27T16:38:55Z</time>
   </trkpt>
   <trkpt lat="43.6382710" lon="-79.3889620">
    <ele>78.2</ele>
    <time>2023-08-27T16:38:56Z</time>
   </trkpt>
   <trkpt lat="43.6382840" lon="-79.3889290">
    <ele>78.2</ele>
    <time>2023-08-27T16:38:57Z</time>
   </trkpt>
   <trkpt lat="43.6382950" lon="-79.3888920">
    <ele>78.2</ele>
    <time>2023-08-27T16:38:58Z</time>
   </trkpt>
   <trkpt lat="43.6383060" lon="-79.3888450">
    <ele>78.2</ele>
    <time>2023-08-27T16:38:59Z</time>
   </trkpt>
   <trkpt lat="43.6383120" lon="-79.3888290">
    <ele>78.2</ele>
    <time>2023-08-27T16:39:00Z</time>
   </trkpt>
   <trkpt lat="43.6383240" lon="-79.3887960">
    <ele>78.2</ele>
    <time>2023-08-27T16:39:01Z</time>
   </trkpt>
   <trkpt lat="43.6383300" lon="-79.3887540">
    <ele>78.1</ele>
    <time>2023-08-27T16:39:02Z</time>
   </trkpt>
   <trkpt lat="43.6383370" lon="-79.3887030">
    <ele>78.1</ele>
    <time>2023-08-27T16:39:03Z</time>
   </trkpt>
   <trkpt lat="43.6383410" lon="-79.3886870">
    <ele>78.1</ele>
    <time>2023-08-27T16:39:04Z</time>
   </trkpt>
   <trkpt lat="43.6383570" lon="-79.3886420">
    <ele>78.1</ele>
    <time>2023-08-27T16:39:05Z</time>
   </trkpt>
   <trkpt lat="43.6383670" lon="-79.3886290">
    <ele>78.1</ele>
    <time>2023-08-27T16:39:06Z</time>
   </trkpt>
   <trkpt lat="43.6383630" lon="-79.3885880">
    <ele>78.0</ele>
    <time>2023-08-27T16:39:07Z</time>
   </trkpt>
   <trkpt lat="43.6383570" lon="-79.3885500">
    <ele>78.0</ele>
    <time>2023-08-27T16:39:08Z</time>
   </trkpt>
   <trkpt lat="43.6383720" lon="-79.3885030">
    <ele>78.0</ele>
    <time>2023-08-27T16:39:09Z</time>
   </trkpt>
   <trkpt lat="43.6383820" lon="-79.3884900">
    <ele>78.0</ele>
    <time>2023-08-27T16:39:10Z</time>
   </trkpt>
   <trkpt lat="43.6383980" lon="-79.3884420">
    <ele>77.9</ele>
    <time>2023-08-27T16:39:11Z</time>
   </trkpt>
   <trkpt lat="43.6384050" lon="-79.3884250">
    <ele>77.9</ele>
    <time>2023-08-27T16:39:12Z</time>
   </trkpt>
   <trkpt lat="43.6384070" lon="-79.3883630">
    <ele>77.9</ele>
    <time>2023-08-27T16:39:13Z</time>
   </trkpt>
   <trkpt lat="43.6383970" lon="-79.3883330">
    <ele>77.9</ele>
    <time>2023-08-27T16:39:14Z</time>
   </trkpt>
   <trkpt lat="43.6383800" lon="-79.3882930">
    <ele>77.8</ele>
    <time>2023-08-27T16:39:15Z</time>
   </trkpt>
   <trkpt lat="43.6384160" lon="-79.3882590">
    <ele>77.8</ele>
    <time>2023-08-27T16:39:16Z</time>
   </trkpt>
   <trkpt lat="43.6384300" lon="-79.3882260">
    <ele>77.7</ele>
    <time>2023-08-27T16:39:17Z</time>
   </trkpt>
   <trkpt lat="43.6384260" lon="-79.3881680">
    <ele>77.7</ele>
    <time>2023-08-27T16:39:18Z</time>
   </trkpt>
   <trkpt lat="43.6384260" lon="-79.3881460">
    <ele>77.7</ele>
    <time>2023-08-27T16:39:19Z</time>
   </trkpt>
   <trkpt lat="43.6384360" lon="-79.3880950">
    <ele>77.6</ele>
    <time>2023-08-27T16:39:20Z</time>
   </trkpt>
   <trkpt lat="43.6384410" lon="-79.3880780">
    <ele>77.6</ele>
    <time>2023-08-27T16:39:21Z</time>
   </trkpt>
   <trkpt lat="43.6384360" lon="-79.3880310">
    <ele>77.6</ele>
    <time>2023-08-27T16:39:22Z</time>
   </trkpt>
   <trkpt lat="43.6384320" lon="-79.3880130">
    <ele>77.6</ele>
    <time>2023-08-27T16:39:23Z</time>
   </trkpt>
   <trkpt lat="43.6384370" lon="-79.3879660">
    <ele>77.5</ele>
    <time>2023-08-27T16:39:24Z</time>
   </trkpt>
   <trkpt lat="43.6384400" lon="-79.3879510">
    <ele>77.5</ele>
    <time>2023-08-27T16:39:25Z</time>
   </trkpt>
   <trkpt lat="43.6384550" lon="-79.3879130">
    <ele>77.5</ele>
    <time>2023-08-27T16:39:26Z</time>
   </trkpt>
   <trkpt lat="43.6384740" lon="-79.3878820">
    <ele>77.5</ele>
    <time>2023-08-27T16:39:27Z</time>
   </trkpt>
   <trkpt lat="43.6384930" lon="-79.3878490">
    <ele>77.4</ele>
    <time>2023-08-27T16:39:28Z</time>
   </trkpt>
   <trkpt lat="43.6385110" lon="-79.3877980">
    <ele>77.4</ele>
    <time>2023-08-27T16:39:29Z</time>
   </trkpt>
   <trkpt lat="43.6385180" lon="-79.3877750">
    <ele>77.4</ele>
    <time>2023-08-27T16:39:30Z</time>
   </trkpt>
   <trkpt lat="43.6385340" lon="-79.3877270">
    <ele>77.4</ele>
    <time>2023-08-27T16:39:31Z</time>
   </trkpt>
   <trkpt lat="43.6385350" lon="-79.3877090">
    <ele>77.4</ele>
    <time>2023-08-27T16:39:32Z</time>
   </trkpt>
   <trkpt lat="43.6385510" lon="-79.3876590">
    <ele>77.4</ele>
    <time>2023-08-27T16:39:33Z</time>
   </trkpt>
   <trkpt lat="43.6385530" lon="-79.3876410">
    <ele>77.4</ele>
    <time>2023-08-27T16:39:34Z</time>
   </trkpt>
   <trkpt lat="43.6385710" lon="-79.3876030">
    <ele>77.4</ele>
    <time>2023-08-27T16:39:35Z</time>
   </trkpt>
   <trkpt lat="43.6385850" lon="-79.3875520">
    <ele>77.4</ele>
    <time>2023-08-27T16:39:36Z</time>
   </trkpt>
   <trkpt lat="43.6385920" lon="-79.3875330">
    <ele>77.4</ele>
    <time>2023-08-27T16:39:37Z</time>
   </trkpt>
   <trkpt lat="43.6386040" lon="-79.3874900">
    <ele>77.4</ele>
    <time>2023-08-27T16:39:38Z</time>
   </trkpt>
   <trkpt lat="43.6386080" lon="-79.3874340">
    <ele>77.4</ele>
    <time>2023-08-27T16:39:39Z</time>
   </trkpt>
   <trkpt lat="43.6386100" lon="-79.3874150">
    <ele>77.4</ele>
    <time>2023-08-27T16:39:40Z</time>
   </trkpt>
   <trkpt lat="43.6386190" lon="-79.3873760">
    <ele>77.4</ele>
    <time>2023-08-27T16:39:41Z</time>
   </trkpt>
   <trkpt lat="43.6386290" lon="-79.3873230">
    <ele>77.4</ele>
    <time>2023-08-27T16:39:42Z</time>
   </trkpt>
   <trkpt lat="43.6386320" lon="-79.3873030">
    <ele>77.4</ele>
    <time>2023-08-27T16:39:43Z</time>
   </trkpt>
   <trkpt lat="43.6386470" lon="-79.3872540">
    <ele>77.5</ele>
    <time>2023-08-27T16:39:44Z</time>
   </trkpt>
   <trkpt lat="43.6386520" lon="-79.3872330">
    <ele>77.5</ele>
    <time>2023-08-27T16:39:45Z</time>
   </trkpt>
   <trkpt lat="43.6386670" lon="-79.3871930">
    <ele>77.5</ele>
    <time>2023-08-27T16:39:46Z</time>
   </trkpt>
   <trkpt lat="43.6386570" lon="-79.3871470">
    <ele>77.5</ele>
    <time>2023-08-27T16:39:47Z</time>
   </trkpt>
   <trkpt lat="43.6386580" lon="-79.3871260">
    <ele>77.5</ele>
    <time>2023-08-27T16:39:48Z</time>
   </trkpt>
   <trkpt lat="43.6386520" lon="-79.3870750">
    <ele>77.6</ele>
    <time>2023-08-27T16:39:49Z</time>
   </trkpt>
   <trkpt lat="43.6386530" lon="-79.3870550">
    <ele>77.6</ele>
    <time>2023-08-27T16:39:50Z</time>
   </trkpt>
   <trkpt lat="43.6386270" lon="-79.3870430">
    <ele>77.6</ele>
    <time>2023-08-27T16:39:51Z</time>
   </trkpt>
   <trkpt lat="43.6386340" lon="-79.3869880">
    <ele>77.6</ele>
    <time>2023-08-27T16:39:52Z</time>
   </trkpt>
   <trkpt lat="43.6386330" lon="-79.3869640">
    <ele>77.6</ele>
    <time>2023-08-27T16:39:53Z</time>
   </trkpt>
   <trkpt lat="43.6386460" lon="-79.3869090">
    <ele>77.7</ele>
    <time>2023-08-27T16:39:54Z</time>
   </trkpt>
   <trkpt lat="43.6386690" lon="-79.3868720">
    <ele>77.7</ele>
    <time>2023-08-27T16:39:55Z</time>
   </trkpt>
   <trkpt lat="43.6386840" lon="-79.3868330">
    <ele>77.7</ele>
    <time>2023-08-27T16:39:56Z</time>
   </trkpt>
   <trkpt lat="43.6387030" lon="-79.3867860">
    <ele>77.7</ele>
    <time>2023-08-27T16:39:57Z</time>
   </trkpt>
   <trkpt lat="43.6387070" lon="-79.3867640">
    <ele>77.8</ele>
    <time>2023-08-27T16:39:58Z</time>
   </trkpt>
   <trkpt lat="43.6387130" lon="-79.3867180">
    <ele>77.8</ele>
    <time>2023-08-27T16:39:59Z</time>
   </trkpt>
   <trkpt lat="43.6386990" lon="-79.3866750">
    <ele>77.8</ele>
    <time>2023-08-27T16:40:00Z</time>
   </trkpt>
   <trkpt lat="43.6386960" lon="-79.3866590">
    <ele>77.8</ele>
    <time>2023-08-27T16:40:01Z</time>
   </trkpt>
   <trkpt lat="43.6386970" lon="-79.3866130">
    <ele>77.8</ele>
    <time>2023-08-27T16:40:02Z</time>
   </trkpt>
   <trkpt lat="43.6387040" lon="-79.3865970">
    <ele>77.8</ele>
    <time>2023-08-27T16:40:03Z</time>
   </trkpt>
   <trkpt lat="43.6387260" lon="-79.3865590">
    <ele>77.8</ele>
    <time>2023-08-27T16:40:04Z</time>
   </trkpt>
   <trkpt lat="43.6387320" lon="-79.3865460">
    <ele>77.8</ele>
    <time>2023-08-27T16:40:05Z</time>
   </trkpt>
   <trkpt lat="43.6387500" lon="-79.3865100">
    <ele>77.8</ele>
    <time>2023-08-27T16:40:06Z</time>
   </trkpt>
   <trkpt lat="43.6387590" lon="-79.3864980">
    <ele>77.8</ele>
    <time>2023-08-27T16:40:07Z</time>
   </trkpt>
   <trkpt lat="43.6388000" lon="-79.3864970">
    <ele>77.8</ele>
    <time>2023-08-27T16:40:08Z</time>
   </trkpt>
   <trkpt lat="43.6388050" lon="-79.3865040">
    <ele>77.8</ele>
    <time>2023-08-27T16:40:09Z</time>
   </trkpt>
   <trkpt lat="43.6388160" lon="-79.3865050">
    <ele>77.8</ele>
    <time>2023-08-27T16:40:10Z</time>
   </trkpt>
   <trkpt lat="43.6388180" lon="-79.3865080">
    <ele>77.8</ele>
    <time>2023-08-27T16:40:11Z</time>
   </trkpt>
   <trkpt lat="43.6388290" lon="-79.3865120">
    <ele>77.8</ele>
    <time>2023-08-27T16:40:12Z</time>
   </trkpt>
   <trkpt lat="43.6388280" lon="-79.3865110">
    <ele>77.8</ele>
    <time>2023-08-27T16:40:13Z</time>
   </trkpt>
   <trkpt lat="43.6388280" lon="-79.3865110">
    <ele>77.8</ele>
    <time>2023-08-27T16:40:14Z</time>
   </trkpt>
   <trkpt lat="43.6388280" lon="-79.3865110">
    <ele>77.8</ele>
    <time>2023-08-27T16:40:15Z</time>
   </trkpt>
   <trkpt lat="43.6388440" lon="-79.3865250">
    <ele>77.8</ele>
    <time>2023-08-27T16:40:16Z</time>
   </trkpt>
   <trkpt lat="43.6388430" lon="-79.3865250">
    <ele>77.8</ele>
    <time>2023-08-27T16:40:17Z</time>
   </trkpt>
   <trkpt lat="43.6388430" lon="-79.3865250">
    <ele>77.8</ele>
    <time>2023-08-27T16:40:18Z</time>
   </trkpt>
   <trkpt lat="43.6388430" lon="-79.3865250">
    <ele>77.8</ele>
    <time>2023-08-27T16:40:19Z</time>
   </trkpt>
   <trkpt lat="43.6388570" lon="-79.3865250">
    <ele>77.8</ele>
    <time>2023-08-27T16:40:20Z</time>
   </trkpt>
   <trkpt lat="43.6388580" lon="-79.3865300">
    <ele>77.8</ele>
    <time>2023-08-27T16:40:21Z</time>
   </trkpt>
   <trkpt lat="43.6388580" lon="-79.3865300">
    <ele>77.8</ele>
    <time>2023-08-27T16:40:22Z</time>
   </trkpt>
   <trkpt lat="43.6388590" lon="-79.3865300">
    <ele>77.8</ele>
    <time>2023-08-27T16:40:23Z</time>
   </trkpt>
   <trkpt lat="43.6388570" lon="-79.3865400">
    <ele>77.8</ele>
    <time>2023-08-27T16:40:24Z</time>
   </trkpt>
   <trkpt lat="43.6388650" lon="-79.3865580">
    <ele>77.8</ele>
    <time>2023-08-27T16:40:25Z</time>
   </trkpt>
   <trkpt lat="43.6388710" lon="-79.3865520">
    <ele>77.8</ele>
    <time>2023-08-27T16:40:26Z</time>
   </trkpt>
   <trkpt lat="43.6388610" lon="-79.3865340">
    <ele>77.8</ele>
    <time>2023-08-27T16:40:27Z</time>
   </trkpt>
   <trkpt lat="43.6388640" lon="-79.3865410">
    <ele>77.8</ele>
    <time>2023-08-27T16:40:28Z</time>
   </trkpt>
   <trkpt lat="43.6388680" lon="-79.3865400">
    <ele>77.8</ele>
    <time>2023-08-27T16:40:29Z</time>
   </trkpt>
   <trkpt lat="43.6388630" lon="-79.3865380">
    <ele>77.8</ele>
    <time>2023-08-27T16:40:30Z</time>
   </trkpt>
   <trkpt lat="43.6388650" lon="-79.3865390">
    <ele>77.8</ele>
    <time>2023-08-27T16:40:31Z</time>
   </trkpt>
   <trkpt lat="43.6388640" lon="-79.3865410">
    <ele>77.8</ele>
    <time>2023-08-27T16:40:32Z</time>
   </trkpt>
   <trkpt lat="43.6388640" lon="-79.3865450">
    <ele>77.8</ele>
    <time>2023-08-27T16:40:33Z</time>
   </trkpt>
   <trkpt lat="43.6388670" lon="-79.3865520">
    <ele>77.8</ele>
    <time>2023-08-27T16:40:34Z</time>
   </trkpt>
   <trkpt lat="43.6388700" lon="-79.3865560">
    <ele>77.8</ele>
    <time>2023-08-27T16:40:35Z</time>
   </trkpt>
   <trkpt lat="43.6388760" lon="-79.3865470">
    <ele>77.8</ele>
    <time>2023-08-27T16:40:36Z</time>
   </trkpt>
   <trkpt lat="43.6388810" lon="-79.3865390">
    <ele>77.8</ele>
    <time>2023-08-27T16:40:37Z</time>
   </trkpt>
   <trkpt lat="43.6388810" lon="-79.3865320">
    <ele>77.8</ele>
    <time>2023-08-27T16:40:38Z</time>
   </trkpt>
   <trkpt lat="43.6388760" lon="-79.3865030">
    <ele>77.8</ele>
    <time>2023-08-27T16:40:39Z</time>
   </trkpt>
   <trkpt lat="43.6388760" lon="-79.3864950">
    <ele>77.8</ele>
    <time>2023-08-27T16:40:40Z</time>
   </trkpt>
   <trkpt lat="43.6388830" lon="-79.3865150">
    <ele>77.8</ele>
    <time>2023-08-27T16:40:41Z</time>
   </trkpt>
   <trkpt lat="43.6388890" lon="-79.3865170">
    <ele>77.8</ele>
    <time>2023-08-27T16:40:42Z</time>
   </trkpt>
   <trkpt lat="43.6388960" lon="-79.3865190">
    <ele>77.8</ele>
    <time>2023-08-27T16:40:43Z</time>
   </trkpt>
   <trkpt lat="43.6389020" lon="-79.3865210">
    <ele>77.9</ele>
    <time>2023-08-27T16:40:44Z</time>
   </trkpt>
   <trkpt lat="43.6389090" lon="-79.3865230">
    <ele>77.9</ele>
    <time>2023-08-27T16:40:45Z</time>
   </trkpt>
   <trkpt lat="43.6389450" lon="-79.3865390">
    <ele>77.9</ele>
    <time>2023-08-27T16:40:46Z</time>
   </trkpt>
   <trkpt lat="43.6389580" lon="-79.3865390">
    <ele>77.9</ele>
    <time>2023-08-27T16:40:47Z</time>
   </trkpt>
   <trkpt lat="43.6389860" lon="-79.3865520">
    <ele>77.9</ele>
    <time>2023-08-27T16:40:48Z</time>
   </trkpt>
   <trkpt lat="43.6390220" lon="-79.3865530">
    <ele>77.9</ele>
    <time>2023-08-27T16:40:49Z</time>
   </trkpt>
   <trkpt lat="43.6390420" lon="-79.3865950">
    <ele>78.0</ele>
    <time>2023-08-27T16:40:50Z</time>
   </trkpt>
   <trkpt lat="43.6390700" lon="-79.3865930">
    <ele>78.0</ele>
    <time>2023-08-27T16:40:51Z</time>
   </trkpt>
   <trkpt lat="43.6390830" lon="-79.3865940">
    <ele>78.0</ele>
    <time>2023-08-27T16:40:52Z</time>
   </trkpt>
   <trkpt lat="43.6390950" lon="-79.3865940">
    <ele>78.0</ele>
    <time>2023-08-27T16:40:53Z</time>
   </trkpt>
   <trkpt lat="43.6391380" lon="-79.3865950">
    <ele>78.0</ele>
    <time>2023-08-27T16:40:54Z</time>
   </trkpt>
   <trkpt lat="43.6391540" lon="-79.3866020">
    <ele>78.0</ele>
    <time>2023-08-27T16:40:55Z</time>
   </trkpt>
   <trkpt lat="43.6391840" lon="-79.3866080">
    <ele>78.0</ele>
    <time>2023-08-27T16:40:56Z</time>
   </trkpt>
   <trkpt lat="43.6392150" lon="-79.3866010">
    <ele>78.0</ele>
    <time>2023-08-27T16:40:57Z</time>
   </trkpt>
   <trkpt lat="43.6392300" lon="-79.3866090">
    <ele>78.0</ele>
    <time>2023-08-27T16:40:58Z</time>
   </trkpt>
   <trkpt lat="43.6392580" lon="-79.3866170">
    <ele>78.0</ele>
    <time>2023-08-27T16:40:59Z</time>
   </trkpt>
   <trkpt lat="43.6392850" lon="-79.3866470">
    <ele>78.0</ele>
    <time>2023-08-27T16:41:00Z</time>
   </trkpt>
   <trkpt lat="43.6393140" lon="-79.3866670">
    <ele>78.0</ele>
    <time>2023-08-27T16:41:01Z</time>
   </trkpt>
   <trkpt lat="43.6393440" lon="-79.3866900">
    <ele>78.1</ele>
    <time>2023-08-27T16:41:02Z</time>
   </trkpt>
   <trkpt lat="43.6393680" lon="-79.3867180">
    <ele>78.1</ele>
    <time>2023-08-27T16:41:03Z</time>
   </trkpt>
   <trkpt lat="43.6393950" lon="-79.3867400">
    <ele>78.1</ele>
    <time>2023-08-27T16:41:04Z</time>
   </trkpt>
   <trkpt lat="43.6394150" lon="-79.3867540">
    <ele>78.1</ele>
    <time>2023-08-27T16:41:05Z</time>
   </trkpt>
   <trkpt lat="43.6394450" lon="-79.3867710">
    <ele>78.1</ele>
    <time>2023-08-27T16:41:06Z</time>
   </trkpt>
   <trkpt lat="43.6394830" lon="-79.3867900">
    <ele>78.2</ele>
    <time>2023-08-27T16:41:07Z</time>
   </trkpt>
   <trkpt lat="43.6394950" lon="-79.3867970">
    <ele>78.2</ele>
    <time>2023-08-27T16:41:08Z</time>
   </trkpt>
   <trkpt lat="43.6395300" lon="-79.3868060">
    <ele>78.2</ele>
    <time>2023-08-27T16:41:09Z</time>
   </trkpt>
   <trkpt lat="43.6395420" lon="-79.3868090">
    <ele>78.2</ele>
    <time>2023-08-27T16:41:10Z</time>
   </trkpt>
   <trkpt lat="43.6395690" lon="-79.3868260">
    <ele>78.2</ele>
    <time>2023-08-27T16:41:11Z</time>
   </trkpt>
   <trkpt lat="43.6396070" lon="-79.3868190">
    <ele>78.2</ele>
    <time>2023-08-27T16:41:12Z</time>
   </trkpt>
   <trkpt lat="43.6396200" lon="-79.3868160">
    <ele>78.2</ele>
    <time>2023-08-27T16:41:13Z</time>
   </trkpt>
   <trkpt lat="43.6396570" lon="-79.3868320">
    <ele>78.2</ele>
    <time>2023-08-27T16:41:14Z</time>
   </trkpt>
   <trkpt lat="43.6396710" lon="-79.3868390">
    <ele>78.2</ele>
    <time>2023-08-27T16:41:15Z</time>
   </trkpt>
   <trkpt lat="43.6396560" lon="-79.3868490">
    <ele>78.2</ele>
    <time>2023-08-27T16:41:16Z</time>
   </trkpt>
   <trkpt lat="43.6396470" lon="-79.3868590">
    <ele>78.2</ele>
    <time>2023-08-27T16:41:17Z</time>
   </trkpt>
   <trkpt lat="43.6396390" lon="-79.3868690">
    <ele>78.2</ele>
    <time>2023-08-27T16:41:18Z</time>
   </trkpt>
   <trkpt lat="43.6396310" lon="-79.3868790">
    <ele>78.2</ele>
    <time>2023-08-27T16:41:19Z</time>
   </trkpt>
   <trkpt lat="43.6396250" lon="-79.3868780">
    <ele>78.2</ele>
    <time>2023-08-27T16:41:20Z</time>
   </trkpt>
   <trkpt lat="43.6396190" lon="-79.3868780">
    <ele>78.2</ele>
    <time>2023-08-27T16:41:21Z</time>
   </trkpt>
   <trkpt lat="43.6396130" lon="-79.3868770">
    <ele>78.2</ele>
    <time>2023-08-27T16:41:22Z</time>
   </trkpt>
   <trkpt lat="43.6396070" lon="-79.3868770">
    <ele>78.2</ele>
    <time>2023-08-27T16:41:23Z</time>
   </trkpt>
   <trkpt lat="43.6396010" lon="-79.3868770">
    <ele>78.2</ele>
    <time>2023-08-27T16:41:24Z</time>
   </trkpt>
   <trkpt lat="43.6395950" lon="-79.3868760">
    <ele>78.2</ele>
    <time>2023-08-27T16:41:25Z</time>
   </trkpt>
   <trkpt lat="43.6395890" lon="-79.3868760">
    <ele>78.2</ele>
    <time>2023-08-27T16:41:26Z</time>
   </trkpt>
   <trkpt lat="43.6395830" lon="-79.3868750">
    <ele>78.2</ele>
    <time>2023-08-27T16:41:27Z</time>
   </trkpt>
   <trkpt lat="43.6395780" lon="-79.3868750">
    <ele>78.2</ele>
    <time>2023-08-27T16:41:28Z</time>
   </trkpt>
   <trkpt lat="43.6395720" lon="-79.3868740">
    <ele>78.2</ele>
    <time>2023-08-27T16:41:29Z</time>
   </trkpt>
   <trkpt lat="43.6395660" lon="-79.3868740">
    <ele>78.2</ele>
    <time>2023-08-27T16:41:30Z</time>
   </trkpt>
   <trkpt lat="43.6395600" lon="-79.3868730">
    <ele>78.2</ele>
    <time>2023-08-27T16:41:31Z</time>
   </trkpt>
   <trkpt lat="43.6395540" lon="-79.3868730">
    <ele>78.2</ele>
    <time>2023-08-27T16:41:32Z</time>
   </trkpt>
   <trkpt lat="43.6395480" lon="-79.3868720">
    <ele>78.2</ele>
    <time>2023-08-27T16:41:33Z</time>
   </trkpt>
   <trkpt lat="43.6395420" lon="-79.3868720">
    <ele>78.2</ele>
    <time>2023-08-27T16:41:34Z</time>
   </trkpt>
   <trkpt lat="43.6395360" lon="-79.3868710">
    <ele>78.2</ele>
    <time>2023-08-27T16:41:35Z</time>
   </trkpt>
   <trkpt lat="43.6395300" lon="-79.3868710">
    <ele>78.2</ele>
    <time>2023-08-27T16:41:36Z</time>
   </trkpt>
   <trkpt lat="43.6395250" lon="-79.3868700">
    <ele>78.2</ele>
    <time>2023-08-27T16:41:37Z</time>
   </trkpt>
   <trkpt lat="43.6395190" lon="-79.3868700">
    <ele>78.2</ele>
    <time>2023-08-27T16:41:38Z</time>
   </trkpt>
   <trkpt lat="43.6395130" lon="-79.3868690">
    <ele>78.2</ele>
    <time>2023-08-27T16:41:39Z</time>
   </trkpt>
   <trkpt lat="43.6395070" lon="-79.3868690">
    <ele>78.2</ele>
    <time>2023-08-27T16:41:40Z</time>
   </trkpt>
   <trkpt lat="43.6395010" lon="-79.3868680">
    <ele>78.2</ele>
    <time>2023-08-27T16:41:41Z</time>
   </trkpt>
   <trkpt lat="43.6394950" lon="-79.3868680">
    <ele>78.2</ele>
    <time>2023-08-27T16:41:42Z</time>
   </trkpt>
   <trkpt lat="43.6394890" lon="-79.3868680">
    <ele>78.2</ele>
    <time>2023-08-27T16:41:43Z</time>
   </trkpt>
   <trkpt lat="43.6394830" lon="-79.3868670">
    <ele>78.2</ele>
    <time>2023-08-27T16:41:44Z</time>
   </trkpt>
   <trkpt lat="43.6394910" lon="-79.3868710">
    <ele>78.2</ele>
    <time>2023-08-27T16:41:45Z</time>
   </trkpt>
   <trkpt lat="43.6395120" lon="-79.3868710">
    <ele>78.2</ele>
    <time>2023-08-27T16:41:46Z</time>
   </trkpt>
   <trkpt lat="43.6395210" lon="-79.3868730">
    <ele>78.2</ele>
    <time>2023-08-27T16:41:47Z</time>
   </trkpt>
   <trkpt lat="43.6395190" lon="-79.3868540">
    <ele>78.2</ele>
    <time>2023-08-27T16:41:48Z</time>
   </trkpt>
   <trkpt lat="43.6395390" lon="-79.3868440">
    <ele>78.2</ele>
    <time>2023-08-27T16:41:49Z</time>
   </trkpt>
   <trkpt lat="43.6396240" lon="-79.3868560">
    <ele>78.2</ele>
    <time>2023-08-27T16:41:50Z</time>
   </trkpt>
   <trkpt lat="43.6396670" lon="-79.3868970">
    <ele>78.2</ele>
    <time>2023-08-27T16:41:51Z</time>
   </trkpt>
   <trkpt lat="43.6397220" lon="-79.3869510">
    <ele>78.2</ele>
    <time>2023-08-27T16:41:52Z</time>
   </trkpt>
   <trkpt lat="43.6397510" lon="-79.3869930">
    <ele>78.2</ele>
    <time>2023-08-27T16:41:53Z</time>
   </trkpt>
   <trkpt lat="43.6397880" lon="-79.3870200">
    <ele>78.3</ele>
    <time>2023-08-27T16:41:54Z</time>
   </trkpt>
   <trkpt lat="43.6398250" lon="-79.3870650">
    <ele>78.3</ele>
    <time>2023-08-27T16:41:55Z</time>
   </trkpt>
   <trkpt lat="43.6398530" lon="-79.3869730">
    <ele>78.4</ele>
    <time>2023-08-27T16:41:56Z</time>
   </trkpt>
   <trkpt lat="43.6398940" lon="-79.3869920">
    <ele>78.4</ele>
    <time>2023-08-27T16:41:57Z</time>
   </trkpt>
   <trkpt lat="43.6399380" lon="-79.3870050">
    <ele>78.7</ele>
    <time>2023-08-27T16:41:58Z</time>
   </trkpt>
   <trkpt lat="43.6399730" lon="-79.3870080">
    <ele>78.7</ele>
    <time>2023-08-27T16:41:59Z</time>
   </trkpt>
   <trkpt lat="43.6400060" lon="-79.3870170">
    <ele>78.7</ele>
    <time>2023-08-27T16:42:00Z</time>
   </trkpt>
   <trkpt lat="43.6400350" lon="-79.3870040">
    <ele>78.7</ele>
    <time>2023-08-27T16:42:01Z</time>
   </trkpt>
   <trkpt lat="43.6400270" lon="-79.3870010">
    <ele>78.7</ele>
    <time>2023-08-27T16:42:02Z</time>
   </trkpt>
   <trkpt lat="43.6400370" lon="-79.3870000">
    <ele>78.7</ele>
    <time>2023-08-27T16:42:03Z</time>
   </trkpt>
   <trkpt lat="43.6400640" lon="-79.3870170">
    <ele>78.7</ele>
    <time>2023-08-27T16:42:04Z</time>
   </trkpt>
   <trkpt lat="43.6401020" lon="-79.3870480">
    <ele>78.7</ele>
    <time>2023-08-27T16:42:05Z</time>
   </trkpt>
   <trkpt lat="43.6401340" lon="-79.3870540">
    <ele>78.7</ele>
    <time>2023-08-27T16:42:06Z</time>
   </trkpt>
   <trkpt lat="43.6401480" lon="-79.3870550">
    <ele>78.7</ele>
    <time>2023-08-27T16:42:07Z</time>
   </trkpt>
   <trkpt lat="43.6401790" lon="-79.3870550">
    <ele>78.8</ele>
    <time>2023-08-27T16:42:08Z</time>
   </trkpt>
   <trkpt lat="43.6402130" lon="-79.3870820">
    <ele>78.8</ele>
    <time>2023-08-27T16:42:09Z</time>
   </trkpt>
   <trkpt lat="43.6402240" lon="-79.3870910">
    <ele>78.8</ele>
    <time>2023-08-27T16:42:10Z</time>
   </trkpt>
   <trkpt lat="43.6402510" lon="-79.3871230">
    <ele>78.8</ele>
    <time>2023-08-27T16:42:11Z</time>
   </trkpt>
   <trkpt lat="43.6402790" lon="-79.3871250">
    <ele>78.9</ele>
    <time>2023-08-27T16:42:12Z</time>
   </trkpt>
   <trkpt lat="43.6402920" lon="-79.3871240">
    <ele>78.9</ele>
    <time>2023-08-27T16:42:13Z</time>
   </trkpt>
   <trkpt lat="43.6403090" lon="-79.3871330">
    <ele>78.9</ele>
    <time>2023-08-27T16:42:14Z</time>
   </trkpt>
   <trkpt lat="43.6403390" lon="-79.3871510">
    <ele>79.0</ele>
    <time>2023-08-27T16:42:15Z</time>
   </trkpt>
   <trkpt lat="43.6403490" lon="-79.3871570">
    <ele>79.1</ele>
    <time>2023-08-27T16:42:16Z</time>
   </trkpt>
   <trkpt lat="43.6403720" lon="-79.3871440">
    <ele>79.1</ele>
    <time>2023-08-27T16:42:17Z</time>
   </trkpt>
   <trkpt lat="43.6403990" lon="-79.3871570">
    <ele>79.2</ele>
    <time>2023-08-27T16:42:18Z</time>
   </trkpt>
   <trkpt lat="43.6404250" lon="-79.3871750">
    <ele>79.3</ele>
    <time>2023-08-27T16:42:19Z</time>
   </trkpt>
   <trkpt lat="43.6404570" lon="-79.3872070">
    <ele>79.5</ele>
    <time>2023-08-27T16:42:20Z</time>
   </trkpt>
   <trkpt lat="43.6404700" lon="-79.3872160">
    <ele>79.5</ele>
    <time>2023-08-27T16:42:21Z</time>
   </trkpt>
   <trkpt lat="43.6404940" lon="-79.3872400">
    <ele>79.6</ele>
    <time>2023-08-27T16:42:22Z</time>
   </trkpt>
   <trkpt lat="43.6405260" lon="-79.3872510">
    <ele>79.8</ele>
    <time>2023-08-27T16:42:23Z</time>
   </trkpt>
   <trkpt lat="43.6405490" lon="-79.3872710">
    <ele>79.9</ele>
    <time>2023-08-27T16:42:24Z</time>
   </trkpt>
   <trkpt lat="43.6405550" lon="-79.3872450">
    <ele>80.0</ele>
    <time>2023-08-27T16:42:25Z</time>
   </trkpt>
   <trkpt lat="43.6405820" lon="-79.3872510">
    <ele>80.1</ele>
    <time>2023-08-27T16:42:26Z</time>
   </trkpt>
   <trkpt lat="43.6406160" lon="-79.3872710">
    <ele>80.3</ele>
    <time>2023-08-27T16:42:27Z</time>
   </trkpt>
   <trkpt lat="43.6406460" lon="-79.3872830">
    <ele>80.4</ele>
    <time>2023-08-27T16:42:28Z</time>
   </trkpt>
   <trkpt lat="43.6406780" lon="-79.3872940">
    <ele>80.5</ele>
    <time>2023-08-27T16:42:29Z</time>
   </trkpt>
   <trkpt lat="43.6407030" lon="-79.3873080">
    <ele>80.7</ele>
    <time>2023-08-27T16:42:30Z</time>
   </trkpt>
   <trkpt lat="43.6407290" lon="-79.3873250">
    <ele>80.8</ele>
    <time>2023-08-27T16:42:31Z</time>
   </trkpt>
   <trkpt lat="43.6407550" lon="-79.3873430">
    <ele>80.9</ele>
    <time>2023-08-27T16:42:32Z</time>
   </trkpt>
   <trkpt lat="43.6407830" lon="-79.3873570">
    <ele>81.0</ele>
    <time>2023-08-27T16:42:33Z</time>
   </trkpt>
   <trkpt lat="43.6407950" lon="-79.3873580">
    <ele>81.1</ele>
    <time>2023-08-27T16:42:34Z</time>
   </trkpt>
   <trkpt lat="43.6408180" lon="-79.3873810">
    <ele>81.2</ele>
    <time>2023-08-27T16:42:35Z</time>
   </trkpt>
   <trkpt lat="43.6408520" lon="-79.3874010">
    <ele>81.3</ele>
    <time>2023-08-27T16:42:36Z</time>
   </trkpt>
   <trkpt lat="43.6408680" lon="-79.3874040">
    <ele>81.4</ele>
    <time>2023-08-27T16:42:37Z</time>
   </trkpt>
   <trkpt lat="43.6408940" lon="-79.3874360">
    <ele>81.5</ele>
    <time>2023-08-27T16:42:38Z</time>
   </trkpt>
   <trkpt lat="43.6409240" lon="-79.3874610">
    <ele>81.6</ele>
    <time>2023-08-27T16:42:39Z</time>
   </trkpt>
   <trkpt lat="43.6409360" lon="-79.3874660">
    <ele>81.7</ele>
    <time>2023-08-27T16:42:40Z</time>
   </trkpt>
   <trkpt lat="43.6409680" lon="-79.3874510">
    <ele>81.7</ele>
    <time>2023-08-27T16:42:41Z</time>
   </trkpt>
   <trkpt lat="43.6409780" lon="-79.3874350">
    <ele>81.8</ele>
    <time>2023-08-27T16:42:42Z</time>
   </trkpt>
   <trkpt lat="43.6410040" lon="-79.3874130">
    <ele>81.8</ele>
    <time>2023-08-27T16:42:43Z</time>
   </trkpt>
   <trkpt lat="43.6410340" lon="-79.3873900">
    <ele>81.9</ele>
    <time>2023-08-27T16:42:44Z</time>
   </trkpt>
   <trkpt lat="43.6410590" lon="-79.3873460">
    <ele>81.9</ele>
    <time>2023-08-27T16:42:45Z</time>
   </trkpt>
   <trkpt lat="43.6410690" lon="-79.3873270">
    <ele>82.0</ele>
    <time>2023-08-27T16:42:46Z</time>
   </trkpt>
   <trkpt lat="43.6410900" lon="-79.3872810">
    <ele>82.0</ele>
    <time>2023-08-27T16:42:47Z</time>
   </trkpt>
   <trkpt lat="43.6410940" lon="-79.3872630">
    <ele>82.1</ele>
    <time>2023-08-27T16:42:48Z</time>
   </trkpt>
   <trkpt lat="43.6411140" lon="-79.3872300">
    <ele>82.1</ele>
    <time>2023-08-27T16:42:49Z</time>
   </trkpt>
   <trkpt lat="43.6411230" lon="-79.3872170">
    <ele>82.2</ele>
    <time>2023-08-27T16:42:50Z</time>
   </trkpt>
   <trkpt lat="43.6411440" lon="-79.3871880">
    <ele>82.2</ele>
    <time>2023-08-27T16:42:51Z</time>
   </trkpt>
   <trkpt lat="43.6411520" lon="-79.3871830">
    <ele>82.2</ele>
    <time>2023-08-27T16:42:52Z</time>
   </trkpt>
   <trkpt lat="43.6411760" lon="-79.3871500">
    <ele>82.3</ele>
    <time>2023-08-27T16:42:53Z</time>
   </trkpt>
   <trkpt lat="43.6411870" lon="-79.3871400">
    <ele>82.3</ele>
    <time>2023-08-27T16:42:54Z</time>
   </trkpt>
   <trkpt lat="43.6412210" lon="-79.3871260">
    <ele>82.3</ele>
    <time>2023-08-27T16:42:55Z</time>
   </trkpt>
   <trkpt lat="43.6412640" lon="-79.3871200">
    <ele>82.3</ele>
    <time>2023-08-27T16:42:56Z</time>
   </trkpt>
   <trkpt lat="43.6412870" lon="-79.3871010">
    <ele>82.4</ele>
    <time>2023-08-27T16:42:57Z</time>
   </trkpt>
   <trkpt lat="43.6413090" lon="-79.3870690">
    <ele>82.4</ele>
    <time>2023-08-27T16:42:58Z</time>
   </trkpt>
   <trkpt lat="43.6412920" lon="-79.3870280">
    <ele>82.4</ele>
    <time>2023-08-27T16:42:59Z</time>
   </trkpt>
   <trkpt lat="43.6412920" lon="-79.3870150">
    <ele>82.4</ele>
    <time>2023-08-27T16:43:00Z</time>
   </trkpt>
   <trkpt lat="43.6413210" lon="-79.3869810">
    <ele>82.5</ele>
    <time>2023-08-27T16:43:01Z</time>
   </trkpt>
   <trkpt lat="43.6413320" lon="-79.3869670">
    <ele>82.5</ele>
    <time>2023-08-27T16:43:02Z</time>
   </trkpt>
   <trkpt lat="43.6413610" lon="-79.3869320">
    <ele>82.5</ele>
    <time>2023-08-27T16:43:03Z</time>
   </trkpt>
   <trkpt lat="43.6413640" lon="-79.3868910">
    <ele>82.5</ele>
    <time>2023-08-27T16:43:04Z</time>
   </trkpt>
   <trkpt lat="43.6413710" lon="-79.3868790">
    <ele>82.5</ele>
    <time>2023-08-27T16:43:05Z</time>
   </trkpt>
   <trkpt lat="43.6413850" lon="-79.3868370">
    <ele>82.6</ele>
    <time>2023-08-27T16:43:06Z</time>
   </trkpt>
   <trkpt lat="43.6413910" lon="-79.3868260">
    <ele>82.6</ele>
    <time>2023-08-27T16:43:07Z</time>
   </trkpt>
   <trkpt lat="43.6413960" lon="-79.3868000">
    <ele>82.6</ele>
    <time>2023-08-27T16:43:08Z</time>
   </trkpt>
   <trkpt lat="43.6414040" lon="-79.3867810">
    <ele>82.6</ele>
    <time>2023-08-27T16:43:09Z</time>
   </trkpt>
   <trkpt lat="43.6414190" lon="-79.3867320">
    <ele>82.6</ele>
    <time>2023-08-27T16:43:10Z</time>
   </trkpt>
   <trkpt lat="43.6414260" lon="-79.3867160">
    <ele>82.6</ele>
    <time>2023-08-27T16:43:11Z</time>
   </trkpt>
   <trkpt lat="43.6414470" lon="-79.3866830">
    <ele>82.7</ele>
    <time>2023-08-27T16:43:12Z</time>
   </trkpt>
   <trkpt lat="43.6414700" lon="-79.3866510">
    <ele>82.7</ele>
    <time>2023-08-27T16:43:13Z</time>
   </trkpt>
   <trkpt lat="43.6414940" lon="-79.3866140">
    <ele>82.7</ele>
    <time>2023-08-27T16:43:14Z</time>
   </trkpt>
   <trkpt lat="43.6415050" lon="-79.3866000">
    <ele>82.7</ele>
    <time>2023-08-27T16:43:15Z</time>
   </trkpt>
   <trkpt lat="43.6415280" lon="-79.3865600">
    <ele>82.7</ele>
    <time>2023-08-27T16:43:16Z</time>
   </trkpt>
   <trkpt lat="43.6415400" lon="-79.3865450">
    <ele>82.8</ele>
    <time>2023-08-27T16:43:17Z</time>
   </trkpt>
   <trkpt lat="43.6415690" lon="-79.3865160">
    <ele>82.8</ele>
    <time>2023-08-27T16:43:18Z</time>
   </trkpt>
   <trkpt lat="43.6415970" lon="-79.3864870">
    <ele>82.8</ele>
    <time>2023-08-27T16:43:19Z</time>
   </trkpt>
   <trkpt lat="43.6416060" lon="-79.3864750">
    <ele>82.9</ele>
    <time>2023-08-27T16:43:20Z</time>
   </trkpt>
   <trkpt lat="43.6416210" lon="-79.3864380">
    <ele>82.9</ele>
    <time>2023-08-27T16:43:21Z</time>
   </trkpt>
   <trkpt lat="43.6416290" lon="-79.3863950">
    <ele>82.9</ele>
    <time>2023-08-27T16:43:22Z</time>
   </trkpt>
   <trkpt lat="43.6416340" lon="-79.3863820">
    <ele>82.9</ele>
    <time>2023-08-27T16:43:23Z</time>
   </trkpt>
   <trkpt lat="43.6416470" lon="-79.3863380">
    <ele>83.0</ele>
    <time>2023-08-27T16:43:24Z</time>
   </trkpt>
   <trkpt lat="43.6416560" lon="-79.3863260">
    <ele>83.0</ele>
    <time>2023-08-27T16:43:25Z</time>
   </trkpt>
   <trkpt lat="43.6416810" lon="-79.3862940">
    <ele>83.0</ele>
    <time>2023-08-27T16:43:26Z</time>
   </trkpt>
   <trkpt lat="43.6417010" lon="-79.3862650">
    <ele>83.1</ele>
    <time>2023-08-27T16:43:27Z</time>
   </trkpt>
   <trkpt lat="43.6417280" lon="-79.3862370">
    <ele>83.1</ele>
    <time>2023-08-27T16:43:28Z</time>
   </trkpt>
   <trkpt lat="43.6417530" lon="-79.3862070">
    <ele>83.1</ele>
    <time>2023-08-27T16:43:29Z</time>
   </trkpt>
   <trkpt lat="43.6417730" lon="-79.3861750">
    <ele>83.2</ele>
    <time>2023-08-27T16:43:30Z</time>
   </trkpt>
   <trkpt lat="43.6417810" lon="-79.3861330">
    <ele>83.2</ele>
    <time>2023-08-27T16:43:31Z</time>
   </trkpt>
   <trkpt lat="43.6418010" lon="-79.3861010">
    <ele>83.2</ele>
    <time>2023-08-27T16:43:32Z</time>
   </trkpt>
   <trkpt lat="43.6418340" lon="-79.3860720">
    <ele>83.2</ele>
    <time>2023-08-27T16:43:33Z</time>
   </trkpt>
   <trkpt lat="43.6418530" lon="-79.3860330">
    <ele>83.2</ele>
    <time>2023-08-27T16:43:34Z</time>
   </trkpt>
   <trkpt lat="43.6418670" lon="-79.3860220">
    <ele>83.2</ele>
    <time>2023-08-27T16:43:35Z</time>
   </trkpt>
   <trkpt lat="43.6418940" lon="-79.3859850">
    <ele>83.2</ele>
    <time>2023-08-27T16:43:36Z</time>
   </trkpt>
   <trkpt lat="43.6419140" lon="-79.3859590">
    <ele>83.2</ele>
    <time>2023-08-27T16:43:37Z</time>
   </trkpt>
   <trkpt lat="43.6419310" lon="-79.3859240">
    <ele>83.1</ele>
    <time>2023-08-27T16:43:38Z</time>
   </trkpt>
   <trkpt lat="43.6419330" lon="-79.3858990">
    <ele>83.1</ele>
    <time>2023-08-27T16:43:39Z</time>
   </trkpt>
   <trkpt lat="43.6419450" lon="-79.3858590">
    <ele>83.1</ele>
    <time>2023-08-27T16:43:40Z</time>
   </trkpt>
   <trkpt lat="43.6419650" lon="-79.3858180">
    <ele>83.1</ele>
    <time>2023-08-27T16:43:41Z</time>
   </trkpt>
   <trkpt lat="43.6419670" lon="-79.3857970">
    <ele>83.1</ele>
    <time>2023-08-27T16:43:42Z</time>
   </trkpt>
   <trkpt lat="43.6419630" lon="-79.3857480">
    <ele>83.1</ele>
    <time>2023-08-27T16:43:43Z</time>
   </trkpt>
   <trkpt lat="43.6419620" lon="-79.3857310">
    <ele>83.1</ele>
    <time>2023-08-27T16:43:44Z</time>
   </trkpt>
   <trkpt lat="43.6419660" lon="-79.3856890">
    <ele>83.0</ele>
    <time>2023-08-27T16:43:45Z</time>
   </trkpt>
   <trkpt lat="43.6419690" lon="-79.3856690">
    <ele>83.0</ele>
    <time>2023-08-27T16:43:46Z</time>
   </trkpt>
   <trkpt lat="43.6419740" lon="-79.3856260">
    <ele>83.0</ele>
    <time>2023-08-27T16:43:47Z</time>
   </trkpt>
   <trkpt lat="43.6419810" lon="-79.3855820">
    <ele>83.0</ele>
    <time>2023-08-27T16:43:48Z</time>
   </trkpt>
   <trkpt lat="43.6419980" lon="-79.3855430">
    <ele>82.9</ele>
    <time>2023-08-27T16:43:49Z</time>
   </trkpt>
   <trkpt lat="43.6420120" lon="-79.3855070">
    <ele>82.9</ele>
    <time>2023-08-27T16:43:50Z</time>
   </trkpt>
   <trkpt lat="43.6420270" lon="-79.3854570">
    <ele>82.8</ele>
    <time>2023-08-27T16:43:51Z</time>
   </trkpt>
   <trkpt lat="43.6420350" lon="-79.3854390">
    <ele>82.8</ele>
    <time>2023-08-27T16:43:52Z</time>
   </trkpt>
   <trkpt lat="43.6420540" lon="-79.3853950">
    <ele>82.8</ele>
    <time>2023-08-27T16:43:53Z</time>
   </trkpt>
   <trkpt lat="43.6420550" lon="-79.3853540">
    <ele>82.7</ele>
    <time>2023-08-27T16:43:54Z</time>
   </trkpt>
   <trkpt lat="43.6420610" lon="-79.3853040">
    <ele>82.7</ele>
    <time>2023-08-27T16:43:55Z</time>
   </trkpt>
   <trkpt lat="43.6420590" lon="-79.3852890">
    <ele>82.7</ele>
    <time>2023-08-27T16:43:56Z</time>
   </trkpt>
   <trkpt lat="43.6420510" lon="-79.3852630">
    <ele>82.6</ele>
    <time>2023-08-27T16:43:57Z</time>
   </trkpt>
   <trkpt lat="43.6420500" lon="-79.3852550">
    <ele>82.6</ele>
    <time>2023-08-27T16:43:58Z</time>
   </trkpt>
   <trkpt lat="43.6420490" lon="-79.3852470">
    <ele>82.6</ele>
    <time>2023-08-27T16:43:59Z</time>
   </trkpt>
   <trkpt lat="43.6420490" lon="-79.3852390">
    <ele>82.6</ele>
    <time>2023-08-27T16:44:00Z</time>
   </trkpt>
   <trkpt lat="43.6420480" lon="-79.3852150">
    <ele>82.6</ele>
    <time>2023-08-27T16:44:01Z</time>
   </trkpt>
   <trkpt lat="43.6420600" lon="-79.3851950">
    <ele>82.6</ele>
    <time>2023-08-27T16:44:02Z</time>
   </trkpt>
   <trkpt lat="43.6420380" lon="-79.3851670">
    <ele>82.5</ele>
    <time>2023-08-27T16:44:03Z</time>
   </trkpt>
   <trkpt lat="43.6420390" lon="-79.3851010">
    <ele>82.4</ele>
    <time>2023-08-27T16:44:04Z</time>
   </trkpt>
   <trkpt lat="43.6420170" lon="-79.3850580">
    <ele>82.4</ele>
    <time>2023-08-27T16:44:05Z</time>
   </trkpt>
   <trkpt lat="43.6420160" lon="-79.3850300">
    <ele>82.4</ele>
    <time>2023-08-27T16:44:06Z</time>
   </trkpt>
   <trkpt lat="43.6420450" lon="-79.3849760">
    <ele>82.3</ele>
    <time>2023-08-27T16:44:07Z</time>
   </trkpt>
   <trkpt lat="43.6420290" lon="-79.3849320">
    <ele>82.2</ele>
    <time>2023-08-27T16:44:08Z</time>
   </trkpt>
   <trkpt lat="43.6420250" lon="-79.3848810">
    <ele>82.1</ele>
    <time>2023-08-27T16:44:09Z</time>
   </trkpt>
   <trkpt lat="43.6420240" lon="-79.3848420">
    <ele>82.1</ele>
    <time>2023-08-27T16:44:10Z</time>
   </trkpt>
   <trkpt lat="43.6420210" lon="-79.3848000">
    <ele>82.0</ele>
    <time>2023-08-27T16:44:11Z</time>
   </trkpt>
   <trkpt lat="43.6420070" lon="-79.3847590">
    <ele>81.9</ele>
    <time>2023-08-27T16:44:12Z</time>
   </trkpt>
   <trkpt lat="43.6420060" lon="-79.3847400">
    <ele>81.9</ele>
    <time>2023-08-27T16:44:13Z</time>
   </trkpt>
   <trkpt lat="43.6420090" lon="-79.3846980">
    <ele>81.8</ele>
    <time>2023-08-27T16:44:14Z</time>
   </trkpt>
   <trkpt lat="43.6420070" lon="-79.3846880">
    <ele>81.8</ele>
    <time>2023-08-27T16:44:15Z</time>
   </trkpt>
   <trkpt lat="43.6420120" lon="-79.3846480">
    <ele>81.7</ele>
    <time>2023-08-27T16:44:16Z</time>
   </trkpt>
   <trkpt lat="43.6420140" lon="-79.3846310">
    <ele>81.7</ele>
    <time>2023-08-27T16:44:17Z</time>
   </trkpt>
   <trkpt lat="43.6420150" lon="-79.3846150">
    <ele>81.6</ele>
    <time>2023-08-27T16:44:18Z</time>
   </trkpt>
   <trkpt lat="43.6420310" lon="-79.3845710">
    <ele>81.5</ele>
    <time>2023-08-27T16:44:19Z</time>
   </trkpt>
   <trkpt lat="43.6420360" lon="-79.3845480">
    <ele>81.5</ele>
    <time>2023-08-27T16:44:20Z</time>
   </trkpt>
   <trkpt lat="43.6420370" lon="-79.3845300">
    <ele>81.4</ele>
    <time>2023-08-27T16:44:21Z</time>
   </trkpt>
   <trkpt lat="43.6420430" lon="-79.3845080">
    <ele>81.4</ele>
    <time>2023-08-27T16:44:22Z</time>
   </trkpt>
   <trkpt lat="43.6420460" lon="-79.3844600">
    <ele>81.3</ele>
    <time>2023-08-27T16:44:23Z</time>
   </trkpt>
   <trkpt lat="43.6420540" lon="-79.3844350">
    <ele>81.2</ele>
    <time>2023-08-27T16:44:24Z</time>
   </trkpt>
   <trkpt lat="43.6420710" lon="-79.3844170">
    <ele>81.2</ele>
    <time>2023-08-27T16:44:25Z</time>
   </trkpt>
   <trkpt lat="43.6420820" lon="-79.3844080">
    <ele>81.1</ele>
    <time>2023-08-27T16:44:26Z</time>
   </trkpt>
   <trkpt lat="43.6420930" lon="-79.3843980">
    <ele>81.1</ele>
    <time>2023-08-27T16:44:27Z</time>
   </trkpt>
   <trkpt lat="43.6421550" lon="-79.3844120">
    <ele>80.9</ele>
    <time>2023-08-27T16:44:28Z</time>
   </trkpt>
   <trkpt lat="43.6422030" lon="-79.3843980">
    <ele>80.9</ele>
    <time>2023-08-27T16:44:29Z</time>
   </trkpt>
   <trkpt lat="43.6422380" lon="-79.3843770">
    <ele>80.9</ele>
    <time>2023-08-27T16:44:30Z</time>
   </trkpt>
   <trkpt lat="43.6422790" lon="-79.3843730">
    <ele>79.9</ele>
    <time>2023-08-27T16:44:31Z</time>
   </trkpt>
   <trkpt lat="43.6423090" lon="-79.3843490">
    <ele>79.9</ele>
    <time>2023-08-27T16:44:32Z</time>
   </trkpt>
   <trkpt lat="43.6423140" lon="-79.3843300">
    <ele>79.9</ele>
    <time>2023-08-27T16:44:33Z</time>
   </trkpt>
   <trkpt lat="43.6423240" lon="-79.3843260">
    <ele>79.9</ele>
    <time>2023-08-27T16:44:34Z</time>
   </trkpt>
   <trkpt lat="43.6423340" lon="-79.3843310">
    <ele>79.8</ele>
    <time>2023-08-27T16:44:35Z</time>
   </trkpt>
   <trkpt lat="43.6423590" lon="-79.3843420">
    <ele>79.8</ele>
    <time>2023-08-27T16:44:36Z</time>
   </trkpt>
   <trkpt lat="43.6423800" lon="-79.3843410">
    <ele>79.7</ele>
    <time>2023-08-27T16:44:37Z</time>
   </trkpt>
   <trkpt lat="43.6424010" lon="-79.3843400">
    <ele>79.6</ele>
    <time>2023-08-27T16:44:38Z</time>
   </trkpt>
   <trkpt lat="43.6424360" lon="-79.3843420">
    <ele>79.6</ele>
    <time>2023-08-27T16:44:39Z</time>
   </trkpt>
   <trkpt lat="43.6424710" lon="-79.3843170">
    <ele>79.5</ele>
    <time>2023-08-27T16:44:40Z</time>
   </trkpt>
   <trkpt lat="43.6425060" lon="-79.3843230">
    <ele>79.3</ele>
    <time>2023-08-27T16:44:41Z</time>
   </trkpt>
   <trkpt lat="43.6425380" lon="-79.3843390">
    <ele>79.2</ele>
    <time>2023-08-27T16:44:42Z</time>
   </trkpt>
   <trkpt lat="43.6425760" lon="-79.3843580">
    <ele>79.0</ele>
    <time>2023-08-27T16:44:43Z</time>
   </trkpt>
   <trkpt lat="43.6426050" lon="-79.3843490">
    <ele>78.9</ele>
    <time>2023-08-27T16:44:44Z</time>
   </trkpt>
   <trkpt lat="43.6426480" lon="-79.3843510">
    <ele>78.8</ele>
    <time>2023-08-27T16:44:45Z</time>
   </trkpt>
   <trkpt lat="43.6426420" lon="-79.3843120">
    <ele>78.8</ele>
    <time>2023-08-27T16:44:46Z</time>
   </trkpt>
   <trkpt lat="43.6426690" lon="-79.3842940">
    <ele>78.7</ele>
    <time>2023-08-27T16:44:47Z</time>
   </trkpt>
   <trkpt lat="43.6427070" lon="-79.3842670">
    <ele>78.6</ele>
    <time>2023-08-27T16:44:48Z</time>
   </trkpt>
   <trkpt lat="43.6427280" lon="-79.3842650">
    <ele>78.5</ele>
    <time>2023-08-27T16:44:49Z</time>
   </trkpt>
   <trkpt lat="43.6427720" lon="-79.3842760">
    <ele>78.4</ele>
    <time>2023-08-27T16:44:50Z</time>
   </trkpt>
   <trkpt lat="43.6428150" lon="-79.3842930">
    <ele>78.3</ele>
    <time>2023-08-27T16:44:51Z</time>
   </trkpt>
   <trkpt lat="43.6428470" lon="-79.3843160">
    <ele>78.2</ele>
    <time>2023-08-27T16:44:52Z</time>
   </trkpt>
   <trkpt lat="43.6428690" lon="-79.3843460">
    <ele>78.1</ele>
    <time>2023-08-27T16:44:53Z</time>
   </trkpt>
   <trkpt lat="43.6428710" lon="-79.3842960">
    <ele>78.1</ele>
    <time>2023-08-27T16:44:54Z</time>
   </trkpt>
   <trkpt lat="43.6428940" lon="-79.3843050">
    <ele>78.0</ele>
    <time>2023-08-27T16:44:55Z</time>
   </trkpt>
   <trkpt lat="43.6429050" lon="-79.3843200">
    <ele>78.0</ele>
    <time>2023-08-27T16:44:56Z</time>
   </trkpt>
   <trkpt lat="43.6429460" lon="-79.3843370">
    <ele>77.9</ele>
    <time>2023-08-27T16:44:57Z</time>
   </trkpt>
   <trkpt lat="43.6429900" lon="-79.3843740">
    <ele>77.8</ele>
    <time>2023-08-27T16:44:58Z</time>
   </trkpt>
   <trkpt lat="43.6430210" lon="-79.3843800">
    <ele>77.8</ele>
    <time>2023-08-27T16:44:59Z</time>
   </trkpt>
   <trkpt lat="43.6430630" lon="-79.3843360">
    <ele>77.7</ele>
    <time>2023-08-27T16:45:00Z</time>
   </trkpt>
   <trkpt lat="43.6431000" lon="-79.3843240">
    <ele>77.6</ele>
    <time>2023-08-27T16:45:01Z</time>
   </trkpt>
   <trkpt lat="43.6431160" lon="-79.3843630">
    <ele>77.6</ele>
    <time>2023-08-27T16:45:02Z</time>
   </trkpt>
   <trkpt lat="43.6431500" lon="-79.3843940">
    <ele>77.5</ele>
    <time>2023-08-27T16:45:03Z</time>
   </trkpt>
   <trkpt lat="43.6431920" lon="-79.3844140">
    <ele>77.5</ele>
    <time>2023-08-27T16:45:04Z</time>
   </trkpt>
   <trkpt lat="43.6432180" lon="-79.3844370">
    <ele>77.5</ele>
    <time>2023-08-27T16:45:05Z</time>
   </trkpt>
   <trkpt lat="43.6432440" lon="-79.3844510">
    <ele>77.5</ele>
    <time>2023-08-27T16:45:06Z</time>
   </trkpt>
   <trkpt lat="43.6432790" lon="-79.3844790">
    <ele>77.5</ele>
    <time>2023-08-27T16:45:07Z</time>
   </trkpt>
   <trkpt lat="43.6432900" lon="-79.3844920">
    <ele>77.5</ele>
    <time>2023-08-27T16:45:08Z</time>
   </trkpt>
   <trkpt lat="43.6433270" lon="-79.3845140">
    <ele>77.5</ele>
    <time>2023-08-27T16:45:09Z</time>
   </trkpt>
   <trkpt lat="43.6433390" lon="-79.3845200">
    <ele>77.5</ele>
    <time>2023-08-27T16:45:10Z</time>
   </trkpt>
   <trkpt lat="43.6433870" lon="-79.3845470">
    <ele>77.5</ele>
    <time>2023-08-27T16:45:12Z</time>
   </trkpt>
   <trkpt lat="43.6434150" lon="-79.3845610">
    <ele>77.5</ele>
    <time>2023-08-27T16:45:13Z</time>
   </trkpt>
   <trkpt lat="43.6434430" lon="-79.3845730">
    <ele>77.5</ele>
    <time>2023-08-27T16:45:14Z</time>
   </trkpt>
   <trkpt lat="43.6434730" lon="-79.3845910">
    <ele>77.5</ele>
    <time>2023-08-27T16:45:15Z</time>
   </trkpt>
   <trkpt lat="43.6434810" lon="-79.3845970">
    <ele>77.5</ele>
    <time>2023-08-27T16:45:16Z</time>
   </trkpt>
   <trkpt lat="43.6435120" lon="-79.3846120">
    <ele>77.4</ele>
    <time>2023-08-27T16:45:17Z</time>
   </trkpt>
   <trkpt lat="43.6435240" lon="-79.3846180">
    <ele>77.4</ele>
    <time>2023-08-27T16:45:18Z</time>
   </trkpt>
   <trkpt lat="43.6435510" lon="-79.3846330">
    <ele>77.4</ele>
    <time>2023-08-27T16:45:19Z</time>
   </trkpt>
   <trkpt lat="43.6435610" lon="-79.3846390">
    <ele>77.4</ele>
    <time>2023-08-27T16:45:20Z</time>
   </trkpt>
   <trkpt lat="43.6435810" lon="-79.3846480">
    <ele>77.4</ele>
    <time>2023-08-27T16:45:22Z</time>
   </trkpt>
   <trkpt lat="43.6444140" lon="-79.3847150">
    <ele>79.3</ele>
    <time>2023-08-27T16:45:27Z</time>
   </trkpt>
   <trkpt lat="43.6442660" lon="-79.3857830">
    <ele>80.7</ele>
    <time>2023-08-27T16:45:28Z</time>
   </trkpt>
   <trkpt lat="43.6450680" lon="-79.3844720">
    <ele>80.2</ele>
    <time>2023-08-27T16:45:29Z</time>
   </trkpt>
   <trkpt lat="43.6450420" lon="-79.3845000">
    <ele>80.8</ele>
    <time>2023-08-27T16:45:30Z</time>
   </trkpt>
   <trkpt lat="43.6450320" lon="-79.3845310">
    <ele>81.2</ele>
    <time>2023-08-27T16:45:31Z</time>
   </trkpt>
   <trkpt lat="43.6450340" lon="-79.3845480">
    <ele>81.7</ele>
    <time>2023-08-27T16:45:32Z</time>
   </trkpt>
   <trkpt lat="43.6450040" lon="-79.3845960">
    <ele>82.2</ele>
    <time>2023-08-27T16:45:33Z</time>
   </trkpt>
   <trkpt lat="43.6449580" lon="-79.3846400">
    <ele>82.2</ele>
    <time>2023-08-27T16:45:34Z</time>
   </trkpt>
   <trkpt lat="43.6449200" lon="-79.3847050">
    <ele>82.2</ele>
    <time>2023-08-27T16:45:35Z</time>
   </trkpt>
   <trkpt lat="43.6449040" lon="-79.3847730">
    <ele>82.2</ele>
    <time>2023-08-27T16:45:36Z</time>
   </trkpt>
   <trkpt lat="43.6448790" lon="-79.3848090">
    <ele>82.2</ele>
    <time>2023-08-27T16:45:37Z</time>
   </trkpt>
   <trkpt lat="43.6448770" lon="-79.3848260">
    <ele>82.2</ele>
    <time>2023-08-27T16:45:38Z</time>
   </trkpt>
   <trkpt lat="43.6448360" lon="-79.3848320">
    <ele>82.1</ele>
    <time>2023-08-27T16:45:39Z</time>
   </trkpt>
   <trkpt lat="43.6448130" lon="-79.3848260">
    <ele>82.1</ele>
    <time>2023-08-27T16:45:40Z</time>
   </trkpt>
   <trkpt lat="43.6447320" lon="-79.3847140">
    <ele>81.8</ele>
    <time>2023-08-27T16:45:41Z</time>
   </trkpt>
   <trkpt lat="43.6446970" lon="-79.3847090">
    <ele>81.6</ele>
    <time>2023-08-27T16:45:42Z</time>
   </trkpt>
   <trkpt lat="43.6446820" lon="-79.3846990">
    <ele>81.5</ele>
    <time>2023-08-27T16:45:43Z</time>
   </trkpt>
   <trkpt lat="43.6446510" lon="-79.3847570">
    <ele>81.1</ele>
    <time>2023-08-27T16:45:44Z</time>
   </trkpt>
   <trkpt lat="43.6446120" lon="-79.3847630">
    <ele>80.9</ele>
    <time>2023-08-27T16:45:45Z</time>
   </trkpt>
   <trkpt lat="43.6446000" lon="-79.3847630">
    <ele>80.8</ele>
    <time>2023-08-27T16:45:46Z</time>
   </trkpt>
   <trkpt lat="43.6445650" lon="-79.3847640">
    <ele>80.6</ele>
    <time>2023-08-27T16:45:47Z</time>
   </trkpt>
   <trkpt lat="43.6445530" lon="-79.3847620">
    <ele>80.5</ele>
    <time>2023-08-27T16:45:48Z</time>
   </trkpt>
   <trkpt lat="43.6445230" lon="-79.3847530">
    <ele>80.4</ele>
    <time>2023-08-27T16:45:49Z</time>
   </trkpt>
   <trkpt lat="43.6445130" lon="-79.3847430">
    <ele>80.3</ele>
    <time>2023-08-27T16:45:50Z</time>
   </trkpt>
   <trkpt lat="43.6444050" lon="-79.3847130">
    <ele>79.6</ele>
    <time>2023-08-27T16:45:51Z</time>
   </trkpt>
   <trkpt lat="43.6443150" lon="-79.3846950">
    <ele>79.1</ele>
    <time>2023-08-27T16:45:52Z</time>
   </trkpt>
   <trkpt lat="43.6442250" lon="-79.3846770">
    <ele>78.7</ele>
    <time>2023-08-27T16:45:53Z</time>
   </trkpt>
   <trkpt lat="43.6442000" lon="-79.3846940">
    <ele>78.7</ele>
    <time>2023-08-27T16:45:54Z</time>
   </trkpt>
   <trkpt lat="43.6441840" lon="-79.3846890">
    <ele>78.7</ele>
    <time>2023-08-27T16:45:55Z</time>
   </trkpt>
   <trkpt lat="43.6441790" lon="-79.3846810">
    <ele>78.7</ele>
    <time>2023-08-27T16:45:56Z</time>
   </trkpt>
   <trkpt lat="43.6441720" lon="-79.3846720">
    <ele>78.7</ele>
    <time>2023-08-27T16:45:57Z</time>
   </trkpt>
   <trkpt lat="43.6441720" lon="-79.3846730">
    <ele>78.7</ele>
    <time>2023-08-27T16:45:58Z</time>
   </trkpt>
   <trkpt lat="43.6441780" lon="-79.3846770">
    <ele>78.7</ele>
    <time>2023-08-27T16:45:59Z</time>
   </trkpt>
   <trkpt lat="43.6441760" lon="-79.3846820">
    <ele>78.7</ele>
    <time>2023-08-27T16:46:00Z</time>
   </trkpt>
   <trkpt lat="43.6441990" lon="-79.3846800">
    <ele>78.7</ele>
    <time>2023-08-27T16:46:01Z</time>
   </trkpt>
   <trkpt lat="43.6441830" lon="-79.3846710">
    <ele>78.7</ele>
    <time>2023-08-27T16:46:02Z</time>
   </trkpt>
   <trkpt lat="43.6441680" lon="-79.3846700">
    <ele>78.7</ele>
    <time>2023-08-27T16:46:03Z</time>
   </trkpt>
   <trkpt lat="43.6441920" lon="-79.3846420">
    <ele>78.7</ele>
    <time>2023-08-27T16:46:04Z</time>
   </trkpt>
   <trkpt lat="43.6442090" lon="-79.3846360">
    <ele>78.7</ele>
    <time>2023-08-27T16:46:05Z</time>
   </trkpt>
   <trkpt lat="43.6442400" lon="-79.3846350">
    <ele>78.8</ele>
    <time>2023-08-27T16:46:06Z</time>
   </trkpt>
   <trkpt lat="43.6443960" lon="-79.3847110">
    <ele>79.5</ele>
    <time>2023-08-27T16:46:07Z</time>
   </trkpt>
   <trkpt lat="43.6444060" lon="-79.3847180">
    <ele>79.6</ele>
    <time>2023-08-27T16:46:08Z</time>
   </trkpt>
   <trkpt lat="43.6444270" lon="-79.3847100">
    <ele>79.8</ele>
    <time>2023-08-27T16:46:09Z</time>
   </trkpt>
   <trkpt lat="43.6444450" lon="-79.3847220">
    <ele>79.9</ele>
    <time>2023-08-27T16:46:10Z</time>
   </trkpt>
   <trkpt lat="43.6444630" lon="-79.3847350">
    <ele>80.0</ele>
    <time>2023-08-27T16:46:11Z</time>
   </trkpt>
   <trkpt lat="43.6444820" lon="-79.3847470">
    <ele>80.2</ele>
    <time>2023-08-27T16:46:13Z</time>
   </trkpt>
   <trkpt lat="43.6445000" lon="-79.3847590">
    <ele>80.3</ele>
    <time>2023-08-27T16:46:14Z</time>
   </trkpt>
   <trkpt lat="43.6445180" lon="-79.3847710">
    <ele>80.4</ele>
    <time>2023-08-27T16:46:15Z</time>
   </trkpt>
   <trkpt lat="43.6445360" lon="-79.3847840">
    <ele>80.5</ele>
    <time>2023-08-27T16:46:16Z</time>
   </trkpt>
   <trkpt lat="43.6445540" lon="-79.3847960">
    <ele>80.7</ele>
    <time>2023-08-27T16:46:17Z</time>
   </trkpt>
   <trkpt lat="43.6445720" lon="-79.3848080">
    <ele>80.8</ele>
    <time>2023-08-27T16:46:18Z</time>
   </trkpt>
   <trkpt lat="43.6445820" lon="-79.3848170">
    <ele>80.9</ele>
    <time>2023-08-27T16:46:19Z</time>
   </trkpt>
   <trkpt lat="43.6446030" lon="-79.3848130">
    <ele>81.0</ele>
    <time>2023-08-27T16:46:20Z</time>
   </trkpt>
   <trkpt lat="43.6446200" lon="-79.3848120">
    <ele>81.1</ele>
    <time>2023-08-27T16:46:21Z</time>
   </trkpt>
   <trkpt lat="43.6446310" lon="-79.3848180">
    <ele>81.2</ele>
    <time>2023-08-27T16:46:22Z</time>
   </trkpt>
   <trkpt lat="43.6446460" lon="-79.3848450">
    <ele>81.4</ele>
    <time>2023-08-27T16:46:23Z</time>
   </trkpt>
   <trkpt lat="43.6446520" lon="-79.3848640">
    <ele>81.5</ele>
    <time>2023-08-27T16:46:24Z</time>
   </trkpt>
   <trkpt lat="43.6446580" lon="-79.3848830">
    <ele>81.6</ele>
    <time>2023-08-27T16:46:25Z</time>
   </trkpt>
   <trkpt lat="43.6446630" lon="-79.3849020">
    <ele>81.7</ele>
    <time>2023-08-27T16:46:26Z</time>
   </trkpt>
   <trkpt lat="43.6446690" lon="-79.3849210">
    <ele>81.6</ele>
    <time>2023-08-27T16:46:27Z</time>
   </trkpt>
   <trkpt lat="43.6446900" lon="-79.3849780">
    <ele>81.7</ele>
    <time>2023-08-27T16:46:28Z</time>
   </trkpt>
   <trkpt lat="43.6447040" lon="-79.3850230">
    <ele>81.7</ele>
    <time>2023-08-27T16:46:29Z</time>
   </trkpt>
   <trkpt lat="43.6447320" lon="-79.3850680">
    <ele>82.1</ele>
    <time>2023-08-27T16:46:30Z</time>
   </trkpt>
   <trkpt lat="43.6447510" lon="-79.3850850">
    <ele>82.1</ele>
    <time>2023-08-27T16:46:31Z</time>
   </trkpt>
   <trkpt lat="43.6448290" lon="-79.3851810">
    <ele>82.3</ele>
    <time>2023-08-27T16:46:32Z</time>
   </trkpt>
   <trkpt lat="43.6448550" lon="-79.3852230">
    <ele>82.3</ele>
    <time>2023-08-27T16:46:33Z</time>
   </trkpt>
   <trkpt lat="43.6448620" lon="-79.3852400">
    <ele>82.3</ele>
    <time>2023-08-27T16:46:34Z</time>
   </trkpt>
   <trkpt lat="43.6448910" lon="-79.3853050">
    <ele>82.3</ele>
    <time>2023-08-27T16:46:35Z</time>
   </trkpt>
   <trkpt lat="43.6449070" lon="-79.3853380">
    <ele>82.4</ele>
    <time>2023-08-27T16:46:36Z</time>
   </trkpt>
   <trkpt lat="43.6449160" lon="-79.3853780">
    <ele>82.4</ele>
    <time>2023-08-27T16:46:37Z</time>
   </trkpt>
   <trkpt lat="43.6449370" lon="-79.3854210">
    <ele>82.4</ele>
    <time>2023-08-27T16:46:38Z</time>
   </trkpt>
   <trkpt lat="43.6449470" lon="-79.3854380">
    <ele>82.4</ele>
    <time>2023-08-27T16:46:39Z</time>
   </trkpt>
   <trkpt lat="43.6449740" lon="-79.3854540">
    <ele>82.5</ele>
    <time>2023-08-27T16:46:40Z</time>
   </trkpt>
   <trkpt lat="43.6450000" lon="-79.3854890">
    <ele>82.5</ele>
    <time>2023-08-27T16:46:41Z</time>
   </trkpt>
   <trkpt lat="43.6450100" lon="-79.3854990">
    <ele>82.5</ele>
    <time>2023-08-27T16:46:42Z</time>
   </trkpt>
   <trkpt lat="43.6450400" lon="-79.3855180">
    <ele>82.3</ele>
    <time>2023-08-27T16:46:43Z</time>
   </trkpt>
   <trkpt lat="43.6450530" lon="-79.3855230">
    <ele>82.3</ele>
    <time>2023-08-27T16:46:44Z</time>
   </trkpt>
   <trkpt lat="43.6450870" lon="-79.3855170">
    <ele>82.3</ele>
    <time>2023-08-27T16:46:45Z</time>
   </trkpt>
   <trkpt lat="43.6451170" lon="-79.3855090">
    <ele>82.3</ele>
    <time>2023-08-27T16:46:46Z</time>
   </trkpt>
   <trkpt lat="43.6453470" lon="-79.3853380">
    <ele>83.1</ele>
    <time>2023-08-27T16:46:47Z</time>
   </trkpt>
   <trkpt lat="43.6454310" lon="-79.3853120">
    <ele>83.3</ele>
    <time>2023-08-27T16:46:48Z</time>
   </trkpt>
   <trkpt lat="43.6454750" lon="-79.3852960">
    <ele>83.4</ele>
    <time>2023-08-27T16:46:49Z</time>
   </trkpt>
   <trkpt lat="43.6455050" lon="-79.3853070">
    <ele>83.4</ele>
    <time>2023-08-27T16:46:50Z</time>
   </trkpt>
   <trkpt lat="43.6456140" lon="-79.3853580">
    <ele>83.6</ele>
    <time>2023-08-27T16:46:51Z</time>
   </trkpt>
   <trkpt lat="43.6456460" lon="-79.3853790">
    <ele>83.6</ele>
    <time>2023-08-27T16:46:52Z</time>
   </trkpt>
   <trkpt lat="43.6456760" lon="-79.3853820">
    <ele>83.7</ele>
    <time>2023-08-27T16:46:53Z</time>
   </trkpt>
   <trkpt lat="43.6457090" lon="-79.3853850">
    <ele>83.7</ele>
    <time>2023-08-27T16:46:54Z</time>
   </trkpt>
   <trkpt lat="43.6457300" lon="-79.3853900">
    <ele>83.8</ele>
    <time>2023-08-27T16:46:55Z</time>
   </trkpt>
   <trkpt lat="43.6457400" lon="-79.3854080">
    <ele>83.8</ele>
    <time>2023-08-27T16:46:56Z</time>
   </trkpt>
   <trkpt lat="43.6457580" lon="-79.3854180">
    <ele>83.8</ele>
    <time>2023-08-27T16:46:57Z</time>
   </trkpt>
   <trkpt lat="43.6457650" lon="-79.3854200">
    <ele>83.8</ele>
    <time>2023-08-27T16:46:58Z</time>
   </trkpt>
   <trkpt lat="43.6457730" lon="-79.3854230">
    <ele>83.9</ele>
    <time>2023-08-27T16:46:59Z</time>
   </trkpt>
   <trkpt lat="43.6457800" lon="-79.3854250">
    <ele>83.9</ele>
    <time>2023-08-27T16:47:00Z</time>
   </trkpt>
   <trkpt lat="43.6458100" lon="-79.3854340">
    <ele>83.9</ele>
    <time>2023-08-27T16:47:01Z</time>
   </trkpt>
   <trkpt lat="43.6458050" lon="-79.3854340">
    <ele>83.9</ele>
    <time>2023-08-27T16:47:02Z</time>
   </trkpt>
   <trkpt lat="43.6458070" lon="-79.3854340">
    <ele>83.9</ele>
    <time>2023-08-27T16:47:03Z</time>
   </trkpt>
   <trkpt lat="43.6458040" lon="-79.3854320">
    <ele>83.9</ele>
    <time>2023-08-27T16:47:04Z</time>
   </trkpt>
   <trkpt lat="43.6457980" lon="-79.3854330">
    <ele>83.9</ele>
    <time>2023-08-27T16:47:05Z</time>
   </trkpt>
   <trkpt lat="43.6457930" lon="-79.3854340">
    <ele>84.0</ele>
    <time>2023-08-27T16:47:06Z</time>
   </trkpt>
   <trkpt lat="43.6458250" lon="-79.3854380">
    <ele>84.0</ele>
    <time>2023-08-27T16:47:07Z</time>
   </trkpt>
   <trkpt lat="43.6458250" lon="-79.3854450">
    <ele>84.0</ele>
    <time>2023-08-27T16:47:08Z</time>
   </trkpt>
   <trkpt lat="43.6458090" lon="-79.3854510">
    <ele>84.0</ele>
    <time>2023-08-27T16:47:09Z</time>
   </trkpt>
   <trkpt lat="43.6457980" lon="-79.3854610">
    <ele>84.1</ele>
    <time>2023-08-27T16:47:10Z</time>
   </trkpt>
   <trkpt lat="43.6458010" lon="-79.3854720">
    <ele>84.1</ele>
    <time>2023-08-27T16:47:11Z</time>
   </trkpt>
   <trkpt lat="43.6458150" lon="-79.3854990">
    <ele>84.1</ele>
    <time>2023-08-27T16:47:12Z</time>
   </trkpt>
   <trkpt lat="43.6458300" lon="-79.3855260">
    <ele>84.2</ele>
    <time>2023-08-27T16:47:13Z</time>
   </trkpt>
   <trkpt lat="43.6458450" lon="-79.3855520">
    <ele>84.2</ele>
    <time>2023-08-27T16:47:14Z</time>
   </trkpt>
   <trkpt lat="43.6458600" lon="-79.3855790">
    <ele>84.2</ele>
    <time>2023-08-27T16:47:15Z</time>
   </trkpt>
   <trkpt lat="43.6458750" lon="-79.3856050">
    <ele>84.3</ele>
    <time>2023-08-27T16:47:16Z</time>
   </trkpt>
   <trkpt lat="43.6458900" lon="-79.3856320">
    <ele>84.3</ele>
    <time>2023-08-27T16:47:17Z</time>
   </trkpt>
   <trkpt lat="43.6459260" lon="-79.3856620">
    <ele>84.3</ele>
    <time>2023-08-27T16:47:18Z</time>
   </trkpt>
   <trkpt lat="43.6459620" lon="-79.3856920">
    <ele>84.4</ele>
    <time>2023-08-27T16:47:19Z</time>
   </trkpt>
   <trkpt lat="43.6460120" lon="-79.3857070">
    <ele>84.4</ele>
    <time>2023-08-27T16:47:20Z</time>
   </trkpt>
   <trkpt lat="43.6460370" lon="-79.3857120">
    <ele>84.4</ele>
    <time>2023-08-27T16:47:21Z</time>
   </trkpt>
   <trkpt lat="43.6460790" lon="-79.3857120">
    <ele>84.4</ele>
    <time>2023-08-27T16:47:22Z</time>
   </trkpt>
   <trkpt lat="43.6461010" lon="-79.3857190">
    <ele>84.5</ele>
    <time>2023-08-27T16:47:23Z</time>
   </trkpt>
   <trkpt lat="43.6461090" lon="-79.3857160">
    <ele>84.5</ele>
    <time>2023-08-27T16:47:24Z</time>
   </trkpt>
   <trkpt lat="43.6461350" lon="-79.3857070">
    <ele>84.5</ele>
    <time>2023-08-27T16:47:25Z</time>
   </trkpt>
   <trkpt lat="43.6461500" lon="-79.3856870">
    <ele>84.5</ele>
    <time>2023-08-27T16:47:26Z</time>
   </trkpt>
   <trkpt lat="43.6461600" lon="-79.3856800">
    <ele>84.5</ele>
    <time>2023-08-27T16:47:27Z</time>
   </trkpt>
   <trkpt lat="43.6461700" lon="-79.3856730">
    <ele>84.5</ele>
    <time>2023-08-27T16:47:28Z</time>
   </trkpt>
   <trkpt lat="43.6462080" lon="-79.3856680">
    <ele>84.7</ele>
    <time>2023-08-27T16:47:29Z</time>
   </trkpt>
   <trkpt lat="43.6462340" lon="-79.3856980">
    <ele>84.7</ele>
    <time>2023-08-27T16:47:30Z</time>
   </trkpt>
   <trkpt lat="43.6462840" lon="-79.3856990">
    <ele>84.7</ele>
    <time>2023-08-27T16:47:31Z</time>
   </trkpt>
   <trkpt lat="43.6463320" lon="-79.3857140">
    <ele>84.8</ele>
    <time>2023-08-27T16:47:32Z</time>
   </trkpt>
   <trkpt lat="43.6463660" lon="-79.3857240">
    <ele>84.8</ele>
    <time>2023-08-27T16:47:33Z</time>
   </trkpt>
   <trkpt lat="43.6464060" lon="-79.3857190">
    <ele>84.9</ele>
    <time>2023-08-27T16:47:34Z</time>
   </trkpt>
   <trkpt lat="43.6464330" lon="-79.3857020">
    <ele>84.9</ele>
    <time>2023-08-27T16:47:35Z</time>
   </trkpt>
   <trkpt lat="43.6464660" lon="-79.3856740">
    <ele>85.0</ele>
    <time>2023-08-27T16:47:36Z</time>
   </trkpt>
   <trkpt lat="43.6464790" lon="-79.3856720">
    <ele>85.0</ele>
    <time>2023-08-27T16:47:37Z</time>
   </trkpt>
   <trkpt lat="43.6465150" lon="-79.3856530">
    <ele>85.0</ele>
    <time>2023-08-27T16:47:38Z</time>
   </trkpt>
   <trkpt lat="43.6465280" lon="-79.3856450">
    <ele>85.0</ele>
    <time>2023-08-27T16:47:39Z</time>
   </trkpt>
   <trkpt lat="43.6465580" lon="-79.3855900">
    <ele>85.1</ele>
    <time>2023-08-27T16:47:40Z</time>
   </trkpt>
   <trkpt lat="43.6465800" lon="-79.3855590">
    <ele>85.1</ele>
    <time>2023-08-27T16:47:41Z</time>
   </trkpt>
   <trkpt lat="43.6466090" lon="-79.3855440">
    <ele>85.1</ele>
    <time>2023-08-27T16:47:42Z</time>
   </trkpt>
   <trkpt lat="43.6466500" lon="-79.3855370">
    <ele>85.2</ele>
    <time>2023-08-27T16:47:43Z</time>
   </trkpt>
   <trkpt lat="43.6466830" lon="-79.3855260">
    <ele>85.2</ele>
    <time>2023-08-27T16:47:44Z</time>
   </trkpt>
   <trkpt lat="43.6466880" lon="-79.3854870">
    <ele>85.3</ele>
    <time>2023-08-27T16:47:45Z</time>
   </trkpt>
   <trkpt lat="43.6467120" lon="-79.3854480">
    <ele>85.3</ele>
    <time>2023-08-27T16:47:46Z</time>
   </trkpt>
   <trkpt lat="43.6467200" lon="-79.3854310">
    <ele>85.3</ele>
    <time>2023-08-27T16:47:47Z</time>
   </trkpt>
   <trkpt lat="43.6467480" lon="-79.3854080">
    <ele>85.4</ele>
    <time>2023-08-27T16:47:48Z</time>
   </trkpt>
   <trkpt lat="43.6467640" lon="-79.3854180">
    <ele>85.4</ele>
    <time>2023-08-27T16:47:49Z</time>
   </trkpt>
   <trkpt lat="43.6467920" lon="-79.3854140">
    <ele>85.4</ele>
    <time>2023-08-27T16:47:50Z</time>
   </trkpt>
   <trkpt lat="43.6468200" lon="-79.3854200">
    <ele>85.4</ele>
    <time>2023-08-27T16:47:51Z</time>
   </trkpt>
   <trkpt lat="43.6468510" lon="-79.3854230">
    <ele>85.5</ele>
    <time>2023-08-27T16:47:52Z</time>
   </trkpt>
   <trkpt lat="43.6468830" lon="-79.3854090">
    <ele>85.5</ele>
    <time>2023-08-27T16:47:53Z</time>
   </trkpt>
   <trkpt lat="43.6468970" lon="-79.3854110">
    <ele>85.5</ele>
    <time>2023-08-27T16:47:54Z</time>
   </trkpt>
   <trkpt lat="43.6469540" lon="-79.3854910">
    <ele>85.6</ele>
    <time>2023-08-27T16:47:55Z</time>
   </trkpt>
   <trkpt lat="43.6469920" lon="-79.3855030">
    <ele>85.7</ele>
    <time>2023-08-27T16:47:56Z</time>
   </trkpt>
   <trkpt lat="43.6470090" lon="-79.3855110">
    <ele>85.7</ele>
    <time>2023-08-27T16:47:57Z</time>
   </trkpt>
   <trkpt lat="43.6470500" lon="-79.3855420">
    <ele>85.8</ele>
    <time>2023-08-27T16:47:58Z</time>
   </trkpt>
   <trkpt lat="43.6471470" lon="-79.3859000">
    <ele>86.1</ele>
    <time>2023-08-27T16:47:59Z</time>
   </trkpt>
   <trkpt lat="43.6471610" lon="-79.3859230">
    <ele>86.1</ele>
    <time>2023-08-27T16:48:00Z</time>
   </trkpt>
   <trkpt lat="43.6471840" lon="-79.3859540">
    <ele>86.1</ele>
    <time>2023-08-27T16:48:01Z</time>
   </trkpt>
   <trkpt lat="43.6472220" lon="-79.3859940">
    <ele>86.1</ele>
    <time>2023-08-27T16:48:02Z</time>
   </trkpt>
   <trkpt lat="43.6472670" lon="-79.3860590">
    <ele>86.2</ele>
    <time>2023-08-27T16:48:03Z</time>
   </trkpt>
   <trkpt lat="43.6472820" lon="-79.3861450">
    <ele>86.2</ele>
    <time>2023-08-27T16:48:04Z</time>
   </trkpt>
   <trkpt lat="43.6472890" lon="-79.3861910">
    <ele>86.2</ele>
    <time>2023-08-27T16:48:05Z</time>
   </trkpt>
   <trkpt lat="43.6473120" lon="-79.3862370">
    <ele>86.2</ele>
    <time>2023-08-27T16:48:06Z</time>
   </trkpt>
   <trkpt lat="43.6473230" lon="-79.3862520">
    <ele>86.2</ele>
    <time>2023-08-27T16:48:07Z</time>
   </trkpt>
   <trkpt lat="43.6473620" lon="-79.3862640">
    <ele>86.2</ele>
    <time>2023-08-27T16:48:08Z</time>
   </trkpt>
   <trkpt lat="43.6473780" lon="-79.3862600">
    <ele>86.2</ele>
    <time>2023-08-27T16:48:09Z</time>
   </trkpt>
   <trkpt lat="43.6474090" lon="-79.3862780">
    <ele>86.2</ele>
    <time>2023-08-27T16:48:10Z</time>
   </trkpt>
   <trkpt lat="43.6474170" lon="-79.3862830">
    <ele>86.2</ele>
    <time>2023-08-27T16:48:11Z</time>
   </trkpt>
   <trkpt lat="43.6474300" lon="-79.3862870">
    <ele>86.2</ele>
    <time>2023-08-27T16:48:12Z</time>
   </trkpt>
   <trkpt lat="43.6474470" lon="-79.3862990">
    <ele>86.2</ele>
    <time>2023-08-27T16:48:13Z</time>
   </trkpt>
   <trkpt lat="43.6474490" lon="-79.3862970">
    <ele>86.2</ele>
    <time>2023-08-27T16:48:14Z</time>
   </trkpt>
   <trkpt lat="43.6474530" lon="-79.3863050">
    <ele>86.2</ele>
    <time>2023-08-27T16:48:15Z</time>
   </trkpt>
   <trkpt lat="43.6474460" lon="-79.3863070">
    <ele>86.2</ele>
    <time>2023-08-27T16:48:16Z</time>
   </trkpt>
   <trkpt lat="43.6474430" lon="-79.3863140">
    <ele>86.2</ele>
    <time>2023-08-27T16:48:17Z</time>
   </trkpt>
   <trkpt lat="43.6474470" lon="-79.3863850">
    <ele>86.2</ele>
    <time>2023-08-27T16:48:19Z</time>
   </trkpt>
   <trkpt lat="43.6474420" lon="-79.3864230">
    <ele>86.2</ele>
    <time>2023-08-27T16:48:20Z</time>
   </trkpt>
   <trkpt lat="43.6474400" lon="-79.3864480">
    <ele>86.2</ele>
    <time>2023-08-27T16:48:21Z</time>
   </trkpt>
   <trkpt lat="43.6474220" lon="-79.3864510">
    <ele>86.1</ele>
    <time>2023-08-27T16:48:22Z</time>
   </trkpt>
   <trkpt lat="43.6473940" lon="-79.3865210">
    <ele>86.1</ele>
    <time>2023-08-27T16:48:23Z</time>
   </trkpt>
   <trkpt lat="43.6473690" lon="-79.3865640">
    <ele>86.1</ele>
    <time>2023-08-27T16:48:24Z</time>
   </trkpt>
   <trkpt lat="43.6473620" lon="-79.3865840">
    <ele>86.1</ele>
    <time>2023-08-27T16:48:25Z</time>
   </trkpt>
   <trkpt lat="43.6473350" lon="-79.3866420">
    <ele>86.1</ele>
    <time>2023-08-27T16:48:26Z</time>
   </trkpt>
   <trkpt lat="43.6473270" lon="-79.3866960">
    <ele>86.1</ele>
    <time>2023-08-27T16:48:27Z</time>
   </trkpt>
   <trkpt lat="43.6473240" lon="-79.3867150">
    <ele>86.1</ele>
    <time>2023-08-27T16:48:28Z</time>
   </trkpt>
   <trkpt lat="43.6473060" lon="-79.3867620">
    <ele>86.1</ele>
    <time>2023-08-27T16:48:29Z</time>
   </trkpt>
   <trkpt lat="43.6473000" lon="-79.3867760">
    <ele>86.1</ele>
    <time>2023-08-27T16:48:30Z</time>
   </trkpt>
   <trkpt lat="43.6473010" lon="-79.3868300">
    <ele>86.1</ele>
    <time>2023-08-27T16:48:31Z</time>
   </trkpt>
   <trkpt lat="43.6473080" lon="-79.3868520">
    <ele>86.1</ele>
    <time>2023-08-27T16:48:32Z</time>
   </trkpt>
   <trkpt lat="43.6472930" lon="-79.3868880">
    <ele>86.1</ele>
    <time>2023-08-27T16:48:33Z</time>
   </trkpt>
   <trkpt lat="43.6472560" lon="-79.3869230">
    <ele>86.1</ele>
    <time>2023-08-27T16:48:34Z</time>
   </trkpt>
   <trkpt lat="43.6472470" lon="-79.3869590">
    <ele>86.0</ele>
    <time>2023-08-27T16:48:35Z</time>
   </trkpt>
   <trkpt lat="43.6472200" lon="-79.3869880">
    <ele>86.0</ele>
    <time>2023-08-27T16:48:36Z</time>
   </trkpt>
   <trkpt lat="43.6472040" lon="-79.3870200">
    <ele>86.0</ele>
    <time>2023-08-27T16:48:37Z</time>
   </trkpt>
   <trkpt lat="43.6472050" lon="-79.3870670">
    <ele>86.0</ele>
    <time>2023-08-27T16:48:38Z</time>
   </trkpt>
   <trkpt lat="43.6472050" lon="-79.3871570">
    <ele>86.0</ele>
    <time>2023-08-27T16:48:39Z</time>
   </trkpt>
   <trkpt lat="43.6472030" lon="-79.3872050">
    <ele>86.0</ele>
    <time>2023-08-27T16:48:40Z</time>
   </trkpt>
   <trkpt lat="43.6471970" lon="-79.3872470">
    <ele>86.0</ele>
    <time>2023-08-27T16:48:41Z</time>
   </trkpt>
   <trkpt lat="43.6471980" lon="-79.3872860">
    <ele>86.0</ele>
    <time>2023-08-27T16:48:42Z</time>
   </trkpt>
   <trkpt lat="43.6471950" lon="-79.3873340">
    <ele>86.0</ele>
    <time>2023-08-27T16:48:43Z</time>
   </trkpt>
   <trkpt lat="43.6471930" lon="-79.3873510">
    <ele>86.0</ele>
    <time>2023-08-27T16:48:44Z</time>
   </trkpt>
   <trkpt lat="43.6471930" lon="-79.3873950">
    <ele>86.0</ele>
    <time>2023-08-27T16:48:45Z</time>
   </trkpt>
   <trkpt lat="43.6471940" lon="-79.3874080">
    <ele>86.0</ele>
    <time>2023-08-27T16:48:46Z</time>
   </trkpt>
   <trkpt lat="43.6471710" lon="-79.3874490">
    <ele>86.0</ele>
    <time>2023-08-27T16:48:47Z</time>
   </trkpt>
   <trkpt lat="43.6471590" lon="-79.3874610">
    <ele>86.0</ele>
    <time>2023-08-27T16:48:48Z</time>
   </trkpt>
   <trkpt lat="43.6471520" lon="-79.3874990">
    <ele>86.0</ele>
    <time>2023-08-27T16:48:49Z</time>
   </trkpt>
   <trkpt lat="43.6471480" lon="-79.3875130">
    <ele>86.0</ele>
    <time>2023-08-27T16:48:50Z</time>
   </trkpt>
   <trkpt lat="43.6471690" lon="-79.3875490">
    <ele>86.0</ele>
    <time>2023-08-27T16:48:51Z</time>
   </trkpt>
   <trkpt lat="43.6471670" lon="-79.3875900">
    <ele>86.0</ele>
    <time>2023-08-27T16:48:52Z</time>
   </trkpt>
   <trkpt lat="43.6471630" lon="-79.3876030">
    <ele>86.0</ele>
    <time>2023-08-27T16:48:53Z</time>
   </trkpt>
   <trkpt lat="43.6471500" lon="-79.3876210">
    <ele>85.9</ele>
    <time>2023-08-27T16:48:54Z</time>
   </trkpt>
   <trkpt lat="43.6471460" lon="-79.3876430">
    <ele>85.9</ele>
    <time>2023-08-27T16:48:55Z</time>
   </trkpt>
   <trkpt lat="43.6471330" lon="-79.3876720">
    <ele>85.9</ele>
    <time>2023-08-27T16:48:56Z</time>
   </trkpt>
   <trkpt lat="43.6471210" lon="-79.3876820">
    <ele>85.9</ele>
    <time>2023-08-27T16:48:57Z</time>
   </trkpt>
   <trkpt lat="43.6471200" lon="-79.3877150">
    <ele>85.9</ele>
    <time>2023-08-27T16:48:58Z</time>
   </trkpt>
   <trkpt lat="43.6471210" lon="-79.3877330">
    <ele>85.9</ele>
    <time>2023-08-27T16:48:59Z</time>
   </trkpt>
   <trkpt lat="43.6471370" lon="-79.3877790">
    <ele>85.9</ele>
    <time>2023-08-27T16:49:00Z</time>
   </trkpt>
   <trkpt lat="43.6471490" lon="-79.3877990">
    <ele>86.0</ele>
    <time>2023-08-27T16:49:01Z</time>
   </trkpt>
   <trkpt lat="43.6471350" lon="-79.3878250">
    <ele>86.0</ele>
    <time>2023-08-27T16:49:02Z</time>
   </trkpt>
   <trkpt lat="43.6471230" lon="-79.3878210">
    <ele>86.0</ele>
    <time>2023-08-27T16:49:03Z</time>
   </trkpt>
   <trkpt lat="43.6471110" lon="-79.3878180">
    <ele>86.0</ele>
    <time>2023-08-27T16:49:04Z</time>
   </trkpt>
   <trkpt lat="43.6471010" lon="-79.3878380">
    <ele>86.0</ele>
    <time>2023-08-27T16:49:05Z</time>
   </trkpt>
   <trkpt lat="43.6470950" lon="-79.3878530">
    <ele>86.0</ele>
    <time>2023-08-27T16:49:06Z</time>
   </trkpt>
   <trkpt lat="43.6470760" lon="-79.3878700">
    <ele>86.0</ele>
    <time>2023-08-27T16:49:07Z</time>
   </trkpt>
   <trkpt lat="43.6470630" lon="-79.3878680">
    <ele>86.0</ele>
    <time>2023-08-27T16:49:08Z</time>
   </trkpt>
   <trkpt lat="43.6470490" lon="-79.3878660">
    <ele>86.0</ele>
    <time>2023-08-27T16:49:09Z</time>
   </trkpt>
   <trkpt lat="43.6470360" lon="-79.3878640">
    <ele>86.0</ele>
    <time>2023-08-27T16:49:10Z</time>
   </trkpt>
   <trkpt lat="43.6470150" lon="-79.3878990">
    <ele>86.0</ele>
    <time>2023-08-27T16:49:11Z</time>
   </trkpt>
   <trkpt lat="43.6470130" lon="-79.3879130">
    <ele>86.0</ele>
    <time>2023-08-27T16:49:12Z</time>
   </trkpt>
   <trkpt lat="43.6470020" lon="-79.3878890">
    <ele>86.0</ele>
    <time>2023-08-27T16:49:13Z</time>
   </trkpt>
   <trkpt lat="43.6470020" lon="-79.3878630">
    <ele>86.0</ele>
    <time>2023-08-27T16:49:14Z</time>
   </trkpt>
   <trkpt lat="43.6470050" lon="-79.3878690">
    <ele>86.0</ele>
    <time>2023-08-27T16:49:15Z</time>
   </trkpt>
   <trkpt lat="43.6469980" lon="-79.3878940">
    <ele>86.0</ele>
    <time>2023-08-27T16:49:16Z</time>
   </trkpt>
   <trkpt lat="43.6469820" lon="-79.3878970">
    <ele>86.0</ele>
    <time>2023-08-27T16:49:17Z</time>
   </trkpt>
   <trkpt lat="43.6468940" lon="-79.3879350">
    <ele>86.0</ele>
    <time>2023-08-27T16:49:18Z</time>
   </trkpt>
   <trkpt lat="43.6468680" lon="-79.3879400">
    <ele>86.0</ele>
    <time>2023-08-27T16:49:19Z</time>
   </trkpt>
   <trkpt lat="43.6468720" lon="-79.3879580">
    <ele>86.0</ele>
    <time>2023-08-27T16:49:20Z</time>
   </trkpt>
   <trkpt lat="43.6468560" lon="-79.3880030">
    <ele>86.0</ele>
    <time>2023-08-27T16:49:21Z</time>
   </trkpt>
   <trkpt lat="43.6468540" lon="-79.3880570">
    <ele>86.0</ele>
    <time>2023-08-27T16:49:22Z</time>
   </trkpt>
   <trkpt lat="43.6468570" lon="-79.3880750">
    <ele>86.0</ele>
    <time>2023-08-27T16:49:23Z</time>
   </trkpt>
   <trkpt lat="43.6468510" lon="-79.3880960">
    <ele>86.0</ele>
    <time>2023-08-27T16:49:24Z</time>
   </trkpt>
   <trkpt lat="43.6468440" lon="-79.3881310">
    <ele>86.0</ele>
    <time>2023-08-27T16:49:25Z</time>
   </trkpt>
   <trkpt lat="43.6468310" lon="-79.3881410">
    <ele>86.0</ele>
    <time>2023-08-27T16:49:26Z</time>
   </trkpt>
   <trkpt lat="43.6468180" lon="-79.3881520">
    <ele>86.0</ele>
    <time>2023-08-27T16:49:27Z</time>
   </trkpt>
   <trkpt lat="43.6468050" lon="-79.3881620">
    <ele>86.0</ele>
    <time>2023-08-27T16:49:28Z</time>
   </trkpt>
   <trkpt lat="43.6467910" lon="-79.3881950">
    <ele>86.0</ele>
    <time>2023-08-27T16:49:29Z</time>
   </trkpt>
   <trkpt lat="43.6467870" lon="-79.3882250">
    <ele>86.0</ele>
    <time>2023-08-27T16:49:30Z</time>
   </trkpt>
   <trkpt lat="43.6467830" lon="-79.3882540">
    <ele>86.0</ele>
    <time>2023-08-27T16:49:31Z</time>
   </trkpt>
   <trkpt lat="43.6467730" lon="-79.3883070">
    <ele>85.9</ele>
    <time>2023-08-27T16:49:32Z</time>
   </trkpt>
   <trkpt lat="43.6467780" lon="-79.3883620">
    <ele>85.9</ele>
    <time>2023-08-27T16:49:33Z</time>
   </trkpt>
   <trkpt lat="43.6467660" lon="-79.3884170">
    <ele>85.9</ele>
    <time>2023-08-27T16:49:34Z</time>
   </trkpt>
   <trkpt lat="43.6467580" lon="-79.3884630">
    <ele>85.9</ele>
    <time>2023-08-27T16:49:35Z</time>
   </trkpt>
   <trkpt lat="43.6467230" lon="-79.3885090">
    <ele>85.9</ele>
    <time>2023-08-27T16:49:36Z</time>
   </trkpt>
   <trkpt lat="43.6466980" lon="-79.3885410">
    <ele>86.0</ele>
    <time>2023-08-27T16:49:37Z</time>
   </trkpt>
   <trkpt lat="43.6466790" lon="-79.3885770">
    <ele>86.0</ele>
    <time>2023-08-27T16:49:38Z</time>
   </trkpt>
   <trkpt lat="43.6466650" lon="-79.3886100">
    <ele>86.0</ele>
    <time>2023-08-27T16:49:39Z</time>
   </trkpt>
   <trkpt lat="43.6466650" lon="-79.3886490">
    <ele>86.0</ele>
    <time>2023-08-27T16:49:40Z</time>
   </trkpt>
   <trkpt lat="43.6466570" lon="-79.3887000">
    <ele>86.0</ele>
    <time>2023-08-27T16:49:41Z</time>
   </trkpt>
   <trkpt lat="43.6466550" lon="-79.3887160">
    <ele>86.0</ele>
    <time>2023-08-27T16:49:42Z</time>
   </trkpt>
   <trkpt lat="43.6466500" lon="-79.3887660">
    <ele>86.1</ele>
    <time>2023-08-27T16:49:43Z</time>
   </trkpt>
   <trkpt lat="43.6466410" lon="-79.3888150">
    <ele>86.1</ele>
    <time>2023-08-27T16:49:44Z</time>
   </trkpt>
   <trkpt lat="43.6466380" lon="-79.3888300">
    <ele>86.1</ele>
    <time>2023-08-27T16:49:45Z</time>
   </trkpt>
   <trkpt lat="43.6466220" lon="-79.3888490">
    <ele>86.1</ele>
    <time>2023-08-27T16:49:46Z</time>
   </trkpt>
   <trkpt lat="43.6466130" lon="-79.3888540">
    <ele>86.1</ele>
    <time>2023-08-27T16:49:47Z</time>
   </trkpt>
   <trkpt lat="43.6466150" lon="-79.3889300">
    <ele>86.1</ele>
    <time>2023-08-27T16:49:48Z</time>
   </trkpt>
   <trkpt lat="43.6466160" lon="-79.3889760">
    <ele>86.2</ele>
    <time>2023-08-27T16:49:49Z</time>
   </trkpt>
   <trkpt lat="43.6466520" lon="-79.3890080">
    <ele>86.2</ele>
    <time>2023-08-27T16:49:50Z</time>
   </trkpt>
   <trkpt lat="43.6466860" lon="-79.3890680">
    <ele>86.2</ele>
    <time>2023-08-27T16:49:51Z</time>
   </trkpt>
   <trkpt lat="43.6467230" lon="-79.3891040">
    <ele>86.3</ele>
    <time>2023-08-27T16:49:52Z</time>
   </trkpt>
   <trkpt lat="43.6467540" lon="-79.3890980">
    <ele>86.3</ele>
    <time>2023-08-27T16:49:53Z</time>
   </trkpt>
   <trkpt lat="43.6468010" lon="-79.3891140">
    <ele>86.3</ele>
    <time>2023-08-27T16:49:54Z</time>
   </trkpt>
   <trkpt lat="43.6468250" lon="-79.3891620">
    <ele>86.2</ele>
    <time>2023-08-27T16:49:55Z</time>
   </trkpt>
   <trkpt lat="43.6468540" lon="-79.3891870">
    <ele>86.2</ele>
    <time>2023-08-27T16:49:56Z</time>
   </trkpt>
   <trkpt lat="43.6468630" lon="-79.3891990">
    <ele>86.2</ele>
    <time>2023-08-27T16:49:57Z</time>
   </trkpt>
   <trkpt lat="43.6468940" lon="-79.3892160">
    <ele>86.2</ele>
    <time>2023-08-27T16:49:58Z</time>
   </trkpt>
   <trkpt lat="43.6469200" lon="-79.3892490">
    <ele>86.2</ele>
    <time>2023-08-27T16:49:59Z</time>
   </trkpt>
   <trkpt lat="43.6469540" lon="-79.3892730">
    <ele>86.3</ele>
    <time>2023-08-27T16:50:00Z</time>
   </trkpt>
   <trkpt lat="43.6469610" lon="-79.3892920">
    <ele>86.3</ele>
    <time>2023-08-27T16:50:01Z</time>
   </trkpt>
   <trkpt lat="43.6469980" lon="-79.3892980">
    <ele>86.3</ele>
    <time>2023-08-27T16:50:02Z</time>
   </trkpt>
   <trkpt lat="43.6470090" lon="-79.3893060">
    <ele>86.3</ele>
    <time>2023-08-27T16:50:03Z</time>
   </trkpt>
   <trkpt lat="43.6470420" lon="-79.3893310">
    <ele>86.3</ele>
    <time>2023-08-27T16:50:04Z</time>
   </trkpt>
   <trkpt lat="43.6470570" lon="-79.3893320">
    <ele>86.3</ele>
    <time>2023-08-27T16:50:05Z</time>
   </trkpt>
   <trkpt lat="43.6470640" lon="-79.3893940">
    <ele>86.3</ele>
    <time>2023-08-27T16:50:06Z</time>
   </trkpt>
   <trkpt lat="43.6470680" lon="-79.3894770">
    <ele>86.3</ele>
    <time>2023-08-27T16:50:07Z</time>
   </trkpt>
   <trkpt lat="43.6470820" lon="-79.3895160">
    <ele>86.3</ele>
    <time>2023-08-27T16:50:08Z</time>
   </trkpt>
   <trkpt lat="43.6471040" lon="-79.3895420">
    <ele>86.2</ele>
    <time>2023-08-27T16:50:09Z</time>
   </trkpt>
   <trkpt lat="43.6471420" lon="-79.3895620">
    <ele>86.2</ele>
    <time>2023-08-27T16:50:10Z</time>
   </trkpt>
   <trkpt lat="43.6471560" lon="-79.3895640">
    <ele>86.2</ele>
    <time>2023-08-27T16:50:11Z</time>
   </trkpt>
   <trkpt lat="43.6471900" lon="-79.3896240">
    <ele>86.2</ele>
    <time>2023-08-27T16:50:12Z</time>
   </trkpt>
   <trkpt lat="43.6472290" lon="-79.3896560">
    <ele>86.3</ele>
    <time>2023-08-27T16:50:13Z</time>
   </trkpt>
   <trkpt lat="43.6472440" lon="-79.3896720">
    <ele>86.3</ele>
    <time>2023-08-27T16:50:14Z</time>
   </trkpt>
   <trkpt lat="43.6472720" lon="-79.3896850">
    <ele>86.3</ele>
    <time>2023-08-27T16:50:15Z</time>
   </trkpt>
   <trkpt lat="43.6473120" lon="-79.3896890">
    <ele>86.4</ele>
    <time>2023-08-27T16:50:16Z</time>
   </trkpt>
   <trkpt lat="43.6473320" lon="-79.3897410">
    <ele>86.5</ele>
    <time>2023-08-27T16:50:17Z</time>
   </trkpt>
   <trkpt lat="43.6473620" lon="-79.3897690">
    <ele>86.7</ele>
    <time>2023-08-27T16:50:18Z</time>
   </trkpt>
   <trkpt lat="43.6473680" lon="-79.3898370">
    <ele>86.7</ele>
    <time>2023-08-27T16:50:19Z</time>
   </trkpt>
   <trkpt lat="43.6473880" lon="-79.3898790">
    <ele>86.8</ele>
    <time>2023-08-27T16:50:20Z</time>
   </trkpt>
   <trkpt lat="43.6473970" lon="-79.3898940">
    <ele>86.8</ele>
    <time>2023-08-27T16:50:21Z</time>
   </trkpt>
   <trkpt lat="43.6474190" lon="-79.3899350">
    <ele>86.9</ele>
    <time>2023-08-27T16:50:22Z</time>
   </trkpt>
   <trkpt lat="43.6474290" lon="-79.3899470">
    <ele>86.9</ele>
    <time>2023-08-27T16:50:23Z</time>
   </trkpt>
   <trkpt lat="43.6474490" lon="-79.3899790">
    <ele>87.0</ele>
    <time>2023-08-27T16:50:24Z</time>
   </trkpt>
   <trkpt lat="43.6474370" lon="-79.3899840">
    <ele>86.9</ele>
    <time>2023-08-27T16:50:25Z</time>
   </trkpt>
   <trkpt lat="43.6474430" lon="-79.3899900">
    <ele>87.0</ele>
    <time>2023-08-27T16:50:26Z</time>
   </trkpt>
   <trkpt lat="43.6474440" lon="-79.3899870">
    <ele>87.0</ele>
    <time>2023-08-27T16:50:27Z</time>
   </trkpt>
   <trkpt lat="43.6474340" lon="-79.3899910">
    <ele>86.9</ele>
    <time>2023-08-27T16:50:28Z</time>
   </trkpt>
   <trkpt lat="43.6474480" lon="-79.3899450">
    <ele>87.1</ele>
    <time>2023-08-27T16:50:29Z</time>
   </trkpt>
   <trkpt lat="43.6474660" lon="-79.3899470">
    <ele>87.1</ele>
    <time>2023-08-27T16:50:30Z</time>
   </trkpt>
   <trkpt lat="43.6474810" lon="-79.3899530">
    <ele>87.2</ele>
    <time>2023-08-27T16:50:31Z</time>
   </trkpt>
   <trkpt lat="43.6474930" lon="-79.3899570">
    <ele>87.1</ele>
    <time>2023-08-27T16:50:32Z</time>
   </trkpt>
   <trkpt lat="43.6475000" lon="-79.3899520">
    <ele>87.2</ele>
    <time>2023-08-27T16:50:33Z</time>
   </trkpt>
   <trkpt lat="43.6474950" lon="-79.3899290">
    <ele>87.2</ele>
    <time>2023-08-27T16:50:34Z</time>
   </trkpt>
   <trkpt lat="43.6475020" lon="-79.3899360">
    <ele>87.2</ele>
    <time>2023-08-27T16:50:35Z</time>
   </trkpt>
   <trkpt lat="43.6475210" lon="-79.3899280">
    <ele>87.3</ele>
    <time>2023-08-27T16:50:36Z</time>
   </trkpt>
   <trkpt lat="43.6475370" lon="-79.3899180">
    <ele>87.3</ele>
    <time>2023-08-27T16:50:37Z</time>
   </trkpt>
  </trkseg>
 </trk>
</gpx>
