<?xml version="1.0" encoding="UTF-8"?>
<gpx xmlns:xsi="http://www.w3.org/2001/XMLSchema-instance" xsi:schemaLocation="http://www.topografix.com/GPX/1/1 http://www.topografix.com/GPX/1/1/gpx.xsd" creator="StravaGPX" version="1.1" xmlns="http://www.topografix.com/GPX/1/1">
 <metadata>
  <time>2023-09-17T15:17:07Z</time>
 </metadata>
 <trk>
  <name>Lunch Run</name>
  <type>running</type>
  <trkseg>
   <trkpt lat="43.6480360" lon="-79.3893600">
    <ele>87.8</ele>
    <time>2023-09-17T15:17:07Z</time>
   </trkpt>
   <trkpt lat="43.6480500" lon="-79.3893420">
    <ele>87.8</ele>
    <time>2023-09-17T15:17:08Z</time>
   </trkpt>
   <trkpt lat="43.6480530" lon="-79.3893310">
    <ele>87.8</ele>
    <time>2023-09-17T15:17:09Z</time>
   </trkpt>
   <trkpt lat="43.6480660" lon="-79.3893270">
    <ele>87.8</ele>
    <time>2023-09-17T15:17:10Z</time>
   </trkpt>
   <trkpt lat="43.6480690" lon="-79.3893300">
    <ele>87.8</ele>
    <time>2023-09-17T15:17:11Z</time>
   </trkpt>
   <trkpt lat="43.6480720" lon="-79.3893320">
    <ele>87.8</ele>
    <time>2023-09-17T15:17:12Z</time>
   </trkpt>
   <trkpt lat="43.6480760" lon="-79.3893340">
    <ele>87.8</ele>
    <time>2023-09-17T15:17:13Z</time>
   </trkpt>
   <trkpt lat="43.6480790" lon="-79.3893370">
    <ele>87.8</ele>
    <time>2023-09-17T15:17:14Z</time>
   </trkpt>
   <trkpt lat="43.6480820" lon="-79.3893390">
    <ele>87.8</ele>
    <time>2023-09-17T15:17:15Z</time>
   </trkpt>
   <trkpt lat="43.6480850" lon="-79.3893420">
    <ele>87.8</ele>
    <time>2023-09-17T15:17:16Z</time>
   </trkpt>
   <trkpt lat="43.6480880" lon="-79.3893440">
    <ele>87.8</ele>
    <time>2023-09-17T15:17:17Z</time>
   </trkpt>
   <trkpt lat="43.6480920" lon="-79.3893470">
    <ele>87.8</ele>
    <time>2023-09-17T15:17:18Z</time>
   </trkpt>
   <trkpt lat="43.6481020" lon="-79.3893790">
    <ele>87.8</ele>
    <time>2023-09-17T15:17:19Z</time>
   </trkpt>
   <trkpt lat="43.6480930" lon="-79.3893630">
    <ele>87.8</ele>
    <time>2023-09-17T15:17:20Z</time>
   </trkpt>
   <trkpt lat="43.6480890" lon="-79.3893690">
    <ele>87.8</ele>
    <time>2023-09-17T15:17:21Z</time>
   </trkpt>
   <trkpt lat="43.6480860" lon="-79.3893580">
    <ele>87.8</ele>
    <time>2023-09-17T15:17:22Z</time>
   </trkpt>
   <trkpt lat="43.6480740" lon="-79.3893160">
    <ele>87.8</ele>
    <time>2023-09-17T15:17:23Z</time>
   </trkpt>
   <trkpt lat="43.6480690" lon="-79.3892780">
    <ele>87.8</ele>
    <time>2023-09-17T15:17:24Z</time>
   </trkpt>
   <trkpt lat="43.6480730" lon="-79.3892410">
    <ele>87.8</ele>
    <time>2023-09-17T15:17:25Z</time>
   </trkpt>
   <trkpt lat="43.6480960" lon="-79.3891940">
    <ele>87.8</ele>
    <time>2023-09-17T15:17:26Z</time>
   </trkpt>
   <trkpt lat="43.6481070" lon="-79.3891800">
    <ele>87.8</ele>
    <time>2023-09-17T15:17:27Z</time>
   </trkpt>
   <trkpt lat="43.6480840" lon="-79.3891640">
    <ele>87.8</ele>
    <time>2023-09-17T15:17:28Z</time>
   </trkpt>
   <trkpt lat="43.6480400" lon="-79.3891690">
    <ele>87.8</ele>
    <time>2023-09-17T15:17:29Z</time>
   </trkpt>
   <trkpt lat="43.6479970" lon="-79.3891750">
    <ele>87.8</ele>
    <time>2023-09-17T15:17:30Z</time>
   </trkpt>
   <trkpt lat="43.6480270" lon="-79.3891310">
    <ele>87.8</ele>
    <time>2023-09-17T15:17:31Z</time>
   </trkpt>
   <trkpt lat="43.6480450" lon="-79.3890820">
    <ele>87.9</ele>
    <time>2023-09-17T15:17:32Z</time>
   </trkpt>
   <trkpt lat="43.6480570" lon="-79.3890550">
    <ele>87.9</ele>
    <time>2023-09-17T15:17:33Z</time>
   </trkpt>
   <trkpt lat="43.6480680" lon="-79.3889890">
    <ele>87.9</ele>
    <time>2023-09-17T15:17:34Z</time>
   </trkpt>
   <trkpt lat="43.6480640" lon="-79.3889480">
    <ele>87.9</ele>
    <time>2023-09-17T15:17:35Z</time>
   </trkpt>
   <trkpt lat="43.6480790" lon="-79.3889150">
    <ele>87.9</ele>
    <time>2023-09-17T15:17:36Z</time>
   </trkpt>
   <trkpt lat="43.6480900" lon="-79.3888520">
    <ele>87.9</ele>
    <time>2023-09-17T15:17:37Z</time>
   </trkpt>
   <trkpt lat="43.6480820" lon="-79.3888050">
    <ele>87.9</ele>
    <time>2023-09-17T15:17:38Z</time>
   </trkpt>
   <trkpt lat="43.6480800" lon="-79.3887850">
    <ele>87.9</ele>
    <time>2023-09-17T15:17:39Z</time>
   </trkpt>
   <trkpt lat="43.6480200" lon="-79.3887490">
    <ele>87.8</ele>
    <time>2023-09-17T15:17:40Z</time>
   </trkpt>
   <trkpt lat="43.6480500" lon="-79.3887230">
    <ele>87.8</ele>
    <time>2023-09-17T15:17:41Z</time>
   </trkpt>
   <trkpt lat="43.6480070" lon="-79.3887490">
    <ele>87.7</ele>
    <time>2023-09-17T15:17:42Z</time>
   </trkpt>
   <trkpt lat="43.6479840" lon="-79.3887930">
    <ele>87.7</ele>
    <time>2023-09-17T15:17:43Z</time>
   </trkpt>
   <trkpt lat="43.6479540" lon="-79.3887870">
    <ele>87.6</ele>
    <time>2023-09-17T15:17:44Z</time>
   </trkpt>
   <trkpt lat="43.6479450" lon="-79.3887820">
    <ele>87.6</ele>
    <time>2023-09-17T15:17:45Z</time>
   </trkpt>
   <trkpt lat="43.6479360" lon="-79.3887770">
    <ele>87.6</ele>
    <time>2023-09-17T15:17:46Z</time>
   </trkpt>
   <trkpt lat="43.6479110" lon="-79.3887320">
    <ele>87.6</ele>
    <time>2023-09-17T15:17:47Z</time>
   </trkpt>
   <trkpt lat="43.6479040" lon="-79.3887150">
    <ele>87.6</ele>
    <time>2023-09-17T15:17:48Z</time>
   </trkpt>
   <trkpt lat="43.6478650" lon="-79.3886940">
    <ele>87.5</ele>
    <time>2023-09-17T15:17:49Z</time>
   </trkpt>
   <trkpt lat="43.6478440" lon="-79.3886770">
    <ele>87.5</ele>
    <time>2023-09-17T15:17:50Z</time>
   </trkpt>
   <trkpt lat="43.6478310" lon="-79.3886740">
    <ele>87.5</ele>
    <time>2023-09-17T15:17:51Z</time>
   </trkpt>
   <trkpt lat="43.6477980" lon="-79.3886590">
    <ele>87.4</ele>
    <time>2023-09-17T15:17:52Z</time>
   </trkpt>
   <trkpt lat="43.6477830" lon="-79.3886540">
    <ele>87.4</ele>
    <time>2023-09-17T15:17:53Z</time>
   </trkpt>
   <trkpt lat="43.6477600" lon="-79.3886280">
    <ele>87.4</ele>
    <time>2023-09-17T15:17:54Z</time>
   </trkpt>
   <trkpt lat="43.6477520" lon="-79.3886080">
    <ele>87.4</ele>
    <time>2023-09-17T15:17:55Z</time>
   </trkpt>
   <trkpt lat="43.6477340" lon="-79.3885930">
    <ele>87.4</ele>
    <time>2023-09-17T15:17:57Z</time>
   </trkpt>
   <trkpt lat="43.6477010" lon="-79.3885960">
    <ele>87.3</ele>
    <time>2023-09-17T15:17:58Z</time>
   </trkpt>
   <trkpt lat="43.6476740" lon="-79.3885750">
    <ele>87.3</ele>
    <time>2023-09-17T15:17:59Z</time>
   </trkpt>
   <trkpt lat="43.6476530" lon="-79.3885600">
    <ele>87.3</ele>
    <time>2023-09-17T15:18:00Z</time>
   </trkpt>
   <trkpt lat="43.6476410" lon="-79.3885560">
    <ele>87.3</ele>
    <time>2023-09-17T15:18:01Z</time>
   </trkpt>
   <trkpt lat="43.6476160" lon="-79.3885160">
    <ele>87.2</ele>
    <time>2023-09-17T15:18:02Z</time>
   </trkpt>
   <trkpt lat="43.6475880" lon="-79.3884920">
    <ele>87.2</ele>
    <time>2023-09-17T15:18:03Z</time>
   </trkpt>
   <trkpt lat="43.6475760" lon="-79.3884880">
    <ele>87.2</ele>
    <time>2023-09-17T15:18:04Z</time>
   </trkpt>
   <trkpt lat="43.6475310" lon="-79.3884830">
    <ele>87.2</ele>
    <time>2023-09-17T15:18:05Z</time>
   </trkpt>
   <trkpt lat="43.6474880" lon="-79.3884700">
    <ele>87.1</ele>
    <time>2023-09-17T15:18:06Z</time>
   </trkpt>
   <trkpt lat="43.6474690" lon="-79.3884580">
    <ele>87.1</ele>
    <time>2023-09-17T15:18:07Z</time>
   </trkpt>
   <trkpt lat="43.6474480" lon="-79.3884220">
    <ele>87.1</ele>
    <time>2023-09-17T15:18:08Z</time>
   </trkpt>
   <trkpt lat="43.6474830" lon="-79.3883570">
    <ele>87.1</ele>
    <time>2023-09-17T15:18:09Z</time>
   </trkpt>
   <trkpt lat="43.6474790" lon="-79.3883270">
    <ele>87.1</ele>
    <time>2023-09-17T15:18:10Z</time>
   </trkpt>
   <trkpt lat="43.6474690" lon="-79.3883140">
    <ele>87.1</ele>
    <time>2023-09-17T15:18:11Z</time>
   </trkpt>
   <trkpt lat="43.6474690" lon="-79.3882690">
    <ele>87.1</ele>
    <time>2023-09-17T15:18:12Z</time>
   </trkpt>
   <trkpt lat="43.6474620" lon="-79.3882420">
    <ele>87.1</ele>
    <time>2023-09-17T15:18:13Z</time>
   </trkpt>
   <trkpt lat="43.6474630" lon="-79.3882390">
    <ele>87.1</ele>
    <time>2023-09-17T15:18:14Z</time>
   </trkpt>
   <trkpt lat="43.6474480" lon="-79.3882430">
    <ele>87.1</ele>
    <time>2023-09-17T15:18:15Z</time>
   </trkpt>
   <trkpt lat="43.6474620" lon="-79.3882410">
    <ele>87.1</ele>
    <time>2023-09-17T15:18:16Z</time>
   </trkpt>
   <trkpt lat="43.6474810" lon="-79.3882280">
    <ele>87.1</ele>
    <time>2023-09-17T15:18:17Z</time>
   </trkpt>
   <trkpt lat="43.6474860" lon="-79.3882350">
    <ele>87.1</ele>
    <time>2023-09-17T15:18:18Z</time>
   </trkpt>
   <trkpt lat="43.6474980" lon="-79.3882440">
    <ele>87.1</ele>
    <time>2023-09-17T15:18:19Z</time>
   </trkpt>
   <trkpt lat="43.6475100" lon="-79.3882520">
    <ele>87.1</ele>
    <time>2023-09-17T15:18:20Z</time>
   </trkpt>
   <trkpt lat="43.6475210" lon="-79.3882600">
    <ele>87.1</ele>
    <time>2023-09-17T15:18:21Z</time>
   </trkpt>
   <trkpt lat="43.6475330" lon="-79.3882690">
    <ele>87.1</ele>
    <time>2023-09-17T15:18:22Z</time>
   </trkpt>
   <trkpt lat="43.6475450" lon="-79.3882770">
    <ele>87.1</ele>
    <time>2023-09-17T15:18:23Z</time>
   </trkpt>
   <trkpt lat="43.6475790" lon="-79.3882980">
    <ele>87.2</ele>
    <time>2023-09-17T15:18:24Z</time>
   </trkpt>
   <trkpt lat="43.6475930" lon="-79.3883070">
    <ele>87.2</ele>
    <time>2023-09-17T15:18:25Z</time>
   </trkpt>
   <trkpt lat="43.6476730" lon="-79.3883800">
    <ele>87.4</ele>
    <time>2023-09-17T15:18:26Z</time>
   </trkpt>
   <trkpt lat="43.6480200" lon="-79.3885890">
    <ele>87.7</ele>
    <time>2023-09-17T15:18:27Z</time>
   </trkpt>
   <trkpt lat="43.6480420" lon="-79.3886180">
    <ele>87.8</ele>
    <time>2023-09-17T15:18:28Z</time>
   </trkpt>
   <trkpt lat="43.6480130" lon="-79.3885660">
    <ele>87.8</ele>
    <time>2023-09-17T15:18:29Z</time>
   </trkpt>
   <trkpt lat="43.6480800" lon="-79.3886110">
    <ele>87.9</ele>
    <time>2023-09-17T15:18:30Z</time>
   </trkpt>
   <trkpt lat="43.6480800" lon="-79.3885710">
    <ele>88.0</ele>
    <time>2023-09-17T15:18:31Z</time>
   </trkpt>
   <trkpt lat="43.6480800" lon="-79.3885520">
    <ele>88.0</ele>
    <time>2023-09-17T15:18:32Z</time>
   </trkpt>
   <trkpt lat="43.6480800" lon="-79.3885330">
    <ele>88.0</ele>
    <time>2023-09-17T15:18:33Z</time>
   </trkpt>
   <trkpt lat="43.6481020" lon="-79.3885230">
    <ele>88.0</ele>
    <time>2023-09-17T15:18:34Z</time>
   </trkpt>
   <trkpt lat="43.6481120" lon="-79.3885210">
    <ele>88.0</ele>
    <time>2023-09-17T15:18:35Z</time>
   </trkpt>
   <trkpt lat="43.6481220" lon="-79.3885190">
    <ele>88.0</ele>
    <time>2023-09-17T15:18:36Z</time>
   </trkpt>
   <trkpt lat="43.6481400" lon="-79.3885170">
    <ele>88.1</ele>
    <time>2023-09-17T15:18:37Z</time>
   </trkpt>
   <trkpt lat="43.6481530" lon="-79.3885180">
    <ele>88.1</ele>
    <time>2023-09-17T15:18:38Z</time>
   </trkpt>
   <trkpt lat="43.6481940" lon="-79.3885130">
    <ele>88.0</ele>
    <time>2023-09-17T15:18:39Z</time>
   </trkpt>
   <trkpt lat="43.6482120" lon="-79.3885090">
    <ele>88.0</ele>
    <time>2023-09-17T15:18:40Z</time>
   </trkpt>
   <trkpt lat="43.6482350" lon="-79.3884870">
    <ele>88.0</ele>
    <time>2023-09-17T15:18:41Z</time>
   </trkpt>
   <trkpt lat="43.6482380" lon="-79.3884710">
    <ele>88.0</ele>
    <time>2023-09-17T15:18:42Z</time>
   </trkpt>
   <trkpt lat="43.6482420" lon="-79.3884550">
    <ele>88.0</ele>
    <time>2023-09-17T15:18:43Z</time>
   </trkpt>
   <trkpt lat="43.6482680" lon="-79.3884460">
    <ele>87.9</ele>
    <time>2023-09-17T15:18:44Z</time>
   </trkpt>
   <trkpt lat="43.6483110" lon="-79.3884300">
    <ele>87.9</ele>
    <time>2023-09-17T15:18:45Z</time>
   </trkpt>
   <trkpt lat="43.6483280" lon="-79.3884210">
    <ele>87.9</ele>
    <time>2023-09-17T15:18:46Z</time>
   </trkpt>
   <trkpt lat="43.6482860" lon="-79.3883260">
    <ele>87.9</ele>
    <time>2023-09-17T15:18:47Z</time>
   </trkpt>
   <trkpt lat="43.6483310" lon="-79.3882950">
    <ele>87.9</ele>
    <time>2023-09-17T15:18:48Z</time>
   </trkpt>
   <trkpt lat="43.6483620" lon="-79.3882860">
    <ele>87.9</ele>
    <time>2023-09-17T15:18:49Z</time>
   </trkpt>
   <trkpt lat="43.6483940" lon="-79.3882710">
    <ele>87.8</ele>
    <time>2023-09-17T15:18:50Z</time>
   </trkpt>
   <trkpt lat="43.6484090" lon="-79.3882580">
    <ele>87.8</ele>
    <time>2023-09-17T15:18:51Z</time>
   </trkpt>
   <trkpt lat="43.6484400" lon="-79.3882430">
    <ele>87.8</ele>
    <time>2023-09-17T15:18:52Z</time>
   </trkpt>
   <trkpt lat="43.6484540" lon="-79.3882310">
    <ele>87.8</ele>
    <time>2023-09-17T15:18:53Z</time>
   </trkpt>
   <trkpt lat="43.6484690" lon="-79.3881960">
    <ele>87.8</ele>
    <time>2023-09-17T15:18:54Z</time>
   </trkpt>
   <trkpt lat="43.6484750" lon="-79.3881830">
    <ele>87.8</ele>
    <time>2023-09-17T15:18:55Z</time>
   </trkpt>
   <trkpt lat="43.6484950" lon="-79.3881590">
    <ele>87.8</ele>
    <time>2023-09-17T15:18:56Z</time>
   </trkpt>
   <trkpt lat="43.6485160" lon="-79.3881220">
    <ele>87.8</ele>
    <time>2023-09-17T15:18:57Z</time>
   </trkpt>
   <trkpt lat="43.6485220" lon="-79.3881080">
    <ele>87.8</ele>
    <time>2023-09-17T15:18:58Z</time>
   </trkpt>
   <trkpt lat="43.6485030" lon="-79.3880350">
    <ele>87.8</ele>
    <time>2023-09-17T15:18:59Z</time>
   </trkpt>
   <trkpt lat="43.6484840" lon="-79.3879830">
    <ele>87.8</ele>
    <time>2023-09-17T15:19:00Z</time>
   </trkpt>
   <trkpt lat="43.6484820" lon="-79.3879420">
    <ele>87.8</ele>
    <time>2023-09-17T15:19:01Z</time>
   </trkpt>
   <trkpt lat="43.6484740" lon="-79.3878890">
    <ele>87.8</ele>
    <time>2023-09-17T15:19:02Z</time>
   </trkpt>
   <trkpt lat="43.6484720" lon="-79.3878510">
    <ele>87.8</ele>
    <time>2023-09-17T15:19:03Z</time>
   </trkpt>
   <trkpt lat="43.6484680" lon="-79.3878030">
    <ele>87.7</ele>
    <time>2023-09-17T15:19:04Z</time>
   </trkpt>
   <trkpt lat="43.6484850" lon="-79.3877990">
    <ele>87.7</ele>
    <time>2023-09-17T15:19:05Z</time>
   </trkpt>
   <trkpt lat="43.6485100" lon="-79.3877840">
    <ele>87.8</ele>
    <time>2023-09-17T15:19:06Z</time>
   </trkpt>
   <trkpt lat="43.6483720" lon="-79.3877060">
    <ele>87.2</ele>
    <time>2023-09-17T15:19:07Z</time>
   </trkpt>
   <trkpt lat="43.6482480" lon="-79.3876270">
    <ele>86.9</ele>
    <time>2023-09-17T15:19:08Z</time>
   </trkpt>
   <trkpt lat="43.6481230" lon="-79.3875480">
    <ele>87.0</ele>
    <time>2023-09-17T15:19:09Z</time>
   </trkpt>
   <trkpt lat="43.6480880" lon="-79.3875700">
    <ele>87.1</ele>
    <time>2023-09-17T15:19:10Z</time>
   </trkpt>
   <trkpt lat="43.6480610" lon="-79.3875570">
    <ele>87.1</ele>
    <time>2023-09-17T15:19:11Z</time>
   </trkpt>
   <trkpt lat="43.6480260" lon="-79.3875540">
    <ele>87.2</ele>
    <time>2023-09-17T15:19:12Z</time>
   </trkpt>
   <trkpt lat="43.6480150" lon="-79.3875570">
    <ele>87.2</ele>
    <time>2023-09-17T15:19:13Z</time>
   </trkpt>
   <trkpt lat="43.6479970" lon="-79.3875590">
    <ele>87.2</ele>
    <time>2023-09-17T15:19:14Z</time>
   </trkpt>
   <trkpt lat="43.6479820" lon="-79.3875660">
    <ele>87.2</ele>
    <time>2023-09-17T15:19:15Z</time>
   </trkpt>
   <trkpt lat="43.6479550" lon="-79.3875790">
    <ele>87.2</ele>
    <time>2023-09-17T15:19:16Z</time>
   </trkpt>
   <trkpt lat="43.6479460" lon="-79.3875840">
    <ele>87.2</ele>
    <time>2023-09-17T15:19:17Z</time>
   </trkpt>
   <trkpt lat="43.6479310" lon="-79.3875890">
    <ele>87.2</ele>
    <time>2023-09-17T15:19:18Z</time>
   </trkpt>
   <trkpt lat="43.6479190" lon="-79.3875850">
    <ele>87.2</ele>
    <time>2023-09-17T15:19:19Z</time>
   </trkpt>
   <trkpt lat="43.6479050" lon="-79.3875950">
    <ele>87.2</ele>
    <time>2023-09-17T15:19:20Z</time>
   </trkpt>
   <trkpt lat="43.6478910" lon="-79.3875980">
    <ele>87.2</ele>
    <time>2023-09-17T15:19:21Z</time>
   </trkpt>
   <trkpt lat="43.6478800" lon="-79.3875990">
    <ele>87.2</ele>
    <time>2023-09-17T15:19:22Z</time>
   </trkpt>
   <trkpt lat="43.6478640" lon="-79.3876030">
    <ele>87.1</ele>
    <time>2023-09-17T15:19:23Z</time>
   </trkpt>
   <trkpt lat="43.6478660" lon="-79.3875740">
    <ele>87.2</ele>
    <time>2023-09-17T15:19:24Z</time>
   </trkpt>
   <trkpt lat="43.6478390" lon="-79.3875720">
    <ele>87.1</ele>
    <time>2023-09-17T15:19:25Z</time>
   </trkpt>
   <trkpt lat="43.6477970" lon="-79.3875350">
    <ele>86.9</ele>
    <time>2023-09-17T15:19:26Z</time>
   </trkpt>
   <trkpt lat="43.6477720" lon="-79.3875210">
    <ele>86.8</ele>
    <time>2023-09-17T15:19:27Z</time>
   </trkpt>
   <trkpt lat="43.6477980" lon="-79.3874580">
    <ele>87.0</ele>
    <time>2023-09-17T15:19:28Z</time>
   </trkpt>
   <trkpt lat="43.6477980" lon="-79.3874390">
    <ele>87.0</ele>
    <time>2023-09-17T15:19:29Z</time>
   </trkpt>
   <trkpt lat="43.6478010" lon="-79.3874520">
    <ele>87.1</ele>
    <time>2023-09-17T15:19:30Z</time>
   </trkpt>
   <trkpt lat="43.6478220" lon="-79.3874840">
    <ele>87.2</ele>
    <time>2023-09-17T15:19:31Z</time>
   </trkpt>
   <trkpt lat="43.6477890" lon="-79.3874620">
    <ele>87.1</ele>
    <time>2023-09-17T15:19:32Z</time>
   </trkpt>
   <trkpt lat="43.6477610" lon="-79.3874380">
    <ele>87.0</ele>
    <time>2023-09-17T15:19:33Z</time>
   </trkpt>
   <trkpt lat="43.6476880" lon="-79.3873750">
    <ele>86.7</ele>
    <time>2023-09-17T15:19:34Z</time>
   </trkpt>
   <trkpt lat="43.6476520" lon="-79.3873420">
    <ele>86.7</ele>
    <time>2023-09-17T15:19:35Z</time>
   </trkpt>
   <trkpt lat="43.6476230" lon="-79.3873090">
    <ele>86.7</ele>
    <time>2023-09-17T15:19:36Z</time>
   </trkpt>
   <trkpt lat="43.6476130" lon="-79.3873000">
    <ele>86.8</ele>
    <time>2023-09-17T15:19:37Z</time>
   </trkpt>
   <trkpt lat="43.6476070" lon="-79.3872870">
    <ele>86.8</ele>
    <time>2023-09-17T15:19:38Z</time>
   </trkpt>
   <trkpt lat="43.6476060" lon="-79.3872790">
    <ele>86.8</ele>
    <time>2023-09-17T15:19:39Z</time>
   </trkpt>
   <trkpt lat="43.6475940" lon="-79.3872690">
    <ele>86.8</ele>
    <time>2023-09-17T15:19:40Z</time>
   </trkpt>
   <trkpt lat="43.6475370" lon="-79.3871580">
    <ele>86.9</ele>
    <time>2023-09-17T15:19:41Z</time>
   </trkpt>
   <trkpt lat="43.6474670" lon="-79.3871370">
    <ele>87.0</ele>
    <time>2023-09-17T15:19:42Z</time>
   </trkpt>
   <trkpt lat="43.6474000" lon="-79.3871250">
    <ele>87.1</ele>
    <time>2023-09-17T15:19:43Z</time>
   </trkpt>
   <trkpt lat="43.6473320" lon="-79.3871140">
    <ele>87.1</ele>
    <time>2023-09-17T15:19:44Z</time>
   </trkpt>
   <trkpt lat="43.6472640" lon="-79.3871020">
    <ele>86.9</ele>
    <time>2023-09-17T15:19:45Z</time>
   </trkpt>
   <trkpt lat="43.6471960" lon="-79.3870910">
    <ele>86.7</ele>
    <time>2023-09-17T15:19:46Z</time>
   </trkpt>
   <trkpt lat="43.6471430" lon="-79.3869870">
    <ele>86.5</ele>
    <time>2023-09-17T15:19:47Z</time>
   </trkpt>
   <trkpt lat="43.6471100" lon="-79.3869790">
    <ele>86.4</ele>
    <time>2023-09-17T15:19:48Z</time>
   </trkpt>
   <trkpt lat="43.6470990" lon="-79.3869760">
    <ele>86.3</ele>
    <time>2023-09-17T15:19:49Z</time>
   </trkpt>
   <trkpt lat="43.6470650" lon="-79.3869560">
    <ele>86.3</ele>
    <time>2023-09-17T15:19:50Z</time>
   </trkpt>
   <trkpt lat="43.6470530" lon="-79.3869500">
    <ele>86.3</ele>
    <time>2023-09-17T15:19:51Z</time>
   </trkpt>
   <trkpt lat="43.6470230" lon="-79.3869530">
    <ele>86.3</ele>
    <time>2023-09-17T15:19:52Z</time>
   </trkpt>
   <trkpt lat="43.6469850" lon="-79.3868390">
    <ele>86.3</ele>
    <time>2023-09-17T15:19:53Z</time>
   </trkpt>
   <trkpt lat="43.6469490" lon="-79.3868380">
    <ele>86.3</ele>
    <time>2023-09-17T15:19:54Z</time>
   </trkpt>
   <trkpt lat="43.6469350" lon="-79.3868430">
    <ele>86.3</ele>
    <time>2023-09-17T15:19:55Z</time>
   </trkpt>
   <trkpt lat="43.6469020" lon="-79.3868400">
    <ele>86.4</ele>
    <time>2023-09-17T15:19:56Z</time>
   </trkpt>
   <trkpt lat="43.6468890" lon="-79.3868410">
    <ele>86.4</ele>
    <time>2023-09-17T15:19:57Z</time>
   </trkpt>
   <trkpt lat="43.6468490" lon="-79.3867780">
    <ele>86.4</ele>
    <time>2023-09-17T15:19:58Z</time>
   </trkpt>
   <trkpt lat="43.6468310" lon="-79.3867190">
    <ele>86.5</ele>
    <time>2023-09-17T15:19:59Z</time>
   </trkpt>
   <trkpt lat="43.6468040" lon="-79.3867200">
    <ele>86.5</ele>
    <time>2023-09-17T15:20:00Z</time>
   </trkpt>
   <trkpt lat="43.6467940" lon="-79.3867190">
    <ele>86.5</ele>
    <time>2023-09-17T15:20:01Z</time>
   </trkpt>
   <trkpt lat="43.6467590" lon="-79.3867230">
    <ele>86.6</ele>
    <time>2023-09-17T15:20:02Z</time>
   </trkpt>
   <trkpt lat="43.6467450" lon="-79.3867270">
    <ele>86.6</ele>
    <time>2023-09-17T15:20:03Z</time>
   </trkpt>
   <trkpt lat="43.6467050" lon="-79.3866620">
    <ele>86.5</ele>
    <time>2023-09-17T15:20:04Z</time>
   </trkpt>
   <trkpt lat="43.6466900" lon="-79.3865930">
    <ele>86.2</ele>
    <time>2023-09-17T15:20:05Z</time>
   </trkpt>
   <trkpt lat="43.6466510" lon="-79.3866020">
    <ele>86.2</ele>
    <time>2023-09-17T15:20:06Z</time>
   </trkpt>
   <trkpt lat="43.6465750" lon="-79.3867130">
    <ele>86.4</ele>
    <time>2023-09-17T15:20:07Z</time>
   </trkpt>
   <trkpt lat="43.6465450" lon="-79.3865560">
    <ele>85.8</ele>
    <time>2023-09-17T15:20:08Z</time>
   </trkpt>
   <trkpt lat="43.6465220" lon="-79.3863060">
    <ele>85.7</ele>
    <time>2023-09-17T15:20:09Z</time>
   </trkpt>
   <trkpt lat="43.6464510" lon="-79.3857610">
    <ele>85.4</ele>
    <time>2023-09-17T15:20:10Z</time>
   </trkpt>
   <trkpt lat="43.6464310" lon="-79.3856990">
    <ele>85.0</ele>
    <time>2023-09-17T15:20:11Z</time>
   </trkpt>
   <trkpt lat="43.6464010" lon="-79.3856570">
    <ele>84.9</ele>
    <time>2023-09-17T15:20:12Z</time>
   </trkpt>
   <trkpt lat="43.6463720" lon="-79.3856410">
    <ele>84.8</ele>
    <time>2023-09-17T15:20:13Z</time>
   </trkpt>
   <trkpt lat="43.6463600" lon="-79.3856330">
    <ele>84.8</ele>
    <time>2023-09-17T15:20:14Z</time>
   </trkpt>
   <trkpt lat="43.6463450" lon="-79.3856200">
    <ele>84.8</ele>
    <time>2023-09-17T15:20:15Z</time>
   </trkpt>
   <trkpt lat="43.6463340" lon="-79.3856100">
    <ele>84.8</ele>
    <time>2023-09-17T15:20:16Z</time>
   </trkpt>
   <trkpt lat="43.6463140" lon="-79.3856120">
    <ele>84.8</ele>
    <time>2023-09-17T15:20:17Z</time>
   </trkpt>
   <trkpt lat="43.6463080" lon="-79.3856010">
    <ele>84.7</ele>
    <time>2023-09-17T15:20:18Z</time>
   </trkpt>
   <trkpt lat="43.6462910" lon="-79.3855820">
    <ele>84.7</ele>
    <time>2023-09-17T15:20:19Z</time>
   </trkpt>
   <trkpt lat="43.6462790" lon="-79.3855750">
    <ele>84.7</ele>
    <time>2023-09-17T15:20:20Z</time>
   </trkpt>
   <trkpt lat="43.6462680" lon="-79.3855690">
    <ele>84.7</ele>
    <time>2023-09-17T15:20:21Z</time>
   </trkpt>
   <trkpt lat="43.6462340" lon="-79.3855570">
    <ele>84.7</ele>
    <time>2023-09-17T15:20:22Z</time>
   </trkpt>
   <trkpt lat="43.6462200" lon="-79.3855530">
    <ele>84.6</ele>
    <time>2023-09-17T15:20:23Z</time>
   </trkpt>
   <trkpt lat="43.6461870" lon="-79.3855470">
    <ele>84.6</ele>
    <time>2023-09-17T15:20:24Z</time>
   </trkpt>
   <trkpt lat="43.6461740" lon="-79.3855390">
    <ele>84.6</ele>
    <time>2023-09-17T15:20:25Z</time>
   </trkpt>
   <trkpt lat="43.6461640" lon="-79.3855350">
    <ele>84.6</ele>
    <time>2023-09-17T15:20:26Z</time>
   </trkpt>
   <trkpt lat="43.6461630" lon="-79.3855510">
    <ele>84.6</ele>
    <time>2023-09-17T15:20:27Z</time>
   </trkpt>
   <trkpt lat="43.6461580" lon="-79.3855610">
    <ele>84.6</ele>
    <time>2023-09-17T15:20:28Z</time>
   </trkpt>
   <trkpt lat="43.6461540" lon="-79.3855780">
    <ele>84.6</ele>
    <time>2023-09-17T15:20:29Z</time>
   </trkpt>
   <trkpt lat="43.6461460" lon="-79.3855090">
    <ele>84.6</ele>
    <time>2023-09-17T15:20:30Z</time>
   </trkpt>
   <trkpt lat="43.6461380" lon="-79.3855190">
    <ele>84.6</ele>
    <time>2023-09-17T15:20:31Z</time>
   </trkpt>
   <trkpt lat="43.6461350" lon="-79.3855150">
    <ele>84.6</ele>
    <time>2023-09-17T15:20:32Z</time>
   </trkpt>
   <trkpt lat="43.6461350" lon="-79.3855150">
    <ele>84.6</ele>
    <time>2023-09-17T15:20:33Z</time>
   </trkpt>
   <trkpt lat="43.6461260" lon="-79.3855180">
    <ele>84.6</ele>
    <time>2023-09-17T15:20:34Z</time>
   </trkpt>
   <trkpt lat="43.6461430" lon="-79.3855030">
    <ele>84.5</ele>
    <time>2023-09-17T15:20:35Z</time>
   </trkpt>
   <trkpt lat="43.6461290" lon="-79.3855050">
    <ele>84.5</ele>
    <time>2023-09-17T15:20:36Z</time>
   </trkpt>
   <trkpt lat="43.6461200" lon="-79.3855220">
    <ele>84.5</ele>
    <time>2023-09-17T15:20:37Z</time>
   </trkpt>
   <trkpt lat="43.6460810" lon="-79.3855280">
    <ele>84.5</ele>
    <time>2023-09-17T15:20:38Z</time>
   </trkpt>
   <trkpt lat="43.6460350" lon="-79.3855330">
    <ele>84.5</ele>
    <time>2023-09-17T15:20:39Z</time>
   </trkpt>
   <trkpt lat="43.6460130" lon="-79.3855090">
    <ele>84.5</ele>
    <time>2023-09-17T15:20:40Z</time>
   </trkpt>
   <trkpt lat="43.6459800" lon="-79.3855270">
    <ele>84.4</ele>
    <time>2023-09-17T15:20:41Z</time>
   </trkpt>
   <trkpt lat="43.6459490" lon="-79.3855290">
    <ele>84.4</ele>
    <time>2023-09-17T15:20:42Z</time>
   </trkpt>
   <trkpt lat="43.6459000" lon="-79.3855130">
    <ele>84.3</ele>
    <time>2023-09-17T15:20:43Z</time>
   </trkpt>
   <trkpt lat="43.6458770" lon="-79.3855000">
    <ele>84.3</ele>
    <time>2023-09-17T15:20:44Z</time>
   </trkpt>
   <trkpt lat="43.6458400" lon="-79.3854820">
    <ele>84.2</ele>
    <time>2023-09-17T15:20:45Z</time>
   </trkpt>
   <trkpt lat="43.6458090" lon="-79.3854690">
    <ele>84.2</ele>
    <time>2023-09-17T15:20:46Z</time>
   </trkpt>
   <trkpt lat="43.6457770" lon="-79.3854520">
    <ele>84.1</ele>
    <time>2023-09-17T15:20:47Z</time>
   </trkpt>
   <trkpt lat="43.6457440" lon="-79.3854260">
    <ele>84.0</ele>
    <time>2023-09-17T15:20:48Z</time>
   </trkpt>
   <trkpt lat="43.6457040" lon="-79.3854030">
    <ele>84.0</ele>
    <time>2023-09-17T15:20:49Z</time>
   </trkpt>
   <trkpt lat="43.6456710" lon="-79.3853870">
    <ele>83.9</ele>
    <time>2023-09-17T15:20:50Z</time>
   </trkpt>
   <trkpt lat="43.6456460" lon="-79.3853350">
    <ele>83.8</ele>
    <time>2023-09-17T15:20:51Z</time>
   </trkpt>
   <trkpt lat="43.6456180" lon="-79.3853510">
    <ele>83.8</ele>
    <time>2023-09-17T15:20:52Z</time>
   </trkpt>
   <trkpt lat="43.6456050" lon="-79.3853480">
    <ele>83.8</ele>
    <time>2023-09-17T15:20:53Z</time>
   </trkpt>
   <trkpt lat="43.6455790" lon="-79.3853300">
    <ele>83.7</ele>
    <time>2023-09-17T15:20:54Z</time>
   </trkpt>
   <trkpt lat="43.6455520" lon="-79.3853130">
    <ele>83.7</ele>
    <time>2023-09-17T15:20:55Z</time>
   </trkpt>
   <trkpt lat="43.6455430" lon="-79.3853060">
    <ele>83.7</ele>
    <time>2023-09-17T15:20:56Z</time>
   </trkpt>
   <trkpt lat="43.6455170" lon="-79.3852860">
    <ele>83.6</ele>
    <time>2023-09-17T15:20:57Z</time>
   </trkpt>
   <trkpt lat="43.6455060" lon="-79.3852850">
    <ele>83.6</ele>
    <time>2023-09-17T15:20:58Z</time>
   </trkpt>
   <trkpt lat="43.6454800" lon="-79.3852660">
    <ele>83.6</ele>
    <time>2023-09-17T15:20:59Z</time>
   </trkpt>
   <trkpt lat="43.6454530" lon="-79.3852540">
    <ele>83.5</ele>
    <time>2023-09-17T15:21:00Z</time>
   </trkpt>
   <trkpt lat="43.6453950" lon="-79.3852490">
    <ele>83.4</ele>
    <time>2023-09-17T15:21:01Z</time>
   </trkpt>
   <trkpt lat="43.6453600" lon="-79.3852250">
    <ele>83.4</ele>
    <time>2023-09-17T15:21:02Z</time>
   </trkpt>
   <trkpt lat="43.6453480" lon="-79.3852120">
    <ele>83.3</ele>
    <time>2023-09-17T15:21:03Z</time>
   </trkpt>
   <trkpt lat="43.6453150" lon="-79.3852180">
    <ele>83.3</ele>
    <time>2023-09-17T15:21:04Z</time>
   </trkpt>
   <trkpt lat="43.6453050" lon="-79.3852130">
    <ele>83.3</ele>
    <time>2023-09-17T15:21:05Z</time>
   </trkpt>
   <trkpt lat="43.6452570" lon="-79.3852560">
    <ele>83.2</ele>
    <time>2023-09-17T15:21:06Z</time>
   </trkpt>
   <trkpt lat="43.6452340" lon="-79.3853050">
    <ele>83.2</ele>
    <time>2023-09-17T15:21:07Z</time>
   </trkpt>
   <trkpt lat="43.6452010" lon="-79.3853030">
    <ele>83.1</ele>
    <time>2023-09-17T15:21:08Z</time>
   </trkpt>
   <trkpt lat="43.6451740" lon="-79.3852990">
    <ele>83.1</ele>
    <time>2023-09-17T15:21:09Z</time>
   </trkpt>
   <trkpt lat="43.6451630" lon="-79.3852940">
    <ele>83.1</ele>
    <time>2023-09-17T15:21:10Z</time>
   </trkpt>
   <trkpt lat="43.6451300" lon="-79.3852720">
    <ele>83.0</ele>
    <time>2023-09-17T15:21:11Z</time>
   </trkpt>
   <trkpt lat="43.6451160" lon="-79.3852530">
    <ele>83.0</ele>
    <time>2023-09-17T15:21:12Z</time>
   </trkpt>
   <trkpt lat="43.6450920" lon="-79.3852230">
    <ele>82.9</ele>
    <time>2023-09-17T15:21:13Z</time>
   </trkpt>
   <trkpt lat="43.6450620" lon="-79.3851900">
    <ele>82.9</ele>
    <time>2023-09-17T15:21:15Z</time>
   </trkpt>
   <trkpt lat="43.6450510" lon="-79.3851750">
    <ele>82.8</ele>
    <time>2023-09-17T15:21:16Z</time>
   </trkpt>
   <trkpt lat="43.6450300" lon="-79.3851270">
    <ele>82.8</ele>
    <time>2023-09-17T15:21:17Z</time>
   </trkpt>
   <trkpt lat="43.6449970" lon="-79.3851040">
    <ele>82.7</ele>
    <time>2023-09-17T15:21:18Z</time>
   </trkpt>
   <trkpt lat="43.6449810" lon="-79.3850970">
    <ele>82.7</ele>
    <time>2023-09-17T15:21:19Z</time>
   </trkpt>
   <trkpt lat="43.6449490" lon="-79.3850690">
    <ele>82.6</ele>
    <time>2023-09-17T15:21:20Z</time>
   </trkpt>
   <trkpt lat="43.6449390" lon="-79.3850580">
    <ele>82.6</ele>
    <time>2023-09-17T15:21:21Z</time>
   </trkpt>
   <trkpt lat="43.6449120" lon="-79.3850400">
    <ele>82.5</ele>
    <time>2023-09-17T15:21:22Z</time>
   </trkpt>
   <trkpt lat="43.6448950" lon="-79.3850330">
    <ele>82.5</ele>
    <time>2023-09-17T15:21:23Z</time>
   </trkpt>
   <trkpt lat="43.6448790" lon="-79.3850060">
    <ele>82.5</ele>
    <time>2023-09-17T15:21:24Z</time>
   </trkpt>
   <trkpt lat="43.6448750" lon="-79.3850080">
    <ele>82.5</ele>
    <time>2023-09-17T15:21:25Z</time>
   </trkpt>
   <trkpt lat="43.6448460" lon="-79.3850420">
    <ele>82.4</ele>
    <time>2023-09-17T15:21:26Z</time>
   </trkpt>
   <trkpt lat="43.6448380" lon="-79.3850570">
    <ele>82.4</ele>
    <time>2023-09-17T15:21:27Z</time>
   </trkpt>
   <trkpt lat="43.6448420" lon="-79.3851120">
    <ele>82.3</ele>
    <time>2023-09-17T15:21:28Z</time>
   </trkpt>
   <trkpt lat="43.6448460" lon="-79.3851280">
    <ele>82.3</ele>
    <time>2023-09-17T15:21:29Z</time>
   </trkpt>
   <trkpt lat="43.6448400" lon="-79.3851280">
    <ele>82.3</ele>
    <time>2023-09-17T15:21:30Z</time>
   </trkpt>
   <trkpt lat="43.6448330" lon="-79.3851260">
    <ele>82.3</ele>
    <time>2023-09-17T15:21:31Z</time>
   </trkpt>
   <trkpt lat="43.6448370" lon="-79.3851280">
    <ele>82.3</ele>
    <time>2023-09-17T15:21:32Z</time>
   </trkpt>
   <trkpt lat="43.6448370" lon="-79.3851280">
    <ele>82.3</ele>
    <time>2023-09-17T15:21:33Z</time>
   </trkpt>
   <trkpt lat="43.6448370" lon="-79.3851280">
    <ele>82.3</ele>
    <time>2023-09-17T15:21:34Z</time>
   </trkpt>
   <trkpt lat="43.6448370" lon="-79.3851280">
    <ele>82.3</ele>
    <time>2023-09-17T15:21:35Z</time>
   </trkpt>
   <trkpt lat="43.6448370" lon="-79.3851280">
    <ele>82.3</ele>
    <time>2023-09-17T15:21:36Z</time>
   </trkpt>
   <trkpt lat="43.6448370" lon="-79.3851280">
    <ele>82.3</ele>
    <time>2023-09-17T15:21:37Z</time>
   </trkpt>
   <trkpt lat="43.6448200" lon="-79.3851200">
    <ele>82.2</ele>
    <time>2023-09-17T15:21:38Z</time>
   </trkpt>
   <trkpt lat="43.6448210" lon="-79.3851210">
    <ele>82.2</ele>
    <time>2023-09-17T15:21:39Z</time>
   </trkpt>
   <trkpt lat="43.6448300" lon="-79.3851140">
    <ele>82.2</ele>
    <time>2023-09-17T15:21:40Z</time>
   </trkpt>
   <trkpt lat="43.6448310" lon="-79.3851080">
    <ele>82.2</ele>
    <time>2023-09-17T15:21:41Z</time>
   </trkpt>
   <trkpt lat="43.6448290" lon="-79.3851060">
    <ele>82.2</ele>
    <time>2023-09-17T15:21:42Z</time>
   </trkpt>
   <trkpt lat="43.6448240" lon="-79.3851140">
    <ele>82.2</ele>
    <time>2023-09-17T15:21:43Z</time>
   </trkpt>
   <trkpt lat="43.6448240" lon="-79.3851140">
    <ele>82.2</ele>
    <time>2023-09-17T15:21:44Z</time>
   </trkpt>
   <trkpt lat="43.6448240" lon="-79.3851140">
    <ele>82.2</ele>
    <time>2023-09-17T15:21:45Z</time>
   </trkpt>
   <trkpt lat="43.6448240" lon="-79.3851140">
    <ele>82.2</ele>
    <time>2023-09-17T15:21:46Z</time>
   </trkpt>
   <trkpt lat="43.6448240" lon="-79.3851140">
    <ele>82.2</ele>
    <time>2023-09-17T15:21:47Z</time>
   </trkpt>
   <trkpt lat="43.6448240" lon="-79.3851140">
    <ele>82.2</ele>
    <time>2023-09-17T15:21:48Z</time>
   </trkpt>
   <trkpt lat="43.6448240" lon="-79.3851140">
    <ele>82.2</ele>
    <time>2023-09-17T15:21:49Z</time>
   </trkpt>
   <trkpt lat="43.6448240" lon="-79.3851140">
    <ele>82.2</ele>
    <time>2023-09-17T15:21:50Z</time>
   </trkpt>
   <trkpt lat="43.6448280" lon="-79.3851190">
    <ele>82.2</ele>
    <time>2023-09-17T15:21:51Z</time>
   </trkpt>
   <trkpt lat="43.6448270" lon="-79.3851230">
    <ele>82.2</ele>
    <time>2023-09-17T15:21:52Z</time>
   </trkpt>
   <trkpt lat="43.6448160" lon="-79.3851280">
    <ele>82.2</ele>
    <time>2023-09-17T15:21:53Z</time>
   </trkpt>
   <trkpt lat="43.6447860" lon="-79.3850990">
    <ele>82.1</ele>
    <time>2023-09-17T15:21:54Z</time>
   </trkpt>
   <trkpt lat="43.6447580" lon="-79.3850940">
    <ele>82.1</ele>
    <time>2023-09-17T15:21:55Z</time>
   </trkpt>
   <trkpt lat="43.6447100" lon="-79.3850700">
    <ele>81.9</ele>
    <time>2023-09-17T15:21:56Z</time>
   </trkpt>
   <trkpt lat="43.6446850" lon="-79.3850630">
    <ele>81.8</ele>
    <time>2023-09-17T15:21:57Z</time>
   </trkpt>
   <trkpt lat="43.6446550" lon="-79.3850440">
    <ele>81.6</ele>
    <time>2023-09-17T15:21:58Z</time>
   </trkpt>
   <trkpt lat="43.6446390" lon="-79.3850350">
    <ele>81.5</ele>
    <time>2023-09-17T15:21:59Z</time>
   </trkpt>
   <trkpt lat="43.6446190" lon="-79.3849940">
    <ele>81.2</ele>
    <time>2023-09-17T15:22:00Z</time>
   </trkpt>
   <trkpt lat="43.6445930" lon="-79.3849770">
    <ele>81.0</ele>
    <time>2023-09-17T15:22:01Z</time>
   </trkpt>
   <trkpt lat="43.6445630" lon="-79.3849320">
    <ele>80.7</ele>
    <time>2023-09-17T15:22:02Z</time>
   </trkpt>
   <trkpt lat="43.6445170" lon="-79.3849010">
    <ele>80.2</ele>
    <time>2023-09-17T15:22:03Z</time>
   </trkpt>
   <trkpt lat="43.6444950" lon="-79.3848860">
    <ele>80.0</ele>
    <time>2023-09-17T15:22:04Z</time>
   </trkpt>
   <trkpt lat="43.6444670" lon="-79.3848530">
    <ele>79.8</ele>
    <time>2023-09-17T15:22:05Z</time>
   </trkpt>
   <trkpt lat="43.6444340" lon="-79.3848330">
    <ele>79.4</ele>
    <time>2023-09-17T15:22:06Z</time>
   </trkpt>
   <trkpt lat="43.6443930" lon="-79.3848110">
    <ele>79.2</ele>
    <time>2023-09-17T15:22:07Z</time>
   </trkpt>
   <trkpt lat="43.6443760" lon="-79.3847990">
    <ele>79.2</ele>
    <time>2023-09-17T15:22:08Z</time>
   </trkpt>
   <trkpt lat="43.6443280" lon="-79.3847810">
    <ele>79.0</ele>
    <time>2023-09-17T15:22:09Z</time>
   </trkpt>
   <trkpt lat="43.6442910" lon="-79.3847740">
    <ele>78.8</ele>
    <time>2023-09-17T15:22:10Z</time>
   </trkpt>
   <trkpt lat="43.6442530" lon="-79.3848220">
    <ele>78.7</ele>
    <time>2023-09-17T15:22:11Z</time>
   </trkpt>
   <trkpt lat="43.6442520" lon="-79.3848340">
    <ele>78.7</ele>
    <time>2023-09-17T15:22:12Z</time>
   </trkpt>
   <trkpt lat="43.6442330" lon="-79.3848500">
    <ele>78.6</ele>
    <time>2023-09-17T15:22:13Z</time>
   </trkpt>
   <trkpt lat="43.6441980" lon="-79.3848550">
    <ele>78.5</ele>
    <time>2023-09-17T15:22:14Z</time>
   </trkpt>
   <trkpt lat="43.6441880" lon="-79.3848560">
    <ele>78.4</ele>
    <time>2023-09-17T15:22:15Z</time>
   </trkpt>
   <trkpt lat="43.6441580" lon="-79.3848700">
    <ele>78.3</ele>
    <time>2023-09-17T15:22:16Z</time>
   </trkpt>
   <trkpt lat="43.6441340" lon="-79.3848730">
    <ele>78.0</ele>
    <time>2023-09-17T15:22:17Z</time>
   </trkpt>
   <trkpt lat="43.6441200" lon="-79.3848750">
    <ele>78.0</ele>
    <time>2023-09-17T15:22:18Z</time>
   </trkpt>
   <trkpt lat="43.6441100" lon="-79.3848620">
    <ele>78.0</ele>
    <time>2023-09-17T15:22:19Z</time>
   </trkpt>
   <trkpt lat="43.6441100" lon="-79.3848430">
    <ele>78.0</ele>
    <time>2023-09-17T15:22:20Z</time>
   </trkpt>
   <trkpt lat="43.6441010" lon="-79.3848460">
    <ele>78.0</ele>
    <time>2023-09-17T15:22:21Z</time>
   </trkpt>
   <trkpt lat="43.6440420" lon="-79.3848280">
    <ele>77.9</ele>
    <time>2023-09-17T15:22:22Z</time>
   </trkpt>
   <trkpt lat="43.6440100" lon="-79.3848070">
    <ele>77.8</ele>
    <time>2023-09-17T15:22:23Z</time>
   </trkpt>
   <trkpt lat="43.6439550" lon="-79.3847860">
    <ele>77.8</ele>
    <time>2023-09-17T15:22:24Z</time>
   </trkpt>
   <trkpt lat="43.6439220" lon="-79.3847550">
    <ele>77.7</ele>
    <time>2023-09-17T15:22:25Z</time>
   </trkpt>
   <trkpt lat="43.6438800" lon="-79.3847350">
    <ele>77.7</ele>
    <time>2023-09-17T15:22:26Z</time>
   </trkpt>
   <trkpt lat="43.6438450" lon="-79.3847260">
    <ele>77.6</ele>
    <time>2023-09-17T15:22:27Z</time>
   </trkpt>
   <trkpt lat="43.6438340" lon="-79.3847220">
    <ele>77.6</ele>
    <time>2023-09-17T15:22:28Z</time>
   </trkpt>
   <trkpt lat="43.6438010" lon="-79.3847120">
    <ele>77.6</ele>
    <time>2023-09-17T15:22:29Z</time>
   </trkpt>
   <trkpt lat="43.6437890" lon="-79.3847130">
    <ele>77.6</ele>
    <time>2023-09-17T15:22:30Z</time>
   </trkpt>
   <trkpt lat="43.6437580" lon="-79.3846990">
    <ele>77.5</ele>
    <time>2023-09-17T15:22:31Z</time>
   </trkpt>
   <trkpt lat="43.6437480" lon="-79.3846950">
    <ele>77.5</ele>
    <time>2023-09-17T15:22:32Z</time>
   </trkpt>
   <trkpt lat="43.6437250" lon="-79.3846870">
    <ele>77.5</ele>
    <time>2023-09-17T15:22:33Z</time>
   </trkpt>
   <trkpt lat="43.6437020" lon="-79.3846830">
    <ele>77.5</ele>
    <time>2023-09-17T15:22:35Z</time>
   </trkpt>
   <trkpt lat="43.6436670" lon="-79.3846770">
    <ele>77.5</ele>
    <time>2023-09-17T15:22:36Z</time>
   </trkpt>
   <trkpt lat="43.6436550" lon="-79.3846740">
    <ele>77.5</ele>
    <time>2023-09-17T15:22:37Z</time>
   </trkpt>
   <trkpt lat="43.6436320" lon="-79.3846600">
    <ele>77.4</ele>
    <time>2023-09-17T15:22:38Z</time>
   </trkpt>
   <trkpt lat="43.6435490" lon="-79.3845910">
    <ele>77.4</ele>
    <time>2023-09-17T15:22:42Z</time>
   </trkpt>
   <trkpt lat="43.6435290" lon="-79.3845510">
    <ele>77.4</ele>
    <time>2023-09-17T15:22:43Z</time>
   </trkpt>
   <trkpt lat="43.6435190" lon="-79.3845050">
    <ele>77.4</ele>
    <time>2023-09-17T15:22:44Z</time>
   </trkpt>
   <trkpt lat="43.6434900" lon="-79.3844730">
    <ele>77.4</ele>
    <time>2023-09-17T15:22:45Z</time>
   </trkpt>
   <trkpt lat="43.6434820" lon="-79.3844590">
    <ele>77.4</ele>
    <time>2023-09-17T15:22:46Z</time>
   </trkpt>
   <trkpt lat="43.6434570" lon="-79.3844210">
    <ele>77.4</ele>
    <time>2023-09-17T15:22:47Z</time>
   </trkpt>
   <trkpt lat="43.6434470" lon="-79.3844140">
    <ele>77.4</ele>
    <time>2023-09-17T15:22:48Z</time>
   </trkpt>
   <trkpt lat="43.6434170" lon="-79.3843910">
    <ele>77.5</ele>
    <time>2023-09-17T15:22:49Z</time>
   </trkpt>
   <trkpt lat="43.6434070" lon="-79.3843840">
    <ele>77.5</ele>
    <time>2023-09-17T15:22:50Z</time>
   </trkpt>
   <trkpt lat="43.6434060" lon="-79.3840920">
    <ele>77.5</ele>
    <time>2023-09-17T15:22:51Z</time>
   </trkpt>
   <trkpt lat="43.6432640" lon="-79.3843340">
    <ele>77.5</ele>
    <time>2023-09-17T15:22:52Z</time>
   </trkpt>
   <trkpt lat="43.6431580" lon="-79.3842390">
    <ele>77.6</ele>
    <time>2023-09-17T15:22:53Z</time>
   </trkpt>
   <trkpt lat="43.6431250" lon="-79.3842430">
    <ele>77.6</ele>
    <time>2023-09-17T15:22:54Z</time>
   </trkpt>
   <trkpt lat="43.6430960" lon="-79.3842660">
    <ele>77.7</ele>
    <time>2023-09-17T15:22:55Z</time>
   </trkpt>
   <trkpt lat="43.6430860" lon="-79.3842660">
    <ele>77.7</ele>
    <time>2023-09-17T15:22:56Z</time>
   </trkpt>
   <trkpt lat="43.6430910" lon="-79.3842760">
    <ele>77.7</ele>
    <time>2023-09-17T15:22:57Z</time>
   </trkpt>
   <trkpt lat="43.6430560" lon="-79.3842670">
    <ele>77.7</ele>
    <time>2023-09-17T15:22:58Z</time>
   </trkpt>
   <trkpt lat="43.6430240" lon="-79.3842490">
    <ele>77.8</ele>
    <time>2023-09-17T15:22:59Z</time>
   </trkpt>
   <trkpt lat="43.6430120" lon="-79.3842470">
    <ele>77.8</ele>
    <time>2023-09-17T15:23:00Z</time>
   </trkpt>
   <trkpt lat="43.6429830" lon="-79.3842270">
    <ele>77.9</ele>
    <time>2023-09-17T15:23:01Z</time>
   </trkpt>
   <trkpt lat="43.6429510" lon="-79.3842360">
    <ele>78.0</ele>
    <time>2023-09-17T15:23:02Z</time>
   </trkpt>
   <trkpt lat="43.6429410" lon="-79.3842270">
    <ele>78.0</ele>
    <time>2023-09-17T15:23:03Z</time>
   </trkpt>
   <trkpt lat="43.6429270" lon="-79.3842350">
    <ele>78.0</ele>
    <time>2023-09-17T15:23:04Z</time>
   </trkpt>
   <trkpt lat="43.6429100" lon="-79.3842140">
    <ele>78.1</ele>
    <time>2023-09-17T15:23:05Z</time>
   </trkpt>
   <trkpt lat="43.6428790" lon="-79.3841870">
    <ele>78.2</ele>
    <time>2023-09-17T15:23:06Z</time>
   </trkpt>
   <trkpt lat="43.6428690" lon="-79.3841810">
    <ele>78.2</ele>
    <time>2023-09-17T15:23:07Z</time>
   </trkpt>
   <trkpt lat="43.6428310" lon="-79.3841850">
    <ele>78.3</ele>
    <time>2023-09-17T15:23:08Z</time>
   </trkpt>
   <trkpt lat="43.6428200" lon="-79.3841840">
    <ele>78.3</ele>
    <time>2023-09-17T15:23:09Z</time>
   </trkpt>
   <trkpt lat="43.6427900" lon="-79.3841850">
    <ele>78.4</ele>
    <time>2023-09-17T15:23:10Z</time>
   </trkpt>
   <trkpt lat="43.6427600" lon="-79.3841810">
    <ele>78.5</ele>
    <time>2023-09-17T15:23:11Z</time>
   </trkpt>
   <trkpt lat="43.6427230" lon="-79.3841790">
    <ele>78.7</ele>
    <time>2023-09-17T15:23:12Z</time>
   </trkpt>
   <trkpt lat="43.6427110" lon="-79.3841810">
    <ele>78.7</ele>
    <time>2023-09-17T15:23:13Z</time>
   </trkpt>
   <trkpt lat="43.6426820" lon="-79.3841850">
    <ele>78.8</ele>
    <time>2023-09-17T15:23:14Z</time>
   </trkpt>
   <trkpt lat="43.6426500" lon="-79.3841750">
    <ele>78.9</ele>
    <time>2023-09-17T15:23:15Z</time>
   </trkpt>
   <trkpt lat="43.6426160" lon="-79.3841660">
    <ele>79.0</ele>
    <time>2023-09-17T15:23:16Z</time>
   </trkpt>
   <trkpt lat="43.6425850" lon="-79.3841450">
    <ele>79.2</ele>
    <time>2023-09-17T15:23:17Z</time>
   </trkpt>
   <trkpt lat="43.6425760" lon="-79.3841380">
    <ele>79.2</ele>
    <time>2023-09-17T15:23:18Z</time>
   </trkpt>
   <trkpt lat="43.6425470" lon="-79.3841470">
    <ele>79.3</ele>
    <time>2023-09-17T15:23:19Z</time>
   </trkpt>
   <trkpt lat="43.6425120" lon="-79.3841390">
    <ele>79.4</ele>
    <time>2023-09-17T15:23:21Z</time>
   </trkpt>
   <trkpt lat="43.6425010" lon="-79.3841320">
    <ele>79.4</ele>
    <time>2023-09-17T15:23:22Z</time>
   </trkpt>
   <trkpt lat="43.6424700" lon="-79.3841400">
    <ele>79.5</ele>
    <time>2023-09-17T15:23:23Z</time>
   </trkpt>
   <trkpt lat="43.6424540" lon="-79.3841520">
    <ele>79.5</ele>
    <time>2023-09-17T15:23:24Z</time>
   </trkpt>
   <trkpt lat="43.6424210" lon="-79.3841430">
    <ele>79.6</ele>
    <time>2023-09-17T15:23:25Z</time>
   </trkpt>
   <trkpt lat="43.6424120" lon="-79.3841360">
    <ele>79.6</ele>
    <time>2023-09-17T15:23:26Z</time>
   </trkpt>
   <trkpt lat="43.6423750" lon="-79.3841430">
    <ele>79.7</ele>
    <time>2023-09-17T15:23:27Z</time>
   </trkpt>
   <trkpt lat="43.6423640" lon="-79.3841460">
    <ele>79.7</ele>
    <time>2023-09-17T15:23:28Z</time>
   </trkpt>
   <trkpt lat="43.6423340" lon="-79.3841280">
    <ele>79.7</ele>
    <time>2023-09-17T15:23:29Z</time>
   </trkpt>
   <trkpt lat="43.6422970" lon="-79.3841300">
    <ele>79.7</ele>
    <time>2023-09-17T15:23:30Z</time>
   </trkpt>
   <trkpt lat="43.6422850" lon="-79.3841360">
    <ele>79.7</ele>
    <time>2023-09-17T15:23:31Z</time>
   </trkpt>
   <trkpt lat="43.6422550" lon="-79.3841240">
    <ele>79.7</ele>
    <time>2023-09-17T15:23:32Z</time>
   </trkpt>
   <trkpt lat="43.6422390" lon="-79.3840930">
    <ele>79.6</ele>
    <time>2023-09-17T15:23:33Z</time>
   </trkpt>
   <trkpt lat="43.6422140" lon="-79.3840560">
    <ele>79.6</ele>
    <time>2023-09-17T15:23:34Z</time>
   </trkpt>
   <trkpt lat="43.6422040" lon="-79.3840460">
    <ele>79.6</ele>
    <time>2023-09-17T15:23:35Z</time>
   </trkpt>
   <trkpt lat="43.6421770" lon="-79.3840470">
    <ele>79.5</ele>
    <time>2023-09-17T15:23:36Z</time>
   </trkpt>
   <trkpt lat="43.6421550" lon="-79.3840200">
    <ele>79.5</ele>
    <time>2023-09-17T15:23:37Z</time>
   </trkpt>
   <trkpt lat="43.6421260" lon="-79.3840370">
    <ele>79.5</ele>
    <time>2023-09-17T15:23:38Z</time>
   </trkpt>
   <trkpt lat="43.6420950" lon="-79.3840290">
    <ele>79.4</ele>
    <time>2023-09-17T15:23:39Z</time>
   </trkpt>
   <trkpt lat="43.6420880" lon="-79.3840270">
    <ele>79.4</ele>
    <time>2023-09-17T15:23:40Z</time>
   </trkpt>
   <trkpt lat="43.6420820" lon="-79.3840250">
    <ele>79.4</ele>
    <time>2023-09-17T15:23:41Z</time>
   </trkpt>
   <trkpt lat="43.6420450" lon="-79.3840180">
    <ele>79.3</ele>
    <time>2023-09-17T15:23:42Z</time>
   </trkpt>
   <trkpt lat="43.6420280" lon="-79.3840140">
    <ele>79.3</ele>
    <time>2023-09-17T15:23:43Z</time>
   </trkpt>
   <trkpt lat="43.6419970" lon="-79.3840010">
    <ele>79.3</ele>
    <time>2023-09-17T15:23:44Z</time>
   </trkpt>
   <trkpt lat="43.6419690" lon="-79.3839840">
    <ele>79.2</ele>
    <time>2023-09-17T15:23:45Z</time>
   </trkpt>
   <trkpt lat="43.6419330" lon="-79.3839520">
    <ele>79.1</ele>
    <time>2023-09-17T15:23:46Z</time>
   </trkpt>
   <trkpt lat="43.6419180" lon="-79.3839400">
    <ele>79.1</ele>
    <time>2023-09-17T15:23:47Z</time>
   </trkpt>
   <trkpt lat="43.6418820" lon="-79.3839130">
    <ele>79.0</ele>
    <time>2023-09-17T15:23:48Z</time>
   </trkpt>
   <trkpt lat="43.6418700" lon="-79.3838970">
    <ele>79.0</ele>
    <time>2023-09-17T15:23:49Z</time>
   </trkpt>
   <trkpt lat="43.6418310" lon="-79.3838840">
    <ele>79.0</ele>
    <time>2023-09-17T15:23:50Z</time>
   </trkpt>
   <trkpt lat="43.6418150" lon="-79.3838830">
    <ele>78.9</ele>
    <time>2023-09-17T15:23:51Z</time>
   </trkpt>
   <trkpt lat="43.6417820" lon="-79.3838630">
    <ele>78.9</ele>
    <time>2023-09-17T15:23:52Z</time>
   </trkpt>
   <trkpt lat="43.6417540" lon="-79.3838410">
    <ele>78.8</ele>
    <time>2023-09-17T15:23:53Z</time>
   </trkpt>
   <trkpt lat="43.6417210" lon="-79.3838080">
    <ele>78.8</ele>
    <time>2023-09-17T15:23:54Z</time>
   </trkpt>
   <trkpt lat="43.6417110" lon="-79.3837930">
    <ele>78.8</ele>
    <time>2023-09-17T15:23:55Z</time>
   </trkpt>
   <trkpt lat="43.6416880" lon="-79.3837580">
    <ele>78.7</ele>
    <time>2023-09-17T15:23:56Z</time>
   </trkpt>
   <trkpt lat="43.6416800" lon="-79.3837480">
    <ele>78.7</ele>
    <time>2023-09-17T15:23:57Z</time>
   </trkpt>
   <trkpt lat="43.6416440" lon="-79.3836710">
    <ele>78.6</ele>
    <time>2023-09-17T15:23:58Z</time>
   </trkpt>
   <trkpt lat="43.6416160" lon="-79.3836540">
    <ele>78.6</ele>
    <time>2023-09-17T15:23:59Z</time>
   </trkpt>
   <trkpt lat="43.6415890" lon="-79.3836100">
    <ele>78.5</ele>
    <time>2023-09-17T15:24:00Z</time>
   </trkpt>
   <trkpt lat="43.6415420" lon="-79.3836020">
    <ele>78.5</ele>
    <time>2023-09-17T15:24:01Z</time>
   </trkpt>
   <trkpt lat="43.6415210" lon="-79.3835700">
    <ele>78.4</ele>
    <time>2023-09-17T15:24:02Z</time>
   </trkpt>
   <trkpt lat="43.6414900" lon="-79.3835760">
    <ele>78.4</ele>
    <time>2023-09-17T15:24:03Z</time>
   </trkpt>
   <trkpt lat="43.6414610" lon="-79.3835750">
    <ele>78.3</ele>
    <time>2023-09-17T15:24:04Z</time>
   </trkpt>
   <trkpt lat="43.6414320" lon="-79.3835530">
    <ele>78.3</ele>
    <time>2023-09-17T15:24:05Z</time>
   </trkpt>
   <trkpt lat="43.6414030" lon="-79.3835460">
    <ele>78.3</ele>
    <time>2023-09-17T15:24:06Z</time>
   </trkpt>
   <trkpt lat="43.6413720" lon="-79.3835350">
    <ele>78.2</ele>
    <time>2023-09-17T15:24:07Z</time>
   </trkpt>
   <trkpt lat="43.6413470" lon="-79.3834970">
    <ele>78.2</ele>
    <time>2023-09-17T15:24:08Z</time>
   </trkpt>
   <trkpt lat="43.6413250" lon="-79.3834620">
    <ele>78.2</ele>
    <time>2023-09-17T15:24:09Z</time>
   </trkpt>
   <trkpt lat="43.6413120" lon="-79.3834010">
    <ele>78.2</ele>
    <time>2023-09-17T15:24:10Z</time>
   </trkpt>
   <trkpt lat="43.6413010" lon="-79.3833590">
    <ele>78.2</ele>
    <time>2023-09-17T15:24:11Z</time>
   </trkpt>
   <trkpt lat="43.6412910" lon="-79.3833010">
    <ele>78.2</ele>
    <time>2023-09-17T15:24:12Z</time>
   </trkpt>
   <trkpt lat="43.6412790" lon="-79.3832540">
    <ele>78.2</ele>
    <time>2023-09-17T15:24:13Z</time>
   </trkpt>
   <trkpt lat="43.6412570" lon="-79.3832290">
    <ele>78.2</ele>
    <time>2023-09-17T15:24:14Z</time>
   </trkpt>
   <trkpt lat="43.6412050" lon="-79.3832000">
    <ele>78.2</ele>
    <time>2023-09-17T15:24:15Z</time>
   </trkpt>
   <trkpt lat="43.6411460" lon="-79.3832060">
    <ele>78.2</ele>
    <time>2023-09-17T15:24:16Z</time>
   </trkpt>
   <trkpt lat="43.6411090" lon="-79.3831910">
    <ele>78.2</ele>
    <time>2023-09-17T15:24:17Z</time>
   </trkpt>
   <trkpt lat="43.6410870" lon="-79.3831830">
    <ele>78.2</ele>
    <time>2023-09-17T15:24:18Z</time>
   </trkpt>
   <trkpt lat="43.6410750" lon="-79.3831860">
    <ele>78.2</ele>
    <time>2023-09-17T15:24:19Z</time>
   </trkpt>
   <trkpt lat="43.6410460" lon="-79.3831800">
    <ele>78.2</ele>
    <time>2023-09-17T15:24:20Z</time>
   </trkpt>
   <trkpt lat="43.6410200" lon="-79.3832050">
    <ele>78.2</ele>
    <time>2023-09-17T15:24:21Z</time>
   </trkpt>
   <trkpt lat="43.6409870" lon="-79.3832200">
    <ele>78.2</ele>
    <time>2023-09-17T15:24:22Z</time>
   </trkpt>
   <trkpt lat="43.6409590" lon="-79.3832460">
    <ele>78.1</ele>
    <time>2023-09-17T15:24:23Z</time>
   </trkpt>
   <trkpt lat="43.6409320" lon="-79.3832790">
    <ele>78.1</ele>
    <time>2023-09-17T15:24:24Z</time>
   </trkpt>
   <trkpt lat="43.6408920" lon="-79.3833190">
    <ele>78.1</ele>
    <time>2023-09-17T15:24:25Z</time>
   </trkpt>
   <trkpt lat="43.6408740" lon="-79.3833390">
    <ele>78.1</ele>
    <time>2023-09-17T15:24:26Z</time>
   </trkpt>
   <trkpt lat="43.6408430" lon="-79.3833580">
    <ele>78.1</ele>
    <time>2023-09-17T15:24:27Z</time>
   </trkpt>
   <trkpt lat="43.6408070" lon="-79.3833710">
    <ele>78.1</ele>
    <time>2023-09-17T15:24:28Z</time>
   </trkpt>
   <trkpt lat="43.6407920" lon="-79.3833780">
    <ele>78.1</ele>
    <time>2023-09-17T15:24:29Z</time>
   </trkpt>
   <trkpt lat="43.6407760" lon="-79.3834190">
    <ele>78.1</ele>
    <time>2023-09-17T15:24:30Z</time>
   </trkpt>
   <trkpt lat="43.6407520" lon="-79.3834610">
    <ele>78.1</ele>
    <time>2023-09-17T15:24:31Z</time>
   </trkpt>
   <trkpt lat="43.6407410" lon="-79.3834770">
    <ele>78.1</ele>
    <time>2023-09-17T15:24:32Z</time>
   </trkpt>
   <trkpt lat="43.6407190" lon="-79.3835010">
    <ele>78.1</ele>
    <time>2023-09-17T15:24:33Z</time>
   </trkpt>
   <trkpt lat="43.6407100" lon="-79.3835050">
    <ele>78.1</ele>
    <time>2023-09-17T15:24:34Z</time>
   </trkpt>
   <trkpt lat="43.6406800" lon="-79.3835150">
    <ele>78.1</ele>
    <time>2023-09-17T15:24:35Z</time>
   </trkpt>
   <trkpt lat="43.6406540" lon="-79.3835230">
    <ele>78.1</ele>
    <time>2023-09-17T15:24:36Z</time>
   </trkpt>
   <trkpt lat="43.6406280" lon="-79.3835350">
    <ele>78.1</ele>
    <time>2023-09-17T15:24:37Z</time>
   </trkpt>
   <trkpt lat="43.6406040" lon="-79.3835570">
    <ele>78.1</ele>
    <time>2023-09-17T15:24:38Z</time>
   </trkpt>
   <trkpt lat="43.6405780" lon="-79.3835860">
    <ele>78.1</ele>
    <time>2023-09-17T15:24:39Z</time>
   </trkpt>
   <trkpt lat="43.6405700" lon="-79.3835960">
    <ele>78.1</ele>
    <time>2023-09-17T15:24:40Z</time>
   </trkpt>
   <trkpt lat="43.6405430" lon="-79.3836240">
    <ele>78.1</ele>
    <time>2023-09-17T15:24:41Z</time>
   </trkpt>
   <trkpt lat="43.6405350" lon="-79.3836280">
    <ele>78.1</ele>
    <time>2023-09-17T15:24:42Z</time>
   </trkpt>
   <trkpt lat="43.6405410" lon="-79.3836330">
    <ele>78.1</ele>
    <time>2023-09-17T15:24:43Z</time>
   </trkpt>
   <trkpt lat="43.6405350" lon="-79.3836310">
    <ele>78.1</ele>
    <time>2023-09-17T15:24:44Z</time>
   </trkpt>
   <trkpt lat="43.6405350" lon="-79.3836310">
    <ele>78.1</ele>
    <time>2023-09-17T15:24:45Z</time>
   </trkpt>
   <trkpt lat="43.6405350" lon="-79.3836310">
    <ele>78.1</ele>
    <time>2023-09-17T15:24:46Z</time>
   </trkpt>
   <trkpt lat="43.6405350" lon="-79.3836310">
    <ele>78.1</ele>
    <time>2023-09-17T15:24:47Z</time>
   </trkpt>
   <trkpt lat="43.6405250" lon="-79.3836070">
    <ele>78.1</ele>
    <time>2023-09-17T15:24:48Z</time>
   </trkpt>
   <trkpt lat="43.6405240" lon="-79.3836010">
    <ele>78.1</ele>
    <time>2023-09-17T15:24:49Z</time>
   </trkpt>
   <trkpt lat="43.6405190" lon="-79.3836000">
    <ele>78.1</ele>
    <time>2023-09-17T15:24:50Z</time>
   </trkpt>
   <trkpt lat="43.6405030" lon="-79.3836130">
    <ele>78.1</ele>
    <time>2023-09-17T15:24:51Z</time>
   </trkpt>
   <trkpt lat="43.6404970" lon="-79.3836170">
    <ele>78.1</ele>
    <time>2023-09-17T15:24:52Z</time>
   </trkpt>
   <trkpt lat="43.6404860" lon="-79.3836260">
    <ele>78.1</ele>
    <time>2023-09-17T15:24:53Z</time>
   </trkpt>
   <trkpt lat="43.6404810" lon="-79.3836360">
    <ele>78.1</ele>
    <time>2023-09-17T15:24:54Z</time>
   </trkpt>
   <trkpt lat="43.6404640" lon="-79.3836490">
    <ele>78.1</ele>
    <time>2023-09-17T15:24:55Z</time>
   </trkpt>
   <trkpt lat="43.6404690" lon="-79.3836410">
    <ele>78.1</ele>
    <time>2023-09-17T15:24:56Z</time>
   </trkpt>
   <trkpt lat="43.6404750" lon="-79.3836340">
    <ele>78.1</ele>
    <time>2023-09-17T15:24:57Z</time>
   </trkpt>
   <trkpt lat="43.6404800" lon="-79.3836270">
    <ele>78.1</ele>
    <time>2023-09-17T15:24:58Z</time>
   </trkpt>
   <trkpt lat="43.6404850" lon="-79.3836190">
    <ele>78.1</ele>
    <time>2023-09-17T15:24:59Z</time>
   </trkpt>
   <trkpt lat="43.6404900" lon="-79.3836120">
    <ele>78.1</ele>
    <time>2023-09-17T15:25:00Z</time>
   </trkpt>
   <trkpt lat="43.6404960" lon="-79.3836040">
    <ele>78.1</ele>
    <time>2023-09-17T15:25:01Z</time>
   </trkpt>
   <trkpt lat="43.6405010" lon="-79.3835970">
    <ele>78.1</ele>
    <time>2023-09-17T15:25:02Z</time>
   </trkpt>
   <trkpt lat="43.6405060" lon="-79.3835890">
    <ele>78.1</ele>
    <time>2023-09-17T15:25:03Z</time>
   </trkpt>
   <trkpt lat="43.6405120" lon="-79.3835820">
    <ele>78.1</ele>
    <time>2023-09-17T15:25:04Z</time>
   </trkpt>
   <trkpt lat="43.6405170" lon="-79.3835750">
    <ele>78.1</ele>
    <time>2023-09-17T15:25:05Z</time>
   </trkpt>
   <trkpt lat="43.6405220" lon="-79.3835670">
    <ele>78.1</ele>
    <time>2023-09-17T15:25:06Z</time>
   </trkpt>
   <trkpt lat="43.6405270" lon="-79.3835600">
    <ele>78.1</ele>
    <time>2023-09-17T15:25:07Z</time>
   </trkpt>
   <trkpt lat="43.6405330" lon="-79.3835520">
    <ele>78.1</ele>
    <time>2023-09-17T15:25:08Z</time>
   </trkpt>
   <trkpt lat="43.6405380" lon="-79.3835450">
    <ele>78.1</ele>
    <time>2023-09-17T15:25:09Z</time>
   </trkpt>
   <trkpt lat="43.6405430" lon="-79.3835380">
    <ele>78.1</ele>
    <time>2023-09-17T15:25:10Z</time>
   </trkpt>
   <trkpt lat="43.6405480" lon="-79.3835300">
    <ele>78.1</ele>
    <time>2023-09-17T15:25:11Z</time>
   </trkpt>
   <trkpt lat="43.6405550" lon="-79.3835280">
    <ele>78.1</ele>
    <time>2023-09-17T15:25:12Z</time>
   </trkpt>
   <trkpt lat="43.6405570" lon="-79.3835330">
    <ele>78.0</ele>
    <time>2023-09-17T15:25:13Z</time>
   </trkpt>
   <trkpt lat="43.6405580" lon="-79.3835330">
    <ele>78.0</ele>
    <time>2023-09-17T15:25:14Z</time>
   </trkpt>
   <trkpt lat="43.6405610" lon="-79.3835280">
    <ele>78.0</ele>
    <time>2023-09-17T15:25:15Z</time>
   </trkpt>
   <trkpt lat="43.6405420" lon="-79.3835360">
    <ele>78.0</ele>
    <time>2023-09-17T15:25:16Z</time>
   </trkpt>
   <trkpt lat="43.6405150" lon="-79.3835350">
    <ele>78.0</ele>
    <time>2023-09-17T15:25:17Z</time>
   </trkpt>
   <trkpt lat="43.6404750" lon="-79.3835600">
    <ele>78.0</ele>
    <time>2023-09-17T15:25:18Z</time>
   </trkpt>
   <trkpt lat="43.6404430" lon="-79.3836080">
    <ele>78.0</ele>
    <time>2023-09-17T15:25:19Z</time>
   </trkpt>
   <trkpt lat="43.6404260" lon="-79.3836200">
    <ele>78.0</ele>
    <time>2023-09-17T15:25:20Z</time>
   </trkpt>
   <trkpt lat="43.6404180" lon="-79.3836380">
    <ele>78.0</ele>
    <time>2023-09-17T15:25:21Z</time>
   </trkpt>
   <trkpt lat="43.6403760" lon="-79.3835820">
    <ele>78.0</ele>
    <time>2023-09-17T15:25:22Z</time>
   </trkpt>
   <trkpt lat="43.6403340" lon="-79.3835490">
    <ele>78.0</ele>
    <time>2023-09-17T15:25:23Z</time>
   </trkpt>
   <trkpt lat="43.6403440" lon="-79.3834820">
    <ele>78.0</ele>
    <time>2023-09-17T15:25:24Z</time>
   </trkpt>
   <trkpt lat="43.6402340" lon="-79.3836390">
    <ele>78.0</ele>
    <time>2023-09-17T15:25:25Z</time>
   </trkpt>
   <trkpt lat="43.6401320" lon="-79.3837980">
    <ele>78.0</ele>
    <time>2023-09-17T15:25:27Z</time>
   </trkpt>
   <trkpt lat="43.6400300" lon="-79.3839560">
    <ele>78.0</ele>
    <time>2023-09-17T15:25:28Z</time>
   </trkpt>
   <trkpt lat="43.6399290" lon="-79.3841150">
    <ele>78.0</ele>
    <time>2023-09-17T15:25:29Z</time>
   </trkpt>
   <trkpt lat="43.6399190" lon="-79.3840530">
    <ele>78.0</ele>
    <time>2023-09-17T15:25:30Z</time>
   </trkpt>
   <trkpt lat="43.6399600" lon="-79.3837780">
    <ele>77.9</ele>
    <time>2023-09-17T15:25:31Z</time>
   </trkpt>
   <trkpt lat="43.6399840" lon="-79.3837100">
    <ele>77.8</ele>
    <time>2023-09-17T15:25:32Z</time>
   </trkpt>
   <trkpt lat="43.6400160" lon="-79.3835760">
    <ele>77.9</ele>
    <time>2023-09-17T15:25:33Z</time>
   </trkpt>
   <trkpt lat="43.6400200" lon="-79.3834340">
    <ele>77.9</ele>
    <time>2023-09-17T15:25:34Z</time>
   </trkpt>
   <trkpt lat="43.6400370" lon="-79.3833050">
    <ele>77.9</ele>
    <time>2023-09-17T15:25:35Z</time>
   </trkpt>
   <trkpt lat="43.6400430" lon="-79.3832540">
    <ele>77.8</ele>
    <time>2023-09-17T15:25:36Z</time>
   </trkpt>
   <trkpt lat="43.6400260" lon="-79.3832160">
    <ele>77.8</ele>
    <time>2023-09-17T15:25:37Z</time>
   </trkpt>
   <trkpt lat="43.6400180" lon="-79.3831910">
    <ele>77.8</ele>
    <time>2023-09-17T15:25:38Z</time>
   </trkpt>
   <trkpt lat="43.6400140" lon="-79.3831810">
    <ele>77.8</ele>
    <time>2023-09-17T15:25:39Z</time>
   </trkpt>
   <trkpt lat="43.6400080" lon="-79.3831590">
    <ele>77.8</ele>
    <time>2023-09-17T15:25:40Z</time>
   </trkpt>
   <trkpt lat="43.6399970" lon="-79.3831640">
    <ele>77.8</ele>
    <time>2023-09-17T15:25:41Z</time>
   </trkpt>
   <trkpt lat="43.6399830" lon="-79.3831570">
    <ele>77.8</ele>
    <time>2023-09-17T15:25:42Z</time>
   </trkpt>
   <trkpt lat="43.6399550" lon="-79.3831430">
    <ele>77.7</ele>
    <time>2023-09-17T15:25:43Z</time>
   </trkpt>
   <trkpt lat="43.6399300" lon="-79.3831270">
    <ele>77.7</ele>
    <time>2023-09-17T15:25:44Z</time>
   </trkpt>
   <trkpt lat="43.6398990" lon="-79.3830980">
    <ele>77.7</ele>
    <time>2023-09-17T15:25:45Z</time>
   </trkpt>
   <trkpt lat="43.6398780" lon="-79.3830750">
    <ele>77.7</ele>
    <time>2023-09-17T15:25:46Z</time>
   </trkpt>
   <trkpt lat="43.6398500" lon="-79.3830530">
    <ele>77.7</ele>
    <time>2023-09-17T15:25:47Z</time>
   </trkpt>
   <trkpt lat="43.6398410" lon="-79.3830450">
    <ele>77.7</ele>
    <time>2023-09-17T15:25:48Z</time>
   </trkpt>
   <trkpt lat="43.6398150" lon="-79.3830250">
    <ele>77.7</ele>
    <time>2023-09-17T15:25:49Z</time>
   </trkpt>
   <trkpt lat="43.6397920" lon="-79.3830030">
    <ele>77.7</ele>
    <time>2023-09-17T15:25:50Z</time>
   </trkpt>
   <trkpt lat="43.6397820" lon="-79.3829940">
    <ele>77.7</ele>
    <time>2023-09-17T15:25:51Z</time>
   </trkpt>
   <trkpt lat="43.6397690" lon="-79.3829620">
    <ele>77.7</ele>
    <time>2023-09-17T15:25:52Z</time>
   </trkpt>
   <trkpt lat="43.6397640" lon="-79.3829500">
    <ele>77.7</ele>
    <time>2023-09-17T15:25:53Z</time>
   </trkpt>
   <trkpt lat="43.6397350" lon="-79.3829180">
    <ele>77.7</ele>
    <time>2023-09-17T15:25:54Z</time>
   </trkpt>
   <trkpt lat="43.6396990" lon="-79.3829210">
    <ele>77.7</ele>
    <time>2023-09-17T15:25:55Z</time>
   </trkpt>
   <trkpt lat="43.6396840" lon="-79.3829260">
    <ele>77.7</ele>
    <time>2023-09-17T15:25:56Z</time>
   </trkpt>
   <trkpt lat="43.6396570" lon="-79.3829600">
    <ele>77.7</ele>
    <time>2023-09-17T15:25:57Z</time>
   </trkpt>
   <trkpt lat="43.6396380" lon="-79.3829990">
    <ele>77.7</ele>
    <time>2023-09-17T15:25:58Z</time>
   </trkpt>
   <trkpt lat="43.6396330" lon="-79.3830100">
    <ele>77.7</ele>
    <time>2023-09-17T15:25:59Z</time>
   </trkpt>
   <trkpt lat="43.6396430" lon="-79.3830480">
    <ele>77.7</ele>
    <time>2023-09-17T15:26:00Z</time>
   </trkpt>
   <trkpt lat="43.6396450" lon="-79.3830880">
    <ele>77.7</ele>
    <time>2023-09-17T15:26:01Z</time>
   </trkpt>
   <trkpt lat="43.6396460" lon="-79.3831360">
    <ele>77.7</ele>
    <time>2023-09-17T15:26:02Z</time>
   </trkpt>
   <trkpt lat="43.6396480" lon="-79.3831500">
    <ele>77.7</ele>
    <time>2023-09-17T15:26:03Z</time>
   </trkpt>
   <trkpt lat="43.6396420" lon="-79.3832030">
    <ele>77.7</ele>
    <time>2023-09-17T15:26:04Z</time>
   </trkpt>
   <trkpt lat="43.6396390" lon="-79.3832200">
    <ele>77.7</ele>
    <time>2023-09-17T15:26:05Z</time>
   </trkpt>
   <trkpt lat="43.6396400" lon="-79.3832740">
    <ele>77.7</ele>
    <time>2023-09-17T15:26:06Z</time>
   </trkpt>
   <trkpt lat="43.6396350" lon="-79.3833130">
    <ele>77.7</ele>
    <time>2023-09-17T15:26:07Z</time>
   </trkpt>
   <trkpt lat="43.6396390" lon="-79.3833510">
    <ele>77.7</ele>
    <time>2023-09-17T15:26:08Z</time>
   </trkpt>
   <trkpt lat="43.6396460" lon="-79.3833980">
    <ele>77.7</ele>
    <time>2023-09-17T15:26:09Z</time>
   </trkpt>
   <trkpt lat="43.6396460" lon="-79.3834410">
    <ele>77.7</ele>
    <time>2023-09-17T15:26:10Z</time>
   </trkpt>
   <trkpt lat="43.6396350" lon="-79.3834550">
    <ele>77.7</ele>
    <time>2023-09-17T15:26:11Z</time>
   </trkpt>
   <trkpt lat="43.6396100" lon="-79.3835060">
    <ele>77.7</ele>
    <time>2023-09-17T15:26:12Z</time>
   </trkpt>
   <trkpt lat="43.6395880" lon="-79.3835270">
    <ele>77.7</ele>
    <time>2023-09-17T15:26:13Z</time>
   </trkpt>
   <trkpt lat="43.6395760" lon="-79.3835630">
    <ele>77.7</ele>
    <time>2023-09-17T15:26:14Z</time>
   </trkpt>
   <trkpt lat="43.6395460" lon="-79.3836020">
    <ele>77.7</ele>
    <time>2023-09-17T15:26:15Z</time>
   </trkpt>
   <trkpt lat="43.6395170" lon="-79.3836560">
    <ele>77.6</ele>
    <time>2023-09-17T15:26:16Z</time>
   </trkpt>
   <trkpt lat="43.6394990" lon="-79.3836920">
    <ele>77.6</ele>
    <time>2023-09-17T15:26:17Z</time>
   </trkpt>
   <trkpt lat="43.6394980" lon="-79.3837320">
    <ele>77.6</ele>
    <time>2023-09-17T15:26:18Z</time>
   </trkpt>
   <trkpt lat="43.6394920" lon="-79.3837730">
    <ele>77.6</ele>
    <time>2023-09-17T15:26:19Z</time>
   </trkpt>
   <trkpt lat="43.6394750" lon="-79.3838080">
    <ele>77.6</ele>
    <time>2023-09-17T15:26:20Z</time>
   </trkpt>
   <trkpt lat="43.6394670" lon="-79.3838630">
    <ele>77.6</ele>
    <time>2023-09-17T15:26:21Z</time>
   </trkpt>
   <trkpt lat="43.6394690" lon="-79.3838870">
    <ele>77.6</ele>
    <time>2023-09-17T15:26:22Z</time>
   </trkpt>
   <trkpt lat="43.6394630" lon="-79.3839280">
    <ele>77.6</ele>
    <time>2023-09-17T15:26:23Z</time>
   </trkpt>
   <trkpt lat="43.6394710" lon="-79.3839690">
    <ele>77.6</ele>
    <time>2023-09-17T15:26:24Z</time>
   </trkpt>
   <trkpt lat="43.6394690" lon="-79.3840120">
    <ele>77.6</ele>
    <time>2023-09-17T15:26:25Z</time>
   </trkpt>
   <trkpt lat="43.6394600" lon="-79.3840550">
    <ele>77.6</ele>
    <time>2023-09-17T15:26:26Z</time>
   </trkpt>
   <trkpt lat="43.6394540" lon="-79.3840930">
    <ele>77.6</ele>
    <time>2023-09-17T15:26:27Z</time>
   </trkpt>
   <trkpt lat="43.6394450" lon="-79.3841440">
    <ele>77.6</ele>
    <time>2023-09-17T15:26:28Z</time>
   </trkpt>
   <trkpt lat="43.6394350" lon="-79.3841620">
    <ele>77.6</ele>
    <time>2023-09-17T15:26:29Z</time>
   </trkpt>
   <trkpt lat="43.6394240" lon="-79.3842120">
    <ele>77.6</ele>
    <time>2023-09-17T15:26:30Z</time>
   </trkpt>
   <trkpt lat="43.6394210" lon="-79.3842310">
    <ele>77.6</ele>
    <time>2023-09-17T15:26:31Z</time>
   </trkpt>
   <trkpt lat="43.6393910" lon="-79.3842510">
    <ele>77.6</ele>
    <time>2023-09-17T15:26:32Z</time>
   </trkpt>
   <trkpt lat="43.6393800" lon="-79.3842860">
    <ele>77.6</ele>
    <time>2023-09-17T15:26:33Z</time>
   </trkpt>
   <trkpt lat="43.6393680" lon="-79.3843230">
    <ele>77.6</ele>
    <time>2023-09-17T15:26:34Z</time>
   </trkpt>
   <trkpt lat="43.6393590" lon="-79.3843670">
    <ele>77.7</ele>
    <time>2023-09-17T15:26:35Z</time>
   </trkpt>
   <trkpt lat="43.6393500" lon="-79.3844190">
    <ele>77.7</ele>
    <time>2023-09-17T15:26:36Z</time>
   </trkpt>
   <trkpt lat="43.6393490" lon="-79.3844370">
    <ele>77.7</ele>
    <time>2023-09-17T15:26:37Z</time>
   </trkpt>
   <trkpt lat="43.6393420" lon="-79.3844770">
    <ele>77.7</ele>
    <time>2023-09-17T15:26:38Z</time>
   </trkpt>
   <trkpt lat="43.6393420" lon="-79.3845230">
    <ele>77.7</ele>
    <time>2023-09-17T15:26:39Z</time>
   </trkpt>
   <trkpt lat="43.6393410" lon="-79.3845380">
    <ele>77.7</ele>
    <time>2023-09-17T15:26:40Z</time>
   </trkpt>
   <trkpt lat="43.6393400" lon="-79.3845870">
    <ele>77.7</ele>
    <time>2023-09-17T15:26:41Z</time>
   </trkpt>
   <trkpt lat="43.6393360" lon="-79.3846030">
    <ele>77.7</ele>
    <time>2023-09-17T15:26:42Z</time>
   </trkpt>
   <trkpt lat="43.6393280" lon="-79.3846550">
    <ele>77.7</ele>
    <time>2023-09-17T15:26:43Z</time>
   </trkpt>
   <trkpt lat="43.6393270" lon="-79.3846720">
    <ele>77.7</ele>
    <time>2023-09-17T15:26:44Z</time>
   </trkpt>
   <trkpt lat="43.6393210" lon="-79.3847190">
    <ele>77.7</ele>
    <time>2023-09-17T15:26:45Z</time>
   </trkpt>
   <trkpt lat="43.6393180" lon="-79.3847340">
    <ele>77.7</ele>
    <time>2023-09-17T15:26:46Z</time>
   </trkpt>
   <trkpt lat="43.6393120" lon="-79.3847730">
    <ele>77.7</ele>
    <time>2023-09-17T15:26:47Z</time>
   </trkpt>
   <trkpt lat="43.6393090" lon="-79.3847890">
    <ele>77.7</ele>
    <time>2023-09-17T15:26:48Z</time>
   </trkpt>
   <trkpt lat="43.6392940" lon="-79.3848220">
    <ele>77.7</ele>
    <time>2023-09-17T15:26:49Z</time>
   </trkpt>
   <trkpt lat="43.6392870" lon="-79.3848750">
    <ele>77.7</ele>
    <time>2023-09-17T15:26:50Z</time>
   </trkpt>
   <trkpt lat="43.6392820" lon="-79.3848910">
    <ele>77.7</ele>
    <time>2023-09-17T15:26:51Z</time>
   </trkpt>
   <trkpt lat="43.6392750" lon="-79.3849310">
    <ele>77.7</ele>
    <time>2023-09-17T15:26:52Z</time>
   </trkpt>
   <trkpt lat="43.6392610" lon="-79.3849660">
    <ele>77.7</ele>
    <time>2023-09-17T15:26:53Z</time>
   </trkpt>
   <trkpt lat="43.6392390" lon="-79.3850200">
    <ele>77.7</ele>
    <time>2023-09-17T15:26:54Z</time>
   </trkpt>
   <trkpt lat="43.6392240" lon="-79.3850390">
    <ele>77.8</ele>
    <time>2023-09-17T15:26:55Z</time>
   </trkpt>
   <trkpt lat="43.6392150" lon="-79.3850890">
    <ele>77.8</ele>
    <time>2023-09-17T15:26:56Z</time>
   </trkpt>
   <trkpt lat="43.6392160" lon="-79.3851060">
    <ele>77.8</ele>
    <time>2023-09-17T15:26:57Z</time>
   </trkpt>
   <trkpt lat="43.6392170" lon="-79.3851520">
    <ele>77.8</ele>
    <time>2023-09-17T15:26:58Z</time>
   </trkpt>
   <trkpt lat="43.6392060" lon="-79.3852020">
    <ele>77.8</ele>
    <time>2023-09-17T15:26:59Z</time>
   </trkpt>
   <trkpt lat="43.6392000" lon="-79.3852160">
    <ele>77.8</ele>
    <time>2023-09-17T15:27:00Z</time>
   </trkpt>
   <trkpt lat="43.6392090" lon="-79.3852580">
    <ele>77.8</ele>
    <time>2023-09-17T15:27:01Z</time>
   </trkpt>
   <trkpt lat="43.6392160" lon="-79.3853020">
    <ele>77.8</ele>
    <time>2023-09-17T15:27:02Z</time>
   </trkpt>
   <trkpt lat="43.6392160" lon="-79.3853160">
    <ele>77.9</ele>
    <time>2023-09-17T15:27:03Z</time>
   </trkpt>
   <trkpt lat="43.6392250" lon="-79.3853510">
    <ele>77.9</ele>
    <time>2023-09-17T15:27:04Z</time>
   </trkpt>
   <trkpt lat="43.6392260" lon="-79.3853570">
    <ele>77.9</ele>
    <time>2023-09-17T15:27:05Z</time>
   </trkpt>
   <trkpt lat="43.6392210" lon="-79.3854000">
    <ele>77.9</ele>
    <time>2023-09-17T15:27:06Z</time>
   </trkpt>
   <trkpt lat="43.6392050" lon="-79.3854420">
    <ele>77.9</ele>
    <time>2023-09-17T15:27:07Z</time>
   </trkpt>
   <trkpt lat="43.6392000" lon="-79.3854590">
    <ele>77.9</ele>
    <time>2023-09-17T15:27:08Z</time>
   </trkpt>
   <trkpt lat="43.6391850" lon="-79.3854950">
    <ele>77.9</ele>
    <time>2023-09-17T15:27:09Z</time>
   </trkpt>
   <trkpt lat="43.6391620" lon="-79.3855300">
    <ele>77.9</ele>
    <time>2023-09-17T15:27:10Z</time>
   </trkpt>
   <trkpt lat="43.6391500" lon="-79.3855860">
    <ele>77.9</ele>
    <time>2023-09-17T15:27:11Z</time>
   </trkpt>
   <trkpt lat="43.6391420" lon="-79.3856040">
    <ele>77.9</ele>
    <time>2023-09-17T15:27:12Z</time>
   </trkpt>
   <trkpt lat="43.6391420" lon="-79.3856540">
    <ele>77.9</ele>
    <time>2023-09-17T15:27:13Z</time>
   </trkpt>
   <trkpt lat="43.6391420" lon="-79.3856700">
    <ele>77.9</ele>
    <time>2023-09-17T15:27:14Z</time>
   </trkpt>
   <trkpt lat="43.6391380" lon="-79.3857190">
    <ele>77.9</ele>
    <time>2023-09-17T15:27:15Z</time>
   </trkpt>
   <trkpt lat="43.6391340" lon="-79.3857330">
    <ele>77.9</ele>
    <time>2023-09-17T15:27:16Z</time>
   </trkpt>
   <trkpt lat="43.6391320" lon="-79.3857810">
    <ele>77.9</ele>
    <time>2023-09-17T15:27:17Z</time>
   </trkpt>
   <trkpt lat="43.6391230" lon="-79.3858310">
    <ele>77.9</ele>
    <time>2023-09-17T15:27:18Z</time>
   </trkpt>
   <trkpt lat="43.6391010" lon="-79.3858770">
    <ele>77.9</ele>
    <time>2023-09-17T15:27:19Z</time>
   </trkpt>
   <trkpt lat="43.6390900" lon="-79.3858920">
    <ele>77.8</ele>
    <time>2023-09-17T15:27:20Z</time>
   </trkpt>
   <trkpt lat="43.6390860" lon="-79.3859380">
    <ele>77.8</ele>
    <time>2023-09-17T15:27:21Z</time>
   </trkpt>
   <trkpt lat="43.6390840" lon="-79.3859550">
    <ele>77.8</ele>
    <time>2023-09-17T15:27:22Z</time>
   </trkpt>
   <trkpt lat="43.6390790" lon="-79.3859920">
    <ele>77.8</ele>
    <time>2023-09-17T15:27:23Z</time>
   </trkpt>
   <trkpt lat="43.6390700" lon="-79.3860390">
    <ele>77.8</ele>
    <time>2023-09-17T15:27:24Z</time>
   </trkpt>
   <trkpt lat="43.6390800" lon="-79.3860780">
    <ele>77.8</ele>
    <time>2023-09-17T15:27:25Z</time>
   </trkpt>
   <trkpt lat="43.6390720" lon="-79.3861190">
    <ele>77.8</ele>
    <time>2023-09-17T15:27:26Z</time>
   </trkpt>
   <trkpt lat="43.6390700" lon="-79.3861710">
    <ele>77.9</ele>
    <time>2023-09-17T15:27:27Z</time>
   </trkpt>
   <trkpt lat="43.6390700" lon="-79.3861860">
    <ele>77.9</ele>
    <time>2023-09-17T15:27:28Z</time>
   </trkpt>
   <trkpt lat="43.6390690" lon="-79.3862280">
    <ele>77.9</ele>
    <time>2023-09-17T15:27:29Z</time>
   </trkpt>
   <trkpt lat="43.6390690" lon="-79.3862670">
    <ele>77.9</ele>
    <time>2023-09-17T15:27:30Z</time>
   </trkpt>
   <trkpt lat="43.6390660" lon="-79.3862830">
    <ele>77.9</ele>
    <time>2023-09-17T15:27:31Z</time>
   </trkpt>
   <trkpt lat="43.6390440" lon="-79.3863180">
    <ele>77.9</ele>
    <time>2023-09-17T15:27:33Z</time>
   </trkpt>
   <trkpt lat="43.6389980" lon="-79.3863480">
    <ele>77.9</ele>
    <time>2023-09-17T15:27:34Z</time>
   </trkpt>
   <trkpt lat="43.6389920" lon="-79.3863880">
    <ele>77.9</ele>
    <time>2023-09-17T15:27:35Z</time>
   </trkpt>
   <trkpt lat="43.6389850" lon="-79.3864410">
    <ele>77.9</ele>
    <time>2023-09-17T15:27:36Z</time>
   </trkpt>
   <trkpt lat="43.6389830" lon="-79.3864570">
    <ele>77.9</ele>
    <time>2023-09-17T15:27:37Z</time>
   </trkpt>
   <trkpt lat="43.6389880" lon="-79.3865030">
    <ele>77.9</ele>
    <time>2023-09-17T15:27:38Z</time>
   </trkpt>
   <trkpt lat="43.6389910" lon="-79.3865410">
    <ele>77.9</ele>
    <time>2023-09-17T15:27:39Z</time>
   </trkpt>
   <trkpt lat="43.6389810" lon="-79.3865780">
    <ele>77.9</ele>
    <time>2023-09-17T15:27:40Z</time>
   </trkpt>
   <trkpt lat="43.6389760" lon="-79.3865990">
    <ele>77.9</ele>
    <time>2023-09-17T15:27:41Z</time>
   </trkpt>
   <trkpt lat="43.6389860" lon="-79.3866520">
    <ele>77.9</ele>
    <time>2023-09-17T15:27:42Z</time>
   </trkpt>
   <trkpt lat="43.6389910" lon="-79.3866760">
    <ele>77.9</ele>
    <time>2023-09-17T15:27:43Z</time>
   </trkpt>
   <trkpt lat="43.6389920" lon="-79.3866990">
    <ele>77.9</ele>
    <time>2023-09-17T15:27:44Z</time>
   </trkpt>
   <trkpt lat="43.6389870" lon="-79.3867480">
    <ele>77.9</ele>
    <time>2023-09-17T15:27:45Z</time>
   </trkpt>
   <trkpt lat="43.6389820" lon="-79.3867670">
    <ele>77.9</ele>
    <time>2023-09-17T15:27:46Z</time>
   </trkpt>
   <trkpt lat="43.6389690" lon="-79.3868020">
    <ele>77.9</ele>
    <time>2023-09-17T15:27:47Z</time>
   </trkpt>
   <trkpt lat="43.6389650" lon="-79.3868110">
    <ele>77.9</ele>
    <time>2023-09-17T15:27:48Z</time>
   </trkpt>
   <trkpt lat="43.6389470" lon="-79.3868090">
    <ele>77.9</ele>
    <time>2023-09-17T15:27:49Z</time>
   </trkpt>
   <trkpt lat="43.6389340" lon="-79.3868180">
    <ele>77.9</ele>
    <time>2023-09-17T15:27:50Z</time>
   </trkpt>
   <trkpt lat="43.6389360" lon="-79.3868160">
    <ele>77.9</ele>
    <time>2023-09-17T15:27:51Z</time>
   </trkpt>
   <trkpt lat="43.6389360" lon="-79.3868160">
    <ele>77.9</ele>
    <time>2023-09-17T15:27:52Z</time>
   </trkpt>
   <trkpt lat="43.6389360" lon="-79.3868160">
    <ele>77.9</ele>
    <time>2023-09-17T15:27:53Z</time>
   </trkpt>
   <trkpt lat="43.6389240" lon="-79.3867750">
    <ele>77.9</ele>
    <time>2023-09-17T15:27:54Z</time>
   </trkpt>
   <trkpt lat="43.6389260" lon="-79.3867780">
    <ele>77.9</ele>
    <time>2023-09-17T15:27:55Z</time>
   </trkpt>
   <trkpt lat="43.6389260" lon="-79.3867780">
    <ele>77.9</ele>
    <time>2023-09-17T15:27:56Z</time>
   </trkpt>
   <trkpt lat="43.6389230" lon="-79.3867610">
    <ele>77.9</ele>
    <time>2023-09-17T15:27:57Z</time>
   </trkpt>
   <trkpt lat="43.6389250" lon="-79.3867490">
    <ele>77.9</ele>
    <time>2023-09-17T15:27:58Z</time>
   </trkpt>
   <trkpt lat="43.6389330" lon="-79.3867410">
    <ele>77.9</ele>
    <time>2023-09-17T15:27:59Z</time>
   </trkpt>
   <trkpt lat="43.6389310" lon="-79.3867290">
    <ele>77.9</ele>
    <time>2023-09-17T15:28:00Z</time>
   </trkpt>
   <trkpt lat="43.6389250" lon="-79.3867430">
    <ele>77.9</ele>
    <time>2023-09-17T15:28:01Z</time>
   </trkpt>
   <trkpt lat="43.6389240" lon="-79.3867410">
    <ele>77.9</ele>
    <time>2023-09-17T15:28:02Z</time>
   </trkpt>
   <trkpt lat="43.6389200" lon="-79.3867440">
    <ele>77.9</ele>
    <time>2023-09-17T15:28:03Z</time>
   </trkpt>
   <trkpt lat="43.6389260" lon="-79.3867680">
    <ele>77.9</ele>
    <time>2023-09-17T15:28:04Z</time>
   </trkpt>
   <trkpt lat="43.6389200" lon="-79.3867840">
    <ele>77.9</ele>
    <time>2023-09-17T15:28:05Z</time>
   </trkpt>
   <trkpt lat="43.6389160" lon="-79.3867880">
    <ele>77.9</ele>
    <time>2023-09-17T15:28:06Z</time>
   </trkpt>
   <trkpt lat="43.6389120" lon="-79.3867910">
    <ele>77.9</ele>
    <time>2023-09-17T15:28:07Z</time>
   </trkpt>
   <trkpt lat="43.6389090" lon="-79.3867940">
    <ele>77.9</ele>
    <time>2023-09-17T15:28:08Z</time>
   </trkpt>
   <trkpt lat="43.6389050" lon="-79.3867970">
    <ele>77.9</ele>
    <time>2023-09-17T15:28:09Z</time>
   </trkpt>
   <trkpt lat="43.6389020" lon="-79.3868000">
    <ele>77.9</ele>
    <time>2023-09-17T15:28:10Z</time>
   </trkpt>
   <trkpt lat="43.6388980" lon="-79.3868030">
    <ele>77.9</ele>
    <time>2023-09-17T15:28:11Z</time>
   </trkpt>
   <trkpt lat="43.6389000" lon="-79.3868000">
    <ele>77.9</ele>
    <time>2023-09-17T15:28:12Z</time>
   </trkpt>
   <trkpt lat="43.6389080" lon="-79.3867980">
    <ele>77.9</ele>
    <time>2023-09-17T15:28:13Z</time>
   </trkpt>
   <trkpt lat="43.6389080" lon="-79.3867980">
    <ele>77.9</ele>
    <time>2023-09-17T15:28:14Z</time>
   </trkpt>
   <trkpt lat="43.6389080" lon="-79.3867980">
    <ele>77.9</ele>
    <time>2023-09-17T15:28:15Z</time>
   </trkpt>
   <trkpt lat="43.6389080" lon="-79.3867980">
    <ele>77.9</ele>
    <time>2023-09-17T15:28:16Z</time>
   </trkpt>
   <trkpt lat="43.6389080" lon="-79.3867980">
    <ele>77.9</ele>
    <time>2023-09-17T15:28:17Z</time>
   </trkpt>
   <trkpt lat="43.6389080" lon="-79.3867980">
    <ele>77.9</ele>
    <time>2023-09-17T15:28:18Z</time>
   </trkpt>
   <trkpt lat="43.6389080" lon="-79.3867980">
    <ele>77.9</ele>
    <time>2023-09-17T15:28:19Z</time>
   </trkpt>
   <trkpt lat="43.6389150" lon="-79.3867900">
    <ele>77.9</ele>
    <time>2023-09-17T15:28:20Z</time>
   </trkpt>
   <trkpt lat="43.6389170" lon="-79.3867860">
    <ele>77.9</ele>
    <time>2023-09-17T15:28:21Z</time>
   </trkpt>
   <trkpt lat="43.6389290" lon="-79.3867850">
    <ele>77.9</ele>
    <time>2023-09-17T15:28:22Z</time>
   </trkpt>
   <trkpt lat="43.6389310" lon="-79.3867760">
    <ele>77.9</ele>
    <time>2023-09-17T15:28:23Z</time>
   </trkpt>
   <trkpt lat="43.6389190" lon="-79.3867910">
    <ele>77.9</ele>
    <time>2023-09-17T15:28:24Z</time>
   </trkpt>
   <trkpt lat="43.6389200" lon="-79.3867890">
    <ele>77.9</ele>
    <time>2023-09-17T15:28:25Z</time>
   </trkpt>
   <trkpt lat="43.6389040" lon="-79.3867880">
    <ele>77.9</ele>
    <time>2023-09-17T15:28:26Z</time>
   </trkpt>
   <trkpt lat="43.6388960" lon="-79.3867890">
    <ele>77.9</ele>
    <time>2023-09-17T15:28:27Z</time>
   </trkpt>
   <trkpt lat="43.6388960" lon="-79.3867890">
    <ele>77.9</ele>
    <time>2023-09-17T15:28:28Z</time>
   </trkpt>
   <trkpt lat="43.6388960" lon="-79.3867890">
    <ele>77.9</ele>
    <time>2023-09-17T15:28:29Z</time>
   </trkpt>
   <trkpt lat="43.6388790" lon="-79.3867490">
    <ele>77.9</ele>
    <time>2023-09-17T15:28:30Z</time>
   </trkpt>
   <trkpt lat="43.6388840" lon="-79.3867380">
    <ele>77.9</ele>
    <time>2023-09-17T15:28:31Z</time>
   </trkpt>
   <trkpt lat="43.6388600" lon="-79.3867320">
    <ele>77.9</ele>
    <time>2023-09-17T15:28:32Z</time>
   </trkpt>
   <trkpt lat="43.6388490" lon="-79.3867370">
    <ele>77.9</ele>
    <time>2023-09-17T15:28:33Z</time>
   </trkpt>
   <trkpt lat="43.6388410" lon="-79.3867250">
    <ele>77.9</ele>
    <time>2023-09-17T15:28:34Z</time>
   </trkpt>
   <trkpt lat="43.6388170" lon="-79.3867470">
    <ele>77.9</ele>
    <time>2023-09-17T15:28:35Z</time>
   </trkpt>
   <trkpt lat="43.6387810" lon="-79.3867520">
    <ele>77.9</ele>
    <time>2023-09-17T15:28:36Z</time>
   </trkpt>
   <trkpt lat="43.6387700" lon="-79.3867500">
    <ele>77.9</ele>
    <time>2023-09-17T15:28:37Z</time>
   </trkpt>
   <trkpt lat="43.6387600" lon="-79.3867230">
    <ele>77.8</ele>
    <time>2023-09-17T15:28:38Z</time>
   </trkpt>
   <trkpt lat="43.6387580" lon="-79.3867150">
    <ele>77.8</ele>
    <time>2023-09-17T15:28:39Z</time>
   </trkpt>
   <trkpt lat="43.6387320" lon="-79.3867120">
    <ele>77.8</ele>
    <time>2023-09-17T15:28:40Z</time>
   </trkpt>
   <trkpt lat="43.6387140" lon="-79.3867180">
    <ele>77.8</ele>
    <time>2023-09-17T15:28:41Z</time>
   </trkpt>
   <trkpt lat="43.6386810" lon="-79.3867380">
    <ele>77.8</ele>
    <time>2023-09-17T15:28:42Z</time>
   </trkpt>
   <trkpt lat="43.6386730" lon="-79.3867520">
    <ele>77.8</ele>
    <time>2023-09-17T15:28:43Z</time>
   </trkpt>
   <trkpt lat="43.6386760" lon="-79.3868070">
    <ele>77.7</ele>
    <time>2023-09-17T15:28:44Z</time>
   </trkpt>
   <trkpt lat="43.6386750" lon="-79.3868290">
    <ele>77.7</ele>
    <time>2023-09-17T15:28:45Z</time>
   </trkpt>
   <trkpt lat="43.6386760" lon="-79.3868770">
    <ele>77.7</ele>
    <time>2023-09-17T15:28:46Z</time>
   </trkpt>
   <trkpt lat="43.6386670" lon="-79.3869130">
    <ele>77.7</ele>
    <time>2023-09-17T15:28:47Z</time>
   </trkpt>
   <trkpt lat="43.6386680" lon="-79.3869590">
    <ele>77.6</ele>
    <time>2023-09-17T15:28:48Z</time>
   </trkpt>
   <trkpt lat="43.6386680" lon="-79.3869740">
    <ele>77.6</ele>
    <time>2023-09-17T15:28:49Z</time>
   </trkpt>
   <trkpt lat="43.6386590" lon="-79.3870160">
    <ele>77.6</ele>
    <time>2023-09-17T15:28:50Z</time>
   </trkpt>
   <trkpt lat="43.6386430" lon="-79.3870620">
    <ele>77.6</ele>
    <time>2023-09-17T15:28:51Z</time>
   </trkpt>
   <trkpt lat="43.6386370" lon="-79.3870740">
    <ele>77.6</ele>
    <time>2023-09-17T15:28:52Z</time>
   </trkpt>
   <trkpt lat="43.6386310" lon="-79.3871280">
    <ele>77.5</ele>
    <time>2023-09-17T15:28:53Z</time>
   </trkpt>
   <trkpt lat="43.6386250" lon="-79.3871460">
    <ele>77.5</ele>
    <time>2023-09-17T15:28:54Z</time>
   </trkpt>
   <trkpt lat="43.6386160" lon="-79.3871910">
    <ele>77.5</ele>
    <time>2023-09-17T15:28:55Z</time>
   </trkpt>
   <trkpt lat="43.6386120" lon="-79.3872050">
    <ele>77.5</ele>
    <time>2023-09-17T15:28:56Z</time>
   </trkpt>
   <trkpt lat="43.6386060" lon="-79.3872480">
    <ele>77.5</ele>
    <time>2023-09-17T15:28:57Z</time>
   </trkpt>
   <trkpt lat="43.6386110" lon="-79.3872600">
    <ele>77.5</ele>
    <time>2023-09-17T15:28:58Z</time>
   </trkpt>
   <trkpt lat="43.6386010" lon="-79.3873080">
    <ele>77.4</ele>
    <time>2023-09-17T15:28:59Z</time>
   </trkpt>
   <trkpt lat="43.6385960" lon="-79.3873270">
    <ele>77.4</ele>
    <time>2023-09-17T15:29:00Z</time>
   </trkpt>
   <trkpt lat="43.6385850" lon="-79.3873530">
    <ele>77.4</ele>
    <time>2023-09-17T15:29:01Z</time>
   </trkpt>
   <trkpt lat="43.6385840" lon="-79.3873720">
    <ele>77.4</ele>
    <time>2023-09-17T15:29:02Z</time>
   </trkpt>
   <trkpt lat="43.6385790" lon="-79.3874220">
    <ele>77.4</ele>
    <time>2023-09-17T15:29:03Z</time>
   </trkpt>
   <trkpt lat="43.6385770" lon="-79.3874390">
    <ele>77.4</ele>
    <time>2023-09-17T15:29:04Z</time>
   </trkpt>
   <trkpt lat="43.6385670" lon="-79.3874820">
    <ele>77.4</ele>
    <time>2023-09-17T15:29:05Z</time>
   </trkpt>
   <trkpt lat="43.6385610" lon="-79.3874970">
    <ele>77.4</ele>
    <time>2023-09-17T15:29:06Z</time>
   </trkpt>
   <trkpt lat="43.6385460" lon="-79.3875430">
    <ele>77.4</ele>
    <time>2023-09-17T15:29:07Z</time>
   </trkpt>
   <trkpt lat="43.6385410" lon="-79.3875600">
    <ele>77.4</ele>
    <time>2023-09-17T15:29:08Z</time>
   </trkpt>
   <trkpt lat="43.6385340" lon="-79.3875830">
    <ele>77.4</ele>
    <time>2023-09-17T15:29:09Z</time>
   </trkpt>
   <trkpt lat="43.6385330" lon="-79.3876070">
    <ele>77.4</ele>
    <time>2023-09-17T15:29:10Z</time>
   </trkpt>
   <trkpt lat="43.6385300" lon="-79.3876440">
    <ele>77.4</ele>
    <time>2023-09-17T15:29:11Z</time>
   </trkpt>
   <trkpt lat="43.6385300" lon="-79.3876570">
    <ele>77.4</ele>
    <time>2023-09-17T15:29:12Z</time>
   </trkpt>
   <trkpt lat="43.6385180" lon="-79.3877080">
    <ele>77.4</ele>
    <time>2023-09-17T15:29:13Z</time>
   </trkpt>
   <trkpt lat="43.6385120" lon="-79.3877250">
    <ele>77.4</ele>
    <time>2023-09-17T15:29:14Z</time>
   </trkpt>
   <trkpt lat="43.6385070" lon="-79.3877620">
    <ele>77.4</ele>
    <time>2023-09-17T15:29:15Z</time>
   </trkpt>
   <trkpt lat="43.6385000" lon="-79.3878020">
    <ele>77.4</ele>
    <time>2023-09-17T15:29:16Z</time>
   </trkpt>
   <trkpt lat="43.6385010" lon="-79.3878160">
    <ele>77.4</ele>
    <time>2023-09-17T15:29:17Z</time>
   </trkpt>
   <trkpt lat="43.6384800" lon="-79.3878610">
    <ele>77.5</ele>
    <time>2023-09-17T15:29:18Z</time>
   </trkpt>
   <trkpt lat="43.6384710" lon="-79.3879050">
    <ele>77.5</ele>
    <time>2023-09-17T15:29:19Z</time>
   </trkpt>
   <trkpt lat="43.6384650" lon="-79.3879180">
    <ele>77.5</ele>
    <time>2023-09-17T15:29:20Z</time>
   </trkpt>
   <trkpt lat="43.6384530" lon="-79.3879550">
    <ele>77.5</ele>
    <time>2023-09-17T15:29:21Z</time>
   </trkpt>
   <trkpt lat="43.6384470" lon="-79.3879660">
    <ele>77.5</ele>
    <time>2023-09-17T15:29:22Z</time>
   </trkpt>
   <trkpt lat="43.6384550" lon="-79.3880100">
    <ele>77.6</ele>
    <time>2023-09-17T15:29:23Z</time>
   </trkpt>
   <trkpt lat="43.6384540" lon="-79.3880270">
    <ele>77.6</ele>
    <time>2023-09-17T15:29:24Z</time>
   </trkpt>
   <trkpt lat="43.6384460" lon="-79.3880720">
    <ele>77.6</ele>
    <time>2023-09-17T15:29:25Z</time>
   </trkpt>
   <trkpt lat="43.6384450" lon="-79.3880850">
    <ele>77.6</ele>
    <time>2023-09-17T15:29:26Z</time>
   </trkpt>
   <trkpt lat="43.6384370" lon="-79.3881230">
    <ele>77.7</ele>
    <time>2023-09-17T15:29:27Z</time>
   </trkpt>
   <trkpt lat="43.6384310" lon="-79.3881610">
    <ele>77.7</ele>
    <time>2023-09-17T15:29:28Z</time>
   </trkpt>
   <trkpt lat="43.6384280" lon="-79.3881750">
    <ele>77.7</ele>
    <time>2023-09-17T15:29:29Z</time>
   </trkpt>
   <trkpt lat="43.6384260" lon="-79.3881880">
    <ele>77.7</ele>
    <time>2023-09-17T15:29:30Z</time>
   </trkpt>
   <trkpt lat="43.6384120" lon="-79.3882280">
    <ele>77.8</ele>
    <time>2023-09-17T15:29:31Z</time>
   </trkpt>
   <trkpt lat="43.6383980" lon="-79.3882660">
    <ele>77.8</ele>
    <time>2023-09-17T15:29:32Z</time>
   </trkpt>
   <trkpt lat="43.6383910" lon="-79.3882810">
    <ele>77.8</ele>
    <time>2023-09-17T15:29:33Z</time>
   </trkpt>
   <trkpt lat="43.6383750" lon="-79.3883260">
    <ele>77.9</ele>
    <time>2023-09-17T15:29:34Z</time>
   </trkpt>
   <trkpt lat="43.6383710" lon="-79.3883440">
    <ele>77.9</ele>
    <time>2023-09-17T15:29:35Z</time>
   </trkpt>
   <trkpt lat="43.6383590" lon="-79.3884030">
    <ele>77.9</ele>
    <time>2023-09-17T15:29:36Z</time>
   </trkpt>
   <trkpt lat="43.6383540" lon="-79.3884280">
    <ele>77.9</ele>
    <time>2023-09-17T15:29:37Z</time>
   </trkpt>
   <trkpt lat="43.6383430" lon="-79.3884910">
    <ele>78.0</ele>
    <time>2023-09-17T15:29:38Z</time>
   </trkpt>
   <trkpt lat="43.6383320" lon="-79.3885340">
    <ele>78.0</ele>
    <time>2023-09-17T15:29:39Z</time>
   </trkpt>
   <trkpt lat="43.6383040" lon="-79.3885830">
    <ele>78.1</ele>
    <time>2023-09-17T15:29:40Z</time>
   </trkpt>
   <trkpt lat="43.6382960" lon="-79.3886190">
    <ele>78.1</ele>
    <time>2023-09-17T15:29:41Z</time>
   </trkpt>
   <trkpt lat="43.6382860" lon="-79.3886630">
    <ele>78.1</ele>
    <time>2023-09-17T15:29:42Z</time>
   </trkpt>
   <trkpt lat="43.6382790" lon="-79.3887080">
    <ele>78.1</ele>
    <time>2023-09-17T15:29:43Z</time>
   </trkpt>
   <trkpt lat="43.6382940" lon="-79.3887600">
    <ele>78.1</ele>
    <time>2023-09-17T15:29:44Z</time>
   </trkpt>
   <trkpt lat="43.6382970" lon="-79.3887790">
    <ele>78.2</ele>
    <time>2023-09-17T15:29:45Z</time>
   </trkpt>
   <trkpt lat="43.6383010" lon="-79.3888220">
    <ele>78.2</ele>
    <time>2023-09-17T15:29:46Z</time>
   </trkpt>
   <trkpt lat="43.6383030" lon="-79.3888330">
    <ele>78.2</ele>
    <time>2023-09-17T15:29:47Z</time>
   </trkpt>
   <trkpt lat="43.6382980" lon="-79.3888690">
    <ele>78.2</ele>
    <time>2023-09-17T15:29:48Z</time>
   </trkpt>
   <trkpt lat="43.6382840" lon="-79.3889090">
    <ele>78.2</ele>
    <time>2023-09-17T15:29:49Z</time>
   </trkpt>
   <trkpt lat="43.6382710" lon="-79.3889550">
    <ele>78.2</ele>
    <time>2023-09-17T15:29:50Z</time>
   </trkpt>
   <trkpt lat="43.6382650" lon="-79.3889690">
    <ele>78.2</ele>
    <time>2023-09-17T15:29:51Z</time>
   </trkpt>
   <trkpt lat="43.6382540" lon="-79.3890060">
    <ele>78.2</ele>
    <time>2023-09-17T15:29:52Z</time>
   </trkpt>
   <trkpt lat="43.6382460" lon="-79.3890530">
    <ele>78.2</ele>
    <time>2023-09-17T15:29:53Z</time>
   </trkpt>
   <trkpt lat="43.6382450" lon="-79.3890680">
    <ele>78.2</ele>
    <time>2023-09-17T15:29:54Z</time>
   </trkpt>
   <trkpt lat="43.6382430" lon="-79.3891150">
    <ele>78.2</ele>
    <time>2023-09-17T15:29:55Z</time>
   </trkpt>
   <trkpt lat="43.6382380" lon="-79.3891260">
    <ele>78.3</ele>
    <time>2023-09-17T15:29:56Z</time>
   </trkpt>
   <trkpt lat="43.6382210" lon="-79.3891660">
    <ele>78.3</ele>
    <time>2023-09-17T15:29:57Z</time>
   </trkpt>
   <trkpt lat="43.6382170" lon="-79.3891750">
    <ele>78.3</ele>
    <time>2023-09-17T15:29:58Z</time>
   </trkpt>
   <trkpt lat="43.6382080" lon="-79.3892250">
    <ele>78.3</ele>
    <time>2023-09-17T15:29:59Z</time>
   </trkpt>
   <trkpt lat="43.6382080" lon="-79.3892420">
    <ele>78.3</ele>
    <time>2023-09-17T15:30:00Z</time>
   </trkpt>
   <trkpt lat="43.6381960" lon="-79.3892760">
    <ele>78.3</ele>
    <time>2023-09-17T15:30:01Z</time>
   </trkpt>
   <trkpt lat="43.6381960" lon="-79.3892910">
    <ele>78.4</ele>
    <time>2023-09-17T15:30:02Z</time>
   </trkpt>
   <trkpt lat="43.6381960" lon="-79.3893420">
    <ele>78.4</ele>
    <time>2023-09-17T15:30:03Z</time>
   </trkpt>
   <trkpt lat="43.6381960" lon="-79.3893630">
    <ele>78.4</ele>
    <time>2023-09-17T15:30:04Z</time>
   </trkpt>
   <trkpt lat="43.6381860" lon="-79.3893990">
    <ele>78.4</ele>
    <time>2023-09-17T15:30:05Z</time>
   </trkpt>
   <trkpt lat="43.6381780" lon="-79.3894530">
    <ele>78.5</ele>
    <time>2023-09-17T15:30:06Z</time>
   </trkpt>
   <trkpt lat="43.6381710" lon="-79.3894720">
    <ele>78.5</ele>
    <time>2023-09-17T15:30:07Z</time>
   </trkpt>
   <trkpt lat="43.6381610" lon="-79.3895080">
    <ele>78.5</ele>
    <time>2023-09-17T15:30:08Z</time>
   </trkpt>
   <trkpt lat="43.6381550" lon="-79.3895470">
    <ele>78.5</ele>
    <time>2023-09-17T15:30:09Z</time>
   </trkpt>
   <trkpt lat="43.6381520" lon="-79.3895640">
    <ele>78.5</ele>
    <time>2023-09-17T15:30:10Z</time>
   </trkpt>
   <trkpt lat="43.6381360" lon="-79.3895980">
    <ele>78.5</ele>
    <time>2023-09-17T15:30:11Z</time>
   </trkpt>
   <trkpt lat="43.6381270" lon="-79.3896390">
    <ele>78.5</ele>
    <time>2023-09-17T15:30:12Z</time>
   </trkpt>
   <trkpt lat="43.6381160" lon="-79.3896890">
    <ele>78.5</ele>
    <time>2023-09-17T15:30:13Z</time>
   </trkpt>
   <trkpt lat="43.6381120" lon="-79.3897070">
    <ele>78.5</ele>
    <time>2023-09-17T15:30:14Z</time>
   </trkpt>
   <trkpt lat="43.6381100" lon="-79.3897590">
    <ele>78.5</ele>
    <time>2023-09-17T15:30:15Z</time>
   </trkpt>
   <trkpt lat="43.6381070" lon="-79.3897770">
    <ele>78.5</ele>
    <time>2023-09-17T15:30:16Z</time>
   </trkpt>
   <trkpt lat="43.6380990" lon="-79.3898150">
    <ele>78.5</ele>
    <time>2023-09-17T15:30:17Z</time>
   </trkpt>
   <trkpt lat="43.6380880" lon="-79.3898500">
    <ele>78.5</ele>
    <time>2023-09-17T15:30:18Z</time>
   </trkpt>
   <trkpt lat="43.6380680" lon="-79.3898980">
    <ele>78.4</ele>
    <time>2023-09-17T15:30:19Z</time>
   </trkpt>
   <trkpt lat="43.6380590" lon="-79.3899130">
    <ele>78.4</ele>
    <time>2023-09-17T15:30:20Z</time>
   </trkpt>
   <trkpt lat="43.6380480" lon="-79.3899610">
    <ele>78.4</ele>
    <time>2023-09-17T15:30:21Z</time>
   </trkpt>
   <trkpt lat="43.6380420" lon="-79.3899790">
    <ele>78.4</ele>
    <time>2023-09-17T15:30:22Z</time>
   </trkpt>
   <trkpt lat="43.6380280" lon="-79.3900300">
    <ele>78.4</ele>
    <time>2023-09-17T15:30:23Z</time>
   </trkpt>
   <trkpt lat="43.6380260" lon="-79.3900480">
    <ele>78.3</ele>
    <time>2023-09-17T15:30:24Z</time>
   </trkpt>
   <trkpt lat="43.6380100" lon="-79.3900860">
    <ele>78.3</ele>
    <time>2023-09-17T15:30:25Z</time>
   </trkpt>
   <trkpt lat="43.6380030" lon="-79.3901280">
    <ele>78.3</ele>
    <time>2023-09-17T15:30:26Z</time>
   </trkpt>
   <trkpt lat="43.6380030" lon="-79.3901420">
    <ele>78.3</ele>
    <time>2023-09-17T15:30:27Z</time>
   </trkpt>
   <trkpt lat="43.6380020" lon="-79.3901640">
    <ele>78.3</ele>
    <time>2023-09-17T15:30:28Z</time>
   </trkpt>
   <trkpt lat="43.6379940" lon="-79.3901900">
    <ele>78.3</ele>
    <time>2023-09-17T15:30:29Z</time>
   </trkpt>
   <trkpt lat="43.6379930" lon="-79.3902100">
    <ele>78.3</ele>
    <time>2023-09-17T15:30:30Z</time>
   </trkpt>
   <trkpt lat="43.6379840" lon="-79.3902370">
    <ele>78.2</ele>
    <time>2023-09-17T15:30:31Z</time>
   </trkpt>
   <trkpt lat="43.6379720" lon="-79.3902850">
    <ele>78.2</ele>
    <time>2023-09-17T15:30:32Z</time>
   </trkpt>
   <trkpt lat="43.6379650" lon="-79.3903020">
    <ele>78.2</ele>
    <time>2023-09-17T15:30:33Z</time>
   </trkpt>
   <trkpt lat="43.6379590" lon="-79.3903440">
    <ele>78.2</ele>
    <time>2023-09-17T15:30:34Z</time>
   </trkpt>
   <trkpt lat="43.6379530" lon="-79.3903810">
    <ele>78.2</ele>
    <time>2023-09-17T15:30:35Z</time>
   </trkpt>
   <trkpt lat="43.6379450" lon="-79.3904180">
    <ele>78.1</ele>
    <time>2023-09-17T15:30:36Z</time>
   </trkpt>
   <trkpt lat="43.6379380" lon="-79.3904600">
    <ele>78.1</ele>
    <time>2023-09-17T15:30:37Z</time>
   </trkpt>
   <trkpt lat="43.6379250" lon="-79.3904940">
    <ele>78.1</ele>
    <time>2023-09-17T15:30:38Z</time>
   </trkpt>
   <trkpt lat="43.6379350" lon="-79.3905500">
    <ele>78.1</ele>
    <time>2023-09-17T15:30:39Z</time>
   </trkpt>
   <trkpt lat="43.6379220" lon="-79.3905960">
    <ele>78.1</ele>
    <time>2023-09-17T15:30:40Z</time>
   </trkpt>
   <trkpt lat="43.6379220" lon="-79.3906120">
    <ele>78.1</ele>
    <time>2023-09-17T15:30:41Z</time>
   </trkpt>
   <trkpt lat="43.6379090" lon="-79.3906490">
    <ele>78.1</ele>
    <time>2023-09-17T15:30:42Z</time>
   </trkpt>
   <trkpt lat="43.6379010" lon="-79.3907000">
    <ele>78.1</ele>
    <time>2023-09-17T15:30:43Z</time>
   </trkpt>
   <trkpt lat="43.6378990" lon="-79.3907180">
    <ele>78.1</ele>
    <time>2023-09-17T15:30:44Z</time>
   </trkpt>
   <trkpt lat="43.6378820" lon="-79.3907490">
    <ele>78.1</ele>
    <time>2023-09-17T15:30:45Z</time>
   </trkpt>
   <trkpt lat="43.6378760" lon="-79.3907910">
    <ele>78.1</ele>
    <time>2023-09-17T15:30:46Z</time>
   </trkpt>
   <trkpt lat="43.6378660" lon="-79.3908140">
    <ele>78.1</ele>
    <time>2023-09-17T15:30:47Z</time>
   </trkpt>
   <trkpt lat="43.6378690" lon="-79.3908280">
    <ele>78.0</ele>
    <time>2023-09-17T15:30:48Z</time>
   </trkpt>
   <trkpt lat="43.6378560" lon="-79.3908600">
    <ele>78.0</ele>
    <time>2023-09-17T15:30:49Z</time>
   </trkpt>
   <trkpt lat="43.6378410" lon="-79.3908960">
    <ele>78.0</ele>
    <time>2023-09-17T15:30:50Z</time>
   </trkpt>
   <trkpt lat="43.6378370" lon="-79.3909080">
    <ele>78.0</ele>
    <time>2023-09-17T15:30:51Z</time>
   </trkpt>
   <trkpt lat="43.6378260" lon="-79.3909300">
    <ele>78.0</ele>
    <time>2023-09-17T15:30:52Z</time>
   </trkpt>
   <trkpt lat="43.6378150" lon="-79.3909420">
    <ele>78.0</ele>
    <time>2023-09-17T15:30:53Z</time>
   </trkpt>
   <trkpt lat="43.6377940" lon="-79.3909780">
    <ele>78.0</ele>
    <time>2023-09-17T15:30:54Z</time>
   </trkpt>
   <trkpt lat="43.6377900" lon="-79.3909890">
    <ele>77.9</ele>
    <time>2023-09-17T15:30:55Z</time>
   </trkpt>
   <trkpt lat="43.6377740" lon="-79.3910270">
    <ele>77.9</ele>
    <time>2023-09-17T15:30:56Z</time>
   </trkpt>
   <trkpt lat="43.6377520" lon="-79.3910890">
    <ele>77.9</ele>
    <time>2023-09-17T15:30:57Z</time>
   </trkpt>
   <trkpt lat="43.6377440" lon="-79.3911200">
    <ele>77.9</ele>
    <time>2023-09-17T15:30:58Z</time>
   </trkpt>
   <trkpt lat="43.6377420" lon="-79.3911650">
    <ele>77.9</ele>
    <time>2023-09-17T15:30:59Z</time>
   </trkpt>
   <trkpt lat="43.6377430" lon="-79.3912100">
    <ele>77.9</ele>
    <time>2023-09-17T15:31:00Z</time>
   </trkpt>
   <trkpt lat="43.6377450" lon="-79.3912820">
    <ele>77.8</ele>
    <time>2023-09-17T15:31:01Z</time>
   </trkpt>
   <trkpt lat="43.6377280" lon="-79.3913210">
    <ele>77.8</ele>
    <time>2023-09-17T15:31:02Z</time>
   </trkpt>
   <trkpt lat="43.6377350" lon="-79.3913680">
    <ele>77.8</ele>
    <time>2023-09-17T15:31:03Z</time>
   </trkpt>
   <trkpt lat="43.6377190" lon="-79.3914180">
    <ele>77.8</ele>
    <time>2023-09-17T15:31:04Z</time>
   </trkpt>
   <trkpt lat="43.6377160" lon="-79.3914400">
    <ele>77.8</ele>
    <time>2023-09-17T15:31:05Z</time>
   </trkpt>
   <trkpt lat="43.6376970" lon="-79.3914770">
    <ele>77.8</ele>
    <time>2023-09-17T15:31:06Z</time>
   </trkpt>
   <trkpt lat="43.6377010" lon="-79.3915310">
    <ele>77.7</ele>
    <time>2023-09-17T15:31:07Z</time>
   </trkpt>
   <trkpt lat="43.6377010" lon="-79.3915500">
    <ele>77.7</ele>
    <time>2023-09-17T15:31:08Z</time>
   </trkpt>
   <trkpt lat="43.6376880" lon="-79.3915970">
    <ele>77.7</ele>
    <time>2023-09-17T15:31:09Z</time>
   </trkpt>
   <trkpt lat="43.6376800" lon="-79.3916110">
    <ele>77.7</ele>
    <time>2023-09-17T15:31:10Z</time>
   </trkpt>
   <trkpt lat="43.6376690" lon="-79.3916610">
    <ele>77.7</ele>
    <time>2023-09-17T15:31:11Z</time>
   </trkpt>
   <trkpt lat="43.6376620" lon="-79.3916780">
    <ele>77.7</ele>
    <time>2023-09-17T15:31:12Z</time>
   </trkpt>
   <trkpt lat="43.6376520" lon="-79.3917230">
    <ele>77.7</ele>
    <time>2023-09-17T15:31:13Z</time>
   </trkpt>
   <trkpt lat="43.6376490" lon="-79.3917400">
    <ele>77.7</ele>
    <time>2023-09-17T15:31:14Z</time>
   </trkpt>
   <trkpt lat="43.6376330" lon="-79.3917820">
    <ele>77.7</ele>
    <time>2023-09-17T15:31:15Z</time>
   </trkpt>
   <trkpt lat="43.6376180" lon="-79.3918280">
    <ele>77.7</ele>
    <time>2023-09-17T15:31:16Z</time>
   </trkpt>
   <trkpt lat="43.6376140" lon="-79.3918420">
    <ele>77.7</ele>
    <time>2023-09-17T15:31:17Z</time>
   </trkpt>
   <trkpt lat="43.6376060" lon="-79.3918910">
    <ele>77.7</ele>
    <time>2023-09-17T15:31:18Z</time>
   </trkpt>
   <trkpt lat="43.6376040" lon="-79.3919050">
    <ele>77.8</ele>
    <time>2023-09-17T15:31:19Z</time>
   </trkpt>
   <trkpt lat="43.6376000" lon="-79.3919460">
    <ele>77.8</ele>
    <time>2023-09-17T15:31:20Z</time>
   </trkpt>
   <trkpt lat="43.6376030" lon="-79.3919590">
    <ele>77.8</ele>
    <time>2023-09-17T15:31:21Z</time>
   </trkpt>
   <trkpt lat="43.6375880" lon="-79.3919980">
    <ele>77.8</ele>
    <time>2023-09-17T15:31:22Z</time>
   </trkpt>
   <trkpt lat="43.6375820" lon="-79.3920120">
    <ele>77.8</ele>
    <time>2023-09-17T15:31:23Z</time>
   </trkpt>
   <trkpt lat="43.6375810" lon="-79.3920500">
    <ele>77.8</ele>
    <time>2023-09-17T15:31:24Z</time>
   </trkpt>
   <trkpt lat="43.6375750" lon="-79.3920960">
    <ele>77.8</ele>
    <time>2023-09-17T15:31:25Z</time>
   </trkpt>
   <trkpt lat="43.6375740" lon="-79.3921110">
    <ele>77.8</ele>
    <time>2023-09-17T15:31:26Z</time>
   </trkpt>
   <trkpt lat="43.6375640" lon="-79.3921580">
    <ele>77.8</ele>
    <time>2023-09-17T15:31:27Z</time>
   </trkpt>
   <trkpt lat="43.6375610" lon="-79.3921730">
    <ele>77.8</ele>
    <time>2023-09-17T15:31:28Z</time>
   </trkpt>
   <trkpt lat="43.6375590" lon="-79.3922160">
    <ele>77.8</ele>
    <time>2023-09-17T15:31:29Z</time>
   </trkpt>
   <trkpt lat="43.6375570" lon="-79.3922380">
    <ele>77.8</ele>
    <time>2023-09-17T15:31:30Z</time>
   </trkpt>
   <trkpt lat="43.6375520" lon="-79.3922900">
    <ele>77.8</ele>
    <time>2023-09-17T15:31:31Z</time>
   </trkpt>
   <trkpt lat="43.6375560" lon="-79.3923080">
    <ele>77.8</ele>
    <time>2023-09-17T15:31:32Z</time>
   </trkpt>
   <trkpt lat="43.6375520" lon="-79.3923580">
    <ele>77.8</ele>
    <time>2023-09-17T15:31:33Z</time>
   </trkpt>
   <trkpt lat="43.6375460" lon="-79.3923750">
    <ele>77.8</ele>
    <time>2023-09-17T15:31:34Z</time>
   </trkpt>
   <trkpt lat="43.6375380" lon="-79.3924250">
    <ele>77.9</ele>
    <time>2023-09-17T15:31:35Z</time>
   </trkpt>
   <trkpt lat="43.6375380" lon="-79.3924400">
    <ele>77.9</ele>
    <time>2023-09-17T15:31:36Z</time>
   </trkpt>
   <trkpt lat="43.6375190" lon="-79.3924830">
    <ele>77.9</ele>
    <time>2023-09-17T15:31:37Z</time>
   </trkpt>
   <trkpt lat="43.6375080" lon="-79.3924950">
    <ele>77.9</ele>
    <time>2023-09-17T15:31:38Z</time>
   </trkpt>
   <trkpt lat="43.6375080" lon="-79.3925320">
    <ele>77.9</ele>
    <time>2023-09-17T15:31:39Z</time>
   </trkpt>
   <trkpt lat="43.6374970" lon="-79.3925840">
    <ele>77.9</ele>
    <time>2023-09-17T15:31:40Z</time>
   </trkpt>
   <trkpt lat="43.6374840" lon="-79.3926010">
    <ele>77.9</ele>
    <time>2023-09-17T15:31:41Z</time>
   </trkpt>
   <trkpt lat="43.6374540" lon="-79.3926480">
    <ele>78.0</ele>
    <time>2023-09-17T15:31:42Z</time>
   </trkpt>
   <trkpt lat="43.6374540" lon="-79.3926910">
    <ele>78.0</ele>
    <time>2023-09-17T15:31:43Z</time>
   </trkpt>
   <trkpt lat="43.6374350" lon="-79.3927340">
    <ele>78.0</ele>
    <time>2023-09-17T15:31:44Z</time>
   </trkpt>
   <trkpt lat="43.6374300" lon="-79.3927520">
    <ele>78.0</ele>
    <time>2023-09-17T15:31:45Z</time>
   </trkpt>
   <trkpt lat="43.6374270" lon="-79.3927960">
    <ele>78.0</ele>
    <time>2023-09-17T15:31:46Z</time>
   </trkpt>
   <trkpt lat="43.6374160" lon="-79.3928350">
    <ele>78.1</ele>
    <time>2023-09-17T15:31:47Z</time>
   </trkpt>
   <trkpt lat="43.6374100" lon="-79.3928730">
    <ele>78.1</ele>
    <time>2023-09-17T15:31:48Z</time>
   </trkpt>
   <trkpt lat="43.6373990" lon="-79.3929210">
    <ele>78.1</ele>
    <time>2023-09-17T15:31:49Z</time>
   </trkpt>
   <trkpt lat="43.6373980" lon="-79.3929400">
    <ele>78.1</ele>
    <time>2023-09-17T15:31:50Z</time>
   </trkpt>
   <trkpt lat="43.6373940" lon="-79.3929930">
    <ele>78.1</ele>
    <time>2023-09-17T15:31:51Z</time>
   </trkpt>
   <trkpt lat="43.6373910" lon="-79.3930100">
    <ele>78.1</ele>
    <time>2023-09-17T15:31:52Z</time>
   </trkpt>
   <trkpt lat="43.6373810" lon="-79.3930470">
    <ele>78.1</ele>
    <time>2023-09-17T15:31:53Z</time>
   </trkpt>
   <trkpt lat="43.6373810" lon="-79.3930580">
    <ele>78.1</ele>
    <time>2023-09-17T15:31:54Z</time>
   </trkpt>
   <trkpt lat="43.6373770" lon="-79.3931010">
    <ele>78.0</ele>
    <time>2023-09-17T15:31:55Z</time>
   </trkpt>
   <trkpt lat="43.6373810" lon="-79.3931450">
    <ele>78.0</ele>
    <time>2023-09-17T15:31:56Z</time>
   </trkpt>
   <trkpt lat="43.6373820" lon="-79.3931620">
    <ele>78.0</ele>
    <time>2023-09-17T15:31:57Z</time>
   </trkpt>
   <trkpt lat="43.6373790" lon="-79.3932110">
    <ele>78.0</ele>
    <time>2023-09-17T15:31:58Z</time>
   </trkpt>
   <trkpt lat="43.6373740" lon="-79.3932250">
    <ele>78.0</ele>
    <time>2023-09-17T15:31:59Z</time>
   </trkpt>
   <trkpt lat="43.6373750" lon="-79.3932740">
    <ele>78.1</ele>
    <time>2023-09-17T15:32:00Z</time>
   </trkpt>
   <trkpt lat="43.6373740" lon="-79.3932900">
    <ele>78.1</ele>
    <time>2023-09-17T15:32:01Z</time>
   </trkpt>
   <trkpt lat="43.6373690" lon="-79.3933260">
    <ele>78.1</ele>
    <time>2023-09-17T15:32:02Z</time>
   </trkpt>
   <trkpt lat="43.6373520" lon="-79.3933700">
    <ele>78.1</ele>
    <time>2023-09-17T15:32:03Z</time>
   </trkpt>
   <trkpt lat="43.6373450" lon="-79.3934070">
    <ele>78.1</ele>
    <time>2023-09-17T15:32:04Z</time>
   </trkpt>
   <trkpt lat="43.6373270" lon="-79.3934410">
    <ele>78.1</ele>
    <time>2023-09-17T15:32:05Z</time>
   </trkpt>
   <trkpt lat="43.6373360" lon="-79.3934810">
    <ele>78.1</ele>
    <time>2023-09-17T15:32:06Z</time>
   </trkpt>
   <trkpt lat="43.6373410" lon="-79.3935260">
    <ele>78.1</ele>
    <time>2023-09-17T15:32:07Z</time>
   </trkpt>
   <trkpt lat="43.6373410" lon="-79.3935630">
    <ele>78.1</ele>
    <time>2023-09-17T15:32:08Z</time>
   </trkpt>
   <trkpt lat="43.6373500" lon="-79.3936180">
    <ele>78.1</ele>
    <time>2023-09-17T15:32:09Z</time>
   </trkpt>
   <trkpt lat="43.6373520" lon="-79.3936380">
    <ele>78.1</ele>
    <time>2023-09-17T15:32:10Z</time>
   </trkpt>
   <trkpt lat="43.6373470" lon="-79.3936790">
    <ele>78.1</ele>
    <time>2023-09-17T15:32:11Z</time>
   </trkpt>
   <trkpt lat="43.6373440" lon="-79.3936940">
    <ele>78.1</ele>
    <time>2023-09-17T15:32:12Z</time>
   </trkpt>
   <trkpt lat="43.6373310" lon="-79.3937460">
    <ele>78.1</ele>
    <time>2023-09-17T15:32:13Z</time>
   </trkpt>
   <trkpt lat="43.6373200" lon="-79.3937620">
    <ele>78.1</ele>
    <time>2023-09-17T15:32:14Z</time>
   </trkpt>
   <trkpt lat="43.6373230" lon="-79.3938140">
    <ele>78.1</ele>
    <time>2023-09-17T15:32:15Z</time>
   </trkpt>
   <trkpt lat="43.6373270" lon="-79.3938330">
    <ele>78.1</ele>
    <time>2023-09-17T15:32:16Z</time>
   </trkpt>
   <trkpt lat="43.6373320" lon="-79.3938720">
    <ele>78.1</ele>
    <time>2023-09-17T15:32:17Z</time>
   </trkpt>
   <trkpt lat="43.6373280" lon="-79.3939130">
    <ele>78.1</ele>
    <time>2023-09-17T15:32:18Z</time>
   </trkpt>
   <trkpt lat="43.6373140" lon="-79.3939570">
    <ele>78.1</ele>
    <time>2023-09-17T15:32:19Z</time>
   </trkpt>
   <trkpt lat="43.6373080" lon="-79.3939750">
    <ele>78.1</ele>
    <time>2023-09-17T15:32:20Z</time>
   </trkpt>
   <trkpt lat="43.6373020" lon="-79.3940150">
    <ele>78.1</ele>
    <time>2023-09-17T15:32:21Z</time>
   </trkpt>
   <trkpt lat="43.6372900" lon="-79.3940640">
    <ele>78.0</ele>
    <time>2023-09-17T15:32:22Z</time>
   </trkpt>
   <trkpt lat="43.6372860" lon="-79.3940790">
    <ele>78.0</ele>
    <time>2023-09-17T15:32:23Z</time>
   </trkpt>
   <trkpt lat="43.6372820" lon="-79.3941250">
    <ele>78.0</ele>
    <time>2023-09-17T15:32:24Z</time>
   </trkpt>
   <trkpt lat="43.6372810" lon="-79.3941390">
    <ele>78.0</ele>
    <time>2023-09-17T15:32:25Z</time>
   </trkpt>
   <trkpt lat="43.6372730" lon="-79.3941760">
    <ele>78.0</ele>
    <time>2023-09-17T15:32:26Z</time>
   </trkpt>
   <trkpt lat="43.6372660" lon="-79.3941940">
    <ele>78.0</ele>
    <time>2023-09-17T15:32:27Z</time>
   </trkpt>
   <trkpt lat="43.6372520" lon="-79.3942240">
    <ele>77.9</ele>
    <time>2023-09-17T15:32:28Z</time>
   </trkpt>
   <trkpt lat="43.6372400" lon="-79.3942290">
    <ele>77.9</ele>
    <time>2023-09-17T15:32:29Z</time>
   </trkpt>
   <trkpt lat="43.6372480" lon="-79.3942760">
    <ele>77.9</ele>
    <time>2023-09-17T15:32:30Z</time>
   </trkpt>
   <trkpt lat="43.6372520" lon="-79.3942930">
    <ele>77.9</ele>
    <time>2023-09-17T15:32:31Z</time>
   </trkpt>
   <trkpt lat="43.6372530" lon="-79.3943370">
    <ele>77.9</ele>
    <time>2023-09-17T15:32:32Z</time>
   </trkpt>
   <trkpt lat="43.6372560" lon="-79.3943790">
    <ele>77.8</ele>
    <time>2023-09-17T15:32:33Z</time>
   </trkpt>
   <trkpt lat="43.6372460" lon="-79.3944160">
    <ele>77.8</ele>
    <time>2023-09-17T15:32:34Z</time>
   </trkpt>
   <trkpt lat="43.6372310" lon="-79.3944500">
    <ele>77.8</ele>
    <time>2023-09-17T15:32:35Z</time>
   </trkpt>
   <trkpt lat="43.6372210" lon="-79.3944950">
    <ele>77.8</ele>
    <time>2023-09-17T15:32:36Z</time>
   </trkpt>
   <trkpt lat="43.6372200" lon="-79.3945110">
    <ele>77.8</ele>
    <time>2023-09-17T15:32:37Z</time>
   </trkpt>
   <trkpt lat="43.6372120" lon="-79.3945530">
    <ele>77.8</ele>
    <time>2023-09-17T15:32:38Z</time>
   </trkpt>
   <trkpt lat="43.6372030" lon="-79.3945910">
    <ele>77.8</ele>
    <time>2023-09-17T15:32:39Z</time>
   </trkpt>
   <trkpt lat="43.6372000" lon="-79.3946390">
    <ele>77.7</ele>
    <time>2023-09-17T15:32:40Z</time>
   </trkpt>
   <trkpt lat="43.6372010" lon="-79.3946600">
    <ele>77.7</ele>
    <time>2023-09-17T15:32:41Z</time>
   </trkpt>
   <trkpt lat="43.6371960" lon="-79.3947000">
    <ele>77.7</ele>
    <time>2023-09-17T15:32:42Z</time>
   </trkpt>
   <trkpt lat="43.6371890" lon="-79.3947410">
    <ele>77.7</ele>
    <time>2023-09-17T15:32:43Z</time>
   </trkpt>
   <trkpt lat="43.6371740" lon="-79.3947910">
    <ele>77.8</ele>
    <time>2023-09-17T15:32:44Z</time>
   </trkpt>
   <trkpt lat="43.6371660" lon="-79.3948390">
    <ele>77.8</ele>
    <time>2023-09-17T15:32:45Z</time>
   </trkpt>
   <trkpt lat="43.6371660" lon="-79.3948540">
    <ele>77.8</ele>
    <time>2023-09-17T15:32:46Z</time>
   </trkpt>
   <trkpt lat="43.6371630" lon="-79.3948700">
    <ele>77.8</ele>
    <time>2023-09-17T15:32:47Z</time>
   </trkpt>
   <trkpt lat="43.6371590" lon="-79.3948990">
    <ele>77.8</ele>
    <time>2023-09-17T15:32:48Z</time>
   </trkpt>
   <trkpt lat="43.6371500" lon="-79.3949420">
    <ele>77.8</ele>
    <time>2023-09-17T15:32:49Z</time>
   </trkpt>
   <trkpt lat="43.6371460" lon="-79.3949590">
    <ele>77.8</ele>
    <time>2023-09-17T15:32:50Z</time>
   </trkpt>
   <trkpt lat="43.6371440" lon="-79.3950060">
    <ele>77.8</ele>
    <time>2023-09-17T15:32:51Z</time>
   </trkpt>
   <trkpt lat="43.6371440" lon="-79.3950220">
    <ele>77.8</ele>
    <time>2023-09-17T15:32:52Z</time>
   </trkpt>
   <trkpt lat="43.6371500" lon="-79.3950600">
    <ele>77.9</ele>
    <time>2023-09-17T15:32:53Z</time>
   </trkpt>
   <trkpt lat="43.6371500" lon="-79.3950720">
    <ele>77.9</ele>
    <time>2023-09-17T15:32:54Z</time>
   </trkpt>
   <trkpt lat="43.6371410" lon="-79.3951120">
    <ele>77.9</ele>
    <time>2023-09-17T15:32:55Z</time>
   </trkpt>
   <trkpt lat="43.6371220" lon="-79.3951400">
    <ele>77.9</ele>
    <time>2023-09-17T15:32:56Z</time>
   </trkpt>
   <trkpt lat="43.6371060" lon="-79.3951890">
    <ele>77.9</ele>
    <time>2023-09-17T15:32:57Z</time>
   </trkpt>
   <trkpt lat="43.6370970" lon="-79.3952070">
    <ele>77.9</ele>
    <time>2023-09-17T15:32:58Z</time>
   </trkpt>
   <trkpt lat="43.6370800" lon="-79.3952620">
    <ele>77.9</ele>
    <time>2023-09-17T15:32:59Z</time>
   </trkpt>
   <trkpt lat="43.6370730" lon="-79.3952820">
    <ele>77.9</ele>
    <time>2023-09-17T15:33:00Z</time>
   </trkpt>
   <trkpt lat="43.6370570" lon="-79.3953280">
    <ele>77.9</ele>
    <time>2023-09-17T15:33:01Z</time>
   </trkpt>
   <trkpt lat="43.6370510" lon="-79.3953470">
    <ele>77.9</ele>
    <time>2023-09-17T15:33:02Z</time>
   </trkpt>
   <trkpt lat="43.6370400" lon="-79.3953980">
    <ele>77.9</ele>
    <time>2023-09-17T15:33:03Z</time>
   </trkpt>
   <trkpt lat="43.6370330" lon="-79.3954170">
    <ele>77.9</ele>
    <time>2023-09-17T15:33:04Z</time>
   </trkpt>
   <trkpt lat="43.6370220" lon="-79.3954580">
    <ele>77.9</ele>
    <time>2023-09-17T15:33:05Z</time>
   </trkpt>
   <trkpt lat="43.6370200" lon="-79.3954760">
    <ele>77.9</ele>
    <time>2023-09-17T15:33:06Z</time>
   </trkpt>
   <trkpt lat="43.6370050" lon="-79.3955230">
    <ele>77.9</ele>
    <time>2023-09-17T15:33:07Z</time>
   </trkpt>
   <trkpt lat="43.6369990" lon="-79.3955380">
    <ele>77.9</ele>
    <time>2023-09-17T15:33:08Z</time>
   </trkpt>
   <trkpt lat="43.6369810" lon="-79.3955870">
    <ele>77.9</ele>
    <time>2023-09-17T15:33:09Z</time>
   </trkpt>
   <trkpt lat="43.6369730" lon="-79.3956040">
    <ele>77.9</ele>
    <time>2023-09-17T15:33:10Z</time>
   </trkpt>
   <trkpt lat="43.6369560" lon="-79.3956440">
    <ele>77.9</ele>
    <time>2023-09-17T15:33:11Z</time>
   </trkpt>
   <trkpt lat="43.6369510" lon="-79.3956660">
    <ele>77.9</ele>
    <time>2023-09-17T15:33:12Z</time>
   </trkpt>
   <trkpt lat="43.6369380" lon="-79.3957100">
    <ele>77.9</ele>
    <time>2023-09-17T15:33:13Z</time>
   </trkpt>
   <trkpt lat="43.6369360" lon="-79.3957260">
    <ele>77.9</ele>
    <time>2023-09-17T15:33:14Z</time>
   </trkpt>
   <trkpt lat="43.6369270" lon="-79.3957720">
    <ele>77.9</ele>
    <time>2023-09-17T15:33:15Z</time>
   </trkpt>
   <trkpt lat="43.6369230" lon="-79.3957870">
    <ele>77.9</ele>
    <time>2023-09-17T15:33:16Z</time>
   </trkpt>
   <trkpt lat="43.6369070" lon="-79.3958190">
    <ele>77.8</ele>
    <time>2023-09-17T15:33:17Z</time>
   </trkpt>
   <trkpt lat="43.6369050" lon="-79.3958590">
    <ele>77.8</ele>
    <time>2023-09-17T15:33:18Z</time>
   </trkpt>
   <trkpt lat="43.6369030" lon="-79.3958700">
    <ele>77.8</ele>
    <time>2023-09-17T15:33:19Z</time>
   </trkpt>
   <trkpt lat="43.6368870" lon="-79.3959110">
    <ele>77.8</ele>
    <time>2023-09-17T15:33:20Z</time>
   </trkpt>
   <trkpt lat="43.6368810" lon="-79.3959310">
    <ele>77.8</ele>
    <time>2023-09-17T15:33:21Z</time>
   </trkpt>
   <trkpt lat="43.6368660" lon="-79.3959730">
    <ele>77.8</ele>
    <time>2023-09-17T15:33:22Z</time>
   </trkpt>
   <trkpt lat="43.6368660" lon="-79.3959870">
    <ele>77.8</ele>
    <time>2023-09-17T15:33:23Z</time>
   </trkpt>
   <trkpt lat="43.6368490" lon="-79.3960260">
    <ele>77.8</ele>
    <time>2023-09-17T15:33:24Z</time>
   </trkpt>
   <trkpt lat="43.6368320" lon="-79.3960630">
    <ele>77.8</ele>
    <time>2023-09-17T15:33:25Z</time>
   </trkpt>
   <trkpt lat="43.6368170" lon="-79.3961060">
    <ele>77.8</ele>
    <time>2023-09-17T15:33:26Z</time>
   </trkpt>
   <trkpt lat="43.6368120" lon="-79.3961180">
    <ele>77.8</ele>
    <time>2023-09-17T15:33:27Z</time>
   </trkpt>
   <trkpt lat="43.6368050" lon="-79.3961590">
    <ele>77.8</ele>
    <time>2023-09-17T15:33:28Z</time>
   </trkpt>
   <trkpt lat="43.6367940" lon="-79.3962010">
    <ele>77.8</ele>
    <time>2023-09-17T15:33:29Z</time>
   </trkpt>
   <trkpt lat="43.6367880" lon="-79.3962120">
    <ele>77.8</ele>
    <time>2023-09-17T15:33:30Z</time>
   </trkpt>
   <trkpt lat="43.6367740" lon="-79.3962540">
    <ele>77.8</ele>
    <time>2023-09-17T15:33:31Z</time>
   </trkpt>
   <trkpt lat="43.6367680" lon="-79.3962690">
    <ele>77.8</ele>
    <time>2023-09-17T15:33:32Z</time>
   </trkpt>
   <trkpt lat="43.6367490" lon="-79.3963010">
    <ele>77.8</ele>
    <time>2023-09-17T15:33:33Z</time>
   </trkpt>
   <trkpt lat="43.6367400" lon="-79.3963180">
    <ele>77.8</ele>
    <time>2023-09-17T15:33:34Z</time>
   </trkpt>
   <trkpt lat="43.6367210" lon="-79.3963580">
    <ele>77.8</ele>
    <time>2023-09-17T15:33:35Z</time>
   </trkpt>
   <trkpt lat="43.6367080" lon="-79.3963970">
    <ele>77.8</ele>
    <time>2023-09-17T15:33:36Z</time>
   </trkpt>
   <trkpt lat="43.6367020" lon="-79.3964080">
    <ele>77.8</ele>
    <time>2023-09-17T15:33:37Z</time>
   </trkpt>
   <trkpt lat="43.6366750" lon="-79.3964390">
    <ele>77.8</ele>
    <time>2023-09-17T15:33:38Z</time>
   </trkpt>
   <trkpt lat="43.6366680" lon="-79.3964510">
    <ele>77.8</ele>
    <time>2023-09-17T15:33:39Z</time>
   </trkpt>
   <trkpt lat="43.6366460" lon="-79.3964900">
    <ele>77.8</ele>
    <time>2023-09-17T15:33:40Z</time>
   </trkpt>
   <trkpt lat="43.6366420" lon="-79.3965030">
    <ele>77.8</ele>
    <time>2023-09-17T15:33:41Z</time>
   </trkpt>
   <trkpt lat="43.6366270" lon="-79.3965460">
    <ele>77.8</ele>
    <time>2023-09-17T15:33:42Z</time>
   </trkpt>
   <trkpt lat="43.6366200" lon="-79.3965620">
    <ele>77.8</ele>
    <time>2023-09-17T15:33:43Z</time>
   </trkpt>
   <trkpt lat="43.6366100" lon="-79.3966030">
    <ele>77.8</ele>
    <time>2023-09-17T15:33:44Z</time>
   </trkpt>
   <trkpt lat="43.6366060" lon="-79.3966130">
    <ele>77.8</ele>
    <time>2023-09-17T15:33:45Z</time>
   </trkpt>
   <trkpt lat="43.6365860" lon="-79.3966510">
    <ele>77.8</ele>
    <time>2023-09-17T15:33:46Z</time>
   </trkpt>
   <trkpt lat="43.6365800" lon="-79.3966610">
    <ele>77.8</ele>
    <time>2023-09-17T15:33:47Z</time>
   </trkpt>
   <trkpt lat="43.6365620" lon="-79.3967050">
    <ele>77.8</ele>
    <time>2023-09-17T15:33:48Z</time>
   </trkpt>
   <trkpt lat="43.6365520" lon="-79.3967200">
    <ele>77.8</ele>
    <time>2023-09-17T15:33:49Z</time>
   </trkpt>
   <trkpt lat="43.6365450" lon="-79.3967630">
    <ele>77.8</ele>
    <time>2023-09-17T15:33:50Z</time>
   </trkpt>
   <trkpt lat="43.6365440" lon="-79.3967780">
    <ele>77.8</ele>
    <time>2023-09-17T15:33:51Z</time>
   </trkpt>
   <trkpt lat="43.6365350" lon="-79.3968260">
    <ele>77.9</ele>
    <time>2023-09-17T15:33:52Z</time>
   </trkpt>
   <trkpt lat="43.6365320" lon="-79.3968440">
    <ele>77.9</ele>
    <time>2023-09-17T15:33:53Z</time>
   </trkpt>
   <trkpt lat="43.6365140" lon="-79.3968850">
    <ele>77.9</ele>
    <time>2023-09-17T15:33:54Z</time>
   </trkpt>
   <trkpt lat="43.6365060" lon="-79.3969010">
    <ele>77.9</ele>
    <time>2023-09-17T15:33:55Z</time>
   </trkpt>
   <trkpt lat="43.6364960" lon="-79.3969400">
    <ele>78.0</ele>
    <time>2023-09-17T15:33:56Z</time>
   </trkpt>
   <trkpt lat="43.6364920" lon="-79.3969540">
    <ele>78.0</ele>
    <time>2023-09-17T15:33:57Z</time>
   </trkpt>
   <trkpt lat="43.6364890" lon="-79.3970000">
    <ele>78.0</ele>
    <time>2023-09-17T15:33:58Z</time>
   </trkpt>
   <trkpt lat="43.6364880" lon="-79.3970140">
    <ele>78.0</ele>
    <time>2023-09-17T15:33:59Z</time>
   </trkpt>
   <trkpt lat="43.6364780" lon="-79.3970540">
    <ele>78.0</ele>
    <time>2023-09-17T15:34:00Z</time>
   </trkpt>
   <trkpt lat="43.6364790" lon="-79.3970700">
    <ele>78.1</ele>
    <time>2023-09-17T15:34:01Z</time>
   </trkpt>
   <trkpt lat="43.6364680" lon="-79.3971090">
    <ele>78.1</ele>
    <time>2023-09-17T15:34:02Z</time>
   </trkpt>
   <trkpt lat="43.6364690" lon="-79.3971210">
    <ele>78.1</ele>
    <time>2023-09-17T15:34:03Z</time>
   </trkpt>
   <trkpt lat="43.6364400" lon="-79.3971740">
    <ele>78.2</ele>
    <time>2023-09-17T15:34:04Z</time>
   </trkpt>
   <trkpt lat="43.6364240" lon="-79.3971980">
    <ele>78.2</ele>
    <time>2023-09-17T15:34:05Z</time>
   </trkpt>
   <trkpt lat="43.6363950" lon="-79.3972230">
    <ele>78.2</ele>
    <time>2023-09-17T15:34:06Z</time>
   </trkpt>
   <trkpt lat="43.6363820" lon="-79.3972340">
    <ele>78.2</ele>
    <time>2023-09-17T15:34:07Z</time>
   </trkpt>
   <trkpt lat="43.6363480" lon="-79.3972540">
    <ele>78.3</ele>
    <time>2023-09-17T15:34:08Z</time>
   </trkpt>
   <trkpt lat="43.6363460" lon="-79.3972610">
    <ele>78.3</ele>
    <time>2023-09-17T15:34:09Z</time>
   </trkpt>
   <trkpt lat="43.6363290" lon="-79.3972950">
    <ele>78.3</ele>
    <time>2023-09-17T15:34:10Z</time>
   </trkpt>
   <trkpt lat="43.6362940" lon="-79.3973270">
    <ele>78.3</ele>
    <time>2023-09-17T15:34:11Z</time>
   </trkpt>
   <trkpt lat="43.6362810" lon="-79.3973400">
    <ele>78.3</ele>
    <time>2023-09-17T15:34:12Z</time>
   </trkpt>
   <trkpt lat="43.6362470" lon="-79.3973670">
    <ele>78.3</ele>
    <time>2023-09-17T15:34:13Z</time>
   </trkpt>
   <trkpt lat="43.6362340" lon="-79.3973780">
    <ele>78.3</ele>
    <time>2023-09-17T15:34:14Z</time>
   </trkpt>
   <trkpt lat="43.6362020" lon="-79.3974060">
    <ele>78.4</ele>
    <time>2023-09-17T15:34:15Z</time>
   </trkpt>
   <trkpt lat="43.6361910" lon="-79.3974160">
    <ele>78.4</ele>
    <time>2023-09-17T15:34:16Z</time>
   </trkpt>
   <trkpt lat="43.6361660" lon="-79.3974570">
    <ele>78.4</ele>
    <time>2023-09-17T15:34:17Z</time>
   </trkpt>
   <trkpt lat="43.6361570" lon="-79.3974700">
    <ele>78.4</ele>
    <time>2023-09-17T15:34:18Z</time>
   </trkpt>
   <trkpt lat="43.6361340" lon="-79.3974930">
    <ele>78.4</ele>
    <time>2023-09-17T15:34:19Z</time>
   </trkpt>
   <trkpt lat="43.6361140" lon="-79.3975250">
    <ele>78.4</ele>
    <time>2023-09-17T15:34:20Z</time>
   </trkpt>
   <trkpt lat="43.6361110" lon="-79.3975410">
    <ele>78.4</ele>
    <time>2023-09-17T15:34:21Z</time>
   </trkpt>
   <trkpt lat="43.6360910" lon="-79.3975820">
    <ele>78.4</ele>
    <time>2023-09-17T15:34:22Z</time>
   </trkpt>
   <trkpt lat="43.6360820" lon="-79.3975940">
    <ele>78.3</ele>
    <time>2023-09-17T15:34:23Z</time>
   </trkpt>
   <trkpt lat="43.6360560" lon="-79.3976290">
    <ele>78.3</ele>
    <time>2023-09-17T15:34:24Z</time>
   </trkpt>
   <trkpt lat="43.6360450" lon="-79.3976400">
    <ele>78.3</ele>
    <time>2023-09-17T15:34:25Z</time>
   </trkpt>
   <trkpt lat="43.6360300" lon="-79.3976900">
    <ele>78.3</ele>
    <time>2023-09-17T15:34:26Z</time>
   </trkpt>
   <trkpt lat="43.6360270" lon="-79.3977090">
    <ele>78.3</ele>
    <time>2023-09-17T15:34:27Z</time>
   </trkpt>
   <trkpt lat="43.6360110" lon="-79.3977540">
    <ele>78.3</ele>
    <time>2023-09-17T15:34:28Z</time>
   </trkpt>
   <trkpt lat="43.6360030" lon="-79.3977690">
    <ele>78.3</ele>
    <time>2023-09-17T15:34:29Z</time>
   </trkpt>
   <trkpt lat="43.6359820" lon="-79.3978010">
    <ele>78.3</ele>
    <time>2023-09-17T15:34:30Z</time>
   </trkpt>
   <trkpt lat="43.6359610" lon="-79.3978290">
    <ele>78.3</ele>
    <time>2023-09-17T15:34:31Z</time>
   </trkpt>
   <trkpt lat="43.6359380" lon="-79.3978700">
    <ele>78.3</ele>
    <time>2023-09-17T15:34:32Z</time>
   </trkpt>
   <trkpt lat="43.6359270" lon="-79.3978850">
    <ele>78.3</ele>
    <time>2023-09-17T15:34:33Z</time>
   </trkpt>
   <trkpt lat="43.6358940" lon="-79.3979140">
    <ele>78.3</ele>
    <time>2023-09-17T15:34:34Z</time>
   </trkpt>
   <trkpt lat="43.6358810" lon="-79.3979240">
    <ele>78.3</ele>
    <time>2023-09-17T15:34:35Z</time>
   </trkpt>
   <trkpt lat="43.6358500" lon="-79.3979500">
    <ele>78.3</ele>
    <time>2023-09-17T15:34:36Z</time>
   </trkpt>
   <trkpt lat="43.6358370" lon="-79.3979580">
    <ele>78.3</ele>
    <time>2023-09-17T15:34:37Z</time>
   </trkpt>
   <trkpt lat="43.6358100" lon="-79.3979750">
    <ele>78.3</ele>
    <time>2023-09-17T15:34:38Z</time>
   </trkpt>
   <trkpt lat="43.6357750" lon="-79.3980100">
    <ele>78.4</ele>
    <time>2023-09-17T15:34:39Z</time>
   </trkpt>
   <trkpt lat="43.6357630" lon="-79.3980230">
    <ele>78.4</ele>
    <time>2023-09-17T15:34:40Z</time>
   </trkpt>
   <trkpt lat="43.6357380" lon="-79.3980450">
    <ele>78.4</ele>
    <time>2023-09-17T15:34:41Z</time>
   </trkpt>
   <trkpt lat="43.6357300" lon="-79.3980540">
    <ele>78.4</ele>
    <time>2023-09-17T15:34:42Z</time>
   </trkpt>
   <trkpt lat="43.6357100" lon="-79.3980850">
    <ele>78.4</ele>
    <time>2023-09-17T15:34:43Z</time>
   </trkpt>
   <trkpt lat="43.6357020" lon="-79.3980970">
    <ele>78.4</ele>
    <time>2023-09-17T15:34:44Z</time>
   </trkpt>
   <trkpt lat="43.6356760" lon="-79.3981270">
    <ele>78.4</ele>
    <time>2023-09-17T15:34:45Z</time>
   </trkpt>
   <trkpt lat="43.6356700" lon="-79.3981420">
    <ele>78.4</ele>
    <time>2023-09-17T15:34:46Z</time>
   </trkpt>
   <trkpt lat="43.6356790" lon="-79.3981530">
    <ele>78.4</ele>
    <time>2023-09-17T15:34:47Z</time>
   </trkpt>
   <trkpt lat="43.6356700" lon="-79.3981440">
    <ele>78.4</ele>
    <time>2023-09-17T15:34:48Z</time>
   </trkpt>
   <trkpt lat="43.6356560" lon="-79.3981470">
    <ele>78.4</ele>
    <time>2023-09-17T15:34:49Z</time>
   </trkpt>
   <trkpt lat="43.6356510" lon="-79.3981580">
    <ele>78.4</ele>
    <time>2023-09-17T15:34:50Z</time>
   </trkpt>
   <trkpt lat="43.6356520" lon="-79.3981720">
    <ele>78.4</ele>
    <time>2023-09-17T15:34:51Z</time>
   </trkpt>
   <trkpt lat="43.6356530" lon="-79.3981740">
    <ele>78.4</ele>
    <time>2023-09-17T15:34:52Z</time>
   </trkpt>
   <trkpt lat="43.6356530" lon="-79.3981760">
    <ele>78.4</ele>
    <time>2023-09-17T15:34:53Z</time>
   </trkpt>
   <trkpt lat="43.6356540" lon="-79.3981790">
    <ele>78.4</ele>
    <time>2023-09-17T15:34:54Z</time>
   </trkpt>
   <trkpt lat="43.6356540" lon="-79.3981810">
    <ele>78.4</ele>
    <time>2023-09-17T15:34:55Z</time>
   </trkpt>
   <trkpt lat="43.6356540" lon="-79.3981840">
    <ele>78.4</ele>
    <time>2023-09-17T15:34:56Z</time>
   </trkpt>
   <trkpt lat="43.6356550" lon="-79.3981860">
    <ele>78.4</ele>
    <time>2023-09-17T15:34:57Z</time>
   </trkpt>
   <trkpt lat="43.6356550" lon="-79.3981880">
    <ele>78.4</ele>
    <time>2023-09-17T15:34:58Z</time>
   </trkpt>
   <trkpt lat="43.6356550" lon="-79.3981910">
    <ele>78.4</ele>
    <time>2023-09-17T15:34:59Z</time>
   </trkpt>
   <trkpt lat="43.6356560" lon="-79.3981930">
    <ele>78.4</ele>
    <time>2023-09-17T15:35:00Z</time>
   </trkpt>
   <trkpt lat="43.6356560" lon="-79.3981950">
    <ele>78.4</ele>
    <time>2023-09-17T15:35:01Z</time>
   </trkpt>
   <trkpt lat="43.6356560" lon="-79.3981980">
    <ele>78.4</ele>
    <time>2023-09-17T15:35:02Z</time>
   </trkpt>
   <trkpt lat="43.6356570" lon="-79.3982000">
    <ele>78.4</ele>
    <time>2023-09-17T15:35:03Z</time>
   </trkpt>
   <trkpt lat="43.6356570" lon="-79.3982030">
    <ele>78.4</ele>
    <time>2023-09-17T15:35:04Z</time>
   </trkpt>
   <trkpt lat="43.6356570" lon="-79.3982050">
    <ele>78.4</ele>
    <time>2023-09-17T15:35:05Z</time>
   </trkpt>
   <trkpt lat="43.6356580" lon="-79.3982070">
    <ele>78.4</ele>
    <time>2023-09-17T15:35:06Z</time>
   </trkpt>
   <trkpt lat="43.6356580" lon="-79.3982100">
    <ele>78.4</ele>
    <time>2023-09-17T15:35:07Z</time>
   </trkpt>
   <trkpt lat="43.6356580" lon="-79.3982120">
    <ele>78.4</ele>
    <time>2023-09-17T15:35:08Z</time>
   </trkpt>
   <trkpt lat="43.6356590" lon="-79.3982140">
    <ele>78.4</ele>
    <time>2023-09-17T15:35:09Z</time>
   </trkpt>
   <trkpt lat="43.6356590" lon="-79.3982170">
    <ele>78.4</ele>
    <time>2023-09-17T15:35:10Z</time>
   </trkpt>
   <trkpt lat="43.6356590" lon="-79.3982190">
    <ele>78.4</ele>
    <time>2023-09-17T15:35:11Z</time>
   </trkpt>
   <trkpt lat="43.6356600" lon="-79.3982210">
    <ele>78.4</ele>
    <time>2023-09-17T15:35:12Z</time>
   </trkpt>
   <trkpt lat="43.6356600" lon="-79.3982240">
    <ele>78.4</ele>
    <time>2023-09-17T15:35:13Z</time>
   </trkpt>
   <trkpt lat="43.6356600" lon="-79.3982260">
    <ele>78.4</ele>
    <time>2023-09-17T15:35:14Z</time>
   </trkpt>
   <trkpt lat="43.6356610" lon="-79.3982290">
    <ele>78.4</ele>
    <time>2023-09-17T15:35:15Z</time>
   </trkpt>
   <trkpt lat="43.6356610" lon="-79.3982310">
    <ele>78.4</ele>
    <time>2023-09-17T15:35:16Z</time>
   </trkpt>
   <trkpt lat="43.6356610" lon="-79.3982330">
    <ele>78.4</ele>
    <time>2023-09-17T15:35:17Z</time>
   </trkpt>
   <trkpt lat="43.6356620" lon="-79.3982360">
    <ele>78.4</ele>
    <time>2023-09-17T15:35:18Z</time>
   </trkpt>
   <trkpt lat="43.6356620" lon="-79.3982380">
    <ele>78.4</ele>
    <time>2023-09-17T15:35:19Z</time>
   </trkpt>
   <trkpt lat="43.6356620" lon="-79.3982400">
    <ele>78.4</ele>
    <time>2023-09-17T15:35:20Z</time>
   </trkpt>
   <trkpt lat="43.6356630" lon="-79.3982430">
    <ele>78.4</ele>
    <time>2023-09-17T15:35:21Z</time>
   </trkpt>
   <trkpt lat="43.6356630" lon="-79.3982450">
    <ele>78.4</ele>
    <time>2023-09-17T15:35:22Z</time>
   </trkpt>
   <trkpt lat="43.6356630" lon="-79.3982480">
    <ele>78.4</ele>
    <time>2023-09-17T15:35:23Z</time>
   </trkpt>
   <trkpt lat="43.6356640" lon="-79.3982500">
    <ele>78.4</ele>
    <time>2023-09-17T15:35:24Z</time>
   </trkpt>
   <trkpt lat="43.6356640" lon="-79.3982520">
    <ele>78.4</ele>
    <time>2023-09-17T15:35:25Z</time>
   </trkpt>
   <trkpt lat="43.6356640" lon="-79.3982550">
    <ele>78.4</ele>
    <time>2023-09-17T15:35:26Z</time>
   </trkpt>
   <trkpt lat="43.6356650" lon="-79.3982570">
    <ele>78.4</ele>
    <time>2023-09-17T15:35:27Z</time>
   </trkpt>
   <trkpt lat="43.6356650" lon="-79.3982590">
    <ele>78.4</ele>
    <time>2023-09-17T15:35:28Z</time>
   </trkpt>
   <trkpt lat="43.6356650" lon="-79.3982620">
    <ele>78.4</ele>
    <time>2023-09-17T15:35:29Z</time>
   </trkpt>
   <trkpt lat="43.6356660" lon="-79.3982640">
    <ele>78.4</ele>
    <time>2023-09-17T15:35:30Z</time>
   </trkpt>
   <trkpt lat="43.6356660" lon="-79.3982660">
    <ele>78.4</ele>
    <time>2023-09-17T15:35:31Z</time>
   </trkpt>
   <trkpt lat="43.6356670" lon="-79.3982690">
    <ele>78.4</ele>
    <time>2023-09-17T15:35:32Z</time>
   </trkpt>
   <trkpt lat="43.6356670" lon="-79.3982710">
    <ele>78.4</ele>
    <time>2023-09-17T15:35:33Z</time>
   </trkpt>
   <trkpt lat="43.6356670" lon="-79.3982740">
    <ele>78.4</ele>
    <time>2023-09-17T15:35:34Z</time>
   </trkpt>
   <trkpt lat="43.6356680" lon="-79.3982760">
    <ele>78.4</ele>
    <time>2023-09-17T15:35:35Z</time>
   </trkpt>
   <trkpt lat="43.6356680" lon="-79.3982780">
    <ele>78.4</ele>
    <time>2023-09-17T15:35:36Z</time>
   </trkpt>
   <trkpt lat="43.6356680" lon="-79.3982810">
    <ele>78.5</ele>
    <time>2023-09-17T15:35:37Z</time>
   </trkpt>
   <trkpt lat="43.6356690" lon="-79.3982830">
    <ele>78.5</ele>
    <time>2023-09-17T15:35:38Z</time>
   </trkpt>
   <trkpt lat="43.6356690" lon="-79.3982850">
    <ele>78.5</ele>
    <time>2023-09-17T15:35:39Z</time>
   </trkpt>
   <trkpt lat="43.6356690" lon="-79.3982930">
    <ele>78.5</ele>
    <time>2023-09-17T15:35:40Z</time>
   </trkpt>
   <trkpt lat="43.6356650" lon="-79.3983000">
    <ele>78.5</ele>
    <time>2023-09-17T15:35:41Z</time>
   </trkpt>
   <trkpt lat="43.6356610" lon="-79.3983060">
    <ele>78.5</ele>
    <time>2023-09-17T15:35:42Z</time>
   </trkpt>
   <trkpt lat="43.6356570" lon="-79.3983130">
    <ele>78.5</ele>
    <time>2023-09-17T15:35:43Z</time>
   </trkpt>
   <trkpt lat="43.6356530" lon="-79.3983190">
    <ele>78.5</ele>
    <time>2023-09-17T15:35:44Z</time>
   </trkpt>
   <trkpt lat="43.6356490" lon="-79.3983260">
    <ele>78.5</ele>
    <time>2023-09-17T15:35:45Z</time>
   </trkpt>
   <trkpt lat="43.6356450" lon="-79.3983330">
    <ele>78.5</ele>
    <time>2023-09-17T15:35:46Z</time>
   </trkpt>
   <trkpt lat="43.6356320" lon="-79.3983430">
    <ele>78.5</ele>
    <time>2023-09-17T15:35:47Z</time>
   </trkpt>
   <trkpt lat="43.6356260" lon="-79.3983610">
    <ele>78.5</ele>
    <time>2023-09-17T15:35:48Z</time>
   </trkpt>
   <trkpt lat="43.6356040" lon="-79.3983980">
    <ele>78.5</ele>
    <time>2023-09-17T15:35:49Z</time>
   </trkpt>
   <trkpt lat="43.6355960" lon="-79.3984130">
    <ele>78.5</ele>
    <time>2023-09-17T15:35:50Z</time>
   </trkpt>
   <trkpt lat="43.6355920" lon="-79.3984260">
    <ele>78.5</ele>
    <time>2023-09-17T15:35:51Z</time>
   </trkpt>
   <trkpt lat="43.6355840" lon="-79.3984340">
    <ele>78.5</ele>
    <time>2023-09-17T15:35:52Z</time>
   </trkpt>
   <trkpt lat="43.6355830" lon="-79.3984450">
    <ele>78.5</ele>
    <time>2023-09-17T15:35:53Z</time>
   </trkpt>
   <trkpt lat="43.6355600" lon="-79.3984810">
    <ele>78.5</ele>
    <time>2023-09-17T15:35:54Z</time>
   </trkpt>
   <trkpt lat="43.6355510" lon="-79.3984940">
    <ele>78.5</ele>
    <time>2023-09-17T15:35:55Z</time>
   </trkpt>
   <trkpt lat="43.6355370" lon="-79.3985170">
    <ele>78.5</ele>
    <time>2023-09-17T15:35:56Z</time>
   </trkpt>
   <trkpt lat="43.6355280" lon="-79.3985340">
    <ele>78.5</ele>
    <time>2023-09-17T15:35:57Z</time>
   </trkpt>
   <trkpt lat="43.6355040" lon="-79.3985590">
    <ele>78.5</ele>
    <time>2023-09-17T15:35:58Z</time>
   </trkpt>
   <trkpt lat="43.6354780" lon="-79.3986020">
    <ele>78.5</ele>
    <time>2023-09-17T15:35:59Z</time>
   </trkpt>
   <trkpt lat="43.6354740" lon="-79.3986240">
    <ele>78.5</ele>
    <time>2023-09-17T15:36:00Z</time>
   </trkpt>
   <trkpt lat="43.6354680" lon="-79.3986750">
    <ele>78.5</ele>
    <time>2023-09-17T15:36:01Z</time>
   </trkpt>
   <trkpt lat="43.6354660" lon="-79.3986930">
    <ele>78.5</ele>
    <time>2023-09-17T15:36:02Z</time>
   </trkpt>
   <trkpt lat="43.6354460" lon="-79.3987310">
    <ele>78.6</ele>
    <time>2023-09-17T15:36:03Z</time>
   </trkpt>
   <trkpt lat="43.6354350" lon="-79.3987440">
    <ele>78.6</ele>
    <time>2023-09-17T15:36:04Z</time>
   </trkpt>
   <trkpt lat="43.6354170" lon="-79.3987740">
    <ele>78.6</ele>
    <time>2023-09-17T15:36:05Z</time>
   </trkpt>
   <trkpt lat="43.6354060" lon="-79.3988270">
    <ele>78.6</ele>
    <time>2023-09-17T15:36:06Z</time>
   </trkpt>
   <trkpt lat="43.6353950" lon="-79.3988430">
    <ele>78.6</ele>
    <time>2023-09-17T15:36:07Z</time>
   </trkpt>
   <trkpt lat="43.6353780" lon="-79.3988740">
    <ele>78.6</ele>
    <time>2023-09-17T15:36:08Z</time>
   </trkpt>
   <trkpt lat="43.6353540" lon="-79.3989030">
    <ele>78.6</ele>
    <time>2023-09-17T15:36:09Z</time>
   </trkpt>
   <trkpt lat="43.6353320" lon="-79.3989440">
    <ele>78.6</ele>
    <time>2023-09-17T15:36:10Z</time>
   </trkpt>
   <trkpt lat="43.6353220" lon="-79.3989560">
    <ele>78.6</ele>
    <time>2023-09-17T15:36:11Z</time>
   </trkpt>
   <trkpt lat="43.6352970" lon="-79.3989950">
    <ele>78.6</ele>
    <time>2023-09-17T15:36:12Z</time>
   </trkpt>
   <trkpt lat="43.6352900" lon="-79.3990100">
    <ele>78.6</ele>
    <time>2023-09-17T15:36:13Z</time>
   </trkpt>
   <trkpt lat="43.6352720" lon="-79.3990470">
    <ele>78.6</ele>
    <time>2023-09-17T15:36:14Z</time>
   </trkpt>
   <trkpt lat="43.6352650" lon="-79.3990600">
    <ele>78.6</ele>
    <time>2023-09-17T15:36:15Z</time>
   </trkpt>
   <trkpt lat="43.6352460" lon="-79.3990920">
    <ele>78.7</ele>
    <time>2023-09-17T15:36:16Z</time>
   </trkpt>
   <trkpt lat="43.6352370" lon="-79.3991370">
    <ele>78.7</ele>
    <time>2023-09-17T15:36:17Z</time>
   </trkpt>
   <trkpt lat="43.6352380" lon="-79.3991550">
    <ele>78.7</ele>
    <time>2023-09-17T15:36:18Z</time>
   </trkpt>
   <trkpt lat="43.6352220" lon="-79.3991920">
    <ele>78.7</ele>
    <time>2023-09-17T15:36:19Z</time>
   </trkpt>
   <trkpt lat="43.6352180" lon="-79.3992060">
    <ele>78.7</ele>
    <time>2023-09-17T15:36:20Z</time>
   </trkpt>
   <trkpt lat="43.6352220" lon="-79.3992500">
    <ele>78.7</ele>
    <time>2023-09-17T15:36:21Z</time>
   </trkpt>
   <trkpt lat="43.6351980" lon="-79.3992930">
    <ele>78.7</ele>
    <time>2023-09-17T15:36:22Z</time>
   </trkpt>
   <trkpt lat="43.6351900" lon="-79.3993080">
    <ele>78.7</ele>
    <time>2023-09-17T15:36:23Z</time>
   </trkpt>
   <trkpt lat="43.6351670" lon="-79.3993430">
    <ele>78.7</ele>
    <time>2023-09-17T15:36:24Z</time>
   </trkpt>
   <trkpt lat="43.6351390" lon="-79.3993720">
    <ele>78.7</ele>
    <time>2023-09-17T15:36:25Z</time>
   </trkpt>
   <trkpt lat="43.6351070" lon="-79.3993970">
    <ele>78.7</ele>
    <time>2023-09-17T15:36:26Z</time>
   </trkpt>
   <trkpt lat="43.6350840" lon="-79.3994250">
    <ele>78.7</ele>
    <time>2023-09-17T15:36:27Z</time>
   </trkpt>
   <trkpt lat="43.6350570" lon="-79.3994550">
    <ele>78.7</ele>
    <time>2023-09-17T15:36:28Z</time>
   </trkpt>
   <trkpt lat="43.6350410" lon="-79.3994870">
    <ele>78.7</ele>
    <time>2023-09-17T15:36:29Z</time>
   </trkpt>
   <trkpt lat="43.6350120" lon="-79.3995180">
    <ele>78.7</ele>
    <time>2023-09-17T15:36:30Z</time>
   </trkpt>
   <trkpt lat="43.6349930" lon="-79.3995470">
    <ele>78.7</ele>
    <time>2023-09-17T15:36:31Z</time>
   </trkpt>
   <trkpt lat="43.6349700" lon="-79.3995890">
    <ele>78.7</ele>
    <time>2023-09-17T15:36:32Z</time>
   </trkpt>
   <trkpt lat="43.6349610" lon="-79.3996040">
    <ele>78.7</ele>
    <time>2023-09-17T15:36:33Z</time>
   </trkpt>
   <trkpt lat="43.6349410" lon="-79.3996470">
    <ele>78.7</ele>
    <time>2023-09-17T15:36:34Z</time>
   </trkpt>
   <trkpt lat="43.6349350" lon="-79.3996620">
    <ele>78.7</ele>
    <time>2023-09-17T15:36:35Z</time>
   </trkpt>
   <trkpt lat="43.6349120" lon="-79.3996990">
    <ele>78.7</ele>
    <time>2023-09-17T15:36:36Z</time>
   </trkpt>
   <trkpt lat="43.6349010" lon="-79.3997090">
    <ele>78.7</ele>
    <time>2023-09-17T15:36:37Z</time>
   </trkpt>
   <trkpt lat="43.6348920" lon="-79.3997300">
    <ele>78.8</ele>
    <time>2023-09-17T15:36:38Z</time>
   </trkpt>
   <trkpt lat="43.6348860" lon="-79.3997500">
    <ele>78.8</ele>
    <time>2023-09-17T15:36:39Z</time>
   </trkpt>
   <trkpt lat="43.6348630" lon="-79.3997890">
    <ele>78.8</ele>
    <time>2023-09-17T15:36:40Z</time>
   </trkpt>
   <trkpt lat="43.6348520" lon="-79.3998020">
    <ele>78.8</ele>
    <time>2023-09-17T15:36:41Z</time>
   </trkpt>
   <trkpt lat="43.6348390" lon="-79.3998380">
    <ele>78.8</ele>
    <time>2023-09-17T15:36:42Z</time>
   </trkpt>
   <trkpt lat="43.6348190" lon="-79.3998680">
    <ele>78.8</ele>
    <time>2023-09-17T15:36:43Z</time>
   </trkpt>
   <trkpt lat="43.6347930" lon="-79.3999130">
    <ele>78.8</ele>
    <time>2023-09-17T15:36:44Z</time>
   </trkpt>
   <trkpt lat="43.6347820" lon="-79.3999300">
    <ele>78.8</ele>
    <time>2023-09-17T15:36:45Z</time>
   </trkpt>
   <trkpt lat="43.6347620" lon="-79.3999730">
    <ele>78.8</ele>
    <time>2023-09-17T15:36:46Z</time>
   </trkpt>
   <trkpt lat="43.6347560" lon="-79.3999900">
    <ele>78.8</ele>
    <time>2023-09-17T15:36:47Z</time>
   </trkpt>
   <trkpt lat="43.6347500" lon="-79.4000280">
    <ele>78.8</ele>
    <time>2023-09-17T15:36:48Z</time>
   </trkpt>
   <trkpt lat="43.6347300" lon="-79.4000770">
    <ele>78.8</ele>
    <time>2023-09-17T15:36:49Z</time>
   </trkpt>
   <trkpt lat="43.6347180" lon="-79.4000910">
    <ele>78.8</ele>
    <time>2023-09-17T15:36:50Z</time>
   </trkpt>
   <trkpt lat="43.6346950" lon="-79.4001320">
    <ele>78.8</ele>
    <time>2023-09-17T15:36:51Z</time>
   </trkpt>
   <trkpt lat="43.6346860" lon="-79.4001430">
    <ele>78.8</ele>
    <time>2023-09-17T15:36:52Z</time>
   </trkpt>
   <trkpt lat="43.6346600" lon="-79.4001610">
    <ele>78.8</ele>
    <time>2023-09-17T15:36:53Z</time>
   </trkpt>
   <trkpt lat="43.6346330" lon="-79.4001960">
    <ele>78.9</ele>
    <time>2023-09-17T15:36:54Z</time>
   </trkpt>
   <trkpt lat="43.6346240" lon="-79.4002110">
    <ele>78.9</ele>
    <time>2023-09-17T15:36:55Z</time>
   </trkpt>
   <trkpt lat="43.6346100" lon="-79.4002430">
    <ele>78.9</ele>
    <time>2023-09-17T15:36:56Z</time>
   </trkpt>
   <trkpt lat="43.6345850" lon="-79.4002860">
    <ele>78.9</ele>
    <time>2023-09-17T15:36:57Z</time>
   </trkpt>
   <trkpt lat="43.6345790" lon="-79.4003020">
    <ele>78.9</ele>
    <time>2023-09-17T15:36:58Z</time>
   </trkpt>
   <trkpt lat="43.6345620" lon="-79.4003330">
    <ele>78.9</ele>
    <time>2023-09-17T15:36:59Z</time>
   </trkpt>
   <trkpt lat="43.6345420" lon="-79.4003670">
    <ele>79.0</ele>
    <time>2023-09-17T15:37:00Z</time>
   </trkpt>
   <trkpt lat="43.6345390" lon="-79.4003800">
    <ele>79.0</ele>
    <time>2023-09-17T15:37:01Z</time>
   </trkpt>
   <trkpt lat="43.6345160" lon="-79.4004120">
    <ele>79.0</ele>
    <time>2023-09-17T15:37:02Z</time>
   </trkpt>
   <trkpt lat="43.6345090" lon="-79.4004240">
    <ele>79.0</ele>
    <time>2023-09-17T15:37:03Z</time>
   </trkpt>
   <trkpt lat="43.6344900" lon="-79.4004580">
    <ele>79.0</ele>
    <time>2023-09-17T15:37:04Z</time>
   </trkpt>
   <trkpt lat="43.6344820" lon="-79.4004650">
    <ele>79.0</ele>
    <time>2023-09-17T15:37:05Z</time>
   </trkpt>
   <trkpt lat="43.6344890" lon="-79.4004630">
    <ele>79.0</ele>
    <time>2023-09-17T15:37:06Z</time>
   </trkpt>
   <trkpt lat="43.6344930" lon="-79.4004520">
    <ele>79.0</ele>
    <time>2023-09-17T15:37:07Z</time>
   </trkpt>
   <trkpt lat="43.6344930" lon="-79.4004610">
    <ele>79.0</ele>
    <time>2023-09-17T15:37:08Z</time>
   </trkpt>
   <trkpt lat="43.6344850" lon="-79.4004830">
    <ele>79.1</ele>
    <time>2023-09-17T15:37:09Z</time>
   </trkpt>
   <trkpt lat="43.6344750" lon="-79.4005040">
    <ele>79.1</ele>
    <time>2023-09-17T15:37:10Z</time>
   </trkpt>
   <trkpt lat="43.6344600" lon="-79.4005470">
    <ele>79.1</ele>
    <time>2023-09-17T15:37:11Z</time>
   </trkpt>
   <trkpt lat="43.6344560" lon="-79.4005630">
    <ele>79.1</ele>
    <time>2023-09-17T15:37:12Z</time>
   </trkpt>
   <trkpt lat="43.6344530" lon="-79.4006120">
    <ele>79.1</ele>
    <time>2023-09-17T15:37:13Z</time>
   </trkpt>
   <trkpt lat="43.6344530" lon="-79.4006500">
    <ele>79.0</ele>
    <time>2023-09-17T15:37:14Z</time>
   </trkpt>
   <trkpt lat="43.6344510" lon="-79.4006630">
    <ele>79.0</ele>
    <time>2023-09-17T15:37:15Z</time>
   </trkpt>
   <trkpt lat="43.6344390" lon="-79.4006970">
    <ele>79.0</ele>
    <time>2023-09-17T15:37:16Z</time>
   </trkpt>
   <trkpt lat="43.6344360" lon="-79.4007100">
    <ele>79.0</ele>
    <time>2023-09-17T15:37:17Z</time>
   </trkpt>
   <trkpt lat="43.6344340" lon="-79.4007560">
    <ele>78.9</ele>
    <time>2023-09-17T15:37:18Z</time>
   </trkpt>
   <trkpt lat="43.6344340" lon="-79.4007730">
    <ele>78.9</ele>
    <time>2023-09-17T15:37:19Z</time>
   </trkpt>
   <trkpt lat="43.6344130" lon="-79.4008180">
    <ele>78.8</ele>
    <time>2023-09-17T15:37:20Z</time>
   </trkpt>
   <trkpt lat="43.6344030" lon="-79.4008330">
    <ele>78.8</ele>
    <time>2023-09-17T15:37:21Z</time>
   </trkpt>
   <trkpt lat="43.6343960" lon="-79.4008700">
    <ele>78.8</ele>
    <time>2023-09-17T15:37:22Z</time>
   </trkpt>
   <trkpt lat="43.6343920" lon="-79.4009120">
    <ele>78.7</ele>
    <time>2023-09-17T15:37:23Z</time>
   </trkpt>
   <trkpt lat="43.6343920" lon="-79.4009580">
    <ele>78.7</ele>
    <time>2023-09-17T15:37:24Z</time>
   </trkpt>
   <trkpt lat="43.6343790" lon="-79.4010010">
    <ele>78.7</ele>
    <time>2023-09-17T15:37:25Z</time>
   </trkpt>
   <trkpt lat="43.6343690" lon="-79.4010360">
    <ele>78.6</ele>
    <time>2023-09-17T15:37:26Z</time>
   </trkpt>
   <trkpt lat="43.6343510" lon="-79.4010640">
    <ele>78.6</ele>
    <time>2023-09-17T15:37:27Z</time>
   </trkpt>
   <trkpt lat="43.6343460" lon="-79.4011070">
    <ele>78.6</ele>
    <time>2023-09-17T15:37:28Z</time>
   </trkpt>
   <trkpt lat="43.6343320" lon="-79.4011400">
    <ele>78.5</ele>
    <time>2023-09-17T15:37:29Z</time>
   </trkpt>
   <trkpt lat="43.6343140" lon="-79.4011700">
    <ele>78.5</ele>
    <time>2023-09-17T15:37:30Z</time>
   </trkpt>
   <trkpt lat="43.6342910" lon="-79.4011940">
    <ele>78.5</ele>
    <time>2023-09-17T15:37:31Z</time>
   </trkpt>
   <trkpt lat="43.6342670" lon="-79.4012160">
    <ele>78.5</ele>
    <time>2023-09-17T15:37:32Z</time>
   </trkpt>
   <trkpt lat="43.6342350" lon="-79.4012450">
    <ele>78.5</ele>
    <time>2023-09-17T15:37:33Z</time>
   </trkpt>
   <trkpt lat="43.6342250" lon="-79.4012540">
    <ele>78.5</ele>
    <time>2023-09-17T15:37:34Z</time>
   </trkpt>
   <trkpt lat="43.6341900" lon="-79.4012790">
    <ele>78.5</ele>
    <time>2023-09-17T15:37:35Z</time>
   </trkpt>
   <trkpt lat="43.6341780" lon="-79.4012870">
    <ele>78.5</ele>
    <time>2023-09-17T15:37:36Z</time>
   </trkpt>
   <trkpt lat="43.6341850" lon="-79.4013300">
    <ele>78.5</ele>
    <time>2023-09-17T15:37:37Z</time>
   </trkpt>
   <trkpt lat="43.6341640" lon="-79.4013550">
    <ele>78.5</ele>
    <time>2023-09-17T15:37:38Z</time>
   </trkpt>
   <trkpt lat="43.6341590" lon="-79.4013720">
    <ele>78.5</ele>
    <time>2023-09-17T15:37:39Z</time>
   </trkpt>
   <trkpt lat="43.6341620" lon="-79.4014220">
    <ele>78.4</ele>
    <time>2023-09-17T15:37:40Z</time>
   </trkpt>
   <trkpt lat="43.6341660" lon="-79.4014410">
    <ele>78.4</ele>
    <time>2023-09-17T15:37:41Z</time>
   </trkpt>
   <trkpt lat="43.6341890" lon="-79.4014850">
    <ele>78.4</ele>
    <time>2023-09-17T15:37:42Z</time>
   </trkpt>
   <trkpt lat="43.6342010" lon="-79.4014970">
    <ele>78.3</ele>
    <time>2023-09-17T15:37:43Z</time>
   </trkpt>
   <trkpt lat="43.6342310" lon="-79.4015240">
    <ele>78.3</ele>
    <time>2023-09-17T15:37:44Z</time>
   </trkpt>
   <trkpt lat="43.6342390" lon="-79.4015410">
    <ele>78.3</ele>
    <time>2023-09-17T15:37:45Z</time>
   </trkpt>
   <trkpt lat="43.6342590" lon="-79.4015720">
    <ele>78.3</ele>
    <time>2023-09-17T15:37:46Z</time>
   </trkpt>
   <trkpt lat="43.6342800" lon="-79.4016050">
    <ele>78.2</ele>
    <time>2023-09-17T15:37:47Z</time>
   </trkpt>
   <trkpt lat="43.6342870" lon="-79.4016150">
    <ele>78.2</ele>
    <time>2023-09-17T15:37:48Z</time>
   </trkpt>
   <trkpt lat="43.6343160" lon="-79.4016470">
    <ele>78.2</ele>
    <time>2023-09-17T15:37:49Z</time>
   </trkpt>
   <trkpt lat="43.6343210" lon="-79.4016620">
    <ele>78.1</ele>
    <time>2023-09-17T15:37:50Z</time>
   </trkpt>
   <trkpt lat="43.6343350" lon="-79.4017050">
    <ele>78.1</ele>
    <time>2023-09-17T15:37:51Z</time>
   </trkpt>
   <trkpt lat="43.6343410" lon="-79.4017190">
    <ele>78.1</ele>
    <time>2023-09-17T15:37:52Z</time>
   </trkpt>
   <trkpt lat="43.6343680" lon="-79.4017560">
    <ele>78.1</ele>
    <time>2023-09-17T15:37:53Z</time>
   </trkpt>
   <trkpt lat="43.6343990" lon="-79.4017840">
    <ele>78.0</ele>
    <time>2023-09-17T15:37:54Z</time>
   </trkpt>
   <trkpt lat="43.6344050" lon="-79.4018020">
    <ele>78.0</ele>
    <time>2023-09-17T15:37:55Z</time>
   </trkpt>
   <trkpt lat="43.6344280" lon="-79.4018290">
    <ele>78.0</ele>
    <time>2023-09-17T15:37:56Z</time>
   </trkpt>
   <trkpt lat="43.6344390" lon="-79.4018360">
    <ele>78.0</ele>
    <time>2023-09-17T15:37:57Z</time>
   </trkpt>
   <trkpt lat="43.6344710" lon="-79.4018290">
    <ele>78.0</ele>
    <time>2023-09-17T15:37:58Z</time>
   </trkpt>
   <trkpt lat="43.6344990" lon="-79.4018650">
    <ele>78.0</ele>
    <time>2023-09-17T15:37:59Z</time>
   </trkpt>
   <trkpt lat="43.6345110" lon="-79.4018710">
    <ele>78.0</ele>
    <time>2023-09-17T15:38:00Z</time>
   </trkpt>
   <trkpt lat="43.6345380" lon="-79.4018890">
    <ele>78.0</ele>
    <time>2023-09-17T15:38:01Z</time>
   </trkpt>
   <trkpt lat="43.6345420" lon="-79.4019050">
    <ele>78.0</ele>
    <time>2023-09-17T15:38:02Z</time>
   </trkpt>
   <trkpt lat="43.6345640" lon="-79.4019350">
    <ele>78.0</ele>
    <time>2023-09-17T15:38:03Z</time>
   </trkpt>
   <trkpt lat="43.6345730" lon="-79.4019430">
    <ele>78.0</ele>
    <time>2023-09-17T15:38:04Z</time>
   </trkpt>
   <trkpt lat="43.6346040" lon="-79.4019710">
    <ele>78.0</ele>
    <time>2023-09-17T15:38:05Z</time>
   </trkpt>
   <trkpt lat="43.6346140" lon="-79.4019820">
    <ele>78.0</ele>
    <time>2023-09-17T15:38:06Z</time>
   </trkpt>
   <trkpt lat="43.6346350" lon="-79.4020060">
    <ele>78.0</ele>
    <time>2023-09-17T15:38:07Z</time>
   </trkpt>
   <trkpt lat="43.6346520" lon="-79.4020570">
    <ele>78.0</ele>
    <time>2023-09-17T15:38:08Z</time>
   </trkpt>
   <trkpt lat="43.6346760" lon="-79.4020780">
    <ele>78.0</ele>
    <time>2023-09-17T15:38:09Z</time>
   </trkpt>
   <trkpt lat="43.6346840" lon="-79.4020900">
    <ele>78.0</ele>
    <time>2023-09-17T15:38:10Z</time>
   </trkpt>
   <trkpt lat="43.6347120" lon="-79.4021220">
    <ele>78.0</ele>
    <time>2023-09-17T15:38:11Z</time>
   </trkpt>
   <trkpt lat="43.6347210" lon="-79.4021320">
    <ele>78.0</ele>
    <time>2023-09-17T15:38:12Z</time>
   </trkpt>
   <trkpt lat="43.6347480" lon="-79.4021560">
    <ele>78.0</ele>
    <time>2023-09-17T15:38:13Z</time>
   </trkpt>
   <trkpt lat="43.6347560" lon="-79.4021600">
    <ele>78.0</ele>
    <time>2023-09-17T15:38:14Z</time>
   </trkpt>
   <trkpt lat="43.6347810" lon="-79.4021880">
    <ele>78.0</ele>
    <time>2023-09-17T15:38:15Z</time>
   </trkpt>
   <trkpt lat="43.6348110" lon="-79.4022050">
    <ele>78.0</ele>
    <time>2023-09-17T15:38:16Z</time>
   </trkpt>
   <trkpt lat="43.6348210" lon="-79.4022110">
    <ele>78.0</ele>
    <time>2023-09-17T15:38:17Z</time>
   </trkpt>
   <trkpt lat="43.6348400" lon="-79.4022250">
    <ele>78.0</ele>
    <time>2023-09-17T15:38:18Z</time>
   </trkpt>
   <trkpt lat="43.6348490" lon="-79.4022380">
    <ele>78.0</ele>
    <time>2023-09-17T15:38:19Z</time>
   </trkpt>
   <trkpt lat="43.6348780" lon="-79.4022570">
    <ele>78.0</ele>
    <time>2023-09-17T15:38:20Z</time>
   </trkpt>
   <trkpt lat="43.6349180" lon="-79.4022830">
    <ele>78.0</ele>
    <time>2023-09-17T15:38:21Z</time>
   </trkpt>
   <trkpt lat="43.6349360" lon="-79.4022970">
    <ele>78.0</ele>
    <time>2023-09-17T15:38:22Z</time>
   </trkpt>
   <trkpt lat="43.6349670" lon="-79.4023220">
    <ele>78.0</ele>
    <time>2023-09-17T15:38:23Z</time>
   </trkpt>
   <trkpt lat="43.6349780" lon="-79.4023300">
    <ele>78.0</ele>
    <time>2023-09-17T15:38:24Z</time>
   </trkpt>
   <trkpt lat="43.6350000" lon="-79.4023670">
    <ele>78.0</ele>
    <time>2023-09-17T15:38:25Z</time>
   </trkpt>
   <trkpt lat="43.6350370" lon="-79.4023660">
    <ele>78.0</ele>
    <time>2023-09-17T15:38:26Z</time>
   </trkpt>
   <trkpt lat="43.6350680" lon="-79.4023860">
    <ele>78.0</ele>
    <time>2023-09-17T15:38:27Z</time>
   </trkpt>
   <trkpt lat="43.6350790" lon="-79.4023920">
    <ele>78.0</ele>
    <time>2023-09-17T15:38:28Z</time>
   </trkpt>
   <trkpt lat="43.6351170" lon="-79.4024010">
    <ele>78.0</ele>
    <time>2023-09-17T15:38:29Z</time>
   </trkpt>
   <trkpt lat="43.6351300" lon="-79.4024110">
    <ele>78.0</ele>
    <time>2023-09-17T15:38:30Z</time>
   </trkpt>
   <trkpt lat="43.6351440" lon="-79.4024460">
    <ele>78.0</ele>
    <time>2023-09-17T15:38:31Z</time>
   </trkpt>
   <trkpt lat="43.6351610" lon="-79.4024760">
    <ele>78.0</ele>
    <time>2023-09-17T15:38:32Z</time>
   </trkpt>
   <trkpt lat="43.6351770" lon="-79.4025150">
    <ele>78.0</ele>
    <time>2023-09-17T15:38:33Z</time>
   </trkpt>
   <trkpt lat="43.6351970" lon="-79.4025430">
    <ele>78.0</ele>
    <time>2023-09-17T15:38:34Z</time>
   </trkpt>
   <trkpt lat="43.6352180" lon="-79.4025850">
    <ele>78.0</ele>
    <time>2023-09-17T15:38:35Z</time>
   </trkpt>
   <trkpt lat="43.6352250" lon="-79.4026010">
    <ele>78.0</ele>
    <time>2023-09-17T15:38:36Z</time>
   </trkpt>
   <trkpt lat="43.6352350" lon="-79.4026410">
    <ele>78.0</ele>
    <time>2023-09-17T15:38:37Z</time>
   </trkpt>
   <trkpt lat="43.6352450" lon="-79.4026870">
    <ele>78.0</ele>
    <time>2023-09-17T15:38:38Z</time>
   </trkpt>
   <trkpt lat="43.6352510" lon="-79.4027030">
    <ele>78.0</ele>
    <time>2023-09-17T15:38:39Z</time>
   </trkpt>
   <trkpt lat="43.6352570" lon="-79.4027460">
    <ele>78.0</ele>
    <time>2023-09-17T15:38:40Z</time>
   </trkpt>
   <trkpt lat="43.6352650" lon="-79.4027950">
    <ele>78.0</ele>
    <time>2023-09-17T15:38:41Z</time>
   </trkpt>
   <trkpt lat="43.6352640" lon="-79.4028170">
    <ele>78.1</ele>
    <time>2023-09-17T15:38:42Z</time>
   </trkpt>
   <trkpt lat="43.6352620" lon="-79.4028640">
    <ele>78.1</ele>
    <time>2023-09-17T15:38:43Z</time>
   </trkpt>
   <trkpt lat="43.6352570" lon="-79.4029170">
    <ele>78.1</ele>
    <time>2023-09-17T15:38:44Z</time>
   </trkpt>
   <trkpt lat="43.6352530" lon="-79.4029380">
    <ele>78.1</ele>
    <time>2023-09-17T15:38:45Z</time>
   </trkpt>
   <trkpt lat="43.6352420" lon="-79.4029880">
    <ele>78.1</ele>
    <time>2023-09-17T15:38:46Z</time>
   </trkpt>
   <trkpt lat="43.6352360" lon="-79.4030040">
    <ele>78.1</ele>
    <time>2023-09-17T15:38:47Z</time>
   </trkpt>
   <trkpt lat="43.6352120" lon="-79.4030350">
    <ele>78.1</ele>
    <time>2023-09-17T15:38:48Z</time>
   </trkpt>
   <trkpt lat="43.6351870" lon="-79.4030840">
    <ele>78.1</ele>
    <time>2023-09-17T15:38:49Z</time>
   </trkpt>
   <trkpt lat="43.6351760" lon="-79.4031020">
    <ele>78.1</ele>
    <time>2023-09-17T15:38:50Z</time>
   </trkpt>
   <trkpt lat="43.6351760" lon="-79.4031510">
    <ele>78.1</ele>
    <time>2023-09-17T15:38:51Z</time>
   </trkpt>
   <trkpt lat="43.6351730" lon="-79.4031690">
    <ele>78.1</ele>
    <time>2023-09-17T15:38:52Z</time>
   </trkpt>
   <trkpt lat="43.6351630" lon="-79.4032220">
    <ele>78.1</ele>
    <time>2023-09-17T15:38:53Z</time>
   </trkpt>
   <trkpt lat="43.6351550" lon="-79.4032400">
    <ele>78.1</ele>
    <time>2023-09-17T15:38:54Z</time>
   </trkpt>
   <trkpt lat="43.6351440" lon="-79.4032790">
    <ele>78.1</ele>
    <time>2023-09-17T15:38:55Z</time>
   </trkpt>
   <trkpt lat="43.6351260" lon="-79.4033210">
    <ele>78.1</ele>
    <time>2023-09-17T15:38:56Z</time>
   </trkpt>
   <trkpt lat="43.6351250" lon="-79.4033390">
    <ele>78.1</ele>
    <time>2023-09-17T15:38:57Z</time>
   </trkpt>
   <trkpt lat="43.6350880" lon="-79.4033620">
    <ele>78.1</ele>
    <time>2023-09-17T15:38:58Z</time>
   </trkpt>
   <trkpt lat="43.6350740" lon="-79.4033970">
    <ele>78.2</ele>
    <time>2023-09-17T15:38:59Z</time>
   </trkpt>
   <trkpt lat="43.6350640" lon="-79.4034470">
    <ele>78.2</ele>
    <time>2023-09-17T15:39:00Z</time>
   </trkpt>
   <trkpt lat="43.6350570" lon="-79.4034970">
    <ele>78.2</ele>
    <time>2023-09-17T15:39:01Z</time>
   </trkpt>
   <trkpt lat="43.6350510" lon="-79.4035130">
    <ele>78.2</ele>
    <time>2023-09-17T15:39:02Z</time>
   </trkpt>
   <trkpt lat="43.6350380" lon="-79.4035500">
    <ele>78.2</ele>
    <time>2023-09-17T15:39:03Z</time>
   </trkpt>
   <trkpt lat="43.6350300" lon="-79.4035660">
    <ele>78.2</ele>
    <time>2023-09-17T15:39:04Z</time>
   </trkpt>
   <trkpt lat="43.6350180" lon="-79.4036050">
    <ele>78.2</ele>
    <time>2023-09-17T15:39:05Z</time>
   </trkpt>
   <trkpt lat="43.6349940" lon="-79.4036320">
    <ele>78.2</ele>
    <time>2023-09-17T15:39:06Z</time>
   </trkpt>
   <trkpt lat="43.6349700" lon="-79.4036560">
    <ele>78.2</ele>
    <time>2023-09-17T15:39:07Z</time>
   </trkpt>
   <trkpt lat="43.6349420" lon="-79.4036840">
    <ele>78.2</ele>
    <time>2023-09-17T15:39:08Z</time>
   </trkpt>
   <trkpt lat="43.6349300" lon="-79.4036890">
    <ele>78.2</ele>
    <time>2023-09-17T15:39:09Z</time>
   </trkpt>
   <trkpt lat="43.6348940" lon="-79.4037060">
    <ele>78.2</ele>
    <time>2023-09-17T15:39:10Z</time>
   </trkpt>
   <trkpt lat="43.6348790" lon="-79.4037050">
    <ele>78.2</ele>
    <time>2023-09-17T15:39:11Z</time>
   </trkpt>
   <trkpt lat="43.6348440" lon="-79.4037300">
    <ele>78.2</ele>
    <time>2023-09-17T15:39:12Z</time>
   </trkpt>
   <trkpt lat="43.6348350" lon="-79.4037460">
    <ele>78.2</ele>
    <time>2023-09-17T15:39:13Z</time>
   </trkpt>
   <trkpt lat="43.6347990" lon="-79.4037620">
    <ele>78.2</ele>
    <time>2023-09-17T15:39:14Z</time>
   </trkpt>
   <trkpt lat="43.6347850" lon="-79.4037690">
    <ele>78.2</ele>
    <time>2023-09-17T15:39:15Z</time>
   </trkpt>
   <trkpt lat="43.6347470" lon="-79.4037710">
    <ele>78.2</ele>
    <time>2023-09-17T15:39:16Z</time>
   </trkpt>
   <trkpt lat="43.6347350" lon="-79.4037760">
    <ele>78.2</ele>
    <time>2023-09-17T15:39:17Z</time>
   </trkpt>
   <trkpt lat="43.6347030" lon="-79.4037840">
    <ele>78.2</ele>
    <time>2023-09-17T15:39:18Z</time>
   </trkpt>
   <trkpt lat="43.6346790" lon="-79.4038100">
    <ele>78.2</ele>
    <time>2023-09-17T15:39:19Z</time>
   </trkpt>
   <trkpt lat="43.6346440" lon="-79.4038160">
    <ele>78.2</ele>
    <time>2023-09-17T15:39:20Z</time>
   </trkpt>
   <trkpt lat="43.6346350" lon="-79.4038210">
    <ele>78.2</ele>
    <time>2023-09-17T15:39:21Z</time>
   </trkpt>
   <trkpt lat="43.6345980" lon="-79.4038340">
    <ele>78.2</ele>
    <time>2023-09-17T15:39:22Z</time>
   </trkpt>
   <trkpt lat="43.6345860" lon="-79.4038480">
    <ele>78.2</ele>
    <time>2023-09-17T15:39:23Z</time>
   </trkpt>
   <trkpt lat="43.6345510" lon="-79.4038540">
    <ele>78.2</ele>
    <time>2023-09-17T15:39:24Z</time>
   </trkpt>
   <trkpt lat="43.6345220" lon="-79.4038590">
    <ele>78.2</ele>
    <time>2023-09-17T15:39:25Z</time>
   </trkpt>
   <trkpt lat="43.6345140" lon="-79.4038650">
    <ele>78.2</ele>
    <time>2023-09-17T15:39:26Z</time>
   </trkpt>
   <trkpt lat="43.6344840" lon="-79.4038860">
    <ele>78.2</ele>
    <time>2023-09-17T15:39:27Z</time>
   </trkpt>
   <trkpt lat="43.6344740" lon="-79.4038990">
    <ele>78.2</ele>
    <time>2023-09-17T15:39:28Z</time>
   </trkpt>
   <trkpt lat="43.6344440" lon="-79.4039280">
    <ele>78.2</ele>
    <time>2023-09-17T15:39:29Z</time>
   </trkpt>
   <trkpt lat="43.6344330" lon="-79.4039320">
    <ele>78.1</ele>
    <time>2023-09-17T15:39:30Z</time>
   </trkpt>
   <trkpt lat="43.6344030" lon="-79.4039580">
    <ele>78.1</ele>
    <time>2023-09-17T15:39:31Z</time>
   </trkpt>
   <trkpt lat="43.6343900" lon="-79.4039610">
    <ele>78.1</ele>
    <time>2023-09-17T15:39:32Z</time>
   </trkpt>
   <trkpt lat="43.6343620" lon="-79.4039980">
    <ele>78.1</ele>
    <time>2023-09-17T15:39:33Z</time>
   </trkpt>
   <trkpt lat="43.6343590" lon="-79.4040210">
    <ele>78.1</ele>
    <time>2023-09-17T15:39:34Z</time>
   </trkpt>
   <trkpt lat="43.6343560" lon="-79.4040720">
    <ele>78.1</ele>
    <time>2023-09-17T15:39:35Z</time>
   </trkpt>
   <trkpt lat="43.6343510" lon="-79.4040910">
    <ele>78.1</ele>
    <time>2023-09-17T15:39:36Z</time>
   </trkpt>
   <trkpt lat="43.6343250" lon="-79.4041220">
    <ele>78.1</ele>
    <time>2023-09-17T15:39:37Z</time>
   </trkpt>
   <trkpt lat="43.6343190" lon="-79.4041300">
    <ele>78.1</ele>
    <time>2023-09-17T15:39:38Z</time>
   </trkpt>
   <trkpt lat="43.6343320" lon="-79.4041280">
    <ele>78.1</ele>
    <time>2023-09-17T15:39:39Z</time>
   </trkpt>
   <trkpt lat="43.6343230" lon="-79.4041420">
    <ele>78.1</ele>
    <time>2023-09-17T15:39:40Z</time>
   </trkpt>
   <trkpt lat="43.6343140" lon="-79.4041440">
    <ele>78.1</ele>
    <time>2023-09-17T15:39:41Z</time>
   </trkpt>
   <trkpt lat="43.6342940" lon="-79.4041590">
    <ele>78.1</ele>
    <time>2023-09-17T15:39:42Z</time>
   </trkpt>
   <trkpt lat="43.6342720" lon="-79.4041870">
    <ele>78.1</ele>
    <time>2023-09-17T15:39:43Z</time>
   </trkpt>
   <trkpt lat="43.6342650" lon="-79.4041920">
    <ele>78.1</ele>
    <time>2023-09-17T15:39:44Z</time>
   </trkpt>
   <trkpt lat="43.6342620" lon="-79.4041910">
    <ele>78.1</ele>
    <time>2023-09-17T15:39:45Z</time>
   </trkpt>
   <trkpt lat="43.6342570" lon="-79.4041930">
    <ele>78.1</ele>
    <time>2023-09-17T15:39:46Z</time>
   </trkpt>
   <trkpt lat="43.6342530" lon="-79.4041950">
    <ele>78.1</ele>
    <time>2023-09-17T15:39:47Z</time>
   </trkpt>
   <trkpt lat="43.6342480" lon="-79.4041970">
    <ele>78.1</ele>
    <time>2023-09-17T15:39:48Z</time>
   </trkpt>
   <trkpt lat="43.6342440" lon="-79.4041990">
    <ele>78.1</ele>
    <time>2023-09-17T15:39:49Z</time>
   </trkpt>
   <trkpt lat="43.6342390" lon="-79.4042010">
    <ele>78.1</ele>
    <time>2023-09-17T15:39:50Z</time>
   </trkpt>
   <trkpt lat="43.6342350" lon="-79.4042030">
    <ele>78.1</ele>
    <time>2023-09-17T15:39:51Z</time>
   </trkpt>
   <trkpt lat="43.6342310" lon="-79.4042050">
    <ele>78.1</ele>
    <time>2023-09-17T15:39:52Z</time>
   </trkpt>
   <trkpt lat="43.6342260" lon="-79.4042070">
    <ele>78.1</ele>
    <time>2023-09-17T15:39:53Z</time>
   </trkpt>
   <trkpt lat="43.6342220" lon="-79.4042090">
    <ele>78.1</ele>
    <time>2023-09-17T15:39:54Z</time>
   </trkpt>
   <trkpt lat="43.6341840" lon="-79.4042110">
    <ele>78.0</ele>
    <time>2023-09-17T15:39:55Z</time>
   </trkpt>
   <trkpt lat="43.6341740" lon="-79.4042110">
    <ele>78.0</ele>
    <time>2023-09-17T15:39:56Z</time>
   </trkpt>
   <trkpt lat="43.6341450" lon="-79.4042260">
    <ele>78.0</ele>
    <time>2023-09-17T15:39:57Z</time>
   </trkpt>
   <trkpt lat="43.6341340" lon="-79.4042360">
    <ele>78.0</ele>
    <time>2023-09-17T15:39:58Z</time>
   </trkpt>
   <trkpt lat="43.6341030" lon="-79.4042510">
    <ele>78.0</ele>
    <time>2023-09-17T15:39:59Z</time>
   </trkpt>
   <trkpt lat="43.6340880" lon="-79.4042890">
    <ele>78.0</ele>
    <time>2023-09-17T15:40:00Z</time>
   </trkpt>
   <trkpt lat="43.6340710" lon="-79.4043220">
    <ele>78.0</ele>
    <time>2023-09-17T15:40:01Z</time>
   </trkpt>
   <trkpt lat="43.6340580" lon="-79.4043630">
    <ele>78.0</ele>
    <time>2023-09-17T15:40:02Z</time>
   </trkpt>
   <trkpt lat="43.6340540" lon="-79.4043790">
    <ele>78.0</ele>
    <time>2023-09-17T15:40:03Z</time>
   </trkpt>
   <trkpt lat="43.6340390" lon="-79.4044140">
    <ele>78.0</ele>
    <time>2023-09-17T15:40:04Z</time>
   </trkpt>
   <trkpt lat="43.6340270" lon="-79.4044640">
    <ele>78.0</ele>
    <time>2023-09-17T15:40:05Z</time>
   </trkpt>
   <trkpt lat="43.6340220" lon="-79.4044810">
    <ele>78.0</ele>
    <time>2023-09-17T15:40:06Z</time>
   </trkpt>
   <trkpt lat="43.6340140" lon="-79.4045170">
    <ele>78.0</ele>
    <time>2023-09-17T15:40:07Z</time>
   </trkpt>
   <trkpt lat="43.6340010" lon="-79.4045650">
    <ele>78.0</ele>
    <time>2023-09-17T15:40:08Z</time>
   </trkpt>
   <trkpt lat="43.6339970" lon="-79.4045790">
    <ele>78.0</ele>
    <time>2023-09-17T15:40:09Z</time>
   </trkpt>
   <trkpt lat="43.6339770" lon="-79.4046210">
    <ele>78.0</ele>
    <time>2023-09-17T15:40:10Z</time>
   </trkpt>
   <trkpt lat="43.6339730" lon="-79.4046380">
    <ele>78.0</ele>
    <time>2023-09-17T15:40:11Z</time>
   </trkpt>
   <trkpt lat="43.6339700" lon="-79.4046780">
    <ele>78.0</ele>
    <time>2023-09-17T15:40:12Z</time>
   </trkpt>
   <trkpt lat="43.6339580" lon="-79.4047330">
    <ele>78.0</ele>
    <time>2023-09-17T15:40:13Z</time>
   </trkpt>
   <trkpt lat="43.6339550" lon="-79.4047530">
    <ele>78.0</ele>
    <time>2023-09-17T15:40:14Z</time>
   </trkpt>
   <trkpt lat="43.6339510" lon="-79.4048030">
    <ele>78.0</ele>
    <time>2023-09-17T15:40:15Z</time>
   </trkpt>
   <trkpt lat="43.6339470" lon="-79.4048210">
    <ele>78.0</ele>
    <time>2023-09-17T15:40:16Z</time>
   </trkpt>
   <trkpt lat="43.6339490" lon="-79.4048630">
    <ele>78.0</ele>
    <time>2023-09-17T15:40:17Z</time>
   </trkpt>
   <trkpt lat="43.6339380" lon="-79.4049030">
    <ele>78.1</ele>
    <time>2023-09-17T15:40:18Z</time>
   </trkpt>
   <trkpt lat="43.6339360" lon="-79.4049490">
    <ele>78.1</ele>
    <time>2023-09-17T15:40:19Z</time>
   </trkpt>
   <trkpt lat="43.6339350" lon="-79.4049870">
    <ele>78.1</ele>
    <time>2023-09-17T15:40:20Z</time>
   </trkpt>
   <trkpt lat="43.6339280" lon="-79.4050370">
    <ele>78.1</ele>
    <time>2023-09-17T15:40:21Z</time>
   </trkpt>
   <trkpt lat="43.6339210" lon="-79.4050520">
    <ele>78.1</ele>
    <time>2023-09-17T15:40:22Z</time>
   </trkpt>
   <trkpt lat="43.6339000" lon="-79.4050780">
    <ele>78.1</ele>
    <time>2023-09-17T15:40:23Z</time>
   </trkpt>
   <trkpt lat="43.6339010" lon="-79.4051160">
    <ele>78.1</ele>
    <time>2023-09-17T15:40:24Z</time>
   </trkpt>
   <trkpt lat="43.6338960" lon="-79.4051600">
    <ele>78.1</ele>
    <time>2023-09-17T15:40:25Z</time>
   </trkpt>
   <trkpt lat="43.6338970" lon="-79.4051760">
    <ele>78.1</ele>
    <time>2023-09-17T15:40:26Z</time>
   </trkpt>
   <trkpt lat="43.6339020" lon="-79.4052340">
    <ele>78.2</ele>
    <time>2023-09-17T15:40:27Z</time>
   </trkpt>
   <trkpt lat="43.6339010" lon="-79.4052570">
    <ele>78.2</ele>
    <time>2023-09-17T15:40:28Z</time>
   </trkpt>
   <trkpt lat="43.6338950" lon="-79.4053050">
    <ele>78.2</ele>
    <time>2023-09-17T15:40:29Z</time>
   </trkpt>
   <trkpt lat="43.6338910" lon="-79.4053220">
    <ele>78.2</ele>
    <time>2023-09-17T15:40:30Z</time>
   </trkpt>
   <trkpt lat="43.6339040" lon="-79.4053700">
    <ele>78.2</ele>
    <time>2023-09-17T15:40:31Z</time>
   </trkpt>
   <trkpt lat="43.6339110" lon="-79.4053850">
    <ele>78.2</ele>
    <time>2023-09-17T15:40:32Z</time>
   </trkpt>
   <trkpt lat="43.6339190" lon="-79.4054330">
    <ele>78.3</ele>
    <time>2023-09-17T15:40:33Z</time>
   </trkpt>
   <trkpt lat="43.6339170" lon="-79.4054540">
    <ele>78.3</ele>
    <time>2023-09-17T15:40:34Z</time>
   </trkpt>
   <trkpt lat="43.6339110" lon="-79.4054930">
    <ele>78.3</ele>
    <time>2023-09-17T15:40:35Z</time>
   </trkpt>
   <trkpt lat="43.6339070" lon="-79.4055390">
    <ele>78.3</ele>
    <time>2023-09-17T15:40:36Z</time>
   </trkpt>
   <trkpt lat="43.6339090" lon="-79.4055950">
    <ele>78.4</ele>
    <time>2023-09-17T15:40:37Z</time>
   </trkpt>
   <trkpt lat="43.6339110" lon="-79.4056140">
    <ele>78.4</ele>
    <time>2023-09-17T15:40:38Z</time>
   </trkpt>
   <trkpt lat="43.6339200" lon="-79.4056510">
    <ele>78.4</ele>
    <time>2023-09-17T15:40:39Z</time>
   </trkpt>
   <trkpt lat="43.6339220" lon="-79.4057040">
    <ele>78.4</ele>
    <time>2023-09-17T15:40:40Z</time>
   </trkpt>
   <trkpt lat="43.6339240" lon="-79.4057200">
    <ele>78.4</ele>
    <time>2023-09-17T15:40:41Z</time>
   </trkpt>
   <trkpt lat="43.6339300" lon="-79.4057690">
    <ele>78.5</ele>
    <time>2023-09-17T15:40:42Z</time>
   </trkpt>
   <trkpt lat="43.6339360" lon="-79.4057820">
    <ele>78.5</ele>
    <time>2023-09-17T15:40:43Z</time>
   </trkpt>
   <trkpt lat="43.6339510" lon="-79.4058240">
    <ele>78.5</ele>
    <time>2023-09-17T15:40:44Z</time>
   </trkpt>
   <trkpt lat="43.6339520" lon="-79.4058430">
    <ele>78.5</ele>
    <time>2023-09-17T15:40:45Z</time>
   </trkpt>
   <trkpt lat="43.6339700" lon="-79.4058920">
    <ele>78.5</ele>
    <time>2023-09-17T15:40:46Z</time>
   </trkpt>
   <trkpt lat="43.6339750" lon="-79.4059140">
    <ele>78.6</ele>
    <time>2023-09-17T15:40:47Z</time>
   </trkpt>
   <trkpt lat="43.6339940" lon="-79.4059540">
    <ele>78.6</ele>
    <time>2023-09-17T15:40:48Z</time>
   </trkpt>
   <trkpt lat="43.6340030" lon="-79.4059700">
    <ele>78.6</ele>
    <time>2023-09-17T15:40:49Z</time>
   </trkpt>
   <trkpt lat="43.6339940" lon="-79.4060120">
    <ele>78.6</ele>
    <time>2023-09-17T15:40:50Z</time>
   </trkpt>
   <trkpt lat="43.6339970" lon="-79.4060700">
    <ele>78.6</ele>
    <time>2023-09-17T15:40:51Z</time>
   </trkpt>
   <trkpt lat="43.6339980" lon="-79.4060920">
    <ele>78.6</ele>
    <time>2023-09-17T15:40:52Z</time>
   </trkpt>
   <trkpt lat="43.6340160" lon="-79.4061400">
    <ele>78.7</ele>
    <time>2023-09-17T15:40:53Z</time>
   </trkpt>
   <trkpt lat="43.6340220" lon="-79.4061560">
    <ele>78.7</ele>
    <time>2023-09-17T15:40:54Z</time>
   </trkpt>
   <trkpt lat="43.6340350" lon="-79.4062110">
    <ele>78.7</ele>
    <time>2023-09-17T15:40:55Z</time>
   </trkpt>
   <trkpt lat="43.6340350" lon="-79.4062370">
    <ele>78.7</ele>
    <time>2023-09-17T15:40:56Z</time>
   </trkpt>
   <trkpt lat="43.6340310" lon="-79.4062830">
    <ele>78.7</ele>
    <time>2023-09-17T15:40:57Z</time>
   </trkpt>
   <trkpt lat="43.6340260" lon="-79.4063260">
    <ele>78.8</ele>
    <time>2023-09-17T15:40:58Z</time>
   </trkpt>
   <trkpt lat="43.6340410" lon="-79.4063580">
    <ele>78.8</ele>
    <time>2023-09-17T15:40:59Z</time>
   </trkpt>
   <trkpt lat="43.6340560" lon="-79.4063920">
    <ele>78.8</ele>
    <time>2023-09-17T15:41:00Z</time>
   </trkpt>
   <trkpt lat="43.6340620" lon="-79.4064060">
    <ele>78.8</ele>
    <time>2023-09-17T15:41:01Z</time>
   </trkpt>
   <trkpt lat="43.6340660" lon="-79.4064600">
    <ele>78.9</ele>
    <time>2023-09-17T15:41:02Z</time>
   </trkpt>
   <trkpt lat="43.6340670" lon="-79.4064790">
    <ele>78.9</ele>
    <time>2023-09-17T15:41:03Z</time>
   </trkpt>
   <trkpt lat="43.6340870" lon="-79.4065080">
    <ele>78.9</ele>
    <time>2023-09-17T15:41:04Z</time>
   </trkpt>
   <trkpt lat="43.6341090" lon="-79.4065460">
    <ele>78.9</ele>
    <time>2023-09-17T15:41:05Z</time>
   </trkpt>
   <trkpt lat="43.6341150" lon="-79.4065600">
    <ele>78.9</ele>
    <time>2023-09-17T15:41:06Z</time>
   </trkpt>
   <trkpt lat="43.6341180" lon="-79.4065900">
    <ele>79.0</ele>
    <time>2023-09-17T15:41:07Z</time>
   </trkpt>
   <trkpt lat="43.6341180" lon="-79.4066080">
    <ele>79.0</ele>
    <time>2023-09-17T15:41:08Z</time>
   </trkpt>
   <trkpt lat="43.6341280" lon="-79.4066510">
    <ele>79.0</ele>
    <time>2023-09-17T15:41:09Z</time>
   </trkpt>
   <trkpt lat="43.6341300" lon="-79.4066670">
    <ele>79.0</ele>
    <time>2023-09-17T15:41:10Z</time>
   </trkpt>
   <trkpt lat="43.6341330" lon="-79.4067060">
    <ele>79.1</ele>
    <time>2023-09-17T15:41:11Z</time>
   </trkpt>
   <trkpt lat="43.6341340" lon="-79.4067500">
    <ele>79.1</ele>
    <time>2023-09-17T15:41:12Z</time>
   </trkpt>
   <trkpt lat="43.6341390" lon="-79.4067690">
    <ele>79.1</ele>
    <time>2023-09-17T15:41:13Z</time>
   </trkpt>
   <trkpt lat="43.6341480" lon="-79.4068090">
    <ele>79.2</ele>
    <time>2023-09-17T15:41:14Z</time>
   </trkpt>
   <trkpt lat="43.6341730" lon="-79.4068390">
    <ele>79.2</ele>
    <time>2023-09-17T15:41:15Z</time>
   </trkpt>
   <trkpt lat="43.6341790" lon="-79.4068490">
    <ele>79.2</ele>
    <time>2023-09-17T15:41:16Z</time>
   </trkpt>
   <trkpt lat="43.6341890" lon="-79.4068890">
    <ele>79.3</ele>
    <time>2023-09-17T15:41:17Z</time>
   </trkpt>
   <trkpt lat="43.6342140" lon="-79.4069270">
    <ele>79.3</ele>
    <time>2023-09-17T15:41:18Z</time>
   </trkpt>
   <trkpt lat="43.6342200" lon="-79.4069440">
    <ele>79.3</ele>
    <time>2023-09-17T15:41:19Z</time>
   </trkpt>
   <trkpt lat="43.6342260" lon="-79.4069800">
    <ele>79.4</ele>
    <time>2023-09-17T15:41:20Z</time>
   </trkpt>
   <trkpt lat="43.6342340" lon="-79.4070310">
    <ele>79.4</ele>
    <time>2023-09-17T15:41:21Z</time>
   </trkpt>
   <trkpt lat="43.6342380" lon="-79.4070490">
    <ele>79.4</ele>
    <time>2023-09-17T15:41:22Z</time>
   </trkpt>
   <trkpt lat="43.6342390" lon="-79.4070990">
    <ele>79.5</ele>
    <time>2023-09-17T15:41:23Z</time>
   </trkpt>
   <trkpt lat="43.6342400" lon="-79.4071160">
    <ele>79.5</ele>
    <time>2023-09-17T15:41:24Z</time>
   </trkpt>
   <trkpt lat="43.6342500" lon="-79.4071680">
    <ele>79.6</ele>
    <time>2023-09-17T15:41:25Z</time>
   </trkpt>
   <trkpt lat="43.6342550" lon="-79.4071850">
    <ele>79.6</ele>
    <time>2023-09-17T15:41:26Z</time>
   </trkpt>
   <trkpt lat="43.6342760" lon="-79.4072180">
    <ele>79.6</ele>
    <time>2023-09-17T15:41:27Z</time>
   </trkpt>
   <trkpt lat="43.6342870" lon="-79.4072690">
    <ele>79.7</ele>
    <time>2023-09-17T15:41:28Z</time>
   </trkpt>
   <trkpt lat="43.6342930" lon="-79.4072880">
    <ele>79.7</ele>
    <time>2023-09-17T15:41:29Z</time>
   </trkpt>
   <trkpt lat="43.6343070" lon="-79.4073390">
    <ele>79.8</ele>
    <time>2023-09-17T15:41:30Z</time>
   </trkpt>
   <trkpt lat="43.6343130" lon="-79.4073580">
    <ele>79.8</ele>
    <time>2023-09-17T15:41:31Z</time>
   </trkpt>
   <trkpt lat="43.6343260" lon="-79.4073990">
    <ele>79.8</ele>
    <time>2023-09-17T15:41:32Z</time>
   </trkpt>
   <trkpt lat="43.6343330" lon="-79.4074420">
    <ele>79.9</ele>
    <time>2023-09-17T15:41:33Z</time>
   </trkpt>
   <trkpt lat="43.6343420" lon="-79.4074580">
    <ele>79.9</ele>
    <time>2023-09-17T15:41:34Z</time>
   </trkpt>
   <trkpt lat="43.6343670" lon="-79.4075110">
    <ele>80.0</ele>
    <time>2023-09-17T15:41:35Z</time>
   </trkpt>
   <trkpt lat="43.6343790" lon="-79.4075310">
    <ele>80.0</ele>
    <time>2023-09-17T15:41:36Z</time>
   </trkpt>
   <trkpt lat="43.6343950" lon="-79.4075550">
    <ele>80.0</ele>
    <time>2023-09-17T15:41:37Z</time>
   </trkpt>
   <trkpt lat="43.6343990" lon="-79.4075710">
    <ele>80.1</ele>
    <time>2023-09-17T15:41:38Z</time>
   </trkpt>
   <trkpt lat="43.6344080" lon="-79.4076190">
    <ele>80.1</ele>
    <time>2023-09-17T15:41:39Z</time>
   </trkpt>
   <trkpt lat="43.6344100" lon="-79.4076360">
    <ele>80.1</ele>
    <time>2023-09-17T15:41:40Z</time>
   </trkpt>
   <trkpt lat="43.6344130" lon="-79.4076800">
    <ele>80.2</ele>
    <time>2023-09-17T15:41:41Z</time>
   </trkpt>
   <trkpt lat="43.6344220" lon="-79.4077280">
    <ele>80.2</ele>
    <time>2023-09-17T15:41:42Z</time>
   </trkpt>
   <trkpt lat="43.6344260" lon="-79.4077430">
    <ele>80.2</ele>
    <time>2023-09-17T15:41:43Z</time>
   </trkpt>
   <trkpt lat="43.6344340" lon="-79.4077790">
    <ele>80.2</ele>
    <time>2023-09-17T15:41:44Z</time>
   </trkpt>
   <trkpt lat="43.6344410" lon="-79.4078230">
    <ele>80.3</ele>
    <time>2023-09-17T15:41:45Z</time>
   </trkpt>
   <trkpt lat="43.6344430" lon="-79.4078380">
    <ele>80.3</ele>
    <time>2023-09-17T15:41:46Z</time>
   </trkpt>
   <trkpt lat="43.6344370" lon="-79.4078910">
    <ele>80.3</ele>
    <time>2023-09-17T15:41:47Z</time>
   </trkpt>
   <trkpt lat="43.6344310" lon="-79.4079100">
    <ele>80.4</ele>
    <time>2023-09-17T15:41:48Z</time>
   </trkpt>
   <trkpt lat="43.6344200" lon="-79.4079460">
    <ele>80.4</ele>
    <time>2023-09-17T15:41:49Z</time>
   </trkpt>
   <trkpt lat="43.6344160" lon="-79.4079590">
    <ele>80.4</ele>
    <time>2023-09-17T15:41:50Z</time>
   </trkpt>
   <trkpt lat="43.6344070" lon="-79.4079940">
    <ele>80.4</ele>
    <time>2023-09-17T15:41:51Z</time>
   </trkpt>
   <trkpt lat="43.6343950" lon="-79.4080370">
    <ele>80.5</ele>
    <time>2023-09-17T15:41:52Z</time>
   </trkpt>
   <trkpt lat="43.6343900" lon="-79.4080500">
    <ele>80.5</ele>
    <time>2023-09-17T15:41:53Z</time>
   </trkpt>
   <trkpt lat="43.6343850" lon="-79.4080910">
    <ele>80.5</ele>
    <time>2023-09-17T15:41:54Z</time>
   </trkpt>
   <trkpt lat="43.6343810" lon="-79.4081350">
    <ele>80.5</ele>
    <time>2023-09-17T15:41:55Z</time>
   </trkpt>
   <trkpt lat="43.6343800" lon="-79.4081730">
    <ele>80.6</ele>
    <time>2023-09-17T15:41:56Z</time>
   </trkpt>
   <trkpt lat="43.6343780" lon="-79.4081850">
    <ele>80.6</ele>
    <time>2023-09-17T15:41:57Z</time>
   </trkpt>
   <trkpt lat="43.6343690" lon="-79.4082320">
    <ele>80.6</ele>
    <time>2023-09-17T15:41:58Z</time>
   </trkpt>
   <trkpt lat="43.6343660" lon="-79.4082470">
    <ele>80.6</ele>
    <time>2023-09-17T15:41:59Z</time>
   </trkpt>
   <trkpt lat="43.6343590" lon="-79.4082650">
    <ele>80.6</ele>
    <time>2023-09-17T15:42:00Z</time>
   </trkpt>
   <trkpt lat="43.6343510" lon="-79.4082830">
    <ele>80.6</ele>
    <time>2023-09-17T15:42:01Z</time>
   </trkpt>
   <trkpt lat="43.6343280" lon="-79.4083130">
    <ele>80.6</ele>
    <time>2023-09-17T15:42:02Z</time>
   </trkpt>
   <trkpt lat="43.6343210" lon="-79.4083210">
    <ele>80.6</ele>
    <time>2023-09-17T15:42:03Z</time>
   </trkpt>
   <trkpt lat="43.6343090" lon="-79.4083370">
    <ele>80.6</ele>
    <time>2023-09-17T15:42:04Z</time>
   </trkpt>
   <trkpt lat="43.6343240" lon="-79.4083260">
    <ele>80.6</ele>
    <time>2023-09-17T15:42:05Z</time>
   </trkpt>
   <trkpt lat="43.6343140" lon="-79.4083370">
    <ele>80.6</ele>
    <time>2023-09-17T15:42:06Z</time>
   </trkpt>
   <trkpt lat="43.6343130" lon="-79.4083340">
    <ele>80.6</ele>
    <time>2023-09-17T15:42:07Z</time>
   </trkpt>
   <trkpt lat="43.6343130" lon="-79.4083380">
    <ele>80.6</ele>
    <time>2023-09-17T15:42:08Z</time>
   </trkpt>
   <trkpt lat="43.6343100" lon="-79.4083380">
    <ele>80.6</ele>
    <time>2023-09-17T15:42:09Z</time>
   </trkpt>
   <trkpt lat="43.6343130" lon="-79.4083270">
    <ele>80.6</ele>
    <time>2023-09-17T15:42:10Z</time>
   </trkpt>
   <trkpt lat="43.6343160" lon="-79.4083260">
    <ele>80.6</ele>
    <time>2023-09-17T15:42:11Z</time>
   </trkpt>
   <trkpt lat="43.6343120" lon="-79.4083220">
    <ele>80.6</ele>
    <time>2023-09-17T15:42:12Z</time>
   </trkpt>
   <trkpt lat="43.6343100" lon="-79.4083290">
    <ele>80.6</ele>
    <time>2023-09-17T15:42:13Z</time>
   </trkpt>
   <trkpt lat="43.6343170" lon="-79.4082960">
    <ele>80.6</ele>
    <time>2023-09-17T15:42:14Z</time>
   </trkpt>
   <trkpt lat="43.6343130" lon="-79.4083210">
    <ele>80.6</ele>
    <time>2023-09-17T15:42:15Z</time>
   </trkpt>
   <trkpt lat="43.6343080" lon="-79.4083320">
    <ele>80.6</ele>
    <time>2023-09-17T15:42:16Z</time>
   </trkpt>
   <trkpt lat="43.6343030" lon="-79.4083340">
    <ele>80.6</ele>
    <time>2023-09-17T15:42:17Z</time>
   </trkpt>
   <trkpt lat="43.6342990" lon="-79.4083350">
    <ele>80.6</ele>
    <time>2023-09-17T15:42:18Z</time>
   </trkpt>
   <trkpt lat="43.6342990" lon="-79.4083350">
    <ele>80.6</ele>
    <time>2023-09-17T15:42:19Z</time>
   </trkpt>
   <trkpt lat="43.6342990" lon="-79.4083350">
    <ele>80.6</ele>
    <time>2023-09-17T15:42:20Z</time>
   </trkpt>
   <trkpt lat="43.6342990" lon="-79.4083350">
    <ele>80.6</ele>
    <time>2023-09-17T15:42:21Z</time>
   </trkpt>
   <trkpt lat="43.6342990" lon="-79.4083350">
    <ele>80.6</ele>
    <time>2023-09-17T15:42:22Z</time>
   </trkpt>
   <trkpt lat="43.6342990" lon="-79.4083350">
    <ele>80.6</ele>
    <time>2023-09-17T15:42:23Z</time>
   </trkpt>
   <trkpt lat="43.6342990" lon="-79.4083350">
    <ele>80.6</ele>
    <time>2023-09-17T15:42:24Z</time>
   </trkpt>
   <trkpt lat="43.6342990" lon="-79.4083350">
    <ele>80.6</ele>
    <time>2023-09-17T15:42:25Z</time>
   </trkpt>
   <trkpt lat="43.6342990" lon="-79.4083350">
    <ele>80.6</ele>
    <time>2023-09-17T15:42:26Z</time>
   </trkpt>
   <trkpt lat="43.6342990" lon="-79.4083350">
    <ele>80.6</ele>
    <time>2023-09-17T15:42:27Z</time>
   </trkpt>
   <trkpt lat="43.6342990" lon="-79.4083350">
    <ele>80.6</ele>
    <time>2023-09-17T15:42:28Z</time>
   </trkpt>
   <trkpt lat="43.6342990" lon="-79.4083350">
    <ele>80.6</ele>
    <time>2023-09-17T15:42:29Z</time>
   </trkpt>
   <trkpt lat="43.6342990" lon="-79.4083350">
    <ele>80.6</ele>
    <time>2023-09-17T15:42:30Z</time>
   </trkpt>
   <trkpt lat="43.6342990" lon="-79.4083350">
    <ele>80.6</ele>
    <time>2023-09-17T15:42:31Z</time>
   </trkpt>
   <trkpt lat="43.6342990" lon="-79.4083350">
    <ele>80.6</ele>
    <time>2023-09-17T15:42:32Z</time>
   </trkpt>
   <trkpt lat="43.6342990" lon="-79.4083350">
    <ele>80.6</ele>
    <time>2023-09-17T15:42:33Z</time>
   </trkpt>
   <trkpt lat="43.6342910" lon="-79.4083470">
    <ele>80.6</ele>
    <time>2023-09-17T15:42:34Z</time>
   </trkpt>
   <trkpt lat="43.6342900" lon="-79.4083430">
    <ele>80.6</ele>
    <time>2023-09-17T15:42:35Z</time>
   </trkpt>
   <trkpt lat="43.6342950" lon="-79.4083430">
    <ele>80.6</ele>
    <time>2023-09-17T15:42:36Z</time>
   </trkpt>
   <trkpt lat="43.6342960" lon="-79.4083520">
    <ele>80.6</ele>
    <time>2023-09-17T15:42:37Z</time>
   </trkpt>
   <trkpt lat="43.6342960" lon="-79.4083530">
    <ele>80.6</ele>
    <time>2023-09-17T15:42:38Z</time>
   </trkpt>
   <trkpt lat="43.6342960" lon="-79.4083500">
    <ele>80.6</ele>
    <time>2023-09-17T15:42:39Z</time>
   </trkpt>
   <trkpt lat="43.6342980" lon="-79.4083440">
    <ele>80.6</ele>
    <time>2023-09-17T15:42:40Z</time>
   </trkpt>
   <trkpt lat="43.6342990" lon="-79.4083450">
    <ele>80.6</ele>
    <time>2023-09-17T15:42:41Z</time>
   </trkpt>
   <trkpt lat="43.6342970" lon="-79.4083490">
    <ele>80.6</ele>
    <time>2023-09-17T15:42:42Z</time>
   </trkpt>
   <trkpt lat="43.6342950" lon="-79.4083600">
    <ele>80.6</ele>
    <time>2023-09-17T15:42:43Z</time>
   </trkpt>
   <trkpt lat="43.6343010" lon="-79.4083720">
    <ele>80.6</ele>
    <time>2023-09-17T15:42:44Z</time>
   </trkpt>
   <trkpt lat="43.6343070" lon="-79.4083830">
    <ele>80.6</ele>
    <time>2023-09-17T15:42:45Z</time>
   </trkpt>
   <trkpt lat="43.6343100" lon="-79.4083780">
    <ele>80.6</ele>
    <time>2023-09-17T15:42:46Z</time>
   </trkpt>
   <trkpt lat="43.6343190" lon="-79.4084050">
    <ele>80.6</ele>
    <time>2023-09-17T15:42:47Z</time>
   </trkpt>
   <trkpt lat="43.6343210" lon="-79.4084230">
    <ele>80.6</ele>
    <time>2023-09-17T15:42:48Z</time>
   </trkpt>
   <trkpt lat="43.6343170" lon="-79.4084740">
    <ele>80.5</ele>
    <time>2023-09-17T15:42:49Z</time>
   </trkpt>
   <trkpt lat="43.6342850" lon="-79.4085260">
    <ele>80.4</ele>
    <time>2023-09-17T15:42:50Z</time>
   </trkpt>
   <trkpt lat="43.6342530" lon="-79.4085300">
    <ele>80.3</ele>
    <time>2023-09-17T15:42:51Z</time>
   </trkpt>
   <trkpt lat="43.6342410" lon="-79.4085790">
    <ele>80.2</ele>
    <time>2023-09-17T15:42:52Z</time>
   </trkpt>
   <trkpt lat="43.6342090" lon="-79.4085960">
    <ele>80.2</ele>
    <time>2023-09-17T15:42:53Z</time>
   </trkpt>
   <trkpt lat="43.6342010" lon="-79.4086200">
    <ele>80.1</ele>
    <time>2023-09-17T15:42:54Z</time>
   </trkpt>
   <trkpt lat="43.6341780" lon="-79.4086690">
    <ele>80.0</ele>
    <time>2023-09-17T15:42:55Z</time>
   </trkpt>
   <trkpt lat="43.6341650" lon="-79.4086870">
    <ele>80.0</ele>
    <time>2023-09-17T15:42:56Z</time>
   </trkpt>
   <trkpt lat="43.6341360" lon="-79.4087120">
    <ele>79.9</ele>
    <time>2023-09-17T15:42:57Z</time>
   </trkpt>
   <trkpt lat="43.6340960" lon="-79.4087300">
    <ele>79.8</ele>
    <time>2023-09-17T15:42:58Z</time>
   </trkpt>
   <trkpt lat="43.6340820" lon="-79.4087370">
    <ele>79.8</ele>
    <time>2023-09-17T15:42:59Z</time>
   </trkpt>
   <trkpt lat="43.6340470" lon="-79.4087480">
    <ele>79.8</ele>
    <time>2023-09-17T15:43:00Z</time>
   </trkpt>
   <trkpt lat="43.6340350" lon="-79.4087510">
    <ele>79.7</ele>
    <time>2023-09-17T15:43:01Z</time>
   </trkpt>
   <trkpt lat="43.6340010" lon="-79.4087780">
    <ele>79.7</ele>
    <time>2023-09-17T15:43:02Z</time>
   </trkpt>
   <trkpt lat="43.6339900" lon="-79.4087900">
    <ele>79.7</ele>
    <time>2023-09-17T15:43:03Z</time>
   </trkpt>
   <trkpt lat="43.6339620" lon="-79.4088090">
    <ele>79.7</ele>
    <time>2023-09-17T15:43:04Z</time>
   </trkpt>
   <trkpt lat="43.6339530" lon="-79.4088110">
    <ele>79.6</ele>
    <time>2023-09-17T15:43:05Z</time>
   </trkpt>
   <trkpt lat="43.6339240" lon="-79.4088340">
    <ele>79.6</ele>
    <time>2023-09-17T15:43:06Z</time>
   </trkpt>
   <trkpt lat="43.6338980" lon="-79.4088520">
    <ele>79.6</ele>
    <time>2023-09-17T15:43:07Z</time>
   </trkpt>
   <trkpt lat="43.6338760" lon="-79.4088770">
    <ele>79.6</ele>
    <time>2023-09-17T15:43:08Z</time>
   </trkpt>
   <trkpt lat="43.6338490" lon="-79.4088970">
    <ele>79.5</ele>
    <time>2023-09-17T15:43:09Z</time>
   </trkpt>
   <trkpt lat="43.6338160" lon="-79.4089160">
    <ele>79.5</ele>
    <time>2023-09-17T15:43:10Z</time>
   </trkpt>
   <trkpt lat="43.6338060" lon="-79.4089230">
    <ele>79.5</ele>
    <time>2023-09-17T15:43:11Z</time>
   </trkpt>
   <trkpt lat="43.6337720" lon="-79.4089380">
    <ele>79.4</ele>
    <time>2023-09-17T15:43:12Z</time>
   </trkpt>
   <trkpt lat="43.6337630" lon="-79.4089430">
    <ele>79.4</ele>
    <time>2023-09-17T15:43:13Z</time>
   </trkpt>
   <trkpt lat="43.6337290" lon="-79.4089660">
    <ele>79.3</ele>
    <time>2023-09-17T15:43:14Z</time>
   </trkpt>
   <trkpt lat="43.6337170" lon="-79.4089720">
    <ele>79.3</ele>
    <time>2023-09-17T15:43:15Z</time>
   </trkpt>
   <trkpt lat="43.6336930" lon="-79.4090020">
    <ele>79.3</ele>
    <time>2023-09-17T15:43:16Z</time>
   </trkpt>
   <trkpt lat="43.6336580" lon="-79.4090140">
    <ele>79.2</ele>
    <time>2023-09-17T15:43:17Z</time>
   </trkpt>
   <trkpt lat="43.6336450" lon="-79.4090230">
    <ele>79.2</ele>
    <time>2023-09-17T15:43:18Z</time>
   </trkpt>
   <trkpt lat="43.6336210" lon="-79.4090460">
    <ele>79.1</ele>
    <time>2023-09-17T15:43:19Z</time>
   </trkpt>
   <trkpt lat="43.6336000" lon="-79.4090840">
    <ele>79.1</ele>
    <time>2023-09-17T15:43:20Z</time>
   </trkpt>
   <trkpt lat="43.6335730" lon="-79.4090940">
    <ele>79.0</ele>
    <time>2023-09-17T15:43:21Z</time>
   </trkpt>
   <trkpt lat="43.6335460" lon="-79.4091100">
    <ele>79.0</ele>
    <time>2023-09-17T15:43:22Z</time>
   </trkpt>
   <trkpt lat="43.6335120" lon="-79.4091420">
    <ele>78.9</ele>
    <time>2023-09-17T15:43:23Z</time>
   </trkpt>
   <trkpt lat="43.6334970" lon="-79.4091520">
    <ele>78.9</ele>
    <time>2023-09-17T15:43:24Z</time>
   </trkpt>
   <trkpt lat="43.6334650" lon="-79.4091750">
    <ele>78.8</ele>
    <time>2023-09-17T15:43:25Z</time>
   </trkpt>
   <trkpt lat="43.6334520" lon="-79.4091800">
    <ele>78.8</ele>
    <time>2023-09-17T15:43:26Z</time>
   </trkpt>
   <trkpt lat="43.6334250" lon="-79.4091930">
    <ele>78.8</ele>
    <time>2023-09-17T15:43:27Z</time>
   </trkpt>
   <trkpt lat="43.6333990" lon="-79.4092220">
    <ele>78.8</ele>
    <time>2023-09-17T15:43:28Z</time>
   </trkpt>
   <trkpt lat="43.6333620" lon="-79.4092440">
    <ele>78.7</ele>
    <time>2023-09-17T15:43:29Z</time>
   </trkpt>
   <trkpt lat="43.6333470" lon="-79.4092520">
    <ele>78.7</ele>
    <time>2023-09-17T15:43:30Z</time>
   </trkpt>
   <trkpt lat="43.6333190" lon="-79.4092620">
    <ele>78.7</ele>
    <time>2023-09-17T15:43:31Z</time>
   </trkpt>
   <trkpt lat="43.6332860" lon="-79.4092850">
    <ele>78.7</ele>
    <time>2023-09-17T15:43:32Z</time>
   </trkpt>
   <trkpt lat="43.6332710" lon="-79.4092960">
    <ele>78.7</ele>
    <time>2023-09-17T15:43:33Z</time>
   </trkpt>
   <trkpt lat="43.6332440" lon="-79.4093170">
    <ele>78.7</ele>
    <time>2023-09-17T15:43:34Z</time>
   </trkpt>
   <trkpt lat="43.6332320" lon="-79.4093220">
    <ele>78.7</ele>
    <time>2023-09-17T15:43:35Z</time>
   </trkpt>
   <trkpt lat="43.6332020" lon="-79.4093430">
    <ele>78.7</ele>
    <time>2023-09-17T15:43:36Z</time>
   </trkpt>
   <trkpt lat="43.6331890" lon="-79.4093500">
    <ele>78.7</ele>
    <time>2023-09-17T15:43:37Z</time>
   </trkpt>
   <trkpt lat="43.6331640" lon="-79.4093650">
    <ele>78.6</ele>
    <time>2023-09-17T15:43:38Z</time>
   </trkpt>
   <trkpt lat="43.6331300" lon="-79.4093900">
    <ele>78.6</ele>
    <time>2023-09-17T15:43:39Z</time>
   </trkpt>
   <trkpt lat="43.6331200" lon="-79.4093990">
    <ele>78.6</ele>
    <time>2023-09-17T15:43:40Z</time>
   </trkpt>
   <trkpt lat="43.6330890" lon="-79.4094110">
    <ele>78.6</ele>
    <time>2023-09-17T15:43:41Z</time>
   </trkpt>
   <trkpt lat="43.6330800" lon="-79.4094140">
    <ele>78.6</ele>
    <time>2023-09-17T15:43:42Z</time>
   </trkpt>
   <trkpt lat="43.6330560" lon="-79.4094390">
    <ele>78.5</ele>
    <time>2023-09-17T15:43:43Z</time>
   </trkpt>
   <trkpt lat="43.6330460" lon="-79.4094540">
    <ele>78.5</ele>
    <time>2023-09-17T15:43:44Z</time>
   </trkpt>
   <trkpt lat="43.6330190" lon="-79.4094700">
    <ele>78.5</ele>
    <time>2023-09-17T15:43:45Z</time>
   </trkpt>
   <trkpt lat="43.6329950" lon="-79.4094890">
    <ele>78.5</ele>
    <time>2023-09-17T15:43:46Z</time>
   </trkpt>
   <trkpt lat="43.6329690" lon="-79.4095120">
    <ele>78.5</ele>
    <time>2023-09-17T15:43:47Z</time>
   </trkpt>
   <trkpt lat="43.6329430" lon="-79.4095330">
    <ele>78.5</ele>
    <time>2023-09-17T15:43:48Z</time>
   </trkpt>
   <trkpt lat="43.6329200" lon="-79.4095550">
    <ele>78.4</ele>
    <time>2023-09-17T15:43:49Z</time>
   </trkpt>
   <trkpt lat="43.6328780" lon="-79.4095640">
    <ele>78.4</ele>
    <time>2023-09-17T15:43:50Z</time>
   </trkpt>
   <trkpt lat="43.6328620" lon="-79.4095640">
    <ele>78.4</ele>
    <time>2023-09-17T15:43:51Z</time>
   </trkpt>
   <trkpt lat="43.6328380" lon="-79.4095890">
    <ele>78.4</ele>
    <time>2023-09-17T15:43:52Z</time>
   </trkpt>
   <trkpt lat="43.6328100" lon="-79.4096150">
    <ele>78.4</ele>
    <time>2023-09-17T15:43:53Z</time>
   </trkpt>
   <trkpt lat="43.6327980" lon="-79.4096230">
    <ele>78.4</ele>
    <time>2023-09-17T15:43:54Z</time>
   </trkpt>
   <trkpt lat="43.6327650" lon="-79.4096310">
    <ele>78.4</ele>
    <time>2023-09-17T15:43:55Z</time>
   </trkpt>
   <trkpt lat="43.6327520" lon="-79.4096400">
    <ele>78.4</ele>
    <time>2023-09-17T15:43:56Z</time>
   </trkpt>
   <trkpt lat="43.6327210" lon="-79.4096710">
    <ele>78.4</ele>
    <time>2023-09-17T15:43:57Z</time>
   </trkpt>
   <trkpt lat="43.6326920" lon="-79.4096910">
    <ele>78.4</ele>
    <time>2023-09-17T15:43:58Z</time>
   </trkpt>
   <trkpt lat="43.6326710" lon="-79.4097220">
    <ele>78.4</ele>
    <time>2023-09-17T15:43:59Z</time>
   </trkpt>
   <trkpt lat="43.6326340" lon="-79.4097470">
    <ele>78.5</ele>
    <time>2023-09-17T15:44:00Z</time>
   </trkpt>
   <trkpt lat="43.6326190" lon="-79.4097520">
    <ele>78.5</ele>
    <time>2023-09-17T15:44:01Z</time>
   </trkpt>
   <trkpt lat="43.6325900" lon="-79.4097810">
    <ele>78.5</ele>
    <time>2023-09-17T15:44:02Z</time>
   </trkpt>
   <trkpt lat="43.6325780" lon="-79.4097900">
    <ele>78.5</ele>
    <time>2023-09-17T15:44:03Z</time>
   </trkpt>
   <trkpt lat="43.6325530" lon="-79.4098160">
    <ele>78.5</ele>
    <time>2023-09-17T15:44:04Z</time>
   </trkpt>
   <trkpt lat="43.6325220" lon="-79.4098450">
    <ele>78.5</ele>
    <time>2023-09-17T15:44:05Z</time>
   </trkpt>
   <trkpt lat="43.6325080" lon="-79.4098540">
    <ele>78.5</ele>
    <time>2023-09-17T15:44:06Z</time>
   </trkpt>
   <trkpt lat="43.6324760" lon="-79.4098810">
    <ele>78.5</ele>
    <time>2023-09-17T15:44:07Z</time>
   </trkpt>
   <trkpt lat="43.6324640" lon="-79.4098880">
    <ele>78.5</ele>
    <time>2023-09-17T15:44:08Z</time>
   </trkpt>
   <trkpt lat="43.6324260" lon="-79.4099000">
    <ele>78.5</ele>
    <time>2023-09-17T15:44:09Z</time>
   </trkpt>
   <trkpt lat="43.6324130" lon="-79.4099020">
    <ele>78.5</ele>
    <time>2023-09-17T15:44:10Z</time>
   </trkpt>
   <trkpt lat="43.6323720" lon="-79.4098880">
    <ele>78.5</ele>
    <time>2023-09-17T15:44:11Z</time>
   </trkpt>
   <trkpt lat="43.6323580" lon="-79.4098790">
    <ele>78.5</ele>
    <time>2023-09-17T15:44:12Z</time>
   </trkpt>
   <trkpt lat="43.6323330" lon="-79.4098450">
    <ele>78.5</ele>
    <time>2023-09-17T15:44:13Z</time>
   </trkpt>
   <trkpt lat="43.6323080" lon="-79.4098030">
    <ele>78.5</ele>
    <time>2023-09-17T15:44:14Z</time>
   </trkpt>
   <trkpt lat="43.6322990" lon="-79.4097830">
    <ele>78.5</ele>
    <time>2023-09-17T15:44:15Z</time>
   </trkpt>
   <trkpt lat="43.6322880" lon="-79.4097440">
    <ele>78.5</ele>
    <time>2023-09-17T15:44:16Z</time>
   </trkpt>
   <trkpt lat="43.6322660" lon="-79.4097020">
    <ele>78.5</ele>
    <time>2023-09-17T15:44:17Z</time>
   </trkpt>
   <trkpt lat="43.6322560" lon="-79.4096900">
    <ele>78.5</ele>
    <time>2023-09-17T15:44:18Z</time>
   </trkpt>
   <trkpt lat="43.6322310" lon="-79.4096500">
    <ele>78.5</ele>
    <time>2023-09-17T15:44:19Z</time>
   </trkpt>
   <trkpt lat="43.6322210" lon="-79.4096350">
    <ele>78.6</ele>
    <time>2023-09-17T15:44:20Z</time>
   </trkpt>
   <trkpt lat="43.6321980" lon="-79.4096110">
    <ele>78.6</ele>
    <time>2023-09-17T15:44:21Z</time>
   </trkpt>
   <trkpt lat="43.6321780" lon="-79.4095680">
    <ele>78.6</ele>
    <time>2023-09-17T15:44:22Z</time>
   </trkpt>
   <trkpt lat="43.6321720" lon="-79.4095540">
    <ele>78.6</ele>
    <time>2023-09-17T15:44:23Z</time>
   </trkpt>
   <trkpt lat="43.6321450" lon="-79.4095160">
    <ele>78.6</ele>
    <time>2023-09-17T15:44:24Z</time>
   </trkpt>
   <trkpt lat="43.6321360" lon="-79.4095030">
    <ele>78.6</ele>
    <time>2023-09-17T15:44:25Z</time>
   </trkpt>
   <trkpt lat="43.6321080" lon="-79.4094700">
    <ele>78.7</ele>
    <time>2023-09-17T15:44:26Z</time>
   </trkpt>
   <trkpt lat="43.6320980" lon="-79.4094600">
    <ele>78.7</ele>
    <time>2023-09-17T15:44:27Z</time>
   </trkpt>
   <trkpt lat="43.6320690" lon="-79.4094220">
    <ele>78.7</ele>
    <time>2023-09-17T15:44:28Z</time>
   </trkpt>
   <trkpt lat="43.6320590" lon="-79.4094060">
    <ele>78.7</ele>
    <time>2023-09-17T15:44:29Z</time>
   </trkpt>
   <trkpt lat="43.6320430" lon="-79.4093610">
    <ele>78.7</ele>
    <time>2023-09-17T15:44:30Z</time>
   </trkpt>
   <trkpt lat="43.6320390" lon="-79.4093460">
    <ele>78.7</ele>
    <time>2023-09-17T15:44:31Z</time>
   </trkpt>
   <trkpt lat="43.6320300" lon="-79.4092960">
    <ele>78.6</ele>
    <time>2023-09-17T15:44:32Z</time>
   </trkpt>
   <trkpt lat="43.6320280" lon="-79.4092780">
    <ele>78.6</ele>
    <time>2023-09-17T15:44:33Z</time>
   </trkpt>
   <trkpt lat="43.6320270" lon="-79.4092300">
    <ele>78.6</ele>
    <time>2023-09-17T15:44:34Z</time>
   </trkpt>
   <trkpt lat="43.6320250" lon="-79.4092150">
    <ele>78.6</ele>
    <time>2023-09-17T15:44:35Z</time>
   </trkpt>
   <trkpt lat="43.6320300" lon="-79.4091680">
    <ele>78.6</ele>
    <time>2023-09-17T15:44:36Z</time>
   </trkpt>
   <trkpt lat="43.6320340" lon="-79.4091520">
    <ele>78.6</ele>
    <time>2023-09-17T15:44:37Z</time>
   </trkpt>
   <trkpt lat="43.6320480" lon="-79.4091140">
    <ele>78.5</ele>
    <time>2023-09-17T15:44:38Z</time>
   </trkpt>
   <trkpt lat="43.6320530" lon="-79.4091010">
    <ele>78.5</ele>
    <time>2023-09-17T15:44:39Z</time>
   </trkpt>
   <trkpt lat="43.6320680" lon="-79.4090670">
    <ele>78.5</ele>
    <time>2023-09-17T15:44:40Z</time>
   </trkpt>
   <trkpt lat="43.6320720" lon="-79.4090540">
    <ele>78.5</ele>
    <time>2023-09-17T15:44:41Z</time>
   </trkpt>
   <trkpt lat="43.6320870" lon="-79.4090070">
    <ele>78.4</ele>
    <time>2023-09-17T15:44:42Z</time>
   </trkpt>
   <trkpt lat="43.6320930" lon="-79.4089890">
    <ele>78.4</ele>
    <time>2023-09-17T15:44:43Z</time>
   </trkpt>
   <trkpt lat="43.6321150" lon="-79.4089550">
    <ele>78.4</ele>
    <time>2023-09-17T15:44:44Z</time>
   </trkpt>
   <trkpt lat="43.6321230" lon="-79.4089490">
    <ele>78.3</ele>
    <time>2023-09-17T15:44:45Z</time>
   </trkpt>
   <trkpt lat="43.6321460" lon="-79.4089140">
    <ele>78.3</ele>
    <time>2023-09-17T15:44:46Z</time>
   </trkpt>
   <trkpt lat="43.6321550" lon="-79.4089080">
    <ele>78.3</ele>
    <time>2023-09-17T15:44:47Z</time>
   </trkpt>
   <trkpt lat="43.6321830" lon="-79.4088940">
    <ele>78.2</ele>
    <time>2023-09-17T15:44:48Z</time>
   </trkpt>
   <trkpt lat="43.6321920" lon="-79.4088870">
    <ele>78.2</ele>
    <time>2023-09-17T15:44:49Z</time>
   </trkpt>
   <trkpt lat="43.6322280" lon="-79.4088610">
    <ele>78.2</ele>
    <time>2023-09-17T15:44:50Z</time>
   </trkpt>
   <trkpt lat="43.6322400" lon="-79.4088520">
    <ele>78.2</ele>
    <time>2023-09-17T15:44:51Z</time>
   </trkpt>
   <trkpt lat="43.6322720" lon="-79.4088500">
    <ele>78.2</ele>
    <time>2023-09-17T15:44:52Z</time>
   </trkpt>
   <trkpt lat="43.6322840" lon="-79.4088450">
    <ele>78.2</ele>
    <time>2023-09-17T15:44:53Z</time>
   </trkpt>
   <trkpt lat="43.6323220" lon="-79.4088310">
    <ele>78.2</ele>
    <time>2023-09-17T15:44:54Z</time>
   </trkpt>
   <trkpt lat="43.6323360" lon="-79.4088240">
    <ele>78.2</ele>
    <time>2023-09-17T15:44:55Z</time>
   </trkpt>
   <trkpt lat="43.6323630" lon="-79.4088050">
    <ele>78.2</ele>
    <time>2023-09-17T15:44:56Z</time>
   </trkpt>
   <trkpt lat="43.6323900" lon="-79.4087970">
    <ele>78.2</ele>
    <time>2023-09-17T15:44:57Z</time>
   </trkpt>
   <trkpt lat="43.6324280" lon="-79.4087980">
    <ele>78.2</ele>
    <time>2023-09-17T15:44:58Z</time>
   </trkpt>
   <trkpt lat="43.6324430" lon="-79.4087950">
    <ele>78.2</ele>
    <time>2023-09-17T15:44:59Z</time>
   </trkpt>
   <trkpt lat="43.6324750" lon="-79.4087900">
    <ele>78.2</ele>
    <time>2023-09-17T15:45:00Z</time>
   </trkpt>
   <trkpt lat="43.6324880" lon="-79.4087860">
    <ele>78.2</ele>
    <time>2023-09-17T15:45:01Z</time>
   </trkpt>
   <trkpt lat="43.6325240" lon="-79.4087750">
    <ele>78.2</ele>
    <time>2023-09-17T15:45:02Z</time>
   </trkpt>
   <trkpt lat="43.6325380" lon="-79.4087740">
    <ele>78.2</ele>
    <time>2023-09-17T15:45:03Z</time>
   </trkpt>
   <trkpt lat="43.6325690" lon="-79.4087740">
    <ele>78.2</ele>
    <time>2023-09-17T15:45:04Z</time>
   </trkpt>
   <trkpt lat="43.6325970" lon="-79.4087690">
    <ele>78.1</ele>
    <time>2023-09-17T15:45:05Z</time>
   </trkpt>
   <trkpt lat="43.6326360" lon="-79.4087680">
    <ele>78.1</ele>
    <time>2023-09-17T15:45:06Z</time>
   </trkpt>
   <trkpt lat="43.6326500" lon="-79.4087670">
    <ele>78.1</ele>
    <time>2023-09-17T15:45:07Z</time>
   </trkpt>
   <trkpt lat="43.6326820" lon="-79.4087650">
    <ele>78.1</ele>
    <time>2023-09-17T15:45:08Z</time>
   </trkpt>
   <trkpt lat="43.6327110" lon="-79.4087700">
    <ele>78.1</ele>
    <time>2023-09-17T15:45:09Z</time>
   </trkpt>
   <trkpt lat="43.6327470" lon="-79.4087620">
    <ele>78.1</ele>
    <time>2023-09-17T15:45:10Z</time>
   </trkpt>
   <trkpt lat="43.6327590" lon="-79.4087560">
    <ele>78.1</ele>
    <time>2023-09-17T15:45:11Z</time>
   </trkpt>
   <trkpt lat="43.6327890" lon="-79.4087580">
    <ele>78.0</ele>
    <time>2023-09-17T15:45:12Z</time>
   </trkpt>
   <trkpt lat="43.6328270" lon="-79.4087570">
    <ele>78.0</ele>
    <time>2023-09-17T15:45:13Z</time>
   </trkpt>
   <trkpt lat="43.6328390" lon="-79.4087590">
    <ele>78.0</ele>
    <time>2023-09-17T15:45:14Z</time>
   </trkpt>
   <trkpt lat="43.6328670" lon="-79.4087570">
    <ele>78.0</ele>
    <time>2023-09-17T15:45:15Z</time>
   </trkpt>
   <trkpt lat="43.6329040" lon="-79.4087550">
    <ele>78.0</ele>
    <time>2023-09-17T15:45:16Z</time>
   </trkpt>
   <trkpt lat="43.6329170" lon="-79.4087530">
    <ele>78.0</ele>
    <time>2023-09-17T15:45:17Z</time>
   </trkpt>
   <trkpt lat="43.6329450" lon="-79.4087410">
    <ele>78.0</ele>
    <time>2023-09-17T15:45:18Z</time>
   </trkpt>
   <trkpt lat="43.6329530" lon="-79.4087380">
    <ele>78.0</ele>
    <time>2023-09-17T15:45:19Z</time>
   </trkpt>
   <trkpt lat="43.6329890" lon="-79.4087320">
    <ele>78.0</ele>
    <time>2023-09-17T15:45:20Z</time>
   </trkpt>
   <trkpt lat="43.6330010" lon="-79.4087280">
    <ele>78.0</ele>
    <time>2023-09-17T15:45:21Z</time>
   </trkpt>
   <trkpt lat="43.6330380" lon="-79.4087320">
    <ele>78.0</ele>
    <time>2023-09-17T15:45:22Z</time>
   </trkpt>
   <trkpt lat="43.6330490" lon="-79.4087360">
    <ele>78.0</ele>
    <time>2023-09-17T15:45:23Z</time>
   </trkpt>
   <trkpt lat="43.6330870" lon="-79.4087330">
    <ele>78.0</ele>
    <time>2023-09-17T15:45:24Z</time>
   </trkpt>
   <trkpt lat="43.6331000" lon="-79.4087320">
    <ele>78.0</ele>
    <time>2023-09-17T15:45:25Z</time>
   </trkpt>
   <trkpt lat="43.6331380" lon="-79.4087320">
    <ele>78.0</ele>
    <time>2023-09-17T15:45:26Z</time>
   </trkpt>
   <trkpt lat="43.6331520" lon="-79.4087340">
    <ele>78.1</ele>
    <time>2023-09-17T15:45:27Z</time>
   </trkpt>
   <trkpt lat="43.6331850" lon="-79.4087420">
    <ele>78.1</ele>
    <time>2023-09-17T15:45:28Z</time>
   </trkpt>
   <trkpt lat="43.6332210" lon="-79.4087450">
    <ele>78.2</ele>
    <time>2023-09-17T15:45:29Z</time>
   </trkpt>
   <trkpt lat="43.6332340" lon="-79.4087460">
    <ele>78.2</ele>
    <time>2023-09-17T15:45:30Z</time>
   </trkpt>
   <trkpt lat="43.6332690" lon="-79.4087500">
    <ele>78.3</ele>
    <time>2023-09-17T15:45:31Z</time>
   </trkpt>
   <trkpt lat="43.6332820" lon="-79.4087510">
    <ele>78.3</ele>
    <time>2023-09-17T15:45:32Z</time>
   </trkpt>
   <trkpt lat="43.6333210" lon="-79.4087560">
    <ele>78.4</ele>
    <time>2023-09-17T15:45:33Z</time>
   </trkpt>
   <trkpt lat="43.6333360" lon="-79.4087600">
    <ele>78.5</ele>
    <time>2023-09-17T15:45:34Z</time>
   </trkpt>
   <trkpt lat="43.6333710" lon="-79.4087570">
    <ele>78.5</ele>
    <time>2023-09-17T15:45:35Z</time>
   </trkpt>
   <trkpt lat="43.6333820" lon="-79.4087590">
    <ele>78.6</ele>
    <time>2023-09-17T15:45:36Z</time>
   </trkpt>
   <trkpt lat="43.6334200" lon="-79.4087530">
    <ele>78.7</ele>
    <time>2023-09-17T15:45:37Z</time>
   </trkpt>
   <trkpt lat="43.6334340" lon="-79.4087480">
    <ele>78.7</ele>
    <time>2023-09-17T15:45:38Z</time>
   </trkpt>
   <trkpt lat="43.6334660" lon="-79.4087330">
    <ele>78.8</ele>
    <time>2023-09-17T15:45:39Z</time>
   </trkpt>
   <trkpt lat="43.6334740" lon="-79.4087310">
    <ele>78.8</ele>
    <time>2023-09-17T15:45:40Z</time>
   </trkpt>
   <trkpt lat="43.6335130" lon="-79.4087260">
    <ele>78.9</ele>
    <time>2023-09-17T15:45:41Z</time>
   </trkpt>
   <trkpt lat="43.6335520" lon="-79.4087210">
    <ele>79.0</ele>
    <time>2023-09-17T15:45:42Z</time>
   </trkpt>
   <trkpt lat="43.6335660" lon="-79.4087190">
    <ele>79.0</ele>
    <time>2023-09-17T15:45:43Z</time>
   </trkpt>
   <trkpt lat="43.6335920" lon="-79.4087040">
    <ele>79.1</ele>
    <time>2023-09-17T15:45:44Z</time>
   </trkpt>
   <trkpt lat="43.6336040" lon="-79.4087040">
    <ele>79.1</ele>
    <time>2023-09-17T15:45:45Z</time>
   </trkpt>
   <trkpt lat="43.6336450" lon="-79.4087040">
    <ele>79.2</ele>
    <time>2023-09-17T15:45:46Z</time>
   </trkpt>
   <trkpt lat="43.6336610" lon="-79.4087050">
    <ele>79.3</ele>
    <time>2023-09-17T15:45:47Z</time>
   </trkpt>
   <trkpt lat="43.6336960" lon="-79.4087210">
    <ele>79.4</ele>
    <time>2023-09-17T15:45:48Z</time>
   </trkpt>
   <trkpt lat="43.6337110" lon="-79.4087270">
    <ele>79.4</ele>
    <time>2023-09-17T15:45:49Z</time>
   </trkpt>
   <trkpt lat="43.6337420" lon="-79.4087230">
    <ele>79.5</ele>
    <time>2023-09-17T15:45:50Z</time>
   </trkpt>
   <trkpt lat="43.6337800" lon="-79.4087120">
    <ele>79.6</ele>
    <time>2023-09-17T15:45:51Z</time>
   </trkpt>
   <trkpt lat="43.6337970" lon="-79.4087090">
    <ele>79.6</ele>
    <time>2023-09-17T15:45:52Z</time>
   </trkpt>
   <trkpt lat="43.6338300" lon="-79.4087100">
    <ele>79.7</ele>
    <time>2023-09-17T15:45:53Z</time>
   </trkpt>
   <trkpt lat="43.6338660" lon="-79.4087110">
    <ele>79.7</ele>
    <time>2023-09-17T15:45:54Z</time>
   </trkpt>
   <trkpt lat="43.6338810" lon="-79.4087110">
    <ele>79.8</ele>
    <time>2023-09-17T15:45:55Z</time>
   </trkpt>
   <trkpt lat="43.6339180" lon="-79.4086950">
    <ele>79.8</ele>
    <time>2023-09-17T15:45:56Z</time>
   </trkpt>
   <trkpt lat="43.6339320" lon="-79.4086870">
    <ele>79.8</ele>
    <time>2023-09-17T15:45:57Z</time>
   </trkpt>
   <trkpt lat="43.6339590" lon="-79.4086840">
    <ele>79.9</ele>
    <time>2023-09-17T15:45:58Z</time>
   </trkpt>
   <trkpt lat="43.6339910" lon="-79.4086780">
    <ele>79.9</ele>
    <time>2023-09-17T15:45:59Z</time>
   </trkpt>
   <trkpt lat="43.6340190" lon="-79.4086660">
    <ele>80.0</ele>
    <time>2023-09-17T15:46:00Z</time>
   </trkpt>
   <trkpt lat="43.6340500" lon="-79.4086460">
    <ele>80.1</ele>
    <time>2023-09-17T15:46:01Z</time>
   </trkpt>
   <trkpt lat="43.6340600" lon="-79.4086340">
    <ele>80.1</ele>
    <time>2023-09-17T15:46:02Z</time>
   </trkpt>
   <trkpt lat="43.6340950" lon="-79.4086140">
    <ele>80.2</ele>
    <time>2023-09-17T15:46:03Z</time>
   </trkpt>
   <trkpt lat="43.6341060" lon="-79.4086050">
    <ele>80.2</ele>
    <time>2023-09-17T15:46:04Z</time>
   </trkpt>
   <trkpt lat="43.6341320" lon="-79.4085840">
    <ele>80.2</ele>
    <time>2023-09-17T15:46:05Z</time>
   </trkpt>
   <trkpt lat="43.6341630" lon="-79.4085640">
    <ele>80.3</ele>
    <time>2023-09-17T15:46:06Z</time>
   </trkpt>
   <trkpt lat="43.6341740" lon="-79.4085550">
    <ele>80.3</ele>
    <time>2023-09-17T15:46:07Z</time>
   </trkpt>
   <trkpt lat="43.6342060" lon="-79.4085290">
    <ele>80.4</ele>
    <time>2023-09-17T15:46:08Z</time>
   </trkpt>
   <trkpt lat="43.6342180" lon="-79.4085210">
    <ele>80.4</ele>
    <time>2023-09-17T15:46:09Z</time>
   </trkpt>
   <trkpt lat="43.6342500" lon="-79.4084900">
    <ele>80.5</ele>
    <time>2023-09-17T15:46:10Z</time>
   </trkpt>
   <trkpt lat="43.6342640" lon="-79.4084810">
    <ele>80.5</ele>
    <time>2023-09-17T15:46:11Z</time>
   </trkpt>
   <trkpt lat="43.6342790" lon="-79.4084470">
    <ele>80.5</ele>
    <time>2023-09-17T15:46:12Z</time>
   </trkpt>
   <trkpt lat="43.6343030" lon="-79.4084070">
    <ele>80.6</ele>
    <time>2023-09-17T15:46:13Z</time>
   </trkpt>
   <trkpt lat="43.6343110" lon="-79.4083930">
    <ele>80.6</ele>
    <time>2023-09-17T15:46:14Z</time>
   </trkpt>
   <trkpt lat="43.6343200" lon="-79.4083580">
    <ele>80.6</ele>
    <time>2023-09-17T15:46:15Z</time>
   </trkpt>
   <trkpt lat="43.6343290" lon="-79.4083190">
    <ele>80.6</ele>
    <time>2023-09-17T15:46:16Z</time>
   </trkpt>
   <trkpt lat="43.6343260" lon="-79.4083000">
    <ele>80.6</ele>
    <time>2023-09-17T15:46:17Z</time>
   </trkpt>
   <trkpt lat="43.6343340" lon="-79.4082630">
    <ele>80.6</ele>
    <time>2023-09-17T15:46:18Z</time>
   </trkpt>
   <trkpt lat="43.6343440" lon="-79.4082380">
    <ele>80.6</ele>
    <time>2023-09-17T15:46:19Z</time>
   </trkpt>
   <trkpt lat="43.6343420" lon="-79.4082150">
    <ele>80.6</ele>
    <time>2023-09-17T15:46:20Z</time>
   </trkpt>
   <trkpt lat="43.6343500" lon="-79.4081790">
    <ele>80.6</ele>
    <time>2023-09-17T15:46:21Z</time>
   </trkpt>
   <trkpt lat="43.6343550" lon="-79.4081640">
    <ele>80.6</ele>
    <time>2023-09-17T15:46:22Z</time>
   </trkpt>
   <trkpt lat="43.6343490" lon="-79.4081190">
    <ele>80.5</ele>
    <time>2023-09-17T15:46:23Z</time>
   </trkpt>
   <trkpt lat="43.6343660" lon="-79.4080870">
    <ele>80.5</ele>
    <time>2023-09-17T15:46:24Z</time>
   </trkpt>
   <trkpt lat="43.6343800" lon="-79.4080640">
    <ele>80.5</ele>
    <time>2023-09-17T15:46:25Z</time>
   </trkpt>
   <trkpt lat="43.6343850" lon="-79.4080320">
    <ele>80.5</ele>
    <time>2023-09-17T15:46:27Z</time>
   </trkpt>
   <trkpt lat="43.6343950" lon="-79.4079880">
    <ele>80.4</ele>
    <time>2023-09-17T15:46:28Z</time>
   </trkpt>
   <trkpt lat="43.6343980" lon="-79.4079690">
    <ele>80.4</ele>
    <time>2023-09-17T15:46:29Z</time>
   </trkpt>
   <trkpt lat="43.6344090" lon="-79.4079200">
    <ele>80.4</ele>
    <time>2023-09-17T15:46:30Z</time>
   </trkpt>
   <trkpt lat="43.6344120" lon="-79.4079060">
    <ele>80.4</ele>
    <time>2023-09-17T15:46:31Z</time>
   </trkpt>
   <trkpt lat="43.6344230" lon="-79.4078570">
    <ele>80.3</ele>
    <time>2023-09-17T15:46:32Z</time>
   </trkpt>
   <trkpt lat="43.6344250" lon="-79.4078370">
    <ele>80.3</ele>
    <time>2023-09-17T15:46:33Z</time>
   </trkpt>
   <trkpt lat="43.6344230" lon="-79.4077900">
    <ele>80.3</ele>
    <time>2023-09-17T15:46:34Z</time>
   </trkpt>
   <trkpt lat="43.6344230" lon="-79.4077740">
    <ele>80.2</ele>
    <time>2023-09-17T15:46:35Z</time>
   </trkpt>
   <trkpt lat="43.6344080" lon="-79.4077350">
    <ele>80.2</ele>
    <time>2023-09-17T15:46:36Z</time>
   </trkpt>
   <trkpt lat="43.6344020" lon="-79.4077220">
    <ele>80.2</ele>
    <time>2023-09-17T15:46:37Z</time>
   </trkpt>
   <trkpt lat="43.6343960" lon="-79.4076970">
    <ele>80.2</ele>
    <time>2023-09-17T15:46:38Z</time>
   </trkpt>
   <trkpt lat="43.6343830" lon="-79.4076470">
    <ele>80.1</ele>
    <time>2023-09-17T15:46:39Z</time>
   </trkpt>
   <trkpt lat="43.6343750" lon="-79.4076310">
    <ele>80.1</ele>
    <time>2023-09-17T15:46:40Z</time>
   </trkpt>
   <trkpt lat="43.6343570" lon="-79.4075940">
    <ele>80.1</ele>
    <time>2023-09-17T15:46:41Z</time>
   </trkpt>
   <trkpt lat="43.6343510" lon="-79.4075470">
    <ele>80.0</ele>
    <time>2023-09-17T15:46:42Z</time>
   </trkpt>
   <trkpt lat="43.6343480" lon="-79.4075300">
    <ele>80.0</ele>
    <time>2023-09-17T15:46:43Z</time>
   </trkpt>
   <trkpt lat="43.6343330" lon="-79.4074640">
    <ele>79.9</ele>
    <time>2023-09-17T15:46:44Z</time>
   </trkpt>
   <trkpt lat="43.6343230" lon="-79.4074340">
    <ele>79.9</ele>
    <time>2023-09-17T15:46:45Z</time>
   </trkpt>
   <trkpt lat="43.6343130" lon="-79.4074020">
    <ele>79.8</ele>
    <time>2023-09-17T15:46:46Z</time>
   </trkpt>
   <trkpt lat="43.6342960" lon="-79.4073580">
    <ele>79.8</ele>
    <time>2023-09-17T15:46:47Z</time>
   </trkpt>
   <trkpt lat="43.6342880" lon="-79.4073440">
    <ele>79.8</ele>
    <time>2023-09-17T15:46:48Z</time>
   </trkpt>
   <trkpt lat="43.6342750" lon="-79.4073060">
    <ele>79.7</ele>
    <time>2023-09-17T15:46:49Z</time>
   </trkpt>
   <trkpt lat="43.6342570" lon="-79.4072620">
    <ele>79.7</ele>
    <time>2023-09-17T15:46:50Z</time>
   </trkpt>
   <trkpt lat="43.6342510" lon="-79.4072490">
    <ele>79.6</ele>
    <time>2023-09-17T15:46:51Z</time>
   </trkpt>
   <trkpt lat="43.6342420" lon="-79.4071980">
    <ele>79.6</ele>
    <time>2023-09-17T15:46:52Z</time>
   </trkpt>
   <trkpt lat="43.6342360" lon="-79.4071800">
    <ele>79.6</ele>
    <time>2023-09-17T15:46:53Z</time>
   </trkpt>
   <trkpt lat="43.6342210" lon="-79.4071330">
    <ele>79.5</ele>
    <time>2023-09-17T15:46:54Z</time>
   </trkpt>
   <trkpt lat="43.6342130" lon="-79.4071160">
    <ele>79.5</ele>
    <time>2023-09-17T15:46:55Z</time>
   </trkpt>
   <trkpt lat="43.6342030" lon="-79.4070710">
    <ele>79.4</ele>
    <time>2023-09-17T15:46:56Z</time>
   </trkpt>
   <trkpt lat="43.6341970" lon="-79.4070540">
    <ele>79.4</ele>
    <time>2023-09-17T15:46:57Z</time>
   </trkpt>
   <trkpt lat="43.6341870" lon="-79.4070150">
    <ele>79.4</ele>
    <time>2023-09-17T15:46:58Z</time>
   </trkpt>
   <trkpt lat="43.6341830" lon="-79.4069990">
    <ele>79.4</ele>
    <time>2023-09-17T15:46:59Z</time>
   </trkpt>
   <trkpt lat="43.6341710" lon="-79.4069630">
    <ele>79.3</ele>
    <time>2023-09-17T15:47:00Z</time>
   </trkpt>
   <trkpt lat="43.6341660" lon="-79.4069530">
    <ele>79.3</ele>
    <time>2023-09-17T15:47:01Z</time>
   </trkpt>
   <trkpt lat="43.6341600" lon="-79.4069100">
    <ele>79.3</ele>
    <time>2023-09-17T15:47:02Z</time>
   </trkpt>
   <trkpt lat="43.6341430" lon="-79.4068680">
    <ele>79.2</ele>
    <time>2023-09-17T15:47:03Z</time>
   </trkpt>
   <trkpt lat="43.6341370" lon="-79.4068580">
    <ele>79.2</ele>
    <time>2023-09-17T15:47:04Z</time>
   </trkpt>
   <trkpt lat="43.6341340" lon="-79.4068200">
    <ele>79.2</ele>
    <time>2023-09-17T15:47:05Z</time>
   </trkpt>
   <trkpt lat="43.6341220" lon="-79.4067760">
    <ele>79.1</ele>
    <time>2023-09-17T15:47:06Z</time>
   </trkpt>
   <trkpt lat="43.6341200" lon="-79.4067640">
    <ele>79.1</ele>
    <time>2023-09-17T15:47:07Z</time>
   </trkpt>
   <trkpt lat="43.6341060" lon="-79.4067160">
    <ele>79.1</ele>
    <time>2023-09-17T15:47:08Z</time>
   </trkpt>
   <trkpt lat="43.6340990" lon="-79.4066990">
    <ele>79.0</ele>
    <time>2023-09-17T15:47:09Z</time>
   </trkpt>
   <trkpt lat="43.6340840" lon="-79.4066520">
    <ele>79.0</ele>
    <time>2023-09-17T15:47:10Z</time>
   </trkpt>
   <trkpt lat="43.6340780" lon="-79.4066280">
    <ele>79.0</ele>
    <time>2023-09-17T15:47:11Z</time>
   </trkpt>
   <trkpt lat="43.6340720" lon="-79.4065810">
    <ele>78.9</ele>
    <time>2023-09-17T15:47:12Z</time>
   </trkpt>
   <trkpt lat="43.6340690" lon="-79.4065670">
    <ele>78.9</ele>
    <time>2023-09-17T15:47:13Z</time>
   </trkpt>
   <trkpt lat="43.6340590" lon="-79.4065320">
    <ele>78.9</ele>
    <time>2023-09-17T15:47:14Z</time>
   </trkpt>
   <trkpt lat="43.6340510" lon="-79.4064870">
    <ele>78.9</ele>
    <time>2023-09-17T15:47:15Z</time>
   </trkpt>
   <trkpt lat="43.6340420" lon="-79.4064700">
    <ele>78.8</ele>
    <time>2023-09-17T15:47:16Z</time>
   </trkpt>
   <trkpt lat="43.6340270" lon="-79.4064380">
    <ele>78.8</ele>
    <time>2023-09-17T15:47:17Z</time>
   </trkpt>
   <trkpt lat="43.6340100" lon="-79.4063960">
    <ele>78.8</ele>
    <time>2023-09-17T15:47:18Z</time>
   </trkpt>
   <trkpt lat="43.6340020" lon="-79.4063820">
    <ele>78.8</ele>
    <time>2023-09-17T15:47:19Z</time>
   </trkpt>
   <trkpt lat="43.6339930" lon="-79.4063440">
    <ele>78.8</ele>
    <time>2023-09-17T15:47:20Z</time>
   </trkpt>
   <trkpt lat="43.6339980" lon="-79.4063000">
    <ele>78.7</ele>
    <time>2023-09-17T15:47:21Z</time>
   </trkpt>
   <trkpt lat="43.6339950" lon="-79.4062790">
    <ele>78.7</ele>
    <time>2023-09-17T15:47:22Z</time>
   </trkpt>
   <trkpt lat="43.6339810" lon="-79.4062340">
    <ele>78.7</ele>
    <time>2023-09-17T15:47:23Z</time>
   </trkpt>
   <trkpt lat="43.6339720" lon="-79.4062210">
    <ele>78.7</ele>
    <time>2023-09-17T15:47:24Z</time>
   </trkpt>
   <trkpt lat="43.6339640" lon="-79.4061700">
    <ele>78.7</ele>
    <time>2023-09-17T15:47:25Z</time>
   </trkpt>
   <trkpt lat="43.6339600" lon="-79.4061540">
    <ele>78.6</ele>
    <time>2023-09-17T15:47:26Z</time>
   </trkpt>
   <trkpt lat="43.6339590" lon="-79.4061150">
    <ele>78.6</ele>
    <time>2023-09-17T15:47:27Z</time>
   </trkpt>
   <trkpt lat="43.6339590" lon="-79.4060740">
    <ele>78.6</ele>
    <time>2023-09-17T15:47:28Z</time>
   </trkpt>
   <trkpt lat="43.6339560" lon="-79.4060590">
    <ele>78.6</ele>
    <time>2023-09-17T15:47:29Z</time>
   </trkpt>
   <trkpt lat="43.6339460" lon="-79.4060190">
    <ele>78.6</ele>
    <time>2023-09-17T15:47:30Z</time>
   </trkpt>
   <trkpt lat="43.6339420" lon="-79.4059870">
    <ele>78.6</ele>
    <time>2023-09-17T15:47:31Z</time>
   </trkpt>
   <trkpt lat="43.6339380" lon="-79.4059660">
    <ele>78.6</ele>
    <time>2023-09-17T15:47:32Z</time>
   </trkpt>
   <trkpt lat="43.6339380" lon="-79.4059210">
    <ele>78.6</ele>
    <time>2023-09-17T15:47:33Z</time>
   </trkpt>
   <trkpt lat="43.6339390" lon="-79.4058980">
    <ele>78.5</ele>
    <time>2023-09-17T15:47:34Z</time>
   </trkpt>
   <trkpt lat="43.6339380" lon="-79.4058820">
    <ele>78.5</ele>
    <time>2023-09-17T15:47:35Z</time>
   </trkpt>
   <trkpt lat="43.6339430" lon="-79.4058540">
    <ele>78.5</ele>
    <time>2023-09-17T15:47:36Z</time>
   </trkpt>
   <trkpt lat="43.6339380" lon="-79.4058090">
    <ele>78.5</ele>
    <time>2023-09-17T15:47:37Z</time>
   </trkpt>
   <trkpt lat="43.6339330" lon="-79.4057580">
    <ele>78.5</ele>
    <time>2023-09-17T15:47:38Z</time>
   </trkpt>
   <trkpt lat="43.6339300" lon="-79.4057310">
    <ele>78.4</ele>
    <time>2023-09-17T15:47:39Z</time>
   </trkpt>
   <trkpt lat="43.6339310" lon="-79.4057180">
    <ele>78.4</ele>
    <time>2023-09-17T15:47:40Z</time>
   </trkpt>
   <trkpt lat="43.6339330" lon="-79.4056910">
    <ele>78.4</ele>
    <time>2023-09-17T15:47:41Z</time>
   </trkpt>
   <trkpt lat="43.6339380" lon="-79.4056610">
    <ele>78.4</ele>
    <time>2023-09-17T15:47:42Z</time>
   </trkpt>
   <trkpt lat="43.6339360" lon="-79.4056420">
    <ele>78.4</ele>
    <time>2023-09-17T15:47:43Z</time>
   </trkpt>
   <trkpt lat="43.6339310" lon="-79.4055930">
    <ele>78.4</ele>
    <time>2023-09-17T15:47:44Z</time>
   </trkpt>
   <trkpt lat="43.6339260" lon="-79.4055510">
    <ele>78.3</ele>
    <time>2023-09-17T15:47:45Z</time>
   </trkpt>
   <trkpt lat="43.6339270" lon="-79.4055340">
    <ele>78.3</ele>
    <time>2023-09-17T15:47:46Z</time>
   </trkpt>
   <trkpt lat="43.6339180" lon="-79.4054890">
    <ele>78.3</ele>
    <time>2023-09-17T15:47:47Z</time>
   </trkpt>
   <trkpt lat="43.6339170" lon="-79.4054420">
    <ele>78.3</ele>
    <time>2023-09-17T15:47:48Z</time>
   </trkpt>
   <trkpt lat="43.6339130" lon="-79.4054220">
    <ele>78.3</ele>
    <time>2023-09-17T15:47:49Z</time>
   </trkpt>
   <trkpt lat="43.6339130" lon="-79.4053770">
    <ele>78.2</ele>
    <time>2023-09-17T15:47:50Z</time>
   </trkpt>
   <trkpt lat="43.6339100" lon="-79.4053220">
    <ele>78.2</ele>
    <time>2023-09-17T15:47:51Z</time>
   </trkpt>
   <trkpt lat="43.6339070" lon="-79.4052670">
    <ele>78.2</ele>
    <time>2023-09-17T15:47:52Z</time>
   </trkpt>
   <trkpt lat="43.6339070" lon="-79.4052450">
    <ele>78.2</ele>
    <time>2023-09-17T15:47:53Z</time>
   </trkpt>
   <trkpt lat="43.6339040" lon="-79.4051940">
    <ele>78.1</ele>
    <time>2023-09-17T15:47:54Z</time>
   </trkpt>
   <trkpt lat="43.6339060" lon="-79.4051760">
    <ele>78.1</ele>
    <time>2023-09-17T15:47:55Z</time>
   </trkpt>
   <trkpt lat="43.6339110" lon="-79.4051290">
    <ele>78.1</ele>
    <time>2023-09-17T15:47:56Z</time>
   </trkpt>
   <trkpt lat="43.6339100" lon="-79.4051140">
    <ele>78.1</ele>
    <time>2023-09-17T15:47:57Z</time>
   </trkpt>
   <trkpt lat="43.6339170" lon="-79.4050710">
    <ele>78.1</ele>
    <time>2023-09-17T15:47:58Z</time>
   </trkpt>
   <trkpt lat="43.6339080" lon="-79.4050280">
    <ele>78.1</ele>
    <time>2023-09-17T15:47:59Z</time>
   </trkpt>
   <trkpt lat="43.6339080" lon="-79.4049890">
    <ele>78.1</ele>
    <time>2023-09-17T15:48:00Z</time>
   </trkpt>
   <trkpt lat="43.6339090" lon="-79.4049380">
    <ele>78.1</ele>
    <time>2023-09-17T15:48:01Z</time>
   </trkpt>
   <trkpt lat="43.6339090" lon="-79.4049210">
    <ele>78.1</ele>
    <time>2023-09-17T15:48:02Z</time>
   </trkpt>
   <trkpt lat="43.6339200" lon="-79.4048750">
    <ele>78.1</ele>
    <time>2023-09-17T15:48:03Z</time>
   </trkpt>
   <trkpt lat="43.6339230" lon="-79.4048560">
    <ele>78.0</ele>
    <time>2023-09-17T15:48:04Z</time>
   </trkpt>
   <trkpt lat="43.6339230" lon="-79.4048080">
    <ele>78.0</ele>
    <time>2023-09-17T15:48:05Z</time>
   </trkpt>
   <trkpt lat="43.6339300" lon="-79.4047610">
    <ele>78.0</ele>
    <time>2023-09-17T15:48:06Z</time>
   </trkpt>
   <trkpt lat="43.6339260" lon="-79.4047430">
    <ele>78.0</ele>
    <time>2023-09-17T15:48:07Z</time>
   </trkpt>
   <trkpt lat="43.6339240" lon="-79.4047090">
    <ele>78.0</ele>
    <time>2023-09-17T15:48:08Z</time>
   </trkpt>
  </trkseg>
 </trk>
</gpx>
